Date,StreamOut_Q,HortSroff2Stream_Q,DunnSroff2Stream_Q,Interflow2Stream_Q,Stream2Unsat_Q,StreamExchng2Sat_Q,Canopy_S,SnowPweqv_S,Imperv_S,Dprst_S,Cap_S,Grav_S,Unsat_S,Sat_S,UnsatStream_S,Lake_S,Stream_S,Precip_Q,NetBoundaryFlow2Sat_Q,NetWellFlow_Q,BoundaryStreamFlow_Q,CanopyEvap_Q,SnowEvap_Q,ImpervEvap_Q,DprstEvap_Q,CapET_Q,SwaleEvap_Q,UnsatET_Q,SatET_Q,LakeEvap_Q,DunnInterflow2Lake_Q,HortSroff2Lake_Q,Lake2Unsat_Q,LakeExchng2Sat_Q,SoilDrainage2Unsat_Q,Sat2Grav_Q,RechargeUnsat2Sat_Q,Infil2Soil_Q,KKITER
10/01/2010,  0.2488647E+07,  0.0000000E+00,  0.7475013E+03,  0.6652369E+05,  0.0000000E+00,  0.6539805E+06,  0.0000000E+00,  0.0000000E+00,  0.0000000E+00,  0.0000000E+00,  0.1182893E+09,  0.3181480E+07,  0.5298184E+08,  0.1832891E+11,  0.0000000E+00,  0.2396532E+09,  0.0000000E+00,  0.0000000E+00,  0.0000000E+00,  0.0000000E+00,  0.1974240E+07,  0.0000000E+00,  0.0000000E+00,  0.0000000E+00,  0.0000000E+00,  0.4173125E+05,  0.6643092E+03,  0.7684907E+02,  0.8343496E+05,  0.4605899E+05,  0.2123061E+02,  0.0000000E+00,  0.0000000E+00,  0.0000000E+00,  0.5216666E+04,  0.1004451E+06,  0.8104712E+05,  0.0000000E+00,  266
10/02/2010,  0.2693432E+07,  0.0000000E+00,  0.8786046E+03,  0.7054577E+05,  0.0000000E+00,  0.7570144E+06,  0.0000000E+00,  0.0000000E+00,  0.0000000E+00,  0.0000000E+00,  0.1182649E+09,  0.3184369E+07,  0.5291285E+08,  0.1832776E+11,  0.0000000E+00,  0.2402944E+09,  0.0000000E+00,  0.0000000E+00,  0.0000000E+00,  0.0000000E+00,  0.2280096E+07,  0.0000000E+00,  0.0000000E+00,  0.0000000E+00,  0.0000000E+00,  0.4194479E+05,  0.6071627E+03,  0.8818621E+02,  0.9114017E+05,  0.5232668E+05,  0.2109707E+02,  0.0000000E+00,  0.0000000E+00,  0.0000000E+00,  0.5528590E+04,  0.9745593E+05,  0.7463937E+05,  0.0000000E+00,   86
10/03/2010,  0.2582253E+07,  0.0000000E+00,  0.7736702E+03,  0.7170343E+05,  0.0000000E+00,  0.8336389E+06,  0.0000000E+00,  0.0000000E+00,  0.0000000E+00,  0.0000000E+00,  0.1182487E+09,  0.3187154E+07,  0.5284926E+08,  0.1832688E+11,  0.0000000E+00,  0.2407467E+09,  0.0000000E+00,  0.0000000E+00,  0.0000000E+00,  0.0000000E+00,  0.2246400E+07,  0.0000000E+00,  0.0000000E+00,  0.0000000E+00,  0.0000000E+00,  0.3428318E+05,  0.5101427E+03,  0.7479256E+02,  0.8013617E+05,  0.4385261E+05,  0.2093470E+02,  0.0000000E+00,  0.0000000E+00,  0.0000000E+00,  0.5609665E+04,  0.9889058E+05,  0.6933915E+05,  0.0000000E+00,   88
10/04/2010,  0.2642386E+07,  0.0000000E+00,  0.7071958E+03,  0.7339746E+05,  0.0000000E+00,  0.8858732E+06,  0.0000000E+00,  0.0000000E+00,  0.0000000E+00,  0.0000000E+00,  0.1182468E+09,  0.3191765E+07,  0.5273634E+08,  0.1832620E+11,  0.0000000E+00,  0.2411175E+09,  0.0000000E+00,  0.0000000E+00,  0.0000000E+00,  0.0000000E+00,  0.2358720E+07,  0.0000000E+00,  0.0000000E+00,  0.0000000E+00,  0.0000000E+00,  0.2340962E+05,  0.3209967E+03,  0.5234081E+02,  0.7289597E+05,  0.3095590E+05,  0.2080341E+02,  0.0000000E+00,  0.0000000E+00,  0.0000000E+00,  0.5517238E+04,  0.1057928E+06,  0.1185853E+06,  0.0000000E+00,  109
10/05/2010,  0.2697350E+07,  0.0000000E+00,  0.6577923E+03,  0.7470270E+05,  0.0000000E+00,  0.9146251E+06,  0.0000000E+00,  0.0000000E+00,  0.0000000E+00,  0.0000000E+00,  0.1182314E+09,  0.3196139E+07,  0.5267259E+08,  0.1832555E+11,  0.0000000E+00,  0.2414313E+09,  0.0000000E+00,  0.0000000E+00,  0.0000000E+00,  0.0000000E+00,  0.2443392E+07,  0.0000000E+00,  0.0000000E+00,  0.0000000E+00,  0.0000000E+00,  0.2932500E+05,  0.4337309E+03,  0.6105917E+02,  0.7928211E+05,  0.3828716E+05,  0.2067222E+02,  0.0000000E+00,  0.0000000E+00,  0.0000000E+00,  0.5927233E+04,  0.9958526E+05,  0.6982269E+05,  0.0000000E+00,   82
10/06/2010,  0.2632416E+07,  0.1180492E+05,  0.7598578E+03,  0.7703508E+05,  0.0000000E+00,  0.5645551E+06,  0.4860770E+06,  0.0000000E+00,  0.0000000E+00,  0.0000000E+00,  0.1214757E+09,  0.3342196E+07,  0.5266599E+08,  0.1832483E+11,  0.0000000E+00,  0.2419066E+09,  0.0000000E+00,  0.4891042E+07,  0.0000000E+00,  0.0000000E+00,  0.2396736E+07,  0.0000000E+00,  0.0000000E+00,  0.0000000E+00,  0.0000000E+00,  0.9935691E+05,  0.3817672E+03,  0.1347649E+04,  0.1115429E+06,  0.3949649E+05,  0.2054111E+02,  0.0000000E+00,  0.0000000E+00,  0.0000000E+00,  0.1464502E+06,  0.1024488E+06,  0.1519127E+06,  0.3611424E+07,  212
10/07/2010,  0.2547883E+07,  0.0000000E+00,  0.7733205E+03,  0.7986733E+05,  0.0000000E+00,  0.5632521E+06,  0.4476540E+05,  0.0000000E+00,  0.0000000E+00,  0.0000000E+00,  0.1213899E+09,  0.3338714E+07,  0.5260371E+08,  0.1832417E+11,  0.0000000E+00,  0.2422685E+09,  0.0000000E+00,  0.0000000E+00,  0.0000000E+00,  0.0000000E+00,  0.2321568E+07,  0.4413116E+06,  0.0000000E+00,  0.0000000E+00,  0.0000000E+00,  0.1038189E+06,  0.3665906E+03,  0.5627380E+03,  0.8312950E+05,  0.3751273E+05,  0.2041010E+02,  0.0000000E+00,  0.0000000E+00,  0.0000000E+00,  0.6739511E+04,  0.1015096E+06,  0.6890768E+05,  0.0000000E+00,  219
10/08/2010,  0.2178160E+07,  0.0000000E+00,  0.6259698E+03,  0.7913756E+05,  0.0000000E+00,  0.5620160E+06,  0.5475382E+03,  0.0000000E+00,  0.0000000E+00,  0.0000000E+00,  0.1212612E+09,  0.3335912E+07,  0.5254113E+08,  0.1832356E+11,  0.0000000E+00,  0.2425736E+09,  0.0000000E+00,  0.0000000E+00,  0.0000000E+00,  0.0000000E+00,  0.1953504E+07,  0.4421786E+05,  0.0000000E+00,  0.0000000E+00,  0.0000000E+00,  0.1446451E+06,  0.5254645E+03,  0.3837136E+03,  0.8362072E+05,  0.3920342E+05,  0.2024777E+02,  0.0000000E+00,  0.0000000E+00,  0.0000000E+00,  0.7542863E+04,  0.9986193E+05,  0.6993950E+05,  0.0000000E+00,  137
10/09/2010,  0.1835173E+07,  0.0000000E+00,  0.4046426E+03,  0.7768022E+05,  0.0000000E+00,  0.5616098E+06,  0.5914931E+00,  0.0000000E+00,  0.0000000E+00,  0.0000000E+00,  0.1211212E+09,  0.3331000E+07,  0.5248021E+08,  0.1832297E+11,  0.0000000E+00,  0.2428424E+09,  0.0000000E+00,  0.0000000E+00,  0.0000000E+00,  0.0000000E+00,  0.1613952E+07,  0.5469467E+03,  0.0000000E+00,  0.0000000E+00,  0.0000000E+00,  0.1568591E+06,  0.5964913E+03,  0.9375740E+02,  0.8744833E+05,  0.4386819E+05,  0.2011670E+02,  0.0000000E+00,  0.0000000E+00,  0.0000000E+00,  0.7574051E+04,  0.9666605E+05,  0.6858698E+05,  0.0000000E+00,   36
10/10/2010,  0.1924763E+07,  0.0000000E+00,  0.2375651E+03,  0.7672529E+05,  0.0000000E+00,  0.5696985E+06,  0.0000000E+00,  0.0000000E+00,  0.0000000E+00,  0.0000000E+00,  0.1209766E+09,  0.3325153E+07,  0.5242244E+08,  0.1832241E+11,  0.0000000E+00,  0.2430870E+09,  0.0000000E+00,  0.0000000E+00,  0.0000000E+00,  0.0000000E+00,  0.1715040E+07,  0.5914931E+00,  0.0000000E+00,  0.0000000E+00,  0.0000000E+00,  0.1616021E+06,  0.6559422E+03,  0.8392478E+02,  0.1079338E+06,  0.4745111E+05,  0.1998580E+02,  0.0000000E+00,  0.0000000E+00,  0.0000000E+00,  0.8063433E+04,  0.9495660E+05,  0.6593887E+05,  0.0000000E+00,   33
10/11/2010,  0.2056784E+07,  0.0000000E+00,  0.9949847E+02,  0.7587017E+05,  0.0000000E+00,  0.5721765E+06,  0.0000000E+00,  0.0000000E+00,  0.0000000E+00,  0.0000000E+00,  0.1208289E+09,  0.3318446E+07,  0.5236553E+08,  0.1832186E+11,  0.0000000E+00,  0.2433112E+09,  0.0000000E+00,  0.0000000E+00,  0.0000000E+00,  0.0000000E+00,  0.1853280E+07,  0.0000000E+00,  0.0000000E+00,  0.0000000E+00,  0.0000000E+00,  0.1647402E+06,  0.7074589E+03,  0.9288437E+02,  0.1033435E+06,  0.5337401E+05,  0.1985508E+02,  0.0000000E+00,  0.0000000E+00,  0.0000000E+00,  0.8676194E+04,  0.9323910E+05,  0.6568690E+05,  0.0000000E+00,   26
10/12/2010,  0.1881634E+07,  0.0000000E+00,  0.0000000E+00,  0.7509505E+05,  0.0000000E+00,  0.5666216E+06,  0.0000000E+00,  0.0000000E+00,  0.0000000E+00,  0.0000000E+00,  0.1206905E+09,  0.3311878E+07,  0.5230938E+08,  0.1832133E+11,  0.0000000E+00,  0.2435318E+09,  0.0000000E+00,  0.0000000E+00,  0.0000000E+00,  0.0000000E+00,  0.1674432E+07,  0.0000000E+00,  0.0000000E+00,  0.0000000E+00,  0.0000000E+00,  0.1564708E+06,  0.7496684E+03,  0.6483738E+02,  0.8946137E+05,  0.4533394E+05,  0.1972456E+02,  0.0000000E+00,  0.0000000E+00,  0.0000000E+00,  0.8888895E+04,  0.9347081E+05,  0.6514893E+05,  0.0000000E+00,   26
10/13/2010,  0.1738793E+07,  0.0000000E+00,  0.0000000E+00,  0.7464256E+05,  0.0000000E+00,  0.5657022E+06,  0.0000000E+00,  0.0000000E+00,  0.0000000E+00,  0.0000000E+00,  0.1205574E+09,  0.3306161E+07,  0.5225397E+08,  0.1832080E+11,  0.0000000E+00,  0.2437407E+09,  0.0000000E+00,  0.0000000E+00,  0.0000000E+00,  0.0000000E+00,  0.1532736E+07,  0.0000000E+00,  0.0000000E+00,  0.0000000E+00,  0.0000000E+00,  0.1499942E+06,  0.7639311E+03,  0.6341460E+02,  0.8958039E+05,  0.4788361E+05,  0.1959426E+02,  0.0000000E+00,  0.0000000E+00,  0.0000000E+00,  0.9264861E+04,  0.9249590E+05,  0.6479334E+05,  0.0000000E+00,   26
10/14/2010,  0.1767735E+07,  0.0000000E+00,  0.0000000E+00,  0.7420637E+05,  0.0000000E+00,  0.5686262E+06,  0.0000000E+00,  0.0000000E+00,  0.0000000E+00,  0.0000000E+00,  0.1204390E+09,  0.3300509E+07,  0.5218014E+08,  0.1832030E+11,  0.0000000E+00,  0.2439416E+09,  0.0000000E+00,  0.0000000E+00,  0.0000000E+00,  0.0000000E+00,  0.1566432E+07,  0.0000000E+00,  0.0000000E+00,  0.0000000E+00,  0.0000000E+00,  0.1370199E+06,  0.7336653E+03,  0.6239895E+02,  0.8913459E+05,  0.4859335E+05,  0.1946421E+02,  0.0000000E+00,  0.0000000E+00,  0.0000000E+00,  0.9615251E+04,  0.9389288E+05,  0.8356476E+05,  0.0000000E+00,   27
10/15/2010,  0.1704467E+07,  0.0000000E+00,  0.0000000E+00,  0.7401871E+05,  0.0000000E+00,  0.5667584E+06,  0.0000000E+00,  0.0000000E+00,  0.0000000E+00,  0.0000000E+00,  0.1203393E+09,  0.3295861E+07,  0.5212456E+08,  0.1831979E+11,  0.0000000E+00,  0.2441394E+09,  0.0000000E+00,  0.0000000E+00,  0.0000000E+00,  0.0000000E+00,  0.1502496E+07,  0.0000000E+00,  0.0000000E+00,  0.0000000E+00,  0.0000000E+00,  0.1165010E+06,  0.6524283E+03,  0.6173549E+02,  0.7685375E+05,  0.4509683E+05,  0.1928708E+02,  0.0000000E+00,  0.0000000E+00,  0.0000000E+00,  0.9869706E+04,  0.9284394E+05,  0.6556520E+05,  0.0000000E+00,   26
10/16/2010,  0.2124159E+07,  0.0000000E+00,  0.0000000E+00,  0.7457290E+05,  0.0000000E+00,  0.5766521E+06,  0.0000000E+00,  0.0000000E+00,  0.0000000E+00,  0.0000000E+00,  0.1202638E+09,  0.3293372E+07,  0.5205809E+08,  0.1831931E+11,  0.0000000E+00,  0.2443379E+09,  0.0000000E+00,  0.0000000E+00,  0.0000000E+00,  0.0000000E+00,  0.1931904E+07,  0.0000000E+00,  0.0000000E+00,  0.0000000E+00,  0.0000000E+00,  0.9268237E+05,  0.5375512E+03,  0.4767516E+02,  0.7582070E+05,  0.3860657E+05,  0.1915749E+02,  0.0000000E+00,  0.0000000E+00,  0.0000000E+00,  0.1003862E+05,  0.9562112E+05,  0.7664012E+05,  0.0000000E+00,   25
10/17/2010,  0.2778652E+07,  0.3629241E+05,  0.0000000E+00,  0.7889634E+05,  0.0000000E+00,  0.6149520E+06,  0.2315842E+07,  0.0000000E+00,  0.0000000E+00,  0.0000000E+00,  0.1305344E+09,  0.3606465E+07,  0.5236810E+08,  0.1831911E+11,  0.0000000E+00,  0.2446195E+09,  0.0000000E+00,  0.1481058E+08,  0.0000000E+00,  0.0000000E+00,  0.2584224E+07,  0.0000000E+00,  0.0000000E+00,  0.0000000E+00,  0.0000000E+00,  0.1350553E+06,  0.1791642E+03,  0.4330259E+04,  0.1481178E+06,  0.1408564E+05,  0.9532870E+02,  0.7619469E+03,  0.0000000E+00,  0.0000000E+00,  0.6839971E+06,  0.1053569E+06,  0.3698394E+06,  0.1137233E+08,   17
10/18/2010,  0.2899035E+07,  0.0000000E+00,  0.0000000E+00,  0.8313426E+05,  0.0000000E+00,  0.5817676E+06,  0.2556067E+06,  0.0000000E+00,  0.0000000E+00,  0.0000000E+00,  0.1303222E+09,  0.3578504E+07,  0.5228034E+08,  0.1831864E+11,  0.0000000E+00,  0.2448116E+09,  0.0000000E+00,  0.0000000E+00,  0.0000000E+00,  0.0000000E+00,  0.2704320E+07,  0.2060235E+07,  0.0000000E+00,  0.0000000E+00,  0.0000000E+00,  0.2299268E+06,  0.3172588E+03,  0.1273129E+05,  0.9573267E+05,  0.3213496E+05,  0.6848765E+02,  0.0000000E+00,  0.0000000E+00,  0.0000000E+00,  0.3641549E+05,  0.1048606E+06,  0.1126104E+06,  0.0000000E+00,   31
10/19/2010,  0.2512922E+07,  0.0000000E+00,  0.0000000E+00,  0.8127058E+05,  0.0000000E+00,  0.5736264E+06,  0.2185890E+05,  0.0000000E+00,  0.0000000E+00,  0.0000000E+00,  0.1300221E+09,  0.3564475E+07,  0.5218657E+08,  0.1831819E+11,  0.0000000E+00,  0.2449965E+09,  0.0000000E+00,  0.0000000E+00,  0.0000000E+00,  0.0000000E+00,  0.2313792E+07,  0.2337478E+06,  0.0000000E+00,  0.0000000E+00,  0.0000000E+00,  0.3184156E+06,  0.4407162E+03,  0.1428125E+05,  0.9688044E+05,  0.3707934E+05,  0.5239447E+02,  0.0000000E+00,  0.0000000E+00,  0.0000000E+00,  0.1981010E+05,  0.1006222E+06,  0.9952571E+05,  0.0000000E+00,   33
10/20/2010,  0.2242689E+07,  0.0000000E+00,  0.0000000E+00,  0.7981167E+05,  0.0000000E+00,  0.4764860E+06,  0.6509081E+04,  0.0000000E+00,  0.0000000E+00,  0.0000000E+00,  0.1297246E+09,  0.3553594E+07,  0.5210946E+08,  0.1831770E+11,  0.0000000E+00,  0.2452250E+09,  0.0000000E+00,  0.0000000E+00,  0.0000000E+00,  0.0000000E+00,  0.2044224E+07,  0.1534982E+05,  0.0000000E+00,  0.0000000E+00,  0.0000000E+00,  0.3152391E+06,  0.4549888E+03,  0.1283900E+05,  0.7878363E+05,  0.3647329E+05,  0.4789029E+02,  0.0000000E+00,  0.0000000E+00,  0.0000000E+00,  0.1571668E+05,  0.9725479E+05,  0.8020325E+05,  0.0000000E+00,   75
10/21/2010,  0.2004018E+07,  0.4385879E+04,  0.0000000E+00,  0.8088307E+05,  0.0000000E+00,  0.4785776E+06,  0.8510549E+06,  0.0000000E+00,  0.0000000E+00,  0.0000000E+00,  0.1308839E+09,  0.3564877E+07,  0.5208843E+08,  0.1831727E+11,  0.0000000E+00,  0.2454400E+09,  0.0000000E+00,  0.2462083E+07,  0.0000000E+00,  0.0000000E+00,  0.1803168E+07,  0.9048699E+03,  0.0000000E+00,  0.0000000E+00,  0.0000000E+00,  0.1837444E+06,  0.3117131E+03,  0.1039616E+05,  0.8549478E+05,  0.2934595E+05,  0.4523310E+02,  0.5516619E+02,  0.0000000E+00,  0.0000000E+00,  0.1168810E+06,  0.1014467E+06,  0.1276807E+06,  0.1445016E+07,   41
10/22/2010,  0.2269529E+07,  0.1349697E+05,  0.0000000E+00,  0.8218488E+05,  0.0000000E+00,  0.4934289E+06,  0.2067571E+07,  0.0000000E+00,  0.0000000E+00,  0.0000000E+00,  0.1346745E+09,  0.3635531E+07,  0.5217845E+08,  0.1831692E+11,  0.0000000E+00,  0.2456740E+09,  0.0000000E+00,  0.5800704E+07,  0.0000000E+00,  0.0000000E+00,  0.2074464E+07,  0.0000000E+00,  0.0000000E+00,  0.0000000E+00,  0.0000000E+00,  0.1544461E+06,  0.1536884E+03,  0.5811332E+04,  0.1413178E+06,  0.1326022E+05,  0.4361731E+02,  0.2606297E+03,  0.0000000E+00,  0.0000000E+00,  0.3204590E+06,  0.1071637E+06,  0.2247829E+06,  0.4305167E+07,   18
10/23/2010,  0.3008874E+07,  0.3128906E+05,  0.0000000E+00,  0.8473137E+05,  0.0000000E+00,  0.5199101E+06,  0.2315842E+07,  0.0000000E+00,  0.0000000E+00,  0.0000000E+00,  0.1428898E+09,  0.3928548E+07,  0.5240217E+08,  0.1831663E+11,  0.0000000E+00,  0.2459246E+09,  0.0000000E+00,  0.1028364E+08,  0.0000000E+00,  0.0000000E+00,  0.2821824E+07,  0.0000000E+00,  0.0000000E+00,  0.0000000E+00,  0.0000000E+00,  0.2308080E+06,  0.1126364E+03,  0.7675786E+04,  0.1906955E+06,  0.1443635E+05,  0.5224525E+02,  0.5631498E+03,  0.0000000E+00,  0.0000000E+00,  0.5626650E+06,  0.1146476E+06,  0.3314176E+06,  0.9265584E+07,   15
10/24/2010,  0.2384431E+08,  0.2679992E+06,  0.3153883E+04,  0.3674887E+06,  0.0000000E+00,  0.1160404E+07,  0.2315842E+07,  0.0000000E+00,  0.0000000E+00,  0.0000000E+00,  0.2059338E+09,  0.8613447E+07,  0.5301066E+08,  0.1831709E+11,  0.0000000E+00,  0.2465068E+09,  0.0000000E+00,  0.7661335E+08,  0.0000000E+00,  0.0000000E+00,  0.2377210E+08,  0.0000000E+00,  0.0000000E+00,  0.0000000E+00,  0.0000000E+00,  0.9116240E+06,  0.0000000E+00,  0.1175069E+05,  0.1855419E+06,  0.1423535E+05,  0.1961102E+05,  0.4633493E+04,  0.0000000E+00,  0.0000000E+00,  0.1055501E+07,  0.1478684E+06,  0.4354870E+06,  0.6993545E+08, 1804
10/25/2010,  0.4237750E+07,  0.0000000E+00,  0.1657455E+03,  0.1831314E+06,  0.0000000E+00,  0.4567798E+06,  0.7329475E+06,  0.0000000E+00,  0.0000000E+00,  0.0000000E+00,  0.2049625E+09,  0.8156455E+07,  0.5307250E+08,  0.1831666E+11,  0.0000000E+00,  0.2466881E+09,  0.0000000E+00,  0.0000000E+00,  0.0000000E+00,  0.0000000E+00,  0.3915648E+07,  0.1582894E+07,  0.0000000E+00,  0.0000000E+00,  0.0000000E+00,  0.1070182E+07,  0.6208819E-05,  0.2466764E+05,  0.1865716E+06,  0.2464517E+05,  0.2543148E+04,  0.0000000E+00,  0.0000000E+00,  0.0000000E+00,  0.3020888E+06,  0.1266931E+06,  0.2166526E+06,  0.0000000E+00,   22
10/26/2010,  0.2603254E+07,  0.0000000E+00,  0.0000000E+00,  0.1633441E+06,  0.0000000E+00,  0.5039551E+06,  0.1173071E+06,  0.0000000E+00,  0.0000000E+00,  0.0000000E+00,  0.2035681E+09,  0.7823514E+07,  0.5306009E+08,  0.1831626E+11,  0.0000000E+00,  0.2468726E+09,  0.0000000E+00,  0.0000000E+00,  0.0000000E+00,  0.0000000E+00,  0.2344896E+07,  0.6156404E+06,  0.0000000E+00,  0.0000000E+00,  0.0000000E+00,  0.1483549E+07,  0.0000000E+00,  0.2704460E+05,  0.1800923E+06,  0.2358554E+05,  0.1697084E+04,  0.0000000E+00,  0.0000000E+00,  0.0000000E+00,  0.2030940E+06,  0.1209621E+06,  0.1889845E+06,  0.0000000E+00,   13
10/27/2010,  0.2165870E+07,  0.0000000E+00,  0.0000000E+00,  0.1494804E+06,  0.0000000E+00,  0.5153595E+06,  0.3682406E+05,  0.0000000E+00,  0.0000000E+00,  0.0000000E+00,  0.2020396E+09,  0.7540447E+07,  0.5303451E+08,  0.1831588E+11,  0.0000000E+00,  0.2470579E+09,  0.0000000E+00,  0.0000000E+00,  0.0000000E+00,  0.0000000E+00,  0.1929312E+07,  0.8048309E+05,  0.0000000E+00,  0.0000000E+00,  0.0000000E+00,  0.1612942E+07,  0.0000000E+00,  0.2606011E+05,  0.1562560E+06,  0.2192274E+05,  0.1346020E+04,  0.0000000E+00,  0.0000000E+00,  0.0000000E+00,  0.1692772E+06,  0.1179632E+06,  0.1690071E+06,  0.0000000E+00,   11
10/28/2010,  0.1730358E+07,  0.0000000E+00,  0.0000000E+00,  0.1388334E+06,  0.0000000E+00,  0.5166159E+06,  0.1696299E+05,  0.0000000E+00,  0.0000000E+00,  0.0000000E+00,  0.2002477E+09,  0.7285490E+07,  0.5299243E+08,  0.1831549E+11,  0.0000000E+00,  0.2472336E+09,  0.0000000E+00,  0.0000000E+00,  0.0000000E+00,  0.0000000E+00,  0.1513728E+07,  0.1986107E+05,  0.0000000E+00,  0.0000000E+00,  0.0000000E+00,  0.1869457E+07,  0.0000000E+00,  0.3584060E+05,  0.1542453E+06,  0.3098788E+05,  0.1091528E+04,  0.0000000E+00,  0.0000000E+00,  0.0000000E+00,  0.1540985E+06,  0.1129644E+06,  0.1604979E+06,  0.0000000E+00,   13
10/29/2010,  0.1718527E+07,  0.5308407E+05,  0.0000000E+00,  0.1392229E+06,  0.0000000E+00,  0.5624819E+06,  0.2315842E+07,  0.0000000E+00,  0.0000000E+00,  0.0000000E+00,  0.2116820E+09,  0.7636509E+07,  0.5331738E+08,  0.1831532E+11,  0.0000000E+00,  0.2474950E+09,  0.0000000E+00,  0.1697100E+08,  0.0000000E+00,  0.0000000E+00,  0.1503360E+07,  0.0000000E+00,  0.0000000E+00,  0.0000000E+00,  0.0000000E+00,  0.9756850E+06,  0.0000000E+00,  0.1724279E+05,  0.1882332E+06,  0.1358035E+05,  0.1208063E+04,  0.9505918E+03,  0.0000000E+00,  0.0000000E+00,  0.7403599E+06,  0.1256647E+06,  0.3983274E+06,  0.1351226E+08,   41
10/30/2010,  0.2735299E+07,  0.1512775E+05,  0.0000000E+00,  0.1449350E+06,  0.0000000E+00,  0.5673576E+06,  0.1054778E+07,  0.0000000E+00,  0.0000000E+00,  0.0000000E+00,  0.2134567E+09,  0.7627314E+07,  0.5339071E+08,  0.1831501E+11,  0.0000000E+00,  0.2477214E+09,  0.0000000E+00,  0.3262916E+07,  0.0000000E+00,  0.0000000E+00,  0.2555712E+07,  0.1261064E+07,  0.0000000E+00,  0.0000000E+00,  0.0000000E+00,  0.1094660E+07,  0.0000000E+00,  0.1842260E+05,  0.1548438E+06,  0.1635686E+05,  0.1364240E+04,  0.5597222E+03,  0.0000000E+00,  0.0000000E+00,  0.2945062E+06,  0.1277269E+06,  0.2034902E+06,  0.3169187E+07,   12
10/31/2010,  0.1666352E+07,  0.0000000E+00,  0.0000000E+00,  0.1379996E+06,  0.0000000E+00,  0.5085078E+06,  0.1880114E+06,  0.0000000E+00,  0.0000000E+00,  0.0000000E+00,  0.2117240E+09,  0.7377939E+07,  0.5334294E+08,  0.1831460E+11,  0.0000000E+00,  0.2478963E+09,  0.0000000E+00,  0.0000000E+00,  0.0000000E+00,  0.0000000E+00,  0.1443744E+07,  0.8667667E+06,  0.0000000E+00,  0.0000000E+00,  0.0000000E+00,  0.1810463E+07,  0.0000000E+00,  0.3334865E+05,  0.1694136E+06,  0.2657949E+05,  0.1113914E+04,  0.0000000E+00,  0.0000000E+00,  0.0000000E+00,  0.1562081E+06,  0.1195206E+06,  0.1710603E+06,  0.0000000E+00,   14
11/01/2010,  0.1578132E+07,  0.0000000E+00,  0.0000000E+00,  0.1300955E+06,  0.0000000E+00,  0.5201438E+06,  0.4193211E+05,  0.0000000E+00,  0.0000000E+00,  0.0000000E+00,  0.2095542E+09,  0.7152856E+07,  0.5328305E+08,  0.1831421E+11,  0.0000000E+00,  0.2480700E+09,  0.0000000E+00,  0.0000000E+00,  0.0000000E+00,  0.0000000E+00,  0.1379808E+07,  0.1460792E+06,  0.0000000E+00,  0.0000000E+00,  0.0000000E+00,  0.2246188E+07,  0.0000000E+00,  0.3513980E+05,  0.1512434E+06,  0.2781628E+05,  0.9386840E+03,  0.0000000E+00,  0.0000000E+00,  0.0000000E+00,  0.1371659E+06,  0.1151737E+06,  0.1621953E+06,  0.0000000E+00,   12
11/02/2010,  0.1870242E+07,  0.0000000E+00,  0.0000000E+00,  0.1235563E+06,  0.0000000E+00,  0.5253526E+06,  0.2032091E+05,  0.0000000E+00,  0.0000000E+00,  0.0000000E+00,  0.2072435E+09,  0.6944147E+07,  0.5321548E+08,  0.1831383E+11,  0.0000000E+00,  0.2482416E+09,  0.0000000E+00,  0.0000000E+00,  0.0000000E+00,  0.0000000E+00,  0.1679616E+07,  0.2161121E+05,  0.0000000E+00,  0.0000000E+00,  0.0000000E+00,  0.2385367E+07,  0.0000000E+00,  0.3618361E+05,  0.1366665E+06,  0.2972012E+05,  0.8063011E+03,  0.0000000E+00,  0.0000000E+00,  0.0000000E+00,  0.1272448E+06,  0.1129982E+06,  0.1587806E+06,  0.0000000E+00,   13
11/03/2010,  0.1604442E+07,  0.0000000E+00,  0.0000000E+00,  0.1178035E+06,  0.0000000E+00,  0.5129675E+06,  0.1297183E+05,  0.0000000E+00,  0.0000000E+00,  0.0000000E+00,  0.2050467E+09,  0.6752532E+07,  0.5314372E+08,  0.1831343E+11,  0.0000000E+00,  0.2484116E+09,  0.0000000E+00,  0.0000000E+00,  0.0000000E+00,  0.0000000E+00,  0.1410048E+07,  0.7349077E+04,  0.0000000E+00,  0.0000000E+00,  0.0000000E+00,  0.2268875E+07,  0.0000000E+00,  0.3667251E+05,  0.1168926E+06,  0.3107629E+05,  0.7032535E+03,  0.0000000E+00,  0.0000000E+00,  0.0000000E+00,  0.1172506E+06,  0.1114116E+06,  0.1524813E+06,  0.0000000E+00,   67
11/04/2010,  0.1343580E+07,  0.0000000E+00,  0.0000000E+00,  0.1130767E+06,  0.0000000E+00,  0.5074534E+06,  0.9986113E+04,  0.0000000E+00,  0.0000000E+00,  0.0000000E+00,  0.2030754E+09,  0.6576019E+07,  0.5306519E+08,  0.1831307E+11,  0.0000000E+00,  0.2485845E+09,  0.0000000E+00,  0.0000000E+00,  0.0000000E+00,  0.0000000E+00,  0.1148256E+07,  0.2985717E+04,  0.0000000E+00,  0.0000000E+00,  0.0000000E+00,  0.2038463E+07,  0.0000000E+00,  0.3703282E+05,  0.1070420E+06,  0.3265046E+05,  0.6198401E+03,  0.0000000E+00,  0.0000000E+00,  0.0000000E+00,  0.1054127E+06,  0.1098041E+06,  0.1470470E+06,  0.0000000E+00,  234
11/05/2010,  0.1363060E+07,  0.0000000E+00,  0.0000000E+00,  0.1094091E+06,  0.0000000E+00,  0.5098549E+06,  0.8511270E+04,  0.0000000E+00,  0.0000000E+00,  0.0000000E+00,  0.2013930E+09,  0.6417497E+07,  0.5298855E+08,  0.1831271E+11,  0.0000000E+00,  0.2487597E+09,  0.0000000E+00,  0.0000000E+00,  0.0000000E+00,  0.0000000E+00,  0.1173312E+07,  0.1474842E+04,  0.0000000E+00,  0.0000000E+00,  0.0000000E+00,  0.1744426E+07,  0.0000000E+00,  0.3320674E+05,  0.9947901E+05,  0.3024219E+05,  0.5529224E+03,  0.0000000E+00,  0.0000000E+00,  0.0000000E+00,  0.9584501E+05,  0.1093166E+06,  0.1394242E+06,  0.0000000E+00,  226
11/06/2010,  0.1338513E+07,  0.3217294E+05,  0.0000000E+00,  0.1109198E+06,  0.0000000E+00,  0.5387412E+06,  0.2261085E+07,  0.0000000E+00,  0.0000000E+00,  0.0000000E+00,  0.2072900E+09,  0.6498680E+07,  0.5317390E+08,  0.1831246E+11,  0.0000000E+00,  0.2489863E+09,  0.0000000E+00,  0.1103550E+08,  0.0000000E+00,  0.0000000E+00,  0.1143072E+07,  0.0000000E+00,  0.0000000E+00,  0.0000000E+00,  0.0000000E+00,  0.1547658E+07,  0.0000000E+00,  0.3682935E+05,  0.2714406E+06,  0.2989897E+05,  0.5486946E+03,  0.6715047E+03,  0.0000000E+00,  0.0000000E+00,  0.6307541E+06,  0.1140069E+06,  0.4087265E+06,  0.8153976E+07,  236
11/07/2010,  0.7289083E+07,  0.2642408E+06,  0.6354873E+04,  0.3632714E+06,  0.0000000E+00,  0.1014528E+07,  0.2315842E+07,  0.0000000E+00,  0.0000000E+00,  0.0000000E+00,  0.2616252E+09,  0.1049878E+08,  0.5374878E+08,  0.1831293E+11,  0.0000000E+00,  0.2494413E+09,  0.0000000E+00,  0.6529108E+08,  0.0000000E+00,  0.0000000E+00,  0.7076160E+07,  0.0000000E+00,  0.0000000E+00,  0.0000000E+00,  0.0000000E+00,  0.1154793E+07,  0.0000000E+00,  0.1726779E+05,  0.1406392E+06,  0.1243837E+05,  0.7762981E+04,  0.3833205E+04,  0.0000000E+00,  0.0000000E+00,  0.1131488E+07,  0.1488473E+06,  0.5394764E+06,  0.6085015E+08,   31
11/08/2010,  0.2840298E+07,  0.0000000E+00,  0.1118793E+04,  0.2186514E+06,  0.0000000E+00,  0.5790306E+06,  0.1037374E+07,  0.0000000E+00,  0.0000000E+00,  0.0000000E+00,  0.2603436E+09,  0.9973332E+07,  0.5376409E+08,  0.1831269E+11,  0.0000000E+00,  0.2496226E+09,  0.0000000E+00,  0.0000000E+00,  0.0000000E+00,  0.0000000E+00,  0.2344032E+07,  0.1278468E+07,  0.0000000E+00,  0.0000000E+00,  0.0000000E+00,  0.1425975E+07,  0.0000000E+00,  0.2627056E+05,  0.1524628E+06,  0.1953541E+05,  0.1774469E+04,  0.0000000E+00,  0.0000000E+00,  0.0000000E+00,  0.3022522E+06,  0.1426648E+06,  0.2617025E+06,  0.0000000E+00,   28
11/09/2010,  0.1895170E+07,  0.4955358E+05,  0.2507550E+04,  0.2081123E+06,  0.0000000E+00,  0.5954441E+06,  0.2315842E+07,  0.0000000E+00,  0.0000000E+00,  0.0000000E+00,  0.2684309E+09,  0.1008669E+08,  0.5398578E+08,  0.1831252E+11,  0.0000000E+00,  0.2498480E+09,  0.0000000E+00,  0.1302606E+08,  0.0000000E+00,  0.0000000E+00,  0.1623456E+07,  0.0000000E+00,  0.0000000E+00,  0.0000000E+00,  0.0000000E+00,  0.1909045E+07,  0.0000000E+00,  0.3421436E+05,  0.2220228E+06,  0.2303815E+05,  0.1471545E+04,  0.6763842E+03,  0.0000000E+00,  0.0000000E+00,  0.6702627E+06,  0.1512095E+06,  0.4145449E+06,  0.1084081E+08,   11
11/10/2010,  0.1865777E+07,  0.0000000E+00,  0.1489640E+04,  0.1980078E+06,  0.0000000E+00,  0.5820278E+06,  0.8890883E+06,  0.0000000E+00,  0.0000000E+00,  0.0000000E+00,  0.2668736E+09,  0.9650618E+07,  0.5396209E+08,  0.1831224E+11,  0.0000000E+00,  0.2500308E+09,  0.0000000E+00,  0.0000000E+00,  0.0000000E+00,  0.0000000E+00,  0.1867104E+07,  0.1426753E+07,  0.0000000E+00,  0.0000000E+00,  0.0000000E+00,  0.1703555E+07,  0.0000000E+00,  0.2941373E+05,  0.1585160E+06,  0.2132646E+05,  0.1243675E+04,  0.0000000E+00,  0.0000000E+00,  0.0000000E+00,  0.2347289E+06,  0.1453338E+06,  0.2299927E+06,  0.0000000E+00,    4
11/11/2010,  0.2076843E+07,  0.0000000E+00,  0.1284189E+04,  0.1833029E+06,  0.0000000E+00,  0.5499138E+06,  0.2581106E+06,  0.0000000E+00,  0.0000000E+00,  0.0000000E+00,  0.2649124E+09,  0.9251906E+07,  0.5391740E+08,  0.1831194E+11,  0.0000000E+00,  0.2502161E+09,  0.0000000E+00,  0.0000000E+00,  0.0000000E+00,  0.0000000E+00,  0.1279584E+07,  0.6309777E+06,  0.0000000E+00,  0.0000000E+00,  0.0000000E+00,  0.2102105E+07,  0.6208819E-05,  0.2703527E+05,  0.1785525E+06,  0.1890871E+05,  0.1054579E+04,  0.0000000E+00,  0.0000000E+00,  0.0000000E+00,  0.2142642E+06,  0.1416590E+06,  0.2322380E+06,  0.0000000E+00,    5
11/12/2010,  0.1525354E+07,  0.0000000E+00,  0.1124452E+04,  0.1701768E+06,  0.0000000E+00,  0.5443131E+06,  0.8316835E+05,  0.0000000E+00,  0.0000000E+00,  0.0000000E+00,  0.2621197E+09,  0.8875419E+07,  0.5385224E+08,  0.1831163E+11,  0.0000000E+00,  0.2503968E+09,  0.0000000E+00,  0.0000000E+00,  0.0000000E+00,  0.0000000E+00,  0.1277856E+07,  0.1749422E+06,  0.0000000E+00,  0.0000000E+00,  0.0000000E+00,  0.2927898E+07,  0.0000000E+00,  0.3439319E+05,  0.1803971E+06,  0.2416648E+05,  0.9031020E+03,  0.0000000E+00,  0.0000000E+00,  0.0000000E+00,  0.2060774E+06,  0.1363499E+06,  0.2370034E+06,  0.0000000E+00,    5
11/13/2010,  0.1397431E+07,  0.0000000E+00,  0.9180939E+03,  0.1587329E+06,  0.0000000E+00,  0.5339828E+06,  0.5233757E+05,  0.0000000E+00,  0.0000000E+00,  0.0000000E+00,  0.2591845E+09,  0.8523424E+07,  0.5377096E+08,  0.1831131E+11,  0.0000000E+00,  0.2505751E+09,  0.0000000E+00,  0.0000000E+00,  0.0000000E+00,  0.0000000E+00,  0.1173312E+07,  0.3083078E+05,  0.0000000E+00,  0.0000000E+00,  0.0000000E+00,  0.3069735E+07,  0.0000000E+00,  0.3713532E+05,  0.1879616E+06,  0.2678801E+05,  0.7827543E+03,  0.0000000E+00,  0.0000000E+00,  0.0000000E+00,  0.1911783E+06,  0.1334384E+06,  0.2354331E+06,  0.0000000E+00,   10
11/14/2010,  0.1374211E+07,  0.0000000E+00,  0.7851310E+03,  0.1490573E+06,  0.0000000E+00,  0.5355325E+06,  0.3694262E+05,  0.0000000E+00,  0.0000000E+00,  0.0000000E+00,  0.2557940E+09,  0.8201189E+07,  0.5367467E+08,  0.1831098E+11,  0.0000000E+00,  0.2507489E+09,  0.0000000E+00,  0.0000000E+00,  0.0000000E+00,  0.0000000E+00,  0.1163808E+07,  0.1539495E+05,  0.0000000E+00,  0.0000000E+00,  0.0000000E+00,  0.3511682E+07,  0.0000000E+00,  0.4268929E+05,  0.1965989E+06,  0.3211512E+05,  0.6907186E+03,  0.0000000E+00,  0.0000000E+00,  0.0000000E+00,  0.1809805E+06,  0.1295155E+06,  0.2346976E+06,  0.0000000E+00,    8
11/15/2010,  0.1369414E+07,  0.0000000E+00,  0.6019344E+03,  0.1407186E+06,  0.0000000E+00,  0.5308661E+06,  0.2951207E+05,  0.0000000E+00,  0.0000000E+00,  0.0000000E+00,  0.2526777E+09,  0.7909552E+07,  0.5357399E+08,  0.1831064E+11,  0.0000000E+00,  0.2509254E+09,  0.0000000E+00,  0.0000000E+00,  0.0000000E+00,  0.0000000E+00,  0.1181952E+07,  0.7430555E+04,  0.0000000E+00,  0.0000000E+00,  0.0000000E+00,  0.3231033E+07,  0.0000000E+00,  0.3768565E+05,  0.1542146E+06,  0.2940003E+05,  0.6119861E+03,  0.0000000E+00,  0.0000000E+00,  0.0000000E+00,  0.1641004E+06,  0.1279627E+06,  0.2272178E+06,  0.0000000E+00,    7
11/16/2010,  0.1385957E+07,  0.0000000E+00,  0.4721214E+03,  0.1340402E+06,  0.0000000E+00,  0.5284780E+06,  0.2543758E+05,  0.0000000E+00,  0.0000000E+00,  0.0000000E+00,  0.2499446E+09,  0.7652557E+07,  0.5347768E+08,  0.1831033E+11,  0.0000000E+00,  0.2511073E+09,  0.0000000E+00,  0.0000000E+00,  0.0000000E+00,  0.0000000E+00,  0.1227744E+07,  0.4074483E+04,  0.0000000E+00,  0.0000000E+00,  0.0000000E+00,  0.2834200E+07,  0.0000000E+00,  0.3020174E+05,  0.1469457E+06,  0.2418600E+05,  0.5468921E+03,  0.0000000E+00,  0.0000000E+00,  0.0000000E+00,  0.1497161E+06,  0.1276374E+06,  0.2159405E+06,  0.0000000E+00,    7
11/17/2010,  0.1593851E+07,  0.0000000E+00,  0.3527817E+03,  0.1293852E+06,  0.0000000E+00,  0.5268008E+06,  0.2308931E+05,  0.0000000E+00,  0.0000000E+00,  0.0000000E+00,  0.2476617E+09,  0.7424128E+07,  0.5338696E+08,  0.1830999E+11,  0.0000000E+00,  0.2512912E+09,  0.0000000E+00,  0.0000000E+00,  0.0000000E+00,  0.0000000E+00,  0.1429056E+07,  0.2348273E+04,  0.0000000E+00,  0.0000000E+00,  0.0000000E+00,  0.2373943E+07,  0.0000000E+00,  0.2605066E+05,  0.1145431E+06,  0.2163974E+05,  0.4895830E+03,  0.0000000E+00,  0.0000000E+00,  0.0000000E+00,  0.1362930E+06,  0.1277159E+06,  0.2010779E+06,  0.0000000E+00,    8
11/18/2010,  0.1630621E+07,  0.0000000E+00,  0.2987767E+03,  0.1250229E+06,  0.0000000E+00,  0.5170259E+06,  0.2157132E+05,  0.0000000E+00,  0.0000000E+00,  0.0000000E+00,  0.2456484E+09,  0.7219766E+07,  0.5329349E+08,  0.1830966E+11,  0.0000000E+00,  0.2514755E+09,  0.0000000E+00,  0.0000000E+00,  0.0000000E+00,  0.0000000E+00,  0.1414368E+07,  0.1517986E+04,  0.0000000E+00,  0.0000000E+00,  0.0000000E+00,  0.2094130E+07,  0.0000000E+00,  0.2568123E+05,  0.1210822E+06,  0.2205631E+05,  0.4432602E+03,  0.0000000E+00,  0.0000000E+00,  0.0000000E+00,  0.1259499E+06,  0.1266633E+06,  0.1938589E+06,  0.0000000E+00,    5
11/19/2010,  0.5262049E+07,  0.3243376E+06,  0.1079953E+05,  0.4384572E+06,  0.0000000E+00,  0.1078240E+07,  0.2315842E+07,  0.0000000E+00,  0.0000000E+00,  0.0000000E+00,  0.3058339E+09,  0.1179784E+08,  0.5389240E+08,  0.1831019E+11,  0.0000000E+00,  0.2519926E+09,  0.0000000E+00,  0.7464702E+08,  0.0000000E+00,  0.0000000E+00,  0.4963680E+07,  0.0000000E+00,  0.0000000E+00,  0.0000000E+00,  0.0000000E+00,  0.1157351E+07,  0.0000000E+00,  0.1216223E+05,  0.9737611E+05,  0.8112087E+04,  0.1137740E+05,  0.4962357E+04,  0.0000000E+00,  0.0000000E+00,  0.1146146E+07,  0.1674330E+06,  0.5352083E+06,  0.6735848E+08,   22
11/20/2010,  0.3187511E+08,  0.9322407E+06,  0.6184094E+06,  0.2449652E+07,  0.0000000E+00,  0.3558815E+07,  0.2315842E+07,  0.0000000E+00,  0.0000000E+00,  0.0000000E+00,  0.4370478E+09,  0.2041695E+08,  0.5492633E+08,  0.1831333E+11,  0.0000000E+00,  0.2529438E+09,  0.0000000E+00,  0.1576909E+09,  0.0000000E+00,  0.0000000E+00,  0.3083875E+08,  0.0000000E+00,  0.0000000E+00,  0.0000000E+00,  0.0000000E+00,  0.1085878E+07,  0.0000000E+00,  0.1072418E+05,  0.7594990E+05,  0.6939178E+04,  0.8221050E+05,  0.1232168E+05,  0.0000000E+00,  0.0000000E+00,  0.1765602E+07,  0.2497556E+06,  0.7211507E+06,  0.1455850E+09,  220
11/21/2010,  0.1110663E+08,  0.2873848E+06,  0.8033620E+05,  0.1132748E+07,  0.0000000E+00,  0.1303716E+07,  0.2315842E+07,  0.0000000E+00,  0.0000000E+00,  0.0000000E+00,  0.4694801E+09,  0.2145454E+08,  0.5558521E+08,  0.1831408E+11,  0.0000000E+00,  0.2533290E+09,  0.0000000E+00,  0.3949424E+08,  0.0000000E+00,  0.0000000E+00,  0.1029888E+08,  0.0000000E+00,  0.0000000E+00,  0.0000000E+00,  0.0000000E+00,  0.1226083E+07,  0.0000000E+00,  0.1217459E+05,  0.8634952E+05,  0.7861952E+04,  0.1896306E+05,  0.3613533E+04,  0.0000000E+00,  0.0000000E+00,  0.1300946E+07,  0.2566552E+06,  0.6298780E+06,  0.3697226E+08,   89
11/22/2010,  0.6288217E+07,  0.3156913E+06,  0.1528250E+06,  0.1364490E+07,  0.0000000E+00,  0.1438748E+07,  0.2315842E+07,  0.0000000E+00,  0.0000000E+00,  0.0000000E+00,  0.5011448E+09,  0.2251405E+08,  0.5624154E+08,  0.1831501E+11,  0.0000000E+00,  0.2537170E+09,  0.0000000E+00,  0.3928948E+08,  0.0000000E+00,  0.0000000E+00,  0.5281632E+07,  0.0000000E+00,  0.0000000E+00,  0.0000000E+00,  0.0000000E+00,  0.1440141E+07,  0.0000000E+00,  0.1748276E+05,  0.1034062E+06,  0.1133986E+05,  0.1624773E+05,  0.3559419E+04,  0.0000000E+00,  0.0000000E+00,  0.1379976E+07,  0.2685164E+06,  0.7062614E+06,  0.3680933E+08,   23
11/23/2010,  0.1225800E+08,  0.1452900E+06,  0.7337911E+05,  0.1002665E+07,  0.0000000E+00,  0.3247861E+07,  0.2315842E+07,  0.0000000E+00,  0.0000000E+00,  0.0000000E+00,  0.5144291E+09,  0.2217695E+08,  0.5674048E+08,  0.1831767E+11,  0.0000000E+00,  0.2540525E+09,  0.0000000E+00,  0.1705792E+08,  0.0000000E+00,  0.0000000E+00,  0.1365120E+08,  0.0000000E+00,  0.0000000E+00,  0.0000000E+00,  0.0000000E+00,  0.8639792E+06,  0.0000000E+00,  0.8023647E+04,  0.6177549E+05,  0.5110776E+04,  0.1264442E+05,  0.1663846E+04,  0.0000000E+00,  0.0000000E+00,  0.1190495E+07,  0.3037704E+06,  0.6836606E+06,  0.1578657E+08,  104
11/24/2010,  0.4838935E+07,  0.0000000E+00,  0.2397543E+05,  0.7828174E+06,  0.0000000E+00,  0.2284489E+07,  0.1708726E+07,  0.0000000E+00,  0.0000000E+00,  0.0000000E+00,  0.5137219E+09,  0.2055915E+08,  0.5680482E+08,  0.1831901E+11,  0.0000000E+00,  0.2544963E+09,  0.0000000E+00,  0.0000000E+00,  0.0000000E+00,  0.0000000E+00,  0.5539104E+07,  0.6071162E+06,  0.0000000E+00,  0.0000000E+00,  0.0000000E+00,  0.1085741E+07,  0.0000000E+00,  0.1331620E+05,  0.7426875E+05,  0.8921814E+04,  0.9232428E+04,  0.0000000E+00,  0.0000000E+00,  0.0000000E+00,  0.7113220E+06,  0.2880679E+06,  0.6348272E+06,  0.0000000E+00,  134
11/25/2010,  0.4083038E+07,  0.0000000E+00,  0.2088071E+05,  0.6572789E+06,  0.0000000E+00,  0.1409864E+07,  0.9988221E+06,  0.0000000E+00,  0.0000000E+00,  0.0000000E+00,  0.5127509E+09,  0.1918932E+08,  0.5683871E+08,  0.1831922E+11,  0.0000000E+00,  0.2550375E+09,  0.0000000E+00,  0.0000000E+00,  0.0000000E+00,  0.0000000E+00,  0.3916512E+07,  0.7099035E+06,  0.0000000E+00,  0.0000000E+00,  0.0000000E+00,  0.1302963E+07,  0.0000000E+00,  0.1204828E+05,  0.8699644E+05,  0.7838168E+04,  0.7446553E+04,  0.0000000E+00,  0.0000000E+00,  0.0000000E+00,  0.6252477E+06,  0.2730503E+06,  0.5801359E+06,  0.0000000E+00,  120
11/26/2010,  0.3841704E+07,  0.7255320E+05,  0.2566356E+05,  0.5997141E+06,  0.0000000E+00,  0.1375673E+07,  0.2314263E+07,  0.0000000E+00,  0.0000000E+00,  0.0000000E+00,  0.5185123E+09,  0.1865339E+08,  0.5707012E+08,  0.1831933E+11,  0.0000000E+00,  0.2556591E+09,  0.0000000E+00,  0.9505847E+07,  0.0000000E+00,  0.0000000E+00,  0.3572640E+07,  0.0000000E+00,  0.0000000E+00,  0.0000000E+00,  0.0000000E+00,  0.1201940E+07,  0.0000000E+00,  0.1017309E+05,  0.8589340E+05,  0.6262139E+04,  0.8992838E+04,  0.1400679E+04,  0.0000000E+00,  0.0000000E+00,  0.8476641E+06,  0.2785084E+06,  0.6066164E+06,  0.7630894E+07,  157
11/27/2010,  0.9243429E+07,  0.4698198E+06,  0.1841103E+06,  0.1195064E+07,  0.0000000E+00,  0.3132248E+07,  0.2315842E+07,  0.0000000E+00,  0.0000000E+00,  0.0000000E+00,  0.5591925E+09,  0.2240022E+08,  0.5788884E+08,  0.1832137E+11,  0.0000000E+00,  0.2564200E+09,  0.0000000E+00,  0.5186753E+08,  0.0000000E+00,  0.0000000E+00,  0.9558432E+07,  0.0000000E+00,  0.0000000E+00,  0.0000000E+00,  0.0000000E+00,  0.9293097E+06,  0.0000000E+00,  0.8698218E+04,  0.6730189E+05,  0.5328431E+04,  0.1877757E+05,  0.5163811E+04,  0.0000000E+00,  0.0000000E+00,  0.1671320E+07,  0.3275818E+06,  0.8444270E+06,  0.4809802E+08,   99
11/28/2010,  0.4404133E+07,  0.0000000E+00,  0.1847330E+05,  0.6623797E+06,  0.0000000E+00,  0.2581985E+07,  0.1619776E+07,  0.0000000E+00,  0.0000000E+00,  0.0000000E+00,  0.5583134E+09,  0.2084927E+08,  0.5798704E+08,  0.1832260E+11,  0.0000000E+00,  0.2570829E+09,  0.0000000E+00,  0.0000000E+00,  0.0000000E+00,  0.0000000E+00,  0.5325696E+07,  0.6960656E+06,  0.0000000E+00,  0.0000000E+00,  0.0000000E+00,  0.1245887E+07,  0.0000000E+00,  0.1610387E+05,  0.8590513E+05,  0.1058455E+05,  0.7860796E+04,  0.0000000E+00,  0.0000000E+00,  0.0000000E+00,  0.8116114E+06,  0.3161132E+06,  0.6990129E+06,  0.0000000E+00,  112
11/29/2010,  0.3234161E+07,  0.0000000E+00,  0.1746157E+05,  0.5696023E+06,  0.0000000E+00,  0.1499371E+07,  0.8887146E+06,  0.0000000E+00,  0.0000000E+00,  0.0000000E+00,  0.5572325E+09,  0.1953125E+08,  0.5799585E+08,  0.1832271E+11,  0.0000000E+00,  0.2577608E+09,  0.0000000E+00,  0.0000000E+00,  0.0000000E+00,  0.0000000E+00,  0.3164832E+07,  0.7310615E+06,  0.0000000E+00,  0.0000000E+00,  0.0000000E+00,  0.1429996E+07,  0.6208819E-05,  0.1405051E+05,  0.1016186E+06,  0.9142479E+04,  0.6041881E+04,  0.0000000E+00,  0.0000000E+00,  0.0000000E+00,  0.6793915E+06,  0.3035651E+06,  0.6570306E+06,  0.0000000E+00,  115
11/30/2010,  0.3248488E+07,  0.0000000E+00,  0.1541141E+05,  0.4994744E+06,  0.0000000E+00,  0.1334208E+07,  0.4696149E+06,  0.0000000E+00,  0.0000000E+00,  0.0000000E+00,  0.5557619E+09,  0.1834559E+08,  0.5797041E+08,  0.1832273E+11,  0.0000000E+00,  0.2584465E+09,  0.0000000E+00,  0.0000000E+00,  0.0000000E+00,  0.0000000E+00,  0.3034368E+07,  0.4190997E+06,  0.0000000E+00,  0.0000000E+00,  0.0000000E+00,  0.1822785E+07,  0.0000000E+00,  0.1250971E+05,  0.1211383E+06,  0.7862533E+04,  0.4926175E+04,  0.0000000E+00,  0.0000000E+00,  0.0000000E+00,  0.6054149E+06,  0.2917245E+06,  0.6185663E+06,  0.0000000E+00,   20
12/01/2010,  0.2865896E+07,  0.0000000E+00,  0.1307819E+05,  0.4420613E+06,  0.0000000E+00,  0.1241710E+07,  0.2650187E+06,  0.0000000E+00,  0.0000000E+00,  0.0000000E+00,  0.5535753E+09,  0.1724730E+08,  0.5788446E+08,  0.1832251E+11,  0.0000000E+00,  0.2591249E+09,  0.0000000E+00,  0.0000000E+00,  0.0000000E+00,  0.0000000E+00,  0.2641248E+07,  0.2045962E+06,  0.0000000E+00,  0.0000000E+00,  0.0000000E+00,  0.2560500E+07,  0.0000000E+00,  0.1858163E+05,  0.1483320E+06,  0.1158960E+05,  0.4050153E+04,  0.0000000E+00,  0.0000000E+00,  0.0000000E+00,  0.5502091E+06,  0.2851051E+06,  0.6177436E+06,  0.0000000E+00,   17
12/02/2010,  0.2511207E+07,  0.0000000E+00,  0.1087001E+05,  0.3946131E+06,  0.0000000E+00,  0.1183477E+07,  0.1516698E+06,  0.0000000E+00,  0.0000000E+00,  0.0000000E+00,  0.5509032E+09,  0.1622724E+08,  0.5774359E+08,  0.1832224E+11,  0.0000000E+00,  0.2597791E+09,  0.0000000E+00,  0.0000000E+00,  0.0000000E+00,  0.0000000E+00,  0.2256768E+07,  0.1133489E+06,  0.0000000E+00,  0.0000000E+00,  0.0000000E+00,  0.3063874E+07,  0.0000000E+00,  0.2424172E+05,  0.1589357E+06,  0.1521437E+05,  0.3454815E+04,  0.0000000E+00,  0.0000000E+00,  0.0000000E+00,  0.5011040E+06,  0.2816594E+06,  0.6179204E+06,  0.0000000E+00,   19
12/03/2010,  0.2476170E+07,  0.2375874E+05,  0.9123584E+04,  0.3620590E+06,  0.0000000E+00,  0.1137053E+07,  0.1454497E+07,  0.0000000E+00,  0.0000000E+00,  0.0000000E+00,  0.5505311E+09,  0.1544022E+08,  0.5768116E+08,  0.1832192E+11,  0.0000000E+00,  0.2604307E+09,  0.0000000E+00,  0.3930357E+07,  0.0000000E+00,  0.0000000E+00,  0.2212704E+07,  0.1081304E+05,  0.0000000E+00,  0.0000000E+00,  0.0000000E+00,  0.2980147E+07,  0.0000000E+00,  0.2172700E+05,  0.1711584E+06,  0.1329773E+05,  0.3050452E+04,  0.4343709E+03,  0.0000000E+00,  0.0000000E+00,  0.5788540E+06,  0.2786691E+06,  0.6198212E+06,  0.2495467E+07,   15
12/04/2010,  0.2335567E+07,  0.4629206E+05,  0.1130888E+05,  0.3409651E+06,  0.0000000E+00,  0.1117230E+07,  0.2312537E+07,  0.0000000E+00,  0.0000000E+00,  0.0000000E+00,  0.5514723E+09,  0.1501046E+08,  0.5769225E+08,  0.1832161E+11,  0.0000000E+00,  0.2610645E+09,  0.0000000E+00,  0.6040980E+07,  0.0000000E+00,  0.0000000E+00,  0.2062368E+07,  0.0000000E+00,  0.0000000E+00,  0.0000000E+00,  0.0000000E+00,  0.3404813E+07,  0.0000000E+00,  0.3099494E+05,  0.2114682E+06,  0.1896277E+05,  0.2911709E+04,  0.6758004E+03,  0.0000000E+00,  0.0000000E+00,  0.6871266E+06,  0.2781832E+06,  0.6452419E+06,  0.4680347E+07,   11
12/05/2010,  0.7381125E+07,  0.6199749E+06,  0.6687385E+05,  0.8737892E+06,  0.0000000E+00,  0.1881615E+07,  0.2315842E+07,  0.0000000E+00,  0.0000000E+00,  0.0000000E+00,  0.5961991E+09,  0.2114045E+08,  0.5870515E+08,  0.1832239E+11,  0.0000000E+00,  0.2619402E+09,  0.0000000E+00,  0.6103304E+08,  0.0000000E+00,  0.0000000E+00,  0.6726240E+07,  0.0000000E+00,  0.0000000E+00,  0.0000000E+00,  0.0000000E+00,  0.3777698E+07,  0.0000000E+00,  0.3542412E+05,  0.2713521E+06,  0.2102590E+05,  0.1843521E+05,  0.8251788E+04,  0.0000000E+00,  0.0000000E+00,  0.2199120E+07,  0.3252994E+06,  0.1150995E+07,  0.5746745E+08,   27
12/06/2010,  0.5329685E+07,  0.0000000E+00,  0.1119711E+05,  0.4885154E+06,  0.0000000E+00,  0.1125212E+07,  0.1071718E+07,  0.0000000E+00,  0.0000000E+00,  0.0000000E+00,  0.5946704E+09,  0.1948224E+08,  0.5873755E+08,  0.1832221E+11,  0.0000000E+00,  0.2625210E+09,  0.0000000E+00,  0.0000000E+00,  0.0000000E+00,  0.0000000E+00,  0.4971456E+07,  0.1244124E+07,  0.0000000E+00,  0.0000000E+00,  0.0000000E+00,  0.2241413E+07,  0.0000000E+00,  0.2698979E+05,  0.1338088E+06,  0.1673216E+05,  0.5108568E+04,  0.0000000E+00,  0.0000000E+00,  0.0000000E+00,  0.7653122E+06,  0.3245553E+06,  0.7076562E+06,  0.0000000E+00,   25
12/07/2010,  0.3132540E+07,  0.1088843E+06,  0.1927080E+05,  0.4720120E+06,  0.0000000E+00,  0.1158494E+07,  0.2310962E+07,  0.0000000E+00,  0.0000000E+00,  0.0000000E+00,  0.5989970E+09,  0.1960367E+08,  0.5910014E+08,  0.1832208E+11,  0.0000000E+00,  0.2631405E+09,  0.0000000E+00,  0.1141070E+08,  0.0000000E+00,  0.0000000E+00,  0.2762208E+07,  0.0000000E+00,  0.0000000E+00,  0.0000000E+00,  0.0000000E+00,  0.3618763E+07,  0.0000000E+00,  0.3183110E+05,  0.2556915E+06,  0.1837112E+05,  0.4795860E+04,  0.1479002E+04,  0.0000000E+00,  0.0000000E+00,  0.1240039E+07,  0.3331557E+06,  0.8457386E+06,  0.9469801E+07,   12
12/08/2010,  0.1562786E+08,  0.9708113E+06,  0.2227317E+06,  0.1810355E+07,  0.0000000E+00,  0.2615750E+07,  0.2315842E+07,  0.0000000E+00,  0.0000000E+00,  0.0000000E+00,  0.6571345E+09,  0.3254611E+08,  0.6104561E+08,  0.1832397E+11,  0.0000000E+00,  0.2641111E+09,  0.0000000E+00,  0.8521764E+08,  0.0000000E+00,  0.0000000E+00,  0.1425427E+08,  0.0000000E+00,  0.0000000E+00,  0.0000000E+00,  0.0000000E+00,  0.3240803E+07,  0.0000000E+00,  0.2954571E+05,  0.2376074E+06,  0.1704862E+05,  0.3465106E+05,  0.1181888E+05,  0.0000000E+00,  0.0000000E+00,  0.3546852E+07,  0.4157881E+06,  0.1572171E+07,  0.7951957E+08,   97
12/09/2010,  0.5437993E+07,  0.4490405E+05,  0.1421388E+05,  0.7444394E+06,  0.0000000E+00,  0.1272898E+07,  0.2315842E+07,  0.0000000E+00,  0.0000000E+00,  0.0000000E+00,  0.6570672E+09,  0.3032223E+08,  0.6145700E+08,  0.1832415E+11,  0.0000000E+00,  0.2647423E+09,  0.0000000E+00,  0.3615061E+07,  0.0000000E+00,  0.0000000E+00,  0.4904928E+07,  0.0000000E+00,  0.0000000E+00,  0.0000000E+00,  0.0000000E+00,  0.3747085E+07,  0.0000000E+00,  0.3490983E+05,  0.2627738E+06,  0.2036268E+05,  0.7578577E+04,  0.6809191E+03,  0.0000000E+00,  0.0000000E+00,  0.1654508E+07,  0.4242109E+06,  0.1208363E+07,  0.3452365E+07,   50
12/10/2010,  0.3608431E+07,  0.0000000E+00,  0.1303416E+05,  0.6170465E+06,  0.0000000E+00,  0.1213837E+07,  0.8539966E+06,  0.0000000E+00,  0.0000000E+00,  0.0000000E+00,  0.6555006E+09,  0.2782879E+08,  0.6144260E+08,  0.1832420E+11,  0.0000000E+00,  0.2653628E+09,  0.0000000E+00,  0.0000000E+00,  0.0000000E+00,  0.0000000E+00,  0.3188160E+07,  0.1461845E+07,  0.0000000E+00,  0.0000000E+00,  0.0000000E+00,  0.2780913E+07,  0.0000000E+00,  0.3491274E+05,  0.1666709E+06,  0.2161553E+05,  0.5454845E+04,  0.0000000E+00,  0.0000000E+00,  0.0000000E+00,  0.1066601E+07,  0.4229766E+06,  0.1046756E+07,  0.0000000E+00,   37
12/11/2010,  0.3119978E+07,  0.0000000E+00,  0.1269843E+05,  0.5393730E+06,  0.0000000E+00,  0.1205674E+07,  0.3122600E+06,  0.0000000E+00,  0.0000000E+00,  0.0000000E+00,  0.6527340E+09,  0.2581517E+08,  0.6129474E+08,  0.1832415E+11,  0.0000000E+00,  0.2659836E+09,  0.0000000E+00,  0.0000000E+00,  0.0000000E+00,  0.0000000E+00,  0.2768256E+07,  0.5417366E+06,  0.0000000E+00,  0.0000000E+00,  0.0000000E+00,  0.3759555E+07,  0.0000000E+00,  0.3502128E+05,  0.2154627E+06,  0.2102964E+05,  0.4376492E+04,  0.0000000E+00,  0.0000000E+00,  0.0000000E+00,  0.8804867E+06,  0.4162734E+06,  0.9939603E+06,  0.0000000E+00,   20
12/12/2010,  0.2926076E+07,  0.0000000E+00,  0.1092704E+05,  0.4761253E+06,  0.0000000E+00,  0.1181689E+07,  0.1740507E+06,  0.0000000E+00,  0.0000000E+00,  0.0000000E+00,  0.6504212E+09,  0.2390411E+08,  0.6108307E+08,  0.1832404E+11,  0.0000000E+00,  0.2666052E+09,  0.0000000E+00,  0.0000000E+00,  0.0000000E+00,  0.0000000E+00,  0.2606688E+07,  0.1382093E+06,  0.0000000E+00,  0.0000000E+00,  0.0000000E+00,  0.3424278E+07,  0.0000000E+00,  0.2691547E+05,  0.1691714E+06,  0.1587686E+05,  0.3711397E+04,  0.0000000E+00,  0.0000000E+00,  0.0000000E+00,  0.7178312E+06,  0.4090342E+06,  0.9034218E+06,  0.0000000E+00,   10
12/13/2010,  0.2900921E+07,  0.1111552E+06,  0.1918153E+05,  0.4725948E+06,  0.0000000E+00,  0.1279681E+07,  0.2209124E+07,  0.0000000E+00,  0.0000000E+00,  0.0000000E+00,  0.6543312E+09,  0.2436883E+08,  0.6130603E+08,  0.1832404E+11,  0.0000000E+00,  0.2672613E+09,  0.0000000E+00,  0.1171677E+08,  0.0000000E+00,  0.0000000E+00,  0.2571264E+07,  0.0000000E+00,  0.0000000E+00,  0.0000000E+00,  0.0000000E+00,  0.3187344E+07,  0.0000000E+00,  0.2716761E+05,  0.2220734E+06,  0.1575880E+05,  0.3414754E+04,  0.1305968E+04,  0.0000000E+00,  0.0000000E+00,  0.1262908E+07,  0.4231238E+06,  0.1013261E+07,  0.8897000E+07,   19
12/14/2010,  0.7619883E+07,  0.4462233E+06,  0.7326009E+05,  0.7933938E+06,  0.0000000E+00,  0.1827694E+07,  0.2315842E+07,  0.0000000E+00,  0.0000000E+00,  0.0000000E+00,  0.6754142E+09,  0.3167485E+08,  0.6258529E+08,  0.1832483E+11,  0.0000000E+00,  0.2680312E+09,  0.0000000E+00,  0.3689682E+08,  0.0000000E+00,  0.0000000E+00,  0.7129728E+07,  0.0000000E+00,  0.0000000E+00,  0.0000000E+00,  0.0000000E+00,  0.2736845E+07,  0.0000000E+00,  0.2676948E+05,  0.2022822E+06,  0.1547897E+05,  0.7243456E+04,  0.5529293E+04,  0.0000000E+00,  0.0000000E+00,  0.2587959E+07,  0.4663969E+06,  0.1282182E+07,  0.3412137E+08,   48
12/15/2010,  0.4685001E+07,  0.8538180E+05,  0.1555365E+05,  0.6160389E+06,  0.0000000E+00,  0.1374771E+07,  0.1651854E+07,  0.0000000E+00,  0.0000000E+00,  0.0000000E+00,  0.6786320E+09,  0.3116242E+08,  0.6293631E+08,  0.1832509E+11,  0.0000000E+00,  0.2687359E+09,  0.0000000E+00,  0.6111376E+07,  0.0000000E+00,  0.0000000E+00,  0.4334688E+07,  0.6639873E+06,  0.0000000E+00,  0.0000000E+00,  0.0000000E+00,  0.1550961E+07,  0.0000000E+00,  0.1850208E+05,  0.1078765E+06,  0.1114410E+05,  0.9212179E+04,  0.2516590E+04,  0.0000000E+00,  0.0000000E+00,  0.1465541E+07,  0.4784321E+06,  0.1097174E+07,  0.5884155E+07,   42
12/16/2010,  0.4036872E+07,  0.3239730E+06,  0.8347372E+05,  0.8145475E+06,  0.0000000E+00,  0.1740756E+07,  0.2315842E+07,  0.0000000E+00,  0.0000000E+00,  0.0000000E+00,  0.6916591E+09,  0.3653597E+08,  0.6428071E+08,  0.1832588E+11,  0.0000000E+00,  0.2694757E+09,  0.0000000E+00,  0.2676635E+08,  0.0000000E+00,  0.0000000E+00,  0.3547584E+07,  0.0000000E+00,  0.0000000E+00,  0.0000000E+00,  0.0000000E+00,  0.2434962E+07,  0.0000000E+00,  0.2223118E+05,  0.1810606E+06,  0.1276899E+05,  0.8653090E+04,  0.3968157E+04,  0.0000000E+00,  0.0000000E+00,  0.2769676E+07,  0.5088481E+06,  0.1403414E+07,  0.2400312E+08,   31
12/17/2010,  0.1222646E+08,  0.7006037E+06,  0.3903670E+06,  0.1776780E+07,  0.0000000E+00,  0.3023486E+07,  0.2315842E+07,  0.0000000E+00,  0.0000000E+00,  0.0000000E+00,  0.7187731E+09,  0.5059956E+08,  0.6678193E+08,  0.1832831E+11,  0.0000000E+00,  0.2705870E+09,  0.0000000E+00,  0.5416029E+08,  0.0000000E+00,  0.0000000E+00,  0.1138493E+08,  0.0000000E+00,  0.0000000E+00,  0.0000000E+00,  0.0000000E+00,  0.2377213E+07,  0.0000000E+00,  0.2061863E+05,  0.1775698E+06,  0.1184391E+05,  0.3777513E+05,  0.9266335E+04,  0.0000000E+00,  0.0000000E+00,  0.4519805E+07,  0.5757383E+06,  0.1998761E+07,  0.4970377E+08,  153
12/18/2010,  0.3680373E+08,  0.2462362E+07,  0.7677538E+07,  0.1171936E+08,  0.0000000E+00,  0.8366072E+07,  0.2315842E+07,  0.0000000E+00,  0.0000000E+00,  0.0000000E+00,  0.7935488E+09,  0.1011547E+09,  0.7403018E+08,  0.1833644E+11,  0.0000000E+00,  0.2752592E+09,  0.0000000E+00,  0.1721165E+09,  0.0000000E+00,  0.0000000E+00,  0.2295821E+08,  0.0000000E+00,  0.0000000E+00,  0.0000000E+00,  0.0000000E+00,  0.3021822E+07,  0.0000000E+00,  0.2953904E+05,  0.2281356E+06,  0.1802449E+05,  0.4128652E+06,  0.3589899E+05,  0.0000000E+00,  0.0000000E+00,  0.1210557E+08,  0.8005693E+06,  0.4829480E+07,  0.1594674E+09, 1718
12/19/2010,  0.1083533E+09,  0.2917890E+06,  0.3186903E+06,  0.2578380E+07,  0.0000000E+00,  0.5265860E+07,  0.2315842E+07,  0.0000000E+00,  0.0000000E+00,  0.0000000E+00,  0.8002057E+09,  0.1010016E+09,  0.7783899E+08,  0.1834030E+11,  0.0000000E+00,  0.2789467E+09,  0.0000000E+00,  0.2119543E+08,  0.0000000E+00,  0.0000000E+00,  0.1094498E+09,  0.0000000E+00,  0.0000000E+00,  0.0000000E+00,  0.0000000E+00,  0.2823662E+07,  0.0000000E+00,  0.2558402E+05,  0.2140847E+06,  0.1662672E+05,  0.1864173E+05,  0.3994256E+04,  0.0000000E+00,  0.0000000E+00,  0.8197512E+07,  0.9461463E+06,  0.4362122E+07,  0.1949455E+08,  418
12/20/2010,  0.1638911E+08,  0.2238135E+05,  0.1224922E+06,  0.1923132E+07,  0.0000000E+00,  0.5692160E+06,  0.1962069E+07,  0.0000000E+00,  0.0000000E+00,  0.0000000E+00,  0.8012265E+09,  0.9363064E+08,  0.7887637E+08,  0.1834002E+11,  0.0000000E+00,  0.2815069E+09,  0.0000000E+00,  0.1542738E+07,  0.0000000E+00,  0.0000000E+00,  0.1388448E+08,  0.3537728E+06,  0.0000000E+00,  0.0000000E+00,  0.0000000E+00,  0.1877924E+07,  0.0000000E+00,  0.1930024E+05,  0.1438085E+06,  0.1280078E+05,  0.1100072E+05,  0.3326780E+03,  0.0000000E+00,  0.0000000E+00,  0.4851781E+07,  0.9272099E+06,  0.3794841E+07,  0.1508924E+07, 1075
12/21/2010,  0.8935977E+07,  0.3774595E+06,  0.8510789E+06,  0.2881717E+07,  0.0000000E+00,  0.2824867E+07,  0.2315842E+07,  0.0000000E+00,  0.0000000E+00,  0.0000000E+00,  0.8066839E+09,  0.1005557E+09,  0.8193764E+08,  0.1834199E+11,  0.0000000E+00,  0.2843436E+09,  0.0000000E+00,  0.2791431E+08,  0.0000000E+00,  0.0000000E+00,  0.6742656E+07,  0.0000000E+00,  0.0000000E+00,  0.0000000E+00,  0.0000000E+00,  0.2804277E+07,  0.0000000E+00,  0.2786364E+05,  0.2124148E+06,  0.1799152E+05,  0.1728352E+05,  0.5647383E+04,  0.0000000E+00,  0.0000000E+00,  0.7040527E+07,  0.9711649E+06,  0.3951963E+07,  0.2500616E+08,  434
12/22/2010,  0.8016204E+07,  0.0000000E+00,  0.1552798E+06,  0.1901657E+07,  0.0000000E+00,  0.1614731E+07,  0.1321593E+07,  0.0000000E+00,  0.0000000E+00,  0.0000000E+00,  0.8071436E+09,  0.9344512E+08,  0.8217653E+08,  0.1834297E+11,  0.0000000E+00,  0.2863596E+09,  0.0000000E+00,  0.0000000E+00,  0.0000000E+00,  0.0000000E+00,  0.6563808E+07,  0.9942491E+06,  0.0000000E+00,  0.0000000E+00,  0.0000000E+00,  0.1785912E+07,  0.6208819E-05,  0.2244650E+05,  0.1237438E+06,  0.1542855E+05,  0.9366793E+04,  0.0000000E+00,  0.0000000E+00,  0.0000000E+00,  0.3793290E+07,  0.9946389E+06,  0.3533601E+07,  0.0000000E+00,  278
12/23/2010,  0.5324390E+07,  0.0000000E+00,  0.1458551E+06,  0.1767754E+07,  0.0000000E+00,  0.1630004E+07,  0.6256324E+06,  0.0000000E+00,  0.0000000E+00,  0.0000000E+00,  0.8067979E+09,  0.8792264E+08,  0.8189750E+08,  0.1834404E+11,  0.0000000E+00,  0.2880412E+09,  0.0000000E+00,  0.0000000E+00,  0.0000000E+00,  0.0000000E+00,  0.4017600E+07,  0.6959602E+06,  0.0000000E+00,  0.0000000E+00,  0.0000000E+00,  0.1901813E+07,  0.0000000E+00,  0.2070473E+05,  0.1514115E+06,  0.1397696E+05,  0.7836050E+04,  0.0000000E+00,  0.0000000E+00,  0.0000000E+00,  0.3064412E+07,  0.1019206E+07,  0.3323404E+07,  0.0000000E+00,  232
12/24/2010,  0.4620564E+07,  0.0000000E+00,  0.1239753E+06,  0.1630133E+07,  0.0000000E+00,  0.1598827E+07,  0.3647081E+06,  0.0000000E+00,  0.0000000E+00,  0.0000000E+00,  0.8058835E+09,  0.8306791E+08,  0.8137158E+08,  0.1834499E+11,  0.0000000E+00,  0.2895289E+09,  0.0000000E+00,  0.0000000E+00,  0.0000000E+00,  0.0000000E+00,  0.3435264E+07,  0.2609243E+06,  0.0000000E+00,  0.0000000E+00,  0.0000000E+00,  0.2447787E+07,  0.0000000E+00,  0.2384710E+05,  0.1754626E+06,  0.1568549E+05,  0.6702111E+04,  0.0000000E+00,  0.0000000E+00,  0.0000000E+00,  0.2583636E+07,  0.1022028E+07,  0.3085972E+07,  0.0000000E+00,  201
12/25/2010,  0.2908621E+08,  0.9158287E+06,  0.2648896E+07,  0.5577193E+07,  0.0000000E+00,  0.5289631E+07,  0.2315842E+07,  0.0000000E+00,  0.0000000E+00,  0.0000000E+00,  0.8191106E+09,  0.1113346E+09,  0.8616142E+08,  0.1834927E+11,  0.0000000E+00,  0.2928978E+09,  0.0000000E+00,  0.6656954E+08,  0.0000000E+00,  0.0000000E+00,  0.2454710E+08,  0.0000000E+00,  0.0000000E+00,  0.0000000E+00,  0.0000000E+00,  0.2443827E+07,  0.0000000E+00,  0.2135065E+05,  0.1849392E+06,  0.1353156E+05,  0.6849517E+05,  0.1431819E+05,  0.0000000E+00,  0.0000000E+00,  0.8802502E+07,  0.1106553E+07,  0.3991616E+07,  0.5992580E+08, 1077
12/26/2010,  0.9023168E+07,  0.0000000E+00,  0.1474177E+06,  0.2158205E+07,  0.0000000E+00,  0.1516756E+07,  0.1361796E+07,  0.0000000E+00,  0.0000000E+00,  0.0000000E+00,  0.8194599E+09,  0.1035895E+09,  0.8668513E+08,  0.1835015E+11,  0.0000000E+00,  0.2952206E+09,  0.0000000E+00,  0.0000000E+00,  0.0000000E+00,  0.0000000E+00,  0.7227360E+07,  0.9540455E+06,  0.0000000E+00,  0.0000000E+00,  0.0000000E+00,  0.1715519E+07,  0.6208819E-05,  0.2246175E+05,  0.1195691E+06,  0.1534382E+05,  0.1019218E+05,  0.0000000E+00,  0.0000000E+00,  0.0000000E+00,  0.4485979E+07,  0.1117818E+07,  0.3940284E+07,  0.0000000E+00,  323
12/27/2010,  0.5569272E+07,  0.0000000E+00,  0.1443175E+06,  0.2028990E+07,  0.0000000E+00,  0.1608726E+07,  0.6359730E+06,  0.0000000E+00,  0.0000000E+00,  0.0000000E+00,  0.8190008E+09,  0.9754271E+08,  0.8655335E+08,  0.1835109E+11,  0.0000000E+00,  0.2971779E+09,  0.0000000E+00,  0.0000000E+00,  0.0000000E+00,  0.0000000E+00,  0.3984768E+07,  0.7258231E+06,  0.0000000E+00,  0.0000000E+00,  0.0000000E+00,  0.1943830E+07,  0.0000000E+00,  0.2352726E+05,  0.1530448E+06,  0.1593981E+05,  0.7664619E+04,  0.0000000E+00,  0.0000000E+00,  0.0000000E+00,  0.3516899E+07,  0.1130969E+07,  0.3624825E+07,  0.0000000E+00,  224
12/28/2010,  0.1393350E+09,  0.2773171E+07,  0.3047423E+08,  0.3158990E+08,  0.0000000E+00,  0.8467600E+07,  0.2315842E+07,  0.0000000E+00,  0.0000000E+00,  0.0000000E+00,  0.8415562E+09,  0.1652558E+09,  0.9806889E+08,  0.1836027E+11,  0.0000000E+00,  0.3047855E+09,  0.0000000E+00,  0.1889502E+09,  0.0000000E+00,  0.0000000E+00,  0.8481542E+08,  0.0000000E+00,  0.0000000E+00,  0.0000000E+00,  0.0000000E+00,  0.2316042E+07,  0.0000000E+00,  0.2333568E+05,  0.1778883E+06,  0.1525481E+05,  0.4850594E+06,  0.3993617E+05,  0.0000000E+00,  0.0000000E+00,  0.1865432E+08,  0.1520976E+07,  0.7117020E+07,  0.1722585E+09, 2043
12/29/2010,  0.3752673E+08,  0.0000000E+00,  0.3133946E+06,  0.3950838E+07,  0.0000000E+00,  0.2410816E+07,  0.1714607E+07,  0.0000000E+00,  0.0000000E+00,  0.0000000E+00,  0.8426618E+09,  0.1501818E+09,  0.1010615E+09,  0.1836355E+11,  0.0000000E+00,  0.3084626E+09,  0.0000000E+00,  0.0000000E+00,  0.0000000E+00,  0.0000000E+00,  0.3471984E+08,  0.6012343E+06,  0.0000000E+00,  0.0000000E+00,  0.0000000E+00,  0.1085178E+07,  0.0000000E+00,  0.1430523E+05,  0.7804513E+05,  0.1047477E+05,  0.1856591E+05,  0.0000000E+00,  0.0000000E+00,  0.0000000E+00,  0.1011085E+08,  0.1494341E+07,  0.7102719E+07,  0.0000000E+00,  332
12/30/2010,  0.1171565E+08,  0.0000000E+00,  0.3140168E+06,  0.3423903E+07,  0.0000000E+00,  0.7981225E+06,  0.1076792E+07,  0.0000000E+00,  0.0000000E+00,  0.0000000E+00,  0.8425209E+09,  0.1395167E+09,  0.1018981E+09,  0.1836507E+11,  0.0000000E+00,  0.3116251E+09,  0.0000000E+00,  0.0000000E+00,  0.0000000E+00,  0.0000000E+00,  0.7771680E+07,  0.6378153E+06,  0.0000000E+00,  0.0000000E+00,  0.0000000E+00,  0.1202709E+07,  0.0000000E+00,  0.1495601E+05,  0.9096623E+05,  0.1091150E+05,  0.1174181E+05,  0.0000000E+00,  0.0000000E+00,  0.0000000E+00,  0.7354115E+07,  0.1490690E+07,  0.6501109E+07,  0.0000000E+00,  687
12/31/2010,  0.8800173E+07,  0.1875413E+06,  0.7613154E+06,  0.3957575E+07,  0.0000000E+00,  0.1791320E+07,  0.2315842E+07,  0.0000000E+00,  0.0000000E+00,  0.0000000E+00,  0.8427844E+09,  0.1383831E+09,  0.1038615E+09,  0.1836752E+11,  0.0000000E+00,  0.3147123E+09,  0.0000000E+00,  0.1481614E+08,  0.0000000E+00,  0.0000000E+00,  0.4682880E+07,  0.0000000E+00,  0.0000000E+00,  0.0000000E+00,  0.0000000E+00,  0.1851523E+07,  0.0000000E+00,  0.1620131E+05,  0.1418325E+06,  0.1101274E+05,  0.1023736E+05,  0.2783629E+04,  0.0000000E+00,  0.0000000E+00,  0.8352221E+07,  0.1524339E+07,  0.6372660E+07,  0.1252895E+08,  239
01/01/2011,  0.1876470E+08,  0.4462484E+06,  0.1917923E+07,  0.6166074E+07,  0.0000000E+00,  0.3234606E+07,  0.2315842E+07,  0.0000000E+00,  0.0000000E+00,  0.0000000E+00,  0.8453540E+09,  0.1470631E+09,  0.1071520E+09,  0.1837137E+11,  0.0000000E+00,  0.3183121E+09,  0.0000000E+00,  0.3114721E+08,  0.0000000E+00,  0.0000000E+00,  0.1256342E+08,  0.0000000E+00,  0.0000000E+00,  0.0000000E+00,  0.0000000E+00,  0.1224989E+07,  0.0000000E+00,  0.1122285E+05,  0.9324120E+05,  0.7720812E+04,  0.1940325E+05,  0.7513807E+04,  0.0000000E+00,  0.0000000E+00,  0.9971741E+07,  0.1589897E+07,  0.6670214E+07,  0.2894444E+08, 1289
01/02/2011,  0.1200038E+08,  0.2432326E+06,  0.9543885E+06,  0.5343037E+07,  0.0000000E+00,  0.2221895E+07,  0.2315842E+07,  0.0000000E+00,  0.0000000E+00,  0.0000000E+00,  0.8461601E+09,  0.1474543E+09,  0.1090741E+09,  0.1837446E+11,  0.0000000E+00,  0.3218167E+09,  0.0000000E+00,  0.1732125E+08,  0.0000000E+00,  0.0000000E+00,  0.6686496E+07,  0.0000000E+00,  0.0000000E+00,  0.0000000E+00,  0.0000000E+00,  0.1220290E+07,  0.0000000E+00,  0.1145613E+05,  0.9345144E+05,  0.8399474E+04,  0.1569811E+05,  0.3782614E+04,  0.0000000E+00,  0.0000000E+00,  0.8980518E+07,  0.1647909E+07,  0.7045816E+07,  0.1605193E+08,  244
01/03/2011,  0.8217290E+07,  0.0000000E+00,  0.3644926E+06,  0.3930276E+07,  0.0000000E+00,  0.1270827E+07,  0.1493790E+07,  0.0000000E+00,  0.0000000E+00,  0.0000000E+00,  0.8458474E+09,  0.1381684E+09,  0.1079733E+09,  0.1837636E+11,  0.0000000E+00,  0.3249326E+09,  0.0000000E+00,  0.0000000E+00,  0.0000000E+00,  0.0000000E+00,  0.4146336E+07,  0.8220521E+06,  0.0000000E+00,  0.0000000E+00,  0.0000000E+00,  0.1463404E+07,  0.6208819E-05,  0.1625779E+05,  0.1041421E+06,  0.1179188E+05,  0.1052769E+05,  0.0000000E+00,  0.0000000E+00,  0.0000000E+00,  0.5492569E+07,  0.1647689E+07,  0.6577376E+07,  0.0000000E+00,  261
01/04/2011,  0.7498996E+07,  0.0000000E+00,  0.3193691E+06,  0.3707647E+07,  0.0000000E+00,  0.1305306E+07,  0.7479330E+06,  0.0000000E+00,  0.0000000E+00,  0.0000000E+00,  0.8454868E+09,  0.1298939E+09,  0.1065107E+09,  0.1837788E+11,  0.0000000E+00,  0.3278506E+09,  0.0000000E+00,  0.0000000E+00,  0.0000000E+00,  0.0000000E+00,  0.3740256E+07,  0.7458566E+06,  0.0000000E+00,  0.0000000E+00,  0.0000000E+00,  0.1717095E+07,  0.0000000E+00,  0.1608806E+05,  0.1402999E+06,  0.1148683E+05,  0.8722681E+04,  0.0000000E+00,  0.0000000E+00,  0.0000000E+00,  0.4542414E+07,  0.1641407E+07,  0.5989170E+07,  0.0000000E+00,  358
01/05/2011,  0.6826479E+07,  0.0000000E+00,  0.2740982E+06,  0.3398322E+07,  0.0000000E+00,  0.1255430E+07,  0.3936537E+06,  0.0000000E+00,  0.0000000E+00,  0.0000000E+00,  0.8447452E+09,  0.1224033E+09,  0.1048441E+09,  0.1837906E+11,  0.0000000E+00,  0.3306052E+09,  0.0000000E+00,  0.0000000E+00,  0.0000000E+00,  0.0000000E+00,  0.3373920E+07,  0.3542793E+06,  0.0000000E+00,  0.0000000E+00,  0.0000000E+00,  0.2303793E+07,  0.0000000E+00,  0.1510858E+05,  0.1744852E+06,  0.1052873E+05,  0.7284962E+04,  0.0000000E+00,  0.0000000E+00,  0.0000000E+00,  0.3883936E+07,  0.1624447E+07,  0.5535991E+07,  0.0000000E+00,  601
01/06/2011,  0.6557188E+07,  0.4919690E+05,  0.2813657E+06,  0.3279899E+07,  0.0000000E+00,  0.1365936E+07,  0.1937933E+07,  0.0000000E+00,  0.0000000E+00,  0.0000000E+00,  0.8455241E+09,  0.1175851E+09,  0.1037053E+09,  0.1838003E+11,  0.0000000E+00,  0.3333012E+09,  0.0000000E+00,  0.5331476E+07,  0.0000000E+00,  0.0000000E+00,  0.3282336E+07,  0.0000000E+00,  0.0000000E+00,  0.0000000E+00,  0.0000000E+00,  0.1570858E+07,  0.0000000E+00,  0.6658492E+04,  0.1022575E+06,  0.4279763E+04,  0.6708502E+04,  0.9230746E+03,  0.0000000E+00,  0.0000000E+00,  0.3894513E+07,  0.1602788E+07,  0.5027146E+07,  0.3378638E+07,  228
01/07/2011,  0.6186681E+07,  0.0000000E+00,  0.2125011E+06,  0.2931367E+07,  0.0000000E+00,  0.1211107E+07,  0.1185801E+07,  0.0000000E+00,  0.0000000E+00,  0.0000000E+00,  0.8456144E+09,  0.1115184E+09,  0.1020483E+09,  0.1838071E+11,  0.0000000E+00,  0.3358288E+09,  0.0000000E+00,  0.0000000E+00,  0.0000000E+00,  0.0000000E+00,  0.3218976E+07,  0.7521315E+06,  0.0000000E+00,  0.0000000E+00,  0.0000000E+00,  0.1332645E+07,  0.0000000E+00,  0.1275454E+05,  0.8882374E+05,  0.9033467E+04,  0.5553244E+04,  0.0000000E+00,  0.0000000E+00,  0.0000000E+00,  0.3089786E+07,  0.1581304E+07,  0.4734916E+07,  0.0000000E+00,  303
01/08/2011,  0.5868660E+07,  0.0000000E+00,  0.1888976E+06,  0.2716690E+07,  0.0000000E+00,  0.1209619E+07,  0.6554507E+06,  0.0000000E+00,  0.0000000E+00,  0.0000000E+00,  0.8452018E+09,  0.1062000E+09,  0.1005742E+09,  0.1838107E+11,  0.0000000E+00,  0.3382328E+09,  0.0000000E+00,  0.0000000E+00,  0.0000000E+00,  0.0000000E+00,  0.3136032E+07,  0.5303505E+06,  0.0000000E+00,  0.0000000E+00,  0.0000000E+00,  0.1558371E+07,  0.0000000E+00,  0.1328916E+05,  0.1182123E+06,  0.9341929E+04,  0.4702762E+04,  0.0000000E+00,  0.0000000E+00,  0.0000000E+00,  0.2821835E+07,  0.1543294E+07,  0.4283548E+07,  0.0000000E+00,  346
01/09/2011,  0.5570730E+07,  0.0000000E+00,  0.1659367E+06,  0.2510522E+07,  0.0000000E+00,  0.1187440E+07,  0.4907828E+06,  0.0000000E+00,  0.0000000E+00,  0.0000000E+00,  0.8451350E+09,  0.1012343E+09,  0.9909920E+08,  0.1838130E+11,  0.0000000E+00,  0.3405240E+09,  0.0000000E+00,  0.0000000E+00,  0.0000000E+00,  0.0000000E+00,  0.3045312E+07,  0.1646679E+06,  0.0000000E+00,  0.0000000E+00,  0.0000000E+00,  0.1336257E+07,  0.0000000E+00,  0.1161760E+05,  0.9769401E+05,  0.8147154E+04,  0.3995304E+04,  0.0000000E+00,  0.0000000E+00,  0.0000000E+00,  0.2548685E+07,  0.1514167E+07,  0.4013080E+07,  0.0000000E+00,  222
01/10/2011,  0.5026775E+07,  0.0000000E+00,  0.1549883E+06,  0.2330808E+07,  0.0000000E+00,  0.1163275E+07,  0.3415097E+06,  0.0000000E+00,  0.0000000E+00,  0.0000000E+00,  0.8440601E+09,  0.9684277E+08,  0.9762752E+08,  0.1838145E+11,  0.0000000E+00,  0.3426904E+09,  0.0000000E+00,  0.0000000E+00,  0.0000000E+00,  0.0000000E+00,  0.2668896E+07,  0.1492731E+06,  0.0000000E+00,  0.0000000E+00,  0.0000000E+00,  0.2089684E+07,  0.0000000E+00,  0.1645726E+05,  0.1376896E+06,  0.1134426E+05,  0.3489742E+04,  0.0000000E+00,  0.0000000E+00,  0.0000000E+00,  0.2392198E+07,  0.1483587E+07,  0.3848503E+07,  0.0000000E+00,  253
01/11/2011,  0.5715444E+07,  0.1081261E+06,  0.1892209E+06,  0.2427183E+07,  0.0000000E+00,  0.3302784E+07,  0.2289090E+07,  0.0000000E+00,  0.0000000E+00,  0.0000000E+00,  0.8455150E+09,  0.9701266E+08,  0.9716687E+08,  0.1838312E+11,  0.0000000E+00,  0.3455243E+09,  0.0000000E+00,  0.9873776E+07,  0.0000000E+00,  0.0000000E+00,  0.5263488E+07,  0.0000000E+00,  0.0000000E+00,  0.0000000E+00,  0.0000000E+00,  0.1224977E+07,  0.0000000E+00,  0.8380349E+04,  0.9023738E+05,  0.5607332E+04,  0.3529545E+04,  0.1951441E+04,  0.0000000E+00,  0.0000000E+00,  0.3340094E+07,  0.1494890E+07,  0.3793340E+07,  0.7303250E+07, 1124
01/12/2011,  0.5055997E+07,  0.0000000E+00,  0.1447640E+06,  0.2172210E+07,  0.0000000E+00,  0.3029898E+07,  0.1141389E+07,  0.0000000E+00,  0.0000000E+00,  0.0000000E+00,  0.8444442E+09,  0.9297148E+08,  0.9585260E+08,  0.1838388E+11,  0.0000000E+00,  0.3486438E+09,  0.0000000E+00,  0.0000000E+00,  0.0000000E+00,  0.0000000E+00,  0.4727808E+07,  0.1147701E+07,  0.0000000E+00,  0.0000000E+00,  0.0000000E+00,  0.2041848E+07,  0.0000000E+00,  0.2215843E+05,  0.1349380E+06,  0.1606663E+05,  0.3011112E+04,  0.0000000E+00,  0.0000000E+00,  0.0000000E+00,  0.2217066E+07,  0.1453411E+07,  0.3512881E+07,  0.0000000E+00,  216
01/13/2011,  0.6504389E+07,  0.1689144E+06,  0.1985412E+06,  0.2440716E+07,  0.0000000E+00,  0.2599896E+07,  0.2315842E+07,  0.0000000E+00,  0.0000000E+00,  0.0000000E+00,  0.8438002E+09,  0.9569835E+08,  0.9650633E+08,  0.1838416E+11,  0.0000000E+00,  0.3518593E+09,  0.0000000E+00,  0.1310354E+08,  0.0000000E+00,  0.0000000E+00,  0.5274720E+07,  0.0000000E+00,  0.0000000E+00,  0.0000000E+00,  0.0000000E+00,  0.3517489E+07,  0.0000000E+00,  0.3037246E+05,  0.2678332E+06,  0.2094311E+05,  0.3556603E+04,  0.3051156E+04,  0.0000000E+00,  0.0000000E+00,  0.4294271E+07,  0.1438572E+07,  0.3610960E+07,  0.1108340E+08,   81
01/14/2011,  0.5574815E+07,  0.0000000E+00,  0.1260730E+06,  0.2045255E+07,  0.0000000E+00,  0.2497858E+07,  0.7864396E+06,  0.0000000E+00,  0.0000000E+00,  0.0000000E+00,  0.8434889E+09,  0.9023896E+08,  0.9522280E+08,  0.1838422E+11,  0.0000000E+00,  0.3549613E+09,  0.0000000E+00,  0.0000000E+00,  0.0000000E+00,  0.0000000E+00,  0.4860864E+07,  0.1529402E+07,  0.0000000E+00,  0.0000000E+00,  0.0000000E+00,  0.2938763E+07,  0.0000000E+00,  0.3065192E+05,  0.1722277E+06,  0.2249549E+05,  0.2790888E+04,  0.0000000E+00,  0.0000000E+00,  0.0000000E+00,  0.2077506E+07,  0.1402500E+07,  0.3340824E+07,  0.0000000E+00,   61
01/15/2011,  0.4626522E+07,  0.0000000E+00,  0.1143468E+06,  0.1890861E+07,  0.0000000E+00,  0.2469822E+07,  0.2625916E+06,  0.0000000E+00,  0.0000000E+00,  0.0000000E+00,  0.8416768E+09,  0.8566645E+08,  0.9395221E+08,  0.1838413E+11,  0.0000000E+00,  0.3580177E+09,  0.0000000E+00,  0.0000000E+00,  0.0000000E+00,  0.0000000E+00,  0.4048704E+07,  0.5238480E+06,  0.0000000E+00,  0.0000000E+00,  0.0000000E+00,  0.3828513E+07,  0.0000000E+00,  0.3096004E+05,  0.2037079E+06,  0.2235055E+05,  0.2410763E+04,  0.0000000E+00,  0.0000000E+00,  0.0000000E+00,  0.1939550E+07,  0.1372145E+07,  0.3181373E+07,  0.0000000E+00,  180
01/16/2011,  0.4028220E+07,  0.0000000E+00,  0.1037858E+06,  0.1719503E+07,  0.0000000E+00,  0.2455091E+07,  0.1302380E+06,  0.0000000E+00,  0.0000000E+00,  0.0000000E+00,  0.8404187E+09,  0.8084641E+08,  0.9276885E+08,  0.1838391E+11,  0.0000000E+00,  0.3610160E+09,  0.0000000E+00,  0.0000000E+00,  0.0000000E+00,  0.0000000E+00,  0.3612384E+07,  0.1323535E+06,  0.0000000E+00,  0.0000000E+00,  0.0000000E+00,  0.3831654E+07,  0.0000000E+00,  0.2711659E+05,  0.1683570E+06,  0.1937501E+05,  0.2062025E+04,  0.0000000E+00,  0.0000000E+00,  0.0000000E+00,  0.1779094E+07,  0.1337469E+07,  0.2935964E+07,  0.0000000E+00,   47
01/17/2011,  0.3929981E+07,  0.0000000E+00,  0.9697107E+05,  0.1573225E+07,  0.0000000E+00,  0.2453166E+07,  0.8727931E+05,  0.0000000E+00,  0.0000000E+00,  0.0000000E+00,  0.8387864E+09,  0.7632208E+08,  0.9149193E+08,  0.1838372E+11,  0.0000000E+00,  0.3639506E+09,  0.0000000E+00,  0.0000000E+00,  0.0000000E+00,  0.0000000E+00,  0.3665088E+07,  0.4295874E+05,  0.0000000E+00,  0.0000000E+00,  0.0000000E+00,  0.4172240E+07,  0.0000000E+00,  0.3229035E+05,  0.1727774E+06,  0.2383268E+05,  0.1799952E+04,  0.0000000E+00,  0.0000000E+00,  0.0000000E+00,  0.1647225E+07,  0.1312784E+07,  0.2892460E+07,  0.0000000E+00,   52
01/18/2011,  0.3938636E+07,  0.0000000E+00,  0.9239587E+05,  0.1440796E+07,  0.0000000E+00,  0.2453869E+07,  0.7148395E+05,  0.0000000E+00,  0.0000000E+00,  0.0000000E+00,  0.8375215E+09,  0.7188698E+08,  0.9025214E+08,  0.1838348E+11,  0.0000000E+00,  0.3668275E+09,  0.0000000E+00,  0.0000000E+00,  0.0000000E+00,  0.0000000E+00,  0.3809376E+07,  0.1579536E+05,  0.0000000E+00,  0.0000000E+00,  0.0000000E+00,  0.3933873E+07,  0.0000000E+00,  0.3041745E+05,  0.1566748E+06,  0.2303833E+05,  0.1536596E+04,  0.0000000E+00,  0.0000000E+00,  0.0000000E+00,  0.1539935E+07,  0.1284932E+07,  0.2749914E+07,  0.0000000E+00,   44
01/19/2011,  0.3657227E+07,  0.0000000E+00,  0.8852468E+05,  0.1325967E+07,  0.0000000E+00,  0.2453714E+07,  0.6116629E+05,  0.0000000E+00,  0.0000000E+00,  0.0000000E+00,  0.8360523E+09,  0.6782593E+08,  0.8919109E+08,  0.1838307E+11,  0.0000000E+00,  0.3696530E+09,  0.0000000E+00,  0.0000000E+00,  0.0000000E+00,  0.0000000E+00,  0.3641760E+07,  0.1031766E+05,  0.0000000E+00,  0.0000000E+00,  0.0000000E+00,  0.3940156E+07,  0.0000000E+00,  0.2727967E+05,  0.1503273E+06,  0.2107295E+05,  0.1324134E+04,  0.0000000E+00,  0.0000000E+00,  0.0000000E+00,  0.1446263E+07,  0.1247096E+07,  0.2480683E+07,  0.0000000E+00,   58
01/20/2011,  0.3457058E+07,  0.0000000E+00,  0.8508839E+05,  0.1222814E+07,  0.0000000E+00,  0.2459830E+07,  0.5378449E+05,  0.0000000E+00,  0.0000000E+00,  0.0000000E+00,  0.8347674E+09,  0.6391777E+08,  0.8810198E+08,  0.1838268E+11,  0.0000000E+00,  0.3724269E+09,  0.0000000E+00,  0.0000000E+00,  0.0000000E+00,  0.0000000E+00,  0.3550176E+07,  0.7381802E+04,  0.0000000E+00,  0.0000000E+00,  0.0000000E+00,  0.3776557E+07,  0.0000000E+00,  0.2313105E+05,  0.1329523E+06,  0.1814435E+05,  0.1144001E+04,  0.0000000E+00,  0.0000000E+00,  0.0000000E+00,  0.1352587E+07,  0.1218705E+07,  0.2419290E+07,  0.0000000E+00,   35
01/21/2011,  0.3545164E+07,  0.0000000E+00,  0.8235987E+05,  0.1132806E+07,  0.0000000E+00,  0.2480075E+07,  0.4748492E+05,  0.0000000E+00,  0.0000000E+00,  0.0000000E+00,  0.8329864E+09,  0.6022305E+08,  0.8711017E+08,  0.1838223E+11,  0.0000000E+00,  0.3751507E+09,  0.0000000E+00,  0.0000000E+00,  0.0000000E+00,  0.0000000E+00,  0.3746304E+07,  0.6299561E+04,  0.0000000E+00,  0.0000000E+00,  0.0000000E+00,  0.4184483E+07,  0.0000000E+00,  0.2789415E+05,  0.1328661E+06,  0.2254931E+05,  0.9906729E+03,  0.0000000E+00,  0.0000000E+00,  0.0000000E+00,  0.1285503E+07,  0.1182644E+07,  0.2250124E+07,  0.0000000E+00,  129
01/22/2011,  0.3499496E+07,  0.0000000E+00,  0.7916059E+05,  0.1046213E+07,  0.0000000E+00,  0.2490440E+07,  0.4207603E+05,  0.0000000E+00,  0.0000000E+00,  0.0000000E+00,  0.8309505E+09,  0.5652131E+08,  0.8617842E+08,  0.1838171E+11,  0.0000000E+00,  0.3778237E+09,  0.0000000E+00,  0.0000000E+00,  0.0000000E+00,  0.0000000E+00,  0.3796416E+07,  0.5408891E+04,  0.0000000E+00,  0.0000000E+00,  0.0000000E+00,  0.4584258E+07,  0.0000000E+00,  0.2949033E+05,  0.1274640E+06,  0.2452707E+05,  0.8457925E+03,  0.0000000E+00,  0.0000000E+00,  0.0000000E+00,  0.1203522E+07,  0.1147213E+07,  0.2106520E+07,  0.0000000E+00,   31
01/23/2011,  0.3317496E+07,  0.0000000E+00,  0.8015260E+05,  0.9673075E+06,  0.0000000E+00,  0.2502390E+07,  0.3798101E+05,  0.0000000E+00,  0.0000000E+00,  0.0000000E+00,  0.8292341E+09,  0.5280407E+08,  0.8522672E+08,  0.1838122E+11,  0.0000000E+00,  0.3804627E+09,  0.0000000E+00,  0.0000000E+00,  0.0000000E+00,  0.0000000E+00,  0.3707424E+07,  0.4095026E+04,  0.0000000E+00,  0.0000000E+00,  0.0000000E+00,  0.4416528E+07,  0.0000000E+00,  0.2634709E+05,  0.1185315E+06,  0.2250699E+05,  0.7203416E+03,  0.0000000E+00,  0.0000000E+00,  0.0000000E+00,  0.1116003E+07,  0.1116582E+07,  0.2042094E+07,  0.0000000E+00,   49
01/24/2011,  0.3228802E+07,  0.0000000E+00,  0.7620017E+05,  0.8971792E+06,  0.0000000E+00,  0.2515133E+07,  0.3456690E+05,  0.0000000E+00,  0.0000000E+00,  0.0000000E+00,  0.8272662E+09,  0.4938021E+08,  0.8437710E+08,  0.1838066E+11,  0.0000000E+00,  0.3830572E+09,  0.0000000E+00,  0.0000000E+00,  0.0000000E+00,  0.0000000E+00,  0.3699648E+07,  0.3414112E+04,  0.0000000E+00,  0.0000000E+00,  0.0000000E+00,  0.4470743E+07,  0.0000000E+00,  0.2773427E+05,  0.1131618E+06,  0.2449717E+05,  0.6396834E+03,  0.0000000E+00,  0.0000000E+00,  0.0000000E+00,  0.1049218E+07,  0.1070350E+07,  0.1871849E+07,  0.0000000E+00,   31
01/25/2011,  0.3123124E+07,  0.0000000E+00,  0.7111517E+05,  0.8337066E+06,  0.0000000E+00,  0.2531136E+07,  0.3157399E+05,  0.0000000E+00,  0.0000000E+00,  0.0000000E+00,  0.8250073E+09,  0.4619727E+08,  0.8356017E+08,  0.1838009E+11,  0.0000000E+00,  0.3856147E+09,  0.0000000E+00,  0.0000000E+00,  0.0000000E+00,  0.0000000E+00,  0.3672000E+07,  0.2992907E+04,  0.0000000E+00,  0.0000000E+00,  0.0000000E+00,  0.4619030E+07,  0.0000000E+00,  0.2694158E+05,  0.1151381E+06,  0.2454773E+05,  0.5699891E+03,  0.0000000E+00,  0.0000000E+00,  0.0000000E+00,  0.9768480E+06,  0.1026377E+07,  0.1767585E+07,  0.0000000E+00,   41
01/26/2011,  0.3040609E+07,  0.0000000E+00,  0.6847262E+05,  0.7745653E+06,  0.0000000E+00,  0.2542692E+07,  0.2926994E+05,  0.0000000E+00,  0.0000000E+00,  0.0000000E+00,  0.8233539E+09,  0.4318285E+08,  0.8277569E+08,  0.1837951E+11,  0.0000000E+00,  0.3881445E+09,  0.0000000E+00,  0.0000000E+00,  0.0000000E+00,  0.0000000E+00,  0.3660768E+07,  0.2304044E+04,  0.0000000E+00,  0.0000000E+00,  0.0000000E+00,  0.3941449E+07,  0.0000000E+00,  0.2014032E+05,  0.9618420E+05,  0.1869866E+05,  0.5033540E+03,  0.0000000E+00,  0.0000000E+00,  0.0000000E+00,  0.9033606E+06,  0.9855033E+06,  0.1668454E+07,  0.0000000E+00,   45
01/27/2011,  0.3272759E+07,  0.0000000E+00,  0.6741132E+05,  0.7278077E+06,  0.0000000E+00,  0.2563052E+07,  0.2724859E+05,  0.0000000E+00,  0.0000000E+00,  0.0000000E+00,  0.8211621E+09,  0.4066687E+08,  0.8201273E+08,  0.1837894E+11,  0.0000000E+00,  0.3906386E+09,  0.0000000E+00,  0.0000000E+00,  0.0000000E+00,  0.0000000E+00,  0.3959712E+07,  0.2021351E+04,  0.0000000E+00,  0.0000000E+00,  0.0000000E+00,  0.4048232E+07,  0.0000000E+00,  0.2316020E+05,  0.9959235E+05,  0.2273526E+05,  0.4514054E+03,  0.0000000E+00,  0.0000000E+00,  0.0000000E+00,  0.8528976E+06,  0.9513886E+06,  0.1593493E+07,  0.0000000E+00,   39
01/28/2011,  0.3357926E+07,  0.0000000E+00,  0.7310752E+05,  0.6841345E+06,  0.0000000E+00,  0.2576048E+07,  0.2534662E+05,  0.0000000E+00,  0.0000000E+00,  0.0000000E+00,  0.8185663E+09,  0.3833902E+08,  0.8122792E+08,  0.1837840E+11,  0.0000000E+00,  0.3931083E+09,  0.0000000E+00,  0.0000000E+00,  0.0000000E+00,  0.0000000E+00,  0.4103136E+07,  0.1901972E+04,  0.0000000E+00,  0.0000000E+00,  0.0000000E+00,  0.4334258E+07,  0.0000000E+00,  0.2505841E+05,  0.1000328E+06,  0.2616314E+05,  0.4054849E+03,  0.0000000E+00,  0.0000000E+00,  0.0000000E+00,  0.7989027E+06,  0.9270708E+06,  0.1559423E+07,  0.0000000E+00,  188
01/29/2011,  0.4534116E+07,  0.4353216E+06,  0.8985175E+05,  0.1130188E+07,  0.0000000E+00,  0.3262110E+07,  0.2315842E+07,  0.0000000E+00,  0.0000000E+00,  0.0000000E+00,  0.8285700E+09,  0.5203427E+08,  0.8177555E+08,  0.1837862E+11,  0.0000000E+00,  0.3959002E+09,  0.0000000E+00,  0.3597141E+08,  0.0000000E+00,  0.0000000E+00,  0.5088096E+07,  0.0000000E+00,  0.0000000E+00,  0.0000000E+00,  0.0000000E+00,  0.3818272E+07,  0.0000000E+00,  0.3106969E+05,  0.2629289E+06,  0.2777793E+05,  0.2103906E+04,  0.5960170E+04,  0.0000000E+00,  0.0000000E+00,  0.2612609E+07,  0.1014403E+07,  0.2034640E+07,  0.3029412E+08,   39
01/30/2011,  0.1586618E+08,  0.2407168E+06,  0.9275355E+05,  0.1168659E+07,  0.0000000E+00,  0.3181908E+07,  0.2315842E+07,  0.0000000E+00,  0.0000000E+00,  0.0000000E+00,  0.8328118E+09,  0.5897038E+08,  0.8266242E+08,  0.1837868E+11,  0.0000000E+00,  0.3986372E+09,  0.0000000E+00,  0.1828901E+08,  0.0000000E+00,  0.0000000E+00,  0.1646870E+08,  0.0000000E+00,  0.0000000E+00,  0.0000000E+00,  0.0000000E+00,  0.2397626E+07,  0.0000000E+00,  0.2370119E+05,  0.1691100E+06,  0.1909344E+05,  0.9899886E+03,  0.2756649E+04,  0.0000000E+00,  0.0000000E+00,  0.2847110E+07,  0.1043969E+07,  0.1937037E+07,  0.1659464E+08,   77
01/31/2011,  0.4570764E+07,  0.0000000E+00,  0.7062413E+05,  0.1001755E+07,  0.0000000E+00,  0.2692994E+07,  0.8778558E+06,  0.0000000E+00,  0.0000000E+00,  0.0000000E+00,  0.8314310E+09,  0.5619864E+08,  0.8238574E+08,  0.1837818E+11,  0.0000000E+00,  0.4012736E+09,  0.0000000E+00,  0.0000000E+00,  0.0000000E+00,  0.0000000E+00,  0.5107104E+07,  0.1437986E+07,  0.0000000E+00,  0.0000000E+00,  0.0000000E+00,  0.2619473E+07,  0.6208819E-05,  0.2945196E+05,  0.1442947E+06,  0.2555063E+05,  0.9401641E+03,  0.0000000E+00,  0.0000000E+00,  0.0000000E+00,  0.1483876E+07,  0.1009834E+07,  0.1733179E+07,  0.0000000E+00,   34
02/01/2011,  0.3291318E+07,  0.0000000E+00,  0.6567347E+05,  0.9280097E+06,  0.0000000E+00,  0.2730690E+07,  0.2541620E+06,  0.0000000E+00,  0.0000000E+00,  0.0000000E+00,  0.8294262E+09,  0.5352018E+08,  0.8200947E+08,  0.1837769E+11,  0.0000000E+00,  0.4038628E+09,  0.0000000E+00,  0.0000000E+00,  0.0000000E+00,  0.0000000E+00,  0.3941568E+07,  0.6236938E+06,  0.0000000E+00,  0.0000000E+00,  0.0000000E+00,  0.3401134E+07,  0.0000000E+00,  0.3103312E+05,  0.1473844E+06,  0.2615199E+05,  0.7976289E+03,  0.0000000E+00,  0.0000000E+00,  0.0000000E+00,  0.1292074E+07,  0.9888645E+06,  0.1637975E+07,  0.0000000E+00,   32
02/02/2011,  0.2877166E+07,  0.0000000E+00,  0.6260414E+05,  0.8633555E+06,  0.0000000E+00,  0.2661859E+07,  0.9915092E+05,  0.0000000E+00,  0.0000000E+00,  0.0000000E+00,  0.8276504E+09,  0.5074086E+08,  0.8148568E+08,  0.1837724E+11,  0.0000000E+00,  0.4063956E+09,  0.0000000E+00,  0.0000000E+00,  0.0000000E+00,  0.0000000E+00,  0.3532032E+07,  0.1550111E+06,  0.0000000E+00,  0.0000000E+00,  0.0000000E+00,  0.3479946E+07,  0.0000000E+00,  0.2313501E+05,  0.1155018E+06,  0.1937815E+05,  0.7025726E+03,  0.0000000E+00,  0.0000000E+00,  0.0000000E+00,  0.1147014E+07,  0.9817047E+06,  0.1648267E+07,  0.0000000E+00,   43
02/03/2011,  0.2703009E+07,  0.0000000E+00,  0.6132358E+05,  0.8054148E+06,  0.0000000E+00,  0.2671796E+07,  0.5859352E+05,  0.0000000E+00,  0.0000000E+00,  0.0000000E+00,  0.8254161E+09,  0.4799349E+08,  0.8090079E+08,  0.1837683E+11,  0.0000000E+00,  0.4088828E+09,  0.0000000E+00,  0.0000000E+00,  0.0000000E+00,  0.0000000E+00,  0.3420576E+07,  0.4055740E+05,  0.0000000E+00,  0.0000000E+00,  0.0000000E+00,  0.4034312E+07,  0.0000000E+00,  0.2571220E+05,  0.1106138E+06,  0.2197576E+05,  0.6202570E+03,  0.0000000E+00,  0.0000000E+00,  0.0000000E+00,  0.1051913E+07,  0.9537686E+06,  0.1611753E+07,  0.0000000E+00,  320
02/04/2011,  0.2562524E+07,  0.0000000E+00,  0.5859374E+05,  0.7436708E+06,  0.0000000E+00,  0.1564947E+07,  0.3860166E+05,  0.0000000E+00,  0.0000000E+00,  0.0000000E+00,  0.8223017E+09,  0.4512542E+08,  0.8031830E+08,  0.1837575E+11,  0.0000000E+00,  0.4108596E+09,  0.0000000E+00,  0.0000000E+00,  0.0000000E+00,  0.0000000E+00,  0.2236032E+07,  0.1999185E+05,  0.0000000E+00,  0.0000000E+00,  0.0000000E+00,  0.5147742E+07,  0.0000000E+00,  0.3405205E+05,  0.1312443E+06,  0.3064210E+05,  0.5546374E+03,  0.0000000E+00,  0.0000000E+00,  0.0000000E+00,  0.9537122E+06,  0.9152959E+06,  0.1502912E+07,  0.0000000E+00,  212
02/05/2011,  0.2421845E+07,  0.0000000E+00,  0.5539612E+05,  0.6869355E+06,  0.0000000E+00,  0.2628946E+07,  0.2570706E+05,  0.0000000E+00,  0.0000000E+00,  0.0000000E+00,  0.8179974E+09,  0.4201380E+08,  0.7973198E+08,  0.1837546E+11,  0.0000000E+00,  0.4130310E+09,  0.0000000E+00,  0.0000000E+00,  0.0000000E+00,  0.0000000E+00,  0.3217536E+07,  0.1289460E+05,  0.0000000E+00,  0.0000000E+00,  0.0000000E+00,  0.6701218E+07,  0.0000000E+00,  0.4536395E+05,  0.1348035E+06,  0.4407121E+05,  0.4976683E+03,  0.0000000E+00,  0.0000000E+00,  0.0000000E+00,  0.8670471E+06,  0.8887618E+06,  0.1408832E+07,  0.0000000E+00,  254
02/06/2011,  0.2306480E+07,  0.0000000E+00,  0.5216132E+05,  0.6278094E+06,  0.0000000E+00,  0.2705110E+07,  0.1992923E+05,  0.0000000E+00,  0.0000000E+00,  0.0000000E+00,  0.8154586E+09,  0.3862474E+08,  0.7911541E+08,  0.1837513E+11,  0.0000000E+00,  0.4153097E+09,  0.0000000E+00,  0.0000000E+00,  0.0000000E+00,  0.0000000E+00,  0.3239136E+07,  0.5777832E+04,  0.0000000E+00,  0.0000000E+00,  0.0000000E+00,  0.5342844E+07,  0.0000000E+00,  0.3323316E+05,  0.1036311E+06,  0.3451114E+05,  0.4380388E+03,  0.0000000E+00,  0.0000000E+00,  0.0000000E+00,  0.7649891E+06,  0.8539732E+06,  0.1349156E+07,  0.0000000E+00,  539
02/07/2011,  0.2347448E+07,  0.0000000E+00,  0.4962735E+05,  0.5876774E+06,  0.0000000E+00,  0.2690340E+07,  0.1602133E+05,  0.0000000E+00,  0.0000000E+00,  0.0000000E+00,  0.8118412E+09,  0.3602366E+08,  0.7849878E+08,  0.1837473E+11,  0.0000000E+00,  0.4176084E+09,  0.0000000E+00,  0.0000000E+00,  0.0000000E+00,  0.0000000E+00,  0.3305664E+07,  0.3907905E+04,  0.0000000E+00,  0.0000000E+00,  0.0000000E+00,  0.5703159E+07,  0.0000000E+00,  0.3476432E+05,  0.1128163E+06,  0.3854011E+05,  0.3912809E+03,  0.0000000E+00,  0.0000000E+00,  0.0000000E+00,  0.7096643E+06,  0.8256959E+06,  0.1292421E+07,  0.0000000E+00,  144
02/08/2011,  0.2218474E+07,  0.0000000E+00,  0.5033953E+05,  0.5495691E+06,  0.0000000E+00,  0.2669690E+07,  0.1405248E+05,  0.0000000E+00,  0.0000000E+00,  0.0000000E+00,  0.8100384E+09,  0.3354557E+08,  0.7788241E+08,  0.1837430E+11,  0.0000000E+00,  0.4199220E+09,  0.0000000E+00,  0.0000000E+00,  0.0000000E+00,  0.0000000E+00,  0.3194208E+07,  0.1968842E+04,  0.0000000E+00,  0.0000000E+00,  0.0000000E+00,  0.3848079E+07,  0.0000000E+00,  0.2221543E+05,  0.8632867E+05,  0.2615581E+05,  0.3489373E+03,  0.0000000E+00,  0.0000000E+00,  0.0000000E+00,  0.6401421E+06,  0.8013750E+06,  0.1235161E+07,  0.0000000E+00,   50
02/09/2011,  0.2201111E+07,  0.0000000E+00,  0.4836813E+05,  0.5240177E+06,  0.0000000E+00,  0.2681161E+07,  0.1247452E+05,  0.0000000E+00,  0.0000000E+00,  0.0000000E+00,  0.8076219E+09,  0.3183713E+08,  0.7736014E+08,  0.1837379E+11,  0.0000000E+00,  0.4222396E+09,  0.0000000E+00,  0.0000000E+00,  0.0000000E+00,  0.0000000E+00,  0.3144960E+07,  0.1577969E+04,  0.0000000E+00,  0.0000000E+00,  0.0000000E+00,  0.3721835E+07,  0.0000000E+00,  0.1806833E+05,  0.8942570E+05,  0.2182078E+05,  0.3177022E+03,  0.0000000E+00,  0.0000000E+00,  0.0000000E+00,  0.6118168E+06,  0.7752840E+06,  0.1116896E+07,  0.0000000E+00,    6
02/10/2011,  0.2344031E+07,  0.0000000E+00,  0.4638246E+05,  0.4990600E+06,  0.0000000E+00,  0.2543970E+07,  0.1091355E+05,  0.0000000E+00,  0.0000000E+00,  0.0000000E+00,  0.8046426E+09,  0.3021059E+08,  0.7680215E+08,  0.1837323E+11,  0.0000000E+00,  0.4245034E+09,  0.0000000E+00,  0.0000000E+00,  0.0000000E+00,  0.0000000E+00,  0.3242592E+07,  0.1560969E+04,  0.0000000E+00,  0.0000000E+00,  0.0000000E+00,  0.4241429E+07,  0.0000000E+00,  0.1857433E+05,  0.7545633E+05,  0.2317753E+05,  0.2901668E+03,  0.0000000E+00,  0.0000000E+00,  0.0000000E+00,  0.5777918E+06,  0.7528535E+06,  0.1118064E+07,  0.0000000E+00,  242
02/11/2011,  0.2230393E+07,  0.0000000E+00,  0.4438607E+05,  0.4720148E+06,  0.0000000E+00,  0.2471441E+07,  0.9555555E+04,  0.0000000E+00,  0.0000000E+00,  0.0000000E+00,  0.8017005E+09,  0.2850420E+08,  0.7629053E+08,  0.1837260E+11,  0.0000000E+00,  0.4266992E+09,  0.0000000E+00,  0.0000000E+00,  0.0000000E+00,  0.0000000E+00,  0.3084480E+07,  0.1357992E+04,  0.0000000E+00,  0.0000000E+00,  0.0000000E+00,  0.4323184E+07,  0.0000000E+00,  0.1769697E+05,  0.7872509E+05,  0.2324734E+05,  0.2651791E+03,  0.0000000E+00,  0.0000000E+00,  0.0000000E+00,  0.5401795E+06,  0.7252927E+06,  0.1034961E+07,  0.0000000E+00,  388
02/12/2011,  0.2228359E+07,  0.0000000E+00,  0.4261626E+05,  0.4471426E+06,  0.0000000E+00,  0.2476550E+07,  0.8171417E+04,  0.0000000E+00,  0.0000000E+00,  0.0000000E+00,  0.7980387E+09,  0.2687710E+08,  0.7580648E+08,  0.1837201E+11,  0.0000000E+00,  0.4287621E+09,  0.0000000E+00,  0.0000000E+00,  0.0000000E+00,  0.0000000E+00,  0.3113856E+07,  0.1384137E+04,  0.0000000E+00,  0.0000000E+00,  0.0000000E+00,  0.4994995E+07,  0.0000000E+00,  0.2317100E+05,  0.8719625E+05,  0.3305053E+05,  0.2432623E+03,  0.0000000E+00,  0.0000000E+00,  0.0000000E+00,  0.5091852E+06,  0.6990589E+06,  0.9709132E+06,  0.0000000E+00,   50
02/13/2011,  0.2043550E+07,  0.0000000E+00,  0.4249010E+05,  0.4212256E+06,  0.0000000E+00,  0.2486856E+07,  0.6965411E+04,  0.0000000E+00,  0.0000000E+00,  0.0000000E+00,  0.7942315E+09,  0.2523975E+08,  0.7530843E+08,  0.1837153E+11,  0.0000000E+00,  0.4307631E+09,  0.0000000E+00,  0.0000000E+00,  0.0000000E+00,  0.0000000E+00,  0.2962656E+07,  0.1206007E+04,  0.0000000E+00,  0.0000000E+00,  0.0000000E+00,  0.5193964E+07,  0.0000000E+00,  0.2255724E+05,  0.8734262E+05,  0.3508922E+05,  0.2219809E+03,  0.0000000E+00,  0.0000000E+00,  0.0000000E+00,  0.4700831E+06,  0.6771454E+06,  0.9464277E+06,  0.0000000E+00,  262
02/14/2011,  0.2577934E+07,  0.4708894E+05,  0.4175282E+05,  0.4097221E+06,  0.0000000E+00,  0.2275294E+07,  0.1734365E+07,  0.0000000E+00,  0.0000000E+00,  0.0000000E+00,  0.7934396E+09,  0.2461106E+08,  0.7496220E+08,  0.1837106E+11,  0.0000000E+00,  0.4324181E+09,  0.0000000E+00,  0.5408049E+07,  0.0000000E+00,  0.0000000E+00,  0.3052512E+07,  0.0000000E+00,  0.0000000E+00,  0.0000000E+00,  0.0000000E+00,  0.4363526E+07,  0.0000000E+00,  0.2482757E+05,  0.1673253E+06,  0.3607214E+05,  0.2076777E+03,  0.9448307E+03,  0.0000000E+00,  0.0000000E+00,  0.7292238E+06,  0.6633839E+06,  0.1051456E+07,  0.3454152E+07,  282
02/15/2011,  0.1637528E+08,  0.1253381E+07,  0.2695085E+06,  0.2481618E+07,  0.0000000E+00,  0.5568934E+07,  0.2315842E+07,  0.0000000E+00,  0.0000000E+00,  0.0000000E+00,  0.8287697E+09,  0.6507040E+08,  0.7789372E+08,  0.1837389E+11,  0.0000000E+00,  0.4343873E+09,  0.0000000E+00,  0.9568398E+08,  0.0000000E+00,  0.0000000E+00,  0.1578182E+08,  0.0000000E+00,  0.0000000E+00,  0.0000000E+00,  0.0000000E+00,  0.3851835E+07,  0.0000000E+00,  0.2988529E+05,  0.2585182E+06,  0.3194289E+05,  0.1717413E+05,  0.1752756E+05,  0.0000000E+00,  0.0000000E+00,  0.5053455E+07,  0.8846350E+06,  0.2093218E+07,  0.8657066E+08,  962
02/16/2011,  0.2671683E+08,  0.3845564E+06,  0.1730337E+06,  0.1886563E+07,  0.0000000E+00,  0.4479378E+07,  0.2315842E+07,  0.0000000E+00,  0.0000000E+00,  0.0000000E+00,  0.8336404E+09,  0.7745880E+08,  0.8116923E+08,  0.1837533E+11,  0.0000000E+00,  0.4355006E+09,  0.0000000E+00,  0.2837724E+08,  0.0000000E+00,  0.0000000E+00,  0.2575498E+08,  0.0000000E+00,  0.0000000E+00,  0.0000000E+00,  0.0000000E+00,  0.2239345E+07,  0.0000000E+00,  0.2688879E+05,  0.1414142E+06,  0.2570326E+05,  0.5939567E+04,  0.5492084E+04,  0.0000000E+00,  0.0000000E+00,  0.5375609E+07,  0.9674370E+06,  0.2073958E+07,  0.2596338E+08, 2356
02/17/2011,  0.7328654E+08,  0.1803061E+07,  0.7272566E+07,  0.1454426E+08,  0.0000000E+00,  0.5230285E+07,  0.2315842E+07,  0.0000000E+00,  0.0000000E+00,  0.0000000E+00,  0.8471239E+09,  0.1419673E+09,  0.9179323E+08,  0.1837918E+11,  0.0000000E+00,  0.4378568E+09,  0.0000000E+00,  0.1237272E+09,  0.0000000E+00,  0.0000000E+00,  0.5206464E+08,  0.0000000E+00,  0.0000000E+00,  0.0000000E+00,  0.0000000E+00,  0.1484840E+07,  0.0000000E+00,  0.1260212E+05,  0.1014701E+06,  0.1168807E+05,  0.2195190E+06,  0.3031191E+05,  0.0000000E+00,  0.0000000E+00,  0.1484547E+08,  0.1167566E+07,  0.4209674E+07,  0.1151773E+09,  732
02/18/2011,  0.1110203E+09,  0.1909572E+07,  0.1914811E+08,  0.2846461E+08,  0.0000000E+00,  0.3686816E+07,  0.2315842E+07,  0.0000000E+00,  0.0000000E+00,  0.0000000E+00,  0.8509348E+09,  0.1897946E+09,  0.1050071E+09,  0.1838451E+11,  0.0000000E+00,  0.4398910E+09,  0.0000000E+00,  0.1298942E+09,  0.0000000E+00,  0.0000000E+00,  0.6167232E+08,  0.0000000E+00,  0.0000000E+00,  0.0000000E+00,  0.0000000E+00,  0.1197615E+07,  0.0000000E+00,  0.9038665E+04,  0.8257310E+05,  0.8291488E+04,  0.3449206E+06,  0.2994103E+05,  0.0000000E+00,  0.0000000E+00,  0.2095112E+08,  0.1438412E+07,  0.7728521E+07,  0.1203062E+09, 1129
02/19/2011,  0.5918547E+08,  0.4075159E+06,  0.1803449E+07,  0.8923830E+07,  0.0000000E+00,  0.1113223E+07,  0.2315842E+07,  0.0000000E+00,  0.0000000E+00,  0.0000000E+00,  0.8513374E+09,  0.1891915E+09,  0.1125346E+09,  0.1838855E+11,  0.0000000E+00,  0.4399698E+09,  0.0000000E+00,  0.2879883E+08,  0.0000000E+00,  0.0000000E+00,  0.4461782E+08,  0.0000000E+00,  0.0000000E+00,  0.0000000E+00,  0.0000000E+00,  0.1157350E+07,  0.0000000E+00,  0.9088002E+04,  0.7971553E+05,  0.8232019E+04,  0.4538870E+05,  0.6408196E+04,  0.0000000E+00,  0.0000000E+00,  0.1652592E+08,  0.1517062E+07,  0.8986900E+07,  0.2673834E+08,  523
02/20/2011,  0.2600730E+08,  0.0000000E+00,  0.4686182E+06,  0.5726442E+07,  0.0000000E+00,  0.1335472E+07,  0.1074015E+07,  0.0000000E+00,  0.0000000E+00,  0.0000000E+00,  0.8502730E+09,  0.1731514E+09,  0.1142585E+09,  0.1839225E+11,  0.0000000E+00,  0.4398509E+09,  0.0000000E+00,  0.0000000E+00,  0.0000000E+00,  0.0000000E+00,  0.1663027E+08,  0.1241827E+07,  0.0000000E+00,  0.0000000E+00,  0.0000000E+00,  0.2207641E+07,  0.0000000E+00,  0.2578097E+05,  0.1456025E+06,  0.2410531E+05,  0.2138604E+05,  0.0000000E+00,  0.0000000E+00,  0.0000000E+00,  0.1026466E+08,  0.1584227E+07,  0.8513375E+07,  0.0000000E+00,  207
02/21/2011,  0.1688666E+08,  0.0000000E+00,  0.4330393E+06,  0.5186820E+07,  0.0000000E+00,  0.1631818E+07,  0.2695671E+06,  0.0000000E+00,  0.0000000E+00,  0.0000000E+00,  0.8496517E+09,  0.1593579E+09,  0.1143309E+09,  0.1839522E+11,  0.0000000E+00,  0.4397774E+09,  0.0000000E+00,  0.0000000E+00,  0.0000000E+00,  0.0000000E+00,  0.8451648E+07,  0.8044479E+06,  0.0000000E+00,  0.0000000E+00,  0.0000000E+00,  0.2736352E+07,  0.0000000E+00,  0.2747895E+05,  0.2019610E+06,  0.2444987E+05,  0.1523541E+05,  0.0000000E+00,  0.0000000E+00,  0.0000000E+00,  0.7644583E+07,  0.1601106E+07,  0.7544309E+07,  0.0000000E+00,  256
02/22/2011,  0.1320578E+08,  0.0000000E+00,  0.3547654E+06,  0.4587767E+07,  0.0000000E+00,  0.1681739E+07,  0.6039076E+05,  0.0000000E+00,  0.0000000E+00,  0.0000000E+00,  0.8485460E+09,  0.1474618E+09,  0.1134791E+09,  0.1839748E+11,  0.0000000E+00,  0.4397051E+09,  0.0000000E+00,  0.0000000E+00,  0.0000000E+00,  0.0000000E+00,  0.5527008E+07,  0.2091763E+06,  0.0000000E+00,  0.0000000E+00,  0.0000000E+00,  0.3679995E+07,  0.0000000E+00,  0.3160650E+05,  0.2419292E+06,  0.2694995E+05,  0.1192924E+05,  0.0000000E+00,  0.0000000E+00,  0.0000000E+00,  0.5981109E+07,  0.1613821E+07,  0.6801177E+07,  0.0000000E+00,  211
02/23/2011,  0.1135395E+08,  0.8570609E+04,  0.2969514E+06,  0.4056739E+07,  0.0000000E+00,  0.1765024E+07,  0.4141863E+06,  0.0000000E+00,  0.0000000E+00,  0.0000000E+00,  0.8481077E+09,  0.1370623E+09,  0.1122416E+09,  0.1839914E+11,  0.0000000E+00,  0.4396396E+09,  0.0000000E+00,  0.1196182E+07,  0.0000000E+00,  0.0000000E+00,  0.4360608E+07,  0.1502089E+05,  0.0000000E+00,  0.0000000E+00,  0.0000000E+00,  0.3838012E+07,  0.0000000E+00,  0.3506081E+05,  0.2438095E+06,  0.2928069E+05,  0.9934949E+04,  0.1204141E+03,  0.0000000E+00,  0.0000000E+00,  0.4910275E+07,  0.1612356E+07,  0.6112951E+07,  0.6617031E+06,  207
02/24/2011,  0.8501703E+08,  0.1898985E+07,  0.2052733E+08,  0.2706115E+08,  0.0000000E+00,  0.3213473E+07,  0.2315842E+07,  0.0000000E+00,  0.0000000E+00,  0.0000000E+00,  0.8517283E+09,  0.1874334E+09,  0.1223700E+09,  0.1840388E+11,  0.0000000E+00,  0.4417184E+09,  0.0000000E+00,  0.1327988E+09,  0.0000000E+00,  0.0000000E+00,  0.3514493E+08,  0.0000000E+00,  0.0000000E+00,  0.0000000E+00,  0.0000000E+00,  0.1735305E+07,  0.0000000E+00,  0.1647917E+05,  0.1182230E+06,  0.1377084E+05,  0.3923279E+06,  0.2946945E+05,  0.0000000E+00,  0.0000000E+00,  0.1824522E+08,  0.1875252E+07,  0.8101040E+07,  0.1200777E+09,  745
02/25/2011,  0.1358367E+09,  0.5912017E+06,  0.6787141E+07,  0.1392520E+08,  0.0000000E+00,  0.1963018E+07,  0.2315842E+07,  0.0000000E+00,  0.0000000E+00,  0.0000000E+00,  0.8521485E+09,  0.1907043E+09,  0.1281600E+09,  0.1840861E+11,  0.0000000E+00,  0.4419796E+09,  0.0000000E+00,  0.4508500E+08,  0.0000000E+00,  0.0000000E+00,  0.1116763E+09,  0.0000000E+00,  0.0000000E+00,  0.0000000E+00,  0.0000000E+00,  0.1426210E+07,  0.0000000E+00,  0.1203497E+05,  0.9687263E+05,  0.1071946E+05,  0.2791066E+05,  0.4514839E+04,  0.0000000E+00,  0.0000000E+00,  0.1579767E+08,  0.2198242E+07,  0.9993354E+07,  0.3945674E+08,  338
02/26/2011,  0.3109867E+08,  0.6887721E+05,  0.1042326E+07,  0.6934279E+07,  0.0000000E+00, -0.5651900E+06,  0.1580840E+07,  0.0000000E+00,  0.0000000E+00,  0.0000000E+00,  0.8520212E+09,  0.1773823E+09,  0.1288569E+09,  0.1841144E+11,  0.0000000E+00,  0.4417780E+09,  0.0000000E+00,  0.5868024E+07,  0.0000000E+00,  0.0000000E+00,  0.1773446E+08,  0.7350019E+06,  0.0000000E+00,  0.0000000E+00,  0.0000000E+00,  0.1535262E+07,  0.6208819E-05,  0.1720130E+05,  0.1001701E+06,  0.1464782E+05,  0.1646885E+05,  0.0000000E+00,  0.0000000E+00,  0.0000000E+00,  0.1086658E+08,  0.2100267E+07,  0.1015148E+08,  0.4845331E+07,  385
02/27/2011,  0.1789451E+08,  0.0000000E+00,  0.5967131E+06,  0.5820376E+07,  0.0000000E+00,  0.1355640E+06,  0.4034254E+06,  0.0000000E+00,  0.0000000E+00,  0.0000000E+00,  0.8507469E+09,  0.1633431E+09,  0.1275139E+09,  0.1841436E+11,  0.0000000E+00,  0.4415857E+09,  0.0000000E+00,  0.0000000E+00,  0.0000000E+00,  0.0000000E+00,  0.6991488E+07,  0.1177414E+07,  0.0000000E+00,  0.0000000E+00,  0.0000000E+00,  0.2760513E+07,  0.0000000E+00,  0.2914149E+05,  0.1984963E+06,  0.2532243E+05,  0.1212051E+05,  0.0000000E+00,  0.0000000E+00,  0.0000000E+00,  0.8241280E+07,  0.2117476E+07,  0.9554855E+07,  0.0000000E+00,  208
02/28/2011,  0.1509432E+08,  0.0000000E+00,  0.4967934E+06,  0.5102952E+07,  0.0000000E+00,  0.4504530E+06,  0.6241216E+05,  0.0000000E+00,  0.0000000E+00,  0.0000000E+00,  0.8494131E+09,  0.1508191E+09,  0.1253543E+09,  0.1841654E+11,  0.0000000E+00,  0.4414288E+09,  0.0000000E+00,  0.0000000E+00,  0.0000000E+00,  0.0000000E+00,  0.5395680E+07,  0.3410132E+06,  0.0000000E+00,  0.0000000E+00,  0.0000000E+00,  0.3958916E+07,  0.0000000E+00,  0.3406003E+05,  0.2583583E+06,  0.2820639E+05,  0.9570075E+04,  0.0000000E+00,  0.0000000E+00,  0.0000000E+00,  0.6396641E+07,  0.2107009E+07,  0.8521679E+07,  0.0000000E+00,  208
03/01/2011,  0.1351502E+08,  0.7076842E+05,  0.5500510E+06,  0.4872546E+07,  0.0000000E+00,  0.7168220E+06,  0.1719499E+07,  0.0000000E+00,  0.0000000E+00,  0.0000000E+00,  0.8480616E+09,  0.1423267E+09,  0.1236359E+09,  0.1841799E+11,  0.0000000E+00,  0.4412890E+09,  0.0000000E+00,  0.6684863E+07,  0.0000000E+00,  0.0000000E+00,  0.4171392E+07,  0.0000000E+00,  0.0000000E+00,  0.0000000E+00,  0.0000000E+00,  0.5239990E+07,  0.0000000E+00,  0.5366368E+05,  0.3413412E+06,  0.4418135E+05,  0.1008939E+05,  0.1838938E+04,  0.0000000E+00,  0.0000000E+00,  0.5909581E+07,  0.2083147E+07,  0.7574079E+07,  0.4655187E+07,  205
03/02/2011,  0.1250655E+08,  0.4854101E+04,  0.3749001E+06,  0.3983511E+07,  0.0000000E+00,  0.7786120E+06,  0.5930116E+06,  0.0000000E+00,  0.0000000E+00,  0.0000000E+00,  0.8481046E+09,  0.1314483E+09,  0.1209316E+09,  0.1841896E+11,  0.0000000E+00,  0.4411234E+09,  0.0000000E+00,  0.6487448E+06,  0.0000000E+00,  0.0000000E+00,  0.4396896E+07,  0.1284073E+07,  0.0000000E+00,  0.0000000E+00,  0.0000000E+00,  0.4637726E+07,  0.0000000E+00,  0.4960368E+05,  0.2834029E+06,  0.4293865E+05,  0.7643001E+04,  0.0000000E+00,  0.0000000E+00,  0.0000000E+00,  0.4255104E+07,  0.2038793E+07,  0.6912095E+07,  0.3847119E+06,  227
03/03/2011,  0.1095795E+08,  0.0000000E+00,  0.3138246E+06,  0.3579678E+07,  0.0000000E+00,  0.9337260E+06,  0.7673928E+05,  0.0000000E+00,  0.0000000E+00,  0.0000000E+00,  0.8461771E+09,  0.1221401E+09,  0.1180903E+09,  0.1841959E+11,  0.0000000E+00,  0.4409960E+09,  0.0000000E+00,  0.0000000E+00,  0.0000000E+00,  0.0000000E+00,  0.3529440E+07,  0.5162723E+06,  0.0000000E+00,  0.0000000E+00,  0.0000000E+00,  0.5754253E+07,  0.1241764E-04,  0.4525419E+05,  0.3174916E+06,  0.3997981E+05,  0.6936300E+04,  0.0000000E+00,  0.0000000E+00,  0.0000000E+00,  0.3585372E+07,  0.2004312E+07,  0.6383988E+07,  0.0000000E+00,  213
03/04/2011,  0.1000567E+08,  0.0000000E+00,  0.2659871E+06,  0.3160266E+07,  0.0000000E+00,  0.1093597E+07,  0.5998151E+04,  0.0000000E+00,  0.0000000E+00,  0.0000000E+00,  0.8444120E+09,  0.1131531E+09,  0.1152779E+09,  0.1841986E+11,  0.0000000E+00,  0.4408843E+09,  0.0000000E+00,  0.0000000E+00,  0.0000000E+00,  0.0000000E+00,  0.3242592E+07,  0.7074113E+05,  0.0000000E+00,  0.0000000E+00,  0.0000000E+00,  0.6262958E+07,  0.0000000E+00,  0.4382413E+05,  0.3113779E+06,  0.3997047E+05,  0.5693602E+04,  0.0000000E+00,  0.0000000E+00,  0.0000000E+00,  0.3037146E+07,  0.1979902E+07,  0.5808516E+07,  0.0000000E+00,  485
03/05/2011,  0.1120787E+08,  0.2820420E+06,  0.5429338E+06,  0.4014498E+07,  0.0000000E+00,  0.1486245E+07,  0.2315842E+07,  0.0000000E+00,  0.0000000E+00,  0.0000000E+00,  0.8448092E+09,  0.1169654E+09,  0.1146225E+09,  0.1842025E+11,  0.0000000E+00,  0.4408906E+09,  0.0000000E+00,  0.2332223E+08,  0.0000000E+00,  0.0000000E+00,  0.3436128E+07,  0.0000000E+00,  0.0000000E+00,  0.0000000E+00,  0.0000000E+00,  0.7265368E+07,  0.0000000E+00,  0.5992069E+05,  0.4119677E+06,  0.5167459E+05,  0.5870155E+04,  0.3725385E+04,  0.0000000E+00,  0.0000000E+00,  0.5088577E+07,  0.2005884E+07,  0.5685878E+07,  0.1912080E+08,  212
03/06/2011,  0.2744949E+08,  0.3252977E+06,  0.5971436E+06,  0.4375175E+07,  0.0000000E+00,  0.1680875E+07,  0.2315842E+07,  0.0000000E+00,  0.0000000E+00,  0.0000000E+00,  0.8486551E+09,  0.1211060E+09,  0.1152878E+09,  0.1842062E+11,  0.0000000E+00,  0.4409639E+09,  0.0000000E+00,  0.2338814E+08,  0.0000000E+00,  0.0000000E+00,  0.1943136E+08,  0.0000000E+00,  0.0000000E+00,  0.0000000E+00,  0.0000000E+00,  0.4417535E+07,  0.0000000E+00,  0.5002267E+05,  0.2837468E+06,  0.4058779E+05,  0.8115803E+04,  0.4848687E+04,  0.0000000E+00,  0.0000000E+00,  0.6039622E+07,  0.1962733E+07,  0.5325331E+07,  0.2146137E+08,  179
03/07/2011,  0.1178559E+08,  0.5609034E+05,  0.3186094E+06,  0.3411310E+07,  0.0000000E+00,  0.1312034E+07,  0.2315842E+07,  0.0000000E+00,  0.0000000E+00,  0.0000000E+00,  0.8484747E+09,  0.1156481E+09,  0.1136261E+09,  0.1842059E+11,  0.0000000E+00,  0.4408940E+09,  0.0000000E+00,  0.4038551E+07,  0.0000000E+00,  0.0000000E+00,  0.4898016E+07,  0.0000000E+00,  0.0000000E+00,  0.0000000E+00,  0.0000000E+00,  0.4034049E+07,  0.0000000E+00,  0.4912458E+05,  0.2396990E+06,  0.4106352E+05,  0.5713442E+04,  0.7858834E+03,  0.0000000E+00,  0.0000000E+00,  0.3550637E+07,  0.1913053E+07,  0.5169965E+07,  0.3768903E+07,  279
03/08/2011,  0.9352483E+07,  0.0000000E+00,  0.2470699E+06,  0.3008152E+07,  0.0000000E+00,  0.1476430E+07,  0.1813866E+06,  0.0000000E+00,  0.0000000E+00,  0.0000000E+00,  0.8466125E+09,  0.1086187E+09,  0.1115910E+09,  0.1842042E+11,  0.0000000E+00,  0.4408090E+09,  0.0000000E+00,  0.0000000E+00,  0.0000000E+00,  0.0000000E+00,  0.3191616E+07,  0.2134455E+07,  0.0000000E+00,  0.0000000E+00,  0.0000000E+00,  0.4662239E+07,  0.0000000E+00,  0.4803023E+05,  0.2652604E+06,  0.4225887E+05,  0.4634809E+04,  0.0000000E+00,  0.0000000E+00,  0.0000000E+00,  0.2824681E+07,  0.1855268E+07,  0.4815249E+07,  0.0000000E+00,  411
03/09/2011,  0.8350826E+07,  0.0000000E+00,  0.2060004E+06,  0.2702281E+07,  0.0000000E+00,  0.1627974E+07,  0.6259640E+04,  0.0000000E+00,  0.0000000E+00,  0.0000000E+00,  0.8433986E+09,  0.1016429E+09,  0.1096056E+09,  0.1842007E+11,  0.0000000E+00,  0.4407322E+09,  0.0000000E+00,  0.0000000E+00,  0.0000000E+00,  0.0000000E+00,  0.2716416E+07,  0.1751270E+06,  0.0000000E+00,  0.0000000E+00,  0.0000000E+00,  0.6577265E+07,  0.0000000E+00,  0.5050794E+05,  0.3042009E+06,  0.4364072E+05,  0.3861639E+04,  0.0000000E+00,  0.0000000E+00,  0.0000000E+00,  0.2493058E+07,  0.1792724E+07,  0.4430418E+07,  0.0000000E+00,  541
03/10/2011,  0.7733394E+07,  0.1833446E+05,  0.1808060E+06,  0.2413107E+07,  0.0000000E+00,  0.1732481E+07,  0.7918389E+06,  0.0000000E+00,  0.0000000E+00,  0.0000000E+00,  0.8431437E+09,  0.9496554E+08,  0.1075445E+09,  0.1841976E+11,  0.0000000E+00,  0.4406698E+09,  0.0000000E+00,  0.2226099E+07,  0.0000000E+00,  0.0000000E+00,  0.2516832E+07,  0.1486747E+04,  0.0000000E+00,  0.0000000E+00,  0.0000000E+00,  0.5151012E+07,  0.0000000E+00,  0.4621205E+05,  0.2546142E+06,  0.4102873E+05,  0.3315290E+04,  0.2601221E+03,  0.0000000E+00,  0.0000000E+00,  0.2241558E+07,  0.1749843E+07,  0.4258880E+07,  0.1307616E+07,  921
03/11/2011,  0.7158117E+07,  0.0000000E+00,  0.1672622E+06,  0.2171526E+07,  0.0000000E+00,  0.1840328E+07,  0.6220479E+04,  0.0000000E+00,  0.0000000E+00,  0.0000000E+00,  0.8409827E+09,  0.8903215E+08,  0.1055665E+09,  0.1841932E+11,  0.0000000E+00,  0.4406068E+09,  0.0000000E+00,  0.0000000E+00,  0.0000000E+00,  0.0000000E+00,  0.2344896E+07,  0.7856184E+06,  0.0000000E+00,  0.0000000E+00,  0.0000000E+00,  0.5454793E+07,  0.0000000E+00,  0.4408782E+05,  0.2279404E+06,  0.4192823E+05,  0.2768811E+04,  0.0000000E+00,  0.0000000E+00,  0.0000000E+00,  0.1992954E+07,  0.1694932E+07,  0.3929025E+07,  0.0000000E+00,  545
03/12/2011,  0.6613412E+07,  0.0000000E+00,  0.1485599E+06,  0.1956906E+07,  0.0000000E+00,  0.1951809E+07,  0.1036987E+04,  0.0000000E+00,  0.0000000E+00,  0.0000000E+00,  0.8374202E+09,  0.8318403E+08,  0.1036979E+09,  0.1841875E+11,  0.0000000E+00,  0.4405471E+09,  0.0000000E+00,  0.0000000E+00,  0.0000000E+00,  0.0000000E+00,  0.2166912E+07,  0.5183492E+04,  0.0000000E+00,  0.0000000E+00,  0.0000000E+00,  0.7121326E+07,  0.0000000E+00,  0.4812886E+05,  0.2540240E+06,  0.4716398E+05,  0.2302404E+04,  0.0000000E+00,  0.0000000E+00,  0.0000000E+00,  0.1820222E+07,  0.1638682E+07,  0.3642765E+07,  0.0000000E+00,  277
03/13/2011,  0.1311749E+08,  0.2596429E+06,  0.1938025E+06,  0.2378262E+07,  0.0000000E+00,  0.2219216E+07,  0.2313595E+07,  0.0000000E+00,  0.0000000E+00,  0.0000000E+00,  0.8388330E+09,  0.8823462E+08,  0.1027582E+09,  0.1841846E+11,  0.0000000E+00,  0.4405631E+09,  0.0000000E+00,  0.2098490E+08,  0.0000000E+00,  0.0000000E+00,  0.8199360E+07,  0.0000000E+00,  0.0000000E+00,  0.0000000E+00,  0.0000000E+00,  0.7430749E+07,  0.0000000E+00,  0.5969231E+05,  0.4194721E+06,  0.5483287E+05,  0.2418538E+04,  0.4114183E+04,  0.0000000E+00,  0.0000000E+00,  0.2889889E+07,  0.1622985E+07,  0.3771729E+07,  0.1773550E+08,  423
03/14/2011,  0.9139937E+07,  0.3009760E+05,  0.1417147E+06,  0.1908958E+07,  0.0000000E+00,  0.2120192E+07,  0.1748856E+07,  0.0000000E+00,  0.0000000E+00,  0.0000000E+00,  0.8367917E+09,  0.8256249E+08,  0.1013235E+09,  0.1841782E+11,  0.0000000E+00,  0.4404994E+09,  0.0000000E+00,  0.2226099E+07,  0.0000000E+00,  0.0000000E+00,  0.4901472E+07,  0.5647393E+06,  0.0000000E+00,  0.0000000E+00,  0.0000000E+00,  0.7318770E+07,  0.0000000E+00,  0.6171506E+05,  0.3177668E+06,  0.5858433E+05,  0.1928921E+04,  0.3256839E+03,  0.0000000E+00,  0.0000000E+00,  0.1977700E+07,  0.1552725E+07,  0.3353559E+07,  0.2082854E+07,  503
03/15/2011,  0.2691992E+08,  0.1020609E+07,  0.2126299E+07,  0.7198103E+07,  0.0000000E+00,  0.3190193E+07,  0.2315842E+07,  0.0000000E+00,  0.0000000E+00,  0.0000000E+00,  0.8451894E+09,  0.1179224E+09,  0.1050336E+09,  0.1841883E+11,  0.0000000E+00,  0.4408803E+09,  0.0000000E+00,  0.7235521E+08,  0.0000000E+00,  0.0000000E+00,  0.1543968E+08,  0.0000000E+00,  0.0000000E+00,  0.0000000E+00,  0.0000000E+00,  0.7591481E+07,  0.0000000E+00,  0.6238665E+05,  0.4142429E+06,  0.5703562E+05,  0.1528782E+05,  0.1573033E+05,  0.0000000E+00,  0.0000000E+00,  0.7978846E+07,  0.1616151E+07,  0.4208280E+07,  0.6705147E+08,  648
03/16/2011,  0.2081090E+08,  0.0000000E+00,  0.1511905E+06,  0.2463570E+07,  0.0000000E+00,  0.2410570E+07,  0.3188555E+06,  0.0000000E+00,  0.0000000E+00,  0.0000000E+00,  0.8477336E+09,  0.1072599E+09,  0.1043793E+09,  0.1841896E+11,  0.0000000E+00,  0.4408552E+09,  0.0000000E+00,  0.0000000E+00,  0.0000000E+00,  0.0000000E+00,  0.1618445E+08,  0.1996986E+07,  0.0000000E+00,  0.0000000E+00,  0.0000000E+00,  0.3753354E+07,  0.0000000E+00,  0.3867496E+05,  0.2020109E+06,  0.3778571E+05,  0.4353941E+04,  0.0000000E+00,  0.0000000E+00,  0.0000000E+00,  0.3341020E+07,  0.1595129E+07,  0.3963444E+07,  0.0000000E+00,   58
03/17/2011,  0.1195725E+08,  0.9485188E+04,  0.1439723E+06,  0.2331444E+07,  0.0000000E+00,  0.2336866E+07,  0.3847491E+06,  0.0000000E+00,  0.0000000E+00,  0.0000000E+00,  0.8447098E+09,  0.1011770E+09,  0.1033232E+09,  0.1841878E+11,  0.0000000E+00,  0.4408468E+09,  0.0000000E+00,  0.9775331E+06,  0.0000000E+00,  0.0000000E+00,  0.7401888E+07,  0.2380589E+06,  0.0000000E+00,  0.0000000E+00,  0.0000000E+00,  0.6035362E+07,  0.0000000E+00,  0.5086607E+05,  0.3028612E+06,  0.4666709E+05,  0.3575658E+04,  0.3666179E+03,  0.0000000E+00,  0.0000000E+00,  0.2766807E+07,  0.1560553E+07,  0.3773061E+07,  0.6139503E+06,  209
03/18/2011,  0.1259382E+09,  0.2545968E+07,  0.2405326E+08,  0.3035972E+08,  0.0000000E+00,  0.3534743E+07,  0.2315842E+07,  0.0000000E+00,  0.0000000E+00,  0.0000000E+00,  0.8511300E+09,  0.1783192E+09,  0.1158515E+09,  0.1842242E+11,  0.0000000E+00,  0.4428904E+09,  0.0000000E+00,  0.1731980E+09,  0.0000000E+00,  0.0000000E+00,  0.6864048E+08,  0.0000000E+00,  0.0000000E+00,  0.0000000E+00,  0.0000000E+00,  0.3120645E+07,  0.0000000E+00,  0.3834079E+05,  0.1984304E+06,  0.3556606E+05,  0.3827663E+06,  0.3967736E+05,  0.0000000E+00,  0.0000000E+00,  0.1929736E+08,  0.1782136E+07,  0.6732477E+07,  0.1589938E+09,  302
03/19/2011,  0.1730854E+09,  0.1691812E+07,  0.1989714E+08,  0.3082195E+08,  0.0000000E+00,  0.1769750E+07,  0.2315842E+07,  0.0000000E+00,  0.0000000E+00,  0.0000000E+00,  0.8519447E+09,  0.2107358E+09,  0.1273184E+09,  0.1842759E+11,  0.0000000E+00,  0.4444112E+09,  0.0000000E+00,  0.1150396E+09,  0.0000000E+00,  0.0000000E+00,  0.1180578E+09,  0.0000000E+00,  0.0000000E+00,  0.0000000E+00,  0.0000000E+00,  0.2741493E+07,  0.0000000E+00,  0.2273798E+05,  0.1751072E+06,  0.2073507E+05,  0.3326180E+06,  0.2698231E+05,  0.0000000E+00,  0.0000000E+00,  0.2211459E+08,  0.2070900E+07,  0.1062540E+08,  0.1070678E+09,  321
03/20/2011,  0.1858129E+09,  0.8741156E+06,  0.8728707E+07,  0.2046541E+08,  0.0000000E+00,  0.4749720E+06,  0.2315842E+07,  0.0000000E+00,  0.0000000E+00,  0.0000000E+00,  0.8526544E+09,  0.2180720E+09,  0.1343469E+09,  0.1843335E+11,  0.0000000E+00,  0.4446794E+09,  0.0000000E+00,  0.6216891E+08,  0.0000000E+00,  0.0000000E+00,  0.1510497E+09,  0.0000000E+00,  0.0000000E+00,  0.0000000E+00,  0.0000000E+00,  0.2208087E+07,  0.0000000E+00,  0.1749575E+05,  0.1410679E+06,  0.1611033E+05,  0.7859301E+05,  0.1155162E+05,  0.0000000E+00,  0.0000000E+00,  0.1992664E+08,  0.2338109E+07,  0.1287897E+08,  0.5711475E+08,  210
03/21/2011,  0.1423747E+09,  0.2884651E+06,  0.2265395E+07,  0.1143975E+08,  0.0000000E+00, -0.5491400E+06,  0.2315842E+07,  0.0000000E+00,  0.0000000E+00,  0.0000000E+00,  0.8522514E+09,  0.2076168E+09,  0.1371529E+09,  0.1843848E+11,  0.0000000E+00,  0.4443983E+09,  0.0000000E+00,  0.2066843E+08,  0.0000000E+00,  0.0000000E+00,  0.1225135E+09,  0.0000000E+00,  0.0000000E+00,  0.0000000E+00,  0.0000000E+00,  0.2644080E+07,  0.0000000E+00,  0.3120014E+05,  0.1749050E+06,  0.2917108E+05,  0.3821484E+05,  0.3911355E+04,  0.0000000E+00,  0.0000000E+00,  0.1605354E+08,  0.2407846E+07,  0.1321365E+08,  0.1917445E+08,  404
03/22/2011,  0.1445400E+09,  0.9534700E+06,  0.1331534E+08,  0.2385126E+08,  0.0000000E+00, -0.6284000E+06,  0.2315842E+07,  0.0000000E+00,  0.0000000E+00,  0.0000000E+00,  0.8515728E+09,  0.2135205E+09,  0.1413428E+09,  0.1844417E+11,  0.0000000E+00,  0.4453755E+09,  0.0000000E+00,  0.6688667E+08,  0.0000000E+00,  0.0000000E+00,  0.1012617E+09,  0.0000000E+00,  0.0000000E+00,  0.0000000E+00,  0.0000000E+00,  0.3396958E+07,  0.0000000E+00,  0.3761753E+05,  0.2181672E+06,  0.3262882E+05,  0.2564125E+06,  0.1493851E+05,  0.0000000E+00,  0.0000000E+00,  0.1819999E+08,  0.2516711E+07,  0.1397245E+08,  0.6172806E+08,  263
03/23/2011,  0.1647623E+09,  0.3612658E+06,  0.3136346E+07,  0.1231448E+08,  0.0000000E+00, -0.8100620E+06,  0.2315842E+07,  0.0000000E+00,  0.0000000E+00,  0.0000000E+00,  0.8523486E+09,  0.2059828E+09,  0.1425608E+09,  0.1844937E+11,  0.0000000E+00,  0.4453507E+09,  0.0000000E+00,  0.2610995E+08,  0.0000000E+00,  0.0000000E+00,  0.1429739E+09,  0.0000000E+00,  0.0000000E+00,  0.0000000E+00,  0.0000000E+00,  0.2654631E+07,  0.0000000E+00,  0.2735160E+05,  0.1745336E+06,  0.2452485E+05,  0.4207652E+05,  0.5141870E+04,  0.0000000E+00,  0.0000000E+00,  0.1517286E+08,  0.2736696E+07,  0.1392538E+08,  0.2382126E+08,  245
03/24/2011,  0.5434226E+09,  0.3638240E+07,  0.9052406E+08,  0.7514647E+08,  0.0000000E+00,  0.9421500E+06,  0.2315842E+07,  0.0000000E+00,  0.0000000E+00,  0.0000000E+00,  0.8528344E+09,  0.2324515E+09,  0.1502092E+09,  0.1845818E+11,  0.0000000E+00,  0.4509834E+09,  0.0000000E+00,  0.2350196E+09,  0.0000000E+00,  0.0000000E+00,  0.3719002E+09,  0.0000000E+00,  0.0000000E+00,  0.0000000E+00,  0.0000000E+00,  0.2371878E+07,  0.0000000E+00,  0.1952642E+05,  0.1507228E+06,  0.1760258E+05,  0.2000663E+07,  0.5729444E+05,  0.0000000E+00,  0.0000000E+00,  0.2457041E+08,  0.3393769E+07,  0.1690341E+08,  0.2181728E+09, 1206
03/25/2011,  0.2564170E+09,  0.8585102E+06,  0.1094957E+08,  0.2178083E+08,  0.0000000E+00, -0.2607952E+07,  0.2315842E+07,  0.0000000E+00,  0.0000000E+00,  0.0000000E+00,  0.8522058E+09,  0.2343011E+09,  0.1534781E+09,  0.1846461E+11,  0.0000000E+00,  0.4506447E+09,  0.0000000E+00,  0.5983351E+08,  0.0000000E+00,  0.0000000E+00,  0.2138607E+09,  0.0000000E+00,  0.0000000E+00,  0.0000000E+00,  0.0000000E+00,  0.3002466E+07,  0.0000000E+00,  0.3195827E+05,  0.1993254E+06,  0.3322918E+05,  0.1576379E+06,  0.1423115E+05,  0.0000000E+00,  0.0000000E+00,  0.2151894E+08,  0.3429994E+07,  0.1821571E+08,  0.5519915E+08,  279
03/26/2011,  0.2538767E+09,  0.1302962E+06,  0.1984345E+07,  0.1080856E+08,  0.0000000E+00, -0.1574220E+07,  0.2315842E+07,  0.0000000E+00,  0.0000000E+00,  0.0000000E+00,  0.8524494E+09,  0.2158544E+09,  0.1519930E+09,  0.1847001E+11,  0.0000000E+00,  0.4499768E+09,  0.0000000E+00,  0.9509579E+07,  0.0000000E+00,  0.0000000E+00,  0.2329612E+09,  0.0000000E+00,  0.0000000E+00,  0.0000000E+00,  0.0000000E+00,  0.2757499E+07,  0.0000000E+00,  0.2232940E+05,  0.1600706E+06,  0.2152735E+05,  0.3949129E+05,  0.1708687E+04,  0.0000000E+00,  0.0000000E+00,  0.1499739E+08,  0.3609548E+07,  0.1645712E+08,  0.8773668E+07,  213
03/27/2011,  0.2066716E+09,  0.1318424E+06,  0.2066942E+07,  0.1035313E+08,  0.0000000E+00, -0.1203902E+07,  0.2315842E+07,  0.0000000E+00,  0.0000000E+00,  0.0000000E+00,  0.8503003E+09,  0.2005563E+09,  0.1499204E+09,  0.1847370E+11,  0.0000000E+00,  0.4495948E+09,  0.0000000E+00,  0.9479121E+07,  0.0000000E+00,  0.0000000E+00,  0.1869057E+09,  0.0000000E+00,  0.0000000E+00,  0.0000000E+00,  0.0000000E+00,  0.4906171E+07,  0.0000000E+00,  0.5512582E+05,  0.3151678E+06,  0.4751330E+05,  0.2977951E+05,  0.2012933E+04,  0.0000000E+00,  0.0000000E+00,  0.1232547E+08,  0.3528723E+07,  0.1434106E+08,  0.8705599E+07,  402
03/28/2011,  0.1573296E+09,  0.0000000E+00,  0.9486965E+06,  0.7459938E+07,  0.0000000E+00, -0.7864900E+06,  0.3335683E+05,  0.0000000E+00,  0.0000000E+00,  0.0000000E+00,  0.8496379E+09,  0.1822560E+09,  0.1461797E+09,  0.1847583E+11,  0.0000000E+00,  0.4491657E+09,  0.0000000E+00,  0.0000000E+00,  0.0000000E+00,  0.0000000E+00,  0.1422101E+09,  0.2282485E+07,  0.0000000E+00,  0.0000000E+00,  0.0000000E+00,  0.5420933E+07,  0.0000000E+00,  0.5325612E+05,  0.3377390E+06,  0.4923858E+05,  0.1956309E+05,  0.0000000E+00,  0.0000000E+00,  0.0000000E+00,  0.8534648E+07,  0.3420965E+07,  0.1222146E+08,  0.0000000E+00,  213
03/29/2011,  0.1129358E+09,  0.0000000E+00,  0.7791318E+06,  0.6576979E+07,  0.0000000E+00, -0.2607160E+06,  0.0000000E+00,  0.0000000E+00,  0.0000000E+00,  0.0000000E+00,  0.8457221E+09,  0.1662304E+09,  0.1421956E+09,  0.1847700E+11,  0.0000000E+00,  0.4487892E+09,  0.0000000E+00,  0.0000000E+00,  0.0000000E+00,  0.0000000E+00,  0.9951725E+08,  0.3335683E+05,  0.0000000E+00,  0.0000000E+00,  0.0000000E+00,  0.9129129E+07,  0.0000000E+00,  0.6757007E+05,  0.4724025E+06,  0.6001433E+05,  0.1498627E+05,  0.0000000E+00,  0.0000000E+00,  0.0000000E+00,  0.6769390E+07,  0.3328227E+07,  0.1068595E+08,  0.0000000E+00,  275
03/30/2011,  0.1008235E+09,  0.0000000E+00,  0.5961514E+06,  0.5383313E+07,  0.0000000E+00,  0.1834540E+06,  0.0000000E+00,  0.0000000E+00,  0.0000000E+00,  0.0000000E+00,  0.8425226E+09,  0.1498821E+09,  0.1375594E+09,  0.1847766E+11,  0.0000000E+00,  0.4484548E+09,  0.0000000E+00,  0.0000000E+00,  0.0000000E+00,  0.0000000E+00,  0.8931946E+08,  0.0000000E+00,  0.0000000E+00,  0.0000000E+00,  0.0000000E+00,  0.1177406E+08,  0.0000000E+00,  0.8156044E+05,  0.4871431E+06,  0.7535290E+05,  0.1155018E+05,  0.0000000E+00,  0.0000000E+00,  0.0000000E+00,  0.5046558E+07,  0.3263835E+07,  0.9602401E+07,  0.0000000E+00,  218
03/31/2011,  0.9312642E+08,  0.0000000E+00,  0.4617239E+06,  0.4488168E+07,  0.0000000E+00,  0.6582560E+06,  0.0000000E+00,  0.0000000E+00,  0.0000000E+00,  0.0000000E+00,  0.8419425E+09,  0.1337795E+09,  0.1330126E+09,  0.1847764E+11,  0.0000000E+00,  0.4481624E+09,  0.0000000E+00,  0.0000000E+00,  0.0000000E+00,  0.0000000E+00,  0.8319024E+08,  0.0000000E+00,  0.0000000E+00,  0.0000000E+00,  0.0000000E+00,  0.1106616E+08,  0.0000000E+00,  0.7216889E+05,  0.4187562E+06,  0.6916667E+05,  0.8948666E+04,  0.0000000E+00,  0.0000000E+00,  0.0000000E+00,  0.3762698E+07,  0.3104952E+07,  0.8240784E+07,  0.0000000E+00,  208
04/01/2011,  0.8842313E+08,  0.0000000E+00,  0.4029192E+06,  0.3882537E+07,  0.0000000E+00,  0.1097482E+07,  0.0000000E+00,  0.0000000E+00,  0.0000000E+00,  0.0000000E+00,  0.8398258E+09,  0.1203750E+09,  0.1286718E+09,  0.1847727E+11,  0.0000000E+00,  0.4478150E+09,  0.0000000E+00,  0.0000000E+00,  0.0000000E+00,  0.0000000E+00,  0.7953725E+08,  0.0000000E+00,  0.0000000E+00,  0.0000000E+00,  0.0000000E+00,  0.1116132E+08,  0.0000000E+00,  0.7461556E+05,  0.4211254E+06,  0.7601956E+05,  0.7642427E+04,  0.0000000E+00,  0.0000000E+00,  0.0000000E+00,  0.3029466E+07,  0.2962645E+07,  0.7300517E+07,  0.0000000E+00,  212
04/02/2011,  0.8316635E+08,  0.0000000E+00,  0.3525965E+06,  0.3361394E+07,  0.0000000E+00,  0.1420394E+07,  0.0000000E+00,  0.0000000E+00,  0.0000000E+00,  0.0000000E+00,  0.8392317E+09,  0.1084948E+09,  0.1247738E+09,  0.1847650E+11,  0.0000000E+00,  0.4475146E+09,  0.0000000E+00,  0.0000000E+00,  0.0000000E+00,  0.0000000E+00,  0.7522243E+08,  0.0000000E+00,  0.0000000E+00,  0.0000000E+00,  0.0000000E+00,  0.9037543E+07,  0.0000000E+00,  0.5808449E+05,  0.3568714E+06,  0.6252118E+05,  0.5967832E+04,  0.0000000E+00,  0.0000000E+00,  0.0000000E+00,  0.2527640E+07,  0.2810775E+07,  0.6372447E+07,  0.0000000E+00,  211
04/03/2011,  0.7662483E+08,  0.0000000E+00,  0.3202406E+06,  0.2997375E+07,  0.0000000E+00,  0.1685610E+07,  0.0000000E+00,  0.0000000E+00,  0.0000000E+00,  0.0000000E+00,  0.8371775E+09,  0.9905569E+08,  0.1213755E+09,  0.1847542E+11,  0.0000000E+00,  0.4472514E+09,  0.0000000E+00,  0.0000000E+00,  0.0000000E+00,  0.0000000E+00,  0.6940166E+08,  0.0000000E+00,  0.0000000E+00,  0.0000000E+00,  0.0000000E+00,  0.8601827E+07,  0.0000000E+00,  0.4701495E+05,  0.3197080E+06,  0.5356435E+05,  0.4839575E+04,  0.0000000E+00,  0.0000000E+00,  0.0000000E+00,  0.2239824E+07,  0.2670788E+07,  0.5596226E+07,  0.0000000E+00,  209
04/04/2011,  0.6937812E+08,  0.0000000E+00,  0.2795810E+06,  0.2653481E+07,  0.0000000E+00,  0.1932376E+07,  0.0000000E+00,  0.0000000E+00,  0.0000000E+00,  0.0000000E+00,  0.8331338E+09,  0.9043339E+08,  0.1184182E+09,  0.1847413E+11,  0.0000000E+00,  0.4469969E+09,  0.0000000E+00,  0.0000000E+00,  0.0000000E+00,  0.0000000E+00,  0.6285082E+08,  0.0000000E+00,  0.0000000E+00,  0.0000000E+00,  0.0000000E+00,  0.1020264E+08,  0.0000000E+00,  0.5301831E+05,  0.3446040E+06,  0.6504784E+05,  0.4024891E+04,  0.0000000E+00,  0.0000000E+00,  0.0000000E+00,  0.2012194E+07,  0.2485877E+07,  0.4921349E+07,  0.0000000E+00,  209
04/05/2011,  0.6587760E+08,  0.0000000E+00,  0.2429295E+06,  0.2323812E+07,  0.0000000E+00,  0.2223624E+07,  0.0000000E+00,  0.0000000E+00,  0.0000000E+00,  0.0000000E+00,  0.8317859E+09,  0.8137262E+08,  0.1156040E+09,  0.1847291E+11,  0.0000000E+00,  0.4467752E+09,  0.0000000E+00,  0.0000000E+00,  0.0000000E+00,  0.0000000E+00,  0.6005318E+08,  0.0000000E+00,  0.0000000E+00,  0.0000000E+00,  0.0000000E+00,  0.8449250E+07,  0.0000000E+00,  0.4565574E+05,  0.2965292E+06,  0.6048219E+05,  0.3298450E+04,  0.0000000E+00,  0.0000000E+00,  0.0000000E+00,  0.1744526E+07,  0.2355208E+07,  0.4517996E+07,  0.0000000E+00,  210
04/06/2011,  0.6533284E+08,  0.1171798E+06,  0.2613824E+06,  0.2330060E+07,  0.0000000E+00,  0.2490759E+07,  0.2232498E+07,  0.0000000E+00,  0.0000000E+00,  0.0000000E+00,  0.8332573E+09,  0.7926699E+08,  0.1134054E+09,  0.1847182E+11,  0.0000000E+00,  0.4466268E+09,  0.0000000E+00,  0.1197203E+08,  0.0000000E+00,  0.0000000E+00,  0.5966093E+08,  0.0000000E+00,  0.0000000E+00,  0.0000000E+00,  0.0000000E+00,  0.6612621E+07,  0.0000000E+00,  0.4275337E+05,  0.3268266E+06,  0.5514355E+05,  0.2912028E+04,  0.1099849E+04,  0.0000000E+00,  0.0000000E+00,  0.2189252E+07,  0.2277144E+07,  0.4349701E+07,  0.8484812E+07,  446
04/07/2011,  0.3850984E+08,  0.1691983E+06,  0.2474490E+06,  0.2315416E+07,  0.0000000E+00,  0.1721612E+07,  0.2469101E+07,  0.0000000E+00,  0.0000000E+00,  0.0000000E+00,  0.8378468E+09,  0.8099692E+08,  0.1119006E+09,  0.1847015E+11,  0.0000000E+00,  0.4464196E+09,  0.0000000E+00,  0.1262075E+08,  0.0000000E+00,  0.0000000E+00,  0.3219696E+08,  0.0000000E+00,  0.0000000E+00,  0.0000000E+00,  0.0000000E+00,  0.2375560E+07,  0.0000000E+00,  0.1449058E+05,  0.1408126E+06,  0.1828676E+05,  0.3771095E+04,  0.2833396E+04,  0.0000000E+00,  0.0000000E+00,  0.2362669E+07,  0.2084372E+07,  0.3857269E+07,  0.1153989E+08,  221
04/08/2011,  0.3228420E+08,  0.1639843E+03,  0.1932242E+06,  0.2056613E+07,  0.0000000E+00,  0.2185316E+07,  0.2247989E+06,  0.0000000E+00,  0.0000000E+00,  0.0000000E+00,  0.8359752E+09,  0.7736495E+08,  0.1101072E+09,  0.1846872E+11,  0.0000000E+00,  0.4461527E+09,  0.0000000E+00,  0.0000000E+00,  0.0000000E+00,  0.0000000E+00,  0.2702851E+08,  0.2228029E+07,  0.0000000E+00,  0.0000000E+00,  0.0000000E+00,  0.3486356E+07,  0.1241764E-04,  0.3055360E+05,  0.1892671E+06,  0.3904140E+05,  0.3021437E+04,  0.4583471E-01,  0.0000000E+00,  0.0000000E+00,  0.1734759E+07,  0.1954285E+07,  0.3502391E+07,  0.1610931E+05,  208
04/09/2011,  0.3064999E+08,  0.1115112E+01,  0.1691365E+06,  0.1879996E+07,  0.0000000E+00,  0.2514113E+07,  0.0000000E+00,  0.0000000E+00,  0.0000000E+00,  0.0000000E+00,  0.8307552E+09,  0.7324514E+08,  0.1083775E+09,  0.1846746E+11,  0.0000000E+00,  0.4459332E+09,  0.0000000E+00,  0.0000000E+00,  0.0000000E+00,  0.0000000E+00,  0.2600294E+08,  0.2239459E+06,  0.0000000E+00,  0.0000000E+00,  0.0000000E+00,  0.7529738E+07,  0.0000000E+00,  0.4629000E+05,  0.2838908E+06,  0.5620468E+05,  0.2560160E+04,  0.0000000E+00,  0.0000000E+00,  0.0000000E+00,  0.1611425E+07,  0.1852118E+07,  0.3298964E+07,  0.8519010E+03,  206
04/10/2011,  0.3002312E+08,  0.0000000E+00,  0.1474027E+06,  0.1648714E+07,  0.0000000E+00,  0.2686087E+07,  0.0000000E+00,  0.0000000E+00,  0.0000000E+00,  0.0000000E+00,  0.8275513E+09,  0.6694476E+08,  0.1066189E+09,  0.1846634E+11,  0.0000000E+00,  0.4457508E+09,  0.0000000E+00,  0.0000000E+00,  0.0000000E+00,  0.0000000E+00,  0.2584656E+08,  0.0000000E+00,  0.0000000E+00,  0.0000000E+00,  0.0000000E+00,  0.8055937E+07,  0.0000000E+00,  0.4506086E+05,  0.2426064E+06,  0.5959199E+05,  0.2114784E+04,  0.0000000E+00,  0.0000000E+00,  0.0000000E+00,  0.1411500E+07,  0.1761370E+07,  0.3128965E+07,  0.0000000E+00,  206
04/11/2011,  0.2939666E+08,  0.0000000E+00,  0.1366564E+06,  0.1466729E+07,  0.0000000E+00,  0.2829161E+07,  0.0000000E+00,  0.0000000E+00,  0.0000000E+00,  0.0000000E+00,  0.8251560E+09,  0.6071004E+08,  0.1049504E+09,  0.1846524E+11,  0.0000000E+00,  0.4456026E+09,  0.0000000E+00,  0.0000000E+00,  0.0000000E+00,  0.0000000E+00,  0.2558477E+08,  0.0000000E+00,  0.0000000E+00,  0.0000000E+00,  0.0000000E+00,  0.7432657E+07,  0.0000000E+00,  0.3763229E+05,  0.2086938E+06,  0.5446083E+05,  0.1764677E+04,  0.0000000E+00,  0.0000000E+00,  0.0000000E+00,  0.1261727E+07,  0.1669530E+07,  0.2896586E+07,  0.0000000E+00,  206
04/12/2011,  0.2790964E+08,  0.0000000E+00,  0.1289961E+06,  0.1322773E+07,  0.0000000E+00,  0.2952055E+07,  0.0000000E+00,  0.0000000E+00,  0.0000000E+00,  0.0000000E+00,  0.8217507E+09,  0.5523846E+08,  0.1033650E+09,  0.1846417E+11,  0.0000000E+00,  0.4454700E+09,  0.0000000E+00,  0.0000000E+00,  0.0000000E+00,  0.0000000E+00,  0.2439504E+08,  0.0000000E+00,  0.0000000E+00,  0.0000000E+00,  0.0000000E+00,  0.7859253E+07,  0.0000000E+00,  0.3732038E+05,  0.2052440E+06,  0.5832516E+05,  0.1490407E+04,  0.0000000E+00,  0.0000000E+00,  0.0000000E+00,  0.1148040E+07,  0.1583557E+07,  0.2699766E+07,  0.0000000E+00,  209
04/13/2011,  0.2981869E+08,  0.1933704E+06,  0.1320785E+06,  0.1404300E+07,  0.0000000E+00,  0.3138763E+07,  0.3411435E+07,  0.0000000E+00,  0.0000000E+00,  0.0000000E+00,  0.8270533E+09,  0.5802218E+08,  0.1023398E+09,  0.1846344E+11,  0.0000000E+00,  0.4454584E+09,  0.0000000E+00,  0.1783399E+08,  0.0000000E+00,  0.0000000E+00,  0.2621030E+08,  0.0000000E+00,  0.0000000E+00,  0.0000000E+00,  0.0000000E+00,  0.3503870E+07,  0.0000000E+00,  0.2602800E+05,  0.1893254E+06,  0.4005412E+05,  0.2183980E+04,  0.3536042E+04,  0.0000000E+00,  0.0000000E+00,  0.1824057E+07,  0.1576331E+07,  0.2826747E+07,  0.1337652E+08,  223
04/14/2011,  0.2831135E+08,  0.0000000E+00,  0.1208694E+06,  0.1283104E+07,  0.0000000E+00,  0.3160915E+07,  0.1515499E+03,  0.0000000E+00,  0.0000000E+00,  0.0000000E+00,  0.8233214E+09,  0.5497708E+08,  0.1010407E+09,  0.1846238E+11,  0.0000000E+00,  0.4453363E+09,  0.0000000E+00,  0.0000000E+00,  0.0000000E+00,  0.0000000E+00,  0.2506982E+08,  0.3411283E+07,  0.0000000E+00,  0.0000000E+00,  0.0000000E+00,  0.5687110E+07,  0.0000000E+00,  0.4080429E+05,  0.2391266E+06,  0.5924820E+05,  0.1676723E+04,  0.0000000E+00,  0.0000000E+00,  0.0000000E+00,  0.1184149E+07,  0.1499866E+07,  0.2446531E+07,  0.0000000E+00,  204
04/15/2011,  0.2755100E+08,  0.0000000E+00,  0.1136632E+06,  0.1173234E+07,  0.0000000E+00,  0.3263808E+07,  0.0000000E+00,  0.0000000E+00,  0.0000000E+00,  0.0000000E+00,  0.8156094E+09,  0.5083110E+08,  0.9966994E+08,  0.1846143E+11,  0.0000000E+00,  0.4452206E+09,  0.0000000E+00,  0.0000000E+00,  0.0000000E+00,  0.0000000E+00,  0.2455315E+08,  0.1515499E+03,  0.0000000E+00,  0.0000000E+00,  0.0000000E+00,  0.1094302E+08,  0.0000000E+00,  0.5220642E+05,  0.2408655E+06,  0.7458514E+05,  0.1444801E+04,  0.0000000E+00,  0.0000000E+00,  0.0000000E+00,  0.1064779E+07,  0.1438164E+07,  0.2386628E+07,  0.0000000E+00,  205
04/16/2011,  0.2681270E+08,  0.0000000E+00,  0.1021996E+06,  0.1017818E+07,  0.0000000E+00,  0.3331916E+07,  0.0000000E+00,  0.0000000E+00,  0.0000000E+00,  0.0000000E+00,  0.8100950E+09,  0.4435085E+08,  0.9843259E+08,  0.1846038E+11,  0.0000000E+00,  0.4451118E+09,  0.0000000E+00,  0.0000000E+00,  0.0000000E+00,  0.0000000E+00,  0.2406672E+08,  0.0000000E+00,  0.0000000E+00,  0.0000000E+00,  0.0000000E+00,  0.1132821E+08,  0.0000000E+00,  0.4872022E+05,  0.2190173E+06,  0.7805869E+05,  0.1252538E+04,  0.0000000E+00,  0.0000000E+00,  0.0000000E+00,  0.8802358E+06,  0.1335032E+07,  0.2072173E+07,  0.0000000E+00,  207
04/17/2011,  0.2640786E+08,  0.0000000E+00,  0.9671672E+05,  0.9055948E+06,  0.0000000E+00,  0.3322793E+07,  0.0000000E+00,  0.0000000E+00,  0.0000000E+00,  0.0000000E+00,  0.8044934E+09,  0.3865789E+08,  0.9722802E+08,  0.1845929E+11,  0.0000000E+00,  0.4449925E+09,  0.0000000E+00,  0.0000000E+00,  0.0000000E+00,  0.0000000E+00,  0.2379283E+08,  0.0000000E+00,  0.0000000E+00,  0.0000000E+00,  0.0000000E+00,  0.1079995E+08,  0.0000000E+00,  0.4227802E+05,  0.1964986E+06,  0.7440706E+05,  0.1074433E+04,  0.0000000E+00,  0.0000000E+00,  0.0000000E+00,  0.7427464E+06,  0.1251542E+07,  0.1908266E+07,  0.0000000E+00,  209
04/18/2011,  0.2131868E+08,  0.2810486E+05,  0.9223881E+05,  0.8233037E+06,  0.0000000E+00,  0.3158488E+07,  0.2013169E+07,  0.0000000E+00,  0.0000000E+00,  0.0000000E+00,  0.8018390E+09,  0.3476709E+08,  0.9617917E+08,  0.1845806E+11,  0.0000000E+00,  0.4448748E+09,  0.0000000E+00,  0.4585046E+07,  0.0000000E+00,  0.0000000E+00,  0.1863302E+08,  0.0000000E+00,  0.0000000E+00,  0.0000000E+00,  0.0000000E+00,  0.8112851E+07,  0.0000000E+00,  0.3995786E+05,  0.2028601E+06,  0.7207000E+05,  0.9473725E+03,  0.3846952E+03,  0.0000000E+00,  0.0000000E+00,  0.7972411E+06,  0.1157815E+07,  0.1809277E+07,  0.2123461E+07,  341
04/19/2011,  0.2022676E+08,  0.0000000E+00,  0.9210588E+05,  0.7566994E+06,  0.0000000E+00,  0.3317837E+07,  0.0000000E+00,  0.0000000E+00,  0.0000000E+00,  0.0000000E+00,  0.7957985E+09,  0.3188247E+08,  0.9509283E+08,  0.1845695E+11,  0.0000000E+00,  0.4447543E+09,  0.0000000E+00,  0.0000000E+00,  0.0000000E+00,  0.0000000E+00,  0.1783469E+08,  0.2013169E+07,  0.0000000E+00,  0.0000000E+00,  0.0000000E+00,  0.8581554E+07,  0.0000000E+00,  0.3583064E+05,  0.1655556E+06,  0.7660003E+05,  0.8549429E+03,  0.0000000E+00,  0.0000000E+00,  0.0000000E+00,  0.6002969E+06,  0.1106390E+07,  0.1654040E+07,  0.0000000E+00,  210
04/20/2011,  0.2004540E+08,  0.8121324E+05,  0.9121641E+05,  0.7411274E+06,  0.0000000E+00,  0.3431662E+07,  0.3411435E+07,  0.0000000E+00,  0.0000000E+00,  0.0000000E+00,  0.7927820E+09,  0.3095290E+08,  0.9423043E+08,  0.1845601E+11,  0.0000000E+00,  0.4446936E+09,  0.0000000E+00,  0.1001349E+08,  0.0000000E+00,  0.0000000E+00,  0.1771373E+08,  0.0000000E+00,  0.0000000E+00,  0.0000000E+00,  0.0000000E+00,  0.9140226E+07,  0.0000000E+00,  0.3670911E+05,  0.3414461E+06,  0.7165336E+05,  0.7868213E+03,  0.1408609E+04,  0.0000000E+00,  0.0000000E+00,  0.9961227E+06,  0.1076671E+07,  0.1824787E+07,  0.5946754E+07,  211
04/21/2011,  0.2009458E+08,  0.0000000E+00,  0.8455198E+05,  0.6711301E+06,  0.0000000E+00,  0.3449438E+07,  0.1271903E+02,  0.0000000E+00,  0.0000000E+00,  0.0000000E+00,  0.7897837E+09,  0.2805981E+08,  0.9326641E+08,  0.1845497E+11,  0.0000000E+00,  0.4445980E+09,  0.0000000E+00,  0.0000000E+00,  0.0000000E+00,  0.0000000E+00,  0.1795219E+08,  0.3411422E+07,  0.0000000E+00,  0.0000000E+00,  0.0000000E+00,  0.5644224E+07,  0.0000000E+00,  0.2808599E+05,  0.1277798E+06,  0.6116244E+05,  0.7916519E+03,  0.0000000E+00,  0.0000000E+00,  0.0000000E+00,  0.5096109E+06,  0.1018885E+07,  0.1448923E+07,  0.0000000E+00,  211
04/22/2011,  0.1963500E+08,  0.0000000E+00,  0.8089535E+05,  0.6421259E+06,  0.0000000E+00,  0.3507387E+07,  0.0000000E+00,  0.0000000E+00,  0.0000000E+00,  0.0000000E+00,  0.7824580E+09,  0.2631088E+08,  0.9233917E+08,  0.1845395E+11,  0.0000000E+00,  0.4445096E+09,  0.0000000E+00,  0.0000000E+00,  0.0000000E+00,  0.0000000E+00,  0.1759450E+08,  0.1271903E+02,  0.0000000E+00,  0.0000000E+00,  0.0000000E+00,  0.8848666E+07,  0.0000000E+00,  0.2842027E+05,  0.1442587E+06,  0.6067352E+05,  0.7193718E+03,  0.0000000E+00,  0.0000000E+00,  0.0000000E+00,  0.4766878E+06,  0.9741897E+06,  0.1378387E+07,  0.0000000E+00,  208
04/23/2011,  0.2000619E+08,  0.2325600E+05,  0.7769066E+05,  0.5955003E+06,  0.0000000E+00,  0.3574150E+07,  0.1829900E+07,  0.0000000E+00,  0.0000000E+00,  0.0000000E+00,  0.7758488E+09,  0.2423416E+08,  0.9149174E+08,  0.1845297E+11,  0.0000000E+00,  0.4444186E+09,  0.0000000E+00,  0.3706552E+07,  0.0000000E+00,  0.0000000E+00,  0.1806451E+08,  0.0000000E+00,  0.0000000E+00,  0.0000000E+00,  0.0000000E+00,  0.1011186E+08,  0.0000000E+00,  0.3564657E+05,  0.1997251E+06,  0.7811295E+05,  0.6492607E+03,  0.3667516E+03,  0.0000000E+00,  0.0000000E+00,  0.5357195E+06,  0.9284300E+06,  0.1350210E+07,  0.1706913E+07,  208
04/24/2011,  0.2023973E+08,  0.8996282E+05,  0.7502566E+05,  0.5783594E+06,  0.0000000E+00,  0.3640632E+07,  0.3042700E+07,  0.0000000E+00,  0.0000000E+00,  0.0000000E+00,  0.7763235E+09,  0.2370667E+08,  0.9083316E+08,  0.1845210E+11,  0.0000000E+00,  0.4443559E+09,  0.0000000E+00,  0.8551399E+07,  0.0000000E+00,  0.0000000E+00,  0.1831680E+08,  0.0000000E+00,  0.0000000E+00,  0.0000000E+00,  0.0000000E+00,  0.6345633E+07,  0.0000000E+00,  0.3377520E+05,  0.2249582E+06,  0.6674972E+05,  0.6225592E+03,  0.1072468E+04,  0.0000000E+00,  0.0000000E+00,  0.7923172E+06,  0.9083830E+06,  0.1419725E+07,  0.6830844E+07,  468
04/25/2011,  0.1999749E+08,  0.0000000E+00,  0.7423331E+05,  0.5502986E+06,  0.0000000E+00,  0.3634256E+07,  0.1077940E+02,  0.0000000E+00,  0.0000000E+00,  0.0000000E+00,  0.7715734E+09,  0.2232567E+08,  0.9001354E+08,  0.1845112E+11,  0.0000000E+00,  0.4442715E+09,  0.0000000E+00,  0.0000000E+00,  0.0000000E+00,  0.0000000E+00,  0.1819843E+08,  0.3042689E+07,  0.0000000E+00,  0.0000000E+00,  0.0000000E+00,  0.5994879E+07,  0.2483528E-04,  0.2706404E+05,  0.1357965E+06,  0.6261396E+05,  0.6275293E+03,  0.0000000E+00,  0.0000000E+00,  0.0000000E+00,  0.3861050E+06,  0.8750146E+06,  0.1181747E+07,  0.0000000E+00,  211
04/26/2011,  0.1881135E+08,  0.0000000E+00,  0.7024003E+05,  0.5246666E+06,  0.0000000E+00,  0.3670751E+07,  0.0000000E+00,  0.0000000E+00,  0.0000000E+00,  0.0000000E+00,  0.7628271E+09,  0.2097510E+08,  0.8926560E+08,  0.1845012E+11,  0.0000000E+00,  0.4441876E+09,  0.0000000E+00,  0.0000000E+00,  0.0000000E+00,  0.0000000E+00,  0.1708819E+08,  0.1077940E+02,  0.0000000E+00,  0.0000000E+00,  0.0000000E+00,  0.9978980E+07,  0.0000000E+00,  0.2954806E+05,  0.1442104E+06,  0.6835369E+05,  0.5755879E+03,  0.0000000E+00,  0.0000000E+00,  0.0000000E+00,  0.3583164E+06,  0.8358762E+06,  0.1079260E+07,  0.0000000E+00,  206
04/27/2011,  0.1938540E+08,  0.0000000E+00,  0.6664963E+05,  0.4826907E+06,  0.0000000E+00,  0.3711518E+07,  0.0000000E+00,  0.0000000E+00,  0.0000000E+00,  0.0000000E+00,  0.7545704E+09,  0.1897720E+08,  0.8852267E+08,  0.1844916E+11,  0.0000000E+00,  0.4441035E+09,  0.0000000E+00,  0.0000000E+00,  0.0000000E+00,  0.0000000E+00,  0.1775693E+08,  0.0000000E+00,  0.0000000E+00,  0.0000000E+00,  0.0000000E+00,  0.1020166E+08,  0.0000000E+00,  0.2883341E+05,  0.1257698E+06,  0.7410592E+05,  0.5292745E+03,  0.0000000E+00,  0.0000000E+00,  0.0000000E+00,  0.3018908E+06,  0.7987818E+06,  0.1018402E+07,  0.0000000E+00,  208
04/28/2011,  0.1884126E+08,  0.0000000E+00,  0.6406041E+05,  0.4520273E+06,  0.0000000E+00,  0.3727948E+07,  0.0000000E+00,  0.0000000E+00,  0.0000000E+00,  0.0000000E+00,  0.7481142E+09,  0.1725136E+08,  0.8780529E+08,  0.1844821E+11,  0.0000000E+00,  0.4440352E+09,  0.0000000E+00,  0.0000000E+00,  0.0000000E+00,  0.0000000E+00,  0.1726445E+08,  0.0000000E+00,  0.0000000E+00,  0.0000000E+00,  0.0000000E+00,  0.8161667E+07,  0.0000000E+00,  0.2075365E+05,  0.9365523E+05,  0.5695269E+05,  0.4947227E+03,  0.0000000E+00,  0.0000000E+00,  0.0000000E+00,  0.2679650E+06,  0.7641022E+06,  0.9669170E+06,  0.0000000E+00,  212
04/29/2011,  0.1823354E+08,  0.0000000E+00,  0.6243399E+05,  0.4332096E+06,  0.0000000E+00,  0.3762430E+07,  0.0000000E+00,  0.0000000E+00,  0.0000000E+00,  0.0000000E+00,  0.7387231E+09,  0.1600917E+08,  0.8709135E+08,  0.1844729E+11,  0.0000000E+00,  0.4439537E+09,  0.0000000E+00,  0.0000000E+00,  0.0000000E+00,  0.0000000E+00,  0.1672013E+08,  0.0000000E+00,  0.0000000E+00,  0.0000000E+00,  0.0000000E+00,  0.1063008E+08,  0.0000000E+00,  0.2509058E+05,  0.1156622E+06,  0.7588626E+05,  0.4572049E+03,  0.0000000E+00,  0.0000000E+00,  0.0000000E+00,  0.2415498E+06,  0.7344805E+06,  0.9326803E+06,  0.0000000E+00,  207
04/30/2011,  0.1881045E+08,  0.0000000E+00,  0.6059439E+05,  0.4063699E+06,  0.0000000E+00,  0.3797207E+07,  0.0000000E+00,  0.0000000E+00,  0.0000000E+00,  0.0000000E+00,  0.7291990E+09,  0.1465463E+08,  0.8641377E+08,  0.1844638E+11,  0.0000000E+00,  0.4438796E+09,  0.0000000E+00,  0.0000000E+00,  0.0000000E+00,  0.0000000E+00,  0.1736467E+08,  0.0000000E+00,  0.0000000E+00,  0.0000000E+00,  0.0000000E+00,  0.1090703E+08,  0.0000000E+00,  0.2359369E+05,  0.1100536E+06,  0.7049227E+05,  0.4275262E+03,  0.0000000E+00,  0.0000000E+00,  0.0000000E+00,  0.2232409E+06,  0.7042400E+06,  0.8794573E+06,  0.0000000E+00,  330
05/01/2011,  0.1883309E+08,  0.0000000E+00,  0.5855599E+05,  0.3861004E+06,  0.0000000E+00,  0.3820193E+07,  0.0000000E+00,  0.0000000E+00,  0.0000000E+00,  0.0000000E+00,  0.7195452E+09,  0.1345038E+08,  0.8577435E+08,  0.1844545E+11,  0.0000000E+00,  0.4438053E+09,  0.0000000E+00,  0.0000000E+00,  0.0000000E+00,  0.0000000E+00,  0.1743725E+08,  0.0000000E+00,  0.0000000E+00,  0.0000000E+00,  0.0000000E+00,  0.1091047E+08,  0.0000000E+00,  0.2297733E+05,  0.1027453E+06,  0.7195343E+05,  0.3988004E+03,  0.0000000E+00,  0.0000000E+00,  0.0000000E+00,  0.1925461E+06,  0.6756785E+06,  0.8111535E+06,  0.0000000E+00,  236
05/02/2011,  0.1860658E+08,  0.0000000E+00,  0.5607880E+05,  0.3678115E+06,  0.0000000E+00,  0.3845078E+07,  0.0000000E+00,  0.0000000E+00,  0.0000000E+00,  0.0000000E+00,  0.7087505E+09,  0.1244844E+08,  0.8514134E+08,  0.1844454E+11,  0.0000000E+00,  0.4437248E+09,  0.0000000E+00,  0.0000000E+00,  0.0000000E+00,  0.0000000E+00,  0.1726272E+08,  0.0000000E+00,  0.0000000E+00,  0.0000000E+00,  0.0000000E+00,  0.1186630E+08,  0.0000000E+00,  0.2373568E+05,  0.1048108E+06,  0.7843099E+05,  0.3716916E+03,  0.0000000E+00,  0.0000000E+00,  0.0000000E+00,  0.1703509E+06,  0.6502376E+06,  0.7817354E+06,  0.0000000E+00,  218
05/03/2011,  0.1779245E+08,  0.0000000E+00,  0.5343256E+05,  0.3488917E+06,  0.0000000E+00,  0.3865680E+07,  0.0000000E+00,  0.0000000E+00,  0.0000000E+00,  0.0000000E+00,  0.6979807E+09,  0.1154561E+08,  0.8451091E+08,  0.1844367E+11,  0.0000000E+00,  0.4436483E+09,  0.0000000E+00,  0.0000000E+00,  0.0000000E+00,  0.0000000E+00,  0.1649462E+08,  0.0000000E+00,  0.0000000E+00,  0.0000000E+00,  0.0000000E+00,  0.1176180E+08,  0.0000000E+00,  0.2180142E+05,  0.8803777E+05,  0.7639366E+05,  0.3479659E+03,  0.0000000E+00,  0.0000000E+00,  0.0000000E+00,  0.1489299E+06,  0.6270542E+06,  0.7596303E+06,  0.0000000E+00,  218
05/04/2011,  0.1536153E+08,  0.0000000E+00,  0.5053701E+05,  0.3273670E+06,  0.0000000E+00,  0.3774345E+07,  0.0000000E+00,  0.0000000E+00,  0.0000000E+00,  0.0000000E+00,  0.6856540E+09,  0.1079657E+08,  0.8391000E+08,  0.1844271E+11,  0.0000000E+00,  0.4435508E+09,  0.0000000E+00,  0.0000000E+00,  0.0000000E+00,  0.0000000E+00,  0.1401408E+08,  0.0000000E+00,  0.0000000E+00,  0.0000000E+00,  0.0000000E+00,  0.1316887E+08,  0.0000000E+00,  0.2301799E+05,  0.9479520E+05,  0.8822565E+05,  0.3222636E+03,  0.0000000E+00,  0.0000000E+00,  0.0000000E+00,  0.1337607E+06,  0.5917988E+06,  0.7136703E+06,  0.0000000E+00,  216
05/05/2011,  0.1474713E+08,  0.0000000E+00,  0.4837869E+05,  0.3080284E+06,  0.0000000E+00,  0.3853538E+07,  0.0000000E+00,  0.0000000E+00,  0.0000000E+00,  0.0000000E+00,  0.6721405E+09,  0.1012435E+08,  0.8329462E+08,  0.1844186E+11,  0.0000000E+00,  0.4434452E+09,  0.0000000E+00,  0.0000000E+00,  0.0000000E+00,  0.0000000E+00,  0.1351728E+08,  0.0000000E+00,  0.0000000E+00,  0.0000000E+00,  0.0000000E+00,  0.1429512E+08,  0.0000000E+00,  0.2388793E+05,  0.1008019E+06,  0.1031764E+06,  0.2965082E+03,  0.0000000E+00,  0.0000000E+00,  0.0000000E+00,  0.1167412E+06,  0.5698356E+06,  0.7102071E+06,  0.0000000E+00,  215
05/06/2011,  0.1279720E+08,  0.0000000E+00,  0.4628628E+05,  0.2839624E+06,  0.0000000E+00,  0.3744303E+07,  0.0000000E+00,  0.0000000E+00,  0.0000000E+00,  0.0000000E+00,  0.6616744E+09,  0.9540891E+07,  0.8276275E+08,  0.1844088E+11,  0.0000000E+00,  0.4433392E+09,  0.0000000E+00,  0.0000000E+00,  0.0000000E+00,  0.0000000E+00,  0.1150330E+08,  0.0000000E+00,  0.0000000E+00,  0.0000000E+00,  0.0000000E+00,  0.1116293E+08,  0.0000000E+00,  0.2118573E+05,  0.8798152E+05,  0.8756621E+05,  0.2763390E+03,  0.0000000E+00,  0.0000000E+00,  0.0000000E+00,  0.1061122E+06,  0.5375725E+06,  0.6187252E+06,  0.0000000E+00,  135
05/07/2011,  0.1326944E+08,  0.0000000E+00,  0.4597874E+05,  0.2765136E+06,  0.0000000E+00,  0.3838746E+07,  0.0000000E+00,  0.0000000E+00,  0.0000000E+00,  0.0000000E+00,  0.6534677E+09,  0.9171559E+07,  0.8218577E+08,  0.1844006E+11,  0.0000000E+00,  0.4432541E+09,  0.0000000E+00,  0.0000000E+00,  0.0000000E+00,  0.0000000E+00,  0.1209254E+08,  0.0000000E+00,  0.0000000E+00,  0.0000000E+00,  0.0000000E+00,  0.8700091E+07,  0.0000000E+00,  0.1678838E+05,  0.7021417E+05,  0.6781358E+05,  0.2630675E+03,  0.0000000E+00,  0.0000000E+00,  0.0000000E+00,  0.9228892E+05,  0.5269877E+06,  0.6543665E+06,  0.0000000E+00,   55
05/08/2011,  0.1360085E+08,  0.0000000E+00,  0.4470404E+05,  0.2733545E+06,  0.0000000E+00,  0.3873244E+07,  0.0000000E+00,  0.0000000E+00,  0.0000000E+00,  0.0000000E+00,  0.6463613E+09,  0.8922852E+07,  0.8169330E+08,  0.1843921E+11,  0.0000000E+00,  0.4431794E+09,  0.0000000E+00,  0.0000000E+00,  0.0000000E+00,  0.0000000E+00,  0.1247357E+08,  0.0000000E+00,  0.0000000E+00,  0.0000000E+00,  0.0000000E+00,  0.7470898E+07,  0.0000000E+00,  0.1649103E+05,  0.6767477E+05,  0.6018274E+05,  0.2504938E+03,  0.0000000E+00,  0.0000000E+00,  0.0000000E+00,  0.8716187E+05,  0.5095176E+06,  0.5649544E+06,  0.0000000E+00,   39
05/09/2011,  0.1368637E+08,  0.0000000E+00,  0.4295316E+05,  0.2703428E+06,  0.0000000E+00,  0.3893516E+07,  0.0000000E+00,  0.0000000E+00,  0.0000000E+00,  0.0000000E+00,  0.6379845E+09,  0.8734824E+07,  0.8118635E+08,  0.1843841E+11,  0.0000000E+00,  0.4431067E+09,  0.0000000E+00,  0.0000000E+00,  0.0000000E+00,  0.0000000E+00,  0.1258070E+08,  0.0000000E+00,  0.0000000E+00,  0.0000000E+00,  0.0000000E+00,  0.8677922E+07,  0.0000000E+00,  0.1716942E+05,  0.6495910E+05,  0.6147986E+05,  0.2377480E+03,  0.0000000E+00,  0.0000000E+00,  0.0000000E+00,  0.8192884E+05,  0.4971769E+06,  0.5734815E+06,  0.0000000E+00,   51
05/10/2011,  0.1106161E+08,  0.0000000E+00,  0.4106126E+05,  0.2571493E+06,  0.0000000E+00,  0.3771202E+07,  0.0000000E+00,  0.0000000E+00,  0.0000000E+00,  0.0000000E+00,  0.6278427E+09,  0.8537489E+07,  0.8071713E+08,  0.1843749E+11,  0.0000000E+00,  0.4430096E+09,  0.0000000E+00,  0.0000000E+00,  0.0000000E+00,  0.0000000E+00,  0.9866880E+07,  0.0000000E+00,  0.0000000E+00,  0.0000000E+00,  0.0000000E+00,  0.1044469E+08,  0.0000000E+00,  0.2200204E+05,  0.8403499E+05,  0.7769936E+05,  0.2220003E+03,  0.0000000E+00,  0.0000000E+00,  0.0000000E+00,  0.7826649E+05,  0.4710827E+06,  0.5271955E+06,  0.0000000E+00,  211
05/11/2011,  0.1088771E+08,  0.0000000E+00,  0.3948813E+05,  0.2449990E+06,  0.0000000E+00,  0.3835828E+07,  0.0000000E+00,  0.0000000E+00,  0.0000000E+00,  0.0000000E+00,  0.6188750E+09,  0.8350098E+07,  0.8021515E+08,  0.1843669E+11,  0.0000000E+00,  0.4429314E+09,  0.0000000E+00,  0.0000000E+00,  0.0000000E+00,  0.0000000E+00,  0.9783936E+07,  0.0000000E+00,  0.0000000E+00,  0.0000000E+00,  0.0000000E+00,  0.9274029E+07,  0.0000000E+00,  0.1936856E+05,  0.8245426E+05,  0.6468697E+05,  0.2082058E+03,  0.0000000E+00,  0.0000000E+00,  0.0000000E+00,  0.6926800E+05,  0.4620290E+06,  0.5535599E+06,  0.0000000E+00,  418
05/12/2011,  0.9491901E+07,  0.0000000E+00,  0.3909445E+05,  0.2371345E+06,  0.0000000E+00,  0.3770598E+07,  0.0000000E+00,  0.0000000E+00,  0.0000000E+00,  0.0000000E+00,  0.6097795E+09,  0.8210901E+07,  0.7973667E+08,  0.1843583E+11,  0.0000000E+00,  0.4428394E+09,  0.0000000E+00,  0.0000000E+00,  0.0000000E+00,  0.0000000E+00,  0.8352288E+07,  0.0000000E+00,  0.0000000E+00,  0.0000000E+00,  0.0000000E+00,  0.9347743E+07,  0.0000000E+00,  0.2321873E+05,  0.7329948E+05,  0.7261949E+05,  0.1945869E+03,  0.0000000E+00,  0.0000000E+00,  0.0000000E+00,  0.6659192E+05,  0.4454864E+06,  0.5234866E+06,  0.0000000E+00, 1471
05/13/2011,  0.8584733E+07,  0.0000000E+00,  0.3759241E+05,  0.2271160E+06,  0.0000000E+00,  0.3804966E+07,  0.0000000E+00,  0.0000000E+00,  0.0000000E+00,  0.0000000E+00,  0.6009494E+09,  0.8082383E+07,  0.7931859E+08,  0.1843497E+11,  0.0000000E+00,  0.4427506E+09,  0.0000000E+00,  0.0000000E+00,  0.0000000E+00,  0.0000000E+00,  0.7508160E+07,  0.0000000E+00,  0.0000000E+00,  0.0000000E+00,  0.0000000E+00,  0.9070742E+07,  0.0000000E+00,  0.2220382E+05,  0.7609301E+05,  0.7110130E+05,  0.1801253E+03,  0.0000000E+00,  0.0000000E+00,  0.0000000E+00,  0.6134085E+05,  0.4279700E+06,  0.4588070E+06,  0.0000000E+00,  264
05/14/2011,  0.1210775E+08,  0.4901028E+06,  0.3836726E+05,  0.3741637E+06,  0.0000000E+00,  0.4092435E+07,  0.3411435E+07,  0.0000000E+00,  0.0000000E+00,  0.0000000E+00,  0.6359486E+09,  0.1120124E+08,  0.7940085E+08,  0.1843476E+11,  0.0000000E+00,  0.4429368E+09,  0.0000000E+00,  0.4931676E+08,  0.0000000E+00,  0.0000000E+00,  0.1066262E+08,  0.0000000E+00,  0.0000000E+00,  0.0000000E+00,  0.0000000E+00,  0.3340305E+07,  0.0000000E+00,  0.1346651E+05,  0.1834916E+06,  0.2605428E+05,  0.5053039E+04,  0.7069406E+04,  0.0000000E+00,  0.0000000E+00,  0.1026835E+07,  0.4528845E+06,  0.9326625E+06,  0.4243913E+08,   86
05/15/2011,  0.1229080E+08,  0.3685527E+06,  0.3906893E+05,  0.4836904E+06,  0.0000000E+00,  0.3984951E+07,  0.3411435E+07,  0.0000000E+00,  0.0000000E+00,  0.0000000E+00,  0.6587876E+09,  0.1404086E+08,  0.7945426E+08,  0.1843445E+11,  0.0000000E+00,  0.4431293E+09,  0.0000000E+00,  0.3245516E+08,  0.0000000E+00,  0.0000000E+00,  0.1075421E+08,  0.0000000E+00,  0.0000000E+00,  0.0000000E+00,  0.0000000E+00,  0.3261912E+07,  0.0000000E+00,  0.1723228E+05,  0.1721321E+06,  0.2468243E+05,  0.1342864E+05,  0.6938061E+04,  0.0000000E+00,  0.0000000E+00,  0.1006049E+07,  0.4698459E+06,  0.9368377E+06,  0.3000108E+08,  234
05/16/2011,  0.9506358E+07,  0.2589533E+06,  0.3691895E+05,  0.4517164E+06,  0.0000000E+00,  0.3712785E+07,  0.3411435E+07,  0.0000000E+00,  0.0000000E+00,  0.0000000E+00,  0.6736633E+09,  0.1579521E+08,  0.7947086E+08,  0.1843387E+11,  0.0000000E+00,  0.4433078E+09,  0.0000000E+00,  0.2269083E+08,  0.0000000E+00,  0.0000000E+00,  0.8030880E+07,  0.0000000E+00,  0.0000000E+00,  0.0000000E+00,  0.0000000E+00,  0.3695466E+07,  0.0000000E+00,  0.2155069E+05,  0.1912548E+06,  0.2742674E+05,  0.5654189E+04,  0.3774056E+04,  0.0000000E+00,  0.0000000E+00,  0.9401585E+06,  0.4678144E+06,  0.9033995E+06,  0.2127996E+08,  193
05/17/2011,  0.1138560E+08,  0.4149828E+06,  0.4173406E+05,  0.6231165E+06,  0.0000000E+00,  0.3985723E+07,  0.3411435E+07,  0.0000000E+00,  0.0000000E+00,  0.0000000E+00,  0.6986019E+09,  0.1970559E+08,  0.7950953E+08,  0.1843366E+11,  0.0000000E+00,  0.4434372E+09,  0.0000000E+00,  0.3645143E+08,  0.0000000E+00,  0.0000000E+00,  0.9811584E+07,  0.0000000E+00,  0.0000000E+00,  0.0000000E+00,  0.0000000E+00,  0.3700418E+07,  0.0000000E+00,  0.2339180E+05,  0.1920589E+06,  0.2758583E+05,  0.6519192E+04,  0.5012049E+04,  0.0000000E+00,  0.0000000E+00,  0.1107239E+07,  0.5048431E+06,  0.1046616E+07,  0.3381081E+08,   44
05/18/2011,  0.7963772E+07,  0.1894738E+05,  0.3628157E+05,  0.4925075E+06,  0.0000000E+00,  0.3521609E+07,  0.1794149E+07,  0.0000000E+00,  0.0000000E+00,  0.0000000E+00,  0.6944304E+09,  0.1879298E+08,  0.7921815E+08,  0.1843279E+11,  0.0000000E+00,  0.4433309E+09,  0.0000000E+00,  0.1574098E+07,  0.0000000E+00,  0.0000000E+00,  0.6415200E+07,  0.1617286E+07,  0.0000000E+00,  0.0000000E+00,  0.0000000E+00,  0.5988486E+07,  0.0000000E+00,  0.5271182E+05,  0.2809991E+06,  0.6225735E+05,  0.3880210E+04,  0.2370155E+03,  0.0000000E+00,  0.0000000E+00,  0.5976254E+06,  0.4785889E+06,  0.8380874E+06,  0.1544117E+07,  365
05/19/2011,  0.6242879E+07,  0.0000000E+00,  0.3423934E+05,  0.4301729E+06,  0.0000000E+00,  0.3620987E+07,  0.0000000E+00,  0.0000000E+00,  0.0000000E+00,  0.0000000E+00,  0.6852928E+09,  0.1765254E+08,  0.7888389E+08,  0.1843195E+11,  0.0000000E+00,  0.4432066E+09,  0.0000000E+00,  0.0000000E+00,  0.0000000E+00,  0.0000000E+00,  0.4905792E+07,  0.1794149E+07,  0.0000000E+00,  0.0000000E+00,  0.0000000E+00,  0.9800300E+07,  0.0000000E+00,  0.6806184E+05,  0.3036082E+06,  0.7755565E+05,  0.3027388E+04,  0.0000000E+00,  0.0000000E+00,  0.0000000E+00,  0.4758907E+06,  0.4541164E+06,  0.7438971E+06,  0.0000000E+00,  280
05/20/2011,  0.5246292E+07,  0.0000000E+00,  0.3286488E+05,  0.3745844E+06,  0.0000000E+00,  0.3516461E+07,  0.0000000E+00,  0.0000000E+00,  0.0000000E+00,  0.0000000E+00,  0.6748873E+09,  0.1630967E+08,  0.7852100E+08,  0.1843109E+11,  0.0000000E+00,  0.4430732E+09,  0.0000000E+00,  0.0000000E+00,  0.0000000E+00,  0.0000000E+00,  0.3894912E+07,  0.0000000E+00,  0.0000000E+00,  0.0000000E+00,  0.0000000E+00,  0.1136689E+08,  0.0000000E+00,  0.6939787E+05,  0.2619300E+06,  0.7866819E+05,  0.2423025E+04,  0.0000000E+00,  0.0000000E+00,  0.0000000E+00,  0.4166046E+06,  0.4341855E+06,  0.7116246E+06,  0.0000000E+00, 1378
05/21/2011,  0.5806521E+07,  0.0000000E+00,  0.3167150E+05,  0.3331319E+06,  0.0000000E+00,  0.3626444E+07,  0.0000000E+00,  0.0000000E+00,  0.0000000E+00,  0.0000000E+00,  0.6656617E+09,  0.1509724E+08,  0.7816818E+08,  0.1843036E+11,  0.0000000E+00,  0.4429526E+09,  0.0000000E+00,  0.0000000E+00,  0.0000000E+00,  0.0000000E+00,  0.4634496E+07,  0.0000000E+00,  0.0000000E+00,  0.0000000E+00,  0.0000000E+00,  0.1014076E+08,  0.0000000E+00,  0.6175008E+05,  0.2234259E+06,  0.7439122E+05,  0.1981484E+04,  0.0000000E+00,  0.0000000E+00,  0.0000000E+00,  0.3602521E+06,  0.4195101E+06,  0.6526673E+06,  0.0000000E+00,  413
05/22/2011,  0.5775928E+07,  0.0000000E+00,  0.3062099E+05,  0.3034478E+06,  0.0000000E+00,  0.3654909E+07,  0.0000000E+00,  0.0000000E+00,  0.0000000E+00,  0.0000000E+00,  0.6572301E+09,  0.1412907E+08,  0.7778763E+08,  0.1842968E+11,  0.0000000E+00,  0.4428460E+09,  0.0000000E+00,  0.0000000E+00,  0.0000000E+00,  0.0000000E+00,  0.4682016E+07,  0.0000000E+00,  0.0000000E+00,  0.0000000E+00,  0.0000000E+00,  0.9162092E+07,  0.0000000E+00,  0.5481629E+05,  0.1874066E+06,  0.6953756E+05,  0.1650406E+04,  0.0000000E+00,  0.0000000E+00,  0.0000000E+00,  0.3201208E+06,  0.4084698E+06,  0.6471821E+06,  0.0000000E+00,  230
05/23/2011,  0.4999853E+07,  0.0000000E+00,  0.2956508E+05,  0.2769023E+06,  0.0000000E+00,  0.3126108E+07,  0.0000000E+00,  0.0000000E+00,  0.0000000E+00,  0.0000000E+00,  0.6483619E+09,  0.1333095E+08,  0.7744766E+08,  0.1842865E+11,  0.0000000E+00,  0.4426440E+09,  0.0000000E+00,  0.0000000E+00,  0.0000000E+00,  0.0000000E+00,  0.3513888E+07,  0.0000000E+00,  0.0000000E+00,  0.0000000E+00,  0.0000000E+00,  0.9466086E+07,  0.0000000E+00,  0.5025356E+05,  0.1942678E+06,  0.6866351E+05,  0.1384266E+04,  0.0000000E+00,  0.0000000E+00,  0.0000000E+00,  0.2873310E+06,  0.3858687E+06,  0.5783478E+06,  0.0000000E+00,  377
05/24/2011,  0.4185496E+07,  0.0000000E+00,  0.2878885E+05,  0.2550105E+06,  0.0000000E+00,  0.3143748E+07,  0.0000000E+00,  0.0000000E+00,  0.0000000E+00,  0.0000000E+00,  0.6392103E+09,  0.1261247E+08,  0.7708821E+08,  0.1842776E+11,  0.0000000E+00,  0.4424313E+09,  0.0000000E+00,  0.0000000E+00,  0.0000000E+00,  0.0000000E+00,  0.2849472E+07,  0.0000000E+00,  0.0000000E+00,  0.0000000E+00,  0.0000000E+00,  0.9712157E+07,  0.0000000E+00,  0.4778648E+05,  0.1753017E+06,  0.7381028E+05,  0.1187894E+04,  0.0000000E+00,  0.0000000E+00,  0.0000000E+00,  0.2562131E+06,  0.3747610E+06,  0.5691648E+06,  0.0000000E+00,  563
05/25/2011,  0.4705436E+07,  0.1049944E+06,  0.2947586E+05,  0.2548067E+06,  0.0000000E+00,  0.2957089E+07,  0.3411435E+07,  0.0000000E+00,  0.0000000E+00,  0.0000000E+00,  0.6437438E+09,  0.1266530E+08,  0.7696710E+08,  0.1842700E+11,  0.0000000E+00,  0.4422771E+09,  0.0000000E+00,  0.1357509E+08,  0.0000000E+00,  0.0000000E+00,  0.3170880E+07,  0.0000000E+00,  0.0000000E+00,  0.0000000E+00,  0.0000000E+00,  0.3902483E+07,  0.0000000E+00,  0.2373610E+05,  0.2128066E+06,  0.3378828E+05,  0.1207728E+04,  0.1637661E+04,  0.0000000E+00,  0.0000000E+00,  0.6990413E+06,  0.3764533E+06,  0.7976533E+06,  0.9088997E+07,  447
05/26/2011,  0.4066604E+07,  0.0000000E+00,  0.2827100E+05,  0.2467497E+06,  0.0000000E+00,  0.2829100E+07,  0.0000000E+00,  0.0000000E+00,  0.0000000E+00,  0.0000000E+00,  0.6376467E+09,  0.1224218E+08,  0.7661500E+08,  0.1842603E+11,  0.0000000E+00,  0.4420045E+09,  0.0000000E+00,  0.0000000E+00,  0.0000000E+00,  0.0000000E+00,  0.2634336E+07,  0.3411435E+07,  0.0000000E+00,  0.0000000E+00,  0.0000000E+00,  0.6369486E+07,  0.1241764E-04,  0.4906823E+05,  0.1963051E+06,  0.7320897E+05,  0.1076432E+04,  0.0000000E+00,  0.0000000E+00,  0.0000000E+00,  0.2417931E+06,  0.3602751E+06,  0.5465285E+06,  0.0000000E+00,  489
05/27/2011,  0.4678237E+07,  0.0000000E+00,  0.2719864E+05,  0.2315611E+06,  0.0000000E+00,  0.2835737E+07,  0.0000000E+00,  0.0000000E+00,  0.0000000E+00,  0.0000000E+00,  0.6288738E+09,  0.1177212E+08,  0.7623233E+08,  0.1842519E+11,  0.0000000E+00,  0.4417410E+09,  0.0000000E+00,  0.0000000E+00,  0.0000000E+00,  0.0000000E+00,  0.3360960E+07,  0.0000000E+00,  0.0000000E+00,  0.0000000E+00,  0.0000000E+00,  0.9126421E+07,  0.0000000E+00,  0.4555235E+05,  0.1723045E+06,  0.7364753E+05,  0.9126081E+03,  0.0000000E+00,  0.0000000E+00,  0.0000000E+00,  0.2170806E+06,  0.3546941E+06,  0.5553950E+06,  0.0000000E+00,  454
05/28/2011,  0.4672553E+07,  0.4006551E+05,  0.2784755E+05,  0.2270000E+06,  0.0000000E+00,  0.2898860E+07,  0.7556490E+06,  0.0000000E+00,  0.0000000E+00,  0.0000000E+00,  0.6248036E+09,  0.1158780E+08,  0.7595999E+08,  0.1842447E+11,  0.0000000E+00,  0.4415200E+09,  0.0000000E+00,  0.5301900E+07,  0.0000000E+00,  0.0000000E+00,  0.3449088E+07,  0.0000000E+00,  0.0000000E+00,  0.0000000E+00,  0.0000000E+00,  0.7755425E+07,  0.0000000E+00,  0.3710610E+05,  0.1760997E+06,  0.6472658E+05,  0.7952296E+03,  0.8526197E+01,  0.0000000E+00,  0.0000000E+00,  0.3074401E+06,  0.3470221E+06,  0.5437991E+06,  0.3713046E+07,  315
05/29/2011,  0.4577894E+07,  0.0000000E+00,  0.2654410E+05,  0.2190129E+06,  0.0000000E+00,  0.2884702E+07,  0.0000000E+00,  0.0000000E+00,  0.0000000E+00,  0.0000000E+00,  0.6164163E+09,  0.1115628E+08,  0.7560388E+08,  0.1842373E+11,  0.0000000E+00,  0.4413002E+09,  0.0000000E+00,  0.0000000E+00,  0.0000000E+00,  0.0000000E+00,  0.3439584E+07,  0.7556490E+06,  0.0000000E+00,  0.0000000E+00,  0.0000000E+00,  0.8733123E+07,  0.0000000E+00,  0.3707107E+05,  0.1780875E+06,  0.7441049E+05,  0.7005921E+03,  0.0000000E+00,  0.0000000E+00,  0.0000000E+00,  0.1840950E+06,  0.3423242E+06,  0.5044572E+06,  0.0000000E+00,  237
05/30/2011,  0.4475835E+07,  0.0000000E+00,  0.2563838E+05,  0.2063749E+06,  0.0000000E+00,  0.2850892E+07,  0.0000000E+00,  0.0000000E+00,  0.0000000E+00,  0.0000000E+00,  0.6074901E+09,  0.1074049E+08,  0.7529177E+08,  0.1842294E+11,  0.0000000E+00,  0.4410908E+09,  0.0000000E+00,  0.0000000E+00,  0.0000000E+00,  0.0000000E+00,  0.3354048E+07,  0.0000000E+00,  0.0000000E+00,  0.0000000E+00,  0.0000000E+00,  0.9280308E+07,  0.0000000E+00,  0.3510408E+05,  0.1228483E+06,  0.7553304E+05,  0.6179315E+03,  0.0000000E+00,  0.0000000E+00,  0.0000000E+00,  0.1628336E+06,  0.3332952E+06,  0.4409094E+06,  0.0000000E+00,  220
05/31/2011,  0.4996182E+07,  0.1379740E+05,  0.2494213E+05,  0.1954977E+06,  0.0000000E+00,  0.2865952E+07,  0.1455239E+07,  0.0000000E+00,  0.0000000E+00,  0.0000000E+00,  0.6043336E+09,  0.1039819E+08,  0.7501074E+08,  0.1842224E+11,  0.0000000E+00,  0.4409070E+09,  0.0000000E+00,  0.3061752E+07,  0.0000000E+00,  0.0000000E+00,  0.3908736E+07,  0.0000000E+00,  0.0000000E+00,  0.0000000E+00,  0.0000000E+00,  0.4717809E+07,  0.0000000E+00,  0.2599952E+05,  0.1307353E+06,  0.5899027E+05,  0.5483589E+03,  0.1462075E+03,  0.0000000E+00,  0.0000000E+00,  0.2237271E+06,  0.3280019E+06,  0.4797979E+06,  0.1335710E+07,   97
06/01/2011,  0.5059310E+07,  0.1135198E+06,  0.2898093E+05,  0.2312734E+06,  0.0000000E+00,  0.2926527E+07,  0.3157371E+07,  0.0000000E+00,  0.0000000E+00,  0.0000000E+00,  0.6104459E+09,  0.1104821E+08,  0.7482055E+08,  0.1842174E+11,  0.0000000E+00,  0.4409816E+09,  0.0000000E+00,  0.1385788E+08,  0.0000000E+00,  0.0000000E+00,  0.4106592E+07,  0.0000000E+00,  0.0000000E+00,  0.0000000E+00,  0.0000000E+00,  0.3340447E+07,  0.0000000E+00,  0.1536811E+05,  0.1731302E+06,  0.2826608E+05,  0.4906031E+03,  0.5371032E+03,  0.0000000E+00,  0.0000000E+00,  0.4708689E+06,  0.3385213E+06,  0.6467243E+06,  0.1049581E+08,  147
06/02/2011,  0.3806223E+07,  0.0000000E+00,  0.2617036E+05,  0.2172073E+06,  0.0000000E+00,  0.2854321E+07,  0.0000000E+00,  0.0000000E+00,  0.0000000E+00,  0.0000000E+00,  0.6050186E+09,  0.1077122E+08,  0.7453633E+08,  0.1842099E+11,  0.0000000E+00,  0.4408968E+09,  0.0000000E+00,  0.0000000E+00,  0.0000000E+00,  0.0000000E+00,  0.2846880E+07,  0.3157371E+07,  0.0000000E+00,  0.0000000E+00,  0.0000000E+00,  0.5617946E+07,  0.0000000E+00,  0.3112270E+05,  0.1499059E+06,  0.6354228E+05,  0.4584333E+03,  0.0000000E+00,  0.0000000E+00,  0.0000000E+00,  0.1662826E+06,  0.3237034E+06,  0.4209068E+06,  0.0000000E+00,  114
06/03/2011,  0.4211365E+07,  0.7574635E+06,  0.4180621E+05,  0.5930830E+06,  0.0000000E+00,  0.3737490E+07,  0.3411435E+07,  0.0000000E+00,  0.0000000E+00,  0.0000000E+00,  0.6582209E+09,  0.1748196E+08,  0.7493569E+08,  0.1842145E+11,  0.0000000E+00,  0.4412742E+09,  0.0000000E+00,  0.7504502E+08,  0.0000000E+00,  0.0000000E+00,  0.2885760E+07,  0.0000000E+00,  0.0000000E+00,  0.0000000E+00,  0.0000000E+00,  0.4669142E+07,  0.0000000E+00,  0.2289662E+05,  0.2396440E+06,  0.3305143E+05,  0.1562925E+05,  0.1081317E+05,  0.0000000E+00,  0.0000000E+00,  0.1398872E+07,  0.3753241E+06,  0.9778672E+06,  0.6625630E+08,  228
06/04/2011,  0.2292054E+08,  0.3684100E+06,  0.3196852E+05,  0.5752416E+06,  0.0000000E+00,  0.3559885E+07,  0.3411435E+07,  0.0000000E+00,  0.0000000E+00,  0.0000000E+00,  0.6810098E+09,  0.2024152E+08,  0.7513455E+08,  0.1842159E+11,  0.0000000E+00,  0.4413346E+09,  0.0000000E+00,  0.3296383E+08,  0.0000000E+00,  0.0000000E+00,  0.2175811E+08,  0.0000000E+00,  0.0000000E+00,  0.0000000E+00,  0.0000000E+00,  0.4412843E+07,  0.0000000E+00,  0.2670060E+05,  0.2255588E+06,  0.3198925E+05,  0.4016552E+04,  0.4154526E+04,  0.0000000E+00,  0.0000000E+00,  0.1156709E+07,  0.4205300E+06,  0.9321438E+06,  0.3130869E+08,  955
06/05/2011,  0.1046813E+08,  0.0000000E+00,  0.2767114E+05,  0.4432243E+06,  0.0000000E+00,  0.3112288E+07,  0.0000000E+00,  0.0000000E+00,  0.0000000E+00,  0.0000000E+00,  0.6739165E+09,  0.1903270E+08,  0.7492124E+08,  0.1842101E+11,  0.0000000E+00,  0.4412499E+09,  0.0000000E+00,  0.0000000E+00,  0.0000000E+00,  0.0000000E+00,  0.9378720E+07,  0.3411435E+07,  0.0000000E+00,  0.0000000E+00,  0.0000000E+00,  0.7627672E+07,  0.0000000E+00,  0.6348258E+05,  0.3051932E+06,  0.7728946E+05,  0.2464279E+04,  0.0000000E+00,  0.0000000E+00,  0.0000000E+00,  0.5985433E+06,  0.3973959E+06,  0.7503248E+06,  0.0000000E+00,   39
06/06/2011,  0.5715185E+07,  0.0000000E+00,  0.2519917E+05,  0.3879729E+06,  0.0000000E+00,  0.2953088E+07,  0.0000000E+00,  0.0000000E+00,  0.0000000E+00,  0.0000000E+00,  0.6634207E+09,  0.1777618E+08,  0.7466867E+08,  0.1842030E+11,  0.0000000E+00,  0.4411504E+09,  0.0000000E+00,  0.0000000E+00,  0.0000000E+00,  0.0000000E+00,  0.4536000E+07,  0.0000000E+00,  0.0000000E+00,  0.0000000E+00,  0.0000000E+00,  0.1122391E+08,  0.0000000E+00,  0.6647849E+05,  0.3065662E+06,  0.7748543E+05,  0.1905939E+04,  0.0000000E+00,  0.0000000E+00,  0.0000000E+00,  0.4955779E+06,  0.3821945E+06,  0.6831434E+06,  0.0000000E+00,  102
06/07/2011,  0.4343375E+07,  0.0000000E+00,  0.2402528E+05,  0.3390788E+06,  0.0000000E+00,  0.2896644E+07,  0.0000000E+00,  0.0000000E+00,  0.0000000E+00,  0.0000000E+00,  0.6517167E+09,  0.1637663E+08,  0.7439721E+08,  0.1841958E+11,  0.0000000E+00,  0.4410160E+09,  0.0000000E+00,  0.0000000E+00,  0.0000000E+00,  0.0000000E+00,  0.3178656E+07,  0.0000000E+00,  0.0000000E+00,  0.0000000E+00,  0.0000000E+00,  0.1268067E+08,  0.0000000E+00,  0.6626239E+05,  0.2687356E+06,  0.8347686E+05,  0.1553849E+04,  0.0000000E+00,  0.0000000E+00,  0.0000000E+00,  0.4255316E+06,  0.3673157E+06,  0.6318223E+06,  0.0000000E+00,   94
06/08/2011,  0.3983964E+07,  0.0000000E+00,  0.2289633E+05,  0.3006412E+06,  0.0000000E+00,  0.2842282E+07,  0.0000000E+00,  0.0000000E+00,  0.0000000E+00,  0.0000000E+00,  0.6404090E+09,  0.1507101E+08,  0.7407580E+08,  0.1841887E+11,  0.0000000E+00,  0.4408579E+09,  0.0000000E+00,  0.0000000E+00,  0.0000000E+00,  0.0000000E+00,  0.2826144E+07,  0.0000000E+00,  0.0000000E+00,  0.0000000E+00,  0.0000000E+00,  0.1227950E+08,  0.0000000E+00,  0.5954466E+05,  0.2321287E+06,  0.7959879E+05,  0.1289919E+04,  0.0000000E+00,  0.0000000E+00,  0.0000000E+00,  0.3671834E+06,  0.3582068E+06,  0.6300166E+06,  0.0000000E+00,  151
06/09/2011,  0.3792508E+07,  0.0000000E+00,  0.2173075E+05,  0.2728006E+06,  0.0000000E+00,  0.2798422E+07,  0.0000000E+00,  0.0000000E+00,  0.0000000E+00,  0.0000000E+00,  0.6282986E+09,  0.1397452E+08,  0.7372575E+08,  0.1841816E+11,  0.0000000E+00,  0.4406693E+09,  0.0000000E+00,  0.0000000E+00,  0.0000000E+00,  0.0000000E+00,  0.2647296E+07,  0.0000000E+00,  0.0000000E+00,  0.0000000E+00,  0.0000000E+00,  0.1294040E+08,  0.0000000E+00,  0.6303936E+05,  0.2270442E+06,  0.9425642E+05,  0.1095036E+04,  0.0000000E+00,  0.0000000E+00,  0.0000000E+00,  0.3208556E+06,  0.3499069E+06,  0.6087520E+06,  0.0000000E+00,  215
06/10/2011,  0.3567760E+07,  0.0000000E+00,  0.2066786E+05,  0.2463631E+06,  0.0000000E+00,  0.2759360E+07,  0.0000000E+00,  0.0000000E+00,  0.0000000E+00,  0.0000000E+00,  0.6174200E+09,  0.1304035E+08,  0.7336144E+08,  0.1841745E+11,  0.0000000E+00,  0.4404767E+09,  0.0000000E+00,  0.0000000E+00,  0.0000000E+00,  0.0000000E+00,  0.2430432E+07,  0.0000000E+00,  0.0000000E+00,  0.0000000E+00,  0.0000000E+00,  0.1160081E+08,  0.0000000E+00,  0.5337858E+05,  0.2064312E+06,  0.8581151E+05,  0.9364469E+03,  0.0000000E+00,  0.0000000E+00,  0.0000000E+00,  0.2797793E+06,  0.3357321E+06,  0.5915962E+06,  0.0000000E+00,  106
06/11/2011,  0.3233331E+07,  0.0000000E+00,  0.1994606E+05,  0.2277382E+06,  0.0000000E+00,  0.2742186E+07,  0.0000000E+00,  0.0000000E+00,  0.0000000E+00,  0.0000000E+00,  0.6079169E+09,  0.1230139E+08,  0.7308438E+08,  0.1841668E+11,  0.0000000E+00,  0.4402878E+09,  0.0000000E+00,  0.0000000E+00,  0.0000000E+00,  0.0000000E+00,  0.2112480E+07,  0.0000000E+00,  0.0000000E+00,  0.0000000E+00,  0.0000000E+00,  0.1007012E+08,  0.0000000E+00,  0.4041426E+05,  0.1789501E+06,  0.7028997E+05,  0.8084662E+03,  0.0000000E+00,  0.0000000E+00,  0.0000000E+00,  0.2440189E+06,  0.3206348E+06,  0.4815276E+06,  0.0000000E+00,   61
06/12/2011,  0.3297486E+07,  0.0000000E+00,  0.1935249E+05,  0.2140675E+06,  0.0000000E+00,  0.2729887E+07,  0.0000000E+00,  0.0000000E+00,  0.0000000E+00,  0.0000000E+00,  0.5963465E+09,  0.1170605E+08,  0.7273924E+08,  0.1841596E+11,  0.0000000E+00,  0.4400796E+09,  0.0000000E+00,  0.0000000E+00,  0.0000000E+00,  0.0000000E+00,  0.2198016E+07,  0.0000000E+00,  0.0000000E+00,  0.0000000E+00,  0.0000000E+00,  0.1202714E+08,  0.0000000E+00,  0.4364228E+05,  0.1856925E+06,  0.8682115E+05,  0.7066004E+03,  0.0000000E+00,  0.0000000E+00,  0.0000000E+00,  0.2205199E+06,  0.3159750E+06,  0.5228894E+06,  0.0000000E+00,   96
06/13/2011,  0.3858102E+07,  0.0000000E+00,  0.1857629E+05,  0.1981530E+06,  0.0000000E+00,  0.2707562E+07,  0.0000000E+00,  0.0000000E+00,  0.0000000E+00,  0.0000000E+00,  0.5843078E+09,  0.1114565E+08,  0.7241539E+08,  0.1841521E+11,  0.0000000E+00,  0.4398660E+09,  0.0000000E+00,  0.0000000E+00,  0.0000000E+00,  0.0000000E+00,  0.2769984E+07,  0.0000000E+00,  0.0000000E+00,  0.0000000E+00,  0.0000000E+00,  0.1249275E+08,  0.0000000E+00,  0.3812357E+05,  0.1779826E+06,  0.8913165E+05,  0.6245468E+03,  0.0000000E+00,  0.0000000E+00,  0.0000000E+00,  0.1933105E+06,  0.3043409E+06,  0.4798834E+06,  0.0000000E+00,  154
06/14/2011,  0.3466325E+07,  0.0000000E+00,  0.1819151E+05,  0.1850431E+06,  0.0000000E+00,  0.2674628E+07,  0.0000000E+00,  0.0000000E+00,  0.0000000E+00,  0.0000000E+00,  0.5696677E+09,  0.1065431E+08,  0.7209136E+08,  0.1841441E+11,  0.0000000E+00,  0.4396265E+09,  0.0000000E+00,  0.0000000E+00,  0.0000000E+00,  0.0000000E+00,  0.2382048E+07,  0.0000000E+00,  0.0000000E+00,  0.0000000E+00,  0.0000000E+00,  0.1504614E+08,  0.0000000E+00,  0.4621346E+05,  0.2007323E+06,  0.1183036E+06,  0.5565887E+03,  0.0000000E+00,  0.0000000E+00,  0.0000000E+00,  0.1756304E+06,  0.2940576E+06,  0.4542862E+06,  0.0000000E+00,  238
06/15/2011,  0.3372110E+07,  0.0000000E+00,  0.1767063E+05,  0.1697669E+06,  0.0000000E+00,  0.2648565E+07,  0.0000000E+00,  0.0000000E+00,  0.0000000E+00,  0.0000000E+00,  0.5557588E+09,  0.1019972E+08,  0.7180658E+08,  0.1841357E+11,  0.0000000E+00,  0.4393879E+09,  0.0000000E+00,  0.0000000E+00,  0.0000000E+00,  0.0000000E+00,  0.2295648E+07,  0.0000000E+00,  0.0000000E+00,  0.0000000E+00,  0.0000000E+00,  0.1430231E+08,  0.0000000E+00,  0.4204398E+05,  0.1851134E+06,  0.1164609E+06,  0.4944904E+03,  0.0000000E+00,  0.0000000E+00,  0.0000000E+00,  0.1559869E+06,  0.2827041E+06,  0.3995521E+06,  0.0000000E+00,  244
06/16/2011,  0.3751174E+07,  0.0000000E+00,  0.1723178E+05,  0.1599156E+06,  0.0000000E+00,  0.2643412E+07,  0.0000000E+00,  0.0000000E+00,  0.0000000E+00,  0.0000000E+00,  0.5438712E+09,  0.9833819E+07,  0.7150923E+08,  0.1841276E+11,  0.0000000E+00,  0.4391569E+09,  0.0000000E+00,  0.0000000E+00,  0.0000000E+00,  0.0000000E+00,  0.2693088E+07,  0.0000000E+00,  0.0000000E+00,  0.0000000E+00,  0.0000000E+00,  0.1221683E+08,  0.0000000E+00,  0.3904129E+05,  0.1641160E+06,  0.1041504E+06,  0.4466955E+03,  0.0000000E+00,  0.0000000E+00,  0.0000000E+00,  0.1379889E+06,  0.2789259E+06,  0.3971229E+06,  0.0000000E+00,  110
06/17/2011,  0.4110426E+07,  0.0000000E+00,  0.1674289E+05,  0.1540073E+06,  0.0000000E+00,  0.2637902E+07,  0.0000000E+00,  0.0000000E+00,  0.0000000E+00,  0.0000000E+00,  0.5333931E+09,  0.9544897E+07,  0.7119987E+08,  0.1841198E+11,  0.0000000E+00,  0.4389347E+09,  0.0000000E+00,  0.0000000E+00,  0.0000000E+00,  0.0000000E+00,  0.3063744E+07,  0.0000000E+00,  0.0000000E+00,  0.0000000E+00,  0.0000000E+00,  0.1074583E+08,  0.0000000E+00,  0.3254169E+05,  0.1351009E+06,  0.8837321E+05,  0.4042948E+03,  0.0000000E+00,  0.0000000E+00,  0.0000000E+00,  0.1247916E+06,  0.2747004E+06,  0.4024199E+06,  0.0000000E+00,  293
06/18/2011,  0.4262587E+07,  0.0000000E+00,  0.1620696E+05,  0.1497496E+06,  0.0000000E+00,  0.2624527E+07,  0.0000000E+00,  0.0000000E+00,  0.0000000E+00,  0.0000000E+00,  0.5222965E+09,  0.9302369E+07,  0.7094385E+08,  0.1841117E+11,  0.0000000E+00,  0.4387048E+09,  0.0000000E+00,  0.0000000E+00,  0.0000000E+00,  0.0000000E+00,  0.3221856E+07,  0.0000000E+00,  0.0000000E+00,  0.0000000E+00,  0.0000000E+00,  0.1132342E+08,  0.0000000E+00,  0.3431548E+05,  0.1471317E+06,  0.9300848E+05,  0.3685385E+03,  0.0000000E+00,  0.0000000E+00,  0.0000000E+00,  0.1141019E+06,  0.2647119E+06,  0.3366099E+06,  0.0000000E+00,  212
06/19/2011,  0.4164763E+07,  0.0000000E+00,  0.1562150E+05,  0.1458014E+06,  0.0000000E+00,  0.2601260E+07,  0.0000000E+00,  0.0000000E+00,  0.0000000E+00,  0.0000000E+00,  0.5095335E+09,  0.9081934E+07,  0.7065240E+08,  0.1841035E+11,  0.0000000E+00,  0.4384547E+09,  0.0000000E+00,  0.0000000E+00,  0.0000000E+00,  0.0000000E+00,  0.3129408E+07,  0.0000000E+00,  0.0000000E+00,  0.0000000E+00,  0.0000000E+00,  0.1297999E+08,  0.0000000E+00,  0.4184503E+05,  0.1382328E+06,  0.1135734E+06,  0.3360036E+03,  0.0000000E+00,  0.0000000E+00,  0.0000000E+00,  0.1043074E+06,  0.2625783E+06,  0.3547254E+06,  0.0000000E+00,   71
06/20/2011,  0.3254413E+07,  0.0000000E+00,  0.1498934E+05,  0.1370814E+06,  0.0000000E+00,  0.2554432E+07,  0.0000000E+00,  0.0000000E+00,  0.0000000E+00,  0.0000000E+00,  0.4954814E+09,  0.8870147E+07,  0.7039160E+08,  0.1840948E+11,  0.0000000E+00,  0.4381896E+09,  0.0000000E+00,  0.0000000E+00,  0.0000000E+00,  0.0000000E+00,  0.2210112E+07,  0.0000000E+00,  0.0000000E+00,  0.0000000E+00,  0.0000000E+00,  0.1426991E+08,  0.0000000E+00,  0.4585121E+05,  0.1565208E+06,  0.1257951E+06,  0.3077393E+03,  0.0000000E+00,  0.0000000E+00,  0.0000000E+00,  0.9468331E+05,  0.2530353E+06,  0.3104212E+06,  0.0000000E+00,  163
06/21/2011,  0.3088083E+07,  0.0000000E+00,  0.1442052E+05,  0.1285871E+06,  0.0000000E+00,  0.2529586E+07,  0.0000000E+00,  0.0000000E+00,  0.0000000E+00,  0.0000000E+00,  0.4817600E+09,  0.8670104E+07,  0.7013419E+08,  0.1840862E+11,  0.0000000E+00,  0.4379147E+09,  0.0000000E+00,  0.0000000E+00,  0.0000000E+00,  0.0000000E+00,  0.2058048E+07,  0.0000000E+00,  0.0000000E+00,  0.0000000E+00,  0.0000000E+00,  0.1393804E+08,  0.0000000E+00,  0.4895299E+05,  0.1540291E+06,  0.1314789E+06,  0.2838894E+03,  0.0000000E+00,  0.0000000E+00,  0.0000000E+00,  0.8559811E+05,  0.2455243E+06,  0.2948390E+06,  0.0000000E+00,  129
06/22/2011,  0.3085699E+07,  0.0000000E+00,  0.1391849E+05,  0.1221635E+06,  0.0000000E+00,  0.2618959E+07,  0.0000000E+00,  0.0000000E+00,  0.0000000E+00,  0.0000000E+00,  0.4701084E+09,  0.8491090E+07,  0.6986006E+08,  0.1840787E+11,  0.0000000E+00,  0.4374746E+09,  0.0000000E+00,  0.0000000E+00,  0.0000000E+00,  0.0000000E+00,  0.1968192E+07,  0.0000000E+00,  0.0000000E+00,  0.0000000E+00,  0.0000000E+00,  0.1185732E+08,  0.0000000E+00,  0.4499460E+05,  0.1402615E+06,  0.1124699E+06,  0.2616223E+03,  0.0000000E+00,  0.0000000E+00,  0.0000000E+00,  0.7707165E+05,  0.2400400E+06,  0.3070277E+06,  0.0000000E+00,  133
06/23/2011,  0.2970428E+07,  0.0000000E+00,  0.1355122E+05,  0.1194342E+06,  0.0000000E+00,  0.2518619E+07,  0.0000000E+00,  0.0000000E+00,  0.0000000E+00,  0.0000000E+00,  0.4609770E+09,  0.8341075E+07,  0.6961599E+08,  0.1840704E+11,  0.0000000E+00,  0.4371405E+09,  0.0000000E+00,  0.0000000E+00,  0.0000000E+00,  0.0000000E+00,  0.1858464E+07,  0.0000000E+00,  0.0000000E+00,  0.0000000E+00,  0.0000000E+00,  0.9311812E+07,  0.0000000E+00,  0.3481266E+05,  0.1311688E+06,  0.9003452E+05,  0.2411709E+03,  0.0000000E+00,  0.0000000E+00,  0.0000000E+00,  0.7178401E+05,  0.2354573E+06,  0.2818120E+06,  0.0000000E+00,  113
06/24/2011,  0.2979343E+07,  0.0000000E+00,  0.1321666E+05,  0.1193162E+06,  0.0000000E+00,  0.2492377E+07,  0.0000000E+00,  0.0000000E+00,  0.0000000E+00,  0.0000000E+00,  0.4521445E+09,  0.8221684E+07,  0.6935583E+08,  0.1840623E+11,  0.0000000E+00,  0.4368407E+09,  0.0000000E+00,  0.0000000E+00,  0.0000000E+00,  0.0000000E+00,  0.1904256E+07,  0.0000000E+00,  0.0000000E+00,  0.0000000E+00,  0.0000000E+00,  0.8990466E+07,  0.0000000E+00,  0.3273375E+05,  0.1261376E+06,  0.8907004E+05,  0.2242291E+03,  0.0000000E+00,  0.0000000E+00,  0.0000000E+00,  0.6728294E+05,  0.2385305E+06,  0.2954709E+06,  0.0000000E+00,  123
06/25/2011,  0.3647784E+07,  0.0000000E+00,  0.1283967E+05,  0.1180222E+06,  0.0000000E+00,  0.2487387E+07,  0.0000000E+00,  0.0000000E+00,  0.0000000E+00,  0.0000000E+00,  0.4436441E+09,  0.8107400E+07,  0.6910169E+08,  0.1840544E+11,  0.0000000E+00,  0.4365591E+09,  0.0000000E+00,  0.0000000E+00,  0.0000000E+00,  0.0000000E+00,  0.2611872E+07,  0.0000000E+00,  0.0000000E+00,  0.0000000E+00,  0.0000000E+00,  0.8654638E+07,  0.0000000E+00,  0.2903311E+05,  0.1225639E+06,  0.8365311E+05,  0.2094337E+03,  0.0000000E+00,  0.0000000E+00,  0.0000000E+00,  0.6223639E+05,  0.2332783E+06,  0.2880848E+06,  0.0000000E+00,   37
06/26/2011,  0.3946111E+07,  0.0000000E+00,  0.1250363E+05,  0.1167404E+06,  0.0000000E+00,  0.2467370E+07,  0.0000000E+00,  0.0000000E+00,  0.0000000E+00,  0.0000000E+00,  0.4346904E+09,  0.8000771E+07,  0.6887967E+08,  0.1840462E+11,  0.0000000E+00,  0.4362718E+09,  0.0000000E+00,  0.0000000E+00,  0.0000000E+00,  0.0000000E+00,  0.2929824E+07,  0.0000000E+00,  0.0000000E+00,  0.0000000E+00,  0.0000000E+00,  0.9097924E+07,  0.0000000E+00,  0.3009874E+05,  0.1259220E+06,  0.9861476E+05,  0.1955842E+03,  0.0000000E+00,  0.0000000E+00,  0.0000000E+00,  0.5794863E+05,  0.2249590E+06,  0.2506038E+06,  0.0000000E+00,  165
06/27/2011,  0.3923940E+07,  0.0000000E+00,  0.1218899E+05,  0.1135301E+06,  0.0000000E+00,  0.2435671E+07,  0.0000000E+00,  0.0000000E+00,  0.0000000E+00,  0.0000000E+00,  0.4267869E+09,  0.7894517E+07,  0.6866543E+08,  0.1840379E+11,  0.0000000E+00,  0.4359935E+09,  0.0000000E+00,  0.0000000E+00,  0.0000000E+00,  0.0000000E+00,  0.2909088E+07,  0.0000000E+00,  0.0000000E+00,  0.0000000E+00,  0.0000000E+00,  0.8051386E+07,  0.0000000E+00,  0.2657318E+05,  0.1319346E+06,  0.9392419E+05,  0.1837912E+03,  0.0000000E+00,  0.0000000E+00,  0.0000000E+00,  0.5348315E+05,  0.2210092E+06,  0.2418672E+06,  0.0000000E+00,   38
06/28/2011,  0.2841411E+08,  0.1147238E+07,  0.1409367E+05,  0.1120030E+07,  0.0000000E+00,  0.3979711E+07,  0.3411435E+07,  0.0000000E+00,  0.0000000E+00,  0.0000000E+00,  0.5392146E+09,  0.1604241E+08,  0.6940274E+08,  0.1840499E+11,  0.0000000E+00,  0.4364333E+09,  0.0000000E+00,  0.1406379E+09,  0.0000000E+00,  0.0000000E+00,  0.2665526E+08,  0.0000000E+00,  0.0000000E+00,  0.0000000E+00,  0.0000000E+00,  0.5053571E+07,  0.0000000E+00,  0.2838454E+05,  0.2583361E+06,  0.4337609E+05,  0.4692454E+05,  0.1494111E+05,  0.0000000E+00,  0.0000000E+00,  0.1678133E+07,  0.2688844E+06,  0.9133506E+06,  0.1282194E+09,  600
06/29/2011,  0.6881528E+07,  0.0000000E+00,  0.1326605E+05,  0.3971116E+06,  0.0000000E+00,  0.2506094E+07,  0.0000000E+00,  0.0000000E+00,  0.0000000E+00,  0.0000000E+00,  0.5310591E+09,  0.1502381E+08,  0.6931590E+08,  0.1840442E+11,  0.0000000E+00,  0.4361497E+09,  0.0000000E+00,  0.0000000E+00,  0.0000000E+00,  0.0000000E+00,  0.5572800E+07,  0.3411435E+07,  0.0000000E+00,  0.0000000E+00,  0.0000000E+00,  0.8389348E+07,  0.0000000E+00,  0.5949241E+05,  0.3144580E+06,  0.7353559E+05,  0.4612611E+04,  0.0000000E+00,  0.0000000E+00,  0.0000000E+00,  0.6226190E+06,  0.2528481E+06,  0.6511656E+06,  0.0000000E+00,  442
06/30/2011,  0.5112057E+07,  0.0000000E+00,  0.1285965E+05,  0.3429281E+06,  0.0000000E+00,  0.2562174E+07,  0.0000000E+00,  0.0000000E+00,  0.0000000E+00,  0.0000000E+00,  0.5174324E+09,  0.1420093E+08,  0.6916124E+08,  0.1840378E+11,  0.0000000E+00,  0.4358972E+09,  0.0000000E+00,  0.0000000E+00,  0.0000000E+00,  0.0000000E+00,  0.3959712E+07,  0.0000000E+00,  0.0000000E+00,  0.0000000E+00,  0.0000000E+00,  0.1387615E+08,  0.0000000E+00,  0.8771733E+05,  0.3636959E+06,  0.9925197E+05,  0.3216655E+04,  0.0000000E+00,  0.0000000E+00,  0.0000000E+00,  0.4621608E+06,  0.2477686E+06,  0.5298028E+06,  0.0000000E+00,  122
07/01/2011,  0.4691155E+07,  0.0000000E+00,  0.1250092E+05,  0.2964006E+06,  0.0000000E+00,  0.3743110E+07,  0.0000000E+00,  0.0000000E+00,  0.0000000E+00,  0.0000000E+00,  0.5029879E+09,  0.1344658E+08,  0.6889380E+08,  0.1840364E+11,  0.0000000E+00,  0.4350939E+09,  0.0000000E+00,  0.0000000E+00,  0.0000000E+00,  0.0000000E+00,  0.3516480E+07,  0.0000000E+00,  0.0000000E+00,  0.0000000E+00,  0.0000000E+00,  0.1474556E+08,  0.0000000E+00,  0.9199406E+05,  0.3834316E+06,  0.1103236E+06,  0.2459321E+04,  0.0000000E+00,  0.0000000E+00,  0.0000000E+00,  0.3917555E+06,  0.2497679E+06,  0.5693144E+06,  0.0000000E+00,  234
07/02/2011,  0.3809084E+07,  0.0000000E+00,  0.1225532E+05,  0.2616521E+06,  0.0000000E+00,  0.3721862E+07,  0.0000000E+00,  0.0000000E+00,  0.0000000E+00,  0.0000000E+00,  0.4888878E+09,  0.1278118E+08,  0.6867954E+08,  0.1840315E+11,  0.0000000E+00,  0.4342481E+09,  0.0000000E+00,  0.0000000E+00,  0.0000000E+00,  0.0000000E+00,  0.2387232E+07,  0.0000000E+00,  0.0000000E+00,  0.0000000E+00,  0.0000000E+00,  0.1439261E+08,  0.0000000E+00,  0.9154595E+05,  0.3311458E+06,  0.1224815E+06,  0.1961028E+04,  0.0000000E+00,  0.0000000E+00,  0.0000000E+00,  0.3385439E+06,  0.2415187E+06,  0.4624160E+06,  0.0000000E+00,  282
07/03/2011,  0.3629591E+07,  0.0000000E+00,  0.1189993E+05,  0.2334760E+06,  0.0000000E+00,  0.3647230E+07,  0.0000000E+00,  0.0000000E+00,  0.0000000E+00,  0.0000000E+00,  0.4750329E+09,  0.1218705E+08,  0.6845393E+08,  0.1840250E+11,  0.0000000E+00,  0.4333458E+09,  0.0000000E+00,  0.0000000E+00,  0.0000000E+00,  0.0000000E+00,  0.2023488E+07,  0.0000000E+00,  0.0000000E+00,  0.0000000E+00,  0.0000000E+00,  0.1414320E+08,  0.0000000E+00,  0.7782843E+05,  0.3133962E+06,  0.1243765E+06,  0.1601109E+04,  0.0000000E+00,  0.0000000E+00,  0.0000000E+00,  0.2968322E+06,  0.2379126E+06,  0.4452790E+06,  0.0000000E+00,  274
07/04/2011,  0.3645113E+07,  0.0000000E+00,  0.1140031E+05,  0.2110474E+06,  0.0000000E+00,  0.3585368E+07,  0.0000000E+00,  0.0000000E+00,  0.0000000E+00,  0.0000000E+00,  0.4627798E+09,  0.1166299E+08,  0.6826426E+08,  0.1840172E+11,  0.0000000E+00,  0.4324243E+09,  0.0000000E+00,  0.0000000E+00,  0.0000000E+00,  0.0000000E+00,  0.1944000E+07,  0.0000000E+00,  0.0000000E+00,  0.0000000E+00,  0.0000000E+00,  0.1252309E+08,  0.0000000E+00,  0.5911130E+05,  0.3072269E+06,  0.1188448E+06,  0.1332176E+04,  0.0000000E+00,  0.0000000E+00,  0.0000000E+00,  0.2596853E+06,  0.2293655E+06,  0.3908270E+06,  0.0000000E+00,  232
07/05/2011,  0.3594657E+07,  0.0000000E+00,  0.1091778E+05,  0.1940891E+06,  0.0000000E+00,  0.3552574E+07,  0.0000000E+00,  0.0000000E+00,  0.0000000E+00,  0.0000000E+00,  0.4505535E+09,  0.1120402E+08,  0.6807397E+08,  0.1840089E+11,  0.0000000E+00,  0.4314970E+09,  0.0000000E+00,  0.0000000E+00,  0.0000000E+00,  0.0000000E+00,  0.1872288E+07,  0.0000000E+00,  0.0000000E+00,  0.0000000E+00,  0.0000000E+00,  0.1247179E+08,  0.0000000E+00,  0.5291671E+05,  0.2955390E+06,  0.1277783E+06,  0.1131898E+04,  0.0000000E+00,  0.0000000E+00,  0.0000000E+00,  0.2311384E+06,  0.2238150E+06,  0.3690922E+06,  0.0000000E+00,  254
07/06/2011,  0.3572733E+07,  0.0000000E+00,  0.1032681E+05,  0.1783844E+06,  0.0000000E+00,  0.3508146E+07,  0.0000000E+00,  0.0000000E+00,  0.0000000E+00,  0.0000000E+00,  0.4395964E+09,  0.1078643E+08,  0.6789581E+08,  0.1839999E+11,  0.0000000E+00,  0.4305915E+09,  0.0000000E+00,  0.0000000E+00,  0.0000000E+00,  0.0000000E+00,  0.1839456E+07,  0.0000000E+00,  0.0000000E+00,  0.0000000E+00,  0.0000000E+00,  0.1119691E+08,  0.0000000E+00,  0.4346217E+05,  0.2509283E+06,  0.1204686E+06,  0.9724497E+03,  0.0000000E+00,  0.0000000E+00,  0.0000000E+00,  0.2068419E+06,  0.2187130E+06,  0.3421032E+06,  0.0000000E+00,  101
07/07/2011,  0.4359050E+07,  0.0000000E+00,  0.9864662E+04,  0.1675145E+06,  0.0000000E+00,  0.3506392E+07,  0.0000000E+00,  0.0000000E+00,  0.0000000E+00,  0.0000000E+00,  0.4295727E+09,  0.1042100E+08,  0.6769884E+08,  0.1839914E+11,  0.0000000E+00,  0.4297171E+09,  0.0000000E+00,  0.0000000E+00,  0.0000000E+00,  0.0000000E+00,  0.2665440E+07,  0.0000000E+00,  0.0000000E+00,  0.0000000E+00,  0.0000000E+00,  0.1024210E+08,  0.0000000E+00,  0.3693126E+05,  0.2396382E+06,  0.1109816E+06,  0.8421876E+03,  0.0000000E+00,  0.0000000E+00,  0.0000000E+00,  0.1855444E+06,  0.2166739E+06,  0.3461447E+06,  0.0000000E+00,   48
07/08/2011,  0.4144261E+07,  0.0000000E+00,  0.9440150E+04,  0.1583615E+06,  0.0000000E+00,  0.3482420E+07,  0.0000000E+00,  0.0000000E+00,  0.0000000E+00,  0.0000000E+00,  0.4201892E+09,  0.1009869E+08,  0.6751774E+08,  0.1839825E+11,  0.0000000E+00,  0.4288708E+09,  0.0000000E+00,  0.0000000E+00,  0.0000000E+00,  0.0000000E+00,  0.2471040E+07,  0.0000000E+00,  0.0000000E+00,  0.0000000E+00,  0.0000000E+00,  0.9582407E+07,  0.0000000E+00,  0.3285429E+05,  0.1936799E+06,  0.1064054E+06,  0.7411480E+03,  0.0000000E+00,  0.0000000E+00,  0.0000000E+00,  0.1672058E+06,  0.2123809E+06,  0.3160090E+06,  0.0000000E+00,   86
07/09/2011,  0.4401345E+07,  0.0000000E+00,  0.9026060E+04,  0.1506631E+06,  0.0000000E+00,  0.3472182E+07,  0.0000000E+00,  0.0000000E+00,  0.0000000E+00,  0.0000000E+00,  0.4121077E+09,  0.9812661E+07,  0.6732688E+08,  0.1839739E+11,  0.0000000E+00,  0.4280566E+09,  0.0000000E+00,  0.0000000E+00,  0.0000000E+00,  0.0000000E+00,  0.2763072E+07,  0.0000000E+00,  0.0000000E+00,  0.0000000E+00,  0.0000000E+00,  0.8266563E+07,  0.0000000E+00,  0.2757909E+05,  0.1988730E+06,  0.9604824E+05,  0.6540761E+03,  0.0000000E+00,  0.0000000E+00,  0.0000000E+00,  0.1497723E+06,  0.2091502E+06,  0.3136098E+06,  0.0000000E+00,  137
07/10/2011,  0.4388014E+07,  0.0000000E+00,  0.8691126E+04,  0.1451662E+06,  0.0000000E+00,  0.3460826E+07,  0.0000000E+00,  0.0000000E+00,  0.0000000E+00,  0.0000000E+00,  0.4047501E+09,  0.9560890E+07,  0.6714735E+08,  0.1839654E+11,  0.0000000E+00,  0.4272705E+09,  0.0000000E+00,  0.0000000E+00,  0.0000000E+00,  0.0000000E+00,  0.2779488E+07,  0.0000000E+00,  0.0000000E+00,  0.0000000E+00,  0.0000000E+00,  0.7523373E+07,  0.0000000E+00,  0.2287094E+05,  0.1901900E+06,  0.8711516E+05,  0.5773708E+03,  0.0000000E+00,  0.0000000E+00,  0.0000000E+00,  0.1373399E+06,  0.2057059E+06,  0.2945493E+06,  0.0000000E+00,   84
07/11/2011,  0.3563835E+07,  0.0000000E+00,  0.8383190E+04,  0.1401205E+06,  0.0000000E+00,  0.3441073E+07,  0.0000000E+00,  0.0000000E+00,  0.0000000E+00,  0.0000000E+00,  0.3986740E+09,  0.9336623E+07,  0.6697854E+08,  0.1839569E+11,  0.0000000E+00,  0.4265092E+09,  0.0000000E+00,  0.0000000E+00,  0.0000000E+00,  0.0000000E+00,  0.1977696E+07,  0.0000000E+00,  0.0000000E+00,  0.0000000E+00,  0.0000000E+00,  0.6228874E+07,  0.0000000E+00,  0.1932838E+05,  0.1603399E+06,  0.8034567E+05,  0.5157846E+03,  0.0000000E+00,  0.0000000E+00,  0.0000000E+00,  0.1240535E+06,  0.2015315E+06,  0.2740802E+06,  0.0000000E+00,   96
07/12/2011,  0.3714413E+07,  0.0000000E+00,  0.8152852E+04,  0.1368602E+06,  0.0000000E+00,  0.3446593E+07,  0.0000000E+00,  0.0000000E+00,  0.0000000E+00,  0.0000000E+00,  0.3928858E+09,  0.9136032E+07,  0.6678514E+08,  0.1839489E+11,  0.0000000E+00,  0.4257680E+09,  0.0000000E+00,  0.0000000E+00,  0.0000000E+00,  0.0000000E+00,  0.2171232E+07,  0.0000000E+00,  0.0000000E+00,  0.0000000E+00,  0.0000000E+00,  0.5930102E+07,  0.0000000E+00,  0.1812975E+05,  0.1384601E+06,  0.7795404E+05,  0.4658988E+03,  0.0000000E+00,  0.0000000E+00,  0.0000000E+00,  0.1148779E+06,  0.2016552E+06,  0.2906920E+06,  0.0000000E+00,  103
07/13/2011,  0.3647904E+07,  0.0000000E+00,  0.7889730E+04,  0.1332409E+06,  0.0000000E+00,  0.3420973E+07,  0.0000000E+00,  0.0000000E+00,  0.0000000E+00,  0.0000000E+00,  0.3877934E+09,  0.8951669E+07,  0.6660033E+08,  0.1839409E+11,  0.0000000E+00,  0.4250604E+09,  0.0000000E+00,  0.0000000E+00,  0.0000000E+00,  0.0000000E+00,  0.2139264E+07,  0.0000000E+00,  0.0000000E+00,  0.0000000E+00,  0.0000000E+00,  0.5226811E+07,  0.0000000E+00,  0.1661066E+05,  0.1410908E+06,  0.7379747E+05,  0.4221120E+03,  0.0000000E+00,  0.0000000E+00,  0.0000000E+00,  0.1061108E+06,  0.1977234E+06,  0.2748549E+06,  0.0000000E+00,  176
07/14/2011,  0.3412708E+07,  0.0000000E+00,  0.7634490E+04,  0.1306572E+06,  0.0000000E+00,  0.3170696E+07,  0.0000000E+00,  0.0000000E+00,  0.0000000E+00,  0.0000000E+00,  0.3830852E+09,  0.8784422E+07,  0.6641311E+08,  0.1839318E+11,  0.0000000E+00,  0.4245724E+09,  0.0000000E+00,  0.0000000E+00,  0.0000000E+00,  0.0000000E+00,  0.2005344E+07,  0.0000000E+00,  0.0000000E+00,  0.0000000E+00,  0.0000000E+00,  0.4832655E+07,  0.0000000E+00,  0.1462520E+05,  0.1279345E+06,  0.6730560E+05,  0.3817803E+03,  0.0000000E+00,  0.0000000E+00,  0.0000000E+00,  0.9942720E+05,  0.1952949E+06,  0.2725657E+06,  0.0000000E+00,  599
07/15/2011,  0.2973657E+07,  0.0000000E+00,  0.7402987E+04,  0.1291411E+06,  0.0000000E+00,  0.2997562E+07,  0.0000000E+00,  0.0000000E+00,  0.0000000E+00,  0.0000000E+00,  0.3779923E+09,  0.8632012E+07,  0.6621303E+08,  0.1839225E+11,  0.0000000E+00,  0.4242173E+09,  0.0000000E+00,  0.0000000E+00,  0.0000000E+00,  0.0000000E+00,  0.1696032E+07,  0.0000000E+00,  0.0000000E+00,  0.0000000E+00,  0.0000000E+00,  0.5213894E+07,  0.0000000E+00,  0.1581683E+05,  0.1461891E+06,  0.7390394E+05,  0.3486503E+03,  0.0000000E+00,  0.0000000E+00,  0.0000000E+00,  0.9002078E+05,  0.1954330E+06,  0.2748288E+06,  0.0000000E+00,  143
07/16/2011,  0.3455563E+07,  0.0000000E+00,  0.7130336E+04,  0.1260807E+06,  0.0000000E+00,  0.2922565E+07,  0.0000000E+00,  0.0000000E+00,  0.0000000E+00,  0.0000000E+00,  0.3725034E+09,  0.8487363E+07,  0.6603067E+08,  0.1839136E+11,  0.0000000E+00,  0.4239251E+09,  0.0000000E+00,  0.0000000E+00,  0.0000000E+00,  0.0000000E+00,  0.2306880E+07,  0.0000000E+00,  0.0000000E+00,  0.0000000E+00,  0.0000000E+00,  0.5608079E+07,  0.0000000E+00,  0.1626158E+05,  0.1288035E+06,  0.7799485E+05,  0.3191354E+03,  0.0000000E+00,  0.0000000E+00,  0.0000000E+00,  0.8222341E+05,  0.1902852E+06,  0.2488626E+06,  0.0000000E+00,  160
07/17/2011,  0.3744580E+07,  0.0000000E+00,  0.6881958E+04,  0.1224512E+06,  0.0000000E+00,  0.2862913E+07,  0.0000000E+00,  0.0000000E+00,  0.0000000E+00,  0.0000000E+00,  0.3673030E+09,  0.8349376E+07,  0.6587422E+08,  0.1839050E+11,  0.0000000E+00,  0.4236751E+09,  0.0000000E+00,  0.0000000E+00,  0.0000000E+00,  0.0000000E+00,  0.2680992E+07,  0.0000000E+00,  0.0000000E+00,  0.0000000E+00,  0.0000000E+00,  0.5320545E+07,  0.0000000E+00,  0.1518180E+05,  0.1354623E+06,  0.7505120E+05,  0.2946838E+03,  0.0000000E+00,  0.0000000E+00,  0.0000000E+00,  0.7562458E+05,  0.1873651E+06,  0.2174278E+06,  0.0000000E+00,  115
07/18/2011,  0.3362815E+07,  0.0000000E+00,  0.6656932E+04,  0.1193122E+06,  0.0000000E+00,  0.2801779E+07,  0.0000000E+00,  0.0000000E+00,  0.0000000E+00,  0.0000000E+00,  0.3613625E+09,  0.8221356E+07,  0.6571504E+08,  0.1838963E+11,  0.0000000E+00,  0.4234471E+09,  0.0000000E+00,  0.0000000E+00,  0.0000000E+00,  0.0000000E+00,  0.2351808E+07,  0.0000000E+00,  0.0000000E+00,  0.0000000E+00,  0.0000000E+00,  0.6055526E+07,  0.0000000E+00,  0.1613212E+05,  0.1319430E+06,  0.8178552E+05,  0.2718786E+03,  0.0000000E+00,  0.0000000E+00,  0.0000000E+00,  0.7059062E+05,  0.1838522E+06,  0.2141787E+06,  0.0000000E+00,   47
07/19/2011,  0.2798827E+07,  0.0000000E+00,  0.6435971E+04,  0.1158562E+06,  0.0000000E+00,  0.2746292E+07,  0.0000000E+00,  0.0000000E+00,  0.0000000E+00,  0.0000000E+00,  0.3548150E+09,  0.8097781E+07,  0.6553080E+08,  0.1838881E+11,  0.0000000E+00,  0.4232307E+09,  0.0000000E+00,  0.0000000E+00,  0.0000000E+00,  0.0000000E+00,  0.1830816E+07,  0.0000000E+00,  0.0000000E+00,  0.0000000E+00,  0.0000000E+00,  0.6666549E+07,  0.0000000E+00,  0.1772601E+05,  0.1394657E+06,  0.9239680E+05,  0.2509170E+03,  0.0000000E+00,  0.0000000E+00,  0.0000000E+00,  0.6435363E+05,  0.1822755E+06,  0.2313939E+06,  0.0000000E+00,   74
07/20/2011,  0.2572003E+07,  0.0000000E+00,  0.6161037E+04,  0.1121502E+06,  0.0000000E+00,  0.2692456E+07,  0.0000000E+00,  0.0000000E+00,  0.0000000E+00,  0.0000000E+00,  0.3478201E+09,  0.7975721E+07,  0.6537778E+08,  0.1838797E+11,  0.0000000E+00,  0.4230213E+09,  0.0000000E+00,  0.0000000E+00,  0.0000000E+00,  0.0000000E+00,  0.1639872E+07,  0.0000000E+00,  0.0000000E+00,  0.0000000E+00,  0.0000000E+00,  0.7116939E+07,  0.0000000E+00,  0.1835009E+05,  0.1386802E+06,  0.1024319E+06,  0.2333728E+03,  0.0000000E+00,  0.0000000E+00,  0.0000000E+00,  0.6138929E+05,  0.1799315E+06,  0.1965824E+06,  0.0000000E+00,   73
07/21/2011,  0.2365520E+07,  0.0000000E+00,  0.5908119E+04,  0.1073350E+06,  0.0000000E+00,  0.2669931E+07,  0.0000000E+00,  0.0000000E+00,  0.0000000E+00,  0.0000000E+00,  0.3411702E+09,  0.7858280E+07,  0.6521647E+08,  0.1838717E+11,  0.0000000E+00,  0.4227996E+09,  0.0000000E+00,  0.0000000E+00,  0.0000000E+00,  0.0000000E+00,  0.1453248E+07,  0.0000000E+00,  0.0000000E+00,  0.0000000E+00,  0.0000000E+00,  0.6774772E+07,  0.0000000E+00,  0.1727362E+05,  0.1649877E+06,  0.1017956E+06,  0.2180352E+03,  0.0000000E+00,  0.0000000E+00,  0.0000000E+00,  0.5590572E+05,  0.1768006E+06,  0.2004530E+06,  0.0000000E+00,  215
07/22/2011,  0.2397271E+07,  0.0000000E+00,  0.5713597E+04,  0.1037876E+06,  0.0000000E+00,  0.2764150E+07,  0.0000000E+00,  0.0000000E+00,  0.0000000E+00,  0.0000000E+00,  0.3351286E+09,  0.7750623E+07,  0.6506759E+08,  0.1838646E+11,  0.0000000E+00,  0.4224914E+09,  0.0000000E+00,  0.0000000E+00,  0.0000000E+00,  0.0000000E+00,  0.1481760E+07,  0.0000000E+00,  0.0000000E+00,  0.0000000E+00,  0.0000000E+00,  0.6162817E+07,  0.0000000E+00,  0.1475938E+05,  0.1354167E+06,  0.9120656E+05,  0.2035222E+03,  0.0000000E+00,  0.0000000E+00,  0.0000000E+00,  0.5096056E+05,  0.1741673E+06,  0.1855893E+06,  0.0000000E+00,  206
07/23/2011,  0.3405461E+07,  0.0000000E+00,  0.5555805E+04,  0.1019781E+06,  0.0000000E+00,  0.2682041E+07,  0.0000000E+00,  0.0000000E+00,  0.0000000E+00,  0.0000000E+00,  0.3293129E+09,  0.7654132E+07,  0.6488081E+08,  0.1838573E+11,  0.0000000E+00,  0.4222578E+09,  0.0000000E+00,  0.0000000E+00,  0.0000000E+00,  0.0000000E+00,  0.2520288E+07,  0.0000000E+00,  0.0000000E+00,  0.0000000E+00,  0.0000000E+00,  0.5932178E+07,  0.0000000E+00,  0.1396504E+05,  0.1370627E+06,  0.9120851E+05,  0.1912877E+03,  0.0000000E+00,  0.0000000E+00,  0.0000000E+00,  0.4720039E+05,  0.1749293E+06,  0.2205191E+06,  0.0000000E+00,  252
07/24/2011,  0.3624091E+07,  0.0000000E+00,  0.5557386E+04,  0.9979128E+05,  0.0000000E+00,  0.2615003E+07,  0.0000000E+00,  0.0000000E+00,  0.0000000E+00,  0.0000000E+00,  0.3239759E+09,  0.7563304E+07,  0.6470826E+08,  0.1838498E+11,  0.0000000E+00,  0.4220583E+09,  0.0000000E+00,  0.0000000E+00,  0.0000000E+00,  0.0000000E+00,  0.2752704E+07,  0.0000000E+00,  0.0000000E+00,  0.0000000E+00,  0.0000000E+00,  0.5450030E+07,  0.0000000E+00,  0.1258821E+05,  0.1242447E+06,  0.8678701E+05,  0.1797403E+03,  0.0000000E+00,  0.0000000E+00,  0.0000000E+00,  0.4418157E+05,  0.1718657E+06,  0.2046449E+06,  0.0000000E+00,  230
07/25/2011,  0.3430290E+07,  0.0000000E+00,  0.5728810E+04,  0.9862972E+05,  0.0000000E+00,  0.2569187E+07,  0.0000000E+00,  0.0000000E+00,  0.0000000E+00,  0.0000000E+00,  0.3188054E+09,  0.7479944E+07,  0.6455216E+08,  0.1838422E+11,  0.0000000E+00,  0.4218771E+09,  0.0000000E+00,  0.0000000E+00,  0.0000000E+00,  0.0000000E+00,  0.2577312E+07,  0.0000000E+00,  0.0000000E+00,  0.0000000E+00,  0.0000000E+00,  0.5276194E+07,  0.0000000E+00,  0.1164914E+05,  0.1204450E+06,  0.8353811E+05,  0.1689886E+03,  0.0000000E+00,  0.0000000E+00,  0.0000000E+00,  0.4102484E+05,  0.1678801E+06,  0.1859633E+06,  0.0000000E+00,  325
07/26/2011,  0.2830441E+07,  0.0000000E+00,  0.5437626E+04,  0.9742280E+05,  0.0000000E+00,  0.2524818E+07,  0.0000000E+00,  0.0000000E+00,  0.0000000E+00,  0.0000000E+00,  0.3134916E+09,  0.7401310E+07,  0.6440158E+08,  0.1838346E+11,  0.0000000E+00,  0.4217012E+09,  0.0000000E+00,  0.0000000E+00,  0.0000000E+00,  0.0000000E+00,  0.1991520E+07,  0.0000000E+00,  0.0000000E+00,  0.0000000E+00,  0.0000000E+00,  0.5417338E+07,  0.0000000E+00,  0.1183490E+05,  0.1428363E+06,  0.8875994E+05,  0.1589958E+03,  0.0000000E+00,  0.0000000E+00,  0.0000000E+00,  0.3862136E+05,  0.1664794E+06,  0.1778629E+06,  0.0000000E+00,  277
07/27/2011,  0.3244196E+07,  0.0000000E+00,  0.5176239E+04,  0.9567977E+05,  0.0000000E+00,  0.2499818E+07,  0.0000000E+00,  0.0000000E+00,  0.0000000E+00,  0.0000000E+00,  0.3079016E+09,  0.7324932E+07,  0.6426365E+08,  0.1838269E+11,  0.0000000E+00,  0.4215265E+09,  0.0000000E+00,  0.0000000E+00,  0.0000000E+00,  0.0000000E+00,  0.2437344E+07,  0.0000000E+00,  0.0000000E+00,  0.0000000E+00,  0.0000000E+00,  0.5693762E+07,  0.0000000E+00,  0.1244474E+05,  0.1376090E+06,  0.9778053E+05,  0.1505915E+03,  0.0000000E+00,  0.0000000E+00,  0.0000000E+00,  0.3536008E+05,  0.1637174E+06,  0.1613408E+06,  0.0000000E+00,  255
07/28/2011,  0.2858984E+07,  0.0000000E+00,  0.4940027E+04,  0.9285997E+05,  0.0000000E+00,  0.2451301E+07,  0.0000000E+00,  0.0000000E+00,  0.0000000E+00,  0.0000000E+00,  0.3025496E+09,  0.7249106E+07,  0.6412925E+08,  0.1838192E+11,  0.0000000E+00,  0.4213608E+09,  0.0000000E+00,  0.0000000E+00,  0.0000000E+00,  0.0000000E+00,  0.2055456E+07,  0.0000000E+00,  0.0000000E+00,  0.0000000E+00,  0.0000000E+00,  0.5458081E+07,  0.0000000E+00,  0.1136494E+05,  0.1202641E+06,  0.9490324E+05,  0.1425326E+03,  0.0000000E+00,  0.0000000E+00,  0.0000000E+00,  0.3255190E+05,  0.1607997E+06,  0.1560683E+06,  0.0000000E+00,  207
07/29/2011,  0.2842811E+07,  0.0000000E+00,  0.4773049E+04,  0.9099268E+05,  0.0000000E+00,  0.2425695E+07,  0.0000000E+00,  0.0000000E+00,  0.0000000E+00,  0.0000000E+00,  0.2974766E+09,  0.7178442E+07,  0.6396577E+08,  0.1838120E+11,  0.0000000E+00,  0.4212035E+09,  0.0000000E+00,  0.0000000E+00,  0.0000000E+00,  0.0000000E+00,  0.2058912E+07,  0.0000000E+00,  0.0000000E+00,  0.0000000E+00,  0.0000000E+00,  0.5178215E+07,  0.0000000E+00,  0.1029164E+05,  0.1157312E+06,  0.9017384E+05,  0.1350204E+03,  0.0000000E+00,  0.0000000E+00,  0.0000000E+00,  0.3031716E+05,  0.1607098E+06,  0.1839992E+06,  0.0000000E+00,  215
07/30/2011,  0.2960270E+07,  0.0000000E+00,  0.4668970E+04,  0.8963664E+05,  0.0000000E+00,  0.2403044E+07,  0.0000000E+00,  0.0000000E+00,  0.0000000E+00,  0.0000000E+00,  0.2928415E+09,  0.7112467E+07,  0.6383104E+08,  0.1838047E+11,  0.0000000E+00,  0.4210549E+09,  0.0000000E+00,  0.0000000E+00,  0.0000000E+00,  0.0000000E+00,  0.2192832E+07,  0.0000000E+00,  0.0000000E+00,  0.0000000E+00,  0.0000000E+00,  0.4734423E+07,  0.0000000E+00,  0.9099389E+04,  0.1192562E+06,  0.8309473E+05,  0.1287029E+03,  0.0000000E+00,  0.0000000E+00,  0.0000000E+00,  0.2844502E+05,  0.1561738E+06,  0.1545547E+06,  0.0000000E+00,  327
07/31/2011,  0.2497274E+07,  0.0000000E+00,  0.4615723E+04,  0.8868067E+05,  0.0000000E+00,  0.2370731E+07,  0.0000000E+00,  0.0000000E+00,  0.0000000E+00,  0.0000000E+00,  0.2884868E+09,  0.7052199E+07,  0.6370561E+08,  0.1837971E+11,  0.0000000E+00,  0.4209122E+09,  0.0000000E+00,  0.0000000E+00,  0.0000000E+00,  0.0000000E+00,  0.1730592E+07,  0.0000000E+00,  0.0000000E+00,  0.0000000E+00,  0.0000000E+00,  0.4448862E+07,  0.0000000E+00,  0.8331221E+04,  0.1359382E+06,  0.7999399E+05,  0.1228007E+03,  0.0000000E+00,  0.0000000E+00,  0.0000000E+00,  0.2692462E+05,  0.1542463E+06,  0.1445078E+06,  0.0000000E+00,   24
08/01/2011,  0.2482339E+07,  0.0000000E+00,  0.4537695E+04,  0.8792441E+05,  0.0000000E+00,  0.2101219E+07,  0.0000000E+00,  0.0000000E+00,  0.0000000E+00,  0.0000000E+00,  0.2842013E+09,  0.6995811E+07,  0.6353914E+08,  0.1837886E+11,  0.0000000E+00,  0.4209628E+09,  0.0000000E+00,  0.0000000E+00,  0.0000000E+00,  0.0000000E+00,  0.1768608E+07,  0.0000000E+00,  0.0000000E+00,  0.0000000E+00,  0.0000000E+00,  0.4379614E+07,  0.0000000E+00,  0.8038229E+04,  0.9790833E+05,  0.8021833E+05,  0.1171386E+03,  0.0000000E+00,  0.0000000E+00,  0.0000000E+00,  0.2558917E+05,  0.1559015E+06,  0.1845010E+06,  0.0000000E+00,   19
08/02/2011,  0.2444693E+07,  0.0000000E+00,  0.4444234E+04,  0.8692257E+05,  0.0000000E+00,  0.2171649E+07,  0.0000000E+00,  0.0000000E+00,  0.0000000E+00,  0.0000000E+00,  0.2798470E+09,  0.6941352E+07,  0.6339717E+08,  0.1837812E+11,  0.0000000E+00,  0.4209045E+09,  0.0000000E+00,  0.0000000E+00,  0.0000000E+00,  0.0000000E+00,  0.1764288E+07,  0.0000000E+00,  0.0000000E+00,  0.0000000E+00,  0.0000000E+00,  0.4444985E+07,  0.0000000E+00,  0.8522296E+04,  0.9947118E+05,  0.8972952E+05,  0.1117655E+03,  0.0000000E+00,  0.0000000E+00,  0.0000000E+00,  0.2421617E+05,  0.1518198E+06,  0.1581320E+06,  0.0000000E+00,   21
08/03/2011,  0.2339253E+07,  0.0000000E+00,  0.4292998E+04,  0.8524625E+05,  0.0000000E+00,  0.2189143E+07,  0.0000000E+00,  0.0000000E+00,  0.0000000E+00,  0.0000000E+00,  0.2757377E+09,  0.6886835E+07,  0.6327684E+08,  0.1837739E+11,  0.0000000E+00,  0.4208134E+09,  0.0000000E+00,  0.0000000E+00,  0.0000000E+00,  0.0000000E+00,  0.1670976E+07,  0.0000000E+00,  0.0000000E+00,  0.0000000E+00,  0.0000000E+00,  0.4200080E+07,  0.0000000E+00,  0.7622529E+04,  0.1031410E+06,  0.8643091E+05,  0.1065678E+03,  0.0000000E+00,  0.0000000E+00,  0.0000000E+00,  0.2273470E+05,  0.1486542E+06,  0.1359169E+06,  0.0000000E+00,   27
08/04/2011,  0.2484280E+07,  0.0000000E+00,  0.4150089E+04,  0.8469988E+05,  0.0000000E+00,  0.2195520E+07,  0.0000000E+00,  0.0000000E+00,  0.0000000E+00,  0.0000000E+00,  0.2720057E+09,  0.6836639E+07,  0.6315790E+08,  0.1837673E+11,  0.0000000E+00,  0.4207163E+09,  0.0000000E+00,  0.0000000E+00,  0.0000000E+00,  0.0000000E+00,  0.1817856E+07,  0.0000000E+00,  0.0000000E+00,  0.0000000E+00,  0.0000000E+00,  0.3819746E+07,  0.0000000E+00,  0.6535418E+04,  0.9550532E+05,  0.7755105E+05,  0.1022513E+03,  0.0000000E+00,  0.0000000E+00,  0.0000000E+00,  0.2133978E+05,  0.1478617E+06,  0.1342110E+06,  0.0000000E+00,   19
08/05/2011,  0.3023617E+07,  0.0000000E+00,  0.4022765E+04,  0.8493533E+05,  0.0000000E+00,  0.2189674E+07,  0.0000000E+00,  0.0000000E+00,  0.0000000E+00,  0.0000000E+00,  0.2679294E+09,  0.6790825E+07,  0.6304144E+08,  0.1837605E+11,  0.0000000E+00,  0.4206037E+09,  0.0000000E+00,  0.0000000E+00,  0.0000000E+00,  0.0000000E+00,  0.2363904E+07,  0.0000000E+00,  0.0000000E+00,  0.0000000E+00,  0.0000000E+00,  0.4158734E+07,  0.0000000E+00,  0.7121027E+04,  0.1096574E+06,  0.9090364E+05,  0.9804686E+02,  0.0000000E+00,  0.0000000E+00,  0.0000000E+00,  0.2035381E+05,  0.1459675E+06,  0.1301522E+06,  0.0000000E+00,   17
08/06/2011,  0.3359083E+07,  0.0000000E+00,  0.3805065E+04,  0.8340703E+05,  0.0000000E+00,  0.2181068E+07,  0.0000000E+00,  0.0000000E+00,  0.0000000E+00,  0.0000000E+00,  0.2640771E+09,  0.6742727E+07,  0.6292702E+08,  0.1837538E+11,  0.0000000E+00,  0.4204947E+09,  0.0000000E+00,  0.0000000E+00,  0.0000000E+00,  0.0000000E+00,  0.2693088E+07,  0.0000000E+00,  0.0000000E+00,  0.0000000E+00,  0.0000000E+00,  0.3938825E+07,  0.0000000E+00,  0.6291634E+04,  0.1070240E+06,  0.8537910E+05,  0.9404966E+02,  0.0000000E+00,  0.0000000E+00,  0.0000000E+00,  0.1889562E+05,  0.1446305E+06,  0.1274827E+06,  0.0000000E+00,   16
08/07/2011,  0.3396027E+07,  0.0000000E+00,  0.3650908E+04,  0.8298524E+05,  0.0000000E+00,  0.2165700E+07,  0.0000000E+00,  0.0000000E+00,  0.0000000E+00,  0.0000000E+00,  0.2605557E+09,  0.6698124E+07,  0.6281538E+08,  0.1837470E+11,  0.0000000E+00,  0.4203891E+09,  0.0000000E+00,  0.0000000E+00,  0.0000000E+00,  0.0000000E+00,  0.2738016E+07,  0.0000000E+00,  0.0000000E+00,  0.0000000E+00,  0.0000000E+00,  0.3604949E+07,  0.0000000E+00,  0.5430994E+04,  0.1404882E+06,  0.7711075E+05,  0.9014362E+02,  0.0000000E+00,  0.0000000E+00,  0.0000000E+00,  0.1802501E+05,  0.1436410E+06,  0.1246885E+06,  0.0000000E+00,   16
08/08/2011,  0.3379263E+07,  0.0000000E+00,  0.3525980E+04,  0.8306622E+05,  0.0000000E+00,  0.2151946E+07,  0.0000000E+00,  0.0000000E+00,  0.0000000E+00,  0.0000000E+00,  0.2568816E+09,  0.6657429E+07,  0.6268023E+08,  0.1837405E+11,  0.0000000E+00,  0.4202801E+09,  0.0000000E+00,  0.0000000E+00,  0.0000000E+00,  0.0000000E+00,  0.2711232E+07,  0.0000000E+00,  0.0000000E+00,  0.0000000E+00,  0.0000000E+00,  0.3754618E+07,  0.0000000E+00,  0.5506406E+04,  0.9330538E+05,  0.8181858E+05,  0.8677423E+02,  0.0000000E+00,  0.0000000E+00,  0.0000000E+00,  0.1719952E+05,  0.1436674E+06,  0.1472979E+06,  0.0000000E+00,   16
08/09/2011,  0.2819035E+07,  0.0000000E+00,  0.3333568E+04,  0.8175455E+05,  0.0000000E+00,  0.2119430E+07,  0.0000000E+00,  0.0000000E+00,  0.0000000E+00,  0.0000000E+00,  0.2530131E+09,  0.6615589E+07,  0.6256696E+08,  0.1837333E+11,  0.0000000E+00,  0.4201629E+09,  0.0000000E+00,  0.0000000E+00,  0.0000000E+00,  0.0000000E+00,  0.2149632E+07,  0.0000000E+00,  0.0000000E+00,  0.0000000E+00,  0.0000000E+00,  0.3948485E+07,  0.0000000E+00,  0.5769743E+04,  0.1058471E+06,  0.9079100E+05,  0.8349398E+02,  0.0000000E+00,  0.0000000E+00,  0.0000000E+00,  0.1654069E+05,  0.1399085E+06,  0.1244889E+06,  0.0000000E+00,   21
08/10/2011,  0.2459981E+07,  0.0000000E+00,  0.3139629E+04,  0.7996871E+05,  0.0000000E+00,  0.2105181E+07,  0.0000000E+00,  0.0000000E+00,  0.0000000E+00,  0.0000000E+00,  0.2493645E+09,  0.6572490E+07,  0.6245600E+08,  0.1837265E+11,  0.0000000E+00,  0.4200532E+09,  0.0000000E+00,  0.0000000E+00,  0.0000000E+00,  0.0000000E+00,  0.1784160E+07,  0.0000000E+00,  0.0000000E+00,  0.0000000E+00,  0.0000000E+00,  0.3731523E+07,  0.0000000E+00,  0.5108705E+04,  0.9881301E+05,  0.8574283E+05,  0.8034685E+02,  0.0000000E+00,  0.0000000E+00,  0.0000000E+00,  0.1560600E+05,  0.1384985E+06,  0.1219069E+06,  0.0000000E+00,   16
08/11/2011,  0.2335765E+07,  0.0000000E+00,  0.2996633E+04,  0.7940707E+05,  0.0000000E+00,  0.2095875E+07,  0.0000000E+00,  0.0000000E+00,  0.0000000E+00,  0.0000000E+00,  0.2459674E+09,  0.6532767E+07,  0.6234696E+08,  0.1837199E+11,  0.0000000E+00,  0.4199499E+09,  0.0000000E+00,  0.0000000E+00,  0.0000000E+00,  0.0000000E+00,  0.1665792E+07,  0.0000000E+00,  0.0000000E+00,  0.0000000E+00,  0.0000000E+00,  0.3477027E+07,  0.0000000E+00,  0.4439562E+04,  0.9686284E+05,  0.7758220E+05,  0.7730276E+02,  0.0000000E+00,  0.0000000E+00,  0.0000000E+00,  0.1479258E+05,  0.1374890E+06,  0.1198426E+06,  0.0000000E+00,   16
08/12/2011,  0.2455975E+07,  0.0000000E+00,  0.2864716E+04,  0.7944000E+05,  0.0000000E+00,  0.2082511E+07,  0.0000000E+00,  0.0000000E+00,  0.0000000E+00,  0.0000000E+00,  0.2424739E+09,  0.6496511E+07,  0.6224012E+08,  0.1837131E+11,  0.0000000E+00,  0.4198394E+09,  0.0000000E+00,  0.0000000E+00,  0.0000000E+00,  0.0000000E+00,  0.1802304E+07,  0.0000000E+00,  0.0000000E+00,  0.0000000E+00,  0.0000000E+00,  0.3569684E+07,  0.0000000E+00,  0.4399727E+04,  0.1212313E+06,  0.8391719E+05,  0.7427301E+02,  0.0000000E+00,  0.0000000E+00,  0.0000000E+00,  0.1417810E+05,  0.1364445E+06,  0.1170618E+06,  0.0000000E+00,   17
08/13/2011,  0.2502127E+07,  0.0000000E+00,  0.2693891E+04,  0.7847914E+05,  0.0000000E+00,  0.2069944E+07,  0.0000000E+00,  0.0000000E+00,  0.0000000E+00,  0.0000000E+00,  0.2389655E+09,  0.6459634E+07,  0.6213420E+08,  0.1837064E+11,  0.0000000E+00,  0.4197286E+09,  0.0000000E+00,  0.0000000E+00,  0.0000000E+00,  0.0000000E+00,  0.1841184E+07,  0.0000000E+00,  0.0000000E+00,  0.0000000E+00,  0.0000000E+00,  0.3585940E+07,  0.0000000E+00,  0.4184807E+04,  0.9741599E+05,  0.8847647E+05,  0.7179542E+02,  0.0000000E+00,  0.0000000E+00,  0.0000000E+00,  0.1321295E+05,  0.1351534E+06,  0.1153794E+06,  0.0000000E+00,   16
08/14/2011,  0.2429282E+07,  0.0000000E+00,  0.2521201E+04,  0.7739327E+05,  0.0000000E+00,  0.2045757E+07,  0.0000000E+00,  0.0000000E+00,  0.0000000E+00,  0.0000000E+00,  0.2356002E+09,  0.6422661E+07,  0.6203006E+08,  0.1836997E+11,  0.0000000E+00,  0.4196202E+09,  0.0000000E+00,  0.0000000E+00,  0.0000000E+00,  0.0000000E+00,  0.1770336E+07,  0.0000000E+00,  0.0000000E+00,  0.0000000E+00,  0.0000000E+00,  0.3443627E+07,  0.0000000E+00,  0.3816473E+04,  0.8943677E+05,  0.8552672E+05,  0.6931035E+02,  0.0000000E+00,  0.0000000E+00,  0.0000000E+00,  0.1271174E+05,  0.1340377E+06,  0.1134706E+06,  0.0000000E+00,   19
08/15/2011,  0.2530985E+07,  0.0000000E+00,  0.2376552E+04,  0.7701962E+05,  0.0000000E+00,  0.2033260E+07,  0.0000000E+00,  0.0000000E+00,  0.0000000E+00,  0.0000000E+00,  0.2323422E+09,  0.6388129E+07,  0.6192828E+08,  0.1836930E+11,  0.0000000E+00,  0.4195134E+09,  0.0000000E+00,  0.0000000E+00,  0.0000000E+00,  0.0000000E+00,  0.1875744E+07,  0.0000000E+00,  0.0000000E+00,  0.0000000E+00,  0.0000000E+00,  0.3334131E+07,  0.0000000E+00,  0.3496296E+04,  0.9537817E+05,  0.8395428E+05,  0.6697692E+02,  0.0000000E+00,  0.0000000E+00,  0.0000000E+00,  0.1205384E+05,  0.1330710E+06,  0.1107719E+06,  0.0000000E+00,   18
08/16/2011,  0.2655252E+07,  0.0000000E+00,  0.2241592E+04,  0.7668065E+05,  0.0000000E+00,  0.2018641E+07,  0.0000000E+00,  0.0000000E+00,  0.0000000E+00,  0.0000000E+00,  0.2290582E+09,  0.6355470E+07,  0.6179977E+08,  0.1836866E+11,  0.0000000E+00,  0.4194045E+09,  0.0000000E+00,  0.0000000E+00,  0.0000000E+00,  0.0000000E+00,  0.2010528E+07,  0.0000000E+00,  0.0000000E+00,  0.0000000E+00,  0.0000000E+00,  0.3361459E+07,  0.0000000E+00,  0.3450732E+04,  0.8943021E+05,  0.8671184E+05,  0.6471188E+02,  0.0000000E+00,  0.0000000E+00,  0.0000000E+00,  0.1127767E+05,  0.1350425E+06,  0.1367598E+06,  0.0000000E+00,   23
08/17/2011,  0.2640568E+07,  0.0000000E+00,  0.2095374E+04,  0.7599350E+05,  0.0000000E+00,  0.2001390E+07,  0.0000000E+00,  0.0000000E+00,  0.0000000E+00,  0.0000000E+00,  0.2258913E+09,  0.6322661E+07,  0.6168050E+08,  0.1836800E+11,  0.0000000E+00,  0.4192980E+09,  0.0000000E+00,  0.0000000E+00,  0.0000000E+00,  0.0000000E+00,  0.1997568E+07,  0.0000000E+00,  0.0000000E+00,  0.0000000E+00,  0.0000000E+00,  0.3243631E+07,  0.0000000E+00,  0.3195415E+04,  0.9535330E+05,  0.8428505E+05,  0.6246749E+02,  0.0000000E+00,  0.0000000E+00,  0.0000000E+00,  0.1095758E+05,  0.1329680E+06,  0.1274560E+06,  0.0000000E+00,   25
08/18/2011,  0.2616369E+07,  0.0000000E+00,  0.1978007E+04,  0.7595197E+05,  0.0000000E+00,  0.2040756E+07,  0.0000000E+00,  0.0000000E+00,  0.0000000E+00,  0.0000000E+00,  0.2227531E+09,  0.6292405E+07,  0.6158109E+08,  0.1836737E+11,  0.0000000E+00,  0.4191928E+09,  0.0000000E+00,  0.0000000E+00,  0.0000000E+00,  0.0000000E+00,  0.2026080E+07,  0.0000000E+00,  0.0000000E+00,  0.0000000E+00,  0.0000000E+00,  0.3211364E+07,  0.0000000E+00,  0.2958368E+04,  0.1080808E+06,  0.8343640E+05,  0.6038694E+02,  0.0000000E+00,  0.0000000E+00,  0.0000000E+00,  0.1006500E+05,  0.1309826E+06,  0.1069315E+06,  0.0000000E+00,   23
08/19/2011,  0.2573514E+07,  0.0000000E+00,  0.1854796E+04,  0.7540967E+05,  0.0000000E+00,  0.1984951E+07,  0.0000000E+00,  0.0000000E+00,  0.0000000E+00,  0.0000000E+00,  0.2200077E+09,  0.6261918E+07,  0.6148468E+08,  0.1836673E+11,  0.0000000E+00,  0.4190964E+09,  0.0000000E+00,  0.0000000E+00,  0.0000000E+00,  0.0000000E+00,  0.1946016E+07,  0.0000000E+00,  0.0000000E+00,  0.0000000E+00,  0.0000000E+00,  0.2818150E+07,  0.0000000E+00,  0.2400671E+04,  0.7988194E+05,  0.7198964E+05,  0.5834444E+02,  0.0000000E+00,  0.0000000E+00,  0.0000000E+00,  0.1013373E+05,  0.1296720E+06,  0.1045593E+06,  0.0000000E+00,   20
08/20/2011,  0.2394400E+07,  0.0000000E+00,  0.1792705E+04,  0.7589257E+05,  0.0000000E+00,  0.1968176E+07,  0.0000000E+00,  0.0000000E+00,  0.0000000E+00,  0.0000000E+00,  0.2172729E+09,  0.6235769E+07,  0.6139017E+08,  0.1836608E+11,  0.0000000E+00,  0.4189977E+09,  0.0000000E+00,  0.0000000E+00,  0.0000000E+00,  0.0000000E+00,  0.1763712E+07,  0.0000000E+00,  0.0000000E+00,  0.0000000E+00,  0.0000000E+00,  0.2802224E+07,  0.0000000E+00,  0.2394222E+04,  0.9783374E+05,  0.7593556E+05,  0.5642753E+02,  0.0000000E+00,  0.0000000E+00,  0.0000000E+00,  0.9658516E+04,  0.1287014E+06,  0.1021860E+06,  0.0000000E+00,   18
08/21/2011,  0.2254515E+07,  0.0000000E+00,  0.1681917E+04,  0.7549632E+05,  0.0000000E+00,  0.1957888E+07,  0.0000000E+00,  0.0000000E+00,  0.0000000E+00,  0.0000000E+00,  0.2145513E+09,  0.6209141E+07,  0.6129426E+08,  0.1836544E+11,  0.0000000E+00,  0.4189014E+09,  0.0000000E+00,  0.0000000E+00,  0.0000000E+00,  0.0000000E+00,  0.1625472E+07,  0.0000000E+00,  0.0000000E+00,  0.0000000E+00,  0.0000000E+00,  0.2789479E+07,  0.0000000E+00,  0.2231403E+04,  0.9912514E+05,  0.7529367E+05,  0.5452168E+02,  0.0000000E+00,  0.0000000E+00,  0.0000000E+00,  0.9448285E+04,  0.1278246E+06,  0.1035389E+06,  0.0000000E+00,   16
08/22/2011,  0.2302832E+07,  0.0000000E+00,  0.1566145E+04,  0.7536797E+05,  0.0000000E+00,  0.1965506E+07,  0.0000000E+00,  0.0000000E+00,  0.0000000E+00,  0.0000000E+00,  0.2117089E+09,  0.6183145E+07,  0.6119902E+08,  0.1836481E+11,  0.0000000E+00,  0.4188018E+09,  0.0000000E+00,  0.0000000E+00,  0.0000000E+00,  0.0000000E+00,  0.1696896E+07,  0.0000000E+00,  0.0000000E+00,  0.0000000E+00,  0.0000000E+00,  0.2909869E+07,  0.0000000E+00,  0.2250199E+04,  0.9247735E+05,  0.7933110E+05,  0.5272130E+02,  0.0000000E+00,  0.0000000E+00,  0.0000000E+00,  0.8803987E+04,  0.1273226E+06,  0.1021877E+06,  0.0000000E+00,   17
08/23/2011,  0.2261111E+07,  0.0000000E+00,  0.1441660E+04,  0.7443886E+05,  0.0000000E+00,  0.1924054E+07,  0.0000000E+00,  0.0000000E+00,  0.0000000E+00,  0.0000000E+00,  0.2082818E+09,  0.6154770E+07,  0.6110398E+08,  0.1836415E+11,  0.0000000E+00,  0.4186833E+09,  0.0000000E+00,  0.0000000E+00,  0.0000000E+00,  0.0000000E+00,  0.1647360E+07,  0.0000000E+00,  0.0000000E+00,  0.0000000E+00,  0.0000000E+00,  0.3495730E+07,  0.0000000E+00,  0.2896269E+04,  0.9972744E+05,  0.1047887E+06,  0.5099182E+02,  0.0000000E+00,  0.0000000E+00,  0.0000000E+00,  0.9088151E+04,  0.1252112E+06,  0.1016316E+06,  0.0000000E+00,   22
08/24/2011,  0.2148659E+07,  0.0000000E+00,  0.1232529E+04,  0.7155865E+05,  0.0000000E+00,  0.1897318E+07,  0.0000000E+00,  0.0000000E+00,  0.0000000E+00,  0.0000000E+00,  0.2052878E+09,  0.6120802E+07,  0.6100893E+08,  0.1836350E+11,  0.0000000E+00,  0.4185771E+09,  0.0000000E+00,  0.0000000E+00,  0.0000000E+00,  0.0000000E+00,  0.1528704E+07,  0.0000000E+00,  0.0000000E+00,  0.0000000E+00,  0.0000000E+00,  0.3071113E+07,  0.0000000E+00,  0.2279490E+04,  0.8604369E+05,  0.9343200E+05,  0.4931152E+02,  0.0000000E+00,  0.0000000E+00,  0.0000000E+00,  0.7928963E+04,  0.1239306E+06,  0.1011013E+06,  0.0000000E+00,   24
08/25/2011,  0.2115239E+07,  0.0000000E+00,  0.1191675E+04,  0.7148342E+05,  0.0000000E+00,  0.1884834E+07,  0.0000000E+00,  0.0000000E+00,  0.0000000E+00,  0.0000000E+00,  0.2024873E+09,  0.6092323E+07,  0.6091690E+08,  0.1836287E+11,  0.0000000E+00,  0.4184788E+09,  0.0000000E+00,  0.0000000E+00,  0.0000000E+00,  0.0000000E+00,  0.1499040E+07,  0.0000000E+00,  0.0000000E+00,  0.0000000E+00,  0.0000000E+00,  0.2871998E+07,  0.0000000E+00,  0.1882296E+04,  0.7460972E+05,  0.8407301E+05,  0.4819167E+02,  0.0000000E+00,  0.0000000E+00,  0.0000000E+00,  0.7744213E+04,  0.1234285E+06,  0.9827752E+05,  0.0000000E+00,   24
08/26/2011,  0.2328092E+07,  0.0000000E+00,  0.1107369E+04,  0.7166150E+05,  0.0000000E+00,  0.1877419E+07,  0.0000000E+00,  0.0000000E+00,  0.0000000E+00,  0.0000000E+00,  0.1995986E+09,  0.6066708E+07,  0.6077834E+08,  0.1836227E+11,  0.0000000E+00,  0.4183760E+09,  0.0000000E+00,  0.0000000E+00,  0.0000000E+00,  0.0000000E+00,  0.1725696E+07,  0.0000000E+00,  0.0000000E+00,  0.0000000E+00,  0.0000000E+00,  0.2960924E+07,  0.0000000E+00,  0.1923394E+04,  0.8682481E+05,  0.9043696E+05,  0.4755516E+02,  0.0000000E+00,  0.0000000E+00,  0.0000000E+00,  0.7524777E+04,  0.1269464E+06,  0.1445599E+06,  0.0000000E+00,   25
08/27/2011,  0.2576549E+07,  0.0000000E+00,  0.9924956E+03,  0.7109790E+05,  0.0000000E+00,  0.1867492E+07,  0.0000000E+00,  0.0000000E+00,  0.0000000E+00,  0.0000000E+00,  0.1969084E+09,  0.6040043E+07,  0.6068910E+08,  0.1836162E+11,  0.0000000E+00,  0.4182796E+09,  0.0000000E+00,  0.0000000E+00,  0.0000000E+00,  0.0000000E+00,  0.1982304E+07,  0.0000000E+00,  0.0000000E+00,  0.0000000E+00,  0.0000000E+00,  0.2759576E+07,  0.0000000E+00,  0.1611751E+04,  0.8128067E+05,  0.8254614E+05,  0.4695582E+02,  0.0000000E+00,  0.0000000E+00,  0.0000000E+00,  0.7242404E+04,  0.1220163E+06,  0.9525494E+05,  0.0000000E+00,   21
08/28/2011,  0.2920072E+07,  0.0000000E+00,  0.9121787E+03,  0.7133201E+05,  0.0000000E+00,  0.1852271E+07,  0.0000000E+00,  0.0000000E+00,  0.0000000E+00,  0.0000000E+00,  0.1942076E+09,  0.6015789E+07,  0.6059806E+08,  0.1836100E+11,  0.0000000E+00,  0.4181791E+09,  0.0000000E+00,  0.0000000E+00,  0.0000000E+00,  0.0000000E+00,  0.2328192E+07,  0.0000000E+00,  0.0000000E+00,  0.0000000E+00,  0.0000000E+00,  0.2767259E+07,  0.0000000E+00,  0.1645592E+04,  0.8324407E+05,  0.8922267E+05,  0.4630914E+02,  0.0000000E+00,  0.0000000E+00,  0.0000000E+00,  0.7040929E+04,  0.1215415E+06,  0.9680907E+05,  0.0000000E+00,   26
08/29/2011,  0.2965541E+07,  0.0000000E+00,  0.8082361E+03,  0.7093723E+05,  0.0000000E+00,  0.1839288E+07,  0.0000000E+00,  0.0000000E+00,  0.0000000E+00,  0.0000000E+00,  0.1918690E+09,  0.5991037E+07,  0.6050390E+08,  0.1836039E+11,  0.0000000E+00,  0.4180911E+09,  0.0000000E+00,  0.0000000E+00,  0.0000000E+00,  0.0000000E+00,  0.2375424E+07,  0.0000000E+00,  0.0000000E+00,  0.0000000E+00,  0.0000000E+00,  0.2405960E+07,  0.0000000E+00,  0.1290874E+04,  0.8657291E+05,  0.7260262E+05,  0.4568095E+02,  0.0000000E+00,  0.0000000E+00,  0.0000000E+00,  0.6735313E+04,  0.1210769E+06,  0.9997662E+05,  0.0000000E+00,  343
08/30/2011,  0.2846853E+07,  0.0000000E+00,  0.7812010E+03,  0.7178879E+05,  0.0000000E+00,  0.1821686E+07,  0.0000000E+00,  0.0000000E+00,  0.0000000E+00,  0.0000000E+00,  0.1896236E+09,  0.5970772E+07,  0.6041905E+08,  0.1835977E+11,  0.0000000E+00,  0.4180047E+09,  0.0000000E+00,  0.0000000E+00,  0.0000000E+00,  0.0000000E+00,  0.2231136E+07,  0.0000000E+00,  0.0000000E+00,  0.0000000E+00,  0.0000000E+00,  0.2306992E+07,  0.0000000E+00,  0.1226729E+04,  0.8901589E+05,  0.7107709E+05,  0.4510325E+02,  0.0000000E+00,  0.0000000E+00,  0.0000000E+00,  0.6629385E+04,  0.1206099E+06,  0.9062496E+05,  0.0000000E+00,   23
08/31/2011,  0.2793834E+07,  0.0000000E+00,  0.7133757E+03,  0.7208804E+05,  0.0000000E+00,  0.1815376E+07,  0.0000000E+00,  0.0000000E+00,  0.0000000E+00,  0.0000000E+00,  0.1873879E+09,  0.5951125E+07,  0.6030579E+08,  0.1835918E+11,  0.0000000E+00,  0.4179185E+09,  0.0000000E+00,  0.0000000E+00,  0.0000000E+00,  0.0000000E+00,  0.2184768E+07,  0.0000000E+00,  0.0000000E+00,  0.0000000E+00,  0.0000000E+00,  0.2298441E+07,  0.0000000E+00,  0.1163742E+04,  0.7920213E+05,  0.7032755E+05,  0.4447628E+02,  0.0000000E+00,  0.0000000E+00,  0.0000000E+00,  0.6442563E+04,  0.1222973E+06,  0.1189078E+06,  0.0000000E+00,   23
09/01/2011,  0.2740637E+07,  0.0000000E+00,  0.6398315E+03,  0.7210633E+05,  0.0000000E+00,  0.1812029E+07,  0.0000000E+00,  0.0000000E+00,  0.0000000E+00,  0.0000000E+00,  0.1849374E+09,  0.5931117E+07,  0.6022089E+08,  0.1835855E+11,  0.0000000E+00,  0.4178232E+09,  0.0000000E+00,  0.0000000E+00,  0.0000000E+00,  0.0000000E+00,  0.2164608E+07,  0.0000000E+00,  0.0000000E+00,  0.0000000E+00,  0.0000000E+00,  0.2510496E+07,  0.0000000E+00,  0.1331263E+04,  0.1316314E+06,  0.8169453E+05,  0.4391042E+02,  0.0000000E+00,  0.0000000E+00,  0.0000000E+00,  0.6425748E+04,  0.1192502E+06,  0.9036027E+05,  0.0000000E+00,   20
09/02/2011,  0.2643595E+07,  0.0000000E+00,  0.5284057E+03,  0.7100342E+05,  0.0000000E+00,  0.1786958E+07,  0.0000000E+00,  0.0000000E+00,  0.0000000E+00,  0.0000000E+00,  0.1824205E+09,  0.5908535E+07,  0.6013544E+08,  0.1835794E+11,  0.0000000E+00,  0.4177267E+09,  0.0000000E+00,  0.0000000E+00,  0.0000000E+00,  0.0000000E+00,  0.2043072E+07,  0.0000000E+00,  0.0000000E+00,  0.0000000E+00,  0.0000000E+00,  0.2580126E+07,  0.0000000E+00,  0.1354094E+04,  0.7632101E+05,  0.8646402E+05,  0.4332599E+02,  0.0000000E+00,  0.0000000E+00,  0.0000000E+00,  0.6186228E+04,  0.1183581E+06,  0.9064313E+05,  0.0000000E+00,   23
09/03/2011,  0.2983824E+07,  0.0000000E+00,  0.4339267E+03,  0.7033967E+05,  0.0000000E+00,  0.1786455E+07,  0.0000000E+00,  0.0000000E+00,  0.0000000E+00,  0.0000000E+00,  0.1800709E+09,  0.5885437E+07,  0.6005082E+08,  0.1835735E+11,  0.0000000E+00,  0.4176358E+09,  0.0000000E+00,  0.0000000E+00,  0.0000000E+00,  0.0000000E+00,  0.2418624E+07,  0.0000000E+00,  0.0000000E+00,  0.0000000E+00,  0.0000000E+00,  0.2414098E+07,  0.0000000E+00,  0.1082317E+04,  0.7424641E+05,  0.7886167E+05,  0.4273036E+02,  0.0000000E+00,  0.0000000E+00,  0.0000000E+00,  0.5992729E+04,  0.1181598E+06,  0.8988408E+05,  0.0000000E+00,  225
09/04/2011,  0.3230727E+07,  0.0000000E+00,  0.4012157E+03,  0.7062820E+05,  0.0000000E+00,  0.1774591E+07,  0.0000000E+00,  0.0000000E+00,  0.0000000E+00,  0.0000000E+00,  0.1779527E+09,  0.5864821E+07,  0.5996939E+08,  0.1835676E+11,  0.0000000E+00,  0.4175524E+09,  0.0000000E+00,  0.0000000E+00,  0.0000000E+00,  0.0000000E+00,  0.2660544E+07,  0.0000000E+00,  0.0000000E+00,  0.0000000E+00,  0.0000000E+00,  0.2179919E+07,  0.0000000E+00,  0.9342840E+03,  0.9345685E+05,  0.6988232E+05,  0.4215597E+02,  0.0000000E+00,  0.0000000E+00,  0.0000000E+00,  0.5838153E+04,  0.1180289E+06,  0.8667906E+05,  0.0000000E+00,   25
09/05/2011,  0.3038774E+07,  0.0000000E+00,  0.3602776E+03,  0.7114498E+05,  0.0000000E+00,  0.1756636E+07,  0.0000000E+00,  0.0000000E+00,  0.0000000E+00,  0.0000000E+00,  0.1758185E+09,  0.5846741E+07,  0.5988902E+08,  0.1835616E+11,  0.0000000E+00,  0.4174688E+09,  0.0000000E+00,  0.0000000E+00,  0.0000000E+00,  0.0000000E+00,  0.2448288E+07,  0.0000000E+00,  0.0000000E+00,  0.0000000E+00,  0.0000000E+00,  0.2192521E+07,  0.0000000E+00,  0.9090899E+03,  0.8363056E+05,  0.6993796E+05,  0.4158832E+02,  0.0000000E+00,  0.0000000E+00,  0.0000000E+00,  0.5787816E+04,  0.1175617E+06,  0.8559586E+05,  0.0000000E+00,   23
09/06/2011,  0.2679268E+07,  0.0000000E+00,  0.2787337E+03,  0.7087886E+05,  0.0000000E+00,  0.1741652E+07,  0.0000000E+00,  0.0000000E+00,  0.0000000E+00,  0.0000000E+00,  0.1734270E+09,  0.5827604E+07,  0.5980937E+08,  0.1835555E+11,  0.0000000E+00,  0.4173697E+09,  0.0000000E+00,  0.0000000E+00,  0.0000000E+00,  0.0000000E+00,  0.2113344E+07,  0.0000000E+00,  0.0000000E+00,  0.0000000E+00,  0.0000000E+00,  0.2449627E+07,  0.0000000E+00,  0.1125456E+04,  0.1032606E+06,  0.9111092E+05,  0.4093775E+02,  0.0000000E+00,  0.0000000E+00,  0.0000000E+00,  0.5909358E+04,  0.1160328E+06,  0.8478297E+05,  0.0000000E+00,   26
09/07/2011,  0.2478200E+07,  0.0000000E+00,  0.1476368E+03,  0.6910581E+05,  0.0000000E+00,  0.1717020E+07,  0.0000000E+00,  0.0000000E+00,  0.0000000E+00,  0.0000000E+00,  0.1711291E+09,  0.5804420E+07,  0.5973005E+08,  0.1835494E+11,  0.0000000E+00,  0.4172783E+09,  0.0000000E+00,  0.0000000E+00,  0.0000000E+00,  0.0000000E+00,  0.1896768E+07,  0.0000000E+00,  0.0000000E+00,  0.0000000E+00,  0.0000000E+00,  0.2361472E+07,  0.0000000E+00,  0.1013362E+04,  0.1001496E+06,  0.8432154E+05,  0.4041032E+02,  0.0000000E+00,  0.0000000E+00,  0.0000000E+00,  0.5624910E+04,  0.1153054E+06,  0.8426225E+05,  0.0000000E+00,   23
09/08/2011,  0.2205326E+07,  0.0000000E+00,  0.7098836E+02,  0.6872165E+05,  0.0000000E+00,  0.1709176E+07,  0.0000000E+00,  0.0000000E+00,  0.0000000E+00,  0.0000000E+00,  0.1690232E+09,  0.5783149E+07,  0.5965137E+08,  0.1835434E+11,  0.0000000E+00,  0.4171956E+09,  0.0000000E+00,  0.0000000E+00,  0.0000000E+00,  0.0000000E+00,  0.1630944E+07,  0.0000000E+00,  0.0000000E+00,  0.0000000E+00,  0.0000000E+00,  0.2167671E+07,  0.0000000E+00,  0.8663453E+03,  0.6420416E+05,  0.7421036E+05,  0.3989031E+02,  0.0000000E+00,  0.0000000E+00,  0.0000000E+00,  0.5533048E+04,  0.1148036E+06,  0.8368152E+05,  0.0000000E+00,   35
09/09/2011,  0.2015474E+07,  0.0000000E+00,  0.2558391E+02,  0.6887985E+05,  0.0000000E+00,  0.1700169E+07,  0.0000000E+00,  0.0000000E+00,  0.0000000E+00,  0.0000000E+00,  0.1667427E+09,  0.5764158E+07,  0.5957272E+08,  0.1835374E+11,  0.0000000E+00,  0.4171007E+09,  0.0000000E+00,  0.0000000E+00,  0.0000000E+00,  0.0000000E+00,  0.1458144E+07,  0.0000000E+00,  0.0000000E+00,  0.0000000E+00,  0.0000000E+00,  0.2338999E+07,  0.0000000E+00,  0.8990067E+03,  0.7927617E+05,  0.8966646E+05,  0.3927297E+02,  0.0000000E+00,  0.0000000E+00,  0.0000000E+00,  0.5599413E+04,  0.1140671E+06,  0.8368910E+05,  0.0000000E+00,   25
09/10/2011,  0.2249854E+07,  0.0000000E+00,  0.0000000E+00,  0.6766131E+05,  0.0000000E+00,  0.1695737E+07,  0.0000000E+00,  0.0000000E+00,  0.0000000E+00,  0.0000000E+00,  0.1646961E+09,  0.5742914E+07,  0.5949574E+08,  0.1835316E+11,  0.0000000E+00,  0.4170141E+09,  0.0000000E+00,  0.0000000E+00,  0.0000000E+00,  0.0000000E+00,  0.1706688E+07,  0.0000000E+00,  0.0000000E+00,  0.0000000E+00,  0.0000000E+00,  0.2108917E+07,  0.0000000E+00,  0.7608098E+03,  0.7829801E+05,  0.8094206E+05,  0.3876067E+02,  0.0000000E+00,  0.0000000E+00,  0.0000000E+00,  0.5078326E+04,  0.1138251E+06,  0.8161838E+05,  0.0000000E+00,   25
09/11/2011,  0.2566652E+07,  0.0000000E+00,  0.0000000E+00,  0.6816382E+05,  0.0000000E+00,  0.1690269E+07,  0.0000000E+00,  0.0000000E+00,  0.0000000E+00,  0.0000000E+00,  0.1629619E+09,  0.5724837E+07,  0.5942052E+08,  0.1835259E+11,  0.0000000E+00,  0.4169375E+09,  0.0000000E+00,  0.0000000E+00,  0.0000000E+00,  0.0000000E+00,  0.2024352E+07,  0.0000000E+00,  0.0000000E+00,  0.0000000E+00,  0.0000000E+00,  0.1792878E+07,  0.0000000E+00,  0.6038391E+03,  0.8249225E+05,  0.6786010E+05,  0.3825541E+02,  0.0000000E+00,  0.0000000E+00,  0.0000000E+00,  0.4931888E+04,  0.1137397E+06,  0.7987951E+05,  0.0000000E+00,   24
09/12/2011,  0.2462543E+07,  0.0000000E+00,  0.0000000E+00,  0.6917159E+05,  0.0000000E+00,  0.1674754E+07,  0.0000000E+00,  0.0000000E+00,  0.0000000E+00,  0.0000000E+00,  0.1611852E+09,  0.5710073E+07,  0.5934606E+08,  0.1835201E+11,  0.0000000E+00,  0.4168580E+09,  0.0000000E+00,  0.0000000E+00,  0.0000000E+00,  0.0000000E+00,  0.1915776E+07,  0.0000000E+00,  0.0000000E+00,  0.0000000E+00,  0.0000000E+00,  0.1830508E+07,  0.0000000E+00,  0.6005240E+03,  0.7520853E+05,  0.6975977E+05,  0.3772883E+02,  0.0000000E+00,  0.0000000E+00,  0.0000000E+00,  0.5213662E+04,  0.1133992E+06,  0.7938462E+05,  0.0000000E+00,   24
09/13/2011,  0.2010477E+07,  0.0000000E+00,  0.0000000E+00,  0.6889329E+05,  0.0000000E+00,  0.1656231E+07,  0.0000000E+00,  0.0000000E+00,  0.0000000E+00,  0.0000000E+00,  0.1593911E+09,  0.5694028E+07,  0.5927305E+08,  0.1835144E+11,  0.0000000E+00,  0.4167750E+09,  0.0000000E+00,  0.0000000E+00,  0.0000000E+00,  0.0000000E+00,  0.1460736E+07,  0.0000000E+00,  0.0000000E+00,  0.0000000E+00,  0.0000000E+00,  0.1848410E+07,  0.0000000E+00,  0.5745087E+03,  0.7090407E+05,  0.7443008E+05,  0.3723424E+02,  0.0000000E+00,  0.0000000E+00,  0.0000000E+00,  0.5214113E+04,  0.1124005E+06,  0.7796399E+05,  0.0000000E+00,   24
09/14/2011,  0.2004681E+07,  0.0000000E+00,  0.0000000E+00,  0.6853351E+05,  0.0000000E+00,  0.1643364E+07,  0.0000000E+00,  0.0000000E+00,  0.0000000E+00,  0.0000000E+00,  0.1577980E+09,  0.5677230E+07,  0.5920089E+08,  0.1835087E+11,  0.0000000E+00,  0.4166994E+09,  0.0000000E+00,  0.0000000E+00,  0.0000000E+00,  0.0000000E+00,  0.1431936E+07,  0.0000000E+00,  0.0000000E+00,  0.0000000E+00,  0.0000000E+00,  0.1648334E+07,  0.0000000E+00,  0.4904525E+03,  0.7519470E+05,  0.6641284E+05,  0.3671623E+02,  0.0000000E+00,  0.0000000E+00,  0.0000000E+00,  0.5086839E+04,  0.1120943E+06,  0.7707027E+05,  0.0000000E+00,   22
09/15/2011,  0.2236049E+07,  0.0000000E+00,  0.0000000E+00,  0.6927292E+05,  0.0000000E+00,  0.1658019E+07,  0.0000000E+00,  0.0000000E+00,  0.0000000E+00,  0.0000000E+00,  0.1563644E+09,  0.5662745E+07,  0.5911727E+08,  0.1835033E+11,  0.0000000E+00,  0.4166290E+09,  0.0000000E+00,  0.0000000E+00,  0.0000000E+00,  0.0000000E+00,  0.1703520E+07,  0.0000000E+00,  0.0000000E+00,  0.0000000E+00,  0.0000000E+00,  0.1486845E+07,  0.0000000E+00,  0.4355945E+03,  0.7384167E+05,  0.5954821E+05,  0.3623292E+02,  0.0000000E+00,  0.0000000E+00,  0.0000000E+00,  0.5135830E+04,  0.1131022E+06,  0.8862009E+05,  0.0000000E+00,   45
09/16/2011,  0.2720426E+07,  0.0000000E+00,  0.0000000E+00,  0.7020172E+05,  0.0000000E+00,  0.1662750E+07,  0.0000000E+00,  0.0000000E+00,  0.0000000E+00,  0.0000000E+00,  0.1550136E+09,  0.5650015E+07,  0.5904688E+08,  0.1834978E+11,  0.0000000E+00,  0.4165597E+09,  0.0000000E+00,  0.0000000E+00,  0.0000000E+00,  0.0000000E+00,  0.2204640E+07,  0.0000000E+00,  0.0000000E+00,  0.0000000E+00,  0.0000000E+00,  0.1400274E+07,  0.0000000E+00,  0.3948242E+03,  0.1148149E+06,  0.5497091E+05,  0.3571089E+02,  0.0000000E+00,  0.0000000E+00,  0.0000000E+00,  0.5234359E+04,  0.1122616E+06,  0.7553525E+05,  0.0000000E+00,   16
09/17/2011,  0.2864969E+07,  0.0000000E+00,  0.0000000E+00,  0.7103082E+05,  0.0000000E+00,  0.1637001E+07,  0.0000000E+00,  0.0000000E+00,  0.0000000E+00,  0.0000000E+00,  0.1534424E+09,  0.5637403E+07,  0.5897539E+08,  0.1834923E+11,  0.0000000E+00,  0.4164832E+09,  0.0000000E+00,  0.0000000E+00,  0.0000000E+00,  0.0000000E+00,  0.2328480E+07,  0.0000000E+00,  0.0000000E+00,  0.0000000E+00,  0.0000000E+00,  0.1619160E+07,  0.0000000E+00,  0.4557129E+03,  0.7763409E+05,  0.6405565E+05,  0.3520819E+02,  0.0000000E+00,  0.0000000E+00,  0.0000000E+00,  0.5385350E+04,  0.1117450E+06,  0.7672031E+05,  0.0000000E+00,   23
09/18/2011,  0.2765027E+07,  0.0000000E+00,  0.0000000E+00,  0.7026692E+05,  0.0000000E+00,  0.1620379E+07,  0.0000000E+00,  0.0000000E+00,  0.0000000E+00,  0.0000000E+00,  0.1517297E+09,  0.5621451E+07,  0.5890425E+08,  0.1834868E+11,  0.0000000E+00,  0.4164020E+09,  0.0000000E+00,  0.0000000E+00,  0.0000000E+00,  0.0000000E+00,  0.2226816E+07,  0.0000000E+00,  0.0000000E+00,  0.0000000E+00,  0.0000000E+00,  0.1764127E+07,  0.0000000E+00,  0.4815794E+03,  0.8736659E+05,  0.7137141E+05,  0.3475329E+02,  0.0000000E+00,  0.0000000E+00,  0.0000000E+00,  0.5276199E+04,  0.1110177E+06,  0.7623057E+05,  0.0000000E+00,   23
09/19/2011,  0.2482228E+07,  0.0000000E+00,  0.0000000E+00,  0.6914795E+05,  0.0000000E+00,  0.1600573E+07,  0.0000000E+00,  0.0000000E+00,  0.0000000E+00,  0.0000000E+00,  0.1499383E+09,  0.5603189E+07,  0.5881389E+08,  0.1834814E+11,  0.0000000E+00,  0.4163192E+09,  0.0000000E+00,  0.0000000E+00,  0.0000000E+00,  0.0000000E+00,  0.1941984E+07,  0.0000000E+00,  0.0000000E+00,  0.0000000E+00,  0.0000000E+00,  0.1847206E+07,  0.0000000E+00,  0.4691153E+03,  0.9682192E+05,  0.7563023E+05,  0.3431651E+02,  0.0000000E+00,  0.0000000E+00,  0.0000000E+00,  0.5287227E+04,  0.1120469E+06,  0.9547229E+05,  0.0000000E+00,   23
09/20/2011,  0.2030813E+07,  0.0000000E+00,  0.0000000E+00,  0.6794545E+05,  0.0000000E+00,  0.1595060E+07,  0.0000000E+00,  0.0000000E+00,  0.0000000E+00,  0.0000000E+00,  0.1481044E+09,  0.5583896E+07,  0.5874428E+08,  0.1834754E+11,  0.0000000E+00,  0.4162328E+09,  0.0000000E+00,  0.0000000E+00,  0.0000000E+00,  0.0000000E+00,  0.1515744E+07,  0.0000000E+00,  0.0000000E+00,  0.0000000E+00,  0.0000000E+00,  0.1889390E+07,  0.0000000E+00,  0.4608342E+03,  0.7303021E+05,  0.8201019E+05,  0.3386647E+02,  0.0000000E+00,  0.0000000E+00,  0.0000000E+00,  0.5089292E+04,  0.1092036E+06,  0.7452001E+05,  0.0000000E+00,   22
09/21/2011,  0.1882212E+07,  0.0000000E+00,  0.0000000E+00,  0.6686707E+05,  0.0000000E+00,  0.1581467E+07,  0.0000000E+00,  0.0000000E+00,  0.0000000E+00,  0.0000000E+00,  0.1463349E+09,  0.5563947E+07,  0.5864212E+08,  0.1834702E+11,  0.0000000E+00,  0.4161496E+09,  0.0000000E+00,  0.0000000E+00,  0.0000000E+00,  0.0000000E+00,  0.1370880E+07,  0.0000000E+00,  0.0000000E+00,  0.0000000E+00,  0.0000000E+00,  0.1829061E+07,  0.0000000E+00,  0.4292442E+03,  0.8020686E+05,  0.8001662E+05,  0.3343139E+02,  0.0000000E+00,  0.0000000E+00,  0.0000000E+00,  0.4902065E+04,  0.1113778E+06,  0.1069235E+06,  0.0000000E+00,   27
09/22/2011,  0.2078572E+07,  0.0000000E+00,  0.0000000E+00,  0.6653121E+05,  0.0000000E+00,  0.1580140E+07,  0.0000000E+00,  0.0000000E+00,  0.0000000E+00,  0.0000000E+00,  0.1446091E+09,  0.5545176E+07,  0.5857278E+08,  0.1834644E+11,  0.0000000E+00,  0.4160676E+09,  0.0000000E+00,  0.0000000E+00,  0.0000000E+00,  0.0000000E+00,  0.1583136E+07,  0.0000000E+00,  0.0000000E+00,  0.0000000E+00,  0.0000000E+00,  0.1781277E+07,  0.0000000E+00,  0.4218098E+03,  0.8435895E+05,  0.7985566E+05,  0.3303882E+02,  0.0000000E+00,  0.0000000E+00,  0.0000000E+00,  0.4827602E+04,  0.1080820E+06,  0.7401792E+05,  0.0000000E+00,   20
09/23/2011,  0.2511839E+07,  0.0000000E+00,  0.0000000E+00,  0.6627698E+05,  0.0000000E+00,  0.1568582E+07,  0.0000000E+00,  0.0000000E+00,  0.0000000E+00,  0.0000000E+00,  0.1429260E+09,  0.5527054E+07,  0.5844911E+08,  0.1834596E+11,  0.0000000E+00,  0.4159818E+09,  0.0000000E+00,  0.0000000E+00,  0.0000000E+00,  0.0000000E+00,  0.2023776E+07,  0.0000000E+00,  0.0000000E+00,  0.0000000E+00,  0.0000000E+00,  0.1741984E+07,  0.0000000E+00,  0.4385203E+03,  0.8074578E+05,  0.8753665E+05,  0.3266044E+02,  0.0000000E+00,  0.0000000E+00,  0.0000000E+00,  0.4836108E+04,  0.1118487E+06,  0.1283442E+06,  0.0000000E+00,   29
09/24/2011,  0.2460045E+07,  0.0000000E+00,  0.0000000E+00,  0.6558204E+05,  0.0000000E+00,  0.1556336E+07,  0.0000000E+00,  0.0000000E+00,  0.0000000E+00,  0.0000000E+00,  0.1415483E+09,  0.5508959E+07,  0.5837742E+08,  0.1834541E+11,  0.0000000E+00,  0.4159104E+09,  0.0000000E+00,  0.0000000E+00,  0.0000000E+00,  0.0000000E+00,  0.1971936E+07,  0.0000000E+00,  0.0000000E+00,  0.0000000E+00,  0.0000000E+00,  0.1433404E+07,  0.0000000E+00,  0.3243400E+03,  0.1093347E+06,  0.7055591E+05,  0.3225038E+02,  0.0000000E+00,  0.0000000E+00,  0.0000000E+00,  0.4617167E+04,  0.1078470E+06,  0.7625483E+05,  0.0000000E+00,   17
09/25/2011,  0.2777946E+07,  0.0000000E+00,  0.0000000E+00,  0.6694542E+05,  0.0000000E+00,  0.1549352E+07,  0.0000000E+00,  0.0000000E+00,  0.0000000E+00,  0.0000000E+00,  0.1405666E+09,  0.5495747E+07,  0.5830857E+08,  0.1834491E+11,  0.0000000E+00,  0.4158548E+09,  0.0000000E+00,  0.0000000E+00,  0.0000000E+00,  0.0000000E+00,  0.2272320E+07,  0.0000000E+00,  0.0000000E+00,  0.0000000E+00,  0.0000000E+00,  0.1031684E+07,  0.0000000E+00,  0.2136733E+03,  0.6310833E+05,  0.4787590E+05,  0.3189687E+02,  0.0000000E+00,  0.0000000E+00,  0.0000000E+00,  0.4743173E+04,  0.1085184E+06,  0.7363905E+05,  0.0000000E+00,   23
09/26/2011,  0.2611522E+07,  0.0000000E+00,  0.0000000E+00,  0.6903461E+05,  0.0000000E+00,  0.1536948E+07,  0.0000000E+00,  0.0000000E+00,  0.0000000E+00,  0.0000000E+00,  0.1393273E+09,  0.5487730E+07,  0.5820866E+08,  0.1834442E+11,  0.0000000E+00,  0.4157896E+09,  0.0000000E+00,  0.0000000E+00,  0.0000000E+00,  0.0000000E+00,  0.2097504E+07,  0.0000000E+00,  0.0000000E+00,  0.0000000E+00,  0.0000000E+00,  0.1284254E+07,  0.0000000E+00,  0.2580673E+03,  0.7996792E+05,  0.5676432E+05,  0.3152528E+02,  0.0000000E+00,  0.0000000E+00,  0.0000000E+00,  0.5034965E+04,  0.1109700E+06,  0.1049531E+06,  0.0000000E+00,   23
09/27/2011,  0.2296762E+07,  0.0000000E+00,  0.0000000E+00,  0.6853519E+05,  0.0000000E+00,  0.1536216E+07,  0.0000000E+00,  0.0000000E+00,  0.0000000E+00,  0.0000000E+00,  0.1379580E+09,  0.5475327E+07,  0.5814094E+08,  0.1834389E+11,  0.0000000E+00,  0.4157196E+09,  0.0000000E+00,  0.0000000E+00,  0.0000000E+00,  0.0000000E+00,  0.1803744E+07,  0.0000000E+00,  0.0000000E+00,  0.0000000E+00,  0.0000000E+00,  0.1415494E+07,  0.0000000E+00,  0.2867364E+03,  0.1043318E+06,  0.6312914E+05,  0.3116241E+02,  0.0000000E+00,  0.0000000E+00,  0.0000000E+00,  0.4953465E+04,  0.1073446E+06,  0.7265116E+05,  0.0000000E+00,   17
09/28/2011,  0.2387853E+07,  0.0000000E+00,  0.0000000E+00,  0.6800880E+05,  0.0000000E+00,  0.1521250E+07,  0.0000000E+00,  0.0000000E+00,  0.0000000E+00,  0.0000000E+00,  0.1364958E+09,  0.5460197E+07,  0.5807464E+08,  0.1834336E+11,  0.0000000E+00,  0.4156435E+09,  0.0000000E+00,  0.0000000E+00,  0.0000000E+00,  0.0000000E+00,  0.1886400E+07,  0.0000000E+00,  0.0000000E+00,  0.0000000E+00,  0.0000000E+00,  0.1511009E+07,  0.0000000E+00,  0.3245987E+03,  0.9785854E+05,  0.7217293E+05,  0.3083912E+02,  0.0000000E+00,  0.0000000E+00,  0.0000000E+00,  0.5184170E+04,  0.1068085E+06,  0.7141854E+05,  0.0000000E+00,   23
09/29/2011,  0.2458904E+07,  0.0000000E+00,  0.0000000E+00,  0.6715512E+05,  0.0000000E+00,  0.1517609E+07,  0.0000000E+00,  0.0000000E+00,  0.0000000E+00,  0.0000000E+00,  0.1351941E+09,  0.5443489E+07,  0.5797597E+08,  0.1834287E+11,  0.0000000E+00,  0.4155728E+09,  0.0000000E+00,  0.0000000E+00,  0.0000000E+00,  0.0000000E+00,  0.1971936E+07,  0.0000000E+00,  0.0000000E+00,  0.0000000E+00,  0.0000000E+00,  0.1355772E+07,  0.0000000E+00,  0.2979444E+03,  0.8043032E+05,  0.6751405E+05,  0.3052571E+02,  0.0000000E+00,  0.0000000E+00,  0.0000000E+00,  0.4847654E+04,  0.1094497E+06,  0.1034697E+06,  0.0000000E+00,   25
09/30/2011,  0.2883227E+07,  0.0000000E+00,  0.0000000E+00,  0.6748042E+05,  0.0000000E+00,  0.1525632E+07,  0.0000000E+00,  0.0000000E+00,  0.0000000E+00,  0.0000000E+00,  0.1341066E+09,  0.5429352E+07,  0.5791168E+08,  0.1834236E+11,  0.0000000E+00,  0.4155100E+09,  0.0000000E+00,  0.0000000E+00,  0.0000000E+00,  0.0000000E+00,  0.2422080E+07,  0.0000000E+00,  0.0000000E+00,  0.0000000E+00,  0.0000000E+00,  0.1136272E+07,  0.0000000E+00,  0.2401620E+03,  0.9486378E+05,  0.5664335E+05,  0.3022157E+02,  0.0000000E+00,  0.0000000E+00,  0.0000000E+00,  0.4791835E+04,  0.1069000E+06,  0.6909320E+05,  0.0000000E+00,   19
10/01/2011,  0.3118913E+07,  0.0000000E+00,  0.0000000E+00,  0.6747976E+05,  0.0000000E+00,  0.1129139E+07,  0.0000000E+00,  0.0000000E+00,  0.0000000E+00,  0.0000000E+00,  0.1340694E+09,  0.5413085E+07,  0.5784866E+08,  0.1834166E+11,  0.0000000E+00,  0.4156572E+09,  0.0000000E+00,  0.0000000E+00,  0.0000000E+00,  0.0000000E+00,  0.2673504E+07,  0.0000000E+00,  0.0000000E+00,  0.0000000E+00,  0.0000000E+00,  0.7694603E+05,  0.5757022E+03,  0.2151580E+03,  0.8393956E+05,  0.5267399E+05,  0.2992617E+02,  0.0000000E+00,  0.0000000E+00,  0.0000000E+00,  0.5909796E+04,  0.9680433E+05,  0.6895685E+05,  0.0000000E+00,   50
10/02/2011,  0.2956816E+07,  0.0000000E+00,  0.0000000E+00,  0.7069209E+05,  0.0000000E+00,  0.1120380E+07,  0.0000000E+00,  0.0000000E+00,  0.0000000E+00,  0.0000000E+00,  0.1340175E+09,  0.5413867E+07,  0.5778710E+08,  0.1834104E+11,  0.0000000E+00,  0.4157331E+09,  0.0000000E+00,  0.0000000E+00,  0.0000000E+00,  0.0000000E+00,  0.2524608E+07,  0.0000000E+00,  0.0000000E+00,  0.0000000E+00,  0.0000000E+00,  0.7086822E+05,  0.5736709E+03,  0.1966249E+03,  0.8457666E+05,  0.4845369E+05,  0.2968949E+02,  0.0000000E+00,  0.0000000E+00,  0.0000000E+00,  0.6288020E+04,  0.9679011E+05,  0.6789531E+05,  0.0000000E+00,   22
10/03/2011,  0.3430477E+07,  0.4590042E+05,  0.0000000E+00,  0.7702775E+05,  0.0000000E+00,  0.1168052E+07,  0.2315842E+07,  0.0000000E+00,  0.0000000E+00,  0.0000000E+00,  0.1467204E+09,  0.5890648E+07,  0.5810233E+08,  0.1834078E+11,  0.0000000E+00,  0.4158756E+09,  0.0000000E+00,  0.1729456E+08,  0.0000000E+00,  0.0000000E+00,  0.3002400E+07,  0.0000000E+00,  0.0000000E+00,  0.0000000E+00,  0.0000000E+00,  0.1814863E+06,  0.1844931E+03,  0.6369503E+04,  0.1795923E+06,  0.2232925E+05,  0.6906758E+02,  0.8964121E+03,  0.0000000E+00,  0.0000000E+00,  0.7457052E+06,  0.1070296E+06,  0.4243418E+06,  0.1407693E+08,   22
10/04/2011,  0.7888432E+07,  0.3039560E+06,  0.1732036E+04,  0.3992582E+06,  0.0000000E+00,  0.1718699E+07,  0.2315842E+07,  0.0000000E+00,  0.0000000E+00,  0.0000000E+00,  0.2193213E+09,  0.1128203E+08,  0.5876209E+08,  0.1834118E+11,  0.0000000E+00,  0.4163462E+09,  0.0000000E+00,  0.8650600E+08,  0.0000000E+00,  0.0000000E+00,  0.7394688E+07,  0.0000000E+00,  0.0000000E+00,  0.0000000E+00,  0.0000000E+00,  0.9420587E+06,  0.0000000E+00,  0.1394083E+05,  0.2020329E+06,  0.2082234E+05,  0.1847572E+05,  0.5164403E+04,  0.0000000E+00,  0.0000000E+00,  0.1217521E+07,  0.1338668E+06,  0.5440675E+06,  0.8043744E+08,   25
10/05/2011,  0.1297021E+08,  0.1741007E+06,  0.7791522E+01,  0.3745143E+06,  0.0000000E+00,  0.1510981E+07,  0.1973196E+07,  0.0000000E+00,  0.0000000E+00,  0.0000000E+00,  0.2564555E+09,  0.1300628E+08,  0.5915634E+08,  0.1834134E+11,  0.0000000E+00,  0.4164644E+09,  0.0000000E+00,  0.4454612E+08,  0.0000000E+00,  0.0000000E+00,  0.1240099E+08,  0.3426455E+06,  0.0000000E+00,  0.0000000E+00,  0.0000000E+00,  0.1380127E+07,  0.0000000E+00,  0.2525374E+05,  0.1841174E+06,  0.2645650E+05,  0.4939978E+04,  0.1939809E+04,  0.0000000E+00,  0.0000000E+00,  0.9068531E+06,  0.1488124E+06,  0.4877339E+06,  0.4137604E+08,  119
10/06/2011,  0.1018587E+08,  0.1015493E+06,  0.0000000E+00,  0.3368800E+06,  0.0000000E+00,  0.1315717E+07,  0.2315842E+07,  0.0000000E+00,  0.0000000E+00,  0.0000000E+00,  0.2749578E+09,  0.1369035E+08,  0.5953661E+08,  0.1834129E+11,  0.0000000E+00,  0.4165801E+09,  0.0000000E+00,  0.2398443E+08,  0.0000000E+00,  0.0000000E+00,  0.9510624E+07,  0.0000000E+00,  0.0000000E+00,  0.0000000E+00,  0.0000000E+00,  0.1784332E+07,  0.0000000E+00,  0.1682801E+05,  0.1721292E+06,  0.1668278E+05,  0.2688824E+04,  0.1483620E+04,  0.0000000E+00,  0.0000000E+00,  0.8651224E+06,  0.1624268E+06,  0.4681265E+06,  0.2201292E+08,   14
10/07/2011,  0.8277715E+07,  0.0000000E+00,  0.0000000E+00,  0.2862245E+06,  0.0000000E+00,  0.1192219E+07,  0.1748611E+06,  0.0000000E+00,  0.0000000E+00,  0.0000000E+00,  0.2718463E+09,  0.1299013E+08,  0.5951555E+08,  0.1834092E+11,  0.0000000E+00,  0.4165905E+09,  0.0000000E+00,  0.0000000E+00,  0.0000000E+00,  0.0000000E+00,  0.7735392E+07,  0.2140981E+07,  0.0000000E+00,  0.0000000E+00,  0.0000000E+00,  0.3299123E+07,  0.0000000E+00,  0.4129353E+05,  0.2863691E+06,  0.4117143E+05,  0.1797106E+04,  0.0000000E+00,  0.0000000E+00,  0.0000000E+00,  0.3745403E+06,  0.1499755E+06,  0.3554688E+06,  0.0000000E+00,   83
10/08/2011,  0.4318387E+07,  0.0000000E+00,  0.0000000E+00,  0.2512150E+06,  0.0000000E+00,  0.1099211E+07,  0.4965599E+04,  0.0000000E+00,  0.0000000E+00,  0.0000000E+00,  0.2671175E+09,  0.1237454E+08,  0.5949347E+08,  0.1834045E+11,  0.0000000E+00,  0.4166095E+09,  0.0000000E+00,  0.0000000E+00,  0.0000000E+00,  0.0000000E+00,  0.3724992E+07,  0.1698955E+06,  0.0000000E+00,  0.0000000E+00,  0.0000000E+00,  0.4896936E+07,  0.0000000E+00,  0.5013296E+05,  0.3032307E+06,  0.4698116E+05,  0.1407648E+04,  0.0000000E+00,  0.0000000E+00,  0.0000000E+00,  0.3311479E+06,  0.1362153E+06,  0.3037564E+06,  0.0000000E+00,   13
10/09/2011,  0.3610654E+07,  0.0000000E+00,  0.0000000E+00,  0.2229163E+06,  0.0000000E+00,  0.1111503E+07,  0.5463656E+03,  0.0000000E+00,  0.0000000E+00,  0.0000000E+00,  0.2625471E+09,  0.1184135E+08,  0.5945142E+08,  0.1834002E+11,  0.0000000E+00,  0.4166308E+09,  0.0000000E+00,  0.0000000E+00,  0.0000000E+00,  0.0000000E+00,  0.3086784E+07,  0.4419233E+04,  0.0000000E+00,  0.0000000E+00,  0.0000000E+00,  0.4719165E+07,  0.0000000E+00,  0.5305554E+05,  0.2735300E+06,  0.5056598E+05,  0.1156570E+04,  0.0000000E+00,  0.0000000E+00,  0.0000000E+00,  0.2915357E+06,  0.1311678E+06,  0.2807360E+06,  0.0000000E+00,   11
10/10/2011,  0.3158886E+07,  0.1180868E+06,  0.1577400E+04,  0.2896603E+06,  0.0000000E+00,  0.1260843E+07,  0.2315842E+07,  0.0000000E+00,  0.0000000E+00,  0.0000000E+00,  0.2825246E+09,  0.1281931E+08,  0.5979989E+08,  0.1833991E+11,  0.0000000E+00,  0.4167785E+09,  0.0000000E+00,  0.2948141E+08,  0.0000000E+00,  0.0000000E+00,  0.2606688E+07,  0.0000000E+00,  0.0000000E+00,  0.0000000E+00,  0.0000000E+00,  0.3185081E+07,  0.0000000E+00,  0.4056336E+05,  0.2153278E+06,  0.3430456E+05,  0.1910551E+04,  0.1735296E+04,  0.0000000E+00,  0.0000000E+00,  0.8976641E+06,  0.1480254E+06,  0.5088437E+06,  0.2518331E+08,   18
10/11/2011,  0.2736726E+07,  0.1453511E+05,  0.8753338E+03,  0.2486411E+06,  0.0000000E+00,  0.1153162E+07,  0.2177801E+07,  0.0000000E+00,  0.0000000E+00,  0.0000000E+00,  0.2795527E+09,  0.1232572E+08,  0.5985338E+08,  0.1833956E+11,  0.0000000E+00,  0.4168048E+09,  0.0000000E+00,  0.3095700E+07,  0.0000000E+00,  0.0000000E+00,  0.2232000E+07,  0.1380405E+06,  0.0000000E+00,  0.0000000E+00,  0.0000000E+00,  0.5866009E+07,  0.0000000E+00,  0.5421033E+05,  0.3439408E+06,  0.4625509E+05,  0.1261912E+04,  0.2354040E+03,  0.0000000E+00,  0.0000000E+00,  0.4925641E+06,  0.1443501E+06,  0.3849968E+06,  0.2999565E+07,   66
10/12/2011,  0.2603722E+07,  0.0000000E+00,  0.4541872E+03,  0.2217978E+06,  0.0000000E+00,  0.1118849E+07,  0.6235457E+05,  0.0000000E+00,  0.0000000E+00,  0.0000000E+00,  0.2749066E+09,  0.1178985E+08,  0.5979059E+08,  0.1833918E+11,  0.0000000E+00,  0.4168237E+09,  0.0000000E+00,  0.0000000E+00,  0.0000000E+00,  0.0000000E+00,  0.2131488E+07,  0.2115447E+07,  0.0000000E+00,  0.0000000E+00,  0.0000000E+00,  0.4813452E+07,  0.0000000E+00,  0.5038437E+05,  0.2344196E+06,  0.4597546E+05,  0.1067582E+04,  0.0000000E+00,  0.0000000E+00,  0.0000000E+00,  0.2856087E+06,  0.1403651E+06,  0.2984056E+06,  0.0000000E+00,   16
10/13/2011,  0.2694578E+07,  0.0000000E+00,  0.3083651E+03,  0.2033362E+06,  0.0000000E+00,  0.1112786E+07,  0.4262053E+04,  0.0000000E+00,  0.0000000E+00,  0.0000000E+00,  0.2692810E+09,  0.1132278E+08,  0.5972318E+08,  0.1833875E+11,  0.0000000E+00,  0.4168422E+09,  0.0000000E+00,  0.0000000E+00,  0.0000000E+00,  0.0000000E+00,  0.2251584E+07,  0.5809252E+05,  0.0000000E+00,  0.0000000E+00,  0.0000000E+00,  0.5762775E+07,  0.0000000E+00,  0.5569711E+05,  0.2133359E+06,  0.5033957E+05,  0.9137542E+03,  0.0000000E+00,  0.0000000E+00,  0.0000000E+00,  0.2602149E+06,  0.1348707E+06,  0.2722918E+06,  0.0000000E+00,   10
10/14/2011,  0.2968832E+07,  0.0000000E+00,  0.1224586E+03,  0.1855060E+06,  0.0000000E+00,  0.1101072E+07,  0.1016682E+04,  0.0000000E+00,  0.0000000E+00,  0.0000000E+00,  0.2644903E+09,  0.1090214E+08,  0.5963302E+08,  0.1833836E+11,  0.0000000E+00,  0.4168609E+09,  0.0000000E+00,  0.0000000E+00,  0.0000000E+00,  0.0000000E+00,  0.2532960E+07,  0.3245371E+04,  0.0000000E+00,  0.0000000E+00,  0.0000000E+00,  0.4919414E+07,  0.0000000E+00,  0.5385529E+05,  0.2094224E+06,  0.5183832E+05,  0.7825327E+03,  0.0000000E+00,  0.0000000E+00,  0.0000000E+00,  0.2365380E+06,  0.1309526E+06,  0.2731656E+06,  0.0000000E+00,   17
10/15/2011,  0.2928574E+07,  0.0000000E+00,  0.5033733E+02,  0.1715551E+06,  0.0000000E+00,  0.1086636E+07,  0.4051214E+03,  0.0000000E+00,  0.0000000E+00,  0.0000000E+00,  0.2602628E+09,  0.1052407E+08,  0.5953647E+08,  0.1833796E+11,  0.0000000E+00,  0.4168818E+09,  0.0000000E+00,  0.0000000E+00,  0.0000000E+00,  0.0000000E+00,  0.2499552E+07,  0.6115604E+03,  0.0000000E+00,  0.0000000E+00,  0.0000000E+00,  0.4343457E+07,  0.0000000E+00,  0.4805933E+05,  0.2057402E+06,  0.4982839E+05,  0.6811335E+03,  0.0000000E+00,  0.0000000E+00,  0.0000000E+00,  0.2184123E+06,  0.1285383E+06,  0.2672257E+06,  0.0000000E+00,   99
10/16/2011,  0.2702721E+07,  0.0000000E+00,  0.2013207E+02,  0.1601135E+06,  0.0000000E+00,  0.1075946E+07,  0.2029823E+03,  0.0000000E+00,  0.0000000E+00,  0.0000000E+00,  0.2564309E+09,  0.1018836E+08,  0.5945044E+08,  0.1833754E+11,  0.0000000E+00,  0.4169040E+09,  0.0000000E+00,  0.0000000E+00,  0.0000000E+00,  0.0000000E+00,  0.2275776E+07,  0.2021391E+03,  0.0000000E+00,  0.0000000E+00,  0.0000000E+00,  0.3937261E+07,  0.0000000E+00,  0.4242819E+05,  0.2166547E+06,  0.4740707E+05,  0.6053832E+03,  0.0000000E+00,  0.0000000E+00,  0.0000000E+00,  0.1952246E+06,  0.1255973E+06,  0.2391341E+06,  0.0000000E+00,   14
10/17/2011,  0.2501752E+07,  0.0000000E+00,  0.0000000E+00,  0.1508626E+06,  0.0000000E+00,  0.1071187E+07,  0.9929186E+02,  0.0000000E+00,  0.0000000E+00,  0.0000000E+00,  0.2528344E+09,  0.9890474E+07,  0.5936119E+08,  0.1833712E+11,  0.0000000E+00,  0.4169232E+09,  0.0000000E+00,  0.0000000E+00,  0.0000000E+00,  0.0000000E+00,  0.2073312E+07,  0.1036904E+03,  0.0000000E+00,  0.0000000E+00,  0.0000000E+00,  0.3691934E+07,  0.0000000E+00,  0.4042922E+05,  0.2254329E+06,  0.4965736E+05,  0.5367928E+03,  0.0000000E+00,  0.0000000E+00,  0.0000000E+00,  0.1742979E+06,  0.1232438E+06,  0.2234328E+06,  0.0000000E+00,   12
10/18/2011,  0.2120307E+07,  0.0000000E+00,  0.0000000E+00,  0.1425003E+06,  0.0000000E+00,  0.1063908E+07,  0.5310151E+02,  0.0000000E+00,  0.0000000E+00,  0.0000000E+00,  0.2493145E+09,  0.9615671E+07,  0.5926363E+08,  0.1833667E+11,  0.0000000E+00,  0.4169408E+09,  0.0000000E+00,  0.0000000E+00,  0.0000000E+00,  0.0000000E+00,  0.1700928E+07,  0.4619034E+02,  0.0000000E+00,  0.0000000E+00,  0.0000000E+00,  0.3608777E+07,  0.0000000E+00,  0.3707690E+05,  0.1658914E+06,  0.5082065E+05,  0.4797060E+03,  0.0000000E+00,  0.0000000E+00,  0.0000000E+00,  0.1630228E+06,  0.1200517E+06,  0.2237442E+06,  0.0000000E+00,   17
10/19/2011,  0.2331406E+07,  0.0000000E+00,  0.0000000E+00,  0.1352271E+06,  0.0000000E+00,  0.1068784E+07,  0.4079989E+02,  0.0000000E+00,  0.0000000E+00,  0.0000000E+00,  0.2466438E+09,  0.9368110E+07,  0.5917225E+08,  0.1833630E+11,  0.0000000E+00,  0.4169663E+09,  0.0000000E+00,  0.0000000E+00,  0.0000000E+00,  0.0000000E+00,  0.1933344E+07,  0.1230162E+02,  0.0000000E+00,  0.0000000E+00,  0.0000000E+00,  0.2755460E+07,  0.0000000E+00,  0.2562960E+05,  0.1482196E+06,  0.3895080E+05,  0.4312777E+03,  0.0000000E+00,  0.0000000E+00,  0.0000000E+00,  0.1481834E+06,  0.1210162E+06,  0.2141563E+06,  0.0000000E+00,   11
10/20/2011,  0.2669608E+07,  0.0000000E+00,  0.0000000E+00,  0.1304050E+06,  0.0000000E+00,  0.1073039E+07,  0.3676003E+02,  0.0000000E+00,  0.0000000E+00,  0.0000000E+00,  0.2439732E+09,  0.9151608E+07,  0.5907845E+08,  0.1833593E+11,  0.0000000E+00,  0.4169891E+09,  0.0000000E+00,  0.0000000E+00,  0.0000000E+00,  0.0000000E+00,  0.2274912E+07,  0.4039862E+01,  0.0000000E+00,  0.0000000E+00,  0.0000000E+00,  0.2744887E+07,  0.1314446E+03,  0.2322933E+05,  0.2048145E+06,  0.3921929E+05,  0.3927589E+03,  0.0000000E+00,  0.0000000E+00,  0.0000000E+00,  0.1320704E+06,  0.1206459E+06,  0.2028531E+06,  0.0000000E+00,   12
10/21/2011,  0.2457046E+07,  0.0000000E+00,  0.0000000E+00,  0.1257096E+06,  0.0000000E+00,  0.1064818E+07,  0.3368177E+02,  0.0000000E+00,  0.0000000E+00,  0.0000000E+00,  0.2412940E+09,  0.8952163E+07,  0.5898526E+08,  0.1833551E+11,  0.0000000E+00,  0.4170090E+09,  0.0000000E+00,  0.0000000E+00,  0.0000000E+00,  0.0000000E+00,  0.2048544E+07,  0.3078264E+01,  0.0000000E+00,  0.0000000E+00,  0.0000000E+00,  0.2748939E+07,  0.1401449E+03,  0.2160712E+05,  0.1892747E+06,  0.4069885E+05,  0.3577132E+03,  0.0000000E+00,  0.0000000E+00,  0.0000000E+00,  0.1222398E+06,  0.1185608E+06,  0.1940322E+06,  0.0000000E+00,   14
10/22/2011,  0.2795963E+07,  0.0000000E+00,  0.0000000E+00,  0.1213065E+06,  0.0000000E+00,  0.1073718E+07,  0.3148837E+02,  0.0000000E+00,  0.0000000E+00,  0.0000000E+00,  0.2385611E+09,  0.8764891E+07,  0.5889133E+08,  0.1833509E+11,  0.0000000E+00,  0.4170258E+09,  0.0000000E+00,  0.0000000E+00,  0.0000000E+00,  0.0000000E+00,  0.2394144E+07,  0.2193397E+01,  0.0000000E+00,  0.0000000E+00,  0.0000000E+00,  0.2799240E+07,  0.1534112E+03,  0.2041636E+05,  0.1406041E+06,  0.4234717E+05,  0.3260415E+03,  0.0000000E+00,  0.0000000E+00,  0.0000000E+00,  0.1160154E+06,  0.1167328E+06,  0.1897467E+06,  0.0000000E+00,   12
10/23/2011,  0.2789877E+07,  0.0000000E+00,  0.0000000E+00,  0.1171495E+06,  0.0000000E+00,  0.1070405E+07,  0.3019438E+02,  0.0000000E+00,  0.0000000E+00,  0.0000000E+00,  0.2359681E+09,  0.8590171E+07,  0.5880127E+08,  0.1833465E+11,  0.0000000E+00,  0.4170383E+09,  0.0000000E+00,  0.0000000E+00,  0.0000000E+00,  0.0000000E+00,  0.2445120E+07,  0.1293990E+01,  0.0000000E+00,  0.0000000E+00,  0.0000000E+00,  0.2657034E+07,  0.1473836E+03,  0.1906462E+05,  0.1055378E+06,  0.4433414E+05,  0.2996861E+03,  0.0000000E+00,  0.0000000E+00,  0.0000000E+00,  0.1082284E+06,  0.1149294E+06,  0.1794467E+06,  0.0000000E+00,    7
10/24/2011,  0.2445541E+07,  0.0000000E+00,  0.0000000E+00,  0.1131813E+06,  0.0000000E+00,  0.1059419E+07,  0.2968085E+02,  0.0000000E+00,  0.0000000E+00,  0.0000000E+00,  0.2337475E+09,  0.8431719E+07,  0.5871132E+08,  0.1833425E+11,  0.0000000E+00,  0.4170529E+09,  0.0000000E+00,  0.0000000E+00,  0.0000000E+00,  0.0000000E+00,  0.2013984E+07,  0.5135287E+00,  0.0000000E+00,  0.0000000E+00,  0.0000000E+00,  0.2281519E+07,  0.1300005E+03,  0.1587808E+05,  0.1303751E+06,  0.4078749E+05,  0.2760319E+03,  0.0000000E+00,  0.0000000E+00,  0.0000000E+00,  0.9843449E+05,  0.1143454E+06,  0.1727144E+06,  0.0000000E+00,   13
10/25/2011,  0.2419628E+07,  0.0000000E+00,  0.0000000E+00,  0.1104671E+06,  0.0000000E+00,  0.1064414E+07,  0.2958848E+02,  0.0000000E+00,  0.0000000E+00,  0.0000000E+00,  0.2319571E+09,  0.8287792E+07,  0.5862481E+08,  0.1833382E+11,  0.0000000E+00,  0.4170691E+09,  0.0000000E+00,  0.0000000E+00,  0.0000000E+00,  0.0000000E+00,  0.1926720E+07,  0.9236855E-01,  0.0000000E+00,  0.0000000E+00,  0.0000000E+00,  0.1846834E+07,  0.1130644E+03,  0.1208288E+05,  0.1674161E+06,  0.3322088E+05,  0.2546993E+03,  0.0000000E+00,  0.0000000E+00,  0.0000000E+00,  0.9135493E+05,  0.1146388E+06,  0.1659747E+06,  0.0000000E+00,    2
10/26/2011,  0.2283442E+07,  0.0000000E+00,  0.0000000E+00,  0.1079977E+06,  0.0000000E+00,  0.1069916E+07,  0.2958848E+02,  0.0000000E+00,  0.0000000E+00,  0.0000000E+00,  0.2302952E+09,  0.8155303E+07,  0.5853944E+08,  0.1833341E+11,  0.0000000E+00,  0.4170866E+09,  0.0000000E+00,  0.0000000E+00,  0.0000000E+00,  0.0000000E+00,  0.1885248E+07,  0.0000000E+00,  0.0000000E+00,  0.0000000E+00,  0.0000000E+00,  0.1715930E+07,  0.1119534E+03,  0.1050284E+05,  0.1159574E+06,  0.3074176E+05,  0.2369373E+03,  0.0000000E+00,  0.0000000E+00,  0.0000000E+00,  0.8558305E+05,  0.1153522E+06,  0.1606617E+06,  0.0000000E+00,   44
10/27/2011,  0.2368215E+07,  0.0000000E+00,  0.0000000E+00,  0.1061211E+06,  0.0000000E+00,  0.1075649E+07,  0.2958848E+02,  0.0000000E+00,  0.0000000E+00,  0.0000000E+00,  0.2285958E+09,  0.8033567E+07,  0.5844211E+08,  0.1833302E+11,  0.0000000E+00,  0.4171015E+09,  0.0000000E+00,  0.0000000E+00,  0.0000000E+00,  0.0000000E+00,  0.1975968E+07,  0.0000000E+00,  0.0000000E+00,  0.0000000E+00,  0.0000000E+00,  0.1750113E+07,  0.1226461E+03,  0.1009359E+05,  0.9623094E+05,  0.3080650E+05,  0.2203041E+03,  0.0000000E+00,  0.0000000E+00,  0.0000000E+00,  0.8054974E+05,  0.1158490E+06,  0.1679828E+06,  0.0000000E+00,   46
10/28/2011,  0.2873657E+07,  0.0000000E+00,  0.0000000E+00,  0.1044008E+06,  0.0000000E+00,  0.1090262E+07,  0.2958848E+02,  0.0000000E+00,  0.0000000E+00,  0.0000000E+00,  0.2268808E+09,  0.7918125E+07,  0.5836030E+08,  0.1833262E+11,  0.0000000E+00,  0.4171138E+09,  0.0000000E+00,  0.0000000E+00,  0.0000000E+00,  0.0000000E+00,  0.2498688E+07,  0.0000000E+00,  0.0000000E+00,  0.0000000E+00,  0.0000000E+00,  0.1765372E+07,  0.1960948E+03,  0.9586911E+04,  0.1041168E+06,  0.3104951E+05,  0.2049852E+03,  0.0000000E+00,  0.0000000E+00,  0.0000000E+00,  0.7537467E+05,  0.1148224E+06,  0.1478013E+06,  0.0000000E+00,   10
10/29/2011,  0.2985337E+07,  0.0000000E+00,  0.0000000E+00,  0.1020541E+06,  0.0000000E+00,  0.1084552E+07,  0.2958848E+02,  0.0000000E+00,  0.0000000E+00,  0.0000000E+00,  0.2249173E+09,  0.7813430E+07,  0.5827658E+08,  0.1833221E+11,  0.0000000E+00,  0.4171180E+09,  0.0000000E+00,  0.0000000E+00,  0.0000000E+00,  0.0000000E+00,  0.2610144E+07,  0.0000000E+00,  0.0000000E+00,  0.0000000E+00,  0.0000000E+00,  0.2010377E+07,  0.2283822E+03,  0.1065012E+05,  0.1580486E+06,  0.3706955E+05,  0.1917456E+03,  0.0000000E+00,  0.0000000E+00,  0.0000000E+00,  0.6789469E+05,  0.1123569E+06,  0.1411620E+06,  0.0000000E+00,    9
10/30/2011,  0.2944759E+07,  0.0000000E+00,  0.0000000E+00,  0.1001920E+06,  0.0000000E+00,  0.1076438E+07,  0.2958848E+02,  0.0000000E+00,  0.0000000E+00,  0.0000000E+00,  0.2231437E+09,  0.7710679E+07,  0.5819252E+08,  0.1833179E+11,  0.0000000E+00,  0.4171217E+09,  0.0000000E+00,  0.0000000E+00,  0.0000000E+00,  0.0000000E+00,  0.2547936E+07,  0.0000000E+00,  0.0000000E+00,  0.0000000E+00,  0.0000000E+00,  0.1822324E+07,  0.2080599E+03,  0.9611542E+04,  0.1421994E+06,  0.3635958E+05,  0.1796202E+03,  0.0000000E+00,  0.0000000E+00,  0.0000000E+00,  0.6537805E+05,  0.1117116E+06,  0.1400333E+06,  0.0000000E+00,    9
10/31/2011,  0.2651503E+07,  0.0000000E+00,  0.0000000E+00,  0.9811073E+05,  0.0000000E+00,  0.1060299E+07,  0.2958848E+02,  0.0000000E+00,  0.0000000E+00,  0.0000000E+00,  0.2213126E+09,  0.7618383E+07,  0.5811042E+08,  0.1833138E+11,  0.0000000E+00,  0.4171209E+09,  0.0000000E+00,  0.0000000E+00,  0.0000000E+00,  0.0000000E+00,  0.2217024E+07,  0.0000000E+00,  0.0000000E+00,  0.0000000E+00,  0.0000000E+00,  0.1876603E+07,  0.2194092E+03,  0.9621231E+04,  0.1592256E+06,  0.3914664E+05,  0.1690888E+03,  0.0000000E+00,  0.0000000E+00,  0.0000000E+00,  0.5912025E+05,  0.1105955E+06,  0.1318041E+06,  0.0000000E+00,   10
11/01/2011,  0.2525848E+07,  0.0000000E+00,  0.0000000E+00,  0.9636227E+05,  0.0000000E+00,  0.1076576E+07,  0.2958848E+02,  0.0000000E+00,  0.0000000E+00,  0.0000000E+00,  0.2196518E+09,  0.7529675E+07,  0.5803094E+08,  0.1833093E+11,  0.0000000E+00,  0.4171195E+09,  0.0000000E+00,  0.0000000E+00,  0.0000000E+00,  0.0000000E+00,  0.2116800E+07,  0.0000000E+00,  0.0000000E+00,  0.0000000E+00,  0.0000000E+00,  0.1706415E+07,  0.2027004E+03,  0.8634619E+04,  0.1306739E+06,  0.3746231E+05,  0.1602748E+03,  0.0000000E+00,  0.0000000E+00,  0.0000000E+00,  0.5695881E+05,  0.1103491E+06,  0.1280037E+06,  0.0000000E+00,    8
11/02/2011,  0.2508325E+07,  0.0000000E+00,  0.0000000E+00,  0.9490896E+05,  0.0000000E+00,  0.1082589E+07,  0.2958848E+02,  0.0000000E+00,  0.0000000E+00,  0.0000000E+00,  0.2182887E+09,  0.7448240E+07,  0.5795355E+08,  0.1833049E+11,  0.0000000E+00,  0.4171207E+09,  0.0000000E+00,  0.0000000E+00,  0.0000000E+00,  0.0000000E+00,  0.2095200E+07,  0.0000000E+00,  0.0000000E+00,  0.0000000E+00,  0.0000000E+00,  0.1407003E+07,  0.1734110E+03,  0.6948770E+04,  0.1089445E+06,  0.3163418E+05,  0.1519056E+03,  0.0000000E+00,  0.0000000E+00,  0.0000000E+00,  0.5387817E+05,  0.1113509E+06,  0.1245183E+06,  0.0000000E+00,    4
11/03/2011,  0.3271288E+07,  0.7841339E+05,  0.0000000E+00,  0.1131907E+06,  0.0000000E+00,  0.1189912E+07,  0.2315842E+07,  0.0000000E+00,  0.0000000E+00,  0.0000000E+00,  0.2339723E+09,  0.8264392E+07,  0.5829538E+08,  0.1833037E+11,  0.0000000E+00,  0.4172288E+09,  0.0000000E+00,  0.2220264E+08,  0.0000000E+00,  0.0000000E+00,  0.2865024E+07,  0.0000000E+00,  0.0000000E+00,  0.0000000E+00,  0.0000000E+00,  0.1356239E+07,  0.8003241E+02,  0.1350890E+05,  0.2378979E+06,  0.2710821E+05,  0.8644639E+03,  0.1548264E+04,  0.0000000E+00,  0.0000000E+00,  0.8335857E+06,  0.1195167E+06,  0.4784469E+06,  0.1868415E+08,   15
11/04/2011,  0.3808599E+07,  0.0000000E+00,  0.0000000E+00,  0.1117087E+06,  0.0000000E+00,  0.1112676E+07,  0.1169451E+07,  0.0000000E+00,  0.0000000E+00,  0.0000000E+00,  0.2333477E+09,  0.8090317E+07,  0.5825140E+08,  0.1833003E+11,  0.0000000E+00,  0.4172231E+09,  0.0000000E+00,  0.0000000E+00,  0.0000000E+00,  0.0000000E+00,  0.3417120E+07,  0.1146391E+07,  0.0000000E+00,  0.0000000E+00,  0.0000000E+00,  0.6776317E+06,  0.3831279E+02,  0.1145991E+05,  0.9398152E+05,  0.2043087E+05,  0.4086096E+03,  0.0000000E+00,  0.0000000E+00,  0.0000000E+00,  0.1325733E+06,  0.1235991E+06,  0.1658082E+06,  0.0000000E+00,   35
11/05/2011,  0.5936237E+07,  0.3324343E+06,  0.2172464E+04,  0.4357680E+06,  0.0000000E+00,  0.1680735E+07,  0.2315842E+07,  0.0000000E+00,  0.0000000E+00,  0.0000000E+00,  0.2970116E+09,  0.1283489E+08,  0.5885007E+08,  0.1833052E+11,  0.0000000E+00,  0.4175196E+09,  0.0000000E+00,  0.7740607E+08,  0.0000000E+00,  0.0000000E+00,  0.5363712E+07,  0.0000000E+00,  0.0000000E+00,  0.0000000E+00,  0.0000000E+00,  0.1267285E+07,  0.0000000E+00,  0.8545588E+04,  0.1058061E+06,  0.1054631E+05,  0.8145215E+04,  0.4569664E+04,  0.0000000E+00,  0.0000000E+00,  0.1136653E+07,  0.1642029E+06,  0.5296264E+06,  0.7109430E+08,   23
11/06/2011,  0.3561352E+07,  0.0000000E+00,  0.1775790E+03,  0.2411634E+06,  0.0000000E+00,  0.1206092E+07,  0.1085737E+07,  0.0000000E+00,  0.0000000E+00,  0.0000000E+00,  0.2953397E+09,  0.1224654E+08,  0.5889900E+08,  0.1833028E+11,  0.0000000E+00,  0.4174809E+09,  0.0000000E+00,  0.0000000E+00,  0.0000000E+00,  0.0000000E+00,  0.3062016E+07,  0.1230105E+07,  0.0000000E+00,  0.0000000E+00,  0.0000000E+00,  0.1814865E+07,  0.0000000E+00,  0.2091336E+05,  0.1397405E+06,  0.2269716E+05,  0.1544858E+04,  0.0000000E+00,  0.0000000E+00,  0.0000000E+00,  0.3619374E+06,  0.1594158E+06,  0.2930176E+06,  0.0000000E+00,   19
11/07/2011,  0.3541033E+07,  0.0000000E+00,  0.4245307E+03,  0.2176611E+06,  0.0000000E+00,  0.1177779E+07,  0.3139264E+06,  0.0000000E+00,  0.0000000E+00,  0.0000000E+00,  0.2931987E+09,  0.1176394E+08,  0.5889470E+08,  0.1832999E+11,  0.0000000E+00,  0.4174580E+09,  0.0000000E+00,  0.0000000E+00,  0.0000000E+00,  0.0000000E+00,  0.2278368E+07,  0.7718104E+06,  0.0000000E+00,  0.0000000E+00,  0.0000000E+00,  0.2285534E+07,  0.0000000E+00,  0.2232838E+05,  0.1795558E+06,  0.2179286E+05,  0.1169720E+04,  0.0000000E+00,  0.0000000E+00,  0.0000000E+00,  0.2747628E+06,  0.1559059E+06,  0.2569471E+06,  0.0000000E+00,    6
11/08/2011,  0.2776435E+07,  0.0000000E+00,  0.3668345E+03,  0.1995007E+06,  0.0000000E+00,  0.1184338E+07,  0.1109824E+06,  0.0000000E+00,  0.0000000E+00,  0.0000000E+00,  0.2907050E+09,  0.1132434E+08,  0.5887378E+08,  0.1832965E+11,  0.0000000E+00,  0.4174414E+09,  0.0000000E+00,  0.0000000E+00,  0.0000000E+00,  0.0000000E+00,  0.2295648E+07,  0.2029440E+06,  0.0000000E+00,  0.0000000E+00,  0.0000000E+00,  0.2641586E+07,  0.0000000E+00,  0.2162131E+05,  0.1418779E+06,  0.1972759E+05,  0.9695968E+03,  0.0000000E+00,  0.0000000E+00,  0.0000000E+00,  0.2436513E+06,  0.1527874E+06,  0.2431455E+06,  0.0000000E+00,    4
11/09/2011,  0.2759087E+07,  0.0000000E+00,  0.2836503E+03,  0.1849557E+06,  0.0000000E+00,  0.1181875E+07,  0.5945299E+05,  0.0000000E+00,  0.0000000E+00,  0.0000000E+00,  0.2880271E+09,  0.1092314E+08,  0.5883766E+08,  0.1832931E+11,  0.0000000E+00,  0.4174261E+09,  0.0000000E+00,  0.0000000E+00,  0.0000000E+00,  0.0000000E+00,  0.2224800E+07,  0.5152944E+05,  0.0000000E+00,  0.0000000E+00,  0.0000000E+00,  0.2821680E+07,  0.0000000E+00,  0.2172741E+05,  0.1220384E+06,  0.1976812E+05,  0.8184316E+03,  0.0000000E+00,  0.0000000E+00,  0.0000000E+00,  0.2208671E+06,  0.1494628E+06,  0.2354174E+06,  0.0000000E+00,    4
11/10/2011,  0.3031513E+07,  0.0000000E+00,  0.2030993E+03,  0.1730725E+06,  0.0000000E+00,  0.1175793E+07,  0.4139111E+05,  0.0000000E+00,  0.0000000E+00,  0.0000000E+00,  0.2851695E+09,  0.1055876E+08,  0.5878564E+08,  0.1832897E+11,  0.0000000E+00,  0.4174077E+09,  0.0000000E+00,  0.0000000E+00,  0.0000000E+00,  0.0000000E+00,  0.2642976E+07,  0.1806188E+05,  0.0000000E+00,  0.0000000E+00,  0.0000000E+00,  0.2991297E+07,  0.0000000E+00,  0.2637583E+05,  0.1438092E+06,  0.2419007E+05,  0.7056741E+03,  0.0000000E+00,  0.0000000E+00,  0.0000000E+00,  0.2022581E+06,  0.1455481E+06,  0.2280509E+06,  0.0000000E+00,    8
11/11/2011,  0.3246791E+07,  0.3047594E+05,  0.5864177E+03,  0.1687721E+06,  0.0000000E+00,  0.1205926E+07,  0.2260923E+07,  0.0000000E+00,  0.0000000E+00,  0.0000000E+00,  0.2896322E+09,  0.1050412E+08,  0.5893303E+08,  0.1832880E+11,  0.0000000E+00,  0.4174312E+09,  0.0000000E+00,  0.9044867E+07,  0.0000000E+00,  0.0000000E+00,  0.2805408E+07,  0.0000000E+00,  0.0000000E+00,  0.0000000E+00,  0.0000000E+00,  0.1396299E+07,  0.0000000E+00,  0.1361632E+05,  0.1207918E+06,  0.1214009E+05,  0.6207496E+03,  0.5243610E+03,  0.0000000E+00,  0.0000000E+00,  0.5119978E+06,  0.1561344E+06,  0.3511458E+06,  0.6330249E+07,   10
11/12/2011,  0.3156084E+07,  0.0000000E+00,  0.3608327E+03,  0.1635405E+06,  0.0000000E+00,  0.1154815E+07,  0.8681832E+06,  0.0000000E+00,  0.0000000E+00,  0.0000000E+00,  0.2879244E+09,  0.1021723E+08,  0.5886732E+08,  0.1832838E+11,  0.0000000E+00,  0.4174153E+09,  0.0000000E+00,  0.0000000E+00,  0.0000000E+00,  0.0000000E+00,  0.2692224E+07,  0.1392740E+07,  0.0000000E+00,  0.0000000E+00,  0.0000000E+00,  0.1811769E+07,  0.0000000E+00,  0.2585571E+05,  0.1005663E+06,  0.2350788E+05,  0.5752857E+03,  0.0000000E+00,  0.0000000E+00,  0.0000000E+00,  0.1704195E+06,  0.1519564E+06,  0.2107270E+06,  0.0000000E+00,   70
11/13/2011,  0.3135984E+07,  0.0000000E+00,  0.2282763E+03,  0.1551309E+06,  0.0000000E+00,  0.1149642E+07,  0.2320060E+06,  0.0000000E+00,  0.0000000E+00,  0.0000000E+00,  0.2855331E+09,  0.9943944E+07,  0.5877733E+08,  0.1832804E+11,  0.0000000E+00,  0.4173954E+09,  0.0000000E+00,  0.0000000E+00,  0.0000000E+00,  0.0000000E+00,  0.2604096E+07,  0.6361772E+06,  0.0000000E+00,  0.0000000E+00,  0.0000000E+00,  0.2494143E+07,  0.0000000E+00,  0.3094161E+05,  0.1694960E+06,  0.2795949E+05,  0.5086099E+03,  0.0000000E+00,  0.0000000E+00,  0.0000000E+00,  0.1608354E+06,  0.1461502E+06,  0.2200560E+06,  0.0000000E+00,    7
11/14/2011,  0.3048767E+07,  0.0000000E+00,  0.1229783E+03,  0.1478557E+06,  0.0000000E+00,  0.1144060E+07,  0.9266248E+05,  0.0000000E+00,  0.0000000E+00,  0.0000000E+00,  0.2831699E+09,  0.9680372E+07,  0.5869266E+08,  0.1832761E+11,  0.0000000E+00,  0.4173800E+09,  0.0000000E+00,  0.0000000E+00,  0.0000000E+00,  0.0000000E+00,  0.2001888E+07,  0.1393435E+06,  0.0000000E+00,  0.0000000E+00,  0.0000000E+00,  0.2466506E+07,  0.0000000E+00,  0.2385313E+05,  0.1212724E+06,  0.2185465E+05,  0.4553919E+03,  0.0000000E+00,  0.0000000E+00,  0.0000000E+00,  0.1528888E+06,  0.1410673E+06,  0.2138465E+06,  0.0000000E+00,    2
11/15/2011,  0.3038136E+07,  0.0000000E+00,  0.4997533E+02,  0.1403999E+06,  0.0000000E+00,  0.1135916E+07,  0.6012703E+05,  0.0000000E+00,  0.0000000E+00,  0.0000000E+00,  0.2806161E+09,  0.9441381E+07,  0.5859654E+08,  0.1832721E+11,  0.0000000E+00,  0.4173624E+09,  0.0000000E+00,  0.0000000E+00,  0.0000000E+00,  0.0000000E+00,  0.2095200E+07,  0.3253545E+05,  0.0000000E+00,  0.0000000E+00,  0.0000000E+00,  0.2648513E+07,  0.0000000E+00,  0.2608668E+05,  0.1241254E+06,  0.2437535E+05,  0.4099165E+03,  0.0000000E+00,  0.0000000E+00,  0.0000000E+00,  0.1401543E+06,  0.1367253E+06,  0.2103271E+06,  0.0000000E+00,    2
11/16/2011,  0.2533050E+07,  0.0000000E+00,  0.2013525E+02,  0.1334507E+06,  0.0000000E+00,  0.1126474E+07,  0.4592791E+05,  0.0000000E+00,  0.0000000E+00,  0.0000000E+00,  0.2780790E+09,  0.9225691E+07,  0.5849241E+08,  0.1832687E+11,  0.0000000E+00,  0.4173423E+09,  0.0000000E+00,  0.0000000E+00,  0.0000000E+00,  0.0000000E+00,  0.2023488E+07,  0.1419911E+05,  0.0000000E+00,  0.0000000E+00,  0.0000000E+00,  0.2624354E+07,  0.0000000E+00,  0.2887253E+05,  0.1420016E+06,  0.2810287E+05,  0.3724792E+03,  0.0000000E+00,  0.0000000E+00,  0.0000000E+00,  0.1305530E+06,  0.1359428E+06,  0.2059493E+06,  0.0000000E+00,    7
11/17/2011,  0.2327880E+07,  0.1545119E+05,  0.1690249E+03,  0.1310388E+06,  0.0000000E+00,  0.1144728E+07,  0.1886445E+07,  0.0000000E+00,  0.0000000E+00,  0.0000000E+00,  0.2793451E+09,  0.9127806E+07,  0.5852127E+08,  0.1832655E+11,  0.0000000E+00,  0.4173503E+09,  0.0000000E+00,  0.5409570E+07,  0.0000000E+00,  0.0000000E+00,  0.1874016E+07,  0.0000000E+00,  0.0000000E+00,  0.0000000E+00,  0.0000000E+00,  0.1797689E+07,  0.0000000E+00,  0.2348306E+05,  0.1220822E+06,  0.2223398E+05,  0.3396192E+03,  0.3264679E+03,  0.0000000E+00,  0.0000000E+00,  0.3471583E+06,  0.1388467E+06,  0.2949697E+06,  0.3305774E+07,   11
11/18/2011,  0.2797695E+07,  0.1300487E+06,  0.8766607E+03,  0.1842980E+06,  0.0000000E+00,  0.1302143E+07,  0.2315842E+07,  0.0000000E+00,  0.0000000E+00,  0.0000000E+00,  0.3017877E+09,  0.1053495E+08,  0.5885119E+08,  0.1832658E+11,  0.0000000E+00,  0.4174627E+09,  0.0000000E+00,  0.2765701E+08,  0.0000000E+00,  0.0000000E+00,  0.2330208E+07,  0.0000000E+00,  0.0000000E+00,  0.0000000E+00,  0.0000000E+00,  0.1149355E+07,  0.0000000E+00,  0.1066479E+05,  0.8750272E+05,  0.9566041E+04,  0.1541813E+04,  0.2169406E+04,  0.0000000E+00,  0.0000000E+00,  0.7961373E+06,  0.1608771E+06,  0.4556954E+06,  0.2582102E+08,   11
11/19/2011,  0.5110978E+07,  0.1768793E+06,  0.1939988E+04,  0.2793053E+06,  0.0000000E+00,  0.1450115E+07,  0.2315842E+07,  0.0000000E+00,  0.0000000E+00,  0.0000000E+00,  0.3300141E+09,  0.1245148E+08,  0.5926659E+08,  0.1832674E+11,  0.0000000E+00,  0.4176137E+09,  0.0000000E+00,  0.3472512E+08,  0.0000000E+00,  0.0000000E+00,  0.4601664E+07,  0.0000000E+00,  0.0000000E+00,  0.0000000E+00,  0.0000000E+00,  0.1416845E+07,  0.0000000E+00,  0.1238450E+05,  0.1022614E+06,  0.1027393E+05,  0.5427326E+04,  0.3046352E+04,  0.0000000E+00,  0.0000000E+00,  0.8964941E+06,  0.1868054E+06,  0.4688408E+06,  0.3255619E+08,   14
11/20/2011,  0.8190247E+07,  0.1555938E+06,  0.2671680E+04,  0.3351933E+06,  0.0000000E+00,  0.1475047E+07,  0.2315842E+07,  0.0000000E+00,  0.0000000E+00,  0.0000000E+00,  0.3530120E+09,  0.1390059E+08,  0.5964295E+08,  0.1832687E+11,  0.0000000E+00,  0.4177090E+09,  0.0000000E+00,  0.2840816E+08,  0.0000000E+00,  0.0000000E+00,  0.7652448E+07,  0.0000000E+00,  0.0000000E+00,  0.0000000E+00,  0.0000000E+00,  0.1376745E+07,  0.0000000E+00,  0.1135801E+05,  0.9980155E+05,  0.9053140E+04,  0.4109349E+04,  0.2380644E+04,  0.0000000E+00,  0.0000000E+00,  0.8264380E+06,  0.2046970E+06,  0.4388207E+06,  0.2678737E+08,   15
11/21/2011,  0.2051365E+07,  0.0000000E+00,  0.1064896E+04,  0.2769420E+06,  0.0000000E+00,  0.1193666E+07,  0.1228514E+07,  0.0000000E+00,  0.0000000E+00,  0.0000000E+00,  0.3512897E+09,  0.1332056E+08,  0.5957065E+08,  0.1832664E+11,  0.0000000E+00,  0.4176617E+09,  0.0000000E+00,  0.0000000E+00,  0.0000000E+00,  0.0000000E+00,  0.1429056E+07,  0.1087328E+07,  0.0000000E+00,  0.0000000E+00,  0.0000000E+00,  0.1907288E+07,  0.0000000E+00,  0.2171863E+05,  0.1262835E+06,  0.1823392E+05,  0.2178602E+04,  0.0000000E+00,  0.0000000E+00,  0.0000000E+00,  0.3022276E+06,  0.1874114E+06,  0.3543258E+06,  0.0000000E+00,   14
11/22/2011,  0.1986256E+07,  0.0000000E+00,  0.9431886E+03,  0.2510038E+06,  0.0000000E+00,  0.1226340E+07,  0.4311286E+06,  0.0000000E+00,  0.0000000E+00,  0.0000000E+00,  0.3489833E+09,  0.1278877E+08,  0.5950301E+08,  0.1832637E+11,  0.0000000E+00,  0.4176276E+09,  0.0000000E+00,  0.0000000E+00,  0.0000000E+00,  0.0000000E+00,  0.1120608E+07,  0.7973850E+06,  0.0000000E+00,  0.0000000E+00,  0.0000000E+00,  0.2487248E+07,  0.0000000E+00,  0.2523107E+05,  0.1667762E+06,  0.2019739E+05,  0.1724577E+04,  0.0000000E+00,  0.0000000E+00,  0.0000000E+00,  0.2761499E+06,  0.1788093E+06,  0.3194489E+06,  0.0000000E+00,    5
11/23/2011,  0.1722680E+07,  0.3096007E+05,  0.1150220E+04,  0.2377762E+06,  0.0000000E+00,  0.1263968E+07,  0.2205007E+07,  0.0000000E+00,  0.0000000E+00,  0.0000000E+00,  0.3518777E+09,  0.1258916E+08,  0.5956138E+08,  0.1832620E+11,  0.0000000E+00,  0.4176242E+09,  0.0000000E+00,  0.7518080E+07,  0.0000000E+00,  0.0000000E+00,  0.1482624E+07,  0.0000000E+00,  0.0000000E+00,  0.0000000E+00,  0.0000000E+00,  0.2121667E+07,  0.0000000E+00,  0.3012620E+05,  0.1392571E+06,  0.2229398E+05,  0.1456444E+04,  0.5086194E+03,  0.0000000E+00,  0.0000000E+00,  0.4579893E+06,  0.1855326E+06,  0.3699006E+06,  0.5329290E+07,    2
11/24/2011,  0.1641247E+07,  0.2640366E+04,  0.1157937E+04,  0.2219119E+06,  0.0000000E+00,  0.1233325E+07,  0.1343152E+07,  0.0000000E+00,  0.0000000E+00,  0.0000000E+00,  0.3504609E+09,  0.1219569E+08,  0.5948097E+08,  0.1832595E+11,  0.0000000E+00,  0.4176010E+09,  0.0000000E+00,  0.6411106E+06,  0.0000000E+00,  0.0000000E+00,  0.1725408E+07,  0.9124777E+06,  0.0000000E+00,  0.0000000E+00,  0.0000000E+00,  0.2008399E+07,  0.0000000E+00,  0.2231264E+05,  0.1313267E+06,  0.1690589E+05,  0.1251440E+04,  0.0000000E+00,  0.0000000E+00,  0.0000000E+00,  0.2495874E+06,  0.1842791E+06,  0.3080418E+06,  0.4877964E+06,    3
11/25/2011,  0.2207538E+07,  0.0000000E+00,  0.9505212E+03,  0.2082389E+06,  0.0000000E+00,  0.1210626E+07,  0.4339608E+06,  0.0000000E+00,  0.0000000E+00,  0.0000000E+00,  0.3474939E+09,  0.1178400E+08,  0.5936869E+08,  0.1832564E+11,  0.0000000E+00,  0.4175766E+09,  0.0000000E+00,  0.0000000E+00,  0.0000000E+00,  0.0000000E+00,  0.1557792E+07,  0.9091909E+06,  0.0000000E+00,  0.0000000E+00,  0.0000000E+00,  0.3115310E+07,  0.0000000E+00,  0.2627301E+05,  0.1764043E+06,  0.2005388E+05,  0.1058711E+04,  0.0000000E+00,  0.0000000E+00,  0.0000000E+00,  0.2304693E+06,  0.1773242E+06,  0.3167035E+06,  0.0000000E+00,    6
11/26/2011,  0.2049075E+07,  0.0000000E+00,  0.6867817E+03,  0.1944098E+06,  0.0000000E+00,  0.1200485E+07,  0.1855898E+06,  0.0000000E+00,  0.0000000E+00,  0.0000000E+00,  0.3441027E+09,  0.1138790E+08,  0.5925711E+08,  0.1832534E+11,  0.0000000E+00,  0.4175629E+09,  0.0000000E+00,  0.0000000E+00,  0.0000000E+00,  0.0000000E+00,  0.1526688E+07,  0.2483710E+06,  0.0000000E+00,  0.0000000E+00,  0.0000000E+00,  0.3547544E+07,  0.0000000E+00,  0.2419240E+05,  0.1555062E+06,  0.1784992E+05,  0.9059269E+03,  0.0000000E+00,  0.0000000E+00,  0.0000000E+00,  0.2184770E+06,  0.1746558E+06,  0.3060402E+06,  0.0000000E+00,    5
11/27/2011,  0.1990557E+07,  0.9008153E+03,  0.5144253E+03,  0.1826414E+06,  0.0000000E+00,  0.1199165E+07,  0.1647467E+06,  0.0000000E+00,  0.0000000E+00,  0.0000000E+00,  0.3409117E+09,  0.1101293E+08,  0.5907220E+08,  0.1832512E+11,  0.0000000E+00,  0.4175474E+09,  0.0000000E+00,  0.2923224E+06,  0.0000000E+00,  0.0000000E+00,  0.1517184E+07,  0.7674677E+05,  0.0000000E+00,  0.0000000E+00,  0.0000000E+00,  0.3519956E+07,  0.0000000E+00,  0.2345945E+05,  0.1328716E+06,  0.1753491E+05,  0.7863489E+03,  0.9878595E+01,  0.0000000E+00,  0.0000000E+00,  0.2113886E+06,  0.1762893E+06,  0.3730046E+06,  0.1729931E+06,   43
11/28/2011,  0.1562947E+07,  0.0000000E+00,  0.4166171E+03,  0.1720828E+06,  0.0000000E+00,  0.1179604E+07,  0.8629838E+05,  0.0000000E+00,  0.0000000E+00,  0.0000000E+00,  0.3379718E+09,  0.1067318E+08,  0.5894182E+08,  0.1832483E+11,  0.0000000E+00,  0.4175314E+09,  0.0000000E+00,  0.0000000E+00,  0.0000000E+00,  0.0000000E+00,  0.1072224E+07,  0.7844832E+05,  0.0000000E+00,  0.0000000E+00,  0.0000000E+00,  0.3087453E+07,  0.0000000E+00,  0.2166301E+05,  0.1128243E+06,  0.1662853E+05,  0.6934232E+03,  0.0000000E+00,  0.0000000E+00,  0.0000000E+00,  0.1904540E+06,  0.1714467E+06,  0.2993253E+06,  0.0000000E+00,   12
11/29/2011,  0.1546037E+07,  0.0000000E+00,  0.3647368E+03,  0.1635508E+06,  0.0000000E+00,  0.1186677E+07,  0.7211818E+05,  0.0000000E+00,  0.0000000E+00,  0.0000000E+00,  0.3349871E+09,  0.1037727E+08,  0.5882136E+08,  0.1832448E+11,  0.0000000E+00,  0.4175144E+09,  0.0000000E+00,  0.0000000E+00,  0.0000000E+00,  0.0000000E+00,  0.1031616E+07,  0.1418020E+05,  0.0000000E+00,  0.0000000E+00,  0.0000000E+00,  0.3116136E+07,  0.0000000E+00,  0.2360365E+05,  0.1135415E+06,  0.1854048E+05,  0.6138897E+03,  0.0000000E+00,  0.0000000E+00,  0.0000000E+00,  0.1691711E+06,  0.1692766E+06,  0.2661756E+06,  0.0000000E+00,    2
11/30/2011,  0.1536386E+07,  0.0000000E+00,  0.2975715E+03,  0.1551905E+06,  0.0000000E+00,  0.1179270E+07,  0.6328036E+05,  0.0000000E+00,  0.0000000E+00,  0.0000000E+00,  0.3316852E+09,  0.1009481E+08,  0.5868781E+08,  0.1832422E+11,  0.0000000E+00,  0.4174946E+09,  0.0000000E+00,  0.0000000E+00,  0.0000000E+00,  0.0000000E+00,  0.1173312E+07,  0.8837821E+04,  0.0000000E+00,  0.0000000E+00,  0.0000000E+00,  0.3422983E+07,  0.0000000E+00,  0.3040977E+05,  0.9021635E+05,  0.2461683E+05,  0.5496193E+03,  0.0000000E+00,  0.0000000E+00,  0.0000000E+00,  0.1688410E+06,  0.1634517E+06,  0.2721277E+06,  0.0000000E+00,    3
12/01/2011,  0.1612464E+07,  0.0000000E+00,  0.2392118E+03,  0.1478882E+06,  0.0000000E+00,  0.1177406E+07,  0.5738031E+05,  0.0000000E+00,  0.0000000E+00,  0.0000000E+00,  0.3285386E+09,  0.9836673E+07,  0.5855511E+08,  0.1832391E+11,  0.0000000E+00,  0.4174743E+09,  0.0000000E+00,  0.0000000E+00,  0.0000000E+00,  0.0000000E+00,  0.1314144E+07,  0.5900049E+04,  0.0000000E+00,  0.0000000E+00,  0.0000000E+00,  0.3262950E+07,  0.0000000E+00,  0.2989777E+05,  0.9920917E+05,  0.2488454E+05,  0.4911354E+03,  0.0000000E+00,  0.0000000E+00,  0.0000000E+00,  0.1554505E+06,  0.1622129E+06,  0.2583720E+06,  0.0000000E+00,    6
12/02/2011,  0.1760921E+07,  0.0000000E+00,  0.1877539E+03,  0.1422107E+06,  0.0000000E+00,  0.1183154E+07,  0.5261381E+05,  0.0000000E+00,  0.0000000E+00,  0.0000000E+00,  0.3252540E+09,  0.9596360E+07,  0.5842335E+08,  0.1832357E+11,  0.0000000E+00,  0.4174540E+09,  0.0000000E+00,  0.0000000E+00,  0.0000000E+00,  0.0000000E+00,  0.1426464E+07,  0.4766499E+04,  0.0000000E+00,  0.0000000E+00,  0.0000000E+00,  0.3394187E+07,  0.0000000E+00,  0.3006423E+05,  0.7854720E+05,  0.2585934E+05,  0.4435773E+03,  0.0000000E+00,  0.0000000E+00,  0.0000000E+00,  0.1478515E+06,  0.1599688E+06,  0.2496823E+06,  0.0000000E+00,    4
12/03/2011,  0.1761169E+07,  0.0000000E+00,  0.9885434E+02,  0.1368387E+06,  0.0000000E+00,  0.1176766E+07,  0.4999779E+05,  0.0000000E+00,  0.0000000E+00,  0.0000000E+00,  0.3230607E+09,  0.9380865E+07,  0.5830612E+08,  0.1832322E+11,  0.0000000E+00,  0.4174404E+09,  0.0000000E+00,  0.0000000E+00,  0.0000000E+00,  0.0000000E+00,  0.1425600E+07,  0.2616023E+04,  0.0000000E+00,  0.0000000E+00,  0.0000000E+00,  0.2301584E+07,  0.0000000E+00,  0.2011618E+05,  0.9518570E+05,  0.1774065E+05,  0.4023615E+03,  0.0000000E+00,  0.0000000E+00,  0.0000000E+00,  0.1273083E+06,  0.1574619E+06,  0.2245436E+06,  0.0000000E+00,    2
12/04/2011,  0.1862386E+07,  0.0000000E+00,  0.1179854E+03,  0.1322539E+06,  0.0000000E+00,  0.1165897E+07,  0.4760867E+05,  0.0000000E+00,  0.0000000E+00,  0.0000000E+00,  0.3205655E+09,  0.9186501E+07,  0.5819233E+08,  0.1832282E+11,  0.0000000E+00,  0.4174254E+09,  0.0000000E+00,  0.0000000E+00,  0.0000000E+00,  0.0000000E+00,  0.1424736E+07,  0.2389118E+04,  0.0000000E+00,  0.0000000E+00,  0.0000000E+00,  0.2588860E+07,  0.0000000E+00,  0.2109684E+05,  0.8251531E+05,  0.1902511E+05,  0.3651059E+03,  0.0000000E+00,  0.0000000E+00,  0.0000000E+00,  0.1222738E+06,  0.1543112E+06,  0.2151022E+06,  0.0000000E+00,    2
12/05/2011,  0.1490288E+07,  0.0000000E+00,  0.2589505E+02,  0.1275630E+06,  0.0000000E+00,  0.1155441E+07,  0.4616622E+05,  0.0000000E+00,  0.0000000E+00,  0.0000000E+00,  0.3188313E+09,  0.9011732E+07,  0.5807331E+08,  0.1832249E+11,  0.0000000E+00,  0.4174160E+09,  0.0000000E+00,  0.0000000E+00,  0.0000000E+00,  0.0000000E+00,  0.9849600E+06,  0.1442445E+04,  0.0000000E+00,  0.0000000E+00,  0.0000000E+00,  0.1828177E+07,  0.0000000E+00,  0.1325263E+05,  0.5921910E+05,  0.1209208E+05,  0.3339185E+03,  0.0000000E+00,  0.0000000E+00,  0.0000000E+00,  0.1085433E+06,  0.1556373E+06,  0.2144603E+06,  0.0000000E+00,    9
12/06/2011,  0.1443512E+07,  0.0000000E+00,  0.2013605E+02,  0.1251722E+06,  0.0000000E+00,  0.1176447E+07,  0.4481114E+05,  0.0000000E+00,  0.0000000E+00,  0.0000000E+00,  0.3169367E+09,  0.8854570E+07,  0.5797066E+08,  0.1832213E+11,  0.0000000E+00,  0.4174046E+09,  0.0000000E+00,  0.0000000E+00,  0.0000000E+00,  0.0000000E+00,  0.8562240E+06,  0.1355086E+04,  0.0000000E+00,  0.0000000E+00,  0.0000000E+00,  0.1978370E+07,  0.0000000E+00,  0.1449552E+05,  0.6467182E+05,  0.1358246E+05,  0.3058632E+03,  0.0000000E+00,  0.0000000E+00,  0.0000000E+00,  0.1021664E+06,  0.1542326E+06,  0.1904712E+06,  0.0000000E+00,    2
12/07/2011,  0.1430658E+07,  0.0000000E+00,  0.1986147E+02,  0.1218706E+06,  0.0000000E+00,  0.1169867E+07,  0.4364245E+05,  0.0000000E+00,  0.0000000E+00,  0.0000000E+00,  0.3150729E+09,  0.8700638E+07,  0.5787087E+08,  0.1832175E+11,  0.0000000E+00,  0.4173939E+09,  0.0000000E+00,  0.0000000E+00,  0.0000000E+00,  0.0000000E+00,  0.8665920E+06,  0.1168689E+04,  0.0000000E+00,  0.0000000E+00,  0.0000000E+00,  0.1946958E+07,  0.0000000E+00,  0.1292988E+05,  0.6089866E+05,  0.1228193E+05,  0.2828971E+03,  0.0000000E+00,  0.0000000E+00,  0.0000000E+00,  0.9938810E+05,  0.1507416E+06,  0.1863913E+06,  0.0000000E+00,    2
12/08/2011,  0.1315347E+07,  0.0000000E+00,  0.0000000E+00,  0.1181399E+06,  0.0000000E+00,  0.1178818E+07,  0.4259697E+05,  0.0000000E+00,  0.0000000E+00,  0.0000000E+00,  0.3131195E+09,  0.8559209E+07,  0.5777260E+08,  0.1832137E+11,  0.0000000E+00,  0.4173833E+09,  0.0000000E+00,  0.0000000E+00,  0.0000000E+00,  0.0000000E+00,  0.1199232E+07,  0.1045477E+04,  0.0000000E+00,  0.0000000E+00,  0.0000000E+00,  0.2033066E+07,  0.0000000E+00,  0.1213772E+05,  0.4837729E+05,  0.1177623E+05,  0.2614188E+03,  0.0000000E+00,  0.0000000E+00,  0.0000000E+00,  0.9305643E+05,  0.1496892E+06,  0.1793339E+06,  0.0000000E+00,    5
12/09/2011,  0.1609573E+07,  0.0000000E+00,  0.0000000E+00,  0.1158041E+06,  0.0000000E+00,  0.1195958E+07,  0.4178722E+05,  0.0000000E+00,  0.0000000E+00,  0.0000000E+00,  0.3112903E+09,  0.8427170E+07,  0.5767292E+08,  0.1832103E+11,  0.0000000E+00,  0.4173715E+09,  0.0000000E+00,  0.0000000E+00,  0.0000000E+00,  0.0000000E+00,  0.1501632E+07,  0.8097549E+03,  0.0000000E+00,  0.0000000E+00,  0.0000000E+00,  0.1907363E+07,  0.0000000E+00,  0.1281345E+05,  0.4738254E+05,  0.1298404E+05,  0.2417611E+03,  0.0000000E+00,  0.0000000E+00,  0.0000000E+00,  0.8768070E+05,  0.1499068E+06,  0.1746985E+06,  0.0000000E+00,    4
12/10/2011,  0.1879252E+07,  0.0000000E+00,  0.0000000E+00,  0.1134644E+06,  0.0000000E+00,  0.1181527E+07,  0.4104890E+05,  0.0000000E+00,  0.0000000E+00,  0.0000000E+00,  0.3093906E+09,  0.8305689E+07,  0.5757483E+08,  0.1832065E+11,  0.0000000E+00,  0.4173577E+09,  0.0000000E+00,  0.0000000E+00,  0.0000000E+00,  0.0000000E+00,  0.1500768E+07,  0.7383140E+03,  0.0000000E+00,  0.0000000E+00,  0.0000000E+00,  0.1974472E+07,  0.0000000E+00,  0.1447036E+05,  0.5386050E+05,  0.1528863E+05,  0.2253389E+03,  0.0000000E+00,  0.0000000E+00,  0.0000000E+00,  0.8148570E+05,  0.1484518E+06,  0.1652578E+06,  0.0000000E+00,    3
12/11/2011,  0.1924193E+07,  0.0000000E+00,  0.0000000E+00,  0.1112876E+06,  0.0000000E+00,  0.1178545E+07,  0.4051432E+05,  0.0000000E+00,  0.0000000E+00,  0.0000000E+00,  0.3078513E+09,  0.8187748E+07,  0.5747663E+08,  0.1832039E+11,  0.0000000E+00,  0.4173445E+09,  0.0000000E+00,  0.0000000E+00,  0.0000000E+00,  0.0000000E+00,  0.1508544E+07,  0.5345816E+03,  0.0000000E+00,  0.0000000E+00,  0.0000000E+00,  0.1613606E+07,  0.0000000E+00,  0.1390351E+05,  0.5404286E+05,  0.1526900E+05,  0.2104164E+03,  0.0000000E+00,  0.0000000E+00,  0.0000000E+00,  0.7841449E+05,  0.1461626E+06,  0.1628531E+06,  0.0000000E+00,    3
12/12/2011,  0.1926041E+07,  0.0000000E+00,  0.0000000E+00,  0.6767656E+05,  0.0000000E+00,  0.1177149E+07,  0.4014157E+05,  0.0000000E+00,  0.0000000E+00,  0.0000000E+00,  0.3066741E+09,  0.8157833E+07,  0.5738501E+08,  0.1832000E+11,  0.0000000E+00,  0.4173277E+09,  0.0000000E+00,  0.0000000E+00,  0.0000000E+00,  0.0000000E+00,  0.1141344E+07,  0.3727482E+03,  0.0000000E+00,  0.0000000E+00,  0.0000000E+00,  0.1216107E+07,  0.0000000E+00,  0.8761285E+04,  0.4364163E+05,  0.9761948E+04,  0.1964495E+03,  0.0000000E+00,  0.0000000E+00,  0.0000000E+00,  0.6940381E+05,  0.1462755E+06,  0.1524074E+06,  0.0000000E+00,    1
12/13/2011,  0.1930242E+07,  0.0000000E+00,  0.1449036E+04,  0.1238911E+06,  0.0000000E+00,  0.1171043E+07,  0.3968989E+05,  0.0000000E+00,  0.0000000E+00,  0.0000000E+00,  0.3051885E+09,  0.8008784E+07,  0.5729193E+08,  0.1831961E+11,  0.0000000E+00,  0.4173102E+09,  0.0000000E+00,  0.0000000E+00,  0.0000000E+00,  0.0000000E+00,  0.1071360E+07,  0.4516859E+03,  0.0000000E+00,  0.0000000E+00,  0.0000000E+00,  0.1580480E+07,  0.0000000E+00,  0.1248846E+05,  0.5234508E+05,  0.1437491E+05,  0.1843761E+03,  0.0000000E+00,  0.0000000E+00,  0.0000000E+00,  0.7240149E+05,  0.1437995E+06,  0.1531370E+06,  0.0000000E+00,    2
12/14/2011,  0.1509060E+07,  0.5210845E+05,  0.0000000E+00,  0.1185759E+06,  0.0000000E+00,  0.1230899E+07,  0.2315842E+07,  0.0000000E+00,  0.0000000E+00,  0.0000000E+00,  0.3122659E+09,  0.8237060E+07,  0.5751629E+08,  0.1831941E+11,  0.0000000E+00,  0.4173433E+09,  0.0000000E+00,  0.1309124E+08,  0.0000000E+00,  0.0000000E+00,  0.1068768E+07,  0.0000000E+00,  0.0000000E+00,  0.0000000E+00,  0.0000000E+00,  0.1984156E+07,  0.0000000E+00,  0.1731118E+05,  0.1549413E+06,  0.1683476E+05,  0.1754451E+03,  0.8239740E+03,  0.0000000E+00,  0.0000000E+00,  0.6630688E+06,  0.1514698E+06,  0.4215382E+06,  0.9920149E+07,   13
12/15/2011,  0.1503845E+07,  0.0000000E+00,  0.0000000E+00,  0.1188944E+06,  0.0000000E+00,  0.1202615E+07,  0.1589716E+07,  0.0000000E+00,  0.0000000E+00,  0.0000000E+00,  0.3114134E+09,  0.8103650E+07,  0.5743178E+08,  0.1831902E+11,  0.0000000E+00,  0.4173262E+09,  0.0000000E+00,  0.0000000E+00,  0.0000000E+00,  0.0000000E+00,  0.1429056E+07,  0.7261262E+06,  0.0000000E+00,  0.0000000E+00,  0.0000000E+00,  0.9267634E+06,  0.0000000E+00,  0.1085623E+05,  0.4163070E+05,  0.1052710E+05,  0.2015699E+03,  0.0000000E+00,  0.0000000E+00,  0.0000000E+00,  0.8832132E+05,  0.1482655E+06,  0.1627331E+06,  0.0000000E+00,    2
12/16/2011,  0.1499753E+07,  0.0000000E+00,  0.0000000E+00,  0.1137124E+06,  0.0000000E+00,  0.1193343E+07,  0.7746639E+06,  0.0000000E+00,  0.0000000E+00,  0.0000000E+00,  0.3102321E+09,  0.7997218E+07,  0.5734394E+08,  0.1831863E+11,  0.0000000E+00,  0.4173078E+09,  0.0000000E+00,  0.0000000E+00,  0.0000000E+00,  0.0000000E+00,  0.1583712E+07,  0.8150516E+06,  0.0000000E+00,  0.0000000E+00,  0.0000000E+00,  0.1245285E+07,  0.0000000E+00,  0.1425202E+05,  0.4652879E+05,  0.1376158E+05,  0.1821268E+03,  0.0000000E+00,  0.0000000E+00,  0.0000000E+00,  0.7529584E+05,  0.1466892E+06,  0.1490743E+06,  0.0000000E+00,    2
12/17/2011,  0.1798286E+07,  0.0000000E+00,  0.0000000E+00,  0.1102122E+06,  0.0000000E+00,  0.1186107E+07,  0.4067940E+06,  0.0000000E+00,  0.0000000E+00,  0.0000000E+00,  0.3087580E+09,  0.7895742E+07,  0.5725429E+08,  0.1831824E+11,  0.0000000E+00,  0.4172894E+09,  0.0000000E+00,  0.0000000E+00,  0.0000000E+00,  0.0000000E+00,  0.1582848E+07,  0.3678699E+06,  0.0000000E+00,  0.0000000E+00,  0.0000000E+00,  0.1539215E+07,  0.0000000E+00,  0.1470375E+05,  0.5623685E+05,  0.1455113E+05,  0.1702952E+03,  0.0000000E+00,  0.0000000E+00,  0.0000000E+00,  0.6985915E+05,  0.1438794E+06,  0.1449521E+06,  0.0000000E+00,    2
12/18/2011,  0.1997072E+07,  0.0000000E+00,  0.0000000E+00,  0.1070390E+06,  0.0000000E+00,  0.1184533E+07,  0.2619643E+06,  0.0000000E+00,  0.0000000E+00,  0.0000000E+00,  0.3072195E+09,  0.7803042E+07,  0.5716351E+08,  0.1831789E+11,  0.0000000E+00,  0.4172703E+09,  0.0000000E+00,  0.0000000E+00,  0.0000000E+00,  0.0000000E+00,  0.1592352E+07,  0.1448297E+06,  0.0000000E+00,  0.0000000E+00,  0.0000000E+00,  0.1603050E+07,  0.0000000E+00,  0.1498496E+05,  0.5583573E+05,  0.1516037E+05,  0.1601471E+03,  0.0000000E+00,  0.0000000E+00,  0.0000000E+00,  0.6477219E+05,  0.1438085E+06,  0.1407196E+06,  0.0000000E+00,    5
12/19/2011,  0.2006352E+07,  0.0000000E+00,  0.0000000E+00,  0.1049814E+06,  0.0000000E+00,  0.1187067E+07,  0.1776293E+06,  0.0000000E+00,  0.0000000E+00,  0.0000000E+00,  0.3056287E+09,  0.7711388E+07,  0.5707462E+08,  0.1831748E+11,  0.0000000E+00,  0.4172515E+09,  0.0000000E+00,  0.0000000E+00,  0.0000000E+00,  0.0000000E+00,  0.1432512E+07,  0.8433501E+05,  0.0000000E+00,  0.0000000E+00,  0.0000000E+00,  0.1656473E+07,  0.0000000E+00,  0.1417173E+05,  0.6130540E+05,  0.1497833E+05,  0.1519403E+03,  0.0000000E+00,  0.0000000E+00,  0.0000000E+00,  0.6170102E+05,  0.1407946E+06,  0.1365674E+06,  0.0000000E+00,    2
12/20/2011,  0.2007433E+07,  0.0000000E+00,  0.0000000E+00,  0.6103833E+05,  0.0000000E+00,  0.1179813E+07,  0.1350002E+06,  0.0000000E+00,  0.0000000E+00,  0.0000000E+00,  0.3041178E+09,  0.7698120E+07,  0.5698856E+08,  0.1831707E+11,  0.0000000E+00,  0.4172369E+09,  0.0000000E+00,  0.0000000E+00,  0.0000000E+00,  0.0000000E+00,  0.1195776E+07,  0.4262906E+05,  0.0000000E+00,  0.0000000E+00,  0.0000000E+00,  0.1547177E+07,  0.0000000E+00,  0.1276522E+05,  0.4972228E+05,  0.1398154E+05,  0.1442345E+03,  0.0000000E+00,  0.0000000E+00,  0.0000000E+00,  0.5551340E+05,  0.1397002E+06,  0.1289538E+06,  0.0000000E+00,    1
12/21/2011,  0.2006607E+07,  0.0000000E+00,  0.1025079E+04,  0.1162790E+06,  0.0000000E+00,  0.1168921E+07,  0.1094543E+06,  0.0000000E+00,  0.0000000E+00,  0.0000000E+00,  0.3024015E+09,  0.7572640E+07,  0.5689996E+08,  0.1831665E+11,  0.0000000E+00,  0.4172149E+09,  0.0000000E+00,  0.0000000E+00,  0.0000000E+00,  0.0000000E+00,  0.1142208E+07,  0.2554591E+05,  0.0000000E+00,  0.0000000E+00,  0.0000000E+00,  0.1805056E+07,  0.0000000E+00,  0.1546652E+05,  0.5394385E+05,  0.1773976E+05,  0.1368968E+03,  0.0000000E+00,  0.0000000E+00,  0.0000000E+00,  0.5657648E+05,  0.1372878E+06,  0.1298505E+06,  0.0000000E+00,    2
12/22/2011,  0.1433335E+07,  0.0000000E+00,  0.0000000E+00,  0.1075297E+06,  0.0000000E+00,  0.1168995E+07,  0.9856289E+05,  0.0000000E+00,  0.0000000E+00,  0.0000000E+00,  0.3010864E+09,  0.7488723E+07,  0.5681636E+08,  0.1831629E+11,  0.0000000E+00,  0.4171977E+09,  0.0000000E+00,  0.0000000E+00,  0.0000000E+00,  0.0000000E+00,  0.9789120E+06,  0.1089141E+05,  0.0000000E+00,  0.0000000E+00,  0.0000000E+00,  0.1377984E+07,  0.0000000E+00,  0.9353805E+04,  0.3790043E+05,  0.1097793E+05,  0.1299409E+03,  0.0000000E+00,  0.0000000E+00,  0.0000000E+00,  0.5258802E+05,  0.1391715E+06,  0.1269887E+06,  0.0000000E+00,    8
12/23/2011,  0.1402360E+07,  0.0000000E+00,  0.0000000E+00,  0.1026817E+06,  0.0000000E+00,  0.1175452E+07,  0.9023793E+05,  0.0000000E+00,  0.0000000E+00,  0.0000000E+00,  0.2995339E+09,  0.7416491E+07,  0.5673364E+08,  0.1831591E+11,  0.0000000E+00,  0.4171790E+09,  0.0000000E+00,  0.0000000E+00,  0.0000000E+00,  0.0000000E+00,  0.9305280E+06,  0.8324957E+04,  0.0000000E+00,  0.0000000E+00,  0.0000000E+00,  0.1610028E+07,  0.0000000E+00,  0.9708882E+04,  0.4035438E+05,  0.1158521E+05,  0.1240740E+03,  0.0000000E+00,  0.0000000E+00,  0.0000000E+00,  0.5011603E+05,  0.1382581E+06,  0.1232775E+06,  0.0000000E+00,    3
12/24/2011,  0.1395188E+07,  0.0000000E+00,  0.0000000E+00,  0.5862041E+05,  0.0000000E+00,  0.1171421E+07,  0.8477298E+05,  0.0000000E+00,  0.0000000E+00,  0.0000000E+00,  0.2981917E+09,  0.7416302E+07,  0.5665403E+08,  0.1831552E+11,  0.0000000E+00,  0.4171660E+09,  0.0000000E+00,  0.0000000E+00,  0.0000000E+00,  0.0000000E+00,  0.8527680E+06,  0.5464953E+04,  0.0000000E+00,  0.0000000E+00,  0.0000000E+00,  0.1374747E+07,  0.0000000E+00,  0.7142546E+04,  0.4244392E+05,  0.8635767E+04,  0.1187755E+03,  0.0000000E+00,  0.0000000E+00,  0.0000000E+00,  0.4593064E+05,  0.1370301E+06,  0.1185541E+06,  0.0000000E+00,    1
12/25/2011,  0.1392167E+07,  0.0000000E+00,  0.0000000E+00,  0.6941597E+05,  0.0000000E+00,  0.1181629E+07,  0.7971789E+05,  0.0000000E+00,  0.0000000E+00,  0.0000000E+00,  0.2967161E+09,  0.7381938E+07,  0.5657183E+08,  0.1831513E+11,  0.0000000E+00,  0.4171493E+09,  0.0000000E+00,  0.0000000E+00,  0.0000000E+00,  0.0000000E+00,  0.8389440E+06,  0.5055086E+04,  0.0000000E+00,  0.0000000E+00,  0.0000000E+00,  0.1531175E+07,  0.0000000E+00,  0.9643451E+04,  0.4851225E+05,  0.1208766E+05,  0.1136894E+03,  0.0000000E+00,  0.0000000E+00,  0.0000000E+00,  0.4463388E+05,  0.1353225E+06,  0.1173401E+06,  0.0000000E+00,    1
12/26/2011,  0.1345011E+07,  0.0000000E+00,  0.0000000E+00,  0.7702097E+05,  0.0000000E+00,  0.1174310E+07,  0.7530135E+05,  0.0000000E+00,  0.0000000E+00,  0.0000000E+00,  0.2951789E+09,  0.7339995E+07,  0.5648902E+08,  0.1831473E+11,  0.0000000E+00,  0.4171309E+09,  0.0000000E+00,  0.0000000E+00,  0.0000000E+00,  0.0000000E+00,  0.8337600E+06,  0.4416544E+04,  0.0000000E+00,  0.0000000E+00,  0.0000000E+00,  0.1592772E+07,  0.0000000E+00,  0.1117838E+05,  0.4984823E+05,  0.1468722E+05,  0.1088239E+03,  0.0000000E+00,  0.0000000E+00,  0.0000000E+00,  0.4306646E+05,  0.1338475E+06,  0.1148504E+06,  0.0000000E+00,    1
12/27/2011,  0.1268921E+07,  0.0000000E+00,  0.6161981E+04,  0.1244523E+06,  0.0000000E+00,  0.1174893E+07,  0.7118867E+05,  0.0000000E+00,  0.0000000E+00,  0.0000000E+00,  0.2935023E+09,  0.7216962E+07,  0.5640791E+08,  0.1831432E+11,  0.0000000E+00,  0.4171072E+09,  0.0000000E+00,  0.0000000E+00,  0.0000000E+00,  0.0000000E+00,  0.8881920E+06,  0.4112685E+04,  0.0000000E+00,  0.0000000E+00,  0.0000000E+00,  0.1756513E+07,  0.0000000E+00,  0.1132402E+05,  0.5016157E+05,  0.1543547E+05,  0.1046774E+03,  0.0000000E+00,  0.0000000E+00,  0.0000000E+00,  0.4478489E+05,  0.1323759E+06,  0.1147207E+06,  0.0000000E+00,    2
12/28/2011,  0.1292975E+07,  0.0000000E+00,  0.0000000E+00,  0.1114805E+06,  0.0000000E+00,  0.1186386E+07,  0.6732106E+05,  0.0000000E+00,  0.0000000E+00,  0.0000000E+00,  0.2915902E+09,  0.7140564E+07,  0.5632411E+08,  0.1831394E+11,  0.0000000E+00,  0.4170790E+09,  0.0000000E+00,  0.0000000E+00,  0.0000000E+00,  0.0000000E+00,  0.9573120E+06,  0.3867611E+04,  0.0000000E+00,  0.0000000E+00,  0.0000000E+00,  0.1965652E+07,  0.0000000E+00,  0.1433850E+05,  0.4460871E+05,  0.2056535E+05,  0.1006611E+03,  0.0000000E+00,  0.0000000E+00,  0.0000000E+00,  0.4308750E+05,  0.1317612E+06,  0.1127073E+06,  0.0000000E+00,    7
12/29/2011,  0.1359052E+07,  0.0000000E+00,  0.0000000E+00,  0.1022316E+06,  0.0000000E+00,  0.1182788E+07,  0.6420777E+05,  0.0000000E+00,  0.0000000E+00,  0.0000000E+00,  0.2898021E+09,  0.7068977E+07,  0.5624046E+08,  0.1831355E+11,  0.0000000E+00,  0.4170515E+09,  0.0000000E+00,  0.0000000E+00,  0.0000000E+00,  0.0000000E+00,  0.8657280E+06,  0.3113288E+04,  0.0000000E+00,  0.0000000E+00,  0.0000000E+00,  0.1844674E+07,  0.0000000E+00,  0.1396470E+05,  0.5986974E+05,  0.2128716E+05,  0.9682293E+02,  0.0000000E+00,  0.0000000E+00,  0.0000000E+00,  0.4172709E+05,  0.1289729E+06,  0.1115685E+06,  0.0000000E+00,    2
12/30/2011,  0.1362863E+07,  0.0000000E+00,  0.0000000E+00,  0.9621620E+05,  0.0000000E+00,  0.1176056E+07,  0.6163304E+05,  0.0000000E+00,  0.0000000E+00,  0.0000000E+00,  0.2881692E+09,  0.7008406E+07,  0.5616293E+08,  0.1831315E+11,  0.0000000E+00,  0.4170277E+09,  0.0000000E+00,  0.0000000E+00,  0.0000000E+00,  0.0000000E+00,  0.8994240E+06,  0.2574730E+04,  0.0000000E+00,  0.0000000E+00,  0.0000000E+00,  0.1686558E+07,  0.0000000E+00,  0.1001972E+05,  0.5315107E+05,  0.1594775E+05,  0.9316649E+02,  0.0000000E+00,  0.0000000E+00,  0.0000000E+00,  0.3924929E+05,  0.1287150E+06,  0.1069099E+06,  0.0000000E+00,    2
12/31/2011,  0.1279151E+07,  0.0000000E+00,  0.0000000E+00,  0.9294615E+05,  0.0000000E+00,  0.1171133E+07,  0.5944846E+05,  0.0000000E+00,  0.0000000E+00,  0.0000000E+00,  0.2866222E+09,  0.6954757E+07,  0.5608778E+08,  0.1831276E+11,  0.0000000E+00,  0.4170050E+09,  0.0000000E+00,  0.0000000E+00,  0.0000000E+00,  0.0000000E+00,  0.1085184E+07,  0.2184573E+04,  0.0000000E+00,  0.0000000E+00,  0.0000000E+00,  0.1598280E+07,  0.0000000E+00,  0.8194207E+04,  0.4222556E+05,  0.1351837E+05,  0.8991862E+02,  0.0000000E+00,  0.0000000E+00,  0.0000000E+00,  0.3756701E+05,  0.1282173E+06,  0.1046850E+06,  0.0000000E+00,    2
01/01/2012,  0.1290367E+07,  0.0000000E+00,  0.0000000E+00,  0.9090371E+05,  0.0000000E+00,  0.1175373E+07,  0.5731595E+05,  0.0000000E+00,  0.0000000E+00,  0.0000000E+00,  0.2849852E+09,  0.6905445E+07,  0.5601353E+08,  0.1831237E+11,  0.0000000E+00,  0.4169806E+09,  0.0000000E+00,  0.0000000E+00,  0.0000000E+00,  0.0000000E+00,  0.1321920E+07,  0.2132518E+04,  0.0000000E+00,  0.0000000E+00,  0.0000000E+00,  0.1686277E+07,  0.0000000E+00,  0.8488636E+04,  0.4705851E+05,  0.1450107E+05,  0.8683725E+02,  0.0000000E+00,  0.0000000E+00,  0.0000000E+00,  0.3663211E+05,  0.1275362E+06,  0.1025460E+06,  0.0000000E+00,    2
01/02/2012,  0.1449694E+07,  0.0000000E+00,  0.0000000E+00,  0.8933132E+05,  0.0000000E+00,  0.1170437E+07,  0.5529606E+05,  0.0000000E+00,  0.0000000E+00,  0.0000000E+00,  0.2833176E+09,  0.6858020E+07,  0.5593924E+08,  0.1831198E+11,  0.0000000E+00,  0.4169548E+09,  0.0000000E+00,  0.0000000E+00,  0.0000000E+00,  0.0000000E+00,  0.1321920E+07,  0.2019882E+04,  0.0000000E+00,  0.0000000E+00,  0.0000000E+00,  0.1716915E+07,  0.0000000E+00,  0.8914096E+04,  0.4966901E+05,  0.1600285E+05,  0.8382670E+02,  0.0000000E+00,  0.0000000E+00,  0.0000000E+00,  0.3514318E+05,  0.1264340E+06,  0.1006698E+06,  0.0000000E+00,    2
01/03/2012,  0.1681450E+07,  0.0000000E+00,  0.0000000E+00,  0.8810807E+05,  0.0000000E+00,  0.1168040E+07,  0.5335592E+05,  0.0000000E+00,  0.0000000E+00,  0.0000000E+00,  0.2815463E+09,  0.6811567E+07,  0.5586681E+08,  0.1831158E+11,  0.0000000E+00,  0.4169275E+09,  0.0000000E+00,  0.0000000E+00,  0.0000000E+00,  0.0000000E+00,  0.1054080E+07,  0.1940139E+04,  0.0000000E+00,  0.0000000E+00,  0.0000000E+00,  0.1820426E+07,  0.8978184E+02,  0.9178241E+04,  0.5093911E+05,  0.1741603E+05,  0.8092705E+02,  0.0000000E+00,  0.0000000E+00,  0.0000000E+00,  0.3421147E+05,  0.1250802E+06,  0.9762421E+05,  0.0000000E+00,    2
01/04/2012,  0.1710035E+07,  0.0000000E+00,  0.0000000E+00,  0.8675832E+05,  0.0000000E+00,  0.1160930E+07,  0.5156706E+05,  0.0000000E+00,  0.0000000E+00,  0.0000000E+00,  0.2797424E+09,  0.6766464E+07,  0.5579212E+08,  0.1831117E+11,  0.0000000E+00,  0.4168982E+09,  0.0000000E+00,  0.0000000E+00,  0.0000000E+00,  0.0000000E+00,  0.9175680E+06,  0.1788860E+04,  0.0000000E+00,  0.0000000E+00,  0.0000000E+00,  0.1852961E+07,  0.8939076E+02,  0.9823217E+04,  0.5077069E+05,  0.1975881E+05,  0.7814764E+02,  0.0000000E+00,  0.0000000E+00,  0.0000000E+00,  0.3257543E+05,  0.1233354E+06,  0.9759482E+05,  0.0000000E+00,    2
01/05/2012,  0.1482460E+07,  0.0000000E+00,  0.0000000E+00,  0.8518533E+05,  0.0000000E+00,  0.1153901E+07,  0.4983337E+05,  0.0000000E+00,  0.0000000E+00,  0.0000000E+00,  0.2778317E+09,  0.6722498E+07,  0.5571841E+08,  0.1831076E+11,  0.0000000E+00,  0.4168663E+09,  0.0000000E+00,  0.0000000E+00,  0.0000000E+00,  0.0000000E+00,  0.9046080E+06,  0.1733693E+04,  0.0000000E+00,  0.0000000E+00,  0.0000000E+00,  0.1959732E+07,  0.9197310E+02,  0.1075677E+05,  0.5110439E+05,  0.2312997E+05,  0.7542047E+02,  0.0000000E+00,  0.0000000E+00,  0.0000000E+00,  0.3100864E+05,  0.1213182E+06,  0.9411289E+05,  0.0000000E+00,    2
01/06/2012,  0.1328244E+07,  0.0000000E+00,  0.0000000E+00,  0.8381353E+05,  0.0000000E+00,  0.1160697E+07,  0.4858473E+05,  0.0000000E+00,  0.0000000E+00,  0.0000000E+00,  0.2763708E+09,  0.6680996E+07,  0.5564806E+08,  0.1831037E+11,  0.0000000E+00,  0.4168387E+09,  0.0000000E+00,  0.0000000E+00,  0.0000000E+00,  0.0000000E+00,  0.1226880E+07,  0.1248645E+04,  0.0000000E+00,  0.0000000E+00,  0.0000000E+00,  0.1510068E+07,  0.7606242E+02,  0.7610340E+04,  0.4377204E+05,  0.1741058E+05,  0.7300869E+02,  0.0000000E+00,  0.0000000E+00,  0.0000000E+00,  0.3019234E+05,  0.1216997E+06,  0.9309010E+05,  0.0000000E+00,    2
01/07/2012,  0.1294029E+07,  0.0000000E+00,  0.0000000E+00,  0.8363871E+05,  0.0000000E+00,  0.1166055E+07,  0.4721231E+05,  0.0000000E+00,  0.0000000E+00,  0.0000000E+00,  0.2746602E+09,  0.6643444E+07,  0.5557612E+08,  0.1830997E+11,  0.0000000E+00,  0.4168067E+09,  0.0000000E+00,  0.0000000E+00,  0.0000000E+00,  0.0000000E+00,  0.1580256E+07,  0.1372416E+04,  0.0000000E+00,  0.0000000E+00,  0.0000000E+00,  0.1755948E+07,  0.8402609E+02,  0.9252046E+04,  0.5297725E+05,  0.2261241E+05,  0.7076318E+02,  0.0000000E+00,  0.0000000E+00,  0.0000000E+00,  0.2895957E+05,  0.1204434E+06,  0.9180193E+05,  0.0000000E+00,    2
01/08/2012,  0.1905085E+07,  0.0000000E+00,  0.0000000E+00,  0.8324565E+05,  0.0000000E+00,  0.1176896E+07,  0.4599619E+05,  0.0000000E+00,  0.0000000E+00,  0.0000000E+00,  0.2731127E+09,  0.6607752E+07,  0.5550654E+08,  0.1830962E+11,  0.0000000E+00,  0.4167772E+09,  0.0000000E+00,  0.0000000E+00,  0.0000000E+00,  0.0000000E+00,  0.1663200E+07,  0.1216120E+04,  0.0000000E+00,  0.0000000E+00,  0.0000000E+00,  0.1594360E+07,  0.8955722E+02,  0.6883336E+04,  0.4006444E+05,  0.1759691E+05,  0.6853483E+02,  0.0000000E+00,  0.0000000E+00,  0.0000000E+00,  0.2732811E+05,  0.1218637E+06,  0.9017418E+05,  0.0000000E+00,    5
01/09/2012,  0.2041903E+07,  0.0000000E+00,  0.0000000E+00,  0.8315914E+05,  0.0000000E+00,  0.1168466E+07,  0.4486787E+05,  0.0000000E+00,  0.0000000E+00,  0.0000000E+00,  0.2716706E+09,  0.6575445E+07,  0.5544150E+08,  0.1830924E+11,  0.0000000E+00,  0.4167483E+09,  0.0000000E+00,  0.0000000E+00,  0.0000000E+00,  0.0000000E+00,  0.1567296E+07,  0.1128324E+04,  0.0000000E+00,  0.0000000E+00,  0.0000000E+00,  0.1486694E+07,  0.8671662E+02,  0.6163175E+04,  0.3704479E+05,  0.1647426E+05,  0.6642567E+02,  0.0000000E+00,  0.0000000E+00,  0.0000000E+00,  0.2645465E+05,  0.1219525E+06,  0.8549766E+05,  0.0000000E+00,    3
01/10/2012,  0.2043188E+07,  0.0000000E+00,  0.0000000E+00,  0.8293959E+05,  0.0000000E+00,  0.1168619E+07,  0.4376904E+05,  0.0000000E+00,  0.0000000E+00,  0.0000000E+00,  0.2702355E+09,  0.6544273E+07,  0.5537642E+08,  0.1830887E+11,  0.0000000E+00,  0.4167185E+09,  0.0000000E+00,  0.0000000E+00,  0.0000000E+00,  0.0000000E+00,  0.1743552E+07,  0.1098830E+04,  0.0000000E+00,  0.0000000E+00,  0.0000000E+00,  0.1478408E+07,  0.8734691E+02,  0.6113951E+04,  0.3812490E+05,  0.1702957E+05,  0.6438671E+02,  0.0000000E+00,  0.0000000E+00,  0.0000000E+00,  0.2654013E+05,  0.1215724E+06,  0.8566248E+05,  0.0000000E+00,    3
01/11/2012,  0.1947025E+07,  0.0000000E+00,  0.0000000E+00,  0.8275409E+05,  0.0000000E+00,  0.1155937E+07,  0.4259198E+05,  0.0000000E+00,  0.0000000E+00,  0.0000000E+00,  0.2686739E+09,  0.6514445E+07,  0.5531202E+08,  0.1830849E+11,  0.0000000E+00,  0.4166875E+09,  0.0000000E+00,  0.0000000E+00,  0.0000000E+00,  0.0000000E+00,  0.1307232E+07,  0.1177058E+04,  0.0000000E+00,  0.0000000E+00,  0.0000000E+00,  0.1604190E+07,  0.9890250E+02,  0.6312687E+04,  0.4300420E+05,  0.1825991E+05,  0.6238098E+02,  0.0000000E+00,  0.0000000E+00,  0.0000000E+00,  0.2516712E+05,  0.1208045E+06,  0.8341050E+05,  0.0000000E+00,    3
01/12/2012,  0.1742285E+07,  0.0000000E+00,  0.0000000E+00,  0.8225530E+05,  0.0000000E+00,  0.1137567E+07,  0.4150602E+05,  0.0000000E+00,  0.0000000E+00,  0.0000000E+00,  0.2672202E+09,  0.6484571E+07,  0.5524661E+08,  0.1830813E+11,  0.0000000E+00,  0.4166575E+09,  0.0000000E+00,  0.0000000E+00,  0.0000000E+00,  0.0000000E+00,  0.1111968E+07,  0.1085963E+04,  0.0000000E+00,  0.0000000E+00,  0.0000000E+00,  0.1497309E+07,  0.9825581E+02,  0.5392206E+04,  0.3496877E+05,  0.1640348E+05,  0.6048814E+02,  0.0000000E+00,  0.0000000E+00,  0.0000000E+00,  0.2428381E+05,  0.1202823E+06,  0.8445936E+05,  0.0000000E+00,    4
01/13/2012,  0.1694638E+07,  0.0000000E+00,  0.0000000E+00,  0.8201115E+05,  0.0000000E+00,  0.1160362E+07,  0.4046485E+05,  0.0000000E+00,  0.0000000E+00,  0.0000000E+00,  0.2658012E+09,  0.6454342E+07,  0.5518568E+08,  0.1830773E+11,  0.0000000E+00,  0.4166276E+09,  0.0000000E+00,  0.0000000E+00,  0.0000000E+00,  0.0000000E+00,  0.1317600E+07,  0.1041162E+04,  0.0000000E+00,  0.0000000E+00,  0.0000000E+00,  0.1460851E+07,  0.9638773E+02,  0.5295245E+04,  0.5018293E+05,  0.1686571E+05,  0.5866787E+02,  0.0000000E+00,  0.0000000E+00,  0.0000000E+00,  0.2475402E+05,  0.1184297E+06,  0.8054728E+05,  0.0000000E+00,    2
01/14/2012,  0.1508439E+07,  0.0000000E+00,  0.0000000E+00,  0.8103059E+05,  0.0000000E+00,  0.1154716E+07,  0.3949786E+05,  0.0000000E+00,  0.0000000E+00,  0.0000000E+00,  0.2645067E+09,  0.6426952E+07,  0.5512411E+08,  0.1830733E+11,  0.0000000E+00,  0.4165960E+09,  0.0000000E+00,  0.0000000E+00,  0.0000000E+00,  0.0000000E+00,  0.1180224E+07,  0.9669937E+03,  0.0000000E+00,  0.0000000E+00,  0.0000000E+00,  0.1335226E+07,  0.7907822E+02,  0.5554715E+04,  0.4779117E+05,  0.1878584E+05,  0.5694093E+02,  0.0000000E+00,  0.0000000E+00,  0.0000000E+00,  0.2351856E+05,  0.1179647E+06,  0.7969380E+05,  0.0000000E+00,    2
01/15/2012,  0.1660355E+07,  0.0000000E+00,  0.0000000E+00,  0.8086115E+05,  0.0000000E+00,  0.1151645E+07,  0.3884879E+05,  0.0000000E+00,  0.0000000E+00,  0.0000000E+00,  0.2636633E+09,  0.6403685E+07,  0.5506412E+08,  0.1830695E+11,  0.0000000E+00,  0.4165690E+09,  0.0000000E+00,  0.0000000E+00,  0.0000000E+00,  0.0000000E+00,  0.8467200E+06,  0.6490722E+03,  0.0000000E+00,  0.0000000E+00,  0.0000000E+00,  0.8836634E+06,  0.5497411E+02,  0.3474873E+04,  0.3559551E+05,  0.1234616E+05,  0.5518381E+02,  0.0000000E+00,  0.0000000E+00,  0.0000000E+00,  0.2189866E+05,  0.1197546E+06,  0.7856268E+05,  0.0000000E+00,    2
01/16/2012,  0.1272637E+07,  0.0000000E+00,  0.0000000E+00,  0.8090582E+05,  0.0000000E+00,  0.1133610E+07,  0.3828192E+05,  0.0000000E+00,  0.0000000E+00,  0.0000000E+00,  0.2629443E+09,  0.6383567E+07,  0.5500491E+08,  0.1830660E+11,  0.0000000E+00,  0.4165410E+09,  0.0000000E+00,  0.0000000E+00,  0.0000000E+00,  0.0000000E+00,  0.8354880E+06,  0.5668668E+03,  0.0000000E+00,  0.0000000E+00,  0.0000000E+00,  0.7575456E+06,  0.4559162E+02,  0.3100344E+04,  0.3022757E+05,  0.1130150E+05,  0.5357716E+02,  0.0000000E+00,  0.0000000E+00,  0.0000000E+00,  0.2191449E+05,  0.1213052E+06,  0.7818502E+05,  0.0000000E+00,    5
01/17/2012,  0.1219592E+07,  0.0000000E+00,  0.0000000E+00,  0.8127047E+05,  0.0000000E+00,  0.1161453E+07,  0.3755941E+05,  0.0000000E+00,  0.0000000E+00,  0.0000000E+00,  0.2620666E+09,  0.6363805E+07,  0.5494807E+08,  0.1830622E+11,  0.0000000E+00,  0.4165125E+09,  0.0000000E+00,  0.0000000E+00,  0.0000000E+00,  0.0000000E+00,  0.8303040E+06,  0.7225115E+03,  0.0000000E+00,  0.0000000E+00,  0.0000000E+00,  0.9134222E+06,  0.6124277E+02,  0.3225175E+04,  0.3899195E+05,  0.1214877E+05,  0.5200564E+02,  0.0000000E+00,  0.0000000E+00,  0.0000000E+00,  0.2247584E+05,  0.1197009E+06,  0.7624760E+05,  0.0000000E+00,    2
01/18/2012,  0.1207110E+07,  0.0000000E+00,  0.0000000E+00,  0.8059812E+05,  0.0000000E+00,  0.1158542E+07,  0.3667516E+05,  0.0000000E+00,  0.0000000E+00,  0.0000000E+00,  0.2610132E+09,  0.6343256E+07,  0.5489015E+08,  0.1830583E+11,  0.0000000E+00,  0.4164810E+09,  0.0000000E+00,  0.0000000E+00,  0.0000000E+00,  0.0000000E+00,  0.1320192E+07,  0.8842505E+03,  0.0000000E+00,  0.0000000E+00,  0.0000000E+00,  0.1089766E+07,  0.6979878E+02,  0.3997279E+04,  0.4704662E+05,  0.1563500E+05,  0.5142170E+02,  0.0000000E+00,  0.0000000E+00,  0.0000000E+00,  0.2146943E+05,  0.1179851E+06,  0.7554423E+05,  0.0000000E+00,    2
01/19/2012,  0.1816170E+07,  0.3683580E+05,  0.0000000E+00,  0.8269526E+05,  0.0000000E+00,  0.1202495E+07,  0.2285426E+07,  0.0000000E+00,  0.0000000E+00,  0.0000000E+00,  0.2675680E+09,  0.6530853E+07,  0.5511899E+08,  0.1830571E+11,  0.0000000E+00,  0.4164974E+09,  0.0000000E+00,  0.1060223E+08,  0.0000000E+00,  0.0000000E+00,  0.1446336E+07,  0.0000000E+00,  0.0000000E+00,  0.0000000E+00,  0.0000000E+00,  0.5952979E+06,  0.3235985E+02,  0.3852817E+04,  0.9098693E+05,  0.8211747E+04,  0.5082838E+02,  0.7025562E+03,  0.0000000E+00,  0.0000000E+00,  0.5489845E+06,  0.1273827E+06,  0.3164197E+06,  0.7841953E+07,   30
01/20/2012,  0.6270720E+08,  0.1008012E+07,  0.2157447E+06,  0.1719034E+07,  0.0000000E+00,  0.3773706E+07,  0.2315842E+07,  0.0000000E+00,  0.0000000E+00,  0.0000000E+00,  0.4168641E+09,  0.1847403E+08,  0.5618835E+08,  0.1830847E+11,  0.0000000E+00,  0.4171766E+09,  0.0000000E+00,  0.1823237E+09,  0.0000000E+00,  0.0000000E+00,  0.6190819E+08,  0.0000000E+00,  0.0000000E+00,  0.0000000E+00,  0.0000000E+00,  0.3401356E+07,  0.0000000E+00,  0.2366564E+05,  0.2363838E+06,  0.2416190E+05,  0.5031276E+05,  0.1258555E+05,  0.0000000E+00,  0.0000000E+00,  0.1993864E+07,  0.2091220E+06,  0.9012263E+06,  0.1684105E+09, 2080
01/21/2012,  0.2208353E+08,  0.4217951E+05,  0.3013825E+04,  0.4910352E+06,  0.0000000E+00,  0.1478048E+07,  0.2315842E+07,  0.0000000E+00,  0.0000000E+00,  0.0000000E+00,  0.4196888E+09,  0.1756314E+08,  0.5654173E+08,  0.1830858E+11,  0.0000000E+00,  0.4170933E+09,  0.0000000E+00,  0.6252657E+07,  0.0000000E+00,  0.0000000E+00,  0.2142720E+08,  0.0000000E+00,  0.0000000E+00,  0.0000000E+00,  0.0000000E+00,  0.2705686E+07,  0.0000000E+00,  0.2436622E+05,  0.1901640E+06,  0.2064818E+05,  0.4289096E+04,  0.5229048E+03,  0.0000000E+00,  0.0000000E+00,  0.8908577E+06,  0.1938243E+06,  0.5132705E+06,  0.5814820E+07,   44
01/22/2012,  0.1333214E+08,  0.2235825E+06,  0.3545876E+05,  0.6227410E+06,  0.0000000E+00,  0.1731612E+07,  0.2315842E+07,  0.0000000E+00,  0.0000000E+00,  0.0000000E+00,  0.4446594E+09,  0.1886768E+08,  0.5706754E+08,  0.1830896E+11,  0.0000000E+00,  0.4171606E+09,  0.0000000E+00,  0.3174983E+08,  0.0000000E+00,  0.0000000E+00,  0.1258675E+08,  0.0000000E+00,  0.0000000E+00,  0.0000000E+00,  0.0000000E+00,  0.1859132E+07,  0.0000000E+00,  0.1665996E+05,  0.1269051E+06,  0.1464097E+05,  0.6558379E+04,  0.2938259E+04,  0.0000000E+00,  0.0000000E+00,  0.1051813E+07,  0.2155557E+06,  0.5094455E+06,  0.2963531E+08,   22
01/23/2012,  0.2263973E+08,  0.2075658E+06,  0.7534723E+05,  0.6868481E+06,  0.0000000E+00,  0.1886922E+07,  0.2315842E+07,  0.0000000E+00,  0.0000000E+00,  0.0000000E+00,  0.4659076E+09,  0.1969940E+08,  0.5755966E+08,  0.1830943E+11,  0.0000000E+00,  0.4171936E+09,  0.0000000E+00,  0.2811045E+08,  0.0000000E+00,  0.0000000E+00,  0.2210890E+08,  0.0000000E+00,  0.0000000E+00,  0.0000000E+00,  0.0000000E+00,  0.2375903E+07,  0.0000000E+00,  0.2645845E+05,  0.1672532E+06,  0.1991621E+05,  0.5573565E+04,  0.2431482E+04,  0.0000000E+00,  0.0000000E+00,  0.1035733E+07,  0.2274345E+06,  0.5172132E+06,  0.2603189E+08,   43
01/24/2012,  0.4557233E+07,  0.0000000E+00,  0.1407989E+05,  0.5176282E+06,  0.0000000E+00,  0.1364121E+07,  0.8826047E+06,  0.0000000E+00,  0.0000000E+00,  0.0000000E+00,  0.4635996E+09,  0.1848069E+08,  0.5770235E+08,  0.1830933E+11,  0.0000000E+00,  0.4171232E+09,  0.0000000E+00,  0.0000000E+00,  0.0000000E+00,  0.0000000E+00,  0.3818016E+07,  0.1433237E+07,  0.0000000E+00,  0.0000000E+00,  0.0000000E+00,  0.2612317E+07,  0.0000000E+00,  0.2703118E+05,  0.1661773E+06,  0.2189303E+05,  0.3488302E+04,  0.0000000E+00,  0.0000000E+00,  0.0000000E+00,  0.5868265E+06,  0.2075919E+06,  0.4179989E+06,  0.0000000E+00,   23
01/25/2012,  0.3430003E+07,  0.0000000E+00,  0.1183988E+05,  0.4453732E+06,  0.0000000E+00,  0.1401578E+07,  0.2522397E+06,  0.0000000E+00,  0.0000000E+00,  0.0000000E+00,  0.4601492E+09,  0.1740550E+08,  0.5776385E+08,  0.1830923E+11,  0.0000000E+00,  0.4170633E+09,  0.0000000E+00,  0.0000000E+00,  0.0000000E+00,  0.0000000E+00,  0.2814912E+07,  0.6303650E+06,  0.0000000E+00,  0.0000000E+00,  0.0000000E+00,  0.3741083E+07,  0.0000000E+00,  0.3344181E+05,  0.2181834E+06,  0.2579983E+05,  0.2687916E+04,  0.0000000E+00,  0.0000000E+00,  0.0000000E+00,  0.5240566E+06,  0.1994724E+06,  0.4299013E+06,  0.0000000E+00,   19
01/26/2012,  0.2958512E+07,  0.0000000E+00,  0.9921662E+04,  0.3854569E+06,  0.0000000E+00,  0.1378528E+07,  0.1025350E+06,  0.0000000E+00,  0.0000000E+00,  0.0000000E+00,  0.4562042E+09,  0.1643610E+08,  0.5778976E+08,  0.1830912E+11,  0.0000000E+00,  0.4170104E+09,  0.0000000E+00,  0.0000000E+00,  0.0000000E+00,  0.0000000E+00,  0.2356992E+07,  0.1497047E+06,  0.0000000E+00,  0.0000000E+00,  0.0000000E+00,  0.4239615E+07,  0.0000000E+00,  0.3767502E+05,  0.1977808E+06,  0.2845425E+05,  0.2147505E+04,  0.0000000E+00,  0.0000000E+00,  0.0000000E+00,  0.4710108E+06,  0.1937293E+06,  0.4075826E+06,  0.0000000E+00,   10
01/27/2012,  0.3556183E+07,  0.0000000E+00,  0.8536141E+04,  0.3386055E+06,  0.0000000E+00,  0.1366391E+07,  0.6832966E+05,  0.0000000E+00,  0.0000000E+00,  0.0000000E+00,  0.4524084E+09,  0.1557941E+08,  0.5778535E+08,  0.1830901E+11,  0.0000000E+00,  0.4169696E+09,  0.0000000E+00,  0.0000000E+00,  0.0000000E+00,  0.0000000E+00,  0.3026592E+07,  0.3420534E+05,  0.0000000E+00,  0.0000000E+00,  0.0000000E+00,  0.4072002E+07,  0.0000000E+00,  0.2978206E+05,  0.1752370E+06,  0.2257695E+05,  0.1758956E+04,  0.0000000E+00,  0.0000000E+00,  0.0000000E+00,  0.4241264E+06,  0.1924976E+06,  0.3988249E+06,  0.0000000E+00,   12
01/28/2012,  0.2779096E+07,  0.0000000E+00,  0.6897703E+04,  0.3018514E+06,  0.0000000E+00,  0.1325322E+07,  0.5276226E+05,  0.0000000E+00,  0.0000000E+00,  0.0000000E+00,  0.4486334E+09,  0.1481602E+08,  0.5775977E+08,  0.1830885E+11,  0.0000000E+00,  0.4169372E+09,  0.0000000E+00,  0.0000000E+00,  0.0000000E+00,  0.0000000E+00,  0.2249856E+07,  0.1556740E+05,  0.0000000E+00,  0.0000000E+00,  0.0000000E+00,  0.4038439E+07,  0.0000000E+00,  0.2598596E+05,  0.1668934E+06,  0.1965732E+05,  0.1455565E+04,  0.0000000E+00,  0.0000000E+00,  0.0000000E+00,  0.3811372E+06,  0.1913775E+06,  0.3807977E+06,  0.0000000E+00,   13
01/29/2012,  0.2352772E+07,  0.0000000E+00,  0.5485466E+04,  0.2719294E+06,  0.0000000E+00,  0.1288369E+07,  0.4194393E+05,  0.0000000E+00,  0.0000000E+00,  0.0000000E+00,  0.4444631E+09,  0.1412328E+08,  0.5771961E+08,  0.1830865E+11,  0.0000000E+00,  0.4169057E+09,  0.0000000E+00,  0.0000000E+00,  0.0000000E+00,  0.0000000E+00,  0.1799712E+07,  0.1081834E+05,  0.0000000E+00,  0.0000000E+00,  0.0000000E+00,  0.4426504E+07,  0.0000000E+00,  0.3264702E+05,  0.1756461E+06,  0.2533328E+05,  0.1239168E+04,  0.0000000E+00,  0.0000000E+00,  0.0000000E+00,  0.3470132E+06,  0.1891098E+06,  0.3545866E+06,  0.0000000E+00,   10
01/30/2012,  0.2203900E+07,  0.0000000E+00,  0.4616366E+04,  0.2467547E+06,  0.0000000E+00,  0.1293424E+07,  0.3484623E+05,  0.0000000E+00,  0.0000000E+00,  0.0000000E+00,  0.4404251E+09,  0.1349693E+08,  0.5761544E+08,  0.1830847E+11,  0.0000000E+00,  0.4168786E+09,  0.0000000E+00,  0.0000000E+00,  0.0000000E+00,  0.0000000E+00,  0.1717632E+07,  0.7097701E+04,  0.0000000E+00,  0.0000000E+00,  0.0000000E+00,  0.4286578E+07,  0.0000000E+00,  0.3289266E+05,  0.1513408E+06,  0.2635786E+05,  0.1064083E+04,  0.0000000E+00,  0.0000000E+00,  0.0000000E+00,  0.3169924E+06,  0.1916685E+06,  0.3883380E+06,  0.0000000E+00,   12
01/31/2012,  0.2119402E+07,  0.0000000E+00,  0.4047398E+04,  0.2260779E+06,  0.0000000E+00,  0.1277366E+07,  0.2978342E+05,  0.0000000E+00,  0.0000000E+00,  0.0000000E+00,  0.4363796E+09,  0.1294407E+08,  0.5753930E+08,  0.1830822E+11,  0.0000000E+00,  0.4168571E+09,  0.0000000E+00,  0.0000000E+00,  0.0000000E+00,  0.0000000E+00,  0.1635552E+07,  0.5062805E+04,  0.0000000E+00,  0.0000000E+00,  0.0000000E+00,  0.4265657E+07,  0.0000000E+00,  0.3162597E+05,  0.1300915E+06,  0.2582827E+05,  0.9201834E+03,  0.0000000E+00,  0.0000000E+00,  0.0000000E+00,  0.2883092E+06,  0.1866340E+06,  0.3329074E+06,  0.0000000E+00,    9
02/01/2012,  0.2082202E+07,  0.0000000E+00,  0.3449575E+04,  0.2090029E+06,  0.0000000E+00,  0.1269923E+07,  0.2637239E+05,  0.0000000E+00,  0.0000000E+00,  0.0000000E+00,  0.4329660E+09,  0.1244885E+08,  0.5745417E+08,  0.1830797E+11,  0.0000000E+00,  0.4168429E+09,  0.0000000E+00,  0.0000000E+00,  0.0000000E+00,  0.0000000E+00,  0.1614816E+07,  0.3411036E+04,  0.0000000E+00,  0.0000000E+00,  0.0000000E+00,  0.3620190E+07,  0.0000000E+00,  0.2680846E+05,  0.1104750E+06,  0.2247461E+05,  0.8105313E+03,  0.0000000E+00,  0.0000000E+00,  0.0000000E+00,  0.2611276E+06,  0.1856702E+06,  0.3195485E+06,  0.0000000E+00,    9
02/02/2012,  0.2086501E+07,  0.0000000E+00,  0.3123481E+04,  0.1953302E+06,  0.0000000E+00,  0.1263787E+07,  0.2327168E+05,  0.0000000E+00,  0.0000000E+00,  0.0000000E+00,  0.4291461E+09,  0.1201316E+08,  0.5735982E+08,  0.1830770E+11,  0.0000000E+00,  0.4168311E+09,  0.0000000E+00,  0.0000000E+00,  0.0000000E+00,  0.0000000E+00,  0.1632096E+07,  0.3100709E+04,  0.0000000E+00,  0.0000000E+00,  0.0000000E+00,  0.3998485E+07,  0.0000000E+00,  0.2816196E+05,  0.1093531E+06,  0.2421044E+05,  0.7255990E+03,  0.0000000E+00,  0.0000000E+00,  0.0000000E+00,  0.2417316E+06,  0.1838051E+06,  0.3080149E+06,  0.0000000E+00,    9
02/03/2012,  0.3103086E+07,  0.0000000E+00,  0.2679979E+04,  0.1838398E+06,  0.0000000E+00,  0.1272789E+07,  0.2094542E+05,  0.0000000E+00,  0.0000000E+00,  0.0000000E+00,  0.4256178E+09,  0.1160758E+08,  0.5722772E+08,  0.1830748E+11,  0.0000000E+00,  0.4168258E+09,  0.0000000E+00,  0.0000000E+00,  0.0000000E+00,  0.0000000E+00,  0.2666304E+07,  0.2326256E+04,  0.0000000E+00,  0.0000000E+00,  0.0000000E+00,  0.3712145E+07,  0.0000000E+00,  0.2267996E+05,  0.1034389E+06,  0.1981713E+05,  0.6450475E+03,  0.0000000E+00,  0.0000000E+00,  0.0000000E+00,  0.2211826E+06,  0.1866168E+06,  0.3307158E+06,  0.0000000E+00,   34
02/04/2012,  0.3105026E+07,  0.0000000E+00,  0.2283611E+04,  0.1740611E+06,  0.0000000E+00,  0.1257494E+07,  0.1875504E+05,  0.0000000E+00,  0.0000000E+00,  0.0000000E+00,  0.4216803E+09,  0.1123572E+08,  0.5712669E+08,  0.1830720E+11,  0.0000000E+00,  0.4168211E+09,  0.0000000E+00,  0.0000000E+00,  0.0000000E+00,  0.0000000E+00,  0.2725056E+07,  0.2190379E+04,  0.0000000E+00,  0.0000000E+00,  0.0000000E+00,  0.4109863E+07,  0.0000000E+00,  0.2472609E+05,  0.1381484E+06,  0.2216303E+05,  0.5785471E+03,  0.0000000E+00,  0.0000000E+00,  0.0000000E+00,  0.2043471E+06,  0.1817581E+06,  0.2807540E+06,  0.0000000E+00,    4
02/05/2012,  0.3161221E+07,  0.0000000E+00,  0.1891489E+04,  0.1650161E+06,  0.0000000E+00,  0.1249150E+07,  0.1678091E+05,  0.0000000E+00,  0.0000000E+00,  0.0000000E+00,  0.4174668E+09,  0.1087574E+08,  0.5702140E+08,  0.1830685E+11,  0.0000000E+00,  0.4168156E+09,  0.0000000E+00,  0.0000000E+00,  0.0000000E+00,  0.0000000E+00,  0.2658528E+07,  0.1974136E+04,  0.0000000E+00,  0.0000000E+00,  0.0000000E+00,  0.4386561E+07,  0.0000000E+00,  0.2738213E+05,  0.8085381E+05,  0.2582871E+05,  0.5186349E+03,  0.0000000E+00,  0.0000000E+00,  0.0000000E+00,  0.1974825E+06,  0.1779999E+06,  0.2755074E+06,  0.0000000E+00,    4
02/06/2012,  0.3148980E+07,  0.6442741E+05,  0.2388455E+04,  0.1686207E+06,  0.0000000E+00,  0.1307426E+07,  0.2219553E+07,  0.0000000E+00,  0.0000000E+00,  0.0000000E+00,  0.4205394E+09,  0.1096273E+08,  0.5715606E+08,  0.1830666E+11,  0.0000000E+00,  0.4168420E+09,  0.0000000E+00,  0.1207701E+08,  0.0000000E+00,  0.0000000E+00,  0.2687040E+07,  0.0000000E+00,  0.0000000E+00,  0.0000000E+00,  0.0000000E+00,  0.5460045E+07,  0.0000000E+00,  0.4086585E+05,  0.2427816E+06,  0.3558042E+05,  0.4753444E+03,  0.8992627E+03,  0.0000000E+00,  0.0000000E+00,  0.6435011E+06,  0.1808379E+06,  0.4680925E+06,  0.9253747E+07,   18
02/07/2012,  0.5846130E+07,  0.1938351E+05,  0.1636150E+04,  0.1642989E+06,  0.0000000E+00,  0.1302178E+07,  0.2315842E+07,  0.0000000E+00,  0.0000000E+00,  0.0000000E+00,  0.4189712E+09,  0.1069330E+08,  0.5708388E+08,  0.1830646E+11,  0.0000000E+00,  0.4168478E+09,  0.0000000E+00,  0.2942058E+07,  0.0000000E+00,  0.0000000E+00,  0.5429376E+07,  0.0000000E+00,  0.0000000E+00,  0.0000000E+00,  0.0000000E+00,  0.4169954E+07,  0.0000000E+00,  0.2956207E+05,  0.1896143E+06,  0.2560795E+05,  0.4480181E+03,  0.3137942E+03,  0.0000000E+00,  0.0000000E+00,  0.3688766E+06,  0.1840202E+06,  0.4115332E+06,  0.2683522E+07,   25
02/08/2012,  0.3156002E+07,  0.0000000E+00,  0.1293581E+04,  0.1555641E+06,  0.0000000E+00,  0.1198848E+07,  0.5824744E+06,  0.0000000E+00,  0.0000000E+00,  0.0000000E+00,  0.4159065E+09,  0.1037700E+08,  0.5696959E+08,  0.1830612E+11,  0.0000000E+00,  0.4168413E+09,  0.0000000E+00,  0.0000000E+00,  0.0000000E+00,  0.0000000E+00,  0.2669760E+07,  0.1733367E+07,  0.0000000E+00,  0.0000000E+00,  0.0000000E+00,  0.3226578E+07,  0.0000000E+00,  0.2807375E+05,  0.1063125E+06,  0.2576242E+05,  0.4209687E+03,  0.0000000E+00,  0.0000000E+00,  0.0000000E+00,  0.1739659E+06,  0.1768300E+06,  0.2605090E+06,  0.0000000E+00,   14
02/09/2012,  0.3115808E+07,  0.0000000E+00,  0.1012885E+04,  0.1498051E+06,  0.0000000E+00,  0.1217559E+07,  0.9803533E+05,  0.0000000E+00,  0.0000000E+00,  0.0000000E+00,  0.4115034E+09,  0.1010027E+08,  0.5685522E+08,  0.1830577E+11,  0.0000000E+00,  0.4168341E+09,  0.0000000E+00,  0.0000000E+00,  0.0000000E+00,  0.0000000E+00,  0.2278368E+07,  0.4844391E+06,  0.0000000E+00,  0.0000000E+00,  0.0000000E+00,  0.4543291E+07,  0.0000000E+00,  0.3112778E+05,  0.1328436E+06,  0.2945873E+05,  0.3835103E+03,  0.0000000E+00,  0.0000000E+00,  0.0000000E+00,  0.1584142E+06,  0.1730062E+06,  0.2419478E+06,  0.0000000E+00,    5
02/10/2012,  0.2709213E+07,  0.1699239E+05,  0.2261216E+04,  0.1459933E+06,  0.0000000E+00,  0.1243774E+07,  0.6010479E+06,  0.0000000E+00,  0.0000000E+00,  0.0000000E+00,  0.4088017E+09,  0.1000072E+08,  0.5679070E+08,  0.1830546E+11,  0.0000000E+00,  0.4168305E+09,  0.0000000E+00,  0.3522864E+07,  0.0000000E+00,  0.0000000E+00,  0.2177280E+07,  0.3988729E+05,  0.0000000E+00,  0.0000000E+00,  0.0000000E+00,  0.4937431E+07,  0.0000000E+00,  0.3465353E+05,  0.1521261E+06,  0.3450742E+05,  0.3497235E+03,  0.1555210E+02,  0.0000000E+00,  0.0000000E+00,  0.2576128E+06,  0.1745999E+06,  0.2877090E+06,  0.2367835E+07,    7
02/11/2012,  0.2005975E+07,  0.2671307E+05,  0.1364200E+04,  0.1433511E+06,  0.0000000E+00,  0.1242456E+07,  0.1936210E+07,  0.0000000E+00,  0.0000000E+00,  0.0000000E+00,  0.4091253E+09,  0.9894138E+07,  0.5683750E+08,  0.1830520E+11,  0.0000000E+00,  0.4168593E+09,  0.0000000E+00,  0.5366482E+07,  0.0000000E+00,  0.0000000E+00,  0.1537920E+07,  0.0000000E+00,  0.0000000E+00,  0.0000000E+00,  0.0000000E+00,  0.3165741E+07,  0.0000000E+00,  0.2724493E+05,  0.1442361E+06,  0.2749713E+05,  0.3225429E+03,  0.5992820E+03,  0.0000000E+00,  0.0000000E+00,  0.4193278E+06,  0.1733180E+06,  0.3454054E+06,  0.3773827E+07,   11
02/12/2012,  0.2119457E+07,  0.1160703E+06,  0.8414964E+04,  0.1715939E+06,  0.0000000E+00,  0.1406931E+07,  0.2315842E+07,  0.0000000E+00,  0.0000000E+00,  0.0000000E+00,  0.4189943E+09,  0.1076608E+08,  0.5707646E+08,  0.1830512E+11,  0.0000000E+00,  0.4169058E+09,  0.0000000E+00,  0.1781781E+08,  0.0000000E+00,  0.0000000E+00,  0.1696032E+07,  0.0000000E+00,  0.0000000E+00,  0.0000000E+00,  0.0000000E+00,  0.4164967E+07,  0.0000000E+00,  0.3128729E+05,  0.2671318E+06,  0.3085228E+05,  0.3326972E+03,  0.1001728E+04,  0.0000000E+00,  0.0000000E+00,  0.7911725E+06,  0.1854330E+06,  0.5210322E+06,  0.1569192E+08,   22
02/13/2012,  0.4232569E+07,  0.5618572E+06,  0.1642733E+06,  0.6799802E+06,  0.0000000E+00,  0.2448559E+07,  0.2315842E+07,  0.0000000E+00,  0.0000000E+00,  0.0000000E+00,  0.4787953E+09,  0.1707260E+08,  0.5784251E+08,  0.1830628E+11,  0.0000000E+00,  0.4172212E+09,  0.0000000E+00,  0.7592910E+08,  0.0000000E+00,  0.0000000E+00,  0.3682368E+07,  0.0000000E+00,  0.0000000E+00,  0.0000000E+00,  0.0000000E+00,  0.1332213E+07,  0.0000000E+00,  0.1092904E+05,  0.8740318E+05,  0.9202339E+04,  0.1035520E+05,  0.6137538E+04,  0.0000000E+00,  0.0000000E+00,  0.1380497E+07,  0.2344379E+06,  0.6036231E+06,  0.6944039E+08,   26
02/14/2012,  0.4041074E+07,  0.2295321E+06,  0.2599392E+05,  0.4932148E+06,  0.0000000E+00,  0.2077645E+07,  0.2315842E+07,  0.0000000E+00,  0.0000000E+00,  0.0000000E+00,  0.4999062E+09,  0.1838658E+08,  0.5843046E+08,  0.1830693E+11,  0.0000000E+00,  0.4172942E+09,  0.0000000E+00,  0.2877314E+08,  0.0000000E+00,  0.0000000E+00,  0.3753216E+07,  0.0000000E+00,  0.0000000E+00,  0.0000000E+00,  0.0000000E+00,  0.3199902E+07,  0.0000000E+00,  0.3330158E+05,  0.2156751E+06,  0.2487496E+05,  0.4062495E+04,  0.2885592E+04,  0.0000000E+00,  0.0000000E+00,  0.1242233E+07,  0.2401448E+06,  0.6209155E+06,  0.2715010E+08,   27
02/15/2012,  0.4093055E+07,  0.0000000E+00,  0.1201007E+05,  0.3936428E+06,  0.0000000E+00,  0.1804734E+07,  0.7822161E+06,  0.0000000E+00,  0.0000000E+00,  0.0000000E+00,  0.4974100E+09,  0.1737720E+08,  0.5849541E+08,  0.1830725E+11,  0.0000000E+00,  0.4172585E+09,  0.0000000E+00,  0.0000000E+00,  0.0000000E+00,  0.0000000E+00,  0.3772224E+07,  0.1533626E+07,  0.0000000E+00,  0.0000000E+00,  0.0000000E+00,  0.2774492E+07,  0.0000000E+00,  0.3525389E+05,  0.1634146E+06,  0.2712137E+05,  0.2368276E+04,  0.0000000E+00,  0.0000000E+00,  0.0000000E+00,  0.5572105E+06,  0.2341843E+06,  0.4582633E+06,  0.0000000E+00,   15
02/16/2012,  0.3340197E+07,  0.0000000E+00,  0.1050542E+05,  0.3474173E+06,  0.0000000E+00,  0.1622520E+07,  0.1239821E+06,  0.0000000E+00,  0.0000000E+00,  0.0000000E+00,  0.4935881E+09,  0.1648059E+08,  0.5850452E+08,  0.1830732E+11,  0.0000000E+00,  0.4172352E+09,  0.0000000E+00,  0.0000000E+00,  0.0000000E+00,  0.0000000E+00,  0.2957472E+07,  0.6582340E+06,  0.0000000E+00,  0.0000000E+00,  0.0000000E+00,  0.4092423E+07,  0.0000000E+00,  0.3922166E+05,  0.2085112E+06,  0.2830595E+05,  0.1935877E+04,  0.0000000E+00,  0.0000000E+00,  0.0000000E+00,  0.4940632E+06,  0.2278169E+06,  0.4465469E+06,  0.0000000E+00,   13
02/17/2012,  0.3399072E+07,  0.8787855E+04,  0.8526893E+04,  0.3103276E+06,  0.0000000E+00,  0.1561403E+07,  0.6997538E+06,  0.0000000E+00,  0.0000000E+00,  0.0000000E+00,  0.4892175E+09,  0.1569492E+08,  0.5848332E+08,  0.1830735E+11,  0.0000000E+00,  0.4172148E+09,  0.0000000E+00,  0.1824259E+07,  0.0000000E+00,  0.0000000E+00,  0.3003264E+07,  0.4790333E+05,  0.0000000E+00,  0.0000000E+00,  0.0000000E+00,  0.5689658E+07,  0.0000000E+00,  0.5295015E+05,  0.2460258E+06,  0.3851423E+05,  0.1623238E+04,  0.1292942E+03,  0.0000000E+00,  0.0000000E+00,  0.4879761E+06,  0.2233513E+06,  0.4567129E+06,  0.1118424E+07,   10
02/18/2012,  0.3396892E+07,  0.0000000E+00,  0.6925263E+04,  0.2771272E+06,  0.0000000E+00,  0.1531229E+07,  0.9094692E+05,  0.0000000E+00,  0.0000000E+00,  0.0000000E+00,  0.4859282E+09,  0.1491788E+08,  0.5840169E+08,  0.1830734E+11,  0.0000000E+00,  0.4172047E+09,  0.0000000E+00,  0.0000000E+00,  0.0000000E+00,  0.0000000E+00,  0.3074976E+07,  0.6088069E+06,  0.0000000E+00,  0.0000000E+00,  0.0000000E+00,  0.3629552E+07,  0.0000000E+00,  0.3566500E+05,  0.1433457E+06,  0.2705160E+05,  0.1360403E+04,  0.0000000E+00,  0.0000000E+00,  0.0000000E+00,  0.3727264E+06,  0.2213944E+06,  0.4188456E+06,  0.0000000E+00,    5
02/19/2012,  0.3471057E+07,  0.0000000E+00,  0.6431696E+04,  0.2544256E+06,  0.0000000E+00,  0.1459261E+07,  0.3266376E+05,  0.0000000E+00,  0.0000000E+00,  0.0000000E+00,  0.4819281E+09,  0.1426717E+08,  0.5829321E+08,  0.1830726E+11,  0.0000000E+00,  0.4171992E+09,  0.0000000E+00,  0.0000000E+00,  0.0000000E+00,  0.0000000E+00,  0.3061152E+07,  0.5828316E+05,  0.0000000E+00,  0.0000000E+00,  0.0000000E+00,  0.4263836E+07,  0.0000000E+00,  0.3663100E+05,  0.1507575E+06,  0.2772038E+05,  0.1167051E+04,  0.0000000E+00,  0.0000000E+00,  0.0000000E+00,  0.3433673E+06,  0.2184028E+06,  0.4153153E+06,  0.0000000E+00,   10
02/20/2012,  0.3463963E+07,  0.0000000E+00,  0.5454953E+04,  0.2340205E+06,  0.0000000E+00,  0.1422587E+07,  0.1789878E+05,  0.0000000E+00,  0.0000000E+00,  0.0000000E+00,  0.4777874E+09,  0.1366776E+08,  0.5817542E+08,  0.1830714E+11,  0.0000000E+00,  0.4172013E+09,  0.0000000E+00,  0.0000000E+00,  0.0000000E+00,  0.0000000E+00,  0.3051648E+07,  0.1476497E+05,  0.0000000E+00,  0.0000000E+00,  0.0000000E+00,  0.4403807E+07,  0.0000000E+00,  0.3195118E+05,  0.1447393E+06,  0.2465875E+05,  0.9936723E+03,  0.0000000E+00,  0.0000000E+00,  0.0000000E+00,  0.3111401E+06,  0.2152141E+06,  0.3970814E+06,  0.0000000E+00,    9
02/21/2012,  0.3466388E+07,  0.0000000E+00,  0.4340381E+04,  0.2170537E+06,  0.0000000E+00,  0.1407674E+07,  0.8140056E+04,  0.0000000E+00,  0.0000000E+00,  0.0000000E+00,  0.4716822E+09,  0.1309564E+08,  0.5802858E+08,  0.1830695E+11,  0.0000000E+00,  0.4171972E+09,  0.0000000E+00,  0.0000000E+00,  0.0000000E+00,  0.0000000E+00,  0.3055104E+07,  0.9758729E+04,  0.0000000E+00,  0.0000000E+00,  0.0000000E+00,  0.6370643E+07,  0.0000000E+00,  0.4873260E+05,  0.1796874E+06,  0.3923325E+05,  0.8729443E+03,  0.0000000E+00,  0.0000000E+00,  0.0000000E+00,  0.2942582E+06,  0.2098979E+06,  0.3924994E+06,  0.0000000E+00,    9
02/22/2012,  0.3459391E+07,  0.0000000E+00,  0.3389907E+04,  0.1998289E+06,  0.0000000E+00,  0.1382294E+07,  0.4156959E+04,  0.0000000E+00,  0.0000000E+00,  0.0000000E+00,  0.4649666E+09,  0.1253155E+08,  0.5786652E+08,  0.1830674E+11,  0.0000000E+00,  0.4171965E+09,  0.0000000E+00,  0.0000000E+00,  0.0000000E+00,  0.0000000E+00,  0.3033504E+07,  0.3983097E+04,  0.0000000E+00,  0.0000000E+00,  0.0000000E+00,  0.7025962E+07,  0.0000000E+00,  0.5072711E+05,  0.1737719E+06,  0.4306807E+05,  0.7574291E+03,  0.0000000E+00,  0.0000000E+00,  0.0000000E+00,  0.2562291E+06,  0.2064472E+06,  0.3677165E+06,  0.0000000E+00,    6
02/23/2012,  0.3853785E+07,  0.0000000E+00,  0.2653694E+04,  0.1859452E+06,  0.0000000E+00,  0.1380590E+07,  0.2501491E+04,  0.0000000E+00,  0.0000000E+00,  0.0000000E+00,  0.4584783E+09,  0.1199779E+08,  0.5769437E+08,  0.1830650E+11,  0.0000000E+00,  0.4171993E+09,  0.0000000E+00,  0.0000000E+00,  0.0000000E+00,  0.0000000E+00,  0.3473280E+07,  0.1655468E+04,  0.0000000E+00,  0.0000000E+00,  0.0000000E+00,  0.6800803E+07,  0.0000000E+00,  0.5076700E+05,  0.1506079E+06,  0.4616708E+05,  0.6640541E+03,  0.0000000E+00,  0.0000000E+00,  0.0000000E+00,  0.2341369E+06,  0.2020953E+06,  0.3556863E+06,  0.0000000E+00,   10
02/24/2012,  0.3584813E+07,  0.0000000E+00,  0.2275746E+04,  0.1741830E+06,  0.0000000E+00,  0.1357236E+07,  0.1610500E+04,  0.0000000E+00,  0.0000000E+00,  0.0000000E+00,  0.4523561E+09,  0.1153077E+08,  0.5752903E+08,  0.1830624E+11,  0.0000000E+00,  0.4172106E+09,  0.0000000E+00,  0.0000000E+00,  0.0000000E+00,  0.0000000E+00,  0.3153600E+07,  0.8909906E+03,  0.0000000E+00,  0.0000000E+00,  0.0000000E+00,  0.6399120E+07,  0.0000000E+00,  0.4298888E+05,  0.1494333E+06,  0.4220614E+05,  0.5859647E+03,  0.0000000E+00,  0.0000000E+00,  0.0000000E+00,  0.2119294E+06,  0.1988597E+06,  0.3344416E+06,  0.0000000E+00,   10
02/25/2012,  0.3550054E+07,  0.0000000E+00,  0.1830055E+04,  0.1645056E+06,  0.0000000E+00,  0.1348824E+07,  0.1166108E+04,  0.0000000E+00,  0.0000000E+00,  0.0000000E+00,  0.4479732E+09,  0.1110809E+08,  0.5737542E+08,  0.1830597E+11,  0.0000000E+00,  0.4172329E+09,  0.0000000E+00,  0.0000000E+00,  0.0000000E+00,  0.0000000E+00,  0.2786400E+07,  0.4443922E+03,  0.0000000E+00,  0.0000000E+00,  0.0000000E+00,  0.4639246E+07,  0.0000000E+00,  0.3045799E+05,  0.1084980E+06,  0.3222692E+05,  0.5202647E+03,  0.0000000E+00,  0.0000000E+00,  0.0000000E+00,  0.1943436E+06,  0.1948766E+06,  0.3176554E+06,  0.0000000E+00,    6
02/26/2012,  0.3189123E+07,  0.0000000E+00,  0.1716086E+04,  0.1581856E+06,  0.0000000E+00,  0.1365847E+07,  0.8749220E+03,  0.0000000E+00,  0.0000000E+00,  0.0000000E+00,  0.4439671E+09,  0.1076703E+08,  0.5722719E+08,  0.1830570E+11,  0.0000000E+00,  0.4172591E+09,  0.0000000E+00,  0.0000000E+00,  0.0000000E+00,  0.0000000E+00,  0.2802816E+07,  0.2911859E+03,  0.0000000E+00,  0.0000000E+00,  0.0000000E+00,  0.4202174E+07,  0.0000000E+00,  0.2586384E+05,  0.1156942E+06,  0.2923338E+05,  0.4606329E+03,  0.0000000E+00,  0.0000000E+00,  0.0000000E+00,  0.1770145E+06,  0.1923497E+06,  0.2995326E+06,  0.0000000E+00,    5
02/27/2012,  0.3194023E+07,  0.0000000E+00,  0.1491439E+04,  0.1523043E+06,  0.0000000E+00,  0.1369598E+07,  0.6857982E+03,  0.0000000E+00,  0.0000000E+00,  0.0000000E+00,  0.4406119E+09,  0.1046298E+08,  0.5708812E+08,  0.1830540E+11,  0.0000000E+00,  0.4172887E+09,  0.0000000E+00,  0.0000000E+00,  0.0000000E+00,  0.0000000E+00,  0.2808000E+07,  0.1891239E+03,  0.0000000E+00,  0.0000000E+00,  0.0000000E+00,  0.3533270E+07,  0.0000000E+00,  0.2154583E+05,  0.9056998E+05,  0.2635200E+05,  0.4163988E+03,  0.0000000E+00,  0.0000000E+00,  0.0000000E+00,  0.1613775E+06,  0.1895724E+06,  0.2790592E+06,  0.0000000E+00,    5
02/28/2012,  0.4710244E+07,  0.1887852E+06,  0.1732765E+05,  0.2251445E+06,  0.0000000E+00,  0.1705204E+07,  0.2315842E+07,  0.0000000E+00,  0.0000000E+00,  0.0000000E+00,  0.4578640E+09,  0.1247588E+08,  0.5744987E+08,  0.1830562E+11,  0.0000000E+00,  0.4174447E+09,  0.0000000E+00,  0.2787312E+08,  0.0000000E+00,  0.0000000E+00,  0.4360608E+07,  0.0000000E+00,  0.0000000E+00,  0.0000000E+00,  0.0000000E+00,  0.2800047E+07,  0.0000000E+00,  0.3298185E+05,  0.1616449E+06,  0.3156136E+05,  0.2001448E+04,  0.2281406E+04,  0.0000000E+00,  0.0000000E+00,  0.9576463E+06,  0.2138583E+06,  0.5630905E+06,  0.2305331E+08,   27
02/29/2012,  0.1574026E+08,  0.1108157E+06,  0.8256892E+04,  0.2209541E+06,  0.0000000E+00,  0.1703140E+07,  0.2315842E+07,  0.0000000E+00,  0.0000000E+00,  0.0000000E+00,  0.4683192E+09,  0.1313409E+08,  0.5773586E+08,  0.1830577E+11,  0.0000000E+00,  0.4175260E+09,  0.0000000E+00,  0.1497505E+08,  0.0000000E+00,  0.0000000E+00,  0.1544054E+08,  0.0000000E+00,  0.0000000E+00,  0.0000000E+00,  0.0000000E+00,  0.2182774E+07,  0.0000000E+00,  0.2335507E+05,  0.1350515E+06,  0.2112678E+05,  0.9399599E+03,  0.1341837E+04,  0.0000000E+00,  0.0000000E+00,  0.7873033E+06,  0.2304709E+06,  0.4780040E+06,  0.1408316E+08,   19
03/01/2012,  0.9696319E+07,  0.4022077E+06,  0.6383177E+05,  0.5195764E+06,  0.0000000E+00,  0.2025370E+07,  0.2315842E+07,  0.0000000E+00,  0.0000000E+00,  0.0000000E+00,  0.5066177E+09,  0.1767620E+08,  0.5832464E+08,  0.1830635E+11,  0.0000000E+00,  0.4176914E+09,  0.0000000E+00,  0.4982278E+08,  0.0000000E+00,  0.0000000E+00,  0.9028800E+07,  0.0000000E+00,  0.0000000E+00,  0.0000000E+00,  0.0000000E+00,  0.2289102E+07,  0.0000000E+00,  0.2067694E+05,  0.1421420E+06,  0.1752996E+05,  0.2638390E+04,  0.3523724E+04,  0.0000000E+00,  0.0000000E+00,  0.1283906E+07,  0.2645135E+06,  0.6745330E+06,  0.4673512E+08,   34
03/02/2012,  0.4099794E+07,  0.0000000E+00,  0.8481330E+04,  0.3374449E+06,  0.0000000E+00,  0.1502098E+07,  0.3167715E+06,  0.0000000E+00,  0.0000000E+00,  0.0000000E+00,  0.5029102E+09,  0.1675444E+08,  0.5836186E+08,  0.1830615E+11,  0.0000000E+00,  0.4176897E+09,  0.0000000E+00,  0.0000000E+00,  0.0000000E+00,  0.0000000E+00,  0.3565728E+07,  0.1999070E+07,  0.0000000E+00,  0.0000000E+00,  0.0000000E+00,  0.3984972E+07,  0.0000000E+00,  0.3585530E+05,  0.2230154E+06,  0.2926134E+05,  0.8754183E+03,  0.0000000E+00,  0.0000000E+00,  0.0000000E+00,  0.5397258E+06,  0.2422610E+06,  0.4675984E+06,  0.0000000E+00,   24
03/03/2012,  0.3967783E+07,  0.0000000E+00,  0.5575054E+04,  0.3003305E+06,  0.0000000E+00,  0.1526708E+07,  0.1314391E+05,  0.0000000E+00,  0.0000000E+00,  0.0000000E+00,  0.4967533E+09,  0.1582457E+08,  0.5832500E+08,  0.1830593E+11,  0.0000000E+00,  0.4176967E+09,  0.0000000E+00,  0.0000000E+00,  0.0000000E+00,  0.0000000E+00,  0.3486240E+07,  0.3036276E+06,  0.0000000E+00,  0.0000000E+00,  0.0000000E+00,  0.6567945E+07,  0.0000000E+00,  0.4520801E+05,  0.2484907E+06,  0.3508486E+05,  0.7267465E+03,  0.0000000E+00,  0.0000000E+00,  0.0000000E+00,  0.4486737E+06,  0.2364957E+06,  0.4410001E+06,  0.0000000E+00,   10
03/04/2012,  0.4616584E+07,  0.0000000E+00,  0.3930859E+04,  0.2676786E+06,  0.0000000E+00,  0.1523032E+07,  0.2229061E+04,  0.0000000E+00,  0.0000000E+00,  0.0000000E+00,  0.4904545E+09,  0.1488957E+08,  0.5822432E+08,  0.1830575E+11,  0.0000000E+00,  0.4177043E+09,  0.0000000E+00,  0.0000000E+00,  0.0000000E+00,  0.0000000E+00,  0.4200768E+07,  0.1091485E+05,  0.0000000E+00,  0.0000000E+00,  0.0000000E+00,  0.6823410E+07,  0.0000000E+00,  0.5238681E+05,  0.2294461E+06,  0.4221366E+05,  0.6341725E+03,  0.0000000E+00,  0.0000000E+00,  0.0000000E+00,  0.3703837E+06,  0.2321357E+06,  0.4188402E+06,  0.0000000E+00,   10
03/05/2012,  0.4590120E+07,  0.1195566E+06,  0.1290027E+05,  0.2810348E+06,  0.0000000E+00,  0.1637254E+07,  0.2315842E+07,  0.0000000E+00,  0.0000000E+00,  0.0000000E+00,  0.4952918E+09,  0.1558085E+08,  0.5849227E+08,  0.1830575E+11,  0.0000000E+00,  0.4178033E+09,  0.0000000E+00,  0.1737220E+08,  0.0000000E+00,  0.0000000E+00,  0.4133376E+07,  0.0000000E+00,  0.0000000E+00,  0.0000000E+00,  0.0000000E+00,  0.7182558E+07,  0.0000000E+00,  0.6058249E+05,  0.3493192E+06,  0.4678624E+05,  0.1546182E+04,  0.1778961E+04,  0.0000000E+00,  0.0000000E+00,  0.9902618E+06,  0.2403752E+06,  0.6618720E+06,  0.1375649E+08,   21
03/06/2012,  0.4582302E+07,  0.0000000E+00,  0.4363982E+04,  0.2541071E+06,  0.0000000E+00,  0.1539570E+07,  0.4653800E+06,  0.0000000E+00,  0.0000000E+00,  0.0000000E+00,  0.4924094E+09,  0.1470618E+08,  0.5838384E+08,  0.1830557E+11,  0.0000000E+00,  0.4178193E+09,  0.0000000E+00,  0.0000000E+00,  0.0000000E+00,  0.0000000E+00,  0.3738528E+07,  0.1850462E+07,  0.0000000E+00,  0.0000000E+00,  0.0000000E+00,  0.3377868E+07,  0.6208819E-05,  0.4010211E+05,  0.1028432E+06,  0.3428112E+05,  0.9359721E+03,  0.0000000E+00,  0.0000000E+00,  0.0000000E+00,  0.3511326E+06,  0.2313859E+06,  0.4205904E+06,  0.0000000E+00,    2
03/07/2012,  0.4195164E+07,  0.0000000E+00,  0.4470912E+04,  0.2347924E+06,  0.0000000E+00,  0.1497470E+07,  0.1968454E+05,  0.0000000E+00,  0.0000000E+00,  0.0000000E+00,  0.4874501E+09,  0.1409901E+08,  0.5825371E+08,  0.1830537E+11,  0.0000000E+00,  0.4178389E+09,  0.0000000E+00,  0.0000000E+00,  0.0000000E+00,  0.0000000E+00,  0.3375648E+07,  0.4456954E+06,  0.0000000E+00,  0.0000000E+00,  0.0000000E+00,  0.5231900E+07,  0.0000000E+00,  0.3929762E+05,  0.1587880E+06,  0.3235358E+05,  0.7802665E+03,  0.0000000E+00,  0.0000000E+00,  0.0000000E+00,  0.3236891E+06,  0.2290880E+06,  0.4149024E+06,  0.0000000E+00,    6
03/08/2012,  0.3402393E+07,  0.0000000E+00,  0.3345701E+04,  0.2164076E+06,  0.0000000E+00,  0.1460402E+07,  0.1529643E+04,  0.0000000E+00,  0.0000000E+00,  0.0000000E+00,  0.4810847E+09,  0.1345186E+08,  0.5805816E+08,  0.1830515E+11,  0.0000000E+00,  0.4178551E+09,  0.0000000E+00,  0.0000000E+00,  0.0000000E+00,  0.0000000E+00,  0.2960928E+07,  0.1815490E+05,  0.0000000E+00,  0.0000000E+00,  0.0000000E+00,  0.6724319E+07,  0.0000000E+00,  0.4625630E+05,  0.1714537E+06,  0.3946349E+05,  0.6785172E+03,  0.0000000E+00,  0.0000000E+00,  0.0000000E+00,  0.2926056E+06,  0.2247908E+06,  0.4420022E+06,  0.0000000E+00,   19
03/09/2012,  0.3388658E+07,  0.0000000E+00,  0.2517425E+04,  0.1993943E+06,  0.0000000E+00,  0.1449904E+07,  0.1745994E+03,  0.0000000E+00,  0.0000000E+00,  0.0000000E+00,  0.4744967E+09,  0.1280199E+08,  0.5788477E+08,  0.1830486E+11,  0.0000000E+00,  0.4178672E+09,  0.0000000E+00,  0.0000000E+00,  0.0000000E+00,  0.0000000E+00,  0.2562624E+07,  0.1355044E+04,  0.0000000E+00,  0.0000000E+00,  0.0000000E+00,  0.7001218E+07,  0.0000000E+00,  0.5087905E+05,  0.1827272E+06,  0.4612720E+05,  0.5996793E+03,  0.0000000E+00,  0.0000000E+00,  0.0000000E+00,  0.2528765E+06,  0.2187428E+06,  0.3754707E+06,  0.0000000E+00,    6
03/10/2012,  0.3327307E+07,  0.0000000E+00,  0.2052129E+04,  0.1860804E+06,  0.0000000E+00,  0.1456888E+07,  0.1594764E+02,  0.0000000E+00,  0.0000000E+00,  0.0000000E+00,  0.4685431E+09,  0.1220583E+08,  0.5770196E+08,  0.1830459E+11,  0.0000000E+00,  0.4178828E+09,  0.0000000E+00,  0.0000000E+00,  0.0000000E+00,  0.0000000E+00,  0.2921184E+07,  0.1586518E+03,  0.0000000E+00,  0.0000000E+00,  0.0000000E+00,  0.6337887E+07,  0.0000000E+00,  0.4709848E+05,  0.1431609E+06,  0.4451126E+05,  0.5255965E+03,  0.0000000E+00,  0.0000000E+00,  0.0000000E+00,  0.2367432E+06,  0.2135473E+06,  0.3725571E+06,  0.0000000E+00,   10
03/11/2012,  0.3341386E+07,  0.0000000E+00,  0.1749058E+04,  0.1750350E+06,  0.0000000E+00,  0.1449200E+07,  0.0000000E+00,  0.0000000E+00,  0.0000000E+00,  0.0000000E+00,  0.4640978E+09,  0.1170013E+08,  0.5753655E+08,  0.1830429E+11,  0.0000000E+00,  0.4179072E+09,  0.0000000E+00,  0.0000000E+00,  0.0000000E+00,  0.0000000E+00,  0.3036960E+07,  0.1594764E+02,  0.0000000E+00,  0.0000000E+00,  0.0000000E+00,  0.4774879E+07,  0.0000000E+00,  0.3315830E+05,  0.1168822E+06,  0.3248786E+05,  0.4655967E+03,  0.0000000E+00,  0.0000000E+00,  0.0000000E+00,  0.2091159E+06,  0.2102400E+06,  0.3414694E+06,  0.0000000E+00,    4
03/12/2012,  0.3441703E+07,  0.0000000E+00,  0.1554081E+04,  0.1679261E+06,  0.0000000E+00,  0.1444963E+07,  0.0000000E+00,  0.0000000E+00,  0.0000000E+00,  0.0000000E+00,  0.4577610E+09,  0.1128284E+08,  0.5734973E+08,  0.1830401E+11,  0.0000000E+00,  0.4179180E+09,  0.0000000E+00,  0.0000000E+00,  0.0000000E+00,  0.0000000E+00,  0.3038688E+07,  0.0000000E+00,  0.0000000E+00,  0.0000000E+00,  0.0000000E+00,  0.6596488E+07,  0.0000000E+00,  0.4747261E+05,  0.1666561E+06,  0.4889425E+05,  0.4161193E+03,  0.0000000E+00,  0.0000000E+00,  0.0000000E+00,  0.1938951E+06,  0.2061177E+06,  0.3333541E+06,  0.0000000E+00,    5
03/13/2012,  0.8394073E+07,  0.3404103E+06,  0.1940434E+05,  0.3392622E+06,  0.0000000E+00,  0.1966345E+07,  0.2315842E+07,  0.0000000E+00,  0.0000000E+00,  0.0000000E+00,  0.4892506E+09,  0.1535064E+08,  0.5781746E+08,  0.1830447E+11,  0.0000000E+00,  0.4181371E+09,  0.0000000E+00,  0.4610958E+08,  0.0000000E+00,  0.0000000E+00,  0.7927200E+07,  0.0000000E+00,  0.0000000E+00,  0.0000000E+00,  0.0000000E+00,  0.3814320E+07,  0.0000000E+00,  0.3976309E+05,  0.1903706E+06,  0.3403160E+05,  0.4084744E+04,  0.3979144E+04,  0.0000000E+00,  0.0000000E+00,  0.1205621E+07,  0.2427505E+06,  0.6982877E+06,  0.4069732E+08,   25
03/14/2012,  0.8622769E+07,  0.2915619E+06,  0.1507278E+05,  0.4286341E+06,  0.0000000E+00,  0.1923598E+07,  0.2315842E+07,  0.0000000E+00,  0.0000000E+00,  0.0000000E+00,  0.5129342E+09,  0.1822379E+08,  0.5840191E+08,  0.1830487E+11,  0.0000000E+00,  0.4183084E+09,  0.0000000E+00,  0.3477858E+08,  0.0000000E+00,  0.0000000E+00,  0.8051616E+07,  0.0000000E+00,  0.0000000E+00,  0.0000000E+00,  0.0000000E+00,  0.4919899E+07,  0.0000000E+00,  0.5896186E+05,  0.2622443E+06,  0.4593010E+05,  0.6866847E+04,  0.4055604E+04,  0.0000000E+00,  0.0000000E+00,  0.1407934E+07,  0.2581395E+06,  0.7646089E+06,  0.3307703E+08,   21
03/15/2012,  0.4456917E+07,  0.4883644E+05,  0.7225985E+04,  0.3394322E+06,  0.0000000E+00,  0.1603416E+07,  0.2315842E+07,  0.0000000E+00,  0.0000000E+00,  0.0000000E+00,  0.5115333E+09,  0.1765777E+08,  0.5851044E+08,  0.1830479E+11,  0.0000000E+00,  0.4183180E+09,  0.0000000E+00,  0.5912850E+07,  0.0000000E+00,  0.0000000E+00,  0.3887136E+07,  0.0000000E+00,  0.0000000E+00,  0.0000000E+00,  0.0000000E+00,  0.6593839E+07,  0.0000000E+00,  0.6723998E+05,  0.3669985E+06,  0.5319381E+05,  0.2556858E+04,  0.6498765E+03,  0.0000000E+00,  0.0000000E+00,  0.8264232E+06,  0.2497994E+06,  0.6507751E+06,  0.5552738E+07,   13
03/16/2012,  0.5063220E+08,  0.1871033E+07,  0.1291392E+07,  0.5313878E+07,  0.0000000E+00,  0.7695484E+07,  0.2315842E+07,  0.0000000E+00,  0.0000000E+00,  0.0000000E+00,  0.6452525E+09,  0.4402989E+08,  0.6140122E+08,  0.1831190E+11,  0.0000000E+00,  0.4196219E+09,  0.0000000E+00,  0.1892160E+09,  0.0000000E+00,  0.0000000E+00,  0.4781635E+08,  0.0000000E+00,  0.0000000E+00,  0.0000000E+00,  0.0000000E+00,  0.4202537E+07,  0.0000000E+00,  0.5161948E+05,  0.2492933E+06,  0.3817046E+05,  0.2602303E+06,  0.2273887E+05,  0.0000000E+00,  0.0000000E+00,  0.5194840E+07,  0.4209683E+06,  0.2254674E+07,  0.1759332E+09,  470
03/17/2012,  0.1019617E+08,  0.8657334E+05,  0.5030221E+05,  0.1072187E+07,  0.0000000E+00,  0.2274027E+07,  0.2185635E+07,  0.0000000E+00,  0.0000000E+00,  0.0000000E+00,  0.6472366E+09,  0.4263277E+08,  0.6278415E+08,  0.1831261E+11,  0.0000000E+00,  0.4198279E+09,  0.0000000E+00,  0.7879832E+07,  0.0000000E+00,  0.0000000E+00,  0.9133344E+07,  0.1302065E+06,  0.0000000E+00,  0.0000000E+00,  0.0000000E+00,  0.2891510E+07,  0.0000000E+00,  0.3598041E+05,  0.1577154E+06,  0.2951307E+05,  0.1295938E+05,  0.5834451E+03,  0.0000000E+00,  0.0000000E+00,  0.2777967E+07,  0.4481680E+06,  0.1358855E+07,  0.6943749E+07,   76
03/18/2012,  0.4088892E+07,  0.1422961E+05,  0.1720176E+05,  0.8548322E+06,  0.0000000E+00,  0.2114971E+07,  0.1001746E+07,  0.0000000E+00,  0.0000000E+00,  0.0000000E+00,  0.6461518E+09,  0.3988966E+08,  0.6327253E+08,  0.1831296E+11,  0.0000000E+00,  0.4200641E+09,  0.0000000E+00,  0.1112519E+07,  0.0000000E+00,  0.0000000E+00,  0.3189024E+07,  0.1183889E+07,  0.0000000E+00,  0.0000000E+00,  0.0000000E+00,  0.2769312E+07,  0.6208819E-05,  0.2636747E+05,  0.1380560E+06,  0.2299827E+05,  0.8628373E+04,  0.3903975E+03,  0.0000000E+00,  0.0000000E+00,  0.1709281E+07,  0.4583424E+06,  0.1194982E+07,  0.1072946E+07,   35
03/19/2012,  0.3398019E+07,  0.0000000E+00,  0.1528457E+05,  0.7287491E+06,  0.0000000E+00,  0.2092834E+07,  0.3904135E+05,  0.0000000E+00,  0.0000000E+00,  0.0000000E+00,  0.6414560E+09,  0.3724387E+08,  0.6343219E+08,  0.1831312E+11,  0.0000000E+00,  0.4202859E+09,  0.0000000E+00,  0.0000000E+00,  0.0000000E+00,  0.0000000E+00,  0.2616192E+07,  0.9627046E+06,  0.0000000E+00,  0.0000000E+00,  0.0000000E+00,  0.5666375E+07,  0.0000000E+00,  0.5396942E+05,  0.2814421E+06,  0.4113873E+05,  0.6264053E+04,  0.0000000E+00,  0.0000000E+00,  0.0000000E+00,  0.1370461E+07,  0.4454989E+06,  0.1157317E+07,  0.0000000E+00,   19
03/20/2012,  0.2861484E+07,  0.0000000E+00,  0.1166177E+05,  0.6325844E+06,  0.0000000E+00,  0.3138063E+07,  0.1863539E+02,  0.0000000E+00,  0.0000000E+00,  0.0000000E+00,  0.6352147E+09,  0.3445640E+08,  0.6333432E+08,  0.1831423E+11,  0.0000000E+00,  0.4205102E+09,  0.0000000E+00,  0.0000000E+00,  0.0000000E+00,  0.0000000E+00,  0.3232224E+07,  0.3902272E+05,  0.0000000E+00,  0.0000000E+00,  0.0000000E+00,  0.7732771E+07,  0.0000000E+00,  0.6333198E+05,  0.3135079E+06,  0.4912977E+05,  0.4765902E+04,  0.0000000E+00,  0.0000000E+00,  0.0000000E+00,  0.1099469E+07,  0.4524985E+06,  0.1135186E+07,  0.0000000E+00,   71
03/21/2012,  0.2636328E+07,  0.0000000E+00,  0.8626293E+04,  0.5505020E+06,  0.0000000E+00,  0.2709115E+07,  0.0000000E+00,  0.0000000E+00,  0.0000000E+00,  0.0000000E+00,  0.6283795E+09,  0.3161348E+08,  0.6312198E+08,  0.1831486E+11,  0.0000000E+00,  0.4207441E+09,  0.0000000E+00,  0.0000000E+00,  0.0000000E+00,  0.0000000E+00,  0.2654208E+07,  0.1863539E+02,  0.0000000E+00,  0.0000000E+00,  0.0000000E+00,  0.8646165E+07,  0.0000000E+00,  0.7145502E+05,  0.2941054E+06,  0.5968490E+05,  0.3739137E+04,  0.0000000E+00,  0.0000000E+00,  0.0000000E+00,  0.9086156E+06,  0.4394642E+06,  0.1050929E+07,  0.0000000E+00,   51
03/22/2012,  0.2807408E+07,  0.0000000E+00,  0.7155965E+04,  0.4852237E+06,  0.0000000E+00,  0.2486907E+07,  0.0000000E+00,  0.0000000E+00,  0.0000000E+00,  0.0000000E+00,  0.6239066E+09,  0.2903807E+08,  0.6287762E+08,  0.1831521E+11,  0.0000000E+00,  0.4210198E+09,  0.0000000E+00,  0.0000000E+00,  0.0000000E+00,  0.0000000E+00,  0.2657376E+07,  0.0000000E+00,  0.0000000E+00,  0.0000000E+00,  0.0000000E+00,  0.6224239E+07,  0.0000000E+00,  0.4721578E+05,  0.2275746E+06,  0.4130340E+05,  0.2984475E+04,  0.0000000E+00,  0.0000000E+00,  0.0000000E+00,  0.7574606E+06,  0.4287468E+06,  0.9556648E+06,  0.0000000E+00,   38
03/23/2012,  0.2892492E+07,  0.0000000E+00,  0.6767719E+04,  0.4396922E+06,  0.0000000E+00,  0.2362010E+07,  0.0000000E+00,  0.0000000E+00,  0.0000000E+00,  0.0000000E+00,  0.6178701E+09,  0.2708054E+08,  0.6261905E+08,  0.1831534E+11,  0.0000000E+00,  0.4213019E+09,  0.0000000E+00,  0.0000000E+00,  0.0000000E+00,  0.0000000E+00,  0.2647296E+07,  0.0000000E+00,  0.0000000E+00,  0.0000000E+00,  0.0000000E+00,  0.7284049E+07,  0.0000000E+00,  0.5450875E+05,  0.2432069E+06,  0.4974000E+05,  0.2448099E+04,  0.0000000E+00,  0.0000000E+00,  0.0000000E+00,  0.6803466E+06,  0.4193289E+06,  0.8852680E+06,  0.0000000E+00,   36
03/24/2012,  0.2536040E+08,  0.1631661E+07,  0.1483310E+07,  0.4638363E+07,  0.0000000E+00,  0.7145414E+07,  0.2315842E+07,  0.0000000E+00,  0.0000000E+00,  0.0000000E+00,  0.7016702E+09,  0.6206270E+08,  0.6645853E+08,  0.1832024E+11,  0.0000000E+00,  0.4232933E+09,  0.0000000E+00,  0.1470054E+09,  0.0000000E+00,  0.0000000E+00,  0.2203978E+08,  0.0000000E+00,  0.0000000E+00,  0.0000000E+00,  0.0000000E+00,  0.3037840E+07,  0.0000000E+00,  0.4238462E+05,  0.1779252E+06,  0.3438006E+05,  0.1733611E+06,  0.2021695E+05,  0.0000000E+00,  0.0000000E+00,  0.6263340E+07,  0.5739638E+06,  0.2384818E+07,  0.1338044E+09,  299
03/25/2012,  0.1921865E+08,  0.4590034E+05,  0.3368771E+05,  0.1206791E+07,  0.0000000E+00,  0.4402348E+07,  0.2315842E+07,  0.0000000E+00,  0.0000000E+00,  0.0000000E+00,  0.7020478E+09,  0.5849159E+08,  0.6783964E+08,  0.1832161E+11,  0.0000000E+00,  0.4242351E+09,  0.0000000E+00,  0.4003678E+07,  0.0000000E+00,  0.0000000E+00,  0.1923955E+08,  0.0000000E+00,  0.0000000E+00,  0.0000000E+00,  0.0000000E+00,  0.2933666E+07,  0.0000000E+00,  0.4395285E+05,  0.1708447E+06,  0.3734859E+05,  0.9347559E+04,  0.4800588E+03,  0.0000000E+00,  0.0000000E+00,  0.3232233E+07,  0.6161101E+06,  0.1807321E+07,  0.3606154E+07, 1169
03/26/2012,  0.5944383E+07,  0.3087695E+05,  0.3018294E+05,  0.1044049E+07,  0.0000000E+00,  0.4025797E+07,  0.2177318E+07,  0.0000000E+00,  0.0000000E+00,  0.0000000E+00,  0.6997448E+09,  0.5539114E+08,  0.6839222E+08,  0.1832245E+11,  0.0000000E+00,  0.4249680E+09,  0.0000000E+00,  0.2457986E+07,  0.0000000E+00,  0.0000000E+00,  0.5570208E+07,  0.1385235E+06,  0.0000000E+00,  0.0000000E+00,  0.0000000E+00,  0.4955225E+07,  0.0000000E+00,  0.5910668E+05,  0.2659648E+06,  0.4726409E+05,  0.6307360E+04,  0.4458713E+03,  0.0000000E+00,  0.0000000E+00,  0.2335649E+07,  0.6157825E+06,  0.1723819E+07,  0.2352161E+07,   56
03/27/2012,  0.2865641E+08,  0.8556012E+06,  0.7877301E+06,  0.3352347E+07,  0.0000000E+00,  0.5457088E+07,  0.2315842E+07,  0.0000000E+00,  0.0000000E+00,  0.0000000E+00,  0.7288114E+09,  0.7512334E+08,  0.7142445E+08,  0.1832533E+11,  0.0000000E+00,  0.4261105E+09,  0.0000000E+00,  0.6689724E+08,  0.0000000E+00,  0.0000000E+00,  0.2561501E+08,  0.0000000E+00,  0.0000000E+00,  0.0000000E+00,  0.0000000E+00,  0.4919396E+07,  0.0000000E+00,  0.6567713E+05,  0.2789724E+06,  0.5085502E+05,  0.4954859E+05,  0.1281201E+05,  0.0000000E+00,  0.0000000E+00,  0.5778837E+07,  0.6999948E+06,  0.2682072E+07,  0.6298665E+08,  901
03/28/2012,  0.1199161E+08,  0.3615557E+04,  0.4248036E+05,  0.1402277E+07,  0.0000000E+00,  0.3941009E+07,  0.5018742E+06,  0.0000000E+00,  0.0000000E+00,  0.0000000E+00,  0.7248914E+09,  0.6947317E+08,  0.7177689E+08,  0.1832644E+11,  0.0000000E+00,  0.4266770E+09,  0.0000000E+00,  0.3243724E+06,  0.0000000E+00,  0.0000000E+00,  0.1083888E+08,  0.1813968E+07,  0.0000000E+00,  0.0000000E+00,  0.0000000E+00,  0.6225797E+07,  0.0000000E+00,  0.6005725E+05,  0.3277810E+06,  0.5154699E+05,  0.9860356E+04,  0.0000000E+00,  0.0000000E+00,  0.0000000E+00,  0.2875260E+07,  0.7155266E+06,  0.2463483E+07,  0.2699604E+06,  252
03/29/2012,  0.6161892E+07,  0.0000000E+00,  0.2608495E+05,  0.1190530E+07,  0.0000000E+00,  0.3777334E+07,  0.3394608E+04,  0.0000000E+00,  0.0000000E+00,  0.0000000E+00,  0.7198739E+09,  0.6378349E+08,  0.7152261E+08,  0.1832724E+11,  0.0000000E+00,  0.4271277E+09,  0.0000000E+00,  0.0000000E+00,  0.0000000E+00,  0.0000000E+00,  0.5068224E+07,  0.4984796E+06,  0.0000000E+00,  0.0000000E+00,  0.0000000E+00,  0.8159819E+07,  0.0000000E+00,  0.6734143E+05,  0.3551239E+06,  0.5707908E+05,  0.7383867E+04,  0.0000000E+00,  0.0000000E+00,  0.0000000E+00,  0.2035844E+07,  0.7124000E+06,  0.2223514E+07,  0.0000000E+00,   88
03/30/2012,  0.4822014E+07,  0.0000000E+00,  0.1954787E+05,  0.1032709E+07,  0.0000000E+00,  0.3744778E+07,  0.0000000E+00,  0.0000000E+00,  0.0000000E+00,  0.0000000E+00,  0.7148486E+09,  0.5836933E+08,  0.7098631E+08,  0.1832792E+11,  0.0000000E+00,  0.4275226E+09,  0.0000000E+00,  0.0000000E+00,  0.0000000E+00,  0.0000000E+00,  0.3874176E+07,  0.3394608E+04,  0.0000000E+00,  0.0000000E+00,  0.0000000E+00,  0.8523377E+07,  0.0000000E+00,  0.6895703E+05,  0.3351946E+06,  0.6057115E+05,  0.5888892E+04,  0.0000000E+00,  0.0000000E+00,  0.0000000E+00,  0.1566752E+07,  0.7088710E+06,  0.2035417E+07,  0.0000000E+00,  288
03/31/2012,  0.3445102E+08,  0.1336106E+07,  0.3371251E+07,  0.5999713E+07,  0.0000000E+00,  0.6346997E+07,  0.2315842E+07,  0.0000000E+00,  0.0000000E+00,  0.0000000E+00,  0.7533496E+09,  0.9302496E+08,  0.7561703E+08,  0.1833178E+11,  0.0000000E+00,  0.4293803E+09,  0.0000000E+00,  0.1060109E+09,  0.0000000E+00,  0.0000000E+00,  0.2672525E+08,  0.0000000E+00,  0.0000000E+00,  0.0000000E+00,  0.0000000E+00,  0.5126707E+07,  0.0000000E+00,  0.6071839E+05,  0.2774983E+06,  0.4897640E+05,  0.2244414E+06,  0.1952323E+05,  0.0000000E+00,  0.0000000E+00,  0.7835909E+07,  0.8574943E+06,  0.3146801E+07,  0.9485709E+08, 1767
04/01/2012,  0.1200995E+08,  0.1090582E+05,  0.6868515E+05,  0.1822500E+07,  0.0000000E+00,  0.4154046E+07,  0.1304181E+07,  0.0000000E+00,  0.0000000E+00,  0.0000000E+00,  0.7505198E+09,  0.8576903E+08,  0.7663067E+08,  0.1833321E+11,  0.0000000E+00,  0.4298886E+09,  0.0000000E+00,  0.8218326E+06,  0.0000000E+00,  0.0000000E+00,  0.1020730E+08,  0.1011661E+07,  0.0000000E+00,  0.0000000E+00,  0.0000000E+00,  0.5814504E+07,  0.0000000E+00,  0.5233636E+05,  0.3026008E+06,  0.4591270E+05,  0.1169214E+05,  0.1317738E+03,  0.0000000E+00,  0.0000000E+00,  0.4058514E+07,  0.8849859E+06,  0.2992666E+07,  0.8051980E+06,  307
04/02/2012,  0.7605149E+07,  0.0000000E+00,  0.5442109E+05,  0.1548385E+07,  0.0000000E+00,  0.3691189E+07,  0.7592181E+04,  0.0000000E+00,  0.0000000E+00,  0.0000000E+00,  0.7467607E+09,  0.7898279E+08,  0.7665691E+08,  0.1833404E+11,  0.0000000E+00,  0.4302605E+09,  0.0000000E+00,  0.0000000E+00,  0.0000000E+00,  0.0000000E+00,  0.5668704E+07,  0.1296589E+07,  0.0000000E+00,  0.0000000E+00,  0.0000000E+00,  0.6942708E+07,  0.0000000E+00,  0.6473546E+05,  0.3132766E+06,  0.5732934E+05,  0.7635464E+04,  0.0000000E+00,  0.0000000E+00,  0.0000000E+00,  0.2857962E+07,  0.8657131E+06,  0.2767120E+07,  0.0000000E+00,  434
04/03/2012,  0.6739391E+07,  0.1135416E+06,  0.1141102E+06,  0.1590303E+07,  0.0000000E+00,  0.3859780E+07,  0.2001578E+07,  0.0000000E+00,  0.0000000E+00,  0.0000000E+00,  0.7464545E+09,  0.7671471E+08,  0.7693251E+08,  0.1833498E+11,  0.0000000E+00,  0.4306518E+09,  0.0000000E+00,  0.1108840E+08,  0.0000000E+00,  0.0000000E+00,  0.4757184E+07,  0.0000000E+00,  0.0000000E+00,  0.0000000E+00,  0.0000000E+00,  0.6801765E+07,  0.0000000E+00,  0.6364857E+05,  0.3654712E+06,  0.5438986E+05,  0.7854294E+04,  0.2232217E+04,  0.0000000E+00,  0.0000000E+00,  0.3029137E+07,  0.8652832E+06,  0.2690234E+07,  0.8103608E+07,  607
04/04/2012,  0.6456858E+07,  0.0000000E+00,  0.5806945E+05,  0.1327496E+07,  0.0000000E+00,  0.3729760E+07,  0.1137602E+06,  0.0000000E+00,  0.0000000E+00,  0.0000000E+00,  0.7450006E+09,  0.7111901E+08,  0.7644091E+08,  0.1833566E+11,  0.0000000E+00,  0.4309315E+09,  0.0000000E+00,  0.0000000E+00,  0.0000000E+00,  0.0000000E+00,  0.4776192E+07,  0.1887818E+07,  0.0000000E+00,  0.0000000E+00,  0.0000000E+00,  0.4595841E+07,  0.0000000E+00,  0.5001800E+05,  0.2164779E+06,  0.4598426E+05,  0.5355021E+04,  0.0000000E+00,  0.0000000E+00,  0.0000000E+00,  0.1922556E+07,  0.8596965E+06,  0.2366041E+07,  0.0000000E+00,  592
04/05/2012,  0.5855059E+07,  0.0000000E+00,  0.4912199E+05,  0.1228971E+07,  0.0000000E+00,  0.3603036E+07,  0.1938847E+00,  0.0000000E+00,  0.0000000E+00,  0.0000000E+00,  0.7411017E+09,  0.6688055E+08,  0.7583001E+08,  0.1833612E+11,  0.0000000E+00,  0.4311612E+09,  0.0000000E+00,  0.0000000E+00,  0.0000000E+00,  0.0000000E+00,  0.4191264E+07,  0.1137600E+06,  0.0000000E+00,  0.0000000E+00,  0.0000000E+00,  0.6048737E+07,  0.0000000E+00,  0.4558021E+05,  0.2578094E+06,  0.4172719E+05,  0.4281891E+04,  0.0000000E+00,  0.0000000E+00,  0.0000000E+00,  0.1667366E+07,  0.8610756E+06,  0.2234102E+07,  0.0000000E+00,  388
04/06/2012,  0.5494505E+07,  0.0000000E+00,  0.3296523E+05,  0.1109466E+07,  0.0000000E+00,  0.3467135E+07,  0.0000000E+00,  0.0000000E+00,  0.0000000E+00,  0.0000000E+00,  0.7362872E+09,  0.6239402E+08,  0.7514989E+08,  0.1833642E+11,  0.0000000E+00,  0.4313325E+09,  0.0000000E+00,  0.0000000E+00,  0.0000000E+00,  0.0000000E+00,  0.3900960E+07,  0.1938847E+00,  0.0000000E+00,  0.0000000E+00,  0.0000000E+00,  0.7562286E+07,  0.0000000E+00,  0.4702627E+05,  0.2758474E+06,  0.4484318E+05,  0.3573809E+04,  0.0000000E+00,  0.0000000E+00,  0.0000000E+00,  0.1439339E+07,  0.8465864E+06,  0.2073807E+07,  0.0000000E+00,  452
04/07/2012,  0.4801078E+07,  0.0000000E+00,  0.2061319E+05,  0.9860254E+06,  0.0000000E+00,  0.3336828E+07,  0.0000000E+00,  0.0000000E+00,  0.0000000E+00,  0.0000000E+00,  0.7310466E+09,  0.5753204E+08,  0.7440810E+08,  0.1833659E+11,  0.0000000E+00,  0.4314579E+09,  0.0000000E+00,  0.0000000E+00,  0.0000000E+00,  0.0000000E+00,  0.3299616E+07,  0.0000000E+00,  0.0000000E+00,  0.0000000E+00,  0.0000000E+00,  0.8683166E+07,  0.0000000E+00,  0.5306077E+05,  0.2705167E+06,  0.5247806E+05,  0.3025736E+04,  0.0000000E+00,  0.0000000E+00,  0.0000000E+00,  0.1238079E+07,  0.8283275E+06,  0.1928156E+07,  0.0000000E+00,  516
04/08/2012,  0.5110758E+07,  0.0000000E+00,  0.1628446E+05,  0.8734285E+06,  0.0000000E+00,  0.3224166E+07,  0.0000000E+00,  0.0000000E+00,  0.0000000E+00,  0.0000000E+00,  0.7253764E+09,  0.5264239E+08,  0.7356456E+08,  0.1833675E+11,  0.0000000E+00,  0.4315467E+09,  0.0000000E+00,  0.0000000E+00,  0.0000000E+00,  0.0000000E+00,  0.3703968E+07,  0.0000000E+00,  0.0000000E+00,  0.0000000E+00,  0.0000000E+00,  0.9394565E+07,  0.0000000E+00,  0.5755773E+05,  0.2641042E+06,  0.6010966E+05,  0.2547172E+04,  0.0000000E+00,  0.0000000E+00,  0.0000000E+00,  0.1089739E+07,  0.8166974E+06,  0.1877130E+07,  0.0000000E+00,  827
04/09/2012,  0.4999257E+07,  0.1789565E+05,  0.1469846E+05,  0.7872986E+06,  0.0000000E+00,  0.3116084E+07,  0.1603064E+07,  0.0000000E+00,  0.0000000E+00,  0.0000000E+00,  0.7198377E+09,  0.4837095E+08,  0.7287107E+08,  0.1833674E+11,  0.0000000E+00,  0.4316100E+09,  0.0000000E+00,  0.3179377E+07,  0.0000000E+00,  0.0000000E+00,  0.3634848E+07,  0.0000000E+00,  0.0000000E+00,  0.0000000E+00,  0.0000000E+00,  0.1016606E+08,  0.0000000E+00,  0.6486071E+05,  0.2889240E+06,  0.6953297E+05,  0.2179232E+04,  0.3176107E+03,  0.0000000E+00,  0.0000000E+00,  0.1071016E+07,  0.7894760E+06,  0.1701101E+07,  0.1441604E+07,  339
04/10/2012,  0.2099980E+08,  0.7934470E+06,  0.4665245E+06,  0.2363103E+07,  0.0000000E+00,  0.4673822E+07,  0.3411435E+07,  0.0000000E+00,  0.0000000E+00,  0.0000000E+00,  0.7454514E+09,  0.6984053E+08,  0.7434339E+08,  0.1833818E+11,  0.0000000E+00,  0.4322666E+09,  0.0000000E+00,  0.6545031E+08,  0.0000000E+00,  0.0000000E+00,  0.1827274E+08,  0.0000000E+00,  0.0000000E+00,  0.0000000E+00,  0.0000000E+00,  0.6478381E+07,  0.0000000E+00,  0.6979947E+05,  0.3318611E+06,  0.6022877E+05,  0.1354736E+05,  0.1066602E+05,  0.0000000E+00,  0.0000000E+00,  0.3635735E+07,  0.8559569E+06,  0.2094981E+07,  0.5918462E+08,  897
04/11/2012,  0.2092957E+08,  0.1023840E+07,  0.2987847E+07,  0.5998215E+07,  0.0000000E+00,  0.5162738E+07,  0.3411435E+07,  0.0000000E+00,  0.0000000E+00,  0.0000000E+00,  0.7675685E+09,  0.9990262E+08,  0.7904382E+08,  0.1834074E+11,  0.0000000E+00,  0.4334821E+09,  0.0000000E+00,  0.7777601E+08,  0.0000000E+00,  0.0000000E+00,  0.1248739E+08,  0.0000000E+00,  0.0000000E+00,  0.0000000E+00,  0.0000000E+00,  0.3241477E+07,  0.0000000E+00,  0.3132581E+05,  0.1832612E+06,  0.2914903E+05,  0.7398949E+05,  0.1340571E+05,  0.0000000E+00,  0.0000000E+00,  0.7621852E+07,  0.9365562E+06,  0.2891009E+07,  0.7116597E+08,  846
04/12/2012,  0.1201454E+09,  0.2616038E+07,  0.2778455E+08,  0.2831417E+08,  0.0000000E+00,  0.5517941E+07,  0.3411435E+07,  0.0000000E+00,  0.0000000E+00,  0.0000000E+00,  0.8107740E+09,  0.1509027E+09,  0.8853177E+08,  0.1834626E+11,  0.0000000E+00,  0.4377471E+09,  0.0000000E+00,  0.1830380E+09,  0.0000000E+00,  0.0000000E+00,  0.6535296E+08,  0.0000000E+00,  0.0000000E+00,  0.0000000E+00,  0.0000000E+00,  0.4660928E+07,  0.0000000E+00,  0.6438080E+05,  0.2648634E+06,  0.5437209E+05,  0.4750134E+06,  0.3596825E+05,  0.0000000E+00,  0.0000000E+00,  0.1560668E+08,  0.1214398E+07,  0.6056906E+07,  0.1698274E+09, 1732
04/13/2012,  0.6942764E+08,  0.1110379E+06,  0.4993179E+06,  0.4103095E+07,  0.0000000E+00,  0.2777130E+07,  0.3411435E+07,  0.0000000E+00,  0.0000000E+00,  0.0000000E+00,  0.8124282E+09,  0.1410451E+09,  0.9206138E+08,  0.1834889E+11,  0.0000000E+00,  0.4380491E+09,  0.0000000E+00,  0.8122435E+07,  0.0000000E+00,  0.0000000E+00,  0.6329923E+08,  0.0000000E+00,  0.0000000E+00,  0.0000000E+00,  0.0000000E+00,  0.2990446E+07,  0.0000000E+00,  0.2482259E+05,  0.1692300E+06,  0.2359084E+05,  0.2312142E+05,  0.1634843E+04,  0.0000000E+00,  0.0000000E+00,  0.9376603E+07,  0.1313410E+07,  0.5820140E+07,  0.7466306E+07, 2533
04/14/2012,  0.1890829E+08,  0.0000000E+00,  0.2890139E+06,  0.3233701E+07,  0.0000000E+00,  0.2682743E+07,  0.4302410E+02,  0.0000000E+00,  0.0000000E+00,  0.0000000E+00,  0.8090792E+09,  0.1300842E+09,  0.9289793E+08,  0.1835089E+11,  0.0000000E+00,  0.4381687E+09,  0.0000000E+00,  0.0000000E+00,  0.0000000E+00,  0.0000000E+00,  0.1382314E+08,  0.3411392E+07,  0.0000000E+00,  0.0000000E+00,  0.0000000E+00,  0.5802918E+07,  0.0000000E+00,  0.6090914E+05,  0.3378278E+06,  0.5836579E+05,  0.1411536E+05,  0.0000000E+00,  0.0000000E+00,  0.0000000E+00,  0.6298348E+07,  0.1316917E+07,  0.5400693E+07,  0.0000000E+00,  873
04/15/2012,  0.1252902E+08,  0.0000000E+00,  0.2050876E+06,  0.2783401E+07,  0.0000000E+00,  0.2792528E+07,  0.0000000E+00,  0.0000000E+00,  0.0000000E+00,  0.0000000E+00,  0.8035756E+09,  0.1194596E+09,  0.9246863E+08,  0.1835252E+11,  0.0000000E+00,  0.4382178E+09,  0.0000000E+00,  0.0000000E+00,  0.0000000E+00,  0.0000000E+00,  0.8074080E+07,  0.4302410E+02,  0.0000000E+00,  0.0000000E+00,  0.0000000E+00,  0.9846815E+07,  0.0000000E+00,  0.7189865E+05,  0.4505555E+06,  0.6481092E+05,  0.9804281E+04,  0.0000000E+00,  0.0000000E+00,  0.0000000E+00,  0.4605924E+07,  0.1311222E+07,  0.4963483E+07,  0.0000000E+00,   66
04/16/2012,  0.9837872E+07,  0.0000000E+00,  0.1268095E+06,  0.2302298E+07,  0.0000000E+00,  0.2780902E+07,  0.0000000E+00,  0.0000000E+00,  0.0000000E+00,  0.0000000E+00,  0.8002321E+09,  0.1079805E+09,  0.9132019E+08,  0.1835366E+11,  0.0000000E+00,  0.4382196E+09,  0.0000000E+00,  0.0000000E+00,  0.0000000E+00,  0.0000000E+00,  0.5946912E+07,  0.0000000E+00,  0.0000000E+00,  0.0000000E+00,  0.0000000E+00,  0.1042638E+08,  0.0000000E+00,  0.7236368E+05,  0.4287488E+06,  0.6882408E+05,  0.7263888E+04,  0.0000000E+00,  0.0000000E+00,  0.0000000E+00,  0.3265447E+07,  0.1294175E+07,  0.4343930E+07,  0.0000000E+00,  119
04/17/2012,  0.8439320E+07,  0.0000000E+00,  0.9022060E+05,  0.1992816E+07,  0.0000000E+00,  0.2823855E+07,  0.0000000E+00,  0.0000000E+00,  0.0000000E+00,  0.0000000E+00,  0.7967440E+09,  0.9769713E+08,  0.8990637E+08,  0.1835440E+11,  0.0000000E+00,  0.4382108E+09,  0.0000000E+00,  0.0000000E+00,  0.0000000E+00,  0.0000000E+00,  0.4957632E+07,  0.0000000E+00,  0.0000000E+00,  0.0000000E+00,  0.0000000E+00,  0.1048813E+08,  0.0000000E+00,  0.6723672E+05,  0.4048038E+06,  0.6924770E+05,  0.5544007E+04,  0.0000000E+00,  0.0000000E+00,  0.0000000E+00,  0.2489611E+07,  0.1283975E+07,  0.3838913E+07,  0.0000000E+00,  756
04/18/2012,  0.6710812E+07,  0.0000000E+00,  0.6694229E+05,  0.1745291E+07,  0.0000000E+00,  0.2853313E+07,  0.0000000E+00,  0.0000000E+00,  0.0000000E+00,  0.0000000E+00,  0.7918268E+09,  0.8858442E+08,  0.8844914E+08,  0.1835479E+11,  0.0000000E+00,  0.4381928E+09,  0.0000000E+00,  0.0000000E+00,  0.0000000E+00,  0.0000000E+00,  0.3553632E+07,  0.0000000E+00,  0.0000000E+00,  0.0000000E+00,  0.0000000E+00,  0.1147481E+08,  0.0000000E+00,  0.6734077E+05,  0.3693154E+06,  0.7490223E+05,  0.4323809E+04,  0.0000000E+00,  0.0000000E+00,  0.0000000E+00,  0.2007878E+07,  0.1258949E+07,  0.3401317E+07,  0.0000000E+00,  408
04/19/2012,  0.5752826E+07,  0.0000000E+00,  0.4853551E+05,  0.1514515E+07,  0.0000000E+00,  0.2898978E+07,  0.0000000E+00,  0.0000000E+00,  0.0000000E+00,  0.0000000E+00,  0.7854505E+09,  0.7985566E+08,  0.8694072E+08,  0.1835502E+11,  0.0000000E+00,  0.4381697E+09,  0.0000000E+00,  0.0000000E+00,  0.0000000E+00,  0.0000000E+00,  0.2914272E+07,  0.0000000E+00,  0.0000000E+00,  0.0000000E+00,  0.0000000E+00,  0.1310252E+08,  0.0000000E+00,  0.6672012E+05,  0.3836499E+06,  0.8233856E+05,  0.3452012E+04,  0.0000000E+00,  0.0000000E+00,  0.0000000E+00,  0.1669305E+07,  0.1223546E+07,  0.3114618E+07,  0.0000000E+00,  585
04/20/2012,  0.5273152E+07,  0.0000000E+00,  0.3955359E+05,  0.1296381E+07,  0.0000000E+00,  0.2934712E+07,  0.0000000E+00,  0.0000000E+00,  0.0000000E+00,  0.0000000E+00,  0.7781749E+09,  0.7097046E+08,  0.8549491E+08,  0.1835504E+11,  0.0000000E+00,  0.4381431E+09,  0.0000000E+00,  0.0000000E+00,  0.0000000E+00,  0.0000000E+00,  0.2720736E+07,  0.0000000E+00,  0.0000000E+00,  0.0000000E+00,  0.0000000E+00,  0.1459796E+08,  0.0000000E+00,  0.6458629E+05,  0.3547184E+06,  0.9099982E+05,  0.2795887E+04,  0.0000000E+00,  0.0000000E+00,  0.0000000E+00,  0.1416476E+07,  0.1183242E+07,  0.2801390E+07,  0.0000000E+00,  739
04/21/2012,  0.6000391E+07,  0.0000000E+00,  0.3946611E+05,  0.1093745E+07,  0.0000000E+00,  0.2938845E+07,  0.0000000E+00,  0.0000000E+00,  0.0000000E+00,  0.0000000E+00,  0.7705615E+09,  0.6198412E+08,  0.8417469E+08,  0.1835484E+11,  0.0000000E+00,  0.4381032E+09,  0.0000000E+00,  0.0000000E+00,  0.0000000E+00,  0.0000000E+00,  0.3686400E+07,  0.0000000E+00,  0.0000000E+00,  0.0000000E+00,  0.0000000E+00,  0.1539990E+08,  0.0000000E+00,  0.6069197E+05,  0.3314864E+06,  0.1001474E+06,  0.2267667E+04,  0.0000000E+00,  0.0000000E+00,  0.0000000E+00,  0.1202693E+07,  0.1129796E+07,  0.2465800E+07,  0.0000000E+00,  714
04/22/2012,  0.5755380E+07,  0.0000000E+00,  0.3797930E+05,  0.9296177E+06,  0.0000000E+00,  0.2896646E+07,  0.0000000E+00,  0.0000000E+00,  0.0000000E+00,  0.0000000E+00,  0.7639296E+09,  0.5339247E+08,  0.8287270E+08,  0.1835456E+11,  0.0000000E+00,  0.4380524E+09,  0.0000000E+00,  0.0000000E+00,  0.0000000E+00,  0.0000000E+00,  0.3611520E+07,  0.0000000E+00,  0.0000000E+00,  0.0000000E+00,  0.0000000E+00,  0.1430658E+08,  0.0000000E+00,  0.5095338E+05,  0.2919082E+06,  0.9809036E+05,  0.1848636E+04,  0.0000000E+00,  0.0000000E+00,  0.0000000E+00,  0.1031023E+07,  0.1075459E+07,  0.2285508E+07,  0.0000000E+00,  368
04/23/2012,  0.4681337E+07,  0.0000000E+00,  0.3807393E+05,  0.8080903E+06,  0.0000000E+00,  0.2860536E+07,  0.0000000E+00,  0.0000000E+00,  0.0000000E+00,  0.0000000E+00,  0.7584423E+09,  0.4616675E+08,  0.8171916E+08,  0.1835414E+11,  0.0000000E+00,  0.4380019E+09,  0.0000000E+00,  0.0000000E+00,  0.0000000E+00,  0.0000000E+00,  0.2676672E+07,  0.0000000E+00,  0.0000000E+00,  0.0000000E+00,  0.0000000E+00,  0.1199064E+08,  0.0000000E+00,  0.3827212E+05,  0.2578511E+06,  0.8185970E+05,  0.1519250E+04,  0.0000000E+00,  0.0000000E+00,  0.0000000E+00,  0.8830231E+06,  0.1000895E+07,  0.2001590E+07,  0.0000000E+00,  412
04/24/2012,  0.4006029E+07,  0.0000000E+00,  0.3967771E+05,  0.7190963E+06,  0.0000000E+00,  0.2855860E+07,  0.0000000E+00,  0.0000000E+00,  0.0000000E+00,  0.0000000E+00,  0.7513792E+09,  0.4067539E+08,  0.8066092E+08,  0.1835365E+11,  0.0000000E+00,  0.4379465E+09,  0.0000000E+00,  0.0000000E+00,  0.0000000E+00,  0.0000000E+00,  0.2142720E+07,  0.0000000E+00,  0.0000000E+00,  0.0000000E+00,  0.0000000E+00,  0.1195535E+08,  0.0000000E+00,  0.3570444E+05,  0.2367355E+06,  0.8346511E+05,  0.1277796E+04,  0.0000000E+00,  0.0000000E+00,  0.0000000E+00,  0.7796165E+06,  0.9334628E+06,  0.1805291E+07,  0.0000000E+00,  645
04/25/2012,  0.6753278E+07,  0.6999682E+06,  0.1014504E+06,  0.1675097E+07,  0.0000000E+00,  0.3874314E+07,  0.3411435E+07,  0.0000000E+00,  0.0000000E+00,  0.0000000E+00,  0.7692477E+09,  0.6004189E+08,  0.8069404E+08,  0.1835424E+11,  0.0000000E+00,  0.4383415E+09,  0.0000000E+00,  0.5912234E+08,  0.0000000E+00,  0.0000000E+00,  0.4142880E+07,  0.0000000E+00,  0.0000000E+00,  0.0000000E+00,  0.0000000E+00,  0.1082630E+08,  0.0000000E+00,  0.5860131E+05,  0.5025383E+06,  0.7868613E+05,  0.1226431E+05,  0.1041793E+05,  0.0000000E+00,  0.0000000E+00,  0.2400522E+07,  0.1032909E+07,  0.2311915E+07,  0.5121000E+08,  722
04/26/2012,  0.8141263E+07,  0.1126688E+06,  0.5021548E+05,  0.1122747E+07,  0.0000000E+00,  0.3346282E+07,  0.3411435E+07,  0.0000000E+00,  0.0000000E+00,  0.0000000E+00,  0.7712830E+09,  0.5778963E+08,  0.8034515E+08,  0.1835414E+11,  0.0000000E+00,  0.4384149E+09,  0.0000000E+00,  0.8725174E+07,  0.0000000E+00,  0.0000000E+00,  0.6116256E+07,  0.0000000E+00,  0.0000000E+00,  0.0000000E+00,  0.0000000E+00,  0.6448829E+07,  0.0000000E+00,  0.5178891E+05,  0.3315494E+06,  0.5934361E+05,  0.4195479E+04,  0.1714699E+04,  0.0000000E+00,  0.0000000E+00,  0.1723274E+07,  0.9990754E+06,  0.2022694E+07,  0.8125379E+07,   78
04/27/2012,  0.4685778E+07,  0.0000000E+00,  0.4947890E+05,  0.1001137E+07,  0.0000000E+00,  0.3096159E+07,  0.0000000E+00,  0.0000000E+00,  0.0000000E+00,  0.0000000E+00,  0.7662976E+09,  0.5402012E+08,  0.7967080E+08,  0.1835371E+11,  0.0000000E+00,  0.4384026E+09,  0.0000000E+00,  0.0000000E+00,  0.0000000E+00,  0.0000000E+00,  0.2684448E+07,  0.3411435E+07,  0.0000000E+00,  0.0000000E+00,  0.0000000E+00,  0.7481486E+07,  0.0000000E+00,  0.5406177E+05,  0.2965834E+06,  0.6759928E+05,  0.3217506E+04,  0.0000000E+00,  0.0000000E+00,  0.0000000E+00,  0.1198419E+07,  0.9711049E+06,  0.1821523E+07,  0.0000000E+00,  251
04/28/2012,  0.4179674E+07,  0.0000000E+00,  0.4900879E+05,  0.8880727E+06,  0.0000000E+00,  0.3028850E+07,  0.0000000E+00,  0.0000000E+00,  0.0000000E+00,  0.0000000E+00,  0.7574077E+09,  0.4947028E+08,  0.7895057E+08,  0.1835326E+11,  0.0000000E+00,  0.4383504E+09,  0.0000000E+00,  0.0000000E+00,  0.0000000E+00,  0.0000000E+00,  0.2293056E+07,  0.0000000E+00,  0.0000000E+00,  0.0000000E+00,  0.0000000E+00,  0.1237717E+08,  0.0000000E+00,  0.6578020E+05,  0.3028655E+06,  0.7773121E+05,  0.2623094E+04,  0.0000000E+00,  0.0000000E+00,  0.0000000E+00,  0.1058475E+07,  0.9282118E+06,  0.1715352E+07,  0.0000000E+00,  568
04/29/2012,  0.3866256E+07,  0.0000000E+00,  0.4618366E+05,  0.7494389E+06,  0.0000000E+00,  0.2936064E+07,  0.0000000E+00,  0.0000000E+00,  0.0000000E+00,  0.0000000E+00,  0.7494412E+09,  0.4314169E+08,  0.7814942E+08,  0.1835278E+11,  0.0000000E+00,  0.4382654E+09,  0.0000000E+00,  0.0000000E+00,  0.0000000E+00,  0.0000000E+00,  0.2105568E+07,  0.0000000E+00,  0.0000000E+00,  0.0000000E+00,  0.0000000E+00,  0.1350381E+08,  0.0000000E+00,  0.6745184E+05,  0.2600520E+06,  0.9025168E+05,  0.2104481E+04,  0.0000000E+00,  0.0000000E+00,  0.0000000E+00,  0.8738443E+06,  0.8732226E+06,  0.1609741E+07,  0.0000000E+00,  629
04/30/2012,  0.3996691E+07,  0.0000000E+00,  0.4707780E+05,  0.6423984E+06,  0.0000000E+00,  0.2871588E+07,  0.0000000E+00,  0.0000000E+00,  0.0000000E+00,  0.0000000E+00,  0.7422934E+09,  0.3725722E+08,  0.7741878E+08,  0.1835222E+11,  0.0000000E+00,  0.4381769E+09,  0.0000000E+00,  0.0000000E+00,  0.0000000E+00,  0.0000000E+00,  0.2355264E+07,  0.0000000E+00,  0.0000000E+00,  0.0000000E+00,  0.0000000E+00,  0.1242071E+08,  0.0000000E+00,  0.5638749E+05,  0.2319921E+06,  0.8473279E+05,  0.1667991E+04,  0.0000000E+00,  0.0000000E+00,  0.0000000E+00,  0.7385410E+06,  0.8115522E+06,  0.1414896E+07,  0.0000000E+00,  283
05/01/2012,  0.4250451E+07,  0.0000000E+00,  0.4792300E+05,  0.5641613E+06,  0.0000000E+00,  0.2824224E+07,  0.0000000E+00,  0.0000000E+00,  0.0000000E+00,  0.0000000E+00,  0.7375504E+09,  0.3260228E+08,  0.7672181E+08,  0.1835165E+11,  0.0000000E+00,  0.4381001E+09,  0.0000000E+00,  0.0000000E+00,  0.0000000E+00,  0.0000000E+00,  0.2703456E+07,  0.0000000E+00,  0.0000000E+00,  0.0000000E+00,  0.0000000E+00,  0.8917705E+07,  0.0000000E+00,  0.3587122E+05,  0.1843781E+06,  0.5949936E+05,  0.1380839E+04,  0.0000000E+00,  0.0000000E+00,  0.0000000E+00,  0.6318149E+06,  0.7589565E+06,  0.1294964E+07,  0.0000000E+00,  227
05/02/2012,  0.3561167E+07,  0.0000000E+00,  0.4851837E+05,  0.5138193E+06,  0.0000000E+00,  0.2783144E+07,  0.0000000E+00,  0.0000000E+00,  0.0000000E+00,  0.0000000E+00,  0.7310724E+09,  0.2951151E+08,  0.7602409E+08,  0.1835108E+11,  0.0000000E+00,  0.4380182E+09,  0.0000000E+00,  0.0000000E+00,  0.0000000E+00,  0.0000000E+00,  0.2083104E+07,  0.0000000E+00,  0.0000000E+00,  0.0000000E+00,  0.0000000E+00,  0.9164212E+07,  0.0000000E+00,  0.3509841E+05,  0.1813858E+06,  0.6434186E+05,  0.1168233E+04,  0.0000000E+00,  0.0000000E+00,  0.0000000E+00,  0.5658899E+06,  0.7192567E+06,  0.1230492E+07,  0.0000000E+00,  308
05/03/2012,  0.4080648E+07,  0.4882580E+05,  0.5147285E+05,  0.4859280E+06,  0.0000000E+00,  0.2824420E+07,  0.2616293E+07,  0.0000000E+00,  0.0000000E+00,  0.0000000E+00,  0.7308495E+09,  0.2783658E+08,  0.7550194E+08,  0.1835064E+11,  0.0000000E+00,  0.4379807E+09,  0.0000000E+00,  0.6676285E+07,  0.0000000E+00,  0.0000000E+00,  0.2657664E+07,  0.0000000E+00,  0.0000000E+00,  0.0000000E+00,  0.0000000E+00,  0.5158102E+07,  0.0000000E+00,  0.2309581E+05,  0.1895126E+06,  0.4823315E+05,  0.1029556E+04,  0.9269811E+03,  0.0000000E+00,  0.0000000E+00,  0.7530111E+06,  0.6960583E+06,  0.1253994E+07,  0.3850596E+07,  142
05/04/2012,  0.3831335E+07,  0.0000000E+00,  0.5036831E+05,  0.4561457E+06,  0.0000000E+00,  0.2773624E+07,  0.0000000E+00,  0.0000000E+00,  0.0000000E+00,  0.0000000E+00,  0.7262515E+09,  0.2621640E+08,  0.7493576E+08,  0.1835002E+11,  0.0000000E+00,  0.4379020E+09,  0.0000000E+00,  0.0000000E+00,  0.0000000E+00,  0.0000000E+00,  0.2485728E+07,  0.2616293E+07,  0.0000000E+00,  0.0000000E+00,  0.0000000E+00,  0.5894386E+07,  0.0000000E+00,  0.2978212E+05,  0.1528672E+06,  0.5512481E+05,  0.9272871E+03,  0.0000000E+00,  0.0000000E+00,  0.0000000E+00,  0.4863303E+06,  0.6654449E+06,  0.1024630E+07,  0.0000000E+00,  120
05/05/2012,  0.3898914E+07,  0.0000000E+00,  0.4967814E+05,  0.4271014E+06,  0.0000000E+00,  0.2752426E+07,  0.0000000E+00,  0.0000000E+00,  0.0000000E+00,  0.0000000E+00,  0.7162355E+09,  0.2456143E+08,  0.7432499E+08,  0.1834943E+11,  0.0000000E+00,  0.4378095E+09,  0.0000000E+00,  0.0000000E+00,  0.0000000E+00,  0.0000000E+00,  0.2609280E+07,  0.0000000E+00,  0.0000000E+00,  0.0000000E+00,  0.0000000E+00,  0.1139113E+08,  0.0000000E+00,  0.3871264E+05,  0.1772138E+06,  0.7460683E+05,  0.8477478E+03,  0.0000000E+00,  0.0000000E+00,  0.0000000E+00,  0.4460063E+06,  0.6401113E+06,  0.1019944E+07,  0.0000000E+00,  131
05/06/2012,  0.3725999E+07,  0.0000000E+00,  0.4872761E+05,  0.3798484E+06,  0.0000000E+00,  0.2714304E+07,  0.0000000E+00,  0.0000000E+00,  0.0000000E+00,  0.0000000E+00,  0.7059952E+09,  0.2188996E+08,  0.7379018E+08,  0.1834876E+11,  0.0000000E+00,  0.4377082E+09,  0.0000000E+00,  0.0000000E+00,  0.0000000E+00,  0.0000000E+00,  0.2489184E+07,  0.0000000E+00,  0.0000000E+00,  0.0000000E+00,  0.0000000E+00,  0.1270498E+08,  0.0000000E+00,  0.3732386E+05,  0.1628582E+06,  0.8228480E+05,  0.7014442E+03,  0.0000000E+00,  0.0000000E+00,  0.0000000E+00,  0.3771448E+06,  0.5968203E+06,  0.8762681E+06,  0.0000000E+00,  181
05/07/2012,  0.3621662E+07,  0.0000000E+00,  0.4771185E+05,  0.3398825E+06,  0.0000000E+00,  0.2679657E+07,  0.0000000E+00,  0.0000000E+00,  0.0000000E+00,  0.0000000E+00,  0.6943022E+09,  0.1941051E+08,  0.7326027E+08,  0.1834808E+11,  0.0000000E+00,  0.4375937E+09,  0.0000000E+00,  0.0000000E+00,  0.0000000E+00,  0.0000000E+00,  0.2431296E+07,  0.0000000E+00,  0.0000000E+00,  0.0000000E+00,  0.0000000E+00,  0.1402466E+08,  0.0000000E+00,  0.3890776E+05,  0.1538742E+06,  0.9328859E+05,  0.5887922E+03,  0.0000000E+00,  0.0000000E+00,  0.0000000E+00,  0.3206990E+06,  0.5593425E+06,  0.8132692E+06,  0.0000000E+00,  152
05/08/2012,  0.3566048E+07,  0.0000000E+00,  0.4652091E+05,  0.3045433E+06,  0.0000000E+00,  0.2647563E+07,  0.0000000E+00,  0.0000000E+00,  0.0000000E+00,  0.0000000E+00,  0.6818784E+09,  0.1717932E+08,  0.7276145E+08,  0.1834737E+11,  0.0000000E+00,  0.4374671E+09,  0.0000000E+00,  0.0000000E+00,  0.0000000E+00,  0.0000000E+00,  0.2415744E+07,  0.0000000E+00,  0.0000000E+00,  0.0000000E+00,  0.0000000E+00,  0.1455472E+08,  0.0000000E+00,  0.3685850E+05,  0.1362090E+06,  0.1006725E+06,  0.5095609E+03,  0.0000000E+00,  0.0000000E+00,  0.0000000E+00,  0.2716476E+06,  0.5226235E+06,  0.7351196E+06,  0.0000000E+00,  153
05/09/2012,  0.2893857E+07,  0.0000000E+00,  0.4524590E+05,  0.2745216E+06,  0.0000000E+00,  0.2614472E+07,  0.0000000E+00,  0.0000000E+00,  0.0000000E+00,  0.0000000E+00,  0.6705115E+09,  0.1531040E+08,  0.7225450E+08,  0.1834668E+11,  0.0000000E+00,  0.4373427E+09,  0.0000000E+00,  0.0000000E+00,  0.0000000E+00,  0.0000000E+00,  0.1769472E+07,  0.0000000E+00,  0.0000000E+00,  0.0000000E+00,  0.0000000E+00,  0.1318089E+08,  0.0000000E+00,  0.3019109E+05,  0.1187523E+06,  0.9000217E+05,  0.4500606E+03,  0.0000000E+00,  0.0000000E+00,  0.0000000E+00,  0.2269584E+06,  0.4922665E+06,  0.7051742E+06,  0.0000000E+00,  102
05/10/2012,  0.2766684E+07,  0.0000000E+00,  0.4397355E+05,  0.2531798E+06,  0.0000000E+00,  0.2598840E+07,  0.0000000E+00,  0.0000000E+00,  0.0000000E+00,  0.0000000E+00,  0.6592595E+09,  0.1389555E+08,  0.7180203E+08,  0.1834597E+11,  0.0000000E+00,  0.4372144E+09,  0.0000000E+00,  0.0000000E+00,  0.0000000E+00,  0.0000000E+00,  0.1672704E+07,  0.0000000E+00,  0.0000000E+00,  0.0000000E+00,  0.0000000E+00,  0.1263621E+08,  0.0000000E+00,  0.2597954E+05,  0.1110926E+06,  0.8476547E+05,  0.4035281E+03,  0.0000000E+00,  0.0000000E+00,  0.0000000E+00,  0.1954836E+06,  0.4623815E+06,  0.6233806E+06,  0.0000000E+00,   77
05/11/2012,  0.2783236E+07,  0.0000000E+00,  0.4265805E+05,  0.2350654E+06,  0.0000000E+00,  0.2577222E+07,  0.0000000E+00,  0.0000000E+00,  0.0000000E+00,  0.0000000E+00,  0.6460778E+09,  0.1275991E+08,  0.7135316E+08,  0.1834525E+11,  0.0000000E+00,  0.4370688E+09,  0.0000000E+00,  0.0000000E+00,  0.0000000E+00,  0.0000000E+00,  0.1711584E+07,  0.0000000E+00,  0.0000000E+00,  0.0000000E+00,  0.0000000E+00,  0.1430665E+08,  0.0000000E+00,  0.2686196E+05,  0.1056112E+06,  0.9881501E+05,  0.3651254E+03,  0.0000000E+00,  0.0000000E+00,  0.0000000E+00,  0.1716238E+06,  0.4389669E+06,  0.5949703E+06,  0.0000000E+00,   91
05/12/2012,  0.2917948E+07,  0.0000000E+00,  0.4135653E+05,  0.2155163E+06,  0.0000000E+00,  0.2561136E+07,  0.0000000E+00,  0.0000000E+00,  0.0000000E+00,  0.0000000E+00,  0.6341651E+09,  0.1172413E+08,  0.7093658E+08,  0.1834451E+11,  0.0000000E+00,  0.4369199E+09,  0.0000000E+00,  0.0000000E+00,  0.0000000E+00,  0.0000000E+00,  0.1872288E+07,  0.0000000E+00,  0.0000000E+00,  0.0000000E+00,  0.0000000E+00,  0.1296150E+08,  0.0000000E+00,  0.3025943E+05,  0.1155577E+06,  0.9952207E+05,  0.3333654E+03,  0.0000000E+00,  0.0000000E+00,  0.0000000E+00,  0.1460341E+06,  0.4162724E+06,  0.5336312E+06,  0.0000000E+00,   55
05/13/2012,  0.3159756E+07,  0.0000000E+00,  0.4021762E+05,  0.2044181E+06,  0.0000000E+00,  0.2551165E+07,  0.0000000E+00,  0.0000000E+00,  0.0000000E+00,  0.0000000E+00,  0.6231472E+09,  0.1094917E+08,  0.7051499E+08,  0.1834379E+11,  0.0000000E+00,  0.4367763E+09,  0.0000000E+00,  0.0000000E+00,  0.0000000E+00,  0.0000000E+00,  0.2136672E+07,  0.0000000E+00,  0.0000000E+00,  0.0000000E+00,  0.0000000E+00,  0.1182066E+08,  0.0000000E+00,  0.2595049E+05,  0.9438324E+05,  0.8773834E+05,  0.3072081E+03,  0.0000000E+00,  0.0000000E+00,  0.0000000E+00,  0.1287129E+06,  0.4013858E+06,  0.5255530E+06,  0.0000000E+00,   26
05/14/2012,  0.2848562E+07,  0.0000000E+00,  0.3917159E+05,  0.1951312E+06,  0.0000000E+00,  0.2542469E+07,  0.0000000E+00,  0.0000000E+00,  0.0000000E+00,  0.0000000E+00,  0.6136276E+09,  0.1033932E+08,  0.7012176E+08,  0.1834307E+11,  0.0000000E+00,  0.4366401E+09,  0.0000000E+00,  0.0000000E+00,  0.0000000E+00,  0.0000000E+00,  0.1834272E+07,  0.0000000E+00,  0.0000000E+00,  0.0000000E+00,  0.0000000E+00,  0.1016978E+08,  0.0000000E+00,  0.2112017E+05,  0.9160941E+05,  0.7285617E+05,  0.2836453E+03,  0.0000000E+00,  0.0000000E+00,  0.0000000E+00,  0.1132201E+06,  0.3881125E+06,  0.4864945E+06,  0.0000000E+00,   24
05/15/2012,  0.2693272E+07,  0.0000000E+00,  0.3821463E+05,  0.1876437E+06,  0.0000000E+00,  0.2534056E+07,  0.0000000E+00,  0.0000000E+00,  0.0000000E+00,  0.0000000E+00,  0.6027084E+09,  0.9883928E+07,  0.6976518E+08,  0.1834233E+11,  0.0000000E+00,  0.4364957E+09,  0.0000000E+00,  0.0000000E+00,  0.0000000E+00,  0.0000000E+00,  0.1694304E+07,  0.0000000E+00,  0.0000000E+00,  0.0000000E+00,  0.0000000E+00,  0.1141713E+08,  0.0000000E+00,  0.2200315E+05,  0.8247271E+05,  0.7647433E+05,  0.2616711E+03,  0.0000000E+00,  0.0000000E+00,  0.0000000E+00,  0.1019158E+06,  0.3705437E+06,  0.4375816E+06,  0.0000000E+00,   27
05/16/2012,  0.2427324E+07,  0.0000000E+00,  0.3723533E+05,  0.1767146E+06,  0.0000000E+00,  0.2520770E+07,  0.0000000E+00,  0.0000000E+00,  0.0000000E+00,  0.0000000E+00,  0.5920307E+09,  0.9463099E+07,  0.6942074E+08,  0.1834160E+11,  0.0000000E+00,  0.4363434E+09,  0.0000000E+00,  0.0000000E+00,  0.0000000E+00,  0.0000000E+00,  0.1442880E+07,  0.0000000E+00,  0.0000000E+00,  0.0000000E+00,  0.0000000E+00,  0.1114715E+08,  0.0000000E+00,  0.2221460E+05,  0.8746321E+05,  0.8206528E+05,  0.2413596E+03,  0.0000000E+00,  0.0000000E+00,  0.0000000E+00,  0.9063050E+05,  0.3534855E+06,  0.4138944E+06,  0.0000000E+00,   28
05/17/2012,  0.2333235E+07,  0.0000000E+00,  0.3630992E+05,  0.1680095E+06,  0.0000000E+00,  0.2516466E+07,  0.0000000E+00,  0.0000000E+00,  0.0000000E+00,  0.0000000E+00,  0.5825233E+09,  0.9129383E+07,  0.6908017E+08,  0.1834089E+11,  0.0000000E+00,  0.4361957E+09,  0.0000000E+00,  0.0000000E+00,  0.0000000E+00,  0.0000000E+00,  0.1366848E+07,  0.0000000E+00,  0.0000000E+00,  0.0000000E+00,  0.0000000E+00,  0.9894415E+07,  0.0000000E+00,  0.1926732E+05,  0.7984205E+05,  0.7232313E+05,  0.2246270E+03,  0.0000000E+00,  0.0000000E+00,  0.0000000E+00,  0.8065105E+05,  0.3384948E+06,  0.4029569E+06,  0.0000000E+00,   23
05/18/2012,  0.2352103E+07,  0.0000000E+00,  0.3539801E+05,  0.1622874E+06,  0.0000000E+00,  0.2509890E+07,  0.0000000E+00,  0.0000000E+00,  0.0000000E+00,  0.0000000E+00,  0.5720551E+09,  0.8875288E+07,  0.6876347E+08,  0.1834017E+11,  0.0000000E+00,  0.4360394E+09,  0.0000000E+00,  0.0000000E+00,  0.0000000E+00,  0.0000000E+00,  0.1400544E+07,  0.0000000E+00,  0.0000000E+00,  0.0000000E+00,  0.0000000E+00,  0.1077499E+08,  0.0000000E+00,  0.1850904E+05,  0.8353704E+05,  0.7819819E+05,  0.2098714E+03,  0.0000000E+00,  0.0000000E+00,  0.0000000E+00,  0.7411237E+05,  0.3246577E+06,  0.3732614E+06,  0.0000000E+00,   26
05/19/2012,  0.2459384E+07,  0.0000000E+00,  0.3453195E+05,  0.1550526E+06,  0.0000000E+00,  0.2499985E+07,  0.0000000E+00,  0.0000000E+00,  0.0000000E+00,  0.0000000E+00,  0.5607043E+09,  0.8653127E+07,  0.6842254E+08,  0.1833947E+11,  0.0000000E+00,  0.4358684E+09,  0.0000000E+00,  0.0000000E+00,  0.0000000E+00,  0.0000000E+00,  0.1525824E+07,  0.0000000E+00,  0.0000000E+00,  0.0000000E+00,  0.0000000E+00,  0.1163004E+08,  0.0000000E+00,  0.2152365E+05,  0.8990704E+05,  0.9351624E+05,  0.1971620E+03,  0.0000000E+00,  0.0000000E+00,  0.0000000E+00,  0.6657855E+05,  0.3133812E+06,  0.3869116E+06,  0.0000000E+00,   31
05/20/2012,  0.3005233E+07,  0.0000000E+00,  0.3373063E+05,  0.1480858E+06,  0.0000000E+00,  0.2497718E+07,  0.0000000E+00,  0.0000000E+00,  0.0000000E+00,  0.0000000E+00,  0.5489542E+09,  0.8472027E+07,  0.6811885E+08,  0.1833873E+11,  0.0000000E+00,  0.4356894E+09,  0.0000000E+00,  0.0000000E+00,  0.0000000E+00,  0.0000000E+00,  0.2096640E+07,  0.0000000E+00,  0.0000000E+00,  0.0000000E+00,  0.0000000E+00,  0.1199564E+08,  0.0000000E+00,  0.2427813E+05,  0.9317968E+05,  0.1015119E+06,  0.1852565E+03,  0.0000000E+00,  0.0000000E+00,  0.0000000E+00,  0.5676500E+05,  0.3031634E+06,  0.3370714E+06,  0.0000000E+00,   26
05/21/2012,  0.2798196E+07,  0.0000000E+00,  0.3293890E+05,  0.1419827E+06,  0.0000000E+00,  0.2474356E+07,  0.0000000E+00,  0.0000000E+00,  0.0000000E+00,  0.0000000E+00,  0.5393665E+09,  0.8326166E+07,  0.6782034E+08,  0.1833801E+11,  0.0000000E+00,  0.4355188E+09,  0.0000000E+00,  0.0000000E+00,  0.0000000E+00,  0.0000000E+00,  0.1891584E+07,  0.0000000E+00,  0.0000000E+00,  0.0000000E+00,  0.0000000E+00,  0.9802361E+07,  0.0000000E+00,  0.2094535E+05,  0.9317246E+05,  0.8624038E+05,  0.1743140E+03,  0.0000000E+00,  0.0000000E+00,  0.0000000E+00,  0.5152155E+05,  0.2954448E+06,  0.3299483E+06,  0.0000000E+00,   27
05/22/2012,  0.3442598E+07,  0.0000000E+00,  0.3214640E+05,  0.1403766E+06,  0.0000000E+00,  0.2471907E+07,  0.0000000E+00,  0.0000000E+00,  0.0000000E+00,  0.0000000E+00,  0.5301458E+09,  0.8214518E+07,  0.6752905E+08,  0.1833732E+11,  0.0000000E+00,  0.4353430E+09,  0.0000000E+00,  0.0000000E+00,  0.0000000E+00,  0.0000000E+00,  0.2556576E+07,  0.0000000E+00,  0.0000000E+00,  0.0000000E+00,  0.0000000E+00,  0.9399626E+07,  0.0000000E+00,  0.2096746E+05,  0.9824789E+05,  0.8146809E+05,  0.1640316E+03,  0.0000000E+00,  0.0000000E+00,  0.0000000E+00,  0.4870376E+05,  0.2886118E+06,  0.3198645E+06,  0.0000000E+00,   26
05/23/2012,  0.2533000E+07,  0.0000000E+00,  0.3128104E+05,  0.1371400E+06,  0.0000000E+00,  0.2435207E+07,  0.0000000E+00,  0.0000000E+00,  0.0000000E+00,  0.0000000E+00,  0.5220289E+09,  0.8112634E+07,  0.6725488E+08,  0.1833660E+11,  0.0000000E+00,  0.4351621E+09,  0.0000000E+00,  0.0000000E+00,  0.0000000E+00,  0.0000000E+00,  0.1636416E+07,  0.0000000E+00,  0.0000000E+00,  0.0000000E+00,  0.0000000E+00,  0.8284257E+07,  0.0000000E+00,  0.2044611E+05,  0.7840032E+05,  0.7767238E+05,  0.1553127E+03,  0.0000000E+00,  0.0000000E+00,  0.0000000E+00,  0.4575646E+05,  0.2798285E+06,  0.3002819E+06,  0.0000000E+00,   26
05/24/2012,  0.2194533E+07,  0.0000000E+00,  0.3041104E+05,  0.1350950E+06,  0.0000000E+00,  0.2424714E+07,  0.0000000E+00,  0.0000000E+00,  0.0000000E+00,  0.0000000E+00,  0.5144856E+09,  0.8023750E+07,  0.6699245E+08,  0.1833592E+11,  0.0000000E+00,  0.4349780E+09,  0.0000000E+00,  0.0000000E+00,  0.0000000E+00,  0.0000000E+00,  0.1313280E+07,  0.0000000E+00,  0.0000000E+00,  0.0000000E+00,  0.0000000E+00,  0.7696547E+07,  0.0000000E+00,  0.1865578E+05,  0.8292053E+05,  0.7344133E+05,  0.1471453E+03,  0.0000000E+00,  0.0000000E+00,  0.0000000E+00,  0.4257678E+05,  0.2725548E+06,  0.2871187E+06,  0.0000000E+00,   25
05/25/2012,  0.2130313E+07,  0.0000000E+00,  0.2956444E+05,  0.1333816E+06,  0.0000000E+00,  0.2418611E+07,  0.0000000E+00,  0.0000000E+00,  0.0000000E+00,  0.0000000E+00,  0.5079933E+09,  0.7942693E+07,  0.6671930E+08,  0.1833527E+11,  0.0000000E+00,  0.4347965E+09,  0.0000000E+00,  0.0000000E+00,  0.0000000E+00,  0.0000000E+00,  0.1266624E+07,  0.0000000E+00,  0.0000000E+00,  0.0000000E+00,  0.0000000E+00,  0.6638261E+07,  0.0000000E+00,  0.1564890E+05,  0.7261581E+05,  0.6500435E+05,  0.1395762E+03,  0.0000000E+00,  0.0000000E+00,  0.0000000E+00,  0.3997041E+05,  0.2679747E+06,  0.2982172E+06,  0.0000000E+00,   22
05/26/2012,  0.2163250E+07,  0.0000000E+00,  0.2875628E+05,  0.1326952E+06,  0.0000000E+00,  0.2402692E+07,  0.0000000E+00,  0.0000000E+00,  0.0000000E+00,  0.0000000E+00,  0.5010369E+09,  0.7872411E+07,  0.6645585E+08,  0.1833463E+11,  0.0000000E+00,  0.4346081E+09,  0.0000000E+00,  0.0000000E+00,  0.0000000E+00,  0.0000000E+00,  0.1308096E+07,  0.0000000E+00,  0.0000000E+00,  0.0000000E+00,  0.0000000E+00,  0.7089041E+07,  0.0000000E+00,  0.1545978E+05,  0.7365619E+05,  0.6998426E+05,  0.1323463E+03,  0.0000000E+00,  0.0000000E+00,  0.0000000E+00,  0.3760814E+05,  0.2615688E+06,  0.2863216E+06,  0.0000000E+00,   24
05/27/2012,  0.2219268E+07,  0.0000000E+00,  0.2782022E+05,  0.1302337E+06,  0.0000000E+00,  0.2385853E+07,  0.0000000E+00,  0.0000000E+00,  0.0000000E+00,  0.0000000E+00,  0.4935031E+09,  0.7802261E+07,  0.6619335E+08,  0.1833398E+11,  0.0000000E+00,  0.4344120E+09,  0.0000000E+00,  0.0000000E+00,  0.0000000E+00,  0.0000000E+00,  0.1374624E+07,  0.0000000E+00,  0.0000000E+00,  0.0000000E+00,  0.0000000E+00,  0.7666966E+07,  0.0000000E+00,  0.1500149E+05,  0.1002377E+06,  0.7492888E+05,  0.1261961E+03,  0.0000000E+00,  0.0000000E+00,  0.0000000E+00,  0.3513915E+05,  0.2562799E+06,  0.2833419E+06,  0.0000000E+00,   23
05/28/2012,  0.2221145E+07,  0.0000000E+00,  0.2687226E+05,  0.1271877E+06,  0.0000000E+00,  0.2370948E+07,  0.0000000E+00,  0.0000000E+00,  0.0000000E+00,  0.0000000E+00,  0.4861493E+09,  0.7731756E+07,  0.6591166E+08,  0.1833337E+11,  0.0000000E+00,  0.4342195E+09,  0.0000000E+00,  0.0000000E+00,  0.0000000E+00,  0.0000000E+00,  0.1386720E+07,  0.0000000E+00,  0.0000000E+00,  0.0000000E+00,  0.0000000E+00,  0.7490475E+07,  0.0000000E+00,  0.1194929E+05,  0.8320333E+05,  0.6668567E+05,  0.1203480E+03,  0.0000000E+00,  0.0000000E+00,  0.0000000E+00,  0.3245971E+05,  0.2527805E+06,  0.3028772E+06,  0.0000000E+00,   23
05/29/2012,  0.2499709E+07,  0.0000000E+00,  0.2742932E+05,  0.1254655E+06,  0.0000000E+00,  0.2356177E+07,  0.0000000E+00,  0.0000000E+00,  0.0000000E+00,  0.0000000E+00,  0.4777989E+09,  0.7665771E+07,  0.6567194E+08,  0.1833274E+11,  0.0000000E+00,  0.4340160E+09,  0.0000000E+00,  0.0000000E+00,  0.0000000E+00,  0.0000000E+00,  0.1676160E+07,  0.0000000E+00,  0.0000000E+00,  0.0000000E+00,  0.0000000E+00,  0.8478492E+07,  0.0000000E+00,  0.1221690E+05,  0.9198178E+05,  0.7590693E+05,  0.1147533E+03,  0.0000000E+00,  0.0000000E+00,  0.0000000E+00,  0.3075763E+05,  0.2459135E+06,  0.2588964E+06,  0.0000000E+00,  324
05/30/2012,  0.2354297E+07,  0.0000000E+00,  0.2607977E+05,  0.1211002E+06,  0.0000000E+00,  0.2327610E+07,  0.0000000E+00,  0.0000000E+00,  0.0000000E+00,  0.0000000E+00,  0.4679884E+09,  0.7596942E+07,  0.6544860E+08,  0.1833207E+11,  0.0000000E+00,  0.4337976E+09,  0.0000000E+00,  0.0000000E+00,  0.0000000E+00,  0.0000000E+00,  0.1537056E+07,  0.0000000E+00,  0.0000000E+00,  0.0000000E+00,  0.0000000E+00,  0.9943429E+07,  0.0000000E+00,  0.1410242E+05,  0.1129035E+06,  0.9246226E+05,  0.1099753E+03,  0.0000000E+00,  0.0000000E+00,  0.0000000E+00,  0.2875090E+05,  0.2401264E+06,  0.2386113E+06,  0.0000000E+00, 1012
05/31/2012,  0.2373888E+07,  0.0000000E+00,  0.2490996E+05,  0.1164855E+06,  0.0000000E+00,  0.2305738E+07,  0.0000000E+00,  0.0000000E+00,  0.0000000E+00,  0.0000000E+00,  0.4565528E+09,  0.7520862E+07,  0.6519095E+08,  0.1833143E+11,  0.0000000E+00,  0.4335612E+09,  0.0000000E+00,  0.0000000E+00,  0.0000000E+00,  0.0000000E+00,  0.1576800E+07,  0.0000000E+00,  0.0000000E+00,  0.0000000E+00,  0.0000000E+00,  0.1157886E+08,  0.0000000E+00,  0.1591825E+05,  0.1150512E+06,  0.1165571E+06,  0.1054288E+03,  0.0000000E+00,  0.0000000E+00,  0.0000000E+00,  0.2668777E+05,  0.2352875E+06,  0.2690136E+06,  0.0000000E+00,   46
06/01/2012,  0.2866933E+07,  0.0000000E+00,  0.2376990E+05,  0.1104039E+06,  0.0000000E+00,  0.2285178E+07,  0.0000000E+00,  0.0000000E+00,  0.0000000E+00,  0.0000000E+00,  0.4462752E+09,  0.7440584E+07,  0.6497483E+08,  0.1833076E+11,  0.0000000E+00,  0.4333344E+09,  0.0000000E+00,  0.0000000E+00,  0.0000000E+00,  0.0000000E+00,  0.2089152E+07,  0.0000000E+00,  0.0000000E+00,  0.0000000E+00,  0.0000000E+00,  0.1042843E+08,  0.0000000E+00,  0.1512268E+05,  0.1150095E+06,  0.1094054E+06,  0.1010717E+03,  0.0000000E+00,  0.0000000E+00,  0.0000000E+00,  0.2450822E+05,  0.2292960E+06,  0.2260840E+06,  0.0000000E+00,   51
06/02/2012,  0.3146413E+07,  0.0000000E+00,  0.2340299E+05,  0.1081627E+06,  0.0000000E+00,  0.2268564E+07,  0.0000000E+00,  0.0000000E+00,  0.0000000E+00,  0.0000000E+00,  0.4382728E+09,  0.7373426E+07,  0.6475427E+08,  0.1833014E+11,  0.0000000E+00,  0.4331249E+09,  0.0000000E+00,  0.0000000E+00,  0.0000000E+00,  0.0000000E+00,  0.2382048E+07,  0.0000000E+00,  0.0000000E+00,  0.0000000E+00,  0.0000000E+00,  0.8141323E+07,  0.0000000E+00,  0.1228054E+05,  0.1026412E+06,  0.9121679E+05,  0.9687240E+02,  0.0000000E+00,  0.0000000E+00,  0.0000000E+00,  0.2264996E+05,  0.2260787E+06,  0.2314835E+06,  0.0000000E+00,   86
06/03/2012,  0.3088429E+07,  0.0000000E+00,  0.2347678E+05,  0.1085082E+06,  0.0000000E+00,  0.2241547E+07,  0.0000000E+00,  0.0000000E+00,  0.0000000E+00,  0.0000000E+00,  0.4305094E+09,  0.7321051E+07,  0.6455509E+08,  0.1832950E+11,  0.0000000E+00,  0.4329146E+09,  0.0000000E+00,  0.0000000E+00,  0.0000000E+00,  0.0000000E+00,  0.2325024E+07,  0.0000000E+00,  0.0000000E+00,  0.0000000E+00,  0.0000000E+00,  0.7883824E+07,  0.0000000E+00,  0.1174694E+05,  0.8891396E+05,  0.9311785E+05,  0.9284305E+02,  0.0000000E+00,  0.0000000E+00,  0.0000000E+00,  0.2132996E+05,  0.2214627E+06,  0.2093048E+06,  0.0000000E+00,   42
06/04/2012,  0.3151667E+07,  0.2330209E+06,  0.2309888E+05,  0.1538106E+06,  0.0000000E+00,  0.2505778E+07,  0.3411435E+07,  0.0000000E+00,  0.0000000E+00,  0.0000000E+00,  0.4545993E+09,  0.8893244E+07,  0.6485045E+08,  0.1832939E+11,  0.0000000E+00,  0.4328970E+09,  0.0000000E+00,  0.3542691E+08,  0.0000000E+00,  0.0000000E+00,  0.2350944E+07,  0.0000000E+00,  0.0000000E+00,  0.0000000E+00,  0.0000000E+00,  0.2927968E+07,  0.0000000E+00,  0.1718795E+05,  0.2381521E+06,  0.4191652E+05,  0.1508272E+04,  0.2948213E+04,  0.0000000E+00,  0.0000000E+00,  0.9062289E+06,  0.2290259E+06,  0.5942098E+06,  0.2944567E+08,  114
06/05/2012,  0.2354141E+07,  0.0000000E+00,  0.2241389E+05,  0.1457638E+06,  0.0000000E+00,  0.2255024E+07,  0.0000000E+00,  0.0000000E+00,  0.0000000E+00,  0.0000000E+00,  0.4504306E+09,  0.8724234E+07,  0.6467740E+08,  0.1832881E+11,  0.0000000E+00,  0.4326950E+09,  0.0000000E+00,  0.0000000E+00,  0.0000000E+00,  0.0000000E+00,  0.1577664E+07,  0.3411435E+07,  0.0000000E+00,  0.0000000E+00,  0.0000000E+00,  0.4262086E+07,  0.0000000E+00,  0.3358360E+05,  0.1486883E+06,  0.6603397E+05,  0.3825600E+03,  0.0000000E+00,  0.0000000E+00,  0.0000000E+00,  0.1278475E+06,  0.2207903E+06,  0.2683719E+06,  0.0000000E+00,   95
06/06/2012,  0.2163881E+07,  0.0000000E+00,  0.2156941E+05,  0.1405479E+06,  0.0000000E+00,  0.2235557E+07,  0.0000000E+00,  0.0000000E+00,  0.0000000E+00,  0.0000000E+00,  0.4432939E+09,  0.8586084E+07,  0.6447577E+08,  0.1832826E+11,  0.0000000E+00,  0.4324957E+09,  0.0000000E+00,  0.0000000E+00,  0.0000000E+00,  0.0000000E+00,  0.1404864E+07,  0.0000000E+00,  0.0000000E+00,  0.0000000E+00,  0.0000000E+00,  0.7237540E+07,  0.0000000E+00,  0.4133951E+05,  0.1155328E+06,  0.7546733E+05,  0.3221107E+03,  0.0000000E+00,  0.0000000E+00,  0.0000000E+00,  0.9196748E+05,  0.2170987E+06,  0.2527260E+06,  0.0000000E+00,  239
06/07/2012,  0.2161009E+07,  0.0000000E+00,  0.2092318E+05,  0.1320126E+06,  0.0000000E+00,  0.2211297E+07,  0.0000000E+00,  0.0000000E+00,  0.0000000E+00,  0.0000000E+00,  0.4359652E+09,  0.8448557E+07,  0.6428293E+08,  0.1832768E+11,  0.0000000E+00,  0.4322957E+09,  0.0000000E+00,  0.0000000E+00,  0.0000000E+00,  0.0000000E+00,  0.1416096E+07,  0.0000000E+00,  0.0000000E+00,  0.0000000E+00,  0.0000000E+00,  0.7450628E+07,  0.0000000E+00,  0.4038091E+05,  0.1137750E+06,  0.8420672E+05,  0.2853008E+03,  0.0000000E+00,  0.0000000E+00,  0.0000000E+00,  0.7616438E+05,  0.2137705E+06,  0.2290467E+06,  0.0000000E+00,  251
06/08/2012,  0.2663813E+07,  0.0000000E+00,  0.2041507E+05,  0.1268601E+06,  0.0000000E+00,  0.2197399E+07,  0.0000000E+00,  0.0000000E+00,  0.0000000E+00,  0.0000000E+00,  0.4291730E+09,  0.8322750E+07,  0.6409913E+08,  0.1832711E+11,  0.0000000E+00,  0.4321098E+09,  0.0000000E+00,  0.0000000E+00,  0.0000000E+00,  0.0000000E+00,  0.1933632E+07,  0.0000000E+00,  0.0000000E+00,  0.0000000E+00,  0.0000000E+00,  0.6914765E+07,  0.0000000E+00,  0.3090982E+05,  0.1037271E+06,  0.7289525E+05,  0.2571348E+03,  0.0000000E+00,  0.0000000E+00,  0.0000000E+00,  0.6664560E+05,  0.2108591E+06,  0.2199341E+06,  0.0000000E+00,  217
06/09/2012,  0.3162012E+07,  0.0000000E+00,  0.1992340E+05,  0.1240881E+06,  0.0000000E+00,  0.2175627E+07,  0.0000000E+00,  0.0000000E+00,  0.0000000E+00,  0.0000000E+00,  0.4209704E+09,  0.8211014E+07,  0.6391633E+08,  0.1832653E+11,  0.0000000E+00,  0.4319087E+09,  0.0000000E+00,  0.0000000E+00,  0.0000000E+00,  0.0000000E+00,  0.2443392E+07,  0.0000000E+00,  0.0000000E+00,  0.0000000E+00,  0.0000000E+00,  0.8317609E+07,  0.0000000E+00,  0.3107783E+05,  0.1170401E+06,  0.9524480E+05,  0.2334408E+03,  0.0000000E+00,  0.0000000E+00,  0.0000000E+00,  0.5994794E+05,  0.2074267E+06,  0.2120533E+06,  0.0000000E+00,  234
06/10/2012,  0.3009014E+07,  0.0000000E+00,  0.1926705E+05,  0.1180320E+06,  0.0000000E+00,  0.2151454E+07,  0.0000000E+00,  0.0000000E+00,  0.0000000E+00,  0.0000000E+00,  0.4118616E+09,  0.8098101E+07,  0.6374555E+08,  0.1832587E+11,  0.0000000E+00,  0.4317048E+09,  0.0000000E+00,  0.0000000E+00,  0.0000000E+00,  0.0000000E+00,  0.2303424E+07,  0.0000000E+00,  0.0000000E+00,  0.0000000E+00,  0.0000000E+00,  0.9233294E+07,  0.0000000E+00,  0.2447327E+05,  0.9538318E+05,  0.1034978E+06,  0.2144333E+03,  0.0000000E+00,  0.0000000E+00,  0.0000000E+00,  0.5405129E+05,  0.2031697E+06,  0.2007416E+06,  0.0000000E+00,   29
06/11/2012,  0.2055191E+07,  0.0000000E+00,  0.1861615E+05,  0.1119740E+06,  0.0000000E+00,  0.2097119E+07,  0.0000000E+00,  0.0000000E+00,  0.0000000E+00,  0.0000000E+00,  0.4022691E+09,  0.7987091E+07,  0.6357801E+08,  0.1832520E+11,  0.0000000E+00,  0.4314965E+09,  0.0000000E+00,  0.0000000E+00,  0.0000000E+00,  0.0000000E+00,  0.1331424E+07,  0.0000000E+00,  0.0000000E+00,  0.0000000E+00,  0.0000000E+00,  0.9721618E+07,  0.0000000E+00,  0.2027015E+05,  0.1154349E+06,  0.1131757E+06,  0.1993415E+03,  0.0000000E+00,  0.0000000E+00,  0.0000000E+00,  0.4879584E+05,  0.1976897E+06,  0.1964362E+06,  0.0000000E+00,   24
06/12/2012,  0.1859616E+07,  0.0000000E+00,  0.1790742E+05,  0.1067568E+06,  0.0000000E+00,  0.2080230E+07,  0.0000000E+00,  0.0000000E+00,  0.0000000E+00,  0.0000000E+00,  0.3937478E+09,  0.7883270E+07,  0.6341069E+08,  0.1832458E+11,  0.0000000E+00,  0.4313001E+09,  0.0000000E+00,  0.0000000E+00,  0.0000000E+00,  0.0000000E+00,  0.1152576E+07,  0.0000000E+00,  0.0000000E+00,  0.0000000E+00,  0.0000000E+00,  0.8651797E+07,  0.0000000E+00,  0.1639654E+05,  0.1241456E+06,  0.1017226E+06,  0.1855767E+03,  0.0000000E+00,  0.0000000E+00,  0.0000000E+00,  0.4435494E+05,  0.1958905E+06,  0.1956464E+06,  0.0000000E+00,   30
06/13/2012,  0.1827378E+07,  0.0000000E+00,  0.1743368E+05,  0.1045909E+06,  0.0000000E+00,  0.2069884E+07,  0.0000000E+00,  0.0000000E+00,  0.0000000E+00,  0.0000000E+00,  0.3859247E+09,  0.7792457E+07,  0.6324193E+08,  0.1832401E+11,  0.0000000E+00,  0.4311083E+09,  0.0000000E+00,  0.0000000E+00,  0.0000000E+00,  0.0000000E+00,  0.1137888E+07,  0.0000000E+00,  0.0000000E+00,  0.0000000E+00,  0.0000000E+00,  0.7943735E+07,  0.0000000E+00,  0.1382783E+05,  0.9676481E+05,  0.9631970E+05,  0.1739333E+03,  0.0000000E+00,  0.0000000E+00,  0.0000000E+00,  0.3990258E+05,  0.1919051E+06,  0.1951988E+06,  0.0000000E+00,  228
06/14/2012,  0.1827764E+07,  0.0000000E+00,  0.1699143E+05,  0.1029099E+06,  0.0000000E+00,  0.2053919E+07,  0.0000000E+00,  0.0000000E+00,  0.0000000E+00,  0.0000000E+00,  0.3784094E+09,  0.7710910E+07,  0.6308871E+08,  0.1832340E+11,  0.0000000E+00,  0.4309237E+09,  0.0000000E+00,  0.0000000E+00,  0.0000000E+00,  0.0000000E+00,  0.1146528E+07,  0.0000000E+00,  0.0000000E+00,  0.0000000E+00,  0.0000000E+00,  0.7628743E+07,  0.0000000E+00,  0.1222623E+05,  0.1224628E+06,  0.8872707E+05,  0.1632200E+03,  0.0000000E+00,  0.0000000E+00,  0.0000000E+00,  0.3653793E+05,  0.1884620E+06,  0.1778961E+06,  0.0000000E+00,   22
06/15/2012,  0.1910303E+07,  0.0000000E+00,  0.1644964E+05,  0.1013907E+06,  0.0000000E+00,  0.2037604E+07,  0.0000000E+00,  0.0000000E+00,  0.0000000E+00,  0.0000000E+00,  0.3693175E+09,  0.7634987E+07,  0.6291618E+08,  0.1832284E+11,  0.0000000E+00,  0.4307191E+09,  0.0000000E+00,  0.0000000E+00,  0.0000000E+00,  0.0000000E+00,  0.1243296E+07,  0.0000000E+00,  0.0000000E+00,  0.0000000E+00,  0.0000000E+00,  0.9201351E+07,  0.0000000E+00,  0.1324757E+05,  0.1194542E+06,  0.1117842E+06,  0.1538248E+03,  0.0000000E+00,  0.0000000E+00,  0.0000000E+00,  0.3391080E+05,  0.1853578E+06,  0.1935564E+06,  0.0000000E+00,  454
06/16/2012,  0.1787346E+07,  0.0000000E+00,  0.1573844E+05,  0.9646089E+05,  0.0000000E+00,  0.2003222E+07,  0.0000000E+00,  0.0000000E+00,  0.0000000E+00,  0.0000000E+00,  0.3591315E+09,  0.7553703E+07,  0.6275262E+08,  0.1832221E+11,  0.0000000E+00,  0.4304971E+09,  0.0000000E+00,  0.0000000E+00,  0.0000000E+00,  0.0000000E+00,  0.1124928E+07,  0.0000000E+00,  0.0000000E+00,  0.0000000E+00,  0.0000000E+00,  0.1030456E+08,  0.0000000E+00,  0.1375206E+05,  0.1453563E+06,  0.1345995E+06,  0.1449808E+03,  0.0000000E+00,  0.0000000E+00,  0.0000000E+00,  0.3090021E+05,  0.1804988E+06,  0.1810547E+06,  0.0000000E+00,   32
06/17/2012,  0.1737111E+07,  0.0000000E+00,  0.1509094E+05,  0.9127097E+05,  0.0000000E+00,  0.1981827E+07,  0.0000000E+00,  0.0000000E+00,  0.0000000E+00,  0.0000000E+00,  0.3504463E+09,  0.7469554E+07,  0.6260343E+08,  0.1832161E+11,  0.0000000E+00,  0.4302915E+09,  0.0000000E+00,  0.0000000E+00,  0.0000000E+00,  0.0000000E+00,  0.1082592E+07,  0.0000000E+00,  0.0000000E+00,  0.0000000E+00,  0.0000000E+00,  0.8811599E+07,  0.0000000E+00,  0.1139679E+05,  0.1541920E+06,  0.1177710E+06,  0.1367071E+03,  0.0000000E+00,  0.0000000E+00,  0.0000000E+00,  0.2823486E+05,  0.1769856E+06,  0.1663737E+06,  0.0000000E+00,   26
06/18/2012,  0.1905320E+07,  0.0000000E+00,  0.1463548E+05,  0.9021798E+05,  0.0000000E+00,  0.1967063E+07,  0.0000000E+00,  0.0000000E+00,  0.0000000E+00,  0.0000000E+00,  0.3436001E+09,  0.7398562E+07,  0.6245191E+08,  0.1832102E+11,  0.0000000E+00,  0.4301024E+09,  0.0000000E+00,  0.0000000E+00,  0.0000000E+00,  0.0000000E+00,  0.1257120E+07,  0.0000000E+00,  0.0000000E+00,  0.0000000E+00,  0.0000000E+00,  0.6960092E+07,  0.0000000E+00,  0.8533089E+04,  0.1294862E+06,  0.9787165E+05,  0.1294329E+03,  0.0000000E+00,  0.0000000E+00,  0.0000000E+00,  0.2667369E+05,  0.1745236E+06,  0.1699857E+06,  0.0000000E+00,   27
06/19/2012,  0.2061152E+07,  0.0000000E+00,  0.1427525E+05,  0.9102741E+05,  0.0000000E+00,  0.1955788E+07,  0.0000000E+00,  0.0000000E+00,  0.0000000E+00,  0.0000000E+00,  0.3364486E+09,  0.7340080E+07,  0.6231097E+08,  0.1832043E+11,  0.0000000E+00,  0.4299064E+09,  0.0000000E+00,  0.0000000E+00,  0.0000000E+00,  0.0000000E+00,  0.1423008E+07,  0.0000000E+00,  0.0000000E+00,  0.0000000E+00,  0.0000000E+00,  0.7250683E+07,  0.0000000E+00,  0.8661386E+04,  0.1307139E+06,  0.1063934E+06,  0.1228021E+03,  0.0000000E+00,  0.0000000E+00,  0.0000000E+00,  0.2536001E+05,  0.1715347E+06,  0.1579725E+06,  0.0000000E+00,   15
06/20/2012,  0.1999457E+07,  0.0000000E+00,  0.1380475E+05,  0.8923709E+05,  0.0000000E+00,  0.1933196E+07,  0.0000000E+00,  0.0000000E+00,  0.0000000E+00,  0.0000000E+00,  0.3293064E+09,  0.7280409E+07,  0.6217146E+08,  0.1831983E+11,  0.0000000E+00,  0.4297075E+09,  0.0000000E+00,  0.0000000E+00,  0.0000000E+00,  0.0000000E+00,  0.1360800E+07,  0.0000000E+00,  0.0000000E+00,  0.0000000E+00,  0.0000000E+00,  0.7243793E+07,  0.0000000E+00,  0.8781074E+04,  0.1047184E+06,  0.1114398E+06,  0.1165769E+03,  0.0000000E+00,  0.0000000E+00,  0.0000000E+00,  0.2363799E+05,  0.1686347E+06,  0.1546907E+06,  0.0000000E+00,   19
06/21/2012,  0.2164238E+07,  0.0000000E+00,  0.1336330E+05,  0.8777025E+05,  0.0000000E+00,  0.1920885E+07,  0.0000000E+00,  0.0000000E+00,  0.0000000E+00,  0.0000000E+00,  0.3237747E+09,  0.7223072E+07,  0.6203486E+08,  0.1831924E+11,  0.0000000E+00,  0.4295199E+09,  0.0000000E+00,  0.0000000E+00,  0.0000000E+00,  0.0000000E+00,  0.1535328E+07,  0.0000000E+00,  0.0000000E+00,  0.0000000E+00,  0.0000000E+00,  0.5631920E+07,  0.0000000E+00,  0.7287571E+04,  0.1114103E+06,  0.1009391E+06,  0.1112873E+03,  0.0000000E+00,  0.0000000E+00,  0.0000000E+00,  0.2189433E+05,  0.1660843E+06,  0.1515280E+06,  0.0000000E+00,   13
06/22/2012,  0.1908847E+07,  0.0000000E+00,  0.1306483E+05,  0.8846915E+05,  0.0000000E+00,  0.1896729E+07,  0.0000000E+00,  0.0000000E+00,  0.0000000E+00,  0.0000000E+00,  0.3192355E+09,  0.7176375E+07,  0.6190244E+08,  0.1831866E+11,  0.0000000E+00,  0.4293487E+09,  0.0000000E+00,  0.0000000E+00,  0.0000000E+00,  0.0000000E+00,  0.1276128E+07,  0.0000000E+00,  0.0000000E+00,  0.0000000E+00,  0.0000000E+00,  0.4627677E+07,  0.0000000E+00,  0.5697695E+04,  0.7671617E+05,  0.8252599E+05,  0.1062351E+03,  0.0000000E+00,  0.0000000E+00,  0.0000000E+00,  0.2050461E+05,  0.1638798E+06,  0.1475531E+06,  0.0000000E+00,   19
06/23/2012,  0.2118591E+07,  0.0000000E+00,  0.1273424E+05,  0.9017498E+05,  0.0000000E+00,  0.1900303E+07,  0.0000000E+00,  0.0000000E+00,  0.0000000E+00,  0.0000000E+00,  0.3152752E+09,  0.7136761E+07,  0.6176269E+08,  0.1831813E+11,  0.0000000E+00,  0.4291831E+09,  0.0000000E+00,  0.0000000E+00,  0.0000000E+00,  0.0000000E+00,  0.1500768E+07,  0.0000000E+00,  0.0000000E+00,  0.0000000E+00,  0.0000000E+00,  0.4040288E+07,  0.0000000E+00,  0.5100222E+04,  0.8319640E+05,  0.7513209E+05,  0.1017330E+03,  0.0000000E+00,  0.0000000E+00,  0.0000000E+00,  0.1970471E+05,  0.1631156E+06,  0.1546584E+06,  0.0000000E+00,   20
06/24/2012,  0.2752453E+07,  0.0000000E+00,  0.1238440E+05,  0.9170992E+05,  0.0000000E+00,  0.1901142E+07,  0.0000000E+00,  0.0000000E+00,  0.0000000E+00,  0.0000000E+00,  0.3111487E+09,  0.7100254E+07,  0.6163406E+08,  0.1831759E+11,  0.0000000E+00,  0.4290164E+09,  0.0000000E+00,  0.0000000E+00,  0.0000000E+00,  0.0000000E+00,  0.2148768E+07,  0.0000000E+00,  0.0000000E+00,  0.0000000E+00,  0.0000000E+00,  0.4201498E+07,  0.0000000E+00,  0.4983152E+04,  0.8013518E+05,  0.7781530E+05,  0.9747298E+02,  0.0000000E+00,  0.0000000E+00,  0.0000000E+00,  0.1854195E+05,  0.1612072E+06,  0.1425023E+06,  0.0000000E+00,   15
06/25/2012,  0.2480364E+07,  0.0000000E+00,  0.1197265E+05,  0.9147574E+05,  0.0000000E+00,  0.1873490E+07,  0.0000000E+00,  0.0000000E+00,  0.0000000E+00,  0.0000000E+00,  0.3069323E+09,  0.7062589E+07,  0.6150744E+08,  0.1831705E+11,  0.0000000E+00,  0.4288527E+09,  0.0000000E+00,  0.0000000E+00,  0.0000000E+00,  0.0000000E+00,  0.1860192E+07,  0.0000000E+00,  0.0000000E+00,  0.0000000E+00,  0.0000000E+00,  0.4292171E+07,  0.0000000E+00,  0.4745957E+04,  0.9628157E+05,  0.7609637E+05,  0.9341533E+02,  0.0000000E+00,  0.0000000E+00,  0.0000000E+00,  0.1752295E+05,  0.1590599E+06,  0.1396959E+06,  0.0000000E+00,   12
06/26/2012,  0.1966456E+07,  0.0000000E+00,  0.1156307E+05,  0.9085531E+05,  0.0000000E+00,  0.1853706E+07,  0.0000000E+00,  0.0000000E+00,  0.0000000E+00,  0.0000000E+00,  0.3022187E+09,  0.7024637E+07,  0.6136519E+08,  0.1831651E+11,  0.0000000E+00,  0.4286830E+09,  0.0000000E+00,  0.0000000E+00,  0.0000000E+00,  0.0000000E+00,  0.1351296E+07,  0.0000000E+00,  0.0000000E+00,  0.0000000E+00,  0.0000000E+00,  0.4789649E+07,  0.0000000E+00,  0.5042319E+04,  0.1090031E+06,  0.8475385E+05,  0.8946043E+02,  0.0000000E+00,  0.0000000E+00,  0.0000000E+00,  0.1658634E+05,  0.1571801E+06,  0.1540883E+06,  0.0000000E+00,   23
06/27/2012,  0.2135735E+07,  0.0000000E+00,  0.1113047E+05,  0.8914779E+05,  0.0000000E+00,  0.1840681E+07,  0.0000000E+00,  0.0000000E+00,  0.0000000E+00,  0.0000000E+00,  0.2972816E+09,  0.6982138E+07,  0.6123923E+08,  0.1831594E+11,  0.0000000E+00,  0.4285031E+09,  0.0000000E+00,  0.0000000E+00,  0.0000000E+00,  0.0000000E+00,  0.1531872E+07,  0.0000000E+00,  0.0000000E+00,  0.0000000E+00,  0.0000000E+00,  0.5017580E+07,  0.0000000E+00,  0.5684139E+04,  0.1359959E+06,  0.1010723E+06,  0.8609785E+02,  0.0000000E+00,  0.0000000E+00,  0.0000000E+00,  0.1588827E+05,  0.1542867E+06,  0.1364560E+06,  0.0000000E+00,   21
06/28/2012,  0.1975394E+07,  0.0000000E+00,  0.1069432E+05,  0.8679292E+05,  0.0000000E+00,  0.1818151E+07,  0.0000000E+00,  0.0000000E+00,  0.0000000E+00,  0.0000000E+00,  0.2926538E+09,  0.6938831E+07,  0.6111377E+08,  0.1831537E+11,  0.0000000E+00,  0.4283347E+09,  0.0000000E+00,  0.0000000E+00,  0.0000000E+00,  0.0000000E+00,  0.1369440E+07,  0.0000000E+00,  0.0000000E+00,  0.0000000E+00,  0.0000000E+00,  0.4711111E+07,  0.0000000E+00,  0.4854649E+04,  0.1138557E+06,  0.9132180E+05,  0.8285659E+02,  0.0000000E+00,  0.0000000E+00,  0.0000000E+00,  0.1473766E+05,  0.1523071E+06,  0.1356176E+06,  0.0000000E+00,   20
06/29/2012,  0.2000585E+07,  0.0000000E+00,  0.1030898E+05,  0.8617891E+05,  0.0000000E+00,  0.1802980E+07,  0.0000000E+00,  0.0000000E+00,  0.0000000E+00,  0.0000000E+00,  0.2884437E+09,  0.6899208E+07,  0.6098284E+08,  0.1831481E+11,  0.0000000E+00,  0.4281707E+09,  0.0000000E+00,  0.0000000E+00,  0.0000000E+00,  0.0000000E+00,  0.1399680E+07,  0.0000000E+00,  0.0000000E+00,  0.0000000E+00,  0.0000000E+00,  0.4290103E+07,  0.0000000E+00,  0.4384637E+04,  0.1221942E+06,  0.8785783E+05,  0.7977000E+02,  0.0000000E+00,  0.0000000E+00,  0.0000000E+00,  0.1412999E+05,  0.1510185E+06,  0.1409513E+06,  0.0000000E+00,   22
06/30/2012,  0.2755494E+07,  0.0000000E+00,  0.9952420E+04,  0.8627483E+05,  0.0000000E+00,  0.1802361E+07,  0.0000000E+00,  0.0000000E+00,  0.0000000E+00,  0.0000000E+00,  0.2841209E+09,  0.6862112E+07,  0.6084536E+08,  0.1831428E+11,  0.0000000E+00,  0.4280054E+09,  0.0000000E+00,  0.0000000E+00,  0.0000000E+00,  0.0000000E+00,  0.2170368E+07,  0.0000000E+00,  0.0000000E+00,  0.0000000E+00,  0.0000000E+00,  0.4400692E+07,  0.0000000E+00,  0.4287086E+04,  0.1238159E+06,  0.9139478E+05,  0.7676789E+02,  0.0000000E+00,  0.0000000E+00,  0.0000000E+00,  0.1319163E+05,  0.1503168E+06,  0.1466729E+06,  0.0000000E+00,   22
07/01/2012,  0.2907285E+07,  0.0000000E+00,  0.9598435E+04,  0.8535585E+05,  0.0000000E+00,  0.1785956E+07,  0.0000000E+00,  0.0000000E+00,  0.0000000E+00,  0.0000000E+00,  0.2801103E+09,  0.6825273E+07,  0.6072718E+08,  0.1831372E+11,  0.0000000E+00,  0.4278492E+09,  0.0000000E+00,  0.0000000E+00,  0.0000000E+00,  0.0000000E+00,  0.2323296E+07,  0.0000000E+00,  0.0000000E+00,  0.0000000E+00,  0.0000000E+00,  0.4086902E+07,  0.0000000E+00,  0.3655635E+04,  0.1054476E+06,  0.8222165E+05,  0.7418556E+02,  0.0000000E+00,  0.0000000E+00,  0.0000000E+00,  0.1279868E+05,  0.1472559E+06,  0.1275972E+06,  0.0000000E+00,   22
07/02/2012,  0.2421494E+07,  0.0000000E+00,  0.9325651E+04,  0.8502661E+05,  0.0000000E+00,  0.1764439E+07,  0.0000000E+00,  0.0000000E+00,  0.0000000E+00,  0.0000000E+00,  0.2760244E+09,  0.6791305E+07,  0.6061189E+08,  0.1831317E+11,  0.0000000E+00,  0.4276944E+09,  0.0000000E+00,  0.0000000E+00,  0.0000000E+00,  0.0000000E+00,  0.1829952E+07,  0.0000000E+00,  0.0000000E+00,  0.0000000E+00,  0.0000000E+00,  0.4158713E+07,  0.0000000E+00,  0.3359972E+04,  0.9251600E+05,  0.8143063E+05,  0.7160610E+02,  0.0000000E+00,  0.0000000E+00,  0.0000000E+00,  0.1200416E+05,  0.1451958E+06,  0.1242089E+06,  0.0000000E+00,   22
07/03/2012,  0.2277468E+07,  0.0000000E+00,  0.9055329E+04,  0.8410624E+05,  0.0000000E+00,  0.1752676E+07,  0.0000000E+00,  0.0000000E+00,  0.0000000E+00,  0.0000000E+00,  0.2717024E+09,  0.6757346E+07,  0.6049559E+08,  0.1831261E+11,  0.0000000E+00,  0.4275310E+09,  0.0000000E+00,  0.0000000E+00,  0.0000000E+00,  0.0000000E+00,  0.1696032E+07,  0.0000000E+00,  0.0000000E+00,  0.0000000E+00,  0.0000000E+00,  0.4394531E+07,  0.0000000E+00,  0.3539734E+04,  0.8533059E+05,  0.9411404E+05,  0.6916178E+02,  0.0000000E+00,  0.0000000E+00,  0.0000000E+00,  0.1122998E+05,  0.1430439E+06,  0.1242506E+06,  0.0000000E+00,   24
07/04/2012,  0.2840070E+07,  0.0000000E+00,  0.8775085E+04,  0.8265088E+05,  0.0000000E+00,  0.1757885E+07,  0.0000000E+00,  0.0000000E+00,  0.0000000E+00,  0.0000000E+00,  0.2674760E+09,  0.6722066E+07,  0.6038199E+08,  0.1831209E+11,  0.0000000E+00,  0.4273700E+09,  0.0000000E+00,  0.0000000E+00,  0.0000000E+00,  0.0000000E+00,  0.2283552E+07,  0.0000000E+00,  0.0000000E+00,  0.0000000E+00,  0.0000000E+00,  0.4301549E+07,  0.0000000E+00,  0.3233648E+04,  0.9586646E+05,  0.9433371E+05,  0.6682910E+02,  0.0000000E+00,  0.0000000E+00,  0.0000000E+00,  0.1059159E+05,  0.1419656E+06,  0.1212316E+06,  0.0000000E+00,   23
07/05/2012,  0.2131729E+07,  0.0000000E+00,  0.8534610E+04,  0.8127243E+05,  0.0000000E+00,  0.1730254E+07,  0.0000000E+00,  0.0000000E+00,  0.0000000E+00,  0.0000000E+00,  0.2636738E+09,  0.6688175E+07,  0.6026969E+08,  0.1831155E+11,  0.0000000E+00,  0.4272228E+09,  0.0000000E+00,  0.0000000E+00,  0.0000000E+00,  0.0000000E+00,  0.1559520E+07,  0.0000000E+00,  0.0000000E+00,  0.0000000E+00,  0.0000000E+00,  0.3876678E+07,  0.0000000E+00,  0.2548658E+04,  0.8374417E+05,  0.7933867E+05,  0.6456547E+02,  0.0000000E+00,  0.0000000E+00,  0.0000000E+00,  0.9747459E+04,  0.1401966E+06,  0.1197578E+06,  0.0000000E+00,   19
07/06/2012,  0.2451894E+07,  0.0000000E+00,  0.8351830E+04,  0.8163153E+05,  0.0000000E+00,  0.1732731E+07,  0.0000000E+00,  0.0000000E+00,  0.0000000E+00,  0.0000000E+00,  0.2594543E+09,  0.6657882E+07,  0.6016020E+08,  0.1831102E+11,  0.0000000E+00,  0.4270661E+09,  0.0000000E+00,  0.0000000E+00,  0.0000000E+00,  0.0000000E+00,  0.1900800E+07,  0.0000000E+00,  0.0000000E+00,  0.0000000E+00,  0.0000000E+00,  0.4289487E+07,  0.0000000E+00,  0.2700478E+04,  0.8694347E+05,  0.9184518E+05,  0.6235098E+02,  0.0000000E+00,  0.0000000E+00,  0.0000000E+00,  0.9440534E+04,  0.1391106E+06,  0.1164859E+06,  0.0000000E+00,   22
07/07/2012,  0.2793065E+07,  0.0000000E+00,  0.8066557E+04,  0.7998287E+05,  0.0000000E+00,  0.1715760E+07,  0.0000000E+00,  0.0000000E+00,  0.0000000E+00,  0.0000000E+00,  0.2549292E+09,  0.6624199E+07,  0.6005094E+08,  0.1831048E+11,  0.0000000E+00,  0.4268991E+09,  0.0000000E+00,  0.0000000E+00,  0.0000000E+00,  0.0000000E+00,  0.2248128E+07,  0.0000000E+00,  0.0000000E+00,  0.0000000E+00,  0.0000000E+00,  0.4599505E+07,  0.0000000E+00,  0.2894068E+04,  0.9349442E+05,  0.1084515E+06,  0.6023352E+02,  0.0000000E+00,  0.0000000E+00,  0.0000000E+00,  0.8888644E+04,  0.1377283E+06,  0.1155145E+06,  0.0000000E+00,   24
07/08/2012,  0.2702658E+07,  0.0000000E+00,  0.7786924E+04,  0.7771764E+05,  0.0000000E+00,  0.1694143E+07,  0.0000000E+00,  0.0000000E+00,  0.0000000E+00,  0.0000000E+00,  0.2508415E+09,  0.6588556E+07,  0.5994590E+08,  0.1830995E+11,  0.0000000E+00,  0.4267484E+09,  0.0000000E+00,  0.0000000E+00,  0.0000000E+00,  0.0000000E+00,  0.2153088E+07,  0.0000000E+00,  0.0000000E+00,  0.0000000E+00,  0.0000000E+00,  0.4166063E+07,  0.0000000E+00,  0.2421514E+04,  0.8046898E+05,  0.9259010E+05,  0.5823939E+02,  0.0000000E+00,  0.0000000E+00,  0.0000000E+00,  0.8231300E+04,  0.1364773E+06,  0.1111067E+06,  0.0000000E+00,   23
07/09/2012,  0.1936519E+07,  0.0000000E+00,  0.7577355E+04,  0.7719346E+05,  0.0000000E+00,  0.1671084E+07,  0.0000000E+00,  0.0000000E+00,  0.0000000E+00,  0.0000000E+00,  0.2468480E+09,  0.6557303E+07,  0.5981290E+08,  0.1830944E+11,  0.0000000E+00,  0.4266036E+09,  0.0000000E+00,  0.0000000E+00,  0.0000000E+00,  0.0000000E+00,  0.1377216E+07,  0.0000000E+00,  0.0000000E+00,  0.0000000E+00,  0.0000000E+00,  0.4068740E+07,  0.0000000E+00,  0.2103787E+04,  0.8565516E+05,  0.8696946E+05,  0.5626859E+02,  0.0000000E+00,  0.0000000E+00,  0.0000000E+00,  0.7946730E+04,  0.1368005E+06,  0.1390845E+06,  0.0000000E+00,   30
07/10/2012,  0.2139852E+07,  0.0000000E+00,  0.7347073E+04,  0.7776308E+05,  0.0000000E+00,  0.1668153E+07,  0.0000000E+00,  0.0000000E+00,  0.0000000E+00,  0.0000000E+00,  0.2420039E+09,  0.6528425E+07,  0.5968998E+08,  0.1830892E+11,  0.0000000E+00,  0.4264357E+09,  0.0000000E+00,  0.0000000E+00,  0.0000000E+00,  0.0000000E+00,  0.1601856E+07,  0.0000000E+00,  0.0000000E+00,  0.0000000E+00,  0.0000000E+00,  0.4915538E+07,  0.0000000E+00,  0.2659018E+04,  0.9368463E+05,  0.1180353E+06,  0.5440506E+02,  0.0000000E+00,  0.0000000E+00,  0.0000000E+00,  0.7641587E+04,  0.1352902E+06,  0.1281489E+06,  0.0000000E+00,   31
07/11/2012,  0.2194848E+07,  0.0000000E+00,  0.6989455E+04,  0.7521788E+05,  0.0000000E+00,  0.1653822E+07,  0.0000000E+00,  0.0000000E+00,  0.0000000E+00,  0.0000000E+00,  0.2370576E+09,  0.6493016E+07,  0.5958794E+08,  0.1830837E+11,  0.0000000E+00,  0.4262660E+09,  0.0000000E+00,  0.0000000E+00,  0.0000000E+00,  0.0000000E+00,  0.1664064E+07,  0.0000000E+00,  0.0000000E+00,  0.0000000E+00,  0.0000000E+00,  0.5026358E+07,  0.0000000E+00,  0.2552179E+04,  0.9838070E+05,  0.1264759E+06,  0.5261660E+02,  0.0000000E+00,  0.0000000E+00,  0.0000000E+00,  0.7108040E+04,  0.1340418E+06,  0.1068354E+06,  0.0000000E+00,   31
07/12/2012,  0.1859003E+07,  0.0000000E+00,  0.6723414E+04,  0.7269585E+05,  0.0000000E+00,  0.1636572E+07,  0.0000000E+00,  0.0000000E+00,  0.0000000E+00,  0.0000000E+00,  0.2327713E+09,  0.6457641E+07,  0.5948675E+08,  0.1830783E+11,  0.0000000E+00,  0.4261109E+09,  0.0000000E+00,  0.0000000E+00,  0.0000000E+00,  0.0000000E+00,  0.1329696E+07,  0.0000000E+00,  0.0000000E+00,  0.0000000E+00,  0.0000000E+00,  0.4367447E+07,  0.0000000E+00,  0.1975474E+04,  0.9714352E+05,  0.1133075E+06,  0.5088151E+02,  0.0000000E+00,  0.0000000E+00,  0.0000000E+00,  0.6522568E+04,  0.1317733E+06,  0.1059693E+06,  0.0000000E+00,   30
07/13/2012,  0.1523613E+07,  0.0000000E+00,  0.6534226E+04,  0.7203022E+05,  0.0000000E+00,  0.1628111E+07,  0.0000000E+00,  0.0000000E+00,  0.0000000E+00,  0.0000000E+00,  0.2293574E+09,  0.6428139E+07,  0.5938747E+08,  0.1830731E+11,  0.0000000E+00,  0.4259765E+09,  0.0000000E+00,  0.0000000E+00,  0.0000000E+00,  0.0000000E+00,  0.9953281E+06,  0.0000000E+00,  0.0000000E+00,  0.0000000E+00,  0.0000000E+00,  0.3488630E+07,  0.0000000E+00,  0.1365170E+04,  0.8222666E+05,  0.8926859E+05,  0.4968450E+02,  0.0000000E+00,  0.0000000E+00,  0.0000000E+00,  0.6110943E+04,  0.1299191E+06,  0.1042572E+06,  0.0000000E+00,   25
07/14/2012,  0.2309402E+07,  0.0000000E+00,  0.6405542E+04,  0.7373029E+05,  0.0000000E+00,  0.1645403E+07,  0.0000000E+00,  0.0000000E+00,  0.0000000E+00,  0.0000000E+00,  0.2259723E+09,  0.6406116E+07,  0.5929173E+08,  0.1830680E+11,  0.0000000E+00,  0.4258421E+09,  0.0000000E+00,  0.0000000E+00,  0.0000000E+00,  0.0000000E+00,  0.1810080E+07,  0.0000000E+00,  0.0000000E+00,  0.0000000E+00,  0.0000000E+00,  0.3450613E+07,  0.0000000E+00,  0.1212384E+04,  0.6349376E+05,  0.8878883E+05,  0.4903179E+02,  0.0000000E+00,  0.0000000E+00,  0.0000000E+00,  0.5903562E+04,  0.1295495E+06,  0.1006640E+06,  0.0000000E+00,   19
07/15/2012,  0.2619246E+07,  0.0000000E+00,  0.6160908E+04,  0.7375214E+05,  0.0000000E+00,  0.1630355E+07,  0.0000000E+00,  0.0000000E+00,  0.0000000E+00,  0.0000000E+00,  0.2227183E+09,  0.6383360E+07,  0.5919713E+08,  0.1830628E+11,  0.0000000E+00,  0.4257042E+09,  0.0000000E+00,  0.0000000E+00,  0.0000000E+00,  0.0000000E+00,  0.2116800E+07,  0.0000000E+00,  0.0000000E+00,  0.0000000E+00,  0.0000000E+00,  0.3319252E+07,  0.0000000E+00,  0.1183877E+04,  0.8547463E+05,  0.9455144E+05,  0.4839196E+02,  0.0000000E+00,  0.0000000E+00,  0.0000000E+00,  0.5949611E+04,  0.1283646E+06,  0.9958360E+05,  0.0000000E+00,   22
07/16/2012,  0.2404639E+07,  0.0000000E+00,  0.5915722E+04,  0.7337122E+05,  0.0000000E+00,  0.1615512E+07,  0.0000000E+00,  0.0000000E+00,  0.0000000E+00,  0.0000000E+00,  0.2200594E+09,  0.6361397E+07,  0.5910413E+08,  0.1830577E+11,  0.0000000E+00,  0.4255762E+09,  0.0000000E+00,  0.0000000E+00,  0.0000000E+00,  0.0000000E+00,  0.1899072E+07,  0.0000000E+00,  0.0000000E+00,  0.0000000E+00,  0.0000000E+00,  0.2723513E+07,  0.0000000E+00,  0.9970976E+03,  0.6701507E+05,  0.8402743E+05,  0.4766483E+02,  0.0000000E+00,  0.0000000E+00,  0.0000000E+00,  0.5336118E+04,  0.1272898E+06,  0.9756085E+05,  0.0000000E+00,   25
07/17/2012,  0.2234709E+07,  0.0000000E+00,  0.5727830E+04,  0.7428232E+05,  0.0000000E+00,  0.1607612E+07,  0.0000000E+00,  0.0000000E+00,  0.0000000E+00,  0.0000000E+00,  0.2175551E+09,  0.6343507E+07,  0.5901269E+08,  0.1830529E+11,  0.0000000E+00,  0.4254563E+09,  0.0000000E+00,  0.0000000E+00,  0.0000000E+00,  0.0000000E+00,  0.1728000E+07,  0.0000000E+00,  0.0000000E+00,  0.0000000E+00,  0.0000000E+00,  0.2563179E+07,  0.0000000E+00,  0.8686818E+03,  0.7171698E+05,  0.7488776E+05,  0.4703880E+02,  0.0000000E+00,  0.0000000E+00,  0.0000000E+00,  0.5397059E+04,  0.1264355E+06,  0.9619255E+05,  0.0000000E+00,   21
07/18/2012,  0.1860388E+07,  0.0000000E+00,  0.5532706E+04,  0.7491544E+05,  0.0000000E+00,  0.1597092E+07,  0.0000000E+00,  0.0000000E+00,  0.0000000E+00,  0.0000000E+00,  0.2148119E+09,  0.6326295E+07,  0.5892174E+08,  0.1830477E+11,  0.0000000E+00,  0.4253305E+09,  0.0000000E+00,  0.0000000E+00,  0.0000000E+00,  0.0000000E+00,  0.1353888E+07,  0.0000000E+00,  0.0000000E+00,  0.0000000E+00,  0.0000000E+00,  0.2799939E+07,  0.0000000E+00,  0.8938836E+03,  0.6534862E+05,  0.8119850E+05,  0.4639651E+02,  0.0000000E+00,  0.0000000E+00,  0.0000000E+00,  0.5192157E+04,  0.1252660E+06,  0.9545944E+05,  0.0000000E+00,   25
07/19/2012,  0.1682999E+07,  0.0000000E+00,  0.5295112E+04,  0.7432030E+05,  0.0000000E+00,  0.1592496E+07,  0.0000000E+00,  0.0000000E+00,  0.0000000E+00,  0.0000000E+00,  0.2119277E+09,  0.6306515E+07,  0.5883180E+08,  0.1830427E+11,  0.0000000E+00,  0.4252065E+09,  0.0000000E+00,  0.0000000E+00,  0.0000000E+00,  0.0000000E+00,  0.1183680E+07,  0.0000000E+00,  0.0000000E+00,  0.0000000E+00,  0.0000000E+00,  0.2943721E+07,  0.0000000E+00,  0.7911578E+03,  0.9749539E+05,  0.8014948E+05,  0.4575999E+02,  0.0000000E+00,  0.0000000E+00,  0.0000000E+00,  0.5038234E+04,  0.1243514E+06,  0.9439541E+05,  0.0000000E+00,   20
07/20/2012,  0.1684081E+07,  0.0000000E+00,  0.5092691E+04,  0.7386830E+05,  0.0000000E+00,  0.1589194E+07,  0.0000000E+00,  0.0000000E+00,  0.0000000E+00,  0.0000000E+00,  0.2084912E+09,  0.6285088E+07,  0.5874237E+08,  0.1830377E+11,  0.0000000E+00,  0.4250678E+09,  0.0000000E+00,  0.0000000E+00,  0.0000000E+00,  0.0000000E+00,  0.1197504E+07,  0.0000000E+00,  0.0000000E+00,  0.0000000E+00,  0.0000000E+00,  0.3497054E+07,  0.0000000E+00,  0.9294048E+03,  0.1015618E+06,  0.9963489E+05,  0.4515976E+02,  0.0000000E+00,  0.0000000E+00,  0.0000000E+00,  0.5043268E+04,  0.1232252E+06,  0.9375948E+05,  0.0000000E+00,   21
07/21/2012,  0.2257763E+07,  0.0000000E+00,  0.4838724E+04,  0.7196282E+05,  0.0000000E+00,  0.1588156E+07,  0.0000000E+00,  0.0000000E+00,  0.0000000E+00,  0.0000000E+00,  0.2046449E+09,  0.6258885E+07,  0.5865411E+08,  0.1830326E+11,  0.0000000E+00,  0.4249183E+09,  0.0000000E+00,  0.0000000E+00,  0.0000000E+00,  0.0000000E+00,  0.1790208E+07,  0.0000000E+00,  0.0000000E+00,  0.0000000E+00,  0.0000000E+00,  0.3913605E+07,  0.0000000E+00,  0.9860107E+03,  0.9424342E+05,  0.1168870E+06,  0.4449800E+02,  0.0000000E+00,  0.0000000E+00,  0.0000000E+00,  0.4705394E+04,  0.1226385E+06,  0.9217710E+05,  0.0000000E+00,   24
07/22/2012,  0.2258899E+07,  0.0000000E+00,  0.4591185E+04,  0.6956448E+05,  0.0000000E+00,  0.1571287E+07,  0.0000000E+00,  0.0000000E+00,  0.0000000E+00,  0.0000000E+00,  0.2011819E+09,  0.6229523E+07,  0.5856767E+08,  0.1830276E+11,  0.0000000E+00,  0.4247800E+09,  0.0000000E+00,  0.0000000E+00,  0.0000000E+00,  0.0000000E+00,  0.1791072E+07,  0.0000000E+00,  0.0000000E+00,  0.0000000E+00,  0.0000000E+00,  0.3535279E+07,  0.0000000E+00,  0.8202325E+03,  0.8862607E+05,  0.1074300E+06,  0.4391224E+02,  0.0000000E+00,  0.0000000E+00,  0.0000000E+00,  0.4299042E+04,  0.1213937E+06,  0.9012018E+05,  0.0000000E+00,   29
07/23/2012,  0.1719990E+07,  0.0000000E+00,  0.4491850E+04,  0.6902965E+05,  0.0000000E+00,  0.1550584E+07,  0.0000000E+00,  0.0000000E+00,  0.0000000E+00,  0.0000000E+00,  0.1981717E+09,  0.6204261E+07,  0.5848228E+08,  0.1830225E+11,  0.0000000E+00,  0.4246544E+09,  0.0000000E+00,  0.0000000E+00,  0.0000000E+00,  0.0000000E+00,  0.1241568E+07,  0.0000000E+00,  0.0000000E+00,  0.0000000E+00,  0.0000000E+00,  0.3077874E+07,  0.0000000E+00,  0.6657721E+03,  0.8506753E+05,  0.9317499E+05,  0.4330682E+02,  0.0000000E+00,  0.0000000E+00,  0.0000000E+00,  0.4194813E+04,  0.1201558E+06,  0.8910965E+05,  0.0000000E+00,   24
07/24/2012,  0.1518874E+07,  0.0000000E+00,  0.4375827E+04,  0.6941726E+05,  0.0000000E+00,  0.1548062E+07,  0.0000000E+00,  0.0000000E+00,  0.0000000E+00,  0.0000000E+00,  0.1952822E+09,  0.6183260E+07,  0.5839858E+08,  0.1830178E+11,  0.0000000E+00,  0.4245318E+09,  0.0000000E+00,  0.0000000E+00,  0.0000000E+00,  0.0000000E+00,  0.1046304E+07,  0.0000000E+00,  0.0000000E+00,  0.0000000E+00,  0.0000000E+00,  0.2951916E+07,  0.0000000E+00,  0.6102661E+03,  0.1081776E+06,  0.8983875E+05,  0.4270756E+02,  0.0000000E+00,  0.0000000E+00,  0.0000000E+00,  0.4096553E+04,  0.1193150E+06,  0.8738556E+05,  0.0000000E+00,   22
07/25/2012,  0.1799007E+07,  0.0000000E+00,  0.4236549E+04,  0.6970206E+05,  0.0000000E+00,  0.1551039E+07,  0.0000000E+00,  0.0000000E+00,  0.0000000E+00,  0.0000000E+00,  0.1926363E+09,  0.6163257E+07,  0.5831521E+08,  0.1830129E+11,  0.0000000E+00,  0.4244148E+09,  0.0000000E+00,  0.0000000E+00,  0.0000000E+00,  0.0000000E+00,  0.1337472E+07,  0.0000000E+00,  0.0000000E+00,  0.0000000E+00,  0.0000000E+00,  0.2706900E+07,  0.0000000E+00,  0.5403433E+03,  0.9762222E+05,  0.8297203E+05,  0.4214413E+02,  0.0000000E+00,  0.0000000E+00,  0.0000000E+00,  0.4034461E+04,  0.1189673E+06,  0.8705368E+05,  0.0000000E+00,   23
07/26/2012,  0.1661405E+07,  0.0000000E+00,  0.4113321E+04,  0.7019102E+05,  0.0000000E+00,  0.1544215E+07,  0.0000000E+00,  0.0000000E+00,  0.0000000E+00,  0.0000000E+00,  0.1901508E+09,  0.6145151E+07,  0.5823295E+08,  0.1830080E+11,  0.0000000E+00,  0.4243016E+09,  0.0000000E+00,  0.0000000E+00,  0.0000000E+00,  0.0000000E+00,  0.1200960E+07,  0.0000000E+00,  0.0000000E+00,  0.0000000E+00,  0.0000000E+00,  0.2543757E+07,  0.0000000E+00,  0.4562730E+03,  0.7102826E+05,  0.7763003E+05,  0.4143262E+02,  0.0000000E+00,  0.0000000E+00,  0.0000000E+00,  0.3964766E+04,  0.1184669E+06,  0.8595382E+05,  0.0000000E+00,   23
07/27/2012,  0.1558847E+07,  0.0000000E+00,  0.3985224E+04,  0.7057485E+05,  0.0000000E+00,  0.1536944E+07,  0.0000000E+00,  0.0000000E+00,  0.0000000E+00,  0.0000000E+00,  0.1876099E+09,  0.6127919E+07,  0.5815241E+08,  0.1830033E+11,  0.0000000E+00,  0.4241840E+09,  0.0000000E+00,  0.0000000E+00,  0.0000000E+00,  0.0000000E+00,  0.1099008E+07,  0.0000000E+00,  0.0000000E+00,  0.0000000E+00,  0.0000000E+00,  0.2597330E+07,  0.0000000E+00,  0.4800201E+03,  0.7887611E+05,  0.8407459E+05,  0.4082697E+02,  0.0000000E+00,  0.0000000E+00,  0.0000000E+00,  0.3900827E+04,  0.1177083E+06,  0.8414561E+05,  0.0000000E+00,   23
07/28/2012,  0.1592031E+07,  0.0000000E+00,  0.3837436E+04,  0.7016783E+05,  0.0000000E+00,  0.1514544E+07,  0.0000000E+00,  0.0000000E+00,  0.0000000E+00,  0.0000000E+00,  0.1850678E+09,  0.6109891E+07,  0.5806417E+08,  0.1829986E+11,  0.0000000E+00,  0.4240680E+09,  0.0000000E+00,  0.0000000E+00,  0.0000000E+00,  0.0000000E+00,  0.1120608E+07,  0.0000000E+00,  0.0000000E+00,  0.0000000E+00,  0.0000000E+00,  0.2599619E+07,  0.0000000E+00,  0.4480443E+03,  0.8243729E+05,  0.8191456E+05,  0.4028343E+02,  0.0000000E+00,  0.0000000E+00,  0.0000000E+00,  0.3777943E+04,  0.1172634E+06,  0.9174507E+05,  0.0000000E+00,   20
07/29/2012,  0.1434942E+07,  0.0000000E+00,  0.3699988E+04,  0.6998523E+05,  0.0000000E+00,  0.1518236E+07,  0.0000000E+00,  0.0000000E+00,  0.0000000E+00,  0.0000000E+00,  0.1824567E+09,  0.6090772E+07,  0.5798306E+08,  0.1829938E+11,  0.0000000E+00,  0.4239506E+09,  0.0000000E+00,  0.0000000E+00,  0.0000000E+00,  0.0000000E+00,  0.9763201E+06,  0.0000000E+00,  0.0000000E+00,  0.0000000E+00,  0.0000000E+00,  0.2668908E+07,  0.0000000E+00,  0.4481379E+03,  0.7464794E+05,  0.8453894E+05,  0.3974844E+02,  0.0000000E+00,  0.0000000E+00,  0.0000000E+00,  0.3913974E+04,  0.1163012E+06,  0.8475476E+05,  0.0000000E+00,   27
07/30/2012,  0.1428262E+07,  0.0000000E+00,  0.3552886E+04,  0.6938698E+05,  0.0000000E+00,  0.1509541E+07,  0.0000000E+00,  0.0000000E+00,  0.0000000E+00,  0.0000000E+00,  0.1793610E+09,  0.6071054E+07,  0.5790442E+08,  0.1829889E+11,  0.0000000E+00,  0.4238152E+09,  0.0000000E+00,  0.0000000E+00,  0.0000000E+00,  0.0000000E+00,  0.9789121E+06,  0.0000000E+00,  0.0000000E+00,  0.0000000E+00,  0.0000000E+00,  0.3154098E+07,  0.0000000E+00,  0.5463001E+03,  0.9269265E+05,  0.1085216E+06,  0.3919301E+02,  0.0000000E+00,  0.0000000E+00,  0.0000000E+00,  0.3750811E+04,  0.1153720E+06,  0.8201577E+05,  0.0000000E+00,   25
07/31/2012,  0.1450232E+07,  0.0000000E+00,  0.3344699E+04,  0.6707285E+05,  0.0000000E+00,  0.1502501E+07,  0.0000000E+00,  0.0000000E+00,  0.0000000E+00,  0.0000000E+00,  0.1765610E+09,  0.6047187E+07,  0.5780821E+08,  0.1829844E+11,  0.0000000E+00,  0.4236909E+09,  0.0000000E+00,  0.0000000E+00,  0.0000000E+00,  0.0000000E+00,  0.1007424E+07,  0.0000000E+00,  0.0000000E+00,  0.0000000E+00,  0.0000000E+00,  0.2865459E+07,  0.0000000E+00,  0.4611475E+03,  0.8738815E+05,  0.9852739E+05,  0.3867127E+02,  0.0000000E+00,  0.0000000E+00,  0.0000000E+00,  0.3566336E+04,  0.1156242E+06,  0.9948242E+05,  0.0000000E+00,   32
08/01/2012,  0.1454242E+07,  0.0000000E+00,  0.3245372E+04,  0.6696535E+05,  0.0000000E+00,  0.1497094E+07,  0.0000000E+00,  0.0000000E+00,  0.0000000E+00,  0.0000000E+00,  0.1737082E+09,  0.6025752E+07,  0.5773124E+08,  0.1829796E+11,  0.0000000E+00,  0.4235657E+09,  0.0000000E+00,  0.0000000E+00,  0.0000000E+00,  0.0000000E+00,  0.1017792E+07,  0.0000000E+00,  0.0000000E+00,  0.0000000E+00,  0.0000000E+00,  0.2915041E+07,  0.0000000E+00,  0.4422871E+03,  0.9929282E+05,  0.1011027E+06,  0.3812770E+02,  0.0000000E+00,  0.0000000E+00,  0.0000000E+00,  0.3407151E+04,  0.1144923E+06,  0.8010090E+05,  0.0000000E+00,   25
08/02/2012,  0.1385657E+07,  0.0000000E+00,  0.3092961E+04,  0.6608622E+05,  0.0000000E+00,  0.1487104E+07,  0.0000000E+00,  0.0000000E+00,  0.0000000E+00,  0.0000000E+00,  0.1708771E+09,  0.6004691E+07,  0.5765523E+08,  0.1829748E+11,  0.0000000E+00,  0.4234406E+09,  0.0000000E+00,  0.0000000E+00,  0.0000000E+00,  0.0000000E+00,  0.9512641E+06,  0.0000000E+00,  0.0000000E+00,  0.0000000E+00,  0.0000000E+00,  0.2893179E+07,  0.0000000E+00,  0.4229165E+03,  0.8014798E+05,  0.1026832E+06,  0.3757512E+02,  0.0000000E+00,  0.0000000E+00,  0.0000000E+00,  0.3374173E+04,  0.1135500E+06,  0.7912373E+05,  0.0000000E+00,  288
08/03/2012,  0.1352436E+07,  0.0000000E+00,  0.2988638E+04,  0.6547748E+05,  0.0000000E+00,  0.1478251E+07,  0.0000000E+00,  0.0000000E+00,  0.0000000E+00,  0.0000000E+00,  0.1683131E+09,  0.5983361E+07,  0.5758163E+08,  0.1829701E+11,  0.0000000E+00,  0.4233268E+09,  0.0000000E+00,  0.0000000E+00,  0.0000000E+00,  0.0000000E+00,  0.9175681E+06,  0.0000000E+00,  0.0000000E+00,  0.0000000E+00,  0.0000000E+00,  0.2626358E+07,  0.0000000E+00,  0.3565722E+03,  0.7278089E+05,  0.9090837E+05,  0.3704360E+02,  0.0000000E+00,  0.0000000E+00,  0.0000000E+00,  0.3187286E+04,  0.1127173E+06,  0.7658080E+05,  0.0000000E+00,   19
08/04/2012,  0.1451358E+07,  0.0000000E+00,  0.2951827E+04,  0.6595101E+05,  0.0000000E+00,  0.1475444E+07,  0.0000000E+00,  0.0000000E+00,  0.0000000E+00,  0.0000000E+00,  0.1660353E+09,  0.5964743E+07,  0.5750867E+08,  0.1829657E+11,  0.0000000E+00,  0.4232193E+09,  0.0000000E+00,  0.0000000E+00,  0.0000000E+00,  0.0000000E+00,  0.1017792E+07,  0.0000000E+00,  0.0000000E+00,  0.0000000E+00,  0.0000000E+00,  0.2336562E+07,  0.0000000E+00,  0.3060025E+03,  0.8538716E+05,  0.8244929E+05,  0.3654668E+02,  0.0000000E+00,  0.0000000E+00,  0.0000000E+00,  0.3223030E+04,  0.1122224E+06,  0.7603423E+05,  0.0000000E+00,   20
08/05/2012,  0.1776337E+07,  0.0000000E+00,  0.2918725E+04,  0.6700130E+05,  0.0000000E+00,  0.1479660E+07,  0.0000000E+00,  0.0000000E+00,  0.0000000E+00,  0.0000000E+00,  0.1638469E+09,  0.5948854E+07,  0.5741517E+08,  0.1829613E+11,  0.0000000E+00,  0.4231156E+09,  0.0000000E+00,  0.0000000E+00,  0.0000000E+00,  0.0000000E+00,  0.1353888E+07,  0.0000000E+00,  0.0000000E+00,  0.0000000E+00,  0.0000000E+00,  0.2244939E+07,  0.0000000E+00,  0.2923522E+03,  0.6198882E+05,  0.7635003E+05,  0.3605714E+02,  0.0000000E+00,  0.0000000E+00,  0.0000000E+00,  0.3285779E+04,  0.1139074E+06,  0.9664286E+05,  0.0000000E+00,   26
08/06/2012,  0.1749965E+07,  0.0000000E+00,  0.2901129E+04,  0.6772392E+05,  0.0000000E+00,  0.1469029E+07,  0.0000000E+00,  0.0000000E+00,  0.0000000E+00,  0.0000000E+00,  0.1613774E+09,  0.5933101E+07,  0.5734260E+08,  0.1829567E+11,  0.0000000E+00,  0.4229948E+09,  0.0000000E+00,  0.0000000E+00,  0.0000000E+00,  0.0000000E+00,  0.1328832E+07,  0.0000000E+00,  0.0000000E+00,  0.0000000E+00,  0.0000000E+00,  0.2522916E+07,  0.0000000E+00,  0.3558562E+03,  0.9150007E+05,  0.9773626E+05,  0.3557480E+02,  0.0000000E+00,  0.0000000E+00,  0.0000000E+00,  0.3293436E+04,  0.1116398E+06,  0.7565251E+05,  0.0000000E+00,   29
08/07/2012,  0.1681966E+07,  0.0000000E+00,  0.2794841E+04,  0.6642153E+05,  0.0000000E+00,  0.1459499E+07,  0.0000000E+00,  0.0000000E+00,  0.0000000E+00,  0.0000000E+00,  0.1590793E+09,  0.5913747E+07,  0.5727158E+08,  0.1829523E+11,  0.0000000E+00,  0.4228877E+09,  0.0000000E+00,  0.0000000E+00,  0.0000000E+00,  0.0000000E+00,  0.1257984E+07,  0.0000000E+00,  0.0000000E+00,  0.0000000E+00,  0.0000000E+00,  0.2356142E+07,  0.0000000E+00,  0.2812278E+03,  0.7993898E+05,  0.8352850E+05,  0.3505202E+02,  0.0000000E+00,  0.0000000E+00,  0.0000000E+00,  0.3095878E+04,  0.1109987E+06,  0.7396926E+05,  0.0000000E+00,   20
08/08/2012,  0.1597007E+07,  0.0000000E+00,  0.2799525E+04,  0.6667938E+05,  0.0000000E+00,  0.1452928E+07,  0.0000000E+00,  0.0000000E+00,  0.0000000E+00,  0.0000000E+00,  0.1564345E+09,  0.5895964E+07,  0.5720064E+08,  0.1829476E+11,  0.0000000E+00,  0.4227662E+09,  0.0000000E+00,  0.0000000E+00,  0.0000000E+00,  0.0000000E+00,  0.1179360E+07,  0.0000000E+00,  0.0000000E+00,  0.0000000E+00,  0.0000000E+00,  0.2699846E+07,  0.0000000E+00,  0.3297998E+03,  0.9040725E+05,  0.1009068E+06,  0.3460402E+02,  0.0000000E+00,  0.0000000E+00,  0.0000000E+00,  0.3257420E+04,  0.1099926E+06,  0.7401539E+05,  0.0000000E+00,   26
08/09/2012,  0.1354751E+07,  0.0000000E+00,  0.2693262E+04,  0.6478069E+05,  0.0000000E+00,  0.1437700E+07,  0.0000000E+00,  0.0000000E+00,  0.0000000E+00,  0.0000000E+00,  0.1536181E+09,  0.5874491E+07,  0.5711095E+08,  0.1829430E+11,  0.0000000E+00,  0.4226390E+09,  0.0000000E+00,  0.0000000E+00,  0.0000000E+00,  0.0000000E+00,  0.9374401E+06,  0.0000000E+00,  0.0000000E+00,  0.0000000E+00,  0.0000000E+00,  0.2877537E+07,  0.0000000E+00,  0.3443455E+03,  0.8915869E+05,  0.1108960E+06,  0.3412933E+02,  0.0000000E+00,  0.0000000E+00,  0.0000000E+00,  0.3021749E+04,  0.1101960E+06,  0.9249452E+05,  0.0000000E+00,   32
08/10/2012,  0.1287045E+07,  0.0000000E+00,  0.2611783E+04,  0.6320156E+05,  0.0000000E+00,  0.1433337E+07,  0.0000000E+00,  0.0000000E+00,  0.0000000E+00,  0.0000000E+00,  0.1509794E+09,  0.5851797E+07,  0.5703993E+08,  0.1829382E+11,  0.0000000E+00,  0.4225206E+09,  0.0000000E+00,  0.0000000E+00,  0.0000000E+00,  0.0000000E+00,  0.8769601E+06,  0.0000000E+00,  0.0000000E+00,  0.0000000E+00,  0.0000000E+00,  0.2700814E+07,  0.0000000E+00,  0.2951061E+03,  0.8148603E+05,  0.1026274E+06,  0.3371443E+02,  0.0000000E+00,  0.0000000E+00,  0.0000000E+00,  0.2930408E+04,  0.1081431E+06,  0.7379537E+05,  0.0000000E+00,   31
08/11/2012,  0.1188826E+07,  0.0000000E+00,  0.2565382E+04,  0.6283714E+05,  0.0000000E+00,  0.1426539E+07,  0.0000000E+00,  0.0000000E+00,  0.0000000E+00,  0.0000000E+00,  0.1482389E+09,  0.5831331E+07,  0.5697170E+08,  0.1829336E+11,  0.0000000E+00,  0.4223980E+09,  0.0000000E+00,  0.0000000E+00,  0.0000000E+00,  0.0000000E+00,  0.7836481E+06,  0.0000000E+00,  0.0000000E+00,  0.0000000E+00,  0.0000000E+00,  0.2800147E+07,  0.0000000E+00,  0.3053341E+03,  0.6966007E+05,  0.1089367E+06,  0.3331517E+02,  0.0000000E+00,  0.0000000E+00,  0.0000000E+00,  0.2858965E+04,  0.1074791E+06,  0.7090575E+05,  0.0000000E+00,   26
08/12/2012,  0.1134976E+07,  0.0000000E+00,  0.2443210E+04,  0.6177300E+05,  0.0000000E+00,  0.1419769E+07,  0.0000000E+00,  0.0000000E+00,  0.0000000E+00,  0.0000000E+00,  0.1456162E+09,  0.5810728E+07,  0.5689125E+08,  0.1829291E+11,  0.0000000E+00,  0.4222767E+09,  0.0000000E+00,  0.0000000E+00,  0.0000000E+00,  0.0000000E+00,  0.7352641E+06,  0.0000000E+00,  0.0000000E+00,  0.0000000E+00,  0.0000000E+00,  0.2683751E+07,  0.0000000E+00,  0.2869614E+03,  0.1209464E+06,  0.1092568E+06,  0.3289997E+02,  0.0000000E+00,  0.0000000E+00,  0.0000000E+00,  0.2753854E+04,  0.1074392E+06,  0.8304708E+05,  0.0000000E+00,   27
08/13/2012,  0.1186226E+07,  0.0000000E+00,  0.2378201E+04,  0.6129504E+05,  0.0000000E+00,  0.1415644E+07,  0.0000000E+00,  0.0000000E+00,  0.0000000E+00,  0.0000000E+00,  0.1429658E+09,  0.5790516E+07,  0.5681186E+08,  0.1829246E+11,  0.0000000E+00,  0.4221521E+09,  0.0000000E+00,  0.0000000E+00,  0.0000000E+00,  0.0000000E+00,  0.7948801E+06,  0.0000000E+00,  0.0000000E+00,  0.0000000E+00,  0.0000000E+00,  0.2711327E+07,  0.0000000E+00,  0.2783164E+03,  0.7027096E+05,  0.1152451E+06,  0.3249710E+02,  0.0000000E+00,  0.0000000E+00,  0.0000000E+00,  0.2690472E+04,  0.1070956E+06,  0.8192757E+05,  0.0000000E+00,   36
08/14/2012,  0.1178746E+07,  0.0000000E+00,  0.2215763E+04,  0.6047814E+05,  0.0000000E+00,  0.1405832E+07,  0.0000000E+00,  0.0000000E+00,  0.0000000E+00,  0.0000000E+00,  0.1407293E+09,  0.5771148E+07,  0.5674069E+08,  0.1829201E+11,  0.0000000E+00,  0.4220433E+09,  0.0000000E+00,  0.0000000E+00,  0.0000000E+00,  0.0000000E+00,  0.7853761E+06,  0.0000000E+00,  0.0000000E+00,  0.0000000E+00,  0.0000000E+00,  0.2296595E+07,  0.0000000E+00,  0.1987990E+03,  0.9367723E+05,  0.9723673E+05,  0.3213596E+02,  0.0000000E+00,  0.0000000E+00,  0.0000000E+00,  0.2622468E+04,  0.1060678E+06,  0.7370956E+05,  0.0000000E+00,   24
08/15/2012,  0.1201535E+07,  0.0000000E+00,  0.2137341E+04,  0.6142574E+05,  0.0000000E+00,  0.1398459E+07,  0.0000000E+00,  0.0000000E+00,  0.0000000E+00,  0.0000000E+00,  0.1387604E+09,  0.5755384E+07,  0.5667512E+08,  0.1829156E+11,  0.0000000E+00,  0.4219433E+09,  0.0000000E+00,  0.0000000E+00,  0.0000000E+00,  0.0000000E+00,  0.8043841E+06,  0.0000000E+00,  0.0000000E+00,  0.0000000E+00,  0.0000000E+00,  0.2024018E+07,  0.0000000E+00,  0.1736045E+03,  0.8287248E+05,  0.8539269E+05,  0.3178715E+02,  0.0000000E+00,  0.0000000E+00,  0.0000000E+00,  0.2619577E+04,  0.1055517E+06,  0.6813334E+05,  0.0000000E+00,   24
08/16/2012,  0.1211293E+07,  0.0000000E+00,  0.1988191E+04,  0.6238559E+05,  0.0000000E+00,  0.1394120E+07,  0.0000000E+00,  0.0000000E+00,  0.0000000E+00,  0.0000000E+00,  0.1367647E+09,  0.5741727E+07,  0.5660987E+08,  0.1829110E+11,  0.0000000E+00,  0.4218368E+09,  0.0000000E+00,  0.0000000E+00,  0.0000000E+00,  0.0000000E+00,  0.8173441E+06,  0.0000000E+00,  0.0000000E+00,  0.0000000E+00,  0.0000000E+00,  0.2047055E+07,  0.0000000E+00,  0.1918847E+03,  0.6848842E+05,  0.9266983E+05,  0.3144992E+02,  0.0000000E+00,  0.0000000E+00,  0.0000000E+00,  0.2676182E+04,  0.1047335E+06,  0.6785522E+05,  0.0000000E+00,   25
08/17/2012,  0.1282149E+07,  0.0000000E+00,  0.1813503E+04,  0.6238237E+05,  0.0000000E+00,  0.1391305E+07,  0.0000000E+00,  0.0000000E+00,  0.0000000E+00,  0.0000000E+00,  0.1348544E+09,  0.5726882E+07,  0.5654506E+08,  0.1829065E+11,  0.0000000E+00,  0.4217333E+09,  0.0000000E+00,  0.0000000E+00,  0.0000000E+00,  0.0000000E+00,  0.8925121E+06,  0.0000000E+00,  0.0000000E+00,  0.0000000E+00,  0.0000000E+00,  0.1962493E+07,  0.0000000E+00,  0.1768816E+03,  0.6639556E+05,  0.8943071E+05,  0.3109319E+02,  0.0000000E+00,  0.0000000E+00,  0.0000000E+00,  0.2660020E+04,  0.1042493E+06,  0.6739991E+05,  0.0000000E+00,   22
08/18/2012,  0.1265496E+07,  0.0000000E+00,  0.1658798E+04,  0.6267623E+05,  0.0000000E+00,  0.1385818E+07,  0.0000000E+00,  0.0000000E+00,  0.0000000E+00,  0.0000000E+00,  0.1330367E+09,  0.5712435E+07,  0.5648063E+08,  0.1829020E+11,  0.0000000E+00,  0.4216316E+09,  0.0000000E+00,  0.0000000E+00,  0.0000000E+00,  0.0000000E+00,  0.8769601E+06,  0.0000000E+00,  0.0000000E+00,  0.0000000E+00,  0.0000000E+00,  0.1868800E+07,  0.0000000E+00,  0.1736073E+03,  0.7270506E+05,  0.8717866E+05,  0.3077531E+02,  0.0000000E+00,  0.0000000E+00,  0.0000000E+00,  0.2734849E+04,  0.1037404E+06,  0.6710873E+05,  0.0000000E+00,   26
08/19/2012,  0.1217710E+07,  0.0000000E+00,  0.1522360E+04,  0.6292260E+05,  0.0000000E+00,  0.1382001E+07,  0.0000000E+00,  0.0000000E+00,  0.0000000E+00,  0.0000000E+00,  0.1313839E+09,  0.5698361E+07,  0.5641788E+08,  0.1828979E+11,  0.0000000E+00,  0.4215398E+09,  0.0000000E+00,  0.0000000E+00,  0.0000000E+00,  0.0000000E+00,  0.8285761E+06,  0.0000000E+00,  0.0000000E+00,  0.0000000E+00,  0.0000000E+00,  0.1703237E+07,  0.0000000E+00,  0.1449830E+03,  0.8936474E+05,  0.7498875E+05,  0.3042134E+02,  0.0000000E+00,  0.0000000E+00,  0.0000000E+00,  0.2713678E+04,  0.1034993E+06,  0.6542898E+05,  0.0000000E+00,   19
08/20/2012,  0.1252892E+07,  0.0000000E+00,  0.1424871E+04,  0.6390891E+05,  0.0000000E+00,  0.1380528E+07,  0.0000000E+00,  0.0000000E+00,  0.0000000E+00,  0.0000000E+00,  0.1296969E+09,  0.5685627E+07,  0.5635538E+08,  0.1828935E+11,  0.0000000E+00,  0.4214408E+09,  0.0000000E+00,  0.0000000E+00,  0.0000000E+00,  0.0000000E+00,  0.8691841E+06,  0.0000000E+00,  0.0000000E+00,  0.0000000E+00,  0.0000000E+00,  0.1734635E+07,  0.0000000E+00,  0.1618438E+03,  0.7565563E+05,  0.8236346E+05,  0.3012121E+02,  0.0000000E+00,  0.0000000E+00,  0.0000000E+00,  0.2807130E+04,  0.1030788E+06,  0.6525354E+05,  0.0000000E+00,   21
08/21/2012,  0.1247050E+07,  0.0000000E+00,  0.1284705E+04,  0.6342026E+05,  0.0000000E+00,  0.1337808E+07,  0.0000000E+00,  0.0000000E+00,  0.0000000E+00,  0.0000000E+00,  0.1280940E+09,  0.5671256E+07,  0.5629257E+08,  0.1828890E+11,  0.0000000E+00,  0.4213456E+09,  0.0000000E+00,  0.0000000E+00,  0.0000000E+00,  0.0000000E+00,  0.8268481E+06,  0.0000000E+00,  0.0000000E+00,  0.0000000E+00,  0.0000000E+00,  0.1651650E+07,  0.0000000E+00,  0.1517398E+03,  0.7577721E+05,  0.7794757E+05,  0.2979919E+02,  0.0000000E+00,  0.0000000E+00,  0.0000000E+00,  0.3014139E+04,  0.1021355E+06,  0.6578462E+05,  0.0000000E+00,   26
08/22/2012,  0.1313164E+07,  0.0000000E+00,  0.1184737E+04,  0.6396513E+05,  0.0000000E+00,  0.1362752E+07,  0.0000000E+00,  0.0000000E+00,  0.0000000E+00,  0.0000000E+00,  0.1265620E+09,  0.5658079E+07,  0.5623050E+08,  0.1828847E+11,  0.0000000E+00,  0.4212524E+09,  0.0000000E+00,  0.0000000E+00,  0.0000000E+00,  0.0000000E+00,  0.9218881E+06,  0.0000000E+00,  0.0000000E+00,  0.0000000E+00,  0.0000000E+00,  0.1579622E+07,  0.0000000E+00,  0.1472434E+03,  0.7660223E+05,  0.7514709E+05,  0.2951465E+02,  0.0000000E+00,  0.0000000E+00,  0.0000000E+00,  0.2820710E+04,  0.1024421E+06,  0.6484942E+05,  0.0000000E+00,   24
08/23/2012,  0.1480642E+07,  0.0000000E+00,  0.1087947E+04,  0.6439695E+05,  0.0000000E+00,  0.1357062E+07,  0.0000000E+00,  0.0000000E+00,  0.0000000E+00,  0.0000000E+00,  0.1249777E+09,  0.5645108E+07,  0.5616932E+08,  0.1828803E+11,  0.0000000E+00,  0.4211556E+09,  0.0000000E+00,  0.0000000E+00,  0.0000000E+00,  0.0000000E+00,  0.1091232E+07,  0.0000000E+00,  0.0000000E+00,  0.0000000E+00,  0.0000000E+00,  0.1631062E+07,  0.0000000E+00,  0.1497496E+03,  0.7172264E+05,  0.7929328E+05,  0.2920700E+02,  0.0000000E+00,  0.0000000E+00,  0.0000000E+00,  0.2975624E+04,  0.1022111E+06,  0.6410373E+05,  0.0000000E+00,   27
08/24/2012,  0.1908257E+07,  0.0000000E+00,  0.9662394E+03,  0.6444429E+05,  0.0000000E+00,  0.1354143E+07,  0.0000000E+00,  0.0000000E+00,  0.0000000E+00,  0.0000000E+00,  0.1235461E+09,  0.5631182E+07,  0.5610891E+08,  0.1828759E+11,  0.0000000E+00,  0.4210589E+09,  0.0000000E+00,  0.0000000E+00,  0.0000000E+00,  0.0000000E+00,  0.1523232E+07,  0.0000000E+00,  0.0000000E+00,  0.0000000E+00,  0.0000000E+00,  0.1479359E+07,  0.0000000E+00,  0.1463502E+03,  0.6782979E+05,  0.8018946E+05,  0.2893578E+02,  0.0000000E+00,  0.0000000E+00,  0.0000000E+00,  0.2954190E+04,  0.1022092E+06,  0.6332567E+05,  0.0000000E+00,   24
08/25/2012,  0.2283904E+07,  0.0000000E+00,  0.8868904E+03,  0.6479760E+05,  0.0000000E+00,  0.1339626E+07,  0.0000000E+00,  0.0000000E+00,  0.0000000E+00,  0.0000000E+00,  0.1221797E+09,  0.5618200E+07,  0.5601201E+08,  0.1828719E+11,  0.0000000E+00,  0.4209691E+09,  0.0000000E+00,  0.0000000E+00,  0.0000000E+00,  0.0000000E+00,  0.1889568E+07,  0.0000000E+00,  0.0000000E+00,  0.0000000E+00,  0.0000000E+00,  0.1416305E+07,  0.0000000E+00,  0.1329296E+03,  0.5559743E+05,  0.7166089E+05,  0.2867142E+02,  0.0000000E+00,  0.0000000E+00,  0.0000000E+00,  0.2996627E+04,  0.1056892E+06,  0.9985751E+05,  0.0000000E+00,   19
08/26/2012,  0.2275720E+07,  0.0000000E+00,  0.8087797E+03,  0.6536045E+05,  0.0000000E+00,  0.1331986E+07,  0.0000000E+00,  0.0000000E+00,  0.0000000E+00,  0.0000000E+00,  0.1210396E+09,  0.5605874E+07,  0.5595101E+08,  0.1828678E+11,  0.0000000E+00,  0.4208897E+09,  0.0000000E+00,  0.0000000E+00,  0.0000000E+00,  0.0000000E+00,  0.1875744E+07,  0.0000000E+00,  0.0000000E+00,  0.0000000E+00,  0.0000000E+00,  0.1185265E+07,  0.0000000E+00,  0.1058070E+03,  0.5944707E+05,  0.5805996E+05,  0.2841351E+02,  0.0000000E+00,  0.0000000E+00,  0.0000000E+00,  0.3071081E+04,  0.1020885E+06,  0.6406586E+05,  0.0000000E+00,   19
08/27/2012,  0.1795881E+07,  0.0000000E+00,  0.7921778E+03,  0.6626729E+05,  0.0000000E+00,  0.1310571E+07,  0.0000000E+00,  0.0000000E+00,  0.0000000E+00,  0.0000000E+00,  0.1195572E+09,  0.5595016E+07,  0.5589161E+08,  0.1828632E+11,  0.0000000E+00,  0.4207895E+09,  0.0000000E+00,  0.0000000E+00,  0.0000000E+00,  0.0000000E+00,  0.1380672E+07,  0.0000000E+00,  0.0000000E+00,  0.0000000E+00,  0.0000000E+00,  0.1523749E+07,  0.0000000E+00,  0.1462756E+03,  0.7355460E+05,  0.8232233E+05,  0.2816168E+02,  0.0000000E+00,  0.0000000E+00,  0.0000000E+00,  0.3255768E+04,  0.1008074E+06,  0.6260275E+05,  0.0000000E+00,   22
08/28/2012,  0.1492977E+07,  0.0000000E+00,  0.6229387E+03,  0.6450553E+05,  0.0000000E+00,  0.1306558E+07,  0.0000000E+00,  0.0000000E+00,  0.0000000E+00,  0.0000000E+00,  0.1181020E+09,  0.5579825E+07,  0.5583147E+08,  0.1828586E+11,  0.0000000E+00,  0.4206939E+09,  0.0000000E+00,  0.0000000E+00,  0.0000000E+00,  0.0000000E+00,  0.1086048E+07,  0.0000000E+00,  0.0000000E+00,  0.0000000E+00,  0.0000000E+00,  0.1502282E+07,  0.0000000E+00,  0.1306943E+03,  0.7088074E+05,  0.7867562E+05,  0.2791558E+02,  0.0000000E+00,  0.0000000E+00,  0.0000000E+00,  0.3148327E+04,  0.1001741E+06,  0.6325680E+05,  0.0000000E+00,   29
08/29/2012,  0.1704749E+07,  0.0000000E+00,  0.5608052E+03,  0.6426305E+05,  0.0000000E+00,  0.1312784E+07,  0.0000000E+00,  0.0000000E+00,  0.0000000E+00,  0.0000000E+00,  0.1165100E+09,  0.5565094E+07,  0.5575614E+08,  0.1828543E+11,  0.0000000E+00,  0.4205867E+09,  0.0000000E+00,  0.0000000E+00,  0.0000000E+00,  0.0000000E+00,  0.1315872E+07,  0.0000000E+00,  0.0000000E+00,  0.0000000E+00,  0.0000000E+00,  0.1640188E+07,  0.0000000E+00,  0.1474709E+03,  0.8209684E+05,  0.9401608E+05,  0.2767487E+02,  0.0000000E+00,  0.0000000E+00,  0.0000000E+00,  0.3174165E+04,  0.1014597E+06,  0.7845030E+05,  0.0000000E+00,   24
08/30/2012,  0.1462503E+07,  0.0000000E+00,  0.4234951E+03,  0.6275954E+05,  0.0000000E+00,  0.1298843E+07,  0.0000000E+00,  0.0000000E+00,  0.0000000E+00,  0.0000000E+00,  0.1152092E+09,  0.5548714E+07,  0.5569831E+08,  0.1828499E+11,  0.0000000E+00,  0.4204916E+09,  0.0000000E+00,  0.0000000E+00,  0.0000000E+00,  0.0000000E+00,  0.1064448E+07,  0.0000000E+00,  0.0000000E+00,  0.0000000E+00,  0.0000000E+00,  0.1350461E+07,  0.0000000E+00,  0.1273707E+03,  0.5997792E+05,  0.8189129E+05,  0.2740800E+02,  0.0000000E+00,  0.0000000E+00,  0.0000000E+00,  0.3016519E+04,  0.9950334E+05,  0.6080938E+05,  0.0000000E+00,   22
08/31/2012,  0.1694847E+07,  0.0000000E+00,  0.4018070E+03,  0.6352940E+05,  0.0000000E+00,  0.1303272E+07,  0.0000000E+00,  0.0000000E+00,  0.0000000E+00,  0.0000000E+00,  0.1140822E+09,  0.5536006E+07,  0.5564130E+08,  0.1828459E+11,  0.0000000E+00,  0.4204087E+09,  0.0000000E+00,  0.0000000E+00,  0.0000000E+00,  0.0000000E+00,  0.1302048E+07,  0.0000000E+00,  0.0000000E+00,  0.0000000E+00,  0.0000000E+00,  0.1172580E+07,  0.0000000E+00,  0.9773116E+02,  0.6392593E+05,  0.6591375E+05,  0.2714490E+02,  0.0000000E+00,  0.0000000E+00,  0.0000000E+00,  0.3001546E+04,  0.9975378E+05,  0.6001051E+05,  0.0000000E+00,   18
09/01/2012,  0.2181700E+07,  0.0000000E+00,  0.3769749E+03,  0.6504806E+05,  0.0000000E+00,  0.1311185E+07,  0.0000000E+00,  0.0000000E+00,  0.0000000E+00,  0.0000000E+00,  0.1129367E+09,  0.5525406E+07,  0.5558348E+08,  0.1828417E+11,  0.0000000E+00,  0.4203265E+09,  0.0000000E+00,  0.0000000E+00,  0.0000000E+00,  0.0000000E+00,  0.1804032E+07,  0.0000000E+00,  0.0000000E+00,  0.0000000E+00,  0.0000000E+00,  0.1187755E+07,  0.0000000E+00,  0.8854389E+02,  0.5709715E+05,  0.6238613E+05,  0.2687002E+02,  0.0000000E+00,  0.0000000E+00,  0.0000000E+00,  0.3113255E+04,  0.1002025E+06,  0.6092884E+05,  0.0000000E+00,   22
09/02/2012,  0.2155734E+07,  0.0000000E+00,  0.3059913E+03,  0.6551626E+05,  0.0000000E+00,  0.1299114E+07,  0.0000000E+00,  0.0000000E+00,  0.0000000E+00,  0.0000000E+00,  0.1116167E+09,  0.5514171E+07,  0.5552611E+08,  0.1828374E+11,  0.0000000E+00,  0.4202320E+09,  0.0000000E+00,  0.0000000E+00,  0.0000000E+00,  0.0000000E+00,  0.1773792E+07,  0.0000000E+00,  0.0000000E+00,  0.0000000E+00,  0.0000000E+00,  0.1362090E+07,  0.0000000E+00,  0.1029118E+03,  0.7400336E+05,  0.7674119E+05,  0.2664533E+02,  0.0000000E+00,  0.0000000E+00,  0.0000000E+00,  0.3247505E+04,  0.9991787E+05,  0.6059780E+05,  0.0000000E+00,   23
09/03/2012,  0.2112939E+07,  0.0000000E+00,  0.1918301E+03,  0.6455983E+05,  0.0000000E+00,  0.1289875E+07,  0.0000000E+00,  0.0000000E+00,  0.0000000E+00,  0.0000000E+00,  0.1102337E+09,  0.5499935E+07,  0.5546783E+08,  0.1828332E+11,  0.0000000E+00,  0.4201332E+09,  0.0000000E+00,  0.0000000E+00,  0.0000000E+00,  0.0000000E+00,  0.1732320E+07,  0.0000000E+00,  0.0000000E+00,  0.0000000E+00,  0.0000000E+00,  0.1428388E+07,  0.0000000E+00,  0.9694374E+02,  0.7144004E+05,  0.8364773E+05,  0.2642453E+02,  0.0000000E+00,  0.0000000E+00,  0.0000000E+00,  0.3181979E+04,  0.9910815E+05,  0.6145192E+05,  0.0000000E+00,   33
09/04/2012,  0.1430843E+07,  0.0000000E+00,  0.1053667E+03,  0.6348547E+05,  0.0000000E+00,  0.1279459E+07,  0.0000000E+00,  0.0000000E+00,  0.0000000E+00,  0.0000000E+00,  0.1089516E+09,  0.5484874E+07,  0.5541286E+08,  0.1828288E+11,  0.0000000E+00,  0.4200404E+09,  0.0000000E+00,  0.0000000E+00,  0.0000000E+00,  0.0000000E+00,  0.1045440E+07,  0.0000000E+00,  0.0000000E+00,  0.0000000E+00,  0.0000000E+00,  0.1328661E+07,  0.0000000E+00,  0.8346266E+02,  0.5925254E+05,  0.7742450E+05,  0.2620763E+02,  0.0000000E+00,  0.0000000E+00,  0.0000000E+00,  0.3061313E+04,  0.9820785E+05,  0.5803490E+05,  0.0000000E+00,   22
09/05/2012,  0.1303393E+07,  0.0000000E+00,  0.6879809E+02,  0.6350751E+05,  0.0000000E+00,  0.1291162E+07,  0.0000000E+00,  0.0000000E+00,  0.0000000E+00,  0.0000000E+00,  0.1077830E+09,  0.5471267E+07,  0.5535827E+08,  0.1828247E+11,  0.0000000E+00,  0.4199544E+09,  0.0000000E+00,  0.0000000E+00,  0.0000000E+00,  0.0000000E+00,  0.9365761E+06,  0.0000000E+00,  0.0000000E+00,  0.0000000E+00,  0.0000000E+00,  0.1213493E+07,  0.0000000E+00,  0.7470078E+02,  0.6452237E+05,  0.6899466E+05,  0.2599441E+02,  0.0000000E+00,  0.0000000E+00,  0.0000000E+00,  0.3045981E+04,  0.9789223E+05,  0.5763914E+05,  0.0000000E+00,   26
09/06/2012,  0.1425677E+07,  0.0000000E+00,  0.6639801E+02,  0.6407721E+05,  0.0000000E+00,  0.1293476E+07,  0.0000000E+00,  0.0000000E+00,  0.0000000E+00,  0.0000000E+00,  0.1066254E+09,  0.5459016E+07,  0.5530418E+08,  0.1828208E+11,  0.0000000E+00,  0.4198670E+09,  0.0000000E+00,  0.0000000E+00,  0.0000000E+00,  0.0000000E+00,  0.1067040E+07,  0.0000000E+00,  0.0000000E+00,  0.0000000E+00,  0.0000000E+00,  0.1200457E+07,  0.0000000E+00,  0.7650941E+02,  0.7016413E+05,  0.6998244E+05,  0.2575445E+02,  0.0000000E+00,  0.0000000E+00,  0.0000000E+00,  0.3134015E+04,  0.9787802E+05,  0.5723091E+05,  0.0000000E+00,   24
09/07/2012,  0.1347177E+07,  0.0000000E+00,  0.1797995E+02,  0.6400873E+05,  0.0000000E+00,  0.1282675E+07,  0.0000000E+00,  0.0000000E+00,  0.0000000E+00,  0.0000000E+00,  0.1054924E+09,  0.5446358E+07,  0.5525067E+08,  0.1828167E+11,  0.0000000E+00,  0.4197791E+09,  0.0000000E+00,  0.0000000E+00,  0.0000000E+00,  0.0000000E+00,  0.9840961E+06,  0.0000000E+00,  0.0000000E+00,  0.0000000E+00,  0.0000000E+00,  0.1175774E+07,  0.0000000E+00,  0.7564098E+02,  0.6166322E+05,  0.7043628E+05,  0.2554687E+02,  0.0000000E+00,  0.0000000E+00,  0.0000000E+00,  0.3151768E+04,  0.9728759E+05,  0.5666669E+05,  0.0000000E+00,   26
09/08/2012,  0.1406319E+07,  0.0000000E+00,  0.0000000E+00,  0.6392216E+05,  0.0000000E+00,  0.1275673E+07,  0.0000000E+00,  0.0000000E+00,  0.0000000E+00,  0.0000000E+00,  0.1044553E+09,  0.5433697E+07,  0.5519823E+08,  0.1828127E+11,  0.0000000E+00,  0.4196976E+09,  0.0000000E+00,  0.0000000E+00,  0.0000000E+00,  0.0000000E+00,  0.1038528E+07,  0.0000000E+00,  0.0000000E+00,  0.0000000E+00,  0.0000000E+00,  0.1079557E+07,  0.0000000E+00,  0.6884498E+02,  0.6185578E+05,  0.6275793E+05,  0.2534247E+02,  0.0000000E+00,  0.0000000E+00,  0.0000000E+00,  0.3169020E+04,  0.9692847E+05,  0.5560697E+05,  0.0000000E+00,   19
09/09/2012,  0.1187488E+07,  0.0000000E+00,  0.0000000E+00,  0.6433344E+05,  0.0000000E+00,  0.1265351E+07,  0.0000000E+00,  0.0000000E+00,  0.0000000E+00,  0.0000000E+00,  0.1035034E+09,  0.5421911E+07,  0.5514579E+08,  0.1828088E+11,  0.0000000E+00,  0.4196190E+09,  0.0000000E+00,  0.0000000E+00,  0.0000000E+00,  0.0000000E+00,  0.8112961E+06,  0.0000000E+00,  0.0000000E+00,  0.0000000E+00,  0.0000000E+00,  0.9925913E+06,  0.0000000E+00,  0.6028528E+02,  0.6773037E+05,  0.5795406E+05,  0.2514108E+02,  0.0000000E+00,  0.0000000E+00,  0.0000000E+00,  0.3347285E+04,  0.9657010E+05,  0.5580361E+05,  0.0000000E+00,   21
09/10/2012,  0.1148013E+07,  0.0000000E+00,  0.0000000E+00,  0.6477000E+05,  0.0000000E+00,  0.1265186E+07,  0.0000000E+00,  0.0000000E+00,  0.0000000E+00,  0.0000000E+00,  0.1024254E+09,  0.5411196E+07,  0.5508211E+08,  0.1828049E+11,  0.0000000E+00,  0.4195303E+09,  0.0000000E+00,  0.0000000E+00,  0.0000000E+00,  0.0000000E+00,  0.7827841E+06,  0.0000000E+00,  0.0000000E+00,  0.0000000E+00,  0.0000000E+00,  0.1117322E+07,  0.0000000E+00,  0.8729402E+02,  0.6234972E+05,  0.6942752E+05,  0.2494256E+02,  0.0000000E+00,  0.0000000E+00,  0.0000000E+00,  0.3466582E+04,  0.9692283E+05,  0.6713442E+05,  0.0000000E+00,   22
09/11/2012,  0.1163167E+07,  0.0000000E+00,  0.0000000E+00,  0.6388750E+05,  0.0000000E+00,  0.1260384E+07,  0.0000000E+00,  0.0000000E+00,  0.0000000E+00,  0.0000000E+00,  0.1013505E+09,  0.5397390E+07,  0.5503013E+08,  0.1828009E+11,  0.0000000E+00,  0.4194431E+09,  0.0000000E+00,  0.0000000E+00,  0.0000000E+00,  0.0000000E+00,  0.8000641E+06,  0.0000000E+00,  0.0000000E+00,  0.0000000E+00,  0.0000000E+00,  0.1117165E+07,  0.0000000E+00,  0.8801791E+02,  0.6799412E+05,  0.6912974E+05,  0.2474677E+02,  0.0000000E+00,  0.0000000E+00,  0.0000000E+00,  0.3351081E+04,  0.9564303E+05,  0.5531183E+05,  0.0000000E+00,   19
09/12/2012,  0.1171019E+07,  0.0000000E+00,  0.0000000E+00,  0.6373516E+05,  0.0000000E+00,  0.1257990E+07,  0.0000000E+00,  0.0000000E+00,  0.0000000E+00,  0.0000000E+00,  0.1002452E+09,  0.5384389E+07,  0.5494332E+08,  0.1827972E+11,  0.0000000E+00,  0.4193544E+09,  0.0000000E+00,  0.0000000E+00,  0.0000000E+00,  0.0000000E+00,  0.8130241E+06,  0.0000000E+00,  0.0000000E+00,  0.0000000E+00,  0.0000000E+00,  0.1150131E+07,  0.0000000E+00,  0.8231639E+02,  0.6000488E+05,  0.7115489E+05,  0.2455359E+02,  0.0000000E+00,  0.0000000E+00,  0.0000000E+00,  0.3356279E+04,  0.9890729E+05,  0.9015567E+05,  0.0000000E+00,   35
09/13/2012,  0.1157686E+07,  0.0000000E+00,  0.0000000E+00,  0.6333572E+05,  0.0000000E+00,  0.1251372E+07,  0.0000000E+00,  0.0000000E+00,  0.0000000E+00,  0.0000000E+00,  0.9909853E+08,  0.5371125E+07,  0.5488211E+08,  0.1827934E+11,  0.0000000E+00,  0.4192626E+09,  0.0000000E+00,  0.0000000E+00,  0.0000000E+00,  0.0000000E+00,  0.8017921E+06,  0.0000000E+00,  0.0000000E+00,  0.0000000E+00,  0.0000000E+00,  0.1189066E+07,  0.0000000E+00,  0.7680827E+02,  0.7939192E+05,  0.7586925E+05,  0.2433173E+02,  0.0000000E+00,  0.0000000E+00,  0.0000000E+00,  0.3260158E+04,  0.9578805E+05,  0.6446487E+05,  0.0000000E+00,   28
09/14/2012,  0.1134195E+07,  0.0000000E+00,  0.0000000E+00,  0.6280874E+05,  0.0000000E+00,  0.1256482E+07,  0.0000000E+00,  0.0000000E+00,  0.0000000E+00,  0.0000000E+00,  0.9807815E+08,  0.5357538E+07,  0.5483140E+08,  0.1827894E+11,  0.0000000E+00,  0.4191803E+09,  0.0000000E+00,  0.0000000E+00,  0.0000000E+00,  0.0000000E+00,  0.7871041E+06,  0.0000000E+00,  0.0000000E+00,  0.0000000E+00,  0.0000000E+00,  0.1063369E+07,  0.0000000E+00,  0.6922708E+02,  0.6388242E+05,  0.6491776E+05,  0.2414282E+02,  0.0000000E+00,  0.0000000E+00,  0.0000000E+00,  0.3147823E+04,  0.9535902E+05,  0.5385475E+05,  0.0000000E+00,   24
09/15/2012,  0.1109769E+07,  0.0000000E+00,  0.0000000E+00,  0.6341913E+05,  0.0000000E+00,  0.1261724E+07,  0.0000000E+00,  0.0000000E+00,  0.0000000E+00,  0.0000000E+00,  0.9705503E+08,  0.5345766E+07,  0.5478128E+08,  0.1827856E+11,  0.0000000E+00,  0.4190958E+09,  0.0000000E+00,  0.0000000E+00,  0.0000000E+00,  0.0000000E+00,  0.7741441E+06,  0.0000000E+00,  0.0000000E+00,  0.0000000E+00,  0.0000000E+00,  0.1063451E+07,  0.0000000E+00,  0.7273547E+02,  0.7270773E+05,  0.6725776E+05,  0.2395624E+02,  0.0000000E+00,  0.0000000E+00,  0.0000000E+00,  0.3223287E+04,  0.9521618E+05,  0.5333440E+05,  0.0000000E+00,   23
09/16/2012,  0.1085120E+07,  0.0000000E+00,  0.0000000E+00,  0.6327537E+05,  0.0000000E+00,  0.1258426E+07,  0.0000000E+00,  0.0000000E+00,  0.0000000E+00,  0.0000000E+00,  0.9609400E+08,  0.5333564E+07,  0.5473134E+08,  0.1827818E+11,  0.0000000E+00,  0.4190128E+09,  0.0000000E+00,  0.0000000E+00,  0.0000000E+00,  0.0000000E+00,  0.7525441E+06,  0.0000000E+00,  0.0000000E+00,  0.0000000E+00,  0.0000000E+00,  0.1001743E+07,  0.0000000E+00,  0.7165544E+02,  0.6416216E+05,  0.6581282E+05,  0.2374078E+02,  0.0000000E+00,  0.0000000E+00,  0.0000000E+00,  0.3269905E+04,  0.9505647E+05,  0.5321007E+05,  0.0000000E+00,   27
09/17/2012,  0.1065185E+07,  0.0000000E+00,  0.0000000E+00,  0.6343213E+05,  0.0000000E+00,  0.1258064E+07,  0.0000000E+00,  0.0000000E+00,  0.0000000E+00,  0.0000000E+00,  0.9522251E+08,  0.5321975E+07,  0.5468156E+08,  0.1827781E+11,  0.0000000E+00,  0.4189373E+09,  0.0000000E+00,  0.0000000E+00,  0.0000000E+00,  0.0000000E+00,  0.7352641E+06,  0.0000000E+00,  0.0000000E+00,  0.0000000E+00,  0.0000000E+00,  0.9114857E+06,  0.0000000E+00,  0.6118579E+02,  0.5123380E+05,  0.5636381E+05,  0.2355764E+02,  0.0000000E+00,  0.0000000E+00,  0.0000000E+00,  0.3179793E+04,  0.9503042E+05,  0.5295965E+05,  0.0000000E+00,   23
09/18/2012,  0.1124762E+07,  0.0000000E+00,  0.0000000E+00,  0.6412463E+05,  0.0000000E+00,  0.1257619E+07,  0.0000000E+00,  0.0000000E+00,  0.0000000E+00,  0.0000000E+00,  0.9438147E+08,  0.5311354E+07,  0.5463323E+08,  0.1827746E+11,  0.0000000E+00,  0.4188621E+09,  0.0000000E+00,  0.0000000E+00,  0.0000000E+00,  0.0000000E+00,  0.7966081E+06,  0.0000000E+00,  0.0000000E+00,  0.0000000E+00,  0.0000000E+00,  0.8788879E+06,  0.0000000E+00,  0.6462742E+02,  0.6422728E+05,  0.5535690E+05,  0.2337659E+02,  0.0000000E+00,  0.0000000E+00,  0.0000000E+00,  0.3367187E+04,  0.9472609E+05,  0.5169876E+05,  0.0000000E+00,   18
09/19/2012,  0.1169005E+07,  0.0000000E+00,  0.0000000E+00,  0.6448392E+05,  0.0000000E+00,  0.1253853E+07,  0.0000000E+00,  0.0000000E+00,  0.0000000E+00,  0.0000000E+00,  0.9358757E+08,  0.5300867E+07,  0.5458473E+08,  0.1827711E+11,  0.0000000E+00,  0.4187900E+09,  0.0000000E+00,  0.0000000E+00,  0.0000000E+00,  0.0000000E+00,  0.8424001E+06,  0.0000000E+00,  0.0000000E+00,  0.0000000E+00,  0.0000000E+00,  0.8313669E+06,  0.0000000E+00,  0.5832427E+02,  0.7198313E+05,  0.5079316E+05,  0.2315088E+02,  0.0000000E+00,  0.0000000E+00,  0.0000000E+00,  0.3299604E+04,  0.9476629E+05,  0.5181456E+05,  0.0000000E+00,   16
09/20/2012,  0.1241799E+07,  0.0000000E+00,  0.0000000E+00,  0.6504769E+05,  0.0000000E+00,  0.1253108E+07,  0.0000000E+00,  0.0000000E+00,  0.0000000E+00,  0.0000000E+00,  0.9276252E+08,  0.5290561E+07,  0.5453654E+08,  0.1827674E+11,  0.0000000E+00,  0.4187138E+09,  0.0000000E+00,  0.0000000E+00,  0.0000000E+00,  0.0000000E+00,  0.9184321E+06,  0.0000000E+00,  0.0000000E+00,  0.0000000E+00,  0.0000000E+00,  0.8614600E+06,  0.0000000E+00,  0.5834739E+02,  0.5380129E+05,  0.5526164E+05,  0.2297352E+02,  0.0000000E+00,  0.0000000E+00,  0.0000000E+00,  0.3433106E+04,  0.9459746E+05,  0.5161937E+05,  0.0000000E+00,   16
09/21/2012,  0.1243783E+07,  0.0000000E+00,  0.0000000E+00,  0.6488840E+05,  0.0000000E+00,  0.1248226E+07,  0.0000000E+00,  0.0000000E+00,  0.0000000E+00,  0.0000000E+00,  0.9188530E+08,  0.5279225E+07,  0.5448781E+08,  0.1827637E+11,  0.0000000E+00,  0.4186324E+09,  0.0000000E+00,  0.0000000E+00,  0.0000000E+00,  0.0000000E+00,  0.9210241E+06,  0.0000000E+00,  0.0000000E+00,  0.0000000E+00,  0.0000000E+00,  0.9144631E+06,  0.0000000E+00,  0.6488596E+02,  0.5998587E+05,  0.6206436E+05,  0.2279810E+02,  0.0000000E+00,  0.0000000E+00,  0.0000000E+00,  0.3517212E+04,  0.9431750E+05,  0.5224734E+05,  0.0000000E+00,   20
09/22/2012,  0.1441774E+07,  0.0000000E+00,  0.0000000E+00,  0.6438232E+05,  0.0000000E+00,  0.1241156E+07,  0.0000000E+00,  0.0000000E+00,  0.0000000E+00,  0.0000000E+00,  0.9099462E+08,  0.5266834E+07,  0.5444028E+08,  0.1827601E+11,  0.0000000E+00,  0.4185482E+09,  0.0000000E+00,  0.0000000E+00,  0.0000000E+00,  0.0000000E+00,  0.1119744E+07,  0.0000000E+00,  0.0000000E+00,  0.0000000E+00,  0.0000000E+00,  0.9291250E+06,  0.0000000E+00,  0.6747246E+02,  0.7731795E+05,  0.6729377E+05,  0.2262455E+02,  0.0000000E+00,  0.0000000E+00,  0.0000000E+00,  0.3435554E+04,  0.9388060E+05,  0.5095933E+05,  0.0000000E+00,   20
09/23/2012,  0.1818454E+07,  0.0000000E+00,  0.0000000E+00,  0.6409756E+05,  0.0000000E+00,  0.1244792E+07,  0.0000000E+00,  0.0000000E+00,  0.0000000E+00,  0.0000000E+00,  0.9016893E+08,  0.5254188E+07,  0.5439320E+08,  0.1827564E+11,  0.0000000E+00,  0.4184688E+09,  0.0000000E+00,  0.0000000E+00,  0.0000000E+00,  0.0000000E+00,  0.1505952E+07,  0.0000000E+00,  0.0000000E+00,  0.0000000E+00,  0.0000000E+00,  0.8649581E+06,  0.0000000E+00,  0.7182211E+02,  0.6524966E+05,  0.6286613E+05,  0.2245283E+02,  0.0000000E+00,  0.0000000E+00,  0.0000000E+00,  0.3416815E+04,  0.9413467E+05,  0.5049070E+05,  0.0000000E+00,   29
09/24/2012,  0.1875521E+07,  0.0000000E+00,  0.0000000E+00,  0.6423390E+05,  0.0000000E+00,  0.1238123E+07,  0.0000000E+00,  0.0000000E+00,  0.0000000E+00,  0.0000000E+00,  0.8940648E+08,  0.5242631E+07,  0.5434703E+08,  0.1827530E+11,  0.0000000E+00,  0.4183952E+09,  0.0000000E+00,  0.0000000E+00,  0.0000000E+00,  0.0000000E+00,  0.1559520E+07,  0.0000000E+00,  0.0000000E+00,  0.0000000E+00,  0.0000000E+00,  0.8004899E+06,  0.0000000E+00,  0.6680687E+02,  0.5841826E+05,  0.5635068E+05,  0.2228289E+02,  0.0000000E+00,  0.0000000E+00,  0.0000000E+00,  0.3415767E+04,  0.9413873E+05,  0.4957349E+05,  0.0000000E+00,   19
09/25/2012,  0.1431018E+07,  0.0000000E+00,  0.0000000E+00,  0.6436333E+05,  0.0000000E+00,  0.1222652E+07,  0.0000000E+00,  0.0000000E+00,  0.0000000E+00,  0.0000000E+00,  0.8858717E+08,  0.5231672E+07,  0.5430046E+08,  0.1827494E+11,  0.0000000E+00,  0.4183180E+09,  0.0000000E+00,  0.0000000E+00,  0.0000000E+00,  0.0000000E+00,  0.1105056E+07,  0.0000000E+00,  0.0000000E+00,  0.0000000E+00,  0.0000000E+00,  0.8557752E+06,  0.0000000E+00,  0.7077662E+02,  0.7310766E+05,  0.6061839E+05,  0.2211471E+02,  0.0000000E+00,  0.0000000E+00,  0.0000000E+00,  0.3427732E+04,  0.9330287E+05,  0.4999149E+05,  0.0000000E+00,   23
09/26/2012,  0.1637665E+07,  0.0000000E+00,  0.0000000E+00,  0.6409080E+05,  0.0000000E+00,  0.1229951E+07,  0.0000000E+00,  0.0000000E+00,  0.0000000E+00,  0.0000000E+00,  0.8778862E+08,  0.5219846E+07,  0.5425422E+08,  0.1827457E+11,  0.0000000E+00,  0.4182427E+09,  0.0000000E+00,  0.0000000E+00,  0.0000000E+00,  0.0000000E+00,  0.1323648E+07,  0.0000000E+00,  0.0000000E+00,  0.0000000E+00,  0.0000000E+00,  0.8362485E+06,  0.0000000E+00,  0.6412623E+02,  0.6036695E+05,  0.5909651E+05,  0.2194826E+02,  0.0000000E+00,  0.0000000E+00,  0.0000000E+00,  0.3449253E+04,  0.9341896E+05,  0.4968173E+05,  0.0000000E+00,   22
09/27/2012,  0.1747348E+07,  0.0000000E+00,  0.0000000E+00,  0.6410151E+05,  0.0000000E+00,  0.1223811E+07,  0.0000000E+00,  0.0000000E+00,  0.0000000E+00,  0.0000000E+00,  0.8693783E+08,  0.5208209E+07,  0.5420869E+08,  0.1827422E+11,  0.0000000E+00,  0.4181630E+09,  0.0000000E+00,  0.0000000E+00,  0.0000000E+00,  0.0000000E+00,  0.1435968E+07,  0.0000000E+00,  0.0000000E+00,  0.0000000E+00,  0.0000000E+00,  0.8879001E+06,  0.0000000E+00,  0.6701861E+02,  0.8094093E+05,  0.6569080E+05,  0.2178351E+02,  0.0000000E+00,  0.0000000E+00,  0.0000000E+00,  0.3454574E+04,  0.9303813E+05,  0.4897845E+05,  0.0000000E+00,   16
09/28/2012,  0.2181032E+07,  0.0000000E+00,  0.0000000E+00,  0.6379830E+05,  0.0000000E+00,  0.1232608E+07,  0.0000000E+00,  0.0000000E+00,  0.0000000E+00,  0.0000000E+00,  0.8617084E+08,  0.5195756E+07,  0.5416348E+08,  0.1827387E+11,  0.0000000E+00,  0.4180914E+09,  0.0000000E+00,  0.0000000E+00,  0.0000000E+00,  0.0000000E+00,  0.1881792E+07,  0.0000000E+00,  0.0000000E+00,  0.0000000E+00,  0.0000000E+00,  0.8057395E+06,  0.0000000E+00,  0.5505371E+02,  0.5006243E+05,  0.5681978E+05,  0.2158888E+02,  0.0000000E+00,  0.0000000E+00,  0.0000000E+00,  0.3419980E+04,  0.9352122E+05,  0.4862685E+05,  0.0000000E+00,   21
09/29/2012,  0.1702794E+07,  0.0000000E+00,  0.0000000E+00,  0.6390214E+05,  0.0000000E+00,  0.1204569E+07,  0.0000000E+00,  0.0000000E+00,  0.0000000E+00,  0.0000000E+00,  0.8535696E+08,  0.5184461E+07,  0.5411882E+08,  0.1827350E+11,  0.0000000E+00,  0.4180164E+09,  0.0000000E+00,  0.0000000E+00,  0.0000000E+00,  0.0000000E+00,  0.1378080E+07,  0.0000000E+00,  0.0000000E+00,  0.0000000E+00,  0.0000000E+00,  0.8503381E+06,  0.0000000E+00,  0.5489869E+02,  0.5169417E+05,  0.6145916E+05,  0.2142675E+02,  0.0000000E+00,  0.0000000E+00,  0.0000000E+00,  0.3472183E+04,  0.9254199E+05,  0.4813641E+05,  0.0000000E+00,   27
09/30/2012,  0.1225907E+07,  0.0000000E+00,  0.0000000E+00,  0.6312945E+05,  0.0000000E+00,  0.1204364E+07,  0.0000000E+00,  0.0000000E+00,  0.0000000E+00,  0.0000000E+00,  0.8448015E+08,  0.5172295E+07,  0.5407424E+08,  0.1827314E+11,  0.0000000E+00,  0.4179352E+09,  0.0000000E+00,  0.0000000E+00,  0.0000000E+00,  0.0000000E+00,  0.9097921E+06,  0.0000000E+00,  0.0000000E+00,  0.0000000E+00,  0.0000000E+00,  0.9142483E+06,  0.0000000E+00,  0.5235868E+02,  0.6660179E+05,  0.7056199E+05,  0.2126604E+02,  0.0000000E+00,  0.0000000E+00,  0.0000000E+00,  0.3436670E+04,  0.9183543E+05,  0.4801470E+05,  0.0000000E+00,   34
10/01/2012,  0.1153944E+07,  0.0000000E+00,  0.0000000E+00,  0.6066984E+05,  0.0000000E+00,  0.1209223E+07,  0.0000000E+00,  0.0000000E+00,  0.0000000E+00,  0.0000000E+00,  0.8448425E+08,  0.5153703E+07,  0.5402194E+08,  0.1827278E+11,  0.0000000E+00,  0.4178594E+09,  0.0000000E+00,  0.0000000E+00,  0.0000000E+00,  0.0000000E+00,  0.8510401E+06,  0.0000000E+00,  0.0000000E+00,  0.0000000E+00,  0.0000000E+00,  0.3185654E+05,  0.8274040E+03,  0.4634509E+02,  0.7871750E+05,  0.6603425E+05,  0.2110699E+02,  0.0000000E+00,  0.0000000E+00,  0.0000000E+00,  0.4452521E+04,  0.8249965E+05,  0.5676260E+05,  0.0000000E+00,   21
10/02/2012,  0.1158241E+07,  0.0000000E+00,  0.0000000E+00,  0.6360507E+05,  0.0000000E+00,  0.1213299E+07,  0.0000000E+00,  0.0000000E+00,  0.0000000E+00,  0.0000000E+00,  0.8446855E+08,  0.5151968E+07,  0.5397841E+08,  0.1827242E+11,  0.0000000E+00,  0.4177826E+09,  0.0000000E+00,  0.0000000E+00,  0.0000000E+00,  0.0000000E+00,  0.8622721E+06,  0.0000000E+00,  0.0000000E+00,  0.0000000E+00,  0.0000000E+00,  0.3078644E+05,  0.8014719E+03,  0.5026694E+02,  0.8620111E+05,  0.6839038E+05,  0.2094263E+02,  0.0000000E+00,  0.0000000E+00,  0.0000000E+00,  0.4560934E+04,  0.8151754E+05,  0.4809799E+05,  0.0000000E+00,   28
10/03/2012,  0.1116228E+07,  0.0000000E+00,  0.0000000E+00,  0.6420098E+05,  0.0000000E+00,  0.1211795E+07,  0.0000000E+00,  0.0000000E+00,  0.0000000E+00,  0.0000000E+00,  0.8445572E+08,  0.5150856E+07,  0.5393427E+08,  0.1827207E+11,  0.0000000E+00,  0.4177107E+09,  0.0000000E+00,  0.0000000E+00,  0.0000000E+00,  0.0000000E+00,  0.8225281E+06,  0.0000000E+00,  0.0000000E+00,  0.0000000E+00,  0.0000000E+00,  0.2727653E+05,  0.6973172E+03,  0.5112664E+02,  0.8096437E+05,  0.6351439E+05,  0.2081176E+02,  0.0000000E+00,  0.0000000E+00,  0.0000000E+00,  0.4495686E+04,  0.8203431E+05,  0.4863745E+05,  0.0000000E+00,   25
10/04/2012,  0.1070222E+07,  0.0000000E+00,  0.0000000E+00,  0.6505223E+05,  0.0000000E+00,  0.1211078E+07,  0.0000000E+00,  0.0000000E+00,  0.0000000E+00,  0.0000000E+00,  0.8444749E+08,  0.5151014E+07,  0.5389179E+08,  0.1827173E+11,  0.0000000E+00,  0.4176481E+09,  0.0000000E+00,  0.0000000E+00,  0.0000000E+00,  0.0000000E+00,  0.7767361E+06,  0.0000000E+00,  0.0000000E+00,  0.0000000E+00,  0.0000000E+00,  0.2198179E+05,  0.5504025E+03,  0.4104861E+02,  0.6753313E+05,  0.5228966E+05,  0.2068121E+02,  0.0000000E+00,  0.0000000E+00,  0.0000000E+00,  0.4390094E+04,  0.8336084E+05,  0.4687953E+05,  0.0000000E+00,   23
10/05/2012,  0.1060409E+07,  0.0000000E+00,  0.0000000E+00,  0.6605912E+05,  0.0000000E+00,  0.1211199E+07,  0.0000000E+00,  0.0000000E+00,  0.0000000E+00,  0.0000000E+00,  0.8444208E+08,  0.5152298E+07,  0.5384964E+08,  0.1827141E+11,  0.0000000E+00,  0.4175915E+09,  0.0000000E+00,  0.0000000E+00,  0.0000000E+00,  0.0000000E+00,  0.7663681E+06,  0.0000000E+00,  0.0000000E+00,  0.0000000E+00,  0.0000000E+00,  0.1822723E+05,  0.4552779E+03,  0.3728269E+02,  0.7371981E+05,  0.4416049E+05,  0.2055078E+02,  0.0000000E+00,  0.0000000E+00,  0.0000000E+00,  0.4338131E+04,  0.8450320E+05,  0.4650686E+05,  0.0000000E+00,   18
10/06/2012,  0.1060677E+07,  0.0000000E+00,  0.0000000E+00,  0.6700211E+05,  0.0000000E+00,  0.1209018E+07,  0.0000000E+00,  0.0000000E+00,  0.0000000E+00,  0.0000000E+00,  0.8443729E+08,  0.5153826E+07,  0.5380714E+08,  0.1827108E+11,  0.0000000E+00,  0.4175398E+09,  0.0000000E+00,  0.0000000E+00,  0.0000000E+00,  0.0000000E+00,  0.7706881E+06,  0.0000000E+00,  0.0000000E+00,  0.0000000E+00,  0.0000000E+00,  0.1700732E+05,  0.4303439E+03,  0.3528257E+02,  0.6628500E+05,  0.4133206E+05,  0.2042046E+02,  0.0000000E+00,  0.0000000E+00,  0.0000000E+00,  0.4452336E+04,  0.8519886E+05,  0.4696898E+05,  0.0000000E+00,   15
10/07/2012,  0.1060524E+07,  0.0000000E+00,  0.0000000E+00,  0.6745990E+05,  0.0000000E+00,  0.1210384E+07,  0.0000000E+00,  0.0000000E+00,  0.0000000E+00,  0.0000000E+00,  0.8443081E+08,  0.5154400E+07,  0.5376435E+08,  0.1827076E+11,  0.0000000E+00,  0.4174831E+09,  0.0000000E+00,  0.0000000E+00,  0.0000000E+00,  0.0000000E+00,  0.7724161E+06,  0.0000000E+00,  0.0000000E+00,  0.0000000E+00,  0.0000000E+00,  0.1834753E+05,  0.4724563E+03,  0.4055776E+02,  0.7150283E+05,  0.4483674E+05,  0.2029028E+02,  0.0000000E+00,  0.0000000E+00,  0.0000000E+00,  0.4750390E+04,  0.8465999E+05,  0.4755064E+05,  0.0000000E+00,   17
10/08/2012,  0.1049865E+07,  0.0000000E+00,  0.0000000E+00,  0.6783417E+05,  0.0000000E+00,  0.1214320E+07,  0.0000000E+00,  0.0000000E+00,  0.0000000E+00,  0.0000000E+00,  0.8442704E+08,  0.5154730E+07,  0.5372230E+08,  0.1827044E+11,  0.0000000E+00,  0.4174259E+09,  0.0000000E+00,  0.0000000E+00,  0.0000000E+00,  0.0000000E+00,  0.7611841E+06,  0.0000000E+00,  0.0000000E+00,  0.0000000E+00,  0.0000000E+00,  0.1638227E+05,  0.4425010E+03,  0.3622349E+02,  0.8038712E+05,  0.3970052E+05,  0.2016023E+02,  0.0000000E+00,  0.0000000E+00,  0.0000000E+00,  0.4575355E+04,  0.8535374E+05,  0.4663877E+05,  0.0000000E+00,   12
10/09/2012,  0.1073670E+07,  0.0000000E+00,  0.0000000E+00,  0.6816955E+05,  0.0000000E+00,  0.1211807E+07,  0.0000000E+00,  0.0000000E+00,  0.0000000E+00,  0.0000000E+00,  0.8442198E+08,  0.5154718E+07,  0.5368042E+08,  0.1827012E+11,  0.0000000E+00,  0.4173684E+09,  0.0000000E+00,  0.0000000E+00,  0.0000000E+00,  0.0000000E+00,  0.7862401E+06,  0.0000000E+00,  0.0000000E+00,  0.0000000E+00,  0.0000000E+00,  0.1706910E+05,  0.4705771E+03,  0.3845085E+02,  0.7498713E+05,  0.4185279E+05,  0.2003035E+02,  0.0000000E+00,  0.0000000E+00,  0.0000000E+00,  0.4840299E+04,  0.8500982E+05,  0.4673776E+05,  0.0000000E+00,   16
10/10/2012,  0.1130139E+07,  0.0000000E+00,  0.0000000E+00,  0.6838444E+05,  0.0000000E+00,  0.1214746E+07,  0.0000000E+00,  0.0000000E+00,  0.0000000E+00,  0.0000000E+00,  0.8441652E+08,  0.5153987E+07,  0.5363865E+08,  0.1826980E+11,  0.0000000E+00,  0.4173087E+09,  0.0000000E+00,  0.0000000E+00,  0.0000000E+00,  0.0000000E+00,  0.8475841E+06,  0.0000000E+00,  0.0000000E+00,  0.0000000E+00,  0.0000000E+00,  0.1762514E+05,  0.4521675E+03,  0.4309402E+02,  0.7394582E+05,  0.4578586E+05,  0.1990064E+02,  0.0000000E+00,  0.0000000E+00,  0.0000000E+00,  0.4926481E+04,  0.8474772E+05,  0.4670247E+05,  0.0000000E+00,   23
10/11/2012,  0.1200028E+07,  0.1739316E+04,  0.0000000E+00,  0.6888654E+05,  0.0000000E+00,  0.1217928E+07,  0.3666862E+06,  0.0000000E+00,  0.0000000E+00,  0.0000000E+00,  0.8497298E+08,  0.5165153E+07,  0.5363427E+08,  0.1826952E+11,  0.0000000E+00,  0.4172627E+09,  0.0000000E+00,  0.1013847E+07,  0.0000000E+00,  0.0000000E+00,  0.9175681E+06,  0.0000000E+00,  0.0000000E+00,  0.0000000E+00,  0.0000000E+00,  0.2620803E+05,  0.3883956E+03,  0.1634137E+04,  0.7777144E+05,  0.3561399E+05,  0.1977115E+02,  0.5604860E+02,  0.0000000E+00,  0.0000000E+00,  0.5722280E+05,  0.8649671E+05,  0.6001637E+05,  0.6334478E+06,   15
10/12/2012,  0.1342385E+07,  0.1228680E+04,  0.0000000E+00,  0.6980642E+05,  0.0000000E+00,  0.1220041E+07,  0.5509011E+06,  0.0000000E+00,  0.0000000E+00,  0.0000000E+00,  0.8537656E+08,  0.5172015E+07,  0.5360877E+08,  0.1826922E+11,  0.0000000E+00,  0.4172165E+09,  0.0000000E+00,  0.7419372E+06,  0.0000000E+00,  0.0000000E+00,  0.1060128E+07,  0.9122078E+05,  0.0000000E+00,  0.0000000E+00,  0.0000000E+00,  0.2938891E+05,  0.3126612E+03,  0.1731373E+04,  0.7083383E+05,  0.3030756E+05,  0.2034747E+02,  0.2415265E+02,  0.0000000E+00,  0.0000000E+00,  0.3821195E+05,  0.8801848E+05,  0.6207760E+05,  0.4598347E+06,   15
10/13/2012,  0.1403175E+07,  0.0000000E+00,  0.0000000E+00,  0.6989162E+05,  0.0000000E+00,  0.1207331E+07,  0.1815099E+04,  0.0000000E+00,  0.0000000E+00,  0.0000000E+00,  0.8535090E+08,  0.5171546E+07,  0.5355202E+08,  0.1826892E+11,  0.0000000E+00,  0.4171632E+09,  0.0000000E+00,  0.0000000E+00,  0.0000000E+00,  0.0000000E+00,  0.1120608E+07,  0.5490860E+06,  0.0000000E+00,  0.0000000E+00,  0.0000000E+00,  0.3748274E+05,  0.5187383E+03,  0.2494318E+04,  0.9744523E+05,  0.4088759E+05,  0.2016475E+02,  0.0000000E+00,  0.0000000E+00,  0.0000000E+00,  0.5292554E+04,  0.8654218E+05,  0.5975575E+05,  0.0000000E+00,   20
10/14/2012,  0.1274903E+07,  0.0000000E+00,  0.0000000E+00,  0.6947515E+05,  0.0000000E+00,  0.1204438E+07,  0.2266776E+03,  0.0000000E+00,  0.0000000E+00,  0.0000000E+00,  0.8532057E+08,  0.5168625E+07,  0.5350690E+08,  0.1826859E+11,  0.0000000E+00,  0.4171064E+09,  0.0000000E+00,  0.0000000E+00,  0.0000000E+00,  0.0000000E+00,  0.9927361E+06,  0.1588422E+04,  0.0000000E+00,  0.0000000E+00,  0.0000000E+00,  0.4314153E+05,  0.5783516E+03,  0.2304132E+04,  0.7684167E+05,  0.4443509E+05,  0.2002895E+02,  0.0000000E+00,  0.0000000E+00,  0.0000000E+00,  0.5117830E+04,  0.8448792E+05,  0.4798352E+05,  0.0000000E+00,   21
10/15/2012,  0.1228016E+07,  0.0000000E+00,  0.0000000E+00,  0.6901298E+05,  0.0000000E+00,  0.1207141E+07,  0.4615386E+02,  0.0000000E+00,  0.0000000E+00,  0.0000000E+00,  0.8528627E+08,  0.5165621E+07,  0.5346267E+08,  0.1826826E+11,  0.0000000E+00,  0.4170418E+09,  0.0000000E+00,  0.0000000E+00,  0.0000000E+00,  0.0000000E+00,  0.9486721E+06,  0.1805238E+03,  0.0000000E+00,  0.0000000E+00,  0.0000000E+00,  0.4637425E+05,  0.6193216E+03,  0.1912818E+04,  0.8520894E+05,  0.5013461E+05,  0.1989511E+02,  0.0000000E+00,  0.0000000E+00,  0.0000000E+00,  0.5101959E+04,  0.8318864E+05,  0.4746704E+05,  0.0000000E+00,   20
10/16/2012,  0.1200610E+07,  0.0000000E+00,  0.0000000E+00,  0.6867379E+05,  0.0000000E+00,  0.1201298E+07,  0.1658379E+02,  0.0000000E+00,  0.0000000E+00,  0.0000000E+00,  0.8525566E+08,  0.5162546E+07,  0.5342051E+08,  0.1826794E+11,  0.0000000E+00,  0.4169831E+09,  0.0000000E+00,  0.0000000E+00,  0.0000000E+00,  0.0000000E+00,  0.9201601E+06,  0.2957008E+02,  0.0000000E+00,  0.0000000E+00,  0.0000000E+00,  0.4315896E+05,  0.6162704E+03,  0.1242370E+04,  0.7675179E+05,  0.4659252E+05,  0.1976178E+02,  0.0000000E+00,  0.0000000E+00,  0.0000000E+00,  0.5168379E+04,  0.8332224E+05,  0.4612440E+05,  0.0000000E+00,   25
10/17/2012,  0.1178301E+07,  0.0000000E+00,  0.0000000E+00,  0.6856655E+05,  0.0000000E+00,  0.1196387E+07,  0.8924664E+01,  0.0000000E+00,  0.0000000E+00,  0.0000000E+00,  0.8522620E+08,  0.5159951E+07,  0.5337889E+08,  0.1826762E+11,  0.0000000E+00,  0.4169267E+09,  0.0000000E+00,  0.0000000E+00,  0.0000000E+00,  0.0000000E+00,  0.8968321E+06,  0.7659123E+01,  0.0000000E+00,  0.0000000E+00,  0.0000000E+00,  0.4168112E+05,  0.6268340E+03,  0.7935013E+03,  0.6312705E+05,  0.4538980E+05,  0.1962882E+02,  0.0000000E+00,  0.0000000E+00,  0.0000000E+00,  0.5073361E+04,  0.8326731E+05,  0.4594779E+05,  0.0000000E+00,   22
10/18/2012,  0.1104121E+07,  0.0000000E+00,  0.0000000E+00,  0.6821873E+05,  0.0000000E+00,  0.1191270E+07,  0.3077778E+01,  0.0000000E+00,  0.0000000E+00,  0.0000000E+00,  0.8519193E+08,  0.5156598E+07,  0.5333846E+08,  0.1826729E+11,  0.0000000E+00,  0.4168648E+09,  0.0000000E+00,  0.0000000E+00,  0.0000000E+00,  0.0000000E+00,  0.8251201E+06,  0.5846886E+01,  0.0000000E+00,  0.0000000E+00,  0.0000000E+00,  0.4592132E+05,  0.6719719E+03,  0.6082099E+03,  0.6880436E+05,  0.5359704E+05,  0.1949624E+02,  0.0000000E+00,  0.0000000E+00,  0.0000000E+00,  0.5370027E+04,  0.8188397E+05,  0.4523543E+05,  0.0000000E+00,   16
10/19/2012,  0.1116853E+07,  0.0000000E+00,  0.0000000E+00,  0.6814804E+05,  0.0000000E+00,  0.1193106E+07,  0.1802919E+01,  0.0000000E+00,  0.0000000E+00,  0.0000000E+00,  0.8516776E+08,  0.5154746E+07,  0.5329055E+08,  0.1826698E+11,  0.0000000E+00,  0.4168118E+09,  0.0000000E+00,  0.0000000E+00,  0.0000000E+00,  0.0000000E+00,  0.8406721E+06,  0.1274858E+01,  0.0000000E+00,  0.0000000E+00,  0.0000000E+00,  0.3669541E+05,  0.5356309E+03,  0.3361144E+03,  0.6651896E+05,  0.4465014E+05,  0.1936405E+02,  0.0000000E+00,  0.0000000E+00,  0.0000000E+00,  0.4947253E+04,  0.8377294E+05,  0.5256198E+05,  0.0000000E+00,   23
10/20/2012,  0.1109829E+07,  0.0000000E+00,  0.0000000E+00,  0.6863100E+05,  0.0000000E+00,  0.1187623E+07,  0.1132684E+01,  0.0000000E+00,  0.0000000E+00,  0.0000000E+00,  0.8515326E+08,  0.5154477E+07,  0.5324110E+08,  0.1826669E+11,  0.0000000E+00,  0.4167714E+09,  0.0000000E+00,  0.0000000E+00,  0.0000000E+00,  0.0000000E+00,  0.8328961E+06,  0.6702348E+00,  0.0000000E+00,  0.0000000E+00,  0.0000000E+00,  0.2739062E+05,  0.4053910E+03,  0.2016951E+03,  0.6372418E+05,  0.3379288E+05,  0.1923226E+02,  0.0000000E+00,  0.0000000E+00,  0.0000000E+00,  0.4669813E+04,  0.8592947E+05,  0.5396337E+05,  0.0000000E+00,   21
10/21/2012,  0.1134978E+07,  0.5616793E+05,  0.0000000E+00,  0.7833057E+05,  0.0000000E+00,  0.1266396E+07,  0.2315842E+07,  0.0000000E+00,  0.0000000E+00,  0.0000000E+00,  0.1026367E+09,  0.6049810E+07,  0.5367033E+08,  0.1826675E+11,  0.0000000E+00,  0.4168492E+09,  0.0000000E+00,  0.2308288E+08,  0.0000000E+00,  0.0000000E+00,  0.8432641E+06,  0.0000000E+00,  0.0000000E+00,  0.0000000E+00,  0.0000000E+00,  0.1744338E+06,  0.1433663E+03,  0.5955750E+04,  0.1487071E+06,  0.1693803E+05,  0.9276626E+03,  0.1286103E+04,  0.0000000E+00,  0.0000000E+00,  0.8559279E+06,  0.9333993E+05,  0.4207914E+06,  0.1939502E+08,   17
10/22/2012,  0.8062345E+07,  0.2373795E+06,  0.0000000E+00,  0.3449062E+06,  0.0000000E+00,  0.1725397E+07,  0.2315842E+07,  0.0000000E+00,  0.0000000E+00,  0.0000000E+00,  0.1691266E+09,  0.1058276E+08,  0.5439463E+08,  0.1826734E+11,  0.0000000E+00,  0.4171408E+09,  0.0000000E+00,  0.7680592E+08,  0.0000000E+00,  0.0000000E+00,  0.7675776E+07,  0.0000000E+00,  0.0000000E+00,  0.0000000E+00,  0.0000000E+00,  0.6704312E+06,  0.1898736E+02,  0.1142055E+05,  0.1599172E+06,  0.1533440E+05,  0.1769534E+05,  0.4784669E+04,  0.0000000E+00,  0.0000000E+00,  0.1288250E+07,  0.1178102E+06,  0.5525572E+06,  0.7322629E+08,   19
10/23/2012,  0.5075093E+07,  0.2911270E+05,  0.0000000E+00,  0.1750995E+06,  0.0000000E+00,  0.1305929E+07,  0.2315842E+07,  0.0000000E+00,  0.0000000E+00,  0.0000000E+00,  0.1761999E+09,  0.1052555E+08,  0.5466459E+08,  0.1826729E+11,  0.0000000E+00,  0.4170901E+09,  0.0000000E+00,  0.9337890E+07,  0.0000000E+00,  0.0000000E+00,  0.4662144E+07,  0.0000000E+00,  0.0000000E+00,  0.0000000E+00,  0.0000000E+00,  0.7293804E+06,  0.0000000E+00,  0.1320667E+05,  0.1598152E+06,  0.1366236E+05,  0.2477635E+04,  0.3611254E+03,  0.0000000E+00,  0.0000000E+00,  0.6306263E+06,  0.1225905E+06,  0.3474416E+06,  0.8431120E+07,   11
10/24/2012,  0.2029804E+07,  0.3543097E+05,  0.0000000E+00,  0.1707597E+06,  0.0000000E+00,  0.1259287E+07,  0.2315842E+07,  0.0000000E+00,  0.0000000E+00,  0.0000000E+00,  0.1845482E+09,  0.1065372E+08,  0.5491407E+08,  0.1826714E+11,  0.0000000E+00,  0.4170595E+09,  0.0000000E+00,  0.1097030E+08,  0.0000000E+00,  0.0000000E+00,  0.1572480E+07,  0.0000000E+00,  0.0000000E+00,  0.0000000E+00,  0.0000000E+00,  0.9140639E+06,  0.0000000E+00,  0.1702241E+05,  0.1828871E+06,  0.1611355E+05,  0.1742664E+04,  0.4408345E+03,  0.0000000E+00,  0.0000000E+00,  0.5768946E+06,  0.1247760E+06,  0.3103789E+06,  0.1001514E+08,   12
10/25/2012,  0.1756139E+07,  0.1018777E+05,  0.0000000E+00,  0.1658256E+06,  0.0000000E+00,  0.1284416E+07,  0.2205204E+07,  0.0000000E+00,  0.0000000E+00,  0.0000000E+00,  0.1861398E+09,  0.1041890E+08,  0.5500605E+08,  0.1826691E+11,  0.0000000E+00,  0.4170103E+09,  0.0000000E+00,  0.3005902E+07,  0.0000000E+00,  0.0000000E+00,  0.1336608E+07,  0.1106378E+06,  0.0000000E+00,  0.0000000E+00,  0.0000000E+00,  0.1057513E+07,  0.0000000E+00,  0.1993847E+05,  0.1991139E+06,  0.2005781E+05,  0.1396615E+04,  0.1562061E+03,  0.0000000E+00,  0.0000000E+00,  0.3512228E+06,  0.1172971E+06,  0.2392256E+06,  0.2815376E+07,   39
10/26/2012,  0.1561394E+07,  0.0000000E+00,  0.0000000E+00,  0.1533369E+06,  0.0000000E+00,  0.1258572E+07,  0.3034234E+06,  0.0000000E+00,  0.0000000E+00,  0.0000000E+00,  0.1845623E+09,  0.1010125E+08,  0.5498289E+08,  0.1826660E+11,  0.0000000E+00,  0.4169438E+09,  0.0000000E+00,  0.0000000E+00,  0.0000000E+00,  0.0000000E+00,  0.1198368E+07,  0.1901781E+07,  0.0000000E+00,  0.0000000E+00,  0.0000000E+00,  0.1654809E+07,  0.0000000E+00,  0.3766869E+05,  0.2248003E+06,  0.3431740E+05,  0.1152652E+04,  0.0000000E+00,  0.0000000E+00,  0.0000000E+00,  0.1941251E+06,  0.1082883E+06,  0.1799554E+06,  0.0000000E+00,   12
10/27/2012,  0.1890953E+07,  0.0000000E+00,  0.0000000E+00,  0.1419146E+06,  0.0000000E+00,  0.1256555E+07,  0.4058251E+05,  0.0000000E+00,  0.0000000E+00,  0.0000000E+00,  0.1822907E+09,  0.9806447E+07,  0.5494523E+08,  0.1826630E+11,  0.0000000E+00,  0.4168837E+09,  0.0000000E+00,  0.0000000E+00,  0.0000000E+00,  0.0000000E+00,  0.1557792E+07,  0.2628409E+06,  0.0000000E+00,  0.0000000E+00,  0.0000000E+00,  0.2342274E+07,  0.0000000E+00,  0.4268446E+05,  0.2241590E+06,  0.3810390E+05,  0.9682044E+03,  0.0000000E+00,  0.0000000E+00,  0.0000000E+00,  0.1831825E+06,  0.1019257E+06,  0.1784350E+06,  0.0000000E+00,   11
10/28/2012,  0.2168600E+07,  0.0000000E+00,  0.0000000E+00,  0.1322184E+06,  0.0000000E+00,  0.1249569E+07,  0.1641926E+05,  0.0000000E+00,  0.0000000E+00,  0.0000000E+00,  0.1798974E+09,  0.9538800E+07,  0.5490479E+08,  0.1826603E+11,  0.0000000E+00,  0.4168255E+09,  0.0000000E+00,  0.0000000E+00,  0.0000000E+00,  0.0000000E+00,  0.1846368E+07,  0.2416325E+05,  0.0000000E+00,  0.0000000E+00,  0.0000000E+00,  0.2460119E+07,  0.0000000E+00,  0.4216474E+05,  0.1822840E+06,  0.3869942E+05,  0.8332115E+03,  0.0000000E+00,  0.0000000E+00,  0.0000000E+00,  0.1672910E+06,  0.9944798E+05,  0.1658160E+06,  0.0000000E+00,   98
10/29/2012,  0.2108421E+07,  0.0000000E+00,  0.0000000E+00,  0.1243901E+06,  0.0000000E+00,  0.1238052E+07,  0.1000113E+05,  0.0000000E+00,  0.0000000E+00,  0.0000000E+00,  0.1777952E+09,  0.9296814E+07,  0.5485919E+08,  0.1826577E+11,  0.0000000E+00,  0.4167682E+09,  0.0000000E+00,  0.0000000E+00,  0.0000000E+00,  0.0000000E+00,  0.1781568E+07,  0.6418129E+04,  0.0000000E+00,  0.0000000E+00,  0.0000000E+00,  0.2164897E+07,  0.0000000E+00,  0.3734796E+05,  0.1862473E+06,  0.3588165E+05,  0.7189089E+03,  0.0000000E+00,  0.0000000E+00,  0.0000000E+00,  0.1522339E+06,  0.9806130E+05,  0.1607163E+06,  0.0000000E+00,   11
10/30/2012,  0.1715152E+07,  0.0000000E+00,  0.0000000E+00,  0.1184082E+06,  0.0000000E+00,  0.1210080E+07,  0.7208345E+04,  0.0000000E+00,  0.0000000E+00,  0.0000000E+00,  0.1757478E+09,  0.9077605E+07,  0.5480890E+08,  0.1826548E+11,  0.0000000E+00,  0.4167130E+09,  0.0000000E+00,  0.0000000E+00,  0.0000000E+00,  0.0000000E+00,  0.1372896E+07,  0.2792782E+04,  0.0000000E+00,  0.0000000E+00,  0.0000000E+00,  0.2103656E+07,  0.0000000E+00,  0.3821997E+05,  0.1610976E+06,  0.3809990E+05,  0.6298137E+03,  0.0000000E+00,  0.0000000E+00,  0.0000000E+00,  0.1400313E+06,  0.9613925E+05,  0.1523424E+06,  0.0000000E+00,   12
10/31/2012,  0.2704729E+07,  0.1329847E+06,  0.0000000E+00,  0.2143187E+06,  0.0000000E+00,  0.1442458E+07,  0.2315842E+07,  0.0000000E+00,  0.0000000E+00,  0.0000000E+00,  0.2071914E+09,  0.1096782E+08,  0.5529493E+08,  0.1826564E+11,  0.0000000E+00,  0.4168332E+09,  0.0000000E+00,  0.4016271E+08,  0.0000000E+00,  0.0000000E+00,  0.2324160E+07,  0.0000000E+00,  0.0000000E+00,  0.0000000E+00,  0.0000000E+00,  0.1340437E+07,  0.0000000E+00,  0.1960506E+05,  0.1836163E+06,  0.1600304E+05,  0.3376136E+04,  0.2407958E+04,  0.0000000E+00,  0.0000000E+00,  0.9510910E+06,  0.1173213E+06,  0.4456029E+06,  0.3572563E+08,   91
11/01/2012,  0.6948120E+07,  0.1200331E+05,  0.0000000E+00,  0.1717964E+06,  0.0000000E+00,  0.1334512E+07,  0.2315842E+07,  0.0000000E+00,  0.0000000E+00,  0.0000000E+00,  0.2074528E+09,  0.1065007E+08,  0.5538793E+08,  0.1826549E+11,  0.0000000E+00,  0.4167797E+09,  0.0000000E+00,  0.3267012E+07,  0.0000000E+00,  0.0000000E+00,  0.6635520E+07,  0.0000000E+00,  0.0000000E+00,  0.0000000E+00,  0.0000000E+00,  0.2618072E+07,  0.0000000E+00,  0.3847991E+05,  0.3125420E+06,  0.3007075E+05,  0.1207120E+04,  0.2144034E+03,  0.0000000E+00,  0.0000000E+00,  0.4427983E+06,  0.1154127E+06,  0.3112867E+06,  0.3062135E+07,   15
11/02/2012,  0.2572811E+07,  0.0000000E+00,  0.0000000E+00,  0.1569094E+06,  0.0000000E+00,  0.1200280E+07,  0.4641629E+06,  0.0000000E+00,  0.0000000E+00,  0.0000000E+00,  0.2056720E+09,  0.1030954E+08,  0.5535855E+08,  0.1826521E+11,  0.0000000E+00,  0.4167226E+09,  0.0000000E+00,  0.0000000E+00,  0.0000000E+00,  0.0000000E+00,  0.2160864E+07,  0.1851679E+07,  0.0000000E+00,  0.0000000E+00,  0.0000000E+00,  0.1867946E+07,  0.0000000E+00,  0.3627742E+05,  0.1674934E+06,  0.3037333E+05,  0.1010183E+04,  0.0000000E+00,  0.0000000E+00,  0.0000000E+00,  0.2091208E+06,  0.1135876E+06,  0.2024767E+06,  0.0000000E+00,   16
11/03/2012,  0.2444696E+07,  0.0000000E+00,  0.0000000E+00,  0.1470283E+06,  0.0000000E+00,  0.1226966E+07,  0.7238614E+05,  0.0000000E+00,  0.0000000E+00,  0.0000000E+00,  0.2031075E+09,  0.1000579E+08,  0.5531685E+08,  0.1826491E+11,  0.0000000E+00,  0.4166747E+09,  0.0000000E+00,  0.0000000E+00,  0.0000000E+00,  0.0000000E+00,  0.2057184E+07,  0.3917768E+06,  0.0000000E+00,  0.0000000E+00,  0.0000000E+00,  0.2641556E+07,  0.0000000E+00,  0.3819543E+05,  0.1690517E+06,  0.3154062E+05,  0.8550904E+03,  0.0000000E+00,  0.0000000E+00,  0.0000000E+00,  0.1885303E+06,  0.1097138E+06,  0.1923031E+06,  0.0000000E+00,    8
11/04/2012,  0.2317528E+07,  0.0000000E+00,  0.0000000E+00,  0.1375197E+06,  0.0000000E+00,  0.1224814E+07,  0.3244199E+05,  0.0000000E+00,  0.0000000E+00,  0.0000000E+00,  0.2002156E+09,  0.9728082E+07,  0.5526578E+08,  0.1826462E+11,  0.0000000E+00,  0.4166276E+09,  0.0000000E+00,  0.0000000E+00,  0.0000000E+00,  0.0000000E+00,  0.1970784E+07,  0.3994415E+05,  0.0000000E+00,  0.0000000E+00,  0.0000000E+00,  0.2965089E+07,  0.0000000E+00,  0.3884943E+05,  0.1663434E+06,  0.3272425E+05,  0.7413062E+03,  0.0000000E+00,  0.0000000E+00,  0.0000000E+00,  0.1723091E+06,  0.1061113E+06,  0.1847493E+06,  0.0000000E+00,   10
11/05/2012,  0.2292695E+07,  0.0000000E+00,  0.0000000E+00,  0.1295410E+06,  0.0000000E+00,  0.1232494E+07,  0.2048511E+05,  0.0000000E+00,  0.0000000E+00,  0.0000000E+00,  0.1976071E+09,  0.9477619E+07,  0.5520568E+08,  0.1826437E+11,  0.0000000E+00,  0.4165794E+09,  0.0000000E+00,  0.0000000E+00,  0.0000000E+00,  0.0000000E+00,  0.1958688E+07,  0.1195689E+05,  0.0000000E+00,  0.0000000E+00,  0.0000000E+00,  0.2678089E+07,  0.0000000E+00,  0.3668928E+05,  0.1783737E+06,  0.3226755E+05,  0.6500615E+03,  0.0000000E+00,  0.0000000E+00,  0.0000000E+00,  0.1552933E+06,  0.1045186E+06,  0.1789111E+06,  0.0000000E+00,    8
11/06/2012,  0.1997074E+07,  0.0000000E+00,  0.0000000E+00,  0.1231156E+06,  0.0000000E+00,  0.1213632E+07,  0.1559424E+05,  0.0000000E+00,  0.0000000E+00,  0.0000000E+00,  0.1952976E+09,  0.9250335E+07,  0.5513757E+08,  0.1826410E+11,  0.0000000E+00,  0.4165329E+09,  0.0000000E+00,  0.0000000E+00,  0.0000000E+00,  0.0000000E+00,  0.1616544E+07,  0.4890869E+04,  0.0000000E+00,  0.0000000E+00,  0.0000000E+00,  0.2373240E+07,  0.0000000E+00,  0.3756246E+05,  0.1671339E+06,  0.3498086E+05,  0.5759799E+03,  0.0000000E+00,  0.0000000E+00,  0.0000000E+00,  0.1424861E+06,  0.1026298E+06,  0.1732037E+06,  0.0000000E+00,    8
11/07/2012,  0.2135396E+07,  0.0000000E+00,  0.0000000E+00,  0.1181557E+06,  0.0000000E+00,  0.1221915E+07,  0.1324200E+05,  0.0000000E+00,  0.0000000E+00,  0.0000000E+00,  0.1933118E+09,  0.9045339E+07,  0.5506559E+08,  0.1826384E+11,  0.0000000E+00,  0.4164908E+09,  0.0000000E+00,  0.0000000E+00,  0.0000000E+00,  0.0000000E+00,  0.1825632E+07,  0.2352240E+04,  0.0000000E+00,  0.0000000E+00,  0.0000000E+00,  0.2045089E+07,  0.0000000E+00,  0.3356706E+05,  0.1356126E+06,  0.3255501E+05,  0.5124722E+03,  0.0000000E+00,  0.0000000E+00,  0.0000000E+00,  0.1298448E+06,  0.1027821E+06,  0.1684417E+06,  0.0000000E+00,   10
11/08/2012,  0.2646965E+07,  0.1172841E+06,  0.0000000E+00,  0.1888016E+06,  0.0000000E+00,  0.1389712E+07,  0.2315842E+07,  0.0000000E+00,  0.0000000E+00,  0.0000000E+00,  0.2200438E+09,  0.1056065E+08,  0.5543537E+08,  0.1826397E+11,  0.0000000E+00,  0.4165666E+09,  0.0000000E+00,  0.3471409E+08,  0.0000000E+00,  0.0000000E+00,  0.2265408E+07,  0.0000000E+00,  0.0000000E+00,  0.0000000E+00,  0.0000000E+00,  0.1336979E+07,  0.0000000E+00,  0.2653707E+05,  0.1478194E+06,  0.2140485E+05,  0.1302591E+04,  0.1767816E+04,  0.0000000E+00,  0.0000000E+00,  0.8364958E+06,  0.1230338E+06,  0.4403159E+06,  0.3048784E+08,   15
11/09/2012,  0.3836477E+07,  0.2946273E+05,  0.0000000E+00,  0.1652544E+06,  0.0000000E+00,  0.1320800E+07,  0.2315842E+07,  0.0000000E+00,  0.0000000E+00,  0.0000000E+00,  0.2255350E+09,  0.1062623E+08,  0.5563260E+08,  0.1826390E+11,  0.0000000E+00,  0.4165696E+09,  0.0000000E+00,  0.7565916E+07,  0.0000000E+00,  0.0000000E+00,  0.3506976E+07,  0.0000000E+00,  0.0000000E+00,  0.0000000E+00,  0.0000000E+00,  0.1009422E+07,  0.0000000E+00,  0.1248671E+05,  0.1095507E+06,  0.1027986E+05,  0.8537728E+03,  0.6512531E+03,  0.0000000E+00,  0.0000000E+00,  0.5032767E+06,  0.1367631E+06,  0.2935148E+06,  0.7098806E+07,   16
11/10/2012,  0.2457625E+07,  0.0000000E+00,  0.0000000E+00,  0.1581866E+06,  0.0000000E+00,  0.1208671E+07,  0.1218578E+07,  0.0000000E+00,  0.0000000E+00,  0.0000000E+00,  0.2243265E+09,  0.1032982E+08,  0.5560681E+08,  0.1826365E+11,  0.0000000E+00,  0.4165318E+09,  0.0000000E+00,  0.0000000E+00,  0.0000000E+00,  0.0000000E+00,  0.2049408E+07,  0.1097264E+07,  0.0000000E+00,  0.0000000E+00,  0.0000000E+00,  0.1295283E+07,  0.0000000E+00,  0.2148667E+05,  0.1276350E+06,  0.1781417E+05,  0.7256641E+03,  0.0000000E+00,  0.0000000E+00,  0.0000000E+00,  0.1810396E+06,  0.1303529E+06,  0.1859740E+06,  0.0000000E+00,   11
11/11/2012,  0.2421999E+07,  0.0000000E+00,  0.0000000E+00,  0.1493289E+06,  0.0000000E+00,  0.1243156E+07,  0.4151121E+06,  0.0000000E+00,  0.0000000E+00,  0.0000000E+00,  0.2229328E+09,  0.1006222E+08,  0.5556423E+08,  0.1826337E+11,  0.0000000E+00,  0.4164998E+09,  0.0000000E+00,  0.0000000E+00,  0.0000000E+00,  0.0000000E+00,  0.2057184E+07,  0.8034657E+06,  0.0000000E+00,  0.0000000E+00,  0.0000000E+00,  0.1476664E+07,  0.1241764E-04,  0.1916908E+05,  0.1317860E+06,  0.1550823E+05,  0.6121747E+03,  0.0000000E+00,  0.0000000E+00,  0.0000000E+00,  0.1616016E+06,  0.1269005E+06,  0.1855320E+06,  0.0000000E+00,   79
11/12/2012,  0.2412857E+07,  0.0000000E+00,  0.0000000E+00,  0.9983217E+05,  0.0000000E+00,  0.1249399E+07,  0.1509461E+06,  0.0000000E+00,  0.0000000E+00,  0.0000000E+00,  0.2208251E+09,  0.9872262E+07,  0.5551164E+08,  0.1826304E+11,  0.0000000E+00,  0.4164704E+09,  0.0000000E+00,  0.0000000E+00,  0.0000000E+00,  0.0000000E+00,  0.2023488E+07,  0.2641659E+06,  0.0000000E+00,  0.0000000E+00,  0.0000000E+00,  0.2163870E+07,  0.0000000E+00,  0.2198092E+05,  0.1279488E+06,  0.1737615E+05,  0.5410636E+03,  0.0000000E+00,  0.0000000E+00,  0.0000000E+00,  0.1536745E+06,  0.1202351E+06,  0.1844625E+06,  0.0000000E+00,    1
11/13/2012,  0.1773459E+07,  0.0000000E+00,  0.2549508E+04,  0.1491832E+06,  0.0000000E+00,  0.1212875E+07,  0.6896070E+05,  0.0000000E+00,  0.0000000E+00,  0.0000000E+00,  0.2181807E+09,  0.9591242E+07,  0.5544471E+08,  0.1826276E+11,  0.0000000E+00,  0.4164321E+09,  0.0000000E+00,  0.0000000E+00,  0.0000000E+00,  0.0000000E+00,  0.1350432E+07,  0.8198543E+05,  0.0000000E+00,  0.0000000E+00,  0.0000000E+00,  0.2737625E+07,  0.0000000E+00,  0.2881578E+05,  0.1052990E+06,  0.2357824E+05,  0.4821733E+03,  0.0000000E+00,  0.0000000E+00,  0.0000000E+00,  0.1528233E+06,  0.1172103E+06,  0.1909983E+06,  0.0000000E+00,   75
11/14/2012,  0.1753403E+07,  0.0000000E+00,  0.0000000E+00,  0.9449066E+05,  0.0000000E+00,  0.1233276E+07,  0.5064399E+05,  0.0000000E+00,  0.0000000E+00,  0.0000000E+00,  0.2159343E+09,  0.9430072E+07,  0.5537353E+08,  0.1826253E+11,  0.0000000E+00,  0.4164058E+09,  0.0000000E+00,  0.0000000E+00,  0.0000000E+00,  0.0000000E+00,  0.1190592E+07,  0.1831671E+05,  0.0000000E+00,  0.0000000E+00,  0.0000000E+00,  0.2297528E+07,  0.0000000E+00,  0.2490764E+05,  0.1456620E+06,  0.2079564E+05,  0.4348010E+03,  0.0000000E+00,  0.0000000E+00,  0.0000000E+00,  0.1305534E+06,  0.1154377E+06,  0.1768553E+06,  0.0000000E+00,    1
11/15/2012,  0.1709422E+07,  0.4283000E+04,  0.0000000E+00,  0.1011218E+06,  0.0000000E+00,  0.1240320E+07,  0.7084011E+06,  0.0000000E+00,  0.0000000E+00,  0.0000000E+00,  0.2143266E+09,  0.9274406E+07,  0.5532851E+08,  0.1826223E+11,  0.0000000E+00,  0.4163774E+09,  0.0000000E+00,  0.1844420E+07,  0.0000000E+00,  0.0000000E+00,  0.1039392E+07,  0.3435736E+04,  0.0000000E+00,  0.0000000E+00,  0.0000000E+00,  0.2695361E+07,  0.0000000E+00,  0.3461626E+05,  0.1754081E+06,  0.2939106E+05,  0.3934620E+03,  0.6610658E+02,  0.0000000E+00,  0.0000000E+00,  0.1968025E+06,  0.1123107E+06,  0.2072525E+06,  0.1117941E+07,    1
11/16/2012,  0.1962763E+07,  0.4409999E+05,  0.7014120E+04,  0.1524591E+06,  0.0000000E+00,  0.1303047E+07,  0.2315842E+07,  0.0000000E+00,  0.0000000E+00,  0.0000000E+00,  0.2223112E+09,  0.9419483E+07,  0.5552827E+08,  0.1826220E+11,  0.0000000E+00,  0.4163863E+09,  0.0000000E+00,  0.1391176E+08,  0.0000000E+00,  0.0000000E+00,  0.1629504E+07,  0.0000000E+00,  0.0000000E+00,  0.0000000E+00,  0.0000000E+00,  0.2357471E+07,  0.0000000E+00,  0.3558836E+05,  0.2307980E+06,  0.2827202E+05,  0.3669395E+03,  0.6557050E+03,  0.0000000E+00,  0.0000000E+00,  0.6879118E+06,  0.1205350E+06,  0.4526164E+06,  0.1121435E+08,   27
11/17/2012,  0.1895834E+08,  0.2990405E+06,  0.3325715E+04,  0.4779507E+06,  0.0000000E+00,  0.1917484E+07,  0.2315842E+07,  0.0000000E+00,  0.0000000E+00,  0.0000000E+00,  0.2821328E+09,  0.1352524E+08,  0.5605927E+08,  0.1826287E+11,  0.0000000E+00,  0.4166311E+09,  0.0000000E+00,  0.7277432E+08,  0.0000000E+00,  0.0000000E+00,  0.1858637E+08,  0.0000000E+00,  0.0000000E+00,  0.0000000E+00,  0.0000000E+00,  0.2548568E+07,  0.0000000E+00,  0.2967590E+05,  0.1734121E+06,  0.2136768E+05,  0.9841150E+04,  0.4532059E+04,  0.0000000E+00,  0.0000000E+00,  0.1086107E+07,  0.1591564E+06,  0.5255374E+06,  0.6789404E+08,  140
11/18/2012,  0.9401102E+07,  0.4660731E+05,  0.6170848E+03,  0.3282458E+06,  0.0000000E+00,  0.1399329E+07,  0.2077062E+07,  0.0000000E+00,  0.0000000E+00,  0.0000000E+00,  0.2883651E+09,  0.1351842E+08,  0.5616713E+08,  0.1826291E+11,  0.0000000E+00,  0.4165893E+09,  0.0000000E+00,  0.1180697E+08,  0.0000000E+00,  0.0000000E+00,  0.8934624E+07,  0.2387798E+06,  0.0000000E+00,  0.0000000E+00,  0.0000000E+00,  0.3089707E+07,  0.0000000E+00,  0.2983016E+05,  0.1934306E+06,  0.2159234E+05,  0.1914967E+04,  0.5095780E+02,  0.0000000E+00,  0.0000000E+00,  0.5315325E+06,  0.1546704E+06,  0.3940353E+06,  0.1002273E+08,   14
11/19/2012,  0.2629415E+07,  0.3154786E+04,  0.7342679E+03,  0.2698494E+06,  0.0000000E+00,  0.1276745E+07,  0.1103628E+07,  0.0000000E+00,  0.0000000E+00,  0.0000000E+00,  0.2860645E+09,  0.1295152E+08,  0.5616504E+08,  0.1826277E+11,  0.0000000E+00,  0.4165380E+09,  0.0000000E+00,  0.7872718E+06,  0.0000000E+00,  0.0000000E+00,  0.2134080E+07,  0.9734337E+06,  0.0000000E+00,  0.0000000E+00,  0.0000000E+00,  0.3064637E+07,  0.0000000E+00,  0.3288883E+05,  0.1589983E+06,  0.2501921E+05,  0.1417325E+04,  0.4740957E+01,  0.0000000E+00,  0.0000000E+00,  0.3315369E+06,  0.1478728E+06,  0.3008442E+06,  0.6528032E+06,   14
11/20/2012,  0.4134660E+07,  0.1857197E+06,  0.6978286E+04,  0.4246089E+06,  0.0000000E+00,  0.1656037E+07,  0.2315842E+07,  0.0000000E+00,  0.0000000E+00,  0.0000000E+00,  0.3159760E+09,  0.1484449E+08,  0.5656745E+08,  0.1826308E+11,  0.0000000E+00,  0.4166389E+09,  0.0000000E+00,  0.4137486E+08,  0.0000000E+00,  0.0000000E+00,  0.3669408E+07,  0.0000000E+00,  0.0000000E+00,  0.0000000E+00,  0.0000000E+00,  0.4047253E+07,  0.0000000E+00,  0.3960679E+05,  0.2781016E+06,  0.2853083E+05,  0.3943641E+04,  0.2531223E+04,  0.0000000E+00,  0.0000000E+00,  0.9947388E+06,  0.1665878E+06,  0.5528024E+06,  0.3711539E+08,   22
11/21/2012,  0.1087950E+08,  0.3496803E+05,  0.5361750E+04,  0.3328808E+06,  0.0000000E+00,  0.1543951E+07,  0.2225794E+07,  0.0000000E+00,  0.0000000E+00,  0.0000000E+00,  0.3191811E+09,  0.1445075E+08,  0.5672750E+08,  0.1826325E+11,  0.0000000E+00,  0.4166132E+09,  0.0000000E+00,  0.7082518E+07,  0.0000000E+00,  0.0000000E+00,  0.1054512E+08,  0.9004793E+05,  0.0000000E+00,  0.0000000E+00,  0.0000000E+00,  0.3053521E+07,  0.0000000E+00,  0.3109606E+05,  0.2213965E+06,  0.2218860E+05,  0.1987353E+04,  0.4883205E+03,  0.0000000E+00,  0.0000000E+00,  0.6559100E+06,  0.1733778E+06,  0.4646853E+06,  0.6687660E+07,   15
11/22/2012,  0.3508801E+07,  0.0000000E+00,  0.4260229E+04,  0.2920165E+06,  0.0000000E+00,  0.1392813E+07,  0.8114361E+06,  0.0000000E+00,  0.0000000E+00,  0.0000000E+00,  0.3166967E+09,  0.1379224E+08,  0.5668828E+08,  0.1826322E+11,  0.0000000E+00,  0.4165758E+09,  0.0000000E+00,  0.0000000E+00,  0.0000000E+00,  0.0000000E+00,  0.3132864E+07,  0.1414358E+07,  0.0000000E+00,  0.0000000E+00,  0.0000000E+00,  0.2694900E+07,  0.0000000E+00,  0.2408207E+05,  0.1474385E+06,  0.1789560E+05,  0.1577525E+04,  0.0000000E+00,  0.0000000E+00,  0.0000000E+00,  0.3170425E+06,  0.1668380E+06,  0.3327475E+06,  0.0000000E+00,   17
11/23/2012,  0.3468294E+07,  0.0000000E+00,  0.3360002E+04,  0.2631251E+06,  0.0000000E+00,  0.1431363E+07,  0.2800642E+06,  0.0000000E+00,  0.0000000E+00,  0.0000000E+00,  0.3135296E+09,  0.1318522E+08,  0.5661991E+08,  0.1826321E+11,  0.0000000E+00,  0.4165398E+09,  0.0000000E+00,  0.0000000E+00,  0.0000000E+00,  0.0000000E+00,  0.2605824E+07,  0.5313719E+06,  0.0000000E+00,  0.0000000E+00,  0.0000000E+00,  0.3378675E+07,  0.0000000E+00,  0.2507483E+05,  0.1713453E+06,  0.1835319E+05,  0.1297277E+04,  0.0000000E+00,  0.0000000E+00,  0.0000000E+00,  0.2912879E+06,  0.1636015E+06,  0.3350598E+06,  0.0000000E+00,    5
11/24/2012,  0.2894711E+07,  0.0000000E+00,  0.2718278E+04,  0.2385377E+06,  0.0000000E+00,  0.1424656E+07,  0.1290199E+06,  0.0000000E+00,  0.0000000E+00,  0.0000000E+00,  0.3099506E+09,  0.1263329E+08,  0.5653096E+08,  0.1826320E+11,  0.0000000E+00,  0.4165128E+09,  0.0000000E+00,  0.0000000E+00,  0.0000000E+00,  0.0000000E+00,  0.2464128E+07,  0.1510444E+06,  0.0000000E+00,  0.0000000E+00,  0.0000000E+00,  0.3783544E+07,  0.0000000E+00,  0.2730842E+05,  0.1670218E+06,  0.1945725E+05,  0.1103979E+04,  0.0000000E+00,  0.0000000E+00,  0.0000000E+00,  0.2667293E+06,  0.1617304E+06,  0.3287878E+06,  0.0000000E+00,    5
11/25/2012,  0.2671451E+07,  0.0000000E+00,  0.2228913E+04,  0.2184141E+06,  0.0000000E+00,  0.1448890E+07,  0.8755293E+05,  0.0000000E+00,  0.0000000E+00,  0.0000000E+00,  0.3066274E+09,  0.1215156E+08,  0.5642880E+08,  0.1826322E+11,  0.0000000E+00,  0.4164881E+09,  0.0000000E+00,  0.0000000E+00,  0.0000000E+00,  0.0000000E+00,  0.2438208E+07,  0.4146693E+05,  0.0000000E+00,  0.0000000E+00,  0.0000000E+00,  0.3506532E+07,  0.0000000E+00,  0.2614258E+05,  0.1292844E+06,  0.1895128E+05,  0.9420774E+03,  0.0000000E+00,  0.0000000E+00,  0.0000000E+00,  0.2386683E+06,  0.1618343E+06,  0.3150462E+06,  0.0000000E+00,   46
11/26/2012,  0.2589274E+07,  0.0000000E+00,  0.1958494E+04,  0.2024348E+06,  0.0000000E+00,  0.1449589E+07,  0.7010496E+05,  0.0000000E+00,  0.0000000E+00,  0.0000000E+00,  0.3028634E+09,  0.1171523E+08,  0.5631495E+08,  0.1826324E+11,  0.0000000E+00,  0.4164593E+09,  0.0000000E+00,  0.0000000E+00,  0.0000000E+00,  0.0000000E+00,  0.2384640E+07,  0.1744797E+05,  0.0000000E+00,  0.0000000E+00,  0.0000000E+00,  0.3925853E+07,  0.0000000E+00,  0.3049881E+05,  0.1485103E+06,  0.2248280E+05,  0.8121180E+03,  0.0000000E+00,  0.0000000E+00,  0.0000000E+00,  0.2285092E+06,  0.1592248E+06,  0.3121187E+06,  0.0000000E+00,    8
11/27/2012,  0.2372797E+07,  0.0000000E+00,  0.1637721E+04,  0.1884059E+06,  0.0000000E+00,  0.1453090E+07,  0.6140439E+05,  0.0000000E+00,  0.0000000E+00,  0.0000000E+00,  0.2995454E+09,  0.1131723E+08,  0.5620199E+08,  0.1826327E+11,  0.0000000E+00,  0.4164376E+09,  0.0000000E+00,  0.0000000E+00,  0.0000000E+00,  0.0000000E+00,  0.2176416E+07,  0.8700569E+04,  0.0000000E+00,  0.0000000E+00,  0.0000000E+00,  0.3471661E+07,  0.0000000E+00,  0.2684354E+05,  0.1239361E+06,  0.2019604E+05,  0.7136320E+03,  0.0000000E+00,  0.0000000E+00,  0.0000000E+00,  0.2114228E+06,  0.1578029E+06,  0.2976556E+06,  0.0000000E+00,    8
11/28/2012,  0.2792138E+08,  0.1127304E+06,  0.2107542E+04,  0.2748210E+06,  0.0000000E+00,  0.1898574E+07,  0.2282906E+07,  0.0000000E+00,  0.0000000E+00,  0.0000000E+00,  0.3170615E+09,  0.1223952E+08,  0.5640113E+08,  0.1826381E+11,  0.0000000E+00,  0.4164910E+09,  0.0000000E+00,  0.2514096E+08,  0.0000000E+00,  0.0000000E+00,  0.2800829E+08,  0.0000000E+00,  0.0000000E+00,  0.0000000E+00,  0.0000000E+00,  0.2968469E+07,  0.0000000E+00,  0.3441859E+05,  0.1898199E+06,  0.2302024E+05,  0.1109535E+04,  0.1588001E+04,  0.0000000E+00,  0.0000000E+00,  0.7349143E+06,  0.1809816E+06,  0.5015042E+06,  0.2223886E+08,   86
11/29/2012,  0.2277808E+08,  0.1052404E+07,  0.3527931E+06,  0.2688009E+07,  0.0000000E+00,  0.4189434E+07,  0.2315842E+07,  0.0000000E+00,  0.0000000E+00,  0.0000000E+00,  0.4612121E+09,  0.2195941E+08,  0.5730125E+08,  0.1826699E+11,  0.0000000E+00,  0.4174725E+09,  0.0000000E+00,  0.1735462E+09,  0.0000000E+00,  0.0000000E+00,  0.2122848E+08,  0.0000000E+00,  0.0000000E+00,  0.0000000E+00,  0.0000000E+00,  0.3003674E+07,  0.0000000E+00,  0.3658258E+05,  0.2063688E+06,  0.2403744E+05,  0.1964798E+06,  0.1686877E+05,  0.0000000E+00,  0.0000000E+00,  0.1923101E+07,  0.2448958E+06,  0.9867344E+06,  0.1617896E+09,  133
11/30/2012,  0.1336098E+09,  0.1528451E+07,  0.1487756E+07,  0.5650051E+07,  0.0000000E+00,  0.9286362E+07,  0.2315842E+07,  0.0000000E+00,  0.0000000E+00,  0.0000000E+00,  0.5974953E+09,  0.3218355E+08,  0.5898363E+08,  0.1827531E+11,  0.0000000E+00,  0.4186382E+09,  0.0000000E+00,  0.1719734E+09,  0.0000000E+00,  0.0000000E+00,  0.1321963E+09,  0.0000000E+00,  0.0000000E+00,  0.0000000E+00,  0.0000000E+00,  0.2892176E+07,  0.0000000E+00,  0.3461163E+05,  0.2062589E+06,  0.2294398E+05,  0.1983180E+06,  0.1840163E+05,  0.0000000E+00,  0.0000000E+00,  0.3759122E+07,  0.3761539E+06,  0.2044793E+07,  0.1601186E+09, 2334
12/01/2012,  0.2710266E+08,  0.7097482E+06,  0.2131484E+06,  0.2277449E+07,  0.0000000E+00,  0.6580949E+07,  0.2315842E+07,  0.0000000E+00,  0.0000000E+00,  0.0000000E+00,  0.6384448E+09,  0.3976811E+08,  0.6102529E+08,  0.1827945E+11,  0.0000000E+00,  0.4203313E+09,  0.0000000E+00,  0.6306761E+08,  0.0000000E+00,  0.0000000E+00,  0.2790893E+08,  0.0000000E+00,  0.0000000E+00,  0.0000000E+00,  0.0000000E+00,  0.3634418E+07,  0.0000000E+00,  0.3197825E+05,  0.2640650E+06,  0.2372922E+05,  0.1629104E+06,  0.1132340E+05,  0.0000000E+00,  0.0000000E+00,  0.4081310E+07,  0.4063901E+06,  0.2008638E+07,  0.5849688E+08,  396
12/02/2012,  0.1739443E+09,  0.2427421E+07,  0.5047721E+07,  0.1121731E+08,  0.0000000E+00,  0.8925879E+07,  0.2315842E+07,  0.0000000E+00,  0.0000000E+00,  0.0000000E+00,  0.7403242E+09,  0.7853004E+08,  0.6690967E+08,  0.1828660E+11,  0.0000000E+00,  0.4233770E+09,  0.0000000E+00,  0.1841228E+09,  0.0000000E+00,  0.0000000E+00,  0.1611567E+09,  0.0000000E+00,  0.0000000E+00,  0.0000000E+00,  0.0000000E+00,  0.3037896E+07,  0.0000000E+00,  0.2251035E+05,  0.2247759E+06,  0.1750330E+05,  0.5334248E+06,  0.3234443E+05,  0.0000000E+00,  0.0000000E+00,  0.9847131E+07,  0.7571642E+06,  0.3941795E+07,  0.1695677E+09, 2590
12/03/2012,  0.1651889E+08,  0.0000000E+00,  0.3770383E+05,  0.1809442E+07,  0.0000000E+00,  0.3351173E+07,  0.1017621E+07,  0.0000000E+00,  0.0000000E+00,  0.0000000E+00,  0.7405866E+09,  0.7005187E+08,  0.6895422E+08,  0.1828719E+11,  0.0000000E+00,  0.4242779E+09,  0.0000000E+00,  0.0000000E+00,  0.0000000E+00,  0.0000000E+00,  0.1441238E+08,  0.1298220E+07,  0.0000000E+00,  0.0000000E+00,  0.0000000E+00,  0.2354639E+07,  0.0000000E+00,  0.2374145E+05,  0.1628641E+06,  0.2032194E+05,  0.2369031E+05,  0.0000000E+00,  0.0000000E+00,  0.0000000E+00,  0.4615067E+07,  0.6247333E+06,  0.2546837E+07,  0.0000000E+00, 1568
12/04/2012,  0.8861453E+07,  0.2652185E+06,  0.1729644E+06,  0.1916059E+07,  0.0000000E+00,  0.4210897E+07,  0.2301028E+07,  0.0000000E+00,  0.0000000E+00,  0.0000000E+00,  0.7463104E+09,  0.7125930E+08,  0.7138798E+08,  0.1828854E+11,  0.0000000E+00,  0.4252828E+09,  0.0000000E+00,  0.1995274E+08,  0.0000000E+00,  0.0000000E+00,  0.7107264E+07,  0.0000000E+00,  0.0000000E+00,  0.0000000E+00,  0.0000000E+00,  0.3741741E+07,  0.0000000E+00,  0.2942746E+05,  0.2646723E+06,  0.2342748E+05,  0.4253959E+05,  0.6153155E+04,  0.0000000E+00,  0.0000000E+00,  0.4934565E+07,  0.6252486E+06,  0.2471441E+07,  0.1711380E+08,  708
12/05/2012,  0.4350521E+08,  0.7856909E+06,  0.9148292E+06,  0.3466967E+07,  0.0000000E+00,  0.5187620E+07,  0.2315842E+07,  0.0000000E+00,  0.0000000E+00,  0.0000000E+00,  0.7696061E+09,  0.8653185E+08,  0.7532199E+08,  0.1829141E+11,  0.0000000E+00,  0.4261413E+09,  0.0000000E+00,  0.5714692E+08,  0.0000000E+00,  0.0000000E+00,  0.3969907E+08,  0.0000000E+00,  0.0000000E+00,  0.0000000E+00,  0.0000000E+00,  0.3583441E+07,  0.0000000E+00,  0.2908748E+05,  0.2652899E+06,  0.2302088E+05,  0.2474311E+05,  0.9048845E+04,  0.0000000E+00,  0.0000000E+00,  0.7111872E+07,  0.7125904E+06,  0.3148893E+07,  0.5295745E+08,  358
12/06/2012,  0.1093998E+08,  0.1607414E+05,  0.7379258E+05,  0.1663152E+07,  0.0000000E+00,  0.3970014E+07,  0.1657909E+07,  0.0000000E+00,  0.0000000E+00,  0.0000000E+00,  0.7705590E+09,  0.7958301E+08,  0.7623040E+08,  0.1829292E+11,  0.0000000E+00,  0.4267349E+09,  0.0000000E+00,  0.1201448E+07,  0.0000000E+00,  0.0000000E+00,  0.9326880E+07,  0.6579326E+06,  0.0000000E+00,  0.0000000E+00,  0.0000000E+00,  0.2261888E+07,  0.0000000E+00,  0.1827469E+05,  0.1560766E+06,  0.1452828E+05,  0.1572657E+05,  0.2745922E+03,  0.0000000E+00,  0.0000000E+00,  0.3792749E+07,  0.7397207E+06,  0.2866166E+07,  0.1071699E+07,  898
12/07/2012,  0.7552961E+07,  0.0000000E+00,  0.6248246E+05,  0.1421513E+07,  0.0000000E+00,  0.3551272E+07,  0.7436429E+06,  0.0000000E+00,  0.0000000E+00,  0.0000000E+00,  0.7703538E+09,  0.7394991E+08,  0.7646566E+08,  0.1829397E+11,  0.0000000E+00,  0.4271450E+09,  0.0000000E+00,  0.0000000E+00,  0.0000000E+00,  0.0000000E+00,  0.5906304E+07,  0.9142662E+06,  0.0000000E+00,  0.0000000E+00,  0.0000000E+00,  0.2285016E+07,  0.0000000E+00,  0.2128949E+05,  0.1671091E+06,  0.1724799E+05,  0.1229198E+05,  0.0000000E+00,  0.0000000E+00,  0.0000000E+00,  0.2806488E+07,  0.7494219E+06,  0.2549869E+07,  0.0000000E+00,  799
12/08/2012,  0.6472497E+07,  0.0000000E+00,  0.5974028E+05,  0.1263376E+07,  0.0000000E+00,  0.3360230E+07,  0.3511878E+06,  0.0000000E+00,  0.0000000E+00,  0.0000000E+00,  0.7694212E+09,  0.6917838E+08,  0.7635730E+08,  0.1829487E+11,  0.0000000E+00,  0.4274438E+09,  0.0000000E+00,  0.0000000E+00,  0.0000000E+00,  0.0000000E+00,  0.4946400E+07,  0.3924551E+06,  0.0000000E+00,  0.0000000E+00,  0.0000000E+00,  0.2841369E+07,  0.0000000E+00,  0.2402725E+05,  0.1958439E+06,  0.1878530E+05,  0.9794090E+04,  0.0000000E+00,  0.0000000E+00,  0.0000000E+00,  0.2278960E+07,  0.7491411E+06,  0.2363424E+07,  0.0000000E+00,  723
12/09/2012,  0.5636123E+07,  0.0000000E+00,  0.5240495E+05,  0.1132040E+07,  0.0000000E+00,  0.3200761E+07,  0.1984691E+06,  0.0000000E+00,  0.0000000E+00,  0.0000000E+00,  0.7682046E+09,  0.6483047E+08,  0.7603266E+08,  0.1829561E+11,  0.0000000E+00,  0.4276978E+09,  0.0000000E+00,  0.0000000E+00,  0.0000000E+00,  0.0000000E+00,  0.4218048E+07,  0.1527186E+06,  0.0000000E+00,  0.0000000E+00,  0.0000000E+00,  0.3230337E+07,  0.0000000E+00,  0.2548364E+05,  0.2048021E+06,  0.1948596E+05,  0.7991898E+04,  0.0000000E+00,  0.0000000E+00,  0.0000000E+00,  0.1890555E+07,  0.7487512E+06,  0.2190073E+07,  0.0000000E+00,  491
12/10/2012,  0.4566282E+07,  0.0000000E+00,  0.4184663E+05,  0.1019341E+07,  0.0000000E+00,  0.3106042E+07,  0.1329575E+06,  0.0000000E+00,  0.0000000E+00,  0.0000000E+00,  0.7671429E+09,  0.6085240E+08,  0.7557646E+08,  0.1829621E+11,  0.0000000E+00,  0.4279243E+09,  0.0000000E+00,  0.0000000E+00,  0.0000000E+00,  0.0000000E+00,  0.3271104E+07,  0.6551168E+05,  0.0000000E+00,  0.0000000E+00,  0.0000000E+00,  0.3137425E+07,  0.0000000E+00,  0.2431360E+05,  0.1876413E+06,  0.1877977E+05,  0.6504768E+04,  0.0000000E+00,  0.0000000E+00,  0.0000000E+00,  0.1578578E+07,  0.7439319E+06,  0.2011223E+07,  0.0000000E+00,  294
12/11/2012,  0.3710007E+07,  0.1817518E+06,  0.1193257E+06,  0.1146737E+07,  0.0000000E+00,  0.3298962E+07,  0.2315166E+07,  0.0000000E+00,  0.0000000E+00,  0.0000000E+00,  0.7705473E+09,  0.6305113E+08,  0.7636172E+08,  0.1829702E+11,  0.0000000E+00,  0.4282203E+09,  0.0000000E+00,  0.1588971E+08,  0.0000000E+00,  0.0000000E+00,  0.2270592E+07,  0.0000000E+00,  0.0000000E+00,  0.0000000E+00,  0.0000000E+00,  0.3564038E+07,  0.0000000E+00,  0.3023230E+05,  0.2594297E+06,  0.2268456E+05,  0.5933755E+04,  0.2402080E+04,  0.0000000E+00,  0.0000000E+00,  0.2884083E+07,  0.7587538E+06,  0.2069015E+07,  0.1256446E+08,  269
12/12/2012,  0.4273896E+07,  0.2974586E+05,  0.4976476E+05,  0.1000112E+07,  0.0000000E+00,  0.3157619E+07,  0.1911313E+07,  0.0000000E+00,  0.0000000E+00,  0.0000000E+00,  0.7719826E+09,  0.6013342E+08,  0.7603904E+08,  0.1829768E+11,  0.0000000E+00,  0.4284898E+09,  0.0000000E+00,  0.2190979E+07,  0.0000000E+00,  0.0000000E+00,  0.3107808E+07,  0.4045292E+06,  0.0000000E+00,  0.0000000E+00,  0.0000000E+00,  0.1555202E+07,  0.0000000E+00,  0.1748720E+05,  0.1046023E+06,  0.1338330E+05,  0.5139977E+04,  0.5841726E+03,  0.0000000E+00,  0.0000000E+00,  0.1574185E+07,  0.7613611E+06,  0.1882967E+07,  0.1940623E+07,  106
12/13/2012,  0.4252637E+07,  0.0000000E+00,  0.3993075E+05,  0.9298501E+06,  0.0000000E+00,  0.3115864E+07,  0.1293410E+07,  0.0000000E+00,  0.0000000E+00,  0.0000000E+00,  0.7718749E+09,  0.5756761E+08,  0.7562755E+08,  0.1829816E+11,  0.0000000E+00,  0.4287394E+09,  0.0000000E+00,  0.0000000E+00,  0.0000000E+00,  0.0000000E+00,  0.3181248E+07,  0.6179027E+06,  0.0000000E+00,  0.0000000E+00,  0.0000000E+00,  0.1176044E+07,  0.0000000E+00,  0.1438562E+05,  0.8117728E+05,  0.1119004E+05,  0.4213195E+04,  0.0000000E+00,  0.0000000E+00,  0.0000000E+00,  0.1280463E+07,  0.7569891E+06,  0.1678925E+07,  0.0000000E+00,  118
12/14/2012,  0.4668297E+07,  0.4756165E+05,  0.4980624E+05,  0.9137484E+06,  0.0000000E+00,  0.3123886E+07,  0.2205145E+07,  0.0000000E+00,  0.0000000E+00,  0.0000000E+00,  0.7725241E+09,  0.5680616E+08,  0.7548611E+08,  0.1829865E+11,  0.0000000E+00,  0.4289999E+09,  0.0000000E+00,  0.4595375E+07,  0.0000000E+00,  0.0000000E+00,  0.3575232E+07,  0.0000000E+00,  0.0000000E+00,  0.0000000E+00,  0.0000000E+00,  0.1637234E+07,  0.0000000E+00,  0.1479197E+05,  0.1174648E+06,  0.1079029E+05,  0.3691442E+04,  0.6655510E+03,  0.0000000E+00,  0.0000000E+00,  0.1573865E+07,  0.7547489E+06,  0.1700984E+07,  0.3311343E+07,   96
12/15/2012,  0.7551175E+07,  0.4123369E+06,  0.2220371E+06,  0.1463984E+07,  0.0000000E+00,  0.3718662E+07,  0.2315842E+07,  0.0000000E+00,  0.0000000E+00,  0.0000000E+00,  0.7821364E+09,  0.6733356E+08,  0.7771857E+08,  0.1829989E+11,  0.0000000E+00,  0.4294812E+09,  0.0000000E+00,  0.2968901E+08,  0.0000000E+00,  0.0000000E+00,  0.5952096E+07,  0.0000000E+00,  0.0000000E+00,  0.0000000E+00,  0.0000000E+00,  0.2066711E+07,  0.0000000E+00,  0.1718889E+05,  0.1553465E+06,  0.1250255E+05,  0.7361488E+04,  0.6258607E+04,  0.0000000E+00,  0.0000000E+00,  0.4280073E+07,  0.7863163E+06,  0.2030696E+07,  0.2739354E+08,   79
12/16/2012,  0.6462419E+07,  0.1969497E+06,  0.2172735E+06,  0.1393776E+07,  0.0000000E+00,  0.3693938E+07,  0.2315842E+07,  0.0000000E+00,  0.0000000E+00,  0.0000000E+00,  0.7852182E+09,  0.7053723E+08,  0.7919983E+08,  0.1830098E+11,  0.0000000E+00,  0.4299596E+09,  0.0000000E+00,  0.1492776E+08,  0.0000000E+00,  0.0000000E+00,  0.5037984E+07,  0.0000000E+00,  0.0000000E+00,  0.0000000E+00,  0.0000000E+00,  0.2636694E+07,  0.0000000E+00,  0.2568669E+05,  0.1981061E+06,  0.1894494E+05,  0.4889331E+04,  0.2018764E+04,  0.0000000E+00,  0.0000000E+00,  0.3663059E+07,  0.8009421E+06,  0.2155358E+07,  0.1340021E+08,   43
12/17/2012,  0.1054933E+08,  0.2317233E+06,  0.2872328E+06,  0.1592287E+07,  0.0000000E+00,  0.4668434E+07,  0.2315842E+07,  0.0000000E+00,  0.0000000E+00,  0.0000000E+00,  0.7896703E+09,  0.7445255E+08,  0.8096752E+08,  0.1830277E+11,  0.0000000E+00,  0.4306185E+09,  0.0000000E+00,  0.1731538E+08,  0.0000000E+00,  0.0000000E+00,  0.9536832E+07,  0.0000000E+00,  0.0000000E+00,  0.0000000E+00,  0.0000000E+00,  0.2164968E+07,  0.0000000E+00,  0.1972562E+05,  0.1630834E+06,  0.1451981E+05,  0.4622771E+04,  0.2657796E+04,  0.0000000E+00,  0.0000000E+00,  0.4089250E+07,  0.8392698E+06,  0.2302099E+07,  0.1566646E+08, 1084
12/18/2012,  0.4922512E+07,  0.0000000E+00,  0.6924302E+05,  0.1231188E+07,  0.0000000E+00,  0.3930874E+07,  0.1707532E+07,  0.0000000E+00,  0.0000000E+00,  0.0000000E+00,  0.7902213E+09,  0.7040060E+08,  0.8077484E+08,  0.1830368E+11,  0.0000000E+00,  0.4310895E+09,  0.0000000E+00,  0.0000000E+00,  0.0000000E+00,  0.0000000E+00,  0.3803328E+07,  0.6083094E+06,  0.0000000E+00,  0.0000000E+00,  0.0000000E+00,  0.1092530E+07,  0.0000000E+00,  0.1340636E+05,  0.7715543E+05,  0.1053122E+05,  0.3489860E+04,  0.0000000E+00,  0.0000000E+00,  0.0000000E+00,  0.1945609E+07,  0.8411120E+06,  0.2128370E+07,  0.0000000E+00,  286
12/19/2012,  0.4017440E+07,  0.0000000E+00,  0.6349884E+05,  0.1151648E+07,  0.0000000E+00,  0.3531992E+07,  0.1111171E+07,  0.0000000E+00,  0.0000000E+00,  0.0000000E+00,  0.7900701E+09,  0.6740450E+08,  0.8043371E+08,  0.1830421E+11,  0.0000000E+00,  0.4313890E+09,  0.0000000E+00,  0.0000000E+00,  0.0000000E+00,  0.0000000E+00,  0.2555712E+07,  0.5963613E+06,  0.0000000E+00,  0.0000000E+00,  0.0000000E+00,  0.1098464E+07,  0.0000000E+00,  0.1201074E+05,  0.7978591E+05,  0.9323787E+04,  0.3031351E+04,  0.0000000E+00,  0.0000000E+00,  0.0000000E+00,  0.1676703E+07,  0.8459940E+06,  0.2008445E+07,  0.0000000E+00,   64
12/20/2012,  0.3786654E+07,  0.0000000E+00,  0.5390237E+05,  0.1077829E+07,  0.0000000E+00,  0.3384010E+07,  0.5364589E+06,  0.0000000E+00,  0.0000000E+00,  0.0000000E+00,  0.7889466E+09,  0.6467738E+08,  0.7990845E+08,  0.1830468E+11,  0.0000000E+00,  0.4315825E+09,  0.0000000E+00,  0.0000000E+00,  0.0000000E+00,  0.0000000E+00,  0.2307744E+07,  0.5747121E+06,  0.0000000E+00,  0.0000000E+00,  0.0000000E+00,  0.2040195E+07,  0.0000000E+00,  0.2166924E+05,  0.1510687E+06,  0.1691591E+05,  0.2654563E+04,  0.0000000E+00,  0.0000000E+00,  0.0000000E+00,  0.1520262E+07,  0.8442515E+06,  0.2025708E+07,  0.0000000E+00,  131
12/21/2012,  0.2363567E+08,  0.1246233E+07,  0.2437567E+07,  0.5233564E+07,  0.0000000E+00,  0.5886422E+07,  0.2315842E+07,  0.0000000E+00,  0.0000000E+00,  0.0000000E+00,  0.8094892E+09,  0.1035878E+09,  0.8618643E+08,  0.1830843E+11,  0.0000000E+00,  0.4330771E+09,  0.0000000E+00,  0.8774677E+08,  0.0000000E+00,  0.0000000E+00,  0.1713744E+08,  0.0000000E+00,  0.0000000E+00,  0.0000000E+00,  0.0000000E+00,  0.2905357E+07,  0.0000000E+00,  0.2767630E+05,  0.2207650E+06,  0.2057876E+05,  0.1306428E+06,  0.2053978E+05,  0.0000000E+00,  0.0000000E+00,  0.9747014E+07,  0.9619020E+06,  0.3442692E+07,  0.7894519E+08, 1446
12/22/2012,  0.7732023E+08,  0.1053768E+07,  0.3809239E+07,  0.8033071E+07,  0.0000000E+00,  0.5119405E+07,  0.2315842E+07,  0.0000000E+00,  0.0000000E+00,  0.0000000E+00,  0.8227740E+09,  0.1326105E+09,  0.9345354E+08,  0.1831268E+11,  0.0000000E+00,  0.4344912E+09,  0.0000000E+00,  0.7371336E+08,  0.0000000E+00,  0.0000000E+00,  0.6593530E+08,  0.0000000E+00,  0.0000000E+00,  0.0000000E+00,  0.0000000E+00,  0.2653385E+07,  0.0000000E+00,  0.2564320E+05,  0.2029825E+06,  0.1966997E+05,  0.7034709E+05,  0.1584202E+05,  0.0000000E+00,  0.0000000E+00,  0.1240151E+08,  0.1155188E+07,  0.5109356E+07,  0.6811993E+08, 1157
12/23/2012,  0.2887373E+09,  0.3901181E+07,  0.6642183E+08,  0.5532936E+08,  0.0000000E+00,  0.6730221E+07,  0.2315842E+07,  0.0000000E+00,  0.0000000E+00,  0.0000000E+00,  0.8476145E+09,  0.1929679E+09,  0.1073968E+09,  0.1832209E+11,  0.0000000E+00,  0.4427815E+09,  0.0000000E+00,  0.2516986E+09,  0.0000000E+00,  0.0000000E+00,  0.1700732E+09,  0.0000000E+00,  0.0000000E+00,  0.0000000E+00,  0.0000000E+00,  0.2344483E+07,  0.0000000E+00,  0.1916252E+05,  0.1808094E+06,  0.1529183E+05,  0.1458406E+07,  0.6129851E+05,  0.0000000E+00,  0.0000000E+00,  0.2409229E+08,  0.1762447E+07,  0.1013102E+08,  0.2330616E+09,  968
12/24/2012,  0.5320720E+08,  0.0000000E+00,  0.4973014E+06,  0.5308757E+07,  0.0000000E+00,  0.1226850E+07,  0.1495465E+07,  0.0000000E+00,  0.0000000E+00,  0.0000000E+00,  0.8484662E+09,  0.1727800E+09,  0.1114474E+09,  0.1832657E+11,  0.0000000E+00,  0.4420794E+09,  0.0000000E+00,  0.0000000E+00,  0.0000000E+00,  0.0000000E+00,  0.4335379E+08,  0.8203769E+06,  0.0000000E+00,  0.0000000E+00,  0.0000000E+00,  0.1472807E+07,  0.6208819E-05,  0.1683045E+05,  0.1067740E+06,  0.1474259E+05,  0.2341909E+05,  0.0000000E+00,  0.0000000E+00,  0.0000000E+00,  0.1358989E+08,  0.1555704E+07,  0.9519570E+07,  0.0000000E+00, 2487
12/25/2012,  0.8132370E+08,  0.1230833E+07,  0.1074036E+08,  0.1835774E+08,  0.0000000E+00,  0.2577675E+07,  0.2315842E+07,  0.0000000E+00,  0.0000000E+00,  0.0000000E+00,  0.8508727E+09,  0.2007213E+09,  0.1203917E+09,  0.1833298E+11,  0.0000000E+00,  0.4427515E+09,  0.0000000E+00,  0.8631113E+08,  0.0000000E+00,  0.0000000E+00,  0.4913309E+08,  0.0000000E+00,  0.0000000E+00,  0.0000000E+00,  0.0000000E+00,  0.1850713E+07,  0.0000000E+00,  0.1495477E+05,  0.1433649E+06,  0.1217521E+05,  0.8342476E+05,  0.1849151E+05,  0.0000000E+00,  0.0000000E+00,  0.1931015E+08,  0.1715562E+07,  0.1035108E+08,  0.7897437E+08,  242
12/26/2012,  0.5311273E+08,  0.2605973E+06,  0.1755682E+07,  0.8059675E+07,  0.0000000E+00,  0.1771040E+07,  0.2315842E+07,  0.0000000E+00,  0.0000000E+00,  0.0000000E+00,  0.8509979E+09,  0.1923855E+09,  0.1247110E+09,  0.1833909E+11,  0.0000000E+00,  0.4426093E+09,  0.0000000E+00,  0.1862863E+08,  0.0000000E+00,  0.0000000E+00,  0.3992976E+08,  0.0000000E+00,  0.0000000E+00,  0.0000000E+00,  0.0000000E+00,  0.2100496E+07,  0.0000000E+00,  0.1905941E+05,  0.1635604E+06,  0.1577118E+05,  0.2679972E+05,  0.3718029E+04,  0.0000000E+00,  0.0000000E+00,  0.1537061E+08,  0.1858616E+07,  0.1102957E+08,  0.1724384E+08,  231
12/27/2012,  0.3654990E+08,  0.0000000E+00,  0.6168034E+06,  0.5818600E+07,  0.0000000E+00,  0.1638376E+07,  0.1625847E+07,  0.0000000E+00,  0.0000000E+00,  0.0000000E+00,  0.8517890E+09,  0.1759412E+09,  0.1246487E+09,  0.1834401E+11,  0.0000000E+00,  0.4424239E+09,  0.0000000E+00,  0.0000000E+00,  0.0000000E+00,  0.0000000E+00,  0.2696026E+08,  0.6899944E+06,  0.0000000E+00,  0.0000000E+00,  0.0000000E+00,  0.1242175E+07,  0.0000000E+00,  0.1497138E+05,  0.9130370E+05,  0.1293455E+05,  0.1712159E+05,  0.0000000E+00,  0.0000000E+00,  0.0000000E+00,  0.9872948E+07,  0.1914290E+07,  0.9919348E+07,  0.0000000E+00,  215
12/28/2012,  0.3722635E+08,  0.2082535E+06,  0.1638237E+07,  0.7434005E+07,  0.0000000E+00,  0.1884474E+07,  0.2315842E+07,  0.0000000E+00,  0.0000000E+00,  0.0000000E+00,  0.8515806E+09,  0.1702624E+09,  0.1263112E+09,  0.1834836E+11,  0.0000000E+00,  0.4424687E+09,  0.0000000E+00,  0.1565714E+08,  0.0000000E+00,  0.0000000E+00,  0.2516746E+08,  0.0000000E+00,  0.0000000E+00,  0.0000000E+00,  0.0000000E+00,  0.1695780E+07,  0.0000000E+00,  0.1414480E+05,  0.1317731E+06,  0.1148383E+05,  0.2208151E+05,  0.3227318E+04,  0.0000000E+00,  0.0000000E+00,  0.1084608E+08,  0.1940517E+07,  0.9169778E+07,  0.1380843E+08,  330
12/29/2012,  0.3388363E+08,  0.0000000E+00,  0.4990125E+06,  0.5011903E+07,  0.0000000E+00,  0.1773818E+07,  0.1658094E+07,  0.0000000E+00,  0.0000000E+00,  0.0000000E+00,  0.8520364E+09,  0.1580751E+09,  0.1250095E+09,  0.1835173E+11,  0.0000000E+00,  0.4423797E+09,  0.0000000E+00,  0.0000000E+00,  0.0000000E+00,  0.0000000E+00,  0.2544998E+08,  0.6577480E+06,  0.0000000E+00,  0.0000000E+00,  0.0000000E+00,  0.1182770E+07,  0.0000000E+00,  0.1396684E+05,  0.8616165E+05,  0.1203200E+05,  0.1335783E+05,  0.0000000E+00,  0.0000000E+00,  0.0000000E+00,  0.6965103E+07,  0.1940525E+07,  0.8253077E+07,  0.0000000E+00,  210
12/30/2012,  0.3150865E+08,  0.0000000E+00,  0.4546178E+06,  0.4707210E+07,  0.0000000E+00,  0.1892426E+07,  0.1008798E+07,  0.0000000E+00,  0.0000000E+00,  0.0000000E+00,  0.8518956E+09,  0.1479105E+09,  0.1233228E+09,  0.1835446E+11,  0.0000000E+00,  0.4423309E+09,  0.0000000E+00,  0.0000000E+00,  0.0000000E+00,  0.0000000E+00,  0.2359325E+08,  0.6492960E+06,  0.0000000E+00,  0.0000000E+00,  0.0000000E+00,  0.1252446E+07,  0.0000000E+00,  0.1475648E+05,  0.9968657E+05,  0.1267026E+05,  0.1064487E+05,  0.0000000E+00,  0.0000000E+00,  0.0000000E+00,  0.5807544E+07,  0.1926958E+07,  0.7479132E+07,  0.0000000E+00,  214
12/31/2012,  0.2987502E+08,  0.0000000E+00,  0.3940243E+06,  0.4278371E+07,  0.0000000E+00,  0.1985759E+07,  0.5706884E+06,  0.0000000E+00,  0.0000000E+00,  0.0000000E+00,  0.8514649E+09,  0.1390123E+09,  0.1215031E+09,  0.1835656E+11,  0.0000000E+00,  0.4422986E+09,  0.0000000E+00,  0.0000000E+00,  0.0000000E+00,  0.0000000E+00,  0.2256509E+08,  0.4381093E+06,  0.0000000E+00,  0.0000000E+00,  0.0000000E+00,  0.1586131E+07,  0.0000000E+00,  0.1486436E+05,  0.1346271E+06,  0.1255947E+05,  0.8509235E+04,  0.0000000E+00,  0.0000000E+00,  0.0000000E+00,  0.4946426E+07,  0.1884537E+07,  0.6750518E+07,  0.0000000E+00,  270
01/01/2013,  0.2862304E+08,  0.0000000E+00,  0.3347019E+06,  0.3865129E+07,  0.0000000E+00,  0.2091169E+07,  0.3722285E+06,  0.0000000E+00,  0.0000000E+00,  0.0000000E+00,  0.8509468E+09,  0.1309521E+09,  0.1195149E+09,  0.1835828E+11,  0.0000000E+00,  0.4422841E+09,  0.0000000E+00,  0.0000000E+00,  0.0000000E+00,  0.0000000E+00,  0.2190931E+08,  0.1984599E+06,  0.0000000E+00,  0.0000000E+00,  0.0000000E+00,  0.1965926E+07,  0.0000000E+00,  0.1207936E+05,  0.1496222E+06,  0.9768071E+04,  0.7039569E+04,  0.0000000E+00,  0.0000000E+00,  0.0000000E+00,  0.4268268E+07,  0.1862770E+07,  0.6243887E+07,  0.0000000E+00,  209
01/02/2013,  0.2720390E+08,  0.0000000E+00,  0.2797218E+06,  0.3501873E+07,  0.0000000E+00,  0.2217163E+07,  0.2438281E+06,  0.0000000E+00,  0.0000000E+00,  0.0000000E+00,  0.8504623E+09,  0.1234907E+09,  0.1175901E+09,  0.1835953E+11,  0.0000000E+00,  0.4422711E+09,  0.0000000E+00,  0.0000000E+00,  0.0000000E+00,  0.0000000E+00,  0.2104013E+08,  0.1284004E+06,  0.0000000E+00,  0.0000000E+00,  0.0000000E+00,  0.2270773E+07,  0.0000000E+00,  0.1372452E+05,  0.1608790E+06,  0.1111582E+05,  0.5889245E+04,  0.0000000E+00,  0.0000000E+00,  0.0000000E+00,  0.3702083E+07,  0.1814427E+07,  0.5613078E+07,  0.0000000E+00,  210
01/03/2013,  0.2592078E+08,  0.0000000E+00,  0.2384153E+06,  0.3180905E+07,  0.0000000E+00,  0.2330843E+07,  0.1692668E+06,  0.0000000E+00,  0.0000000E+00,  0.0000000E+00,  0.8501014E+09,  0.1166074E+09,  0.1156761E+09,  0.1836045E+11,  0.0000000E+00,  0.4422695E+09,  0.0000000E+00,  0.0000000E+00,  0.0000000E+00,  0.0000000E+00,  0.2024784E+08,  0.7456127E+05,  0.0000000E+00,  0.0000000E+00,  0.0000000E+00,  0.2369551E+07,  0.0000000E+00,  0.1527401E+05,  0.1610068E+06,  0.1253211E+05,  0.4866415E+04,  0.0000000E+00,  0.0000000E+00,  0.0000000E+00,  0.3236980E+07,  0.1786409E+07,  0.5135870E+07,  0.0000000E+00,  204
01/04/2013,  0.2615352E+08,  0.0000000E+00,  0.2038415E+06,  0.2914793E+07,  0.0000000E+00,  0.2452372E+07,  0.1280520E+06,  0.0000000E+00,  0.0000000E+00,  0.0000000E+00,  0.8496490E+09,  0.1103175E+09,  0.1138753E+09,  0.1836108E+11,  0.0000000E+00,  0.4422742E+09,  0.0000000E+00,  0.0000000E+00,  0.0000000E+00,  0.0000000E+00,  0.2091053E+08,  0.4121486E+05,  0.0000000E+00,  0.0000000E+00,  0.0000000E+00,  0.2465863E+07,  0.0000000E+00,  0.1635159E+05,  0.1599540E+06,  0.1358954E+05,  0.4147960E+04,  0.0000000E+00,  0.0000000E+00,  0.0000000E+00,  0.2897251E+07,  0.1743574E+07,  0.4682445E+07,  0.0000000E+00,  205
01/05/2013,  0.3680619E+08,  0.7616864E+06,  0.2421640E+07,  0.7902228E+07,  0.0000000E+00,  0.2698097E+07,  0.2315842E+07,  0.0000000E+00,  0.0000000E+00,  0.0000000E+00,  0.8525205E+09,  0.1371499E+09,  0.1185562E+09,  0.1836266E+11,  0.0000000E+00,  0.4426297E+09,  0.0000000E+00,  0.5588736E+08,  0.0000000E+00,  0.0000000E+00,  0.2388442E+08,  0.0000000E+00,  0.0000000E+00,  0.0000000E+00,  0.0000000E+00,  0.1346551E+07,  0.0000000E+00,  0.1236970E+05,  0.1021957E+06,  0.1047605E+05,  0.1889979E+05,  0.1161260E+05,  0.0000000E+00,  0.0000000E+00,  0.1008184E+08,  0.1791766E+07,  0.5388619E+07,  0.4968335E+08,  215
01/06/2013,  0.3072741E+08,  0.8907538E+05,  0.3375058E+06,  0.3691649E+07,  0.0000000E+00,  0.2218112E+07,  0.2315842E+07,  0.0000000E+00,  0.0000000E+00,  0.0000000E+00,  0.8529251E+09,  0.1327067E+09,  0.1197853E+09,  0.1836384E+11,  0.0000000E+00,  0.4426357E+09,  0.0000000E+00,  0.6555146E+07,  0.0000000E+00,  0.0000000E+00,  0.2420582E+08,  0.0000000E+00,  0.0000000E+00,  0.0000000E+00,  0.0000000E+00,  0.1000117E+07,  0.0000000E+00,  0.6195464E+04,  0.7533031E+05,  0.4935667E+04,  0.7353003E+04,  0.1154148E+04,  0.0000000E+00,  0.0000000E+00,  0.6652128E+07,  0.1769673E+07,  0.5414437E+07,  0.5880512E+07,  207
01/07/2013,  0.2695397E+08,  0.0000000E+00,  0.2593186E+06,  0.3373928E+07,  0.0000000E+00,  0.2323307E+07,  0.1199262E+07,  0.0000000E+00,  0.0000000E+00,  0.0000000E+00,  0.8519182E+09,  0.1253794E+09,  0.1190443E+09,  0.1836484E+11,  0.0000000E+00,  0.4426276E+09,  0.0000000E+00,  0.0000000E+00,  0.0000000E+00,  0.0000000E+00,  0.2105222E+08,  0.1116580E+07,  0.0000000E+00,  0.0000000E+00,  0.0000000E+00,  0.1986050E+07,  0.0000000E+00,  0.1990404E+05,  0.1412750E+06,  0.1682167E+05,  0.5598230E+04,  0.0000000E+00,  0.0000000E+00,  0.0000000E+00,  0.4443810E+07,  0.1734454E+07,  0.5164501E+07,  0.0000000E+00,  213
01/08/2013,  0.2525561E+08,  0.0000000E+00,  0.2207384E+06,  0.3128376E+07,  0.0000000E+00,  0.2426930E+07,  0.5097685E+06,  0.0000000E+00,  0.0000000E+00,  0.0000000E+00,  0.8516112E+09,  0.1182097E+09,  0.1177958E+09,  0.1836565E+11,  0.0000000E+00,  0.4426387E+09,  0.0000000E+00,  0.0000000E+00,  0.0000000E+00,  0.0000000E+00,  0.1976314E+08,  0.6894936E+06,  0.0000000E+00,  0.0000000E+00,  0.0000000E+00,  0.2193724E+07,  0.0000000E+00,  0.2143024E+05,  0.1761854E+06,  0.1806404E+05,  0.4715531E+04,  0.0000000E+00,  0.0000000E+00,  0.0000000E+00,  0.3635460E+07,  0.1706260E+07,  0.4862857E+07,  0.0000000E+00,  207
01/09/2013,  0.2561412E+08,  0.7821648E+05,  0.2599033E+06,  0.3169156E+07,  0.0000000E+00,  0.2530693E+07,  0.2273275E+07,  0.0000000E+00,  0.0000000E+00,  0.0000000E+00,  0.8527058E+09,  0.1154245E+09,  0.1172130E+09,  0.1836648E+11,  0.0000000E+00,  0.4427094E+09,  0.0000000E+00,  0.7626735E+07,  0.0000000E+00,  0.0000000E+00,  0.2008022E+08,  0.0000000E+00,  0.0000000E+00,  0.0000000E+00,  0.0000000E+00,  0.1167623E+07,  0.0000000E+00,  0.9271950E+04,  0.8738177E+05,  0.7472761E+04,  0.4257778E+04,  0.1350244E+04,  0.0000000E+00,  0.0000000E+00,  0.4127393E+07,  0.1711992E+07,  0.4701223E+07,  0.5325758E+07,  210
01/10/2013,  0.2419038E+08,  0.0000000E+00,  0.1961106E+06,  0.2859754E+07,  0.0000000E+00,  0.2569889E+07,  0.1625742E+07,  0.0000000E+00,  0.0000000E+00,  0.0000000E+00,  0.8526215E+09,  0.1100056E+09,  0.1158219E+09,  0.1836701E+11,  0.0000000E+00,  0.4427344E+09,  0.0000000E+00,  0.0000000E+00,  0.0000000E+00,  0.0000000E+00,  0.1914797E+08,  0.6475337E+06,  0.0000000E+00,  0.0000000E+00,  0.0000000E+00,  0.1173635E+07,  0.0000000E+00,  0.1575986E+05,  0.8245454E+05,  0.1343206E+05,  0.3580182E+04,  0.0000000E+00,  0.0000000E+00,  0.0000000E+00,  0.2947406E+07,  0.1677307E+07,  0.4324024E+07,  0.0000000E+00,  255
01/11/2013,  0.2421089E+08,  0.1427205E+06,  0.2878922E+06,  0.3114570E+07,  0.0000000E+00,  0.2660972E+07,  0.2315842E+07,  0.0000000E+00,  0.0000000E+00,  0.0000000E+00,  0.8531020E+09,  0.1112608E+09,  0.1167327E+09,  0.1836761E+11,  0.0000000E+00,  0.4428142E+09,  0.0000000E+00,  0.1135186E+08,  0.0000000E+00,  0.0000000E+00,  0.1876954E+08,  0.0000000E+00,  0.0000000E+00,  0.0000000E+00,  0.0000000E+00,  0.8687116E+06,  0.0000000E+00,  0.7971207E+04,  0.6540044E+05,  0.6531062E+04,  0.3499266E+04,  0.1772488E+04,  0.0000000E+00,  0.0000000E+00,  0.5185993E+07,  0.1665032E+07,  0.4267781E+07,  0.9531245E+07,  211
01/12/2013,  0.2436467E+08,  0.0000000E+00,  0.1842139E+06,  0.2717578E+07,  0.0000000E+00,  0.2652285E+07,  0.1758556E+07,  0.0000000E+00,  0.0000000E+00,  0.0000000E+00,  0.8529203E+09,  0.1064031E+09,  0.1154317E+09,  0.1836802E+11,  0.0000000E+00,  0.4428481E+09,  0.0000000E+00,  0.0000000E+00,  0.0000000E+00,  0.0000000E+00,  0.1953331E+08,  0.5572859E+06,  0.0000000E+00,  0.0000000E+00,  0.0000000E+00,  0.1002373E+07,  0.0000000E+00,  0.1222651E+05,  0.7091946E+05,  0.1030321E+05,  0.3026919E+04,  0.0000000E+00,  0.0000000E+00,  0.0000000E+00,  0.2764376E+07,  0.1632179E+07,  0.4058206E+07,  0.0000000E+00,   38
01/13/2013,  0.2398478E+08,  0.0000000E+00,  0.1623310E+06,  0.2531827E+07,  0.0000000E+00,  0.2750469E+07,  0.1077911E+07,  0.0000000E+00,  0.0000000E+00,  0.0000000E+00,  0.8525497E+09,  0.1019355E+09,  0.1140601E+09,  0.1836831E+11,  0.0000000E+00,  0.4428854E+09,  0.0000000E+00,  0.0000000E+00,  0.0000000E+00,  0.0000000E+00,  0.1962230E+08,  0.6806452E+06,  0.0000000E+00,  0.0000000E+00,  0.0000000E+00,  0.1266208E+07,  0.0000000E+00,  0.1577955E+05,  0.9137242E+05,  0.1333992E+05,  0.2649950E+04,  0.0000000E+00,  0.0000000E+00,  0.0000000E+00,  0.2482885E+07,  0.1607634E+07,  0.3840357E+07,  0.0000000E+00,   28
01/14/2013,  0.2103950E+08,  0.0000000E+00,  0.1446956E+06,  0.2352649E+07,  0.0000000E+00,  0.2709729E+07,  0.5750357E+06,  0.0000000E+00,  0.0000000E+00,  0.0000000E+00,  0.8519861E+09,  0.9770214E+08,  0.1125904E+09,  0.1836848E+11,  0.0000000E+00,  0.4429123E+09,  0.0000000E+00,  0.0000000E+00,  0.0000000E+00,  0.0000000E+00,  0.1662077E+08,  0.5028749E+06,  0.0000000E+00,  0.0000000E+00,  0.0000000E+00,  0.1593277E+07,  0.0000000E+00,  0.1284162E+05,  0.1217968E+06,  0.1057071E+05,  0.2354105E+04,  0.0000000E+00,  0.0000000E+00,  0.0000000E+00,  0.2270602E+07,  0.1566621E+07,  0.3728225E+07,  0.0000000E+00,   60
01/15/2013,  0.1951650E+08,  0.0000000E+00,  0.1296063E+06,  0.2186991E+07,  0.0000000E+00,  0.2784209E+07,  0.3246869E+06,  0.0000000E+00,  0.0000000E+00,  0.0000000E+00,  0.8509226E+09,  0.9356877E+08,  0.1111845E+09,  0.1836854E+11,  0.0000000E+00,  0.4429393E+09,  0.0000000E+00,  0.0000000E+00,  0.0000000E+00,  0.0000000E+00,  0.1511741E+08,  0.2503488E+06,  0.0000000E+00,  0.0000000E+00,  0.0000000E+00,  0.2297548E+07,  0.0000000E+00,  0.1326379E+05,  0.1449519E+06,  0.1065369E+05,  0.2101462E+04,  0.0000000E+00,  0.0000000E+00,  0.0000000E+00,  0.2113483E+07,  0.1532804E+07,  0.3506936E+07,  0.0000000E+00,   31
01/16/2013,  0.1475433E+08,  0.0000000E+00,  0.1147090E+06,  0.2007786E+07,  0.0000000E+00,  0.2668658E+07,  0.1797250E+06,  0.0000000E+00,  0.0000000E+00,  0.0000000E+00,  0.8498286E+09,  0.8921398E+08,  0.1098395E+09,  0.1836835E+11,  0.0000000E+00,  0.4429430E+09,  0.0000000E+00,  0.0000000E+00,  0.0000000E+00,  0.0000000E+00,  0.1077322E+08,  0.1449619E+06,  0.0000000E+00,  0.0000000E+00,  0.0000000E+00,  0.2842498E+07,  0.0000000E+00,  0.1514490E+05,  0.1511810E+06,  0.1204851E+05,  0.1836372E+04,  0.0000000E+00,  0.0000000E+00,  0.0000000E+00,  0.1959715E+07,  0.1477131E+07,  0.3290636E+07,  0.0000000E+00,  338
01/17/2013,  0.1442569E+08,  0.0000000E+00,  0.1045665E+06,  0.1843344E+07,  0.0000000E+00,  0.2831109E+07,  0.1126970E+06,  0.0000000E+00,  0.0000000E+00,  0.0000000E+00,  0.8486627E+09,  0.8478467E+08,  0.1085208E+09,  0.1836821E+11,  0.0000000E+00,  0.4429493E+09,  0.0000000E+00,  0.0000000E+00,  0.0000000E+00,  0.0000000E+00,  0.1040602E+08,  0.6702795E+05,  0.0000000E+00,  0.0000000E+00,  0.0000000E+00,  0.3272597E+07,  0.0000000E+00,  0.1813541E+05,  0.1500372E+06,  0.1473739E+05,  0.1627209E+04,  0.0000000E+00,  0.0000000E+00,  0.0000000E+00,  0.1812696E+07,  0.1439238E+07,  0.3114423E+07,  0.0000000E+00,   27
01/18/2013,  0.1005511E+08,  0.0000000E+00,  0.9652891E+05,  0.1682486E+07,  0.0000000E+00,  0.2658100E+07,  0.8456980E+05,  0.0000000E+00,  0.0000000E+00,  0.0000000E+00,  0.8475005E+09,  0.8035379E+08,  0.1072149E+09,  0.1836786E+11,  0.0000000E+00,  0.4429327E+09,  0.0000000E+00,  0.0000000E+00,  0.0000000E+00,  0.0000000E+00,  0.6307200E+07,  0.2812722E+05,  0.0000000E+00,  0.0000000E+00,  0.0000000E+00,  0.3515017E+07,  0.0000000E+00,  0.2013578E+05,  0.1500492E+06,  0.1662393E+05,  0.1418472E+04,  0.0000000E+00,  0.0000000E+00,  0.0000000E+00,  0.1682919E+07,  0.1385192E+07,  0.2969892E+07,  0.0000000E+00,   38
01/19/2013,  0.8825150E+07,  0.0000000E+00,  0.9181768E+05,  0.1542476E+07,  0.0000000E+00,  0.2807008E+07,  0.7041045E+05,  0.0000000E+00,  0.0000000E+00,  0.0000000E+00,  0.8465417E+09,  0.7602637E+08,  0.1059572E+09,  0.1836757E+11,  0.0000000E+00,  0.4429127E+09,  0.0000000E+00,  0.0000000E+00,  0.0000000E+00,  0.0000000E+00,  0.5586624E+07,  0.1415936E+05,  0.0000000E+00,  0.0000000E+00,  0.0000000E+00,  0.3426094E+07,  0.0000000E+00,  0.1864252E+05,  0.1348373E+06,  0.1553503E+05,  0.1238368E+04,  0.0000000E+00,  0.0000000E+00,  0.0000000E+00,  0.1591494E+07,  0.1349225E+07,  0.2831955E+07,  0.0000000E+00,   41
01/20/2013,  0.8845480E+07,  0.0000000E+00,  0.8842596E+05,  0.1426767E+07,  0.0000000E+00,  0.2917544E+07,  0.6059996E+05,  0.0000000E+00,  0.0000000E+00,  0.0000000E+00,  0.8452845E+09,  0.7198371E+08,  0.1046993E+09,  0.1836732E+11,  0.0000000E+00,  0.4428981E+09,  0.0000000E+00,  0.0000000E+00,  0.0000000E+00,  0.0000000E+00,  0.5859648E+07,  0.9810489E+04,  0.0000000E+00,  0.0000000E+00,  0.0000000E+00,  0.3641439E+07,  0.0000000E+00,  0.1946419E+05,  0.1310531E+06,  0.1659220E+05,  0.1078822E+04,  0.0000000E+00,  0.0000000E+00,  0.0000000E+00,  0.1483482E+07,  0.1324202E+07,  0.2723284E+07,  0.0000000E+00,   48
01/21/2013,  0.8749614E+07,  0.0000000E+00,  0.8370193E+05,  0.1318501E+07,  0.0000000E+00,  0.2977841E+07,  0.5343188E+05,  0.0000000E+00,  0.0000000E+00,  0.0000000E+00,  0.8441897E+09,  0.6799596E+08,  0.1035073E+09,  0.1836702E+11,  0.0000000E+00,  0.4428854E+09,  0.0000000E+00,  0.0000000E+00,  0.0000000E+00,  0.0000000E+00,  0.5907168E+07,  0.7168080E+04,  0.0000000E+00,  0.0000000E+00,  0.0000000E+00,  0.3595573E+07,  0.0000000E+00,  0.1910399E+05,  0.1329437E+06,  0.1662224E+05,  0.9372899E+03,  0.0000000E+00,  0.0000000E+00,  0.0000000E+00,  0.1390353E+07,  0.1290139E+07,  0.2564743E+07,  0.0000000E+00,   32
01/22/2013,  0.8367690E+07,  0.0000000E+00,  0.8110421E+05,  0.1223377E+07,  0.0000000E+00,  0.3040567E+07,  0.4686376E+05,  0.0000000E+00,  0.0000000E+00,  0.0000000E+00,  0.8424562E+09,  0.6420221E+08,  0.1023798E+09,  0.1836667E+11,  0.0000000E+00,  0.4428731E+09,  0.0000000E+00,  0.0000000E+00,  0.0000000E+00,  0.0000000E+00,  0.5727456E+07,  0.6568117E+04,  0.0000000E+00,  0.0000000E+00,  0.0000000E+00,  0.4171884E+07,  0.0000000E+00,  0.2669382E+05,  0.1388668E+06,  0.2404158E+05,  0.8109096E+03,  0.0000000E+00,  0.0000000E+00,  0.0000000E+00,  0.1321916E+07,  0.1255872E+07,  0.2424186E+07,  0.0000000E+00,   46
01/23/2013,  0.8649961E+07,  0.1665815E+06,  0.8355400E+05,  0.1315275E+07,  0.0000000E+00,  0.3172907E+07,  0.2315842E+07,  0.0000000E+00,  0.0000000E+00,  0.0000000E+00,  0.8457692E+09,  0.6718950E+08,  0.1020190E+09,  0.1836654E+11,  0.0000000E+00,  0.4429534E+09,  0.0000000E+00,  0.1434555E+08,  0.0000000E+00,  0.0000000E+00,  0.5876064E+07,  0.0000000E+00,  0.0000000E+00,  0.0000000E+00,  0.0000000E+00,  0.2533083E+07,  0.0000000E+00,  0.1270786E+05,  0.1981743E+06,  0.1046158E+05,  0.9732607E+03,  0.3187275E+04,  0.0000000E+00,  0.0000000E+00,  0.2233600E+07,  0.1262195E+07,  0.2583091E+07,  0.1118900E+08,   24
01/24/2013,  0.1749780E+08,  0.8237084E+06,  0.5974629E+06,  0.3701122E+07,  0.0000000E+00,  0.3542857E+07,  0.2315842E+07,  0.0000000E+00,  0.0000000E+00,  0.0000000E+00,  0.8519558E+09,  0.1004731E+09,  0.1074174E+09,  0.1836723E+11,  0.0000000E+00,  0.4434571E+09,  0.0000000E+00,  0.5856496E+08,  0.0000000E+00,  0.0000000E+00,  0.1169770E+08,  0.0000000E+00,  0.0000000E+00,  0.0000000E+00,  0.0000000E+00,  0.2202791E+07,  0.0000000E+00,  0.1885102E+05,  0.1696560E+06,  0.1398669E+05,  0.2308339E+05,  0.1315147E+05,  0.0000000E+00,  0.0000000E+00,  0.8476827E+07,  0.1297975E+07,  0.3060249E+07,  0.5315661E+08,   60
01/25/2013,  0.1247714E+08,  0.3855371E+05,  0.9778381E+05,  0.2024651E+07,  0.0000000E+00,  0.2873196E+07,  0.2213322E+07,  0.0000000E+00,  0.0000000E+00,  0.0000000E+00,  0.8499830E+09,  0.9605126E+08,  0.1081449E+09,  0.1836742E+11,  0.0000000E+00,  0.4434261E+09,  0.0000000E+00,  0.2748155E+07,  0.0000000E+00,  0.0000000E+00,  0.8461152E+07,  0.1025193E+06,  0.0000000E+00,  0.0000000E+00,  0.0000000E+00,  0.4103478E+07,  0.0000000E+00,  0.3670682E+05,  0.2837529E+06,  0.2879170E+05,  0.5138636E+04,  0.6134251E+03,  0.0000000E+00,  0.0000000E+00,  0.4035306E+07,  0.1271071E+07,  0.3272093E+07,  0.2583452E+07, 1118
01/26/2013,  0.9790436E+07,  0.0000000E+00,  0.8637220E+05,  0.1780053E+07,  0.0000000E+00,  0.3023752E+07,  0.1140040E+07,  0.0000000E+00,  0.0000000E+00,  0.0000000E+00,  0.8514811E+09,  0.8930854E+08,  0.1077437E+09,  0.1836762E+11,  0.0000000E+00,  0.4434056E+09,  0.0000000E+00,  0.0000000E+00,  0.0000000E+00,  0.0000000E+00,  0.6546528E+07,  0.1073283E+07,  0.0000000E+00,  0.0000000E+00,  0.0000000E+00,  0.2051670E+07,  0.0000000E+00,  0.2652598E+05,  0.1174304E+06,  0.2196370E+05,  0.3742669E+04,  0.0000000E+00,  0.0000000E+00,  0.0000000E+00,  0.2597292E+07,  0.1257462E+07,  0.2973827E+07,  0.0000000E+00,   90
01/27/2013,  0.9402385E+07,  0.0000000E+00,  0.8611263E+05,  0.1671212E+07,  0.0000000E+00,  0.3082892E+07,  0.4566743E+06,  0.0000000E+00,  0.0000000E+00,  0.0000000E+00,  0.8508108E+09,  0.8499098E+08,  0.1070567E+09,  0.1836778E+11,  0.0000000E+00,  0.4434009E+09,  0.0000000E+00,  0.0000000E+00,  0.0000000E+00,  0.0000000E+00,  0.6269184E+07,  0.6833652E+06,  0.0000000E+00,  0.0000000E+00,  0.0000000E+00,  0.2287724E+07,  0.6208819E-05,  0.2545312E+05,  0.1398597E+06,  0.2082183E+05,  0.3118826E+04,  0.0000000E+00,  0.0000000E+00,  0.0000000E+00,  0.2206741E+07,  0.1250290E+07,  0.2870443E+07,  0.0000000E+00,   20
01/28/2013,  0.7362784E+07,  0.0000000E+00,  0.8101759E+05,  0.1554639E+07,  0.0000000E+00,  0.2917763E+07,  0.2007681E+06,  0.0000000E+00,  0.0000000E+00,  0.0000000E+00,  0.8493256E+09,  0.8093235E+08,  0.1062620E+09,  0.1836765E+11,  0.0000000E+00,  0.4433896E+09,  0.0000000E+00,  0.0000000E+00,  0.0000000E+00,  0.0000000E+00,  0.4296672E+07,  0.2559061E+06,  0.0000000E+00,  0.0000000E+00,  0.0000000E+00,  0.3203878E+07,  0.0000000E+00,  0.2883353E+05,  0.1591319E+06,  0.2326961E+05,  0.2729653E+04,  0.0000000E+00,  0.0000000E+00,  0.0000000E+00,  0.1935594E+07,  0.1217532E+07,  0.2703600E+07,  0.0000000E+00,  672
01/29/2013,  0.7121043E+07,  0.0000000E+00,  0.7577352E+05,  0.1428000E+07,  0.0000000E+00,  0.3034584E+07,  0.8965852E+05,  0.0000000E+00,  0.0000000E+00,  0.0000000E+00,  0.8477423E+09,  0.7669693E+08,  0.1052972E+09,  0.1836758E+11,  0.0000000E+00,  0.4433783E+09,  0.0000000E+00,  0.0000000E+00,  0.0000000E+00,  0.0000000E+00,  0.4324320E+07,  0.1111096E+06,  0.0000000E+00,  0.0000000E+00,  0.0000000E+00,  0.3844345E+07,  0.0000000E+00,  0.3000268E+05,  0.1636857E+06,  0.2472454E+05,  0.2308477E+04,  0.0000000E+00,  0.0000000E+00,  0.0000000E+00,  0.1684086E+07,  0.1199575E+07,  0.2621307E+07,  0.0000000E+00,  213
01/30/2013,  0.6200451E+07,  0.0000000E+00,  0.7350982E+05,  0.1308518E+07,  0.0000000E+00,  0.2828578E+07,  0.6013771E+05,  0.0000000E+00,  0.0000000E+00,  0.0000000E+00,  0.8461370E+09,  0.7234132E+08,  0.1043051E+09,  0.1836728E+11,  0.0000000E+00,  0.4433449E+09,  0.0000000E+00,  0.0000000E+00,  0.0000000E+00,  0.0000000E+00,  0.3353184E+07,  0.2952081E+05,  0.0000000E+00,  0.0000000E+00,  0.0000000E+00,  0.4227459E+07,  0.0000000E+00,  0.2833809E+05,  0.1604012E+06,  0.2375229E+05,  0.1980386E+04,  0.0000000E+00,  0.0000000E+00,  0.0000000E+00,  0.1540090E+07,  0.1174839E+07,  0.2506184E+07,  0.0000000E+00,  518
01/31/2013,  0.5977826E+07,  0.0000000E+00,  0.6874686E+05,  0.1199246E+07,  0.0000000E+00,  0.2962139E+07,  0.4500609E+05,  0.0000000E+00,  0.0000000E+00,  0.0000000E+00,  0.8446987E+09,  0.6797526E+08,  0.1033272E+09,  0.1836703E+11,  0.0000000E+00,  0.4433163E+09,  0.0000000E+00,  0.0000000E+00,  0.0000000E+00,  0.0000000E+00,  0.3409344E+07,  0.1513162E+05,  0.0000000E+00,  0.0000000E+00,  0.0000000E+00,  0.4295124E+07,  0.0000000E+00,  0.2680987E+05,  0.1522197E+06,  0.2300198E+05,  0.1706410E+04,  0.0000000E+00,  0.0000000E+00,  0.0000000E+00,  0.1403260E+07,  0.1148163E+07,  0.2356874E+07,  0.0000000E+00,  770
02/01/2013,  0.5432669E+07,  0.2031189E+06,  0.2864075E+06,  0.1815641E+07,  0.0000000E+00,  0.3075773E+07,  0.5132295E+06,  0.0000000E+00,  0.0000000E+00,  0.0000000E+00,  0.8444608E+09,  0.7379058E+08,  0.1041991E+09,  0.1836686E+11,  0.0000000E+00,  0.4433476E+09,  0.0000000E+00,  0.1791291E+08,  0.0000000E+00,  0.0000000E+00,  0.1967328E+07,  0.6654062E+04,  0.0000000E+00,  0.0000000E+00,  0.0000000E+00,  0.4554535E+07,  0.0000000E+00,  0.2994381E+05,  0.1794218E+06,  0.2612703E+05,  0.1478190E+04,  0.0000000E+00,  0.0000000E+00,  0.0000000E+00,  0.3241567E+07,  0.1138609E+07,  0.2341749E+07,  0.1432327E+08,  221
02/02/2013,  0.5544250E+07,  0.0000000E+00,  0.7018699E+05,  0.1218442E+07,  0.0000000E+00,  0.2702339E+07,  0.1640383E+06,  0.0000000E+00,  0.0000000E+00,  0.0000000E+00,  0.8433603E+09,  0.6839615E+08,  0.1038333E+09,  0.1836642E+11,  0.0000000E+00,  0.4432884E+09,  0.0000000E+00,  0.0000000E+00,  0.0000000E+00,  0.0000000E+00,  0.2776032E+07,  0.3491912E+06,  0.0000000E+00,  0.0000000E+00,  0.0000000E+00,  0.4378631E+07,  0.0000000E+00,  0.3186230E+05,  0.1472202E+06,  0.2881189E+05,  0.1271551E+04,  0.0000000E+00,  0.0000000E+00,  0.0000000E+00,  0.1950465E+07,  0.1109401E+07,  0.2286283E+07,  0.0000000E+00,  430
02/03/2013,  0.5539124E+07,  0.0000000E+00,  0.6768638E+05,  0.1116441E+07,  0.0000000E+00,  0.2783979E+07,  0.6674387E+05,  0.0000000E+00,  0.0000000E+00,  0.0000000E+00,  0.8422974E+09,  0.6377525E+08,  0.1032705E+09,  0.1836605E+11,  0.0000000E+00,  0.4432221E+09,  0.0000000E+00,  0.0000000E+00,  0.0000000E+00,  0.0000000E+00,  0.3013632E+07,  0.9729444E+05,  0.0000000E+00,  0.0000000E+00,  0.0000000E+00,  0.3975423E+07,  0.0000000E+00,  0.2608858E+05,  0.1285451E+06,  0.2405104E+05,  0.1087079E+04,  0.0000000E+00,  0.0000000E+00,  0.0000000E+00,  0.1622515E+07,  0.1084896E+07,  0.2160919E+07,  0.0000000E+00,  353
02/04/2013,  0.4974772E+07,  0.0000000E+00,  0.7180492E+05,  0.1033208E+07,  0.0000000E+00,  0.2795975E+07,  0.3523275E+05,  0.0000000E+00,  0.0000000E+00,  0.0000000E+00,  0.8399631E+09,  0.5981490E+08,  0.1024817E+09,  0.1836572E+11,  0.0000000E+00,  0.4431564E+09,  0.0000000E+00,  0.0000000E+00,  0.0000000E+00,  0.0000000E+00,  0.2600640E+07,  0.3151112E+05,  0.0000000E+00,  0.0000000E+00,  0.0000000E+00,  0.4895569E+07,  0.0000000E+00,  0.3358215E+05,  0.1474745E+06,  0.3229221E+05,  0.9352767E+03,  0.0000000E+00,  0.0000000E+00,  0.0000000E+00,  0.1379815E+07,  0.1072797E+07,  0.2137086E+07,  0.0000000E+00,  362
02/05/2013,  0.4319328E+07,  0.0000000E+00,  0.6641689E+05,  0.9476116E+06,  0.0000000E+00,  0.2786068E+07,  0.2819096E+05,  0.0000000E+00,  0.0000000E+00,  0.0000000E+00,  0.8394967E+09,  0.5582196E+08,  0.1016064E+09,  0.1836540E+11,  0.0000000E+00,  0.4431013E+09,  0.0000000E+00,  0.0000000E+00,  0.0000000E+00,  0.0000000E+00,  0.2071872E+07,  0.7041788E+04,  0.0000000E+00,  0.0000000E+00,  0.0000000E+00,  0.3312454E+07,  0.0000000E+00,  0.2303637E+05,  0.1065355E+06,  0.2297719E+05,  0.7905986E+03,  0.0000000E+00,  0.0000000E+00,  0.0000000E+00,  0.1192080E+07,  0.1046431E+07,  0.2046574E+07,  0.0000000E+00,  637
02/06/2013,  0.4391052E+07,  0.0000000E+00,  0.6554431E+05,  0.8944637E+06,  0.0000000E+00,  0.2785643E+07,  0.2276862E+05,  0.0000000E+00,  0.0000000E+00,  0.0000000E+00,  0.8376491E+09,  0.5299788E+08,  0.1007344E+09,  0.1836504E+11,  0.0000000E+00,  0.4430437E+09,  0.0000000E+00,  0.0000000E+00,  0.0000000E+00,  0.0000000E+00,  0.2238624E+07,  0.5422343E+04,  0.0000000E+00,  0.0000000E+00,  0.0000000E+00,  0.3644520E+07,  0.0000000E+00,  0.2486559E+05,  0.1083306E+06,  0.2557236E+05,  0.7037968E+03,  0.0000000E+00,  0.0000000E+00,  0.0000000E+00,  0.1107119E+07,  0.1027482E+07,  0.1956507E+07,  0.0000000E+00,  420
02/07/2013,  0.4710124E+07,  0.2236741E+06,  0.6945169E+05,  0.1028572E+07,  0.0000000E+00,  0.3022858E+07,  0.2315842E+07,  0.0000000E+00,  0.0000000E+00,  0.0000000E+00,  0.8430569E+09,  0.5881352E+08,  0.1007422E+09,  0.1836504E+11,  0.0000000E+00,  0.4430945E+09,  0.0000000E+00,  0.1870365E+08,  0.0000000E+00,  0.0000000E+00,  0.2433888E+07,  0.0000000E+00,  0.0000000E+00,  0.0000000E+00,  0.0000000E+00,  0.1869622E+07,  0.0000000E+00,  0.2086706E+05,  0.1233513E+06,  0.2049270E+05,  0.8383906E+03,  0.3780374E+04,  0.0000000E+00,  0.0000000E+00,  0.2165649E+07,  0.1077358E+07,  0.2139073E+07,  0.1526713E+08,  460
02/08/2013,  0.4913867E+07,  0.0000000E+00,  0.6203834E+05,  0.9479136E+06,  0.0000000E+00,  0.2852324E+07,  0.1330200E+07,  0.0000000E+00,  0.0000000E+00,  0.0000000E+00,  0.8422740E+09,  0.5667527E+08,  0.1000373E+09,  0.1836471E+11,  0.0000000E+00,  0.4430459E+09,  0.0000000E+00,  0.0000000E+00,  0.0000000E+00,  0.0000000E+00,  0.2810592E+07,  0.9856419E+06,  0.0000000E+00,  0.0000000E+00,  0.0000000E+00,  0.1752137E+07,  0.0000000E+00,  0.1986216E+05,  0.1026328E+06,  0.1839756E+05,  0.7737987E+03,  0.0000000E+00,  0.0000000E+00,  0.0000000E+00,  0.1216606E+07,  0.1045422E+07,  0.1905013E+07,  0.0000000E+00,  346
02/09/2013,  0.4899482E+07,  0.0000000E+00,  0.5814373E+05,  0.8998410E+06,  0.0000000E+00,  0.2830925E+07,  0.4323839E+06,  0.0000000E+00,  0.0000000E+00,  0.0000000E+00,  0.8409564E+09,  0.5467561E+08,  0.9928854E+08,  0.1836437E+11,  0.0000000E+00,  0.4429973E+09,  0.0000000E+00,  0.0000000E+00,  0.0000000E+00,  0.0000000E+00,  0.2867616E+07,  0.8978160E+06,  0.0000000E+00,  0.0000000E+00,  0.0000000E+00,  0.2268149E+07,  0.0000000E+00,  0.2188239E+05,  0.1117564E+06,  0.2021414E+05,  0.6789117E+03,  0.0000000E+00,  0.0000000E+00,  0.0000000E+00,  0.1132151E+07,  0.1029176E+07,  0.1861009E+07,  0.0000000E+00,  812
02/10/2013,  0.4759342E+07,  0.0000000E+00,  0.5630401E+05,  0.8519106E+06,  0.0000000E+00,  0.2820882E+07,  0.1444552E+06,  0.0000000E+00,  0.0000000E+00,  0.0000000E+00,  0.8389782E+09,  0.5249450E+08,  0.9856846E+08,  0.1836400E+11,  0.0000000E+00,  0.4429452E+09,  0.0000000E+00,  0.0000000E+00,  0.0000000E+00,  0.0000000E+00,  0.2800224E+07,  0.2879287E+06,  0.0000000E+00,  0.0000000E+00,  0.0000000E+00,  0.3188410E+07,  0.0000000E+00,  0.2475940E+05,  0.1122573E+06,  0.2265092E+05,  0.6066058E+03,  0.0000000E+00,  0.0000000E+00,  0.0000000E+00,  0.1074266E+07,  0.9999755E+06,  0.1771431E+07,  0.0000000E+00,  393
02/11/2013,  0.3743315E+07,  0.0000000E+00,  0.5369639E+05,  0.7987748E+06,  0.0000000E+00,  0.2784445E+07,  0.5821315E+05,  0.0000000E+00,  0.0000000E+00,  0.0000000E+00,  0.8369349E+09,  0.4999725E+08,  0.9780369E+08,  0.1836361E+11,  0.0000000E+00,  0.4428853E+09,  0.0000000E+00,  0.0000000E+00,  0.0000000E+00,  0.0000000E+00,  0.1833408E+07,  0.8624204E+05,  0.0000000E+00,  0.0000000E+00,  0.0000000E+00,  0.3686573E+07,  0.0000000E+00,  0.2495267E+05,  0.1071938E+06,  0.2376362E+05,  0.5384349E+03,  0.0000000E+00,  0.0000000E+00,  0.0000000E+00,  0.9913012E+06,  0.9784889E+06,  0.1732975E+07,  0.0000000E+00,  233
02/12/2013,  0.3667470E+07,  0.0000000E+00,  0.5132495E+05,  0.7472208E+06,  0.0000000E+00,  0.2770750E+07,  0.3492984E+05,  0.0000000E+00,  0.0000000E+00,  0.0000000E+00,  0.8348712E+09,  0.4734090E+08,  0.9706237E+08,  0.1836319E+11,  0.0000000E+00,  0.4428236E+09,  0.0000000E+00,  0.0000000E+00,  0.0000000E+00,  0.0000000E+00,  0.1833408E+07,  0.2328331E+05,  0.0000000E+00,  0.0000000E+00,  0.0000000E+00,  0.3957396E+07,  0.0000000E+00,  0.2375070E+05,  0.9944255E+05,  0.2332190E+05,  0.4850079E+03,  0.0000000E+00,  0.0000000E+00,  0.0000000E+00,  0.9247990E+06,  0.9495800E+06,  0.1644200E+07,  0.0000000E+00,  253
02/13/2013,  0.4040068E+07,  0.0000000E+00,  0.4930535E+05,  0.7005448E+06,  0.0000000E+00,  0.2754418E+07,  0.2109524E+05,  0.0000000E+00,  0.0000000E+00,  0.0000000E+00,  0.8320574E+09,  0.4465186E+08,  0.9631586E+08,  0.1836277E+11,  0.0000000E+00,  0.4427521E+09,  0.0000000E+00,  0.0000000E+00,  0.0000000E+00,  0.0000000E+00,  0.2274048E+07,  0.1383460E+05,  0.0000000E+00,  0.0000000E+00,  0.0000000E+00,  0.4817713E+07,  0.0000000E+00,  0.2808497E+05,  0.1069126E+06,  0.2900068E+05,  0.4379719E+03,  0.0000000E+00,  0.0000000E+00,  0.0000000E+00,  0.8677202E+06,  0.9216644E+06,  0.1587952E+07,  0.0000000E+00,  240
02/14/2013,  0.3948607E+07,  0.0000000E+00,  0.4742652E+05,  0.6531158E+06,  0.0000000E+00,  0.2710464E+07,  0.1351935E+05,  0.0000000E+00,  0.0000000E+00,  0.0000000E+00,  0.8289459E+09,  0.4176175E+08,  0.9553333E+08,  0.1836234E+11,  0.0000000E+00,  0.4426729E+09,  0.0000000E+00,  0.0000000E+00,  0.0000000E+00,  0.0000000E+00,  0.2223072E+07,  0.7575895E+04,  0.0000000E+00,  0.0000000E+00,  0.0000000E+00,  0.5407269E+07,  0.0000000E+00,  0.2747005E+05,  0.1144934E+06,  0.3022973E+05,  0.3930687E+03,  0.0000000E+00,  0.0000000E+00,  0.0000000E+00,  0.8014226E+06,  0.8972891E+06,  0.1558274E+07,  0.0000000E+00,  218
02/15/2013,  0.4155025E+07,  0.0000000E+00,  0.4777268E+05,  0.6069289E+06,  0.0000000E+00,  0.2695869E+07,  0.9632854E+04,  0.0000000E+00,  0.0000000E+00,  0.0000000E+00,  0.8259703E+09,  0.3881378E+08,  0.9478091E+08,  0.1836186E+11,  0.0000000E+00,  0.4425883E+09,  0.0000000E+00,  0.0000000E+00,  0.0000000E+00,  0.0000000E+00,  0.2495232E+07,  0.3886492E+04,  0.0000000E+00,  0.0000000E+00,  0.0000000E+00,  0.5411912E+07,  0.0000000E+00,  0.2757030E+05,  0.9183490E+05,  0.3264382E+05,  0.3534008E+03,  0.0000000E+00,  0.0000000E+00,  0.0000000E+00,  0.7307220E+06,  0.8638289E+06,  0.1457326E+07,  0.0000000E+00,  244
02/16/2013,  0.3509783E+07,  0.0000000E+00,  0.4633620E+05,  0.5656908E+06,  0.0000000E+00,  0.2669368E+07,  0.7216233E+04,  0.0000000E+00,  0.0000000E+00,  0.0000000E+00,  0.8228895E+09,  0.3617753E+08,  0.9409970E+08,  0.1836131E+11,  0.0000000E+00,  0.4425040E+09,  0.0000000E+00,  0.0000000E+00,  0.0000000E+00,  0.0000000E+00,  0.1903392E+07,  0.2416621E+04,  0.0000000E+00,  0.0000000E+00,  0.0000000E+00,  0.5276151E+07,  0.0000000E+00,  0.2648461E+05,  0.9831896E+05,  0.3384828E+05,  0.3163292E+03,  0.0000000E+00,  0.0000000E+00,  0.0000000E+00,  0.6625586E+06,  0.8243287E+06,  0.1318997E+07,  0.0000000E+00,  306
02/17/2013,  0.3894065E+07,  0.0000000E+00,  0.4443502E+05,  0.5299755E+06,  0.0000000E+00,  0.2671098E+07,  0.5661472E+04,  0.0000000E+00,  0.0000000E+00,  0.0000000E+00,  0.8201489E+09,  0.3386777E+08,  0.9342041E+08,  0.1836077E+11,  0.0000000E+00,  0.4424161E+09,  0.0000000E+00,  0.0000000E+00,  0.0000000E+00,  0.0000000E+00,  0.2355264E+07,  0.1554762E+04,  0.0000000E+00,  0.0000000E+00,  0.0000000E+00,  0.4673905E+07,  0.0000000E+00,  0.2369538E+05,  0.9138734E+05,  0.3211225E+05,  0.2827277E+03,  0.0000000E+00,  0.0000000E+00,  0.0000000E+00,  0.6050478E+06,  0.7942528E+06,  0.1262343E+07,  0.0000000E+00,  302
02/18/2013,  0.4495280E+07,  0.0000000E+00,  0.4510473E+05,  0.5009272E+06,  0.0000000E+00,  0.2668615E+07,  0.4730241E+04,  0.0000000E+00,  0.0000000E+00,  0.0000000E+00,  0.8181268E+09,  0.3196706E+08,  0.9275072E+08,  0.1836025E+11,  0.0000000E+00,  0.4423240E+09,  0.0000000E+00,  0.0000000E+00,  0.0000000E+00,  0.0000000E+00,  0.3004992E+07,  0.9312306E+03,  0.0000000E+00,  0.0000000E+00,  0.0000000E+00,  0.3590324E+07,  0.0000000E+00,  0.2085242E+05,  0.7145856E+05,  0.2987351E+05,  0.2548616E+03,  0.0000000E+00,  0.0000000E+00,  0.0000000E+00,  0.5615426E+06,  0.7668712E+06,  0.1212025E+07,  0.0000000E+00,  241
02/19/2013,  0.1719575E+08,  0.8793316E+06,  0.6744957E+05,  0.1634803E+07,  0.0000000E+00,  0.3759294E+07,  0.2315842E+07,  0.0000000E+00,  0.0000000E+00,  0.0000000E+00,  0.8427058E+09,  0.6219832E+08,  0.9427189E+08,  0.1836128E+11,  0.0000000E+00,  0.4426508E+09,  0.0000000E+00,  0.6650458E+08,  0.0000000E+00,  0.0000000E+00,  0.1465862E+08,  0.0000000E+00,  0.0000000E+00,  0.0000000E+00,  0.0000000E+00,  0.1047032E+07,  0.0000000E+00,  0.6895012E+04,  0.6903546E+05,  0.7472457E+04,  0.6646650E+04,  0.1352935E+05,  0.0000000E+00,  0.0000000E+00,  0.3558677E+07,  0.9714317E+06,  0.2032005E+07,  0.6014452E+08, 1517
02/20/2013,  0.5185586E+07,  0.0000000E+00,  0.4666406E+05,  0.9675093E+06,  0.0000000E+00,  0.2828638E+07,  0.8424730E+06,  0.0000000E+00,  0.0000000E+00,  0.0000000E+00,  0.8407165E+09,  0.5976570E+08,  0.9431934E+08,  0.1836097E+11,  0.0000000E+00,  0.4426003E+09,  0.0000000E+00,  0.0000000E+00,  0.0000000E+00,  0.0000000E+00,  0.3289248E+07,  0.1473369E+07,  0.0000000E+00,  0.0000000E+00,  0.0000000E+00,  0.2628668E+07,  0.0000000E+00,  0.2563237E+05,  0.1506595E+06,  0.2780730E+05,  0.1334393E+04,  0.0000000E+00,  0.0000000E+00,  0.0000000E+00,  0.1741357E+07,  0.9546799E+06,  0.1670165E+07,  0.0000000E+00,   81
02/21/2013,  0.3970657E+07,  0.0000000E+00,  0.4446031E+05,  0.8869129E+06,  0.0000000E+00,  0.2819852E+07,  0.1609120E+06,  0.0000000E+00,  0.0000000E+00,  0.0000000E+00,  0.8387745E+09,  0.5692862E+08,  0.9404886E+08,  0.1836066E+11,  0.0000000E+00,  0.4425358E+09,  0.0000000E+00,  0.0000000E+00,  0.0000000E+00,  0.0000000E+00,  0.2171232E+07,  0.6815611E+06,  0.0000000E+00,  0.0000000E+00,  0.0000000E+00,  0.3393043E+07,  0.0000000E+00,  0.2775391E+05,  0.1704119E+06,  0.2835468E+05,  0.9466794E+03,  0.0000000E+00,  0.0000000E+00,  0.0000000E+00,  0.1397953E+07,  0.9355155E+06,  0.1641877E+07,  0.0000000E+00,  166
02/22/2013,  0.4824916E+07,  0.5196978E+05,  0.4358557E+05,  0.8584161E+06,  0.0000000E+00,  0.2839628E+07,  0.1839202E+07,  0.0000000E+00,  0.0000000E+00,  0.0000000E+00,  0.8363310E+09,  0.5606293E+08,  0.9388705E+08,  0.1836041E+11,  0.0000000E+00,  0.4424738E+09,  0.0000000E+00,  0.5552859E+07,  0.0000000E+00,  0.0000000E+00,  0.3043008E+07,  0.0000000E+00,  0.0000000E+00,  0.0000000E+00,  0.0000000E+00,  0.5357546E+07,  0.0000000E+00,  0.3944741E+05,  0.2524794E+06,  0.3897614E+05,  0.7964960E+03,  0.1023482E+04,  0.0000000E+00,  0.0000000E+00,  0.1595065E+07,  0.9257377E+06,  0.1718623E+07,  0.3612074E+07,   34
02/23/2013,  0.4773505E+07,  0.0000000E+00,  0.4175056E+05,  0.7748864E+06,  0.0000000E+00,  0.2742392E+07,  0.4422510E+06,  0.0000000E+00,  0.0000000E+00,  0.0000000E+00,  0.8360399E+09,  0.5222131E+08,  0.9336586E+08,  0.1836011E+11,  0.0000000E+00,  0.4423906E+09,  0.0000000E+00,  0.0000000E+00,  0.0000000E+00,  0.0000000E+00,  0.3070656E+07,  0.1396951E+07,  0.0000000E+00,  0.0000000E+00,  0.0000000E+00,  0.3161845E+07,  0.6208819E-05,  0.2878459E+05,  0.1142335E+06,  0.3046880E+05,  0.7145673E+03,  0.0000000E+00,  0.0000000E+00,  0.0000000E+00,  0.1068140E+07,  0.9066181E+06,  0.1562639E+07,  0.0000000E+00,  331
02/24/2013,  0.4619354E+07,  0.0000000E+00,  0.4103997E+05,  0.7350483E+06,  0.0000000E+00,  0.2716116E+07,  0.7424382E+05,  0.0000000E+00,  0.0000000E+00,  0.0000000E+00,  0.8335310E+09,  0.4979683E+08,  0.9282487E+08,  0.1835979E+11,  0.0000000E+00,  0.4422989E+09,  0.0000000E+00,  0.0000000E+00,  0.0000000E+00,  0.0000000E+00,  0.2961792E+07,  0.3680072E+06,  0.0000000E+00,  0.0000000E+00,  0.0000000E+00,  0.4031257E+07,  0.0000000E+00,  0.2771689E+05,  0.1339332E+06,  0.2855647E+05,  0.6260869E+03,  0.0000000E+00,  0.0000000E+00,  0.0000000E+00,  0.1022047E+07,  0.8892095E+06,  0.1537098E+07,  0.0000000E+00,  128
02/25/2013,  0.3649446E+07,  0.0000000E+00,  0.4060162E+05,  0.6850770E+06,  0.0000000E+00,  0.2671178E+07,  0.2058818E+05,  0.0000000E+00,  0.0000000E+00,  0.0000000E+00,  0.8305126E+09,  0.4707676E+08,  0.9223729E+08,  0.1835943E+11,  0.0000000E+00,  0.4421976E+09,  0.0000000E+00,  0.0000000E+00,  0.0000000E+00,  0.0000000E+00,  0.2022624E+07,  0.5365565E+05,  0.0000000E+00,  0.0000000E+00,  0.0000000E+00,  0.4950481E+07,  0.0000000E+00,  0.3000505E+05,  0.1370253E+06,  0.3127119E+05,  0.5529615E+03,  0.0000000E+00,  0.0000000E+00,  0.0000000E+00,  0.9359905E+06,  0.8674727E+06,  0.1495168E+07,  0.0000000E+00,  105
02/26/2013,  0.3772464E+07,  0.0000000E+00,  0.4002850E+05,  0.6330582E+06,  0.0000000E+00,  0.2631367E+07,  0.7225322E+04,  0.0000000E+00,  0.0000000E+00,  0.0000000E+00,  0.8274544E+09,  0.4401000E+08,  0.9167033E+08,  0.1835900E+11,  0.0000000E+00,  0.4420908E+09,  0.0000000E+00,  0.0000000E+00,  0.0000000E+00,  0.0000000E+00,  0.2185920E+07,  0.1336285E+05,  0.0000000E+00,  0.0000000E+00,  0.0000000E+00,  0.5443561E+07,  0.0000000E+00,  0.3100501E+05,  0.1336979E+06,  0.3337818E+05,  0.4889554E+03,  0.0000000E+00,  0.0000000E+00,  0.0000000E+00,  0.8537824E+06,  0.8400197E+06,  0.1391235E+07,  0.0000000E+00,  107
02/27/2013,  0.4338831E+07,  0.0000000E+00,  0.3890296E+05,  0.5851046E+06,  0.0000000E+00,  0.2617953E+07,  0.2783046E+04,  0.0000000E+00,  0.0000000E+00,  0.0000000E+00,  0.8236201E+09,  0.4090979E+08,  0.9109546E+08,  0.1835854E+11,  0.0000000E+00,  0.4419739E+09,  0.0000000E+00,  0.0000000E+00,  0.0000000E+00,  0.0000000E+00,  0.2814912E+07,  0.4442275E+04,  0.0000000E+00,  0.0000000E+00,  0.0000000E+00,  0.6342834E+07,  0.0000000E+00,  0.3562180E+05,  0.1341274E+06,  0.4004435E+05,  0.4330540E+03,  0.0000000E+00,  0.0000000E+00,  0.0000000E+00,  0.7816364E+06,  0.8094684E+06,  0.1322368E+07,  0.0000000E+00,  150
02/28/2013,  0.3875765E+07,  0.0000000E+00,  0.3872406E+05,  0.5369463E+06,  0.0000000E+00,  0.2588683E+07,  0.1291137E+04,  0.0000000E+00,  0.0000000E+00,  0.0000000E+00,  0.8196577E+09,  0.3769697E+08,  0.9051548E+08,  0.1835806E+11,  0.0000000E+00,  0.4418528E+09,  0.0000000E+00,  0.0000000E+00,  0.0000000E+00,  0.0000000E+00,  0.2394144E+07,  0.1491909E+04,  0.0000000E+00,  0.0000000E+00,  0.0000000E+00,  0.6669606E+07,  0.0000000E+00,  0.3469462E+05,  0.1268979E+06,  0.4136846E+05,  0.3838219E+03,  0.0000000E+00,  0.0000000E+00,  0.0000000E+00,  0.7099775E+06,  0.7764567E+06,  0.1256686E+07,  0.0000000E+00,  101
03/01/2013,  0.4426775E+07,  0.0000000E+00,  0.3790493E+05,  0.4954957E+06,  0.0000000E+00,  0.2656955E+07,  0.6120321E+03,  0.0000000E+00,  0.0000000E+00,  0.0000000E+00,  0.8152617E+09,  0.3465935E+08,  0.8987820E+08,  0.1835766E+11,  0.0000000E+00,  0.4416301E+09,  0.0000000E+00,  0.0000000E+00,  0.0000000E+00,  0.0000000E+00,  0.2962656E+07,  0.6791048E+03,  0.0000000E+00,  0.0000000E+00,  0.0000000E+00,  0.7017703E+07,  0.0000000E+00,  0.3547883E+05,  0.1167466E+06,  0.4524099E+05,  0.3407931E+03,  0.0000000E+00,  0.0000000E+00,  0.0000000E+00,  0.6346160E+06,  0.7495862E+06,  0.1237794E+07,  0.0000000E+00,  116
03/02/2013,  0.4345242E+07,  0.0000000E+00,  0.3707964E+05,  0.4561530E+06,  0.0000000E+00,  0.2587412E+07,  0.3078994E+03,  0.0000000E+00,  0.0000000E+00,  0.0000000E+00,  0.8103861E+09,  0.3182080E+08,  0.8927704E+08,  0.1835715E+11,  0.0000000E+00,  0.4414576E+09,  0.0000000E+00,  0.0000000E+00,  0.0000000E+00,  0.0000000E+00,  0.2921184E+07,  0.3041326E+03,  0.0000000E+00,  0.0000000E+00,  0.0000000E+00,  0.7363754E+07,  0.0000000E+00,  0.3734734E+05,  0.1150636E+06,  0.5146660E+05,  0.3056983E+03,  0.0000000E+00,  0.0000000E+00,  0.0000000E+00,  0.5710272E+06,  0.7123591E+06,  0.1136142E+07,  0.0000000E+00,  122
03/03/2013,  0.4240487E+07,  0.0000000E+00,  0.3633479E+05,  0.4195935E+06,  0.0000000E+00,  0.2547708E+07,  0.1432016E+03,  0.0000000E+00,  0.0000000E+00,  0.0000000E+00,  0.8064403E+09,  0.2921771E+08,  0.8873043E+08,  0.1835656E+11,  0.0000000E+00,  0.4413102E+09,  0.0000000E+00,  0.0000000E+00,  0.0000000E+00,  0.0000000E+00,  0.2852928E+07,  0.1646978E+03,  0.0000000E+00,  0.0000000E+00,  0.0000000E+00,  0.6263115E+07,  0.0000000E+00,  0.3021304E+05,  0.1036017E+06,  0.4511461E+05,  0.2756147E+03,  0.0000000E+00,  0.0000000E+00,  0.0000000E+00,  0.5051442E+06,  0.6751518E+06,  0.1022819E+07,  0.0000000E+00,  102
03/04/2013,  0.3201225E+07,  0.0000000E+00,  0.3563980E+05,  0.3918813E+06,  0.0000000E+00,  0.2523632E+07,  0.5886825E+02,  0.0000000E+00,  0.0000000E+00,  0.0000000E+00,  0.8027539E+09,  0.2717503E+08,  0.8821056E+08,  0.1835593E+11,  0.0000000E+00,  0.4411731E+09,  0.0000000E+00,  0.0000000E+00,  0.0000000E+00,  0.0000000E+00,  0.1842912E+07,  0.8433332E+02,  0.0000000E+00,  0.0000000E+00,  0.0000000E+00,  0.5488095E+07,  0.0000000E+00,  0.2554054E+05,  0.1005594E+06,  0.3895247E+05,  0.2507524E+03,  0.0000000E+00,  0.0000000E+00,  0.0000000E+00,  0.4590138E+06,  0.6457640E+06,  0.9546047E+06,  0.0000000E+00,  137
03/05/2013,  0.4200436E+07,  0.2465286E+06,  0.3534816E+05,  0.4718773E+06,  0.0000000E+00,  0.2783514E+07,  0.2315842E+07,  0.0000000E+00,  0.0000000E+00,  0.0000000E+00,  0.8095823E+09,  0.3178135E+08,  0.8821312E+08,  0.1835573E+11,  0.0000000E+00,  0.4411450E+09,  0.0000000E+00,  0.2081666E+08,  0.0000000E+00,  0.0000000E+00,  0.2777760E+07,  0.0000000E+00,  0.0000000E+00,  0.0000000E+00,  0.0000000E+00,  0.4769175E+07,  0.0000000E+00,  0.3337655E+05,  0.2800418E+06,  0.4325168E+05,  0.8037099E+03,  0.4548479E+04,  0.0000000E+00,  0.0000000E+00,  0.1364253E+07,  0.6953702E+06,  0.1329537E+07,  0.1738085E+08,   38
03/06/2013,  0.4730423E+07,  0.0000000E+00,  0.3602402E+05,  0.4353353E+06,  0.0000000E+00,  0.2590505E+07,  0.6157641E+06,  0.0000000E+00,  0.0000000E+00,  0.0000000E+00,  0.8079669E+09,  0.3010308E+08,  0.8774929E+08,  0.1835524E+11,  0.0000000E+00,  0.4410114E+09,  0.0000000E+00,  0.0000000E+00,  0.0000000E+00,  0.0000000E+00,  0.3417120E+07,  0.1700078E+07,  0.0000000E+00,  0.0000000E+00,  0.0000000E+00,  0.2900745E+07,  0.6208819E-05,  0.2493748E+05,  0.1114525E+06,  0.3294485E+05,  0.4740998E+03,  0.0000000E+00,  0.0000000E+00,  0.0000000E+00,  0.5893733E+06,  0.6682646E+06,  0.1030007E+07,  0.0000000E+00,   38
03/07/2013,  0.4574092E+07,  0.4807894E+06,  0.4308506E+05,  0.7821699E+06,  0.0000000E+00,  0.3232270E+07,  0.2315842E+07,  0.0000000E+00,  0.0000000E+00,  0.0000000E+00,  0.8232698E+09,  0.4382665E+08,  0.8826070E+08,  0.1835569E+11,  0.0000000E+00,  0.4411282E+09,  0.0000000E+00,  0.3880086E+08,  0.0000000E+00,  0.0000000E+00,  0.3058560E+07,  0.0000000E+00,  0.0000000E+00,  0.0000000E+00,  0.0000000E+00,  0.2678980E+07,  0.0000000E+00,  0.1880378E+05,  0.1636881E+06,  0.2183741E+05,  0.2974891E+04,  0.6970546E+04,  0.0000000E+00,  0.0000000E+00,  0.2079436E+07,  0.7804606E+06,  0.1550397E+07,  0.3383258E+08,   54
03/08/2013,  0.4641404E+07,  0.0000000E+00,  0.3668766E+05,  0.6122138E+06,  0.0000000E+00,  0.2762884E+07,  0.2850516E+06,  0.0000000E+00,  0.0000000E+00,  0.0000000E+00,  0.8203120E+09,  0.4184260E+08,  0.8799836E+08,  0.1835532E+11,  0.0000000E+00,  0.4410581E+09,  0.0000000E+00,  0.0000000E+00,  0.0000000E+00,  0.0000000E+00,  0.3322944E+07,  0.2030790E+07,  0.0000000E+00,  0.0000000E+00,  0.0000000E+00,  0.4057150E+07,  0.0000000E+00,  0.3587435E+05,  0.1886700E+06,  0.4144837E+05,  0.1122177E+04,  0.0000000E+00,  0.0000000E+00,  0.0000000E+00,  0.9887261E+06,  0.7540692E+06,  0.1217260E+07,  0.0000000E+00,   34
03/09/2013,  0.4149236E+07,  0.0000000E+00,  0.3512388E+05,  0.5640915E+06,  0.0000000E+00,  0.2730648E+07,  0.9564078E+04,  0.0000000E+00,  0.0000000E+00,  0.0000000E+00,  0.8156708E+09,  0.3962519E+08,  0.8765003E+08,  0.1835492E+11,  0.0000000E+00,  0.4409935E+09,  0.0000000E+00,  0.0000000E+00,  0.0000000E+00,  0.0000000E+00,  0.2859840E+07,  0.2754876E+06,  0.0000000E+00,  0.0000000E+00,  0.0000000E+00,  0.6134198E+07,  0.0000000E+00,  0.3850583E+05,  0.1816219E+06,  0.4100933E+05,  0.8885187E+03,  0.0000000E+00,  0.0000000E+00,  0.0000000E+00,  0.8539498E+06,  0.7296383E+06,  0.1164761E+07,  0.0000000E+00,   77
03/10/2013,  0.4053419E+07,  0.0000000E+00,  0.3555552E+05,  0.5120679E+06,  0.0000000E+00,  0.2689196E+07,  0.7718014E+03,  0.0000000E+00,  0.0000000E+00,  0.0000000E+00,  0.8110708E+09,  0.3675268E+08,  0.8723953E+08,  0.1835447E+11,  0.0000000E+00,  0.4409183E+09,  0.0000000E+00,  0.0000000E+00,  0.0000000E+00,  0.0000000E+00,  0.2784672E+07,  0.8792276E+04,  0.0000000E+00,  0.0000000E+00,  0.0000000E+00,  0.6894876E+07,  0.0000000E+00,  0.3864898E+05,  0.1619337E+06,  0.4184676E+05,  0.7547574E+03,  0.0000000E+00,  0.0000000E+00,  0.0000000E+00,  0.7354913E+06,  0.7061946E+06,  0.1108326E+07,  0.0000000E+00,   40
03/11/2013,  0.3096182E+07,  0.0000000E+00,  0.3465833E+05,  0.4659845E+06,  0.0000000E+00,  0.2647332E+07,  0.4988444E+02,  0.0000000E+00,  0.0000000E+00,  0.0000000E+00,  0.8055682E+09,  0.3372372E+08,  0.8679183E+08,  0.1835399E+11,  0.0000000E+00,  0.4408237E+09,  0.0000000E+00,  0.0000000E+00,  0.0000000E+00,  0.0000000E+00,  0.1840320E+07,  0.7219170E+03,  0.0000000E+00,  0.0000000E+00,  0.0000000E+00,  0.8066363E+07,  0.0000000E+00,  0.4462480E+05,  0.1513235E+06,  0.5050324E+05,  0.6535021E+03,  0.0000000E+00,  0.0000000E+00,  0.0000000E+00,  0.6412641E+06,  0.6772990E+06,  0.1045358E+07,  0.0000000E+00,  107
03/12/2013,  0.2764691E+07,  0.0000000E+00,  0.3356344E+05,  0.4209681E+06,  0.0000000E+00,  0.2618860E+07,  0.0000000E+00,  0.0000000E+00,  0.0000000E+00,  0.0000000E+00,  0.8000322E+09,  0.3060750E+08,  0.8632515E+08,  0.1835346E+11,  0.0000000E+00,  0.4407171E+09,  0.0000000E+00,  0.0000000E+00,  0.0000000E+00,  0.0000000E+00,  0.1536192E+07,  0.4988444E+02,  0.0000000E+00,  0.0000000E+00,  0.0000000E+00,  0.8279298E+07,  0.0000000E+00,  0.4571946E+05,  0.1400938E+06,  0.5188061E+05,  0.5702096E+03,  0.0000000E+00,  0.0000000E+00,  0.0000000E+00,  0.5623890E+06,  0.6446063E+06,  0.9844322E+06,  0.0000000E+00,  170
03/13/2013,  0.3173875E+07,  0.0000000E+00,  0.3286430E+05,  0.3827695E+06,  0.0000000E+00,  0.2597025E+07,  0.0000000E+00,  0.0000000E+00,  0.0000000E+00,  0.0000000E+00,  0.7941590E+09,  0.2773768E+08,  0.8585322E+08,  0.1835290E+11,  0.0000000E+00,  0.4405980E+09,  0.0000000E+00,  0.0000000E+00,  0.0000000E+00,  0.0000000E+00,  0.1973376E+07,  0.0000000E+00,  0.0000000E+00,  0.0000000E+00,  0.0000000E+00,  0.8446992E+07,  0.0000000E+00,  0.4962061E+05,  0.1516530E+06,  0.5792967E+05,  0.5027508E+03,  0.0000000E+00,  0.0000000E+00,  0.0000000E+00,  0.4938191E+06,  0.6139162E+06,  0.9172380E+06,  0.0000000E+00,  207
03/14/2013,  0.3295116E+07,  0.0000000E+00,  0.3205891E+05,  0.3481377E+06,  0.0000000E+00,  0.2575106E+07,  0.0000000E+00,  0.0000000E+00,  0.0000000E+00,  0.0000000E+00,  0.7885427E+09,  0.2515938E+08,  0.8539217E+08,  0.1835230E+11,  0.0000000E+00,  0.4404733E+09,  0.0000000E+00,  0.0000000E+00,  0.0000000E+00,  0.0000000E+00,  0.2117664E+07,  0.0000000E+00,  0.0000000E+00,  0.0000000E+00,  0.0000000E+00,  0.7963346E+07,  0.0000000E+00,  0.4886972E+05,  0.1348648E+06,  0.5647160E+05,  0.4444971E+03,  0.0000000E+00,  0.0000000E+00,  0.0000000E+00,  0.4318047E+06,  0.5811594E+06,  0.8450986E+06,  0.0000000E+00,  153
03/15/2013,  0.3821472E+07,  0.0000000E+00,  0.3121117E+05,  0.3202089E+06,  0.0000000E+00,  0.2560595E+07,  0.0000000E+00,  0.0000000E+00,  0.0000000E+00,  0.0000000E+00,  0.7833364E+09,  0.2294888E+08,  0.8493826E+08,  0.1835167E+11,  0.0000000E+00,  0.4403433E+09,  0.0000000E+00,  0.0000000E+00,  0.0000000E+00,  0.0000000E+00,  0.2667168E+07,  0.0000000E+00,  0.0000000E+00,  0.0000000E+00,  0.0000000E+00,  0.7233460E+07,  0.0000000E+00,  0.4899009E+05,  0.1165572E+06,  0.5393966E+05,  0.3982932E+03,  0.0000000E+00,  0.0000000E+00,  0.0000000E+00,  0.3828522E+06,  0.5513156E+06,  0.7888689E+06,  0.0000000E+00,   46
03/16/2013,  0.3883648E+07,  0.0000000E+00,  0.3228361E+05,  0.2990625E+06,  0.0000000E+00,  0.2543970E+07,  0.0000000E+00,  0.0000000E+00,  0.0000000E+00,  0.0000000E+00,  0.7780545E+09,  0.2111037E+08,  0.8443098E+08,  0.1835109E+11,  0.0000000E+00,  0.4402084E+09,  0.0000000E+00,  0.0000000E+00,  0.0000000E+00,  0.0000000E+00,  0.2742336E+07,  0.0000000E+00,  0.0000000E+00,  0.0000000E+00,  0.0000000E+00,  0.6979547E+07,  0.0000000E+00,  0.4952811E+05,  0.1117398E+06,  0.5276839E+05,  0.3583253E+03,  0.0000000E+00,  0.0000000E+00,  0.0000000E+00,  0.3411700E+06,  0.5319884E+06,  0.8000300E+06,  0.0000000E+00,  104
03/17/2013,  0.3833381E+07,  0.0000000E+00,  0.3162041E+05,  0.2792069E+06,  0.0000000E+00,  0.2527712E+07,  0.0000000E+00,  0.0000000E+00,  0.0000000E+00,  0.0000000E+00,  0.7730416E+09,  0.1948353E+08,  0.8400883E+08,  0.1835041E+11,  0.0000000E+00,  0.4400686E+09,  0.0000000E+00,  0.0000000E+00,  0.0000000E+00,  0.0000000E+00,  0.2704320E+07,  0.0000000E+00,  0.0000000E+00,  0.0000000E+00,  0.0000000E+00,  0.6527285E+07,  0.0000000E+00,  0.4599598E+05,  0.1085373E+06,  0.4965815E+05,  0.3234886E+03,  0.0000000E+00,  0.0000000E+00,  0.0000000E+00,  0.3053582E+06,  0.5040713E+06,  0.6825858E+06,  0.0000000E+00,   91
03/18/2013,  0.2864695E+07,  0.0000000E+00,  0.3048016E+05,  0.2615838E+06,  0.0000000E+00,  0.2496749E+07,  0.0000000E+00,  0.0000000E+00,  0.0000000E+00,  0.0000000E+00,  0.7679884E+09,  0.1808034E+08,  0.8359265E+08,  0.1834971E+11,  0.0000000E+00,  0.4399214E+09,  0.0000000E+00,  0.0000000E+00,  0.0000000E+00,  0.0000000E+00,  0.1733184E+07,  0.0000000E+00,  0.0000000E+00,  0.0000000E+00,  0.0000000E+00,  0.6369365E+07,  0.0000000E+00,  0.4520696E+05,  0.1032659E+06,  0.5105100E+05,  0.2951272E+03,  0.0000000E+00,  0.0000000E+00,  0.0000000E+00,  0.2738368E+06,  0.4790734E+06,  0.6458748E+06,  0.0000000E+00,  124
03/19/2013,  0.2834366E+07,  0.2249440E+06,  0.2972137E+05,  0.2922980E+06,  0.0000000E+00,  0.2712196E+07,  0.2315842E+07,  0.0000000E+00,  0.0000000E+00,  0.0000000E+00,  0.7742470E+09,  0.2042782E+08,  0.8359372E+08,  0.1834937E+11,  0.0000000E+00,  0.4398523E+09,  0.0000000E+00,  0.2044364E+08,  0.0000000E+00,  0.0000000E+00,  0.1656288E+07,  0.0000000E+00,  0.0000000E+00,  0.0000000E+00,  0.0000000E+00,  0.7127057E+07,  0.0000000E+00,  0.5057375E+05,  0.3430300E+06,  0.5943636E+05,  0.4708377E+03,  0.3457623E+04,  0.0000000E+00,  0.0000000E+00,  0.1119243E+07,  0.5083653E+06,  0.1068651E+07,  0.1666649E+08,  213
03/20/2013,  0.3791297E+07,  0.2118066E+05,  0.2895297E+05,  0.2807294E+06,  0.0000000E+00,  0.2558754E+07,  0.1286998E+07,  0.0000000E+00,  0.0000000E+00,  0.0000000E+00,  0.7715496E+09,  0.1916137E+08,  0.8327779E+08,  0.1834878E+11,  0.0000000E+00,  0.4396945E+09,  0.0000000E+00,  0.1577354E+07,  0.0000000E+00,  0.0000000E+00,  0.2688768E+07,  0.1028844E+07,  0.0000000E+00,  0.0000000E+00,  0.0000000E+00,  0.5222865E+07,  0.0000000E+00,  0.4743885E+05,  0.1785055E+06,  0.5210595E+05,  0.3890284E+03,  0.2893513E+03,  0.0000000E+00,  0.0000000E+00,  0.4518332E+06,  0.4762558E+06,  0.7215637E+06,  0.1544655E+07,   64
03/21/2013,  0.3490584E+07,  0.0000000E+00,  0.2766606E+05,  0.2655957E+06,  0.0000000E+00,  0.2519092E+07,  0.4104105E+05,  0.0000000E+00,  0.0000000E+00,  0.0000000E+00,  0.7678912E+09,  0.1806281E+08,  0.8289981E+08,  0.1834814E+11,  0.0000000E+00,  0.4395383E+09,  0.0000000E+00,  0.0000000E+00,  0.0000000E+00,  0.0000000E+00,  0.2401056E+07,  0.1245957E+07,  0.0000000E+00,  0.0000000E+00,  0.0000000E+00,  0.4623686E+07,  0.0000000E+00,  0.4518043E+05,  0.1198011E+06,  0.4828921E+05,  0.3369795E+03,  0.0000000E+00,  0.0000000E+00,  0.0000000E+00,  0.2981489E+06,  0.4584787E+06,  0.6320304E+06,  0.0000000E+00,   24
03/22/2013,  0.3616952E+07,  0.0000000E+00,  0.2671266E+05,  0.2507958E+06,  0.0000000E+00,  0.2511065E+07,  0.9728528E+02,  0.0000000E+00,  0.0000000E+00,  0.0000000E+00,  0.7628808E+09,  0.1717458E+08,  0.8249893E+08,  0.1834750E+11,  0.0000000E+00,  0.4393813E+09,  0.0000000E+00,  0.0000000E+00,  0.0000000E+00,  0.0000000E+00,  0.2548800E+07,  0.4094376E+05,  0.0000000E+00,  0.0000000E+00,  0.0000000E+00,  0.5798083E+07,  0.0000000E+00,  0.4762084E+05,  0.1159613E+06,  0.4986013E+05,  0.3050240E+03,  0.0000000E+00,  0.0000000E+00,  0.0000000E+00,  0.2689204E+06,  0.4461684E+06,  0.6232645E+06,  0.0000000E+00,  331
03/23/2013,  0.3822143E+07,  0.0000000E+00,  0.2698266E+05,  0.2357260E+06,  0.0000000E+00,  0.2508429E+07,  0.0000000E+00,  0.0000000E+00,  0.0000000E+00,  0.0000000E+00,  0.7578713E+09,  0.1606201E+08,  0.8213283E+08,  0.1834685E+11,  0.0000000E+00,  0.4392235E+09,  0.0000000E+00,  0.0000000E+00,  0.0000000E+00,  0.0000000E+00,  0.2777760E+07,  0.9728528E+02,  0.0000000E+00,  0.0000000E+00,  0.0000000E+00,  0.6044258E+07,  0.0000000E+00,  0.4443888E+05,  0.1066187E+06,  0.4918310E+05,  0.2813462E+03,  0.0000000E+00,  0.0000000E+00,  0.0000000E+00,  0.2401868E+06,  0.4253667E+06,  0.5628872E+06,  0.0000000E+00,  494
03/24/2013,  0.4068287E+07,  0.0000000E+00,  0.2797219E+05,  0.2221185E+06,  0.0000000E+00,  0.2504173E+07,  0.0000000E+00,  0.0000000E+00,  0.0000000E+00,  0.0000000E+00,  0.7525551E+09,  0.1497634E+08,  0.8175491E+08,  0.1834619E+11,  0.0000000E+00,  0.4390562E+09,  0.0000000E+00,  0.0000000E+00,  0.0000000E+00,  0.0000000E+00,  0.3047328E+07,  0.0000000E+00,  0.0000000E+00,  0.0000000E+00,  0.0000000E+00,  0.6347370E+07,  0.0000000E+00,  0.4825925E+05,  0.1232202E+06,  0.5852302E+05,  0.2597441E+03,  0.0000000E+00,  0.0000000E+00,  0.0000000E+00,  0.2120107E+06,  0.4078502E+06,  0.5426748E+06,  0.0000000E+00,   77
03/25/2013,  0.4446221E+07,  0.0000000E+00,  0.2686663E+05,  0.2088449E+06,  0.0000000E+00,  0.2499008E+07,  0.0000000E+00,  0.0000000E+00,  0.0000000E+00,  0.0000000E+00,  0.7476239E+09,  0.1396209E+08,  0.8140060E+08,  0.1834551E+11,  0.0000000E+00,  0.4388892E+09,  0.0000000E+00,  0.0000000E+00,  0.0000000E+00,  0.0000000E+00,  0.3449088E+07,  0.0000000E+00,  0.0000000E+00,  0.0000000E+00,  0.0000000E+00,  0.5913198E+07,  0.0000000E+00,  0.4146913E+05,  0.1224771E+06,  0.5570928E+05,  0.2415760E+03,  0.0000000E+00,  0.0000000E+00,  0.0000000E+00,  0.1854734E+06,  0.3891933E+06,  0.4992674E+06,  0.0000000E+00,   77
03/26/2013,  0.5674733E+07,  0.0000000E+00,  0.2563596E+05,  0.1990226E+06,  0.0000000E+00,  0.2500478E+07,  0.0000000E+00,  0.0000000E+00,  0.0000000E+00,  0.0000000E+00,  0.7425560E+09,  0.1310414E+08,  0.8104113E+08,  0.1834486E+11,  0.0000000E+00,  0.4387155E+09,  0.0000000E+00,  0.0000000E+00,  0.0000000E+00,  0.0000000E+00,  0.4707936E+07,  0.0000000E+00,  0.0000000E+00,  0.0000000E+00,  0.0000000E+00,  0.5907960E+07,  0.0000000E+00,  0.4087927E+05,  0.1284137E+06,  0.5909645E+05,  0.2250422E+03,  0.0000000E+00,  0.0000000E+00,  0.0000000E+00,  0.1646921E+06,  0.3715772E+06,  0.4842242E+06,  0.0000000E+00,   89
03/27/2013,  0.6178821E+07,  0.0000000E+00,  0.2458029E+05,  0.1898677E+06,  0.0000000E+00,  0.2481490E+07,  0.0000000E+00,  0.0000000E+00,  0.0000000E+00,  0.0000000E+00,  0.7373954E+09,  0.1234683E+08,  0.8068806E+08,  0.1834420E+11,  0.0000000E+00,  0.4385339E+09,  0.0000000E+00,  0.0000000E+00,  0.0000000E+00,  0.0000000E+00,  0.5222880E+07,  0.0000000E+00,  0.0000000E+00,  0.0000000E+00,  0.0000000E+00,  0.5913498E+07,  0.0000000E+00,  0.3974528E+05,  0.1334078E+06,  0.6306668E+05,  0.2100697E+03,  0.0000000E+00,  0.0000000E+00,  0.0000000E+00,  0.1461673E+06,  0.3564788E+06,  0.4604078E+06,  0.0000000E+00,  118
03/28/2013,  0.6148512E+07,  0.0000000E+00,  0.2361005E+05,  0.1812292E+06,  0.0000000E+00,  0.2456858E+07,  0.0000000E+00,  0.0000000E+00,  0.0000000E+00,  0.0000000E+00,  0.7321663E+09,  0.1167630E+08,  0.8035860E+08,  0.1834351E+11,  0.0000000E+00,  0.4383500E+09,  0.0000000E+00,  0.0000000E+00,  0.0000000E+00,  0.0000000E+00,  0.5196096E+07,  0.0000000E+00,  0.0000000E+00,  0.0000000E+00,  0.0000000E+00,  0.5904304E+07,  0.0000000E+00,  0.3550779E+05,  0.1319153E+06,  0.6037241E+05,  0.1959460E+03,  0.0000000E+00,  0.0000000E+00,  0.0000000E+00,  0.1291279E+06,  0.3388106E+06,  0.4239779E+06,  0.0000000E+00,  138
03/29/2013,  0.5302296E+07,  0.0000000E+00,  0.2269963E+05,  0.1730663E+06,  0.0000000E+00,  0.2431130E+07,  0.0000000E+00,  0.0000000E+00,  0.0000000E+00,  0.0000000E+00,  0.7265943E+09,  0.1108675E+08,  0.8003001E+08,  0.1834281E+11,  0.0000000E+00,  0.4381527E+09,  0.0000000E+00,  0.0000000E+00,  0.0000000E+00,  0.0000000E+00,  0.4356288E+07,  0.0000000E+00,  0.0000000E+00,  0.0000000E+00,  0.0000000E+00,  0.6173098E+07,  0.1579519E+03,  0.3969355E+05,  0.1383815E+06,  0.7214808E+05,  0.1839708E+03,  0.0000000E+00,  0.0000000E+00,  0.0000000E+00,  0.1141477E+06,  0.3215594E+06,  0.4039354E+06,  0.0000000E+00,  147
03/30/2013,  0.4710941E+07,  0.1150762E+06,  0.2200520E+05,  0.1756485E+06,  0.0000000E+00,  0.2510761E+07,  0.2315842E+07,  0.0000000E+00,  0.0000000E+00,  0.0000000E+00,  0.7288893E+09,  0.1120850E+08,  0.7995672E+08,  0.1834233E+11,  0.0000000E+00,  0.4380058E+09,  0.0000000E+00,  0.1199324E+08,  0.0000000E+00,  0.0000000E+00,  0.3731616E+07,  0.0000000E+00,  0.0000000E+00,  0.0000000E+00,  0.0000000E+00,  0.5945531E+07,  0.0000000E+00,  0.4281652E+05,  0.3579922E+06,  0.6612661E+05,  0.1726738E+03,  0.1926068E+04,  0.0000000E+00,  0.0000000E+00,  0.7062828E+06,  0.3224730E+06,  0.7376195E+06,  0.8943979E+07,  454
03/31/2013,  0.5789143E+07,  0.2149647E+06,  0.2150232E+05,  0.1963486E+06,  0.0000000E+00,  0.2621854E+07,  0.2315842E+07,  0.0000000E+00,  0.0000000E+00,  0.0000000E+00,  0.7372572E+09,  0.1232681E+08,  0.8000790E+08,  0.1834200E+11,  0.0000000E+00,  0.4378779E+09,  0.0000000E+00,  0.1764871E+08,  0.0000000E+00,  0.0000000E+00,  0.4806432E+07,  0.0000000E+00,  0.0000000E+00,  0.0000000E+00,  0.0000000E+00,  0.5986864E+07,  0.0000000E+00,  0.4653342E+05,  0.4875268E+06,  0.6515484E+05,  0.2048785E+03,  0.2780195E+04,  0.0000000E+00,  0.0000000E+00,  0.9189184E+06,  0.3333329E+06,  0.8219890E+06,  0.1627664E+08,  116
04/01/2013,  0.4568333E+07,  0.0000000E+00,  0.2079455E+05,  0.1908597E+06,  0.0000000E+00,  0.2415542E+07,  0.9823657E+04,  0.0000000E+00,  0.0000000E+00,  0.0000000E+00,  0.7341187E+09,  0.1168196E+08,  0.7971708E+08,  0.1834135E+11,  0.0000000E+00,  0.4376860E+09,  0.0000000E+00,  0.0000000E+00,  0.0000000E+00,  0.0000000E+00,  0.3621888E+07,  0.2306018E+07,  0.0000000E+00,  0.0000000E+00,  0.0000000E+00,  0.3718317E+07,  0.1032141E+03,  0.3888357E+05,  0.1452021E+06,  0.5550848E+05,  0.2249841E+03,  0.0000000E+00,  0.0000000E+00,  0.0000000E+00,  0.1667025E+06,  0.3136005E+06,  0.4205421E+06,  0.0000000E+00,   30
04/02/2013,  0.3366031E+07,  0.0000000E+00,  0.2002266E+05,  0.1838617E+06,  0.0000000E+00,  0.2395164E+07,  0.0000000E+00,  0.0000000E+00,  0.0000000E+00,  0.0000000E+00,  0.7289462E+09,  0.1132519E+08,  0.7941251E+08,  0.1834069E+11,  0.0000000E+00,  0.4374947E+09,  0.0000000E+00,  0.0000000E+00,  0.0000000E+00,  0.0000000E+00,  0.2430432E+07,  0.9823657E+04,  0.0000000E+00,  0.0000000E+00,  0.0000000E+00,  0.5487749E+07,  0.1441629E+03,  0.4788350E+05,  0.1501395E+06,  0.6250561E+05,  0.2013838E+03,  0.0000000E+00,  0.0000000E+00,  0.0000000E+00,  0.1385552E+06,  0.3010433E+06,  0.3962243E+06,  0.0000000E+00,   34
04/03/2013,  0.3883695E+07,  0.3566072E+06,  0.1972693E+05,  0.2429077E+06,  0.0000000E+00,  0.2736301E+07,  0.2315842E+07,  0.0000000E+00,  0.0000000E+00,  0.0000000E+00,  0.7442511E+09,  0.1413075E+08,  0.7956399E+08,  0.1834057E+11,  0.0000000E+00,  0.4374310E+09,  0.0000000E+00,  0.3155144E+08,  0.0000000E+00,  0.0000000E+00,  0.2861568E+07,  0.0000000E+00,  0.0000000E+00,  0.0000000E+00,  0.0000000E+00,  0.7917710E+07,  0.0000000E+00,  0.5196156E+05,  0.4118217E+06,  0.6997744E+05,  0.9229501E+03,  0.5075522E+04,  0.0000000E+00,  0.0000000E+00,  0.1071121E+07,  0.3331972E+06,  0.8684965E+06,  0.2702965E+08,  218
04/04/2013,  0.7972309E+07,  0.3422247E+05,  0.1918256E+05,  0.2207867E+06,  0.0000000E+00,  0.2506447E+07,  0.2315842E+07,  0.0000000E+00,  0.0000000E+00,  0.0000000E+00,  0.7407043E+09,  0.1337799E+08,  0.7938409E+08,  0.1834010E+11,  0.0000000E+00,  0.4372432E+09,  0.0000000E+00,  0.2681046E+07,  0.0000000E+00,  0.0000000E+00,  0.7089120E+07,  0.0000000E+00,  0.0000000E+00,  0.0000000E+00,  0.0000000E+00,  0.6469387E+07,  0.0000000E+00,  0.5634033E+05,  0.2570596E+06,  0.6992298E+05,  0.4267778E+03,  0.5232077E+03,  0.0000000E+00,  0.0000000E+00,  0.4498842E+06,  0.3189698E+06,  0.5741038E+06,  0.2541168E+07,   80
04/05/2013,  0.4106489E+07,  0.0000000E+00,  0.1840000E+05,  0.2037167E+06,  0.0000000E+00,  0.2372586E+07,  0.2115906E+04,  0.0000000E+00,  0.0000000E+00,  0.0000000E+00,  0.7369464E+09,  0.1262944E+08,  0.7908964E+08,  0.1833948E+11,  0.0000000E+00,  0.4370575E+09,  0.0000000E+00,  0.0000000E+00,  0.0000000E+00,  0.0000000E+00,  0.3169152E+07,  0.2313726E+07,  0.0000000E+00,  0.0000000E+00,  0.0000000E+00,  0.4384987E+07,  0.0000000E+00,  0.5104269E+05,  0.1840372E+06,  0.6475225E+05,  0.3651334E+03,  0.0000000E+00,  0.0000000E+00,  0.0000000E+00,  0.2058139E+06,  0.3067916E+06,  0.4501788E+06,  0.0000000E+00,   40
04/06/2013,  0.3443342E+07,  0.0000000E+00,  0.1788198E+05,  0.1954939E+06,  0.0000000E+00,  0.2375176E+07,  0.0000000E+00,  0.0000000E+00,  0.0000000E+00,  0.0000000E+00,  0.7321100E+09,  0.1215238E+08,  0.7880511E+08,  0.1833885E+11,  0.0000000E+00,  0.4368770E+09,  0.0000000E+00,  0.0000000E+00,  0.0000000E+00,  0.0000000E+00,  0.2535840E+07,  0.2115906E+04,  0.0000000E+00,  0.0000000E+00,  0.0000000E+00,  0.5216984E+07,  0.0000000E+00,  0.5200783E+05,  0.1750545E+06,  0.6336765E+05,  0.3239365E+03,  0.0000000E+00,  0.0000000E+00,  0.0000000E+00,  0.1780972E+06,  0.2952926E+06,  0.4115324E+06,  0.0000000E+00,   42
04/07/2013,  0.7164439E+07,  0.3512752E+06,  0.1770488E+05,  0.2686711E+06,  0.0000000E+00,  0.2727034E+07,  0.2495955E+07,  0.0000000E+00,  0.0000000E+00,  0.0000000E+00,  0.7491313E+09,  0.1519696E+08,  0.7896890E+08,  0.1833881E+11,  0.0000000E+00,  0.4368029E+09,  0.0000000E+00,  0.3107341E+08,  0.0000000E+00,  0.0000000E+00,  0.6156864E+07,  0.0000000E+00,  0.0000000E+00,  0.0000000E+00,  0.0000000E+00,  0.5623503E+07,  0.0000000E+00,  0.4590941E+05,  0.3059167E+06,  0.5766315E+05,  0.7470475E+03,  0.4673640E+04,  0.0000000E+00,  0.0000000E+00,  0.1041858E+07,  0.3347866E+06,  0.8329752E+06,  0.2668355E+08,   38
04/08/2013,  0.5255291E+07,  0.1233865E+03,  0.1722440E+05,  0.2331262E+06,  0.0000000E+00,  0.2381837E+07,  0.9668898E+03,  0.0000000E+00,  0.0000000E+00,  0.0000000E+00,  0.7428886E+09,  0.1445942E+08,  0.7872847E+08,  0.1833829E+11,  0.0000000E+00,  0.4366125E+09,  0.0000000E+00,  0.0000000E+00,  0.0000000E+00,  0.0000000E+00,  0.4322592E+07,  0.2479577E+07,  0.0000000E+00,  0.0000000E+00,  0.0000000E+00,  0.6752539E+07,  0.0000000E+00,  0.4268381E+05,  0.1662812E+06,  0.6299183E+05,  0.3991439E+03,  0.3603532E-01,  0.0000000E+00,  0.0000000E+00,  0.3151997E+06,  0.3229887E+06,  0.5145077E+06,  0.1528825E+05,   26
04/09/2013,  0.2761270E+07,  0.0000000E+00,  0.1671873E+05,  0.2165440E+06,  0.0000000E+00,  0.2317071E+07,  0.0000000E+00,  0.0000000E+00,  0.0000000E+00,  0.0000000E+00,  0.7331285E+09,  0.1380366E+08,  0.7847211E+08,  0.1833769E+11,  0.0000000E+00,  0.4364274E+09,  0.0000000E+00,  0.0000000E+00,  0.0000000E+00,  0.0000000E+00,  0.1809216E+07,  0.9668898E+03,  0.0000000E+00,  0.0000000E+00,  0.0000000E+00,  0.1024715E+08,  0.0000000E+00,  0.4776052E+05,  0.1498572E+06,  0.6988674E+05,  0.3195538E+03,  0.0000000E+00,  0.0000000E+00,  0.0000000E+00,  0.2477900E+06,  0.3125809E+06,  0.4571352E+06,  0.0000000E+00,   23
04/10/2013,  0.2473431E+07,  0.0000000E+00,  0.1617657E+05,  0.1971578E+06,  0.0000000E+00,  0.2314329E+07,  0.0000000E+00,  0.0000000E+00,  0.0000000E+00,  0.0000000E+00,  0.7216299E+09,  0.1291647E+08,  0.7820383E+08,  0.1833711E+11,  0.0000000E+00,  0.4362374E+09,  0.0000000E+00,  0.0000000E+00,  0.0000000E+00,  0.0000000E+00,  0.1565568E+07,  0.0000000E+00,  0.0000000E+00,  0.0000000E+00,  0.0000000E+00,  0.1226570E+08,  0.0000000E+00,  0.4987468E+05,  0.1110243E+06,  0.8060906E+05,  0.2900296E+03,  0.0000000E+00,  0.0000000E+00,  0.0000000E+00,  0.2090077E+06,  0.3025188E+06,  0.4281147E+06,  0.0000000E+00,   27
04/11/2013,  0.2461276E+07,  0.0000000E+00,  0.1570992E+05,  0.1810073E+06,  0.0000000E+00,  0.2326560E+07,  0.0000000E+00,  0.0000000E+00,  0.0000000E+00,  0.0000000E+00,  0.7118923E+09,  0.1206070E+08,  0.7793589E+08,  0.1833657E+11,  0.0000000E+00,  0.4360601E+09,  0.0000000E+00,  0.0000000E+00,  0.0000000E+00,  0.0000000E+00,  0.1602720E+07,  0.0000000E+00,  0.0000000E+00,  0.0000000E+00,  0.0000000E+00,  0.1051285E+08,  0.0000000E+00,  0.3642560E+05,  0.8228050E+05,  0.6686069E+05,  0.2645745E+03,  0.0000000E+00,  0.0000000E+00,  0.0000000E+00,  0.1758182E+06,  0.2922560E+06,  0.4080305E+06,  0.0000000E+00,   26
04/12/2013,  0.2321595E+07,  0.0000000E+00,  0.1533707E+05,  0.1715969E+06,  0.0000000E+00,  0.2291439E+07,  0.0000000E+00,  0.0000000E+00,  0.0000000E+00,  0.0000000E+00,  0.7013243E+09,  0.1143998E+08,  0.7767067E+08,  0.1833602E+11,  0.0000000E+00,  0.4358769E+09,  0.0000000E+00,  0.0000000E+00,  0.0000000E+00,  0.0000000E+00,  0.1459296E+07,  0.0000000E+00,  0.0000000E+00,  0.0000000E+00,  0.0000000E+00,  0.1113039E+08,  0.0000000E+00,  0.3525147E+05,  0.8405562E+05,  0.7355971E+05,  0.2451297E+03,  0.0000000E+00,  0.0000000E+00,  0.0000000E+00,  0.1532913E+06,  0.2822031E+06,  0.3839496E+06,  0.0000000E+00,   27
04/13/2013,  0.2250147E+07,  0.0000000E+00,  0.1490211E+05,  0.1620497E+06,  0.0000000E+00,  0.2267547E+07,  0.0000000E+00,  0.0000000E+00,  0.0000000E+00,  0.0000000E+00,  0.6926315E+09,  0.1091360E+08,  0.7741482E+08,  0.1833545E+11,  0.0000000E+00,  0.4357029E+09,  0.0000000E+00,  0.0000000E+00,  0.0000000E+00,  0.0000000E+00,  0.1391904E+07,  0.0000000E+00,  0.0000000E+00,  0.0000000E+00,  0.0000000E+00,  0.9182372E+07,  0.0000000E+00,  0.2563002E+05,  0.7801915E+05,  0.6187361E+05,  0.2271355E+03,  0.0000000E+00,  0.0000000E+00,  0.0000000E+00,  0.1331762E+06,  0.2734427E+06,  0.3640774E+06,  0.0000000E+00,   23
04/14/2013,  0.2240729E+07,  0.3776116E+05,  0.1454970E+05,  0.1594108E+06,  0.0000000E+00,  0.2286388E+07,  0.2478759E+07,  0.0000000E+00,  0.0000000E+00,  0.0000000E+00,  0.6867000E+09,  0.1069714E+08,  0.7727355E+08,  0.1833496E+11,  0.0000000E+00,  0.4355454E+09,  0.0000000E+00,  0.5679558E+07,  0.0000000E+00,  0.0000000E+00,  0.1378080E+07,  0.0000000E+00,  0.0000000E+00,  0.0000000E+00,  0.0000000E+00,  0.8857827E+07,  0.0000000E+00,  0.2838662E+05,  0.1399182E+06,  0.6516898E+05,  0.2106153E+03,  0.7117567E+03,  0.0000000E+00,  0.0000000E+00,  0.3448723E+06,  0.2689785E+06,  0.4584296E+06,  0.2959989E+07,   29
04/15/2013,  0.2184878E+07,  0.0000000E+00,  0.1416878E+05,  0.1539835E+06,  0.0000000E+00,  0.2244161E+07,  0.3256922E+05,  0.0000000E+00,  0.0000000E+00,  0.0000000E+00,  0.6824798E+09,  0.1036402E+08,  0.7703089E+08,  0.1833442E+11,  0.0000000E+00,  0.4353787E+09,  0.0000000E+00,  0.0000000E+00,  0.0000000E+00,  0.0000000E+00,  0.1340064E+07,  0.2446190E+07,  0.0000000E+00,  0.0000000E+00,  0.0000000E+00,  0.4534839E+07,  0.0000000E+00,  0.1789522E+05,  0.7403723E+05,  0.4892568E+05,  0.2076277E+03,  0.0000000E+00,  0.0000000E+00,  0.0000000E+00,  0.1134001E+06,  0.2632265E+06,  0.3389894E+06,  0.0000000E+00,   11
04/16/2013,  0.2163107E+07,  0.0000000E+00,  0.1385219E+05,  0.1530466E+06,  0.0000000E+00,  0.2227798E+07,  0.0000000E+00,  0.0000000E+00,  0.0000000E+00,  0.0000000E+00,  0.6733791E+09,  0.1018414E+08,  0.7678209E+08,  0.1833386E+11,  0.0000000E+00,  0.4352000E+09,  0.0000000E+00,  0.0000000E+00,  0.0000000E+00,  0.0000000E+00,  0.1331424E+07,  0.3256922E+05,  0.0000000E+00,  0.0000000E+00,  0.0000000E+00,  0.9265866E+07,  0.0000000E+00,  0.2301307E+05,  0.7833724E+05,  0.6364327E+05,  0.1921586E+03,  0.0000000E+00,  0.0000000E+00,  0.0000000E+00,  0.1053661E+06,  0.2577195E+06,  0.3318425E+06,  0.0000000E+00,  379
04/17/2013,  0.2088390E+07,  0.0000000E+00,  0.1390370E+05,  0.1459911E+06,  0.0000000E+00,  0.2210660E+07,  0.0000000E+00,  0.0000000E+00,  0.0000000E+00,  0.0000000E+00,  0.6645573E+09,  0.9909677E+07,  0.7654360E+08,  0.1833332E+11,  0.0000000E+00,  0.4350268E+09,  0.0000000E+00,  0.0000000E+00,  0.0000000E+00,  0.0000000E+00,  0.1268352E+07,  0.0000000E+00,  0.0000000E+00,  0.0000000E+00,  0.0000000E+00,  0.9094711E+07,  0.0000000E+00,  0.1856427E+05,  0.5781608E+05,  0.5831906E+05,  0.1798035E+03,  0.0000000E+00,  0.0000000E+00,  0.0000000E+00,  0.9346249E+05,  0.2519293E+06,  0.3140209E+06,  0.0000000E+00,  466
04/18/2013,  0.2066904E+07,  0.0000000E+00,  0.1337916E+05,  0.1421221E+06,  0.0000000E+00,  0.2183664E+07,  0.0000000E+00,  0.0000000E+00,  0.0000000E+00,  0.0000000E+00,  0.6537498E+09,  0.9676093E+07,  0.7630643E+08,  0.1833275E+11,  0.0000000E+00,  0.4348422E+09,  0.0000000E+00,  0.0000000E+00,  0.0000000E+00,  0.0000000E+00,  0.1251072E+07,  0.0000000E+00,  0.0000000E+00,  0.0000000E+00,  0.0000000E+00,  0.1104822E+08,  0.0000000E+00,  0.2006424E+05,  0.6597229E+05,  0.7220810E+05,  0.1697580E+03,  0.0000000E+00,  0.0000000E+00,  0.0000000E+00,  0.8349292E+05,  0.2463139E+06,  0.3012214E+06,  0.0000000E+00,   36
04/19/2013,  0.2021989E+07,  0.0000000E+00,  0.1287453E+05,  0.1358080E+06,  0.0000000E+00,  0.2149950E+07,  0.0000000E+00,  0.0000000E+00,  0.0000000E+00,  0.0000000E+00,  0.6415680E+09,  0.9454498E+07,  0.7607533E+08,  0.1833217E+11,  0.0000000E+00,  0.4346512E+09,  0.0000000E+00,  0.0000000E+00,  0.0000000E+00,  0.0000000E+00,  0.1207008E+07,  0.0000000E+00,  0.0000000E+00,  0.0000000E+00,  0.0000000E+00,  0.1242092E+08,  0.0000000E+00,  0.1911512E+05,  0.5467862E+05,  0.8158987E+05,  0.1601985E+03,  0.0000000E+00,  0.0000000E+00,  0.0000000E+00,  0.7415783E+05,  0.2405054E+06,  0.2867663E+06,  0.0000000E+00,   42
04/20/2013,  0.2035505E+07,  0.0000000E+00,  0.1242215E+05,  0.1298955E+06,  0.0000000E+00,  0.2131150E+07,  0.0000000E+00,  0.0000000E+00,  0.0000000E+00,  0.0000000E+00,  0.6295515E+09,  0.9257717E+07,  0.7584690E+08,  0.1833159E+11,  0.0000000E+00,  0.4344618E+09,  0.0000000E+00,  0.0000000E+00,  0.0000000E+00,  0.0000000E+00,  0.1233792E+07,  0.0000000E+00,  0.0000000E+00,  0.0000000E+00,  0.0000000E+00,  0.1224056E+08,  0.0000000E+00,  0.1630208E+05,  0.6194164E+05,  0.7926166E+05,  0.1511250E+03,  0.0000000E+00,  0.0000000E+00,  0.0000000E+00,  0.6578431E+05,  0.2355307E+06,  0.2785325E+06,  0.0000000E+00,   23
04/21/2013,  0.1975209E+07,  0.0000000E+00,  0.1203951E+05,  0.1257232E+06,  0.0000000E+00,  0.2106777E+07,  0.0000000E+00,  0.0000000E+00,  0.0000000E+00,  0.0000000E+00,  0.6166507E+09,  0.9095774E+07,  0.7562517E+08,  0.1833100E+11,  0.0000000E+00,  0.4342624E+09,  0.0000000E+00,  0.0000000E+00,  0.0000000E+00,  0.0000000E+00,  0.1181952E+07,  0.0000000E+00,  0.0000000E+00,  0.0000000E+00,  0.0000000E+00,  0.1309647E+08,  0.0000000E+00,  0.1661975E+05,  0.6642056E+05,  0.9084825E+05,  0.1427696E+03,  0.0000000E+00,  0.0000000E+00,  0.0000000E+00,  0.5943319E+05,  0.2310072E+06,  0.2651636E+06,  0.0000000E+00,   31
04/22/2013,  0.1919513E+07,  0.0000000E+00,  0.1161907E+05,  0.1202664E+06,  0.0000000E+00,  0.2083215E+07,  0.0000000E+00,  0.0000000E+00,  0.0000000E+00,  0.0000000E+00,  0.6032150E+09,  0.8950825E+07,  0.7540629E+08,  0.1833042E+11,  0.0000000E+00,  0.4340585E+09,  0.0000000E+00,  0.0000000E+00,  0.0000000E+00,  0.0000000E+00,  0.1136160E+07,  0.0000000E+00,  0.0000000E+00,  0.0000000E+00,  0.0000000E+00,  0.1362122E+08,  0.0000000E+00,  0.1594214E+05,  0.5722494E+05,  0.9726436E+05,  0.1351141E+03,  0.0000000E+00,  0.0000000E+00,  0.0000000E+00,  0.5410080E+05,  0.2266821E+06,  0.2576524E+06,  0.0000000E+00,  495
04/23/2013,  0.1852519E+07,  0.0000000E+00,  0.1137154E+05,  0.1162410E+06,  0.0000000E+00,  0.2061246E+07,  0.0000000E+00,  0.0000000E+00,  0.0000000E+00,  0.0000000E+00,  0.5926166E+09,  0.8821670E+07,  0.7519495E+08,  0.1832982E+11,  0.0000000E+00,  0.4338680E+09,  0.0000000E+00,  0.0000000E+00,  0.0000000E+00,  0.0000000E+00,  0.1073952E+07,  0.0000000E+00,  0.0000000E+00,  0.0000000E+00,  0.0000000E+00,  0.1077403E+08,  0.0000000E+00,  0.1403730E+05,  0.5561351E+05,  0.8083189E+05,  0.1285618E+03,  0.0000000E+00,  0.0000000E+00,  0.0000000E+00,  0.4873992E+05,  0.2230171E+06,  0.2466389E+06,  0.0000000E+00,   29
04/24/2013,  0.1816426E+07,  0.0000000E+00,  0.1116376E+05,  0.1154048E+06,  0.0000000E+00,  0.2052341E+07,  0.0000000E+00,  0.0000000E+00,  0.0000000E+00,  0.0000000E+00,  0.5823700E+09,  0.8722506E+07,  0.7495759E+08,  0.1832927E+11,  0.0000000E+00,  0.4336776E+09,  0.0000000E+00,  0.0000000E+00,  0.0000000E+00,  0.0000000E+00,  0.1052352E+07,  0.0000000E+00,  0.0000000E+00,  0.0000000E+00,  0.0000000E+00,  0.1039651E+08,  0.0000000E+00,  0.1361636E+05,  0.5933704E+05,  0.7888926E+05,  0.1223235E+03,  0.0000000E+00,  0.0000000E+00,  0.0000000E+00,  0.4466624E+05,  0.2220213E+06,  0.2690065E+06,  0.0000000E+00,   34
04/25/2013,  0.1740540E+07,  0.0000000E+00,  0.1101136E+05,  0.1136107E+06,  0.0000000E+00,  0.2043157E+07,  0.0000000E+00,  0.0000000E+00,  0.0000000E+00,  0.0000000E+00,  0.5728206E+09,  0.8631891E+07,  0.7473741E+08,  0.1832873E+11,  0.0000000E+00,  0.4334922E+09,  0.0000000E+00,  0.0000000E+00,  0.0000000E+00,  0.0000000E+00,  0.9884160E+06,  0.0000000E+00,  0.0000000E+00,  0.0000000E+00,  0.0000000E+00,  0.9692599E+07,  0.0000000E+00,  0.1267014E+05,  0.5907272E+05,  0.7168199E+05,  0.1163794E+03,  0.0000000E+00,  0.0000000E+00,  0.0000000E+00,  0.4150437E+05,  0.2187967E+06,  0.2496092E+06,  0.0000000E+00,  216
04/26/2013,  0.1761649E+07,  0.0000000E+00,  0.1090254E+05,  0.1124150E+06,  0.0000000E+00,  0.2032082E+07,  0.0000000E+00,  0.0000000E+00,  0.0000000E+00,  0.0000000E+00,  0.5627650E+09,  0.8550237E+07,  0.7454190E+08,  0.1832814E+11,  0.0000000E+00,  0.4333028E+09,  0.0000000E+00,  0.0000000E+00,  0.0000000E+00,  0.0000000E+00,  0.1020384E+07,  0.0000000E+00,  0.0000000E+00,  0.0000000E+00,  0.0000000E+00,  0.1018914E+08,  0.0000000E+00,  0.1355475E+05,  0.6673764E+05,  0.7574161E+05,  0.1114716E+03,  0.0000000E+00,  0.0000000E+00,  0.0000000E+00,  0.3896949E+05,  0.2142980E+06,  0.2215197E+06,  0.0000000E+00,   21
04/27/2013,  0.2199942E+07,  0.0000000E+00,  0.1078719E+05,  0.1103538E+06,  0.0000000E+00,  0.2022667E+07,  0.0000000E+00,  0.0000000E+00,  0.0000000E+00,  0.0000000E+00,  0.5519851E+09,  0.8470211E+07,  0.7434736E+08,  0.1832757E+11,  0.0000000E+00,  0.4331070E+09,  0.0000000E+00,  0.0000000E+00,  0.0000000E+00,  0.0000000E+00,  0.1473120E+07,  0.0000000E+00,  0.0000000E+00,  0.0000000E+00,  0.0000000E+00,  0.1091351E+08,  0.0000000E+00,  0.1470608E+05,  0.7129773E+05,  0.8368128E+05,  0.1068223E+03,  0.0000000E+00,  0.0000000E+00,  0.0000000E+00,  0.3599768E+05,  0.2107990E+06,  0.2164071E+06,  0.0000000E+00,   31
04/28/2013,  0.2998126E+07,  0.0000000E+00,  0.1073400E+05,  0.1099801E+06,  0.0000000E+00,  0.2003302E+07,  0.0000000E+00,  0.0000000E+00,  0.0000000E+00,  0.0000000E+00,  0.5404055E+09,  0.8391739E+07,  0.7413889E+08,  0.1832700E+11,  0.0000000E+00,  0.4329004E+09,  0.0000000E+00,  0.0000000E+00,  0.0000000E+00,  0.0000000E+00,  0.2282688E+07,  0.0000000E+00,  0.0000000E+00,  0.0000000E+00,  0.0000000E+00,  0.1171476E+08,  0.0000000E+00,  0.1670882E+05,  0.6789028E+05,  0.9844057E+05,  0.1022631E+03,  0.0000000E+00,  0.0000000E+00,  0.0000000E+00,  0.3309294E+05,  0.2106411E+06,  0.2254350E+06,  0.0000000E+00,   26
04/29/2013,  0.2095156E+07,  0.0000000E+00,  0.1073227E+05,  0.1058180E+06,  0.0000000E+00,  0.1961658E+07,  0.0000000E+00,  0.0000000E+00,  0.0000000E+00,  0.0000000E+00,  0.5293139E+09,  0.8312380E+07,  0.7393293E+08,  0.1832641E+11,  0.0000000E+00,  0.4326973E+09,  0.0000000E+00,  0.0000000E+00,  0.0000000E+00,  0.0000000E+00,  0.1359936E+07,  0.0000000E+00,  0.0000000E+00,  0.0000000E+00,  0.0000000E+00,  0.1122888E+08,  0.0000000E+00,  0.1642078E+05,  0.7900791E+05,  0.9739036E+05,  0.9792956E+02,  0.0000000E+00,  0.0000000E+00,  0.0000000E+00,  0.3056853E+05,  0.2050767E+06,  0.2206816E+06,  0.0000000E+00,   32
04/30/2013,  0.1652565E+07,  0.0000000E+00,  0.1077790E+05,  0.1027438E+06,  0.0000000E+00,  0.1945945E+07,  0.0000000E+00,  0.0000000E+00,  0.0000000E+00,  0.0000000E+00,  0.5183642E+09,  0.8239706E+07,  0.7374737E+08,  0.1832581E+11,  0.0000000E+00,  0.4324940E+09,  0.0000000E+00,  0.0000000E+00,  0.0000000E+00,  0.0000000E+00,  0.9270720E+06,  0.0000000E+00,  0.0000000E+00,  0.0000000E+00,  0.0000000E+00,  0.1108059E+08,  0.0000000E+00,  0.1567223E+05,  0.7768933E+05,  0.9999470E+05,  0.9378439E+02,  0.0000000E+00,  0.0000000E+00,  0.0000000E+00,  0.2817806E+05,  0.1999708E+06,  0.1986413E+06,  0.0000000E+00,   33
05/01/2013,  0.1616580E+07,  0.0000000E+00,  0.1074208E+05,  0.1001800E+06,  0.0000000E+00,  0.1935474E+07,  0.0000000E+00,  0.0000000E+00,  0.0000000E+00,  0.0000000E+00,  0.5086228E+09,  0.8171937E+07,  0.7356723E+08,  0.1832524E+11,  0.0000000E+00,  0.4323053E+09,  0.0000000E+00,  0.0000000E+00,  0.0000000E+00,  0.0000000E+00,  0.9002880E+06,  0.0000000E+00,  0.0000000E+00,  0.0000000E+00,  0.0000000E+00,  0.9868817E+07,  0.0000000E+00,  0.1278160E+05,  0.7447649E+05,  0.8438372E+05,  0.8989786E+02,  0.0000000E+00,  0.0000000E+00,  0.0000000E+00,  0.2610872E+05,  0.1967907E+06,  0.1940365E+06,  0.0000000E+00,  237
05/02/2013,  0.1967711E+07,  0.0000000E+00,  0.1065460E+05,  0.9977992E+05,  0.0000000E+00,  0.1928390E+07,  0.0000000E+00,  0.0000000E+00,  0.0000000E+00,  0.0000000E+00,  0.4977202E+09,  0.8113327E+07,  0.7338976E+08,  0.1832467E+11,  0.0000000E+00,  0.4321064E+09,  0.0000000E+00,  0.0000000E+00,  0.0000000E+00,  0.0000000E+00,  0.1266624E+07,  0.0000000E+00,  0.0000000E+00,  0.0000000E+00,  0.0000000E+00,  0.1102037E+08,  0.0000000E+00,  0.1450904E+05,  0.7889366E+05,  0.9817890E+05,  0.8651000E+02,  0.0000000E+00,  0.0000000E+00,  0.0000000E+00,  0.2451999E+05,  0.1941923E+06,  0.1880488E+06,  0.0000000E+00,  211
05/03/2013,  0.2688587E+07,  0.0000000E+00,  0.1036183E+05,  0.9725374E+05,  0.0000000E+00,  0.1919336E+07,  0.0000000E+00,  0.0000000E+00,  0.0000000E+00,  0.0000000E+00,  0.4874785E+09,  0.8052676E+07,  0.7319645E+08,  0.1832411E+11,  0.0000000E+00,  0.4319063E+09,  0.0000000E+00,  0.0000000E+00,  0.0000000E+00,  0.0000000E+00,  0.2003616E+07,  0.0000000E+00,  0.0000000E+00,  0.0000000E+00,  0.0000000E+00,  0.1036594E+08,  0.0000000E+00,  0.1419631E+05,  0.8082555E+05,  0.1033625E+06,  0.8324318E+02,  0.0000000E+00,  0.0000000E+00,  0.0000000E+00,  0.2298762E+05,  0.1941891E+06,  0.2026681E+06,  0.0000000E+00,  220
05/04/2013,  0.2558514E+07,  0.0000000E+00,  0.1010078E+05,  0.9562095E+05,  0.0000000E+00,  0.1888813E+07,  0.0000000E+00,  0.0000000E+00,  0.0000000E+00,  0.0000000E+00,  0.4778195E+09,  0.7995575E+07,  0.7301482E+08,  0.1832354E+11,  0.0000000E+00,  0.4317129E+09,  0.0000000E+00,  0.0000000E+00,  0.0000000E+00,  0.0000000E+00,  0.1864512E+07,  0.0000000E+00,  0.0000000E+00,  0.0000000E+00,  0.0000000E+00,  0.9778566E+07,  0.0000000E+00,  0.1334170E+05,  0.7610146E+05,  0.9862187E+05,  0.8012701E+02,  0.0000000E+00,  0.0000000E+00,  0.0000000E+00,  0.2158053E+05,  0.1899168E+06,  0.1904235E+06,  0.0000000E+00,  214
05/05/2013,  0.2706376E+07,  0.0000000E+00,  0.9875910E+04,  0.9484857E+05,  0.0000000E+00,  0.1885182E+07,  0.0000000E+00,  0.0000000E+00,  0.0000000E+00,  0.0000000E+00,  0.4696593E+09,  0.7942799E+07,  0.7282260E+08,  0.1832300E+11,  0.0000000E+00,  0.4315303E+09,  0.0000000E+00,  0.0000000E+00,  0.0000000E+00,  0.0000000E+00,  0.2026080E+07,  0.0000000E+00,  0.0000000E+00,  0.0000000E+00,  0.0000000E+00,  0.8275177E+07,  0.0000000E+00,  0.1161537E+05,  0.6981010E+05,  0.8796081E+05,  0.7737472E+02,  0.0000000E+00,  0.0000000E+00,  0.0000000E+00,  0.2010698E+05,  0.1870202E+06,  0.2012601E+06,  0.0000000E+00,  220
05/06/2013,  0.2983585E+07,  0.0000000E+00,  0.9647228E+04,  0.9563369E+05,  0.0000000E+00,  0.1887185E+07,  0.0000000E+00,  0.0000000E+00,  0.0000000E+00,  0.0000000E+00,  0.4628817E+09,  0.7898419E+07,  0.7266065E+08,  0.1832246E+11,  0.0000000E+00,  0.4313620E+09,  0.0000000E+00,  0.0000000E+00,  0.0000000E+00,  0.0000000E+00,  0.2317248E+07,  0.0000000E+00,  0.0000000E+00,  0.0000000E+00,  0.0000000E+00,  0.6882450E+07,  0.0000000E+00,  0.9951664E+04,  0.6872125E+05,  0.7152937E+05,  0.7476297E+02,  0.0000000E+00,  0.0000000E+00,  0.0000000E+00,  0.1898568E+05,  0.1848314E+06,  0.1715365E+06,  0.0000000E+00,  217
05/07/2013,  0.2208140E+07,  0.0000000E+00,  0.9453792E+04,  0.9858837E+05,  0.0000000E+00,  0.1862068E+07,  0.0000000E+00,  0.0000000E+00,  0.0000000E+00,  0.0000000E+00,  0.4558782E+09,  0.7863969E+07,  0.7248950E+08,  0.1832190E+11,  0.0000000E+00,  0.4311932E+09,  0.0000000E+00,  0.0000000E+00,  0.0000000E+00,  0.0000000E+00,  0.1531008E+07,  0.0000000E+00,  0.0000000E+00,  0.0000000E+00,  0.0000000E+00,  0.7098967E+07,  0.0000000E+00,  0.1045754E+05,  0.6764999E+05,  0.7494735E+05,  0.7223362E+02,  0.0000000E+00,  0.0000000E+00,  0.0000000E+00,  0.1812315E+05,  0.1872444E+06,  0.1793529E+06,  0.0000000E+00,  225
05/08/2013,  0.2173974E+07,  0.0000000E+00,  0.9195380E+04,  0.9716555E+05,  0.0000000E+00,  0.1861792E+07,  0.0000000E+00,  0.0000000E+00,  0.0000000E+00,  0.0000000E+00,  0.4490107E+09,  0.7825474E+07,  0.7233272E+08,  0.1832135E+11,  0.0000000E+00,  0.4310292E+09,  0.0000000E+00,  0.0000000E+00,  0.0000000E+00,  0.0000000E+00,  0.1496448E+07,  0.0000000E+00,  0.0000000E+00,  0.0000000E+00,  0.0000000E+00,  0.6963100E+07,  0.0000000E+00,  0.1022379E+05,  0.1208491E+06,  0.7071429E+05,  0.6963847E+02,  0.0000000E+00,  0.0000000E+00,  0.0000000E+00,  0.1713594E+05,  0.1806927E+06,  0.1642284E+06,  0.0000000E+00,    9
05/09/2013,  0.2496956E+07,  0.0000000E+00,  0.8945727E+04,  0.9686631E+05,  0.0000000E+00,  0.1852446E+07,  0.0000000E+00,  0.0000000E+00,  0.0000000E+00,  0.0000000E+00,  0.4417114E+09,  0.7787578E+07,  0.7217860E+08,  0.1832077E+11,  0.0000000E+00,  0.4308663E+09,  0.0000000E+00,  0.0000000E+00,  0.0000000E+00,  0.0000000E+00,  0.1839456E+07,  0.0000000E+00,  0.0000000E+00,  0.0000000E+00,  0.0000000E+00,  0.7393137E+07,  0.0000000E+00,  0.9839313E+04,  0.8066685E+05,  0.7006931E+05,  0.6723611E+02,  0.0000000E+00,  0.0000000E+00,  0.0000000E+00,  0.1627323E+05,  0.1779809E+06,  0.1610877E+06,  0.0000000E+00,   12
05/10/2013,  0.2936562E+07,  0.0000000E+00,  0.8671634E+04,  0.9611559E+05,  0.0000000E+00,  0.1847644E+07,  0.0000000E+00,  0.0000000E+00,  0.0000000E+00,  0.0000000E+00,  0.4337671E+09,  0.7748203E+07,  0.7202531E+08,  0.1832022E+11,  0.0000000E+00,  0.4307008E+09,  0.0000000E+00,  0.0000000E+00,  0.0000000E+00,  0.0000000E+00,  0.2287872E+07,  0.0000000E+00,  0.0000000E+00,  0.0000000E+00,  0.0000000E+00,  0.8039161E+07,  0.0000000E+00,  0.1052478E+05,  0.7119919E+05,  0.7612237E+05,  0.6495281E+02,  0.0000000E+00,  0.0000000E+00,  0.0000000E+00,  0.1557023E+05,  0.1759391E+06,  0.1588672E+06,  0.0000000E+00,   14
05/11/2013,  0.2953090E+07,  0.0000000E+00,  0.8401890E+04,  0.9434733E+05,  0.0000000E+00,  0.1822637E+07,  0.0000000E+00,  0.0000000E+00,  0.0000000E+00,  0.0000000E+00,  0.4241324E+09,  0.7706128E+07,  0.7186930E+08,  0.1831964E+11,  0.0000000E+00,  0.4305153E+09,  0.0000000E+00,  0.0000000E+00,  0.0000000E+00,  0.0000000E+00,  0.2306880E+07,  0.0000000E+00,  0.0000000E+00,  0.0000000E+00,  0.0000000E+00,  0.9731832E+07,  0.0000000E+00,  0.1374777E+05,  0.9217857E+05,  0.1030862E+06,  0.6269858E+02,  0.0000000E+00,  0.0000000E+00,  0.0000000E+00,  0.1457022E+05,  0.1724633E+06,  0.1573489E+06,  0.0000000E+00,   23
05/12/2013,  0.2863759E+07,  0.0000000E+00,  0.8075124E+04,  0.9027301E+05,  0.0000000E+00,  0.1805742E+07,  0.0000000E+00,  0.0000000E+00,  0.0000000E+00,  0.0000000E+00,  0.4160169E+09,  0.7656489E+07,  0.7171811E+08,  0.1831907E+11,  0.0000000E+00,  0.4303419E+09,  0.0000000E+00,  0.0000000E+00,  0.0000000E+00,  0.0000000E+00,  0.2219616E+07,  0.0000000E+00,  0.0000000E+00,  0.0000000E+00,  0.0000000E+00,  0.8222883E+07,  0.0000000E+00,  0.1219094E+05,  0.7739738E+05,  0.9396606E+05,  0.6054015E+02,  0.0000000E+00,  0.0000000E+00,  0.0000000E+00,  0.1340659E+05,  0.1694585E+06,  0.1529313E+06,  0.0000000E+00,   13
05/13/2013,  0.1821565E+07,  0.0000000E+00,  0.7906207E+04,  0.8913414E+05,  0.0000000E+00,  0.1762989E+07,  0.0000000E+00,  0.0000000E+00,  0.0000000E+00,  0.0000000E+00,  0.4084475E+09,  0.7614894E+07,  0.7156959E+08,  0.1831850E+11,  0.0000000E+00,  0.4301749E+09,  0.0000000E+00,  0.0000000E+00,  0.0000000E+00,  0.0000000E+00,  0.1156032E+07,  0.0000000E+00,  0.0000000E+00,  0.0000000E+00,  0.0000000E+00,  0.7667885E+07,  0.0000000E+00,  0.1182835E+05,  0.8513908E+05,  0.8843911E+05,  0.5852157E+02,  0.0000000E+00,  0.0000000E+00,  0.0000000E+00,  0.1266343E+05,  0.1666927E+06,  0.1498705E+06,  0.0000000E+00,   60
05/14/2013,  0.1529080E+07,  0.0000000E+00,  0.7673319E+04,  0.8823835E+05,  0.0000000E+00,  0.1773521E+07,  0.0000000E+00,  0.0000000E+00,  0.0000000E+00,  0.0000000E+00,  0.4017939E+09,  0.7576490E+07,  0.7142443E+08,  0.1831793E+11,  0.0000000E+00,  0.4300172E+09,  0.0000000E+00,  0.0000000E+00,  0.0000000E+00,  0.0000000E+00,  0.8907840E+06,  0.0000000E+00,  0.0000000E+00,  0.0000000E+00,  0.0000000E+00,  0.6748056E+07,  0.0000000E+00,  0.1084692E+05,  0.8822110E+05,  0.7832489E+05,  0.5649822E+02,  0.0000000E+00,  0.0000000E+00,  0.0000000E+00,  0.1235212E+05,  0.1643344E+06,  0.1471727E+06,  0.0000000E+00,  104
05/15/2013,  0.1520651E+07,  0.0000000E+00,  0.7456503E+04,  0.8842206E+05,  0.0000000E+00,  0.1770360E+07,  0.0000000E+00,  0.0000000E+00,  0.0000000E+00,  0.0000000E+00,  0.3959180E+09,  0.7543198E+07,  0.7128073E+08,  0.1831738E+11,  0.0000000E+00,  0.4298630E+09,  0.0000000E+00,  0.0000000E+00,  0.0000000E+00,  0.0000000E+00,  0.8925121E+06,  0.0000000E+00,  0.0000000E+00,  0.0000000E+00,  0.0000000E+00,  0.5964219E+07,  0.0000000E+00,  0.1054216E+05,  0.7400186E+05,  0.7501112E+05,  0.5463932E+02,  0.0000000E+00,  0.0000000E+00,  0.0000000E+00,  0.1182821E+05,  0.1627518E+06,  0.1454945E+06,  0.0000000E+00,   55
05/16/2013,  0.2536629E+07,  0.0000000E+00,  0.7225904E+04,  0.8940301E+05,  0.0000000E+00,  0.1784697E+07,  0.0000000E+00,  0.0000000E+00,  0.0000000E+00,  0.0000000E+00,  0.3904900E+09,  0.7513535E+07,  0.7113793E+08,  0.1831685E+11,  0.0000000E+00,  0.4297111E+09,  0.0000000E+00,  0.0000000E+00,  0.0000000E+00,  0.0000000E+00,  0.1933632E+07,  0.0000000E+00,  0.0000000E+00,  0.0000000E+00,  0.0000000E+00,  0.5512046E+07,  0.0000000E+00,  0.1028628E+05,  0.7046597E+05,  0.7274372E+05,  0.5283228E+02,  0.0000000E+00,  0.0000000E+00,  0.0000000E+00,  0.1150460E+05,  0.1625793E+06,  0.1445266E+06,  0.0000000E+00,   62
05/17/2013,  0.2367074E+07,  0.0000000E+00,  0.7005047E+04,  0.8972444E+05,  0.0000000E+00,  0.1755886E+07,  0.0000000E+00,  0.0000000E+00,  0.0000000E+00,  0.0000000E+00,  0.3852022E+09,  0.7485494E+07,  0.7099895E+08,  0.1831633E+11,  0.0000000E+00,  0.4295634E+09,  0.0000000E+00,  0.0000000E+00,  0.0000000E+00,  0.0000000E+00,  0.1746144E+07,  0.0000000E+00,  0.0000000E+00,  0.0000000E+00,  0.0000000E+00,  0.5368836E+07,  0.0000000E+00,  0.9998318E+04,  0.6844188E+05,  0.6891473E+05,  0.5153647E+02,  0.0000000E+00,  0.0000000E+00,  0.0000000E+00,  0.1089881E+05,  0.1606318E+06,  0.1403726E+06,  0.0000000E+00,   10
05/18/2013,  0.2479022E+07,  0.0000000E+00,  0.6876342E+04,  0.8980708E+05,  0.0000000E+00,  0.1754507E+07,  0.0000000E+00,  0.0000000E+00,  0.0000000E+00,  0.0000000E+00,  0.3792683E+09,  0.7457400E+07,  0.7086134E+08,  0.1831579E+11,  0.0000000E+00,  0.4294104E+09,  0.0000000E+00,  0.0000000E+00,  0.0000000E+00,  0.0000000E+00,  0.1875744E+07,  0.0000000E+00,  0.0000000E+00,  0.0000000E+00,  0.0000000E+00,  0.6013551E+07,  0.0000000E+00,  0.1122395E+05,  0.6671268E+05,  0.7673171E+05,  0.5031817E+02,  0.0000000E+00,  0.0000000E+00,  0.0000000E+00,  0.1069725E+05,  0.1590368E+06,  0.1375742E+06,  0.0000000E+00,  299
05/19/2013,  0.1460178E+07,  0.0000000E+00,  0.6369021E+04,  0.8791505E+05,  0.0000000E+00,  0.1719094E+07,  0.0000000E+00,  0.0000000E+00,  0.0000000E+00,  0.0000000E+00,  0.3726612E+09,  0.7425594E+07,  0.7072273E+08,  0.1831522E+11,  0.0000000E+00,  0.4292485E+09,  0.0000000E+00,  0.0000000E+00,  0.0000000E+00,  0.0000000E+00,  0.8415361E+06,  0.0000000E+00,  0.0000000E+00,  0.0000000E+00,  0.0000000E+00,  0.6690981E+07,  0.0000000E+00,  0.1302749E+05,  0.8389330E+05,  0.8983926E+05,  0.4962533E+02,  0.0000000E+00,  0.0000000E+00,  0.0000000E+00,  0.9948440E+04,  0.1563454E+06,  0.1360187E+06,  0.0000000E+00,   23
05/20/2013,  0.1382152E+07,  0.0000000E+00,  0.6144106E+04,  0.8534383E+05,  0.0000000E+00,  0.1712405E+07,  0.0000000E+00,  0.0000000E+00,  0.0000000E+00,  0.0000000E+00,  0.3658610E+09,  0.7389751E+07,  0.7058338E+08,  0.1831464E+11,  0.0000000E+00,  0.4290795E+09,  0.0000000E+00,  0.0000000E+00,  0.0000000E+00,  0.0000000E+00,  0.7793281E+06,  0.0000000E+00,  0.0000000E+00,  0.0000000E+00,  0.0000000E+00,  0.6889531E+07,  0.0000000E+00,  0.1527652E+05,  0.8161091E+05,  0.1025276E+06,  0.4891791E+02,  0.0000000E+00,  0.0000000E+00,  0.0000000E+00,  0.9362167E+04,  0.1543110E+06,  0.1339193E+06,  0.0000000E+00,   24
05/21/2013,  0.1362475E+07,  0.0000000E+00,  0.5889704E+04,  0.8297691E+05,  0.0000000E+00,  0.1700918E+07,  0.0000000E+00,  0.0000000E+00,  0.0000000E+00,  0.0000000E+00,  0.3609261E+09,  0.7353554E+07,  0.7045050E+08,  0.1831410E+11,  0.0000000E+00,  0.4289331E+09,  0.0000000E+00,  0.0000000E+00,  0.0000000E+00,  0.0000000E+00,  0.7706881E+06,  0.0000000E+00,  0.0000000E+00,  0.0000000E+00,  0.0000000E+00,  0.5026485E+07,  0.0000000E+00,  0.1076355E+05,  0.6310261E+05,  0.7872426E+05,  0.4818198E+02,  0.0000000E+00,  0.0000000E+00,  0.0000000E+00,  0.8420715E+04,  0.1527044E+06,  0.1310168E+06,  0.0000000E+00,   17
05/22/2013,  0.1355864E+07,  0.0000000E+00,  0.5783058E+04,  0.8446423E+05,  0.0000000E+00,  0.1705198E+07,  0.0000000E+00,  0.0000000E+00,  0.0000000E+00,  0.0000000E+00,  0.3566304E+09,  0.7328484E+07,  0.7032199E+08,  0.1831357E+11,  0.0000000E+00,  0.4287960E+09,  0.0000000E+00,  0.0000000E+00,  0.0000000E+00,  0.0000000E+00,  0.7698241E+06,  0.0000000E+00,  0.0000000E+00,  0.0000000E+00,  0.0000000E+00,  0.4373777E+07,  0.0000000E+00,  0.8580490E+04,  0.7756031E+05,  0.6786972E+05,  0.4752410E+02,  0.0000000E+00,  0.0000000E+00,  0.0000000E+00,  0.8501711E+04,  0.1517768E+06,  0.1289099E+06,  0.0000000E+00,   16
05/23/2013,  0.1437008E+07,  0.0000000E+00,  0.5614380E+04,  0.8557199E+05,  0.0000000E+00,  0.1703447E+07,  0.0000000E+00,  0.0000000E+00,  0.0000000E+00,  0.0000000E+00,  0.3522736E+09,  0.7307267E+07,  0.7019511E+08,  0.1831304E+11,  0.0000000E+00,  0.4286605E+09,  0.0000000E+00,  0.0000000E+00,  0.0000000E+00,  0.0000000E+00,  0.8588161E+06,  0.0000000E+00,  0.0000000E+00,  0.0000000E+00,  0.0000000E+00,  0.4429357E+07,  0.0000000E+00,  0.7838095E+04,  0.6688162E+05,  0.6625310E+05,  0.4682159E+02,  0.0000000E+00,  0.0000000E+00,  0.0000000E+00,  0.8189471E+04,  0.1508121E+06,  0.1277052E+06,  0.0000000E+00,  138
05/24/2013,  0.2415520E+07,  0.0000000E+00,  0.5424047E+04,  0.8631707E+05,  0.0000000E+00,  0.1711072E+07,  0.0000000E+00,  0.0000000E+00,  0.0000000E+00,  0.0000000E+00,  0.3475762E+09,  0.7285738E+07,  0.7006900E+08,  0.1831253E+11,  0.0000000E+00,  0.4285199E+09,  0.0000000E+00,  0.0000000E+00,  0.0000000E+00,  0.0000000E+00,  0.1858464E+07,  0.0000000E+00,  0.0000000E+00,  0.0000000E+00,  0.0000000E+00,  0.4769606E+07,  0.0000000E+00,  0.8185818E+04,  0.6512658E+05,  0.7387526E+05,  0.4618345E+02,  0.0000000E+00,  0.0000000E+00,  0.0000000E+00,  0.8032880E+04,  0.1504357E+06,  0.1264278E+06,  0.0000000E+00,   21
05/25/2013,  0.2751230E+07,  0.0000000E+00,  0.5214280E+04,  0.8576977E+05,  0.0000000E+00,  0.1694372E+07,  0.0000000E+00,  0.0000000E+00,  0.0000000E+00,  0.0000000E+00,  0.3430784E+09,  0.7261537E+07,  0.6994579E+08,  0.1831202E+11,  0.0000000E+00,  0.4283814E+09,  0.0000000E+00,  0.0000000E+00,  0.0000000E+00,  0.0000000E+00,  0.2190240E+07,  0.0000000E+00,  0.0000000E+00,  0.0000000E+00,  0.0000000E+00,  0.4572318E+07,  0.0000000E+00,  0.7646971E+04,  0.7261959E+05,  0.7387061E+05,  0.4555777E+02,  0.0000000E+00,  0.0000000E+00,  0.0000000E+00,  0.7884286E+04,  0.1492414E+06,  0.1239095E+06,  0.0000000E+00,   15
05/26/2013,  0.2641039E+07,  0.0000000E+00,  0.5038611E+04,  0.8549514E+05,  0.0000000E+00,  0.1678223E+07,  0.0000000E+00,  0.0000000E+00,  0.0000000E+00,  0.0000000E+00,  0.3383786E+09,  0.7238170E+07,  0.6982340E+08,  0.1831150E+11,  0.0000000E+00,  0.4282425E+09,  0.0000000E+00,  0.0000000E+00,  0.0000000E+00,  0.0000000E+00,  0.2077056E+07,  0.0000000E+00,  0.0000000E+00,  0.0000000E+00,  0.0000000E+00,  0.4772819E+07,  0.0000000E+00,  0.7681532E+04,  0.7827741E+05,  0.7665168E+05,  0.4484302E+02,  0.0000000E+00,  0.0000000E+00,  0.0000000E+00,  0.7509383E+04,  0.1477373E+06,  0.1226824E+06,  0.0000000E+00,   15
05/27/2013,  0.2630883E+07,  0.1212242E+05,  0.4879360E+04,  0.8592111E+05,  0.0000000E+00,  0.1688111E+07,  0.2116721E+07,  0.0000000E+00,  0.0000000E+00,  0.0000000E+00,  0.3381257E+09,  0.7240574E+07,  0.6980914E+08,  0.1831104E+11,  0.0000000E+00,  0.4281552E+09,  0.0000000E+00,  0.4250635E+07,  0.0000000E+00,  0.0000000E+00,  0.2062368E+07,  0.0000000E+00,  0.0000000E+00,  0.0000000E+00,  0.0000000E+00,  0.2057094E+07,  0.0000000E+00,  0.6402322E+04,  0.5810545E+05,  0.3730018E+05,  0.4433770E+02,  0.2738376E+03,  0.0000000E+00,  0.0000000E+00,  0.1719308E+06,  0.1481659E+06,  0.1802312E+06,  0.1921138E+07,   40
05/28/2013,  0.1623251E+07,  0.0000000E+00,  0.4868584E+04,  0.8822883E+05,  0.0000000E+00,  0.1644725E+07,  0.0000000E+00,  0.0000000E+00,  0.0000000E+00,  0.0000000E+00,  0.3342062E+09,  0.7226170E+07,  0.6967449E+08,  0.1831052E+11,  0.0000000E+00,  0.4280123E+09,  0.0000000E+00,  0.0000000E+00,  0.0000000E+00,  0.0000000E+00,  0.1033344E+07,  0.2116721E+07,  0.0000000E+00,  0.0000000E+00,  0.0000000E+00,  0.3976186E+07,  0.0000000E+00,  0.1435400E+05,  0.7549452E+05,  0.7850789E+05,  0.4580569E+02,  0.0000000E+00,  0.0000000E+00,  0.0000000E+00,  0.1015336E+05,  0.1455355E+06,  0.1312682E+06,  0.0000000E+00,   14
05/29/2013,  0.2010325E+07,  0.0000000E+00,  0.4546221E+04,  0.8632242E+05,  0.0000000E+00,  0.1660581E+07,  0.0000000E+00,  0.0000000E+00,  0.0000000E+00,  0.0000000E+00,  0.3295887E+09,  0.7202613E+07,  0.6954965E+08,  0.1831001E+11,  0.0000000E+00,  0.4278796E+09,  0.0000000E+00,  0.0000000E+00,  0.0000000E+00,  0.0000000E+00,  0.1452384E+07,  0.0000000E+00,  0.0000000E+00,  0.0000000E+00,  0.0000000E+00,  0.4686788E+07,  0.0000000E+00,  0.1254950E+05,  0.8143909E+05,  0.7115889E+05,  0.4397516E+02,  0.0000000E+00,  0.0000000E+00,  0.0000000E+00,  0.7556608E+04,  0.1442719E+06,  0.1202794E+06,  0.0000000E+00,   14
05/30/2013,  0.2744728E+07,  0.0000000E+00,  0.4358678E+04,  0.8530356E+05,  0.0000000E+00,  0.1660611E+07,  0.0000000E+00,  0.0000000E+00,  0.0000000E+00,  0.0000000E+00,  0.3243609E+09,  0.7176642E+07,  0.6942624E+08,  0.1830950E+11,  0.0000000E+00,  0.4277400E+09,  0.0000000E+00,  0.0000000E+00,  0.0000000E+00,  0.0000000E+00,  0.2201472E+07,  0.0000000E+00,  0.0000000E+00,  0.0000000E+00,  0.0000000E+00,  0.5299997E+07,  0.0000000E+00,  0.1280283E+05,  0.6978349E+05,  0.8179517E+05,  0.4336943E+02,  0.0000000E+00,  0.0000000E+00,  0.0000000E+00,  0.7110196E+04,  0.1429726E+06,  0.1181289E+06,  0.0000000E+00,   16
05/31/2013,  0.2080701E+07,  0.0000000E+00,  0.4146848E+04,  0.8260974E+05,  0.0000000E+00,  0.1620210E+07,  0.0000000E+00,  0.0000000E+00,  0.0000000E+00,  0.0000000E+00,  0.3178832E+09,  0.7146825E+07,  0.6928812E+08,  0.1830897E+11,  0.0000000E+00,  0.4275837E+09,  0.0000000E+00,  0.0000000E+00,  0.0000000E+00,  0.0000000E+00,  0.1523232E+07,  0.0000000E+00,  0.0000000E+00,  0.0000000E+00,  0.0000000E+00,  0.6554146E+07,  0.0000000E+00,  0.1296482E+05,  0.8709957E+05,  0.1061391E+06,  0.4277109E+02,  0.0000000E+00,  0.0000000E+00,  0.0000000E+00,  0.6885090E+04,  0.1402563E+06,  0.1324432E+06,  0.0000000E+00,   25
06/01/2013,  0.2489661E+07,  0.0000000E+00,  0.3923812E+04,  0.7865398E+05,  0.0000000E+00,  0.1617918E+07,  0.0000000E+00,  0.0000000E+00,  0.0000000E+00,  0.0000000E+00,  0.3111811E+09,  0.7109671E+07,  0.6916873E+08,  0.1830842E+11,  0.0000000E+00,  0.4274276E+09,  0.0000000E+00,  0.0000000E+00,  0.0000000E+00,  0.0000000E+00,  0.1952640E+07,  0.0000000E+00,  0.0000000E+00,  0.0000000E+00,  0.0000000E+00,  0.6788591E+07,  0.0000000E+00,  0.1047640E+05,  0.9509295E+05,  0.1115145E+06,  0.4220694E+02,  0.0000000E+00,  0.0000000E+00,  0.0000000E+00,  0.6137160E+04,  0.1380782E+06,  0.1154550E+06,  0.0000000E+00,   24
06/02/2013,  0.2605354E+07,  0.0000000E+00,  0.3806551E+04,  0.7595673E+05,  0.0000000E+00,  0.1603496E+07,  0.0000000E+00,  0.0000000E+00,  0.0000000E+00,  0.0000000E+00,  0.3055613E+09,  0.7072646E+07,  0.6905299E+08,  0.1830788E+11,  0.0000000E+00,  0.4272817E+09,  0.0000000E+00,  0.0000000E+00,  0.0000000E+00,  0.0000000E+00,  0.2068416E+07,  0.0000000E+00,  0.0000000E+00,  0.0000000E+00,  0.0000000E+00,  0.5707675E+07,  0.0000000E+00,  0.8156459E+04,  0.8661278E+05,  0.1029980E+06,  0.4165106E+02,  0.0000000E+00,  0.0000000E+00,  0.0000000E+00,  0.5400128E+04,  0.1360699E+06,  0.1133813E+06,  0.0000000E+00,   19
06/03/2013,  0.1548203E+07,  0.0000000E+00,  0.3762572E+04,  0.7468642E+05,  0.0000000E+00,  0.1568323E+07,  0.0000000E+00,  0.0000000E+00,  0.0000000E+00,  0.0000000E+00,  0.3006646E+09,  0.7042242E+07,  0.6894283E+08,  0.1830733E+11,  0.0000000E+00,  0.4271506E+09,  0.0000000E+00,  0.0000000E+00,  0.0000000E+00,  0.0000000E+00,  0.9884161E+06,  0.0000000E+00,  0.0000000E+00,  0.0000000E+00,  0.0000000E+00,  0.4976994E+07,  0.0000000E+00,  0.6003946E+04,  0.7967903E+05,  0.8691802E+05,  0.4104573E+02,  0.0000000E+00,  0.0000000E+00,  0.0000000E+00,  0.5204809E+04,  0.1336300E+06,  0.1097455E+06,  0.0000000E+00,   19
06/04/2013,  0.1238380E+07,  0.0000000E+00,  0.3758427E+04,  0.7476555E+05,  0.0000000E+00,  0.1571131E+07,  0.0000000E+00,  0.0000000E+00,  0.0000000E+00,  0.0000000E+00,  0.2961141E+09,  0.7017532E+07,  0.6883536E+08,  0.1830677E+11,  0.0000000E+00,  0.4270253E+09,  0.0000000E+00,  0.0000000E+00,  0.0000000E+00,  0.0000000E+00,  0.6903361E+06,  0.0000000E+00,  0.0000000E+00,  0.0000000E+00,  0.0000000E+00,  0.4623621E+07,  0.0000000E+00,  0.5063409E+04,  0.8261496E+05,  0.7971162E+05,  0.4045644E+02,  0.0000000E+00,  0.0000000E+00,  0.0000000E+00,  0.4933808E+04,  0.1318038E+06,  0.1077243E+06,  0.0000000E+00,   23
06/05/2013,  0.1210998E+07,  0.0000000E+00,  0.3730303E+04,  0.7485345E+05,  0.0000000E+00,  0.1574007E+07,  0.0000000E+00,  0.0000000E+00,  0.0000000E+00,  0.0000000E+00,  0.2915290E+09,  0.6994764E+07,  0.6872951E+08,  0.1830623E+11,  0.0000000E+00,  0.4268996E+09,  0.0000000E+00,  0.0000000E+00,  0.0000000E+00,  0.0000000E+00,  0.6773761E+06,  0.0000000E+00,  0.0000000E+00,  0.0000000E+00,  0.0000000E+00,  0.4654818E+07,  0.0000000E+00,  0.4879880E+04,  0.9120773E+05,  0.8027753E+05,  0.3991724E+02,  0.0000000E+00,  0.0000000E+00,  0.0000000E+00,  0.5095534E+04,  0.1307041E+06,  0.1064386E+06,  0.0000000E+00,   22
06/06/2013,  0.2283818E+07,  0.0000000E+00,  0.3711236E+04,  0.7499523E+05,  0.0000000E+00,  0.1587960E+07,  0.0000000E+00,  0.0000000E+00,  0.0000000E+00,  0.0000000E+00,  0.2863574E+09,  0.6971796E+07,  0.6861329E+08,  0.1830573E+11,  0.0000000E+00,  0.4267637E+09,  0.0000000E+00,  0.0000000E+00,  0.0000000E+00,  0.0000000E+00,  0.1777248E+07,  0.0000000E+00,  0.0000000E+00,  0.0000000E+00,  0.0000000E+00,  0.5241577E+07,  0.0000000E+00,  0.5298362E+04,  0.1110289E+06,  0.9399418E+05,  0.3938570E+02,  0.0000000E+00,  0.0000000E+00,  0.0000000E+00,  0.4909402E+04,  0.1306198E+06,  0.1162069E+06,  0.0000000E+00,   29
06/07/2013,  0.2480894E+07,  0.0000000E+00,  0.3690829E+04,  0.7313347E+05,  0.0000000E+00,  0.1563400E+07,  0.0000000E+00,  0.0000000E+00,  0.0000000E+00,  0.0000000E+00,  0.2802062E+09,  0.6942970E+07,  0.6850831E+08,  0.1830518E+11,  0.0000000E+00,  0.4266045E+09,  0.0000000E+00,  0.0000000E+00,  0.0000000E+00,  0.0000000E+00,  0.1972512E+07,  0.0000000E+00,  0.0000000E+00,  0.0000000E+00,  0.0000000E+00,  0.6227457E+07,  0.0000000E+00,  0.6344846E+04,  0.9087983E+05,  0.1264838E+06,  0.3883182E+02,  0.0000000E+00,  0.0000000E+00,  0.0000000E+00,  0.4616481E+04,  0.1288832E+06,  0.1036242E+06,  0.0000000E+00,   25
06/08/2013,  0.2461419E+07,  0.0000000E+00,  0.3493522E+04,  0.6939573E+05,  0.0000000E+00,  0.1544289E+07,  0.0000000E+00,  0.0000000E+00,  0.0000000E+00,  0.0000000E+00,  0.2744636E+09,  0.6907845E+07,  0.6840452E+08,  0.1830462E+11,  0.0000000E+00,  0.4264500E+09,  0.0000000E+00,  0.0000000E+00,  0.0000000E+00,  0.0000000E+00,  0.1956096E+07,  0.0000000E+00,  0.0000000E+00,  0.0000000E+00,  0.0000000E+00,  0.5827773E+07,  0.0000000E+00,  0.5703511E+04,  0.9112297E+05,  0.1268901E+06,  0.3828305E+02,  0.0000000E+00,  0.0000000E+00,  0.0000000E+00,  0.4137132E+04,  0.1271491E+06,  0.1025823E+06,  0.0000000E+00,   19
06/09/2013,  0.2431948E+07,  0.0000000E+00,  0.3376523E+04,  0.6793651E+05,  0.0000000E+00,  0.1535907E+07,  0.0000000E+00,  0.0000000E+00,  0.0000000E+00,  0.0000000E+00,  0.2701508E+09,  0.6877298E+07,  0.6830297E+08,  0.1830409E+11,  0.0000000E+00,  0.4263156E+09,  0.0000000E+00,  0.0000000E+00,  0.0000000E+00,  0.0000000E+00,  0.1930176E+07,  0.0000000E+00,  0.0000000E+00,  0.0000000E+00,  0.0000000E+00,  0.4394380E+07,  0.0000000E+00,  0.4520889E+04,  0.9324032E+05,  0.1058581E+06,  0.3776900E+02,  0.0000000E+00,  0.0000000E+00,  0.0000000E+00,  0.3890270E+04,  0.1262382E+06,  0.1012831E+06,  0.0000000E+00,   22
06/10/2013,  0.1426929E+07,  0.0000000E+00,  0.3347641E+04,  0.6850804E+05,  0.0000000E+00,  0.1511866E+07,  0.0000000E+00,  0.0000000E+00,  0.0000000E+00,  0.0000000E+00,  0.2665883E+09,  0.6856420E+07,  0.6820371E+08,  0.1830357E+11,  0.0000000E+00,  0.4262010E+09,  0.0000000E+00,  0.0000000E+00,  0.0000000E+00,  0.0000000E+00,  0.9037441E+06,  0.0000000E+00,  0.0000000E+00,  0.0000000E+00,  0.0000000E+00,  0.3632416E+07,  0.0000000E+00,  0.3144441E+04,  0.7394892E+05,  0.8070040E+05,  0.3726211E+02,  0.0000000E+00,  0.0000000E+00,  0.0000000E+00,  0.3901932E+04,  0.1248377E+06,  0.1003718E+06,  0.0000000E+00,   19
06/11/2013,  0.1232383E+07,  0.0000000E+00,  0.3240587E+04,  0.7014535E+05,  0.0000000E+00,  0.1520347E+07,  0.0000000E+00,  0.0000000E+00,  0.0000000E+00,  0.0000000E+00,  0.2628604E+09,  0.6841054E+07,  0.6810559E+08,  0.1830305E+11,  0.0000000E+00,  0.4260781E+09,  0.0000000E+00,  0.0000000E+00,  0.0000000E+00,  0.0000000E+00,  0.7274881E+06,  0.0000000E+00,  0.0000000E+00,  0.0000000E+00,  0.0000000E+00,  0.3789934E+07,  0.0000000E+00,  0.3286762E+04,  0.7752276E+05,  0.8914707E+05,  0.3668755E+02,  0.0000000E+00,  0.0000000E+00,  0.0000000E+00,  0.3942721E+04,  0.1239836E+06,  0.9913638E+05,  0.0000000E+00,   25
06/12/2013,  0.1221336E+07,  0.0000000E+00,  0.3030568E+04,  0.6986594E+05,  0.0000000E+00,  0.1519533E+07,  0.0000000E+00,  0.0000000E+00,  0.0000000E+00,  0.0000000E+00,  0.2592578E+09,  0.6823458E+07,  0.6800867E+08,  0.1830256E+11,  0.0000000E+00,  0.4259595E+09,  0.0000000E+00,  0.0000000E+00,  0.0000000E+00,  0.0000000E+00,  0.7240321E+06,  0.0000000E+00,  0.0000000E+00,  0.0000000E+00,  0.0000000E+00,  0.3666393E+07,  0.0000000E+00,  0.2888794E+04,  0.6937556E+05,  0.8411897E+05,  0.3619067E+02,  0.0000000E+00,  0.0000000E+00,  0.0000000E+00,  0.3868328E+04,  0.1229412E+06,  0.9824903E+05,  0.0000000E+00,   24
06/13/2013,  0.1397531E+07,  0.0000000E+00,  0.2871538E+04,  0.7025318E+05,  0.0000000E+00,  0.1518034E+07,  0.0000000E+00,  0.0000000E+00,  0.0000000E+00,  0.0000000E+00,  0.2555168E+09,  0.6806273E+07,  0.6791289E+08,  0.1830204E+11,  0.0000000E+00,  0.4258374E+09,  0.0000000E+00,  0.0000000E+00,  0.0000000E+00,  0.0000000E+00,  0.9054721E+06,  0.0000000E+00,  0.0000000E+00,  0.0000000E+00,  0.0000000E+00,  0.3803411E+07,  0.0000000E+00,  0.2869891E+04,  0.6776059E+05,  0.8858465E+05,  0.3571369E+02,  0.0000000E+00,  0.0000000E+00,  0.0000000E+00,  0.3920075E+04,  0.1222820E+06,  0.9717413E+05,  0.0000000E+00,   22
06/14/2013,  0.1678612E+07,  0.0000000E+00,  0.2689863E+04,  0.7000577E+05,  0.0000000E+00,  0.1512514E+07,  0.0000000E+00,  0.0000000E+00,  0.0000000E+00,  0.0000000E+00,  0.2515993E+09,  0.6787634E+07,  0.6781724E+08,  0.1830154E+11,  0.0000000E+00,  0.4257076E+09,  0.0000000E+00,  0.0000000E+00,  0.0000000E+00,  0.0000000E+00,  0.1196640E+07,  0.0000000E+00,  0.0000000E+00,  0.0000000E+00,  0.0000000E+00,  0.3981153E+07,  0.0000000E+00,  0.3053095E+04,  0.6768327E+05,  0.9900755E+05,  0.3522544E+02,  0.0000000E+00,  0.0000000E+00,  0.0000000E+00,  0.3927549E+04,  0.1217339E+06,  0.9687338E+05,  0.0000000E+00,   22
06/15/2013,  0.2171856E+07,  0.0000000E+00,  0.2511946E+04,  0.6926928E+05,  0.0000000E+00,  0.1510582E+07,  0.0000000E+00,  0.0000000E+00,  0.0000000E+00,  0.0000000E+00,  0.2481774E+09,  0.6767105E+07,  0.6772388E+08,  0.1830108E+11,  0.0000000E+00,  0.4255913E+09,  0.0000000E+00,  0.0000000E+00,  0.0000000E+00,  0.0000000E+00,  0.1697760E+07,  0.0000000E+00,  0.0000000E+00,  0.0000000E+00,  0.0000000E+00,  0.3488385E+07,  0.0000000E+00,  0.2434427E+04,  0.8874752E+05,  0.8422032E+05,  0.3475374E+02,  0.0000000E+00,  0.0000000E+00,  0.0000000E+00,  0.3812676E+04,  0.1215844E+06,  0.9507670E+05,  0.0000000E+00,   21
06/16/2013,  0.2356840E+07,  0.0000000E+00,  0.2414375E+04,  0.7024390E+05,  0.0000000E+00,  0.1501755E+07,  0.0000000E+00,  0.0000000E+00,  0.0000000E+00,  0.0000000E+00,  0.2447428E+09,  0.6750425E+07,  0.6763027E+08,  0.1830059E+11,  0.0000000E+00,  0.4254676E+09,  0.0000000E+00,  0.0000000E+00,  0.0000000E+00,  0.0000000E+00,  0.1881792E+07,  0.0000000E+00,  0.0000000E+00,  0.0000000E+00,  0.0000000E+00,  0.3495989E+07,  0.0000000E+00,  0.2529278E+04,  0.6831711E+05,  0.9286841E+05,  0.3432576E+02,  0.0000000E+00,  0.0000000E+00,  0.0000000E+00,  0.3751478E+04,  0.1210900E+06,  0.9516774E+05,  0.0000000E+00,   20
06/17/2013,  0.1389588E+07,  0.0000000E+00,  0.2257752E+04,  0.6917080E+05,  0.0000000E+00,  0.1464371E+07,  0.0000000E+00,  0.0000000E+00,  0.0000000E+00,  0.0000000E+00,  0.2417407E+09,  0.6732441E+07,  0.6753925E+08,  0.1830009E+11,  0.0000000E+00,  0.4253538E+09,  0.0000000E+00,  0.0000000E+00,  0.0000000E+00,  0.0000000E+00,  0.8743681E+06,  0.0000000E+00,  0.0000000E+00,  0.0000000E+00,  0.0000000E+00,  0.3064188E+07,  0.0000000E+00,  0.2072293E+04,  0.6030296E+05,  0.8161030E+05,  0.3391340E+02,  0.0000000E+00,  0.0000000E+00,  0.0000000E+00,  0.3710772E+04,  0.1193017E+06,  0.9299472E+05,  0.0000000E+00,   16
06/18/2013,  0.1531676E+07,  0.0000000E+00,  0.2167914E+04,  0.7004366E+05,  0.0000000E+00,  0.1479956E+07,  0.0000000E+00,  0.0000000E+00,  0.0000000E+00,  0.0000000E+00,  0.2391045E+09,  0.6717682E+07,  0.6744964E+08,  0.1829962E+11,  0.0000000E+00,  0.4252466E+09,  0.0000000E+00,  0.0000000E+00,  0.0000000E+00,  0.0000000E+00,  0.1050624E+07,  0.0000000E+00,  0.0000000E+00,  0.0000000E+00,  0.0000000E+00,  0.2693753E+07,  0.0000000E+00,  0.1762741E+04,  0.7921831E+05,  0.7286715E+05,  0.3351571E+02,  0.0000000E+00,  0.0000000E+00,  0.0000000E+00,  0.3907723E+04,  0.1188382E+06,  0.9208790E+05,  0.0000000E+00,   17
06/19/2013,  0.1924020E+07,  0.0000000E+00,  0.2073526E+04,  0.7126582E+05,  0.0000000E+00,  0.1488407E+07,  0.0000000E+00,  0.0000000E+00,  0.0000000E+00,  0.0000000E+00,  0.2360996E+09,  0.6705091E+07,  0.6735877E+08,  0.1829914E+11,  0.0000000E+00,  0.4251330E+09,  0.0000000E+00,  0.0000000E+00,  0.0000000E+00,  0.0000000E+00,  0.1457568E+07,  0.0000000E+00,  0.0000000E+00,  0.0000000E+00,  0.0000000E+00,  0.3058620E+07,  0.0000000E+00,  0.1800381E+04,  0.6915087E+05,  0.7978551E+05,  0.3313184E+02,  0.0000000E+00,  0.0000000E+00,  0.0000000E+00,  0.3951742E+04,  0.1184737E+06,  0.9333718E+05,  0.0000000E+00,   19
06/20/2013,  0.2134543E+07,  0.0000000E+00,  0.1899443E+04,  0.7088042E+05,  0.0000000E+00,  0.1478719E+07,  0.0000000E+00,  0.0000000E+00,  0.0000000E+00,  0.0000000E+00,  0.2329008E+09,  0.6689095E+07,  0.6727117E+08,  0.1829866E+11,  0.0000000E+00,  0.4250163E+09,  0.0000000E+00,  0.0000000E+00,  0.0000000E+00,  0.0000000E+00,  0.1667520E+07,  0.0000000E+00,  0.0000000E+00,  0.0000000E+00,  0.0000000E+00,  0.3256058E+07,  0.0000000E+00,  0.1749591E+04,  0.6380290E+05,  0.8416728E+05,  0.3268545E+02,  0.0000000E+00,  0.0000000E+00,  0.0000000E+00,  0.4009518E+04,  0.1180884E+06,  0.9019061E+05,  0.0000000E+00,   24
06/21/2013,  0.2276552E+07,  0.0000000E+00,  0.1753778E+04,  0.7026505E+05,  0.0000000E+00,  0.1468882E+07,  0.0000000E+00,  0.0000000E+00,  0.0000000E+00,  0.0000000E+00,  0.2295102E+09,  0.6671137E+07,  0.6718428E+08,  0.1829818E+11,  0.0000000E+00,  0.4248900E+09,  0.0000000E+00,  0.0000000E+00,  0.0000000E+00,  0.0000000E+00,  0.1813536E+07,  0.0000000E+00,  0.0000000E+00,  0.0000000E+00,  0.0000000E+00,  0.3449536E+07,  0.0000000E+00,  0.1837922E+04,  0.5990995E+05,  0.9805819E+05,  0.3229353E+02,  0.0000000E+00,  0.0000000E+00,  0.0000000E+00,  0.3917251E+04,  0.1169606E+06,  0.8928040E+05,  0.0000000E+00,   29
06/22/2013,  0.2174599E+07,  0.0000000E+00,  0.1602765E+04,  0.6883507E+05,  0.0000000E+00,  0.1455991E+07,  0.0000000E+00,  0.0000000E+00,  0.0000000E+00,  0.0000000E+00,  0.2256924E+09,  0.6651077E+07,  0.6709409E+08,  0.1829768E+11,  0.0000000E+00,  0.4247571E+09,  0.0000000E+00,  0.0000000E+00,  0.0000000E+00,  0.0000000E+00,  0.1714176E+07,  0.0000000E+00,  0.0000000E+00,  0.0000000E+00,  0.0000000E+00,  0.3879733E+07,  0.0000000E+00,  0.1932658E+04,  0.6445662E+05,  0.1085955E+06,  0.3194203E+02,  0.0000000E+00,  0.0000000E+00,  0.0000000E+00,  0.3730204E+04,  0.1160307E+06,  0.9229346E+05,  0.0000000E+00,   53
06/23/2013,  0.2009460E+07,  0.3186663E+04,  0.1443345E+04,  0.6725660E+05,  0.0000000E+00,  0.1453084E+07,  0.8103628E+06,  0.0000000E+00,  0.0000000E+00,  0.0000000E+00,  0.2233227E+09,  0.6645176E+07,  0.6704259E+08,  0.1829721E+11,  0.0000000E+00,  0.4246482E+09,  0.0000000E+00,  0.1651383E+07,  0.0000000E+00,  0.0000000E+00,  0.1550880E+07,  0.0000000E+00,  0.0000000E+00,  0.0000000E+00,  0.0000000E+00,  0.3105645E+07,  0.0000000E+00,  0.3954485E+04,  0.5519021E+05,  0.8942425E+05,  0.3169059E+02,  0.7241456E+02,  0.0000000E+00,  0.0000000E+00,  0.5724420E+05,  0.1154293E+06,  0.1051000E+06,  0.7405897E+06,   22
06/24/2013,  0.2471120E+07,  0.5667698E+04,  0.1427454E+04,  0.6873718E+05,  0.0000000E+00,  0.1461704E+07,  0.1902023E+07,  0.0000000E+00,  0.0000000E+00,  0.0000000E+00,  0.2220391E+09,  0.6648463E+07,  0.6700541E+08,  0.1829679E+11,  0.0000000E+00,  0.4245682E+09,  0.0000000E+00,  0.2701786E+07,  0.0000000E+00,  0.0000000E+00,  0.2017440E+07,  0.0000000E+00,  0.0000000E+00,  0.0000000E+00,  0.0000000E+00,  0.2581736E+07,  0.0000000E+00,  0.4435963E+04,  0.8630028E+05,  0.5952444E+05,  0.3209502E+02,  0.1319426E+03,  0.0000000E+00,  0.0000000E+00,  0.8418864E+05,  0.1158543E+06,  0.1172408E+06,  0.1339922E+07,   18
06/25/2013,  0.2702670E+07,  0.0000000E+00,  0.1344351E+04,  0.6947863E+05,  0.0000000E+00,  0.1449264E+07,  0.0000000E+00,  0.0000000E+00,  0.0000000E+00,  0.0000000E+00,  0.2192017E+09,  0.6634294E+07,  0.6691111E+08,  0.1829633E+11,  0.0000000E+00,  0.4244459E+09,  0.0000000E+00,  0.0000000E+00,  0.0000000E+00,  0.0000000E+00,  0.2256768E+07,  0.1902023E+07,  0.0000000E+00,  0.0000000E+00,  0.0000000E+00,  0.2890558E+07,  0.0000000E+00,  0.7743825E+04,  0.7584438E+05,  0.9414487E+05,  0.3319691E+02,  0.0000000E+00,  0.0000000E+00,  0.0000000E+00,  0.5242598E+04,  0.1150622E+06,  0.9243019E+05,  0.0000000E+00,   22
06/26/2013,  0.3092168E+07,  0.0000000E+00,  0.1241858E+04,  0.6920447E+05,  0.0000000E+00,  0.1441247E+07,  0.0000000E+00,  0.0000000E+00,  0.0000000E+00,  0.0000000E+00,  0.2155442E+09,  0.6617939E+07,  0.6682007E+08,  0.1829585E+11,  0.0000000E+00,  0.4243169E+09,  0.0000000E+00,  0.0000000E+00,  0.0000000E+00,  0.0000000E+00,  0.2651616E+07,  0.0000000E+00,  0.0000000E+00,  0.0000000E+00,  0.0000000E+00,  0.3713624E+07,  0.0000000E+00,  0.8095556E+04,  0.8265436E+05,  0.1056948E+06,  0.3187648E+02,  0.0000000E+00,  0.0000000E+00,  0.0000000E+00,  0.4074267E+04,  0.1142721E+06,  0.8732983E+05,  0.0000000E+00,   29
06/27/2013,  0.2735644E+07,  0.0000000E+00,  0.1063222E+04,  0.6675633E+05,  0.0000000E+00,  0.1421566E+07,  0.0000000E+00,  0.0000000E+00,  0.0000000E+00,  0.0000000E+00,  0.2114126E+09,  0.6595141E+07,  0.6673264E+08,  0.1829536E+11,  0.0000000E+00,  0.4241819E+09,  0.0000000E+00,  0.0000000E+00,  0.0000000E+00,  0.0000000E+00,  0.2292192E+07,  0.0000000E+00,  0.0000000E+00,  0.0000000E+00,  0.0000000E+00,  0.4195609E+07,  0.0000000E+00,  0.5800938E+04,  0.7882570E+05,  0.1165796E+06,  0.3140790E+02,  0.0000000E+00,  0.0000000E+00,  0.0000000E+00,  0.3725665E+04,  0.1127912E+06,  0.8565168E+05,  0.0000000E+00,   30
06/28/2013,  0.2564921E+07,  0.0000000E+00,  0.8910151E+03,  0.6452155E+05,  0.0000000E+00,  0.1412333E+07,  0.0000000E+00,  0.0000000E+00,  0.0000000E+00,  0.0000000E+00,  0.2070154E+09,  0.6569966E+07,  0.6664064E+08,  0.1829487E+11,  0.0000000E+00,  0.4240410E+09,  0.0000000E+00,  0.0000000E+00,  0.0000000E+00,  0.0000000E+00,  0.2129760E+07,  0.0000000E+00,  0.0000000E+00,  0.0000000E+00,  0.0000000E+00,  0.4465705E+07,  0.0000000E+00,  0.3147683E+04,  0.8464710E+05,  0.1274189E+06,  0.3107382E+02,  0.0000000E+00,  0.0000000E+00,  0.0000000E+00,  0.3438401E+04,  0.1122079E+06,  0.9258355E+05,  0.0000000E+00,   26
06/29/2013,  0.2902952E+07,  0.0000000E+00,  0.7684854E+03,  0.6270692E+05,  0.0000000E+00,  0.1409116E+07,  0.0000000E+00,  0.0000000E+00,  0.0000000E+00,  0.0000000E+00,  0.2026754E+09,  0.6543836E+07,  0.6655881E+08,  0.1829439E+11,  0.0000000E+00,  0.4239014E+09,  0.0000000E+00,  0.0000000E+00,  0.0000000E+00,  0.0000000E+00,  0.2480544E+07,  0.0000000E+00,  0.0000000E+00,  0.0000000E+00,  0.0000000E+00,  0.4411186E+07,  0.0000000E+00,  0.1973167E+04,  0.6958512E+05,  0.1296286E+06,  0.3074943E+02,  0.0000000E+00,  0.0000000E+00,  0.0000000E+00,  0.3312462E+04,  0.1118197E+06,  0.8345779E+05,  0.0000000E+00,   30
06/30/2013,  0.2781939E+07,  0.0000000E+00,  0.6857302E+03,  0.6135963E+05,  0.0000000E+00,  0.1397577E+07,  0.0000000E+00,  0.0000000E+00,  0.0000000E+00,  0.0000000E+00,  0.1985508E+09,  0.6518941E+07,  0.6647807E+08,  0.1829391E+11,  0.0000000E+00,  0.4237714E+09,  0.0000000E+00,  0.0000000E+00,  0.0000000E+00,  0.0000000E+00,  0.2359584E+07,  0.0000000E+00,  0.0000000E+00,  0.0000000E+00,  0.0000000E+00,  0.4195171E+07,  0.0000000E+00,  0.1422318E+04,  0.7464525E+05,  0.1200870E+06,  0.3040383E+02,  0.0000000E+00,  0.0000000E+00,  0.0000000E+00,  0.3235640E+04,  0.1110267E+06,  0.8283687E+05,  0.0000000E+00,   32
07/01/2013,  0.2577707E+07,  0.0000000E+00,  0.6318428E+03,  0.6079484E+05,  0.0000000E+00,  0.1391472E+07,  0.0000000E+00,  0.0000000E+00,  0.0000000E+00,  0.0000000E+00,  0.1943610E+09,  0.6496467E+07,  0.6639795E+08,  0.1829343E+11,  0.0000000E+00,  0.4236300E+09,  0.0000000E+00,  0.0000000E+00,  0.0000000E+00,  0.0000000E+00,  0.2157408E+07,  0.0000000E+00,  0.0000000E+00,  0.0000000E+00,  0.0000000E+00,  0.4257557E+07,  0.0000000E+00,  0.1287257E+04,  0.7755321E+05,  0.1309804E+06,  0.3009529E+02,  0.0000000E+00,  0.0000000E+00,  0.0000000E+00,  0.3130975E+04,  0.1098315E+06,  0.8224683E+05,  0.0000000E+00,   28
07/02/2013,  0.1614180E+07,  0.0000000E+00,  0.5320901E+03,  0.5892123E+05,  0.0000000E+00,  0.1367323E+07,  0.0000000E+00,  0.0000000E+00,  0.0000000E+00,  0.0000000E+00,  0.1904240E+09,  0.6473669E+07,  0.6631837E+08,  0.1829294E+11,  0.0000000E+00,  0.4234984E+09,  0.0000000E+00,  0.0000000E+00,  0.0000000E+00,  0.0000000E+00,  0.1183680E+07,  0.0000000E+00,  0.0000000E+00,  0.0000000E+00,  0.0000000E+00,  0.4005534E+07,  0.0000000E+00,  0.1069324E+04,  0.8259606E+05,  0.1237847E+06,  0.2979488E+02,  0.0000000E+00,  0.0000000E+00,  0.0000000E+00,  0.2932613E+04,  0.1081136E+06,  0.8172233E+05,  0.0000000E+00,   34
07/03/2013,  0.1703670E+07,  0.0000000E+00,  0.4977228E+03,  0.5861964E+05,  0.0000000E+00,  0.1373914E+07,  0.0000000E+00,  0.0000000E+00,  0.0000000E+00,  0.0000000E+00,  0.1865617E+09,  0.6453233E+07,  0.6623951E+08,  0.1829247E+11,  0.0000000E+00,  0.4233608E+09,  0.0000000E+00,  0.0000000E+00,  0.0000000E+00,  0.0000000E+00,  0.1294272E+07,  0.0000000E+00,  0.0000000E+00,  0.0000000E+00,  0.0000000E+00,  0.3927339E+07,  0.0000000E+00,  0.9510404E+03,  0.8270100E+05,  0.1339575E+06,  0.2950214E+02,  0.0000000E+00,  0.0000000E+00,  0.0000000E+00,  0.2809973E+04,  0.1065804E+06,  0.8099777E+05,  0.0000000E+00,   27
07/04/2013,  0.2360704E+07,  0.0000000E+00,  0.4003701E+03,  0.5809226E+05,  0.0000000E+00,  0.1377643E+07,  0.0000000E+00,  0.0000000E+00,  0.0000000E+00,  0.0000000E+00,  0.1831095E+09,  0.6433279E+07,  0.6616168E+08,  0.1829202E+11,  0.0000000E+00,  0.4232389E+09,  0.0000000E+00,  0.0000000E+00,  0.0000000E+00,  0.0000000E+00,  0.1963872E+07,  0.0000000E+00,  0.0000000E+00,  0.0000000E+00,  0.0000000E+00,  0.3517454E+07,  0.0000000E+00,  0.6924001E+03,  0.7436607E+05,  0.1171836E+06,  0.2921664E+02,  0.0000000E+00,  0.0000000E+00,  0.0000000E+00,  0.2681196E+04,  0.1064214E+06,  0.8009893E+05,  0.0000000E+00,   28
07/05/2013,  0.1725564E+07,  0.0000000E+00,  0.3723432E+03,  0.5833312E+05,  0.0000000E+00,  0.1335606E+07,  0.0000000E+00,  0.0000000E+00,  0.0000000E+00,  0.0000000E+00,  0.1802399E+09,  0.6416808E+07,  0.6608477E+08,  0.1829154E+11,  0.0000000E+00,  0.4231251E+09,  0.0000000E+00,  0.0000000E+00,  0.0000000E+00,  0.0000000E+00,  0.1293408E+07,  0.0000000E+00,  0.0000000E+00,  0.0000000E+00,  0.0000000E+00,  0.2929852E+07,  0.0000000E+00,  0.5143535E+03,  0.8215853E+05,  0.1072980E+06,  0.2890683E+02,  0.0000000E+00,  0.0000000E+00,  0.0000000E+00,  0.2663726E+04,  0.1052433E+06,  0.7933226E+05,  0.0000000E+00,   31
07/06/2013,  0.2671608E+07,  0.0000000E+00,  0.3835632E+03,  0.6009047E+05,  0.0000000E+00,  0.1374667E+07,  0.0000000E+00,  0.0000000E+00,  0.0000000E+00,  0.0000000E+00,  0.1777070E+09,  0.6404105E+07,  0.6600879E+08,  0.1829111E+11,  0.0000000E+00,  0.4230296E+09,  0.0000000E+00,  0.0000000E+00,  0.0000000E+00,  0.0000000E+00,  0.2278368E+07,  0.0000000E+00,  0.0000000E+00,  0.0000000E+00,  0.0000000E+00,  0.2588503E+07,  0.0000000E+00,  0.3606510E+03,  0.6559114E+05,  0.8324564E+05,  0.2860284E+02,  0.0000000E+00,  0.0000000E+00,  0.0000000E+00,  0.2597738E+04,  0.1059594E+06,  0.7848757E+05,  0.0000000E+00,   29
07/07/2013,  0.3042020E+07,  0.0000000E+00,  0.3602427E+03,  0.6216752E+05,  0.0000000E+00,  0.1369502E+07,  0.0000000E+00,  0.0000000E+00,  0.0000000E+00,  0.0000000E+00,  0.1750273E+09,  0.6393758E+07,  0.6593369E+08,  0.1829066E+11,  0.0000000E+00,  0.4229244E+09,  0.0000000E+00,  0.0000000E+00,  0.0000000E+00,  0.0000000E+00,  0.2648160E+07,  0.0000000E+00,  0.0000000E+00,  0.0000000E+00,  0.0000000E+00,  0.2730471E+07,  0.0000000E+00,  0.3829157E+03,  0.8613854E+05,  0.9300501E+05,  0.2833410E+02,  0.0000000E+00,  0.0000000E+00,  0.0000000E+00,  0.2693098E+04,  0.1056879E+06,  0.7768434E+05,  0.0000000E+00,   26
07/08/2013,  0.2115274E+07,  0.0000000E+00,  0.2560744E+03,  0.6167883E+05,  0.0000000E+00,  0.1342020E+07,  0.0000000E+00,  0.0000000E+00,  0.0000000E+00,  0.0000000E+00,  0.1722332E+09,  0.6380497E+07,  0.6585906E+08,  0.1829021E+11,  0.0000000E+00,  0.4228154E+09,  0.0000000E+00,  0.0000000E+00,  0.0000000E+00,  0.0000000E+00,  0.1702080E+07,  0.0000000E+00,  0.0000000E+00,  0.0000000E+00,  0.0000000E+00,  0.2846624E+07,  0.0000000E+00,  0.3259285E+03,  0.8134667E+05,  0.9743900E+05,  0.2802518E+02,  0.0000000E+00,  0.0000000E+00,  0.0000000E+00,  0.2889902E+04,  0.1040931E+06,  0.7745788E+05,  0.0000000E+00,   24
07/09/2013,  0.1989476E+07,  0.0000000E+00,  0.1713579E+03,  0.6126541E+05,  0.0000000E+00,  0.1343437E+07,  0.0000000E+00,  0.0000000E+00,  0.0000000E+00,  0.0000000E+00,  0.1691502E+09,  0.6366054E+07,  0.6578458E+08,  0.1828974E+11,  0.0000000E+00,  0.4226934E+09,  0.0000000E+00,  0.0000000E+00,  0.0000000E+00,  0.0000000E+00,  0.1590624E+07,  0.0000000E+00,  0.0000000E+00,  0.0000000E+00,  0.0000000E+00,  0.3136696E+07,  0.0000000E+00,  0.3722400E+03,  0.7708313E+05,  0.1147180E+06,  0.2776723E+02,  0.0000000E+00,  0.0000000E+00,  0.0000000E+00,  0.2788271E+04,  0.1034712E+06,  0.7714640E+05,  0.0000000E+00,   23
07/10/2013,  0.1776634E+07,  0.0000000E+00,  0.2490204E+02,  0.5977089E+05,  0.0000000E+00,  0.1335636E+07,  0.0000000E+00,  0.0000000E+00,  0.0000000E+00,  0.0000000E+00,  0.1666002E+09,  0.6348936E+07,  0.6571138E+08,  0.1828929E+11,  0.0000000E+00,  0.4225886E+09,  0.0000000E+00,  0.0000000E+00,  0.0000000E+00,  0.0000000E+00,  0.1377216E+07,  0.0000000E+00,  0.0000000E+00,  0.0000000E+00,  0.0000000E+00,  0.2607722E+07,  0.0000000E+00,  0.2838150E+03,  0.7431707E+05,  0.9555378E+05,  0.2751452E+02,  0.0000000E+00,  0.0000000E+00,  0.0000000E+00,  0.2562517E+04,  0.1029257E+06,  0.7573082E+05,  0.0000000E+00,   28
07/11/2013,  0.1675931E+07,  0.0000000E+00,  0.4352253E+02,  0.6075565E+05,  0.0000000E+00,  0.1334565E+07,  0.0000000E+00,  0.0000000E+00,  0.0000000E+00,  0.0000000E+00,  0.1643439E+09,  0.6335777E+07,  0.6563814E+08,  0.1828884E+11,  0.0000000E+00,  0.4224932E+09,  0.0000000E+00,  0.0000000E+00,  0.0000000E+00,  0.0000000E+00,  0.1277856E+07,  0.0000000E+00,  0.0000000E+00,  0.0000000E+00,  0.0000000E+00,  0.2308617E+07,  0.0000000E+00,  0.2320547E+03,  0.5989574E+05,  0.8299926E+05,  0.2726679E+02,  0.0000000E+00,  0.0000000E+00,  0.0000000E+00,  0.2743147E+04,  0.1027022E+06,  0.7600531E+05,  0.0000000E+00,   26
07/12/2013,  0.1679023E+07,  0.0000000E+00,  0.4120034E+02,  0.6181655E+05,  0.0000000E+00,  0.1334050E+07,  0.0000000E+00,  0.0000000E+00,  0.0000000E+00,  0.0000000E+00,  0.1620241E+09,  0.6324297E+07,  0.6556512E+08,  0.1828841E+11,  0.0000000E+00,  0.4223932E+09,  0.0000000E+00,  0.0000000E+00,  0.0000000E+00,  0.0000000E+00,  0.1285632E+07,  0.0000000E+00,  0.0000000E+00,  0.0000000E+00,  0.0000000E+00,  0.2368657E+07,  0.0000000E+00,  0.2402682E+03,  0.7587661E+05,  0.8726542E+05,  0.2702376E+02,  0.0000000E+00,  0.0000000E+00,  0.0000000E+00,  0.2926995E+04,  0.1021880E+06,  0.7595554E+05,  0.0000000E+00,   29
07/13/2013,  0.2402729E+07,  0.0000000E+00,  0.0000000E+00,  0.6213873E+05,  0.0000000E+00,  0.1331892E+07,  0.0000000E+00,  0.0000000E+00,  0.0000000E+00,  0.0000000E+00,  0.1595844E+09,  0.6311776E+07,  0.6549295E+08,  0.1828798E+11,  0.0000000E+00,  0.4222849E+09,  0.0000000E+00,  0.0000000E+00,  0.0000000E+00,  0.0000000E+00,  0.2015712E+07,  0.0000000E+00,  0.0000000E+00,  0.0000000E+00,  0.0000000E+00,  0.2489155E+07,  0.0000000E+00,  0.2383050E+03,  0.6247329E+05,  0.9775145E+05,  0.2675405E+02,  0.0000000E+00,  0.0000000E+00,  0.0000000E+00,  0.2780190E+04,  0.1019216E+06,  0.7495875E+05,  0.0000000E+00,   26
07/14/2013,  0.2574718E+07,  0.0000000E+00,  0.0000000E+00,  0.6164949E+05,  0.0000000E+00,  0.1319814E+07,  0.0000000E+00,  0.0000000E+00,  0.0000000E+00,  0.0000000E+00,  0.1573124E+09,  0.6297174E+07,  0.6540707E+08,  0.1828756E+11,  0.0000000E+00,  0.4221828E+09,  0.0000000E+00,  0.0000000E+00,  0.0000000E+00,  0.0000000E+00,  0.2182464E+07,  0.0000000E+00,  0.0000000E+00,  0.0000000E+00,  0.0000000E+00,  0.2324938E+07,  0.0000000E+00,  0.2102742E+03,  0.7857171E+05,  0.9128073E+05,  0.2651843E+02,  0.0000000E+00,  0.0000000E+00,  0.0000000E+00,  0.3054425E+04,  0.1029678E+06,  0.8897237E+05,  0.0000000E+00,   32
07/15/2013,  0.1804525E+07,  0.0000000E+00,  0.0000000E+00,  0.6150634E+05,  0.0000000E+00,  0.1298997E+07,  0.0000000E+00,  0.0000000E+00,  0.0000000E+00,  0.0000000E+00,  0.1553404E+09,  0.6283773E+07,  0.6533474E+08,  0.1828712E+11,  0.0000000E+00,  0.4220890E+09,  0.0000000E+00,  0.0000000E+00,  0.0000000E+00,  0.0000000E+00,  0.1395360E+07,  0.0000000E+00,  0.0000000E+00,  0.0000000E+00,  0.0000000E+00,  0.2022042E+07,  0.0000000E+00,  0.1772131E+03,  0.7110946E+05,  0.8087852E+05,  0.2625572E+02,  0.0000000E+00,  0.0000000E+00,  0.0000000E+00,  0.2920273E+04,  0.1010718E+06,  0.7531590E+05,  0.0000000E+00,   25
07/16/2013,  0.1626826E+07,  0.0000000E+00,  0.0000000E+00,  0.6214895E+05,  0.0000000E+00,  0.1301588E+07,  0.0000000E+00,  0.0000000E+00,  0.0000000E+00,  0.0000000E+00,  0.1532667E+09,  0.6272253E+07,  0.6526366E+08,  0.1828668E+11,  0.0000000E+00,  0.4219932E+09,  0.0000000E+00,  0.0000000E+00,  0.0000000E+00,  0.0000000E+00,  0.1226016E+07,  0.0000000E+00,  0.0000000E+00,  0.0000000E+00,  0.0000000E+00,  0.2120362E+07,  0.0000000E+00,  0.1712884E+03,  0.7039630E+05,  0.8230630E+05,  0.2602726E+02,  0.0000000E+00,  0.0000000E+00,  0.0000000E+00,  0.3037648E+04,  0.1003508E+06,  0.7418790E+05,  0.0000000E+00,   25
07/17/2013,  0.1693452E+07,  0.0000000E+00,  0.0000000E+00,  0.6212498E+05,  0.0000000E+00,  0.1304930E+07,  0.0000000E+00,  0.0000000E+00,  0.0000000E+00,  0.0000000E+00,  0.1511649E+09,  0.6259544E+07,  0.6518215E+08,  0.1828626E+11,  0.0000000E+00,  0.4218963E+09,  0.0000000E+00,  0.0000000E+00,  0.0000000E+00,  0.0000000E+00,  0.1302048E+07,  0.0000000E+00,  0.0000000E+00,  0.0000000E+00,  0.0000000E+00,  0.2150505E+07,  0.0000000E+00,  0.1614597E+03,  0.7884359E+05,  0.8351578E+05,  0.2580230E+02,  0.0000000E+00,  0.0000000E+00,  0.0000000E+00,  0.2886830E+04,  0.1010022E+06,  0.8447440E+05,  0.0000000E+00,   29
07/18/2013,  0.1951339E+07,  0.0000000E+00,  0.0000000E+00,  0.6212773E+05,  0.0000000E+00,  0.1305111E+07,  0.0000000E+00,  0.0000000E+00,  0.0000000E+00,  0.0000000E+00,  0.1488782E+09,  0.6246279E+07,  0.6510044E+08,  0.1828584E+11,  0.0000000E+00,  0.4217924E+09,  0.0000000E+00,  0.0000000E+00,  0.0000000E+00,  0.0000000E+00,  0.1568160E+07,  0.0000000E+00,  0.0000000E+00,  0.0000000E+00,  0.0000000E+00,  0.2335333E+07,  0.0000000E+00,  0.1714164E+03,  0.6777056E+05,  0.9252489E+05,  0.2558090E+02,  0.0000000E+00,  0.0000000E+00,  0.0000000E+00,  0.3114572E+04,  0.1007014E+06,  0.8489047E+05,  0.0000000E+00,   32
07/19/2013,  0.2300967E+07,  0.0000000E+00,  0.0000000E+00,  0.6147447E+05,  0.0000000E+00,  0.1303960E+07,  0.0000000E+00,  0.0000000E+00,  0.0000000E+00,  0.0000000E+00,  0.1465339E+09,  0.6231394E+07,  0.6503080E+08,  0.1828541E+11,  0.0000000E+00,  0.4216879E+09,  0.0000000E+00,  0.0000000E+00,  0.0000000E+00,  0.0000000E+00,  0.1925856E+07,  0.0000000E+00,  0.0000000E+00,  0.0000000E+00,  0.0000000E+00,  0.2394471E+07,  0.0000000E+00,  0.1703972E+03,  0.5741398E+05,  0.9479848E+05,  0.2536290E+02,  0.0000000E+00,  0.0000000E+00,  0.0000000E+00,  0.2919019E+04,  0.9968473E+05,  0.7262243E+05,  0.0000000E+00,   28
07/20/2013,  0.2673459E+07,  0.0000000E+00,  0.0000000E+00,  0.6100412E+05,  0.0000000E+00,  0.1292761E+07,  0.0000000E+00,  0.0000000E+00,  0.0000000E+00,  0.0000000E+00,  0.1442527E+09,  0.6215981E+07,  0.6496213E+08,  0.1828498E+11,  0.0000000E+00,  0.4215835E+09,  0.0000000E+00,  0.0000000E+00,  0.0000000E+00,  0.0000000E+00,  0.2295648E+07,  0.0000000E+00,  0.0000000E+00,  0.0000000E+00,  0.0000000E+00,  0.2332053E+07,  0.0000000E+00,  0.1646806E+03,  0.6677705E+05,  0.9602176E+05,  0.2514815E+02,  0.0000000E+00,  0.0000000E+00,  0.0000000E+00,  0.2935133E+04,  0.9937744E+05,  0.7167159E+05,  0.0000000E+00,   29
07/21/2013,  0.2837240E+07,  0.0000000E+00,  0.0000000E+00,  0.6058665E+05,  0.0000000E+00,  0.1278435E+07,  0.0000000E+00,  0.0000000E+00,  0.0000000E+00,  0.0000000E+00,  0.1420160E+09,  0.6200735E+07,  0.6489421E+08,  0.1828454E+11,  0.0000000E+00,  0.4214800E+09,  0.0000000E+00,  0.0000000E+00,  0.0000000E+00,  0.0000000E+00,  0.2452896E+07,  0.0000000E+00,  0.0000000E+00,  0.0000000E+00,  0.0000000E+00,  0.2287498E+07,  0.0000000E+00,  0.1483955E+03,  0.6648256E+05,  0.9601602E+05,  0.2490511E+02,  0.0000000E+00,  0.0000000E+00,  0.0000000E+00,  0.2999242E+04,  0.9907591E+05,  0.7100324E+05,  0.0000000E+00,   26
07/22/2013,  0.1991331E+07,  0.0000000E+00,  0.0000000E+00,  0.5971695E+05,  0.0000000E+00,  0.1253330E+07,  0.0000000E+00,  0.0000000E+00,  0.0000000E+00,  0.0000000E+00,  0.1398424E+09,  0.6185543E+07,  0.6482664E+08,  0.1828408E+11,  0.0000000E+00,  0.4213767E+09,  0.0000000E+00,  0.0000000E+00,  0.0000000E+00,  0.0000000E+00,  0.1590624E+07,  0.0000000E+00,  0.0000000E+00,  0.0000000E+00,  0.0000000E+00,  0.2223579E+07,  0.0000000E+00,  0.1412941E+03,  0.8030857E+05,  0.9658163E+05,  0.2469532E+02,  0.0000000E+00,  0.0000000E+00,  0.0000000E+00,  0.2962350E+04,  0.9751703E+05,  0.7061554E+05,  0.0000000E+00,   30
07/23/2013,  0.1770545E+07,  0.0000000E+00,  0.0000000E+00,  0.5911764E+05,  0.0000000E+00,  0.1254065E+07,  0.0000000E+00,  0.0000000E+00,  0.0000000E+00,  0.0000000E+00,  0.1377894E+09,  0.6170769E+07,  0.6475951E+08,  0.1828364E+11,  0.0000000E+00,  0.4212775E+09,  0.0000000E+00,  0.0000000E+00,  0.0000000E+00,  0.0000000E+00,  0.1378080E+07,  0.0000000E+00,  0.0000000E+00,  0.0000000E+00,  0.0000000E+00,  0.2102618E+07,  0.0000000E+00,  0.1301852E+03,  0.6579780E+05,  0.9260057E+05,  0.2448844E+02,  0.0000000E+00,  0.0000000E+00,  0.0000000E+00,  0.2963462E+04,  0.9696327E+05,  0.7018488E+05,  0.0000000E+00,   30
07/24/2013,  0.2216806E+07,  0.0000000E+00,  0.0000000E+00,  0.5926366E+05,  0.0000000E+00,  0.1261324E+07,  0.0000000E+00,  0.0000000E+00,  0.0000000E+00,  0.0000000E+00,  0.1355707E+09,  0.6157043E+07,  0.6469255E+08,  0.1828320E+11,  0.0000000E+00,  0.4211689E+09,  0.0000000E+00,  0.0000000E+00,  0.0000000E+00,  0.0000000E+00,  0.1841184E+07,  0.0000000E+00,  0.0000000E+00,  0.0000000E+00,  0.0000000E+00,  0.2267003E+07,  0.0000000E+00,  0.1222151E+03,  0.6298920E+05,  0.1048704E+06,  0.2428433E+02,  0.0000000E+00,  0.0000000E+00,  0.0000000E+00,  0.2931402E+04,  0.9676774E+05,  0.6999025E+05,  0.0000000E+00,   32
07/25/2013,  0.2476997E+07,  0.0000000E+00,  0.0000000E+00,  0.5826873E+05,  0.0000000E+00,  0.1256179E+07,  0.0000000E+00,  0.0000000E+00,  0.0000000E+00,  0.0000000E+00,  0.1335861E+09,  0.6141505E+07,  0.6462692E+08,  0.1828277E+11,  0.0000000E+00,  0.4210727E+09,  0.0000000E+00,  0.0000000E+00,  0.0000000E+00,  0.0000000E+00,  0.2099520E+07,  0.0000000E+00,  0.0000000E+00,  0.0000000E+00,  0.0000000E+00,  0.2035852E+07,  0.0000000E+00,  0.1001156E+03,  0.6819120E+05,  0.9154938E+05,  0.2408292E+02,  0.0000000E+00,  0.0000000E+00,  0.0000000E+00,  0.2818567E+04,  0.9675220E+05,  0.6856711E+05,  0.0000000E+00,   20
07/26/2013,  0.2376684E+07,  0.0000000E+00,  0.0000000E+00,  0.5887027E+05,  0.0000000E+00,  0.1263212E+07,  0.0000000E+00,  0.0000000E+00,  0.0000000E+00,  0.0000000E+00,  0.1316470E+09,  0.6128455E+07,  0.6456146E+08,  0.1828236E+11,  0.0000000E+00,  0.4209763E+09,  0.0000000E+00,  0.0000000E+00,  0.0000000E+00,  0.0000000E+00,  0.2014848E+07,  0.0000000E+00,  0.0000000E+00,  0.0000000E+00,  0.0000000E+00,  0.1986937E+07,  0.0000000E+00,  0.9243098E+02,  0.8667967E+05,  0.9149785E+05,  0.2383751E+02,  0.0000000E+00,  0.0000000E+00,  0.0000000E+00,  0.2867617E+04,  0.9661985E+05,  0.6845540E+05,  0.0000000E+00,   27
07/27/2013,  0.2866432E+07,  0.0000000E+00,  0.0000000E+00,  0.5929938E+05,  0.0000000E+00,  0.1292935E+07,  0.0000000E+00,  0.0000000E+00,  0.0000000E+00,  0.0000000E+00,  0.1298097E+09,  0.6115988E+07,  0.6449714E+08,  0.1828199E+11,  0.0000000E+00,  0.4208821E+09,  0.0000000E+00,  0.0000000E+00,  0.0000000E+00,  0.0000000E+00,  0.2539296E+07,  0.0000000E+00,  0.0000000E+00,  0.0000000E+00,  0.0000000E+00,  0.1884993E+07,  0.0000000E+00,  0.9875727E+02,  0.6683660E+05,  0.8915775E+05,  0.2364088E+02,  0.0000000E+00,  0.0000000E+00,  0.0000000E+00,  0.2681613E+04,  0.9718924E+05,  0.6711799E+05,  0.0000000E+00,   27
07/28/2013,  0.2996612E+07,  0.0000000E+00,  0.0000000E+00,  0.5969694E+05,  0.0000000E+00,  0.1289501E+07,  0.0000000E+00,  0.0000000E+00,  0.0000000E+00,  0.0000000E+00,  0.1281158E+09,  0.6103947E+07,  0.6443257E+08,  0.1828160E+11,  0.0000000E+00,  0.4207955E+09,  0.0000000E+00,  0.0000000E+00,  0.0000000E+00,  0.0000000E+00,  0.2670624E+07,  0.0000000E+00,  0.0000000E+00,  0.0000000E+00,  0.0000000E+00,  0.1740697E+07,  0.0000000E+00,  0.8629578E+02,  0.5739382E+05,  0.7953271E+05,  0.2341561E+02,  0.0000000E+00,  0.0000000E+00,  0.0000000E+00,  0.2742491E+04,  0.9720800E+05,  0.6743705E+05,  0.0000000E+00,   21
07/29/2013,  0.2068123E+07,  0.0000000E+00,  0.0000000E+00,  0.5990110E+05,  0.0000000E+00,  0.1259718E+07,  0.0000000E+00,  0.0000000E+00,  0.0000000E+00,  0.0000000E+00,  0.1264977E+09,  0.6092547E+07,  0.6436880E+08,  0.1828121E+11,  0.0000000E+00,  0.4207091E+09,  0.0000000E+00,  0.0000000E+00,  0.0000000E+00,  0.0000000E+00,  0.1715904E+07,  0.0000000E+00,  0.0000000E+00,  0.0000000E+00,  0.0000000E+00,  0.1662905E+07,  0.0000000E+00,  0.7683467E+02,  0.8636197E+05,  0.7855855E+05,  0.2322319E+02,  0.0000000E+00,  0.0000000E+00,  0.0000000E+00,  0.2796844E+04,  0.9604546E+05,  0.6670730E+05,  0.0000000E+00,   27
07/30/2013,  0.1784398E+07,  0.0000000E+00,  0.0000000E+00,  0.5984098E+05,  0.0000000E+00,  0.1250067E+07,  0.0000000E+00,  0.0000000E+00,  0.0000000E+00,  0.0000000E+00,  0.1248747E+09,  0.6080987E+07,  0.6430542E+08,  0.1828080E+11,  0.0000000E+00,  0.4206184E+09,  0.0000000E+00,  0.0000000E+00,  0.0000000E+00,  0.0000000E+00,  0.1429056E+07,  0.0000000E+00,  0.0000000E+00,  0.0000000E+00,  0.0000000E+00,  0.1667149E+07,  0.0000000E+00,  0.9170578E+02,  0.6940607E+05,  0.8364565E+05,  0.2300207E+02,  0.0000000E+00,  0.0000000E+00,  0.0000000E+00,  0.2893527E+04,  0.9537449E+05,  0.6639300E+05,  0.0000000E+00,   28
07/31/2013,  0.1770316E+07,  0.0000000E+00,  0.0000000E+00,  0.5945222E+05,  0.0000000E+00,  0.1246867E+07,  0.0000000E+00,  0.0000000E+00,  0.0000000E+00,  0.0000000E+00,  0.1233352E+09,  0.6068801E+07,  0.6424260E+08,  0.1828040E+11,  0.0000000E+00,  0.4205320E+09,  0.0000000E+00,  0.0000000E+00,  0.0000000E+00,  0.0000000E+00,  0.1416960E+07,  0.0000000E+00,  0.0000000E+00,  0.0000000E+00,  0.0000000E+00,  0.1584336E+07,  0.0000000E+00,  0.8273009E+02,  0.7491312E+05,  0.7871049E+05,  0.2281332E+02,  0.0000000E+00,  0.0000000E+00,  0.0000000E+00,  0.2865681E+04,  0.9499791E+05,  0.6581229E+05,  0.0000000E+00,   29
08/01/2013,  0.1873499E+07,  0.0000000E+00,  0.0000000E+00,  0.5974043E+05,  0.0000000E+00,  0.1113709E+07,  0.0000000E+00,  0.0000000E+00,  0.0000000E+00,  0.0000000E+00,  0.1219451E+09,  0.6057328E+07,  0.6415444E+08,  0.1827995E+11,  0.0000000E+00,  0.4205552E+09,  0.0000000E+00,  0.0000000E+00,  0.0000000E+00,  0.0000000E+00,  0.1541376E+07,  0.0000000E+00,  0.0000000E+00,  0.0000000E+00,  0.0000000E+00,  0.1436256E+07,  0.0000000E+00,  0.6581232E+02,  0.6564227E+05,  0.7065050E+05,  0.2262680E+02,  0.0000000E+00,  0.0000000E+00,  0.0000000E+00,  0.2877717E+04,  0.9726335E+05,  0.9117567E+05,  0.0000000E+00,   27
08/02/2013,  0.2024142E+07,  0.0000000E+00,  0.0000000E+00,  0.6041493E+05,  0.0000000E+00,  0.1163148E+07,  0.0000000E+00,  0.0000000E+00,  0.0000000E+00,  0.0000000E+00,  0.1203885E+09,  0.6046690E+07,  0.6409214E+08,  0.1827954E+11,  0.0000000E+00,  0.4205147E+09,  0.0000000E+00,  0.0000000E+00,  0.0000000E+00,  0.0000000E+00,  0.1708128E+07,  0.0000000E+00,  0.0000000E+00,  0.0000000E+00,  0.0000000E+00,  0.1598174E+07,  0.0000000E+00,  0.7876882E+02,  0.6817912E+05,  0.8204729E+05,  0.2244246E+02,  0.0000000E+00,  0.0000000E+00,  0.0000000E+00,  0.3144225E+04,  0.9450045E+05,  0.6556594E+05,  0.0000000E+00,   25
08/03/2013,  0.2280627E+07,  0.0000000E+00,  0.0000000E+00,  0.5973031E+05,  0.0000000E+00,  0.1185152E+07,  0.0000000E+00,  0.0000000E+00,  0.0000000E+00,  0.0000000E+00,  0.1188497E+09,  0.6034023E+07,  0.6401507E+08,  0.1827917E+11,  0.0000000E+00,  0.4204534E+09,  0.0000000E+00,  0.0000000E+00,  0.0000000E+00,  0.0000000E+00,  0.1971648E+07,  0.0000000E+00,  0.0000000E+00,  0.0000000E+00,  0.0000000E+00,  0.1584444E+07,  0.0000000E+00,  0.7867168E+02,  0.6496512E+05,  0.8263065E+05,  0.2226025E+02,  0.0000000E+00,  0.0000000E+00,  0.0000000E+00,  0.2922975E+04,  0.9564830E+05,  0.8012218E+05,  0.0000000E+00,   53
08/04/2013,  0.2140300E+07,  0.0000000E+00,  0.0000000E+00,  0.5959475E+05,  0.0000000E+00,  0.1219074E+07,  0.0000000E+00,  0.0000000E+00,  0.0000000E+00,  0.0000000E+00,  0.1173616E+09,  0.6021609E+07,  0.6391805E+08,  0.1827886E+11,  0.0000000E+00,  0.4203850E+09,  0.0000000E+00,  0.0000000E+00,  0.0000000E+00,  0.0000000E+00,  0.1855872E+07,  0.0000000E+00,  0.0000000E+00,  0.0000000E+00,  0.0000000E+00,  0.1535611E+07,  0.0000000E+00,  0.7189394E+02,  0.5678455E+05,  0.8065055E+05,  0.2208014E+02,  0.0000000E+00,  0.0000000E+00,  0.0000000E+00,  0.2814984E+04,  0.9750706E+05,  0.9996199E+05,  0.0000000E+00,   27
08/05/2013,  0.1946807E+07,  0.0000000E+00,  0.0000000E+00,  0.5930628E+05,  0.0000000E+00,  0.1195739E+07,  0.0000000E+00,  0.0000000E+00,  0.0000000E+00,  0.0000000E+00,  0.1159546E+09,  0.6009146E+07,  0.6385560E+08,  0.1827849E+11,  0.0000000E+00,  0.4203132E+09,  0.0000000E+00,  0.0000000E+00,  0.0000000E+00,  0.0000000E+00,  0.1633824E+07,  0.0000000E+00,  0.0000000E+00,  0.0000000E+00,  0.0000000E+00,  0.1450683E+07,  0.0000000E+00,  0.6170253E+02,  0.7889416E+05,  0.7932292E+05,  0.2190208E+02,  0.0000000E+00,  0.0000000E+00,  0.0000000E+00,  0.2907442E+04,  0.9348437E+05,  0.6549568E+05,  0.0000000E+00,   33
08/06/2013,  0.1779371E+07,  0.0000000E+00,  0.0000000E+00,  0.5897586E+05,  0.0000000E+00,  0.1170416E+07,  0.0000000E+00,  0.0000000E+00,  0.0000000E+00,  0.0000000E+00,  0.1146334E+09,  0.5996838E+07,  0.6379312E+08,  0.1827809E+11,  0.0000000E+00,  0.4202410E+09,  0.0000000E+00,  0.0000000E+00,  0.0000000E+00,  0.0000000E+00,  0.1437696E+07,  0.0000000E+00,  0.0000000E+00,  0.0000000E+00,  0.0000000E+00,  0.1364079E+07,  0.0000000E+00,  0.6307757E+02,  0.6958564E+05,  0.7683877E+05,  0.2172605E+02,  0.0000000E+00,  0.0000000E+00,  0.0000000E+00,  0.3078906E+04,  0.9261939E+05,  0.6569541E+05,  0.0000000E+00,   26
08/07/2013,  0.1637882E+07,  0.0000000E+00,  0.0000000E+00,  0.5900328E+05,  0.0000000E+00,  0.1180048E+07,  0.0000000E+00,  0.0000000E+00,  0.0000000E+00,  0.0000000E+00,  0.1134019E+09,  0.5985373E+07,  0.6373193E+08,  0.1827771E+11,  0.0000000E+00,  0.4201688E+09,  0.0000000E+00,  0.0000000E+00,  0.0000000E+00,  0.0000000E+00,  0.1303776E+07,  0.0000000E+00,  0.0000000E+00,  0.0000000E+00,  0.0000000E+00,  0.1273484E+07,  0.0000000E+00,  0.6306077E+02,  0.7261141E+05,  0.7479775E+05,  0.2155199E+02,  0.0000000E+00,  0.0000000E+00,  0.0000000E+00,  0.3077443E+04,  0.9258557E+05,  0.6440600E+05,  0.0000000E+00,   25
08/08/2013,  0.1429851E+07,  0.0000000E+00,  0.0000000E+00,  0.5900935E+05,  0.0000000E+00,  0.1179866E+07,  0.0000000E+00,  0.0000000E+00,  0.0000000E+00,  0.0000000E+00,  0.1121419E+09,  0.5974403E+07,  0.6367135E+08,  0.1827731E+11,  0.0000000E+00,  0.4200948E+09,  0.0000000E+00,  0.0000000E+00,  0.0000000E+00,  0.0000000E+00,  0.1095552E+07,  0.0000000E+00,  0.0000000E+00,  0.0000000E+00,  0.0000000E+00,  0.1301048E+07,  0.0000000E+00,  0.6976093E+02,  0.6766385E+05,  0.7557671E+05,  0.2137990E+02,  0.0000000E+00,  0.0000000E+00,  0.0000000E+00,  0.3079105E+04,  0.9212723E+05,  0.6377973E+05,  0.0000000E+00,   25
08/09/2013,  0.1444703E+07,  0.0000000E+00,  0.0000000E+00,  0.5882897E+05,  0.0000000E+00,  0.1182816E+07,  0.0000000E+00,  0.0000000E+00,  0.0000000E+00,  0.0000000E+00,  0.1108622E+09,  0.5962983E+07,  0.6361095E+08,  0.1827693E+11,  0.0000000E+00,  0.4200180E+09,  0.0000000E+00,  0.0000000E+00,  0.0000000E+00,  0.0000000E+00,  0.1114560E+07,  0.0000000E+00,  0.0000000E+00,  0.0000000E+00,  0.0000000E+00,  0.1321167E+07,  0.0000000E+00,  0.7421603E+02,  0.6605248E+05,  0.7840887E+05,  0.2120975E+02,  0.0000000E+00,  0.0000000E+00,  0.0000000E+00,  0.3063568E+04,  0.9195046E+05,  0.6358934E+05,  0.0000000E+00,   27
08/10/2013,  0.1444429E+07,  0.0000000E+00,  0.0000000E+00,  0.5849264E+05,  0.0000000E+00,  0.1182923E+07,  0.0000000E+00,  0.0000000E+00,  0.0000000E+00,  0.0000000E+00,  0.1095823E+09,  0.5950881E+07,  0.6353191E+08,  0.1827657E+11,  0.0000000E+00,  0.4199411E+09,  0.0000000E+00,  0.0000000E+00,  0.0000000E+00,  0.0000000E+00,  0.1116288E+07,  0.0000000E+00,  0.0000000E+00,  0.0000000E+00,  0.0000000E+00,  0.1323789E+07,  0.0000000E+00,  0.6481252E+02,  0.9924785E+05,  0.7867177E+05,  0.2104152E+02,  0.0000000E+00,  0.0000000E+00,  0.0000000E+00,  0.3062294E+04,  0.9332383E+05,  0.8223880E+05,  0.0000000E+00,   31
08/11/2013,  0.1425929E+07,  0.0000000E+00,  0.0000000E+00,  0.5826665E+05,  0.0000000E+00,  0.1183189E+07,  0.0000000E+00,  0.0000000E+00,  0.0000000E+00,  0.0000000E+00,  0.1082924E+09,  0.5938822E+07,  0.6347252E+08,  0.1827618E+11,  0.0000000E+00,  0.4198653E+09,  0.0000000E+00,  0.0000000E+00,  0.0000000E+00,  0.0000000E+00,  0.1099872E+07,  0.0000000E+00,  0.0000000E+00,  0.0000000E+00,  0.0000000E+00,  0.1331886E+07,  0.0000000E+00,  0.7060072E+02,  0.5923118E+05,  0.7702003E+05,  0.2084367E+02,  0.0000000E+00,  0.0000000E+00,  0.0000000E+00,  0.3081295E+04,  0.9134661E+05,  0.6259879E+05,  0.0000000E+00,   32
08/12/2013,  0.1246656E+07,  0.0000000E+00,  0.0000000E+00,  0.5793566E+05,  0.0000000E+00,  0.1172884E+07,  0.0000000E+00,  0.0000000E+00,  0.0000000E+00,  0.0000000E+00,  0.1069542E+09,  0.5926579E+07,  0.6341392E+08,  0.1827579E+11,  0.0000000E+00,  0.4197877E+09,  0.0000000E+00,  0.0000000E+00,  0.0000000E+00,  0.0000000E+00,  0.9132482E+06,  0.0000000E+00,  0.0000000E+00,  0.0000000E+00,  0.0000000E+00,  0.1380284E+07,  0.0000000E+00,  0.7261445E+02,  0.7255710E+05,  0.7933435E+05,  0.2067850E+02,  0.0000000E+00,  0.0000000E+00,  0.0000000E+00,  0.3087364E+04,  0.9086973E+05,  0.6180727E+05,  0.0000000E+00,   29
08/13/2013,  0.1165877E+07,  0.0000000E+00,  0.0000000E+00,  0.5744681E+05,  0.0000000E+00,  0.1170112E+07,  0.0000000E+00,  0.0000000E+00,  0.0000000E+00,  0.0000000E+00,  0.1054630E+09,  0.5913749E+07,  0.6335059E+08,  0.1827540E+11,  0.0000000E+00,  0.4196981E+09,  0.0000000E+00,  0.0000000E+00,  0.0000000E+00,  0.0000000E+00,  0.8372162E+06,  0.0000000E+00,  0.0000000E+00,  0.0000000E+00,  0.0000000E+00,  0.1534081E+07,  0.0000000E+00,  0.8147343E+02,  0.7654511E+05,  0.9525174E+05,  0.2051522E+02,  0.0000000E+00,  0.0000000E+00,  0.0000000E+00,  0.3125413E+04,  0.9057143E+05,  0.6655957E+05,  0.0000000E+00,   29
08/14/2013,  0.1156449E+07,  0.0000000E+00,  0.0000000E+00,  0.5616026E+05,  0.0000000E+00,  0.1169206E+07,  0.0000000E+00,  0.0000000E+00,  0.0000000E+00,  0.0000000E+00,  0.1040922E+09,  0.5899109E+07,  0.6329316E+08,  0.1827501E+11,  0.0000000E+00,  0.4196164E+09,  0.0000000E+00,  0.0000000E+00,  0.0000000E+00,  0.0000000E+00,  0.8320322E+06,  0.0000000E+00,  0.0000000E+00,  0.0000000E+00,  0.0000000E+00,  0.1417133E+07,  0.0000000E+00,  0.6794425E+02,  0.6852372E+05,  0.8762179E+05,  0.2035382E+02,  0.0000000E+00,  0.0000000E+00,  0.0000000E+00,  0.2902766E+04,  0.9075071E+05,  0.6046012E+05,  0.0000000E+00,   30
08/15/2013,  0.1165364E+07,  0.0000000E+00,  0.0000000E+00,  0.5634133E+05,  0.0000000E+00,  0.1168809E+07,  0.0000000E+00,  0.0000000E+00,  0.0000000E+00,  0.0000000E+00,  0.1027453E+09,  0.5886485E+07,  0.6322788E+08,  0.1827463E+11,  0.0000000E+00,  0.4195364E+09,  0.0000000E+00,  0.0000000E+00,  0.0000000E+00,  0.0000000E+00,  0.8441282E+06,  0.0000000E+00,  0.0000000E+00,  0.0000000E+00,  0.0000000E+00,  0.1391466E+07,  0.0000000E+00,  0.5671897E+02,  0.7066152E+05,  0.8589796E+05,  0.2019430E+02,  0.0000000E+00,  0.0000000E+00,  0.0000000E+00,  0.2882563E+04,  0.9119497E+05,  0.6829595E+05,  0.0000000E+00,   28
08/16/2013,  0.1175280E+07,  0.0000000E+00,  0.0000000E+00,  0.5622241E+05,  0.0000000E+00,  0.1166472E+07,  0.0000000E+00,  0.0000000E+00,  0.0000000E+00,  0.0000000E+00,  0.1013978E+09,  0.5874321E+07,  0.6317138E+08,  0.1827424E+11,  0.0000000E+00,  0.4194557E+09,  0.0000000E+00,  0.0000000E+00,  0.0000000E+00,  0.0000000E+00,  0.8562242E+06,  0.0000000E+00,  0.0000000E+00,  0.0000000E+00,  0.0000000E+00,  0.1390923E+07,  0.0000000E+00,  0.6125951E+02,  0.6446121E+05,  0.8731652E+05,  0.2003665E+02,  0.0000000E+00,  0.0000000E+00,  0.0000000E+00,  0.2896466E+04,  0.9035773E+05,  0.5951775E+05,  0.0000000E+00,   25
08/17/2013,  0.1150599E+07,  0.0000000E+00,  0.0000000E+00,  0.5590572E+05,  0.0000000E+00,  0.1162671E+07,  0.0000000E+00,  0.0000000E+00,  0.0000000E+00,  0.0000000E+00,  0.1001316E+09,  0.5862025E+07,  0.6311492E+08,  0.1827385E+11,  0.0000000E+00,  0.4193839E+09,  0.0000000E+00,  0.0000000E+00,  0.0000000E+00,  0.0000000E+00,  0.8294402E+06,  0.0000000E+00,  0.0000000E+00,  0.0000000E+00,  0.0000000E+00,  0.1309689E+07,  0.0000000E+00,  0.5487902E+02,  0.6462798E+05,  0.7623999E+05,  0.1984951E+02,  0.0000000E+00,  0.0000000E+00,  0.0000000E+00,  0.2860957E+04,  0.9004679E+05,  0.5945088E+05,  0.0000000E+00,   27
08/18/2013,  0.1270433E+07,  0.0000000E+00,  0.0000000E+00,  0.5627930E+05,  0.0000000E+00,  0.1158619E+07,  0.0000000E+00,  0.0000000E+00,  0.0000000E+00,  0.0000000E+00,  0.9852298E+08,  0.5850733E+07,  0.6305922E+08,  0.1827346E+11,  0.0000000E+00,  0.4192883E+09,  0.0000000E+00,  0.0000000E+00,  0.0000000E+00,  0.0000000E+00,  0.9547202E+06,  0.0000000E+00,  0.0000000E+00,  0.0000000E+00,  0.0000000E+00,  0.1649946E+07,  0.0000000E+00,  0.6023247E+02,  0.7546620E+05,  0.1058880E+06,  0.1969564E+02,  0.0000000E+00,  0.0000000E+00,  0.0000000E+00,  0.2941345E+04,  0.8920991E+05,  0.5876485E+05,  0.0000000E+00,   36
08/19/2013,  0.1256013E+07,  0.0000000E+00,  0.0000000E+00,  0.5384993E+05,  0.0000000E+00,  0.1147628E+07,  0.0000000E+00,  0.0000000E+00,  0.0000000E+00,  0.0000000E+00,  0.9698524E+08,  0.5834722E+07,  0.6300305E+08,  0.1827307E+11,  0.0000000E+00,  0.4191972E+09,  0.0000000E+00,  0.0000000E+00,  0.0000000E+00,  0.0000000E+00,  0.9391682E+06,  0.0000000E+00,  0.0000000E+00,  0.0000000E+00,  0.0000000E+00,  0.1585789E+07,  0.0000000E+00,  0.6375327E+02,  0.7122740E+05,  0.1038695E+06,  0.1954617E+02,  0.0000000E+00,  0.0000000E+00,  0.0000000E+00,  0.2841877E+04,  0.8873616E+05,  0.5913395E+05,  0.0000000E+00,   47
08/20/2013,  0.1610135E+07,  0.0000000E+00,  0.0000000E+00,  0.5346614E+05,  0.0000000E+00,  0.1151386E+07,  0.0000000E+00,  0.0000000E+00,  0.0000000E+00,  0.0000000E+00,  0.9576129E+08,  0.5820435E+07,  0.6294823E+08,  0.1827268E+11,  0.0000000E+00,  0.4191228E+09,  0.0000000E+00,  0.0000000E+00,  0.0000000E+00,  0.0000000E+00,  0.1299456E+07,  0.0000000E+00,  0.0000000E+00,  0.0000000E+00,  0.0000000E+00,  0.1270931E+07,  0.0000000E+00,  0.5100666E+02,  0.5284054E+05,  0.8447470E+05,  0.1939790E+02,  0.0000000E+00,  0.0000000E+00,  0.0000000E+00,  0.2704107E+04,  0.8886907E+05,  0.5765909E+05,  0.0000000E+00,   30
08/21/2013,  0.1505764E+07,  0.0000000E+00,  0.0000000E+00,  0.5449301E+05,  0.0000000E+00,  0.1143923E+07,  0.0000000E+00,  0.0000000E+00,  0.0000000E+00,  0.0000000E+00,  0.9465657E+08,  0.5810375E+07,  0.6289385E+08,  0.1827229E+11,  0.0000000E+00,  0.4190537E+09,  0.0000000E+00,  0.0000000E+00,  0.0000000E+00,  0.0000000E+00,  0.1188000E+07,  0.0000000E+00,  0.0000000E+00,  0.0000000E+00,  0.0000000E+00,  0.1146212E+07,  0.0000000E+00,  0.3327039E+02,  0.6190196E+05,  0.7664070E+05,  0.1925084E+02,  0.0000000E+00,  0.0000000E+00,  0.0000000E+00,  0.2783189E+04,  0.8870591E+05,  0.5731309E+05,  0.0000000E+00,   22
08/22/2013,  0.1281641E+07,  0.0000000E+00,  0.0000000E+00,  0.5515721E+05,  0.0000000E+00,  0.1141269E+07,  0.0000000E+00,  0.0000000E+00,  0.0000000E+00,  0.0000000E+00,  0.9364059E+08,  0.5801652E+07,  0.6284040E+08,  0.1827191E+11,  0.0000000E+00,  0.4189885E+09,  0.0000000E+00,  0.0000000E+00,  0.0000000E+00,  0.0000000E+00,  0.9607682E+06,  0.0000000E+00,  0.0000000E+00,  0.0000000E+00,  0.0000000E+00,  0.1055175E+07,  0.0000000E+00,  0.3262675E+02,  0.6976949E+05,  0.7018493E+05,  0.1910486E+02,  0.0000000E+00,  0.0000000E+00,  0.0000000E+00,  0.2817859E+04,  0.8844892E+05,  0.5641881E+05,  0.0000000E+00,   27
08/23/2013,  0.1172734E+07,  0.0000000E+00,  0.0000000E+00,  0.5594648E+05,  0.0000000E+00,  0.1155404E+07,  0.0000000E+00,  0.0000000E+00,  0.0000000E+00,  0.0000000E+00,  0.9264488E+08,  0.5793952E+07,  0.6278634E+08,  0.1827154E+11,  0.0000000E+00,  0.4189211E+09,  0.0000000E+00,  0.0000000E+00,  0.0000000E+00,  0.0000000E+00,  0.8683202E+06,  0.0000000E+00,  0.0000000E+00,  0.0000000E+00,  0.0000000E+00,  0.1033022E+07,  0.0000000E+00,  0.3296424E+02,  0.6921146E+05,  0.7154811E+05,  0.1896008E+02,  0.0000000E+00,  0.0000000E+00,  0.0000000E+00,  0.2817622E+04,  0.8837681E+05,  0.5701968E+05,  0.0000000E+00,   26
08/24/2013,  0.2100726E+07,  0.0000000E+00,  0.0000000E+00,  0.5693204E+05,  0.0000000E+00,  0.1188448E+07,  0.0000000E+00,  0.0000000E+00,  0.0000000E+00,  0.0000000E+00,  0.9161520E+08,  0.5786387E+07,  0.6273313E+08,  0.1827121E+11,  0.0000000E+00,  0.4188474E+09,  0.0000000E+00,  0.0000000E+00,  0.0000000E+00,  0.0000000E+00,  0.1832544E+07,  0.0000000E+00,  0.0000000E+00,  0.0000000E+00,  0.0000000E+00,  0.1066878E+07,  0.0000000E+00,  0.2619974E+02,  0.6546206E+05,  0.7911889E+05,  0.1881653E+02,  0.0000000E+00,  0.0000000E+00,  0.0000000E+00,  0.2771131E+04,  0.8933540E+05,  0.5613199E+05,  0.0000000E+00,   25
08/25/2013,  0.2412263E+07,  0.0000000E+00,  0.0000000E+00,  0.5695612E+05,  0.0000000E+00,  0.1179840E+07,  0.0000000E+00,  0.0000000E+00,  0.0000000E+00,  0.0000000E+00,  0.9054615E+08,  0.5777572E+07,  0.6267125E+08,  0.1827088E+11,  0.0000000E+00,  0.4187716E+09,  0.0000000E+00,  0.0000000E+00,  0.0000000E+00,  0.0000000E+00,  0.2140992E+07,  0.0000000E+00,  0.0000000E+00,  0.0000000E+00,  0.0000000E+00,  0.1108013E+07,  0.0000000E+00,  0.2987923E+02,  0.7837944E+05,  0.8264462E+05,  0.1867419E+02,  0.0000000E+00,  0.0000000E+00,  0.0000000E+00,  0.2836296E+04,  0.8995110E+05,  0.6487208E+05,  0.0000000E+00,   28
08/26/2013,  0.1788816E+07,  0.0000000E+00,  0.0000000E+00,  0.5639940E+05,  0.0000000E+00,  0.1161904E+07,  0.0000000E+00,  0.0000000E+00,  0.0000000E+00,  0.0000000E+00,  0.8960623E+08,  0.5767905E+07,  0.6259620E+08,  0.1827054E+11,  0.0000000E+00,  0.4187050E+09,  0.0000000E+00,  0.0000000E+00,  0.0000000E+00,  0.0000000E+00,  0.1501632E+07,  0.0000000E+00,  0.0000000E+00,  0.0000000E+00,  0.0000000E+00,  0.9813766E+06,  0.0000000E+00,  0.3081839E+02,  0.7050826E+05,  0.7179039E+05,  0.1850143E+02,  0.0000000E+00,  0.0000000E+00,  0.0000000E+00,  0.2784036E+04,  0.9096728E+05,  0.7797572E+05,  0.0000000E+00,   28
08/27/2013,  0.1177211E+07,  0.0000000E+00,  0.0000000E+00,  0.5668327E+05,  0.0000000E+00,  0.1155394E+07,  0.0000000E+00,  0.0000000E+00,  0.0000000E+00,  0.0000000E+00,  0.8858414E+08,  0.5759979E+07,  0.6254382E+08,  0.1827019E+11,  0.0000000E+00,  0.4186320E+09,  0.0000000E+00,  0.0000000E+00,  0.0000000E+00,  0.0000000E+00,  0.8881922E+06,  0.0000000E+00,  0.0000000E+00,  0.0000000E+00,  0.0000000E+00,  0.1058313E+07,  0.0000000E+00,  0.3184606E+02,  0.6401952E+05,  0.7892761E+05,  0.1836101E+02,  0.0000000E+00,  0.0000000E+00,  0.0000000E+00,  0.2821376E+04,  0.8780748E+05,  0.5534236E+05,  0.0000000E+00,   27
08/28/2013,  0.1166470E+07,  0.0000000E+00,  0.0000000E+00,  0.5613238E+05,  0.0000000E+00,  0.1225064E+07,  0.0000000E+00,  0.0000000E+00,  0.0000000E+00,  0.0000000E+00,  0.8757339E+08,  0.5750790E+07,  0.6249080E+08,  0.1826989E+11,  0.0000000E+00,  0.4185103E+09,  0.0000000E+00,  0.0000000E+00,  0.0000000E+00,  0.0000000E+00,  0.8804162E+06,  0.0000000E+00,  0.0000000E+00,  0.0000000E+00,  0.0000000E+00,  0.1048455E+07,  0.0000000E+00,  0.3210993E+02,  0.7162828E+05,  0.7850555E+05,  0.1822185E+02,  0.0000000E+00,  0.0000000E+00,  0.0000000E+00,  0.2862316E+04,  0.8751263E+05,  0.5602320E+05,  0.0000000E+00,   23
08/29/2013,  0.1568249E+07,  0.0000000E+00,  0.0000000E+00,  0.5621031E+05,  0.0000000E+00,  0.1202004E+07,  0.0000000E+00,  0.0000000E+00,  0.0000000E+00,  0.0000000E+00,  0.8658111E+08,  0.5741987E+07,  0.6242936E+08,  0.1826956E+11,  0.0000000E+00,  0.4184166E+09,  0.0000000E+00,  0.0000000E+00,  0.0000000E+00,  0.0000000E+00,  0.1281312E+07,  0.0000000E+00,  0.0000000E+00,  0.0000000E+00,  0.0000000E+00,  0.1030405E+07,  0.0000000E+00,  0.2548370E+02,  0.5443743E+05,  0.7605509E+05,  0.1808397E+02,  0.0000000E+00,  0.0000000E+00,  0.0000000E+00,  0.2818253E+04,  0.8834509E+05,  0.6440908E+05,  0.0000000E+00,   31
08/30/2013,  0.2437648E+07,  0.0000000E+00,  0.0000000E+00,  0.5665595E+05,  0.0000000E+00,  0.1255840E+07,  0.0000000E+00,  0.0000000E+00,  0.0000000E+00,  0.0000000E+00,  0.8548217E+08,  0.5733382E+07,  0.6237666E+08,  0.1826926E+11,  0.0000000E+00,  0.4182675E+09,  0.0000000E+00,  0.0000000E+00,  0.0000000E+00,  0.0000000E+00,  0.2143584E+07,  0.0000000E+00,  0.0000000E+00,  0.0000000E+00,  0.0000000E+00,  0.1135751E+07,  0.0000000E+00,  0.3296383E+02,  0.6343403E+05,  0.9108883E+05,  0.1794735E+02,  0.0000000E+00,  0.0000000E+00,  0.0000000E+00,  0.3015703E+04,  0.8788139E+05,  0.5585601E+05,  0.0000000E+00,   24
08/31/2013,  0.2105208E+07,  0.0000000E+00,  0.0000000E+00,  0.5532061E+05,  0.0000000E+00,  0.1196458E+07,  0.0000000E+00,  0.0000000E+00,  0.0000000E+00,  0.0000000E+00,  0.8454341E+08,  0.5722560E+07,  0.6232440E+08,  0.1826890E+11,  0.0000000E+00,  0.4181640E+09,  0.0000000E+00,  0.0000000E+00,  0.0000000E+00,  0.0000000E+00,  0.1782432E+07,  0.0000000E+00,  0.0000000E+00,  0.0000000E+00,  0.0000000E+00,  0.9787791E+06,  0.0000000E+00,  0.2630212E+02,  0.6839703E+05,  0.7631736E+05,  0.1776445E+02,  0.0000000E+00,  0.0000000E+00,  0.0000000E+00,  0.2829135E+04,  0.8734993E+05,  0.5523115E+05,  0.0000000E+00,   28
09/01/2013,  0.1860584E+07,  0.0000000E+00,  0.0000000E+00,  0.5591802E+05,  0.0000000E+00,  0.1175874E+07,  0.0000000E+00,  0.0000000E+00,  0.0000000E+00,  0.0000000E+00,  0.8359692E+08,  0.5714633E+07,  0.6226081E+08,  0.1826855E+11,  0.0000000E+00,  0.4180694E+09,  0.0000000E+00,  0.0000000E+00,  0.0000000E+00,  0.0000000E+00,  0.1537920E+07,  0.0000000E+00,  0.0000000E+00,  0.0000000E+00,  0.0000000E+00,  0.9835069E+06,  0.0000000E+00,  0.3161492E+02,  0.6488461E+05,  0.8166584E+05,  0.1763040E+02,  0.0000000E+00,  0.0000000E+00,  0.0000000E+00,  0.2933359E+04,  0.8793822E+05,  0.6665644E+05,  0.0000000E+00,   30
09/02/2013,  0.1846203E+07,  0.0000000E+00,  0.0000000E+00,  0.5575833E+05,  0.0000000E+00,  0.1169474E+07,  0.0000000E+00,  0.0000000E+00,  0.0000000E+00,  0.0000000E+00,  0.8272531E+08,  0.5706325E+07,  0.6220950E+08,  0.1826818E+11,  0.0000000E+00,  0.4179860E+09,  0.0000000E+00,  0.0000000E+00,  0.0000000E+00,  0.0000000E+00,  0.1531872E+07,  0.0000000E+00,  0.0000000E+00,  0.0000000E+00,  0.0000000E+00,  0.9085268E+06,  0.0000000E+00,  0.3106092E+02,  0.5106864E+05,  0.7644238E+05,  0.1749763E+02,  0.0000000E+00,  0.0000000E+00,  0.0000000E+00,  0.2904431E+04,  0.8727163E+05,  0.5435503E+05,  0.0000000E+00,   34
09/03/2013,  0.1568645E+07,  0.0000000E+00,  0.0000000E+00,  0.5604073E+05,  0.0000000E+00,  0.1099806E+07,  0.0000000E+00,  0.0000000E+00,  0.0000000E+00,  0.0000000E+00,  0.8192967E+08,  0.5699064E+07,  0.6215861E+08,  0.1826779E+11,  0.0000000E+00,  0.4179611E+09,  0.0000000E+00,  0.0000000E+00,  0.0000000E+00,  0.0000000E+00,  0.1268352E+07,  0.0000000E+00,  0.0000000E+00,  0.0000000E+00,  0.0000000E+00,  0.8310317E+06,  0.0000000E+00,  0.2587353E+02,  0.6864191E+05,  0.7087297E+05,  0.1736615E+02,  0.0000000E+00,  0.0000000E+00,  0.0000000E+00,  0.2888446E+04,  0.8706894E+05,  0.5391654E+05,  0.0000000E+00,   26
09/04/2013,  0.1459319E+07,  0.0000000E+00,  0.0000000E+00,  0.5657308E+05,  0.0000000E+00,  0.1132008E+07,  0.0000000E+00,  0.0000000E+00,  0.0000000E+00,  0.0000000E+00,  0.8111789E+08,  0.5692745E+07,  0.6210849E+08,  0.1826744E+11,  0.0000000E+00,  0.4179128E+09,  0.0000000E+00,  0.0000000E+00,  0.0000000E+00,  0.0000000E+00,  0.1181088E+07,  0.0000000E+00,  0.0000000E+00,  0.0000000E+00,  0.0000000E+00,  0.8455766E+06,  0.0000000E+00,  0.2628615E+02,  0.6607628E+05,  0.7048964E+05,  0.1723597E+02,  0.0000000E+00,  0.0000000E+00,  0.0000000E+00,  0.2986075E+04,  0.8702872E+05,  0.5324631E+05,  0.0000000E+00,   33
09/05/2013,  0.2098620E+07,  0.0000000E+00,  0.0000000E+00,  0.5712722E+05,  0.0000000E+00,  0.1155156E+07,  0.0000000E+00,  0.0000000E+00,  0.0000000E+00,  0.0000000E+00,  0.8034305E+08,  0.5686241E+07,  0.6203344E+08,  0.1826714E+11,  0.0000000E+00,  0.4178612E+09,  0.0000000E+00,  0.0000000E+00,  0.0000000E+00,  0.0000000E+00,  0.1838592E+07,  0.0000000E+00,  0.0000000E+00,  0.0000000E+00,  0.0000000E+00,  0.8113341E+06,  0.0000000E+00,  0.2074353E+02,  0.7599884E+05,  0.6319930E+05,  0.1710708E+02,  0.0000000E+00,  0.0000000E+00,  0.0000000E+00,  0.2868610E+04,  0.8999245E+05,  0.7806230E+05,  0.0000000E+00,   35
09/06/2013,  0.1719038E+07,  0.0000000E+00,  0.0000000E+00,  0.5746493E+05,  0.0000000E+00,  0.1140515E+07,  0.0000000E+00,  0.0000000E+00,  0.0000000E+00,  0.0000000E+00,  0.7946032E+08,  0.5679801E+07,  0.6196090E+08,  0.1826681E+11,  0.0000000E+00,  0.4177979E+09,  0.0000000E+00,  0.0000000E+00,  0.0000000E+00,  0.0000000E+00,  0.1445472E+07,  0.0000000E+00,  0.0000000E+00,  0.0000000E+00,  0.0000000E+00,  0.9172287E+06,  0.0000000E+00,  0.1618911E+02,  0.7176956E+05,  0.7322063E+05,  0.1697951E+02,  0.0000000E+00,  0.0000000E+00,  0.0000000E+00,  0.3039573E+04,  0.8855615E+05,  0.7572458E+05,  0.0000000E+00,   35
09/07/2013,  0.2048350E+07,  0.0000000E+00,  0.0000000E+00,  0.5683126E+05,  0.0000000E+00,  0.1201773E+07,  0.0000000E+00,  0.0000000E+00,  0.0000000E+00,  0.0000000E+00,  0.7848251E+08,  0.5671080E+07,  0.6190914E+08,  0.1826651E+11,  0.0000000E+00,  0.4176739E+09,  0.0000000E+00,  0.0000000E+00,  0.0000000E+00,  0.0000000E+00,  0.1769472E+07,  0.0000000E+00,  0.0000000E+00,  0.0000000E+00,  0.0000000E+00,  0.1012754E+07,  0.0000000E+00,  0.1980220E+02,  0.7286929E+05,  0.8583894E+05,  0.1685324E+02,  0.0000000E+00,  0.0000000E+00,  0.0000000E+00,  0.3127405E+04,  0.8619031E+05,  0.5501955E+05,  0.0000000E+00,   29
09/08/2013,  0.2072533E+07,  0.0000000E+00,  0.0000000E+00,  0.5566657E+05,  0.0000000E+00,  0.1033195E+07,  0.0000000E+00,  0.0000000E+00,  0.0000000E+00,  0.0000000E+00,  0.7749256E+08,  0.5660559E+07,  0.6185847E+08,  0.1826608E+11,  0.0000000E+00,  0.4176797E+09,  0.0000000E+00,  0.0000000E+00,  0.0000000E+00,  0.0000000E+00,  0.1803168E+07,  0.0000000E+00,  0.0000000E+00,  0.0000000E+00,  0.0000000E+00,  0.1027663E+07,  0.0000000E+00,  0.2924915E+02,  0.6887457E+05,  0.8861928E+05,  0.1672828E+02,  0.0000000E+00,  0.0000000E+00,  0.0000000E+00,  0.3018950E+04,  0.8587298E+05,  0.5382492E+05,  0.0000000E+00,   38
09/09/2013,  0.1233564E+07,  0.0000000E+00,  0.0000000E+00,  0.5447930E+05,  0.0000000E+00,  0.1053805E+07,  0.0000000E+00,  0.0000000E+00,  0.0000000E+00,  0.0000000E+00,  0.7653687E+08,  0.5650028E+07,  0.6180900E+08,  0.1826569E+11,  0.0000000E+00,  0.4176449E+09,  0.0000000E+00,  0.0000000E+00,  0.0000000E+00,  0.0000000E+00,  0.9624962E+06,  0.0000000E+00,  0.0000000E+00,  0.0000000E+00,  0.0000000E+00,  0.9937636E+06,  0.0000000E+00,  0.2629602E+02,  0.7079471E+05,  0.8701872E+05,  0.1660540E+02,  0.0000000E+00,  0.0000000E+00,  0.0000000E+00,  0.2879084E+04,  0.8489850E+05,  0.5248046E+05,  0.0000000E+00,   47
09/10/2013,  0.8951640E+06,  0.0000000E+00,  0.0000000E+00,  0.5391332E+05,  0.0000000E+00,  0.1150087E+07,  0.0000000E+00,  0.0000000E+00,  0.0000000E+00,  0.0000000E+00,  0.7576520E+08,  0.5640420E+07,  0.6175975E+08,  0.1826539E+11,  0.0000000E+00,  0.4175545E+09,  0.0000000E+00,  0.0000000E+00,  0.0000000E+00,  0.0000000E+00,  0.6264002E+06,  0.0000000E+00,  0.0000000E+00,  0.0000000E+00,  0.0000000E+00,  0.8092213E+06,  0.0000000E+00,  0.1476280E+02,  0.6929256E+05,  0.6895904E+05,  0.1648592E+02,  0.0000000E+00,  0.0000000E+00,  0.0000000E+00,  0.2848683E+04,  0.8470367E+05,  0.5223147E+05,  0.0000000E+00,   24
09/11/2013,  0.8876208E+06,  0.0000000E+00,  0.0000000E+00,  0.5494606E+05,  0.0000000E+00,  0.1264992E+07,  0.0000000E+00,  0.0000000E+00,  0.0000000E+00,  0.0000000E+00,  0.7503377E+08,  0.5634345E+07,  0.6171035E+08,  0.1826515E+11,  0.0000000E+00,  0.4173891E+09,  0.0000000E+00,  0.0000000E+00,  0.0000000E+00,  0.0000000E+00,  0.6022082E+06,  0.0000000E+00,  0.0000000E+00,  0.0000000E+00,  0.0000000E+00,  0.7642339E+06,  0.0000000E+00,  0.1627972E+02,  0.6365198E+05,  0.6466545E+05,  0.1636711E+02,  0.0000000E+00,  0.0000000E+00,  0.0000000E+00,  0.2984025E+04,  0.8466714E+05,  0.5252662E+05,  0.0000000E+00,   30
09/12/2013,  0.1146883E+07,  0.0000000E+00,  0.0000000E+00,  0.5561512E+05,  0.0000000E+00,  0.1212122E+07,  0.0000000E+00,  0.0000000E+00,  0.0000000E+00,  0.0000000E+00,  0.7427657E+08,  0.5628728E+07,  0.6166140E+08,  0.1826484E+11,  0.0000000E+00,  0.4172787E+09,  0.0000000E+00,  0.0000000E+00,  0.0000000E+00,  0.0000000E+00,  0.8501762E+06,  0.0000000E+00,  0.0000000E+00,  0.0000000E+00,  0.0000000E+00,  0.7888239E+06,  0.0000000E+00,  0.2000603E+02,  0.6286450E+05,  0.6628986E+05,  0.1624897E+02,  0.0000000E+00,  0.0000000E+00,  0.0000000E+00,  0.3077916E+04,  0.8469613E+05,  0.5216519E+05,  0.0000000E+00,   21
09/13/2013,  0.1718558E+07,  0.0000000E+00,  0.0000000E+00,  0.5603202E+05,  0.0000000E+00,  0.1259231E+07,  0.0000000E+00,  0.0000000E+00,  0.0000000E+00,  0.0000000E+00,  0.7355490E+08,  0.5622536E+07,  0.6161225E+08,  0.1826456E+11,  0.0000000E+00,  0.4171369E+09,  0.0000000E+00,  0.0000000E+00,  0.0000000E+00,  0.0000000E+00,  0.1412640E+07,  0.0000000E+00,  0.0000000E+00,  0.0000000E+00,  0.0000000E+00,  0.7539494E+06,  0.0000000E+00,  0.2010232E+02,  0.6900842E+05,  0.6577483E+05,  0.1613150E+02,  0.0000000E+00,  0.0000000E+00,  0.0000000E+00,  0.3129694E+04,  0.8524713E+05,  0.5241056E+05,  0.0000000E+00,   20
09/14/2013,  0.2166073E+07,  0.0000000E+00,  0.0000000E+00,  0.5646797E+05,  0.0000000E+00,  0.1221041E+07,  0.0000000E+00,  0.0000000E+00,  0.0000000E+00,  0.0000000E+00,  0.7293457E+08,  0.5616873E+07,  0.6156408E+08,  0.1826424E+11,  0.0000000E+00,  0.4170407E+09,  0.0000000E+00,  0.0000000E+00,  0.0000000E+00,  0.0000000E+00,  0.1855008E+07,  0.0000000E+00,  0.0000000E+00,  0.0000000E+00,  0.0000000E+00,  0.6521668E+06,  0.0000000E+00,  0.1492815E+02,  0.7873698E+05,  0.5578912E+05,  0.1601472E+02,  0.0000000E+00,  0.0000000E+00,  0.0000000E+00,  0.3189892E+04,  0.8583131E+05,  0.5149925E+05,  0.0000000E+00, 1536
09/15/2013,  0.2222834E+07,  0.0000000E+00,  0.0000000E+00,  0.5777602E+05,  0.0000000E+00,  0.1193688E+07,  0.0000000E+00,  0.0000000E+00,  0.0000000E+00,  0.0000000E+00,  0.7229935E+08,  0.5612392E+07,  0.6151704E+08,  0.1826389E+11,  0.0000000E+00,  0.4169532E+09,  0.0000000E+00,  0.0000000E+00,  0.0000000E+00,  0.0000000E+00,  0.1908576E+07,  0.0000000E+00,  0.0000000E+00,  0.0000000E+00,  0.0000000E+00,  0.6643545E+06,  0.0000000E+00,  0.2072428E+02,  0.6016162E+05,  0.6512738E+05,  0.1589861E+02,  0.0000000E+00,  0.0000000E+00,  0.0000000E+00,  0.3389761E+04,  0.8582034E+05,  0.5055497E+05,  0.0000000E+00,   24
09/16/2013,  0.1296145E+07,  0.0000000E+00,  0.0000000E+00,  0.5698187E+05,  0.0000000E+00,  0.1164591E+07,  0.0000000E+00,  0.0000000E+00,  0.0000000E+00,  0.0000000E+00,  0.7163747E+08,  0.5606593E+07,  0.6147049E+08,  0.1826353E+11,  0.0000000E+00,  0.4168729E+09,  0.0000000E+00,  0.0000000E+00,  0.0000000E+00,  0.0000000E+00,  0.9728642E+06,  0.0000000E+00,  0.0000000E+00,  0.0000000E+00,  0.0000000E+00,  0.6922451E+06,  0.0000000E+00,  0.2545764E+02,  0.7025104E+05,  0.6741972E+05,  0.1575156E+02,  0.0000000E+00,  0.0000000E+00,  0.0000000E+00,  0.3312263E+04,  0.8485902E+05,  0.4999239E+05,  0.0000000E+00,  156
09/17/2013,  0.1012034E+07,  0.0000000E+00,  0.0000000E+00,  0.5651914E+05,  0.0000000E+00,  0.1160582E+07,  0.0000000E+00,  0.0000000E+00,  0.0000000E+00,  0.0000000E+00,  0.7111692E+08,  0.5600231E+07,  0.6142436E+08,  0.1826315E+11,  0.0000000E+00,  0.4168108E+09,  0.0000000E+00,  0.0000000E+00,  0.0000000E+00,  0.0000000E+00,  0.6972482E+06,  0.0000000E+00,  0.0000000E+00,  0.0000000E+00,  0.0000000E+00,  0.5518112E+06,  0.0000000E+00,  0.1753589E+02,  0.5364379E+05,  0.5147415E+05,  0.1563653E+02,  0.0000000E+00,  0.0000000E+00,  0.0000000E+00,  0.3370428E+04,  0.8478907E+05,  0.4962585E+05,  0.0000000E+00,   23
09/18/2013,  0.9687970E+06,  0.0000000E+00,  0.0000000E+00,  0.5760286E+05,  0.0000000E+00,  0.1160651E+07,  0.0000000E+00,  0.0000000E+00,  0.0000000E+00,  0.0000000E+00,  0.7050248E+08,  0.5596545E+07,  0.6137837E+08,  0.1826281E+11,  0.0000000E+00,  0.4167444E+09,  0.0000000E+00,  0.0000000E+00,  0.0000000E+00,  0.0000000E+00,  0.6652802E+06,  0.0000000E+00,  0.0000000E+00,  0.0000000E+00,  0.0000000E+00,  0.6415082E+06,  0.0000000E+00,  0.1580553E+02,  0.5952619E+05,  0.5971326E+05,  0.1552221E+02,  0.0000000E+00,  0.0000000E+00,  0.0000000E+00,  0.3435971E+04,  0.8441355E+05,  0.4956363E+05,  0.0000000E+00,   28
09/19/2013,  0.1101431E+07,  0.0000000E+00,  0.0000000E+00,  0.5721402E+05,  0.0000000E+00,  0.1159031E+07,  0.0000000E+00,  0.0000000E+00,  0.0000000E+00,  0.0000000E+00,  0.6984507E+08,  0.5590765E+07,  0.6133243E+08,  0.1826247E+11,  0.0000000E+00,  0.4166744E+09,  0.0000000E+00,  0.0000000E+00,  0.0000000E+00,  0.0000000E+00,  0.8087042E+06,  0.0000000E+00,  0.0000000E+00,  0.0000000E+00,  0.0000000E+00,  0.6867279E+06,  0.0000000E+00,  0.1766318E+02,  0.6118939E+05,  0.6754857E+05,  0.1540861E+02,  0.0000000E+00,  0.0000000E+00,  0.0000000E+00,  0.3457614E+04,  0.8421205E+05,  0.4953127E+05,  0.0000000E+00,   30
09/20/2013,  0.1955183E+07,  0.0000000E+00,  0.0000000E+00,  0.5719852E+05,  0.0000000E+00,  0.1171224E+07,  0.0000000E+00,  0.0000000E+00,  0.0000000E+00,  0.0000000E+00,  0.6926631E+08,  0.5584372E+07,  0.6128655E+08,  0.1826214E+11,  0.0000000E+00,  0.4166078E+09,  0.0000000E+00,  0.0000000E+00,  0.0000000E+00,  0.0000000E+00,  0.1684800E+07,  0.0000000E+00,  0.0000000E+00,  0.0000000E+00,  0.0000000E+00,  0.6096464E+06,  0.0000000E+00,  0.1662490E+02,  0.7002060E+05,  0.6695791E+05,  0.1529573E+02,  0.0000000E+00,  0.0000000E+00,  0.0000000E+00,  0.3358821E+04,  0.8504303E+05,  0.4936908E+05,  0.0000000E+00,   26
09/21/2013,  0.1165356E+08,  0.3301851E+06,  0.0000000E+00,  0.5179619E+06,  0.0000000E+00,  0.1868645E+07,  0.3411435E+07,  0.0000000E+00,  0.0000000E+00,  0.0000000E+00,  0.1679713E+09,  0.1236788E+08,  0.6210690E+08,  0.1826297E+11,  0.0000000E+00,  0.4170111E+09,  0.0000000E+00,  0.1184960E+09,  0.0000000E+00,  0.0000000E+00,  0.1117930E+08,  0.0000000E+00,  0.0000000E+00,  0.0000000E+00,  0.0000000E+00,  0.1288591E+07,  0.0000000E+00,  0.1344571E+05,  0.1654732E+06,  0.2175102E+05,  0.2179099E+05,  0.5343772E+04,  0.0000000E+00,  0.0000000E+00,  0.1461410E+07,  0.1088526E+06,  0.6278523E+06,  0.1086693E+09,  109
09/22/2013,  0.4243230E+07,  0.0000000E+00,  0.0000000E+00,  0.1922362E+06,  0.0000000E+00,  0.1201224E+07,  0.2148269E+05,  0.0000000E+00,  0.0000000E+00,  0.0000000E+00,  0.1660831E+09,  0.1172282E+08,  0.6220000E+08,  0.1826278E+11,  0.0000000E+00,  0.4169077E+09,  0.0000000E+00,  0.0000000E+00,  0.0000000E+00,  0.0000000E+00,  0.3791232E+07,  0.3389952E+07,  0.0000000E+00,  0.0000000E+00,  0.0000000E+00,  0.1992903E+07,  0.2483528E-04,  0.3972244E+05,  0.2018952E+06,  0.5184385E+05,  0.2150031E+04,  0.0000000E+00,  0.0000000E+00,  0.0000000E+00,  0.4446025E+06,  0.9861296E+05,  0.3122678E+06,  0.0000000E+00,   18
09/23/2013,  0.2095863E+07,  0.0000000E+00,  0.0000000E+00,  0.1704488E+06,  0.0000000E+00,  0.1181200E+07,  0.0000000E+00,  0.0000000E+00,  0.0000000E+00,  0.0000000E+00,  0.1626973E+09,  0.1126133E+08,  0.6218837E+08,  0.1826250E+11,  0.0000000E+00,  0.4168193E+09,  0.0000000E+00,  0.0000000E+00,  0.0000000E+00,  0.0000000E+00,  0.1673568E+07,  0.2148269E+05,  0.0000000E+00,  0.0000000E+00,  0.0000000E+00,  0.3479371E+07,  0.0000000E+00,  0.5507384E+05,  0.2277374E+06,  0.6177009E+05,  0.1453881E+04,  0.0000000E+00,  0.0000000E+00,  0.0000000E+00,  0.2920548E+06,  0.9606948E+05,  0.2487824E+06,  0.0000000E+00,  121
09/24/2013,  0.1348665E+07,  0.0000000E+00,  0.0000000E+00,  0.1524326E+06,  0.0000000E+00,  0.1188141E+07,  0.0000000E+00,  0.0000000E+00,  0.0000000E+00,  0.0000000E+00,  0.1599419E+09,  0.1088367E+08,  0.6217813E+08,  0.1826220E+11,  0.0000000E+00,  0.4167478E+09,  0.0000000E+00,  0.0000000E+00,  0.0000000E+00,  0.0000000E+00,  0.9668161E+06,  0.0000000E+00,  0.0000000E+00,  0.0000000E+00,  0.0000000E+00,  0.2848031E+07,  0.0000000E+00,  0.4637545E+05,  0.2136232E+06,  0.5388686E+05,  0.1131054E+04,  0.0000000E+00,  0.0000000E+00,  0.0000000E+00,  0.2264436E+06,  0.9496183E+05,  0.1905661E+06,  0.0000000E+00,   28
09/25/2013,  0.1252768E+07,  0.0000000E+00,  0.0000000E+00,  0.1407365E+06,  0.0000000E+00,  0.1187736E+07,  0.0000000E+00,  0.0000000E+00,  0.0000000E+00,  0.0000000E+00,  0.1577064E+09,  0.1055783E+08,  0.6216603E+08,  0.1826189E+11,  0.0000000E+00,  0.4166897E+09,  0.0000000E+00,  0.0000000E+00,  0.0000000E+00,  0.0000000E+00,  0.8890561E+06,  0.0000000E+00,  0.0000000E+00,  0.0000000E+00,  0.0000000E+00,  0.2319536E+07,  0.0000000E+00,  0.3565271E+05,  0.1685220E+06,  0.4324786E+05,  0.9292095E+03,  0.0000000E+00,  0.0000000E+00,  0.0000000E+00,  0.1951702E+06,  0.9496887E+05,  0.1717763E+06,  0.0000000E+00,   16
09/26/2013,  0.1096854E+07,  0.0000000E+00,  0.0000000E+00,  0.1315592E+06,  0.0000000E+00,  0.1179890E+07,  0.0000000E+00,  0.0000000E+00,  0.0000000E+00,  0.0000000E+00,  0.1551867E+09,  0.1027115E+08,  0.6213678E+08,  0.1826159E+11,  0.0000000E+00,  0.4166293E+09,  0.0000000E+00,  0.0000000E+00,  0.0000000E+00,  0.0000000E+00,  0.7464961E+06,  0.0000000E+00,  0.0000000E+00,  0.0000000E+00,  0.0000000E+00,  0.2594840E+07,  0.0000000E+00,  0.3821219E+05,  0.1678247E+06,  0.4867639E+05,  0.7824801E+03,  0.0000000E+00,  0.0000000E+00,  0.0000000E+00,  0.1721629E+06,  0.9298592E+05,  0.1633494E+06,  0.0000000E+00,   18
09/27/2013,  0.9813665E+06,  0.0000000E+00,  0.0000000E+00,  0.1228790E+06,  0.0000000E+00,  0.1029404E+07,  0.0000000E+00,  0.0000000E+00,  0.0000000E+00,  0.0000000E+00,  0.1523866E+09,  0.1001178E+08,  0.6209805E+08,  0.1826118E+11,  0.0000000E+00,  0.4166717E+09,  0.0000000E+00,  0.0000000E+00,  0.0000000E+00,  0.0000000E+00,  0.6566401E+06,  0.0000000E+00,  0.0000000E+00,  0.0000000E+00,  0.0000000E+00,  0.2871490E+07,  0.0000000E+00,  0.4226306E+05,  0.1620183E+06,  0.5807682E+05,  0.6713455E+03,  0.0000000E+00,  0.0000000E+00,  0.0000000E+00,  0.1551627E+06,  0.9070260E+05,  0.1517720E+06,  0.0000000E+00,   64
09/28/2013,  0.1821057E+07,  0.0000000E+00,  0.0000000E+00,  0.1156497E+06,  0.0000000E+00,  0.1086977E+07,  0.0000000E+00,  0.0000000E+00,  0.0000000E+00,  0.0000000E+00,  0.1496550E+09,  0.9777805E+07,  0.6205523E+08,  0.1826086E+11,  0.0000000E+00,  0.4166640E+09,  0.0000000E+00,  0.0000000E+00,  0.0000000E+00,  0.0000000E+00,  0.1531872E+07,  0.0000000E+00,  0.0000000E+00,  0.0000000E+00,  0.0000000E+00,  0.2801234E+07,  0.0000000E+00,  0.3771937E+05,  0.1388726E+06,  0.5709660E+05,  0.5829826E+03,  0.0000000E+00,  0.0000000E+00,  0.0000000E+00,  0.1386186E+06,  0.9055645E+05,  0.1438638E+06,  0.0000000E+00,   21
09/29/2013,  0.2172608E+07,  0.0000000E+00,  0.0000000E+00,  0.1099532E+06,  0.0000000E+00,  0.1098280E+07,  0.0000000E+00,  0.0000000E+00,  0.0000000E+00,  0.0000000E+00,  0.1471923E+09,  0.9567307E+07,  0.6201392E+08,  0.1826054E+11,  0.0000000E+00,  0.4166373E+09,  0.0000000E+00,  0.0000000E+00,  0.0000000E+00,  0.0000000E+00,  0.1884384E+07,  0.0000000E+00,  0.0000000E+00,  0.0000000E+00,  0.0000000E+00,  0.2529108E+07,  0.0000000E+00,  0.3211206E+05,  0.1305991E+06,  0.5638226E+05,  0.5142453E+03,  0.0000000E+00,  0.0000000E+00,  0.0000000E+00,  0.1240809E+06,  0.9040236E+05,  0.1334111E+06,  0.0000000E+00,   14
09/30/2013,  0.1382210E+07,  0.0000000E+00,  0.0000000E+00,  0.1046545E+06,  0.0000000E+00,  0.1081176E+07,  0.0000000E+00,  0.0000000E+00,  0.0000000E+00,  0.0000000E+00,  0.1450080E+09,  0.9378181E+07,  0.6197635E+08,  0.1826022E+11,  0.0000000E+00,  0.4166075E+09,  0.0000000E+00,  0.0000000E+00,  0.0000000E+00,  0.0000000E+00,  0.1053216E+07,  0.0000000E+00,  0.0000000E+00,  0.0000000E+00,  0.0000000E+00,  0.2247248E+07,  0.0000000E+00,  0.2362649E+05,  0.1254418E+06,  0.4950300E+05,  0.4544228E+03,  0.0000000E+00,  0.0000000E+00,  0.0000000E+00,  0.1104850E+06,  0.8941525E+05,  0.1245574E+06,  0.0000000E+00,   19
10/01/2013,  0.1308057E+07,  0.0000000E+00,  0.0000000E+00,  0.1003494E+06,  0.0000000E+00,  0.1180102E+07,  0.0000000E+00,  0.0000000E+00,  0.0000000E+00,  0.0000000E+00,  0.1431462E+09,  0.9205980E+07,  0.6193787E+08,  0.1825997E+11,  0.0000000E+00,  0.4165136E+09,  0.0000000E+00,  0.0000000E+00,  0.0000000E+00,  0.0000000E+00,  0.1003968E+07,  0.0000000E+00,  0.0000000E+00,  0.0000000E+00,  0.0000000E+00,  0.1919376E+07,  0.0000000E+00,  0.1837107E+05,  0.1303515E+06,  0.4490588E+05,  0.4081566E+03,  0.0000000E+00,  0.0000000E+00,  0.0000000E+00,  0.9985559E+05,  0.8593053E+05,  0.1201041E+06,  0.0000000E+00,   25
10/02/2013,  0.1564124E+07,  0.0000000E+00,  0.0000000E+00,  0.9851398E+05,  0.0000000E+00,  0.1241274E+07,  0.0000000E+00,  0.0000000E+00,  0.0000000E+00,  0.0000000E+00,  0.1412744E+09,  0.9053758E+07,  0.6190041E+08,  0.1825974E+11,  0.0000000E+00,  0.4163839E+09,  0.0000000E+00,  0.0000000E+00,  0.0000000E+00,  0.0000000E+00,  0.1245024E+07,  0.0000000E+00,  0.0000000E+00,  0.0000000E+00,  0.0000000E+00,  0.1914409E+07,  0.0000000E+00,  0.1607892E+05,  0.1230581E+06,  0.4591154E+05,  0.3670468E+03,  0.0000000E+00,  0.0000000E+00,  0.0000000E+00,  0.9621727E+05,  0.8549696E+05,  0.1177505E+06,  0.0000000E+00,   18
10/03/2013,  0.1701339E+07,  0.0000000E+00,  0.0000000E+00,  0.9623055E+05,  0.0000000E+00,  0.1199710E+07,  0.0000000E+00,  0.0000000E+00,  0.0000000E+00,  0.0000000E+00,  0.1394687E+09,  0.8913907E+07,  0.6186278E+08,  0.1825943E+11,  0.0000000E+00,  0.4162953E+09,  0.0000000E+00,  0.0000000E+00,  0.0000000E+00,  0.0000000E+00,  0.1374624E+07,  0.0000000E+00,  0.0000000E+00,  0.0000000E+00,  0.0000000E+00,  0.1845817E+07,  0.0000000E+00,  0.1414747E+05,  0.9993837E+05,  0.4877912E+05,  0.3317572E+03,  0.0000000E+00,  0.0000000E+00,  0.0000000E+00,  0.8852771E+05,  0.8530263E+05,  0.1121561E+06,  0.0000000E+00,   12
10/04/2013,  0.1657050E+07,  0.0000000E+00,  0.0000000E+00,  0.9393558E+05,  0.0000000E+00,  0.1180287E+07,  0.0000000E+00,  0.0000000E+00,  0.0000000E+00,  0.0000000E+00,  0.1376350E+09,  0.8784659E+07,  0.6182542E+08,  0.1825911E+11,  0.0000000E+00,  0.4162285E+09,  0.0000000E+00,  0.0000000E+00,  0.0000000E+00,  0.0000000E+00,  0.1332288E+07,  0.0000000E+00,  0.0000000E+00,  0.0000000E+00,  0.0000000E+00,  0.1872222E+07,  0.1400383E+03,  0.1112166E+05,  0.9971619E+05,  0.4427295E+05,  0.3028452E+03,  0.0000000E+00,  0.0000000E+00,  0.0000000E+00,  0.8142337E+05,  0.8492569E+05,  0.1078045E+06,  0.0000000E+00,   13
10/05/2013,  0.1341210E+07,  0.0000000E+00,  0.0000000E+00,  0.9179747E+05,  0.0000000E+00,  0.1161652E+07,  0.0000000E+00,  0.0000000E+00,  0.0000000E+00,  0.0000000E+00,  0.1357377E+09,  0.8666173E+07,  0.6178707E+08,  0.1825878E+11,  0.0000000E+00,  0.4161696E+09,  0.0000000E+00,  0.0000000E+00,  0.0000000E+00,  0.0000000E+00,  0.1010880E+07,  0.0000000E+00,  0.0000000E+00,  0.0000000E+00,  0.0000000E+00,  0.1933407E+07,  0.2596542E+03,  0.1026316E+05,  0.1109988E+06,  0.4523174E+05,  0.2773190E+03,  0.0000000E+00,  0.0000000E+00,  0.0000000E+00,  0.7435443E+05,  0.8409654E+05,  0.1025886E+06,  0.0000000E+00,   13
10/06/2013,  0.1028799E+07,  0.0000000E+00,  0.0000000E+00,  0.8947601E+05,  0.0000000E+00,  0.1149919E+07,  0.0000000E+00,  0.0000000E+00,  0.0000000E+00,  0.0000000E+00,  0.1339045E+09,  0.8555421E+07,  0.6174602E+08,  0.1825847E+11,  0.0000000E+00,  0.4161132E+09,  0.0000000E+00,  0.0000000E+00,  0.0000000E+00,  0.0000000E+00,  0.7032962E+06,  0.0000000E+00,  0.0000000E+00,  0.0000000E+00,  0.0000000E+00,  0.1868038E+07,  0.2547183E+03,  0.9837696E+04,  0.1233034E+06,  0.4816056E+05,  0.2557119E+03,  0.0000000E+00,  0.0000000E+00,  0.0000000E+00,  0.6926330E+05,  0.8303152E+05,  0.1006285E+06,  0.0000000E+00,   18
10/07/2013,  0.1015221E+07,  0.0000000E+00,  0.0000000E+00,  0.8755117E+05,  0.0000000E+00,  0.1153392E+07,  0.0000000E+00,  0.0000000E+00,  0.0000000E+00,  0.0000000E+00,  0.1321775E+09,  0.8452188E+07,  0.6170329E+08,  0.1825814E+11,  0.0000000E+00,  0.4160587E+09,  0.0000000E+00,  0.0000000E+00,  0.0000000E+00,  0.0000000E+00,  0.7050241E+06,  0.0000000E+00,  0.0000000E+00,  0.0000000E+00,  0.0000000E+00,  0.1760143E+07,  0.2405819E+03,  0.9389802E+04,  0.1129640E+06,  0.5024505E+05,  0.2366663E+03,  0.0000000E+00,  0.0000000E+00,  0.0000000E+00,  0.6456309E+05,  0.8222487E+05,  0.9806121E+05,  0.0000000E+00,   19
10/08/2013,  0.9804421E+06,  0.0000000E+00,  0.0000000E+00,  0.8587374E+05,  0.0000000E+00,  0.1149304E+07,  0.0000000E+00,  0.0000000E+00,  0.0000000E+00,  0.0000000E+00,  0.1307055E+09,  0.8356343E+07,  0.6166131E+08,  0.1825782E+11,  0.0000000E+00,  0.4160125E+09,  0.0000000E+00,  0.0000000E+00,  0.0000000E+00,  0.0000000E+00,  0.6739201E+06,  0.0000000E+00,  0.0000000E+00,  0.0000000E+00,  0.0000000E+00,  0.1503828E+07,  0.2197941E+03,  0.7528770E+04,  0.7873072E+05,  0.4338653E+05,  0.2191117E+03,  0.0000000E+00,  0.0000000E+00,  0.0000000E+00,  0.6049809E+05,  0.8260978E+05,  0.9510069E+05,  0.0000000E+00,   10
10/09/2013,  0.1705197E+07,  0.0000000E+00,  0.0000000E+00,  0.8557926E+05,  0.0000000E+00,  0.1176010E+07,  0.0000000E+00,  0.0000000E+00,  0.0000000E+00,  0.0000000E+00,  0.1294591E+09,  0.8268181E+07,  0.6161951E+08,  0.1825754E+11,  0.0000000E+00,  0.4159718E+09,  0.0000000E+00,  0.0000000E+00,  0.0000000E+00,  0.0000000E+00,  0.1430784E+07,  0.0000000E+00,  0.0000000E+00,  0.0000000E+00,  0.0000000E+00,  0.1276420E+07,  0.1943386E+03,  0.6094845E+04,  0.8546938E+05,  0.3780728E+05,  0.2041095E+03,  0.0000000E+00,  0.0000000E+00,  0.0000000E+00,  0.5684068E+05,  0.8440825E+05,  0.9269661E+05,  0.0000000E+00,   15
10/10/2013,  0.1243198E+07,  0.0000000E+00,  0.0000000E+00,  0.8447514E+05,  0.0000000E+00,  0.1151272E+07,  0.0000000E+00,  0.0000000E+00,  0.0000000E+00,  0.0000000E+00,  0.1281550E+09,  0.8186715E+07,  0.6157697E+08,  0.1825725E+11,  0.0000000E+00,  0.4159303E+09,  0.0000000E+00,  0.0000000E+00,  0.0000000E+00,  0.0000000E+00,  0.9452161E+06,  0.0000000E+00,  0.0000000E+00,  0.0000000E+00,  0.0000000E+00,  0.1332025E+07,  0.2133394E+03,  0.5807207E+04,  0.1220617E+06,  0.3962939E+05,  0.1910009E+03,  0.0000000E+00,  0.0000000E+00,  0.0000000E+00,  0.5240071E+05,  0.8354986E+05,  0.8928951E+05,  0.0000000E+00,   16
10/11/2013,  0.1601925E+07,  0.0000000E+00,  0.0000000E+00,  0.8356099E+05,  0.0000000E+00,  0.1162680E+07,  0.0000000E+00,  0.0000000E+00,  0.0000000E+00,  0.0000000E+00,  0.1269900E+09,  0.8110220E+07,  0.6153462E+08,  0.1825698E+11,  0.0000000E+00,  0.4158925E+09,  0.0000000E+00,  0.0000000E+00,  0.0000000E+00,  0.0000000E+00,  0.1334880E+07,  0.0000000E+00,  0.0000000E+00,  0.0000000E+00,  0.0000000E+00,  0.1192807E+07,  0.1989341E+03,  0.4883236E+04,  0.1100711E+06,  0.3632003E+05,  0.1788826E+03,  0.0000000E+00,  0.0000000E+00,  0.0000000E+00,  0.4935105E+05,  0.8430410E+05,  0.8697226E+05,  0.0000000E+00,   12
10/12/2013,  0.2395840E+07,  0.0000000E+00,  0.0000000E+00,  0.8360986E+05,  0.0000000E+00,  0.1185039E+07,  0.0000000E+00,  0.0000000E+00,  0.0000000E+00,  0.0000000E+00,  0.1257824E+09,  0.8038300E+07,  0.6149185E+08,  0.1825670E+11,  0.0000000E+00,  0.4158533E+09,  0.0000000E+00,  0.0000000E+00,  0.0000000E+00,  0.0000000E+00,  0.2141856E+07,  0.0000000E+00,  0.0000000E+00,  0.0000000E+00,  0.0000000E+00,  0.1233859E+07,  0.2139084E+03,  0.4807375E+04,  0.1233619E+06,  0.3835630E+05,  0.1679766E+03,  0.0000000E+00,  0.0000000E+00,  0.0000000E+00,  0.4646805E+05,  0.8465473E+05,  0.8458174E+05,  0.0000000E+00,   15
10/13/2013,  0.2400354E+07,  0.0000000E+00,  0.0000000E+00,  0.8274933E+05,  0.0000000E+00,  0.1160906E+07,  0.0000000E+00,  0.0000000E+00,  0.0000000E+00,  0.0000000E+00,  0.1246478E+09,  0.7971467E+07,  0.6144691E+08,  0.1825644E+11,  0.0000000E+00,  0.4158165E+09,  0.0000000E+00,  0.0000000E+00,  0.0000000E+00,  0.0000000E+00,  0.2004480E+07,  0.0000000E+00,  0.0000000E+00,  0.0000000E+00,  0.0000000E+00,  0.1160578E+07,  0.2826651E+03,  0.4324430E+04,  0.1175021E+06,  0.3646543E+05,  0.1588481E+03,  0.0000000E+00,  0.0000000E+00,  0.0000000E+00,  0.4270456E+05,  0.8472891E+05,  0.8347281E+05,  0.0000000E+00,    7
10/14/2013,  0.1375100E+07,  0.0000000E+00,  0.0000000E+00,  0.8150603E+05,  0.0000000E+00,  0.1135292E+07,  0.0000000E+00,  0.0000000E+00,  0.0000000E+00,  0.0000000E+00,  0.1234510E+09,  0.7906280E+07,  0.6140235E+08,  0.1825613E+11,  0.0000000E+00,  0.4157790E+09,  0.0000000E+00,  0.0000000E+00,  0.0000000E+00,  0.0000000E+00,  0.1062720E+07,  0.0000000E+00,  0.0000000E+00,  0.0000000E+00,  0.0000000E+00,  0.1221847E+07,  0.3195249E+03,  0.4196640E+04,  0.9341569E+05,  0.3744338E+05,  0.1502135E+03,  0.0000000E+00,  0.0000000E+00,  0.0000000E+00,  0.4182750E+05,  0.8326724E+05,  0.8234828E+05,  0.0000000E+00,   10
10/15/2013,  0.1152059E+07,  0.0000000E+00,  0.0000000E+00,  0.8047546E+05,  0.0000000E+00,  0.1144100E+07,  0.0000000E+00,  0.0000000E+00,  0.0000000E+00,  0.0000000E+00,  0.1222667E+09,  0.7844059E+07,  0.6135678E+08,  0.1825584E+11,  0.0000000E+00,  0.4157417E+09,  0.0000000E+00,  0.0000000E+00,  0.0000000E+00,  0.0000000E+00,  0.8536321E+06,  0.0000000E+00,  0.0000000E+00,  0.0000000E+00,  0.0000000E+00,  0.1208726E+07,  0.3291092E+03,  0.4028646E+04,  0.7322994E+05,  0.3792156E+05,  0.1419673E+03,  0.0000000E+00,  0.0000000E+00,  0.0000000E+00,  0.3995876E+05,  0.8279618E+05,  0.8165938E+05,  0.0000000E+00,   12
10/16/2013,  0.1252948E+07,  0.0000000E+00,  0.0000000E+00,  0.7944444E+05,  0.0000000E+00,  0.1150002E+07,  0.0000000E+00,  0.0000000E+00,  0.0000000E+00,  0.0000000E+00,  0.1209971E+09,  0.7785167E+07,  0.6131106E+08,  0.1825557E+11,  0.0000000E+00,  0.4157017E+09,  0.0000000E+00,  0.0000000E+00,  0.0000000E+00,  0.0000000E+00,  0.9892801E+06,  0.0000000E+00,  0.0000000E+00,  0.0000000E+00,  0.0000000E+00,  0.1293079E+07,  0.3634877E+03,  0.4274492E+04,  0.1189309E+06,  0.4197870E+05,  0.1343623E+03,  0.0000000E+00,  0.0000000E+00,  0.0000000E+00,  0.3757536E+05,  0.8173445E+05,  0.7917489E+05,  0.0000000E+00,   40
10/17/2013,  0.1701143E+07,  0.0000000E+00,  0.0000000E+00,  0.7894086E+05,  0.0000000E+00,  0.1153594E+07,  0.0000000E+00,  0.0000000E+00,  0.0000000E+00,  0.0000000E+00,  0.1197672E+09,  0.7728343E+07,  0.6126620E+08,  0.1825526E+11,  0.0000000E+00,  0.4156633E+09,  0.0000000E+00,  0.0000000E+00,  0.0000000E+00,  0.0000000E+00,  0.1445472E+07,  0.0000000E+00,  0.0000000E+00,  0.0000000E+00,  0.0000000E+00,  0.1253464E+07,  0.3737270E+03,  0.3990336E+04,  0.6500469E+05,  0.4074314E+05,  0.1277637E+03,  0.0000000E+00,  0.0000000E+00,  0.0000000E+00,  0.3637285E+05,  0.8217088E+05,  0.7740397E+05,  0.0000000E+00,   14
10/18/2013,  0.2034141E+07,  0.0000000E+00,  0.0000000E+00,  0.7840616E+05,  0.0000000E+00,  0.1148133E+07,  0.0000000E+00,  0.0000000E+00,  0.0000000E+00,  0.0000000E+00,  0.1185432E+09,  0.7675187E+07,  0.6121977E+08,  0.1825499E+11,  0.0000000E+00,  0.4156251E+09,  0.0000000E+00,  0.0000000E+00,  0.0000000E+00,  0.0000000E+00,  0.1770336E+07,  0.0000000E+00,  0.0000000E+00,  0.0000000E+00,  0.0000000E+00,  0.1246749E+07,  0.3890032E+03,  0.3862511E+04,  0.9639970E+05,  0.4137132E+05,  0.1214902E+03,  0.0000000E+00,  0.0000000E+00,  0.0000000E+00,  0.3391826E+05,  0.8201524E+05,  0.7664061E+05,  0.0000000E+00,   16
10/19/2013,  0.2222010E+07,  0.0000000E+00,  0.0000000E+00,  0.7797903E+05,  0.0000000E+00,  0.1140486E+07,  0.0000000E+00,  0.0000000E+00,  0.0000000E+00,  0.0000000E+00,  0.1173810E+09,  0.7624919E+07,  0.6117286E+08,  0.1825472E+11,  0.0000000E+00,  0.4155895E+09,  0.0000000E+00,  0.0000000E+00,  0.0000000E+00,  0.0000000E+00,  0.1949184E+07,  0.0000000E+00,  0.0000000E+00,  0.0000000E+00,  0.0000000E+00,  0.1184602E+07,  0.3962604E+03,  0.3462436E+04,  0.1080424E+06,  0.3874863E+05,  0.1157061E+03,  0.0000000E+00,  0.0000000E+00,  0.0000000E+00,  0.3207132E+05,  0.8232220E+05,  0.7568440E+05,  0.0000000E+00,   15
10/20/2013,  0.2210940E+07,  0.0000000E+00,  0.0000000E+00,  0.7740128E+05,  0.0000000E+00,  0.1135735E+07,  0.0000000E+00,  0.0000000E+00,  0.0000000E+00,  0.0000000E+00,  0.1162218E+09,  0.7577657E+07,  0.6112635E+08,  0.1825444E+11,  0.0000000E+00,  0.4155525E+09,  0.0000000E+00,  0.0000000E+00,  0.0000000E+00,  0.0000000E+00,  0.1934496E+07,  0.0000000E+00,  0.0000000E+00,  0.0000000E+00,  0.0000000E+00,  0.1180731E+07,  0.4014497E+03,  0.3502214E+04,  0.1390304E+06,  0.4119724E+05,  0.1103189E+03,  0.0000000E+00,  0.0000000E+00,  0.0000000E+00,  0.3011955E+05,  0.8183546E+05,  0.7329540E+05,  0.0000000E+00,    9
10/21/2013,  0.1311614E+07,  0.0000000E+00,  0.0000000E+00,  0.7620997E+05,  0.0000000E+00,  0.1097863E+07,  0.0000000E+00,  0.0000000E+00,  0.0000000E+00,  0.0000000E+00,  0.1151400E+09,  0.7532022E+07,  0.6107977E+08,  0.1825410E+11,  0.0000000E+00,  0.4155177E+09,  0.0000000E+00,  0.0000000E+00,  0.0000000E+00,  0.0000000E+00,  0.1003968E+07,  0.0000000E+00,  0.0000000E+00,  0.0000000E+00,  0.0000000E+00,  0.1103291E+07,  0.3958198E+03,  0.3203961E+04,  0.9667317E+05,  0.3877718E+05,  0.1060283E+03,  0.0000000E+00,  0.0000000E+00,  0.0000000E+00,  0.2880947E+05,  0.8095929E+05,  0.7235833E+05,  0.0000000E+00,   13
10/22/2013,  0.1037237E+07,  0.0000000E+00,  0.0000000E+00,  0.7547140E+05,  0.0000000E+00,  0.1203010E+07,  0.0000000E+00,  0.0000000E+00,  0.0000000E+00,  0.0000000E+00,  0.1140967E+09,  0.7489167E+07,  0.6103188E+08,  0.1825385E+11,  0.0000000E+00,  0.4154136E+09,  0.0000000E+00,  0.0000000E+00,  0.0000000E+00,  0.0000000E+00,  0.7404481E+06,  0.0000000E+00,  0.0000000E+00,  0.0000000E+00,  0.0000000E+00,  0.1064158E+07,  0.4033479E+03,  0.2988072E+04,  0.8417381E+05,  0.3752765E+05,  0.1018874E+03,  0.0000000E+00,  0.0000000E+00,  0.0000000E+00,  0.2720613E+05,  0.8073603E+05,  0.7227642E+05,  0.0000000E+00,   12
10/23/2013,  0.1114306E+07,  0.0000000E+00,  0.0000000E+00,  0.7502395E+05,  0.0000000E+00,  0.1282495E+07,  0.0000000E+00,  0.0000000E+00,  0.0000000E+00,  0.0000000E+00,  0.1130634E+09,  0.7449120E+07,  0.6097446E+08,  0.1825364E+11,  0.0000000E+00,  0.4152671E+09,  0.0000000E+00,  0.0000000E+00,  0.0000000E+00,  0.0000000E+00,  0.8121601E+06,  0.0000000E+00,  0.0000000E+00,  0.0000000E+00,  0.0000000E+00,  0.1053610E+07,  0.4067947E+03,  0.3041451E+04,  0.8740789E+05,  0.3938059E+05,  0.9785520E+02,  0.0000000E+00,  0.0000000E+00,  0.0000000E+00,  0.2571242E+05,  0.8109737E+05,  0.8026812E+05,  0.0000000E+00,   29
10/24/2013,  0.1176268E+07,  0.0000000E+00,  0.0000000E+00,  0.7485532E+05,  0.0000000E+00,  0.1235501E+07,  0.0000000E+00,  0.0000000E+00,  0.0000000E+00,  0.0000000E+00,  0.1122499E+09,  0.7410579E+07,  0.6092793E+08,  0.1825338E+11,  0.0000000E+00,  0.4151798E+09,  0.0000000E+00,  0.0000000E+00,  0.0000000E+00,  0.0000000E+00,  0.8570881E+06,  0.0000000E+00,  0.0000000E+00,  0.0000000E+00,  0.0000000E+00,  0.8347208E+06,  0.3590847E+03,  0.2160602E+04,  0.9053229E+05,  0.2846716E+05,  0.9411974E+02,  0.0000000E+00,  0.0000000E+00,  0.0000000E+00,  0.2464399E+05,  0.8228700E+05,  0.6918881E+05,  0.0000000E+00,   16
10/25/2013,  0.1486769E+07,  0.0000000E+00,  0.0000000E+00,  0.7501597E+05,  0.0000000E+00,  0.1215465E+07,  0.0000000E+00,  0.0000000E+00,  0.0000000E+00,  0.0000000E+00,  0.1113853E+09,  0.7374607E+07,  0.6088228E+08,  0.1825307E+11,  0.0000000E+00,  0.4151089E+09,  0.0000000E+00,  0.0000000E+00,  0.0000000E+00,  0.0000000E+00,  0.1180224E+07,  0.0000000E+00,  0.0000000E+00,  0.0000000E+00,  0.0000000E+00,  0.8833392E+06,  0.3675663E+03,  0.2528384E+04,  0.9815799E+05,  0.3442272E+05,  0.9068674E+02,  0.0000000E+00,  0.0000000E+00,  0.0000000E+00,  0.2388717E+05,  0.8176802E+05,  0.6718839E+05,  0.0000000E+00,   19
10/26/2013,  0.2189320E+07,  0.0000000E+00,  0.0000000E+00,  0.7520999E+05,  0.0000000E+00,  0.1212237E+07,  0.0000000E+00,  0.0000000E+00,  0.0000000E+00,  0.0000000E+00,  0.1105956E+09,  0.7340054E+07,  0.6083562E+08,  0.1825275E+11,  0.0000000E+00,  0.4150478E+09,  0.0000000E+00,  0.0000000E+00,  0.0000000E+00,  0.0000000E+00,  0.1918944E+07,  0.0000000E+00,  0.0000000E+00,  0.0000000E+00,  0.0000000E+00,  0.8086564E+06,  0.3999545E+03,  0.2491707E+04,  0.6985683E+05,  0.3562431E+05,  0.8753162E+02,  0.0000000E+00,  0.0000000E+00,  0.0000000E+00,  0.2298435E+05,  0.8264266E+05,  0.6732636E+05,  0.0000000E+00,   13
10/27/2013,  0.2436417E+07,  0.0000000E+00,  0.0000000E+00,  0.7552501E+05,  0.0000000E+00,  0.1224380E+07,  0.0000000E+00,  0.0000000E+00,  0.0000000E+00,  0.0000000E+00,  0.1098938E+09,  0.7307763E+07,  0.6076883E+08,  0.1825251E+11,  0.0000000E+00,  0.4149951E+09,  0.0000000E+00,  0.0000000E+00,  0.0000000E+00,  0.0000000E+00,  0.2167776E+07,  0.0000000E+00,  0.0000000E+00,  0.0000000E+00,  0.0000000E+00,  0.7218439E+06,  0.3596033E+03,  0.2263709E+04,  0.5832200E+05,  0.3318080E+05,  0.8443656E+02,  0.0000000E+00,  0.0000000E+00,  0.0000000E+00,  0.2208242E+05,  0.8539092E+05,  0.8678961E+05,  0.0000000E+00,   18
10/28/2013,  0.1723777E+07,  0.0000000E+00,  0.0000000E+00,  0.7549415E+05,  0.0000000E+00,  0.1212940E+07,  0.0000000E+00,  0.0000000E+00,  0.0000000E+00,  0.0000000E+00,  0.1093966E+09,  0.7276773E+07,  0.6071464E+08,  0.1825226E+11,  0.0000000E+00,  0.4149506E+09,  0.0000000E+00,  0.0000000E+00,  0.0000000E+00,  0.0000000E+00,  0.1454112E+07,  0.0000000E+00,  0.0000000E+00,  0.0000000E+00,  0.0000000E+00,  0.5172121E+06,  0.2142322E+03,  0.1856941E+04,  0.5536072E+05,  0.2815008E+05,  0.8150508E+02,  0.0000000E+00,  0.0000000E+00,  0.0000000E+00,  0.2103126E+05,  0.8567816E+05,  0.7353732E+05,  0.0000000E+00,   36
10/29/2013,  0.1269971E+07,  0.0000000E+00,  0.0000000E+00,  0.7545473E+05,  0.0000000E+00,  0.1184118E+07,  0.0000000E+00,  0.0000000E+00,  0.0000000E+00,  0.0000000E+00,  0.1089318E+09,  0.7247951E+07,  0.6066914E+08,  0.1825200E+11,  0.0000000E+00,  0.4149124E+09,  0.0000000E+00,  0.0000000E+00,  0.0000000E+00,  0.0000000E+00,  0.9745921E+06,  0.0000000E+00,  0.0000000E+00,  0.0000000E+00,  0.0000000E+00,  0.4834066E+06,  0.2380171E+03,  0.1562955E+04,  0.5472498E+05,  0.2360235E+05,  0.7867827E+02,  0.0000000E+00,  0.0000000E+00,  0.0000000E+00,  0.2046221E+05,  0.8576257E+05,  0.6458201E+05,  0.0000000E+00,   11
10/30/2013,  0.1283044E+07,  0.0000000E+00,  0.0000000E+00,  0.7548372E+05,  0.0000000E+00,  0.1211759E+07,  0.0000000E+00,  0.0000000E+00,  0.0000000E+00,  0.0000000E+00,  0.1083840E+09,  0.7220543E+07,  0.6062332E+08,  0.1825174E+11,  0.0000000E+00,  0.4148742E+09,  0.0000000E+00,  0.0000000E+00,  0.0000000E+00,  0.0000000E+00,  0.1029888E+07,  0.0000000E+00,  0.0000000E+00,  0.0000000E+00,  0.0000000E+00,  0.5656664E+06,  0.3151013E+03,  0.1641452E+04,  0.6576306E+05,  0.2564003E+05,  0.7589166E+02,  0.0000000E+00,  0.0000000E+00,  0.0000000E+00,  0.1948877E+05,  0.8546019E+05,  0.6384224E+05,  0.0000000E+00,   11
10/31/2013,  0.1537676E+07,  0.0000000E+00,  0.0000000E+00,  0.7541081E+05,  0.0000000E+00,  0.1216181E+07,  0.0000000E+00,  0.0000000E+00,  0.0000000E+00,  0.0000000E+00,  0.1077528E+09,  0.7193305E+07,  0.6056363E+08,  0.1825150E+11,  0.0000000E+00,  0.4148356E+09,  0.0000000E+00,  0.0000000E+00,  0.0000000E+00,  0.0000000E+00,  0.1296000E+07,  0.0000000E+00,  0.0000000E+00,  0.0000000E+00,  0.0000000E+00,  0.6501036E+06,  0.3939242E+03,  0.1800497E+04,  0.6300892E+05,  0.2820460E+05,  0.7355115E+02,  0.0000000E+00,  0.0000000E+00,  0.0000000E+00,  0.1878183E+05,  0.8594527E+05,  0.7685583E+05,  0.0000000E+00,   19
11/01/2013,  0.2227360E+07,  0.0000000E+00,  0.0000000E+00,  0.7557991E+05,  0.0000000E+00,  0.1221938E+07,  0.0000000E+00,  0.0000000E+00,  0.0000000E+00,  0.0000000E+00,  0.1071348E+09,  0.7167217E+07,  0.6051757E+08,  0.1825126E+11,  0.0000000E+00,  0.4147975E+09,  0.0000000E+00,  0.0000000E+00,  0.0000000E+00,  0.0000000E+00,  0.2004480E+07,  0.0000000E+00,  0.0000000E+00,  0.0000000E+00,  0.0000000E+00,  0.6356412E+06,  0.3774083E+03,  0.1856062E+04,  0.7774927E+05,  0.2990874E+05,  0.7127440E+02,  0.0000000E+00,  0.0000000E+00,  0.0000000E+00,  0.1795512E+05,  0.8508098E+05,  0.6233679E+05,  0.0000000E+00,   11
11/02/2013,  0.2437560E+07,  0.0000000E+00,  0.0000000E+00,  0.7554716E+05,  0.0000000E+00,  0.1215774E+07,  0.0000000E+00,  0.0000000E+00,  0.0000000E+00,  0.0000000E+00,  0.1065297E+09,  0.7142113E+07,  0.6047190E+08,  0.1825101E+11,  0.0000000E+00,  0.4147591E+09,  0.0000000E+00,  0.0000000E+00,  0.0000000E+00,  0.0000000E+00,  0.2208384E+07,  0.0000000E+00,  0.0000000E+00,  0.0000000E+00,  0.0000000E+00,  0.6223563E+06,  0.3527534E+03,  0.1940499E+04,  0.7295270E+05,  0.3219979E+05,  0.6902396E+02,  0.0000000E+00,  0.0000000E+00,  0.0000000E+00,  0.1724111E+05,  0.8499891E+05,  0.6114132E+05,  0.0000000E+00,   24
11/03/2013,  0.2438672E+07,  0.0000000E+00,  0.0000000E+00,  0.7536770E+05,  0.0000000E+00,  0.1209388E+07,  0.0000000E+00,  0.0000000E+00,  0.0000000E+00,  0.0000000E+00,  0.1060976E+09,  0.7119282E+07,  0.6042785E+08,  0.1825076E+11,  0.0000000E+00,  0.4147305E+09,  0.0000000E+00,  0.0000000E+00,  0.0000000E+00,  0.0000000E+00,  0.2175552E+07,  0.0000000E+00,  0.0000000E+00,  0.0000000E+00,  0.0000000E+00,  0.4492920E+06,  0.2619267E+03,  0.1357146E+04,  0.9691492E+05,  0.2329423E+05,  0.6691874E+02,  0.0000000E+00,  0.0000000E+00,  0.0000000E+00,  0.1672031E+05,  0.8653701E+05,  0.5959339E+05,  0.0000000E+00,    2
11/04/2013,  0.1713050E+07,  0.0000000E+00,  0.0000000E+00,  0.7514838E+05,  0.0000000E+00,  0.1071446E+07,  0.0000000E+00,  0.0000000E+00,  0.0000000E+00,  0.0000000E+00,  0.1055485E+09,  0.7095730E+07,  0.6038265E+08,  0.1825042E+11,  0.0000000E+00,  0.4148010E+09,  0.0000000E+00,  0.0000000E+00,  0.0000000E+00,  0.0000000E+00,  0.1507680E+07,  0.0000000E+00,  0.0000000E+00,  0.0000000E+00,  0.0000000E+00,  0.5663259E+06,  0.3299548E+03,  0.1753800E+04,  0.7193914E+05,  0.3077573E+05,  0.6483928E+02,  0.0000000E+00,  0.0000000E+00,  0.0000000E+00,  0.1614350E+05,  0.8497030E+05,  0.5975998E+05,  0.0000000E+00,   27
11/05/2013,  0.1352574E+07,  0.0000000E+00,  0.0000000E+00,  0.7463235E+05,  0.0000000E+00,  0.1027399E+07,  0.0000000E+00,  0.0000000E+00,  0.0000000E+00,  0.0000000E+00,  0.1050016E+09,  0.7073357E+07,  0.6033570E+08,  0.1825011E+11,  0.0000000E+00,  0.4148935E+09,  0.0000000E+00,  0.0000000E+00,  0.0000000E+00,  0.0000000E+00,  0.1173312E+07,  0.0000000E+00,  0.0000000E+00,  0.0000000E+00,  0.0000000E+00,  0.5640651E+06,  0.3922006E+03,  0.1485797E+04,  0.5681987E+05,  0.2645740E+05,  0.6282197E+02,  0.0000000E+00,  0.0000000E+00,  0.0000000E+00,  0.1548046E+05,  0.8502980E+05,  0.6112949E+05,  0.0000000E+00,   19
11/06/2013,  0.1234551E+07,  0.0000000E+00,  0.0000000E+00,  0.7437154E+05,  0.0000000E+00,  0.1080010E+07,  0.0000000E+00,  0.0000000E+00,  0.0000000E+00,  0.0000000E+00,  0.1044493E+09,  0.7051796E+07,  0.6029143E+08,  0.1824986E+11,  0.0000000E+00,  0.4149329E+09,  0.0000000E+00,  0.0000000E+00,  0.0000000E+00,  0.0000000E+00,  0.1068768E+07,  0.0000000E+00,  0.0000000E+00,  0.0000000E+00,  0.0000000E+00,  0.5690880E+06,  0.4058878E+03,  0.1492918E+04,  0.6490863E+05,  0.2724122E+05,  0.6090537E+02,  0.0000000E+00,  0.0000000E+00,  0.0000000E+00,  0.1502486E+05,  0.8459113E+05,  0.5797562E+05,  0.0000000E+00,   13
11/07/2013,  0.1259174E+07,  0.0000000E+00,  0.0000000E+00,  0.7408304E+05,  0.0000000E+00,  0.1109932E+07,  0.0000000E+00,  0.0000000E+00,  0.0000000E+00,  0.0000000E+00,  0.1038800E+09,  0.7030712E+07,  0.6024685E+08,  0.1824963E+11,  0.0000000E+00,  0.4149464E+09,  0.0000000E+00,  0.0000000E+00,  0.0000000E+00,  0.0000000E+00,  0.1104192E+07,  0.0000000E+00,  0.0000000E+00,  0.0000000E+00,  0.0000000E+00,  0.5856077E+06,  0.4083810E+03,  0.1629092E+04,  0.6654019E+05,  0.3033495E+05,  0.5896015E+02,  0.0000000E+00,  0.0000000E+00,  0.0000000E+00,  0.1445868E+05,  0.8380248E+05,  0.5758681E+05,  0.0000000E+00,   12
11/08/2013,  0.1209348E+07,  0.0000000E+00,  0.0000000E+00,  0.7369295E+05,  0.0000000E+00,  0.1121234E+07,  0.0000000E+00,  0.0000000E+00,  0.0000000E+00,  0.0000000E+00,  0.1033131E+09,  0.7009905E+07,  0.6020313E+08,  0.1824941E+11,  0.0000000E+00,  0.4149487E+09,  0.0000000E+00,  0.0000000E+00,  0.0000000E+00,  0.0000000E+00,  0.1046304E+07,  0.0000000E+00,  0.0000000E+00,  0.0000000E+00,  0.0000000E+00,  0.5832717E+06,  0.4240627E+03,  0.1542432E+04,  0.6802299E+05,  0.3032715E+05,  0.5717775E+02,  0.0000000E+00,  0.0000000E+00,  0.0000000E+00,  0.1412388E+05,  0.8343776E+05,  0.5647071E+05,  0.0000000E+00,   17
11/09/2013,  0.2317841E+07,  0.0000000E+00,  0.0000000E+00,  0.7422896E+05,  0.0000000E+00,  0.1150647E+07,  0.0000000E+00,  0.0000000E+00,  0.0000000E+00,  0.0000000E+00,  0.1028062E+09,  0.6990308E+07,  0.6015878E+08,  0.1824921E+11,  0.0000000E+00,  0.4149474E+09,  0.0000000E+00,  0.0000000E+00,  0.0000000E+00,  0.0000000E+00,  0.2185920E+07,  0.0000000E+00,  0.0000000E+00,  0.0000000E+00,  0.0000000E+00,  0.5234700E+06,  0.3973881E+03,  0.1375070E+04,  0.6348889E+05,  0.2722620E+05,  0.5544689E+02,  0.0000000E+00,  0.0000000E+00,  0.0000000E+00,  0.1380664E+05,  0.8510872E+05,  0.5695740E+05,  0.0000000E+00,   11
11/10/2013,  0.2127547E+07,  0.0000000E+00,  0.0000000E+00,  0.7403110E+05,  0.0000000E+00,  0.1121051E+07,  0.0000000E+00,  0.0000000E+00,  0.0000000E+00,  0.0000000E+00,  0.1023154E+09,  0.6971295E+07,  0.6011519E+08,  0.1824898E+11,  0.0000000E+00,  0.4149428E+09,  0.0000000E+00,  0.0000000E+00,  0.0000000E+00,  0.0000000E+00,  0.1932768E+07,  0.0000000E+00,  0.0000000E+00,  0.0000000E+00,  0.0000000E+00,  0.5069135E+06,  0.3963148E+03,  0.1291868E+04,  0.6740096E+05,  0.2672877E+05,  0.5382840E+02,  0.0000000E+00,  0.0000000E+00,  0.0000000E+00,  0.1368215E+05,  0.8484404E+05,  0.5615025E+05,  0.0000000E+00,   22
11/11/2013,  0.2031703E+07,  0.0000000E+00,  0.0000000E+00,  0.7376294E+05,  0.0000000E+00,  0.1119855E+07,  0.0000000E+00,  0.0000000E+00,  0.0000000E+00,  0.0000000E+00,  0.1018212E+09,  0.6952921E+07,  0.6007143E+08,  0.1824875E+11,  0.0000000E+00,  0.4149353E+09,  0.0000000E+00,  0.0000000E+00,  0.0000000E+00,  0.0000000E+00,  0.1832544E+07,  0.0000000E+00,  0.0000000E+00,  0.0000000E+00,  0.0000000E+00,  0.5100685E+06,  0.4051508E+03,  0.1282169E+04,  0.7470284E+05,  0.2777209E+05,  0.5275787E+02,  0.0000000E+00,  0.0000000E+00,  0.0000000E+00,  0.1308647E+05,  0.8439222E+05,  0.5573375E+05,  0.0000000E+00,   21
11/12/2013,  0.1696671E+07,  0.0000000E+00,  0.0000000E+00,  0.7323940E+05,  0.0000000E+00,  0.1106235E+07,  0.0000000E+00,  0.0000000E+00,  0.0000000E+00,  0.0000000E+00,  0.1013305E+09,  0.6934662E+07,  0.6002764E+08,  0.1824849E+11,  0.0000000E+00,  0.4149267E+09,  0.0000000E+00,  0.0000000E+00,  0.0000000E+00,  0.0000000E+00,  0.1471392E+07,  0.0000000E+00,  0.0000000E+00,  0.0000000E+00,  0.0000000E+00,  0.5066975E+06,  0.4194977E+03,  0.1252539E+04,  0.6535357E+05,  0.2755840E+05,  0.5161908E+02,  0.0000000E+00,  0.0000000E+00,  0.0000000E+00,  0.1285844E+05,  0.8382312E+05,  0.5556727E+05,  0.0000000E+00,   12
11/13/2013,  0.1651822E+07,  0.0000000E+00,  0.0000000E+00,  0.7292671E+05,  0.0000000E+00,  0.1111230E+07,  0.0000000E+00,  0.0000000E+00,  0.0000000E+00,  0.0000000E+00,  0.1008569E+09,  0.6917100E+07,  0.5998343E+08,  0.1824824E+11,  0.0000000E+00,  0.4149149E+09,  0.0000000E+00,  0.0000000E+00,  0.0000000E+00,  0.0000000E+00,  0.1433376E+07,  0.0000000E+00,  0.0000000E+00,  0.0000000E+00,  0.0000000E+00,  0.4891582E+06,  0.3734142E+03,  0.1328105E+04,  0.6815139E+05,  0.3051906E+05,  0.5105716E+02,  0.0000000E+00,  0.0000000E+00,  0.0000000E+00,  0.1241425E+05,  0.8338728E+05,  0.5546695E+05,  0.0000000E+00,   10
11/14/2013,  0.1583218E+07,  0.0000000E+00,  0.0000000E+00,  0.7275274E+05,  0.0000000E+00,  0.8833330E+06,  0.0000000E+00,  0.0000000E+00,  0.0000000E+00,  0.0000000E+00,  0.1004445E+09,  0.6900472E+07,  0.5993936E+08,  0.1824784E+11,  0.0000000E+00,  0.4150756E+09,  0.0000000E+00,  0.0000000E+00,  0.0000000E+00,  0.0000000E+00,  0.1381536E+07,  0.0000000E+00,  0.0000000E+00,  0.0000000E+00,  0.0000000E+00,  0.4287234E+06,  0.3590850E+03,  0.1067522E+04,  0.4923550E+05,  0.2530461E+05,  0.5047550E+02,  0.0000000E+00,  0.0000000E+00,  0.0000000E+00,  0.1192789E+05,  0.8443333E+05,  0.5509860E+05,  0.0000000E+00,   72
11/15/2013,  0.2284985E+07,  0.0000000E+00,  0.0000000E+00,  0.7328789E+05,  0.0000000E+00,  0.9760498E+06,  0.0000000E+00,  0.0000000E+00,  0.0000000E+00,  0.0000000E+00,  0.1001074E+09,  0.6885003E+07,  0.5989574E+08,  0.1824755E+11,  0.0000000E+00,  0.4151544E+09,  0.0000000E+00,  0.0000000E+00,  0.0000000E+00,  0.0000000E+00,  0.2109888E+07,  0.0000000E+00,  0.0000000E+00,  0.0000000E+00,  0.0000000E+00,  0.3534005E+06,  0.2810957E+03,  0.9500112E+03,  0.5783427E+05,  0.2278616E+05,  0.4989589E+02,  0.0000000E+00,  0.0000000E+00,  0.0000000E+00,  0.1201103E+05,  0.8614942E+05,  0.5485450E+05,  0.0000000E+00,  211
11/16/2013,  0.2460841E+07,  0.0000000E+00,  0.0000000E+00,  0.7355368E+05,  0.0000000E+00,  0.1014383E+07,  0.0000000E+00,  0.0000000E+00,  0.0000000E+00,  0.0000000E+00,  0.9979171E+08,  0.6870122E+07,  0.5985327E+08,  0.1824729E+11,  0.0000000E+00,  0.4151984E+09,  0.0000000E+00,  0.0000000E+00,  0.0000000E+00,  0.0000000E+00,  0.2283552E+07,  0.0000000E+00,  0.0000000E+00,  0.0000000E+00,  0.0000000E+00,  0.3318381E+06,  0.2653622E+03,  0.8742888E+03,  0.5136085E+05,  0.2188412E+05,  0.4928308E+02,  0.0000000E+00,  0.0000000E+00,  0.0000000E+00,  0.1197745E+05,  0.8680661E+05,  0.5373579E+05,  0.0000000E+00,   32
11/17/2013,  0.2334235E+07,  0.0000000E+00,  0.0000000E+00,  0.7354781E+05,  0.0000000E+00,  0.1028844E+07,  0.0000000E+00,  0.0000000E+00,  0.0000000E+00,  0.0000000E+00,  0.9948565E+08,  0.6855681E+07,  0.5978425E+08,  0.1824706E+11,  0.0000000E+00,  0.4152255E+09,  0.0000000E+00,  0.0000000E+00,  0.0000000E+00,  0.0000000E+00,  0.2141856E+07,  0.0000000E+00,  0.0000000E+00,  0.0000000E+00,  0.0000000E+00,  0.3243860E+06,  0.2684364E+03,  0.8383958E+03,  0.5144838E+05,  0.2137585E+05,  0.4873962E+02,  0.0000000E+00,  0.0000000E+00,  0.0000000E+00,  0.1150608E+05,  0.8897006E+05,  0.7985948E+05,  0.0000000E+00,   30
11/18/2013,  0.1947008E+07,  0.0000000E+00,  0.0000000E+00,  0.7332217E+05,  0.0000000E+00,  0.1021397E+07,  0.0000000E+00,  0.0000000E+00,  0.0000000E+00,  0.0000000E+00,  0.9919136E+08,  0.6841634E+07,  0.5974160E+08,  0.1824680E+11,  0.0000000E+00,  0.4152434E+09,  0.0000000E+00,  0.0000000E+00,  0.0000000E+00,  0.0000000E+00,  0.1718496E+07,  0.0000000E+00,  0.0000000E+00,  0.0000000E+00,  0.0000000E+00,  0.3107167E+06,  0.2668522E+03,  0.7967310E+03,  0.5773522E+05,  0.2030346E+05,  0.4817499E+02,  0.0000000E+00,  0.0000000E+00,  0.0000000E+00,  0.1126701E+05,  0.8700633E+05,  0.5327994E+05,  0.0000000E+00,   10
11/19/2013,  0.5316501E+07,  0.9233972E+05,  0.0000000E+00,  0.1140152E+06,  0.0000000E+00,  0.1245561E+07,  0.2315842E+07,  0.0000000E+00,  0.0000000E+00,  0.0000000E+00,  0.1267270E+09,  0.8479687E+07,  0.6018095E+08,  0.1824694E+11,  0.0000000E+00,  0.4153702E+09,  0.0000000E+00,  0.3543709E+08,  0.0000000E+00,  0.0000000E+00,  0.5133024E+07,  0.0000000E+00,  0.0000000E+00,  0.0000000E+00,  0.0000000E+00,  0.6689633E+06,  0.9545141E+02,  0.1063729E+05,  0.2361292E+06,  0.2619850E+05,  0.8432267E+03,  0.1508677E+04,  0.0000000E+00,  0.0000000E+00,  0.9106954E+06,  0.9418999E+05,  0.4608868E+06,  0.3077397E+08,   19
11/20/2013,  0.3399104E+08,  0.4082348E+06,  0.2290266E+04,  0.7936449E+06,  0.0000000E+00,  0.2273030E+07,  0.2315842E+07,  0.0000000E+00,  0.0000000E+00,  0.0000000E+00,  0.2284238E+09,  0.1566818E+08,  0.6102914E+08,  0.1824829E+11,  0.0000000E+00,  0.4158711E+09,  0.0000000E+00,  0.1214337E+09,  0.0000000E+00,  0.0000000E+00,  0.3372106E+08,  0.0000000E+00,  0.0000000E+00,  0.0000000E+00,  0.0000000E+00,  0.1649365E+07,  0.0000000E+00,  0.1642280E+05,  0.1584759E+06,  0.2017332E+05,  0.3741338E+05,  0.6871058E+04,  0.0000000E+00,  0.0000000E+00,  0.1502085E+07,  0.1428250E+06,  0.6376650E+06,  0.1127273E+09,  402
11/21/2013,  0.1029017E+08,  0.2900486E+04,  0.0000000E+00,  0.3128889E+06,  0.0000000E+00,  0.1237517E+07,  0.1800574E+07,  0.0000000E+00,  0.0000000E+00,  0.0000000E+00,  0.2272691E+09,  0.1474575E+08,  0.6124984E+08,  0.1824829E+11,  0.0000000E+00,  0.4158239E+09,  0.0000000E+00,  0.7619324E+06,  0.0000000E+00,  0.0000000E+00,  0.9891072E+07,  0.5152672E+06,  0.0000000E+00,  0.0000000E+00,  0.0000000E+00,  0.2050373E+07,  0.0000000E+00,  0.2037055E+05,  0.1877483E+06,  0.2044969E+05,  0.4520002E+04,  0.3962388E+02,  0.0000000E+00,  0.0000000E+00,  0.5918741E+06,  0.1289325E+06,  0.3512676E+06,  0.7535368E+06,   22
11/22/2013,  0.3245680E+07,  0.0000000E+00,  0.6308490E+03,  0.2676539E+06,  0.0000000E+00,  0.1176140E+07,  0.7167753E+06,  0.0000000E+00,  0.0000000E+00,  0.0000000E+00,  0.2255655E+09,  0.1406005E+08,  0.6133056E+08,  0.1824817E+11,  0.0000000E+00,  0.4157964E+09,  0.0000000E+00,  0.0000000E+00,  0.0000000E+00,  0.0000000E+00,  0.2820960E+07,  0.1083799E+07,  0.0000000E+00,  0.0000000E+00,  0.0000000E+00,  0.1891521E+07,  0.0000000E+00,  0.2150232E+05,  0.1484060E+06,  0.2049350E+05,  0.2815869E+04,  0.0000000E+00,  0.0000000E+00,  0.0000000E+00,  0.3532242E+06,  0.1264776E+06,  0.2512810E+06,  0.0000000E+00,   15
11/23/2013,  0.2979669E+07,  0.0000000E+00,  0.7859471E+03,  0.2382036E+06,  0.0000000E+00,  0.1237277E+07,  0.2898262E+06,  0.0000000E+00,  0.0000000E+00,  0.0000000E+00,  0.2237707E+09,  0.1346882E+08,  0.6138331E+08,  0.1824805E+11,  0.0000000E+00,  0.4157799E+09,  0.0000000E+00,  0.0000000E+00,  0.0000000E+00,  0.0000000E+00,  0.2668896E+07,  0.4269491E+06,  0.0000000E+00,  0.0000000E+00,  0.0000000E+00,  0.1974449E+07,  0.0000000E+00,  0.1901858E+05,  0.1607516E+06,  0.1706165E+05,  0.2159997E+04,  0.0000000E+00,  0.0000000E+00,  0.0000000E+00,  0.2957414E+06,  0.1253576E+06,  0.2242083E+06,  0.0000000E+00,   12
11/24/2013,  0.2866421E+07,  0.0000000E+00,  0.7645348E+03,  0.2158200E+06,  0.0000000E+00,  0.1243709E+07,  0.1452402E+06,  0.0000000E+00,  0.0000000E+00,  0.0000000E+00,  0.2215789E+09,  0.1294003E+08,  0.6141345E+08,  0.1824791E+11,  0.0000000E+00,  0.4157651E+09,  0.0000000E+00,  0.0000000E+00,  0.0000000E+00,  0.0000000E+00,  0.2557440E+07,  0.1445860E+06,  0.0000000E+00,  0.0000000E+00,  0.0000000E+00,  0.2353168E+07,  0.0000000E+00,  0.2165290E+05,  0.1598160E+06,  0.1845281E+05,  0.1713965E+04,  0.0000000E+00,  0.0000000E+00,  0.0000000E+00,  0.2715391E+06,  0.1224264E+06,  0.2199069E+06,  0.0000000E+00,   49
11/25/2013,  0.2198127E+07,  0.0000000E+00,  0.6841098E+03,  0.1966726E+06,  0.0000000E+00,  0.1202491E+07,  0.9014792E+05,  0.0000000E+00,  0.0000000E+00,  0.0000000E+00,  0.2192795E+09,  0.1246862E+08,  0.6142731E+08,  0.1824777E+11,  0.0000000E+00,  0.4157544E+09,  0.0000000E+00,  0.0000000E+00,  0.0000000E+00,  0.0000000E+00,  0.1877472E+07,  0.5509227E+05,  0.0000000E+00,  0.0000000E+00,  0.0000000E+00,  0.2445995E+07,  0.0000000E+00,  0.2006615E+05,  0.1532787E+06,  0.1693113E+05,  0.1415553E+04,  0.0000000E+00,  0.0000000E+00,  0.0000000E+00,  0.2464175E+06,  0.1203244E+06,  0.2126202E+06,  0.0000000E+00,   11
11/26/2013,  0.1888487E+07,  0.0000000E+00,  0.5858686E+03,  0.1813154E+06,  0.0000000E+00,  0.1203475E+07,  0.7221497E+05,  0.0000000E+00,  0.0000000E+00,  0.0000000E+00,  0.2171523E+09,  0.1204789E+08,  0.6143277E+08,  0.1824760E+11,  0.0000000E+00,  0.4157455E+09,  0.0000000E+00,  0.0000000E+00,  0.0000000E+00,  0.0000000E+00,  0.1562112E+07,  0.1793295E+05,  0.0000000E+00,  0.0000000E+00,  0.0000000E+00,  0.2260095E+07,  0.0000000E+00,  0.1852905E+05,  0.1511732E+06,  0.1570359E+05,  0.1186896E+04,  0.0000000E+00,  0.0000000E+00,  0.0000000E+00,  0.2235769E+06,  0.1187876E+06,  0.1997216E+06,  0.0000000E+00,   41
11/27/2013,  0.2554106E+07,  0.0000000E+00,  0.5247805E+03,  0.1692185E+06,  0.0000000E+00,  0.1204031E+07,  0.6229743E+05,  0.0000000E+00,  0.0000000E+00,  0.0000000E+00,  0.2150154E+09,  0.1167513E+08,  0.6142242E+08,  0.1824743E+11,  0.0000000E+00,  0.4157372E+09,  0.0000000E+00,  0.0000000E+00,  0.0000000E+00,  0.0000000E+00,  0.2270592E+07,  0.9917538E+04,  0.0000000E+00,  0.0000000E+00,  0.0000000E+00,  0.2253971E+07,  0.0000000E+00,  0.1913817E+05,  0.1395961E+06,  0.1635253E+05,  0.1011395E+04,  0.0000000E+00,  0.0000000E+00,  0.0000000E+00,  0.2031875E+06,  0.1182041E+06,  0.1945229E+06,  0.0000000E+00,   12
11/28/2013,  0.2544995E+07,  0.0000000E+00,  0.4391064E+03,  0.1585620E+06,  0.0000000E+00,  0.1197644E+07,  0.5498149E+05,  0.0000000E+00,  0.0000000E+00,  0.0000000E+00,  0.2127966E+09,  0.1133611E+08,  0.6140072E+08,  0.1824724E+11,  0.0000000E+00,  0.4157274E+09,  0.0000000E+00,  0.0000000E+00,  0.0000000E+00,  0.0000000E+00,  0.2463264E+07,  0.7315937E+04,  0.0000000E+00,  0.0000000E+00,  0.0000000E+00,  0.2323488E+07,  0.0000000E+00,  0.2243281E+05,  0.1449056E+06,  0.1971775E+05,  0.8745423E+03,  0.0000000E+00,  0.0000000E+00,  0.0000000E+00,  0.1906056E+06,  0.1161373E+06,  0.1900116E+06,  0.0000000E+00,    5
11/29/2013,  0.2652839E+07,  0.0000000E+00,  0.3614280E+03,  0.1495908E+06,  0.0000000E+00,  0.1193164E+07,  0.4996724E+05,  0.0000000E+00,  0.0000000E+00,  0.0000000E+00,  0.2106733E+09,  0.1102789E+08,  0.6137225E+08,  0.1824703E+11,  0.0000000E+00,  0.4157193E+09,  0.0000000E+00,  0.0000000E+00,  0.0000000E+00,  0.0000000E+00,  0.2367360E+07,  0.5014256E+04,  0.0000000E+00,  0.0000000E+00,  0.0000000E+00,  0.2220706E+07,  0.0000000E+00,  0.2163031E+05,  0.1282232E+06,  0.1946859E+05,  0.7613001E+03,  0.0000000E+00,  0.0000000E+00,  0.0000000E+00,  0.1750432E+06,  0.1149528E+06,  0.1820117E+06,  0.0000000E+00,    8
11/30/2013,  0.2642320E+07,  0.0000000E+00,  0.2821482E+03,  0.1419728E+06,  0.0000000E+00,  0.1188598E+07,  0.4628744E+05,  0.0000000E+00,  0.0000000E+00,  0.0000000E+00,  0.2086651E+09,  0.1074569E+08,  0.6133387E+08,  0.1824681E+11,  0.0000000E+00,  0.4157130E+09,  0.0000000E+00,  0.0000000E+00,  0.0000000E+00,  0.0000000E+00,  0.2316384E+07,  0.3679799E+04,  0.0000000E+00,  0.0000000E+00,  0.0000000E+00,  0.2098926E+07,  0.0000000E+00,  0.1982719E+05,  0.1351266E+06,  0.1818388E+05,  0.6706125E+03,  0.0000000E+00,  0.0000000E+00,  0.0000000E+00,  0.1609542E+06,  0.1123769E+06,  0.1796293E+06,  0.0000000E+00,    2
12/01/2013,  0.2635656E+07,  0.0000000E+00,  0.1992493E+03,  0.1346570E+06,  0.0000000E+00,  0.1177850E+07,  0.4356876E+05,  0.0000000E+00,  0.0000000E+00,  0.0000000E+00,  0.2068147E+09,  0.1049530E+08,  0.6128343E+08,  0.1824657E+11,  0.0000000E+00,  0.4157066E+09,  0.0000000E+00,  0.0000000E+00,  0.0000000E+00,  0.0000000E+00,  0.2261952E+07,  0.2718683E+04,  0.0000000E+00,  0.0000000E+00,  0.0000000E+00,  0.1933660E+07,  0.0000000E+00,  0.2112787E+05,  0.1347927E+06,  0.1991882E+05,  0.5904629E+03,  0.0000000E+00,  0.0000000E+00,  0.0000000E+00,  0.1433118E+06,  0.1116460E+06,  0.1727410E+06,  0.0000000E+00,    2
12/02/2013,  0.1578101E+07,  0.4625843E+04,  0.4492276E+03,  0.1292574E+06,  0.0000000E+00,  0.1153815E+07,  0.7050145E+06,  0.0000000E+00,  0.0000000E+00,  0.0000000E+00,  0.2060819E+09,  0.1029732E+08,  0.6127112E+08,  0.1824638E+11,  0.0000000E+00,  0.4157112E+09,  0.0000000E+00,  0.2125106E+07,  0.0000000E+00,  0.0000000E+00,  0.1267488E+07,  0.9207310E+03,  0.0000000E+00,  0.0000000E+00,  0.0000000E+00,  0.1916756E+07,  0.0000000E+00,  0.2308006E+05,  0.1380536E+06,  0.2130009E+05,  0.5261983E+03,  0.1115512E+03,  0.0000000E+00,  0.0000000E+00,  0.2314741E+06,  0.1101423E+06,  0.2208478E+06,  0.1237534E+07,   11
12/03/2013,  0.1554723E+07,  0.0000000E+00,  0.1737257E+03,  0.1239079E+06,  0.0000000E+00,  0.1172783E+07,  0.4529903E+06,  0.0000000E+00,  0.0000000E+00,  0.0000000E+00,  0.2053423E+09,  0.1009446E+08,  0.6121646E+08,  0.1824616E+11,  0.0000000E+00,  0.4157123E+09,  0.0000000E+00,  0.0000000E+00,  0.0000000E+00,  0.0000000E+00,  0.1238112E+07,  0.2520242E+06,  0.0000000E+00,  0.0000000E+00,  0.0000000E+00,  0.8139739E+06,  0.0000000E+00,  0.1334524E+05,  0.6351167E+05,  0.1266146E+05,  0.4884159E+03,  0.0000000E+00,  0.0000000E+00,  0.0000000E+00,  0.1179597E+06,  0.1140308E+06,  0.1594859E+06,  0.0000000E+00,    2
12/04/2013,  0.1545956E+07,  0.0000000E+00,  0.2986329E+03,  0.1205841E+06,  0.0000000E+00,  0.1164196E+07,  0.2994655E+06,  0.0000000E+00,  0.0000000E+00,  0.0000000E+00,  0.2048263E+09,  0.9918313E+07,  0.6116291E+08,  0.1824596E+11,  0.0000000E+00,  0.4157169E+09,  0.0000000E+00,  0.0000000E+00,  0.0000000E+00,  0.0000000E+00,  0.1032480E+07,  0.1535247E+06,  0.0000000E+00,  0.0000000E+00,  0.0000000E+00,  0.5838941E+06,  0.0000000E+00,  0.8166353E+04,  0.5848647E+05,  0.7658520E+04,  0.4384095E+03,  0.0000000E+00,  0.0000000E+00,  0.0000000E+00,  0.1030831E+06,  0.1161022E+06,  0.1485806E+06,  0.0000000E+00,    2
12/05/2013,  0.1321792E+07,  0.0000000E+00,  0.2940060E+03,  0.1170461E+06,  0.0000000E+00,  0.1172416E+07,  0.2091786E+06,  0.0000000E+00,  0.0000000E+00,  0.0000000E+00,  0.2042220E+09,  0.9755139E+07,  0.6110548E+08,  0.1824575E+11,  0.0000000E+00,  0.4157215E+09,  0.0000000E+00,  0.0000000E+00,  0.0000000E+00,  0.0000000E+00,  0.1188000E+07,  0.9028694E+05,  0.0000000E+00,  0.0000000E+00,  0.0000000E+00,  0.6707078E+06,  0.0000000E+00,  0.9315808E+04,  0.6392760E+05,  0.8772501E+04,  0.3966254E+03,  0.0000000E+00,  0.0000000E+00,  0.0000000E+00,  0.9602836E+05,  0.1169739E+06,  0.1442495E+06,  0.0000000E+00,    7
12/06/2013,  0.1752625E+08,  0.3675140E+06,  0.7428952E+04,  0.6023591E+06,  0.0000000E+00,  0.2013100E+07,  0.2315842E+07,  0.0000000E+00,  0.0000000E+00,  0.0000000E+00,  0.2807021E+09,  0.1529129E+08,  0.6184374E+08,  0.1824668E+11,  0.0000000E+00,  0.4161128E+09,  0.0000000E+00,  0.9312205E+08,  0.0000000E+00,  0.0000000E+00,  0.1712189E+08,  0.0000000E+00,  0.0000000E+00,  0.0000000E+00,  0.0000000E+00,  0.1750643E+07,  0.0000000E+00,  0.1633810E+05,  0.1243465E+06,  0.1236352E+05,  0.2202606E+05,  0.6268216E+04,  0.0000000E+00,  0.0000000E+00,  0.1330959E+07,  0.1597204E+06,  0.5765112E+06,  0.8556996E+08,   37
12/07/2013,  0.8018146E+07,  0.0000000E+00,  0.1387756E+04,  0.2903627E+06,  0.0000000E+00,  0.1299424E+07,  0.1842031E+07,  0.0000000E+00,  0.0000000E+00,  0.0000000E+00,  0.2800566E+09,  0.1455027E+08,  0.6196216E+08,  0.1824668E+11,  0.0000000E+00,  0.4160755E+09,  0.0000000E+00,  0.0000000E+00,  0.0000000E+00,  0.0000000E+00,  0.7595424E+07,  0.4738103E+06,  0.0000000E+00,  0.0000000E+00,  0.0000000E+00,  0.8411885E+06,  0.1552205E-05,  0.1046221E+05,  0.5525860E+05,  0.8233238E+04,  0.3307938E+04,  0.0000000E+00,  0.0000000E+00,  0.0000000E+00,  0.4093509E+06,  0.1590307E+06,  0.2811137E+06,  0.0000000E+00,   15
12/08/2013,  0.2532315E+07,  0.0000000E+00,  0.1381570E+04,  0.2587034E+06,  0.0000000E+00,  0.1199400E+07,  0.1426449E+07,  0.0000000E+00,  0.0000000E+00,  0.0000000E+00,  0.2795031E+09,  0.1401090E+08,  0.6199922E+08,  0.1824654E+11,  0.0000000E+00,  0.4160598E+09,  0.0000000E+00,  0.0000000E+00,  0.0000000E+00,  0.0000000E+00,  0.2042496E+07,  0.4155824E+06,  0.0000000E+00,  0.0000000E+00,  0.0000000E+00,  0.7257886E+06,  0.0000000E+00,  0.6907268E+04,  0.4501789E+05,  0.5289938E+04,  0.2265451E+04,  0.0000000E+00,  0.0000000E+00,  0.0000000E+00,  0.2640060E+06,  0.1592683E+06,  0.2202037E+06,  0.0000000E+00,   14
12/09/2013,  0.2447065E+07,  0.0000000E+00,  0.1315684E+04,  0.2371263E+06,  0.0000000E+00,  0.1240410E+07,  0.9046611E+06,  0.0000000E+00,  0.0000000E+00,  0.0000000E+00,  0.2785776E+09,  0.1352710E+08,  0.6201645E+08,  0.1824640E+11,  0.0000000E+00,  0.4160519E+09,  0.0000000E+00,  0.0000000E+00,  0.0000000E+00,  0.0000000E+00,  0.1458432E+07,  0.5217880E+06,  0.0000000E+00,  0.0000000E+00,  0.0000000E+00,  0.1088232E+07,  0.0000000E+00,  0.6386702E+04,  0.7328146E+05,  0.4687040E+04,  0.1785818E+04,  0.0000000E+00,  0.0000000E+00,  0.0000000E+00,  0.2357671E+06,  0.1549467E+06,  0.2122877E+06,  0.0000000E+00,    5
12/10/2013,  0.1859474E+07,  0.0000000E+00,  0.1169512E+04,  0.2187252E+06,  0.0000000E+00,  0.1229842E+07,  0.5389112E+06,  0.0000000E+00,  0.0000000E+00,  0.0000000E+00,  0.2771129E+09,  0.1306520E+08,  0.6201480E+08,  0.1824624E+11,  0.0000000E+00,  0.4160455E+09,  0.0000000E+00,  0.0000000E+00,  0.0000000E+00,  0.0000000E+00,  0.1230336E+07,  0.3657500E+06,  0.0000000E+00,  0.0000000E+00,  0.0000000E+00,  0.1627194E+07,  0.0000000E+00,  0.9383607E+04,  0.1002282E+06,  0.6907851E+04,  0.1459840E+04,  0.0000000E+00,  0.0000000E+00,  0.0000000E+00,  0.2284574E+06,  0.1503903E+06,  0.2208226E+06,  0.0000000E+00,    5
12/11/2013,  0.1642988E+07,  0.0000000E+00,  0.1000528E+04,  0.2030886E+06,  0.0000000E+00,  0.1242885E+07,  0.3543783E+06,  0.0000000E+00,  0.0000000E+00,  0.0000000E+00,  0.2754021E+09,  0.1263039E+08,  0.6199513E+08,  0.1824604E+11,  0.0000000E+00,  0.4160409E+09,  0.0000000E+00,  0.0000000E+00,  0.0000000E+00,  0.0000000E+00,  0.1118016E+07,  0.1845329E+06,  0.0000000E+00,  0.0000000E+00,  0.0000000E+00,  0.1867968E+07,  0.0000000E+00,  0.1053695E+05,  0.9031423E+05,  0.7764023E+04,  0.1230179E+04,  0.0000000E+00,  0.0000000E+00,  0.0000000E+00,  0.2179039E+06,  0.1454937E+06,  0.2271225E+06,  0.0000000E+00,    2
12/12/2013,  0.1591783E+07,  0.0000000E+00,  0.8929975E+03,  0.1887044E+06,  0.0000000E+00,  0.1236252E+07,  0.2272128E+06,  0.0000000E+00,  0.0000000E+00,  0.0000000E+00,  0.2732389E+09,  0.1222858E+08,  0.6195695E+08,  0.1824585E+11,  0.0000000E+00,  0.4160357E+09,  0.0000000E+00,  0.0000000E+00,  0.0000000E+00,  0.0000000E+00,  0.1058400E+07,  0.1271655E+06,  0.0000000E+00,  0.0000000E+00,  0.0000000E+00,  0.2307526E+07,  0.0000000E+00,  0.1511683E+05,  0.9794788E+05,  0.1105376E+05,  0.1044213E+04,  0.0000000E+00,  0.0000000E+00,  0.0000000E+00,  0.2083757E+06,  0.1415302E+06,  0.2315276E+06,  0.0000000E+00,    2
12/13/2013,  0.1487036E+07,  0.0000000E+00,  0.7718570E+03,  0.1758960E+06,  0.0000000E+00,  0.1227477E+07,  0.1548889E+06,  0.0000000E+00,  0.0000000E+00,  0.0000000E+00,  0.2707404E+09,  0.1185858E+08,  0.6190615E+08,  0.1824565E+11,  0.0000000E+00,  0.4160313E+09,  0.0000000E+00,  0.0000000E+00,  0.0000000E+00,  0.0000000E+00,  0.1172448E+07,  0.7232383E+05,  0.0000000E+00,  0.0000000E+00,  0.0000000E+00,  0.2635328E+07,  0.0000000E+00,  0.1583459E+05,  0.9642102E+05,  0.1164361E+05,  0.9058416E+03,  0.0000000E+00,  0.0000000E+00,  0.0000000E+00,  0.1951671E+06,  0.1395478E+06,  0.2302189E+06,  0.0000000E+00,    2
12/14/2013,  0.1500710E+07,  0.0000000E+00,  0.6254632E+03,  0.1650103E+06,  0.0000000E+00,  0.1215656E+07,  0.1197380E+06,  0.0000000E+00,  0.0000000E+00,  0.0000000E+00,  0.2681723E+09,  0.1152218E+08,  0.6184737E+08,  0.1824547E+11,  0.0000000E+00,  0.4160297E+09,  0.0000000E+00,  0.0000000E+00,  0.0000000E+00,  0.0000000E+00,  0.1270080E+07,  0.3515095E+05,  0.0000000E+00,  0.0000000E+00,  0.0000000E+00,  0.2695912E+07,  0.0000000E+00,  0.1348907E+05,  0.9478547E+05,  0.9923150E+04,  0.7864124E+03,  0.0000000E+00,  0.0000000E+00,  0.0000000E+00,  0.1813684E+06,  0.1392349E+06,  0.2267487E+06,  0.0000000E+00,    7
12/15/2013,  0.3227179E+07,  0.0000000E+00,  0.4839962E+03,  0.1573951E+06,  0.0000000E+00,  0.1244364E+07,  0.9787061E+05,  0.0000000E+00,  0.0000000E+00,  0.0000000E+00,  0.2649751E+09,  0.1120782E+08,  0.6177177E+08,  0.1824530E+11,  0.0000000E+00,  0.4160263E+09,  0.0000000E+00,  0.0000000E+00,  0.0000000E+00,  0.0000000E+00,  0.2929824E+07,  0.2186739E+05,  0.0000000E+00,  0.0000000E+00,  0.0000000E+00,  0.3316182E+07,  0.0000000E+00,  0.1793883E+05,  0.1108055E+06,  0.1350856E+05,  0.6913808E+03,  0.0000000E+00,  0.0000000E+00,  0.0000000E+00,  0.1749557E+06,  0.1381471E+06,  0.2326990E+06,  0.0000000E+00,   15
12/16/2013,  0.4247358E+07,  0.0000000E+00,  0.3231046E+03,  0.1496120E+06,  0.0000000E+00,  0.1226472E+07,  0.8568104E+05,  0.0000000E+00,  0.0000000E+00,  0.0000000E+00,  0.2618069E+09,  0.1091824E+08,  0.6169440E+08,  0.1824510E+11,  0.0000000E+00,  0.4160235E+09,  0.0000000E+00,  0.0000000E+00,  0.0000000E+00,  0.0000000E+00,  0.3937248E+07,  0.1218957E+05,  0.0000000E+00,  0.0000000E+00,  0.0000000E+00,  0.3282481E+07,  0.0000000E+00,  0.1863128E+05,  0.9341171E+05,  0.1431477E+05,  0.6117911E+03,  0.0000000E+00,  0.0000000E+00,  0.0000000E+00,  0.1620725E+06,  0.1372915E+06,  0.2209049E+06,  0.0000000E+00,   13
12/17/2013,  0.3752428E+07,  0.0000000E+00,  0.2192021E+03,  0.1423460E+06,  0.0000000E+00,  0.1186956E+07,  0.7859237E+05,  0.0000000E+00,  0.0000000E+00,  0.0000000E+00,  0.2590056E+09,  0.1065350E+08,  0.6161253E+08,  0.1824488E+11,  0.0000000E+00,  0.4160201E+09,  0.0000000E+00,  0.0000000E+00,  0.0000000E+00,  0.0000000E+00,  0.3365280E+07,  0.7088670E+04,  0.0000000E+00,  0.0000000E+00,  0.0000000E+00,  0.2907609E+07,  0.0000000E+00,  0.2014779E+05,  0.9326025E+05,  0.1610498E+05,  0.5477632E+03,  0.0000000E+00,  0.0000000E+00,  0.0000000E+00,  0.1506303E+06,  0.1353095E+06,  0.2124402E+06,  0.0000000E+00,    8
12/18/2013,  0.2459360E+07,  0.0000000E+00,  0.2013863E+03,  0.1352934E+06,  0.0000000E+00,  0.1161541E+07,  0.7356379E+05,  0.0000000E+00,  0.0000000E+00,  0.0000000E+00,  0.2563851E+09,  0.1041279E+08,  0.6152792E+08,  0.1824465E+11,  0.0000000E+00,  0.4160172E+09,  0.0000000E+00,  0.0000000E+00,  0.0000000E+00,  0.0000000E+00,  0.2092608E+07,  0.5028584E+04,  0.0000000E+00,  0.0000000E+00,  0.0000000E+00,  0.2717160E+07,  0.0000000E+00,  0.2025635E+05,  0.8827158E+05,  0.1675432E+05,  0.4898153E+03,  0.0000000E+00,  0.0000000E+00,  0.0000000E+00,  0.1410652E+06,  0.1329557E+06,  0.2055107E+06,  0.0000000E+00,   12
12/19/2013,  0.1872281E+07,  0.0000000E+00,  0.1534753E+03,  0.1293235E+06,  0.0000000E+00,  0.1151912E+07,  0.7033529E+05,  0.0000000E+00,  0.0000000E+00,  0.0000000E+00,  0.2543166E+09,  0.1019642E+08,  0.6144322E+08,  0.1824442E+11,  0.0000000E+00,  0.4160157E+09,  0.0000000E+00,  0.0000000E+00,  0.0000000E+00,  0.0000000E+00,  0.1494720E+07,  0.3228499E+04,  0.0000000E+00,  0.0000000E+00,  0.0000000E+00,  0.2158473E+07,  0.0000000E+00,  0.1849722E+05,  0.7862395E+05,  0.1576615E+05,  0.4414861E+03,  0.0000000E+00,  0.0000000E+00,  0.0000000E+00,  0.1279042E+06,  0.1314440E+06,  0.1942027E+06,  0.0000000E+00,   11
12/20/2013,  0.1580576E+07,  0.0000000E+00,  0.1651598E+03,  0.1245180E+06,  0.0000000E+00,  0.1357270E+07,  0.6736613E+05,  0.0000000E+00,  0.0000000E+00,  0.0000000E+00,  0.2520912E+09,  0.9999214E+07,  0.6135706E+08,  0.1824430E+11,  0.0000000E+00,  0.4158839E+09,  0.0000000E+00,  0.0000000E+00,  0.0000000E+00,  0.0000000E+00,  0.1238976E+07,  0.2969161E+04,  0.0000000E+00,  0.0000000E+00,  0.0000000E+00,  0.2307504E+07,  0.0000000E+00,  0.1708436E+05,  0.8199592E+05,  0.1465075E+05,  0.4002033E+03,  0.0000000E+00,  0.0000000E+00,  0.0000000E+00,  0.1197869E+06,  0.1296607E+06,  0.1889803E+06,  0.0000000E+00,   54
12/21/2013,  0.1722701E+07,  0.0000000E+00,  0.6092074E+02,  0.1203691E+06,  0.0000000E+00,  0.1421855E+07,  0.6450057E+05,  0.0000000E+00,  0.0000000E+00,  0.0000000E+00,  0.2496868E+09,  0.9814146E+07,  0.6127015E+08,  0.1824416E+11,  0.0000000E+00,  0.4157288E+09,  0.0000000E+00,  0.0000000E+00,  0.0000000E+00,  0.0000000E+00,  0.1386720E+07,  0.2865563E+04,  0.0000000E+00,  0.0000000E+00,  0.0000000E+00,  0.2484205E+07,  0.0000000E+00,  0.1800879E+05,  0.8298968E+05,  0.1585766E+05,  0.3662939E+03,  0.0000000E+00,  0.0000000E+00,  0.0000000E+00,  0.1124083E+06,  0.1280003E+06,  0.1814323E+06,  0.0000000E+00,   22
12/22/2013,  0.2064451E+07,  0.0000000E+00,  0.2013525E+02,  0.1165637E+06,  0.0000000E+00,  0.1349964E+07,  0.6194661E+05,  0.0000000E+00,  0.0000000E+00,  0.0000000E+00,  0.2473197E+09,  0.9642258E+07,  0.6118872E+08,  0.1824393E+11,  0.0000000E+00,  0.4156469E+09,  0.0000000E+00,  0.0000000E+00,  0.0000000E+00,  0.0000000E+00,  0.1706400E+07,  0.2553960E+04,  0.0000000E+00,  0.0000000E+00,  0.0000000E+00,  0.2444950E+07,  0.0000000E+00,  0.1638595E+05,  0.6461330E+05,  0.1470187E+05,  0.3350141E+03,  0.0000000E+00,  0.0000000E+00,  0.0000000E+00,  0.1040618E+06,  0.1268580E+06,  0.1692248E+06,  0.0000000E+00,   16
12/23/2013,  0.2214973E+07,  0.0000000E+00,  0.0000000E+00,  0.1133636E+06,  0.0000000E+00,  0.1020315E+07,  0.5981541E+05,  0.0000000E+00,  0.0000000E+00,  0.0000000E+00,  0.2450429E+09,  0.9479353E+07,  0.6110711E+08,  0.1824350E+11,  0.0000000E+00,  0.4158197E+09,  0.0000000E+00,  0.0000000E+00,  0.0000000E+00,  0.0000000E+00,  0.1886112E+07,  0.2131192E+04,  0.0000000E+00,  0.0000000E+00,  0.0000000E+00,  0.2350863E+07,  0.0000000E+00,  0.1525856E+05,  0.6915477E+05,  0.1400107E+05,  0.3082154E+03,  0.0000000E+00,  0.0000000E+00,  0.0000000E+00,  0.1004121E+06,  0.1252647E+06,  0.1668714E+06,  0.0000000E+00,   30
12/24/2013,  0.2146149E+07,  0.0000000E+00,  0.0000000E+00,  0.1103049E+06,  0.0000000E+00,  0.1101784E+07,  0.5771240E+05,  0.0000000E+00,  0.0000000E+00,  0.0000000E+00,  0.2425543E+09,  0.9326034E+07,  0.6102475E+08,  0.1824319E+11,  0.0000000E+00,  0.4158914E+09,  0.0000000E+00,  0.0000000E+00,  0.0000000E+00,  0.0000000E+00,  0.1847232E+07,  0.2103017E+04,  0.0000000E+00,  0.0000000E+00,  0.0000000E+00,  0.2559462E+07,  0.0000000E+00,  0.1724651E+05,  0.7410376E+05,  0.1630367E+05,  0.2844634E+03,  0.0000000E+00,  0.0000000E+00,  0.0000000E+00,  0.9532908E+05,  0.1234735E+06,  0.1605606E+06,  0.0000000E+00,  167
12/25/2013,  0.1750158E+07,  0.0000000E+00,  0.0000000E+00,  0.1070142E+06,  0.0000000E+00,  0.1131621E+07,  0.5600861E+05,  0.0000000E+00,  0.0000000E+00,  0.0000000E+00,  0.2403650E+09,  0.9184035E+07,  0.6094839E+08,  0.1824291E+11,  0.0000000E+00,  0.4159277E+09,  0.0000000E+00,  0.0000000E+00,  0.0000000E+00,  0.0000000E+00,  0.1441152E+07,  0.1703790E+04,  0.0000000E+00,  0.0000000E+00,  0.0000000E+00,  0.2259507E+07,  0.0000000E+00,  0.1299024E+05,  0.7438194E+05,  0.1251549E+05,  0.2625072E+03,  0.0000000E+00,  0.0000000E+00,  0.0000000E+00,  0.8671951E+05,  0.1221744E+06,  0.1502012E+06,  0.0000000E+00,   12
12/26/2013,  0.1531203E+07,  0.0000000E+00,  0.0000000E+00,  0.1045671E+06,  0.0000000E+00,  0.1151116E+07,  0.5444598E+05,  0.0000000E+00,  0.0000000E+00,  0.0000000E+00,  0.2382049E+09,  0.9051690E+07,  0.6087161E+08,  0.1824265E+11,  0.0000000E+00,  0.4159464E+09,  0.0000000E+00,  0.0000000E+00,  0.0000000E+00,  0.0000000E+00,  0.1237248E+07,  0.1562631E+04,  0.0000000E+00,  0.0000000E+00,  0.0000000E+00,  0.2225819E+07,  0.0000000E+00,  0.1414119E+05,  0.5675318E+05,  0.1415350E+05,  0.2443872E+03,  0.0000000E+00,  0.0000000E+00,  0.0000000E+00,  0.8229279E+05,  0.1204818E+06,  0.1450408E+06,  0.0000000E+00,   15
12/27/2013,  0.1525349E+07,  0.0000000E+00,  0.0000000E+00,  0.1022010E+06,  0.0000000E+00,  0.1161367E+07,  0.5321717E+05,  0.0000000E+00,  0.0000000E+00,  0.0000000E+00,  0.2363554E+09,  0.8927504E+07,  0.6079801E+08,  0.1824238E+11,  0.0000000E+00,  0.4159582E+09,  0.0000000E+00,  0.0000000E+00,  0.0000000E+00,  0.0000000E+00,  0.1105920E+07,  0.1228808E+04,  0.0000000E+00,  0.0000000E+00,  0.0000000E+00,  0.1913491E+07,  0.0000000E+00,  0.1136688E+05,  0.8110838E+05,  0.1169286E+05,  0.2276338E+03,  0.0000000E+00,  0.0000000E+00,  0.0000000E+00,  0.7657581E+05,  0.1187513E+06,  0.1389217E+06,  0.0000000E+00,    2
12/28/2013,  0.1344090E+07,  0.0000000E+00,  0.0000000E+00,  0.9971451E+05,  0.0000000E+00,  0.1152346E+07,  0.5189916E+05,  0.0000000E+00,  0.0000000E+00,  0.0000000E+00,  0.2341780E+09,  0.8811523E+07,  0.6071984E+08,  0.1824210E+11,  0.0000000E+00,  0.4159604E+09,  0.0000000E+00,  0.0000000E+00,  0.0000000E+00,  0.0000000E+00,  0.1048896E+07,  0.1318011E+04,  0.0000000E+00,  0.0000000E+00,  0.0000000E+00,  0.2235942E+07,  0.0000000E+00,  0.1699191E+05,  0.6014973E+05,  0.1855263E+05,  0.2120449E+03,  0.0000000E+00,  0.0000000E+00,  0.0000000E+00,  0.7461557E+05,  0.1171309E+06,  0.1359100E+06,  0.0000000E+00,    9
12/29/2013,  0.1284205E+07,  0.0000000E+00,  0.0000000E+00,  0.9732982E+05,  0.0000000E+00,  0.1179136E+07,  0.5083691E+05,  0.0000000E+00,  0.0000000E+00,  0.0000000E+00,  0.2323359E+09,  0.8702206E+07,  0.6064606E+08,  0.1824186E+11,  0.0000000E+00,  0.4159656E+09,  0.0000000E+00,  0.0000000E+00,  0.0000000E+00,  0.0000000E+00,  0.1009152E+07,  0.1062248E+04,  0.0000000E+00,  0.0000000E+00,  0.0000000E+00,  0.1902005E+07,  0.0000000E+00,  0.1172700E+05,  0.5341607E+05,  0.1322221E+05,  0.1976033E+03,  0.0000000E+00,  0.0000000E+00,  0.0000000E+00,  0.6864944E+05,  0.1166754E+06,  0.1308283E+06,  0.0000000E+00,   50
12/30/2013,  0.1282185E+07,  0.0000000E+00,  0.0000000E+00,  0.9603280E+05,  0.0000000E+00,  0.1182073E+07,  0.4977646E+05,  0.0000000E+00,  0.0000000E+00,  0.0000000E+00,  0.2304022E+09,  0.8601435E+07,  0.6057459E+08,  0.1824158E+11,  0.0000000E+00,  0.4159665E+09,  0.0000000E+00,  0.0000000E+00,  0.0000000E+00,  0.0000000E+00,  0.9149760E+06,  0.1060444E+04,  0.0000000E+00,  0.0000000E+00,  0.0000000E+00,  0.1988632E+07,  0.0000000E+00,  0.1296562E+05,  0.9581291E+05,  0.1516390E+05,  0.1853051E+03,  0.0000000E+00,  0.0000000E+00,  0.0000000E+00,  0.6402947E+05,  0.1144296E+06,  0.1226421E+06,  0.0000000E+00,    2
12/31/2013,  0.1278805E+07,  0.0000000E+00,  0.0000000E+00,  0.9382380E+05,  0.0000000E+00,  0.1175155E+07,  0.4882513E+05,  0.0000000E+00,  0.0000000E+00,  0.0000000E+00,  0.2286179E+09,  0.8505715E+07,  0.6050692E+08,  0.1824128E+11,  0.0000000E+00,  0.4159673E+09,  0.0000000E+00,  0.0000000E+00,  0.0000000E+00,  0.0000000E+00,  0.8899200E+06,  0.9513373E+03,  0.0000000E+00,  0.0000000E+00,  0.0000000E+00,  0.1837601E+07,  0.0000000E+00,  0.1057893E+05,  0.5805449E+05,  0.1274920E+05,  0.1738838E+03,  0.0000000E+00,  0.0000000E+00,  0.0000000E+00,  0.6193624E+05,  0.1134742E+06,  0.1191424E+06,  0.0000000E+00,    2
01/01/2014,  0.1089792E+07,  0.0000000E+00,  0.0000000E+00,  0.9238020E+05,  0.0000000E+00,  0.1137280E+07,  0.4772720E+05,  0.0000000E+00,  0.0000000E+00,  0.0000000E+00,  0.2264346E+09,  0.8415390E+07,  0.6043360E+08,  0.1824100E+11,  0.0000000E+00,  0.4160020E+09,  0.0000000E+00,  0.0000000E+00,  0.0000000E+00,  0.0000000E+00,  0.8251200E+06,  0.1097932E+04,  0.0000000E+00,  0.0000000E+00,  0.0000000E+00,  0.2233272E+07,  0.0000000E+00,  0.1363760E+05,  0.5321624E+05,  0.1716755E+05,  0.1639386E+03,  0.0000000E+00,  0.0000000E+00,  0.0000000E+00,  0.6004896E+05,  0.1122361E+06,  0.1198585E+06,  0.0000000E+00,   21
01/02/2014,  0.1085169E+07,  0.0000000E+00,  0.0000000E+00,  0.9066467E+05,  0.0000000E+00,  0.1151433E+07,  0.4672827E+05,  0.0000000E+00,  0.0000000E+00,  0.0000000E+00,  0.2243922E+09,  0.8330013E+07,  0.6036339E+08,  0.1824074E+11,  0.0000000E+00,  0.4160164E+09,  0.0000000E+00,  0.0000000E+00,  0.0000000E+00,  0.0000000E+00,  0.8389440E+06,  0.9989214E+03,  0.0000000E+00,  0.0000000E+00,  0.0000000E+00,  0.2093422E+07,  0.0000000E+00,  0.1246771E+05,  0.4393326E+05,  0.1646417E+05,  0.1555706E+03,  0.0000000E+00,  0.0000000E+00,  0.0000000E+00,  0.5492619E+05,  0.1113310E+06,  0.1127922E+06,  0.0000000E+00,    5
01/03/2014,  0.1094815E+07,  0.0000000E+00,  0.0000000E+00,  0.8950905E+05,  0.0000000E+00,  0.1168426E+07,  0.4576593E+05,  0.0000000E+00,  0.0000000E+00,  0.0000000E+00,  0.2223794E+09,  0.8249154E+07,  0.6029219E+08,  0.1824047E+11,  0.0000000E+00,  0.4160198E+09,  0.0000000E+00,  0.0000000E+00,  0.0000000E+00,  0.0000000E+00,  0.8320320E+06,  0.9623439E+03,  0.0000000E+00,  0.0000000E+00,  0.0000000E+00,  0.2061991E+07,  0.0000000E+00,  0.1275864E+05,  0.8283151E+05,  0.1773126E+05,  0.1476547E+03,  0.0000000E+00,  0.0000000E+00,  0.0000000E+00,  0.5132435E+05,  0.1093737E+06,  0.1098822E+06,  0.0000000E+00,    2
01/04/2014,  0.1049388E+07,  0.0000000E+00,  0.0000000E+00,  0.8787918E+05,  0.0000000E+00,  0.1171552E+07,  0.4488226E+05,  0.0000000E+00,  0.0000000E+00,  0.0000000E+00,  0.2204818E+09,  0.8174474E+07,  0.6021103E+08,  0.1824024E+11,  0.0000000E+00,  0.4160205E+09,  0.0000000E+00,  0.0000000E+00,  0.0000000E+00,  0.0000000E+00,  0.7922880E+06,  0.8836701E+03,  0.0000000E+00,  0.0000000E+00,  0.0000000E+00,  0.1945442E+07,  0.0000000E+00,  0.1161076E+05,  0.5252005E+05,  0.1694891E+05,  0.1402019E+03,  0.0000000E+00,  0.0000000E+00,  0.0000000E+00,  0.4889071E+05,  0.1099907E+06,  0.1185771E+06,  0.0000000E+00,  288
01/05/2014,  0.1070872E+07,  0.0000000E+00,  0.0000000E+00,  0.8700379E+05,  0.0000000E+00,  0.1175643E+07,  0.4405892E+05,  0.0000000E+00,  0.0000000E+00,  0.0000000E+00,  0.2186940E+09,  0.8103707E+07,  0.6014028E+08,  0.1824000E+11,  0.0000000E+00,  0.4160199E+09,  0.0000000E+00,  0.0000000E+00,  0.0000000E+00,  0.0000000E+00,  0.8130240E+06,  0.8233360E+03,  0.0000000E+00,  0.0000000E+00,  0.0000000E+00,  0.1834116E+07,  0.0000000E+00,  0.1059435E+05,  0.4894274E+05,  0.1621181E+05,  0.1332524E+03,  0.0000000E+00,  0.0000000E+00,  0.0000000E+00,  0.4630755E+05,  0.1090566E+06,  0.1065920E+06,  0.0000000E+00,   91
01/06/2014,  0.1069957E+07,  0.0000000E+00,  0.0000000E+00,  0.8599774E+05,  0.0000000E+00,  0.1175743E+07,  0.4328222E+05,  0.0000000E+00,  0.0000000E+00,  0.0000000E+00,  0.2170016E+09,  0.8038456E+07,  0.6007334E+08,  0.1823975E+11,  0.0000000E+00,  0.4160162E+09,  0.0000000E+00,  0.0000000E+00,  0.0000000E+00,  0.0000000E+00,  0.8009280E+06,  0.7767012E+03,  0.0000000E+00,  0.0000000E+00,  0.0000000E+00,  0.1737231E+07,  0.0000000E+00,  0.1074185E+05,  0.7643599E+05,  0.1731872E+05,  0.1274424E+03,  0.0000000E+00,  0.0000000E+00,  0.0000000E+00,  0.4288225E+05,  0.1084892E+06,  0.9920876E+05,  0.0000000E+00,    7
01/07/2014,  0.1039811E+07,  0.7963263E+04,  0.0000000E+00,  0.8579829E+05,  0.0000000E+00,  0.1185645E+07,  0.1136240E+07,  0.0000000E+00,  0.0000000E+00,  0.0000000E+00,  0.2168387E+09,  0.8003385E+07,  0.6009212E+08,  0.1823951E+11,  0.0000000E+00,  0.4160185E+09,  0.0000000E+00,  0.3168222E+07,  0.0000000E+00,  0.0000000E+00,  0.7750080E+06,  0.2798544E+03,  0.0000000E+00,  0.0000000E+00,  0.0000000E+00,  0.2001596E+07,  0.0000000E+00,  0.1528105E+05,  0.9044722E+05,  0.2263097E+05,  0.1219037E+03,  0.1913733E+03,  0.0000000E+00,  0.0000000E+00,  0.1933038E+06,  0.1077435E+06,  0.1593653E+06,  0.1975170E+07,    8
01/08/2014,  0.1038354E+07,  0.0000000E+00,  0.0000000E+00,  0.4893925E+05,  0.0000000E+00,  0.1174116E+07,  0.3257021E+06,  0.0000000E+00,  0.0000000E+00,  0.0000000E+00,  0.2156817E+09,  0.7994626E+07,  0.6001949E+08,  0.1823923E+11,  0.0000000E+00,  0.4160103E+09,  0.0000000E+00,  0.0000000E+00,  0.0000000E+00,  0.0000000E+00,  0.7974720E+06,  0.8105376E+06,  0.0000000E+00,  0.0000000E+00,  0.0000000E+00,  0.1184362E+07,  0.0000000E+00,  0.1199624E+05,  0.5774674E+05,  0.1875359E+05,  0.1221063E+03,  0.0000000E+00,  0.0000000E+00,  0.0000000E+00,  0.4012756E+05,  0.1076992E+06,  0.1011746E+06,  0.0000000E+00,    1
01/09/2014,  0.1113173E+07,  0.0000000E+00,  0.4291353E+03,  0.9834025E+05,  0.0000000E+00,  0.1195152E+07,  0.1275966E+06,  0.0000000E+00,  0.0000000E+00,  0.0000000E+00,  0.2141833E+09,  0.7905006E+07,  0.5994440E+08,  0.1823900E+11,  0.0000000E+00,  0.4160023E+09,  0.0000000E+00,  0.0000000E+00,  0.0000000E+00,  0.0000000E+00,  0.8510400E+06,  0.1981056E+06,  0.0000000E+00,  0.0000000E+00,  0.0000000E+00,  0.1557912E+07,  0.0000000E+00,  0.1176208E+05,  0.5136067E+05,  0.1830620E+05,  0.1161933E+03,  0.0000000E+00,  0.0000000E+00,  0.0000000E+00,  0.3929577E+05,  0.1080737E+06,  0.1027500E+06,  0.0000000E+00,  118
01/10/2014,  0.1016222E+07,  0.0000000E+00,  0.0000000E+00,  0.9140153E+05,  0.0000000E+00,  0.1182216E+07,  0.7118198E+05,  0.0000000E+00,  0.0000000E+00,  0.0000000E+00,  0.2125064E+09,  0.7841772E+07,  0.5987870E+08,  0.1823872E+11,  0.0000000E+00,  0.4159921E+09,  0.0000000E+00,  0.0000000E+00,  0.0000000E+00,  0.0000000E+00,  0.7326720E+06,  0.5641459E+05,  0.0000000E+00,  0.0000000E+00,  0.0000000E+00,  0.1718587E+07,  0.0000000E+00,  0.1217677E+05,  0.5462937E+05,  0.2011726E+05,  0.1115343E+03,  0.0000000E+00,  0.0000000E+00,  0.0000000E+00,  0.3681565E+05,  0.1067722E+06,  0.9043539E+05,  0.0000000E+00,   16
01/11/2014,  0.1008028E+07,  0.1464956E+05,  0.0000000E+00,  0.8910854E+05,  0.0000000E+00,  0.1203755E+07,  0.2022884E+07,  0.0000000E+00,  0.0000000E+00,  0.0000000E+00,  0.2145068E+09,  0.7880513E+07,  0.5994991E+08,  0.1823859E+11,  0.0000000E+00,  0.4160037E+09,  0.0000000E+00,  0.6074356E+07,  0.0000000E+00,  0.0000000E+00,  0.7879680E+06,  0.0000000E+00,  0.0000000E+00,  0.0000000E+00,  0.0000000E+00,  0.1442946E+07,  0.6509083E+02,  0.1061089E+05,  0.1665528E+06,  0.1642556E+05,  0.1071821E+03,  0.3109570E+03,  0.0000000E+00,  0.0000000E+00,  0.2710605E+06,  0.1100440E+06,  0.1893374E+06,  0.3732305E+07,    2
01/12/2014,  0.1056677E+07,  0.0000000E+00,  0.0000000E+00,  0.8645618E+05,  0.0000000E+00,  0.1188608E+07,  0.6930507E+06,  0.0000000E+00,  0.0000000E+00,  0.0000000E+00,  0.2133465E+09,  0.7811385E+07,  0.5988959E+08,  0.1823829E+11,  0.0000000E+00,  0.4159899E+09,  0.0000000E+00,  0.0000000E+00,  0.0000000E+00,  0.0000000E+00,  0.8026560E+06,  0.1329833E+07,  0.0000000E+00,  0.0000000E+00,  0.0000000E+00,  0.1202360E+07,  0.6059242E+02,  0.1192852E+05,  0.9474495E+05,  0.1869773E+05,  0.1108507E+03,  0.0000000E+00,  0.0000000E+00,  0.0000000E+00,  0.4928612E+05,  0.1087427E+06,  0.9807781E+05,  0.0000000E+00,   43
01/13/2014,  0.1058196E+07,  0.0000000E+00,  0.0000000E+00,  0.8530357E+05,  0.0000000E+00,  0.1190513E+07,  0.2386241E+06,  0.0000000E+00,  0.0000000E+00,  0.0000000E+00,  0.2117828E+09,  0.7752709E+07,  0.5982577E+08,  0.1823792E+11,  0.0000000E+00,  0.4159770E+09,  0.0000000E+00,  0.0000000E+00,  0.0000000E+00,  0.0000000E+00,  0.8052480E+06,  0.4544266E+06,  0.0000000E+00,  0.0000000E+00,  0.0000000E+00,  0.1602992E+07,  0.9471140E+02,  0.1255867E+05,  0.6660946E+05,  0.1941940E+05,  0.1021678E+03,  0.0000000E+00,  0.0000000E+00,  0.0000000E+00,  0.3929962E+05,  0.1053701E+06,  0.9072779E+05,  0.0000000E+00,    2
01/14/2014,  0.1061558E+07,  0.0000000E+00,  0.0000000E+00,  0.4705625E+05,  0.0000000E+00,  0.1189874E+07,  0.1129350E+06,  0.0000000E+00,  0.0000000E+00,  0.0000000E+00,  0.2098066E+09,  0.7753479E+07,  0.5975847E+08,  0.1823762E+11,  0.0000000E+00,  0.4159657E+09,  0.0000000E+00,  0.0000000E+00,  0.0000000E+00,  0.0000000E+00,  0.8907840E+06,  0.1256890E+06,  0.0000000E+00,  0.0000000E+00,  0.0000000E+00,  0.1998578E+07,  0.1101633E+03,  0.1304472E+05,  0.6208001E+05,  0.2106191E+05,  0.9736387E+02,  0.0000000E+00,  0.0000000E+00,  0.0000000E+00,  0.3314665E+05,  0.1033964E+06,  0.8753977E+05,  0.0000000E+00,    1
01/15/2014,  0.1061071E+07,  0.0000000E+00,  0.4771059E+03,  0.9541818E+05,  0.0000000E+00,  0.1196653E+07,  0.8149189E+05,  0.0000000E+00,  0.0000000E+00,  0.0000000E+00,  0.2078490E+09,  0.7670871E+07,  0.5969459E+08,  0.1823734E+11,  0.0000000E+00,  0.4159531E+09,  0.0000000E+00,  0.0000000E+00,  0.0000000E+00,  0.0000000E+00,  0.8233920E+06,  0.3144315E+05,  0.0000000E+00,  0.0000000E+00,  0.0000000E+00,  0.2013979E+07,  0.1169868E+03,  0.1113282E+05,  0.6282467E+05,  0.1886930E+05,  0.9350752E+02,  0.0000000E+00,  0.0000000E+00,  0.0000000E+00,  0.3312212E+05,  0.1029079E+06,  0.8600551E+05,  0.0000000E+00,    2
01/16/2014,  0.1089038E+07,  0.0000000E+00,  0.0000000E+00,  0.8842750E+05,  0.0000000E+00,  0.1176551E+07,  0.6737329E+05,  0.0000000E+00,  0.0000000E+00,  0.0000000E+00,  0.2059435E+09,  0.7615058E+07,  0.5963048E+08,  0.1823714E+11,  0.0000000E+00,  0.4159405E+09,  0.0000000E+00,  0.0000000E+00,  0.0000000E+00,  0.0000000E+00,  0.7352640E+06,  0.1411859E+05,  0.0000000E+00,  0.0000000E+00,  0.0000000E+00,  0.1944582E+07,  0.1156320E+03,  0.1044483E+05,  0.5141438E+05,  0.1878889E+05,  0.8990509E+02,  0.0000000E+00,  0.0000000E+00,  0.0000000E+00,  0.3107407E+05,  0.1028148E+06,  0.8487343E+05,  0.0000000E+00,    7
01/17/2014,  0.1013258E+07,  0.0000000E+00,  0.0000000E+00,  0.4771250E+05,  0.0000000E+00,  0.1186170E+07,  0.5856019E+05,  0.0000000E+00,  0.0000000E+00,  0.0000000E+00,  0.2041307E+09,  0.7618159E+07,  0.5956976E+08,  0.1823686E+11,  0.0000000E+00,  0.4159312E+09,  0.0000000E+00,  0.0000000E+00,  0.0000000E+00,  0.0000000E+00,  0.7309440E+06,  0.8813103E+04,  0.0000000E+00,  0.0000000E+00,  0.0000000E+00,  0.1835284E+07,  0.1165876E+03,  0.9167769E+04,  0.5379756E+05,  0.1721222E+05,  0.8635216E+02,  0.0000000E+00,  0.0000000E+00,  0.0000000E+00,  0.2856254E+05,  0.1019326E+06,  0.8024785E+05,  0.0000000E+00,    1
01/18/2014,  0.1003699E+07,  0.0000000E+00,  0.0000000E+00,  0.5700387E+05,  0.0000000E+00,  0.1185321E+07,  0.5197959E+05,  0.0000000E+00,  0.0000000E+00,  0.0000000E+00,  0.2022702E+09,  0.7597335E+07,  0.5950882E+08,  0.1823658E+11,  0.0000000E+00,  0.4159190E+09,  0.0000000E+00,  0.0000000E+00,  0.0000000E+00,  0.0000000E+00,  0.7346880E+06,  0.6580600E+04,  0.0000000E+00,  0.0000000E+00,  0.0000000E+00,  0.1897122E+07,  0.1168872E+03,  0.1014543E+05,  0.5617273E+05,  0.2001682E+05,  0.8334869E+02,  0.0000000E+00,  0.0000000E+00,  0.0000000E+00,  0.2806302E+05,  0.1009177E+06,  0.7898521E+05,  0.0000000E+00,    1
01/19/2014,  0.9984611E+06,  0.0000000E+00,  0.0000000E+00,  0.6357177E+05,  0.0000000E+00,  0.1176006E+07,  0.4709048E+05,  0.0000000E+00,  0.0000000E+00,  0.0000000E+00,  0.2005788E+09,  0.7571207E+07,  0.5945037E+08,  0.1823631E+11,  0.0000000E+00,  0.4159084E+09,  0.0000000E+00,  0.0000000E+00,  0.0000000E+00,  0.0000000E+00,  0.7079040E+06,  0.4889107E+04,  0.0000000E+00,  0.0000000E+00,  0.0000000E+00,  0.1727862E+07,  0.1140914E+03,  0.8570765E+04,  0.5117291E+05,  0.1765615E+05,  0.8075088E+02,  0.0000000E+00,  0.0000000E+00,  0.0000000E+00,  0.2707531E+05,  0.1009956E+06,  0.7707192E+05,  0.0000000E+00,    1
01/20/2014,  0.9903197E+06,  0.0000000E+00,  0.3214721E+04,  0.1080839E+06,  0.0000000E+00,  0.1175166E+07,  0.4289844E+05,  0.0000000E+00,  0.0000000E+00,  0.0000000E+00,  0.1988334E+09,  0.7481470E+07,  0.5939137E+08,  0.1823602E+11,  0.0000000E+00,  0.4158930E+09,  0.0000000E+00,  0.0000000E+00,  0.0000000E+00,  0.0000000E+00,  0.7024320E+06,  0.4192040E+04,  0.0000000E+00,  0.0000000E+00,  0.0000000E+00,  0.1795681E+07,  0.1143370E+03,  0.9379215E+04,  0.5352834E+05,  0.2058559E+05,  0.7823770E+02,  0.0000000E+00,  0.0000000E+00,  0.0000000E+00,  0.2799341E+05,  0.9994147E+05,  0.7773939E+05,  0.0000000E+00,    2
01/21/2014,  0.9928235E+06,  0.0000000E+00,  0.0000000E+00,  0.5517938E+05,  0.0000000E+00,  0.1171024E+07,  0.3958451E+05,  0.0000000E+00,  0.0000000E+00,  0.0000000E+00,  0.1971521E+09,  0.7480814E+07,  0.5933410E+08,  0.1823573E+11,  0.0000000E+00,  0.4158817E+09,  0.0000000E+00,  0.0000000E+00,  0.0000000E+00,  0.0000000E+00,  0.7087680E+06,  0.3313934E+04,  0.0000000E+00,  0.0000000E+00,  0.0000000E+00,  0.1701675E+07,  0.1142361E+03,  0.8304761E+04,  0.4723630E+05,  0.1931810E+05,  0.7581168E+02,  0.0000000E+00,  0.0000000E+00,  0.0000000E+00,  0.2467605E+05,  0.9962224E+05,  0.7376767E+05,  0.0000000E+00,    1
01/22/2014,  0.9701691E+06,  0.0000000E+00,  0.0000000E+00,  0.6210524E+05,  0.0000000E+00,  0.1185981E+07,  0.3641334E+05,  0.0000000E+00,  0.0000000E+00,  0.0000000E+00,  0.1953073E+09,  0.7459282E+07,  0.5927518E+08,  0.1823543E+11,  0.0000000E+00,  0.4158665E+09,  0.0000000E+00,  0.0000000E+00,  0.0000000E+00,  0.0000000E+00,  0.7188480E+06,  0.3171168E+04,  0.0000000E+00,  0.0000000E+00,  0.0000000E+00,  0.1878232E+07,  0.1178165E+03,  0.9699261E+04,  0.5483879E+05,  0.2451544E+05,  0.7343877E+02,  0.0000000E+00,  0.0000000E+00,  0.0000000E+00,  0.2391104E+05,  0.9797923E+05,  0.7324883E+05,  0.0000000E+00,    1
01/23/2014,  0.9631388E+06,  0.0000000E+00,  0.2633492E+04,  0.1067015E+06,  0.0000000E+00,  0.1175460E+07,  0.3405370E+05,  0.0000000E+00,  0.0000000E+00,  0.0000000E+00,  0.1937710E+09,  0.7377181E+07,  0.5921923E+08,  0.1823518E+11,  0.0000000E+00,  0.4158514E+09,  0.0000000E+00,  0.0000000E+00,  0.0000000E+00,  0.0000000E+00,  0.7395840E+06,  0.2359644E+04,  0.0000000E+00,  0.0000000E+00,  0.0000000E+00,  0.1584464E+07,  0.1089208E+03,  0.7213575E+04,  0.4031641E+05,  0.1956673E+05,  0.7116232E+02,  0.0000000E+00,  0.0000000E+00,  0.0000000E+00,  0.2414767E+05,  0.9964067E+05,  0.7300902E+05,  0.0000000E+00,    5
01/24/2014,  0.9656457E+06,  0.0000000E+00,  0.0000000E+00,  0.9385856E+05,  0.0000000E+00,  0.1188631E+07,  0.3151611E+05,  0.0000000E+00,  0.0000000E+00,  0.0000000E+00,  0.1919894E+09,  0.7326450E+07,  0.5916020E+08,  0.1823494E+11,  0.0000000E+00,  0.4158330E+09,  0.0000000E+00,  0.0000000E+00,  0.0000000E+00,  0.0000000E+00,  0.6972480E+06,  0.2537586E+04,  0.0000000E+00,  0.0000000E+00,  0.0000000E+00,  0.1813439E+07,  0.1246695E+03,  0.7936829E+04,  0.4761510E+05,  0.2351161E+05,  0.6890973E+02,  0.0000000E+00,  0.0000000E+00,  0.0000000E+00,  0.2354705E+05,  0.9852844E+05,  0.7477481E+05,  0.0000000E+00,    8
01/25/2014,  0.9605892E+06,  0.0000000E+00,  0.0000000E+00,  0.4832890E+05,  0.0000000E+00,  0.1188786E+07,  0.2912840E+05,  0.0000000E+00,  0.0000000E+00,  0.0000000E+00,  0.1901542E+09,  0.7333943E+07,  0.5910527E+08,  0.1823466E+11,  0.0000000E+00,  0.4158181E+09,  0.0000000E+00,  0.0000000E+00,  0.0000000E+00,  0.0000000E+00,  0.6600960E+06,  0.2387708E+04,  0.0000000E+00,  0.0000000E+00,  0.0000000E+00,  0.1854942E+07,  0.1276736E+03,  0.7875906E+04,  0.7546779E+05,  0.2544317E+05,  0.6677906E+02,  0.0000000E+00,  0.0000000E+00,  0.0000000E+00,  0.2094958E+05,  0.9655867E+05,  0.6812026E+05,  0.0000000E+00,    1
01/26/2014,  0.9576913E+06,  0.0000000E+00,  0.8957676E+03,  0.9558492E+05,  0.0000000E+00,  0.1194590E+07,  0.2703129E+05,  0.0000000E+00,  0.0000000E+00,  0.0000000E+00,  0.1883762E+09,  0.7266355E+07,  0.5905173E+08,  0.1823437E+11,  0.0000000E+00,  0.4157990E+09,  0.0000000E+00,  0.0000000E+00,  0.0000000E+00,  0.0000000E+00,  0.6834240E+06,  0.2097114E+04,  0.0000000E+00,  0.0000000E+00,  0.0000000E+00,  0.1823244E+07,  0.1283228E+03,  0.7350696E+04,  0.6195164E+05,  0.2572796E+05,  0.6470365E+02,  0.0000000E+00,  0.0000000E+00,  0.0000000E+00,  0.2156652E+05,  0.9579988E+05,  0.6787924E+05,  0.0000000E+00,    2
01/27/2014,  0.9324452E+06,  0.0000000E+00,  0.0000000E+00,  0.8624911E+05,  0.0000000E+00,  0.1184031E+07,  0.2522421E+05,  0.0000000E+00,  0.0000000E+00,  0.0000000E+00,  0.1865802E+09,  0.7223659E+07,  0.5899694E+08,  0.1823411E+11,  0.0000000E+00,  0.4157784E+09,  0.0000000E+00,  0.0000000E+00,  0.0000000E+00,  0.0000000E+00,  0.6929280E+06,  0.1807080E+04,  0.0000000E+00,  0.0000000E+00,  0.0000000E+00,  0.1827491E+07,  0.1281293E+03,  0.7235464E+04,  0.5357650E+05,  0.2735062E+05,  0.6271080E+02,  0.0000000E+00,  0.0000000E+00,  0.0000000E+00,  0.2060044E+05,  0.9566284E+05,  0.6828188E+05,  0.0000000E+00,    6
01/28/2014,  0.9467481E+06,  0.1265246E+04,  0.0000000E+00,  0.4482060E+05,  0.0000000E+00,  0.1187411E+07,  0.2141079E+06,  0.0000000E+00,  0.0000000E+00,  0.0000000E+00,  0.1849291E+09,  0.7238234E+07,  0.5896157E+08,  0.1823383E+11,  0.0000000E+00,  0.4157620E+09,  0.0000000E+00,  0.5974081E+06,  0.0000000E+00,  0.0000000E+00,  0.7266240E+06,  0.7739721E+03,  0.0000000E+00,  0.0000000E+00,  0.0000000E+00,  0.1982126E+07,  0.1273466E+03,  0.9171422E+04,  0.8040273E+05,  0.3350229E+05,  0.6080285E+02,  0.3714425E+02,  0.0000000E+00,  0.0000000E+00,  0.5223411E+05,  0.9334451E+05,  0.7855545E+05,  0.3492958E+06,    1
01/29/2014,  0.1036339E+07,  0.3670073E+05,  0.8803704E+03,  0.9643114E+05,  0.0000000E+00,  0.1232480E+07,  0.2315842E+07,  0.0000000E+00,  0.0000000E+00,  0.0000000E+00,  0.1920776E+09,  0.7472997E+07,  0.5918313E+08,  0.1823377E+11,  0.0000000E+00,  0.4157827E+09,  0.0000000E+00,  0.1303336E+08,  0.0000000E+00,  0.0000000E+00,  0.7776000E+06,  0.0000000E+00,  0.0000000E+00,  0.0000000E+00,  0.0000000E+00,  0.1826383E+07,  0.9853699E+02,  0.1305020E+05,  0.1629692E+06,  0.2887189E+05,  0.5916394E+02,  0.5463954E+03,  0.0000000E+00,  0.0000000E+00,  0.5701323E+06,  0.9789573E+05,  0.3356345E+06,  0.9779314E+07,   13
01/30/2014,  0.1036106E+07,  0.0000000E+00,  0.0000000E+00,  0.9120967E+05,  0.0000000E+00,  0.1208897E+07,  0.9792814E+06,  0.0000000E+00,  0.0000000E+00,  0.0000000E+00,  0.1912045E+09,  0.7400805E+07,  0.5913140E+08,  0.1823358E+11,  0.0000000E+00,  0.4157633E+09,  0.0000000E+00,  0.0000000E+00,  0.0000000E+00,  0.0000000E+00,  0.1128384E+07,  0.1336560E+07,  0.0000000E+00,  0.0000000E+00,  0.0000000E+00,  0.9080074E+06,  0.5335589E+02,  0.1029484E+05,  0.4270398E+05,  0.2231820E+05,  0.7093074E+02,  0.0000000E+00,  0.0000000E+00,  0.0000000E+00,  0.4376601E+05,  0.9769485E+05,  0.8599737E+05,  0.0000000E+00,    3
01/31/2014,  0.1182557E+07,  0.2111229E+05,  0.0000000E+00,  0.9557708E+05,  0.0000000E+00,  0.1238651E+07,  0.7266180E+06,  0.0000000E+00,  0.0000000E+00,  0.0000000E+00,  0.1951477E+09,  0.7647633E+07,  0.5913621E+08,  0.1823354E+11,  0.0000000E+00,  0.4157602E+09,  0.0000000E+00,  0.6779063E+07,  0.0000000E+00,  0.0000000E+00,  0.9452160E+06,  0.5107725E+06,  0.0000000E+00,  0.0000000E+00,  0.0000000E+00,  0.1078816E+07,  0.6703031E+02,  0.1006661E+05,  0.5522997E+05,  0.2024242E+05,  0.6236701E+02,  0.0000000E+00,  0.0000000E+00,  0.0000000E+00,  0.1664165E+06,  0.9841253E+05,  0.1517002E+06,  0.5432515E+07,   15
02/01/2014,  0.1000152E+07,  0.1080073E+05,  0.0000000E+00,  0.9089902E+05,  0.0000000E+00,  0.1174035E+07,  0.7356711E+06,  0.0000000E+00,  0.0000000E+00,  0.0000000E+00,  0.1961053E+09,  0.7697246E+07,  0.5920721E+08,  0.1823348E+11,  0.0000000E+00,  0.4157741E+09,  0.0000000E+00,  0.2966174E+07,  0.0000000E+00,  0.0000000E+00,  0.7119360E+06,  0.3556016E+06,  0.0000000E+00,  0.0000000E+00,  0.0000000E+00,  0.1277545E+07,  0.3617363E+02,  0.1156435E+05,  0.1052391E+06,  0.2154640E+05,  0.7710298E+02,  0.4450924E+03,  0.0000000E+00,  0.0000000E+00,  0.2439701E+06,  0.9945718E+05,  0.1618240E+06,  0.2520213E+07,   32
02/02/2014,  0.9907845E+07,  0.1005392E+06,  0.0000000E+00,  0.1261072E+06,  0.0000000E+00,  0.1427700E+07,  0.2276205E+07,  0.0000000E+00,  0.0000000E+00,  0.0000000E+00,  0.2191815E+09,  0.9084135E+07,  0.5958633E+08,  0.1823368E+11,  0.0000000E+00,  0.4158629E+09,  0.0000000E+00,  0.2858513E+08,  0.0000000E+00,  0.0000000E+00,  0.9711360E+07,  0.0000000E+00,  0.0000000E+00,  0.0000000E+00,  0.0000000E+00,  0.7083535E+06,  0.0000000E+00,  0.5903402E+04,  0.9031826E+05,  0.8000759E+04,  0.7688763E+03,  0.1803911E+04,  0.0000000E+00,  0.0000000E+00,  0.7453002E+06,  0.1189628E+06,  0.3603928E+06,  0.2592461E+08,   59
02/03/2014,  0.3036697E+07,  0.0000000E+00,  0.0000000E+00,  0.1087747E+06,  0.0000000E+00,  0.1149189E+07,  0.1282352E+07,  0.0000000E+00,  0.0000000E+00,  0.0000000E+00,  0.2182705E+09,  0.8912224E+07,  0.5955009E+08,  0.1823342E+11,  0.0000000E+00,  0.4158284E+09,  0.0000000E+00,  0.0000000E+00,  0.0000000E+00,  0.0000000E+00,  0.2685312E+07,  0.9938533E+06,  0.0000000E+00,  0.0000000E+00,  0.0000000E+00,  0.9562814E+06,  0.3103786E+02,  0.1382022E+05,  0.9672757E+05,  0.1677147E+05,  0.2240652E+03,  0.0000000E+00,  0.0000000E+00,  0.0000000E+00,  0.1295627E+06,  0.1119727E+06,  0.1529492E+06,  0.0000000E+00,   15
02/04/2014,  0.1559557E+07,  0.0000000E+00,  0.0000000E+00,  0.1030043E+06,  0.0000000E+00,  0.1155858E+07,  0.4500964E+06,  0.0000000E+00,  0.0000000E+00,  0.0000000E+00,  0.2171509E+09,  0.8774172E+07,  0.5950338E+08,  0.1823314E+11,  0.0000000E+00,  0.4158018E+09,  0.0000000E+00,  0.0000000E+00,  0.0000000E+00,  0.0000000E+00,  0.1206144E+07,  0.8322555E+06,  0.0000000E+00,  0.0000000E+00,  0.0000000E+00,  0.1167437E+07,  0.4608645E+02,  0.1593985E+05,  0.9175584E+05,  0.1747398E+05,  0.1765235E+03,  0.0000000E+00,  0.0000000E+00,  0.0000000E+00,  0.9629468E+05,  0.1091929E+06,  0.1273528E+06,  0.0000000E+00,   11
02/05/2014,  0.4847641E+07,  0.3142257E+06,  0.6094140E+02,  0.4052382E+06,  0.0000000E+00,  0.1784454E+07,  0.2315842E+07,  0.0000000E+00,  0.0000000E+00,  0.0000000E+00,  0.2790870E+09,  0.1367954E+08,  0.6014123E+08,  0.1823376E+11,  0.0000000E+00,  0.4160540E+09,  0.0000000E+00,  0.7864381E+08,  0.0000000E+00,  0.0000000E+00,  0.4455648E+07,  0.0000000E+00,  0.0000000E+00,  0.0000000E+00,  0.0000000E+00,  0.2745430E+07,  0.0000000E+00,  0.2440371E+05,  0.1834388E+06,  0.2275186E+05,  0.9299301E+04,  0.4688921E+04,  0.0000000E+00,  0.0000000E+00,  0.1209842E+07,  0.1401187E+06,  0.5477318E+06,  0.7107120E+08,   30
02/06/2014,  0.1336351E+08,  0.8919031E+05,  0.2649109E+02,  0.2553494E+06,  0.0000000E+00,  0.1510321E+07,  0.2315842E+07,  0.0000000E+00,  0.0000000E+00,  0.0000000E+00,  0.2938161E+09,  0.1381881E+08,  0.6047493E+08,  0.1823400E+11,  0.0000000E+00,  0.4160348E+09,  0.0000000E+00,  0.2040475E+08,  0.0000000E+00,  0.0000000E+00,  0.1307318E+08,  0.0000000E+00,  0.0000000E+00,  0.0000000E+00,  0.0000000E+00,  0.2042027E+07,  0.0000000E+00,  0.1816953E+05,  0.1340035E+06,  0.1693689E+05,  0.2672756E+04,  0.9321435E+03,  0.0000000E+00,  0.0000000E+00,  0.7618145E+06,  0.1535067E+06,  0.4099365E+06,  0.1777679E+08,   63
02/07/2014,  0.6440076E+07,  0.1650163E+06,  0.2625326E+04,  0.3724865E+06,  0.0000000E+00,  0.1478288E+07,  0.2315842E+07,  0.0000000E+00,  0.0000000E+00,  0.0000000E+00,  0.3208355E+09,  0.1556892E+08,  0.6095992E+08,  0.1823422E+11,  0.0000000E+00,  0.4161177E+09,  0.0000000E+00,  0.3420687E+08,  0.0000000E+00,  0.0000000E+00,  0.5905440E+07,  0.0000000E+00,  0.0000000E+00,  0.0000000E+00,  0.0000000E+00,  0.2292133E+07,  0.0000000E+00,  0.1933688E+05,  0.1468499E+06,  0.1493446E+05,  0.3508239E+04,  0.2493421E+04,  0.0000000E+00,  0.0000000E+00,  0.9409647E+06,  0.1668738E+06,  0.4367080E+06,  0.3221434E+08,   14
02/08/2014,  0.2438826E+08,  0.4305108E+05,  0.1632486E+04,  0.3127289E+06,  0.0000000E+00,  0.1526881E+07,  0.2315842E+07,  0.0000000E+00,  0.0000000E+00,  0.0000000E+00,  0.3233924E+09,  0.1525660E+08,  0.6118527E+08,  0.1823433E+11,  0.0000000E+00,  0.4160920E+09,  0.0000000E+00,  0.8430936E+07,  0.0000000E+00,  0.0000000E+00,  0.2411424E+08,  0.0000000E+00,  0.0000000E+00,  0.0000000E+00,  0.0000000E+00,  0.4865204E+07,  0.0000000E+00,  0.4299328E+05,  0.3240398E+06,  0.3240052E+05,  0.1823221E+04,  0.7394709E+03,  0.0000000E+00,  0.0000000E+00,  0.7461680E+06,  0.1633210E+06,  0.4778258E+06,  0.8008776E+07,  846
02/09/2014,  0.3408972E+08,  0.5663890E+05,  0.5752771E+04,  0.3107998E+06,  0.0000000E+00,  0.1515855E+07,  0.2315842E+07,  0.0000000E+00,  0.0000000E+00,  0.0000000E+00,  0.3286668E+09,  0.1522442E+08,  0.6141751E+08,  0.1823446E+11,  0.0000000E+00,  0.4160769E+09,  0.0000000E+00,  0.1147773E+08,  0.0000000E+00,  0.0000000E+00,  0.3382646E+08,  0.0000000E+00,  0.0000000E+00,  0.0000000E+00,  0.0000000E+00,  0.4406526E+07,  0.0000000E+00,  0.4223202E+05,  0.2784615E+06,  0.3059227E+05,  0.1527445E+04,  0.6427216E+03,  0.0000000E+00,  0.0000000E+00,  0.7578167E+06,  0.1709623E+06,  0.4833985E+06,  0.1055360E+08,  116
02/10/2014,  0.6348997E+07,  0.6067882E+04,  0.2823726E+04,  0.2723494E+06,  0.0000000E+00,  0.1155793E+07,  0.2000876E+07,  0.0000000E+00,  0.0000000E+00,  0.0000000E+00,  0.3251394E+09,  0.1457976E+08,  0.6143017E+08,  0.1823421E+11,  0.0000000E+00,  0.4160358E+09,  0.0000000E+00,  0.1220973E+07,  0.0000000E+00,  0.0000000E+00,  0.5797440E+07,  0.3149655E+06,  0.0000000E+00,  0.0000000E+00,  0.0000000E+00,  0.4761815E+07,  0.0000000E+00,  0.3830216E+05,  0.2316192E+06,  0.2727838E+05,  0.1291061E+04,  0.5854617E+02,  0.0000000E+00,  0.0000000E+00,  0.4172430E+06,  0.1554463E+06,  0.3665072E+06,  0.1128024E+07,   18
02/11/2014,  0.2783104E+07,  0.0000000E+00,  0.1581942E+04,  0.2418716E+06,  0.0000000E+00,  0.1201335E+07,  0.4333965E+06,  0.0000000E+00,  0.0000000E+00,  0.0000000E+00,  0.3217345E+09,  0.1395141E+08,  0.6138392E+08,  0.1823405E+11,  0.0000000E+00,  0.4159978E+09,  0.0000000E+00,  0.0000000E+00,  0.0000000E+00,  0.0000000E+00,  0.2293920E+07,  0.1567480E+07,  0.0000000E+00,  0.0000000E+00,  0.0000000E+00,  0.3635695E+07,  0.0000000E+00,  0.3703110E+05,  0.1563041E+06,  0.2742469E+05,  0.1067289E+04,  0.0000000E+00,  0.0000000E+00,  0.0000000E+00,  0.3068724E+06,  0.1538303E+06,  0.3163835E+06,  0.0000000E+00,   12
02/12/2014,  0.2012379E+07,  0.0000000E+00,  0.1455595E+04,  0.2202034E+06,  0.0000000E+00,  0.1244047E+07,  0.6201958E+05,  0.0000000E+00,  0.0000000E+00,  0.0000000E+00,  0.3164856E+09,  0.1339348E+08,  0.6130630E+08,  0.1823390E+11,  0.0000000E+00,  0.4159609E+09,  0.0000000E+00,  0.0000000E+00,  0.0000000E+00,  0.0000000E+00,  0.1626048E+07,  0.3713769E+06,  0.0000000E+00,  0.0000000E+00,  0.0000000E+00,  0.5443341E+07,  0.0000000E+00,  0.4339560E+05,  0.1846001E+06,  0.3146522E+05,  0.9134902E+03,  0.0000000E+00,  0.0000000E+00,  0.0000000E+00,  0.2908227E+06,  0.1498668E+06,  0.3253003E+06,  0.0000000E+00,   15
02/13/2014,  0.1859823E+07,  0.0000000E+00,  0.1179682E+04,  0.2002057E+06,  0.0000000E+00,  0.1240131E+07,  0.2428392E+05,  0.0000000E+00,  0.0000000E+00,  0.0000000E+00,  0.3099719E+09,  0.1285545E+08,  0.6120965E+08,  0.1823374E+11,  0.0000000E+00,  0.4159220E+09,  0.0000000E+00,  0.0000000E+00,  0.0000000E+00,  0.0000000E+00,  0.1492992E+07,  0.3773566E+05,  0.0000000E+00,  0.0000000E+00,  0.0000000E+00,  0.6725298E+07,  0.0000000E+00,  0.5385108E+05,  0.1552030E+06,  0.3970446E+05,  0.7907354E+03,  0.0000000E+00,  0.0000000E+00,  0.0000000E+00,  0.2707643E+06,  0.1465509E+06,  0.3137929E+06,  0.0000000E+00,   11
02/14/2014,  0.1630128E+07,  0.0000000E+00,  0.9708973E+03,  0.1825577E+06,  0.0000000E+00,  0.1217075E+07,  0.1476561E+05,  0.0000000E+00,  0.0000000E+00,  0.0000000E+00,  0.3049159E+09,  0.1236758E+08,  0.6112353E+08,  0.1823358E+11,  0.0000000E+00,  0.4158942E+09,  0.0000000E+00,  0.0000000E+00,  0.0000000E+00,  0.0000000E+00,  0.1247616E+07,  0.9518313E+04,  0.0000000E+00,  0.0000000E+00,  0.0000000E+00,  0.5261570E+07,  0.0000000E+00,  0.3970941E+05,  0.1172032E+06,  0.3037377E+05,  0.6879042E+03,  0.0000000E+00,  0.0000000E+00,  0.0000000E+00,  0.2442246E+06,  0.1461066E+06,  0.2908361E+06,  0.0000000E+00,    9
02/15/2014,  0.1509461E+07,  0.3727612E+05,  0.1509844E+04,  0.1796383E+06,  0.0000000E+00,  0.1267183E+07,  0.2315410E+07,  0.0000000E+00,  0.0000000E+00,  0.0000000E+00,  0.3068043E+09,  0.1225097E+08,  0.6125104E+08,  0.1823352E+11,  0.0000000E+00,  0.4159041E+09,  0.0000000E+00,  0.1037277E+08,  0.0000000E+00,  0.0000000E+00,  0.1158624E+07,  0.0000000E+00,  0.0000000E+00,  0.0000000E+00,  0.0000000E+00,  0.5019612E+07,  0.0000000E+00,  0.3828746E+05,  0.1978919E+06,  0.2718060E+05,  0.6109625E+03,  0.5995432E+03,  0.0000000E+00,  0.0000000E+00,  0.6278759E+06,  0.1499163E+06,  0.4622430E+06,  0.7451141E+07,   14
02/16/2014,  0.1541881E+07,  0.0000000E+00,  0.8829597E+03,  0.1680164E+06,  0.0000000E+00,  0.1232696E+07,  0.5680628E+06,  0.0000000E+00,  0.0000000E+00,  0.0000000E+00,  0.3038350E+09,  0.1184583E+08,  0.6115173E+08,  0.1823336E+11,  0.0000000E+00,  0.4158776E+09,  0.0000000E+00,  0.0000000E+00,  0.0000000E+00,  0.0000000E+00,  0.1213056E+07,  0.1747347E+07,  0.0000000E+00,  0.0000000E+00,  0.0000000E+00,  0.3140473E+07,  0.0000000E+00,  0.3647325E+05,  0.9260293E+05,  0.2725562E+05,  0.5662089E+03,  0.0000000E+00,  0.0000000E+00,  0.0000000E+00,  0.2121885E+06,  0.1476426E+06,  0.2755140E+06,  0.0000000E+00,    9
02/17/2014,  0.1387002E+07,  0.0000000E+00,  0.8257968E+03,  0.1589778E+06,  0.0000000E+00,  0.1207835E+07,  0.8460018E+05,  0.0000000E+00,  0.0000000E+00,  0.0000000E+00,  0.2998795E+09,  0.1150327E+08,  0.6104467E+08,  0.1823317E+11,  0.0000000E+00,  0.4158549E+09,  0.0000000E+00,  0.0000000E+00,  0.0000000E+00,  0.0000000E+00,  0.1014336E+07,  0.4834626E+06,  0.0000000E+00,  0.0000000E+00,  0.0000000E+00,  0.4091792E+07,  0.0000000E+00,  0.3696830E+05,  0.1240390E+06,  0.2746189E+05,  0.5031428E+03,  0.0000000E+00,  0.0000000E+00,  0.0000000E+00,  0.1912827E+06,  0.1452806E+06,  0.2615123E+06,  0.0000000E+00,    8
02/18/2014,  0.1252026E+07,  0.2723896E+05,  0.8880364E+03,  0.1540060E+06,  0.0000000E+00,  0.1292083E+07,  0.2129983E+07,  0.0000000E+00,  0.0000000E+00,  0.0000000E+00,  0.2993901E+09,  0.1134572E+08,  0.6111141E+08,  0.1823309E+11,  0.0000000E+00,  0.4158184E+09,  0.0000000E+00,  0.7872409E+07,  0.0000000E+00,  0.0000000E+00,  0.9132480E+06,  0.0000000E+00,  0.0000000E+00,  0.0000000E+00,  0.0000000E+00,  0.5531770E+07,  0.0000000E+00,  0.4592339E+05,  0.2150796E+06,  0.3358309E+05,  0.4505972E+03,  0.5416205E+03,  0.0000000E+00,  0.0000000E+00,  0.5260828E+06,  0.1445292E+06,  0.4135180E+06,  0.5421740E+07,   12
02/19/2014,  0.1353744E+07,  0.0000000E+00,  0.5288058E+03,  0.1449849E+06,  0.0000000E+00,  0.1366006E+07,  0.4004649E+06,  0.0000000E+00,  0.0000000E+00,  0.0000000E+00,  0.2961871E+09,  0.1100225E+08,  0.6099945E+08,  0.1823300E+11,  0.0000000E+00,  0.4156836E+09,  0.0000000E+00,  0.0000000E+00,  0.0000000E+00,  0.0000000E+00,  0.1008288E+07,  0.1729518E+07,  0.0000000E+00,  0.0000000E+00,  0.0000000E+00,  0.3362301E+07,  0.0000000E+00,  0.3663086E+05,  0.1033795E+06,  0.2894408E+05,  0.4368233E+03,  0.0000000E+00,  0.0000000E+00,  0.0000000E+00,  0.1820033E+06,  0.1437164E+06,  0.2577733E+06,  0.0000000E+00,   25
02/20/2014,  0.1231678E+07,  0.0000000E+00,  0.4543048E+03,  0.1389561E+06,  0.0000000E+00,  0.1304982E+07,  0.5049718E+05,  0.0000000E+00,  0.0000000E+00,  0.0000000E+00,  0.2916680E+09,  0.1071353E+08,  0.6088324E+08,  0.1823283E+11,  0.0000000E+00,  0.4156089E+09,  0.0000000E+00,  0.0000000E+00,  0.0000000E+00,  0.0000000E+00,  0.8752320E+06,  0.3499678E+06,  0.0000000E+00,  0.0000000E+00,  0.0000000E+00,  0.4648083E+07,  0.0000000E+00,  0.3600402E+05,  0.1394180E+06,  0.2874222E+05,  0.3889556E+03,  0.0000000E+00,  0.0000000E+00,  0.0000000E+00,  0.1612306E+06,  0.1412989E+06,  0.2416011E+06,  0.0000000E+00,   22
02/21/2014,  0.1198068E+07,  0.0000000E+00,  0.2762891E+03,  0.1315239E+06,  0.0000000E+00,  0.1271508E+07,  0.1609746E+05,  0.0000000E+00,  0.0000000E+00,  0.0000000E+00,  0.2862650E+09,  0.1042798E+08,  0.6075872E+08,  0.1823260E+11,  0.0000000E+00,  0.4155543E+09,  0.0000000E+00,  0.0000000E+00,  0.0000000E+00,  0.0000000E+00,  0.8415360E+06,  0.3439972E+05,  0.0000000E+00,  0.0000000E+00,  0.0000000E+00,  0.5541032E+07,  0.0000000E+00,  0.4056454E+05,  0.1377134E+06,  0.3424030E+05,  0.3538260E+03,  0.0000000E+00,  0.0000000E+00,  0.0000000E+00,  0.1525980E+06,  0.1371641E+06,  0.2366546E+06,  0.0000000E+00,    9
02/22/2014,  0.1146965E+07,  0.0000000E+00,  0.1247641E+03,  0.1247734E+06,  0.0000000E+00,  0.1079123E+07,  0.6932190E+04,  0.0000000E+00,  0.0000000E+00,  0.0000000E+00,  0.2808649E+09,  0.1016111E+08,  0.6063327E+08,  0.1823227E+11,  0.0000000E+00,  0.4156479E+09,  0.0000000E+00,  0.0000000E+00,  0.0000000E+00,  0.0000000E+00,  0.8294400E+06,  0.9165267E+04,  0.0000000E+00,  0.0000000E+00,  0.0000000E+00,  0.5535018E+07,  0.0000000E+00,  0.3768217E+05,  0.1274489E+06,  0.3431527E+05,  0.3222693E+03,  0.0000000E+00,  0.0000000E+00,  0.0000000E+00,  0.1407427E+06,  0.1340356E+06,  0.2286137E+06,  0.0000000E+00,   17
02/23/2014,  0.1114104E+07,  0.0000000E+00,  0.2013525E+02,  0.1191446E+06,  0.0000000E+00,  0.1135611E+07,  0.3584517E+04,  0.0000000E+00,  0.0000000E+00,  0.0000000E+00,  0.2756108E+09,  0.9918889E+07,  0.6051054E+08,  0.1823201E+11,  0.0000000E+00,  0.4156792E+09,  0.0000000E+00,  0.0000000E+00,  0.0000000E+00,  0.0000000E+00,  0.8233920E+06,  0.3347673E+04,  0.0000000E+00,  0.0000000E+00,  0.0000000E+00,  0.5379181E+07,  0.0000000E+00,  0.3463066E+05,  0.1039304E+06,  0.3384064E+05,  0.2964022E+03,  0.0000000E+00,  0.0000000E+00,  0.0000000E+00,  0.1289095E+06,  0.1312594E+06,  0.2171038E+06,  0.0000000E+00,   13
02/24/2014,  0.1094975E+07,  0.0000000E+00,  0.0000000E+00,  0.1142007E+06,  0.0000000E+00,  0.1160836E+07,  0.2127055E+04,  0.0000000E+00,  0.0000000E+00,  0.0000000E+00,  0.2704569E+09,  0.9699141E+07,  0.6038947E+08,  0.1823177E+11,  0.0000000E+00,  0.4156851E+09,  0.0000000E+00,  0.0000000E+00,  0.0000000E+00,  0.0000000E+00,  0.8112960E+06,  0.1457463E+04,  0.0000000E+00,  0.0000000E+00,  0.0000000E+00,  0.5267807E+07,  0.0000000E+00,  0.3462151E+05,  0.9564118E+05,  0.3651090E+05,  0.2727416E+03,  0.0000000E+00,  0.0000000E+00,  0.0000000E+00,  0.1197612E+06,  0.1283098E+06,  0.2063220E+06,  0.0000000E+00,   13
02/25/2014,  0.1049782E+07,  0.6405854E+04,  0.0000000E+00,  0.1103327E+06,  0.0000000E+00,  0.1177582E+07,  0.8603021E+06,  0.0000000E+00,  0.0000000E+00,  0.0000000E+00,  0.2664392E+09,  0.9531261E+07,  0.6032143E+08,  0.1823157E+11,  0.0000000E+00,  0.4156844E+09,  0.0000000E+00,  0.2301957E+07,  0.0000000E+00,  0.0000000E+00,  0.7732800E+06,  0.1835906E+03,  0.0000000E+00,  0.0000000E+00,  0.0000000E+00,  0.5413392E+07,  0.0000000E+00,  0.3716581E+05,  0.1223693E+06,  0.4140310E+05,  0.2515604E+03,  0.1111262E+03,  0.0000000E+00,  0.0000000E+00,  0.2077197E+06,  0.1258438E+06,  0.2386850E+06,  0.1420332E+07,   14
02/26/2014,  0.1384654E+08,  0.4144646E+06,  0.2168279E+04,  0.5474257E+06,  0.0000000E+00,  0.1967234E+07,  0.2315842E+07,  0.0000000E+00,  0.0000000E+00,  0.0000000E+00,  0.3338886E+09,  0.1479822E+08,  0.6097953E+08,  0.1823244E+11,  0.0000000E+00,  0.4160537E+09,  0.0000000E+00,  0.8593079E+08,  0.0000000E+00,  0.0000000E+00,  0.1340669E+08,  0.0000000E+00,  0.0000000E+00,  0.0000000E+00,  0.0000000E+00,  0.5122266E+07,  0.0000000E+00,  0.4153738E+05,  0.2919677E+06,  0.3513390E+05,  0.2198829E+05,  0.7066854E+04,  0.0000000E+00,  0.0000000E+00,  0.1414070E+07,  0.1633353E+06,  0.7146844E+06,  0.7966085E+08,   39
02/27/2014,  0.2174983E+08,  0.8632842E+06,  0.1741480E+06,  0.2158484E+07,  0.0000000E+00,  0.2972002E+07,  0.2315842E+07,  0.0000000E+00,  0.0000000E+00,  0.0000000E+00,  0.4454130E+09,  0.2241613E+08,  0.6203367E+08,  0.1823434E+11,  0.0000000E+00,  0.4166523E+09,  0.0000000E+00,  0.1386579E+09,  0.0000000E+00,  0.0000000E+00,  0.1994371E+08,  0.0000000E+00,  0.0000000E+00,  0.0000000E+00,  0.0000000E+00,  0.6298572E+07,  0.0000000E+00,  0.5668772E+05,  0.3767795E+06,  0.4081919E+05,  0.1055295E+06,  0.1267435E+05,  0.0000000E+00,  0.0000000E+00,  0.2069940E+07,  0.2115158E+06,  0.9593974E+06,  0.1297374E+09,  985
02/28/2014,  0.3283729E+08,  0.1879441E+06,  0.2298167E+05,  0.8646269E+06,  0.0000000E+00,  0.7075298E+07,  0.2315842E+07,  0.0000000E+00,  0.0000000E+00,  0.0000000E+00,  0.4625339E+09,  0.2248352E+08,  0.6233768E+08,  0.1824287E+11,  0.0000000E+00,  0.4173261E+09,  0.0000000E+00,  0.2577675E+08,  0.0000000E+00,  0.0000000E+00,  0.3649622E+08,  0.0000000E+00,  0.0000000E+00,  0.0000000E+00,  0.0000000E+00,  0.4820912E+07,  0.0000000E+00,  0.5102441E+05,  0.2731470E+06,  0.3641553E+05,  0.1644058E+05,  0.2802234E+04,  0.0000000E+00,  0.0000000E+00,  0.1352690E+07,  0.2594139E+06,  0.1000535E+07,  0.2400653E+08, 2571
03/01/2014,  0.5822111E+07,  0.0000000E+00,  0.9794503E+04,  0.6544347E+06,  0.0000000E+00,  0.6893684E+07,  0.2404351E+06,  0.0000000E+00,  0.0000000E+00,  0.0000000E+00,  0.4584390E+09,  0.2088577E+08,  0.6230794E+08,  0.1824637E+11,  0.0000000E+00,  0.4185120E+09,  0.0000000E+00,  0.0000000E+00,  0.0000000E+00,  0.0000000E+00,  0.9626688E+07,  0.2075407E+07,  0.0000000E+00,  0.0000000E+00,  0.0000000E+00,  0.4522859E+07,  0.0000000E+00,  0.4869629E+05,  0.2381032E+06,  0.3916556E+05,  0.8989899E+04,  0.0000000E+00,  0.0000000E+00,  0.0000000E+00,  0.7370744E+06,  0.2405159E+06,  0.7218901E+06,  0.0000000E+00,  693
03/02/2014,  0.3293138E+07,  0.2407614E+05,  0.1139387E+05,  0.5430805E+06,  0.0000000E+00,  0.3246802E+07,  0.1791734E+07,  0.0000000E+00,  0.0000000E+00,  0.0000000E+00,  0.4570050E+09,  0.1979404E+08,  0.6238336E+08,  0.1824670E+11,  0.0000000E+00,  0.4190435E+09,  0.0000000E+00,  0.5321505E+07,  0.0000000E+00,  0.0000000E+00,  0.3410208E+07,  0.0000000E+00,  0.0000000E+00,  0.0000000E+00,  0.0000000E+00,  0.4740397E+07,  0.0000000E+00,  0.4581317E+05,  0.2495974E+06,  0.3609604E+05,  0.6963107E+04,  0.3562737E+03,  0.0000000E+00,  0.0000000E+00,  0.7498293E+06,  0.2118161E+06,  0.6292143E+06,  0.3314059E+07,  107
03/03/2014,  0.3020293E+07,  0.1343391E+06,  0.2918182E+05,  0.5598257E+06,  0.0000000E+00,  0.2749021E+07,  0.2315842E+07,  0.0000000E+00,  0.0000000E+00,  0.0000000E+00,  0.4681458E+09,  0.1994271E+08,  0.6267184E+08,  0.1824682E+11,  0.0000000E+00,  0.4194363E+09,  0.0000000E+00,  0.1891748E+08,  0.0000000E+00,  0.0000000E+00,  0.2501280E+07,  0.0000000E+00,  0.0000000E+00,  0.0000000E+00,  0.0000000E+00,  0.4354852E+07,  0.0000000E+00,  0.3816122E+05,  0.2743760E+06,  0.2811098E+05,  0.7194474E+04,  0.1726970E+04,  0.0000000E+00,  0.0000000E+00,  0.1035649E+07,  0.2140038E+06,  0.7092212E+06,  0.1706222E+08,  112
03/04/2014,  0.3033377E+07,  0.0000000E+00,  0.9465213E+04,  0.4604676E+06,  0.0000000E+00,  0.2464694E+07,  0.1653507E+06,  0.0000000E+00,  0.0000000E+00,  0.0000000E+00,  0.4634583E+09,  0.1876711E+08,  0.6261604E+08,  0.1824666E+11,  0.0000000E+00,  0.4196912E+09,  0.0000000E+00,  0.0000000E+00,  0.0000000E+00,  0.0000000E+00,  0.2558304E+07,  0.2150491E+07,  0.0000000E+00,  0.0000000E+00,  0.0000000E+00,  0.5025859E+07,  0.0000000E+00,  0.5145318E+05,  0.2513580E+06,  0.4186405E+05,  0.5418239E+04,  0.0000000E+00,  0.0000000E+00,  0.0000000E+00,  0.5665634E+06,  0.2046437E+06,  0.5718212E+06,  0.0000000E+00,   32
03/05/2014,  0.6556661E+07,  0.2468362E+06,  0.2658802E+05,  0.6453352E+06,  0.0000000E+00,  0.2662495E+07,  0.2315842E+07,  0.0000000E+00,  0.0000000E+00,  0.0000000E+00,  0.4826801E+09,  0.2003580E+08,  0.6300290E+08,  0.1824685E+11,  0.0000000E+00,  0.4200473E+09,  0.0000000E+00,  0.3406716E+08,  0.0000000E+00,  0.0000000E+00,  0.5844960E+07,  0.0000000E+00,  0.0000000E+00,  0.0000000E+00,  0.0000000E+00,  0.7811434E+07,  0.0000000E+00,  0.6482310E+05,  0.4253317E+06,  0.4866820E+05,  0.8390478E+04,  0.3275618E+04,  0.0000000E+00,  0.0000000E+00,  0.1264331E+07,  0.2157072E+06,  0.8128778E+06,  0.3003080E+08,   31
03/06/2014,  0.5691999E+07,  0.0000000E+00,  0.6966358E+04,  0.4556117E+06,  0.0000000E+00,  0.2277766E+07,  0.2047105E+06,  0.0000000E+00,  0.0000000E+00,  0.0000000E+00,  0.4786084E+09,  0.1871134E+08,  0.6295105E+08,  0.1824666E+11,  0.0000000E+00,  0.4202700E+09,  0.0000000E+00,  0.0000000E+00,  0.0000000E+00,  0.0000000E+00,  0.5114016E+07,  0.2111131E+07,  0.0000000E+00,  0.0000000E+00,  0.0000000E+00,  0.4568534E+07,  0.0000000E+00,  0.4832232E+05,  0.2047168E+06,  0.3832436E+05,  0.5295582E+04,  0.0000000E+00,  0.0000000E+00,  0.0000000E+00,  0.5710314E+06,  0.2113004E+06,  0.5756226E+06,  0.0000000E+00,   65
03/07/2014,  0.2379993E+07,  0.0000000E+00,  0.6163915E+04,  0.3943375E+06,  0.0000000E+00,  0.2165712E+07,  0.6801414E+04,  0.0000000E+00,  0.0000000E+00,  0.0000000E+00,  0.4718594E+09,  0.1764542E+08,  0.6284286E+08,  0.1824636E+11,  0.0000000E+00,  0.4204860E+09,  0.0000000E+00,  0.0000000E+00,  0.0000000E+00,  0.0000000E+00,  0.1785024E+07,  0.1979091E+06,  0.0000000E+00,  0.0000000E+00,  0.0000000E+00,  0.7101446E+07,  0.0000000E+00,  0.5301678E+05,  0.2613562E+06,  0.3963543E+05,  0.4417820E+04,  0.0000000E+00,  0.0000000E+00,  0.0000000E+00,  0.5125145E+06,  0.2039403E+06,  0.5679369E+06,  0.0000000E+00,   19
03/08/2014,  0.1963492E+07,  0.0000000E+00,  0.4118390E+04,  0.3408208E+06,  0.0000000E+00,  0.2076698E+07,  0.6141418E+03,  0.0000000E+00,  0.0000000E+00,  0.0000000E+00,  0.4640243E+09,  0.1663038E+08,  0.6269628E+08,  0.1824603E+11,  0.0000000E+00,  0.4206702E+09,  0.0000000E+00,  0.0000000E+00,  0.0000000E+00,  0.0000000E+00,  0.1397952E+07,  0.6187272E+04,  0.0000000E+00,  0.0000000E+00,  0.0000000E+00,  0.8237151E+07,  0.0000000E+00,  0.6349303E+05,  0.2492543E+06,  0.4948657E+05,  0.3661850E+04,  0.0000000E+00,  0.0000000E+00,  0.0000000E+00,  0.4618075E+06,  0.1973767E+06,  0.5449814E+06,  0.0000000E+00,   37
03/09/2014,  0.1836447E+07,  0.3418262E+05,  0.3888753E+04,  0.3086008E+06,  0.0000000E+00,  0.2053836E+07,  0.2094096E+07,  0.0000000E+00,  0.0000000E+00,  0.0000000E+00,  0.4599151E+09,  0.1597466E+08,  0.6267237E+08,  0.1824577E+11,  0.0000000E+00,  0.4208456E+09,  0.0000000E+00,  0.6876698E+07,  0.0000000E+00,  0.0000000E+00,  0.1276992E+07,  0.0000000E+00,  0.0000000E+00,  0.0000000E+00,  0.0000000E+00,  0.8356622E+07,  0.0000000E+00,  0.6572614E+05,  0.3063716E+06,  0.5091257E+05,  0.3363827E+04,  0.6619293E+03,  0.0000000E+00,  0.0000000E+00,  0.6665766E+06,  0.1959136E+06,  0.6248555E+06,  0.4378185E+07,   33
03/10/2014,  0.1797460E+07,  0.0000000E+00,  0.2796582E+04,  0.2718490E+06,  0.0000000E+00,  0.1984167E+07,  0.7657825E+05,  0.0000000E+00,  0.0000000E+00,  0.0000000E+00,  0.4547008E+09,  0.1513898E+08,  0.6250756E+08,  0.1824548E+11,  0.0000000E+00,  0.4209672E+09,  0.0000000E+00,  0.0000000E+00,  0.0000000E+00,  0.0000000E+00,  0.1254528E+07,  0.2017517E+07,  0.0000000E+00,  0.0000000E+00,  0.0000000E+00,  0.5590872E+07,  0.0000000E+00,  0.5666693E+05,  0.1923430E+06,  0.4725736E+05,  0.2700548E+04,  0.0000000E+00,  0.0000000E+00,  0.0000000E+00,  0.3746828E+06,  0.1929658E+06,  0.4830971E+06,  0.0000000E+00,   14
03/11/2014,  0.1689055E+07,  0.0000000E+00,  0.2480661E+04,  0.2465307E+06,  0.0000000E+00,  0.1936050E+07,  0.1920076E+04,  0.0000000E+00,  0.0000000E+00,  0.0000000E+00,  0.4472345E+09,  0.1445604E+08,  0.6232482E+08,  0.1824516E+11,  0.0000000E+00,  0.4210622E+09,  0.0000000E+00,  0.0000000E+00,  0.0000000E+00,  0.0000000E+00,  0.1157760E+07,  0.7465818E+05,  0.0000000E+00,  0.0000000E+00,  0.0000000E+00,  0.7746817E+07,  0.0000000E+00,  0.5574824E+05,  0.2078902E+06,  0.4674733E+05,  0.2257658E+04,  0.0000000E+00,  0.0000000E+00,  0.0000000E+00,  0.3399397E+06,  0.1886881E+06,  0.4670634E+06,  0.0000000E+00,   13
03/12/2014,  0.1562841E+07,  0.0000000E+00,  0.1797870E+04,  0.2224257E+06,  0.0000000E+00,  0.1899087E+07,  0.9329438E+02,  0.0000000E+00,  0.0000000E+00,  0.0000000E+00,  0.4395377E+09,  0.1379661E+08,  0.6214431E+08,  0.1824484E+11,  0.0000000E+00,  0.4211364E+09,  0.0000000E+00,  0.0000000E+00,  0.0000000E+00,  0.0000000E+00,  0.1038528E+07,  0.1826782E+04,  0.0000000E+00,  0.0000000E+00,  0.0000000E+00,  0.8011759E+07,  0.0000000E+00,  0.5103159E+05,  0.2141346E+06,  0.4541911E+05,  0.1869347E+04,  0.0000000E+00,  0.0000000E+00,  0.0000000E+00,  0.3034233E+06,  0.1850388E+06,  0.4329833E+06,  0.0000000E+00,   13
03/13/2014,  0.1495190E+07,  0.0000000E+00,  0.1280416E+04,  0.2033878E+06,  0.0000000E+00,  0.1868409E+07,  0.0000000E+00,  0.0000000E+00,  0.0000000E+00,  0.0000000E+00,  0.4311162E+09,  0.1318766E+08,  0.6195604E+08,  0.1824452E+11,  0.0000000E+00,  0.4211895E+09,  0.0000000E+00,  0.0000000E+00,  0.0000000E+00,  0.0000000E+00,  0.9832320E+06,  0.9329438E+02,  0.0000000E+00,  0.0000000E+00,  0.0000000E+00,  0.8727707E+07,  0.0000000E+00,  0.5201839E+05,  0.2105506E+06,  0.4947010E+05,  0.1558036E+04,  0.0000000E+00,  0.0000000E+00,  0.0000000E+00,  0.2767393E+06,  0.1802231E+06,  0.4130891E+06,  0.0000000E+00,   13
03/14/2014,  0.1480123E+07,  0.0000000E+00,  0.9166026E+03,  0.1867279E+06,  0.0000000E+00,  0.1837518E+07,  0.0000000E+00,  0.0000000E+00,  0.0000000E+00,  0.0000000E+00,  0.4227919E+09,  0.1262002E+08,  0.6176913E+08,  0.1824419E+11,  0.0000000E+00,  0.4212275E+09,  0.0000000E+00,  0.0000000E+00,  0.0000000E+00,  0.0000000E+00,  0.9771840E+06,  0.0000000E+00,  0.0000000E+00,  0.0000000E+00,  0.0000000E+00,  0.8625205E+07,  0.0000000E+00,  0.4656205E+05,  0.1865226E+06,  0.4778535E+05,  0.1280235E+04,  0.0000000E+00,  0.0000000E+00,  0.0000000E+00,  0.2528358E+06,  0.1750658E+06,  0.3932673E+06,  0.0000000E+00,   16
03/15/2014,  0.1447660E+07,  0.0000000E+00,  0.5907009E+03,  0.1731199E+06,  0.0000000E+00,  0.1810873E+07,  0.0000000E+00,  0.0000000E+00,  0.0000000E+00,  0.0000000E+00,  0.4139422E+09,  0.1211804E+08,  0.6158548E+08,  0.1824384E+11,  0.0000000E+00,  0.4212432E+09,  0.0000000E+00,  0.0000000E+00,  0.0000000E+00,  0.0000000E+00,  0.9495360E+06,  0.0000000E+00,  0.0000000E+00,  0.0000000E+00,  0.0000000E+00,  0.9120851E+07,  0.0000000E+00,  0.4923511E+05,  0.1500727E+06,  0.5567700E+05,  0.1059869E+04,  0.0000000E+00,  0.0000000E+00,  0.0000000E+00,  0.2262581E+06,  0.1701862E+06,  0.3607749E+06,  0.0000000E+00,   13
03/16/2014,  0.1415833E+07,  0.0000000E+00,  0.4030412E+03,  0.1608436E+06,  0.0000000E+00,  0.1783996E+07,  0.0000000E+00,  0.0000000E+00,  0.0000000E+00,  0.0000000E+00,  0.4044854E+09,  0.1166319E+08,  0.6140686E+08,  0.1824348E+11,  0.0000000E+00,  0.4212413E+09,  0.0000000E+00,  0.0000000E+00,  0.0000000E+00,  0.0000000E+00,  0.9262080E+06,  0.0000000E+00,  0.0000000E+00,  0.0000000E+00,  0.0000000E+00,  0.9706965E+07,  0.0000000E+00,  0.4692529E+05,  0.1460160E+06,  0.6048796E+05,  0.8931204E+03,  0.0000000E+00,  0.0000000E+00,  0.0000000E+00,  0.2075806E+06,  0.1650214E+06,  0.3393701E+06,  0.0000000E+00,   24
03/17/2014,  0.1394887E+07,  0.0000000E+00,  0.1521973E+03,  0.1498065E+06,  0.0000000E+00,  0.1766995E+07,  0.0000000E+00,  0.0000000E+00,  0.0000000E+00,  0.0000000E+00,  0.3965935E+09,  0.1125002E+08,  0.6123880E+08,  0.1824314E+11,  0.0000000E+00,  0.4212357E+09,  0.0000000E+00,  0.0000000E+00,  0.0000000E+00,  0.0000000E+00,  0.9106560E+06,  0.0000000E+00,  0.0000000E+00,  0.0000000E+00,  0.0000000E+00,  0.8129347E+07,  0.0000000E+00,  0.3625183E+05,  0.1380672E+06,  0.5259656E+05,  0.7672433E+03,  0.0000000E+00,  0.0000000E+00,  0.0000000E+00,  0.1863497E+06,  0.1612818E+06,  0.3182582E+06,  0.0000000E+00,   10
03/18/2014,  0.1339875E+07,  0.0000000E+00,  0.4722716E+02,  0.1420597E+06,  0.0000000E+00,  0.1754839E+07,  0.0000000E+00,  0.0000000E+00,  0.0000000E+00,  0.0000000E+00,  0.3895517E+09,  0.1090100E+08,  0.6109139E+08,  0.1824278E+11,  0.0000000E+00,  0.4212255E+09,  0.0000000E+00,  0.0000000E+00,  0.0000000E+00,  0.0000000E+00,  0.8588160E+06,  0.0000000E+00,  0.0000000E+00,  0.0000000E+00,  0.0000000E+00,  0.7234493E+07,  0.0000000E+00,  0.2659481E+05,  0.1010855E+06,  0.4245578E+05,  0.6673657E+03,  0.0000000E+00,  0.0000000E+00,  0.0000000E+00,  0.1714309E+06,  0.1579117E+06,  0.2923602E+06,  0.0000000E+00,   10
03/19/2014,  0.1324877E+07,  0.0000000E+00,  0.3376406E+01,  0.1356337E+06,  0.0000000E+00,  0.1748598E+07,  0.0000000E+00,  0.0000000E+00,  0.0000000E+00,  0.0000000E+00,  0.3812854E+09,  0.1059690E+08,  0.6093756E+08,  0.1824242E+11,  0.0000000E+00,  0.4211953E+09,  0.0000000E+00,  0.0000000E+00,  0.0000000E+00,  0.0000000E+00,  0.8536320E+06,  0.0000000E+00,  0.0000000E+00,  0.0000000E+00,  0.0000000E+00,  0.8435028E+07,  0.0000000E+00,  0.3108639E+05,  0.1363872E+06,  0.5346425E+05,  0.5851943E+03,  0.0000000E+00,  0.0000000E+00,  0.0000000E+00,  0.1534347E+06,  0.1541710E+06,  0.2762774E+06,  0.0000000E+00,   13
03/20/2014,  0.1332308E+07,  0.0000000E+00,  0.0000000E+00,  0.1283033E+06,  0.0000000E+00,  0.1739203E+07,  0.0000000E+00,  0.0000000E+00,  0.0000000E+00,  0.0000000E+00,  0.3736859E+09,  0.1030770E+08,  0.6079098E+08,  0.1824207E+11,  0.0000000E+00,  0.4211594E+09,  0.0000000E+00,  0.0000000E+00,  0.0000000E+00,  0.0000000E+00,  0.8665920E+06,  0.0000000E+00,  0.0000000E+00,  0.0000000E+00,  0.0000000E+00,  0.7773185E+07,  0.0000000E+00,  0.2780336E+05,  0.1227631E+06,  0.5105070E+05,  0.5129196E+03,  0.0000000E+00,  0.0000000E+00,  0.0000000E+00,  0.1372921E+06,  0.1506020E+06,  0.2561805E+06,  0.0000000E+00,   11
03/21/2014,  0.1280550E+07,  0.0000000E+00,  0.0000000E+00,  0.1228424E+06,  0.0000000E+00,  0.1727820E+07,  0.0000000E+00,  0.0000000E+00,  0.0000000E+00,  0.0000000E+00,  0.3667225E+09,  0.1004493E+08,  0.6065149E+08,  0.1824171E+11,  0.0000000E+00,  0.4211184E+09,  0.0000000E+00,  0.0000000E+00,  0.0000000E+00,  0.0000000E+00,  0.8138880E+06,  0.0000000E+00,  0.0000000E+00,  0.0000000E+00,  0.0000000E+00,  0.7119950E+07,  0.0000000E+00,  0.2501930E+05,  0.1109779E+06,  0.4966293E+05,  0.4493338E+03,  0.0000000E+00,  0.0000000E+00,  0.0000000E+00,  0.1294281E+06,  0.1464840E+06,  0.2440186E+06,  0.0000000E+00,   10
03/22/2014,  0.1263057E+07,  0.0000000E+00,  0.0000000E+00,  0.1178775E+06,  0.0000000E+00,  0.1724062E+07,  0.0000000E+00,  0.0000000E+00,  0.0000000E+00,  0.0000000E+00,  0.3599332E+09,  0.9808276E+07,  0.6051626E+08,  0.1824134E+11,  0.0000000E+00,  0.4210707E+09,  0.0000000E+00,  0.0000000E+00,  0.0000000E+00,  0.0000000E+00,  0.8061120E+06,  0.0000000E+00,  0.0000000E+00,  0.0000000E+00,  0.0000000E+00,  0.6932280E+07,  0.0000000E+00,  0.2387072E+05,  0.1289861E+06,  0.5153789E+05,  0.3994164E+03,  0.0000000E+00,  0.0000000E+00,  0.0000000E+00,  0.1181604E+06,  0.1428104E+06,  0.2296340E+06,  0.0000000E+00,   14
03/23/2014,  0.1221839E+07,  0.0000000E+00,  0.0000000E+00,  0.1130473E+06,  0.0000000E+00,  0.1714402E+07,  0.0000000E+00,  0.0000000E+00,  0.0000000E+00,  0.0000000E+00,  0.3537096E+09,  0.9589001E+07,  0.6038475E+08,  0.1824095E+11,  0.0000000E+00,  0.4210183E+09,  0.0000000E+00,  0.0000000E+00,  0.0000000E+00,  0.0000000E+00,  0.7715520E+06,  0.0000000E+00,  0.0000000E+00,  0.0000000E+00,  0.0000000E+00,  0.6358734E+07,  0.0000000E+00,  0.2183358E+05,  0.1186523E+06,  0.5240969E+05,  0.3547683E+03,  0.0000000E+00,  0.0000000E+00,  0.0000000E+00,  0.1080203E+06,  0.1372178E+06,  0.2178265E+06,  0.0000000E+00,   23
03/24/2014,  0.1218337E+07,  0.0000000E+00,  0.0000000E+00,  0.1088178E+06,  0.0000000E+00,  0.1703030E+07,  0.0000000E+00,  0.0000000E+00,  0.0000000E+00,  0.0000000E+00,  0.3477876E+09,  0.9388680E+07,  0.6025535E+08,  0.1824054E+11,  0.0000000E+00,  0.4209589E+09,  0.0000000E+00,  0.0000000E+00,  0.0000000E+00,  0.0000000E+00,  0.7706880E+06,  0.0000000E+00,  0.0000000E+00,  0.0000000E+00,  0.0000000E+00,  0.6045214E+07,  0.1482580E+03,  0.2211431E+05,  0.1259732E+06,  0.5785611E+05,  0.3172023E+03,  0.0000000E+00,  0.0000000E+00,  0.0000000E+00,  0.9912403E+05,  0.1311225E+06,  0.2065279E+06,  0.0000000E+00,   22
03/25/2014,  0.2450394E+07,  0.6905589E+05,  0.0000000E+00,  0.1175586E+06,  0.0000000E+00,  0.1799595E+07,  0.2315842E+07,  0.0000000E+00,  0.0000000E+00,  0.0000000E+00,  0.3526458E+09,  0.9708972E+07,  0.6044589E+08,  0.1824039E+11,  0.0000000E+00,  0.4209576E+09,  0.0000000E+00,  0.1542529E+08,  0.0000000E+00,  0.0000000E+00,  0.2019168E+07,  0.0000000E+00,  0.0000000E+00,  0.0000000E+00,  0.0000000E+00,  0.5989224E+07,  0.0000000E+00,  0.3327053E+05,  0.2860825E+06,  0.5882597E+05,  0.4715147E+03,  0.1114375E+04,  0.0000000E+00,  0.0000000E+00,  0.7521497E+06,  0.1357325E+06,  0.5284932E+06,  0.1190219E+08,   31
03/26/2014,  0.1355960E+08,  0.4310366E+06,  0.4125009E+04,  0.4492513E+06,  0.0000000E+00,  0.2432864E+07,  0.2315842E+07,  0.0000000E+00,  0.0000000E+00,  0.0000000E+00,  0.4082596E+09,  0.1475811E+08,  0.6101971E+08,  0.1824104E+11,  0.0000000E+00,  0.4211463E+09,  0.0000000E+00,  0.7092735E+08,  0.0000000E+00,  0.0000000E+00,  0.1297901E+08,  0.0000000E+00,  0.0000000E+00,  0.0000000E+00,  0.0000000E+00,  0.4615640E+07,  0.0000000E+00,  0.3905694E+05,  0.2241849E+06,  0.4297987E+05,  0.7833316E+04,  0.5361144E+04,  0.0000000E+00,  0.0000000E+00,  0.1285211E+07,  0.1797092E+06,  0.6725203E+06,  0.6684528E+08,   62
03/27/2014,  0.3334183E+07,  0.0000000E+00,  0.5637338E+03,  0.2503148E+06,  0.0000000E+00,  0.1749671E+07,  0.3224992E+05,  0.0000000E+00,  0.0000000E+00,  0.0000000E+00,  0.4027930E+09,  0.1401735E+08,  0.6103242E+08,  0.1824076E+11,  0.0000000E+00,  0.4210518E+09,  0.0000000E+00,  0.0000000E+00,  0.0000000E+00,  0.0000000E+00,  0.2725056E+07,  0.2283592E+07,  0.0000000E+00,  0.0000000E+00,  0.0000000E+00,  0.5668271E+07,  0.0000000E+00,  0.4729934E+05,  0.2303371E+06,  0.4819944E+05,  0.1533482E+04,  0.0000000E+00,  0.0000000E+00,  0.0000000E+00,  0.4519825E+06,  0.1653123E+06,  0.3928911E+06,  0.0000000E+00,   19
03/28/2014,  0.1830189E+07,  0.0000000E+00,  0.3585380E+03,  0.2234302E+06,  0.0000000E+00,  0.1728038E+07,  0.0000000E+00,  0.0000000E+00,  0.0000000E+00,  0.0000000E+00,  0.3941501E+09,  0.1337239E+08,  0.6096970E+08,  0.1824043E+11,  0.0000000E+00,  0.4209663E+09,  0.0000000E+00,  0.0000000E+00,  0.0000000E+00,  0.0000000E+00,  0.1254528E+07,  0.3224992E+05,  0.0000000E+00,  0.0000000E+00,  0.0000000E+00,  0.8882386E+07,  0.0000000E+00,  0.6274134E+05,  0.2289936E+06,  0.5873563E+05,  0.1149251E+04,  0.0000000E+00,  0.0000000E+00,  0.0000000E+00,  0.3411700E+06,  0.1605548E+06,  0.3412913E+06,  0.0000000E+00,   13
03/29/2014,  0.1077971E+08,  0.5343142E+06,  0.2643617E+05,  0.7724658E+06,  0.0000000E+00,  0.2713234E+07,  0.2315842E+07,  0.0000000E+00,  0.0000000E+00,  0.0000000E+00,  0.4547239E+09,  0.1954303E+08,  0.6175027E+08,  0.1824136E+11,  0.0000000E+00,  0.4212397E+09,  0.0000000E+00,  0.8244940E+08,  0.0000000E+00,  0.0000000E+00,  0.1002154E+08,  0.0000000E+00,  0.0000000E+00,  0.0000000E+00,  0.0000000E+00,  0.5422783E+07,  0.0000000E+00,  0.5164194E+05,  0.2587147E+06,  0.4349046E+05,  0.1946455E+05,  0.7246950E+04,  0.0000000E+00,  0.0000000E+00,  0.1582700E+07,  0.2097788E+06,  0.7507662E+06,  0.7435846E+08,   25
03/30/2014,  0.3549771E+07,  0.0000000E+00,  0.3998390E+04,  0.4065454E+06,  0.0000000E+00,  0.1855282E+07,  0.1224513E+06,  0.0000000E+00,  0.0000000E+00,  0.0000000E+00,  0.4502944E+09,  0.1835014E+08,  0.6183076E+08,  0.1824127E+11,  0.0000000E+00,  0.4211433E+09,  0.0000000E+00,  0.0000000E+00,  0.0000000E+00,  0.0000000E+00,  0.2890944E+07,  0.2193390E+07,  0.0000000E+00,  0.0000000E+00,  0.0000000E+00,  0.4768383E+07,  0.0000000E+00,  0.5196592E+05,  0.2193079E+06,  0.4481843E+05,  0.4003758E+04,  0.0000000E+00,  0.0000000E+00,  0.0000000E+00,  0.6359849E+06,  0.1965321E+06,  0.5044379E+06,  0.0000000E+00,   22
03/31/2014,  0.2193487E+08,  0.8819268E+06,  0.2596975E+06,  0.2037382E+07,  0.0000000E+00,  0.3694032E+07,  0.2315842E+07,  0.0000000E+00,  0.0000000E+00,  0.0000000E+00,  0.5354436E+09,  0.2809770E+08,  0.6302906E+08,  0.1824359E+11,  0.0000000E+00,  0.4216118E+09,  0.0000000E+00,  0.1117445E+09,  0.0000000E+00,  0.0000000E+00,  0.2023488E+08,  0.0000000E+00,  0.0000000E+00,  0.0000000E+00,  0.0000000E+00,  0.3177956E+07,  0.0000000E+00,  0.4030117E+05,  0.1782943E+06,  0.3433482E+05,  0.9181540E+05,  0.1150480E+05,  0.0000000E+00,  0.0000000E+00,  0.2407228E+07,  0.2773998E+06,  0.1169013E+07,  0.1025935E+09,  742
04/01/2014,  0.2353623E+08,  0.6671412E+06,  0.1599784E+06,  0.2227646E+07,  0.0000000E+00,  0.3450699E+07,  0.2315842E+07,  0.0000000E+00,  0.0000000E+00,  0.0000000E+00,  0.5856082E+09,  0.3555084E+08,  0.6438984E+08,  0.1824581E+11,  0.0000000E+00,  0.4218620E+09,  0.0000000E+00,  0.6921276E+08,  0.0000000E+00,  0.0000000E+00,  0.2165011E+08,  0.0000000E+00,  0.0000000E+00,  0.0000000E+00,  0.0000000E+00,  0.2761758E+07,  0.0000000E+00,  0.2581196E+05,  0.1621528E+06,  0.2113247E+05,  0.5507910E+05,  0.8383002E+04,  0.0000000E+00,  0.0000000E+00,  0.2856652E+07,  0.3404630E+06,  0.1470220E+07,  0.6533830E+08,  113
04/02/2014,  0.6495983E+07,  0.0000000E+00,  0.1501030E+05,  0.9368804E+06,  0.0000000E+00,  0.2774378E+07,  0.1009077E+06,  0.0000000E+00,  0.0000000E+00,  0.0000000E+00,  0.5818796E+09,  0.3269025E+08,  0.6452703E+08,  0.1824671E+11,  0.0000000E+00,  0.4219060E+09,  0.0000000E+00,  0.0000000E+00,  0.0000000E+00,  0.0000000E+00,  0.5992704E+07,  0.2214934E+07,  0.0000000E+00,  0.0000000E+00,  0.0000000E+00,  0.4629635E+07,  0.0000000E+00,  0.5266263E+05,  0.2501216E+06,  0.4152637E+05,  0.1371562E+05,  0.0000000E+00,  0.0000000E+00,  0.0000000E+00,  0.1332583E+07,  0.3386804E+06,  0.1144164E+07,  0.0000000E+00,   41
04/03/2014,  0.3237036E+07,  0.1287761E+06,  0.2394039E+05,  0.8727934E+06,  0.0000000E+00,  0.2564220E+07,  0.2315842E+07,  0.0000000E+00,  0.0000000E+00,  0.0000000E+00,  0.5857519E+09,  0.3229317E+08,  0.6481942E+08,  0.1824735E+11,  0.0000000E+00,  0.4220850E+09,  0.0000000E+00,  0.1580437E+08,  0.0000000E+00,  0.0000000E+00,  0.2383776E+07,  0.0000000E+00,  0.0000000E+00,  0.0000000E+00,  0.0000000E+00,  0.6770578E+07,  0.0000000E+00,  0.7330069E+05,  0.3841180E+06,  0.5282493E+05,  0.1218493E+05,  0.1688096E+04,  0.0000000E+00,  0.0000000E+00,  0.1658794E+07,  0.3434874E+06,  0.1294088E+07,  0.1246995E+08,   92
04/04/2014,  0.5876040E+07,  0.1511849E+06,  0.3447377E+05,  0.8404668E+06,  0.0000000E+00,  0.2569793E+07,  0.2315842E+07,  0.0000000E+00,  0.0000000E+00,  0.0000000E+00,  0.5942077E+09,  0.3249573E+08,  0.6518612E+08,  0.1824795E+11,  0.0000000E+00,  0.4222962E+09,  0.0000000E+00,  0.1545222E+08,  0.0000000E+00,  0.0000000E+00,  0.5006016E+07,  0.0000000E+00,  0.0000000E+00,  0.0000000E+00,  0.0000000E+00,  0.3608535E+07,  0.0000000E+00,  0.4459348E+05,  0.2028596E+06,  0.3447656E+05,  0.1065371E+05,  0.1718066E+04,  0.0000000E+00,  0.0000000E+00,  0.1575165E+07,  0.3562752E+06,  0.1164078E+07,  0.1437142E+08,   53
04/05/2014,  0.2837088E+07,  0.0000000E+00,  0.1515192E+05,  0.6715499E+06,  0.0000000E+00,  0.2268232E+07,  0.2384290E+04,  0.0000000E+00,  0.0000000E+00,  0.0000000E+00,  0.5884381E+09,  0.3030127E+08,  0.6503946E+08,  0.1824802E+11,  0.0000000E+00,  0.4224461E+09,  0.0000000E+00,  0.0000000E+00,  0.0000000E+00,  0.0000000E+00,  0.2013984E+07,  0.2313457E+07,  0.0000000E+00,  0.0000000E+00,  0.0000000E+00,  0.6662683E+07,  0.0000000E+00,  0.6680249E+05,  0.3171532E+06,  0.5027561E+05,  0.7605677E+04,  0.0000000E+00,  0.0000000E+00,  0.0000000E+00,  0.9455427E+06,  0.3384302E+06,  0.1026854E+07,  0.0000000E+00,   27
04/06/2014,  0.2265935E+07,  0.0000000E+00,  0.9459794E+04,  0.5647983E+06,  0.0000000E+00,  0.2200852E+07,  0.0000000E+00,  0.0000000E+00,  0.0000000E+00,  0.0000000E+00,  0.5785007E+09,  0.2790036E+08,  0.6481774E+08,  0.1824797E+11,  0.0000000E+00,  0.4225881E+09,  0.0000000E+00,  0.0000000E+00,  0.0000000E+00,  0.0000000E+00,  0.1511136E+07,  0.2384290E+04,  0.0000000E+00,  0.0000000E+00,  0.0000000E+00,  0.1126244E+08,  0.0000000E+00,  0.8492019E+05,  0.3751975E+06,  0.6333284E+05,  0.5950439E+04,  0.0000000E+00,  0.0000000E+00,  0.0000000E+00,  0.8213155E+06,  0.3256578E+06,  0.9592813E+06,  0.0000000E+00,   31
04/07/2014,  0.2066857E+07,  0.0000000E+00,  0.5776546E+04,  0.4727168E+06,  0.0000000E+00,  0.2142904E+07,  0.0000000E+00,  0.0000000E+00,  0.0000000E+00,  0.0000000E+00,  0.5684087E+09,  0.2526798E+08,  0.6453926E+08,  0.1824786E+11,  0.0000000E+00,  0.4227165E+09,  0.0000000E+00,  0.0000000E+00,  0.0000000E+00,  0.0000000E+00,  0.1361664E+07,  0.0000000E+00,  0.0000000E+00,  0.0000000E+00,  0.0000000E+00,  0.1186072E+08,  0.0000000E+00,  0.8528132E+05,  0.3292580E+06,  0.6819906E+05,  0.4721777E+04,  0.0000000E+00,  0.0000000E+00,  0.0000000E+00,  0.6943187E+06,  0.3138625E+06,  0.8882577E+06,  0.0000000E+00,   25
04/08/2014,  0.1941159E+07,  0.0000000E+00,  0.4222774E+04,  0.4037811E+06,  0.0000000E+00,  0.2081569E+07,  0.0000000E+00,  0.0000000E+00,  0.0000000E+00,  0.0000000E+00,  0.5575219E+09,  0.2288601E+08,  0.6424239E+08,  0.1824768E+11,  0.0000000E+00,  0.4228169E+09,  0.0000000E+00,  0.0000000E+00,  0.0000000E+00,  0.0000000E+00,  0.1265760E+07,  0.0000000E+00,  0.0000000E+00,  0.0000000E+00,  0.0000000E+00,  0.1255015E+08,  0.0000000E+00,  0.8493485E+05,  0.3150306E+06,  0.7362735E+05,  0.3834888E+04,  0.0000000E+00,  0.0000000E+00,  0.0000000E+00,  0.6103717E+06,  0.3035748E+06,  0.8229454E+06,  0.0000000E+00,   27
04/09/2014,  0.1800497E+07,  0.0000000E+00,  0.3118120E+04,  0.3485679E+06,  0.0000000E+00,  0.2033200E+07,  0.0000000E+00,  0.0000000E+00,  0.0000000E+00,  0.0000000E+00,  0.5476792E+09,  0.2074139E+08,  0.6395585E+08,  0.1824748E+11,  0.0000000E+00,  0.4228999E+09,  0.0000000E+00,  0.0000000E+00,  0.0000000E+00,  0.0000000E+00,  0.1148256E+07,  0.0000000E+00,  0.0000000E+00,  0.0000000E+00,  0.0000000E+00,  0.1140995E+08,  0.0000000E+00,  0.6857154E+05,  0.3054951E+06,  0.6385712E+05,  0.3103822E+04,  0.0000000E+00,  0.0000000E+00,  0.0000000E+00,  0.5150085E+06,  0.2924285E+06,  0.7333046E+06,  0.0000000E+00,   24
04/10/2014,  0.1740719E+07,  0.0000000E+00,  0.2367214E+04,  0.3077433E+06,  0.0000000E+00,  0.1993038E+07,  0.0000000E+00,  0.0000000E+00,  0.0000000E+00,  0.0000000E+00,  0.5364008E+09,  0.1893392E+08,  0.6368061E+08,  0.1824721E+11,  0.0000000E+00,  0.4229452E+09,  0.0000000E+00,  0.0000000E+00,  0.0000000E+00,  0.0000000E+00,  0.1111104E+07,  0.0000000E+00,  0.0000000E+00,  0.0000000E+00,  0.0000000E+00,  0.1259181E+08,  0.0000000E+00,  0.7268155E+05,  0.2854868E+06,  0.7618825E+05,  0.2555984E+04,  0.0000000E+00,  0.0000000E+00,  0.0000000E+00,  0.4606171E+06,  0.2791829E+06,  0.6635398E+06,  0.0000000E+00,   23
04/11/2014,  0.1719111E+07,  0.0000000E+00,  0.1788187E+04,  0.2719598E+06,  0.0000000E+00,  0.1966244E+07,  0.0000000E+00,  0.0000000E+00,  0.0000000E+00,  0.0000000E+00,  0.5264075E+09,  0.1728584E+08,  0.6341867E+08,  0.1824693E+11,  0.0000000E+00,  0.4229719E+09,  0.0000000E+00,  0.0000000E+00,  0.0000000E+00,  0.0000000E+00,  0.1111968E+07,  0.0000000E+00,  0.0000000E+00,  0.0000000E+00,  0.0000000E+00,  0.1123444E+08,  0.0000000E+00,  0.5760616E+05,  0.2250444E+06,  0.6979937E+05,  0.2058730E+04,  0.0000000E+00,  0.0000000E+00,  0.0000000E+00,  0.3969370E+06,  0.2657290E+06,  0.6016057E+06,  0.0000000E+00,   19
04/12/2014,  0.1579021E+07,  0.0000000E+00,  0.1451120E+04,  0.2454717E+06,  0.0000000E+00,  0.1937350E+07,  0.0000000E+00,  0.0000000E+00,  0.0000000E+00,  0.0000000E+00,  0.5165887E+09,  0.1596864E+08,  0.6315203E+08,  0.1824665E+11,  0.0000000E+00,  0.4229834E+09,  0.0000000E+00,  0.0000000E+00,  0.0000000E+00,  0.0000000E+00,  0.9823680E+06,  0.0000000E+00,  0.0000000E+00,  0.0000000E+00,  0.0000000E+00,  0.1078695E+08,  0.0000000E+00,  0.4601611E+05,  0.2009738E+06,  0.6383901E+05,  0.1682029E+04,  0.0000000E+00,  0.0000000E+00,  0.0000000E+00,  0.3546504E+06,  0.2542032E+06,  0.5756191E+06,  0.0000000E+00,   20
04/13/2014,  0.1548086E+07,  0.0000000E+00,  0.1129174E+04,  0.2232839E+06,  0.0000000E+00,  0.1910997E+07,  0.0000000E+00,  0.0000000E+00,  0.0000000E+00,  0.0000000E+00,  0.5060393E+09,  0.1485607E+08,  0.6290966E+08,  0.1824635E+11,  0.0000000E+00,  0.4229787E+09,  0.0000000E+00,  0.0000000E+00,  0.0000000E+00,  0.0000000E+00,  0.9624960E+06,  0.0000000E+00,  0.0000000E+00,  0.0000000E+00,  0.0000000E+00,  0.1136870E+08,  0.0000000E+00,  0.4070366E+05,  0.1789023E+06,  0.6445714E+05,  0.1385850E+04,  0.0000000E+00,  0.0000000E+00,  0.0000000E+00,  0.3078014E+06,  0.2403296E+06,  0.5097845E+06,  0.0000000E+00,   17
04/14/2014,  0.1530022E+07,  0.0000000E+00,  0.6905908E+03,  0.2041769E+06,  0.0000000E+00,  0.1885298E+07,  0.0000000E+00,  0.0000000E+00,  0.0000000E+00,  0.0000000E+00,  0.4949281E+09,  0.1388334E+08,  0.6267722E+08,  0.1824603E+11,  0.0000000E+00,  0.4229569E+09,  0.0000000E+00,  0.0000000E+00,  0.0000000E+00,  0.0000000E+00,  0.9555840E+06,  0.0000000E+00,  0.0000000E+00,  0.0000000E+00,  0.0000000E+00,  0.1183386E+08,  0.0000000E+00,  0.3856082E+05,  0.1693611E+06,  0.6967152E+05,  0.1140316E+04,  0.0000000E+00,  0.0000000E+00,  0.0000000E+00,  0.2710010E+06,  0.2269152E+06,  0.4651887E+06,  0.0000000E+00,   16
04/15/2014,  0.1512070E+07,  0.0000000E+00,  0.3123106E+03,  0.1875528E+06,  0.0000000E+00,  0.1862116E+07,  0.0000000E+00,  0.0000000E+00,  0.0000000E+00,  0.0000000E+00,  0.4842928E+09,  0.1306945E+08,  0.6245768E+08,  0.1824568E+11,  0.0000000E+00,  0.4229245E+09,  0.0000000E+00,  0.0000000E+00,  0.0000000E+00,  0.0000000E+00,  0.9495360E+06,  0.0000000E+00,  0.0000000E+00,  0.0000000E+00,  0.0000000E+00,  0.1123522E+08,  0.0000000E+00,  0.3335417E+05,  0.1654685E+06,  0.6692425E+05,  0.9837735E+03,  0.0000000E+00,  0.0000000E+00,  0.0000000E+00,  0.2409515E+06,  0.2158197E+06,  0.4274225E+06,  0.0000000E+00,   19
04/16/2014,  0.1461042E+07,  0.0000000E+00,  0.1166932E+03,  0.1739151E+06,  0.0000000E+00,  0.1843122E+07,  0.0000000E+00,  0.0000000E+00,  0.0000000E+00,  0.0000000E+00,  0.4734651E+09,  0.1240027E+08,  0.6223874E+08,  0.1824530E+11,  0.0000000E+00,  0.4228756E+09,  0.0000000E+00,  0.0000000E+00,  0.0000000E+00,  0.0000000E+00,  0.9106560E+06,  0.0000000E+00,  0.0000000E+00,  0.0000000E+00,  0.0000000E+00,  0.1131455E+08,  0.0000000E+00,  0.3356243E+05,  0.1446945E+06,  0.7359426E+05,  0.8521354E+03,  0.0000000E+00,  0.0000000E+00,  0.0000000E+00,  0.2130122E+06,  0.2056132E+06,  0.3986674E+06,  0.0000000E+00,   20
04/17/2014,  0.1448932E+07,  0.0000000E+00,  0.2013485E+02,  0.1615179E+06,  0.0000000E+00,  0.1824144E+07,  0.0000000E+00,  0.0000000E+00,  0.0000000E+00,  0.0000000E+00,  0.4640354E+09,  0.1182039E+08,  0.6203808E+08,  0.1824492E+11,  0.0000000E+00,  0.4228218E+09,  0.0000000E+00,  0.0000000E+00,  0.0000000E+00,  0.0000000E+00,  0.9063360E+06,  0.0000000E+00,  0.0000000E+00,  0.0000000E+00,  0.0000000E+00,  0.9856609E+07,  0.0000000E+00,  0.2876656E+05,  0.1465106E+06,  0.6829731E+05,  0.7289850E+03,  0.0000000E+00,  0.0000000E+00,  0.0000000E+00,  0.1877318E+06,  0.1969804E+06,  0.3599008E+06,  0.0000000E+00,   18
04/18/2014,  0.1502746E+07,  0.0000000E+00,  0.0000000E+00,  0.1522126E+06,  0.0000000E+00,  0.1810748E+07,  0.0000000E+00,  0.0000000E+00,  0.0000000E+00,  0.0000000E+00,  0.4558001E+09,  0.1133270E+08,  0.6184035E+08,  0.1824454E+11,  0.0000000E+00,  0.4227611E+09,  0.0000000E+00,  0.0000000E+00,  0.0000000E+00,  0.0000000E+00,  0.9685440E+06,  0.0000000E+00,  0.0000000E+00,  0.0000000E+00,  0.0000000E+00,  0.8585987E+07,  0.0000000E+00,  0.2537038E+05,  0.1385817E+06,  0.6540144E+05,  0.6289120E+03,  0.0000000E+00,  0.0000000E+00,  0.0000000E+00,  0.1716943E+06,  0.1874659E+06,  0.3443314E+06,  0.0000000E+00,   25
04/19/2014,  0.1406965E+07,  0.0000000E+00,  0.0000000E+00,  0.1441695E+06,  0.0000000E+00,  0.1793702E+07,  0.0000000E+00,  0.0000000E+00,  0.0000000E+00,  0.0000000E+00,  0.4480820E+09,  0.1092439E+08,  0.6165262E+08,  0.1824415E+11,  0.0000000E+00,  0.4226953E+09,  0.0000000E+00,  0.0000000E+00,  0.0000000E+00,  0.0000000E+00,  0.8709120E+06,  0.0000000E+00,  0.0000000E+00,  0.0000000E+00,  0.0000000E+00,  0.8009442E+07,  0.0000000E+00,  0.2222117E+05,  0.1584376E+06,  0.6205513E+05,  0.5437825E+03,  0.0000000E+00,  0.0000000E+00,  0.0000000E+00,  0.1525711E+06,  0.1803603E+06,  0.3183276E+06,  0.0000000E+00,   20
04/20/2014,  0.1289253E+07,  0.0000000E+00,  0.0000000E+00,  0.1369918E+06,  0.0000000E+00,  0.1779204E+07,  0.0000000E+00,  0.0000000E+00,  0.0000000E+00,  0.0000000E+00,  0.4399003E+09,  0.1056669E+08,  0.6146991E+08,  0.1824374E+11,  0.0000000E+00,  0.4226126E+09,  0.0000000E+00,  0.0000000E+00,  0.0000000E+00,  0.0000000E+00,  0.7568640E+06,  0.0000000E+00,  0.0000000E+00,  0.0000000E+00,  0.0000000E+00,  0.8438080E+07,  0.0000000E+00,  0.2539667E+05,  0.1352665E+06,  0.7566862E+05,  0.4767555E+03,  0.0000000E+00,  0.0000000E+00,  0.0000000E+00,  0.1376232E+06,  0.1736973E+06,  0.2951949E+06,  0.0000000E+00,   19
04/21/2014,  0.1265580E+07,  0.1300564E+05,  0.0000000E+00,  0.1307778E+06,  0.0000000E+00,  0.1779468E+07,  0.2032510E+07,  0.0000000E+00,  0.0000000E+00,  0.0000000E+00,  0.4342789E+09,  0.1028767E+08,  0.6136826E+08,  0.1824336E+11,  0.0000000E+00,  0.4225439E+09,  0.0000000E+00,  0.4112176E+07,  0.0000000E+00,  0.0000000E+00,  0.7378560E+06,  0.0000000E+00,  0.0000000E+00,  0.0000000E+00,  0.0000000E+00,  0.7514684E+07,  0.0000000E+00,  0.2611350E+05,  0.1221509E+06,  0.6887589E+05,  0.4174040E+03,  0.2133846E+03,  0.0000000E+00,  0.0000000E+00,  0.2659907E+06,  0.1686349E+06,  0.3417672E+06,  0.1842854E+07,   16
04/22/2014,  0.1234169E+07,  0.0000000E+00,  0.0000000E+00,  0.1254014E+06,  0.0000000E+00,  0.1757987E+07,  0.0000000E+00,  0.0000000E+00,  0.0000000E+00,  0.0000000E+00,  0.4301824E+09,  0.9999621E+07,  0.6119844E+08,  0.1824299E+11,  0.0000000E+00,  0.4224710E+09,  0.0000000E+00,  0.0000000E+00,  0.0000000E+00,  0.0000000E+00,  0.7093440E+06,  0.2032510E+07,  0.0000000E+00,  0.0000000E+00,  0.0000000E+00,  0.4306780E+07,  0.0000000E+00,  0.1874172E+05,  0.9395009E+05,  0.5375938E+05,  0.3778685E+03,  0.0000000E+00,  0.0000000E+00,  0.0000000E+00,  0.1163330E+06,  0.1642747E+06,  0.2677980E+06,  0.0000000E+00,    9
04/23/2014,  0.1256624E+07,  0.0000000E+00,  0.0000000E+00,  0.1236733E+06,  0.0000000E+00,  0.1756880E+07,  0.0000000E+00,  0.0000000E+00,  0.0000000E+00,  0.0000000E+00,  0.4238424E+09,  0.9787324E+07,  0.6103037E+08,  0.1824261E+11,  0.0000000E+00,  0.4223870E+09,  0.0000000E+00,  0.0000000E+00,  0.0000000E+00,  0.0000000E+00,  0.7421760E+06,  0.0000000E+00,  0.0000000E+00,  0.0000000E+00,  0.0000000E+00,  0.6482864E+07,  0.0000000E+00,  0.2198045E+05,  0.1269492E+06,  0.6419816E+05,  0.3404537E+03,  0.0000000E+00,  0.0000000E+00,  0.0000000E+00,  0.1056201E+06,  0.1601923E+06,  0.2519385E+06,  0.0000000E+00,   14
04/24/2014,  0.1229194E+07,  0.7234032E+05,  0.0000000E+00,  0.1285867E+06,  0.0000000E+00,  0.1821718E+07,  0.3411435E+07,  0.0000000E+00,  0.0000000E+00,  0.0000000E+00,  0.4272585E+09,  0.9922143E+07,  0.6110320E+08,  0.1824243E+11,  0.0000000E+00,  0.4223402E+09,  0.0000000E+00,  0.1531631E+08,  0.0000000E+00,  0.0000000E+00,  0.7032960E+06,  0.0000000E+00,  0.0000000E+00,  0.0000000E+00,  0.0000000E+00,  0.6458002E+07,  0.0000000E+00,  0.3091038E+05,  0.3205097E+06,  0.6654029E+05,  0.3158714E+03,  0.7390160E+03,  0.0000000E+00,  0.0000000E+00,  0.6767847E+06,  0.1628832E+06,  0.5732597E+06,  0.1065168E+08,   33
04/25/2014,  0.1090704E+08,  0.6979172E+06,  0.1781788E+05,  0.7057993E+06,  0.0000000E+00,  0.2912446E+07,  0.3411435E+07,  0.0000000E+00,  0.0000000E+00,  0.0000000E+00,  0.5038039E+09,  0.1746332E+08,  0.6167460E+08,  0.1824357E+11,  0.0000000E+00,  0.4226008E+09,  0.0000000E+00,  0.9712714E+08,  0.0000000E+00,  0.0000000E+00,  0.1015718E+08,  0.0000000E+00,  0.0000000E+00,  0.0000000E+00,  0.0000000E+00,  0.3863698E+07,  0.0000000E+00,  0.2819338E+05,  0.1881077E+06,  0.3838445E+05,  0.1305912E+05,  0.7270162E+04,  0.0000000E+00,  0.0000000E+00,  0.1376084E+07,  0.2301623E+06,  0.7767596E+06,  0.8983287E+08,   30
04/26/2014,  0.4098510E+07,  0.0000000E+00,  0.1935069E+04,  0.3391111E+06,  0.0000000E+00,  0.1882811E+07,  0.3362155E+04,  0.0000000E+00,  0.0000000E+00,  0.0000000E+00,  0.4985843E+09,  0.1649470E+08,  0.6172044E+08,  0.1824335E+11,  0.0000000E+00,  0.4224775E+09,  0.0000000E+00,  0.0000000E+00,  0.0000000E+00,  0.0000000E+00,  0.3443904E+07,  0.3408072E+07,  0.0000000E+00,  0.0000000E+00,  0.0000000E+00,  0.5499226E+07,  0.2483528E-04,  0.5076200E+05,  0.2385985E+06,  0.5800859E+05,  0.2340342E+04,  0.0000000E+00,  0.0000000E+00,  0.0000000E+00,  0.5561854E+06,  0.2105823E+06,  0.4604372E+06,  0.0000000E+00,   24
04/27/2014,  0.1862045E+07,  0.0000000E+00,  0.1743134E+04,  0.2970223E+06,  0.0000000E+00,  0.1831398E+07,  0.0000000E+00,  0.0000000E+00,  0.0000000E+00,  0.0000000E+00,  0.4890981E+09,  0.1562845E+08,  0.6166856E+08,  0.1824306E+11,  0.0000000E+00,  0.4223751E+09,  0.0000000E+00,  0.0000000E+00,  0.0000000E+00,  0.0000000E+00,  0.1220832E+07,  0.3362155E+04,  0.0000000E+00,  0.0000000E+00,  0.0000000E+00,  0.9809253E+07,  0.0000000E+00,  0.5880656E+05,  0.2955083E+06,  0.5865535E+05,  0.1571763E+04,  0.0000000E+00,  0.0000000E+00,  0.0000000E+00,  0.4450012E+06,  0.2021018E+06,  0.4382605E+06,  0.0000000E+00,   16
04/28/2014,  0.1554340E+07,  0.0000000E+00,  0.1266791E+04,  0.2604184E+06,  0.0000000E+00,  0.1820487E+07,  0.0000000E+00,  0.0000000E+00,  0.0000000E+00,  0.0000000E+00,  0.4778966E+09,  0.1468404E+08,  0.6157110E+08,  0.1824277E+11,  0.0000000E+00,  0.4222756E+09,  0.0000000E+00,  0.0000000E+00,  0.0000000E+00,  0.0000000E+00,  0.9564480E+06,  0.0000000E+00,  0.0000000E+00,  0.0000000E+00,  0.0000000E+00,  0.1171814E+08,  0.0000000E+00,  0.6669528E+05,  0.2907662E+06,  0.6709215E+05,  0.1252779E+04,  0.0000000E+00,  0.0000000E+00,  0.0000000E+00,  0.3590914E+06,  0.1943200E+06,  0.3900196E+06,  0.0000000E+00,   13
04/29/2014,  0.1396540E+07,  0.0000000E+00,  0.7840688E+03,  0.2316806E+06,  0.0000000E+00,  0.1789889E+07,  0.0000000E+00,  0.0000000E+00,  0.0000000E+00,  0.0000000E+00,  0.4649535E+09,  0.1379516E+08,  0.6140819E+08,  0.1824245E+11,  0.0000000E+00,  0.4221707E+09,  0.0000000E+00,  0.0000000E+00,  0.0000000E+00,  0.0000000E+00,  0.8311680E+06,  0.0000000E+00,  0.0000000E+00,  0.0000000E+00,  0.0000000E+00,  0.1346364E+08,  0.0000000E+00,  0.7705013E+05,  0.2536085E+06,  0.8262783E+05,  0.1046524E+04,  0.0000000E+00,  0.0000000E+00,  0.0000000E+00,  0.3201519E+06,  0.1852676E+06,  0.4061667E+06,  0.0000000E+00,   31
04/30/2014,  0.1368564E+07,  0.0000000E+00,  0.3734984E+03,  0.2066579E+06,  0.0000000E+00,  0.1759565E+07,  0.0000000E+00,  0.0000000E+00,  0.0000000E+00,  0.0000000E+00,  0.4522286E+09,  0.1299722E+08,  0.6125368E+08,  0.1824209E+11,  0.0000000E+00,  0.4220656E+09,  0.0000000E+00,  0.0000000E+00,  0.0000000E+00,  0.0000000E+00,  0.8199360E+06,  0.0000000E+00,  0.0000000E+00,  0.0000000E+00,  0.0000000E+00,  0.1320835E+08,  0.0000000E+00,  0.7617781E+05,  0.2252756E+06,  0.9150836E+05,  0.8821752E+03,  0.0000000E+00,  0.0000000E+00,  0.0000000E+00,  0.2833936E+06,  0.1767555E+06,  0.3618430E+06,  0.0000000E+00,   33
05/01/2014,  0.1302270E+07,  0.0000000E+00,  0.1349211E+03,  0.1861069E+06,  0.0000000E+00,  0.1732772E+07,  0.0000000E+00,  0.0000000E+00,  0.0000000E+00,  0.0000000E+00,  0.4411309E+09,  0.1231967E+08,  0.6108224E+08,  0.1824173E+11,  0.0000000E+00,  0.4219664E+09,  0.0000000E+00,  0.0000000E+00,  0.0000000E+00,  0.0000000E+00,  0.7663680E+06,  0.0000000E+00,  0.0000000E+00,  0.0000000E+00,  0.0000000E+00,  0.1151245E+08,  0.0000000E+00,  0.6415988E+05,  0.1939326E+06,  0.9165036E+05,  0.7591373E+03,  0.0000000E+00,  0.0000000E+00,  0.0000000E+00,  0.2467365E+06,  0.1709633E+06,  0.3541318E+06,  0.0000000E+00,   37
05/02/2014,  0.1221493E+07,  0.0000000E+00,  0.4572910E+02,  0.1700139E+06,  0.0000000E+00,  0.1709046E+07,  0.0000000E+00,  0.0000000E+00,  0.0000000E+00,  0.0000000E+00,  0.4323079E+09,  0.1176328E+08,  0.6092986E+08,  0.1824134E+11,  0.0000000E+00,  0.4218759E+09,  0.0000000E+00,  0.0000000E+00,  0.0000000E+00,  0.0000000E+00,  0.6946560E+06,  0.0000000E+00,  0.0000000E+00,  0.0000000E+00,  0.0000000E+00,  0.9159455E+07,  0.0000000E+00,  0.4733159E+05,  0.1832320E+06,  0.8635311E+05,  0.6643665E+03,  0.0000000E+00,  0.0000000E+00,  0.0000000E+00,  0.2144876E+06,  0.1652118E+06,  0.3196573E+06,  0.0000000E+00,   17
05/03/2014,  0.1172324E+07,  0.0000000E+00,  0.2013485E+02,  0.1583352E+06,  0.0000000E+00,  0.1697123E+07,  0.0000000E+00,  0.0000000E+00,  0.0000000E+00,  0.0000000E+00,  0.4251202E+09,  0.1132072E+08,  0.6078794E+08,  0.1824094E+11,  0.0000000E+00,  0.4217969E+09,  0.0000000E+00,  0.0000000E+00,  0.0000000E+00,  0.0000000E+00,  0.6531840E+06,  0.0000000E+00,  0.0000000E+00,  0.0000000E+00,  0.0000000E+00,  0.7446713E+07,  0.0000000E+00,  0.3346259E+05,  0.1883530E+06,  0.7504880E+05,  0.5882978E+03,  0.0000000E+00,  0.0000000E+00,  0.0000000E+00,  0.1856159E+06,  0.1610646E+06,  0.2941922E+06,  0.0000000E+00,   13
05/04/2014,  0.1155664E+07,  0.0000000E+00,  0.1092236E+02,  0.1494853E+06,  0.0000000E+00,  0.1684567E+07,  0.0000000E+00,  0.0000000E+00,  0.0000000E+00,  0.0000000E+00,  0.4187731E+09,  0.1095033E+08,  0.6064870E+08,  0.1824057E+11,  0.0000000E+00,  0.4217266E+09,  0.0000000E+00,  0.0000000E+00,  0.0000000E+00,  0.0000000E+00,  0.6436800E+06,  0.0000000E+00,  0.0000000E+00,  0.0000000E+00,  0.0000000E+00,  0.6554602E+07,  0.0000000E+00,  0.2550611E+05,  0.1602629E+06,  0.6689241E+05,  0.5212027E+03,  0.0000000E+00,  0.0000000E+00,  0.0000000E+00,  0.1698248E+06,  0.1569621E+06,  0.2836733E+06,  0.0000000E+00,   10
05/05/2014,  0.1129669E+07,  0.0000000E+00,  0.6316903E+01,  0.1420657E+06,  0.0000000E+00,  0.1675866E+07,  0.0000000E+00,  0.0000000E+00,  0.0000000E+00,  0.0000000E+00,  0.4130793E+09,  0.1062562E+08,  0.6051168E+08,  0.1824019E+11,  0.0000000E+00,  0.4216608E+09,  0.0000000E+00,  0.0000000E+00,  0.0000000E+00,  0.0000000E+00,  0.6281280E+06,  0.0000000E+00,  0.0000000E+00,  0.0000000E+00,  0.0000000E+00,  0.5874327E+07,  0.0000000E+00,  0.2121122E+05,  0.1400770E+06,  0.6046684E+05,  0.4674028E+03,  0.0000000E+00,  0.0000000E+00,  0.0000000E+00,  0.1552324E+06,  0.1535701E+06,  0.2711631E+06,  0.0000000E+00,   12
05/06/2014,  0.1123771E+07,  0.0000000E+00,  0.0000000E+00,  0.1357998E+06,  0.0000000E+00,  0.1668729E+07,  0.0000000E+00,  0.0000000E+00,  0.0000000E+00,  0.0000000E+00,  0.4073208E+09,  0.1034009E+08,  0.6038007E+08,  0.1823978E+11,  0.0000000E+00,  0.4215937E+09,  0.0000000E+00,  0.0000000E+00,  0.0000000E+00,  0.0000000E+00,  0.6281280E+06,  0.0000000E+00,  0.0000000E+00,  0.0000000E+00,  0.0000000E+00,  0.5919158E+07,  0.0000000E+00,  0.1976179E+05,  0.1194877E+06,  0.6154630E+05,  0.4207559E+03,  0.0000000E+00,  0.0000000E+00,  0.0000000E+00,  0.1395693E+06,  0.1508280E+06,  0.2515462E+06,  0.0000000E+00,   16
05/07/2014,  0.1100815E+07,  0.0000000E+00,  0.0000000E+00,  0.1295748E+06,  0.0000000E+00,  0.1655788E+07,  0.0000000E+00,  0.0000000E+00,  0.0000000E+00,  0.0000000E+00,  0.4012457E+09,  0.1007701E+08,  0.6024856E+08,  0.1823938E+11,  0.0000000E+00,  0.4215230E+09,  0.0000000E+00,  0.0000000E+00,  0.0000000E+00,  0.0000000E+00,  0.6091200E+06,  0.0000000E+00,  0.0000000E+00,  0.0000000E+00,  0.0000000E+00,  0.6229484E+07,  0.0000000E+00,  0.1955448E+05,  0.1303518E+06,  0.6586000E+05,  0.3823131E+03,  0.0000000E+00,  0.0000000E+00,  0.0000000E+00,  0.1265249E+06,  0.1477968E+06,  0.2385978E+06,  0.0000000E+00,   12
05/08/2014,  0.1076105E+07,  0.9342904E+04,  0.0000000E+00,  0.1257723E+06,  0.0000000E+00,  0.1654820E+07,  0.1300148E+07,  0.0000000E+00,  0.0000000E+00,  0.0000000E+00,  0.3973860E+09,  0.9874404E+07,  0.6017103E+08,  0.1823903E+11,  0.0000000E+00,  0.4214629E+09,  0.0000000E+00,  0.3210397E+07,  0.0000000E+00,  0.0000000E+00,  0.5927040E+06,  0.0000000E+00,  0.0000000E+00,  0.0000000E+00,  0.0000000E+00,  0.5447769E+07,  0.0000000E+00,  0.2073611E+05,  0.1421837E+06,  0.6491401E+05,  0.3485536E+03,  0.8985901E+02,  0.0000000E+00,  0.0000000E+00,  0.2167710E+06,  0.1458794E+06,  0.2736984E+06,  0.1582498E+07,   11
05/09/2014,  0.1241884E+07,  0.0000000E+00,  0.0000000E+00,  0.1220982E+06,  0.0000000E+00,  0.1643460E+07,  0.0000000E+00,  0.0000000E+00,  0.0000000E+00,  0.0000000E+00,  0.3926411E+09,  0.9657900E+07,  0.6004189E+08,  0.1823866E+11,  0.0000000E+00,  0.4213958E+09,  0.0000000E+00,  0.0000000E+00,  0.0000000E+00,  0.0000000E+00,  0.7655040E+06,  0.1300148E+07,  0.0000000E+00,  0.0000000E+00,  0.0000000E+00,  0.4874204E+07,  0.0000000E+00,  0.1694425E+05,  0.1132842E+06,  0.6081857E+05,  0.3241456E+03,  0.0000000E+00,  0.0000000E+00,  0.0000000E+00,  0.1080417E+06,  0.1432584E+06,  0.2204494E+06,  0.0000000E+00,   12
05/10/2014,  0.1187440E+07,  0.0000000E+00,  0.0000000E+00,  0.1185331E+06,  0.0000000E+00,  0.1630382E+07,  0.0000000E+00,  0.0000000E+00,  0.0000000E+00,  0.0000000E+00,  0.3869177E+09,  0.9464760E+07,  0.5991740E+08,  0.1823827E+11,  0.0000000E+00,  0.4213276E+09,  0.0000000E+00,  0.0000000E+00,  0.0000000E+00,  0.0000000E+00,  0.7093440E+06,  0.0000000E+00,  0.0000000E+00,  0.0000000E+00,  0.0000000E+00,  0.5840810E+07,  0.0000000E+00,  0.1634883E+05,  0.1714103E+06,  0.6217984E+05,  0.2974135E+03,  0.0000000E+00,  0.0000000E+00,  0.0000000E+00,  0.9774419E+05,  0.1407497E+06,  0.2060185E+06,  0.0000000E+00,    9
05/11/2014,  0.1171891E+07,  0.0000000E+00,  0.0000000E+00,  0.1126347E+06,  0.0000000E+00,  0.1619540E+07,  0.0000000E+00,  0.0000000E+00,  0.0000000E+00,  0.0000000E+00,  0.3800777E+09,  0.9271974E+07,  0.5979630E+08,  0.1823786E+11,  0.0000000E+00,  0.4212524E+09,  0.0000000E+00,  0.0000000E+00,  0.0000000E+00,  0.0000000E+00,  0.7067520E+06,  0.0000000E+00,  0.0000000E+00,  0.0000000E+00,  0.0000000E+00,  0.6966888E+07,  0.0000000E+00,  0.1717417E+05,  0.1405082E+06,  0.7065334E+05,  0.2732561E+03,  0.0000000E+00,  0.0000000E+00,  0.0000000E+00,  0.9062906E+05,  0.1376447E+06,  0.1946782E+06,  0.0000000E+00,   12
05/12/2014,  0.1159214E+07,  0.0000000E+00,  0.0000000E+00,  0.1069921E+06,  0.0000000E+00,  0.1605218E+07,  0.0000000E+00,  0.0000000E+00,  0.0000000E+00,  0.0000000E+00,  0.3725097E+09,  0.9088190E+07,  0.5967294E+08,  0.1823742E+11,  0.0000000E+00,  0.4211694E+09,  0.0000000E+00,  0.0000000E+00,  0.0000000E+00,  0.0000000E+00,  0.7015680E+06,  0.0000000E+00,  0.0000000E+00,  0.0000000E+00,  0.0000000E+00,  0.7697973E+07,  0.0000000E+00,  0.1768410E+05,  0.1177347E+06,  0.8166215E+05,  0.2518414E+03,  0.0000000E+00,  0.0000000E+00,  0.0000000E+00,  0.8248802E+05,  0.1359375E+06,  0.1882790E+06,  0.0000000E+00,   19
05/13/2014,  0.1019268E+07,  0.0000000E+00,  0.0000000E+00,  0.1013265E+06,  0.0000000E+00,  0.1581763E+07,  0.0000000E+00,  0.0000000E+00,  0.0000000E+00,  0.0000000E+00,  0.3638003E+09,  0.8918690E+07,  0.5955360E+08,  0.1823696E+11,  0.0000000E+00,  0.4210775E+09,  0.0000000E+00,  0.0000000E+00,  0.0000000E+00,  0.0000000E+00,  0.5641920E+06,  0.0000000E+00,  0.0000000E+00,  0.0000000E+00,  0.0000000E+00,  0.8833440E+07,  0.0000000E+00,  0.1902197E+05,  0.1250410E+06,  0.9598413E+05,  0.2338633E+03,  0.0000000E+00,  0.0000000E+00,  0.0000000E+00,  0.7591269E+05,  0.1319336E+06,  0.1763448E+06,  0.0000000E+00,   25
05/14/2014,  0.1014030E+07,  0.0000000E+00,  0.0000000E+00,  0.9543102E+05,  0.0000000E+00,  0.1568288E+07,  0.0000000E+00,  0.0000000E+00,  0.0000000E+00,  0.0000000E+00,  0.3552172E+09,  0.8759942E+07,  0.5943967E+08,  0.1823647E+11,  0.0000000E+00,  0.4209848E+09,  0.0000000E+00,  0.0000000E+00,  0.0000000E+00,  0.0000000E+00,  0.5685120E+06,  0.0000000E+00,  0.0000000E+00,  0.0000000E+00,  0.0000000E+00,  0.8705183E+07,  0.0000000E+00,  0.1835122E+05,  0.1163886E+06,  0.1008891E+06,  0.2172036E+03,  0.0000000E+00,  0.0000000E+00,  0.0000000E+00,  0.6952233E+05,  0.1285682E+06,  0.1652137E+06,  0.0000000E+00,   20
05/15/2014,  0.9759751E+06,  0.0000000E+00,  0.0000000E+00,  0.9097065E+05,  0.0000000E+00,  0.1556774E+07,  0.0000000E+00,  0.0000000E+00,  0.0000000E+00,  0.0000000E+00,  0.3472967E+09,  0.8617570E+07,  0.5932680E+08,  0.1823601E+11,  0.0000000E+00,  0.4208965E+09,  0.0000000E+00,  0.0000000E+00,  0.0000000E+00,  0.0000000E+00,  0.5391361E+06,  0.0000000E+00,  0.0000000E+00,  0.0000000E+00,  0.0000000E+00,  0.8033248E+07,  0.0000000E+00,  0.1646823E+05,  0.7167222E+05,  0.9875789E+05,  0.2036099E+03,  0.0000000E+00,  0.0000000E+00,  0.0000000E+00,  0.6453207E+05,  0.1259779E+06,  0.1610454E+06,  0.0000000E+00,   20
05/16/2014,  0.9143077E+06,  0.0000000E+00,  0.0000000E+00,  0.8778556E+05,  0.0000000E+00,  0.1546673E+07,  0.0000000E+00,  0.0000000E+00,  0.0000000E+00,  0.0000000E+00,  0.3409174E+09,  0.8491194E+07,  0.5921744E+08,  0.1823559E+11,  0.0000000E+00,  0.4208164E+09,  0.0000000E+00,  0.0000000E+00,  0.0000000E+00,  0.0000000E+00,  0.4795201E+06,  0.0000000E+00,  0.0000000E+00,  0.0000000E+00,  0.0000000E+00,  0.6482991E+07,  0.0000000E+00,  0.1394774E+05,  0.1285935E+06,  0.9010188E+05,  0.1911471E+03,  0.0000000E+00,  0.0000000E+00,  0.0000000E+00,  0.5849988E+05,  0.1237744E+06,  0.1540192E+06,  0.0000000E+00,   39
05/17/2014,  0.9320844E+06,  0.0000000E+00,  0.0000000E+00,  0.8625489E+05,  0.0000000E+00,  0.1542700E+07,  0.0000000E+00,  0.0000000E+00,  0.0000000E+00,  0.0000000E+00,  0.3356526E+09,  0.8380450E+07,  0.5911550E+08,  0.1823514E+11,  0.0000000E+00,  0.4207469E+09,  0.0000000E+00,  0.0000000E+00,  0.0000000E+00,  0.0000000E+00,  0.5080321E+06,  0.0000000E+00,  0.0000000E+00,  0.0000000E+00,  0.0000000E+00,  0.5357417E+07,  0.0000000E+00,  0.1113608E+05,  0.1207607E+06,  0.7677185E+05,  0.1796279E+03,  0.0000000E+00,  0.0000000E+00,  0.0000000E+00,  0.5383675E+05,  0.1221223E+06,  0.1447594E+06,  0.0000000E+00,   10
05/18/2014,  0.9279100E+06,  0.0000000E+00,  0.0000000E+00,  0.8561295E+05,  0.0000000E+00,  0.1529933E+07,  0.0000000E+00,  0.0000000E+00,  0.0000000E+00,  0.0000000E+00,  0.3310195E+09,  0.8282175E+07,  0.5901713E+08,  0.1823471E+11,  0.0000000E+00,  0.4206828E+09,  0.0000000E+00,  0.0000000E+00,  0.0000000E+00,  0.0000000E+00,  0.5097601E+06,  0.0000000E+00,  0.0000000E+00,  0.0000000E+00,  0.0000000E+00,  0.4716508E+07,  0.0000000E+00,  0.9669076E+04,  0.1140925E+06,  0.6998055E+05,  0.1687527E+03,  0.0000000E+00,  0.0000000E+00,  0.0000000E+00,  0.4974904E+05,  0.1206972E+06,  0.1385675E+06,  0.0000000E+00,    6
05/19/2014,  0.9169621E+06,  0.0000000E+00,  0.0000000E+00,  0.8511889E+05,  0.0000000E+00,  0.1530716E+07,  0.0000000E+00,  0.0000000E+00,  0.0000000E+00,  0.0000000E+00,  0.3266208E+09,  0.8191825E+07,  0.5892066E+08,  0.1823429E+11,  0.0000000E+00,  0.4206197E+09,  0.0000000E+00,  0.0000000E+00,  0.0000000E+00,  0.0000000E+00,  0.5019841E+06,  0.0000000E+00,  0.0000000E+00,  0.0000000E+00,  0.0000000E+00,  0.4476614E+07,  0.0000000E+00,  0.8738486E+04,  0.1053434E+06,  0.6564168E+05,  0.1596410E+03,  0.0000000E+00,  0.0000000E+00,  0.0000000E+00,  0.4667600E+05,  0.1195184E+06,  0.1345247E+06,  0.0000000E+00,   10
05/20/2014,  0.9600287E+06,  0.0000000E+00,  0.0000000E+00,  0.8438011E+05,  0.0000000E+00,  0.1533565E+07,  0.0000000E+00,  0.0000000E+00,  0.0000000E+00,  0.0000000E+00,  0.3218623E+09,  0.8107144E+07,  0.5882718E+08,  0.1823384E+11,  0.0000000E+00,  0.4205539E+09,  0.0000000E+00,  0.0000000E+00,  0.0000000E+00,  0.0000000E+00,  0.5512321E+06,  0.0000000E+00,  0.0000000E+00,  0.0000000E+00,  0.0000000E+00,  0.4833018E+07,  0.0000000E+00,  0.8847339E+04,  0.9150855E+05,  0.6840888E+05,  0.1510834E+03,  0.0000000E+00,  0.0000000E+00,  0.0000000E+00,  0.4372314E+05,  0.1180171E+06,  0.1284742E+06,  0.0000000E+00,  186
05/21/2014,  0.9838103E+06,  0.0000000E+00,  0.0000000E+00,  0.8286287E+05,  0.0000000E+00,  0.1526498E+07,  0.0000000E+00,  0.0000000E+00,  0.0000000E+00,  0.0000000E+00,  0.3164244E+09,  0.8025544E+07,  0.5873334E+08,  0.1823343E+11,  0.0000000E+00,  0.4204796E+09,  0.0000000E+00,  0.0000000E+00,  0.0000000E+00,  0.0000000E+00,  0.5780161E+06,  0.0000000E+00,  0.0000000E+00,  0.0000000E+00,  0.0000000E+00,  0.5512292E+07,  0.0000000E+00,  0.9745127E+04,  0.1172159E+06,  0.7958634E+05,  0.1428912E+03,  0.0000000E+00,  0.0000000E+00,  0.0000000E+00,  0.4086416E+05,  0.1166553E+06,  0.1250777E+06,  0.0000000E+00,   10
05/22/2014,  0.9411251E+06,  0.0000000E+00,  0.0000000E+00,  0.8043097E+05,  0.0000000E+00,  0.1513772E+07,  0.0000000E+00,  0.0000000E+00,  0.0000000E+00,  0.0000000E+00,  0.3110468E+09,  0.7944897E+07,  0.5864019E+08,  0.1823300E+11,  0.0000000E+00,  0.4204056E+09,  0.0000000E+00,  0.0000000E+00,  0.0000000E+00,  0.0000000E+00,  0.5365441E+06,  0.0000000E+00,  0.0000000E+00,  0.0000000E+00,  0.0000000E+00,  0.5454926E+07,  0.0000000E+00,  0.9195254E+04,  0.8959494E+05,  0.7963081E+05,  0.1351951E+03,  0.0000000E+00,  0.0000000E+00,  0.0000000E+00,  0.3767302E+05,  0.1149525E+06,  0.1217543E+06,  0.0000000E+00,   11
05/23/2014,  0.9453554E+06,  0.0000000E+00,  0.0000000E+00,  0.7874862E+05,  0.0000000E+00,  0.1506835E+07,  0.0000000E+00,  0.0000000E+00,  0.0000000E+00,  0.0000000E+00,  0.3053140E+09,  0.7868975E+07,  0.5854983E+08,  0.1823258E+11,  0.0000000E+00,  0.4203284E+09,  0.0000000E+00,  0.0000000E+00,  0.0000000E+00,  0.0000000E+00,  0.5460481E+06,  0.0000000E+00,  0.0000000E+00,  0.0000000E+00,  0.0000000E+00,  0.5808288E+07,  0.0000000E+00,  0.9145590E+04,  0.8245323E+05,  0.8457085E+05,  0.1286096E+03,  0.0000000E+00,  0.0000000E+00,  0.0000000E+00,  0.3489783E+05,  0.1132981E+06,  0.1162390E+06,  0.0000000E+00,   11
05/24/2014,  0.8751173E+06,  0.0000000E+00,  0.0000000E+00,  0.7657658E+05,  0.0000000E+00,  0.1494819E+07,  0.0000000E+00,  0.0000000E+00,  0.0000000E+00,  0.0000000E+00,  0.2998477E+09,  0.7795857E+07,  0.5846199E+08,  0.1823215E+11,  0.0000000E+00,  0.4202533E+09,  0.0000000E+00,  0.0000000E+00,  0.0000000E+00,  0.0000000E+00,  0.4752001E+06,  0.0000000E+00,  0.0000000E+00,  0.0000000E+00,  0.0000000E+00,  0.5542257E+07,  0.0000000E+00,  0.8248052E+04,  0.1053614E+06,  0.8288556E+05,  0.1225540E+03,  0.0000000E+00,  0.0000000E+00,  0.0000000E+00,  0.3190166E+05,  0.1114385E+06,  0.1116209E+06,  0.0000000E+00,   12
05/25/2014,  0.9477755E+06,  0.0000000E+00,  0.0000000E+00,  0.7517710E+05,  0.0000000E+00,  0.1488082E+07,  0.0000000E+00,  0.0000000E+00,  0.0000000E+00,  0.0000000E+00,  0.2938502E+09,  0.7727630E+07,  0.5837605E+08,  0.1823172E+11,  0.0000000E+00,  0.4201687E+09,  0.0000000E+00,  0.0000000E+00,  0.0000000E+00,  0.0000000E+00,  0.5581441E+06,  0.0000000E+00,  0.0000000E+00,  0.0000000E+00,  0.0000000E+00,  0.6070367E+07,  0.0000000E+00,  0.8727778E+04,  0.8372124E+05,  0.9593007E+05,  0.1169013E+03,  0.0000000E+00,  0.0000000E+00,  0.0000000E+00,  0.2989078E+05,  0.1098197E+06,  0.1072297E+06,  0.0000000E+00,   14
05/26/2014,  0.8375434E+06,  0.0000000E+00,  0.0000000E+00,  0.7256927E+05,  0.0000000E+00,  0.1472170E+07,  0.0000000E+00,  0.0000000E+00,  0.0000000E+00,  0.0000000E+00,  0.2885334E+09,  0.7659680E+07,  0.5829238E+08,  0.1823130E+11,  0.0000000E+00,  0.4200878E+09,  0.0000000E+00,  0.0000000E+00,  0.0000000E+00,  0.0000000E+00,  0.4432321E+06,  0.0000000E+00,  0.0000000E+00,  0.0000000E+00,  0.0000000E+00,  0.5392450E+07,  0.0000000E+00,  0.7913189E+04,  0.8623813E+05,  0.9306859E+05,  0.1114814E+03,  0.0000000E+00,  0.0000000E+00,  0.0000000E+00,  0.2785822E+05,  0.1082428E+06,  0.1037491E+06,  0.0000000E+00,   13
05/27/2014,  0.8207192E+06,  0.0000000E+00,  0.0000000E+00,  0.7144100E+05,  0.0000000E+00,  0.1466176E+07,  0.0000000E+00,  0.0000000E+00,  0.0000000E+00,  0.0000000E+00,  0.2839242E+09,  0.7597251E+07,  0.5821091E+08,  0.1823089E+11,  0.0000000E+00,  0.4200199E+09,  0.0000000E+00,  0.0000000E+00,  0.0000000E+00,  0.0000000E+00,  0.4354561E+06,  0.0000000E+00,  0.0000000E+00,  0.0000000E+00,  0.0000000E+00,  0.4680880E+07,  0.0000000E+00,  0.6167198E+04,  0.7356221E+05,  0.7720234E+05,  0.1068888E+03,  0.0000000E+00,  0.0000000E+00,  0.0000000E+00,  0.2631475E+05,  0.1070019E+06,  0.1017374E+06,  0.0000000E+00,   11
05/28/2014,  0.7699492E+06,  0.0000000E+00,  0.0000000E+00,  0.7151831E+05,  0.0000000E+00,  0.1458963E+07,  0.0000000E+00,  0.0000000E+00,  0.0000000E+00,  0.0000000E+00,  0.2794539E+09,  0.7540938E+07,  0.5813233E+08,  0.1823047E+11,  0.0000000E+00,  0.4199506E+09,  0.0000000E+00,  0.0000000E+00,  0.0000000E+00,  0.0000000E+00,  0.3810241E+06,  0.0000000E+00,  0.0000000E+00,  0.0000000E+00,  0.0000000E+00,  0.4535665E+07,  0.0000000E+00,  0.5920139E+04,  0.6786566E+05,  0.7740676E+05,  0.1024112E+03,  0.0000000E+00,  0.0000000E+00,  0.0000000E+00,  0.2498826E+05,  0.1057082E+06,  0.9778063E+05,  0.0000000E+00,   12
05/29/2014,  0.8012600E+06,  0.0000000E+00,  0.0000000E+00,  0.7086341E+05,  0.0000000E+00,  0.1453641E+07,  0.0000000E+00,  0.0000000E+00,  0.0000000E+00,  0.0000000E+00,  0.2749884E+09,  0.7487350E+07,  0.5805451E+08,  0.1823008E+11,  0.0000000E+00,  0.4198771E+09,  0.0000000E+00,  0.0000000E+00,  0.0000000E+00,  0.0000000E+00,  0.4337281E+06,  0.0000000E+00,  0.0000000E+00,  0.0000000E+00,  0.0000000E+00,  0.4529354E+07,  0.0000000E+00,  0.5909611E+04,  0.9224353E+05,  0.8228957E+05,  0.9821609E+02,  0.0000000E+00,  0.0000000E+00,  0.0000000E+00,  0.2324085E+05,  0.1044000E+06,  0.9527706E+05,  0.0000000E+00,    8
05/30/2014,  0.8253387E+06,  0.0000000E+00,  0.0000000E+00,  0.6985527E+05,  0.0000000E+00,  0.1447692E+07,  0.0000000E+00,  0.0000000E+00,  0.0000000E+00,  0.0000000E+00,  0.2707853E+09,  0.7435238E+07,  0.5797906E+08,  0.1822966E+11,  0.0000000E+00,  0.4198093E+09,  0.0000000E+00,  0.0000000E+00,  0.0000000E+00,  0.0000000E+00,  0.4527361E+06,  0.0000000E+00,  0.0000000E+00,  0.0000000E+00,  0.0000000E+00,  0.4267016E+07,  0.0000000E+00,  0.5225816E+04,  0.9949820E+05,  0.7506055E+05,  0.9417184E+02,  0.0000000E+00,  0.0000000E+00,  0.0000000E+00,  0.2183943E+05,  0.1035771E+06,  0.9218918E+05,  0.0000000E+00,   11
05/31/2014,  0.7708866E+06,  0.0000000E+00,  0.0000000E+00,  0.6951506E+05,  0.0000000E+00,  0.1438152E+07,  0.0000000E+00,  0.0000000E+00,  0.0000000E+00,  0.0000000E+00,  0.2663628E+09,  0.7386411E+07,  0.5788783E+08,  0.1822926E+11,  0.0000000E+00,  0.4197371E+09,  0.0000000E+00,  0.0000000E+00,  0.0000000E+00,  0.0000000E+00,  0.3957121E+06,  0.0000000E+00,  0.0000000E+00,  0.0000000E+00,  0.0000000E+00,  0.4485229E+07,  0.0000000E+00,  0.5360795E+04,  0.8403770E+05,  0.8014826E+05,  0.9028815E+02,  0.0000000E+00,  0.0000000E+00,  0.0000000E+00,  0.2055308E+05,  0.1040804E+06,  0.1065403E+06,  0.0000000E+00,   12
06/01/2014,  0.7999502E+06,  0.0000000E+00,  0.0000000E+00,  0.6838359E+05,  0.0000000E+00,  0.1434988E+07,  0.0000000E+00,  0.0000000E+00,  0.0000000E+00,  0.0000000E+00,  0.2616521E+09,  0.7338191E+07,  0.5781356E+08,  0.1822885E+11,  0.0000000E+00,  0.4196561E+09,  0.0000000E+00,  0.0000000E+00,  0.0000000E+00,  0.0000000E+00,  0.4406401E+06,  0.0000000E+00,  0.0000000E+00,  0.0000000E+00,  0.0000000E+00,  0.4772272E+07,  0.0000000E+00,  0.5908635E+04,  0.7808558E+05,  0.9221198E+05,  0.8675430E+02,  0.0000000E+00,  0.0000000E+00,  0.0000000E+00,  0.1930427E+05,  0.1010888E+06,  0.8780146E+05,  0.0000000E+00,    9
06/02/2014,  0.8133051E+06,  0.0000000E+00,  0.0000000E+00,  0.6655217E+05,  0.0000000E+00,  0.1423712E+07,  0.0000000E+00,  0.0000000E+00,  0.0000000E+00,  0.0000000E+00,  0.2573856E+09,  0.7289539E+07,  0.5774216E+08,  0.1822847E+11,  0.0000000E+00,  0.4195844E+09,  0.0000000E+00,  0.0000000E+00,  0.0000000E+00,  0.0000000E+00,  0.4501441E+06,  0.0000000E+00,  0.0000000E+00,  0.0000000E+00,  0.0000000E+00,  0.4330030E+07,  0.0000000E+00,  0.5011939E+04,  0.9695461E+05,  0.8257538E+05,  0.8350415E+02,  0.0000000E+00,  0.0000000E+00,  0.0000000E+00,  0.1814828E+05,  0.9971330E+05,  0.8466088E+05,  0.0000000E+00,   14
06/03/2014,  0.8050098E+06,  0.0000000E+00,  0.0000000E+00,  0.6629305E+05,  0.0000000E+00,  0.1415475E+07,  0.0000000E+00,  0.0000000E+00,  0.0000000E+00,  0.0000000E+00,  0.2530889E+09,  0.7245487E+07,  0.5767342E+08,  0.1822805E+11,  0.0000000E+00,  0.4195133E+09,  0.0000000E+00,  0.0000000E+00,  0.0000000E+00,  0.0000000E+00,  0.4440961E+06,  0.0000000E+00,  0.0000000E+00,  0.0000000E+00,  0.0000000E+00,  0.4355964E+07,  0.0000000E+00,  0.4549650E+04,  0.8028931E+05,  0.8156966E+05,  0.8034293E+02,  0.0000000E+00,  0.0000000E+00,  0.0000000E+00,  0.1702469E+05,  0.9850171E+05,  0.8134139E+05,  0.0000000E+00,   10
06/04/2014,  0.9552039E+06,  0.0000000E+00,  0.0000000E+00,  0.6568436E+05,  0.0000000E+00,  0.1412444E+07,  0.0000000E+00,  0.0000000E+00,  0.0000000E+00,  0.0000000E+00,  0.2480119E+09,  0.7202837E+07,  0.5760408E+08,  0.1822764E+11,  0.0000000E+00,  0.4194279E+09,  0.0000000E+00,  0.0000000E+00,  0.0000000E+00,  0.0000000E+00,  0.6013441E+06,  0.0000000E+00,  0.0000000E+00,  0.0000000E+00,  0.0000000E+00,  0.5135043E+07,  0.0000000E+00,  0.5365999E+04,  0.8590002E+05,  0.9927090E+05,  0.7733055E+02,  0.0000000E+00,  0.0000000E+00,  0.0000000E+00,  0.1619951E+05,  0.9738332E+05,  0.8030878E+05,  0.0000000E+00,   13
06/05/2014,  0.8173698E+06,  0.0000000E+00,  0.0000000E+00,  0.6337137E+05,  0.0000000E+00,  0.1395871E+07,  0.0000000E+00,  0.0000000E+00,  0.0000000E+00,  0.0000000E+00,  0.2434171E+09,  0.7158287E+07,  0.5753703E+08,  0.1822722E+11,  0.0000000E+00,  0.4193481E+09,  0.0000000E+00,  0.0000000E+00,  0.0000000E+00,  0.0000000E+00,  0.4631041E+06,  0.0000000E+00,  0.0000000E+00,  0.0000000E+00,  0.0000000E+00,  0.4656825E+07,  0.0000000E+00,  0.4741669E+04,  0.9350913E+05,  0.9449876E+05,  0.7440630E+02,  0.0000000E+00,  0.0000000E+00,  0.0000000E+00,  0.1501178E+05,  0.9595617E+05,  0.7744729E+05,  0.0000000E+00,   18
06/06/2014,  0.7323438E+06,  0.0000000E+00,  0.0000000E+00,  0.6261244E+05,  0.0000000E+00,  0.1385265E+07,  0.0000000E+00,  0.0000000E+00,  0.0000000E+00,  0.0000000E+00,  0.2389893E+09,  0.7117262E+07,  0.5747130E+08,  0.1822680E+11,  0.0000000E+00,  0.4192735E+09,  0.0000000E+00,  0.0000000E+00,  0.0000000E+00,  0.0000000E+00,  0.3792961E+06,  0.0000000E+00,  0.0000000E+00,  0.0000000E+00,  0.0000000E+00,  0.4487059E+07,  0.0000000E+00,  0.4034414E+04,  0.9607161E+05,  0.8827522E+05,  0.7187201E+02,  0.0000000E+00,  0.0000000E+00,  0.0000000E+00,  0.1418820E+05,  0.9502072E+05,  0.7601906E+05,  0.0000000E+00,   21
06/07/2014,  0.7073798E+06,  0.0000000E+00,  0.0000000E+00,  0.6220415E+05,  0.0000000E+00,  0.1379196E+07,  0.0000000E+00,  0.0000000E+00,  0.0000000E+00,  0.0000000E+00,  0.2339180E+09,  0.7078364E+07,  0.5740619E+08,  0.1822636E+11,  0.0000000E+00,  0.4191879E+09,  0.0000000E+00,  0.0000000E+00,  0.0000000E+00,  0.0000000E+00,  0.3602881E+06,  0.0000000E+00,  0.0000000E+00,  0.0000000E+00,  0.0000000E+00,  0.5127849E+07,  0.0000000E+00,  0.4722814E+04,  0.8837347E+05,  0.1023063E+06,  0.6944315E+02,  0.0000000E+00,  0.0000000E+00,  0.0000000E+00,  0.1345075E+05,  0.9342977E+05,  0.7396961E+05,  0.0000000E+00,   13
06/08/2014,  0.7064799E+06,  0.0000000E+00,  0.0000000E+00,  0.6030375E+05,  0.0000000E+00,  0.1379498E+07,  0.0000000E+00,  0.0000000E+00,  0.0000000E+00,  0.0000000E+00,  0.2284691E+09,  0.7037981E+07,  0.5734173E+08,  0.1822592E+11,  0.0000000E+00,  0.4190925E+09,  0.0000000E+00,  0.0000000E+00,  0.0000000E+00,  0.0000000E+00,  0.3792961E+06,  0.0000000E+00,  0.0000000E+00,  0.0000000E+00,  0.0000000E+00,  0.5508563E+07,  0.0000000E+00,  0.4998653E+04,  0.8605356E+05,  0.1170404E+06,  0.6709074E+02,  0.0000000E+00,  0.0000000E+00,  0.0000000E+00,  0.1264374E+05,  0.9227593E+05,  0.7222796E+05,  0.0000000E+00,   18
06/09/2014,  0.6989831E+06,  0.0000000E+00,  0.0000000E+00,  0.5824627E+05,  0.0000000E+00,  0.1377769E+07,  0.0000000E+00,  0.0000000E+00,  0.0000000E+00,  0.0000000E+00,  0.2233935E+09,  0.6997090E+07,  0.5727835E+08,  0.1822551E+11,  0.0000000E+00,  0.4190014E+09,  0.0000000E+00,  0.0000000E+00,  0.0000000E+00,  0.0000000E+00,  0.3862081E+06,  0.0000000E+00,  0.0000000E+00,  0.0000000E+00,  0.0000000E+00,  0.5137827E+07,  0.0000000E+00,  0.4517487E+04,  0.8183230E+05,  0.1148663E+06,  0.6476798E+02,  0.0000000E+00,  0.0000000E+00,  0.0000000E+00,  0.1193384E+05,  0.9150021E+05,  0.7093159E+05,  0.0000000E+00,   60
06/10/2014,  0.7022959E+06,  0.0000000E+00,  0.0000000E+00,  0.5726631E+05,  0.0000000E+00,  0.1352536E+07,  0.0000000E+00,  0.0000000E+00,  0.0000000E+00,  0.0000000E+00,  0.2191097E+09,  0.6958738E+07,  0.5721691E+08,  0.1822511E+11,  0.0000000E+00,  0.4189227E+09,  0.0000000E+00,  0.0000000E+00,  0.0000000E+00,  0.0000000E+00,  0.3706561E+06,  0.0000000E+00,  0.0000000E+00,  0.0000000E+00,  0.0000000E+00,  0.4344128E+07,  0.0000000E+00,  0.3561710E+04,  0.7749614E+05,  0.1004327E+06,  0.6256917E+02,  0.0000000E+00,  0.0000000E+00,  0.0000000E+00,  0.1130803E+05,  0.9063861E+05,  0.6931541E+05,  0.0000000E+00,   15
06/11/2014,  0.6962068E+06,  0.0000000E+00,  0.0000000E+00,  0.5763526E+05,  0.0000000E+00,  0.1345734E+07,  0.0000000E+00,  0.0000000E+00,  0.0000000E+00,  0.0000000E+00,  0.2157375E+09,  0.6925919E+07,  0.5715724E+08,  0.1822473E+11,  0.0000000E+00,  0.4188597E+09,  0.0000000E+00,  0.0000000E+00,  0.0000000E+00,  0.0000000E+00,  0.3637441E+06,  0.0000000E+00,  0.0000000E+00,  0.0000000E+00,  0.0000000E+00,  0.3427035E+07,  0.0000000E+00,  0.2616975E+04,  0.1044676E+06,  0.7979850E+05,  0.6045690E+02,  0.0000000E+00,  0.0000000E+00,  0.0000000E+00,  0.1049721E+05,  0.9017585E+05,  0.6767933E+05,  0.0000000E+00,   15
06/12/2014,  0.6958711E+06,  0.0000000E+00,  0.0000000E+00,  0.5894068E+05,  0.0000000E+00,  0.1340014E+07,  0.0000000E+00,  0.0000000E+00,  0.0000000E+00,  0.0000000E+00,  0.2127621E+09,  0.6898052E+07,  0.5709889E+08,  0.1822435E+11,  0.0000000E+00,  0.4188015E+09,  0.0000000E+00,  0.0000000E+00,  0.0000000E+00,  0.0000000E+00,  0.3473281E+06,  0.0000000E+00,  0.0000000E+00,  0.0000000E+00,  0.0000000E+00,  0.3024242E+07,  0.0000000E+00,  0.2111998E+04,  0.9092419E+05,  0.7064556E+05,  0.5837588E+02,  0.0000000E+00,  0.0000000E+00,  0.0000000E+00,  0.9888440E+04,  0.8981943E+05,  0.6625556E+05,  0.0000000E+00,    7
06/13/2014,  0.6810780E+06,  0.0000000E+00,  0.0000000E+00,  0.5992634E+05,  0.0000000E+00,  0.1338042E+07,  0.0000000E+00,  0.0000000E+00,  0.0000000E+00,  0.0000000E+00,  0.2093775E+09,  0.6871485E+07,  0.5704046E+08,  0.1822393E+11,  0.0000000E+00,  0.4187272E+09,  0.0000000E+00,  0.0000000E+00,  0.0000000E+00,  0.0000000E+00,  0.3525121E+06,  0.0000000E+00,  0.0000000E+00,  0.0000000E+00,  0.0000000E+00,  0.3430993E+07,  0.0000000E+00,  0.2542684E+04,  0.7008058E+05,  0.8841996E+05,  0.5642108E+02,  0.0000000E+00,  0.0000000E+00,  0.0000000E+00,  0.9486090E+04,  0.8926798E+05,  0.6550937E+05,  0.0000000E+00,   23
06/14/2014,  0.6626306E+06,  0.0000000E+00,  0.0000000E+00,  0.5883485E+05,  0.0000000E+00,  0.1327481E+07,  0.0000000E+00,  0.0000000E+00,  0.0000000E+00,  0.0000000E+00,  0.2059767E+09,  0.6842609E+07,  0.5698302E+08,  0.1822354E+11,  0.0000000E+00,  0.4186495E+09,  0.0000000E+00,  0.0000000E+00,  0.0000000E+00,  0.0000000E+00,  0.3343681E+06,  0.0000000E+00,  0.0000000E+00,  0.0000000E+00,  0.0000000E+00,  0.3450485E+07,  0.0000000E+00,  0.2705963E+04,  0.7249423E+05,  0.9489534E+05,  0.5442744E+02,  0.0000000E+00,  0.0000000E+00,  0.0000000E+00,  0.9156021E+04,  0.8887175E+05,  0.6402333E+05,  0.0000000E+00,   14
06/15/2014,  0.6630513E+06,  0.0000000E+00,  0.0000000E+00,  0.5793282E+05,  0.0000000E+00,  0.1322884E+07,  0.0000000E+00,  0.0000000E+00,  0.0000000E+00,  0.0000000E+00,  0.2030770E+09,  0.6813391E+07,  0.5692723E+08,  0.1822316E+11,  0.0000000E+00,  0.4185831E+09,  0.0000000E+00,  0.0000000E+00,  0.0000000E+00,  0.0000000E+00,  0.3378241E+06,  0.0000000E+00,  0.0000000E+00,  0.0000000E+00,  0.0000000E+00,  0.2950396E+07,  0.0000000E+00,  0.2160151E+04,  0.6260989E+05,  0.8112609E+05,  0.5257867E+02,  0.0000000E+00,  0.0000000E+00,  0.0000000E+00,  0.8729309E+04,  0.8820935E+05,  0.6248671E+05,  0.0000000E+00,   11
06/16/2014,  0.6710580E+06,  0.0000000E+00,  0.0000000E+00,  0.5854436E+05,  0.0000000E+00,  0.1319174E+07,  0.0000000E+00,  0.0000000E+00,  0.0000000E+00,  0.0000000E+00,  0.2007100E+09,  0.6788200E+07,  0.5687186E+08,  0.1822279E+11,  0.0000000E+00,  0.4185297E+09,  0.0000000E+00,  0.0000000E+00,  0.0000000E+00,  0.0000000E+00,  0.3490561E+06,  0.0000000E+00,  0.0000000E+00,  0.0000000E+00,  0.0000000E+00,  0.2413601E+07,  0.0000000E+00,  0.1544990E+04,  0.6862300E+05,  0.6253387E+05,  0.5133235E+02,  0.0000000E+00,  0.0000000E+00,  0.0000000E+00,  0.8108951E+04,  0.8805795E+05,  0.6206854E+05,  0.0000000E+00,    9
06/17/2014,  0.7950875E+06,  0.0000000E+00,  0.0000000E+00,  0.6009602E+05,  0.0000000E+00,  0.1317510E+07,  0.0000000E+00,  0.0000000E+00,  0.0000000E+00,  0.0000000E+00,  0.1977854E+09,  0.6765891E+07,  0.5681655E+08,  0.1822243E+11,  0.0000000E+00,  0.4184625E+09,  0.0000000E+00,  0.0000000E+00,  0.0000000E+00,  0.0000000E+00,  0.4691521E+06,  0.0000000E+00,  0.0000000E+00,  0.0000000E+00,  0.0000000E+00,  0.2966898E+07,  0.0000000E+00,  0.1855918E+04,  0.7950841E+05,  0.7722494E+05,  0.5007730E+02,  0.0000000E+00,  0.0000000E+00,  0.0000000E+00,  0.7662668E+04,  0.8775759E+05,  0.6124631E+05,  0.0000000E+00,   14
06/18/2014,  0.7065795E+06,  0.0000000E+00,  0.0000000E+00,  0.5903625E+05,  0.0000000E+00,  0.1308927E+07,  0.0000000E+00,  0.0000000E+00,  0.0000000E+00,  0.0000000E+00,  0.1943032E+09,  0.6740502E+07,  0.5676085E+08,  0.1822204E+11,  0.0000000E+00,  0.4183803E+09,  0.0000000E+00,  0.0000000E+00,  0.0000000E+00,  0.0000000E+00,  0.3888001E+06,  0.0000000E+00,  0.0000000E+00,  0.0000000E+00,  0.0000000E+00,  0.3528131E+07,  0.0000000E+00,  0.2286786E+04,  0.8926147E+05,  0.9606365E+05,  0.4939343E+02,  0.0000000E+00,  0.0000000E+00,  0.0000000E+00,  0.7346957E+04,  0.8698398E+05,  0.6089544E+05,  0.0000000E+00,   37
06/19/2014,  0.7057710E+06,  0.0000000E+00,  0.0000000E+00,  0.5709349E+05,  0.0000000E+00,  0.1300969E+07,  0.0000000E+00,  0.0000000E+00,  0.0000000E+00,  0.0000000E+00,  0.1909435E+09,  0.6712430E+07,  0.5670692E+08,  0.1822164E+11,  0.0000000E+00,  0.4183003E+09,  0.0000000E+00,  0.0000000E+00,  0.0000000E+00,  0.0000000E+00,  0.3931201E+06,  0.0000000E+00,  0.0000000E+00,  0.0000000E+00,  0.0000000E+00,  0.3410014E+07,  0.0000000E+00,  0.2215203E+04,  0.9540744E+05,  0.9588418E+05,  0.4868444E+02,  0.0000000E+00,  0.0000000E+00,  0.0000000E+00,  0.7030922E+04,  0.8638396E+05,  0.5887246E+05,  0.0000000E+00,   19
06/20/2014,  0.7226353E+06,  0.0000000E+00,  0.0000000E+00,  0.5630986E+05,  0.0000000E+00,  0.1294418E+07,  0.0000000E+00,  0.0000000E+00,  0.0000000E+00,  0.0000000E+00,  0.1875897E+09,  0.6685524E+07,  0.5665465E+08,  0.1822125E+11,  0.0000000E+00,  0.4182212E+09,  0.0000000E+00,  0.0000000E+00,  0.0000000E+00,  0.0000000E+00,  0.4138561E+06,  0.0000000E+00,  0.0000000E+00,  0.0000000E+00,  0.0000000E+00,  0.3403646E+07,  0.0000000E+00,  0.2007960E+04,  0.6688178E+05,  0.9597860E+05,  0.4796994E+02,  0.0000000E+00,  0.0000000E+00,  0.0000000E+00,  0.6668988E+04,  0.8593409E+05,  0.5706980E+05,  0.0000000E+00,   19
06/21/2014,  0.7346922E+06,  0.0000000E+00,  0.0000000E+00,  0.5569236E+05,  0.0000000E+00,  0.1288555E+07,  0.0000000E+00,  0.0000000E+00,  0.0000000E+00,  0.0000000E+00,  0.1848249E+09,  0.6659617E+07,  0.5660342E+08,  0.1822089E+11,  0.0000000E+00,  0.4181579E+09,  0.0000000E+00,  0.0000000E+00,  0.0000000E+00,  0.0000000E+00,  0.4259521E+06,  0.0000000E+00,  0.0000000E+00,  0.0000000E+00,  0.0000000E+00,  0.2814209E+07,  0.0000000E+00,  0.1502148E+04,  0.6722357E+05,  0.7637006E+05,  0.4731991E+02,  0.0000000E+00,  0.0000000E+00,  0.0000000E+00,  0.6326975E+04,  0.8554763E+05,  0.5618102E+05,  0.0000000E+00,   16
06/22/2014,  0.7084535E+06,  0.0000000E+00,  0.0000000E+00,  0.5672585E+05,  0.0000000E+00,  0.1282839E+07,  0.0000000E+00,  0.0000000E+00,  0.0000000E+00,  0.0000000E+00,  0.1820183E+09,  0.6637735E+07,  0.5655238E+08,  0.1822054E+11,  0.0000000E+00,  0.4180904E+09,  0.0000000E+00,  0.0000000E+00,  0.0000000E+00,  0.0000000E+00,  0.4000321E+06,  0.0000000E+00,  0.0000000E+00,  0.0000000E+00,  0.0000000E+00,  0.2850976E+07,  0.0000000E+00,  0.1474753E+04,  0.7909535E+05,  0.7941571E+05,  0.4665537E+02,  0.0000000E+00,  0.0000000E+00,  0.0000000E+00,  0.5926939E+04,  0.8522223E+05,  0.5562341E+05,  0.0000000E+00,   16
06/23/2014,  0.7445593E+06,  0.0000000E+00,  0.0000000E+00,  0.5653848E+05,  0.0000000E+00,  0.1278673E+07,  0.0000000E+00,  0.0000000E+00,  0.0000000E+00,  0.0000000E+00,  0.1789965E+09,  0.6615264E+07,  0.5650188E+08,  0.1822015E+11,  0.0000000E+00,  0.4180113E+09,  0.0000000E+00,  0.0000000E+00,  0.0000000E+00,  0.0000000E+00,  0.4432321E+06,  0.0000000E+00,  0.0000000E+00,  0.0000000E+00,  0.0000000E+00,  0.3066727E+07,  0.0000000E+00,  0.1673687E+04,  0.8207217E+05,  0.9371169E+05,  0.4599915E+02,  0.0000000E+00,  0.0000000E+00,  0.0000000E+00,  0.5795939E+04,  0.8480906E+05,  0.5474932E+05,  0.0000000E+00,   14
06/24/2014,  0.7196619E+06,  0.0000000E+00,  0.0000000E+00,  0.5534473E+05,  0.0000000E+00,  0.1272950E+07,  0.0000000E+00,  0.0000000E+00,  0.0000000E+00,  0.0000000E+00,  0.1764108E+09,  0.6591274E+07,  0.5645205E+08,  0.1821980E+11,  0.0000000E+00,  0.4179416E+09,  0.0000000E+00,  0.0000000E+00,  0.0000000E+00,  0.0000000E+00,  0.4181761E+06,  0.0000000E+00,  0.0000000E+00,  0.0000000E+00,  0.0000000E+00,  0.2633309E+07,  0.0000000E+00,  0.1362659E+04,  0.8222747E+05,  0.8396735E+05,  0.4533741E+02,  0.0000000E+00,  0.0000000E+00,  0.0000000E+00,  0.5471381E+04,  0.8441710E+05,  0.5406686E+05,  0.0000000E+00,   15
06/25/2014,  0.7268755E+06,  0.0000000E+00,  0.0000000E+00,  0.5568905E+05,  0.0000000E+00,  0.1268735E+07,  0.0000000E+00,  0.0000000E+00,  0.0000000E+00,  0.0000000E+00,  0.1740882E+09,  0.6570153E+07,  0.5640406E+08,  0.1821944E+11,  0.0000000E+00,  0.4178777E+09,  0.0000000E+00,  0.0000000E+00,  0.0000000E+00,  0.0000000E+00,  0.4311361E+06,  0.0000000E+00,  0.0000000E+00,  0.0000000E+00,  0.0000000E+00,  0.2366768E+07,  0.0000000E+00,  0.1172824E+04,  0.6519909E+05,  0.7602846E+05,  0.4469858E+02,  0.0000000E+00,  0.0000000E+00,  0.0000000E+00,  0.5323819E+04,  0.8411494E+05,  0.5227225E+05,  0.0000000E+00,    9
06/26/2014,  0.7419736E+06,  0.0000000E+00,  0.0000000E+00,  0.5630246E+05,  0.0000000E+00,  0.1265069E+07,  0.0000000E+00,  0.0000000E+00,  0.0000000E+00,  0.0000000E+00,  0.1716946E+09,  0.6550317E+07,  0.5635521E+08,  0.1821909E+11,  0.0000000E+00,  0.4178091E+09,  0.0000000E+00,  0.0000000E+00,  0.0000000E+00,  0.0000000E+00,  0.4449601E+06,  0.0000000E+00,  0.0000000E+00,  0.0000000E+00,  0.0000000E+00,  0.2435818E+07,  0.0000000E+00,  0.1197077E+04,  0.6973449E+05,  0.8071799E+05,  0.4409652E+02,  0.0000000E+00,  0.0000000E+00,  0.0000000E+00,  0.5201302E+04,  0.8395595E+05,  0.5297219E+05,  0.0000000E+00,   13
06/27/2014,  0.7653081E+06,  0.0000000E+00,  0.0000000E+00,  0.5598769E+05,  0.0000000E+00,  0.1261686E+07,  0.0000000E+00,  0.0000000E+00,  0.0000000E+00,  0.0000000E+00,  0.1690994E+09,  0.6530057E+07,  0.5630746E+08,  0.1821874E+11,  0.0000000E+00,  0.4177393E+09,  0.0000000E+00,  0.0000000E+00,  0.0000000E+00,  0.0000000E+00,  0.4726081E+06,  0.0000000E+00,  0.0000000E+00,  0.0000000E+00,  0.0000000E+00,  0.2638043E+07,  0.0000000E+00,  0.1201624E+04,  0.7171422E+05,  0.8227355E+05,  0.4347658E+02,  0.0000000E+00,  0.0000000E+00,  0.0000000E+00,  0.4941252E+04,  0.8354752E+05,  0.5162208E+05,  0.0000000E+00,   17
06/28/2014,  0.7666032E+06,  0.0000000E+00,  0.0000000E+00,  0.5553504E+05,  0.0000000E+00,  0.1256370E+07,  0.0000000E+00,  0.0000000E+00,  0.0000000E+00,  0.0000000E+00,  0.1663040E+09,  0.6509110E+07,  0.5625984E+08,  0.1821838E+11,  0.0000000E+00,  0.4176678E+09,  0.0000000E+00,  0.0000000E+00,  0.0000000E+00,  0.0000000E+00,  0.4769281E+06,  0.0000000E+00,  0.0000000E+00,  0.0000000E+00,  0.0000000E+00,  0.2839195E+07,  0.0000000E+00,  0.1160517E+04,  0.6897952E+05,  0.8354610E+05,  0.4286310E+02,  0.0000000E+00,  0.0000000E+00,  0.0000000E+00,  0.4725207E+04,  0.8310172E+05,  0.5130707E+05,  0.0000000E+00,   27
06/29/2014,  0.7982005E+06,  0.0000000E+00,  0.0000000E+00,  0.5485352E+05,  0.0000000E+00,  0.1248040E+07,  0.0000000E+00,  0.0000000E+00,  0.0000000E+00,  0.0000000E+00,  0.1629345E+09,  0.6487476E+07,  0.5621235E+08,  0.1821801E+11,  0.0000000E+00,  0.4175777E+09,  0.0000000E+00,  0.0000000E+00,  0.0000000E+00,  0.0000000E+00,  0.5140801E+06,  0.0000000E+00,  0.0000000E+00,  0.0000000E+00,  0.0000000E+00,  0.3413899E+07,  0.0000000E+00,  0.1442511E+04,  0.8060026E+05,  0.1081617E+06,  0.4224335E+02,  0.0000000E+00,  0.0000000E+00,  0.0000000E+00,  0.4578425E+04,  0.8220266E+05,  0.5074856E+05,  0.0000000E+00,   13
06/30/2014,  0.7323075E+06,  0.0000000E+00,  0.0000000E+00,  0.5246429E+05,  0.0000000E+00,  0.1233098E+07,  0.0000000E+00,  0.0000000E+00,  0.0000000E+00,  0.0000000E+00,  0.1595762E+09,  0.6462289E+07,  0.5616627E+08,  0.1821763E+11,  0.0000000E+00,  0.4174880E+09,  0.0000000E+00,  0.0000000E+00,  0.0000000E+00,  0.0000000E+00,  0.4501441E+06,  0.0000000E+00,  0.0000000E+00,  0.0000000E+00,  0.0000000E+00,  0.3408119E+07,  0.0000000E+00,  0.1420278E+04,  0.6039619E+05,  0.1111624E+06,  0.4167446E+02,  0.0000000E+00,  0.0000000E+00,  0.0000000E+00,  0.4521687E+04,  0.8160687E+05,  0.4929984E+05,  0.0000000E+00,   16
07/01/2014,  0.6992927E+06,  0.0000000E+00,  0.0000000E+00,  0.5131181E+05,  0.0000000E+00,  0.1229279E+07,  0.0000000E+00,  0.0000000E+00,  0.0000000E+00,  0.0000000E+00,  0.1569655E+09,  0.6438073E+07,  0.5612141E+08,  0.1821730E+11,  0.0000000E+00,  0.4174201E+09,  0.0000000E+00,  0.0000000E+00,  0.0000000E+00,  0.0000000E+00,  0.4181761E+06,  0.0000000E+00,  0.0000000E+00,  0.0000000E+00,  0.0000000E+00,  0.2660865E+07,  0.0000000E+00,  0.1008293E+04,  0.7051193E+05,  0.8566509E+05,  0.4108542E+02,  0.0000000E+00,  0.0000000E+00,  0.0000000E+00,  0.4195219E+04,  0.8149515E+05,  0.4817629E+05,  0.0000000E+00,   15
07/02/2014,  0.6726031E+06,  0.0000000E+00,  0.0000000E+00,  0.5260110E+05,  0.0000000E+00,  0.1236747E+07,  0.0000000E+00,  0.0000000E+00,  0.0000000E+00,  0.0000000E+00,  0.1544424E+09,  0.6419227E+07,  0.5607608E+08,  0.1821695E+11,  0.0000000E+00,  0.4173533E+09,  0.0000000E+00,  0.0000000E+00,  0.0000000E+00,  0.0000000E+00,  0.4026241E+06,  0.0000000E+00,  0.0000000E+00,  0.0000000E+00,  0.0000000E+00,  0.2566801E+07,  0.0000000E+00,  0.8923238E+03,  0.6850742E+05,  0.8186839E+05,  0.4050142E+02,  0.0000000E+00,  0.0000000E+00,  0.0000000E+00,  0.4059927E+04,  0.8152897E+05,  0.4861494E+05,  0.0000000E+00,   18
07/03/2014,  0.6605560E+06,  0.0000000E+00,  0.0000000E+00,  0.5292077E+05,  0.0000000E+00,  0.1233232E+07,  0.0000000E+00,  0.0000000E+00,  0.0000000E+00,  0.0000000E+00,  0.1519545E+09,  0.6400892E+07,  0.5603094E+08,  0.1821658E+11,  0.0000000E+00,  0.4172832E+09,  0.0000000E+00,  0.0000000E+00,  0.0000000E+00,  0.0000000E+00,  0.3931201E+06,  0.0000000E+00,  0.0000000E+00,  0.0000000E+00,  0.0000000E+00,  0.2530656E+07,  0.0000000E+00,  0.8942087E+03,  0.8070831E+05,  0.8467309E+05,  0.3995488E+02,  0.0000000E+00,  0.0000000E+00,  0.0000000E+00,  0.3876701E+04,  0.8130080E+05,  0.4824587E+05,  0.0000000E+00,   21
07/04/2014,  0.6987171E+06,  0.0000000E+00,  0.0000000E+00,  0.5275820E+05,  0.0000000E+00,  0.1223783E+07,  0.0000000E+00,  0.0000000E+00,  0.0000000E+00,  0.0000000E+00,  0.1494669E+09,  0.6381889E+07,  0.5598631E+08,  0.1821624E+11,  0.0000000E+00,  0.4172105E+09,  0.0000000E+00,  0.0000000E+00,  0.0000000E+00,  0.0000000E+00,  0.4268161E+06,  0.0000000E+00,  0.0000000E+00,  0.0000000E+00,  0.0000000E+00,  0.2530264E+07,  0.0000000E+00,  0.9138334E+03,  0.6913981E+05,  0.8855465E+05,  0.3938824E+02,  0.0000000E+00,  0.0000000E+00,  0.0000000E+00,  0.3948385E+04,  0.8039834E+05,  0.4778339E+05,  0.0000000E+00,   13
07/05/2014,  0.6525740E+06,  0.0000000E+00,  0.0000000E+00,  0.5231403E+05,  0.0000000E+00,  0.1211402E+07,  0.0000000E+00,  0.0000000E+00,  0.0000000E+00,  0.0000000E+00,  0.1468637E+09,  0.6362806E+07,  0.5594276E+08,  0.1821588E+11,  0.0000000E+00,  0.4171310E+09,  0.0000000E+00,  0.0000000E+00,  0.0000000E+00,  0.0000000E+00,  0.3810241E+06,  0.0000000E+00,  0.0000000E+00,  0.0000000E+00,  0.0000000E+00,  0.2645944E+07,  0.0000000E+00,  0.9658994E+03,  0.6770455E+05,  0.9818323E+05,  0.3881249E+02,  0.0000000E+00,  0.0000000E+00,  0.0000000E+00,  0.3687966E+04,  0.7970690E+05,  0.4638752E+05,  0.0000000E+00,   17
07/06/2014,  0.6284770E+06,  0.0000000E+00,  0.0000000E+00,  0.5122902E+05,  0.0000000E+00,  0.1203615E+07,  0.0000000E+00,  0.0000000E+00,  0.0000000E+00,  0.0000000E+00,  0.1440602E+09,  0.6342425E+07,  0.5589927E+08,  0.1821553E+11,  0.0000000E+00,  0.4170456E+09,  0.0000000E+00,  0.0000000E+00,  0.0000000E+00,  0.0000000E+00,  0.3611521E+06,  0.0000000E+00,  0.0000000E+00,  0.0000000E+00,  0.0000000E+00,  0.2847875E+07,  0.0000000E+00,  0.1000551E+04,  0.7571968E+05,  0.1075853E+06,  0.3828688E+02,  0.0000000E+00,  0.0000000E+00,  0.0000000E+00,  0.3633317E+04,  0.7883947E+05,  0.4623353E+05,  0.0000000E+00,   12
07/07/2014,  0.6697689E+06,  0.0000000E+00,  0.0000000E+00,  0.4987731E+05,  0.0000000E+00,  0.1205554E+07,  0.0000000E+00,  0.0000000E+00,  0.0000000E+00,  0.0000000E+00,  0.1415893E+09,  0.6321024E+07,  0.5585652E+08,  0.1821520E+11,  0.0000000E+00,  0.4169707E+09,  0.0000000E+00,  0.0000000E+00,  0.0000000E+00,  0.0000000E+00,  0.4138561E+06,  0.0000000E+00,  0.0000000E+00,  0.0000000E+00,  0.0000000E+00,  0.2517778E+07,  0.0000000E+00,  0.8209836E+03,  0.8657687E+05,  0.9706312E+05,  0.3773839E+02,  0.0000000E+00,  0.0000000E+00,  0.0000000E+00,  0.3364416E+04,  0.7870200E+05,  0.4540642E+05,  0.0000000E+00,   17
07/08/2014,  0.6608058E+06,  0.0000000E+00,  0.0000000E+00,  0.5010033E+05,  0.0000000E+00,  0.1205141E+07,  0.0000000E+00,  0.0000000E+00,  0.0000000E+00,  0.0000000E+00,  0.1392458E+09,  0.6302419E+07,  0.5581396E+08,  0.1821486E+11,  0.0000000E+00,  0.4169020E+09,  0.0000000E+00,  0.0000000E+00,  0.0000000E+00,  0.0000000E+00,  0.4095361E+06,  0.0000000E+00,  0.0000000E+00,  0.0000000E+00,  0.0000000E+00,  0.2387261E+07,  0.0000000E+00,  0.6844766E+03,  0.5822913E+05,  0.8832574E+05,  0.3719735E+02,  0.0000000E+00,  0.0000000E+00,  0.0000000E+00,  0.3285902E+04,  0.7854557E+05,  0.4527181E+05,  0.0000000E+00,   17
07/09/2014,  0.6712314E+06,  0.0000000E+00,  0.0000000E+00,  0.5049128E+05,  0.0000000E+00,  0.1202476E+07,  0.0000000E+00,  0.0000000E+00,  0.0000000E+00,  0.0000000E+00,  0.1370956E+09,  0.6285136E+07,  0.5577219E+08,  0.1821455E+11,  0.0000000E+00,  0.4168359E+09,  0.0000000E+00,  0.0000000E+00,  0.0000000E+00,  0.0000000E+00,  0.4216321E+06,  0.0000000E+00,  0.0000000E+00,  0.0000000E+00,  0.0000000E+00,  0.2192175E+07,  0.0000000E+00,  0.6094496E+03,  0.8360131E+05,  0.8421407E+05,  0.3669106E+02,  0.0000000E+00,  0.0000000E+00,  0.0000000E+00,  0.3159848E+04,  0.7840563E+05,  0.4442807E+05,  0.0000000E+00,   16
07/10/2014,  0.6474953E+06,  0.0000000E+00,  0.0000000E+00,  0.5084442E+05,  0.0000000E+00,  0.1201094E+07,  0.0000000E+00,  0.0000000E+00,  0.0000000E+00,  0.0000000E+00,  0.1350707E+09,  0.6268800E+07,  0.5573028E+08,  0.1821419E+11,  0.0000000E+00,  0.4167694E+09,  0.0000000E+00,  0.0000000E+00,  0.0000000E+00,  0.0000000E+00,  0.4008961E+06,  0.0000000E+00,  0.0000000E+00,  0.0000000E+00,  0.0000000E+00,  0.2065483E+07,  0.0000000E+00,  0.5524498E+03,  0.6810671E+05,  0.8356580E+05,  0.3619241E+02,  0.0000000E+00,  0.0000000E+00,  0.0000000E+00,  0.3116572E+04,  0.7818502E+05,  0.4458573E+05,  0.0000000E+00,   20
07/11/2014,  0.5852104E+06,  0.0000000E+00,  0.0000000E+00,  0.5093504E+05,  0.0000000E+00,  0.1195251E+07,  0.0000000E+00,  0.0000000E+00,  0.0000000E+00,  0.0000000E+00,  0.1330935E+09,  0.6252815E+07,  0.5568920E+08,  0.1821387E+11,  0.0000000E+00,  0.4167083E+09,  0.0000000E+00,  0.0000000E+00,  0.0000000E+00,  0.0000000E+00,  0.3360961E+06,  0.0000000E+00,  0.0000000E+00,  0.0000000E+00,  0.0000000E+00,  0.2016955E+07,  0.0000000E+00,  0.4823131E+03,  0.7102835E+05,  0.7609331E+05,  0.3570121E+02,  0.0000000E+00,  0.0000000E+00,  0.0000000E+00,  0.3043448E+04,  0.7779190E+05,  0.4374650E+05,  0.0000000E+00,   17
07/12/2014,  0.5839639E+06,  0.0000000E+00,  0.0000000E+00,  0.5134594E+05,  0.0000000E+00,  0.1195886E+07,  0.0000000E+00,  0.0000000E+00,  0.0000000E+00,  0.0000000E+00,  0.1310068E+09,  0.6237442E+07,  0.5564908E+08,  0.1821354E+11,  0.0000000E+00,  0.4166458E+09,  0.0000000E+00,  0.0000000E+00,  0.0000000E+00,  0.0000000E+00,  0.3395521E+06,  0.0000000E+00,  0.0000000E+00,  0.0000000E+00,  0.0000000E+00,  0.2125059E+07,  0.0000000E+00,  0.4780533E+03,  0.5846934E+05,  0.7691435E+05,  0.3517061E+02,  0.0000000E+00,  0.0000000E+00,  0.0000000E+00,  0.3064683E+04,  0.7741794E+05,  0.4280845E+05,  0.0000000E+00,   11
07/13/2014,  0.5660084E+06,  0.0000000E+00,  0.0000000E+00,  0.5118419E+05,  0.0000000E+00,  0.1191746E+07,  0.0000000E+00,  0.0000000E+00,  0.0000000E+00,  0.0000000E+00,  0.1286582E+09,  0.6221077E+07,  0.5560850E+08,  0.1821319E+11,  0.0000000E+00,  0.4165678E+09,  0.0000000E+00,  0.0000000E+00,  0.0000000E+00,  0.0000000E+00,  0.3274561E+06,  0.0000000E+00,  0.0000000E+00,  0.0000000E+00,  0.0000000E+00,  0.2387602E+07,  0.0000000E+00,  0.5597564E+03,  0.8417496E+05,  0.9612156E+05,  0.3466947E+02,  0.0000000E+00,  0.0000000E+00,  0.0000000E+00,  0.3061409E+04,  0.7690249E+05,  0.4318182E+05,  0.0000000E+00,   21
07/14/2014,  0.5819343E+06,  0.0000000E+00,  0.0000000E+00,  0.4966913E+05,  0.0000000E+00,  0.1183214E+07,  0.0000000E+00,  0.0000000E+00,  0.0000000E+00,  0.0000000E+00,  0.1262405E+09,  0.6202024E+07,  0.5556823E+08,  0.1821284E+11,  0.0000000E+00,  0.4164823E+09,  0.0000000E+00,  0.0000000E+00,  0.0000000E+00,  0.0000000E+00,  0.3481922E+06,  0.0000000E+00,  0.0000000E+00,  0.0000000E+00,  0.0000000E+00,  0.2460329E+07,  0.0000000E+00,  0.5981603E+03,  0.7079642E+05,  0.1089352E+06,  0.3422989E+02,  0.0000000E+00,  0.0000000E+00,  0.0000000E+00,  0.3102192E+04,  0.7639090E+05,  0.4287921E+05,  0.0000000E+00,   27
07/15/2014,  0.5715494E+06,  0.0000000E+00,  0.0000000E+00,  0.4817475E+05,  0.0000000E+00,  0.1177787E+07,  0.0000000E+00,  0.0000000E+00,  0.0000000E+00,  0.0000000E+00,  0.1242632E+09,  0.6182061E+07,  0.5552955E+08,  0.1821252E+11,  0.0000000E+00,  0.4164137E+09,  0.0000000E+00,  0.0000000E+00,  0.0000000E+00,  0.0000000E+00,  0.3378241E+06,  0.0000000E+00,  0.0000000E+00,  0.0000000E+00,  0.0000000E+00,  0.2022432E+07,  0.0000000E+00,  0.4517199E+03,  0.6931844E+05,  0.9100836E+05,  0.3380715E+02,  0.0000000E+00,  0.0000000E+00,  0.0000000E+00,  0.2975292E+04,  0.7631635E+05,  0.4129260E+05,  0.0000000E+00,   11
07/16/2014,  0.5438645E+06,  0.0000000E+00,  0.0000000E+00,  0.4890162E+05,  0.0000000E+00,  0.1173231E+07,  0.0000000E+00,  0.0000000E+00,  0.0000000E+00,  0.0000000E+00,  0.1224968E+09,  0.6166023E+07,  0.5549010E+08,  0.1821221E+11,  0.0000000E+00,  0.4163508E+09,  0.0000000E+00,  0.0000000E+00,  0.0000000E+00,  0.0000000E+00,  0.3093121E+06,  0.0000000E+00,  0.0000000E+00,  0.0000000E+00,  0.0000000E+00,  0.1806751E+07,  0.0000000E+00,  0.3864324E+03,  0.6718564E+05,  0.8266848E+05,  0.3340026E+02,  0.0000000E+00,  0.0000000E+00,  0.0000000E+00,  0.2937439E+04,  0.7617346E+05,  0.4210569E+05,  0.0000000E+00,   19
07/17/2014,  0.5138045E+06,  0.0000000E+00,  0.0000000E+00,  0.4938741E+05,  0.0000000E+00,  0.1161331E+07,  0.0000000E+00,  0.0000000E+00,  0.0000000E+00,  0.0000000E+00,  0.1208293E+09,  0.6151418E+07,  0.5545147E+08,  0.1821188E+11,  0.0000000E+00,  0.4162907E+09,  0.0000000E+00,  0.0000000E+00,  0.0000000E+00,  0.0000000E+00,  0.2704322E+06,  0.0000000E+00,  0.0000000E+00,  0.0000000E+00,  0.0000000E+00,  0.1705701E+07,  0.0000000E+00,  0.3519352E+03,  0.7670242E+05,  0.7766457E+05,  0.3297781E+02,  0.0000000E+00,  0.0000000E+00,  0.0000000E+00,  0.2870187E+04,  0.7584339E+05,  0.4123719E+05,  0.0000000E+00,   31
07/18/2014,  0.5524555E+06,  0.0000000E+00,  0.0000000E+00,  0.4984848E+05,  0.0000000E+00,  0.1161116E+07,  0.0000000E+00,  0.0000000E+00,  0.0000000E+00,  0.0000000E+00,  0.1191288E+09,  0.6137442E+07,  0.5541322E+08,  0.1821156E+11,  0.0000000E+00,  0.4162297E+09,  0.0000000E+00,  0.0000000E+00,  0.0000000E+00,  0.0000000E+00,  0.3119042E+06,  0.0000000E+00,  0.0000000E+00,  0.0000000E+00,  0.0000000E+00,  0.1737434E+07,  0.0000000E+00,  0.3240693E+03,  0.7753060E+05,  0.7802553E+05,  0.3259777E+02,  0.0000000E+00,  0.0000000E+00,  0.0000000E+00,  0.2916711E+04,  0.7578230E+05,  0.4093883E+05,  0.0000000E+00,   19
07/19/2014,  0.5482862E+06,  0.0000000E+00,  0.0000000E+00,  0.4985198E+05,  0.0000000E+00,  0.1156510E+07,  0.0000000E+00,  0.0000000E+00,  0.0000000E+00,  0.0000000E+00,  0.1173270E+09,  0.6122971E+07,  0.5537526E+08,  0.1821123E+11,  0.0000000E+00,  0.4161600E+09,  0.0000000E+00,  0.0000000E+00,  0.0000000E+00,  0.0000000E+00,  0.3110402E+06,  0.0000000E+00,  0.0000000E+00,  0.0000000E+00,  0.0000000E+00,  0.1838991E+07,  0.0000000E+00,  0.3390996E+03,  0.6416879E+05,  0.8942945E+05,  0.3220029E+02,  0.0000000E+00,  0.0000000E+00,  0.0000000E+00,  0.2835714E+04,  0.7545638E+05,  0.4054909E+05,  0.0000000E+00,   18
07/20/2014,  0.5386277E+06,  0.0000000E+00,  0.0000000E+00,  0.4905406E+05,  0.0000000E+00,  0.1152890E+07,  0.0000000E+00,  0.0000000E+00,  0.0000000E+00,  0.0000000E+00,  0.1156465E+09,  0.6106968E+07,  0.5533806E+08,  0.1821090E+11,  0.0000000E+00,  0.4160953E+09,  0.0000000E+00,  0.0000000E+00,  0.0000000E+00,  0.0000000E+00,  0.3041282E+06,  0.0000000E+00,  0.0000000E+00,  0.0000000E+00,  0.0000000E+00,  0.1719863E+07,  0.0000000E+00,  0.3134232E+03,  0.6708180E+05,  0.8465304E+05,  0.3184458E+02,  0.0000000E+00,  0.0000000E+00,  0.0000000E+00,  0.2902406E+04,  0.7532753E+05,  0.3987682E+05,  0.0000000E+00,   17
07/21/2014,  0.5384098E+06,  0.6501961E+03,  0.0000000E+00,  0.4944621E+05,  0.0000000E+00,  0.1151860E+07,  0.2659356E+06,  0.0000000E+00,  0.0000000E+00,  0.0000000E+00,  0.1144090E+09,  0.6096529E+07,  0.5530834E+08,  0.1821060E+11,  0.0000000E+00,  0.4160357E+09,  0.0000000E+00,  0.6236163E+06,  0.0000000E+00,  0.0000000E+00,  0.3058562E+06,  0.0000000E+00,  0.0000000E+00,  0.0000000E+00,  0.0000000E+00,  0.1502585E+07,  0.0000000E+00,  0.4300663E+03,  0.6232593E+05,  0.7940438E+05,  0.3150061E+02,  0.0000000E+00,  0.0000000E+00,  0.0000000E+00,  0.1690983E+05,  0.7532327E+05,  0.4628422E+05,  0.2456201E+06,   20
07/22/2014,  0.5773714E+06,  0.0000000E+00,  0.0000000E+00,  0.5004667E+05,  0.0000000E+00,  0.1151576E+07,  0.0000000E+00,  0.0000000E+00,  0.0000000E+00,  0.0000000E+00,  0.1128598E+09,  0.6083577E+07,  0.5527031E+08,  0.1821030E+11,  0.0000000E+00,  0.4159727E+09,  0.0000000E+00,  0.0000000E+00,  0.0000000E+00,  0.0000000E+00,  0.3490562E+06,  0.2659356E+06,  0.0000000E+00,  0.0000000E+00,  0.0000000E+00,  0.1584510E+07,  0.0000000E+00,  0.3133211E+03,  0.8058197E+05,  0.8236793E+05,  0.3109239E+02,  0.0000000E+00,  0.0000000E+00,  0.0000000E+00,  0.2785138E+04,  0.7520706E+05,  0.4061962E+05,  0.0000000E+00,   19
07/23/2014,  0.5283514E+06,  0.0000000E+00,  0.0000000E+00,  0.4994155E+05,  0.0000000E+00,  0.1146441E+07,  0.0000000E+00,  0.0000000E+00,  0.0000000E+00,  0.0000000E+00,  0.1112834E+09,  0.6069511E+07,  0.5523386E+08,  0.1820999E+11,  0.0000000E+00,  0.4159132E+09,  0.0000000E+00,  0.0000000E+00,  0.0000000E+00,  0.0000000E+00,  0.2989442E+06,  0.0000000E+00,  0.0000000E+00,  0.0000000E+00,  0.0000000E+00,  0.1612565E+07,  0.0000000E+00,  0.2705542E+03,  0.7487680E+05,  0.7823009E+05,  0.3076696E+02,  0.0000000E+00,  0.0000000E+00,  0.0000000E+00,  0.2858416E+04,  0.7490235E+05,  0.3911126E+05,  0.0000000E+00,   18
07/24/2014,  0.4958048E+06,  0.0000000E+00,  0.0000000E+00,  0.4959381E+05,  0.0000000E+00,  0.1143170E+07,  0.0000000E+00,  0.0000000E+00,  0.0000000E+00,  0.0000000E+00,  0.1095270E+09,  0.6054854E+07,  0.5519738E+08,  0.1820968E+11,  0.0000000E+00,  0.4158466E+09,  0.0000000E+00,  0.0000000E+00,  0.0000000E+00,  0.0000000E+00,  0.2704322E+06,  0.0000000E+00,  0.0000000E+00,  0.0000000E+00,  0.0000000E+00,  0.1793105E+07,  0.0000000E+00,  0.2879534E+03,  0.7010799E+05,  0.8724935E+05,  0.3045140E+02,  0.0000000E+00,  0.0000000E+00,  0.0000000E+00,  0.2836401E+04,  0.7453026E+05,  0.3911400E+05,  0.0000000E+00,   24
07/25/2014,  0.5085929E+06,  0.0000000E+00,  0.0000000E+00,  0.4861108E+05,  0.0000000E+00,  0.1137734E+07,  0.0000000E+00,  0.0000000E+00,  0.0000000E+00,  0.0000000E+00,  0.1075192E+09,  0.6038506E+07,  0.5516045E+08,  0.1820936E+11,  0.0000000E+00,  0.4157653E+09,  0.0000000E+00,  0.0000000E+00,  0.0000000E+00,  0.0000000E+00,  0.2903042E+06,  0.0000000E+00,  0.0000000E+00,  0.0000000E+00,  0.0000000E+00,  0.2046830E+07,  0.0000000E+00,  0.3315530E+03,  0.8390697E+05,  0.1074768E+06,  0.3014512E+02,  0.0000000E+00,  0.0000000E+00,  0.0000000E+00,  0.2797712E+04,  0.7410984E+05,  0.3947885E+05,  0.0000000E+00,   26
07/26/2014,  0.4884206E+06,  0.0000000E+00,  0.0000000E+00,  0.4657746E+05,  0.0000000E+00,  0.1128171E+07,  0.0000000E+00,  0.0000000E+00,  0.0000000E+00,  0.0000000E+00,  0.1054825E+09,  0.6019473E+07,  0.5512467E+08,  0.1820903E+11,  0.0000000E+00,  0.4156834E+09,  0.0000000E+00,  0.0000000E+00,  0.0000000E+00,  0.0000000E+00,  0.2730242E+06,  0.0000000E+00,  0.0000000E+00,  0.0000000E+00,  0.0000000E+00,  0.2079965E+07,  0.0000000E+00,  0.3153493E+03,  0.7856465E+05,  0.1119477E+06,  0.2984759E+02,  0.0000000E+00,  0.0000000E+00,  0.0000000E+00,  0.2803618E+04,  0.7363449E+05,  0.3834220E+05,  0.0000000E+00,   33
07/27/2014,  0.4455220E+06,  0.0000000E+00,  0.0000000E+00,  0.4538947E+05,  0.0000000E+00,  0.1122038E+07,  0.0000000E+00,  0.0000000E+00,  0.0000000E+00,  0.0000000E+00,  0.1036520E+09,  0.6000637E+07,  0.5508905E+08,  0.1820869E+11,  0.0000000E+00,  0.4156120E+09,  0.0000000E+00,  0.0000000E+00,  0.0000000E+00,  0.0000000E+00,  0.2315522E+06,  0.0000000E+00,  0.0000000E+00,  0.0000000E+00,  0.0000000E+00,  0.1874701E+07,  0.0000000E+00,  0.2609881E+03,  0.6405951E+05,  0.1012558E+06,  0.2952747E+02,  0.0000000E+00,  0.0000000E+00,  0.0000000E+00,  0.2754969E+04,  0.7352075E+05,  0.3819287E+05,  0.0000000E+00,   24
07/28/2014,  0.4150461E+06,  0.0000000E+00,  0.0000000E+00,  0.4538911E+05,  0.0000000E+00,  0.1118533E+07,  0.0000000E+00,  0.0000000E+00,  0.0000000E+00,  0.0000000E+00,  0.1019279E+09,  0.5984158E+07,  0.5505367E+08,  0.1820838E+11,  0.0000000E+00,  0.4155439E+09,  0.0000000E+00,  0.0000000E+00,  0.0000000E+00,  0.0000000E+00,  0.2030402E+06,  0.0000000E+00,  0.0000000E+00,  0.0000000E+00,  0.0000000E+00,  0.1765818E+07,  0.0000000E+00,  0.2369872E+03,  0.6095734E+05,  0.9762521E+05,  0.2921423E+02,  0.0000000E+00,  0.0000000E+00,  0.0000000E+00,  0.2640606E+04,  0.7321955E+05,  0.3785739E+05,  0.0000000E+00,   19
07/29/2014,  0.4322394E+06,  0.0000000E+00,  0.0000000E+00,  0.4544739E+05,  0.0000000E+00,  0.1117255E+07,  0.0000000E+00,  0.0000000E+00,  0.0000000E+00,  0.0000000E+00,  0.1001971E+09,  0.5968641E+07,  0.5501873E+08,  0.1820807E+11,  0.0000000E+00,  0.4154730E+09,  0.0000000E+00,  0.0000000E+00,  0.0000000E+00,  0.0000000E+00,  0.2255042E+06,  0.0000000E+00,  0.0000000E+00,  0.0000000E+00,  0.0000000E+00,  0.1771363E+07,  0.0000000E+00,  0.2165464E+03,  0.7343317E+05,  0.1015598E+06,  0.2893733E+02,  0.0000000E+00,  0.0000000E+00,  0.0000000E+00,  0.2570732E+04,  0.7308547E+05,  0.3736802E+05,  0.0000000E+00,   17
07/30/2014,  0.4241874E+06,  0.0000000E+00,  0.0000000E+00,  0.4508231E+05,  0.0000000E+00,  0.1115468E+07,  0.0000000E+00,  0.0000000E+00,  0.0000000E+00,  0.0000000E+00,  0.9845557E+08,  0.5952815E+07,  0.5498398E+08,  0.1820776E+11,  0.0000000E+00,  0.4154043E+09,  0.0000000E+00,  0.0000000E+00,  0.0000000E+00,  0.0000000E+00,  0.2220482E+06,  0.0000000E+00,  0.0000000E+00,  0.0000000E+00,  0.0000000E+00,  0.1782654E+07,  0.0000000E+00,  0.1789788E+03,  0.7394365E+05,  0.9958812E+05,  0.2866737E+02,  0.0000000E+00,  0.0000000E+00,  0.0000000E+00,  0.2562102E+04,  0.7299123E+05,  0.3720426E+05,  0.0000000E+00,   27
07/31/2014,  0.4337677E+06,  0.0000000E+00,  0.0000000E+00,  0.4484058E+05,  0.0000000E+00,  0.1109925E+07,  0.0000000E+00,  0.0000000E+00,  0.0000000E+00,  0.0000000E+00,  0.9670308E+08,  0.5937004E+07,  0.5494951E+08,  0.1820744E+11,  0.0000000E+00,  0.4153326E+09,  0.0000000E+00,  0.0000000E+00,  0.0000000E+00,  0.0000000E+00,  0.2332802E+06,  0.0000000E+00,  0.0000000E+00,  0.0000000E+00,  0.0000000E+00,  0.1793681E+07,  0.0000000E+00,  0.1993164E+03,  0.6960399E+05,  0.1038242E+06,  0.2840396E+02,  0.0000000E+00,  0.0000000E+00,  0.0000000E+00,  0.2549786E+04,  0.7278886E+05,  0.3689792E+05,  0.0000000E+00,   27
08/01/2014,  0.4353112E+06,  0.0000000E+00,  0.0000000E+00,  0.4435553E+05,  0.0000000E+00,  0.1106244E+07,  0.0000000E+00,  0.0000000E+00,  0.0000000E+00,  0.0000000E+00,  0.9500279E+08,  0.5920915E+07,  0.5491577E+08,  0.1820713E+11,  0.0000000E+00,  0.4152640E+09,  0.0000000E+00,  0.0000000E+00,  0.0000000E+00,  0.0000000E+00,  0.2376002E+06,  0.0000000E+00,  0.0000000E+00,  0.0000000E+00,  0.0000000E+00,  0.1742288E+07,  0.0000000E+00,  0.1800856E+03,  0.7099373E+05,  0.1012349E+06,  0.2814672E+02,  0.0000000E+00,  0.0000000E+00,  0.0000000E+00,  0.2416449E+04,  0.7268657E+05,  0.3605056E+05,  0.0000000E+00,   18
08/02/2014,  0.4058535E+06,  0.0000000E+00,  0.0000000E+00,  0.4432138E+05,  0.0000000E+00,  0.1102840E+07,  0.0000000E+00,  0.0000000E+00,  0.0000000E+00,  0.0000000E+00,  0.9348632E+08,  0.5905575E+07,  0.5488226E+08,  0.1820682E+11,  0.0000000E+00,  0.4152009E+09,  0.0000000E+00,  0.0000000E+00,  0.0000000E+00,  0.0000000E+00,  0.2090882E+06,  0.0000000E+00,  0.0000000E+00,  0.0000000E+00,  0.0000000E+00,  0.1557711E+07,  0.0000000E+00,  0.1357147E+03,  0.6623646E+05,  0.9503639E+05,  0.2789528E+02,  0.0000000E+00,  0.0000000E+00,  0.0000000E+00,  0.2415952E+04,  0.7265456E+05,  0.3585551E+05,  0.0000000E+00,   15
08/03/2014,  0.4977289E+06,  0.0000000E+00,  0.0000000E+00,  0.4479639E+05,  0.0000000E+00,  0.1105800E+07,  0.0000000E+00,  0.0000000E+00,  0.0000000E+00,  0.0000000E+00,  0.9219880E+08,  0.5891805E+07,  0.5484904E+08,  0.1820654E+11,  0.0000000E+00,  0.4151501E+09,  0.0000000E+00,  0.0000000E+00,  0.0000000E+00,  0.0000000E+00,  0.3032642E+06,  0.0000000E+00,  0.0000000E+00,  0.0000000E+00,  0.0000000E+00,  0.1326928E+07,  0.0000000E+00,  0.1134137E+03,  0.5896137E+05,  0.7867460E+05,  0.2764932E+02,  0.0000000E+00,  0.0000000E+00,  0.0000000E+00,  0.2423760E+04,  0.7286545E+05,  0.3559879E+05,  0.0000000E+00,   15
08/04/2014,  0.4608299E+06,  0.0000000E+00,  0.0000000E+00,  0.4611546E+05,  0.0000000E+00,  0.1104513E+07,  0.0000000E+00,  0.0000000E+00,  0.0000000E+00,  0.0000000E+00,  0.9098775E+08,  0.5880468E+07,  0.5481593E+08,  0.1820627E+11,  0.0000000E+00,  0.4150990E+09,  0.0000000E+00,  0.0000000E+00,  0.0000000E+00,  0.0000000E+00,  0.2661122E+06,  0.0000000E+00,  0.0000000E+00,  0.0000000E+00,  0.0000000E+00,  0.1246651E+07,  0.0000000E+00,  0.1270473E+03,  0.6610074E+05,  0.7665065E+05,  0.2733115E+02,  0.0000000E+00,  0.0000000E+00,  0.0000000E+00,  0.2472214E+04,  0.7286351E+05,  0.3553005E+05,  0.0000000E+00,   23
08/05/2014,  0.5081374E+06,  0.0000000E+00,  0.0000000E+00,  0.4675910E+05,  0.0000000E+00,  0.1104038E+07,  0.0000000E+00,  0.0000000E+00,  0.0000000E+00,  0.0000000E+00,  0.8964630E+08,  0.5869061E+07,  0.5478286E+08,  0.1820596E+11,  0.0000000E+00,  0.4150379E+09,  0.0000000E+00,  0.0000000E+00,  0.0000000E+00,  0.0000000E+00,  0.3179522E+06,  0.0000000E+00,  0.0000000E+00,  0.0000000E+00,  0.0000000E+00,  0.1376248E+07,  0.0000000E+00,  0.1604999E+03,  0.8065696E+05,  0.8857049E+05,  0.2709331E+02,  0.0000000E+00,  0.0000000E+00,  0.0000000E+00,  0.2548705E+04,  0.7270908E+05,  0.3551976E+05,  0.0000000E+00,   22
08/06/2014,  0.4670465E+06,  0.0000000E+00,  0.0000000E+00,  0.4620340E+05,  0.0000000E+00,  0.1100360E+07,  0.0000000E+00,  0.0000000E+00,  0.0000000E+00,  0.0000000E+00,  0.8836902E+08,  0.5855624E+07,  0.5475021E+08,  0.1820568E+11,  0.0000000E+00,  0.4149812E+09,  0.0000000E+00,  0.0000000E+00,  0.0000000E+00,  0.0000000E+00,  0.2773442E+06,  0.0000000E+00,  0.0000000E+00,  0.0000000E+00,  0.0000000E+00,  0.1314712E+07,  0.0000000E+00,  0.1342437E+03,  0.7496633E+05,  0.8394441E+05,  0.2682919E+02,  0.0000000E+00,  0.0000000E+00,  0.0000000E+00,  0.2455075E+04,  0.7265978E+05,  0.3504237E+05,  0.0000000E+00,   18
08/07/2014,  0.4540705E+06,  0.0000000E+00,  0.0000000E+00,  0.4647971E+05,  0.0000000E+00,  0.1100546E+07,  0.0000000E+00,  0.0000000E+00,  0.0000000E+00,  0.0000000E+00,  0.8714593E+08,  0.5842819E+07,  0.5471821E+08,  0.1820540E+11,  0.0000000E+00,  0.4149275E+09,  0.0000000E+00,  0.0000000E+00,  0.0000000E+00,  0.0000000E+00,  0.2678402E+06,  0.0000000E+00,  0.0000000E+00,  0.0000000E+00,  0.0000000E+00,  0.1259487E+07,  0.0000000E+00,  0.1163349E+03,  0.5253148E+05,  0.8004175E+05,  0.2659937E+02,  0.0000000E+00,  0.0000000E+00,  0.0000000E+00,  0.2480145E+04,  0.7256611E+05,  0.3442872E+05,  0.0000000E+00,   18
08/08/2014,  0.4261221E+06,  0.0000000E+00,  0.0000000E+00,  0.4674373E+05,  0.0000000E+00,  0.1097171E+07,  0.0000000E+00,  0.0000000E+00,  0.0000000E+00,  0.0000000E+00,  0.8595692E+08,  0.5830377E+07,  0.5468632E+08,  0.1820512E+11,  0.0000000E+00,  0.4148742E+09,  0.0000000E+00,  0.0000000E+00,  0.0000000E+00,  0.0000000E+00,  0.2376002E+06,  0.0000000E+00,  0.0000000E+00,  0.0000000E+00,  0.0000000E+00,  0.1224557E+07,  0.0000000E+00,  0.1000691E+03,  0.6234679E+05,  0.7886480E+05,  0.2637375E+02,  0.0000000E+00,  0.0000000E+00,  0.0000000E+00,  0.2511383E+04,  0.7236302E+05,  0.3436242E+05,  0.0000000E+00,   11
08/09/2014,  0.4575542E+06,  0.0000000E+00,  0.0000000E+00,  0.4694274E+05,  0.0000000E+00,  0.1095204E+07,  0.0000000E+00,  0.0000000E+00,  0.0000000E+00,  0.0000000E+00,  0.8485884E+08,  0.5818006E+07,  0.5465464E+08,  0.1820485E+11,  0.0000000E+00,  0.4148251E+09,  0.0000000E+00,  0.0000000E+00,  0.0000000E+00,  0.0000000E+00,  0.2687042E+06,  0.0000000E+00,  0.0000000E+00,  0.0000000E+00,  0.0000000E+00,  0.1133331E+07,  0.0000000E+00,  0.7960262E+02,  0.5074555E+05,  0.7327824E+05,  0.2615210E+02,  0.0000000E+00,  0.0000000E+00,  0.0000000E+00,  0.2532658E+04,  0.7236812E+05,  0.3420426E+05,  0.0000000E+00,   17
08/10/2014,  0.4745352E+06,  0.0000000E+00,  0.0000000E+00,  0.4746605E+05,  0.0000000E+00,  0.1094350E+07,  0.0000000E+00,  0.0000000E+00,  0.0000000E+00,  0.0000000E+00,  0.8373974E+08,  0.5806403E+07,  0.5462330E+08,  0.1820459E+11,  0.0000000E+00,  0.4147723E+09,  0.0000000E+00,  0.0000000E+00,  0.0000000E+00,  0.0000000E+00,  0.2885762E+06,  0.0000000E+00,  0.0000000E+00,  0.0000000E+00,  0.0000000E+00,  0.1152927E+07,  0.0000000E+00,  0.7997563E+02,  0.5981636E+05,  0.7718562E+05,  0.2593421E+02,  0.0000000E+00,  0.0000000E+00,  0.0000000E+00,  0.2578098E+04,  0.7227541E+05,  0.3389976E+05,  0.0000000E+00,   21
08/11/2014,  0.4673764E+06,  0.0000000E+00,  0.0000000E+00,  0.4737026E+05,  0.0000000E+00,  0.1093069E+07,  0.0000000E+00,  0.0000000E+00,  0.0000000E+00,  0.0000000E+00,  0.8262695E+08,  0.5794061E+07,  0.5459209E+08,  0.1820431E+11,  0.0000000E+00,  0.4147175E+09,  0.0000000E+00,  0.0000000E+00,  0.0000000E+00,  0.0000000E+00,  0.2851202E+06,  0.0000000E+00,  0.0000000E+00,  0.0000000E+00,  0.0000000E+00,  0.1147357E+07,  0.0000000E+00,  0.9771984E+02,  0.6816576E+05,  0.8010437E+05,  0.2571989E+02,  0.0000000E+00,  0.0000000E+00,  0.0000000E+00,  0.2618378E+04,  0.7222865E+05,  0.3378999E+05,  0.0000000E+00,   15
08/12/2014,  0.4525684E+06,  0.0000000E+00,  0.0000000E+00,  0.4720549E+05,  0.0000000E+00,  0.1087406E+07,  0.0000000E+00,  0.0000000E+00,  0.0000000E+00,  0.0000000E+00,  0.8160590E+08,  0.5781422E+07,  0.5456074E+08,  0.1820404E+11,  0.0000000E+00,  0.4146665E+09,  0.0000000E+00,  0.0000000E+00,  0.0000000E+00,  0.0000000E+00,  0.2678402E+06,  0.0000000E+00,  0.0000000E+00,  0.0000000E+00,  0.0000000E+00,  0.1056057E+07,  0.0000000E+00,  0.9441839E+02,  0.6563410E+05,  0.7573564E+05,  0.2547772E+02,  0.0000000E+00,  0.0000000E+00,  0.0000000E+00,  0.2582662E+04,  0.7215787E+05,  0.3389900E+05,  0.0000000E+00,   18
08/13/2014,  0.4295695E+06,  0.0000000E+00,  0.0000000E+00,  0.4747635E+05,  0.0000000E+00,  0.1083931E+07,  0.0000000E+00,  0.0000000E+00,  0.0000000E+00,  0.0000000E+00,  0.8059583E+08,  0.5769604E+07,  0.5452964E+08,  0.1820376E+11,  0.0000000E+00,  0.4146153E+09,  0.0000000E+00,  0.0000000E+00,  0.0000000E+00,  0.0000000E+00,  0.2436482E+06,  0.0000000E+00,  0.0000000E+00,  0.0000000E+00,  0.0000000E+00,  0.1043848E+07,  0.0000000E+00,  0.8296410E+02,  0.5618528E+05,  0.7601018E+05,  0.2526888E+02,  0.0000000E+00,  0.0000000E+00,  0.0000000E+00,  0.2605284E+04,  0.7205417E+05,  0.3368986E+05,  0.0000000E+00,   11
08/14/2014,  0.4367109E+06,  0.0000000E+00,  0.0000000E+00,  0.4750748E+05,  0.0000000E+00,  0.1083455E+07,  0.0000000E+00,  0.0000000E+00,  0.0000000E+00,  0.0000000E+00,  0.7955088E+08,  0.5757665E+07,  0.5449883E+08,  0.1820348E+11,  0.0000000E+00,  0.4145624E+09,  0.0000000E+00,  0.0000000E+00,  0.0000000E+00,  0.0000000E+00,  0.2548802E+06,  0.0000000E+00,  0.0000000E+00,  0.0000000E+00,  0.0000000E+00,  0.1078741E+07,  0.0000000E+00,  0.8578091E+02,  0.6653317E+05,  0.7830532E+05,  0.2506313E+02,  0.0000000E+00,  0.0000000E+00,  0.0000000E+00,  0.2605146E+04,  0.7197240E+05,  0.3338241E+05,  0.0000000E+00,   15
08/15/2014,  0.4438759E+06,  0.0000000E+00,  0.0000000E+00,  0.4729008E+05,  0.0000000E+00,  0.1079541E+07,  0.0000000E+00,  0.0000000E+00,  0.0000000E+00,  0.0000000E+00,  0.7847886E+08,  0.5745074E+07,  0.5445647E+08,  0.1820321E+11,  0.0000000E+00,  0.4145048E+09,  0.0000000E+00,  0.0000000E+00,  0.0000000E+00,  0.0000000E+00,  0.2643842E+06,  0.0000000E+00,  0.0000000E+00,  0.0000000E+00,  0.0000000E+00,  0.1107373E+07,  0.0000000E+00,  0.8935951E+02,  0.8040115E+05,  0.8503218E+05,  0.2486034E+02,  0.0000000E+00,  0.0000000E+00,  0.0000000E+00,  0.2612831E+04,  0.7267563E+05,  0.4494862E+05,  0.0000000E+00,   29
08/16/2014,  0.4205491E+06,  0.0000000E+00,  0.0000000E+00,  0.4678652E+05,  0.0000000E+00,  0.1074050E+07,  0.0000000E+00,  0.0000000E+00,  0.0000000E+00,  0.0000000E+00,  0.7742503E+08,  0.5731694E+07,  0.5442530E+08,  0.1820293E+11,  0.0000000E+00,  0.4144485E+09,  0.0000000E+00,  0.0000000E+00,  0.0000000E+00,  0.0000000E+00,  0.2410562E+06,  0.0000000E+00,  0.0000000E+00,  0.0000000E+00,  0.0000000E+00,  0.1089251E+07,  0.0000000E+00,  0.7482848E+02,  0.6929382E+05,  0.8487367E+05,  0.2466035E+02,  0.0000000E+00,  0.0000000E+00,  0.0000000E+00,  0.2602328E+04,  0.7143996E+05,  0.3374606E+05,  0.0000000E+00,   22
08/17/2014,  0.3952169E+06,  0.0000000E+00,  0.0000000E+00,  0.4655948E+05,  0.0000000E+00,  0.1070949E+07,  0.0000000E+00,  0.0000000E+00,  0.0000000E+00,  0.0000000E+00,  0.7642530E+08,  0.5718527E+07,  0.5439410E+08,  0.1820266E+11,  0.0000000E+00,  0.4143958E+09,  0.0000000E+00,  0.0000000E+00,  0.0000000E+00,  0.0000000E+00,  0.2160002E+06,  0.0000000E+00,  0.0000000E+00,  0.0000000E+00,  0.0000000E+00,  0.1035055E+07,  0.0000000E+00,  0.6458517E+02,  0.7001499E+05,  0.8121060E+05,  0.2446305E+02,  0.0000000E+00,  0.0000000E+00,  0.0000000E+00,  0.2627218E+04,  0.7134164E+05,  0.3382891E+05,  0.0000000E+00,   15
08/18/2014,  0.3915285E+06,  0.0000000E+00,  0.0000000E+00,  0.4659473E+05,  0.0000000E+00,  0.1070095E+07,  0.0000000E+00,  0.0000000E+00,  0.0000000E+00,  0.0000000E+00,  0.7549455E+08,  0.5706139E+07,  0.5436393E+08,  0.1820238E+11,  0.0000000E+00,  0.4143493E+09,  0.0000000E+00,  0.0000000E+00,  0.0000000E+00,  0.0000000E+00,  0.2142722E+06,  0.0000000E+00,  0.0000000E+00,  0.0000000E+00,  0.0000000E+00,  0.9652301E+06,  0.0000000E+00,  0.7227249E+02,  0.7291110E+05,  0.7339670E+05,  0.2426833E+02,  0.0000000E+00,  0.0000000E+00,  0.0000000E+00,  0.2612851E+04,  0.7131226E+05,  0.3276449E+05,  0.0000000E+00,   12
08/19/2014,  0.4083604E+06,  0.0000000E+00,  0.0000000E+00,  0.4715621E+05,  0.0000000E+00,  0.1071245E+07,  0.0000000E+00,  0.0000000E+00,  0.0000000E+00,  0.0000000E+00,  0.7461700E+08,  0.5694854E+07,  0.5433269E+08,  0.1820212E+11,  0.0000000E+00,  0.4143038E+09,  0.0000000E+00,  0.0000000E+00,  0.0000000E+00,  0.0000000E+00,  0.2324162E+06,  0.0000000E+00,  0.0000000E+00,  0.0000000E+00,  0.0000000E+00,  0.9104712E+06,  0.0000000E+00,  0.7489978E+02,  0.7351315E+05,  0.7155921E+05,  0.2404514E+02,  0.0000000E+00,  0.0000000E+00,  0.0000000E+00,  0.2578776E+04,  0.7137482E+05,  0.3379938E+05,  0.0000000E+00,   18
08/20/2014,  0.4587121E+06,  0.0000000E+00,  0.0000000E+00,  0.4754542E+05,  0.0000000E+00,  0.1071449E+07,  0.0000000E+00,  0.0000000E+00,  0.0000000E+00,  0.0000000E+00,  0.7378088E+08,  0.5683869E+07,  0.5430308E+08,  0.1820186E+11,  0.0000000E+00,  0.4142603E+09,  0.0000000E+00,  0.0000000E+00,  0.0000000E+00,  0.0000000E+00,  0.2842562E+06,  0.0000000E+00,  0.0000000E+00,  0.0000000E+00,  0.0000000E+00,  0.8684036E+06,  0.0000000E+00,  0.6592695E+02,  0.7380987E+05,  0.6861593E+05,  0.2385466E+02,  0.0000000E+00,  0.0000000E+00,  0.0000000E+00,  0.2681953E+04,  0.7153754E+05,  0.3228227E+05,  0.0000000E+00,   15
08/21/2014,  0.4448677E+06,  0.0000000E+00,  0.0000000E+00,  0.4787005E+05,  0.0000000E+00,  0.1067286E+07,  0.0000000E+00,  0.0000000E+00,  0.0000000E+00,  0.0000000E+00,  0.7285628E+08,  0.5672987E+07,  0.5427343E+08,  0.1820160E+11,  0.0000000E+00,  0.4142085E+09,  0.0000000E+00,  0.0000000E+00,  0.0000000E+00,  0.0000000E+00,  0.2712962E+06,  0.0000000E+00,  0.0000000E+00,  0.0000000E+00,  0.0000000E+00,  0.9561154E+06,  0.0000000E+00,  0.7333325E+02,  0.7513394E+05,  0.7899519E+05,  0.2363564E+02,  0.0000000E+00,  0.0000000E+00,  0.0000000E+00,  0.2699154E+04,  0.7120644E+05,  0.3232548E+05,  0.0000000E+00,   20
08/22/2014,  0.4192237E+06,  0.0000000E+00,  0.0000000E+00,  0.4728042E+05,  0.0000000E+00,  0.1065149E+07,  0.0000000E+00,  0.0000000E+00,  0.0000000E+00,  0.0000000E+00,  0.7201317E+08,  0.5660540E+07,  0.5424399E+08,  0.1820134E+11,  0.0000000E+00,  0.4141641E+09,  0.0000000E+00,  0.0000000E+00,  0.0000000E+00,  0.0000000E+00,  0.2462402E+06,  0.0000000E+00,  0.0000000E+00,  0.0000000E+00,  0.0000000E+00,  0.8768483E+06,  0.0000000E+00,  0.7283369E+02,  0.7585148E+05,  0.7085495E+05,  0.2340180E+02,  0.0000000E+00,  0.0000000E+00,  0.0000000E+00,  0.2684846E+04,  0.7126585E+05,  0.3210488E+05,  0.0000000E+00,   16
08/23/2014,  0.4115045E+06,  0.0000000E+00,  0.0000000E+00,  0.4769251E+05,  0.0000000E+00,  0.1065028E+07,  0.0000000E+00,  0.0000000E+00,  0.0000000E+00,  0.0000000E+00,  0.7118705E+08,  0.5649234E+07,  0.5421476E+08,  0.1820106E+11,  0.0000000E+00,  0.4141179E+09,  0.0000000E+00,  0.0000000E+00,  0.0000000E+00,  0.0000000E+00,  0.2410562E+06,  0.0000000E+00,  0.0000000E+00,  0.0000000E+00,  0.0000000E+00,  0.8582388E+06,  0.0000000E+00,  0.8047054E+02,  0.6801810E+05,  0.7310752E+05,  0.2321679E+02,  0.0000000E+00,  0.0000000E+00,  0.0000000E+00,  0.2666994E+04,  0.7118100E+05,  0.3186905E+05,  0.0000000E+00,   19
08/24/2014,  0.3914176E+06,  0.0000000E+00,  0.0000000E+00,  0.4761759E+05,  0.0000000E+00,  0.1062754E+07,  0.0000000E+00,  0.0000000E+00,  0.0000000E+00,  0.0000000E+00,  0.7038956E+08,  0.5637742E+07,  0.5418598E+08,  0.1820080E+11,  0.0000000E+00,  0.4140724E+09,  0.0000000E+00,  0.0000000E+00,  0.0000000E+00,  0.0000000E+00,  0.2211842E+06,  0.0000000E+00,  0.0000000E+00,  0.0000000E+00,  0.0000000E+00,  0.8297864E+06,  0.0000000E+00,  0.7294240E+02,  0.7159984E+05,  0.7263442E+05,  0.2303390E+02,  0.0000000E+00,  0.0000000E+00,  0.0000000E+00,  0.2673362E+04,  0.7109751E+05,  0.3143332E+05,  0.0000000E+00,   15
08/25/2014,  0.4183858E+06,  0.0000000E+00,  0.0000000E+00,  0.4772561E+05,  0.0000000E+00,  0.1064376E+07,  0.0000000E+00,  0.0000000E+00,  0.0000000E+00,  0.0000000E+00,  0.6966709E+08,  0.5626512E+07,  0.5415747E+08,  0.1820055E+11,  0.0000000E+00,  0.4140357E+09,  0.0000000E+00,  0.0000000E+00,  0.0000000E+00,  0.0000000E+00,  0.2496962E+06,  0.0000000E+00,  0.0000000E+00,  0.0000000E+00,  0.0000000E+00,  0.7546085E+06,  0.0000000E+00,  0.5428306E+02,  0.6873137E+05,  0.6168127E+05,  0.2285306E+02,  0.0000000E+00,  0.0000000E+00,  0.0000000E+00,  0.2654898E+04,  0.7129809E+05,  0.3116701E+05,  0.0000000E+00,   16
08/26/2014,  0.4154493E+06,  0.0000000E+00,  0.0000000E+00,  0.4850501E+05,  0.0000000E+00,  0.1062598E+07,  0.0000000E+00,  0.0000000E+00,  0.0000000E+00,  0.0000000E+00,  0.6884450E+08,  0.5616395E+07,  0.5412903E+08,  0.1820029E+11,  0.0000000E+00,  0.4139892E+09,  0.0000000E+00,  0.0000000E+00,  0.0000000E+00,  0.0000000E+00,  0.2496962E+06,  0.0000000E+00,  0.0000000E+00,  0.0000000E+00,  0.0000000E+00,  0.8525462E+06,  0.0000000E+00,  0.6710434E+02,  0.5144595E+05,  0.7320651E+05,  0.2267423E+02,  0.0000000E+00,  0.0000000E+00,  0.0000000E+00,  0.2742076E+04,  0.7108979E+05,  0.3117018E+05,  0.0000000E+00,    9
08/27/2014,  0.4078616E+06,  0.0000000E+00,  0.0000000E+00,  0.4781255E+05,  0.0000000E+00,  0.1059842E+07,  0.0000000E+00,  0.0000000E+00,  0.0000000E+00,  0.0000000E+00,  0.6793997E+08,  0.5604142E+07,  0.5410085E+08,  0.1820004E+11,  0.0000000E+00,  0.4139348E+09,  0.0000000E+00,  0.0000000E+00,  0.0000000E+00,  0.0000000E+00,  0.2453762E+06,  0.0000000E+00,  0.0000000E+00,  0.0000000E+00,  0.0000000E+00,  0.9369112E+06,  0.0000000E+00,  0.8826992E+02,  0.6585470E+05,  0.8477942E+05,  0.2249736E+02,  0.0000000E+00,  0.0000000E+00,  0.0000000E+00,  0.2814719E+04,  0.7076449E+05,  0.3095182E+05,  0.0000000E+00,   18
08/28/2014,  0.3934301E+06,  0.0000000E+00,  0.0000000E+00,  0.4673748E+05,  0.0000000E+00,  0.1056598E+07,  0.0000000E+00,  0.0000000E+00,  0.0000000E+00,  0.0000000E+00,  0.6706135E+08,  0.5590298E+07,  0.5407234E+08,  0.1819978E+11,  0.0000000E+00,  0.4138836E+09,  0.0000000E+00,  0.0000000E+00,  0.0000000E+00,  0.0000000E+00,  0.2332802E+06,  0.0000000E+00,  0.0000000E+00,  0.0000000E+00,  0.0000000E+00,  0.9136155E+06,  0.0000000E+00,  0.7886868E+02,  0.7721840E+05,  0.8311839E+05,  0.2232238E+02,  0.0000000E+00,  0.0000000E+00,  0.0000000E+00,  0.2723037E+04,  0.7061213E+05,  0.3120666E+05,  0.0000000E+00,   19
08/29/2014,  0.4064968E+06,  0.0000000E+00,  0.0000000E+00,  0.4653900E+05,  0.0000000E+00,  0.1056903E+07,  0.0000000E+00,  0.0000000E+00,  0.0000000E+00,  0.0000000E+00,  0.6625627E+08,  0.5577190E+07,  0.5404439E+08,  0.1819952E+11,  0.0000000E+00,  0.4138404E+09,  0.0000000E+00,  0.0000000E+00,  0.0000000E+00,  0.0000000E+00,  0.2488322E+06,  0.0000000E+00,  0.0000000E+00,  0.0000000E+00,  0.0000000E+00,  0.8396723E+06,  0.0000000E+00,  0.6601135E+02,  0.5511167E+05,  0.7390771E+05,  0.2214928E+02,  0.0000000E+00,  0.0000000E+00,  0.0000000E+00,  0.2700379E+04,  0.7073232E+05,  0.3063386E+05,  0.0000000E+00,   18
08/30/2014,  0.4182671E+06,  0.0000000E+00,  0.0000000E+00,  0.4693886E+05,  0.0000000E+00,  0.1054450E+07,  0.0000000E+00,  0.0000000E+00,  0.0000000E+00,  0.0000000E+00,  0.6543763E+08,  0.5565532E+07,  0.5401670E+08,  0.1819927E+11,  0.0000000E+00,  0.4137921E+09,  0.0000000E+00,  0.0000000E+00,  0.0000000E+00,  0.0000000E+00,  0.2617922E+06,  0.0000000E+00,  0.0000000E+00,  0.0000000E+00,  0.0000000E+00,  0.8511656E+06,  0.0000000E+00,  0.5773574E+02,  0.6813890E+05,  0.8049665E+05,  0.2197800E+02,  0.0000000E+00,  0.0000000E+00,  0.0000000E+00,  0.2727835E+04,  0.7053823E+05,  0.3041189E+05,  0.0000000E+00,   20
08/31/2014,  0.3879907E+06,  0.0000000E+00,  0.0000000E+00,  0.4656886E+05,  0.0000000E+00,  0.1050993E+07,  0.0000000E+00,  0.0000000E+00,  0.0000000E+00,  0.0000000E+00,  0.6464265E+08,  0.5553067E+07,  0.5398856E+08,  0.1819900E+11,  0.0000000E+00,  0.4137474E+09,  0.0000000E+00,  0.0000000E+00,  0.0000000E+00,  0.0000000E+00,  0.2315522E+06,  0.0000000E+00,  0.0000000E+00,  0.0000000E+00,  0.0000000E+00,  0.8285269E+06,  0.0000000E+00,  0.5634311E+02,  0.6643484E+05,  0.7696277E+05,  0.2180852E+02,  0.0000000E+00,  0.0000000E+00,  0.0000000E+00,  0.2774195E+04,  0.7042860E+05,  0.3090790E+05,  0.0000000E+00,   26
09/01/2014,  0.4031927E+06,  0.0000000E+00,  0.0000000E+00,  0.4657804E+05,  0.0000000E+00,  0.1187216E+07,  0.0000000E+00,  0.0000000E+00,  0.0000000E+00,  0.0000000E+00,  0.6379308E+08,  0.5540906E+07,  0.5396022E+08,  0.1819883E+11,  0.0000000E+00,  0.4135912E+09,  0.0000000E+00,  0.0000000E+00,  0.0000000E+00,  0.0000000E+00,  0.2332802E+06,  0.0000000E+00,  0.0000000E+00,  0.0000000E+00,  0.0000000E+00,  0.8825062E+06,  0.0000000E+00,  0.7973286E+02,  0.6427380E+05,  0.8661115E+05,  0.2164081E+02,  0.0000000E+00,  0.0000000E+00,  0.0000000E+00,  0.2765075E+04,  0.7012543E+05,  0.3107333E+05,  0.0000000E+00,   23
09/02/2014,  0.4166062E+06,  0.0000000E+00,  0.0000000E+00,  0.4594451E+05,  0.0000000E+00,  0.1135155E+07,  0.0000000E+00,  0.0000000E+00,  0.0000000E+00,  0.0000000E+00,  0.6306692E+08,  0.5527784E+07,  0.5393262E+08,  0.1819859E+11,  0.0000000E+00,  0.4135011E+09,  0.0000000E+00,  0.0000000E+00,  0.0000000E+00,  0.0000000E+00,  0.2324162E+06,  0.0000000E+00,  0.0000000E+00,  0.0000000E+00,  0.0000000E+00,  0.7609482E+06,  0.0000000E+00,  0.7018359E+02,  0.6596807E+05,  0.7231110E+05,  0.2144331E+02,  0.0000000E+00,  0.0000000E+00,  0.0000000E+00,  0.2639896E+04,  0.7025009E+05,  0.3021434E+05,  0.0000000E+00,   24
09/03/2014,  0.4052442E+06,  0.0000000E+00,  0.0000000E+00,  0.4666112E+05,  0.0000000E+00,  0.1035911E+07,  0.0000000E+00,  0.0000000E+00,  0.0000000E+00,  0.0000000E+00,  0.6235694E+08,  0.5516933E+07,  0.5390541E+08,  0.1819829E+11,  0.0000000E+00,  0.4134866E+09,  0.0000000E+00,  0.0000000E+00,  0.0000000E+00,  0.0000000E+00,  0.2263682E+06,  0.0000000E+00,  0.0000000E+00,  0.0000000E+00,  0.0000000E+00,  0.7416573E+06,  0.0000000E+00,  0.6391806E+02,  0.7263895E+05,  0.7085718E+05,  0.2127813E+02,  0.0000000E+00,  0.0000000E+00,  0.0000000E+00,  0.2707681E+04,  0.7020165E+05,  0.2989814E+05,  0.0000000E+00,   22
09/04/2014,  0.4426889E+06,  0.0000000E+00,  0.0000000E+00,  0.4693006E+05,  0.0000000E+00,  0.1047054E+07,  0.0000000E+00,  0.0000000E+00,  0.0000000E+00,  0.0000000E+00,  0.6165652E+08,  0.5506115E+07,  0.5387845E+08,  0.1819800E+11,  0.0000000E+00,  0.4134547E+09,  0.0000000E+00,  0.0000000E+00,  0.0000000E+00,  0.0000000E+00,  0.2712962E+06,  0.0000000E+00,  0.0000000E+00,  0.0000000E+00,  0.0000000E+00,  0.7317929E+06,  0.0000000E+00,  0.5510651E+02,  0.5408996E+05,  0.7021672E+05,  0.2111468E+02,  0.0000000E+00,  0.0000000E+00,  0.0000000E+00,  0.2751750E+04,  0.7024467E+05,  0.2970577E+05,  0.0000000E+00,   21
09/05/2014,  0.4589050E+06,  0.0000000E+00,  0.0000000E+00,  0.4711388E+05,  0.0000000E+00,  0.1051863E+07,  0.0000000E+00,  0.0000000E+00,  0.0000000E+00,  0.0000000E+00,  0.6100289E+08,  0.5495308E+07,  0.5385213E+08,  0.1819773E+11,  0.0000000E+00,  0.4134209E+09,  0.0000000E+00,  0.0000000E+00,  0.0000000E+00,  0.0000000E+00,  0.2920322E+06,  0.0000000E+00,  0.0000000E+00,  0.0000000E+00,  0.0000000E+00,  0.6849886E+06,  0.0000000E+00,  0.5076989E+02,  0.5850248E+05,  0.6471781E+05,  0.2095294E+02,  0.0000000E+00,  0.0000000E+00,  0.0000000E+00,  0.2735646E+04,  0.7040196E+05,  0.2905481E+05,  0.0000000E+00,   14
09/06/2014,  0.4465468E+06,  0.0000000E+00,  0.0000000E+00,  0.4759020E+05,  0.0000000E+00,  0.1052835E+07,  0.0000000E+00,  0.0000000E+00,  0.0000000E+00,  0.0000000E+00,  0.6036353E+08,  0.5485021E+07,  0.5382595E+08,  0.1819748E+11,  0.0000000E+00,  0.4133848E+09,  0.0000000E+00,  0.0000000E+00,  0.0000000E+00,  0.0000000E+00,  0.2816642E+06,  0.0000000E+00,  0.0000000E+00,  0.0000000E+00,  0.0000000E+00,  0.6696091E+06,  0.0000000E+00,  0.4869473E+02,  0.5387924E+05,  0.6457375E+05,  0.2079289E+02,  0.0000000E+00,  0.0000000E+00,  0.0000000E+00,  0.2748330E+04,  0.7030764E+05,  0.2892251E+05,  0.0000000E+00,   18
09/07/2014,  0.4564389E+06,  0.0000000E+00,  0.0000000E+00,  0.4781120E+05,  0.0000000E+00,  0.1128088E+07,  0.0000000E+00,  0.0000000E+00,  0.0000000E+00,  0.0000000E+00,  0.5974145E+08,  0.5474582E+07,  0.5379937E+08,  0.1819728E+11,  0.0000000E+00,  0.4132937E+09,  0.0000000E+00,  0.0000000E+00,  0.0000000E+00,  0.0000000E+00,  0.2894401E+06,  0.0000000E+00,  0.0000000E+00,  0.0000000E+00,  0.0000000E+00,  0.6522103E+06,  0.0000000E+00,  0.5239108E+02,  0.5440598E+05,  0.6412566E+05,  0.2063454E+02,  0.0000000E+00,  0.0000000E+00,  0.0000000E+00,  0.2816121E+04,  0.7031888E+05,  0.2938964E+05,  0.0000000E+00,   13
09/08/2014,  0.4511338E+06,  0.0000000E+00,  0.0000000E+00,  0.4802590E+05,  0.0000000E+00,  0.9636694E+06,  0.0000000E+00,  0.0000000E+00,  0.0000000E+00,  0.0000000E+00,  0.5919145E+08,  0.5464227E+07,  0.5377333E+08,  0.1819697E+11,  0.0000000E+00,  0.4133433E+09,  0.0000000E+00,  0.0000000E+00,  0.0000000E+00,  0.0000000E+00,  0.2937601E+06,  0.0000000E+00,  0.0000000E+00,  0.0000000E+00,  0.0000000E+00,  0.5800759E+06,  0.0000000E+00,  0.4747182E+02,  0.5111140E+05,  0.5403284E+05,  0.2044657E+02,  0.0000000E+00,  0.0000000E+00,  0.0000000E+00,  0.2766989E+04,  0.7051796E+05,  0.2879939E+05,  0.0000000E+00,   24
09/09/2014,  0.4301716E+06,  0.0000000E+00,  0.0000000E+00,  0.4884048E+05,  0.0000000E+00,  0.1000163E+07,  0.0000000E+00,  0.0000000E+00,  0.0000000E+00,  0.0000000E+00,  0.5858481E+08,  0.5454897E+07,  0.5373396E+08,  0.1819670E+11,  0.0000000E+00,  0.4133439E+09,  0.0000000E+00,  0.0000000E+00,  0.0000000E+00,  0.0000000E+00,  0.2842561E+06,  0.0000000E+00,  0.0000000E+00,  0.0000000E+00,  0.0000000E+00,  0.6356157E+06,  0.0000000E+00,  0.5464286E+02,  0.5599150E+05,  0.6230428E+05,  0.2029122E+02,  0.0000000E+00,  0.0000000E+00,  0.0000000E+00,  0.2834512E+04,  0.7132863E+05,  0.4219292E+05,  0.0000000E+00,   25
09/10/2014,  0.4394039E+06,  0.0000000E+00,  0.0000000E+00,  0.4847004E+05,  0.0000000E+00,  0.1085364E+07,  0.0000000E+00,  0.0000000E+00,  0.0000000E+00,  0.0000000E+00,  0.5790524E+08,  0.5443968E+07,  0.5370760E+08,  0.1819649E+11,  0.0000000E+00,  0.4132704E+09,  0.0000000E+00,  0.0000000E+00,  0.0000000E+00,  0.0000000E+00,  0.2946241E+06,  0.0000000E+00,  0.0000000E+00,  0.0000000E+00,  0.0000000E+00,  0.7092026E+06,  0.0000000E+00,  0.5216185E+02,  0.7175047E+05,  0.7110163E+05,  0.2013757E+02,  0.0000000E+00,  0.0000000E+00,  0.0000000E+00,  0.2854194E+04,  0.7003042E+05,  0.2921012E+05,  0.0000000E+00,   17
09/11/2014,  0.4295988E+06,  0.0000000E+00,  0.0000000E+00,  0.4768381E+05,  0.0000000E+00,  0.1203630E+07,  0.0000000E+00,  0.0000000E+00,  0.0000000E+00,  0.0000000E+00,  0.5719110E+08,  0.5431530E+07,  0.5368102E+08,  0.1819634E+11,  0.0000000E+00,  0.4131069E+09,  0.0000000E+00,  0.0000000E+00,  0.0000000E+00,  0.0000000E+00,  0.2687041E+06,  0.0000000E+00,  0.0000000E+00,  0.0000000E+00,  0.0000000E+00,  0.7457391E+06,  0.0000000E+00,  0.5489085E+02,  0.5965619E+05,  0.8118063E+05,  0.1998561E+02,  0.0000000E+00,  0.0000000E+00,  0.0000000E+00,  0.2876600E+04,  0.6972224E+05,  0.2945017E+05,  0.0000000E+00,   32
09/12/2014,  0.4494551E+06,  0.0000000E+00,  0.0000000E+00,  0.4671532E+05,  0.0000000E+00,  0.1145703E+07,  0.0000000E+00,  0.0000000E+00,  0.0000000E+00,  0.0000000E+00,  0.5648223E+08,  0.5418233E+07,  0.5365482E+08,  0.1819611E+11,  0.0000000E+00,  0.4130020E+09,  0.0000000E+00,  0.0000000E+00,  0.0000000E+00,  0.0000000E+00,  0.2773441E+06,  0.0000000E+00,  0.0000000E+00,  0.0000000E+00,  0.0000000E+00,  0.7421794E+06,  0.0000000E+00,  0.4839890E+02,  0.6569147E+05,  0.8345993E+05,  0.1983743E+02,  0.0000000E+00,  0.0000000E+00,  0.0000000E+00,  0.2885261E+04,  0.6961604E+05,  0.2907986E+05,  0.0000000E+00,   27
09/13/2014,  0.4453500E+06,  0.0000000E+00,  0.0000000E+00,  0.4610818E+05,  0.0000000E+00,  0.1184204E+07,  0.0000000E+00,  0.0000000E+00,  0.0000000E+00,  0.0000000E+00,  0.5581127E+08,  0.5405694E+07,  0.5361826E+08,  0.1819592E+11,  0.0000000E+00,  0.4128743E+09,  0.0000000E+00,  0.0000000E+00,  0.0000000E+00,  0.0000000E+00,  0.2617921E+06,  0.0000000E+00,  0.0000000E+00,  0.0000000E+00,  0.0000000E+00,  0.7048477E+06,  0.0000000E+00,  0.5706430E+02,  0.5622927E+05,  0.7852329E+05,  0.1969141E+02,  0.0000000E+00,  0.0000000E+00,  0.0000000E+00,  0.2905344E+04,  0.7036126E+05,  0.3945033E+05,  0.0000000E+00,   28
09/14/2014,  0.4063711E+06,  0.0000000E+00,  0.0000000E+00,  0.4618719E+05,  0.0000000E+00,  0.1143551E+07,  0.0000000E+00,  0.0000000E+00,  0.0000000E+00,  0.0000000E+00,  0.5521578E+08,  0.5394700E+07,  0.5359219E+08,  0.1819567E+11,  0.0000000E+00,  0.4127900E+09,  0.0000000E+00,  0.0000000E+00,  0.0000000E+00,  0.0000000E+00,  0.2160001E+06,  0.0000000E+00,  0.0000000E+00,  0.0000000E+00,  0.0000000E+00,  0.6271483E+06,  0.0000000E+00,  0.4794454E+02,  0.7065859E+05,  0.6996722E+05,  0.1954641E+02,  0.0000000E+00,  0.0000000E+00,  0.0000000E+00,  0.2803617E+04,  0.6966570E+05,  0.2886484E+05,  0.0000000E+00,   20
09/15/2014,  0.4363891E+06,  0.0000000E+00,  0.0000000E+00,  0.4671378E+05,  0.0000000E+00,  0.1125362E+07,  0.0000000E+00,  0.0000000E+00,  0.0000000E+00,  0.0000000E+00,  0.5467679E+08,  0.5385745E+07,  0.5356684E+08,  0.1819542E+11,  0.0000000E+00,  0.4127285E+09,  0.0000000E+00,  0.0000000E+00,  0.0000000E+00,  0.0000000E+00,  0.2488321E+06,  0.0000000E+00,  0.0000000E+00,  0.0000000E+00,  0.0000000E+00,  0.5682905E+06,  0.0000000E+00,  0.3822465E+02,  0.5285893E+05,  0.6124912E+05,  0.1940246E+02,  0.0000000E+00,  0.0000000E+00,  0.0000000E+00,  0.2831325E+04,  0.6988689E+05,  0.2818546E+05,  0.0000000E+00,   35
09/16/2014,  0.3936100E+06,  0.0000000E+00,  0.0000000E+00,  0.4739900E+05,  0.0000000E+00,  0.1109520E+07,  0.0000000E+00,  0.0000000E+00,  0.0000000E+00,  0.0000000E+00,  0.5413863E+08,  0.5377840E+07,  0.5354177E+08,  0.1819515E+11,  0.0000000E+00,  0.4126698E+09,  0.0000000E+00,  0.0000000E+00,  0.0000000E+00,  0.0000000E+00,  0.2064961E+06,  0.0000000E+00,  0.0000000E+00,  0.0000000E+00,  0.0000000E+00,  0.5654500E+06,  0.0000000E+00,  0.3531815E+02,  0.6133056E+05,  0.6659647E+05,  0.1925954E+02,  0.0000000E+00,  0.0000000E+00,  0.0000000E+00,  0.2918922E+04,  0.6971016E+05,  0.2799555E+05,  0.0000000E+00,   19
09/17/2014,  0.4221158E+06,  0.0000000E+00,  0.0000000E+00,  0.4733247E+05,  0.0000000E+00,  0.1101868E+07,  0.0000000E+00,  0.0000000E+00,  0.0000000E+00,  0.0000000E+00,  0.5358997E+08,  0.5369559E+07,  0.5351691E+08,  0.1819488E+11,  0.0000000E+00,  0.4126116E+09,  0.0000000E+00,  0.0000000E+00,  0.0000000E+00,  0.0000000E+00,  0.2427841E+06,  0.0000000E+00,  0.0000000E+00,  0.0000000E+00,  0.0000000E+00,  0.5763072E+06,  0.0000000E+00,  0.3297359E+02,  0.5169538E+05,  0.7227585E+05,  0.1908629E+02,  0.0000000E+00,  0.0000000E+00,  0.0000000E+00,  0.2906445E+04,  0.6960197E+05,  0.2777734E+05,  0.0000000E+00,   14
09/18/2014,  0.4319540E+06,  0.0000000E+00,  0.0000000E+00,  0.4707085E+05,  0.0000000E+00,  0.1094672E+07,  0.0000000E+00,  0.0000000E+00,  0.0000000E+00,  0.0000000E+00,  0.5312672E+08,  0.5360895E+07,  0.5349234E+08,  0.1819464E+11,  0.0000000E+00,  0.4125679E+09,  0.0000000E+00,  0.0000000E+00,  0.0000000E+00,  0.0000000E+00,  0.2566081E+06,  0.0000000E+00,  0.0000000E+00,  0.0000000E+00,  0.0000000E+00,  0.4917713E+06,  0.0000000E+00,  0.2339692E+02,  0.4672673E+05,  0.5893758E+05,  0.1894495E+02,  0.0000000E+00,  0.0000000E+00,  0.0000000E+00,  0.2924284E+04,  0.6985615E+05,  0.2751262E+05,  0.0000000E+00,   12
09/19/2014,  0.4830744E+06,  0.0000000E+00,  0.0000000E+00,  0.4802884E+05,  0.0000000E+00,  0.1092279E+07,  0.0000000E+00,  0.0000000E+00,  0.0000000E+00,  0.0000000E+00,  0.5264050E+08,  0.5354081E+07,  0.5346778E+08,  0.1819439E+11,  0.0000000E+00,  0.4125228E+09,  0.0000000E+00,  0.0000000E+00,  0.0000000E+00,  0.0000000E+00,  0.3127681E+06,  0.0000000E+00,  0.0000000E+00,  0.0000000E+00,  0.0000000E+00,  0.5119096E+06,  0.0000000E+00,  0.3021484E+02,  0.6976377E+05,  0.6267604E+05,  0.1880467E+02,  0.0000000E+00,  0.0000000E+00,  0.0000000E+00,  0.2939567E+04,  0.6984345E+05,  0.2750682E+05,  0.0000000E+00,   18
09/20/2014,  0.4880625E+06,  0.0000000E+00,  0.0000000E+00,  0.4802786E+05,  0.0000000E+00,  0.1087128E+07,  0.0000000E+00,  0.0000000E+00,  0.0000000E+00,  0.0000000E+00,  0.5215835E+08,  0.5346431E+07,  0.5344336E+08,  0.1819414E+11,  0.0000000E+00,  0.4124802E+09,  0.0000000E+00,  0.0000000E+00,  0.0000000E+00,  0.0000000E+00,  0.3222721E+06,  0.0000000E+00,  0.0000000E+00,  0.0000000E+00,  0.0000000E+00,  0.5086468E+06,  0.0000000E+00,  0.3036800E+02,  0.5551468E+05,  0.6194845E+05,  0.1866548E+02,  0.0000000E+00,  0.0000000E+00,  0.0000000E+00,  0.2952529E+04,  0.6982910E+05,  0.2738822E+05,  0.0000000E+00,   13
09/21/2014,  0.4680195E+06,  0.0000000E+00,  0.0000000E+00,  0.4815337E+05,  0.0000000E+00,  0.1080766E+07,  0.0000000E+00,  0.0000000E+00,  0.0000000E+00,  0.0000000E+00,  0.5171993E+08,  0.5338745E+07,  0.5341908E+08,  0.1819391E+11,  0.0000000E+00,  0.4124445E+09,  0.0000000E+00,  0.0000000E+00,  0.0000000E+00,  0.0000000E+00,  0.3006721E+06,  0.0000000E+00,  0.0000000E+00,  0.0000000E+00,  0.0000000E+00,  0.4648698E+06,  0.0000000E+00,  0.2595261E+02,  0.5491375E+05,  0.5526922E+05,  0.1852736E+02,  0.0000000E+00,  0.0000000E+00,  0.0000000E+00,  0.2958898E+04,  0.6988460E+05,  0.2725316E+05,  0.0000000E+00,   10
09/22/2014,  0.4423165E+06,  0.0000000E+00,  0.0000000E+00,  0.4867688E+05,  0.0000000E+00,  0.1094740E+07,  0.0000000E+00,  0.0000000E+00,  0.0000000E+00,  0.0000000E+00,  0.5126203E+08,  0.5331775E+07,  0.5339486E+08,  0.1819368E+11,  0.0000000E+00,  0.4124052E+09,  0.0000000E+00,  0.0000000E+00,  0.0000000E+00,  0.0000000E+00,  0.2963521E+06,  0.0000000E+00,  0.0000000E+00,  0.0000000E+00,  0.0000000E+00,  0.4829141E+06,  0.0000000E+00,  0.2701387E+02,  0.6228892E+05,  0.6067237E+05,  0.1839031E+02,  0.0000000E+00,  0.0000000E+00,  0.0000000E+00,  0.2990886E+04,  0.6971477E+05,  0.2722522E+05,  0.0000000E+00,   20
09/23/2014,  0.4155571E+06,  0.0000000E+00,  0.0000000E+00,  0.4841729E+05,  0.0000000E+00,  0.1091600E+07,  0.0000000E+00,  0.0000000E+00,  0.0000000E+00,  0.0000000E+00,  0.5080763E+08,  0.5323943E+07,  0.5337084E+08,  0.1819343E+11,  0.0000000E+00,  0.4123638E+09,  0.0000000E+00,  0.0000000E+00,  0.0000000E+00,  0.0000000E+00,  0.2738881E+06,  0.0000000E+00,  0.0000000E+00,  0.0000000E+00,  0.0000000E+00,  0.4802763E+06,  0.0000000E+00,  0.2502160E+02,  0.5272051E+05,  0.6518654E+05,  0.1825439E+02,  0.0000000E+00,  0.0000000E+00,  0.0000000E+00,  0.2998734E+04,  0.6945874E+05,  0.2702483E+05,  0.0000000E+00,   26
09/24/2014,  0.4195786E+06,  0.7434229E+05,  0.0000000E+00,  0.6860678E+05,  0.0000000E+00,  0.1176449E+07,  0.3411435E+07,  0.0000000E+00,  0.0000000E+00,  0.0000000E+00,  0.7612096E+08,  0.6682720E+07,  0.5378173E+08,  0.1819362E+11,  0.0000000E+00,  0.4124472E+09,  0.0000000E+00,  0.3465622E+08,  0.0000000E+00,  0.0000000E+00,  0.2488321E+06,  0.0000000E+00,  0.0000000E+00,  0.0000000E+00,  0.0000000E+00,  0.8806045E+06,  0.0000000E+00,  0.2197485E+05,  0.2057650E+06,  0.5708154E+05,  0.1400552E+04,  0.1316896E+04,  0.0000000E+00,  0.0000000E+00,  0.9291050E+06,  0.7500819E+05,  0.4963623E+06,  0.2847680E+08,  447
09/25/2014,  0.3861311E+07,  0.3798673E+05,  0.0000000E+00,  0.7341210E+05,  0.0000000E+00,  0.1203994E+07,  0.2760906E+07,  0.0000000E+00,  0.0000000E+00,  0.0000000E+00,  0.8903836E+08,  0.7199071E+07,  0.5401292E+08,  0.1819367E+11,  0.0000000E+00,  0.4124490E+09,  0.0000000E+00,  0.1545728E+08,  0.0000000E+00,  0.0000000E+00,  0.3739392E+07,  0.6505285E+06,  0.0000000E+00,  0.0000000E+00,  0.0000000E+00,  0.6827911E+06,  0.0000000E+00,  0.2065139E+05,  0.2051843E+06,  0.3613995E+05,  0.2963454E+03,  0.3681511E+03,  0.0000000E+00,  0.0000000E+00,  0.5955324E+06,  0.7733287E+05,  0.3438176E+06,  0.1470843E+08,   14
09/26/2014,  0.1350375E+07,  0.0000000E+00,  0.0000000E+00,  0.7005173E+05,  0.0000000E+00,  0.1057899E+07,  0.1665702E+05,  0.0000000E+00,  0.0000000E+00,  0.0000000E+00,  0.8812137E+08,  0.7105949E+07,  0.5397535E+08,  0.1819342E+11,  0.0000000E+00,  0.4124046E+09,  0.0000000E+00,  0.0000000E+00,  0.0000000E+00,  0.0000000E+00,  0.1133568E+07,  0.2744249E+07,  0.0000000E+00,  0.0000000E+00,  0.0000000E+00,  0.9470484E+06,  0.0000000E+00,  0.2883222E+05,  0.1362475E+06,  0.5235101E+05,  0.2218239E+03,  0.0000000E+00,  0.0000000E+00,  0.0000000E+00,  0.6604196E+05,  0.7323535E+05,  0.7590547E+05,  0.0000000E+00,   14
09/27/2014,  0.6864320E+06,  0.0000000E+00,  0.0000000E+00,  0.6714468E+05,  0.0000000E+00,  0.9273782E+06,  0.2376685E+02,  0.0000000E+00,  0.0000000E+00,  0.0000000E+00,  0.8686180E+08,  0.7038697E+07,  0.5392911E+08,  0.1819308E+11,  0.0000000E+00,  0.4124746E+09,  0.0000000E+00,  0.0000000E+00,  0.0000000E+00,  0.0000000E+00,  0.5097601E+06,  0.1663326E+05,  0.0000000E+00,  0.0000000E+00,  0.0000000E+00,  0.1290680E+07,  0.0000000E+00,  0.3002017E+05,  0.6791714E+05,  0.5068480E+05,  0.1832930E+03,  0.0000000E+00,  0.0000000E+00,  0.0000000E+00,  0.4057136E+05,  0.7173810E+05,  0.5689853E+05,  0.0000000E+00,  100
09/28/2014,  0.5068797E+06,  0.0000000E+00,  0.0000000E+00,  0.6396903E+05,  0.0000000E+00,  0.8285194E+06,  0.0000000E+00,  0.0000000E+00,  0.0000000E+00,  0.0000000E+00,  0.8572755E+08,  0.6983178E+07,  0.5384086E+08,  0.1819278E+11,  0.0000000E+00,  0.4126026E+09,  0.0000000E+00,  0.0000000E+00,  0.0000000E+00,  0.0000000E+00,  0.3654721E+06,  0.2376685E+02,  0.0000000E+00,  0.0000000E+00,  0.0000000E+00,  0.1168643E+07,  0.0000000E+00,  0.2688450E+05,  0.6429663E+05,  0.4872500E+05,  0.1610320E+03,  0.0000000E+00,  0.0000000E+00,  0.0000000E+00,  0.3158137E+05,  0.7457375E+05,  0.9301110E+05,  0.0000000E+00,  343
09/29/2014,  0.4877870E+06,  0.0000000E+00,  0.0000000E+00,  0.6254737E+05,  0.0000000E+00,  0.1055270E+07,  0.0000000E+00,  0.0000000E+00,  0.0000000E+00,  0.0000000E+00,  0.8457271E+08,  0.6927007E+07,  0.5380164E+08,  0.1819262E+11,  0.0000000E+00,  0.4125509E+09,  0.0000000E+00,  0.0000000E+00,  0.0000000E+00,  0.0000000E+00,  0.3594241E+06,  0.0000000E+00,  0.0000000E+00,  0.0000000E+00,  0.0000000E+00,  0.1191670E+07,  0.0000000E+00,  0.2339432E+05,  0.6956493E+05,  0.5001689E+05,  0.1452041E+03,  0.0000000E+00,  0.0000000E+00,  0.0000000E+00,  0.2753751E+05,  0.7086522E+05,  0.4341735E+05,  0.0000000E+00,   44
09/30/2014,  0.1606000E+09,  0.0000000E+00,  0.0000000E+00,  0.6145223E+05,  0.0000000E+00,  0.8491424E+07,  0.0000000E+00,  0.0000000E+00,  0.0000000E+00,  0.0000000E+00,  0.8340671E+08,  0.6957750E+07,  0.5373011E+08,  0.1819721E+11,  0.0000000E+00,  0.2465801E+09,  0.0000000E+00,  0.0000000E+00,  0.0000000E+00,  0.0000000E+00,  0.0000000E+00,  0.0000000E+00,  0.0000000E+00,  0.0000000E+00,  0.0000000E+00,  0.1199334E+07,  0.0000000E+00,  0.1964196E+05,  0.7897042E+05,  0.4519061E+05,  0.1324244E+03,  0.0000000E+00,  0.0000000E+00,  0.0000000E+00,  0.2451119E+05,  0.1501334E+06,  0.7682558E+05,  0.0000000E+00, 2509
