"date","ymd","CalaverasReservoir","F2","F3E","F3W","F4","F6","ReadyMix","SanAntonioReservoir"
2010-10-01,"20101001",703.2,-999,-999,-999,-999,-999,-999,464.9
2010-10-02,"20101002",703,-999,-999,-999,-999,-999,-999,464.9
2010-10-03,"20101003",702.8,-999,-999,-999,-999,-999,-999,464.9
2010-10-04,"20101004",702.7,-999,-999,-999,-999,-999,-999,464.9
2010-10-05,"20101005",702,-999,-999,-999,-999,-999,-999,464.9
2010-10-06,"20101006",702,-999,-999,-999,-999,-999,-999,464.9
2010-10-07,"20101007",701.9,-999,-999,-999,-999,-999,-999,464.8
2010-10-08,"20101008",701.7,-999,-999,-999,-999,-999,-999,464.8
2010-10-09,"20101009",701.5,-999,-999,-999,-999,-999,-999,464.8
2010-10-10,"20101010",701.3,-999,-999,-999,-999,-999,-999,464.8
2010-10-11,"20101011",701,-999,-999,-999,-999,-999,-999,464.8
2010-10-12,"20101012",700.6,-999,-999,-999,-999,-999,-999,464.7
2010-10-13,"20101013",700.3,-999,-999,-999,-999,-999,-999,464.7
2010-10-14,"20101014",700.2,-999,-999,-999,-999,-999,-999,464.7
2010-10-15,"20101015",700,-999,-999,-999,-999,-999,-999,464.7
2010-10-16,"20101016",699.8,-999,-999,-999,-999,-999,-999,464.7
2010-10-17,"20101017",699.4,-999,-999,-999,-999,-999,-999,464.7
2010-10-18,"20101018",699.2,-999,-999,-999,-999,-999,-999,464.7
2010-10-19,"20101019",698.9,-999,-999,-999,-999,-999,-999,464.7
2010-10-20,"20101020",698.5,-999,-999,-999,-999,-999,-999,464.6
2010-10-21,"20101021",698.3,-999,-999,-999,-999,-999,-999,464.6
2010-10-22,"20101022",698.1,-999,-999,-999,-999,-999,-999,464.6
2010-10-23,"20101023",697.9,-999,-999,-999,-999,-999,-999,464.6
2010-10-24,"20101024",697.8,-999,-999,-999,-999,-999,-999,464.6
2010-10-25,"20101025",697.8,-999,-999,-999,-999,-999,-999,464.6
2010-10-26,"20101026",697.7,-999,-999,-999,-999,-999,-999,464.6
2010-10-27,"20101027",697.6,-999,-999,-999,-999,-999,-999,464.6
2010-10-28,"20101028",697.6,-999,-999,-999,-999,-999,-999,464.5
2010-10-29,"20101029",697.6,-999,-999,-999,-999,-999,-999,464.4
2010-10-30,"20101030",697.6,-999,-999,-999,-999,-999,-999,464.4
2010-10-31,"20101031",697.6,-999,-999,-999,-999,-999,-999,464.2
2010-11-01,"20101101",697.6,-999,-999,-999,-999,-999,-999,464.2
2010-11-02,"20101102",697.4,-999,-999,-999,-999,-999,-999,464.1
2010-11-03,"20101103",697.3,-999,-999,-999,-999,-999,-999,464
2010-11-04,"20101104",697.6,-999,-999,-999,-999,-999,-999,463.9
2010-11-05,"20101105",697.6,-999,-999,-999,-999,-999,-999,463.9
2010-11-06,"20101106",697.6,-999,-999,-999,-999,-999,-999,464.1
2010-11-07,"20101107",697.9,-999,-999,-999,-999,-999,-999,463.7
2010-11-08,"20101108",697.7,-999,-999,-999,-999,-999,-999,463.7
2010-11-09,"20101109",697.6,-999,-999,-999,-999,-999,-999,463.6
2010-11-10,"20101110",697.7,-999,-999,-999,-999,-999,-999,463.6
2010-11-11,"20101111",697.7,-999,-999,-999,-999,-999,-999,463.6
2010-11-12,"20101112",697.7,-999,-999,-999,-999,-999,-999,463.5
2010-11-13,"20101113",697.6,-999,-999,-999,-999,-999,-999,463.4
2010-11-14,"20101114",697.6,-999,-999,-999,-999,-999,-999,463.3
2010-11-15,"20101115",697.7,-999,-999,-999,-999,-999,-999,463.2
2010-11-16,"20101116",697.7,-999,-999,-999,-999,-999,-999,463.1
2010-11-17,"20101117",697.7,-999,-999,-999,-999,-999,-999,462.9
2010-11-18,"20101118",697.7,-999,-999,-999,-999,-999,-999,462.7
2010-11-19,"20101119",697.7,-999,-999,-999,-999,-999,-999,462.5
2010-11-20,"20101120",697.8,-999,-999,-999,-999,-999,-999,462.5
2010-11-21,"20101121",697.9,-999,-999,-999,-999,-999,-999,462.5
2010-11-22,"20101122",698,-999,-999,-999,-999,-999,-999,462.4
2010-11-23,"20101123",698,-999,-999,-999,-999,-999,-999,462.3
2010-11-24,"20101124",698.1,-999,-999,-999,-999,-999,-999,462.3
2010-11-25,"20101125",698.1,-999,-999,-999,-999,-999,-999,462.2
2010-11-26,"20101126",698.2,-999,-999,-999,-999,-999,-999,462.1
2010-11-27,"20101127",698.2,-999,-999,-999,-999,-999,-999,462
2010-11-28,"20101128",698.2,-999,-999,-999,-999,-999,-999,461.9
2010-11-29,"20101129",698.3,-999,-999,-999,-999,-999,-999,461.8
2010-11-30,"20101130",698.3,-999,-999,-999,-999,-999,-999,461.7
2010-12-01,"20101201",698.3,-999,-999,-999,-999,-999,-999,461.7
2010-12-02,"20101202",698.4,-999,-999,-999,-999,-999,-999,461.7
2010-12-03,"20101203",698.4,-999,-999,-999,-999,-999,-999,461.7
2010-12-04,"20101204",698.4,-999,-999,-999,-999,-999,-999,461.6
2010-12-05,"20101205",698.4,-999,-999,-999,-999,-999,-999,461.7
2010-12-06,"20101206",698.4,-999,-999,-999,-999,-999,-999,461.7
2010-12-07,"20101207",698.5,-999,-999,-999,-999,-999,-999,461.7
2010-12-08,"20101208",698.5,-999,-999,-999,-999,-999,-999,461.7
2010-12-09,"20101209",698.6,-999,-999,-999,-999,-999,-999,461.7
2010-12-10,"20101210",698.7,-999,-999,-999,-999,-999,-999,461.7
2010-12-11,"20101211",698.7,-999,-999,-999,-999,-999,-999,461.7
2010-12-12,"20101212",698.8,-999,-999,-999,-999,-999,-999,461.7
2010-12-13,"20101213",698.8,-999,-999,-999,-999,-999,-999,461.7
2010-12-14,"20101214",698.9,-999,-999,-999,-999,-999,-999,461.7
2010-12-15,"20101215",698.9,-999,-999,-999,-999,-999,-999,461.7
2010-12-16,"20101216",699,-999,-999,-999,-999,-999,-999,461.7
2010-12-17,"20101217",699,-999,-999,-999,-999,-999,-999,461.7
2010-12-18,"20101218",699.1,-999,-999,-999,-999,-999,-999,461.6
2010-12-19,"20101219",700,-999,-999,-999,-999,-999,-999,461.4
2010-12-20,"20101220",702.2,-999,-999,-999,-999,-999,-999,461.6
2010-12-21,"20101221",702.6,-999,-999,-999,-999,-999,-999,461.6
2010-12-22,"20101222",703.1,-999,-999,-999,-999,-999,-999,461.3
2010-12-23,"20101223",703.5,-999,-999,-999,-999,-999,-999,461.2
2010-12-24,"20101224",703.8,-999,-999,-999,-999,-999,-999,461.1
2010-12-25,"20101225",704,-999,-999,-999,-999,-999,-999,461
2010-12-26,"20101226",704.3,-999,-999,-999,-999,-999,-999,460.8
2010-12-27,"20101227",704.9,-999,-999,-999,-999,-999,-999,460.6
2010-12-28,"20101228",704.9,-999,-999,-999,-999,-999,-999,460.6
2010-12-29,"20101229",706.5,-999,-999,-999,-999,-999,-999,460.8
2010-12-30,"20101230",708.5,-999,-999,-999,-999,-999,-999,460.9
2010-12-31,"20101231",709,-999,-999,-999,-999,-999,-999,461
2011-01-01,"20110101",709.2,-999,-999,-999,-999,-999,-999,460.9
2011-01-02,"20110102",709.4,-999,-999,-999,-999,-999,-999,461.1
2011-01-03,"20110103",709.8,-999,-999,-999,-999,-999,-999,461.2
2011-01-04,"20110104",709.9,-999,-999,-999,-999,-999,-999,461.2
2011-01-05,"20110105",710,-999,-999,-999,-999,-999,-999,461.2
2011-01-06,"20110106",710.3,-999,-999,-999,-999,-999,-999,461.2
2011-01-07,"20110107",710.4,-999,-999,-999,-999,-999,-999,461.2
2011-01-08,"20110108",710.5,-999,-999,-999,-999,-999,-999,461.2
2011-01-09,"20110109",710.5,-999,-999,-999,-999,-999,-999,461.2
2011-01-10,"20110110",710.3,-999,-999,-999,-999,-999,-999,461.2
2011-01-11,"20110111",710.1,-999,-999,-999,-999,-999,-999,461.3
2011-01-12,"20110112",709.9,-999,-999,-999,-999,-999,-999,461.3
2011-01-13,"20110113",709.9,-999,-999,-999,-999,-999,-999,461.3
2011-01-14,"20110114",709.8,-999,-999,-999,-999,-999,-999,461.2
2011-01-15,"20110115",709.8,-999,-999,-999,-999,-999,-999,461.3
2011-01-16,"20110116",709.7,-999,-999,-999,-999,-999,-999,461.3
2011-01-17,"20110117",709.6,-999,-999,-999,-999,-999,-999,461.3
2011-01-18,"20110118",709.4,-999,-999,-999,-999,-999,-999,461.3
2011-01-19,"20110119",709.3,-999,-999,-999,-999,-999,-999,461.4
2011-01-20,"20110120",709.2,-999,-999,-999,-999,-999,-999,461.3
2011-01-21,"20110121",709.1,-999,-999,-999,-999,-999,-999,461.3
2011-01-22,"20110122",709,-999,-999,-999,-999,-999,-999,461.3
2011-01-23,"20110123",709,-999,-999,-999,-999,-999,-999,461.3
2011-01-24,"20110124",708.9,-999,-999,-999,-999,-999,-999,461.3
2011-01-25,"20110125",708.7,-999,-999,-999,-999,-999,-999,461.3
2011-01-26,"20110126",708.5,-999,-999,-999,-999,-999,-999,461.3
2011-01-27,"20110127",708.5,-999,-999,-999,-999,-999,-999,461.3
2011-01-28,"20110128",708.2,-999,-999,-999,-999,-999,-999,461.2
2011-01-29,"20110129",708,-999,-999,-999,-999,-999,-999,461.2
2011-01-30,"20110130",707.9,-999,-999,-999,-999,-999,-999,461.3
2011-01-31,"20110131",707.8,-999,-999,-999,-999,-999,-999,461.3
2011-02-01,"20110201",707.6,-999,-999,-999,-999,-999,-999,461.3
2011-02-02,"20110202",707.4,-999,-999,-999,-999,-999,-999,461.3
2011-02-03,"20110203",707.3,-999,-999,-999,-999,-999,-999,461.3
2011-02-04,"20110204",706.9,-999,-999,-999,-999,-999,-999,461.3
2011-02-05,"20110205",706.9,-999,-999,-999,-999,-999,-999,461.2
2011-02-06,"20110206",706.7,-999,-999,-999,-999,-999,-999,461.3
2011-02-07,"20110207",706.5,-999,-999,-999,-999,-999,-999,461.3
2011-02-08,"20110208",706,-999,-999,-999,-999,-999,-999,461.3
2011-02-09,"20110209",705.8,-999,-999,-999,-999,-999,-999,461.3
2011-02-10,"20110210",705.6,-999,-999,-999,-999,-999,-999,461.3
2011-02-11,"20110211",705.4,-999,-999,-999,-999,-999,-999,461.3
2011-02-12,"20110212",704.9,-999,-999,-999,-999,-999,-999,461.3
2011-02-13,"20110213",704.9,-999,-999,-999,-999,-999,-999,461.3
2011-02-14,"20110214",704.6,-999,-999,-999,-999,-999,-999,461.3
2011-02-15,"20110215",704.2,-999,-999,-999,-999,-999,-999,461.3
2011-02-16,"20110216",704.3,-999,-999,-999,-999,-999,-999,461.4
2011-02-17,"20110217",704.4,-999,-999,-999,-999,-999,-999,461.4
2011-02-18,"20110218",705.7,-999,-999,-999,-999,-999,-999,461.6
2011-02-19,"20110219",707.7,-999,-999,-999,-999,-999,-999,461.9
2011-02-20,"20110220",709.2,-999,-999,-999,-999,-999,-999,462.2
2011-02-21,"20110221",709.9,-999,-999,-999,-999,-999,-999,462.3
2011-02-22,"20110222",710,-999,-999,-999,-999,-999,-999,462.4
2011-02-23,"20110223",710.5,-999,-999,-999,-999,-999,-999,462.4
2011-02-24,"20110224",710.6,-999,-999,-999,-999,-999,-999,462.4
2011-02-25,"20110225",710.9,-999,-999,-999,-999,-999,-999,462.8
2011-02-26,"20110226",715.1,-999,-999,-999,-999,-999,-999,463.5
2011-02-27,"20110227",716.2,-999,-999,-999,-999,-999,-999,463.5
2011-02-28,"20110228",716.7,-999,-999,-999,-999,-999,-999,463.7
2011-03-01,"20110301",716.9,-999,-999,-999,-999,-999,-999,463.7
2011-03-02,"20110302",717,-999,-999,-999,-999,-999,-999,463.7
2011-03-03,"20110303",717.2,-999,203.9076,229.238181818182,-999,-999,-999,463.8
2011-03-04,"20110304",717.3,-999,204.053020833333,229.374270833333,-999,-999,-999,463.8
2011-03-05,"20110305",717.4,-999,204.321145833333,229.5509375,-999,-999,-999,463.8
2011-03-06,"20110306",717.4,-999,204.585416666667,229.698854166667,-999,-999,-999,463.9
2011-03-07,"20110307",717.4,-999,204.8409375,229.78375,-999,-999,-999,463.9
2011-03-08,"20110308",717.4,-999,205.080520833333,229.820729166667,-999,-999,-999,464
2011-03-09,"20110309",717.4,-999,205.306458333333,229.781458333333,-999,-999,-999,464
2011-03-10,"20110310",717.4,-999,205.538645833333,229.697395833333,-999,-999,-999,464
2011-03-11,"20110311",717.4,-999,205.734375,229.67875,-999,-999,-999,464.3
2011-03-12,"20110312",717.2,-999,205.9478125,229.715,-999,-999,-999,464.1
2011-03-13,"20110313",717.2,-999,206.152708333333,229.771145833333,-999,-999,-999,464.1
2011-03-14,"20110314",717.2,-999,206.3696875,229.799583333333,-999,-999,-999,464.1
2011-03-15,"20110315",717.1,-999,206.5921875,229.801354166667,-999,-999,-999,464.1
2011-03-16,"20110316",717,-999,206.833958333333,229.857708333333,-999,-999,-999,464.2
2011-03-17,"20110317",717.1,-999,207.13183908046,229.947386363636,-999,158.07375,257.508055555556,464.2
2011-03-18,"20110318",717.1,-999,207.5140625,229.991666666667,-999,158.3371875,257.537916666667,464.4
2011-03-19,"20110319",717.4,-999,207.957291666667,230.075625,-999,158.520208333333,257.9278125,464.7
2011-03-20,"20110320",719.2,-999,208.496458333333,230.803020833333,-999,158.837604166667,258.205416666667,465.3
2011-03-21,"20110321",722.9,-999,209.012708333333,231.346666666667,-999,159.187708333333,258.237083333333,466
2011-03-22,"20110322",724.1,-999,209.440208333333,231.280625,-999,159.476875,258.285729166667,466.6
2011-03-23,"20110323",724.8,-999,209.877604166667,231.204583333333,-999,159.8221875,258.4940625,466.9
2011-03-24,"20110324",727,-999,210.355833333333,231.473333333333,-999,160.413541666667,258.889583333333,467.5
2011-03-25,"20110325",731.1,-999,210.7965625,232.487916666667,-999,161.148333333333,259.9121875,469
2011-03-26,"20110326",732.4,-999,210.5309375,233.130208333333,-999,161.6490625,260.053854166667,469.1
2011-03-27,"20110327",732.9,-999,210.131145833333,233.500208333333,-999,162.066458333333,260.097395833333,469
2011-03-28,"20110328",732.6,-999,209.6940625,233.466979166667,-999,162.559166666667,260.039895833333,468.9
2011-03-29,"20110329",732,-999,209.2384375,233.2771875,-999,163.085208333333,259.965729166667,468.7
2011-03-30,"20110330",731,-999,208.769895833333,233.0646875,-999,163.619791666667,259.959166666667,468.6
2011-03-31,"20110331",730.6,-999,208.3028125,232.901458333333,-999,164.095625,259.818333333333,468.6
2011-04-01,"20110401",729.4,-999,207.937604166667,232.780625,-999,164.621666666667,259.4825,468.6
2011-04-02,"20110402",728.3,-999,207.523958333333,232.682083333333,-999,165.1484375,259.027916666667,468.5
2011-04-03,"20110403",727.35,-999,207.055729166667,232.587395833333,-999,165.552291666667,258.63375,468.4
2011-04-04,"20110404",726.4,-999,206.615208333333,232.439270833333,-999,165.886458333333,258.290208333333,468.4
2011-04-05,"20110405",725.4,-999,206.1728125,232.298854166667,-999,166.367291666667,258.15,468.4
2011-04-06,"20110406",724.7,-999,205.740833333333,232.22875,-999,166.798958333333,258.111458333333,468.4
2011-04-07,"20110407",723.6,-999,205.311145833333,232.1471875,-999,167.252083333333,258.2071875,468.3
2011-04-08,"20110408",723.4,-999,204.8921875,231.876041666667,-999,167.653541666667,258.105833333333,468.4
2011-04-09,"20110409",723,-999,204.492708333333,231.599270833333,-999,167.9709375,258.063854166667,468.4
2011-04-10,"20110410",722.8,-999,204.071666666667,231.4090625,-999,168.284479166667,258.083541666667,468.3
2011-04-11,"20110411",722.5,-999,203.639479166667,231.277395833333,-999,168.596041666667,258.032083333333,468.3
2011-04-12,"20110412",722.2,-999,203.239479166667,231.174583333333,-999,168.9190625,257.976666666667,468.3
2011-04-13,"20110413",721.9,-999,202.802291666667,231.075,-999,169.236041666667,258.244166666667,468.3
2011-04-14,"20110414",721.6,-999,201.838541666667,231.0275,-999,169.56125,258.266041666667,468.3
2011-04-15,"20110415",721.4,-999,200.630416666667,230.988125,-999,169.866458333333,258.30125,468.4
2011-04-16,"20110416",721.1,-999,199.419375,230.940625,-999,170.1553125,258.442604166667,468.4
2011-04-17,"20110417",720.8,-999,198.21,230.901041666667,-999,170.673020833333,258.461875,468.4
2011-04-18,"20110418",720.4,-999,196.9915625,230.778020833333,-999,171.218125,258.437291666667,468.1
2011-04-19,"20110419",720.2,-999,195.753333333333,230.58875,-999,171.7265625,258.296979166667,468.1
2011-04-20,"20110420",720,-999,194.498229166667,230.4590625,-999,172.211666666667,258.236666666667,468
2011-04-21,"20110421",719.8,-999,193.238125,230.358333333333,-999,172.570729166667,258.192604166667,467.9
2011-04-22,"20110422",719.5,-999,191.949270833333,230.291458333333,-999,173.011979166667,258.318333333333,467.9
2011-04-23,"20110423",719.3,-999,190.690104166667,230.225104166667,-999,173.4725,258.299895833333,467.9
2011-04-24,"20110424",719.1,-999,189.399479166667,230.177083333333,-999,173.92375,258.2796875,467.8
2011-04-25,"20110425",718.8,-999,188.1603125,230.1071875,-999,174.391979166667,258.193854166667,467.7
2011-04-26,"20110426",718.7,-999,186.88625,230.028854166667,-999,174.856770833333,258.0859375,467.6
2011-04-27,"20110427",718.4,-999,185.616875,230.182604166667,-999,175.293958333333,258.060833333333,467.5
2011-04-28,"20110428",718,-999,184.728181818182,230.4165625,-999,175.7015625,258.062395833333,467.3
2011-04-29,"20110429",717.9,-999,-999,230.331979166667,-999,176.1465625,258.01625,467.1
2011-04-30,"20110430",717.6,-999,-999,230.085208333333,-999,176.5146875,258.084791666667,466.9
2011-05-01,"20110501",717.4,-999,-999,229.904895833333,-999,176.747604166667,258.134583333333,466.7
2011-05-02,"20110502",717.1,-999,-999,229.802291666667,-999,176.944166666667,257.999895833333,466.6
2011-05-03,"20110503",716.9,-999,-999,229.706875,-999,177.138020833333,257.89375,466.3
2011-05-04,"20110504",716.5,-999,181.436666666667,229.6340625,247.584545454545,177.239166666667,257.889166666667,466
2011-05-05,"20110505",716.3,-999,181.853541666667,229.562708333333,247.664166666667,177.198125,257.845625,465.8
2011-05-06,"20110506",716.1,-999,182.435104166667,229.484583333333,247.5196875,176.79125,257.903125,465.7
2011-05-07,"20110507",715.9,-999,183.003541666667,229.345,247.578125,176.505729166667,257.975416666667,465.3
2011-05-08,"20110508",715.7,-999,183.549791666667,229.191458333333,247.832708333333,176.424166666667,258.0171875,465.2
2011-05-09,"20110509",715.5,-999,184.120104166667,229.095104166667,247.8428125,176.306979166667,257.931458333333,465
2011-05-10,"20110510",715.4,-999,184.672708333333,228.964270833333,247.660208333333,176.391770833333,257.883541666667,464.7
2011-05-11,"20110511",715.4,-999,185.2071875,228.792604166667,247.456666666667,176.488854166667,257.776875,464.4
2011-05-12,"20110512",715.3,-999,185.732395833333,228.6053125,247.358958333333,176.5809375,257.646145833333,464.2
2011-05-13,"20110513",715.2,-999,186.273125,228.456979166667,247.316770833333,176.554583333333,257.6134375,464
2011-05-14,"20110514",715,-999,186.8009375,228.301458333333,247.332708333333,176.486875,257.662083333333,463.7
2011-05-15,"20110515",715,-999,187.357395833333,228.202916666667,247.82875,176.153854166667,257.719583333333,463.4
2011-05-16,"20110516",714.9,-999,187.895625,228.177604166667,248.066041666667,175.714270833333,257.634791666667,463.3
2011-05-17,"20110517",715,-999,188.443541666667,228.147604166667,248.165,175.135208333333,257.741041666667,463.1
2011-05-18,"20110518",714.9,-999,188.991041666667,228.087083333333,248.192291666667,174.590729166667,257.802604166667,463
2011-05-19,"20110519",714.9,-999,189.5059375,228.0459375,248.448645833333,173.640625,257.818333333333,462.9
2011-05-20,"20110520",714.8,-999,190.007708333333,228.0290625,248.749270833333,172.493333333333,257.817291666667,462.8
2011-05-21,"20110521",714.8,-999,190.5275,228.029375,248.859895833333,171.3,257.821458333333,462.6
2011-05-22,"20110522",714.7,-999,191.0190625,228.03,249.002708333333,170.007083333333,257.778541666667,462.4
2011-05-23,"20110523",714.6,-999,191.516979166667,227.976458333333,248.791458333333,168.923645833333,257.767916666667,462.3
2011-05-24,"20110524",714.6,-999,192.043541666667,227.879270833333,248.74,167.750729166667,257.742916666667,462.2
2011-05-25,"20110525",714.5,-999,192.540520833333,227.767604166667,248.838125,166.454270833333,257.7278125,462
2011-05-26,"20110526",714.5,-999,193.0721875,227.674166666667,248.830520833333,165.104479166667,257.706041666667,461.7
2011-05-27,"20110527",714.5,-999,193.548541666667,227.578020833333,248.839375,163.76125,257.612083333333,461.5
2011-05-28,"20110528",714.5,-999,194.0171875,227.5125,248.986666666667,162.185,257.550416666667,461.4
2011-05-29,"20110529",714.6,-999,194.494895833333,227.444895833333,249.0496875,160.6440625,257.5725,461.1
2011-05-30,"20110530",714.6,-999,194.973645833333,227.385729166667,249.05375,159.030625,257.571875,460.8
2011-05-31,"20110531",714.6,-999,195.424895833333,227.282395833333,248.961666666667,157.349583333333,257.521666666667,460.7
2011-06-01,"20110601",714.7,-999,195.891041666667,227.164479166667,248.843333333333,155.757083333333,257.587604166667,460.4
2011-06-02,"20110602",714.7,-999,196.356145833333,227.049270833333,248.787083333333,154.245625,257.6,460.2
2011-06-03,"20110603",714.7,-999,196.808020833333,227.018020833333,248.590729166667,152.9721875,257.556979166667,460
2011-06-04,"20110604",714.8,-999,197.305416666667,227.7175,248.624375,151.641666666667,257.593229166667,460
2011-06-05,"20110605",714.8,-999,197.773541666667,228.293541666667,248.590520833333,150.42,257.635104166667,459.8
2011-06-06,"20110606",714.9,-999,198.235,228.5784375,248.514791666667,149.0709375,257.621458333333,459.8
2011-06-07,"20110607",714.8,-999,198.707083333333,228.768854166667,248.4021875,147.912291666667,257.5846875,460
2011-06-08,"20110608",714.5,-999,199.148333333333,228.8590625,248.1590625,147.2309375,257.506145833333,460
2011-06-09,"20110609",714.3,-999,199.596666666667,228.92,248.3796875,145.8196875,257.4425,460.7
2011-06-10,"20110610",714.1,-999,200.061145833333,228.9728125,248.288958333333,144.670729166667,257.508541666667,460.9
2011-06-11,"20110611",713.8,-999,200.455520833333,228.9915625,248.433020833333,143.195,257.56,461.2
2011-06-12,"20110612",713.6,-999,200.711041666667,229.022916666667,248.662916666667,141.1003125,257.518333333333,461.4
2011-06-13,"20110613",713.3,-999,201.156770833333,229.0065625,248.5309375,139.222083333333,257.40625,461.7
2011-06-14,"20110614",713,-999,201.6153125,228.962916666667,248.001875,138.260729166667,257.456979166667,462
2011-06-15,"20110615",712.7,-999,202.076979166667,228.8090625,247.546145833333,137.9940625,257.430729166667,462.3
2011-06-16,"20110616",712.5,-999,202.5190625,228.571354166667,247.617291666667,136.865833333333,257.277291666667,462.4
2011-06-17,"20110617",712.1,-999,202.9584375,228.413229166667,247.552708333333,135.743020833333,257.3825,462.7
2011-06-18,"20110618",711.8,-999,203.3840625,228.349583333333,247.578229166667,134.579270833333,257.385,462.8
2011-06-19,"20110619",711.3,-999,203.816145833333,228.35375,247.7521875,133.428645833333,257.3690625,463.2
2011-06-20,"20110620",711.1,-999,204.2575,228.403854166667,247.760208333333,132.100729166667,257.2875,463.4
2011-06-21,"20110621",710.8,-999,204.661875,228.381875,247.359270833333,131.726979166667,257.261354166667,463.7
2011-06-22,"20110622",710.6,-999,205.063333333333,228.314895833333,247.0796875,131.593854166667,257.1115625,463.9
2011-06-23,"20110623",710.3,-999,205.466145833333,228.151979166667,246.792395833333,131.299270833333,257.059166666667,464.1
2011-06-24,"20110624",710.1,-999,205.8575,227.334479166667,246.679270833333,130.968854166667,257.054583333333,464.3
2011-06-25,"20110625",709.9,-999,206.223958333333,226.656666666667,246.617604166667,130.6959375,256.958125,464.5
2011-06-26,"20110626",709.6,-999,206.5578125,226.1815625,246.682604166667,130.467083333333,256.928020833333,464.6
2011-06-27,"20110627",709.3,-999,206.895520833333,225.81375,246.6446875,130.182083333333,256.796041666667,464.8
2011-06-28,"20110628",708.9,-999,207.2290625,225.5171875,246.4453125,130.070104166667,256.738333333333,465.1
2011-06-29,"20110629",708.7,-999,207.565520833333,225.3103125,246.343854166667,130.1984375,256.8390625,465.4
2011-06-30,"20110630",708.4,-999,207.850729166667,225.132291666667,246.153020833333,129.871145833333,256.83625,465.6
2011-07-01,"20110701",708.1,-999,208.1165625,224.94875,246.093854166667,129.629661016949,256.942083333333,465.8
2011-07-02,"20110702",707.8,-999,208.361770833333,224.785729166667,246.136145833333,-999,256.930208333333,466.2
2011-07-03,"20110703",707.9,-999,208.606875,224.686041666667,246.292395833333,-999,256.895625,466.4
2011-07-04,"20110704",707.2,-999,208.822395833333,224.54375,246.426979166667,-999,256.850208333333,466.6
2011-07-05,"20110705",706.7,-999,209.017916666667,224.452604166667,246.4078125,-999,256.746145833333,466.8
2011-07-06,"20110706",706.4,-999,209.205208333333,224.328333333333,246.292604166667,-999,256.579270833333,467
2011-07-07,"20110707",706.2,-999,209.3534375,224.2203125,246.155416666667,-999,256.360416666667,467.2
2011-07-08,"20110708",705.9,-999,209.503333333333,224.119375,246.015104166667,-999,256.381875,467.5
2011-07-09,"20110709",705.8,-999,209.64375,224.070416666667,245.891666666667,-999,256.588854166667,467.5
2011-07-10,"20110710",705.6,-999,209.777291666667,224.007916666667,245.966354166667,-999,256.586770833333,467.5
2011-07-11,"20110711",705.5,-999,209.870104166667,223.95,245.932708333333,-999,256.403020833333,467.4
2011-07-12,"20110712",705.2,-999,209.981041666667,223.887395833333,245.748541666667,-999,256.338958333333,467.3
2011-07-13,"20110713",705.1,-999,210.087604166667,223.802708333333,245.588333333333,-999,256.4346875,467.2
2011-07-14,"20110714",705.1,-999,209.996145833333,223.759166666667,245.364791666667,-999,256.548229166667,467.2
2011-07-15,"20110715",704.9,-999,209.2409375,223.736354166667,245.177916666667,-999,256.663333333333,467.3
2011-07-16,"20110716",704.8,-999,208.4590625,223.752083333333,245.099895833333,-999,257.012395833333,467.2
2011-07-17,"20110717",704.6,-999,207.711145833333,223.803020833333,245.269583333333,-999,257.41875,467.2
2011-07-18,"20110718",704.6,-999,206.9703125,223.806458333333,245.305416666667,-999,257.559791666667,467.2
2011-07-19,"20110719",704.2,-999,206.244895833333,223.806041666667,245.15625,-999,257.540833333333,467.1
2011-07-20,"20110720",704.2,-999,205.518958333333,223.795,245.0815625,-999,257.569270833333,467.1
2011-07-21,"20110721",704.3,-999,205.042708333333,223.786354166667,244.9184375,-999,257.7303125,467.1
2011-07-22,"20110722",704.2,-999,205.273958333333,223.73875,244.797604166667,-999,257.953958333333,467.2
2011-07-23,"20110723",704.1,-999,205.5628125,223.654479166667,244.7975,-999,258.354270833333,467.1
2011-07-24,"20110724",704,-999,205.836354166667,223.582916666667,244.953854166667,-999,258.7790625,467.1
2011-07-25,"20110725",703.9,-999,206.0953125,223.4965625,244.996770833333,-999,258.9646875,467
2011-07-26,"20110726",703.9,-999,206.340520833333,223.400520833333,244.870729166667,-999,259.009375,467
2011-07-27,"20110727",703.9,-999,206.57,223.3134375,244.716458333333,-999,259.076875,466.9
2011-07-28,"20110728",703.9,-999,206.72375,223.2659375,244.356666666667,-999,258.897916666667,466.8
2011-07-29,"20110729",703.9,-999,206.140520833333,223.249583333333,243.8434375,-999,258.788645833333,466.8
2011-07-30,"20110730",703.8,-999,205.418229166667,223.250833333333,243.342083333333,-999,258.746666666667,466.6
2011-07-31,"20110731",703.8,-999,204.721770833333,223.238333333333,242.824479166667,-999,258.734895833333,466.7
2011-08-01,"20110801",703.8,-999,204.041041666667,223.169791666667,242.334791666667,-999,258.628229166667,466.6
2011-08-02,"20110802",703.6,-999,203.343541666667,223.074166666667,241.7503125,-999,258.3625,466.5
2011-08-03,"20110803",703.6,-999,202.675833333333,222.9028125,241.593854166667,-999,257.960208333333,466.4
2011-08-04,"20110804",703.8,-999,202.013125,222.765104166667,241.526041666667,-999,257.648854166667,466.3
2011-08-05,"20110805",703.4,-999,201.353854166667,222.631875,241.385729166667,-999,257.2875,466.3
2011-08-06,"20110806",703.3,-999,200.690833333333,222.5371875,241.312291666667,-999,256.985833333333,466.2
2011-08-07,"20110807",703.6,-999,200.038229166667,222.420625,240.957916666667,-999,256.925416666667,466.1
2011-08-08,"20110808",703.1,-999,199.609791666667,222.284166666667,240.7403125,-999,256.742604166667,466.1
2011-08-09,"20110809",703.6,-999,199.899166666667,222.109270833333,240.431145833333,-999,256.4325,466
2011-08-10,"20110810",703.5,-999,200.211458333333,221.902708333333,239.8775,-999,256.300833333333,466
2011-08-11,"20110811",703.6,-999,200.5296875,221.672291666667,239.401666666667,-999,256.429791666667,465.8
2011-08-12,"20110812",703.6,-999,200.8359375,221.489270833333,239.0325,-999,256.451875,465.7
2011-08-13,"20110813",703.5,-999,201.167291666667,221.306666666667,238.7209375,-999,256.381979166667,465.7
2011-08-14,"20110814",703.5,-999,201.4609375,221.1159375,238.588229166667,-999,256.621979166667,465.6
2011-08-15,"20110815",703.5,-999,201.742395833333,220.949791666667,238.553854166667,-999,256.733958333333,465.6
2011-08-16,"20110816",703.5,-999,202.0453125,220.751354166667,238.340833333333,-999,256.6165625,465.4
2011-08-17,"20110817",703.4,-999,202.312083333333,220.5284375,238.158020833333,-999,256.517604166667,465.4
2011-08-18,"20110818",703.4,-999,202.5896875,220.341979166667,237.9153125,-999,256.563020833333,465.4
2011-08-19,"20110819",703.4,-999,202.857395833333,220.1715625,237.510520833333,-999,256.586041666667,465.3
2011-08-20,"20110820",703.5,-999,203.1403125,219.9621875,237.183854166667,-999,256.478854166667,465.2
2011-08-21,"20110821",703.4,-999,203.394166666667,219.746875,236.9115625,-999,256.629895833333,465.1
2011-08-22,"20110822",703.4,-999,203.658020833333,219.53125,236.732604166667,-999,256.684895833333,465
2011-08-23,"20110823",703.3,-999,203.924791666667,219.167708333333,236.56625,-999,256.623645833333,464.8
2011-08-24,"20110824",703.4,-999,204.1421875,218.91,236.343125,-999,256.479479166667,464.8
2011-08-25,"20110825",703.4,-999,204.365520833333,218.646041666667,236.2153125,-999,256.373854166667,464.9
2011-08-26,"20110826",703.4,-999,204.587708333333,218.419166666667,235.994479166667,-999,256.324479166667,464.9
2011-08-27,"20110827",703.3,-999,204.812708333333,218.173541666667,235.7421875,-999,256.40125,464.9
2011-08-28,"20110828",703.3,-999,205.013854166667,217.941979166667,235.453854166667,-999,256.684583333333,464.9
2011-08-29,"20110829",703.3,-999,205.1990625,217.671041666667,235.2578125,-999,256.785729166667,464.8
2011-08-30,"20110830",703.3,-999,205.403020833333,217.390520833333,235.064270833333,-999,256.868125,464.8
2011-08-31,"20110831",703.3,-999,205.5840625,217.075,234.879166666667,-999,256.929270833333,464.8
2011-09-01,"20110901",703.1,-999,205.763854166667,216.758020833333,234.801354166667,-999,256.828229166667,465.1
2011-09-02,"20110902",702.9,-999,205.9521875,216.429895833333,234.611875,-999,256.7209375,465.1
2011-09-03,"20110903",702.8,-999,206.074583333333,216.108020833333,234.387395833333,-999,256.818125,465.1
2011-09-04,"20110904",702.8,-999,206.224375,215.758020833333,234.266458333333,-999,257.095416666667,465.3
2011-09-05,"20110905",702.7,-999,206.357916666667,215.426041666667,234.164791666667,-999,257.418020833333,465.3
2011-09-06,"20110906",702.7,-999,206.511875,215.07125,233.996666666667,-999,257.5140625,465.3
2011-09-07,"20110907",702.6,-999,206.6265625,214.658958333333,233.689375,-999,257.3825,465.3
2011-09-08,"20110908",702.6,-999,206.745208333333,214.21125,233.619583333333,-999,257.293854166667,465.5
2011-09-09,"20110909",702.3,-999,206.848020833333,213.764395604396,233.354404761905,-999,257.189885057471,465.5
2011-09-10,"20110910",702.3,-999,206.9515625,213.323333333333,233.014270833333,-999,257.187604166667,465.5
2011-09-11,"20110911",702.2,-999,207.064375,212.854375,232.760520833333,-999,257.316666666667,465.5
2011-09-12,"20110912",702.2,-999,207.156979166667,212.354375,232.5703125,-999,257.366458333333,465.5
2011-09-13,"20110913",702.2,-999,207.2528125,211.860729166667,232.364270833333,-999,257.2440625,465.5
2011-09-14,"20110914",702.2,-999,207.332604166667,211.324895833333,232.406458333333,-999,257.1603125,465.5
2011-09-15,"20110915",702.2,-999,207.425208333333,210.797291666667,232.030416666667,-999,257.057604166667,465.4
2011-09-16,"20110916",702.2,-999,207.481458333333,210.2378125,231.630416666667,-999,257.079375,465.4
2011-09-17,"20110917",702.2,-999,207.582708333333,209.7215625,231.3521875,-999,257.0784375,465.4
2011-09-18,"20110918",702.2,-999,207.675729166667,209.181666666667,231.304583333333,-999,257.218125,465.4
2011-09-19,"20110919",702.2,-999,207.734375,208.595,231.226041666667,-999,257.23625,465.4
2011-09-20,"20110920",702.2,-999,207.697604166667,207.946041666667,231.004270833333,-999,256.914583333333,465.3
2011-09-21,"20110921",702.2,-999,207.261458333333,207.256770833333,230.869895833333,-999,256.549583333333,465.3
2011-09-22,"20110922",702.2,-999,206.765416666667,206.515520833333,230.708125,-999,256.123229166667,465.4
2011-09-23,"20110923",702.2,-999,206.315833333333,205.750833333333,230.251041666667,-999,255.762604166667,465.4
2011-09-24,"20110924",702.2,-999,205.7840625,205.660833333333,230.08375,-999,255.457083333333,465.4
2011-09-25,"20110925",702,-999,204.974375,206.730833333333,230.102916666667,-999,255.323854166667,465.3
2011-09-26,"20110926",702,-999,204.338229166667,207.764166666667,230.096354166667,-999,255.170625,465.2
2011-09-27,"20110927",702,-999,204.190625,208.753541666667,230.1784375,-999,255.17,465.2
2011-09-28,"20110928",702,-999,204.078958333333,209.7146875,230.205729166667,-999,255.146666666667,465.2
2011-09-29,"20110929",702,-999,203.931041666667,210.5590625,229.9634375,-999,255.246145833333,465.2
2011-09-30,"20110930",701.9,-999,203.783541666667,211.343645833333,229.842395833333,-999,255.192604166667,465.1
2011-10-01,"20111001",701.9,-999,203.6678125,212.076979166667,229.849583333333,-999,254.9984375,465.2
2011-10-02,"20111002",702,-999,203.537395833333,212.746458333333,229.863333333333,-999,254.94375,465.1
2011-10-03,"20111003",701.9,-999,203.394583333333,213.401666666667,229.794583333333,-999,254.8009375,465.1
2011-10-04,"20111004",701.9,-999,203.257708333333,214.05,229.713333333333,-999,254.801354166667,465.1
2011-10-05,"20111005",702.1,-999,203.173020833333,214.609270833333,229.661979166667,-999,254.8040625,465.1
2011-10-06,"20111006",702.2,-999,203.080520833333,215.131770833333,229.688854166667,-999,254.795416666667,465.1
2011-10-07,"20111007",702.2,-999,202.9465625,215.6078125,229.577604166667,-999,254.9678125,465.1
2011-10-08,"20111008",702.2,-999,202.826666666667,216.0575,229.4615625,-999,255.175520833333,465.1
2011-10-09,"20111009",702.1,-999,202.697083333333,216.424895833333,229.451458333333,-999,255.480833333333,465.1
2011-10-10,"20111010",702.1,-999,202.549791666667,216.805416666667,229.44625,-999,255.5790625,465.1
2011-10-11,"20111011",702.1,-999,202.440625,217.142395833333,229.3809375,-999,255.458125,465.1
2011-10-12,"20111012",702.2,-999,202.34,217.423541666667,229.165833333333,-999,255.386041666667,465.1
2011-10-13,"20111013",702.3,-999,202.213854166667,217.626354166667,229.031770833333,-999,255.36,465.1
2011-10-14,"20111014",702.2,-999,202.101666666667,217.8390625,228.8165625,-999,255.299270833333,465.1
2011-10-15,"20111015",702.2,-999,201.968333333333,218.041145833333,228.746458333333,-999,255.4121875,465.1
2011-10-16,"20111016",702.1,-999,201.844583333333,218.216145833333,228.729895833333,-999,255.677083333333,465.1
2011-10-17,"20111017",702.2,-999,201.713020833333,218.3753125,228.619166666667,-999,255.757083333333,465
2011-10-18,"20111018",702.2,-999,201.60125,218.528958333333,228.463125,-999,255.523020833333,465
2011-10-19,"20111019",702.1,-999,201.496354166667,218.655520833333,228.253333333333,-999,255.4921875,465
2011-10-20,"20111020",702.2,-999,201.372604166667,218.7709375,228.16375,-999,255.485729166667,465
2011-10-21,"20111021",702.2,-999,201.2596875,218.8490625,228.081354166667,-999,255.493645833333,465
2011-10-22,"20111022",702.2,-999,201.151770833333,218.907291666667,228.0521875,-999,255.688645833333,465.1
2011-10-23,"20111023",701.5,-999,201.0475,218.961979166667,228.074375,-999,255.997916666667,465.3
2011-10-24,"20111024",701.2,-999,200.935208333333,218.9803125,228.039375,-999,256.043541666667,465.7
2011-10-25,"20111025",700.9,-999,200.830833333333,219.018958333333,228.055104166667,-999,255.9015625,465.9
2011-10-26,"20111026",700.6,-999,200.7378125,219.025104166667,228.066666666667,-999,255.815520833333,466.1
2011-10-27,"20111027",700.1,-999,200.629479166667,219.033125,228.06375,-999,255.772291666667,466.2
2011-10-28,"20111028",699.9,-999,200.528645833333,219.010104166667,227.937708333333,-999,255.846354166667,466.3
2011-10-29,"20111029",699.4,-999,200.403333333333,219.005416666667,227.8996875,-999,255.920416666667,466.4
2011-10-30,"20111030",699,-999,200.298229166667,218.975833333333,227.910729166667,-999,256.090208333333,466.5
2011-10-31,"20111031",698.8,-999,200.193333333333,218.936875,227.788541666667,-999,256.1878125,466.7
2011-11-01,"20111101",698.4,-999,199.59875,218.894166666667,227.706041666667,-999,256.162083333333,466.8
2011-11-02,"20111102",698.1,-999,198.988125,218.846458333333,227.790104166667,-999,256.1484375,466.9
2011-11-03,"20111103",698,-999,198.93125,218.812291666667,228.008541666667,-999,256.046770833333,466.9
2011-11-04,"20111104",698,-999,198.868333333333,218.816354166667,228.257708333333,-999,256.0140625,466.7
2011-11-05,"20111105",697.9,-999,198.991979166667,218.611145833333,228.4728125,-999,256.138125,466.6
2011-11-06,"20111106",698.1,-999,199.171875,218.416875,228.513958333333,-999,256.4265625,466.5
2011-11-07,"20111107",698.1,-999,199.310416666667,218.2271875,228.555416666667,-999,256.510416666667,466.4
2011-11-08,"20111108",698,-999,199.434479166667,218.0665625,228.752083333333,-999,256.428020833333,466.2
2011-11-09,"20111109",698,-999,199.557083333333,218.066041666667,228.766979166667,-999,256.371041666667,466
2011-11-10,"20111110",697.9,-999,199.683125,217.89625,228.777083333333,-999,256.266041666667,466.2
2011-11-11,"20111111",698,-999,199.810208333333,217.700625,228.778645833333,-999,255.951458333333,466
2011-11-12,"20111112",698.2,-999,199.943541666667,217.5378125,228.7675,-999,255.7659375,465.8
2011-11-13,"20111113",698.2,-999,200.0609375,217.351666666667,228.727604166667,-999,255.762395833333,465.7
2011-11-14,"20111114",698.3,-999,200.157395833333,217.181145833333,228.698020833333,-999,255.608854166667,465.6
2011-11-15,"20111115",698.2,-999,200.2684375,217.032916666667,228.714895833333,-999,255.258229166667,465.6
2011-11-16,"20111116",698.2,-999,199.506666666667,216.8121875,229.006770833333,-999,254.851458333333,465.5
2011-11-17,"20111117",698.2,-999,198.591145833333,216.847708333333,229.506875,-999,254.470729166667,465.3
2011-11-18,"20111118",698.2,-999,198.686770833333,216.802916666667,229.480416666667,-999,254.388645833333,465.2
2011-11-19,"20111119",698.2,-999,198.809479166667,216.695208333333,229.4421875,-999,254.541666666667,464.9
2011-11-20,"20111120",698.2,-999,198.910625,216.503541666667,229.384479166667,-999,254.8690625,464.7
2011-11-21,"20111121",698.3,-999,198.9278125,216.394270833333,229.4140625,-999,255.030833333333,464.5
2011-11-22,"20111122",698.2,-999,198.59109375,216.3084375,229.559791666667,-999,255.023333333333,464.5
2011-11-23,"20111123",698.1,-999,-999,216.239583333333,229.9,-999,254.796770833333,464.5
2011-11-24,"20111124",698.3,-999,-999,216.16625,229.862604166667,-999,254.684895833333,464
2011-11-25,"20111125",698.2,-999,-999,216.130104166667,229.80125,-999,254.6934375,464.1
2011-11-26,"20111126",698.2,-999,-999,216.133958333333,229.747291666667,-999,254.678541666667,463.8
2011-11-27,"20111127",698.2,-999,-999,215.988854166667,229.676145833333,-999,254.676354166667,463.7
2011-11-28,"20111128",698.2,-999,-999,215.943645833333,229.724270833333,-999,254.58,463.6
2011-11-29,"20111129",698.2,-999,-999,215.922083333333,230.123125,-999,254.452916666667,463.5
2011-11-30,"20111130",697.8,-999,-999,216.0359375,230.1484375,-999,254.400833333333,463.5
2011-12-01,"20111201",697.5,-999,-999,216.1684375,230.081875,-999,254.382604166667,463.7
2011-12-02,"20111202",697.3,-999,-999,216.1190625,230.105729166667,-999,254.4153125,463.8
2011-12-03,"20111203",697,-999,-999,216.0765625,230.391354166667,-999,254.508333333333,463.9
2011-12-04,"20111204",696.6,-999,-999,216.303541666667,230.34625,-999,254.801354166667,464.2
2011-12-05,"20111205",696.2,-999,-999,216.461354166667,230.255520833333,-999,254.9546875,464.2
2011-12-06,"20111206",696,-999,-999,215.956458333333,230.189479166667,-999,254.640416666667,464.2
2011-12-07,"20111207",695.8,-999,-999,216.4253125,230.105416666667,-999,254.2515625,464
2011-12-08,"20111208",695.5,-999,-999,216.223020833333,230.079479166667,-999,254.139375,463.9
2011-12-09,"20111209",695.1,-999,-999,216.140104166667,230.296354166667,-999,254.156770833333,463.9
2011-12-10,"20111210",694.8,-999,-999,215.934791666667,230.486354166667,-999,254.359479166667,463.8
2011-12-11,"20111211",694.5,-999,-999,215.740625,230.435520833333,-999,254.7196875,463.8
2011-12-12,"20111212",694.2,-999,-999,215.766666666667,230.436145833333,-999,254.840625,463.7
2011-12-13,"20111213",693.9,-999,-999,215.702916666667,230.4621875,-999,254.788958333333,463.7
2011-12-14,"20111214",693.6,-999,-999,215.522395833333,230.454895833333,-999,254.7559375,463.5
2011-12-15,"20111215",693.3,-999,-999,214.917291666667,230.508229166667,-999,254.734270833333,463.3
2011-12-16,"20111216",693,-999,-999,214.24875,230.856041666667,-999,254.870208333333,463.2
2011-12-17,"20111217",692.7,-999,-999,213.693854166667,230.8040625,-999,255.067291666667,463.1
2011-12-18,"20111218",692.5,-999,-999,213.011875,230.72,-999,255.3528125,463.1
2011-12-19,"20111219",692.2,-999,-999,212.416979166667,230.7321875,-999,255.496041666667,463.1
2011-12-20,"20111220",691.76,-999,-999,211.810104166667,230.851458333333,-999,255.1878125,463
2011-12-21,"20111221",691.33,-999,-999,211.213854166667,230.901145833333,-999,254.809270833333,463
2011-12-22,"20111222",690.89,-999,-999,210.59625,230.9221875,-999,254.434895833333,463
2011-12-23,"20111223",690.46,-999,-999,209.909895833333,230.850729166667,-999,254.095416666667,462.7
2011-12-24,"20111224",690.02,-999,-999,209.229895833333,230.7446875,-999,253.956145833333,462.7
2011-12-25,"20111225",689.58,-999,-999,208.515729166667,230.666354166667,-999,253.965416666667,462.6
2011-12-26,"20111226",689.15,-999,-999,207.8965625,230.595,-999,253.975625,462.5
2011-12-27,"20111227",688.71,-999,-999,207.202395833333,230.658541666667,-999,253.8109375,462.4
2011-12-28,"20111228",688.28,-999,-999,206.482395833333,231.150625,-999,253.7634375,462.3
2011-12-29,"20111229",687.84,-999,-999,205.8596875,231.242604166667,-999,253.788125,462.3
2011-12-30,"20111230",687.4,-999,-999,205.107604166667,231.246666666667,-999,253.667916666667,462.2
2011-12-31,"20111231",686.97,-999,-999,204.402526315789,231.1340625,-999,253.668645833333,462.1
2012-01-01,"20120101",686.53,-999,-999,-999,231.040625,-999,253.68375,462
2012-01-02,"20120102",686.1,-999,-999,-999,230.941770833333,-999,253.674166666667,461.8
2012-01-03,"20120103",685.66,-999,-999,-999,230.9871875,-999,253.545520833333,461.8
2012-01-04,"20120104",685.22,-999,-999,-999,231.42,-999,253.591354166667,461.8
2012-01-05,"20120105",684.79,-999,-999,-999,231.398020833333,-999,253.8428125,461.7
2012-01-06,"20120106",684.35,-999,-999,-999,231.374375,-999,254.126770833333,461.8
2012-01-07,"20120107",683.92,-999,-999,-999,231.37875,-999,254.391875,461.8
2012-01-08,"20120108",683.48,-999,-999,-999,231.270729166667,-999,254.700729166667,461.8
2012-01-09,"20120109",683.04,-999,-999,-999,231.197395833333,-999,254.932708333333,461.7
2012-01-10,"20120110",682.61,-999,-999,-999,231.494375,-999,255.076041666667,461.7
2012-01-11,"20120111",682.17,-999,-999,-999,231.511145833333,-999,255.100520833333,461.6
2012-01-12,"20120112",681.74,-999,-999,204.048,231.548854166667,-999,255.104375,461.9
2012-01-13,"20120113",681.3,-999,-999,204.423854166667,231.568541666667,-999,254.8325,462.2
2012-01-14,"20120114",680.9,-999,-999,205.079791666667,231.528229166667,-999,254.660104166667,462.6
2012-01-15,"20120115",680.4,-999,-999,205.697604166667,231.4203125,-999,254.639375,462.9
2012-01-16,"20120116",679.9,-999,-999,206.352395833333,231.41625,-999,254.461041666667,463
2012-01-17,"20120117",679.8,-999,-999,206.9446875,231.712395833333,-999,254.126145833333,463.1
2012-01-18,"20120118",679.9,-999,-999,207.548541666667,231.761354166667,-999,253.817604166667,462.8
2012-01-19,"20120119",679.7,-999,-999,208.163645833333,231.868125,-999,253.618125,462.7
2012-01-20,"20120120",679.5,-999,-999,208.7625,232.029791666667,-999,253.535,462.5
2012-01-21,"20120121",679.8,-999,-999,209.475625,232.061354166667,-999,253.6325,462.5
2012-01-22,"20120122",679.9,-999,-999,210.022291666667,231.952708333333,-999,253.658958333333,462.4
2012-01-23,"20120123",679.9,-999,-999,210.566145833333,231.946770833333,-999,253.5596875,462.2
2012-01-24,"20120124",680,-999,-999,211.123020833333,232.380416666667,-999,253.541875,462.2
2012-01-25,"20120125",680.5,-999,-999,211.656979166667,232.4203125,-999,253.612395833333,462
2012-01-26,"20120126",680.6,-999,-999,212.183229166667,232.323333333333,-999,253.723229166667,461.9
2012-01-27,"20120127",680.6,-999,-999,212.671041666667,232.219166666667,-999,253.952291666667,461.8
2012-01-28,"20120128",680.7,-999,-999,213.126979166667,232.098229166667,-999,254.245,461.7
2012-01-29,"20120129",680.8,-999,-999,213.546354166667,231.975416666667,-999,254.543125,461.6
2012-01-30,"20120130",680.8,-999,-999,213.969270833333,231.873229166667,-999,254.808541666667,461.6
2012-01-31,"20120131",680.8,-999,-999,214.304479166667,231.792083333333,-999,254.720104166667,461.4
2012-02-01,"20120201",680.8,-999,-999,214.497083333333,231.674375,-999,254.614166666667,461.2
2012-02-02,"20120202",680.9,-999,-999,214.512291666667,231.583958333333,-999,254.3809375,461
2012-02-03,"20120203",680.9,-999,-999,214.4721875,231.479270833333,-999,254.074479166667,460.8
2012-02-04,"20120204",680.9,-999,-999,214.619791666667,231.3775,-999,254.1490625,460.8
2012-02-05,"20120205",680.9,-999,-999,214.904166666667,231.2871875,-999,254.495625,460.5
2012-02-06,"20120206",680.9,-999,-999,214.994791666667,231.2084375,-999,254.675416666667,460.3
2012-02-07,"20120207",681,-999,-999,215.139270833333,231.1409375,-999,254.413541666667,460.2
2012-02-08,"20120208",681,-999,-999,215.38375,231.052916666667,-999,254.098854166667,460
2012-02-09,"20120209",681,-999,-999,215.622395833333,230.970729166667,-999,253.922916666667,459.9
2012-02-10,"20120210",681,-999,-999,215.845,230.8978125,-999,253.7834375,459.8
2012-02-11,"20120211",681,-999,-999,216.07125,230.8253125,-999,253.7178125,459.7
2012-02-12,"20120212",681,-999,-999,216.225520833333,230.7540625,-999,253.716666666667,459.7
2012-02-13,"20120213",681.1,-999,-999,216.431354166667,230.7009375,-999,253.758958333333,459.6
2012-02-14,"20120214",681.2,-999,-999,216.566770833333,230.662916666667,-999,253.737083333333,459.6
2012-02-15,"20120215",681.2,-999,-999,216.726145833333,230.618125,-999,253.5215625,459.5
2012-02-16,"20120216",681.4,-999,-999,216.883020833333,230.554270833333,-999,253.2421875,459.5
2012-02-17,"20120217",681.4,-999,-999,217.0115625,230.4803125,-999,252.885104166667,459.5
2012-02-18,"20120218",681.4,-999,-999,217.106875,230.4059375,-999,252.913125,459.4
2012-02-19,"20120219",681.4,-999,-999,217.206145833333,230.339791666667,-999,253.295833333333,459.3
2012-02-20,"20120220",681.4,-999,-999,217.279375,230.270416666667,-999,253.685520833333,459.2
2012-02-21,"20120221",681.5,-999,-999,217.346875,230.221666666667,-999,254.003958333333,459
2012-02-22,"20120222",681.5,-999,-999,217.395625,230.159583333333,-999,254.120833333333,459
2012-02-23,"20120223",681.6,-999,-999,217.4490625,230.107604166667,-999,254.133541666667,458.9
2012-02-24,"20120224",681.6,-999,-999,217.478125,230.035104166667,-999,254.1334375,458.8
2012-02-25,"20120225",681.5,-999,-999,217.531979166667,229.9609375,-999,254.265520833333,458.7
2012-02-26,"20120226",681.4,-999,-999,217.550520833333,229.902916666667,-999,254.618333333333,458.5
2012-02-27,"20120227",681.5,-999,-999,217.533541666667,229.837604166667,-999,254.924791666667,458.5
2012-02-28,"20120228",681.6,-999,-999,217.542604166667,229.768333333333,-999,255.071041666667,458.4
2012-02-29,"20120229",681.7,-999,-999,217.575625,229.7196875,-999,255.149166666667,458.3
2012-03-01,"20120301",681.7,-999,-999,217.5875,229.6828125,-999,255.3265625,458.3
2012-03-02,"20120302",681.7,-999,-999,217.610833333333,229.6425,-999,255.341666666667,458.3
2012-03-03,"20120303",681.7,-999,-999,217.4378125,229.5896875,-999,255.2928125,458.3
2012-03-04,"20120304",681.8,-999,-999,216.673125,229.5296875,-999,255.301979166667,458.2
2012-03-05,"20120305",681.8,-999,-999,216.078020833333,229.463333333333,-999,255.113333333333,458.1
2012-03-06,"20120306",681.8,-999,-999,216.052083333333,229.419270833333,-999,254.756666666667,458.1
2012-03-07,"20120307",681.9,-999,-999,215.611770833333,229.3878125,-999,254.380729166667,458
2012-03-08,"20120308",682,-999,-999,215.150729166667,229.32125,-999,254.018125,458.6
2012-03-09,"20120309",681.9,-999,-999,214.675416666667,229.293020833333,-999,253.623645833333,457.8
2012-03-10,"20120310",681.9,-999,-999,214.006666666667,229.228645833333,-999,253.389583333333,457.8
2012-03-11,"20120311",681.9,-999,-999,213.145625,229.166041666667,-999,253.629166666667,457.6
2012-03-12,"20120312",682,-999,-999,212.293229166667,229.128958333333,-999,253.866354166667,457.6
2012-03-13,"20120313",682,-999,-999,211.473333333333,229.083645833333,-999,253.832395833333,457.4
2012-03-14,"20120314",681.7,-999,-999,211.4684375,229.070520833333,-999,253.7865625,457.8
2012-03-15,"20120315",681.3,-999,-999,211.5609375,229.025,-999,253.759479166667,458.2
2012-03-16,"20120316",680.8,-999,-999,211.721666666667,228.996145833333,-999,253.814583333333,458.6
2012-03-17,"20120317",681,-999,-999,212.028229166667,229.04375,-999,254.008333333333,459
2012-03-18,"20120318",681.4,-999,-999,212.232083333333,228.989270833333,-999,254.043333333333,459.3
2012-03-19,"20120319",681.8,-999,-999,212.405208333333,228.952604166667,-999,253.927604166667,459.7
2012-03-20,"20120320",681.7,-999,-999,212.4875,228.885520833333,-999,253.684479166667,460.1
2012-03-21,"20120321",681.4,-999,-999,211.991666666667,228.845104166667,-999,253.368541666667,460.4
2012-03-22,"20120322",680.8,-999,-999,211.474375,228.818387096774,129.621818181818,253.121382978723,460.7
2012-03-23,"20120323",680.7,-999,-999,210.747604166667,228.771145833333,130.019583333333,252.99375,461
2012-03-24,"20120324",680.4,-999,-999,209.852708333333,228.706041666667,130.4184375,253.3125,461.3
2012-03-25,"20120325",680,-999,-999,208.983958333333,228.734270833333,131.319583333333,253.828020833333,461.6
2012-03-26,"20120326",679.8,-999,-999,207.990520833333,228.7071875,132.401041666667,254.177083333333,461.9
2012-03-27,"20120327",678.4,-999,-999,207.103854166667,228.696875,133.353645833333,254.496354166667,462
2012-03-28,"20120328",679.2,-999,-999,207.160520833333,228.763854166667,134.6921875,254.774270833333,462.4
2012-03-29,"20120329",679,-999,-999,207.3434375,228.908333333333,135.941041666667,255.040729166667,462.2
2012-03-30,"20120330",679.5,-999,-999,206.9809375,229.084166666667,137.0690625,255.1934375,462.2
2012-03-31,"20120331",679.8,-999,-999,207.311770833333,229.270729166667,138.1746875,255.486770833333,462.2
2012-04-01,"20120401",680.2,-999,-999,207.811979166667,229.446363636364,139.9353125,255.9278125,462.2
2012-04-02,"20120402",680.7,-999,-999,208.874791666667,-999,141.145520833333,256.178645833333,462.2
2012-04-03,"20120403",681,-999,-999,210.1521875,-999,142.257916666667,256.257291666667,462.2
2012-04-04,"20120404",681,-999,-999,211.35625,-999,143.533125,256.3134375,462.3
2012-04-05,"20120405",681,-999,-999,212.39875,-999,144.558958333333,256.3509375,462.3
2012-04-06,"20120406",681.4,-999,-999,213.3009375,-999,145.648854166667,256.512291666667,462.2
2012-04-07,"20120407",681.4,-999,-999,214.028958333333,-999,146.476666666667,256.835,462.2
2012-04-08,"20120408",681.4,-999,-999,214.594166666667,-999,147.341979166667,257.1803125,462.3
2012-04-09,"20120409",681.5,-999,-999,215.102916666667,-999,148.12125,257.473229166667,462.2
2012-04-10,"20120410",681.5,-999,-999,215.5209375,-999,148.885416666667,257.712708333333,462.2
2012-04-11,"20120411",681.4,-999,-999,215.925520833333,-999,149.7846875,257.643125,462.4
2012-04-12,"20120412",681.7,-999,-999,216.174166666667,-999,150.6834375,257.4325,462.3
2012-04-13,"20120413",682,-999,-999,216.388854166667,-999,151.558229166667,257.310416666667,462
2012-04-14,"20120414",684.4,-999,-999,217.008125,-999,152.702291666667,257.229166666667,463
2012-04-15,"20120415",684.5,-999,-999,217.856979166667,-999,153.764375,257.2746875,463.4
2012-04-16,"20120416",684.4,-999,-999,218.64375,-999,154.601145833333,257.233020833333,463.7
2012-04-17,"20120417",684.3,-999,-999,219.2953125,-999,155.323958333333,257.048541666667,464
2012-04-18,"20120418",684.4,-999,-999,219.853958333333,-999,156.0759375,256.759375,464.1
2012-04-19,"20120419",683.8,-999,-999,220.249270833333,-999,156.823229166667,256.458229166667,464.1
2012-04-20,"20120420",683.7,-999,-999,220.59625,-999,157.437604166667,256.292083333333,464.2
2012-04-21,"20120421",683.6,-999,-999,220.854270833333,-999,158.065520833333,256.228645833333,464.2
2012-04-22,"20120422",683.6,-999,-999,220.978541666667,-999,158.733645833333,256.213541666667,464.2
2012-04-23,"20120423",683.6,-999,-999,221.0703125,-999,159.469375,256.0459375,464.2
2012-04-24,"20120424",683.5,-999,-999,221.090416666667,-999,160.23125,255.8034375,464.2
2012-04-25,"20120425",683.4,-999,-999,221.151354166667,-999,160.715625,255.6215625,464.2
2012-04-26,"20120426",683.3,-999,-999,221.160104166667,-999,161.498541666667,255.593645833333,464.5
2012-04-27,"20120427",683.2,-999,-999,221.153229166667,-999,162.312604166667,255.529895833333,464.5
2012-04-28,"20120428",683.4,-999,-999,221.1140625,-999,162.687083333333,255.492291666667,464.6
2012-04-29,"20120429",683.4,-999,-999,221.110416666667,-999,163.149895833333,255.4534375,464.6
2012-04-30,"20120430",683.4,-999,-999,221.1028125,-999,163.778125,255.283645833333,464.6
2012-05-01,"20120501",683.4,-999,-999,220.941979166667,-999,164.301875,254.996875,464.5
2012-05-02,"20120502",683.5,-999,-999,220.689791666667,-999,164.8265625,254.694791666667,464.6
2012-05-03,"20120503",683.5,-999,-999,220.5321875,-999,165.378125,254.437083333333,464.5
2012-05-04,"20120504",683.5,-999,-999,220.539166666667,-999,165.979583333333,254.570104166667,464.5
2012-05-05,"20120505",683.5,-999,-999,220.533020833333,-999,166.371875,254.839895833333,464.5
2012-05-06,"20120506",683.5,-999,-999,220.560104166667,-999,166.642604166667,255.189479166667,464.5
2012-05-07,"20120507",683.5,-999,-999,220.5434375,-999,166.987708333333,255.498125,464.5
2012-05-08,"20120508",683.5,-999,-999,220.444166666667,-999,167.286458333333,255.663854166667,464.4
2012-05-09,"20120509",683.6,-999,-999,220.215625,-999,167.618125,255.841875,464.4
2012-05-10,"20120510",683.6,-999,-999,220.063541666667,-999,167.918645833333,256.119583333333,464.5
2012-05-11,"20120511",683.6,-999,-999,220.030520833333,-999,168.265625,256.379375,464.5
2012-05-12,"20120512",683.6,-999,-999,220.009166666667,-999,168.673645833333,256.647291666667,464.3
2012-05-13,"20120513",683.6,-999,-999,220.0078125,-999,169.003645833333,256.971875,464.3
2012-05-14,"20120514",683.6,-999,-999,219.949375,-999,169.30125,257.233958333333,464.3
2012-05-15,"20120515",683.6,-999,-999,219.899895833333,-999,169.529791666667,257.481458333333,464.3
2012-05-16,"20120516",683.5,-999,-999,219.692916666667,-999,169.738958333333,257.351458333333,464.4
2012-05-17,"20120517",683.6,-999,-999,219.379479166667,-999,169.9115625,257.012708333333,464.6
2012-05-18,"20120518",683.6,-999,-999,219.145,-999,170.179270833333,256.691354166667,464.6
2012-05-19,"20120519",683.6,-999,-999,219.0490625,-999,170.436145833333,256.505729166667,464.7
2012-05-20,"20120520",683.6,-999,-999,219.055,-999,170.688125,256.4665625,464.8
2012-05-21,"20120521",683.6,-999,-999,218.851458333333,-999,171.0328125,256.254479166667,464.9
2012-05-22,"20120522",683.6,-999,-999,218.180208333333,-999,171.283229166667,255.928854166667,464.7
2012-05-23,"20120523",683.6,-999,-999,218.0096875,-999,171.3775,255.584583333333,465
2012-05-24,"20120524",683.6,-999,-999,217.857083333333,-999,171.4159375,255.275104166667,465.1
2012-05-25,"20120525",683.5,-999,-999,217.847708333333,-999,171.528020833333,255.0934375,465.2
2012-05-26,"20120526",683.6,-999,-999,217.963229166667,-999,171.9465625,255.044583333333,465.2
2012-05-27,"20120527",683.6,-999,-999,218.0571875,-999,172.308229166667,255.049375,465.2
2012-05-28,"20120528",683.6,-999,-999,218.100520833333,-999,172.435729166667,255.078854166667,465.2
2012-05-29,"20120529",683.6,-999,-999,217.946458333333,-999,172.59875,254.92875,464.9
2012-05-30,"20120530",683.6,-999,-999,217.6909375,-999,172.800104166667,254.8878125,465.1
2012-05-31,"20120531",683.6,-999,-999,217.455208333333,-999,172.843020833333,254.917395833333,465.3
2012-06-01,"20120601",683.6,-999,-999,217.228645833333,-999,172.8690625,254.918020833333,464.3
2012-06-02,"20120602",683.6,-999,-999,217.191458333333,-999,173.147708333333,255.063645833333,465.3
2012-06-03,"20120603",683.6,-999,-999,217.275,-999,173.3153125,255.374270833333,465.4
2012-06-04,"20120604",683.6,-999,-999,217.103541666667,-999,173.555625,255.53375,465.6
2012-06-05,"20120605",683.6,-999,-999,216.409375,-999,173.918958333333,255.546979166667,465.4
2012-06-06,"20120606",683.6,-999,-999,216.181666666667,-999,173.945729166667,255.5503125,465.5
2012-06-07,"20120607",683.6,-999,-999,216.004895833333,-999,174.039375,255.558125,465.4
2012-06-08,"20120608",683.6,-999,-999,216.017395833333,-999,174.1534375,255.727708333333,465.3
2012-06-09,"20120609",683.6,-999,-999,216.138541666667,-999,174.235416666667,255.988541666667,465.3
2012-06-10,"20120610",683.5,-999,-999,216.247395833333,-999,174.301979166667,256.316770833333,465.2
2012-06-11,"20120611",683.5,-999,-999,216.1628125,-999,174.480104166667,256.45625,465
2012-06-12,"20120612",683.5,-999,-999,215.920520833333,-999,174.625520833333,256.420833333333,464.8
2012-06-13,"20120613",683.5,-999,-999,215.67875,-999,174.650208333333,256.453645833333,464.8
2012-06-14,"20120614",683.05,-999,-999,215.571979166667,-999,174.718645833333,256.459270833333,464.7
2012-06-15,"20120615",683.5,-999,-999,215.560208333333,-999,174.835416666667,256.536666666667,464.5
2012-06-16,"20120616",683.5,-999,-999,215.610729166667,-999,174.9696875,256.450208333333,464.7
2012-06-17,"20120617",683.5,-999,-999,215.7034375,-999,175.1253125,256.423125,464.3
2012-06-18,"20120618",683.4,-999,-999,215.541041666667,-999,175.279583333333,256.219166666667,464.2
2012-06-19,"20120619",683.4,-999,-999,215.1759375,-999,175.39125,255.839895833333,464.1
2012-06-20,"20120620",683.4,-999,-999,214.871770833333,-999,175.457291666667,255.438645833333,464.1
2012-06-21,"20120621",683.4,-999,-999,214.566458333333,-999,175.677291666667,255.04375,463.8
2012-06-22,"20120622",683.4,-999,-999,214.377395833333,-999,175.8121875,254.742083333333,463.7
2012-06-23,"20120623",683.4,-999,-999,214.35125,-999,175.8771875,254.580104166667,463.6
2012-06-24,"20120624",683.3,-999,-999,214.408958333333,-999,176.1071875,254.5521875,463.4
2012-06-25,"20120625",683.3,-999,-999,214.292604166667,-999,176.2703125,254.358645833333,463.3
2012-06-26,"20120626",683.3,-999,-999,213.957916666667,-999,176.280520833333,253.961458333333,463.3
2012-06-27,"20120627",683.3,-999,-999,213.723645833333,-999,176.276875,253.6528125,463.1
2012-06-28,"20120628",683.3,-999,-999,213.556770833333,-999,176.513229166667,253.590833333333,462.9
2012-06-29,"20120629",683.2,-999,-999,213.295833333333,-999,176.6553125,253.5221875,462.7
2012-06-30,"20120630",683.2,-999,-999,213.25875,-999,176.6603125,253.601354166667,462.6
2012-07-01,"20120701",683.2,-999,-999,213.362916666667,-999,176.6709375,253.610104166667,462.5
2012-07-02,"20120702",683.2,-999,-999,213.197083333333,-999,176.714583333333,253.472708333333,462.3
2012-07-03,"20120703",683.2,-999,-999,212.828541666667,-999,176.784895833333,253.408333333333,462.2
2012-07-04,"20120704",683.2,-999,-999,212.744895833333,-999,176.806145833333,253.620729166667,462.1
2012-07-05,"20120705",683.2,-999,-999,212.68125,-999,177.032604166667,253.538541666667,462
2012-07-06,"20120706",683.2,-999,-999,212.468125,-999,177.13375,253.558541666667,461.7
2012-07-07,"20120707",683,-999,-999,212.396145833333,-999,177.154479166667,253.674375,461.7
2012-07-08,"20120708",683,-999,-999,212.529895833333,-999,177.2475,253.7009375,461.2
2012-07-09,"20120709",683,-999,-999,212.429375,-999,177.331666666667,253.624791666667,461.3
2012-07-10,"20120710",683,-999,-999,212.185520833333,-999,177.265520833333,253.582708333333,461.2
2012-07-11,"20120711",683,-999,-999,211.859270833333,-999,177.267083333333,253.495520833333,461
2012-07-12,"20120712",682.9,-999,-999,211.602916666667,-999,177.3321875,253.4653125,460.8
2012-07-13,"20120713",682.9,-999,-999,211.339479166667,-999,177.514270833333,253.613020833333,460.7
2012-07-14,"20120714",682.9,-999,-999,210.4265625,-999,177.591770833333,253.856979166667,460.5
2012-07-15,"20120715",682.9,-999,-999,209.4384375,-999,177.6184375,253.888645833333,460.4
2012-07-16,"20120716",683,-999,-999,208.558125,-999,177.669270833333,253.767395833333,460.2
2012-07-17,"20120717",683,-999,-999,208.412083333333,-999,177.818854166667,253.860833333333,460.1
2012-07-18,"20120718",682.9,-999,-999,208.373854166667,-999,177.902083333333,253.944479166667,459.9
2012-07-19,"20120719",682.9,-999,-999,208.2575,-999,177.995833333333,254.008125,459.8
2012-07-20,"20120720",682.9,-999,-999,207.985208333333,-999,178.054791666667,253.983229166667,459.7
2012-07-21,"20120721",682.8,-999,-999,207.856458333333,-999,177.996145833333,254.085625,459.6
2012-07-22,"20120722",682.9,-999,-999,207.729375,-999,177.9878125,254.1171875,459.5
2012-07-23,"20120723",682.9,-999,-999,207.382708333333,-999,178.036458333333,253.9846875,459.3
2012-07-24,"20120724",682.9,-999,-999,207.034270833333,-999,178.133958333333,253.925,459.1
2012-07-25,"20120725",682.9,-999,-999,206.7640625,-999,178.1903125,253.913958333333,460.4
2012-07-26,"20120726",682.8,-999,-999,206.378645833333,-999,178.2340625,253.905729166667,458.8
2012-07-27,"20120727",682.8,-999,-999,206.263333333333,-999,178.326354166667,253.974895833333,458.7
2012-07-28,"20120728",682.8,-999,-999,206.078958333333,-999,178.420208333333,254.006666666667,458.6
2012-07-29,"20120729",682.7,-999,-999,205.978020833333,-999,178.435,253.953541666667,458.6
2012-07-30,"20120730",682.8,-999,-999,206.0696875,-999,178.364270833333,253.902604166667,458.4
2012-07-31,"20120731",682.8,-999,-999,205.903541666667,-999,178.42375,253.934270833333,458.4
2012-08-01,"20120801",682.8,-999,-999,205.437604166667,-999,178.49875,253.9409375,458.3
2012-08-02,"20120802",682.6,-999,-999,204.964375,-999,178.456041666667,253.962395833333,458.2
2012-08-03,"20120803",682.6,-999,-999,204.910625,-999,178.381354166667,254.215416666667,458.1
2012-08-04,"20120804",682.5,-999,-999,205.016666666667,-999,178.476770833333,254.511666666667,457.9
2012-08-05,"20120805",682.5,-999,-999,205.160833333333,-999,178.661041666667,254.549375,457.9
2012-08-06,"20120806",682.5,-999,-999,205.323125,-999,178.764895833333,254.403645833333,457.8
2012-08-07,"20120807",682.5,-999,-999,205.495416666667,-999,178.748645833333,254.454479166667,457.7
2012-08-08,"20120808",682.5,-999,-999,205.710625,-999,178.721145833333,254.580104166667,457.6
2012-08-09,"20120809",682.5,-999,-999,205.948229166667,-999,178.67125,254.5628125,457.6
2012-08-10,"20120810",682.5,-999,-999,206.156458333333,-999,178.604270833333,254.676041666667,457.5
2012-08-11,"20120811",682.5,-999,-999,206.344375,-999,178.607916666667,254.7546875,457.4
2012-08-12,"20120812",682.5,-999,-999,206.549270833333,-999,178.718854166667,254.698541666667,457.4
2012-08-13,"20120813",682.5,-999,-999,206.728541666667,-999,178.7409375,254.5153125,457.3
2012-08-14,"20120814",682.4,-999,-999,206.895833333333,-999,178.7453125,254.396666666667,457.3
2012-08-15,"20120815",682.4,-999,-999,207.055104166667,-999,178.822916666667,254.429375,457
2012-08-16,"20120816",682.4,-999,-999,207.255520833333,-999,178.953958333333,254.429375,456.9
2012-08-17,"20120817",682.4,-999,-999,207.405416666667,-999,179.028854166667,254.389583333333,456.8
2012-08-18,"20120818",682.4,-999,-999,207.588958333333,-999,179.017083333333,254.407604166667,456.7
2012-08-19,"20120819",682.4,-999,-999,207.774479166667,-999,179.036979166667,254.6065625,456.6
2012-08-20,"20120820",682.4,-999,-999,207.928541666667,-999,179.027916666667,254.674375,456.5
2012-08-21,"20120821",682.3,-999,-999,208.118125,-999,179.056770833333,254.718645833333,456.4
2012-08-22,"20120822",682.3,-999,-999,208.2421875,-999,179.089270833333,254.658125,456.3
2012-08-23,"20120823",682.3,-999,-999,208.402708333333,-999,179.094479166667,254.6321875,456.2
2012-08-24,"20120824",682.2,-999,-999,208.532916666667,-999,179.089375,254.590833333333,456.2
2012-08-25,"20120825",682.2,-999,-999,208.668229166667,-999,179.107083333333,254.620104166667,456.1
2012-08-26,"20120826",682.2,-999,-999,208.824895833333,-999,179.262604166667,254.652395833333,456.1
2012-08-27,"20120827",682.2,-999,-999,208.950625,-999,179.336979166667,254.491145833333,455.9
2012-08-28,"20120828",682.2,-999,-999,209.088645833333,-999,179.346666666667,254.4134375,455.83
2012-08-29,"20120829",682.1,-999,-999,209.15,-999,179.256041666667,254.45875,455.75
2012-08-30,"20120830",682,-999,-999,209.247604166667,-999,179.209375,254.67,455.68
2012-08-31,"20120831",682,-999,-999,209.431979166667,-999,179.37875,254.9903125,455.6
2012-09-01,"20120901",682,-999,-999,209.507708333333,-999,179.477395833333,255.291979166667,455.6
2012-09-02,"20120902",682,-999,-999,209.54875,-999,179.448229166667,255.312708333333,455.6
2012-09-03,"20120903",682,-999,-999,209.613229166667,-999,179.47625,255.297083333333,455.6
2012-09-04,"20120904",682,-999,-999,209.704479166667,-999,179.540833333333,255.168958333333,455.6
2012-09-05,"20120905",682,-999,-999,209.8875,-999,179.550208333333,255.27,455.8
2012-09-06,"20120906",682,-999,-999,209.745833333333,-999,179.572604166667,255.367916666667,455.9
2012-09-07,"20120907",681.8,-999,-999,209.703125,-999,179.69,255.333125,456.1
2012-09-08,"20120908",681.8,-999,-999,209.550729166667,-999,179.708020833333,255.349583333333,456.2
2012-09-09,"20120909",681.8,-999,-999,209.4296875,-999,179.674479166667,255.381041666667,456.3
2012-09-10,"20120910",681.9,-999,-999,209.162083333333,-999,179.591354166667,255.331979166667,456.5
2012-09-11,"20120911",681.9,-999,-999,208.965729166667,-999,179.6259375,255.341770833333,456.6
2012-09-12,"20120912",681.8,-999,-999,208.635416666667,-999,179.781875,255.369166666667,456.8
2012-09-13,"20120913",681.8,-999,-999,208.177395833333,-999,179.841041666667,255.411354166667,456.9
2012-09-14,"20120914",681.8,-999,-999,208.112395833333,-999,179.867083333333,255.414270833333,457
2012-09-15,"20120915",681.8,-999,-999,207.518020833333,-999,179.855520833333,255.3996875,457
2012-09-16,"20120916",681.8,-999,-999,206.726875,-999,179.832604166667,255.360520833333,457
2012-09-17,"20120917",681.8,-999,-999,206.0559375,-999,179.882604166667,255.219895833333,456.9
2012-09-18,"20120918",681.8,-999,-999,206.083958333333,-999,179.976875,255.146458333333,456.9
2012-09-19,"20120919",681.8,-999,-999,206.107395833333,-999,180.0059375,255.119479166667,456.8
2012-09-20,"20120920",681.8,-999,-999,206.2765625,-999,179.9825,255.1509375,456.8
2012-09-21,"20120921",681.8,-999,-999,206.373125,-999,179.902395833333,255.307083333333,456.9
2012-09-22,"20120922",681.8,-999,-999,206.445416666667,-999,179.885729166667,255.307291666667,457.2
2012-09-23,"20120923",681.8,-999,-999,206.548125,-999,179.939270833333,255.27375,457.4
2012-09-24,"20120924",681.8,-999,-999,206.673125,-999,179.951875,255.076458333333,457.7
2012-09-25,"20120925",681.8,-999,-999,206.781875,-999,179.931458333333,255.004791666667,457.9
2012-09-26,"20120926",681.7,-999,-999,206.935208333333,-999,179.936875,254.942395833333,458.1
2012-09-27,"20120927",681.7,-999,-999,207.0671875,-999,179.969583333333,254.898125,458.4
2012-09-28,"20120928",681.7,-999,-999,207.333020833333,-999,180.0365625,254.9228125,458.6
2012-09-29,"20120929",681.7,-999,-999,207.2721875,-999,180.098541666667,255.058645833333,458.8
2012-09-30,"20120930",681.7,-999,-999,207.250833333333,-999,180.125416666667,255.090833333333,459.1
2012-10-01,"20121001",681.7,-999,-999,207.245729166667,-999,180.0721875,254.926979166667,459.3
2012-10-02,"20121002",681.7,-999,-999,207.290520833333,-999,179.99,254.638333333333,459.3
2012-10-03,"20121003",681.7,-999,-999,207.399375,-999,179.994791666667,254.366458333333,459.3
2012-10-04,"20121004",681.7,-999,-999,207.543958333333,-999,180.094166666667,254.398125,459.3
2012-10-05,"20121005",681.7,-999,-999,207.704375,-999,180.070833333333,254.564166666667,459.3
2012-10-06,"20121006",681.7,-999,-999,207.8025,-999,180.020208333333,254.676354166667,459.4
2012-10-07,"20121007",681.6,-999,-999,207.9509375,-999,180.0328125,254.6215625,459.3
2012-10-08,"20121008",681.6,-999,-999,208.095208333333,-999,180.132395833333,254.501979166667,459.3
2012-10-09,"20121009",681.6,-999,-999,208.261041666667,-999,180.315104166667,254.4434375,459.3
2012-10-10,"20121010",681.6,-999,-999,208.409375,-999,180.261354166667,254.456458333333,459.3
2012-10-11,"20121011",681.6,-999,-999,208.456770833333,-999,180.282291666667,254.4534375,459.2
2012-10-12,"20121012",681.6,-999,-999,208.56875,-999,180.545208333333,254.4484375,459.1
2012-10-13,"20121013",681.6,-999,-999,208.701458333333,-999,180.7190625,254.419166666667,458.8
2012-10-14,"20121014",681.6,-999,-999,208.805208333333,-999,180.671666666667,254.314583333333,458.9
2012-10-15,"20121015",681.6,148.492727272727,-999,208.921927710843,223.758333333333,180.522708333333,254.325061728395,458.8
2012-10-16,"20121016",681.5,148.523541666667,-999,209.103333333333,223.761979166667,180.445416666667,254.422708333333,458.6
2012-10-17,"20121017",681.5,148.556875,-999,209.168541666667,223.745416666667,180.358854166667,254.463125,458.6
2012-10-18,"20121018",681.5,148.591041666667,-999,209.275,223.734166666667,180.45875,254.505,458.4
2012-10-19,"20121019",681.5,148.643125,-999,209.256875,223.718854166667,180.516145833333,254.523125,458.3
2012-10-20,"20121020",681.5,148.6775,-999,209.361354166667,223.704166666667,180.43625,254.690208333333,458.1
2012-10-21,"20121021",681.5,148.698125,-999,209.425,223.676145833333,180.4453125,255.011666666667,457.9
2012-10-22,"20121022",681.5,148.752708333333,-999,209.524375,223.661458333333,180.446145833333,255.200520833333,458.4
2012-10-23,"20121023",681.5,148.8225,-999,209.6403125,223.663958333333,180.6821875,255.262395833333,457.9
2012-10-24,"20121024",681.5,148.899166666667,-999,209.6609375,223.656145833333,180.85,255.331770833333,457.8
2012-10-25,"20121025",681.5,148.940208333333,-999,209.727708333333,223.6484375,181.013125,255.376458333333,458.6
2012-10-26,"20121026",681.5,148.958541666667,-999,209.973333333333,223.6221875,181.048958333333,255.289895833333,458.5
2012-10-27,"20121027",681.5,148.996458333333,-999,210.266666666667,223.604791666667,180.918229166667,255.4465625,457.5
2012-10-28,"20121028",681.4,149.032708333333,-999,210.390625,223.598854166667,181.0715625,255.7946875,457.4
2012-10-29,"20121029",681.4,149.077291666667,-999,210.833854166667,223.587708333333,181.221041666667,256.085520833333,457.3
2012-10-30,"20121030",681.4,149.125625,-999,212.306875,223.5640625,181.181875,256.166145833333,457.3
2012-10-31,"20121031",681.4,149.153125,-999,214.3259375,223.5503125,181.178229166667,256.1625,457.2
2012-11-01,"20121101",681.4,149.200833333333,-999,214.505,223.548125,181.387083333333,256.184270833333,457.2
2012-11-02,"20121102",681.4,149.211875,-999,213.2475,223.520104166667,181.51,256.165729166667,457.1
2012-11-03,"20121103",681.4,149.250416666667,-999,211.32625,223.519583333333,181.649270833333,256.2184375,457
2012-11-04,"20121104",681.4,149.275833333333,-999,211.226875,223.494479166667,181.7321875,256.244166666667,456.9
2012-11-05,"20121105",681.4,149.301875,-999,211.193125,223.4628125,181.684791666667,256.078333333333,456.8
2012-11-06,"20121106",681.4,149.351875,-999,211.189166666667,223.450833333333,181.657708333333,255.859479166667,456.7
2012-11-07,"20121107",681.4,149.387083333333,-999,211.4646875,223.449791666667,181.674583333333,255.5740625,456.6
2012-11-08,"20121108",681.4,149.402083333333,-999,211.62,223.435625,181.656770833333,255.277083333333,456.6
2012-11-09,"20121109",681.5,149.440416666667,-999,211.658958333333,223.425833333333,181.676458333333,254.9415625,456.6
2012-11-10,"20121110",681.5,149.476458333333,-999,211.726041666667,223.399375,181.885520833333,254.682395833333,456.4
2012-11-11,"20121111",681.5,149.543333333333,-999,211.029895833333,223.404895833333,182.117395833333,254.863541666667,456.3
2012-11-12,"20121112",681.4,149.57125,-999,210.245520833333,223.371979166667,182.200104166667,255.030625,456.2
2012-11-13,"20121113",681.4,149.609583333333,-999,210.325104166667,223.352916666667,182.097604166667,255.033229166667,456.2
2012-11-14,"20121114",681.4,149.632083333333,-999,210.377708333333,223.345,182.084270833333,255.064375,456
2012-11-15,"20121115",681.4,149.646875,-999,210.460520833333,223.332916666667,182.116979166667,255.087708333333,456
2012-11-16,"20121116",681.4,149.664375,-999,210.549479166667,223.311666666667,182.183333333333,255.140104166667,455.9
2012-11-17,"20121117",681.4,149.712708333333,-999,210.583125,223.318854166667,182.194895833333,255.400104166667,455.8
2012-11-18,"20121118",681.3,149.765833333333,-999,209.505,223.346145833333,182.536666666667,255.8321875,455.8
2012-11-19,"20121119",681.3,149.7925,-999,208.720104166667,223.306666666667,182.707291666667,256.0190625,455.7
2012-11-20,"20121120",681.3,149.823541666667,-999,208.738229166667,223.299791666667,182.6721875,256.001041666667,455.4
2012-11-21,"20121121",681.3,149.856875,-999,208.7190625,223.297291666667,182.774583333333,255.715,455.4
2012-11-22,"20121122",681.4,149.884375,-999,208.7903125,223.290625,182.929479166667,255.593229166667,455.4
2012-11-23,"20121123",681.4,149.908541666667,-999,208.8015625,223.292604166667,183.0234375,255.613958333333,455.4
2012-11-24,"20121124",681.3,149.931458333333,-999,209.257916666667,223.294270833333,182.986458333333,255.623645833333,455.3
2012-11-25,"20121125",681.3,149.951041666667,-999,209.832708333333,223.287083333333,182.908125,255.672708333333,455.2
2012-11-26,"20121126",681.3,149.97625,-999,209.256770833333,223.2715625,183.007916666667,255.5003125,455.1
2012-11-27,"20121127",681.3,150.007083333333,-999,208.704895833333,223.27,183.108645833333,255.2503125,454.9
2012-11-28,"20121128",681.3,150.04125,-999,208.3484375,223.252395833333,183.040104166667,255.0353125,454.9
2012-11-29,"20121129",681.3,150.066666666667,-999,208.2153125,223.256770833333,183.179375,254.786458333333,454.8
2012-11-30,"20121130",681.4,150.249166666667,-999,208.564895833333,223.386041666667,183.333125,255.186666666667,454.8
2012-12-01,"20121201",681.8,150.378541666667,-999,208.749375,223.462395833333,183.624479166667,255.639895833333,454.8
2012-12-02,"20121202",682.1,150.536666666667,-999,209.105520833333,223.786875,183.837604166667,256.176458333333,454.8
2012-12-03,"20121203",685.8,150.648958333333,-999,210.001458333333,224.493541666667,184.4115625,256.6215625,455.2
2012-12-04,"20121204",685.9,150.724583333333,-999,210.929375,224.7284375,184.747604166667,256.744270833333,455.2
2012-12-05,"20121205",686.2,150.867291666667,-999,211.702083333333,224.937083333333,185.023229166667,256.51,454.8
2012-12-06,"20121206",686.4,150.995625,-999,212.339895833333,225.140208333333,185.406145833333,256.277395833333,455.3
2012-12-07,"20121207",686.3,151.111875,-999,212.739479166667,225.312916666667,185.7815625,256.031770833333,455.5
2012-12-08,"20121208",686.3,151.229166666667,-999,212.4846875,225.501354166667,186.1371875,255.823854166667,455.6
2012-12-09,"20121209",686.1,151.322708333333,-999,212.913958333333,225.639895833333,186.609375,255.7359375,455.6
2012-12-10,"20121210",686,151.435625,-999,213.2321875,225.7471875,187.060625,255.561041666667,455.8
2012-12-11,"20121211",686,151.554375,-999,213.509270833333,225.830833333333,187.247395833333,255.237708333333,455.8
2012-12-12,"20121212",685.9,151.631666666667,-999,213.8725,225.8846875,187.468645833333,254.9578125,455.8
2012-12-13,"20121213",685.8,151.70625,-999,214.121770833333,225.9021875,187.806770833333,254.652291666667,455.8
2012-12-14,"20121214",685.8,151.773125,-999,214.181875,225.895208333333,188.095,254.348854166667,455.8
2012-12-15,"20121215",685.7,151.841458333333,-999,214.159270833333,225.913958333333,188.5659375,254.314583333333,455.9
2012-12-16,"20121216",685.3,151.888125,-999,213.3646875,225.9140625,188.924895833333,254.577291666667,456.4
2012-12-17,"20121217",684.9,151.955208333333,-999,212.733645833333,225.895729166667,189.207083333333,254.842604166667,456.7
2012-12-18,"20121218",684.6,152.000416666667,-999,212.773333333333,225.885625,189.539270833333,254.955,457.2
2012-12-19,"20121219",684.2,152.046458333333,-999,212.124791666667,225.916770833333,190.06,255.135520833333,457.3
2012-12-20,"20121220",683.9,152.07625,-999,211.340416666667,226.011666666667,190.234166666667,255.280729166667,457.7
2012-12-21,"20121221",683.5,152.135,-999,210.927291666667,226.1134375,190.276458333333,255.284583333333,458.1
2012-12-22,"20121222",683,152.263333333333,-999,211.454479166667,226.305625,190.768229166667,255.31125,458.5
2012-12-23,"20121223",683.5,152.418541666667,-999,212.416041666667,226.771458333333,191.435208333333,255.503958333333,459.1
2012-12-24,"20121224",687.4,152.6575,-999,214.854479166667,228.607395833333,192.446354166667,255.8025,460.8
2012-12-25,"20121225",688,152.77875,-999,216.6459375,229.07375,192.900729166667,255.853958333333,462.5
2012-12-26,"20121226",688.3,152.956875,-999,217.8315625,229.397708333333,193.535729166667,255.86625,462
2012-12-27,"20121227",688.9,153.122708333333,-999,218.9275,229.686354166667,194.250520833333,255.6625,462.6
2012-12-28,"20121228",688.9,153.294375,-999,219.6925,229.9715625,194.760416666667,255.3371875,462.9
2012-12-29,"20121229",688.7,153.461458333333,-999,219.783645833333,230.220104166667,195.246770833333,255.241770833333,463
2012-12-30,"20121230",688.5,153.609791666667,-999,219.675520833333,230.469166666667,195.8840625,255.268229166667,463
2012-12-31,"20121231",688,153.726666666667,-999,219.460833333333,230.659895833333,196.644479166667,255.28375,463.1
2013-01-01,"20130101",687.9,153.856041666667,-999,219.660416666667,230.867604166667,197.243229166667,255.333645833333,463.1
2013-01-02,"20130102",687.5,153.969791666667,-999,219.4690625,231.0659375,197.713125,255.334479166667,463.1
2013-01-03,"20130103",686.8,154.106875,-999,219.543333333333,231.237395833333,198.214166666667,255.271666666667,463.1
2013-01-04,"20130104",686.7,154.285208333333,-999,219.615729166667,231.411770833333,198.7434375,255.2603125,463.1
2013-01-05,"20130105",686.3,154.492291666667,-999,219.776666666667,231.5690625,199.168020833333,255.281770833333,463.2
2013-01-06,"20130106",685.9,154.727916666667,-999,219.9009375,231.766145833333,199.705729166667,255.355729166667,463.2
2013-01-07,"20130107",685.5,154.924166666667,-999,220.068645833333,231.922708333333,200.330520833333,255.348541666667,463.2
2013-01-08,"20130108",685,155.088125,-999,220.285,232.075833333333,200.834166666667,255.28,463.2
2013-01-09,"20130109",684.6,155.232916666667,-999,220.422708333333,232.229166666667,201.173333333333,255.286145833333,463.1
2013-01-10,"20130110",684.2,155.403333333333,-999,220.711354166667,232.361770833333,201.687083333333,255.10625,463.2
2013-01-11,"20130111",683.8,155.554583333333,-999,220.9359375,232.504375,202.3484375,254.8265625,463.2
2013-01-12,"20130112",683.4,155.725208333333,-999,221.025625,232.6325,202.906770833333,254.789270833333,463.2
2013-01-13,"20130113",682.9,155.8725,-999,221.105625,232.7584375,203.472291666667,254.802083333333,463.2
2013-01-14,"20130114",682.4,156.006041666667,-999,221.237083333333,232.84125,204.162708333333,254.660625,463.2
2013-01-15,"20130115",682,156.175416666667,-999,221.4640625,232.949166666667,204.73125,254.353229166667,463.2
2013-01-16,"20130116",681.6,156.356875,-999,221.555104166667,233.032604166667,205.0215625,254.0384375,463.2
2013-01-17,"20130117",681.2,156.500625,-999,221.624895833333,233.091875,205.247083333333,253.7325,463.2
2013-01-18,"20130118",681,156.631666666667,-999,221.825416666667,233.156458333333,205.5690625,253.606875,463.2
2013-01-19,"20130119",680.9,156.754166666667,-999,222.577604166667,233.215208333333,206.004270833333,253.465625,463.2
2013-01-20,"20130120",680.7,156.863125,-999,223.146666666667,233.272083333333,206.4928125,253.372708333333,463.2
2013-01-21,"20130121",680.5,156.979791666667,-999,223.604895833333,233.30875,206.901458333333,253.214791666667,463.2
2013-01-22,"20130122",680.4,157.097083333333,-999,223.9653125,233.353958333333,207.160833333333,252.933958333333,463.2
2013-01-23,"20130123",680.1,157.220625,-999,224.177291666667,233.390833333333,207.452604166667,252.887395833333,463.2
2013-01-24,"20130124",680,157.355208333333,-999,224.405208333333,233.454895833333,207.899166666667,253.0234375,463.3
2013-01-25,"20130125",680,157.491875,-999,223.65,233.552708333333,208.22125,253.139479166667,463.4
2013-01-26,"20130126",679.8,157.605625,-999,222.740625,233.620833333333,208.420416666667,253.419479166667,463.5
2013-01-27,"20130127",679.8,157.702916666667,-999,221.9915625,233.6834375,208.9328125,253.800625,463.5
2013-01-28,"20130128",679.9,157.802291666667,-999,221.404895833333,233.727291666667,209.4596875,253.993645833333,463.5
2013-01-29,"20130129",679.6,157.900416666667,-999,221.130104166667,233.7375,210.003541666667,254.121875,463.5
2013-01-30,"20130130",679.6,157.991458333333,-999,220.684166666667,233.7615625,210.3065625,254.305208333333,463.5
2013-01-31,"20130131",679.5,158.136595744681,-999,220.462916666667,233.754526315789,210.46375,254.825531914894,463.5
2013-02-01,"20130201",679.4,158.281458333333,-999,220.3459375,233.767083333333,210.5728125,255.358854166667,463.5
2013-02-02,"20130202",679.4,158.366875,-999,220.202395833333,233.797708333333,210.9346875,255.561875,463.1
2013-02-03,"20130203",679.4,158.456666666667,-999,219.91375,233.779583333333,211.280416666667,255.8871875,462.7
2013-02-04,"20130204",679.7,158.537708333333,-999,219.73125,233.737083333333,211.460520833333,256.08875,462.3
2013-02-05,"20130205",679.8,158.609583333333,-999,219.5540625,233.674791666667,211.546875,256.142916666667,461.9
2013-02-06,"20130206",679.8,158.692708333333,-999,219.375208333333,233.598125,211.709791666667,256.15375,461.6
2013-02-07,"20130207",679.9,158.754375,-999,219.103854166667,233.531458333333,211.876458333333,256.316666666667,461.3
2013-02-08,"20130208",679.9,158.853541666667,-999,218.9065625,233.4653125,212.1271875,256.450104166667,461
2013-02-09,"20130209",680,158.902083333333,-999,218.776354166667,233.400104166667,212.517083333333,256.6446875,460.7
2013-02-10,"20130210",679.2,158.971458333333,-999,219.193125,233.347291666667,212.8559375,256.993229166667,460.7
2013-02-11,"20130211",679,159.027291666667,-999,218.731145833333,233.250729166667,213.1646875,257.2,460.7
2013-02-12,"20130212",677,159.09625,-999,218.121770833333,233.171666666667,213.420208333333,257.2909375,460.9
2013-02-13,"20130213",676,159.147708333333,-999,218.1490625,233.0715625,213.478020833333,257.3909375,461.3
2013-02-14,"20130214",676,159.201875,-999,219.305625,232.994791666667,213.396979166667,257.431875,461.3
2013-02-15,"20130215",676,159.254583333333,-999,220.761145833333,232.951041666667,213.405833333333,257.491875,461.1
2013-02-16,"20130216",676,159.325208333333,-999,221.709895833333,232.922708333333,213.427916666667,257.475208333333,460.7
2013-02-17,"20130217",676,159.369166666667,-999,222.136875,232.909479166667,213.513333333333,257.442604166667,460.3
2013-02-18,"20130218",676,159.419583333333,-999,222.631354166667,232.904479166667,213.7603125,257.471875,459.9
2013-02-19,"20130219",676,159.503958333333,-999,223.033229166667,232.881041666667,213.779791666667,257.346770833333,459.6
2013-02-20,"20130220",676,159.599791666667,-999,223.153854166667,232.864895833333,214.076041666667,257.071458333333,459.2
2013-02-21,"20130221",677,159.673541666667,-999,221.995729166667,232.821145833333,214.253541666667,256.725416666667,458.8
2013-02-22,"20130222",677,159.740416666667,-999,219.315416666667,232.756458333333,214.376875,256.559583333333,458.5
2013-02-23,"20130223",677,159.797083333333,-999,216.929166666667,232.722708333333,214.485208333333,256.39,458.2
2013-02-24,"20130224",677,159.861875,-999,214.554375,232.648541666667,214.727604166667,256.280104166667,457.9
2013-02-25,"20130225",676.9,159.92375,-999,212.028229166667,232.5865625,214.864166666667,256.1421875,457.6
2013-02-26,"20130226",677,159.96625,-999,212.78625,232.486666666667,214.808958333333,256.122916666667,457.3
2013-02-27,"20130227",676.7,160.039166666667,-999,214.456041666667,232.417083333333,214.941875,256.1678125,457
2013-02-28,"20130228",676.7,160.104791666667,-999,215.616354166667,232.3625,215.100208333333,256.203645833333,456.9
2013-03-01,"20130301",676.7,160.193958333333,-999,216.8684375,232.310833333333,215.006041666667,256.3665625,456.7
2013-03-02,"20130302",676.7,160.277083333333,-999,217.9103125,232.294895833333,214.7984375,256.7075,456.4
2013-03-03,"20130303",676.7,160.34875,-999,219.254270833333,232.274270833333,214.941875,257.055729166667,456.3
2013-03-04,"20130304",676.7,160.424166666667,-999,220.433958333333,232.2471875,215.087083333333,257.296875,456
2013-03-05,"20130305",676.7,160.485833333333,-999,221.3578125,232.219895833333,214.968541666667,257.378125,455.8
2013-03-06,"20130306",677,160.46625,-999,222.111354166667,232.2115625,215.06,257.483125,455.7
2013-03-07,"20130307",677,160.399166666667,-999,222.57125,232.2359375,215.108020833333,257.613333333333,455.3
2013-03-08,"20130308",677,160.376458333333,-999,223.201770833333,232.305,215.1515625,257.659895833333,454.8
2013-03-09,"20130309",677,160.317083333333,-999,224.178958333333,232.3078125,215.669791666667,257.837916666667,454.9
2013-03-10,"20130310",677,160.276875,-999,224.452916666667,232.340833333333,215.999895833333,258.158958333333,454.8
2013-03-11,"20130311",677,160.244791666667,-999,224.3009375,232.386979166667,216.044270833333,258.442083333333,454.7
2013-03-12,"20130312",677,160.216041666667,-999,224.305416666667,232.38375,215.973229166667,258.513541666667,454.4
2013-03-13,"20130313",677,160.196458333333,-999,224.754791666667,232.4209375,215.963020833333,258.525729166667,454.3
2013-03-14,"20130314",677,160.194583333333,-999,224.6571875,232.438125,215.990520833333,258.522708333333,454.1
2013-03-15,"20130315",677,160.177708333333,-999,224.862708333333,232.496145833333,215.970833333333,258.5925,453.9
2013-03-16,"20130316",677,160.176458333333,-999,225.204791666667,232.556354166667,216.062395833333,258.783541666667,453.7
2013-03-17,"20130317",677,160.171041666667,-999,225.1446875,232.598333333333,216.322395833333,259.085416666667,453.7
2013-03-18,"20130318",677,160.163958333333,-999,225.382708333333,232.6559375,216.384895833333,259.313541666667,453.2
2013-03-19,"20130319",677,160.155208333333,-999,225.248125,232.6996875,216.380729166667,259.397395833333,453
2013-03-20,"20130320",677,160.152916666667,-999,225.316979166667,232.758958333333,216.378125,259.414895833333,452.9
2013-03-21,"20130321",677,160.159791666667,-999,225.435,232.830104166667,216.399583333333,259.438645833333,452.7
2013-03-22,"20130322",677,160.153333333333,-999,225.787291666667,232.8921875,216.379583333333,259.480416666667,452.5
2013-03-23,"20130323",677,160.153541666667,-999,225.697916666667,232.975833333333,216.4884375,259.704166666667,452.3
2013-03-24,"20130324",677,160.163333333333,-999,225.699895833333,233.048645833333,216.6075,260.037604166667,452.1
2013-03-25,"20130325",677,160.166875,-999,225.701458333333,233.0965625,216.663854166667,260.118541666667,451.9
2013-03-26,"20130326",677.5,160.1725,-999,225.850833333333,233.151875,216.6646875,259.847916666667,451.7
2013-03-27,"20130327",677.5,160.170833333333,-999,225.8271875,233.2153125,216.682083333333,259.565416666667,451.6
2013-03-28,"20130328",677.5,160.182291666667,-999,225.804375,233.2725,216.731041666667,259.226145833333,451.3
2013-03-29,"20130329",677,160.199583333333,-999,225.853333333333,233.335729166667,216.711875,258.875104166667,451.1
2013-03-30,"20130330",677,160.211458333333,-999,225.902083333333,233.407708333333,216.790520833333,258.696458333333,450.9
2013-03-31,"20130331",677,160.225,-999,225.966458333333,233.467083333333,217.0209375,258.696875,450.7
2013-04-01,"20130401",678,160.252916666667,-999,225.98125,233.499166666667,217.1875,258.5084375,450.1
2013-04-02,"20130402",678.3,160.261041666667,-999,225.988020833333,233.5478125,217.1721875,258.205729166667,450.4
2013-04-03,"20130403",678.3,160.252916666667,-999,226.062604166667,233.5809375,217.043020833333,257.877083333333,450.2
2013-04-04,"20130404",678.3,160.275208333333,-999,226.101041666667,233.6334375,216.996979166667,257.681354166667,450.2
2013-04-05,"20130405",678,160.290208333333,-999,226.141354166667,233.678125,217.100104166667,257.573020833333,450.2
2013-04-06,"20130406",678.3,160.300833333333,-999,226.23625,233.756458333333,217.197916666667,257.519791666667,450.2
2013-04-07,"20130407",678.5,160.316666666667,-999,226.268541666667,233.8225,217.263125,257.479270833333,450.2
2013-04-08,"20130408",678.5,160.32875,-999,226.304791666667,233.858854166667,217.149375,257.288541666667,449.8
2013-04-09,"20130409",678.5,160.326875,-999,226.552395833333,233.8496875,217.246458333333,256.953333333333,449.8
2013-04-10,"20130410",678.5,160.368958333333,-999,226.3446875,233.892916666667,217.310625,256.700520833333,449.5
2013-04-11,"20130411",678.5,160.389166666667,-999,226.4421875,233.9290625,217.168541666667,256.409479166667,449.6
2013-04-12,"20130412",678,160.404375,-999,226.527604166667,233.960208333333,217.095416666667,256.034895833333,449.5
2013-04-13,"20130413",678,160.412708333333,-999,226.510625,233.989166666667,217.199166666667,255.761354166667,449.3
2013-04-14,"20130414",678,160.416666666667,-999,226.542291666667,234.003229166667,217.389791666667,255.6590625,449.2
2013-04-15,"20130415",678,160.447708333333,-999,226.4821875,234.013645833333,217.432395833333,255.4734375,449.2
2013-04-16,"20130416",678,160.44125,-999,226.768541666667,234.0009375,217.540208333333,255.110520833333,448.9
2013-04-17,"20130417",678,160.449583333333,-999,226.885104166667,233.97875,217.6375,254.783125,448.9
2013-04-18,"20130418",678,160.475,-999,226.945833333333,233.9971875,217.64625,254.777083333333,448.9
2013-04-19,"20130419",678,160.5125,-999,226.660104166667,234.050208333333,217.631354166667,254.867708333333,448.9
2013-04-20,"20130420",678,160.5275,-999,226.551354166667,234.076770833333,217.667708333333,255.108020833333,448.8
2013-04-21,"20130421",678,160.548958333333,-999,226.614270833333,234.0803125,217.771145833333,255.436875,448.7
2013-04-22,"20130422",678,160.561458333333,-999,226.748229166667,234.062291666667,217.757291666667,255.6209375,448.7
2013-04-23,"20130423",678,160.567708333333,-999,227.030729166667,234.01375,217.656979166667,255.632916666667,448.4
2013-04-24,"20130424",678,160.627916666667,-999,226.683541666667,234.026875,217.539479166667,255.753333333333,448.2
2013-04-25,"20130425",678,160.635625,-999,226.51,234.0096875,217.70875,255.84625,448.4
2013-04-26,"20130426",678,160.656041666667,-999,226.725208333333,234.006458333333,217.898958333333,255.825,448.6
2013-04-27,"20130427",678,160.661875,-999,226.828541666667,234.004895833333,218.050729166667,255.845104166667,448.8
2013-04-28,"20130428",678,160.675625,-999,226.716354166667,233.9865625,218.010833333333,256.099270833333,448.8
2013-04-29,"20130429",678,160.68875,-999,227.0403125,233.948645833333,217.911875,256.2625,449.2
2013-04-30,"20130430",678,160.72625,-999,226.813541666667,233.917708333333,217.816041666667,256.2328125,449.3
2013-05-01,"20130501",678,160.695,-999,226.613645833333,233.835729166667,217.923645833333,256.2228125,449.3
2013-05-02,"20130502",678,160.700208333333,-999,226.824270833333,233.817604166667,218.005729166667,256.212291666667,449.4
2013-05-03,"20130503",677.8,160.727083333333,-999,226.612708333333,233.788958333333,217.8515625,256.227291666667,449.4
2013-05-04,"20130504",678,160.776041666667,-999,226.5334375,233.765,217.659479166667,256.4115625,449.3
2013-05-05,"20130505",678,160.810833333333,-999,226.485104166667,233.740833333333,217.863333333333,256.748125,449.4
2013-05-06,"20130506",678,160.8225,-999,226.428645833333,233.688020833333,218.0709375,257.072395833333,449.6
2013-05-07,"20130507",678,160.832083333333,-999,226.235729166667,233.6259375,218.123333333333,257.319375,449.8
2013-05-08,"20130508",678,160.864166666667,-999,227.251458333333,233.594375,218.166145833333,257.5715625,449.8
2013-05-09,"20130509",678,160.881458333333,-999,227.579791666667,233.5615625,218.070208333333,257.814166666667,450
2013-05-10,"20130510",678,160.889791666667,-999,227.285729166667,233.553854166667,218.048958333333,258.082083333333,450.2
2013-05-11,"20130511",678,160.896041666667,-999,227.267708333333,233.543125,217.966458333333,258.257291666667,450.3
2013-05-12,"20130512",678,160.911875,-999,226.493958333333,233.5434375,218.039375,258.550208333333,450.3
2013-05-13,"20130513",678,160.912083333333,-999,226.766666666667,233.508020833333,218.011354166667,258.6225,450.7
2013-05-14,"20130514",678,160.925833333333,-999,226.1865625,233.452604166667,217.900104166667,258.467291666667,450.8
2013-05-15,"20130515",678,160.947083333333,-999,226.463854166667,233.399479166667,217.919479166667,258.1503125,450.7
2013-05-16,"20130516",678,160.99170212766,-999,227.302,233.413103448276,217.911041666667,257.795806451613,450.7
2013-05-17,"20130517",678,161.002291666667,-999,226.516458333333,233.385416666667,217.990104166667,257.447604166667,450.7
2013-05-18,"20130518",678,161.00125,-999,226.4403125,233.3246875,218.016770833333,257.119583333333,450.6
2013-05-19,"20130519",678,160.996875,-999,227.093020833333,233.260520833333,217.973958333333,256.966354166667,450.6
2013-05-20,"20130520",678,160.994166666667,-999,226.5840625,233.191979166667,217.890625,256.9153125,450.7
2013-05-21,"20130521",678,161.038541666667,-999,226.424583333333,233.1596875,217.800208333333,256.655416666667,450.7
2013-05-22,"20130522",678,161.018958333333,-999,226.613854166667,233.12375,217.698229166667,256.231979166667,450.6
2013-05-23,"20130523",678,161.031666666667,-999,226.603854166667,233.120625,217.573854166667,255.7875,450.6
2013-05-24,"20130524",678.3,161.030416666667,-999,226.536666666667,233.118645833333,217.487708333333,255.340520833333,450.6
2013-05-25,"20130525",678.3,161.029583333333,-999,226.693333333333,233.143645833333,217.551770833333,255.021979166667,450.6
2013-05-26,"20130526",678.3,161.038541666667,-999,226.627395833333,233.150416666667,217.769791666667,254.941354166667,450.6
2013-05-27,"20130527",678.3,161.08,-999,227.26125,233.156145833333,217.91,254.955625,450.5
2013-05-28,"20130528",678.3,161.074166666667,-999,227.183229166667,233.092083333333,217.8421875,254.88,450.2
2013-05-29,"20130529",678.3,161.073333333333,-999,227.1396875,233.0246875,217.783125,254.791354166667,450.1
2013-05-30,"20130530",678.3,161.082291666667,-999,227.085208333333,232.934166666667,217.716979166667,254.681458333333,450
2013-05-31,"20130531",678.3,161.077708333333,-999,226.7940625,232.894375,217.591979166667,254.604583333333,449.9
2013-06-01,"20130601",678.3,161.07875,-999,227.099479166667,232.871458333333,217.370104166667,254.598125,449.9
2013-06-02,"20130602",678.3,161.084375,-999,227.005625,232.881770833333,217.307916666667,254.8321875,449.9
2013-06-03,"20130603",678.2,161.087708333333,-999,226.714479166667,232.852395833333,217.3559375,254.943645833333,450.2
2013-06-04,"20130604",678.2,161.099166666667,-999,227.322708333333,232.830520833333,217.382604166667,254.926458333333,450.4
2013-06-05,"20130605",678.2,161.085208333333,-999,227.318020833333,232.83,217.370104166667,254.949791666667,450.6
2013-06-06,"20130606",678.2,161.075,-999,227.5959375,232.861354166667,217.250520833333,254.866979166667,450.8
2013-06-07,"20130607",678.2,161.069791666667,-999,227.877291666667,232.881458333333,217.047916666667,254.835833333333,450.9
2013-06-08,"20130608",678.2,161.073958333333,-999,227.794166666667,232.9115625,216.9434375,254.927083333333,451
2013-06-09,"20130609",678.2,161.068333333333,-999,227.857708333333,232.921145833333,217.191354166667,255.228229166667,451.2
2013-06-10,"20130610",678.2,161.059375,-999,227.748020833333,232.892395833333,217.2809375,255.381041666667,451.3
2013-06-11,"20130611",678.2,161.061041666667,-999,227.863645833333,232.8534375,217.2303125,255.332395833333,451.5
2013-06-12,"20130612",678.2,161.029791666667,-999,228.3553125,232.803333333333,217.123020833333,255.318541666667,451.6
2013-06-13,"20130613",678.2,160.999375,-999,228.985520833333,232.805833333333,217.0253125,255.513020833333,451.9
2013-06-14,"20130614",678.7,160.979166666667,-999,229.363020833333,232.836666666667,216.702708333333,255.577291666667,452.1
2013-06-15,"20130615",678.2,161.004375,-999,229.6415625,232.9075,216.6159375,255.6096875,452.2
2013-06-16,"20130616",678.2,160.985,-999,229.706875,232.943541666667,216.805520833333,255.813020833333,452.2
2013-06-17,"20130617",678.2,160.978125,-999,230.086458333333,232.970729166667,216.8265625,255.925520833333,452.6
2013-06-18,"20130618",678.3,160.953541666667,-999,229.849166666667,232.990104166667,216.665729166667,255.942916666667,452.6
2013-06-19,"20130619",678.3,160.95375,-999,229.556666666667,232.981145833333,216.5440625,255.9503125,452.6
2013-06-20,"20130620",678.3,160.950416666667,-999,229.3684375,233.015416666667,216.334166666667,255.977291666667,452.6
2013-06-21,"20130621",678.3,160.949375,-999,229.296041666667,233.063958333333,216.104166666667,255.908125,452.6
2013-06-22,"20130622",678.3,160.935416666667,-999,229.335833333333,233.133333333333,215.904270833333,256.019375,452.6
2013-06-23,"20130623",678.3,160.94625,-999,229.0703125,233.258125,215.905208333333,256.356354166667,452.6
2013-06-24,"20130624",678.9,160.960625,-999,228.937708333333,233.300208333333,215.8834375,256.49,452.6
2013-06-25,"20130625",677.9,160.9525,-999,228.513958333333,233.32375,215.878020833333,256.4540625,452.5
2013-06-26,"20130626",677.9,160.949375,-999,228.208958333333,233.346458333333,215.853125,256.393125,452.7
2013-06-27,"20130627",677.9,160.953541666667,-999,228.084166666667,233.401770833333,215.7696875,256.348125,452.9
2013-06-28,"20130628",677.9,160.933125,-999,228.018125,233.430625,215.553958333333,256.2771875,453.1
2013-06-29,"20130629",677.9,160.941041666667,-999,228.207604166667,233.455625,215.371666666667,256.3709375,453.3
2013-06-30,"20130630",677.9,160.94625,-999,228.401458333333,233.494583333333,215.341979166667,256.650104166667,453.3
2013-07-01,"20130701",677.9,160.93625,-999,228.760625,233.4978125,215.3003125,256.738541666667,453.3
2013-07-02,"20130702",677.9,160.945416666667,-999,229.258229166667,233.529166666667,215.064166666667,256.6715625,453.5
2013-07-03,"20130703",677.9,160.915208333333,-999,229.68,233.5765625,214.891458333333,256.63375,453.6
2013-07-04,"20130704",677.9,160.903333333333,-999,230.369895833333,233.6209375,214.80125,256.774375,453.7
2013-07-05,"20130705",677.9,160.902708333333,-999,231.519583333333,233.6353125,214.918333333333,256.9821875,453.7
2013-07-06,"20130706",677.9,160.887083333333,-999,231.586979166667,233.600625,215.0153125,256.977395833333,453.8
2013-07-07,"20130707",677.9,160.898541666667,-999,231.5971875,233.526041666667,215.152604166667,257.0015625,453.8
2013-07-08,"20130708",677.9,160.894791666667,-999,230.9765625,233.43875,215.2340625,256.840520833333,454.1
2013-07-09,"20130709",677.8,160.891875,-999,229.528125,233.3446875,215.178958333333,256.795833333333,454.2
2013-07-10,"20130710",677.7,160.862291666667,-999,228.243854166667,233.282083333333,214.938229166667,256.846666666667,454.3
2013-07-11,"20130711",677.7,160.838958333333,-999,227.172708333333,233.252291666667,214.811041666667,256.787291666667,454.4
2013-07-12,"20130712",677.7,160.785208333333,-999,227.902395833333,233.1846875,214.740208333333,256.474791666667,454.6
2013-07-13,"20130713",677.7,160.680833333333,-999,228.277395833333,233.1459375,214.5825,256.073645833333,454.7
2013-07-14,"20130714",677.7,160.639583333333,-999,225.64125,233.099270833333,214.517916666667,255.9534375,454.8
2013-07-15,"20130715",677.6,160.617708333333,-999,224.92125,233.076875,214.349375,255.740104166667,454.8
2013-07-16,"20130716",677.6,160.586666666667,-999,224.2403125,233.063958333333,214.29375,255.420416666667,454.9
2013-07-17,"20130717",677.6,160.555833333333,-999,223.9621875,233.053229166667,214.276145833333,255.137395833333,455
2013-07-18,"20130718",677.6,160.511666666667,-999,223.8365625,233.066354166667,214.0971875,254.807083333333,455.2
2013-07-19,"20130719",677.6,160.45625,-999,223.688333333333,233.085520833333,213.96,254.58125,455.3
2013-07-20,"20130720",677.6,160.4225,-999,223.7815625,233.0715625,213.962708333333,254.480104166667,455.3
2013-07-21,"20130721",677.6,160.36875,-999,224.0353125,233.029375,214.053958333333,254.441458333333,455.4
2013-07-22,"20130722",677.5,160.328958333333,-999,223.4021875,232.922708333333,214.2159375,254.206458333333,455.6
2013-07-23,"20130723",677.4,160.279166666667,-999,223.173333333333,232.82875,-999,253.855520833333,455.7
2013-07-24,"20130724",677.4,160.195,-999,223,232.759166666667,-999,253.684791666667,455.8
2013-07-25,"20130725",677.4,160.140625,-999,222.941666666667,232.750208333333,-999,253.600520833333,455.8
2013-07-26,"20130726",677.4,160.091666666667,-999,223.003333333333,232.7615625,-999,253.5040625,455.9
2013-07-27,"20130727",677.4,158.408125,-999,223.1265625,232.8228125,-999,253.714270833333,456
2013-07-28,"20130728",677.4,160.076458333333,-999,223.381770833333,232.8784375,-999,254.0528125,456.1
2013-07-29,"20130729",677.4,160.021666666667,-999,223.31125,232.835520833333,-999,254.1646875,456.2
2013-07-30,"20130730",677.4,159.976666666667,-999,223.345833333333,232.798541666667,-999,254.129166666667,456.3
2013-07-31,"20130731",677.4,159.955833333333,-999,223.210833333333,232.776770833333,-999,254.074895833333,456.3
2013-08-01,"20130801",677.4,159.886041666667,-999,223.092395833333,232.754583333333,-999,254.016041666667,456.5
2013-08-02,"20130802",677.3,159.793958333333,-999,223.014791666667,232.7578125,-999,254.01375,456.5
2013-08-03,"20130803",677.3,159.738958333333,-999,223.129375,232.7771875,-999,254.058229166667,456.5
2013-08-04,"20130804",677.3,159.6725,-999,222.915416666667,232.776458333333,-999,254.3125,456.3
2013-08-05,"20130805",677.3,159.636041666667,-999,223.035625,232.706770833333,-999,254.421979166667,456.3
2013-08-06,"20130806",677.2,159.710625,-999,223.561145833333,232.636979166667,-999,254.381041666667,456.5
2013-08-07,"20130807",677.2,159.764791666667,-999,223.96125,232.59875,-999,254.335416666667,456.7
2013-08-08,"20130808",677.2,159.840833333333,-999,224.7575,232.621770833333,-999,254.337083333333,456.9
2013-08-09,"20130809",677.2,159.898333333333,-999,225.245520833333,232.6659375,-999,254.571458333333,457
2013-08-10,"20130810",677.2,159.958958333333,-999,225.647916666667,232.736875,-999,254.862291666667,457.2
2013-08-11,"20130811",677.1,160.023958333333,-999,225.806666666667,232.827708333333,-999,255.148541666667,457.5
2013-08-12,"20130812",677.1,160.071458333333,-999,226.194895833333,232.870625,-999,255.214270833333,457.7
2013-08-13,"20130813",677.1,160.127083333333,-999,226.111145833333,232.880625,-999,255.133541666667,457.9
2013-08-14,"20130814",677.1,160.217083333333,-999,225.893229166667,232.869270833333,-999,255.073229166667,458.1
2013-08-15,"20130815",677,160.283125,-999,225.395416666667,232.927916666667,-999,255.031354166667,458.3
2013-08-16,"20130816",677,160.335833333333,-999,225.614791666667,233.009270833333,-999,255.036989247312,458.4
2013-08-17,"20130817",677,160.372083333333,-999,225.5753125,233.1125,-999,254.356588235294,458.6
2013-08-18,"20130818",677,160.432708333333,-999,225.92,233.195729166667,-999,254.3934375,458.7
2013-08-19,"20130819",676.9,160.492708333333,-999,225.9384375,233.216875,-999,254.535416666667,458.8
2013-08-20,"20130820",677,160.549166666667,-999,226.006875,233.22375,-999,255.005208333333,458.9
2013-08-21,"20130821",676.9,160.604166666667,-999,225.8084375,233.261145833333,-999,254.993229166667,458.9
2013-08-22,"20130822",676.9,160.660625,-999,225.9265625,233.333020833333,-999,255.079270833333,458.9
2013-08-23,"20130823",676.9,160.710208333333,-999,226.342708333333,233.422708333333,-999,255.116666666667,459
2013-08-24,"20130824",676.9,160.7525,-999,226.3784375,233.518229166667,-999,255.519479166667,459
2013-08-25,"20130825",676.9,160.826875,-999,226.406041666667,233.532291666667,-999,256.006458333333,459.1
2013-08-26,"20130826",676.9,160.89125,-999,226.45,233.5203125,-999,256.095104166667,459.1
2013-08-27,"20130827",676.9,160.928125,-999,226.889166666667,233.487916666667,-999,256.080520833333,459.2
2013-08-28,"20130828",676.8,160.980625,-999,226.815,233.479166666667,-999,256.019479166667,459.3
2013-08-29,"20130829",676.8,161.032083333333,-999,226.578645833333,233.531770833333,-999,255.689270833333,459.4
2013-08-30,"20130830",676.8,161.076666666667,-999,227.034479166667,233.596875,-999,255.332916666667,459.6
2013-08-31,"20130831",676.8,161.142083333333,-999,227.331875,233.660208333333,-999,255.1340625,459.6
2013-09-01,"20130901",676.8,161.188541666667,-999,227.427708333333,233.659166666667,-999,255.187708333333,459.7
2013-09-02,"20130902",676.9,161.256458333333,-999,227.475729166667,233.648020833333,-999,255.250833333333,459.7
2013-09-03,"20130903",676.8,161.346666666667,-999,227.341458333333,233.588125,-999,255.202604166667,459.9
2013-09-04,"20130904",676.8,161.430833333333,-999,226.988645833333,233.5571875,-999,254.868229166667,459.9
2013-09-05,"20130905",676.8,161.499166666667,-999,226.999479166667,233.468958333333,-999,254.5409375,460.3
2013-09-06,"20130906",676.8,161.559375,-999,227.031041666667,233.39875,-999,254.378333333333,460.5
2013-09-07,"20130907",676.7,161.606666666667,-999,226.9078125,233.323020833333,-999,254.4996875,460.6
2013-09-08,"20130908",676.7,161.698333333333,-999,226.878645833333,233.259791666667,-999,254.7478125,460.6
2013-09-09,"20130909",676.6,161.774583333333,-999,226.660104166667,233.190520833333,-999,254.98375,460.6
2013-09-10,"20130910",676.6,161.865625,-999,226.6359375,233.1521875,-999,255.259166666667,460.6
2013-09-11,"20130911",676.6,161.924583333333,-999,226.3446875,233.14875,-999,255.316354166667,460.6
2013-09-12,"20130912",676.7,161.984166666667,-999,225.6453125,233.208854166667,-999,255.239166666667,460.4
2013-09-13,"20130913",676.7,162.04875,-999,225.072916666667,233.298958333333,-999,255.156354166667,460.3
2013-09-14,"20130914",676.6,162.117291666667,-999,224.681458333333,233.406354166667,-999,255.138645833333,460.3
2013-09-15,"20130915",676.6,162.17125,-999,224.258645833333,233.4471875,-999,255.358020833333,460.3
2013-09-16,"20130916",676.7,162.24875,-999,223.76375,233.4375,-999,255.5171875,460.3
2013-09-17,"20130917",676.7,162.304791666667,-999,223.548229166667,233.392916666667,-999,255.458333333333,460.3
2013-09-18,"20130918",676.6,162.366041666667,-999,223.3396875,233.369166666667,-999,255.382916666667,460.5
2013-09-19,"20130919",676.6,162.4325,-999,223.123125,233.388125,-999,255.265104166667,460.1
2013-09-20,"20130920",676.6,162.504375,-999,222.818333333333,233.4321875,-999,255.1946875,460
2013-09-21,"20130921",676.5,162.55375,-999,222.620208333333,233.502916666667,-999,255.285625,459.9
2013-09-22,"20130922",676.5,162.57375,-999,222.821666666667,233.537395833333,-999,255.5428125,460
2013-09-23,"20130923",676.5,162.638125,-999,222.667708333333,233.497916666667,-999,255.6278125,460
2013-09-24,"20130924",676.5,162.74,-999,222.535416666667,233.4465625,-999,255.5978125,460.1
2013-09-25,"20130925",676.5,162.8175,-999,222.6790625,233.3840625,-999,255.539479166667,459.9
2013-09-26,"20130926",676.5,162.895833333333,-999,222.381354166667,233.3775,-999,255.403541666667,460
2013-09-27,"20130927",676.5,162.944791666667,-999,222.084895833333,233.4103125,-999,255.2378125,459.9
2013-09-28,"20130928",676.5,163.01375,-999,222.373229166667,233.504479166667,-999,255.366041666667,459.9
2013-09-29,"20130929",676.5,163.120833333333,-999,222.1171875,233.59375,-999,255.6271875,459.9
2013-09-30,"20130930",676.5,163.211011235955,-999,222.95,233.656428571429,-999,255.657386363636,459.9
2013-10-01,"20131001",676.5,163.296875,-999,223.900416666667,233.6571875,-999,255.529791666667,459.9
2013-10-02,"20131002",676.5,163.364583333333,-999,223.736041666667,233.631041666667,-999,255.4228125,459.9
2013-10-03,"20131003",676.5,163.415,-999,222.837291666667,233.679270833333,-999,255.34125,459.7
2013-10-04,"20131004",676.5,163.433125,-999,222.869166666667,233.776666666667,-999,255.295833333333,459.6
2013-10-05,"20131005",676.4,163.480625,-999,223.3596875,233.9440625,-999,255.459166666667,459.6
2013-10-06,"20131006",676.4,163.55,-999,223.2071875,234.138229166667,-999,255.7275,459.6
2013-10-07,"20131007",676.4,163.624166666667,-999,223.5384375,234.2540625,-999,255.7890625,459.5
2013-10-08,"20131008",676.3,163.691041666667,-999,224.5209375,234.279166666667,-999,255.763333333333,459.2
2013-10-09,"20131009",676.3,163.767291666667,-999,225.38,234.263645833333,-999,255.73875,459.1
2013-10-10,"20131010",676.3,163.838541666667,-999,223.923958333333,234.186458333333,-999,255.738125,459
2013-10-11,"20131011",676.3,163.9175,-999,224.422083333333,234.1134375,-999,255.691041666667,458.9
2013-10-12,"20131012",676.3,163.976875,-999,225.0621875,234.159791666667,-999,255.787395833333,458.9
2013-10-13,"20131013",676.3,164.049375,-999,225.275208333333,234.204895833333,-999,256.063645833333,458.9
2013-10-14,"20131014",676.3,164.120416666667,-999,225.771145833333,234.220729166667,-999,256.1140625,458.9
2013-10-15,"20131015",676.1,164.214166666667,-999,225.731770833333,234.240520833333,-999,256.076979166667,458.9
2013-10-16,"20131016",676.3,164.282916666667,-999,225.405416666667,234.2796875,-999,256.01875,458.9
2013-10-17,"20131017",676.3,164.352916666667,-999,225.978854166667,234.313541666667,-999,255.898125,458.8
2013-10-18,"20131018",676.2,164.423333333333,-999,226.2434375,234.335104166667,-999,255.839375,458.8
2013-10-19,"20131019",676.3,164.4875,-999,226.251875,234.382708333333,-999,256.044166666667,458.8
2013-10-20,"20131020",676.3,164.569583333333,-999,225.513020833333,234.398958333333,-999,256.344166666667,458.8
2013-10-21,"20131021",676.3,164.659791666667,-999,225.385208333333,234.37375,-999,256.5525,458.9
2013-10-22,"20131022",676.3,164.732083333333,-999,225.415729166667,234.331875,-999,256.6484375,458.9
2013-10-23,"20131023",676.3,164.801666666667,-999,225.195520833333,234.327604166667,-999,256.5928125,458.8
2013-10-24,"20131024",676.3,164.865208333333,-999,225.6440625,234.356979166667,-999,256.545625,458.8
2013-10-25,"20131025",676.3,164.91625,-999,226.332708333333,234.448958333333,-999,256.574479166667,458.8
2013-10-26,"20131026",676.1,164.986041666667,-999,226.379583333333,234.544375,-999,256.688854166667,458.8
2013-10-27,"20131027",676.1,165.072083333333,-999,225.965,234.597395833333,-999,256.934583333333,458.8
2013-10-28,"20131028",676.1,165.096666666667,-999,227.679479166667,234.553229166667,-999,256.987083333333,458.7
2013-10-29,"20131029",676.1,165.187916666667,-999,228.267604166667,234.4959375,-999,256.9325,458.7
2013-10-30,"20131030",676.1,165.241666666667,-999,228.102291666667,234.4509375,-999,256.886770833333,458.7
2013-10-31,"20131031",676,165.297916666667,-999,227.204583333333,234.444583333333,-999,256.778020833333,458.7
2013-11-01,"20131101",676,165.377083333333,-999,226.9559375,234.488645833333,-999,256.763958333333,458.7
2013-11-02,"20131102",676,165.465833333333,-999,226.854895833333,234.5465625,-999,256.860416666667,458.6
2013-11-03,"20131103",676,165.527708333333,-999,227.045208333333,234.529791666667,-999,257.045625,458.6
2013-11-04,"20131104",676,165.575833333333,-999,226.843958333333,234.494479166667,-999,257.092395833333,458.6
2013-11-05,"20131105",676,165.613541666667,-999,226.881770833333,234.436354166667,-999,256.8415625,458.5
2013-11-06,"20131106",676,165.57875,-999,227.173020833333,234.407083333333,-999,256.827604166667,458.4
2013-11-07,"20131107",676,165.523958333333,-999,227.282083333333,234.411145833333,-999,256.782708333333,458.4
2013-11-08,"20131108",676,165.488333333333,-999,227.279479166667,234.3896875,-999,256.752291666667,458.3
2013-11-09,"20131109",676,165.435833333333,-999,227.14375,234.343020833333,-999,256.70875,458.1
2013-11-10,"20131110",675.9,165.376041666667,-999,227.312916666667,234.276979166667,-999,256.874791666667,457.9
2013-11-11,"20131111",675.9,165.326041666667,-999,226.968958333333,234.174375,-999,256.9884375,457.7
2013-11-12,"20131112",675.9,165.267916666667,-999,227.075416666667,234.051875,-999,256.904583333333,457.5
2013-11-13,"20131113",675.9,165.240416666667,-999,227.9578125,233.950833333333,-999,256.924583333333,457.5
2013-11-14,"20131114",675.8,165.330833333333,-999,227.922708333333,233.838020833333,-999,256.818958333333,457.3
2013-11-15,"20131115",675.8,165.380625,-999,227.226354166667,233.696979166667,-999,256.702395833333,457.2
2013-11-16,"20131116",675.8,165.458958333333,-999,228.487916666667,233.584270833333,-999,256.706458333333,457
2013-11-17,"20131117",675.8,165.523958333333,-999,228.272291666667,233.466145833333,-999,256.955520833333,456.8
2013-11-18,"20131118",675.8,165.584375,-999,229.421041666667,233.364270833333,-999,257.046666666667,456.7
2013-11-19,"20131119",675.8,165.656666666667,-999,229.314479166667,233.246875,-999,256.968229166667,456.5
2013-11-20,"20131120",675.8,165.766875,-999,229.407395833333,233.20875,-999,257.061041666667,456.5
2013-11-21,"20131121",675.9,165.874791666667,-999,228.9875,233.211979166667,-999,257.0203125,456.3
2013-11-22,"20131122",675.9,165.868333333333,-999,228.795416666667,233.153541666667,-999,256.934270833333,456.1
2013-11-23,"20131123",675.9,165.9325,-999,228.679583333333,233.18,-999,256.901666666667,456
2013-11-24,"20131124",675.8,165.994583333333,-999,228.5578125,233.224166666667,-999,257.070833333333,455.9
2013-11-25,"20131125",675.8,166.05,-999,228.804583333333,233.250416666667,-999,257.210416666667,455.8
2013-11-26,"20131126",675.8,166.12,-999,228.966666666667,233.280625,-999,257.322916666667,455.7
2013-11-27,"20131127",675.9,166.173333333333,-999,229.166666666667,233.275729166667,-999,257.129375,455.7
2013-11-28,"20131128",675.9,166.235,-999,229.28125,233.286979166667,-999,256.972708333333,455.7
2013-11-29,"20131129",675.9,166.279166666667,-999,229.146666666667,233.310520833333,-999,257.001979166667,455.7
2013-11-30,"20131130",675.9,166.329375,-999,229.100104166667,233.309583333333,-999,256.9746875,455.1
2013-12-01,"20131201",675.9,166.386041666667,-999,229.058020833333,233.281979166667,-999,256.92875,454.9
2013-12-02,"20131202",675.9,166.474583333333,-999,228.9409375,233.2728125,-999,256.781458333333,454.8
2013-12-03,"20131203",675.9,166.534375,-999,228.84,233.253125,-999,256.614270833333,454.8
2013-12-04,"20131204",675.9,166.533541666667,-999,228.55375,233.216770833333,-999,256.520416666667,454.6
2013-12-05,"20131205",675.9,166.579166666667,-999,227.834270833333,233.222604166667,-999,256.4390625,454.4
2013-12-06,"20131206",675.9,166.627916666667,-999,227.468020833333,233.289479166667,-999,256.458958333333,454.3
2013-12-07,"20131207",675.9,166.763333333333,-999,228.586875,233.468958333333,-999,256.617291666667,454.3
2013-12-08,"20131208",676,166.790625,-999,228.38375,233.540416666667,-999,256.862083333333,454.1
2013-12-09,"20131209",676,166.815833333333,-999,226.561770833333,233.594583333333,-999,257.060729166667,453.9
2013-12-10,"20131210",676,166.881875,-999,225.998541666667,233.659895833333,-999,257.159791666667,453.8
2013-12-11,"20131211",676,166.909166666667,-999,226.319791666667,233.680104166667,-999,257.1321875,453.8
2013-12-12,"20131212",676,166.968958333333,-999,226.032916666667,233.668020833333,-999,257.143854166667,453.6
2013-12-13,"20131213",676,166.948541666667,-999,225.460625,233.63375,-999,257.127708333333,453.6
2013-12-14,"20131214",675.9,166.911666666667,-999,225.355729166667,233.616979166667,-999,257.12,453.3
2013-12-15,"20131215",675.9,166.974375,-999,225.270833333333,233.643854166667,-999,257.349270833333,453.3
2013-12-16,"20131216",675.9,166.998125,-999,225.351041666667,233.6678125,-999,257.466875,453.2
2013-12-17,"20131217",675.9,167.062291666667,-999,225.520208333333,233.695,-999,257.4353125,453.2
2013-12-18,"20131218",675.9,167.1275,-999,225.407916666667,233.738645833333,-999,257.429270833333,453
2013-12-19,"20131219",675.9,167.166458333333,-999,225.544166666667,233.764583333333,-999,257.393958333333,452.9
2013-12-20,"20131220",675.9,167.1675,-999,225.397604166667,233.795625,-999,257.301145833333,452.8
2013-12-21,"20131221",675.9,167.261458333333,-999,225.330833333333,233.971666666667,-999,257.148645833333,452.8
2013-12-22,"20131222",675.9,167.317291666667,-999,226.048125,234.1034375,-999,257.0784375,452.9
2013-12-23,"20131223",675.9,167.362083333333,-999,226.528333333333,234.22875,-999,257.087916666667,453.2
2013-12-24,"20131224",675.8,167.39125,-999,227.195416666667,234.278958333333,-999,257.12375,453.4
2013-12-25,"20131225",675.8,167.466458333333,-999,227.3709375,234.32,-999,257.13,453.5
2013-12-26,"20131226",675.8,167.515833333333,-999,227.36375,234.323125,-999,256.9184375,453.5
2013-12-27,"20131227",675.8,167.582708333333,-999,227.526086956522,234.297604166667,-999,256.640729166667,453.6
2013-12-28,"20131228",675.8,167.610625,-999,226.732352941176,234.185520833333,-999,256.495416666667,453.6
2013-12-29,"20131229",675.8,167.592083333333,-999,225.9025,234.020104166667,-999,256.670416666667,453.8
2013-12-30,"20131230",675.8,167.720416666667,-999,225.860104166667,234.0003125,-999,256.958229166667,453.8
2013-12-31,"20131231",675.8,167.78,-999,225.603333333333,233.916041666667,-999,257.046979166667,453.9
2014-01-01,"20140101",675.8,167.822708333333,-999,225.236145833333,233.819375,-999,257.248958333333,454.2
2014-01-02,"20140102",675.8,167.873958333333,-999,225.775104166667,233.749479166667,-999,257.328229166667,454.3
2014-01-03,"20140103",675.5,167.9025,-999,225.293020833333,233.706770833333,-999,257.271666666667,454.5
2014-01-04,"20140104",675.5,167.938125,-999,224.9171875,233.633958333333,-999,257.215625,454.7
2014-01-05,"20140105",675.5,167.966458333333,-999,224.745416666667,233.606354166667,-999,257.184895833333,454.2
2014-01-06,"20140106",675.5,168.046458333333,-999,224.733854166667,233.637604166667,-999,257.025104166667,454.2
2014-01-07,"20140107",675.5,168.0975,-999,224.656354166667,233.648958333333,-999,256.660416666667,453.8
2014-01-08,"20140108",675.5,168.182708333333,-999,224.613125,233.696875,-999,256.355208333333,453.5
2014-01-09,"20140109",675.5,168.257291666667,-999,224.576666666667,233.738854166667,-999,255.995416666667,453.2
2014-01-10,"20140110",675.6,168.330625,-999,224.7825,233.817916666667,-999,255.639583333333,452.8
2014-01-11,"20140111",675.5,168.428541666667,-999,225.05375,233.957291666667,-999,255.491041666667,452.4
2014-01-12,"20140112",675.5,168.446875,-999,225.191666666667,234.0475,-999,255.470208333333,452.1
2014-01-13,"20140113",675.5,168.457083333333,-999,225.429166666667,234.1175,-999,255.284583333333,451.8
2014-01-14,"20140114",675.4,168.445,-999,225.68125,234.151145833333,-999,254.953541666667,451.6
2014-01-15,"20140115",675.4,168.548125,-999,226.05125,234.300208333333,-999,254.669166666667,450.9
2014-01-16,"20140116",675.3,168.612916666667,-999,226.256875,234.431875,-999,254.363645833333,450.7
2014-01-17,"20140117",675.2,168.675208333333,-999,226.511145833333,234.601875,-999,254.300104166667,450.4
2014-01-18,"20140118",675.2,168.713125,-999,226.766979166667,234.766145833333,-999,254.433854166667,449.9
2014-01-19,"20140119",675.2,168.78375,-999,227.272708333333,234.903229166667,-999,254.74,449.6
2014-01-20,"20140120",675.2,168.832708333333,-999,227.610833333333,234.961458333333,-999,255.0146875,449.3
2014-01-21,"20140121",674.8,168.891458333333,-999,227.753020833333,235.0128125,-999,255.219583333333,449.3
2014-01-22,"20140122",674.8,168.947708333333,-999,228.077708333333,235.037395833333,-999,255.429791666667,447.9
2014-01-23,"20140123",674.8,169.055625,-999,228.369791666667,235.151666666667,-999,255.691875,448
2014-01-24,"20140124",674.5,169.132916666667,-999,228.755208333333,235.258958333333,-999,255.889791666667,447.7
2014-01-25,"20140125",674.5,169.16125,-999,229.183440860215,235.374270833333,-999,255.898541666667,448
2014-01-26,"20140126",674.3,169.22125,-999,-999,235.475520833333,-999,256.093958333333,448.5
2014-01-27,"20140127",674.3,169.3275,-999,230.783333333333,235.588229166667,-999,256.415520833333,448.5
2014-01-28,"20140128",673.7,169.393333333333,-999,230.481041666667,235.6140625,-999,256.5759375,448.5
2014-01-29,"20140129",673.7,169.485208333333,-999,230.657083333333,235.656770833333,-999,256.6115625,448.7
2014-01-30,"20140130",673.7,169.548541666667,-999,230.974270833333,235.651979166667,-999,256.392395833333,448.8
2014-01-31,"20140131",673.7,169.637708333333,-999,230.891458333333,235.653541666667,-999,255.981666666667,448.9
2014-02-01,"20140201",673.5,169.673541666667,-999,230.801979166667,235.745520833333,-999,255.801041666667,448.9
2014-02-02,"20140202",673.5,169.774583333333,-999,230.969583333333,235.860833333333,-999,255.8684375,448.9
2014-02-03,"20140203",673.3,169.836041666667,-999,231.190625,235.9040625,-999,255.7465625,448.9
2014-02-04,"20140204",673.8,169.873125,-999,231.3484375,235.935625,-999,255.355104166667,449
2014-02-05,"20140205",673.8,169.911538461538,120.8596875,231.622340425532,236.005333333333,-999,255.179892473118,449.2
2014-02-06,"20140206",673.8,-999,121.082083333333,231.716458333333,236.027083333333,-999,255.076041666667,449.5
2014-02-07,"20140207",673.8,-999,121.2953125,231.967708333333,236.242916666667,-999,254.912291666667,449.6
2014-02-08,"20140208",673.8,-999,121.491041666667,232.208645833333,236.4690625,-999,254.754791666667,449.8
2014-02-09,"20140209",673.8,-999,121.684375,232.3646875,236.592604166667,-999,254.733541666667,450.1
2014-02-10,"20140210",673.9,-999,121.889270833333,232.547916666667,236.7509375,-999,254.670625,450.3
2014-02-11,"20140211",674,-999,122.039791666667,232.553854166667,236.777916666667,-999,254.660416666667,450.6
2014-02-12,"20140212",674,-999,122.210208333333,232.5878125,236.8028125,-999,254.854166666667,451
2014-02-13,"20140213",674,-999,122.339479166667,232.5721875,236.781041666667,-999,254.8290625,451.2
2014-02-14,"20140214",674.1,-999,122.526145833333,232.59125,236.797708333333,-999,254.702083333333,451.3
2014-02-15,"20140215",674.1,-999,122.664166666667,232.5496875,236.737604166667,-999,254.335416666667,451.7
2014-02-16,"20140216",674.1,-999,122.834166666667,232.7078125,236.888333333333,-999,254.3384375,451.9
2014-02-17,"20140217",674,-999,122.986458333333,232.728645833333,236.906145833333,-999,254.371041666667,452.2
2014-02-18,"20140218",674,-999,123.115208333333,232.7084375,236.851666666667,-999,254.229479166667,452.4
2014-02-19,"20140219",674,-999,123.115416666667,232.703958333333,236.79875,-999,253.785416666667,452.7
2014-02-20,"20140220",674,-999,121.07625,233.31,236.80375,-999,253.461458333333,452.9
2014-02-21,"20140221",674.1,-999,118.622916666667,233.706666666667,236.6621875,-999,253.284583333333,453.1
2014-02-22,"20140222",674.1,-999,118.2,233.453854166667,236.601145833333,-999,253.104791666667,453.3
2014-02-23,"20140223",674.1,-999,118.358333333333,233.250833333333,236.617916666667,-999,253.233541666667,453.6
2014-02-24,"20140224",674.1,-999,118.5159375,233.036354166667,236.570729166667,-999,253.26375,453.9
2014-02-25,"20140225",674.1,-999,118.678958333333,232.848645833333,236.5015625,-999,252.845104166667,454.1
2014-02-26,"20140226",674.1,-999,118.881666666667,232.648229166667,236.3940625,-999,252.361354166667,454.3
2014-02-27,"20140227",674.1,-999,119.150208333333,232.541145833333,236.380625,-999,252.203645833333,454.6
2014-02-28,"20140228",674.2,-999,119.522708333333,232.177604166667,236.056979166667,-999,251.783229166667,454.9
2014-03-01,"20140301",675,-999,119.828958333333,232.383541666667,236.285,-999,252.089270833333,455.3
2014-03-02,"20140302",676,-999,120.014479166667,232.943854166667,236.864479166667,-999,252.773020833333,455.4
2014-03-03,"20140303",676,-999,120.124270833333,233.30125,237.2009375,-999,253.119583333333,455.4
2014-03-04,"20140304",675.9,-999,120.337291666667,233.338541666667,237.223645833333,-999,253.269895833333,455
2014-03-05,"20140305",676,-999,120.525729166667,233.326458333333,237.2203125,-999,253.385208333333,456.4
2014-03-06,"20140306",676.2,-999,120.777708333333,233.4209375,237.339895833333,-999,253.404479166667,456.6
2014-03-07,"20140307",676.2,-999,120.900520833333,233.458020833333,237.37,-999,253.545104166667,456.6
2014-03-08,"20140308",676.2,-999,121.0821875,233.5725,237.388645833333,-999,253.739583333333,456.6
2014-03-09,"20140309",676.2,-999,121.256875,233.599791666667,237.374583333333,-999,253.8084375,456.6
2014-03-10,"20140310",676.3,-999,121.399791666667,233.645625,237.394375,-999,254.0634375,456.6
2014-03-11,"20140311",676.3,-999,121.4415625,233.542916666667,237.2984375,-999,254.135729166667,456.5
2014-03-12,"20140312",676.3,-999,121.5765625,233.429583333333,237.180208333333,-999,254.082291666667,456.5
2014-03-13,"20140313",676.3,-999,121.743958333333,233.379895833333,237.125,-999,254.0425,456.5
2014-03-14,"20140314",676.3,-999,121.941770833333,233.473645833333,237.19,-999,254.108645833333,456.5
2014-03-15,"20140315",676.3,-999,122.086354166667,233.589479166667,237.2775,-999,254.007395833333,456.5
2014-03-16,"20140316",676.3,-999,122.250833333333,233.568645833333,237.225625,-999,253.882604166667,456.5
2014-03-17,"20140317",676.3,-999,122.393958333333,233.353333333333,236.996875,-999,253.538645833333,456.5
2014-03-18,"20140318",676.3,-999,122.516979166667,233.1053125,236.727916666667,-999,253.2890625,456.6
2014-03-19,"20140319",676.3,-999,122.683229166667,232.85,236.7365625,-999,253.360520833333,456.6
2014-03-20,"20140320",676.4,-999,122.8459375,232.152708333333,236.621458333333,-999,253.230104166667,456.5
2014-03-21,"20140321",676.4,-999,123.001666666667,231.250208333333,236.443541666667,-999,252.91,456.3
2014-03-22,"20140322",676.4,-999,123.172395833333,229.179791666667,236.379375,-999,252.876354166667,456.3
2014-03-23,"20140323",676.4,-999,123.298229166667,227.249791666667,236.3159375,-999,252.993958333333,456.2
2014-03-24,"20140324",676.4,-999,123.435104166667,225.255,236.0878125,-999,252.72375,456.2
2014-03-25,"20140325",676.4,-999,123.596458333333,223.146770833333,235.7628125,-999,252.463958333333,456.2
2014-03-26,"20140326",676.4,-999,123.7821875,220.948958333333,235.481041666667,-999,252.425104166667,456.2
2014-03-27,"20140327",676.4,-999,123.948125,218.8990625,235.5353125,-999,252.66,456.3
2014-03-28,"20140328",676.5,-999,124.087708333333,216.959895833333,235.4809375,-999,252.746041666667,456.3
2014-03-29,"20140329",676.5,-999,124.251145833333,217.684375,235.313958333333,-999,252.866041666667,456.3
2014-03-30,"20140330",676.7,-999,124.4490625,219.152604166667,235.304583333333,-999,253.340625,456.3
2014-03-31,"20140331",676.7,-999,124.581145833333,220.2665625,235.054479166667,-999,253.543229166667,456.3
2014-04-01,"20140401",676.7,-999,124.792708333333,221.421875,235.008229166667,-999,253.978229166667,456.4
2014-04-02,"20140402",676.6,-999,125.052395833333,222.6446875,235.089583333333,-999,254.411875,456.3
2014-04-03,"20140403",676.7,-999,125.131875,223.666770833333,235.109895833333,-999,254.528958333333,456.3
2014-04-04,"20140404",676.7,-999,125.355729166667,224.5078125,235.0271875,-999,254.404375,456.3
2014-04-05,"20140405",677,-999,125.581458333333,225.478125,235.16125,-999,254.701979166667,456.3
2014-04-06,"20140406",677,-999,125.721875,226.299270833333,235.2184375,-999,255.083958333333,456.3
2014-04-07,"20140407",677,-999,125.888645833333,226.8671875,235.123125,-999,255.08625,456.3
2014-04-08,"20140408",677.1,-999,126.075,227.338854166667,235.0503125,-999,254.957395833333,456.2
2014-04-09,"20140409",677.1,-999,126.170208333333,227.754895833333,235.002083333333,-999,254.6,456.2
2014-04-10,"20140410",677.1,-999,126.209479166667,228.113333333333,234.942604166667,-999,254.164895833333,456.3
2014-04-11,"20140411",677.1,-999,126.2246875,228.490833333333,234.923645833333,-999,253.734791666667,456.3
2014-04-12,"20140412",677.1,-999,126.337291666667,229.285,235.011666666667,-999,253.447916666667,456.3
2014-04-13,"20140413",677.1,-999,126.563020833333,229.7221875,235.193958333333,-999,253.4325,456.4
2014-04-14,"20140414",677.1,-999,126.746666666667,230.1546875,235.318229166667,-999,253.3278125,456.4
2014-04-15,"20140415",677.1,-999,126.79375,230.595729166667,235.255104166667,-999,253.079791666667,456.3
2014-04-16,"20140416",677.1,-999,126.787708333333,230.6584375,235.189270833333,-999,252.8890625,456.2
2014-04-17,"20140417",677.2,-999,126.883125,231.075625,235.2315625,-999,252.804791666667,456.2
2014-04-18,"20140418",677.2,-999,127.066354166667,231.192604166667,235.436875,-999,252.8484375,456.2
2014-04-19,"20140419",677.2,-999,127.3653125,231.395520833333,235.737395833333,-999,252.854270833333,456.2
2014-04-20,"20140420",677.2,-999,127.505416666667,231.467395833333,235.8934375,-999,252.824375,456.2
2014-04-21,"20140421",677.1,-999,127.558854166667,231.349791666667,235.847708333333,-999,252.555833333333,456.2
2014-04-22,"20140422",677.1,-999,127.710208333333,231.414375,235.902916666667,-999,252.267395833333,456.2
2014-04-23,"20140423",677.1,-999,127.842604166667,231.838020833333,235.975833333333,-999,251.981041666667,456.1
2014-04-24,"20140424",677.1,-999,127.898333333333,232.065625,235.972083333333,-999,251.758645833333,456
2014-04-25,"20140425",677.1,-999,127.8175,231.7778125,235.841875,-999,251.517291666667,456
2014-04-26,"20140426",677.1,-999,128.078125,231.877708333333,236.0378125,-999,251.951145833333,456
2014-04-27,"20140427",677.1,-999,128.326770833333,232.2278125,236.140729166667,-999,252.4234375,456
2014-04-28,"20140428",677.1,-999,128.531875,232.379791666667,236.176145833333,-999,252.596041666667,456
2014-04-29,"20140429",677.1,-999,128.601979166667,232.038854166667,236.079270833333,-999,252.542291666667,456
2014-04-30,"20140430",677.2,-999,128.635104166667,231.694895833333,235.958541666667,-999,252.485729166667,456.2
2014-05-01,"20140501",677.2,-999,128.776770833333,231.609583333333,235.9778125,-999,252.503125,456.3
2014-05-02,"20140502",677.2,-999,128.900729166667,231.748958333333,235.988229166667,-999,252.441041666667,456.6
2014-05-03,"20140503",677.2,-999,129.016770833333,232.153333333333,236.0146875,-999,252.4690625,456.7
2014-05-04,"20140504",677.2,-999,129.131875,232.5203125,236.1065625,-999,252.725729166667,456.9
2014-05-05,"20140505",677.2,-999,129.199479166667,232.586354166667,236.095833333333,-999,252.819895833333,456.9
2014-05-06,"20140506",677.2,-999,129.176875,232.227291666667,236.0171875,-999,252.745833333333,457.2
2014-05-07,"20140507",677.2,-999,129.3328125,232.216041666667,236.064166666667,-999,252.8240625,457.2
2014-05-08,"20140508",677.2,-999,129.527291666667,232.573333333333,236.1840625,-999,252.9725,457.3
2014-05-09,"20140509",677.2,-999,129.733854166667,232.573958333333,236.360104166667,-999,253.0328125,457.4
2014-05-10,"20140510",677.2,-999,129.794270833333,232.426041666667,236.411145833333,-999,252.990416666667,457.6
2014-05-11,"20140511",677.2,-999,129.858645833333,232.282395833333,236.393020833333,-999,253.196145833333,457.8
2014-05-12,"20140512",677.2,-999,129.9740625,232.20625,236.366354166667,-999,253.3221875,458.2
2014-05-13,"20140513",677.2,-999,130.1325,232.430729166667,236.3746875,-999,253.2790625,458.4
2014-05-14,"20140514",677.2,-999,130.240208333333,232.669791666667,236.38375,-999,253.194270833333,458.6
2014-05-15,"20140515",677.2,-999,130.3225,232.499270833333,236.354270833333,-999,253.0425,458.6
2014-05-16,"20140516",677.2,-999,130.422708333333,232.404791666667,236.3421875,-999,252.711354166667,458.7
2014-05-17,"20140517",677.2,-999,130.481770833333,232.296145833333,236.306354166667,-999,252.413645833333,458.7
2014-05-18,"20140518",677.2,-999,130.556458333333,232.167708333333,236.28375,-999,252.562916666667,458.8
2014-05-19,"20140519",677.2,-999,130.6153125,232.113125,236.1928125,-999,252.699166666667,459.2
2014-05-20,"20140520",677.2,-999,130.716145833333,232.418958333333,236.151666666667,-999,252.723333333333,459.3
2014-05-21,"20140521",677.2,-999,130.7859375,232.472708333333,236.115833333333,-999,252.6321875,459.4
2014-05-22,"20140522",677.2,-999,130.912708333333,232.475833333333,236.1846875,-999,252.6003125,459.7
2014-05-23,"20140523",677.2,-999,131.048541666667,232.697083333333,236.3165625,-999,252.572604166667,459.9
2014-05-24,"20140524",677.2,-999,131.1434375,232.514270833333,236.354270833333,-999,252.3553125,460.1
2014-05-25,"20140525",677.2,-999,131.232083333333,232.284166666667,236.301875,-999,252.207708333333,460.3
2014-05-26,"20140526",677.2,-999,131.391770833333,232.095729166667,236.287395833333,-999,252.290416666667,460.3
2014-05-27,"20140527",677.2,-999,131.5340625,231.8659375,236.207708333333,-999,252.103645833333,460.8
2014-05-28,"20140528",677.2,-999,131.605208333333,231.713541666667,236.074583333333,-999,251.9221875,461
2014-05-29,"20140529",677.2,-999,131.618541666667,231.624166666667,235.833020833333,-999,251.773958333333,461.2
2014-05-30,"20140530",677.2,-999,131.748229166667,231.3878125,235.706875,-999,251.70875,461.4
2014-05-31,"20140531",677.2,-999,131.8303125,231.471666666667,235.586979166667,-999,251.8553125,461.5
2014-06-01,"20140601",677.2,-999,131.833541666667,231.256979166667,235.359479166667,-999,252.0540625,461.7
2014-06-02,"20140602",677,-999,131.9440625,230.918854166667,235.230625,-999,252.307916666667,462.2
2014-06-03,"20140603",677,-999,132.043854166667,230.700729166667,235.152708333333,-999,252.601979166667,462.2
2014-06-04,"20140604",677,-999,132.115104166667,230.722708333333,235.038645833333,-999,252.7884375,462.3
2014-06-05,"20140605",677,-999,132.185625,230.4803125,234.95125,-999,252.964583333333,462.6
2014-06-06,"20140606",677,-999,132.263125,230.4528125,234.915520833333,-999,253.131875,462.7
2014-06-07,"20140607",677,-999,132.359895833333,230.762708333333,234.9290625,-999,253.458958333333,462.9
2014-06-08,"20140608",677,-999,132.425625,231.017604166667,234.932604166667,-999,253.672395833333,463.2
2014-06-09,"20140609",676.8,-999,132.4359375,231.090729166667,234.902604166667,-999,253.783125,463.3
2014-06-10,"20140610",676.8,-999,132.5709375,230.910520833333,234.996979166667,-999,253.915208333333,463.5
2014-06-11,"20140611",676.8,-999,132.767083333333,230.960416666667,235.141458333333,-999,253.666875,463.8
2014-06-12,"20140612",676.8,-999,132.9853125,231.303541666667,235.361458333333,-999,253.537291666667,463.9
2014-06-13,"20140613",676.7,-999,133.072291666667,231.319791666667,235.465520833333,-999,253.248958333333,464.1
2014-06-14,"20140614",676.7,-999,133.0953125,231.2953125,235.516875,-999,253.096041666667,464.6
2014-06-15,"20140615",676.7,-999,133.129375,231.37125,235.575833333333,-999,252.9003125,464.7
2014-06-16,"20140616",676.7,-999,133.28875,231.560833333333,235.697291666667,-999,252.906354166667,464.8
2014-06-17,"20140617",676.7,-999,133.3734375,231.909895833333,235.756458333333,-999,252.58625,464.9
2014-06-18,"20140618",676.7,-999,133.465208333333,232.136041666667,235.853958333333,-999,252.243854166667,465.1
2014-06-19,"20140619",676.7,-999,133.626145833333,232.285625,236.015,-999,251.909270833333,465.3
2014-06-20,"20140620",676.5,-999,133.982891566265,232.225581395349,236.157530864198,-999,251.818941176471,465.3
2014-06-21,"20140621",676.5,-999,134.149479166667,232.002604166667,236.072708333333,-999,251.620520833333,465.6
2014-06-22,"20140622",676.5,-999,134.101979166667,231.889375,236.029791666667,-999,251.526354166667,465.4
2014-06-23,"20140623",676.5,-999,134.125833333333,231.833854166667,235.965833333333,-999,251.2596875,466.1
2014-06-24,"20140624",676.5,-999,134.2121875,232.169166666667,235.970729166667,-999,250.915625,466.3
2014-06-25,"20140625",676.5,-999,134.297708333333,232.465520833333,236.0215625,-999,250.876979166667,466.3
2014-06-26,"20140626",676.5,-999,134.36,232.4659375,236.095104166667,-999,251.065625,466.3
2014-06-27,"20140627",676.5,-999,134.4540625,231.195729166667,236.1778125,-999,251.0809375,466.3
2014-06-28,"20140628",676.5,-999,134.565625,230.125416666667,236.149166666667,-999,250.987708333333,466.3
2014-06-29,"20140629",676.5,-999,134.638125,229.857083333333,236.039375,-999,250.941979166667,466.3
2014-06-30,"20140630",676.5,-999,134.749583333333,230.234583333333,235.931354166667,-999,250.6515625,466.2
2014-07-01,"20140701",676.5,-999,134.87,229.436875,235.846145833333,-999,250.529583333333,466.2
2014-07-02,"20140702",676.3,-999,134.977083333333,228.2959375,235.821770833333,-999,250.425416666667,466.2
2014-07-03,"20140703",676.3,-999,135.053020833333,227.372395833333,235.8265625,-999,250.315416666667,466.1
2014-07-04,"20140704",676.3,-999,135.146770833333,227.491458333333,235.8134375,-999,250.308541666667,466.1
2014-07-05,"20140705",676.3,-999,135.2146875,227.546041666667,235.726145833333,-999,250.447604166667,466.1
2014-07-06,"20140706",676.3,-999,135.3015625,227.487916666667,235.608645833333,-999,250.479375,466.1
2014-07-07,"20140707",676.2,-999,135.4065625,228.2459375,235.500416666667,-999,250.272395833333,466.2
2014-07-08,"20140708",676.2,-999,135.489166666667,227.66125,235.363645833333,-999,250.0959375,466.2
2014-07-09,"20140709",676.2,-999,135.545104166667,226.8690625,235.2559375,-999,249.881458333333,466
2014-07-10,"20140710",676.2,-999,135.634479166667,226.5846875,235.2334375,-999,249.7403125,466
2014-07-11,"20140711",676.2,-999,135.733020833333,226.145833333333,235.271875,-999,249.7425,466
2014-07-12,"20140712",676.2,-999,135.812395833333,224.837395833333,235.331979166667,-999,250.113333333333,465.9
2014-07-13,"20140713",676.2,-999,135.89625,223.660416666667,235.3034375,-999,250.609270833333,465.9
2014-07-14,"20140714",676.2,-999,135.971354166667,224.642395833333,235.251875,-999,250.709166666667,465.9
2014-07-15,"20140715",676,-999,136.083854166667,224.459166666667,235.1971875,-999,250.626770833333,465.8
2014-07-16,"20140716",676,-999,136.1759375,223.983541666667,235.173229166667,-999,250.425625,465.8
2014-07-17,"20140717",676,-999,136.273229166667,223.5221875,235.1596875,-999,250.325625,465.8
2014-07-18,"20140718",676,-999,136.371458333333,223.231770833333,235.195625,-999,250.2553125,465.8
2014-07-19,"20140719",676,-999,136.469270833333,223.1971875,235.229895833333,-999,250.141145833333,465.8
2014-07-20,"20140720",676,-999,136.581875,224.122708333333,235.196979166667,-999,250.09375,465.7
2014-07-21,"20140721",676,-999,136.670625,225.19375,235.135208333333,-999,249.908645833333,465.7
2014-07-22,"20140722",675.8,-999,136.771979166667,224.983333333333,235.103020833333,-999,249.688645833333,465.7
2014-07-23,"20140723",675.8,-999,136.809479166667,224.577291666667,235.044791666667,-999,249.4771875,465.7
2014-07-24,"20140724",675.8,-999,136.7678125,223.942291666667,235.040729166667,-999,249.247604166667,465.7
2014-07-25,"20140725",675.8,-999,136.781354166667,223.7446875,235.0715625,-999,248.9340625,465.6
2014-07-26,"20140726",675.8,-999,136.847708333333,223.468645833333,235.117291666667,-999,248.884583333333,465.6
2014-07-27,"20140727",675.8,-999,136.953333333333,224.664895833333,235.093541666667,-999,249.066458333333,465.5
2014-07-28,"20140728",675.8,-999,137.022708333333,225.5109375,235.021770833333,-999,249.105729166667,465.5
2014-07-29,"20140729",675.7,-999,137.0759375,224.897916666667,234.965729166667,-999,248.64,465.5
2014-07-30,"20140730",675.7,-999,137.182604166667,224.318020833333,234.97875,-999,248.366354166667,465.5
2014-07-31,"20140731",675.7,-999,137.246458333333,223.1428125,235.029375,-999,248.6928125,465.5
2014-08-01,"20140801",675.7,-999,137.325625,221.448958333333,235.055104166667,-999,249.3153125,465.4
2014-08-02,"20140802",675.7,-999,137.404375,220.358125,235.064479166667,-999,249.777708333333,465.4
2014-08-03,"20140803",675.7,-999,137.47875,221.803958333333,235.001979166667,-999,250.105,465.4
2014-08-04,"20140804",675.7,-999,137.5453125,223.6175,234.914583333333,-999,250.261458333333,465.3
2014-08-05,"20140805",675.7,-999,137.600833333333,223.737291666667,234.848020833333,-999,250.435208333333,465.3
2014-08-06,"20140806",675.5,-999,137.671041666667,223.281666666667,234.806666666667,-999,250.511145833333,465.3
2014-08-07,"20140807",675.5,188.672432432432,137.7671875,223.285833333333,234.846105263158,180.248541666667,250.6296875,465.3
2014-08-08,"20140808",675.5,188.722708333333,137.867083333333,222.750520833333,234.862916666667,180.409479166667,250.801666666667,465.3
2014-08-09,"20140809",675.5,188.765,137.938229166667,222.404895833333,234.8371875,180.548854166667,250.835729166667,465.2
2014-08-10,"20140810",675.5,188.802916666667,138.015208333333,223.433541666667,234.753541666667,180.6759375,250.734166666667,465.2
2014-08-11,"20140811",675.4,188.7990625,138.078541666667,224.085833333333,234.634166666667,180.697604166667,250.5459375,465.2
2014-08-12,"20140812",675.4,188.8346875,138.176041666667,223.3678125,234.554166666667,180.497916666667,250.41875,465.2
2014-08-13,"20140813",675.4,188.865729166667,138.23375,222.9484375,234.4209375,180.150416666667,250.274479166667,465.1
2014-08-14,"20140814",675.4,188.883020833333,138.303020833333,222.215208333333,234.362291666667,179.850208333333,250.285104166667,465
2014-08-15,"20140815",675.4,188.901354166667,138.371666666667,221.87,234.3653125,179.627083333333,250.3634375,465.1
2014-08-16,"20140816",675.4,188.926979166667,138.455625,221.575104166667,234.360520833333,179.699583333333,250.326979166667,465.1
2014-08-17,"20140817",675.4,188.9603125,138.552083333333,222.0653125,234.314270833333,179.7775,250.331979166667,465
2014-08-18,"20140818",675.4,188.9834375,138.6275,222.9475,234.219270833333,179.847604166667,250.165833333333,464.9
2014-08-19,"20140819",675.3,189.016979166667,138.679479166667,222.791145833333,234.147916666667,179.643229166667,249.974895833333,465
2014-08-20,"20140820",675.3,189.018333333333,138.6815625,221.912604166667,234.017083333333,179.3946875,249.768020833333,465
2014-08-21,"20140821",675.3,189.031875,138.746875,221.052395833333,233.9265625,179.136041666667,249.570416666667,464.9
2014-08-22,"20140822",675.2,189.054270833333,138.836145833333,220.587708333333,233.9209375,178.890416666667,249.700208333333,464.9
2014-08-23,"20140823",675.2,189.060729166667,138.905833333333,219.4209375,233.934479166667,178.943020833333,250.220729166667,464.8
2014-08-24,"20140824",675.2,189.086875,138.977604166667,219.4775,233.881041666667,179.030208333333,250.58875,464.8
2014-08-25,"20140825",675.1,189.1109375,139.046666666667,220.278333333333,233.785,179.088333333333,250.683229166667,464.8
2014-08-26,"20140826",675.1,189.1228125,139.107916666667,220.123645833333,233.6809375,178.870104166667,250.7865625,464.8
2014-08-27,"20140827",675,189.1396875,139.166666666667,219.6465625,233.5759375,178.59875,250.887395833333,464.8
2014-08-28,"20140828",675,189.175,139.270520833333,218.492604166667,233.517604166667,178.353958333333,250.937395833333,464.7
2014-08-29,"20140829",675,189.175729166667,139.361979166667,217.2421875,233.524270833333,178.104583333333,251.094166666667,464.7
2014-08-30,"20140830",675,189.183645833333,139.424270833333,216.851770833333,233.496041666667,178.1346875,251.145625,464.7
2014-08-31,"20140831",675,189.206979166667,139.502708333333,217.7075,233.457708333333,178.218125,251.181770833333,464.7
2014-09-01,"20140901",675,189.206354166667,139.544479166667,218.408125,233.375416666667,178.292291666667,251.186041666667,464.7
2014-09-02,"20140902",675,189.241458333333,139.6440625,218.916145833333,233.27,178.338541666667,251.0153125,464.5
2014-09-03,"20140903",675,189.235208333333,139.718229166667,218.415,233.159166666667,178.078541666667,250.857604166667,464.5
2014-09-04,"20140904",674.9,189.256145833333,139.805729166667,217.915625,233.0771875,177.812291666667,250.881458333333,464.5
2014-09-05,"20140905",674.9,189.291979166667,139.892083333333,216.808541666667,233.034895833333,177.562291666667,250.949479166667,464.5
2014-09-06,"20140906",674.9,189.300520833333,139.956041666667,216.350833333333,233.052708333333,177.314791666667,251.147083333333,464.5
2014-09-07,"20140907",674.9,189.3103125,140.025625,217.1409375,233.056875,177.33,251.404166666667,464.5
2014-09-08,"20140908",674.8,189.313958333333,140.081979166667,217.924791666667,233.034895833333,177.363333333333,251.539583333333,464.5
2014-09-09,"20140909",674.8,189.3225,140.1390625,217.816979166667,232.9378125,177.125625,251.399270833333,464.5
2014-09-10,"20140910",674.8,189.328958333333,140.179895833333,218.109791666667,232.858229166667,177.075416666667,250.995,464.5
2014-09-11,"20140911",674.9,189.354375,140.264583333333,218.586770833333,232.812083333333,176.8865625,250.534583333333,464.4
2014-09-12,"20140912",674.9,189.365104166667,140.334479166667,219.141666666667,232.7934375,176.643333333333,250.193958333333,464.4
2014-09-13,"20140913",674.8,189.394270833333,140.433229166667,220.304895833333,232.815,176.6896875,249.8525,464.3
2014-09-14,"20140914",674.8,189.3896875,140.3040625,220.8415625,232.7721875,176.723020833333,249.891875,464.2
2014-09-15,"20140915",674.8,189.403541666667,140.281770833333,221.105208333333,232.701770833333,176.77125,249.9734375,464.2
2014-09-16,"20140916",674.8,189.413958333333,140.3503125,220.167291666667,232.622708333333,176.5634375,250.009479166667,463.9
2014-09-17,"20140917",674.7,189.4259375,140.415729166667,220.591354166667,232.569270833333,176.304895833333,249.964895833333,463.8
2014-09-18,"20140918",674.7,189.464166666667,140.4990625,221.738333333333,232.6434375,176.102083333333,249.794270833333,463.4
2014-09-19,"20140919",674.7,189.464375,140.618854166667,222.904895833333,232.7578125,175.871041666667,249.720520833333,463.2
2014-09-20,"20140920",674.7,189.488854166667,140.8984375,223.896041666667,232.805625,175.91875,249.936875,463.2
2014-09-21,"20140921",674.7,189.505416666667,141.10375,224.253333333333,232.789270833333,175.9746875,250.261354166667,463.2
2014-09-22,"20140922",674.6,189.53875,141.263020833333,224.434375,232.732083333333,176.027395833333,250.395833333333,463.2
2014-09-23,"20140923",674.6,189.566145833333,141.350729166667,224.702395833333,232.659479166667,175.768541666667,250.3415625,463.2
2014-09-24,"20140924",674.6,189.564895833333,141.405208333333,224.61375,232.635208333333,175.484583333333,250.214583333333,463.2
2014-09-25,"20140925",674.6,189.626458333333,141.532604166667,224.082083333333,232.758958333333,175.255729166667,250.1134375,463.2
2014-09-26,"20140926",674.6,189.629375,141.590625,223.608958333333,232.914791666667,174.995208333333,249.928958333333,463.2
2014-09-27,"20140927",674.6,189.6415625,141.651354166667,223.561875,232.9978125,175.089583333333,249.837604166667,463.1
2014-09-28,"20140928",674.5,189.675729166667,141.739791666667,223.643541666667,232.955625,175.180520833333,250.11125,463.2
2014-09-29,"20140929",674.5,189.6915625,141.789166666667,223.848229166667,232.9025,175.224479166667,250.308229166667,463.1
2014-09-30,"20140930",674.5,189.7134375,141.822395833333,223.259166666667,232.8334375,174.933333333333,250.4803125,463.1
