FID_,HRU_ID,OID_,HRU_ID_1,HRUTYPE_IN,HRU_TYPE,DEM_MEAN,DEM_MEDIAN,DEM_MIN,DEM_MAX,DEM_ADJ,DEM_FLOWAC,DEM_SUM,DEM_COUNT,DEM_SINK8,DEM_SINK4,CRT_DEM,CRT_FILL,HRU_ELEV,HRU_AREA,HRU_ASPECT,HRU_SLP_D,HRU_SLP_R,HRU_SLP_P,HRU_ROW,HRU_COL,HRU_X,HRU_Y,HRU_LAT,HRU_LON,LAKE_ID,LAKE_AREA,IRUNBOUND,FLOW_DIR,KRCH,IRCH,JRCH,ISEG,IREACH,RCHLEN,MAXREACH,OUTSEG,IUPSEG,SUB_BASIN,SEG_BASIN,STRM_TOP,STRM_SLOPE,PPT_ZONE,JH_TMAX,JH_TMIN,JH_COEF,SNAREA_THR,TMAX_ADJ,TMIN_ADJ,COV_TYPE,COVDEN_SUM,COVDEN_WIN,RAD_TRNCF,SNOW_INTCP,SRAIN_INTC,WRAIN_INTC,AWC,CLAY_PCT,SAND_PCT,KSAT,SOIL_DEPTH,ROOT_DEPTH,SOIL_TYPE,MOIST_INIT,MOIST_MAX,RECHR_INIT,RECHR_MAX,SSR2G_RATE,SLOWCOEF_L,SLOWCOEF_S,FASTCOEF_L,FASTCOEF_S,IMPERV_PCT,CAREA_MAX,PPT_01,PPT_02,PPT_03,PPT_04,PPT_05,PPT_06,PPT_07,PPT_08,PPT_09,PPT_10,PPT_11,PPT_12,PPT_14,TMAX_01,TMAX_02,TMAX_03,TMAX_04,TMAX_05,TMAX_06,TMAX_07,TMAX_08,TMAX_09,TMAX_10,TMAX_11,TMAX_12,TMAX_14,TMIN_01,TMIN_02,TMIN_03,TMIN_04,TMIN_05,TMIN_06,TMIN_07,TMIN_08,TMIN_09,TMIN_10,TMIN_11,TMIN_12,TMIN_14,PPT_RT_01,PPT_RT_02,PPT_RT_03,PPT_RT_04,PPT_RT_05,PPT_RT_06,PPT_RT_07,PPT_RT_08,PPT_RT_09,PPT_RT_10,PPT_RT_11,PPT_RT_12,PPT_MEAN,PPT_SUM,pptMnFtDay,airTemp_zo,SG7,LCA7,WBLG7_lyr3,WBLG7_lyr4,SG7zones,LCA7zones,WBLG7lyr3z,WBLG7lyr4z,demLkFl7,demSg7,lyr2elev7,lyr3elev7,lyr4elev7,lyr1dpth7,lyr2dpth7,lyr3dpth7,lyr4dpth7,lyr1lk,lyr2lk,lyr3lk,lyr4lk,lake_elev,SG7_l,LCA7_l,WBLG7lyr3l,WBLG7lyr4l,ICALC,FLOW,RUNOFF,ETSW,PPTSW,ROUGHCH,WIDTH1,WIDTH2,STRTOP,SLOPE,STRTHICK,STRHC1,THTS,THTI,EPS,UHC,STR_ELEV,lyr2zones,lyr3zones,pPts,lyr1zones,lyr4zones,subbasin
,508810.000000000000000,420236.000000000000000,508810.000000000000000,1.000000000000000,1.000000000000000,0.000000000000000,0.000000000000000,0.000000000000000,0.000000000000000,0.000000000000000,0.000000000000000,0.000000000000000,1.000000000000000,0.000000000000000,0.000000000000000,0.000000000000000,0.000000000000000,0.000000000000000,0.918273646000000,225.000000000000000,0.000000000000000,0.000000000000000,0.000000000000000,725.000000000000000,562.000000000000000,6244500.000000000000000,1926900.000000000000000,37.281730420000002,-121.590167100000000,0.000000000000000,0.000000000000000,947.000000000000000,16.000000000000000,0.000000000000000,0.000000000000000,0.000000000000000,0.000000000000000,0.000000000000000,0.000000000000000,0.000000000000000,0.000000000000000,0.000000000000000,3.000000000000000,144.000000000000000,0.000000000000000,0.000000000000000,2.000000000000000,27.439199400000000,16.903499600000000,0.000000000000000,0.000000000000000,0.000000000000000,0.000000000000000,2.000000000000000,0.000000000000000,0.000000000000000,0.000000000000000,0.000000000000000,0.000000000000000,0.000000000000000,0.150000000000000,15.800000199999999,0.000000000000000,7.231999900000000,0.000000000000000,18.000000000000000,2.000000000000000,0.000000000000000,0.000000000000000,0.000000000000000,0.000000000000000,0.000000000000000,0.000000000000000,0.000000000000000,0.000000000000000,0.000000000000000,0.000000000000000,0.000000000000000,2.654290000000000,2.627399900000000,2.491190000000000,1.092690000000000,0.807749000000000,0.149770000000000,0.010046300000000,0.053677200000000,0.280662000000000,0.745685000000000,1.545860100000000,2.282049900000000,0.000000000000000,12.086299900000000,13.644900300000000,15.854700100000001,17.407600400000000,21.704999900000001,26.159799599999999,29.945600500000001,14.803400000000000,27.887399700000000,22.871599199999999,16.298999800000001,12.221699700000000,0.000000000000000,5.377800000000000,6.173369900000000,7.100830100000000,7.715670100000000,9.818920100000000,12.428799600000000,15.024100300000001,14.803400000000000,14.627699900000000,11.991800300000000,8.432399700000000,5.706170100000000,0.000000000000000,0.651638000000000,0.658964000000000,0.707702000000000,0.633884000000000,0.816786000000000,0.782510000000000,0.834182000000000,1.071000000000000,0.951674000000000,0.613112000000000,0.540152000000000,0.627552000000000,1.228420000000000,14.741068840000001,0.040658262000000,2.000000000000000,0.000000000000000,0.000000000000000,1.000000000000000,1.000000000000000,0.000000000000000,0.000000000000000,1.000000000000000,1.000000000000000,0.000000000000000,0.000000000000000,0.000000000000000,0.000000000000000,0.000000000000000,0.000000000000000,0.000000000000000,100.000000000000000,50.000000000000000,0.000000000000000,0.000000000000000,0.000000000000000,0.000000000000000,0.000000000000000,0.000000000000000,0.000000000000000,0.000000000000000,0.000000000000000,0.000000000000000,0.000000000000000,0.000000000000000,0.000000000000000,0.000000000000000,0.000000000000000,0.000000000000000,0.000000000000000,0.000000000000000,0.000000000000000,0.000000000000000,0.000000000000000,0.000000000000000,0.000000000000000,0.000000000000000,0.000000000000000,0.000000000000000,0.000000000000000,5.000000000000000,0.000000000000000,0.000000000000000,5.000000000000000,3.000000000000000
,461736.000000000000000,432211.000000000000000,461736.000000000000000,1.000000000000000,1.000000000000000,0.000000000000000,0.000000000000000,0.000000000000000,0.000000000000000,0.000000000000000,0.000000000000000,0.000000000000000,0.000000000000000,0.000000000000000,0.000000000000000,0.000000000000000,0.000000000000000,0.000000000000000,0.918273646000000,135.000000000000000,0.000000000000000,0.000000000000000,0.000000000000000,658.000000000000000,522.000000000000000,6236500.000000000000000,1940300.000000000000000,37.318271390000000,-121.618212500000000,0.000000000000000,0.000000000000000,839.000000000000000,4.000000000000000,0.000000000000000,0.000000000000000,0.000000000000000,0.000000000000000,0.000000000000000,0.000000000000000,0.000000000000000,0.000000000000000,0.000000000000000,3.000000000000000,144.000000000000000,0.000000000000000,0.000000000000000,2.000000000000000,27.084800699999999,17.166599300000001,0.000000000000000,0.000000000000000,1.000000000000000,0.000000000000000,2.000000000000000,0.000000000000000,0.000000000000000,0.000000000000000,0.000000000000000,0.000000000000000,0.000000000000000,0.150000000000000,15.800000199999999,0.000000000000000,7.231999900000000,0.000000000000000,18.000000000000000,2.000000000000000,0.000000000000000,0.000000000000000,0.000000000000000,0.000000000000000,0.000000000000000,0.000000000000000,0.000000000000000,0.000000000000000,0.000000000000000,0.000000000000000,0.000000000000000,3.794830100000000,3.805650000000000,3.425400000000000,1.620530000000000,0.928605000000000,0.187754000000000,0.017217600000000,0.052581100000000,0.267941000000000,1.077999900000000,2.442689900000000,3.362910000000000,0.000000000000000,11.844699900000000,12.409799599999999,14.181300200000001,15.525199900000000,19.835500700000001,24.470600099999999,28.566200299999998,16.006700500000001,26.403099099999999,21.692399999999999,15.408900300000001,11.492699600000000,0.000000000000000,5.161059900000000,5.414269900000000,6.051990000000000,6.607180100000000,9.336050000000000,12.499400100000001,16.180799499999999,16.006700500000001,15.070599600000000,11.411899600000000,7.644390100000000,5.186970200000000,0.000000000000000,0.931644000000000,0.954474000000000,0.973095000000000,0.940092000000000,0.938994000000000,0.980966000000000,1.429640100000000,1.049130000000000,0.908539000000000,0.886345000000000,0.853520000000000,0.924783000000000,1.748680000000000,20.984106059999998,0.057909910000000,2.000000000000000,0.000000000000000,1.000000000000000,1.000000000000000,1.000000000000000,0.000000000000000,3.000000000000000,1.000000000000000,1.000000000000000,0.000000000000000,0.000000000000000,0.000000000000000,0.000000000000000,0.000000000000000,0.000000000000000,15.000000000000000,100.000000000000000,50.000000000000000,0.000000000000000,0.000000000000000,0.000000000000000,0.000000000000000,0.000000000000000,0.000000000000000,0.000000000000000,0.000000000000000,0.000000000000000,0.000000000000000,0.000000000000000,0.000000000000000,0.000000000000000,0.000000000000000,0.000000000000000,0.000000000000000,0.000000000000000,0.000000000000000,0.000000000000000,0.000000000000000,0.000000000000000,0.000000000000000,0.000000000000000,0.000000000000000,0.000000000000000,0.000000000000000,2.000000000000000,5.000000000000000,0.000000000000000,0.000000000000000,5.000000000000000,3.000000000000000
,457636.000000000000000,457635.000000000000000,457636.000000000000000,1.000000000000000,1.000000000000000,0.000000000000000,0.000000000000000,0.000000000000000,0.000000000000000,0.000000000000000,0.000000000000000,0.000000000000000,0.000000000000000,0.000000000000000,0.000000000000000,0.000000000000000,0.000000000000000,0.000000000000000,0.918273645000000,315.000000000000000,0.000000000000000,0.000000000000000,0.000000000000000,652.000000000000000,634.000000000000000,6258900.000000000000000,1941500.000000000000000,37.322276709999997,-121.541233800000000,0.000000000000000,0.000000000000000,844.000000000000000,16.000000000000000,0.000000000000000,0.000000000000000,0.000000000000000,0.000000000000000,0.000000000000000,0.000000000000000,0.000000000000000,0.000000000000000,0.000000000000000,3.000000000000000,144.000000000000000,0.000000000000000,0.000000000000000,2.000000000000000,30.623899500000000,15.804400400000000,0.000000000000000,0.000000000000000,-1.000000000000000,0.000000000000000,2.000000000000000,0.000000000000000,0.000000000000000,0.000000000000000,0.000000000000000,0.000000000000000,0.000000000000000,0.170000000000000,24.700000800000002,0.000000000000000,6.304999800000000,0.000000000000000,18.000000000000000,2.000000000000000,0.000000000000000,0.000000000000000,0.000000000000000,0.000000000000000,0.000000000000000,0.000000000000000,0.000000000000000,0.000000000000000,0.000000000000000,0.000000000000000,0.000000000000000,2.778909900000000,2.876100100000000,2.645459900000000,1.174680000000000,0.964667000000000,0.166123000000000,0.015956100000000,0.059626800000000,0.338220000000000,0.796713000000000,1.487370000000000,2.444070100000000,0.000000000000000,12.387200399999999,13.659199700000000,15.849399600000000,17.271499599999999,21.520500200000001,26.109100300000001,29.847700100000001,15.772100399999999,27.740200000000002,23.001400000000000,16.411399800000002,12.279800399999999,0.000000000000000,4.990890000000000,6.039159800000000,7.040239800000000,7.808839800000000,10.255999600000001,13.016500499999999,15.732500099999999,15.772100399999999,15.239500000000000,11.983900100000000,8.274310099999999,5.402820100000000,0.000000000000000,0.682232000000000,0.721339000000000,0.751528000000000,0.681448000000000,0.975460000000000,0.867950000000000,1.324890000000000,1.189710000000000,1.146840000000000,0.655068000000000,0.519714000000000,0.672107000000000,1.312320000000000,15.747895240000000,0.043445151000000,2.000000000000000,0.000000000000000,1.000000000000000,1.000000000000000,1.000000000000000,0.000000000000000,2.000000000000000,1.000000000000000,1.000000000000000,0.000000000000000,0.000000000000000,0.000000000000000,0.000000000000000,0.000000000000000,0.000000000000000,20.000000000000000,100.000000000000000,50.000000000000000,0.000000000000000,0.000000000000000,0.000000000000000,0.000000000000000,0.000000000000000,0.000000000000000,0.000000000000000,0.000000000000000,0.000000000000000,0.000000000000000,0.000000000000000,0.000000000000000,0.000000000000000,0.000000000000000,0.000000000000000,0.000000000000000,0.000000000000000,0.000000000000000,0.000000000000000,0.000000000000000,0.000000000000000,0.000000000000000,0.000000000000000,0.000000000000000,0.000000000000000,0.000000000000000,3.000000000000000,5.000000000000000,0.000000000000000,0.000000000000000,5.000000000000000,3.000000000000000
,430809.000000000000000,430808.000000000000000,430809.000000000000000,1.000000000000000,1.000000000000000,0.000000000000000,0.000000000000000,0.000000000000000,0.000000000000000,0.000000000000000,0.000000000000000,0.000000000000000,2.000000000000000,0.000000000000000,0.000000000000000,0.000000000000000,0.000000000000000,0.000000000000000,0.918273646000000,270.000000000000000,0.000000000000000,0.000000000000000,0.000000000000000,614.000000000000000,483.000000000000000,6228700.000000000000000,1949100.000000000000000,37.342179500000000,-121.645403500000000,0.000000000000000,0.000000000000000,793.000000000000000,8.000000000000000,0.000000000000000,0.000000000000000,0.000000000000000,0.000000000000000,0.000000000000000,0.000000000000000,0.000000000000000,0.000000000000000,0.000000000000000,3.000000000000000,144.000000000000000,0.000000000000000,0.000000000000000,2.000000000000000,26.881799699999998,17.402099600000000,0.000000000000000,0.000000000000000,0.000000000000000,0.000000000000000,4.000000000000000,0.000000000000000,0.000000000000000,0.000000000000000,0.000000000000000,0.000000000000000,0.000000000000000,0.150000000000000,15.800000199999999,0.000000000000000,7.231999900000000,0.000000000000000,36.000000000000000,2.000000000000000,0.000000000000000,0.000000000000000,0.000000000000000,0.000000000000000,0.000000000000000,0.000000000000000,0.000000000000000,0.000000000000000,0.000000000000000,0.000000000000000,0.000000000000000,3.858949900000000,3.831600000000000,3.429810000000000,1.652510000000000,0.879667000000000,0.166278000000000,0.015510600000000,0.043921300000000,0.240550000000000,1.066160000000000,2.604100000000000,3.432390000000000,0.000000000000000,12.304200200000000,13.306699800000001,15.119799600000000,16.244300800000001,20.457599600000002,24.913999600000000,28.891300200000000,14.951499900000000,26.816099200000000,22.298599200000002,16.074199700000001,12.196800200000000,0.000000000000000,5.374270000000000,5.917170000000000,6.639530200000000,7.174510000000000,9.407259900000000,12.129400300000000,14.926400200000000,14.951499900000000,14.567700400000000,11.650799800000000,8.135870000000001,5.556550000000000,0.000000000000000,0.947386000000000,0.960982000000000,0.974347000000000,0.958644000000000,0.889508000000000,0.868760000000000,1.287900000000000,0.876342000000000,0.815661000000000,0.876610000000000,0.909920000000000,0.943890000000000,1.768450000000000,21.221446990000000,0.058568340000000,2.000000000000000,0.000000000000000,0.000000000000000,1.000000000000000,1.000000000000000,0.000000000000000,0.000000000000000,1.000000000000000,1.000000000000000,0.000000000000000,0.000000000000000,0.000000000000000,0.000000000000000,0.000000000000000,0.000000000000000,0.000000000000000,100.000000000000000,50.000000000000000,0.000000000000000,0.000000000000000,0.000000000000000,0.000000000000000,0.000000000000000,0.000000000000000,0.000000000000000,0.000000000000000,0.000000000000000,0.000000000000000,0.000000000000000,0.000000000000000,0.000000000000000,0.000000000000000,0.000000000000000,0.000000000000000,0.000000000000000,0.000000000000000,0.000000000000000,0.000000000000000,0.000000000000000,0.000000000000000,0.000000000000000,0.000000000000000,0.000000000000000,0.000000000000000,0.000000000000000,5.000000000000000,0.000000000000000,0.000000000000000,5.000000000000000,3.000000000000000
,395059.000000000000000,306485.000000000000000,395059.000000000000000,1.000000000000000,1.000000000000000,0.000000000000000,0.000000000000000,0.000000000000000,0.000000000000000,0.000000000000000,0.000000000000000,7582087.000000000000000,0.000000000000000,0.000000000000000,0.000000000000000,0.000000000000000,0.000000000000000,0.000000000000000,0.918273646000000,45.000000000000000,0.000000000000000,0.000000000000000,0.000000000000000,563.000000000000000,535.000000000000000,6239100.000000000000000,1959300.000000000000000,37.370535640000000,-121.610047200000000,0.000000000000000,0.000000000000000,734.000000000000000,64.000000000000000,0.000000000000000,0.000000000000000,0.000000000000000,0.000000000000000,0.000000000000000,0.000000000000000,0.000000000000000,0.000000000000000,0.000000000000000,3.000000000000000,144.000000000000000,0.000000000000000,0.000000000000000,2.000000000000000,28.340099299999999,15.841799699999999,0.000000000000000,0.000000000000000,-1.000000000000000,0.000000000000000,4.000000000000000,0.000000000000000,0.000000000000000,0.000000000000000,0.000000000000000,0.000000000000000,0.000000000000000,0.150000000000000,31.299999199999998,0.000000000000000,4.239999800000000,0.000000000000000,36.000000000000000,2.000000000000000,0.000000000000000,0.000000000000000,0.000000000000000,0.000000000000000,0.000000000000000,0.000000000000000,0.000000000000000,0.000000000000000,0.000000000000000,0.000000000000000,0.000000000000000,4.553890200000000,4.537220000000000,3.874350100000000,1.884480000000000,1.159860000000000,0.242427000000000,0.026919100000000,0.061211400000000,0.315204000000000,1.309220000000000,3.141079900000000,4.112480200000000,0.000000000000000,11.125399600000000,10.962200200000000,12.571200400000000,14.140500100000001,18.120100000000001,23.165199300000001,27.075799900000000,16.757000000000001,24.989000300000001,20.540000899999999,14.221200000000000,10.693200100000000,0.000000000000000,4.282879800000000,4.074830100000000,4.561550100000000,5.372139900000000,8.692090000000000,12.378899600000000,17.421199800000000,16.757000000000001,14.930500000000000,10.809100200000000,6.552790200000000,4.035389900000000,0.000000000000000,1.118000000000000,1.137949900000000,1.100630000000000,1.093210000000000,1.172840000000000,1.266620000000000,2.235189900000000,1.221320000000000,1.068800000000000,1.076460000000000,1.097550000000000,1.130910000000000,2.101530000000000,25.218341830000000,0.069598340000000,2.000000000000000,0.000000000000000,1.000000000000000,1.000000000000000,1.000000000000000,0.000000000000000,3.000000000000000,2.000000000000000,2.000000000000000,0.000000000000000,0.000000000000000,0.000000000000000,0.000000000000000,0.000000000000000,0.000000000000000,15.000000000000000,100.000000000000000,50.000000000000000,0.000000000000000,0.000000000000000,0.000000000000000,0.000000000000000,0.000000000000000,0.000000000000000,0.000000000000000,0.000000000000000,0.000000000000000,0.000000000000000,0.000000000000000,0.000000000000000,0.000000000000000,0.000000000000000,0.000000000000000,0.000000000000000,0.000000000000000,0.000000000000000,0.000000000000000,0.000000000000000,0.000000000000000,0.000000000000000,0.000000000000000,0.000000000000000,0.000000000000000,0.000000000000000,2.000000000000000,5.000000000000000,0.000000000000000,0.000000000000000,5.000000000000000,3.000000000000000
,357735.000000000000000,357734.000000000000000,357735.000000000000000,1.000000000000000,1.000000000000000,0.000000000000000,0.000000000000000,0.000000000000000,0.000000000000000,0.000000000000000,0.000000000000000,0.000000000000000,0.000000000000000,0.000000000000000,0.000000000000000,0.000000000000000,0.000000000000000,0.000000000000000,0.918273646000000,180.000000000000000,0.000000000000000,0.000000000000000,0.000000000000000,510.000000000000000,417.000000000000000,6215500.000000000000000,1969900.000000000000000,37.398848889999996,-121.691717700000000,0.000000000000000,0.000000000000000,695.000000000000000,8.000000000000000,0.000000000000000,0.000000000000000,0.000000000000000,0.000000000000000,0.000000000000000,0.000000000000000,0.000000000000000,0.000000000000000,0.000000000000000,3.000000000000000,144.000000000000000,0.000000000000000,0.000000000000000,4.000000000000000,27.499200800000001,16.828199399999999,0.000000000000000,0.000000000000000,0.000000000000000,0.000000000000000,4.000000000000000,0.000000000000000,0.000000000000000,0.000000000000000,0.000000000000000,0.000000000000000,0.000000000000000,0.150000000000000,22.200000800000002,0.000000000000000,5.703000100000000,0.000000000000000,36.000000000000000,2.000000000000000,0.000000000000000,0.000000000000000,0.000000000000000,0.000000000000000,0.000000000000000,0.000000000000000,0.000000000000000,0.000000000000000,0.000000000000000,0.000000000000000,0.000000000000000,4.385000200000000,4.304729900000000,3.689389900000000,1.798850100000000,1.126370000000000,0.227084000000000,0.020412600000000,0.052849700000000,0.353337000000000,1.366750000000000,3.192040000000000,3.963550100000000,0.000000000000000,11.069199599999999,10.920200299999999,12.617500300000000,13.875900300000000,18.101900100000002,22.784500099999999,26.992799800000000,16.694000200000001,24.710699099999999,20.235300100000000,14.130499800000001,10.684499700000000,0.000000000000000,4.127070000000000,3.922210000000000,4.446519900000000,5.292699800000000,8.643090200000000,12.336999900000000,17.610500300000002,16.694000200000001,14.826499900000000,10.760800400000001,6.411449900000000,3.857060000000000,0.000000000000000,1.076530000000000,1.079650000000000,1.048090000000000,1.043540000000000,1.138970000000000,1.186460000000000,1.694930000000000,1.054490000000000,1.198100000000000,1.123760000000000,1.115360000000000,1.089960000000000,2.040030000000000,24.480363850000000,0.067546494000000,2.000000000000000,0.000000000000000,0.000000000000000,1.000000000000000,1.000000000000000,0.000000000000000,0.000000000000000,1.000000000000000,1.000000000000000,0.000000000000000,0.000000000000000,0.000000000000000,0.000000000000000,0.000000000000000,0.000000000000000,0.000000000000000,100.000000000000000,50.000000000000000,0.000000000000000,0.000000000000000,0.000000000000000,0.000000000000000,0.000000000000000,0.000000000000000,0.000000000000000,0.000000000000000,0.000000000000000,0.000000000000000,0.000000000000000,0.000000000000000,0.000000000000000,0.000000000000000,0.000000000000000,0.000000000000000,0.000000000000000,0.000000000000000,0.000000000000000,0.000000000000000,0.000000000000000,0.000000000000000,0.000000000000000,0.000000000000000,0.000000000000000,0.000000000000000,0.000000000000000,5.000000000000000,0.000000000000000,0.000000000000000,5.000000000000000,3.000000000000000
,319901.000000000000000,319900.000000000000000,319901.000000000000000,1.000000000000000,1.000000000000000,0.000000000000000,0.000000000000000,0.000000000000000,0.000000000000000,0.000000000000000,0.000000000000000,2253546.000000000000000,0.000000000000000,0.000000000000000,0.000000000000000,0.000000000000000,0.000000000000000,0.000000000000000,0.918273646000000,135.000000000000000,0.000000000000000,0.000000000000000,0.000000000000000,456.000000000000000,491.000000000000000,6230300.000000000000000,1980700.000000000000000,37.429014979999998,-121.641225600000000,0.000000000000000,0.000000000000000,609.000000000000000,1.000000000000000,0.000000000000000,0.000000000000000,0.000000000000000,0.000000000000000,0.000000000000000,0.000000000000000,0.000000000000000,0.000000000000000,0.000000000000000,6.000000000000000,144.000000000000000,0.000000000000000,0.000000000000000,4.000000000000000,28.628400800000001,16.546400100000000,0.000000000000000,0.000000000000000,1.000000000000000,0.000000000000000,4.000000000000000,0.000000000000000,0.000000000000000,0.000000000000000,0.000000000000000,0.000000000000000,0.000000000000000,0.150000000000000,30.399999600000001,0.000000000000000,4.658999900000000,0.000000000000000,36.000000000000000,2.000000000000000,0.000000000000000,0.000000000000000,0.000000000000000,0.000000000000000,0.000000000000000,0.000000000000000,0.000000000000000,0.000000000000000,0.000000000000000,0.000000000000000,0.000000000000000,4.120960200000000,4.099000000000000,3.575990000000000,1.740550000000000,1.019420000000000,0.212428000000000,0.018983800000000,0.052645800000000,0.277323000000000,1.191770000000000,2.856120100000000,3.693300000000000,0.000000000000000,11.853500400000000,12.245100000000001,14.031200399999999,15.681699800000001,19.471799900000001,24.653099099999999,28.206399900000001,16.009000799999999,26.328199399999999,21.848899800000002,15.362999900000000,11.522800399999999,0.000000000000000,5.070650100000000,5.225150100000000,5.741670100000000,6.326429800000000,9.123979600000000,12.385899500000001,16.187799500000001,16.009000799999999,14.925700200000000,11.232299800000000,7.495190100000000,5.028080000000000,0.000000000000000,1.011710000000000,1.028049900000000,1.015870000000000,1.009720000000000,1.030830000000000,1.109880000000000,1.576300000000000,1.050420000000000,0.940352000000000,0.979889000000000,0.997980000000000,1.015640000000000,1.904870000000000,22.858491900000001,0.063083917000000,2.000000000000000,0.000000000000000,1.000000000000000,1.000000000000000,1.000000000000000,0.000000000000000,2.000000000000000,2.000000000000000,2.000000000000000,0.000000000000000,0.000000000000000,0.000000000000000,0.000000000000000,0.000000000000000,0.000000000000000,20.000000000000000,100.000000000000000,50.000000000000000,0.000000000000000,0.000000000000000,0.000000000000000,0.000000000000000,0.000000000000000,0.000000000000000,0.000000000000000,0.000000000000000,0.000000000000000,0.000000000000000,0.000000000000000,0.000000000000000,0.000000000000000,0.000000000000000,0.000000000000000,0.000000000000000,0.000000000000000,0.000000000000000,0.000000000000000,0.000000000000000,0.000000000000000,0.000000000000000,0.000000000000000,0.000000000000000,0.000000000000000,0.000000000000000,3.000000000000000,5.000000000000000,0.000000000000000,0.000000000000000,5.000000000000000,6.000000000000000
,305733.000000000000000,305732.000000000000000,305733.000000000000000,1.000000000000000,1.000000000000000,0.000000000000000,0.000000000000000,0.000000000000000,0.000000000000000,0.000000000000000,0.000000000000000,11851184.000000000000000,0.000000000000000,0.000000000000000,0.000000000000000,0.000000000000000,0.000000000000000,0.000000000000000,0.918273646000000,45.000000000000000,0.000000000000000,0.000000000000000,0.000000000000000,436.000000000000000,363.000000000000000,6204700.000000000000000,1984700.000000000000000,37.439109369999997,-121.729563099999990,0.000000000000000,0.000000000000000,579.000000000000000,64.000000000000000,0.000000000000000,0.000000000000000,0.000000000000000,0.000000000000000,0.000000000000000,0.000000000000000,0.000000000000000,0.000000000000000,0.000000000000000,3.000000000000000,144.000000000000000,0.000000000000000,0.000000000000000,4.000000000000000,28.297100100000002,14.510299699999999,0.000000000000000,0.000000000000000,-1.000000000000000,0.000000000000000,4.000000000000000,0.000000000000000,0.000000000000000,0.000000000000000,0.000000000000000,0.000000000000000,0.000000000000000,0.150000000000000,25.700000800000002,0.000000000000000,6.850999800000000,0.000000000000000,36.000000000000000,2.000000000000000,0.000000000000000,0.000000000000000,0.000000000000000,0.000000000000000,0.000000000000000,0.000000000000000,0.000000000000000,0.000000000000000,0.000000000000000,0.000000000000000,0.000000000000000,4.044950000000000,3.989640000000000,3.505480100000000,1.720080000000000,0.977578000000000,0.194784000000000,0.011052300000000,0.051407700000000,0.281772000000000,1.196880000000000,2.820730000000000,3.608130000000000,0.000000000000000,12.015700300000001,12.423399900000000,14.070099799999999,15.382000000000000,19.588899600000001,24.148399399999999,28.182500800000000,15.728500400000000,26.060499199999999,21.635200500000000,15.468600300000000,11.702099799999999,0.000000000000000,5.237040000000000,5.361730100000000,5.901700000000000,6.449319800000000,9.112680400000000,12.208499900000000,15.851599700000000,15.728500400000000,14.804300300000000,11.287699699999999,7.639110100000000,5.202740200000000,0.000000000000000,0.993050000000000,1.000620000000000,0.995844000000000,0.997842000000000,0.988515000000000,1.017700000000000,0.917714000000000,1.025710000000000,0.955438000000000,0.984090000000000,0.985614000000000,0.992218000000000,1.866870000000000,22.402482989999999,0.061820407000000,3.000000000000000,0.000000000000000,1.000000000000000,1.000000000000000,1.000000000000000,0.000000000000000,2.000000000000000,1.000000000000000,1.000000000000000,0.000000000000000,0.000000000000000,0.000000000000000,0.000000000000000,0.000000000000000,0.000000000000000,20.000000000000000,0.000000000000000,50.000000000000000,0.000000000000000,0.000000000000000,0.000000000000000,0.000000000000000,0.000000000000000,0.000000000000000,0.000000000000000,0.000000000000000,0.000000000000000,0.000000000000000,0.000000000000000,0.000000000000000,0.000000000000000,0.000000000000000,0.000000000000000,0.000000000000000,0.000000000000000,0.000000000000000,0.000000000000000,0.000000000000000,0.000000000000000,0.000000000000000,0.000000000000000,0.000000000000000,0.000000000000000,0.000000000000000,3.000000000000000,5.000000000000000,0.000000000000000,0.000000000000000,5.000000000000000,3.000000000000000
,299984.000000000000000,299983.000000000000000,299984.000000000000000,1.000000000000000,1.000000000000000,0.000000000000000,0.000000000000000,0.000000000000000,0.000000000000000,0.000000000000000,0.000000000000000,0.000000000000000,0.000000000000000,0.000000000000000,0.000000000000000,0.000000000000000,0.000000000000000,0.000000000000000,0.918273646000000,45.000000000000000,0.000000000000000,0.000000000000000,0.000000000000000,428.000000000000000,230.000000000000000,6178100.000000000000000,1986300.000000000000000,37.442507700000000,-121.821252200000000,0.000000000000000,0.000000000000000,561.000000000000000,128.000000000000000,0.000000000000000,0.000000000000000,0.000000000000000,0.000000000000000,0.000000000000000,0.000000000000000,0.000000000000000,0.000000000000000,0.000000000000000,5.000000000000000,144.000000000000000,0.000000000000000,0.000000000000000,4.000000000000000,27.724599800000000,13.222100299999999,0.000000000000000,0.000000000000000,-1.000000000000000,0.000000000000000,3.000000000000000,0.000000000000000,0.000000000000000,0.000000000000000,0.000000000000000,0.000000000000000,0.000000000000000,0.160000000000000,39.200000799999998,0.000000000000000,1.126000000000000,0.000000000000000,28.000000000000000,2.000000000000000,0.000000000000000,0.000000000000000,0.000000000000000,0.000000000000000,0.000000000000000,0.000000000000000,0.000000000000000,0.000000000000000,0.000000000000000,0.000000000000000,0.000000000000000,4.009810000000000,4.215660100000000,3.633140100000000,1.773440000000000,0.780485000000000,0.128264000000000,0.009921500000000,0.034551800000000,0.209465000000000,1.011590000000000,2.649760000000000,3.609139900000000,0.000000000000000,13.544199900000001,15.241399800000000,17.012300499999998,18.579500199999998,21.965299600000002,25.286800400000001,27.915300400000000,13.452799799999999,27.401500700000000,23.772300699999999,17.457799900000001,13.489199599999999,0.000000000000000,5.437990200000000,6.304379900000000,7.221340200000000,7.925530000000000,9.631170300000001,11.734399800000000,13.189800300000000,13.452799799999999,13.436699900000001,11.399600000000000,8.149589499999999,5.628779900000000,0.000000000000000,1.000330000000000,0.997775000000000,1.000710000000000,0.997649000000000,1.003420000000000,1.003100000000000,1.000880000000000,0.992087000000000,0.990725000000000,0.995532000000000,1.001500000000000,0.999568000000000,1.838770000000000,22.065227510000000,0.060955923000000,3.000000000000000,0.000000000000000,0.000000000000000,1.000000000000000,1.000000000000000,0.000000000000000,0.000000000000000,2.000000000000000,2.000000000000000,0.000000000000000,0.000000000000000,0.000000000000000,0.000000000000000,0.000000000000000,0.000000000000000,0.000000000000000,100.000000000000000,50.000000000000000,0.000000000000000,0.000000000000000,0.000000000000000,0.000000000000000,0.000000000000000,0.000000000000000,0.000000000000000,1.000000000000000,1.000000000000000,0.000000000000000,0.000000000000000,0.000000000000000,0.000000000000000,0.000000000000000,0.000000000000000,0.000000000000000,0.000000000000000,0.000000000000000,0.000000000000000,0.000000000000000,0.000000000000000,0.000000000000000,0.000000000000000,0.000000000000000,0.000000000000000,0.000000000000000,0.000000000000000,5.000000000000000,0.000000000000000,0.000000000000000,5.000000000000000,5.000000000000000
,293874.000000000000000,293873.000000000000000,293874.000000000000000,1.000000000000000,1.000000000000000,0.000000000000000,0.000000000000000,0.000000000000000,0.000000000000000,0.000000000000000,0.000000000000000,5598398.000000000000000,0.000000000000000,0.000000000000000,0.000000000000000,0.000000000000000,0.000000000000000,0.000000000000000,0.918273646000000,45.000000000000000,0.000000000000000,0.000000000000000,0.000000000000000,419.000000000000000,438.000000000000000,6219700.000000000000000,1988100.000000000000000,37.448976450000004,-121.678049000000000,0.000000000000000,0.000000000000000,551.000000000000000,64.000000000000000,0.000000000000000,0.000000000000000,0.000000000000000,0.000000000000000,0.000000000000000,0.000000000000000,0.000000000000000,0.000000000000000,0.000000000000000,6.000000000000000,144.000000000000000,0.000000000000000,0.000000000000000,4.000000000000000,28.750600800000001,16.576299700000000,0.000000000000000,0.000000000000000,-1.000000000000000,0.000000000000000,4.000000000000000,0.000000000000000,0.000000000000000,0.000000000000000,0.000000000000000,0.000000000000000,0.000000000000000,0.150000000000000,25.700000800000002,0.000000000000000,6.850999800000000,0.000000000000000,36.000000000000000,2.000000000000000,0.000000000000000,0.000000000000000,0.000000000000000,0.000000000000000,0.000000000000000,0.000000000000000,0.000000000000000,0.000000000000000,0.000000000000000,0.000000000000000,0.000000000000000,4.391470000000000,4.319920100000000,3.738830100000000,1.817890000000000,1.136770000000000,0.231125000000000,0.020114300000000,0.059093200000000,0.345768000000000,1.367059900000000,3.215650100000000,3.949790000000000,0.000000000000000,10.598099700000001,10.430100400000001,11.976900100000000,14.169699700000001,17.508400000000002,23.338699299999998,26.401599900000001,16.817399999999999,24.499599499999999,19.988500599999998,13.662900000000000,10.264300300000000,0.000000000000000,3.802789900000000,3.506330000000000,4.036690200000000,4.939950000000000,8.422760000000000,12.381199799999999,17.848400099999999,16.817399999999999,14.729299500000000,10.660100000000000,6.108779900000000,3.478610000000000,0.000000000000000,1.078120000000000,1.083460000000000,1.062130000000000,1.054580000000000,1.149490000000000,1.207570000000000,1.670169900000000,1.179060000000000,1.172440100000000,1.124010000000000,1.123610000000000,1.086170000000000,2.049460000000000,24.593482970000000,0.067858450000000,3.000000000000000,0.000000000000000,0.000000000000000,1.000000000000000,1.000000000000000,0.000000000000000,0.000000000000000,2.000000000000000,2.000000000000000,0.000000000000000,0.000000000000000,0.000000000000000,0.000000000000000,0.000000000000000,0.000000000000000,0.000000000000000,0.000000000000000,50.000000000000000,0.000000000000000,0.000000000000000,0.000000000000000,0.000000000000000,0.000000000000000,0.000000000000000,0.000000000000000,0.000000000000000,0.000000000000000,0.000000000000000,0.000000000000000,0.000000000000000,0.000000000000000,0.000000000000000,0.000000000000000,0.000000000000000,0.000000000000000,0.000000000000000,0.000000000000000,0.000000000000000,0.000000000000000,0.000000000000000,0.000000000000000,0.000000000000000,0.000000000000000,0.000000000000000,0.000000000000000,5.000000000000000,0.000000000000000,0.000000000000000,5.000000000000000,6.000000000000000
,288115.000000000000000,288114.000000000000000,288115.000000000000000,1.000000000000000,1.000000000000000,0.000000000000000,0.000000000000000,0.000000000000000,0.000000000000000,0.000000000000000,0.000000000000000,0.000000000000000,0.000000000000000,0.000000000000000,0.000000000000000,0.000000000000000,0.000000000000000,0.000000000000000,0.918273646000000,45.000000000000000,0.000000000000000,0.000000000000000,0.000000000000000,411.000000000000000,295.000000000000000,6191100.000000000000000,1989700.000000000000000,37.452340280000001,-121.776637200000000,0.000000000000000,0.000000000000000,498.000000000000000,1.000000000000000,0.000000000000000,0.000000000000000,0.000000000000000,0.000000000000000,0.000000000000000,0.000000000000000,0.000000000000000,0.000000000000000,0.000000000000000,5.000000000000000,144.000000000000000,0.000000000000000,0.000000000000000,4.000000000000000,27.344999300000001,14.504899999999999,0.000000000000000,0.000000000000000,-1.000000000000000,0.000000000000000,4.000000000000000,0.000000000000000,0.000000000000000,0.000000000000000,0.000000000000000,0.000000000000000,0.000000000000000,0.150000000000000,22.200000800000002,0.000000000000000,5.703000100000000,0.000000000000000,36.000000000000000,2.000000000000000,0.000000000000000,0.000000000000000,0.000000000000000,0.000000000000000,0.000000000000000,0.000000000000000,0.000000000000000,0.000000000000000,0.000000000000000,0.000000000000000,0.000000000000000,4.021050000000000,4.072259900000000,3.605200100000000,1.775740000000000,0.914416000000000,0.192313000000000,0.008696500000000,0.056580400000000,0.224566000000000,1.094140100000000,2.695839900000000,3.618429900000000,0.000000000000000,12.603500400000000,13.314600000000000,14.989500000000000,16.583999599999999,20.603300099999998,24.338399899999999,27.473199800000000,15.052700000000000,26.008800500000000,22.204799699999999,16.125000000000000,12.311599700000000,0.000000000000000,5.515659800000000,5.772200100000000,6.409319900000000,6.849530200000000,9.229970000000000,11.970899599999999,15.096400300000001,15.052700000000000,14.477399800000001,11.384800000000000,7.974629900000000,5.570119900000000,0.000000000000000,1.003140000000000,0.963835000000000,0.993009000000000,0.998942000000000,1.175600100000000,1.504010000000000,0.877301000000000,1.624590000000000,1.062150000000000,1.076769900000000,1.018910100000000,1.002140000000000,1.856600000000000,22.279230120000001,0.061501328000000,3.000000000000000,0.000000000000000,0.000000000000000,1.000000000000000,1.000000000000000,0.000000000000000,0.000000000000000,1.000000000000000,1.000000000000000,0.000000000000000,0.000000000000000,0.000000000000000,0.000000000000000,0.000000000000000,0.000000000000000,0.000000000000000,100.000000000000000,50.000000000000000,0.000000000000000,0.000000000000000,0.000000000000000,0.000000000000000,0.000000000000000,0.000000000000000,0.000000000000000,1.000000000000000,1.000000000000000,0.000000000000000,0.000000000000000,0.000000000000000,0.000000000000000,0.000000000000000,0.000000000000000,0.000000000000000,0.000000000000000,0.000000000000000,0.000000000000000,0.000000000000000,0.000000000000000,0.000000000000000,0.000000000000000,0.000000000000000,0.000000000000000,0.000000000000000,0.000000000000000,5.000000000000000,0.000000000000000,0.000000000000000,5.000000000000000,5.000000000000000
,272035.000000000000000,183461.000000000000000,272035.000000000000000,1.000000000000000,1.000000000000000,0.000000000000000,0.000000000000000,0.000000000000000,0.000000000000000,0.000000000000000,0.000000000000000,0.000000000000000,0.000000000000000,0.000000000000000,0.000000000000000,0.000000000000000,0.000000000000000,0.000000000000000,0.918273646000000,45.000000000000000,0.000000000000000,0.000000000000000,0.000000000000000,388.000000000000000,361.000000000000000,6204300.000000000000000,1994300.000000000000000,37.465458589999997,-121.731375800000000,0.000000000000000,0.000000000000000,457.000000000000000,64.000000000000000,0.000000000000000,0.000000000000000,0.000000000000000,0.000000000000000,0.000000000000000,0.000000000000000,0.000000000000000,0.000000000000000,0.000000000000000,6.000000000000000,144.000000000000000,0.000000000000000,0.000000000000000,4.000000000000000,27.353000600000001,16.644199400000002,0.000000000000000,0.000000000000000,-1.000000000000000,0.000000000000000,1.000000000000000,0.000000000000000,0.000000000000000,0.000000000000000,0.000000000000000,0.000000000000000,0.000000000000000,0.150000000000000,22.200000800000002,0.000000000000000,5.703000100000000,0.000000000000000,18.000000000000000,2.000000000000000,0.000000000000000,0.000000000000000,0.000000000000000,0.000000000000000,0.000000000000000,0.000000000000000,0.000000000000000,0.000000000000000,0.000000000000000,0.000000000000000,0.000000000000000,4.143559900000000,4.085159800000000,3.612010000000000,1.760310100000000,1.043960000000000,0.240667000000000,0.012654300000000,0.064007000000000,0.247236000000000,1.200160000000000,2.877800000000000,3.703500000000000,0.000000000000000,11.662500400000001,11.691900300000000,13.304400400000000,14.706100500000000,18.870300300000000,23.472400700000001,27.469100999999998,16.323099100000000,25.327600499999999,20.967800100000002,14.850799600000000,11.222399700000000,0.000000000000000,4.878280200000000,4.772970200000000,5.254270100000000,5.882880200000000,8.919449800000001,12.313599600000000,16.561700800000001,16.323099100000000,14.918100400000000,11.021499600000000,7.140120000000000,4.708960100000000,0.000000000000000,1.017260000000000,1.024580000000000,1.026110100000000,1.021180000000000,1.055640000000000,1.257419900000000,1.050730000000000,1.277100000000000,0.838333000000000,0.986787000000000,1.005560000000000,1.018440000000000,1.915920000000000,22.991025919999998,0.063439742000000,3.000000000000000,0.000000000000000,0.000000000000000,1.000000000000000,1.000000000000000,0.000000000000000,0.000000000000000,2.000000000000000,2.000000000000000,0.000000000000000,0.000000000000000,0.000000000000000,0.000000000000000,0.000000000000000,0.000000000000000,0.000000000000000,100.000000000000000,50.000000000000000,0.000000000000000,0.000000000000000,0.000000000000000,0.000000000000000,0.000000000000000,0.000000000000000,0.000000000000000,0.000000000000000,0.000000000000000,0.000000000000000,0.000000000000000,0.000000000000000,0.000000000000000,0.000000000000000,0.000000000000000,0.000000000000000,0.000000000000000,0.000000000000000,0.000000000000000,0.000000000000000,0.000000000000000,0.000000000000000,0.000000000000000,0.000000000000000,0.000000000000000,0.000000000000000,0.000000000000000,5.000000000000000,0.000000000000000,0.000000000000000,5.000000000000000,6.000000000000000
,267669.000000000000000,267668.000000000000000,267669.000000000000000,1.000000000000000,1.000000000000000,0.000000000000000,0.000000000000000,0.000000000000000,0.000000000000000,0.000000000000000,0.000000000000000,0.000000000000000,0.000000000000000,0.000000000000000,0.000000000000000,0.000000000000000,0.000000000000000,0.000000000000000,0.918273646000000,0.000000000000000,0.000000000000000,0.000000000000000,0.000000000000000,382.000000000000000,207.000000000000000,6173500.000000000000000,1995500.000000000000000,37.467593039999997,-121.837548400000000,0.000000000000000,0.000000000000000,470.000000000000000,64.000000000000000,0.000000000000000,0.000000000000000,0.000000000000000,0.000000000000000,0.000000000000000,0.000000000000000,0.000000000000000,0.000000000000000,0.000000000000000,5.000000000000000,144.000000000000000,0.000000000000000,0.000000000000000,4.000000000000000,27.428400000000000,14.336299900000000,0.000000000000000,0.000000000000000,0.000000000000000,0.000000000000000,4.000000000000000,0.000000000000000,0.000000000000000,0.000000000000000,0.000000000000000,0.000000000000000,0.000000000000000,0.150000000000000,15.899999599999999,0.000000000000000,5.644000100000000,0.000000000000000,36.000000000000000,2.000000000000000,0.000000000000000,0.000000000000000,0.000000000000000,0.000000000000000,0.000000000000000,0.000000000000000,0.000000000000000,0.000000000000000,0.000000000000000,0.000000000000000,0.000000000000000,3.710520000000000,3.812880000000000,3.390420000000000,1.652510000000000,0.731128000000000,0.127789000000000,0.012082800000000,0.037725300000000,0.223526000000000,0.982528000000000,2.401819900000000,3.294709900000000,0.000000000000000,13.011500399999999,14.186699900000001,15.973300000000000,17.726600600000001,21.251199700000001,24.683200800000002,27.537099800000000,14.133199700000000,26.731199300000000,23.014499699999998,16.726800900000001,12.835200300000000,0.000000000000000,5.751619800000000,6.252299800000000,6.986370100000000,7.426070200000000,9.367730099999999,11.789099700000000,14.067600300000001,14.133199700000000,14.059900300000001,11.658399599999999,8.429189700000000,5.939080200000000,0.000000000000000,0.925670000000000,0.902444000000000,0.933851000000000,0.929619000000000,0.939963000000000,0.999390000000000,1.218910000000000,1.083210000000000,1.057230000000000,0.966931000000000,0.907786000000000,0.912485000000000,1.698140000000000,20.377637860000000,0.056271553000000,3.000000000000000,0.000000000000000,0.000000000000000,1.000000000000000,1.000000000000000,0.000000000000000,0.000000000000000,1.000000000000000,1.000000000000000,0.000000000000000,0.000000000000000,0.000000000000000,0.000000000000000,0.000000000000000,0.000000000000000,0.000000000000000,100.000000000000000,50.000000000000000,0.000000000000000,0.000000000000000,0.000000000000000,0.000000000000000,0.000000000000000,0.000000000000000,0.000000000000000,1.000000000000000,1.000000000000000,0.000000000000000,0.000000000000000,0.000000000000000,0.000000000000000,0.000000000000000,0.000000000000000,0.000000000000000,0.000000000000000,0.000000000000000,0.000000000000000,0.000000000000000,0.000000000000000,0.000000000000000,0.000000000000000,0.000000000000000,0.000000000000000,0.000000000000000,0.000000000000000,5.000000000000000,0.000000000000000,0.000000000000000,5.000000000000000,5.000000000000000
,265617.000000000000000,265616.000000000000000,265617.000000000000000,1.000000000000000,1.000000000000000,0.000000000000000,0.000000000000000,0.000000000000000,0.000000000000000,0.000000000000000,0.000000000000000,0.000000000000000,0.000000000000000,0.000000000000000,0.000000000000000,0.000000000000000,0.000000000000000,0.000000000000000,0.918273646000000,315.000000000000000,0.000000000000000,0.000000000000000,0.000000000000000,379.000000000000000,261.000000000000000,6184300.000000000000000,1996100.000000000000000,37.469658770000002,-121.800367200000000,0.000000000000000,0.000000000000000,-12.000000000000000,64.000000000000000,0.000000000000000,0.000000000000000,0.000000000000000,0.000000000000000,0.000000000000000,0.000000000000000,0.000000000000000,0.000000000000000,0.000000000000000,5.000000000000000,144.000000000000000,0.000000000000000,0.000000000000000,4.000000000000000,27.671899799999998,13.095499999999999,0.000000000000000,0.000000000000000,-1.000000000000000,0.000000000000000,2.000000000000000,0.000000000000000,0.000000000000000,0.000000000000000,0.000000000000000,0.000000000000000,0.000000000000000,0.150000000000000,22.200000800000002,0.000000000000000,5.703000100000000,0.000000000000000,18.000000000000000,2.000000000000000,0.000000000000000,0.000000000000000,0.000000000000000,0.000000000000000,0.000000000000000,0.000000000000000,0.000000000000000,0.000000000000000,0.000000000000000,0.000000000000000,0.000000000000000,3.906750000000000,4.023850000000000,3.534820100000000,1.717420000000000,0.769976000000000,0.143632000000000,0.010302600000000,0.043623800000000,0.216864000000000,1.013340000000000,2.529820000000000,3.475270000000000,0.000000000000000,13.320599600000000,15.020299899999999,16.701400799999998,18.332199100000000,21.742300000000000,25.124399199999999,27.775800700000001,13.419099800000000,27.175800299999999,23.495500600000000,17.210399599999999,13.262000100000000,0.000000000000000,5.520150200000000,6.383930200000000,7.282400100000000,7.928190200000000,9.542989700000000,11.669500400000000,13.094099999999999,13.419099800000000,13.565699600000000,11.599800100000000,8.369239800000001,5.781330100000000,0.000000000000000,0.974624000000000,0.952377000000000,0.973624000000000,0.966134000000000,0.989908000000000,1.123289900000000,1.039320000000000,1.252570000000000,1.025720000000000,0.997254000000000,0.956164000000000,0.962492000000000,1.782140000000000,21.385665889999999,0.059060182000000,3.000000000000000,0.000000000000000,0.000000000000000,1.000000000000000,1.000000000000000,0.000000000000000,0.000000000000000,2.000000000000000,2.000000000000000,0.000000000000000,0.000000000000000,0.000000000000000,0.000000000000000,0.000000000000000,0.000000000000000,0.000000000000000,100.000000000000000,50.000000000000000,0.000000000000000,0.000000000000000,0.000000000000000,0.000000000000000,0.000000000000000,0.000000000000000,0.000000000000000,1.000000000000000,1.000000000000000,0.000000000000000,0.000000000000000,0.000000000000000,0.000000000000000,0.000000000000000,0.000000000000000,0.000000000000000,0.000000000000000,0.000000000000000,0.000000000000000,0.000000000000000,0.000000000000000,0.000000000000000,0.000000000000000,0.000000000000000,0.000000000000000,0.000000000000000,0.000000000000000,5.000000000000000,0.000000000000000,0.000000000000000,5.000000000000000,5.000000000000000
,265657.000000000000000,265656.000000000000000,265657.000000000000000,1.000000000000000,1.000000000000000,0.000000000000000,0.000000000000000,0.000000000000000,0.000000000000000,0.000000000000000,0.000000000000000,0.000000000000000,0.000000000000000,0.000000000000000,0.000000000000000,0.000000000000000,0.000000000000000,0.000000000000000,0.918273646000000,225.000000000000000,0.000000000000000,0.000000000000000,0.000000000000000,379.000000000000000,301.000000000000000,6192300.000000000000000,1996100.000000000000000,37.469960819999997,-121.772803499999990,0.000000000000000,0.000000000000000,484.000000000000000,8.000000000000000,0.000000000000000,0.000000000000000,0.000000000000000,0.000000000000000,0.000000000000000,0.000000000000000,0.000000000000000,0.000000000000000,0.000000000000000,5.000000000000000,144.000000000000000,0.000000000000000,0.000000000000000,4.000000000000000,27.418699300000000,13.942299800000001,0.000000000000000,0.000000000000000,0.000000000000000,0.000000000000000,2.000000000000000,0.000000000000000,0.000000000000000,0.000000000000000,0.000000000000000,0.000000000000000,0.000000000000000,0.150000000000000,15.800000199999999,0.000000000000000,7.231999900000000,0.000000000000000,18.000000000000000,2.000000000000000,0.000000000000000,0.000000000000000,0.000000000000000,0.000000000000000,0.000000000000000,0.000000000000000,0.000000000000000,0.000000000000000,0.000000000000000,0.000000000000000,0.000000000000000,4.024409800000000,4.056009800000000,3.609760000000000,1.773040100000000,0.927342000000000,0.218691000000000,0.009149400000000,0.063766800000000,0.197494000000000,1.076960000000000,2.663729900000000,3.617019900000000,0.000000000000000,13.033499700000000,14.387499800000001,16.019199400000002,17.415000899999999,21.144800199999999,24.583900499999999,27.352600100000000,13.861200300000000,26.435100599999998,22.790599799999999,16.786399800000002,12.887900399999999,0.000000000000000,5.675819900000000,6.335470200000000,7.065710100000000,7.557069800000000,9.337730400000000,11.661500000000000,13.642000200000000,13.861200300000000,13.911800400000001,11.675499900000000,8.468669900000000,5.903220200000000,0.000000000000000,1.003980000000000,0.959989000000000,0.994265000000000,0.997424000000000,1.192220000000000,1.710300000000000,0.922992000000000,1.830940000000000,0.934105000000000,1.059860000000000,1.006780000000000,1.001750000000000,1.853110000000000,22.237371440000000,0.061380941000000,3.000000000000000,0.000000000000000,0.000000000000000,1.000000000000000,1.000000000000000,0.000000000000000,0.000000000000000,1.000000000000000,1.000000000000000,0.000000000000000,0.000000000000000,0.000000000000000,0.000000000000000,0.000000000000000,0.000000000000000,0.000000000000000,100.000000000000000,50.000000000000000,0.000000000000000,0.000000000000000,0.000000000000000,0.000000000000000,0.000000000000000,0.000000000000000,0.000000000000000,1.000000000000000,1.000000000000000,0.000000000000000,0.000000000000000,0.000000000000000,0.000000000000000,0.000000000000000,0.000000000000000,0.000000000000000,0.000000000000000,0.000000000000000,0.000000000000000,0.000000000000000,0.000000000000000,0.000000000000000,0.000000000000000,0.000000000000000,0.000000000000000,0.000000000000000,0.000000000000000,5.000000000000000,0.000000000000000,0.000000000000000,5.000000000000000,5.000000000000000
,256650.000000000000000,256649.000000000000000,256650.000000000000000,1.000000000000000,1.000000000000000,0.000000000000000,0.000000000000000,0.000000000000000,0.000000000000000,0.000000000000000,0.000000000000000,0.000000000000000,0.000000000000000,0.000000000000000,0.000000000000000,0.000000000000000,0.000000000000000,0.000000000000000,0.918273646000000,180.000000000000000,0.000000000000000,0.000000000000000,0.000000000000000,366.000000000000000,420.000000000000000,6216100.000000000000000,1998700.000000000000000,37.477961350000001,-121.690914000000010,0.000000000000000,0.000000000000000,469.000000000000000,4.000000000000000,0.000000000000000,0.000000000000000,0.000000000000000,0.000000000000000,0.000000000000000,0.000000000000000,0.000000000000000,0.000000000000000,0.000000000000000,6.000000000000000,144.000000000000000,0.000000000000000,0.000000000000000,4.000000000000000,26.948699999999999,17.238399500000000,0.000000000000000,0.000000000000000,0.000000000000000,0.000000000000000,3.000000000000000,0.000000000000000,0.000000000000000,0.000000000000000,0.000000000000000,0.000000000000000,0.000000000000000,0.150000000000000,22.200000800000002,0.000000000000000,5.703000100000000,0.000000000000000,28.000000000000000,2.000000000000000,0.000000000000000,0.000000000000000,0.000000000000000,0.000000000000000,0.000000000000000,0.000000000000000,0.000000000000000,0.000000000000000,0.000000000000000,0.000000000000000,0.000000000000000,4.414660000000000,4.368800200000000,3.814580000000000,1.832760000000000,1.100390000000000,0.245947000000000,0.018880300000000,0.061398400000000,0.279837000000000,1.284920000000000,3.105030100000000,3.986969900000000,0.000000000000000,11.974300400000001,12.456600200000000,14.121700300000001,16.320999100000002,20.203399699999999,25.429500600000001,28.934000000000001,16.111900299999999,26.888299900000000,22.340499900000001,15.552000000000000,11.710699999999999,0.000000000000000,5.188079800000000,5.483630200000000,5.970330200000000,6.626880200000000,9.428319900000000,12.611100199999999,16.143699600000001,16.111900299999999,15.093000399999999,11.416000400000000,7.627769900000000,5.069590100000000,0.000000000000000,1.083810000000000,1.095710000000000,1.083650000000000,1.063210000000000,1.112700000000000,1.285010000000000,1.567700000000000,1.225050000000000,0.948877000000000,1.056480100000000,1.084950000000000,1.096400000000000,2.042850000000000,24.514171600000001,0.067646176000000,3.000000000000000,0.000000000000000,0.000000000000000,1.000000000000000,1.000000000000000,0.000000000000000,0.000000000000000,1.000000000000000,1.000000000000000,0.000000000000000,0.000000000000000,0.000000000000000,0.000000000000000,0.000000000000000,0.000000000000000,0.000000000000000,100.000000000000000,50.000000000000000,0.000000000000000,0.000000000000000,0.000000000000000,0.000000000000000,0.000000000000000,0.000000000000000,0.000000000000000,0.000000000000000,0.000000000000000,0.000000000000000,0.000000000000000,0.000000000000000,0.000000000000000,0.000000000000000,0.000000000000000,0.000000000000000,0.000000000000000,0.000000000000000,0.000000000000000,0.000000000000000,0.000000000000000,0.000000000000000,0.000000000000000,0.000000000000000,0.000000000000000,0.000000000000000,0.000000000000000,5.000000000000000,0.000000000000000,0.000000000000000,5.000000000000000,6.000000000000000
,250123.000000000000000,250122.000000000000000,250123.000000000000000,1.000000000000000,1.000000000000000,0.000000000000000,0.000000000000000,0.000000000000000,0.000000000000000,0.000000000000000,0.000000000000000,0.000000000000000,0.000000000000000,0.000000000000000,0.000000000000000,0.000000000000000,0.000000000000000,0.000000000000000,0.918273646000000,90.000000000000000,0.000000000000000,0.000000000000000,0.000000000000000,357.000000000000000,211.000000000000000,6174300.000000000000000,2000500.000000000000000,37.481355239999999,-121.835037900000000,0.000000000000000,0.000000000000000,-12.000000000000000,1.000000000000000,0.000000000000000,0.000000000000000,0.000000000000000,0.000000000000000,0.000000000000000,0.000000000000000,0.000000000000000,0.000000000000000,0.000000000000000,5.000000000000000,144.000000000000000,0.000000000000000,0.000000000000000,4.000000000000000,27.308299999999999,14.143799800000000,0.000000000000000,0.000000000000000,0.000000000000000,0.000000000000000,4.000000000000000,0.000000000000000,0.000000000000000,0.000000000000000,0.000000000000000,0.000000000000000,0.000000000000000,0.130000000000000,15.500000000000000,0.000000000000000,6.275000100000000,0.000000000000000,36.000000000000000,2.000000000000000,0.000000000000000,0.000000000000000,0.000000000000000,0.000000000000000,0.000000000000000,0.000000000000000,0.000000000000000,0.000000000000000,0.000000000000000,0.000000000000000,0.000000000000000,3.613390000000000,3.671639900000000,3.290119900000000,1.571010000000000,0.718753000000000,0.127702000000000,0.012255400000000,0.036344500000000,0.213642000000000,0.967744000000000,2.280000000000000,3.157840000000000,0.000000000000000,13.173100500000000,14.846200000000000,16.562900500000001,18.665700900000001,22.055700300000002,25.416799500000000,28.026199299999998,13.502100000000000,27.268899900000001,23.536699299999999,17.032699600000001,13.104299500000000,0.000000000000000,5.651440100000000,6.469920200000000,7.353960000000000,7.949820000000000,9.553299900000001,11.718000399999999,13.193499600000001,13.502100000000000,13.693099999999999,11.734100300000000,8.539859800000000,5.904679800000000,0.000000000000000,0.901439000000000,0.869015000000000,0.906224000000000,0.883772000000000,0.924054000000000,0.998710000000000,1.236320000000000,1.043560000000000,1.010480000000000,0.952382000000000,0.861743000000000,0.874578000000000,1.638370000000000,19.660440439999999,0.054283809000000,3.000000000000000,0.000000000000000,0.000000000000000,1.000000000000000,1.000000000000000,0.000000000000000,0.000000000000000,2.000000000000000,2.000000000000000,0.000000000000000,0.000000000000000,0.000000000000000,0.000000000000000,0.000000000000000,0.000000000000000,0.000000000000000,100.000000000000000,50.000000000000000,0.000000000000000,0.000000000000000,0.000000000000000,0.000000000000000,0.000000000000000,0.000000000000000,0.000000000000000,1.000000000000000,1.000000000000000,0.000000000000000,0.000000000000000,0.000000000000000,0.000000000000000,0.000000000000000,0.000000000000000,0.000000000000000,0.000000000000000,0.000000000000000,0.000000000000000,0.000000000000000,0.000000000000000,0.000000000000000,0.000000000000000,0.000000000000000,0.000000000000000,0.000000000000000,0.000000000000000,5.000000000000000,0.000000000000000,0.000000000000000,5.000000000000000,5.000000000000000
,246671.000000000000000,246670.000000000000000,246671.000000000000000,1.000000000000000,1.000000000000000,0.000000000000000,0.000000000000000,0.000000000000000,0.000000000000000,0.000000000000000,0.000000000000000,0.000000000000000,0.000000000000000,0.000000000000000,0.000000000000000,0.000000000000000,0.000000000000000,0.000000000000000,0.918273646000000,270.000000000000000,0.000000000000000,0.000000000000000,0.000000000000000,352.000000000000000,269.000000000000000,6185900.000000000000000,2001500.000000000000000,37.484549090000002,-121.795112000000000,0.000000000000000,0.000000000000000,415.000000000000000,16.000000000000000,0.000000000000000,0.000000000000000,0.000000000000000,0.000000000000000,0.000000000000000,0.000000000000000,0.000000000000000,0.000000000000000,0.000000000000000,5.000000000000000,144.000000000000000,0.000000000000000,0.000000000000000,4.000000000000000,27.248500799999999,13.878000300000000,0.000000000000000,0.000000000000000,0.000000000000000,0.000000000000000,1.000000000000000,0.000000000000000,0.000000000000000,0.000000000000000,0.000000000000000,0.000000000000000,0.000000000000000,0.110000000000000,22.000000000000000,0.000000000000000,4.022999800000000,0.000000000000000,18.000000000000000,2.000000000000000,0.000000000000000,0.000000000000000,0.000000000000000,0.000000000000000,0.000000000000000,0.000000000000000,0.000000000000000,0.000000000000000,0.000000000000000,0.000000000000000,0.000000000000000,3.959130000000000,4.027410000000000,3.596659900000000,1.766540100000000,0.850775000000000,0.180308000000000,0.010536000000000,0.052432300000000,0.204117000000000,1.021390000000000,2.585340000000000,3.540580000000000,0.000000000000000,13.275799800000000,14.961199799999999,16.614000300000001,18.311199200000001,21.762899399999998,25.169900899999998,27.871299700000002,13.447799699999999,27.202600499999999,23.478300099999998,17.151500700000000,13.216400100000000,0.000000000000000,5.545100200000000,6.398009800000000,7.259290200000000,7.888330000000000,9.512359600000000,11.656599999999999,13.141500499999999,13.447799699999999,13.584600399999999,11.595800400000000,8.368269900000000,5.793530000000000,0.000000000000000,0.987691000000000,0.953220000000000,0.990657000000000,0.993767000000000,1.093790100000000,1.410120000000000,1.062870000000000,1.505489900000000,0.965430000000000,1.005180000000000,0.977149000000000,0.980580000000000,1.816270000000000,21.795217510000001,0.060173664000000,3.000000000000000,0.000000000000000,1.000000000000000,1.000000000000000,1.000000000000000,0.000000000000000,1.000000000000000,1.000000000000000,1.000000000000000,0.000000000000000,0.000000000000000,0.000000000000000,0.000000000000000,0.000000000000000,0.000000000000000,15.000000000000000,100.000000000000000,50.000000000000000,0.000000000000000,0.000000000000000,0.000000000000000,0.000000000000000,0.000000000000000,0.000000000000000,1.000000000000000,1.000000000000000,1.000000000000000,0.000000000000000,0.000000000000000,0.000000000000000,0.000000000000000,0.000000000000000,0.000000000000000,0.000000000000000,0.000000000000000,0.000000000000000,0.000000000000000,0.000000000000000,0.000000000000000,0.000000000000000,0.000000000000000,0.000000000000000,0.000000000000000,0.000000000000000,2.000000000000000,5.000000000000000,0.000000000000000,0.000000000000000,5.000000000000000,5.000000000000000
,244537.000000000000000,155963.000000000000000,244537.000000000000000,1.000000000000000,1.000000000000000,0.000000000000000,0.000000000000000,0.000000000000000,0.000000000000000,0.000000000000000,0.000000000000000,0.000000000000000,0.000000000000000,0.000000000000000,0.000000000000000,0.000000000000000,0.000000000000000,0.000000000000000,0.918273646000000,315.000000000000000,0.000000000000000,0.000000000000000,0.000000000000000,349.000000000000000,241.000000000000000,6180300.000000000000000,2002100.000000000000000,37.485982370000002,-121.814439400000000,0.000000000000000,0.000000000000000,409.000000000000000,16.000000000000000,0.000000000000000,0.000000000000000,0.000000000000000,0.000000000000000,0.000000000000000,0.000000000000000,0.000000000000000,0.000000000000000,0.000000000000000,5.000000000000000,144.000000000000000,0.000000000000000,0.000000000000000,4.000000000000000,27.684099199999999,13.175700200000000,0.000000000000000,0.000000000000000,-1.000000000000000,0.000000000000000,2.000000000000000,0.000000000000000,0.000000000000000,0.000000000000000,0.000000000000000,0.000000000000000,0.000000000000000,0.150000000000000,31.000000000000000,0.000000000000000,5.530000200000000,0.000000000000000,18.000000000000000,2.000000000000000,0.000000000000000,0.000000000000000,0.000000000000000,0.000000000000000,0.000000000000000,0.000000000000000,0.000000000000000,0.000000000000000,0.000000000000000,0.000000000000000,0.000000000000000,3.826340000000000,3.935950000000000,3.504509900000000,1.700710100000000,0.781743000000000,0.151795000000000,0.011472400000000,0.043970600000000,0.215156000000000,0.985703000000000,2.490099900000000,3.420840000000000,0.000000000000000,13.109999699999999,14.799400300000000,16.465299600000002,18.285600700000000,21.738700900000001,25.161100399999999,27.944700200000000,13.438500400000001,27.198000000000000,23.450000800000002,16.969800899999999,13.041000400000000,0.000000000000000,5.651959900000000,6.469709900000000,7.362160200000000,7.956460000000000,9.501560200000000,11.653499600000000,13.089599600000000,13.438500400000001,13.686300299999999,11.772199600000000,8.580929800000000,5.929299800000000,0.000000000000000,0.954564000000000,0.931573000000000,0.965276000000000,0.956734000000000,1.005040000000000,1.187130000000000,1.157330000000000,1.262530000000000,1.017640000000000,0.970056000000000,0.941152000000000,0.947417000000000,1.755690000000000,21.068288800000001,0.058177214000000,3.000000000000000,0.000000000000000,0.000000000000000,1.000000000000000,1.000000000000000,0.000000000000000,0.000000000000000,2.000000000000000,2.000000000000000,0.000000000000000,0.000000000000000,0.000000000000000,0.000000000000000,0.000000000000000,0.000000000000000,0.000000000000000,100.000000000000000,50.000000000000000,0.000000000000000,0.000000000000000,0.000000000000000,0.000000000000000,0.000000000000000,0.000000000000000,0.000000000000000,1.000000000000000,1.000000000000000,0.000000000000000,0.000000000000000,0.000000000000000,0.000000000000000,0.000000000000000,0.000000000000000,0.000000000000000,0.000000000000000,0.000000000000000,0.000000000000000,0.000000000000000,0.000000000000000,0.000000000000000,0.000000000000000,0.000000000000000,0.000000000000000,0.000000000000000,0.000000000000000,5.000000000000000,0.000000000000000,0.000000000000000,5.000000000000000,5.000000000000000
,234138.000000000000000,234137.000000000000000,234138.000000000000000,1.000000000000000,1.000000000000000,0.000000000000000,0.000000000000000,0.000000000000000,0.000000000000000,0.000000000000000,0.000000000000000,0.000000000000000,0.000000000000000,0.000000000000000,0.000000000000000,0.000000000000000,0.000000000000000,0.000000000000000,0.918273646000000,180.000000000000000,0.000000000000000,0.000000000000000,0.000000000000000,334.000000000000000,372.000000000000000,6206500.000000000000000,2005100.000000000000000,37.495196909999997,-121.724283000000000,0.000000000000000,0.000000000000000,412.000000000000000,4.000000000000000,0.000000000000000,0.000000000000000,0.000000000000000,0.000000000000000,0.000000000000000,0.000000000000000,0.000000000000000,0.000000000000000,0.000000000000000,6.000000000000000,144.000000000000000,0.000000000000000,0.000000000000000,4.000000000000000,27.786199600000000,16.645599399999998,0.000000000000000,0.000000000000000,0.000000000000000,0.000000000000000,1.000000000000000,0.000000000000000,0.000000000000000,0.000000000000000,0.000000000000000,0.000000000000000,0.000000000000000,0.110000000000000,22.000000000000000,0.000000000000000,4.022999800000000,0.000000000000000,18.000000000000000,2.000000000000000,0.000000000000000,0.000000000000000,0.000000000000000,0.000000000000000,0.000000000000000,0.000000000000000,0.000000000000000,0.000000000000000,0.000000000000000,0.000000000000000,0.000000000000000,4.263770100000000,4.244550200000000,3.748040000000000,1.812210000000000,1.073220000000000,0.266684000000000,0.011632900000000,0.070427700000000,0.214933000000000,1.184690000000000,2.891650000000000,3.838439900000000,0.000000000000000,12.780300100000000,13.760800400000001,15.408100100000000,15.972000100000001,20.066299399999998,24.638700499999999,28.577600499999999,14.404299699999999,26.696300500000000,22.476100899999999,16.401399600000001,12.575400399999999,0.000000000000000,5.641270200000000,6.160790000000000,6.735320100000000,7.217770100000000,9.228879900000001,11.775899900000001,14.276200299999999,14.404299699999999,14.186200100000001,11.585200300000000,8.302880300000000,5.766200100000000,0.000000000000000,1.046770000000000,1.064550000000000,1.064750000000000,1.051290000000000,1.085230000000000,1.393360000000000,0.965923000000000,1.405210000000000,0.728799000000000,0.974067000000000,1.010400100000000,1.055550000000000,1.968350000000000,23.620246890000001,0.065182447000000,3.000000000000000,0.000000000000000,1.000000000000000,1.000000000000000,1.000000000000000,0.000000000000000,1.000000000000000,2.000000000000000,2.000000000000000,0.000000000000000,0.000000000000000,0.000000000000000,0.000000000000000,0.000000000000000,0.000000000000000,15.000000000000000,100.000000000000000,50.000000000000000,0.000000000000000,0.000000000000000,0.000000000000000,0.000000000000000,0.000000000000000,0.000000000000000,0.000000000000000,0.000000000000000,0.000000000000000,0.000000000000000,0.000000000000000,0.000000000000000,0.000000000000000,0.000000000000000,0.000000000000000,0.000000000000000,0.000000000000000,0.000000000000000,0.000000000000000,0.000000000000000,0.000000000000000,0.000000000000000,0.000000000000000,0.000000000000000,0.000000000000000,0.000000000000000,2.000000000000000,5.000000000000000,0.000000000000000,0.000000000000000,5.000000000000000,6.000000000000000
,231262.000000000000000,231261.000000000000000,231262.000000000000000,1.000000000000000,1.000000000000000,0.000000000000000,0.000000000000000,0.000000000000000,0.000000000000000,0.000000000000000,0.000000000000000,0.000000000000000,0.000000000000000,0.000000000000000,0.000000000000000,0.000000000000000,0.000000000000000,0.000000000000000,0.918273646000000,315.000000000000000,0.000000000000000,0.000000000000000,0.000000000000000,330.000000000000000,304.000000000000000,6192900.000000000000000,2005900.000000000000000,37.496895889999998,-121.771194900000000,0.000000000000000,0.000000000000000,393.000000000000000,64.000000000000000,0.000000000000000,0.000000000000000,0.000000000000000,0.000000000000000,0.000000000000000,0.000000000000000,0.000000000000000,0.000000000000000,0.000000000000000,6.000000000000000,144.000000000000000,0.000000000000000,0.000000000000000,4.000000000000000,27.585199400000000,14.401599900000001,0.000000000000000,0.000000000000000,-1.000000000000000,0.000000000000000,4.000000000000000,0.000000000000000,0.000000000000000,0.000000000000000,0.000000000000000,0.000000000000000,0.000000000000000,0.000000000000000,0.000000000000000,0.000000000000000,0.000000000000000,0.000000000000000,36.000000000000000,2.000000000000000,0.000000000000000,0.000000000000000,0.000000000000000,0.000000000000000,0.000000000000000,0.000000000000000,0.000000000000000,0.000000000000000,0.000000000000000,0.000000000000000,0.000000000000000,4.164480200000000,4.201250100000000,3.717310000000000,1.868700000000000,1.045270000000000,0.273252000000000,0.010070900000000,0.081833100000000,0.209129000000000,1.117050100000000,2.833689900000000,3.839420100000000,0.000000000000000,12.706199600000000,13.215499899999999,14.853099800000001,16.582899099999999,20.643999099999998,24.296300899999999,27.382499700000000,15.229999500000000,25.921300899999999,22.132299400000001,16.152599299999999,12.380999600000001,0.000000000000000,5.710410100000000,5.806409800000000,6.250639900000000,6.600729900000000,9.150159800000001,11.931300200000001,15.414600399999999,15.229999500000000,14.515000300000001,11.234000200000001,7.914159800000000,5.629320100000000,0.000000000000000,1.038920000000000,0.994365000000000,1.023890000000000,1.051240000000000,1.343840000000000,2.137000100000000,1.015950000000000,2.349679900000000,0.989136000000000,1.099320100000000,1.071010000000000,1.063350000000000,1.946790000000000,23.361455920000001,0.064474233000000,3.000000000000000,0.000000000000000,1.000000000000000,1.000000000000000,1.000000000000000,0.000000000000000,2.000000000000000,1.000000000000000,1.000000000000000,0.000000000000000,0.000000000000000,0.000000000000000,0.000000000000000,0.000000000000000,0.000000000000000,0.000000000000000,100.000000000000000,50.000000000000000,0.000000000000000,0.000000000000000,0.000000000000000,0.000000000000000,0.000000000000000,0.000000000000000,0.000000000000000,0.000000000000000,0.000000000000000,0.000000000000000,0.000000000000000,0.000000000000000,0.000000000000000,0.000000000000000,0.000000000000000,0.000000000000000,0.000000000000000,0.000000000000000,0.000000000000000,0.000000000000000,0.000000000000000,0.000000000000000,0.000000000000000,0.000000000000000,0.000000000000000,0.000000000000000,3.000000000000000,5.000000000000000,0.000000000000000,0.000000000000000,5.000000000000000,6.000000000000000
,228421.000000000000000,228420.000000000000000,228421.000000000000000,1.000000000000000,1.000000000000000,0.000000000000000,0.000000000000000,0.000000000000000,0.000000000000000,0.000000000000000,0.000000000000000,0.000000000000000,0.000000000000000,0.000000000000000,0.000000000000000,0.000000000000000,0.000000000000000,0.000000000000000,0.918273646000000,0.000000000000000,0.000000000000000,0.000000000000000,0.000000000000000,326.000000000000000,271.000000000000000,6186300.000000000000000,2006700.000000000000000,37.498844419999998,-121.793981300000000,0.000000000000000,0.000000000000000,371.000000000000000,64.000000000000000,0.000000000000000,0.000000000000000,0.000000000000000,0.000000000000000,0.000000000000000,0.000000000000000,0.000000000000000,0.000000000000000,0.000000000000000,8.000000000000000,144.000000000000000,0.000000000000000,0.000000000000000,4.000000000000000,27.380399700000002,13.846400300000001,0.000000000000000,0.000000000000000,0.000000000000000,0.000000000000000,4.000000000000000,0.000000000000000,0.000000000000000,0.000000000000000,0.000000000000000,0.000000000000000,0.000000000000000,0.140000000000000,21.399999600000001,0.000000000000000,7.214000200000000,0.000000000000000,36.000000000000000,2.000000000000000,0.000000000000000,0.000000000000000,0.000000000000000,0.000000000000000,0.000000000000000,0.000000000000000,0.000000000000000,0.000000000000000,0.000000000000000,0.000000000000000,0.000000000000000,4.035069900000000,4.067629800000000,3.649220000000000,1.805290000000000,0.923527000000000,0.211177000000000,0.011165300000000,0.061417400000000,0.219739000000000,1.042690000000000,2.652869900000000,3.619570000000000,0.000000000000000,12.912400200000000,14.028499600000000,15.633299800000000,17.292400399999998,21.177299500000000,24.727500899999999,27.697500200000000,14.418800400000000,26.477899600000001,22.718200700000001,16.626100500000000,12.774000200000000,0.000000000000000,5.956369900000000,6.357709900000000,6.761600000000000,7.153689900000000,9.284680399999999,11.800999600000001,14.451700199999999,14.418800400000000,14.152199700000001,11.473699600000000,8.247989700000000,5.848199800000000,0.000000000000000,1.006640000000000,0.962739000000000,1.005130100000000,1.015570000000000,1.187320000000000,1.651540000000000,1.126350000000000,1.763479900000000,1.039320000000000,1.026140000000000,1.002670000000000,1.002460000000000,1.858280000000000,22.299364090000001,0.061554167000000,3.000000000000000,0.000000000000000,0.000000000000000,1.000000000000000,1.000000000000000,0.000000000000000,0.000000000000000,1.000000000000000,1.000000000000000,0.000000000000000,0.000000000000000,0.000000000000000,0.000000000000000,0.000000000000000,0.000000000000000,0.000000000000000,100.000000000000000,50.000000000000000,0.000000000000000,0.000000000000000,0.000000000000000,0.000000000000000,0.000000000000000,0.000000000000000,0.000000000000000,1.000000000000000,1.000000000000000,0.000000000000000,0.000000000000000,0.000000000000000,0.000000000000000,0.000000000000000,0.000000000000000,0.000000000000000,0.000000000000000,0.000000000000000,0.000000000000000,0.000000000000000,0.000000000000000,0.000000000000000,0.000000000000000,0.000000000000000,0.000000000000000,0.000000000000000,0.000000000000000,5.000000000000000,0.000000000000000,0.000000000000000,5.000000000000000,8.000000000000000
,226930.000000000000000,226929.000000000000000,226930.000000000000000,1.000000000000000,1.000000000000000,0.000000000000000,0.000000000000000,0.000000000000000,0.000000000000000,0.000000000000000,0.000000000000000,0.000000000000000,0.000000000000000,0.000000000000000,0.000000000000000,0.000000000000000,0.000000000000000,0.000000000000000,0.918273646000000,45.000000000000000,0.000000000000000,0.000000000000000,0.000000000000000,324.000000000000000,184.000000000000000,6168900.000000000000000,2007100.000000000000000,37.499266839999997,-121.853975199999990,0.000000000000000,0.000000000000000,350.000000000000000,128.000000000000000,0.000000000000000,0.000000000000000,0.000000000000000,0.000000000000000,0.000000000000000,0.000000000000000,0.000000000000000,0.000000000000000,0.000000000000000,9.000000000000000,144.000000000000000,0.000000000000000,0.000000000000000,3.000000000000000,26.621400800000000,16.151800200000000,0.000000000000000,0.000000000000000,-1.000000000000000,0.000000000000000,4.000000000000000,0.000000000000000,0.000000000000000,0.000000000000000,0.000000000000000,0.000000000000000,0.000000000000000,0.140000000000000,21.399999600000001,0.000000000000000,7.214000200000000,0.000000000000000,36.000000000000000,2.000000000000000,0.000000000000000,0.000000000000000,0.000000000000000,0.000000000000000,0.000000000000000,0.000000000000000,0.000000000000000,0.000000000000000,0.000000000000000,0.000000000000000,0.000000000000000,3.349860000000000,3.296279900000000,2.986429900000000,1.340630100000000,0.652817000000000,0.099501500000000,0.014036900000000,0.024490800000000,0.204533000000000,0.941815000000000,1.899320000000000,2.739200100000000,0.000000000000000,13.982399900000001,15.902099600000000,17.700199099999999,20.890600200000002,23.923400900000001,26.919500400000000,28.837299300000002,13.642700200000000,28.078599900000000,24.462999300000000,18.012699099999999,14.024499900000000,0.000000000000000,5.216189900000000,6.221389800000000,7.228210000000000,8.068289800000001,9.999420199999999,12.091600400000001,13.439700100000000,13.642700200000000,13.329000499999999,11.121299700000000,7.799580100000000,5.334620000000000,0.000000000000000,0.835695000000000,0.780174000000000,0.822577000000000,0.754171000000000,0.839284000000000,0.778164000000000,1.416039900000000,0.703205000000000,0.967398000000000,0.926865000000000,0.717862000000000,0.758634000000000,1.462410000000000,17.548913960000000,0.048441451000000,3.000000000000000,0.000000000000000,1.000000000000000,1.000000000000000,1.000000000000000,0.000000000000000,1.000000000000000,1.000000000000000,1.000000000000000,0.000000000000000,0.000000000000000,0.000000000000000,0.000000000000000,0.000000000000000,0.000000000000000,15.000000000000000,100.000000000000000,50.000000000000000,0.000000000000000,0.000000000000000,0.000000000000000,0.000000000000000,0.000000000000000,0.000000000000000,1.000000000000000,1.000000000000000,1.000000000000000,0.000000000000000,0.000000000000000,0.000000000000000,0.000000000000000,0.000000000000000,0.000000000000000,0.000000000000000,0.000000000000000,0.000000000000000,0.000000000000000,0.000000000000000,0.000000000000000,0.000000000000000,0.000000000000000,0.000000000000000,0.000000000000000,0.000000000000000,2.000000000000000,5.000000000000000,0.000000000000000,0.000000000000000,5.000000000000000,9.000000000000000
,226332.000000000000000,226331.000000000000000,226332.000000000000000,1.000000000000000,1.000000000000000,0.000000000000000,0.000000000000000,0.000000000000000,0.000000000000000,0.000000000000000,0.000000000000000,6794786.000000000000000,0.000000000000000,0.000000000000000,0.000000000000000,0.000000000000000,0.000000000000000,0.000000000000000,0.918273646000000,0.000000000000000,0.000000000000000,0.000000000000000,0.000000000000000,323.000000000000000,288.000000000000000,6189700.000000000000000,2007300.000000000000000,37.500620650000002,-121.782290500000000,0.000000000000000,0.000000000000000,376.000000000000000,64.000000000000000,0.000000000000000,0.000000000000000,0.000000000000000,0.000000000000000,0.000000000000000,0.000000000000000,0.000000000000000,0.000000000000000,0.000000000000000,8.000000000000000,144.000000000000000,0.000000000000000,0.000000000000000,4.000000000000000,27.279100400000001,13.423100500000000,0.000000000000000,0.000000000000000,0.000000000000000,0.000000000000000,4.000000000000000,0.000000000000000,0.000000000000000,0.000000000000000,0.000000000000000,0.000000000000000,0.000000000000000,0.140000000000000,21.399999600000001,0.000000000000000,7.214000200000000,0.000000000000000,36.000000000000000,2.000000000000000,0.000000000000000,0.000000000000000,0.000000000000000,0.000000000000000,0.000000000000000,0.000000000000000,0.000000000000000,0.000000000000000,0.000000000000000,0.000000000000000,0.000000000000000,4.116660100000000,4.148359800000000,3.692240000000000,1.856850000000000,0.990802000000000,0.242955000000000,0.010865300000000,0.070593900000000,0.216923000000000,1.081570000000000,2.758510100000000,3.766779900000000,0.000000000000000,12.812199600000000,13.553899800000000,15.190899800000000,16.898700699999999,20.899099300000000,24.506300000000000,27.549800900000001,14.828900300000001,26.175500899999999,22.404199599999998,16.344499599999999,12.552700000000000,0.000000000000000,5.850050000000000,6.047659900000000,6.501890200000000,6.852510000000000,9.198949799999999,11.851900100000000,14.970000300000001,14.828900300000001,14.347999600000000,11.353500400000000,8.096180000000000,5.762539900000000,0.000000000000000,1.026990100000000,0.981846000000000,1.016980100000000,1.044570000000000,1.273810000000000,1.900060100000000,1.096090000000000,2.026959900000000,1.026000000000000,1.064400000000000,1.042600000000000,1.043230100000000,1.912760000000000,22.953109739999999,0.063351475000000,3.000000000000000,0.000000000000000,1.000000000000000,1.000000000000000,1.000000000000000,0.000000000000000,2.000000000000000,2.000000000000000,2.000000000000000,0.000000000000000,0.000000000000000,0.000000000000000,0.000000000000000,0.000000000000000,0.000000000000000,20.000000000000000,100.000000000000000,50.000000000000000,0.000000000000000,0.000000000000000,0.000000000000000,0.000000000000000,0.000000000000000,0.000000000000000,1.000000000000000,1.000000000000000,1.000000000000000,0.000000000000000,0.000000000000000,0.000000000000000,0.000000000000000,0.000000000000000,0.000000000000000,0.000000000000000,0.000000000000000,0.000000000000000,0.000000000000000,0.000000000000000,0.000000000000000,0.000000000000000,0.000000000000000,0.000000000000000,0.000000000000000,0.000000000000000,3.000000000000000,5.000000000000000,0.000000000000000,0.000000000000000,5.000000000000000,8.000000000000000
,224876.000000000000000,224875.000000000000000,224876.000000000000000,1.000000000000000,1.000000000000000,0.000000000000000,0.000000000000000,0.000000000000000,0.000000000000000,0.000000000000000,0.000000000000000,15221818.000000000000000,0.000000000000000,0.000000000000000,0.000000000000000,0.000000000000000,0.000000000000000,0.000000000000000,0.918273646000000,45.000000000000000,0.000000000000000,0.000000000000000,0.000000000000000,321.000000000000000,236.000000000000000,6179300.000000000000000,2007700.000000000000000,37.501322299999998,-121.818157400000000,0.000000000000000,0.000000000000000,368.000000000000000,32.000000000000000,0.000000000000000,0.000000000000000,0.000000000000000,0.000000000000000,0.000000000000000,0.000000000000000,0.000000000000000,0.000000000000000,0.000000000000000,8.000000000000000,144.000000000000000,0.000000000000000,0.000000000000000,4.000000000000000,28.079399100000000,13.143300099999999,0.000000000000000,0.000000000000000,-1.000000000000000,0.000000000000000,4.000000000000000,0.000000000000000,0.000000000000000,0.000000000000000,0.000000000000000,0.000000000000000,0.000000000000000,0.000000000000000,0.000000000000000,0.000000000000000,0.000000000000000,0.000000000000000,36.000000000000000,2.000000000000000,0.000000000000000,0.000000000000000,0.000000000000000,0.000000000000000,0.000000000000000,0.000000000000000,0.000000000000000,0.000000000000000,0.000000000000000,0.000000000000000,0.000000000000000,3.816180000000000,3.875430100000000,3.536609900000000,1.693320000000000,0.809042000000000,0.161193000000000,0.012250200000000,0.045996700000000,0.217887000000000,0.972241000000000,2.473750100000000,3.405469900000000,0.000000000000000,13.123000100000001,14.423000300000000,16.037200899999998,17.552600900000002,21.160999300000000,24.547300300000000,27.290100100000000,14.030400300000000,26.456300700000000,22.801900900000000,16.834600399999999,12.929599800000000,0.000000000000000,5.989419900000000,6.368470200000000,7.023129900000000,7.449399900000000,9.363780000000000,11.733699800000000,13.975899699999999,14.030400300000000,13.993000000000000,11.635000200000000,8.470930100000000,5.963530100000000,0.000000000000000,0.952029000000000,0.917249000000000,0.974117000000000,0.952577000000000,1.040130000000000,1.260630000000000,1.235800000000000,1.320700000000000,1.030560000000000,0.956808000000000,0.934972000000000,0.943161000000000,1.751610000000000,21.019369130000001,0.058027234000000,3.000000000000000,0.000000000000000,1.000000000000000,1.000000000000000,1.000000000000000,0.000000000000000,2.000000000000000,2.000000000000000,2.000000000000000,0.000000000000000,0.000000000000000,0.000000000000000,0.000000000000000,0.000000000000000,0.000000000000000,20.000000000000000,100.000000000000000,50.000000000000000,0.000000000000000,0.000000000000000,0.000000000000000,0.000000000000000,0.000000000000000,0.000000000000000,1.000000000000000,1.000000000000000,1.000000000000000,0.000000000000000,0.000000000000000,0.000000000000000,0.000000000000000,0.000000000000000,0.000000000000000,0.000000000000000,0.000000000000000,0.000000000000000,0.000000000000000,0.000000000000000,0.000000000000000,0.000000000000000,0.000000000000000,0.000000000000000,0.000000000000000,0.000000000000000,3.000000000000000,5.000000000000000,0.000000000000000,0.000000000000000,5.000000000000000,8.000000000000000
,215043.000000000000000,215042.000000000000000,215043.000000000000000,1.000000000000000,1.000000000000000,0.000000000000000,0.000000000000000,0.000000000000000,0.000000000000000,0.000000000000000,0.000000000000000,0.000000000000000,0.000000000000000,0.000000000000000,0.000000000000000,0.000000000000000,0.000000000000000,0.000000000000000,0.918273646000000,270.000000000000000,0.000000000000000,0.000000000000000,0.000000000000000,307.000000000000000,231.000000000000000,6178300.000000000000000,2010500.000000000000000,37.508972829999998,-121.821740600000000,0.000000000000000,0.000000000000000,348.000000000000000,16.000000000000000,0.000000000000000,0.000000000000000,0.000000000000000,0.000000000000000,0.000000000000000,0.000000000000000,0.000000000000000,0.000000000000000,0.000000000000000,9.000000000000000,144.000000000000000,0.000000000000000,0.000000000000000,3.000000000000000,28.431600599999999,13.250499700000001,0.000000000000000,0.000000000000000,0.000000000000000,0.000000000000000,3102.000000000000000,0.000000000000000,0.000000000000000,0.000000000000000,0.000000000000000,0.000000000000000,0.000000000000000,0.140000000000000,21.399999600000001,0.000000000000000,7.214000200000000,0.000000000000000,3102.000000000000000,2.000000000000000,0.000000000000000,0.000000000000000,0.000000000000000,0.000000000000000,0.000000000000000,0.000000000000000,0.000000000000000,0.000000000000000,0.000000000000000,0.000000000000000,0.000000000000000,3.736720100000000,3.767200000000000,3.465470100000000,1.620930000000000,0.775873000000000,0.148011000000000,0.012849400000000,0.041334300000000,0.216578000000000,0.954743000000000,2.360810000000000,3.281980000000000,0.000000000000000,13.116600000000000,14.446200400000000,16.097900400000000,17.631200799999998,21.204299899999999,24.590099299999999,27.324800499999998,14.124899900000001,26.472400700000001,22.818500499999999,16.890399899999998,12.984199500000001,0.000000000000000,6.043270100000000,6.458879900000000,7.010369800000000,7.430650200000000,9.359270100000000,11.765600200000000,14.094599700000000,14.124899900000001,14.029600100000000,11.599800100000000,8.473979900000000,5.959430200000000,0.000000000000000,0.932206000000000,0.891632000000000,0.954522000000000,0.911854000000000,0.997489000000000,1.157540000000000,1.296240000000000,1.186830000000000,1.024370000000000,0.939588000000000,0.892286000000000,0.908960000000000,1.698540000000000,20.382499690000000,0.056266144000000,3.000000000000000,0.000000000000000,1.000000000000000,1.000000000000000,1.000000000000000,0.000000000000000,1.000000000000000,2.000000000000000,2.000000000000000,0.000000000000000,0.000000000000000,0.000000000000000,0.000000000000000,0.000000000000000,0.000000000000000,15.000000000000000,100.000000000000000,50.000000000000000,0.000000000000000,0.000000000000000,0.000000000000000,0.000000000000000,0.000000000000000,0.000000000000000,1.000000000000000,1.000000000000000,1.000000000000000,0.000000000000000,0.000000000000000,0.000000000000000,0.000000000000000,0.000000000000000,0.000000000000000,0.000000000000000,0.000000000000000,0.000000000000000,0.000000000000000,0.000000000000000,0.000000000000000,0.000000000000000,0.000000000000000,0.000000000000000,0.000000000000000,0.000000000000000,2.000000000000000,5.000000000000000,0.000000000000000,0.000000000000000,5.000000000000000,9.000000000000000
,215178.000000000000000,215177.000000000000000,215178.000000000000000,1.000000000000000,1.000000000000000,0.000000000000000,0.000000000000000,0.000000000000000,0.000000000000000,0.000000000000000,0.000000000000000,0.000000000000000,1.000000000000000,0.000000000000000,0.000000000000000,0.000000000000000,0.000000000000000,0.000000000000000,0.918273646000000,225.000000000000000,0.000000000000000,0.000000000000000,0.000000000000000,307.000000000000000,366.000000000000000,6205300.000000000000000,2010500.000000000000000,37.509983220000002,-121.728663299999990,0.000000000000000,0.000000000000000,355.000000000000000,16.000000000000000,0.000000000000000,0.000000000000000,0.000000000000000,0.000000000000000,0.000000000000000,0.000000000000000,0.000000000000000,0.000000000000000,0.000000000000000,6.000000000000000,144.000000000000000,0.000000000000000,0.000000000000000,4.000000000000000,26.948099100000000,17.766000699999999,0.000000000000000,0.000000000000000,0.000000000000000,0.000000000000000,1.000000000000000,0.000000000000000,0.000000000000000,0.000000000000000,0.000000000000000,0.000000000000000,0.000000000000000,0.110000000000000,22.000000000000000,0.000000000000000,4.022999800000000,0.000000000000000,18.000000000000000,2.000000000000000,0.000000000000000,0.000000000000000,0.000000000000000,0.000000000000000,0.000000000000000,0.000000000000000,0.000000000000000,0.000000000000000,0.000000000000000,0.000000000000000,0.000000000000000,4.400070200000000,4.418900000000000,3.852449900000000,1.854180000000000,1.104710000000000,0.279193000000000,0.013178700000000,0.071161800000000,0.220669000000000,1.230000000000000,3.018420000000000,4.017720200000000,0.000000000000000,11.771200199999999,11.905699700000000,13.571800200000000,15.298999800000001,19.583200500000000,23.777299899999999,27.488199200000000,16.252700800000000,25.384500500000001,21.221300100000001,15.002499600000000,11.366299600000000,0.000000000000000,4.946790200000000,4.922130100000000,5.430749900000000,6.093629800000000,9.041399999999999,12.352899600000001,16.427900300000001,16.252700800000000,14.944600100000001,11.152600300000000,7.297430000000000,4.812320200000000,0.000000000000000,1.080230000000000,1.108279900000000,1.094409900000000,1.075640000000000,1.117070000000000,1.458710000000000,1.094280000000000,1.419860000000000,0.748249000000000,1.011320000000000,1.054690000000000,1.104850100000000,2.040050000000000,24.480651859999998,0.067562334000000,3.000000000000000,0.000000000000000,0.000000000000000,1.000000000000000,1.000000000000000,0.000000000000000,0.000000000000000,2.000000000000000,2.000000000000000,0.000000000000000,0.000000000000000,0.000000000000000,0.000000000000000,0.000000000000000,0.000000000000000,0.000000000000000,100.000000000000000,50.000000000000000,0.000000000000000,0.000000000000000,0.000000000000000,0.000000000000000,0.000000000000000,0.000000000000000,0.000000000000000,0.000000000000000,0.000000000000000,0.000000000000000,0.000000000000000,0.000000000000000,0.000000000000000,0.000000000000000,0.000000000000000,0.000000000000000,0.000000000000000,0.000000000000000,0.000000000000000,0.000000000000000,0.000000000000000,0.000000000000000,0.000000000000000,0.000000000000000,0.000000000000000,0.000000000000000,0.000000000000000,5.000000000000000,0.000000000000000,0.000000000000000,5.000000000000000,6.000000000000000
,210089.000000000000000,210088.000000000000000,210089.000000000000000,1.000000000000000,1.000000000000000,0.000000000000000,0.000000000000000,0.000000000000000,0.000000000000000,0.000000000000000,0.000000000000000,0.000000000000000,0.000000000000000,0.000000000000000,0.000000000000000,0.000000000000000,0.000000000000000,0.000000000000000,0.918273646000000,45.000000000000000,0.000000000000000,0.000000000000000,0.000000000000000,300.000000000000000,191.000000000000000,6170300.000000000000000,2011900.000000000000000,37.512503899999999,-121.849388200000010,0.000000000000000,0.000000000000000,336.000000000000000,128.000000000000000,0.000000000000000,0.000000000000000,0.000000000000000,0.000000000000000,0.000000000000000,0.000000000000000,0.000000000000000,0.000000000000000,0.000000000000000,9.000000000000000,144.000000000000000,0.000000000000000,0.000000000000000,3.000000000000000,26.939699200000000,14.696900400000001,0.000000000000000,0.000000000000000,-1.000000000000000,0.000000000000000,2.000000000000000,0.000000000000000,0.000000000000000,0.000000000000000,0.000000000000000,0.000000000000000,0.000000000000000,0.130000000000000,34.900001500000002,0.000000000000000,2.385999900000000,0.000000000000000,18.000000000000000,2.000000000000000,0.000000000000000,0.000000000000000,0.000000000000000,0.000000000000000,0.000000000000000,0.000000000000000,0.000000000000000,0.000000000000000,0.000000000000000,0.000000000000000,0.000000000000000,3.305470000000000,3.243060100000000,2.930850000000000,1.289130000000000,0.634509000000000,0.097110400000000,0.014061700000000,0.023173700000000,0.203216000000000,0.926939000000000,1.841910000000000,2.682869900000000,0.000000000000000,14.168800400000000,16.144699100000000,18.087200200000002,21.087200200000002,23.892999600000000,26.797399500000001,28.571699100000000,13.845999700000000,27.819500000000001,24.307800300000000,18.216800700000000,14.229600000000000,0.000000000000000,5.126800100000000,6.234900000000000,7.321710100000000,8.229780200000000,10.253399800000000,12.355699500000000,13.682499900000000,13.845999700000000,13.338899600000000,11.038000100000000,7.672329900000000,5.199699900000000,0.000000000000000,0.824621000000000,0.767577000000000,0.807268000000000,0.725200000000000,0.815747000000000,0.759464000000000,1.418540000000000,0.665387000000000,0.961168000000000,0.912225000000000,0.696164000000000,0.743033000000000,1.432690000000000,17.192298890000000,0.047457393000000,3.000000000000000,0.000000000000000,0.000000000000000,1.000000000000000,1.000000000000000,0.000000000000000,0.000000000000000,2.000000000000000,2.000000000000000,0.000000000000000,0.000000000000000,0.000000000000000,0.000000000000000,0.000000000000000,0.000000000000000,0.000000000000000,100.000000000000000,50.000000000000000,0.000000000000000,0.000000000000000,0.000000000000000,0.000000000000000,0.000000000000000,0.000000000000000,0.000000000000000,1.000000000000000,1.000000000000000,0.000000000000000,0.000000000000000,0.000000000000000,0.000000000000000,0.000000000000000,0.000000000000000,0.000000000000000,0.000000000000000,0.000000000000000,0.000000000000000,0.000000000000000,0.000000000000000,0.000000000000000,0.000000000000000,0.000000000000000,0.000000000000000,0.000000000000000,0.000000000000000,5.000000000000000,0.000000000000000,0.000000000000000,5.000000000000000,9.000000000000000
,205890.000000000000000,205889.000000000000000,205890.000000000000000,1.000000000000000,1.000000000000000,0.000000000000000,0.000000000000000,0.000000000000000,0.000000000000000,0.000000000000000,0.000000000000000,10744651.000000000000000,0.000000000000000,0.000000000000000,0.000000000000000,0.000000000000000,0.000000000000000,0.000000000000000,0.918273646000000,0.000000000000000,0.000000000000000,0.000000000000000,0.000000000000000,294.000000000000000,204.000000000000000,6172900.000000000000000,2013100.000000000000000,37.515901900000003,-121.840484200000010,0.000000000000000,0.000000000000000,336.000000000000000,64.000000000000000,0.000000000000000,0.000000000000000,0.000000000000000,0.000000000000000,0.000000000000000,0.000000000000000,0.000000000000000,0.000000000000000,0.000000000000000,9.000000000000000,144.000000000000000,0.000000000000000,0.000000000000000,3.000000000000000,27.669500400000000,13.404999699999999,0.000000000000000,0.000000000000000,0.000000000000000,0.000000000000000,3.000000000000000,0.000000000000000,0.000000000000000,0.000000000000000,0.000000000000000,0.000000000000000,0.000000000000000,0.140000000000000,21.399999600000001,0.000000000000000,7.214000200000000,0.000000000000000,28.000000000000000,2.000000000000000,0.000000000000000,0.000000000000000,0.000000000000000,0.000000000000000,0.000000000000000,0.000000000000000,0.000000000000000,0.000000000000000,0.000000000000000,0.000000000000000,0.000000000000000,3.372220000000000,3.322590100000000,3.030010000000000,1.333879900000000,0.649455000000000,0.103279000000000,0.013702500000000,0.026046600000000,0.209491000000000,0.925098000000000,1.925660000000000,2.775710100000000,0.000000000000000,13.857399900000001,15.767600099999999,17.612400099999999,20.569400800000000,23.613500599999998,26.657300899999999,28.683000600000000,13.634400400000001,27.847700100000001,24.220800400000002,17.891599700000000,13.885999699999999,0.000000000000000,5.288340100000000,6.255080200000000,7.282720100000000,8.091630000000000,9.959870300000000,12.065400100000000,13.412799800000000,13.634400400000001,13.368100200000001,11.216600400000001,7.911860000000000,5.398320200000000,0.000000000000000,0.841274000000000,0.786401000000000,0.834580000000000,0.750374000000000,0.834962000000000,0.807706000000000,1.382310000000000,0.747877000000000,0.990848000000000,0.910413000000000,0.727818000000000,0.768746000000000,1.473930000000000,17.687143330000001,0.048823148000000,3.000000000000000,0.000000000000000,1.000000000000000,1.000000000000000,1.000000000000000,0.000000000000000,2.000000000000000,2.000000000000000,2.000000000000000,0.000000000000000,0.000000000000000,0.000000000000000,0.000000000000000,0.000000000000000,0.000000000000000,20.000000000000000,100.000000000000000,50.000000000000000,0.000000000000000,0.000000000000000,0.000000000000000,0.000000000000000,0.000000000000000,0.000000000000000,1.000000000000000,1.000000000000000,1.000000000000000,0.000000000000000,0.000000000000000,0.000000000000000,0.000000000000000,0.000000000000000,0.000000000000000,0.000000000000000,0.000000000000000,0.000000000000000,0.000000000000000,0.000000000000000,0.000000000000000,0.000000000000000,0.000000000000000,0.000000000000000,0.000000000000000,0.000000000000000,3.000000000000000,5.000000000000000,0.000000000000000,0.000000000000000,5.000000000000000,9.000000000000000
,204451.000000000000000,204450.000000000000000,204451.000000000000000,1.000000000000000,1.000000000000000,0.000000000000000,0.000000000000000,0.000000000000000,0.000000000000000,0.000000000000000,0.000000000000000,0.000000000000000,0.000000000000000,0.000000000000000,0.000000000000000,0.000000000000000,0.000000000000000,0.000000000000000,0.918273646000000,0.000000000000000,0.000000000000000,0.000000000000000,0.000000000000000,292.000000000000000,169.000000000000000,6165900.000000000000000,2013500.000000000000000,37.516722520000002,-121.864637200000000,0.000000000000000,0.000000000000000,328.000000000000000,128.000000000000000,0.000000000000000,0.000000000000000,0.000000000000000,0.000000000000000,0.000000000000000,0.000000000000000,0.000000000000000,0.000000000000000,0.000000000000000,9.000000000000000,144.000000000000000,0.000000000000000,0.000000000000000,3.000000000000000,26.804700900000000,15.408100100000000,0.000000000000000,0.000000000000000,0.000000000000000,0.000000000000000,2.000000000000000,0.000000000000000,0.000000000000000,0.000000000000000,0.000000000000000,0.000000000000000,0.000000000000000,0.140000000000000,21.399999600000001,0.000000000000000,7.214000200000000,0.000000000000000,18.000000000000000,2.000000000000000,0.000000000000000,0.000000000000000,0.000000000000000,0.000000000000000,0.000000000000000,0.000000000000000,0.000000000000000,0.000000000000000,0.000000000000000,0.000000000000000,0.000000000000000,3.164470000000000,3.096020000000000,2.736740100000000,1.183050000000000,0.590188000000000,0.089607000000000,0.014757800000000,0.021144500000000,0.187510000000000,0.907918000000000,1.666550000000000,2.514580000000000,0.000000000000000,14.490200000000000,16.454799699999999,18.566700000000001,20.946500799999999,23.532699600000001,26.251800500000002,27.819500000000001,14.201299700000000,27.245700800000002,23.983699800000000,18.388700499999999,14.524399799999999,0.000000000000000,5.141099900000000,6.409959800000000,7.594600200000000,8.620499600000001,10.694100400000000,12.808299999999999,14.065600399999999,14.201299700000000,13.505900400000000,11.058299999999999,7.669750200000000,5.177100200000000,0.000000000000000,0.789446000000000,0.732775000000000,0.753802000000000,0.665525000000000,0.758766000000000,0.700783000000000,1.488760000000000,0.607123000000000,0.886882000000000,0.893506000000000,0.629885000000000,0.696425000000000,1.347710000000000,16.172536850000000,0.044646442000000,3.000000000000000,0.000000000000000,0.000000000000000,1.000000000000000,1.000000000000000,0.000000000000000,0.000000000000000,1.000000000000000,1.000000000000000,0.000000000000000,0.000000000000000,0.000000000000000,0.000000000000000,0.000000000000000,0.000000000000000,0.000000000000000,100.000000000000000,50.000000000000000,0.000000000000000,0.000000000000000,0.000000000000000,0.000000000000000,0.000000000000000,0.000000000000000,0.000000000000000,1.000000000000000,1.000000000000000,0.000000000000000,0.000000000000000,0.000000000000000,0.000000000000000,0.000000000000000,0.000000000000000,0.000000000000000,0.000000000000000,0.000000000000000,0.000000000000000,0.000000000000000,0.000000000000000,0.000000000000000,0.000000000000000,0.000000000000000,0.000000000000000,0.000000000000000,0.000000000000000,5.000000000000000,0.000000000000000,0.000000000000000,5.000000000000000,9.000000000000000
,196048.000000000000000,107474.000000000000000,196048.000000000000000,1.000000000000000,1.000000000000000,0.000000000000000,0.000000000000000,0.000000000000000,0.000000000000000,0.000000000000000,0.000000000000000,0.000000000000000,3.000000000000000,0.000000000000000,0.000000000000000,0.000000000000000,0.000000000000000,0.000000000000000,0.918273646000000,90.000000000000000,0.000000000000000,0.000000000000000,0.000000000000000,280.000000000000000,190.000000000000000,6170100.000000000000000,2015900.000000000000000,37.523480579999998,-121.850276699999990,0.000000000000000,0.000000000000000,313.000000000000000,1.000000000000000,0.000000000000000,0.000000000000000,0.000000000000000,0.000000000000000,0.000000000000000,0.000000000000000,0.000000000000000,0.000000000000000,0.000000000000000,9.000000000000000,144.000000000000000,0.000000000000000,0.000000000000000,3.000000000000000,27.844900100000000,13.546699500000001,0.000000000000000,0.000000000000000,0.000000000000000,0.000000000000000,3675.000000000000000,0.000000000000000,0.000000000000000,0.000000000000000,0.000000000000000,0.000000000000000,0.000000000000000,0.140000000000000,21.399999600000001,0.000000000000000,7.214000200000000,0.000000000000000,3675.000000000000000,2.000000000000000,0.000000000000000,0.000000000000000,0.000000000000000,0.000000000000000,0.000000000000000,0.000000000000000,0.000000000000000,0.000000000000000,0.000000000000000,0.000000000000000,0.000000000000000,3.211420100000000,3.134969900000000,2.812890100000000,1.209110000000000,0.608629000000000,0.093738200000000,0.014209100000000,0.021055800000000,0.197143000000000,0.903111000000000,1.725750000000000,2.572890000000000,0.000000000000000,14.398400300000000,16.361200300000000,18.419200900000000,21.135900500000002,23.854200400000000,26.656499900000000,28.305700300000002,14.050100300000000,27.612699500000002,24.152799600000002,18.366599999999998,14.430000300000000,0.000000000000000,5.023089900000000,6.248950000000000,7.424059900000000,8.415630300000000,10.494999900000000,12.612400100000000,13.913299600000000,14.050100300000000,13.376500099999999,10.979399700000000,7.568200100000000,5.108940100000000,0.000000000000000,0.801159000000000,0.741994000000000,0.774777000000000,0.680185000000000,0.782474000000000,0.733091000000000,1.433410000000000,0.604576000000000,0.932444000000000,0.888775000000000,0.652260000000000,0.712574000000000,1.375410000000000,16.504915239999999,0.045560032000000,3.000000000000000,0.000000000000000,0.000000000000000,1.000000000000000,1.000000000000000,0.000000000000000,0.000000000000000,2.000000000000000,2.000000000000000,0.000000000000000,0.000000000000000,0.000000000000000,0.000000000000000,0.000000000000000,0.000000000000000,0.000000000000000,100.000000000000000,50.000000000000000,0.000000000000000,0.000000000000000,0.000000000000000,0.000000000000000,0.000000000000000,0.000000000000000,0.000000000000000,1.000000000000000,1.000000000000000,0.000000000000000,0.000000000000000,0.000000000000000,0.000000000000000,0.000000000000000,0.000000000000000,0.000000000000000,0.000000000000000,0.000000000000000,0.000000000000000,0.000000000000000,0.000000000000000,0.000000000000000,0.000000000000000,0.000000000000000,0.000000000000000,0.000000000000000,0.000000000000000,5.000000000000000,0.000000000000000,0.000000000000000,5.000000000000000,9.000000000000000
,192570.000000000000000,192569.000000000000000,192570.000000000000000,1.000000000000000,1.000000000000000,0.000000000000000,0.000000000000000,0.000000000000000,0.000000000000000,0.000000000000000,0.000000000000000,0.000000000000000,0.000000000000000,0.000000000000000,0.000000000000000,0.000000000000000,0.000000000000000,0.000000000000000,0.918273646000000,45.000000000000000,0.000000000000000,0.000000000000000,0.000000000000000,275.000000000000000,222.000000000000000,6176500.000000000000000,2016900.000000000000000,37.526478259999998,-121.828258899999990,0.000000000000000,0.000000000000000,317.000000000000000,64.000000000000000,0.000000000000000,0.000000000000000,0.000000000000000,0.000000000000000,0.000000000000000,0.000000000000000,0.000000000000000,0.000000000000000,0.000000000000000,9.000000000000000,144.000000000000000,0.000000000000000,0.000000000000000,3.000000000000000,27.783399599999999,13.148899999999999,0.000000000000000,0.000000000000000,-1.000000000000000,0.000000000000000,2.000000000000000,0.000000000000000,0.000000000000000,0.000000000000000,0.000000000000000,0.000000000000000,0.000000000000000,0.130000000000000,21.399999600000001,0.000000000000000,7.235000100000000,0.000000000000000,18.000000000000000,2.000000000000000,0.000000000000000,0.000000000000000,0.000000000000000,0.000000000000000,0.000000000000000,0.000000000000000,0.000000000000000,0.000000000000000,0.000000000000000,0.000000000000000,0.000000000000000,3.402560000000000,3.336689900000000,3.073649900000000,1.322780000000000,0.643959000000000,0.103442000000000,0.013479300000000,0.025829100000000,0.217213000000000,0.911735000000000,1.924289900000000,2.790890000000000,0.000000000000000,13.786399800000000,15.506300000000000,17.390300799999999,20.359600100000002,23.509399400000000,26.656799299999999,28.695100799999999,13.662599600000000,27.886600500000000,24.191499700000001,17.695499399999999,13.706299800000000,0.000000000000000,5.450830000000000,6.362770100000000,7.291029900000000,8.029130000000000,9.892720199999999,12.013199800000001,13.489100499999999,13.662599600000000,13.467700000000001,11.284700400000000,8.085300400000000,5.565470200000000,0.000000000000000,0.848843000000000,0.789738000000000,0.846600000000000,0.744130000000000,0.827896000000000,0.808981000000000,1.359790000000000,0.741632000000000,1.027370000000000,0.897262000000000,0.727300000000000,0.772950000000000,1.480540000000000,17.766517640000000,0.049040172000000,3.000000000000000,0.000000000000000,0.000000000000000,1.000000000000000,1.000000000000000,0.000000000000000,0.000000000000000,2.000000000000000,2.000000000000000,0.000000000000000,0.000000000000000,0.000000000000000,0.000000000000000,0.000000000000000,0.000000000000000,0.000000000000000,100.000000000000000,50.000000000000000,0.000000000000000,0.000000000000000,0.000000000000000,0.000000000000000,0.000000000000000,0.000000000000000,0.000000000000000,1.000000000000000,1.000000000000000,0.000000000000000,0.000000000000000,0.000000000000000,0.000000000000000,0.000000000000000,0.000000000000000,0.000000000000000,0.000000000000000,0.000000000000000,0.000000000000000,0.000000000000000,0.000000000000000,0.000000000000000,0.000000000000000,0.000000000000000,0.000000000000000,0.000000000000000,0.000000000000000,5.000000000000000,0.000000000000000,0.000000000000000,5.000000000000000,9.000000000000000
,187631.000000000000000,187630.000000000000000,187631.000000000000000,1.000000000000000,1.000000000000000,0.000000000000000,0.000000000000000,0.000000000000000,0.000000000000000,0.000000000000000,0.000000000000000,0.000000000000000,0.000000000000000,0.000000000000000,0.000000000000000,0.000000000000000,0.000000000000000,0.000000000000000,0.918273646000000,270.000000000000000,0.000000000000000,0.000000000000000,0.000000000000000,268.000000000000000,197.000000000000000,6171500.000000000000000,2018300.000000000000000,37.530126709999998,-121.845568599999990,0.000000000000000,0.000000000000000,308.000000000000000,8.000000000000000,0.000000000000000,0.000000000000000,0.000000000000000,0.000000000000000,0.000000000000000,0.000000000000000,0.000000000000000,0.000000000000000,0.000000000000000,9.000000000000000,144.000000000000000,0.000000000000000,0.000000000000000,3.000000000000000,28.837799100000002,13.375700000000000,0.000000000000000,0.000000000000000,0.000000000000000,0.000000000000000,4.000000000000000,0.000000000000000,0.000000000000000,0.000000000000000,0.000000000000000,0.000000000000000,0.000000000000000,0.090000000000000,11.399999599999999,0.000000000000000,22.716999099999999,0.000000000000000,36.000000000000000,2.000000000000000,0.000000000000000,0.000000000000000,0.000000000000000,0.000000000000000,0.000000000000000,0.000000000000000,0.000000000000000,0.000000000000000,0.000000000000000,0.000000000000000,0.000000000000000,3.203840000000000,3.122550000000000,2.807930000000000,1.195560000000000,0.603128000000000,0.094407300000000,0.014213200000000,0.021044700000000,0.195331000000000,0.894524000000000,1.705850000000000,2.563309900000000,0.000000000000000,14.423899700000000,16.373600000000000,18.442899700000002,21.139499699999998,23.869100599999999,26.656099300000001,28.313800799999999,14.045000099999999,27.619800600000001,24.158000900000001,18.382999399999999,14.414500200000001,0.000000000000000,4.970170000000000,6.196080200000000,7.363669900000000,8.371620200000001,10.441300399999999,12.601400399999999,13.910400400000000,14.045000099999999,13.353500400000000,10.910699800000000,7.538229900000000,5.058219900000000,0.000000000000000,0.799268000000000,0.739055000000000,0.773411000000000,0.672562000000000,0.775402000000000,0.738324000000000,1.433820000000000,0.604257000000000,0.923874000000000,0.880324000000000,0.644739000000000,0.709921000000000,1.368470000000000,16.421688079999999,0.045329619000000,3.000000000000000,0.000000000000000,0.000000000000000,1.000000000000000,1.000000000000000,0.000000000000000,0.000000000000000,2.000000000000000,2.000000000000000,0.000000000000000,0.000000000000000,0.000000000000000,0.000000000000000,0.000000000000000,0.000000000000000,0.000000000000000,100.000000000000000,50.000000000000000,0.000000000000000,0.000000000000000,0.000000000000000,0.000000000000000,0.000000000000000,0.000000000000000,0.000000000000000,1.000000000000000,1.000000000000000,0.000000000000000,0.000000000000000,0.000000000000000,0.000000000000000,0.000000000000000,0.000000000000000,0.000000000000000,0.000000000000000,0.000000000000000,0.000000000000000,0.000000000000000,0.000000000000000,0.000000000000000,0.000000000000000,0.000000000000000,0.000000000000000,0.000000000000000,0.000000000000000,5.000000000000000,0.000000000000000,0.000000000000000,5.000000000000000,9.000000000000000
,184109.000000000000000,184108.000000000000000,184109.000000000000000,1.000000000000000,1.000000000000000,0.000000000000000,0.000000000000000,0.000000000000000,0.000000000000000,0.000000000000000,0.000000000000000,0.000000000000000,0.000000000000000,0.000000000000000,0.000000000000000,0.000000000000000,0.000000000000000,0.000000000000000,0.918273646000000,45.000000000000000,0.000000000000000,0.000000000000000,0.000000000000000,263.000000000000000,185.000000000000000,6169100.000000000000000,2019300.000000000000000,37.532777799999998,-121.853894200000000,0.000000000000000,0.000000000000000,301.000000000000000,128.000000000000000,0.000000000000000,0.000000000000000,0.000000000000000,0.000000000000000,0.000000000000000,0.000000000000000,0.000000000000000,0.000000000000000,0.000000000000000,9.000000000000000,144.000000000000000,0.000000000000000,0.000000000000000,3.000000000000000,28.495899200000000,13.254599600000001,0.000000000000000,0.000000000000000,-1.000000000000000,0.000000000000000,0.000000000000000,0.000000000000000,0.000000000000000,0.000000000000000,0.000000000000000,0.000000000000000,0.000000000000000,0.140000000000000,25.600000399999999,0.000000000000000,4.524000200000000,0.000000000000000,0.000000000000000,2.000000000000000,0.000000000000000,0.000000000000000,0.000000000000000,0.000000000000000,0.000000000000000,0.000000000000000,0.000000000000000,0.000000000000000,0.000000000000000,0.000000000000000,0.000000000000000,3.146950000000000,3.096319900000000,2.702460100000000,1.154880000000000,0.583221000000000,0.093922900000000,0.014736500000000,0.021552400000000,0.186517000000000,0.879233000000000,1.649900000000000,2.523119900000000,0.000000000000000,14.510999699999999,16.439699200000000,18.538700100000000,21.002500500000000,23.745199199999998,26.493299499999999,28.090799300000000,14.141599700000000,27.447099699999999,24.052499800000000,18.390600200000002,14.487000500000001,0.000000000000000,5.002240200000000,6.289949900000000,7.487969900000000,8.516610099999999,10.563099899999999,12.726100000000001,14.006300000000000,14.141599700000000,13.392499900000001,10.956299800000000,7.537910000000000,5.049960100000000,0.000000000000000,0.785075000000000,0.732846000000000,0.744360000000000,0.649678000000000,0.749809000000000,0.734536000000000,1.486610100000000,0.618835000000000,0.882186000000000,0.865276000000000,0.623592000000000,0.698790000000000,1.337730000000000,16.052814479999999,0.044320975000000,3.000000000000000,0.000000000000000,1.000000000000000,1.000000000000000,1.000000000000000,0.000000000000000,2.000000000000000,3.000000000000000,3.000000000000000,0.000000000000000,0.000000000000000,0.000000000000000,-50.000000000000000,-100.000000000000000,0.000000000000000,20.000000000000000,0.000000000000000,50.000000000000000,0.000000000000000,0.000000000000000,0.000000000000000,0.000000000000000,0.000000000000000,0.000000000000000,1.000000000000000,1.000000000000000,1.000000000000000,0.000000000000000,0.000000000000000,0.000000000000000,0.000000000000000,0.000000000000000,0.000000000000000,0.000000000000000,0.000000000000000,0.000000000000000,0.000000000000000,0.000000000000000,0.000000000000000,0.000000000000000,0.000000000000000,0.000000000000000,0.000000000000000,0.000000000000000,3.000000000000000,4.000000000000000,0.000000000000000,0.000000000000000,5.000000000000000,9.000000000000000
,182681.000000000000000,182680.000000000000000,182681.000000000000000,1.000000000000000,1.000000000000000,0.000000000000000,0.000000000000000,0.000000000000000,0.000000000000000,0.000000000000000,0.000000000000000,0.000000000000000,0.000000000000000,0.000000000000000,0.000000000000000,0.000000000000000,0.000000000000000,0.000000000000000,0.918273646000000,270.000000000000000,0.000000000000000,0.000000000000000,0.000000000000000,261.000000000000000,161.000000000000000,6164300.000000000000000,2019700.000000000000000,37.533684379999997,-121.870466400000000,0.000000000000000,0.000000000000000,287.000000000000000,16.000000000000000,0.000000000000000,0.000000000000000,0.000000000000000,0.000000000000000,0.000000000000000,0.000000000000000,0.000000000000000,0.000000000000000,0.000000000000000,11.000000000000000,144.000000000000000,0.000000000000000,0.000000000000000,3.000000000000000,27.613199200000000,13.472999600000000,0.000000000000000,0.000000000000000,0.000000000000000,0.000000000000000,1.000000000000000,0.000000000000000,0.000000000000000,0.000000000000000,0.000000000000000,0.000000000000000,0.000000000000000,0.130000000000000,21.399999600000001,0.000000000000000,7.235000100000000,0.000000000000000,18.000000000000000,2.000000000000000,0.000000000000000,0.000000000000000,0.000000000000000,0.000000000000000,0.000000000000000,0.000000000000000,0.000000000000000,0.000000000000000,0.000000000000000,0.000000000000000,0.000000000000000,3.083400000000000,3.076459900000000,2.584120000000000,1.135579900000000,0.538894000000000,0.094857500000000,0.015775500000000,0.022779200000000,0.176626000000000,0.846572000000000,1.622120000000000,2.493560100000000,0.000000000000000,14.585399600000001,16.495399500000001,18.597099300000000,20.874799700000001,23.450300200000001,26.114799500000000,27.642000199999998,14.213700299999999,27.121200600000002,23.948099100000000,18.391399400000001,14.569500000000000,0.000000000000000,5.113100100000000,6.385369800000000,7.582759900000000,8.617719700000000,10.679699899999999,12.827799799999999,14.076800300000000,14.213700299999999,13.496100400000000,11.046199800000000,7.634399900000000,5.154550100000000,0.000000000000000,0.769221000000000,0.728146000000000,0.711765000000000,0.638820000000000,0.692821000000000,0.741845000000000,1.591429900000000,0.654060000000000,0.835403000000000,0.833134000000000,0.613092000000000,0.690603000000000,1.307560000000000,15.690743449999999,0.043336928000000,3.000000000000000,0.000000000000000,0.000000000000000,1.000000000000000,1.000000000000000,0.000000000000000,0.000000000000000,1.000000000000000,1.000000000000000,0.000000000000000,0.000000000000000,0.000000000000000,0.000000000000000,0.000000000000000,0.000000000000000,0.000000000000000,0.000000000000000,50.000000000000000,0.000000000000000,0.000000000000000,0.000000000000000,0.000000000000000,0.000000000000000,0.000000000000000,0.000000000000000,1.000000000000000,1.000000000000000,0.000000000000000,0.000000000000000,0.000000000000000,0.000000000000000,0.000000000000000,0.000000000000000,0.000000000000000,0.000000000000000,0.000000000000000,0.000000000000000,0.000000000000000,0.000000000000000,0.000000000000000,0.000000000000000,0.000000000000000,0.000000000000000,0.000000000000000,0.000000000000000,5.000000000000000,0.000000000000000,0.000000000000000,5.000000000000000,11.000000000000000
,177091.000000000000000,177090.000000000000000,177091.000000000000000,1.000000000000000,1.000000000000000,0.000000000000000,0.000000000000000,0.000000000000000,0.000000000000000,0.000000000000000,0.000000000000000,0.000000000000000,0.000000000000000,0.000000000000000,0.000000000000000,0.000000000000000,0.000000000000000,0.000000000000000,0.918273646000000,225.000000000000000,0.000000000000000,0.000000000000000,0.000000000000000,253.000000000000000,187.000000000000000,6169500.000000000000000,2021300.000000000000000,37.538285969999997,-121.852614500000000,0.000000000000000,0.000000000000000,282.000000000000000,16.000000000000000,0.000000000000000,0.000000000000000,0.000000000000000,0.000000000000000,0.000000000000000,0.000000000000000,0.000000000000000,0.000000000000000,0.000000000000000,9.000000000000000,144.000000000000000,0.000000000000000,0.000000000000000,3.000000000000000,28.982900600000001,13.355799700000000,0.000000000000000,0.000000000000000,0.000000000000000,0.000000000000000,3.000000000000000,0.000000000000000,0.000000000000000,0.000000000000000,0.000000000000000,0.000000000000000,0.000000000000000,0.140000000000000,20.700000800000002,0.000000000000000,7.636000200000000,0.000000000000000,28.000000000000000,2.000000000000000,0.000000000000000,0.000000000000000,0.000000000000000,0.000000000000000,0.000000000000000,0.000000000000000,0.000000000000000,0.000000000000000,0.000000000000000,0.000000000000000,0.000000000000000,3.135370000000000,3.088579900000000,2.677269900000000,1.144650000000000,0.576668000000000,0.094785700000000,0.014911000000000,0.021878300000000,0.182514000000000,0.868412000000000,1.640790000000000,2.520819900000000,0.000000000000000,14.533200300000001,16.460699099999999,18.548000300000002,21.015699399999999,23.757799100000000,26.506500200000001,28.070400200000002,14.123800299999999,27.462400400000000,24.064199400000000,18.392499900000001,14.481499700000001,0.000000000000000,4.996200100000000,6.265999800000000,7.463920100000000,8.505979500000001,10.558899900000000,12.709699600000000,13.993100200000001,14.123800299999999,13.388299900000000,10.948800100000000,7.522399900000000,5.043220000000000,0.000000000000000,0.782186000000000,0.731014000000000,0.737422000000000,0.643923000000000,0.741384000000000,0.741284000000000,1.504220000000000,0.628192000000000,0.863252000000000,0.854627000000000,0.620149000000000,0.698153000000000,1.330550000000000,15.966648100000000,0.044085104000000,3.000000000000000,0.000000000000000,1.000000000000000,1.000000000000000,1.000000000000000,0.000000000000000,2.000000000000000,3.000000000000000,3.000000000000000,0.000000000000000,0.000000000000000,0.000000000000000,-50.000000000000000,-100.000000000000000,0.000000000000000,0.000000000000000,0.000000000000000,50.000000000000000,0.000000000000000,0.000000000000000,0.000000000000000,0.000000000000000,0.000000000000000,0.000000000000000,1.000000000000000,1.000000000000000,1.000000000000000,0.000000000000000,0.000000000000000,0.000000000000000,0.000000000000000,0.000000000000000,0.000000000000000,0.000000000000000,0.000000000000000,0.000000000000000,0.000000000000000,0.000000000000000,0.000000000000000,0.000000000000000,0.000000000000000,0.000000000000000,0.000000000000000,0.000000000000000,3.000000000000000,4.000000000000000,0.000000000000000,0.000000000000000,5.000000000000000,9.000000000000000
,176513.000000000000000,87939.000000000000000,176513.000000000000000,1.000000000000000,1.000000000000000,0.000000000000000,0.000000000000000,0.000000000000000,0.000000000000000,0.000000000000000,0.000000000000000,0.000000000000000,1.000000000000000,0.000000000000000,0.000000000000000,0.000000000000000,0.000000000000000,0.000000000000000,0.918273646000000,90.000000000000000,0.000000000000000,0.000000000000000,0.000000000000000,252.000000000000000,311.000000000000000,6194300.000000000000000,2021500.000000000000000,37.539788489999999,-121.767097500000010,0.000000000000000,0.000000000000000,273.000000000000000,1.000000000000000,0.000000000000000,0.000000000000000,0.000000000000000,0.000000000000000,0.000000000000000,0.000000000000000,0.000000000000000,0.000000000000000,0.000000000000000,2.000000000000000,144.000000000000000,0.000000000000000,0.000000000000000,1.000000000000000,27.833599100000001,15.616600000000000,0.000000000000000,0.000000000000000,0.000000000000000,0.000000000000000,2.000000000000000,0.000000000000000,0.000000000000000,0.000000000000000,0.000000000000000,0.000000000000000,0.000000000000000,0.140000000000000,21.399999600000001,0.000000000000000,7.214000200000000,0.000000000000000,18.000000000000000,2.000000000000000,0.000000000000000,0.000000000000000,0.000000000000000,0.000000000000000,0.000000000000000,0.000000000000000,0.000000000000000,0.000000000000000,0.000000000000000,0.000000000000000,0.000000000000000,4.073949800000000,4.102930100000000,3.682369900000000,1.800210000000000,0.894275000000000,0.187562000000000,0.010896600000000,0.056982400000000,0.224387000000000,1.063010000000000,2.612020000000000,3.698499900000000,0.000000000000000,12.770899800000000,13.317000400000000,15.066499700000000,16.780799900000002,20.855600400000000,24.507700000000000,27.609100300000001,15.030900000000001,26.083299600000000,22.279100400000001,16.243200300000002,12.459699600000000,0.000000000000000,5.727200000000000,5.834690100000000,6.450190100000000,6.788219900000000,9.206390400000000,11.927499800000000,15.266599700000000,15.030900000000001,14.440500300000000,11.294599500000000,8.048689800000000,5.735660100000000,0.000000000000000,1.016340000000000,0.971094000000000,1.014260100000000,1.012710000000000,1.149710100000000,1.466850000000000,1.099250000000000,1.636140000000000,1.061300000000000,1.046140000000000,0.987233000000000,1.024320000000000,1.867260000000000,22.407093050000000,0.061848115000000,3.000000000000000,0.000000000000000,0.000000000000000,1.000000000000000,1.000000000000000,0.000000000000000,0.000000000000000,2.000000000000000,2.000000000000000,0.000000000000000,0.000000000000000,0.000000000000000,0.000000000000000,0.000000000000000,0.000000000000000,0.000000000000000,100.000000000000000,50.000000000000000,0.000000000000000,0.000000000000000,0.000000000000000,0.000000000000000,0.000000000000000,0.000000000000000,0.000000000000000,0.000000000000000,0.000000000000000,0.000000000000000,0.000000000000000,0.000000000000000,0.000000000000000,0.000000000000000,0.000000000000000,0.000000000000000,0.000000000000000,0.000000000000000,0.000000000000000,0.000000000000000,0.000000000000000,0.000000000000000,0.000000000000000,0.000000000000000,0.000000000000000,0.000000000000000,0.000000000000000,5.000000000000000,0.000000000000000,0.000000000000000,5.000000000000000,2.000000000000000
,175199.000000000000000,175198.000000000000000,175199.000000000000000,1.000000000000000,1.000000000000000,0.000000000000000,0.000000000000000,0.000000000000000,0.000000000000000,0.000000000000000,0.000000000000000,0.000000000000000,0.000000000000000,0.000000000000000,0.000000000000000,0.000000000000000,0.000000000000000,0.000000000000000,0.918273645000000,45.000000000000000,0.000000000000000,0.000000000000000,0.000000000000000,250.000000000000000,401.000000000000000,6212300.000000000000000,2021900.000000000000000,37.541539890000003,-121.705037800000000,0.000000000000000,0.000000000000000,267.000000000000000,128.000000000000000,0.000000000000000,0.000000000000000,0.000000000000000,0.000000000000000,0.000000000000000,0.000000000000000,0.000000000000000,0.000000000000000,0.000000000000000,2.000000000000000,144.000000000000000,0.000000000000000,0.000000000000000,1.000000000000000,27.158000900000001,17.415100100000000,0.000000000000000,0.000000000000000,-1.000000000000000,0.000000000000000,1.000000000000000,0.000000000000000,0.000000000000000,0.000000000000000,0.000000000000000,0.000000000000000,0.000000000000000,0.110000000000000,22.000000000000000,0.000000000000000,4.022999800000000,0.000000000000000,18.000000000000000,2.000000000000000,0.000000000000000,0.000000000000000,0.000000000000000,0.000000000000000,0.000000000000000,0.000000000000000,0.000000000000000,0.000000000000000,0.000000000000000,0.000000000000000,0.000000000000000,4.410970200000000,4.463359800000000,3.856030000000000,1.797640000000000,1.030290000000000,0.233859000000000,0.017167200000000,0.055372000000000,0.251672000000000,1.230480000000000,2.951750000000000,4.026780100000000,0.000000000000000,12.197699500000001,12.818499600000001,14.485300100000000,15.835300399999999,19.884000799999999,24.624399199999999,28.462799100000002,15.451399800000001,26.371000299999999,22.037399300000001,15.837100000000000,11.969499600000001,0.000000000000000,5.354370100000000,5.706639800000000,6.350580200000000,6.933460200000000,9.390410400000000,12.261899900000000,15.563900000000000,15.451399800000001,14.685799599999999,11.383500099999999,7.993770100000000,5.399620100000000,0.000000000000000,0.956173000000000,0.928576000000000,0.961870000000000,0.968995000000000,0.913718000000000,0.905658000000000,0.615663000000000,1.530450000000000,0.823725000000000,0.898383000000000,0.908303000000000,0.915895000000000,2.027110000000000,24.325370790000001,0.067145377000000,3.000000000000000,0.000000000000000,1.000000000000000,1.000000000000000,1.000000000000000,0.000000000000000,1.000000000000000,2.000000000000000,2.000000000000000,0.000000000000000,0.000000000000000,0.000000000000000,0.000000000000000,0.000000000000000,0.000000000000000,15.000000000000000,100.000000000000000,50.000000000000000,0.000000000000000,0.000000000000000,0.000000000000000,0.000000000000000,0.000000000000000,0.000000000000000,0.000000000000000,0.000000000000000,0.000000000000000,0.000000000000000,0.000000000000000,0.000000000000000,0.000000000000000,0.000000000000000,0.000000000000000,0.000000000000000,0.000000000000000,0.000000000000000,0.000000000000000,0.000000000000000,0.000000000000000,0.000000000000000,0.000000000000000,0.000000000000000,0.000000000000000,0.000000000000000,2.000000000000000,5.000000000000000,0.000000000000000,0.000000000000000,5.000000000000000,2.000000000000000
,174362.000000000000000,174361.000000000000000,174362.000000000000000,1.000000000000000,1.000000000000000,0.000000000000000,0.000000000000000,0.000000000000000,0.000000000000000,0.000000000000000,0.000000000000000,0.000000000000000,0.000000000000000,0.000000000000000,0.000000000000000,0.000000000000000,0.000000000000000,0.000000000000000,0.918273646000000,45.000000000000000,0.000000000000000,0.000000000000000,0.000000000000000,249.000000000000000,266.000000000000000,6185300.000000000000000,2022100.000000000000000,37.541097430000001,-121.798164500000000,0.000000000000000,0.000000000000000,232.000000000000000,1.000000000000000,0.000000000000000,0.000000000000000,0.000000000000000,0.000000000000000,0.000000000000000,0.000000000000000,0.000000000000000,0.000000000000000,0.000000000000000,1.000000000000000,144.000000000000000,0.000000000000000,0.000000000000000,3.000000000000000,27.730400100000001,15.648400300000000,0.000000000000000,0.000000000000000,-1.000000000000000,0.000000000000000,2.000000000000000,0.000000000000000,0.000000000000000,0.000000000000000,0.000000000000000,0.000000000000000,0.000000000000000,0.110000000000000,22.000000000000000,0.000000000000000,4.022999800000000,0.000000000000000,18.000000000000000,2.000000000000000,0.000000000000000,0.000000000000000,0.000000000000000,0.000000000000000,0.000000000000000,0.000000000000000,0.000000000000000,0.000000000000000,0.000000000000000,0.000000000000000,0.000000000000000,3.649650100000000,3.619770100000000,3.330499900000000,1.495150000000000,0.702734000000000,0.121800000000000,0.012118800000000,0.032659800000000,0.229089000000000,0.946537000000000,2.138099900000000,3.119100100000000,0.000000000000000,12.931200000000000,14.581000299999999,16.441900300000000,18.490600600000000,21.896999399999999,25.207000699999998,27.979299500000000,13.488300300000001,26.870199199999998,23.194900499999999,16.756799699999998,12.814800300000000,0.000000000000000,6.050530000000000,6.762730100000000,7.558549900000000,8.172100100000000,9.597189900000000,11.721900000000000,13.231100100000001,13.488300300000001,13.767999600000000,11.770400000000000,8.927450199999999,6.166969800000000,0.000000000000000,0.910485000000000,0.856738000000000,0.917347000000000,0.841097000000000,0.903459000000000,0.952552000000000,1.222540000000000,0.937762000000000,1.083540000000000,0.931512000000000,0.808111000000000,0.863849000000000,1.616430000000000,19.397209170000000,0.053542599000000,3.000000000000000,0.000000000000000,0.000000000000000,1.000000000000000,1.000000000000000,0.000000000000000,0.000000000000000,2.000000000000000,2.000000000000000,0.000000000000000,0.000000000000000,0.000000000000000,0.000000000000000,0.000000000000000,0.000000000000000,0.000000000000000,100.000000000000000,50.000000000000000,0.000000000000000,0.000000000000000,0.000000000000000,0.000000000000000,0.000000000000000,0.000000000000000,0.000000000000000,0.000000000000000,0.000000000000000,0.000000000000000,0.000000000000000,0.000000000000000,0.000000000000000,0.000000000000000,0.000000000000000,0.000000000000000,0.000000000000000,0.000000000000000,0.000000000000000,0.000000000000000,0.000000000000000,0.000000000000000,0.000000000000000,0.000000000000000,0.000000000000000,0.000000000000000,0.000000000000000,5.000000000000000,0.000000000000000,0.000000000000000,5.000000000000000,1.000000000000000
,170757.000000000000000,170756.000000000000000,170757.000000000000000,1.000000000000000,1.000000000000000,0.000000000000000,0.000000000000000,0.000000000000000,0.000000000000000,0.000000000000000,0.000000000000000,0.000000000000000,0.000000000000000,0.000000000000000,0.000000000000000,0.000000000000000,0.000000000000000,0.000000000000000,0.918273646000000,45.000000000000000,0.000000000000000,0.000000000000000,0.000000000000000,244.000000000000000,171.000000000000000,6166300.000000000000000,2023100.000000000000000,37.543101479999997,-121.863740500000010,0.000000000000000,0.000000000000000,271.000000000000000,128.000000000000000,0.000000000000000,0.000000000000000,0.000000000000000,0.000000000000000,0.000000000000000,0.000000000000000,0.000000000000000,0.000000000000000,0.000000000000000,11.000000000000000,144.000000000000000,0.000000000000000,0.000000000000000,3.000000000000000,28.935300800000000,13.292900100000001,0.000000000000000,0.000000000000000,-1.000000000000000,0.000000000000000,3.000000000000000,0.000000000000000,0.000000000000000,0.000000000000000,0.000000000000000,0.000000000000000,0.000000000000000,0.140000000000000,21.399999600000001,0.000000000000000,7.214000200000000,0.000000000000000,28.000000000000000,2.000000000000000,0.000000000000000,0.000000000000000,0.000000000000000,0.000000000000000,0.000000000000000,0.000000000000000,0.000000000000000,0.000000000000000,0.000000000000000,0.000000000000000,0.000000000000000,3.084410000000000,3.070390000000000,2.585210100000000,1.141989900000000,0.541524000000000,0.097184000000000,0.015746300000000,0.022998000000000,0.174814000000000,0.836853000000000,1.625080000000000,2.499020100000000,0.000000000000000,14.592800100000000,16.497999199999999,18.579799699999999,20.910900099999999,23.561800000000002,26.262800200000001,27.777700400000001,14.168199500000000,27.248100300000001,23.996500000000001,18.389699900000000,14.544899900000001,0.000000000000000,5.061960200000000,6.327079800000000,7.546050100000000,8.577870400000000,10.632599799999999,12.773699799999999,14.033200300000001,14.168199500000000,13.431300200000001,11.010700200000000,7.575379800000000,5.099850200000000,0.000000000000000,0.769473000000000,0.726709000000000,0.712065000000000,0.642426000000000,0.696202000000000,0.760040000000000,1.588480000000000,0.660342000000000,0.826833000000000,0.823569000000000,0.614211000000000,0.692115000000000,1.307930000000000,15.695219040000000,0.043348093000000,3.000000000000000,0.000000000000000,0.000000000000000,1.000000000000000,1.000000000000000,0.000000000000000,0.000000000000000,2.000000000000000,2.000000000000000,0.000000000000000,0.000000000000000,0.000000000000000,0.000000000000000,0.000000000000000,0.000000000000000,0.000000000000000,100.000000000000000,50.000000000000000,0.000000000000000,0.000000000000000,0.000000000000000,0.000000000000000,0.000000000000000,0.000000000000000,0.000000000000000,1.000000000000000,1.000000000000000,0.000000000000000,0.000000000000000,0.000000000000000,0.000000000000000,0.000000000000000,0.000000000000000,0.000000000000000,0.000000000000000,0.000000000000000,0.000000000000000,0.000000000000000,0.000000000000000,0.000000000000000,0.000000000000000,0.000000000000000,0.000000000000000,0.000000000000000,0.000000000000000,5.000000000000000,0.000000000000000,0.000000000000000,5.000000000000000,11.000000000000000
,169362.000000000000000,169361.000000000000000,169362.000000000000000,1.000000000000000,1.000000000000000,0.000000000000000,0.000000000000000,0.000000000000000,0.000000000000000,0.000000000000000,0.000000000000000,0.000000000000000,0.000000000000000,0.000000000000000,0.000000000000000,0.000000000000000,0.000000000000000,0.000000000000000,0.918273646000000,270.000000000000000,0.000000000000000,0.000000000000000,0.000000000000000,242.000000000000000,180.000000000000000,6168100.000000000000000,2023500.000000000000000,37.544271809999998,-121.857552600000010,0.000000000000000,0.000000000000000,271.000000000000000,16.000000000000000,0.000000000000000,0.000000000000000,0.000000000000000,0.000000000000000,0.000000000000000,0.000000000000000,0.000000000000000,0.000000000000000,0.000000000000000,11.000000000000000,144.000000000000000,0.000000000000000,0.000000000000000,3.000000000000000,29.316799199999998,13.489899599999999,0.000000000000000,0.000000000000000,0.000000000000000,0.000000000000000,0.000000000000000,0.000000000000000,0.000000000000000,0.000000000000000,0.000000000000000,0.000000000000000,0.000000000000000,0.140000000000000,25.600000399999999,0.000000000000000,4.524000200000000,0.000000000000000,0.000000000000000,2.000000000000000,0.000000000000000,0.000000000000000,0.000000000000000,0.000000000000000,0.000000000000000,0.000000000000000,0.000000000000000,0.000000000000000,0.000000000000000,0.000000000000000,0.000000000000000,3.102890000000000,3.072570100000000,2.620460000000000,1.143770000000000,0.552572000000000,0.096883100000000,0.015452400000000,0.022735200000000,0.176213000000000,0.846554000000000,1.629240000000000,2.507669900000000,0.000000000000000,14.583499900000000,16.504299199999998,18.567800500000001,20.939300500000002,23.674200100000000,26.393999099999998,27.882900200000002,14.149200400000000,27.357200599999999,24.035100900000000,18.393400199999999,14.519700100000000,0.000000000000000,5.027360000000000,6.289450200000000,7.507390000000000,8.557330100000000,10.594499600000001,12.744600300000000,14.016799900000001,14.149200400000000,13.399600000000000,10.981499700000001,7.531650100000000,5.059400100000000,0.000000000000000,0.774083000000000,0.727225000000000,0.721775000000000,0.643428000000000,0.710406000000000,0.757687000000000,1.558830000000000,0.652796000000000,0.833450000000000,0.833116000000000,0.615784000000000,0.694511000000000,1.315580000000000,15.787010190000000,0.043596108000000,3.000000000000000,0.000000000000000,1.000000000000000,1.000000000000000,1.000000000000000,0.000000000000000,2.000000000000000,3.000000000000000,3.000000000000000,0.000000000000000,0.000000000000000,0.000000000000000,-50.000000000000000,-100.000000000000000,0.000000000000000,0.000000000000000,0.000000000000000,50.000000000000000,0.000000000000000,0.000000000000000,0.000000000000000,0.000000000000000,0.000000000000000,0.000000000000000,1.000000000000000,1.000000000000000,1.000000000000000,0.000000000000000,0.000000000000000,0.000000000000000,0.000000000000000,0.000000000000000,0.000000000000000,0.000000000000000,0.000000000000000,0.000000000000000,0.000000000000000,0.000000000000000,0.000000000000000,0.000000000000000,0.000000000000000,0.000000000000000,0.000000000000000,0.000000000000000,3.000000000000000,4.000000000000000,0.000000000000000,0.000000000000000,5.000000000000000,11.000000000000000
,167252.000000000000000,167251.000000000000000,167252.000000000000000,1.000000000000000,1.000000000000000,0.000000000000000,0.000000000000000,0.000000000000000,0.000000000000000,0.000000000000000,0.000000000000000,0.000000000000000,0.000000000000000,0.000000000000000,0.000000000000000,0.000000000000000,0.000000000000000,0.000000000000000,0.918273646000000,315.000000000000000,0.000000000000000,0.000000000000000,0.000000000000000,239.000000000000000,176.000000000000000,6167300.000000000000000,2024100.000000000000000,37.545887590000000,-121.860341800000000,0.000000000000000,0.000000000000000,268.000000000000000,64.000000000000000,0.000000000000000,0.000000000000000,0.000000000000000,0.000000000000000,0.000000000000000,0.000000000000000,0.000000000000000,0.000000000000000,0.000000000000000,11.000000000000000,144.000000000000000,0.000000000000000,0.000000000000000,3.000000000000000,29.266000699999999,13.473300000000000,0.000000000000000,0.000000000000000,-1.000000000000000,0.000000000000000,2.000000000000000,0.000000000000000,0.000000000000000,0.000000000000000,0.000000000000000,0.000000000000000,0.000000000000000,0.110000000000000,14.100000400000001,0.000000000000000,42.308998099999997,0.000000000000000,18.000000000000000,2.000000000000000,0.000000000000000,0.000000000000000,0.000000000000000,0.000000000000000,0.000000000000000,0.000000000000000,0.000000000000000,0.000000000000000,0.000000000000000,0.000000000000000,0.000000000000000,3.089469900000000,3.067410000000000,2.596710000000000,1.144780000000000,0.544000000000000,0.097528700000000,0.015699200000000,0.023063600000000,0.174422000000000,0.837574000000000,1.626490000000000,2.501810100000000,0.000000000000000,14.600199699999999,16.510500000000000,18.574499100000001,20.923299799999999,23.604799300000000,26.310100599999998,27.805900600000001,14.163800200000001,27.287000700000000,24.012100199999999,18.393999099999998,14.541999799999999,0.000000000000000,5.055019900000000,6.314549900000000,7.539110200000000,8.578940400000001,10.622400300000001,12.764900200000000,14.029199600000000,14.163800200000001,13.420599899999999,11.005599999999999,7.562459900000000,5.089109900000000,0.000000000000000,0.770735000000000,0.726004000000000,0.715233000000000,0.643996000000000,0.699385000000000,0.762736000000000,1.583730000000000,0.662226000000000,0.824979000000000,0.824278000000000,0.614744000000000,0.692888000000000,1.309910000000000,15.718956950000001,0.043411423000000,3.000000000000000,1.000000000000000,1.000000000000000,1.000000000000000,1.000000000000000,1.000000000000000,2.000000000000000,3.000000000000000,3.000000000000000,0.000000000000000,0.000000000000000,0.000000000000000,-50.000000000000000,-100.000000000000000,12.000000000000000,0.000000000000000,0.000000000000000,50.000000000000000,0.000000000000000,0.000000000000000,0.000000000000000,0.000000000000000,0.000000000000000,1.000000000000000,1.000000000000000,1.000000000000000,1.000000000000000,0.000000000000000,0.000000000000000,0.000000000000000,0.000000000000000,0.000000000000000,0.000000000000000,0.000000000000000,0.000000000000000,0.000000000000000,0.000000000000000,0.000000000000000,0.000000000000000,0.000000000000000,0.000000000000000,0.000000000000000,0.000000000000000,0.000000000000000,3.000000000000000,4.000000000000000,0.000000000000000,1.000000000000000,5.000000000000000,11.000000000000000
,164432.000000000000000,164431.000000000000000,164432.000000000000000,1.000000000000000,1.000000000000000,0.000000000000000,0.000000000000000,0.000000000000000,0.000000000000000,0.000000000000000,0.000000000000000,0.000000000000000,0.000000000000000,0.000000000000000,0.000000000000000,0.000000000000000,0.000000000000000,0.000000000000000,0.918273645000000,0.000000000000000,0.000000000000000,0.000000000000000,0.000000000000000,235.000000000000000,164.000000000000000,6164900.000000000000000,2024900.000000000000000,37.547988390000000,-121.868659600000000,0.000000000000000,0.000000000000000,251.000000000000000,64.000000000000000,0.000000000000000,0.000000000000000,0.000000000000000,0.000000000000000,0.000000000000000,0.000000000000000,0.000000000000000,0.000000000000000,0.000000000000000,11.000000000000000,144.000000000000000,0.000000000000000,0.000000000000000,3.000000000000000,29.103599500000001,13.356900200000000,0.000000000000000,0.000000000000000,0.000000000000000,0.000000000000000,2.000000000000000,0.000000000000000,0.000000000000000,0.000000000000000,0.000000000000000,0.000000000000000,0.000000000000000,0.140000000000000,21.399999600000001,0.000000000000000,7.214000200000000,0.000000000000000,18.000000000000000,2.000000000000000,0.000000000000000,0.000000000000000,0.000000000000000,0.000000000000000,0.000000000000000,0.000000000000000,0.000000000000000,0.000000000000000,0.000000000000000,0.000000000000000,0.000000000000000,3.059400100000000,3.061389900000000,2.539459900000000,1.144359900000000,0.521613000000000,0.098577300000000,0.016391700000000,0.023851400000000,0.171560000000000,0.815328000000000,1.617020000000000,2.487230100000000,0.000000000000000,14.627499600000000,16.512500800000002,18.584400200000001,20.899999600000001,23.456800500000000,26.147100399999999,27.679399499999999,14.195500400000000,27.153099099999999,23.939500800000001,18.391799899999999,14.586899799999999,0.000000000000000,5.128630200000000,6.381080200000000,7.613949800000000,8.630929900000000,10.691100100000000,12.807900399999999,14.056300200000001,14.195500400000000,13.469200100000000,11.064900400000001,7.638320000000000,5.165830100000000,0.000000000000000,0.763234000000000,0.724579000000000,0.699464000000000,0.643760000000000,0.670604000000000,0.770936000000000,1.653590000000000,0.684846000000000,0.811442000000000,0.802386000000000,0.611165000000000,0.688850000000000,1.296350000000000,15.556180950000000,0.042971071000000,3.000000000000000,0.000000000000000,0.000000000000000,1.000000000000000,1.000000000000000,0.000000000000000,0.000000000000000,2.000000000000000,2.000000000000000,0.000000000000000,0.000000000000000,0.000000000000000,0.000000000000000,0.000000000000000,0.000000000000000,0.000000000000000,100.000000000000000,50.000000000000000,0.000000000000000,0.000000000000000,0.000000000000000,0.000000000000000,0.000000000000000,0.000000000000000,0.000000000000000,1.000000000000000,1.000000000000000,0.000000000000000,0.000000000000000,0.000000000000000,0.000000000000000,0.000000000000000,0.000000000000000,0.000000000000000,0.000000000000000,0.000000000000000,0.000000000000000,0.000000000000000,0.000000000000000,0.000000000000000,0.000000000000000,0.000000000000000,0.000000000000000,0.000000000000000,0.000000000000000,5.000000000000000,0.000000000000000,0.000000000000000,5.000000000000000,11.000000000000000
,162334.000000000000000,162333.000000000000000,162334.000000000000000,1.000000000000000,1.000000000000000,0.000000000000000,0.000000000000000,0.000000000000000,0.000000000000000,0.000000000000000,0.000000000000000,0.000000000000000,0.000000000000000,0.000000000000000,0.000000000000000,0.000000000000000,0.000000000000000,0.000000000000000,0.918273646000000,90.000000000000000,0.000000000000000,0.000000000000000,0.000000000000000,232.000000000000000,172.000000000000000,6166500.000000000000000,2025500.000000000000000,37.549700209999997,-121.863171300000000,0.000000000000000,0.000000000000000,260.000000000000000,1.000000000000000,0.000000000000000,0.000000000000000,0.000000000000000,0.000000000000000,0.000000000000000,0.000000000000000,0.000000000000000,0.000000000000000,0.000000000000000,11.000000000000000,144.000000000000000,0.000000000000000,0.000000000000000,3.000000000000000,29.302099200000001,13.504699700000000,0.000000000000000,0.000000000000000,0.000000000000000,0.000000000000000,2.000000000000000,0.000000000000000,0.000000000000000,0.000000000000000,0.000000000000000,0.000000000000000,0.000000000000000,0.140000000000000,25.600000399999999,0.000000000000000,4.524000200000000,0.000000000000000,18.000000000000000,2.000000000000000,0.000000000000000,0.000000000000000,0.000000000000000,0.000000000000000,0.000000000000000,0.000000000000000,0.000000000000000,0.000000000000000,0.000000000000000,0.000000000000000,0.000000000000000,3.071719900000000,3.059469900000000,2.562410100000000,1.146470000000000,0.530813000000000,0.098438500000000,0.016079200000000,0.023612200000000,0.172261000000000,0.823779000000000,1.623029900000000,2.494720000000000,0.000000000000000,14.627100000000000,16.523700699999999,18.579599399999999,20.912200899999998,23.527799600000002,26.220300699999999,27.722999600000001,14.182999600000000,27.212600699999999,23.978500400000001,18.396499599999999,14.572899800000000,0.000000000000000,5.097839800000000,6.348889800000000,7.585169800000000,8.614020300000000,10.661500000000000,12.789600399999999,14.045299500000000,14.182999600000000,13.446700099999999,11.041399999999999,7.604310000000000,5.132160200000000,0.000000000000000,0.766307000000000,0.724125000000000,0.705785000000000,0.644947000000000,0.682432000000000,0.769851000000000,1.622070000000000,0.677978000000000,0.814758000000000,0.810702000000000,0.613436000000000,0.690924000000000,1.301900000000000,15.622802730000000,0.043150384000000,3.000000000000000,0.000000000000000,1.000000000000000,1.000000000000000,1.000000000000000,0.000000000000000,2.000000000000000,3.000000000000000,3.000000000000000,0.000000000000000,0.000000000000000,0.000000000000000,-50.000000000000000,-100.000000000000000,0.000000000000000,0.000000000000000,0.000000000000000,50.000000000000000,0.000000000000000,0.000000000000000,0.000000000000000,0.000000000000000,0.000000000000000,0.000000000000000,1.000000000000000,1.000000000000000,1.000000000000000,0.000000000000000,0.000000000000000,0.000000000000000,0.000000000000000,0.000000000000000,0.000000000000000,0.000000000000000,0.000000000000000,0.000000000000000,0.000000000000000,0.000000000000000,0.000000000000000,0.000000000000000,0.000000000000000,0.000000000000000,0.000000000000000,0.000000000000000,3.000000000000000,4.000000000000000,0.000000000000000,0.000000000000000,5.000000000000000,11.000000000000000
,159586.000000000000000,71012.000000000000000,159586.000000000000000,1.000000000000000,1.000000000000000,0.000000000000000,0.000000000000000,0.000000000000000,0.000000000000000,0.000000000000000,0.000000000000000,0.000000000000000,1.000000000000000,0.000000000000000,0.000000000000000,0.000000000000000,0.000000000000000,0.000000000000000,0.918273646000000,270.000000000000000,0.000000000000000,0.000000000000000,0.000000000000000,228.000000000000000,232.000000000000000,6178500.000000000000000,2026300.000000000000000,37.552369880000001,-121.821820600000000,0.000000000000000,0.000000000000000,278.000000000000000,16.000000000000000,0.000000000000000,0.000000000000000,0.000000000000000,0.000000000000000,0.000000000000000,0.000000000000000,0.000000000000000,0.000000000000000,0.000000000000000,4.000000000000000,144.000000000000000,0.000000000000000,0.000000000000000,3.000000000000000,27.849599800000000,13.111800199999999,0.000000000000000,0.000000000000000,0.000000000000000,0.000000000000000,1.000000000000000,0.000000000000000,0.000000000000000,0.000000000000000,0.000000000000000,0.000000000000000,0.000000000000000,0.110000000000000,22.000000000000000,0.000000000000000,4.022999800000000,0.000000000000000,18.000000000000000,2.000000000000000,0.000000000000000,0.000000000000000,0.000000000000000,0.000000000000000,0.000000000000000,0.000000000000000,0.000000000000000,0.000000000000000,0.000000000000000,0.000000000000000,0.000000000000000,3.199810000000000,3.075340000000000,2.842940100000000,1.175390000000000,0.605935000000000,0.097812500000000,0.013752500000000,0.020544500000000,0.188099000000000,0.875397000000000,1.695470000000000,2.541199900000000,0.000000000000000,14.439100300000000,16.403099099999999,18.517299699999999,21.120599700000000,23.879600499999999,26.711299900000000,28.414499299999999,14.070900000000000,27.652900700000000,24.148300200000001,18.430700300000002,14.433500300000000,0.000000000000000,4.976560100000000,6.215340100000000,7.382530200000000,8.424850500000000,10.521800000000001,12.624699600000000,13.928299900000001,14.070900000000000,13.393899899999999,10.940300000000001,7.544169900000000,5.059370000000000,0.000000000000000,0.798262000000000,0.727881000000000,0.783054000000000,0.661216000000000,0.779011000000000,0.764955000000000,1.387350000000000,0.589895000000000,0.889668000000000,0.861501000000000,0.640816000000000,0.703797000000000,1.360970000000000,16.331691740000000,0.045071017000000,3.000000000000000,0.000000000000000,0.000000000000000,1.000000000000000,1.000000000000000,0.000000000000000,0.000000000000000,2.000000000000000,2.000000000000000,0.000000000000000,0.000000000000000,0.000000000000000,0.000000000000000,0.000000000000000,0.000000000000000,0.000000000000000,100.000000000000000,50.000000000000000,0.000000000000000,0.000000000000000,0.000000000000000,0.000000000000000,0.000000000000000,0.000000000000000,0.000000000000000,1.000000000000000,1.000000000000000,0.000000000000000,0.000000000000000,0.000000000000000,0.000000000000000,0.000000000000000,0.000000000000000,0.000000000000000,0.000000000000000,0.000000000000000,0.000000000000000,0.000000000000000,0.000000000000000,0.000000000000000,0.000000000000000,0.000000000000000,0.000000000000000,0.000000000000000,0.000000000000000,5.000000000000000,0.000000000000000,0.000000000000000,5.000000000000000,4.000000000000000
,158822.000000000000000,158821.000000000000000,158822.000000000000000,1.000000000000000,1.000000000000000,0.000000000000000,0.000000000000000,0.000000000000000,0.000000000000000,0.000000000000000,0.000000000000000,0.000000000000000,0.000000000000000,0.000000000000000,0.000000000000000,0.000000000000000,0.000000000000000,0.000000000000000,0.918273646000000,45.000000000000000,0.000000000000000,0.000000000000000,0.000000000000000,227.000000000000000,170.000000000000000,6166100.000000000000000,2026500.000000000000000,37.552430330000000,-121.864601300000000,0.000000000000000,0.000000000000000,251.000000000000000,64.000000000000000,0.000000000000000,0.000000000000000,0.000000000000000,0.000000000000000,0.000000000000000,0.000000000000000,0.000000000000000,0.000000000000000,0.000000000000000,11.000000000000000,144.000000000000000,0.000000000000000,0.000000000000000,3.000000000000000,29.314100300000000,13.533900300000001,0.000000000000000,0.000000000000000,-1.000000000000000,0.000000000000000,2.000000000000000,0.000000000000000,0.000000000000000,0.000000000000000,0.000000000000000,0.000000000000000,0.000000000000000,0.140000000000000,25.600000399999999,0.000000000000000,4.524000200000000,0.000000000000000,18.000000000000000,2.000000000000000,0.000000000000000,0.000000000000000,0.000000000000000,0.000000000000000,0.000000000000000,0.000000000000000,0.000000000000000,0.000000000000000,0.000000000000000,0.000000000000000,0.000000000000000,3.062390100000000,3.055670000000000,2.542920100000000,1.147090000000000,0.521844000000000,0.098931800000000,0.016318700000000,0.023987300000000,0.171327000000000,0.815818000000000,1.620470000000000,2.491529900000000,0.000000000000000,14.650799800000000,16.534400900000001,18.588199599999999,20.892400700000000,23.492300000000000,26.177799199999999,27.687000300000001,14.187999700000001,27.184099199999999,23.948099100000000,18.398899100000001,14.591699600000000,0.000000000000000,5.128819900000000,6.378160000000000,7.617680100000000,8.643240000000001,10.684900300000001,12.793600100000001,14.049900100000000,14.187999700000001,13.451299700000000,11.064200400000001,7.635310200000000,5.165760000000000,0.000000000000000,0.763980000000000,0.723225000000000,0.700417000000000,0.645295000000000,0.670901000000000,0.773709000000000,1.646230000000000,0.688748000000000,0.810340000000000,0.802868000000000,0.612469000000000,0.690041000000000,1.297360000000000,15.568296430000000,0.043002557000000,3.000000000000000,1.000000000000000,1.000000000000000,1.000000000000000,1.000000000000000,1.000000000000000,2.000000000000000,3.000000000000000,3.000000000000000,0.000000000000000,0.000000000000000,0.000000000000000,-50.000000000000000,-100.000000000000000,19.000000000000000,0.000000000000000,0.000000000000000,50.000000000000000,0.000000000000000,0.000000000000000,0.000000000000000,0.000000000000000,0.000000000000000,1.000000000000000,1.000000000000000,1.000000000000000,1.000000000000000,0.000000000000000,0.000000000000000,0.000000000000000,0.000000000000000,0.000000000000000,0.000000000000000,0.000000000000000,0.000000000000000,0.000000000000000,0.000000000000000,0.000000000000000,0.000000000000000,0.000000000000000,0.000000000000000,0.000000000000000,0.000000000000000,0.000000000000000,3.000000000000000,4.000000000000000,0.000000000000000,1.000000000000000,5.000000000000000,11.000000000000000
,158857.000000000000000,158856.000000000000000,158857.000000000000000,1.000000000000000,1.000000000000000,0.000000000000000,0.000000000000000,0.000000000000000,0.000000000000000,0.000000000000000,0.000000000000000,0.000000000000000,0.000000000000000,0.000000000000000,0.000000000000000,0.000000000000000,0.000000000000000,0.000000000000000,0.918273646000000,45.000000000000000,0.000000000000000,0.000000000000000,0.000000000000000,227.000000000000000,205.000000000000000,6173100.000000000000000,2026500.000000000000000,37.552708170000002,-121.840456399999990,0.000000000000000,0.000000000000000,216.000000000000000,128.000000000000000,0.000000000000000,0.000000000000000,0.000000000000000,0.000000000000000,0.000000000000000,0.000000000000000,0.000000000000000,0.000000000000000,0.000000000000000,4.000000000000000,144.000000000000000,0.000000000000000,0.000000000000000,3.000000000000000,28.109699200000001,13.197400099999999,0.000000000000000,0.000000000000000,-1.000000000000000,0.000000000000000,2.000000000000000,0.000000000000000,0.000000000000000,0.000000000000000,0.000000000000000,0.000000000000000,0.000000000000000,0.130000000000000,21.399999600000001,0.000000000000000,7.235000100000000,0.000000000000000,18.000000000000000,2.000000000000000,0.000000000000000,0.000000000000000,0.000000000000000,0.000000000000000,0.000000000000000,0.000000000000000,0.000000000000000,0.000000000000000,0.000000000000000,0.000000000000000,0.000000000000000,3.131730100000000,3.052079900000000,2.693670000000000,1.147429900000000,0.578351000000000,0.097943700000000,0.014961200000000,0.022089200000000,0.175147000000000,0.858462000000000,1.623819900000000,2.515059900000000,0.000000000000000,14.567799600000001,16.486900299999999,18.585199400000000,21.052400599999999,23.751300799999999,26.471300100000001,28.050100300000000,14.159299900000001,27.454299899999999,24.058200800000002,18.414199799999999,14.507599799999999,0.000000000000000,5.011310100000000,6.269290000000000,7.507599800000000,8.541110000000000,10.646300300000000,12.746000300000000,14.024600000000000,14.159299900000001,13.440799699999999,10.996399900000000,7.562109900000000,5.088679800000000,0.000000000000000,0.781278000000000,0.722376000000000,0.741939000000000,0.645487000000000,0.743548000000000,0.765981000000000,1.509280000000000,0.634248000000000,0.828408000000000,0.844835000000000,0.613735000000000,0.696557000000000,1.325900000000000,15.910743710000000,0.043922663000000,3.000000000000000,0.000000000000000,0.000000000000000,1.000000000000000,1.000000000000000,0.000000000000000,0.000000000000000,1.000000000000000,1.000000000000000,0.000000000000000,0.000000000000000,0.000000000000000,0.000000000000000,0.000000000000000,0.000000000000000,0.000000000000000,0.000000000000000,50.000000000000000,0.000000000000000,0.000000000000000,0.000000000000000,0.000000000000000,0.000000000000000,0.000000000000000,0.000000000000000,1.000000000000000,1.000000000000000,0.000000000000000,0.000000000000000,0.000000000000000,0.000000000000000,0.000000000000000,0.000000000000000,0.000000000000000,0.000000000000000,0.000000000000000,0.000000000000000,0.000000000000000,0.000000000000000,0.000000000000000,0.000000000000000,0.000000000000000,0.000000000000000,0.000000000000000,0.000000000000000,5.000000000000000,0.000000000000000,0.000000000000000,5.000000000000000,4.000000000000000
,158078.000000000000000,158077.000000000000000,158078.000000000000000,1.000000000000000,1.000000000000000,0.000000000000000,0.000000000000000,0.000000000000000,0.000000000000000,0.000000000000000,0.000000000000000,0.000000000000000,0.000000000000000,0.000000000000000,0.000000000000000,0.000000000000000,0.000000000000000,0.000000000000000,0.918273646000000,0.000000000000000,0.000000000000000,0.000000000000000,0.000000000000000,226.000000000000000,128.000000000000000,6157700.000000000000000,2026700.000000000000000,37.552639610000000,-121.893585100000000,0.000000000000000,0.000000000000000,241.000000000000000,128.000000000000000,0.000000000000000,0.000000000000000,0.000000000000000,0.000000000000000,0.000000000000000,0.000000000000000,0.000000000000000,0.000000000000000,0.000000000000000,12.000000000000000,144.000000000000000,0.000000000000000,0.000000000000000,3.000000000000000,28.369399999999999,13.232399900000001,0.000000000000000,0.000000000000000,0.000000000000000,0.000000000000000,2.000000000000000,0.000000000000000,0.000000000000000,0.000000000000000,0.000000000000000,0.000000000000000,0.000000000000000,0.160000000000000,44.000000000000000,0.000000000000000,1.104000000000000,0.000000000000000,18.000000000000000,3.000000000000000,0.000000000000000,0.000000000000000,0.000000000000000,0.000000000000000,0.000000000000000,0.000000000000000,0.000000000000000,0.000000000000000,0.000000000000000,0.000000000000000,0.000000000000000,3.003380100000000,3.084209900000000,2.445489900000000,1.135680000000000,0.471048000000000,0.102697000000000,0.018570600000000,0.026234400000000,0.165577000000000,0.783352000000000,1.580070000000000,2.452060000000000,0.000000000000000,14.664099700000000,16.529899600000000,18.569200500000001,20.764400500000001,23.286199600000000,25.990299199999999,27.510000200000000,14.227000200000001,27.020799600000000,23.818700799999998,18.373399700000000,14.637700100000000,0.000000000000000,5.258160100000000,6.531640100000000,7.811610200000000,8.813179999999999,10.790200199999999,12.852399800000001,14.113300300000001,14.227000200000001,13.460499799999999,11.192999800000001,7.767250100000000,5.308129800000000,0.000000000000000,0.749258000000000,0.729980000000000,0.673581000000000,0.638877000000000,0.605596000000000,0.803155000000000,1.873400000000000,0.753269000000000,0.783144000000000,0.770917000000000,0.597199000000000,0.679109000000000,1.272360000000000,15.268370630000000,0.042199701000000,3.000000000000000,0.000000000000000,0.000000000000000,1.000000000000000,1.000000000000000,0.000000000000000,0.000000000000000,1.000000000000000,1.000000000000000,0.000000000000000,0.000000000000000,0.000000000000000,0.000000000000000,0.000000000000000,0.000000000000000,0.000000000000000,100.000000000000000,50.000000000000000,0.000000000000000,0.000000000000000,0.000000000000000,0.000000000000000,0.000000000000000,0.000000000000000,0.000000000000000,1.000000000000000,1.000000000000000,0.000000000000000,0.000000000000000,0.000000000000000,0.000000000000000,0.000000000000000,0.000000000000000,0.000000000000000,0.000000000000000,0.000000000000000,0.000000000000000,0.000000000000000,0.000000000000000,0.000000000000000,0.000000000000000,0.000000000000000,0.000000000000000,0.000000000000000,0.000000000000000,5.000000000000000,0.000000000000000,0.000000000000000,5.000000000000000,12.000000000000000
,158115.000000000000000,158114.000000000000000,158115.000000000000000,1.000000000000000,1.000000000000000,0.000000000000000,0.000000000000000,0.000000000000000,0.000000000000000,0.000000000000000,0.000000000000000,0.000000000000000,0.000000000000000,0.000000000000000,0.000000000000000,0.000000000000000,0.000000000000000,0.000000000000000,0.918273646000000,45.000000000000000,0.000000000000000,0.000000000000000,0.000000000000000,226.000000000000000,165.000000000000000,6165100.000000000000000,2026700.000000000000000,37.552939459999997,-121.868060600000010,0.000000000000000,0.000000000000000,251.000000000000000,128.000000000000000,0.000000000000000,0.000000000000000,0.000000000000000,0.000000000000000,0.000000000000000,0.000000000000000,0.000000000000000,0.000000000000000,0.000000000000000,11.000000000000000,144.000000000000000,0.000000000000000,0.000000000000000,3.000000000000000,29.263900799999998,13.500499700000001,0.000000000000000,0.000000000000000,-1.000000000000000,0.000000000000000,3.000000000000000,0.000000000000000,0.000000000000000,0.000000000000000,0.000000000000000,0.000000000000000,0.000000000000000,0.140000000000000,21.399999600000001,0.000000000000000,7.214000200000000,0.000000000000000,28.000000000000000,2.000000000000000,0.000000000000000,0.000000000000000,0.000000000000000,0.000000000000000,0.000000000000000,0.000000000000000,0.000000000000000,0.000000000000000,0.000000000000000,0.000000000000000,0.000000000000000,3.052959900000000,3.056090100000000,2.526020100000000,1.146639900000000,0.514063000000000,0.099181200000000,0.016596000000000,0.024324600000000,0.170829000000000,0.808886000000000,1.616570000000000,2.487160000000000,0.000000000000000,14.660699800000000,16.535800900000002,18.593399000000002,20.882200200000000,23.453899400000001,26.141300200000000,27.662099800000000,14.194199599999999,27.151800200000000,23.915599799999999,18.398599600000001,14.606100100000001,0.000000000000000,5.157350100000000,6.404180000000000,7.645540200000000,8.662280100000000,10.705300299999999,12.800000199999999,14.054900200000001,14.194199599999999,13.461199799999999,11.083100300000000,7.663119800000000,5.197100200000000,0.000000000000000,0.761627000000000,0.723325000000000,0.695762000000000,0.645042000000000,0.660897000000000,0.775659000000000,1.674200100000000,0.698433000000000,0.807985000000000,0.796046000000000,0.610995000000000,0.688830000000000,1.293280000000000,15.519317630000000,0.042870607000000,3.000000000000000,0.000000000000000,0.000000000000000,1.000000000000000,1.000000000000000,0.000000000000000,0.000000000000000,2.000000000000000,2.000000000000000,0.000000000000000,0.000000000000000,0.000000000000000,0.000000000000000,0.000000000000000,0.000000000000000,0.000000000000000,100.000000000000000,50.000000000000000,0.000000000000000,0.000000000000000,0.000000000000000,0.000000000000000,0.000000000000000,0.000000000000000,0.000000000000000,1.000000000000000,1.000000000000000,0.000000000000000,0.000000000000000,0.000000000000000,0.000000000000000,0.000000000000000,0.000000000000000,0.000000000000000,0.000000000000000,0.000000000000000,0.000000000000000,0.000000000000000,0.000000000000000,0.000000000000000,0.000000000000000,0.000000000000000,0.000000000000000,0.000000000000000,0.000000000000000,5.000000000000000,0.000000000000000,0.000000000000000,5.000000000000000,11.000000000000000
,157426.000000000000000,68852.000000000000000,157426.000000000000000,1.000000000000000,1.000000000000000,0.000000000000000,0.000000000000000,0.000000000000000,0.000000000000000,0.000000000000000,0.000000000000000,0.000000000000000,0.000000000000000,0.000000000000000,0.000000000000000,0.000000000000000,0.000000000000000,0.000000000000000,0.918273646000000,225.000000000000000,0.000000000000000,0.000000000000000,0.000000000000000,225.000000000000000,178.000000000000000,6167700.000000000000000,2026900.000000000000000,37.553592729999998,-121.859102500000010,0.000000000000000,0.000000000000000,255.000000000000000,16.000000000000000,0.000000000000000,0.000000000000000,0.000000000000000,0.000000000000000,0.000000000000000,0.000000000000000,0.000000000000000,0.000000000000000,0.000000000000000,11.000000000000000,144.000000000000000,0.000000000000000,0.000000000000000,3.000000000000000,29.420700100000001,13.622599599999999,0.000000000000000,0.000000000000000,0.000000000000000,0.000000000000000,4.000000000000000,0.000000000000000,0.000000000000000,0.000000000000000,0.000000000000000,0.000000000000000,0.000000000000000,0.160000000000000,37.700000799999998,0.000000000000000,0.910000000000000,0.000000000000000,36.000000000000000,2.000000000000000,0.000000000000000,0.000000000000000,0.000000000000000,0.000000000000000,0.000000000000000,0.000000000000000,0.000000000000000,0.000000000000000,0.000000000000000,0.000000000000000,0.000000000000000,3.075449900000000,3.054060000000000,2.567460100000000,1.147930000000000,0.530081000000000,0.098844000000000,0.016010000000000,0.023765400000000,0.171433000000000,0.824053000000000,1.624040000000000,2.497629900000000,0.000000000000000,14.651399600000000,16.540399600000001,18.585899399999999,20.893699600000001,23.538600899999999,26.214899100000000,27.706800500000000,14.179100000000000,27.224899300000001,23.985599499999999,18.401300400000000,14.578900300000001,0.000000000000000,5.098849800000000,6.352449900000000,7.590330100000000,8.630689600000000,10.663800200000001,12.782999999999999,14.043399800000000,14.179100000000000,13.434399600000001,11.046099699999999,7.607060000000000,5.132860200000000,0.000000000000000,0.767238000000000,0.722844000000000,0.707176000000000,0.645768000000000,0.681490000000000,0.773022000000000,1.615090000000000,0.682377000000000,0.810842000000000,0.810972000000000,0.613818000000000,0.691730000000000,1.302560000000000,15.630756379999999,0.043170393000000,3.000000000000000,0.000000000000000,1.000000000000000,1.000000000000000,1.000000000000000,0.000000000000000,2.000000000000000,3.000000000000000,3.000000000000000,0.000000000000000,0.000000000000000,0.000000000000000,-50.000000000000000,-100.000000000000000,0.000000000000000,0.000000000000000,0.000000000000000,50.000000000000000,0.000000000000000,0.000000000000000,0.000000000000000,0.000000000000000,0.000000000000000,0.000000000000000,1.000000000000000,1.000000000000000,1.000000000000000,0.000000000000000,0.000000000000000,0.000000000000000,0.000000000000000,0.000000000000000,0.000000000000000,0.000000000000000,0.000000000000000,0.000000000000000,0.000000000000000,0.000000000000000,0.000000000000000,0.000000000000000,0.000000000000000,0.000000000000000,0.000000000000000,0.000000000000000,3.000000000000000,4.000000000000000,0.000000000000000,0.000000000000000,5.000000000000000,11.000000000000000
,155291.000000000000000,155290.000000000000000,155291.000000000000000,1.000000000000000,1.000000000000000,0.000000000000000,0.000000000000000,0.000000000000000,0.000000000000000,0.000000000000000,0.000000000000000,0.000000000000000,0.000000000000000,0.000000000000000,0.000000000000000,0.000000000000000,0.000000000000000,0.000000000000000,0.918273646000000,315.000000000000000,0.000000000000000,0.000000000000000,0.000000000000000,222.000000000000000,149.000000000000000,6161900.000000000000000,2027500.000000000000000,37.555007379999999,-121.879138900000000,0.000000000000000,0.000000000000000,242.000000000000000,16.000000000000000,0.000000000000000,0.000000000000000,0.000000000000000,0.000000000000000,0.000000000000000,0.000000000000000,0.000000000000000,0.000000000000000,0.000000000000000,12.000000000000000,144.000000000000000,0.000000000000000,0.000000000000000,3.000000000000000,29.104499799999999,13.525799800000000,0.000000000000000,0.000000000000000,-1.000000000000000,0.000000000000000,2.000000000000000,0.000000000000000,0.000000000000000,0.000000000000000,0.000000000000000,0.000000000000000,0.000000000000000,0.130000000000000,34.900001500000002,0.000000000000000,2.385999900000000,0.000000000000000,18.000000000000000,2.000000000000000,0.000000000000000,0.000000000000000,0.000000000000000,0.000000000000000,0.000000000000000,0.000000000000000,0.000000000000000,0.000000000000000,0.000000000000000,0.000000000000000,0.000000000000000,3.027570000000000,3.063110100000000,2.483210100000000,1.145920000000000,0.495567000000000,0.100874000000000,0.017537400000000,0.025219800000000,0.169738000000000,0.792857000000000,1.603930000000000,2.474679900000000,0.000000000000000,14.677300499999999,16.543899499999998,18.583499900000000,20.809499700000000,23.379899999999999,26.086099600000001,27.614099499999998,14.199000399999999,27.100500100000001,23.839300200000000,18.383199699999999,14.625499700000001,0.000000000000000,5.229909900000000,6.483699800000000,7.716219900000000,8.739939700000001,10.724800100000000,12.800299600000001,14.073200200000000,14.199000399999999,13.464200000000000,11.151900299999999,7.725269800000000,5.257860200000000,0.000000000000000,0.755293000000000,0.724986000000000,0.683971000000000,0.644637000000000,0.637118000000000,0.788898000000000,1.769170000000000,0.724137000000000,0.802825000000000,0.780271000000000,0.606217000000000,0.685374000000000,1.283350000000000,15.400213239999999,0.042551309000000,3.000000000000000,0.000000000000000,0.000000000000000,1.000000000000000,1.000000000000000,0.000000000000000,0.000000000000000,1.000000000000000,1.000000000000000,0.000000000000000,0.000000000000000,0.000000000000000,0.000000000000000,0.000000000000000,0.000000000000000,0.000000000000000,100.000000000000000,50.000000000000000,0.000000000000000,0.000000000000000,0.000000000000000,0.000000000000000,0.000000000000000,0.000000000000000,0.000000000000000,1.000000000000000,1.000000000000000,0.000000000000000,0.000000000000000,0.000000000000000,0.000000000000000,0.000000000000000,0.000000000000000,0.000000000000000,0.000000000000000,0.000000000000000,0.000000000000000,0.000000000000000,0.000000000000000,0.000000000000000,0.000000000000000,0.000000000000000,0.000000000000000,0.000000000000000,0.000000000000000,5.000000000000000,0.000000000000000,0.000000000000000,5.000000000000000,12.000000000000000
,155478.000000000000000,155477.000000000000000,155478.000000000000000,1.000000000000000,1.000000000000000,0.000000000000000,0.000000000000000,0.000000000000000,0.000000000000000,0.000000000000000,0.000000000000000,0.000000000000000,6.000000000000000,0.000000000000000,0.000000000000000,0.000000000000000,0.000000000000000,0.000000000000000,0.918273646000000,0.000000000000000,0.000000000000000,0.000000000000000,0.000000000000000,222.000000000000000,336.000000000000000,6199300.000000000000000,2027500.000000000000000,37.556450239999997,-121.750130300000000,0.000000000000000,0.000000000000000,228.000000000000000,64.000000000000000,0.000000000000000,0.000000000000000,0.000000000000000,0.000000000000000,0.000000000000000,0.000000000000000,0.000000000000000,0.000000000000000,0.000000000000000,2.000000000000000,144.000000000000000,0.000000000000000,0.000000000000000,1.000000000000000,28.135400799999999,15.652899700000001,0.000000000000000,0.000000000000000,0.000000000000000,0.000000000000000,3.000000000000000,0.000000000000000,0.000000000000000,0.000000000000000,0.000000000000000,0.000000000000000,0.000000000000000,0.110000000000000,22.000000000000000,0.000000000000000,4.022999800000000,0.000000000000000,28.000000000000000,2.000000000000000,0.000000000000000,0.000000000000000,0.000000000000000,0.000000000000000,0.000000000000000,0.000000000000000,0.000000000000000,0.000000000000000,0.000000000000000,0.000000000000000,0.000000000000000,4.143000100000000,4.205760000000000,3.726599900000000,1.818800000000000,0.887677000000000,0.175526000000000,0.010933800000000,0.052290100000000,0.242301000000000,1.076470000000000,2.632220000000000,3.775960000000000,0.000000000000000,12.794400200000000,13.386300100000000,15.105199799999999,16.759100000000000,20.896200199999999,24.551300000000001,27.675300600000000,14.935199700000000,26.115900000000000,22.308700600000002,16.298900600000000,12.478899999999999,0.000000000000000,5.833819900000000,6.027520200000000,6.518610000000000,6.867479800000000,9.210260399999999,11.859299699999999,15.140600200000000,14.935199700000000,14.364600200000000,11.284099599999999,8.185939800000000,5.842850200000000,0.000000000000000,0.898085000000000,0.874984000000000,0.929584000000000,0.980401000000000,0.787241000000000,0.679754000000000,0.392116000000000,1.445269900000000,0.793054000000000,0.785940000000000,0.809979000000000,0.858846000000000,1.895630000000000,22.747535710000001,0.062796913000000,3.000000000000000,0.000000000000000,1.000000000000000,1.000000000000000,1.000000000000000,0.000000000000000,1.000000000000000,2.000000000000000,2.000000000000000,0.000000000000000,0.000000000000000,0.000000000000000,0.000000000000000,0.000000000000000,0.000000000000000,15.000000000000000,100.000000000000000,50.000000000000000,0.000000000000000,0.000000000000000,0.000000000000000,0.000000000000000,0.000000000000000,0.000000000000000,0.000000000000000,0.000000000000000,0.000000000000000,0.000000000000000,0.000000000000000,0.000000000000000,0.000000000000000,0.000000000000000,0.000000000000000,0.000000000000000,0.000000000000000,0.000000000000000,0.000000000000000,0.000000000000000,0.000000000000000,0.000000000000000,0.000000000000000,0.000000000000000,0.000000000000000,0.000000000000000,2.000000000000000,5.000000000000000,0.000000000000000,0.000000000000000,5.000000000000000,2.000000000000000
,151096.000000000000000,151095.000000000000000,151096.000000000000000,1.000000000000000,1.000000000000000,0.000000000000000,0.000000000000000,0.000000000000000,0.000000000000000,0.000000000000000,0.000000000000000,0.000000000000000,0.000000000000000,0.000000000000000,0.000000000000000,0.000000000000000,0.000000000000000,0.000000000000000,0.918273646000000,45.000000000000000,0.000000000000000,0.000000000000000,0.000000000000000,216.000000000000000,166.000000000000000,6165300.000000000000000,2028700.000000000000000,37.558439749999998,-121.867471499999990,0.000000000000000,0.000000000000000,215.000000000000000,128.000000000000000,0.000000000000000,0.000000000000000,0.000000000000000,0.000000000000000,0.000000000000000,0.000000000000000,0.000000000000000,0.000000000000000,0.000000000000000,11.000000000000000,144.000000000000000,0.000000000000000,0.000000000000000,3.000000000000000,29.336299900000000,13.649499900000000,0.000000000000000,0.000000000000000,-1.000000000000000,0.000000000000000,4.000000000000000,0.000000000000000,0.000000000000000,0.000000000000000,0.000000000000000,0.000000000000000,0.000000000000000,0.140000000000000,25.600000399999999,0.000000000000000,4.524000200000000,0.000000000000000,36.000000000000000,2.000000000000000,0.000000000000000,0.000000000000000,0.000000000000000,0.000000000000000,0.000000000000000,0.000000000000000,0.000000000000000,0.000000000000000,0.000000000000000,0.000000000000000,0.000000000000000,3.046269900000000,3.050790100000000,2.512049900000000,1.148700000000000,0.508183000000000,0.099532600000000,0.016868900000000,0.024708400000000,0.169914000000000,0.802688000000000,1.616560000000000,2.487410100000000,0.000000000000000,14.707200100000000,16.567199700000000,18.613100100000000,20.835300400000001,23.447599400000001,26.122999199999999,27.624700499999999,14.188400300000000,27.144100200000000,23.884599699999999,18.406999599999999,14.630000100000000,0.000000000000000,5.190529800000000,6.438099900000000,7.685569800000000,8.704500200000000,10.718999900000000,12.783499700000000,14.050200500000001,14.188400300000000,13.443400400000000,11.104499799999999,7.697080100000000,5.237410100000000,0.000000000000000,0.759958000000000,0.722070000000000,0.691914000000000,0.646201000000000,0.653338000000000,0.778407000000000,1.701730000000000,0.709453000000000,0.803657000000000,0.789946000000000,0.610991000000000,0.688900000000000,1.290310000000000,15.483675000000000,0.042773392000000,3.000000000000000,1.000000000000000,1.000000000000000,1.000000000000000,1.000000000000000,1.000000000000000,2.000000000000000,3.000000000000000,3.000000000000000,0.000000000000000,0.000000000000000,0.000000000000000,-50.000000000000000,-100.000000000000000,0.000000000000000,0.000000000000000,0.000000000000000,50.000000000000000,0.000000000000000,0.000000000000000,0.000000000000000,0.000000000000000,0.000000000000000,1.000000000000000,1.000000000000000,1.000000000000000,1.000000000000000,0.000000000000000,0.000000000000000,0.000000000000000,0.000000000000000,0.000000000000000,0.000000000000000,0.000000000000000,0.000000000000000,0.000000000000000,0.000000000000000,0.000000000000000,0.000000000000000,0.000000000000000,0.000000000000000,0.000000000000000,0.000000000000000,0.000000000000000,3.000000000000000,4.000000000000000,0.000000000000000,1.000000000000000,5.000000000000000,11.000000000000000
,150402.000000000000000,150401.000000000000000,150402.000000000000000,1.000000000000000,1.000000000000000,0.000000000000000,0.000000000000000,0.000000000000000,0.000000000000000,0.000000000000000,0.000000000000000,0.000000000000000,0.000000000000000,0.000000000000000,0.000000000000000,0.000000000000000,0.000000000000000,0.000000000000000,0.918273646000000,315.000000000000000,0.000000000000000,0.000000000000000,0.000000000000000,215.000000000000000,174.000000000000000,6166900.000000000000000,2028900.000000000000000,37.559053059999997,-121.861962300000000,0.000000000000000,0.000000000000000,239.000000000000000,64.000000000000000,0.000000000000000,0.000000000000000,0.000000000000000,0.000000000000000,0.000000000000000,0.000000000000000,0.000000000000000,0.000000000000000,0.000000000000000,11.000000000000000,144.000000000000000,0.000000000000000,0.000000000000000,3.000000000000000,29.369899700000001,13.662300100000000,0.000000000000000,0.000000000000000,-1.000000000000000,0.000000000000000,0.000000000000000,0.000000000000000,0.000000000000000,0.000000000000000,0.000000000000000,0.000000000000000,0.000000000000000,0.110000000000000,14.100000400000001,0.000000000000000,42.308998099999997,0.000000000000000,0.000000000000000,2.000000000000000,0.000000000000000,0.000000000000000,0.000000000000000,0.000000000000000,0.000000000000000,0.000000000000000,0.000000000000000,0.000000000000000,0.000000000000000,0.000000000000000,0.000000000000000,3.056380000000000,3.046550000000000,2.527970100000000,1.148800000000000,0.515432000000000,0.099413200000000,0.016510400000000,0.024269900000000,0.169486000000000,0.809255000000000,1.620960000000000,2.492110000000000,0.000000000000000,14.700699800000001,16.560400000000001,18.604900399999998,20.849500700000000,23.461900700000001,26.121900600000000,27.632600799999999,14.188799899999999,27.166200600000000,23.920799299999999,18.405799900000002,14.617400200000001,0.000000000000000,5.163330100000000,6.415309900000000,7.657589900000000,8.692319899999999,10.714099900000001,12.790900199999999,14.052900299999999,14.188799899999999,13.443200100000000,11.093999900000000,7.672709900000000,5.203060200000000,0.000000000000000,0.762480000000000,0.721067000000000,0.696299000000000,0.646257000000000,0.662657000000000,0.777474000000000,1.665570000000000,0.696862000000000,0.801633000000000,0.796409000000000,0.612654000000000,0.690201000000000,1.293930000000000,15.527136799999999,0.042889357000000,3.000000000000000,0.000000000000000,1.000000000000000,1.000000000000000,1.000000000000000,0.000000000000000,2.000000000000000,3.000000000000000,3.000000000000000,0.000000000000000,0.000000000000000,0.000000000000000,-50.000000000000000,-100.000000000000000,0.000000000000000,0.000000000000000,0.000000000000000,50.000000000000000,0.000000000000000,0.000000000000000,0.000000000000000,0.000000000000000,0.000000000000000,0.000000000000000,1.000000000000000,1.000000000000000,1.000000000000000,0.000000000000000,0.000000000000000,0.000000000000000,0.000000000000000,0.000000000000000,0.000000000000000,0.000000000000000,0.000000000000000,0.000000000000000,0.000000000000000,0.000000000000000,0.000000000000000,0.000000000000000,0.000000000000000,0.000000000000000,0.000000000000000,0.000000000000000,3.000000000000000,4.000000000000000,0.000000000000000,0.000000000000000,5.000000000000000,11.000000000000000
,148993.000000000000000,148992.000000000000000,148993.000000000000000,1.000000000000000,1.000000000000000,0.000000000000000,0.000000000000000,0.000000000000000,0.000000000000000,0.000000000000000,0.000000000000000,6689993.000000000000000,0.000000000000000,0.000000000000000,0.000000000000000,0.000000000000000,0.000000000000000,0.000000000000000,0.918273646000000,0.000000000000000,0.000000000000000,0.000000000000000,0.000000000000000,213.000000000000000,169.000000000000000,6165900.000000000000000,2029300.000000000000000,37.560111489999997,-121.865432000000000,0.000000000000000,0.000000000000000,-3.000000000000000,64.000000000000000,0.000000000000000,0.000000000000000,0.000000000000000,0.000000000000000,0.000000000000000,0.000000000000000,0.000000000000000,0.000000000000000,0.000000000000000,11.000000000000000,144.000000000000000,0.000000000000000,0.000000000000000,3.000000000000000,29.308799700000002,13.682999600000000,0.000000000000000,0.000000000000000,0.000000000000000,0.000000000000000,3.000000000000000,0.000000000000000,0.000000000000000,0.000000000000000,0.000000000000000,0.000000000000000,0.000000000000000,0.110000000000000,14.100000400000001,0.000000000000000,42.308998099999997,0.000000000000000,28.000000000000000,2.000000000000000,0.000000000000000,0.000000000000000,0.000000000000000,0.000000000000000,0.000000000000000,0.000000000000000,0.000000000000000,0.000000000000000,0.000000000000000,0.000000000000000,0.000000000000000,3.047709900000000,3.047830100000000,2.513210100000000,1.149130000000000,0.509120000000000,0.099533600000000,0.016826000000000,0.024623000000000,0.169450000000000,0.803199000000000,1.618109900000000,2.489039900000000,0.000000000000000,14.711899799999999,16.569200500000001,18.613700900000001,20.829500199999998,23.448299400000000,26.117500300000000,27.622900000000001,14.182600000000001,27.149400700000001,23.889600800000000,18.407800699999999,14.631500200000000,0.000000000000000,5.187820000000000,6.436610200000000,7.683980000000000,8.705889700000000,10.717200300000000,12.780400300000000,14.046799699999999,14.182600000000001,13.436300299999999,11.100799600000000,7.693970200000000,5.233029800000000,0.000000000000000,0.760318000000000,0.721370000000000,0.692234000000000,0.646443000000000,0.654542000000000,0.778415000000000,1.697400000000000,0.707001000000000,0.801462000000000,0.790449000000000,0.611577000000000,0.689351000000000,1.290650000000000,15.487781520000000,0.042783711000000,3.000000000000000,1.000000000000000,1.000000000000000,1.000000000000000,1.000000000000000,1.000000000000000,2.000000000000000,3.000000000000000,3.000000000000000,0.000000000000000,0.000000000000000,0.000000000000000,-50.000000000000000,-100.000000000000000,25.000000000000000,0.000000000000000,0.000000000000000,50.000000000000000,0.000000000000000,0.000000000000000,0.000000000000000,0.000000000000000,0.000000000000000,1.000000000000000,1.000000000000000,1.000000000000000,1.000000000000000,0.000000000000000,0.000000000000000,0.000000000000000,0.000000000000000,0.000000000000000,0.000000000000000,0.000000000000000,0.000000000000000,0.000000000000000,0.000000000000000,0.000000000000000,0.000000000000000,0.000000000000000,0.000000000000000,0.000000000000000,0.000000000000000,0.000000000000000,3.000000000000000,4.000000000000000,0.000000000000000,1.000000000000000,5.000000000000000,11.000000000000000
,146884.000000000000000,146883.000000000000000,146884.000000000000000,1.000000000000000,1.000000000000000,0.000000000000000,0.000000000000000,0.000000000000000,0.000000000000000,0.000000000000000,0.000000000000000,0.000000000000000,0.000000000000000,0.000000000000000,0.000000000000000,0.000000000000000,0.000000000000000,0.000000000000000,0.918273646000000,45.000000000000000,0.000000000000000,0.000000000000000,0.000000000000000,210.000000000000000,166.000000000000000,6165300.000000000000000,2029900.000000000000000,37.561735110000001,-121.867532000000000,0.000000000000000,0.000000000000000,215.000000000000000,16.000000000000000,0.000000000000000,0.000000000000000,0.000000000000000,0.000000000000000,0.000000000000000,0.000000000000000,0.000000000000000,0.000000000000000,0.000000000000000,11.000000000000000,144.000000000000000,0.000000000000000,0.000000000000000,3.000000000000000,29.236200300000000,13.728199999999999,0.000000000000000,0.000000000000000,-1.000000000000000,0.000000000000000,4.000000000000000,0.000000000000000,0.000000000000000,0.000000000000000,0.000000000000000,0.000000000000000,0.000000000000000,0.110000000000000,14.100000400000001,0.000000000000000,42.308998099999997,0.000000000000000,36.000000000000000,2.000000000000000,0.000000000000000,0.000000000000000,0.000000000000000,0.000000000000000,0.000000000000000,0.000000000000000,0.000000000000000,0.000000000000000,0.000000000000000,0.000000000000000,0.000000000000000,3.041820000000000,3.048270000000000,2.503390100000000,1.149740000000000,0.505244000000000,0.099615400000000,0.017079600000000,0.024917600000000,0.169350000000000,0.798986000000000,1.616420000000000,2.487430100000000,0.000000000000000,14.717200300000000,16.574399900000000,18.618700000000000,20.811000799999999,23.439599999999999,26.118900300000000,27.624500300000001,14.168199500000000,27.143199899999999,23.868900300000000,18.408899300000002,14.642200500000000,0.000000000000000,5.202710200000000,6.449039900000000,7.700079900000000,8.709520299999999,10.711799600000001,12.766500499999999,14.036000300000000,14.168199500000000,13.422800100000000,11.097200400000000,7.705380000000000,5.251289800000000,0.000000000000000,0.758848000000000,0.721474000000000,0.689529000000000,0.646786000000000,0.649559000000000,0.779055000000000,1.722990000000000,0.715460000000000,0.800989000000000,0.786303000000000,0.610938000000000,0.688905000000000,1.288520000000000,15.462263110000000,0.042715143000000,3.000000000000000,1.000000000000000,1.000000000000000,1.000000000000000,1.000000000000000,1.000000000000000,2.000000000000000,3.000000000000000,3.000000000000000,0.000000000000000,0.000000000000000,0.000000000000000,-50.000000000000000,-100.000000000000000,18.000000000000000,0.000000000000000,0.000000000000000,50.000000000000000,0.000000000000000,0.000000000000000,0.000000000000000,0.000000000000000,0.000000000000000,1.000000000000000,1.000000000000000,1.000000000000000,1.000000000000000,0.000000000000000,0.000000000000000,0.000000000000000,0.000000000000000,0.000000000000000,0.000000000000000,0.000000000000000,0.000000000000000,0.000000000000000,0.000000000000000,0.000000000000000,0.000000000000000,0.000000000000000,0.000000000000000,0.000000000000000,0.000000000000000,0.000000000000000,3.000000000000000,4.000000000000000,0.000000000000000,1.000000000000000,5.000000000000000,11.000000000000000
,145501.000000000000000,145500.000000000000000,145501.000000000000000,1.000000000000000,1.000000000000000,0.000000000000000,0.000000000000000,0.000000000000000,0.000000000000000,0.000000000000000,0.000000000000000,0.000000000000000,0.000000000000000,0.000000000000000,0.000000000000000,0.000000000000000,0.000000000000000,0.000000000000000,0.918273646000000,315.000000000000000,0.000000000000000,0.000000000000000,0.000000000000000,208.000000000000000,187.000000000000000,6169500.000000000000000,2030300.000000000000000,37.563001219999997,-121.853063300000000,0.000000000000000,0.000000000000000,225.000000000000000,32.000000000000000,0.000000000000000,0.000000000000000,0.000000000000000,0.000000000000000,0.000000000000000,0.000000000000000,0.000000000000000,0.000000000000000,0.000000000000000,11.000000000000000,144.000000000000000,0.000000000000000,0.000000000000000,3.000000000000000,29.086000400000000,13.539199800000000,0.000000000000000,0.000000000000000,-1.000000000000000,0.000000000000000,3.000000000000000,0.000000000000000,0.000000000000000,0.000000000000000,0.000000000000000,0.000000000000000,0.000000000000000,0.160000000000000,27.700000800000002,0.000000000000000,2.408000000000000,0.000000000000000,28.000000000000000,2.000000000000000,0.000000000000000,0.000000000000000,0.000000000000000,0.000000000000000,0.000000000000000,0.000000000000000,0.000000000000000,0.000000000000000,0.000000000000000,0.000000000000000,0.000000000000000,3.069610100000000,3.036930100000000,2.549350000000000,1.147400000000000,0.529786000000000,0.099468400000000,0.016101300000000,0.023876400000000,0.166471000000000,0.817451000000000,1.625550000000000,2.497180000000000,0.000000000000000,14.687100400000000,16.552999499999999,18.610700600000001,20.861700100000000,23.507900200000002,26.148300200000001,27.673700300000000,14.178700400000000,27.204399100000000,23.935199699999998,18.411100399999999,14.614199599999999,0.000000000000000,5.136380200000000,6.389329900000000,7.653749900000000,8.689390200000000,10.711000400000000,12.789199800000000,14.044799800000000,14.178700400000000,13.434399600000001,11.076700199999999,7.654079900000000,5.187540100000000,0.000000000000000,0.765781000000000,0.718790000000000,0.702188000000000,0.645470000000000,0.681111000000000,0.777905000000000,1.624300000000000,0.685564000000000,0.787372000000000,0.804475000000000,0.614389000000000,0.691606000000000,1.298260000000000,15.579174040000000,0.043026496000000,3.000000000000000,0.000000000000000,0.000000000000000,1.000000000000000,1.000000000000000,0.000000000000000,0.000000000000000,1.000000000000000,1.000000000000000,0.000000000000000,0.000000000000000,0.000000000000000,0.000000000000000,0.000000000000000,0.000000000000000,0.000000000000000,100.000000000000000,50.000000000000000,0.000000000000000,0.000000000000000,0.000000000000000,0.000000000000000,0.000000000000000,0.000000000000000,0.000000000000000,1.000000000000000,1.000000000000000,0.000000000000000,0.000000000000000,0.000000000000000,0.000000000000000,0.000000000000000,0.000000000000000,0.000000000000000,0.000000000000000,0.000000000000000,0.000000000000000,0.000000000000000,0.000000000000000,0.000000000000000,0.000000000000000,0.000000000000000,0.000000000000000,0.000000000000000,0.000000000000000,5.000000000000000,0.000000000000000,0.000000000000000,5.000000000000000,11.000000000000000
,144053.000000000000000,144052.000000000000000,144053.000000000000000,1.000000000000000,1.000000000000000,0.000000000000000,0.000000000000000,0.000000000000000,0.000000000000000,0.000000000000000,0.000000000000000,0.000000000000000,0.000000000000000,0.000000000000000,0.000000000000000,0.000000000000000,0.000000000000000,0.000000000000000,0.918273646000000,45.000000000000000,0.000000000000000,0.000000000000000,0.000000000000000,206.000000000000000,143.000000000000000,6160700.000000000000000,2030700.000000000000000,37.563746330000001,-121.883441300000000,0.000000000000000,0.000000000000000,212.000000000000000,64.000000000000000,0.000000000000000,0.000000000000000,0.000000000000000,0.000000000000000,0.000000000000000,0.000000000000000,0.000000000000000,0.000000000000000,0.000000000000000,12.000000000000000,144.000000000000000,0.000000000000000,0.000000000000000,3.000000000000000,28.757900200000002,13.669400200000000,0.000000000000000,0.000000000000000,-1.000000000000000,0.000000000000000,2.000000000000000,0.000000000000000,0.000000000000000,0.000000000000000,0.000000000000000,0.000000000000000,0.000000000000000,0.130000000000000,34.900001500000002,0.000000000000000,2.385999900000000,0.000000000000000,18.000000000000000,2.000000000000000,0.000000000000000,0.000000000000000,0.000000000000000,0.000000000000000,0.000000000000000,0.000000000000000,0.000000000000000,0.000000000000000,0.000000000000000,0.000000000000000,0.000000000000000,3.020410100000000,3.065779900000000,2.468370000000000,1.155370000000000,0.493803000000000,0.100620000000000,0.018311500000000,0.026263400000000,0.172403000000000,0.784952000000000,1.607520000000000,2.480020000000000,0.000000000000000,14.692399999999999,16.551099799999999,18.566799199999998,20.779600100000000,23.352199599999999,26.082899099999999,27.614099499999998,14.151900299999999,27.107299800000000,23.843799600000001,18.377099999999999,14.643799800000000,0.000000000000000,5.248879900000000,6.496099900000000,7.757370000000000,8.733889600000000,10.708800300000000,12.766099900000000,14.037799800000000,14.151900299999999,13.405400300000000,11.126899699999999,7.722839800000000,5.275650000000000,0.000000000000000,0.753507000000000,0.725618000000000,0.679883000000000,0.649953000000000,0.634850000000000,0.786911000000000,1.847260000000000,0.754102000000000,0.815429000000000,0.772492000000000,0.607574000000000,0.686853000000000,1.282820000000000,15.393823619999999,0.042536285000000,3.000000000000000,0.000000000000000,0.000000000000000,1.000000000000000,1.000000000000000,0.000000000000000,0.000000000000000,2.000000000000000,2.000000000000000,0.000000000000000,0.000000000000000,0.000000000000000,0.000000000000000,0.000000000000000,0.000000000000000,0.000000000000000,0.000000000000000,50.000000000000000,0.000000000000000,0.000000000000000,0.000000000000000,0.000000000000000,0.000000000000000,0.000000000000000,0.000000000000000,1.000000000000000,1.000000000000000,0.000000000000000,0.000000000000000,0.000000000000000,0.000000000000000,0.000000000000000,0.000000000000000,0.000000000000000,0.000000000000000,0.000000000000000,0.000000000000000,0.000000000000000,0.000000000000000,0.000000000000000,0.000000000000000,0.000000000000000,0.000000000000000,0.000000000000000,0.000000000000000,5.000000000000000,0.000000000000000,0.000000000000000,5.000000000000000,12.000000000000000
,141966.000000000000000,141965.000000000000000,141966.000000000000000,1.000000000000000,1.000000000000000,0.000000000000000,0.000000000000000,0.000000000000000,0.000000000000000,267.000000000000000,0.000000000000000,0.000000000000000,0.000000000000000,0.000000000000000,0.000000000000000,0.000000000000000,0.000000000000000,0.000000000000000,0.918273646000000,90.000000000000000,0.000000000000000,0.000000000000000,0.000000000000000,203.000000000000000,162.000000000000000,6164500.000000000000000,2031300.000000000000000,37.565547549999998,-121.870362500000000,0.000000000000000,0.000000000000000,215.000000000000000,16.000000000000000,0.000000000000000,0.000000000000000,0.000000000000000,0.000000000000000,0.000000000000000,0.000000000000000,0.000000000000000,0.000000000000000,0.000000000000000,11.000000000000000,144.000000000000000,0.000000000000000,0.000000000000000,3.000000000000000,29.037700699999998,13.824000399999999,0.000000000000000,0.000000000000000,0.000000000000000,0.000000000000000,3675.000000000000000,0.000000000000000,0.000000000000000,0.000000000000000,0.000000000000000,0.000000000000000,0.000000000000000,0.110000000000000,14.100000400000001,0.000000000000000,42.308998099999997,0.000000000000000,3675.000000000000000,2.000000000000000,0.000000000000000,0.000000000000000,0.000000000000000,0.000000000000000,0.000000000000000,0.000000000000000,0.000000000000000,0.000000000000000,0.000000000000000,0.000000000000000,0.000000000000000,3.034539900000000,3.048600000000000,2.492250000000000,1.151680000000000,0.502501000000000,0.099589100000000,0.017463100000000,0.025125600000000,0.169487000000000,0.793477000000000,1.615520000000000,2.487350000000000,0.000000000000000,14.718899700000000,16.576700200000001,18.615400300000001,20.782199899999998,23.420600900000000,26.119199800000001,27.636899900000000,14.136400200000001,27.142700200000000,23.849199299999999,18.406700099999998,14.655400300000000,0.000000000000000,5.217969900000000,6.462180100000000,7.717939900000000,8.705619799999999,10.694600100000001,12.742600400000001,14.014599799999999,14.136400200000001,13.394300500000000,11.083200500000000,7.713379900000000,5.266570100000000,0.000000000000000,0.757032000000000,0.721552000000000,0.686461000000000,0.647878000000000,0.646033000000000,0.778849000000000,1.761670000000000,0.721432000000000,0.801637000000000,0.780881000000000,0.610598000000000,0.688883000000000,1.286470000000000,15.437582020000001,0.042649001000000,3.000000000000000,1.000000000000000,1.000000000000000,1.000000000000000,1.000000000000000,1.000000000000000,2.000000000000000,3.000000000000000,3.000000000000000,267.000000000000000,251.000000000000000,0.000000000000000,-50.000000000000000,-100.000000000000000,16.000000000000000,0.000000000000000,0.000000000000000,50.000000000000000,0.000000000000000,0.000000000000000,0.000000000000000,0.000000000000000,0.000000000000000,1.000000000000000,1.000000000000000,1.000000000000000,1.000000000000000,0.000000000000000,0.000000000000000,0.000000000000000,0.000000000000000,0.000000000000000,0.000000000000000,0.000000000000000,0.000000000000000,0.000000000000000,0.000000000000000,0.000000000000000,0.000000000000000,0.000000000000000,0.000000000000000,0.000000000000000,0.000000000000000,0.000000000000000,3.000000000000000,4.000000000000000,0.000000000000000,1.000000000000000,5.000000000000000,11.000000000000000
,141978.000000000000000,141977.000000000000000,141978.000000000000000,1.000000000000000,1.000000000000000,0.000000000000000,0.000000000000000,0.000000000000000,0.000000000000000,0.000000000000000,0.000000000000000,0.000000000000000,3.000000000000000,0.000000000000000,0.000000000000000,0.000000000000000,0.000000000000000,0.000000000000000,0.918273646000000,270.000000000000000,0.000000000000000,0.000000000000000,0.000000000000000,203.000000000000000,174.000000000000000,6166900.000000000000000,2031300.000000000000000,37.565643780000002,-121.862082800000000,0.000000000000000,0.000000000000000,-3.000000000000000,16.000000000000000,0.000000000000000,0.000000000000000,0.000000000000000,0.000000000000000,0.000000000000000,0.000000000000000,0.000000000000000,0.000000000000000,0.000000000000000,11.000000000000000,144.000000000000000,0.000000000000000,0.000000000000000,3.000000000000000,29.229200400000000,13.729000100000000,0.000000000000000,0.000000000000000,0.000000000000000,0.000000000000000,3628.000000000000000,0.000000000000000,0.000000000000000,0.000000000000000,0.000000000000000,0.000000000000000,0.000000000000000,0.160000000000000,37.700000799999998,0.000000000000000,0.910000000000000,0.000000000000000,3628.000000000000000,2.000000000000000,0.000000000000000,0.000000000000000,0.000000000000000,0.000000000000000,0.000000000000000,0.000000000000000,0.000000000000000,0.000000000000000,0.000000000000000,0.000000000000000,0.000000000000000,3.046220100000000,3.040420100000000,2.509720100000000,1.149720000000000,0.508724000000000,0.099608200000000,0.016873300000000,0.024368600000000,0.167386000000000,0.800960000000000,1.619890000000000,2.491560000000000,0.000000000000000,14.716500300000000,16.571699100000000,18.623199499999998,20.801700600000000,23.439599999999999,26.102800400000000,27.625200299999999,14.144300500000000,27.143899900000001,23.875699999999998,18.410800900000002,14.648400300000000,0.000000000000000,5.194160000000000,6.440839800000000,7.697639900000000,8.704190300000001,10.696700099999999,12.752900100000000,14.017299700000001,14.144300500000000,13.398400300000000,11.071200400000000,7.684690000000000,5.235040200000000,0.000000000000000,0.759946000000000,0.719616000000000,0.691272000000000,0.646775000000000,0.654033000000000,0.778998000000000,1.702170000000000,0.699696000000000,0.791700000000000,0.788246000000000,0.612250000000000,0.690049000000000,1.289620000000000,15.475450520000001,0.042748470000000,3.000000000000000,0.000000000000000,1.000000000000000,1.000000000000000,1.000000000000000,0.000000000000000,2.000000000000000,3.000000000000000,3.000000000000000,0.000000000000000,0.000000000000000,0.000000000000000,-50.000000000000000,-100.000000000000000,0.000000000000000,0.000000000000000,0.000000000000000,50.000000000000000,0.000000000000000,0.000000000000000,0.000000000000000,0.000000000000000,0.000000000000000,0.000000000000000,1.000000000000000,1.000000000000000,1.000000000000000,0.000000000000000,0.000000000000000,0.000000000000000,0.000000000000000,0.000000000000000,0.000000000000000,0.000000000000000,0.000000000000000,0.000000000000000,0.000000000000000,0.000000000000000,0.000000000000000,0.000000000000000,0.000000000000000,0.000000000000000,0.000000000000000,0.000000000000000,3.000000000000000,4.000000000000000,0.000000000000000,0.000000000000000,5.000000000000000,11.000000000000000
,141322.000000000000000,141321.000000000000000,141322.000000000000000,1.000000000000000,1.000000000000000,0.000000000000000,0.000000000000000,0.000000000000000,0.000000000000000,0.000000000000000,0.000000000000000,0.000000000000000,0.000000000000000,0.000000000000000,0.000000000000000,0.000000000000000,0.000000000000000,0.000000000000000,0.918273646000000,0.000000000000000,0.000000000000000,0.000000000000000,0.000000000000000,202.000000000000000,220.000000000000000,6176100.000000000000000,2031500.000000000000000,37.566556460000001,-121.830353800000000,0.000000000000000,0.000000000000000,-11.000000000000000,64.000000000000000,0.000000000000000,0.000000000000000,0.000000000000000,0.000000000000000,0.000000000000000,0.000000000000000,0.000000000000000,0.000000000000000,0.000000000000000,4.000000000000000,144.000000000000000,0.000000000000000,0.000000000000000,1.000000000000000,29.175500899999999,13.466600400000001,0.000000000000000,0.000000000000000,0.000000000000000,0.000000000000000,2.000000000000000,0.000000000000000,0.000000000000000,0.000000000000000,0.000000000000000,0.000000000000000,0.000000000000000,0.160000000000000,44.000000000000000,0.000000000000000,1.104000000000000,0.000000000000000,18.000000000000000,3.000000000000000,0.000000000000000,0.000000000000000,0.000000000000000,0.000000000000000,0.000000000000000,0.000000000000000,0.000000000000000,0.000000000000000,0.000000000000000,0.000000000000000,0.000000000000000,3.124130000000000,3.019779900000000,2.720220100000000,1.151270000000000,0.584779000000000,0.102142000000000,0.015033300000000,0.021703400000000,0.166432000000000,0.855314000000000,1.626290000000000,2.513150000000000,0.000000000000000,14.626799600000000,16.517900500000000,18.611700100000000,21.025400200000000,23.680499999999999,26.383800500000000,27.982000400000000,14.195799800000000,27.345699300000000,23.981300399999999,18.434799200000000,14.565899800000000,0.000000000000000,5.066130200000000,6.314879900000000,7.570350200000000,8.607139600000000,10.684499700000000,12.797499699999999,14.056799900000000,14.195799800000000,13.441200300000000,11.024499900000000,7.626999900000000,5.151340000000000,0.000000000000000,0.779382000000000,0.714731000000000,0.749252000000000,0.647647000000000,0.751812000000000,0.798814000000000,1.516560000000000,0.623170000000000,0.787188000000000,0.841737000000000,0.614668000000000,0.696028000000000,1.325020000000000,15.900245670000000,0.043885294000000,3.000000000000000,0.000000000000000,0.000000000000000,1.000000000000000,1.000000000000000,0.000000000000000,0.000000000000000,1.000000000000000,1.000000000000000,0.000000000000000,0.000000000000000,0.000000000000000,0.000000000000000,0.000000000000000,0.000000000000000,0.000000000000000,100.000000000000000,50.000000000000000,0.000000000000000,0.000000000000000,0.000000000000000,0.000000000000000,0.000000000000000,0.000000000000000,0.000000000000000,1.000000000000000,1.000000000000000,0.000000000000000,0.000000000000000,0.000000000000000,0.000000000000000,0.000000000000000,0.000000000000000,0.000000000000000,0.000000000000000,0.000000000000000,0.000000000000000,0.000000000000000,0.000000000000000,0.000000000000000,0.000000000000000,0.000000000000000,0.000000000000000,0.000000000000000,0.000000000000000,5.000000000000000,0.000000000000000,0.000000000000000,5.000000000000000,4.000000000000000
,138450.000000000000000,49876.000000000000000,138450.000000000000000,1.000000000000000,1.000000000000000,0.000000000000000,0.000000000000000,0.000000000000000,0.000000000000000,0.000000000000000,0.000000000000000,0.000000000000000,0.000000000000000,0.000000000000000,0.000000000000000,0.000000000000000,0.000000000000000,0.000000000000000,0.918273646000000,135.000000000000000,0.000000000000000,0.000000000000000,0.000000000000000,198.000000000000000,156.000000000000000,6163300.000000000000000,2032300.000000000000000,37.568245349999998,-121.874553000000010,0.000000000000000,0.000000000000000,196.000000000000000,2.000000000000000,0.000000000000000,0.000000000000000,0.000000000000000,0.000000000000000,0.000000000000000,0.000000000000000,0.000000000000000,0.000000000000000,0.000000000000000,11.000000000000000,144.000000000000000,0.000000000000000,0.000000000000000,3.000000000000000,28.830400500000000,13.831999800000000,0.000000000000000,0.000000000000000,1.000000000000000,0.000000000000000,0.000000000000000,0.000000000000000,0.000000000000000,0.000000000000000,0.000000000000000,0.000000000000000,0.000000000000000,0.020000000000000,0.000000000000000,0.000000000000000,0.000000000000000,0.000000000000000,0.000000000000000,2.000000000000000,0.000000000000000,0.000000000000000,0.000000000000000,0.000000000000000,0.000000000000000,0.000000000000000,0.000000000000000,0.000000000000000,0.000000000000000,0.000000000000000,0.000000000000000,3.029020100000000,3.051670100000000,2.483360100000000,1.154820000000000,0.501615000000000,0.099520500000000,0.017871800000000,0.025374300000000,0.170819000000000,0.788768000000000,1.615039900000000,2.487989900000000,0.000000000000000,14.716500300000000,16.575099900000001,18.597900400000000,20.776699099999998,23.400999100000000,26.115900000000000,27.643899900000001,14.119700399999999,27.141700700000001,23.850000399999999,18.401500700000000,14.661500000000000,0.000000000000000,5.224450100000000,6.467549800000000,7.731130100000000,8.694549600000000,10.682200399999999,12.731900200000000,13.999899900000001,14.119700399999999,13.381099700000000,11.072699500000001,7.713009800000000,5.269460200000000,0.000000000000000,0.755655000000000,0.722279000000000,0.684012000000000,0.649644000000000,0.644894000000000,0.778313000000000,1.802900000000000,0.728573000000000,0.807938000000000,0.776247000000000,0.610416000000000,0.689060000000000,1.285490000000000,15.425868990000000,0.042618748000000,3.000000000000000,1.000000000000000,1.000000000000000,1.000000000000000,1.000000000000000,1.000000000000000,2.000000000000000,3.000000000000000,3.000000000000000,0.000000000000000,0.000000000000000,0.000000000000000,-50.000000000000000,-100.000000000000000,20.000000000000000,0.000000000000000,0.000000000000000,50.000000000000000,0.000000000000000,0.000000000000000,0.000000000000000,0.000000000000000,0.000000000000000,1.000000000000000,1.000000000000000,1.000000000000000,1.000000000000000,0.000000000000000,0.000000000000000,0.000000000000000,0.000000000000000,0.000000000000000,0.000000000000000,0.000000000000000,0.000000000000000,0.000000000000000,0.000000000000000,0.000000000000000,0.000000000000000,0.000000000000000,0.000000000000000,0.000000000000000,0.000000000000000,0.000000000000000,3.000000000000000,4.000000000000000,0.000000000000000,1.000000000000000,5.000000000000000,11.000000000000000
,137777.000000000000000,137776.000000000000000,137777.000000000000000,1.000000000000000,1.000000000000000,0.000000000000000,0.000000000000000,0.000000000000000,0.000000000000000,0.000000000000000,0.000000000000000,0.000000000000000,0.000000000000000,0.000000000000000,0.000000000000000,0.000000000000000,0.000000000000000,0.000000000000000,0.918273646000000,45.000000000000000,0.000000000000000,0.000000000000000,0.000000000000000,197.000000000000000,185.000000000000000,6169100.000000000000000,2032500.000000000000000,37.569026829999999,-121.854553100000000,0.000000000000000,0.000000000000000,191.000000000000000,64.000000000000000,0.000000000000000,0.000000000000000,0.000000000000000,0.000000000000000,0.000000000000000,0.000000000000000,0.000000000000000,0.000000000000000,0.000000000000000,4.000000000000000,144.000000000000000,0.000000000000000,0.000000000000000,1.000000000000000,29.354000100000000,13.634800000000000,0.000000000000000,0.000000000000000,-1.000000000000000,0.000000000000000,2.000000000000000,0.000000000000000,0.000000000000000,0.000000000000000,0.000000000000000,0.000000000000000,0.000000000000000,0.160000000000000,27.700000800000002,0.000000000000000,2.408000000000000,0.000000000000000,18.000000000000000,2.000000000000000,0.000000000000000,0.000000000000000,0.000000000000000,0.000000000000000,0.000000000000000,0.000000000000000,0.000000000000000,0.000000000000000,0.000000000000000,0.000000000000000,0.000000000000000,3.056279900000000,3.030420100000000,2.527380000000000,1.148230000000000,0.519878000000000,0.099797100000000,0.016471600000000,0.023596700000000,0.164309000000000,0.807363000000000,1.623639900000000,2.494900000000000,0.000000000000000,14.714200000000000,16.569099399999999,18.635900500000002,20.812900500000001,23.459999100000001,26.097400700000001,27.631300000000000,14.139300300000000,27.139699900000000,23.876699400000000,18.418300599999998,14.655500399999999,0.000000000000000,5.185070000000000,6.431560000000000,7.705060000000000,8.716939900000000,10.698800100000000,12.752300300000000,14.009300200000000,14.139300300000000,13.389300300000000,11.061300299999999,7.674180000000000,5.229189900000000,0.000000000000000,0.762455000000000,0.717249000000000,0.696137000000000,0.645937000000000,0.668373000000000,0.780476000000000,1.661649900000000,0.677533000000000,0.777147000000000,0.794547000000000,0.613667000000000,0.690974000000000,1.292690000000000,15.512265210000001,0.042844493000000,3.000000000000000,0.000000000000000,0.000000000000000,1.000000000000000,1.000000000000000,0.000000000000000,0.000000000000000,1.000000000000000,1.000000000000000,0.000000000000000,0.000000000000000,0.000000000000000,0.000000000000000,0.000000000000000,0.000000000000000,0.000000000000000,100.000000000000000,50.000000000000000,0.000000000000000,0.000000000000000,0.000000000000000,0.000000000000000,0.000000000000000,0.000000000000000,0.000000000000000,1.000000000000000,1.000000000000000,0.000000000000000,0.000000000000000,0.000000000000000,0.000000000000000,0.000000000000000,0.000000000000000,0.000000000000000,0.000000000000000,0.000000000000000,0.000000000000000,0.000000000000000,0.000000000000000,0.000000000000000,0.000000000000000,0.000000000000000,0.000000000000000,0.000000000000000,0.000000000000000,5.000000000000000,0.000000000000000,0.000000000000000,5.000000000000000,4.000000000000000
,135645.000000000000000,135644.000000000000000,135645.000000000000000,1.000000000000000,1.000000000000000,0.000000000000000,0.000000000000000,0.000000000000000,0.000000000000000,0.000000000000000,0.000000000000000,6264657.000000000000000,0.000000000000000,0.000000000000000,0.000000000000000,0.000000000000000,0.000000000000000,0.000000000000000,0.918273646000000,90.000000000000000,0.000000000000000,0.000000000000000,0.000000000000000,194.000000000000000,159.000000000000000,6163900.000000000000000,2033100.000000000000000,37.570466430000003,-121.872523500000000,0.000000000000000,0.000000000000000,196.000000000000000,16.000000000000000,0.000000000000000,0.000000000000000,0.000000000000000,0.000000000000000,0.000000000000000,0.000000000000000,0.000000000000000,0.000000000000000,0.000000000000000,12.000000000000000,144.000000000000000,0.000000000000000,0.000000000000000,3.000000000000000,28.876400000000000,13.864199599999999,0.000000000000000,0.000000000000000,0.000000000000000,0.000000000000000,0.000000000000000,0.000000000000000,0.000000000000000,0.000000000000000,0.000000000000000,0.000000000000000,0.000000000000000,0.110000000000000,14.100000400000001,0.000000000000000,42.308998099999997,0.000000000000000,0.000000000000000,2.000000000000000,0.000000000000000,0.000000000000000,0.000000000000000,0.000000000000000,0.000000000000000,0.000000000000000,0.000000000000000,0.000000000000000,0.000000000000000,0.000000000000000,0.000000000000000,3.029779900000000,3.048080000000000,2.485019900000000,1.154650000000000,0.503260000000000,0.099393800000000,0.017816100000000,0.025067500000000,0.170097000000000,0.788988000000000,1.616680000000000,2.489870100000000,0.000000000000000,14.712100000000000,16.568800000000000,18.599100100000001,20.769100200000000,23.408199300000000,26.110099800000000,27.637699099999999,14.103799800000001,27.136800800000000,23.843799600000001,18.396699900000002,14.657899900000000,0.000000000000000,5.227220100000000,6.468400000000000,7.724430100000000,8.689510300000000,10.671199800000000,12.715600000000000,13.983799899999999,14.103799800000001,13.363499600000001,11.055500000000000,7.708439800000000,5.269060100000000,0.000000000000000,0.755844000000000,0.721429000000000,0.684469000000000,0.649548000000000,0.647008000000000,0.777322000000000,1.797280000000000,0.719764000000000,0.804523000000000,0.776464000000000,0.611036000000000,0.689581000000000,1.285730000000000,15.428702350000000,0.042625383000000,3.000000000000000,1.000000000000000,1.000000000000000,1.000000000000000,1.000000000000000,1.000000000000000,2.000000000000000,3.000000000000000,3.000000000000000,0.000000000000000,0.000000000000000,0.000000000000000,-50.000000000000000,-100.000000000000000,0.000000000000000,0.000000000000000,0.000000000000000,50.000000000000000,0.000000000000000,0.000000000000000,0.000000000000000,0.000000000000000,0.000000000000000,1.000000000000000,1.000000000000000,1.000000000000000,1.000000000000000,0.000000000000000,0.000000000000000,0.000000000000000,0.000000000000000,0.000000000000000,0.000000000000000,0.000000000000000,0.000000000000000,0.000000000000000,0.000000000000000,0.000000000000000,0.000000000000000,0.000000000000000,0.000000000000000,0.000000000000000,0.000000000000000,0.000000000000000,3.000000000000000,4.000000000000000,0.000000000000000,1.000000000000000,5.000000000000000,12.000000000000000
,135660.000000000000000,135659.000000000000000,135660.000000000000000,1.000000000000000,1.000000000000000,0.000000000000000,0.000000000000000,0.000000000000000,0.000000000000000,0.000000000000000,0.000000000000000,0.000000000000000,0.000000000000000,0.000000000000000,0.000000000000000,0.000000000000000,0.000000000000000,0.000000000000000,0.918273646000000,315.000000000000000,0.000000000000000,0.000000000000000,0.000000000000000,194.000000000000000,174.000000000000000,6166900.000000000000000,2033100.000000000000000,37.570586810000002,-121.862173200000000,0.000000000000000,0.000000000000000,-5.000000000000000,16.000000000000000,0.000000000000000,0.000000000000000,0.000000000000000,0.000000000000000,0.000000000000000,0.000000000000000,0.000000000000000,0.000000000000000,0.000000000000000,12.000000000000000,144.000000000000000,0.000000000000000,0.000000000000000,3.000000000000000,29.297000900000000,13.785800000000000,0.000000000000000,0.000000000000000,-1.000000000000000,0.000000000000000,2.000000000000000,0.000000000000000,0.000000000000000,0.000000000000000,0.000000000000000,0.000000000000000,0.000000000000000,0.000000000000000,0.000000000000000,0.000000000000000,0.000000000000000,0.000000000000000,18.000000000000000,2.000000000000000,0.000000000000000,0.000000000000000,0.000000000000000,0.000000000000000,0.000000000000000,0.000000000000000,0.000000000000000,0.000000000000000,0.000000000000000,0.000000000000000,0.000000000000000,3.040700000000000,3.037030000000000,2.502790000000000,1.150610000000000,0.506611000000000,0.099631300000000,0.017080600000000,0.024138000000000,0.165905000000000,0.796731000000000,1.619830000000000,2.492660000000000,0.000000000000000,14.721599599999999,16.576099400000000,18.624900799999999,20.778400399999999,23.430900600000001,26.092800100000002,27.620899200000000,14.106900200000000,27.129400300000000,23.854499799999999,18.411500900000000,14.662400200000000,0.000000000000000,5.207349800000000,6.450349800000000,7.708270100000000,8.698160200000000,10.675499900000000,12.722200400000000,13.984600100000000,14.106900200000000,13.362600300000000,11.045700099999999,7.683690100000000,5.247119900000000,0.000000000000000,0.758569000000000,0.718813000000000,0.689364000000000,0.647276000000000,0.651317000000000,0.779179000000000,1.723090100000000,0.693075000000000,0.784695000000000,0.784084000000000,0.612227000000000,0.690354000000000,1.287810000000000,15.453718190000000,0.042689011000000,3.000000000000000,0.000000000000000,1.000000000000000,1.000000000000000,1.000000000000000,0.000000000000000,2.000000000000000,3.000000000000000,3.000000000000000,0.000000000000000,0.000000000000000,0.000000000000000,-50.000000000000000,-100.000000000000000,0.000000000000000,0.000000000000000,0.000000000000000,50.000000000000000,0.000000000000000,0.000000000000000,0.000000000000000,0.000000000000000,0.000000000000000,0.000000000000000,1.000000000000000,1.000000000000000,1.000000000000000,0.000000000000000,0.000000000000000,0.000000000000000,0.000000000000000,0.000000000000000,0.000000000000000,0.000000000000000,0.000000000000000,0.000000000000000,0.000000000000000,0.000000000000000,0.000000000000000,0.000000000000000,0.000000000000000,0.000000000000000,0.000000000000000,0.000000000000000,3.000000000000000,4.000000000000000,0.000000000000000,0.000000000000000,5.000000000000000,12.000000000000000
,133534.000000000000000,133533.000000000000000,133534.000000000000000,1.000000000000000,1.000000000000000,0.000000000000000,0.000000000000000,0.000000000000000,0.000000000000000,0.000000000000000,0.000000000000000,0.000000000000000,0.000000000000000,0.000000000000000,0.000000000000000,0.000000000000000,0.000000000000000,0.000000000000000,0.918273646000000,180.000000000000000,0.000000000000000,0.000000000000000,0.000000000000000,191.000000000000000,154.000000000000000,6162900.000000000000000,2033700.000000000000000,37.572073779999997,-121.876003999999990,0.000000000000000,0.000000000000000,-4.000000000000000,8.000000000000000,0.000000000000000,0.000000000000000,0.000000000000000,0.000000000000000,0.000000000000000,0.000000000000000,0.000000000000000,0.000000000000000,0.000000000000000,12.000000000000000,144.000000000000000,0.000000000000000,0.000000000000000,3.000000000000000,28.722999600000001,13.861100199999999,0.000000000000000,0.000000000000000,0.000000000000000,0.000000000000000,0.000000000000000,0.000000000000000,0.000000000000000,0.000000000000000,0.000000000000000,0.000000000000000,0.000000000000000,0.020000000000000,0.000000000000000,0.000000000000000,0.000000000000000,0.000000000000000,0.000000000000000,2.000000000000000,0.000000000000000,0.000000000000000,0.000000000000000,0.000000000000000,0.000000000000000,0.000000000000000,0.000000000000000,0.000000000000000,0.000000000000000,0.000000000000000,0.000000000000000,3.027829900000000,3.050669900000000,2.481270100000000,1.157789900000000,0.502726000000000,0.099218500000000,0.018122400000000,0.025296100000000,0.171381000000000,0.785762000000000,1.617280000000000,2.492100000000000,0.000000000000000,14.698100100000000,16.552299500000000,18.575500500000000,20.772399900000000,23.395000499999998,26.101400399999999,27.631900800000000,14.099100099999999,27.128900500000000,23.842800100000002,18.379499400000000,14.647500000000001,0.000000000000000,5.238470100000000,6.477839900000000,7.731989900000000,8.685700400000000,10.666199700000000,12.711199799999999,13.974499700000001,14.099100099999999,13.356599800000000,11.051600499999999,7.706699800000000,5.268740200000000,0.000000000000000,0.755358000000000,0.722042000000000,0.683436000000000,0.651315000000000,0.646322000000000,0.775951000000000,1.828180000000000,0.726328000000000,0.810596000000000,0.773289000000000,0.611263000000000,0.690199000000000,1.285790000000000,15.429445270000000,0.042628568000000,3.000000000000000,1.000000000000000,1.000000000000000,1.000000000000000,1.000000000000000,1.000000000000000,2.000000000000000,3.000000000000000,3.000000000000000,0.000000000000000,0.000000000000000,0.000000000000000,-50.000000000000000,-100.000000000000000,15.000000000000000,0.000000000000000,0.000000000000000,50.000000000000000,0.000000000000000,0.000000000000000,0.000000000000000,0.000000000000000,0.000000000000000,1.000000000000000,1.000000000000000,1.000000000000000,1.000000000000000,0.000000000000000,0.000000000000000,0.000000000000000,0.000000000000000,0.000000000000000,0.000000000000000,0.000000000000000,0.000000000000000,0.000000000000000,0.000000000000000,0.000000000000000,0.000000000000000,0.000000000000000,0.000000000000000,0.000000000000000,0.000000000000000,0.000000000000000,3.000000000000000,4.000000000000000,0.000000000000000,1.000000000000000,5.000000000000000,12.000000000000000
,132818.000000000000000,132817.000000000000000,132818.000000000000000,1.000000000000000,1.000000000000000,0.000000000000000,0.000000000000000,0.000000000000000,0.000000000000000,0.000000000000000,0.000000000000000,0.000000000000000,0.000000000000000,0.000000000000000,0.000000000000000,0.000000000000000,0.000000000000000,0.000000000000000,0.918273646000000,90.000000000000000,0.000000000000000,0.000000000000000,0.000000000000000,190.000000000000000,140.000000000000000,6160100.000000000000000,2033900.000000000000000,37.572509539999999,-121.885674600000000,0.000000000000000,0.000000000000000,199.000000000000000,1.000000000000000,0.000000000000000,0.000000000000000,0.000000000000000,0.000000000000000,0.000000000000000,0.000000000000000,0.000000000000000,0.000000000000000,0.000000000000000,12.000000000000000,144.000000000000000,0.000000000000000,0.000000000000000,5.000000000000000,28.524099300000000,13.751099600000000,0.000000000000000,0.000000000000000,0.000000000000000,0.000000000000000,3.000000000000000,0.000000000000000,0.000000000000000,0.000000000000000,0.000000000000000,0.000000000000000,0.000000000000000,0.160000000000000,37.700000799999998,0.000000000000000,0.910000000000000,0.000000000000000,28.000000000000000,2.000000000000000,0.000000000000000,0.000000000000000,0.000000000000000,0.000000000000000,0.000000000000000,0.000000000000000,0.000000000000000,0.000000000000000,0.000000000000000,0.000000000000000,0.000000000000000,3.025300000000000,3.065030100000000,2.473210100000000,1.170440000000000,0.498096000000000,0.099203500000000,0.018789300000000,0.026213300000000,0.174258000000000,0.779060000000000,1.619990000000000,2.496470000000000,0.000000000000000,14.660599700000001,16.509700800000001,18.529399900000001,20.777999900000001,23.347200399999998,26.084600399999999,27.616100299999999,14.105500200000000,27.113399500000000,23.856599800000001,18.334299099999999,14.623499900000001,0.000000000000000,5.270579800000000,6.505950000000000,7.751649900000000,8.700690300000000,10.669699700000001,12.716799699999999,13.984000200000001,14.105500200000000,13.335800200000000,11.083499900000000,7.714399800000000,5.283309900000000,0.000000000000000,0.754727000000000,0.725441000000000,0.681216000000000,0.658431000000000,0.640369000000000,0.775833000000000,1.895460000000000,0.752663000000000,0.824203000000000,0.766693000000000,0.612287000000000,0.691409000000000,1.287170000000000,15.446062090000000,0.042678993000000,3.000000000000000,0.000000000000000,1.000000000000000,1.000000000000000,1.000000000000000,0.000000000000000,2.000000000000000,3.000000000000000,3.000000000000000,0.000000000000000,0.000000000000000,0.000000000000000,-50.000000000000000,-100.000000000000000,0.000000000000000,0.000000000000000,0.000000000000000,50.000000000000000,0.000000000000000,0.000000000000000,0.000000000000000,0.000000000000000,0.000000000000000,0.000000000000000,1.000000000000000,1.000000000000000,1.000000000000000,0.000000000000000,0.000000000000000,0.000000000000000,0.000000000000000,0.000000000000000,0.000000000000000,0.000000000000000,0.000000000000000,0.000000000000000,0.000000000000000,0.000000000000000,0.000000000000000,0.000000000000000,0.000000000000000,0.000000000000000,0.000000000000000,0.000000000000000,3.000000000000000,4.000000000000000,0.000000000000000,0.000000000000000,5.000000000000000,12.000000000000000
,130731.000000000000000,130730.000000000000000,130731.000000000000000,1.000000000000000,1.000000000000000,0.000000000000000,0.000000000000000,0.000000000000000,0.000000000000000,0.000000000000000,0.000000000000000,9207500.000000000000000,0.000000000000000,0.000000000000000,0.000000000000000,0.000000000000000,0.000000000000000,0.000000000000000,0.918273646000000,0.000000000000000,0.000000000000000,0.000000000000000,0.000000000000000,187.000000000000000,159.000000000000000,6163900.000000000000000,2034500.000000000000000,37.574311010000002,-121.872594300000000,0.000000000000000,0.000000000000000,194.000000000000000,64.000000000000000,0.000000000000000,0.000000000000000,0.000000000000000,0.000000000000000,0.000000000000000,0.000000000000000,0.000000000000000,0.000000000000000,0.000000000000000,12.000000000000000,144.000000000000000,0.000000000000000,0.000000000000000,3.000000000000000,28.822500200000000,13.897299800000001,0.000000000000000,0.000000000000000,0.000000000000000,0.000000000000000,0.000000000000000,0.000000000000000,0.000000000000000,0.000000000000000,0.000000000000000,0.000000000000000,0.000000000000000,0.110000000000000,14.100000400000001,0.000000000000000,42.308998099999997,0.000000000000000,0.000000000000000,2.000000000000000,0.000000000000000,0.000000000000000,0.000000000000000,0.000000000000000,0.000000000000000,0.000000000000000,0.000000000000000,0.000000000000000,0.000000000000000,0.000000000000000,0.000000000000000,3.029530000000000,3.045769900000000,2.485460000000000,1.155670000000000,0.504557000000000,0.099132400000000,0.017949400000000,0.024797300000000,0.169705000000000,0.786988000000000,1.619010000000000,2.494230000000000,0.000000000000000,14.697500200000000,16.551000599999998,18.582799900000001,20.766199100000001,23.408500700000001,26.091499299999999,27.620599700000000,14.081399899999999,27.119800600000001,23.838600199999998,18.379999200000000,14.645999900000000,0.000000000000000,5.235030200000000,6.473139800000000,7.716849800000000,8.676469800000000,10.650600400000000,12.690699600000000,13.956100500000000,14.081399899999999,13.338600200000000,11.028599699999999,7.698190200000000,5.265230200000000,0.000000000000000,0.755782000000000,0.720882000000000,0.684590000000000,0.650122000000000,0.648676000000000,0.775277000000000,1.810730000000000,0.712005000000000,0.802669000000000,0.774495000000000,0.611917000000000,0.690789000000000,1.286070000000000,15.432800289999999,0.042635977000000,3.000000000000000,1.000000000000000,1.000000000000000,1.000000000000000,1.000000000000000,1.000000000000000,2.000000000000000,3.000000000000000,3.000000000000000,0.000000000000000,0.000000000000000,0.000000000000000,-50.000000000000000,-100.000000000000000,14.000000000000000,0.000000000000000,0.000000000000000,50.000000000000000,0.000000000000000,0.000000000000000,0.000000000000000,0.000000000000000,0.000000000000000,1.000000000000000,1.000000000000000,1.000000000000000,1.000000000000000,0.000000000000000,0.000000000000000,0.000000000000000,0.000000000000000,0.000000000000000,0.000000000000000,0.000000000000000,0.000000000000000,0.000000000000000,0.000000000000000,0.000000000000000,0.000000000000000,0.000000000000000,0.000000000000000,0.000000000000000,0.000000000000000,0.000000000000000,3.000000000000000,4.000000000000000,0.000000000000000,1.000000000000000,5.000000000000000,12.000000000000000
,130025.000000000000000,130024.000000000000000,130025.000000000000000,1.000000000000000,1.000000000000000,0.000000000000000,0.000000000000000,0.000000000000000,0.000000000000000,0.000000000000000,0.000000000000000,0.000000000000000,3.000000000000000,0.000000000000000,0.000000000000000,0.000000000000000,0.000000000000000,0.000000000000000,0.918273646000000,0.000000000000000,0.000000000000000,0.000000000000000,0.000000000000000,186.000000000000000,155.000000000000000,6163100.000000000000000,2034700.000000000000000,37.574827970000001,-121.875364700000010,0.000000000000000,0.000000000000000,187.000000000000000,128.000000000000000,0.000000000000000,0.000000000000000,0.000000000000000,0.000000000000000,0.000000000000000,0.000000000000000,0.000000000000000,0.000000000000000,0.000000000000000,12.000000000000000,144.000000000000000,0.000000000000000,0.000000000000000,5.000000000000000,28.709199900000002,13.891099900000000,0.000000000000000,0.000000000000000,0.000000000000000,0.000000000000000,0.000000000000000,0.000000000000000,0.000000000000000,0.000000000000000,0.000000000000000,0.000000000000000,0.000000000000000,0.110000000000000,14.100000400000001,0.000000000000000,42.308998099999997,0.000000000000000,0.000000000000000,2.000000000000000,0.000000000000000,0.000000000000000,0.000000000000000,0.000000000000000,0.000000000000000,0.000000000000000,0.000000000000000,0.000000000000000,0.000000000000000,0.000000000000000,0.000000000000000,3.028389900000000,3.047679900000000,2.482960000000000,1.157940000000000,0.503662000000000,0.098996600000000,0.018170100000000,0.025011400000000,0.170735000000000,0.784774000000000,1.619320000000000,2.495549900000000,0.000000000000000,14.686499599999999,16.537599600000000,18.566400500000000,20.766799899999999,23.396999399999999,26.090499900000001,27.621299700000002,14.082400300000000,27.118999500000001,23.835399599999999,18.366199500000000,14.637800199999999,0.000000000000000,5.246449900000000,6.483210100000000,7.727449900000000,8.679980300000000,10.653400400000001,12.693499600000001,13.955200200000000,14.082400300000000,13.336799600000001,11.033599900000000,7.701170000000000,5.267809900000000,0.000000000000000,0.755498000000000,0.721334000000000,0.683902000000000,0.651399000000000,0.647525000000000,0.774215000000000,1.832999900000000,0.718153000000000,0.807540000000000,0.772317000000000,0.612034000000000,0.691154000000000,1.286100000000000,15.433188440000000,0.042637881000000,3.000000000000000,1.000000000000000,1.000000000000000,1.000000000000000,1.000000000000000,1.000000000000000,2.000000000000000,3.000000000000000,3.000000000000000,0.000000000000000,0.000000000000000,0.000000000000000,-50.000000000000000,-100.000000000000000,0.000000000000000,0.000000000000000,0.000000000000000,50.000000000000000,0.000000000000000,0.000000000000000,0.000000000000000,0.000000000000000,0.000000000000000,1.000000000000000,1.000000000000000,1.000000000000000,1.000000000000000,0.000000000000000,0.000000000000000,0.000000000000000,0.000000000000000,0.000000000000000,0.000000000000000,0.000000000000000,0.000000000000000,0.000000000000000,0.000000000000000,0.000000000000000,0.000000000000000,0.000000000000000,0.000000000000000,0.000000000000000,0.000000000000000,0.000000000000000,3.000000000000000,4.000000000000000,0.000000000000000,1.000000000000000,5.000000000000000,12.000000000000000
,129331.000000000000000,129330.000000000000000,129331.000000000000000,1.000000000000000,1.000000000000000,0.000000000000000,0.000000000000000,0.000000000000000,0.000000000000000,0.000000000000000,0.000000000000000,0.000000000000000,2.000000000000000,0.000000000000000,0.000000000000000,0.000000000000000,0.000000000000000,0.000000000000000,0.918273646000000,180.000000000000000,0.000000000000000,0.000000000000000,0.000000000000000,185.000000000000000,163.000000000000000,6164700.000000000000000,2034900.000000000000000,37.575441650000002,-121.869854300000000,0.000000000000000,0.000000000000000,-7.000000000000000,32.000000000000000,0.000000000000000,0.000000000000000,0.000000000000000,0.000000000000000,0.000000000000000,0.000000000000000,0.000000000000000,0.000000000000000,0.000000000000000,12.000000000000000,-7.000000000000000,0.000000000000000,0.000000000000000,5.000000000000000,28.913099299999999,13.917100000000000,0.000000000000000,0.000000000000000,0.000000000000000,0.000000000000000,0.000000000000000,0.000000000000000,0.000000000000000,0.000000000000000,0.000000000000000,0.000000000000000,0.000000000000000,0.110000000000000,14.100000400000001,0.000000000000000,42.308998099999997,0.000000000000000,0.000000000000000,2.000000000000000,0.000000000000000,0.000000000000000,0.000000000000000,0.000000000000000,0.000000000000000,0.000000000000000,0.000000000000000,0.000000000000000,0.000000000000000,0.000000000000000,0.000000000000000,3.031740000000000,3.042439900000000,2.489729900000000,1.154670000000000,0.505623000000000,0.099214300000000,0.017785100000000,0.024543700000000,0.168265000000000,0.788469000000000,1.620080000000000,2.495719900000000,0.000000000000000,14.702899900000000,16.557399700000001,18.592399600000000,20.764799100000001,23.420200300000001,26.084199900000002,27.612100600000002,14.070599600000000,27.112800600000000,23.840400700000000,18.387300499999998,14.649600000000000,0.000000000000000,5.226150000000000,6.464399800000000,7.702400200000000,8.666569700000000,10.638400100000000,12.677100200000000,13.944999700000000,14.070599600000000,13.329999900000001,11.011599500000001,7.690360100000000,5.260590100000000,0.000000000000000,0.756333000000000,0.720094000000000,0.685766000000000,0.649560000000000,0.650046000000000,0.775918000000000,1.794160000000000,0.704724000000000,0.795858000000000,0.775953000000000,0.612321000000000,0.691201000000000,1.286520000000000,15.438280109999999,0.042649631000000,3.000000000000000,1.000000000000000,1.000000000000000,1.000000000000000,1.000000000000000,1.000000000000000,2.000000000000000,3.000000000000000,3.000000000000000,0.000000000000000,0.000000000000000,0.000000000000000,-50.000000000000000,-100.000000000000000,15.000000000000000,0.000000000000000,0.000000000000000,50.000000000000000,0.000000000000000,0.000000000000000,0.000000000000000,0.000000000000000,0.000000000000000,1.000000000000000,1.000000000000000,1.000000000000000,1.000000000000000,0.000000000000000,0.000000000000000,0.000000000000000,0.000000000000000,0.000000000000000,0.000000000000000,0.000000000000000,0.000000000000000,0.000000000000000,0.000000000000000,0.000000000000000,0.000000000000000,0.000000000000000,0.000000000000000,0.000000000000000,0.000000000000000,0.000000000000000,3.000000000000000,4.000000000000000,0.000000000000000,1.000000000000000,5.000000000000000,12.000000000000000
,128624.000000000000000,128623.000000000000000,128624.000000000000000,1.000000000000000,1.000000000000000,0.000000000000000,0.000000000000000,0.000000000000000,0.000000000000000,0.000000000000000,0.000000000000000,9110125.000000000000000,0.000000000000000,0.000000000000000,0.000000000000000,0.000000000000000,0.000000000000000,0.000000000000000,0.918273646000000,180.000000000000000,0.000000000000000,0.000000000000000,0.000000000000000,184.000000000000000,158.000000000000000,6163700.000000000000000,2035100.000000000000000,37.575950620000000,-121.873314800000000,0.000000000000000,0.000000000000000,-7.000000000000000,1.000000000000000,0.000000000000000,0.000000000000000,0.000000000000000,0.000000000000000,0.000000000000000,0.000000000000000,0.000000000000000,0.000000000000000,0.000000000000000,12.000000000000000,-7.000000000000000,0.000000000000000,0.000000000000000,5.000000000000000,28.785400400000000,13.905500399999999,0.000000000000000,0.000000000000000,0.000000000000000,0.000000000000000,0.000000000000000,0.000000000000000,0.000000000000000,0.000000000000000,0.000000000000000,0.000000000000000,0.000000000000000,0.110000000000000,14.100000400000001,0.000000000000000,42.308998099999997,0.000000000000000,0.000000000000000,2.000000000000000,0.000000000000000,0.000000000000000,0.000000000000000,0.000000000000000,0.000000000000000,0.000000000000000,0.000000000000000,0.000000000000000,0.000000000000000,0.000000000000000,0.000000000000000,3.029150000000000,3.045300000000000,2.485039900000000,1.156580000000000,0.504836000000000,0.098986800000000,0.018056700000000,0.024737700000000,0.169805000000000,0.785642000000000,1.620030000000000,2.496300000000000,0.000000000000000,14.688799899999999,16.540300400000000,18.572200800000001,20.764900200000000,23.405599599999999,26.084199900000002,27.614200600000000,14.072799699999999,27.113100100000000,23.835399599999999,18.369699499999999,14.639100100000000,0.000000000000000,5.241350200000000,6.477860000000000,7.716829800000000,8.672610300000001,10.643500299999999,12.681799900000000,13.945099799999999,14.072799699999999,13.328300499999999,11.019499800000000,7.695139900000000,5.264579800000000,0.000000000000000,0.755687000000000,0.720771000000000,0.684475000000000,0.650634000000000,0.649035000000000,0.774139000000000,1.821560000000000,0.710294000000000,0.803142000000000,0.773171000000000,0.612302000000000,0.691362000000000,1.286210000000000,15.434463500000000,0.042640489000000,3.000000000000000,1.000000000000000,1.000000000000000,1.000000000000000,1.000000000000000,1.000000000000000,2.000000000000000,3.000000000000000,3.000000000000000,255.000000000000000,0.000000000000000,0.000000000000000,-50.000000000000000,-100.000000000000000,0.000000000000000,0.000000000000000,0.000000000000000,50.000000000000000,0.000000000000000,0.000000000000000,0.000000000000000,0.000000000000000,0.000000000000000,1.000000000000000,1.000000000000000,1.000000000000000,1.000000000000000,0.000000000000000,0.000000000000000,0.000000000000000,0.000000000000000,0.000000000000000,0.000000000000000,0.000000000000000,0.000000000000000,0.000000000000000,0.000000000000000,0.000000000000000,0.000000000000000,0.000000000000000,0.000000000000000,0.000000000000000,0.000000000000000,0.000000000000000,3.000000000000000,4.000000000000000,0.000000000000000,1.000000000000000,5.000000000000000,12.000000000000000
,127943.000000000000000,127942.000000000000000,127943.000000000000000,1.000000000000000,1.000000000000000,0.000000000000000,0.000000000000000,0.000000000000000,0.000000000000000,0.000000000000000,0.000000000000000,0.000000000000000,0.000000000000000,0.000000000000000,0.000000000000000,0.000000000000000,0.000000000000000,0.000000000000000,0.918273646000000,45.000000000000000,0.000000000000000,0.000000000000000,0.000000000000000,183.000000000000000,179.000000000000000,6167900.000000000000000,2035300.000000000000000,37.576668220000002,-121.858833399999990,0.000000000000000,0.000000000000000,182.000000000000000,64.000000000000000,0.000000000000000,0.000000000000000,0.000000000000000,0.000000000000000,0.000000000000000,0.000000000000000,0.000000000000000,0.000000000000000,0.000000000000000,12.000000000000000,144.000000000000000,0.000000000000000,0.000000000000000,1.000000000000000,29.627199200000000,13.796799699999999,0.000000000000000,0.000000000000000,-1.000000000000000,0.000000000000000,3.000000000000000,0.000000000000000,0.000000000000000,0.000000000000000,0.000000000000000,0.000000000000000,0.000000000000000,0.160000000000000,22.100000399999999,0.000000000000000,9.000000000000000,0.000000000000000,28.000000000000000,2.000000000000000,0.000000000000000,0.000000000000000,0.000000000000000,0.000000000000000,0.000000000000000,0.000000000000000,0.000000000000000,0.000000000000000,0.000000000000000,0.000000000000000,0.000000000000000,3.042550100000000,3.029930100000000,2.510440100000000,1.150140000000000,0.513835000000000,0.099863900000000,0.017051000000000,0.023762100000000,0.163622000000000,0.797217000000000,1.622770000000000,2.496769900000000,0.000000000000000,14.724900200000000,16.582099899999999,18.606599800000001,20.781499900000000,23.437299700000001,26.086700400000002,27.616500899999998,14.055299800000000,27.118600799999999,23.860399200000000,18.414899800000001,14.666600200000000,0.000000000000000,5.196660000000000,6.437160000000000,7.677690000000000,8.668339700000001,10.644200300000000,12.693200100000000,13.936699900000001,14.055299800000000,13.316499700000000,11.006199799999999,7.656779800000000,5.231100100000000,0.000000000000000,0.759030000000000,0.717133000000000,0.691471000000000,0.647011000000000,0.660604000000000,0.780998000000000,1.720100000000000,0.682282000000000,0.773897000000000,0.784562000000000,0.613338000000000,0.691492000000000,1.289000000000000,15.467950820000000,0.042725269000000,3.000000000000000,1.000000000000000,1.000000000000000,1.000000000000000,1.000000000000000,1.000000000000000,2.000000000000000,3.000000000000000,3.000000000000000,0.000000000000000,0.000000000000000,0.000000000000000,-50.000000000000000,-100.000000000000000,20.000000000000000,0.000000000000000,0.000000000000000,50.000000000000000,0.000000000000000,0.000000000000000,0.000000000000000,0.000000000000000,0.000000000000000,1.000000000000000,1.000000000000000,1.000000000000000,1.000000000000000,0.000000000000000,0.000000000000000,0.000000000000000,0.000000000000000,0.000000000000000,0.000000000000000,0.000000000000000,0.000000000000000,0.000000000000000,0.000000000000000,0.000000000000000,0.000000000000000,0.000000000000000,0.000000000000000,0.000000000000000,0.000000000000000,0.000000000000000,3.000000000000000,4.000000000000000,0.000000000000000,1.000000000000000,5.000000000000000,12.000000000000000
,126507.000000000000000,126506.000000000000000,126507.000000000000000,1.000000000000000,1.000000000000000,0.000000000000000,0.000000000000000,0.000000000000000,0.000000000000000,0.000000000000000,0.000000000000000,0.000000000000000,0.000000000000000,0.000000000000000,0.000000000000000,0.000000000000000,0.000000000000000,0.000000000000000,0.918273646000000,0.000000000000000,0.000000000000000,0.000000000000000,0.000000000000000,181.000000000000000,147.000000000000000,6161500.000000000000000,2035700.000000000000000,37.577509390000003,-121.880936100000000,0.000000000000000,0.000000000000000,175.000000000000000,64.000000000000000,0.000000000000000,0.000000000000000,0.000000000000000,0.000000000000000,0.000000000000000,0.000000000000000,0.000000000000000,0.000000000000000,0.000000000000000,12.000000000000000,144.000000000000000,0.000000000000000,0.000000000000000,5.000000000000000,28.524000200000000,13.874600400000000,0.000000000000000,0.000000000000000,0.000000000000000,0.000000000000000,4.000000000000000,0.000000000000000,0.000000000000000,0.000000000000000,0.000000000000000,0.000000000000000,0.000000000000000,0.180000000000000,27.700000800000002,0.000000000000000,2.700000000000000,0.000000000000000,36.000000000000000,2.000000000000000,0.000000000000000,0.000000000000000,0.000000000000000,0.000000000000000,0.000000000000000,0.000000000000000,0.000000000000000,0.000000000000000,0.000000000000000,0.000000000000000,0.000000000000000,3.027220000000000,3.048540100000000,2.480030100000000,1.163000000000000,0.501748000000000,0.098485400000000,0.018677700000000,0.025272800000000,0.172384000000000,0.779398000000000,1.621830000000000,2.501319900000000,0.000000000000000,14.650799800000000,16.493700000000000,18.525100699999999,20.760200500000000,23.371500000000001,26.086000400000000,27.619800600000001,14.075300199999999,27.115600600000000,23.819500000000001,18.322799700000001,14.610500300000000,0.000000000000000,5.281920000000000,6.513340000000000,7.751279800000000,8.691149700000000,10.655900000000001,12.689999600000000,13.944800400000000,14.075300199999999,13.316700000000001,11.039899800000001,7.709380100000000,5.277689900000000,0.000000000000000,0.755206000000000,0.721538000000000,0.683095000000000,0.654246000000000,0.645065000000000,0.770218000000000,1.884200000000000,0.725659000000000,0.815340000000000,0.767026000000000,0.612983000000000,0.692752000000000,1.286490000000000,15.437905310000000,0.042651594000000,3.000000000000000,1.000000000000000,1.000000000000000,1.000000000000000,1.000000000000000,1.000000000000000,2.000000000000000,3.000000000000000,3.000000000000000,0.000000000000000,0.000000000000000,0.000000000000000,-50.000000000000000,-100.000000000000000,11.000000000000000,0.000000000000000,0.000000000000000,50.000000000000000,0.000000000000000,0.000000000000000,0.000000000000000,0.000000000000000,0.000000000000000,1.000000000000000,1.000000000000000,1.000000000000000,1.000000000000000,0.000000000000000,0.000000000000000,0.000000000000000,0.000000000000000,0.000000000000000,0.000000000000000,0.000000000000000,0.000000000000000,0.000000000000000,0.000000000000000,0.000000000000000,0.000000000000000,0.000000000000000,0.000000000000000,0.000000000000000,0.000000000000000,0.000000000000000,3.000000000000000,4.000000000000000,0.000000000000000,1.000000000000000,5.000000000000000,12.000000000000000
,126521.000000000000000,126520.000000000000000,126521.000000000000000,1.000000000000000,1.000000000000000,0.000000000000000,0.000000000000000,0.000000000000000,0.000000000000000,0.000000000000000,0.000000000000000,0.000000000000000,0.000000000000000,0.000000000000000,0.000000000000000,0.000000000000000,0.000000000000000,0.000000000000000,0.918273646000000,45.000000000000000,0.000000000000000,0.000000000000000,0.000000000000000,181.000000000000000,161.000000000000000,6164300.000000000000000,2035700.000000000000000,37.577622460000001,-121.871274900000000,0.000000000000000,0.000000000000000,-9.000000000000000,32.000000000000000,0.000000000000000,0.000000000000000,0.000000000000000,0.000000000000000,0.000000000000000,0.000000000000000,0.000000000000000,0.000000000000000,0.000000000000000,12.000000000000000,144.000000000000000,0.000000000000000,0.000000000000000,5.000000000000000,28.895799600000000,13.911600099999999,0.000000000000000,0.000000000000000,-1.000000000000000,0.000000000000000,0.000000000000000,0.000000000000000,0.000000000000000,0.000000000000000,0.000000000000000,0.000000000000000,0.000000000000000,0.160000000000000,22.100000399999999,0.000000000000000,9.000000000000000,0.000000000000000,0.000000000000000,2.000000000000000,0.000000000000000,0.000000000000000,0.000000000000000,0.000000000000000,0.000000000000000,0.000000000000000,0.000000000000000,0.000000000000000,0.000000000000000,0.000000000000000,0.000000000000000,3.030390000000000,3.042500000000000,2.487920000000000,1.155820000000000,0.506030000000000,0.099004700000000,0.017960200000000,0.024491700000000,0.168651000000000,0.786322000000000,1.621140000000000,2.498029900000000,0.000000000000000,14.690899800000000,16.542999300000002,18.576299700000000,20.764499699999998,23.414899800000001,26.073900200000001,27.603300099999998,14.059900300000001,27.103399300000000,23.837299300000002,18.373100300000001,14.640199700000000,0.000000000000000,5.234550000000000,6.470729800000000,7.703129800000000,8.660759900000000,10.628899600000000,12.665900199999999,13.930600200000001,14.059900300000001,13.317099600000001,11.000000000000000,7.686160100000000,5.259419900000000,0.000000000000000,0.755997000000000,0.720108000000000,0.685268000000000,0.650207000000000,0.650570000000000,0.774279000000000,1.811820000000000,0.703231000000000,0.797683000000000,0.773840000000000,0.612722000000000,0.691841000000000,1.286520000000000,15.438259120000000,0.042649809000000,3.000000000000000,0.000000000000000,1.000000000000000,1.000000000000000,1.000000000000000,0.000000000000000,2.000000000000000,3.000000000000000,3.000000000000000,255.000000000000000,255.000000000000000,0.000000000000000,-50.000000000000000,-100.000000000000000,0.000000000000000,0.000000000000000,0.000000000000000,50.000000000000000,0.000000000000000,0.000000000000000,0.000000000000000,0.000000000000000,0.000000000000000,0.000000000000000,1.000000000000000,1.000000000000000,1.000000000000000,0.000000000000000,0.000000000000000,0.000000000000000,0.000000000000000,0.000000000000000,0.000000000000000,0.000000000000000,0.000000000000000,0.000000000000000,0.000000000000000,0.000000000000000,0.000000000000000,0.000000000000000,0.000000000000000,0.000000000000000,0.000000000000000,0.000000000000000,3.000000000000000,4.000000000000000,0.000000000000000,0.000000000000000,5.000000000000000,12.000000000000000
,125108.000000000000000,125107.000000000000000,125108.000000000000000,1.000000000000000,1.000000000000000,0.000000000000000,0.000000000000000,0.000000000000000,0.000000000000000,0.000000000000000,0.000000000000000,0.000000000000000,0.000000000000000,0.000000000000000,0.000000000000000,0.000000000000000,0.000000000000000,0.000000000000000,0.918273646000000,270.000000000000000,0.000000000000000,0.000000000000000,0.000000000000000,179.000000000000000,152.000000000000000,6162500.000000000000000,2036100.000000000000000,37.578648309999998,-121.877506000000000,0.000000000000000,0.000000000000000,175.000000000000000,4.000000000000000,0.000000000000000,0.000000000000000,0.000000000000000,0.000000000000000,0.000000000000000,0.000000000000000,0.000000000000000,0.000000000000000,0.000000000000000,12.000000000000000,144.000000000000000,0.000000000000000,0.000000000000000,5.000000000000000,28.669200900000000,13.893799800000000,0.000000000000000,0.000000000000000,0.000000000000000,0.000000000000000,3.000000000000000,0.000000000000000,0.000000000000000,0.000000000000000,0.000000000000000,0.000000000000000,0.000000000000000,0.000000000000000,0.000000000000000,0.000000000000000,423.000000000000000,0.000000000000000,28.000000000000000,2.000000000000000,0.000000000000000,0.000000000000000,0.000000000000000,0.000000000000000,0.000000000000000,0.000000000000000,0.000000000000000,0.000000000000000,0.000000000000000,0.000000000000000,0.000000000000000,3.028350100000000,3.045769900000000,2.483249900000000,1.160380000000000,0.503456000000000,0.098536000000000,0.018454000000000,0.024903200000000,0.170881000000000,0.781219000000000,1.622360000000000,2.501570000000000,0.000000000000000,14.661700200000000,16.506500200000001,18.541400899999999,20.760799400000000,23.388299900000000,26.078500699999999,27.608400300000000,14.067999800000001,27.108499500000001,23.824600199999999,18.337699900000000,14.617600400000001,0.000000000000000,5.265540100000000,6.497980100000000,7.735750200000000,8.680589700000001,10.645799600000000,12.680999800000000,13.937100400000000,14.067999800000001,13.312399900000001,11.025699599999999,7.701600100000000,5.273140000000000,0.000000000000000,0.755488000000000,0.720882000000000,0.683982000000000,0.652772000000000,0.647260000000000,0.770613000000000,1.861640000000000,0.715046000000000,0.808231000000000,0.768818000000000,0.613183000000000,0.692821000000000,1.286590000000000,15.439128880000000,0.042653766000000,3.000000000000000,1.000000000000000,1.000000000000000,1.000000000000000,1.000000000000000,1.000000000000000,2.000000000000000,3.000000000000000,3.000000000000000,0.000000000000000,0.000000000000000,0.000000000000000,-50.000000000000000,-100.000000000000000,12.000000000000000,0.000000000000000,0.000000000000000,50.000000000000000,0.000000000000000,0.000000000000000,0.000000000000000,0.000000000000000,0.000000000000000,1.000000000000000,1.000000000000000,1.000000000000000,1.000000000000000,0.000000000000000,0.000000000000000,0.000000000000000,0.000000000000000,0.000000000000000,0.000000000000000,0.000000000000000,0.000000000000000,0.000000000000000,0.000000000000000,0.000000000000000,0.000000000000000,0.000000000000000,0.000000000000000,0.000000000000000,0.000000000000000,0.000000000000000,3.000000000000000,4.000000000000000,0.000000000000000,1.000000000000000,5.000000000000000,12.000000000000000
,123003.000000000000000,123002.000000000000000,123003.000000000000000,1.000000000000000,1.000000000000000,0.000000000000000,0.000000000000000,0.000000000000000,0.000000000000000,0.000000000000000,0.000000000000000,0.000000000000000,1.000000000000000,0.000000000000000,0.000000000000000,0.000000000000000,0.000000000000000,0.000000000000000,0.918273646000000,270.000000000000000,0.000000000000000,0.000000000000000,0.000000000000000,176.000000000000000,153.000000000000000,6162700.000000000000000,2036700.000000000000000,37.580304060000003,-121.876846300000000,0.000000000000000,0.000000000000000,175.000000000000000,4.000000000000000,0.000000000000000,0.000000000000000,0.000000000000000,0.000000000000000,0.000000000000000,0.000000000000000,0.000000000000000,0.000000000000000,0.000000000000000,12.000000000000000,144.000000000000000,0.000000000000000,0.000000000000000,5.000000000000000,28.723499300000000,13.897100399999999,0.000000000000000,0.000000000000000,0.000000000000000,0.000000000000000,3.000000000000000,0.000000000000000,0.000000000000000,0.000000000000000,0.000000000000000,0.000000000000000,0.000000000000000,0.160000000000000,22.100000399999999,0.000000000000000,9.000000000000000,0.000000000000000,28.000000000000000,2.000000000000000,0.000000000000000,0.000000000000000,0.000000000000000,0.000000000000000,0.000000000000000,0.000000000000000,0.000000000000000,0.000000000000000,0.000000000000000,0.000000000000000,0.000000000000000,3.029020100000000,3.045140000000000,2.485709900000000,1.159360100000000,0.503398000000000,0.098344300000000,0.018424300000000,0.024820400000000,0.169978000000000,0.780690000000000,1.623570000000000,2.503959900000000,0.000000000000000,14.661800400000001,16.506200799999998,18.544700599999999,20.763000500000000,23.394399600000000,26.073099100000000,27.596599600000001,14.066200300000000,27.103700600000000,23.830900199999999,18.340000199999999,14.616399800000000,0.000000000000000,5.257150200000000,6.489440000000000,7.732260200000000,8.677419700000000,10.642700200000000,12.680000300000000,13.935700400000000,14.066200300000000,13.305000300000000,11.026800200000000,7.701950100000000,5.275889900000000,0.000000000000000,0.755655000000000,0.720733000000000,0.684659000000000,0.652198000000000,0.647186000000000,0.769114000000000,1.858640000000000,0.712669000000000,0.803960000000000,0.768297000000000,0.613640000000000,0.693483000000000,1.286870000000000,15.442413330000001,0.042662334000000,3.000000000000000,0.000000000000000,1.000000000000000,1.000000000000000,1.000000000000000,0.000000000000000,2.000000000000000,3.000000000000000,3.000000000000000,0.000000000000000,0.000000000000000,0.000000000000000,-50.000000000000000,-100.000000000000000,0.000000000000000,0.000000000000000,0.000000000000000,50.000000000000000,0.000000000000000,0.000000000000000,0.000000000000000,0.000000000000000,0.000000000000000,0.000000000000000,1.000000000000000,1.000000000000000,1.000000000000000,0.000000000000000,0.000000000000000,0.000000000000000,0.000000000000000,0.000000000000000,0.000000000000000,0.000000000000000,0.000000000000000,0.000000000000000,0.000000000000000,0.000000000000000,0.000000000000000,0.000000000000000,0.000000000000000,0.000000000000000,0.000000000000000,0.000000000000000,3.000000000000000,4.000000000000000,0.000000000000000,0.000000000000000,5.000000000000000,12.000000000000000
,123022.000000000000000,123021.000000000000000,123022.000000000000000,1.000000000000000,1.000000000000000,0.000000000000000,0.000000000000000,0.000000000000000,0.000000000000000,0.000000000000000,0.000000000000000,0.000000000000000,0.000000000000000,0.000000000000000,0.000000000000000,0.000000000000000,0.000000000000000,0.000000000000000,0.918273646000000,180.000000000000000,0.000000000000000,0.000000000000000,0.000000000000000,176.000000000000000,172.000000000000000,6166500.000000000000000,2036700.000000000000000,37.580456869999999,-121.863734300000000,0.000000000000000,0.000000000000000,179.000000000000000,2.000000000000000,0.000000000000000,0.000000000000000,0.000000000000000,0.000000000000000,0.000000000000000,0.000000000000000,0.000000000000000,0.000000000000000,0.000000000000000,12.000000000000000,144.000000000000000,0.000000000000000,0.000000000000000,1.000000000000000,29.329200700000001,13.836500200000000,0.000000000000000,0.000000000000000,0.000000000000000,0.000000000000000,1.000000000000000,0.000000000000000,0.000000000000000,0.000000000000000,0.000000000000000,0.000000000000000,0.000000000000000,0.140000000000000,33.700000799999998,0.000000000000000,2.931000000000000,0.000000000000000,18.000000000000000,2.000000000000000,0.000000000000000,0.000000000000000,0.000000000000000,0.000000000000000,0.000000000000000,0.000000000000000,0.000000000000000,0.000000000000000,0.000000000000000,0.000000000000000,0.000000000000000,3.035680100000000,3.034830100000000,2.499720100000000,1.152140000000000,0.509486000000000,0.099463000000000,0.017458500000000,0.024168600000000,0.164276000000000,0.790969000000000,1.623080000000000,2.500370000000000,0.000000000000000,14.701999700000000,16.554099999999998,18.590099299999999,20.778200099999999,23.436000799999999,26.086799599999999,27.601699799999999,14.047100100000000,27.116899499999999,23.861000099999998,18.384399400000000,14.646699900000000,0.000000000000000,5.214809900000000,6.451250100000000,7.692870100000000,8.661339800000000,10.630499800000001,12.671199800000000,13.923100500000000,14.047100100000000,13.296699500000001,11.001999899999999,7.675250100000000,5.247129900000000,0.000000000000000,0.757316000000000,0.718293000000000,0.688518000000000,0.648136000000000,0.655013000000000,0.777863000000000,1.761210000000000,0.693954000000000,0.776991000000000,0.778413000000000,0.613455000000000,0.692489000000000,1.287640000000000,15.451642990000000,0.042683065000000,3.000000000000000,0.000000000000000,0.000000000000000,1.000000000000000,1.000000000000000,0.000000000000000,0.000000000000000,3.000000000000000,3.000000000000000,0.000000000000000,0.000000000000000,0.000000000000000,-50.000000000000000,-100.000000000000000,0.000000000000000,0.000000000000000,0.000000000000000,50.000000000000000,0.000000000000000,0.000000000000000,0.000000000000000,0.000000000000000,0.000000000000000,0.000000000000000,0.000000000000000,1.000000000000000,1.000000000000000,0.000000000000000,0.000000000000000,0.000000000000000,0.000000000000000,0.000000000000000,0.000000000000000,0.000000000000000,0.000000000000000,0.000000000000000,0.000000000000000,0.000000000000000,0.000000000000000,0.000000000000000,0.000000000000000,0.000000000000000,0.000000000000000,0.000000000000000,0.000000000000000,4.000000000000000,0.000000000000000,0.000000000000000,5.000000000000000,12.000000000000000
,122293.000000000000000,122292.000000000000000,122293.000000000000000,1.000000000000000,1.000000000000000,0.000000000000000,0.000000000000000,0.000000000000000,0.000000000000000,0.000000000000000,0.000000000000000,0.000000000000000,0.000000000000000,0.000000000000000,0.000000000000000,0.000000000000000,0.000000000000000,0.000000000000000,0.918273646000000,270.000000000000000,0.000000000000000,0.000000000000000,0.000000000000000,175.000000000000000,145.000000000000000,6161100.000000000000000,2036900.000000000000000,37.580788509999998,-121.882377400000000,0.000000000000000,0.000000000000000,161.000000000000000,16.000000000000000,0.000000000000000,0.000000000000000,0.000000000000000,0.000000000000000,0.000000000000000,0.000000000000000,0.000000000000000,0.000000000000000,0.000000000000000,12.000000000000000,144.000000000000000,0.000000000000000,0.000000000000000,5.000000000000000,28.511100800000001,13.849599800000000,0.000000000000000,0.000000000000000,0.000000000000000,0.000000000000000,2.000000000000000,0.000000000000000,0.000000000000000,0.000000000000000,0.000000000000000,0.000000000000000,0.000000000000000,0.110000000000000,14.100000400000001,0.000000000000000,42.308998099999997,0.000000000000000,18.000000000000000,2.000000000000000,0.000000000000000,0.000000000000000,0.000000000000000,0.000000000000000,0.000000000000000,0.000000000000000,0.000000000000000,0.000000000000000,0.000000000000000,0.000000000000000,0.000000000000000,3.029740100000000,3.049969900000000,2.484800100000000,1.162760000000000,0.499595000000000,0.097836900000000,0.018836600000000,0.025237500000000,0.171417000000000,0.775987000000000,1.624950100000000,2.509200100000000,0.000000000000000,14.644700100000000,16.486700100000000,18.523500400000000,20.762599900000001,23.371099500000000,26.066499700000001,27.590299600000002,14.069700200000000,27.097700100000001,23.828199399999999,18.322799700000001,14.605500200000000,0.000000000000000,5.266260100000000,6.496910100000000,7.741789800000000,8.680890099999999,10.644100200000000,12.683600400000000,13.941499700000000,14.069700200000000,13.297499699999999,11.043000200000000,7.707870000000000,5.285910100000000,0.000000000000000,0.755835000000000,0.721876000000000,0.684409000000000,0.654111000000000,0.642297000000000,0.765146000000000,1.900230100000000,0.724645000000000,0.810766000000000,0.763669000000000,0.614162000000000,0.694935000000000,1.287530000000000,15.450329780000001,0.042685513000000,3.000000000000000,0.000000000000000,1.000000000000000,1.000000000000000,1.000000000000000,0.000000000000000,2.000000000000000,3.000000000000000,3.000000000000000,0.000000000000000,0.000000000000000,0.000000000000000,-50.000000000000000,-100.000000000000000,0.000000000000000,0.000000000000000,0.000000000000000,50.000000000000000,0.000000000000000,0.000000000000000,0.000000000000000,0.000000000000000,0.000000000000000,0.000000000000000,1.000000000000000,1.000000000000000,1.000000000000000,0.000000000000000,0.000000000000000,0.000000000000000,0.000000000000000,0.000000000000000,0.000000000000000,0.000000000000000,0.000000000000000,0.000000000000000,0.000000000000000,0.000000000000000,0.000000000000000,0.000000000000000,0.000000000000000,0.000000000000000,0.000000000000000,0.000000000000000,3.000000000000000,4.000000000000000,0.000000000000000,0.000000000000000,5.000000000000000,12.000000000000000
,120949.000000000000000,120948.000000000000000,120949.000000000000000,1.000000000000000,1.000000000000000,0.000000000000000,0.000000000000000,0.000000000000000,0.000000000000000,0.000000000000000,0.000000000000000,0.000000000000000,0.000000000000000,0.000000000000000,0.000000000000000,0.000000000000000,0.000000000000000,0.000000000000000,0.918273646000000,315.000000000000000,0.000000000000000,0.000000000000000,0.000000000000000,173.000000000000000,205.000000000000000,6173100.000000000000000,2037300.000000000000000,37.582366469999997,-121.840990300000000,0.000000000000000,0.000000000000000,184.000000000000000,16.000000000000000,0.000000000000000,0.000000000000000,0.000000000000000,0.000000000000000,0.000000000000000,0.000000000000000,0.000000000000000,0.000000000000000,0.000000000000000,4.000000000000000,144.000000000000000,0.000000000000000,0.000000000000000,1.000000000000000,29.794799800000000,13.588199599999999,0.000000000000000,0.000000000000000,-1.000000000000000,0.000000000000000,2.000000000000000,0.000000000000000,0.000000000000000,0.000000000000000,0.000000000000000,0.000000000000000,0.000000000000000,0.140000000000000,33.700000799999998,0.000000000000000,2.931000000000000,0.000000000000000,18.000000000000000,2.000000000000000,0.000000000000000,0.000000000000000,0.000000000000000,0.000000000000000,0.000000000000000,0.000000000000000,0.000000000000000,0.000000000000000,0.000000000000000,0.000000000000000,0.000000000000000,3.070310100000000,3.004380000000000,2.589000000000000,1.145910000000000,0.553398000000000,0.103404000000000,0.015963400000000,0.022630300000000,0.156251000000000,0.821061000000000,1.632810000000000,2.500710000000000,0.000000000000000,14.732500099999999,16.580099100000002,18.641799899999999,20.928400000000000,23.542800900000000,26.229700099999999,27.770000499999998,14.093799600000001,27.223800700000002,23.933500299999999,18.436300299999999,14.665599800000001,0.000000000000000,5.168900000000000,6.417460000000000,7.693299800000000,8.694100400000000,10.670700099999999,12.712100000000000,13.952599500000000,14.093799600000001,13.330900200000000,11.054800000000000,7.692110100000000,5.236430200000000,0.000000000000000,0.765956000000000,0.711086000000000,0.713109000000000,0.644632000000000,0.711468000000000,0.808684000000000,1.610380100000000,0.649784000000000,0.739034000000000,0.808028000000000,0.617133000000000,0.692583000000000,1.301320000000000,15.615827560000000,0.043115605000000,3.000000000000000,0.000000000000000,0.000000000000000,1.000000000000000,1.000000000000000,0.000000000000000,0.000000000000000,3.000000000000000,3.000000000000000,0.000000000000000,0.000000000000000,0.000000000000000,-50.000000000000000,-100.000000000000000,0.000000000000000,0.000000000000000,0.000000000000000,50.000000000000000,0.000000000000000,0.000000000000000,0.000000000000000,0.000000000000000,0.000000000000000,0.000000000000000,0.000000000000000,1.000000000000000,1.000000000000000,0.000000000000000,0.000000000000000,0.000000000000000,0.000000000000000,0.000000000000000,0.000000000000000,0.000000000000000,0.000000000000000,0.000000000000000,0.000000000000000,0.000000000000000,0.000000000000000,0.000000000000000,0.000000000000000,0.000000000000000,0.000000000000000,0.000000000000000,0.000000000000000,4.000000000000000,0.000000000000000,0.000000000000000,5.000000000000000,4.000000000000000
,120135.000000000000000,120134.000000000000000,120135.000000000000000,1.000000000000000,1.000000000000000,0.000000000000000,0.000000000000000,0.000000000000000,0.000000000000000,0.000000000000000,0.000000000000000,0.000000000000000,0.000000000000000,0.000000000000000,0.000000000000000,0.000000000000000,0.000000000000000,0.000000000000000,0.918273646000000,0.000000000000000,0.000000000000000,0.000000000000000,0.000000000000000,172.000000000000000,93.000000000000000,6150700.000000000000000,2037500.000000000000000,37.582008799999997,-121.918294300000000,0.000000000000000,0.000000000000000,153.000000000000000,64.000000000000000,0.000000000000000,0.000000000000000,0.000000000000000,0.000000000000000,0.000000000000000,0.000000000000000,0.000000000000000,0.000000000000000,0.000000000000000,12.000000000000000,144.000000000000000,0.000000000000000,0.000000000000000,5.000000000000000,27.603500400000001,12.985600500000000,0.000000000000000,0.000000000000000,0.000000000000000,0.000000000000000,3055.000000000000000,0.000000000000000,0.000000000000000,0.000000000000000,0.000000000000000,0.000000000000000,0.000000000000000,0.140000000000000,21.399999600000001,0.000000000000000,7.214000200000000,0.000000000000000,3055.000000000000000,2.000000000000000,0.000000000000000,0.000000000000000,0.000000000000000,0.000000000000000,0.000000000000000,0.000000000000000,0.000000000000000,0.000000000000000,0.000000000000000,0.000000000000000,0.000000000000000,3.067750000000000,3.159050000000000,2.491930000000000,1.143840000000000,0.461841000000000,0.099154100000000,0.021568900000000,0.028981100000000,0.161547000000000,0.753287000000000,1.599100000000000,2.554840100000000,0.000000000000000,14.625700000000000,16.474800100000000,18.489099499999998,20.769100200000000,23.335399599999999,26.041000400000001,27.552400599999999,14.034299900000001,27.071699100000000,23.863899199999999,18.290300400000000,14.594699900000000,0.000000000000000,5.216690100000000,6.425640100000000,7.684519800000000,8.594679800000000,10.581199600000000,12.633899700000001,13.930399899999999,14.034299900000001,13.194800400000000,10.997500400000000,7.633440000000000,5.245289800000000,0.000000000000000,0.765317000000000,0.747694000000000,0.686372000000000,0.643467000000000,0.593759000000000,0.775447000000000,2.175869900000000,0.832135000000000,0.764083000000000,0.741329000000000,0.604392000000000,0.707575000000000,1.295240000000000,15.542889600000001,0.042960968000000,1.000000000000000,0.000000000000000,0.000000000000000,1.000000000000000,1.000000000000000,0.000000000000000,0.000000000000000,2.000000000000000,2.000000000000000,0.000000000000000,0.000000000000000,0.000000000000000,0.000000000000000,0.000000000000000,0.000000000000000,0.000000000000000,100.000000000000000,50.000000000000000,0.000000000000000,0.000000000000000,0.000000000000000,0.000000000000000,0.000000000000000,0.000000000000000,0.000000000000000,1.000000000000000,1.000000000000000,0.000000000000000,0.000000000000000,0.000000000000000,0.000000000000000,0.000000000000000,0.000000000000000,0.000000000000000,0.000000000000000,0.000000000000000,0.000000000000000,0.000000000000000,0.000000000000000,0.000000000000000,0.000000000000000,0.000000000000000,0.000000000000000,0.000000000000000,0.000000000000000,5.000000000000000,0.000000000000000,0.000000000000000,5.000000000000000,12.000000000000000
,120209.000000000000000,120208.000000000000000,120209.000000000000000,1.000000000000000,1.000000000000000,0.000000000000000,0.000000000000000,0.000000000000000,0.000000000000000,0.000000000000000,0.000000000000000,0.000000000000000,0.000000000000000,0.000000000000000,0.000000000000000,0.000000000000000,0.000000000000000,0.000000000000000,0.918273646000000,270.000000000000000,0.000000000000000,0.000000000000000,0.000000000000000,172.000000000000000,167.000000000000000,6165500.000000000000000,2037500.000000000000000,37.582613700000003,-121.867225199999990,0.000000000000000,0.000000000000000,-9.000000000000000,16.000000000000000,0.000000000000000,0.000000000000000,0.000000000000000,0.000000000000000,0.000000000000000,0.000000000000000,0.000000000000000,0.000000000000000,0.000000000000000,12.000000000000000,144.000000000000000,0.000000000000000,0.000000000000000,5.000000000000000,29.172300300000000,13.882900200000000,0.000000000000000,0.000000000000000,0.000000000000000,0.000000000000000,3645.000000000000000,0.000000000000000,0.000000000000000,0.000000000000000,0.000000000000000,0.000000000000000,0.000000000000000,0.180000000000000,27.700000800000002,0.000000000000000,2.700000000000000,0.000000000000000,3645.000000000000000,2.000000000000000,0.000000000000000,0.000000000000000,0.000000000000000,0.000000000000000,0.000000000000000,0.000000000000000,0.000000000000000,0.000000000000000,0.000000000000000,0.000000000000000,0.000000000000000,3.032959900000000,3.036629900000000,2.496290000000000,1.153770000000000,0.508892000000000,0.098998900000000,0.017751200000000,0.024351500000000,0.165450000000000,0.787322000000000,1.624380000000000,2.502780000000000,0.000000000000000,14.685600300000001,16.533100099999999,18.578800200000000,20.777500199999999,23.436500500000001,26.086000400000000,27.590599099999999,14.050100300000000,27.117099799999998,23.863399500000000,18.361799200000000,14.630499800000001,0.000000000000000,5.226500000000000,6.460460200000000,7.708710200000000,8.666560199999999,10.631500200000000,12.665900199999999,13.921999899999999,14.050100300000000,13.288200399999999,11.009100000000000,7.692359900000000,5.260200000000000,0.000000000000000,0.756638000000000,0.718719000000000,0.687573000000000,0.649053000000000,0.654249000000000,0.774233000000000,1.790740000000000,0.699205000000000,0.782543000000000,0.774824000000000,0.613947000000000,0.693156000000000,1.287460000000000,15.449575420000000,0.042678356000000,3.000000000000000,0.000000000000000,1.000000000000000,1.000000000000000,1.000000000000000,0.000000000000000,2.000000000000000,3.000000000000000,3.000000000000000,0.000000000000000,0.000000000000000,0.000000000000000,-50.000000000000000,-100.000000000000000,0.000000000000000,0.000000000000000,0.000000000000000,50.000000000000000,0.000000000000000,0.000000000000000,0.000000000000000,0.000000000000000,0.000000000000000,0.000000000000000,1.000000000000000,1.000000000000000,1.000000000000000,0.000000000000000,0.000000000000000,0.000000000000000,0.000000000000000,0.000000000000000,0.000000000000000,0.000000000000000,0.000000000000000,0.000000000000000,0.000000000000000,0.000000000000000,0.000000000000000,0.000000000000000,0.000000000000000,0.000000000000000,0.000000000000000,0.000000000000000,3.000000000000000,4.000000000000000,0.000000000000000,0.000000000000000,5.000000000000000,12.000000000000000
,119463.000000000000000,119462.000000000000000,119463.000000000000000,1.000000000000000,1.000000000000000,0.000000000000000,0.000000000000000,0.000000000000000,0.000000000000000,0.000000000000000,0.000000000000000,0.000000000000000,0.000000000000000,0.000000000000000,0.000000000000000,0.000000000000000,0.000000000000000,0.000000000000000,0.918273646000000,180.000000000000000,0.000000000000000,0.000000000000000,0.000000000000000,171.000000000000000,123.000000000000000,6156700.000000000000000,2037700.000000000000000,37.582805919999998,-121.897600999999990,0.000000000000000,0.000000000000000,162.000000000000000,4.000000000000000,0.000000000000000,0.000000000000000,0.000000000000000,0.000000000000000,0.000000000000000,0.000000000000000,0.000000000000000,0.000000000000000,0.000000000000000,12.000000000000000,144.000000000000000,0.000000000000000,0.000000000000000,5.000000000000000,28.358400300000000,13.508899700000001,0.000000000000000,0.000000000000000,0.000000000000000,0.000000000000000,3040.000000000000000,0.000000000000000,0.000000000000000,0.000000000000000,0.000000000000000,0.000000000000000,0.000000000000000,0.140000000000000,34.200000799999998,0.000000000000000,2.931000000000000,0.000000000000000,3040.000000000000000,2.000000000000000,0.000000000000000,0.000000000000000,0.000000000000000,0.000000000000000,0.000000000000000,0.000000000000000,0.000000000000000,0.000000000000000,0.000000000000000,0.000000000000000,0.000000000000000,3.057369900000000,3.102850000000000,2.500010000000000,1.179880000000000,0.490335000000000,0.096514800000000,0.019982900000000,0.026579100000000,0.170064000000000,0.764568000000000,1.630670000000000,2.547709900000000,0.000000000000000,14.629799800000001,16.474000900000000,18.506900800000000,20.771900200000001,23.332300199999999,26.039899800000001,27.549800900000001,14.044799800000000,27.074300800000000,23.850999800000000,18.302499800000000,14.599300400000001,0.000000000000000,5.236650000000000,6.462850100000000,7.702940000000000,8.642060300000001,10.609000200000001,12.650500299999999,13.930500000000000,14.044799800000000,13.247099900000000,11.036000300000000,7.688690200000000,5.280379800000000,0.000000000000000,0.762727000000000,0.734392000000000,0.688598000000000,0.663741000000000,0.630392000000000,0.754806000000000,2.015870100000000,0.763166000000000,0.804367000000000,0.752431000000000,0.616324000000000,0.705600000000000,1.298880000000000,15.586534500000001,0.043068692000000,1.000000000000000,0.000000000000000,0.000000000000000,1.000000000000000,1.000000000000000,0.000000000000000,0.000000000000000,3.000000000000000,3.000000000000000,0.000000000000000,0.000000000000000,0.000000000000000,-50.000000000000000,-100.000000000000000,0.000000000000000,0.000000000000000,0.000000000000000,50.000000000000000,0.000000000000000,0.000000000000000,0.000000000000000,0.000000000000000,0.000000000000000,0.000000000000000,0.000000000000000,1.000000000000000,1.000000000000000,0.000000000000000,0.000000000000000,0.000000000000000,0.000000000000000,0.000000000000000,0.000000000000000,0.000000000000000,0.000000000000000,0.000000000000000,0.000000000000000,0.000000000000000,0.000000000000000,0.000000000000000,0.000000000000000,0.000000000000000,0.000000000000000,0.000000000000000,0.000000000000000,4.000000000000000,0.000000000000000,0.000000000000000,5.000000000000000,12.000000000000000
,118779.000000000000000,118778.000000000000000,118779.000000000000000,1.000000000000000,1.000000000000000,0.000000000000000,0.000000000000000,0.000000000000000,0.000000000000000,0.000000000000000,0.000000000000000,10785975.000000000000000,0.000000000000000,0.000000000000000,0.000000000000000,0.000000000000000,0.000000000000000,0.000000000000000,0.918273646000000,225.000000000000000,0.000000000000000,0.000000000000000,0.000000000000000,170.000000000000000,141.000000000000000,6160300.000000000000000,2037900.000000000000000,37.583502140000000,-121.885188900000000,0.000000000000000,0.000000000000000,152.000000000000000,16.000000000000000,0.000000000000000,0.000000000000000,0.000000000000000,0.000000000000000,0.000000000000000,0.000000000000000,0.000000000000000,0.000000000000000,0.000000000000000,12.000000000000000,144.000000000000000,0.000000000000000,0.000000000000000,5.000000000000000,28.374900799999999,13.786500000000000,0.000000000000000,0.000000000000000,0.000000000000000,0.000000000000000,3700.000000000000000,0.000000000000000,0.000000000000000,0.000000000000000,0.000000000000000,0.000000000000000,0.000000000000000,0.110000000000000,14.100000400000001,0.000000000000000,42.308998099999997,0.000000000000000,3700.000000000000000,2.000000000000000,0.000000000000000,407.000000000000000,0.000000000000000,0.000000000000000,0.000000000000000,0.000000000000000,0.000000000000000,0.000000000000000,0.000000000000000,0.000000000000000,0.000000000000000,3.036520000000000,3.060570000000000,2.492990000000000,1.166660000000000,0.495934000000000,0.096937300000000,0.019050100000000,0.025345200000000,0.170527000000000,0.771800000000000,1.628760000000000,2.521699900000000,0.000000000000000,14.641300200000000,16.482999800000002,18.524200400000002,20.764999400000001,23.367999999999999,26.044700599999999,27.557100299999998,14.058299999999999,27.078199399999999,23.834400200000001,18.324600199999999,14.602899600000001,0.000000000000000,5.245150100000000,6.475329900000000,7.729290000000000,8.666830100000000,10.629300100000000,12.670999500000001,13.933400199999999,14.058299999999999,13.281100300000000,11.040399600000001,7.698209800000000,5.287809800000000,0.000000000000000,0.757526000000000,0.724385000000000,0.686664000000000,0.656304000000000,0.637590000000000,0.758110000000000,1.921770000000000,0.727737000000000,0.806556000000000,0.759548000000000,0.615602000000000,0.698396000000000,1.290570000000000,15.486793520000001,0.042787120000000,1.000000000000000,1.000000000000000,1.000000000000000,1.000000000000000,1.000000000000000,1.000000000000000,2.000000000000000,3.000000000000000,3.000000000000000,0.000000000000000,0.000000000000000,0.000000000000000,-50.000000000000000,-100.000000000000000,15.000000000000000,0.000000000000000,0.000000000000000,50.000000000000000,0.000000000000000,0.000000000000000,0.000000000000000,0.000000000000000,0.000000000000000,1.000000000000000,1.000000000000000,1.000000000000000,1.000000000000000,0.000000000000000,0.000000000000000,0.000000000000000,0.000000000000000,0.000000000000000,0.000000000000000,0.000000000000000,0.000000000000000,0.000000000000000,0.000000000000000,0.000000000000000,0.000000000000000,0.000000000000000,0.000000000000000,0.000000000000000,0.000000000000000,0.000000000000000,3.000000000000000,4.000000000000000,0.000000000000000,1.000000000000000,5.000000000000000,12.000000000000000
,118073.000000000000000,118072.000000000000000,118073.000000000000000,1.000000000000000,1.000000000000000,0.000000000000000,0.000000000000000,0.000000000000000,0.000000000000000,0.000000000000000,0.000000000000000,0.000000000000000,0.000000000000000,0.000000000000000,0.000000000000000,0.000000000000000,0.000000000000000,0.000000000000000,0.918273646000000,45.000000000000000,0.000000000000000,0.000000000000000,0.000000000000000,169.000000000000000,137.000000000000000,6159500.000000000000000,2038100.000000000000000,37.584018810000003,-121.887959700000000,0.000000000000000,0.000000000000000,152.000000000000000,128.000000000000000,0.000000000000000,0.000000000000000,0.000000000000000,0.000000000000000,0.000000000000000,0.000000000000000,0.000000000000000,0.000000000000000,0.000000000000000,12.000000000000000,144.000000000000000,0.000000000000000,0.000000000000000,5.000000000000000,28.211799599999999,13.719400400000000,0.000000000000000,0.000000000000000,-1.000000000000000,0.000000000000000,2.000000000000000,0.000000000000000,0.000000000000000,0.000000000000000,0.000000000000000,0.000000000000000,0.000000000000000,0.140000000000000,33.700000799999998,0.000000000000000,2.931000000000000,0.000000000000000,18.000000000000000,2.000000000000000,0.000000000000000,0.000000000000000,0.000000000000000,0.000000000000000,0.000000000000000,0.000000000000000,0.000000000000000,0.000000000000000,0.000000000000000,0.000000000000000,0.000000000000000,3.041569900000000,3.069850000000000,2.497289900000000,1.171800000000000,0.493579000000000,0.096387600000000,0.019242300000000,0.025500500000000,0.170772000000000,0.769371000000000,1.630430000000000,2.529320000000000,0.000000000000000,14.639100100000000,16.481000900000002,18.522300699999999,20.766199100000001,23.360799799999999,26.035400400000000,27.543199500000000,14.048100500000000,27.070400200000002,23.836200699999999,18.322399099999998,14.602100399999999,0.000000000000000,5.235710100000000,6.465560000000000,7.721730200000000,8.658379600000000,10.619400000000001,12.658599900000000,13.926099799999999,14.048100500000000,13.273099900000000,11.035499600000000,7.689340100000000,5.284359900000000,0.000000000000000,0.758786000000000,0.726581000000000,0.687849000000000,0.659196000000000,0.634562000000000,0.753811000000000,1.941160000000000,0.732197000000000,0.807715000000000,0.757158000000000,0.616233000000000,0.700507000000000,1.292930000000000,15.515110970000000,0.042866498000000,1.000000000000000,0.000000000000000,1.000000000000000,1.000000000000000,1.000000000000000,0.000000000000000,2.000000000000000,3.000000000000000,3.000000000000000,0.000000000000000,0.000000000000000,0.000000000000000,-50.000000000000000,-100.000000000000000,0.000000000000000,0.000000000000000,0.000000000000000,50.000000000000000,0.000000000000000,0.000000000000000,0.000000000000000,0.000000000000000,0.000000000000000,0.000000000000000,1.000000000000000,1.000000000000000,1.000000000000000,0.000000000000000,0.000000000000000,0.000000000000000,0.000000000000000,0.000000000000000,0.000000000000000,0.000000000000000,0.000000000000000,0.000000000000000,0.000000000000000,0.000000000000000,0.000000000000000,0.000000000000000,0.000000000000000,0.000000000000000,0.000000000000000,0.000000000000000,3.000000000000000,4.000000000000000,0.000000000000000,0.000000000000000,5.000000000000000,12.000000000000000
,117375.000000000000000,117374.000000000000000,117375.000000000000000,1.000000000000000,1.000000000000000,0.000000000000000,0.000000000000000,0.000000000000000,0.000000000000000,0.000000000000000,0.000000000000000,0.000000000000000,0.000000000000000,0.000000000000000,0.000000000000000,0.000000000000000,0.000000000000000,0.000000000000000,0.918273646000000,225.000000000000000,0.000000000000000,0.000000000000000,0.000000000000000,168.000000000000000,141.000000000000000,6160300.000000000000000,2038300.000000000000000,37.584600590000001,-121.885209300000000,0.000000000000000,0.000000000000000,152.000000000000000,16.000000000000000,0.000000000000000,0.000000000000000,0.000000000000000,0.000000000000000,0.000000000000000,0.000000000000000,0.000000000000000,0.000000000000000,0.000000000000000,12.000000000000000,144.000000000000000,0.000000000000000,0.000000000000000,5.000000000000000,28.363199200000000,13.786000300000000,0.000000000000000,0.000000000000000,0.000000000000000,0.000000000000000,2.000000000000000,0.000000000000000,0.000000000000000,0.000000000000000,0.000000000000000,0.000000000000000,0.000000000000000,0.110000000000000,14.100000400000001,0.000000000000000,42.308998099999997,0.000000000000000,18.000000000000000,2.000000000000000,0.000000000000000,0.000000000000000,0.000000000000000,0.000000000000000,0.000000000000000,0.000000000000000,0.000000000000000,0.000000000000000,0.000000000000000,0.000000000000000,0.000000000000000,3.037890000000000,3.061130000000000,2.495539900000000,1.165500000000000,0.495161000000000,0.096664700000000,0.019064300000000,0.025289000000000,0.169943000000000,0.770904000000000,1.629500000000000,2.524529900000000,0.000000000000000,14.641900100000001,16.483100900000000,18.527299899999999,20.764099099999999,23.371200600000002,26.037500399999999,27.545999500000001,14.055100400000001,27.071699100000000,23.833299600000000,18.327600499999999,14.602399800000001,0.000000000000000,5.238309900000000,6.468400000000000,7.726840000000000,8.663510300000000,10.626799600000000,12.669400200000000,13.930000300000000,14.055100400000001,13.278699899999999,11.038100200000001,7.694680200000000,5.288050200000000,0.000000000000000,0.757868000000000,0.724518000000000,0.687367000000000,0.655652000000000,0.636596000000000,0.755978000000000,1.923200000000000,0.726124000000000,0.803794000000000,0.758667000000000,0.615882000000000,0.699180000000000,1.290930000000000,15.491113660000000,0.042798784000000,1.000000000000000,1.000000000000000,1.000000000000000,1.000000000000000,1.000000000000000,1.000000000000000,2.000000000000000,3.000000000000000,3.000000000000000,0.000000000000000,0.000000000000000,0.000000000000000,-50.000000000000000,-100.000000000000000,19.000000000000000,0.000000000000000,0.000000000000000,50.000000000000000,0.000000000000000,0.000000000000000,0.000000000000000,0.000000000000000,0.000000000000000,1.000000000000000,1.000000000000000,1.000000000000000,1.000000000000000,0.000000000000000,0.000000000000000,0.000000000000000,0.000000000000000,0.000000000000000,0.000000000000000,0.000000000000000,0.000000000000000,0.000000000000000,0.000000000000000,0.000000000000000,0.000000000000000,0.000000000000000,0.000000000000000,0.000000000000000,0.000000000000000,0.000000000000000,3.000000000000000,4.000000000000000,0.000000000000000,1.000000000000000,5.000000000000000,12.000000000000000
,117377.000000000000000,117376.000000000000000,117377.000000000000000,1.000000000000000,1.000000000000000,0.000000000000000,0.000000000000000,0.000000000000000,0.000000000000000,0.000000000000000,0.000000000000000,0.000000000000000,0.000000000000000,0.000000000000000,0.000000000000000,0.000000000000000,0.000000000000000,0.000000000000000,0.918273646000000,225.000000000000000,0.000000000000000,0.000000000000000,0.000000000000000,168.000000000000000,143.000000000000000,6160700.000000000000000,2038300.000000000000000,37.584616840000002,-121.883829000000010,0.000000000000000,0.000000000000000,152.000000000000000,16.000000000000000,0.000000000000000,0.000000000000000,0.000000000000000,0.000000000000000,0.000000000000000,0.000000000000000,0.000000000000000,0.000000000000000,0.000000000000000,12.000000000000000,144.000000000000000,0.000000000000000,0.000000000000000,5.000000000000000,28.446100200000000,13.819800400000000,0.000000000000000,0.000000000000000,0.000000000000000,0.000000000000000,3837.000000000000000,0.000000000000000,0.000000000000000,0.000000000000000,0.000000000000000,0.000000000000000,0.000000000000000,0.160000000000000,22.100000399999999,0.000000000000000,9.000000000000000,0.000000000000000,3837.000000000000000,2.000000000000000,0.000000000000000,0.000000000000000,0.000000000000000,0.000000000000000,0.000000000000000,0.000000000000000,0.000000000000000,0.000000000000000,0.000000000000000,0.000000000000000,0.000000000000000,3.035640000000000,3.056700000000000,2.493949900000000,1.162770000000000,0.496167000000000,0.096887700000000,0.018971000000000,0.025202900000000,0.169675000000000,0.771899000000000,1.628909900000000,2.521379900000000,0.000000000000000,14.642900500000000,16.483900100000000,18.528799100000001,20.763399100000001,23.375400500000001,26.040500600000001,27.550500899999999,14.059900300000001,27.074100500000000,23.832599600000002,18.329299899999999,14.602600100000000,0.000000000000000,5.241479900000000,6.471720200000000,7.730010000000000,8.666999799999999,10.631199799999999,12.675399799999999,13.933299999999999,14.059900300000001,13.281800300000000,11.040599800000001,7.698760000000000,5.290239800000000,0.000000000000000,0.757306000000000,0.723469000000000,0.686929000000000,0.654116000000000,0.637889000000000,0.757722000000000,1.913790000000000,0.723651000000000,0.802527000000000,0.759646000000000,0.615659000000000,0.698308000000000,1.289850000000000,15.478153230000000,0.042762358000000,1.000000000000000,0.000000000000000,1.000000000000000,1.000000000000000,1.000000000000000,0.000000000000000,2.000000000000000,3.000000000000000,3.000000000000000,0.000000000000000,0.000000000000000,0.000000000000000,-50.000000000000000,-100.000000000000000,0.000000000000000,0.000000000000000,0.000000000000000,50.000000000000000,0.000000000000000,0.000000000000000,0.000000000000000,0.000000000000000,0.000000000000000,0.000000000000000,1.000000000000000,1.000000000000000,1.000000000000000,0.000000000000000,0.000000000000000,0.000000000000000,0.000000000000000,0.000000000000000,0.000000000000000,0.000000000000000,0.000000000000000,0.000000000000000,0.000000000000000,0.000000000000000,0.000000000000000,0.000000000000000,0.000000000000000,0.000000000000000,0.000000000000000,0.000000000000000,3.000000000000000,4.000000000000000,0.000000000000000,0.000000000000000,5.000000000000000,12.000000000000000
,117389.000000000000000,117388.000000000000000,117389.000000000000000,1.000000000000000,1.000000000000000,0.000000000000000,0.000000000000000,0.000000000000000,0.000000000000000,0.000000000000000,0.000000000000000,0.000000000000000,0.000000000000000,0.000000000000000,0.000000000000000,0.000000000000000,0.000000000000000,0.000000000000000,0.918273646000000,0.000000000000000,0.000000000000000,0.000000000000000,0.000000000000000,168.000000000000000,155.000000000000000,6163100.000000000000000,2038300.000000000000000,37.584714009999999,-121.875547299999990,0.000000000000000,0.000000000000000,150.000000000000000,64.000000000000000,0.000000000000000,0.000000000000000,0.000000000000000,0.000000000000000,0.000000000000000,0.000000000000000,0.000000000000000,0.000000000000000,0.000000000000000,12.000000000000000,144.000000000000000,0.000000000000000,0.000000000000000,5.000000000000000,28.853500400000001,13.902199700000001,0.000000000000000,0.000000000000000,0.000000000000000,0.000000000000000,3.000000000000000,0.000000000000000,0.000000000000000,0.000000000000000,0.000000000000000,0.000000000000000,0.000000000000000,0.160000000000000,22.100000399999999,0.000000000000000,9.000000000000000,0.000000000000000,28.000000000000000,2.000000000000000,0.000000000000000,0.000000000000000,0.000000000000000,0.000000000000000,0.000000000000000,0.000000000000000,0.000000000000000,0.000000000000000,0.000000000000000,0.000000000000000,0.000000000000000,3.029690000000000,3.042419900000000,2.490819900000000,1.157500000000000,0.503558000000000,0.097884000000000,0.018383500000000,0.024662800000000,0.167916000000000,0.779202000000000,1.626710100000000,2.509429900000000,0.000000000000000,14.657799700000000,16.499799700000001,18.548400900000001,20.769599899999999,23.408700899999999,26.065200800000000,27.570699699999999,14.062100400000000,27.097299599999999,23.847499800000001,18.338300700000001,14.609499899999999,0.000000000000000,5.241920000000000,6.473090200000000,7.730229900000000,8.674670200000000,10.639200199999999,12.679400400000000,13.932200399999999,14.062100400000000,13.284099599999999,11.034099599999999,7.706739900000000,5.283830200000000,0.000000000000000,0.755822000000000,0.720089000000000,0.686067000000000,0.651152000000000,0.647392000000000,0.765514000000000,1.854520000000000,0.708144000000000,0.794207000000000,0.766833000000000,0.614827000000000,0.694998000000000,1.287350000000000,15.448176380000000,0.042676926000000,1.000000000000000,0.000000000000000,1.000000000000000,1.000000000000000,1.000000000000000,0.000000000000000,2.000000000000000,3.000000000000000,3.000000000000000,0.000000000000000,0.000000000000000,0.000000000000000,-50.000000000000000,-100.000000000000000,0.000000000000000,0.000000000000000,0.000000000000000,50.000000000000000,0.000000000000000,0.000000000000000,0.000000000000000,0.000000000000000,0.000000000000000,0.000000000000000,1.000000000000000,1.000000000000000,1.000000000000000,0.000000000000000,0.000000000000000,0.000000000000000,0.000000000000000,0.000000000000000,0.000000000000000,0.000000000000000,0.000000000000000,0.000000000000000,0.000000000000000,0.000000000000000,0.000000000000000,0.000000000000000,0.000000000000000,0.000000000000000,0.000000000000000,0.000000000000000,3.000000000000000,4.000000000000000,0.000000000000000,0.000000000000000,5.000000000000000,12.000000000000000
,116671.000000000000000,116670.000000000000000,116671.000000000000000,1.000000000000000,1.000000000000000,0.000000000000000,0.000000000000000,0.000000000000000,0.000000000000000,0.000000000000000,0.000000000000000,7191226.000000000000000,0.000000000000000,0.000000000000000,0.000000000000000,0.000000000000000,0.000000000000000,0.000000000000000,0.918273646000000,225.000000000000000,0.000000000000000,0.000000000000000,0.000000000000000,167.000000000000000,139.000000000000000,6159900.000000000000000,2038500.000000000000000,37.585133540000001,-121.886599800000000,0.000000000000000,0.000000000000000,152.000000000000000,16.000000000000000,0.000000000000000,0.000000000000000,0.000000000000000,0.000000000000000,0.000000000000000,0.000000000000000,0.000000000000000,0.000000000000000,0.000000000000000,12.000000000000000,144.000000000000000,0.000000000000000,0.000000000000000,5.000000000000000,28.298299799999999,13.755000100000000,0.000000000000000,0.000000000000000,0.000000000000000,0.000000000000000,3.000000000000000,0.000000000000000,0.000000000000000,0.000000000000000,0.000000000000000,0.000000000000000,0.000000000000000,0.110000000000000,14.100000400000001,0.000000000000000,42.308998099999997,0.000000000000000,28.000000000000000,2.000000000000000,0.000000000000000,0.000000000000000,0.000000000000000,0.000000000000000,0.000000000000000,0.000000000000000,0.000000000000000,0.000000000000000,0.000000000000000,0.000000000000000,0.000000000000000,3.040880000000000,3.065769900000000,2.498490100000000,1.167510000000000,0.493748000000000,0.096289200000000,0.019165400000000,0.025341300000000,0.169918000000000,0.769455000000000,1.630390000000000,2.529120000000000,0.000000000000000,14.641300200000000,16.482400899999998,18.527700400000001,20.763999900000002,23.368799200000002,26.030700700000001,27.535900099999999,14.048500100000000,27.065900800000001,23.832799900000001,18.327600499999999,14.602000200000001,0.000000000000000,5.231550200000000,6.461450100000000,7.722459800000000,8.658280400000001,10.621199600000001,12.662300100000000,13.924599600000001,14.048500100000000,13.274800300000001,11.034000400000000,7.688310100000000,5.285570100000000,0.000000000000000,0.758614000000000,0.725616000000000,0.688179000000000,0.656783000000000,0.634780000000000,0.753042000000000,1.933400000000000,0.727625000000000,0.803676000000000,0.757241000000000,0.616218000000000,0.700451000000000,1.292170000000000,15.506076810000000,0.042840559000000,1.000000000000000,1.000000000000000,1.000000000000000,1.000000000000000,1.000000000000000,1.000000000000000,2.000000000000000,3.000000000000000,3.000000000000000,0.000000000000000,0.000000000000000,0.000000000000000,-50.000000000000000,-100.000000000000000,15.000000000000000,0.000000000000000,0.000000000000000,50.000000000000000,0.000000000000000,0.000000000000000,0.000000000000000,0.000000000000000,0.000000000000000,1.000000000000000,1.000000000000000,1.000000000000000,1.000000000000000,0.000000000000000,0.000000000000000,0.000000000000000,0.000000000000000,0.000000000000000,0.000000000000000,0.000000000000000,0.000000000000000,0.000000000000000,0.000000000000000,0.000000000000000,0.000000000000000,0.000000000000000,0.000000000000000,0.000000000000000,0.000000000000000,0.000000000000000,3.000000000000000,4.000000000000000,0.000000000000000,1.000000000000000,5.000000000000000,12.000000000000000
,115993.000000000000000,115992.000000000000000,115993.000000000000000,1.000000000000000,1.000000000000000,0.000000000000000,0.000000000000000,0.000000000000000,0.000000000000000,0.000000000000000,0.000000000000000,0.000000000000000,0.000000000000000,0.000000000000000,0.000000000000000,0.000000000000000,0.000000000000000,0.000000000000000,0.918273646000000,270.000000000000000,0.000000000000000,0.000000000000000,0.000000000000000,166.000000000000000,163.000000000000000,6164700.000000000000000,2038700.000000000000000,37.585876910000003,-121.870046300000000,0.000000000000000,0.000000000000000,-9.000000000000000,8.000000000000000,0.000000000000000,0.000000000000000,0.000000000000000,0.000000000000000,0.000000000000000,0.000000000000000,0.000000000000000,0.000000000000000,0.000000000000000,12.000000000000000,144.000000000000000,0.000000000000000,0.000000000000000,5.000000000000000,29.126499200000001,13.897199600000000,0.000000000000000,0.000000000000000,0.000000000000000,0.000000000000000,0.000000000000000,0.000000000000000,0.000000000000000,0.000000000000000,0.000000000000000,0.000000000000000,0.000000000000000,0.180000000000000,27.700000800000002,0.000000000000000,2.700000000000000,0.000000000000000,0.000000000000000,2.000000000000000,0.000000000000000,0.000000000000000,0.000000000000000,0.000000000000000,0.000000000000000,0.000000000000000,0.000000000000000,0.000000000000000,0.000000000000000,0.000000000000000,0.000000000000000,3.030440100000000,3.036479900000000,2.494679900000000,1.154950000000000,0.508056000000000,0.098429300000000,0.018005900000000,0.024460200000000,0.165815000000000,0.783542000000000,1.626640000000000,2.506589900000000,0.000000000000000,14.667400400000000,16.509399400000000,18.563400300000001,20.779800399999999,23.436500500000001,26.086799599999999,27.578599900000000,14.052399599999999,27.119300800000001,23.869399999999999,18.337999300000000,14.612199800000001,0.000000000000000,5.235580000000000,6.466610000000000,7.727049800000000,8.677499800000000,10.639300300000000,12.670000099999999,13.922499699999999,14.052399599999999,13.273199999999999,11.025699599999999,7.709010100000000,5.273870000000000,0.000000000000000,0.756009000000000,0.718683000000000,0.687130000000000,0.649717000000000,0.653174000000000,0.769779000000000,1.816430000000000,0.702326000000000,0.784270000000000,0.771104000000000,0.614801000000000,0.694212000000000,1.287340000000000,15.448088650000001,0.042674605000000,1.000000000000000,0.000000000000000,1.000000000000000,1.000000000000000,1.000000000000000,0.000000000000000,2.000000000000000,3.000000000000000,3.000000000000000,0.000000000000000,0.000000000000000,0.000000000000000,-50.000000000000000,-100.000000000000000,0.000000000000000,0.000000000000000,0.000000000000000,50.000000000000000,0.000000000000000,0.000000000000000,0.000000000000000,0.000000000000000,0.000000000000000,0.000000000000000,1.000000000000000,1.000000000000000,1.000000000000000,0.000000000000000,0.000000000000000,0.000000000000000,0.000000000000000,0.000000000000000,0.000000000000000,0.000000000000000,0.000000000000000,0.000000000000000,0.000000000000000,0.000000000000000,0.000000000000000,0.000000000000000,0.000000000000000,0.000000000000000,0.000000000000000,0.000000000000000,3.000000000000000,4.000000000000000,0.000000000000000,0.000000000000000,5.000000000000000,12.000000000000000
,114554.000000000000000,114553.000000000000000,114554.000000000000000,1.000000000000000,1.000000000000000,0.000000000000000,0.000000000000000,0.000000000000000,0.000000000000000,0.000000000000000,0.000000000000000,0.000000000000000,0.000000000000000,0.000000000000000,0.000000000000000,0.000000000000000,0.000000000000000,0.000000000000000,0.918273646000000,45.000000000000000,0.000000000000000,0.000000000000000,0.000000000000000,164.000000000000000,128.000000000000000,6157700.000000000000000,2039100.000000000000000,37.586691440000003,-121.894222300000000,0.000000000000000,0.000000000000000,143.000000000000000,64.000000000000000,0.000000000000000,0.000000000000000,0.000000000000000,0.000000000000000,0.000000000000000,0.000000000000000,0.000000000000000,0.000000000000000,0.000000000000000,10.000000000000000,144.000000000000000,0.000000000000000,0.000000000000000,5.000000000000000,28.172599800000000,13.612000500000001,0.000000000000000,0.000000000000000,-1.000000000000000,0.000000000000000,3.000000000000000,0.000000000000000,0.000000000000000,0.000000000000000,0.000000000000000,0.000000000000000,0.000000000000000,0.140000000000000,21.399999600000001,0.000000000000000,7.214000200000000,0.000000000000000,28.000000000000000,2.000000000000000,0.000000000000000,0.000000000000000,0.000000000000000,0.000000000000000,0.000000000000000,0.000000000000000,0.000000000000000,0.000000000000000,0.000000000000000,0.000000000000000,0.000000000000000,3.056449900000000,3.089710000000000,2.511390000000000,1.172320000000000,0.488511000000000,0.094897500000000,0.019730900000000,0.025777000000000,0.169381000000000,0.763289000000000,1.633270000000000,2.549469900000000,0.000000000000000,14.640600200000000,16.481599800000001,18.532800699999999,20.762800200000001,23.358299299999999,26.010900500000002,27.504699700000000,14.018799800000000,27.049800900000001,23.828199399999999,18.323099100000000,14.601499600000000,0.000000000000000,5.206359900000000,6.434040100000000,7.698289900000000,8.629719700000001,10.597999600000000,12.629699700000000,13.897999799999999,14.018799800000000,13.254400300000000,11.008799600000000,7.656370200000000,5.265639800000000,0.000000000000000,0.762498000000000,0.731282000000000,0.691732000000000,0.659489000000000,0.628047000000000,0.742158000000000,1.990450000000000,0.740136000000000,0.801136000000000,0.751173000000000,0.617307000000000,0.706087000000000,1.297850000000000,15.574196819999999,0.043031093000000,1.000000000000000,0.000000000000000,1.000000000000000,1.000000000000000,1.000000000000000,0.000000000000000,2.000000000000000,3.000000000000000,3.000000000000000,0.000000000000000,0.000000000000000,0.000000000000000,-50.000000000000000,-100.000000000000000,0.000000000000000,1.000000000000000,0.000000000000000,50.000000000000000,0.000000000000000,0.000000000000000,0.000000000000000,0.000000000000000,0.000000000000000,0.000000000000000,1.000000000000000,1.000000000000000,1.000000000000000,0.000000000000000,0.000000000000000,0.000000000000000,0.000000000000000,0.000000000000000,0.000000000000000,0.000000000000000,0.000000000000000,0.000000000000000,0.000000000000000,0.000000000000000,0.000000000000000,0.000000000000000,0.000000000000000,0.000000000000000,0.000000000000000,0.000000000000000,3.000000000000000,4.000000000000000,0.000000000000000,0.000000000000000,5.000000000000000,10.000000000000000
,114559.000000000000000,114558.000000000000000,114559.000000000000000,1.000000000000000,1.000000000000000,0.000000000000000,0.000000000000000,0.000000000000000,0.000000000000000,0.000000000000000,0.000000000000000,10720219.000000000000000,0.000000000000000,0.000000000000000,0.000000000000000,0.000000000000000,0.000000000000000,0.000000000000000,0.918273646000000,45.000000000000000,0.000000000000000,0.000000000000000,0.000000000000000,164.000000000000000,133.000000000000000,6158700.000000000000000,2039100.000000000000000,37.586732310000002,-121.890771500000000,0.000000000000000,0.000000000000000,149.000000000000000,16.000000000000000,0.000000000000000,0.000000000000000,0.000000000000000,0.000000000000000,0.000000000000000,0.000000000000000,0.000000000000000,0.000000000000000,0.000000000000000,12.000000000000000,144.000000000000000,0.000000000000000,0.000000000000000,5.000000000000000,28.147300699999999,13.678700400000000,0.000000000000000,0.000000000000000,-1.000000000000000,0.000000000000000,3818.000000000000000,0.000000000000000,0.000000000000000,0.000000000000000,0.000000000000000,0.000000000000000,0.000000000000000,0.110000000000000,14.100000400000001,0.000000000000000,42.308998099999997,0.000000000000000,3818.000000000000000,2.000000000000000,0.000000000000000,0.000000000000000,0.000000000000000,0.000000000000000,0.000000000000000,0.000000000000000,0.000000000000000,0.000000000000000,0.000000000000000,0.000000000000000,0.000000000000000,3.050780100000000,3.079690000000000,2.508690100000000,1.171580000000000,0.489519000000000,0.095049000000000,0.019455200000000,0.025491500000000,0.169699000000000,0.765061000000000,1.632830000000000,2.542830000000000,0.000000000000000,14.641900100000001,16.482200599999999,18.532400100000000,20.761199999999999,23.363899199999999,26.009000799999999,27.503099400000000,14.023799900000000,27.047700899999999,23.825199099999999,18.329399100000000,14.601800000000001,0.000000000000000,5.209330100000000,6.438640100000000,7.709099800000000,8.641429900000000,10.604299500000000,12.638099700000000,13.902799600000000,14.023799900000000,13.266500499999999,11.014499700000000,7.662970100000000,5.273180000000000,0.000000000000000,0.761083000000000,0.728910000000000,0.690989000000000,0.659072000000000,0.629343000000000,0.743343000000000,1.962640000000000,0.731938000000000,0.802640000000000,0.752917000000000,0.617140000000000,0.704248000000000,1.295890000000000,15.550674440000000,0.042964909000000,1.000000000000000,1.000000000000000,1.000000000000000,1.000000000000000,1.000000000000000,1.000000000000000,2.000000000000000,3.000000000000000,3.000000000000000,0.000000000000000,0.000000000000000,0.000000000000000,-50.000000000000000,-100.000000000000000,15.000000000000000,0.000000000000000,0.000000000000000,50.000000000000000,0.000000000000000,0.000000000000000,0.000000000000000,0.000000000000000,0.000000000000000,1.000000000000000,1.000000000000000,1.000000000000000,1.000000000000000,0.000000000000000,0.000000000000000,0.000000000000000,0.000000000000000,0.000000000000000,0.000000000000000,0.000000000000000,0.000000000000000,0.000000000000000,0.000000000000000,0.000000000000000,0.000000000000000,0.000000000000000,0.000000000000000,0.000000000000000,0.000000000000000,0.000000000000000,3.000000000000000,4.000000000000000,0.000000000000000,1.000000000000000,5.000000000000000,12.000000000000000
,112458.000000000000000,112457.000000000000000,112458.000000000000000,1.000000000000000,1.000000000000000,0.000000000000000,0.000000000000000,0.000000000000000,0.000000000000000,0.000000000000000,0.000000000000000,0.000000000000000,0.000000000000000,0.000000000000000,0.000000000000000,0.000000000000000,0.000000000000000,0.000000000000000,0.918273646000000,225.000000000000000,0.000000000000000,0.000000000000000,0.000000000000000,161.000000000000000,138.000000000000000,6159700.000000000000000,2039700.000000000000000,37.588420739999997,-121.887351400000000,0.000000000000000,0.000000000000000,140.000000000000000,32.000000000000000,0.000000000000000,0.000000000000000,0.000000000000000,0.000000000000000,0.000000000000000,0.000000000000000,0.000000000000000,0.000000000000000,0.000000000000000,10.000000000000000,144.000000000000000,0.000000000000000,0.000000000000000,5.000000000000000,28.424999199999998,13.765899700000000,0.000000000000000,0.000000000000000,0.000000000000000,0.000000000000000,3849.000000000000000,0.000000000000000,0.000000000000000,0.000000000000000,0.000000000000000,0.000000000000000,0.000000000000000,0.110000000000000,14.100000400000001,0.000000000000000,42.308998099999997,0.000000000000000,3849.000000000000000,2.000000000000000,0.000000000000000,0.000000000000000,0.000000000000000,0.000000000000000,0.000000000000000,0.000000000000000,0.000000000000000,0.000000000000000,0.000000000000000,0.000000000000000,0.000000000000000,3.047849900000000,3.074470000000000,2.509650000000000,1.163490100000000,0.491180000000000,0.095399500000000,0.019182900000000,0.025339000000000,0.168113000000000,0.766289000000000,1.633220000000000,2.538510100000000,0.000000000000000,14.651200299999999,16.491300599999999,18.543300599999998,20.764499699999998,23.379699700000000,26.024099300000000,27.524299599999999,14.035499600000000,27.061300299999999,23.833400699999999,18.341699599999998,14.609399800000000,0.000000000000000,5.208540000000000,6.439420200000000,7.702280000000000,8.640859600000001,10.608300200000000,12.650600400000000,13.913600000000001,14.035499600000000,13.268300099999999,11.014900200000000,7.670159800000000,5.273399800000000,0.000000000000000,0.760352000000000,0.727675000000000,0.691253000000000,0.654521000000000,0.631478000000000,0.746084000000000,1.935170100000000,0.727559000000000,0.795139000000000,0.754125000000000,0.617288000000000,0.703052000000000,1.294390000000000,15.532694820000000,0.042914271000000,1.000000000000000,1.000000000000000,1.000000000000000,1.000000000000000,1.000000000000000,1.000000000000000,2.000000000000000,3.000000000000000,3.000000000000000,0.000000000000000,0.000000000000000,0.000000000000000,-50.000000000000000,-100.000000000000000,14.000000000000000,0.000000000000000,0.000000000000000,50.000000000000000,0.000000000000000,0.000000000000000,0.000000000000000,0.000000000000000,0.000000000000000,1.000000000000000,1.000000000000000,1.000000000000000,1.000000000000000,0.000000000000000,0.000000000000000,0.000000000000000,0.000000000000000,0.000000000000000,0.000000000000000,0.000000000000000,0.000000000000000,0.000000000000000,0.000000000000000,0.000000000000000,0.000000000000000,0.000000000000000,0.000000000000000,0.000000000000000,0.000000000000000,0.000000000000000,3.000000000000000,4.000000000000000,0.000000000000000,1.000000000000000,5.000000000000000,10.000000000000000
,111100.000000000000000,22526.000000000000000,111100.000000000000000,1.000000000000000,1.000000000000000,0.000000000000000,0.000000000000000,0.000000000000000,0.000000000000000,0.000000000000000,0.000000000000000,0.000000000000000,0.000000000000000,0.000000000000000,0.000000000000000,0.000000000000000,0.000000000000000,0.000000000000000,0.918273646000000,0.000000000000000,0.000000000000000,0.000000000000000,0.000000000000000,159.000000000000000,184.000000000000000,6168900.000000000000000,2040100.000000000000000,37.589889460000002,-121.855622900000000,0.000000000000000,0.000000000000000,145.000000000000000,64.000000000000000,0.000000000000000,0.000000000000000,0.000000000000000,0.000000000000000,0.000000000000000,0.000000000000000,0.000000000000000,0.000000000000000,0.000000000000000,10.000000000000000,144.000000000000000,0.000000000000000,0.000000000000000,1.000000000000000,29.841800700000000,13.677399599999999,0.000000000000000,0.000000000000000,0.000000000000000,0.000000000000000,3175.000000000000000,0.000000000000000,0.000000000000000,0.000000000000000,0.000000000000000,0.000000000000000,0.000000000000000,0.140000000000000,33.700000799999998,0.000000000000000,2.931000000000000,0.000000000000000,3175.000000000000000,2.000000000000000,0.000000000000000,0.000000000000000,0.000000000000000,0.000000000000000,0.000000000000000,0.000000000000000,0.000000000000000,0.000000000000000,0.000000000000000,0.000000000000000,0.000000000000000,3.041520100000000,3.024620100000000,2.525430000000000,1.148260000000000,0.524422000000000,0.100450000000000,0.016902700000000,0.024534800000000,0.158776000000000,0.795659000000000,1.627620000000000,2.503609900000000,0.000000000000000,14.703100200000000,16.532100700000001,18.597400700000001,20.836099600000001,23.464899100000000,26.146499599999999,27.641300200000000,14.029000300000000,27.174400299999999,23.909200700000000,18.374599499999999,14.634100000000000,0.000000000000000,5.202469800000000,6.437689800000000,7.704500200000000,8.657609900000001,10.621700300000001,12.659400000000000,13.903800000000000,14.029000300000000,13.250300400000000,11.035400400000000,7.681819900000000,5.245450000000000,0.000000000000000,0.758773000000000,0.715876000000000,0.695600000000000,0.645954000000000,0.674215000000000,0.785582000000000,1.705140000000000,0.704468000000000,0.750977000000000,0.783029000000000,0.615171000000000,0.693386000000000,1.290980000000000,15.491804119999999,0.042787742000000,1.000000000000000,0.000000000000000,0.000000000000000,1.000000000000000,1.000000000000000,0.000000000000000,0.000000000000000,3.000000000000000,3.000000000000000,0.000000000000000,0.000000000000000,0.000000000000000,-50.000000000000000,-100.000000000000000,0.000000000000000,0.000000000000000,0.000000000000000,50.000000000000000,0.000000000000000,0.000000000000000,0.000000000000000,0.000000000000000,0.000000000000000,0.000000000000000,0.000000000000000,1.000000000000000,1.000000000000000,0.000000000000000,0.000000000000000,0.000000000000000,0.000000000000000,0.000000000000000,0.000000000000000,0.000000000000000,0.000000000000000,0.000000000000000,0.000000000000000,0.000000000000000,0.000000000000000,0.000000000000000,0.000000000000000,0.000000000000000,0.000000000000000,0.000000000000000,0.000000000000000,4.000000000000000,0.000000000000000,0.000000000000000,5.000000000000000,10.000000000000000
,110247.000000000000000,110246.000000000000000,110247.000000000000000,1.000000000000000,1.000000000000000,0.000000000000000,0.000000000000000,0.000000000000000,0.000000000000000,0.000000000000000,0.000000000000000,0.000000000000000,0.000000000000000,0.000000000000000,0.000000000000000,0.000000000000000,0.000000000000000,0.000000000000000,0.918273646000000,180.000000000000000,0.000000000000000,0.000000000000000,0.000000000000000,158.000000000000000,33.000000000000000,6138700.000000000000000,2040300.000000000000000,37.589191090000000,-121.959851800000000,0.000000000000000,0.000000000000000,132.000000000000000,4.000000000000000,0.000000000000000,0.000000000000000,0.000000000000000,0.000000000000000,0.000000000000000,0.000000000000000,0.000000000000000,0.000000000000000,0.000000000000000,10.000000000000000,144.000000000000000,0.000000000000000,0.000000000000000,5.000000000000000,27.304800000000000,13.449600200000001,0.000000000000000,0.000000000000000,0.000000000000000,0.000000000000000,3660.000000000000000,0.000000000000000,0.000000000000000,0.000000000000000,0.000000000000000,0.000000000000000,0.000000000000000,0.000000000000000,0.000000000000000,0.000000000000000,0.000000000000000,0.000000000000000,3660.000000000000000,2.000000000000000,0.000000000000000,0.000000000000000,0.000000000000000,0.000000000000000,0.000000000000000,0.000000000000000,0.000000000000000,0.000000000000000,0.000000000000000,0.000000000000000,0.000000000000000,3.187350000000000,3.321850100000000,2.578409900000000,1.109650000000000,0.438432000000000,0.098992800000000,0.021749700000000,0.028517200000000,0.146614000000000,0.746717000000000,1.635139900000000,2.705610000000000,0.000000000000000,14.670399700000001,16.497499500000000,18.518299100000000,20.863300299999999,23.451200499999999,26.101900100000002,27.603000600000001,13.843299900000000,27.128000300000000,23.917800900000000,18.316299399999998,14.605099700000000,0.000000000000000,5.098979900000000,6.302720100000000,7.520510200000000,8.429570200000001,10.387599900000000,12.351900100000000,13.753899600000000,13.843299900000000,13.019100200000000,10.857399900000001,7.522500000000000,5.135459900000000,0.000000000000000,0.795154000000000,0.786226000000000,0.710192000000000,0.624234000000000,0.563663000000000,0.774186000000000,2.194099900000000,0.818815000000000,0.693453000000000,0.734864000000000,0.618013000000000,0.749331000000000,1.334920000000000,16.019031519999999,0.044286624000000,1.000000000000000,0.000000000000000,0.000000000000000,1.000000000000000,1.000000000000000,0.000000000000000,0.000000000000000,2.000000000000000,2.000000000000000,0.000000000000000,0.000000000000000,0.000000000000000,0.000000000000000,0.000000000000000,0.000000000000000,0.000000000000000,0.000000000000000,50.000000000000000,0.000000000000000,0.000000000000000,0.000000000000000,0.000000000000000,0.000000000000000,0.000000000000000,0.000000000000000,1.000000000000000,1.000000000000000,0.000000000000000,0.000000000000000,0.000000000000000,0.000000000000000,0.000000000000000,0.000000000000000,0.000000000000000,0.000000000000000,0.000000000000000,0.000000000000000,0.000000000000000,0.000000000000000,0.000000000000000,0.000000000000000,0.000000000000000,0.000000000000000,0.000000000000000,0.000000000000000,5.000000000000000,0.000000000000000,0.000000000000000,5.000000000000000,10.000000000000000
,108263.000000000000000,108262.000000000000000,108263.000000000000000,1.000000000000000,1.000000000000000,0.000000000000000,0.000000000000000,0.000000000000000,0.000000000000000,0.000000000000000,0.000000000000000,0.000000000000000,0.000000000000000,0.000000000000000,0.000000000000000,0.000000000000000,0.000000000000000,0.000000000000000,0.918273646000000,225.000000000000000,0.000000000000000,0.000000000000000,0.000000000000000,155.000000000000000,155.000000000000000,6163100.000000000000000,2040900.000000000000000,37.591853909999998,-121.875679199999990,0.000000000000000,0.000000000000000,-10.000000000000000,8.000000000000000,0.000000000000000,0.000000000000000,0.000000000000000,0.000000000000000,0.000000000000000,0.000000000000000,0.000000000000000,0.000000000000000,0.000000000000000,12.000000000000000,144.000000000000000,0.000000000000000,0.000000000000000,5.000000000000000,29.112600300000000,13.860600500000000,0.000000000000000,0.000000000000000,0.000000000000000,0.000000000000000,3.000000000000000,0.000000000000000,0.000000000000000,0.000000000000000,0.000000000000000,0.000000000000000,0.000000000000000,0.140000000000000,33.700000799999998,0.000000000000000,2.931000000000000,0.000000000000000,28.000000000000000,2.000000000000000,0.000000000000000,0.000000000000000,0.000000000000000,0.000000000000000,0.000000000000000,0.000000000000000,0.000000000000000,0.000000000000000,0.000000000000000,0.000000000000000,0.000000000000000,3.030459900000000,3.050290100000000,2.502980000000000,1.155210000000000,0.501444000000000,0.097167000000000,0.018256000000000,0.024867500000000,0.165229000000000,0.775582000000000,1.631310000000000,2.517339900000000,0.000000000000000,14.674699800000001,16.513099700000001,18.565000500000000,20.783700899999999,23.426399199999999,26.082000699999998,27.574399900000000,14.034199700000000,27.115800900000000,23.869199800000001,18.358100900000000,14.623299599999999,0.000000000000000,5.211309900000000,6.439159900000000,7.691619900000000,8.649459800000001,10.619000399999999,12.649800300000001,13.916700400000000,14.034199700000000,13.259900099999999,11.019100200000000,7.687640200000000,5.260019800000000,0.000000000000000,0.756014000000000,0.721952000000000,0.689416000000000,0.649863000000000,0.644674000000000,0.759907000000000,1.841660000000000,0.714021000000000,0.781498000000000,0.763270000000000,0.616566000000000,0.697189000000000,1.289180000000000,15.470134740000001,0.042738129000000,1.000000000000000,0.000000000000000,0.000000000000000,1.000000000000000,1.000000000000000,0.000000000000000,0.000000000000000,3.000000000000000,3.000000000000000,0.000000000000000,0.000000000000000,0.000000000000000,-50.000000000000000,-100.000000000000000,0.000000000000000,0.000000000000000,0.000000000000000,50.000000000000000,0.000000000000000,0.000000000000000,0.000000000000000,0.000000000000000,0.000000000000000,0.000000000000000,0.000000000000000,1.000000000000000,1.000000000000000,0.000000000000000,0.000000000000000,0.000000000000000,0.000000000000000,0.000000000000000,0.000000000000000,0.000000000000000,0.000000000000000,0.000000000000000,0.000000000000000,0.000000000000000,0.000000000000000,0.000000000000000,0.000000000000000,0.000000000000000,0.000000000000000,0.000000000000000,0.000000000000000,4.000000000000000,0.000000000000000,0.000000000000000,5.000000000000000,12.000000000000000
,101340.000000000000000,101339.000000000000000,101340.000000000000000,1.000000000000000,1.000000000000000,0.000000000000000,0.000000000000000,0.000000000000000,0.000000000000000,0.000000000000000,0.000000000000000,0.000000000000000,0.000000000000000,0.000000000000000,0.000000000000000,0.000000000000000,0.000000000000000,0.000000000000000,0.918273646000000,315.000000000000000,0.000000000000000,0.000000000000000,0.000000000000000,145.000000000000000,252.000000000000000,6182500.000000000000000,2042900.000000000000000,37.598110329999997,-121.808824300000000,0.000000000000000,0.000000000000000,114.000000000000000,16.000000000000000,0.000000000000000,0.000000000000000,0.000000000000000,0.000000000000000,0.000000000000000,0.000000000000000,0.000000000000000,0.000000000000000,0.000000000000000,4.000000000000000,144.000000000000000,0.000000000000000,0.000000000000000,1.000000000000000,30.114500000000000,13.518799800000000,0.000000000000000,0.000000000000000,-1.000000000000000,0.000000000000000,2.000000000000000,0.000000000000000,0.000000000000000,0.000000000000000,0.000000000000000,0.000000000000000,0.000000000000000,0.140000000000000,33.700000799999998,0.000000000000000,2.931000000000000,0.000000000000000,18.000000000000000,2.000000000000000,0.000000000000000,0.000000000000000,0.000000000000000,0.000000000000000,0.000000000000000,0.000000000000000,0.000000000000000,0.000000000000000,0.000000000000000,0.000000000000000,0.000000000000000,3.153990000000000,2.931279900000000,2.749980000000000,1.147900000000000,0.627241000000000,0.117157000000000,0.013966000000000,0.022794700000000,0.144204000000000,0.862462000000000,1.703900000000000,2.526740100000000,0.000000000000000,14.815899800000000,16.635999699999999,18.722299599999999,20.976100899999999,23.628000300000000,26.364700299999999,28.098300900000002,13.985099800000000,27.297399500000001,23.923700300000000,18.568599700000000,14.716400100000000,0.000000000000000,5.035830000000000,6.294370200000000,7.583570000000000,8.624699600000000,10.610699700000000,12.607399900000001,13.854999500000000,13.985099800000000,13.235300100000000,11.033100100000000,7.572100200000000,5.137760200000000,0.000000000000000,0.683695000000000,0.609836000000000,0.685970000000000,0.618761000000000,0.556272000000000,0.453710000000000,0.500859000000000,0.630032000000000,0.471981000000000,0.629691000000000,0.524319000000000,0.574710000000000,1.333470000000000,16.001613620000001,0.044138312000000,1.000000000000000,0.000000000000000,1.000000000000000,1.000000000000000,1.000000000000000,0.000000000000000,2.000000000000000,3.000000000000000,3.000000000000000,0.000000000000000,0.000000000000000,0.000000000000000,-50.000000000000000,-100.000000000000000,0.000000000000000,20.000000000000000,0.000000000000000,50.000000000000000,0.000000000000000,0.000000000000000,0.000000000000000,0.000000000000000,0.000000000000000,0.000000000000000,1.000000000000000,1.000000000000000,1.000000000000000,0.000000000000000,0.000000000000000,0.000000000000000,0.000000000000000,0.000000000000000,0.000000000000000,0.000000000000000,0.000000000000000,0.000000000000000,0.000000000000000,0.000000000000000,0.000000000000000,0.000000000000000,0.000000000000000,0.000000000000000,0.000000000000000,0.000000000000000,3.000000000000000,4.000000000000000,0.000000000000000,0.000000000000000,5.000000000000000,4.000000000000000
,93483.000000000000000,93482.000000000000000,93483.000000000000000,1.000000000000000,1.000000000000000,0.000000000000000,0.000000000000000,0.000000000000000,0.000000000000000,0.000000000000000,0.000000000000000,0.000000000000000,0.000000000000000,0.000000000000000,0.000000000000000,0.000000000000000,0.000000000000000,0.000000000000000,0.918273646000000,180.000000000000000,0.000000000000000,0.000000000000000,0.000000000000000,134.000000000000000,117.000000000000000,6155500.000000000000000,2045100.000000000000000,37.603077810000002,-121.902124400000010,0.000000000000000,0.000000000000000,124.000000000000000,4.000000000000000,0.000000000000000,0.000000000000000,0.000000000000000,0.000000000000000,0.000000000000000,0.000000000000000,0.000000000000000,0.000000000000000,0.000000000000000,10.000000000000000,144.000000000000000,0.000000000000000,0.000000000000000,5.000000000000000,27.765699399999999,13.512800199999999,0.000000000000000,0.000000000000000,0.000000000000000,0.000000000000000,2.000000000000000,0.000000000000000,0.000000000000000,0.000000000000000,0.000000000000000,0.000000000000000,0.000000000000000,0.130000000000000,21.399999600000001,0.000000000000000,7.235000100000000,0.000000000000000,18.000000000000000,2.000000000000000,0.000000000000000,0.000000000000000,0.000000000000000,0.000000000000000,0.000000000000000,0.000000000000000,0.000000000000000,0.000000000000000,0.000000000000000,0.000000000000000,0.000000000000000,3.116600000000000,3.150769900000000,2.575099900000000,1.147280000000000,0.479428000000000,0.094999500000000,0.019990900000000,0.025978700000000,0.162094000000000,0.757979000000000,1.649760000000000,2.609649900000000,0.000000000000000,14.709699600000000,16.553300900000000,18.663900399999999,20.784599300000000,23.438100800000001,26.102100400000001,27.557199499999999,13.905300100000000,27.139200200000001,23.886199999999999,18.399400700000001,14.652099600000000,0.000000000000000,5.075419900000000,6.294040200000000,7.526929900000000,8.460069700000000,10.448499699999999,12.508899700000001,13.800900499999999,13.905300100000000,13.132900200000000,10.863799999999999,7.518529900000000,5.129950000000000,0.000000000000000,0.777504000000000,0.745734000000000,0.709281000000000,0.645402000000000,0.616369000000000,0.742956000000000,2.016680000000000,0.745927000000000,0.766670000000000,0.745947000000000,0.623539000000000,0.722755000000000,1.315800000000000,15.789630890000000,0.043626383000000,1.000000000000000,0.000000000000000,0.000000000000000,1.000000000000000,1.000000000000000,0.000000000000000,0.000000000000000,2.000000000000000,2.000000000000000,0.000000000000000,0.000000000000000,0.000000000000000,0.000000000000000,0.000000000000000,0.000000000000000,0.000000000000000,100.000000000000000,50.000000000000000,0.000000000000000,0.000000000000000,0.000000000000000,0.000000000000000,0.000000000000000,0.000000000000000,0.000000000000000,1.000000000000000,1.000000000000000,0.000000000000000,0.000000000000000,0.000000000000000,0.000000000000000,0.000000000000000,0.000000000000000,0.000000000000000,0.000000000000000,0.000000000000000,0.000000000000000,0.000000000000000,0.000000000000000,0.000000000000000,0.000000000000000,0.000000000000000,0.000000000000000,0.000000000000000,0.000000000000000,5.000000000000000,0.000000000000000,0.000000000000000,5.000000000000000,10.000000000000000
,78801.000000000000000,78800.000000000000000,78801.000000000000000,1.000000000000000,1.000000000000000,0.000000000000000,0.000000000000000,0.000000000000000,0.000000000000000,0.000000000000000,0.000000000000000,0.000000000000000,0.000000000000000,0.000000000000000,0.000000000000000,0.000000000000000,0.000000000000000,0.000000000000000,0.918273646000000,225.000000000000000,0.000000000000000,0.000000000000000,0.000000000000000,113.000000000000000,177.000000000000000,6167500.000000000000000,2049300.000000000000000,37.615097960000000,-121.860916000000000,0.000000000000000,0.000000000000000,66.000000000000000,16.000000000000000,0.000000000000000,0.000000000000000,0.000000000000000,0.000000000000000,0.000000000000000,0.000000000000000,0.000000000000000,0.000000000000000,0.000000000000000,10.000000000000000,144.000000000000000,0.000000000000000,0.000000000000000,5.000000000000000,29.924100899999999,13.553099599999999,0.000000000000000,0.000000000000000,0.000000000000000,0.000000000000000,1.000000000000000,0.000000000000000,0.000000000000000,0.000000000000000,0.000000000000000,0.000000000000000,0.000000000000000,0.140000000000000,33.700000799999998,0.000000000000000,2.931000000000000,0.000000000000000,18.000000000000000,2.000000000000000,0.000000000000000,0.000000000000000,0.000000000000000,0.000000000000000,0.000000000000000,0.000000000000000,0.000000000000000,0.000000000000000,0.000000000000000,0.000000000000000,0.000000000000000,3.080670100000000,3.114710100000000,2.588360100000000,1.144500000000000,0.511346000000000,0.101614000000000,0.016858800000000,0.026925900000000,0.155009000000000,0.791643000000000,1.637090000000000,2.556050100000000,0.000000000000000,14.842700000000001,16.661800400000001,18.721900900000001,20.934699999999999,23.566799199999998,26.242599500000001,27.797399500000001,13.920100200000000,27.252099999999999,23.954399100000000,18.523300200000001,14.737600300000000,0.000000000000000,5.072340000000000,6.313310100000000,7.556779900000000,8.514840100000001,10.492799800000000,12.509200099999999,13.794099800000000,13.920100200000000,13.153100000000000,10.972999600000000,7.551380200000000,5.135910000000000,0.000000000000000,0.667802000000000,0.647997000000000,0.645655000000000,0.616928000000000,0.453490000000000,0.393517000000000,0.604603000000000,0.744216000000000,0.507346000000000,0.577985000000000,0.503760000000000,0.581376000000000,1.310400000000000,15.724777220000000,0.043440241000000,1.000000000000000,0.000000000000000,0.000000000000000,1.000000000000000,1.000000000000000,0.000000000000000,0.000000000000000,3.000000000000000,3.000000000000000,0.000000000000000,0.000000000000000,0.000000000000000,-50.000000000000000,-100.000000000000000,0.000000000000000,0.000000000000000,0.000000000000000,50.000000000000000,0.000000000000000,0.000000000000000,0.000000000000000,0.000000000000000,0.000000000000000,0.000000000000000,0.000000000000000,1.000000000000000,1.000000000000000,0.000000000000000,0.000000000000000,0.000000000000000,0.000000000000000,0.000000000000000,0.000000000000000,0.000000000000000,0.000000000000000,0.000000000000000,0.000000000000000,0.000000000000000,0.000000000000000,0.000000000000000,0.000000000000000,0.000000000000000,0.000000000000000,0.000000000000000,0.000000000000000,4.000000000000000,0.000000000000000,0.000000000000000,5.000000000000000,10.000000000000000
,77986.000000000000000,77985.000000000000000,77986.000000000000000,1.000000000000000,1.000000000000000,0.000000000000000,0.000000000000000,0.000000000000000,0.000000000000000,0.000000000000000,0.000000000000000,0.000000000000000,0.000000000000000,0.000000000000000,0.000000000000000,0.000000000000000,0.000000000000000,0.000000000000000,0.918273646000000,135.000000000000000,0.000000000000000,0.000000000000000,0.000000000000000,112.000000000000000,64.000000000000000,6144900.000000000000000,2049500.000000000000000,37.614718740000001,-121.938944400000000,0.000000000000000,0.000000000000000,52.000000000000000,4.000000000000000,0.000000000000000,0.000000000000000,0.000000000000000,0.000000000000000,0.000000000000000,0.000000000000000,0.000000000000000,0.000000000000000,0.000000000000000,10.000000000000000,144.000000000000000,0.000000000000000,0.000000000000000,5.000000000000000,26.971099899999999,13.078800200000000,0.000000000000000,0.000000000000000,1.000000000000000,0.000000000000000,4.000000000000000,0.000000000000000,0.000000000000000,0.000000000000000,0.000000000000000,0.000000000000000,0.000000000000000,0.140000000000000,21.399999600000001,0.000000000000000,7.214000200000000,0.000000000000000,36.000000000000000,2.000000000000000,0.000000000000000,0.000000000000000,0.000000000000000,0.000000000000000,0.000000000000000,0.000000000000000,0.000000000000000,0.000000000000000,0.000000000000000,0.000000000000000,0.000000000000000,3.253040100000000,3.415339900000000,2.668770100000000,1.099140000000000,0.434308000000000,0.099711000000000,0.021229500000000,0.027496000000000,0.150408000000000,0.749270000000000,1.635460000000000,2.794159900000000,0.000000000000000,14.817399999999999,16.613599799999999,18.706800500000000,20.969600700000001,23.600999800000000,26.321100200000000,27.904600100000000,13.683799700000000,27.343599300000001,24.030500400000001,18.501300799999999,14.722000100000001,0.000000000000000,4.873240000000000,6.077620000000000,7.294640100000000,8.231780100000000,10.223199800000000,12.258199700000000,13.585399600000001,13.683799700000000,12.860500300000000,10.635600100000000,7.285870100000000,4.902450100000000,0.000000000000000,0.811542000000000,0.808353000000000,0.735081000000000,0.618321000000000,0.558361000000000,0.779802000000000,2.141629900000000,0.789493000000000,0.711398000000000,0.737376000000000,0.618134000000000,0.773855000000000,1.362360000000000,16.348333360000002,0.045198262000000,1.000000000000000,0.000000000000000,1.000000000000000,1.000000000000000,1.000000000000000,0.000000000000000,2.000000000000000,2.000000000000000,2.000000000000000,0.000000000000000,0.000000000000000,0.000000000000000,0.000000000000000,0.000000000000000,0.000000000000000,20.000000000000000,100.000000000000000,50.000000000000000,0.000000000000000,0.000000000000000,0.000000000000000,0.000000000000000,0.000000000000000,0.000000000000000,1.000000000000000,1.000000000000000,1.000000000000000,0.000000000000000,0.000000000000000,0.000000000000000,0.000000000000000,0.000000000000000,0.000000000000000,0.000000000000000,0.000000000000000,0.000000000000000,0.000000000000000,0.000000000000000,0.000000000000000,0.000000000000000,0.000000000000000,0.000000000000000,0.000000000000000,0.000000000000000,3.000000000000000,5.000000000000000,0.000000000000000,0.000000000000000,5.000000000000000,10.000000000000000
,22518.000000000000000,22517.000000000000000,22518.000000000000000,1.000000000000000,1.000000000000000,0.000000000000000,0.000000000000000,0.000000000000000,0.000000000000000,0.000000000000000,0.000000000000000,0.000000000000000,0.000000000000000,0.000000000000000,0.000000000000000,0.000000000000000,0.000000000000000,0.000000000000000,0.918273646000000,45.000000000000000,0.000000000000000,0.000000000000000,0.000000000000000,33.000000000000000,54.000000000000000,6142900.000000000000000,2065300.000000000000000,37.658021980000001,-121.946691800000000,0.000000000000000,0.000000000000000,3.000000000000000,64.000000000000000,0.000000000000000,0.000000000000000,0.000000000000000,0.000000000000000,0.000000000000000,0.000000000000000,0.000000000000000,0.000000000000000,0.000000000000000,10.000000000000000,144.000000000000000,0.000000000000000,0.000000000000000,5.000000000000000,27.469200099999998,13.605600400000000,0.000000000000000,0.000000000000000,-1.000000000000000,0.000000000000000,4.000000000000000,0.000000000000000,0.000000000000000,0.000000000000000,0.000000000000000,0.000000000000000,0.000000000000000,0.130000000000000,21.399999600000001,0.000000000000000,7.235000100000000,0.000000000000000,36.000000000000000,2.000000000000000,0.000000000000000,0.000000000000000,0.000000000000000,0.000000000000000,0.000000000000000,0.000000000000000,0.000000000000000,0.000000000000000,0.000000000000000,0.000000000000000,0.000000000000000,3.819910000000000,3.907599900000000,3.054359900000000,1.182330000000000,0.453525000000000,0.097380600000000,0.017278100000000,0.030049000000000,0.154349000000000,0.810121000000000,1.733830000000000,3.213210100000000,0.000000000000000,15.024299600000001,16.750600800000001,18.799499500000000,21.152399100000000,23.894899400000000,26.701400799999998,28.464700700000002,13.236700100000000,27.684400600000000,24.240800900000000,18.616399800000000,14.802499800000000,0.000000000000000,4.548719900000000,5.749899900000000,6.909910200000000,7.811220200000000,9.776829700000000,11.777299899999999,13.148300200000000,13.236700100000000,12.439999600000000,10.315899800000000,6.924369800000000,4.595039800000000,0.000000000000000,0.952960000000000,0.924863000000000,0.841287000000000,0.665120000000000,0.583067000000000,0.761577000000000,1.743010000000000,0.862798000000000,0.730038000000000,0.797261000000000,0.655314000000000,0.889913000000000,1.539500000000000,18.473941799999999,0.051070456000000,1.000000000000000,0.000000000000000,1.000000000000000,1.000000000000000,1.000000000000000,0.000000000000000,2.000000000000000,2.000000000000000,2.000000000000000,0.000000000000000,0.000000000000000,0.000000000000000,0.000000000000000,0.000000000000000,0.000000000000000,20.000000000000000,100.000000000000000,50.000000000000000,0.000000000000000,0.000000000000000,0.000000000000000,0.000000000000000,0.000000000000000,0.000000000000000,1.000000000000000,1.000000000000000,1.000000000000000,0.000000000000000,0.000000000000000,0.000000000000000,0.000000000000000,0.000000000000000,0.000000000000000,0.000000000000000,0.000000000000000,0.000000000000000,0.000000000000000,0.000000000000000,0.000000000000000,0.000000000000000,0.000000000000000,0.000000000000000,0.000000000000000,0.000000000000000,3.000000000000000,5.000000000000000,0.000000000000000,0.000000000000000,5.000000000000000,10.000000000000000