..\Lay_1_K_PP_List.txt
..\Lay_1_Zone_Arr.txt
 702 771
 100
PP_1_L_1
PP_2_L_1
PP_3_L_1
PP_4_L_1
PP_5_L_1
PP_6_L_1
PP_7_L_1
PP_8_L_1
PP_9_L_1
PP_10_L_1
PP_11_L_1
PP_12_L_1
PP_13_L_1
PP_14_L_1
PP_15_L_1
PP_16_L_1
PP_17_L_1
PP_18_L_1
PP_19_L_1
PP_20_L_1
PP_21_L_1
PP_22_L_1
PP_23_L_1
PP_24_L_1
PP_25_L_1
PP_26_L_1
PP_27_L_1
PP_28_L_1
PP_29_L_1
PP_30_L_1
PP_31_L_1
PP_32_L_1
PP_33_L_1
PP_34_L_1
PP_35_L_1
PP_36_L_1
PP_37_L_1
PP_38_L_1
PP_39_L_1
PP_40_L_1
PP_41_L_1
PP_42_L_1
PP_43_L_1
PP_44_L_1
PP_45_L_1
PP_46_L_1
PP_47_L_1
PP_48_L_1
PP_49_L_1
PP_50_L_1
PP_51_L_1
PP_52_L_1
PP_53_L_1
PP_54_L_1
PP_55_L_1
PP_56_L_1
PP_57_L_1
PP_58_L_1
PP_59_L_1
PP_60_L_1
PP_61_L_1
PP_62_L_1
PP_63_L_1
PP_64_L_1
PP_65_L_1
PP_66_L_1
PP_67_L_1
PP_68_L_1
PP_69_L_1
PP_70_L_1
PP_71_L_1
PP_72_L_1
PP_73_L_1
PP_74_L_1
PP_75_L_1
PP_76_L_1
PP_77_L_1
PP_78_L_1
PP_79_L_1
PP_80_L_1
PP_81_L_1
PP_82_L_1
PP_83_L_1
PP_84_L_1
PP_85_L_1
PP_86_L_1
PP_87_L_1
PP_88_L_1
PP_89_L_1
PP_90_L_1
PP_91_L_1
PP_92_L_1
PP_93_L_1
PP_94_L_1
PP_95_L_1
PP_96_L_1
PP_97_L_1
PP_98_L_1
PP_99_L_1
PP_100_L_1
 96329 1 8 0.00000000E+00 17 0.677738607 2 -0.116958953 3 9.43362117E-02 1 8.69331285E-02 4 -3.53060686E-03 5 0.156442180 34 -0.132884711 25 0.237924159
 97029 1 8 0.00000000E+00 17 0.692833006 2 -0.118315801 3 9.34860483E-02 1 9.34564620E-02 4 -4.32673888E-03 5 0.151473045 34 -0.129305214 25 0.220699161
 97030 1 8 0.00000000E+00 17 0.686585069 2 -0.116867758 3 9.52894986E-02 1 8.58496502E-02 4 -3.09892092E-03 5 0.155822128 34 -0.132093593 25 0.228513926
 97031 1 8 0.00000000E+00 17 0.679998577 2 -0.115475163 3 9.68650505E-02 1 7.88875371E-02 4 -1.95636577E-03 5 0.159932882 34 -0.134722173 25 0.236469671
 97729 1 8 0.00000000E+00 17 0.707946360 2 -0.119820431 1 0.102308780 3 9.17339101E-02 4 -5.51680848E-03 5 0.144988388 34 -0.124714926 25 0.203074723
 97730 1 8 0.00000000E+00 17 0.702075601 2 -0.118224964 3 9.40533504E-02 1 9.32870954E-02 4 -4.06832760E-03 5 0.149980292 34 -0.127906680 25 0.210803673
 97731 1 8 0.00000000E+00 17 0.695733130 2 -0.116696730 3 9.61232930E-02 1 8.50116536E-02 4 -2.70099589E-03 5 0.154753998 34 -0.130943850 25 0.218719497
 97732 1 8 0.00000000E+00 17 0.688996017 2 -0.115238301 3 9.79464427E-02 1 7.74479657E-02 4 -1.42340199E-03 5 0.159290493 34 -0.133822069 25 0.226802826
 97733 1 8 0.00000000E+00 17 0.681935132 2 -0.113847330 3 9.95225683E-02 1 7.05604255E-02 4 -2.39372923E-04 5 0.163568839 34 -0.136534497 25 0.235034242
 97734 1 8 0.00000000E+00 17 0.674612701 2 -0.112520963 3 0.100859962 1 6.43137842E-02 4 8.44584603E-04 5 0.167575061 34 -0.139076874 25 0.243391767
 98427 1 8 0.00000000E+00 17 0.730770648 1 0.138174385 2 -0.125253543 3 8.22576061E-02 4 -1.06402077E-02 5 0.125243396 34 -0.111475348 25 0.170923069
 98428 1 8 0.00000000E+00 17 0.727150738 2 -0.123356879 1 0.125662789 3 8.56816173E-02 4 -8.88332166E-03 5 0.131133720 34 -0.115329094 25 0.177940413
 98429 1 8 0.00000000E+00 17 0.722685337 2 -0.121519141 1 0.114060186 3 8.88598561E-02 4 -7.15917069E-03 5 0.136903197 34 -0.119058304 25 0.185228020
 98430 1 8 0.00000000E+00 17 0.717472911 2 -0.119751036 1 0.103347152 3 9.17810202E-02 4 -5.48712397E-03 5 0.142519489 34 -0.122652784 25 0.192770347
 98431 1 8 0.00000000E+00 17 0.711612999 2 -0.118058234 1 9.34936479E-02 3 9.44347978E-02 4 -3.88212269E-03 5 0.147955477 34 -0.126104832 25 0.200548247
 98432 1 8 0.00000000E+00 17 0.705199838 2 -0.116442434 3 9.68129188E-02 1 8.44657943E-02 4 -2.35608942E-03 5 0.153180927 34 -0.129404470 25 0.208543479
 98433 1 8 0.00000000E+00 17 0.698321998 2 -0.114903897 3 9.89140645E-02 1 7.62264878E-02 4 -9.21110797E-04 5 0.158172265 34 -0.132544562 25 0.216734752
 98434 1 8 0.00000000E+00 17 0.691061854 2 -0.113444477 3 0.100748092 1 6.87356666E-02 4 4.09082248E-04 5 0.162905008 34 -0.135516182 25 0.225100979
 98435 1 8 0.00000000E+00 17 0.683495224 2 -0.112059683 3 0.102312692 1 6.19524680E-02 4 1.63389253E-03 5 0.167360723 34 -0.138316736 25 0.233621433
 98436 1 8 0.00000000E+00 17 0.675691187 2 -0.110749342 3 0.103622027 1 5.58352359E-02 4 2.74525257E-03 5 0.171520948 34 -0.140938386 25 0.242273062
 99128 1 8 0.00000000E+00 17 0.739606261 1 0.143177196 2 -0.125523791 3 8.07960778E-02 4 -1.11988075E-02 5 0.120904215 34 -0.108191349 25 0.160430223
 99129 1 8 0.00000000E+00 17 0.736445308 2 -0.123486169 1 0.129432827 3 8.46369937E-02 4 -9.29178577E-03 5 0.127186641 34 -0.112295866 25 0.167372033
 99130 1 8 0.00000000E+00 17 0.732289791 2 -0.121515341 1 0.116694823 3 8.82297009E-02 4 -7.40763731E-03 5 0.133376226 34 -0.116283976 25 0.174616426
 99131 1 8 0.00000000E+00 17 0.727254570 2 -0.119620048 1 0.104942411 3 9.15467292E-02 4 -5.56340953E-03 5 0.139437690 34 -0.120144464 25 0.182146505
 99132 1 8 0.00000000E+00 17 0.721454918 2 -0.117809474 1 9.41450670E-02 3 9.45770964E-02 4 -3.78233544E-03 5 0.145336077 34 -0.123866126 25 0.189944759
 99133 1 8 0.00000000E+00 17 0.715000927 2 -0.116090395 3 9.73118842E-02 1 8.42670873E-02 4 -2.08102283E-03 5 0.151039004 34 -0.127439246 25 0.197991744
 99134 1 8 0.00000000E+00 17 0.707997084 2 -0.114461854 3 9.97414738E-02 1 7.52670020E-02 4 -4.71940322E-04 5 0.156516030 34 -0.130853608 25 0.206265837
 99829 1 8 0.00000000E+00 17 0.748308122 1 0.149328351 2 -0.125794441 3 7.88383856E-02 4 -1.19075421E-02 5 0.115890823 34 -0.104417436 25 0.149753705
 99830 1 8 0.00000000E+00 17 0.745761812 1 0.134177342 2 -0.123597264 3 8.31432417E-02 4 -9.84972436E-03 5 0.122557819 34 -0.108772978 25 0.156579718
 99831 1 8 0.00000000E+00 17 0.742040098 2 -0.121468022 1 0.120141871 3 8.71936753E-02 4 -7.79439369E-03 5 0.129167825 34 -0.113022953 25 0.163741916
 99832 1 8 0.00000000E+00 17 0.737276435 2 -0.119426548 1 0.107203066 3 9.09651518E-02 4 -5.76897804E-03 5 0.135681376 34 -0.117154419 25 0.171223894
 99833 1 8 0.00000000E+00 17 0.731602490 2 -0.117478058 1 9.53314379E-02 3 9.44278687E-02 4 -3.79592041E-03 5 0.142058238 34 -0.121154338 25 0.179008260
 99834 1 8 0.00000000E+00 17 0.725151360 2 -0.115634836 3 9.75700542E-02 1 8.44860896E-02 4 -1.89751107E-03 5 0.148260981 34 -0.125011772 25 0.187075645
 100530 1 8 0.00000000E+00 17 0.756729126 1 0.156855524 2 -0.126078919 3 7.62992427E-02 4 -1.27824619E-02 5 0.110171117 34 -0.100127354 25 0.138933703
 100531 1 8 0.00000000E+00 17 0.754999161 1 0.140091807 2 -0.123698182 3 8.11091959E-02 4 -1.05747888E-02 5 0.117204137 34 -0.104731396 25 0.145600051
 100532 1 8 0.00000000E+00 17 0.751874506 1 0.124565445 2 -0.121386848 3 8.56748819E-02 4 -8.34729429E-03 5 0.124225333 34 -0.109243296 25 0.152637288
 100533 1 8 0.00000000E+00 17 0.747507751 2 -0.119168580 1 0.110264197 3 8.99540335E-02 4 -6.12989534E-03 5 0.131190807 34 -0.113648131 25 0.160029829
 100534 1 8 0.00000000E+00 17 0.742051721 2 -0.117056809 1 9.71593037E-02 3 9.39117372E-02 4 -3.95009946E-03 5 0.138055310 34 -0.117932819 25 0.167761639
 101231 1 8 0.00000000E+00 17 0.764654875 1 0.166046783 2 -0.126397476 3 7.30854198E-02 4 -1.38321919E-02 5 0.103721291 34 -9.52996835E-02 25 0.128021017
 101232 1 8 0.00000000E+00 17 0.764008820 1 0.147422016 2 -0.123808838 3 7.84410015E-02 4 -1.14868246E-02 5 0.111087441 34 -0.100141808 25 0.134478211
 101233 1 8 0.00000000E+00 17 0.761698544 1 0.130173564 2 -0.121283971 3 8.35699067E-02 4 -9.08840448E-03 5 0.118499398 34 -0.104911588 25 0.141342551
 101234 1 8 0.00000000E+00 17 0.757896602 2 -0.118854307 1 0.114296444 3 8.84185806E-02 4 -6.67338260E-03 5 0.125906676 34 -0.109590814 25 0.148600221
 101933 1 8 0.00000000E+00 17 0.772567749 1 0.156481802 2 -0.123945691 3 7.50216544E-02 4 -1.25967953E-02 5 0.104186893 34 -9.49834287E-02 25 0.123267815
 101934 1 8 0.00000000E+00 17 0.771363735 1 0.137228385 2 -0.121174112 3 8.07626024E-02 4 -1.00390809E-02 5 0.111951604 34 -9.99994278E-02 25 0.129906327
 101935 1 8 0.00000000E+00 17 0.768358111 1 0.119515553 2 -0.118497796 3 8.62463266E-02 4 -7.42890453E-03 5 0.119775496 34 -0.104946151 25 0.136977404
 102634 1 8 0.00000000E+00 17 0.780353308 1 0.167671561 2 -0.124140598 3 7.07359985E-02 4 -1.39111103E-02 5 9.64929312E-02 34 -8.92359912E-02 25 0.112033918
 102635 1 8 0.00000000E+00 17 0.780645907 1 0.146070749 2 -0.121089019 3 7.71263763E-02 4 -1.12166815E-02 5 0.104555413 34 -9.44809169E-02 25 0.118388183
 102636 1 8 0.00000000E+00 17 0.778753221 1 0.126201749 2 -0.118121721 3 8.33020732E-02 4 -8.42162874E-03 5 0.112753592 34 -9.96829048E-02 25 0.125215590
 103308 1 8 0.00000000E+00 1 0.706523538 17 0.333662599 2 -0.119886406 3 -2.66088340E-02 4 -2.09113350E-03 34 4.67926525E-02 5 -2.79729459E-02 35 8.95805284E-02
 103309 1 8 0.00000000E+00 1 0.703423917 17 0.343505919 2 -0.121659204 3 -2.56065242E-02 4 -3.70486826E-03 34 4.26436216E-02 5 -2.51221620E-02 35 8.65193009E-02
 103310 1 8 0.00000000E+00 1 0.699558020 17 0.354077876 2 -0.123482987 3 -2.45200600E-02 4 -5.37891313E-03 34 3.83630171E-02 5 -2.21259482E-02 35 8.35089833E-02
 103335 1 8 0.00000000E+00 17 0.786883950 1 0.181508258 2 -0.124418236 3 6.54605404E-02 4 -1.54182985E-02 5 8.80243480E-02 34 -8.28926042E-02 25 0.100852020
 103336 1 8 0.00000000E+00 17 0.789202929 1 0.157142237 2 -0.121060736 3 7.25125819E-02 4 -1.26225641E-02 5 9.63043198E-02 34 -8.83366242E-02 25 0.106857836
 103337 1 8 0.00000000E+00 17 0.788859725 1 0.134719029 2 -0.117753990 3 7.94265941E-02 4 -9.67015233E-03 5 0.104813516 34 -9.37728807E-02 25 0.113378130
 103338 1 8 0.00000000E+00 17 0.786116719 1 0.114262857 2 -0.114573359 3 8.60913917E-02 4 -6.61060447E-03 5 0.113487706 34 -9.91769210E-02 25 0.120402209
 104011 1 8 0.00000000E+00 1 0.714843750 17 0.330099106 2 -0.119208686 3 -2.70998068E-02 4 -1.69436168E-03 34 4.68371101E-02 5 -2.87531819E-02 35 8.49760845E-02
 104012 1 8 0.00000000E+00 1 0.711528659 17 0.340409130 2 -0.121044382 3 -2.60538217E-02 4 -3.40681151E-03 34 4.25016358E-02 5 -2.57840399E-02 35 8.18496197E-02
 104013 1 8 0.00000000E+00 1 0.707361519 17 0.351533949 2 -0.122935675 3 -2.49190535E-02 4 -5.18488139E-03 34 3.80302258E-02 5 -2.26637330E-02 35 7.87776336E-02
 104014 1 8 0.00000000E+00 1 0.702238381 17 0.363536060 2 -0.124870099 3 -2.36955509E-02 4 -7.01908302E-03 34 3.34267691E-02 5 -1.93860792E-02 35 7.57695809E-02
 104038 1 8 0.00000000E+00 17 0.798321247 1 0.145555034 2 -0.117440231 3 7.44487867E-02 4 -1.11807389E-02 5 9.59500596E-02 34 -8.71965289E-02 25 0.101542346
 104039 1 8 0.00000000E+00 17 0.797158182 1 0.122325376 2 -0.113853902 3 8.19668248E-02 4 -7.93941692E-03 5 0.104947671 34 -9.28402469E-02 25 0.108235478
 104040 1 8 0.00000000E+00 17 0.793363392 2 -0.110447727 1 0.101334065 3 8.91858116E-02 4 -4.58155386E-03 5 0.114145823 34 -9.84638780E-02 25 0.115464099
 104041 1 8 0.00000000E+00 17 0.787319839 2 -0.107296087 1 8.25166553E-02 3 9.59914774E-02 4 -1.17076910E-03 5 0.123464100 34 -0.104037404 25 0.123212181
 104042 1 8 0.00000000E+00 17 0.779416144 2 -0.104438439 1 6.57658949E-02 3 0.102276780 4 2.23131850E-03 5 0.132817388 34 -0.109528348 25 0.131459236
 104713 1 8 0.00000000E+00 1 0.726323366 17 0.315895498 2 -0.116503470 3 -2.85935942E-02 4 5.13619743E-04 34 5.12651093E-02 5 -3.24657001E-02 35 8.35651532E-02
 104714 1 8 0.00000000E+00 1 0.723618567 17 0.325863659 2 -0.118338645 3 -2.75851861E-02 4 -1.23257155E-03 34 4.68778647E-02 5 -2.95253601E-02 35 8.03216323E-02
 104715 1 8 0.00000000E+00 1 0.720078647 17 0.336668164 2 -0.120237932 3 -2.64925286E-02 4 -3.05541372E-03 34 4.23423536E-02 5 -2.64306031E-02 35 7.71273002E-02
 104716 1 8 0.00000000E+00 1 0.715590179 17 0.348385394 2 -0.122196525 3 -2.53094360E-02 4 -4.94811451E-03 34 3.76649089E-02 5 -2.31776852E-02 35 7.39912540E-02
 104717 1 8 0.00000000E+00 1 0.710026920 17 0.361094743 2 -0.124204472 3 -2.40278505E-02 4 -6.90407027E-03 34 3.28525305E-02 5 -1.97622757E-02 35 7.09244609E-02
 104741 1 8 0.00000000E+00 17 0.805460691 1 0.108781621 2 -0.109274946 3 8.47908929E-02 4 -5.99871390E-03 5 0.104945205 34 -9.16612446E-02 25 0.102956526
 104742 1 8 0.00000000E+00 17 0.800364792 2 -0.105635062 1 8.73356536E-02 3 9.26432535E-02 4 -2.30333558E-03 5 0.114721097 34 -9.75266248E-02 25 0.110400200
 104743 1 8 0.00000000E+00 17 0.792877495 2 -0.102333315 1 6.83246106E-02 3 9.99961272E-02 4 1.44469994E-03 5 0.124644682 34 -0.103348970 25 0.118394651
 104744 1 8 0.00000000E+00 17 0.783476412 2 -9.94145721E-02 3 0.106730945 1 5.15915379E-02 4 5.17117279E-03 5 0.134615853 34 -0.109089918 25 0.126918584
 105417 1 8 0.00000000E+00 1 0.732910991 17 0.320836693 2 -0.117241628 3 -2.80566569E-02 4 -6.96833362E-04 34 4.69133742E-02 5 -3.02853137E-02 35 7.56193474E-02
 105418 1 8 0.00000000E+00 1 0.729142070 17 0.332160592 2 -0.119206123 3 -2.69151926E-02 4 -2.64022453E-03 34 4.21621352E-02 5 -2.70570777E-02 35 7.23538026E-02
 105419 1 8 0.00000000E+00 1 0.724311352 17 0.344513148 2 -0.121233746 3 -2.56791618E-02 4 -4.66238474E-03 34 3.72625515E-02 5 -2.36631725E-02 35 6.91514388E-02
 105420 1 8 0.00000000E+00 1 0.718264043 17 0.357994318 2 -0.123313405 3 -2.43392456E-02 4 -6.75373245E-03 34 3.22253183E-02 5 -2.01007798E-02 35 6.60234913E-02
 105443 1 8 0.00000000E+00 17 0.813641727 2 -0.103885114 1 9.39761251E-02 3 8.79685059E-02 4 -3.81815480E-03 5 0.104789257 34 -9.02145356E-02 25 9.75421816E-02
 105444 1 8 0.00000000E+00 17 0.806932211 2 -0.100004658 1 7.21979290E-02 3 9.65455845E-02 4 2.58380314E-04 5 0.115208670 34 -9.63483304E-02 25 0.105210222
 105445 1 8 0.00000000E+00 17 0.797715306 2 -9.65772644E-02 1 5.31373098E-02 3 0.104512863 4 4.38956358E-03 5 0.125804931 34 -0.102445662 25 0.113462962
 105446 1 8 0.00000000E+00 17 0.786574662 2 -9.36404169E-02 3 0.111732379 1 3.65716703E-02 4 8.48418567E-03 5 0.136459514 34 -0.108458601 25 0.122276627
 106120 1 8 0.00000000E+00 1 0.742798448 17 0.314866871 2 -0.115867019 3 -2.85114646E-02 4 -7.22020122E-05 34 4.69371043E-02 5 -3.10224779E-02 35 7.08707422E-02
 106121 1 8 0.00000000E+00 1 0.738801360 17 0.326732278 2 -0.117897414 3 -2.73151975E-02 4 -2.15287437E-03 34 4.19525169E-02 5 -2.76519451E-02 35 6.75313026E-02
 106122 1 8 0.00000000E+00 1 0.733607829 17 0.339763612 2 -0.119993769 3 -2.60218531E-02 4 -4.32056095E-03 34 3.68135609E-02 5 -2.41079759E-02 35 6.42591640E-02
 106145 1 8 0.00000000E+00 17 0.821501553 2 -9.75066721E-02 1 7.78047740E-02 3 9.15875360E-02 4 -1.36883173E-03 5 0.104465164 34 -8.84774551E-02 25 9.19939131E-02
 106146 1 8 0.00000000E+00 17 0.812796235 2 -9.33928639E-02 1 5.58671542E-02 3 0.100995719 4 3.14506330E-03 5 0.115604445 34 -9.49125513E-02 25 9.98968035E-02
 106147 1 8 0.00000000E+00 17 0.801516294 2 -8.98800939E-02 3 0.109649070 1 3.69458310E-02 4 7.71279959E-03 5 0.126949027 34 -0.101313181 25 0.108420238
 106823 1 8 0.00000000E+00 1 0.753375649 17 0.307767600 2 -0.114160188 3 -2.89319325E-02 4 6.53019815E-04 34 4.69461642E-02 5 -3.17284279E-02 35 6.60781041E-02
 106824 1 8 0.00000000E+00 1 0.749157727 17 0.320189774 2 -0.116249964 3 -2.76796371E-02 4 -1.58152264E-03 34 4.17057537E-02 5 -2.82032341E-02 35 6.26611114E-02
 106825 1 8 0.00000000E+00 1 0.743586183 17 0.333939999 2 -0.118412219 3 -2.63231881E-02 4 -3.91510129E-03 34 3.63081284E-02 5 -2.45001428E-02 35 5.93163185E-02
 106826 1 8 0.00000000E+00 1 0.736428142 17 0.349178702 2 -0.120629437 3 -2.48549487E-02 4 -6.33147359E-03 34 3.07686888E-02 5 -2.06199400E-02 35 5.60602844E-02
 106846 1 8 0.00000000E+00 17 0.836360276 2 -9.49497223E-02 1 8.57583731E-02 3 8.47140327E-02 4 -3.44885420E-03 5 9.24129784E-02 34 -7.96963647E-02 25 7.88492709E-02
 106847 1 8 0.00000000E+00 17 0.828734934 2 -8.99132043E-02 1 6.01820834E-02 3 9.57620144E-02 4 1.38784305E-03 5 0.103962146 34 -8.64324123E-02 25 8.63165706E-02
 106848 1 8 0.00000000E+00 17 0.817567408 2 -8.55912119E-02 1 3.83248851E-02 3 0.106126085 4 6.40472258E-03 5 0.115906693 34 -9.32061076E-02 25 9.44675505E-02
 106849 1 8 0.00000000E+00 17 0.803848267 2 -8.20688978E-02 3 0.115541838 1 1.97837315E-02 4 1.14768287E-02 5 0.128090337 34 -9.99450833E-02 25 0.103272974
 106850 1 8 0.00000000E+00 17 0.788420439 2 -7.93515518E-02 3 0.123836659 1 4.15280461E-03 4 1.64691061E-02 5 0.140353933 34 -0.106585041 25 0.112703629
 107526 1 8 0.00000000E+00 1 0.764759481 17 0.299303472 2 -0.112045221 3 -2.93052085E-02 4 1.49954483E-03 34 4.69296016E-02 5 -3.23870890E-02 35 6.12454154E-02
 107527 1 8 0.00000000E+00 1 0.760341406 17 0.312285811 2 -0.114188187 3 -2.79914904E-02 4 -9.09075898E-04 34 4.14117053E-02 5 -2.86961999E-02 35 5.77460378E-02
 107528 1 8 0.00000000E+00 1 0.754382789 17 0.326790065 2 -0.116407551 3 -2.65686586E-02 4 -3.43124103E-03 34 3.57304029E-02 5 -2.48215869E-02 35 5.43257818E-02
 107529 1 8 0.00000000E+00 1 0.746591985 17 0.343021244 2 -0.118679203 3 -2.50311699E-02 4 -6.04629610E-03 34 2.99084317E-02 5 -2.07663216E-02 35 5.10013513E-02
 107547 1 8 0.00000000E+00 17 0.850970209 1 9.69879478E-02 2 -9.25131664E-02 3 7.54581019E-02 4 -5.93322376E-03 5 7.91167840E-02 34 -6.99852407E-02 25 6.58985525E-02
 107548 1 8 0.00000000E+00 17 0.845435917 2 -8.62726793E-02 1 6.66810721E-02 3 8.82961228E-02 4 -8.95991572E-04 5 9.08763558E-02 34 -7.69515410E-02 25 7.28307515E-02
 107549 1 8 0.00000000E+00 17 0.834869564 2 -8.08105320E-02 1 4.10680622E-02 3 0.100654647 4 4.49041603E-03 5 0.103271857 34 -8.40646997E-02 25 8.05206895E-02
 107550 1 8 0.00000000E+00 17 0.820689797 2 -7.63458461E-02 3 0.112121284 1 1.96106099E-02 4 1.00909388E-02 5 0.116122924 34 -9.12224352E-02 25 8.89327377E-02
 107551 1 8 0.00000000E+00 17 0.804126143 2 -7.29446486E-02 3 0.122379735 1 1.74818223E-03 4 1.57489013E-02 5 0.129245475 34 -9.83354375E-02 25 9.80316177E-02
 108229 1 8 0.00000000E+00 1 0.777093232 17 0.289177120 2 -0.109427132 3 -2.96080746E-02 4 2.49082223E-03 34 4.68811914E-02 5 -3.29830498E-02 35 5.63759133E-02
 108230 1 8 0.00000000E+00 1 0.772515595 17 0.302701443 2 -0.111609019 3 -2.82244626E-02 4 -1.19094548E-04 34 4.10540141E-02 5 -2.91089453E-02 35 5.27904890E-02
 108231 1 8 0.00000000E+00 1 0.766177177 17 0.317977250 2 -0.113870457 3 -2.67301705E-02 4 -2.85716378E-03 34 3.50607671E-02 5 -2.50486210E-02 35 4.92911898E-02
 108232 1 8 0.00000000E+00 1 0.757701695 17 0.335276276 2 -0.116177388 3 -2.51198970E-02 4 -5.70094865E-03 34 2.89311726E-02 5 -2.08067670E-02 35 4.58958372E-02
 108248 1 8 0.00000000E+00 17 0.864104033 1 0.112982705 2 -9.04267728E-02 3 6.33654520E-02 4 -8.69034044E-03 5 6.47436753E-02 34 -5.93708158E-02 25 5.32920547E-02
 108249 1 8 0.00000000E+00 17 0.862524867 2 -8.27124566E-02 1 7.62978420E-02 3 7.79735669E-02 4 -3.63515690E-03 5 7.64156953E-02 34 -6.64342716E-02 25 5.95698915E-02
 108250 1 8 0.00000000E+00 17 0.853523731 2 -7.56809637E-02 1 4.57180589E-02 3 9.25623924E-02 4 1.96097628E-03 5 8.90339836E-02 34 -7.38157332E-02 25 6.66975304E-02
 108251 1 8 0.00000000E+00 17 0.839184821 2 -6.98106438E-02 1 2.05056258E-02 3 0.106487639 4 7.98406824E-03 5 0.102393456 34 -8.13710243E-02 25 7.46260583E-02
 108252 1 8 0.00000000E+00 17 0.821374357 2 -6.53384849E-02 3 0.119219869 1 -1.42893856E-04 4 1.42714754E-02 5 0.116269998 34 -8.89648050E-02 25 8.33105072E-02
 108932 1 8 0.00000000E+00 1 0.790555954 17 0.277006298 2 -0.106177256 3 -2.98103802E-02 4 3.65481898E-03 34 4.67864051E-02 5 -3.34905200E-02 35 5.14747016E-02
 108933 1 8 0.00000000E+00 1 0.785892010 17 0.291019112 2 -0.108377054 3 -2.83466671E-02 4 8.13518476E-04 34 4.06152010E-02 5 -2.94151604E-02 35 4.77990545E-02
 108934 1 8 0.00000000E+00 1 0.779203057 17 0.307057619 2 -0.110653386 3 -2.67697647E-02 4 -2.17928318E-03 34 3.42743024E-02 5 -2.51484457E-02 35 4.42159362E-02
 108935 1 8 0.00000000E+00 1 0.769999981 17 0.325483739 2 -0.112961493 3 -2.50797011E-02 4 -5.29024936E-03 34 2.78054457E-02 5 -2.07046326E-02 35 4.07468937E-02
 108950 1 8 0.00000000E+00 17 0.878891528 1 9.06106830E-02 2 -7.95968473E-02 3 6.41645566E-02 4 -6.63894136E-03 5 6.07716404E-02 34 -5.48919924E-02 25 4.66893911E-02
 108951 1 8 0.00000000E+00 17 0.873450696 2 -7.05284923E-02 1 5.31461760E-02 3 8.10152665E-02 4 -1.08594727E-03 5 7.32681602E-02 34 -6.23955987E-02 25 5.31297401E-02
 108952 1 8 0.00000000E+00 17 0.859688699 2 -6.25870824E-02 1 2.29108650E-02 3 9.77768749E-02 4 5.14063193E-03 5 8.68824795E-02 34 -7.02900589E-02 25 6.04776107E-02
 108953 1 8 0.00000000E+00 17 0.840582967 2 -5.63988686E-02 3 0.113574676 1 -1.31379103E-03 4 1.19151725E-02 5 0.101342238 34 -7.83649087E-02 25 6.86625242E-02
 109635 1 8 0.00000000E+00 1 0.805367410 17 0.262299448 2 -0.102127463 3 -2.98700612E-02 4 5.03234100E-03 34 4.66275476E-02 5 -3.38794217E-02 35 4.65502404E-02
 109636 1 8 0.00000000E+00 1 0.800740957 17 0.276687294 2 -0.104308963 3 -2.83070467E-02 4 1.91764673E-03 34 4.00668047E-02 5 -2.95752361E-02 35 4.27785516E-02
 109637 1 8 0.00000000E+00 1 0.793777764 17 0.293424189 2 -0.106556214 3 -2.66365036E-02 4 -1.37291127E-03 34 3.33346613E-02 5 -2.50788089E-02 35 3.91078256E-02
 109638 1 8 0.00000000E+00 1 0.783825517 17 0.313001305 2 -0.108804956 3 -2.48581506E-02 4 -4.80029453E-03 34 2.64860708E-02 5 -2.04117671E-02 35 3.55622843E-02
 109651 1 8 0.00000000E+00 17 0.891429603 1 0.112563983 2 -7.71851018E-02 3 4.64816317E-02 4 -9.56870057E-03 5 4.43534218E-02 34 -4.24800329E-02 25 3.44051942E-02
 109652 1 8 0.00000000E+00 17 0.893925846 2 -6.59337938E-02 1 6.48946166E-02 3 6.51066303E-02 4 -4.36785910E-03 5 5.61814755E-02 34 -4.97822799E-02 25 3.99753563E-02
 109653 1 8 0.00000000E+00 17 0.882577062 2 -5.50750755E-02 1 2.75368299E-02 3 8.48486051E-02 4 1.70265941E-03 5 6.96651712E-02 34 -5.78748770E-02 25 4.66196463E-02
 109654 1 8 0.00000000E+00 17 0.862359703 2 -4.61360291E-02 3 0.104324743 1 -1.45476114E-03 4 8.65322631E-03 5 8.44443664E-02 34 -6.64103404E-02 25 5.42190857E-02
 110338 1 8 0.00000000E+00 1 0.821796417 17 0.244418204 2 -9.70473662E-02 3 -2.97281574E-02 4 6.67498400E-03 34 4.63824309E-02 5 -3.41081321E-02 35 4.16116044E-02
 110339 1 8 0.00000000E+00 1 0.817415297 17 0.258967727 2 -9.91507769E-02 3 -2.80415565E-02 4 3.23622883E-03 34 3.93733643E-02 5 -2.95383874E-02 35 3.77380960E-02
 110340 1 8 0.00000000E+00 1 0.810331345 17 0.276242614 2 -0.101300552 3 -2.62469798E-02 4 -4.16052877E-04 34 3.21912803E-02 5 -2.47766599E-02 35 3.39750126E-02
 110341 1 8 0.00000000E+00 1 0.799656510 17 0.296916574 2 -0.103388585 3 -2.43604388E-02 4 -4.22878750E-03 34 2.49130353E-02 5 -1.98583566E-02 35 3.03500518E-02
 110352 1 8 0.00000000E+00 17 0.891339779 1 0.148378253 2 -7.45070875E-02 3 2.54722200E-02 4 -1.20341340E-02 34 -2.97498871E-02 5 2.80112009E-02 25 2.30896771E-02
 110353 1 8 0.00000000E+00 17 0.911918342 1 8.41436535E-02 2 -6.24875017E-02 3 4.42125648E-02 4 -7.36889336E-03 5 3.82400714E-02 34 -3.61161791E-02 25 2.74579376E-02
 110354 1 8 0.00000000E+00 17 0.907944679 2 -4.81988862E-02 1 3.56697924E-02 3 6.63712472E-02 4 -1.90402323E-03 5 5.09487204E-02 34 -4.40327078E-02 25 3.32011543E-02
 110355 1 8 0.00000000E+00 17 0.887602508 2 -3.49365659E-02 1 -8.64615577E-05 3 8.99233520E-02 4 4.67447424E-03 5 6.56481981E-02 34 -5.29407784E-02 25 4.01152894E-02
 110356 1 8 0.00000000E+00 17 0.858947217 2 -2.51023099E-02 3 0.112809353 1 -2.66498346E-02 4 1.24759534E-02 5 8.17892253E-02 34 -6.22721910E-02 25 4.80026044E-02
 111041 1 8 0.00000000E+00 1 0.840160668 17 0.222533792 2 -9.06232074E-02 3 -2.92960517E-02 4 8.65309127E-03 34 4.60216440E-02 5 -3.41216065E-02 35 3.66716497E-02
 111042 1 8 0.00000000E+00 1 0.836366355 17 0.236867324 2 -9.25553590E-02 3 -2.74424143E-02 4 4.82258992E-03 34 3.84862088E-02 5 -2.92353574E-02 35 3.26906592E-02
 111043 1 8 0.00000000E+00 1 0.829457879 17 0.254339933 2 -9.44865048E-02 3 -2.54873578E-02 4 7.27589591E-04 34 3.07734255E-02 5 -2.41546389E-02 35 2.88296882E-02
 111044 1 8 0.00000000E+00 1 0.818187773 17 0.275897175 2 -9.62380171E-02 3 -2.34627891E-02 4 -3.56043014E-03 34 2.29941960E-02 5 -1.89411622E-02 35 2.51232348E-02
 111053 1 8 0.00000000E+00 17 0.854955316 1 0.212054998 2 -6.58953264E-02 3 4.12589405E-03 4 -1.40480818E-02 34 -1.82912312E-02 5 1.35835307E-02 25 1.35149164E-02
 111054 1 8 0.00000000E+00 17 0.915275335 1 0.119192168 2 -5.85473888E-02 3 1.91945415E-02 4 -9.57193971E-03 34 -2.21716911E-02 5 2.05778722E-02 25 1.60510745E-02
 111055 1 8 0.00000000E+00 17 0.933910429 2 -4.33655046E-02 1 5.02206869E-02 3 4.12648618E-02 4 -4.85777995E-03 5 3.12087350E-02 34 -2.88094599E-02 25 2.04280447E-02
 111056 1 8 0.00000000E+00 17 0.917610765 2 -2.40928140E-02 1 3.59232840E-03 3 6.83972761E-02 4 6.16859877E-04 5 4.51528765E-02 34 -3.77589650E-02 25 2.64816601E-02
 111057 1 8 0.00000000E+00 17 0.884066403 2 -7.76040088E-03 3 9.70297754E-02 1 -2.83386763E-02 4 7.67412921E-03 5 6.13678433E-02 34 -4.77956124E-02 25 3.37565467E-02
 111744 1 8 0.00000000E+00 1 0.860793948 17 0.195586383 2 -8.24026167E-02 3 -2.84544639E-02 4 1.10672899E-02 34 4.55135293E-02 5 -3.38541456E-02 35 3.17500532E-02
 111745 1 8 0.00000000E+00 1 0.858152092 17 0.209050208 2 -8.40189829E-02 3 -2.63617206E-02 4 6.75428612E-03 34 3.73420082E-02 5 -2.85719708E-02 35 2.76540872E-02
 111746 1 8 0.00000000E+00 1 0.851974368 17 0.226059482 2 -8.55484828E-02 3 -2.41683777E-02 4 2.10053683E-03 34 2.89821327E-02 5 -2.30894908E-02 35 2.36898381E-02
 111747 1 8 0.00000000E+00 1 0.840451896 17 0.247963086 2 -8.66653845E-02 3 -2.19449122E-02 4 -2.79452698E-03 34 2.05974039E-02 5 -1.75069850E-02 35 1.98993869E-02
 111748 1 8 0.00000000E+00 1 0.820785940 17 0.276760340 2 -8.67848918E-02 3 -1.98114328E-02 4 -7.73695577E-03 34 1.24421781E-02 5 -1.19974734E-02 35 1.63423158E-02
 111749 1 8 0.00000000E+00 1 0.788851082 17 0.315304756 2 -8.49493518E-02 3 -1.79675706E-02 4 -1.24026770E-02 34 4.89652855E-03 5 -6.82919379E-03 35 1.30964518E-02
 111750 1 8 0.00000000E+00 1 0.739331067 17 0.367241740 2 -7.99611658E-02 3 -1.66419540E-02 4 -1.63272899E-02 34 -1.54030998E-03 5 -2.36310181E-03 35 1.02609945E-02
 111751 1 8 0.00000000E+00 1 0.667271852 17 0.436096489 2 -7.10688606E-02 3 -1.59450583E-02 4 -1.89821459E-02 34 -6.37978269E-03 5 1.07673544E-03 35 7.93074630E-03
 111752 1 8 0.00000000E+00 1 0.571121156 17 0.523446620 2 -5.92582673E-02 3 -1.55457947E-02 4 -1.99625250E-02 34 -9.38672852E-03 5 3.42885801E-03 35 6.15668017E-03
 111753 1 8 0.00000000E+00 17 0.627564609 1 0.454624444 2 -4.78395522E-02 3 -1.44980699E-02 4 -1.90833136E-02 34 -1.07452646E-02 5 5.05042821E-03 35 4.92669502E-03
 111754 1 8 0.00000000E+00 17 0.743260384 1 0.325585485 2 -4.10715044E-02 3 -1.13425516E-02 4 -1.63112134E-02 34 -1.09951207E-02 5 6.67513488E-03 35 4.19938006E-03
 111755 1 8 0.00000000E+00 17 0.859198868 1 0.194936782 2 -4.06720303E-02 3 -4.07788623E-03 4 -1.17971851E-02 34 -1.10721672E-02 5 9.50172171E-03 35 3.98187339E-03
 111756 1 8 0.00000000E+00 17 0.943836689 1 8.21577385E-02 2 -3.80099118E-02 3 1.08476235E-02 4 -6.41916133E-03 34 -1.32727278E-02 5 1.19535038E-02 25 8.90625920E-03
 111757 1 8 0.00000000E+00 17 0.953767598 2 -1.67286228E-02 1 1.11872349E-02 3 3.77958119E-02 4 -2.15505203E-03 34 -2.06576996E-02 5 2.33399551E-02 25 1.34507958E-02
 111758 1 8 0.00000000E+00 17 0.914094687 2 1.12625975E-02 1 -2.82284375E-02 3 7.22555667E-02 4 2.78425333E-03 5 3.91745381E-02 34 -3.14292684E-02 25 2.00860687E-02
 112447 1 8 0.00000000E+00 1 0.883949161 17 0.162264332 2 -7.17201903E-02 3 -2.70490944E-02 4 1.40804816E-02 34 4.48269546E-02 5 -3.32266279E-02 35 2.68749539E-02
 112448 1 8 0.00000000E+00 1 0.883381188 17 0.173757076 2 -7.27960989E-02 3 -2.45931819E-02 4 9.16071329E-03 34 3.58633101E-02 5 -2.74297800E-02 35 2.26567890E-02
 112449 1 8 0.00000000E+00 1 0.878974617 17 0.189057216 2 -7.36410245E-02 3 -2.20222082E-02 4 3.77719407E-03 34 2.66791005E-02 5 -2.14066189E-02 35 1.85817033E-02
 112450 1 8 0.00000000E+00 1 0.868003428 17 0.210124880 2 -7.36373514E-02 3 -1.94687732E-02 4 -1.92404457E-03 34 1.75180491E-02 5 -1.53231751E-02 35 1.47069590E-02
 112451 1 8 0.00000000E+00 1 0.845577657 17 0.240295872 2 -7.14842975E-02 3 -1.72111914E-02 4 -7.61198951E-03 34 8.81765317E-03 5 -9.50520206E-03 35 1.11215152E-02
 112452 1 8 0.00000000E+00 1 0.803599954 17 0.284921646 2 -6.48399442E-02 3 -1.57415438E-02 4 -1.26828291E-02 34 1.29954657E-03 5 -4.51790448E-03 35 7.96107668E-03
 112453 1 8 0.00000000E+00 1 0.732119501 17 0.350645572 2 -5.10408767E-02 3 -1.56024881E-02 4 -1.63109824E-02 34 -4.12910106E-03 5 -1.06894586E-03 35 5.38730668E-03
 112454 1 8 0.00000000E+00 1 0.626493156 17 0.441318452 2 -3.02937664E-02 3 -1.66892689E-02 4 -1.78898592E-02 34 -6.96108444E-03 5 5.34470368E-04 35 3.48792644E-03
 112455 1 8 0.00000000E+00 17 0.554800391 1 0.492989272 2 -8.20142217E-03 3 -1.76880732E-02 4 -1.73642579E-02 34 -7.53673026E-03 5 8.04127485E-04 35 2.19669496E-03
 112456 1 8 0.00000000E+00 17 0.686248541 1 0.343040377 2 6.67434931E-03 3 -1.66201834E-02 4 -1.47793107E-02 34 -6.57944847E-03 5 6.40386133E-04 35 1.37530768E-03
 112457 1 8 0.00000000E+00 17 0.831501782 1 0.186507508 2 6.30342914E-03 3 -1.15836114E-02 4 -9.82739590E-03 34 -4.66327928E-03 5 8.41053901E-04 35 9.20491118E-04
 112458 1 8 0.00000000E+00 17 0.975287497 1 3.62111591E-02 2 -9.89611726E-03 3 -1.27117682E-05 4 -2.46755965E-03 34 -2.94254650E-03 5 2.93417322E-03 35 8.86083231E-04
 112459 1 8 0.00000000E+00 17 0.947889805 2 2.98168454E-02 1 -2.33168788E-02 3 3.60015072E-02 4 -3.77878256E-04 34 -1.30906003E-02 5 1.58652384E-02 25 7.21196039E-03
 113150 1 8 0.00000000E+00 1 0.909445524 17 0.121125333 2 -5.75329959E-02 3 -2.48707756E-02 4 1.79487057E-02 34 4.39646691E-02 5 -3.21702957E-02 35 2.20898483E-02
 113151 1 8 0.00000000E+00 1 0.912408113 17 0.128848240 2 -5.77155687E-02 3 -2.18420252E-02 4 1.22523010E-02 34 3.39826606E-02 5 -2.56763771E-02 35 1.77426431E-02
 113152 1 8 0.00000000E+00 1 0.911738276 17 0.140143767 2 -5.74929044E-02 3 -1.86306667E-02 4 5.88188693E-03 34 2.36888919E-02 5 -1.88773591E-02 35 1.35480985E-02
 113153 1 8 0.00000000E+00 1 0.903191447 17 0.157876313 2 -5.56430183E-02 3 -1.54795498E-02 4 -9.45141655E-04 34 1.34548023E-02 5 -1.20417206E-02 35 9.58685484E-03
 113154 1 8 0.00000000E+00 1 0.876540363 17 0.188521862 2 -4.87126224E-02 3 -1.30955800E-02 4 -7.55815255E-03 34 4.16181749E-03 5 -5.88476099E-03 35 6.02704613E-03
 113155 1 8 0.00000000E+00 1 0.811616123 17 0.244520769 2 -2.95005571E-02 3 -1.29591664E-02 4 -1.25238849E-02 34 -2.45798356E-03 5 -1.87348272E-03 35 3.17818136E-03
 113156 1 8 0.00000000E+00 1 0.694584072 17 0.334921926 2 5.81589434E-03 3 -1.57507323E-02 4 -1.46892443E-02 34 -5.15165785E-03 5 -9.91232460E-04 35 1.26095605E-03
 113157 1 8 0.00000000E+00 1 0.541602969 17 0.451722890 2 4.73985560E-02 3 -1.90636218E-02 4 -1.47180753E-02 34 -5.06628957E-03 5 -1.95017934E-03 35 7.37690934E-05
 113158 1 8 0.00000000E+00 17 0.583595932 1 0.374726892 2 8.19006339E-02 3 -1.94382314E-02 4 -1.33404024E-02 34 -3.78208770E-03 5 -3.00521590E-03 35 -6.57515659E-04
 113159 1 8 0.00000000E+00 17 0.722243249 1 0.207818300 2 9.99911949E-02 3 -1.35165602E-02 4 -1.03412233E-02 34 -2.23106076E-03 5 -2.92030023E-03 35 -1.04359991E-03
 113160 1 8 0.00000000E+00 17 0.838117719 2 0.105297878 1 6.09141216E-02 3 4.07383777E-03 4 -5.98928891E-03 34 -2.47686077E-03 5 9.64988838E-04 35 -9.02418164E-04
 113161 1 8 0.00000000E+00 17 0.836183548 2 0.134323254 1 -1.68612991E-02 3 4.39521633E-02 4 -3.48439906E-03 34 -1.13671562E-02 5 1.33226579E-02 25 3.93123226E-03
 113853 1 8 0.00000000E+00 1 0.935561836 17 7.11812153E-02 2 -3.79915163E-02 3 -2.17318274E-02 4 2.31603757E-02 34 4.30498160E-02 5 -3.07048038E-02 35 1.74749158E-02
 113854 1 8 0.00000000E+00 1 0.943951607 17 7.25010037E-02 2 -3.66118252E-02 3 -1.78176872E-02 4 1.64934378E-02 34 3.17557268E-02 5 -2.32689586E-02 35 1.29966913E-02
 113855 1 8 0.00000000E+00 1 0.950592756 17 7.57483616E-02 2 -3.48681621E-02 3 -1.34796230E-02 4 8.74179602E-03 34 1.98881030E-02 5 -1.52899362E-02 35 8.66672862E-03
 113856 1 8 0.00000000E+00 1 0.949412048 17 8.46912116E-02 2 -3.06135081E-02 3 -9.08486545E-03 4 1.81522788E-04 34 7.96661805E-03 5 -7.15107750E-03 35 4.59806342E-03
 113857 1 8 0.00000000E+00 1 0.906265497 17 0.119416110 2 -1.01007586E-02 3 -7.44331395E-03 4 -6.93081459E-03 34 -1.16801797E-03 5 -1.34509953E-03 35 1.30638340E-03
 113858 1 8 0.00000000E+00 1 0.766310394 17 0.212037295 2 4.86953296E-02 3 -1.29779372E-02 4 -8.81665014E-03 34 -2.94077746E-03 5 -1.91549095E-03 35 -3.92165239E-04
 113859 1 8 0.00000000E+00 1 0.588865697 17 0.328451097 2 0.118791208 3 -1.92604531E-02 4 -9.25971754E-03 34 -2.06906418E-03 5 -4.22953209E-03 35 -1.28927222E-03
 113860 1 8 0.00000000E+00 17 0.446905047 1 0.410455316 2 0.182208166 3 -2.09682062E-02 4 -1.00966645E-02 34 -1.37656555E-03 5 -5.30881342E-03 35 -1.81828416E-03
 113861 1 8 0.00000000E+00 17 0.555769622 1 0.244205281 2 0.231844485 3 -1.32605350E-02 4 -1.10048717E-02 34 -1.82977808E-03 5 -3.73814953E-03 35 -1.98603189E-03
 113862 1 8 0.00000000E+00 17 0.632821858 2 0.265482873 1 0.106040522 3 1.08395070E-02 4 -1.12789944E-02 34 -4.89418395E-03 5 2.61563598E-03 35 -1.62719877E-03
 113863 1 8 0.00000000E+00 17 0.655138373 2 0.282896042 3 5.66873290E-02 1 1.14724757E-02 4 -9.55406949E-03 34 -1.20179541E-02 5 1.59287211E-02 35 -5.50879631E-04
 114555 1 8 0.00000000E+00 1 0.943633437 17 1.99991856E-02 2 -1.39556453E-02 3 -2.20215842E-02 4 3.69420387E-02 34 5.44036403E-02 5 -3.68627198E-02 35 1.78616587E-02
 114556 1 8 0.00000000E+00 1 0.955386639 17 1.40743554E-02 2 -9.13118199E-03 3 -1.77047551E-02 4 3.07551716E-02 34 4.26411778E-02 5 -2.92175915E-02 35 1.31962039E-02
 114557 1 8 0.00000000E+00 1 0.968349576 17 7.18926592E-03 2 -3.76440957E-03 3 -1.27079571E-02 4 2.31322106E-02 34 2.99197529E-02 5 -2.07590889E-02 35 8.64065904E-03
 114558 1 8 0.00000000E+00 1 0.982693672 17 -9.09879105E-04 2 2.23501399E-03 3 -6.88992674E-03 4 1.38090113E-02 34 1.62127893E-02 5 -1.13792429E-02 35 4.22855513E-03
 114559 1 8 0.00000000E+00 1 0.983846664 17 -2.05630297E-03 2 1.51853319E-02 3 -1.36688363E-03 4 3.51997581E-03 34 2.71850615E-03 5 -2.05384451E-03 35 2.06549332E-04
 114560 1 8 0.00000000E+00 1 0.801641941 17 0.101773337 2 0.107166402 3 -1.11863259E-02 4 3.67831928E-03 34 3.38898203E-03 5 -5.50352409E-03 35 -9.59121215E-04
 114561 1 8 0.00000000E+00 1 0.612532198 17 0.207503781 2 0.203263044 3 -1.94988549E-02 4 2.18264828E-03 34 3.87364952E-03 5 -8.15463532E-03 35 -1.70184288E-03
 114562 1 8 0.00000000E+00 1 0.432655662 17 0.304045558 2 0.295596927 3 -2.29179394E-02 4 -1.72528031E-03 34 2.97744502E-03 5 -8.48523621E-03 35 -2.14710808E-03
 114563 1 8 0.00000000E+00 17 0.384406656 2 0.377842307 1 0.269028395 3 -1.64161753E-02 4 -7.37712253E-03 34 3.11044481E-04 5 -5.56435157E-03 35 -2.23076087E-03
 114564 1 8 0.00000000E+00 17 0.439886540 2 0.436441511 3 9.46250558E-03 1 0.131829977 4 -1.29039781E-02 34 -4.64058248E-03 5 1.80382340E-03 35 -1.87980558E-03
 114565 1 8 0.00000000E+00 2 0.449909598 17 0.467731029 3 6.52546883E-02 1 3.02242674E-02 4 -1.45091694E-02 34 -1.20216291E-02 5 1.44880284E-02 35 -1.07682240E-03
 115258 1 8 0.00000000E+00 1 0.942370355 17 -3.11985705E-02 2 2.43593622E-02 3 -1.85616687E-02 4 4.90303002E-02 34 5.68217933E-02 5 -3.70240659E-02 35 1.42025109E-02
 115259 1 8 0.00000000E+00 1 0.946679235 17 -3.96743491E-02 2 3.87635902E-02 3 -1.39141697E-02 4 4.31581661E-02 34 4.45811525E-02 5 -2.92383581E-02 35 9.64471698E-03
 115260 1 8 0.00000000E+00 1 0.939618945 17 -4.35514823E-02 2 6.09514937E-02 3 -9.53731779E-03 4 3.63216512E-02 34 3.22143845E-02 5 -2.14396603E-02 35 5.42197097E-03
 115261 1 8 0.00000000E+00 1 0.890469790 2 0.104865186 17 -2.58480310E-02 3 -8.08212813E-03 4 3.01879365E-02 34 2.21895818E-02 5 -1.58025641E-02 35 2.02021515E-03
 115262 1 8 0.00000000E+00 1 0.764286399 2 0.186561570 17 3.24677899E-02 3 -1.25300018E-02 4 2.66464036E-02 34 1.73455514E-02 5 -1.47746690E-02 35 -3.05702520E-06
 115263 1 8 0.00000000E+00 1 0.600609422 2 0.290835470 17 0.106757149 3 -1.89500414E-02 4 2.25102939E-02 34 1.44647490E-02 5 -1.50980037E-02 35 -1.12901232E-03
 115264 1 8 0.00000000E+00 1 0.433233082 2 0.404495418 17 0.175182566 3 -2.33795457E-02 4 1.52081642E-02 34 1.08646760E-02 5 -1.38660902E-02 35 -1.73827540E-03
 115265 1 8 0.00000000E+00 2 0.519362450 17 0.228169292 1 0.275615811 3 -2.15803105E-02 4 4.33670171E-03 34 5.67463553E-03 5 -9.67709068E-03 35 -1.90147536E-03
 115266 1 8 0.00000000E+00 2 0.613970935 17 0.262610883 3 -1.92680606E-03 1 0.138129830 4 -8.22615903E-03 34 -1.33353949E-03 5 -1.57653121E-03 35 -1.64863188E-03
 115267 1 8 0.00000000E+00 2 0.633067667 3 6.39565587E-02 17 0.286615044 4 -1.66533235E-02 1 3.30333337E-02 34 -9.77050699E-03 5 1.08437641E-02 35 -1.09257433E-03
 115962 1 8 0.00000000E+00 1 0.872298956 2 0.119546004 17 -6.99741170E-02 3 -1.22648533E-02 4 6.44102469E-02 34 5.20219691E-02 5 -3.34572680E-02 35 7.41904369E-03
 115963 1 8 0.00000000E+00 1 0.809879363 2 0.175195545 17 -5.35237417E-02 3 -1.06149297E-02 4 6.11247942E-02 34 4.26428020E-02 5 -2.88041439E-02 35 4.10033809E-03
 115964 1 8 0.00000000E+00 1 0.703925371 2 0.256554008 17 -1.78307686E-02 3 -1.15124220E-02 4 5.79020493E-02 34 3.54302973E-02 5 -2.61745900E-02 35 1.70607679E-03
 115965 1 8 0.00000000E+00 1 0.566984415 2 0.360970467 17 2.76910942E-02 3 -1.37174604E-02 4 5.29638529E-02 34 2.93108094E-02 5 -2.43423693E-02 35 1.39203068E-04
 115966 1 8 0.00000000E+00 2 0.483861983 1 0.417988420 3 -1.56613551E-02 17 6.94065541E-02 4 4.39387113E-02 34 2.27489397E-02 5 -2.15057489E-02 35 -7.77521986E-04
 115967 1 8 0.00000000E+00 2 0.623059094 3 -1.67018007E-02 1 0.269747138 17 9.73660722E-02 4 2.90580969E-02 34 1.48491627E-02 5 -1.62393488E-02 35 -1.13840902E-03
 115968 1 8 0.00000000E+00 2 0.770644486 3 -1.41608249E-02 17 0.107209913 1 0.131076753 4 8.32411647E-03 34 5.37809590E-03 5 -7.46424869E-03 35 -1.00829138E-03
 115969 1 8 0.00000000E+00 2 0.837525785 3 4.16588821E-02 17 0.114342421 4 -1.22600105E-02 1 1.92734841E-02 34 -4.93575586E-03 5 5.00459876E-03 35 -6.09407201E-04
 115970 1 8 0.00000000E+00 2 0.628235400 3 0.255902022 4 -1.45345824E-02 17 0.160046890 1 -3.51759270E-02 34 -1.44117456E-02 5 2.03433037E-02 35 -4.05339815E-04
 116667 1 8 0.00000000E+00 1 0.528867543 2 0.396721661 3 -1.46156107E-03 17 -3.28663141E-02 4 9.39424261E-02 34 4.76933420E-02 5 -3.46965753E-02 35 1.79946050E-03
 116668 1 8 0.00000000E+00 2 0.510042429 1 0.398156494 3 6.15070155E-03 17 -1.00151487E-02 4 8.72830972E-02 34 3.86587530E-02 5 -3.07922848E-02 35 5.15931519E-04
 116669 1 8 0.00000000E+00 2 0.639415801 3 1.86504126E-02 1 0.263739973 4 7.33043849E-02 17 1.76782056E-03 34 2.82680970E-02 5 -2.49973852E-02 35 -1.49100946E-04
 116670 1 8 0.00000000E+00 2 0.783700287 3 3.78372148E-02 4 4.87441495E-02 17 -2.48095673E-03 1 0.132410452 34 1.63549818E-02 5 -1.63171496E-02 35 -2.48993398E-04
 116671 1 8 0.00000000E+00 2 0.879341662 3 0.102962837 4 1.33648785E-02 17 -1.26868822E-02 1 1.76251009E-02 34 3.69587075E-03 5 -4.32001520E-03 35 1.65289912E-05
 116672 1 8 0.00000000E+00 2 0.542989314 3 0.443299502 4 -1.14472080E-02 17 4.60264757E-02 1 -2.27242839E-02 34 -6.74843648E-03 5 8.78431369E-03 35 -1.79701252E-04
 116673 1 8 0.00000000E+00 3 0.626650512 2 0.271391958 4 3.07012107E-02 17 0.107327111 1 -4.89776023E-02 34 -1.68541204E-02 5 3.02966721E-02 35 -5.35763451E-04
 117371 1 8 0.00000000E+00 2 0.563677251 3 7.53613263E-02 4 0.141792089 1 0.264398247 17 -5.73981367E-02 34 4.63071615E-02 5 -3.50422822E-02 35 9.04325978E-04
 117372 1 8 0.00000000E+00 2 0.613117993 3 0.155818954 4 0.127825841 1 0.153738141 17 -5.57749420E-02 34 3.22808586E-02 5 -2.73925103E-02 35 3.85680178E-04
 117373 1 8 0.00000000E+00 2 0.541719615 3 0.343485743 4 9.66792926E-02 17 -4.65566702E-02 1 6.47883341E-02 34 1.75592024E-02 5 -1.79116260E-02 35 2.36086285E-04
 117374 1 8 0.00000000E+00 3 0.709584713 2 0.259994537 4 3.44458707E-02 17 -1.46025382E-02 1 1.24100847E-02 34 4.28912789E-03 5 -6.23523258E-03 35 1.13431219E-04
 117375 1 8 0.00000000E+00 3 0.857394278 2 4.17396575E-02 4 8.09035301E-02 17 3.58143821E-02 1 -2.24943515E-02 34 -8.29494745E-03 5 1.54550122E-02 35 -5.17548760E-04
 117376 1 8 0.00000000E+00 3 0.630702615 4 0.262088537 2 3.64573188E-02 17 9.38597471E-02 1 -5.41444272E-02 34 -1.83553901E-02 5 5.13947532E-02 35 -2.00315402E-03
 118075 1 8 0.00000000E+00 3 0.365489990 2 0.336987615 4 0.260908127 17 -6.76144660E-02 1 9.74422693E-02 34 3.51695605E-02 5 -2.88389809E-02 35 4.55902744E-04
 118076 1 8 0.00000000E+00 3 0.573077381 4 0.286799133 2 0.140298635 17 -3.96717787E-02 1 4.04507816E-02 34 1.56934541E-02 5 -1.69285238E-02 35 2.80897744E-04
 118077 1 8 0.00000000E+00 3 0.609039485 4 0.390910774 2 -1.21966528E-03 17 2.65025184E-03 1 -2.82263756E-03 34 -2.65195617E-03 5 4.44116071E-03 35 -3.47408990E-04
 118078 1 8 0.00000000E+00 4 0.510858238 3 0.464846224 2 -1.79685578E-02 17 5.13610318E-02 1 -3.70668955E-02 34 -1.06931226E-02 5 4.13816869E-02 35 -2.71859230E-03
 118079 1 8 0.00000000E+00 4 0.534622312 3 0.371956080 2 -1.53588085E-02 17 9.42756385E-02 1 -6.10147379E-02 34 -7.68990582E-03 5 8.93605426E-02 35 -6.15114160E-03
 118778 1 8 0.00000000E+00 4 0.573651612 3 0.290322334 2 0.114756100 17 -5.12661040E-02 1 6.11044690E-02 34 3.53260450E-02 5 -2.38191783E-02 35 -7.52794149E-05
 118779 1 8 0.00000000E+00 4 0.777605057 3 0.204400510 2 1.85356401E-02 17 -1.27039123E-02 1 1.23521723E-02 34 5.90624427E-03 5 -6.15392858E-03 35 5.82412904E-05
 118780 1 8 0.00000000E+00 4 0.817651868 3 0.168150365 2 -2.05352139E-02 17 2.60047801E-02 1 -2.21991781E-02 34 1.96714513E-03 5 3.25170010E-02 35 -3.55678680E-03
 118781 1 8 0.00000000E+00 4 0.714867055 3 0.204251468 2 -2.83273514E-02 17 6.06924146E-02 1 -4.52234447E-02 34 1.61488764E-02 5 8.70143846E-02 35 -9.42337699E-03
 119479 1 8 0.00000000E+00 4 0.578308582 3 0.134356394 2 0.180401698 1 0.137053370 17 -8.80715176E-02 34 9.82644409E-02 5 -3.98073308E-02 35 -5.05670090E-04
 119480 1 8 0.00000000E+00 4 0.723698139 3 0.108875558 2 0.100446448 17 -6.11120835E-02 1 8.03272501E-02 34 7.46689364E-02 5 -2.48471592E-02 35 -2.05707131E-03
 119481 1 8 0.00000000E+00 4 0.900477588 3 2.12382972E-02 2 3.15082036E-02 17 -2.78331302E-02 1 3.21558937E-02 34 4.96938229E-02 5 -3.77998664E-03 35 -3.46068898E-03
 119482 1 8 0.00000000E+00 4 0.918339670 3 1.48179457E-02 2 -8.44224356E-03 17 4.64723120E-03 34 4.61551324E-02 1 -3.13169626E-03 5 3.55734117E-02 35 -7.95944594E-03
 119483 1 8 0.00000000E+00 4 0.802371681 3 8.13786760E-02 2 -2.47348901E-02 17 3.42698954E-02 34 5.86175211E-02 5 9.01739895E-02 1 -2.76144054E-02 35 -1.44624878E-02
 119484 1 8 0.00000000E+00 4 0.694649935 3 0.122794829 2 -3.02540790E-02 34 6.71708435E-02 5 0.149270520 17 6.26342744E-02 1 -4.66083661E-02 35 -1.96579825E-02
 120180 1 8 0.00000000E+00 4 0.537289619 3 6.07889295E-02 2 0.196651131 1 0.210520566 17 -0.114266187 34 0.162476644 5 -5.53621463E-02 35 1.90145487E-03
 120181 1 8 0.00000000E+00 4 0.633251965 3 5.80937415E-02 2 0.147143140 1 0.151305348 17 -9.49353129E-02 34 0.147694483 5 -4.09197137E-02 35 -1.63364527E-03
 120182 1 8 0.00000000E+00 4 0.744824827 3 3.18091400E-02 2 9.06884074E-02 1 9.86125469E-02 17 -7.07752034E-02 34 0.131543353 5 -2.15975642E-02 35 -5.10553410E-03
 120183 1 8 0.00000000E+00 4 0.839364946 3 -5.06544812E-03 2 4.01735790E-02 17 -4.31069322E-02 34 0.118155591 1 5.37874848E-02 5 5.77380974E-03 35 -9.08300932E-03
 120184 1 8 0.00000000E+00 4 0.854283392 3 -7.84815755E-03 2 4.78515960E-03 34 0.114446945 17 -1.49004851E-02 5 4.54407856E-02 1 1.82489250E-02 35 -1.44565878E-02
 120185 1 8 0.00000000E+00 4 0.790756166 3 2.64972057E-02 2 -1.52972294E-02 34 0.118622661 5 9.67886001E-02 17 1.21389357E-02 1 -8.78226664E-03 35 -2.07240600E-02
 120186 1 8 0.00000000E+00 4 0.701963723 3 6.36374950E-02 2 -2.51795296E-02 34 0.122251168 5 0.155469015 17 3.78319547E-02 1 -2.96643190E-02 35 -2.63095256E-02
 120874 1 8 0.00000000E+00 1 0.634415448 2 0.146675140 3 -3.26494835E-02 4 0.239703089 17 -0.160528243 34 0.243924886 5 -0.115106955 35 4.35661003E-02
 120875 1 8 0.00000000E+00 1 0.597421348 2 0.163941100 3 -2.78263278E-02 4 0.259918898 17 -0.162898004 34 0.242594942 5 -0.111498803 35 3.83468308E-02
 120876 1 8 0.00000000E+00 1 0.554425657 2 0.180779964 4 0.283599705 3 -2.19821557E-02 17 -0.163454279 34 0.240908563 5 -0.107423499 35 3.31460349E-02
 120877 1 8 0.00000000E+00 2 0.195774421 4 0.311547458 3 -1.49343815E-02 1 0.505658269 17 -0.162026122 34 0.238735154 5 -0.102732867 35 2.79780813E-02
 120878 1 8 0.00000000E+00 4 0.344784915 2 0.206897512 3 -6.58688229E-03 1 0.451846302 17 -0.158479467 34 0.235895380 5 -9.72113982E-02 35 2.28536464E-02
 120879 1 8 0.00000000E+00 4 0.384621143 3 2.84144771E-03 2 0.211575150 1 0.394247115 17 -0.152669117 34 0.232163966 5 -9.05588865E-02 35 1.77791994E-02
 120880 1 8 0.00000000E+00 4 0.432642400 3 1.24572553E-02 2 0.207004562 1 0.334574372 17 -0.144360185 34 0.227298662 5 -8.23716745E-02 35 1.27546070E-02
 120881 1 8 0.00000000E+00 4 0.490528792 3 2.01669279E-02 2 0.190898299 1 0.274835736 17 -0.133185551 34 0.221085966 5 -7.21001104E-02 35 7.76993763E-03
 120882 1 8 0.00000000E+00 4 0.559235871 3 2.24094391E-02 2 0.162698910 1 0.217080221 17 -0.118700027 34 0.213457257 5 -5.89771047E-02 35 2.79544527E-03
 120883 1 8 0.00000000E+00 4 0.636738062 3 1.52556440E-02 2 0.124869131 1 0.163141534 34 0.204734474 17 -0.100601636 5 -4.18906137E-02 35 -2.24660966E-03
 120884 1 8 0.00000000E+00 4 0.713363767 3 -1.24956819E-03 2 8.31325799E-02 34 0.196066052 1 0.114507847 17 -7.90916979E-02 5 -1.92000587E-02 35 -7.52891554E-03
 120885 1 8 0.00000000E+00 4 0.767513633 3 -1.69969387E-02 2 4.46310826E-02 34 0.189704046 17 -5.51749021E-02 1 7.23516122E-02 5 1.13101155E-02 35 -1.33386496E-02
 120886 1 8 0.00000000E+00 4 0.775377989 3 -1.63202751E-02 2 1.46457516E-02 34 0.187596396 5 5.15875407E-02 17 -3.04014534E-02 1 3.73626240E-02 35 -1.98486056E-02
 120887 1 8 0.00000000E+00 4 0.735779285 3 3.10036703E-03 2 -5.51931327E-03 34 0.188361853 5 0.101686046 17 -6.00072602E-03 1 9.24126711E-03 35 -2.66487878E-02
 120888 1 8 0.00000000E+00 4 0.668745458 3 2.96652876E-02 2 -1.76133905E-02 34 0.187769413 5 0.159956738 17 1.73714999E-02 1 -1.30790398E-02 35 -3.28159668E-02
 121569 1 8 0.00000000E+00 1 0.740123987 2 5.80052808E-02 3 -5.20212539E-02 4 0.164095595 17 -0.122043096 34 0.265708029 5 -0.139308423 35 8.54398534E-02
 121570 1 8 0.00000000E+00 1 0.730654299 2 6.72877356E-02 3 -5.06398119E-02 4 0.172855958 17 -0.129680559 34 0.266728610 5 -0.137824073 35 8.06178376E-02
 121571 1 8 0.00000000E+00 1 0.718728602 2 7.74533004E-02 3 -4.90294583E-02 4 0.182639197 17 -0.137080938 34 0.267719299 5 -0.136138484 35 7.57085085E-02
 121572 1 8 0.00000000E+00 1 0.703919470 2 8.85459483E-02 3 -4.71598096E-02 4 0.193623573 17 -0.144091368 34 0.268681705 5 -0.134234339 35 7.07148239E-02
 121575 1 8 0.00000000E+00 1 0.637473762 2 0.126976252 4 0.236132696 3 -3.94639298E-02 17 -0.160817534 34 0.271396756 5 -0.126971617 35 5.52735925E-02
 121576 1 8 0.00000000E+00 1 0.606488287 2 0.140846610 4 0.254532784 3 -3.59769017E-02 17 -0.164197952 34 0.272212684 5 -0.123894624 35 4.99891005E-02
 121577 1 8 0.00000000E+00 1 0.570570111 2 0.154466718 4 0.275739372 3 -3.18933167E-02 17 -0.166093946 34 0.272933781 5 -0.120365560 35 4.46428135E-02
 121578 1 8 0.00000000E+00 4 0.300294787 2 0.166959047 1 0.529710114 3 -2.71464773E-02 17 -0.166295007 34 0.273502916 5 -0.116260581 35 3.92351970E-02
 121579 1 8 0.00000000E+00 4 0.328849047 2 0.177095234 3 -2.17334963E-02 1 0.484213948 17 -0.164619416 34 0.273833930 5 -0.111402713 35 3.37634608E-02
 121580 1 8 0.00000000E+00 4 0.362143099 3 -1.57957263E-02 2 0.183314413 1 0.434753448 17 -0.160904139 34 0.273815244 5 -0.105544552 35 2.82182246E-02
 121581 1 8 0.00000000E+00 4 0.400981903 3 -9.77335405E-03 2 0.183846310 1 0.382371664 17 -0.154977545 34 0.273318082 5 -9.83510017E-02 35 2.25839280E-02
 121582 1 8 0.00000000E+00 4 0.446071625 3 -4.56648553E-03 2 0.177016258 1 0.328424126 17 -0.146631747 34 0.272225946 5 -8.93756151E-02 35 1.68359112E-02
 121583 1 8 0.00000000E+00 4 0.497626841 3 -1.63597858E-03 2 0.161777437 1 0.274464637 34 0.270474851 17 -0.135631695 5 -7.80122876E-02 35 1.09362239E-02
 121584 1 8 0.00000000E+00 4 0.554527700 3 -2.73843063E-03 2 0.138378233 1 0.222081110 34 0.268143237 17 -0.121773846 5 -6.34457916E-02 35 4.82776901E-03
 121585 1 8 0.00000000E+00 4 0.612814426 3 -8.79425183E-03 2 0.108846925 34 0.265572816 1 0.172745228 17 -0.105029494 5 -4.45825756E-02 35 -1.57308846E-03
 121587 1 8 0.00000000E+00 4 0.695651770 3 -2.44154073E-02 2 4.66324240E-02 34 0.262621999 5 1.18457982E-02 1 8.78864080E-02 17 -6.45398647E-02 35 -1.56831481E-02
 121588 1 8 0.00000000E+00 4 0.696949720 3 -2.18374096E-02 2 2.14965362E-02 34 0.263215929 5 5.22816107E-02 17 -4.25069742E-02 1 5.38148582E-02 35 -2.34142672E-02
 121589 1 8 0.00000000E+00 4 0.666919470 3 -8.91239848E-03 2 2.79536215E-03 34 0.263712764 5 0.101747245 17 -2.05301810E-02 1 2.54476164E-02 35 -3.11798472E-02
 121590 1 8 0.00000000E+00 4 0.614254177 3 9.93180554E-03 34 0.261101902 2 -9.87584796E-03 5 0.159859449 17 6.97742857E-04 1 2.30526156E-03 35 -3.82744968E-02
 122270 1 8 0.00000000E+00 1 0.728368163 2 5.27529567E-02 3 -5.45213260E-02 4 0.163274541 17 -0.120914914 34 0.281511694 5 -0.147181869 35 9.67107415E-02
 122271 1 8 0.00000000E+00 1 0.719690144 2 6.08461611E-02 3 -5.34505881E-02 4 0.171622813 17 -0.128279492 34 0.283602059 5 -0.146151334 35 9.21202376E-02
 122272 1 8 0.00000000E+00 1 0.708934486 2 6.96103349E-02 3 -5.22056445E-02 4 0.180875331 17 -0.135462344 34 0.285752714 5 -0.144938603 35 8.74337256E-02
 122273 1 8 0.00000000E+00 1 0.695774078 2 7.90572166E-02 3 -5.07611893E-02 4 0.191175371 17 -0.142344177 34 0.287976503 5 -0.143528894 35 8.26511234E-02
 122274 1 8 0.00000000E+00 1 0.679851949 2 8.91758651E-02 4 0.202688590 3 -4.90924865E-02 17 -0.148781300 34 0.290285379 5 -0.141898096 35 7.77700841E-02
 122275 1 8 0.00000000E+00 1 0.660794377 2 9.98987481E-02 4 0.215609297 3 -4.71604764E-02 17 -0.154605359 34 0.292693675 5 -0.140019447 35 7.27891997E-02
 122276 1 8 0.00000000E+00 1 0.638236225 2 0.111088514 4 0.230173722 3 -4.49321568E-02 17 -0.159630015 34 0.295211524 5 -0.137854874 35 6.77070469E-02
 122277 1 8 0.00000000E+00 1 0.611848295 2 0.122511022 4 0.246652365 3 -4.23728898E-02 17 -0.163653910 34 0.297845632 5 -0.135350183 35 6.25196695E-02
 122278 1 8 0.00000000E+00 1 0.581386626 2 0.133777380 4 0.265362620 3 -3.94435413E-02 17 -0.166469529 34 0.300598174 5 -0.132433638 35 5.72219342E-02
 122279 1 8 0.00000000E+00 1 0.546745598 4 0.286662459 2 0.144322768 3 -3.61193791E-02 17 -0.167875513 34 0.303459108 5 -0.128999561 35 5.18045165E-02
 122280 1 8 0.00000000E+00 4 0.310958624 2 0.153374314 3 -3.24213505E-02 1 0.508012176 17 -0.167680025 34 0.306407362 5 -0.124905936 35 4.62548248E-02
 122281 1 8 0.00000000E+00 4 0.338677943 3 -2.84367111E-02 2 0.159943908 1 0.465518832 17 -0.165710032 34 0.309409738 5 -0.119957253 35 4.05535586E-02
 122282 1 8 0.00000000E+00 4 0.370234728 3 -2.43967101E-02 2 0.162887782 1 0.419865638 17 -0.161799967 34 0.312427104 5 -0.113892317 35 3.46737280E-02
 122283 1 8 0.00000000E+00 4 0.405918151 3 -2.07180697E-02 2 0.161031738 1 0.371921450 34 0.315416902 17 -0.155791685 5 -0.106358185 35 2.85796970E-02
 122284 1 8 0.00000000E+00 4 0.445702016 3 -1.80632025E-02 2 0.153423473 1 0.322773397 34 0.318361014 17 -0.147528052 5 -9.68938544E-02 35 2.22251955E-02
 122285 1 8 0.00000000E+00 4 0.488865525 3 -1.72487516E-02 2 0.139662892 1 0.273644716 34 0.321290046 17 -0.136873022 5 -8.48933980E-02 35 1.55520020E-02
 122286 1 8 0.00000000E+00 4 0.533414364 3 -1.89183149E-02 2 0.120238356 34 0.324318826 1 0.225789502 17 -0.123761013 5 -6.95712641E-02 35 8.48956220E-03
 122289 1 8 0.00000000E+00 4 0.625679255 3 -2.94078030E-02 2 4.72086780E-02 34 0.336064339 5 7.08484231E-03 1 0.100748800 17 -7.16984645E-02 35 -1.56796630E-02
 122290 1 8 0.00000000E+00 4 0.621181130 3 -2.58701518E-02 34 0.340460628 2 2.61209700E-02 5 4.68608327E-02 17 -5.18643223E-02 1 6.77449778E-02 35 -2.46340688E-02
 122291 1 8 0.00000000E+00 4 0.594489634 3 -1.61529761E-02 34 0.342964262 2 9.35803633E-03 5 9.53206196E-02 17 -3.19645144E-02 1 3.95566002E-02 35 -3.35716940E-02
 122292 1 8 0.00000000E+00 4 0.550013840 34 0.340715587 3 -2.20736023E-03 5 0.152910620 2 -2.95403367E-03 17 -1.26477508E-02 35 -4.18584049E-02 1 1.60274785E-02
 122973 1 8 0.00000000E+00 1 0.699742377 2 6.26714528E-02 3 -5.48446253E-02 4 0.177918747 17 -0.133292362 34 0.301291466 5 -0.152827308 35 9.93402451E-02
 122974 1 8 0.00000000E+00 1 0.687944591 2 7.08272830E-02 4 0.187461376 3 -5.37365079E-02 17 -0.140004292 34 0.304556757 5 -0.151873991 35 9.48247612E-02
 122975 1 8 0.00000000E+00 1 0.673830688 2 7.94819444E-02 4 0.198032647 3 -5.24605289E-02 17 -0.146362573 34 0.307996422 5 -0.150724858 35 9.02062953E-02
 122976 1 8 0.00000000E+00 1 0.657109976 2 8.85771662E-02 4 0.209778324 3 -5.09927683E-02 17 -0.152233452 34 0.311634839 5 -0.149352983 35 8.54789019E-02
 122977 1 8 0.00000000E+00 1 0.637489021 2 9.80118513E-02 4 0.222870141 3 -4.93170470E-02 17 -0.157463759 34 0.315497309 5 -0.147724479 35 8.06369781E-02
 122978 1 8 0.00000000E+00 1 0.614697993 2 0.107612520 4 0.237501815 3 -4.74125855E-02 17 -0.161888495 34 0.319609582 5 -0.145793051 35 7.56722167E-02
 122979 1 8 0.00000000E+00 1 0.588514686 4 0.253887653 2 0.117110848 3 -4.52584140E-02 17 -0.165329680 34 0.323998511 5 -0.143498093 35 7.05745071E-02
 122980 1 8 0.00000000E+00 1 0.558797121 4 0.272269607 2 0.126135290 3 -4.28589247E-02 17 -0.167605028 34 0.328688204 5 -0.140755981 35 6.53297380E-02
 122981 1 8 0.00000000E+00 4 0.292893171 2 0.134174258 1 0.525527716 3 -4.02255245E-02 17 -0.168536067 34 0.333700776 5 -0.137452558 35 5.99181913E-02
 122982 1 8 0.00000000E+00 4 0.316005528 3 -3.74178998E-02 2 0.140584052 1 0.488846034 17 -0.167951658 34 0.339055985 5 -0.133438230 35 5.43161780E-02
 122983 1 8 0.00000000E+00 4 0.341809601 3 -3.45525667E-02 2 0.144600838 1 0.449082077 34 0.344773442 17 -0.165692300 5 -0.128511399 35 4.84903008E-02
 122984 1 8 0.00000000E+00 4 0.370411277 3 -3.18470113E-02 2 0.145413652 1 0.406766206 34 0.350873619 17 -0.161610648 5 -0.122406483 35 4.23993841E-02
 122985 1 8 0.00000000E+00 4 0.401694715 3 -2.96170712E-02 2 0.142269209 1 0.362624139 34 0.357392907 17 -0.155574396 5 -0.114781119 35 3.59916128E-02
 122986 1 8 0.00000000E+00 4 0.435151577 3 -2.82631814E-02 2 0.134650290 34 0.364384919 1 0.317533970 17 -0.147471398 5 -0.105189748 35 2.92035565E-02
 122987 1 8 0.00000000E+00 4 0.469611526 3 -2.81539317E-02 2 0.122469418 34 0.371935934 1 0.272473395 17 -0.137230933 5 -9.30681378E-02 35 2.19627246E-02
 122988 1 8 0.00000000E+00 4 0.502931297 3 -2.93942001E-02 2 0.106242552 34 0.380158693 1 0.228444159 5 -7.77087733E-02 17 -0.124863498 35 1.41897341E-02
 122991 1 8 0.00000000E+00 4 0.558462143 3 -3.28366831E-02 34 0.408970892 2 4.69384715E-02 5 -2.95557338E-03 1 0.111337289 17 -7.70527050E-02 35 -1.28638297E-02
 122992 1 8 0.00000000E+00 4 0.548793674 34 0.418326795 3 -2.88291965E-02 2 2.91514024E-02 5 3.50699238E-02 1 7.94155896E-02 17 -5.89735880E-02 35 -2.29545869E-02
 122993 1 8 0.00000000E+00 4 0.522478521 34 0.424901873 3 -2.08964348E-02 5 8.14784020E-02 2 1.43427737E-02 35 -3.31178755E-02 17 -4.07782122E-02 1 5.15909307E-02
 122994 1 8 0.00000000E+00 34 0.426160038 4 0.483931899 5 0.140386343 3 -1.22770276E-02 2 1.43532939E-02 35 -2.85855364E-02 25 -1.75494142E-02 17 -6.41958183E-03
 123000 1 8 0.00000000E+00 5 0.662396550 34 0.141504556 4 0.177643672 25 6.38073534E-02 35 -8.26928467E-02 3 4.55653556E-02 6 -1.98399904E-03 2 -6.24064635E-03
 123001 1 8 0.00000000E+00 5 0.729517817 34 6.87785372E-02 25 7.42049068E-02 35 -7.71059841E-02 4 0.142615154 3 4.53296602E-02 6 -3.74732651E-02 26 5.41331731E-02
 123678 1 8 0.00000000E+00 1 0.635732234 2 8.70526209E-02 4 0.214904875 3 -5.28288744E-02 17 -0.154635057 34 0.332504243 5 -0.156584263 35 9.38542113E-02
 123680 1 8 0.00000000E+00 1 0.593041480 4 0.242156878 2 0.103407934 3 -4.97894436E-02 17 -0.163160443 34 0.343428195 5 -0.153501883 35 8.44172761E-02
 123681 1 8 0.00000000E+00 1 0.567269087 4 0.258004189 2 0.111230910 3 -4.80142795E-02 17 -0.166057661 34 0.349515378 5 -0.151426047 35 7.94784427E-02
 123682 1 8 0.00000000E+00 4 0.275531590 1 0.538428366 2 0.118378498 3 -4.60751168E-02 17 -0.167829692 34 0.356084675 5 -0.148884252 35 7.43659362E-02
 123683 1 8 0.00000000E+00 4 0.294877321 3 -4.40141149E-02 2 0.124421656 1 0.506556094 34 0.363186240 17 -0.168320909 5 -0.145761445 35 6.90551847E-02
 123684 1 8 0.00000000E+00 4 0.316136539 3 -4.19008397E-02 2 0.128842279 1 0.471818656 34 0.370879531 17 -0.167380512 5 -0.141906589 35 6.35109469E-02
 123685 1 8 0.00000000E+00 4 0.339316517 3 -3.98405455E-02 2 0.131067142 1 0.434526712 34 0.379229456 17 -0.164866105 5 -0.137124896 35 5.76917492E-02
 123686 1 8 0.00000000E+00 4 0.364278704 3 -3.79961096E-02 2 0.130530179 1 0.395147353 34 0.388311297 17 -0.160653561 5 -0.131162956 35 5.15450649E-02
 123687 1 8 0.00000000E+00 4 0.390638620 3 -3.65753137E-02 2 0.126764923 34 0.398221165 1 0.354283631 17 -0.154636011 5 -0.123705097 35 4.50080633E-02
 123688 1 8 0.00000000E+00 4 0.417628527 3 -3.57765146E-02 2 0.119503789 34 0.409070313 1 0.312654942 5 -0.114348195 17 -0.146737680 35 3.80048081E-02
 123689 1 8 0.00000000E+00 4 0.443941444 3 -3.57053354E-02 2 0.108804233 34 0.420985192 1 0.271050960 5 -0.102597378 17 -0.136931866 35 3.04527618E-02
 123693 1 8 0.00000000E+00 4 0.494696200 34 0.479856044 3 -3.51858176E-02 2 4.61615212E-02 5 -1.78953484E-02 1 0.120047279 17 -8.09443891E-02 35 -6.73549855E-03
 123694 1 8 0.00000000E+00 4 0.480379403 34 0.495256752 3 -3.09452340E-02 5 1.71265267E-02 2 3.10429707E-02 35 -1.77570507E-02 1 8.91468227E-02 17 -6.42501786E-02
 123695 1 8 0.00000000E+00 34 0.509891510 4 0.456934392 5 6.44612238E-02 3 -2.91536879E-02 2 4.36240546E-02 35 -3.45071917E-03 25 -3.15323174E-02 17 -1.07744830E-02
 123696 1 8 0.00000000E+00 34 0.515139341 4 0.416521788 5 0.116427653 3 -1.82123352E-02 2 2.31222734E-02 35 -2.05321778E-02 25 -2.41838433E-02 17 -8.28272011E-03
 123697 1 8 0.00000000E+00 34 0.509683192 5 0.179690778 4 0.368274719 3 -6.68968633E-03 2 6.74495287E-03 35 -3.65784429E-02 25 -1.65231731E-02 17 -4.60235029E-03
 123698 1 8 0.00000000E+00 34 0.487465978 5 0.256590635 4 0.316217393 3 4.15618531E-03 35 -4.80967909E-02 2 -5.78434439E-03 25 -5.74555108E-03 6 -4.80349967E-03
 123699 1 8 0.00000000E+00 34 0.442552537 5 0.350237340 4 0.264188945 3 1.37582570E-02 35 -5.74844740E-02 25 3.00152460E-03 2 -1.02651687E-02 6 -5.98896854E-03
 123700 1 8 0.00000000E+00 5 0.460026056 34 0.372516721 4 0.215347722 35 -6.29976019E-02 3 2.10683830E-02 25 1.17069744E-02 2 -1.14939213E-02 6 -6.17433386E-03
 123701 1 8 0.00000000E+00 5 0.580797791 34 0.280715168 4 0.171371356 35 -6.55235946E-02 25 2.20628511E-02 3 2.60153748E-02 6 -5.23830904E-03 2 -1.02006253E-02
 123702 1 8 0.00000000E+00 5 0.699932873 34 0.177142411 35 -6.66567162E-02 25 3.78824584E-02 4 0.133091331 3 2.90963072E-02 6 -3.34129971E-03 2 -7.14739040E-03
 123703 1 8 0.00000000E+00 5 0.791236937 34 8.02914053E-02 25 5.17483018E-02 35 -6.13865070E-02 4 0.101611346 6 -2.67580356E-02 3 2.69903075E-02 26 3.62662449E-02
 123704 1 8 0.00000000E+00 5 0.829299092 34 5.93835581E-03 25 9.53509882E-02 35 -5.82640208E-02 6 -3.72684337E-02 4 7.89514482E-02 26 5.26935421E-02 3 3.32990102E-02
 124383 1 8 0.00000000E+00 4 0.259279370 1 0.547913253 2 0.105183870 3 -5.05487621E-02 34 0.374067217 17 -0.166017681 5 -0.159133896 35 8.92566144E-02
 124384 1 8 0.00000000E+00 4 0.275562495 3 -4.89932410E-02 2 0.110798553 1 0.520022571 34 0.382398635 17 -0.167333841 5 -0.156824112 35 8.43689814E-02
 124395 1 8 0.00000000E+00 34 0.546718359 4 0.435076863 3 -3.67759317E-02 5 -3.69028673E-02 2 4.50826734E-02 35 3.21952533E-03 1 0.127275288 17 -8.36939290E-02
 124396 1 8 0.00000000E+00 34 0.569082439 4 0.419882238 5 1.63353223E-03 3 -3.89813595E-02 2 1.98701210E-03 35 2.55297497E-02 25 -4.39200550E-02 1 6.47864342E-02
 124397 1 8 0.00000000E+00 34 0.589115858 4 0.389714658 5 3.84219438E-02 3 -3.11502609E-02 2 -2.43693637E-03 35 8.27714615E-03 25 -3.72466110E-02 1 4.53041978E-02
 124398 1 8 0.00000000E+00 34 0.601010680 5 8.56431425E-02 4 0.351374507 3 -2.25670487E-02 2 2.14226693E-02 35 -2.71683000E-02 25 -3.30701172E-02 36 2.33544633E-02
 124399 1 8 0.00000000E+00 34 0.607553184 5 0.140804589 4 0.303990096 3 -1.24966325E-02 35 -3.29445899E-02 2 8.05346388E-03 25 -2.35673562E-02 36 8.60721245E-03
 124400 1 8 0.00000000E+00 34 0.594648540 5 0.212244168 4 0.253564119 3 -2.96522118E-03 35 -3.72860506E-02 25 -1.46645932E-02 2 -1.21121446E-03 36 -4.32973402E-03
 124401 1 8 0.00000000E+00 34 0.548634529 5 0.307454050 4 0.204334468 35 -4.73173931E-02 3 5.25427889E-03 25 -5.52774640E-03 2 -7.08971033E-03 6 -5.74245118E-03
 124402 1 8 0.00000000E+00 34 0.467234284 5 0.427527845 4 0.159763098 35 -4.91983518E-02 25 -5.29261015E-05 3 1.10122561E-02 6 -6.75947685E-03 2 -9.52671561E-03
 124403 1 8 0.00000000E+00 5 0.567429364 34 0.357290357 35 -3.44876125E-02 25 6.31757546E-04 4 0.120651409 3 5.43177966E-03 6 4.34304401E-03 36 -2.12900899E-02
 124404 1 8 0.00000000E+00 5 0.720348001 34 0.222440928 35 -3.22587527E-02 25 8.09350889E-03 4 8.65960494E-02 6 5.38780820E-03 3 8.87619052E-03 36 -1.94837097E-02
 124405 1 8 0.00000000E+00 5 0.855257332 34 8.94356146E-02 35 -2.85596978E-02 25 1.92674436E-02 6 -5.49067184E-03 4 6.97138682E-02 36 -1.80429164E-02 26 1.84190217E-02
 124406 1 8 0.00000000E+00 5 0.900442898 34 -3.14715522E-04 25 6.62501827E-02 35 -2.00614017E-02 6 -1.44964438E-02 4 5.71859218E-02 26 3.24574001E-02 36 -2.14638691E-02
 125100 1 8 0.00000000E+00 34 0.685439229 5 4.58701067E-02 4 0.290320575 3 -2.49856859E-02 35 -2.05195379E-02 2 2.68576778E-02 25 -3.89080644E-02 36 3.59256789E-02
 125101 1 8 0.00000000E+00 34 0.706681848 5 8.98738280E-02 4 0.242194265 3 -1.57891661E-02 35 -2.60184668E-02 25 -2.85388380E-02 2 1.30554298E-02 36 1.85411330E-02
 125102 1 8 0.00000000E+00 34 0.709477723 5 0.149527416 4 0.191330552 35 -2.99343821E-02 3 -7.09366985E-03 25 -1.86928660E-02 2 2.89344927E-03 36 2.49177334E-03
 125103 1 8 0.00000000E+00 34 0.674506605 5 0.236239493 35 -2.93003544E-02 4 0.143336177 25 -1.14464145E-02 3 -3.67730646E-03 36 -9.60451271E-03 6 -5.37141896E-05
 125104 1 8 0.00000000E+00 34 0.584370375 5 0.360396028 35 -2.20055990E-02 25 -8.92941654E-03 4 0.103573672 3 -2.52953544E-03 6 5.03626361E-04 36 -1.53791392E-02
 125105 1 8 0.00000000E+00 5 0.518166959 34 0.445502698 35 -1.03883622E-02 25 -8.09285603E-03 4 7.17239156E-02 6 -8.54853482E-04 36 -1.46700423E-02 3 -1.38745061E-03
 125106 1 8 0.00000000E+00 5 0.697432458 34 0.279182315 35 -1.05539523E-03 25 -6.68992335E-03 6 -1.95058272E-03 4 4.39147577E-02 36 -1.04690474E-02 3 -3.64569074E-04
 125107 1 8 0.00000000E+00 5 0.889403820 34 0.101034470 35 2.92433397E-04 25 -3.04143247E-03 6 -1.11021614E-03 36 -4.64045070E-03 4 1.78673193E-02 26 1.94078224E-04
 125108 1 8 0.00000000E+00 5 0.950924933 34 -9.98700131E-03 25 4.51602042E-02 35 1.20737087E-02 6 -9.55453515E-03 36 -7.47455517E-03 26 1.05737606E-02 4 8.28349497E-03
 125109 1 8 0.00000000E+00 5 0.834235251 34 -2.61790864E-02 25 0.151371002 35 3.85935754E-02 6 -3.02028451E-02 26 3.44225839E-02 36 -2.19243634E-02 4 1.96839105E-02
 125131 1 8 0.00000000E+00 31 0.729350805 26 0.244130909 6 -3.79485302E-02 25 6.38661087E-02 35 -3.08293775E-02 7 -3.20398547E-02 5 8.60297531E-02 36 -2.25598384E-02
 125132 1 8 0.00000000E+00 31 0.778071523 26 0.199370578 6 -3.41080837E-02 25 5.64362518E-02 35 -2.73225997E-02 7 -3.29560600E-02 5 7.99744651E-02 36 -1.94660611E-02
 125133 1 8 0.00000000E+00 31 0.822643936 26 0.157605916 6 -3.07112485E-02 25 4.98771071E-02 35 -2.41100416E-02 7 -3.35516930E-02 5 7.46785328E-02 36 -1.64324790E-02
 125134 1 8 0.00000000E+00 31 0.861228883 26 0.120470792 6 -2.78979577E-02 25 4.41194922E-02 35 -2.13849396E-02 7 -3.32508422E-02 5 7.03517720E-02 36 -1.36371981E-02
 125135 1 8 0.00000000E+00 31 0.892134786 26 8.94382745E-02 6 -2.57930830E-02 25 3.91199552E-02 35 -1.93280540E-02 7 -3.15134116E-02 5 6.71894252E-02 36 -1.12478994E-02
 125804 1 8 0.00000000E+00 34 0.825377226 5 7.13881105E-02 35 -1.83568299E-02 4 0.132852331 25 -1.70519669E-02 3 -2.64219544E-03 36 1.37783904E-02 6 -5.34507819E-03
 125805 1 8 0.00000000E+00 34 0.815848947 5 0.137210503 35 -1.78352054E-02 4 8.27786550E-02 25 -9.69376415E-03 3 -3.13232397E-03 36 -4.29725647E-03 6 -8.79552157E-04
 125806 1 8 0.00000000E+00 34 0.714532077 5 0.260325372 35 -1.04139815E-03 25 -7.46990507E-03 4 4.96005788E-02 6 -2.40575685E-03 36 -9.72470269E-03 3 -3.81626631E-03
 125807 1 8 0.00000000E+00 34 0.545850754 5 0.425543547 35 2.54822467E-02 25 -7.24703446E-03 6 -7.70934206E-03 4 2.90563311E-02 36 -6.23859977E-03 3 -4.73787496E-03
 125808 1 8 0.00000000E+00 5 0.600742579 34 0.360090882 35 4.82874066E-02 25 7.39859184E-04 6 -6.94650086E-03 36 -1.18350016E-03 4 6.62132166E-03 26 -8.35201330E-03
 125809 1 8 0.00000000E+00 5 0.755419672 34 0.185145929 35 6.66093379E-02 25 1.88150890E-02 6 -1.03792110E-02 36 1.52404595E-03 26 -8.37560929E-03 4 -8.75923224E-03
 125810 1 8 0.00000000E+00 5 0.806296766 34 6.75221384E-02 35 8.77145007E-02 25 7.51208961E-02 6 -2.00509652E-02 36 -3.42491199E-03 26 -4.14776674E-04 4 -1.27636660E-02
 125811 1 8 0.00000000E+00 5 0.739672542 25 0.173952803 34 1.64903514E-02 35 0.109307520 6 -3.64498533E-02 26 1.70470290E-02 36 -1.59775373E-02 4 -4.04286711E-03
 125812 1 8 0.00000000E+00 5 0.647321343 25 0.285299301 35 0.112159498 34 -7.49535719E-03 6 -4.82663214E-02 26 4.35640924E-02 36 -1.99008044E-02 7 -1.26817441E-02
 125813 1 8 0.00000000E+00 5 0.556255996 25 0.398006022 35 9.40426812E-02 34 -1.95383728E-02 6 -5.95924594E-02 26 7.43854716E-02 36 -2.77809706E-02 7 -1.57783311E-02
 125830 1 8 0.00000000E+00 31 0.569751322 26 0.396684319 6 -4.52582985E-02 25 7.74779841E-02 35 -3.78547311E-02 7 -1.75304171E-02 5 8.65554884E-02 36 -2.98256595E-02
 125831 1 8 0.00000000E+00 31 0.626620531 26 0.345597297 6 -4.06950824E-02 25 6.77502602E-02 35 -3.43308225E-02 7 -1.75444521E-02 5 7.98903182E-02 36 -2.72880662E-02
 125832 1 8 0.00000000E+00 31 0.683107913 26 0.294033259 6 -3.63002345E-02 25 5.92641160E-02 35 -3.06629092E-02 7 -1.85671598E-02 5 7.34998211E-02 36 -2.43747756E-02
 125833 1 8 0.00000000E+00 31 0.738499701 26 0.242867172 6 -3.21259387E-02 25 5.17824851E-02 35 -2.69196592E-02 7 -2.03643478E-02 5 6.74308687E-02 36 -2.11702920E-02
 125834 1 8 0.00000000E+00 31 0.791699171 26 0.193191946 6 -2.82453038E-02 25 4.51486856E-02 35 -2.32218727E-02 7 -2.25686990E-02 5 6.17927909E-02 36 -1.77967101E-02
 125835 1 8 0.00000000E+00 31 0.840933919 26 0.146586865 6 -2.47849170E-02 25 3.92732918E-02 35 -1.97635032E-02 7 -2.46061701E-02 5 5.67931496E-02 36 -1.44326491E-02
 125836 1 8 0.00000000E+00 31 0.883508623 26 0.105339386 6 -2.19507273E-02 25 3.41319963E-02 7 -2.56256238E-02 35 -1.68298576E-02 36 -1.13412272E-02 5 5.27674295E-02
 125837 1 8 0.00000000E+00 31 0.916335225 26 7.20273256E-02 6 -1.99776832E-02 25 2.97361519E-02 7 -2.46632062E-02 35 -1.47509631E-02 36 -8.81472602E-03 5 5.01078777E-02
 125838 1 8 0.00000000E+00 31 0.937963426 26 4.78749014E-02 6 -1.89714711E-02 25 2.60645095E-02 7 -2.12311018E-02 35 -1.36884963E-02 36 -7.00505544E-03 5 4.89933006E-02
 125839 1 8 0.00000000E+00 31 0.949981332 26 3.16181742E-02 6 -1.87885333E-02 25 2.30085533E-02 7 -1.57314837E-02 35 -1.34883961E-02 36 -5.80063835E-03 5 4.92009856E-02
 125840 1 8 0.00000000E+00 31 0.955429614 26 2.08007451E-02 6 -1.91641189E-02 25 2.04201806E-02 7 -8.99093691E-03 35 -1.38508789E-02 36 -4.96514561E-03 5 5.03205173E-02
 126507 1 8 0.00000000E+00 34 0.964456558 5 1.73755642E-02 35 -4.49507916E-03 25 -4.50246688E-03 4 2.54057292E-02 36 3.73435044E-03 6 -1.30930811E-03 3 -6.65346102E-04
 126508 1 8 0.00000000E+00 34 0.830794573 5 0.146885261 35 2.89170239E-02 25 -3.37289087E-03 36 2.35428824E-03 4 4.70038271E-03 6 -7.06687756E-03 3 -3.21173156E-03
 126509 1 8 0.00000000E+00 34 0.627918124 5 0.314852864 35 7.34918192E-02 25 1.66035269E-03 6 -1.04014985E-02 36 9.79080424E-03 4 -7.12990109E-03 26 -1.01825623E-02
 126510 1 8 0.00000000E+00 5 0.466274917 34 0.437575370 35 0.114900559 25 1.45334201E-02 6 -1.64686088E-02 36 1.29871899E-02 4 -1.59922130E-02 26 -1.38106523E-02
 126511 1 8 0.00000000E+00 5 0.579304397 34 0.272529423 35 0.151744530 25 4.52630222E-02 6 -2.34451275E-02 36 1.09824529E-02 26 -1.39331426E-02 4 -2.24455241E-02
 126512 1 8 0.00000000E+00 5 0.623126388 34 0.149680123 35 0.183649987 25 0.105348893 6 -3.32526639E-02 36 2.74762325E-03 26 -8.57058167E-03 4 -2.27297693E-02
 126513 1 8 0.00000000E+00 5 0.588253677 35 0.205768451 25 0.196272731 34 6.12611920E-02 6 -4.13771272E-02 36 -3.06206592E-03 26 3.60041624E-03 7 -1.07172839E-02
 126514 1 8 0.00000000E+00 5 0.524877369 25 0.312068731 35 0.202555194 34 1.91549826E-02 6 -5.26443422E-02 26 2.14691088E-02 36 -1.46405706E-02 7 -1.28405038E-02
 126515 1 8 0.00000000E+00 25 0.440284401 5 0.448057950 35 0.170098931 6 -6.09743111E-02 34 -4.51219501E-03 26 4.49893177E-02 36 -2.33472288E-02 7 -1.45968832E-02
 126516 1 8 0.00000000E+00 25 0.564423740 5 0.371317953 35 0.112521119 6 -6.47815913E-02 26 7.74807706E-02 34 -1.67049002E-02 36 -2.80870553E-02 7 -1.61700249E-02
 126528 1 8 0.00000000E+00 26 0.611966014 25 0.111954607 6 -5.63394427E-02 31 0.333899200 35 -4.44861576E-02 7 -1.37937786E-02 5 9.02216882E-02 36 -3.34221534E-02
 126529 1 8 0.00000000E+00 26 0.566253483 31 0.390257418 6 -5.20721264E-02 25 9.51815024E-02 35 -4.23562303E-02 7 -8.22221115E-03 5 8.41472745E-02 36 -3.31890620E-02
 126530 1 8 0.00000000E+00 26 0.516053915 31 0.448081553 6 -4.75186743E-02 25 8.16414654E-02 35 -3.99444439E-02 7 -4.16362938E-03 5 7.82211050E-02 36 -3.23712826E-02
 126531 1 8 0.00000000E+00 31 0.506904781 26 0.463063896 6 -4.29478139E-02 25 7.04376400E-02 35 -3.72059457E-02 7 -1.69295899E-03 5 7.23902509E-02 36 -3.09498794E-02
 126532 1 8 0.00000000E+00 31 0.566371083 26 0.408383936 6 -3.84703688E-02 25 6.09553941E-02 35 -3.41372862E-02 7 -7.84349104E-04 5 6.66278079E-02 36 -2.89461967E-02
 126533 1 8 0.00000000E+00 31 0.626163423 26 0.352777421 6 -3.41287479E-02 25 5.27728610E-02 35 -3.07661593E-02 7 -1.34161115E-03 5 6.09266311E-02 36 -2.64037997E-02
 126534 1 8 0.00000000E+00 31 0.685935140 26 0.296842337 6 -2.99366098E-02 25 4.55911011E-02 35 -2.71331687E-02 7 -3.21329827E-03 36 -2.33851615E-02 5 5.52996770E-02
 126535 1 8 0.00000000E+00 31 0.745205283 26 0.241168350 6 -2.59046070E-02 25 3.92055735E-02 35 -2.33056415E-02 7 -6.18521357E-03 36 -1.99709609E-02 5 4.97872457E-02
 126536 1 8 0.00000000E+00 31 0.803148150 26 0.186553255 6 -2.20733974E-02 25 3.34776714E-02 7 -9.93070472E-03 35 -1.93865970E-02 36 -1.62724722E-02 5 4.44840677E-02
 126537 1 8 0.00000000E+00 31 0.858105004 26 0.134426638 6 -1.85536128E-02 25 2.83412077E-02 7 -1.38787311E-02 35 -1.55659718E-02 36 -1.24709178E-02 5 3.95963900E-02
 126538 1 8 0.00000000E+00 31 0.906534016 26 8.77204686E-02 6 -1.56188440E-02 25 2.38215718E-02 7 -1.69086233E-02 35 -1.22270882E-02 36 -8.90700053E-03 5 3.55855152E-02
 126539 1 8 0.00000000E+00 31 0.942330420 26 5.14321439E-02 6 -1.37515413E-02 25 2.00466793E-02 7 -1.71590038E-02 35 -1.00135822E-02 36 -6.13904186E-03 5 3.32538970E-02
 126540 1 8 0.00000000E+00 31 0.963895559 26 3.04969158E-02 6 -2.05963589E-02 25 3.44194211E-02 7 -1.45339034E-02 35 8.09313729E-03 36 -9.72481357E-05 8 -1.67753652E-03
 126541 1 8 0.00000000E+00 31 0.969623864 26 1.75965950E-02 6 -2.08447091E-02 25 3.33931781E-02 7 -1.59221869E-02 35 8.70228000E-03 36 -5.12046390E-04 8 7.96301197E-03
 126542 1 8 0.00000000E+00 31 0.968943357 26 9.97617468E-03 6 -2.17139218E-02 25 3.32628079E-02 7 -1.71539225E-02 35 9.26314294E-03 8 1.87501702E-02 36 -1.32781151E-03
 126543 1 8 0.00000000E+00 31 0.965263009 26 4.95718513E-03 6 -2.28818655E-02 25 3.36101763E-02 7 -1.83711834E-02 35 9.84484795E-03 8 2.97879912E-02 36 -2.21017515E-03
 126544 1 8 0.00000000E+00 31 0.960128903 26 1.32238260E-03 6 -2.42025815E-02 25 3.42340730E-02 7 -1.96211338E-02 35 1.04767540E-02 8 4.06828821E-02 36 -3.02130519E-03
 127211 1 8 0.00000000E+00 34 0.655007482 5 0.221475080 35 0.136333033 25 4.25679469E-03 36 3.96742970E-02 6 -1.98478196E-02 4 -2.11118851E-02 26 -1.57869849E-02
 127212 1 8 0.00000000E+00 34 0.481619149 5 0.340201497 35 0.191537589 25 2.17363760E-02 6 -2.71693859E-02 36 3.76629978E-02 26 -1.90219991E-02 4 -2.65662130E-02
 127213 1 8 0.00000000E+00 5 0.412195951 34 0.310045689 35 0.247548521 25 5.46080954E-02 6 -3.07100974E-02 36 3.63591984E-02 26 -1.99804939E-02 7 -1.00668734E-02
 127214 1 8 0.00000000E+00 5 0.448726505 35 0.293122560 34 0.188086361 25 0.113147177 6 -3.92703526E-02 36 2.37591751E-02 26 -1.62321571E-02 7 -1.13392705E-02
 127215 1 8 0.00000000E+00 5 0.437878311 35 0.321131229 25 0.200669423 34 0.101646416 6 -4.80191298E-02 36 7.43889110E-03 26 -8.46180599E-03 7 -1.22833494E-02
 127216 1 8 0.00000000E+00 35 0.317142010 5 0.392868936 25 0.318170041 34 4.51914556E-02 6 -5.48041277E-02 36 -8.30899645E-03 26 2.55495007E-03 7 -1.28142526E-02
 127217 1 8 0.00000000E+00 25 0.462874651 35 0.269335061 5 0.329540908 6 -5.80964647E-02 34 1.13575673E-02 26 1.69357117E-02 36 -1.90402474E-02 7 -1.29071986E-02
 127218 1 8 0.00000000E+00 25 0.621783972 35 0.179640025 5 0.260258824 6 -5.79325929E-02 26 3.79792415E-02 34 -6.10220060E-03 36 -2.29068026E-02 7 -1.27205020E-02
 127221 1 8 0.00000000E+00 25 0.712054729 6 9.04189236E-03 26 0.254317880 35 -4.54547442E-02 5 0.135370627 36 -2.54436955E-02 34 -1.74754560E-02 7 -2.24112608E-02
 127222 1 8 0.00000000E+00 25 0.592463434 26 0.383561552 6 2.95534376E-02 35 -5.87805547E-02 5 0.126230627 36 -2.81412713E-02 7 -2.69756131E-02 34 -1.79116018E-02
 127223 1 8 0.00000000E+00 26 0.520468235 25 0.470531464 6 2.50328705E-02 35 -6.11000508E-02 5 0.119721167 36 -2.93015148E-02 7 -2.81325970E-02 34 -1.72195416E-02
 127224 1 8 0.00000000E+00 26 0.651763558 25 0.361103922 6 1.41844270E-03 35 -5.82564548E-02 5 0.114206463 36 -2.95179654E-02 7 -2.47703921E-02 34 -1.59476027E-02
 127230 1 8 0.00000000E+00 26 0.644285381 6 -4.71434817E-02 25 8.29740912E-02 31 0.319314569 35 -3.88968289E-02 7 5.25598181E-03 5 6.57161921E-02 36 -3.15059163E-02
 127231 1 8 0.00000000E+00 26 0.590805352 31 0.378328443 6 -4.29443792E-02 25 7.00499043E-02 35 -3.76011059E-02 7 1.17189121E-02 36 -3.18541043E-02 5 6.14969730E-02
 127232 1 8 0.00000000E+00 26 0.534467638 31 0.438516706 6 -3.87273207E-02 25 5.96754849E-02 35 -3.58097069E-02 7 1.61607191E-02 36 -3.14245149E-02 5 5.71409948E-02
 127233 1 8 0.00000000E+00 31 0.499533564 26 0.476537615 6 -3.46333273E-02 25 5.10699935E-02 35 -3.35221551E-02 7 1.86081305E-02 36 -3.02371774E-02 5 5.26433736E-02
 127234 1 8 0.00000000E+00 31 0.561147809 26 0.417740673 6 -3.06823887E-02 25 4.37307432E-02 35 -3.07730548E-02 7 1.91688892E-02 36 -2.83456352E-02 5 4.80129421E-02
 127235 1 8 0.00000000E+00 31 0.623183608 26 0.358520329 6 -2.68543381E-02 25 3.73213291E-02 35 -2.76038479E-02 7 1.79868154E-02 36 -2.58149356E-02 5 4.32610065E-02
 127236 1 8 0.00000000E+00 31 0.685479760 26 0.299171031 6 -2.31160447E-02 25 3.16156410E-02 7 1.52281867E-02 35 -2.40682773E-02 36 -2.27166116E-02 5 3.84063125E-02
 127237 1 8 0.00000000E+00 31 0.747839391 26 0.239945054 6 -1.94460526E-02 25 2.64546815E-02 7 1.10759512E-02 35 -2.02193931E-02 36 -1.91242322E-02 5 3.34746167E-02
 127240 1 8 0.00000000E+00 31 0.930164576 26 7.04026222E-02 6 -1.36723034E-02 25 2.31932811E-02 7 -3.17103602E-03 35 2.13880069E-03 36 -3.25801992E-03 8 -5.79791469E-03
 127241 1 8 0.00000000E+00 31 0.971900582 26 2.84655560E-02 6 -1.10774748E-02 25 1.87161434E-02 7 -6.57342328E-03 35 3.55975679E-03 36 -4.43628873E-04 8 -4.54750331E-03
 127242 1 8 0.00000000E+00 31 0.983906925 26 1.01679331E-02 6 -1.12119224E-02 25 1.77637674E-02 7 -8.63657519E-03 35 4.38630162E-03 36 -4.18064126E-04 8 4.04163636E-03
 127243 1 8 0.00000000E+00 31 0.981732488 26 3.30992951E-03 6 -1.26433913E-02 25 1.85296312E-02 7 -1.01347929E-02 35 4.98054270E-03 8 1.58039369E-02 36 -1.57832028E-03
 127244 1 8 0.00000000E+00 31 0.975993037 26 -4.43532306E-04 6 -1.43933883E-02 25 1.97774265E-02 7 -1.15889050E-02 35 5.58479642E-03 8 2.79057529E-02 36 -2.83517363E-03
 127245 1 8 0.00000000E+00 31 0.969207942 26 -3.08294035E-03 6 -1.62282865E-02 25 2.12030131E-02 7 -1.30930645E-02 35 6.24901755E-03 8 3.96969989E-02 36 -3.95266665E-03
 127246 1 8 0.00000000E+00 31 0.962090790 26 -5.18378383E-03 6 -1.80793945E-02 25 2.27114465E-02 7 -1.46532049E-02 35 6.97911019E-03 8 5.10150716E-02 36 -4.88001853E-03
 127247 1 8 0.00000000E+00 31 0.954902053 26 -6.96646608E-03 6 -1.99216641E-02 25 2.42628790E-02 7 -1.62568185E-02 35 7.77418399E-03 8 6.18191287E-02 36 -5.61329583E-03
 127914 1 8 0.00000000E+00 34 0.471148700 5 0.225697950 35 0.272457570 25 1.67985372E-02 36 8.16180035E-02 6 -3.25686224E-02 26 -2.47171577E-02 7 -1.04350047E-02
 127915 1 8 0.00000000E+00 5 0.285206378 34 0.333198458 35 0.340994775 25 4.81753461E-02 6 -3.91392000E-02 36 6.86589852E-02 26 -2.45462097E-02 7 -1.25485305E-02
 127916 1 8 0.00000000E+00 35 0.405226350 5 0.311770946 34 0.216715574 25 9.88830253E-02 6 -4.59647141E-02 36 4.86346856E-02 26 -2.17582043E-02 7 -1.35076642E-02
 127917 1 8 0.00000000E+00 35 0.452260375 5 0.303972602 25 0.175254643 34 0.126156166 6 -5.13162538E-02 36 2.37555001E-02 26 -1.67341232E-02 7 -1.33488989E-02
 127918 1 8 0.00000000E+00 35 0.459654838 25 0.285487473 5 0.268531531 6 -5.19975275E-02 34 6.16040975E-02 36 -1.63220291E-04 26 -1.07904384E-02 7 -1.23267435E-02
 127919 1 8 0.00000000E+00 25 0.438392013 35 0.401594609 5 0.215559736 6 -4.53721546E-02 34 2.11739521E-02 36 -1.53315803E-02 26 -5.16414037E-03 7 -1.08524412E-02
 127920 1 8 0.00000000E+00 25 0.634059250 35 0.272023141 6 -3.49473134E-02 5 0.153110161 26 1.62466243E-03 36 -1.80989522E-02 34 1.12017547E-03 7 -8.89113266E-03
 127921 1 8 0.00000000E+00 25 0.847557247 35 9.91820842E-02 6 -2.88743917E-02 26 1.74752437E-02 5 8.76570567E-02 36 -1.21753532E-02 34 -4.66183247E-03 7 -6.16004644E-03
 127922 1 8 0.00000000E+00 25 0.894543767 6 1.21760387E-02 35 -1.76010225E-02 26 8.41109753E-02 5 5.42172939E-02 36 -1.09746791E-02 34 -7.09014479E-03 7 -9.38220602E-03
 127923 1 8 0.00000000E+00 25 0.733536839 6 8.45044777E-02 26 0.213524610 35 -4.36441936E-02 5 6.03283569E-02 36 -1.80424675E-02 7 -1.90241560E-02 34 -1.11834547E-02
 127926 1 8 0.00000000E+00 26 0.684929669 25 0.301306903 6 4.98306975E-02 35 -4.63661365E-02 5 6.72847182E-02 36 -2.17660163E-02 7 -2.38723774E-02 34 -1.13474540E-02
 127927 1 8 0.00000000E+00 26 0.818427801 25 0.204054415 6 -3.46599333E-03 35 -3.95303108E-02 5 6.66121766E-02 7 -1.47958864E-02 36 -2.10850909E-02 34 -1.02170901E-02
 127931 1 8 0.00000000E+00 26 0.726632297 6 -3.82612310E-02 25 6.30239248E-02 31 0.245455965 35 -3.33434753E-02 7 1.91002283E-02 36 -2.80953944E-02 5 4.54876870E-02
 127932 1 8 0.00000000E+00 26 0.668571770 6 -3.47051360E-02 25 5.22912554E-02 31 0.305473566 35 -3.37171629E-02 7 2.87932958E-02 36 -3.00396811E-02 5 4.33321074E-02
 127933 1 8 0.00000000E+00 26 0.608279467 31 0.366618872 6 -3.12381499E-02 25 4.39699292E-02 35 -3.33031304E-02 7 3.58647965E-02 36 -3.09530385E-02 5 4.07612771E-02
 127934 1 8 0.00000000E+00 26 0.547061205 31 0.428537399 6 -2.79782154E-02 25 3.71854380E-02 35 -3.21448483E-02 7 4.04011644E-02 36 -3.08781788E-02 5 3.78160365E-02
 127935 1 8 0.00000000E+00 26 0.485523075 31 0.491030365 6 -2.48888526E-02 25 3.14312465E-02 35 -3.03198025E-02 7 4.25822176E-02 36 -2.98982263E-02 5 3.45399901E-02
 127936 1 8 0.00000000E+00 31 0.553974867 26 0.423956811 6 -2.18989123E-02 25 2.63932850E-02 7 4.26192135E-02 35 -2.79099382E-02 36 -2.81086117E-02 5 3.09733078E-02
 127943 1 8 0.00000000E+00 31 0.999466658 26 3.24628752E-04 6 -3.89376539E-04 25 6.00808708E-04 7 -3.05270223E-04 35 1.41441487E-04 36 -2.43456616E-05 8 1.85465018E-04
 127944 1 8 0.00000000E+00 31 0.991138995 26 -2.05080910E-03 6 -2.92407814E-03 25 2.93185096E-03 7 -1.92330068E-03 35 6.47411449E-04 8 1.42202321E-02 36 -2.04032427E-03
 127945 1 8 0.00000000E+00 31 0.982660115 26 -3.93832056E-03 6 -5.41868666E-03 25 5.27819898E-03 7 -3.67252948E-03 35 1.24956656E-03 8 2.76023280E-02 36 -3.76069685E-03
 127946 1 8 0.00000000E+00 31 0.974434555 26 -5.68177551E-03 6 -7.83640612E-03 25 7.58539978E-03 7 -5.53002674E-03 35 1.94554508E-03 8 4.02586833E-02 36 -5.17597841E-03
 127947 1 8 0.00000000E+00 31 0.966450274 26 -7.29531469E-03 6 -1.01792580E-02 25 9.84751713E-03 7 -7.45775830E-03 35 2.72420025E-03 8 5.22270575E-02 36 -6.31672423E-03
 127948 1 8 0.00000000E+00 31 0.958692610 26 -8.79092049E-03 6 -1.24512389E-02 25 1.20645948E-02 7 -9.42649879E-03 35 3.57565423E-03 8 6.35479465E-02 36 -7.21214293E-03
 127949 1 8 0.00000000E+00 31 0.951147914 26 -1.01787485E-02 6 -1.46547686E-02 25 1.42364400E-02 7 -1.14125656E-02 35 4.48858319E-03 8 7.42583945E-02 36 -7.88525399E-03
 127950 1 8 0.00000000E+00 31 0.943803310 26 -1.14667732E-02 6 -1.67951789E-02 25 1.63604524E-02 7 -1.33976629E-02 8 8.43959525E-02 35 5.45993820E-03 36 -8.36003479E-03
 128616 1 8 0.00000000E+00 34 0.455851436 35 0.340340853 5 0.147266030 25 4.55691246E-03 36 0.132727489 6 -3.99933457E-02 26 -2.88532488E-02 7 -1.18961381E-02
 128617 1 8 0.00000000E+00 35 0.423413515 34 0.334378123 5 0.186580017 25 2.82726921E-02 36 0.114238411 6 -4.44600508E-02 26 -2.79178936E-02 7 -1.45048304E-02
 128618 1 8 0.00000000E+00 35 0.510025442 5 0.202443495 34 0.225475356 25 6.46094307E-02 6 -4.85707670E-02 36 8.61909762E-02 26 -2.49540899E-02 7 -1.52198561E-02
 128619 1 8 0.00000000E+00 35 0.588970006 25 0.118899949 5 0.192593440 34 0.134516805 6 -5.02631702E-02 36 4.95044813E-02 26 -2.03127228E-02 7 -1.39087643E-02
 128620 1 8 0.00000000E+00 35 0.630649507 25 0.203082725 5 0.161182404 6 -4.40415926E-02 34 6.48664981E-02 36 1.12344893E-02 26 -1.58552099E-02 7 -1.11188311E-02
 128621 1 8 0.00000000E+00 35 0.577560186 25 0.340256065 6 -1.95002016E-02 5 0.117688037 36 -1.26172481E-02 34 2.04293523E-02 26 -1.53383156E-02 7 -8.47786386E-03
 128622 1 8 0.00000000E+00 25 0.538136125 35 0.408382237 6 2.30664480E-02 5 6.90341368E-02 26 -1.83710717E-02 36 -1.42162321E-02 34 6.77447999E-04 7 -6.70907553E-03
 128623 1 8 0.00000000E+00 25 0.761962295 35 0.184320495 6 6.45243227E-02 26 -1.40595622E-02 5 1.65238138E-02 36 -5.70173049E-03 34 -3.06886737E-03 7 -4.50076535E-03
 128624 1 8 0.00000000E+00 25 0.811626196 6 0.136649609 35 2.87812799E-02 26 4.51590978E-02 5 -5.38363680E-03 36 -4.84339241E-03 7 -8.11611582E-03 34 -3.87303904E-03
 128629 1 8 0.00000000E+00 26 0.886218250 6 2.11498775E-02 25 0.113379791 35 -2.20189933E-02 7 -9.89833754E-03 36 -1.06816329E-02 5 2.37806980E-02 37 -1.92964647E-03
 128630 1 8 0.00000000E+00 26 0.916345537 6 -2.12524515E-02 25 5.89334331E-02 35 -1.64288934E-02 7 -3.66396853E-03 36 -1.10468054E-02 5 2.14647241E-02 31 5.56484014E-02
 128632 1 8 0.00000000E+00 26 0.809515297 6 -2.21742876E-02 25 3.25779654E-02 35 -2.52149254E-02 7 3.33949775E-02 31 0.170515686 36 -2.26105917E-02 5 2.39959005E-02
 128633 1 8 0.00000000E+00 26 0.744886458 6 -1.98959969E-02 25 2.67194472E-02 31 0.231578529 35 -2.80269757E-02 7 4.73150089E-02 36 -2.66957097E-02 5 2.41192225E-02
 128634 1 8 0.00000000E+00 26 0.680052817 6 -1.80879496E-02 25 2.22523734E-02 31 0.293421537 35 -2.94854417E-02 7 5.76811135E-02 36 -2.93451175E-02 5 2.35106945E-02
 128635 1 8 0.00000000E+00 26 0.615673125 31 0.355793983 6 -1.65832713E-02 25 1.85551923E-02 35 -2.98032556E-02 7 6.47658482E-02 36 -3.06803342E-02 5 2.22787149E-02
 128646 1 8 0.00000000E+00 31 0.970264673 26 5.80262300E-03 6 2.78541818E-03 25 -8.17913841E-03 7 6.34618569E-03 35 -3.47891403E-03 8 3.30237411E-02 36 -6.56456314E-03
 128647 1 8 0.00000000E+00 31 0.968104780 26 -8.12886341E-04 6 3.65300832E-04 25 -5.74315945E-03 7 3.61979008E-03 35 -2.57976353E-03 8 4.45450023E-02 36 -7.49903731E-03
 128648 1 8 0.00000000E+00 31 0.962647498 26 -4.49437555E-03 6 -2.25017034E-03 25 -3.02424002E-03 7 1.04099244E-03 35 -1.67772349E-03 8 5.62649183E-02 36 -8.50692391E-03
 128649 1 8 0.00000000E+00 31 0.956245124 26 -7.11508607E-03 6 -4.85426001E-03 25 -2.80402513E-04 7 -1.48660410E-03 35 -7.31997890E-04 8 6.75920621E-02 36 -9.36886296E-03
 128650 1 8 0.00000000E+00 31 0.949543476 26 -9.20581166E-03 6 -7.39800697E-03 25 2.41833809E-03 7 -3.97419697E-03 8 7.83938020E-02 35 2.67212425E-04 36 -1.00448448E-02
 128651 1 8 0.00000000E+00 31 0.942775965 26 -1.09730400E-02 6 -9.86398850E-03 25 5.05130319E-03 7 -6.41832547E-03 8 8.86470228E-02 35 1.31471420E-03 36 -1.05336336E-02
 128652 1 8 0.00000000E+00 31 0.923281491 26 -1.06531307E-02 6 -1.25963045E-02 25 1.02979233E-02 7 -1.24882963E-02 8 5.03350631E-04 35 -4.34315996E-03 9 0.105998114
 128653 1 8 0.00000000E+00 31 0.915227890 26 -1.18920347E-02 6 -1.47860581E-02 25 1.30116064E-02 7 -1.47625227E-02 8 -7.68703525E-04 35 -3.43404245E-03 9 0.117403880
 129319 1 8 0.00000000E+00 35 0.480136096 34 0.321778476 5 0.112466373 25 2.12019775E-03 36 0.175491348 6 -4.57873270E-02 26 -3.02503351E-02 7 -1.59548279E-02
 129320 1 8 0.00000000E+00 35 0.585215867 25 2.12399289E-02 5 0.119425938 34 0.220908910 36 0.141991749 6 -4.55574133E-02 26 -2.64723059E-02 7 -1.67526547E-02
 129321 1 8 0.00000000E+00 35 0.700282156 25 4.59661111E-02 5 0.106349126 6 -4.26776707E-02 36 9.35013443E-02 34 0.131367594 26 -2.04372182E-02 7 -1.43514611E-02
 129322 1 8 0.00000000E+00 35 0.809819579 25 8.08423460E-02 6 -3.29033919E-02 5 7.49724060E-02 36 3.24763283E-02 34 5.64399883E-02 26 -1.27179734E-02 7 -8.92928336E-03
 129323 1 8 0.00000000E+00 35 0.795167565 25 0.170968205 6 1.15528498E-02 36 -8.82411934E-03 5 3.95356640E-02 26 -1.16842622E-02 34 7.79432990E-03 7 -4.51023225E-03
 129324 1 8 0.00000000E+00 35 0.561182737 25 0.345780402 6 0.113599323 36 -2.04576994E-03 26 -2.15855446E-02 5 1.47480955E-02 34 -6.35672268E-03 7 -5.32254064E-03
 129325 1 8 0.00000000E+00 25 0.492692232 35 0.310561180 6 0.231830299 26 -1.59235392E-02 36 3.96664580E-03 5 -7.43947783E-03 7 -7.73706613E-03 34 -7.95029569E-03
 129326 1 8 0.00000000E+00 25 0.524073780 6 0.355794340 35 0.123913303 26 3.19358110E-02 36 -1.31601444E-03 5 -1.52301751E-02 7 -1.26833012E-02 34 -6.48772623E-03
 129327 1 8 0.00000000E+00 6 0.441321015 25 0.442321420 35 2.01274082E-02 26 0.137629956 36 -1.17702987E-02 7 -1.62190702E-02 5 -7.59069156E-03 34 -5.81972720E-03
 129328 1 8 0.00000000E+00 6 0.431178570 25 0.332328945 26 0.295030087 35 -2.41710804E-02 36 -1.71357188E-02 7 -1.20059494E-02 5 7.19145639E-04 34 -5.94401173E-03
 129329 1 8 0.00000000E+00 26 0.486811817 6 0.341434479 25 0.226699442 35 -3.49291340E-02 36 -1.53354527E-02 7 -3.14838180E-05 5 -1.16531788E-04 37 -4.53314697E-03
 129330 1 8 0.00000000E+00 26 0.696051061 6 0.212519735 25 0.124779910 35 -2.62096208E-02 7 7.02779600E-03 36 -1.02232834E-02 5 9.15908095E-06 37 -3.95477610E-03
 129331 1 8 0.00000000E+00 26 0.911360800 6 6.89825341E-02 25 2.56090052E-02 35 -8.15530773E-03 7 8.88014771E-03 36 -3.28477798E-03 5 -2.04830943E-03 37 -1.34409347E-03
 129332 1 8 0.00000000E+00 26 0.943731070 6 1.49385752E-02 25 -8.82068463E-03 35 -7.33207958E-03 7 2.61434056E-02 36 -7.01548858E-03 5 -4.83127573E-04 31 3.88383195E-02
 129333 1 8 0.00000000E+00 26 0.874894381 6 1.18261483E-02 25 -7.54849054E-03 35 -1.55484471E-02 7 5.00288904E-02 36 -1.55660566E-02 31 9.91391912E-02 5 2.77440064E-03
 129334 1 8 0.00000000E+00 26 0.806769013 6 8.65933672E-03 25 -6.19276101E-03 35 -2.11545546E-02 7 6.87710270E-02 31 0.160309091 36 -2.20913477E-02 5 4.93018003E-03
 129335 1 8 0.00000000E+00 26 0.740174532 6 5.60144940E-03 25 -5.24587044E-03 31 0.221990362 35 -2.47047469E-02 7 8.27640444E-02 36 -2.67168190E-02 5 6.13706512E-03
 129336 1 8 0.00000000E+00 26 0.674925387 6 2.95322575E-03 25 -4.73265396E-03 31 0.284060925 7 9.25756469E-02 35 -2.66604181E-02 36 -2.96633989E-02 5 6.54128753E-03
 129349 1 8 0.00000000E+00 31 0.941998124 26 9.60642751E-03 6 4.99785040E-03 25 -1.48757156E-02 7 1.14425085E-02 8 6.55882508E-02 35 -6.39791088E-03 36 -1.23595335E-02
 129350 1 8 0.00000000E+00 31 0.942132294 26 1.94713369E-03 6 2.44029798E-03 25 -1.21221226E-02 7 7.96316285E-03 8 7.55303949E-02 35 -5.24158124E-03 36 -1.26495622E-02
 129351 1 8 0.00000000E+00 31 0.939305186 26 -3.09236348E-03 6 -2.43380346E-04 25 -9.17692482E-03 7 4.71102167E-03 8 8.56047347E-02 35 -4.09303978E-03 36 -1.30152572E-02
 129352 1 8 0.00000000E+00 31 0.935037196 26 -6.72719674E-03 6 -2.93038483E-03 25 -6.19679317E-03 7 1.61801931E-03 8 9.54480618E-02 35 -2.92906188E-03 36 -1.33198127E-02
 129353 1 8 0.00000000E+00 31 0.917233169 26 -7.47419987E-03 6 -6.31543016E-03 25 -3.91966983E-04 7 -6.20866986E-03 8 6.14918768E-03 35 -9.81445145E-03 9 0.106822342
 129354 1 8 0.00000000E+00 31 0.910407186 26 -9.60658770E-03 6 -8.74749757E-03 25 2.71283183E-03 7 -8.95220786E-03 8 4.53086244E-03 35 -8.78009573E-03 9 0.118435487
 129355 1 8 0.00000000E+00 31 0.903432250 26 -1.13775916E-02 6 -1.10887010E-02 25 5.72401751E-03 7 -1.15302624E-02 8 2.90515996E-03 35 -7.64851458E-03 9 0.129583657
 129356 1 8 0.00000000E+00 31 0.896416724 26 -1.28860073E-02 6 -1.33371688E-02 25 8.63823202E-03 7 -1.39507866E-02 8 1.28581712E-03 9 0.140259236 35 -6.42604381E-03
 130021 1 8 0.00000000E+00 35 0.498164594 34 0.302217394 36 0.254197270 5 5.91947548E-02 25 -2.18198895E-02 6 -4.32060510E-02 7 -1.67381242E-02 26 -3.20099480E-02
 130022 1 8 0.00000000E+00 35 0.605234027 36 0.222123846 25 -1.58777479E-02 34 0.209711835 5 6.08827434E-02 6 -3.59384120E-02 7 -1.83430798E-02 26 -2.77932305E-02
 130023 1 8 0.00000000E+00 35 0.728660285 25 -1.22802714E-02 36 0.171371490 6 -2.31067631E-02 5 4.75556143E-02 34 0.124824427 7 -1.56859029E-02 26 -2.13389006E-02
 130024 1 8 0.00000000E+00 35 0.866183877 25 -1.38612203E-02 6 -1.27097371E-03 36 9.96748954E-02 5 1.95651855E-02 34 5.01740538E-02 26 -1.21209519E-02 7 -8.34487844E-03
 130025 1 8 0.00000000E+00 35 0.889806092 25 2.53465045E-02 6 6.28023148E-02 36 4.11866233E-02 5 -8.31412245E-03 26 -9.20253061E-03 34 -6.59251760E-04 7 -9.65613872E-04
 130026 1 8 0.00000000E+00 35 0.620908737 25 0.166062072 6 0.215637818 36 4.69425358E-02 26 -2.40732692E-02 5 -1.38091240E-02 7 -1.39366288E-03 34 -1.02751134E-02
 130027 1 8 0.00000000E+00 6 0.393013954 35 0.367931068 25 0.257451445 36 3.89428735E-02 26 -2.46514026E-02 7 -3.78766842E-03 5 -1.80903338E-02 34 -1.08099384E-02
 130028 1 8 0.00000000E+00 6 0.582934201 25 0.265510947 35 0.165631458 26 2.15336890E-03 36 1.67120639E-02 7 -9.67800617E-03 5 -1.59187857E-02 34 -7.34523544E-03
 130029 1 8 0.00000000E+00 6 0.707843900 25 0.212124631 35 3.09617985E-02 26 7.96038359E-02 36 -6.98434049E-03 7 -9.75365378E-03 5 -1.17211482E-02 37 -2.07503047E-03
 130030 1 8 0.00000000E+00 6 0.642049551 25 0.162933141 26 0.234416872 35 -2.19905898E-02 36 -1.39116114E-02 7 9.48096998E-03 5 -9.38132592E-03 37 -3.59699596E-03
 130031 1 8 0.00000000E+00 6 0.490190119 26 0.426100612 25 0.111216284 35 -3.25956792E-02 7 3.39291394E-02 36 -1.25416564E-02 5 -1.07593257E-02 37 -5.53949736E-03
 130032 1 8 0.00000000E+00 26 0.621218204 6 0.330489546 25 5.08503206E-02 35 -2.73541715E-02 7 5.24082743E-02 36 -1.03277890E-02 5 -1.22806216E-02 37 -5.00376895E-03
 130033 1 8 0.00000000E+00 26 0.788873017 6 0.191202268 25 -4.89153201E-03 35 -1.86445527E-02 7 6.79607317E-02 36 -1.03204148E-02 5 -1.22574894E-02 37 -1.92201592E-03
 130034 1 8 0.00000000E+00 26 0.876166463 6 0.104937032 25 -3.16597037E-02 35 -1.87535211E-02 7 9.13725346E-02 36 -1.76365059E-02 5 -7.46159395E-03 37 3.03527503E-03
 130035 1 8 0.00000000E+00 26 0.814270079 6 7.09516779E-02 25 -3.70294861E-02 35 -1.68884639E-02 7 9.81416032E-02 36 -1.82197932E-02 31 0.100640669 5 -1.18662706E-02
 130036 1 8 0.00000000E+00 26 0.765810072 6 5.25672548E-02 25 -3.92812043E-02 7 0.114565119 35 -2.59598438E-02 36 -2.53933799E-02 31 0.157230213 37 4.61743388E-04
 130037 1 8 0.00000000E+00 26 0.710254908 6 3.89302783E-02 25 -3.47067937E-02 7 0.124545388 35 -2.80807093E-02 31 0.216671363 36 -3.04914657E-02 37 2.87705497E-03
 130052 1 8 0.00000000E+00 31 0.916051090 26 1.12031000E-02 6 6.45960122E-03 7 1.49795171E-02 25 -1.99883189E-02 8 9.72029716E-02 35 -8.65629409E-03 36 -1.72516648E-02
 130053 1 8 0.00000000E+00 31 0.905732393 26 5.67412097E-03 6 2.34173890E-03 7 4.41469299E-03 25 -1.40613057E-02 8 1.50446249E-02 35 -1.70138497E-02 9 9.78676006E-02
 130054 1 8 0.00000000E+00 31 0.903120279 26 2.12447892E-04 6 -2.46945972E-04 7 8.72106932E-04 25 -1.07147861E-02 8 1.29065737E-02 35 -1.57672707E-02 9 0.109617583
 130055 1 8 0.00000000E+00 31 0.899060488 26 -3.87763837E-03 6 -2.82074139E-03 7 -2.43499177E-03 25 -7.36467401E-03 8 1.08074462E-02 35 -1.45007754E-02 9 0.121130876
 130056 1 8 0.00000000E+00 31 0.894130707 26 -7.05849240E-03 6 -5.33674378E-03 7 -5.52251609E-03 25 -4.06676112E-03 8 8.74482002E-03 9 0.132294998 35 -1.31859872E-02
 130057 1 8 0.00000000E+00 31 0.888674319 26 -9.61095281E-03 6 -7.77646760E-03 7 -8.40362068E-03 25 -8.46435199E-04 8 6.72330847E-03 9 0.143051341 35 -1.18114650E-02
 130058 1 8 0.00000000E+00 31 0.873076797 26 -9.47000831E-03 6 -1.29140420E-02 7 -1.18793044E-02 25 -4.06108052E-03 8 5.28836483E-03 9 7.70156598E-03 10 0.152257711
 130059 1 8 0.00000000E+00 31 0.866362453 26 -1.13369562E-02 6 -1.46685326E-02 7 -1.41164856E-02 25 -7.44136605E-06 8 3.43311299E-03 9 6.84610289E-03 10 0.163487718
 130723 1 8 0.00000000E+00 35 0.480952233 36 0.335395634 34 0.277861059 25 -5.07984012E-02 5 2.09358651E-02 6 -5.47966622E-02 7 -5.39101698E-02 37 4.43604589E-02
 130724 1 8 0.00000000E+00 35 0.562786043 36 0.327216238 25 -3.74561660E-02 6 -2.28155516E-02 34 0.196041867 5 2.32904162E-02 7 -1.96187440E-02 26 -2.94440743E-02
 130725 1 8 0.00000000E+00 35 0.654948950 36 0.287925661 25 -3.82737294E-02 6 4.91445325E-03 5 1.38864694E-02 34 0.119151779 7 -1.78805236E-02 26 -2.46730838E-02
 130726 1 8 0.00000000E+00 35 0.725382745 36 0.233268857 25 -3.43968645E-02 6 5.47011159E-02 5 -2.54022423E-03 34 5.47257997E-02 7 -1.04725333E-02 26 -2.06689183E-02
 130727 1 8 0.00000000E+00 35 0.699821770 6 0.148841321 25 -2.64741969E-03 36 0.181633562 7 -1.12464499E-04 26 -2.23073736E-02 5 -1.68206375E-02 34 1.15912296E-02
 130728 1 8 0.00000000E+00 35 0.544895053 6 0.300958008 25 5.88037558E-02 36 0.144930139 26 -2.98511907E-02 7 9.13470704E-03 5 -2.18239166E-02 34 -7.04657193E-03
 130729 1 8 0.00000000E+00 6 0.496805489 35 0.345241010 25 9.84518379E-02 36 0.110261418 26 -3.22357975E-02 7 2.60428116E-02 5 -2.86795143E-02 37 -1.58872791E-02
 130730 1 8 0.00000000E+00 6 0.730726302 25 8.01803470E-02 35 0.160490543 26 -2.30579171E-02 36 6.04197532E-02 7 2.10320950E-02 5 -1.92205310E-02 37 -1.05705708E-02
 130731 1 8 0.00000000E+00 6 0.992040753 25 -1.08603702E-03 35 3.19888256E-03 26 9.27785411E-04 36 2.90782726E-03 7 3.48271430E-03 5 -7.76955509E-04 37 -6.94988994E-04
 130732 1 8 0.00000000E+00 6 0.784820497 26 0.177622065 25 2.50717942E-02 35 -2.37297323E-02 36 -3.79950565E-04 7 5.33237010E-02 5 -1.00652175E-02 37 -6.66317949E-03
 130733 1 8 0.00000000E+00 6 0.590634942 26 0.359203905 25 1.94347538E-02 35 -3.16612348E-02 7 9.12377685E-02 36 -4.23499476E-03 5 -1.57461315E-02 37 -8.86899047E-03
 130734 1 8 0.00000000E+00 26 0.530077517 6 0.421856672 25 -4.71452717E-03 35 -3.05457264E-02 7 0.118074879 36 -8.99256486E-03 37 -7.33309146E-03 5 -1.84231605E-02
 130735 1 8 0.00000000E+00 26 0.671209991 6 0.284690887 25 -3.11838407E-02 35 -2.73064598E-02 7 0.138974890 36 -1.53712556E-02 37 -2.80608586E-03 5 -1.82081386E-02
 130736 1 8 0.00000000E+00 26 0.763919532 6 0.186660811 25 -4.69923913E-02 7 0.159432873 35 -2.74988022E-02 36 -2.47974992E-02 37 3.88373807E-03 5 -1.46082714E-02
 130755 1 8 0.00000000E+00 31 0.878578544 26 1.38727091E-02 6 5.39619569E-03 7 8.84579960E-03 25 -2.03035362E-02 8 2.10090298E-02 35 -2.23402753E-02 9 0.114941537
 130756 1 8 0.00000000E+00 31 0.879204333 26 6.50897203E-03 6 2.81505706E-03 7 4.86277929E-03 25 -1.69131272E-02 8 1.82601921E-02 9 0.125967577 35 -2.07057670E-02
 130757 1 8 0.00000000E+00 31 0.877800524 26 9.21306084E-04 6 2.22582865E-04 7 1.17180462E-03 25 -1.34820389E-02 8 1.56192277E-02 9 0.136851400 35 -1.91047881E-02
 130758 1 8 0.00000000E+00 31 0.866044760 26 -4.12114401E-04 6 -7.41507206E-03 7 -4.11827909E-03 25 -2.11368948E-02 8 1.34960953E-02 9 1.21127572E-02 10 0.141428739
 130759 1 8 0.00000000E+00 31 0.861582220 26 -3.98564525E-03 6 -9.35947802E-03 7 -7.00356998E-03 25 -1.66748576E-02 8 1.11151421E-02 9 1.11150611E-02 10 0.153211132
 130760 1 8 0.00000000E+00 31 0.856531680 26 -6.91721635E-03 6 -1.12193925E-02 7 -9.65571869E-03 8 8.82714614E-03 25 -1.22707961E-02 9 1.00803785E-02 10 0.164623931
 130761 1 8 0.00000000E+00 31 0.851093352 26 -9.36847366E-03 6 -1.29891597E-02 7 -1.20924385E-02 8 6.63529476E-03 25 -7.93186482E-03 9 9.01880022E-03 10 0.175634474
 130762 1 8 0.00000000E+00 31 0.845405519 26 -1.14548141E-02 6 -1.46651044E-02 7 -1.43286604E-02 8 4.53866646E-03 25 -3.66331474E-03 9 7.94578437E-03 10 0.186221927
 130763 1 8 0.00000000E+00 31 0.839563847 26 -1.32585820E-02 6 -1.62489042E-02 7 -1.63790174E-02 8 2.53883773E-03 25 5.34335442E-04 9 6.86949817E-03 10 0.196379974
 131425 1 8 0.00000000E+00 35 0.423579782 36 0.435168505 34 0.254002094 25 -5.80385961E-02 6 -5.11253774E-02 5 -1.68609049E-03 7 -6.19430281E-02 37 6.00427277E-02
 131426 1 8 0.00000000E+00 35 0.481885016 36 0.439680845 6 -2.84158736E-02 25 -5.67888469E-02 34 0.179373324 5 -8.12816375E-04 7 -4.97434959E-02 37 3.48218717E-02
 131427 1 8 0.00000000E+00 35 0.532488227 36 0.427176654 6 1.00390855E-02 25 -5.48734777E-02 7 -3.27870175E-02 34 0.111747742 5 -5.50109986E-03 37 1.17098643E-02
 131428 1 8 0.00000000E+00 35 0.552037299 36 0.388485909 6 8.89432579E-02 25 -3.78550738E-02 7 -1.01166107E-02 5 -1.11457855E-02 34 5.49174473E-02 26 -2.52664443E-02
 131429 1 8 0.00000000E+00 35 0.522423685 36 0.342193574 6 0.187691793 25 -2.21016333E-02 7 2.00870447E-02 26 -2.76940390E-02 5 -5.39925089E-03 37 -1.72011796E-02
 131430 1 8 0.00000000E+00 35 0.420272827 6 0.331140876 36 0.276072443 25 2.69158324E-03 7 4.84344326E-02 26 -3.00218686E-02 5 -2.42724717E-02 37 -2.43177935E-02
 131431 1 8 0.00000000E+00 6 0.507299542 35 0.284243435 36 0.204729453 25 1.31435562E-02 7 7.18262494E-02 26 -2.78660506E-02 37 -2.51765922E-02 5 -2.81995777E-02
 131432 1 8 0.00000000E+00 6 0.692704141 35 0.147529647 25 -4.72563459E-03 36 0.132152721 26 -1.13953380E-02 7 8.78810585E-02 37 -2.16011163E-02 5 -2.25454737E-02
 131433 1 8 0.00000000E+00 6 0.807220519 25 -3.36792469E-02 35 4.12385501E-02 26 4.24056575E-02 36 7.02005699E-02 7 0.105201431 37 -1.71336085E-02 5 -1.54538685E-02
 131438 1 8 0.00000000E+00 26 0.650237441 6 0.243143380 25 -6.69942722E-02 7 0.206012800 35 -4.09002416E-02 36 -2.27422975E-02 37 -4.48871404E-02 8 7.61303082E-02
 131458 1 8 0.00000000E+00 31 0.844888091 26 1.71526466E-02 6 -2.16995715E-03 7 5.54232905E-03 8 2.39930768E-02 25 -3.86115760E-02 9 1.74922850E-02 10 0.131713107
 131459 1 8 0.00000000E+00 31 0.845266700 26 1.00666741E-02 6 -4.12098365E-03 7 1.81991956E-03 8 2.08607540E-02 25 -3.38490494E-02 9 1.63108502E-02 10 0.143645123
 131460 1 8 0.00000000E+00 31 0.843944132 26 4.45226999E-03 6 -6.06432790E-03 7 -1.59208442E-03 8 1.78867094E-02 25 -2.91041918E-02 9 1.50845228E-02 10 0.155392945
 131461 1 8 0.00000000E+00 31 0.841409266 26 -7.03692931E-05 6 -7.96341337E-03 7 -4.71827714E-03 8 1.50610860E-02 25 -2.44042557E-02 9 1.38264969E-02 10 0.166859493
 131462 1 8 0.00000000E+00 31 0.838010848 26 -3.77497682E-03 6 -9.79904272E-03 7 -7.58192223E-03 8 1.23794535E-02 25 -1.97631791E-02 9 1.25488024E-02 10 0.177980021
 131463 1 8 0.00000000E+00 31 0.833996236 26 -6.85784640E-03 6 -1.15572568E-02 7 -1.02039417E-02 8 9.83645115E-03 9 1.12646455E-02 25 -1.51920253E-02 10 0.188713744
 131464 1 8 0.00000000E+00 31 0.829543531 26 -9.46133677E-03 6 -1.32324817E-02 7 -1.26036145E-02 8 7.42806820E-03 9 9.98419896E-03 25 -1.06961569E-02 10 0.199037775
 131465 1 8 0.00000000E+00 31 0.824781597 26 -1.16882036E-02 6 -1.48255061E-02 7 -1.47981383E-02 8 5.15131233E-03 9 8.71710293E-03 10 0.208939627 25 -6.27777027E-03
 131466 1 8 0.00000000E+00 31 0.819804609 26 -1.36174290E-02 6 -1.63355302E-02 8 3.00086453E-03 7 -1.68038793E-02 9 7.47407973E-03 10 0.218415201 25 -1.93791883E-03
 132127 1 8 0.00000000E+00 36 0.534416616 35 0.346590459 6 -5.09988777E-02 25 -5.80225363E-02 34 0.230353341 7 -6.91397712E-02 5 -1.47557054E-02 37 8.15564543E-02
 132128 1 8 0.00000000E+00 36 0.563627422 35 0.374491781 6 -2.65790615E-02 25 -5.46951741E-02 7 -5.57232872E-02 34 0.161859006 37 4.90850322E-02 5 -1.20656993E-02
 132129 1 8 0.00000000E+00 36 0.577469349 35 0.390671492 6 1.33876884E-02 25 -5.03994972E-02 7 -3.58890072E-02 37 1.73875559E-02 34 9.99098197E-02 5 -1.25374077E-02
 132130 1 8 0.00000000E+00 36 0.565454006 35 0.394212395 6 8.82000178E-02 25 -3.79262567E-02 7 -4.18661581E-03 37 -4.65531228E-03 5 2.46655177E-02 26 -2.57637687E-02
 132131 1 8 0.00000000E+00 36 0.500823200 35 0.358258575 6 0.183790982 25 -2.86216494E-02 7 3.89233790E-02 37 -2.29700822E-02 26 -2.47432198E-02 5 -5.46119176E-03
 132132 1 8 0.00000000E+00 36 0.407213271 35 0.294586241 6 0.308185488 25 -2.13153400E-02 7 8.82084966E-02 26 -2.36077029E-02 37 -3.10702957E-02 5 -2.22001430E-02
 132133 1 8 0.00000000E+00 6 0.447878480 36 0.304736018 35 0.210217804 25 -2.24064235E-02 7 0.135907769 26 -1.54229058E-02 37 -3.32005285E-02 5 -2.77102012E-02
 132134 1 8 0.00000000E+00 6 0.575167716 36 0.208359346 35 0.122100778 25 -3.44445743E-02 7 0.177481979 26 9.84257832E-03 37 -3.22064087E-02 5 -2.63013765E-02
 132135 1 8 0.00000000E+00 6 0.644400418 35 4.96418811E-02 36 0.128471911 7 0.214235485 25 -4.88792583E-02 26 6.51855990E-02 37 -2.97064539E-02 5 -2.33495794E-02
 132140 1 8 0.00000000E+00 26 0.562069714 6 0.264103413 7 0.277584255 25 -7.56593272E-02 35 -4.49803025E-02 36 -2.56902799E-02 37 -5.57897314E-02 8 9.83623043E-02
 132160 1 8 0.00000000E+00 31 0.816602349 26 2.43757442E-02 6 -1.25301792E-03 7 8.39009043E-03 8 2.94262562E-02 25 -4.61198501E-02 9 2.11934932E-02 10 0.147384912
 132161 1 8 0.00000000E+00 31 0.819378436 26 1.61621757E-02 6 -3.11906054E-03 7 4.37595323E-03 8 2.57275868E-02 25 -4.11725119E-02 9 1.96905266E-02 10 0.158956900
 132162 1 8 0.00000000E+00 31 0.820221424 26 9.54180490E-03 6 -4.98974929E-03 7 7.12022942E-04 8 2.22460479E-02 9 1.81616228E-02 25 -3.62442024E-02 10 0.170351014
 132163 1 8 0.00000000E+00 31 0.819610059 26 4.14898433E-03 6 -6.83055958E-03 7 -2.63310014E-03 8 1.89692676E-02 9 1.66209936E-02 25 -3.13610658E-02 10 0.181475431
 132164 1 8 0.00000000E+00 31 0.817907631 26 -2.95414589E-04 6 -8.62261094E-03 7 -5.68799069E-03 8 1.58872269E-02 9 1.50821889E-02 10 0.192265749 25 -2.65367944E-02
 132165 1 8 0.00000000E+00 31 0.815386772 26 -4.00200021E-03 6 -1.03509603E-02 8 1.29886344E-02 7 -8.47713370E-03 9 1.35560930E-02 10 0.202681318 25 -2.17827335E-02
 132166 1 8 0.00000000E+00 31 0.812251627 26 -7.12907407E-03 6 -1.20099364E-02 8 1.02645354E-02 7 -1.10227354E-02 9 1.20553039E-02 10 0.212694541 25 -1.71042718E-02
 132167 1 8 0.00000000E+00 31 0.808655918 26 -9.79461148E-03 6 -1.35952281E-02 8 7.70742167E-03 7 -1.33468071E-02 9 1.05874510E-02 10 0.222292542 25 -1.25067169E-02
 132829 1 8 0.00000000E+00 36 0.619872570 35 0.264388531 6 -5.48518710E-02 7 -7.45392516E-02 25 -5.35726771E-02 37 0.112281598 34 0.207961679 5 -2.15405840E-02
 132830 1 8 0.00000000E+00 36 0.676197767 35 0.265000105 6 -3.30678374E-02 7 -6.03618398E-02 25 -4.71384451E-02 37 7.24185631E-02 34 0.143659920 5 -1.67082343E-02
 132831 1 8 0.00000000E+00 36 0.725196719 35 0.251354128 6 1.08272221E-03 7 -3.92510146E-02 25 -3.92510146E-02 37 2.97772437E-02 34 8.44384283E-02 5 -1.33471955E-02
 132832 1 8 0.00000000E+00 36 0.732585132 35 0.224491388 6 6.62417114E-02 7 3.14149220E-04 25 -2.84948628E-02 37 -6.53077150E-03 26 -1.80402119E-02 34 2.94334479E-02
 132833 1 8 0.00000000E+00 36 0.658450961 35 0.207917541 6 0.146583572 7 5.99710084E-02 25 -2.41132043E-02 37 -2.43835263E-02 26 -1.69138983E-02 5 -7.51247117E-03
 132834 1 8 0.00000000E+00 36 0.526341736 6 0.250876874 35 0.178932056 7 0.136576176 25 -2.57327184E-02 37 -3.10178697E-02 26 -1.47688398E-02 5 -2.12074183E-02
 132835 1 8 0.00000000E+00 36 0.389340937 6 0.358605087 35 0.136403814 7 0.212554127 25 -3.17056067E-02 26 -4.04934073E-03 37 -3.44360285E-02 5 -2.67129838E-02
 132836 1 8 0.00000000E+00 6 0.448960751 36 0.267775446 7 0.279110491 35 8.66125375E-02 25 -4.14393209E-02 26 2.31264140E-02 37 -3.68720964E-02 5 -2.72742342E-02
 132837 1 8 0.00000000E+00 6 0.499358833 7 0.331837565 36 0.169056907 35 4.09590714E-02 25 -5.15264235E-02 26 7.34491050E-02 37 -3.69644575E-02 5 -2.61705965E-02
 132863 1 8 0.00000000E+00 31 0.792576551 26 2.19431650E-02 6 -2.34718830E-03 7 6.63858140E-03 8 3.04808039E-02 9 2.31640283E-02 10 0.175176010 25 -4.76319604E-02
 132864 1 8 0.00000000E+00 31 0.795413315 26 1.45228384E-02 6 -4.14607022E-03 8 2.64956132E-02 7 2.75514764E-03 9 2.13105474E-02 10 0.186221212 25 -4.25725803E-02
 132865 1 8 0.00000000E+00 31 0.796637118 26 8.39438941E-03 6 -5.92444278E-03 8 2.27702968E-02 7 -7.80460192E-04 9 1.94682516E-02 10 0.196990028 25 -3.75551656E-02
 132866 1 8 0.00000000E+00 31 0.796599686 26 3.29403975E-03 8 1.92896947E-02 6 -7.66441505E-03 7 -4.00009332E-03 9 1.76507682E-02 10 0.207425013 25 -3.25947069E-02
 132867 1 8 0.00000000E+00 31 0.795578837 26 -9.85579798E-04 8 1.60388928E-02 6 -9.35163442E-03 7 -6.93361741E-03 9 1.58698931E-02 10 0.217486933 25 -2.77037118E-02
 132868 1 8 0.00000000E+00 31 0.793790877 26 -4.60804673E-03 8 1.30027169E-02 9 1.41348923E-02 6 -1.09796897E-02 7 -9.60575417E-03 10 0.227152377 25 -2.28873529E-02
 133531 1 8 0.00000000E+00 36 0.675850987 35 0.189407691 37 0.156408772 7 -7.67578483E-02 6 -6.09037280E-02 25 -4.75946553E-02 34 0.188317165 5 -2.47283932E-02
 133532 1 8 0.00000000E+00 36 0.752803683 35 0.169443488 7 -6.10245541E-02 37 0.111757956 6 -4.40402925E-02 25 -3.82692106E-02 34 0.127387717 5 -1.80587675E-02
 133533 1 8 0.00000000E+00 36 0.840565741 35 0.130122572 7 -4.00022939E-02 6 -2.02093907E-02 37 5.78345098E-02 25 -2.59491559E-02 34 6.89266771E-02 5 -1.12886410E-02
 133534 1 8 0.00000000E+00 36 0.911253393 35 7.61814415E-02 7 -4.89236275E-03 6 2.01036241E-02 37 1.33603055E-03 25 -1.14052165E-02 26 -7.43084354E-03 34 1.48539450E-02
 133535 1 8 0.00000000E+00 36 0.791557252 35 7.74313882E-02 7 8.27686712E-02 6 9.20411572E-02 37 -1.25820441E-02 25 -1.29218074E-02 26 -8.11800640E-03 5 -1.01766381E-02
 133536 1 8 0.00000000E+00 36 0.605316639 7 0.192991331 6 0.180684790 35 8.41772035E-02 37 -1.45042716E-02 25 -2.04695221E-02 26 -8.31183046E-03 5 -1.98843293E-02
 133537 1 8 0.00000000E+00 36 0.432950377 7 0.308040947 6 0.268601090 35 6.00260273E-02 37 -1.30003169E-02 25 -4.21172976E-02 26 1.64797925E-03 8 -1.61487907E-02
 133538 1 8 0.00000000E+00 7 0.398165971 36 0.292268932 6 0.334921747 35 3.74561138E-02 25 -5.12637794E-02 37 -2.63323132E-02 26 2.55772732E-02 8 -1.07939458E-02
 133539 1 8 0.00000000E+00 7 0.460961014 6 0.374598771 36 0.181757480 35 1.27528114E-02 26 6.73910603E-02 25 -5.92693724E-02 37 -4.06454727E-02 8 2.45371973E-03
 133544 1 8 0.00000000E+00 7 0.419275880 26 0.422974706 6 0.236885518 36 -3.49668264E-02 25 -7.71166757E-02 35 -4.63827401E-02 37 -7.07051232E-02 8 0.150035262
 133545 1 8 0.00000000E+00 26 0.480607599 7 0.388494462 6 0.193126321 25 -7.50971213E-02 36 -4.68117781E-02 35 -4.86641228E-02 37 -7.45055377E-02 8 0.182850182
 133570 1 8 0.00000000E+00 31 0.774414182 26 -2.03746906E-03 8 1.55963935E-02 9 1.61978602E-02 10 0.242369652 7 -8.36885627E-03 6 -1.01211462E-02 25 -2.80506313E-02
 134233 1 8 0.00000000E+00 36 0.689955831 35 0.130296230 37 0.217224881 7 -7.50364587E-02 6 -6.64853826E-02 25 -4.24147584E-02 34 0.172766343 5 -2.63066608E-02
 134234 1 8 0.00000000E+00 36 0.766431093 35 0.101407416 37 0.174826384 7 -5.44771031E-02 6 -5.35888411E-02 25 -3.20419073E-02 34 0.116274998 5 -1.88320447E-02
 134235 1 8 0.00000000E+00 36 0.851520777 7 -2.25220192E-02 35 5.19632064E-02 37 0.121871307 6 -2.65576616E-02 25 -1.54393008E-02 34 5.55092357E-02 26 -1.63455568E-02
 134236 1 8 0.00000000E+00 36 0.919368863 7 2.11009346E-02 37 6.38455302E-02 35 1.55657437E-03 6 -7.50581035E-03 25 -4.03548731E-03 26 -6.63038250E-03 34 1.22997882E-02
 134237 1 8 0.00000000E+00 36 0.794759154 7 0.131398931 37 5.22657856E-02 35 1.79585372E-03 6 4.99138795E-02 25 -1.09667284E-02 26 -5.85166784E-03 8 -1.33152390E-02
 134238 1 8 0.00000000E+00 36 0.602679431 7 0.267845482 6 0.119046897 37 4.44882102E-02 35 1.53832389E-02 25 -2.29640007E-02 26 -6.22202875E-03 8 -2.02571973E-02
 134239 1 8 0.00000000E+00 36 0.428157121 7 0.403275728 6 0.179214999 37 2.34416164E-02 35 1.82364173E-02 25 -3.22217196E-02 26 1.42296031E-03 8 -2.15271208E-02
 134240 1 8 0.00000000E+00 7 0.521458924 36 0.280960202 6 0.225284189 37 -6.05615648E-03 35 1.21273780E-02 25 -3.96246873E-02 26 2.09411308E-02 8 -1.50909722E-02
 134241 1 8 0.00000000E+00 7 0.600071371 36 0.166116193 6 0.255878597 37 -3.36948894E-02 35 8.87196569E-04 26 5.57582490E-02 25 -4.65757959E-02 8 1.55908428E-03
 134245 1 8 0.00000000E+00 7 0.524698794 6 0.233640194 26 0.305004388 36 -2.71761436E-02 37 -6.87658116E-02 25 -7.05028400E-02 35 -4.06629518E-02 8 0.143764347
 134246 1 8 0.00000000E+00 7 0.479313105 6 0.204187155 26 0.367504537 36 -4.26720567E-02 37 -7.27477595E-02 25 -7.20958412E-02 8 0.181734949 35 -4.52240892E-02
 134247 1 8 0.00000000E+00 7 0.436875731 26 0.422397107 6 0.173413530 36 -5.33419400E-02 37 -7.70713538E-02 25 -7.14461431E-02 8 0.217330515 35 -4.81574088E-02
 134248 1 8 0.00000000E+00 7 0.398462236 26 0.468693703 6 0.143887460 8 0.250140667 36 -6.09096177E-02 25 -6.87199533E-02 37 -8.15589055E-02 35 -4.99955826E-02
 134272 1 8 0.00000000E+00 31 0.754356861 26 4.64987941E-04 10 0.258308977 9 1.82128381E-02 8 1.80020984E-02 7 -7.32500479E-03 6 -9.41934716E-03 25 -3.26013789E-02
 134273 1 8 0.00000000E+00 31 0.754383981 26 -3.36228148E-03 10 0.266768366 9 1.60891376E-02 8 1.46504156E-02 7 -9.91918519E-03 6 -1.09109618E-02 25 -2.76994742E-02
 134936 1 8 0.00000000E+00 36 0.717450380 37 0.261831313 7 -4.34725694E-02 35 6.19650446E-02 6 -5.89204393E-02 25 -2.94386744E-02 34 0.110635929 5 -2.00509764E-02
 134937 1 8 0.00000000E+00 36 0.761715174 37 0.222508758 7 2.91803549E-03 35 2.30662134E-02 6 -3.11259963E-02 25 -1.45427873E-02 34 5.61150201E-02 26 -2.06544101E-02
 134938 1 8 0.00000000E+00 36 0.766947925 7 7.40679055E-02 37 0.195123181 35 8.92958045E-03 6 -1.63026862E-02 25 -5.17094275E-04 26 -1.19072385E-02 8 -1.63415801E-02
 134939 1 8 0.00000000E+00 36 0.676326632 7 0.186845735 37 0.163231298 6 2.29546707E-02 35 -9.29698534E-03 25 -7.57410889E-03 26 -1.03682810E-02 8 -2.21189447E-02
 134940 1 8 0.00000000E+00 36 0.528925061 7 0.331984341 37 0.130948275 6 6.62958324E-02 35 -7.29275076E-03 25 -1.50864962E-02 26 -9.24742501E-03 8 -2.65268590E-02
 134941 1 8 0.00000000E+00 7 0.492812961 36 0.372888386 37 8.54974166E-02 6 0.102640331 35 -2.68457993E-03 25 -2.08153352E-02 26 -3.89926927E-03 8 -2.64398977E-02
 134942 1 8 0.00000000E+00 7 0.647833586 36 0.231114373 37 2.91136503E-02 6 0.127737463 35 -1.29651721E-03 25 -2.48163044E-02 26 9.71711706E-03 8 -1.94033738E-02
 134943 1 8 0.00000000E+00 7 0.751291692 36 0.119301125 6 0.147125229 37 -2.06132941E-02 35 -4.64043813E-03 26 3.71140093E-02 25 -2.97107697E-02 8 1.32432382E-04
 134947 1 8 0.00000000E+00 7 0.582376480 6 0.182604879 26 0.261750221 36 -3.95062305E-02 37 -6.41051233E-02 8 0.177288935 25 -6.18697628E-02 35 -3.85394134E-02
 134948 1 8 0.00000000E+00 7 0.523972988 6 0.167724282 26 0.319251090 37 -6.99629486E-02 36 -5.17446883E-02 8 0.219268695 25 -6.50740713E-02 35 -4.34353538E-02
 134949 1 8 0.00000000E+00 7 0.472083479 26 0.371175468 6 0.148595423 8 0.257162750 37 -7.60197192E-02 36 -6.02513440E-02 25 -6.59254789E-02 35 -4.68205549E-02
 134950 1 8 0.00000000E+00 7 0.426599681 26 0.416517764 6 0.127894208 8 0.290945411 37 -8.18890184E-02 36 -6.62974194E-02 25 -6.46799430E-02 35 -4.90906797E-02
 135633 1 8 0.00000000E+00 36 0.464617431 37 0.420399398 35 9.66797322E-02 7 -0.117715396 34 0.338187367 6 -9.11478028E-02 25 -6.00197874E-02 5 -5.10009564E-02
 135638 1 8 0.00000000E+00 36 0.632597029 37 0.371436119 7 -3.19175869E-02 35 3.74033488E-02 6 -5.94688691E-02 25 -3.57974544E-02 8 -9.12929699E-03 34 9.48767513E-02
 135639 1 8 0.00000000E+00 36 0.653299332 37 0.358297974 7 1.72488727E-02 35 4.68047932E-02 6 -4.56413627E-02 25 4.99772467E-03 8 -1.48790386E-02 26 -2.01282818E-02
 135640 1 8 0.00000000E+00 36 0.619280875 37 0.331048489 7 0.100011632 35 1.15003875E-02 6 -2.31701434E-02 25 2.36351902E-04 8 -2.24721953E-02 26 -1.64354295E-02
 135641 1 8 0.00000000E+00 36 0.538309157 7 0.216337472 37 0.296772629 6 2.76507344E-03 35 -7.36884540E-03 25 -4.51769540E-03 8 -2.78967563E-02 26 -1.44010503E-02
 135642 1 8 0.00000000E+00 7 0.367248446 36 0.420742482 37 0.247615322 6 2.74368078E-02 35 -1.20278168E-02 25 -8.58194940E-03 8 -2.94252373E-02 26 -1.30080618E-02
 135643 1 8 0.00000000E+00 7 0.547613800 36 0.288449049 37 0.176679283 6 4.39644419E-02 35 -9.74598061E-03 8 -2.61100326E-02 25 -1.07076382E-02 26 -1.01429084E-02
 135644 1 8 0.00000000E+00 7 0.747856796 36 0.157207087 37 8.51876736E-02 6 4.75075617E-02 35 -5.44776861E-03 8 -1.84721313E-02 25 -1.02413418E-02 26 -3.59785184E-03
 135645 1 8 0.00000000E+00 7 0.914575279 37 -5.00148721E-03 36 4.54788096E-02 6 4.63200472E-02 35 -3.04831681E-03 8 -1.00414990E-03 26 1.27853258E-02 25 -1.01055214E-02
 135648 1 8 0.00000000E+00 7 0.689293861 37 -4.19837348E-02 6 0.131281614 36 -4.06300463E-02 8 0.168534651 26 0.168668762 35 -2.96654757E-02 25 -4.54996638E-02
 135649 1 8 0.00000000E+00 7 0.613348424 6 0.136343986 37 -5.19134179E-02 8 0.219259739 36 -5.23123294E-02 26 0.224304572 35 -3.62964869E-02 25 -5.27344756E-02
 135650 1 8 0.00000000E+00 7 0.547323465 6 0.132405177 8 0.264166117 26 0.277273089 37 -6.19409010E-02 36 -6.06454797E-02 25 -5.72884902E-02 35 -4.12929654E-02
 135651 1 8 0.00000000E+00 7 0.490237623 6 0.122616611 26 0.326114237 8 0.303344220 37 -7.13049546E-02 36 -6.66219145E-02 25 -5.94515540E-02 35 -4.49342765E-02
 135652 1 8 0.00000000E+00 7 0.441004753 26 0.369933575 8 0.337176800 6 0.109501809 37 -7.96059519E-02 36 -7.09619448E-02 25 -5.95284849E-02 35 -4.75205630E-02
 135653 1 8 0.00000000E+00 7 0.398558646 26 0.408374071 8 0.366199195 6 9.48801711E-02 37 -8.66893679E-02 36 -7.41775557E-02 25 -5.78459837E-02 35 -4.92991842E-02
 136332 1 8 0.00000000E+00 36 0.374235541 37 0.470513433 34 0.426806480 35 7.27799311E-02 7 -0.125642791 6 -9.43898037E-02 5 -5.81321605E-02 25 -6.61706179E-02
 136333 1 8 0.00000000E+00 36 0.395731360 37 0.472816229 35 7.68285021E-02 34 0.393582940 7 -0.124752030 6 -9.37582403E-02 25 -6.40290529E-02 5 -5.64197041E-02
 136334 1 8 0.00000000E+00 36 0.418671966 37 0.475026727 35 7.92082474E-02 7 -0.122728363 34 0.357340366 6 -9.25148278E-02 25 -6.12610877E-02 5 -5.37430272E-02
 136335 1 8 0.00000000E+00 36 0.442806751 37 0.477033228 7 -0.119105630 35 7.93106556E-02 34 0.318353146 6 -9.04945210E-02 25 -5.77677973E-02 5 -5.01358174E-02
 136341 1 8 0.00000000E+00 36 0.531995535 37 0.486327261 7 1.54192895E-02 35 4.28415202E-02 6 -4.61284630E-02 8 -1.37153957E-02 25 5.53316716E-03 26 -2.22729146E-02
 136342 1 8 0.00000000E+00 36 0.482391328 37 0.475915998 7 9.58829671E-02 35 1.45183243E-02 6 -2.80265100E-02 8 -2.36361362E-02 25 1.44736061E-03 26 -1.84933320E-02
 136343 1 8 0.00000000E+00 37 0.448246270 36 0.404716939 7 0.207041398 6 -1.03058787E-02 35 -3.18865781E-03 8 -2.87349150E-02 25 -1.89698045E-03 26 -1.58781651E-02
 136344 1 8 0.00000000E+00 7 0.353294492 37 0.391551346 36 0.306605816 6 3.35058477E-03 35 -1.06711350E-02 8 -2.58530658E-02 25 -4.05924208E-03 26 -1.42188193E-02
 136345 1 8 0.00000000E+00 7 0.532469153 37 0.301580459 36 0.199465379 6 8.73634126E-03 8 -1.44430716E-02 35 -1.10591557E-02 25 -4.37821634E-03 26 -1.23708704E-02
 136346 1 8 0.00000000E+00 7 0.733806431 37 0.186430961 36 9.18872356E-02 6 3.45492992E-03 8 3.03867669E-03 35 -7.67131941E-03 25 -2.55527068E-03 26 -8.39162897E-03
 136347 1 8 0.00000000E+00 7 0.900595784 37 7.40443096E-02 36 -1.49483196E-04 6 -2.50836462E-03 8 3.03953774E-02 35 -4.84229391E-03 26 4.14932193E-03 25 -1.68467057E-03
 136349 1 8 0.00000000E+00 7 0.770355344 37 8.36022012E-03 36 -4.64503914E-02 8 0.157593653 6 6.47692308E-02 26 9.19543207E-02 35 -2.04497110E-02 25 -2.61326768E-02
 136350 1 8 0.00000000E+00 7 0.685875952 37 -1.29645569E-02 8 0.218188912 36 -5.58086559E-02 6 8.70170072E-02 26 0.142223164 35 -2.79766992E-02 25 -3.65551077E-02
 136351 1 8 0.00000000E+00 7 0.611021578 37 -3.23679894E-02 8 0.271615386 6 9.84774604E-02 36 -6.26392812E-02 26 0.192353293 35 -3.41237374E-02 25 -4.43367437E-02
 136352 1 8 0.00000000E+00 7 0.545700133 8 0.317629009 37 -4.93095815E-02 6 0.101435162 26 0.240842581 36 -6.76789358E-02 35 -3.89667749E-02 25 -4.96515781E-02
 136353 1 8 0.00000000E+00 7 0.489096075 8 0.356590360 37 -6.35736957E-02 6 9.82538536E-02 26 0.286479890 36 -7.14287385E-02 25 -5.27364686E-02 35 -4.26812693E-02
 136354 1 8 0.00000000E+00 7 0.440208822 8 0.389196426 26 0.328410983 6 9.09996182E-02 37 -7.52349570E-02 36 -7.42627084E-02 25 -5.38570657E-02 35 -4.54611070E-02
 136355 1 8 0.00000000E+00 7 0.405025214 8 0.294800788 26 0.357872039 6 7.45853856E-02 37 -9.20826048E-02 36 -9.17455181E-02 9 0.130969569 25 -7.94248953E-02
 137032 1 8 0.00000000E+00 36 0.328367651 37 0.501492143 34 0.460829228 35 5.44429943E-02 7 -0.125680819 6 -9.41839293E-02 5 -5.77263273E-02 25 -6.75409585E-02
 137033 1 8 0.00000000E+00 36 0.344371319 37 0.506676257 34 0.434244633 35 5.89546002E-02 7 -0.126141846 6 -9.41802934E-02 5 -5.77118620E-02 25 -6.62128553E-02
 137034 1 8 0.00000000E+00 36 0.361213535 37 0.512351394 35 6.26073703E-02 7 -0.126020208 34 0.404904217 6 -9.37829092E-02 25 -6.44203350E-02 5 -5.68530448E-02
 137035 1 8 0.00000000E+00 36 0.378706813 37 0.518577993 7 -0.125094891 35 6.50590062E-02 34 0.372854710 6 -9.28874463E-02 25 -6.20959364E-02 5 -5.51202223E-02
 137036 1 8 0.00000000E+00 36 0.409622282 37 0.480869979 7 -0.153486297 35 6.28824458E-02 34 0.305564225 6 -9.51110050E-02 25 -8.05482045E-02 8 7.02065453E-02
 137037 1 8 0.00000000E+00 36 0.425734252 37 0.493881494 7 -0.146261245 35 6.16725907E-02 34 0.270863801 6 -9.22541246E-02 25 -7.53824487E-02 8 6.17456771E-02
 137038 1 8 0.00000000E+00 36 0.440474033 37 0.508255124 7 -0.136564821 35 5.80984689E-02 6 -8.84064659E-02 34 0.234816059 8 5.24960980E-02 25 -6.91685379E-02
 137043 1 8 0.00000000E+00 37 0.612182736 36 0.419288516 7 -4.69682645E-03 35 4.13528718E-02 6 -4.52269427E-02 8 -6.01268886E-03 25 6.15603570E-03 26 -2.30437163E-02
 137044 1 8 0.00000000E+00 37 0.625120997 36 0.358092874 7 6.35085702E-02 6 -2.94702947E-02 35 1.73609871E-02 8 -1.88440103E-02 25 2.55721225E-03 26 -1.83263551E-02
 137045 1 8 0.00000000E+00 37 0.615520835 7 0.158125937 36 0.280286282 8 -2.46640686E-02 6 -1.55600784E-02 35 8.30336357E-04 25 -1.25935723E-04 26 -1.44133251E-02
 137046 1 8 0.00000000E+00 37 0.559326828 7 0.287521750 36 0.197266281 8 -1.57465599E-02 6 -6.81554340E-03 35 -8.03259201E-03 25 -1.65683997E-03 26 -1.18633294E-02
 137047 1 8 0.00000000E+00 37 0.452879667 7 0.446873397 36 0.117883891 8 9.78397205E-03 6 -4.95999539E-03 35 -1.08702984E-02 25 -1.98418763E-03 26 -9.60645638E-03
 137048 1 8 0.00000000E+00 7 0.608886719 37 0.323055446 36 4.50320430E-02 8 4.67865095E-02 6 -7.22149061E-03 35 -1.05615519E-02 26 -4.06550756E-03 25 -1.91217975E-03
 137049 1 8 0.00000000E+00 7 0.721232355 37 0.204588994 36 -1.22026457E-02 8 9.46749821E-02 6 -4.00500232E-03 35 -1.08694583E-02 26 1.07313944E-02 25 -4.15060110E-03
 137050 1 8 0.00000000E+00 7 0.739125252 37 0.121597365 8 0.155482531 36 -4.35049795E-02 6 1.38322208E-02 35 -1.47067318E-02 26 3.94980572E-02 25 -1.13237221E-02
 137051 1 8 0.00000000E+00 7 0.696707129 37 6.59361631E-02 8 0.220712945 36 -5.73758297E-02 6 3.75128388E-02 26 7.80409425E-02 35 -2.06475761E-02 25 -2.08866168E-02
 137052 1 8 0.00000000E+00 7 0.636729419 37 2.43606661E-02 8 0.281756908 36 -6.43874928E-02 6 5.71775474E-02 26 0.120900847 35 -2.66655050E-02 25 -2.98724063E-02
 137054 1 8 0.00000000E+00 7 0.523989320 8 0.324129701 37 -3.75355780E-02 6 6.41100183E-02 36 -6.92429915E-02 26 0.193101034 9 6.06409907E-02 35 -5.91924936E-02
 137055 1 8 0.00000000E+00 7 0.473790497 8 0.337036937 37 -5.93220815E-02 6 7.07992837E-02 26 0.246746883 36 -8.70460570E-02 9 8.64511132E-02 25 -6.84565753E-02
 137056 1 8 0.00000000E+00 7 0.430497885 8 0.340566248 37 -7.63642266E-02 6 6.76964447E-02 26 0.284240901 36 -8.95830169E-02 9 0.114730477 25 -7.17847422E-02
 137057 1 8 0.00000000E+00 7 0.392821074 8 0.336909175 37 -8.97305682E-02 26 0.318417251 6 6.20020404E-02 36 -9.15660933E-02 9 0.144331694 25 -7.31845871E-02
 137058 1 8 0.00000000E+00 7 0.360080987 8 0.328117788 26 0.349048585 37 -0.100156821 6 5.46940938E-02 9 0.174254164 36 -9.31149349E-02 25 -7.29238614E-02
 137059 1 8 0.00000000E+00 8 0.299040169 7 0.320278138 26 0.180361405 6 9.56674572E-03 37 -8.80225450E-02 9 0.154099911 36 -9.59058031E-02 31 0.220581993
 137060 1 8 0.00000000E+00 8 0.281961709 7 0.292169452 26 0.178630292 6 3.85682774E-03 9 0.174971968 37 -9.10857916E-02 31 0.253748357 36 -9.42528322E-02
 137733 1 8 0.00000000E+00 36 0.304876268 37 0.528806448 34 0.463619262 35 4.34139855E-02 7 -0.124268726 6 -9.33962241E-02 5 -5.59824929E-02 25 -6.70685247E-02
 137734 1 8 0.00000000E+00 36 0.317745417 37 0.535958052 34 0.439979494 35 4.74101342E-02 7 -0.125063956 6 -9.34963599E-02 5 -5.65456823E-02 25 -6.59870878E-02
 137735 1 8 0.00000000E+00 36 0.330997288 37 0.543878675 7 -0.125425249 35 5.07596694E-02 34 0.413928926 6 -9.32608768E-02 25 -6.45000488E-02 5 -5.63783646E-02
 137736 1 8 0.00000000E+00 36 0.362256616 37 0.487995654 7 -0.169091403 35 5.16922958E-02 34 0.350811034 6 -9.87562016E-02 8 0.101294488 25 -8.62024873E-02
 137737 1 8 0.00000000E+00 37 0.502098560 36 0.374433100 7 -0.165249765 35 5.28468080E-02 34 0.321128100 6 -9.71131995E-02 8 9.47255939E-02 25 -8.28691795E-02
 137738 1 8 0.00000000E+00 37 0.517823279 36 0.385764658 7 -0.160118133 35 5.26387841E-02 34 0.289782763 6 -9.48096886E-02 8 8.75794664E-02 25 -7.86611214E-02
 137739 1 8 0.00000000E+00 37 0.535515249 36 0.395436585 7 -0.153293341 35 5.07799536E-02 6 -9.16933715E-02 34 0.257041425 8 7.97407702E-02 25 -7.35272616E-02
 137745 1 8 0.00000000E+00 37 0.722785592 36 0.321299434 7 -3.65864187E-02 8 1.11698890E-02 35 4.11013998E-02 6 -4.34156880E-02 25 6.77046133E-03 26 -2.31246687E-02
 137746 1 8 0.00000000E+00 37 0.764901578 36 0.249977574 7 1.20244687E-02 8 -5.28502604E-03 6 -2.80918796E-02 35 1.99506283E-02 25 3.40756704E-03 26 -1.68848969E-02
 137747 1 8 0.00000000E+00 37 0.791591406 7 7.79299662E-02 36 0.166254506 8 -1.59596652E-02 6 -1.42116090E-02 35 4.17301664E-03 25 8.40745401E-04 26 -1.06183812E-02
 137748 1 8 0.00000000E+00 37 0.743409395 7 0.183087483 36 9.44126099E-02 8 -1.25598244E-03 6 -6.65651821E-03 35 -5.47586614E-03 25 -7.35103851E-04 26 -6.78601721E-03
 137749 1 8 0.00000000E+00 37 0.606095135 7 0.325995624 36 4.59995121E-02 8 4.48076986E-02 6 -6.56568492E-03 35 -9.84795392E-03 25 -1.52906647E-03 26 -4.95529221E-03
 137750 1 8 0.00000000E+00 37 0.450848550 7 0.462477237 36 5.30742714E-03 8 0.102590673 6 -7.47029670E-03 35 -1.16326064E-02 26 4.82707372E-04 25 -2.60369736E-03
 137751 1 8 0.00000000E+00 7 0.558140397 37 0.312932760 8 0.165539488 36 -2.79304832E-02 6 -3.64313810E-03 35 -1.32852970E-02 26 1.36309918E-02 25 -5.38472552E-03
 137752 1 8 0.00000000E+00 7 0.596666276 37 0.204033792 8 0.232012615 36 -4.96142432E-02 6 7.59329647E-03 35 -1.62806083E-02 26 3.62712070E-02 25 -1.06823612E-02
 137753 1 8 0.00000000E+00 7 0.590037346 37 0.122106500 8 0.293856323 36 -6.03543036E-02 6 1.76744834E-02 26 6.21848591E-02 35 -3.00084073E-02 9 4.50317282E-03
 137758 1 8 0.00000000E+00 8 0.392226011 7 0.401435912 37 -7.16507435E-02 6 5.35635278E-02 26 0.249827206 9 0.126898229 36 -8.77634510E-02 25 -6.45366982E-02
 137759 1 8 0.00000000E+00 8 0.382265240 7 0.377528250 37 -8.82135034E-02 26 0.258965492 9 8.18392262E-02 6 9.91815049E-03 36 -0.103034012 10 8.07311535E-02
 137760 1 8 0.00000000E+00 8 0.366195321 7 0.349592924 37 -0.100105263 9 9.48763564E-02 26 0.287778527 6 4.93510207E-03 36 -0.104554452 10 0.101281464
 137761 1 8 0.00000000E+00 8 0.347530663 7 0.324743330 9 0.105263427 37 -0.109081820 26 0.314016819 6 -3.67840577E-04 36 -0.105530620 10 0.123426050
 137762 1 8 0.00000000E+00 8 0.314869583 7 0.256225884 9 0.106239662 26 0.158127651 37 -0.129642725 6 -4.03673463E-02 10 9.93633121E-02 31 0.235183954
 137763 1 8 0.00000000E+00 8 0.292153180 7 0.234158143 9 0.110136770 26 0.154937565 37 -0.131054804 6 -4.36023735E-02 31 0.266147017 10 0.117124490
 138435 1 8 0.00000000E+00 37 0.473679692 36 0.319228888 34 0.447326839 7 -0.180638626 35 1.72706358E-02 6 -0.137761936 8 0.133346021 5 -7.24514797E-02
 138436 1 8 0.00000000E+00 37 0.485928833 36 0.328961879 7 -0.179299340 34 0.424018890 35 2.06527635E-02 6 -0.136601254 8 0.128814712 5 -7.24764764E-02
 138437 1 8 0.00000000E+00 37 0.499324888 36 0.336301386 7 -0.177533001 35 4.30517606E-02 34 0.361279339 6 -9.99183133E-02 8 0.124564320 25 -8.70703682E-02
 138438 1 8 0.00000000E+00 37 0.514244258 36 0.345436007 7 -0.174898699 35 4.44625616E-02 34 0.334440261 6 -9.86197218E-02 8 0.119389519 25 -8.44542012E-02
 138448 1 8 0.00000000E+00 37 0.862658083 7 -3.95199507E-02 36 0.167687476 8 2.52174735E-02 6 -2.66384315E-02 35 2.26826649E-02 25 4.15133592E-03 26 -1.62386466E-02
 138449 1 8 0.00000000E+00 37 0.937053978 7 -8.74495693E-03 36 7.39134476E-02 8 6.65822439E-03 6 -1.05547663E-02 35 7.32971029E-03 25 1.43253780E-03 26 -7.08815921E-03
 138450 1 8 0.00000000E+00 37 0.913044214 7 6.57445043E-02 36 5.32903429E-03 8 2.23247241E-02 6 -1.71583449E-03 35 -2.88262218E-03 25 -4.23843681E-04 26 -1.42020511E-03
 138451 1 8 0.00000000E+00 37 0.716773808 7 0.208673552 8 9.71352831E-02 36 -6.25609886E-03 6 -5.07818162E-03 35 -7.62329949E-03 25 -1.41393661E-03 26 -2.21114745E-03
 138452 1 8 0.00000000E+00 37 0.540288627 7 0.329006195 8 0.180661947 36 -2.31096391E-02 6 -7.29492633E-03 35 -1.21767996E-02 9 -9.57438163E-03 26 2.19902000E-03
 138453 1 8 0.00000000E+00 37 0.388199449 7 0.415084213 8 0.255454063 36 -3.97713929E-02 6 -5.16987918E-03 35 -1.60474274E-02 9 -1.02226511E-02 26 1.24735991E-02
 138454 1 8 0.00000000E+00 7 0.461451918 37 0.263275117 8 0.325144023 36 -5.22118621E-02 6 1.16317975E-03 9 -7.11716386E-03 35 -2.10750382E-02 26 2.93698199E-02
 138455 1 8 0.00000000E+00 7 0.473549396 8 0.384920806 37 0.164388224 36 -5.96722215E-02 6 1.03238793E-02 9 1.54571561E-03 26 5.22536971E-02 35 -2.73095015E-02
 138461 1 8 0.00000000E+00 8 0.425583810 7 0.344853878 37 -8.64456743E-02 9 9.80937406E-02 6 4.08984860E-03 26 0.227989852 36 -9.77364331E-02 10 8.35709646E-02
 138462 1 8 0.00000000E+00 8 0.400909632 7 0.323163539 9 0.112834856 37 -9.92498919E-02 26 0.255640686 6 5.04018099E-04 10 0.105843313 36 -9.96461362E-02
 139137 1 8 0.00000000E+00 37 0.491629094 36 0.309158623 7 -0.185448915 34 0.429780543 35 1.30670629E-02 8 0.150159046 6 -0.137286872 5 -7.10586086E-02
 139138 1 8 0.00000000E+00 37 0.505010366 36 0.314350873 7 -0.184419274 35 3.57512645E-02 34 0.370255411 8 0.147161022 6 -0.100719102 25 -8.73905569E-02
 139139 1 8 0.00000000E+00 37 0.519866943 36 0.321353167 7 -0.182704091 35 3.73120792E-02 34 0.345892042 8 0.143383235 6 -9.97112170E-02 25 -8.53921548E-02
 139150 1 8 0.00000000E+00 37 0.885043025 7 -7.37465844E-02 36 0.123090550 8 5.08586615E-02 6 -3.96839902E-02 35 2.89362073E-02 25 -4.49170312E-03 9 2.99938545E-02
 139151 1 8 0.00000000E+00 37 0.927254558 7 -4.27849218E-02 36 4.67658527E-02 8 6.16264269E-02 6 -2.16681715E-02 35 1.37848593E-02 9 1.82068814E-02 25 -3.18547781E-03
 139152 1 8 0.00000000E+00 37 0.885416031 7 2.19190419E-02 8 0.101089939 36 -6.14589918E-03 6 -1.10351266E-02 35 3.08969640E-03 9 8.17997009E-03 25 -2.51366105E-03
 139153 1 8 0.00000000E+00 37 0.737572134 7 0.124501273 8 0.176313281 36 -2.38284953E-02 6 -9.33568645E-03 35 -3.19506694E-03 9 8.50149605E-04 25 -2.87756836E-03
 139154 1 8 0.00000000E+00 37 0.573718011 7 0.221520066 8 0.260879397 36 -3.45111191E-02 6 -7.33704912E-03 9 -4.88071982E-03 35 -9.07649379E-03 26 -3.12072720E-04
 139155 1 8 0.00000000E+00 37 0.423244804 7 0.294499099 8 0.344614446 36 -4.34367731E-02 6 -5.37132006E-03 9 -8.67184065E-03 35 -1.33940056E-02 26 8.51557963E-03
 139156 1 8 0.00000000E+00 8 0.421879381 37 0.293234289 7 0.339837253 36 -5.02491556E-02 6 -7.57877482E-04 9 -8.38002935E-03 35 -1.80213768E-02 26 2.24575009E-02
 139157 1 8 0.00000000E+00 8 0.485591114 7 0.360459238 37 0.185963914 36 -5.46444654E-02 9 -1.28420116E-03 6 5.79418102E-03 26 4.13856618E-02 35 -2.32654363E-02
 139839 1 8 0.00000000E+00 37 0.506632984 36 0.295628488 7 -0.189970613 34 0.377999246 35 2.94682067E-02 8 0.168678224 6 -0.101201825 25 -8.72347355E-02
 139840 1 8 0.00000000E+00 37 0.520929098 36 0.301123410 7 -0.188951343 35 3.11075747E-02 34 0.355796099 8 0.166199878 6 -0.100441694 25 -8.57629851E-02
 139841 1 8 0.00000000E+00 37 0.536579847 36 0.305682123 7 -0.187427104 35 3.22144851E-02 8 0.163669765 34 0.332298756 6 -9.93035361E-02 25 -8.37143958E-02
 139853 1 8 0.00000000E+00 37 0.856742680 7 -5.65756671E-02 8 0.135739565 36 4.68016230E-02 6 -3.24909799E-02 35 2.00114530E-02 9 3.52588780E-02 25 -5.48752723E-03
 139854 1 8 0.00000000E+00 37 0.806388855 7 -3.41436057E-03 8 0.186157957 36 4.80871135E-03 6 -2.27507669E-02 9 2.41106264E-02 35 9.76252556E-03 25 -5.06353984E-03
 139855 1 8 0.00000000E+00 37 0.697101355 8 0.259906590 7 6.84765428E-02 36 -1.94525756E-02 9 1.44323092E-02 6 -1.07076429E-02 35 1.15438621E-03 26 -1.09109739E-02
 139856 1 8 0.00000000E+00 37 0.561160088 8 0.346422821 7 0.138348669 36 -3.14653479E-02 9 4.90041776E-03 6 -8.99963360E-03 35 -4.41302452E-03 26 -5.95397456E-03
 139857 1 8 0.00000000E+00 37 0.423057616 8 0.437085301 7 0.195061773 36 -3.85473296E-02 9 -3.07888421E-03 6 -6.48555160E-03 35 -9.00029112E-03 26 1.90735306E-03
 139858 1 8 0.00000000E+00 8 0.523272574 37 0.295614779 7 0.233549714 36 -4.28070426E-02 9 -7.30158994E-03 6 -2.53854459E-03 35 -1.33386347E-02 26 1.35487458E-02
 139859 1 8 0.00000000E+00 8 0.594412625 37 0.185492098 7 0.257138491 9 -4.30121180E-03 36 -5.36516421E-02 6 -7.40329549E-03 10 6.67937624E-04 26 2.76450086E-02
 139860 1 8 0.00000000E+00 8 0.637237847 7 0.267963082 37 9.74797383E-02 9 6.41968660E-03 36 -5.79321608E-02 6 -4.57985280E-03 10 6.58765249E-03 26 4.68240194E-02
 140541 1 8 0.00000000E+00 37 0.518869221 36 0.283914268 7 -0.193903416 35 2.56440584E-02 34 0.364403784 8 0.187563121 6 -0.100848705 25 -8.56423676E-02
 140542 1 8 0.00000000E+00 37 0.533484995 36 0.287483275 7 -0.193024427 35 2.69141942E-02 8 0.186324105 34 0.342917085 6 -9.99829695E-02 25 -8.41162205E-02
 140543 1 8 0.00000000E+00 37 0.549372315 36 0.289884567 7 -0.191672564 8 0.185192823 35 2.77039297E-02 34 0.320313692 6 -9.87422392E-02 25 -8.20525140E-02
 140555 1 8 0.00000000E+00 37 0.784822881 8 0.202071577 7 -7.15106577E-02 36 5.15885465E-02 9 5.68890683E-02 6 -4.20663208E-02 35 2.58763544E-02 25 -7.67143583E-03
 140556 1 8 0.00000000E+00 37 0.731727600 8 0.259911835 7 -2.93615386E-02 36 1.75170712E-02 9 3.94739471E-02 6 -3.68385054E-02 35 1.18381288E-02 10 5.73148998E-03
 140557 1 8 0.00000000E+00 37 0.640965223 8 0.335555226 7 2.06630994E-02 36 -5.57165360E-03 9 3.14926840E-02 6 -2.93338876E-02 35 4.63257264E-03 10 1.59671344E-03
 140558 1 8 0.00000000E+00 37 0.525307596 8 0.425358176 7 7.06706420E-02 36 -1.93467941E-02 9 2.22011656E-02 6 -2.20951308E-02 35 -5.99841413E-04 10 -1.49582466E-03
 140559 1 8 0.00000000E+00 8 0.523540676 37 0.400088578 7 0.112646624 36 -2.71985512E-02 9 1.16667356E-02 6 -1.32416477E-02 10 -3.13521666E-03 35 -4.36719414E-03
 140560 1 8 0.00000000E+00 8 0.622288525 37 0.276282936 7 0.143658295 9 -4.01017489E-04 36 -3.50719318E-02 6 -6.03080681E-03 10 -8.65093525E-03 40 7.92489480E-03
 140561 1 8 0.00000000E+00 8 0.707517385 37 0.166012585 7 0.162106544 9 -2.11234251E-03 36 -3.83803099E-02 6 7.00052874E-03 10 5.55401668E-03 40 -7.69838830E-03
 140562 1 8 0.00000000E+00 8 0.754851878 37 7.73240328E-02 7 0.176275194 9 1.11910561E-02 36 -4.24533486E-02 10 2.34015845E-02 6 2.34163068E-02 40 -2.40067020E-02
 141242 1 8 0.00000000E+00 37 0.514707327 36 0.269083023 7 -0.197778746 35 2.07766984E-02 8 0.207360744 34 0.371919870 6 -0.100969814 25 -8.50990787E-02
 141243 1 8 0.00000000E+00 37 0.528204978 36 0.271965235 7 -0.197387993 8 0.207218379 35 2.21396796E-02 34 0.352205038 6 -0.100329727 25 -8.40155780E-02
 141244 1 8 0.00000000E+00 37 0.542716265 36 0.273842871 7 -0.196628571 8 0.207306817 35 2.31373813E-02 34 0.331464499 6 -9.93767008E-02 25 -8.24625343E-02
 141258 1 8 0.00000000E+00 37 0.664396763 8 0.318475544 7 -5.44974655E-02 36 2.93164272E-02 9 6.21068850E-02 6 -4.66263704E-02 35 1.65080596E-02 10 1.03201335E-02
 141259 1 8 0.00000000E+00 37 0.583244443 8 0.396105081 7 -1.81866772E-02 36 8.19201861E-03 9 5.47303073E-02 6 -3.86574864E-02 10 5.20149618E-03 35 9.37080383E-03
 141260 1 8 0.00000000E+00 8 0.487335682 37 0.476578712 7 1.97682735E-02 9 3.21552008E-02 36 -5.41986339E-03 6 -2.69652531E-02 10 -4.10907194E-02 40 5.76379783E-02
 141261 1 8 0.00000000E+00 8 0.591216385 37 0.363845974 7 4.79978807E-02 9 2.32808087E-02 36 -1.43989781E-02 10 -3.23093832E-02 6 -2.11507268E-02 40 4.15180661E-02
 141262 1 8 0.00000000E+00 8 0.702954710 37 0.247230589 7 6.63086548E-02 9 1.16674155E-02 36 -1.85173079E-02 10 -2.08053067E-02 6 -1.30179040E-02 40 2.41791829E-02
 141263 1 8 0.00000000E+00 8 0.812361956 37 0.134690538 7 7.50213936E-02 9 2.04494165E-04 36 -1.96415801E-02 10 -5.89683373E-03 40 5.60549088E-03 6 -2.34542089E-03
 141264 1 8 0.00000000E+00 8 0.876720250 37 4.31219712E-02 7 8.46267492E-02 9 7.03452574E-03 10 1.27891405E-02 36 -2.20611952E-02 40 -1.35929249E-02 6 1.13614835E-02
 141265 1 8 0.00000000E+00 8 0.838742495 9 5.71273006E-02 37 -7.05082808E-03 7 0.110622466 10 3.54070291E-02 36 -3.11308876E-02 40 -3.24007310E-02 6 2.86831502E-02
 141942 1 8 0.00000000E+00 37 0.497788668 36 0.255783558 7 -0.200391784 34 0.427628875 8 0.224479258 35 -6.23064023E-03 6 -0.135932118 5 -6.31258041E-02
 141943 1 8 0.00000000E+00 37 0.509161413 36 0.256145120 7 -0.200762898 8 0.225582615 34 0.378510714 35 1.63881518E-02 6 -0.100836627 25 -8.41884837E-02
 141944 1 8 0.00000000E+00 37 0.521554887 36 0.258540004 7 -0.200740576 8 0.226349711 35 1.78025458E-02 34 0.360361934 6 -0.100387193 25 -8.34813118E-02
 141945 1 8 0.00000000E+00 37 0.534746170 36 0.260073394 7 -0.200426877 8 0.227433965 35 1.89328622E-02 34 0.341273814 6 -9.96713936E-02 25 -8.23619440E-02
 141946 1 8 0.00000000E+00 37 0.542874038 36 0.272968918 7 -0.195677295 8 5.62854409E-02 35 -1.57909878E-02 34 0.306849688 6 -0.149782792 9 0.182272956
 141960 1 8 0.00000000E+00 37 0.595905721 8 0.358044297 7 -7.25407749E-02 36 4.58634943E-02 9 6.35923371E-02 10 -6.82261065E-02 40 0.116391294 6 -3.90302949E-02
 141961 1 8 0.00000000E+00 8 0.434913576 37 0.522661626 7 -4.59682979E-02 9 6.24889769E-02 36 2.42198873E-02 10 -6.24834113E-02 40 0.100075692 6 -3.59080173E-02
 141962 1 8 0.00000000E+00 8 0.524926960 37 0.432346165 7 -2.14810930E-02 9 5.92771582E-02 36 9.34201106E-03 10 -5.54821119E-02 40 8.29088539E-02 6 -3.18379626E-02
 141963 1 8 0.00000000E+00 8 0.627417803 37 0.330087662 7 -2.55092396E-03 9 5.30109629E-02 36 4.55029192E-04 10 -4.65126522E-02 40 6.44806921E-02 6 -2.63885912E-02
 141964 1 8 0.00000000E+00 8 0.741635442 37 0.220976129 7 7.94406142E-03 9 4.24226560E-02 36 -3.41804675E-03 10 -3.47967669E-02 40 4.45019901E-02 6 -1.92654617E-02
 141965 1 8 0.00000000E+00 8 0.867043018 37 0.109018445 9 2.58635171E-02 7 8.25401116E-03 10 -1.95376668E-02 36 -3.14787868E-03 40 2.29213312E-02 6 -1.04147866E-02
 141966 1 8 0.00000000E+00 8 0.994296730 9 5.56082558E-03 37 -2.06254226E-05 7 1.33510737E-04 10 1.49126311E-06 40 6.61501326E-05 36 -2.03907417E-04 6 1.65808553E-04
 141967 1 8 0.00000000E+00 8 0.877960920 9 9.45777670E-02 37 -2.18670033E-02 7 4.62689251E-02 10 2.31144708E-02 40 -2.11781748E-02 36 -1.57830957E-02 6 1.69062223E-02
 142643 1 8 0.00000000E+00 37 0.492291629 36 0.244882628 7 -0.202393577 34 0.430541903 8 0.240487829 35 -1.03011755E-02 6 -0.135064453 5 -6.04447797E-02
 142644 1 8 0.00000000E+00 37 0.502730548 36 0.244726628 7 -0.203003734 8 0.242281660 34 0.384312749 35 1.23974457E-02 6 -0.100480758 25 -8.29645321E-02
 142645 1 8 0.00000000E+00 37 0.507164478 36 0.260008484 7 -0.198678672 8 4.87250276E-02 35 -2.21207198E-02 34 0.352195263 6 -0.153404698 9 0.206110850
 142646 1 8 0.00000000E+00 37 0.519224823 36 0.261179924 7 -0.198753327 8 5.28568327E-02 35 -2.05917787E-02 34 0.334731430 6 -0.152377665 9 0.203729764
 142647 1 8 0.00000000E+00 37 0.531916857 36 0.261391431 7 -0.198549002 8 5.74900582E-02 35 -1.91412251E-02 34 0.316487134 6 -0.150883287 9 0.201288000
 142662 1 8 0.00000000E+00 37 0.542704701 8 0.380756199 7 -9.03280377E-02 9 8.88969898E-02 36 5.60214557E-02 40 0.147325620 10 -8.24161619E-02 6 -4.29607593E-02
 142663 1 8 0.00000000E+00 8 0.452577651 37 0.475306481 7 -7.01168850E-02 9 9.26100314E-02 36 3.63568030E-02 10 -7.70679563E-02 40 0.130255714 6 -3.99218388E-02
 142664 1 8 0.00000000E+00 8 0.534693241 37 0.394248873 7 -5.19604608E-02 9 9.54351053E-02 36 2.21268795E-02 10 -7.03496858E-02 40 0.111762784 6 -3.59567367E-02
 142665 1 8 0.00000000E+00 8 0.625823677 37 0.303162247 9 9.70057696E-02 7 -3.79539169E-02 10 -6.16446026E-02 36 1.29085025E-02 40 9.15077180E-02 6 -3.08094043E-02
 142666 1 8 0.00000000E+00 8 0.722830713 37 0.206550851 9 9.74013507E-02 7 -2.94469707E-02 10 -5.02315573E-02 40 6.92723468E-02 36 7.87912495E-03 6 -2.42558662E-02
 142667 1 8 0.00000000E+00 8 0.815578640 9 9.95488763E-02 37 0.110907249 7 -2.53287926E-02 10 -3.53268795E-02 40 4.51190434E-02 36 5.56656253E-03 6 -1.60647202E-02
 142668 1 8 0.00000000E+00 8 0.863035083 9 0.120398507 37 3.24839689E-02 7 -1.57972760E-02 10 -1.62122007E-02 40 1.97082106E-02 36 1.92651630E-03 6 -5.54281566E-03
 142669 1 8 0.00000000E+00 8 0.814321578 9 0.181001768 37 -9.78611689E-03 7 1.22190900E-02 10 7.86578096E-03 40 -5.84619772E-03 36 -7.87269324E-03 6 8.09678901E-03
 143345 1 8 0.00000000E+00 37 0.487996817 36 0.248141021 7 -0.199662432 8 4.52961400E-02 34 0.373654813 35 -2.63650846E-02 6 -0.153452784 9 0.224391535
 143346 1 8 0.00000000E+00 37 0.498468369 36 0.249875128 7 -0.200175151 8 4.89823967E-02 34 0.358195812 35 -2.49044858E-02 6 -0.153150752 9 0.222708672
 143347 1 8 0.00000000E+00 37 0.509411633 36 0.250940979 7 -0.200493455 8 5.30813076E-02 35 -2.34680213E-02 34 0.341985404 6 -0.152483135 9 0.221025288
 143364 1 8 0.00000000E+00 8 0.386769831 37 0.497225970 7 -0.104194283 9 0.116746522 36 6.45182505E-02 40 0.181036085 10 -9.61337611E-02 6 -4.59686331E-02
 143365 1 8 0.00000000E+00 8 0.450075686 37 0.435500532 9 0.126693279 7 -8.79644081E-02 36 4.64149788E-02 40 0.163714856 10 -9.13725123E-02 6 -4.30624038E-02
 143366 1 8 0.00000000E+00 8 0.519667029 37 0.363252342 9 0.137751549 7 -7.32654110E-02 10 -8.52147415E-02 40 0.144446477 36 3.26113440E-02 6 -3.92485596E-02
 143367 1 8 0.00000000E+00 8 0.592745662 37 0.283613533 9 0.150535017 7 -6.10730834E-02 10 -7.71189258E-02 40 0.122879922 36 2.27633417E-02 6 -3.43454964E-02
 143368 1 8 0.00000000E+00 8 0.663332582 9 0.166727155 37 0.201102152 7 -5.14060669E-02 10 -6.64297268E-02 40 9.87818092E-02 36 1.60408448E-02 6 -2.81487275E-02
 143369 1 8 0.00000000E+00 8 0.718627453 9 0.190668955 37 0.122464657 7 -4.21190597E-02 10 -5.23594432E-02 40 7.21849278E-02 36 1.09249456E-02 6 -2.03924198E-02
 143370 1 8 0.00000000E+00 8 0.736594379 9 0.230307773 37 5.72778732E-02 10 -3.39479931E-02 7 -2.81346943E-02 40 4.35423851E-02 36 5.07082604E-03 6 -1.07105514E-02
 143371 1 8 0.00000000E+00 8 0.703948736 9 0.288510472 10 -9.87644680E-03 37 1.18444245E-02 7 -5.98403811E-03 40 1.36768958E-02 36 -3.15669226E-03 6 1.03665271E-03
 143372 1 8 0.00000000E+00 8 0.637558281 9 0.352957428 10 2.16310676E-02 37 -1.79767981E-02 40 -1.63523965E-02 7 2.06845757E-02 36 -1.28809856E-02 6 1.43788159E-02
 144066 1 8 0.00000000E+00 8 0.378895462 37 0.458569348 9 0.145016313 7 -0.114381880 40 0.217690825 10 -0.109089613 36 7.14685991E-02 6 -4.81690243E-02
 144067 1 8 0.00000000E+00 8 0.431651622 37 0.402362645 9 0.161659032 7 -0.100504577 40 0.200674996 10 -0.105001479 36 5.45676686E-02 6 -4.54098992E-02
 144068 1 8 0.00000000E+00 8 0.486734360 37 0.338279486 9 0.181521520 7 -8.75137001E-02 40 0.181245700 10 -9.95419249E-02 36 4.10429239E-02 6 -4.17683497E-02
 144069 1 8 0.00000000E+00 8 0.540484130 9 0.205920264 37 0.269106418 7 -7.57135749E-02 10 -9.22379419E-02 40 0.158959031 36 3.05919796E-02 6 -3.71102691E-02
 144070 1 8 0.00000000E+00 8 0.586645544 9 0.237019747 37 0.198798746 10 -8.25037584E-02 7 -6.46531880E-02 40 0.133455768 36 2.25109421E-02 6 -3.12737860E-02
 144071 1 8 0.00000000E+00 8 0.615634143 9 0.278002083 37 0.132501125 10 -6.95890114E-02 40 0.104582503 7 -5.27516603E-02 36 1.56942960E-02 6 -2.40734648E-02
 144072 1 8 0.00000000E+00 8 0.616693854 9 0.331702292 10 -5.24301417E-02 37 7.56860375E-02 40 7.25385398E-02 7 -3.76972631E-02 36 8.85033887E-03 6 -1.53436512E-02
 144073 1 8 0.00000000E+00 8 0.585663319 9 0.396433741 10 -2.93967780E-02 40 3.80225666E-02 37 3.15200202E-02 7 -1.83360893E-02 36 1.16221036E-03 6 -5.06899552E-03
 144074 1 8 0.00000000E+00 8 0.530555367 9 0.462752163 10 2.00497243E-03 40 2.41171336E-03 37 -9.46306332E-04 7 3.94642306E-03 36 -7.25308340E-03 6 6.52876217E-03
 144075 1 8 0.00000000E+00 9 0.516298056 8 0.465759188 10 4.49391678E-02 40 -3.21015343E-02 37 -2.48176213E-02 7 2.66201273E-02 36 -1.58287231E-02 6 1.91313326E-02
 144768 1 8 0.00000000E+00 8 0.360658467 37 0.425633311 9 0.171328574 7 -0.121420212 40 0.257366627 10 -0.120975137 36 7.70726576E-02 6 -4.96642776E-02
 144769 1 8 0.00000000E+00 8 0.402345747 37 0.374598861 9 0.194125697 40 0.241297096 7 -0.108885944 10 -0.117545009 36 6.11175820E-02 6 -4.70540076E-02
 144770 1 8 0.00000000E+00 8 0.443208486 9 0.221874937 37 0.317730904 40 0.222431049 10 -0.112771541 7 -9.66992676E-02 36 4.78279702E-02 6 -4.36025411E-02
 144771 1 8 0.00000000E+00 8 0.479550004 9 0.256230265 37 0.257405579 40 0.200181067 10 -0.106244445 7 -8.48706216E-02 36 3.69635038E-02 6 -3.92153524E-02
 144772 1 8 0.00000000E+00 8 0.506095946 9 0.299340844 37 0.196777493 10 -9.74602774E-02 40 0.173971266 7 -7.29491115E-02 36 2.80078687E-02 6 -3.37840319E-02
 144773 1 8 0.00000000E+00 8 0.516395330 9 0.353489846 10 -8.57769102E-02 40 0.143342778 37 0.139509246 7 -5.99933788E-02 36 2.02341788E-02 6 -2.72010509E-02
 144774 1 8 0.00000000E+00 8 0.504808247 9 0.419767439 10 -7.02627748E-02 40 0.108120792 37 8.90228450E-02 7 -4.49486300E-02 36 1.28916809E-02 6 -1.93995703E-02
 144775 1 8 0.00000000E+00 9 0.495581925 8 0.470018595 10 -4.93193083E-02 40 6.86951652E-02 37 4.73524407E-02 7 -2.74144448E-02 36 5.48427552E-03 6 -1.03986608E-02
 144776 1 8 0.00000000E+00 9 0.571631134 8 0.417348057 10 -1.89854130E-02 40 2.86987759E-02 37 1.46511476E-02 7 -8.25920328E-03 36 -2.15891795E-03 11 -2.92560272E-03
 144777 1 8 0.00000000E+00 9 0.632094443 8 0.358229816 10 2.44922489E-02 40 -1.45946080E-02 37 -1.25724403E-02 7 1.67816281E-02 36 -2.89240945E-03 11 -1.53867761E-03
 145471 1 8 0.00000000E+00 8 0.366790563 9 0.221098572 37 0.350966036 40 0.285618007 10 -0.128621519 7 -0.114145115 36 6.63701668E-02 6 -4.80766967E-02
 145472 1 8 0.00000000E+00 8 0.395018250 9 0.254781306 37 0.300252706 40 0.268183589 10 -0.124386534 7 -0.102349363 36 5.33239804E-02 6 -4.48239297E-02
 145473 1 8 0.00000000E+00 8 0.416944027 9 0.296297312 37 0.247149497 40 0.246957496 10 -0.118413717 7 -9.04540792E-02 36 4.22429107E-02 6 -4.07234617E-02
 145474 1 8 0.00000000E+00 8 0.428421140 9 0.347717643 40 0.221102685 10 -0.110256046 37 0.194088176 7 -7.81389251E-02 36 3.27791162E-02 6 -3.57137807E-02
 145475 1 8 0.00000000E+00 8 0.424284667 9 0.411424696 10 -0.102788582 40 0.187157795 37 0.148669288 7 -7.90702850E-02 36 5.56739094E-03 11 4.75503970E-03
 145476 1 8 0.00000000E+00 9 0.487414747 8 0.402707428 10 -8.66893828E-02 40 0.152836010 37 0.102199778 7 -6.11547567E-02 36 2.53390777E-03 11 1.52291832E-04
 145477 1 8 0.00000000E+00 9 0.575426280 8 0.362206638 10 -6.67560101E-02 40 0.110697895 37 6.20308109E-02 7 -4.12929654E-02 36 4.06972831E-04 11 -2.71958183E-03
 145478 1 8 0.00000000E+00 9 0.668874085 8 0.306425095 10 -4.06946354E-02 40 6.13439903E-02 37 2.85493117E-02 7 -1.99590623E-02 36 -1.00950280E-03 11 -3.52930231E-03
 145479 1 8 0.00000000E+00 9 0.748862445 8 0.245110899 10 -1.45189906E-03 40 8.27694125E-03 37 1.26769603E-03 7 2.01591989E-03 11 -2.26434437E-03 36 -1.81763980E-03
 145480 1 8 0.00000000E+00 9 0.775411844 10 6.72532618E-02 8 0.195916757 40 -3.99933346E-02 37 -2.06791461E-02 7 2.38020495E-02 11 4.38799703E-04 36 -2.15025083E-03
 146178 1 8 0.00000000E+00 9 0.526740193 8 0.314619035 10 -9.66821015E-02 40 0.206859052 37 0.108649962 7 -6.60776794E-02 36 4.47419100E-03 11 1.41737727E-03
 146179 1 8 0.00000000E+00 9 0.622412622 8 0.268957078 10 -7.68686011E-02 40 0.162749887 37 7.14029148E-02 7 -4.78588641E-02 11 -2.72469153E-03 36 1.92966626E-03
 146180 1 8 0.00000000E+00 9 0.732305110 10 -5.39055727E-02 8 0.207832962 40 0.107122183 37 3.95123772E-02 7 -2.87975520E-02 11 -4.34548222E-03 36 2.75950413E-04
 146181 1 8 0.00000000E+00 9 0.848050833 10 -2.54366659E-02 8 0.136437818 40 4.11245041E-02 37 1.28696226E-02 7 -9.44516622E-03 11 -3.00478190E-03 36 -5.96183003E-04
 146182 1 8 0.00000000E+00 9 0.902116954 10 3.88437510E-02 40 -2.15903427E-02 8 8.07770118E-02 37 -8.81150365E-03 7 9.68225021E-03 11 -2.92588447E-05 36 -9.88871907E-04
 146183 1 8 0.00000000E+00 9 0.788564205 10 0.186237454 40 -5.79952672E-02 8 8.01547840E-02 37 -2.59165112E-02 7 2.82892846E-02 11 2.02867179E-03 36 -1.36261887E-03
 146184 1 8 0.00000000E+00 9 0.643434405 10 0.339101762 40 -8.70519057E-02 8 9.20911059E-02 37 -4.02651317E-02 7 4.63936217E-02 11 7.56437611E-03 36 -1.26826297E-03
 146881 1 8 0.00000000E+00 9 0.621924698 10 -7.47853890E-02 40 0.231036231 8 0.195608601 37 7.77295381E-02 7 -5.23128994E-02 11 -2.64503295E-03 36 3.44423275E-03
 146882 1 8 0.00000000E+00 9 0.727609634 10 -4.48323265E-02 40 0.174316719 8 0.134844482 37 4.76921350E-02 7 -3.51215340E-02 11 -5.98953199E-03 36 1.48042792E-03
 146883 1 8 0.00000000E+00 9 0.847630858 10 -1.01855071E-02 40 0.101428218 8 6.22623973E-02 37 2.23014560E-02 7 -1.80497058E-02 11 -5.79561898E-03 36 4.07910149E-04
 146884 1 8 0.00000000E+00 9 0.925347507 10 5.45458905E-02 40 2.34373081E-02 8 -4.23341640E-04 37 1.52522197E-03 7 -1.45977933E-03 11 -2.91535235E-03 36 -5.74597216E-05
 146885 1 8 0.00000000E+00 9 0.756719351 10 0.245347083 40 -1.78058166E-02 8 1.89429931E-02 37 -1.43417222E-02 11 -2.63946131E-03 7 1.45678623E-02 36 -7.90283782E-04
 146886 1 8 0.00000000E+00 9 0.588134110 10 0.424169779 40 -5.79093732E-02 8 4.10827212E-02 11 2.89278291E-03 37 -2.78222840E-02 7 3.04141343E-02 36 -9.61889862E-04
 146887 1 8 0.00000000E+00 10 0.559582233 9 0.453509241 40 -9.19645727E-02 8 5.82008995E-02 11 1.50257573E-02 37 -4.04176228E-02 7 4.66472059E-02 36 -5.83178771E-04
 147583 1 8 0.00000000E+00 9 0.572811723 40 0.316929311 10 -6.25930727E-02 8 0.143424168 37 8.13207030E-02 7 -5.47711737E-02 11 -1.95916602E-03 36 4.83754231E-03
 147584 1 8 0.00000000E+00 9 0.647315800 10 -1.40510546E-02 40 0.266842991 8 9.14675295E-02 37 5.31450137E-02 11 -8.14879686E-03 7 -3.90449949E-02 36 2.47346796E-03
 147585 1 8 0.00000000E+00 9 0.708623528 10 5.79720214E-02 40 0.200233459 8 3.78871895E-02 37 2.94753257E-02 11 -1.12414509E-02 7 -2.39076670E-02 36 9.57578828E-04
 147586 1 8 0.00000000E+00 9 0.705860317 10 0.178041220 40 0.125051603 8 1.90075079E-03 11 -1.17171006E-02 37 1.05693974E-02 7 -9.73497797E-03 36 2.87760722E-05
 147587 1 8 0.00000000E+00 9 0.599786937 10 0.358786702 40 5.27933836E-02 8 -3.64574837E-04 11 -9.97165497E-03 37 -3.96608049E-03 7 3.49371112E-03 36 -5.58452622E-04
 147588 1 8 0.00000000E+00 10 0.548295915 9 0.456514657 40 -1.47860469E-02 8 1.33187156E-02 11 -3.24605452E-03 37 -1.59340277E-02 7 1.65614132E-02 36 -7.24547543E-04
 147589 1 8 0.00000000E+00 10 0.687045395 9 0.336223334 40 -6.62009418E-02 8 2.89096944E-02 11 1.13886129E-02 37 -2.78492440E-02 7 3.09778154E-02 36 -4.94624779E-04
 147590 1 8 0.00000000E+00 10 0.752946138 9 0.257387042 40 -9.35234502E-02 8 4.26533483E-02 11 3.40932086E-02 37 -4.09917831E-02 7 4.73681875E-02 36 6.73024042E-05
 148285 1 8 0.00000000E+00 9 0.490699619 40 0.417867780 10 -5.02962768E-02 8 0.108044334 37 8.23911056E-02 11 5.46409457E-04 7 -5.53418994E-02 36 6.08893391E-03
 148286 1 8 0.00000000E+00 9 0.527657688 40 0.380514085 10 1.55290356E-02 8 6.69216439E-02 11 -9.05517768E-03 37 5.57084084E-02 7 -4.05790657E-02 36 3.30336089E-03
 148287 1 8 0.00000000E+00 9 0.540318310 10 0.115618631 40 0.322835982 8 2.86507476E-02 11 -1.54006481E-02 37 3.34819630E-02 7 -2.68721804E-02 36 1.36720447E-03
 148288 1 8 0.00000000E+00 9 0.504321158 10 0.265183955 40 0.243689716 8 2.97647575E-03 11 -1.77777354E-02 37 1.62523631E-02 7 -1.47981038E-02 36 1.52185574E-04
 148289 1 8 0.00000000E+00 10 0.466751039 9 0.408920437 40 0.146001711 8 -4.64705750E-03 11 -1.59284752E-02 37 3.87065602E-03 7 -4.51867236E-03 36 -4.49643558E-04
 148290 1 8 0.00000000E+00 10 0.689466953 9 0.279896170 40 3.96280028E-02 8 7.97960325E-04 11 -8.90636537E-03 37 -5.17664291E-03 7 4.80370782E-03 36 -5.09765989E-04
 148291 1 8 0.00000000E+00 10 0.840550542 9 0.177462995 40 -3.88157256E-02 8 1.16044953E-02 11 8.26128852E-03 37 -1.54882763E-02 7 1.67414006E-02 36 -3.16704449E-04
 148292 1 8 0.00000000E+00 10 0.861430645 9 0.138037235 40 -6.41027912E-02 8 2.32626069E-02 11 3.80063429E-02 37 -3.01562045E-02 7 3.35991308E-02 36 -7.69758844E-05
 148988 1 8 0.00000000E+00 40 0.509943247 9 0.401379138 10 2.44621225E-02 8 5.14437258E-02 11 -6.82518817E-03 37 5.53630590E-02 7 -3.97879817E-02 36 4.02189232E-03
 148989 1 8 0.00000000E+00 40 0.466609269 9 0.383723646 10 0.134399384 8 2.27568727E-02 11 -1.62707083E-02 37 3.38327736E-02 7 -2.67449226E-02 36 1.69370184E-03
 148990 1 8 0.00000000E+00 10 0.295547843 40 0.387685955 9 0.331603378 8 2.81160278E-03 11 -1.94950327E-02 37 1.76853500E-02 7 -1.60412565E-02 36 2.02131749E-04
 148991 1 8 0.00000000E+00 10 0.512686789 40 0.270396829 9 0.240130931 8 -5.79829561E-03 11 -1.59899630E-02 37 7.19235837E-03 7 -8.12026486E-03 36 -4.98369045E-04
 148992 1 8 0.00000000E+00 10 0.777155995 40 0.122873746 9 0.114098012 8 -4.75875055E-03 11 -7.80512812E-03 37 1.60301267E-03 7 -2.69917562E-03 36 -4.67681850E-04
 148993 1 8 0.00000000E+00 10 0.981129050 40 -2.21435237E-03 9 9.41653736E-03 8 1.94032595E-03 11 9.76433326E-03 37 -4.83951019E-03 7 4.94244415E-03 36 -1.38837640E-04
 148994 1 8 0.00000000E+00 10 0.915874779 40 -9.49950237E-03 9 3.17369066E-02 8 1.06333392E-02 11 5.04200570E-02 37 -2.28178669E-02 7 2.40030754E-02 36 -3.50803690E-04
 149690 1 8 0.00000000E+00 40 0.647592187 9 0.284780860 10 6.54280791E-03 8 4.04738821E-02 11 4.37399896E-04 37 5.25483042E-02 7 -3.70433927E-02 36 4.66794008E-03
 149691 1 8 0.00000000E+00 40 0.630348742 10 0.106841289 9 0.248892352 8 1.79155152E-02 11 -1.28764063E-02 37 3.05584185E-02 7 -2.36005578E-02 36 1.92067435E-03
 149692 1 8 0.00000000E+00 40 0.561557949 10 0.258517951 9 0.192838550 8 1.73215521E-03 11 -1.60129294E-02 37 1.44693628E-02 7 -1.32051297E-02 36 1.02107857E-04
 149693 1 8 0.00000000E+00 10 0.463701814 40 0.433513761 9 0.118272103 8 -6.51089661E-03 11 -6.55941991E-03 37 4.78597498E-03 7 -6.40051346E-03 36 -8.02808674E-04
 149694 1 8 0.00000000E+00 10 0.689132631 40 0.277693540 9 3.25684287E-02 8 -7.54628330E-03 11 1.26470160E-02 37 -1.49069482E-03 7 -1.84948405E-03 13 -1.15517981E-03
 149695 1 8 0.00000000E+00 10 0.839871943 40 0.151871979 9 -2.43221894E-02 11 3.66518311E-02 8 -3.77241964E-03 37 -9.20054037E-03 7 6.12330297E-03 13 2.77609820E-03
 149696 1 8 0.00000000E+00 10 0.856082261 40 8.88658687E-02 9 -2.33721063E-02 11 6.84772655E-02 8 2.64422433E-03 37 -2.21933555E-02 7 1.96457803E-02 13 9.85007174E-03
 150393 1 8 0.00000000E+00 40 0.803836048 10 4.05508131E-02 9 0.137399063 8 1.36058982E-02 11 -3.83434258E-03 37 2.45644152E-02 7 -1.82059929E-02 36 2.08407687E-03
 150394 1 8 0.00000000E+00 40 0.759872854 10 0.164808407 9 8.31108391E-02 11 -6.30179513E-03 8 1.90905448E-05 37 7.27623235E-03 7 -6.96199248E-03 13 -1.82365300E-03
 150395 1 8 0.00000000E+00 40 0.609099984 10 0.354053617 9 3.48053463E-02 11 1.46184061E-02 8 -7.13743456E-03 37 -1.47215405E-03 7 -2.21021241E-03 13 -1.75757334E-03
 150396 1 8 0.00000000E+00 10 0.544215977 40 0.438048661 9 -1.15186470E-02 11 4.35755923E-02 8 -9.02356301E-03 37 -7.24744936E-03 7 2.04991363E-03 13 -1.00483136E-04
 150397 1 8 0.00000000E+00 10 0.679217458 40 0.296582967 9 -4.19824384E-02 11 7.47376904E-02 8 -6.99882908E-03 37 -1.43619142E-02 7 8.87957960E-03 13 3.92551161E-03
 150398 1 8 0.00000000E+00 10 0.739432514 40 0.197463572 9 -4.70763519E-02 11 0.107058339 8 -2.41461676E-03 37 -2.41229124E-02 7 1.90691184E-02 13 1.05903205E-02
 150399 1 8 0.00000000E+00 10 0.751063704 40 0.128969133 9 -3.72922122E-02 11 0.137974188 8 3.60728428E-03 37 -3.52647454E-02 7 3.13778482E-02 13 1.95647851E-02
 151096 1 8 0.00000000E+00 40 0.947452545 10 4.81091551E-02 9 -1.62511982E-03 11 9.25439689E-03 8 -1.79959182E-03 37 -1.07990974E-03 7 8.22909860E-05 13 -3.93781927E-04
 151097 1 8 0.00000000E+00 40 0.736733675 10 0.245067447 9 -1.92127153E-02 11 5.00514731E-02 8 -7.45186768E-03 37 -5.76699805E-03 7 1.50405581E-03 13 -9.25102504E-04
 151098 1 8 0.00000000E+00 40 0.552520275 10 0.415941954 9 -4.09794226E-02 11 8.75314772E-02 8 -9.54806246E-03 37 -1.09596197E-02 7 4.84442618E-03 13 6.48985326E-04
 151099 1 8 0.00000000E+00 10 0.543114185 40 0.401643544 9 -5.64169660E-02 11 0.122497045 8 -8.60780943E-03 37 -1.75284948E-02 7 1.06350426E-02 13 4.66346089E-03
 151100 1 8 0.00000000E+00 10 0.620186090 40 0.285519511 9 -5.98420352E-02 11 0.155118003 8 -5.40787959E-03 37 -2.57660784E-02 13 1.12579335E-02 7 1.89344678E-02
 151101 1 8 0.00000000E+00 10 0.657074690 40 0.198241279 9 -5.34924828E-02 11 0.184606880 8 -7.33889872E-04 13 2.03039069E-02 37 -3.51420455E-02 7 2.91416608E-02
 151799 1 8 0.00000000E+00 40 0.758922756 10 0.181667536 9 -4.21476401E-02 11 0.112100847 8 -6.86010858E-03 37 -3.93316709E-03 13 -7.10189342E-04 7 9.59935540E-04
 151800 1 8 0.00000000E+00 40 0.601769149 10 0.321208090 9 -5.60238436E-02 11 0.147220463 8 -9.26375855E-03 37 -1.10452855E-02 13 8.82430060E-04 7 5.25273010E-03
 151801 1 8 0.00000000E+00 40 0.460088938 10 0.434794962 9 -6.46626204E-02 11 0.181253552 8 -9.11477767E-03 13 4.92835417E-03 37 -1.81925222E-02 7 1.09041203E-02
 151802 1 8 0.00000000E+00 10 0.514869630 40 0.342325896 9 -6.63312823E-02 11 0.212263077 8 -6.97663985E-03 13 1.16313035E-02 37 -2.60636937E-02 7 1.82817392E-02
 151803 1 8 0.00000000E+00 10 0.564365745 40 0.247860834 9 -6.16371706E-02 11 0.239286512 8 -3.42179649E-03 13 2.09633280E-02 37 -3.45853791E-02 7 2.71679219E-02
 151804 1 8 0.00000000E+00 10 0.591021180 40 0.172770485 9 -5.29445447E-02 11 0.261662960 8 1.03055942E-03 13 3.27293277E-02 37 -4.33902368E-02 7 3.71202864E-02
 152501 1 8 0.00000000E+00 40 0.719356120 10 0.146227464 9 -4.75632921E-02 11 0.189252645 8 -5.80609264E-03 13 -8.03470088E-04 37 1.23551069E-03 7 -1.89890189E-03
 152502 1 8 0.00000000E+00 40 0.598545372 10 0.254516840 9 -6.00035302E-02 11 0.219213665 8 -8.44164751E-03 13 6.94718503E-04 37 -8.28773528E-03 7 3.76232481E-03
 152503 1 8 0.00000000E+00 40 0.477050811 10 0.350772351 11 0.249746859 9 -6.65940046E-02 8 -8.88417754E-03 13 4.75366274E-03 37 -1.66875608E-02 7 9.84207541E-03
 152504 1 8 0.00000000E+00 40 0.367870986 10 0.426243335 11 0.277589411 9 -6.77985474E-02 8 -7.56552862E-03 13 1.16561186E-02 37 -2.49133687E-02 7 1.69175901E-02
 152505 1 8 0.00000000E+00 10 0.479892313 40 0.274978966 11 0.301118582 9 -6.43348470E-02 8 -4.92458371E-03 13 2.14492381E-02 37 -3.32314260E-02 7 2.50517335E-02
 152506 1 8 0.00000000E+00 10 0.514928699 40 0.198005080 11 0.319560826 9 -5.75751178E-02 8 -1.36990834E-03 13 3.39718238E-02 37 -4.15826552E-02 7 3.40612568E-02
 152507 1 8 0.00000000E+00 10 0.535897434 40 0.134886920 11 0.332720995 9 -4.90392260E-02 8 2.74186721E-03 13 4.89028282E-02 37 -4.97924238E-02 7 4.36816327E-02
 153203 1 8 0.00000000E+00 40 0.661050975 10 0.118313439 11 0.270816088 9 -4.64781038E-02 8 -4.70788684E-03 13 -8.33572529E-04 37 6.90288935E-03 7 -5.06383041E-03
 153204 1 8 0.00000000E+00 40 0.565734744 10 0.204002321 11 0.297982514 9 -5.78460544E-02 8 -7.37345545E-03 13 2.83682661E-04 37 -4.20201570E-03 7 1.41823199E-03
 153205 1 8 0.00000000E+00 40 0.464202344 10 0.284275115 11 0.325239182 9 -6.38948977E-02 8 -8.20216630E-03 13 4.22455557E-03 37 -1.37888370E-02 7 7.94470031E-03
 153206 1 8 0.00000000E+00 40 0.367511809 10 0.352152228 11 0.349511832 9 -6.53757006E-02 8 -7.49686407E-03 13 1.13418261E-02 37 -2.26318892E-02 7 1.49867833E-02
 153207 1 8 0.00000000E+00 40 0.281230092 10 0.405156493 11 0.368945748 9 -6.30875975E-02 8 -5.58741251E-03 13 2.17392482E-02 37 -3.11077666E-02 7 2.27112044E-02
 153208 1 8 0.00000000E+00 10 0.443996668 40 0.207106963 11 0.382703632 9 -5.80229573E-02 8 -2.79496890E-03 13 3.52548026E-02 37 -3.93295027E-02 7 3.10853627E-02
 153209 1 8 0.00000000E+00 10 0.470950723 40 0.144775629 11 0.390713662 9 -5.12380414E-02 8 5.90941170E-04 13 5.15040867E-02 37 -4.72727753E-02 7 3.99757810E-02
 153210 1 8 0.00000000E+00 10 0.488664776 11 0.393433094 40 9.29188132E-02 9 -4.36531380E-02 8 4.32583969E-03 13 6.99583143E-02 37 -5.48692122E-02 7 4.92214859E-02
 153906 1 8 0.00000000E+00 40 0.517934322 10 0.162014320 11 0.379929781 9 -5.26068583E-02 8 -6.22550305E-03 13 -1.79809766E-04 37 2.68095842E-04 7 -1.13432982E-03
 153907 1 8 0.00000000E+00 40 0.432195008 11 0.405224383 10 0.229250491 9 -5.83013184E-02 8 -7.26899644E-03 13 3.42566101E-03 37 -1.01963319E-02 7 5.67111978E-03
 153908 1 8 0.00000000E+00 40 0.347858608 11 0.426354080 10 0.289189100 9 -6.02042601E-02 8 -7.00009847E-03 13 1.07112853E-02 37 -1.96386520E-02 7 1.27299745E-02
 153909 1 8 0.00000000E+00 40 0.270201296 11 0.441513985 10 0.339297414 9 -5.89968637E-02 8 -5.66330971E-03 13 2.18448304E-02 37 -2.84057911E-02 7 2.02084575E-02
 153910 1 8 0.00000000E+00 11 0.449989736 40 0.201743543 10 0.379116118 9 -5.54397590E-02 13 3.66308801E-02 8 -3.50450561E-03 37 -3.66758667E-02 7 2.81398781E-02
 153911 1 8 0.00000000E+00 11 0.452008516 10 0.409494817 40 0.143036261 9 -5.02991155E-02 13 5.45551069E-02 8 -7.54681416E-04 37 -4.45156284E-02 7 3.64747271E-02
 153912 1 8 0.00000000E+00 11 0.448408097 10 0.431874573 40 9.34911817E-02 9 -4.42596078E-02 13 7.49141797E-02 8 2.38320860E-03 37 -5.19326814E-02 7 4.51210700E-02
 154608 1 8 0.00000000E+00 40 0.462458193 11 0.463055968 10 0.124781586 9 -4.57807854E-02 8 -5.07285679E-03 13 -5.22679766E-04 37 4.68626758E-03 7 -3.60567472E-03
 154609 1 8 0.00000000E+00 11 0.487951130 40 0.388255805 10 0.181618124 9 -5.10030426E-02 13 2.43379152E-03 8 -6.20384188E-03 37 -6.36685360E-03 7 3.31490301E-03
 154610 1 8 0.00000000E+00 11 0.506753623 40 0.314531863 10 0.234303042 9 -5.32045737E-02 13 9.77891590E-03 8 -6.23175036E-03 37 -1.62868910E-02 7 1.03557995E-02
 154611 1 8 0.00000000E+00 11 0.517662346 40 0.245743826 10 0.280741960 9 -5.29101267E-02 13 2.17971914E-02 8 -5.33341477E-03 37 -2.53467020E-02 7 1.76449139E-02
 154612 1 8 0.00000000E+00 11 0.520262480 40 0.184366107 10 0.320029080 9 -5.06819226E-02 13 3.82137150E-02 8 -3.69517854E-03 37 -3.37325260E-02 7 2.52382383E-02
 154613 1 8 0.00000000E+00 11 0.515357375 40 0.131178528 10 0.352168024 9 -4.70630787E-02 13 5.82783893E-02 8 -1.49615563E-03 37 -4.15535867E-02 7 3.31305303E-02
 154614 1 8 0.00000000E+00 11 0.504438877 10 0.377723187 40 8.58631358E-02 9 -4.25389707E-02 13 8.10014904E-02 8 1.10241980E-03 37 -4.88692187E-02 7 4.12790477E-02
 154615 1 8 0.00000000E+00 11 0.489149719 10 0.397530854 40 4.75719757E-02 9 -3.75139378E-02 13 0.105388083 8 3.96066206E-03 37 -5.57109714E-02 7 4.96236272E-02
 155310 1 8 0.00000000E+00 11 0.545970619 40 0.403078526 10 9.05127227E-02 9 -3.81119363E-02 13 -4.89608035E-04 8 -3.94824240E-03 37 8.87049735E-03 7 -5.88261662E-03
 155311 1 8 0.00000000E+00 11 0.572228074 40 0.336861372 10 0.138875827 9 -4.27061692E-02 13 1.34109636E-03 8 -5.07674972E-03 37 -2.55951844E-03 7 1.03607227E-03
 155312 1 8 0.00000000E+00 11 0.589735270 40 0.271640927 10 0.185205370 9 -4.50171828E-02 13 8.54691677E-03 8 -5.29243238E-03 37 -1.28248380E-02 7 8.00599437E-03
 155313 1 8 0.00000000E+00 11 0.596396446 40 0.211197719 10 0.227945134 9 -4.54525985E-02 13 2.16477085E-02 8 -4.72651562E-03 37 -2.21216343E-02 7 1.51137244E-02
 155314 1 8 0.00000000E+00 11 0.592280269 40 0.157556713 10 0.266070127 9 -4.44015414E-02 13 4.02137525E-02 8 -3.51582933E-03 37 -3.06169279E-02 7 2.24134419E-02
 155315 1 8 0.00000000E+00 11 0.579248130 40 0.111160897 10 0.299043715 9 -4.21980731E-02 13 6.30526915E-02 8 -1.79179490E-03 37 -3.84428538E-02 7 2.99272798E-02
 155316 1 8 0.00000000E+00 11 0.559863627 40 7.15106204E-02 10 0.326774538 9 -3.91347706E-02 13 8.87086764E-02 8 3.24937952E-04 37 -4.56957705E-02 7 3.76481488E-02
 155317 1 8 0.00000000E+00 11 0.536505520 10 0.349534363 40 3.77504975E-02 9 -3.54833007E-02 13 0.115861237 8 2.72364169E-03 37 -5.24380542E-02 7 4.55460697E-02
 156013 1 8 0.00000000E+00 11 0.657059848 40 0.280837625 10 9.95469689E-02 9 -3.38362567E-02 13 3.16490361E-04 8 -3.92788881E-03 37 1.08822715E-03 7 -1.08503271E-03
 156014 1 8 0.00000000E+00 11 0.674642444 40 0.222017929 10 0.140289053 9 -3.60624231E-02 13 7.00342376E-03 8 -4.24578181E-03 37 -9.41371359E-03 7 5.76909259E-03
 156015 1 8 0.00000000E+00 11 0.676819086 40 0.169230506 10 0.179654568 9 -3.70801948E-02 13 2.14963723E-02 8 -3.92997498E-03 37 -1.88697241E-02 7 1.26793897E-02
 156016 1 8 0.00000000E+00 11 0.664524913 40 0.123797834 10 0.216567308 9 -3.71122956E-02 13 4.30304743E-02 8 -3.07652517E-03 37 -2.74278224E-02 7 1.96961258E-02
 156017 1 8 0.00000000E+00 11 0.641658366 40 8.52045864E-02 10 0.250008523 9 -3.62567641E-02 13 6.95312396E-02 8 -1.76740857E-03 37 -3.52401249E-02 7 2.68616099E-02
 156018 1 8 0.00000000E+00 11 0.612492502 40 5.23026250E-02 10 0.279332578 9 -3.46028022E-02 13 9.87931788E-02 8 -8.07172037E-05 37 -4.24337015E-02 7 3.41963097E-02
 156019 1 8 0.00000000E+00 11 0.580280483 40 2.40304489E-02 10 0.304364800 13 0.129112646 9 -3.22879106E-02 8 1.89870526E-03 37 -4.90941256E-02 7 4.16949317E-02
 156715 1 8 0.00000000E+00 11 0.741140604 40 0.222247154 10 6.28206283E-02 9 -2.46855617E-02 13 -2.37872111E-04 8 -2.78279022E-03 37 4.51434264E-03 7 -3.01651494E-03
 156716 1 8 0.00000000E+00 11 0.761035502 40 0.167583257 10 9.84485894E-02 9 -2.66056731E-02 13 5.12857130E-03 8 -3.13316006E-03 37 -6.15278492E-03 7 3.69571545E-03
 156717 1 8 0.00000000E+00 11 0.757879615 40 0.122008532 10 0.134962007 9 -2.81250775E-02 13 2.15864498E-02 8 -3.01096519E-03 37 -1.56844109E-02 7 1.03838500E-02
 156718 1 8 0.00000000E+00 11 0.734643340 40 8.56308788E-02 10 0.171081960 9 -2.92587616E-02 13 4.74971682E-02 8 -2.47066282E-03 37 -2.42252946E-02 7 1.71013810E-02
 156719 1 8 0.00000000E+00 11 0.699551284 40 5.58676273E-02 10 0.205044478 13 7.88681135E-02 9 -2.97476873E-02 8 -1.53082749E-03 37 -3.19769643E-02 7 2.39239559E-02
 156720 1 8 0.00000000E+00 11 0.659334362 40 3.04796491E-02 10 0.235657454 13 0.112406231 9 -2.94496212E-02 8 -2.30197969E-04 37 -3.90947796E-02 7 3.08969002E-02
 156721 1 8 0.00000000E+00 11 0.617871583 40 8.22001975E-03 10 0.262446254 13 0.146137223 9 -2.84002479E-02 8 1.37321348E-03 37 -4.56773937E-02 7 3.80293317E-02
 157418 1 8 0.00000000E+00 11 0.848582506 40 0.109668143 10 5.89262769E-02 13 2.91026756E-03 9 -1.68197397E-02 8 -1.97986024E-03 37 -3.09821055E-03 7 1.81060517E-03
 157419 1 8 0.00000000E+00 11 0.837490439 40 7.17219263E-02 10 9.33997184E-02 13 2.26821341E-02 9 -1.89030599E-02 8 -2.02441961E-03 37 -1.26055554E-02 7 8.23878776E-03
 157420 1 8 0.00000000E+00 11 0.797984958 40 4.63224016E-02 10 0.129692540 13 5.55287674E-02 9 -2.13437155E-02 8 -1.78648508E-03 37 -2.10140832E-02 7 1.46156009E-02
 157421 1 8 0.00000000E+00 11 0.748048663 40 2.63590347E-02 10 0.164456397 13 9.30856764E-02 9 -2.32075620E-02 8 -1.18594104E-03 37 -2.86435187E-02 7 2.10872646E-02
 157422 1 8 0.00000000E+00 11 0.696372926 40 8.67579598E-03 10 0.196108162 13 0.131191537 9 -2.41706837E-02 8 -2.23717609E-04 37 -3.56697962E-02 7 2.77157519E-02
 157423 1 8 0.00000000E+00 11 0.646220267 40 -7.66619248E-03 10 0.224158004 13 0.168159917 9 -2.42537521E-02 8 1.05012872E-03 37 -4.21830490E-02 7 3.45146991E-02
 157424 1 8 0.00000000E+00 11 0.598836005 40 -2.28926111E-02 10 0.248588234 13 0.203249499 9 -2.35929452E-02 8 2.57335720E-03 37 -4.82315384E-02 7 4.14699838E-02
 158120 1 8 0.00000000E+00 11 0.936666846 40 4.93767112E-02 10 2.12576594E-02 13 4.98835521E-04 9 -6.84199668E-03 8 -8.04197683E-04 37 -2.73655140E-04 7 1.19805285E-04
 158121 1 8 0.00000000E+00 11 0.907678425 40 2.28775721E-02 10 5.56774437E-02 13 2.82339733E-02 9 -1.00370273E-02 8 -1.06192776E-03 37 -9.56875551E-03 7 6.20028516E-03
 158122 1 8 0.00000000E+00 11 0.844264448 40 1.14173582E-02 10 9.35397670E-02 13 7.16127083E-02 9 -1.41614676E-02 8 -1.14906766E-03 37 -1.76982675E-02 7 1.21745439E-02
 158123 1 8 0.00000000E+00 11 0.779834092 40 8.13995604E-04 13 0.115335770 10 0.129003286 9 -1.72677469E-02 8 -8.38119071E-04 37 -2.51839347E-02 7 1.83026660E-02
 158124 1 8 0.00000000E+00 11 0.718871117 40 -1.02541242E-02 13 0.157145575 10 0.161156416 9 -1.92485582E-02 8 -1.53944260E-04 37 -3.21335122E-02 7 2.46170387E-02
 158125 1 8 0.00000000E+00 11 0.662213504 13 0.196453527 40 -2.16350723E-02 10 0.189837441 9 -2.02341303E-02 8 8.47284042E-04 37 -3.85985076E-02 7 3.11159417E-02
 158126 1 8 0.00000000E+00 11 0.609996259 13 0.233023241 40 -3.30214798E-02 10 0.215121076 9 -2.03955919E-02 8 2.10429495E-03 37 -4.46120948E-02 7 3.77842784E-02
 158822 1 8 0.00000000E+00 11 0.975237846 40 9.83921997E-03 13 2.03231107E-02 10 -6.74043782E-03 9 1.22835889E-04 8 -3.84594350E-05 37 3.00320704E-03 7 -1.74733019E-03
 158823 1 8 0.00000000E+00 11 0.929887295 40 -6.47829054E-03 13 5.54869957E-02 10 2.76774205E-02 9 -4.02990729E-03 8 -4.67730773E-04 37 -6.05962193E-03 7 3.98381846E-03
 158824 1 8 0.00000000E+00 11 0.856662393 40 -1.07993074E-02 13 0.103202336 10 6.49504066E-02 9 -8.87338724E-03 8 -7.24647776E-04 37 -1.40737705E-02 7 9.65598691E-03
 158825 1 8 0.00000000E+00 11 0.787290990 13 0.148929805 40 -1.66591741E-02 10 9.95631367E-02 9 -1.25285229E-02 8 -5.87417686E-04 37 -2.15234905E-02 7 1.55146690E-02
 158826 1 8 0.00000000E+00 11 0.722888649 13 0.191928700 40 -2.39203237E-02 10 0.131158590 9 -1.50672058E-02 8 -9.51513503E-05 37 -2.84597483E-02 7 2.15664878E-02
 158827 1 8 0.00000000E+00 11 0.663545191 13 0.231947675 40 -3.21155414E-02 10 0.159666330 9 -1.66325830E-02 8 6.99591998E-04 37 -3.49186063E-02 7 2.78079547E-02
 158828 1 8 0.00000000E+00 11 0.609165192 13 0.268856078 40 -4.08231132E-02 10 0.185141161 9 -1.73806753E-02 8 1.74266368E-03 37 -4.09257635E-02 7 3.42244357E-02
 158829 1 8 0.00000000E+00 11 0.559573650 13 0.302605271 40 -4.97119352E-02 10 0.207718953 9 -1.74604878E-02 8 2.98166042E-03 37 -4.65043150E-02 7 4.07971777E-02
 159525 1 8 0.00000000E+00 11 0.884172559 13 0.113314703 40 -6.84263231E-03 10 1.23443957E-02 9 -2.19614711E-03 8 -4.20444150E-04 37 -1.81458681E-03 7 1.44217734E-03
 159526 1 8 0.00000000E+00 11 0.830325484 13 0.152376384 40 -1.75861679E-02 10 4.43852581E-02 9 -5.85887954E-03 8 -5.75533777E-04 37 -1.00932466E-02 7 7.02666584E-03
 159527 1 8 0.00000000E+00 11 0.768622160 13 0.194574207 40 -2.46971287E-02 10 7.61209577E-02 9 -9.19598993E-03 8 -4.73576540E-04 37 -1.76601186E-02 7 1.27094630E-02
 159528 1 8 0.00000000E+00 11 0.707510650 13 0.235856205 40 -3.13950814E-02 10 0.106008857 9 -1.17892344E-02 8 -8.58884232E-05 37 -2.46598925E-02 7 1.85543559E-02
 159529 1 8 0.00000000E+00 11 0.649633348 13 0.274813235 40 -3.83837670E-02 10 0.133547947 9 -1.35987401E-02 8 5.66714094E-04 37 -3.11558377E-02 7 2.45770924E-02
 159530 1 8 0.00000000E+00 11 0.595918417 13 0.310850680 40 -4.57060710E-02 10 0.158591837 9 -1.46908304E-02 8 1.44649902E-03 37 -3.71858589E-02 7 3.07753477E-02
 159531 1 8 0.00000000E+00 11 0.546664715 13 0.343710452 40 -5.32321669E-02 10 0.181151420 9 -1.51661923E-02 8 2.51235557E-03 37 -4.27774079E-02 7 3.71367894E-02
 160228 1 8 0.00000000E+00 11 0.780467749 13 0.212181255 40 -1.53493751E-02 10 2.90862769E-02 9 -4.21983842E-03 8 -5.86422742E-04 37 -5.97770838E-03 7 4.39809822E-03
 160229 1 8 0.00000000E+00 11 0.729662299 13 0.249548331 40 -2.54809968E-02 10 5.74686490E-02 9 -6.96949428E-03 8 -4.67699341E-04 37 -1.36887571E-02 7 9.92766861E-03
 160230 1 8 0.00000000E+00 11 0.675384104 13 0.287652344 40 -3.34404893E-02 10 8.50505680E-02 9 -9.32735484E-03 8 -1.27383188E-04 37 -2.07848903E-02 7 1.55931208E-02
 160231 1 8 0.00000000E+00 11 0.621812761 13 0.324372768 40 -4.06453274E-02 10 0.111083940 9 -1.11367302E-02 8 4.32801608E-04 37 -2.73454320E-02 7 2.14252397E-02
 160232 1 8 0.00000000E+00 11 0.570971847 13 0.358610600 40 -4.76370491E-02 10 0.135225832 9 -1.23765487E-02 8 1.19152304E-03 37 -3.34180817E-02 7 2.74318457E-02
 160233 1 8 0.00000000E+00 11 0.523812234 13 0.389815241 40 -5.45787811E-02 10 0.157350406 9 -1.30887674E-02 8 2.11785221E-03 37 -3.90357897E-02 7 3.36075947E-02
 160234 1 8 0.00000000E+00 11 0.480710149 13 0.417766958 40 -6.14759140E-02 10 0.177447349 9 -1.33410152E-02 8 3.18303937E-03 37 -4.42270711E-02 7 3.99364941E-02
 160930 1 8 0.00000000E+00 11 0.720263183 13 0.276577443 40 -9.65878367E-03 10 1.66942459E-02 9 -3.17166769E-03 8 -6.57608267E-04 37 -1.91231037E-03 7 1.86552142E-03
 160931 1 8 0.00000000E+00 11 0.678056598 13 0.310317099 40 -2.20812149E-02 10 4.21508066E-02 9 -5.42342244E-03 8 -5.19831665E-04 37 -9.72128659E-03 7 7.22126057E-03
 160932 1 8 0.00000000E+00 11 0.630824804 13 0.345296711 40 -3.16395983E-02 10 6.73875958E-02 9 -7.47176399E-03 8 -2.01630784E-04 37 -1.69062093E-02 7 1.27101103E-02
 160933 1 8 0.00000000E+00 11 0.582602084 13 0.379426301 40 -3.96974348E-02 10 9.16987136E-02 9 -9.15517565E-03 8 2.96535436E-04 37 -2.35337876E-02 7 1.83627680E-02
 160934 1 8 0.00000000E+00 11 0.535861135 13 0.411381721 40 -4.69980240E-02 10 0.114664212 9 -1.04140909E-02 8 9.65803687E-04 37 -2.96551865E-02 7 2.41944473E-02
 160935 1 8 0.00000000E+00 11 0.491996258 13 0.440409273 40 -5.39086200E-02 10 0.136067897 9 -1.12464186E-02 8 1.78191869E-03 37 -3.53045464E-02 7 3.02042160E-02
 160936 1 8 0.00000000E+00 11 0.451698542 13 0.466166407 40 -6.05848469E-02 10 0.155815318 9 -1.16850222E-02 8 2.72381422E-03 37 -4.05138358E-02 7 3.63796167E-02
 161632 1 8 0.00000000E+00 11 0.655781150 13 0.342708051 40 -2.93593039E-03 10 6.06859382E-03 9 -2.36930815E-03 8 -7.47334387E-04 37 2.02283193E-03 7 -5.28038654E-04
 161633 1 8 0.00000000E+00 11 0.619293451 13 0.374308825 40 -1.66541077E-02 10 2.91084517E-02 9 -4.25273227E-03 8 -5.95512276E-04 37 -5.83709450E-03 7 4.62873420E-03
 161634 1 8 0.00000000E+00 11 0.577825129 13 0.406915575 40 -2.74871737E-02 10 5.22092655E-02 9 -6.01655245E-03 8 -2.91272270E-04 37 -1.30835008E-02 7 9.92851611E-03
 161635 1 8 0.00000000E+00 11 0.534731448 13 0.438686848 40 -3.64819244E-02 10 7.48002678E-02 9 -7.53598427E-03 8 1.64669516E-04 37 -1.97669789E-02 7 1.54016456E-02
 161636 1 8 0.00000000E+00 11 0.492441684 13 0.468276620 40 -4.43568416E-02 10 9.64837521E-02 9 -8.74560792E-03 8 7.64540571E-04 37 -2.59306617E-02 7 2.10665129E-02
 161637 1 8 0.00000000E+00 11 0.452510476 13 0.494848043 40 -5.15513755E-02 10 0.117005095 9 -9.62091703E-03 8 1.49186270E-03 37 -3.16081643E-02 7 2.69249938E-02
 161638 1 8 0.00000000E+00 13 0.518012226 11 0.415787190 40 -5.83103858E-02 10 0.136218652 9 -1.01722181E-02 8 2.33016699E-03 37 -3.68321352E-02 7 3.29665206E-02
 161639 1 8 0.00000000E+00 13 0.537732899 11 0.382600844 40 -6.47565350E-02 10 0.154051334 9 -1.04243159E-02 8 3.26007325E-03 37 -4.16336954E-02 7 3.91693711E-02
 162335 1 8 0.00000000E+00 11 0.556652844 13 0.439924866 40 -1.03967404E-02 10 1.76912714E-02 9 -3.28899710E-03 8 -6.77558943E-04 37 -2.07662699E-03 7 2.17093271E-03
 162336 1 8 0.00000000E+00 11 0.519345403 13 0.471092135 40 -2.20500920E-02 10 3.89052927E-02 9 -4.81645623E-03 8 -3.82220955E-04 37 -9.35907941E-03 7 7.26499222E-03
 162337 1 8 0.00000000E+00 13 0.501041889 11 0.480551988 40 -3.18134539E-02 10 5.98807149E-02 9 -6.17328100E-03 8 4.28981330E-05 37 -1.60817020E-02 7 1.25509640E-02
 162338 1 8 0.00000000E+00 13 0.528448224 11 0.442498088 40 -4.02873047E-02 10 8.02813619E-02 9 -7.30395457E-03 8 5.88282710E-04 37 -2.22756863E-02 7 1.80510078E-02
 162339 1 8 0.00000000E+00 13 0.552461147 11 0.406714112 40 -4.78934944E-02 10 9.98568535E-02 9 -8.17957986E-03 8 1.24262460E-03 37 -2.79706232E-02 7 2.37689298E-02
 162340 1 8 0.00000000E+00 13 0.572727203 11 0.374051005 40 -5.49063422E-02 10 0.118434869 9 -8.79333448E-03 8 1.99207198E-03 37 -3.32001373E-02 7 2.96946559E-02
 162341 1 8 0.00000000E+00 13 0.589309514 11 0.344803452 40 -6.14880025E-02 10 0.135904372 9 -9.15723760E-03 8 2.82260752E-03 37 -3.79970521E-02 7 3.58023234E-02
 163037 1 8 0.00000000E+00 13 0.506114364 11 0.492106169 40 -3.92626273E-03 10 7.50116166E-03 9 -2.44105677E-03 8 -7.58645707E-04 37 1.54321268E-03 7 -1.38969219E-04
 163038 1 8 0.00000000E+00 13 0.536802649 11 0.457424909 40 -1.60041992E-02 10 2.70470399E-02 9 -3.77593073E-03 8 -4.67391859E-04 37 -5.75638749E-03 7 4.72933892E-03
 163039 1 8 0.00000000E+00 13 0.565619349 11 0.421877295 40 -2.62973122E-02 10 4.65395898E-02 9 -4.98629734E-03 8 -6.56608463E-05 37 -1.25034368E-02 7 9.81645845E-03
 163040 1 8 0.00000000E+00 13 0.591179788 11 0.387541622 40 -3.52727398E-02 10 6.57097325E-02 9 -6.02978095E-03 8 4.35955066E-04 37 -1.87137369E-02 7 1.51491780E-02
 163041 1 8 0.00000000E+00 13 0.612620354 11 0.355870962 40 -4.33000214E-02 10 8.43395516E-02 9 -6.88325660E-03 8 1.02820073E-03 37 -2.44135521E-02 7 2.07377486E-02
 163042 1 8 0.00000000E+00 13 0.629702449 11 0.327588201 40 -5.06383479E-02 10 0.102245644 9 -7.53138307E-03 8 1.70004100E-03 37 -2.96338629E-02 7 2.65672356E-02
 163043 1 8 0.00000000E+00 13 0.642709911 11 0.302800566 40 -5.74575551E-02 10 0.119288191 9 -7.97545072E-03 8 2.44301185E-03 37 -3.44123095E-02 7 3.26036587E-02
 163739 1 8 0.00000000E+00 13 0.572031617 11 0.426999062 40 2.44356389E-03 10 -1.70603313E-03 9 -1.66511838E-03 8 -8.37009051E-04 37 5.01967547E-03 7 -2.28574104E-03
 163740 1 8 0.00000000E+00 13 0.603244424 11 0.393507600 40 -9.75685194E-03 10 1.63424909E-02 9 -2.83758109E-03 8 -5.44381386E-04 37 -2.28784187E-03 7 2.33216677E-03
 163741 1 8 0.00000000E+00 13 0.631748140 11 0.360051006 40 -2.03456320E-02 10 3.44704166E-02 9 -3.91725497E-03 8 -1.58526964E-04 37 -9.04789008E-03 7 7.19975168E-03
 163742 1 8 0.00000000E+00 13 0.655901849 11 0.328769028 40 -2.96856053E-02 10 5.24878614E-02 9 -4.87854518E-03 8 3.08406277E-04 37 -1.52637670E-02 7 1.23607656E-02
 163743 1 8 0.00000000E+00 13 0.674757361 11 0.301088452 40 -3.80805172E-02 10 7.02102780E-02 9 -5.70099568E-03 8 8.45898874E-04 37 -2.09513959E-02 7 1.78309344E-02
 163744 1 8 0.00000000E+00 13 0.688287556 11 0.277487725 40 -4.57554795E-02 10 8.74556676E-02 9 -6.36838982E-03 8 1.44758599E-03 37 -2.61430517E-02 7 2.35883985E-02
 163745 1 8 0.00000000E+00 13 0.697192252 11 0.257676125 40 -5.28603792E-02 10 0.104055740 9 -6.87255943E-03 8 2.10879697E-03 37 -3.08824945E-02 7 2.95825005E-02
 164441 1 8 0.00000000E+00 13 0.636772990 11 0.362494320 40 8.54951888E-03 10 -1.00749880E-02 9 -9.42105602E-04 8 -9.13571159E-04 37 8.36149137E-03 7 -4.24763886E-03
 164442 1 8 0.00000000E+00 13 0.669638336 11 0.328763902 40 -3.54790222E-03 10 6.59589982E-03 9 -1.97139173E-03 8 -6.13232027E-04 37 1.04816095E-03 7 8.62013767E-05
 164443 1 8 0.00000000E+00 13 0.698868275 11 0.296098232 40 -1.42309051E-02 10 2.34512724E-02 9 -2.93214573E-03 8 -2.35266256E-04 37 -5.72572369E-03 7 4.70625563E-03
 164444 1 8 0.00000000E+00 13 0.722179890 11 0.267090142 40 -2.37918906E-02 10 4.03864793E-02 9 -3.81354173E-03 8 2.03210206E-04 37 -1.19381789E-02 7 9.68391448E-03
 164445 1 8 0.00000000E+00 13 0.738337755 11 0.243333355 40 -3.24794315E-02 10 5.72661459E-02 9 -4.60623251E-03 8 6.91846712E-04 37 -1.75951477E-02 7 1.50516788E-02
 164446 1 8 0.00000000E+00 13 0.747718692 11 0.224874318 40 -4.04730625E-02 10 7.39032999E-02 9 -5.28977579E-03 8 1.22756325E-03 37 -2.27313992E-02 7 2.07703672E-02
 164447 1 8 0.00000000E+00 13 0.751807272 11 0.210667893 40 -4.78815064E-02 10 9.00866687E-02 9 -5.84462332E-03 8 1.81040727E-03 37 -2.74061989E-02 7 2.67600846E-02
 165143 1 8 0.00000000E+00 13 0.699103177 11 0.299932092 40 1.42963026E-02 10 -1.76782720E-02 9 -2.64559611E-04 8 -9.95975570E-04 37 1.15940673E-02 7 -5.98686095E-03
 165144 1 8 0.00000000E+00 13 0.734949231 11 0.264444649 40 2.47079413E-03 10 -2.30943551E-03 9 -1.16095622E-03 8 -6.79849938E-04 37 4.26444365E-03 7 -1.97883486E-03
 165145 1 8 0.00000000E+00 13 0.766387999 11 0.230920851 40 -8.13082233E-03 10 1.33176129E-02 9 -2.00447254E-03 8 -2.98740400E-04 37 -2.53426377E-03 7 2.34183995E-03
 165146 1 8 0.00000000E+00 13 0.789685249 11 0.203187481 40 -1.77752022E-02 10 2.92227734E-02 9 -2.81047821E-03 8 1.20997909E-04 37 -8.74532666E-03 7 7.11448817E-03
 165147 1 8 0.00000000E+00 13 0.802763402 11 0.183532342 40 -2.66870726E-02 10 4.53492142E-02 9 -3.57976137E-03 8 5.63500216E-04 37 -1.43466881E-02 7 1.24050612E-02
 165148 1 8 0.00000000E+00 13 0.806915522 11 0.171095341 40 -3.49785537E-02 10 6.14731424E-02 9 -4.28635208E-03 8 1.03107595E-03 37 -1.93914752E-02 7 1.81412902E-02
 165149 1 8 0.00000000E+00 13 0.805210412 11 0.163331732 40 -4.26935926E-02 10 7.73016885E-02 9 -4.89285775E-03 8 1.53656246E-03 37 -2.39686966E-02 7 2.41747443E-02
 165845 1 8 0.00000000E+00 13 0.757098436 11 0.241213873 40 1.96092799E-02 10 -2.45080367E-02 9 3.55270633E-04 8 -1.09581253E-03 37 1.47592053E-02 7 -7.43219210E-03
 165846 1 8 0.00000000E+00 13 0.797340691 11 0.202441052 40 8.18281341E-03 10 -1.04004061E-02 9 -4.08488355E-04 8 -7.53496948E-04 37 7.39782769E-03 7 -3.79996118E-03
 165847 1 8 0.00000000E+00 13 0.833325982 11 0.165674448 40 -2.17114436E-03 10 3.97821981E-03 9 -1.12787425E-03 8 -3.53202253E-04 37 5.37578191E-04 7 1.36008704E-04
 165848 1 8 0.00000000E+00 13 0.858172476 11 0.137567788 40 -1.17623638E-02 10 1.88558046E-02 9 -1.85122190E-03 8 5.90992713E-05 37 -5.68818068E-03 7 4.64657927E-03
 165849 1 8 0.00000000E+00 13 0.867052615 11 0.122881927 40 -2.08541900E-02 10 3.43576521E-02 9 -2.61183409E-03 8 4.51429398E-04 37 -1.11955944E-02 7 9.91798472E-03
 165850 1 8 0.00000000E+00 13 0.863975644 11 0.118192196 40 -2.94467397E-02 10 5.01229800E-02 9 -3.36014410E-03 8 8.44176335E-04 37 -1.60925910E-02 7 1.57644823E-02
 166548 1 8 0.00000000E+00 13 0.853025198 11 0.146385446 40 1.34524517E-02 10 -1.75628979E-02 9 2.55328458E-04 8 -8.57346167E-04 37 1.05287740E-02 7 -5.22695389E-03
 166549 1 8 0.00000000E+00 13 0.896850109 11 0.103152521 40 3.51104559E-03 10 -4.52439766E-03 9 -3.16640653E-04 8 -4.16462746E-04 37 3.54933366E-03 7 -1.80551282E-03
 166550 1 8 0.00000000E+00 13 0.927455306 11 7.06106201E-02 40 -5.83237968E-03 10 9.16703045E-03 9 -9.22752602E-04 8 1.68920542E-05 37 -2.77049886E-03 7 2.27578310E-03
 166551 1 8 0.00000000E+00 13 0.928422332 11 6.41793981E-02 40 -1.51476022E-02 10 2.43197512E-02 9 -1.71762204E-03 8 3.40369530E-04 37 -8.09014309E-03 7 7.69350864E-03
 166552 1 8 0.00000000E+00 13 0.915011466 11 6.99862912E-02 40 -2.40802355E-02 10 3.99495997E-02 9 -2.53988802E-03 8 6.43416482E-04 37 -1.27595039E-02 7 1.37888249E-02
 167250 1 8 0.00000000E+00 13 0.895281017 11 0.102582224 40 1.80704333E-02 10 -2.34911982E-02 9 7.71854364E-04 8 -1.03263394E-03 37 1.38073275E-02 7 -5.98901557E-03
 167251 1 8 0.00000000E+00 13 0.945408523 11 5.41611724E-02 40 8.54774006E-03 10 -1.16253998E-02 9 3.22741631E-04 8 -5.59593609E-04 37 6.75271638E-03 7 -3.00790765E-03
 167252 1 8 0.00000000E+00 13 0.997244537 11 2.73626484E-03 40 -3.89884481E-05 10 7.18091032E-05 9 -2.02111496E-05 8 -6.81447000E-06 37 1.04952906E-05 7 2.92069080E-06
 167253 1 8 0.00000000E+00 13 0.975176990 11 1.84091330E-02 40 -9.96770523E-03 10 1.57966726E-02 9 -1.00368808E-03 8 1.55943271E-04 37 -4.77987202E-03 7 6.21253904E-03
 167254 1 8 0.00000000E+00 13 0.953067780 11 3.30883935E-02 40 -1.91451926E-02 10 3.12404744E-02 9 -1.88295380E-03 8 3.82014259E-04 37 -9.24736168E-03 7 1.24968495E-02
 167952 1 8 0.00000000E+00 13 0.919311166 11 7.55290240E-02 40 2.19027605E-02 10 -2.79788803E-02 9 1.09670870E-03 8 -1.30965060E-03 37 1.73414834E-02 7 -5.89261856E-03
 167953 1 8 0.00000000E+00 13 0.962038279 11 3.44744213E-02 40 1.24290669E-02 10 -1.64336301E-02 9 6.26712514E-04 8 -8.87042552E-04 37 1.05186244E-02 7 -2.76643038E-03
 167954 1 8 0.00000000E+00 13 0.991424680 11 4.43260046E-03 40 3.35937319E-03 10 -4.17845789E-03 9 1.06282750E-04 8 -4.83859854E-04 37 4.31859680E-03 7 1.02080626E-03
 167955 1 8 0.00000000E+00 13 0.989461780 11 2.21198890E-03 40 -5.87613136E-03 10 9.71595012E-03 9 -6.39359409E-04 8 -2.12290892E-04 37 -8.76055972E-04 7 6.21413905E-03
 167956 1 8 0.00000000E+00 13 0.973090649 11 1.23146800E-02 40 -1.48343220E-02 10 2.41950527E-02 9 -1.43426436E-03 8 2.80887543E-05 37 -5.44652715E-03 7 1.20866271E-02
 168654 1 8 0.00000000E+00 13 0.929316103 11 6.13859817E-02 40 2.50820778E-02 10 -3.13169435E-02 9 1.27516466E-03 8 -1.66224909E-03 37 2.10404396E-02 7 -5.12056146E-03
 168655 1 8 0.00000000E+00 13 0.962195396 11 2.98684780E-02 40 1.56051200E-02 10 -1.98895894E-02 9 7.54018489E-04 8 -1.30445347E-03 37 1.45112192E-02 7 -1.74017111E-03
 168656 1 8 0.00000000E+00 13 0.983267903 11 8.04199278E-03 40 6.49734959E-03 10 -7.82529917E-03 9 1.91550207E-04 8 -9.61380953E-04 37 8.55179224E-03 7 2.23608082E-03
 168657 1 8 0.00000000E+00 13 0.987504303 11 6.87497552E-04 40 -2.41952646E-03 10 5.08027989E-03 9 -4.58219991E-04 8 -6.65766362E-04 37 3.26493592E-03 7 7.00648315E-03
 168658 1 8 0.00000000E+00 13 0.979380965 11 3.80323362E-03 40 -1.10516725E-02 10 1.84918642E-02 9 -1.14522036E-03 8 -3.91898793E-04 37 -1.45743636E-03 7 1.23701934E-02
 169356 1 8 0.00000000E+00 13 0.932029843 11 5.39585352E-02 40 2.78189089E-02 10 -3.39313708E-02 9 1.37580780E-03 8 -2.04925495E-03 37 2.47625876E-02 7 -3.96508304E-03
 169357 1 8 0.00000000E+00 13 0.958260715 11 2.89451201E-02 40 1.84457339E-02 10 -2.27512773E-02 9 8.30979669E-04 8 -1.73573336E-03 37 1.84612144E-02 7 -4.56743932E-04
 169358 1 8 0.00000000E+00 13 0.975504637 11 1.11062648E-02 40 9.44876485E-03 10 -1.10805333E-02 9 2.66991410E-04 8 -1.42382819E-03 37 1.26515981E-02 7 3.52611672E-03
 169359 1 8 0.00000000E+00 13 0.981814563 11 2.34911637E-03 40 7.55183981E-04 10 1.11527287E-03 9 -3.30123788E-04 8 -1.12728355E-03 37 7.36935809E-03 7 8.05388670E-03
 169360 1 8 0.00000000E+00 13 0.978780270 11 1.31930888E-03 40 -7.61785544E-03 10 1.36780888E-02 9 -9.41710547E-04 8 -8.38734151E-04 37 2.57257908E-03 7 1.30480696E-02
 170059 1 8 0.00000000E+00 13 0.953134596 11 2.90604644E-02 40 2.10407972E-02 10 -2.52256021E-02 9 8.89846822E-04 8 -2.16328632E-03 37 2.23088916E-02 7 9.54312331E-04
 170060 1 8 0.00000000E+00 13 0.968080640 11 1.37254568E-02 40 1.22156106E-02 10 -1.39931878E-02 9 3.37213482E-04 8 -1.87209609E-03 37 1.66203026E-02 7 4.88605211E-03
 170061 1 8 0.00000000E+00 13 0.975170553 11 4.69105924E-03 40 3.72477598E-03 10 -2.39022099E-03 9 -2.24334202E-04 8 -1.58143614E-03 37 1.13779185E-02 7 9.23168566E-03
 170062 1 8 0.00000000E+00 13 0.975087166 11 1.42269128E-03 40 -4.42844536E-03 10 9.47955251E-03 9 -7.84082978E-04 8 -1.28885615E-03 37 6.55878847E-03 7 1.39531726E-02
 170761 1 8 0.00000000E+00 13 0.947607100 11 2.95101739E-02 40 2.34262645E-02 10 -2.73943730E-02 9 9.40285681E-04 8 -2.58419313E-03 37 2.60424819E-02 7 2.45226454E-03
 170762 1 8 0.00000000E+00 13 0.960952163 11 1.59782562E-02 40 1.48005821E-02 10 -1.65987983E-02 9 4.02200647E-04 8 -2.30753166E-03 37 2.04628520E-02 7 6.31027995E-03
 170763 1 8 0.00000000E+00 13 0.968299091 11 7.09012803E-03 40 6.51046028E-03 10 -5.52328024E-03 9 -1.29862688E-04 8 -2.02459679E-03 37 1.52749997E-02 7 1.05030406E-02
 170764 1 8 0.00000000E+00 13 0.969976485 11 2.62351916E-03 40 -1.44338293E-03 10 5.75545523E-03 9 -6.51302631E-04 8 -1.73296360E-03 37 1.04653137E-02 7 1.50068784E-02
 171463 1 8 0.00000000E+00 13 0.941955030 11 3.00594717E-02 40 2.56219357E-02 10 -2.93036383E-02 9 9.83432517E-04 8 -2.99410708E-03 37 2.96578910E-02 7 4.01999895E-03
 171464 1 8 0.00000000E+00 13 0.954082727 11 1.79285984E-02 40 1.72083452E-02 10 -1.89291164E-02 9 4.63074422E-04 8 -2.73045991E-03 37 2.41824538E-02 7 7.79437413E-03
 171465 1 8 0.00000000E+00 13 0.961442530 11 9.36103147E-03 40 9.12240893E-03 10 -8.33479222E-03 9 -4.47335879E-05 8 -2.45472207E-03 37 1.90585610E-02 7 1.18497266E-02
 171466 1 8 0.00000000E+00 13 0.964201987 11 4.27116221E-03 40 1.36031432E-03 10 2.42141634E-03 9 -5.35712519E-04 8 -2.16762070E-03 37 1.42774666E-02 7 1.61709972E-02
 172166 1 8 0.00000000E+00 13 0.947443008 11 1.96263604E-02 40 1.94496680E-02 10 -2.10154373E-02 9 5.21060952E-04 8 -3.14117153E-03 37 2.77832355E-02 7 9.33330599E-03
 172167 1 8 0.00000000E+00 13 0.954692125 11 1.14497067E-02 40 1.15674175E-02 10 -1.08627137E-02 9 3.49442671E-05 8 -2.87287333E-03 37 2.27293558E-02 7 1.32620130E-02
 172168 1 8 0.00000000E+00 13 0.958127260 11 6.06705248E-03 40 3.99338687E-03 10 -5.77832572E-04 9 -4.30393586E-04 8 -2.59221392E-03 37 1.79895684E-02 7 1.74231920E-02
 172169 1 8 0.00000000E+00 13 0.958119631 11 3.19800363E-03 40 -3.26705026E-03 10 9.77361389E-03 9 -8.70504184E-04 8 -2.29750737E-03 37 1.35526462E-02 7 2.17911806E-02
 172170 1 8 0.00000000E+00 13 0.955216050 11 2.40350352E-03 40 -1.02096014E-02 10 2.01203786E-02 9 -1.27876108E-03 8 -1.98811619E-03 37 9.40261409E-03 7 2.63339467E-02
 172868 1 8 0.00000000E+00 13 0.941008031 11 2.11128928E-02 40 2.15321500E-02 10 -2.28817444E-02 9 5.77072031E-04 8 -3.54031008E-03 37 3.12690027E-02 7 1.09229144E-02
 172869 1 8 0.00000000E+00 13 0.948082149 11 1.33492444E-02 40 1.38543611E-02 10 -1.31388241E-02 9 1.10160254E-04 8 -3.27937724E-03 37 2.62884554E-02 7 1.47338584E-02
 172870 1 8 0.00000000E+00 13 0.951938450 11 7.86929857E-03 40 6.46724086E-03 10 -3.28617287E-03 9 -3.33103642E-04 8 -3.00490926E-03 37 2.15997025E-02 7 1.87494904E-02
 172871 1 8 0.00000000E+00 13 0.952817738 11 4.50436398E-03 40 -6.23810862E-04 10 6.62305811E-03 9 -7.50270032E-04 8 -2.71624979E-03 37 1.71922259E-02 7 2.29529180E-02
 172872 1 8 0.00000000E+00 13 0.951098204 11 2.96294689E-03 40 -7.41754193E-03 10 1.65322702E-02 9 -1.13760715E-03 8 -2.41304678E-03 37 1.30545935E-02 7 2.73202099E-02
 172873 1 8 0.00000000E+00 13 0.947222590 11 2.89481343E-03 40 -1.39120584E-02 10 2.63819266E-02 9 -1.49041531E-03 8 -2.09304271E-03 37 9.17311851E-03 7 3.18230614E-02
 173570 1 8 0.00000000E+00 13 0.934757352 11 2.24214755E-02 40 2.34637596E-02 10 -2.45475955E-02 9 6.30106602E-04 8 -3.92838195E-03 37 3.46436761E-02 7 1.25596132E-02
 173571 1 8 0.00000000E+00 13 0.941623986 11 1.50684789E-02 40 1.59909874E-02 10 -1.51894642E-02 9 1.82689182E-04 8 -3.67466151E-03 37 2.97398288E-02 7 1.62581652E-02
 173572 1 8 0.00000000E+00 13 0.945736170 11 9.60918050E-03 40 8.78986157E-03 10 -5.73463319E-03 9 -2.42409078E-04 8 -3.40649555E-03 37 2.51069739E-02 7 2.01413278E-02
 173573 1 8 0.00000000E+00 13 0.947254479 11 5.94276469E-03 40 1.86449126E-03 10 3.76884406E-03 9 -6.39368838E-04 8 -3.12422588E-03 37 2.07372084E-02 7 2.41957922E-02
 173574 1 8 0.00000000E+00 13 0.946446121 11 3.87180015E-03 40 -4.77991858E-03 10 1.32734468E-02 9 -1.00894098E-03 8 -2.82685109E-03 37 1.66218635E-02 7 2.84025073E-02
 173575 1 8 0.00000000E+00 13 0.943640351 11 3.14438646E-03 40 -1.11450786E-02 10 2.27306541E-02 9 -1.34580827E-03 8 -2.51455046E-03 37 1.27515392E-02 7 3.27385291E-02
 173576 1 8 0.00000000E+00 13 0.939184725 11 3.49065778E-03 40 -1.72273852E-02 10 3.20897922E-02 9 -1.64600485E-03 8 -2.18823063E-03 37 9.11301561E-03 7 3.71834263E-02
 174272 1 8 0.00000000E+00 13 0.928673983 11 2.35785339E-02 40 2.52546612E-02 10 -2.60331966E-02 9 6.81714388E-04 8 -4.30610264E-03 37 3.79115231E-02 7 1.42388903E-02
 174273 1 8 0.00000000E+00 13 0.935317755 11 1.66229233E-02 40 1.79836303E-02 10 -1.70341078E-02 9 2.52254657E-04 8 -4.05982416E-03 37 3.30869853E-02 7 1.78303570E-02
 174274 1 8 0.00000000E+00 13 0.939574957 11 1.12573206E-02 40 1.09668970E-02 10 -7.95086659E-03 9 -1.55397254E-04 8 -3.79702239E-03 37 2.85132863E-02 7 2.15908401E-02
 174275 1 8 0.00000000E+00 13 0.941555619 11 7.42083229E-03 40 4.20861598E-03 10 1.17590942E-03 9 -5.35978761E-04 8 -3.52057978E-03 37 2.41867863E-02 7 2.55087763E-02
 174276 1 8 0.00000000E+00 13 0.941451848 11 4.98016085E-03 40 -2.28867237E-03 10 1.03066470E-02 9 -8.89655144E-04 8 -3.22971982E-03 37 2.01023985E-02 7 2.95669772E-02
 174277 1 8 0.00000000E+00 13 0.939510643 11 3.75242741E-03 40 -8.52204300E-03 10 1.93956383E-02 9 -1.21072039E-03 8 -2.92593334E-03 37 1.62496082E-02 7 3.37503962E-02
 174278 1 8 0.00000000E+00 13 0.936003804 11 3.53316986E-03 40 -1.44922500E-02 10 2.84034107E-02 9 -1.49896275E-03 8 -2.60793837E-03 37 1.26204779E-02 7 3.80383022E-02
 174977 1 8 0.00000000E+00 13 0.935800612 11 8.88553169E-03 40 6.41383976E-03 10 -1.18069595E-03 9 -4.38642077E-04 8 -3.90661228E-03 37 2.75434759E-02 7 2.68824715E-02
 174978 1 8 0.00000000E+00 13 0.936243296 11 6.19323738E-03 40 6.44800966E-05 10 7.59901339E-03 9 -7.76135421E-04 8 -3.62324156E-03 37 2.34945808E-02 7 3.08047570E-02
 174979 1 8 0.00000000E+00 13 0.935001433 11 4.59093414E-03 40 -6.03868812E-03 10 1.63457002E-02 9 -1.08438486E-03 8 -3.32659227E-03 37 1.96667127E-02 7 3.48449014E-02
 174980 1 8 0.00000000E+00 13 0.932288826 11 3.92187200E-03 40 -1.18942140E-02 10 2.50233058E-02 9 -1.36261480E-03 8 -3.01657291E-03 37 1.60517301E-02 7 3.89876850E-02
 175681 1 8 0.00000000E+00 13 0.930233061 11 5.57005964E-03 40 -3.68713913E-03 10 1.35523314E-02 9 -9.66257008E-04 8 -3.71517148E-03 37 2.29998920E-02 7 3.60132083E-02
 175682 1 8 0.00000000E+00 13 0.928184271 11 4.54790937E-03 40 -9.42694210E-03 10 2.19171159E-02 9 -1.23341870E-03 8 -3.41366022E-03 37 1.94061380E-02 7 4.00186144E-02
 175683 1 8 0.00000000E+00 13 0.924942374 11 4.25374322E-03 40 -1.49341868E-02 10 3.01904213E-02 9 -1.47077686E-03 8 -3.09963827E-03 37 1.60090476E-02 7 4.41090167E-02
 176383 1 8 0.00000000E+00 13 0.925290883 11 6.63054502E-03 40 -1.46147865E-03 10 1.09899482E-02 9 -8.53065518E-04 8 -4.09448985E-03 37 2.62517836E-02 7 3.72458510E-02
 176384 1 8 0.00000000E+00 13 0.923797429 11 5.33341896E-03 40 -7.08569679E-03 10 1.90605391E-02 9 -1.11097191E-03 8 -3.80013534E-03 37 2.26828046E-02 7 4.11226191E-02
 176385 1 8 0.00000000E+00 13 0.921172559 11 4.71693464E-03 40 -1.24896970E-02 10 2.70502586E-02 9 -1.34070672E-03 8 -3.49530927E-03 37 1.93024278E-02 7 4.50835042E-02
 176386 1 8 0.00000000E+00 13 0.917567134 11 4.67610359E-03 40 -1.76773388E-02 10 3.49335447E-02 9 -1.54003897E-03 8 -3.17923981E-03 37 1.61057282E-02 7 4.91141006E-02
 177085 1 8 0.00000000E+00 13 0.920237958 11 7.72985164E-03 40 6.44323707E-04 10 8.63697100E-03 9 -7.43901706E-04 8 -4.46286984E-03 37 2.94213612E-02 7 3.85363139E-02
 177086 1 8 0.00000000E+00 13 0.919209242 11 6.22089719E-03 40 -4.86323843E-03 10 1.64298564E-02 9 -9.93971596E-04 8 -4.17614682E-03 37 2.58805398E-02 7 4.22928147E-02
 177087 1 8 0.00000000E+00 13 0.917112589 11 5.34529006E-03 40 -1.01652853E-02 10 2.41520349E-02 9 -1.21714605E-03 8 -3.87925981E-03 37 2.25215685E-02 7 4.61301878E-02
 177088 1 8 0.00000000E+00 13 0.914074659 11 5.01590269E-03 40 -1.52615551E-02 10 3.17795835E-02 9 -1.41304091E-03 8 -3.57151427E-03 37 1.93398781E-02 7 5.00360727E-02
 177788 1 8 0.00000000E+00 13 0.914480150 11 7.17095518E-03 40 -2.75686872E-03 10 1.40074622E-02 9 -8.82185181E-04 8 -4.54188371E-03 37 2.90011279E-02 7 4.35212217E-02
 177789 1 8 0.00000000E+00 13 0.912836254 11 6.08726218E-03 40 -7.95425382E-03 10 2.14732531E-02 9 -1.09838764E-03 8 -4.25189175E-03 37 2.56660320E-02 7 4.72417623E-02
 177790 1 8 0.00000000E+00 13 0.910293639 11 5.51887415E-03 40 -1.29585257E-02 10 2.88554784E-02 9 -1.28855731E-03 8 -3.95352766E-03 37 2.25019995E-02 7 5.10306209E-02
 178491 1 8 0.00000000E+00 13 0.908400476 11 6.90553291E-03 40 -5.85251395E-03 10 1.89955868E-02 9 -9.83420876E-04 8 -4.61515738E-03 37 2.87366230E-02 7 4.84128669E-02
 178492 1 8 0.00000000E+00 13 0.906289697 11 6.14078529E-03 40 -1.07640810E-02 10 2.61444543E-02 9 -1.16941519E-03 8 -4.32452420E-03 37 2.55941860E-02 7 5.20888828E-02
 178493 1 8 0.00000000E+00 13 0.903416693 11 5.79872029E-03 40 -1.54926265E-02 10 3.31985988E-02 9 -1.33044494E-03 8 -4.02514031E-03 37 2.26099882E-02 7 5.58242314E-02
 179193 1 8 0.00000000E+00 13 0.903849781 11 7.77182356E-03 40 -3.85576603E-03 10 1.67040844E-02 9 -8.72797391E-04 8 -4.96838288E-03 37 3.17346901E-02 7 4.96365614E-02
 179194 1 8 0.00000000E+00 13 0.902115643 11 6.84665330E-03 40 -8.67377035E-03 10 2.36288831E-02 9 -1.05393189E-03 8 -4.68479190E-03 37 2.86151674E-02 7 5.32061681E-02
 179195 1 8 0.00000000E+00 13 0.899650395 11 6.32170541E-03 40 -1.33190472E-02 10 3.04698497E-02 9 -1.21246243E-03 8 -4.39341133E-03 37 2.56494824E-02 7 5.68334758E-02
 179895 1 8 0.00000000E+00 13 0.899219215 11 8.66486877E-03 40 -1.95918069E-03 10 1.45830214E-02 9 -7.64780329E-04 8 -5.31204278E-03 37 3.46598290E-02 7 5.09090982E-02
 179896 1 8 0.00000000E+00 13 0.897813618 11 7.60981068E-03 40 -6.68358197E-03 10 2.12951191E-02 9 -9.42525396E-04 8 -5.03542274E-03 37 3.15663777E-02 7 5.43766208E-02
 179897 1 8 0.00000000E+00 13 0.895708978 11 6.93242764E-03 40 -1.12446547E-02 10 2.79295892E-02 9 -1.09646621E-03 8 -4.75234119E-03 37 2.86221653E-02 7 5.79003282E-02
 180598 1 8 0.00000000E+00 13 0.893417716 11 8.40980653E-03 40 -4.78959223E-03 10 1.91282090E-02 9 -8.33681144E-04 8 -5.37658436E-03 37 3.44488174E-02 7 5.55952936E-02
 180599 1 8 0.00000000E+00 13 0.891631842 11 7.60629773E-03 40 -9.26574972E-03 10 2.55654510E-02 9 -9.85355815E-04 8 -5.10044163E-03 37 3.15273777E-02 7 5.90205491E-02
 181300 1 8 0.00000000E+00 13 0.888954461 11 9.23181232E-03 40 -2.98674661E-03 10 1.71145909E-02 9 -7.26850179E-04 8 -5.70828142E-03 37 3.72629352E-02 7 5.68581000E-02
 181301 1 8 0.00000000E+00 13 0.887451053 11 8.32366850E-03 40 -7.37891905E-03 10 2.33640615E-02 9 -8.75929371E-04 8 -5.43917110E-03 37 3.43655162E-02 7 6.01897314E-02
 181302 1 8 0.00000000E+00 13 0.885365009 11 7.71808019E-03 40 -1.16251176E-02 10 2.95372270E-02 9 -1.00478029E-03 8 -5.16359601E-03 37 3.16033103E-02 7 6.35698512E-02
 182004 1 8 0.00000000E+00 13 0.881380618 11 8.36346205E-03 40 -9.75037739E-03 10 2.73119546E-02 9 -8.95062345E-04 8 -5.50080929E-03 37 3.43987457E-02 7 6.46914840E-02
 182005 1 8 0.00000000E+00 13 0.879057586 11 7.91474525E-03 40 -1.37810521E-02 10 3.32294926E-02 9 -1.00266235E-03 8 -5.22720069E-03 37 3.17858532E-02 7 6.80232197E-02
 182707 1 8 0.00000000E+00 13 0.875251830 11 8.49692244E-03 40 -1.19207120E-02 10 3.09905130E-02 9 -8.95621197E-04 8 -5.56173781E-03 37 3.45382020E-02 7 6.91006109E-02
 182708 1 8 0.00000000E+00 13 0.872742295 11 8.17365758E-03 40 -1.57509632E-02 10 3.66629101E-02 9 -9.83953825E-04 8 -5.29097114E-03 37 3.20653133E-02 7 7.23817274E-02
 183410 1 8 0.00000000E+00 13 0.869099617 11 8.70063901E-03 40 -1.39089329E-02 10 3.44176777E-02 9 -8.77986080E-04 8 -5.62283816E-03 37 3.47741917E-02 7 7.34176412E-02
 184112 1 8 0.00000000E+00 13 0.865364373 11 9.26665030E-03 40 -1.21439053E-02 10 3.23114768E-02 9 -7.74905493E-04 8 -5.94566809E-03 37 3.74256819E-02 7 7.44962841E-02
 184814 1 8 0.00000000E+00 13 0.861555517 11 9.86211747E-03 40 -1.04540111E-02 10 3.03334314E-02 9 -6.71716814E-04 8 -6.25993917E-03 37 4.00199480E-02 7 7.56146312E-02
 185516 1 8 0.00000000E+00 13 0.857689917 11 1.04770567E-02 40 -8.83624237E-03 10 2.84780357E-02 9 -5.70848875E-04 8 -6.56562531E-03 37 4.25586738E-02 7 7.67690241E-02
 186218 1 8 0.00000000E+00 13 0.853780031 11 1.11066075E-02 40 -7.28834094E-03 10 2.67368257E-02 9 -4.71165869E-04 8 -6.86277263E-03 37 4.50418815E-02 7 7.79569596E-02
 186920 1 8 0.00000000E+00 13 0.849838078 11 1.17440531E-02 40 -5.80569729E-03 10 2.51019988E-02 9 -3.72666080E-04 8 -7.15282792E-03 37 4.74707633E-02 7 7.91762769E-02
 187622 1 8 0.00000000E+00 13 0.845874131 11 1.23853376E-02 40 -4.38867277E-03 10 2.35698204E-02 9 -2.75743019E-04 8 -7.43537955E-03 37 4.98472489E-02 7 8.04232731E-02
 188324 1 8 0.00000000E+00 13 0.841896713 11 1.30262906E-02 40 -3.03252810E-03 10 2.21318062E-02 9 -1.79623690E-04 8 -7.71098444E-03 37 5.21715470E-02 7 8.16967562E-02
 188325 1 8 0.00000000E+00 13 0.840558112 11 1.23938667E-02 40 -6.26760116E-03 10 2.66864393E-02 9 -2.51205289E-04 8 -7.48505536E-03 37 4.99565303E-02 7 8.44089314E-02
 189027 1 8 0.00000000E+00 13 0.836705923 11 1.30020939E-02 40 -4.91428515E-03 10 2.52270605E-02 9 -1.55057220E-04 8 -7.75869377E-03 37 5.22513427E-02 7 8.56416151E-02
 189028 1 8 0.00000000E+00 13 0.835209072 11 1.24662165E-02 40 -8.00614245E-03 10 2.96180602E-02 9 -2.15259424E-04 8 -7.53543200E-03 37 5.01458533E-02 7 8.83176103E-02
 189029 1 8 0.00000000E+00 13 0.833440542 11 1.20491013E-02 40 -1.10133104E-02 10 3.39507870E-02 9 -2.62678455E-04 8 -7.31118023E-03 37 4.81268987E-02 7 9.10198092E-02
 189030 1 8 0.00000000E+00 13 0.831417978 11 1.17421448E-02 40 -1.39334491E-02 10 3.82199399E-02 9 -2.98710656E-04 8 -7.08612055E-03 37 4.61936854E-02 7 9.37445238E-02
 189031 1 8 0.00000000E+00 13 0.829160035 11 1.15359956E-02 40 -1.67675521E-02 10 4.24223505E-02 9 -3.24747351E-04 8 -6.85982220E-03 37 4.43452187E-02 7 9.64885056E-02
 189032 1 8 0.00000000E+00 13 0.826683879 11 1.14228362E-02 40 -1.95149407E-02 10 4.65508923E-02 9 -3.37748585E-04 8 -6.63419720E-03 37 4.25794981E-02 7 9.92497578E-02
 189732 1 8 0.00000000E+00 13 0.827967167 11 1.22449081E-02 40 -1.24883289E-02 10 3.65463011E-02 9 -2.05603414E-04 8 -7.36754620E-03 37 4.84893769E-02 7 9.48137194E-02
 189733 1 8 0.00000000E+00 13 0.825858176 11 1.19974101E-02 40 -1.52815366E-02 10 4.06562574E-02 9 -2.32070393E-04 8 -7.14640552E-03 37 4.66533192E-02 7 9.74948555E-02
 189734 1 8 0.00000000E+00 13 0.823535025 11 1.18398527E-02 40 -1.79907698E-02 10 4.46978100E-02 9 -2.47920252E-04 8 -6.92569138E-03 37 4.48975004E-02 7 0.100194186
 189735 1 8 0.00000000E+00 13 0.821013689 11 1.17655024E-02 40 -2.06171200E-02 10 4.86679673E-02 9 -2.54572748E-04 8 -6.70399377E-03 37 4.32209782E-02 7 0.102907546
 190437 1 8 0.00000000E+00 13 0.817958415 11 1.21599939E-02 40 -1.91132184E-02 10 4.68284823E-02 9 -1.66690734E-04 8 -6.99297804E-03 37 4.55028526E-02 7 0.103823140
 191139 1 8 0.00000000E+00 13 0.814850092 11 1.25744957E-02 40 -1.76611897E-02 10 4.50796671E-02 9 -7.93607833E-05 8 -7.27415551E-03 37 4.77411486E-02 7 0.104769327
 191841 1 8 0.00000000E+00 13 0.811697483 11 1.30044315E-02 40 -1.62608419E-02 10 4.34190668E-02 9 7.59462000E-06 8 -7.54883979E-03 37 4.99371327E-02 7 0.105743974
 192543 1 8 0.00000000E+00 13 0.808508158 11 1.34469373E-02 40 -1.49110602E-02 10 4.18425016E-02 9 9.34562049E-05 8 -7.81571679E-03 37 5.20915017E-02 7 0.106744230
 193245 1 8 0.00000000E+00 13 0.805289030 11 1.38986753E-02 40 -1.36087155E-02 10 4.03437540E-02 9 1.79994153E-04 8 -8.07667058E-03 37 5.42043000E-02 7 0.107769616
 193946 1 8 0.00000000E+00 13 0.803806007 11 1.46302655E-02 40 -9.94191132E-03 10 3.54192294E-02 9 2.80562992E-04 8 -8.52549449E-03 37 5.78917041E-02 7 0.106439620
 193947 1 8 0.00000000E+00 13 0.802045226 11 1.43585494E-02 40 -1.23536820E-02 10 3.89209017E-02 9 2.65860435E-04 8 -8.33100267E-03 37 5.62766753E-02 7 0.108817481
 194648 1 8 0.00000000E+00 13 0.800441921 11 1.51167391E-02 40 -8.76780134E-03 10 3.41404900E-02 9 3.67148139E-04 8 -8.77003558E-03 37 5.99125363E-02 7 0.107558995
 195350 1 8 0.00000000E+00 13 0.797070026 11 1.56041021E-02 40 -7.63830543E-03 10 3.29296850E-02 9 4.52273991E-04 8 -9.00781341E-03 37 6.18924871E-02 7 0.108697519
 195351 1 8 0.00000000E+00 13 0.795507908 11 1.52897900E-02 40 -9.97813884E-03 10 3.62883657E-02 9 4.35964437E-04 8 -8.82189069E-03 37 6.03027642E-02 7 0.110975266
 196053 1 8 0.00000000E+00 13 0.792222738 11 1.57591868E-02 40 -8.85481294E-03 10 3.50710601E-02 9 5.20643720E-04 8 -9.05837957E-03 37 6.22572750E-02 7 0.112082265
 196755 1 8 0.00000000E+00 13 0.788932145 11 1.62287764E-02 40 -7.77285313E-03 10 3.39166075E-02 9 6.04340166E-04 8 -9.28953476E-03 37 6.41750023E-02 7 0.113205522
 197457 1 8 0.00000000E+00 13 0.785640061 11 1.66966189E-02 40 -6.73024543E-03 10 3.28215808E-02 9 6.87700813E-04 8 -9.51492134E-03 37 6.60544038E-02 7 0.114344805
 197458 1 8 0.00000000E+00 13 0.784184813 11 1.63923018E-02 40 -8.90955329E-03 10 3.59365158E-02 9 6.75359450E-04 8 -9.33958963E-03 37 6.45639077E-02 7 0.116496272
 198160 1 8 0.00000000E+00 13 0.780973375 11 1.68440323E-02 40 -7.87154399E-03 10 3.48350480E-02 9 7.57351343E-04 8 -9.56333894E-03 37 6.64200708E-02 7 0.117605016
 198862 1 8 0.00000000E+00 13 0.777761340 11 1.72951277E-02 40 -6.87212218E-03 10 3.37900482E-02 9 8.38957727E-04 8 -9.78220534E-03 37 6.82412162E-02 7 0.118727662
 199564 1 8 0.00000000E+00 13 0.774551928 11 1.77438520E-02 40 -5.90763567E-03 10 3.27972807E-02 9 9.19282553E-04 8 -9.99554340E-03 37 7.00275898E-02 7 0.119863279
 199565 1 8 0.00000000E+00 13 0.773188949 11 1.74515601E-02 40 -7.94045441E-03 10 3.56921181E-02 9 9.11247043E-04 8 -9.83073190E-03 37 6.86291158E-02 7 0.121898174
 199566 1 8 0.00000000E+00 13 0.771699488 11 1.72061939E-02 40 -9.92498454E-03 10 3.85485590E-02 9 9.07739624E-04 8 -9.66533087E-03 37 6.72825798E-02 7 0.123945728
 200268 1 8 0.00000000E+00 13 0.768637598 11 1.76288895E-02 40 -8.93646292E-03 10 3.74949165E-02 9 9.86840925E-04 8 -9.88051761E-03 37 6.90578595E-02 7 0.125010863
 200970 1 8 0.00000000E+00 13 0.765575826 11 1.80503037E-02 40 -7.98203703E-03 10 3.64922397E-02 9 1.06557435E-03 8 -1.00914529E-02 37 7.08005503E-02 7 0.126088992
 200971 1 8 0.00000000E+00 13 0.764112294 11 1.78235434E-02 40 -9.86446161E-03 10 3.92040648E-02 9 1.06567063E-03 8 -9.93314199E-03 37 6.95256144E-02 7 0.128066421
 201673 1 8 0.00000000E+00 13 0.761120737 11 1.82319526E-02 40 -8.91516171E-03 10 3.81983258E-02 9 1.14262954E-03 8 -1.01415766E-02 37 7.12458268E-02 7 0.129117280
 202375 1 8 0.00000000E+00 13 0.758130789 11 1.86387375E-02 40 -7.99871515E-03 10 3.72409672E-02 9 1.21917634E-03 8 -1.03454376E-02 37 7.29344860E-02 7 0.130179986
 202376 1 8 0.00000000E+00 13 0.756693244 11 1.84296165E-02 40 -9.78556834E-03 10 3.98165584E-02 9 1.22331863E-03 8 -1.01945363E-02 37 7.17270523E-02 7 0.132090300
 203078 1 8 0.00000000E+00 13 0.753769994 11 1.88250598E-02 40 -8.87519773E-03 10 3.88572104E-02 9 1.29857438E-03 8 -1.03967106E-02 37 7.33942613E-02 7 0.133126795
 203780 1 8 0.00000000E+00 13 0.750849307 11 1.92186777E-02 40 -7.99439941E-03 10 3.79421823E-02 9 1.37305388E-03 8 -1.05942693E-02 37 7.50317127E-02 7 0.134173721
 203781 1 8 0.00000000E+00 13 0.749438763 11 1.90245453E-02 40 -9.69088543E-03 10 4.03906740E-02 9 1.37892179E-03 8 -1.04486663E-02 37 7.38868266E-02 7 0.136019841
 203782 1 8 0.00000000E+00 13 0.747935176 11 1.88638382E-02 40 -1.13499649E-02 10 4.28059660E-02 9 1.39017415E-03 8 -1.03054978E-02 37 7.27867410E-02 7 0.137873545
 204484 1 8 0.00000000E+00 13 0.745139778 11 1.92363597E-02 40 -1.04523292E-02 10 4.18463610E-02 9 1.46266329E-03 8 -1.05037438E-02 37 7.44104981E-02 7 0.138860404
 204485 1 8 0.00000000E+00 13 0.743610382 11 1.90964434E-02 40 -1.20503176E-02 10 4.41843532E-02 9 1.47667644E-03 8 -1.03635453E-02 37 7.33596608E-02 7 0.140686348
 204486 1 8 0.00000000E+00 13 0.741998613 11 1.89854261E-02 40 -1.36096179E-02 10 4.64862846E-02 9 1.49549672E-03 8 -1.02253854E-02 37 7.23502859E-02 7 0.142518923
 205188 1 8 0.00000000E+00 13 0.739324629 11 1.93377025E-02 40 -1.27007458E-02 10 4.54906821E-02 9 1.56514987E-03 8 -1.04240477E-02 37 7.39593431E-02 7 0.143447280
 205189 1 8 0.00000000E+00 13 0.737696588 11 1.92434546E-02 40 -1.42037803E-02 10 4.77194153E-02 9 1.58625341E-03 8 -1.02891801E-02 37 7.29964748E-02 7 0.145250797
 205199 1 8 0.00000000E+00 13 0.718018115 11 1.95040479E-02 40 -2.72240993E-02 10 6.79163784E-02 9 1.98359531E-03 8 -9.03978944E-03 37 6.54796585E-02 7 0.163362101
 205200 1 8 0.00000000E+00 13 0.715790987 11 1.96232032E-02 40 -2.83301808E-02 10 6.97147325E-02 9 2.03941157E-03 8 -8.92651081E-03 37 6.49270639E-02 7 0.165161282
 205201 1 8 0.00000000E+00 13 0.713529885 11 1.97550990E-02 40 -2.94019803E-02 10 7.14719445E-02 9 2.09722365E-03 8 -8.81542545E-03 37 6.44093454E-02 7 0.166953906
 205202 1 8 0.00000000E+00 13 0.711238384 11 1.98979955E-02 40 -3.04386225E-02 10 7.31862485E-02 9 2.15803436E-03 8 -8.70801602E-03 37 6.39245734E-02 7 0.168741405
 205891 1 8 0.00000000E+00 13 0.735080004 11 1.95861626E-02 40 -1.33037735E-02 10 4.67284843E-02 9 1.65437849E-03 8 -1.04861464E-02 37 7.45837539E-02 7 0.146157146
 205892 1 8 0.00000000E+00 13 0.733439028 11 1.95071511E-02 40 -1.47520555E-02 10 4.88861501E-02 9 1.67728635E-03 8 -1.03548877E-02 37 7.36646652E-02 7 0.147932678
 205893 1 8 0.00000000E+00 13 0.731729209 11 1.94523241E-02 40 -1.61652304E-02 10 5.10089956E-02 9 1.70421170E-03 8 -1.02254311E-02 37 7.27844909E-02 7 0.149711430
 205894 1 8 0.00000000E+00 13 0.729954541 11 1.94205176E-02 40 -1.75427757E-02 10 5.30951172E-02 9 1.73504988E-03 8 -1.00976825E-02 37 7.19429255E-02 7 0.151492298
 205896 1 8 0.00000000E+00 13 0.726225376 11 1.94196831E-02 40 -2.01902222E-02 10 5.71566001E-02 9 1.80538499E-03 8 -9.84704215E-03 37 7.03710541E-02 7 0.155059159
 205897 1 8 0.00000000E+00 13 0.724277973 11 1.94484908E-02 40 -2.14615501E-02 10 5.91312274E-02 9 1.84551231E-03 8 -9.72460583E-03 37 6.96405023E-02 7 0.156842425
 205898 1 8 0.00000000E+00 13 0.722280025 11 1.94957145E-02 40 -2.26981863E-02 10 6.10666983E-02 9 1.88933953E-03 8 -9.60465800E-03 37 6.89461827E-02 7 0.158624917
 205899 1 8 0.00000000E+00 13 0.720235050 11 1.95591282E-02 40 -2.38986053E-02 10 6.29629642E-02 9 1.93486165E-03 8 -9.48605407E-03 37 6.82877153E-02 7 0.160404935
 205900 1 8 0.00000000E+00 13 0.718146443 11 1.96383130E-02 40 -2.50652898E-02 10 6.48205653E-02 9 1.98308099E-03 8 -9.36977658E-03 37 6.76640198E-02 7 0.162182659
 205901 1 8 0.00000000E+00 13 0.716017187 11 1.97324995E-02 40 -2.61976551E-02 10 6.66372553E-02 9 2.03493889E-03 8 -9.25603416E-03 37 6.70750663E-02 7 0.163956717
 205904 1 8 0.00000000E+00 13 0.709417164 11 2.00924054E-02 40 -2.93929875E-02 10 7.18489587E-02 9 2.20304239E-03 8 -8.92873108E-03 37 6.55091330E-02 7 0.169251025
 206596 1 8 0.00000000E+00 13 0.727511585 11 1.97331812E-02 40 -1.66206341E-02 10 5.20446114E-02 9 1.79883256E-03 8 -1.02964453E-02 37 7.35141560E-02 7 0.152314693
 206597 1 8 0.00000000E+00 13 0.725735784 11 1.97116807E-02 40 -1.79476961E-02 10 5.40634468E-02 9 1.83062407E-03 8 -1.01722935E-02 37 7.27120936E-02 7 0.154066369
 206598 1 8 0.00000000E+00 13 0.723902166 11 1.97108258E-02 40 -1.92406587E-02 10 5.60461357E-02 9 1.86602608E-03 8 -1.00500016E-02 37 7.19463900E-02 7 0.155819148
 206606 1 8 0.00000000E+00 13 0.707569659 11 2.02937368E-02 40 -2.83712465E-02 10 7.05539584E-02 9 2.24914635E-03 8 -9.14515648E-03 37 6.70709759E-02 7 0.169778958
 206607 1 8 0.00000000E+00 13 0.705366135 11 2.04252750E-02 40 -2.93639768E-02 10 7.21926764E-02 9 2.30744737E-03 8 -9.04228166E-03 37 6.66099563E-02 7 0.171504796
 206608 1 8 0.00000000E+00 13 0.703135908 11 2.05673501E-02 40 -3.03262416E-02 10 7.37925246E-02 9 2.36840989E-03 8 -8.94187763E-03 37 6.61797673E-02 7 0.173224151
 207310 1 8 0.00000000E+00 13 0.701374888 11 2.07557082E-02 40 -2.93179378E-02 10 7.25050718E-02 9 2.41126586E-03 8 -9.15662758E-03 37 6.77117109E-02 7 0.173715904
 208012 1 8 0.00000000E+00 13 0.699589252 11 2.09510978E-02 40 -2.83325408E-02 10 7.12566525E-02 9 2.45551579E-03 8 -9.36690811E-03 37 6.92229494E-02 7 0.174223974
 208013 1 8 0.00000000E+00 13 0.697442889 11 2.10826751E-02 40 -2.92549040E-02 10 7.27885738E-02 9 2.51301471E-03 8 -9.27157700E-03 37 6.88136071E-02 7 0.175885707
 208014 1 8 0.00000000E+00 13 0.695273876 11 2.12226231E-02 40 -3.01467888E-02 10 7.42813125E-02 9 2.57389154E-03 8 -9.17818211E-03 37 6.84330985E-02 7 0.177540153
 208716 1 8 0.00000000E+00 13 0.693569779 11 2.14056354E-02 40 -2.91754920E-02 10 7.30426535E-02 9 2.61477847E-03 8 -9.38679185E-03 37 6.99151531E-02 7 0.178014278
 209418 1 8 0.00000000E+00 13 0.691842616 11 2.15957481E-02 40 -2.82256436E-02 10 7.18402192E-02 9 2.65643117E-03 8 -9.59017780E-03 37 7.13767037E-02 7 0.178504094
 209419 1 8 0.00000000E+00 13 0.689753830 11 2.17258539E-02 40 -2.90820133E-02 10 7.32710436E-02 9 2.71464908E-03 8 -9.50162578E-03 37 7.10148811E-02 7 0.180103406
 209420 1 8 0.00000000E+00 13 0.687644899 11 2.18641236E-02 40 -2.99104340E-02 10 7.46661350E-02 9 2.77509447E-03 8 -9.41566098E-03 37 7.06802160E-02 7 0.181695610
 210122 1 8 0.00000000E+00 13 0.685994685 11 2.20422503E-02 40 -2.89740860E-02 10 7.34738931E-02 9 2.81385332E-03 8 -9.61757358E-03 37 7.21131414E-02 7 0.182153806
 210824 1 8 0.00000000E+00 13 0.684323311 11 2.22268049E-02 40 -2.80578770E-02 10 7.23152533E-02 9 2.85408623E-03 8 -9.81539208E-03 37 7.35266805E-02 7 0.182627127
 211526 1 8 0.00000000E+00 13 0.682633281 11 2.24156771E-02 40 -2.71614660E-02 10 7.11914375E-02 9 2.89420527E-03 8 -1.00091510E-02 37 7.49218762E-02 7 0.183114156
 212228 1 8 0.00000000E+00 13 0.680925608 11 2.26098206E-02 40 -2.62848549E-02 10 7.01001287E-02 9 2.93555460E-03 8 -1.01996046E-02 37 7.62990862E-02 7 0.183614284
 212930 1 8 0.00000000E+00 13 0.679201961 11 2.28084177E-02 40 -2.54275594E-02 10 6.90405741E-02 9 2.97789229E-03 8 -1.03865610E-02 37 7.76569992E-02 7 0.184128255
 213631 1 8 0.00000000E+00 13 0.679297507 11 2.29192786E-02 40 -2.37843562E-02 10 6.66952953E-02 9 2.96954950E-03 8 -1.06494296E-02 37 7.93562382E-02 7 0.183195919
 213632 1 8 0.00000000E+00 13 0.677464366 11 2.30104998E-02 40 -2.45892871E-02 10 6.80125877E-02 9 3.02022090E-03 8 -1.05689187E-02 37 7.89973661E-02 7 0.184653163
 214330 1 8 0.00000000E+00 13 0.682730734 11 2.29322165E-02 40 -2.04288103E-02 10 6.16304204E-02 9 2.87704961E-03 8 -1.10777244E-02 37 8.19126070E-02 7 0.179423496
 214331 1 8 0.00000000E+00 13 0.681014538 11 2.29896121E-02 40 -2.12995876E-02 10 6.30185008E-02 9 2.92154192E-03 8 -1.09927589E-02 37 8.14772695E-02 7 0.180870876
 214332 1 8 0.00000000E+00 13 0.679271817 11 2.30564326E-02 40 -2.21462268E-02 10 6.43785074E-02 9 2.96694646E-03 8 -1.09090935E-02 37 8.10669959E-02 7 0.182314619
 214333 1 8 0.00000000E+00 13 0.677504361 11 2.31320560E-02 40 -2.29690541E-02 10 6.57104999E-02 9 3.01416381E-03 8 -1.08277937E-02 37 8.06813315E-02 7 0.183754459
 215032 1 8 0.00000000E+00 13 0.680800557 11 2.31683645E-02 40 -1.96509100E-02 10 6.07221238E-02 9 2.92573171E-03 8 -1.12495078E-02 37 8.32249522E-02 7 0.180058703
 215734 1 8 0.00000000E+00 13 0.678864479 11 2.34056301E-02 40 -1.88914053E-02 10 5.98428063E-02 9 2.97499285E-03 8 -1.14181554E-02 37 8.45184177E-02 7 0.180703223
 216435 1 8 0.00000000E+00 13 0.678487062 11 2.36162096E-02 40 -1.72772873E-02 10 5.76268360E-02 9 2.98508443E-03 8 -1.16669023E-02 37 8.62558037E-02 7 0.179973200
 216436 1 8 0.00000000E+00 13 0.676923513 11 2.36442070E-02 40 -1.81502178E-02 10 5.89918196E-02 9 3.02441884E-03 8 -1.15836840E-02 37 8.57935026E-02 7 0.181356430
 217137 1 8 0.00000000E+00 13 0.676502883 11 2.38618385E-02 40 -1.65620428E-02 10 5.68203479E-02 9 3.03627714E-03 8 -1.18282605E-02 37 8.75128731E-02 7 0.180656075
 217839 1 8 0.00000000E+00 13 0.674517035 11 2.41080932E-02 40 -1.58634372E-02 10 5.60392700E-02 9 3.08741466E-03 8 -1.19864400E-02 37 8.87513086E-02 7 0.181346774
 217864 1 8 0.00000000E+00 13 0.601868868 11 2.06925031E-02 40 1.21242907E-02 10 7.55743915E-03 9 -1.37778241E-02 8 -3.72171588E-02 37 0.135101050 31 0.273650825
 217865 1 8 0.00000000E+00 13 0.599910438 11 2.08084583E-02 40 1.19682141E-02 10 7.89778400E-03 9 -1.38160847E-02 8 -3.73081528E-02 37 0.135436311 31 0.275103003
 217866 1 8 0.00000000E+00 13 0.597954571 11 2.09264997E-02 40 1.18245576E-02 10 8.22046399E-03 9 -1.38527369E-02 8 -3.73993628E-02 31 0.276540935 37 0.135785088
 217867 1 8 0.00000000E+00 13 0.596002221 11 2.10460331E-02 40 1.16941910E-02 10 8.52561742E-03 9 -1.38889831E-02 8 -3.74903381E-02 31 0.277964324 37 0.136146948
 217871 1 8 0.00000000E+00 13 0.588239372 11 2.15385072E-02 40 1.12968571E-02 10 9.57418513E-03 9 -1.40226688E-02 8 -3.78538631E-02 31 0.283510208 37 0.137717396
 217872 1 8 0.00000000E+00 13 0.586313546 11 2.16644704E-02 40 1.12271579E-02 10 9.79503710E-03 9 -1.40536753E-02 8 -3.79447378E-02 31 0.284859002 37 0.138139218
 217873 1 8 0.00000000E+00 13 0.584394813 11 2.17912178E-02 40 1.11683523E-02 10 1.00001991E-02 9 -1.40836826E-02 8 -3.80351171E-02 31 0.286192536 37 0.138571709
 217874 1 8 0.00000000E+00 13 0.582483888 11 2.19183862E-02 40 1.11210980E-02 10 1.01890201E-02 9 -1.41121754E-02 8 -3.81257124E-02 31 0.287510633 37 0.139014900
 217875 1 8 0.00000000E+00 13 0.580581129 11 2.20462251E-02 40 1.10845286E-02 10 1.03626354E-02 9 -1.41400825E-02 8 -3.82158756E-02 31 0.288813293 37 0.139468163
 217876 1 8 0.00000000E+00 13 0.578686953 11 2.21744794E-02 40 1.10579394E-02 10 1.05218813E-02 9 -1.41670089E-02 8 -3.83061282E-02 31 0.290100336 37 0.139931545
 217877 1 8 0.00000000E+00 13 0.576801777 11 2.23032553E-02 40 1.10419076E-02 10 1.06662419E-02 9 -1.41934361E-02 8 -3.83961052E-02 31 0.291371822 37 0.140404537
 218541 1 8 0.00000000E+00 13 0.672530532 11 2.43543237E-02 40 -1.51823917E-02 10 5.52843027E-02 9 3.13873193E-03 8 -1.21414196E-02 37 8.99714977E-02 7 0.182044417
 218542 1 8 0.00000000E+00 13 0.671081781 11 2.43653711E-02 40 -1.60315670E-02 10 5.65988235E-02 9 3.17328004E-03 8 -1.20605510E-02 37 8.95089433E-02 7 0.183363944
 218565 1 8 0.00000000E+00 13 0.602678537 11 2.06972100E-02 40 1.30290752E-02 10 6.23547658E-03 9 -1.37177622E-02 8 -3.72319967E-02 37 0.136107013 31 0.272202462
 218566 1 8 0.00000000E+00 13 0.600750089 11 2.08068434E-02 40 1.28546795E-02 10 6.59783324E-03 9 -1.37576191E-02 8 -3.73210758E-02 37 0.136418149 31 0.273651123
 218569 1 8 0.00000000E+00 13 0.594974697 11 2.11493596E-02 40 1.24106305E-02 10 7.57646933E-03 9 -1.38690993E-02 8 -3.75892185E-02 31 0.277914643 37 0.137432516
 218570 1 8 0.00000000E+00 13 0.593055546 11 2.12669410E-02 40 1.22880731E-02 10 7.86823966E-03 9 -1.39040845E-02 8 -3.76786590E-02 31 0.279307634 37 0.137796327
 218571 1 8 0.00000000E+00 13 0.591140449 11 2.13861782E-02 40 1.21778445E-02 10 8.14292766E-03 9 -1.39382267E-02 8 -3.77677865E-02 31 0.280686349 37 0.138172254
 218572 1 8 0.00000000E+00 13 0.589230359 11 2.15064734E-02 40 1.20802009E-02 10 8.40023533E-03 9 -1.39709059E-02 8 -3.78571488E-02 31 0.282050461 37 0.138560310
 218573 1 8 0.00000000E+00 13 0.587325633 11 2.16279011E-02 40 1.19941570E-02 10 8.64189770E-03 9 -1.40030710E-02 8 -3.79463956E-02 31 0.283399999 37 0.138959870
 218579 1 8 0.00000000E+00 13 0.576041460 11 2.23752204E-02 40 1.17058419E-02 10 9.76792630E-03 9 -1.41753079E-02 8 -3.84791158E-02 31 0.291183293 37 0.141580716
 219244 1 8 0.00000000E+00 13 0.669131577 11 2.46068761E-02 40 -1.53596560E-02 10 5.58523461E-02 9 3.22359079E-03 8 -1.22140860E-02 37 9.07118171E-02 7 0.184047550
 219267 1 8 0.00000000E+00 13 0.601510823 11 2.08189636E-02 40 1.37532176E-02 10 5.29142329E-03 9 -1.36986692E-02 8 -3.73366401E-02 37 0.137423813 31 0.272237062
 219281 1 8 0.00000000E+00 13 0.575261474 11 2.24506333E-02 40 1.23630948E-02 10 8.88163131E-03 9 -1.41563239E-02 8 -3.85622010E-02 31 0.291011989 37 0.142749712
 219946 1 8 0.00000000E+00 13 0.667181671 11 2.48482190E-02 40 -1.47043141E-02 10 5.51306158E-02 9 3.27344029E-03 8 -1.23640718E-02 37 9.18969139E-02 7 0.184737548
 219947 1 8 0.00000000E+00 13 0.665775955 11 2.48587299E-02 40 -1.55174667E-02 10 5.63893728E-02 9 3.30794859E-03 8 -1.22871753E-02 37 9.14567858E-02 7 0.186015829
 219948 1 8 0.00000000E+00 13 0.664343417 11 2.48780157E-02 40 -1.63112786E-02 10 5.76265827E-02 9 3.34407878E-03 8 -1.22116571E-02 37 9.10382494E-02 7 0.187292576
 219962 1 8 0.00000000E+00 13 0.642213166 11 2.58942042E-02 40 -2.54353378E-02 10 7.25887641E-02 9 3.97000555E-03 8 -1.13299415E-02 37 8.72777253E-02 7 0.204821408
 219963 1 8 0.00000000E+00 13 0.640533984 11 2.60058083E-02 40 -2.59510186E-02 10 7.34884739E-02 9 4.02030861E-03 8 -1.12793446E-02 37 8.71468410E-02 7 0.206034958
 219964 1 8 0.00000000E+00 13 0.638847113 11 2.61218604E-02 40 -2.64508780E-02 10 7.43658319E-02 9 4.07233881E-03 8 -1.12310993E-02 37 8.70331600E-02 7 0.207241654
 219965 1 8 0.00000000E+00 13 0.637154222 11 2.62408182E-02 40 -2.69336347E-02 10 7.52209648E-02 9 4.12502047E-03 8 -1.11848190E-02 37 8.69360194E-02 7 0.208441392
 219966 1 8 0.00000000E+00 13 0.635455966 11 2.63627451E-02 40 -2.73992568E-02 10 7.60546476E-02 9 4.17717313E-03 8 -1.11403372E-02 37 8.68544951E-02 7 0.209634557
 219967 1 8 0.00000000E+00 13 0.604057193 11 2.07468513E-02 40 1.48725836E-02 10 3.57773993E-03 9 -1.35975583E-02 8 -3.72687615E-02 37 0.138189122 31 0.269422829
 219968 1 8 0.00000000E+00 13 0.602192819 11 2.08439305E-02 40 1.46627612E-02 10 3.98020865E-03 9 -1.36390971E-02 8 -3.73546183E-02 37 0.138452441 31 0.270861566
 219969 1 8 0.00000000E+00 13 0.600327134 11 2.09434032E-02 40 1.44675830E-02 10 4.36428795E-03 9 -1.36798387E-02 8 -3.74404043E-02 37 0.138729915 31 0.272287935
 219983 1 8 0.00000000E+00 13 0.574462652 11 2.25295164E-02 40 1.30123245E-02 10 8.00918974E-03 9 -1.41373603E-02 8 -3.86452004E-02 31 0.290857434 37 0.143911451
 219984 1 8 0.00000000E+00 13 0.572657704 11 2.26508100E-02 40 1.29893757E-02 10 8.15635361E-03 9 -1.41626829E-02 8 -3.87305841E-02 31 0.292078197 37 0.144360840
 219985 1 8 0.00000000E+00 13 0.570860922 11 2.27725822E-02 40 1.29755884E-02 10 8.29076208E-03 9 -1.41876638E-02 8 -3.88158448E-02 31 0.293284446 37 0.144819185
 219986 1 8 0.00000000E+00 13 0.569073141 11 2.28943285E-02 40 1.29708303E-02 10 8.41221493E-03 9 -1.42118949E-02 8 -3.89007591E-02 31 0.294476032 37 0.145286113
 219987 1 8 0.00000000E+00 13 0.567294240 11 2.30165925E-02 40 1.29756294E-02 10 8.52005836E-03 9 -1.42355021E-02 8 -3.89853567E-02 31 0.295653075 37 0.145761266
 219988 1 8 0.00000000E+00 13 0.565524817 11 2.31388807E-02 40 1.29889240E-02 10 8.61541182E-03 9 -1.42580923E-02 8 -3.90698798E-02 31 0.296815395 37 0.146244526
 220650 1 8 0.00000000E+00 13 0.662463605 11 2.51096878E-02 40 -1.56576373E-02 10 5.68977334E-02 9 3.39193945E-03 8 -1.23609332E-02 37 9.22062322E-02 7 0.187949345
 220651 1 8 0.00000000E+00 13 0.661040008 11 2.51328666E-02 40 -1.64245479E-02 10 5.80977760E-02 9 3.42825963E-03 8 -1.22884829E-02 37 9.18086544E-02 7 0.189205453
 220652 1 8 0.00000000E+00 13 0.659592152 11 2.51647625E-02 40 -1.71742067E-02 10 5.92775159E-02 9 3.46587365E-03 8 -1.22167254E-02 37 9.14312154E-02 7 0.190459445
 220653 1 8 0.00000000E+00 13 0.658121705 11 2.52040476E-02 40 -1.79037433E-02 10 6.04342110E-02 9 3.50523437E-03 8 -1.21471575E-02 37 9.10743102E-02 7 0.191711411
 220654 1 8 0.00000000E+00 13 0.656629503 11 2.52511185E-02 40 -1.86145902E-02 10 6.15696684E-02 9 3.54511198E-03 8 -1.20790266E-02 37 9.07376707E-02 7 0.192960531
 220662 1 8 0.00000000E+00 13 0.644073486 11 2.58534811E-02 40 -2.36448962E-02 10 6.98598549E-02 9 3.90374288E-03 8 -1.15925744E-02 37 8.87311175E-02 7 0.202815816
 220663 1 8 0.00000000E+00 13 0.642443955 11 2.59527825E-02 40 -2.41940301E-02 10 7.07969069E-02 9 3.95188760E-03 8 -1.15388576E-02 37 8.85616913E-02 7 0.204025671
 220664 1 8 0.00000000E+00 13 0.640804827 11 2.60559358E-02 40 -2.47258805E-02 10 7.17119649E-02 9 4.00163047E-03 8 -1.14877922E-02 37 8.84098634E-02 7 0.205229461
 220690 1 8 0.00000000E+00 13 0.564820290 11 2.32085641E-02 40 1.36051066E-02 10 7.78329140E-03 9 -1.42398290E-02 8 -3.91455665E-02 31 0.296622068 37 0.147346064
 220691 1 8 0.00000000E+00 13 0.563081563 11 2.33288556E-02 40 1.36207379E-02 10 7.87302759E-03 9 -1.42620774E-02 8 -3.92282158E-02 31 0.297759682 37 0.147826418
 220692 1 8 0.00000000E+00 13 0.561352551 11 2.34490652E-02 40 1.36450417E-02 10 7.95029197E-03 9 -1.42833097E-02 8 -3.93110439E-02 31 0.298883051 37 0.148314327
 220693 1 8 0.00000000E+00 13 0.559633315 11 2.35693827E-02 40 1.36770559E-02 10 8.01618584E-03 9 -1.43038165E-02 8 -3.93935256E-02 31 0.299991995 37 0.148809418
 221356 1 8 0.00000000E+00 13 0.654884875 11 2.54635923E-02 40 -1.79524869E-02 10 6.08095340E-02 9 3.58910440E-03 8 -1.22288521E-02 37 9.18860808E-02 7 0.193548158
 221362 1 8 0.00000000E+00 13 0.645753205 11 2.58530807E-02 40 -2.18085516E-02 10 6.70960024E-02 9 3.84596898E-03 8 -1.18575236E-02 37 9.02556479E-02 7 0.200862169
 221363 1 8 0.00000000E+00 13 0.644178748 11 2.59378441E-02 40 -2.23896001E-02 10 6.80686459E-02 9 3.89173510E-03 8 -1.18015632E-02 37 9.00480002E-02 7 0.202066213
 221364 1 8 0.00000000E+00 13 0.642592192 11 2.60273237E-02 40 -2.29534898E-02 10 6.90198690E-02 9 3.93833406E-03 8 -1.17471442E-02 37 8.98575336E-02 7 0.203265399
 221395 1 8 0.00000000E+00 13 0.558972716 11 2.36355457E-02 40 1.42708300E-02 10 7.21357809E-03 9 -1.42863281E-02 8 -3.94649394E-02 31 0.299785316 37 0.149873257
 221396 1 8 0.00000000E+00 13 0.557283342 11 2.37538274E-02 40 1.43052787E-02 10 7.27392826E-03 9 -1.43064344E-02 8 -3.95456888E-02 31 0.300870925 37 0.150364801
 221397 1 8 0.00000000E+00 13 0.555603921 11 2.38720309E-02 40 1.43472049E-02 10 7.32315332E-03 9 -1.43256448E-02 8 -3.96263115E-02 31 0.301942497 37 0.150863156
 221398 1 8 0.00000000E+00 13 0.553934693 11 2.39902101E-02 40 1.43963201E-02 10 7.36207142E-03 9 -1.43446494E-02 8 -3.97064537E-02 31 0.303000033 37 0.151367754
 222058 1 8 0.00000000E+00 13 0.653137684 11 2.56765299E-02 40 -1.73041392E-02 10 6.00716881E-02 9 3.63291684E-03 8 -1.23759955E-02 37 9.30184498E-02 7 0.194142848
 222059 1 8 0.00000000E+00 13 0.651692033 11 2.57210191E-02 40 -1.79863852E-02 10 6.11607693E-02 9 3.67229409E-03 8 -1.23111699E-02 37 9.26984251E-02 7 0.195353001
 222060 1 8 0.00000000E+00 13 0.650227308 11 2.57721245E-02 40 -1.86510142E-02 10 6.22293390E-02 9 3.71237798E-03 8 -1.22471005E-02 37 9.23969150E-02 7 0.196560055
 222061 1 8 0.00000000E+00 13 0.648744762 11 2.58296467E-02 40 -1.92984622E-02 10 6.32775500E-02 9 3.75349890E-03 8 -1.21850707E-02 37 9.21141729E-02 7 0.197763920
 222062 1 8 0.00000000E+00 13 0.647245407 11 2.58934312E-02 40 -1.99284498E-02 10 6.43044859E-02 9 3.79595603E-03 8 -1.21250283E-02 37 9.18497816E-02 7 0.198964402
 222063 1 8 0.00000000E+00 13 0.645730376 11 2.59630233E-02 40 -2.05403026E-02 10 6.53099194E-02 9 3.83872283E-03 8 -1.20658688E-02 37 9.16033462E-02 7 0.200160801
 222064 1 8 0.00000000E+00 13 0.644201159 11 2.60375831E-02 40 -2.11354047E-02 10 6.62946627E-02 9 3.88309429E-03 8 -1.20088346E-02 37 9.13749710E-02 7 0.201352775
 222100 1 8 0.00000000E+00 13 0.553314984 11 2.40527336E-02 40 1.49683291E-02 10 6.58810744E-03 9 -1.43270064E-02 8 -3.97743285E-02 31 0.302782178 37 0.152395025
 222766 1 8 0.00000000E+00 13 0.642643452 11 2.62239985E-02 40 -2.04772353E-02 10 6.55152574E-02 9 3.92079633E-03 8 -1.21568935E-02 37 9.24793184E-02 7 0.201851279
 222767 1 8 0.00000000E+00 13 0.641131938 11 2.62994356E-02 40 -2.10523345E-02 10 6.64708391E-02 9 3.96399619E-03 8 -1.21018179E-02 37 9.22652036E-02 7 0.203022763
 222768 1 8 0.00000000E+00 13 0.639607787 11 2.63799429E-02 40 -2.16118395E-02 10 6.74059317E-02 9 4.00910107E-03 8 -1.20485500E-02 37 9.20683667E-02 7 0.204189241
 222802 1 8 0.00000000E+00 13 0.552679002 11 2.41179019E-02 40 1.55349206E-02 10 5.82462782E-03 9 -1.43103413E-02 8 -3.98414358E-02 31 0.302578926 37 0.153416395
 222803 1 8 0.00000000E+00 13 0.551056862 11 2.42322981E-02 40 1.55805899E-02 10 5.86461276E-03 9 -1.43285906E-02 8 -3.99188884E-02 31 0.303606033 37 0.153907090
 222804 1 8 0.00000000E+00 13 0.549444556 11 2.43464746E-02 40 1.56330094E-02 10 5.89507027E-03 9 -1.43465027E-02 8 -3.99961658E-02 31 0.304619759 37 0.154403776
 222805 1 8 0.00000000E+00 13 0.547842264 11 2.44607534E-02 40 1.56919435E-02 10 5.91542525E-03 9 -1.43637052E-02 8 -4.00732569E-02 31 0.305620164 37 0.154906377
 223470 1 8 0.00000000E+00 13 0.638106406 11 2.65585929E-02 40 -2.09610090E-02 10 6.66302666E-02 9 4.04547667E-03 8 -1.21955909E-02 37 9.31525826E-02 7 0.204663277
 223507 1 8 0.00000000E+00 13 0.547244608 11 2.45227404E-02 40 1.62378456E-02 10 5.17891534E-03 9 -1.43469125E-02 8 -4.01369929E-02 31 0.305407107 37 0.155892685
 223508 1 8 0.00000000E+00 13 0.545669734 11 2.46351231E-02 40 1.62977967E-02 10 5.19619649E-03 9 -1.43638188E-02 8 -4.02124748E-02 31 0.306386679 37 0.156390801
 223510 1 8 0.00000000E+00 13 0.542550683 11 2.48588379E-02 10 5.20196883E-03 40 1.64370220E-02 9 -1.43954614E-02 8 -4.03628610E-02 31 0.308306754 37 0.157403022
 223511 1 8 0.00000000E+00 13 0.541006565 11 2.49707270E-02 10 5.19159529E-03 40 1.65150613E-02 9 -1.44104185E-02 8 -4.04371619E-02 31 0.309247404 37 0.157916203
 223512 1 8 0.00000000E+00 13 0.539473116 11 2.50821002E-02 10 5.17298095E-03 40 1.65988971E-02 9 -1.44249862E-02 8 -4.05117050E-02 31 0.310175091 37 0.158434510
 223513 1 8 0.00000000E+00 13 0.537950337 11 2.51931287E-02 10 5.14556840E-03 40 1.66887976E-02 9 -1.44392429E-02 8 -4.05856967E-02 31 0.311089903 37 0.158957213
 223514 1 8 0.00000000E+00 13 0.536438465 11 2.53040381E-02 10 5.11028711E-03 40 1.67831928E-02 9 -1.44526325E-02 8 -4.06591557E-02 31 0.311991960 37 0.159483880
 224172 1 8 0.00000000E+00 13 0.636599839 11 2.67385021E-02 40 -2.03238633E-02 10 6.58761039E-02 9 4.08140151E-03 8 -1.23392865E-02 37 9.42231417E-02 7 0.205144137
 224173 1 8 0.00000000E+00 13 0.635123909 11 2.68151462E-02 40 -2.08611526E-02 10 6.67742044E-02 9 4.12516529E-03 8 -1.22884922E-02 37 9.40360576E-02 7 0.206275150
 224174 1 8 0.00000000E+00 13 0.633637190 11 2.68959627E-02 40 -2.13836059E-02 10 6.76541626E-02 9 4.16902732E-03 8 -1.22391451E-02 37 9.38649699E-02 7 0.207401469
 224175 1 8 0.00000000E+00 13 0.632140040 11 2.69813798E-02 40 -2.18907204E-02 10 6.85145408E-02 9 4.21346631E-03 8 -1.21909566E-02 37 9.37095210E-02 7 0.208522722
 224210 1 8 0.00000000E+00 13 0.545074284 11 2.46975105E-02 40 1.68341883E-02 10 4.47427994E-03 9 -1.43473074E-02 8 -4.02747728E-02 31 0.306179911 37 0.157361880
 224211 1 8 0.00000000E+00 13 0.543526471 11 2.48078872E-02 40 1.68954656E-02 10 4.48739156E-03 9 -1.43631687E-02 8 -4.03492302E-02 31 0.307139158 37 0.157856047
 224212 1 8 0.00000000E+00 13 0.541988313 11 2.49181651E-02 10 4.49236576E-03 40 1.69628561E-02 9 -1.43795591E-02 8 -4.04228047E-02 31 0.308085710 37 0.158354968
 224216 1 8 0.00000000E+00 13 0.535938203 11 2.53570415E-02 10 4.42480436E-03 40 1.72888599E-02 9 -1.44371456E-02 8 -4.07151058E-02 31 0.311745316 37 0.160398021
 224217 1 8 0.00000000E+00 13 0.534452021 11 2.54658498E-02 10 4.38754307E-03 40 1.73837747E-02 9 -1.44500369E-02 8 -4.07876596E-02 31 0.312628865 37 0.160919636
 224218 1 8 0.00000000E+00 13 0.532976568 11 2.55745035E-02 10 4.34249034E-03 40 1.74839497E-02 9 -1.44631108E-02 8 -4.08589393E-02 31 0.313499928 37 0.161444619
 224877 1 8 0.00000000E+00 13 0.630715907 11 2.71498933E-02 40 -2.12593563E-02 10 6.77579194E-02 9 4.24717274E-03 8 -1.23340618E-02 37 9.47571769E-02 7 0.208965361
 224920 1 8 0.00000000E+00 13 0.532491148 11 2.56267264E-02 10 3.67632392E-03 40 1.79757122E-02 9 -1.44477021E-02 8 -4.09127399E-02 31 0.313254774 37 0.162335753
 225579 1 8 0.00000000E+00 13 0.629286528 11 2.73197107E-02 40 -2.06397567E-02 10 6.70200288E-02 9 4.28134669E-03 8 -1.24745583E-02 37 9.57914665E-02 7 0.209415257
 225580 1 8 0.00000000E+00 13 0.627836704 11 2.74007972E-02 40 -2.11279523E-02 10 6.78480119E-02 9 4.32454469E-03 8 -1.24288928E-02 37 9.56446901E-02 7 0.210502118
 225622 1 8 0.00000000E+00 13 0.531991899 11 2.56811120E-02 10 3.01779807E-03 40 1.84634291E-02 9 -1.44322934E-02 8 -4.09668162E-02 31 0.313022196 37 0.163222685
 225623 1 8 0.00000000E+00 13 0.530555487 11 2.57864594E-02 10 2.97761708E-03 40 1.85581706E-02 9 -1.44446958E-02 8 -4.10365276E-02 31 0.313869983 37 0.163733527
 225626 1 8 0.00000000E+00 13 0.526308417 11 2.61006877E-02 10 2.81364005E-03 40 1.88709293E-02 9 -1.44797834E-02 8 -4.12426479E-02 31 0.316342324 37 0.165286452
 225627 1 8 0.00000000E+00 13 0.524913728 11 2.62048747E-02 10 2.74533872E-03 40 1.89836361E-02 9 -1.44904954E-02 8 -4.13105600E-02 31 0.317142993 37 0.165810466
 225628 1 8 0.00000000E+00 13 0.523529947 11 2.63083242E-02 10 2.67104083E-03 40 1.91006269E-02 9 -1.45012494E-02 8 -4.13783006E-02 31 0.317931980 37 0.166337654
 225629 1 8 0.00000000E+00 13 0.522156835 11 2.64114570E-02 10 2.58984230E-03 40 1.92217659E-02 9 -1.45108681E-02 8 -4.14459407E-02 31 0.318709522 37 0.166867405
 225630 1 8 0.00000000E+00 13 0.520794511 11 2.65140887E-02 10 2.50291103E-03 40 1.93465129E-02 9 -1.45204701E-02 8 -4.15127128E-02 31 0.319475532 37 0.167399600
 225631 1 8 0.00000000E+00 13 0.519443154 11 2.66162846E-02 10 2.41030450E-03 40 1.94748510E-02 9 -1.45298503E-02 8 -4.15792130E-02 31 0.320230126 37 0.167934373
 226282 1 8 0.00000000E+00 13 0.626430273 11 2.75679678E-02 40 -2.05188096E-02 10 6.71228319E-02 9 4.35760338E-03 8 -1.25670386E-02 37 9.66627374E-02 7 0.210944459
 226325 1 8 0.00000000E+00 13 0.530057371 11 2.58410741E-02 10 2.33178609E-03 40 1.90375410E-02 9 -1.44294845E-02 8 -4.10891175E-02 31 0.313643992 37 0.164606825
 226326 1 8 0.00000000E+00 13 0.528644919 11 2.59450730E-02 10 2.29011709E-03 40 1.91321839E-02 9 -1.44417761E-02 8 -4.11574729E-02 31 0.314474642 37 0.165112332
 226327 1 8 0.00000000E+00 13 0.527242720 11 2.60484293E-02 10 2.24083220E-03 40 1.92318745E-02 9 -1.44534828E-02 8 -4.12250720E-02 31 0.315293580 37 0.165621117
 226328 1 8 0.00000000E+00 13 0.525850713 11 2.61516552E-02 10 2.18530907E-03 40 1.93354674E-02 9 -1.44647509E-02 8 -4.12928127E-02 31 0.316100955 37 0.166133478
 226333 1 8 0.00000000E+00 13 0.519047022 11 2.66611222E-02 10 1.81080878E-03 40 1.99165102E-02 9 -1.45153403E-02 8 -4.16251570E-02 31 0.319967091 37 0.168737948
 226984 1 8 0.00000000E+00 13 0.625019670 11 2.77361143E-02 40 -1.99220311E-02 10 6.64161965E-02 9 4.39149514E-03 8 -1.27032138E-02 37 9.76688266E-02 7 0.211392924
 227035 1 8 0.00000000E+00 13 0.518638670 11 2.67077442E-02 10 1.21746690E-03 40 2.03545541E-02 9 -1.45009942E-02 8 -4.16704081E-02 31 0.319715291 37 0.169537693
 227036 1 8 0.00000000E+00 13 0.517321110 11 2.68072952E-02 10 1.13100093E-03 40 2.04773434E-02 9 -1.45105533E-02 8 -4.17350605E-02 31 0.320450991 37 0.170057848
 227037 1 8 0.00000000E+00 13 0.516014159 11 2.69062892E-02 10 1.03782420E-03 40 2.06040274E-02 9 -1.45192035E-02 8 -4.17986698E-02 31 0.321175873 37 0.170579731
 227038 1 8 0.00000000E+00 13 0.514717579 11 2.70047020E-02 10 9.39826656E-04 40 2.07341127E-02 9 -1.45277288E-02 8 -4.18623574E-02 31 0.321889818 37 0.171104044
 227684 1 8 0.00000000E+00 13 0.626333058 11 2.77694128E-02 40 -1.83595102E-02 10 6.40964285E-02 9 4.34431573E-03 8 -1.29274074E-02 37 9.89889503E-02 7 0.209754780
 227685 1 8 0.00000000E+00 13 0.624974430 11 2.78351959E-02 40 -1.88554041E-02 10 6.49211034E-02 9 4.38433746E-03 8 -1.28812809E-02 37 9.88184065E-02 7 0.210803226
 227686 1 8 0.00000000E+00 13 0.623605311 11 2.79052891E-02 40 -1.93366800E-02 10 6.57281652E-02 9 4.42490261E-03 8 -1.28369816E-02 37 9.86619964E-02 7 0.211848035
 227740 1 8 0.00000000E+00 13 0.514331341 11 2.70498339E-02 10 3.69177462E-04 40 2.11556498E-02 9 -1.45138148E-02 8 -4.19055074E-02 31 0.321637750 37 0.171875581
 228386 1 8 0.00000000E+00 13 0.624863625 11 2.79461071E-02 40 -1.77907217E-02 10 6.34396449E-02 9 4.38086968E-03 8 -1.30581977E-02 37 9.99754369E-02 7 0.210243255
 228442 1 8 0.00000000E+00 13 0.513933718 11 2.70961840E-02 10 -1.95752262E-04 40 2.15745252E-02 9 -1.45000489E-02 8 -4.19489332E-02 31 0.321396142 37 0.172644138
 229088 1 8 0.00000000E+00 13 0.623392761 11 2.81233303E-02 40 -1.72338430E-02 10 6.28013238E-02 9 4.41653747E-03 8 -1.31866224E-02 37 0.100949116 7 0.210737407
 229144 1 8 0.00000000E+00 13 0.513525009 11 2.71441713E-02 10 -7.55039509E-04 40 2.19901856E-02 9 -1.44864116E-02 8 -4.19917889E-02 31 0.321164936 37 0.173408911
 229790 1 8 0.00000000E+00 13 0.621920884 11 2.83010453E-02 40 -1.66879669E-02 10 6.21791258E-02 9 4.45302250E-03 8 -1.33131742E-02 37 0.101910383 7 0.211236656
 229846 1 8 0.00000000E+00 13 0.513105750 11 2.71934532E-02 10 -1.30881753E-03 40 2.24028938E-02 9 -1.44726653E-02 8 -4.20351103E-02 31 0.320943892 37 0.174170598
 229847 1 8 0.00000000E+00 13 0.511863470 11 2.72872392E-02 10 -1.39113620E-03 40 2.25190595E-02 9 -1.44809736E-02 8 -4.20951992E-02 31 0.321632951 37 0.174664572
 229848 1 8 0.00000000E+00 13 0.510630667 11 2.73809209E-02 10 -1.47755980E-03 40 2.26376131E-02 9 -1.44890510E-02 8 -4.21551801E-02 31 0.322312027 37 0.175160572
 229849 1 8 0.00000000E+00 13 0.509407520 11 2.74740104E-02 10 -1.56963058E-03 40 2.27601379E-02 9 -1.44971982E-02 8 -4.22143340E-02 31 0.322981268 37 0.175658226
 229850 1 8 0.00000000E+00 13 0.508193970 11 2.75666416E-02 10 -1.66593236E-03 40 2.28854325E-02 9 -1.45049989E-02 8 -4.22735959E-02 31 0.323640615 37 0.176157847
 230490 1 8 0.00000000E+00 13 0.622926772 11 2.83872411E-02 40 -1.51466681E-02 10 5.99388182E-02 9 4.41863015E-03 8 -1.35300830E-02 37 0.103260487 7 0.209744811
 230491 1 8 0.00000000E+00 13 0.621694148 11 2.84304991E-02 40 -1.56565905E-02 10 6.07646666E-02 9 4.45336383E-03 8 -1.34830764E-02 37 0.103052743 7 0.210744247
 230492 1 8 0.00000000E+00 13 0.620448947 11 2.84785498E-02 40 -1.61532015E-02 10 6.15740865E-02 9 4.48924396E-03 8 -1.34372972E-02 37 0.102859095 7 0.211740598
 230552 1 8 0.00000000E+00 13 0.507807136 11 2.76132487E-02 10 -2.19385931E-03 40 2.32783649E-02 9 -1.44916009E-02 8 -4.23135571E-02 31 0.323415309 37 0.176884964
 231192 1 8 0.00000000E+00 13 0.621406198 11 2.85708774E-02 40 -1.46298716E-02 10 5.93666211E-02 9 4.45665093E-03 8 -1.36514213E-02 37 0.104200467 7 0.210280478
 231893 1 8 0.00000000E+00 13 0.621058226 11 2.87216138E-02 40 -1.36082508E-02 10 5.79866134E-02 9 4.46149567E-03 8 -1.38176680E-02 37 0.105352305 7 0.209845677
 231894 1 8 0.00000000E+00 13 0.619887173 11 2.87543442E-02 40 -1.41234072E-02 10 5.88094071E-02 9 4.49481560E-03 8 -1.37704378E-02 37 0.105127849 7 0.210820228
 232594 1 8 0.00000000E+00 13 0.620651305 11 2.88825668E-02 40 -1.25937592E-02 10 5.66253737E-02 9 4.46958235E-03 8 -1.39823677E-02 37 0.106507547 7 0.209439725
 232595 1 8 0.00000000E+00 13 0.619517624 11 2.89078914E-02 40 -1.31168170E-02 10 5.74535690E-02 9 4.50099260E-03 8 -1.39343822E-02 37 0.106268540 7 0.210402608
 233296 1 8 0.00000000E+00 13 0.619090736 11 2.90707145E-02 40 -1.21167926E-02 10 5.61173074E-02 9 4.50886134E-03 8 -1.40966112E-02 37 0.107412666 7 0.210013121
 233998 1 8 0.00000000E+00 13 0.617533982 11 2.92583313E-02 40 -1.16508398E-02 10 5.56235388E-02 9 4.54926770E-03 8 -1.42092900E-02 37 0.108305439 7 0.210589543
 234698 1 8 0.00000000E+00 13 0.618068695 11 2.94249579E-02 40 -1.01384977E-02 10 5.35021387E-02 9 4.53224452E-03 8 -1.44157493E-02 37 0.109706610 7 0.209319606
 234699 1 8 0.00000000E+00 13 0.617032826 11 2.94325091E-02 40 -1.06723653E-02 10 5.43298870E-02 9 4.56011388E-03 8 -1.43673308E-02 37 0.109439746 7 0.210244641
 234700 1 8 0.00000000E+00 13 0.615981579 11 2.94449776E-02 40 -1.11944042E-02 10 5.51440604E-02 9 4.58897045E-03 8 -1.43197123E-02 37 0.109186091 7 0.211168453
 235400 1 8 0.00000000E+00 13 0.616477847 11 2.96153557E-02 40 -9.70203802E-03 10 5.30557744E-02 9 4.57384810E-03 8 -1.45235946E-02 37 0.110575698 7 0.209927127
 236101 1 8 0.00000000E+00 13 0.615870118 11 2.98068170E-02 40 -8.74004699E-03 10 5.18027917E-02 9 4.58868733E-03 8 -1.46776661E-02 37 0.111711778 7 0.209637508
 236102 1 8 0.00000000E+00 13 0.614892900 11 2.98045427E-02 40 -9.27526224E-03 10 5.26237153E-02 9 4.61410545E-03 8 -1.46289300E-02 37 0.111432411 7 0.210536510
