..\Lay_1_K_PP_List.txt
..\Lay_1_Zone_Arr.txt
 702 771
 100
PP_1_L_1
PP_2_L_1
PP_3_L_1
PP_4_L_1
PP_5_L_1
PP_6_L_1
PP_7_L_1
PP_8_L_1
PP_9_L_1
PP_10_L_1
PP_11_L_1
PP_12_L_1
PP_13_L_1
PP_14_L_1
PP_15_L_1
PP_16_L_1
PP_17_L_1
PP_18_L_1
PP_19_L_1
PP_20_L_1
PP_21_L_1
PP_22_L_1
PP_23_L_1
PP_24_L_1
PP_25_L_1
PP_26_L_1
PP_27_L_1
PP_28_L_1
PP_29_L_1
PP_30_L_1
PP_31_L_1
PP_32_L_1
PP_33_L_1
PP_34_L_1
PP_35_L_1
PP_36_L_1
PP_37_L_1
PP_38_L_1
PP_39_L_1
PP_40_L_1
PP_41_L_1
PP_42_L_1
PP_43_L_1
PP_44_L_1
PP_45_L_1
PP_46_L_1
PP_47_L_1
PP_48_L_1
PP_49_L_1
PP_50_L_1
PP_51_L_1
PP_52_L_1
PP_53_L_1
PP_54_L_1
PP_55_L_1
PP_56_L_1
PP_57_L_1
PP_58_L_1
PP_59_L_1
PP_60_L_1
PP_61_L_1
PP_62_L_1
PP_63_L_1
PP_64_L_1
PP_65_L_1
PP_66_L_1
PP_67_L_1
PP_68_L_1
PP_69_L_1
PP_70_L_1
PP_71_L_1
PP_72_L_1
PP_73_L_1
PP_74_L_1
PP_75_L_1
PP_76_L_1
PP_77_L_1
PP_78_L_1
PP_79_L_1
PP_80_L_1
PP_81_L_1
PP_82_L_1
PP_83_L_1
PP_84_L_1
PP_85_L_1
PP_86_L_1
PP_87_L_1
PP_88_L_1
PP_89_L_1
PP_90_L_1
PP_91_L_1
PP_92_L_1
PP_93_L_1
PP_94_L_1
PP_95_L_1
PP_96_L_1
PP_97_L_1
PP_98_L_1
PP_99_L_1
PP_100_L_1
 96329 1 8 0.00000000E+00 42 0.494647324 46 0.102779076 75 0.139910609 53 -8.06702450E-02 72 -8.43611266E-03 55 0.124935716 73 0.158995703 56 6.78379238E-02
 97029 1 8 0.00000000E+00 42 0.495581865 46 0.106672682 75 0.135736093 53 -8.10346454E-02 72 -8.08411557E-03 55 0.125733048 73 0.157722428 56 6.76726475E-02
 97030 1 8 0.00000000E+00 42 0.496700555 46 0.104864724 75 0.137592912 53 -8.07687342E-02 72 -8.33263900E-03 55 0.124871336 73 0.157641679 56 6.74301833E-02
 97031 1 8 0.00000000E+00 42 0.497751653 46 0.103056841 75 0.139483854 53 -8.05003494E-02 72 -8.58299714E-03 55 0.124021038 73 0.157578781 56 6.71911761E-02
 97729 1 8 0.00000000E+00 42 0.496126711 46 0.110729508 75 0.131584600 53 -8.14097002E-02 72 -7.73104420E-03 55 0.126627967 73 0.156541854 56 6.75301179E-02
 97730 1 8 0.00000000E+00 42 0.497416139 46 0.108887263 75 0.133392885 53 -8.11429545E-02 72 -7.97743350E-03 55 0.125729129 73 0.156417221 56 6.72777593E-02
 97731 1 8 0.00000000E+00 42 0.498640686 46 0.107041866 75 0.135236576 53 -8.08735490E-02 72 -8.22551176E-03 55 0.124841452 73 0.156309783 56 6.70286939E-02
 97732 1 8 0.00000000E+00 42 0.499798030 46 0.105195045 75 0.137115613 53 -8.06012750E-02 72 -8.47536325E-03 55 0.123965159 73 0.156219944 56 6.67828470E-02
 97733 1 8 0.00000000E+00 42 0.500886381 46 0.103348009 75 0.139029965 53 -8.03265348E-02 72 -8.72693583E-03 55 0.123100601 73 0.156148061 56 6.65404350E-02
 97734 1 8 0.00000000E+00 42 0.501903713 46 0.101502351 75 0.140979454 53 -8.00494328E-02 72 -8.98029562E-03 55 0.122248054 73 0.156094611 56 6.63015619E-02
 98427 1 8 0.00000000E+00 42 0.493179470 46 0.118659683 75 0.124067567 53 -8.23170468E-02 55 0.129523367 72 -6.89525995E-03 73 0.155837789 56 6.79444373E-02
 98428 1 8 0.00000000E+00 42 0.494754940 46 0.116805762 75 0.125750303 53 -8.20573643E-02 55 0.128567800 72 -7.13563664E-03 73 0.155638129 56 6.76760599E-02
 98429 1 8 0.00000000E+00 42 0.496273160 46 0.114942506 75 0.127469122 53 -8.17940235E-02 55 0.127622023 72 -7.37782195E-03 73 0.155454293 56 6.74107298E-02
 98430 1 8 0.00000000E+00 42 0.497731566 46 0.113071702 75 0.129224449 53 -8.15274194E-02 55 0.126686409 72 -7.62176374E-03 73 0.155286491 56 6.71485588E-02
 98431 1 8 0.00000000E+00 42 0.499128133 46 0.111194581 75 0.131016180 53 -8.12574998E-02 72 -7.86737539E-03 55 0.125761375 73 0.155135214 56 6.68893829E-02
 98432 1 8 0.00000000E+00 42 0.500460625 46 0.109312750 75 0.132844314 53 -8.09846818E-02 72 -8.11475981E-03 55 0.124847353 73 0.155000910 56 6.66335151E-02
 98433 1 8 0.00000000E+00 42 0.501726687 46 0.107427627 75 0.134709030 53 -8.07087496E-02 72 -8.36399011E-03 55 0.123944484 73 0.154883921 56 6.63809776E-02
 98434 1 8 0.00000000E+00 42 0.502924323 46 0.105540626 75 0.136610284 53 -8.04300457E-02 72 -8.61495640E-03 55 0.123053409 73 0.154784679 56 6.61316738E-02
 98435 1 8 0.00000000E+00 42 0.504051387 46 0.103653461 75 0.138548017 53 -8.01487863E-02 72 -8.86769965E-03 55 0.122174248 73 0.154703543 56 6.58858418E-02
 98436 1 8 0.00000000E+00 42 0.505105913 46 0.101767413 75 0.140522033 53 -7.98649937E-02 72 -9.12227482E-03 55 0.121307433 73 0.154641017 56 6.56434894E-02
 99128 1 8 0.00000000E+00 42 0.494334579 46 0.121184900 75 0.121740647 53 -8.24475214E-02 55 0.129698247 72 -6.78552780E-03 73 0.154685304 56 6.75893649E-02
 99129 1 8 0.00000000E+00 42 0.496014953 46 0.119303092 75 0.123401828 53 -8.21857527E-02 55 0.128716677 72 -7.02502020E-03 73 0.154459804 56 6.73144236E-02
 99130 1 8 0.00000000E+00 42 0.497639626 46 0.117409877 75 0.125100002 53 -8.19200203E-02 55 0.127744660 72 -7.26624439E-03 73 0.154249713 56 6.70423955E-02
 99131 1 8 0.00000000E+00 42 0.499205738 46 0.115507312 75 0.126835510 53 -8.16509351E-02 55 0.126782686 72 -7.50923203E-03 73 0.154055446 56 6.67734668E-02
 99132 1 8 0.00000000E+00 42 0.500711203 46 0.113596499 75 0.128608465 53 -8.13781992E-02 55 0.125831097 72 -7.75401853E-03 73 0.153877378 56 6.65075853E-02
 99133 1 8 0.00000000E+00 42 0.502153635 46 0.111679040 75 0.130418897 53 -8.11021701E-02 55 0.124890253 72 -8.00060295E-03 73 0.153715968 56 6.62449971E-02
 99134 1 8 0.00000000E+00 42 0.503530562 46 0.109756544 75 0.132266983 53 -8.08228925E-02 72 -8.24899413E-03 55 0.123960592 73 0.153571650 56 6.59855157E-02
 99829 1 8 0.00000000E+00 42 0.495349020 46 0.123800263 75 0.119394399 53 -8.25828165E-02 55 0.129913077 72 -6.67328201E-03 73 0.153558224 56 6.72411025E-02
 99830 1 8 0.00000000E+00 42 0.497135460 46 0.121891938 75 0.121031977 53 -8.23191777E-02 55 0.128905252 72 -6.91173458E-03 73 0.153306723 56 6.69595450E-02
 99831 1 8 0.00000000E+00 42 0.498867542 46 0.119970523 75 0.122707419 53 -8.20514411E-02 55 0.127906755 72 -7.15192081E-03 73 0.153070316 56 6.66808039E-02
 99832 1 8 0.00000000E+00 42 0.500542760 46 0.118037440 75 0.124420956 53 -8.17798972E-02 55 0.126918048 72 -7.39395386E-03 73 0.152849451 56 6.64051771E-02
 99833 1 8 0.00000000E+00 42 0.502158701 46 0.116094321 75 0.126172826 53 -8.15047547E-02 55 0.125939503 72 -7.63772568E-03 73 0.152644530 56 6.61326200E-02
 99834 1 8 0.00000000E+00 42 0.503712833 46 0.114142448 75 0.127963245 53 -8.12257826E-02 55 0.124971531 72 -7.88331777E-03 73 0.152455896 56 6.58631250E-02
 100530 1 8 0.00000000E+00 42 0.496217489 46 0.126506075 75 0.117031679 53 -8.27227756E-02 55 0.130169168 72 -6.55870698E-03 73 0.152457252 56 6.68998361E-02
 100531 1 8 0.00000000E+00 42 0.498110473 46 0.124573305 75 0.118643679 53 -8.24575499E-02 55 0.129134789 72 -6.79602288E-03 73 0.152179733 56 6.66116029E-02
 100532 1 8 0.00000000E+00 42 0.499950975 46 0.122625194 75 0.120294221 53 -8.21881518E-02 55 0.128109589 72 -7.03508453E-03 73 0.151917011 56 6.63262457E-02
 100533 1 8 0.00000000E+00 42 0.501736283 46 0.120663412 75 0.121983670 53 -8.19146037E-02 55 0.127093822 72 -7.27594085E-03 73 0.151669472 56 6.60438910E-02
 100534 1 8 0.00000000E+00 42 0.503463924 46 0.118689403 75 0.123712301 53 -8.16370547E-02 55 0.126088023 72 -7.51864631E-03 73 0.151437536 56 6.57645091E-02
 101231 1 8 0.00000000E+00 42 0.496934205 46 0.129302934 75 0.114655539 53 -8.28672349E-02 55 0.130467683 72 -6.44204207E-03 73 0.151383191 56 6.65656999E-02
 101232 1 8 0.00000000E+00 42 0.498934239 46 0.127347603 75 0.116239995 53 -8.26008320E-02 55 0.129406586 72 -6.67812442E-03 73 0.151079595 56 6.62709326E-02
 101233 1 8 0.00000000E+00 42 0.500883639 46 0.125374913 75 0.117863566 53 -8.23298022E-02 55 0.128354281 72 -6.91590970E-03 73 0.150790513 56 6.59788027E-02
 101234 1 8 0.00000000E+00 42 0.502780020 46 0.123386085 75 0.119526811 53 -8.20546076E-02 55 0.127311260 72 -7.15547614E-03 73 0.150516212 56 6.56896755E-02
 101933 1 8 0.00000000E+00 42 0.499601275 46 0.130215049 75 0.113824002 53 -8.27484429E-02 55 0.129721895 72 -6.55819848E-03 56 6.59373701E-02 73 0.150007054
 101934 1 8 0.00000000E+00 42 0.501660168 46 0.128219664 75 0.115418658 53 -8.24764371E-02 55 0.128642365 72 -6.79462031E-03 73 0.149691552 56 6.56386763E-02
 101935 1 8 0.00000000E+00 42 0.503668010 46 0.126205906 75 0.117053472 53 -8.21995884E-02 55 0.127571762 72 -7.03292154E-03 73 0.149390593 56 6.53427765E-02
 102634 1 8 0.00000000E+00 42 0.504798472 46 0.134368330 75 0.196161658 53 -9.81005728E-02 55 0.115526460 72 4.88072746E-02 56 4.16470245E-02 71 5.67913502E-02
 102635 1 8 0.00000000E+00 42 0.502274454 46 0.131160080 75 0.112962618 53 -8.26273486E-02 55 0.128974900 72 -6.67150877E-03 56 6.53059036E-02 73 0.148620918
 102636 1 8 0.00000000E+00 42 0.504394174 46 0.129123569 75 0.114567004 53 -8.23494941E-02 55 0.127876505 72 -6.90826681E-03 56 6.50032982E-02 73 0.148293212
 103308 1 8 0.00000000E+00 42 0.435929954 46 0.180006325 75 0.172902942 53 -0.105124302 55 0.145572960 72 5.94700277E-02 71 6.44069910E-02 56 4.68350947E-02
 103309 1 8 0.00000000E+00 42 0.438528985 46 0.178916276 75 0.173221484 53 -0.104918666 55 0.144495577 72 5.90468086E-02 71 6.40853867E-02 56 4.66241576E-02
 103310 1 8 0.00000000E+00 42 0.441138297 46 0.177787632 75 0.173566520 53 -0.104709491 55 0.143413395 72 5.86244091E-02 71 6.37654737E-02 56 4.64137644E-02
 103335 1 8 0.00000000E+00 42 0.505104125 46 0.137414441 75 0.193152979 53 -9.81564149E-02 55 0.115999199 72 4.85556461E-02 56 4.14383151E-02 71 5.64917438E-02
 103336 1 8 0.00000000E+00 42 0.507370174 46 0.135376975 75 0.194474280 53 -9.78404805E-02 55 0.114942633 72 4.81835231E-02 56 4.12548482E-02 71 5.62380180E-02
 103337 1 8 0.00000000E+00 42 0.509590626 46 0.133316427 75 0.195844606 53 -9.75206345E-02 55 0.113893524 72 4.78147008E-02 56 4.10729349E-02 71 5.59878200E-02
 103338 1 8 0.00000000E+00 42 0.507135272 46 0.130060434 75 0.113684520 53 -8.22201446E-02 55 0.127109423 72 -7.01883016E-03 56 6.43646494E-02 73 0.146884665
 104011 1 8 0.00000000E+00 42 0.439544499 46 0.180604577 75 0.171733424 53 -0.104783081 55 0.144414321 72 5.85490800E-02 71 6.36378229E-02 56 4.62993681E-02
 104012 1 8 0.00000000E+00 42 0.442199260 46 0.179468855 75 0.172064885 53 -0.104570895 55 0.143315434 72 5.81223108E-02 71 6.33135885E-02 56 4.60865423E-02
 104013 1 8 0.00000000E+00 42 0.444864154 46 0.178293347 75 0.172423810 53 -0.104354762 55 0.142211780 72 5.76961339E-02 71 6.29911721E-02 56 4.58743609E-02
 104014 1 8 0.00000000E+00 42 0.447537869 46 0.177077904 75 0.172810912 53 -0.104134724 55 0.141103849 72 5.72710410E-02 71 6.26704097E-02 56 4.56627607E-02
 104038 1 8 0.00000000E+00 42 0.509943247 46 0.136422113 75 0.192751050 53 -9.75770578E-02 55 0.114359215 72 4.75590751E-02 56 4.08607945E-02 71 5.56815378E-02
 104039 1 8 0.00000000E+00 42 0.512228429 46 0.134319454 75 0.194121957 53 -9.72502530E-02 55 0.113291197 72 4.71853875E-02 56 4.06762920E-02 71 5.54275550E-02
 104040 1 8 0.00000000E+00 42 0.509882271 46 0.131031722 75 0.112770513 53 -8.20880532E-02 55 0.126341000 72 -7.12652318E-03 56 6.37229607E-02 73 0.145466134
 104041 1 8 0.00000000E+00 42 0.512077153 46 0.128888890 75 0.114436470 53 -8.17931667E-02 55 0.125213146 72 -7.36544747E-03 56 6.34151474E-02 73 0.145127803
 104042 1 8 0.00000000E+00 42 0.514216781 46 0.126726314 75 0.116146229 53 -8.14929605E-02 55 0.124095082 72 -7.60643277E-03 73 0.144804597 56 6.31103665E-02
 104713 1 8 0.00000000E+00 42 0.440527529 46 0.182334483 75 0.170227304 53 -0.104645893 55 0.144343361 72 5.80513440E-02 71 6.31885976E-02 56 4.59732711E-02
 104714 1 8 0.00000000E+00 42 0.443227947 46 0.181192398 75 0.170544788 53 -0.104430653 55 0.143227443 72 5.76198623E-02 71 6.28601462E-02 56 4.57580835E-02
 104715 1 8 0.00000000E+00 42 0.445939928 46 0.180009052 75 0.170889720 53 -0.104211412 55 0.142106682 72 5.71893603E-02 71 6.25333562E-02 56 4.55433317E-02
 104716 1 8 0.00000000E+00 42 0.448661983 46 0.178784624 75 0.171262965 53 -0.103988163 55 0.140981257 72 5.67596704E-02 71 6.22083694E-02 56 4.53292765E-02
 104717 1 8 0.00000000E+00 42 0.451392978 46 0.177518710 75 0.171665385 53 -0.103760779 55 0.139851630 72 5.63309006E-02 71 6.18853308E-02 56 4.51158509E-02
 104741 1 8 0.00000000E+00 42 0.514868498 46 0.135359257 75 0.192362159 53 -9.69766304E-02 55 0.112688899 72 4.65557203E-02 56 4.02776450E-02 71 5.48644662E-02
 104742 1 8 0.00000000E+00 42 0.517171443 46 0.133189499 75 0.193784788 53 -9.66383889E-02 55 0.111609735 72 4.61805128E-02 56 4.00920585E-02 71 5.46103455E-02
 104743 1 8 0.00000000E+00 42 0.514895320 46 0.129850805 75 0.113499761 53 -8.16522911E-02 55 0.124423854 72 -7.46998610E-03 56 6.27662838E-02 73 0.143686250
 104744 1 8 0.00000000E+00 42 0.517100990 46 0.127642050 75 0.115219936 53 -8.13456029E-02 55 0.123286076 72 -7.71098351E-03 56 6.24573827E-02 73 0.143350139
 105417 1 8 0.00000000E+00 42 0.446982414 46 0.181768388 75 0.169336587 53 -0.104066439 55 0.142011628 72 5.66823035E-02 71 6.20739572E-02 56 4.52111699E-02
 105418 1 8 0.00000000E+00 42 0.449753016 46 0.180535540 75 0.169695556 53 -0.103839897 55 0.140868470 72 5.62480949E-02 71 6.17447384E-02 56 4.49944809E-02
 105419 1 8 0.00000000E+00 42 0.452533931 46 0.179259866 75 0.170083746 53 -0.103609122 55 0.139720961 72 5.58148026E-02 71 6.14171363E-02 56 4.47786786E-02
 105420 1 8 0.00000000E+00 42 0.455323458 46 0.177941561 75 0.170502186 53 -0.103374161 55 0.138569325 72 5.53825200E-02 71 6.10918291E-02 56 4.45632786E-02
 105443 1 8 0.00000000E+00 42 0.517509282 46 0.136437371 75 0.190564826 53 -9.66994837E-02 55 0.112086989 72 4.59256172E-02 56 3.98771949E-02 71 5.42982221E-02
 105444 1 8 0.00000000E+00 42 0.519881010 46 0.134222269 75 0.191987529 53 -9.63536799E-02 55 0.110988110 72 4.55455594E-02 56 3.96888144E-02 71 5.40403761E-02
 105445 1 8 0.00000000E+00 42 0.522200167 46 0.131983802 75 0.193464205 53 -9.60038006E-02 55 0.109898165 72 4.51690108E-02 56 3.95020507E-02 71 5.37863933E-02
 105446 1 8 0.00000000E+00 42 0.519992888 46 0.128592715 75 0.114259914 53 -8.11953694E-02 55 0.122475371 72 -7.81223690E-03 56 6.18013777E-02 73 0.141885325
 106120 1 8 0.00000000E+00 42 0.450809300 46 0.182331637 75 0.168108582 53 -0.103689849 55 0.140766069 72 5.57365641E-02 71 6.12793081E-02 56 4.46584001E-02
 106121 1 8 0.00000000E+00 42 0.453640610 46 0.181046754 75 0.168482035 53 -0.103455834 55 0.139600277 72 5.52986562E-02 71 6.09474108E-02 56 4.44400944E-02
 106122 1 8 0.00000000E+00 42 0.456481844 46 0.179717839 75 0.168885827 53 -0.103217348 55 0.138430163 72 5.48618063E-02 71 6.06176816E-02 56 4.42221835E-02
 106145 1 8 0.00000000E+00 42 0.520149112 46 0.137555525 75 0.188729554 53 -9.64188650E-02 55 0.111485533 72 4.52951118E-02 56 3.94749902E-02 71 5.37290648E-02
 106146 1 8 0.00000000E+00 42 0.522591770 46 0.135294124 75 0.190151691 53 -9.60655287E-02 55 0.110366561 72 4.49101888E-02 56 3.92838120E-02 71 5.34674078E-02
 106147 1 8 0.00000000E+00 42 0.524981678 46 0.133007944 75 0.191628724 53 -9.57075432E-02 55 0.109256633 72 4.45287637E-02 56 3.90942730E-02 71 5.32094948E-02
 106823 1 8 0.00000000E+00 42 0.454710811 46 0.182880700 75 0.166860417 53 -0.103300743 55 0.139489964 72 5.47824912E-02 71 6.04759939E-02 56 4.41003628E-02
 106824 1 8 0.00000000E+00 42 0.457604527 46 0.181541413 75 0.167248920 53 -0.103058666 55 0.138301075 72 5.43409698E-02 71 6.01418577E-02 56 4.38799188E-02
 106825 1 8 0.00000000E+00 42 0.460508078 46 0.180156589 75 0.167668805 53 -0.102812111 55 0.137108132 72 5.39005958E-02 71 5.98096959E-02 56 4.36602123E-02
 106826 1 8 0.00000000E+00 42 0.463420033 46 0.178725958 75 0.168121025 53 -0.102560893 55 0.135911718 72 5.34613468E-02 71 5.94795123E-02 56 4.34412882E-02
 106846 1 8 0.00000000E+00 42 0.520221055 46 0.140996441 75 0.185490295 53 -9.64916125E-02 55 0.112033196 72 4.50577997E-02 56 3.92666422E-02 71 5.34261726E-02
 106847 1 8 0.00000000E+00 42 0.522786617 46 0.138715193 75 0.186855793 53 -9.61350128E-02 55 0.110884964 72 4.46645431E-02 56 3.90710495E-02 71 5.31568751E-02
 106848 1 8 0.00000000E+00 42 0.525302529 46 0.136406258 75 0.188276425 53 -9.57735851E-02 55 0.109745353 72 4.42746989E-02 56 3.88769992E-02 71 5.28913327E-02
 106849 1 8 0.00000000E+00 42 0.527765512 46 0.134071261 75 0.189753234 53 -9.54074785E-02 55 0.108614869 72 4.38883528E-02 56 3.86845283E-02 71 5.26297279E-02
 106850 1 8 0.00000000E+00 42 0.530171871 46 0.131712347 75 0.191287056 53 -9.50370207E-02 55 0.107494280 72 4.35057320E-02 56 3.84939313E-02 71 5.23718223E-02
 107526 1 8 0.00000000E+00 42 0.458689272 46 0.183413848 75 0.165591538 53 -0.102898255 55 0.138182551 72 5.38203754E-02 71 5.96644171E-02 56 4.35362644E-02
 107527 1 8 0.00000000E+00 42 0.461647063 46 0.182017833 75 0.165995762 53 -0.102648005 55 0.136970267 72 5.33752255E-02 71 5.93277253E-02 56 4.33141254E-02
 107528 1 8 0.00000000E+00 42 0.464614868 46 0.180574417 75 0.166432425 53 -0.102393009 55 0.135754198 72 5.29313125E-02 71 5.89931682E-02 56 4.30926234E-02
 107529 1 8 0.00000000E+00 42 0.467590481 46 0.179084107 75 0.166902572 53 -0.102133140 55 0.134534761 72 5.24886549E-02 71 5.86607791E-02 56 4.28717844E-02
 107547 1 8 0.00000000E+00 42 0.520091891 46 0.144543841 75 0.182273969 53 -9.65712890E-02 55 0.112632230 72 4.48335707E-02 56 3.90637629E-02 71 5.31320274E-02
 107548 1 8 0.00000000E+00 42 0.522778809 46 0.142246529 75 0.183580890 53 -9.62119177E-02 55 0.111454651 72 4.44321409E-02 56 3.88638154E-02 71 5.28550521E-02
 107549 1 8 0.00000000E+00 42 0.525419712 46 0.139918357 75 0.184943065 53 -9.58475769E-02 55 0.110285275 72 4.40340005E-02 56 3.86653133E-02 71 5.25818169E-02
 107550 1 8 0.00000000E+00 42 0.528011322 46 0.137560830 75 0.186361462 53 -9.54782888E-02 55 0.109124653 72 4.36392166E-02 56 3.84685323E-02 71 5.23122661E-02
 107551 1 8 0.00000000E+00 42 0.530549884 46 0.135175809 75 0.187837049 53 -9.51038748E-02 55 0.107973300 72 4.32479046E-02 56 3.82732265E-02 71 5.20466901E-02
 108229 1 8 0.00000000E+00 42 0.462746799 46 0.183929384 75 0.164301723 53 -0.102481909 55 0.136843100 72 5.28501235E-02 71 5.88441454E-02 56 4.29666489E-02
 108230 1 8 0.00000000E+00 42 0.465770692 46 0.182474017 75 0.164722145 53 -0.102223150 55 0.135607034 72 5.24015985E-02 71 5.85050695E-02 56 4.27425802E-02
 108231 1 8 0.00000000E+00 42 0.468804330 46 0.180969670 75 0.165176213 53 -0.101959303 55 0.134367436 72 5.19541837E-02 71 5.81681803E-02 56 4.25192751E-02
 108232 1 8 0.00000000E+00 42 0.471845806 46 0.179416507 75 0.165665090 53 -0.101690561 55 0.133124739 72 5.15081286E-02 71 5.78335859E-02 56 4.22966965E-02
 108248 1 8 0.00000000E+00 42 0.519756377 46 0.148196533 75 0.179084897 53 -9.66575891E-02 55 0.113284089 72 4.46223319E-02 56 3.88664752E-02 71 5.28468788E-02
 108249 1 8 0.00000000E+00 42 0.522562861 46 0.145887211 75 0.180331558 53 -9.62960124E-02 55 0.112077177 72 4.42128591E-02 56 3.86622176E-02 71 5.25621399E-02
 108250 1 8 0.00000000E+00 42 0.525327682 46 0.143543229 75 0.181633234 53 -9.59290415E-02 55 0.110877886 72 4.38065380E-02 56 3.84593308E-02 71 5.22811487E-02
 108251 1 8 0.00000000E+00 42 0.528046727 46 0.141166762 75 0.182991117 53 -9.55567360E-02 55 0.109686799 72 4.34034355E-02 56 3.82579602E-02 71 5.20039164E-02
 108252 1 8 0.00000000E+00 42 0.530716598 46 0.138759315 75 0.184406251 53 -9.51792374E-02 55 0.108504690 72 4.30038124E-02 56 3.80582772E-02 71 5.17302826E-02
 108932 1 8 0.00000000E+00 42 0.466885626 46 0.184425771 75 0.162990406 53 -0.102051266 55 0.135470778 72 5.18720262E-02 71 5.80152646E-02 56 4.23914045E-02
 108933 1 8 0.00000000E+00 42 0.469977558 46 0.182908282 75 0.163427785 53 -0.101783521 55 0.134210601 72 5.14199734E-02 71 5.76738641E-02 56 4.21654396E-02
 108934 1 8 0.00000000E+00 42 0.473078996 46 0.181340232 75 0.163900062 53 -0.101510569 55 0.132947102 72 5.09691872E-02 71 5.73347434E-02 56 4.19402532E-02
 108935 1 8 0.00000000E+00 42 0.476188183 46 0.179721475 75 0.164408237 53 -0.101232424 55 0.131680936 72 5.05198315E-02 71 5.69979139E-02 56 4.17158492E-02
 108950 1 8 0.00000000E+00 42 0.522134483 46 0.149635106 75 0.177111939 53 -9.63867679E-02 55 0.112753905 72 4.40067612E-02 56 3.84661369E-02 71 5.22784293E-02
 108951 1 8 0.00000000E+00 42 0.525020897 46 0.147279754 75 0.178351343 53 -9.60177705E-02 55 0.111524686 72 4.35924605E-02 56 3.82590257E-02 71 5.19895740E-02
 108952 1 8 0.00000000E+00 42 0.527865887 46 0.144888252 75 0.179646775 53 -9.56429765E-02 55 0.110303111 72 4.31812219E-02 56 3.80532928E-02 71 5.17044216E-02
 108953 1 8 0.00000000E+00 42 0.530665696 46 0.142462268 75 0.180999339 53 -9.52624157E-02 55 0.109089911 72 4.27732132E-02 56 3.78490575E-02 71 5.14229648E-02
 109635 1 8 0.00000000E+00 42 0.471108109 46 0.184901103 75 0.161657333 53 -0.101605624 55 0.134064630 72 5.08860685E-02 71 5.71780652E-02 56 4.18102890E-02
 109636 1 8 0.00000000E+00 42 0.474270314 46 0.183318585 75 0.162112236 53 -0.101328537 55 0.132779986 72 5.04306406E-02 71 5.68343066E-02 56 4.15824875E-02
 109637 1 8 0.00000000E+00 42 0.477441669 46 0.181683764 75 0.162603304 53 -0.101046063 55 0.131492376 72 4.99766022E-02 71 5.64929880E-02 56 4.13553566E-02
 109638 1 8 0.00000000E+00 42 0.480620414 46 0.179996505 75 0.163131729 53 -0.100758046 55 0.130202398 72 4.95238788E-02 71 5.61539046E-02 56 4.11291979E-02
 109651 1 8 0.00000000E+00 42 0.521489263 46 0.153488353 75 0.173926279 53 -9.64837149E-02 55 0.113486275 72 4.38137688E-02 56 3.82757671E-02 71 5.20040356E-02
 109652 1 8 0.00000000E+00 42 0.524494827 46 0.151125982 75 0.175101817 53 -9.61129218E-02 55 0.112226970 72 4.33915704E-02 56 3.80643643E-02 71 5.17073870E-02
 109653 1 8 0.00000000E+00 42 0.527463615 46 0.148723736 75 0.176332951 53 -9.57361907E-02 55 0.110974848 72 4.29723449E-02 56 3.78543399E-02 71 5.14143407E-02
 109654 1 8 0.00000000E+00 42 0.530391335 46 0.146283537 75 0.177621081 53 -9.53533575E-02 55 0.109730475 72 4.25562374E-02 56 3.76456454E-02 71 5.11250421E-02
 110338 1 8 0.00000000E+00 42 0.475416869 46 0.185353369 75 0.160301939 53 -0.101144448 55 0.132624090 72 4.98925447E-02 71 5.63320443E-02 56 4.12235856E-02
 110339 1 8 0.00000000E+00 42 0.478651464 46 0.183702692 75 0.160775155 53 -0.100857720 55 0.131314635 72 4.94337454E-02 71 5.59861846E-02 56 4.09938395E-02
 110340 1 8 0.00000000E+00 42 0.481894970 46 0.181997925 75 0.161285847 53 -0.100565113 55 0.130002528 72 4.89763059E-02 71 5.56426197E-02 56 4.07649167E-02
 110341 1 8 0.00000000E+00 42 0.485145152 46 0.180239275 75 0.161835209 53 -0.100266896 55 0.128688291 72 4.85205278E-02 71 5.53016923E-02 56 4.05367389E-02
 110352 1 8 0.00000000E+00 42 0.520623505 46 0.157444298 75 0.170778960 53 -9.65864286E-02 55 0.114275523 72 4.36338671E-02 71 5.17392345E-02 56 3.80910523E-02
 110353 1 8 0.00000000E+00 42 0.523745477 46 0.155079439 75 0.171889067 53 -9.62143913E-02 55 0.112986326 72 4.32039090E-02 56 3.78753990E-02 71 5.14347851E-02
 110354 1 8 0.00000000E+00 42 0.526834965 46 0.152671352 75 0.173054397 53 -9.58359987E-02 55 0.111703552 72 4.27768491E-02 56 3.76610234E-02 71 5.11338860E-02
 110355 1 8 0.00000000E+00 42 0.529888451 46 0.150221184 75 0.174276263 53 -9.54514518E-02 55 0.110428125 72 4.23527695E-02 56 3.74481305E-02 71 5.08365072E-02
 110356 1 8 0.00000000E+00 42 0.532901704 46 0.147731036 75 0.175555989 53 -9.50605050E-02 55 0.109160535 72 4.19317819E-02 56 3.72364931E-02 71 5.05429432E-02
 111041 1 8 0.00000000E+00 42 0.479814619 46 0.185780361 75 0.158923835 53 -0.100667134 55 0.131148145 72 4.88913991E-02 71 5.54775298E-02 56 4.06312421E-02
 111042 1 8 0.00000000E+00 42 0.483123720 46 0.184058413 75 0.159416065 53 -0.100370042 55 0.129813537 72 4.84292880E-02 71 5.51294610E-02 56 4.03995365E-02
 111043 1 8 0.00000000E+00 42 0.486441493 46 0.182280496 75 0.159947217 53 -0.100067154 55 0.128476605 72 4.79687601E-02 71 5.47839105E-02 56 4.01686728E-02
 111044 1 8 0.00000000E+00 42 0.489765704 46 0.180446640 75 0.160518453 53 -9.97582525E-02 55 0.127138093 72 4.75098044E-02 71 5.44408448E-02 56 3.99387330E-02
 111053 1 8 0.00000000E+00 42 0.519534171 46 0.161499754 75 0.167674124 53 -9.66943726E-02 55 0.115122922 72 4.34670039E-02 71 5.14844656E-02 56 3.79119255E-02
 111054 1 8 0.00000000E+00 42 0.522768974 46 0.159137473 75 0.168717310 53 -9.63213965E-02 55 0.113804065 72 4.30294797E-02 71 5.11718504E-02 56 3.76922265E-02
 111055 1 8 0.00000000E+00 42 0.525976300 46 0.156728148 75 0.169815257 53 -9.59419534E-02 55 0.112490863 72 4.25947495E-02 56 3.74736041E-02 71 5.08630127E-02
 111056 1 8 0.00000000E+00 42 0.529152453 46 0.154273093 75 0.170969337 53 -9.55559090E-02 55 0.111184217 72 4.21627685E-02 56 3.72563563E-02 71 5.05576953E-02
 111057 1 8 0.00000000E+00 42 0.532292843 46 0.151774526 75 0.172180861 53 -9.51633602E-02 55 0.109884761 72 4.17337827E-02 56 3.70405279E-02 71 5.02560325E-02
 111744 1 8 0.00000000E+00 42 0.484304100 46 0.186179593 75 0.157522693 53 -0.100172788 55 0.129635796 72 4.78828810E-02 71 5.46147190E-02 56 4.00329866E-02
 111745 1 8 0.00000000E+00 42 0.487690091 46 0.184383094 75 0.158034682 53 -9.98650938E-02 55 0.128275782 72 4.74176183E-02 71 5.42644411E-02 56 3.97993848E-02
 111746 1 8 0.00000000E+00 42 0.491084397 46 0.182528615 75 0.158587009 53 -9.95513126E-02 55 0.126913846 72 4.69540022E-02 71 5.39167635E-02 56 3.95666733E-02
 111747 1 8 0.00000000E+00 42 0.494484752 46 0.180616111 75 0.159181044 53 -9.92311537E-02 55 0.125550687 72 4.64919209E-02 71 5.35717644E-02 56 3.93348671E-02
 111748 1 8 0.00000000E+00 42 0.497888178 46 0.178646490 75 0.159817904 53 -9.89045873E-02 55 0.124186859 72 4.60316874E-02 71 5.32296263E-02 56 3.91038507E-02
 111749 1 8 0.00000000E+00 42 0.501292348 46 0.176619589 75 0.160499051 53 -9.85716134E-02 55 0.122823134 72 4.55733687E-02 71 5.28903380E-02 56 3.88737507E-02
 111750 1 8 0.00000000E+00 42 0.504694462 46 0.174536094 75 0.161225721 53 -9.82320979E-02 55 0.121460222 72 4.51169834E-02 71 5.25538884E-02 56 3.86446938E-02
 111751 1 8 0.00000000E+00 42 0.508091331 46 0.172396705 75 0.161999345 53 -9.78858247E-02 55 0.120098703 72 4.46626507E-02 71 5.22205532E-02 56 3.84165384E-02
 111752 1 8 0.00000000E+00 42 0.511480033 46 0.170201972 75 0.162821308 53 -9.75329056E-02 55 0.118739381 72 4.42104898E-02 71 5.18903285E-02 56 3.81894000E-02
 111753 1 8 0.00000000E+00 42 0.514857173 46 0.167953029 75 0.163692921 53 -9.71733406E-02 55 0.117382877 72 4.37606014E-02 71 5.15632220E-02 56 3.79634947E-02
 111754 1 8 0.00000000E+00 42 0.518219411 46 0.165650710 75 0.164615616 53 -9.68068913E-02 55 0.116029985 72 4.33131456E-02 71 5.12395874E-02 56 3.77384275E-02
 111755 1 8 0.00000000E+00 42 0.521562874 46 0.163296402 75 0.165590927 53 -9.64336321E-02 55 0.114681378 72 4.28681932E-02 71 5.09192646E-02 56 3.75145823E-02
 111756 1 8 0.00000000E+00 42 0.524884224 46 0.160891131 75 0.166620195 53 -9.60535705E-02 55 0.113337912 72 4.24258970E-02 71 5.06023280E-02 56 3.72919030E-02
 111757 1 8 0.00000000E+00 42 0.528179228 46 0.158436596 75 0.167704970 53 -9.56665203E-02 55 0.112000130 72 4.19861786E-02 71 5.02889939E-02 56 3.70704569E-02
 111758 1 8 0.00000000E+00 42 0.531444073 46 0.155934140 75 0.168846622 53 -9.52727795E-02 55 0.110669032 72 4.15494181E-02 56 3.68502513E-02 71 4.99792509E-02
 112447 1 8 0.00000000E+00 42 0.488888085 46 0.186548889 75 0.156097874 53 -9.96605903E-02 55 0.128086329 72 4.68670987E-02 71 5.37432544E-02 56 3.94290723E-02
 112448 1 8 0.00000000E+00 42 0.492353588 46 0.184674025 75 0.156630442 53 -9.93418917E-02 55 0.126700610 72 4.63987440E-02 71 5.33909462E-02 56 3.91935371E-02
 112449 1 8 0.00000000E+00 42 0.495826781 46 0.182739377 75 0.157204896 53 -9.90167111E-02 55 0.125313371 72 4.59320471E-02 71 5.30412234E-02 56 3.89590263E-02
 112450 1 8 0.00000000E+00 42 0.499305546 46 0.180744663 75 0.157822579 53 -9.86848548E-02 55 0.123925380 72 4.54671271E-02 71 5.26944585E-02 56 3.87251005E-02
 112451 1 8 0.00000000E+00 42 0.502786636 46 0.178690881 75 0.158484861 53 -9.83463451E-02 55 0.122537263 72 4.50039953E-02 71 5.23503646E-02 56 3.84923741E-02
 112452 1 8 0.00000000E+00 42 0.506267428 46 0.176578090 75 0.159193113 53 -9.80010182E-02 55 0.121149726 72 4.45428602E-02 71 5.20093851E-02 56 3.82604189E-02
 112453 1 8 0.00000000E+00 42 0.509745061 46 0.174406990 75 0.159948647 53 -9.76487175E-02 55 0.119763307 72 4.40837592E-02 71 5.16714752E-02 56 3.80294882E-02
 112454 1 8 0.00000000E+00 42 0.513216019 46 0.172178417 75 0.160753056 53 -9.72896367E-02 55 0.118379161 72 4.36268188E-02 71 5.13366535E-02 56 3.77995260E-02
 112455 1 8 0.00000000E+00 42 0.516677141 46 0.169893190 75 0.161607653 53 -9.69235897E-02 55 0.116997749 72 4.31722291E-02 71 5.10049872E-02 56 3.75706367E-02
 112456 1 8 0.00000000E+00 42 0.520125091 46 0.167552054 75 0.162513927 53 -9.65502560E-02 55 0.115619808 72 4.27198969E-02 71 5.06767109E-02 56 3.73427495E-02
 112457 1 8 0.00000000E+00 42 0.523555934 46 0.165156573 75 0.163473383 53 -9.61701646E-02 55 0.114246234 72 4.22702134E-02 71 5.03517911E-02 56 3.71160135E-02
 112458 1 8 0.00000000E+00 42 0.526965857 46 0.162707850 75 0.164487556 53 -9.57827643E-02 55 0.112877585 72 4.18230146E-02 71 5.00303879E-02 56 3.68904844E-02
 112459 1 8 0.00000000E+00 42 0.530350864 46 0.160207435 75 0.165557995 53 -9.53882411E-02 55 0.111514710 72 4.13785391E-02 71 4.97126095E-02 56 3.66660915E-02
 113150 1 8 0.00000000E+00 42 0.493569881 46 0.186885267 75 0.154648945 53 -9.91302133E-02 55 0.126498908 72 4.58444692E-02 71 5.28633557E-02 56 3.88193764E-02
 113151 1 8 0.00000000E+00 42 0.497117281 46 0.184928492 75 0.155202955 53 -9.87998396E-02 55 0.125087172 72 4.53730561E-02 71 5.25089242E-02 56 3.85819636E-02
 113152 1 8 0.00000000E+00 42 0.500672042 46 0.182909578 75 0.155800447 53 -9.84626710E-02 55 0.123674400 72 4.49033938E-02 71 5.21573685E-02 56 3.83454226E-02
 113153 1 8 0.00000000E+00 42 0.504231393 46 0.180829018 75 0.156442881 53 -9.81185064E-02 55 0.122261196 72 4.44355048E-02 71 5.18088005E-02 56 3.81097347E-02
 113154 1 8 0.00000000E+00 42 0.507792473 46 0.178687081 75 0.157131553 53 -9.77673978E-02 55 0.120848589 72 4.39696535E-02 71 5.14629968E-02 56 3.78750637E-02
 113155 1 8 0.00000000E+00 42 0.511352003 46 0.176484525 75 0.157868087 53 -9.74091291E-02 55 0.119437158 72 4.35058363E-02 71 5.11202365E-02 56 3.76412906E-02
 113156 1 8 0.00000000E+00 42 0.514907360 46 0.174221665 75 0.158653751 53 -9.70436633E-02 55 0.118027523 72 4.30440716E-02 71 5.07807359E-02 56 3.74085829E-02
 113157 1 8 0.00000000E+00 42 0.518454254 46 0.171899974 75 0.159490317 53 -9.66710895E-02 55 0.116620578 72 4.25846875E-02 71 5.04446402E-02 56 3.71766649E-02
 113158 1 8 0.00000000E+00 42 0.521989822 46 0.169519931 75 0.160378963 53 -9.62910280E-02 55 0.115216993 72 4.21276726E-02 71 5.01117781E-02 56 3.69458757E-02
 113159 1 8 0.00000000E+00 42 0.525509953 46 0.167082876 75 0.161321506 53 -9.59037244E-02 55 0.113817707 72 4.16731276E-02 71 4.97822315E-02 56 3.67163084E-02
 113160 1 8 0.00000000E+00 42 0.529010832 46 0.164590105 75 0.162319422 53 -9.55088735E-02 55 0.112423360 72 4.12211269E-02 71 4.94563133E-02 56 3.64877135E-02
 113161 1 8 0.00000000E+00 42 0.532488346 46 0.162043035 75 0.163374245 53 -9.51067507E-02 55 0.111035019 72 4.07718867E-02 71 4.91337478E-02 56 3.62604968E-02
 113853 1 8 0.00000000E+00 42 0.498352498 46 0.187186018 75 0.153175578 53 -9.85804573E-02 55 0.124872483 72 4.48148996E-02 71 5.19750714E-02 56 3.82039100E-02
 113854 1 8 0.00000000E+00 42 0.501984656 46 0.185143083 75 0.153751850 53 -9.82378498E-02 55 0.123434417 72 4.43405248E-02 71 5.16186729E-02 56 3.79646420E-02
 113855 1 8 0.00000000E+00 42 0.505623460 46 0.183036074 75 0.154373363 53 -9.78881121E-02 55 0.121995918 72 4.38679233E-02 71 5.12652434E-02 56 3.77261303E-02
 113856 1 8 0.00000000E+00 42 0.509266138 46 0.180865183 75 0.155041501 53 -9.75312442E-02 55 0.120557666 72 4.33973707E-02 71 5.09147719E-02 56 3.74885947E-02
 113857 1 8 0.00000000E+00 42 0.512909353 46 0.178631216 75 0.155757830 53 -9.71667618E-02 55 0.119120255 72 4.29287963E-02 71 5.05674109E-02 56 3.72519083E-02
 113858 1 8 0.00000000E+00 42 0.516550183 46 0.176334545 75 0.156523779 53 -9.67950895E-02 55 0.117684744 72 4.24624048E-02 71 5.02231158E-02 56 3.70163247E-02
 113859 1 8 0.00000000E+00 42 0.520184755 46 0.173976228 75 0.157341003 53 -9.64158028E-02 55 0.116251700 72 4.19982411E-02 71 4.98822890E-02 56 3.67815644E-02
 113860 1 8 0.00000000E+00 42 0.523809850 46 0.171556994 75 0.158211038 53 -9.60289985E-02 55 0.114822030 72 4.15364727E-02 71 4.95447516E-02 56 3.65479030E-02
 113861 1 8 0.00000000E+00 42 0.527421474 46 0.169077978 75 0.159135446 53 -9.56345052E-02 55 0.113396540 72 4.10771891E-02 71 4.92105819E-02 56 3.63153182E-02
 113862 1 8 0.00000000E+00 42 0.531015515 46 0.166540712 75 0.160115793 53 -9.52322334E-02 55 0.111975938 72 4.06204499E-02 71 4.88799736E-02 56 3.60838734E-02
 113863 1 8 0.00000000E+00 42 0.534587801 46 0.163946435 75 0.161153942 53 -9.48222876E-02 55 0.110561207 72 4.01664115E-02 71 4.85529639E-02 56 3.58535573E-02
 114555 1 8 0.00000000E+00 42 0.499529272 46 0.189514041 75 0.151122972 53 -9.83584374E-02 55 0.124669977 72 4.42577526E-02 71 5.14395274E-02 56 3.78248915E-02
 114556 1 8 0.00000000E+00 42 0.503239632 46 0.187447727 75 0.151677057 53 -9.80104730E-02 55 0.123206235 72 4.37787920E-02 71 5.10783046E-02 56 3.75826992E-02
 114557 1 8 0.00000000E+00 42 0.506958961 46 0.185314849 75 0.152276620 53 -9.76551995E-02 55 0.121741675 72 4.33015414E-02 71 5.07201105E-02 56 3.73414047E-02
 114558 1 8 0.00000000E+00 42 0.510684490 46 0.183115408 75 0.152923182 53 -9.72923711E-02 55 0.120277151 72 4.28262576E-02 71 5.03648520E-02 56 3.71010080E-02
 114559 1 8 0.00000000E+00 42 0.514412999 46 0.180850029 75 0.153618142 53 -9.69217941E-02 55 0.118813470 72 4.23529260E-02 71 5.00126407E-02 56 3.68615612E-02
 114560 1 8 0.00000000E+00 42 0.518141210 46 0.178519338 75 0.154363260 53 -9.65437740E-02 55 0.117351450 72 4.18818593E-02 71 4.96636704E-02 56 3.66230011E-02
 114561 1 8 0.00000000E+00 42 0.521865249 46 0.176124305 75 0.155160069 53 -9.61578190E-02 55 0.115891740 72 4.14129421E-02 71 4.93180379E-02 56 3.63854542E-02
 114562 1 8 0.00000000E+00 42 0.525581777 46 0.173665747 75 0.156010121 53 -9.57639888E-02 55 0.114435248 72 4.09464538E-02 71 4.89758551E-02 56 3.61487754E-02
 114563 1 8 0.00000000E+00 42 0.529286861 46 0.171144605 75 0.156915188 53 -9.53622982E-02 55 0.112982996 72 4.04823720E-02 71 4.86369096E-02 56 3.59133482E-02
 114564 1 8 0.00000000E+00 42 0.532976449 46 0.168562248 75 0.157876849 53 -9.49525237E-02 55 0.111535557 72 4.00209539E-02 71 4.83016670E-02 56 3.56788300E-02
 114565 1 8 0.00000000E+00 42 0.536645710 46 0.165920451 75 0.158896923 53 -9.45346132E-02 55 0.110093825 72 3.95621322E-02 71 4.79699969E-02 56 3.54455486E-02
 115258 1 8 0.00000000E+00 42 0.504433513 46 0.189825833 75 0.149576545 53 -9.77805331E-02 55 0.122990184 72 4.32181433E-02 71 5.05365655E-02 56 3.71997580E-02
 115259 1 8 0.00000000E+00 42 0.508234799 46 0.187667251 75 0.150152996 53 -9.74194631E-02 55 0.121499114 72 4.27362882E-02 71 5.01733981E-02 56 3.69556434E-02
 115260 1 8 0.00000000E+00 42 0.512044370 46 0.185439646 75 0.150776818 53 -9.70506668E-02 55 0.120007880 72 4.22562882E-02 71 4.98132072E-02 56 3.67124341E-02
 115261 1 8 0.00000000E+00 42 0.515859425 46 0.183143348 75 0.151449442 53 -9.66742560E-02 55 0.118517198 72 4.17783558E-02 71 4.94564027E-02 56 3.64700705E-02
 115262 1 8 0.00000000E+00 42 0.519676328 46 0.180778995 75 0.152172461 53 -9.62895975E-02 55 0.117028080 72 4.13025506E-02 71 4.91025299E-02 56 3.62286195E-02
 115263 1 8 0.00000000E+00 42 0.523491859 46 0.178347141 75 0.152947694 53 -9.58969742E-02 55 0.115541190 72 4.08288650E-02 71 4.87520173E-02 56 3.59882265E-02
 115264 1 8 0.00000000E+00 42 0.527301848 46 0.175848931 75 0.153776601 53 -9.54961479E-02 55 0.114057489 72 4.03577127E-02 71 4.84048910E-02 56 3.57486866E-02
 115265 1 8 0.00000000E+00 42 0.531102419 46 0.173285529 75 0.154661030 53 -9.50871781E-02 55 0.112577647 72 3.98889668E-02 71 4.80613038E-02 56 3.55102681E-02
 115266 1 8 0.00000000E+00 42 0.534889400 46 0.170657963 75 0.155602798 53 -9.46697295E-02 55 0.111102700 72 3.94227393E-02 71 4.77213673E-02 56 3.52727585E-02
 115267 1 8 0.00000000E+00 42 0.538658500 46 0.167967811 75 0.156603485 53 -9.42438468E-02 55 0.109633394 72 3.89592573E-02 71 4.73851040E-02 56 3.50363329E-02
 115962 1 8 0.00000000E+00 42 0.513341486 46 0.187840968 75 0.148602962 53 -9.68064517E-02 55 0.119750388 72 4.16876934E-02 71 4.92600724E-02 56 3.63229066E-02
 115963 1 8 0.00000000E+00 42 0.517244518 46 0.185513988 75 0.149251997 53 -9.64237303E-02 55 0.118232206 72 4.12050560E-02 71 4.88982908E-02 56 3.60776931E-02
 115964 1 8 0.00000000E+00 42 0.521151960 46 0.183115944 75 0.149951845 53 -9.60325822E-02 55 0.116715401 72 4.07245532E-02 71 4.85394895E-02 56 3.58333811E-02
 115965 1 8 0.00000000E+00 42 0.525060236 46 0.180647716 75 0.150704131 53 -9.56332162E-02 55 0.115200631 72 4.02463339E-02 71 4.81842346E-02 56 3.55899669E-02
 115966 1 8 0.00000000E+00 42 0.528965652 46 0.178109869 75 0.151510686 53 -9.52254087E-02 55 0.113688931 72 3.97704206E-02 71 4.78323251E-02 56 3.53475101E-02
 115967 1 8 0.00000000E+00 42 0.532863736 46 0.175503984 75 0.152373284 53 -9.48090777E-02 55 0.112181045 72 3.92970107E-02 71 4.74838391E-02 56 3.51061746E-02
 115968 1 8 0.00000000E+00 42 0.536750734 46 0.172830671 75 0.153293669 53 -9.43838656E-02 55 0.110677890 72 3.88260372E-02 71 4.71391529E-02 56 3.48657034E-02
 115969 1 8 0.00000000E+00 42 0.540621877 46 0.170091689 75 0.154273763 53 -9.39500779E-02 55 0.109180540 72 3.83578055E-02 71 4.67980169E-02 56 3.46263759E-02
 115970 1 8 0.00000000E+00 42 0.544472277 46 0.167288780 75 0.155315354 53 -9.35074687E-02 55 0.107689835 72 3.78925316E-02 71 4.64606881E-02 56 3.43879946E-02
 116667 1 8 0.00000000E+00 42 0.526566327 46 0.183028907 75 0.148429945 53 -9.53665897E-02 55 0.114870690 72 3.96652035E-02 71 4.76146452E-02 56 3.51908728E-02
 116668 1 8 0.00000000E+00 42 0.530568779 46 0.180451706 75 0.149212793 53 -9.49517488E-02 55 0.113330230 72 3.91847603E-02 71 4.72580194E-02 56 3.49454395E-02
 116669 1 8 0.00000000E+00 42 0.534566939 46 0.177802727 75 0.150052160 53 -9.45277661E-02 55 0.111793615 72 3.87066156E-02 71 4.69048135E-02 56 3.47009115E-02
 116670 1 8 0.00000000E+00 42 0.538555980 46 0.175083533 75 0.150949880 53 -9.40948799E-02 55 0.110261805 72 3.82310078E-02 71 4.65550497E-02 56 3.44576128E-02
 116671 1 8 0.00000000E+00 42 0.542531431 46 0.172295555 75 0.151907936 53 -9.36529413E-02 55 0.108735614 72 3.77581008E-02 71 4.62090634E-02 56 3.42152603E-02
 116672 1 8 0.00000000E+00 42 0.546488464 46 0.169440314 75 0.152928159 53 -9.32020247E-02 55 0.107216045 72 3.72881889E-02 71 4.58669178E-02 56 3.39739211E-02
 116673 1 8 0.00000000E+00 42 0.550422072 46 0.166519672 75 0.154012576 53 -9.27416533E-02 55 0.105703928 72 3.68209779E-02 71 4.55287099E-02 56 3.37337032E-02
 117371 1 8 0.00000000E+00 42 0.536206841 46 0.180185601 75 0.147698164 53 -9.42435414E-02 55 0.111416183 72 3.81178781E-02 71 4.63237949E-02 56 3.42951007E-02
 117372 1 8 0.00000000E+00 42 0.540300310 46 0.177420229 75 0.148571789 53 -9.38028321E-02 55 0.109854899 72 3.76377702E-02 71 4.59691547E-02 56 3.40486653E-02
 117373 1 8 0.00000000E+00 42 0.544382691 46 0.174582690 75 0.149506360 53 -9.33527350E-02 55 0.108299099 72 3.71603109E-02 71 4.56184261E-02 56 3.38031761E-02
 117374 1 8 0.00000000E+00 42 0.548449218 46 0.171674326 75 0.150503695 53 -9.28930789E-02 55 0.106749937 72 3.66856009E-02 71 4.52714786E-02 56 3.35587822E-02
 117375 1 8 0.00000000E+00 42 0.552494287 46 0.168697491 75 0.151566029 53 -9.24238488E-02 55 0.105208382 72 3.62138301E-02 71 4.49283421E-02 56 3.33154909E-02
 117376 1 8 0.00000000E+00 42 0.556512773 46 0.165653870 75 0.152695373 53 -9.19449925E-02 55 0.103675306 72 3.57450880E-02 71 4.45893332E-02 56 3.30732726E-02
 118075 1 8 0.00000000E+00 42 0.546170890 46 0.176956639 75 0.147069350 53 -9.30493101E-02 55 0.107871652 72 3.65644172E-02 71 4.50260825E-02 56 3.33902650E-02
 118076 1 8 0.00000000E+00 42 0.550349295 46 0.173994973 75 0.148042426 53 -9.25810635E-02 55 0.106292315 72 3.60850468E-02 71 4.46740203E-02 56 3.31430100E-02
 118077 1 8 0.00000000E+00 42 0.554508984 46 0.170960903 75 0.149081036 53 -9.21027660E-02 55 0.104720481 72 3.56087647E-02 71 4.43261229E-02 56 3.28964330E-02
 118078 1 8 0.00000000E+00 42 0.558644295 46 0.167856678 75 0.150187492 53 -9.16143805E-02 55 0.103157178 72 3.51353996E-02 71 4.39821929E-02 56 3.26511450E-02
 118079 1 8 0.00000000E+00 42 0.562749267 46 0.164684579 75 0.151363894 53 -9.11158621E-02 55 0.101603553 72 3.46652716E-02 71 4.36424948E-02 56 3.24067920E-02
 118778 1 8 0.00000000E+00 42 0.552183747 46 0.176405713 75 0.145544589 53 -9.22654718E-02 55 0.105843492 72 3.54866534E-02 71 4.40751277E-02 56 3.27261500E-02
 118779 1 8 0.00000000E+00 42 0.556460917 46 0.173314005 75 0.146557942 53 -9.17780548E-02 55 0.104240663 72 3.50058079E-02 71 4.37222011E-02 56 3.24765481E-02
 118780 1 8 0.00000000E+00 42 0.560716033 46 0.170148373 75 0.147639900 53 -9.12802666E-02 55 0.102646500 72 3.45280431E-02 71 4.33733389E-02 56 3.22280414E-02
 118781 1 8 0.00000000E+00 42 0.564943433 46 0.166911125 75 0.148792654 53 -9.07716677E-02 55 0.101061933 72 3.40532586E-02 71 4.30286191E-02 56 3.19806673E-02
 119479 1 8 0.00000000E+00 42 0.549537122 46 0.181980208 75 0.142091066 53 -9.24322829E-02 55 0.107046336 72 3.53788249E-02 71 4.38364595E-02 56 3.25622559E-02
 119480 1 8 0.00000000E+00 42 0.553947270 46 0.178910583 75 0.143010750 53 -9.19465795E-02 55 0.105404153 72 3.48905921E-02 71 4.34745513E-02 56 3.23086679E-02
 119481 1 8 0.00000000E+00 42 0.558344722 46 0.175760552 75 0.143997222 53 -9.14499164E-02 55 0.103769608 72 3.44052203E-02 71 4.31166366E-02 56 3.20559554E-02
 119482 1 8 0.00000000E+00 42 0.562722921 46 0.172532842 75 0.145052999 53 -9.09424499E-02 55 0.102143578 72 3.39229293E-02 71 4.27628383E-02 56 3.18043381E-02
 119483 1 8 0.00000000E+00 42 0.567076087 46 0.169229358 75 0.146180332 53 -9.04238150E-02 55 0.100527458 72 3.34436893E-02 71 4.24131341E-02 56 3.15537527E-02
 119484 1 8 0.00000000E+00 42 0.571397662 46 0.165852830 75 0.147381693 53 -8.98941755E-02 55 9.89221558E-02 72 3.29678319E-02 56 3.13039832E-02 71 4.20679934E-02
 120180 1 8 0.00000000E+00 42 0.546570420 46 0.187675282 75 0.138725400 53 -9.26019847E-02 55 0.108330838 72 3.52848619E-02 71 4.36102822E-02 56 3.24048959E-02
 120181 1 8 0.00000000E+00 42 0.551104248 46 0.184637561 75 0.139550924 53 -9.21185762E-02 55 0.106649674 72 3.47894654E-02 71 4.32395525E-02 56 3.21471654E-02
 120182 1 8 0.00000000E+00 42 0.555634201 46 0.181513622 75 0.140441373 53 -9.16240364E-02 55 0.104975000 72 3.42968740E-02 71 4.28724550E-02 56 3.18905227E-02
 120183 1 8 0.00000000E+00 42 0.560154438 46 0.178305209 75 0.141399443 53 -9.11182687E-02 55 0.103307866 72 3.38070802E-02 71 4.25095372E-02 56 3.16347256E-02
 120184 1 8 0.00000000E+00 42 0.564659119 46 0.175014317 75 0.142427191 53 -9.06009078E-02 55 0.101649389 72 3.33203748E-02 71 4.21508625E-02 56 3.13796438E-02
 120185 1 8 0.00000000E+00 42 0.569141388 46 0.171643853 75 0.143527359 53 -9.00722295E-02 55 0.100000709 72 3.28368321E-02 71 4.17961329E-02 56 3.11259292E-02
 120186 1 8 0.00000000E+00 42 0.573594868 46 0.168196112 75 0.144702345 53 -8.95318016E-02 55 9.83629599E-02 72 3.23565528E-02 71 4.14458662E-02 56 3.08730900E-02
 120874 1 8 0.00000000E+00 42 0.511287272 46 0.211805567 75 0.131909594 53 -9.58357751E-02 55 0.121784769 72 3.87879983E-02 71 4.61545736E-02 56 3.41060050E-02
 120875 1 8 0.00000000E+00 42 0.515774310 46 0.209472924 75 0.132261515 53 -9.54290852E-02 55 0.120060556 72 3.82698849E-02 71 4.57507819E-02 56 3.38391326E-02
 120876 1 8 0.00000000E+00 42 0.520295084 46 0.207045510 75 0.132661477 53 -9.50125903E-02 55 0.118333854 72 3.77536863E-02 71 4.53499146E-02 56 3.35730873E-02
 120877 1 8 0.00000000E+00 42 0.524846613 46 0.204522729 75 0.133111447 53 -9.45859328E-02 55 0.116605595 72 3.72393988E-02 71 4.49524634E-02 56 3.33076976E-02
 120878 1 8 0.00000000E+00 42 0.529425323 46 0.201904878 75 0.133613288 53 -9.41490456E-02 55 0.114876725 72 3.67273763E-02 71 4.45583127E-02 56 3.30431573E-02
 120879 1 8 0.00000000E+00 42 0.534027576 46 0.199191689 75 0.134169221 53 -9.37015116E-02 55 0.113148622 72 3.62176150E-02 71 4.41677123E-02 56 3.27790864E-02
 120880 1 8 0.00000000E+00 42 0.538649440 46 0.196383521 75 0.134781405 53 -9.32431668E-02 55 0.111422256 72 3.57100181E-02 71 4.37804237E-02 56 3.25160995E-02
 120881 1 8 0.00000000E+00 42 0.543286145 46 0.193481356 75 0.135452062 53 -9.27737653E-02 55 0.109698638 72 3.52048799E-02 71 4.33969386E-02 56 3.22537646E-02
 120882 1 8 0.00000000E+00 42 0.547933400 46 0.190485716 75 0.136183292 53 -9.22933295E-02 55 0.107979141 72 3.47025283E-02 71 4.30172086E-02 56 3.19920741E-02
 120883 1 8 0.00000000E+00 42 0.552585840 46 0.187397972 75 0.136977583 53 -9.18015465E-02 55 0.106264710 72 3.42027545E-02 71 4.26411778E-02 56 3.17315087E-02
 120884 1 8 0.00000000E+00 42 0.557238042 46 0.184219554 75 0.137837395 53 -9.12981555E-02 55 0.104556613 72 3.37057523E-02 71 4.22692001E-02 56 3.14716212E-02
 120885 1 8 0.00000000E+00 42 0.561884284 46 0.180952013 75 0.138765082 53 -9.07829180E-02 55 0.102856047 72 3.32116075E-02 71 4.19012047E-02 56 3.12126931E-02
 120886 1 8 0.00000000E+00 42 0.566518188 46 0.177597776 75 0.139763162 53 -9.02557969E-02 55 0.101164304 72 3.27205621E-02 71 4.15371507E-02 56 3.09546702E-02
 120887 1 8 0.00000000E+00 42 0.571133316 46 0.174159169 75 0.140834257 53 -8.97167623E-02 55 9.94822755E-02 72 3.22326683E-02 71 4.11776192E-02 56 3.06974780E-02
 120888 1 8 0.00000000E+00 42 0.575722277 46 0.170639142 75 0.141981050 53 -8.91654938E-02 55 9.78112891E-02 72 3.17480341E-02 71 4.08223607E-02 56 3.04413252E-02
 121569 1 8 0.00000000E+00 42 0.480972737 46 0.228717119 53 -9.82034281E-02 75 0.128561422 55 0.133837491 72 4.19454016E-02 71 4.85475883E-02 56 3.56216654E-02
 121570 1 8 0.00000000E+00 42 0.485219568 46 0.227031797 53 -9.78544876E-02 75 0.128594995 55 0.132129490 72 4.14122418E-02 71 4.81187962E-02 56 3.53476033E-02
 121571 1 8 0.00000000E+00 42 0.489518344 46 0.225255758 53 -9.74972993E-02 75 0.128664330 55 0.130411923 72 4.08803448E-02 71 4.76924926E-02 56 3.50741073E-02
 121572 1 8 0.00000000E+00 42 0.493867785 46 0.223387331 53 -9.71315876E-02 75 0.128771052 55 0.128685653 72 4.03497331E-02 71 4.72687148E-02 56 3.48013155E-02
 121575 1 8 0.00000000E+00 42 0.507203639 46 0.217214599 53 -9.59806144E-02 75 0.129331425 55 0.123463102 72 3.87669355E-02 71 4.60145101E-02 56 3.39864157E-02
 121576 1 8 0.00000000E+00 42 0.511738122 46 0.214964032 75 0.129604056 53 -9.55780968E-02 55 0.121710889 72 3.82426232E-02 71 4.56023067E-02 56 3.37161049E-02
 121577 1 8 0.00000000E+00 42 0.516313195 46 0.212615415 75 0.129922643 53 -9.51656327E-02 55 0.119954735 72 3.77201438E-02 71 4.51931506E-02 56 3.34463790E-02
 121578 1 8 0.00000000E+00 42 0.520925939 46 0.210168213 75 0.130289152 53 -9.47431475E-02 55 0.118195549 72 3.71996686E-02 71 4.47871797E-02 56 3.31774317E-02
 121579 1 8 0.00000000E+00 42 0.525573611 46 0.207621783 75 0.130705610 53 -9.43102464E-02 55 0.116434619 72 3.66810337E-02 71 4.43842523E-02 56 3.29093412E-02
 121580 1 8 0.00000000E+00 42 0.530252457 46 0.204976127 75 0.131173968 53 -9.38666388E-02 55 0.114672743 72 3.61646153E-02 71 4.39849906E-02 56 3.26417089E-02
 121581 1 8 0.00000000E+00 42 0.534959018 46 0.202231050 75 0.131696388 53 -9.34122503E-02 55 0.112911366 72 3.56504917E-02 71 4.35888767E-02 56 3.23750228E-02
 121582 1 8 0.00000000E+00 42 0.539689243 46 0.199386731 75 0.132275134 53 -9.29465815E-02 55 0.111151300 72 3.51386517E-02 71 4.31966595E-02 56 3.21088247E-02
 121583 1 8 0.00000000E+00 42 0.544438660 46 0.196443841 75 0.132912442 53 -9.24696848E-02 55 0.109394044 72 3.46293077E-02 71 4.28078286E-02 56 3.18435468E-02
 121584 1 8 0.00000000E+00 42 0.549202383 46 0.193403244 75 0.133610591 53 -9.19811726E-02 55 0.107640557 72 3.41226310E-02 71 4.24227752E-02 56 3.15789767E-02
 121585 1 8 0.00000000E+00 42 0.553975701 46 0.190265581 75 0.134372056 53 -9.14807171E-02 55 0.105892010 72 3.36183906E-02 71 4.20415737E-02 56 3.13154012E-02
 121587 1 8 0.00000000E+00 42 0.563527584 46 0.183705926 75 0.136094943 53 -9.04437974E-02 55 0.102415040 72 3.26188132E-02 71 4.12912033E-02 56 3.07903010E-02
 121588 1 8 0.00000000E+00 42 0.568293750 46 0.180287898 75 0.137061521 53 -8.99068490E-02 55 0.100688867 72 3.21234874E-02 71 4.09221537E-02 56 3.05291470E-02
 121589 1 8 0.00000000E+00 42 0.573044896 46 0.176780492 75 0.138101712 53 -8.93574953E-02 55 9.89727378E-02 72 3.16314101E-02 71 4.05574068E-02 56 3.02688256E-02
 121590 1 8 0.00000000E+00 42 0.577773452 46 0.173186824 75 0.139218330 53 -8.87953788E-02 55 9.72677320E-02 72 3.11425906E-02 71 4.01971973E-02 56 3.00092306E-02
 122270 1 8 0.00000000E+00 42 0.476558149 46 0.233566269 53 -9.83200967E-02 75 0.126504079 55 0.135723546 72 4.19711657E-02 71 4.84691449E-02 56 3.55277583E-02
 122271 1 8 0.00000000E+00 42 0.480809808 46 0.231981084 53 -9.79753286E-02 75 0.126471266 55 0.133997738 72 4.14325260E-02 71 4.80323695E-02 56 3.52505296E-02
 122272 1 8 0.00000000E+00 42 0.485117882 46 0.230304271 53 -9.76222977E-02 75 0.126472369 55 0.132260859 72 4.08951007E-02 71 4.75980639E-02 56 3.49737443E-02
 122273 1 8 0.00000000E+00 42 0.489481568 46 0.228533894 53 -9.72608626E-02 75 0.126508892 55 0.130513668 72 4.03588638E-02 71 4.71664928E-02 56 3.46975103E-02
 122274 1 8 0.00000000E+00 42 0.493899435 46 0.226668224 53 -9.68904495E-02 75 0.126582414 55 0.128757238 72 3.98238786E-02 71 4.67374213E-02 56 3.44218314E-02
 122275 1 8 0.00000000E+00 42 0.498370349 46 0.224705607 53 -9.65112373E-02 75 0.126694530 55 0.126992509 72 3.92904282E-02 71 4.63109948E-02 56 3.41468081E-02
 122276 1 8 0.00000000E+00 42 0.502892315 46 0.222644880 53 -9.61227193E-02 75 0.126846969 55 0.125220120 72 3.87584381E-02 71 4.58874553E-02 56 3.38725299E-02
 122277 1 8 0.00000000E+00 42 0.507463515 46 0.220484644 53 -9.57247317E-02 75 0.127041414 55 0.123441361 72 3.82282399E-02 71 4.54668067E-02 56 3.35987248E-02
 122278 1 8 0.00000000E+00 42 0.512081861 46 0.218223646 53 -9.53166708E-02 75 0.127279833 55 0.121656969 72 3.76994610E-02 71 4.50490974E-02 56 3.33257876E-02
 122279 1 8 0.00000000E+00 42 0.516745031 46 0.215860844 75 0.127563909 53 -9.48986486E-02 55 0.119868174 72 3.71728390E-02 71 4.46346328E-02 56 3.30532230E-02
 122280 1 8 0.00000000E+00 42 0.521450102 46 0.213395476 75 0.127895817 53 -9.44699422E-02 55 0.118076056 72 3.66478115E-02 71 4.42232676E-02 56 3.27814333E-02
 122281 1 8 0.00000000E+00 42 0.526194096 46 0.210827127 75 0.128277496 53 -9.40310135E-02 55 0.116281629 72 3.61250825E-02 71 4.38152775E-02 56 3.25102806E-02
 122282 1 8 0.00000000E+00 42 0.530973852 46 0.208155096 75 0.128710940 53 -9.35807750E-02 55 0.114486076 72 3.56043912E-02 71 4.34105210E-02 56 3.22398879E-02
 122283 1 8 0.00000000E+00 42 0.535785794 46 0.205379263 75 0.129198402 53 -9.31194425E-02 55 0.112690426 72 3.50859724E-02 71 4.30093147E-02 56 3.19702700E-02
 122284 1 8 0.00000000E+00 42 0.540625632 46 0.202499777 75 0.129742175 53 -9.26466212E-02 55 0.110896185 72 3.45700011E-02 71 4.26115841E-02 56 3.17012556E-02
 122285 1 8 0.00000000E+00 42 0.545488834 46 0.199517354 75 0.130344674 53 -9.21619609E-02 55 0.109104186 72 3.40563916E-02 71 4.22176719E-02 56 3.14328484E-02
 122286 1 8 0.00000000E+00 42 0.550371110 46 0.196432129 75 0.131008103 53 -9.16654244E-02 55 0.107315801 72 3.35454084E-02 71 4.18274142E-02 56 3.11654527E-02
 122289 1 8 0.00000000E+00 42 0.565077424 46 0.186571971 75 0.133389801 53 -9.01010111E-02 55 0.101985224 72 3.20290029E-02 71 4.06802632E-02 56 3.03673260E-02
 122290 1 8 0.00000000E+00 42 0.569979131 46 0.183089510 75 0.134322971 53 -8.95542800E-02 55 0.100224026 72 3.15296017E-02 71 4.03059795E-02 56 3.01030222E-02
 122291 1 8 0.00000000E+00 42 0.574869573 46 0.179512739 75 0.135330409 53 -8.89942944E-02 55 9.84727740E-02 72 3.10331900E-02 71 3.99362072E-02 56 2.98393760E-02
 122292 1 8 0.00000000E+00 42 0.579741418 46 0.175844610 75 0.136414796 53 -8.84211957E-02 55 9.67329443E-02 72 3.05402018E-02 71 3.95704545E-02 56 2.95767896E-02
 122973 1 8 0.00000000E+00 42 0.480539769 46 0.235333130 53 -9.77433249E-02 75 0.124370344 55 0.134182766 72 4.09216918E-02 71 4.75169271E-02 56 3.48786972E-02
 122974 1 8 0.00000000E+00 42 0.484908074 46 0.233667105 53 -9.73860770E-02 75 0.124338068 55 0.132416457 72 4.03799675E-02 71 4.70771641E-02 56 3.45992446E-02
 122975 1 8 0.00000000E+00 42 0.489335388 46 0.231904864 53 -9.70202386E-02 75 0.124340922 55 0.130639404 72 3.98394056E-02 71 4.66399454E-02 56 3.43203060E-02
 122976 1 8 0.00000000E+00 42 0.493820906 46 0.230044261 53 -9.66454819E-02 75 0.124380380 55 0.128852278 72 3.93002033E-02 71 4.62055765E-02 56 3.40418741E-02
 122977 1 8 0.00000000E+00 42 0.498363018 46 0.228083804 53 -9.62614641E-02 75 0.124458104 55 0.127056360 72 3.87623794E-02 71 4.57735620E-02 56 3.37642357E-02
 122978 1 8 0.00000000E+00 42 0.502960265 46 0.226021916 53 -9.58679765E-02 75 0.124575682 55 0.125252172 72 3.82261537E-02 71 4.53445874E-02 56 3.34871635E-02
 122979 1 8 0.00000000E+00 42 0.507611096 46 0.223856747 53 -9.54647511E-02 75 0.124735102 55 0.123441100 72 3.76915745E-02 71 4.49184962E-02 56 3.32106613E-02
 122980 1 8 0.00000000E+00 42 0.512312889 46 0.221587569 53 -9.50514376E-02 75 0.124938123 55 0.121623799 72 3.71586978E-02 71 4.44957428E-02 56 3.29345986E-02
 122981 1 8 0.00000000E+00 42 0.517063916 46 0.219212621 53 -9.46277380E-02 75 0.125186488 55 0.119801886 72 3.66278440E-02 71 4.40756269E-02 56 3.26593556E-02
 122982 1 8 0.00000000E+00 42 0.521861255 46 0.216731131 75 0.125482559 53 -9.41932425E-02 55 0.117975928 72 3.60986143E-02 71 4.36589681E-02 56 3.23847644E-02
 122983 1 8 0.00000000E+00 42 0.526702404 46 0.214142069 75 0.125827998 53 -9.37477052E-02 55 0.116147429 72 3.55715752E-02 71 4.32454497E-02 56 3.21108066E-02
 122984 1 8 0.00000000E+00 42 0.531583428 46 0.211445436 75 0.126225263 53 -9.32911485E-02 55 0.114317253 72 3.50467637E-02 71 4.28354926E-02 56 3.18375155E-02
 122985 1 8 0.00000000E+00 42 0.536501110 46 0.208640561 75 0.126676381 53 -9.28229466E-02 55 0.112486809 72 3.45242061E-02 71 4.24288623E-02 56 3.15649919E-02
 122986 1 8 0.00000000E+00 42 0.541451514 46 0.205727294 75 0.127183780 53 -9.23427120E-02 55 0.110657275 72 3.40039469E-02 71 4.20259796E-02 56 3.12929340E-02
 122987 1 8 0.00000000E+00 42 0.546430051 46 0.202706039 75 0.127749875 53 -9.18505266E-02 55 0.108829953 72 3.34862135E-02 71 4.16265801E-02 56 3.10217962E-02
 122988 1 8 0.00000000E+00 42 0.551432371 46 0.199577093 75 0.128376946 53 -9.13457200E-02 55 0.107005939 72 3.29709947E-02 71 4.12310734E-02 56 3.07512693E-02
 122991 1 8 0.00000000E+00 42 0.566526592 46 0.189555153 75 0.130650699 53 -8.97544548E-02 55 0.101567544 72 3.14422771E-02 71 4.00680080E-02 56 2.99441703E-02
 122992 1 8 0.00000000E+00 42 0.571566701 46 0.186008126 75 0.131548569 53 -8.91976207E-02 55 9.97702330E-02 72 3.09387352E-02 71 3.96888442E-02 56 2.96764150E-02
 122993 1 8 0.00000000E+00 42 0.576599836 46 0.182361513 75 0.132521152 53 -8.86271819E-02 55 9.79830846E-02 72 3.04382164E-02 71 3.93135734E-02 56 2.94098035E-02
 122994 1 8 0.00000000E+00 42 0.581618667 46 0.178617984 75 0.133571297 53 -8.80430192E-02 55 9.62071866E-02 72 2.99412012E-02 71 3.89429256E-02 56 2.91437805E-02
 123000 1 8 0.00000000E+00 42 0.610943675 46 0.154335052 75 0.141678289 53 -8.42425823E-02 55 8.58663097E-02 72 2.70352252E-02 56 2.75676567E-02 71 3.68163735E-02
 123001 1 8 0.00000000E+00 42 0.615608990 46 0.150029287 75 0.143360853 53 -8.35595950E-02 55 8.42073560E-02 72 2.65649911E-02 56 2.73084585E-02 71 3.64796519E-02
 123678 1 8 0.00000000E+00 42 0.493627191 46 0.233517900 53 -9.63962600E-02 75 0.122166052 55 0.128971741 72 3.87786813E-02 71 4.56731878E-02 56 3.36615108E-02
 123680 1 8 0.00000000E+00 42 0.502911270 46 0.229501382 53 -9.56091359E-02 75 0.122290269 55 0.125307515 72 3.76962088E-02 71 4.48014364E-02 56 3.31010744E-02
 123681 1 8 0.00000000E+00 42 0.507640779 46 0.227333948 53 -9.52008143E-02 75 0.122413442 55 0.123463459 72 3.71573865E-02 71 4.43698838E-02 56 3.28218900E-02
 123682 1 8 0.00000000E+00 42 0.512425780 46 0.225058660 53 -9.47821215E-02 75 0.122579888 55 0.121612765 72 3.66204083E-02 71 4.39414233E-02 56 3.25432234E-02
 123683 1 8 0.00000000E+00 42 0.517264247 46 0.222673774 53 -9.43527296E-02 75 0.122791506 55 0.119756810 72 3.60851586E-02 71 4.35159281E-02 56 3.22652683E-02
 123684 1 8 0.00000000E+00 42 0.522153676 46 0.220178351 53 -9.39125344E-02 75 0.123050444 55 0.117896393 72 3.55519727E-02 71 4.30938788E-02 56 3.19878198E-02
 123685 1 8 0.00000000E+00 42 0.527091384 46 0.217571080 53 -9.34608579E-02 75 0.123358570 55 0.116032951 72 3.50207947E-02 71 4.26750258E-02 56 3.17110270E-02
 123686 1 8 0.00000000E+00 42 0.532074153 46 0.214851514 75 0.123718180 53 -9.29976478E-02 55 0.114167437 72 3.44918147E-02 71 4.22596298E-02 56 3.14348973E-02
 123687 1 8 0.00000000E+00 42 0.537098587 46 0.212018833 75 0.124131493 53 -9.25224200E-02 55 0.112301335 72 3.39650139E-02 71 4.18477245E-02 56 3.11594270E-02
 123688 1 8 0.00000000E+00 42 0.542160332 46 0.209073275 75 0.124601014 53 -9.20350030E-02 55 0.110435829 72 3.34407054E-02 71 4.14393842E-02 56 3.08844913E-02
 123689 1 8 0.00000000E+00 42 0.547255456 46 0.206014514 75 0.125129029 53 -9.15350318E-02 55 0.108572088 72 3.29188220E-02 71 4.10347991E-02 56 3.06103304E-02
 123693 1 8 0.00000000E+00 42 0.567867458 46 0.192660928 75 0.127878666 53 -8.94039497E-02 55 0.101162672 72 3.08586452E-02 71 3.94550115E-02 56 2.95205507E-02
 123694 1 8 0.00000000E+00 42 0.573048770 46 0.189049259 75 0.128739297 53 -8.88371766E-02 55 9.93285254E-02 72 3.03511620E-02 71 3.90703380E-02 56 2.92498022E-02
 123695 1 8 0.00000000E+00 42 0.578227937 46 0.185332268 75 0.129674971 53 -8.82560909E-02 55 9.75044221E-02 72 2.98466273E-02 71 3.86899263E-02 56 2.89799031E-02
 123696 1 8 0.00000000E+00 42 0.583397508 46 0.181512490 75 0.130688742 53 -8.76605958E-02 55 9.56917852E-02 72 2.93455534E-02 71 3.83137576E-02 56 2.87107583E-02
 123697 1 8 0.00000000E+00 42 0.588548720 46 0.177593634 75 0.131783888 53 -8.70507136E-02 55 9.38918069E-02 72 2.88480204E-02 71 3.79424207E-02 56 2.84422152E-02
 123698 1 8 0.00000000E+00 42 0.593673170 46 0.173578933 75 0.132963687 53 -8.64261538E-02 55 9.21062455E-02 72 2.83539165E-02 71 3.75755429E-02 56 2.81746723E-02
 123699 1 8 0.00000000E+00 42 0.598761678 46 0.169472560 75 0.134231344 53 -8.57867748E-02 55 9.03363228E-02 72 2.78635286E-02 56 2.79078726E-02 71 3.72134820E-02
 123700 1 8 0.00000000E+00 42 0.603803933 46 0.165279642 75 0.135590285 53 -8.51324797E-02 55 8.85834619E-02 72 2.73769386E-02 56 2.76421960E-02 71 3.68560217E-02
 123701 1 8 0.00000000E+00 42 0.608790100 46 0.161004871 75 0.137043938 53 -8.44634026E-02 55 8.68490040E-02 72 2.68945228E-02 56 2.73772366E-02 71 3.65037359E-02
 123702 1 8 0.00000000E+00 42 0.613708735 46 0.156654388 75 0.138595909 53 -8.37792754E-02 55 8.51343423E-02 72 2.64161136E-02 56 2.71133371E-02 71 3.61564420E-02
 123703 1 8 0.00000000E+00 42 0.618548632 46 0.152234301 75 0.140249744 53 -8.30804333E-02 55 8.34407732E-02 72 2.59420425E-02 56 2.68503372E-02 71 3.58145759E-02
 123704 1 8 0.00000000E+00 42 0.623298049 46 0.147751331 75 0.142008916 53 -8.23667943E-02 55 8.17695409E-02 72 2.54723616E-02 56 2.65885573E-02 71 3.54780369E-02
 124383 1 8 0.00000000E+00 42 0.507546842 46 0.230919331 53 -9.49328169E-02 75 0.120077766 55 0.123509437 72 3.66258062E-02 71 4.38209586E-02 56 3.24326567E-02
 124384 1 8 0.00000000E+00 42 0.512414038 46 0.228640646 53 -9.45086926E-02 75 0.120206580 55 0.121624611 72 3.60845998E-02 71 4.33868840E-02 56 3.21513414E-02
 124395 1 8 0.00000000E+00 42 0.569091916 46 0.195894822 75 0.125074819 53 -8.90494362E-02 55 0.100771569 72 3.02785281E-02 71 3.88412252E-02 56 2.90965773E-02
 124396 1 8 0.00000000E+00 42 0.574417293 46 0.192218691 75 0.125896126 53 -8.84725153E-02 55 9.88994986E-02 72 2.97670420E-02 71 3.84509824E-02 56 2.88229119E-02
 124397 1 8 0.00000000E+00 42 0.579745710 46 0.188431084 75 0.126792893 53 -8.78808126E-02 55 9.70374197E-02 72 2.92586312E-02 71 3.80653739E-02 56 2.85496861E-02
 124398 1 8 0.00000000E+00 42 0.585069239 46 0.184534833 75 0.127768248 53 -8.72740671E-02 55 9.51868445E-02 72 2.87536252E-02 71 3.76840234E-02 56 2.82772500E-02
 124399 1 8 0.00000000E+00 42 0.590379536 46 0.180533066 75 0.128825501 53 -8.66523162E-02 55 9.33492407E-02 72 2.82521322E-02 71 3.73072848E-02 56 2.80055609E-02
 124400 1 8 0.00000000E+00 42 0.595667601 46 0.176429495 75 0.129968002 53 -8.60152021E-02 55 9.15261954E-02 72 2.77542528E-02 71 3.69350575E-02 56 2.77345795E-02
 124401 1 8 0.00000000E+00 42 0.600924253 46 0.172228143 75 0.131199151 53 -8.53626430E-02 55 8.97189379E-02 72 2.72600632E-02 56 2.74643973E-02 71 3.65677178E-02
 124402 1 8 0.00000000E+00 42 0.606138587 46 0.167934239 75 0.132522658 53 -8.46944824E-02 55 8.79289284E-02 72 2.67697629E-02 56 2.71949191E-02 71 3.62054110E-02
 124403 1 8 0.00000000E+00 42 0.611300290 46 0.163552776 75 0.133941978 53 -8.40105638E-02 55 8.61579478E-02 72 2.62834188E-02 56 2.69265063E-02 71 3.58476676E-02
 124404 1 8 0.00000000E+00 42 0.616397917 46 0.159089699 75 0.135461003 53 -8.33112448E-02 55 8.44071209E-02 72 2.58013271E-02 56 2.66590267E-02 71 3.54951769E-02
 124405 1 8 0.00000000E+00 42 0.621419549 46 0.154551551 75 0.137083322 53 -8.25959519E-02 55 8.26777965E-02 72 2.53233574E-02 56 2.63922326E-02 71 3.51481363E-02
 124406 1 8 0.00000000E+00 42 0.626352787 46 0.149945214 75 0.138812825 53 -8.18651095E-02 55 8.09714869E-02 72 2.48498302E-02 56 2.61266138E-02 71 3.48063745E-02
 125100 1 8 0.00000000E+00 42 0.586625338 46 0.187690958 75 0.124810919 53 -8.68833885E-02 55 9.46934521E-02 72 2.81655919E-02 71 3.70535627E-02 56 2.78435778E-02
 125101 1 8 0.00000000E+00 42 0.592098594 46 0.183605760 75 0.125827864 53 -8.62497315E-02 55 9.28171203E-02 72 2.76603531E-02 71 3.66713665E-02 56 2.75686849E-02
 125102 1 8 0.00000000E+00 42 0.597554862 46 0.179411903 75 0.126930773 53 -8.55998173E-02 55 9.09554064E-02 72 2.71586124E-02 71 3.62938903E-02 56 2.72943433E-02
 125103 1 8 0.00000000E+00 42 0.602984428 46 0.175114051 75 0.128123000 53 -8.49339738E-02 55 8.91098455E-02 72 2.66607683E-02 71 3.59212011E-02 56 2.70207152E-02
 125104 1 8 0.00000000E+00 42 0.608376443 46 0.170716882 75 0.129408419 53 -8.42516720E-02 55 8.72819200E-02 72 2.61667687E-02 56 2.67477483E-02 71 3.55534740E-02
 125105 1 8 0.00000000E+00 42 0.613719761 46 0.166226164 75 0.130790919 53 -8.35530311E-02 55 8.54732171E-02 72 2.56767161E-02 56 2.64757145E-02 71 3.51905525E-02
 125106 1 8 0.00000000E+00 42 0.619002819 46 0.161647499 75 0.132274091 53 -8.28378052E-02 55 8.36852118E-02 72 2.51909550E-02 56 2.62044631E-02 71 3.48327421E-02
 125107 1 8 0.00000000E+00 42 0.624212921 46 0.156987995 75 0.133862212 53 -8.21060464E-02 55 8.19191635E-02 72 2.47093234E-02 56 2.59340480E-02 71 3.44803706E-02
 125108 1 8 0.00000000E+00 42 0.629337430 46 0.152254581 75 0.135558978 53 -8.13579634E-02 55 8.01768079E-02 72 2.42323559E-02 56 2.56645419E-02 71 3.41332704E-02
 125109 1 8 0.00000000E+00 42 0.634362400 46 0.147455379 75 0.137368694 53 -8.05934295E-02 55 7.84593001E-02 72 2.37598605E-02 56 2.53961179E-02 71 3.37916687E-02
 125131 1 8 0.00000000E+00 42 0.687090814 46 4.52624671E-02 75 0.165983707 53 -5.24530783E-02 72 -1.58274267E-02 55 5.58977947E-02 73 8.29360634E-02 56 3.11096571E-02
 125132 1 8 0.00000000E+00 42 0.685947418 46 4.17591184E-02 75 0.171280056 53 -5.15233614E-02 72 -1.61441509E-02 55 5.49456328E-02 73 8.29349980E-02 56 3.08002960E-02
 125133 1 8 0.00000000E+00 42 0.684433877 46 3.84092666E-02 75 0.176712126 53 -5.05994670E-02 72 -1.64685901E-02 73 8.29784498E-02 55 5.40351011E-02 56 3.04992441E-02
 125134 1 8 0.00000000E+00 42 0.682552576 46 3.52152064E-02 75 0.182275906 53 -4.96833622E-02 72 -1.68006402E-02 73 8.30677524E-02 55 5.31661138E-02 56 3.02064363E-02
 125135 1 8 0.00000000E+00 42 0.680307746 46 3.21778506E-02 75 0.187967584 53 -4.87772152E-02 72 -1.71408094E-02 73 8.32038820E-02 55 5.23383133E-02 56 2.99226400E-02
 125804 1 8 0.00000000E+00 42 0.599325120 46 0.182533622 75 0.123853303 53 -8.51799995E-02 55 9.03948471E-02 72 2.65671946E-02 71 3.56517658E-02 56 2.68541612E-02
 125805 1 8 0.00000000E+00 42 0.604932487 46 0.178137615 75 0.125004083 53 -8.45005810E-02 55 8.85098279E-02 72 2.60657575E-02 71 3.52738649E-02 56 2.65769362E-02
 125806 1 8 0.00000000E+00 42 0.610507429 46 0.173635557 75 0.126248881 53 -8.38040486E-02 55 8.66427124E-02 72 2.55681444E-02 56 2.63005793E-02 71 3.49007323E-02
 125807 1 8 0.00000000E+00 42 0.616038799 46 0.169032529 75 0.127591595 53 -8.30902532E-02 55 8.47953185E-02 72 2.50745341E-02 56 2.60248575E-02 71 3.45325954E-02
 125808 1 8 0.00000000E+00 42 0.621513844 46 0.164335549 75 0.129036263 53 -8.23593140E-02 55 8.29690099E-02 72 2.45851595E-02 56 2.57501490E-02 71 3.41693237E-02
 125809 1 8 0.00000000E+00 42 0.626919866 46 0.159550890 75 0.130587146 53 -8.16107392E-02 55 8.11652541E-02 72 2.41001025E-02 56 2.54756846E-02 71 3.38117741E-02
 125810 1 8 0.00000000E+00 42 0.632243514 46 0.154686138 75 0.132248268 53 -8.08449537E-02 55 7.93856829E-02 72 2.36196127E-02 56 2.52024829E-02 71 3.34592648E-02
 125811 1 8 0.00000000E+00 42 0.637470126 46 0.149749771 75 0.134024158 53 -8.00619721E-02 55 7.76318014E-02 72 2.31437739E-02 56 2.49300096E-02 71 3.31123434E-02
 125812 1 8 0.00000000E+00 42 0.642584562 46 0.144750953 75 0.135919124 53 -7.92615861E-02 55 7.59046823E-02 72 2.26725806E-02 56 2.46581621E-02 71 3.27715091E-02
 125813 1 8 0.00000000E+00 42 0.647571981 46 0.139698520 75 0.137937590 53 -7.84444511E-02 55 7.42061213E-02 72 2.22062916E-02 56 2.43878979E-02 71 3.24360766E-02
 125830 1 8 0.00000000E+00 42 0.694469571 46 5.61083369E-02 75 0.148961425 53 -5.44152036E-02 72 -1.47636859E-02 55 5.74852116E-02 73 8.09414610E-02 56 3.12128924E-02
 125831 1 8 0.00000000E+00 42 0.694475889 46 5.20556495E-02 75 0.153909802 53 -5.34449518E-02 72 -1.50540322E-02 55 5.63920252E-02 73 8.07914212E-02 56 3.08741909E-02
 125832 1 8 0.00000000E+00 42 0.694096088 46 4.81536426E-02 75 0.159008399 53 -5.24745360E-02 72 -1.53516680E-02 55 5.53419441E-02 73 8.06832761E-02 56 3.05428710E-02
 125833 1 8 0.00000000E+00 42 0.693327665 46 4.44075726E-02 75 0.164255127 53 -5.15058041E-02 72 -1.56567246E-02 55 5.43349236E-02 73 8.06181654E-02 56 3.02190762E-02
 125834 1 8 0.00000000E+00 42 0.692170203 46 4.08212803E-02 75 0.169647366 53 -5.05408347E-02 72 -1.59692746E-02 55 5.33710904E-02 73 8.05971175E-02 56 2.99030282E-02
 125835 1 8 0.00000000E+00 42 0.690624595 46 3.73981893E-02 75 0.175182119 53 -4.95816171E-02 72 -1.62898470E-02 55 5.24499975E-02 73 8.06211904E-02 56 2.95953583E-02
 125836 1 8 0.00000000E+00 42 0.688694179 46 3.41398641E-02 75 0.180855498 53 -4.86303270E-02 72 -1.66183300E-02 73 8.06914344E-02 55 5.15714958E-02 56 2.92961989E-02
 125837 1 8 0.00000000E+00 42 0.686383069 46 3.10474597E-02 75 0.186663434 53 -4.76891100E-02 72 -1.69550199E-02 73 8.08088779E-02 55 5.07353134E-02 56 2.90059764E-02
 125838 1 8 0.00000000E+00 42 0.683697701 46 2.81206947E-02 75 0.192601100 53 -4.67600934E-02 72 -1.73000507E-02 73 8.09745714E-02 55 4.99410816E-02 56 2.87249777E-02
 125839 1 8 0.00000000E+00 42 0.680645764 46 2.53587272E-02 75 0.198663205 53 -4.58457880E-02 72 -1.76537521E-02 73 8.11896846E-02 55 4.91883978E-02 56 2.84537841E-02
 125840 1 8 0.00000000E+00 42 0.677236199 46 2.27595251E-02 75 0.204843923 53 -4.49479856E-02 72 -1.80160236E-02 73 8.14552456E-02 55 4.84767184E-02 56 2.81924065E-02
 126507 1 8 0.00000000E+00 42 0.606758237 46 0.181306526 75 0.121843800 53 -8.40624422E-02 55 8.79196525E-02 72 2.54751127E-02 71 3.46256942E-02 56 2.61334423E-02
 126508 1 8 0.00000000E+00 42 0.612521827 46 0.176697418 75 0.123045206 53 -8.33516419E-02 55 8.60123187E-02 72 2.49740724E-02 71 3.42472456E-02 56 2.58535966E-02
 126509 1 8 0.00000000E+00 42 0.618247032 46 0.171980172 75 0.124345355 53 -8.26227665E-02 55 8.41250271E-02 72 2.44772434E-02 56 2.55741365E-02 71 3.38737853E-02
 126510 1 8 0.00000000E+00 42 0.623921037 46 0.167161450 75 0.125748545 53 -8.18755925E-02 55 8.22592676E-02 72 2.39844304E-02 56 2.52956692E-02 71 3.35052237E-02
 126511 1 8 0.00000000E+00 42 0.629530191 46 0.162248313 75 0.127259165 53 -8.11101422E-02 55 8.04167464E-02 72 2.34959815E-02 56 2.50176750E-02 71 3.31420749E-02
 126512 1 8 0.00000000E+00 42 0.635060668 46 0.157248408 75 0.128881603 53 -8.03264529E-02 55 7.85989240E-02 72 2.30121147E-02 56 2.47404296E-02 71 3.27843167E-02
 126513 1 8 0.00000000E+00 42 0.640497327 46 0.152170300 75 0.130620539 53 -7.95244426E-02 55 7.68073350E-02 72 2.25328840E-02 56 2.44639143E-02 71 3.24321613E-02
 126514 1 8 0.00000000E+00 42 0.645824194 46 0.147023782 75 0.132480368 53 -7.87043348E-02 55 7.50435367E-02 72 2.20585093E-02 56 2.41883211E-02 71 3.20856310E-02
 126515 1 8 0.00000000E+00 42 0.651025414 46 0.141818255 75 0.134465992 53 -7.78661147E-02 55 7.33089149E-02 72 2.15890147E-02 56 2.39135846E-02 71 3.17449458E-02
 126516 1 8 0.00000000E+00 42 0.656084061 46 0.136564478 75 0.136582047 53 -7.70103782E-02 55 7.16049373E-02 72 2.11246386E-02 56 2.36399211E-02 71 3.14103141E-02
 126528 1 8 0.00000000E+00 42 0.696616709 46 7.36644343E-02 75 0.128385693 53 -5.75295687E-02 72 -1.35207111E-02 55 6.08337410E-02 56 3.17881070E-02 73 7.97615945E-02
 126529 1 8 0.00000000E+00 42 0.698221385 46 6.89348727E-02 75 0.132770821 53 -5.65448143E-02 72 -1.37787368E-02 55 5.95480390E-02 56 3.14167738E-02 73 7.94316754E-02
 126530 1 8 0.00000000E+00 42 0.699450135 46 6.43321797E-02 75 0.137315527 53 -5.55519834E-02 72 -1.40432892E-02 55 5.83062768E-02 73 7.91397542E-02 56 3.10513861E-02
 126531 1 8 0.00000000E+00 42 0.700293064 46 5.98663390E-02 75 0.142020240 53 -5.45529500E-02 72 -1.43145705E-02 55 5.71086556E-02 73 7.88867772E-02 56 3.06924209E-02
 126532 1 8 0.00000000E+00 42 0.700742066 46 5.55460081E-02 75 0.146884724 53 -5.35493605E-02 72 -1.45925414E-02 55 5.59556074E-02 73 7.86738619E-02 56 3.03396564E-02
 126533 1 8 0.00000000E+00 42 0.700790405 46 5.13794124E-02 75 0.151908159 53 -5.25433682E-02 72 -1.48777450E-02 55 5.48468344E-02 73 7.85021707E-02 56 2.99941543E-02
 126534 1 8 0.00000000E+00 42 0.700433910 46 4.73727211E-02 75 0.157089114 53 -5.15364744E-02 72 -1.51705407E-02 55 5.37825637E-02 73 7.83728957E-02 56 2.96558291E-02
 126535 1 8 0.00000000E+00 42 0.699669898 46 4.35316451E-02 75 0.162425503 53 -5.05308770E-02 72 -1.54708102E-02 55 5.27626239E-02 73 7.82869980E-02 56 2.93249972E-02
 126536 1 8 0.00000000E+00 42 0.698497534 46 3.98606062E-02 75 0.167914987 53 -4.95288521E-02 72 -1.57789774E-02 55 5.17870262E-02 73 7.82455355E-02 56 2.90021263E-02
 126537 1 8 0.00000000E+00 42 0.696918547 46 3.63623947E-02 75 0.173554122 53 -4.85325418E-02 72 -1.60951912E-02 55 5.08553833E-02 73 7.82495812E-02 56 2.86876746E-02
 126538 1 8 0.00000000E+00 42 0.694936097 46 3.30390297E-02 75 0.179339036 53 -4.75444049E-02 72 -1.64193753E-02 73 7.83002824E-02 55 4.99675944E-02 56 2.83817463E-02
 126539 1 8 0.00000000E+00 42 0.692554891 46 2.98914462E-02 75 0.185265541 53 -4.65663411E-02 72 -1.67523343E-02 73 7.83986226E-02 55 4.91230600E-02 56 2.80850865E-02
 126540 1 8 0.00000000E+00 42 0.689781904 46 2.69192047E-02 75 0.191328600 53 -4.56008241E-02 72 -1.70938484E-02 73 7.85456970E-02 55 4.83216047E-02 56 2.77976785E-02
 126541 1 8 0.00000000E+00 42 0.686625719 46 2.41207425E-02 75 0.197522655 53 -4.46503796E-02 72 -1.74441468E-02 73 7.87425861E-02 55 4.75627817E-02 56 2.75200438E-02
 126542 1 8 0.00000000E+00 42 0.683096409 46 2.14935634E-02 75 0.203841701 53 -4.37172204E-02 72 -1.78034138E-02 73 7.89903253E-02 55 4.68460135E-02 56 2.72526015E-02
 126543 1 8 0.00000000E+00 42 0.679205060 46 1.90346781E-02 75 0.210279316 53 -4.28037345E-02 72 -1.81718767E-02 73 7.92899951E-02 55 4.61708046E-02 56 2.69957315E-02
 126544 1 8 0.00000000E+00 42 0.674964488 46 1.67398117E-02 75 0.216828674 53 -4.19122726E-02 72 -1.85495242E-02 73 7.96425790E-02 55 4.55366224E-02 56 2.67496314E-02
 127211 1 8 0.00000000E+00 42 0.620333433 46 0.175077409 75 0.121053532 53 -8.21501911E-02 55 8.34628865E-02 72 2.38847900E-02 56 2.51238644E-02 71 3.32143046E-02
 127212 1 8 0.00000000E+00 42 0.626212955 46 0.170134217 75 0.122412235 53 -8.13867748E-02 55 8.15566555E-02 72 2.33887099E-02 56 2.48417407E-02 71 3.28402780E-02
 127213 1 8 0.00000000E+00 42 0.632032931 46 0.165088832 75 0.123879485 53 -8.06041360E-02 55 7.96741322E-02 72 2.28971690E-02 56 2.45598443E-02 71 3.24717127E-02
 127214 1 8 0.00000000E+00 42 0.637778342 46 0.159949705 75 0.125459969 53 -7.98022449E-02 55 7.78169483E-02 72 2.24100631E-02 56 2.42787097E-02 71 3.21085267E-02
 127215 1 8 0.00000000E+00 42 0.643433869 46 0.154725224 75 0.127158418 53 -7.89809823E-02 55 7.59865716E-02 72 2.19277069E-02 56 2.39981674E-02 71 3.17510515E-02
 127216 1 8 0.00000000E+00 42 0.648982704 46 0.149425402 75 0.128979906 53 -7.81407058E-02 55 7.41849318E-02 72 2.14501545E-02 56 2.37184428E-02 71 3.13991420E-02
 127217 1 8 0.00000000E+00 42 0.654407859 46 0.144060731 75 0.130929187 53 -7.72811845E-02 55 7.24132806E-02 72 2.09776107E-02 56 2.34394222E-02 71 3.10530737E-02
 127218 1 8 0.00000000E+00 42 0.659691513 46 0.138642356 75 0.133011356 53 -7.64028504E-02 55 7.06730410E-02 72 2.05102414E-02 56 2.31612530E-02 71 3.07131186E-02
 127221 1 8 0.00000000E+00 42 0.674504638 46 0.122188218 75 0.140105784 53 -7.36582801E-02 55 6.56550974E-02 72 1.91404931E-02 56 2.23331805E-02 71 2.97308508E-02
 127222 1 8 0.00000000E+00 42 0.679031968 46 0.116680965 75 0.142769814 53 -7.27084130E-02 55 6.40540794E-02 72 1.86953526E-02 56 2.20594350E-02 71 2.94167995E-02
 127223 1 8 0.00000000E+00 42 0.683321238 46 0.111185446 75 0.145591512 53 -7.17421547E-02 55 6.24910668E-02 72 1.82561502E-02 56 2.17872355E-02 71 2.91095041E-02
 127224 1 8 0.00000000E+00 42 0.687352419 46 0.105716296 75 0.148575604 53 -7.07600191E-02 55 6.09665774E-02 72 1.78230647E-02 56 2.15164702E-02 71 2.88095716E-02
 127230 1 8 0.00000000E+00 42 0.702616870 46 7.36602843E-02 75 0.125979051 53 -5.67838810E-02 72 -1.33594256E-02 55 5.93708642E-02 56 3.09412219E-02 73 7.75750279E-02
 127231 1 8 0.00000000E+00 42 0.704342008 46 6.87761009E-02 75 0.130409196 53 -5.57643846E-02 72 -1.36112962E-02 55 5.80642074E-02 56 3.05625796E-02 73 7.72215649E-02
 127232 1 8 0.00000000E+00 42 0.705673695 46 6.40269369E-02 75 0.135006249 53 -5.47363460E-02 72 -1.38698695E-02 55 5.68027161E-02 73 7.69063309E-02 56 3.01902611E-02
 127233 1 8 0.00000000E+00 42 0.706601381 46 5.94229698E-02 75 0.139770582 53 -5.37009984E-02 72 -1.41352015E-02 55 5.55868931E-02 73 7.66305327E-02 56 2.98238695E-02
 127234 1 8 0.00000000E+00 42 0.707115650 46 5.49739525E-02 75 0.144702420 53 -5.26603647E-02 72 -1.44076636E-02 55 5.44167720E-02 73 7.63951093E-02 56 2.94641461E-02
 127235 1 8 0.00000000E+00 42 0.707209766 46 5.06882407E-02 75 0.149800718 53 -5.16165644E-02 72 -1.46873491E-02 55 5.32924309E-02 73 7.62014091E-02 56 2.91113332E-02
 127236 1 8 0.00000000E+00 42 0.706878662 46 4.65730652E-02 75 0.155064493 53 -5.05715236E-02 72 -1.49746630E-02 55 5.22138029E-02 73 7.60503411E-02 56 2.87658237E-02
 127237 1 8 0.00000000E+00 42 0.706119955 46 4.26337831E-02 75 0.160491481 53 -4.95274030E-02 72 -1.52696129E-02 55 5.11809587E-02 73 7.59431049E-02 56 2.84277517E-02
 127240 1 8 0.00000000E+00 42 0.701279879 46 3.19123827E-02 75 0.177722961 53 -4.64242548E-02 72 -1.62039958E-02 55 4.83542792E-02 73 7.58951828E-02 56 2.74635684E-02
 127241 1 8 0.00000000E+00 42 0.698824346 46 2.87095550E-02 75 0.183770418 53 -4.54076454E-02 72 -1.65323559E-02 73 7.59739578E-02 55 4.75017950E-02 56 2.71599144E-02
 127242 1 8 0.00000000E+00 42 0.695958436 46 2.56924033E-02 75 0.189961627 53 -4.44037654E-02 72 -1.68696865E-02 73 7.61018097E-02 55 4.66933176E-02 56 2.68658400E-02
 127243 1 8 0.00000000E+00 42 0.692691624 46 2.28589475E-02 75 0.196290791 53 -4.34154458E-02 72 -1.72161330E-02 73 7.62799680E-02 55 4.59285825E-02 56 2.65816525E-02
 127244 1 8 0.00000000E+00 42 0.689035058 46 2.02060733E-02 75 0.202751651 53 -4.24449928E-02 72 -1.75720043E-02 73 7.65094087E-02 55 4.52068299E-02 56 2.63079703E-02
 127245 1 8 0.00000000E+00 42 0.685000956 46 1.77301094E-02 75 0.209337324 53 -4.14951891E-02 72 -1.79370996E-02 73 7.67912045E-02 55 4.45278361E-02 56 2.60448381E-02
 127246 1 8 0.00000000E+00 42 0.680603325 46 1.54261803E-02 75 0.216040701 53 -4.05682325E-02 72 -1.83119848E-02 73 7.71264285E-02 55 4.38906662E-02 56 2.57929210E-02
 127247 1 8 0.00000000E+00 42 0.675856888 46 1.32891191E-02 75 0.222853869 53 -3.96666192E-02 72 -1.86964441E-02 73 7.75162056E-02 55 4.32947315E-02 56 2.55522784E-02
 127914 1 8 0.00000000E+00 42 0.628377914 46 0.173262820 75 0.119028792 53 -8.08925480E-02 55 8.08617473E-02 72 2.27984451E-02 56 2.43877284E-02 71 3.21751237E-02
 127915 1 8 0.00000000E+00 42 0.634416163 46 0.168081909 75 0.120449439 53 -8.00924972E-02 55 7.89381042E-02 72 2.23036259E-02 56 2.41024662E-02 71 3.18008028E-02
 127916 1 8 0.00000000E+00 42 0.640385211 46 0.162798971 75 0.121984445 53 -7.92721137E-02 55 7.70402700E-02 72 2.18137000E-02 56 2.38171779E-02 71 3.14323269E-02
 127917 1 8 0.00000000E+00 42 0.646268487 46 0.157423422 75 0.123639137 53 -7.84315094E-02 55 7.51701444E-02 72 2.13282797E-02 56 2.35329047E-02 71 3.10691353E-02
 127918 1 8 0.00000000E+00 42 0.652049065 46 0.151965037 75 0.125418544 53 -7.75705874E-02 55 7.33294189E-02 72 2.08477341E-02 56 2.32491083E-02 71 3.07117030E-02
 127919 1 8 0.00000000E+00 42 0.657708645 46 0.146435007 75 0.127327874 53 -7.66894072E-02 55 7.15195537E-02 72 2.03723200E-02 56 2.29657479E-02 71 3.03602759E-02
 127920 1 8 0.00000000E+00 42 0.663228273 46 0.140845105 75 0.129372522 53 -7.57881925E-02 55 6.97422475E-02 72 1.99021194E-02 56 2.26832926E-02 71 3.00146285E-02
 127921 1 8 0.00000000E+00 42 0.668588281 46 0.135208189 75 0.131557912 53 -7.48673007E-02 55 6.79987520E-02 72 1.94371194E-02 56 2.24017613E-02 71 2.96752974E-02
 127922 1 8 0.00000000E+00 42 0.673768401 46 0.129537582 75 0.133889422 53 -7.39269182E-02 55 6.62904829E-02 72 1.89776719E-02 56 2.21207980E-02 71 2.93425657E-02
 127923 1 8 0.00000000E+00 42 0.678748012 46 0.123847157 75 0.136372402 53 -7.29677379E-02 55 6.46189004E-02 72 1.85238924E-02 56 2.18413156E-02 71 2.90160552E-02
 127926 1 8 0.00000000E+00 42 0.692270994 46 0.106806397 75 0.144783020 53 -6.99827448E-02 55 5.98356612E-02 72 1.71986893E-02 56 2.10092422E-02 71 2.80787591E-02
 127927 1 8 0.00000000E+00 42 0.696235716 46 0.101187654 75 0.147924021 53 -6.89544976E-02 55 5.83220050E-02 72 1.67694502E-02 56 2.07349136E-02 71 2.77807508E-02
 127931 1 8 0.00000000E+00 42 0.706439197 46 7.88508281E-02 75 0.119167566 53 -5.70644103E-02 72 -1.29467584E-02 55 5.92747293E-02 56 3.04840170E-02 73 7.57948309E-02
 127932 1 8 0.00000000E+00 42 0.708691835 46 7.36738741E-02 75 0.123467900 53 -5.60206063E-02 72 -1.31859016E-02 55 5.79001233E-02 56 3.00928224E-02 73 7.53799826E-02
 127933 1 8 0.00000000E+00 42 0.710546434 46 6.86272830E-02 75 0.127941281 53 -5.49651198E-02 72 -1.34313107E-02 55 5.65719120E-02 56 2.97070108E-02 73 7.50024989E-02
 127934 1 8 0.00000000E+00 42 0.711989045 46 6.37239143E-02 75 0.132589161 53 -5.38999774E-02 72 -1.36834020E-02 55 5.52905239E-02 56 2.93272510E-02 73 7.46634901E-02
 127935 1 8 0.00000000E+00 42 0.713007867 46 5.89751080E-02 75 0.137412280 53 -5.28267734E-02 72 -1.39423907E-02 55 5.40561751E-02 73 7.43642673E-02 56 2.89534982E-02
 127936 1 8 0.00000000E+00 42 0.713592768 46 5.43913729E-02 75 0.142410755 53 -5.17474227E-02 72 -1.42086251E-02 55 5.28689064E-02 73 7.41059035E-02 56 2.85863243E-02
 127943 1 8 0.00000000E+00 42 0.705193102 46 2.75008734E-02 75 0.182174414 53 -4.42115143E-02 72 -1.62947513E-02 73 7.35355541E-02 55 4.58716303E-02 56 2.62306854E-02
 127944 1 8 0.00000000E+00 42 0.702228367 46 2.44398005E-02 75 0.188496649 53 -4.31672893E-02 72 -1.66274142E-02 73 7.36438707E-02 55 4.50564548E-02 56 2.59295739E-02
 127945 1 8 0.00000000E+00 42 0.698844016 46 2.15729699E-02 75 0.194964141 53 -4.21390124E-02 72 -1.69695336E-02 73 7.38028362E-02 55 4.42859381E-02 56 2.56386679E-02
 127946 1 8 0.00000000E+00 42 0.695051968 46 1.88968685E-02 75 0.201570362 53 -4.11294475E-02 72 -1.73211601E-02 73 7.40134642E-02 55 4.35596779E-02 56 2.53582411E-02
 127947 1 8 0.00000000E+00 42 0.690866470 46 1.64067447E-02 75 0.208307952 53 -4.01411653E-02 72 -1.76826064E-02 73 7.42769018E-02 55 4.28769588E-02 56 2.50887685E-02
 127948 1 8 0.00000000E+00 42 0.686302304 46 1.40971318E-02 75 0.215169445 53 -3.91768739E-02 72 -1.80539489E-02 73 7.45941550E-02 55 4.22372185E-02 56 2.48305779E-02
 127949 1 8 0.00000000E+00 42 0.681375504 46 1.19621484E-02 75 0.222146928 53 -3.82392220E-02 72 -1.84353776E-02 73 7.49662966E-02 55 4.16396298E-02 56 2.45840866E-02
 127950 1 8 0.00000000E+00 42 0.676103354 46 9.99506097E-03 75 0.229231536 53 -3.73304486E-02 72 -1.88272670E-02 73 7.53946975E-02 55 4.10833657E-02 56 2.43497211E-02
 128616 1 8 0.00000000E+00 42 0.630403221 46 0.176556781 75 0.115600154 53 -8.03930536E-02 55 8.01753476E-02 72 2.22134180E-02 56 2.39345841E-02 71 3.15095559E-02
 128617 1 8 0.00000000E+00 42 0.636667311 46 0.171237111 75 0.116970703 53 -7.95753822E-02 55 7.82091096E-02 72 2.17158999E-02 56 2.36453768E-02 71 3.11298370E-02
 128618 1 8 0.00000000E+00 42 0.642868221 46 0.165806651 75 0.118456893 53 -7.87364915E-02 55 7.62695521E-02 72 2.12230459E-02 56 2.33565606E-02 71 3.07555776E-02
 128619 1 8 0.00000000E+00 42 0.648988724 46 0.160274893 75 0.120064132 53 -7.78760016E-02 55 7.43584409E-02 72 2.07347982E-02 56 2.30680797E-02 71 3.03869285E-02
 128620 1 8 0.00000000E+00 42 0.655010939 46 0.154652327 75 0.121797688 53 -7.69940466E-02 55 7.24775717E-02 72 2.02515740E-02 56 2.27798726E-02 71 3.00240777E-02
 128621 1 8 0.00000000E+00 42 0.660915732 46 0.148950651 75 0.123663180 53 -7.60908723E-02 55 7.06285089E-02 72 1.97733771E-02 56 2.24926844E-02 71 2.96667255E-02
 128622 1 8 0.00000000E+00 42 0.666682899 46 0.143182412 75 0.125666335 53 -7.51662180E-02 55 6.88126683E-02 72 1.93004124E-02 56 2.22056862E-02 71 2.93157715E-02
 128623 1 8 0.00000000E+00 42 0.672291875 46 0.137360752 75 0.127812892 53 -7.42207021E-02 55 6.70320243E-02 72 1.88329108E-02 56 2.19194237E-02 71 2.89708506E-02
 128624 1 8 0.00000000E+00 42 0.677720904 46 0.131500095 75 0.130108610 53 -7.32547343E-02 55 6.52876049E-02 72 1.83710158E-02 56 2.16339827E-02 71 2.86325309E-02
 128629 1 8 0.00000000E+00 42 0.701377153 46 0.102156818 75 0.144025743 53 -6.81331828E-02 55 5.71573004E-02 72 1.61505118E-02 56 2.02222951E-02 71 2.70433743E-02
 128630 1 8 0.00000000E+00 42 0.705250263 46 9.63960141E-02 75 0.147335425 53 -6.70561492E-02 55 5.56571744E-02 72 1.57255679E-02 56 1.99439414E-02 71 2.67477650E-02
 128632 1 8 0.00000000E+00 42 0.711960077 46 8.51171911E-02 75 0.154521018 53 -6.48580194E-02 72 1.48959914E-02 55 5.27903475E-02 56 1.93932522E-02 71 2.61801202E-02
 128633 1 8 0.00000000E+00 42 0.714755476 46 7.96323195E-02 75 0.158405393 53 -6.37396500E-02 72 1.44918701E-02 55 5.14247678E-02 56 1.91211458E-02 71 2.59086844E-02
 128634 1 8 0.00000000E+00 42 0.714841425 46 7.37068355E-02 75 0.120849192 53 -5.52391671E-02 72 -1.30001642E-02 55 5.64214885E-02 56 2.92431712E-02 73 7.31772557E-02
 128635 1 8 0.00000000E+00 42 0.716835320 46 6.84889182E-02 75 0.125363916 53 -5.41462190E-02 72 -1.32385306E-02 55 5.50715588E-02 56 2.88499314E-02 73 7.27750883E-02
 128646 1 8 0.00000000E+00 42 0.708592296 46 2.31611058E-02 75 0.186929822 53 -4.18898836E-02 72 -1.63664538E-02 73 7.11727515E-02 55 4.34113592E-02 56 2.49889791E-02
 128647 1 8 0.00000000E+00 42 0.705082476 46 2.02632602E-02 75 0.193538979 53 -4.08197120E-02 72 -1.67035498E-02 73 7.13120997E-02 55 4.26354520E-02 56 2.46909633E-02
 128648 1 8 0.00000000E+00 42 0.701146543 46 1.75666362E-02 75 0.200294316 53 -3.97688411E-02 72 -1.70506015E-02 73 7.15034455E-02 55 4.19048555E-02 56 2.44036689E-02
 128649 1 8 0.00000000E+00 42 0.696799755 46 1.50657240E-02 75 0.207188040 53 -3.87399979E-02 72 -1.74078420E-02 73 7.17480034E-02 55 4.12187688E-02 56 2.41275355E-02
 128650 1 8 0.00000000E+00 42 0.692058206 46 1.27549097E-02 75 0.214212179 53 -3.77364010E-02 72 -1.77751109E-02 73 7.20467716E-02 55 4.05765623E-02 56 2.38628946E-02
 128651 1 8 0.00000000E+00 42 0.686940491 46 1.06260730E-02 75 0.221358344 53 -3.67606357E-02 72 -1.81530565E-02 73 7.24008530E-02 55 3.99775542E-02 56 2.36103702E-02
 128652 1 8 0.00000000E+00 42 0.681464791 46 8.67226254E-03 75 0.228617325 53 -3.58153693E-02 72 -1.85413770E-02 73 7.28114769E-02 55 3.94208916E-02 56 2.33700145E-02
 128653 1 8 0.00000000E+00 42 0.675650537 46 6.88524870E-03 75 0.235980317 53 -3.49032581E-02 72 -1.89407133E-02 73 7.32795969E-02 55 3.89057733E-02 56 2.31424719E-02
 129319 1 8 0.00000000E+00 42 0.638772249 46 0.174565300 75 0.113445304 53 -7.90526271E-02 55 7.74880797E-02 72 2.11339667E-02 56 2.31890865E-02 71 3.04586273E-02
 129320 1 8 0.00000000E+00 42 0.645213723 46 0.168983042 75 0.114879049 53 -7.81946927E-02 55 7.55054951E-02 72 2.06382964E-02 56 2.28963047E-02 71 3.00787892E-02
 129321 1 8 0.00000000E+00 42 0.651581109 46 0.163290083 75 0.116434999 53 -7.73141906E-02 55 7.35522136E-02 72 2.01474577E-02 56 2.26038992E-02 71 2.97043994E-02
 129322 1 8 0.00000000E+00 42 0.657855153 46 0.157498091 75 0.118118770 53 -7.64111206E-02 55 7.16298595E-02 72 1.96617134E-02 56 2.23118365E-02 71 2.93357074E-02
 129323 1 8 0.00000000E+00 42 0.664016366 46 0.151618317 75 0.119936429 53 -7.54854679E-02 55 6.97401762E-02 72 1.91810559E-02 56 2.20199395E-02 71 2.89731622E-02
 129324 1 8 0.00000000E+00 42 0.670043170 46 0.145664290 75 0.121893957 53 -7.45371729E-02 55 6.78850040E-02 72 1.87056866E-02 56 2.17286739E-02 71 2.86163799E-02
 129325 1 8 0.00000000E+00 42 0.675913811 46 0.139649898 75 0.123997405 53 -7.35665485E-02 55 6.60659298E-02 72 1.82357281E-02 56 2.14378629E-02 71 2.82658841E-02
 129326 1 8 0.00000000E+00 42 0.681605160 46 0.133590430 75 0.126253098 53 -7.25739896E-02 55 6.42843843E-02 72 1.77713521E-02 56 2.11476423E-02 71 2.79219151E-02
 129327 1 8 0.00000000E+00 42 0.687093377 46 0.127501979 75 0.128667191 53 -7.15598240E-02 55 6.25418648E-02 72 1.73128285E-02 56 2.08581649E-02 71 2.75844298E-02
 129328 1 8 0.00000000E+00 42 0.692354023 46 0.121401392 75 0.131245881 53 -7.05245882E-02 55 6.08396865E-02 72 1.68602895E-02 56 2.05695834E-02 71 2.72537228E-02
 129329 1 8 0.00000000E+00 42 0.697362840 46 0.115305528 75 0.133995458 53 -6.94688335E-02 55 5.91791980E-02 72 1.64137892E-02 56 2.02817842E-02 71 2.69302260E-02
 129330 1 8 0.00000000E+00 42 0.702094197 46 0.109233193 75 0.136921912 53 -6.83934018E-02 55 5.75615130E-02 72 1.59735549E-02 56 1.99952498E-02 71 2.66137831E-02
 129331 1 8 0.00000000E+00 42 0.706523955 46 0.103201851 75 0.140031025 53 -6.72994182E-02 55 5.59878200E-02 72 1.55400177E-02 56 1.97099093E-02 71 2.63048615E-02
 129332 1 8 0.00000000E+00 42 0.710626662 46 9.72308517E-02 75 0.143328577 53 -6.61875755E-02 55 5.44587858E-02 72 1.51129747E-02 56 1.94259416E-02 71 2.60038115E-02
 129333 1 8 0.00000000E+00 42 0.714378715 46 9.13380757E-02 75 0.146819815 53 -6.50590807E-02 72 1.46927936E-02 55 5.29753529E-02 56 1.91437192E-02 71 2.57105809E-02
 129334 1 8 0.00000000E+00 42 0.717757046 46 8.55417550E-02 75 0.150509715 53 -6.39153719E-02 72 1.42796366E-02 55 5.15384711E-02 56 1.88631248E-02 71 2.54256073E-02
 129335 1 8 0.00000000E+00 42 0.720739663 46 7.98597187E-02 75 0.154402658 53 -6.27579838E-02 72 1.38736153E-02 55 5.01484536E-02 56 1.85849424E-02 71 2.51489300E-02
 129336 1 8 0.00000000E+00 42 0.723305583 46 7.43092746E-02 75 0.158502772 53 -6.15887120E-02 72 1.34751666E-02 55 4.88059744E-02 56 1.83089338E-02 71 2.48809960E-02
 129349 1 8 0.00000000E+00 42 0.711406767 46 1.89300235E-02 75 0.192012295 53 -3.94556858E-02 72 -1.64178908E-02 73 6.88084215E-02 55 4.09773774E-02 56 2.37387121E-02
 129350 1 8 0.00000000E+00 42 0.707317114 46 1.62162464E-02 75 0.198920399 53 -3.83612029E-02 72 -1.67596694E-02 73 6.89802393E-02 55 4.02426533E-02 56 2.34441869E-02
 129351 1 8 0.00000000E+00 42 0.702798486 46 1.37086855E-02 75 0.205974326 53 -3.72898206E-02 72 -1.71118677E-02 73 6.92055300E-02 55 3.95535715E-02 56 2.31610872E-02
 129352 1 8 0.00000000E+00 42 0.697868884 46 1.14002582E-02 75 0.213165522 53 -3.62445228E-02 72 -1.74748078E-02 73 6.94854558E-02 55 3.89094539E-02 56 2.28897352E-02
 129353 1 8 0.00000000E+00 42 0.692548096 46 9.28285159E-03 75 0.220485196 53 -3.52287777E-02 72 -1.78482849E-02 73 6.98208436E-02 55 3.83093357E-02 56 2.26307511E-02
 129354 1 8 0.00000000E+00 42 0.686856389 46 7.34764105E-03 75 0.227923632 53 -3.42446342E-02 72 -1.82330720E-02 73 7.02132657E-02 55 3.77525091E-02 56 2.23842785E-02
 129355 1 8 0.00000000E+00 42 0.680815220 46 5.58532495E-03 75 0.235471398 53 -3.32955681E-02 72 -1.86288841E-02 73 7.06634969E-02 55 3.72381359E-02 56 2.21509058E-02
 129356 1 8 0.00000000E+00 42 0.674446166 46 3.98668647E-03 75 0.243118331 53 -3.23841050E-02 72 -1.90361589E-02 73 7.11729079E-02 55 3.67651843E-02 56 2.19309870E-02
 130021 1 8 0.00000000E+00 42 0.640716136 46 0.178077832 75 0.109875381 53 -7.85242468E-02 55 7.67758563E-02 72 2.05580108E-02 56 2.27336623E-02 71 2.97873653E-02
 130022 1 8 0.00000000E+00 42 0.647406697 46 0.172339857 75 0.111252941 53 -7.76472092E-02 55 7.47489110E-02 72 2.00599506E-02 56 2.24368963E-02 71 2.94019412E-02
 130023 1 8 0.00000000E+00 42 0.654030442 46 0.166481212 75 0.112753667 53 -7.67465308E-02 55 7.27519915E-02 72 1.95668060E-02 56 2.21405756E-02 71 2.90218536E-02
 130024 1 8 0.00000000E+00 42 0.660567462 46 0.160513297 75 0.114383712 53 -7.58218989E-02 55 7.07869008E-02 72 1.90785285E-02 56 2.18443647E-02 71 2.86476314E-02
 130025 1 8 0.00000000E+00 42 0.666996419 46 0.154448971 75 0.116149232 53 -7.48731792E-02 55 6.88555390E-02 72 1.85955968E-02 56 2.15482507E-02 71 2.82791499E-02
 130026 1 8 0.00000000E+00 42 0.673295856 46 0.148301348 75 0.118056647 53 -7.39007443E-02 55 6.69597015E-02 72 1.81178711E-02 56 2.12525222E-02 71 2.79167946E-02
 130027 1 8 0.00000000E+00 42 0.679441452 46 0.142086104 75 0.120112576 53 -7.29046613E-02 55 6.51010647E-02 72 1.76457185E-02 56 2.09573004E-02 71 2.75604706E-02
 130028 1 8 0.00000000E+00 42 0.685409188 46 0.135818705 75 0.122323625 53 -7.18850344E-02 55 6.32812902E-02 72 1.71792824E-02 56 2.06622072E-02 71 2.72107441E-02
 130029 1 8 0.00000000E+00 42 0.691173673 46 0.129516512 75 0.124696434 53 -7.08424151E-02 55 6.15018308E-02 72 1.67186391E-02 56 2.03679837E-02 71 2.68673524E-02
 130030 1 8 0.00000000E+00 42 0.696708679 46 0.123197503 75 0.127237752 53 -6.97771460E-02 55 5.97639307E-02 72 1.62640661E-02 56 2.00739149E-02 71 2.65313201E-02
 130031 1 8 0.00000000E+00 42 0.701987565 46 0.116880253 75 0.129954338 53 -6.86899573E-02 55 5.80692999E-02 72 1.58155467E-02 56 1.97810717E-02 71 2.62018982E-02
 130032 1 8 0.00000000E+00 42 0.706983209 46 0.110584490 75 0.132852629 53 -6.75817505E-02 55 5.64188324E-02 72 1.53736500E-02 56 1.94888711E-02 71 2.58800462E-02
 130033 1 8 0.00000000E+00 42 0.711668909 46 0.104329601 75 0.135939196 53 -6.64530173E-02 55 5.48138320E-02 72 1.49381384E-02 56 1.91978961E-02 71 2.55654696E-02
 130034 1 8 0.00000000E+00 42 0.716017425 46 9.81360301E-02 75 0.139220193 53 -6.53053075E-02 55 5.32553308E-02 72 1.45094479E-02 56 1.89083554E-02 71 2.52585188E-02
 130035 1 8 0.00000000E+00 42 0.720002770 46 9.20236930E-02 75 0.142701477 53 -6.41394258E-02 72 1.40877366E-02 55 5.17438650E-02 56 1.86199229E-02 71 2.49599833E-02
 130036 1 8 0.00000000E+00 42 0.723599494 46 8.60124007E-02 75 0.146388605 53 -6.29566312E-02 72 1.36728957E-02 55 5.02803512E-02 56 1.83333382E-02 71 2.46695355E-02
 130037 1 8 0.00000000E+00 42 0.726783335 46 8.01217929E-02 75 0.150286540 53 -6.17589504E-02 72 1.32655110E-02 55 4.88655046E-02 56 1.80484895E-02 71 2.43877862E-02
 130052 1 8 0.00000000E+00 42 0.713562310 46 1.48465596E-02 75 0.197445035 53 -3.69045064E-02 72 -1.64481681E-02 73 6.64451271E-02 55 3.85736562E-02 56 2.24799626E-02
 130053 1 8 0.00000000E+00 42 0.708860099 46 1.23370159E-02 75 0.204663664 53 -3.57881598E-02 72 -1.67948157E-02 73 6.66507483E-02 55 3.78820039E-02 56 2.21894644E-02
 130054 1 8 0.00000000E+00 42 0.703730047 46 1.00362664E-02 75 0.212026656 53 -3.46992500E-02 72 -1.71522703E-02 73 6.69112056E-02 55 3.72361802E-02 56 2.19111387E-02
 130055 1 8 0.00000000E+00 42 0.698193371 46 7.93538522E-03 75 0.219524682 53 -3.36407796E-02 72 -1.75210256E-02 73 6.72276765E-02 55 3.66353840E-02 56 2.16452871E-02
 130056 1 8 0.00000000E+00 42 0.692272604 46 6.02433970E-03 75 0.227147773 53 -3.26159932E-02 72 -1.79013014E-02 73 6.76012188E-02 55 3.60788293E-02 56 2.13925112E-02
 130057 1 8 0.00000000E+00 42 0.685991049 46 4.29273257E-03 75 0.234885767 53 -3.16281095E-02 72 -1.82929225E-02 73 6.80329278E-02 55 3.55654880E-02 56 2.11530477E-02
 130058 1 8 0.00000000E+00 42 0.679372191 46 2.72997725E-03 75 0.242727891 53 -3.06795277E-02 72 -1.86964907E-02 73 6.85242042E-02 55 3.50944214E-02 56 2.09273249E-02
 130059 1 8 0.00000000E+00 42 0.672439873 46 1.32540520E-03 75 0.250663549 53 -2.97735482E-02 72 -1.91120636E-02 73 6.90760389E-02 55 3.46646793E-02 56 2.07160898E-02
 130723 1 8 0.00000000E+00 42 0.642482638 46 0.181786910 75 0.106263459 53 -7.79899359E-02 55 7.60729909E-02 72 1.99883208E-02 56 2.22790856E-02 71 2.91165393E-02
 130724 1 8 0.00000000E+00 42 0.649430871 46 0.175889671 75 0.107581012 53 -7.70938247E-02 55 7.40002990E-02 72 1.94879882E-02 56 2.19786391E-02 71 2.87253670E-02
 130725 1 8 0.00000000E+00 42 0.656320751 46 0.169860318 75 0.109022602 53 -7.61724338E-02 55 7.19583184E-02 72 1.89925209E-02 56 2.16781776E-02 71 2.83397324E-02
 130726 1 8 0.00000000E+00 42 0.663131297 46 0.163711116 75 0.110594578 53 -7.52259195E-02 55 6.99492171E-02 72 1.85021684E-02 56 2.13778801E-02 71 2.79596224E-02
 130727 1 8 0.00000000E+00 42 0.669840574 46 0.157454997 75 0.112303585 53 -7.42541328E-02 55 6.79749250E-02 72 1.80171523E-02 56 2.10775547E-02 71 2.75853369E-02
 130728 1 8 0.00000000E+00 42 0.676424921 46 0.151106626 75 0.114156410 53 -7.32569918E-02 55 6.60371110E-02 72 1.75373908E-02 56 2.07773857E-02 71 2.72171460E-02
 130729 1 8 0.00000000E+00 42 0.682859838 46 0.144681305 75 0.116160043 53 -7.22347274E-02 55 6.41377568E-02 72 1.70632098E-02 56 2.04774030E-02 71 2.68551670E-02
 130730 1 8 0.00000000E+00 42 0.689118981 46 0.138196498 75 0.118321508 53 -7.11876228E-02 55 6.22786582E-02 72 1.65948253E-02 56 2.01778300E-02 71 2.64993068E-02
 130731 1 8 0.00000000E+00 42 0.695175588 46 0.131669968 75 0.120648131 53 -7.01158792E-02 55 6.04610406E-02 72 1.61323939E-02 56 1.98783260E-02 71 2.61504650E-02
 130732 1 8 0.00000000E+00 42 0.701001346 46 0.125121325 75 0.123146959 53 -6.90199733E-02 55 5.86866029E-02 72 1.56760700E-02 56 1.95792317E-02 71 2.58084517E-02
 130733 1 8 0.00000000E+00 42 0.706567585 46 0.118570477 75 0.125825480 53 -6.79006279E-02 55 5.69569394E-02 72 1.52259190E-02 56 1.92812253E-02 71 2.54730172E-02
 130734 1 8 0.00000000E+00 42 0.711845040 46 0.112038583 75 0.128690705 53 -6.67584091E-02 55 5.52729480E-02 72 1.47823747E-02 56 1.89834516E-02 71 2.51453202E-02
 130735 1 8 0.00000000E+00 42 0.716804147 46 0.105547264 75 0.131749779 53 -6.55942261E-02 55 5.36358841E-02 72 1.43453302E-02 56 1.86867453E-02 71 2.48250626E-02
 130736 1 8 0.00000000E+00 42 0.721415997 46 9.91180986E-02 75 0.135009378 53 -6.44092932E-02 55 5.20468652E-02 72 1.39152464E-02 56 1.83911454E-02 71 2.45125331E-02
 130755 1 8 0.00000000E+00 42 0.714981437 46 1.09524447E-02 75 0.203252912 53 -3.42330746E-02 72 -1.64555982E-02 73 6.40846342E-02 55 3.62044498E-02 56 2.12128069E-02
 130756 1 8 0.00000000E+00 42 0.709637284 46 8.66526086E-03 75 0.210792512 53 -3.30977030E-02 72 -1.68072395E-02 73 6.43254295E-02 55 3.55574377E-02 56 2.09269952E-02
 130757 1 8 0.00000000E+00 42 0.703870833 46 6.58711698E-03 75 0.218474120 53 -3.19946334E-02 72 -1.71705484E-02 73 6.46224767E-02 55 3.49563472E-02 56 2.06542686E-02
 130758 1 8 0.00000000E+00 42 0.697706878 46 4.70652478E-03 75 0.226287216 53 -3.09269913E-02 72 -1.75453313E-02 73 6.49766773E-02 55 3.44004594E-02 56 2.03945916E-02
 130759 1 8 0.00000000E+00 42 0.691170573 46 3.01188976E-03 75 0.234220773 53 -2.98978146E-02 72 -1.79322641E-02 73 6.53895065E-02 55 3.38886380E-02 56 2.01487001E-02
 130760 1 8 0.00000000E+00 42 0.684287608 46 1.49137224E-03 75 0.242264017 53 -2.89102718E-02 72 -1.83315501E-02 73 6.58618957E-02 55 3.34198922E-02 56 1.99170467E-02
 130761 1 8 0.00000000E+00 42 0.677083433 46 1.33529524E-04 75 0.250405461 53 -2.79675573E-02 72 -1.87433660E-02 73 6.63952157E-02 55 3.29930373E-02 56 1.97002459E-02
 130762 1 8 0.00000000E+00 42 0.669584095 46 -1.07409642E-03 75 0.258633465 53 -2.70721111E-02 72 -1.91675685E-02 73 6.69906661E-02 55 3.26074362E-02 56 1.94981098E-02
 130763 1 8 0.00000000E+00 42 0.661814928 46 -2.14296579E-03 75 0.266936332 53 -2.62266211E-02 72 -1.96049977E-02 73 6.76499158E-02 55 3.22617143E-02 56 1.93117168E-02
 131425 1 8 0.00000000E+00 42 0.644054055 46 0.185705796 75 0.102612503 53 -7.74497464E-02 55 7.53804669E-02 72 1.94250401E-02 71 2.84464620E-02 56 2.18254048E-02
 131426 1 8 0.00000000E+00 42 0.651268780 46 0.179645389 75 0.103866115 53 -7.65340850E-02 55 7.32604861E-02 72 1.89225990E-02 56 2.15211064E-02 71 2.80496068E-02
 131427 1 8 0.00000000E+00 42 0.658434331 46 0.173441157 75 0.105244324 53 -7.55920634E-02 55 7.11721927E-02 72 1.84251964E-02 56 2.12169085E-02 71 2.76579391E-02
 131428 1 8 0.00000000E+00 42 0.665529549 46 0.167104796 75 0.106753938 53 -7.46234059E-02 55 6.91176429E-02 72 1.79329179E-02 56 2.09124628E-02 71 2.72720680E-02
 131429 1 8 0.00000000E+00 42 0.672531009 46 0.160650462 75 0.108401828 53 -7.36279264E-02 55 6.70988858E-02 72 1.74459014E-02 56 2.06078831E-02 71 2.68919747E-02
 131430 1 8 0.00000000E+00 42 0.679414153 46 0.154092923 75 0.110195272 53 -7.26059675E-02 55 6.51180223E-02 72 1.69644952E-02 56 2.03033481E-02 71 2.65177414E-02
 131431 1 8 0.00000000E+00 42 0.686152875 46 0.147448778 75 0.112141646 53 -7.15571642E-02 55 6.31766394E-02 72 1.64884757E-02 56 1.99988373E-02 71 2.61499006E-02
 131432 1 8 0.00000000E+00 42 0.692719340 46 0.140736163 75 0.114248529 53 -7.04819933E-02 55 6.12768717E-02 72 1.60184707E-02 56 1.96943581E-02 71 2.57882643E-02
 131433 1 8 0.00000000E+00 42 0.699084818 46 0.133974180 75 0.116523534 53 -6.93804026E-02 55 5.94202429E-02 72 1.55544709E-02 56 1.93899889E-02 71 2.54331846E-02
 131438 1 8 0.00000000E+00 42 0.726814151 46 0.100184739 75 0.130695686 53 -6.34995997E-02 55 5.08336388E-02 72 1.33306710E-02 56 1.78745147E-02 71 2.37661954E-02
 131458 1 8 0.00000000E+00 42 0.715584993 46 7.29071116E-03 75 0.209460557 53 -3.14378925E-02 72 -1.64390244E-02 73 6.17292672E-02 55 3.38738784E-02 56 1.99375004E-02
 131459 1 8 0.00000000E+00 42 0.709573865 46 5.24178706E-03 75 0.217330933 53 -3.02873608E-02 72 -1.67959407E-02 73 6.20065220E-02 55 3.32729779E-02 56 1.96572095E-02
 131460 1 8 0.00000000E+00 42 0.703151047 46 3.39878676E-03 75 0.225339442 53 -2.91741695E-02 72 -1.71649344E-02 73 6.23411722E-02 55 3.27180922E-02 56 1.93905309E-02
 131461 1 8 0.00000000E+00 42 0.696344733 46 1.74816267E-03 75 0.233474463 53 -2.81017832E-02 72 -1.75462905E-02 73 6.27344772E-02 55 3.22081409E-02 56 1.91380922E-02
 131462 1 8 0.00000000E+00 42 0.689182401 46 2.76987441E-04 75 0.241724521 53 -2.70732287E-02 72 -1.79404691E-02 73 6.31875023E-02 55 3.17419767E-02 56 1.89002845E-02
 131463 1 8 0.00000000E+00 42 0.681691885 46 -1.02792343E-03 75 0.250077605 53 -2.60917693E-02 72 -1.83475632E-02 73 6.37016371E-02 55 3.13188285E-02 56 1.86772887E-02
 131464 1 8 0.00000000E+00 42 0.673901320 46 -2.17976328E-03 75 0.258521318 53 -2.51604356E-02 72 -1.87677052E-02 73 6.42781332E-02 55 3.09372321E-02 56 1.84699316E-02
 131465 1 8 0.00000000E+00 42 0.665837109 46 -3.19091952E-03 75 0.267043978 53 -2.42820885E-02 72 -1.92013215E-02 73 6.49182945E-02 55 3.05963662E-02 56 1.82785671E-02
 131466 1 8 0.00000000E+00 42 0.657526076 46 -4.07368736E-03 75 0.275632739 53 -2.34587137E-02 72 -1.96486432E-02 73 6.56239390E-02 55 3.02950982E-02 56 1.81032233E-02
 132127 1 8 0.00000000E+00 42 0.645411313 46 0.189848736 75 9.89257395E-02 53 -7.69034326E-02 55 7.46991634E-02 72 1.88683588E-02 71 2.77771000E-02 56 2.13730317E-02
 132128 1 8 0.00000000E+00 42 0.652900696 46 0.183622181 75 0.100111350 53 -7.59681687E-02 55 7.25304186E-02 72 1.83641408E-02 56 2.10651457E-02 71 2.73742359E-02
 132129 1 8 0.00000000E+00 42 0.660351992 46 0.177238256 75 0.101422012 53 -7.50052407E-02 55 7.03941956E-02 72 1.78649835E-02 56 2.07567755E-02 71 2.69770306E-02
 132130 1 8 0.00000000E+00 42 0.667742848 46 0.170709252 75 0.102864727 53 -7.40140900E-02 55 6.82928488E-02 72 1.73709039E-02 56 2.04483438E-02 71 2.65851319E-02
 132131 1 8 0.00000000E+00 42 0.675049186 46 0.164049670 75 0.104446791 53 -7.29949325E-02 55 6.62282929E-02 72 1.68823116E-02 56 2.01395974E-02 71 2.61991005E-02
 132132 1 8 0.00000000E+00 42 0.682245076 46 0.157274857 75 0.106175892 53 -7.19473734E-02 55 6.42027631E-02 72 1.63991507E-02 56 1.98307373E-02 71 2.58189198E-02
 132133 1 8 0.00000000E+00 42 0.689302742 46 0.150402576 75 0.108059704 53 -7.08715841E-02 55 6.22181781E-02 72 1.59217920E-02 56 1.95215847E-02 71 2.54449863E-02
 132134 1 8 0.00000000E+00 42 0.696193159 46 0.143451512 75 0.110106491 53 -6.97677210E-02 55 6.02765195E-02 72 1.54503323E-02 56 1.92122795E-02 71 2.50774398E-02
 132135 1 8 0.00000000E+00 42 0.702884853 46 0.136442706 75 0.112324551 53 -6.86357766E-02 55 5.83794899E-02 72 1.49849402E-02 56 1.89028420E-02 71 2.47163698E-02
 132140 1 8 0.00000000E+00 42 0.732203066 46 0.101343937 75 0.126278684 53 -6.25761002E-02 55 4.96162958E-02 72 1.27560785E-02 56 1.73589680E-02 71 2.30190698E-02
 132160 1 8 0.00000000E+00 42 0.721566439 46 5.91672957E-03 75 0.208027706 53 -2.97165811E-02 72 -1.60471909E-02 73 5.91243692E-02 55 3.21860164E-02 56 1.89425256E-02
 132161 1 8 0.00000000E+00 42 0.715293765 46 3.90501413E-03 75 0.216092646 53 -2.85161193E-02 72 -1.63970459E-02 73 5.93814924E-02 55 3.15858349E-02 56 1.86544061E-02
 132162 1 8 0.00000000E+00 42 0.708595932 46 2.10701814E-03 75 0.224302262 53 -2.73549818E-02 72 -1.67591777E-02 73 5.96961379E-02 55 3.10324281E-02 56 1.83803514E-02
 132163 1 8 0.00000000E+00 42 0.701502979 46 5.08104160E-04 75 0.232644722 53 -2.62367092E-02 72 -1.71343181E-02 73 6.00695387E-02 55 3.05248443E-02 56 1.81208402E-02
 132164 1 8 0.00000000E+00 42 0.694045246 46 -9.06464178E-04 75 0.241107494 53 -2.51647774E-02 72 -1.75226666E-02 73 6.05027899E-02 55 3.00619919E-02 56 1.78764090E-02
 132165 1 8 0.00000000E+00 42 0.686252892 46 -2.15114397E-03 75 0.249678150 53 -2.41427813E-02 72 -1.79240927E-02 73 6.09970316E-02 55 2.96426043E-02 56 1.76473279E-02
 132166 1 8 0.00000000E+00 42 0.678155720 46 -3.24037718E-03 75 0.258343905 53 -2.31736433E-02 72 -1.83394384E-02 73 6.15538321E-02 55 2.92655956E-02 56 1.74344163E-02
 132167 1 8 0.00000000E+00 42 0.669782579 46 -4.18778230E-03 75 0.267092139 53 -2.22603790E-02 72 -1.87686794E-02 73 6.21744245E-02 55 2.89299674E-02 56 1.72377191E-02
 132829 1 8 0.00000000E+00 42 0.646533787 46 0.194230899 75 9.52066705E-02 53 -7.63507336E-02 55 7.40301460E-02 72 1.83185712E-02 71 2.71087680E-02 56 2.09219139E-02
 132830 1 8 0.00000000E+00 42 0.654306054 46 0.187835306 75 9.63203982E-02 53 -7.53957927E-02 55 7.18109086E-02 72 1.78125873E-02 71 2.67001502E-02 56 2.06104014E-02
 132831 1 8 0.00000000E+00 42 0.662052810 46 0.181267425 75 9.75591540E-02 53 -7.44117796E-02 55 6.96252286E-02 72 1.73119102E-02 56 2.02982593E-02 71 2.62970235E-02
 132832 1 8 0.00000000E+00 42 0.669750392 46 0.174540579 75 9.89304110E-02 53 -7.33981803E-02 55 6.74753562E-02 72 1.68163627E-02 56 1.99858714E-02 71 2.58992054E-02
 132833 1 8 0.00000000E+00 42 0.677374065 46 0.167668968 75 0.100441754 53 -7.23547339E-02 55 6.53635487E-02 72 1.63263213E-02 56 1.96727067E-02 71 2.55073700E-02
 132834 1 8 0.00000000E+00 42 0.684897065 46 0.160668626 75 0.102101244 53 -7.12813959E-02 55 6.32920638E-02 72 1.58418380E-02 56 1.93595607E-02 71 2.51210276E-02
 132835 1 8 0.00000000E+00 42 0.692289472 46 0.153558612 75 0.103917211 53 -7.01781511E-02 55 6.12628460E-02 72 1.53632881E-02 56 1.90456063E-02 71 2.47411430E-02
 132836 1 8 0.00000000E+00 42 0.699520707 46 0.146358460 75 0.105898298 53 -6.90450370E-02 55 5.92780001E-02 72 1.48906456E-02 56 1.87316481E-02 71 2.43672933E-02
 132837 1 8 0.00000000E+00 42 0.706557691 46 0.139090180 75 0.108053267 53 -6.78820610E-02 55 5.73394038E-02 72 1.44242840E-02 56 1.84171125E-02 71 2.40001436E-02
 132863 1 8 0.00000000E+00 42 0.721021593 46 2.58202245E-03 75 0.214757174 53 -2.66781170E-02 72 -1.59729198E-02 73 5.67487292E-02 55 2.98958384E-02 56 1.76456999E-02
 132864 1 8 0.00000000E+00 42 0.714030385 46 8.37836240E-04 75 0.223173976 53 -2.54659634E-02 72 -1.63276996E-02 73 5.70431501E-02 55 2.93444339E-02 56 1.73638687E-02
 132865 1 8 0.00000000E+00 42 0.706633210 46 -7.00916338E-04 75 0.231729731 53 -2.42993943E-02 72 -1.66956205E-02 73 5.73962852E-02 55 2.88396273E-02 56 1.70971006E-02
 132866 1 8 0.00000000E+00 42 0.698862851 46 -2.05068872E-03 75 0.240411431 53 -2.31818203E-02 72 -1.70770269E-02 73 5.78092113E-02 55 2.83803847E-02 56 1.68456770E-02
 132867 1 8 0.00000000E+00 42 0.690752327 46 -3.22777661E-03 75 0.249205679 53 -2.21170001E-02 72 -1.74721908E-02 73 5.82833067E-02 55 2.79654395E-02 56 1.66101959E-02
 132868 1 8 0.00000000E+00 42 0.682333171 46 -4.24749823E-03 75 0.258099556 53 -2.11079381E-02 72 -1.78817213E-02 73 5.88197187E-02 55 2.75935195E-02 56 1.63912252E-02
 133531 1 8 0.00000000E+00 42 0.647399366 46 0.198868513 75 9.14594755E-02 53 -7.57914111E-02 55 7.33740926E-02 72 1.77757163E-02 71 2.64420975E-02 56 2.04721279E-02
 133532 1 8 0.00000000E+00 42 0.655462205 46 0.192301542 75 9.24971849E-02 53 -7.48166814E-02 55 7.11028054E-02 72 1.72683783E-02 71 2.60276031E-02 56 2.01569777E-02
 133533 1 8 0.00000000E+00 42 0.663513422 46 0.185546324 75 9.36597064E-02 53 -7.38113001E-02 55 6.88661411E-02 72 1.67662688E-02 56 1.98411103E-02 71 2.56183464E-02
 133534 1 8 0.00000000E+00 42 0.671528876 46 0.178616256 75 9.49547663E-02 53 -7.27749020E-02 55 6.66661859E-02 72 1.62694585E-02 56 1.95248276E-02 71 2.52145696E-02
 133535 1 8 0.00000000E+00 42 0.679482996 46 0.171525672 75 9.63903517E-02 53 -7.17070624E-02 55 6.45055696E-02 72 1.57783199E-02 56 1.92076545E-02 71 2.48164926E-02
 133536 1 8 0.00000000E+00 42 0.687346995 46 0.164292157 75 9.79749784E-02 53 -7.06077740E-02 55 6.23865239E-02 72 1.52928289E-02 56 1.88900046E-02 71 2.44242642E-02
 133537 1 8 0.00000000E+00 42 0.695090711 46 0.156934366 75 9.97173414E-02 53 -6.94765300E-02 55 6.03111498E-02 72 1.48132313E-02 56 1.85714811E-02 71 2.40382589E-02
 133538 1 8 0.00000000E+00 42 0.702680826 46 0.149473682 75 0.101626694 53 -6.83135986E-02 55 5.82818687E-02 72 1.43397478E-02 56 1.82525329E-02 71 2.36582682E-02
 133539 1 8 0.00000000E+00 42 0.710082471 46 0.141933262 75 0.103712536 53 -6.71191514E-02 55 5.63004389E-02 72 1.38725387E-02 56 1.79332085E-02 71 2.32846979E-02
 133544 1 8 0.00000000E+00 42 0.742908120 46 0.103980355 75 0.117135383 53 -6.06873594E-02 55 4.71691079E-02 72 1.16377771E-02 56 1.63320024E-02 71 2.15246379E-02
 133545 1 8 0.00000000E+00 42 0.748349428 46 9.65480581E-02 75 0.120488830 53 -5.93145713E-02 55 4.55075242E-02 72 1.12125408E-02 56 1.60119366E-02 71 2.11962536E-02
 133570 1 8 0.00000000E+00 42 0.686416566 46 -5.19040320E-03 75 0.257787108 53 -1.89593434E-02 72 -1.73938554E-02 73 5.60776852E-02 55 2.59218011E-02 56 1.53404353E-02
 134233 1 8 0.00000000E+00 42 0.647983968 46 0.203779265 75 8.76887217E-02 53 -7.52254426E-02 55 7.27325678E-02 72 1.72399860E-02 71 2.57768333E-02 56 2.00241003E-02
 134234 1 8 0.00000000E+00 42 0.656344652 46 0.197038904 75 8.86463970E-02 53 -7.42307529E-02 55 7.04074576E-02 72 1.67314056E-02 71 2.53565591E-02 56 1.97053440E-02
 134235 1 8 0.00000000E+00 42 0.664709270 46 0.190093204 75 8.97281244E-02 53 -7.32039586E-02 55 6.81177825E-02 72 1.62283741E-02 56 1.93855558E-02 71 2.49416176E-02
 134236 1 8 0.00000000E+00 42 0.673053443 46 0.182955027 75 9.09422264E-02 53 -7.21445009E-02 55 6.58661649E-02 72 1.57305654E-02 56 1.90654248E-02 71 2.45316233E-02
 134237 1 8 0.00000000E+00 42 0.681350410 46 0.175639495 75 9.22969505E-02 53 -7.10520521E-02 55 6.36551306E-02 72 1.52384667E-02 56 1.87442675E-02 71 2.41273623E-02
 134238 1 8 0.00000000E+00 42 0.689570487 46 0.168164298 75 9.38011557E-02 53 -6.99262172E-02 55 6.14868775E-02 72 1.47521831E-02 56 1.84221081E-02 71 2.37291288E-02
 134239 1 8 0.00000000E+00 42 0.697681785 46 0.160549045 75 9.54640731E-02 53 -6.87666684E-02 55 5.93639612E-02 72 1.42719019E-02 56 1.80990826E-02 71 2.33368333E-02
 134240 1 8 0.00000000E+00 42 0.705649495 46 0.152816117 75 9.72955301E-02 53 -6.75735623E-02 55 5.72887361E-02 72 1.37977852E-02 56 1.77754611E-02 71 2.29504295E-02
 134241 1 8 0.00000000E+00 42 0.713436306 46 0.144990265 75 9.93055999E-02 53 -6.63468316E-02 55 5.52629232E-02 72 1.33300964E-02 56 1.74510051E-02 71 2.25706510E-02
 134245 1 8 0.00000000E+00 42 0.741948962 46 0.113327593 75 0.109345593 53 -6.11103326E-02 55 4.76920158E-02 72 1.15273837E-02 56 1.61475614E-02 71 2.11212467E-02
 134246 1 8 0.00000000E+00 42 0.748197198 46 0.105480939 75 0.112410367 53 -5.97219542E-02 55 4.59398180E-02 72 1.10947723E-02 56 1.58209410E-02 71 2.07779463E-02
 134247 1 8 0.00000000E+00 42 0.754001558 46 9.77298468E-02 75 0.115718961 53 -5.83039448E-02 55 4.42463309E-02 72 1.06699858E-02 56 1.54942283E-02 71 2.04430614E-02
 134248 1 8 0.00000000E+00 42 0.759316027 46 9.01096240E-02 75 0.119281851 53 -5.68572618E-02 55 4.26122807E-02 72 1.02529898E-02 56 1.51676219E-02 71 2.01168489E-02
 134272 1 8 0.00000000E+00 42 0.690387070 46 -6.05759351E-03 75 0.257405818 53 -1.67236645E-02 72 -1.68750156E-02 73 5.33299670E-02 55 2.42516026E-02 56 1.42818121E-02
 134273 1 8 0.00000000E+00 42 0.680997133 46 -6.77418383E-03 75 0.266867787 53 -1.56948213E-02 72 -1.72855724E-02 73 5.38874529E-02 55 2.39340719E-02 56 1.40681267E-02
 134936 1 8 0.00000000E+00 42 0.656926990 46 0.202067032 75 8.47728029E-02 53 -7.36376345E-02 55 6.97256774E-02 72 1.62021089E-02 71 2.46873535E-02 56 1.92556530E-02
 134937 1 8 0.00000000E+00 42 0.665613413 46 0.194928154 75 8.57696012E-02 53 -7.25893527E-02 55 6.73813075E-02 72 1.56981330E-02 71 2.42663939E-02 56 1.89323518E-02
 134938 1 8 0.00000000E+00 42 0.674296379 46 0.187577963 75 8.68979394E-02 53 -7.15067387E-02 55 6.50760531E-02 72 1.51996100E-02 56 1.86081603E-02 71 2.38506533E-02
 134939 1 8 0.00000000E+00 42 0.682948530 46 0.180031359 75 8.81665424E-02 53 -7.03893676E-02 55 6.28129095E-02 72 1.47070317E-02 56 1.82827469E-02 71 2.34402660E-02
 134940 1 8 0.00000000E+00 42 0.691539347 46 0.172306582 75 8.95845965E-02 53 -6.92365915E-02 55 6.05938174E-02 72 1.42201753E-02 56 1.79563202E-02 71 2.30357610E-02
 134941 1 8 0.00000000E+00 42 0.700035214 46 0.164424002 75 9.11620632E-02 53 -6.80483878E-02 55 5.84217496E-02 72 1.37394117E-02 56 1.76288858E-02 71 2.26370543E-02
 134942 1 8 0.00000000E+00 42 0.708399534 46 0.156407118 75 9.29091722E-02 53 -6.68245479E-02 55 5.62990233E-02 72 1.32649615E-02 56 1.73006020E-02 71 2.22441573E-02
 134943 1 8 0.00000000E+00 42 0.716592789 46 0.148281872 75 9.48366523E-02 53 -6.55649379E-02 55 5.42276129E-02 72 1.27970073E-02 56 1.69711839E-02 71 2.18578484E-02
 134947 1 8 0.00000000E+00 42 0.746768534 46 0.115309536 75 0.104580536 53 -6.01749681E-02 55 4.64946963E-02 72 1.09949810E-02 56 1.56447813E-02 71 2.03818884E-02
 134948 1 8 0.00000000E+00 42 0.753422499 46 0.107120924 75 0.107584827 53 -5.87422587E-02 55 4.47074696E-02 72 1.05629629E-02 56 1.53115550E-02 71 2.00320147E-02
 134949 1 8 0.00000000E+00 42 0.759619355 46 9.90290344E-02 75 0.110840544 53 -5.72775044E-02 55 4.29811142E-02 72 1.01388777E-02 56 1.49781704E-02 71 1.96903981E-02
 134950 1 8 0.00000000E+00 42 0.765308022 46 9.10725743E-02 75 0.114359573 53 -5.57817779E-02 55 4.13166173E-02 72 9.72291920E-03 56 1.46444608E-02 71 1.93576422E-02
 135633 1 8 0.00000000E+00 42 0.613121986 46 0.240225568 53 -7.78723806E-02 75 7.80234709E-02 55 8.15639049E-02 72 1.82825252E-02 71 2.62291003E-02 56 2.04258319E-02
 135638 1 8 0.00000000E+00 42 0.657180965 46 0.207406193 53 -7.30369762E-02 75 8.08821395E-02 55 6.90587386E-02 72 1.56806428E-02 71 2.40208097E-02 56 1.88075285E-02
 135639 1 8 0.00000000E+00 42 0.666196227 46 0.200073078 75 8.17895085E-02 53 -7.19671249E-02 55 6.66577667E-02 72 1.51761146E-02 71 2.35937163E-02 56 1.84807274E-02
 135640 1 8 0.00000000E+00 42 0.675227761 46 0.192507088 75 8.28273371E-02 53 -7.08611608E-02 55 6.42971992E-02 72 1.46771353E-02 56 1.81528497E-02 71 2.31717862E-02
 135641 1 8 0.00000000E+00 42 0.684247136 46 0.184724137 75 8.40045735E-02 53 -6.97185770E-02 55 6.19797669E-02 72 1.41840717E-02 56 1.78234931E-02 71 2.27553751E-02
 135642 1 8 0.00000000E+00 42 0.693223000 46 0.176742181 75 8.53309557E-02 53 -6.85388148E-02 55 5.97082749E-02 72 1.36969676E-02 56 1.74928550E-02 71 2.23445557E-02
 135643 1 8 0.00000000E+00 42 0.702120245 46 0.168582737 75 8.68167877E-02 53 -6.73215538E-02 55 5.74853830E-02 72 1.32160727E-02 56 1.71610396E-02 71 2.19393205E-02
 135644 1 8 0.00000000E+00 42 0.710900962 46 0.160269588 75 8.84726942E-02 53 -6.60664216E-02 55 5.53135201E-02 72 1.27417138E-02 56 1.68278366E-02 71 2.15401035E-02
 135645 1 8 0.00000000E+00 42 0.719522715 46 0.151830837 75 9.03103948E-02 53 -6.47735447E-02 55 5.31951226E-02 72 1.22739915E-02 56 1.64932832E-02 71 2.11472120E-02
 135648 1 8 0.00000000E+00 42 0.743968248 46 0.126079157 75 9.70364735E-02 53 -6.06688708E-02 55 4.71805595E-02 72 1.09124910E-02 56 1.54831288E-02 71 2.00088397E-02
 135649 1 8 0.00000000E+00 42 0.751472712 46 0.117470995 75 9.97257605E-02 53 -5.92264831E-02 55 4.52951752E-02 72 1.04735866E-02 56 1.51440809E-02 71 1.96441710E-02
 135650 1 8 0.00000000E+00 42 0.758564174 46 0.108917117 75 0.102660872 53 -5.77483810E-02 55 4.34719734E-02 72 1.00424625E-02 56 1.48044582E-02 71 1.92873441E-02
 135651 1 8 0.00000000E+00 42 0.765185893 46 0.100459762 75 0.105855182 53 -5.62355742E-02 55 4.17122319E-02 72 9.61949397E-03 56 1.44642713E-02 71 1.89387407E-02
 135652 1 8 0.00000000E+00 42 0.771281004 46 9.21422690E-02 75 0.109321766 53 -5.46891056E-02 55 4.00166027E-02 72 9.20486078E-03 56 1.41233122E-02 71 1.85992848E-02
 135653 1 8 0.00000000E+00 42 0.776793838 46 8.40075091E-02 75 0.113073342 53 -5.31106032E-02 55 3.83860841E-02 72 8.79874174E-03 56 1.37823950E-02 71 1.82686988E-02
 136332 1 8 0.00000000E+00 42 0.586028814 46 0.263150960 53 -7.99079090E-02 75 7.41832554E-02 55 8.91971812E-02 72 1.93942711E-02 71 2.69898977E-02 56 2.09635310E-02
 136333 1 8 0.00000000E+00 42 0.594413221 46 0.257907987 53 -7.90849403E-02 75 7.42327794E-02 55 8.65208358E-02 72 1.88487805E-02 71 2.65200660E-02 56 2.06412766E-02
 136334 1 8 0.00000000E+00 42 0.602959633 46 0.252374917 53 -7.82324150E-02 75 7.43567124E-02 55 8.38602185E-02 72 1.83078852E-02 71 2.60545015E-02 56 2.03185845E-02
 136335 1 8 0.00000000E+00 42 0.611660242 46 0.246549800 53 -7.73488507E-02 75 7.45601356E-02 55 8.12185705E-02 72 1.77718028E-02 71 2.55932417E-02 56 1.99950337E-02
 136341 1 8 0.00000000E+00 42 0.666426361 46 0.205550745 53 -7.13367984E-02 75 7.77942836E-02 55 6.59481511E-02 72 1.46620441E-02 71 2.29237415E-02 56 1.80314891E-02
 136342 1 8 0.00000000E+00 42 0.675815105 46 0.197766706 75 7.87368119E-02 53 -7.02073127E-02 55 6.35301396E-02 72 1.41630266E-02 71 2.24957727E-02 56 1.76997650E-02
 136343 1 8 0.00000000E+00 42 0.685212672 46 0.189742923 75 7.98175409E-02 53 -6.90395012E-02 55 6.11566864E-02 72 1.36698801E-02 56 1.73665136E-02 71 2.20732596E-02
 136344 1 8 0.00000000E+00 42 0.694587588 46 0.181496978 75 8.10463354E-02 53 -6.78324103E-02 55 5.88309988E-02 72 1.31829502E-02 56 1.70317814E-02 71 2.16558110E-02
 136345 1 8 0.00000000E+00 42 0.703903437 46 0.173050746 75 8.24340135E-02 53 -6.65855929E-02 55 5.65554835E-02 72 1.27022564E-02 56 1.66953374E-02 71 2.12443452E-02
 136346 1 8 0.00000000E+00 42 0.713119626 46 0.164430141 75 8.39921087E-02 53 -6.52988404E-02 55 5.43328747E-02 72 1.22280614E-02 56 1.63575169E-02 71 2.08385158E-02
 136347 1 8 0.00000000E+00 42 0.722192824 46 0.155663192 75 8.57326910E-02 53 -6.39721230E-02 55 5.21657839E-02 72 1.17606204E-02 56 1.60180964E-02 71 2.04389486E-02
 136349 1 8 0.00000000E+00 42 0.739713013 46 0.137823969 75 8.98130909E-02 53 -6.11978322E-02 55 4.80067395E-02 72 1.08470600E-02 56 1.53349489E-02 71 1.96590107E-02
 136350 1 8 0.00000000E+00 42 0.748052716 46 0.128826842 75 9.21803713E-02 53 -5.97509556E-02 55 4.60186936E-02 72 1.04014622E-02 56 1.49911540E-02 71 1.92796998E-02
 136351 1 8 0.00000000E+00 42 0.756034911 46 0.119833447 75 9.47849154E-02 53 -5.82647510E-02 55 4.40939516E-02 72 9.96355060E-03 56 1.46460142E-02 71 1.89079419E-02
 136352 1 8 0.00000000E+00 42 0.763598800 46 0.110888243 75 9.76413563E-02 53 -5.67399263E-02 55 4.22339514E-02 72 9.53376852E-03 56 1.42998379E-02 71 1.85439531E-02
 136353 1 8 0.00000000E+00 42 0.770681322 46 0.102038421 75 0.100764692 53 -5.51775098E-02 55 4.04399335E-02 72 9.11219046E-03 56 1.39526045E-02 71 1.81883499E-02
 136354 1 8 0.00000000E+00 42 0.777219057 46 9.33321342E-02 75 0.104169443 53 -5.35788275E-02 55 3.87126729E-02 72 8.69933143E-03 56 1.36044417E-02 71 1.78417638E-02
 136355 1 8 0.00000000E+00 42 0.783149123 46 8.48175809E-02 75 0.107870065 53 -5.19450717E-02 55 3.70530970E-02 72 8.29525664E-03 56 1.32557247E-02 71 1.75042376E-02
 137032 1 8 0.00000000E+00 42 0.567076385 46 0.279579282 53 -8.09904188E-02 75 7.12246299E-02 55 9.45862532E-02 72 1.99989732E-02 71 2.73362808E-02 56 2.11885944E-02
 137033 1 8 0.00000000E+00 42 0.575254858 46 0.274907053 53 -8.02145898E-02 75 7.10663050E-02 55 9.18252841E-02 72 1.94434598E-02 71 2.68524345E-02 56 2.08651740E-02
 137034 1 8 0.00000000E+00 42 0.583621740 46 0.269938320 53 -7.94104263E-02 75 7.09707886E-02 55 8.90729502E-02 72 1.88924037E-02 71 2.63727028E-02 56 2.05415282E-02
 137035 1 8 0.00000000E+00 42 0.592173398 46 0.264667839 53 -7.85769746E-02 75 7.09424317E-02 55 8.63326862E-02 72 1.83461495E-02 71 2.58975904E-02 56 2.02168860E-02
 137036 1 8 0.00000000E+00 42 0.600905538 46 0.259090394 53 -7.77125359E-02 75 7.09859878E-02 55 8.36077109E-02 72 1.78044401E-02 71 2.54265796E-02 56 1.98918600E-02
 137037 1 8 0.00000000E+00 42 0.609811425 46 0.253203005 53 -7.68162236E-02 75 7.11065531E-02 55 8.09014961E-02 72 1.72677711E-02 71 2.49601603E-02 56 1.95658188E-02
 137038 1 8 0.00000000E+00 42 0.618882835 46 0.247003555 53 -7.58865103E-02 75 7.13096857E-02 55 7.82176480E-02 72 1.67359188E-02 71 2.44980473E-02 56 1.92388259E-02
 137043 1 8 0.00000000E+00 42 0.666269183 46 0.211386576 53 -7.06980675E-02 75 7.37906843E-02 55 6.52538836E-02 72 1.41565353E-02 71 2.22567953E-02 56 1.75844021E-02
 137044 1 8 0.00000000E+00 42 0.676022589 46 0.203383237 53 -6.95450678E-02 75 7.46333674E-02 55 6.27763867E-02 72 1.36576667E-02 71 2.18228996E-02 56 1.72489341E-02
 137045 1 8 0.00000000E+00 42 0.685809135 46 0.195114464 75 7.56123066E-02 53 -6.83515221E-02 55 6.03449829E-02 72 1.31646683E-02 56 1.69119760E-02 71 2.13939790E-02
 137046 1 8 0.00000000E+00 42 0.695596099 46 0.186598524 75 7.67379329E-02 53 -6.71169534E-02 55 5.79627380E-02 72 1.26781119E-02 56 1.65730789E-02 71 2.09704880E-02
 137047 1 8 0.00000000E+00 42 0.705346406 46 0.177857310 75 7.80213028E-02 53 -6.58404008E-02 55 5.56327850E-02 72 1.21978344E-02 56 1.62324701E-02 71 2.05522683E-02
 137048 1 8 0.00000000E+00 42 0.715018332 46 0.168917030 75 7.94743821E-02 53 -6.45216480E-02 55 5.33578359E-02 72 1.17243668E-02 56 1.58900041E-02 71 2.01396886E-02
 137049 1 8 0.00000000E+00 42 0.724565744 46 0.159807548 75 8.11101049E-02 53 -6.31603375E-02 55 5.11403568E-02 72 1.12575935E-02 56 1.55458739E-02 71 1.97331347E-02
 137050 1 8 0.00000000E+00 42 0.733937860 46 0.150562763 75 8.29419866E-02 53 -6.17562272E-02 55 4.89828326E-02 72 1.07981525E-02 56 1.51993735E-02 71 1.93332508E-02
 137051 1 8 0.00000000E+00 42 0.743078947 46 0.141221419 75 8.49845186E-02 53 -6.03097118E-02 55 4.68875468E-02 72 1.03460448E-02 56 1.48515999E-02 71 1.89396311E-02
 137052 1 8 0.00000000E+00 42 0.751929283 46 0.131825328 75 8.72528329E-02 53 -5.88204935E-02 55 4.48564738E-02 72 9.90157016E-03 56 1.45018212E-02 71 1.85531788E-02
 137054 1 8 0.00000000E+00 42 0.768499076 46 0.113056354 75 9.25302580E-02 53 -5.57166636E-02 55 4.09936756E-02 72 9.03686322E-03 56 1.37977386E-02 71 1.78026911E-02
 137055 1 8 0.00000000E+00 42 0.776081622 46 0.103784621 75 9.55720693E-02 53 -5.41034527E-02 55 3.91646028E-02 72 8.61726142E-03 56 1.34434346E-02 71 1.74398199E-02
 137056 1 8 0.00000000E+00 42 0.783102095 46 9.46587175E-02 75 9.89046991E-02 53 -5.24507649E-02 55 3.74050960E-02 72 8.20640009E-03 56 1.30880978E-02 71 1.70856845E-02
 137057 1 8 0.00000000E+00 42 0.789489329 46 8.57333317E-02 75 0.102544136 53 -5.07602245E-02 55 3.57160196E-02 72 7.80489855E-03 56 1.27316294E-02 71 1.67408828E-02
 137058 1 8 0.00000000E+00 42 0.795174181 46 7.70624205E-02 75 0.106505990 53 -4.90333997E-02 55 3.40976156E-02 72 7.41277216E-03 56 1.23741729E-02 71 1.64062306E-02
 137059 1 8 0.00000000E+00 42 0.800091445 46 6.86979145E-02 75 0.110804439 53 -4.72727790E-02 72 7.03033619E-03 55 3.25503647E-02 56 1.20166866E-02 71 1.60816051E-02
 137060 1 8 0.00000000E+00 42 0.804180861 46 6.06887713E-02 75 0.115452349 53 -4.54807132E-02 72 6.65765861E-03 55 3.10739391E-02 56 1.16589172E-02 71 1.57682095E-02
 137733 1 8 0.00000000E+00 42 0.555920124 46 0.291018367 53 -8.12578350E-02 75 6.84705824E-02 55 9.74605680E-02 72 2.00660564E-02 71 2.72256490E-02 56 2.10964885E-02
 137734 1 8 0.00000000E+00 42 0.564016104 46 0.286663890 53 -8.05010349E-02 75 6.81821704E-02 55 9.46298018E-02 72 1.95050873E-02 71 2.67322492E-02 56 2.07717158E-02
 137735 1 8 0.00000000E+00 42 0.572318137 46 0.282006353 53 -7.97165260E-02 75 6.79500252E-02 55 9.18037742E-02 72 1.89486481E-02 71 2.62430925E-02 56 2.04464644E-02
 137736 1 8 0.00000000E+00 42 0.580825448 46 0.277037770 53 -7.89028853E-02 75 6.77781776E-02 55 8.89857337E-02 72 1.83968544E-02 71 2.57582758E-02 56 2.01206170E-02
 137737 1 8 0.00000000E+00 42 0.589535832 46 0.271751314 53 -7.80588835E-02 75 6.76708445E-02 55 8.61790478E-02 72 1.78497937E-02 71 2.52780560E-02 56 1.97940040E-02
 137738 1 8 0.00000000E+00 42 0.598445535 46 0.266140908 53 -7.71830082E-02 75 6.76327199E-02 55 8.33876431E-02 72 1.73076261E-02 71 2.48017609E-02 56 1.94667950E-02
 137739 1 8 0.00000000E+00 42 0.607549429 46 0.260202020 53 -7.62740672E-02 75 6.76688850E-02 55 8.06147158E-02 72 1.67704783E-02 71 2.43300926E-02 56 1.91384181E-02
 137745 1 8 0.00000000E+00 42 0.665688396 46 0.217606768 53 -7.00503290E-02 75 6.97863623E-02 55 6.45761564E-02 72 1.36594735E-02 71 2.15933025E-02 56 1.71398520E-02
 137746 1 8 0.00000000E+00 42 0.675812006 46 0.209384710 53 -6.88738376E-02 75 7.05247819E-02 55 6.20370060E-02 72 1.31610408E-02 71 2.11532395E-02 56 1.68010350E-02
 137747 1 8 0.00000000E+00 42 0.685996056 46 0.200868994 53 -6.76545352E-02 75 7.13970289E-02 55 5.95453158E-02 72 1.26686748E-02 56 1.64601412E-02 71 2.07183007E-02
 137748 1 8 0.00000000E+00 42 0.696207345 46 0.192077875 75 7.24136978E-02 53 -6.63919672E-02 55 5.71047291E-02 72 1.21826315E-02 56 1.61173679E-02 71 2.02883314E-02
 137749 1 8 0.00000000E+00 42 0.706407845 46 0.183033526 75 7.35863671E-02 53 -6.50853440E-02 55 5.47182858E-02 72 1.17033413E-02 56 1.57722626E-02 71 1.98637396E-02
 137750 1 8 0.00000000E+00 42 0.716554642 46 0.173762530 75 7.49275535E-02 53 -6.37340695E-02 55 5.23889475E-02 72 1.12305852E-02 56 1.54252527E-02 71 1.94445495E-02
 137751 1 8 0.00000000E+00 42 0.726599574 46 0.164295927 75 7.64505863E-02 53 -6.23377934E-02 55 5.01193665E-02 72 1.07650962E-02 56 1.50759649E-02 71 1.90312695E-02
 137752 1 8 0.00000000E+00 42 0.736489177 46 0.154669359 75 7.81699643E-02 53 -6.08962737E-02 55 4.79123741E-02 72 1.03067495E-02 56 1.47247696E-02 71 1.86238736E-02
 137753 1 8 0.00000000E+00 42 0.746164024 46 0.144923702 75 8.01011175E-02 53 -5.94093055E-02 55 4.57700416E-02 72 9.85604059E-03 56 1.43712498E-02 71 1.82231553E-02
 137758 1 8 0.00000000E+00 42 0.788906455 46 9.61412415E-02 75 9.35302004E-02 53 -5.13046756E-02 55 3.60943191E-02 72 7.72660319E-03 56 1.25743030E-02 71 1.63315609E-02
 137759 1 8 0.00000000E+00 42 0.795795381 46 8.67704824E-02 75 9.70971733E-02 53 -4.95553538E-02 55 3.43752317E-02 72 7.32791517E-03 56 1.22099752E-02 71 1.59791876E-02
 137760 1 8 0.00000000E+00 42 0.801946998 46 7.76693001E-02 75 0.101000041 53 -4.77665104E-02 55 3.27298976E-02 72 6.93899812E-03 56 1.18445549E-02 71 1.56367458E-02
 137761 1 8 0.00000000E+00 42 0.807286203 46 6.88970387E-02 75 0.105255224 53 -4.59401682E-02 72 6.56026276E-03 55 3.11582889E-02 56 1.14778839E-02 71 1.53052658E-02
 137762 1 8 0.00000000E+00 42 0.811743438 46 6.05100319E-02 75 0.109877624 53 -4.40788865E-02 72 6.19167322E-03 55 2.96605080E-02 56 1.11111607E-02 71 1.49844317E-02
 137763 1 8 0.00000000E+00 42 0.815257847 46 5.25588095E-02 75 0.114879951 53 -4.21861000E-02 72 5.83376642E-03 55 2.82362010E-02 56 1.07438518E-02 71 1.46756964E-02
 138435 1 8 0.00000000E+00 42 0.552376568 46 0.298357785 53 -8.07646737E-02 75 6.55259416E-02 55 9.76135880E-02 72 1.95786841E-02 71 2.66294535E-02 56 2.06826795E-02
 138436 1 8 0.00000000E+00 42 0.560568810 46 0.294044971 53 -8.00000951E-02 75 6.51658475E-02 55 9.47165936E-02 72 1.90168004E-02 71 2.61309147E-02 56 2.03561783E-02
 138437 1 8 0.00000000E+00 42 0.568983018 46 0.289415747 53 -7.92069882E-02 75 6.48594126E-02 55 9.18233842E-02 72 1.84596796E-02 71 2.56368071E-02 56 2.00289097E-02
 138438 1 8 0.00000000E+00 42 0.577619731 46 0.284460872 53 -7.83841386E-02 75 6.46104738E-02 55 8.89375657E-02 72 1.79073848E-02 71 2.51468141E-02 56 1.97012853E-02
 138448 1 8 0.00000000E+00 42 0.675142169 46 0.215801179 53 -6.81929961E-02 75 6.64195344E-02 55 6.13131933E-02 72 1.26735028E-02 71 2.04878580E-02 56 1.63555667E-02
 138449 1 8 0.00000000E+00 42 0.685730696 46 0.207037970 53 -6.69478104E-02 75 6.71803057E-02 55 5.87591492E-02 72 1.21819694E-02 71 2.00465806E-02 56 1.60111506E-02
 138450 1 8 0.00000000E+00 42 0.696376503 46 0.197968394 53 -6.56571314E-02 75 6.80827051E-02 55 5.62579185E-02 72 1.16970167E-02 56 1.56642366E-02 71 1.96103416E-02
 138451 1 8 0.00000000E+00 42 0.707041323 46 0.188614383 75 6.91384673E-02 53 -6.43200353E-02 55 5.38129471E-02 72 1.12187220E-02 56 1.53151583E-02 71 1.91790145E-02
 138452 1 8 0.00000000E+00 42 0.717681587 46 0.179002404 75 7.03605637E-02 53 -6.29359782E-02 55 5.14272936E-02 72 1.07474541E-02 56 1.49636380E-02 71 1.87530611E-02
 138453 1 8 0.00000000E+00 42 0.728246868 46 0.169164702 75 7.17630833E-02 53 -6.15040846E-02 55 4.91038151E-02 72 1.02832355E-02 56 1.46095268E-02 71 1.83328427E-02
 138454 1 8 0.00000000E+00 42 0.738681376 46 0.159138441 75 7.33611807E-02 53 -6.00243844E-02 55 4.68454547E-02 72 9.82637238E-03 56 1.42532187E-02 71 1.79183315E-02
 138455 1 8 0.00000000E+00 42 0.748921931 46 0.148966789 75 7.51712769E-02 53 -5.84963337E-02 55 4.46545631E-02 72 9.37736034E-03 56 1.38940867E-02 71 1.75103024E-02
 138461 1 8 0.00000000E+00 42 0.802044213 46 8.79476443E-02 75 9.15319026E-02 53 -4.83304784E-02 55 3.30311731E-02 72 6.86466321E-03 56 1.16913803E-02 71 1.52194928E-02
 138462 1 8 0.00000000E+00 42 0.808711469 46 7.83777088E-02 75 9.53635722E-02 53 -4.64772880E-02 55 3.13584134E-02 72 6.47937087E-03 56 1.13173630E-02 71 1.48694050E-02
 139137 1 8 0.00000000E+00 42 0.548442423 46 0.305986375 53 -8.02585557E-02 75 6.26124740E-02 55 9.78144854E-02 72 1.90967601E-02 71 2.60360856E-02 56 2.02699602E-02
 139138 1 8 0.00000000E+00 42 0.556717515 46 0.301730394 53 -7.94864446E-02 75 6.21806383E-02 55 9.48494300E-02 72 1.85341481E-02 71 2.55326051E-02 56 1.99416857E-02
 139139 1 8 0.00000000E+00 42 0.565230668 46 0.297144890 53 -7.86851496E-02 75 6.17996864E-02 55 9.18869525E-02 72 1.79766137E-02 71 2.50335820E-02 56 1.96127519E-02
 139150 1 8 0.00000000E+00 42 0.673968017 46 0.222665384 53 -6.75018057E-02 75 6.23271316E-02 55 6.06065989E-02 72 1.21950554E-02 71 1.98265985E-02 56 1.59130339E-02
 139151 1 8 0.00000000E+00 42 0.684965611 46 0.213656157 53 -6.62307516E-02 75 6.29720911E-02 55 5.79877608E-02 72 1.17048752E-02 71 1.93793401E-02 56 1.55649194E-02
 139152 1 8 0.00000000E+00 42 0.696054399 46 0.204306513 53 -6.49117008E-02 75 6.37549534E-02 55 5.54235093E-02 72 1.12212943E-02 56 1.52142597E-02 71 1.89367421E-02
 139153 1 8 0.00000000E+00 42 0.707196414 46 0.194637433 53 -6.35438114E-02 75 6.46878332E-02 55 5.29176481E-02 72 1.07444301E-02 56 1.48611786E-02 71 1.84988845E-02
 139154 1 8 0.00000000E+00 42 0.718346775 46 0.184675857 53 -6.21263646E-02 75 6.57840893E-02 55 5.04736081E-02 72 1.02747455E-02 56 1.45051526E-02 71 1.80661380E-02
 139155 1 8 0.00000000E+00 42 0.729454398 46 0.174454108 75 6.70581758E-02 53 -6.06583953E-02 55 4.80943024E-02 72 9.81224049E-03 56 1.41464686E-02 71 1.76386889E-02
 139156 1 8 0.00000000E+00 42 0.740460694 46 0.164010897 75 6.85261488E-02 53 -5.91398925E-02 55 4.57828864E-02 72 9.35736392E-03 56 1.37849553E-02 71 1.72169264E-02
 139157 1 8 0.00000000E+00 42 0.751299977 46 0.153390974 75 7.02051744E-02 53 -5.75701892E-02 55 4.35418375E-02 72 8.91044643E-03 56 1.34204589E-02 71 1.68013349E-02
 139839 1 8 0.00000000E+00 42 0.544102609 46 0.313910425 53 -7.97385722E-02 75 5.97348548E-02 55 9.80663970E-02 72 1.86202843E-02 71 2.54455544E-02 56 1.98584124E-02
 139840 1 8 0.00000000E+00 42 0.552445710 46 0.309727848 53 -7.89592043E-02 75 5.92313856E-02 55 9.50311124E-02 72 1.80572886E-02 71 2.49373317E-02 56 1.95285399E-02
 139841 1 8 0.00000000E+00 42 0.561042547 46 0.305202842 53 -7.81499594E-02 75 5.87761849E-02 55 9.19975564E-02 72 1.74993649E-02 71 2.44333781E-02 56 1.91980992E-02
 139853 1 8 0.00000000E+00 42 0.683650613 46 0.220760465 53 -6.55024424E-02 75 5.87828308E-02 55 5.72321303E-02 72 1.12373075E-02 71 1.87170431E-02 56 1.51220616E-02
 139854 1 8 0.00000000E+00 42 0.695187926 46 0.211131588 53 -6.41549975E-02 75 5.94415367E-02 55 5.46024777E-02 72 1.07555641E-02 71 1.82682741E-02 56 1.47676244E-02
 139855 1 8 0.00000000E+00 42 0.706816673 46 0.201144859 53 -6.27559945E-02 75 6.02460019E-02 55 5.20335734E-02 72 1.02805924E-02 56 1.44104846E-02 71 1.78238004E-02
 139856 1 8 0.00000000E+00 42 0.718492270 46 0.190826476 53 -6.13045841E-02 75 6.12097792E-02 55 4.95289527E-02 72 9.81280301E-03 56 1.40501801E-02 71 1.73841100E-02
 139857 1 8 0.00000000E+00 42 0.730162561 46 0.180209175 53 -5.98001853E-02 75 6.23478480E-02 55 4.70916443E-02 72 9.35245771E-03 56 1.36867855E-02 71 1.69497412E-02
 139858 1 8 0.00000000E+00 42 0.741767347 46 0.169332132 75 6.36767596E-02 53 -5.82421161E-02 55 4.47252952E-02 72 8.89988896E-03 56 1.33200493E-02 71 1.65206473E-02
 139859 1 8 0.00000000E+00 42 0.753237784 46 0.158242047 75 6.52146861E-02 53 -5.66298813E-02 55 4.24324125E-02 72 8.45544413E-03 56 1.29501037E-02 71 1.60974246E-02
 139860 1 8 0.00000000E+00 42 0.764495671 46 0.146993801 75 6.69816062E-02 53 -5.49633056E-02 55 4.02156115E-02 72 8.01927224E-03 56 1.25772543E-02 71 1.56801026E-02
 140541 1 8 0.00000000E+00 42 0.539343297 46 0.322134703 53 -7.92037770E-02 55 9.83724967E-02 75 5.68977483E-02 72 1.81493163E-02 71 2.48584002E-02 56 1.94478314E-02
 140542 1 8 0.00000000E+00 42 0.547737241 46 0.318043709 53 -7.84172267E-02 75 5.63232414E-02 55 9.52648893E-02 72 1.75861493E-02 71 2.43456122E-02 56 1.91163849E-02
 140543 1 8 0.00000000E+00 42 0.556400657 46 0.313597947 53 -7.76007250E-02 75 5.57942986E-02 55 9.21579823E-02 72 1.70283653E-02 71 2.38369089E-02 56 1.87845733E-02
 140555 1 8 0.00000000E+00 42 0.681731105 46 0.228390455 53 -6.47623762E-02 75 5.46243042E-02 55 5.64942583E-02 72 1.07797487E-02 71 1.80601571E-02 56 1.46823367E-02
 140556 1 8 0.00000000E+00 42 0.693719029 46 0.218486145 53 -6.33860901E-02 75 5.51547669E-02 55 5.37965372E-02 72 1.03000887E-02 71 1.76052004E-02 56 1.43243028E-02
 140557 1 8 0.00000000E+00 42 0.705841303 46 0.208181649 53 -6.19555414E-02 75 5.58258519E-02 55 5.11619188E-02 72 9.82720777E-03 56 1.39633613E-02 71 1.71542484E-02
 140558 1 8 0.00000000E+00 42 0.718053877 46 0.197502345 53 -6.04699738E-02 75 5.66510484E-02 55 4.85942364E-02 72 9.36190039E-03 56 1.35986572E-02 71 1.67079344E-02
 140559 1 8 0.00000000E+00 42 0.730304718 46 0.186479867 53 -5.89284264E-02 75 5.76457642E-02 55 4.60969582E-02 72 8.90407432E-03 56 1.32306870E-02 71 1.62663441E-02
 140560 1 8 0.00000000E+00 42 0.742532432 46 0.175154105 53 -5.73301129E-02 75 5.88270426E-02 55 4.36734892E-02 72 8.45410861E-03 56 1.28592104E-02 71 1.58297420E-02
 140561 1 8 0.00000000E+00 42 0.754665673 46 0.163573086 75 6.02137893E-02 53 -5.56745715E-02 55 4.13269699E-02 72 8.01247638E-03 56 1.24838939E-02 71 1.53986746E-02
 140562 1 8 0.00000000E+00 42 0.766622484 46 0.151794061 75 6.18270859E-02 53 -5.39613366E-02 55 3.90599184E-02 72 7.57935783E-03 56 1.21049201E-02 71 1.49735268E-02
 141242 1 8 0.00000000E+00 42 0.526002228 46 0.334292352 53 -7.94164985E-02 55 0.101912595 75 5.47901094E-02 71 2.47966759E-02 72 1.82521623E-02 56 1.93703901E-02
 141243 1 8 0.00000000E+00 42 0.534150541 46 0.330663443 53 -7.86525831E-02 55 9.87360403E-02 75 5.41059710E-02 72 1.76837407E-02 71 2.42747068E-02 56 1.90381389E-02
 141244 1 8 0.00000000E+00 42 0.542576551 46 0.326683789 53 -7.78596625E-02 55 9.55544114E-02 75 5.34614325E-02 72 1.71206519E-02 71 2.37570405E-02 56 1.87057666E-02
 141258 1 8 0.00000000E+00 42 0.691585660 46 0.226415738 53 -6.26039803E-02 75 5.09079136E-02 55 5.30067869E-02 72 9.85486433E-03 71 1.69482641E-02 56 1.38847297E-02
 141259 1 8 0.00000000E+00 42 0.704203784 46 0.215797111 53 -6.11416176E-02 75 5.14412783E-02 55 5.03038019E-02 72 9.38479137E-03 71 1.64911952E-02 56 1.35196829E-02
 141260 1 8 0.00000000E+00 42 0.716961324 46 0.204755530 53 -5.96212633E-02 75 5.21226041E-02 55 4.76705767E-02 72 8.92216340E-03 56 1.31509984E-02 71 1.60380509E-02
 141261 1 8 0.00000000E+00 42 0.729807019 46 0.193321571 53 -5.80419526E-02 75 5.29673845E-02 55 4.51109000E-02 72 8.46726727E-03 56 1.27785113E-02 71 1.55893154E-02
 141262 1 8 0.00000000E+00 42 0.742679000 46 0.181534782 53 -5.64027280E-02 75 5.39929196E-02 55 4.26282808E-02 72 8.02044757E-03 56 1.24018611E-02 71 1.51454071E-02
 141263 1 8 0.00000000E+00 42 0.755505145 46 0.169443294 53 -5.47030270E-02 75 5.52187040E-02 55 4.02262323E-02 72 7.58186541E-03 56 1.20214140E-02 71 1.47064095E-02
 141264 1 8 0.00000000E+00 42 0.768199503 46 0.157106727 75 5.66667952E-02 53 -5.29422872E-02 55 3.79073732E-02 72 7.15212617E-03 56 1.16368160E-02 71 1.42729301E-02
 141265 1 8 0.00000000E+00 42 0.780664086 46 0.144595072 75 5.83617017E-02 53 -5.11201620E-02 55 3.56742777E-02 72 6.73147943E-03 56 1.12483380E-02 71 1.38452249E-02
 141942 1 8 0.00000000E+00 42 0.504907668 46 0.348949134 53 -8.03118944E-02 55 0.108878106 75 5.37155382E-02 71 2.52875332E-02 72 1.89446807E-02 56 1.96292587E-02
 141943 1 8 0.00000000E+00 42 0.512500405 46 0.346130341 53 -7.95959383E-02 55 0.105652392 75 5.28991111E-02 71 2.47518811E-02 72 1.83657780E-02 56 1.92960333E-02
 141944 1 8 0.00000000E+00 42 0.520365357 46 0.342986166 53 -7.88538754E-02 55 0.102412097 75 5.21145873E-02 71 2.42207777E-02 72 1.77919008E-02 56 1.89629942E-02
 141945 1 8 0.00000000E+00 42 0.528512180 46 0.339499086 53 -7.80841112E-02 55 9.91607904E-02 75 5.13643250E-02 71 2.36944836E-02 72 1.72235854E-02 56 1.86296497E-02
 141946 1 8 0.00000000E+00 42 0.536949933 46 0.335651845 53 -7.72848353E-02 55 9.59027708E-02 75 5.06508611E-02 72 1.66608915E-02 71 2.31726617E-02 56 1.82958934E-02
 141960 1 8 0.00000000E+00 42 0.688721120 46 0.234969065 53 -6.18077889E-02 75 4.67154421E-02 55 5.22348620E-02 72 9.42044891E-03 71 1.62984449E-02 56 1.34484190E-02
 141961 1 8 0.00000000E+00 42 0.701832116 46 0.224044323 53 -6.03133030E-02 75 4.71078679E-02 55 4.94607314E-02 72 8.95346981E-03 71 1.58348233E-02 56 1.30799953E-02
 141962 1 8 0.00000000E+00 42 0.715137243 46 0.212643698 53 -5.87575324E-02 75 4.76409681E-02 55 4.67591956E-02 72 8.49398784E-03 56 1.27073359E-02 71 1.53751047E-02
 141963 1 8 0.00000000E+00 42 0.728587210 46 0.200795740 53 -5.71397170E-02 75 4.83299866E-02 55 4.41345610E-02 72 8.04253481E-03 56 1.23302592E-02 71 1.49194309E-02
 141964 1 8 0.00000000E+00 42 0.742120981 46 0.188538611 53 -5.54586202E-02 75 4.91925031E-02 55 4.15906496E-02 72 7.59901572E-03 56 1.19489636E-02 71 1.44678885E-02
 141965 1 8 0.00000000E+00 42 0.755665720 46 0.175920606 53 -5.37136681E-02 75 5.02482280E-02 55 3.91309857E-02 72 7.16408296E-03 56 1.15630263E-02 71 1.40210334E-02
 141966 1 8 0.00000000E+00 42 0.769134045 46 0.163001925 53 -5.19044176E-02 75 5.15199415E-02 55 3.67586724E-02 72 6.73800521E-03 56 1.11728907E-02 71 1.35789625E-02
 141967 1 8 0.00000000E+00 42 0.782423556 46 0.149855241 75 5.30332141E-02 53 -5.00303060E-02 55 3.44761424E-02 72 6.32150751E-03 56 1.07780769E-02 71 1.31425969E-02
 142643 1 8 0.00000000E+00 42 0.491634995 46 0.359912544 53 -8.04375559E-02 55 0.112868503 75 5.21185696E-02 71 2.52694618E-02 72 1.90746244E-02 56 1.95588376E-02
 142644 1 8 0.00000000E+00 42 0.498913556 46 0.357582211 53 -7.97407404E-02 55 0.109591171 75 5.12150079E-02 71 2.47243568E-02 72 1.84899904E-02 56 1.92244239E-02
 142645 1 8 0.00000000E+00 42 0.506462932 46 0.354939401 53 -7.90194646E-02 55 0.106293187 75 5.03388271E-02 71 2.41840463E-02 72 1.79107059E-02 56 1.88903864E-02
 142646 1 8 0.00000000E+00 42 0.514293849 46 0.351965874 53 -7.82720819E-02 55 0.102978297 75 4.94922101E-02 71 2.36487929E-02 72 1.73369069E-02 56 1.85561609E-02
 142647 1 8 0.00000000E+00 42 0.522417247 46 0.348642737 53 -7.74968117E-02 55 9.96506140E-02 75 4.86773401E-02 71 2.31180359E-02 72 1.67688709E-02 56 1.82219613E-02
 142662 1 8 0.00000000E+00 42 0.685055554 46 0.244196787 53 -6.09963983E-02 75 4.25928086E-02 55 5.14824390E-02 72 8.99670552E-03 71 1.56560168E-02 56 1.30160684E-02
 142663 1 8 0.00000000E+00 42 0.698649585 46 0.232979432 53 -5.94690330E-02 75 4.28422987E-02 55 4.86339554E-02 72 8.53325892E-03 71 1.51863815E-02 56 1.26440851E-02
 142664 1 8 0.00000000E+00 42 0.712498546 46 0.221228242 53 -5.78772649E-02 75 4.32240367E-02 55 4.58613560E-02 72 8.07750225E-03 56 1.22673996E-02 71 1.47202136E-02
 142665 1 8 0.00000000E+00 42 0.726555347 46 0.208969206 53 -5.62199801E-02 75 4.37530205E-02 55 4.31690216E-02 72 7.62967998E-03 56 1.18861515E-02 71 1.42575344E-02
 142666 1 8 0.00000000E+00 42 0.740761876 46 0.196237832 53 -5.44960946E-02 75 4.44463678E-02 55 4.05614190E-02 72 7.19005195E-03 56 1.15001546E-02 71 1.37983831E-02
 142667 1 8 0.00000000E+00 42 0.755046308 46 0.183080882 53 -5.27051240E-02 75 4.53239977E-02 55 3.80419940E-02 72 6.75914157E-03 56 1.11092571E-02 71 1.33435130E-02
 142668 1 8 0.00000000E+00 42 0.769320726 46 0.169558570 53 -5.08460812E-02 75 4.64088283E-02 55 3.56144048E-02 72 6.33731205E-03 56 1.07135223E-02 71 1.28927305E-02
 142669 1 8 0.00000000E+00 42 0.783479929 46 0.155745223 53 -4.89184819E-02 75 4.77274917E-02 55 3.32808122E-02 72 5.92501462E-03 56 1.03124781E-02 71 1.24475425E-02
 143345 1 8 0.00000000E+00 42 0.485313714 46 0.368587017 53 -7.98502043E-02 55 0.113727346 75 4.97278608E-02 71 2.47140154E-02 72 1.86246280E-02 56 1.91556159E-02
 143346 1 8 0.00000000E+00 42 0.492520183 46 0.366456777 53 -7.91485310E-02 55 0.110378787 75 4.87683825E-02 71 2.41642389E-02 72 1.80397723E-02 56 1.88203976E-02
 143347 1 8 0.00000000E+00 42 0.500004768 46 0.364010811 53 -7.84222409E-02 55 0.107007027 75 4.78342175E-02 71 2.36196090E-02 72 1.74603984E-02 56 1.84853952E-02
 143364 1 8 0.00000000E+00 42 0.680515349 46 0.254152060 53 -6.01684563E-02 75 3.85562927E-02 55 5.07514998E-02 72 8.58389400E-03 71 1.50216185E-02 56 1.25877233E-02
 143365 1 8 0.00000000E+00 42 0.694575310 46 0.242661595 53 -5.86077794E-02 75 3.86624336E-02 55 4.78254035E-02 72 8.12443253E-03 71 1.45462509E-02 56 1.22123221E-02
 143366 1 8 0.00000000E+00 42 0.708955646 46 0.230575144 53 -5.69790639E-02 75 3.88913713E-02 55 4.49783877E-02 72 7.67280161E-03 71 1.40738357E-02 56 1.18318647E-02
 143367 1 8 0.00000000E+00 42 0.723613977 46 0.217914492 53 -5.52814975E-02 75 3.92574295E-02 55 4.22157533E-02 72 7.22934213E-03 56 1.14463018E-02 71 1.36042153E-02
 143368 1 8 0.00000000E+00 42 0.738495827 46 0.204711378 53 -5.35137951E-02 75 3.97772864E-02 55 3.95417027E-02 72 6.79414533E-03 56 1.10555599E-02 71 1.31378742E-02
 143369 1 8 0.00000000E+00 42 0.753532469 46 0.191009820 53 -5.16751446E-02 75 4.04703505E-02 55 3.69603559E-02 72 6.36781054E-03 56 1.06594525E-02 71 1.26749016E-02
 143370 1 8 0.00000000E+00 42 0.768638074 46 0.176867694 53 -4.97647226E-02 75 4.13595214E-02 55 3.44751813E-02 72 5.95038990E-03 56 1.02580236E-02 71 1.22158183E-02
 143371 1 8 0.00000000E+00 42 0.783706307 46 0.162360117 53 -4.77824621E-02 75 4.24716994E-02 55 3.20891738E-02 72 5.54289622E-03 56 9.85092111E-03 71 1.17613226E-02
 143372 1 8 0.00000000E+00 42 0.798608363 46 0.147580191 53 -4.57274504E-02 75 4.38383520E-02 55 2.98046861E-02 72 5.14546223E-03 56 9.43852775E-03 71 1.13118449E-02
 144066 1 8 0.00000000E+00 42 0.675024569 46 0.264889687 53 -5.93227744E-02 75 3.46230753E-02 55 5.00438586E-02 72 8.18206463E-03 71 1.43960258E-02 56 1.21635282E-02
 144067 1 8 0.00000000E+00 42 0.689524293 46 0.253152728 53 -5.77277951E-02 75 3.45871150E-02 55 4.70364504E-02 72 7.72726675E-03 71 1.39154661E-02 56 1.17844725E-02
 144068 1 8 0.00000000E+00 42 0.704414010 46 0.240754053 53 -5.60615957E-02 75 3.46637405E-02 55 4.41121161E-02 72 7.28040095E-03 71 1.34366741E-02 56 1.14005795E-02
 144069 1 8 0.00000000E+00 42 0.719657779 46 0.227709398 53 -5.43223992E-02 75 3.48663814E-02 55 4.12757881E-02 72 6.84156269E-03 56 1.10108107E-02 71 1.29606994E-02
 144070 1 8 0.00000000E+00 42 0.735207021 46 0.214045301 53 -5.25093414E-02 75 3.52105051E-02 55 3.85325663E-02 72 6.41136104E-03 56 1.06154820E-02 71 1.24870893E-02
 144071 1 8 0.00000000E+00 42 0.750998080 46 0.199801326 53 -5.06213978E-02 75 3.57148573E-02 55 3.58867645E-02 72 5.98979043E-03 56 1.02144415E-02 71 1.20161381E-02
 144072 1 8 0.00000000E+00 42 0.766949236 46 0.185031682 53 -4.86580990E-02 75 3.64015736E-02 55 3.33421566E-02 72 5.57759870E-03 56 9.80724115E-03 71 1.15486281E-02
 144073 1 8 0.00000000E+00 42 0.782956779 46 0.169809014 53 -4.66190241E-02 75 3.72972824E-02 55 3.09020150E-02 72 5.17503684E-03 56 9.39424522E-03 71 1.10846246E-02
 144074 1 8 0.00000000E+00 42 0.798891485 46 0.154226601 53 -4.45036367E-02 75 3.84336635E-02 55 2.85685528E-02 72 4.78304364E-03 56 8.97513516E-03 71 1.06251352E-02
 144075 1 8 0.00000000E+00 42 0.814593554 46 0.138402075 53 -4.23115343E-02 75 3.98489907E-02 55 2.63438206E-02 72 4.40204469E-03 56 8.54985323E-03 71 1.01712169E-02
 144768 1 8 0.00000000E+00 42 0.668506920 46 0.276463866 53 -5.84578179E-02 75 3.08104865E-02 55 4.93617430E-02 72 7.79143535E-03 71 1.37802409E-02 56 1.17431609E-02
 144769 1 8 0.00000000E+00 42 0.683409154 46 0.264516234 53 -5.68281338E-02 75 3.06359306E-02 55 4.62695435E-02 72 7.34171923E-03 71 1.32941687E-02 56 1.13613885E-02
 144770 1 8 0.00000000E+00 42 0.698775291 46 0.251836956 53 -5.51229082E-02 75 3.05631179E-02 55 4.32637408E-02 72 6.90005813E-03 71 1.28103187E-02 56 1.09734396E-02
 144771 1 8 0.00000000E+00 42 0.714576006 46 0.238435745 53 -5.33407889E-02 75 3.06041371E-02 55 4.03506644E-02 72 6.46667695E-03 71 1.23277875E-02 56 1.05797742E-02
 144772 1 8 0.00000000E+00 42 0.730771124 46 0.224331990 53 -5.14805801E-02 75 3.07732392E-02 55 3.75352688E-02 72 6.04183832E-03 56 1.01799406E-02 71 1.18471663E-02
 144773 1 8 0.00000000E+00 42 0.747304261 46 0.209558874 53 -4.95414808E-02 75 3.10877934E-02 55 3.48222964E-02 72 5.62590314E-03 56 9.77363624E-03 71 1.13687161E-02
 144774 1 8 0.00000000E+00 42 0.764101028 46 0.194164649 53 -4.75230776E-02 75 3.15684788E-02 55 3.22160386E-02 72 5.21929329E-03 56 9.36094206E-03 71 1.08926250E-02
 144775 1 8 0.00000000E+00 42 0.781064034 46 0.178216770 53 -4.54249345E-02 75 3.22407708E-02 55 2.97198016E-02 72 4.82241670E-03 56 8.94176029E-03 71 1.04193967E-02
 144776 1 8 0.00000000E+00 42 0.798067808 46 0.161805242 53 -4.32468355E-02 75 3.31358127E-02 55 2.73361802E-02 72 4.43598721E-03 56 8.51614866E-03 71 9.94964503E-03
 144777 1 8 0.00000000E+00 42 0.814952374 46 0.145048052 53 -4.09886353E-02 75 3.42918113E-02 55 2.50672773E-02 72 4.06091288E-03 56 8.08382593E-03 71 9.48438607E-03
 145471 1 8 0.00000000E+00 42 0.676142871 46 0.276814669 53 -5.59070110E-02 75 2.68286671E-02 55 4.55262847E-02 72 6.96799671E-03 71 1.26839876E-02 56 1.09425215E-02
 145472 1 8 0.00000000E+00 42 0.691938698 46 0.263897479 53 -5.41617572E-02 75 2.66118292E-02 55 4.24354747E-02 72 6.53226441E-03 71 1.21946950E-02 56 1.05512943E-02
 145473 1 8 0.00000000E+00 42 0.708253920 46 0.250178188 53 -5.23348823E-02 75 2.64961813E-02 55 3.94419059E-02 72 6.10492146E-03 71 1.17062703E-02 56 1.01534873E-02
 145474 1 8 0.00000000E+00 42 0.725057065 46 0.235668555 53 -5.04254773E-02 75 2.64944248E-02 55 3.65509763E-02 72 5.68621885E-03 56 9.74885002E-03 71 1.12193832E-02
 145475 1 8 0.00000000E+00 42 0.742302239 46 0.220393106 53 -4.84326668E-02 75 2.66218539E-02 55 3.37683149E-02 72 5.27625252E-03 56 9.33767203E-03 71 1.07332263E-02
 145476 1 8 0.00000000E+00 42 0.759925485 46 0.204391658 53 -4.63562757E-02 75 2.68971156E-02 55 3.10979709E-02 72 4.87585738E-03 56 8.91926233E-03 71 1.02489209E-02
 145477 1 8 0.00000000E+00 42 0.777839899 46 0.187723160 53 -4.41959724E-02 75 2.73436606E-02 55 2.85438001E-02 72 4.48515965E-03 56 8.49394780E-03 71 9.76635609E-03
 145478 1 8 0.00000000E+00 42 0.795929134 46 0.170470864 53 -4.19520997E-02 75 2.79906839E-02 55 2.61085555E-02 72 4.10475116E-03 56 8.06178898E-03 71 9.28631239E-03
 145479 1 8 0.00000000E+00 42 0.814039767 46 0.152747750 53 -3.96248698E-02 75 2.88749654E-02 55 2.37944312E-02 72 3.73584032E-03 56 7.62224291E-03 71 8.80988594E-03
 145480 1 8 0.00000000E+00 42 0.831971467 46 0.134703681 53 -3.72137912E-02 75 3.00434716E-02 55 2.16023643E-02 72 3.37916892E-03 56 7.17566628E-03 71 8.33796617E-03
 146178 1 8 0.00000000E+00 42 0.754242361 46 0.215846717 53 -4.51540500E-02 75 2.24274173E-02 55 2.99886391E-02 72 4.54775104E-03 56 8.48194771E-03 71 9.61919874E-03
 146179 1 8 0.00000000E+00 42 0.773077130 46 0.198482603 53 -4.29279096E-02 75 2.26517320E-02 55 2.73744781E-02 72 4.16393159E-03 56 8.05014651E-03 71 9.12786368E-03
 146180 1 8 0.00000000E+00 42 0.792238951 46 0.180399299 53 -4.06143330E-02 75 2.30506174E-02 55 2.48864368E-02 72 3.79043352E-03 56 7.61103025E-03 71 8.63757543E-03
 146181 1 8 0.00000000E+00 42 0.811589897 46 0.161698252 53 -3.82139012E-02 75 2.36573853E-02 55 2.25261524E-02 72 3.42815579E-03 56 7.16437167E-03 71 8.14966485E-03
 146182 1 8 0.00000000E+00 42 0.830941081 46 0.142521337 53 -3.57269980E-02 75 2.45164912E-02 55 2.02951375E-02 72 3.07783042E-03 56 6.71018474E-03 71 7.66496779E-03
 146183 1 8 0.00000000E+00 42 0.850037575 46 0.123061568 53 -3.31532098E-02 75 2.56861486E-02 55 1.81932822E-02 72 2.74124416E-03 56 6.24804851E-03 71 7.18532829E-03
 146184 1 8 0.00000000E+00 42 0.868536890 46 0.103578977 53 -3.04901097E-02 75 2.72442512E-02 55 1.62198842E-02 72 2.41940981E-03 56 5.77813853E-03 71 6.71256473E-03
 146881 1 8 0.00000000E+00 42 0.766554832 46 0.210659027 53 -4.16160971E-02 75 1.82140749E-02 55 2.62132920E-02 72 3.85933416E-03 56 7.61084259E-03 71 8.50467943E-03
 146882 1 8 0.00000000E+00 42 0.786738098 46 0.191782519 53 -3.92271392E-02 75 1.83733888E-02 55 2.36704927E-02 72 3.49337584E-03 56 7.16413464E-03 71 8.00510217E-03
 146883 1 8 0.00000000E+00 42 0.807299376 46 0.172124058 53 -3.67480330E-02 75 1.87070332E-02 55 2.12634485E-02 72 3.13848443E-03 56 6.70970557E-03 71 7.50594307E-03
 146884 1 8 0.00000000E+00 42 0.828075349 46 0.151806906 53 -3.41799967E-02 75 1.92533415E-02 55 1.89931002E-02 72 2.79536098E-03 56 6.24745898E-03 71 7.00847618E-03
 146885 1 8 0.00000000E+00 42 0.848833442 46 0.131008402 53 -3.15240212E-02 75 2.00655852E-02 55 1.68593954E-02 72 2.46550748E-03 56 5.77744981E-03 71 6.51424704E-03
 146886 1 8 0.00000000E+00 42 0.869243085 46 0.109980829 53 -2.87789386E-02 75 2.12185998E-02 55 1.48615111E-02 72 2.15053419E-03 56 5.29891485E-03 71 6.02548616E-03
 146887 1 8 0.00000000E+00 42 0.888835490 46 8.90805423E-02 53 -2.59397272E-02 75 2.28176452E-02 55 1.29971588E-02 72 1.85233459E-03 56 4.81198356E-03 71 5.54456422E-03
 147583 1 8 0.00000000E+00 42 0.758047640 46 0.224419832 53 -4.02555875E-02 75 1.40810478E-02 55 2.50607580E-02 72 3.57169309E-03 56 7.17529003E-03 71 7.89934490E-03
 147584 1 8 0.00000000E+00 42 0.779152453 46 0.204823807 53 -3.77841890E-02 75 1.40203545E-02 55 2.24620737E-02 72 3.21415160E-03 56 6.72113057E-03 71 7.39022205E-03
 147585 1 8 0.00000000E+00 42 0.800835848 46 0.184270710 53 -3.52185741E-02 75 1.40983630E-02 55 2.00072844E-02 72 2.86748353E-03 56 6.25840388E-03 71 6.88048312E-03
 147586 1 8 0.00000000E+00 42 0.822972119 46 0.162856683 53 -3.25617082E-02 75 1.43446792E-02 55 1.76976100E-02 72 2.53244792E-03 56 5.78749971E-03 71 6.37063850E-03
 147587 1 8 0.00000000E+00 42 0.845372617 46 0.140727386 53 -2.98160817E-02 75 1.48026338E-02 55 1.55327050E-02 72 2.21008365E-03 56 5.30841853E-03 71 5.86220995E-03
 147588 1 8 0.00000000E+00 42 0.867752790 46 0.118102834 53 -2.69831736E-02 75 1.55357989E-02 55 1.35113159E-02 72 1.90215860E-03 56 4.82145511E-03 71 5.35682915E-03
 147589 1 8 0.00000000E+00 42 0.889677048 46 9.53163952E-02 53 -2.40598563E-02 75 1.66418441E-02 55 1.16309253E-02 72 1.61060959E-03 56 4.32595983E-03 71 4.85709915E-03
 147590 1 8 0.00000000E+00 42 0.910471320 46 7.28793889E-02 53 -2.10373811E-02 75 1.82720665E-02 55 9.88808181E-03 72 1.33832148E-03 56 3.82101280E-03 71 4.36717737E-03
 148285 1 8 0.00000000E+00 42 0.747338474 46 0.239926383 53 -3.88423242E-02 75 1.03009138E-02 55 2.39180848E-02 72 3.30141350E-03 56 6.74404390E-03 71 7.31300702E-03
 148286 1 8 0.00000000E+00 42 0.769210279 46 0.219724685 53 -3.62796448E-02 75 1.00523597E-02 55 2.12617833E-02 72 2.95348256E-03 56 6.28138427E-03 71 6.79564755E-03
 148287 1 8 0.00000000E+00 42 0.791856349 46 0.198391959 53 -3.36172134E-02 75 9.90856998E-03 55 1.87587012E-02 72 2.61621876E-03 56 5.80961723E-03 71 6.27578329E-03
 148288 1 8 0.00000000E+00 42 0.815196276 46 0.175991267 53 -3.08600981E-02 75 9.88897495E-03 55 1.64097920E-02 72 2.29042280E-03 56 5.32882242E-03 71 5.75453695E-03
 148289 1 8 0.00000000E+00 42 0.839102387 46 0.152624816 53 -2.80134864E-02 75 1.00224214E-02 55 1.42146917E-02 72 1.97686139E-03 56 4.84010391E-03 71 5.23219723E-03
 148290 1 8 0.00000000E+00 42 0.863370657 46 0.128454700 53 -2.50817221E-02 75 1.03539890E-02 55 1.21713290E-02 72 1.67696062E-03 56 4.34333459E-03 71 4.71074274E-03
 148291 1 8 0.00000000E+00 42 0.887664855 46 0.103743233 53 -2.20663268E-02 75 1.09581258E-02 55 1.02769947E-02 72 1.39241258E-03 56 3.83889116E-03 71 4.19181446E-03
 148292 1 8 0.00000000E+00 42 0.911406577 46 7.89338127E-02 53 -1.89627260E-02 75 1.19636450E-02 55 8.52744374E-03 72 1.12582336E-03 56 3.32619576E-03 71 3.67924711E-03
 148988 1 8 0.00000000E+00 42 0.756665528 46 0.236667961 53 -3.47083658E-02 75 6.52437750E-03 55 2.00709607E-02 72 2.71204207E-03 56 5.84470900E-03 71 6.22278312E-03
 148989 1 8 0.00000000E+00 42 0.780039072 46 0.214725673 53 -3.19364108E-02 75 6.21009292E-03 55 1.75188947E-02 72 2.38560000E-03 56 5.36277751E-03 71 5.69430133E-03
 148990 1 8 0.00000000E+00 42 0.804319799 46 0.191526130 53 -2.90639140E-02 75 5.98275755E-03 55 1.51310004E-02 72 2.07047304E-03 56 4.87093953E-03 71 5.16279088E-03
 148991 1 8 0.00000000E+00 42 0.829443634 46 0.167125791 53 -2.60990225E-02 75 5.85677149E-03 55 1.29066743E-02 72 1.76719564E-03 56 4.37080162E-03 71 4.62816795E-03
 148992 1 8 0.00000000E+00 42 0.855303645 46 0.141617060 53 -2.30501276E-02 75 5.85423550E-03 55 1.08437082E-02 72 1.47711916E-03 56 3.86277004E-03 71 4.09157109E-03
 148993 1 8 0.00000000E+00 42 0.881713986 46 0.115154542 53 -1.99249163E-02 75 6.01479411E-03 55 8.93793534E-03 72 1.20119960E-03 56 3.34752118E-03 71 3.55493836E-03
 148994 1 8 0.00000000E+00 42 0.908325970 46 8.80153850E-02 53 -1.67269260E-02 75 6.41370844E-03 55 7.18483934E-03 72 9.41434584E-04 56 2.82546016E-03 71 3.02013475E-03
 149690 1 8 0.00000000E+00 42 0.741324902 46 0.255797476 53 -3.30674537E-02 75 3.47959949E-03 55 1.88907012E-02 72 2.48974259E-03 56 5.41170919E-03 71 5.67331631E-03
 149691 1 8 0.00000000E+00 42 0.765124142 46 0.233464390 53 -3.01704425E-02 75 3.06121772E-03 55 1.62889268E-02 72 2.17591901E-03 56 4.91776969E-03 71 5.13806473E-03
 149692 1 8 0.00000000E+00 42 0.789982736 46 0.209726334 53 -2.71638874E-02 75 2.70765438E-03 55 1.38626453E-02 72 1.87327166E-03 56 4.41354048E-03 71 4.59771696E-03
 149693 1 8 0.00000000E+00 42 0.815882146 46 0.184607476 53 -2.40582842E-02 75 2.42245616E-03 55 1.16107957E-02 72 1.58280972E-03 56 3.89957335E-03 71 4.05303761E-03
 149694 1 8 0.00000000E+00 42 0.842788875 46 0.158148453 53 -2.08652429E-02 75 2.21072324E-03 55 9.53035057E-03 72 1.30511739E-03 56 3.37717682E-03 71 3.50453355E-03
 149695 1 8 0.00000000E+00 42 0.870648861 46 0.130409449 53 -1.75975952E-02 75 2.08085799E-03 55 7.61667592E-03 72 1.04101782E-03 56 2.84781004E-03 71 2.95292796E-03
 149696 1 8 0.00000000E+00 42 0.899366140 46 0.101485677 53 -1.42694386E-02 75 2.04963586E-03 55 5.86411916E-03 72 7.91541941E-04 56 2.31321319E-03 71 2.39909999E-03
 150393 1 8 0.00000000E+00 42 0.746952772 46 0.254726738 53 -2.83172820E-02 75 4.97346802E-04 55 1.50700444E-02 72 1.98688358E-03 56 4.47535422E-03 71 4.60812636E-03
 150394 1 8 0.00000000E+00 42 0.771961153 46 0.230757251 53 -2.51554716E-02 75 1.14156843E-04 55 1.26062362E-02 72 1.69897894E-03 56 3.95631138E-03 71 4.06139903E-03
 150395 1 8 0.00000000E+00 42 0.798084557 46 0.205314264 53 -2.18823384E-02 75 -2.04381169E-04 55 1.03288535E-02 72 1.42379466E-03 56 3.42609501E-03 71 3.50915035E-03
 150396 1 8 0.00000000E+00 42 0.825302184 46 0.178431123 53 -1.85108967E-02 75 -4.56566398E-04 55 8.23416840E-03 72 1.16201700E-03 56 2.88587692E-03 71 2.95208138E-03
 150397 1 8 0.00000000E+00 42 0.853582203 46 0.150154948 53 -1.50567302E-02 75 -6.39969658E-04 55 6.31667534E-03 72 9.14553530E-04 56 2.33786390E-03 71 2.39043543E-03
 150398 1 8 0.00000000E+00 42 0.882880151 46 0.120546341 53 -1.15367286E-02 75 -7.50352046E-04 55 4.56915610E-03 72 6.82222191E-04 56 1.78348680E-03 71 1.82570098E-03
 150399 1 8 0.00000000E+00 42 0.913124621 46 8.96896496E-02 53 -7.96844903E-03 75 -7.78849178E-04 55 2.98348232E-03 72 4.66181285E-04 56 1.22484821E-03 71 1.25850632E-03
 151096 1 8 0.00000000E+00 42 0.750216901 46 0.254648089 53 -2.30404399E-02 75 -1.78978033E-03 55 1.13633601E-02 72 1.54713285E-03 56 3.49996821E-03 71 3.55480122E-03
 151097 1 8 0.00000000E+00 42 0.775995672 46 0.229286179 53 -1.95715744E-02 75 -2.01160950E-03 55 9.06302128E-03 72 1.28987583E-03 56 2.95054656E-03 71 2.99787289E-03
 151098 1 8 0.00000000E+00 42 0.802753985 46 0.202528641 53 -1.59857497E-02 75 -2.12697801E-03 55 6.95780804E-03 72 1.04735268E-03 56 2.38928921E-03 71 2.43563647E-03
 151099 1 8 0.00000000E+00 42 0.830354512 46 0.174503312 53 -1.22969039E-02 75 -2.11010547E-03 55 5.04115410E-03 72 8.21200840E-04 56 1.81724608E-03 71 1.86961249E-03
 151100 1 8 0.00000000E+00 42 0.858543575 46 0.145428464 53 -8.51712842E-03 75 -1.91045064E-03 55 3.30454041E-03 72 6.13303389E-04 56 1.23593677E-03 71 1.30178221E-03
 151101 1 8 0.00000000E+00 42 0.886777341 46 0.115739003 53 -4.65094624E-03 75 -1.41185243E-03 55 1.73823733E-03 72 4.26809012E-04 56 6.45544962E-04 71 7.35879294E-04
 151799 1 8 0.00000000E+00 42 0.749854922 46 0.256346583 53 -1.71353985E-02 75 -3.05378716E-03 55 7.81542808E-03 72 1.17866555E-03 56 2.47533084E-03 71 2.51823338E-03
 151800 1 8 0.00000000E+00 42 0.775529027 46 0.230155453 53 -1.33025283E-02 75 -2.88771698E-03 55 5.70431305E-03 72 9.58271732E-04 56 1.88915699E-03 71 1.95405376E-03
 151801 1 8 0.00000000E+00 42 0.801630855 46 0.202961117 53 -9.33896471E-03 75 -2.48081144E-03 55 3.79422284E-03 72 7.57094880E-04 56 1.28931913E-03 71 1.38715887E-03
 151802 1 8 0.00000000E+00 42 0.827636003 46 0.175185084 53 -5.24977827E-03 75 -1.72180252E-03 55 2.07507797E-03 72 5.78390027E-04 56 6.75653399E-04 71 8.21383495E-04
 151803 1 8 0.00000000E+00 42 0.852558970 46 0.147591636 53 -1.02861132E-03 75 -3.94918839E-04 55 5.35284285E-04 72 4.27262334E-04 56 4.77308786E-05 71 2.62655783E-04
 151804 1 8 0.00000000E+00 42 0.874463618 46 0.121644780 53 3.36128194E-03 75 1.93227106E-03 55 -8.37250671E-04 72 3.12717486E-04 56 -5.98917657E-04 71 -2.78482825E-04
 152501 1 8 0.00000000E+00 42 0.720127225 46 0.286152959 53 -1.45910075E-02 75 -3.43706273E-03 55 6.58906205E-03 72 1.08763925E-03 56 2.00234447E-03 71 2.06885091E-03
 152502 1 8 0.00000000E+00 42 0.744336665 46 0.260786980 53 -1.04851462E-02 75 -2.90024211E-03 55 4.47733514E-03 72 8.90999625E-04 56 1.38911221E-03 71 1.50428666E-03
 152503 1 8 0.00000000E+00 42 0.768549263 46 0.234686255 53 -6.21864479E-03 75 -2.01056688E-03 55 2.58045737E-03 72 7.16493290E-04 56 7.58496230E-04 71 9.38259996E-04
 152504 1 8 0.00000000E+00 42 0.792079985 46 0.208396077 53 -1.79456081E-03 75 -6.21770741E-04 55 8.86054710E-04 72 5.68306539E-04 56 1.10170273E-04 71 3.75724980E-04
 152505 1 8 0.00000000E+00 42 0.813835263 46 0.182766214 53 2.79470393E-03 75 1.50473625E-03 55 -6.19601808E-04 72 4.52084496E-04 56 -5.56321640E-04 71 -1.77094218E-04
 152506 1 8 0.00000000E+00 42 0.832136154 46 0.159078643 53 7.57381553E-03 75 4.74073458E-03 55 -1.95071183E-03 72 3.76084383E-04 56 -1.24409178E-03 71 -7.10602559E-04
 152507 1 8 0.00000000E+00 42 0.844793975 46 0.138990477 53 1.25840921E-02 75 9.57400817E-03 55 -3.12247081E-03 72 3.50452377E-04 56 -1.95839908E-03 71 -1.21212588E-03
 153203 1 8 0.00000000E+00 42 0.687386811 46 0.318281412 53 -1.19587034E-02 75 -3.29191610E-03 55 5.38694998E-03 72 1.01314625E-03 56 1.53491506E-03 71 1.64739974E-03
 153204 1 8 0.00000000E+00 42 0.709992111 46 0.293819427 53 -7.56008923E-03 75 -2.34908191E-03 55 3.28129833E-03 72 8.40671884E-04 56 8.93063145E-04 71 1.08261080E-03
 153205 1 8 0.00000000E+00 42 0.732278764 46 0.268811911 53 -2.97219912E-03 75 -9.64024104E-04 55 1.40525750E-03 72 6.92860282E-04 56 2.30067613E-04 71 5.17382519E-04
 153206 1 8 0.00000000E+00 42 0.753531396 46 0.243833661 53 1.79914059E-03 75 1.01452973E-03 55 -2.55684572E-04 72 5.74275269E-04 56 -4.53496090E-04 71 -4.38283678E-05
 153207 1 8 0.00000000E+00 42 0.772755504 46 0.219669655 53 6.75469590E-03 75 3.80001916E-03 55 -1.71814300E-03 72 4.90677950E-04 56 -1.15802663E-03 71 -5.94362267E-04
 153208 1 8 0.00000000E+00 42 0.788675070 46 0.197313875 53 1.19032227E-02 75 7.66965142E-03 55 -2.99915462E-03 72 4.48680919E-04 56 -1.88455626E-03 71 -1.12676271E-03
 153209 1 8 0.00000000E+00 42 0.799921930 46 0.177829459 53 1.72556490E-02 75 1.29212318E-02 55 -4.11647325E-03 72 4.55372938E-04 56 -2.63428455E-03 71 -1.63287448E-03
 153210 1 8 0.00000000E+00 42 0.805511057 46 0.161997855 53 2.28110980E-02 75 1.97650492E-02 55 -5.08775422E-03 72 5.15990425E-04 56 -3.40788392E-03 71 -2.10543512E-03
 153906 1 8 0.00000000E+00 42 0.673252344 46 0.328689456 53 -4.55106841E-03 75 -1.40508427E-03 55 2.12102849E-03 72 8.02876893E-04 56 4.04142658E-04 71 6.86316169E-04
 153907 1 8 0.00000000E+00 42 0.693785548 46 0.304616749 53 3.71706788E-04 75 4.41550976E-04 55 2.75374507E-04 72 6.80986966E-04 56 -2.92264420E-04 71 1.20368757E-04
 153908 1 8 0.00000000E+00 42 0.713141799 46 0.280636132 53 5.49834827E-03 75 2.92872335E-03 55 -1.34189334E-03 72 5.90267824E-04 56 -1.01137534E-03 71 -4.41987126E-04
 153909 1 8 0.00000000E+00 42 0.730485737 46 0.257425249 53 1.08203730E-02 75 6.23052754E-03 55 -2.75084726E-03 72 5.36445878E-04 56 -1.75323721E-03 71 -9.94257629E-04
 153910 1 8 0.00000000E+00 42 0.744870961 46 0.235745639 53 1.63318180E-02 75 1.05458768E-02 55 -3.97171592E-03 72 5.25077630E-04 56 -2.51688459E-03 71 -1.53074111E-03
 153911 1 8 0.00000000E+00 42 0.755396307 46 0.216325983 53 2.20248587E-02 75 1.60632487E-02 55 -5.02518797E-03 72 5.61615976E-04 56 -3.30167450E-03 71 -2.04513781E-03
 153912 1 8 0.00000000E+00 42 0.761457324 46 0.199676290 53 2.78832763E-02 75 2.29034163E-02 55 -5.93138812E-03 72 6.49952504E-04 56 -4.10616584E-03 71 -2.53270403E-03
 154608 1 8 0.00000000E+00 42 0.634746492 46 0.364924699 53 -1.47765502E-03 75 -2.08084486E-04 55 1.00297853E-03 72 7.73621432E-04 56 -7.49087776E-05 71 3.12865071E-04
 154609 1 8 0.00000000E+00 42 0.653790236 46 0.341555506 53 3.79348220E-03 75 2.04696460E-03 55 -8.00756679E-04 72 6.75864343E-04 56 -8.05218820E-04 71 -2.56094761E-04
 154610 1 8 0.00000000E+00 42 0.671658933 46 0.318233103 53 9.28502623E-03 75 4.95680096E-03 55 -2.36237561E-03 72 6.11281663E-04 56 -1.56086485E-03 71 -8.21917318E-04
 154611 1 8 0.00000000E+00 42 0.687665403 46 0.295537055 53 1.49794668E-02 75 8.65850132E-03 55 -3.70549574E-03 72 5.84708818E-04 56 -2.33977800E-03 71 -1.37984857E-03
 154612 1 8 0.00000000E+00 42 0.701093435 46 0.274071246 53 2.08581071E-02 75 1.32947648E-02 55 -4.85471450E-03 72 6.01529959E-04 56 -3.14047420E-03 71 -1.92387484E-03
 154613 1 8 0.00000000E+00 42 0.711309373 46 0.254377633 53 2.69009117E-02 75 1.89899374E-02 55 -5.83386421E-03 72 6.66043023E-04 56 -3.96041572E-03 71 -2.44961376E-03
 154614 1 8 0.00000000E+00 42 0.717896998 46 0.236836523 53 3.30806412E-02 75 2.58192420E-02 55 -6.66581001E-03 72 7.82382500E-04 56 -4.79731010E-03 71 -2.95268279E-03
 154615 1 8 0.00000000E+00 42 0.720760584 46 0.221588865 53 3.93628180E-02 75 3.37859206E-02 55 -7.37194996E-03 72 9.52088449E-04 56 -5.64700458E-03 71 -3.43129993E-03
 155310 1 8 0.00000000E+00 42 0.594969392 46 0.402147204 53 1.64672919E-03 75 1.13388675E-03 55 -6.49605208E-05 72 7.48981081E-04 56 -5.41114830E-04 71 -4.01448488E-05
 155311 1 8 0.00000000E+00 42 0.612813473 46 0.379225075 53 7.28125172E-03 75 3.74027435E-03 55 -1.81304524E-03 72 6.73740869E-04 56 -1.30676036E-03 71 -6.13991462E-04
 155312 1 8 0.00000000E+00 42 0.629572153 46 0.356237233 53 1.31516969E-02 75 6.99639833E-03 55 -3.30441841E-03 72 6.32795854E-04 56 -2.09949026E-03 71 -1.18637178E-03
 155313 1 8 0.00000000E+00 42 0.644672871 46 0.333693713 53 1.92301925E-02 75 1.10085160E-02 55 -4.56775306E-03 72 6.31402945E-04 56 -2.91659101E-03 71 -1.75237982E-03
 155314 1 8 0.00000000E+00 42 0.657553554 46 0.312097549 53 2.54880115E-02 75 1.58805903E-02 55 -5.63193392E-03 72 6.74221490E-04 56 -3.75463534E-03 71 -2.30734027E-03
 155315 1 8 0.00000000E+00 42 0.667735577 46 0.291888088 53 3.18949074E-02 75 2.16977783E-02 55 -6.52498612E-03 72 7.65974168E-04 56 -4.61103488E-03 71 -2.84630083E-03
 155316 1 8 0.00000000E+00 42 0.674902380 46 0.273381382 53 3.84168811E-02 75 2.85099987E-02 55 -7.27265934E-03 72 9.10029281E-04 56 -5.48205012E-03 71 -3.36595182E-03
 155317 1 8 0.00000000E+00 42 0.678952456 46 0.256730050 53 4.50156182E-02 75 3.63194495E-02 55 -7.89888296E-03 72 1.10869238E-03 56 -6.36325125E-03 71 -3.86414374E-03
 156013 1 8 0.00000000E+00 42 0.571234167 46 0.417318493 53 1.08306482E-02 75 5.44469384E-03 55 -2.74820183E-03 72 6.70746900E-04 56 -1.79550436E-03 71 -9.55071358E-04
 156014 1 8 0.00000000E+00 42 0.587216198 46 0.394367009 53 1.70983840E-02 75 8.98278598E-03 55 -4.15222673E-03 72 6.51320617E-04 56 -2.62685027E-03 71 -1.53662020E-03
 156015 1 8 0.00000000E+00 42 0.601758957 46 0.371668786 53 2.35781502E-02 75 1.32372966E-02 55 -5.31933410E-03 72 6.72912283E-04 56 -3.48326308E-03 71 -2.11348780E-03
 156016 1 8 0.00000000E+00 42 0.614399016 46 0.349668920 53 3.02326400E-02 75 1.82849169E-02 55 -6.28390629E-03 72 7.40040094E-04 56 -4.36032750E-03 71 -2.68128561E-03
 156017 1 8 0.00000000E+00 42 0.624749243 46 0.328752220 53 3.70227061E-02 75 2.41861269E-02 55 -7.07790721E-03 72 8.57646402E-04 56 -5.25436131E-03 71 -3.23570520E-03
 156018 1 8 0.00000000E+00 42 0.632546842 46 0.309205294 53 4.39079739E-02 75 3.09754778E-02 55 -7.73104141E-03 72 1.02934649E-03 56 -6.16101688E-03 71 -3.77287064E-03
 156019 1 8 0.00000000E+00 42 0.637683570 46 0.291192591 53 5.08467779E-02 75 3.86548750E-02 55 -8.26922990E-03 72 1.25773251E-03 56 -7.07573583E-03 71 -4.29055886E-03
 156715 1 8 0.00000000E+00 42 0.529339671 46 0.455587238 53 1.44435130E-02 75 7.10755028E-03 55 -3.58993118E-03 72 6.63310930E-04 56 -2.27115396E-03 71 -1.28020358E-03
 156716 1 8 0.00000000E+00 42 0.544839621 46 0.432393223 53 2.11315174E-02 75 1.08751822E-02 55 -4.88599855E-03 72 6.62937528E-04 56 -3.14266304E-03 71 -1.87379494E-03
 156717 1 8 0.00000000E+00 42 0.559112132 46 0.409269899 53 2.80356109E-02 75 1.53197814E-02 55 -5.93809271E-03 72 7.05027371E-04 56 -4.04007593E-03 71 -2.46426882E-03
 156718 1 8 0.00000000E+00 42 0.571754158 46 0.386635751 53 3.51080410E-02 75 2.04986650E-02 55 -6.78664120E-03 72 7.95049185E-04 56 -4.95795719E-03 71 -3.04706255E-03
 156719 1 8 0.00000000E+00 42 0.582431614 46 0.364849985 53 4.23022248E-02 75 2.64564436E-02 55 -7.46821892E-03 72 9.37395555E-04 56 -5.89121319E-03 71 -3.61825759E-03
 156720 1 8 0.00000000E+00 42 0.590911448 46 0.344187438 53 4.95725572E-02 75 3.32174748E-02 55 -8.01623333E-03 72 1.13652134E-03 56 -6.83541456E-03 71 -4.17377241E-03
 156721 1 8 0.00000000E+00 42 0.597077847 46 0.324825019 53 5.68741225E-02 75 4.07834537E-02 55 -8.45876895E-03 72 1.39507267E-03 56 -7.78550515E-03 71 -4.71122842E-03
 157418 1 8 0.00000000E+00 42 0.502646267 46 0.470105439 53 2.52648238E-02 75 1.26473475E-02 55 -5.48066990E-03 72 6.63788232E-04 56 -3.64794256E-03 71 -2.19906308E-03
 157419 1 8 0.00000000E+00 42 0.516895592 46 0.446309835 53 3.26195024E-02 75 1.72411185E-02 55 -6.39647106E-03 72 7.24341138E-04 56 -4.58831387E-03 71 -2.80560530E-03
 157420 1 8 0.00000000E+00 42 0.529740691 46 0.422836870 53 4.01349738E-02 75 2.25179940E-02 55 -7.11092772E-03 72 8.35017476E-04 56 -5.54874633E-03 71 -3.40588088E-03
 157421 1 8 0.00000000E+00 42 0.540877879 46 0.400038153 53 4.77566570E-02 75 2.85110716E-02 55 -7.66661344E-03 72 1.00112136E-03 56 -6.52335025E-03 71 -3.99493892E-03
 157422 1 8 0.00000000E+00 42 0.550089180 46 0.378186911 53 5.54340295E-02 75 3.52385342E-02 55 -8.09910148E-03 72 1.22701412E-03 56 -7.50669744E-03 71 -4.56986018E-03
 157423 1 8 0.00000000E+00 42 0.557252169 46 0.357471615 53 6.31192699E-02 75 4.27014604E-02 55 -8.43960419E-03 72 1.51607138E-03 56 -8.49364977E-03 71 -5.12733497E-03
 157424 1 8 0.00000000E+00 42 0.562339485 46 0.337996662 53 7.07669184E-02 75 5.08837849E-02 55 -8.71276762E-03 72 1.87085313E-03 56 -9.47931968E-03 71 -5.66560589E-03
 158120 1 8 0.00000000E+00 46 0.507286608 42 0.460824192 53 2.95188855E-02 75 1.42827956E-02 55 -5.90415159E-03 72 6.49633643E-04 56 -4.14368743E-03 71 -2.51428387E-03
 158121 1 8 0.00000000E+00 46 0.482585371 42 0.475268930 53 3.73552628E-02 75 1.89935490E-02 55 -6.65964372E-03 72 7.25856051E-04 56 -5.12997061E-03 71 -3.13935243E-03
 158122 1 8 0.00000000E+00 42 0.488489866 46 0.458087504 53 4.53403816E-02 75 2.43423134E-02 55 -7.22185243E-03 72 8.55433464E-04 56 -6.13521272E-03 71 -3.75844864E-03
 158123 1 8 0.00000000E+00 42 0.500199139 46 0.434147388 53 5.34131601E-02 75 3.03539522E-02 55 -7.63781788E-03 72 1.04408304E-03 56 -7.15268729E-03 71 -4.36722301E-03
 158124 1 8 0.00000000E+00 42 0.510186672 46 0.411041230 53 6.15185872E-02 75 3.70423533E-02 55 -7.94645026E-03 72 1.29623339E-03 56 -8.17657541E-03 71 -4.96206991E-03
 158125 1 8 0.00000000E+00 42 0.518325329 46 0.388965398 53 6.96068406E-02 75 4.44082804E-02 55 -8.18022247E-03 72 1.61580916E-03 56 -9.20190196E-03 71 -5.53950807E-03
 158126 1 8 0.00000000E+00 42 0.524567783 46 0.368040383 53 7.76314214E-02 75 5.24400286E-02 55 -8.36401246E-03 72 2.00574868E-03 56 -1.02232052E-02 71 -6.09816704E-03
 158822 1 8 0.00000000E+00 46 0.543691516 42 0.419565678 53 3.39241289E-02 75 1.57723818E-02 55 -6.11501746E-03 72 6.15442870E-04 56 -4.63285903E-03 71 -2.82128551E-03
 158823 1 8 0.00000000E+00 46 0.517861664 42 0.434403867 53 4.22755405E-02 75 2.05741134E-02 55 -6.68503763E-03 72 7.04741629E-04 56 -5.66794071E-03 71 -3.46697378E-03
 158824 1 8 0.00000000E+00 46 0.492169976 42 0.448150694 53 5.07583432E-02 75 2.59734485E-02 55 -7.07667880E-03 72 8.51157412E-04 56 -6.71994453E-03 71 -4.10698447E-03
 158825 1 8 0.00000000E+00 46 0.466977090 42 0.460526526 53 5.93054146E-02 75 3.19896825E-02 55 -7.34104030E-03 72 1.06085977E-03 56 -7.78207043E-03 71 -4.73647844E-03
 158826 1 8 0.00000000E+00 42 0.471326739 46 0.442562014 53 6.78582713E-02 75 3.86334248E-02 55 -7.51977414E-03 72 1.33882673E-03 56 -8.84792767E-03 71 -5.35157742E-03
 158827 1 8 0.00000000E+00 42 0.480422884 46 0.419123501 53 7.63654709E-02 75 4.59054373E-02 55 -7.64499465E-03 72 1.68917654E-03 56 -9.91210621E-03 71 -5.94934635E-03
 158828 1 8 0.00000000E+00 42 0.487756282 46 0.396789700 53 8.47808942E-02 75 5.37970029E-02 55 -7.74139445E-03 72 2.11486639E-03 56 -1.09697757E-02 71 -6.52757520E-03
 158829 1 8 0.00000000E+00 42 0.493329585 46 0.375627875 53 9.30633470E-02 75 6.22900836E-02 55 -7.82791153E-03 72 2.61857198E-03 56 -1.20166605E-02 71 -7.08489912E-03
 159525 1 8 0.00000000E+00 46 0.551857352 42 0.394497186 53 4.74237055E-02 75 2.19830573E-02 55 -6.41864911E-03 72 6.54983975E-04 56 -6.20570173E-03 71 -3.79192922E-03
 159526 1 8 0.00000000E+00 46 0.524824619 42 0.408897102 53 5.64306863E-02 75 2.74155103E-02 55 -6.62329001E-03 72 8.16301559E-04 56 -7.30689662E-03 71 -4.45403997E-03
 159527 1 8 0.00000000E+00 46 0.498292565 42 0.422012985 53 6.54722527E-02 75 3.34241353E-02 55 -6.72827289E-03 72 1.04586990E-03 56 -8.41474347E-03 71 -5.10480860E-03
 159528 1 8 0.00000000E+00 46 0.472535223 42 0.433648765 53 7.44880214E-02 75 4.00172882E-02 55 -6.77473890E-03 72 1.34911865E-03 56 -9.52318404E-03 71 -5.74051263E-03
 159529 1 8 0.00000000E+00 46 0.447747260 42 0.443678796 53 8.34268555E-02 75 4.71960157E-02 55 -6.79440284E-03 72 1.73003867E-03 56 -1.06266718E-02 71 -6.35789102E-03
 159530 1 8 0.00000000E+00 42 0.452040672 46 0.424055278 53 9.22436416E-02 75 5.49537130E-02 55 -6.80967188E-03 72 2.19246885E-03 56 -1.17209135E-02 71 -6.95518451E-03
 159531 1 8 0.00000000E+00 42 0.458726436 46 0.401529074 53 0.100898683 75 6.32768571E-02 55 -6.83712680E-03 72 2.73853331E-03 56 -1.28014786E-02 71 -7.53097050E-03
 160228 1 8 0.00000000E+00 46 0.555745780 42 0.370931715 53 6.24083765E-02 75 2.86741313E-02 55 -5.80103789E-03 72 7.44211429E-04 56 -7.90045690E-03 71 -4.80269222E-03
 160229 1 8 0.00000000E+00 46 0.527823031 42 0.384835035 53 7.19592124E-02 75 3.46639194E-02 55 -5.74413314E-03 72 9.92661924E-04 56 -9.05466266E-03 71 -5.47508337E-03
 160230 1 8 0.00000000E+00 46 0.500721872 42 0.397308409 53 8.14481899E-02 75 4.12002243E-02 55 -5.66301681E-03 72 1.32060912E-03 56 -1.02056004E-02 71 -6.13069301E-03
 160231 1 8 0.00000000E+00 46 0.474623024 42 0.408235341 53 9.08252895E-02 75 4.82844152E-02 55 -5.58559038E-03 72 1.73263112E-03 56 -1.13481609E-02 71 -6.76695537E-03
 160232 1 8 0.00000000E+00 46 0.449641883 42 0.417557240 53 0.100048713 75 5.59116267E-02 55 -5.53141348E-03 72 2.23232782E-03 56 -1.24783088E-02 71 -7.38208508E-03
 160233 1 8 0.00000000E+00 46 0.425842434 42 0.425263554 53 0.109080441 75 6.40716478E-02 55 -5.51337469E-03 72 2.82225246E-03 56 -1.35919293E-02 71 -7.97500275E-03
 160234 1 8 0.00000000E+00 42 0.431381702 46 0.403248191 53 0.117887087 75 7.27492273E-02 55 -5.53983124E-03 72 3.50462203E-03 56 -1.46860564E-02 71 -8.54492094E-03
 160930 1 8 0.00000000E+00 46 0.584578037 42 0.334488362 53 6.87509328E-02 75 2.97567192E-02 55 -4.53834794E-03 72 6.27803092E-04 56 -8.50673858E-03 71 -5.15674334E-03
 160931 1 8 0.00000000E+00 46 0.555265605 42 0.349189728 53 7.88175538E-02 75 3.57167348E-02 55 -4.32743598E-03 72 8.94316763E-04 56 -9.70667694E-03 71 -5.84986247E-03
 160932 1 8 0.00000000E+00 46 0.526864171 42 0.362473190 53 8.87813494E-02 75 4.21891287E-02 55 -4.13175160E-03 72 1.24726689E-03 56 -1.08991330E-02 71 -6.52420754E-03
 160933 1 8 0.00000000E+00 46 0.499527782 42 0.374239892 53 9.85968187E-02 75 4.91756201E-02 55 -3.97364842E-03 72 1.69086887E-03 56 -1.20794270E-02 71 -7.17790565E-03
 160934 1 8 0.00000000E+00 46 0.473352969 42 0.384440929 53 0.108225688 75 5.66732548E-02 55 -3.86818708E-03 72 2.22855574E-03 56 -1.32439323E-02 71 -7.80928368E-03
 160935 1 8 0.00000000E+00 46 0.448390514 42 0.393068999 53 0.117633492 75 6.46742061E-02 55 -3.82351084E-03 72 2.86336686E-03 56 -1.43893631E-02 71 -8.41771066E-03
 160936 1 8 0.00000000E+00 46 0.424657226 42 0.400149286 53 0.126789033 75 7.31668919E-02 55 -3.84483160E-03 72 3.59753869E-03 56 -1.55126033E-02 71 -9.00253095E-03
 161632 1 8 0.00000000E+00 46 0.610924959 42 0.299827039 53 7.55258054E-02 75 3.06717698E-02 55 -2.75592972E-03 72 4.58841794E-04 56 -9.13192704E-03 71 -5.52057941E-03
 161633 1 8 0.00000000E+00 46 0.580294907 42 0.315288782 53 8.61016735E-02 75 3.65908742E-02 55 -2.41185958E-03 72 7.43953977E-04 56 -1.03757400E-02 71 -6.23261556E-03
 161634 1 8 0.00000000E+00 46 0.550693095 42 0.329318076 53 9.65316892E-02 75 4.29915451E-02 55 -2.12591537E-03 72 1.12234335E-03 56 -1.16073424E-02 71 -6.92350185E-03
 161635 1 8 0.00000000E+00 46 0.522237122 42 0.341840029 53 0.106777057 75 4.98759896E-02 55 -1.91299757E-03 72 1.59813475E-03 56 -1.28230872E-02 71 -7.59222126E-03
 161636 1 8 0.00000000E+00 46 0.494996816 42 0.352821231 53 0.116803490 75 5.72425351E-02 55 -1.78164174E-03 72 2.17518373E-03 56 -1.40199065E-02 71 -8.23770091E-03
 161637 1 8 0.00000000E+00 46 0.469005734 42 0.362261623 53 0.126580864 75 6.50859028E-02 55 -1.73592696E-03 72 2.85604456E-03 56 -1.51949273E-02 71 -8.85931309E-03
 161638 1 8 0.00000000E+00 46 0.444269389 42 0.370188147 53 0.136080667 75 7.33971149E-02 55 -1.77630188E-03 72 3.64347897E-03 56 -1.63455885E-02 71 -9.45691112E-03
 161639 1 8 0.00000000E+00 46 0.420772105 42 0.376648962 53 0.145276308 75 8.21642280E-02 55 -1.90126756E-03 72 4.53939289E-03 56 -1.74696669E-02 71 -1.00300899E-02
 162335 1 8 0.00000000E+00 46 0.602581501 42 0.283346474 53 9.38660651E-02 75 3.72954123E-02 55 6.97138166E-05 72 5.34004299E-04 56 -1.10668344E-02 71 -6.62632706E-03
 162336 1 8 0.00000000E+00 46 0.571945906 42 0.298013866 53 0.104741879 75 4.36153002E-02 55 4.08686145E-04 72 9.38970072E-04 56 -1.23339444E-02 71 -7.33068958E-03
 162337 1 8 0.00000000E+00 46 0.542537272 42 0.311176151 53 0.115398660 75 5.03917038E-02 55 6.40702667E-04 72 1.44842535E-03 56 -1.35816867E-02 71 -8.01122002E-03
 162338 1 8 0.00000000E+00 46 0.514395952 42 0.322817683 53 0.125807777 75 5.76242507E-02 55 7.63691729E-04 72 2.06569233E-03 56 -1.48072913E-02 71 -8.66774376E-03
 162339 1 8 0.00000000E+00 46 0.487536132 42 0.332947791 53 0.135942504 75 6.53092414E-02 55 7.79197260E-04 72 2.79411231E-03 56 -1.60092115E-02 71 -9.29977465E-03
 162340 1 8 0.00000000E+00 46 0.461951435 42 0.341596901 53 0.145777404 75 7.34401718E-02 55 6.90171379E-04 72 3.63621744E-03 56 -1.71846431E-02 71 -9.90764610E-03
 162341 1 8 0.00000000E+00 46 0.437619597 42 0.348812222 53 0.155287430 75 8.20077285E-02 55 5.01779141E-04 72 4.59440239E-03 56 -1.83320511E-02 71 -1.04911234E-02
 163037 1 8 0.00000000E+00 46 0.621819019 42 0.253562152 53 0.102160364 55 3.17999814E-03 75 3.78389396E-02 72 2.57880398E-04 56 -1.17847240E-02 71 -7.03364750E-03
 163038 1 8 0.00000000E+00 46 0.590386450 42 0.268714041 53 0.113447987 75 4.40682955E-02 55 3.52077326E-03 72 6.90993678E-04 56 -1.30813541E-02 71 -7.74719473E-03
 163039 1 8 0.00000000E+00 46 0.560241580 42 0.282370627 53 0.124488905 75 5.07293642E-02 55 3.72590125E-03 72 1.23549986E-03 56 -1.43561969E-02 71 -8.43568239E-03
 163040 1 8 0.00000000E+00 46 0.531398535 42 0.294531882 53 0.135258660 75 5.78232072E-02 55 3.79962591E-03 72 1.89462421E-03 56 -1.56070413E-02 71 -9.09945276E-03
 163041 1 8 0.00000000E+00 46 0.503854215 42 0.305216223 53 0.145733789 75 6.53474852E-02 55 3.74736940E-03 72 2.67177145E-03 56 -1.68317072E-02 71 -9.73911118E-03
 163042 1 8 0.00000000E+00 46 0.477592587 42 0.314456820 53 0.155890614 75 7.32975677E-02 55 3.57595831E-03 72 3.56990378E-03 56 -1.80292632E-02 71 -1.03541948E-02
 163043 1 8 0.00000000E+00 46 0.452586263 42 0.322299957 53 0.165705621 75 8.16662833E-02 55 3.29278619E-03 72 4.59151436E-03 56 -1.91971958E-02 71 -1.09452289E-02
 163739 1 8 0.00000000E+00 46 0.637759984 42 0.226096734 53 0.111021750 55 6.97089918E-03 75 3.82300541E-02 72 -9.09213777E-05 56 -1.25319697E-02 71 -7.45653408E-03
 163740 1 8 0.00000000E+00 46 0.605828524 42 0.241539627 53 0.122676149 55 7.25005800E-03 75 4.43578549E-02 72 3.72995826E-04 56 -1.38518801E-02 71 -8.17332696E-03
 163741 1 8 0.00000000E+00 46 0.575205445 42 0.255518079 53 0.134065881 75 5.08954898E-02 55 7.37393741E-03 72 9.54255695E-04 56 -1.51477987E-02 71 -8.86530802E-03
 163742 1 8 0.00000000E+00 46 0.545888603 42 0.268041670 53 0.145168841 75 5.78447580E-02 55 7.35055469E-03 72 1.65664754E-03 56 -1.64186228E-02 71 -9.53241810E-03
 163743 1 8 0.00000000E+00 46 0.517864108 42 0.279133886 53 0.155963555 75 6.52045459E-02 55 7.18854694E-03 72 2.48348317E-03 56 -1.76625438E-02 71 -1.01755764E-02
 163744 1 8 0.00000000E+00 46 0.491110295 42 0.288828939 53 0.166426480 75 7.29715899E-02 55 6.89711282E-03 72 3.43879801E-03 56 -1.88783780E-02 71 -1.07948510E-02
 163745 1 8 0.00000000E+00 46 0.465598106 42 0.297170550 53 0.176534489 75 8.11406225E-02 55 6.48579095E-03 72 4.52522933E-03 56 -2.00635549E-02 71 -1.13912579E-02
 164441 1 8 0.00000000E+00 46 0.650250077 42 0.201050699 53 0.120468453 55 1.14761610E-02 75 3.84757072E-02 72 -5.16730244E-04 56 -1.33095691E-02 71 -7.89476652E-03
 164442 1 8 0.00000000E+00 46 0.618157744 42 0.216565087 53 0.132437423 55 1.16224196E-02 75 4.44905907E-02 72 -1.99298411E-05 56 -1.46444645E-02 71 -8.60888045E-03
 164443 1 8 0.00000000E+00 46 0.587342262 42 0.230675444 53 0.144135609 55 1.16048707E-02 75 5.08960932E-02 72 5.99792984E-04 56 -1.59550998E-02 71 -9.29899886E-03
 164444 1 8 0.00000000E+00 46 0.557797194 42 0.243393660 53 0.155541256 75 5.76941073E-02 55 1.14325220E-02 72 1.34677615E-03 56 -1.72409732E-02 71 -9.96456854E-03
 164445 1 8 0.00000000E+00 46 0.529508173 42 0.254742056 53 0.166631877 75 6.48845658E-02 55 1.11157913E-02 72 2.22474313E-03 56 -1.84993930E-02 71 -1.06077725E-02
 164446 1 8 0.00000000E+00 46 0.502454460 42 0.264751732 53 0.177383602 75 7.24654049E-02 55 1.06643019E-02 72 3.23782116E-03 56 -1.97295491E-02 71 -1.12277959E-02
 164447 1 8 0.00000000E+00 46 0.476609498 42 0.273462206 53 0.187772751 75 8.04326683E-02 55 1.00886589E-02 72 4.38946672E-03 56 -2.09291577E-02 71 -1.18260738E-02
 165143 1 8 0.00000000E+00 46 0.659252167 42 0.178448141 53 0.130495951 55 1.67073440E-02 75 3.85817364E-02 72 -1.02284213E-03 56 -1.41158942E-02 71 -8.34660977E-03
 165144 1 8 0.00000000E+00 46 0.627348542 42 0.193806723 53 0.142725155 55 1.66469626E-02 75 4.44723442E-02 72 -4.90594888E-04 56 -1.54574392E-02 71 -9.05169547E-03
 165145 1 8 0.00000000E+00 46 0.596632123 42 0.207856089 53 0.154690713 55 1.64259952E-02 75 5.07363752E-02 72 1.69156148E-04 56 -1.67766940E-02 71 -9.73376352E-03
 165146 1 8 0.00000000E+00 46 0.567108154 42 0.220599860 53 0.166367754 55 1.60520207E-02 75 5.73760234E-02 72 9.61445970E-04 56 -1.80713683E-02 71 -1.03939110E-02
 165147 1 8 0.00000000E+00 46 0.538771629 42 0.232053116 53 0.177730739 75 6.43918887E-02 55 1.55340582E-02 72 1.89068622E-03 56 -1.93395820E-02 71 -1.10325227E-02
 165148 1 8 0.00000000E+00 46 0.511610091 42 0.242239803 53 0.188754335 75 7.17824399E-02 55 1.48818474E-02 72 2.96187168E-03 56 -2.05801558E-02 71 -1.16502140E-02
 165149 1 8 0.00000000E+00 46 0.485604167 42 0.251192391 53 0.199411929 75 7.95448571E-02 55 1.41055407E-02 72 4.17920807E-03 56 -2.17905268E-02 71 -1.22475531E-02
 165845 1 8 0.00000000E+00 46 0.664855301 42 0.158231214 53 0.141073748 55 2.26513073E-02 75 3.85522172E-02 72 -1.61020167E-03 56 -1.49459867E-02 71 -8.80763121E-03
 165846 1 8 0.00000000E+00 46 0.633466959 42 0.173221782 53 0.153514162 55 2.23149583E-02 75 4.43074033E-02 72 -1.04114809E-03 56 -1.62868593E-02 71 -9.49728303E-03
 165847 1 8 0.00000000E+00 46 0.603125632 42 0.187027469 53 0.165709212 55 2.18314342E-02 75 5.04210591E-02 72 -3.40627244E-04 56 -1.76074803E-02 71 -1.01667047E-02
 165848 1 8 0.00000000E+00 46 0.573859870 42 0.199636593 53 0.177628309 55 2.12046206E-02 75 5.68952858E-02 72 4.97386383E-04 56 -1.89057272E-02 71 -1.08163152E-02
 165849 1 8 0.00000000E+00 46 0.545683205 42 0.211051002 53 0.189242527 55 2.04407033E-02 75 6.37305751E-02 72 1.47806504E-03 56 -2.01793425E-02 71 -1.14467703E-02
 165850 1 8 0.00000000E+00 46 0.518597722 42 0.221283868 53 0.200522020 75 7.09262639E-02 55 1.95476376E-02 72 2.60714022E-03 56 -2.14262754E-02 71 -1.20583465E-02
 166548 1 8 0.00000000E+00 46 0.636662424 42 0.154712915 53 0.164761409 55 2.86021996E-02 75 4.39996682E-02 72 -1.67193089E-03 56 -1.71259250E-02 71 -9.94078256E-03
 166549 1 8 0.00000000E+00 46 0.606937051 42 0.168115735 53 0.177154779 55 2.78033465E-02 75 4.99543920E-02 72 -9.30573500E-04 56 -1.84422657E-02 71 -1.05924718E-02
 166550 1 8 0.00000000E+00 46 0.578141510 42 0.180446923 53 0.189292848 55 2.68767476E-02 75 5.62559739E-02 72 -4.76436289E-05 56 -1.97390150E-02 71 -1.12273181E-02
 166551 1 8 0.00000000E+00 46 0.550312579 42 0.191692561 53 0.201140523 55 2.58249976E-02 75 6.29050061E-02 72 9.83444974E-04 56 -2.10131258E-02 71 -1.18459472E-02
 166552 1 8 0.00000000E+00 46 0.523471653 42 0.201851770 53 0.212663844 55 2.46534776E-02 75 6.99010268E-02 72 2.16935994E-03 56 -2.22627595E-02 71 -1.24483807E-02
 167250 1 8 0.00000000E+00 46 0.637149811 42 0.138140619 53 0.176410675 55 3.54717113E-02 75 4.35520336E-02 72 -2.38250894E-03 56 -1.79667659E-02 71 -1.03755528E-02
 167251 1 8 0.00000000E+00 46 0.608233988 42 0.151012197 53 0.188980788 55 3.43136042E-02 75 4.93400618E-02 72 -1.60144421E-03 56 -1.92741267E-02 71 -1.10050784E-02
 167252 1 8 0.00000000E+00 46 0.580084860 42 0.162946030 53 0.201320976 55 3.30469906E-02 75 5.54623380E-02 72 -6.74867537E-04 56 -2.05649696E-02 71 -1.16213439E-02
 167253 1 8 0.00000000E+00 46 0.552765131 42 0.173910841 53 0.213390023 55 3.16703320E-02 75 6.19192831E-02 72 4.05025377E-04 56 -2.18359623E-02 71 -1.22246565E-02
 167254 1 8 0.00000000E+00 46 0.526316404 42 0.183891609 53 0.225148901 55 3.01855952E-02 75 6.87109679E-02 72 1.64555304E-03 56 -2.30847150E-02 71 -1.28143197E-02
 167952 1 8 0.00000000E+00 46 0.635184884 42 0.123338856 53 0.188396096 55 4.28793877E-02 75 4.29670028E-02 72 -3.17118270E-03 56 -1.88006703E-02 71 -1.07943714E-02
 167953 1 8 0.00000000E+00 46 0.607219815 42 0.135585040 53 0.201131538 55 4.13278863E-02 75 4.85817343E-02 72 -2.35317252E-03 56 -2.00945586E-02 71 -1.13982987E-02
 167954 1 8 0.00000000E+00 46 0.579853833 42 0.147028401 53 0.213664904 55 3.96879278E-02 75 5.45185655E-02 72 -1.38545060E-03 56 -2.13757176E-02 71 -1.19924489E-02
 167955 1 8 0.00000000E+00 46 0.553173363 42 0.157621428 53 0.225949392 55 3.79543640E-02 75 6.07781783E-02 72 -2.59517576E-04 56 -2.26405691E-02 71 -1.25766555E-02
 167956 1 8 0.00000000E+00 46 0.527239799 42 0.167335778 53 0.237940878 55 3.61263826E-02 75 6.73605129E-02 72 1.03317085E-03 56 -2.38853954E-02 71 -1.31511157E-02
 168654 1 8 0.00000000E+00 46 0.631042600 42 0.110128880 53 0.200646937 55 5.07775992E-02 72 -4.03619744E-03 75 4.22477089E-02 56 -1.96177941E-02 71 -1.11897290E-02
 168655 1 8 0.00000000E+00 46 0.604119003 42 0.121688910 53 0.213545918 55 4.88077849E-02 72 -3.18468828E-03 75 4.76829708E-02 56 -2.08954476E-02 71 -1.17644472E-02
 168656 1 8 0.00000000E+00 46 0.577632666 42 0.132575080 53 0.226271465 55 4.67686318E-02 75 5.34289256E-02 72 -2.17940263E-03 56 -2.21638680E-02 71 -1.23334788E-02
 168657 1 8 0.00000000E+00 46 0.551689148 42 0.142727286 53 0.238771781 55 4.46522050E-02 75 5.94860688E-02 72 -1.01097859E-03 56 -2.34192889E-02 71 -1.28962388E-02
 168658 1 8 0.00000000E+00 46 0.526367843 42 0.152104646 53 0.250998497 55 4.24548425E-02 75 6.58545569E-02 72 3.29814735E-04 56 -2.46577132E-02 71 -1.34525076E-02
 169356 1 8 0.00000000E+00 46 0.624996662 42 9.83336568E-02 53 0.213090032 55 5.91190979E-02 72 -4.97481925E-03 75 4.13970239E-02 71 -1.15529327E-02 56 -2.04086900E-02
 169357 1 8 0.00000000E+00 46 0.599161267 42 0.109175026 53 0.226159722 55 5.67145757E-02 72 -4.09438135E-03 75 4.66477759E-02 56 -2.16679126E-02 71 -1.20960800E-02
 169358 1 8 0.00000000E+00 46 0.573613822 42 0.119462125 53 0.239083752 55 5.42571209E-02 72 -3.05632874E-03 75 5.21979667E-02 56 -2.29214933E-02 71 -1.26369502E-02
 169359 1 8 0.00000000E+00 46 0.548474908 42 0.129124269 53 0.251806885 55 5.17368428E-02 72 -1.85049023E-03 75 5.80481850E-02 56 -2.41650045E-02 71 -1.31755648E-02
 169360 1 8 0.00000000E+00 46 0.523837268 42 0.138111502 53 0.264275908 55 4.91487719E-02 72 -4.66381171E-04 75 6.41986355E-02 56 -2.53940895E-02 71 -1.37116425E-02
 170059 1 8 0.00000000E+00 46 0.592571080 42 9.78985578E-02 53 0.238907993 55 6.50105625E-02 72 -5.08090109E-03 56 -2.24028919E-02 71 -1.23850992E-02 75 4.54806946E-02
 170060 1 8 0.00000000E+00 46 0.567990780 42 0.107564755 53 0.252043098 55 6.21215552E-02 72 -4.01569903E-03 75 5.08308113E-02 56 -2.36394517E-02 71 -1.28958737E-02
 170061 1 8 0.00000000E+00 46 0.543696225 42 0.116706245 53 0.265000850 55 5.91817349E-02 72 -2.77797575E-03 75 5.64699695E-02 56 -2.48687770E-02 71 -1.34082595E-02
 170062 1 8 0.00000000E+00 46 0.519790471 42 0.125265941 53 0.277724922 55 5.61850369E-02 72 -1.35633443E-03 75 6.23984523E-02 56 -2.60869879E-02 71 -1.39215030E-02
 170761 1 8 0.00000000E+00 46 0.584559441 42 8.77233148E-02 53 0.251726151 55 7.36617446E-02 72 -6.14205142E-03 56 -2.30914783E-02 71 -1.26239704E-02 75 4.41868342E-02
 170762 1 8 0.00000000E+00 46 0.560949266 42 9.67638046E-02 53 0.265089542 55 7.03320056E-02 72 -5.05620381E-03 56 -2.43092161E-02 71 -1.31023005E-02 75 4.93331030E-02
 170763 1 8 0.00000000E+00 46 0.537516415 42 0.105369069 53 0.278298318 55 6.69604912E-02 72 -3.79306194E-03 56 -2.55230553E-02 75 5.47574610E-02 71 -1.35856643E-02
 170764 1 8 0.00000000E+00 46 0.514369965 42 0.113477655 53 0.291294307 55 6.35412410E-02 72 -2.34056474E-03 75 6.04601875E-02 56 -2.67283041E-02 71 -1.40744941E-02
 171463 1 8 0.00000000E+00 46 0.575320482 42 7.85244852E-02 53 0.264550894 55 8.26374739E-02 72 -7.27540487E-03 71 -1.28046675E-02 56 -2.37251371E-02 75 4.27718572E-02
 171464 1 8 0.00000000E+00 46 0.552663922 42 8.69472846E-02 53 0.278163195 55 7.88614079E-02 72 -6.17590966E-03 56 -2.49227118E-02 71 -1.32481735E-02 75 4.77109738E-02
 171465 1 8 0.00000000E+00 46 0.530091405 42 9.50131342E-02 53 0.291643590 55 7.50493258E-02 72 -4.89516929E-03 56 -2.61188019E-02 71 -1.37007404E-02 75 5.29172421E-02
 171466 1 8 0.00000000E+00 46 0.507714748 53 0.304931343 42 0.102658495 55 7.11957291E-02 72 -3.41951288E-03 56 -2.73098126E-02 71 -1.41621875E-02 75 5.83911687E-02
 172166 1 8 0.00000000E+00 46 0.543295264 53 0.291204244 42 7.80128539E-02 55 8.76860619E-02 72 -7.37315463E-03 56 -2.54707579E-02 71 -1.33260386E-02 75 4.59715016E-02
 172167 1 8 0.00000000E+00 46 0.521568000 53 0.304978788 42 8.55453834E-02 55 8.34266022E-02 72 -6.08253293E-03 56 -2.66480390E-02 71 -1.37449214E-02 75 5.09567112E-02
 172168 1 8 0.00000000E+00 46 0.499957621 53 0.318581611 42 9.27250385E-02 55 7.91292042E-02 72 -4.59243543E-03 56 -2.78222244E-02 71 -1.41774938E-02 75 5.61986901E-02
 172169 1 8 0.00000000E+00 46 0.478559047 53 0.331950337 42 9.95006710E-02 55 7.47929364E-02 72 -2.88822805E-03 56 -2.89896019E-02 71 -1.46233309E-02 75 6.16981685E-02
 172170 1 8 0.00000000E+00 46 0.457452327 53 0.345022321 42 0.105832398 55 7.04210326E-02 72 -9.54605115E-04 56 -3.01459655E-02 71 -1.50831109E-02 75 6.74555823E-02
 172868 1 8 0.00000000E+00 46 0.532989442 53 0.304152995 42 6.98676407E-02 55 9.67848152E-02 72 -8.64514522E-03 71 -1.33267706E-02 56 -2.59452444E-02 75 4.41222303E-02
 172869 1 8 0.00000000E+00 46 0.512081742 53 0.318246275 42 7.68801719E-02 55 9.20732245E-02 72 -7.35354796E-03 56 -2.71016322E-02 71 -1.37099847E-02 75 4.88837324E-02
 172870 1 8 0.00000000E+00 46 0.491223484 53 0.332188874 42 8.35987926E-02 55 8.73242915E-02 72 -5.85795986E-03 56 -2.82575432E-02 71 -1.41109601E-02 75 5.38910218E-02
 172871 1 8 0.00000000E+00 46 0.470510066 53 0.345916659 42 8.99716690E-02 55 8.25386271E-02 72 -4.14240127E-03 56 -2.94095669E-02 71 -1.45301223E-02 75 5.91450594E-02
 172872 1 8 0.00000000E+00 46 0.450022608 53 0.359365046 42 9.59579349E-02 55 7.77201504E-02 72 -2.19126628E-03 56 -3.05528641E-02 71 -1.49682770E-02 75 6.46466613E-02
 172873 1 8 0.00000000E+00 46 0.429830372 53 0.372467279 42 0.101526037 55 7.28755817E-02 72 1.21872508E-05 56 -3.16832848E-02 71 -1.54248327E-02 75 7.03966841E-02
 173570 1 8 0.00000000E+00 46 0.521877527 53 0.316949487 42 6.24290779E-02 55 0.106141381 71 -1.32429115E-02 72 -9.98804998E-03 56 -2.63377894E-02 75 4.21712622E-02
 173571 1 8 0.00000000E+00 46 0.501756668 53 0.331386775 42 6.89398572E-02 55 0.100973189 72 -8.70497711E-03 56 -2.74711698E-02 71 -1.35871852E-02 75 4.67068255E-02
 173572 1 8 0.00000000E+00 46 0.481628954 53 0.345695317 42 7.52071813E-02 55 9.57659483E-02 72 -7.21396180E-03 56 -2.86065601E-02 71 -1.39541244E-02 75 5.14772423E-02
 173573 1 8 0.00000000E+00 46 0.461587459 53 0.359809697 42 8.11807811E-02 55 9.05215219E-02 72 -5.49794454E-03 56 -2.97409724E-02 71 -1.43439295E-02 75 5.64833917E-02
 173574 1 8 0.00000000E+00 46 0.441714019 53 0.373662978 42 8.68188515E-02 55 8.52451771E-02 72 -3.53978365E-03 56 -3.08697466E-02 71 -1.47579806E-02 75 6.17264882E-02
 173575 1 8 0.00000000E+00 46 0.422079384 53 0.387186289 42 9.20885056E-02 55 7.99449906E-02 72 -1.32173917E-03 56 -3.19883376E-02 71 -1.51966065E-02 75 6.72074929E-02
 173576 1 8 0.00000000E+00 46 0.402744681 53 0.400308132 42 9.69645232E-02 55 7.46318027E-02 72 1.17487041E-03 56 -3.30921635E-02 71 -1.56593435E-02 75 7.29275197E-02
 174272 1 8 0.00000000E+00 46 0.510076046 53 0.329533577 42 5.56245856E-02 55 0.115741789 71 -1.30652934E-02 56 -2.66400538E-02 72 -1.13979606E-02 75 4.01273370E-02
 174273 1 8 0.00000000E+00 46 0.490705192 53 0.344340086 42 6.16546832E-02 55 0.110113531 72 -1.01330504E-02 56 -2.77478956E-02 71 -1.33676883E-02 75 4.44351621E-02
 174274 1 8 0.00000000E+00 46 0.471280456 53 0.359041274 42 6.74848929E-02 55 0.104441524 72 -8.65695160E-03 56 -2.88609136E-02 71 -1.36968913E-02 75 4.89666089E-02
 174275 1 8 0.00000000E+00 46 0.451892465 53 0.373570412 42 7.30661303E-02 55 9.87298861E-02 72 -6.95144944E-03 56 -2.99748909E-02 71 -1.40553210E-02 75 5.37227616E-02
 174276 1 8 0.00000000E+00 46 0.432621509 53 0.387859106 42 7.83576518E-02 55 9.29851905E-02 72 -4.99829091E-03 56 -3.10868267E-02 71 -1.44432364E-02 75 5.87049238E-02
 174277 1 8 0.00000000E+00 46 0.413538605 53 0.401835352 42 8.33260119E-02 55 8.72170031E-02 72 -2.77851359E-03 56 -3.21915224E-02 71 -1.48615828E-02 75 6.39146343E-02
 174278 1 8 0.00000000E+00 46 0.394706279 53 0.415424854 42 8.79448205E-02 55 8.14374760E-02 72 -2.71307596E-04 56 -3.32843885E-02 71 -1.53106377E-02 75 6.93528876E-02
 174977 1 8 0.00000000E+00 46 0.441518754 53 0.387137175 42 6.55715615E-02 55 0.107153989 72 -8.49985890E-03 56 -3.01017258E-02 71 -1.36537179E-02 75 5.08738272E-02
 174978 1 8 0.00000000E+00 46 0.422833472 53 0.401891917 42 7.05219433E-02 55 0.100930616 72 -6.56429166E-03 56 -3.11939847E-02 71 -1.40127745E-02 75 5.55930808E-02
 174979 1 8 0.00000000E+00 46 0.404291779 53 0.416354954 42 7.51893222E-02 55 9.46824104E-02 72 -4.35598101E-03 56 -3.22824493E-02 71 -1.44091109E-02 75 6.05290830E-02
 174980 1 8 0.00000000E+00 53 0.430448711 46 0.385956079 42 7.95472786E-02 55 8.84229094E-02 72 -1.85289036E-03 56 -3.33620682E-02 71 -1.48433028E-02 75 6.56832978E-02
 175681 1 8 0.00000000E+00 53 0.430680513 46 0.394418180 42 6.76328540E-02 55 0.102333762 72 -6.05093874E-03 56 -3.22494172E-02 71 -1.38278315E-02 75 5.70628569E-02
 175682 1 8 0.00000000E+00 53 0.445316374 46 0.376568973 42 7.17294514E-02 55 9.55806151E-02 72 -3.56711121E-03 56 -3.33138742E-02 71 -1.42450659E-02 75 6.19306229E-02
 175683 1 8 0.00000000E+00 53 0.459518164 46 0.358942538 42 7.55311474E-02 55 8.88327584E-02 72 -7.57450471E-04 56 -3.43677327E-02 71 -1.47074843E-02 75 6.70080706E-02
 176383 1 8 0.00000000E+00 53 0.444742054 46 0.383993536 42 6.06139041E-02 55 0.110165976 72 -7.85715505E-03 56 -3.20813805E-02 71 -1.31053030E-02 75 5.35283536E-02
 176384 1 8 0.00000000E+00 53 0.459958106 46 0.366616935 42 6.44515455E-02 55 0.102905408 72 -5.40939439E-03 56 -3.31270099E-02 71 -1.35035282E-02 75 5.81079349E-02
 176385 1 8 0.00000000E+00 53 0.474761784 46 0.349427670 42 6.80262223E-02 55 9.56487432E-02 72 -2.62842374E-03 56 -3.41665857E-02 71 -1.39558436E-02 75 6.28864467E-02
 176386 1 8 0.00000000E+00 53 0.489057571 46 0.332477391 42 7.13213310E-02 55 8.84179398E-02 72 5.13974053E-04 56 -3.51937152E-02 71 -1.44609846E-02 75 6.78665042E-02
 177085 1 8 0.00000000E+00 53 0.458464026 46 0.373088390 42 5.40941544E-02 55 0.118175209 72 -9.76744387E-03 56 -3.17660496E-02 71 -1.22273406E-02 75 4.99390550E-02
 177086 1 8 0.00000000E+00 53 0.474298269 46 0.356169075 42 5.76764457E-02 55 0.110393338 72 -7.37276906E-03 56 -3.27888206E-02 71 -1.26044704E-02 75 5.42289540E-02
 177087 1 8 0.00000000E+00 53 0.489746779 46 0.339404166 42 6.10252433E-02 55 0.102612332 72 -4.63923020E-03 56 -3.38105597E-02 71 -1.30451536E-02 75 5.87064438E-02
 177088 1 8 0.00000000E+00 53 0.504710019 46 0.322845936 42 6.41232356E-02 55 9.48563293E-02 72 -1.53657643E-03 56 -3.48250084E-02 71 -1.35487700E-02 75 6.33748323E-02
 177788 1 8 0.00000000E+00 53 0.488253295 46 0.345290869 55 0.118042573 42 5.13705984E-02 72 -9.44786705E-03 56 -3.22849490E-02 71 -1.15327789E-02 75 5.03082797E-02
 177789 1 8 0.00000000E+00 53 0.504389584 46 0.328935891 55 0.109721489 42 5.44958003E-02 72 -6.78141974E-03 56 -3.32846120E-02 71 -1.19601563E-02 75 5.44834547E-02
 177790 1 8 0.00000000E+00 53 0.520069361 46 0.312757581 42 5.73965125E-02 55 0.101422980 72 -3.74014932E-03 56 -3.42824720E-02 71 -1.24618504E-02 75 5.88380359E-02
 178491 1 8 0.00000000E+00 53 0.518596649 46 0.318084717 55 0.116976425 42 4.84084077E-02 72 -9.04285070E-03 56 -3.25725414E-02 71 -1.06839631E-02 75 5.02331853E-02
 178492 1 8 0.00000000E+00 53 0.535041988 46 0.302272439 55 0.108117364 42 5.11129573E-02 72 -6.08565845E-03 56 -3.35494876E-02 71 -1.11823026E-02 75 5.42726777E-02
 178493 1 8 0.00000000E+00 53 0.550948203 46 0.286658019 55 9.93079394E-02 42 5.36034927E-02 72 -2.71213311E-03 56 -3.45237814E-02 71 -1.17659504E-02 75 5.84842004E-02
 179193 1 8 0.00000000E+00 53 0.532264233 46 0.306911439 55 0.124378569 42 4.27356064E-02 56 -3.16564068E-02 72 -1.14081297E-02 71 -9.19783209E-03 75 4.59725037E-02
 179194 1 8 0.00000000E+00 53 0.549521804 46 0.291450232 55 0.114941299 42 4.52466346E-02 56 -3.26068252E-02 72 -8.55794828E-03 71 -9.69134085E-03 75 4.96961512E-02
 179195 1 8 0.00000000E+00 53 0.566282034 46 0.276160151 55 0.105549842 72 -5.28894318E-03 56 -3.35624181E-02 42 4.75648530E-02 71 -1.02849472E-02 75 5.35794422E-02
 179895 1 8 0.00000000E+00 53 0.545277536 46 0.295475036 55 0.131932467 56 -3.05173360E-02 71 -7.48205930E-03 72 -1.38578173E-02 42 3.74529064E-02 75 4.17192690E-02
 179896 1 8 0.00000000E+00 53 0.563389421 46 0.280350149 55 0.121898539 56 -3.14334109E-02 72 -1.11373803E-02 71 -7.96787068E-03 42 3.97736803E-02 75 4.51268479E-02
 179897 1 8 0.00000000E+00 53 0.581057549 46 0.265369654 55 0.111905426 56 -3.23646516E-02 72 -7.99915101E-03 71 -8.57083220E-03 42 4.19210196E-02 75 4.86810058E-02
 180598 1 8 0.00000000E+00 53 0.576511204 46 0.269030333 55 0.128996164 56 -3.00059915E-02 72 -1.37993991E-02 71 -5.98978763E-03 42 3.46728116E-02 75 4.05846685E-02
 180599 1 8 0.00000000E+00 53 0.595134854 46 0.254345626 55 0.118381023 56 -3.09043620E-02 72 -1.08179301E-02 71 -6.60021650E-03 42 3.66512239E-02 75 4.38098125E-02
 181300 1 8 0.00000000E+00 53 0.588737309 46 0.257550210 55 0.136242509 56 -2.83001177E-02 71 -3.73076671E-03 72 -1.65139288E-02 42 2.99241226E-02 75 3.60906906E-02
 181301 1 8 0.00000000E+00 53 0.608355939 46 0.243147761 55 0.124986380 56 -2.91537233E-02 72 -1.37142194E-02 71 -4.34690760E-03 42 3.17368358E-02 75 3.89879197E-02
 181302 1 8 0.00000000E+00 53 0.627528250 46 0.228884041 55 0.113796785 56 -3.00398190E-02 72 -1.04600266E-02 71 -5.11733675E-03 42 3.33988369E-02 75 4.20092866E-02
 182004 1 8 0.00000000E+00 53 0.640831888 46 0.217816114 55 0.119875029 56 -2.79250629E-02 72 -1.36124231E-02 71 -2.57893954E-03 42 2.86746826E-02 75 3.69186923E-02
 182005 1 8 0.00000000E+00 53 0.660597384 46 0.203952804 55 0.108122312 56 -2.88067851E-02 72 -1.00751221E-02 71 -3.54998722E-03 42 3.00447550E-02 75 3.97146270E-02
 182707 1 8 0.00000000E+00 53 0.673954248 46 0.193025962 55 0.113640808 56 -2.62799170E-02 72 -1.35052446E-02 71 -7.18820025E-04 42 2.55135447E-02 75 3.43694426E-02
 182708 1 8 0.00000000E+00 53 0.694369614 46 0.179540202 55 0.101340301 56 -2.71711070E-02 72 -9.67629906E-03 71 -1.93499739E-03 42 2.66141631E-02 75 3.69181260E-02
 183410 1 8 0.00000000E+00 53 0.707730532 55 0.106270730 56 -2.41742134E-02 46 0.168770373 72 -1.34032881E-02 71 1.19269127E-03 42 2.22778022E-02 75 3.13354023E-02
 184112 1 8 0.00000000E+00 53 0.719362080 55 0.111356542 56 -2.06550378E-02 72 -1.70593914E-02 71 4.74521797E-03 46 0.158072785 42 1.82513148E-02 75 2.59264614E-02
 184814 1 8 0.00000000E+00 53 0.728869796 56 -1.65394768E-02 55 0.116639771 71 8.77244771E-03 72 -2.05407925E-02 46 0.147537261 42 1.45291835E-02 75 2.07317881E-02
 185516 1 8 0.00000000E+00 53 0.735826969 56 -1.17493803E-02 55 0.122165814 71 1.33294249E-02 72 -2.37329006E-02 46 0.137257874 42 1.11079458E-02 75 1.57942511E-02
 186218 1 8 0.00000000E+00 53 0.738684297 56 -3.29680834E-03 55 0.134803444 71 3.14901359E-02 72 -1.93794239E-02 46 0.127875194 42 1.31886369E-02 70 -2.33654641E-02
 186920 1 8 0.00000000E+00 53 0.738453150 56 3.38322273E-03 55 0.141314596 71 3.79759967E-02 72 -2.36149207E-02 46 0.118271902 42 8.83555319E-03 70 -2.46195141E-02
 187622 1 8 0.00000000E+00 53 0.734575629 56 1.09371003E-02 55 0.148233876 71 4.52839397E-02 72 -2.70544961E-02 46 0.109190568 42 4.92008729E-03 70 -2.60867123E-02
 188324 1 8 0.00000000E+00 53 0.726894259 56 1.93711501E-02 55 0.155558273 71 5.34676723E-02 72 -2.96438783E-02 46 0.100679718 70 -2.77703200E-02 42 1.44313229E-03
 188325 1 8 0.00000000E+00 53 0.755664885 56 1.99539512E-02 55 0.137104884 71 4.99980412E-02 72 -2.76210085E-02 46 8.89015123E-02 70 -2.55561098E-02 42 1.55386771E-03
 189027 1 8 0.00000000E+00 53 0.742024243 56 3.56751457E-02 71 5.92804290E-02 55 0.143606603 72 -2.31275000E-02 46 8.06605071E-02 70 -2.40198337E-02 69 -1.40996072E-02
 189028 1 8 0.00000000E+00 53 0.770577848 56 3.63838337E-02 71 5.50903976E-02 55 0.124889083 72 -2.11337209E-02 46 6.91829547E-02 70 -2.18896512E-02 69 -1.31007200E-02
 189029 1 8 0.00000000E+00 53 0.799476624 56 3.66840176E-02 71 5.02030104E-02 55 0.106382973 72 -1.87916309E-02 46 5.75736277E-02 70 -1.95765272E-02 69 -1.19521078E-02
 189030 1 8 0.00000000E+00 53 0.828550875 56 3.65365706E-02 71 4.46642041E-02 72 -1.60170570E-02 55 8.81469026E-02 46 4.58690189E-02 69 -1.06565328E-02 70 -1.70940049E-02
 189031 1 8 0.00000000E+00 53 0.857460678 56 3.59415375E-02 71 3.85447964E-02 72 -1.26611637E-02 55 7.02664703E-02 46 3.41425464E-02 69 -9.22778528E-03 70 -1.44670699E-02
 189032 1 8 0.00000000E+00 53 0.885446310 56 3.49980816E-02 72 -8.41478538E-03 71 3.19678634E-02 55 5.28992675E-02 46 2.25573089E-02 69 -7.70635018E-03 70 -1.17476936E-02
 189732 1 8 0.00000000E+00 53 0.805875540 56 5.18529750E-02 71 5.48604392E-02 72 -1.49108144E-02 55 9.51392427E-02 46 3.89249921E-02 69 -1.23033673E-02 70 -1.94390379E-02
 189733 1 8 0.00000000E+00 53 0.831283212 56 5.28900512E-02 71 4.87863533E-02 72 -1.04320990E-02 55 7.74085522E-02 46 2.81641576E-02 69 -1.10774366E-02 70 -1.70227978E-02
 189734 1 8 0.00000000E+00 53 0.854346216 56 5.39234057E-02 72 -4.50898474E-03 71 4.23518382E-02 55 6.04839809E-02 46 1.78421307E-02 69 -9.83779971E-03 70 -1.46007948E-02
 189735 1 8 0.00000000E+00 53 0.872692227 56 5.54368235E-02 72 3.78293730E-03 71 3.58640216E-02 55 4.48107868E-02 46 8.46699253E-03 69 -8.72430112E-03 70 -1.23295048E-02
 190437 1 8 0.00000000E+00 53 0.831653416 56 7.79030398E-02 72 1.05507206E-02 71 4.72810380E-02 55 5.33473380E-02 46 6.26905542E-03 69 -1.13043776E-02 70 -1.57002285E-02
 191139 1 8 0.00000000E+00 53 0.789646208 56 0.100929745 71 5.92416413E-02 72 1.69474073E-02 55 6.15914539E-02 46 4.48113680E-03 69 -1.38114188E-02 70 -1.90261528E-02
 191841 1 8 0.00000000E+00 53 0.747553110 56 0.124269262 71 7.16909841E-02 72 2.26422437E-02 55 6.93484992E-02 69 -1.61927640E-02 46 2.92914757E-03 70 -2.22404934E-02
 192543 1 8 0.00000000E+00 53 0.705778182 56 0.147784635 71 8.46261755E-02 72 2.74916030E-02 55 7.65101910E-02 69 -1.84254833E-02 70 -2.53059026E-02 46 1.54061720E-03
 193245 1 8 0.00000000E+00 53 0.664531648 56 0.171375737 71 9.80705544E-02 72 3.14323157E-02 55 8.30023214E-02 69 -2.04996914E-02 70 -2.81967763E-02 46 2.83893314E-04
 193946 1 8 0.00000000E+00 53 0.621630728 56 0.183014005 71 0.120628029 72 2.21834276E-02 55 0.103836574 69 -2.28518210E-02 70 -3.22449207E-02 46 3.80394957E-03
 193947 1 8 0.00000000E+00 53 0.623935521 56 0.194952697 71 0.112061553 72 3.44418362E-02 55 8.87659341E-02 69 -2.24111341E-02 70 -3.08918580E-02 46 -8.54530605E-04
 194648 1 8 0.00000000E+00 53 0.582766712 56 0.204746976 71 0.136017054 72 2.44347677E-02 55 0.108965844 70 -3.46754529E-02 69 -2.46001184E-02 46 2.34418525E-03
 195350 1 8 0.00000000E+00 53 0.544520736 56 0.226165682 71 0.152183920 55 0.113272227 72 2.58981641E-02 70 -3.68825868E-02 69 -2.61914339E-02 46 1.03330496E-03
 195351 1 8 0.00000000E+00 53 0.544981718 56 0.241681099 71 0.141888604 72 3.76903899E-02 55 9.79068130E-02 69 -2.57385895E-02 70 -3.56195793E-02 46 -2.79042777E-03
 196053 1 8 0.00000000E+00 53 0.506720424 56 0.264609843 71 0.157849312 72 3.79797295E-02 55 0.101193018 70 -3.76141965E-02 69 -2.71517988E-02 46 -3.58635327E-03
 196755 1 8 0.00000000E+00 53 0.469319195 56 0.287066579 71 0.174609542 72 3.74334976E-02 55 0.103566699 70 -3.93374525E-02 69 -2.83935517E-02 46 -4.26450046E-03
 197457 1 8 0.00000000E+00 53 0.430248708 56 0.309234738 71 0.192557126 55 0.103138112 72 3.56777832E-02 70 -3.89767885E-02 69 -1.91075429E-02 59 -1.27721131E-02
 197458 1 8 0.00000000E+00 53 0.425488532 56 0.331179529 71 0.177624494 72 4.70533296E-02 55 8.77948552E-02 69 -1.82143077E-02 70 -3.77889350E-02 59 -1.31375026E-02
 198160 1 8 0.00000000E+00 56 0.354676008 53 0.389514506 71 0.194557518 72 4.42186669E-02 55 8.81390646E-02 70 -3.88790444E-02 69 -1.89590044E-02 59 -1.32676912E-02
 198862 1 8 0.00000000E+00 56 0.377305478 53 0.354581296 71 0.212386534 72 4.06853147E-02 55 8.75578597E-02 70 -3.96392383E-02 69 -1.96281914E-02 59 -1.32490518E-02
 199564 1 8 0.00000000E+00 56 0.398789406 71 0.231229335 53 0.320725769 55 8.60286504E-02 72 3.65473852E-02 70 -4.00413387E-02 69 -2.02022605E-02 59 -1.30769135E-02
 199565 1 8 0.00000000E+00 56 0.428517967 71 0.209001631 53 0.314100087 72 4.66716625E-02 55 7.25674108E-02 69 -1.89555287E-02 70 -3.85874175E-02 59 -1.33158006E-02
 199566 1 8 0.00000000E+00 56 0.457283229 71 0.185830414 53 0.306142628 72 5.80664873E-02 55 6.05021231E-02 69 -1.72564238E-02 70 -3.70030031E-02 59 -1.35654621E-02
 200268 1 8 0.00000000E+00 56 0.484129757 71 0.200352430 53 0.273451775 72 5.12146391E-02 55 5.85964583E-02 69 -1.77785400E-02 70 -3.68468575E-02 59 -1.31196873E-02
 200970 1 8 0.00000000E+00 56 0.509767354 71 0.215559557 53 0.241875499 72 4.38551828E-02 55 5.58808148E-02 69 -1.82160214E-02 70 -3.62316854E-02 59 -1.24906935E-02
 200971 1 8 0.00000000E+00 56 0.544336736 71 0.185802698 53 0.233022884 72 5.40324338E-02 55 4.58148234E-02 69 -1.60265211E-02 70 -3.43423709E-02 59 -1.26406495E-02
 201673 1 8 0.00000000E+00 56 0.572711945 71 0.198188469 53 0.202701449 72 4.49079908E-02 55 4.27811407E-02 69 -1.64476801E-02 70 -3.30944210E-02 59 -1.17488950E-02
 202375 1 8 0.00000000E+00 56 0.599147499 71 0.211237848 53 0.173613206 72 3.55401784E-02 55 3.90582532E-02 69 -1.66920274E-02 70 -3.12523618E-02 59 -1.06526036E-02
 202376 1 8 0.00000000E+00 56 0.640894234 71 0.173721611 53 0.164089367 72 4.39161696E-02 55 3.12216636E-02 69 -1.40961939E-02 70 -2.90694218E-02 59 -1.06773963E-02
 203078 1 8 0.00000000E+00 56 0.670307159 71 0.183087021 53 0.136322111 72 3.28366384E-02 55 2.75009722E-02 69 -1.43481502E-02 70 -2.64321342E-02 59 -9.27363336E-03
 203780 1 8 0.00000000E+00 56 0.695884049 71 0.193561286 53 0.110092156 72 2.20056456E-02 55 2.32334137E-02 69 -1.41200060E-02 70 -2.30081771E-02 59 -7.64838280E-03
 203781 1 8 0.00000000E+00 56 0.747228026 71 0.146948665 53 9.98074785E-02 72 2.78668944E-02 55 1.77853703E-02 69 -1.14508979E-02 70 -2.06755903E-02 59 -7.50993891E-03
 203782 1 8 0.00000000E+00 56 0.792713940 71 0.102843210 53 8.94529894E-02 72 3.51930298E-02 69 -7.42151402E-03 55 1.31000988E-02 70 -1.84327215E-02 59 -7.44902249E-03
 204484 1 8 0.00000000E+00 56 0.829849243 71 0.102913767 53 6.42037764E-02 72 2.05073282E-02 69 -7.99499825E-03 55 9.93219484E-03 70 -1.40803959E-02 59 -5.33089414E-03
 204485 1 8 0.00000000E+00 56 0.874792993 71 5.73370457E-02 53 5.39134108E-02 72 2.74604205E-02 69 -2.82104337E-03 55 6.53998600E-03 70 -1.19770821E-02 59 -5.24571398E-03
 204486 1 8 0.00000000E+00 56 0.897782445 71 2.31967997E-02 53 4.59997915E-02 72 3.84917036E-02 69 6.52245712E-03 55 3.16845090E-03 70 -9.80528630E-03 59 -5.35635510E-03
 205188 1 8 0.00000000E+00 56 0.951718628 71 1.03405267E-02 53 2.09817588E-02 72 1.89519785E-02 69 4.19565616E-03 55 1.28973322E-03 70 -4.81195655E-03 59 -2.66635045E-03
 205189 1 8 0.00000000E+00 56 0.933351755 71 -3.15420725E-03 72 3.64430994E-02 53 1.92246940E-02 69 2.18595080E-02 55 -2.39528343E-03 70 -2.29882495E-03 59 -3.03075509E-03
 205199 1 8 0.00000000E+00 56 0.541234553 72 0.237604335 69 0.251593858 71 -1.04590813E-02 53 4.76802886E-03 59 -1.19389119E-02 70 8.34074803E-03 55 -2.11435407E-02
 205200 1 8 0.00000000E+00 56 0.505763352 72 0.254254252 69 0.275273800 71 -1.07837860E-02 53 1.76770939E-03 59 -1.30086057E-02 70 7.88887590E-03 55 -2.11556237E-02
 205201 1 8 0.00000000E+00 56 0.471270084 72 0.269910574 69 0.298897177 71 -1.11268461E-02 53 -1.23408518E-03 59 -1.40178036E-02 70 7.23430375E-03 55 -2.09334139E-02
 205202 1 8 0.00000000E+00 56 0.437789083 72 0.284508884 69 0.322388887 71 -1.14928223E-02 53 -4.16863523E-03 59 -1.49230408E-02 70 6.39775489E-03 55 -2.05001105E-02
 205891 1 8 0.00000000E+00 56 0.948696077 71 1.59032037E-03 72 2.26428211E-02 53 1.58555014E-03 69 2.66986284E-02 70 4.12956439E-03 55 -5.19074779E-03 59 -1.52239852E-04
 205892 1 8 0.00000000E+00 56 0.904474437 71 9.70654422E-04 72 4.37473543E-02 53 3.75632849E-03 69 4.99554351E-02 70 6.59538433E-03 55 -8.82018637E-03 59 -6.79428631E-04
 205893 1 8 0.00000000E+00 56 0.861039340 71 2.92147422E-04 72 6.46495074E-02 69 7.34096617E-02 53 5.17933350E-03 70 8.66102707E-03 55 -1.19368574E-02 59 -1.29417062E-03
 205894 1 8 0.00000000E+00 56 0.818454504 71 -4.45051643E-04 72 8.52667242E-02 69 9.70509946E-02 53 5.90958493E-03 70 1.03390832E-02 59 -2.00013211E-03 55 -1.45757161E-02
 205896 1 8 0.00000000E+00 56 0.735848784 71 -2.00671051E-03 72 0.125347555 69 0.144887835 53 5.56953298E-03 59 -3.69093474E-03 70 1.25999451E-02 55 -1.85560267E-02
 205897 1 8 0.00000000E+00 56 0.695829928 71 -2.79765180E-03 72 0.144658104 69 0.169075042 53 4.64682048E-03 59 -4.67232568E-03 70 1.32202758E-02 55 -1.99602041E-02
 205898 1 8 0.00000000E+00 56 0.656672955 72 0.163377687 71 -3.58022517E-03 69 0.193429619 53 3.32385837E-03 59 -5.73771307E-03 70 1.35270888E-02 55 -2.10132655E-02
 205899 1 8 0.00000000E+00 56 0.618389130 72 0.181427792 69 0.217933729 71 -4.35021985E-03 53 1.67697272E-03 59 -6.87649101E-03 70 1.35415234E-02 55 -2.17424184E-02
 205900 1 8 0.00000000E+00 56 0.580993652 72 0.198730826 69 0.242562041 71 -5.10571757E-03 53 -2.17703331E-04 59 -8.07383098E-03 70 1.32843507E-02 55 -2.21736021E-02
 205901 1 8 0.00000000E+00 56 0.544504881 69 0.267278820 72 0.215213239 71 -5.84691530E-03 53 -2.28632358E-03 59 -9.30910837E-03 70 1.27772456E-02 55 -2.23318357E-02
 205904 1 8 0.00000000E+00 56 0.440725058 69 0.341404229 72 0.259083003 71 -8.01559910E-03 59 -1.29332291E-02 53 -8.83682724E-03 70 9.97588970E-03 55 -2.14025304E-02
 206596 1 8 0.00000000E+00 56 0.811065137 71 1.22936564E-02 72 7.25807697E-02 69 0.107615545 53 -5.12677711E-03 70 1.74109899E-02 59 1.36672531E-03 55 -1.72060728E-02
 206597 1 8 0.00000000E+00 56 0.771380246 71 9.84291174E-03 72 9.14624184E-02 69 0.131851837 53 -4.48877085E-03 59 6.28922600E-04 70 1.84332225E-02 55 -1.91107783E-02
 206598 1 8 0.00000000E+00 56 0.731962085 71 7.73339905E-03 72 0.109988496 69 0.156408399 53 -4.31148149E-03 59 -2.27899465E-04 70 1.90962460E-02 55 -2.06492376E-02
 206606 1 8 0.00000000E+00 56 0.440969378 69 0.360051334 72 0.234702706 71 -3.91026447E-03 59 -1.03947427E-02 53 -1.30523210E-02 70 1.39620360E-02 55 -2.23281272E-02
 206607 1 8 0.00000000E+00 56 0.408424318 69 0.385634124 72 0.246380448 71 -5.03483601E-03 59 -1.17305322E-02 53 -1.45001058E-02 70 1.23561136E-02 55 -2.15295292E-02
 206608 1 8 0.00000000E+00 69 0.410935193 56 0.376863003 72 0.257059276 71 -6.12646900E-03 59 -1.29254153E-02 53 -1.58470813E-02 70 1.06145823E-02 55 -2.05731019E-02
 207310 1 8 0.00000000E+00 69 0.431377113 56 0.374950588 72 0.231945515 59 -1.04250051E-02 71 -2.35705008E-03 53 -1.84901301E-02 70 1.43143982E-02 55 -2.13154014E-02
 208012 1 8 0.00000000E+00 69 0.451071501 56 0.370951593 72 0.207880780 59 -7.21134664E-03 71 1.79369084E-03 53 -2.07997318E-02 70 1.83662437E-02 55 -2.20527239E-02
 208013 1 8 0.00000000E+00 69 0.478459179 56 0.340735734 72 0.215928659 59 -9.03452002E-03 71 -8.43318267E-05 53 -2.10381746E-02 70 1.58002414E-02 55 -2.07667910E-02
 208014 1 8 0.00000000E+00 69 0.505338430 56 0.311408669 72 0.223133236 59 -1.06472122E-02 71 -1.85813312E-03 53 -2.11669747E-02 70 1.31608667E-02 55 -1.93688609E-02
 208716 1 8 0.00000000E+00 69 0.526742637 56 0.306095719 72 0.198477373 59 -7.58309709E-03 71 1.73138862E-03 53 -2.23430563E-02 70 1.67722795E-02 55 -1.98932625E-02
 209418 1 8 0.00000000E+00 69 0.546922803 56 0.299262524 72 0.174866483 59 -3.56405275E-03 71 5.51338401E-03 53 -2.32824869E-02 70 2.06786692E-02 55 -2.03973167E-02
 209419 1 8 0.00000000E+00 69 0.576118886 56 0.271255225 72 0.179733038 59 -6.09871605E-03 71 3.07588442E-03 53 -2.25752275E-02 70 1.71982907E-02 55 -1.87073518E-02
 209420 1 8 0.00000000E+00 69 0.605687976 56 0.244737923 72 0.185118601 59 -5.12036961E-03 71 -7.88580813E-03 53 -2.71631926E-02 70 9.52656846E-03 66 -4.90169646E-03
 210122 1 8 0.00000000E+00 69 0.628095567 56 0.236835167 59 1.98472539E-04 72 0.161390916 71 -4.89673158E-03 53 -2.72072311E-02 70 1.29949329E-02 66 -7.41110696E-03
 210824 1 8 0.00000000E+00 69 0.648598731 56 0.227919936 59 6.90693967E-03 72 0.138759837 71 -1.83102512E-03 53 -2.70842221E-02 70 1.67208035E-02 66 -9.99102369E-03
 211526 1 8 0.00000000E+00 69 0.666559398 56 0.218230054 59 1.53400004E-02 72 0.117331043 71 1.26112823E-03 53 -2.68245693E-02 70 2.07049847E-02 66 -1.26020359E-02
 212228 1 8 0.00000000E+00 69 0.681212962 59 2.59011351E-02 56 0.208034813 72 9.72352773E-02 71 4.32965672E-03 53 -2.64656842E-02 70 2.49488838E-02 66 -1.51970703E-02
 212930 1 8 0.00000000E+00 69 0.691694498 59 3.90459858E-02 56 0.197626173 72 7.86257908E-02 71 7.32754497E-03 70 2.94549335E-02 53 -2.60532852E-02 66 -1.77216306E-02
 213631 1 8 0.00000000E+00 69 0.659017265 59 6.28580898E-02 56 0.212629288 72 6.27365708E-02 71 1.32561428E-02 70 4.01088186E-02 53 -2.85272431E-02 66 -2.20789369E-02
 213632 1 8 0.00000000E+00 69 0.697112620 59 5.52386269E-02 56 0.187305138 72 6.16614521E-02 71 1.02084577E-02 70 3.42263542E-02 53 -2.56356373E-02 66 -2.01170035E-02
 214330 1 8 0.00000000E+00 69 0.546284080 56 0.275120497 59 7.86602348E-02 71 4.32874188E-02 72 4.34099399E-02 70 7.02194348E-02 53 -2.90387031E-02 55 -2.79428549E-02
 214331 1 8 0.00000000E+00 69 0.585436225 56 0.250737190 59 9.28500295E-02 71 2.40405034E-02 72 4.90794852E-02 70 5.84641136E-02 53 -3.40394080E-02 66 -2.65681129E-02
 214332 1 8 0.00000000E+00 69 0.621227324 59 8.80770907E-02 56 0.226537123 72 4.89600897E-02 71 1.98889337E-02 70 5.20345978E-02 53 -3.12328041E-02 66 -2.54923459E-02
 214333 1 8 0.00000000E+00 69 0.658291757 59 8.21239203E-02 56 0.202045903 72 4.81019057E-02 71 1.62028596E-02 70 4.56288233E-02 53 -2.83060446E-02 66 -2.40891073E-02
 215032 1 8 0.00000000E+00 69 0.542100430 56 0.262129873 59 9.72597748E-02 71 4.69664745E-02 72 3.14917937E-02 70 7.75697231E-02 53 -2.90353689E-02 55 -2.84827258E-02
 215734 1 8 0.00000000E+00 69 0.534337819 59 0.117876224 56 0.249394447 71 5.02569079E-02 72 2.08746362E-02 70 8.51947367E-02 53 -2.89419964E-02 55 -2.89927740E-02
 216435 1 8 0.00000000E+00 69 0.493093193 59 0.139477596 56 0.256756008 71 6.00402765E-02 72 1.13714412E-02 70 0.101704188 53 -3.08069456E-02 55 -3.16357389E-02
 216436 1 8 0.00000000E+00 69 0.528210998 59 0.160477340 56 0.236255333 71 3.77367251E-02 72 1.71825625E-02 70 8.76226500E-02 53 -3.67642604E-02 66 -3.07213627E-02
 217137 1 8 0.00000000E+00 69 0.480586350 59 0.162078336 56 0.243625298 71 6.25581071E-02 72 3.42359254E-03 70 0.110376760 53 -3.05664912E-02 55 -3.20819579E-02
 217839 1 8 0.00000000E+00 69 0.465502560 59 0.185902745 56 0.230975628 71 6.45755753E-02 72 -3.49468761E-03 70 0.119256362 53 -3.02504506E-02 55 -3.24677378E-02
 217864 1 8 0.00000000E+00 59 0.392090887 69 0.403166115 66 0.174015686 72 7.25787804E-02 56 -2.89863199E-02 68 2.63387319E-02 71 -1.06335822E-02 70 -2.85702925E-02
 217865 1 8 0.00000000E+00 59 0.385802627 69 0.384706527 66 0.192920595 72 7.70445392E-02 56 -2.97137946E-02 68 2.94537880E-02 71 -1.10351946E-02 70 -2.91790944E-02
 217866 1 8 0.00000000E+00 59 0.377942920 69 0.367419183 66 0.212044924 72 8.11083466E-02 68 3.27525064E-02 56 -3.02990843E-02 71 -1.13610914E-02 70 -2.96077095E-02
 217867 1 8 0.00000000E+00 59 0.368746758 69 0.351177692 66 0.231291890 68 3.62530909E-02 72 8.47863480E-02 56 -3.07554435E-02 71 -1.16148852E-02 70 -2.98854671E-02
 217871 1 8 0.00000000E+00 59 0.316436172 69 0.289198458 66 0.302973628 68 3.40966918E-02 72 6.29530996E-02 56 -2.95164548E-02 71 -3.70321758E-02 73 6.08905666E-02
 217872 1 8 0.00000000E+00 59 0.303225547 69 0.276542425 66 0.321364611 68 3.81772555E-02 72 6.33871257E-02 56 -2.93180086E-02 71 -3.70420665E-02 73 6.36631027E-02
 217873 1 8 0.00000000E+00 59 0.289598465 69 0.264445364 66 0.339383066 68 4.26521488E-02 72 6.35825023E-02 56 -2.90395357E-02 73 6.63412735E-02 71 -3.69632617E-02
 217874 1 8 0.00000000E+00 59 0.275648504 66 0.356944084 69 0.252860427 68 4.75613922E-02 72 6.35571554E-02 56 -2.86873970E-02 73 6.89211190E-02 71 -3.68053056E-02
 217875 1 8 0.00000000E+00 59 0.261461526 66 0.373958260 69 0.241746396 68 5.29500283E-02 72 6.33276701E-02 56 -2.82677431E-02 73 7.13998303E-02 71 -3.65759693E-02
 217876 1 8 0.00000000E+00 66 0.390330017 59 0.247116089 69 0.231068835 68 5.88684790E-02 72 6.29110038E-02 56 -2.77866516E-02 73 7.37745464E-02 71 -3.62823308E-02
 217877 1 8 0.00000000E+00 66 0.405958891 59 0.232685491 69 0.220798254 68 6.53713420E-02 72 6.23226427E-02 56 -2.72499546E-02 73 7.60437101E-02 71 -3.59303840E-02
 218541 1 8 0.00000000E+00 69 0.453506529 59 0.231402606 56 0.218202323 71 4.90002111E-02 70 0.122043520 72 -3.57065815E-03 53 -3.89128104E-02 66 -3.16717327E-02
 218542 1 8 0.00000000E+00 69 0.477039695 59 0.237502977 56 0.201847836 71 4.31295484E-02 72 -3.89768369E-03 70 0.112375408 53 -3.62169370E-02 66 -3.17808241E-02
 218565 1 8 0.00000000E+00 59 0.433651268 69 0.391975820 66 0.157700852 72 5.98438717E-02 56 -2.76223551E-02 68 2.06554513E-02 71 -9.52233095E-03 70 -2.66825985E-02
 218566 1 8 0.00000000E+00 59 0.426511824 69 0.374480218 66 0.177127585 72 6.45301268E-02 56 -2.85155792E-02 68 2.33503655E-02 71 -1.00221932E-02 70 -2.74623726E-02
 218569 1 8 0.00000000E+00 59 0.395974755 69 0.328206748 66 0.236996263 68 3.24358530E-02 72 7.63513222E-02 56 -3.02450415E-02 71 -1.10594640E-02 70 -2.86604222E-02
 218570 1 8 0.00000000E+00 59 0.383544594 69 0.314470798 66 0.257148325 68 3.58570218E-02 72 7.95831755E-02 56 -3.05542927E-02 71 -1.12653412E-02 70 -2.87842825E-02
 218571 1 8 0.00000000E+00 59 0.364578456 69 0.296826810 66 0.273191631 68 2.38941535E-02 72 5.52266575E-02 56 -2.92526856E-02 71 -3.49978991E-02 73 5.05328886E-02
 218572 1 8 0.00000000E+00 59 0.350691408 69 0.284187257 66 0.292978883 68 2.70191412E-02 72 5.62662221E-02 56 -2.92102490E-02 71 -3.52146477E-02 73 5.32820150E-02
 218573 1 8 0.00000000E+00 59 0.336280018 69 0.272106767 66 0.312563658 68 3.04544345E-02 72 5.70439957E-02 56 -2.90720556E-02 71 -3.53246965E-02 73 5.59478737E-02
 218579 1 8 0.00000000E+00 66 0.421214819 59 0.244063005 69 0.208898023 68 5.96904494E-02 72 5.71165793E-02 56 -2.66368315E-02 73 6.99583516E-02 71 -3.43044102E-02
 219244 1 8 0.00000000E+00 69 0.455340147 59 0.264675796 56 0.191396520 71 4.41102125E-02 70 0.120980754 72 -9.06309206E-03 53 -3.59254107E-02 66 -3.15149091E-02
 219267 1 8 0.00000000E+00 59 0.471586406 69 0.358992249 66 0.159964576 72 5.27477972E-02 56 -2.69297902E-02 68 1.80314705E-02 71 -8.93615745E-03 70 -2.54565459E-02
 219281 1 8 0.00000000E+00 66 0.436646432 59 0.255261272 69 0.196537644 68 5.38437366E-02 72 5.21305092E-02 56 -2.59589609E-02 73 6.41070232E-02 71 -3.25676687E-02
 219946 1 8 0.00000000E+00 69 0.432074994 59 0.291994125 56 0.181445539 71 4.47020009E-02 70 0.129729778 72 -1.34648029E-02 53 -3.55793200E-02 66 -3.09023056E-02
 219947 1 8 0.00000000E+00 69 0.450212181 59 0.302263945 56 0.166741267 71 3.94816734E-02 70 0.119146414 72 -1.39475809E-02 66 -3.09800338E-02 53 -3.29178646E-02
 219948 1 8 0.00000000E+00 69 0.467737675 59 0.312869132 56 0.151622966 71 3.46985608E-02 70 0.108682238 72 -1.45642562E-02 66 -3.08549888E-02 53 -3.01913060E-02
 219962 1 8 0.00000000E+00 59 0.530610979 69 0.439854890 66 3.74023505E-02 56 -9.98927932E-03 72 9.73301288E-03 71 -2.40600179E-03 70 -8.22085142E-03 68 3.01491353E-03
 219963 1 8 0.00000000E+00 59 0.538577437 69 0.419619262 66 5.12814373E-02 56 -1.37705822E-02 72 1.55226979E-02 71 -3.51753458E-03 68 4.57361806E-03 70 -1.22863352E-02
 219964 1 8 0.00000000E+00 59 0.542286754 69 0.400530934 66 6.68165162E-02 56 -1.69026759E-02 72 2.12249625E-02 71 -4.54476336E-03 68 6.19777385E-03 70 -1.56094907E-02
 219965 1 8 0.00000000E+00 59 0.541942954 69 0.382825077 66 8.38299319E-02 56 -1.94957536E-02 72 2.67563947E-02 68 7.89178535E-03 71 -5.48605574E-03 70 -1.82643123E-02
 219966 1 8 0.00000000E+00 59 0.537987590 69 0.366510302 66 0.102102824 56 -2.16414984E-02 72 3.20616364E-02 68 9.66237951E-03 71 -6.34002918E-03 70 -2.03431714E-02
 219967 1 8 0.00000000E+00 59 0.530964494 69 0.351466954 66 0.121405780 56 -2.34130602E-02 72 3.71064134E-02 68 1.15193138E-02 71 -7.10870698E-03 70 -2.19411682E-02
 219968 1 8 0.00000000E+00 59 0.521418571 69 0.337525249 66 0.141524523 56 -2.48716846E-02 72 4.18701954E-02 68 1.34725738E-02 71 -7.79149262E-03 70 -2.31479164E-02
 219969 1 8 0.00000000E+00 59 0.509841025 69 0.324510485 66 0.162269086 56 -2.60629635E-02 72 4.63408940E-02 68 1.55337453E-02 71 -8.39181896E-03 70 -2.40404326E-02
 219983 1 8 0.00000000E+00 66 0.452174515 59 0.266207159 69 0.183816642 68 4.78847474E-02 72 4.73619252E-02 56 -2.52206493E-02 73 5.84919341E-02 71 -3.07162683E-02
 219984 1 8 0.00000000E+00 66 0.470036566 59 0.248218939 69 0.175865322 68 5.37549742E-02 72 4.69668806E-02 56 -2.45638397E-02 73 6.01083525E-02 71 -3.03871799E-02
 219985 1 8 0.00000000E+00 66 0.486972570 59 0.230432615 69 0.168104544 68 6.03089333E-02 72 4.64379154E-02 56 -2.38619167E-02 73 6.16216399E-02 71 -3.00163031E-02
 219986 1 8 0.00000000E+00 66 0.502836525 59 0.212901920 68 6.76370040E-02 69 0.160533786 72 4.57869507E-02 56 -2.31215060E-02 73 6.30318820E-02 71 -2.96065882E-02
 219987 1 8 0.00000000E+00 66 0.517462432 59 0.195685357 68 7.58425519E-02 69 0.153153613 72 4.50251400E-02 56 -2.23488417E-02 73 6.43407106E-02 71 -2.91609503E-02
 219988 1 8 0.00000000E+00 66 0.530665219 59 0.178844869 68 8.50414708E-02 69 0.145966753 72 4.41638231E-02 56 -2.15500873E-02 73 6.55501932E-02 71 -2.86822356E-02
 220650 1 8 0.00000000E+00 69 0.437596589 59 0.344384670 56 0.144306600 71 3.51171121E-02 70 0.116609119 72 -1.80345979E-02 66 -3.00288927E-02 53 -2.99505945E-02
 220651 1 8 0.00000000E+00 69 0.450956047 59 0.357957959 56 0.130033553 71 3.08001991E-02 70 0.105810374 72 -1.85177773E-02 66 -2.97719855E-02 53 -2.72683706E-02
 220652 1 8 0.00000000E+00 69 0.462815106 59 0.372315347 56 0.115663432 71 2.68375613E-02 72 -1.89696196E-02 70 9.51571316E-02 66 -2.92494372E-02 53 -2.45695151E-02
 220653 1 8 0.00000000E+00 69 0.472770303 59 0.387603074 56 0.101356290 71 2.32026484E-02 72 -1.93117242E-02 70 8.46654028E-02 66 -2.84054782E-02 53 -2.18805205E-02
 220654 1 8 0.00000000E+00 69 0.480362862 59 0.403975964 56 8.72856900E-02 71 1.98696293E-02 72 -1.94481369E-02 70 7.43571743E-02 66 -2.71708556E-02 53 -1.92323551E-02
 220662 1 8 0.00000000E+00 59 0.567082345 69 0.418151230 56 1.97576825E-03 66 1.18945725E-02 72 -3.31744575E-03 71 4.76437970E-04 70 4.22035763E-03 68 -4.83254436E-04
 220663 1 8 0.00000000E+00 59 0.582489789 69 0.398946851 56 -3.56649165E-03 66 2.20597591E-02 72 1.84193882E-03 71 -7.77789101E-04 70 -1.79880287E-03 68 8.04757001E-04
 220664 1 8 0.00000000E+00 59 0.593277156 69 0.380311668 66 3.42564620E-02 56 -8.24453216E-03 72 7.12205283E-03 71 -1.95151893E-03 70 -6.91449596E-03 68 2.14321422E-03
 220690 1 8 0.00000000E+00 66 0.552092075 59 0.184027076 68 7.62169734E-02 69 0.135843337 72 4.00675572E-02 56 -2.06659622E-02 73 5.93011528E-02 71 -2.68822033E-02
 220691 1 8 0.00000000E+00 66 0.564904690 68 8.59468728E-02 59 0.166643694 69 0.129284337 72 3.92157808E-02 56 -1.98269971E-02 73 6.02422543E-02 71 -2.64106672E-02
 220692 1 8 0.00000000E+00 66 0.575838149 68 9.69640762E-02 59 0.149811983 69 0.122891858 72 3.82875018E-02 56 -1.89751647E-02 73 6.10929355E-02 71 -2.59113405E-02
 220693 1 8 0.00000000E+00 66 0.584618211 68 0.109442808 59 0.133613601 69 0.116676621 72 3.72937694E-02 56 -1.81185212E-02 73 6.18590117E-02 71 -2.53854729E-02
 221356 1 8 0.00000000E+00 69 0.436366558 59 0.445386678 56 8.45109224E-02 71 2.02316474E-02 72 -2.12661605E-02 70 8.06354359E-02 66 -2.65536830E-02 53 -1.93113759E-02
 221362 1 8 0.00000000E+00 59 0.587138355 69 0.392138034 56 1.74216777E-02 66 -5.20857889E-03 72 -1.36390459E-02 71 3.56261199E-03 70 2.17218399E-02 68 -3.13487696E-03
 221363 1 8 0.00000000E+00 59 0.610811710 69 0.374007881 56 1.00800274E-02 66 7.69973092E-04 72 -9.29466169E-03 71 2.15173466E-03 70 1.35392351E-02 68 -2.06590118E-03
 221364 1 8 0.00000000E+00 59 0.631466091 69 0.354973882 56 3.66135943E-03 66 8.50920845E-03 72 -4.64434689E-03 71 8.34657112E-04 70 6.14399044E-03 68 -9.44824715E-04
 221395 1 8 0.00000000E+00 66 0.610310495 68 9.82687548E-02 59 0.135605991 69 0.107589185 72 3.36065106E-02 56 -1.71355419E-02 73 5.53574339E-02 71 -2.36028358E-02
 221396 1 8 0.00000000E+00 66 0.617883563 68 0.111805536 59 0.119243801 69 0.101897910 72 3.26468237E-02 56 -1.62609778E-02 73 5.58783785E-02 71 -2.30950546E-02
 221397 1 8 0.00000000E+00 66 0.622556508 68 0.127292484 59 0.103751995 69 9.63858664E-02 72 3.16434056E-02 56 -1.53986569E-02 73 5.63322864E-02 71 -2.25638673E-02
 221398 1 8 0.00000000E+00 66 0.623966038 68 0.144961238 59 8.92355964E-02 69 9.10694003E-02 72 3.06069236E-02 73 5.67284338E-02 56 -1.45575404E-02 71 -2.20100898E-02
 222058 1 8 0.00000000E+00 59 0.484563470 69 0.393646568 56 8.17385092E-02 71 2.04068646E-02 70 8.71403590E-02 72 -2.27584280E-02 66 -2.54147593E-02 53 -1.93225965E-02
 222059 1 8 0.00000000E+00 59 0.508118987 69 0.391561538 56 6.99750409E-02 71 1.74122732E-02 72 -2.20025964E-02 70 7.61149079E-02 66 -2.42738631E-02 53 -1.69063043E-02
 222060 1 8 0.00000000E+00 59 0.533261001 69 0.386270493 56 5.86721636E-02 71 1.46508096E-02 72 -2.08573285E-02 66 -2.27176659E-02 70 6.52932748E-02 53 -1.45727936E-02
 222061 1 8 0.00000000E+00 59 0.559924841 69 0.377564639 56 4.79543433E-02 71 1.21060247E-02 72 -1.92582179E-02 66 -2.06534155E-02 70 5.47090322E-02 53 -1.23472577E-02
 222062 1 8 0.00000000E+00 59 0.588064611 69 0.366254777 56 3.51542383E-02 66 -1.38259195E-02 72 -2.18151752E-02 71 6.93671126E-03 70 4.43312488E-02 68 -5.10052778E-03
 222063 1 8 0.00000000E+00 59 0.616733730 69 0.350672692 56 2.64324024E-02 66 -1.10235903E-02 72 -1.83075015E-02 71 5.31457784E-03 70 3.44092883E-02 68 -4.23157960E-03
 222064 1 8 0.00000000E+00 59 0.645270526 69 0.332391798 56 1.85025744E-02 66 -7.23761506E-03 72 -1.43903885E-02 71 3.81681998E-03 70 2.49445271E-02 68 -3.29823326E-03
 222100 1 8 0.00000000E+00 66 0.654092669 68 0.131249294 59 8.83235261E-02 69 8.27986374E-02 72 2.72769816E-02 73 5.00051379E-02 56 -1.34838074E-02 71 -2.02624667E-02
 222766 1 8 0.00000000E+00 59 0.700023413 69 0.275372505 56 1.93156730E-02 66 -8.78779218E-03 72 -1.50214164E-02 71 3.99952382E-03 70 2.84656081E-02 68 -3.36749735E-03
 222767 1 8 0.00000000E+00 59 0.731249690 69 0.252803653 56 1.24405231E-02 66 -4.74326406E-03 72 -1.07949935E-02 71 2.64264410E-03 70 1.88502278E-02 68 -2.44846498E-03
 222768 1 8 0.00000000E+00 59 0.758825660 69 0.230259374 66 1.08444900E-03 56 6.29119016E-03 72 -6.39015064E-03 71 1.38449774E-03 70 1.00434655E-02 68 -1.49847474E-03
 222802 1 8 0.00000000E+00 66 0.685414076 68 0.116388023 59 8.69612694E-02 69 7.44355842E-02 72 2.40368564E-02 56 -1.23786544E-02 73 4.35600132E-02 71 -1.84171367E-02
 222803 1 8 0.00000000E+00 66 0.685049593 68 0.135698885 59 7.21087679E-02 69 6.98779821E-02 72 2.31367871E-02 73 4.36018407E-02 56 -1.15380939E-02 71 -1.79357529E-02
 222804 1 8 0.00000000E+00 66 0.679877877 68 0.158224329 59 5.86879887E-02 69 6.55393898E-02 72 2.22299602E-02 73 4.36215326E-02 56 -1.07475594E-02 71 -1.74334925E-02
 222805 1 8 0.00000000E+00 66 0.669537783 68 0.184194714 59 4.67998758E-02 69 6.14397041E-02 72 2.13249847E-02 73 4.36292998E-02 56 -1.00154681E-02 71 -1.69109143E-02
 223470 1 8 0.00000000E+00 59 0.819293082 69 0.170508474 66 -2.36413651E-03 56 7.27158366E-03 72 -6.95998129E-03 71 1.57295039E-03 70 1.22705000E-02 68 -1.59244624E-03
 223507 1 8 0.00000000E+00 66 0.704317093 68 0.167238012 59 4.31702249E-02 69 5.37942797E-02 72 1.83929075E-02 73 3.70545164E-02 56 -8.85454193E-03 71 -1.51124718E-02
 223508 1 8 0.00000000E+00 66 0.687938988 68 0.197445825 59 3.26773524E-02 69 5.02255037E-02 72 1.75821800E-02 73 3.69475670E-02 56 -8.19907058E-03 71 -1.46183586E-02
 223510 1 8 0.00000000E+00 66 0.637761116 68 0.269463271 59 1.68365147E-02 69 4.38566953E-02 72 1.60164889E-02 73 3.67466025E-02 56 -7.10710138E-03 71 -1.35735711E-02
 223511 1 8 0.00000000E+00 66 0.605190873 68 0.310439706 59 1.11486595E-02 69 4.10125852E-02 72 1.52575672E-02 73 3.66295092E-02 56 -6.65352121E-03 71 -1.30253872E-02
 223512 1 8 0.00000000E+00 66 0.568682015 68 0.354015231 59 6.66188169E-03 69 3.83562222E-02 72 1.45096825E-02 73 3.64826955E-02 56 -6.24658633E-03 71 -1.24611370E-02
 223513 1 8 0.00000000E+00 66 0.529021442 68 0.399647772 59 3.16462200E-03 69 3.58586274E-02 72 1.37691163E-02 73 3.62950712E-02 56 -5.87549340E-03 71 -1.18811848E-02
 223514 1 8 0.00000000E+00 66 0.486922383 68 0.446835548 59 4.71029140E-04 69 3.34940702E-02 72 1.30328350E-02 73 3.60601470E-02 56 -5.53070009E-03 71 -1.12852985E-02
 224172 1 8 0.00000000E+00 59 0.873010814 69 0.115588009 66 -4.45836922E-03 56 8.08802992E-03 72 -7.53036421E-03 71 1.69694901E-03 70 1.51942279E-02 68 -1.58927229E-03
 224173 1 8 0.00000000E+00 59 0.908721328 69 8.64286274E-02 66 -1.00624231E-04 56 2.81942310E-03 72 -3.00881173E-03 71 6.18184509E-04 70 5.25035523E-03 68 -7.28492567E-04
 224174 1 8 0.00000000E+00 59 0.922666490 69 6.98206350E-02 66 1.06351832E-02 56 -1.73213158E-03 72 8.76719481E-04 71 -4.13830683E-04 70 -1.86067610E-03 68 7.60718513E-06
 224175 1 8 0.00000000E+00 59 0.904294848 69 7.28570148E-02 66 3.04807723E-02 56 -5.49487630E-03 72 3.69073846E-03 71 -1.42555952E-03 68 5.37054264E-04 70 -4.94000083E-03
 224210 1 8 0.00000000E+00 66 0.723927557 68 0.179338306 59 2.83447430E-02 69 4.27979529E-02 72 1.48019399E-02 73 3.05837952E-02 56 -7.02440785E-03 71 -1.27698909E-02
 224211 1 8 0.00000000E+00 66 0.699794471 68 0.214902669 59 1.97698493E-02 69 3.98012437E-02 72 1.41013339E-02 73 3.04112751E-02 56 -6.47703325E-03 71 -1.23038040E-02
 224212 1 8 0.00000000E+00 66 0.669426382 68 0.254635960 59 1.30269555E-02 69 3.70654911E-02 72 1.34250373E-02 73 3.02495956E-02 56 -6.00992329E-03 71 -1.18195154E-02
 224216 1 8 0.00000000E+00 66 0.505879819 68 0.441703707 59 -1.28398300E-03 69 2.79573184E-02 72 1.08319502E-02 73 2.92781815E-02 56 -4.63131117E-03 71 -9.73567739E-03
 224217 1 8 0.00000000E+00 68 0.492560297 66 0.458805442 59 -2.88135256E-03 69 2.59777009E-02 73 2.88792830E-02 72 1.01866294E-02 56 -4.34606196E-03 71 -9.18194186E-03
 224218 1 8 0.00000000E+00 68 0.544160604 66 0.410508096 59 -4.00845613E-03 69 2.40738038E-02 73 2.84107029E-02 72 9.53820348E-03 56 -4.06865496E-03 71 -8.61432869E-03
 224877 1 8 0.00000000E+00 59 0.945803165 69 2.78164204E-02 66 3.09772100E-02 56 -4.39753663E-03 72 2.24580010E-03 68 3.01091786E-04 71 -1.27187499E-03 70 -1.47426664E-03
 224920 1 8 0.00000000E+00 68 0.546292722 66 0.425540894 59 -3.04281665E-03 69 1.83863863E-02 73 2.30413210E-02 72 7.56045384E-03 56 -7.55955232E-03 64 -1.02194138E-02
 225579 1 8 0.00000000E+00 59 0.955162525 69 4.19337722E-03 66 3.94912809E-02 56 -3.15174996E-03 72 -1.36578456E-04 68 7.65127152E-06 71 -1.22416764E-03 70 5.65768359E-03
 225580 1 8 0.00000000E+00 59 0.919753134 69 1.81439929E-02 66 6.41908199E-02 56 -6.18624780E-03 72 1.69057900E-03 68 2.31594633E-04 71 -2.12204782E-03 70 4.29816125E-03
 225622 1 8 0.00000000E+00 68 0.541953385 66 0.438277632 59 -3.66637320E-03 69 1.37689179E-02 73 1.68430936E-02 72 5.69283543E-03 56 -5.94811793E-03 64 -6.92134025E-03
 225623 1 8 0.00000000E+00 68 0.598181903 66 0.383786798 59 -3.84452567E-03 69 1.24352714E-02 73 1.59970131E-02 72 5.19329216E-03 56 -5.44992089E-03 64 -6.29984215E-03
 225626 1 8 0.00000000E+00 68 0.767795324 66 0.217818603 59 -4.19593649E-03 69 8.77701864E-03 73 1.27429524E-02 72 3.63919046E-03 56 -4.32585413E-03 83 -2.25126999E-03
 225627 1 8 0.00000000E+00 68 0.824096024 66 0.163051292 59 -3.73899331E-03 69 7.48440018E-03 73 1.14325630E-02 72 3.09164240E-03 56 -3.72202927E-03 83 -1.69491477E-03
 225628 1 8 0.00000000E+00 68 0.879060328 66 0.109313667 59 -3.22002172E-03 69 6.21856144E-03 73 1.01131862E-02 72 2.54226918E-03 83 -9.13506257E-04 56 -3.11451335E-03
 225629 1 8 0.00000000E+00 68 0.929592073 66 5.90132363E-02 59 -2.69012316E-03 69 5.01004234E-03 73 9.04959161E-03 72 2.00625299E-03 83 5.40670648E-04 56 -2.52174982E-03
 225630 1 8 0.00000000E+00 68 0.964120209 66 2.10940391E-02 59 -2.30211881E-03 69 3.97337647E-03 73 9.23751853E-03 72 1.53726898E-03 83 4.35163593E-03 56 -2.01193150E-03
 225631 1 8 0.00000000E+00 68 0.970123529 66 5.23258280E-03 59 -2.46050954E-03 69 2.67510209E-03 73 1.17607061E-02 72 3.02096247E-04 83 1.22077446E-02 64 1.58730996E-04
 226282 1 8 0.00000000E+00 59 0.917887390 69 2.69059651E-03 66 7.50974789E-02 56 -4.90331696E-03 68 -3.98666743E-05 72 -1.06095651E-03 71 -2.09746463E-03 70 1.24261584E-02
 226325 1 8 0.00000000E+00 68 0.593227744 66 0.394727945 59 -3.72948102E-03 69 8.21093284E-03 73 1.03721377E-02 72 3.49028059E-03 56 -3.96154495E-03 64 -2.33801524E-03
 226326 1 8 0.00000000E+00 68 0.651069999 66 0.338215590 59 -3.49883805E-03 69 7.09303981E-03 73 9.35613457E-03 72 3.04600736E-03 56 -3.50516476E-03 64 -1.77675032E-03
 226327 1 8 0.00000000E+00 68 0.709206164 66 0.281504124 59 -3.14683607E-03 69 5.96843474E-03 73 8.20702128E-03 72 2.58567394E-03 56 -3.01500387E-03 64 -1.30957202E-03
 226328 1 8 0.00000000E+00 68 0.767965257 66 0.224515706 59 -2.79187760E-03 69 4.84488066E-03 73 7.12741120E-03 72 2.12900667E-03 56 -2.47787754E-03 83 -1.31251942E-03
 226333 1 8 0.00000000E+00 68 0.983310103 66 -9.33920266E-04 59 -1.10537361E-03 69 3.03031493E-06 73 5.01518929E-03 72 -3.07897688E-04 83 1.03010982E-02 64 3.71777266E-03
 226984 1 8 0.00000000E+00 59 0.907223225 69 -6.70871232E-03 66 8.78233090E-02 56 -3.67095880E-03 68 -1.59688498E-04 72 -3.89191462E-03 71 -2.12183199E-03 70 2.15065572E-02
 227035 1 8 0.00000000E+00 68 0.968302011 66 1.32682221E-02 59 -1.86873629E-04 69 -2.34947633E-03 73 8.50714801E-04 72 -9.55353433E-04 83 1.19717810E-02 64 9.09899082E-03
 227036 1 8 0.00000000E+00 68 0.958021104 66 8.46094918E-03 59 -9.42508515E-04 69 -2.54075113E-03 73 4.49900562E-03 83 2.11049002E-02 72 -1.26330752E-03 64 1.26605881E-02
 227037 1 8 0.00000000E+00 68 0.944720566 66 6.05549198E-03 59 -1.72667205E-03 69 -2.70253420E-03 73 8.27479083E-03 83 3.06673851E-02 72 -1.57040951E-03 64 1.62813738E-02
 227038 1 8 0.00000000E+00 68 0.930543900 66 4.43525705E-03 59 -2.49010697E-03 69 -2.85274861E-03 73 1.20010870E-02 83 4.03922275E-02 72 -1.87114195E-03 64 1.98415481E-02
 227684 1 8 0.00000000E+00 59 0.913204074 69 -1.18997395E-02 66 6.59547076E-02 56 3.75231658E-03 70 4.10503596E-02 72 -1.09846704E-02 68 -4.33181121E-04 71 -6.43869746E-04
 227685 1 8 0.00000000E+00 59 0.907198906 69 -1.47837903E-02 66 8.21403265E-02 56 4.20559081E-04 68 -2.34167543E-04 72 -8.68885964E-03 70 3.53873558E-02 71 -1.44033402E-03
 227686 1 8 0.00000000E+00 59 0.892357826 69 -1.30479624E-02 66 0.101138659 56 -2.52930331E-03 68 -8.66194168E-05 72 -6.64570741E-03 70 3.09952386E-02 71 -2.18211720E-03
 227740 1 8 0.00000000E+00 68 0.917502940 66 1.58767812E-02 59 -1.37137691E-03 69 -4.86080861E-03 83 4.19156142E-02 73 7.95848574E-03 72 -2.40981742E-03 64 2.53881533E-02
 228386 1 8 0.00000000E+00 59 0.892321825 69 -1.46220513E-02 66 8.05290863E-02 56 4.58201300E-03 70 5.15158065E-02 68 -7.38274321E-05 71 -8.25483759E-04 72 -1.34273637E-02
 228442 1 8 0.00000000E+00 68 0.899029791 66 3.06440331E-02 59 -1.84329503E-04 69 -6.75670383E-03 83 4.41557094E-02 73 4.58149938E-03 64 3.14677060E-02 72 -2.93773250E-03
 229088 1 8 0.00000000E+00 59 0.872022986 69 -1.73259079E-02 66 9.44302380E-02 56 5.28055383E-03 70 6.17868640E-02 68 4.96898254E-04 71 -1.03002635E-03 72 -1.56616159E-02
 229144 1 8 0.00000000E+00 68 0.876982450 66 4.73312289E-02 59 1.11565914E-03 69 -8.55253357E-03 83 4.68808264E-02 73 1.71516021E-03 64 3.79774570E-02 72 -3.45027517E-03
 229790 1 8 0.00000000E+00 59 0.852299869 69 -1.99992247E-02 66 0.107656986 56 5.85728046E-03 70 7.18575194E-02 68 1.27944420E-03 71 -1.25389593E-03 72 -1.76979713E-02
 229846 1 8 0.00000000E+00 68 0.852871835 66 6.48022443E-02 59 2.56143534E-03 69 -1.02581540E-02 83 4.99013141E-02 73 -7.67703052E-04 64 4.48328592E-02 72 -3.94383213E-03
 229847 1 8 0.00000000E+00 68 0.849646688 66 5.49210310E-02 59 1.85465673E-03 69 -1.01872934E-02 83 5.83052821E-02 64 4.76345867E-02 73 1.94615358E-03 72 -4.12112148E-03
 229848 1 8 0.00000000E+00 68 0.843955278 66 4.70254868E-02 59 1.13365613E-03 69 -1.01022441E-02 83 6.70728162E-02 64 5.04593663E-02 73 4.75281896E-03 72 -4.29717032E-03
 229849 1 8 0.00000000E+00 68 0.834497988 66 4.05726135E-02 59 2.21994822E-04 69 -1.31031508E-02 83 6.18175454E-02 64 4.24929224E-02 73 5.06197801E-03 85 2.84381080E-02
 229850 1 8 0.00000000E+00 68 0.825546086 66 3.52484249E-02 59 -5.05068281E-04 69 -1.31439101E-02 83 6.98148757E-02 64 4.43074740E-02 73 7.76107842E-03 85 3.09710521E-02
 230490 1 8 0.00000000E+00 59 0.826200545 69 -9.62359831E-03 66 9.50375572E-02 56 1.26833636E-02 70 9.72759426E-02 71 -1.17859548E-04 68 2.02540797E-03 72 -2.34813448E-02
 230491 1 8 0.00000000E+00 59 0.831885517 69 -1.70554481E-02 66 0.106820546 56 9.38075874E-03 70 8.91153067E-02 68 2.15977058E-03 71 -8.33010825E-04 72 -2.14734245E-02
 230492 1 8 0.00000000E+00 59 0.833141506 69 -2.26308834E-02 66 0.120210908 56 6.32230798E-03 70 8.17222521E-02 68 2.27384735E-03 71 -1.49379263E-03 72 -1.95461493E-02
 230552 1 8 0.00000000E+00 68 0.808783472 66 4.65529673E-02 59 9.20907652E-04 69 -1.48573304E-02 83 7.05563501E-02 64 4.98820953E-02 73 4.60255425E-03 85 3.35589834E-02
 231192 1 8 0.00000000E+00 59 0.809005201 69 -1.34022972E-02 66 0.106785700 56 1.27001675E-02 70 0.107008584 71 -4.73871129E-04 68 3.24752531E-03 72 -2.48710308E-02
 231893 1 8 0.00000000E+00 59 0.785040438 69 -9.77936760E-03 66 0.107181817 56 1.57594569E-02 70 0.125328839 71 -1.81529904E-04 68 4.52323817E-03 72 -2.78728604E-02
 231894 1 8 0.00000000E+00 59 0.792104006 69 -1.69388801E-02 66 0.117966421 56 1.26349684E-02 70 0.116530523 71 -8.39367509E-04 68 4.65457467E-03 72 -2.61122230E-02
 232594 1 8 0.00000000E+00 59 0.760804951 69 -6.56778272E-03 66 0.107786894 56 1.85192525E-02 70 0.143933058 71 3.72809263E-05 68 5.96681517E-03 72 -3.04804873E-02
 232595 1 8 0.00000000E+00 59 0.769485235 69 -1.38153601E-02 66 0.117639162 56 1.54313268E-02 70 0.134602860 71 -6.10480434E-04 68 6.10640040E-03 72 -2.88391262E-02
 233296 1 8 0.00000000E+00 59 0.746534348 69 -1.10173365E-02 66 0.117552899 56 1.79382712E-02 70 0.152933836 71 -4.54221066E-04 68 7.70707894E-03 72 -3.11948881E-02
 233998 1 8 0.00000000E+00 59 0.732364058 69 -1.51170446E-02 66 0.126853615 70 0.161713362 56 1.73199587E-02 71 -9.41178412E-04 68 9.60320141E-03 72 -3.17959785E-02
 234698 1 8 0.00000000E+00 59 0.701175451 69 -6.91401213E-03 66 0.117671810 70 0.190003827 56 2.19979044E-02 71 -3.78378318E-04 68 1.12859998E-02 72 -3.48425917E-02
 234699 1 8 0.00000000E+00 59 0.710607827 69 -1.30696967E-02 66 0.126286715 70 0.179910138 56 1.92940440E-02 71 -9.17097263E-04 68 1.14626987E-02 72 -3.35746072E-02
 234700 1 8 0.00000000E+00 59 0.718356252 69 -1.89169738E-02 66 0.135682702 70 0.170263246 56 1.66704822E-02 71 -1.41965819E-03 68 1.16505176E-02 72 -3.22865583E-02
 235400 1 8 0.00000000E+00 59 0.689113379 69 -1.14770364E-02 66 0.125809252 70 0.198173091 56 2.09586807E-02 71 -9.71303903E-04 68 1.34219937E-02 72 -3.50280590E-02
 236101 1 8 0.00000000E+00 59 0.668034971 69 -1.03479810E-02 66 0.125375465 70 0.216437519 56 2.23102849E-02 71 -1.10557582E-03 68 1.54679930E-02 72 -3.61726843E-02
 236102 1 8 0.00000000E+00 59 0.677083552 69 -1.56844538E-02 66 0.133555233 70 0.206105188 56 1.99210402E-02 71 -1.54264469E-03 68 1.56863555E-02 72 -3.51242796E-02
