 "GAGE No.   16:  Lake No. =     6 "
    "DATA: Time       Stage(H)         Volume     Vol.Change        Precip.          Evap.     LAK-Runoff     UZF-Runoff       GW-Inflw      GW-Outflw     LAK-to-UZF       SW-Inflw      SW-Outflw     Withdrawal     Lake-Inflx    Total-Cond.    Percent-Err "
     0.0000000E+00    212.3000031  2.4770568E+04  0.0000000E+00  0.0000000E+00  0.0000000E+00  0.0000000E+00  0.0000000E+00  0.0000000E+00  0.0000000E+00  0.0000000E+00  0.0000000E+00  0.0000000E+00  0.0000000E+00  0.0000000E+00  0.0000000E+00  0.0000000E+00
     1.0000000E+00    215.4791437  2.9040150E+05  2.6563094E+05  0.0000000E+00  2.7622981E+03  1.5545297E+02  0.0000000E+00  2.6981875E+05  1.8090798E+03  0.0000000E+00  2.2815756E+02  0.0000000E+00  0.0000000E+00  0.0000000E+00  2.1607114E+05  2.3130811E-05
     2.0000000E+00    216.1096954  4.1490534E+05  1.2450384E+05  0.0000000E+00  2.7557975E+03  1.3770952E+02  0.0000000E+00  1.2697716E+05  5.3444916E+01  0.0000000E+00  1.9818851E+02  0.0000000E+00  0.0000000E+00  0.0000000E+00  1.3655388E+05 -1.8409344E-05
     3.0000000E+00    216.4245934  5.0111250E+05  8.6207156E+04  3.6562176E+03  3.0657258E+03  1.3902050E+03  0.0000000E+00  8.1953609E+04  3.5499550E+01  0.0000000E+00  2.3083613E+03  0.0000000E+00  0.0000000E+00  0.0000000E+00  1.0307631E+05  8.7477783E-06
     4.0000000E+00    216.6793779  5.7086288E+05  6.9750375E+04  3.4230026E+03  2.1868421E+03  1.8675341E+03  0.0000000E+00  6.3530953E+04  0.0000000E+00  0.0000000E+00  3.1157280E+03  0.0000000E+00  0.0000000E+00  0.0000000E+00  8.5265672E+04  0.0000000E+00
     5.0000000E+00    216.8667473  6.2314338E+05  5.2280500E+04  0.0000000E+00  2.8791857E+03  7.0881049E+02  0.0000000E+00  5.3363062E+04  2.3141590E+01  0.0000000E+00  1.1109204E+03  0.0000000E+00  0.0000000E+00  0.0000000E+00  7.3463141E+04 -6.3708721E-05
     6.0000000E+00    217.0139878  6.6562688E+05  4.2483500E+04  0.0000000E+00  3.3571762E+03  5.4367450E+02  0.0000000E+00  4.7582523E+04  1.6897327E+01  0.0000000E+00  8.2486853E+02  0.0000000E+00  0.0000000E+00  0.0000000E+00  6.5447438E+04  6.3195605E+00
     7.0000000E+00    217.1315729  7.0388700E+05  3.8260125E+04  0.0000000E+00  3.9179812E+03  4.3486032E+02  0.0000000E+00  4.3273852E+04  0.0000000E+00  0.0000000E+00  6.3825153E+02  0.0000000E+00  0.0000000E+00  0.0000000E+00  5.9787723E+04  4.8906603E+00
     8.0000000E+00    217.2340316  7.3912406E+05  3.5237062E+04  0.0000000E+00  3.7965746E+03  3.5878891E+02  0.0000000E+00  3.9843035E+04  0.0000000E+00  0.0000000E+00  5.0965259E+02  0.0000000E+00  0.0000000E+00  0.0000000E+00  5.5036574E+04  4.1212945E+00
     9.0000000E+00    217.3314457  7.7262625E+05  3.3502188E+04  0.0000000E+00  3.0596409E+03  3.0311185E+02  0.0000000E+00  3.7180652E+04  0.0000000E+00  0.0000000E+00  4.1719348E+02  0.0000000E+00  0.0000000E+00  0.0000000E+00  5.1211605E+04  3.5332325E+00
     1.0000000E+01    217.4192194  8.0281294E+05  3.0186688E+04  0.0000000E+00  2.9292044E+03  2.6084973E+02  0.0000000E+00  3.2510789E+04  4.3074770E+00  0.0000000E+00  3.4842584E+02  0.0000000E+00  0.0000000E+00  0.0000000E+00  4.5497879E+04 -4.0100311E-04
     1.1000000E+01    217.4981054  8.2994300E+05  2.7130062E+04  0.0000000E+00  2.5290227E+03  2.2781119E+02  0.0000000E+00  2.9137764E+04  2.3172848E+00  0.0000000E+00  2.9584073E+02  0.0000000E+00  0.0000000E+00  0.0000000E+00  4.1519926E+04  4.6093130E-05
     1.2000000E+01    217.5686259  8.5419612E+05  2.4253125E+04  0.0000000E+00  2.5861757E+03  2.0135109E+02  0.0000000E+00  2.6386359E+04  3.1512966E+00  0.0000000E+00  2.5468900E+02  0.0000000E+00  0.0000000E+00  0.0000000E+00  3.8367660E+04 -1.8918297E-04
     1.3000000E+01    217.6314367  8.7579769E+05  2.1601562E+04  0.0000000E+00  2.9375775E+03  1.7972949E+02  0.0000000E+00  2.4139541E+04  1.9629561E+00  0.0000000E+00  2.2184740E+02  0.0000000E+00  0.0000000E+00  0.0000000E+00  3.5610727E+04  5.5710076E-05
     1.4000000E+01    217.6870739  8.9493212E+05  1.9134438E+04  0.0000000E+00  3.5489719E+03  1.6176088E+02  0.0000000E+00  2.2326477E+04  0.0000000E+00  0.0000000E+00  1.9519324E+02  0.0000000E+00  0.0000000E+00  0.0000000E+00  3.3322566E+04  9.4713956E-05
     1.5000000E+01    217.7378417  9.1239200E+05  1.7459875E+04  0.0000000E+00  3.6755522E+03  1.4661272E+02  0.0000000E+00  2.0815711E+04  1.8603164E-01  0.0000000E+00  1.7324271E+02  0.0000000E+00  0.0000000E+00  0.0000000E+00  3.1407713E+04 -2.2178255E-04
     1.6000000E+01    217.7846050  9.2847456E+05  1.6082562E+04  0.0000000E+00  3.7209751E+03  1.3368471E+02  0.0000000E+00  1.9514961E+04  0.0000000E+00  0.0000000E+00  1.5493304E+02  0.0000000E+00  0.0000000E+00  0.0000000E+00  2.9816816E+04  2.0711220E-04
     1.7000000E+01    217.8263782  9.4313662E+05  1.4662062E+04  0.0000000E+00  3.9877555E+03  1.2253400E+02  0.0000000E+00  1.8391008E+04  0.0000000E+00  0.0000000E+00  1.3948691E+02  0.0000000E+00  0.0000000E+00  0.0000000E+00  2.8474896E+04  1.7214026E-02
     1.8000000E+01    217.8649123  9.5726231E+05  1.4125688E+04  0.0000000E+00  3.5189856E+03  1.1282719E+02  0.0000000E+00  1.7405531E+04  0.0000000E+00  0.0000000E+00  1.2632487E+02  0.0000000E+00  0.0000000E+00  0.0000000E+00  2.7315172E+04  6.0880589E-05
     1.9000000E+01    217.9020777  9.7088631E+05  1.3624000E+04  0.0000000E+00  3.1162174E+03  1.0430876E+02  0.0000000E+00  1.6520883E+04  0.0000000E+00  0.0000000E+00  1.1500789E+02  0.0000000E+00  0.0000000E+00  0.0000000E+00  2.6358309E+04 -1.0500547E-04
     2.0000000E+01    217.9380789  9.8408350E+05  1.3197188E+04  0.0000000E+00  2.7294195E+03  9.6779625E+01  0.0000000E+00  1.5724645E+04  0.0000000E+00  0.0000000E+00  1.0519826E+02  0.0000000E+00  0.0000000E+00  0.0000000E+00  2.5550648E+04  9.8106175E-05
     2.1000000E+01    217.9692577  9.9551294E+05  1.1429438E+04  0.0000000E+00  3.7570852E+03  9.0082558E+01  0.0000000E+00  1.4999815E+04  0.0000000E+00  0.0000000E+00  9.6632797E+01  0.0000000E+00  0.0000000E+00  0.0000000E+00  2.4891414E+04  5.7874062E-05
     2.2000000E+01    218.0000856  1.0068138E+06  1.1300812E+04  0.0000000E+00  3.2022574E+03  8.4091713E+01  0.0000000E+00  1.4329850E+04  0.0000000E+00  0.0000000E+00  8.9103874E+01  0.0000000E+00  0.0000000E+00  0.0000000E+00  2.4370564E+04 -1.7507099E-04
     2.3000000E+01    218.0278811  1.0170029E+06  1.0189188E+04  0.0000000E+00  3.6812490E+03  7.8705215E+01  0.0000000E+00  1.3709292E+04  0.0000000E+00  0.0000000E+00  8.2445847E+01  0.0000000E+00  0.0000000E+00  0.0000000E+00  2.3897471E+04  4.9284205E-05
     2.4000000E+01    218.0547787  1.0268629E+06  9.8600000E+03  0.0000000E+00  3.4224669E+03  7.3839752E+01  0.0000000E+00  1.3132121E+04  0.0000000E+00  0.0000000E+00  7.6525299E+01  0.0000000E+00  0.0000000E+00  0.0000000E+00  2.3459053E+04  1.4704514E-04
     2.5000000E+01    218.0784510  1.0362884E+06  9.4255000E+03  0.0000000E+00  3.3059960E+03  6.9426460E+01  0.0000000E+00  1.2590839E+04  3.8260274E-02  0.0000000E+00  7.1233727E+01  0.0000000E+00  0.0000000E+00  0.0000000E+00  2.3050264E+04 -2.7613598E-04
     2.6000000E+01    218.0988361  1.0450547E+06  8.7662500E+03  0.0000000E+00  3.4560056E+03  6.5408028E+01  0.0000000E+00  1.2090387E+04  3.3624150E-02  0.0000000E+00  6.6482147E+01  0.0000000E+00  0.0000000E+00  0.0000000E+00  2.2690162E+04 -9.5880248E-05
     2.7000000E+01    218.1191054  1.0537710E+06  8.7163125E+03  0.0000000E+00  3.0296447E+03  6.1736309E+01  0.0000000E+00  1.1622110E+04  6.6002004E-04  0.0000000E+00  6.2197014E+01  0.0000000E+00  0.0000000E+00  0.0000000E+00  2.2351217E+04  7.3162932E-04
     2.8000000E+01    218.1373811  1.0616301E+06  7.8591250E+03  0.0000000E+00  3.4404008E+03  5.8370602E+01  0.0000000E+00  1.1183023E+04  2.0339254E-01  0.0000000E+00  5.8317123E+01  0.0000000E+00  0.0000000E+00  0.0000000E+00  2.2028471E+04 -1.6420498E-04
     2.9000000E+01    218.1539162  1.0687408E+06  7.1106250E+03  0.0000000E+00  3.7703936E+03  5.5276241E+01  0.0000000E+00  1.0771122E+04  1.7482993E-01  0.0000000E+00  5.4791138E+01  0.0000000E+00  0.0000000E+00  0.0000000E+00  2.1718334E+04 -3.5899109E-05
     3.0000000E+01    218.1779756  1.0790870E+06  1.0346250E+04  2.4042627E+03  3.3813481E+03  3.5705450E+02  0.0000000E+00  1.0432148E+04  2.2930069E+01  0.0000000E+00  5.5706512E+02  0.0000000E+00  0.0000000E+00  0.0000000E+00  2.1475566E+04  2.1305996E-05
     3.1000000E+01    218.1942814  1.0860990E+06  7.0120000E+03  0.0000000E+00  3.5000183E+03  1.6821072E+02  0.0000000E+00  1.0104514E+04  2.1277577E-01  0.0000000E+00  2.3951047E+02  0.0000000E+00  0.0000000E+00  0.0000000E+00  2.1244252E+04  2.7869313E-05
     3.2000000E+01    218.4401980  1.1918508E+06  1.0575175E+05  4.0028551E+04  5.0766449E+03  2.2841760E+04  0.0000000E+00  1.0864906E+04  1.8637842E+02  0.0000000E+00  3.7279469E+04  0.0000000E+00  0.0000000E+00  0.0000000E+00  2.2742334E+04 -7.7410928E-05
     3.3000000E+01    218.4582545  1.1996155E+06  7.7647500E+03  0.0000000E+00  4.5351441E+03  5.2550659E+02  0.0000000E+00  1.1621152E+04  1.1955396E+02  0.0000000E+00  2.7286951E+02  0.0000000E+00  0.0000000E+00  0.0000000E+00  2.4068457E+04  6.4477592E-04
     3.4000000E+01    218.5058153  1.2200681E+06  2.0452625E+04  7.1812650E+03  4.3065055E+03  2.0404436E+03  0.0000000E+00  1.2211530E+04  5.1841618E+01  0.0000000E+00  2.9298604E+03  0.0000000E+00  0.0000000E+00  0.0000000E+00  2.5057969E+04 -1.8383254E+00
     3.5000000E+01    218.5320971  1.2313701E+06  1.1302000E+04  0.0000000E+00  3.2714748E+03  8.3003943E+02  0.0000000E+00  1.2853689E+04  3.2337829E-01  0.0000000E+00  8.9005151E+02  0.0000000E+00  0.0000000E+00  0.0000000E+00  2.5924539E+04 -1.2061473E-04
     3.6000000E+01    218.5581141  1.2425582E+06  1.1188125E+04  0.0000000E+00  3.9388989E+03  6.9227625E+02  0.0000000E+00  1.3717281E+04  4.9271359E+00  0.0000000E+00  7.2238135E+02  0.0000000E+00  0.0000000E+00  0.0000000E+00  2.6786006E+04 -8.3897467E-05
     3.7000000E+01    218.5846303  1.2539610E+06  1.1402750E+04  0.0000000E+00  3.9043377E+03  5.8868207E+02  0.0000000E+00  1.4116350E+04  0.0000000E+00  0.0000000E+00  6.0206299E+02  0.0000000E+00  0.0000000E+00  0.0000000E+00  2.7237045E+04  4.4658620E-05
     3.8000000E+01    218.6096965  1.2647402E+06  1.0779250E+04  0.0000000E+00  4.5350999E+03  5.0835010E+02  0.0000000E+00  1.4293810E+04  0.0000000E+00  0.0000000E+00  5.1216907E+02  0.0000000E+00  0.0000000E+00  0.0000000E+00  2.7545215E+04 -1.4028937E-04
     3.9000000E+01    218.6570626  1.2851091E+06  2.0368875E+04  5.5528856E+03  3.9520987E+03  1.6806486E+03  0.0000000E+00  1.4554123E+04  1.1424752E+00  0.0000000E+00  2.5344348E+03  0.0000000E+00  0.0000000E+00  0.0000000E+00  2.8002453E+04 -9.6363008E-05
     4.0000000E+01    218.6862221  1.2976485E+06  1.2539375E+04  0.0000000E+00  4.2038278E+03  7.5774567E+02  0.0000000E+00  1.5037236E+04  0.0000000E+00  0.0000000E+00  9.4830792E+02  0.0000000E+00  0.0000000E+00  0.0000000E+00  2.8548396E+04  5.1326532E-04
     4.1000000E+01    218.7159522  1.3104334E+06  1.2784875E+04  0.0000000E+00  3.8900301E+03  6.2823029E+02  0.0000000E+00  1.5290087E+04  0.0000000E+00  0.0000000E+00  7.5656262E+02  0.0000000E+00  0.0000000E+00  0.0000000E+00  2.8909033E+04 -1.5812521E-04
     4.2000000E+01    218.7453461  1.3230738E+06  1.2640375E+04  0.0000000E+00  4.0834541E+03  5.3314288E+02  0.0000000E+00  1.5417511E+04  0.0000000E+00  0.0000000E+00  6.2202942E+02  0.0000000E+00  0.0000000E+00  0.0000000E+00  2.9192025E+04 -9.1201591E-01
     4.3000000E+01    218.7735952  1.3352216E+06  1.2147875E+04  0.0000000E+00  4.6642434E+03  4.6049210E+02  0.0000000E+00  1.5828253E+04  0.0000000E+00  0.0000000E+00  5.2347607E+02  0.0000000E+00  0.0000000E+00  0.0000000E+00  2.9638600E+04  6.0409924E-04
     4.4000000E+01    218.8003852  1.3467421E+06  1.1520500E+04  0.0000000E+00  5.3405651E+03  4.0326874E+02  0.0000000E+00  1.5907370E+04  0.0000000E+00  0.0000000E+00  4.4875031E+02  0.0000000E+00  0.0000000E+00  0.0000000E+00  2.9878408E+04 -6.0667956E-01
     4.5000000E+01    218.8286449  1.3589440E+06  1.2201875E+04  0.0000000E+00  4.7724663E+03  3.5710651E+02  0.0000000E+00  1.6226719E+04  0.0000000E+00  0.0000000E+00  3.9047672E+02  0.0000000E+00  0.0000000E+00  0.0000000E+00  3.0256738E+04 -2.3012728E-04
     4.6000000E+01    218.8534641  1.3702355E+06  1.1291500E+04  0.0000000E+00  4.5205520E+03  3.1914337E+02  0.0000000E+00  1.5148992E+04  0.0000000E+00  0.0000000E+00  3.4396112E+02  0.0000000E+00  0.0000000E+00  0.0000000E+00  2.9749318E+04  2.8409815E-04
     4.7000000E+01    218.8764743  1.3807041E+06  1.0468625E+04  0.0000000E+00  4.3749060E+03  2.8742471E+02  0.0000000E+00  1.4249922E+04  0.0000000E+00  0.0000000E+00  3.0609564E+02  0.0000000E+00  0.0000000E+00  0.0000000E+00  2.9322693E+04 -5.9211755E-04
     4.8000000E+01    218.8978714  1.3904388E+06  9.7346250E+03  0.0000000E+00  4.2385027E+03  2.6056918E+02  0.0000000E+00  1.3437820E+04  0.0000000E+00  0.0000000E+00  2.7475317E+02  0.0000000E+00  0.0000000E+00  0.0000000E+00  2.8927320E+04  1.0483280E-04
     4.9000000E+01    218.9160902  1.3987274E+06  8.2886250E+03  0.0000000E+00  4.9398666E+03  2.3757285E+02  0.0000000E+00  1.2742515E+04  0.0000000E+00  0.0000000E+00  2.4843544E+02  0.0000000E+00  0.0000000E+00  0.0000000E+00  2.8580215E+04  2.3623198E-04
     5.0000000E+01    218.9355271  1.4075702E+06  8.8428750E+03  0.0000000E+00  3.7394929E+03  2.1768831E+02  0.0000000E+00  1.2138615E+04  0.0000000E+00  0.0000000E+00  2.2606087E+02  0.0000000E+00  0.0000000E+00  0.0000000E+00  2.8288621E+04 -3.1045438E-05
     5.1000000E+01    218.9535009  1.4157475E+06  8.1772500E+03  0.0000000E+00  3.8409370E+03  2.0034770E+02  0.0000000E+00  1.1610986E+04  0.0000000E+00  0.0000000E+00  2.0683144E+02  0.0000000E+00  0.0000000E+00  0.0000000E+00  2.8041680E+04 -1.8282871E-04
     5.2000000E+01    218.9716132  1.4239878E+06  8.2402500E+03  0.0000000E+00  3.2675536E+03  1.8511191E+02  0.0000000E+00  1.1132509E+04  0.0000000E+00  0.0000000E+00  1.9014706E+02  0.0000000E+00  0.0000000E+00  0.0000000E+00  2.7822609E+04 -3.1398630E-04
     5.3000000E+01    218.9868523  1.4309208E+06  6.9330000E+03  0.0000000E+00  4.1105213E+03  1.7163606E+02  0.0000000E+00  1.0696395E+04  0.0000000E+00  0.0000000E+00  1.7554860E+02  0.0000000E+00  0.0000000E+00  0.0000000E+00  2.7612352E+04  5.2172568E-04
     5.4000000E+01    219.0033459  1.4384245E+06  7.5037500E+03  0.0000000E+00  3.1055095E+03  1.5964566E+02  0.0000000E+00  1.0286947E+04  0.0000000E+00  0.0000000E+00  1.6267953E+02  0.0000000E+00  0.0000000E+00  0.0000000E+00  2.7415967E+04  1.1966242E-04
     5.5000000E+01    219.0180560  1.4451170E+06  6.6925000E+03  0.0000000E+00  3.5136621E+03  1.4891966E+02  0.0000000E+00  9.9059023E+03  0.0000000E+00  0.0000000E+00  1.5125903E+02  0.0000000E+00  0.0000000E+00  0.0000000E+00  2.7226414E+04 -7.9418032E-04
     5.6000000E+01    219.0315329  1.4512482E+06  6.1312500E+03  0.0000000E+00  3.6016145E+03  1.3927798E+02  0.0000000E+00  9.5105967E+03  5.7982224E+01  0.0000000E+00  1.4106323E+02  0.0000000E+00  0.0000000E+00  0.0000000E+00  2.6980322E+04  9.2759565E-04
     5.7000000E+01    219.0963766  1.4816332E+06  3.0385000E+04  1.2845023E+04  1.5910719E+03  3.3753474E+03  0.0000000E+00  1.0205863E+04  1.4390046E+01  0.0000000E+00  5.5642451E+03  0.0000000E+00  0.0000000E+00  0.0000000E+00  2.8000506E+04  4.8842659E-05
     5.8000000E+01    219.1137498  1.4904754E+06  8.8421250E+03  0.0000000E+00  3.8902509E+03  7.0443610E+02  0.0000000E+00  1.0997007E+04  1.2901822E-01  0.0000000E+00  1.0309944E+03  0.0000000E+00  0.0000000E+00  0.0000000E+00  2.8937949E+04 -5.2922161E-04
     5.9000000E+01    219.1345093  1.5010409E+06  1.0565500E+04  0.0000000E+00  2.8433391E+03  5.6640424E+02  0.0000000E+00  1.2057417E+04  1.2201283E+01  0.0000000E+00  7.9722424E+02  0.0000000E+00  0.0000000E+00  0.0000000E+00  2.9970291E+04  4.3658110E-05
     6.0000000E+01    219.1552893  1.5116168E+06  1.0575875E+04  0.0000000E+00  3.0833423E+03  4.7063397E+02  0.0000000E+00  1.2549662E+04  0.0000000E+00  0.0000000E+00  6.3897803E+02  0.0000000E+00  0.0000000E+00  0.0000000E+00  3.0516475E+04  4.1466788E-04
     6.1000000E+01    219.1763069  1.5223136E+06  1.0696875E+04  0.0000000E+00  3.0835387E+03  4.0062851E+02  0.0000000E+00  1.2853434E+04  1.1401647E-01  0.0000000E+00  5.2648114E+02  0.0000000E+00  0.0000000E+00  0.0000000E+00  3.0914900E+04  1.1338450E-04
     6.2000000E+01    219.1946579  1.5316534E+06  9.3397500E+03  0.0000000E+00  3.6464123E+03  3.4735587E+02  0.0000000E+00  1.2195512E+04  8.5148975E-02  0.0000000E+00  4.4335754E+02  0.0000000E+00  0.0000000E+00  0.0000000E+00  3.0595029E+04 -1.6543972E-04
     6.3000000E+01    219.2131809  1.5410806E+06  9.4272500E+03  0.0000000E+00  2.7681888E+03  3.0551245E+02  0.0000000E+00  1.1510062E+04  1.5101707E-01  0.0000000E+00  3.7998602E+02  0.0000000E+00  0.0000000E+00  0.0000000E+00  3.0241078E+04 -2.4022574E-04
     6.4000000E+01    219.2310138  1.5501566E+06  9.0760000E+03  0.0000000E+00  2.4380875E+03  2.7180246E+02  0.0000000E+00  1.0911947E+04  5.1035516E-02  0.0000000E+00  3.3040790E+02  0.0000000E+00  0.0000000E+00  0.0000000E+00  2.9940566E+04  1.6114673E-04
     6.5000000E+01    219.2482405  1.5589241E+06  8.7675000E+03  0.0000000E+00  2.1661693E+03  2.4407947E+02  0.0000000E+00  1.0398809E+04  2.7564850E-03  0.0000000E+00  2.9077002E+02  0.0000000E+00  0.0000000E+00  0.0000000E+00  2.9687619E+04 -1.2504392E-04
     6.6000000E+01    219.2638687  1.5668781E+06  7.9540000E+03  0.0000000E+00  2.3573925E+03  2.2088947E+02  0.0000000E+00  9.9053818E+03  7.3407944E+01  0.0000000E+00  2.5848895E+02  0.0000000E+00  0.0000000E+00  0.0000000E+00  2.9402459E+04 -3.9495979E-04
     6.7000000E+01    219.2782994  1.5742225E+06  7.3443750E+03  0.0000000E+00  2.5677476E+03  2.0121396E+02  0.0000000E+00  9.5677588E+03  8.8537392E+01  0.0000000E+00  2.3177866E+02  0.0000000E+00  0.0000000E+00  0.0000000E+00  2.9232604E+04  9.0813491E-04
     6.8000000E+01    219.2912984  1.5808384E+06  6.6158750E+03  0.0000000E+00  2.9706224E+03  1.8431873E+02  0.0000000E+00  9.2788311E+03  8.6070885E+01  0.0000000E+00  2.0937123E+02  0.0000000E+00  0.0000000E+00  0.0000000E+00  2.9088229E+04 -4.8462028E-04
     6.9000000E+01    219.3062903  1.5884685E+06  7.6301250E+03  0.0000000E+00  1.7599595E+03  1.6966127E+02  0.0000000E+00  9.0300342E+03  0.0000000E+00  0.0000000E+00  1.9034573E+02  0.0000000E+00  0.0000000E+00  0.0000000E+00  2.8985844E+04 -4.6279916E-04
     7.0000000E+01    219.3207636  1.5958346E+06  7.3661250E+03  0.0000000E+00  1.5941257E+03  1.5683194E+02  0.0000000E+00  8.6965430E+03  6.7079636E+01  0.0000000E+00  1.7401942E+02  0.0000000E+00  0.0000000E+00  0.0000000E+00  2.8804215E+04  7.1397261E-04
     7.1000000E+01    219.3331372  1.6021321E+06  6.2975000E+03  0.0000000E+00  2.5004834E+03  1.4551561E+02  0.0000000E+00  8.4926797E+03  7.1436100E-02  0.0000000E+00  1.5987715E+02  0.0000000E+00  0.0000000E+00  0.0000000E+00  2.8738465E+04  1.9979519E-04
     7.2000000E+01    219.3441159  1.6077198E+06  5.5876250E+03  0.0000000E+00  2.8402621E+03  1.3546574E+02  0.0000000E+00  8.2340947E+03  0.0000000E+00  0.0000000E+00  1.4752380E+02  0.0000000E+00  0.0000000E+00  0.0000000E+00  2.8595789E+04  1.0472747E+00
     7.3000000E+01    219.3587630  1.6151744E+06  7.4546250E+03  2.0564669E+03  3.3094025E+03  3.3296155E+02  0.0000000E+00  7.9633677E+03  6.6767281E+01  0.0000000E+00  4.7797815E+02  0.0000000E+00  0.0000000E+00  0.0000000E+00  2.8452289E+04 -1.8934761E-04
     7.4000000E+01    219.3705963  1.6211969E+06  6.0225000E+03  0.0000000E+00  2.1272293E+03  2.0755826E+02  0.0000000E+00  7.7510830E+03  7.7818657E+01  0.0000000E+00  2.6891885E+02  0.0000000E+00  0.0000000E+00  0.0000000E+00  2.8346227E+04  1.5430227E-04
     7.5000000E+01    219.4715701  1.6725872E+06  5.1390375E+04  2.3418430E+04  2.1399045E+03  8.1759399E+03  0.0000000E+00  8.5828467E+03  1.4960698E+02  0.0000000E+00  1.3502722E+04  0.0000000E+00  0.0000000E+00  0.0000000E+00  2.9734455E+04  9.4600051E-05
     7.6000000E+01    219.5193327  1.6968960E+06  2.4308750E+04  8.4220943E+03  2.0006654E+03  3.2827620E+03  0.0000000E+00  9.4949131E+03  1.4138510E+02  0.0000000E+00  5.2509653E+03  0.0000000E+00  0.0000000E+00  0.0000000E+00  3.1134797E+04 -2.5105636E-04
     7.7000000E+01    219.5654914  1.7203884E+06  2.3492375E+04  6.7828024E+03  1.5044878E+03  3.1203245E+03  0.0000000E+00  1.0286782E+04  1.0261819E+02  0.0000000E+00  4.9095488E+03  0.0000000E+00  0.0000000E+00  0.0000000E+00  3.2429379E+04 -9.3378512E-05
     7.8000000E+01    219.5894125  1.7325630E+06  1.2174625E+04  0.0000000E+00  1.8076146E+03  1.2800557E+03  0.0000000E+00  1.0968990E+04  3.9762001E+01  0.0000000E+00  1.7729470E+03  0.0000000E+00  0.0000000E+00  0.0000000E+00  3.3524238E+04 -6.2680549E-05
     7.9000000E+01    219.6319528  1.7542138E+06  2.1650750E+04  6.4197928E+03  2.8836089E+03  2.6318621E+03  0.0000000E+00  1.1544500E+04  1.0161280E+02  0.0000000E+00  4.0398701E+03  0.0000000E+00  0.0000000E+00  0.0000000E+00  3.4728203E+04  2.2198183E-04
     8.0000000E+01    219.6636591  1.7703506E+06  1.6136875E+04  2.1496177E+03  2.0014533E+03  1.6479821E+03  0.0000000E+00  1.2086870E+04  1.3052065E+02  0.0000000E+00  2.3843677E+03  0.0000000E+00  0.0000000E+00  0.0000000E+00  3.5990492E+04 -6.4146116E-05
     8.1000000E+01    219.6886189  1.7830539E+06  1.2703250E+04  0.0000000E+00  2.1473139E+03  1.0470563E+03  0.0000000E+00  1.2560164E+04  1.2014268E+02  0.0000000E+00  1.3634421E+03  0.0000000E+00  0.0000000E+00  0.0000000E+00  3.7167812E+04 -3.0006605E-04
     8.2000000E+01    219.7592734  1.8190134E+06  3.5959500E+04  1.3072977E+04  2.0471260E+03  4.7351968E+03  0.0000000E+00  1.3020745E+04  2.7960699E+02  0.0000000E+00  7.4573105E+03  0.0000000E+00  0.0000000E+00  0.0000000E+00  3.8830316E+04 -1.0202754E-05
     8.3000000E+01    219.8238213  1.8518649E+06  3.2851500E+04  1.0553039E+04  2.5343459E+03  4.5773462E+03  0.0000000E+00  1.3518683E+04  3.8611038E+02  0.0000000E+00  7.1229307E+03  0.0000000E+00  0.0000000E+00  0.0000000E+00  4.0868879E+04  1.2011839E-04
     8.4000000E+01    219.8700984  1.8762055E+06  2.4340625E+04  5.7519350E+03  2.7973764E+03  3.1272292E+03  0.0000000E+00  1.3945964E+04  3.7074530E+02  0.0000000E+00  4.6836924E+03  0.0000000E+00  0.0000000E+00  0.0000000E+00  4.2761922E+04  2.6979984E-04
     8.5000000E+01    220.0535301  1.9743656E+06  9.8160125E+04  3.8519503E+04  2.8758971E+03  1.8962346E+04  0.0000000E+00  1.4503587E+04  9.5355273E+02  9.0111797E+00  3.0013094E+04  0.0000000E+00  0.0000000E+00  0.0000000E+00  4.6601348E+04 -5.3615968E-05
     8.6000000E+01    220.1162260  2.0089436E+06  3.4578000E+04  1.1418172E+04  2.2019291E+03  4.6928965E+03  0.0000000E+00  1.4883192E+04  8.8071582E+02  6.6391980E+01  6.7328213E+03  0.0000000E+00  0.0000000E+00  0.0000000E+00  4.9888824E+04  1.2424761E-04
     8.7000000E+01    220.1442438  2.0251945E+06  1.6250875E+04  0.0000000E+00  2.1483577E+03  1.7882068E+03  0.0000000E+00  1.5168231E+04  5.6404541E+02  9.8105028E+01  2.1048757E+03  0.0000000E+00  0.0000000E+00  0.0000000E+00  5.1930223E+04 -3.5862887E-04
     8.8000000E+01    220.1704254  2.0403802E+06  1.5185750E+04  0.0000000E+00  2.7124384E+03  1.3959312E+03  0.0000000E+00  1.5397334E+04  3.8536758E+02  1.1934370E+02  1.6096660E+03  0.0000000E+00  0.0000000E+00  0.0000000E+00  5.3344527E+04  1.6980991E-04
     8.9000000E+01    220.1959352  2.0551764E+06  1.4796125E+04  0.0000000E+00  2.9255518E+03  1.1288733E+03  0.0000000E+00  1.5733717E+04  2.8150851E+02  1.3985859E+02  1.2804174E+03  0.0000000E+00  0.0000000E+00  0.0000000E+00  5.4623773E+04 -1.9915558E-04
     9.0000000E+01    220.2200905  2.0691869E+06  1.4010500E+04  0.0000000E+00  3.4930119E+03  9.3677448E+02  0.0000000E+00  1.5898469E+04  2.1847256E+02  1.5939915E+02  1.0461115E+03  0.0000000E+00  0.0000000E+00  0.0000000E+00  5.5668266E+04 -1.5837900E-04
     9.1000000E+01    220.2457211  2.0840530E+06  1.4866125E+04  0.0000000E+00  2.4241932E+03  7.9292297E+02  0.0000000E+00  1.6004933E+04  1.9806174E+02  1.7966718E+02  8.7025250E+02  0.0000000E+00  0.0000000E+00  0.0000000E+00  5.6625809E+04  3.4269021E-04
     9.2000000E+01    220.2695601  2.0978800E+06  1.3827000E+04  0.0000000E+00  3.3440888E+03  6.8181543E+02  0.0000000E+00  1.6126760E+04  1.8226398E+02  1.9902469E+02  7.4075568E+02  0.0000000E+00  0.0000000E+00  0.0000000E+00  5.7557523E+04 -1.7361773E-02
     9.3000000E+01    220.2949360  2.1125985E+06  1.4718500E+04  0.0000000E+00  2.4797882E+03  5.9385449E+02  0.0000000E+00  1.6236798E+04  1.6741562E+02  2.1907906E+02  6.3537811E+02  0.0000000E+00  0.0000000E+00  0.0000000E+00  5.8513156E+04 -6.7990232E-01
     9.4000000E+01    220.3376089  2.1373495E+06  2.4751000E+04  7.0276432E+03  2.4349444E+03  1.7111997E+03  0.0000000E+00  1.6364700E+04  2.4811946E+02  2.5044926E+02  2.5809937E+03  0.0000000E+00  0.0000000E+00  0.0000000E+00  5.9778375E+04  8.4659172E-05
     9.5000000E+01    220.3650083  2.1532415E+06  1.5892000E+04  0.0000000E+00  2.2249130E+03  8.2736145E+02  0.0000000E+00  1.6543504E+04  3.2004138E+02  0.0000000E+00  1.0661924E+03  0.0000000E+00  0.0000000E+00  0.0000000E+00  6.0994547E+04  5.6145410E-04
     9.6000000E+01    220.3912497  2.1684620E+06  1.5220500E+04  0.0000000E+00  2.8688104E+03  6.9511676E+02  0.0000000E+00  1.6698809E+04  1.7370497E+02  0.0000000E+00  8.6906433E+02  0.0000000E+00  0.0000000E+00  0.0000000E+00  6.2092145E+04 -1.3902775E-04
     9.7000000E+01    220.4320997  2.1921558E+06  2.3693750E+04  4.7359083E+03  1.0471072E+03  1.3770657E+03  0.0000000E+00  1.6812764E+04  2.3629768E+02  0.0000000E+00  2.0513496E+03  0.0000000E+00  0.0000000E+00  0.0000000E+00  6.3369199E+04 -2.6586867E-04
     9.8000000E+01    220.4584060  2.2074138E+06  1.5258000E+04  0.0000000E+00  3.2732953E+03  7.7672900E+02  0.0000000E+00  1.6922611E+04  1.9957857E+02  0.0000000E+00  1.0306562E+03  0.0000000E+00  0.0000000E+00  0.0000000E+00  6.4513742E+04 -4.6872925E-03
     9.9000000E+01    220.4858283  2.2233192E+06  1.5905500E+04  0.0000000E+00  2.4336826E+03  6.5128204E+02  0.0000000E+00  1.7025896E+04  1.7095093E+02  0.0000000E+00  8.3567944E+02  0.0000000E+00  0.0000000E+00  0.0000000E+00  6.5575617E+04  1.4712115E-02
     1.0000000E+02    220.5121084  2.2385622E+06  1.5243000E+04  0.0000000E+00  2.8355603E+03  5.5790527E+02  0.0000000E+00  1.7108789E+04  1.5010646E+02  0.0000000E+00  6.9449573E+02  0.0000000E+00  0.0000000E+00  0.0000000E+00  6.6583445E+04  7.2175312E-01
     1.0100000E+02    220.5380786  2.2536252E+06  1.5063000E+04  0.0000000E+00  3.0543612E+03  4.8567972E+02  0.0000000E+00  1.7176090E+04  1.4115300E+02  0.0000000E+00  5.8718970E+02  0.0000000E+00  0.0000000E+00  0.0000000E+00  6.7550688E+04 -5.2357439E-02
     1.0200000E+02    220.5627550  2.2679380E+06  1.4312750E+04  0.0000000E+00  3.7413128E+03  4.2816031E+02  0.0000000E+00  1.7241961E+04  1.2852888E+02  0.0000000E+00  5.0369330E+02  0.0000000E+00  0.0000000E+00  0.0000000E+00  6.8479992E+04 -4.8296653E-02
     1.0300000E+02    220.5839999  2.2802605E+06  1.2322500E+04  0.0000000E+00  5.7306198E+03  3.8129593E+02  0.0000000E+00  1.7299404E+04  1.0076610E+02  0.0000000E+00  4.3695264E+02  0.0000000E+00  0.0000000E+00  0.0000000E+00  6.9323422E+04 -1.9998948E-01
     1.0400000E+02    220.6067858  2.2934768E+06  1.3216250E+04  0.0000000E+00  4.7594681E+03  3.4240866E+02  0.0000000E+00  1.7349084E+04  1.0080096E+02  0.0000000E+00  3.8381097E+02  0.0000000E+00  0.0000000E+00  0.0000000E+00  7.0143445E+04 -6.7318203E-03
     1.0500000E+02    220.6295519  2.3066812E+06  1.3204500E+04  0.0000000E+00  4.7464590E+03  3.0965421E+02  0.0000000E+00  1.7395018E+04  9.6779968E+01  0.0000000E+00  3.4324396E+02  0.0000000E+00  0.0000000E+00  0.0000000E+00  7.0968281E+04  9.8479167E-04
     1.0600000E+02    220.6525234  2.3200052E+06  1.3324000E+04  0.0000000E+00  4.6117713E+03  2.8171881E+02  0.0000000E+00  1.7438609E+04  9.4029816E+01  0.0000000E+00  3.0935278E+02  0.0000000E+00  0.0000000E+00  0.0000000E+00  7.1793367E+04 -6.6080270E-04
     1.0700000E+02    220.6756588  2.3334242E+06  1.3419000E+04  0.0000000E+00  4.4667786E+03  2.5763992E+02  0.0000000E+00  1.7434719E+04  8.7291771E+01  0.0000000E+00  2.8065018E+02  0.0000000E+00  0.0000000E+00  0.0000000E+00  7.2502406E+04 -3.3687666E-04
     1.0800000E+02    220.6988826  2.3468942E+06  1.3470000E+04  0.0000000E+00  4.3539967E+03  2.3669540E+02  0.0000000E+00  1.7430572E+04  9.9155312E+01  0.0000000E+00  2.5606134E+02  0.0000000E+00  0.0000000E+00  0.0000000E+00  7.3213211E+04  9.8074006E-04
     1.0900000E+02    220.7220612  2.3603382E+06  1.3444000E+04  0.0000000E+00  4.4075612E+03  2.1833237E+02  0.0000000E+00  1.7549195E+04  1.5076610E+02  0.0000000E+00  2.3478554E+02  0.0000000E+00  0.0000000E+00  0.0000000E+00  7.3987797E+04 -8.1369755E-05
     1.1000000E+02    220.7453368  2.3738385E+06  1.3500250E+04  0.0000000E+00  3.9922219E+03  2.0212010E+02  0.0000000E+00  1.7204873E+04  1.3075647E+02  0.0000000E+00  2.1621503E+02  0.0000000E+00  0.0000000E+00  0.0000000E+00  7.4528828E+04 -1.1082686E-04
     1.1100000E+02    220.7666120  2.3861785E+06  1.2340000E+04  0.0000000E+00  4.2456703E+03  1.8771799E+02  0.0000000E+00  1.6311752E+04  1.1366276E+02  0.0000000E+00  1.9988066E+02  0.0000000E+00  0.0000000E+00  0.0000000E+00  7.4700742E+04  1.1111022E-04
     1.1200000E+02    220.7844110  2.3965022E+06  1.0323750E+04  0.0000000E+00  5.1935260E+03  1.7485303E+02  0.0000000E+00  1.5236561E+04  7.9580948E+01  0.0000000E+00  1.8541481E+02  0.0000000E+00  0.0000000E+00  0.0000000E+00  7.4659250E+04 -1.8783867E-04
     1.1300000E+02    220.9500949  2.4948782E+06  9.8376000E+04  4.5576940E+04  4.6004047E+03  1.6161858E+04  0.0000000E+00  1.5635649E+04  1.0505743E+03  0.0000000E+00  2.6652387E+04  0.0000000E+00  0.0000000E+00  0.0000000E+00  7.8343039E+04 -1.3518146E-04
     1.1400000E+02    221.0099327  2.5309930E+06  3.6114750E+04  1.3599678E+04  2.5295703E+03  3.8587832E+03  0.0000000E+00  1.6100401E+04  9.9225696E+02  0.0000000E+00  6.0776938E+03  0.0000000E+00  0.0000000E+00  0.0000000E+00  8.1574648E+04 -5.9131024E-05
     1.1500000E+02    221.0575506  2.5597322E+06  2.8739250E+04  9.1072223E+03  5.0927305E+03  3.4367903E+03  0.0000000E+00  1.6426145E+04  7.5672681E+02  0.0000000E+00  5.6187617E+03  0.0000000E+00  0.0000000E+00  0.0000000E+00  8.3922594E+04  6.0984126E-04
     1.1600000E+02    221.0821012  2.5745498E+06  1.4817500E+04  0.0000000E+00  4.8662636E+03  1.4476394E+03  0.0000000E+00  1.6664389E+04  4.9492313E+02  0.0000000E+00  2.0631631E+03  0.0000000E+00  0.0000000E+00  0.0000000E+00  8.5534336E+04 -1.7328678E-02
     1.1700000E+02    221.1073767  2.5898275E+06  1.5277750E+04  0.0000000E+00  3.8367993E+03  1.1287220E+03  0.0000000E+00  1.6830461E+04  3.5721521E+02  0.0000000E+00  1.5126461E+03  0.0000000E+00  0.0000000E+00  0.0000000E+00  8.6833234E+04  3.2599180E-04
     1.1800000E+02    221.1311951  2.6049735E+06  1.5146000E+04  0.0000000E+00  3.7422315E+03  9.1574249E+02  0.0000000E+00  1.7057188E+04  2.6284161E+02  0.0000000E+00  1.1780823E+03  0.0000000E+00  0.0000000E+00  0.0000000E+00  8.8094648E+04 -3.2125425E-04
     1.1900000E+02    221.1549240  2.6200625E+06  1.5089000E+04  0.0000000E+00  3.5022714E+03  7.6380310E+02  0.0000000E+00  1.7111867E+04  2.3334645E+02  0.0000000E+00  9.4769678E+02  0.0000000E+00  0.0000000E+00  0.0000000E+00  8.9200227E+04 -6.6458704E-03
     1.2000000E+02    221.1756595  2.6332480E+06  1.3185500E+04  0.0000000E+00  5.2657928E+03  6.5025562E+02  0.0000000E+00  1.7218805E+04  1.9923080E+02  0.0000000E+00  7.8150549E+02  0.0000000E+00  0.0000000E+00  0.0000000E+00  9.0255742E+04  2.3038844E-04
     1.2100000E+02    221.1973473  2.6470392E+06  1.3791250E+04  0.0000000E+00  4.6533194E+03  5.6242969E+02  0.0000000E+00  1.7412420E+04  1.7934804E+02  0.0000000E+00  6.4893463E+02  0.0000000E+00  0.0000000E+00  0.0000000E+00  9.1351375E+04 -7.1313378E-04
     1.2200000E+02    221.2192349  2.6609572E+06  1.3918000E+04  0.0000000E+00  4.3907926E+03  4.9267194E+02  0.0000000E+00  1.7444045E+04  1.8428412E+02  0.0000000E+00  5.4971417E+02  0.0000000E+00  0.0000000E+00  0.0000000E+00  9.2315406E+04 -3.5942748E-02
     1.2300000E+02    221.2383438  2.6731085E+06  1.2151250E+04  0.0000000E+00  6.1080505E+03  4.3608041E+02  0.0000000E+00  1.7515531E+04  1.7141348E+02  0.0000000E+00  4.7335687E+02  0.0000000E+00  0.0000000E+00  0.0000000E+00  9.3233117E+04 -3.1186450E-02
     1.2400000E+02    221.2594448  2.6865265E+06  1.3418000E+04  0.0000000E+00  4.6994945E+03  3.8936826E+02  0.0000000E+00  1.7585262E+04  1.7008524E+02  0.0000000E+00  4.1119983E+02  0.0000000E+00  0.0000000E+00  0.0000000E+00  9.4161953E+04  5.3437895E-01
     1.2500000E+02    221.2805455  2.6999442E+06  1.3417750E+04  0.0000000E+00  4.7670125E+03  3.5024890E+02  0.0000000E+00  1.7644799E+04  1.7562456E+02  0.0000000E+00  3.6536456E+02  0.0000000E+00  0.0000000E+00  0.0000000E+00  9.5088625E+04  1.3829007E-04
     1.2600000E+02    221.3011040  2.7130172E+06  1.3073000E+04  0.0000000E+00  5.0718702E+03  3.1708276E+02  0.0000000E+00  1.7675766E+04  1.7707907E+02  0.0000000E+00  3.2906940E+02  0.0000000E+00  0.0000000E+00  0.0000000E+00  9.5885461E+04 -1.7056074E-04
     1.2700000E+02    221.3321769  2.7327762E+06  1.9759000E+04  6.2770741E+03  6.6710507E+03  1.0819425E+03  0.0000000E+00  1.7675158E+04  2.5174303E+02  0.0000000E+00  1.6454597E+03  0.0000000E+00  0.0000000E+00  0.0000000E+00  9.6948422E+04 -8.0966484E-03
     1.2800000E+02    221.4205042  2.7889428E+06  5.6166500E+04  2.5275688E+04  6.3773789E+03  7.6614893E+03  0.0000000E+00  1.7836221E+04  8.2259332E+02  0.0000000E+00  1.2593180E+04  0.0000000E+00  0.0000000E+00  0.0000000E+00  9.9483055E+04  1.6644223E-04
     1.2900000E+02    221.4985895  2.8385968E+06  4.9654000E+04  1.9067753E+04  3.9018494E+03  6.6746973E+03  0.0000000E+00  1.8045098E+04  1.1123130E+03  0.0000000E+00  1.0877453E+04  0.0000000E+00  0.0000000E+00  0.0000000E+00  1.0255131E+05 -5.7880958E-03
     1.3000000E+02    221.5226732  2.8539112E+06  1.5314500E+04  0.0000000E+00  5.9876446E+03  1.5587194E+03  0.0000000E+00  1.8211344E+04  7.5635248E+02  0.0000000E+00  2.2885332E+03  0.0000000E+00  0.0000000E+00  0.0000000E+00  1.0453392E+05  4.4714005E-04
     1.3100000E+02    221.6078109  2.9080498E+06  5.4138500E+04  2.1358882E+04  5.1823980E+03  7.3829448E+03  0.0000000E+00  1.8465514E+04  1.0947123E+03  0.0000000E+00  1.3208156E+04  0.0000000E+00  0.0000000E+00  0.0000000E+00  1.0739288E+05 -1.8750364E-04
     1.3200000E+02    221.6356694  2.9257648E+06  1.7715000E+04  0.0000000E+00  3.9477578E+03  1.6233308E+03  0.0000000E+00  1.8661137E+04  8.3197693E+02  0.0000000E+00  2.2103254E+03  0.0000000E+00  0.0000000E+00  0.0000000E+00  1.0948420E+05  2.6047695E-04
     1.3300000E+02    221.6831564  2.9559612E+06  3.0196500E+04  8.5911486E+03  4.1791393E+03  3.1103315E+03  0.0000000E+00  1.8759289E+04  7.9185406E+02  0.0000000E+00  4.7067856E+03  0.0000000E+00  0.0000000E+00  0.0000000E+00  1.1145472E+05  1.7772063E-04
     1.3400000E+02    221.7465321  2.9962615E+06  4.0300250E+04  1.2407327E+04  2.4813998E+03  4.5485679E+03  0.0000000E+00  1.8944217E+04  9.9059058E+02  0.0000000E+00  7.8720225E+03  0.0000000E+00  0.0000000E+00  0.0000000E+00  1.1391076E+05 -2.4987358E-04
     1.3500000E+02    221.8821909  3.0828152E+06  8.6553750E+04  3.4317249E+04  4.2537049E+03  1.3635127E+04  0.0000000E+00  1.9276783E+04  1.8277354E+03  0.0000000E+00  2.5405953E+04  0.0000000E+00  0.0000000E+00  0.0000000E+00  1.1847628E+05 -8.4336272E-05
     1.3600000E+02    221.9473538  3.1254662E+06  4.2651000E+04  1.3673167E+04  2.8561886E+03  5.3850547E+03  0.0000000E+00  1.9562574E+04  1.6552683E+03  0.0000000E+00  8.5418594E+03  0.0000000E+00  0.0000000E+00  0.0000000E+00  1.2231232E+05  4.2240781E-04
     1.3700000E+02    221.9996984  3.1597275E+06  3.4261250E+04  9.8766131E+03  5.5103999E+03  4.4377666E+03  0.0000000E+00  1.9785115E+04  1.3291166E+03  0.0000000E+00  7.0011807E+03  0.0000000E+00  0.0000000E+00  0.0000000E+00  1.2525434E+05 -2.1859434E-04
     1.3800000E+02    222.2096937  3.2990335E+06  1.3930600E+05  5.6081312E+04  3.3700134E+03  2.4617988E+04  0.0000000E+00  2.0506990E+04  2.8496565E+03  0.0000000E+00  4.4319430E+04  0.0000000E+00  0.0000000E+00  0.0000000E+00  1.3268409E+05  3.2210803E-05
     1.3900000E+02    222.4165905  3.4387388E+06  1.3970525E+05  5.8903661E+04  3.0982800E+03  2.4084809E+04  0.0000000E+00  2.1697793E+04  3.9770659E+03  0.0000000E+00  4.2094289E+04  0.0000000E+00  0.0000000E+00  0.0000000E+00  1.4233005E+05 -3.1935429E-05
     1.4000000E+02    222.5169807  3.5065262E+06  6.7787500E+04  2.7060768E+04  2.4616543E+03  9.0589883E+03  0.0000000E+00  2.2924254E+04  3.6426113E+03  0.0000000E+00  1.4847807E+04  0.0000000E+00  0.0000000E+00  0.0000000E+00  1.4946491E+05  6.3437343E-05
     1.4100000E+02    222.5473610  3.5270402E+06  2.0514000E+04  0.0000000E+00  5.3455139E+03  2.4212673E+03  0.0000000E+00  2.3284186E+04  2.4328228E+03  0.0000000E+00  2.5868679E+03  0.0000000E+00  0.0000000E+00  0.0000000E+00  1.5289891E+05 -5.5226999E-05
     1.4200000E+02    222.5753341  3.5459290E+06  1.8888750E+04  0.0000000E+00  6.5119221E+03  1.9025502E+03  0.0000000E+00  2.3216775E+04  1.7470559E+03  0.0000000E+00  2.0282683E+03  0.0000000E+00  0.0000000E+00  0.0000000E+00  1.5467880E+05 -4.9641833E-04
     1.4300000E+02    222.6013622  3.5635042E+06  1.7575250E+04  0.0000000E+00  7.2131554E+03  1.5467324E+03  0.0000000E+00  2.3033396E+04  1.4251646E+03  0.0000000E+00  1.6333975E+03  0.0000000E+00  0.0000000E+00  0.0000000E+00  1.5590845E+05 -1.6391823E-04
     1.4400000E+02    222.6284233  3.5817770E+06  1.8272750E+04  2.2674026E+03  8.9025910E+03  1.5562086E+03  0.0000000E+00  2.2836756E+04  1.2783925E+03  0.0000000E+00  1.7899230E+03  0.0000000E+00  0.0000000E+00  0.0000000E+00  1.5696530E+05 -1.2109938E-02
     1.4500000E+02    222.7137243  3.6393758E+06  5.7598750E+04  2.5614527E+04  9.2471483E+03  7.9357656E+03  0.0000000E+00  2.2823098E+04  1.9901116E+03  0.0000000E+00  1.2462588E+04  0.0000000E+00  0.0000000E+00  0.0000000E+00  1.5954927E+05 -4.5397774E-05
     1.4600000E+02    222.7558981  3.6678532E+06  2.8477500E+04  7.4149277E+03  8.1912199E+03  3.3834478E+03  0.0000000E+00  2.2794105E+04  1.8998236E+03  0.0000000E+00  4.9715781E+03  0.0000000E+00  0.0000000E+00  0.0000000E+00  1.6170092E+05 -1.1628379E-02
     1.4700000E+02    222.7881678  3.6896430E+06  2.1789750E+04  3.4276335E+03  8.6207149E+03  2.4464014E+03  0.0000000E+00  2.2689758E+04  1.6186633E+03  0.0000000E+00  3.4653608E+03  0.0000000E+00  0.0000000E+00  0.0000000E+00  1.6319483E+05  8.5371437E-05
     1.4800000E+02    222.8187565  3.7102978E+06  2.0654750E+04  3.4327136E+03  9.2427273E+03  2.2172446E+03  0.0000000E+00  2.2577518E+04  1.4633196E+03  0.0000000E+00  3.1333223E+03  0.0000000E+00  0.0000000E+00  0.0000000E+00  1.6443950E+05  6.2279187E-06
     1.4900000E+02    222.8459067  3.7286308E+06  1.8333000E+04  1.1457408E+03  7.8081234E+03  1.6557935E+03  0.0000000E+00  2.2491652E+04  1.3441849E+03  0.0000000E+00  2.1945471E+03  0.0000000E+00  0.0000000E+00  0.0000000E+00  1.6554661E+05  8.8249585E-03
     1.5000000E+02    222.8693313  3.7444480E+06  1.5817250E+04  0.0000000E+00  8.2000666E+03  1.2649834E+03  0.0000000E+00  2.2421020E+04  1.2276898E+03  0.0000000E+00  1.5589871E+03  0.0000000E+00  0.0000000E+00  0.0000000E+00  1.6651119E+05 -6.1893465E-05
     1.5100000E+02    222.8915414  3.7596242E+06  1.5176250E+04  5.7410158E+02  9.0748237E+03  1.1167251E+03  0.0000000E+00  2.2354238E+04  1.1477499E+03  0.0000000E+00  1.3537607E+03  0.0000000E+00  0.0000000E+00  0.0000000E+00  1.6737705E+05  1.1534736E-05
     1.5200000E+02    222.9579372  3.8054872E+06  4.5863000E+04  1.9492372E+04  8.2700691E+03  5.3990615E+03  0.0000000E+00  2.2395523E+04  1.7241968E+03  0.0000000E+00  8.5704561E+03  0.0000000E+00  0.0000000E+00  0.0000000E+00  1.6940080E+05  2.6574358E-04
     1.5300000E+02    223.0801213  3.8898865E+06  8.4399250E+04  3.6391475E+04  9.6992080E+03  1.3222151E+04  0.0000000E+00  2.3589174E+04  2.9021106E+03  0.0000000E+00  2.3797652E+04  0.0000000E+00  0.0000000E+00  0.0000000E+00  1.7468569E+05 -1.2081129E-04
     1.5400000E+02    223.4263658  4.1331472E+06  2.4326075E+05  1.0498836E+05  4.2475530E+03  4.3532738E+04  0.0000000E+00  2.6513146E+04  6.9090239E+03  0.0000000E+00  7.9383109E+04  0.0000000E+00  0.0000000E+00  0.0000000E+00  1.8795345E+05  1.2282967E-05
     1.5500000E+02    223.4750364  4.1674462E+06  3.4299000E+04  8.5283990E+03  3.8982088E+03  2.7904089E+03  0.0000000E+00  2.8685957E+04  5.3016440E+03  0.0000000E+00  3.4940640E+03  0.0000000E+00  0.0000000E+00  0.0000000E+00  1.9631309E+05 -5.3880762E-05
     1.5600000E+02    223.5074323  4.1902760E+06  2.2829750E+04  0.0000000E+00  7.9989331E+03  1.7988713E+03  0.0000000E+00  3.0695307E+04  3.6582004E+03  0.0000000E+00  1.9927903E+03  0.0000000E+00  0.0000000E+00  0.0000000E+00  2.0171847E+05  2.4918834E-04
     1.5700000E+02    223.5421520  4.2147435E+06  2.4467500E+04  0.0000000E+00  7.4085793E+03  1.4728787E+03  0.0000000E+00  3.1774086E+04  3.0235845E+03  0.0000000E+00  1.6527188E+03  0.0000000E+00  0.0000000E+00  0.0000000E+00  2.0545316E+05  5.5963974E-05
     1.5800000E+02    223.5741433  4.2372885E+06  2.2545000E+04  0.0000000E+00  8.8299328E+03  1.2326544E+03  0.0000000E+00  3.1394285E+04  2.6287629E+03  0.0000000E+00  1.3764799E+03  0.0000000E+00  0.0000000E+00  0.0000000E+00  2.0779009E+05 -8.1563491E-04
     1.5900000E+02    223.6054927  4.2593805E+06  2.2092000E+04  0.0000000E+00  8.5361000E+03  1.0493441E+03  0.0000000E+00  3.0734670E+04  2.3434124E+03  0.0000000E+00  1.1878949E+03  0.0000000E+00  0.0000000E+00  0.0000000E+00  2.0957558E+05  1.2084150E-03
     1.6000000E+02    223.6381234  4.2823760E+06  2.2995500E+04  0.0000000E+00  6.6818134E+03  9.0562183E+02  0.0000000E+00  2.9934549E+04  2.1799614E+03  0.0000000E+00  1.0169974E+03  0.0000000E+00  0.0000000E+00  0.0000000E+00  2.1099033E+05 -3.3719843E-04
     1.6100000E+02    223.6685774  4.3038375E+06  2.1461500E+04  0.0000000E+00  7.3211631E+03  7.9046643E+02  0.0000000E+00  2.9158764E+04  2.0477220E+03  0.0000000E+00  8.8307764E+02  0.0000000E+00  0.0000000E+00  0.0000000E+00  2.1219911E+05  6.2396498E-03
     1.6200000E+02    223.6962118  4.3233120E+06  1.9474500E+04  0.0000000E+00  8.5491302E+03  6.9654175E+02  0.0000000E+00  2.8474504E+04  1.9092557E+03  0.0000000E+00  7.6421539E+02  0.0000000E+00  0.0000000E+00  0.0000000E+00  2.1327133E+05  7.9337871E-03
     1.6300000E+02    223.7198711  4.3399850E+06  1.6673000E+04  0.0000000E+00  1.0732998E+04  6.1878284E+02  0.0000000E+00  2.7910258E+04  1.7801309E+03  0.0000000E+00  6.5711755E+02  0.0000000E+00  0.0000000E+00  0.0000000E+00  2.1419564E+05  1.0037934E-04
     1.6400000E+02    223.7412007  4.3550160E+06  1.5031000E+04  0.0000000E+00  1.1836634E+04  5.5358508E+02  0.0000000E+00  2.7399354E+04  1.6480940E+03  0.0000000E+00  5.6312805E+02  0.0000000E+00  0.0000000E+00  0.0000000E+00  2.1498317E+05  1.1849132E-03
     1.6500000E+02    223.7635228  4.3707470E+06  1.5731000E+04  0.0000000E+00  1.0618077E+04  4.9831754E+02  0.0000000E+00  2.6922123E+04  1.5547230E+03  0.0000000E+00  4.9358789E+02  0.0000000E+00  0.0000000E+00  0.0000000E+00  2.1576917E+05  3.6646418E-02
     1.6600000E+02    223.7826485  4.3842250E+06  1.3478000E+04  0.0000000E+00  1.2463460E+04  4.5101758E+02  0.0000000E+00  2.6490143E+04  1.4438718E+03  0.0000000E+00  4.4641431E+02  0.0000000E+00  0.0000000E+00  0.0000000E+00  2.1646438E+05  8.1868786E-03
     1.6700000E+02    223.8015045  4.3975130E+06  1.3288000E+04  0.0000000E+00  1.2251676E+04  4.1019403E+02  0.0000000E+00  2.6090479E+04  1.3678428E+03  0.0000000E+00  4.0624597E+02  0.0000000E+00  0.0000000E+00  0.0000000E+00  2.1710455E+05 -2.2357169E-03
     1.6800000E+02    223.8199429  4.4105070E+06  1.2994000E+04  0.0000000E+00  1.2121456E+04  3.7469507E+02  0.0000000E+00  2.5699125E+04  1.3297366E+03  0.0000000E+00  3.7121967E+02  0.0000000E+00  0.0000000E+00  0.0000000E+00  2.1770308E+05 -5.7976966E-04
     1.6900000E+02    223.8362147  4.4219740E+06  1.1467000E+04  0.0000000E+00  1.3351178E+04  3.4361829E+02  0.0000000E+00  2.5382725E+04  1.2410043E+03  0.0000000E+00  3.4048471E+02  0.0000000E+00  0.0000000E+00  0.0000000E+00  2.1829769E+05  2.9330410E-02
     1.7000000E+02    223.8510842  4.4324530E+06  1.0479000E+04  0.0000000E+00  1.4075430E+04  3.1624765E+02  0.0000000E+00  2.5089834E+04  1.1594741E+03  0.0000000E+00  3.1336160E+02  0.0000000E+00  0.0000000E+00  0.0000000E+00  2.1882309E+05  2.1536479E-02
     1.7100000E+02    223.8664721  4.4432970E+06  1.0844000E+04  0.0000000E+00  1.3433040E+04  2.9200845E+02  0.0000000E+00  2.4830223E+04  1.1174033E+03  0.0000000E+00  2.8930170E+02  0.0000000E+00  0.0000000E+00  0.0000000E+00  2.1935427E+05  6.7252316E-02
     1.7200000E+02    223.9973458  4.5369980E+06  9.3701000E+04  4.6955740E+04  1.0684145E+04  1.3332358E+04  0.0000000E+00  2.5020230E+04  2.9970935E+03  0.0000000E+00  2.2094828E+04  0.0000000E+00  0.0000000E+00  0.0000000E+00  2.2380003E+05  1.9472484E-02
     1.7300000E+02    224.0289768  4.5597365E+06  2.2738500E+04  3.4819815E+03  6.7100394E+03  1.4415762E+03  0.0000000E+00  2.5132785E+04  2.5116421E+03  0.0000000E+00  1.8690786E+03  0.0000000E+00  0.0000000E+00  0.0000000E+00  2.2662578E+05 -1.0887802E-01
     1.7400000E+02    224.0509016  4.5754975E+06  1.5761000E+04  0.0000000E+00  9.5416308E+03  9.9106213E+02  0.0000000E+00  2.5067316E+04  1.8926820E+03  0.0000000E+00  1.1369663E+03  0.0000000E+00  0.0000000E+00  0.0000000E+00  2.2812973E+05  1.2209121E-04
     1.7500000E+02    224.0690494  4.5885435E+06  1.3046000E+04  0.0000000E+00  1.2002754E+04  8.3209338E+02  0.0000000E+00  2.4969566E+04  1.5760181E+03  0.0000000E+00  9.2781226E+02  0.0000000E+00  0.0000000E+00  0.0000000E+00  2.2912836E+05  3.9170682E-01
     1.7600000E+02    224.0852356  4.6001790E+06  1.1635500E+04  0.0000000E+00  1.3315811E+04  7.1216724E+02  0.0000000E+00  2.4834205E+04  1.3819100E+03  0.0000000E+00  7.7686633E+02  0.0000000E+00  0.0000000E+00  0.0000000E+00  2.2988388E+05 -3.7922468E-02
     1.7700000E+02    224.0991517  4.6101830E+06  1.0004000E+04  0.0000000E+00  1.4739719E+04  6.1862781E+02  0.0000000E+00  2.4703971E+04  1.2348108E+03  0.0000000E+00  6.6352478E+02  0.0000000E+00  0.0000000E+00  0.0000000E+00  2.3048205E+05  2.9218569E-02
     1.7800000E+02    224.1126159  4.6198620E+06  9.6790000E+03  0.0000000E+00  1.4896737E+04  5.4378149E+02  0.0000000E+00  2.4576176E+04  1.1197144E+03  0.0000000E+00  5.7551489E+02  0.0000000E+00  0.0000000E+00  0.0000000E+00  2.3103559E+05  8.3611521E-05
     1.7900000E+02    224.1236983  4.6278290E+06  7.9670000E+03  0.0000000E+00  1.6446290E+04  4.8266650E+02  0.0000000E+00  2.4451354E+04  1.0216639E+03  0.0000000E+00  5.0538440E+02  0.0000000E+00  0.0000000E+00  0.0000000E+00  2.3148058E+05  1.7489476E-02
     1.8000000E+02    224.1379646  4.6380845E+06  1.0255500E+04  0.0000000E+00  1.3952836E+04  4.3193237E+02  0.0000000E+00  2.4339488E+04  1.0073475E+03  0.0000000E+00  4.4861108E+02  0.0000000E+00  0.0000000E+00  0.0000000E+00  2.3198594E+05  1.7238902E-02
     1.8100000E+02    224.1545336  4.6500765E+06  1.1992000E+04  0.0000000E+00  1.1935645E+04  3.8923190E+02  0.0000000E+00  2.4221299E+04  1.0845781E+03  0.0000000E+00  4.0162067E+02  0.0000000E+00  0.0000000E+00  0.0000000E+00  2.3256003E+05 -2.8111335E-04
     1.8200000E+02    224.1672725  4.6593650E+06  9.2885000E+03  0.0000000E+00  1.4537541E+04  3.5287088E+02  0.0000000E+00  2.4112400E+04  1.0011307E+03  0.0000000E+00  3.6215176E+02  0.0000000E+00  0.0000000E+00  0.0000000E+00  2.3309164E+05  1.0148179E-03
     1.8300000E+02    224.1795011  4.6682815E+06  8.9165000E+03  0.0000000E+00  1.4781137E+04  3.2159552E+02  0.0000000E+00  2.3987143E+04  9.3118866E+02  0.0000000E+00  3.2858383E+02  0.0000000E+00  0.0000000E+00  0.0000000E+00  2.3355469E+05  3.4488611E-02
     1.8400000E+02    224.1949428  4.6795415E+06  1.1260000E+04  0.0000000E+00  1.2186087E+04  2.9445789E+02  0.0000000E+00  2.3841842E+04  9.9035815E+02  0.0000000E+00  2.9972684E+02  0.0000000E+00  0.0000000E+00  0.0000000E+00  2.3405331E+05 -1.7104611E-03
     1.8500000E+02    224.2117617  4.6918050E+06  1.2263500E+04  0.0000000E+00  1.1051914E+04  2.7072864E+02  0.0000000E+00  2.3769955E+04  9.9974225E+02  0.0000000E+00  2.7468787E+02  0.0000000E+00  0.0000000E+00  0.0000000E+00  2.3470995E+05  8.8357175E-04
     1.8600000E+02    224.2276627  4.7033995E+06  1.1594500E+04  0.0000000E+00  1.1591200E+04  2.4983720E+02  0.0000000E+00  2.3685133E+04  1.0021001E+03  0.0000000E+00  2.5278439E+02  0.0000000E+00  0.0000000E+00  0.0000000E+00  2.3535627E+05 -1.9379641E-04
     1.8700000E+02    224.2399404  4.7123520E+06  8.9525000E+03  0.0000000E+00  1.4169594E+04  2.3133157E+02  0.0000000E+00  2.3592910E+04  9.2493695E+02  0.0000000E+00  2.3348581E+02  0.0000000E+00  0.0000000E+00  0.0000000E+00  2.3589392E+05  4.4456869E-02
     1.8800000E+02    224.2484889  4.7185850E+06  6.2330000E+03  0.0000000E+00  1.6875932E+04  2.1484872E+02  0.0000000E+00  2.3502107E+04  8.1872363E+02  0.0000000E+00  2.1637370E+02  0.0000000E+00  0.0000000E+00  0.0000000E+00  2.3626638E+05  2.3706807E-02
     1.8900000E+02    224.2723557  4.7359880E+06  1.7403000E+04  8.5597719E+03  1.6340401E+04  1.1062310E+03  0.0000000E+00  2.3391217E+04  1.0720432E+03  0.0000000E+00  1.7580210E+03  0.0000000E+00  0.0000000E+00  0.0000000E+00  2.3697756E+05 -5.7782704E-04
     1.9000000E+02    224.2857677  4.7457675E+06  9.7795000E+03  0.0000000E+00  1.3713548E+04  4.7585541E+02  0.0000000E+00  2.3341125E+04  9.7360730E+02  0.0000000E+00  6.4979742E+02  0.0000000E+00  0.0000000E+00  0.0000000E+00  2.3767369E+05  4.9892272E-04
     1.9100000E+02    224.3309519  4.7787140E+06  3.2946500E+04  1.0862599E+04  5.2477555E+03  2.0839417E+03  0.0000000E+00  2.3308533E+04  1.4596344E+03  0.0000000E+00  3.3989973E+03  0.0000000E+00  0.0000000E+00  0.0000000E+00  2.3922559E+05  4.5313759E-04
     1.9200000E+02    224.3463707  4.7899570E+06  1.1243000E+04  0.0000000E+00  1.2535182E+04  7.7983453E+02  0.0000000E+00  2.3258559E+04  1.3877263E+03  0.0000000E+00  1.1273610E+03  0.0000000E+00  0.0000000E+00  0.0000000E+00  2.4027670E+05 -6.1312242E-04
     1.9300000E+02    224.3590702  4.7992170E+06  9.2600000E+03  0.0000000E+00  1.4274720E+04  6.2946729E+02  0.0000000E+00  2.3227291E+04  1.1948652E+03  0.0000000E+00  8.7281812E+02  0.0000000E+00  0.0000000E+00  0.0000000E+00  2.4097711E+05 -3.5540692E-05
     1.9400000E+02    224.3695046  4.8068255E+06  7.6085000E+03  0.0000000E+00  1.5755718E+04  5.2514520E+02  0.0000000E+00  2.3201387E+04  1.0636603E+03  0.0000000E+00  7.0126282E+02  0.0000000E+00  0.0000000E+00  0.0000000E+00  2.4151705E+05 -3.4380661E-04
     1.9500000E+02    224.3831601  4.8167825E+06  9.9570000E+03  0.0000000E+00  1.3275952E+04  4.4872513E+02  0.0000000E+00  2.3184627E+04  9.7986115E+02  0.0000000E+00  5.7952802E+02  0.0000000E+00  0.0000000E+00  0.0000000E+00  2.4212905E+05  2.7829324E-04
     1.9600000E+02    224.4010487  4.8298265E+06  1.3044000E+04  1.1459780E+03  1.1379862E+04  4.9133786E+02  0.0000000E+00  2.3174811E+04  1.0455754E+03  0.0000000E+00  6.5707745E+02  0.0000000E+00  0.0000000E+00  0.0000000E+00  2.4288044E+05 -9.2022901E-04
     1.9700000E+02    224.4155858  4.8404260E+06  1.0599500E+04  0.0000000E+00  1.2397129E+04  3.8908835E+02  0.0000000E+00  2.3149904E+04  1.0322865E+03  0.0000000E+00  4.9032889E+02  0.0000000E+00  0.0000000E+00  0.0000000E+00  2.4357889E+05  1.6947069E-03
     1.9800000E+02    224.4296139  4.8506550E+06  1.0229000E+04  0.0000000E+00  1.2577289E+04  3.4272797E+02  0.0000000E+00  2.3114141E+04  1.0715933E+03  0.0000000E+00  4.2081470E+02  0.0000000E+00  0.0000000E+00  0.0000000E+00  2.4420556E+05 -8.3433028E-04
     1.9900000E+02    224.4381937  4.8569110E+06  6.2560000E+03  0.0000000E+00  1.6582551E+04  3.0535809E+02  0.0000000E+00  2.3081605E+04  9.1475787E+02  0.0000000E+00  3.6646735E+02  0.0000000E+00  0.0000000E+00  0.0000000E+00  2.4468291E+05  5.1801727E-04
     2.0000000E+02    224.4434003  4.8607075E+06  3.7965000E+03  0.0000000E+00  1.9044471E+04  2.7458719E+02  0.0000000E+00  2.3026342E+04  7.8299121E+02  0.0000000E+00  3.2300336E+02  0.0000000E+00  0.0000000E+00  0.0000000E+00  2.4494777E+05 -1.2401355E-04
     2.0100000E+02    224.4457614  4.8624290E+06  1.7215000E+03  0.0000000E+00  2.1082354E+04  2.4880701E+02  0.0000000E+00  2.2939523E+04  6.7194397E+02  0.0000000E+00  2.8757388E+02  0.0000000E+00  0.0000000E+00  0.0000000E+00  2.4502728E+05  4.5758355E-04
     2.0200000E+02    224.4448243  4.8617460E+06 -6.8300000E+02  0.0000000E+00  2.3511560E+04  2.2689590E+02  0.0000000E+00  2.2877461E+04  5.3431042E+02  0.0000000E+00  2.5821967E+02  0.0000000E+00  0.0000000E+00  0.0000000E+00  2.4496500E+05 -1.2264970E-03
     2.0300000E+02    224.4433777  4.8606910E+06 -1.0550000E+03  0.0000000E+00  2.3873136E+04  2.0804744E+02  0.0000000E+00  2.2826127E+04  4.3882932E+02  0.0000000E+00  2.3355502E+02  0.0000000E+00  0.0000000E+00  0.0000000E+00  2.4483808E+05  4.4265110E-02
     2.0400000E+02    224.4439461  4.8611055E+06  4.1450000E+02  0.0000000E+00  2.2327573E+04  1.9166660E+02  0.0000000E+00  2.2751381E+04  4.1363525E+02  0.0000000E+00  2.1257639E+02  0.0000000E+00  0.0000000E+00  0.0000000E+00  2.4473125E+05 -3.7113015E-04
     2.0500000E+02    224.4485281  4.8644465E+06  3.3410000E+03  0.0000000E+00  1.9282038E+04  1.7730446E+02  0.0000000E+00  2.2710721E+04  4.6171719E+02  0.0000000E+00  1.9454121E+02  0.0000000E+00  0.0000000E+00  0.0000000E+00  2.4479612E+05 -9.4768489E-03
     2.0600000E+02    224.4614609  4.8738765E+06  9.4300000E+03  0.0000000E+00  1.2901226E+04  1.6461560E+02  0.0000000E+00  2.2656484E+04  6.6862030E+02  0.0000000E+00  1.7888991E+02  0.0000000E+00  0.0000000E+00  0.0000000E+00  2.4515348E+05  6.2415109E-04
     2.0700000E+02    224.4711752  4.8809600E+06  7.0835000E+03  0.0000000E+00  1.5123643E+04  1.5332976E+02  0.0000000E+00  2.2619105E+04  7.3062604E+02  0.0000000E+00  1.6519370E+02  0.0000000E+00  0.0000000E+00  0.0000000E+00  2.4556378E+05 -6.0881808E-04
     2.0800000E+02    224.4793180  4.8868975E+06  5.9375000E+03  0.0000000E+00  1.6217325E+04  1.4323218E+02  0.0000000E+00  2.2574086E+04  7.1570349E+02  0.0000000E+00  1.5311896E+02  0.0000000E+00  0.0000000E+00  0.0000000E+00  2.4591633E+05 -3.9283792E-04
     2.0900000E+02    224.4897083  4.8944735E+06  7.5760000E+03  0.0000000E+00  1.4481029E+04  1.3414998E+02  0.0000000E+00  2.2533949E+04  7.5324823E+02  0.0000000E+00  1.4240277E+02  0.0000000E+00  0.0000000E+00  0.0000000E+00  2.4631798E+05  9.8467525E-04
     2.1000000E+02    224.5011493  4.9028160E+06  8.3425000E+03  0.0000000E+00  1.3605992E+04  1.2594239E+02  0.0000000E+00  2.2493129E+04  8.0351428E+02  0.0000000E+00  1.3283534E+02  0.0000000E+00  0.0000000E+00  0.0000000E+00  2.4680322E+05 -4.4209894E-04
     2.1100000E+02    224.5128970  4.9113820E+06  8.5660000E+03  0.0000000E+00  1.3290184E+04  1.1849348E+02  0.0000000E+00  2.2453467E+04  8.4001727E+02  0.0000000E+00  1.2424734E+02  0.0000000E+00  0.0000000E+00  0.0000000E+00  2.4732584E+05  2.1513782E-05
     2.1200000E+02    224.5190505  4.9158690E+06  4.4870000E+03  0.0000000E+00  1.7461942E+04  1.1170693E+02  0.0000000E+00  2.2420969E+04  6.9043805E+02  0.0000000E+00  1.1650079E+02  0.0000000E+00  0.0000000E+00  0.0000000E+00  2.4771466E+05  4.3254886E-02
     2.1300000E+02    224.5865997  4.9651235E+06  4.9254500E+04  2.6965029E+04  1.2739849E+04  5.3483984E+03  0.0000000E+00  2.2472744E+04  1.6566929E+03  0.0000000E+00  8.8648301E+03  0.0000000E+00  0.0000000E+00  0.0000000E+00  2.4996008E+05 -6.1369814E-05
     2.1400000E+02    224.6153163  4.9860625E+06  2.0939000E+04  3.2913943E+03  6.4593502E+03  1.2558068E+03  0.0000000E+00  2.2537152E+04  1.6435239E+03  0.0000000E+00  1.9576404E+03  0.0000000E+00  0.0000000E+00  0.0000000E+00  2.5188708E+05  4.1696086E-04
     2.1500000E+02    224.6514948  5.0124425E+06  2.6380000E+04  6.5902872E+03  5.8699142E+03  1.8365280E+03  0.0000000E+00  2.2581420E+04  1.6979869E+03  0.0000000E+00  2.9397539E+03  0.0000000E+00  0.0000000E+00  0.0000000E+00  2.5368322E+05  2.5889790E-04
     2.1600000E+02    224.6677911  5.0243255E+06  1.1883000E+04  2.6374658E+03  1.5053416E+04  1.2913806E+03  0.0000000E+00  2.2612973E+04  1.5743325E+03  0.0000000E+00  1.9685760E+03  0.0000000E+00  0.0000000E+00  0.0000000E+00  2.5486809E+05 -1.2399534E-03
     2.1700000E+02    224.6795552  5.0329030E+06  8.5775000E+03  0.0000000E+00  1.4824063E+04  8.2485034E+02  0.0000000E+00  2.2605039E+04  1.1860262E+03  0.0000000E+00  1.1581865E+03  0.0000000E+00  0.0000000E+00  0.0000000E+00  2.5568816E+05  1.9779024E-03
     2.1800000E+02    224.6909389  5.0412040E+06  8.3010000E+03  0.0000000E+00  1.4700470E+04  6.5915588E+02  0.0000000E+00  2.2597600E+04  1.0573135E+03  0.0000000E+00  8.8472943E+02  0.0000000E+00  0.0000000E+00  0.0000000E+00  2.5633159E+05  3.4256467E-01
     2.1900000E+02    224.7028956  5.0499220E+06  8.7180000E+03  0.0000000E+00  1.4102624E+04  5.4502893E+02  0.0000000E+00  2.2571398E+04  9.9851044E+02  0.0000000E+00  7.0305072E+02  0.0000000E+00  0.0000000E+00  0.0000000E+00  2.5693656E+05  1.4431466E-03
     2.2000000E+02    224.7132422  5.0574665E+06  7.5445000E+03  0.0000000E+00  1.5078410E+04  4.6194296E+02  0.0000000E+00  2.2537713E+04  9.4316974E+02  0.0000000E+00  5.7567877E+02  0.0000000E+00  0.0000000E+00  0.0000000E+00  2.5746898E+05  3.9252494E-02
     2.2100000E+02    224.7228905  5.0645020E+06  7.0355000E+03  0.0000000E+00  1.5379457E+04  3.9888058E+02  0.0000000E+00  2.2489045E+04  9.5579047E+02  0.0000000E+00  4.8255304E+02  0.0000000E+00  0.0000000E+00  0.0000000E+00  2.5792358E+05 -1.1491193E-03
     2.2200000E+02    224.7297851  5.0695290E+06  5.0270000E+03  0.0000000E+00  1.7300607E+04  3.4945114E+02  0.0000000E+00  2.2451582E+04  8.8525378E+02  0.0000000E+00  4.1213330E+02  0.0000000E+00  0.0000000E+00  0.0000000E+00  2.5829203E+05  1.3125633E-03
     2.2300000E+02    224.7403704  5.0772475E+06  7.7185000E+03  0.0000000E+00  1.4446853E+04  3.0971085E+02  0.0000000E+00  2.2412777E+04  9.1463086E+02  0.0000000E+00  3.5739178E+02  0.0000000E+00  0.0000000E+00  0.0000000E+00  2.5873128E+05 -4.4851023E-04
     2.2400000E+02    224.7513041  5.0852200E+06  7.9725000E+03  0.0000000E+00  1.4021722E+04  2.7710028E+02  0.0000000E+00  2.2372750E+04  9.6953351E+02  0.0000000E+00  3.1384604E+02  0.0000000E+00  0.0000000E+00  0.0000000E+00  2.5921489E+05 -2.5090555E-04
     2.2500000E+02    224.7609730  5.0922700E+06  7.0500000E+03  0.0000000E+00  1.4823863E+04  2.4988753E+02  0.0000000E+00  2.2326254E+04  9.8055103E+02  0.0000000E+00  2.7852457E+02  0.0000000E+00  0.0000000E+00  0.0000000E+00  2.5966698E+05  1.1024143E-03
     2.2600000E+02    224.7706200  5.0993045E+06  7.0345000E+03  0.0000000E+00  1.4796050E+04  2.2685930E+02  0.0000000E+00  2.2294305E+04  9.4027008E+02  0.0000000E+00  2.4939256E+02  0.0000000E+00  0.0000000E+00  0.0000000E+00  2.6013033E+05 -1.1579510E-03
     2.2700000E+02    224.7765264  5.1036110E+06  4.3065000E+03  0.0000000E+00  1.7488361E+04  2.0714024E+02  0.0000000E+00  2.2245361E+04  8.8244458E+02  0.0000000E+00  2.2501704E+02  0.0000000E+00  0.0000000E+00  0.0000000E+00  2.6044544E+05  9.3877385E-04
     2.2800000E+02    224.7769106  5.1038915E+06  2.8050000E+02  0.0000000E+00  2.1548965E+04  1.9008275E+02  0.0000000E+00  2.2188949E+04  7.5428296E+02  0.0000000E+00  2.0436420E+02  0.0000000E+00  0.0000000E+00  0.0000000E+00  2.6052159E+05 -1.5567300E-03
     2.2900000E+02    224.7755861  5.1029255E+06 -9.6600000E+02  0.0000000E+00  2.2789663E+04  1.7519734E+02  0.0000000E+00  2.2094885E+04  6.3286993E+02  0.0000000E+00  1.8667209E+02  0.0000000E+00  0.0000000E+00  0.0000000E+00  2.6043548E+05  9.4226841E-04
     2.3000000E+02    224.7783401  5.1049335E+06  2.0080000E+03  0.0000000E+00  1.9703969E+04  1.6210712E+02  0.0000000E+00  2.2031242E+04  6.5259796E+02  0.0000000E+00  1.7136859E+02  0.0000000E+00  0.0000000E+00  0.0000000E+00  2.6044022E+05  6.8117894E-04
     2.3100000E+02    224.7881167  5.1120625E+06  7.1290000E+03  0.0000000E+00  1.4329442E+04  1.5051707E+02  0.0000000E+00  2.1971711E+04  8.2203375E+02  0.0000000E+00  1.5801683E+02  0.0000000E+00  0.0000000E+00  0.0000000E+00  2.6070873E+05 -1.0431748E-03
     2.3200000E+02    224.7976495  5.1190135E+06  6.9510000E+03  0.0000000E+00  1.4392421E+04  1.4019304E+02  0.0000000E+00  2.1927240E+04  8.7400793E+02  0.0000000E+00  1.4627814E+02  0.0000000E+00  0.0000000E+00  0.0000000E+00  2.6110266E+05 -1.6736390E-02
     2.3300000E+02    224.8047597  5.1241980E+06  5.1845000E+03  0.0000000E+00  1.6072913E+04  1.3094666E+02  0.0000000E+00  2.1864748E+04  8.7417511E+02  0.0000000E+00  1.3588643E+02  0.0000000E+00  0.0000000E+00  0.0000000E+00  2.6141381E+05 -2.6475174E-05
     2.3400000E+02    224.8120306  5.1294995E+06  5.3015000E+03  0.0000000E+00  1.5623560E+04  1.2262483E+02  0.0000000E+00  2.1560348E+04  8.8437439E+02  0.0000000E+00  1.2663007E+02  0.0000000E+00  0.0000000E+00  0.0000000E+00  2.6122864E+05  7.7911490E-04
     2.3500000E+02    224.8203514  5.1355665E+06  6.0670000E+03  0.0000000E+00  1.3223107E+04  1.1510181E+02  0.0000000E+00  1.9951051E+04  8.9415735E+02  0.0000000E+00  1.1833881E+02  0.0000000E+00  0.0000000E+00  0.0000000E+00  2.6020153E+05  1.1272965E-03
     2.3600000E+02    224.8291963  5.1420160E+06  6.4495000E+03  0.0000000E+00  1.1408132E+04  1.0827335E+02  0.0000000E+00  1.8611809E+04  9.7345813E+02  0.0000000E+00  1.1087432E+02  0.0000000E+00  0.0000000E+00  0.0000000E+00  2.5944761E+05 -7.0528808E-04
     2.3700000E+02    224.8312600  5.1435210E+06  1.5050000E+03  0.0000000E+00  1.5347020E+04  1.0205230E+02  0.0000000E+00  1.7517248E+04  8.7169617E+02  0.0000000E+00  1.0412314E+02  0.0000000E+00  0.0000000E+00  0.0000000E+00  2.5870078E+05 -1.6474931E-03
     2.3800000E+02    224.8270922  5.1404820E+06 -3.0390000E+03  0.0000000E+00  1.9712750E+04  9.6365326E+01  0.0000000E+00  1.7281580E+04  8.0216479E+02  0.0000000E+00  9.7991379E+01  0.0000000E+00  0.0000000E+00  0.0000000E+00  2.5819827E+05  1.1424616E-04
     2.3900000E+02    224.8219376  5.1367235E+06 -3.7585000E+03  0.0000000E+00  1.9672036E+04  9.1150215E+01  0.0000000E+00  1.6344954E+04  6.1497882E+02  0.0000000E+00  9.2400757E+01  0.0000000E+00  0.0000000E+00  0.0000000E+00  2.5723455E+05 -3.8509857E-05
     2.4000000E+02    224.8178439  5.1337385E+06 -2.9850000E+03  0.0000000E+00  1.8117836E+04  8.6353897E+01  0.0000000E+00  1.5523712E+04  5.6453778E+02  0.0000000E+00  8.7285492E+01  0.0000000E+00  0.0000000E+00  0.0000000E+00  2.5634989E+05 -1.1499810E-04
     2.4100000E+02    224.8152816  5.1318700E+06 -1.8685000E+03  0.0000000E+00  1.6263426E+04  8.1930824E+01  0.0000000E+00  1.4788950E+04  5.5834058E+02  0.0000000E+00  8.2589935E+01  0.0000000E+00  0.0000000E+00  0.0000000E+00  2.5559542E+05  1.2191237E-03
     2.4200000E+02    224.8143295  5.1311760E+06 -6.9400000E+02  0.0000000E+00  1.4405929E+04  7.7841713E+01  0.0000000E+00  1.4134329E+04  5.7878265E+02  0.0000000E+00  7.8266708E+01  0.0000000E+00  0.0000000E+00  0.0000000E+00  2.5503848E+05 -1.8312936E-03
     2.4300000E+02    224.8125238  5.1298590E+06 -1.3170000E+03  0.0000000E+00  1.4440323E+04  7.4052475E+01  0.0000000E+00  1.3545312E+04  5.6993634E+02  0.0000000E+00  7.4275253E+01  0.0000000E+00  0.0000000E+00  0.0000000E+00  2.5453166E+05  2.5308211E-03
     2.4400000E+02    224.8096362  5.1277535E+06 -2.1055000E+03  0.0000000E+00  1.4720723E+04  7.0533409E+01  0.0000000E+00  1.3010643E+04  5.3656750E+02  0.0000000E+00  7.0580620E+01  0.0000000E+00  0.0000000E+00  0.0000000E+00  2.5401858E+05 -2.1762137E-04
     2.4500000E+02    224.8050087  5.1243795E+06 -3.3740000E+03  0.0000000E+00  1.5556483E+04  6.7258537E+01  0.0000000E+00  1.2522067E+04  4.7420383E+02  0.0000000E+00  6.7152573E+01  0.0000000E+00  0.0000000E+00  0.0000000E+00  2.5346664E+05 -1.3036520E-03
     2.4600000E+02    224.7991442  5.1201030E+06 -4.2765000E+03  0.0000000E+00  1.6029350E+04  6.4205032E+01  0.0000000E+00  1.2020744E+04  3.9581067E+02  0.0000000E+00  6.3964809E+01  0.0000000E+00  0.0000000E+00  0.0000000E+00  2.5283845E+05  1.5458373E-03
     2.4700000E+02    224.7944440  5.1166760E+06 -3.4270000E+03  0.0000000E+00  1.4782767E+04  6.1352768E+01  0.0000000E+00  1.1629158E+04  3.9598044E+02  0.0000000E+00  6.0994324E+01  0.0000000E+00  0.0000000E+00  0.0000000E+00  2.5229277E+05 -1.5955698E-03
     2.4800000E+02    224.7897622  5.1132620E+06 -3.4140000E+03  0.0000000E+00  1.4425701E+04  5.8683907E+01  0.0000000E+00  1.1254955E+04  3.5679825E+02  0.0000000E+00  5.8220955E+01  0.0000000E+00  0.0000000E+00  0.0000000E+00  2.5177364E+05  2.2738565E-02
     2.4900000E+02    224.7838949  5.1089840E+06 -4.2780000E+03  0.0000000E+00  1.4969950E+04  5.6182636E+01  0.0000000E+00  1.0897491E+04  3.1761731E+02  0.0000000E+00  5.5626907E+01  0.0000000E+00  0.0000000E+00  0.0000000E+00  2.5124250E+05 -1.7439110E-03
     2.5000000E+02    224.7770190  5.1039705E+06 -5.0135000E+03  0.0000000E+00  1.5420646E+04  5.3834820E+01  0.0000000E+00  1.0561570E+04  2.6159546E+02  0.0000000E+00  5.3196472E+01  0.0000000E+00  0.0000000E+00  0.0000000E+00  2.5067786E+05 -8.9671486E-04
     2.5100000E+02    224.7707855  5.0994250E+06 -4.5455000E+03  0.0000000E+00  1.4660854E+04  5.1627872E+01  0.0000000E+00  1.0246461E+04  2.3338478E+02  0.0000000E+00  5.0915665E+01  0.0000000E+00  0.0000000E+00  0.0000000E+00  2.5012616E+05  1.7899644E-03
     2.5200000E+02    224.7634122  5.0940485E+06 -5.3765000E+03  0.0000000E+00  1.5240117E+04  4.9550491E+01  0.0000000E+00  9.9571807E+03  1.9176726E+02  0.0000000E+00  4.8772064E+01  0.0000000E+00  0.0000000E+00  0.0000000E+00  2.4955544E+05  7.6571375E-04
     2.5300000E+02    224.7691696  5.0982470E+06  4.1985000E+03  1.3116800E+03  6.6456532E+03  9.9140915E+01  0.0000000E+00  9.6816592E+03  3.7915497E+02  0.0000000E+00  1.3044112E+02  0.0000000E+00  0.0000000E+00  0.0000000E+00  2.4939081E+05 -3.4501448E-03
     2.5400000E+02    224.7613366  5.0925350E+06 -5.7120000E+03  0.0000000E+00  1.5024132E+04  7.1352585E+01  0.0000000E+00  9.4238340E+03  2.6808578E+02  0.0000000E+00  8.5463028E+01  0.0000000E+00  0.0000000E+00  0.0000000E+00  2.4898517E+05  2.8226164E-03
     2.5500000E+02    224.7664284  5.0962480E+06  3.7130000E+03  1.3115674E+03  6.7095853E+03  1.3078239E+02  0.0000000E+00  9.1935771E+03  3.9579178E+02  0.0000000E+00  1.8222870E+02  0.0000000E+00  0.0000000E+00  0.0000000E+00  2.4885278E+05 -2.0536585E-03
     2.5600000E+02    224.7574803  5.0897235E+06 -6.5245000E+03  0.0000000E+00  1.5468451E+04  9.4794495E+01  0.0000000E+00  8.9716855E+03  2.4653577E+02  0.0000000E+00  1.2386847E+02  0.0000000E+00  0.0000000E+00  0.0000000E+00  2.4843980E+05 -8.8241801E-04
     2.5700000E+02    224.7485697  5.0832260E+06 -6.4975000E+03  0.0000000E+00  1.5335937E+04  8.8092422E+01  0.0000000E+00  8.7800537E+03  1.4308434E+02  0.0000000E+00  1.1359566E+02  0.0000000E+00  0.0000000E+00  0.0000000E+00  2.4787819E+05  1.4321300E-03
     2.5800000E+02    224.7406710  5.0774665E+06 -5.7595000E+03  0.0000000E+00  1.4432540E+04  8.2177155E+01  0.0000000E+00  8.5906387E+03  1.0431147E+02  0.0000000E+00  1.0462126E+02  0.0000000E+00  0.0000000E+00  0.0000000E+00  2.4732170E+05  5.9116998E-04
     2.5900000E+02    224.7299716  5.0696650E+06 -7.8015000E+03  0.0000000E+00  1.6355792E+04  7.6916771E+01  0.0000000E+00  8.4240830E+03  4.3593727E+01  0.0000000E+00  9.6724014E+01  0.0000000E+00  0.0000000E+00  0.0000000E+00  2.4668819E+05 -9.8255405E-04
     2.6000000E+02    224.7221989  5.0639975E+06 -5.6675000E+03  0.0000000E+00  1.4043922E+04  7.2208199E+01  0.0000000E+00  8.2465049E+03  3.2096386E+01  0.0000000E+00  8.9730865E+01  0.0000000E+00  0.0000000E+00  0.0000000E+00  2.4611117E+05 -5.2727089E-04
     2.6100000E+02    224.7037499  5.0505450E+06 -1.3452500E+04  0.0000000E+00  2.1853028E+04  6.7968903E+01  0.0000000E+00  8.2492129E+03  0.0000000E+00  0.0000000E+00  8.3502960E+01  0.0000000E+00  0.0000000E+00  0.0000000E+00  2.4524458E+05  7.1947271E-04
     2.6200000E+02    224.6894481  5.0401170E+06 -1.0428000E+04  0.0000000E+00  1.8725528E+04  6.4132034E+01  0.0000000E+00  8.1551362E+03  0.0000000E+00  0.0000000E+00  7.7927673E+01  0.0000000E+00  0.0000000E+00  0.0000000E+00  2.4436822E+05 -1.7679326E-03
     2.6300000E+02    224.6804616  5.0335640E+06 -6.5530000E+03  0.0000000E+00  1.4612188E+04  6.0642879E+01  0.0000000E+00  7.9260278E+03  0.0000000E+00  0.0000000E+00  7.2912758E+01  0.0000000E+00  0.0000000E+00  0.0000000E+00  2.4367488E+05  2.7100397E-03
     2.6400000E+02    224.6701912  5.0260755E+06 -7.4885000E+03  0.0000000E+00  1.5372161E+04  5.7456261E+01  0.0000000E+00  7.7574888E+03  0.0000000E+00  0.0000000E+00  6.8382072E+01  0.0000000E+00  0.0000000E+00  0.0000000E+00  2.4301828E+05 -2.1726573E-03
     2.6500000E+02    224.6552479  5.0151790E+06 -1.0896500E+04  0.0000000E+00  1.8706025E+04  5.4534550E+01  0.0000000E+00  7.6910801E+03  0.0000000E+00  0.0000000E+00  6.4272293E+01  0.0000000E+00  0.0000000E+00  0.0000000E+00  2.4222083E+05  1.9316135E-03
     2.6600000E+02    224.6367237  5.0016720E+06 -1.3507000E+04  0.0000000E+00  2.1280936E+04  5.1846161E+01  0.0000000E+00  7.6614146E+03  0.0000000E+00  0.0000000E+00  6.0530373E+01  0.0000000E+00  0.0000000E+00  0.0000000E+00  2.4125472E+05 -6.7915837E-04
     2.6700000E+02    224.6200561  4.9895185E+06 -1.2153500E+04  0.0000000E+00  1.9817026E+04  4.9364410E+01  0.0000000E+00  7.5571191E+03  0.0000000E+00  0.0000000E+00  5.7111580E+01  0.0000000E+00  0.0000000E+00  0.0000000E+00  2.4028450E+05  3.5480855E-04
     2.6800000E+02    224.6072007  4.9801450E+06 -9.3735000E+03  0.0000000E+00  1.6864447E+04  4.7066570E+01  0.0000000E+00  7.3897485E+03  0.0000000E+00  0.0000000E+00  5.3977989E+01  0.0000000E+00  0.0000000E+00  0.0000000E+00  2.3943819E+05 -9.1492402E-04
     2.6900000E+02    224.5901589  4.9677185E+06 -1.2426500E+04  0.0000000E+00  1.9810726E+04  4.4933182E+01  0.0000000E+00  7.2884219E+03  0.0000000E+00  0.0000000E+00  5.1097221E+01  0.0000000E+00  0.0000000E+00  0.0000000E+00  2.3852145E+05  1.1387060E-03
     2.7000000E+02    224.5670234  4.9508490E+06 -1.6869500E+04  0.0000000E+00  2.4262950E+04  4.2947468E+01  0.0000000E+00  7.3019854E+03  0.0000000E+00  0.0000000E+00  4.8441517E+01  0.0000000E+00  0.0000000E+00  0.0000000E+00  2.3737817E+05 -3.0589337E-04
     2.7100000E+02    224.5425281  4.9329880E+06 -1.7861000E+04  0.0000000E+00  2.5238033E+04  4.1094913E+01  0.0000000E+00  7.2898486E+03  0.0000000E+00  0.0000000E+00  4.5986946E+01  0.0000000E+00  0.0000000E+00  0.0000000E+00  2.3610466E+05 -4.0241843E-04
     2.7200000E+02    224.5230858  4.9188115E+06 -1.4176500E+04  0.0000000E+00  2.1503210E+04  3.9362854E+01  0.0000000E+00  7.2434624E+03  0.0000000E+00  0.0000000E+00  4.3712791E+01  0.0000000E+00  0.0000000E+00  0.0000000E+00  2.3497527E+05 -7.9475786E-04
     2.7300000E+02    224.5047927  4.9054725E+06 -1.3339000E+04  0.0000000E+00  2.0433490E+04  3.7740215E+01  0.0000000E+00  7.0155298E+03  0.0000000E+00  0.0000000E+00  4.1600998E+01  0.0000000E+00  0.0000000E+00  0.0000000E+00  2.3388458E+05  1.8638978E-03
     2.7400000E+02    224.4919778  4.8961285E+06 -9.3440000E+03  0.0000000E+00  1.6419681E+04  3.6217266E+01  0.0000000E+00  6.9996694E+03  0.0000000E+00  0.0000000E+00  3.9635818E+01  0.0000000E+00  0.0000000E+00  0.0000000E+00  2.3307616E+05 -9.6944440E-04
     2.7500000E+02    224.4788030  4.8865220E+06 -9.6065000E+03  0.0000000E+00  1.6683151E+04  3.4785404E+01  0.0000000E+00  7.0039370E+03  0.0000000E+00  0.0000000E+00  3.7803432E+01  0.0000000E+00  0.0000000E+00  0.0000000E+00  2.3234145E+05 -7.4925896E-04
     2.7600000E+02    224.4645234  4.8761100E+06 -1.0412000E+04  0.0000000E+00  1.7094271E+04  3.3437008E+01  0.0000000E+00  6.6126074E+03  0.0000000E+00  0.0000000E+00  3.6091667E+01  0.0000000E+00  0.0000000E+00  0.0000000E+00  2.3144202E+05 -7.8836718E-04
     2.7700000E+02    224.4526754  4.8674705E+06 -8.6395000E+03  0.0000000E+00  1.5692273E+04  3.2165298E+01  0.0000000E+00  6.9864214E+03  0.0000000E+00  0.0000000E+00  3.4489761E+01  0.0000000E+00  0.0000000E+00  0.0000000E+00  2.3086883E+05  1.9416404E-03
     2.7800000E+02    224.4434430  4.8607385E+06 -6.7320000E+03  0.0000000E+00  1.3347162E+04  3.0964211E+01  0.0000000E+00  6.5513018E+03  0.0000000E+00  0.0000000E+00  3.2988174E+01  0.0000000E+00  0.0000000E+00  0.0000000E+00  2.3016495E+05  6.9507991E-04
     2.7900000E+02    224.4329020  4.8530525E+06 -7.6860000E+03  0.0000000E+00  1.4489708E+04  2.9828316E+01  0.0000000E+00  6.7421689E+03  0.0000000E+00  0.0000000E+00  3.1578426E+01  0.0000000E+00  0.0000000E+00  0.0000000E+00  2.2964473E+05 -9.1322901E-04
     2.8000000E+02    224.4220965  4.8451735E+06 -7.8790000E+03  0.0000000E+00  1.4333532E+04  2.8752735E+01  0.0000000E+00  6.3955415E+03  0.0000000E+00  0.0000000E+00  3.0252943E+01  0.0000000E+00  0.0000000E+00  0.0000000E+00  2.2893652E+05  1.1241669E-04
     2.8100000E+02    224.4102130  4.8365085E+06 -8.6650000E+03  0.0000000E+00  1.5384370E+04  2.7733067E+01  0.0000000E+00  6.6626514E+03  0.0000000E+00  0.0000000E+00  2.9004944E+01  0.0000000E+00  0.0000000E+00  0.0000000E+00  2.2838316E+05  1.2695514E-04
     2.8200000E+02    224.3997580  4.8288850E+06 -7.6235000E+03  0.0000000E+00  1.3942330E+04  2.6765320E+01  0.0000000E+00  6.2643379E+03  0.0000000E+00  0.0000000E+00  2.7828341E+01  0.0000000E+00  0.0000000E+00  0.0000000E+00  2.2765762E+05  7.2844711E-04
     2.8300000E+02    224.3874056  4.8198780E+06 -9.0070000E+03  0.0000000E+00  1.5601325E+04  2.5845892E+01  0.0000000E+00  6.5417979E+03  0.0000000E+00  0.0000000E+00  2.6717659E+01  0.0000000E+00  0.0000000E+00  0.0000000E+00  2.2709478E+05  2.3786041E-04
     2.8400000E+02    224.3736123  4.8098205E+06 -1.0057500E+04  0.0000000E+00  1.6325924E+04  2.4971498E+01  0.0000000E+00  6.2177471E+03  0.0000000E+00  0.0000000E+00  2.5667953E+01  0.0000000E+00  0.0000000E+00  0.0000000E+00  2.2627120E+05 -2.3328503E-04
     2.8500000E+02    224.3617110  4.8011425E+06 -8.6780000E+03  0.0000000E+00  1.5195132E+04  2.4139143E+01  0.0000000E+00  6.4682500E+03  0.0000000E+00  0.0000000E+00  2.4674761E+01  0.0000000E+00  0.0000000E+00  0.0000000E+00  2.2568052E+05 -4.4987682E-04
     2.8600000E+02    224.3448670  4.7888605E+06 -1.2282000E+04  0.0000000E+00  1.8512421E+04  2.3346094E+01  0.0000000E+00  6.1833540E+03  0.0000000E+00  0.0000000E+00  2.3734020E+01  0.0000000E+00  0.0000000E+00  0.0000000E+00  2.2476191E+05  7.3852447E-05
     2.8700000E+02    224.3241232  4.7737350E+06 -1.5125500E+04  0.0000000E+00  2.1383413E+04  2.2589848E+01  0.0000000E+00  6.2123560E+03  0.0000000E+00  0.0000000E+00  2.2842051E+01  0.0000000E+00  0.0000000E+00  0.0000000E+00  2.2374033E+05 -5.7999836E-04
     2.8800000E+02    224.3058620  4.7604195E+06 -1.3315500E+04  0.0000000E+00  2.0087740E+04  2.1868113E+01  0.0000000E+00  6.7284722E+03  0.0000000E+00  0.0000000E+00  2.1995495E+01  0.0000000E+00  0.0000000E+00  0.0000000E+00  2.2293591E+05  4.7642554E-04
     2.8900000E+02    224.2855513  4.7456095E+06 -1.4810000E+04  0.0000000E+00  2.1120952E+04  2.1178774E+01  0.0000000E+00  6.2687549E+03  0.0000000E+00  0.0000000E+00  2.1191294E+01  0.0000000E+00  0.0000000E+00  0.0000000E+00  2.2176039E+05  8.1376533E-04
     2.9000000E+02    224.2657473  4.7311695E+06 -1.4440000E+04  0.0000000E+00  2.1252355E+04  2.0519882E+01  0.0000000E+00  6.7709780E+03  0.0000000E+00  0.0000000E+00  2.0426643E+01  0.0000000E+00  0.0000000E+00  0.0000000E+00  2.2089019E+05 -2.0310248E-03
     2.9100000E+02    224.2449234  4.7159855E+06 -1.5184000E+04  0.0000000E+00  2.1472605E+04  1.9889650E+01  0.0000000E+00  6.2490522E+03  0.0000000E+00  0.0000000E+00  1.9698980E+01  0.0000000E+00  0.0000000E+00  0.0000000E+00  2.1965159E+05  1.6372606E-04
     2.9200000E+02    224.2260578  4.7022290E+06 -1.3756500E+04  0.0000000E+00  2.0478378E+04  1.9286417E+01  0.0000000E+00  6.6839180E+03  0.0000000E+00  0.0000000E+00  1.9005949E+01  0.0000000E+00  0.0000000E+00  0.0000000E+00  2.1878230E+05  1.6309123E-03
     2.9300000E+02    224.2095830  4.6902165E+06 -1.2012500E+04  0.0000000E+00  1.8111399E+04  1.8708649E+01  0.0000000E+00  6.0615654E+03  0.0000000E+00  0.0000000E+00  1.8345383E+01  0.0000000E+00  0.0000000E+00  0.0000000E+00  2.1766427E+05 -1.5528894E-03
     2.9400000E+02    224.1989180  4.6824400E+06 -7.7765000E+03  0.0000000E+00  1.3965933E+04  1.8210371E+01  0.0000000E+00  6.1534644E+03  0.0000000E+00  0.0000000E+00  1.7715290E+01  0.0000000E+00  0.0000000E+00  0.0000000E+00  2.1701377E+05 -3.0417208E-04
     2.9500000E+02    224.1868696  4.6736545E+06 -8.7855000E+03  0.0000000E+00  1.4638456E+04  1.7731874E+01  0.0000000E+00  5.8182983E+03  0.0000000E+00  0.0000000E+00  1.7113827E+01  0.0000000E+00  0.0000000E+00  0.0000000E+00  2.1624077E+05  1.2808727E-03
     2.9600000E+02    224.1750439  4.6650315E+06 -8.6230000E+03  0.0000000E+00  1.4619381E+04  1.7272100E+01  0.0000000E+00  5.9626948E+03  0.0000000E+00  0.0000000E+00  1.6539297E+01  0.0000000E+00  0.0000000E+00  0.0000000E+00  2.1563833E+05  8.5502939E-04
     2.9700000E+02    224.1657991  4.6582905E+06 -6.7410000E+03  0.0000000E+00  1.3326028E+04  1.6830063E+01  0.0000000E+00  6.5522837E+03  0.0000000E+00  0.0000000E+00  1.5990126E+01  0.0000000E+00  0.0000000E+00  0.0000000E+00  2.1534772E+05  5.7526637E-04
     2.9800000E+02    224.1553213  4.6506505E+06 -7.6400000E+03  0.0000000E+00  1.5585603E+04  1.6404846E+01  0.0000000E+00  5.1839258E+03  5.6620964E+01  0.0000000E+00  1.5464857E+01  0.0000000E+00  0.0000000E+00  0.0000000E+00  2.1427466E+05 -1.7813513E+01
     2.9900000E+02    224.1362517  4.6368530E+06 -1.3797500E+04  0.0000000E+00  1.9263713E+04  1.5996297E+01  0.0000000E+00  5.4350474E+03  0.0000000E+00  0.0000000E+00  1.4962135E+01  0.0000000E+00  0.0000000E+00  0.0000000E+00  2.1346212E+05 -1.0747215E-03
     3.0000000E+02    224.1173733  4.6232820E+06 -1.3571000E+04  0.0000000E+00  1.8911463E+04  1.5603545E+01  0.0000000E+00  5.3102764E+03  0.0000000E+00  0.0000000E+00  1.4480703E+01  0.0000000E+00  0.0000000E+00  0.0000000E+00  2.1243167E+05 -5.3704198E-04
     3.0100000E+02    224.1028031  4.6128080E+06 -1.0474000E+04  0.0000000E+00  1.6293721E+04  1.5225787E+01  0.0000000E+00  5.7904517E+03  0.0000000E+00  0.0000000E+00  1.4019394E+01  0.0000000E+00  0.0000000E+00  0.0000000E+00  2.1177630E+05 -1.4384376E-04
     3.0200000E+02    224.0902655  4.6037950E+06 -9.0130000E+03  0.0000000E+00  1.4168224E+04  1.4862263E+01  0.0000000E+00  5.1268335E+03  0.0000000E+00  0.0000000E+00  1.3577118E+01  0.0000000E+00  0.0000000E+00  0.0000000E+00  2.1083925E+05  3.4463123E-04
     3.0300000E+02    224.0779654  4.5949530E+06 -8.8420000E+03  0.0000000E+00  1.3993839E+04  1.4512262E+01  0.0000000E+00  5.1240054E+03  0.0000000E+00  0.0000000E+00  1.3175283E+01  0.0000000E+00  0.0000000E+00  0.0000000E+00  2.1013438E+05 -1.0467776E-03
     3.0400000E+02    224.0666647  4.5868290E+06 -8.1240000E+03  0.0000000E+00  1.4777355E+04  1.4175123E+01  0.0000000E+00  4.7426416E+03  3.7315849E+01  0.0000000E+00  1.2789770E+01  0.0000000E+00  0.0000000E+00  0.0000000E+00  2.0931675E+05 -1.2967311E+01
     3.0500000E+02    224.0540009  4.5777255E+06 -9.1035000E+03  0.0000000E+00  1.3926187E+04  1.3850221E+01  0.0000000E+00  4.7962949E+03  0.0000000E+00  0.0000000E+00  1.2419718E+01  0.0000000E+00  0.0000000E+00  0.0000000E+00  2.0869853E+05 -8.6953992E-04
     3.0600000E+02    224.0433607  4.5700765E+06 -7.6490000E+03  0.0000000E+00  1.3348294E+04  1.3536963E+01  0.0000000E+00  5.6737749E+03  0.0000000E+00  0.0000000E+00  1.2064324E+01  0.0000000E+00  0.0000000E+00  0.0000000E+00  2.0846595E+05  6.1454484E-04
     3.0700000E+02    224.0318441  4.5617975E+06 -8.2790000E+03  0.0000000E+00  1.3329700E+04  1.3234800E+01  0.0000000E+00  5.0257964E+03  0.0000000E+00  0.0000000E+00  1.1722836E+01  0.0000000E+00  0.0000000E+00  0.0000000E+00  2.0766881E+05  4.0294183E-04
     3.0800000E+02    224.0213102  4.5542250E+06 -7.5725000E+03  0.0000000E+00  1.4013013E+04  1.2943215E+01  0.0000000E+00  4.5537021E+03  3.6541584E+01  0.0000000E+00  1.1414052E+01  0.0000000E+00  0.0000000E+00  0.0000000E+00  2.0688103E+05 -1.3516408E+01
     3.0900000E+02    224.0085337  4.5450405E+06 -9.1845000E+03  0.0000000E+00  1.3781886E+04  1.2661715E+01  0.0000000E+00  4.5734980E+03  0.0000000E+00  0.0000000E+00  1.1117184E+01  0.0000000E+00  0.0000000E+00  0.0000000E+00  2.0625619E+05 -7.9361419E-04
     3.1000000E+02    223.9993293  4.5384235E+06 -6.6170000E+03  0.0000000E+00  1.2492434E+04  1.2389841E+01  0.0000000E+00  4.3639790E+03  2.9114300E+01  0.0000000E+00  1.0831634E+01  0.0000000E+00  0.0000000E+00  0.0000000E+00  2.0560972E+05 -1.2117888E+01
     3.1100000E+02    223.9885507  4.5306755E+06 -7.7480000E+03  0.0000000E+00  1.2155422E+04  1.2127156E+01  0.0000000E+00  4.3843423E+03  0.0000000E+00  0.0000000E+00  1.0556837E+01  0.0000000E+00  0.0000000E+00  0.0000000E+00  2.0507661E+05 -3.2537563E-03
     3.1200000E+02    223.9741979  4.5203575E+06 -1.0318000E+04  0.0000000E+00  1.4893152E+04  1.1873249E+01  0.0000000E+00  4.5531621E+03  0.0000000E+00  0.0000000E+00  1.0292267E+01  0.0000000E+00  0.0000000E+00  0.0000000E+00  2.0445416E+05  1.1802823E-03
     3.1300000E+02    223.9562508  4.5074560E+06 -1.2901500E+04  0.0000000E+00  1.7390633E+04  1.1627731E+01  0.0000000E+00  4.4673755E+03  0.0000000E+00  0.0000000E+00  1.0037426E+01  0.0000000E+00  0.0000000E+00  0.0000000E+00  2.0359033E+05 -5.2785239E-04
     3.1400000E+02    223.9388205  4.4949255E+06 -1.2530500E+04  0.0000000E+00  1.7652690E+04  1.1390235E+01  0.0000000E+00  5.1013516E+03  0.0000000E+00  0.0000000E+00  9.7918444E+00  0.0000000E+00  0.0000000E+00  0.0000000E+00  2.0294280E+05  1.9472954E-03
     3.1500000E+02    223.9236662  4.4840320E+06 -1.0893500E+04  0.0000000E+00  1.5636813E+04  1.1160413E+01  0.0000000E+00  4.7221909E+03  0.0000000E+00  0.0000000E+00  9.5550842E+00  0.0000000E+00  0.0000000E+00  0.0000000E+00  2.0203730E+05 -2.6042811E-03
     3.1600000E+02    223.9057462  4.4711495E+06 -1.2882500E+04  0.0000000E+00  1.7577198E+04  1.0937936E+01  0.0000000E+00  4.6747896E+03  0.0000000E+00  0.0000000E+00  9.3267298E+00  0.0000000E+00  0.0000000E+00  0.0000000E+00  2.0114780E+05  2.0223288E-03
     3.1700000E+02    223.8926734  4.4617615E+06 -9.3880000E+03  0.0000000E+00  1.5860824E+04  1.0722489E+01  0.0000000E+00  4.2035400E+03  4.6526054E+01  0.0000000E+00  9.1063862E+00  0.0000000E+00  0.0000000E+00  0.0000000E+00  2.0006448E+05 -1.4433457E+01
     3.1800000E+02    223.8820789  4.4542950E+06 -7.4665000E+03  0.0000000E+00  1.1699718E+04  1.0513781E+01  0.0000000E+00  4.2141987E+03  0.0000000E+00  0.0000000E+00  8.8936872E+00  0.0000000E+00  0.0000000E+00  0.0000000E+00  1.9940334E+05  3.3095414E-03
     3.1900000E+02    223.8678007  4.4442330E+06 -1.0062000E+04  0.0000000E+00  1.4264373E+04  1.0311525E+01  0.0000000E+00  4.1833369E+03  0.0000000E+00  0.0000000E+00  8.6882820E+00  0.0000000E+00  0.0000000E+00  0.0000000E+00  1.9859953E+05 -2.5330810E-04
     3.2000000E+02    223.8514975  4.4327440E+06 -1.1489000E+04  0.0000000E+00  1.5856612E+04  1.0115460E+01  0.0000000E+00  4.3488921E+03  0.0000000E+00  0.0000000E+00  8.4898415E+00  0.0000000E+00  0.0000000E+00  0.0000000E+00  1.9777875E+05 -7.1441021E-04
     3.2100000E+02    223.8380305  4.4232535E+06 -9.4905000E+03  0.0000000E+00  1.3639899E+04  9.9253330E+00  0.0000000E+00  4.1312949E+03  0.0000000E+00  0.0000000E+00  8.2980528E+00  0.0000000E+00  0.0000000E+00  0.0000000E+00  1.9688311E+05  8.7347149E-04
     3.2200000E+02    223.8229222  4.4126065E+06 -1.0647000E+04  0.0000000E+00  1.4912482E+04  9.7408972E+00  0.0000000E+00  4.2475469E+03  0.0000000E+00  0.0000000E+00  8.1126204E+00  0.0000000E+00  0.0000000E+00  0.0000000E+00  1.9607730E+05 -5.5008446E-04
     3.2300000E+02    223.8107083  4.4039995E+06 -8.6070000E+03  0.0000000E+00  1.2917935E+04  9.5619297E+00  0.0000000E+00  4.2931719E+03  0.0000000E+00  0.0000000E+00  7.9332657E+00  0.0000000E+00  0.0000000E+00  0.0000000E+00  1.9535070E+05 -2.0789288E-03
     3.2400000E+02    223.8013885  4.3974315E+06 -6.5680000E+03  0.0000000E+00  1.2105028E+04  9.3882103E+00  0.0000000E+00  3.8287988E+03  3.5476330E+01  0.0000000E+00  7.7597241E+00  0.0000000E+00  0.0000000E+00  0.0000000E+00  1.9452164E+05 -1.4221473E+01
     3.2500000E+02    223.7821559  4.3838780E+06 -1.3553500E+04  0.0000000E+00  1.7536122E+04  9.2195339E+00  0.0000000E+00  3.9658115E+03  0.0000000E+00  0.0000000E+00  7.5917435E+00  0.0000000E+00  0.0000000E+00  0.0000000E+00  1.9363962E+05  0.0000000E+00
     3.2600000E+02    223.7657046  4.3722845E+06 -1.1593500E+04  0.0000000E+00  1.5592818E+04  9.0557022E+00  0.0000000E+00  3.9828936E+03  0.0000000E+00  0.0000000E+00  7.4290872E+00  0.0000000E+00  0.0000000E+00  0.0000000E+00  1.9268114E+05  3.8829976E-04
     3.2700000E+02    223.7568634  4.3660540E+06 -6.2305000E+03  0.0000000E+00  1.1501240E+04  8.8965282E+00  0.0000000E+00  3.7054077E+03  3.1181454E+01  0.0000000E+00  7.2715292E+00  0.0000000E+00  0.0000000E+00  0.0000000E+00  1.9188933E+05 -1.3703499E+01
     3.2800000E+02    223.7455780  4.3581010E+06 -7.9530000E+03  0.0000000E+00  1.1681719E+04  8.7418308E+00  0.0000000E+00  3.7128855E+03  0.0000000E+00  0.0000000E+00  7.1188564E+00  0.0000000E+00  0.0000000E+00  0.0000000E+00  1.9126116E+05  2.3407300E-04
     3.2900000E+02    223.7325897  4.3489480E+06 -9.1530000E+03  0.0000000E+00  1.3013356E+04  8.5914421E+00  0.0000000E+00  3.8447278E+03  0.0000000E+00  0.0000000E+00  6.9708643E+00  0.0000000E+00  0.0000000E+00  0.0000000E+00  1.9059361E+05 -5.0278875E-04
     3.3000000E+02    223.7190789  4.3394265E+06 -9.5215000E+03  0.0000000E+00  1.3270291E+04  8.4451990E+00  0.0000000E+00  3.7337500E+03  0.0000000E+00  0.0000000E+00  6.8273592E+00  0.0000000E+00  0.0000000E+00  0.0000000E+00  1.8978023E+05  1.7440862E-03
     3.3100000E+02    223.7023220  4.3276180E+06 -1.1808500E+04  0.0000000E+00  1.6122208E+04  8.3029461E+00  0.0000000E+00  4.2984116E+03  0.0000000E+00  0.0000000E+00  6.6881590E+00  0.0000000E+00  0.0000000E+00  0.0000000E+00  1.8912931E+05 -1.8898621E-03
     3.3200000E+02    223.6837375  4.3145210E+06 -1.3097000E+04  0.0000000E+00  1.7206103E+04  8.1645346E+00  0.0000000E+00  4.0945964E+03  0.0000000E+00  0.0000000E+00  6.5530882E+00  0.0000000E+00  0.0000000E+00  0.0000000E+00  1.8806520E+05  1.2259458E-03
     3.3300000E+02    223.6683679  4.3036900E+06 -1.0831000E+04  0.0000000E+00  1.6870911E+04  8.0298233E+00  0.0000000E+00  3.6362324E+03  5.3109978E+01  0.0000000E+00  6.4219809E+00  0.0000000E+00  0.0000000E+00  0.0000000E+00  1.8691355E+05 -1.4431176E+01
     3.3400000E+02    223.6530662  4.2929065E+06 -1.0783500E+04  0.0000000E+00  1.4468332E+04  7.8986769E+00  0.0000000E+00  3.6707800E+03  0.0000000E+00  0.0000000E+00  6.3047695E+00  0.0000000E+00  0.0000000E+00  0.0000000E+00  1.8605477E+05  1.0461966E-03
     3.3500000E+02    223.6436407  4.2862640E+06 -6.6425000E+03  0.0000000E+00  1.1595084E+04  7.7709675E+00  0.0000000E+00  3.4408865E+03  3.1072489E+01  0.0000000E+00  6.1909494E+00  0.0000000E+00  0.0000000E+00  0.0000000E+00  1.8526269E+05 -1.3149726E+01
     3.3600000E+02    223.6307116  4.2771530E+06 -9.1110000E+03  0.0000000E+00  1.2600701E+04  7.6465707E+00  0.0000000E+00  3.4756128E+03  0.0000000E+00  0.0000000E+00  6.0803843E+00  0.0000000E+00  0.0000000E+00  0.0000000E+00  1.8457758E+05 -2.8597740E-03
     3.3700000E+02    223.6159040  4.2667175E+06 -1.0435500E+04  0.0000000E+00  1.4089089E+04  7.5253687E+00  0.0000000E+00  3.6404724E+03  0.0000000E+00  0.0000000E+00  5.9729452E+00  0.0000000E+00  0.0000000E+00  0.0000000E+00  1.8383831E+05  2.7101536E-03
     3.3800000E+02    223.6031314  4.2577165E+06 -9.0010000E+03  0.0000000E+00  1.2567283E+04  7.4072490E+00  0.0000000E+00  3.5529148E+03  0.0000000E+00  0.0000000E+00  5.8685112E+00  0.0000000E+00  0.0000000E+00  0.0000000E+00  1.8304964E+05 -7.3821394E-04
     3.3900000E+02    223.5931943  4.2507140E+06 -7.0025000E+03  0.0000000E+00  1.0805335E+04  7.2921033E+00  0.0000000E+00  3.7894529E+03  0.0000000E+00  0.0000000E+00  5.7669625E+00  0.0000000E+00  0.0000000E+00  0.0000000E+00  1.8252912E+05 -2.9915054E-03
     3.4000000E+02    223.5840641  4.2442795E+06 -6.4345000E+03  0.0000000E+00  9.8290956E+03  7.1798282E+00  0.0000000E+00  3.3820957E+03  0.0000000E+00  0.0000000E+00  5.6681900E+00  0.0000000E+00  0.0000000E+00  0.0000000E+00  1.8179094E+05  3.5370116E-03
     3.4100000E+02    223.5766874  4.2390810E+06 -5.1985000E+03  0.0000000E+00  9.5024506E+03  7.0703254E+00  0.0000000E+00  3.1659055E+03  2.3170437E+01  0.0000000E+00  5.5806861E+00  0.0000000E+00  0.0000000E+00  0.0000000E+00  1.8117103E+05 -1.2057633E+01
     3.4200000E+02    223.5689666  4.2336400E+06 -5.4410000E+03  0.0000000E+00  9.4944690E+03  6.9634995E+00  0.0000000E+00  3.0886975E+03  2.0075317E+01  0.0000000E+00  5.4955339E+00  0.0000000E+00  0.0000000E+00  0.0000000E+00  1.8064505E+05 -1.0220014E+01
     3.4300000E+02    223.5583860  4.2261840E+06 -7.4560000E+03  0.0000000E+00  1.0622429E+04  6.8592596E+00  0.0000000E+00  3.1538425E+03  0.0000000E+00  0.0000000E+00  5.4209180E+00  0.0000000E+00  0.0000000E+00  0.0000000E+00  1.8009059E+05 -2.8775346E-03
     3.4400000E+02    223.5473497  4.2184065E+06 -7.7775000E+03  0.0000000E+00  1.0939115E+04  6.7575192E+00  0.0000000E+00  3.1495981E+03  0.0000000E+00  0.0000000E+00  5.3482723E+00  0.0000000E+00  0.0000000E+00  0.0000000E+00  1.7947259E+05  8.1238005E-04
     3.4500000E+02    223.5349853  4.2096930E+06 -8.7135000E+03  0.0000000E+00  1.2274911E+04  6.6581941E+00  0.0000000E+00  3.5495439E+03  0.0000000E+00  0.0000000E+00  5.2775211E+00  0.0000000E+00  0.0000000E+00  0.0000000E+00  1.7897833E+05  5.5690319E-04
     3.4600000E+02    223.5207065  4.1996305E+06 -1.0062500E+04  0.0000000E+00  1.3305336E+04  6.5612049E+00  0.0000000E+00  3.2310649E+03  0.0000000E+00  0.0000000E+00  5.2085905E+00  0.0000000E+00  0.0000000E+00  0.0000000E+00  1.7810288E+05 -1.4679260E-05
     3.4700000E+02    223.5115752  4.1931955E+06 -6.4350000E+03  0.0000000E+00  1.0856136E+04  6.4664745E+00  0.0000000E+00  3.0134563E+03  2.9777067E+01  0.0000000E+00  5.1414118E+00  0.0000000E+00  0.0000000E+00  0.0000000E+00  1.7735564E+05 -1.3098107E+01
     3.4800000E+02    223.5351838  4.2098330E+06  1.6637500E+04  1.5135066E+04  7.0389640E+03  2.0326533E+03  0.0000000E+00  3.3765947E+03  2.6493982E+02  0.0000000E+00  3.3965293E+03  0.0000000E+00  0.0000000E+00  0.0000000E+00  1.7896511E+05 -2.3413831E-03
     3.4900000E+02    223.5294054  4.2057610E+06 -4.0720000E+03  0.0000000E+00  8.6764812E+03  4.2127023E+02  0.0000000E+00  3.6591016E+03  1.6340375E+02  0.0000000E+00  6.8735608E+02  0.0000000E+00  0.0000000E+00  0.0000000E+00  1.7944808E+05 -1.7730806E-03
     3.5000000E+02    223.5218912  4.2004655E+06 -5.2955000E+03  0.0000000E+00  9.8348969E+03  3.3542484E+02  0.0000000E+00  3.7444304E+03  7.9575905E+01  0.0000000E+00  5.3927789E+02  0.0000000E+00  0.0000000E+00  0.0000000E+00  1.7924775E+05  1.6203034E-03
     3.5100000E+02    223.5139358  4.1948590E+06 -5.6065000E+03  0.0000000E+00  9.9782074E+03  2.7485593E+02  0.0000000E+00  3.7109177E+03  4.8578400E+01  0.0000000E+00  4.3467975E+02  0.0000000E+00  0.0000000E+00  0.0000000E+00  1.7879803E+05  1.6800702E-03
     3.5200000E+02    223.5054083  4.1888498E+06 -6.0092500E+03  0.0000000E+00  1.0501374E+04  2.3042459E+02  0.0000000E+00  3.9034556E+03  0.0000000E+00  0.0000000E+00  3.5802493E+02  0.0000000E+00  0.0000000E+00  0.0000000E+00  1.7839730E+05 -2.0830608E-03
     3.5300000E+02    223.4938886  4.1807315E+06 -8.1182500E+03  0.0000000E+00  1.2276030E+04  1.9678000E+02  0.0000000E+00  3.6638638E+03  2.8632874E+00  0.0000000E+00  3.0015009E+02  0.0000000E+00  0.0000000E+00  0.0000000E+00  1.7768441E+05  1.2247898E-03
     3.5400000E+02    223.4869166  4.1758182E+06 -4.9132500E+03  0.0000000E+00  9.9076605E+03  1.7062166E+02  0.0000000E+00  3.5164539E+03  9.1824265E+01  0.0000000E+00  2.5536485E+02  0.0000000E+00  0.0000000E+00  0.0000000E+00  1.7703322E+05 -1.1438529E+01
     3.5500000E+02    223.4771670  4.1689475E+06 -6.8707500E+03  0.0000000E+00  1.0695235E+04  1.4982498E+02  0.0000000E+00  3.4786523E+03  2.3936430E+01  0.0000000E+00  2.1998355E+02  0.0000000E+00  0.0000000E+00  0.0000000E+00  1.7648105E+05  3.6441715E-04
     3.5600000E+02    223.4665752  4.1614835E+06 -7.4640000E+03  0.0000000E+00  1.1211462E+04  1.3297250E+02  0.0000000E+00  3.4425515E+03  1.9795393E+01  0.0000000E+00  1.9153339E+02  0.0000000E+00  0.0000000E+00  0.0000000E+00  1.7585403E+05 -1.7737886E-03
     3.5700000E+02    223.4547804  4.1531715E+06 -8.3120000E+03  0.0000000E+00  1.2190824E+04  1.1908928E+02  0.0000000E+00  3.5914719E+03  0.0000000E+00  0.0000000E+00  1.6830501E+02  0.0000000E+00  0.0000000E+00  0.0000000E+00  1.7525841E+05  3.4445734E-04
     3.5800000E+02    223.4465669  4.1473832E+06 -5.7882500E+03  0.0000000E+00  1.0655352E+04  1.0748689E+02  0.0000000E+00  3.3126558E+03  8.9440109E+01  0.0000000E+00  1.4908603E+02  0.0000000E+00  0.0000000E+00  0.0000000E+00  1.7452828E+05 -1.2911504E+01
     3.5900000E+02    223.4379952  4.1413425E+06 -6.0407500E+03  0.0000000E+00  9.5010042E+03  9.7667854E+01  0.0000000E+00  3.2677363E+03  3.8048496E+01  0.0000000E+00  1.3299719E+02  0.0000000E+00  0.0000000E+00  0.0000000E+00  1.7399503E+05  1.0339896E-03
     3.6000000E+02    223.4272114  4.1337432E+06 -7.5992500E+03  0.0000000E+00  1.1118905E+04  8.9265381E+01  0.0000000E+00  3.3157830E+03  5.0132337E+00  0.0000000E+00  1.1938818E+02  0.0000000E+00  0.0000000E+00  0.0000000E+00  1.7342347E+05 -2.0893884E-03
     3.6100000E+02    223.4166973  4.1263338E+06 -7.4095000E+03  0.0000000E+00  1.2107874E+04  8.2004044E+01  0.0000000E+00  3.1699167E+03  1.0090761E+02  0.0000000E+00  1.0776965E+02  0.0000000E+00  0.0000000E+00  0.0000000E+00  1.7268298E+05 -1.1791437E+01
     3.6200000E+02    223.4050109  4.1180980E+06 -8.2357500E+03  0.0000000E+00  1.1551700E+04  7.5673691E+01  0.0000000E+00  3.1634956E+03  2.0776134E+01  0.0000000E+00  9.7767578E+01  0.0000000E+00  0.0000000E+00  0.0000000E+00  1.7205073E+05  1.8143129E-03
     3.6300000E+02    223.3978066  4.1130210E+06 -5.0770000E+03  0.0000000E+00  9.2922783E+03  7.0111595E+01  0.0000000E+00  3.0641597E+03  1.1234077E+02  0.0000000E+00  8.9092194E+01  0.0000000E+00  0.0000000E+00  0.0000000E+00  1.7142983E+05 -1.1741633E+01
     3.6400000E+02    223.3933948  4.1099120E+06 -3.1090000E+03  0.0000000E+00  6.1579940E+03  6.5190063E+01  0.0000000E+00  3.0046687E+03  1.0245820E+02  0.0000000E+00  8.1516068E+01  0.0000000E+00  0.0000000E+00  0.0000000E+00  1.7104028E+05 -1.2362138E-03
     3.6500000E+02    223.3872192  4.1055600E+06 -4.3520000E+03  0.0000000E+00  7.4368213E+03  6.0807686E+01  0.0000000E+00  3.0000798E+03  5.0959476E+01  0.0000000E+00  7.4858765E+01  0.0000000E+00  0.0000000E+00  0.0000000E+00  1.7067688E+05 -4.5647286E-04
     3.6600000E+02    223.3809137  4.1011165E+06 -4.4435000E+03  0.0000000E+00  7.6300177E+03  5.6883030E+01  0.0000000E+00  3.0742402E+03  1.3629667E+01  0.0000000E+00  6.8975555E+01  0.0000000E+00  0.0000000E+00  0.0000000E+00  1.7034056E+05 -6.3880661E-04
     3.6700000E+02    223.3727415  4.0953572E+06 -5.7592500E+03  0.0000000E+00  8.7218619E+03  5.3350021E+01  0.0000000E+00  2.9112302E+03  6.5564316E+01  0.0000000E+00  6.3749321E+01  0.0000000E+00  0.0000000E+00  0.0000000E+00  1.6979906E+05  1.7392125E-03
     3.6800000E+02    223.3677198  4.0918185E+06 -3.5387500E+03  0.0000000E+00  7.1256349E+03  5.0154572E+01  0.0000000E+00  2.8315991E+03  1.5672134E+02  0.0000000E+00  5.9084419E+01  0.0000000E+00  0.0000000E+00  0.0000000E+00  1.6931895E+05 -1.1023459E+01
     3.6900000E+02    223.3641671  4.0893148E+06 -2.5037500E+03  0.0000000E+00  5.2381429E+03  4.7251991E+01  0.0000000E+00  2.7810881E+03  1.4876132E+02  0.0000000E+00  5.4902115E+01  0.0000000E+00  0.0000000E+00  0.0000000E+00  1.6900684E+05  1.6315610E-03
     3.7000000E+02    223.3596031  4.0860985E+06 -3.2162500E+03  0.0000000E+00  5.8943369E+03  4.4605061E+01  0.0000000E+00  2.7358982E+03  1.5362859E+02  0.0000000E+00  5.1137131E+01  0.0000000E+00  0.0000000E+00  0.0000000E+00  1.6867858E+05 -1.2392792E-03
     3.7100000E+02    223.3552090  4.0830020E+06 -3.0965000E+03  0.0000000E+00  6.1222829E+03  4.2182571E+01  0.0000000E+00  2.9461870E+03  1.0386060E+01  0.0000000E+00  4.7734947E+01  0.0000000E+00  0.0000000E+00  0.0000000E+00  1.6859075E+05 -1.0509801E-03
     3.7200000E+02    223.3488372  4.0785115E+06 -4.4905000E+03  0.0000000E+00  7.1901096E+03  3.9958141E+01  0.0000000E+00  2.7149197E+03  9.9776627E+01  0.0000000E+00  4.4649765E+01  0.0000000E+00  0.0000000E+00  0.0000000E+00  1.6810103E+05  1.9424385E-03
     3.7300000E+02    223.3437994  4.0749615E+06 -3.5500000E+03  0.0000000E+00  6.5899890E+03  3.7909359E+01  0.0000000E+00  2.9600195E+03  0.0000000E+00  0.0000000E+00  4.1842850E+01  0.0000000E+00  0.0000000E+00  0.0000000E+00  1.6795308E+05 -3.3009052E-03
     3.7400000E+02    223.3393627  4.0718348E+06 -3.1267500E+03  0.0000000E+00  6.6680110E+03  3.6017036E+01  0.0000000E+00  2.6448623E+03  1.6672282E+02  0.0000000E+00  3.9281277E+01  0.0000000E+00  0.0000000E+00  0.0000000E+00  1.6742698E+05 -1.4452989E+01
     3.7500000E+02    223.3335604  4.0677458E+06 -4.0890000E+03  0.0000000E+00  6.6769744E+03  3.4264675E+01  0.0000000E+00  2.6452983E+03  1.2847656E+02  0.0000000E+00  3.6936913E+01  0.0000000E+00  0.0000000E+00  0.0000000E+00  1.6714283E+05  7.1748550E-04
     3.7600000E+02    223.3292026  4.0646748E+06 -3.0710000E+03  0.0000000E+00  5.5925845E+03  3.2638966E+01  0.0000000E+00  2.5997373E+03  1.4563536E+02  0.0000000E+00  3.4785576E+01  0.0000000E+00  0.0000000E+00  0.0000000E+00  1.6680120E+05 -1.0083498E-03
     3.7700000E+02    223.3953554  4.1112938E+06  4.6619000E+04  3.0171321E+04  3.0755992E+03  6.5764199E+03  0.0000000E+00  2.9868533E+03  1.0196088E+03  0.0000000E+00  1.0979519E+04  0.0000000E+00  0.0000000E+00  0.0000000E+00  1.6963195E+05 -1.8485979E-04
     3.7800000E+02    223.7656460  4.3722430E+06  2.6094925E+05  1.3585813E+05  2.8491920E+03  5.0712910E+04  0.0000000E+00  3.9320781E+03  6.6884458E+03  0.0000000E+00  7.9995172E+04  0.0000000E+00  0.0000000E+00  0.0000000E+00  1.8324127E+05  4.2109787E-03
     3.7900000E+02    223.7573286  4.3663820E+06 -5.8610000E+03  0.0000000E+00  7.5551032E+03  1.1332371E+03  0.0000000E+00  4.2357241E+03  4.2814688E+03  0.0000000E+00  6.0617023E+02  0.0000000E+00  0.0000000E+00  0.0000000E+00  1.8945842E+05 -3.7250477E-03
     3.8000000E+02    223.7513981  4.3622025E+06 -4.1795000E+03  0.0000000E+00  7.9315380E+03  9.0840350E+02  0.0000000E+00  4.4123599E+03  2.0761716E+03  0.0000000E+00  5.0764304E+02  0.0000000E+00  0.0000000E+00  0.0000000E+00  1.9127272E+05  1.9613784E-03
     3.8100000E+02    223.7473168  4.3593265E+06 -2.8760000E+03  0.0000000E+00  7.1997769E+03  7.5107135E+02  0.0000000E+00  4.4503193E+03  1.3123497E+03  0.0000000E+00  4.3728070E+02  0.0000000E+00  0.0000000E+00  0.0000000E+00  1.9181902E+05  2.9891865E-02
     3.8200000E+02    223.7422306  4.3557420E+06 -3.5845000E+03  0.0000000E+00  8.1094515E+03  6.3554816E+02  0.0000000E+00  4.4497705E+03  9.4869812E+02  0.0000000E+00  3.8848877E+02  0.0000000E+00  0.0000000E+00  0.0000000E+00  1.9191005E+05  1.7465281E-03
     3.8300000E+02    223.7396982  4.3539575E+06 -1.7845000E+03  0.0000000E+00  6.3328717E+03  5.4751434E+02  0.0000000E+00  4.4406504E+03  7.9205267E+02  0.0000000E+00  3.5216937E+02  0.0000000E+00  0.0000000E+00  0.0000000E+00  1.9188444E+05 -1.2678314E-03
     3.8400000E+02    223.7862741  4.3867800E+06  3.2822500E+04  2.1435739E+04  2.7744179E+03  4.1768608E+03  0.0000000E+00  5.1275425E+03  1.5368052E+03  0.0000000E+00  6.3968193E+03  0.0000000E+00  0.0000000E+00  0.0000000E+00  1.9420834E+05  8.7198336E-03
     3.8500000E+02    223.7875809  4.3877010E+06  9.2100000E+02  0.0000000E+00  6.0547302E+03  1.0726117E+03  0.0000000E+00  5.8899917E+03  1.2450684E+03  0.0000000E+00  1.2581348E+03  0.0000000E+00  0.0000000E+00  0.0000000E+00  1.9584481E+05 -7.3651382E-04
     3.8600000E+02    223.7884405  4.3883070E+06  6.0600000E+02  0.0000000E+00  6.3108329E+03  8.9158942E+02  0.0000000E+00  5.9656519E+03  9.5048938E+02  0.0000000E+00  1.0098295E+03  0.0000000E+00  0.0000000E+00  0.0000000E+00  1.9620430E+05 -3.1964227E-03
     3.8700000E+02    223.7890522  4.3887380E+06  4.3100000E+02  0.0000000E+00  6.2002764E+03  7.5727960E+02  0.0000000E+00  5.8712920E+03  8.3309564E+02  0.0000000E+00  8.3588782E+02  0.0000000E+00  0.0000000E+00  0.0000000E+00  1.9624061E+05  1.1709132E-03
     3.8800000E+02    223.7881253  4.3880845E+06 -6.5350000E+02  0.0000000E+00  7.0291016E+03  6.5383466E+02  0.0000000E+00  5.7557461E+03  7.4192828E+02  0.0000000E+00  7.0825439E+02  0.0000000E+00  0.0000000E+00  0.0000000E+00  1.9615069E+05  3.9270958E-03
     3.8900000E+02    223.7877626  4.3878290E+06 -2.5550000E+02  0.0000000E+00  6.3834506E+03  5.7188226E+02  0.0000000E+00  5.6372891E+03  6.9188312E+02  0.0000000E+00  6.1055286E+02  0.0000000E+00  0.0000000E+00  0.0000000E+00  1.9602831E+05 -1.5527646E-03
     3.9000000E+02    223.7862729  4.3867790E+06 -1.0500000E+03  0.0000000E+00  6.9717641E+03  5.0550497E+02  0.0000000E+00  5.5218398E+03  6.3887817E+02  0.0000000E+00  5.3350006E+02  0.0000000E+00  0.0000000E+00  0.0000000E+00  1.9586383E+05  2.6561285E-03
     3.9100000E+02    223.7852244  4.3860405E+06 -7.3850000E+02  0.0000000E+00  6.4659543E+03  4.5077362E+02  0.0000000E+00  5.4102144E+03  6.0431207E+02  0.0000000E+00  4.7132135E+02  0.0000000E+00  0.0000000E+00  0.0000000E+00  1.9569408E+05  7.6865144E-03
     3.9200000E+02    223.7861340  4.3866815E+06  6.4100000E+02  0.0000000E+00  4.8716352E+03  4.0497290E+02  0.0000000E+00  5.3020552E+03  6.1481183E+02  0.0000000E+00  4.2048395E+02  0.0000000E+00  0.0000000E+00  0.0000000E+00  1.9558431E+05  1.0598332E-03
     3.9300000E+02    223.7884694  4.3883270E+06  1.6455000E+03  0.0000000E+00  3.6548328E+03  3.6616495E+02  0.0000000E+00  5.1966270E+03  6.4020581E+02  0.0000000E+00  3.7803885E+02  0.0000000E+00  0.0000000E+00  0.0000000E+00  1.9554830E+05  4.9150060E-03
     3.9400000E+02    223.7888440  4.3885910E+06  2.6400000E+02  0.0000000E+00  4.8790993E+03  3.3292929E+02  0.0000000E+00  5.0956025E+03  6.2756805E+02  0.0000000E+00  3.4212384E+02  0.0000000E+00  0.0000000E+00  0.0000000E+00  1.9547825E+05 -1.9461339E-04
     3.9500000E+02    223.7888948  4.3886270E+06  3.6000000E+01  0.0000000E+00  4.9883426E+03  3.0420096E+02  0.0000000E+00  5.0004062E+03  5.9188525E+02  0.0000000E+00  3.1138501E+02  0.0000000E+00  0.0000000E+00  0.0000000E+00  1.9539192E+05 -4.1994331E-03
     3.9600000E+02    223.7883141  4.3882175E+06 -4.0950000E+02  0.0000000E+00  5.3154652E+03  2.7916608E+02  0.0000000E+00  4.9056152E+03  5.6337927E+02  0.0000000E+00  2.8481543E+02  0.0000000E+00  0.0000000E+00  0.0000000E+00  1.9527227E+05  4.2857593E-03
     3.9700000E+02    223.7840570  4.3852175E+06 -3.0000000E+03  0.0000000E+00  7.8836857E+03  2.5719250E+02  0.0000000E+00  4.8222314E+03  4.5739783E+02  0.0000000E+00  2.6165106E+02  0.0000000E+00  0.0000000E+00  0.0000000E+00  1.9503827E+05 -9.3662900E-05
     3.9800000E+02    223.7787987  4.3815120E+06 -3.7055000E+03  0.0000000E+00  8.5072210E+03  2.3778175E+02  0.0000000E+00  4.7283154E+03  4.0581598E+02  0.0000000E+00  2.4130231E+02  0.0000000E+00  0.0000000E+00  0.0000000E+00  1.9469836E+05 -1.5448753E-03
     3.9900000E+02    223.7742079  4.3782770E+06 -3.2350000E+03  0.0000000E+00  7.9437970E+03  2.2053587E+02  0.0000000E+00  4.6428809E+03  3.7808884E+02  0.0000000E+00  2.2330682E+02  0.0000000E+00  0.0000000E+00  0.0000000E+00  1.9435139E+05 -1.9479885E-03
     4.0000000E+02    223.7703306  4.3755445E+06 -2.7325000E+03  0.0000000E+00  7.3781450E+03  2.0513344E+02  0.0000000E+00  4.5709136E+03  3.3758716E+02  0.0000000E+00  2.0729724E+02  0.0000000E+00  0.0000000E+00  0.0000000E+00  1.9404628E+05  1.4492002E-03
     4.0100000E+02    223.7662688  4.3726820E+06 -2.8625000E+03  0.0000000E+00  7.7500354E+03  1.9131221E+02  0.0000000E+00  4.6354526E+03  1.3212381E+02  0.0000000E+00  1.9297800E+02  0.0000000E+00  0.0000000E+00  0.0000000E+00  1.9391667E+05  1.0593048E-03
     4.0200000E+02    223.7625537  4.3700640E+06 -2.6180000E+03  0.0000000E+00  7.1266318E+03  1.7885622E+02  0.0000000E+00  4.4506357E+03  3.0110931E+02  0.0000000E+00  1.8010864E+02  0.0000000E+00  0.0000000E+00  0.0000000E+00  1.9350495E+05 -1.8932405E-03
     4.0300000E+02    223.7590679  4.3676075E+06 -2.4565000E+03  0.0000000E+00  6.8290094E+03  1.6758612E+02  0.0000000E+00  4.3664199E+03  3.2998157E+02  0.0000000E+00  1.6849164E+02  0.0000000E+00  0.0000000E+00  0.0000000E+00  1.9318094E+05  9.5487449E-05
     4.0400000E+02    223.7565410  4.3658265E+06 -1.7810000E+03  0.0000000E+00  6.0338680E+03  1.5735179E+02  0.0000000E+00  4.2848071E+03  3.4700507E+02  0.0000000E+00  1.5796329E+02  0.0000000E+00  0.0000000E+00  0.0000000E+00  1.9290842E+05  3.9026546E-03
     4.0500000E+02    223.7538293  4.3639155E+06 -1.9110000E+03  0.0000000E+00  6.0964083E+03  1.4802682E+02  0.0000000E+00  4.2170649E+03  3.2804764E+02  0.0000000E+00  1.4838672E+02  0.0000000E+00  0.0000000E+00  0.0000000E+00  1.9266817E+05  3.4961617E-04
     4.0600000E+02    223.7510672  4.3619695E+06 -1.9460000E+03  0.0000000E+00  6.2896294E+03  1.3950386E+02  0.0000000E+00  4.2410166E+03  1.7699727E+02  0.0000000E+00  1.3964665E+02  0.0000000E+00  0.0000000E+00  0.0000000E+00  1.9256708E+05 -7.1052914E-03
     4.0700000E+02    223.7473641  4.3593595E+06 -2.6100000E+03  0.0000000E+00  6.7888613E+03  1.3169138E+02  0.0000000E+00  4.1438843E+03  2.2796161E+02  0.0000000E+00  1.3164539E+02  0.0000000E+00  0.0000000E+00  0.0000000E+00  1.9226367E+05  5.6783180E-03
     4.0800000E+02    223.7463727  4.3586610E+06 -6.9850000E+02  0.0000000E+00  4.9061660E+03  1.2451084E+02  0.0000000E+00  4.1370967E+03  1.7843471E+02  0.0000000E+00  1.2429951E+02  0.0000000E+00  0.0000000E+00  0.0000000E+00  1.9216780E+05 -3.8028429E-03
     4.0900000E+02    223.7489304  4.3604635E+06  1.8025000E+03  1.7892177E+03  4.2042147E+03  2.1105956E+02  0.0000000E+00  4.0211353E+03  3.9432971E+02  0.0000000E+00  2.7275397E+02  0.0000000E+00  0.0000000E+00  0.0000000E+00  1.9203472E+05 -1.6980474E+00
     4.1000000E+02    223.7525054  4.3629830E+06  2.5195000E+03  1.7894591E+03  3.4369803E+03  2.7683047E+02  0.0000000E+00  3.9915972E+03  4.8541083E+02  0.0000000E+00  3.8387497E+02  0.0000000E+00  0.0000000E+00  0.0000000E+00  1.9210795E+05 -2.0086823E-03
     4.1100000E+02    223.7515651  4.3623200E+06 -6.6300000E+02  0.0000000E+00  4.6156783E+03  2.0241789E+02  0.0000000E+00  3.9456599E+03  4.5353421E+02  0.0000000E+00  2.5847772E+02  0.0000000E+00  0.0000000E+00  0.0000000E+00  1.9206431E+05  6.7715002E-03
     4.1200000E+02    223.7501529  4.3613250E+06 -9.9500000E+02  0.0000000E+00  4.8908441E+03  1.8516260E+02  0.0000000E+00  3.8953687E+03  4.1715579E+02  0.0000000E+00  2.3226961E+02  0.0000000E+00  0.0000000E+00  0.0000000E+00  1.9195081E+05 -3.7531792E-03
     4.1300000E+02    223.7508816  4.3618385E+06  5.1350000E+02  1.7893494E+03  5.4245541E+03  2.9871191E+02  0.0000000E+00  3.8628127E+03  4.3555750E+02  0.0000000E+00  4.2281824E+02  0.0000000E+00  0.0000000E+00  0.0000000E+00  1.9190966E+05  1.2640461E-03
     4.1400000E+02    223.7503950  4.3614955E+06 -3.4300000E+02  0.0000000E+00  4.2345155E+03  2.1610228E+02  0.0000000E+00  3.8217383E+03  4.3074600E+02  0.0000000E+00  2.8451660E+02  0.0000000E+00  0.0000000E+00  0.0000000E+00  1.9184217E+05  2.0409324E-03
     4.1500000E+02    223.7494986  4.3608640E+06 -6.3150000E+02  0.0000000E+00  4.4406289E+03  1.9569170E+02  0.0000000E+00  3.7767000E+03  4.1616187E+02  0.0000000E+00  2.5264671E+02  0.0000000E+00  0.0000000E+00  0.0000000E+00  1.9174541E+05 -5.1976996E-03
     4.1600000E+02    223.7598153  4.3681340E+06  7.2700000E+03  5.9665094E+03  4.0198661E+03  8.0646271E+02  0.0000000E+00  3.8262344E+03  5.8897949E+02  0.0000000E+00  1.2799904E+03  0.0000000E+00  0.0000000E+00  0.0000000E+00  1.9212836E+05  2.9512597E-03
     4.1700000E+02    223.7612517  4.3691465E+06  1.0125000E+03  0.0000000E+00  3.9077310E+03  3.8009259E+02  0.0000000E+00  4.5427827E+03  5.5379468E+02  0.0000000E+00  5.5075989E+02  0.0000000E+00  0.0000000E+00  0.0000000E+00  1.9331123E+05 -7.1275616E-03
     4.1800000E+02    223.7617250  4.3694800E+06  3.3350000E+02  0.0000000E+00  4.5739017E+03  3.2414865E+02  0.0000000E+00  4.6177432E+03  4.9188785E+02  0.0000000E+00  4.5740753E+02  0.0000000E+00  0.0000000E+00  0.0000000E+00  1.9348762E+05  1.8086837E-04
     4.1900000E+02    223.7620120  4.3696820E+06  2.0200000E+02  0.0000000E+00  4.5133727E+03  2.8164761E+02  0.0000000E+00  4.5195459E+03  4.7299155E+02  0.0000000E+00  3.8742419E+02  0.0000000E+00  0.0000000E+00  0.0000000E+00  1.9340316E+05  4.8841136E-03
     4.2000000E+02    223.7619109  4.3696110E+06 -7.1000000E+01  0.0000000E+00  4.6015351E+03  2.4835403E+02  0.0000000E+00  4.4076646E+03  4.5916473E+02  0.0000000E+00  3.3346133E+02  0.0000000E+00  0.0000000E+00  0.0000000E+00  1.9326948E+05 -4.3418217E-03
     4.2100000E+02    223.7615694  4.3693705E+06 -2.4050000E+02  0.0000000E+00  4.6116097E+03  2.2160670E+02  0.0000000E+00  4.3045117E+03  4.4601398E+02  0.0000000E+00  2.9086450E+02  0.0000000E+00  0.0000000E+00  0.0000000E+00  1.9312595E+05 -2.7901102E-03
     4.2200000E+02    223.7615700  4.3693710E+06  5.0000000E-01  1.1933808E+03  5.7552686E+03  2.8958804E+02  0.0000000E+00  4.2012114E+03  4.5332190E+02  0.0000000E+00  4.0591977E+02  0.0000000E+00  0.0000000E+00  0.0000000E+00  1.9298292E+05 -1.9165419E+00
     4.2300000E+02    223.7822559  4.3839485E+06  1.4577500E+04  1.0151653E+04  3.5066151E+03  1.6486069E+03  0.0000000E+00  4.3685166E+03  8.0012903E+02  0.0000000E+00  2.7156226E+03  0.0000000E+00  0.0000000E+00  0.0000000E+00  1.9385142E+05  8.1706006E-04
     4.2400000E+02    223.7827863  4.3843220E+06  3.7350000E+02  0.0000000E+00  5.4953069E+03  5.7873187E+02  0.0000000E+00  5.1076606E+03  6.8322723E+02  0.0000000E+00  8.6592041E+02  0.0000000E+00  0.0000000E+00  0.0000000E+00  1.9511081E+05  4.2551174E-03
     4.2500000E+02    223.7854238  4.3861810E+06  1.8590000E+03  0.0000000E+00  4.5986784E+03  4.6922006E+02  0.0000000E+00  5.8878433E+03  5.7902142E+02  0.0000000E+00  6.7930731E+02  0.0000000E+00  0.0000000E+00  0.0000000E+00  1.9618430E+05 -4.6771495E-03
     4.2600000E+02    223.7901749  4.3895290E+06  3.3480000E+03  0.0000000E+00  3.6425103E+03  3.9208911E+02  0.0000000E+00  6.6658682E+03  6.1713593E+02  0.0000000E+00  5.4986230E+02  0.0000000E+00  0.0000000E+00  0.0000000E+00  1.9722647E+05  2.2784432E-03
     4.2700000E+02    223.7951658  4.3930460E+06  3.5170000E+03  0.0000000E+00  4.0022910E+03  3.3518494E+02  0.0000000E+00  7.3443643E+03  6.1623773E+02  0.0000000E+00  4.5614917E+02  0.0000000E+00  0.0000000E+00  0.0000000E+00  1.9814578E+05  2.0825944E-03
     4.2800000E+02    223.8001347  4.3965480E+06  3.5020000E+03  0.0000000E+00  3.6288837E+03  2.9163196E+02  0.0000000E+00  7.1093755E+03  6.5639386E+02  0.0000000E+00  3.8594223E+02  0.0000000E+00  0.0000000E+00  0.0000000E+00  1.9817612E+05 -4.2075105E-03
     4.2900000E+02    223.8045003  4.3996245E+06  3.0765000E+03  0.0000000E+00  3.5924828E+03  2.5729593E+02  0.0000000E+00  6.7396162E+03  6.5976025E+02  0.0000000E+00  3.3184912E+02  0.0000000E+00  0.0000000E+00  0.0000000E+00  1.9805467E+05  2.4651378E-04
     4.3000000E+02    223.8067968  4.4012430E+06  1.6185000E+03  0.0000000E+00  4.6677639E+03  2.2956351E+02  0.0000000E+00  6.4205815E+03  6.5318365E+02  0.0000000E+00  2.8918433E+02  0.0000000E+00  0.0000000E+00  0.0000000E+00  1.9789000E+05 -1.7028167E-03
     4.3100000E+02    223.8117467  4.4047310E+06  3.4880000E+03  0.0000000E+00  2.4335584E+03  2.0671220E+02  0.0000000E+00  6.1148018E+03  6.5456128E+02  0.0000000E+00  2.5485922E+02  0.0000000E+00  0.0000000E+00  0.0000000E+00  1.9780073E+05  3.8534610E-03
     4.3200000E+02    223.8837502  4.4554730E+06  5.0742000E+04  3.0103362E+04  3.2550689E+03  7.0993354E+03  0.0000000E+00  6.8680703E+03  1.8152103E+03  0.0000000E+00  1.1741496E+04  0.0000000E+00  0.0000000E+00  0.0000000E+00  2.0094200E+05 -2.7995640E-05
     4.3300000E+02    223.8963885  4.4644225E+06  8.9495000E+03  1.7716098E+03  1.8279602E+03  1.1497274E+03  0.0000000E+00  7.7086514E+03  1.5509401E+03  0.0000000E+00  1.6985603E+03  0.0000000E+00  0.0000000E+00  0.0000000E+00  2.0327186E+05  1.2040144E-03
     4.3400000E+02    223.9060655  4.4713790E+06  6.9565000E+03  0.0000000E+00  2.1521828E+03  7.8673743E+02  0.0000000E+00  8.4458477E+03  1.1981904E+03  0.0000000E+00  1.0742964E+03  0.0000000E+00  0.0000000E+00  0.0000000E+00  2.0476908E+05  8.5273728E-05
     4.3500000E+02    223.9167619  4.4790685E+06  7.6895000E+03  0.0000000E+00  1.9779733E+03  6.3534595E+02  0.0000000E+00  9.4223750E+03  1.2201732E+03  0.0000000E+00  8.2974072E+02  0.0000000E+00  0.0000000E+00  0.0000000E+00  2.0622878E+05 -1.6952556E-03
     4.3600000E+02    223.9766158  4.5220955E+06  4.3027000E+04  2.2502439E+04  2.0654646E+03  5.5730386E+03  0.0000000E+00  9.8785342E+03  1.8846279E+03  0.0000000E+00  9.0232305E+03  0.0000000E+00  0.0000000E+00  0.0000000E+00  2.0858114E+05  3.1597746E-04
     4.3700000E+02    224.0215689  4.5544110E+06  3.2315500E+04  1.4827109E+04  2.5393545E+03  4.5100273E+03  0.0000000E+00  1.0508986E+04  2.1563772E+03  0.0000000E+00  7.1650107E+03  0.0000000E+00  0.0000000E+00  0.0000000E+00  2.1119394E+05 -2.6385643E-04
     4.3800000E+02    224.1499393  4.6467265E+06  9.2315500E+04  4.4676956E+04  4.8797485E+03  1.6187844E+04  0.0000000E+00  1.1282400E+04  3.6383210E+03  0.0000000E+00  2.8686141E+04  0.0000000E+00  0.0000000E+00  0.0000000E+00  2.1622356E+05 -2.2469005E-04
     4.3900000E+02    224.1732635  4.6637335E+06  1.7007000E+04  5.9613672E+03  3.8387037E+03  2.5484653E+03  0.0000000E+00  1.1848982E+04  2.8837468E+03  0.0000000E+00  3.3708203E+03  0.0000000E+00  0.0000000E+00  0.0000000E+00  2.1934747E+05  7.7368977E-04
     4.4000000E+02    224.1860885  4.6730850E+06  9.3515000E+03  0.0000000E+00  4.0709549E+03  1.4708046E+03  0.0000000E+00  1.2297780E+04  2.1075242E+03  0.0000000E+00  1.7613811E+03  0.0000000E+00  0.0000000E+00  0.0000000E+00  2.2097883E+05 -8.8035449E-05
     4.4100000E+02    224.2039476  4.6861070E+06  1.3022000E+04  2.9836039E+03  4.4052697E+03  1.5797043E+03  0.0000000E+00  1.2701444E+04  1.8762574E+03  0.0000000E+00  2.0408345E+03  0.0000000E+00  0.0000000E+00  0.0000000E+00  2.2228803E+05  1.0673318E-02
     4.4200000E+02    224.2169987  4.6956235E+06  9.5165000E+03  0.0000000E+00  4.3452265E+03  1.0958761E+03  0.0000000E+00  1.3049453E+04  1.7171056E+03  0.0000000E+00  1.3125291E+03  0.0000000E+00  0.0000000E+00  0.0000000E+00  2.2334238E+05 -7.8260279E-01
     4.4300000E+02    224.2305263  4.7054875E+06  9.8640000E+03  0.0000000E+00  3.9947693E+03  9.0004535E+02  0.0000000E+00  1.3663446E+04  1.7573568E+03  0.0000000E+00  1.0524462E+03  0.0000000E+00  0.0000000E+00  0.0000000E+00  2.2445381E+05 -1.2069501E-03
     4.4400000E+02    224.2440735  4.7153655E+06  9.8780000E+03  0.0000000E+00  3.9910560E+03  7.5645850E+02  0.0000000E+00  1.3948476E+04  1.7013289E+03  0.0000000E+00  8.6559473E+02  0.0000000E+00  0.0000000E+00  0.0000000E+00  2.2534648E+05  9.2823594E-04
     4.4500000E+02    224.2587919  4.7260975E+06  1.0732000E+04  0.0000000E+00  3.2243919E+03  6.4718610E+02  0.0000000E+00  1.4149771E+04  1.6070060E+03  0.0000000E+00  7.2566162E+02  0.0000000E+00  0.0000000E+00  0.0000000E+00  2.2623728E+05 -2.6270887E-01
     4.4600000E+02    224.2770549  4.7394145E+06  1.3317000E+04  3.5886742E+03  5.2938729E+03  9.4157483E+02  0.0000000E+00  1.4431580E+04  1.6091888E+03  0.0000000E+00  1.2601476E+03  0.0000000E+00  0.0000000E+00  0.0000000E+00  2.2728916E+05  9.4652595E-03
     4.4700000E+02    224.3141700  4.7664775E+06  2.7063000E+04  1.1377559E+04  3.6875539E+03  2.5578679E+03  0.0000000E+00  1.4725385E+04  1.9228507E+03  0.0000000E+00  4.0126318E+03  0.0000000E+00  0.0000000E+00  0.0000000E+00  2.2894092E+05  1.1955428E-04
     4.4800000E+02    224.3311564  4.7788635E+06  1.2386000E+04  0.0000000E+00  3.1966919E+03  1.0169604E+03  0.0000000E+00  1.5007398E+04  1.8484514E+03  0.0000000E+00  1.4066082E+03  0.0000000E+00  0.0000000E+00  0.0000000E+00  2.3023886E+05 -1.0140449E-03
     4.4900000E+02    224.3480870  4.7912085E+06  1.2345000E+04  0.0000000E+00  3.1664804E+03  8.2142627E+02  0.0000000E+00  1.5443135E+04  1.8497583E+03  0.0000000E+00  1.0968835E+03  0.0000000E+00  0.0000000E+00  0.0000000E+00  2.3140688E+05  1.1924771E-03
     4.5000000E+02    224.3650303  4.8035630E+06  1.2354500E+04  0.0000000E+00  3.0594229E+03  6.8434381E+02  0.0000000E+00  1.5649299E+04  1.8045068E+03  0.0000000E+00  8.8475031E+02  0.0000000E+00  0.0000000E+00  0.0000000E+00  2.3241039E+05 -2.1552171E-04
     4.5100000E+02    224.3815322  4.8155955E+06  1.2032500E+04  0.0000000E+00  3.3818246E+03  5.8298352E+02  0.0000000E+00  1.5884941E+04  1.7856464E+03  0.0000000E+00  7.3214185E+02  0.0000000E+00  0.0000000E+00  0.0000000E+00  2.3340447E+05  5.5641140E-04
     4.5200000E+02    224.4373290  4.8562805E+06  4.0685000E+04  1.9237222E+04  3.6221684E+03  4.2922744E+03  0.0000000E+00  1.6034119E+04  2.2709580E+03  0.0000000E+00  7.0144951E+03  0.0000000E+00  0.0000000E+00  0.0000000E+00  2.3556594E+05 -3.3545803E-05
     4.5300000E+02    224.4552160  4.8693230E+06  1.3042500E+04  0.0000000E+00  3.8529911E+03  1.0922219E+03  0.0000000E+00  1.6234629E+04  2.0285853E+03  0.0000000E+00  1.5972991E+03  0.0000000E+00  0.0000000E+00  0.0000000E+00  2.3716512E+05  3.9219065E-04
     4.5400000E+02    224.4862646  4.8919625E+06  2.2639500E+04  6.0209469E+03  2.3549703E+03  1.7996012E+03  0.0000000E+00  1.6406207E+04  2.0374265E+03  0.0000000E+00  2.8051582E+03  0.0000000E+00  0.0000000E+00  0.0000000E+00  2.3875689E+05  6.5027307E-05
     4.5500000E+02    224.5095621  4.9089505E+06  1.6988000E+04  3.0126908E+03  4.1745642E+03  1.4367067E+03  0.0000000E+00  1.6556824E+04  1.9931105E+03  0.0000000E+00  2.1981309E+03  0.0000000E+00  0.0000000E+00  0.0000000E+00  2.4018538E+05  2.0978688E-01
     4.5600000E+02    224.5269228  4.9216090E+06  1.2658500E+04  0.0000000E+00  4.4723264E+03  9.3875592E+02  0.0000000E+00  1.6842506E+04  1.9995951E+03  0.0000000E+00  1.3494021E+03  0.0000000E+00  0.0000000E+00  0.0000000E+00  2.4139373E+05  1.2659649E-03
     4.5700000E+02    224.5437164  4.9338545E+06  1.2245500E+04  0.0000000E+00  4.6334757E+03  7.6333667E+02  0.0000000E+00  1.6971863E+04  1.9111812E+03  0.0000000E+00  1.0547487E+03  0.0000000E+00  0.0000000E+00  0.0000000E+00  2.4241952E+05 -1.1018191E-03
     4.5800000E+02    224.5593522  4.9452555E+06  1.1401000E+04  0.0000000E+00  5.3723463E+03  6.3892865E+02  0.0000000E+00  1.7136758E+04  1.8502379E+03  0.0000000E+00  8.4801782E+02  0.0000000E+00  0.0000000E+00  0.0000000E+00  2.4339698E+05  6.5021298E-04
     4.5900000E+02    224.5773004  4.9583425E+06  1.3087000E+04  0.0000000E+00  3.6790477E+03  5.4619965E+02  0.0000000E+00  1.7204418E+04  1.6789302E+03  0.0000000E+00  6.9447949E+02  0.0000000E+00  0.0000000E+00  0.0000000E+00  2.4441309E+05  6.4592029E-04
     4.6000000E+02    224.5947122  4.9710390E+06  1.2696500E+04  0.0000000E+00  3.9997978E+03  4.7448929E+02  0.0000000E+00  1.7298725E+04  1.6420945E+03  0.0000000E+00  5.8465118E+02  0.0000000E+00  0.0000000E+00  0.0000000E+00  2.4540508E+05  1.0607255E-01
     4.6100000E+02    224.6135032  4.9847405E+06  1.3701500E+04  0.0000000E+00  2.8832990E+03  4.1744666E+02  0.0000000E+00  1.7383254E+04  1.6513060E+03  0.0000000E+00  4.9840594E+02  0.0000000E+00  0.0000000E+00  0.0000000E+00  2.4641220E+05  3.4428975E-01
     4.6200000E+02    224.6309716  4.9974780E+06  1.2737500E+04  0.0000000E+00  3.8364345E+03  3.7105142E+02  0.0000000E+00  1.7533984E+04  1.7641504E+03  0.0000000E+00  4.3284250E+02  0.0000000E+00  0.0000000E+00  0.0000000E+00  2.4739498E+05 -1.1236561E-03
     4.6300000E+02    224.6491498  5.0107325E+06  1.3254500E+04  0.0000000E+00  3.3945410E+03  3.3263232E+02  0.0000000E+00  1.7568580E+04  1.6295548E+03  0.0000000E+00  3.7780280E+02  0.0000000E+00  0.0000000E+00  0.0000000E+00  2.4838772E+05  2.2972894E-03
     4.6400000E+02    224.6661012  5.0230930E+06  1.2360500E+04  0.0000000E+00  4.2471741E+03  3.0034308E+02  0.0000000E+00  1.7617100E+04  1.6437689E+03  0.0000000E+00  3.3378882E+02  0.0000000E+00  0.0000000E+00  0.0000000E+00  2.4926895E+05 -1.1557438E-03
     4.6500000E+02    224.6858026  5.0374585E+06  1.4365500E+04  6.0573063E+02  2.9433659E+03  3.1203104E+02  0.0000000E+00  1.7661195E+04  1.6330463E+03  0.0000000E+00  3.6301462E+02  0.0000000E+00  0.0000000E+00  0.0000000E+00  2.5023930E+05  3.0933291E-04
     4.6600000E+02    224.7046312  5.0511875E+06  1.3729000E+04  0.0000000E+00  2.8250572E+03  2.6908618E+02  0.0000000E+00  1.7656908E+04  1.6706543E+03  0.0000000E+00  2.9884982E+02  0.0000000E+00  0.0000000E+00  0.0000000E+00  2.5110461E+05  7.2874426E-04
     4.6700000E+02    224.7220706  5.0639040E+06  1.2716500E+04  0.0000000E+00  3.7305921E+03  2.4560527E+02  0.0000000E+00  1.7579762E+04  1.6478807E+03  0.0000000E+00  2.6935257E+02  0.0000000E+00  0.0000000E+00  0.0000000E+00  2.5189653E+05 -1.4032064E-03
     4.6800000E+02    224.7789772  5.1053980E+06  4.1494000E+04  1.8832616E+04  1.7857196E+03  3.4244822E+03  0.0000000E+00  1.7653188E+04  2.2660471E+03  0.0000000E+00  5.6357080E+03  0.0000000E+00  0.0000000E+00  0.0000000E+00  2.5400238E+05  5.0601317E-04
     4.6900000E+02    224.8711113  5.1725790E+06  6.7181000E+04  3.2899882E+04  6.6692317E+03  9.6573828E+03  0.0000000E+00  1.7910098E+04  3.4586895E+03  0.0000000E+00  1.6854062E+04  0.0000000E+00  0.0000000E+00  0.0000000E+00  2.5786641E+05  1.6166283E-02
     4.7000000E+02    224.9687861  5.2446370E+06  7.2058000E+04  3.2995548E+04  5.2780649E+03  1.0711244E+04  0.0000000E+00  1.8098475E+04  4.4288750E+03  0.0000000E+00  1.9959678E+04  0.0000000E+00  0.0000000E+00  0.0000000E+00  2.6258800E+05  9.5548285E-06
     4.7100000E+02    224.9871444  5.2582705E+06  1.3633500E+04  0.0000000E+00  4.6749628E+03  1.6424857E+03  0.0000000E+00  1.8187041E+04  3.5956846E+03  0.0000000E+00  2.0746638E+03  0.0000000E+00  0.0000000E+00  0.0000000E+00  2.6501606E+05  2.0062513E-04
     4.7200000E+02    225.0057097  5.2720580E+06  1.3787500E+04  0.0000000E+00  4.2270613E+03  1.2681802E+03  0.0000000E+00  1.8255377E+04  3.0468254E+03  0.0000000E+00  1.5376875E+03  0.0000000E+00  0.0000000E+00  0.0000000E+00  2.6637550E+05 -6.7696912E-04
     4.7300000E+02    225.0219805  5.2841410E+06  1.2083000E+04  0.0000000E+00  5.6297251E+03  1.0203644E+03  0.0000000E+00  1.8327566E+04  2.8373792E+03  0.0000000E+00  1.2024847E+03  0.0000000E+00  0.0000000E+00  0.0000000E+00  2.6746325E+05  1.5158985E-03
     4.7400000E+02    225.0681625  5.3184375E+06  3.4296500E+04  1.5319509E+04  5.6213358E+03  3.7412781E+03  0.0000000E+00  1.8415398E+04  3.3059929E+03  0.0000000E+00  5.7476753E+03  0.0000000E+00  0.0000000E+00  0.0000000E+00  2.6936322E+05  7.2298033E-05
     4.7500000E+02    225.3747516  5.5478105E+06  2.2937300E+05  1.0876954E+05  5.4027133E+03  4.1080996E+04  0.0000000E+00  1.9248361E+04  8.5285420E+03  0.0000000E+00  7.4205281E+04  0.0000000E+00  0.0000000E+00  0.0000000E+00  2.8059931E+05 -2.5688008E-05
     4.7600000E+02    225.6158195  5.7287315E+06  1.8092100E+05  9.0198809E+04  5.7844508E+03  3.1745354E+04  0.0000000E+00  2.0406367E+04  1.1322457E+04  0.0000000E+00  5.5677422E+04  0.0000000E+00  0.0000000E+00  0.0000000E+00  2.9416553E+05  2.3670900E-05
     4.7700000E+02    225.7099813  5.7994000E+06  7.0668500E+04  3.6171319E+04  3.9352336E+03  1.0358683E+04  0.0000000E+00  2.1477688E+04  1.0324856E+04  0.0000000E+00  1.6920705E+04  0.0000000E+00  0.0000000E+00  0.0000000E+00  3.0293144E+05 -2.2077421E-04
     4.7800000E+02    225.8243101  5.8852035E+06  8.5803500E+04  3.8785039E+04  2.0855028E+03  1.3675512E+04  0.0000000E+00  2.2792053E+04  1.0417796E+04  0.0000000E+00  2.3054332E+04  0.0000000E+00  0.0000000E+00  0.0000000E+00  3.1073100E+05  1.4304687E-04
     4.7900000E+02    225.8886261  5.9334725E+06  4.8269000E+04  1.8799386E+04  2.2772240E+03  7.2132476E+03  0.0000000E+00  2.3456545E+04  9.8840078E+03  0.0000000E+00  1.0961152E+04  0.0000000E+00  0.0000000E+00  0.0000000E+00  3.1613272E+05  1.6806544E-04
     4.8000000E+02    225.9223580  5.9588195E+06  2.5347000E+04  6.2721095E+03  5.1341717E+03  4.0349685E+03  0.0000000E+00  2.3643299E+04  8.9626621E+03  0.0000000E+00  5.4932490E+03  0.0000000E+00  0.0000000E+00  0.0000000E+00  3.1924369E+05 -5.2983058E-04
     4.8100000E+02    225.9583373  5.9862955E+06  2.7476000E+04  6.2778174E+03  3.0107108E+03  3.6261907E+03  0.0000000E+00  2.3981230E+04  8.5371143E+03  0.0000000E+00  5.1387134E+03  0.0000000E+00  0.0000000E+00  0.0000000E+00  3.2191722E+05  3.3032597E-04
     4.8200000E+02    225.9910867  6.0113050E+06  2.5009500E+04  5.6547117E+03  4.6014210E+03  3.2194016E+03  0.0000000E+00  2.4141121E+04  8.2812529E+03  0.0000000E+00  4.8770020E+03  0.0000000E+00  0.0000000E+00  0.0000000E+00  3.2409994E+05  1.7009585E-04
     4.8300000E+02    226.0270520  6.0387705E+06  2.7465500E+04  7.5464620E+03  5.0517267E+03  3.4054648E+03  0.0000000E+00  2.4173998E+04  8.1777427E+03  0.0000000E+00  5.5732734E+03  0.0000000E+00  0.0000000E+00  0.0000000E+00  3.2610147E+05  1.0394476E-02
     4.8400000E+02    226.0472842  6.0542210E+06  1.5450500E+04  0.0000000E+00  5.4894640E+03  1.9122164E+03  0.0000000E+00  2.4145369E+04  7.7466182E+03  0.0000000E+00  2.6291292E+03  0.0000000E+00  0.0000000E+00  0.0000000E+00  3.2751494E+05  4.6297564E-04
     4.8500000E+02    226.0666204  6.0689875E+06  1.4766500E+04  0.0000000E+00  5.5988545E+03  1.5299695E+03  0.0000000E+00  2.4071332E+04  7.3204106E+03  0.0000000E+00  2.0842964E+03  0.0000000E+00  0.0000000E+00  0.0000000E+00  3.2863281E+05 -6.0670084E-04
     4.8600000E+02    226.1179750  6.1082050E+06  3.9217500E+04  1.6388171E+04  6.0467862E+03  4.4665332E+03  0.0000000E+00  2.4031316E+04  7.6538164E+03  0.0000000E+00  8.0331396E+03  0.0000000E+00  0.0000000E+00  0.0000000E+00  3.3072522E+05  2.0003978E-03
     4.8700000E+02    226.1370973  6.1228080E+06  1.4603000E+04  0.0000000E+00  6.2038690E+03  1.6624205E+03  0.0000000E+00  2.3956992E+04  7.1345610E+03  0.0000000E+00  2.3251323E+03  0.0000000E+00  0.0000000E+00  0.0000000E+00  3.3214347E+05  1.1147916E-02
     4.8800000E+02    226.1564773  6.1376080E+06  1.4800000E+04  0.0000000E+00  5.5860781E+03  1.3333065E+03  0.0000000E+00  2.3845383E+04  6.6325898E+03  0.0000000E+00  1.8398009E+03  0.0000000E+00  0.0000000E+00  0.0000000E+00  3.3318000E+05 -6.5782497E-04
     4.8900000E+02    226.1738907  6.1509095E+06  1.3301500E+04  0.0000000E+00  6.7921286E+03  1.1033574E+03  0.0000000E+00  2.3723393E+04  6.2239951E+03  0.0000000E+00  1.4907653E+03  0.0000000E+00  0.0000000E+00  0.0000000E+00  3.3407016E+05 -4.0817636E-04
     4.9000000E+02    226.2027526  6.1731255E+06  2.2216000E+04  6.3896945E+03  6.1337705E+03  1.7696683E+03  0.0000000E+00  2.3613371E+04  6.0688882E+03  0.0000000E+00  2.6941655E+03  0.0000000E+00  0.0000000E+00  0.0000000E+00  3.3529209E+05  1.3996105E-01
     4.9100000E+02    226.2197705  6.1862250E+06  1.3099500E+04  0.0000000E+00  7.3277174E+03  1.0785040E+03  0.0000000E+00  2.3509811E+04  5.6568550E+03  0.0000000E+00  1.5497275E+03  0.0000000E+00  0.0000000E+00  0.0000000E+00  3.3626362E+05  2.0648333E-01
     4.9200000E+02    226.3551072  6.2903990E+06  1.0417400E+05  5.0025090E+04  7.3167891E+03  1.5473090E+04  0.0000000E+00  2.4010619E+04  7.8044497E+03  0.0000000E+00  2.9786023E+04  0.0000000E+00  0.0000000E+00  0.0000000E+00  3.4163753E+05 -3.5364067E-04
     4.9300000E+02    226.4150530  6.3365415E+06  4.6142500E+04  2.0553053E+04  7.8671215E+03  5.9297007E+03  0.0000000E+00  2.4314713E+04  7.5374224E+03  0.0000000E+00  1.0749721E+04  0.0000000E+00  0.0000000E+00  0.0000000E+00  3.4593125E+05  2.3482999E-04
     4.9400000E+02    226.4376525  6.3539375E+06  1.7396000E+04  1.2852713E+03  6.9113147E+03  2.0621213E+03  0.0000000E+00  2.4413314E+04  6.2080576E+03  0.0000000E+00  2.7415349E+03  0.0000000E+00  0.0000000E+00  0.0000000E+00  3.4813675E+05 -4.3042429E-02
     4.9500000E+02    226.4580736  6.3696565E+06  1.5719000E+04  0.0000000E+00  6.8265528E+03  1.5348845E+03  0.0000000E+00  2.4380758E+04  5.3412188E+03  0.0000000E+00  1.9710819E+03  0.0000000E+00  0.0000000E+00  0.0000000E+00  3.4951959E+05 -1.6809073E-04
     4.9600000E+02    226.5097673  6.4094470E+06  3.9790500E+04  1.4806508E+04  5.2042678E+03  4.0506587E+03  0.0000000E+00  2.4451812E+04  5.5161875E+03  0.0000000E+00  7.2022344E+03  0.0000000E+00  0.0000000E+00  0.0000000E+00  3.5181369E+05  5.1040645E-04
     4.9700000E+02    226.5331902  6.4274770E+06  1.8030000E+04  0.0000000E+00  5.3656907E+03  1.5893179E+03  0.0000000E+00  2.4470602E+04  4.9872109E+03  0.0000000E+00  2.2996421E+03  0.0000000E+00  0.0000000E+00  0.0000000E+00  3.5348609E+05 -8.2299732E-02
     4.9800000E+02    226.5546086  6.4439635E+06  1.6486500E+04  0.0000000E+00  6.4978609E+03  1.2665134E+03  0.0000000E+00  2.4414043E+04  4.4713657E+03  0.0000000E+00  1.7751318E+03  0.0000000E+00  0.0000000E+00  0.0000000E+00  3.5469462E+05 -1.4227472E-04
     4.9900000E+02    226.5727029  6.4578915E+06  1.3928000E+04  0.0000000E+00  8.8574048E+03  1.0431986E+03  0.0000000E+00  2.4344869E+04  4.0643943E+03  0.0000000E+00  1.4616725E+03  0.0000000E+00  0.0000000E+00  0.0000000E+00  3.5567472E+05 -2.2186551E-04
     5.0000000E+02    226.5913637  6.4722550E+06  1.4363500E+04  0.0000000E+00  7.9253111E+03  8.7959485E+02  0.0000000E+00  2.4281971E+04  4.0507285E+03  0.0000000E+00  1.1784474E+03  0.0000000E+00  0.0000000E+00  0.0000000E+00  3.5651503E+05  1.8018570E-03
     5.0100000E+02    226.6116086  6.4878385E+06  1.5583500E+04  0.0000000E+00  6.6897527E+03  7.5479382E+02  0.0000000E+00  2.4201582E+04  3.6589353E+03  0.0000000E+00  9.7767572E+02  0.0000000E+00  0.0000000E+00  0.0000000E+00  3.5749659E+05  7.1809250E-03
     5.0200000E+02    226.6296026  6.5016895E+06  1.3851000E+04  0.0000000E+00  8.0857551E+03  6.5668665E+02  0.0000000E+00  2.4134850E+04  3.4253923E+03  0.0000000E+00  8.2625427E+02  0.0000000E+00  0.0000000E+00  0.0000000E+00  3.5837412E+05  9.9791414E-01
     5.0300000E+02    226.6466233  6.5147910E+06  1.3101500E+04  0.0000000E+00  8.7674021E+03  5.7774261E+02  0.0000000E+00  2.4071223E+04  3.2425298E+03  0.0000000E+00  6.9713721E+02  0.0000000E+00  0.0000000E+00  0.0000000E+00  3.5917691E+05  9.2586201E-01
     5.0400000E+02    226.6631233  6.5274915E+06  1.2700500E+04  0.0000000E+00  9.0903835E+03  5.1301825E+02  0.0000000E+00  2.4001367E+04  3.3136824E+03  0.0000000E+00  5.9041803E+02  0.0000000E+00  0.0000000E+00  0.0000000E+00  3.5986544E+05  9.4136619E-04
     5.0500000E+02    226.6799139  6.5404160E+06  1.2924500E+04  0.0000000E+00  8.7288434E+03  4.5912769E+02  0.0000000E+00  2.3931986E+04  3.2429536E+03  0.0000000E+00  5.0508038E+02  0.0000000E+00  0.0000000E+00  0.0000000E+00  3.6058709E+05 -4.0794385E-04
     5.0600000E+02    226.6967867  6.5534035E+06  1.2987500E+04  1.2933602E+03  1.0324327E+04  5.0203503E+02  0.0000000E+00  2.3858668E+04  2.9363291E+03  0.0000000E+00  5.9279895E+02  0.0000000E+00  0.0000000E+00  0.0000000E+00  3.6137778E+05 -4.9299048E-03
     5.0700000E+02    226.7145811  6.5671005E+06  1.3697000E+04  0.0000000E+00  7.9224919E+03  4.1778256E+02  0.0000000E+00  2.3799561E+04  2.8132466E+03  0.0000000E+00  4.6099319E+02  0.0000000E+00  0.0000000E+00  0.0000000E+00  3.6216897E+05  9.9519539E-01
     5.0800000E+02    226.7333563  6.5815525E+06  1.4452000E+04  6.4725085E+02  7.8309481E+03  4.1969742E+02  0.0000000E+00  2.3744889E+04  2.7588640E+03  0.0000000E+00  4.8396021E+02  0.0000000E+00  0.0000000E+00  0.0000000E+00  3.6299800E+05  1.0040576E+00
     5.0900000E+02    226.7886162  6.6240885E+06  4.2536000E+04  1.7499061E+04  3.4233143E+03  3.1279897E+03  0.0000000E+00  2.3750254E+04  3.5275051E+03  0.0000000E+00  5.1119180E+03  0.0000000E+00  0.0000000E+00  0.0000000E+00  3.6509838E+05  4.8542768E-03
     5.1000000E+02    226.8073710  6.6385250E+06  1.4436500E+04  0.0000000E+00  8.3015402E+03  9.0152484E+02  0.0000000E+00  2.3766232E+04  3.1770537E+03  0.0000000E+00  1.2471179E+03  0.0000000E+00  0.0000000E+00  0.0000000E+00  3.6650459E+05 -8.4410980E-04
     5.1100000E+02    226.9241568  6.7284195E+06  8.9894500E+04  4.2264870E+04  3.8014530E+03  1.2032146E+04  0.0000000E+00  2.4231725E+04  5.0524351E+03  0.0000000E+00  2.0219934E+04  0.0000000E+00  0.0000000E+00  0.0000000E+00  3.7119838E+05  2.8481396E-04
     5.1200000E+02    226.9419765  6.7422470E+06  1.3827500E+04  0.0000000E+00  9.6151997E+03  1.2981569E+03  0.0000000E+00  2.4541398E+04  4.1232456E+03  0.0000000E+00  1.7262792E+03  0.0000000E+00  0.0000000E+00  0.0000000E+00  3.7375688E+05 -4.0386271E-04
     5.1300000E+02    226.9600360  6.7563795E+06  1.4132500E+04  0.0000000E+00  9.9145933E+03  1.0426456E+03  0.0000000E+00  2.4988910E+04  3.3121436E+03  0.0000000E+00  1.3278713E+03  0.0000000E+00  0.0000000E+00  0.0000000E+00  3.7537366E+05  6.9602951E-04
     5.1400000E+02    227.0646906  6.8382790E+06  8.1899500E+04  3.9790836E+04  1.0413229E+04  1.1183680E+04  0.0000000E+00  2.5820830E+04  4.9716416E+03  0.0000000E+00  2.0488617E+04  0.0000000E+00  0.0000000E+00  0.0000000E+00  3.8025334E+05 -4.1759197E-04
     5.1500000E+02    227.1320012  6.8909535E+06  5.2674500E+04  2.1558941E+04  7.4801839E+03  6.3821870E+03  0.0000000E+00  2.6500082E+04  5.1700073E+03  0.0000000E+00  1.0883834E+04  0.0000000E+00  0.0000000E+00  0.0000000E+00  3.8452194E+05  5.3817418E-04
     5.1600000E+02    227.1532406  6.9075750E+06  1.6621500E+04  0.0000000E+00  1.0575190E+04  1.8296456E+03  0.0000000E+00  2.6971371E+04  3.9783860E+03  0.0000000E+00  2.3722781E+03  0.0000000E+00  0.0000000E+00  0.0000000E+00  3.8674300E+05 -5.7140253E-03
     5.1700000E+02    227.1728024  6.9228835E+06  1.5308500E+04  0.0000000E+00  1.1171521E+04  1.4151542E+03  0.0000000E+00  2.7073855E+04  3.3076694E+03  0.0000000E+00  1.7591980E+03  0.0000000E+00  0.0000000E+00  0.0000000E+00  3.8797369E+05  1.5224624E+00
     5.1800000E+02    227.2938977  7.0181395E+06  9.5256000E+04  4.4394803E+04  1.0207877E+04  1.3485261E+04  0.0000000E+00  2.7699012E+04  5.1165864E+03  0.0000000E+00  2.5001562E+04  0.0000000E+00  0.0000000E+00  0.0000000E+00  3.9251769E+05  1.6249454E-04
     5.1900000E+02    227.4453713  7.1373710E+06  1.1923150E+05  5.2815109E+04  6.9303522E+03  1.7883568E+04  0.0000000E+00  2.8942234E+04  6.9612202E+03  0.0000000E+00  3.3482449E+04  0.0000000E+00  0.0000000E+00  0.0000000E+00  3.9984612E+05  2.1713883E-04
     5.2000000E+02    227.4703897  7.1570645E+06  1.9693500E+04  0.0000000E+00  8.3078896E+03  1.8765767E+03  0.0000000E+00  2.9275545E+04  5.2862573E+03  0.0000000E+00  2.1351377E+03  0.0000000E+00  0.0000000E+00  0.0000000E+00  4.0307100E+05 -1.1676296E-03
     5.2100000E+02    227.4944992  7.1760420E+06  1.8977500E+04  0.0000000E+00  9.4852776E+03  1.5034626E+03  0.0000000E+00  2.9336955E+04  4.0717402E+03  0.0000000E+00  1.6942955E+03  0.0000000E+00  0.0000000E+00  0.0000000E+00  4.0467022E+05  6.0032035E-04
     5.2200000E+02    227.5176664  7.1942780E+06  1.8236000E+04  0.0000000E+00  1.0072333E+04  1.2371210E+03  0.0000000E+00  2.9124598E+04  3.5126599E+03  0.0000000E+00  1.4592216E+03  0.0000000E+00  0.0000000E+00  0.0000000E+00  4.0570322E+05 -1.7186010E-04
     5.2300000E+02    227.5414525  7.2130010E+06  1.8723000E+04  1.2753365E+03  1.0635407E+04  1.1542260E+03  0.0000000E+00  2.8817762E+04  3.3073706E+03  0.0000000E+00  1.4185784E+03  0.0000000E+00  0.0000000E+00  0.0000000E+00  4.0650897E+05  3.8266202E-04
     5.2400000E+02    227.5843848  7.2467950E+06  3.3794000E+04  8.2974805E+03  4.5852334E+03  2.0129948E+03  0.0000000E+00  2.8518047E+04  3.4447405E+03  0.0000000E+00  2.9954771E+03  0.0000000E+00  0.0000000E+00  0.0000000E+00  4.0788616E+05  6.5378132E-05
     5.2500000E+02    227.6342853  7.2860740E+06  3.9279000E+04  1.2779291E+04  7.3679435E+03  3.3899226E+03  0.0000000E+00  2.8300453E+04  3.7046094E+03  0.0000000E+00  5.8818311E+03  0.0000000E+00  0.0000000E+00  0.0000000E+00  4.0970759E+05 -1.0861147E-04
     5.2600000E+02    227.6600966  7.3063915E+06  2.0317500E+04  0.0000000E+00  8.0339743E+03  1.4490861E+03  0.0000000E+00  2.8098988E+04  3.3213853E+03  0.0000000E+00  2.1075740E+03  0.0000000E+00  0.0000000E+00  0.0000000E+00  4.1093772E+05 -5.4369245E-02
     5.2700000E+02    227.6810411  7.3228775E+06  1.6486000E+04  0.0000000E+00  1.0786140E+04  1.1617411E+03  0.0000000E+00  2.7915555E+04  2.8963037E+03  0.0000000E+00  1.6668154E+03  0.0000000E+00  0.0000000E+00  0.0000000E+00  4.1178331E+05  1.8724495E+00
     5.2800000E+02    227.7948658  7.4124745E+06  8.9597000E+04  3.9113619E+04  4.8073366E+03  1.0930766E+04  0.0000000E+00  2.8239107E+04  4.7342534E+03  0.0000000E+00  2.0854719E+04  0.0000000E+00  0.0000000E+00  0.0000000E+00  4.1577494E+05 -3.7825981E-04
     5.2900000E+02    227.8190611  7.4315195E+06  1.9045000E+04  0.0000000E+00  8.6919894E+03  1.5702543E+03  0.0000000E+00  2.8263418E+04  4.0626606E+03  0.0000000E+00  1.9661812E+03  0.0000000E+00  0.0000000E+00  0.0000000E+00  4.1788031E+05  6.3876080E-04
     5.3000000E+02    227.8411598  7.4489145E+06  1.7395000E+04  0.0000000E+00  1.0185787E+04  1.2574755E+03  0.0000000E+00  2.8223383E+04  3.4897253E+03  0.0000000E+00  1.5895891E+03  0.0000000E+00  0.0000000E+00  0.0000000E+00  4.1900978E+05 -2.1372801E-04
     5.3100000E+02    227.8605268  7.4641590E+06  1.5244500E+04  0.0000000E+00  1.2076447E+04  1.0380841E+03  0.0000000E+00  2.8154131E+04  3.1398752E+03  0.0000000E+00  1.2746179E+03  0.0000000E+00  0.0000000E+00  0.0000000E+00  4.1989575E+05  1.9725600E-02
     5.3200000E+02    227.8768061  7.4769730E+06  1.2814000E+04  0.0000000E+00  1.4175063E+04  8.7611237E+02  0.0000000E+00  2.8006920E+04  2.9241238E+03  0.0000000E+00  1.0303163E+03  0.0000000E+00  0.0000000E+00  0.0000000E+00  4.2053406E+05  5.4192991E-04
     5.3300000E+02    227.8925620  7.4893755E+06  1.2402500E+04  0.0000000E+00  1.4092948E+04  7.5202917E+02  0.0000000E+00  2.7777410E+04  2.8697334E+03  0.0000000E+00  8.3548596E+02  0.0000000E+00  0.0000000E+00  0.0000000E+00  4.2099134E+05 -8.7130943E-04
     5.3400000E+02    227.9057914  7.4997890E+06  1.0413500E+04  0.0000000E+00  1.5688074E+04  6.5426282E+02  0.0000000E+00  2.7482463E+04  2.7282949E+03  0.0000000E+00  6.9307086E+02  0.0000000E+00  0.0000000E+00  0.0000000E+00  4.2130581E+05 -2.5066297E-04
     5.3500000E+02    227.9199891  7.5109645E+06  1.1175500E+04  0.0000000E+00  1.4143568E+04  5.7550330E+02  0.0000000E+00  2.7224268E+04  2.6760442E+03  0.0000000E+00  5.9555505E+02  0.0000000E+00  0.0000000E+00  0.0000000E+00  4.2161953E+05  1.4094392E+00
     5.3600000E+02    227.9339349  7.5219420E+06  1.0977500E+04  0.0000000E+00  1.4324280E+04  5.1089969E+02  0.0000000E+00  2.6940660E+04  2.6759663E+03  0.0000000E+00  5.2610602E+02  0.0000000E+00  0.0000000E+00  0.0000000E+00  4.2191600E+05 -2.8622159E-04
     5.3700000E+02    227.9462578  7.5316420E+06  9.7000000E+03  0.0000000E+00  1.5281951E+04  4.5710547E+02  0.0000000E+00  2.6683014E+04  2.6312229E+03  0.0000000E+00  4.6892407E+02  0.0000000E+00  0.0000000E+00  0.0000000E+00  4.2217209E+05 -1.4961979E-02
     5.3800000E+02    227.9600065  7.5426355E+06  1.0993500E+04  0.0000000E+00  1.3629474E+04  4.1173834E+02  0.0000000E+00  2.6430781E+04  2.6405242E+03  0.0000000E+00  4.2111639E+02  0.0000000E+00  0.0000000E+00  0.0000000E+00  4.2245266E+05  5.0505117E-04
     5.3900000E+02    227.9728549  7.5529140E+06  1.0278500E+04  0.0000000E+00  1.4025382E+04  3.7305722E+02  0.0000000E+00  2.6200760E+04  2.6504507E+03  0.0000000E+00  3.8062695E+02  0.0000000E+00  0.0000000E+00  0.0000000E+00  4.2273225E+05  4.1302328E-04
     5.4000000E+02    227.9835952  7.5615065E+06  8.5925000E+03  0.0000000E+00  1.5485313E+04  3.3976120E+02  0.0000000E+00  2.5993686E+04  2.6019001E+03  0.0000000E+00  3.4595551E+02  0.0000000E+00  0.0000000E+00  0.0000000E+00  4.2296641E+05 -1.1639949E-03
     5.4100000E+02    227.9992168  7.5740035E+06  1.2497000E+04  0.0000000E+00  1.1266279E+04  3.1085980E+02  0.0000000E+00  2.5817051E+04  2.6804397E+03  0.0000000E+00  3.1598199E+02  0.0000000E+00  0.0000000E+00  0.0000000E+00  4.2336047E+05  6.5734697E-04
     5.4200000E+02    228.0134831  7.5854165E+06  1.1413000E+04  0.0000000E+00  1.2098986E+04  2.8558615E+02  0.0000000E+00  2.5657680E+04  2.7211216E+03  0.0000000E+00  2.8985382E+02  0.0000000E+00  0.0000000E+00  0.0000000E+00  4.2377991E+05  4.4671586E-05
     5.4300000E+02    228.0244912  7.5942230E+06  8.8065000E+03  0.0000000E+00  1.4535534E+04  2.6333804E+02  0.0000000E+00  2.5507453E+04  2.6658333E+03  0.0000000E+00  2.6691061E+02  0.0000000E+00  0.0000000E+00  0.0000000E+00  4.2410375E+05  1.1457995E-01
     5.4400000E+02    228.0327981  7.6008685E+06  6.6455000E+03  0.0000000E+00  1.6618656E+04  2.4363629E+02  0.0000000E+00  2.5351488E+04  2.5792637E+03  0.0000000E+00  2.4663303E+02  0.0000000E+00  0.0000000E+00  0.0000000E+00  4.2430472E+05 -6.4318744E-03
     5.4500000E+02    228.0790843  7.6378970E+06  3.7028500E+04  2.1287520E+04  1.5504029E+04  3.5171187E+03  0.0000000E+00  2.5250969E+04  3.3618362E+03  0.0000000E+00  5.8389937E+03  0.0000000E+00  0.0000000E+00  0.0000000E+00  4.2563444E+05  4.1931600E-04
     5.4600000E+02    228.1368545  7.6841130E+06  4.6216000E+04  2.2604390E+04  1.2242834E+04  5.5731318E+03  0.0000000E+00  2.5244113E+04  4.1408833E+03  0.0000000E+00  9.1960645E+03  0.0000000E+00  0.0000000E+00  0.0000000E+00  4.2781259E+05  2.8720913E-02
     5.4700000E+02    228.1661015  7.7075105E+06  2.3397500E+04  5.8160360E+03  9.4181548E+03  2.2809482E+03  0.0000000E+00  2.5276689E+04  4.0785796E+03  0.0000000E+00  3.5204834E+03  0.0000000E+00  0.0000000E+00  0.0000000E+00  4.2937753E+05 -2.1175441E-04
     5.4800000E+02    228.1812808  7.7196535E+06  1.2143000E+04  0.0000000E+00  1.2556592E+04  1.2433331E+03  0.0000000E+00  2.5299318E+04  3.5478391E+03  0.0000000E+00  1.7051392E+03  0.0000000E+00  0.0000000E+00  0.0000000E+00  4.3029169E+05  1.2756805E-03
     5.4900000E+02    228.2157459  7.7472795E+06  2.7626000E+04  6.3099780E+03  4.8541514E+03  1.8870696E+03  0.0000000E+00  2.5291074E+04  3.8450183E+03  0.0000000E+00  2.8368606E+03  0.0000000E+00  0.0000000E+00  0.0000000E+00  4.3153250E+05 -5.1079685E-04
     5.5000000E+02    228.2312671  7.7597495E+06  1.2470000E+04  0.0000000E+00  1.1660884E+04  1.0502875E+03  0.0000000E+00  2.5239715E+04  3.5393452E+03  0.0000000E+00  1.3805669E+03  0.0000000E+00  0.0000000E+00  0.0000000E+00  4.3237969E+05  1.2281777E-03
     5.5100000E+02    228.5382637  8.0063970E+06  2.4664750E+05  6.7954858E+04  4.7205319E+03  2.1979639E+04  0.0000000E+00  2.5953789E+04  9.7751992E+03  0.0000000E+00  1.4525531E+05  0.0000000E+00  0.0000000E+00  0.0000000E+00  4.4255900E+05  1.3761586E-04
     5.5200000E+02    228.6509796  8.0969550E+06  9.0558000E+04  0.0000000E+00  1.1258374E+04  1.1238064E+03  0.0000000E+00  2.6341549E+04  9.6568789E+03  0.0000000E+00  8.4008102E+04  0.0000000E+00  0.0000000E+00  0.0000000E+00  4.4985872E+05  1.8221827E-04
     5.5300000E+02    228.7416013  8.1697625E+06  7.2807500E+04  0.0000000E+00  1.2762761E+04  9.3531653E+02  0.0000000E+00  2.6425428E+04  8.5022900E+03  0.0000000E+00  6.6711266E+04  0.0000000E+00  0.0000000E+00  0.0000000E+00  4.5457650E+05 -5.8133662E-04
     5.5400000E+02    228.8141368  8.2280390E+06  5.8276500E+04  0.0000000E+00  1.5923728E+04  7.9407581E+02  0.0000000E+00  2.6381047E+04  7.7816865E+03  0.0000000E+00  5.4806809E+04  0.0000000E+00  0.0000000E+00  0.0000000E+00  4.5816266E+05  1.9059078E-05
     5.5500000E+02    228.8783143  8.2796005E+06  5.1561500E+04  0.0000000E+00  1.5041165E+04  6.8485614E+02  0.0000000E+00  2.6256959E+04  7.3381479E+03  0.0000000E+00  4.7081695E+04  0.0000000E+00  0.0000000E+00  0.0000000E+00  4.6110688E+05  1.1171494E-01
     5.5600000E+02    228.9336984  8.3240970E+06  4.4496500E+04  0.0000000E+00  1.6299966E+04  5.9824194E+02  0.0000000E+00  2.6115029E+04  6.9114751E+03  0.0000000E+00  4.0997992E+04  0.0000000E+00  0.0000000E+00  0.0000000E+00  4.6361122E+05  4.9094027E-03
     5.5700000E+02    228.9825714  8.3636465E+06  3.9549500E+04  0.0000000E+00  1.6420767E+04  5.2812311E+02  0.0000000E+00  2.5997793E+04  6.5574917E+03  0.0000000E+00  3.6678047E+04  0.0000000E+00  0.0000000E+00  0.0000000E+00  4.6577897E+05  1.0698745E+00
     5.5800000E+02    229.4774390  8.7680840E+06  4.0443750E+05  7.7599935E+04  1.6854152E+04  2.3611982E+04  0.0000000E+00  2.6467127E+04  1.7341199E+04  0.0000000E+00  3.1095309E+05  0.0000000E+00  0.0000000E+00  0.0000000E+00  4.8167894E+05 -1.6386168E-04
     5.5900000E+02    229.8628257  9.0834700E+06  3.1538600E+05  3.5168962E+04  5.8350550E+03  8.1534565E+03  0.0000000E+00  2.7212523E+04  2.2137092E+04  0.0000000E+00  2.7282356E+05  0.0000000E+00  0.0000000E+00  0.0000000E+00  4.9958519E+05  1.0011402E-04
     5.6000000E+02    230.0494937  9.2372150E+06  1.5374500E+05  0.0000000E+00  1.4632027E+04  1.7071545E+03  0.0000000E+00  2.7385883E+04  1.9174725E+04  0.0000000E+00  1.6121064E+05  2.7521882E+03  0.0000000E+00  0.0000000E+00  5.1061266E+05 -1.3957954E-04
     5.6100000E+02    230.1422042  9.3142820E+06  7.7067000E+04  0.0000000E+00  1.4253604E+04  1.3768317E+03  0.0000000E+00  2.7511674E+04  1.4814143E+04  0.0000000E+00  1.1102048E+05  3.8488652E+04  0.0000000E+00  0.0000000E+00  5.1661219E+05 -3.3696291E+00
     5.6200000E+02    230.1731413  9.3399990E+06  2.5717000E+04  0.0000000E+00  1.6752868E+04  1.1393779E+03  0.0000000E+00  2.7777779E+04  9.7584111E+03  0.0000000E+00  8.1974758E+04  5.9384043E+04  0.0000000E+00  0.0000000E+00  5.1958053E+05 -6.4964724E-01
     5.6300000E+02    230.1768190  9.3430560E+06  3.0570000E+03  0.0000000E+00  1.9307247E+04  9.6180664E+02  0.0000000E+00  2.7702266E+04  7.5632969E+03  0.0000000E+00  6.2749227E+04  6.1867977E+04  0.0000000E+00  0.0000000E+00  5.2045081E+05 -4.1812161E-01
     5.6400000E+02    230.1725701  9.3395240E+06 -3.5320000E+03  0.0000000E+00  1.7565128E+04  8.2487189E+02  0.0000000E+00  2.7356674E+04  7.3568218E+03  0.0000000E+00  5.2205047E+04  5.8998199E+04  0.0000000E+00  0.0000000E+00  5.2030297E+05 -1.8525795E-03
     5.6500000E+02    230.1631635  9.3317040E+06 -7.8200000E+03  0.0000000E+00  2.0897197E+04  7.1663824E+02  0.0000000E+00  2.7153248E+04  6.3652754E+03  0.0000000E+00  4.2927383E+04  5.2644879E+04  0.0000000E+00  0.0000000E+00  5.1989275E+05 -1.6144772E+00
     5.6600000E+02    230.2029067  9.3647410E+06  3.3037000E+04  2.9484312E+04  1.9785557E+04  6.2617573E+03  0.0000000E+00  2.6947168E+04  6.7102632E+03  0.0000000E+00  7.9039703E+04  8.2199047E+04  0.0000000E+00  0.0000000E+00  5.2089162E+05  7.5516145E-04
     5.6700000E+02    230.2146245  9.3744820E+06  9.7410000E+03  1.4417481E+04  1.5989490E+04  3.9909648E+03  0.0000000E+00  2.6800611E+04  6.2606953E+03  0.0000000E+00  7.8894992E+04  9.2110883E+04  0.0000000E+00  0.0000000E+00  5.2157719E+05  1.5926657E-03
     5.6800000E+02    230.2409920  9.3964220E+06  2.1940000E+04  1.7702241E+04  5.8202324E+03  5.2379463E+03  0.0000000E+00  2.6785125E+04  6.1616855E+03  0.0000000E+00  9.9228031E+04  1.1503125E+05  0.0000000E+00  0.0000000E+00  5.2260131E+05  1.1538848E-04
     5.6900000E+02    230.2219436  9.3805660E+06 -1.5856000E+04  0.0000000E+00  1.5662026E+04  1.7760072E+03  0.0000000E+00  2.6784967E+04  4.5016221E+03  0.0000000E+00  7.4055297E+04  9.8301922E+04  0.0000000E+00  0.0000000E+00  5.2246291E+05  5.6582894E-03
     5.7000000E+02    230.2024350  9.3643490E+06 -1.6217000E+04  0.0000000E+00  1.8587455E+04  1.3676598E+03  0.0000000E+00  2.6712346E+04  4.1017134E+03  0.0000000E+00  6.0192289E+04  8.1800078E+04  0.0000000E+00  0.0000000E+00  5.2161641E+05  4.4861074E-05
     5.7100000E+02    230.1875223  9.3519530E+06 -1.2396000E+04  0.0000000E+00  1.9042415E+04  1.1015593E+03  0.0000000E+00  2.6797223E+04  2.8673210E+03  0.0000000E+00  5.0571777E+04  6.9185742E+04  0.0000000E+00  0.0000000E+00  5.2097084E+05 -2.5129026E-01
     5.7200000E+02    230.1719928  9.3390440E+06 -1.2909000E+04  0.0000000E+00  2.1767901E+04  9.1435675E+02  0.0000000E+00  2.6781531E+04  2.5929485E+03  0.0000000E+00  4.2194125E+04  5.8608340E+04  0.0000000E+00  0.0000000E+00  5.2019081E+05 -2.0510250E-01
     5.7300000E+02    230.1569678  9.3265540E+06 -1.2490000E+04  0.0000000E+00  2.3360979E+04  7.7563232E+02  0.0000000E+00  2.6316736E+04  3.2301089E+03  0.0000000E+00  3.5468109E+04  4.8460184E+04  0.0000000E+00  0.0000000E+00  5.1919675E+05 -1.0617741E-03
     5.7400000E+02    230.1870271  9.3515410E+06  2.4987000E+04  2.2925930E+04  1.8477748E+04  4.7495542E+03  0.0000000E+00  2.6107549E+04  4.2092920E+03  0.0000000E+00  6.2660387E+04  6.8766906E+04  0.0000000E+00  0.0000000E+00  5.1969684E+05  2.1268376E-03
     5.7500000E+02    230.2007167  9.3629210E+06  1.1380000E+04  7.8621847E+03  5.7563864E+03  2.5252095E+03  0.0000000E+00  2.6016928E+04  4.4886240E+03  0.0000000E+00  6.5546602E+04  8.0346641E+04  0.0000000E+00  0.0000000E+00  5.2026828E+05 -2.0329941E-02
     5.7600000E+02    230.2018433  9.3638570E+06  9.3600000E+02  7.8623383E+03  1.5157843E+04  2.6093479E+03  0.0000000E+00  2.5964957E+04  4.1023164E+03  0.0000000E+00  6.5059492E+04  8.1299523E+04  0.0000000E+00  0.0000000E+00  5.2042578E+05  4.3874825E-04
     5.7700000E+02    230.1899168  9.3539430E+06 -9.9140000E+03  0.0000000E+00  1.7114297E+04  1.3596445E+03  0.0000000E+00  2.5906346E+04  3.5322085E+03  0.0000000E+00  5.4683496E+04  7.1211250E+04  0.0000000E+00  0.0000000E+00  5.2003303E+05  6.2341630E-03
     5.7800000E+02    230.1831617  9.3483280E+06 -5.6150000E+03  0.0000000E+00  1.3754307E+04  1.0738464E+03  0.0000000E+00  2.5914346E+04  2.9095386E+03  0.0000000E+00  5.0113426E+04  6.6151930E+04  0.0000000E+00  0.0000000E+00  5.1966838E+05 -1.1973111E-01
     5.7900000E+02    230.1740195  9.3407290E+06 -7.5990000E+03  0.0000000E+00  1.6319588E+04  8.8043732E+02  0.0000000E+00  2.5726965E+04  3.1824797E+03  0.0000000E+00  4.5271590E+04  5.9977172E+04  0.0000000E+00  0.0000000E+00  5.1911675E+05 -1.5727377E-03
     5.8000000E+02    230.1661645  9.3341990E+06 -6.5300000E+03  0.0000000E+00  1.6656714E+04  7.4085980E+02  0.0000000E+00  2.5603996E+04  3.1255012E+03  0.0000000E+00  4.1579598E+04  5.4671797E+04  0.0000000E+00  0.0000000E+00  5.1860034E+05  5.8761099E-04
     5.8100000E+02    230.1607752  9.3297190E+06 -4.4800000E+03  0.0000000E+00  1.5826340E+04  6.3545734E+02  0.0000000E+00  2.5458920E+04  3.1239314E+03  0.0000000E+00  3.9376797E+04  5.1031750E+04  0.0000000E+00  0.0000000E+00  5.1815547E+05 -4.4079401E-02
     5.8200000E+02    230.1587142  9.3280060E+06 -1.7130000E+03  0.0000000E+00  1.3723149E+04  5.5315149E+02  0.0000000E+00  2.5305150E+04  3.1852346E+03  0.0000000E+00  3.8976688E+04  4.9639766E+04  0.0000000E+00  0.0000000E+00  5.1784950E+05 -2.4066222E-04
     5.8300000E+02    230.1573239  9.3268500E+06 -1.1560000E+03  0.0000000E+00  1.3574063E+04  4.8720746E+02  0.0000000E+00  2.5168135E+04  3.2331555E+03  0.0000000E+00  3.8694652E+04  4.8700746E+04  0.0000000E+00  0.0000000E+00  5.1760931E+05 -3.0053598E-03
     5.8400000E+02    230.1544635  9.3244720E+06 -2.3780000E+03  0.0000000E+00  1.5290823E+04  4.3328519E+02  0.0000000E+00  2.5039189E+04  3.2100337E+03  0.0000000E+00  3.7419484E+04  4.6768742E+04  0.0000000E+00  0.0000000E+00  5.1734438E+05  5.5060087E-04
     5.8500000E+02    230.1529689  9.3232300E+06 -1.2420000E+03  0.0000000E+00  1.4503705E+04  3.8845602E+02  0.0000000E+00  2.4920898E+04  3.2175161E+03  0.0000000E+00  3.6928855E+04  4.5759328E+04  0.0000000E+00  0.0000000E+00  5.1711625E+05 -5.2919757E-04
     5.8600000E+02    230.1989386  9.3614430E+06  3.8213000E+04  2.6166183E+04  5.6943188E+03  4.8276655E+03  0.0000000E+00  2.4893934E+04  4.4005137E+03  0.0000000E+00  7.1264352E+04  7.8842531E+04  0.0000000E+00  0.0000000E+00  5.1841606E+05  1.3947367E-03
     5.8700000E+02    230.2219416  9.3805640E+06  1.9121000E+04  1.5705971E+04  4.4021091E+03  3.8779126E+03  0.0000000E+00  2.4887039E+04  4.5869028E+03  0.0000000E+00  8.1940234E+04  9.8300250E+04  0.0000000E+00  0.0000000E+00  5.1957191E+05  7.0454623E-04
     5.8800000E+02    230.2087344  9.3695860E+06 -1.0978000E+04  0.0000000E+00  1.2818156E+04  1.3264281E+03  0.0000000E+00  2.4935014E+04  3.6943677E+03  0.0000000E+00  6.6400617E+04  8.7128586E+04  0.0000000E+00  0.0000000E+00  5.1951328E+05 -1.0100963E-03
     5.8900000E+02    230.1960938  9.3590780E+06 -1.0508000E+04  0.0000000E+00  1.5425761E+04  1.0259843E+03  0.0000000E+00  2.4953240E+04  3.2655061E+03  0.0000000E+00  5.7296352E+04  7.6436227E+04  0.0000000E+00  0.0000000E+00  5.1903169E+05 -1.4127505E+00
     5.9000000E+02    230.1842336  9.3492190E+06 -9.8590000E+03  0.0000000E+00  1.6242655E+04  8.3000146E+02  0.0000000E+00  2.4943303E+04  2.9649995E+03  0.0000000E+00  5.0394004E+04  6.6875914E+04  0.0000000E+00  0.0000000E+00  5.1850241E+05 -6.6523291E-02
     5.9100000E+02    230.1757086  9.3421330E+06 -7.0860000E+03  0.0000000E+00  1.4912829E+04  6.9224921E+02  0.0000000E+00  2.4871461E+04  2.9103965E+03  0.0000000E+00  4.6273336E+04  6.1118012E+04  0.0000000E+00  0.0000000E+00  5.1800753E+05 -2.3039291E-02
     5.9200000E+02    230.1663416  9.3343460E+06 -7.7870000E+03  0.0000000E+00  1.7388155E+04  5.9019861E+02  0.0000000E+00  2.4793932E+04  2.8424409E+03  0.0000000E+00  4.1856043E+04  5.4791402E+04  0.0000000E+00  0.0000000E+00  5.1750425E+05  6.8938113E-03
     5.9300000E+02    230.1608538  9.3297840E+06 -4.5620000E+03  0.0000000E+00  1.5606162E+04  5.1162494E+02  0.0000000E+00  2.4677785E+04  2.8840198E+03  0.0000000E+00  3.9756262E+04  5.1084859E+04  0.0000000E+00  0.0000000E+00  5.1709331E+05 -9.6826665E-02
     5.9400000E+02    230.1697106  9.3371470E+06  7.3630000E+03  2.9889056E+03  6.3995104E+03  6.9082819E+02  0.0000000E+00  2.4582770E+04  3.2832825E+03  0.0000000E+00  4.5881312E+04  5.7066910E+04  0.0000000E+00  0.0000000E+00  5.1717278E+05  4.1958153E-02
     5.9500000E+02    230.1645711  9.3328740E+06 -4.2730000E+03  0.0000000E+00  1.5151842E+04  5.0016980E+02  0.0000000E+00  2.4498836E+04  3.1426824E+03  0.0000000E+00  4.2593289E+04  5.3595559E+04  0.0000000E+00  0.0000000E+00  5.1699925E+05 -3.4481894E-02
     5.9600000E+02    230.1625624  9.3312050E+06 -1.6690000E+03  7.4713374E+02  1.3774194E+04  4.9180313E+02  0.0000000E+00  2.4418584E+04  3.0926714E+03  0.0000000E+00  4.1772180E+04  5.2238906E+04  0.0000000E+00  0.0000000E+00  5.1679169E+05 -1.0231146E-02
     5.9700000E+02    230.1579383  9.3273610E+06 -3.8440000E+03  0.0000000E+00  1.5840312E+04  4.1266849E+02  0.0000000E+00  2.4330992E+04  3.0120286E+03  0.0000000E+00  3.9355945E+04  4.9115695E+04  0.0000000E+00  0.0000000E+00  5.1651578E+05 -3.5937160E-02
     5.9800000E+02    230.1567117  9.3263410E+06 -1.0200000E+03  0.0000000E+00  1.3371305E+04  3.6658362E+02  0.0000000E+00  2.4260475E+04  3.0837061E+03  0.0000000E+00  3.9071480E+04  4.8287207E+04  0.0000000E+00  0.0000000E+00  5.1632638E+05 -3.6575340E-02
     5.9900000E+02    230.1576250  9.3271000E+06  7.5900000E+02  0.0000000E+00  1.1549713E+04  3.2861301E+02  0.0000000E+00  2.4198922E+04  3.1773918E+03  0.0000000E+00  3.9875176E+04  4.8904070E+04  0.0000000E+00  0.0000000E+00  5.1624578E+05  1.9463709E-02
     6.0000000E+02    230.1548779  9.3248170E+06 -2.2830000E+03  0.0000000E+00  1.4958282E+04  2.9680380E+02  0.0000000E+00  2.4136586E+04  3.1384167E+03  0.0000000E+00  3.8408312E+04  4.7048641E+04  0.0000000E+00  0.0000000E+00  5.1608150E+05 -3.1677965E-02
     6.0100000E+02    230.1541083  9.3241770E+06 -6.4000000E+02  0.0000000E+00  1.3517670E+04  2.6978912E+02  0.0000000E+00  2.4077855E+04  3.1577371E+03  0.0000000E+00  3.8210234E+04  4.6528867E+04  0.0000000E+00  0.0000000E+00  5.1594572E+05 -1.0117245E-02
     6.0200000E+02    230.1859268  9.3506270E+06  2.6450000E+04  1.8685915E+04  7.4726232E+03  2.8587502E+03  0.0000000E+00  2.4065127E+04  3.9818608E+03  0.0000000E+00  6.0314113E+04  6.8019531E+04  0.0000000E+00  0.0000000E+00  5.1685456E+05 -1.0325809E-04
     6.0300000E+02    230.1806228  9.3462180E+06 -4.4090000E+03  0.0000000E+00  1.3267975E+04  7.7147479E+02  0.0000000E+00  2.4077254E+04  3.4860325E+03  0.0000000E+00  5.1931348E+04  6.4437113E+04  0.0000000E+00  0.0000000E+00  5.1702600E+05 -2.5210576E-03
     6.0400000E+02    230.1977645  9.3604670E+06  1.4249000E+04  1.1213851E+04  5.6140986E+03  2.2404312E+03  0.0000000E+00  2.4109316E+04  3.8213945E+03  0.0000000E+00  6.3970926E+04  7.7849422E+04  0.0000000E+00  0.0000000E+00  5.1754412E+05  6.0016534E-04
     6.0500000E+02    230.1896427  9.3537160E+06 -6.7510000E+03  0.0000000E+00  1.3251365E+04  9.1776031E+02  0.0000000E+00  2.4203791E+04  3.3044993E+03  0.0000000E+00  5.5665227E+04  7.0979383E+04  0.0000000E+00  0.0000000E+00  5.1758028E+05  2.8916921E-03
     6.0600000E+02    230.1781130  9.3441310E+06 -9.5850000E+03  0.0000000E+00  1.7392694E+04  7.2824426E+02  0.0000000E+00  2.4280010E+04  3.0392527E+03  0.0000000E+00  4.8580852E+04  6.2741977E+04  0.0000000E+00  0.0000000E+00  5.1720681E+05  2.2543124E-04
     6.0700000E+02    230.1647036  9.3329850E+06 -1.1146000E+04  0.0000000E+00  2.0991352E+04  5.9963800E+02  0.0000000E+00  2.4264594E+04  2.8225005E+03  0.0000000E+00  4.1414957E+04  5.3685062E+04  0.0000000E+00  0.0000000E+00  5.1662850E+05 -9.5132381E-02
     6.0800000E+02    230.1560953  9.3258290E+06 -7.1560000E+03  0.0000000E+00  1.8854230E+04  5.0691861E+02  0.0000000E+00  2.4175785E+04  2.7965364E+03  0.0000000E+00  3.7684023E+04  4.7870914E+04  0.0000000E+00  0.0000000E+00  5.1609919E+05  1.5058252E-03
     6.0900000E+02    230.1524273  9.3227800E+06 -3.0490000E+03  0.0000000E+00  1.5998703E+04  4.3699652E+02  0.0000000E+00  2.4074764E+04  2.9079521E+03  0.0000000E+00  3.6693000E+04  4.5393484E+04  0.0000000E+00  0.0000000E+00  5.1575528E+05 -7.2128780E-02
     6.1000000E+02    230.1463114  9.3176960E+06 -5.0840000E+03  0.0000000E+00  1.9781828E+04  3.8242529E+02  0.0000000E+00  2.4011273E+04  2.5981841E+03  0.0000000E+00  3.4107965E+04  4.1262727E+04  0.0000000E+00  0.0000000E+00  5.1541797E+05 -8.9679077E-02
     6.1100000E+02    230.1414854  9.3136840E+06 -4.0120000E+03  0.0000000E+00  1.9747155E+04  3.3867719E+02  0.0000000E+00  2.3882150E+04  2.9006794E+03  0.0000000E+00  3.2394574E+04  3.8003207E+04  0.0000000E+00  0.0000000E+00  5.1505212E+05 -3.8971663E-02
     6.1200000E+02    230.1362759  9.3093540E+06 -4.3300000E+03  0.0000000E+00  2.1209788E+04  3.0284702E+02  0.0000000E+00  2.3803898E+04  2.9271797E+03  0.0000000E+00  3.0295357E+04  3.4627188E+04  0.0000000E+00  0.0000000E+00  5.1471931E+05 -5.4548025E-02
     6.1300000E+02    230.1297869  9.3039600E+06 -5.3940000E+03  0.0000000E+00  2.2994853E+04  2.7298636E+02  0.0000000E+00  2.3722455E+04  2.9045049E+03  0.0000000E+00  2.7992797E+04  3.1517816E+04  0.0000000E+00  0.0000000E+00  5.1434569E+05 -6.0848515E-02
     6.1400000E+02    230.1276479  9.3021820E+06 -1.7780000E+03  0.0000000E+00  1.9794851E+04  2.4773920E+02  0.0000000E+00  2.3653562E+04  2.9880811E+03  0.0000000E+00  2.7597979E+04  3.0492859E+04  0.0000000E+00  0.0000000E+00  5.1410294E+05  2.7935412E-03
     6.1500000E+02    230.1282575  9.3026880E+06  5.0600000E+02  0.0000000E+00  1.7665279E+04  2.2613248E+02  0.0000000E+00  2.3588793E+04  3.1525083E+03  0.0000000E+00  2.8295027E+04  3.0784953E+04  0.0000000E+00  0.0000000E+00  5.1399141E+05  2.3238123E-03
     6.1600000E+02    230.1297226  9.3039060E+06  1.2180000E+03  0.0000000E+00  1.6791654E+04  2.0744907E+02  0.0000000E+00  2.3489146E+04  3.3483274E+03  0.0000000E+00  2.9168498E+04  3.1486994E+04  0.0000000E+00  0.0000000E+00  5.1391512E+05  3.8053818E-02
     6.1700000E+02    230.1322288  9.3059890E+06  2.0830000E+03  0.0000000E+00  1.5772187E+04  1.9114882E+02  0.0000000E+00  2.3456555E+04  3.3313799E+03  0.0000000E+00  3.0240924E+04  3.2687904E+04  0.0000000E+00  0.0000000E+00  5.1395812E+05  2.6276706E-02
     6.1800000E+02    230.1344945  9.3078730E+06  1.8840000E+03  0.0000000E+00  1.5635919E+04  1.7681660E+02  0.0000000E+00  2.3408768E+04  3.3816313E+03  0.0000000E+00  3.1102527E+04  3.3773586E+04  0.0000000E+00  0.0000000E+00  5.1398984E+05  2.3728305E-02
     6.1900000E+02    230.1305826  9.3046210E+06 -3.2520000E+03  0.0000000E+00  2.1160536E+04  1.6412819E+02  0.0000000E+00  2.3359840E+04  3.0210376E+03  0.0000000E+00  2.9257152E+04  3.1899111E+04  0.0000000E+00  0.0000000E+00  5.1384641E+05 -8.4817804E-02
     6.2000000E+02    230.1251183  9.3000790E+06 -4.5420000E+03  0.0000000E+00  2.2737124E+04  1.5282649E+02  0.0000000E+00  2.3279475E+04  3.1466831E+03  0.0000000E+00  2.7159512E+04  2.9280727E+04  0.0000000E+00  0.0000000E+00  5.1353484E+05 -5.5685692E-02
     6.2100000E+02    230.1189951  9.2949890E+06 -5.0900000E+03  0.0000000E+00  2.4020039E+04  1.4270503E+02  0.0000000E+00  2.3215473E+04  3.0972944E+03  0.0000000E+00  2.4983561E+04  2.6346666E+04  0.0000000E+00  0.0000000E+00  5.1319619E+05 -6.0342882E-02
     6.2200000E+02    230.1167319  9.2931080E+06 -1.8810000E+03  0.0000000E+00  2.1376036E+04  1.3359599E+02  0.0000000E+00  2.3141178E+04  3.0559238E+03  0.0000000E+00  2.4504920E+04  2.5262186E+04  0.0000000E+00  0.0000000E+00  5.1296394E+05 -6.7310184E-02
     6.2300000E+02    230.1200881  9.2958970E+06  2.7890000E+03  0.0000000E+00  1.6309758E+04  1.2536169E+02  0.0000000E+00  2.3075916E+04  3.5996863E+03  0.0000000E+00  2.6405875E+04  2.6870373E+04  0.0000000E+00  0.0000000E+00  5.1290684E+05  7.7279054E-02
     6.2400000E+02    230.1203523  9.2961170E+06  2.2000000E+02  0.0000000E+00  1.9019988E+04  1.1788798E+02  0.0000000E+00  2.3024383E+04  3.4419343E+03  0.0000000E+00  2.6539584E+04  2.6996965E+04  0.0000000E+00  0.0000000E+00  5.1290125E+05  5.9755216E-03
     6.2500000E+02    230.1195200  9.2954250E+06 -6.9200000E+02  0.0000000E+00  2.0076754E+04  1.1107948E+02  0.0000000E+00  2.2980848E+04  3.3954346E+03  0.0000000E+00  2.6286572E+04  2.6598188E+04  0.0000000E+00  0.0000000E+00  5.1282159E+05  2.4964861E-04
     6.2600000E+02    230.1205559  9.2962860E+06  8.6100000E+02  0.0000000E+00  1.8356499E+04  1.0485592E+02  0.0000000E+00  2.2929900E+04  3.4450630E+03  0.0000000E+00  2.6722412E+04  2.7094547E+04  0.0000000E+00  0.0000000E+00  5.1277784E+05  1.1775942E-04
     6.2700000E+02    230.1256398  9.3005120E+06  4.2260000E+03  0.0000000E+00  1.4445512E+04  9.9149239E+01  0.0000000E+00  2.2889990E+04  3.6179246E+03  0.0000000E+00  2.8829002E+04  2.9530648E+04  0.0000000E+00  0.0000000E+00  5.1288356E+05 -3.7541147E-03
     6.2800000E+02    230.1267120  9.3014040E+06  8.9200000E+02  0.0000000E+00  1.7457392E+04  9.3901352E+01  0.0000000E+00  2.2837412E+04  3.5897153E+03  0.0000000E+00  2.9051287E+04  3.0044391E+04  0.0000000E+00  0.0000000E+00  5.1291516E+05 -1.7208281E-03
     6.2900000E+02    230.1228673  9.2982080E+06 -3.1960000E+03  0.0000000E+00  2.1720259E+04  8.9062393E+01  0.0000000E+00  2.2790623E+04  3.4450427E+03  0.0000000E+00  2.7295141E+04  2.8202109E+04  0.0000000E+00  0.0000000E+00  5.1275750E+05  6.3972799E-03
     6.3000000E+02    230.1186357  9.2946900E+06 -3.5180000E+03  0.0000000E+00  2.2422984E+04  8.4589363E+01  0.0000000E+00  2.2728309E+04  3.3802869E+03  0.0000000E+00  2.5647697E+04  2.6174438E+04  0.0000000E+00  0.0000000E+00  5.1251672E+05  1.6984444E-03
     6.3100000E+02    230.1161762  9.2926460E+06 -2.0440000E+03  0.0000000E+00  2.1345913E+04  8.0444931E+01  0.0000000E+00  2.2680385E+04  3.3857661E+03  0.0000000E+00  2.4924482E+04  2.4995877E+04  0.0000000E+00  0.0000000E+00  5.1232853E+05  3.5348863E-03
     6.3200000E+02    230.1180021  9.2941630E+06  1.5170000E+03  0.0000000E+00  1.7726959E+04  7.6596603E+01  0.0000000E+00  2.2635316E+04  3.5400986E+03  0.0000000E+00  2.5943922E+04  2.5870812E+04  0.0000000E+00  0.0000000E+00  5.1229053E+05  1.9829969E-03
     6.3300000E+02    230.1200241  9.2958440E+06  1.6810000E+03  0.0000000E+00  1.7392103E+04  7.3015907E+01  0.0000000E+00  2.2592172E+04  3.6231765E+03  0.0000000E+00  2.6870490E+04  2.6839715E+04  0.0000000E+00  0.0000000E+00  5.1231553E+05 -6.3085841E-04
     6.3400000E+02    230.1161208  9.2926000E+06 -3.2440000E+03  0.0000000E+00  2.2597347E+04  6.9677849E+01  0.0000000E+00  2.2537795E+04  3.5120303E+03  0.0000000E+00  2.5226986E+04  2.4969355E+04  0.0000000E+00  0.0000000E+00  5.1216075E+05 -5.3532550E-04
     6.3500000E+02    230.1080001  9.2858490E+06 -6.7510000E+03  0.0000000E+00  2.6925550E+04  6.6560371E+01  0.0000000E+00  2.2488820E+04  3.3116709E+03  0.0000000E+00  2.2015346E+04  2.1078100E+04  0.0000000E+00  0.0000000E+00  5.1181256E+05  1.2484089E-02
     6.3600000E+02    230.1035174  9.2821230E+06 -3.7260000E+03  0.0000000E+00  2.4578849E+04  6.3643936E+01  0.0000000E+00  2.2421062E+04  3.3450762E+03  0.0000000E+00  2.0643518E+04  1.8930088E+04  0.0000000E+00  0.0000000E+00  5.1150269E+05  4.4186448E-04
     6.3700000E+02    230.1027899  9.2815180E+06 -6.0500000E+02  0.0000000E+00  2.1825095E+04  6.0911182E+01  0.0000000E+00  2.2372322E+04  3.4606855E+03  0.0000000E+00  2.0830453E+04  1.8581469E+04  0.0000000E+00  0.0000000E+00  5.1135197E+05  3.2769321E-03
     6.3800000E+02    230.1059948  9.2841820E+06  2.6640000E+03  0.0000000E+00  1.8439255E+04  5.8346672E+01  0.0000000E+00  2.2313820E+04  3.6364568E+03  0.0000000E+00  2.2487191E+04  2.0117193E+04  0.0000000E+00  0.0000000E+00  5.1136103E+05  5.4684798E-03
     6.3900000E+02    230.1107818  9.2881610E+06  3.9790000E+03  0.0000000E+00  1.6650720E+04  5.5936573E+01  0.0000000E+00  2.2265381E+04  3.7753967E+03  0.0000000E+00  2.4495180E+04  2.2411045E+04  0.0000000E+00  0.0000000E+00  5.1148000E+05  7.0921850E-04
     6.4000000E+02    230.1140135  9.2908480E+06  2.6870000E+03  0.0000000E+00  1.7430321E+04  5.3668484E+01  0.0000000E+00  2.2225086E+04  3.8462380E+03  0.0000000E+00  2.5642713E+04  2.3959564E+04  0.0000000E+00  0.0000000E+00  5.1158006E+05 -3.4561753E-03
     6.4100000E+02    230.1138978  9.2907520E+06 -9.6000000E+01  0.0000000E+00  1.9989393E+04  5.1531277E+01  0.0000000E+00  2.2173916E+04  3.7798110E+03  0.0000000E+00  2.5351754E+04  2.3904129E+04  0.0000000E+00  0.0000000E+00  5.1156466E+05 -2.7039487E-04
     6.4200000E+02    230.1128096  9.2898470E+06 -9.0500000E+02  0.0000000E+00  2.0697987E+04  4.9514908E+01  0.0000000E+00  2.2099555E+04  3.7331448E+03  0.0000000E+00  2.4760164E+04  2.3382691E+04  0.0000000E+00  0.0000000E+00  5.1144744E+05  8.6598913E-04
     6.4300000E+02    230.1124998  9.2895900E+06 -2.5700000E+02  0.0000000E+00  1.9777775E+04  4.7610306E+01  0.0000000E+00  2.1668012E+04  3.7167397E+03  0.0000000E+00  2.4755449E+04  2.3234266E+04  0.0000000E+00  0.0000000E+00  5.1073675E+05 -1.5214125E-03
     6.4400000E+02    230.1138344  9.2906990E+06  1.1090000E+03  0.0000000E+00  1.7450533E+04  4.5809265E+01  0.0000000E+00  2.0453309E+04  3.8437229E+03  0.0000000E+00  2.5776164E+04  2.3873775E+04  0.0000000E+00  0.0000000E+00  5.0955491E+05 -3.7817166E-03
     6.4500000E+02    230.1144858  9.2912400E+06  5.4100000E+02  0.0000000E+00  1.7101652E+04  4.4104324E+01  0.0000000E+00  1.8956793E+04  3.8526296E+03  0.0000000E+00  2.6673396E+04  2.4185908E+04  0.0000000E+00  0.0000000E+00  5.0832378E+05 -1.5094993E-02
     6.4600000E+02    230.1153291  9.2919410E+06  7.0100000E+02  0.0000000E+00  1.6264326E+04  4.2488697E+01  0.0000000E+00  1.7714455E+04  3.9106445E+03  0.0000000E+00  2.7708711E+04  2.4590002E+04  0.0000000E+00  0.0000000E+00  5.0727644E+05 -6.9592363E-04
     6.4700000E+02    230.1139608  9.2908040E+06 -1.1370000E+03  0.0000000E+00  1.7769024E+04  4.0956223E+01  0.0000000E+00  1.6698020E+04  3.9086553E+03  0.0000000E+00  2.7736207E+04  2.3934346E+04  0.0000000E+00  0.0000000E+00  5.0633162E+05  3.5112727E-04
     6.4800000E+02    230.1101905  9.2876700E+06 -3.1340000E+03  0.0000000E+00  1.9797117E+04  3.9501236E+01  0.0000000E+00  1.5853770E+04  3.8855732E+03  0.0000000E+00  2.6782697E+04  2.2127662E+04  0.0000000E+00  0.0000000E+00  5.0544172E+05 -8.3564629E-04
     6.4900000E+02    230.1075157  9.2854460E+06 -2.2240000E+03  0.0000000E+00  1.8983574E+04  3.8118599E+01  0.0000000E+00  1.5107166E+04  3.8952925E+03  0.0000000E+00  2.6356072E+04  2.0845967E+04  0.0000000E+00  0.0000000E+00  5.0465888E+05  1.1881834E-03
     6.5000000E+02    230.1058134  9.2840310E+06 -1.4150000E+03  0.0000000E+00  1.8234786E+04  3.6803558E+01  0.0000000E+00  1.4443476E+04  3.9186404E+03  0.0000000E+00  2.6287848E+04  2.0030285E+04  0.0000000E+00  0.0000000E+00  5.0398547E+05 -1.3890136E-03
     6.5100000E+02    230.1044697  9.2829140E+06 -1.1170000E+03  0.0000000E+00  1.7947755E+04  3.5551781E+01  0.0000000E+00  1.3846178E+04  3.9335068E+03  0.0000000E+00  2.6271584E+04  1.9386420E+04  0.0000000E+00  0.0000000E+00  5.0339444E+05  6.3798414E-03
     6.5200000E+02    230.0996025  9.2788680E+06 -4.0460000E+03  0.0000000E+00  2.1203676E+04  3.4359272E+01  0.0000000E+00  1.3303998E+04  3.8502334E+03  0.0000000E+00  2.4723162E+04  1.7054158E+04  0.0000000E+00  0.0000000E+00  5.0275738E+05 -1.3080182E-03
     6.5300000E+02    230.0916576  9.2722640E+06 -6.6040000E+03  0.0000000E+00  2.4475034E+04  3.3222351E+01  0.0000000E+00  1.2806875E+04  3.7159661E+03  0.0000000E+00  2.1993568E+04  1.3247126E+04  0.0000000E+00  0.0000000E+00  5.0205150E+05 -1.1123512E-03
     6.5400000E+02    230.0879268  9.2691630E+06 -3.1010000E+03  0.0000000E+00  2.1565640E+04  3.2137623E+01  0.0000000E+00  1.2347194E+04  3.7342932E+03  0.0000000E+00  2.1278734E+04  1.1459438E+04  0.0000000E+00  0.0000000E+00  5.0149803E+05 -8.2887028E-04
     6.5500000E+02    230.0852536  9.2669410E+06 -2.2220000E+03  0.0000000E+00  2.0693977E+04  3.1101955E+01  0.0000000E+00  1.1920222E+04  3.7802446E+03  0.0000000E+00  2.0931930E+04  1.0631202E+04  0.0000000E+00  0.0000000E+00  5.0103481E+05 -4.7846953E-04
     6.5600000E+02    230.0815041  9.2638240E+06 -3.1170000E+03  0.0000000E+00  2.1464242E+04  3.0112453E+01  0.0000000E+00  1.1522970E+04  3.7703953E+03  0.0000000E+00  2.0369365E+04  9.8050859E+03  0.0000000E+00  0.0000000E+00  5.0057394E+05 -7.8593835E-04
     6.5700000E+02    230.0822125  9.2644130E+06  5.8900000E+02  0.0000000E+00  1.8022027E+04  2.9166424E+01  0.0000000E+00  1.1151967E+04  3.8680371E+03  0.0000000E+00  2.1258602E+04  9.9611533E+03  0.0000000E+00  0.0000000E+00  5.0025525E+05 -1.4931534E-03
     6.5800000E+02    230.0831539  9.2651950E+06  7.8200000E+02  0.0000000E+00  1.7855620E+04  2.8261377E+01  0.0000000E+00  1.0813877E+04  3.9403796E+03  0.0000000E+00  2.1906590E+04  1.0168582E+04  0.0000000E+00  0.0000000E+00  5.0001209E+05  6.5603694E-03
     6.5900000E+02    230.0882499  9.2694310E+06  4.2360000E+03  0.0000000E+00  1.4440811E+04  2.7394995E+01  0.0000000E+00  1.0489190E+04  4.0863682E+03  0.0000000E+00  2.3861256E+04  1.1614252E+04  0.0000000E+00  0.0000000E+00  4.9991069E+05  1.1874019E-03
     6.6000000E+02    230.0876930  9.2689680E+06 -4.6300000E+02  0.0000000E+00  1.8622113E+04  2.6565136E+01  0.0000000E+00  1.0103626E+04  4.0146951E+03  0.0000000E+00  2.3336959E+04  1.1347391E+04  0.0000000E+00  0.0000000E+00  4.9964078E+05 -1.5904680E-01
     6.6100000E+02    230.0867178  9.2681580E+06 -8.1000000E+02  0.0000000E+00  1.8635663E+04  2.5769787E+01  0.0000000E+00  9.8625947E+03  3.9789709E+03  0.0000000E+00  2.2869672E+04  1.0953822E+04  0.0000000E+00  0.0000000E+00  4.9941262E+05 -1.2393054E-03
     6.6200000E+02    230.0866382  9.2680920E+06 -6.6000000E+01  0.0000000E+00  1.7652830E+04  2.5007088E+01  0.0000000E+00  9.6027939E+03  3.9768179E+03  0.0000000E+00  2.2871967E+04  1.0936291E+04  0.0000000E+00  0.0000000E+00  4.9919084E+05 -5.2777532E-04
     6.6300000E+02    230.0862232  9.2677470E+06 -3.4500000E+02  0.0000000E+00  1.7685801E+04  2.4275293E+01  0.0000000E+00  9.3530684E+03  3.9661157E+03  0.0000000E+00  2.2776455E+04  1.0844844E+04  0.0000000E+00  0.0000000E+00  4.9897894E+05  6.2746638E-03
     6.6400000E+02    230.0882234  9.2694090E+06  1.6620000E+03  0.0000000E+00  1.5470782E+04  2.3572783E+01  0.0000000E+00  9.1141562E+03  4.0197739E+03  0.0000000E+00  2.3616867E+04  1.1601576E+04  0.0000000E+00  0.0000000E+00  4.9884194E+05  1.4132082E-03
     6.6500000E+02    230.0902339  9.2710810E+06  1.6720000E+03  0.0000000E+00  1.5004631E+04  2.2898033E+01  0.0000000E+00  8.8871416E+03  4.0582275E+03  0.0000000E+00  2.4389121E+04  1.2564947E+04  0.0000000E+00  0.0000000E+00  4.9873725E+05 -1.9414435E-03
     6.6600000E+02    230.0912742  9.2719450E+06  8.6400000E+02  0.0000000E+00  1.5328264E+04  2.2249624E+01  0.0000000E+00  8.6630322E+03  4.1893911E+03  0.0000000E+00  2.4776051E+04  1.3063424E+04  0.0000000E+00  0.0000000E+00  4.9858734E+05  4.8569355E-02
     6.6700000E+02    230.0898148  9.2707320E+06 -1.2130000E+03  0.0000000E+00  1.7465092E+04  2.1626213E+01  0.0000000E+00  8.5071836E+03  3.9480513E+03  0.0000000E+00  2.4039789E+04  1.2364122E+04  0.0000000E+00  0.0000000E+00  4.9844719E+05  1.2831070E-02
     6.6800000E+02    230.0886658  9.2697770E+06 -9.5500000E+02  0.0000000E+00  1.7109190E+04  2.1026566E+01  0.0000000E+00  8.3336768E+03  3.9688416E+03  0.0000000E+00  2.3580949E+04  1.1813546E+04  0.0000000E+00  0.0000000E+00  4.9825253E+05 -2.8146452E-03
     6.6900000E+02    230.0882988  9.2694720E+06 -3.0500000E+02  0.0000000E+00  1.6374162E+04  2.0449499E+01  0.0000000E+00  8.1545820E+03  3.9752021E+03  0.0000000E+00  2.3506125E+04  1.1637688E+04  0.0000000E+00  0.0000000E+00  4.9807431E+05 -2.7965419E-03
     6.7000000E+02    230.0877386  9.2690060E+06 -4.6600000E+02  0.0000000E+00  1.6461659E+04  1.9893915E+01  0.0000000E+00  7.9812515E+03  3.9710457E+03  0.0000000E+00  2.3334859E+04  1.1369275E+04  0.0000000E+00  0.0000000E+00  4.9790191E+05  7.3698240E-05
     6.7100000E+02    230.0873209  9.2686590E+06 -3.4700000E+02  0.0000000E+00  1.6310525E+04  1.9358782E+01  0.0000000E+00  7.8170776E+03  3.9121133E+03  0.0000000E+00  2.3228924E+04  1.1169105E+04  0.0000000E+00  0.0000000E+00  4.9774028E+05  6.5677106E-02
     6.7200000E+02    230.0850920  9.2668060E+06 -1.8530000E+03  0.0000000E+00  1.7633977E+04  1.8843121E+01  0.0000000E+00  7.6983330E+03  3.7906174E+03  0.0000000E+00  2.2456133E+04  1.0595605E+04  0.0000000E+00  0.0000000E+00  4.9756531E+05  1.9079754E-02
     6.7300000E+02    230.0849405  9.2666800E+06 -1.2600000E+02  0.0000000E+00  1.5844322E+04  1.8346020E+01  0.0000000E+00  7.5478311E+03  3.9395627E+03  0.0000000E+00  2.2653459E+04  1.0562222E+04  0.0000000E+00  0.0000000E+00  4.9739781E+05 -1.5446793E-03
     6.7400000E+02    230.0870917  9.2684690E+06  1.7890000E+03  0.0000000E+00  1.4064497E+04  1.7866613E+01  0.0000000E+00  7.4045532E+03  4.0500933E+03  0.0000000E+00  2.3540797E+04  1.1059269E+04  0.0000000E+00  0.0000000E+00  4.9732122E+05  1.1543435E-03
     6.7500000E+02    230.0867250  9.2681640E+06 -3.0500000E+02  0.0000000E+00  1.5929769E+04  1.7404089E+01  0.0000000E+00  7.2669058E+03  4.0100227E+03  0.0000000E+00  2.3306906E+04  1.0955405E+04  0.0000000E+00  0.0000000E+00  4.9720788E+05  3.2936449E-03
     6.7600000E+02    230.0872360  9.2685890E+06  4.2500000E+02  0.0000000E+00  1.5043350E+04  1.7013777E+01  0.0000000E+00  7.1289800E+03  4.0145117E+03  0.0000000E+00  2.3465271E+04  1.1128425E+04  0.0000000E+00  0.0000000E+00  4.9709450E+05 -6.3804124E-05
     6.7700000E+02    230.0884889  9.2696300E+06  1.0410000E+03  0.0000000E+00  1.4134556E+04  1.6635849E+01  0.0000000E+00  7.0023228E+03  4.0424331E+03  0.0000000E+00  2.3927322E+04  1.1728792E+04  0.0000000E+00  0.0000000E+00  4.9702044E+05 -1.6157030E-03
     6.7800000E+02    230.0879054  9.2691450E+06 -4.8500000E+02  0.0000000E+00  1.5504447E+04  1.6269800E+01  0.0000000E+00  6.8796084E+03  4.0020029E+03  0.0000000E+00  2.3574494E+04  1.1449197E+04  0.0000000E+00  0.0000000E+00  4.9690312E+05 -8.8332029E-04
     6.7900000E+02    230.0874254  9.2687460E+06 -3.9900000E+02  0.0000000E+00  1.5300076E+04  1.5915149E+01  0.0000000E+00  6.7590513E+03  3.9911299E+03  0.0000000E+00  2.3332758E+04  1.1219168E+04  0.0000000E+00  0.0000000E+00  4.9677088E+05 -1.1964424E-02
     6.8000000E+02    230.0895946  9.2705490E+06  1.8030000E+03  0.0000000E+00  1.2786492E+04  1.5571441E+01  0.0000000E+00  6.6404551E+03  4.0504600E+03  0.0000000E+00  2.4241777E+04  1.2258600E+04  0.0000000E+00  0.0000000E+00  4.9671712E+05 -2.4147145E-03
     6.8100000E+02    230.0878677  9.2691140E+06 -1.4350000E+03  0.0000000E+00  1.5966249E+04  1.5238243E+01  0.0000000E+00  6.5254912E+03  3.9932786E+03  0.0000000E+00  2.3413375E+04  1.1431106E+04  0.0000000E+00  0.0000000E+00  4.9657697E+05 -4.8718257E-03
     6.8200000E+02    230.0872962  9.2686390E+06 -4.7500000E+02  0.0000000E+00  1.4953864E+04  1.4915137E+01  0.0000000E+00  6.4046128E+03  3.9692327E+03  0.0000000E+00  2.3185557E+04  1.1157249E+04  0.0000000E+00  0.0000000E+00  4.9642638E+05 -8.7655860E-04
     6.8300000E+02    230.0878181  9.2690720E+06  4.3300000E+02  0.0000000E+00  1.3927165E+04  1.4601735E+01  0.0000000E+00  6.3525229E+03  4.0526165E+03  0.0000000E+00  2.3461934E+04  1.1407343E+04  0.0000000E+00  0.0000000E+00  4.9637712E+05  2.9949298E-02
     6.8400000E+02    230.0883020  9.2694750E+06  4.0300000E+02  0.0000000E+00  1.3864867E+04  1.4297658E+01  0.0000000E+00  6.2611958E+03  4.0250337E+03  0.0000000E+00  2.3655018E+04  1.1639218E+04  0.0000000E+00  0.0000000E+00  4.9631012E+05 -5.3639868E-03
     6.8500000E+02    230.0863106  9.2678190E+06 -1.6560000E+03  0.0000000E+00  1.5847288E+04  1.4002547E+01  0.0000000E+00  6.1572686E+03  3.9575532E+03  0.0000000E+00  2.2842078E+04  1.0864093E+04  0.0000000E+00  0.0000000E+00  4.9615222E+05  1.3564724E-03
     6.8600000E+02    230.0849449  9.2666840E+06 -1.1350000E+03  0.0000000E+00  1.5174480E+04  1.3716064E+01  0.0000000E+00  6.0596396E+03  3.9475095E+03  0.0000000E+00  2.2470752E+04  1.0563190E+04  0.0000000E+00  0.0000000E+00  4.9599234E+05 -2.0455547E-02
     6.8700000E+02    230.0852772  9.2669600E+06  2.7600000E+02  0.0000000E+00  1.3819575E+04  1.3437883E+01  0.0000000E+00  5.9636289E+03  3.9880149E+03  0.0000000E+00  2.2744688E+04  1.0636419E+04  0.0000000E+00  0.0000000E+00  4.9588666E+05  6.0793422E-03
     6.8800000E+02    230.0805497  9.2630310E+06 -3.9290000E+03  0.0000000E+00  1.7517316E+04  1.3168353E+01  0.0000000E+00  5.8735352E+03  3.8744980E+03  0.0000000E+00  2.1164387E+04  9.5948057E+03  0.0000000E+00  0.0000000E+00  4.9565331E+05 -2.1077646E-02
     6.8900000E+02    230.0784487  9.2612840E+06 -1.7470000E+03  0.0000000E+00  1.5440845E+04  1.2907117E+01  0.0000000E+00  5.7835811E+03  3.8697671E+03  0.0000000E+00  2.0898535E+04  9.1318799E+03  0.0000000E+00  0.0000000E+00  4.9544628E+05 -1.6480624E-03
     6.9000000E+02    230.0789524  9.2617030E+06  4.1900000E+02  0.0000000E+00  1.3573716E+04  1.2653839E+01  0.0000000E+00  5.6975776E+03  3.9556414E+03  0.0000000E+00  2.1480432E+04  9.2428574E+03  0.0000000E+00  0.0000000E+00  4.9533903E+05 -2.0256264E-03
     6.9100000E+02    230.0775001  9.2604960E+06 -1.2070000E+03  0.0000000E+00  1.5146163E+04  1.2408197E+01  0.0000000E+00  5.6094971E+03  3.9241794E+03  0.0000000E+00  2.1164168E+04  8.9228779E+03  0.0000000E+00  0.0000000E+00  4.9520409E+05 -5.2328524E-04
     6.9200000E+02    230.0718660  9.2558120E+06 -4.6840000E+03  0.0000000E+00  1.8243733E+04  1.2169887E+01  0.0000000E+00  5.5277104E+03  3.8096064E+03  0.0000000E+00  1.9511885E+04  7.6815122E+03  0.0000000E+00  0.0000000E+00  4.9493200E+05  3.0740444E-03
     6.9300000E+02    230.0631979  9.2486070E+06 -7.2050000E+03  0.0000000E+00  2.0680529E+04  1.1938615E+01  0.0000000E+00  5.4896870E+03  3.3515862E+03  0.0000000E+00  1.7106904E+04  5.7716514E+03  0.0000000E+00  0.0000000E+00  4.9457253E+05  3.2759860E-02
     6.9400000E+02    230.0557528  9.2424180E+06 -6.1890000E+03  0.0000000E+00  1.9800158E+04  1.1714106E+01  0.0000000E+00  5.4086362E+03  3.3128811E+03  0.0000000E+00  1.5638203E+04  4.1312568E+03  0.0000000E+00  0.0000000E+00  4.9416403E+05  1.1950609E-02
     6.9500000E+02    230.0516617  9.2390170E+06 -3.4010000E+03  0.0000000E+00  1.7629377E+04  1.1496098E+01  0.0000000E+00  5.3387363E+03  3.3274382E+03  0.0000000E+00  1.5439773E+04  3.2298740E+03  0.0000000E+00  0.0000000E+00  4.9387116E+05  1.7854283E-02
     6.9600000E+02    230.0533883  9.2404520E+06  1.4350000E+03  0.0000000E+00  1.3509542E+04  1.1284337E+01  0.0000000E+00  5.2379907E+03  3.7742581E+03  0.0000000E+00  1.7078203E+04  3.6102966E+03  0.0000000E+00  0.0000000E+00  4.9374256E+05 -7.2517847E-03
     6.9700000E+02    230.0586488  9.2448250E+06  4.3730000E+03  0.0000000E+00  1.0985856E+04  1.1078589E+01  0.0000000E+00  5.1753086E+03  4.4450659E+03  0.0000000E+00  1.9384703E+04  4.7693467E+03  0.0000000E+00  0.0000000E+00  4.9376853E+05 -8.8709434E-03
     6.9800000E+02    230.0633490  9.2487320E+06  3.9070000E+03  0.0000000E+00  1.2149578E+04  1.0878621E+01  0.0000000E+00  5.2778320E+03  3.9969150E+03  0.0000000E+00  2.0566180E+04  5.8049468E+03  0.0000000E+00  0.0000000E+00  4.9413341E+05 -1.3725945E-02
     6.9900000E+02    230.0668874  9.2516740E+06  2.9420000E+03  0.0000000E+00  1.2312271E+04  1.0684217E+01  0.0000000E+00  5.2770718E+03  4.8098926E+03  0.0000000E+00  2.1363600E+04  6.5845610E+03  0.0000000E+00  0.0000000E+00  4.9419756E+05  9.8713906E-03
     7.0000000E+02    230.0671197  9.2518670E+06  1.9300000E+02  0.0000000E+00  1.4743552E+04  1.0495171E+01  0.0000000E+00  5.2718003E+03  4.0396807E+03  0.0000000E+00  2.0888986E+04  6.6357354E+03  0.0000000E+00  0.0000000E+00  4.9433712E+05  2.1371231E+00
     7.0100000E+02    230.0679413  9.2525500E+06  6.8300000E+02  0.0000000E+00  1.4293633E+04  1.0311285E+01  0.0000000E+00  5.1801777E+03  4.0299868E+03  0.0000000E+00  2.0632311E+04  6.8167705E+03  0.0000000E+00  0.0000000E+00  4.9428484E+05 -2.2917611E-03
     7.0200000E+02    230.0664448  9.2513060E+06 -1.2440000E+03  0.0000000E+00  1.5794167E+04  1.0132368E+01  0.0000000E+00  5.1037056E+03  3.9072634E+03  0.0000000E+00  1.9841131E+04  6.4870415E+03  0.0000000E+00  0.0000000E+00  4.9416947E+05  4.0086523E-02
     7.0300000E+02    230.0668639  9.2516540E+06  3.4800000E+02  0.0000000E+00  1.4027348E+04  9.9582415E+00  0.0000000E+00  5.0215010E+03  3.9544177E+03  0.0000000E+00  1.9890326E+04  6.5793760E+03  0.0000000E+00  0.0000000E+00  4.9407856E+05  5.0736859E-02
     7.0400000E+02    230.0687146  9.2531920E+06  1.5380000E+03  0.0000000E+00  1.2726054E+04  9.7887316E+00  0.0000000E+00  4.9502993E+03  4.1717173E+03  0.0000000E+00  2.0464291E+04  6.9871484E+03  0.0000000E+00  0.0000000E+00  4.9403684E+05  5.7385252E-03
     7.0500000E+02    230.0694408  9.2537960E+06  6.0400000E+02  0.0000000E+00  1.3215098E+04  9.6236753E+00  0.0000000E+00  4.8647354E+03  4.0130266E+03  0.0000000E+00  2.0663527E+04  7.1471577E+03  0.0000000E+00  0.0000000E+00  4.9399819E+05  2.1873522E+00
     7.0600000E+02    230.0695101  9.2538540E+06  5.8000000E+01  0.0000000E+00  1.4027705E+04  9.4629116E+00  0.0000000E+00  4.8615796E+03  3.9638752E+03  0.0000000E+00  2.0339926E+04  7.1624346E+03  0.0000000E+00  0.0000000E+00  4.9401397E+05 -4.1524586E-03
     7.0700000E+02    230.0702140  9.2544390E+06  5.8500000E+02  0.0000000E+00  1.3293304E+04  9.3062935E+00  0.0000000E+00  4.8316025E+03  4.0049553E+03  0.0000000E+00  2.0359559E+04  7.3175229E+03  0.0000000E+00  0.0000000E+00  4.9400697E+05 -1.2555571E-03
     7.0800000E+02    230.0752990  9.2586660E+06  4.2270000E+03  0.0000000E+00  9.4393086E+03  9.1536741E+00  0.0000000E+00  4.7864678E+03  4.7626709E+03  0.0000000E+00  2.2070855E+04  8.4379014E+03  0.0000000E+00  0.0000000E+00  4.9402712E+05 -1.5048378E-03
     7.0900000E+02    230.0788373  9.2616070E+06  2.9410000E+03  0.0000000E+00  1.0225420E+04  9.0049152E+00  0.0000000E+00  4.7549492E+03  5.3698521E+03  0.0000000E+00  2.2988824E+04  9.2175088E+03  0.0000000E+00  0.0000000E+00  4.9406894E+05 -3.6102803E-03
     7.1000000E+02    230.0806029  9.2630750E+06  1.4680000E+03  0.0000000E+00  1.1596938E+04  8.8598862E+00  0.0000000E+00  4.7144531E+03  5.1110713E+03  0.0000000E+00  2.3057785E+04  9.6065176E+03  0.0000000E+00  0.0000000E+00  4.9414972E+05 -5.1462599E-03
     7.1100000E+02    230.0812014  9.2635720E+06  4.9700000E+02  0.0000000E+00  1.2304313E+04  8.7184591E+00  0.0000000E+00  4.6856826E+03  4.9355503E+03  0.0000000E+00  2.2785781E+04  9.7383740E+03  0.0000000E+00  0.0000000E+00  4.9417866E+05  1.7988816E-02
     7.1200000E+02    230.0824983  9.2646500E+06  1.0780000E+03  0.0000000E+00  1.1093471E+04  8.5805130E+00  0.0000000E+00  4.6172798E+03  4.1184829E+03  0.0000000E+00  2.3115461E+04  1.0024131E+04  0.0000000E+00  0.0000000E+00  4.9425719E+05  5.1448030E+00
     7.1300000E+02    230.0867624  9.2681950E+06  3.5450000E+03  0.0000000E+00  9.7496043E+03  8.4459295E+00  0.0000000E+00  4.5566343E+03  4.1982964E+03  0.0000000E+00  2.3890135E+04  1.0963655E+04  0.0000000E+00  0.0000000E+00  4.9435022E+05 -4.7086054E-03
     7.1400000E+02    230.0888781  9.2699540E+06  1.7590000E+03  0.0000000E+00  1.0662854E+04  8.3146000E+00  0.0000000E+00  4.4981528E+03  4.1823545E+03  0.0000000E+00  2.4012928E+04  1.1915285E+04  0.0000000E+00  0.0000000E+00  4.9439888E+05 -3.4926890E-04
     7.1500000E+02    230.0908064  9.2715570E+06  1.6030000E+03  0.0000000E+00  1.0025742E+04  8.1864166E+00  0.0000000E+00  4.4372773E+03  4.3329233E+03  0.0000000E+00  2.4356426E+04  1.2839282E+04  0.0000000E+00  0.0000000E+00  4.9439309E+05  3.2753386E-03
     7.1600000E+02    230.0903537  9.2711800E+06 -3.7700000E+02  0.0000000E+00  1.1793664E+04  8.0612764E+00  0.0000000E+00  4.3845181E+03  4.1184302E+03  0.0000000E+00  2.3764799E+04  1.2622368E+04  0.0000000E+00  0.0000000E+00  4.9436634E+05 -2.8748135E-04
     7.1700000E+02    230.0907891  9.2715420E+06  3.6200000E+02  0.0000000E+00  1.0774772E+04  7.9390779E+00  0.0000000E+00  4.3418872E+03  4.1345566E+03  0.0000000E+00  2.3754027E+04  1.2830979E+04  0.0000000E+00  0.0000000E+00  4.9432534E+05  5.4971888E-03
     7.1800000E+02    230.0917543  9.2723450E+06  8.0300000E+02  0.0000000E+00  1.0100742E+04  7.8197317E+00  0.0000000E+00  4.2913887E+03  4.1055693E+03  0.0000000E+00  2.4002168E+04  1.3293495E+04  0.0000000E+00  0.0000000E+00  4.9430666E+05 -5.0516534E-03
     7.1900000E+02    230.0919213  9.2724830E+06  1.3800000E+02  0.0000000E+00  1.0584924E+04  7.7031431E+00  0.0000000E+00  4.2180918E+03  4.0812061E+03  0.0000000E+00  2.3965777E+04  1.3373487E+04  0.0000000E+00  0.0000000E+00  4.9423647E+05  4.9500886E-02
     7.2000000E+02    230.0922260  9.2727370E+06  2.5400000E+02  0.0000000E+00  1.0521607E+04  7.5892277E+00  0.0000000E+00  4.4580161E+03  4.0493853E+03  0.0000000E+00  2.3878027E+04  1.3519535E+04  0.0000000E+00  0.0000000E+00  4.9455172E+05 -3.1560219E-03
     7.2100000E+02    230.0931585  9.2735120E+06  7.7500000E+02  0.0000000E+00  9.7121602E+03  7.4778986E+00  0.0000000E+00  4.4422773E+03  4.1258296E+03  0.0000000E+00  2.4136205E+04  1.3966322E+04  0.0000000E+00  0.0000000E+00  4.9456159E+05  2.3257701E-02
     7.2200000E+02    230.0957384  9.2756560E+06  2.1440000E+03  0.0000000E+00  7.9936311E+03  7.3690777E+00  0.0000000E+00  4.3788398E+03  4.1352017E+03  0.0000000E+00  2.5090129E+04  1.5202589E+04  0.0000000E+00  0.0000000E+00  4.9458172E+05  3.1076304E-03
     7.2300000E+02    230.0957620  9.2756760E+06  2.0000000E+01  0.0000000E+00  9.8949063E+03  7.2626858E+00  0.0000000E+00  4.3020747E+03  4.0998682E+03  0.0000000E+00  2.4919072E+04  1.5213881E+04  0.0000000E+00  0.0000000E+00  4.9452194E+05 -8.4196765E-04
     7.2400000E+02    230.0951257  9.2751470E+06 -5.2900000E+02  0.0000000E+00  1.0350599E+04  7.1586499E+00  0.0000000E+00  4.2283003E+03  4.0575042E+03  0.0000000E+00  2.4552805E+04  1.4908974E+04  0.0000000E+00  0.0000000E+00  4.9442031E+05  6.3289690E-04
     7.2500000E+02    230.0929738  9.2733580E+06 -1.7890000E+03  0.0000000E+00  1.1713875E+04  7.0568972E+00  0.0000000E+00  4.1598960E+03  3.9962515E+03  0.0000000E+00  2.3632238E+04  1.3877819E+04  0.0000000E+00  0.0000000E+00  4.9426891E+05  8.3173654E-04
     7.2600000E+02    230.0907054  9.2714730E+06 -1.8850000E+03  0.0000000E+00  1.2657050E+04  6.9573593E+00  0.0000000E+00  5.0836489E+03  4.0933882E+03  0.0000000E+00  2.2565623E+04  1.2790896E+04  0.0000000E+00  0.0000000E+00  4.9525697E+05 -3.5040948E-04
     7.2700000E+02    230.0886151  9.2697350E+06 -1.7380000E+03  0.0000000E+00  1.2597576E+04  6.8599696E+00  0.0000000E+00  4.9014438E+03  3.9462961E+03  0.0000000E+00  2.1686908E+04  1.1789244E+04  0.0000000E+00  0.0000000E+00  4.9497953E+05  3.3777830E-04
     7.2800000E+02    230.0840452  9.2659360E+06 -3.7990000E+03  0.0000000E+00  1.4663179E+04  6.7646651E+00  0.0000000E+00  4.7836978E+03  3.6063403E+03  0.0000000E+00  2.0060904E+04  1.0364972E+04  0.0000000E+00  0.0000000E+00  4.9468397E+05  5.5440132E-02
     7.2900000E+02    230.0807186  9.2631710E+06 -2.7650000E+03  0.0000000E+00  1.3589341E+04  6.6713829E+00  0.0000000E+00  4.6737656E+03  3.5110522E+03  0.0000000E+00  1.9290447E+04  9.6320068E+03  0.0000000E+00  0.0000000E+00  4.9440856E+05  1.3041584E-02
     7.3000000E+02    230.0804238  9.2629260E+06 -2.4500000E+02  0.0000000E+00  1.1409535E+04  6.5800657E+00  0.0000000E+00  4.4941816E+03  3.9417141E+03  0.0000000E+00  1.9686359E+04  9.5670615E+03  0.0000000E+00  0.0000000E+00  4.9413509E+05 -1.9511333E+00
     7.3100000E+02    230.0819172  9.2641670E+06  1.2410000E+03  0.0000000E+00  9.8957511E+03  6.4906540E+00  0.0000000E+00  4.4185884E+03  3.9899011E+03  0.0000000E+00  2.0597484E+04  9.8960996E+03  0.0000000E+00  0.0000000E+00  4.9408131E+05 -7.5712916E-04
     7.3200000E+02    230.0818002  9.2640700E+06 -9.7000000E+01  0.0000000E+00  1.1202627E+04  6.4030957E+00  0.0000000E+00  4.3337490E+03  3.9969783E+03  0.0000000E+00  2.0632191E+04  9.8703115E+03  0.0000000E+00  0.0000000E+00  4.9398831E+05 -2.2904691E-03
     7.3300000E+02    230.0840606  9.2659490E+06  1.8790000E+03  0.0000000E+00  9.3923103E+03  6.3173356E+00  0.0000000E+00  4.2525571E+03  4.0564373E+03  0.0000000E+00  2.1438117E+04  1.0368366E+04  0.0000000E+00  0.0000000E+00  4.9395719E+05  3.4202689E-03
     7.3400000E+02    230.0874496  9.2687660E+06  2.8170000E+03  0.0000000E+00  6.6399755E+03  6.2333236E+00  0.0000000E+00  4.1587397E+03  4.0572654E+03  0.0000000E+00  2.3224611E+04  1.1230765E+04  0.0000000E+00  0.0000000E+00  4.9396625E+05  9.6554155E+00
     7.3500000E+02    230.0908371  9.2715820E+06  2.8160000E+03  0.0000000E+00  8.1982789E+03  6.1510100E+00  0.0000000E+00  4.1531006E+03  4.1398076E+03  0.0000000E+00  2.3848516E+04  1.2853970E+04  0.0000000E+00  0.0000000E+00  4.9410756E+05 -1.0320798E-03
     7.3600000E+02    230.0927860  9.2732020E+06  1.6200000E+03  0.0000000E+00  8.5922073E+03  6.0703483E+00  0.0000000E+00  4.0715183E+03  4.1904536E+03  0.0000000E+00  2.4113473E+04  1.3787868E+04  0.0000000E+00  0.0000000E+00  4.9410234E+05  1.8913908E-03
     7.3700000E+02    230.0951439  9.2751620E+06  1.9600000E+03  0.0000000E+00  8.0285000E+03  5.9912915E+00  0.0000000E+00  4.5963862E+03  4.2331348E+03  0.0000000E+00  2.4536555E+04  1.4917723E+04  0.0000000E+00  0.0000000E+00  4.9484294E+05 -1.4612109E-03
     7.3800000E+02    230.0963221  9.2761420E+06  9.8000000E+02  0.0000000E+00  8.3938378E+03  5.9137955E+00  0.0000000E+00  4.4906909E+03  4.3125054E+03  0.0000000E+00  2.4678191E+04  1.5482253E+04  0.0000000E+00  0.0000000E+00  4.9477056E+05  2.1248542E-02
     7.3900000E+02    230.0961162  9.2759700E+06 -1.7200000E+02  0.0000000E+00  9.3866734E+03  5.8378186E+00  0.0000000E+00  4.3954980E+03  4.1130869E+03  0.0000000E+00  2.4310787E+04  1.5383629E+04  0.0000000E+00  0.0000000E+00  4.9469262E+05  2.5357890E-03
     7.4000000E+02    230.0955249  9.2754790E+06 -4.9100000E+02  0.0000000E+00  1.0145273E+04  5.7633185E+00  0.0000000E+00  4.2533052E+03  4.0829575E+03  0.0000000E+00  2.3711430E+04  1.5100250E+04  0.0000000E+00  0.0000000E+00  4.9450609E+05 -2.9561110E+00
     7.4100000E+02    230.0927098  9.2731390E+06 -2.3400000E+03  0.0000000E+00  1.1403108E+04  5.6902561E+00  0.0000000E+00  4.1819263E+03  3.9928799E+03  0.0000000E+00  2.2619602E+04  1.3751361E+04  0.0000000E+00  0.0000000E+00  4.9433238E+05 -4.4895805E-04
     7.4200000E+02    230.0921085  9.2726390E+06 -5.0000000E+02  0.0000000E+00  9.7059821E+03  5.6185923E+00  0.0000000E+00  4.0978271E+03  3.9888560E+03  0.0000000E+00  2.2554734E+04  1.3463218E+04  0.0000000E+00  0.0000000E+00  4.9418088E+05  4.6026861E-04
     7.4300000E+02    230.0910230  9.2717370E+06 -9.0200000E+02  0.0000000E+00  1.0240932E+04  5.5482893E+00  0.0000000E+00  4.0384395E+03  3.9971401E+03  0.0000000E+00  2.2231559E+04  1.2943072E+04  0.0000000E+00  0.0000000E+00  4.9406475E+05 -1.3235853E-02
     7.4400000E+02    230.0899108  9.2708120E+06 -9.2500000E+02  0.0000000E+00  1.0385513E+04  5.4793148E+00  0.0000000E+00  3.9667600E+03  3.9893215E+03  0.0000000E+00  2.1888184E+04  1.2410110E+04  0.0000000E+00  0.0000000E+00  4.9392778E+05  1.7865096E-03
     7.4500000E+02    230.0897629  9.2706890E+06 -1.2300000E+02  0.0000000E+00  9.6361960E+03  5.4116306E+00  0.0000000E+00  3.9003267E+03  3.9847898E+03  0.0000000E+00  2.1936994E+04  1.2339230E+04  0.0000000E+00  0.0000000E+00  4.9382497E+05  2.1246452E-02
     7.4600000E+02    230.0910682  9.2717740E+06  1.0850000E+03  0.0000000E+00  8.2549216E+03  5.3452044E+00  0.0000000E+00  3.8361484E+03  4.0993423E+03  0.0000000E+00  2.2563781E+04  1.2964729E+04  0.0000000E+00  0.0000000E+00  4.9377241E+05  4.8596468E-03
     7.4700000E+02    230.1100610  9.2875620E+06  1.5788000E+04  9.2808394E+03  3.0183797E+03  7.0690344E+02  0.0000000E+00  3.9214187E+03  4.5036611E+03  0.0000000E+00  3.1466410E+04  2.2065623E+04  0.0000000E+00  0.0000000E+00  4.9447566E+05 -2.0660898E-04
     7.4800000E+02    230.1106939  9.2880880E+06  5.2600000E+02  0.0000000E+00  6.8787302E+03  2.1474988E+02  0.0000000E+00  3.9237957E+03  4.3727500E+03  0.0000000E+00  3.0007293E+04  2.2368920E+04  0.0000000E+00  0.0000000E+00  4.9470625E+05 -1.6359057E-03
     7.4900000E+02    230.1095703  9.2871540E+06 -9.3400000E+02  0.0000000E+00  7.9224462E+03  1.8097110E+02  0.0000000E+00  3.8906584E+03  4.1845308E+03  0.0000000E+00  2.8931295E+04  2.1830521E+04  0.0000000E+00  0.0000000E+00  4.9467053E+05 -1.6919889E-03
     7.5000000E+02    230.1083424  9.2861340E+06 -1.0200000E+03  0.0000000E+00  7.7926146E+03  1.5491798E+02  0.0000000E+00  3.8439792E+03  4.1084072E+03  0.0000000E+00  2.8123309E+04  2.1242129E+04  0.0000000E+00  0.0000000E+00  4.9457738E+05 -2.8463178E-03
     7.5100000E+02    230.1085373  9.2862960E+06  1.6200000E+02  0.0000000E+00  6.4106991E+03  1.3438295E+02  0.0000000E+00  3.7970952E+03  4.1010879E+03  0.0000000E+00  2.8077523E+04  2.1335512E+04  0.0000000E+00  0.0000000E+00  4.9451450E+05 -9.2747348E-04
     7.5200000E+02    230.1151456  9.2917890E+06  5.4930000E+03  2.1419213E+03  2.8380211E+03  2.6071600E+02  0.0000000E+00  3.7733606E+03  4.2809546E+03  0.0000000E+00  3.0940396E+04  2.4502072E+04  0.0000000E+00  0.0000000E+00  4.9468438E+05  6.3251192E-03
     7.5300000E+02    230.1278994  9.3023910E+06  1.0602000E+04  7.1413192E+03  3.0865632E+03  8.8834735E+02  0.0000000E+00  3.8566050E+03  4.5326875E+03  0.0000000E+00  3.6947113E+04  3.0613379E+04  0.0000000E+00  0.0000000E+00  4.9525222E+05 -2.5437258E-03
     7.5400000E+02    230.2410579  9.3964770E+06  9.4086000E+04  5.4380550E+04  3.0405739E+03  1.4423073E+04  0.0000000E+00  4.7943359E+03  6.9602817E+03  0.0000000E+00  1.4556145E+05  1.1509716E+05  0.0000000E+00  0.0000000E+00  4.9995697E+05 -1.1228984E-02
     7.5500000E+02    230.2227869  9.3812670E+06 -1.5210000E+04  0.0000000E+00  5.2674341E+03  7.7248035E+02  0.0000000E+00  5.1831465E+03  5.5921030E+03  0.0000000E+00  8.8709172E+04  9.9015266E+04  0.0000000E+00  0.0000000E+00  5.0109381E+05 -7.1103655E-06
     7.5600000E+02    230.2040747  9.3657120E+06 -1.5555000E+04  0.0000000E+00  5.0489218E+03  6.2801825E+02  0.0000000E+00  5.9754219E+03  2.6201658E+03  0.0000000E+00  6.8161945E+04  8.3187016E+04  0.0000000E+00  0.0000000E+00  5.0119006E+05 -5.8963430E-01
     7.5700000E+02    230.1868533  9.3513970E+06 -1.4315000E+04  0.0000000E+00  4.6982922E+03  5.2448712E+02  0.0000000E+00  5.4474121E+03  3.7772766E+03  0.0000000E+00  5.6832941E+04  6.8645289E+04  0.0000000E+00  0.0000000E+00  5.0017225E+05 -1.3219916E-03
     7.5800000E+02    230.1710524  9.3382620E+06 -1.3135000E+04  0.0000000E+00  6.6117992E+03  4.4695209E+02  0.0000000E+00  5.4961226E+03  2.6121814E+03  0.0000000E+00  4.7836598E+04  5.7973129E+04  0.0000000E+00  0.0000000E+00  4.9952209E+05 -4.2031199E-01
     7.5900000E+02    230.1725992  9.3395480E+06  1.2860000E+03  8.5762320E+03  2.8987830E+03  1.3567666E+03  0.0000000E+00  5.4439517E+03  3.9098096E+03  0.0000000E+00  5.1735277E+04  5.9017875E+04  0.0000000E+00  0.0000000E+00  4.9933500E+05 -3.6086942E-04
     7.6000000E+02    230.1766343  9.3429020E+06  3.3540000E+03  8.5768323E+03  2.3892758E+03  1.8203383E+03  0.0000000E+00  6.1764829E+03  4.2554326E+03  0.0000000E+00  5.5170379E+04  6.1743266E+04  0.0000000E+00  0.0000000E+00  5.0017334E+05  2.8639142E-03
     7.6100000E+02    230.1656449  9.3337670E+06 -9.1350000E+03  0.0000000E+00  5.6831700E+03  8.4861328E+02  0.0000000E+00  6.9052290E+03  3.8822756E+03  0.0000000E+00  4.7004273E+04  5.4320832E+04  0.0000000E+00  0.0000000E+00  5.0058375E+05  1.0706280E-02
     7.6200000E+02    230.1532133  9.3234330E+06 -1.0334000E+04  0.0000000E+00  9.1522730E+03  6.7512543E+02  0.0000000E+00  7.7164468E+03  3.7359734E+03  0.0000000E+00  4.0088688E+04  4.5924391E+04  0.0000000E+00  0.0000000E+00  5.0082662E+05  2.7563698E-03
     7.6300000E+02    230.1437009  9.3155260E+06 -7.9070000E+03  0.0000000E+00  9.7829141E+03  5.5575684E+02  0.0000000E+00  8.8786650E+03  3.1980288E+03  0.0000000E+00  3.5022816E+04  3.9499547E+04  0.0000000E+00  0.0000000E+00  5.0138928E+05 -2.2151832E-01
     7.6400000E+02    230.1349576  9.3082580E+06 -7.2680000E+03  0.0000000E+00  1.0224486E+04  4.6896945E+02  0.0000000E+00  8.2697402E+03  3.6452385E+03  0.0000000E+00  3.1857877E+04  3.3995500E+04  0.0000000E+00  0.0000000E+00  5.0047431E+05 -1.3302325E-03
     7.6500000E+02    230.1265765  9.3012910E+06 -6.9670000E+03  0.0000000E+00  1.0719826E+04  4.0321637E+02  0.0000000E+00  7.8336084E+03  3.6618708E+03  0.0000000E+00  2.9157262E+04  2.9979480E+04  0.0000000E+00  0.0000000E+00  4.9971778E+05 -2.1133342E-04
     7.6600000E+02    230.1201877  9.2959800E+06 -5.3110000E+03  0.0000000E+00  9.9300728E+03  3.5179608E+02  0.0000000E+00  7.4737329E+03  3.6968171E+03  0.0000000E+00  2.7408617E+04  2.6918096E+04  0.0000000E+00  0.0000000E+00  4.9908881E+05  3.9500877E-04
     7.6700000E+02    230.1246187  9.2996630E+06  3.6830000E+03  6.9636493E+03  9.8022597E+03  1.0072328E+03  0.0000000E+00  7.3191216E+03  3.9832463E+03  0.0000000E+00  3.1220211E+04  2.9041332E+04  0.0000000E+00  0.0000000E+00  4.9898634E+05  8.1467320E-04
     7.6800000E+02    230.1753962  9.3418730E+06  4.2210000E+04  2.9273107E+04  3.6837554E+03  6.5016538E+03  0.0000000E+00  8.0938169E+03  5.2910176E+03  0.0000000E+00  6.8212703E+04  6.0906988E+04  0.0000000E+00  0.0000000E+00  5.0122141E+05 -9.3542608E-03
     7.6900000E+02    230.1681587  9.3358570E+06 -6.0160000E+03  0.0000000E+00  6.4168822E+03  1.1281241E+03  0.0000000E+00  8.9544326E+03  4.7008774E+03  0.0000000E+00  5.1037172E+04  5.6018723E+04  0.0000000E+00  0.0000000E+00  5.0226456E+05 -1.1229457E-03
     7.7000000E+02    230.1650853  9.3333020E+06 -2.5550000E+03  4.1811245E+03  7.7121595E+03  1.4062412E+03  0.0000000E+00  9.6770439E+03  4.2327485E+03  0.0000000E+00  4.8075656E+04  5.3942867E+04  0.0000000E+00  0.0000000E+00  5.0275425E+05  1.1068774E-02
     7.7100000E+02    230.1573020  9.3268320E+06 -6.4700000E+03  0.0000000E+00  7.0008747E+03  8.7013263E+02  0.0000000E+00  1.0383052E+04  4.0652678E+03  0.0000000E+00  4.2029457E+04  4.8685953E+04  0.0000000E+00  0.0000000E+00  5.0303522E+05  9.1523991E-04
     7.7200000E+02    230.1515150  9.3220210E+06 -4.8110000E+03  0.0000000E+00  6.2175201E+03  7.0225543E+02  0.0000000E+00  1.0914381E+04  3.9129377E+03  0.0000000E+00  3.8485230E+04  4.4777297E+04  0.0000000E+00  0.0000000E+00  5.0317250E+05  9.3124937E-03
     7.7300000E+02    230.1452191  9.3167880E+06 -5.2330000E+03  0.0000000E+00  7.9351137E+03  5.8402710E+02  0.0000000E+00  1.1461951E+04  3.9129558E+03  0.0000000E+00  3.5093418E+04  4.0524941E+04  0.0000000E+00  0.0000000E+00  5.0329794E+05 -1.1784456E-03
     7.7400000E+02    230.1401983  9.3126140E+06 -4.1740000E+03  0.0000000E+00  8.7856656E+03  4.9651129E+02  0.0000000E+00  1.2225941E+04  3.6787004E+03  0.0000000E+00  3.2653625E+04  3.7133871E+04  0.0000000E+00  0.0000000E+00  5.0360997E+05 -9.7100541E-02
     7.7500000E+02    230.1340758  9.3075250E+06 -5.0890000E+03  0.0000000E+00  1.0519392E+04  4.2927585E+02  0.0000000E+00  1.2424497E+04  3.8385381E+03  0.0000000E+00  2.9988014E+04  3.3572988E+04  0.0000000E+00  0.0000000E+00  5.0347991E+05 -2.7709149E-04
     7.7600000E+02    230.1290173  9.3033200E+06 -4.2050000E+03  0.0000000E+00  9.6371687E+03  3.7611978E+02  0.0000000E+00  1.1708349E+04  3.8405669E+03  0.0000000E+00  2.8337311E+04  3.1149055E+04  0.0000000E+00  0.0000000E+00  5.0274406E+05 -2.6259451E-05
     7.7700000E+02    230.1260837  9.3008810E+06 -2.4390000E+03  0.0000000E+00  7.9455874E+03  3.3313007E+02  0.0000000E+00  1.0986736E+04  3.8896245E+03  0.0000000E+00  2.7820207E+04  2.9743355E+04  0.0000000E+00  0.0000000E+00  5.0206400E+05  1.2213323E-03
     7.7800000E+02    230.1242676  9.2993720E+06 -1.5090000E+03  0.0000000E+00  7.1095461E+03  2.9771613E+02  0.0000000E+00  1.0367490E+04  3.9437188E+03  0.0000000E+00  2.7751488E+04  2.8873115E+04  0.0000000E+00  0.0000000E+00  5.0150125E+05 -1.7121356E-03
     7.7900000E+02    230.1226005  9.2979860E+06 -1.3860000E+03  0.0000000E+00  7.2413747E+03  2.6809454E+02  0.0000000E+00  9.8457500E+03  3.7687900E+03  0.0000000E+00  2.7588127E+04  2.8074246E+04  0.0000000E+00  0.0000000E+00  5.0103409E+05  9.1148876E-03
     7.8000000E+02    230.1897280  9.3537860E+06  5.5800000E+04  3.6949055E+04  2.6622173E+03  7.7472036E+03  0.0000000E+00  1.0597864E+04  5.6675015E+03  0.0000000E+00  7.9891352E+04  7.1051500E+04  0.0000000E+00  0.0000000E+00  5.0358531E+05  3.1438291E-03
     7.8100000E+02    230.3611061  9.4964510E+06  1.4266500E+05  7.6913498E+04  2.2777388E+03  2.5108939E+04  0.0000000E+00  1.1571665E+04  9.4063340E+03  0.0000000E+00  2.8984969E+05  2.4907670E+05  0.0000000E+00  0.0000000E+00  5.1016006E+05  4.4615883E-03
     7.8200000E+02    230.3364869  9.4759480E+06 -2.0503000E+04  1.5376193E+04  2.5738277E+03  3.1645808E+03  0.0000000E+00  1.2251190E+04  6.8419180E+03  0.0000000E+00  1.7578688E+05  2.1766550E+05  0.0000000E+00  0.0000000E+00  5.1184462E+05  2.6147030E-04
     7.8300000E+02    230.3051212  9.4498280E+06 -2.6120000E+04  1.2573739E+04  3.3935215E+03  3.4894944E+03  0.0000000E+00  1.2853877E+04  4.7632129E+03  0.0000000E+00  1.3490703E+05  1.8178805E+05  0.0000000E+00  0.0000000E+00  5.1136656E+05 -3.3726907E-04
     7.8400000E+02    230.2751037  9.4248300E+06 -2.4998000E+04  6.9818046E+03  1.6745790E+03  2.7127231E+03  0.0000000E+00  1.3370466E+04  3.9212229E+03  0.0000000E+00  1.0669129E+05  1.4915878E+05  0.0000000E+00  0.0000000E+00  5.1053753E+05 -1.9183601E-04
     7.8500000E+02    230.2434591  9.3984770E+06 -2.6353000E+04  0.0000000E+00  2.9284423E+03  1.5519945E+03  0.0000000E+00  1.3909754E+04  3.4521765E+03  0.0000000E+00  8.2065344E+04  1.1749955E+05  0.0000000E+00  0.0000000E+00  5.0958444E+05 -5.6758483E-05
     7.8600000E+02    230.2200359  9.3789800E+06 -1.9497000E+04  0.0000000E+00  2.5814930E+03  1.2292706E+03  0.0000000E+00  1.4336070E+04  3.2011890E+03  0.0000000E+00  6.7428133E+04  9.6688242E+04  0.0000000E+00  0.0000000E+00  5.0877616E+05  1.9083157E-02
     7.8700000E+02    230.2152926  9.3750370E+06 -3.9430000E+03  9.0669934E+03  2.0438133E+03  2.2668679E+03  0.0000000E+00  1.4732527E+04  3.6613596E+03  0.0000000E+00  6.8371875E+04  9.2676023E+04  0.0000000E+00  0.0000000E+00  5.0857494E+05  7.1469454E-05
     7.8800000E+02    230.2233055  9.3816980E+06  6.6610000E+03  1.5346275E+04  1.7357982E+03  3.9845439E+03  0.0000000E+00  1.5092562E+04  4.1904800E+03  0.0000000E+00  7.7618047E+04  9.9453977E+04  0.0000000E+00  0.0000000E+00  5.0897397E+05  1.5340307E-04
     7.8900000E+02    230.2075229  9.3685790E+06 -1.3119000E+04  0.0000000E+00  3.4450527E+03  1.4998939E+03  0.0000000E+00  1.5462415E+04  3.8764016E+03  0.0000000E+00  6.3343355E+04  8.6103836E+04  0.0000000E+00  0.0000000E+00  5.0885384E+05 -6.6898373E-04
     7.9000000E+02    230.1957758  9.3588140E+06 -9.7650000E+03  0.0000000E+00  2.9857052E+03  1.1755750E+03  0.0000000E+00  1.5779057E+04  3.7232725E+03  0.0000000E+00  5.6156562E+04  7.6167188E+04  0.0000000E+00  0.0000000E+00  5.0859444E+05  3.7706861E-05
     7.9100000E+02    230.1877570  9.3521480E+06 -6.6660000E+03  0.0000000E+00  2.5809843E+03  9.5762250E+02  0.0000000E+00  1.6298101E+04  3.2799290E+03  0.0000000E+00  5.1226859E+04  6.9384258E+04  0.0000000E+00  0.0000000E+00  5.0861303E+05 -1.2836164E-01
     7.9200000E+02    230.1794086  9.3452080E+06 -6.9400000E+03  0.0000000E+00  3.7664161E+03  8.0126227E+02  0.0000000E+00  1.6325192E+04  3.7080188E+03  0.0000000E+00  4.6987262E+04  6.3617055E+04  0.0000000E+00  0.0000000E+00  5.0828972E+05 -5.3139050E-02
     7.9300000E+02    230.1715650  9.3386880E+06 -6.5200000E+03  0.0000000E+00  4.9208050E+03  6.8383685E+02  0.0000000E+00  1.6490395E+04  3.7384810E+03  0.0000000E+00  4.3282719E+04  5.8319344E+04  0.0000000E+00  0.0000000E+00  5.0807309E+05 -2.5136282E-03
     7.9400000E+02    230.1678805  9.3356250E+06 -3.0630000E+03  1.3724344E+03  4.3126526E+03  7.0441882E+02  0.0000000E+00  1.6660453E+04  3.8329341E+03  0.0000000E+00  4.2168719E+04  5.5830789E+04  0.0000000E+00  0.0000000E+00  5.0799009E+05 -1.1491058E-02
     7.9500000E+02    230.1662547  9.3342740E+06 -1.3510000E+03  3.4309893E+03  6.1039014E+03  8.9034143E+02  0.0000000E+00  1.6896750E+04  3.8864021E+03  0.0000000E+00  4.2182031E+04  5.4732711E+04  0.0000000E+00  0.0000000E+00  5.0805209E+05  4.3412156E-02
     7.9600000E+02    230.2082379  9.3691730E+06  3.4899000E+04  2.8841299E+04  6.7535187E+03  6.4538857E+03  0.0000000E+00  1.7026189E+04  5.0662153E+03  0.0000000E+00  8.1107617E+04  8.6708594E+04  0.0000000E+00  0.0000000E+00  5.0938331E+05  1.2412970E-03
     7.9700000E+02    230.1983954  9.3609910E+06 -8.1820000E+03  0.0000000E+00  5.3835131E+03  1.2736375E+03  0.0000000E+00  1.7209705E+04  4.5236938E+03  0.0000000E+00  6.1625113E+04  7.8383023E+04  0.0000000E+00  0.0000000E+00  5.0966869E+05  2.4776239E-04
     7.9800000E+02    230.1954940  9.3585800E+06 -2.4110000E+03  5.4923673E+03  5.9041064E+03  1.7373406E+03  0.0000000E+00  1.7360268E+04  4.2315391E+03  0.0000000E+00  5.9062891E+04  7.5928844E+04  0.0000000E+00  0.0000000E+00  5.0965731E+05 -7.2619959E-04
     7.9900000E+02    230.2396567  9.3953100E+06  3.6730000E+04  2.9544039E+04  5.4686722E+03  7.6634985E+03  0.0000000E+00  1.7645637E+04  5.3126973E+03  0.0000000E+00  1.0635414E+05  1.1369536E+05  0.0000000E+00  0.0000000E+00  5.1123222E+05  3.6346831E-04
     8.0000000E+02    230.2245761  9.3827540E+06 -1.2556000E+04  2.0606763E+03  6.5153858E+03  1.8445377E+03  0.0000000E+00  1.7869557E+04  4.5489937E+03  0.0000000E+00  7.7262391E+04  1.0052873E+05  0.0000000E+00  0.0000000E+00  5.1155094E+05  4.9006161E-05
     8.0100000E+02    230.2073579  9.3684420E+06 -1.4312000E+04  0.0000000E+00  6.9102452E+03  1.2875916E+03  0.0000000E+00  1.8006994E+04  3.8893616E+03  0.0000000E+00  6.3154859E+04  8.5964242E+04  0.0000000E+00  0.0000000E+00  5.1117400E+05 -2.4867242E-03
     8.0200000E+02    230.1937341  9.3571170E+06 -1.1325000E+04  0.0000000E+00  6.7238089E+03  1.0288856E+03  0.0000000E+00  1.8120932E+04  3.6686804E+03  0.0000000E+00  5.4355102E+04  7.4440141E+04  0.0000000E+00  0.0000000E+00  5.1077016E+05 -3.1956306E-03
     8.0300000E+02    230.1850508  9.3498980E+06 -7.2190000E+03  0.0000000E+00  5.0895239E+03  8.4914325E+02  0.0000000E+00  1.8218754E+04  3.7126909E+03  0.0000000E+00  4.9075016E+04  6.7427867E+04  0.0000000E+00  0.0000000E+00  5.1049816E+05 -1.1388733E+00
     8.0400000E+02    230.1810329  9.3465590E+06 -3.3390000E+03  2.7454951E+03  5.0418152E+03  9.8631964E+02  0.0000000E+00  1.8414297E+04  3.5446494E+03  0.0000000E+00  4.7807711E+04  6.4714121E+04  0.0000000E+00  0.0000000E+00  5.1049194E+05 -1.0594220E-02
     8.0500000E+02    230.1959216  9.3589350E+06  1.2376000E+04  1.5104122E+04  4.9325950E+03  3.1246008E+03  0.0000000E+00  1.8475695E+04  4.2496938E+03  0.0000000E+00  6.1144930E+04  7.6290500E+04  0.0000000E+00  0.0000000E+00  5.1100116E+05  5.7486328E-04
     8.0600000E+02    230.2111675  9.3716080E+06  1.2673000E+04  1.5108115E+04  3.5590061E+03  3.9368601E+03  0.0000000E+00  1.8664684E+04  4.5783330E+03  0.0000000E+00  7.2285648E+04  8.9186648E+04  0.0000000E+00  0.0000000E+00  5.1183900E+05 -1.5270538E-03
     8.0700000E+02    230.2159643  9.3755960E+06  3.9880000E+03  1.0301844E+04  4.0717045E+03  3.2745105E+03  0.0000000E+00  1.8850629E+04  4.4664165E+03  0.0000000E+00  7.3346328E+04  9.3244203E+04  0.0000000E+00  0.0000000E+00  5.1239472E+05  2.8214820E-03
     8.0800000E+02    230.2586425  9.4111210E+06  3.5525000E+04  2.7491810E+04  3.7738536E+03  7.9190464E+03  0.0000000E+00  1.9126588E+04  5.3171729E+03  0.0000000E+00  1.2278784E+05  1.3268991E+05  0.0000000E+00  0.0000000E+00  5.1406944E+05  1.0908625E-02
     8.0900000E+02    230.4793278  9.5949040E+06  1.8378300E+05  8.2788693E+04  5.6596278E+03  2.9665977E+04  0.0000000E+00  1.9913803E+04  1.0290459E+04  0.0000000E+00  4.8462056E+05  4.1725634E+05  0.0000000E+00  0.0000000E+00  5.2246644E+05 -6.0779035E-05
     8.1000000E+02    230.4128660  9.5395560E+06 -5.5348000E+04  6.2020765E+03  5.1895665E+03  1.9240872E+03  0.0000000E+00  2.0407084E+04  6.2833315E+03  0.0000000E+00  2.4616661E+05  3.1857512E+05  0.0000000E+00  0.0000000E+00  5.2376891E+05 -5.6809913E-05
     8.1100000E+02    230.3443927  9.4825320E+06 -5.7024000E+04  0.0000000E+00  3.9859682E+03  1.3565708E+03  0.0000000E+00  2.0836965E+04  3.2301406E+03  0.0000000E+00  1.5570439E+05  2.2770514E+05  0.0000000E+00  0.0000000E+00  5.2206647E+05  2.8600008E-04
     8.1200000E+02    230.3144415  9.4575890E+06 -2.4943000E+04  1.7198882E+04  5.5559811E+03  3.7686091E+03  0.0000000E+00  2.0957381E+04  2.8466582E+03  0.0000000E+00  1.3398431E+05  1.9244898E+05  0.0000000E+00  0.0000000E+00  5.2079247E+05  2.8005749E-04
     8.1300000E+02    230.2731809  9.4232280E+06 -3.4361000E+04  0.0000000E+00  4.7578731E+03  1.5327467E+03  0.0000000E+00  2.1053781E+04  2.4067937E+03  0.0000000E+00  9.7440938E+04  1.4723502E+05  0.0000000E+00  0.0000000E+00  5.1938269E+05 -7.2660446E-03
     8.1400000E+02    230.2439105  9.3988530E+06 -2.4375000E+04  0.0000000E+00  4.3048489E+03  1.2464706E+03  0.0000000E+00  2.1069895E+04  2.2998289E+03  0.0000000E+00  7.7863852E+04  1.1795113E+05  0.0000000E+00  0.0000000E+00  5.1810850E+05 -4.7669394E-04
     8.1500000E+02    230.2222027  9.3807810E+06 -1.8072000E+04  0.0000000E+00  4.8152788E+03  1.0389713E+03  0.0000000E+00  2.1045990E+04  2.3836790E+03  0.0000000E+00  6.5559227E+04  9.8521078E+04  0.0000000E+00  0.0000000E+00  5.1709541E+05 -3.6431716E-03
     8.1600000E+02    230.2687086  9.4195040E+06  3.8723000E+04  3.2995886E+04  4.1451400E+03  7.9267358E+03  0.0000000E+00  2.1237643E+04  4.0330190E+03  0.0000000E+00  1.2750139E+05  1.4276069E+05  0.0000000E+00  0.0000000E+00  5.1846766E+05 -9.8860255E-05
     8.1700000E+02    230.2482990  9.4025070E+06 -1.6997000E+04  0.0000000E+00  4.6809181E+03  1.5534968E+03  0.0000000E+00  2.1377406E+04  3.4153855E+03  0.0000000E+00  9.0494219E+04  1.2234169E+05  0.0000000E+00  0.0000000E+00  5.1847634E+05 -1.2164544E-02
     8.1800000E+02    230.2292241  9.3866220E+06 -1.5885000E+04  0.0000000E+00  4.8494035E+03  1.2429122E+03  0.0000000E+00  2.1402203E+04  2.8525405E+03  0.0000000E+00  7.3631266E+04  1.0446033E+05  0.0000000E+00  0.0000000E+00  5.1778231E+05 -7.9405040E-04
     8.1900000E+02    230.4886900  9.6027000E+06  2.1607800E+05  8.5562046E+04  4.5489988E+03  2.8521549E+04  0.0000000E+00  2.2825588E+04  9.4822734E+03  0.0000000E+00  5.2496706E+05  4.3177231E+05  0.0000000E+00  0.0000000E+00  5.2710194E+05 -8.0736389E-04
     8.2000000E+02    230.4216148  9.5468410E+06 -5.5859000E+04  0.0000000E+00  3.1196562E+03  1.3160302E+03  0.0000000E+00  2.3278729E+04  5.6742876E+03  0.0000000E+00  2.5922302E+05  3.3088278E+05  0.0000000E+00  0.0000000E+00  5.2847769E+05  1.8399847E-05
     8.2100000E+02    230.3531013  9.4897850E+06 -5.7056000E+04  0.0000000E+00  3.2394759E+03  1.0688119E+03  0.0000000E+00  2.3267014E+04  2.5273433E+03  0.0000000E+00  1.6321508E+05  2.3884091E+05  0.0000000E+00  0.0000000E+00  5.2619938E+05 -3.3216449E-04
     8.2200000E+02    230.3063101  9.4508180E+06 -3.8967000E+04  4.8150137E+03  3.2606702E+03  1.1610804E+03  0.0000000E+00  2.3190539E+04  1.7700337E+03  0.0000000E+00  1.2004556E+05  1.8314798E+05  0.0000000E+00  0.0000000E+00  5.2401166E+05  2.7400817E-04
     8.2300000E+02    230.2940042  9.4405700E+06 -1.0248000E+04  1.8563294E+04  2.2981307E+03  3.6625713E+03  0.0000000E+00  2.3081205E+04  2.1318716E+03  0.0000000E+00  1.1795291E+05  1.6907188E+05  0.0000000E+00  0.0000000E+00  5.2302775E+05  3.5212156E-03
     8.2400000E+02    230.2749299  9.4246850E+06 -1.5885000E+04  8.9349492E+03  2.5050784E+03  2.7588579E+03  0.0000000E+00  2.3056061E+04  2.1541865E+03  0.0000000E+00  1.0300966E+05  1.4898483E+05  0.0000000E+00  0.0000000E+00  5.2221600E+05  2.8474900E-04
     8.2500000E+02    230.2493040  9.4033440E+06 -2.1341000E+04  0.0000000E+00  3.5001532E+03  1.4853539E+03  0.0000000E+00  2.3053064E+04  1.8949341E+03  0.0000000E+00  8.2857328E+04  1.2334715E+05  0.0000000E+00  0.0000000E+00  5.2116422E+05 -4.2599658E-03
     8.2600000E+02    230.2303373  9.3875490E+06 -1.5795000E+04  0.0000000E+00  3.4054030E+03  1.2012209E+03  0.0000000E+00  2.3025695E+04  1.8381029E+03  0.0000000E+00  7.0599945E+04  1.0540203E+05  0.0000000E+00  0.0000000E+00  5.2021706E+05 -2.1401394E-02
     8.2700000E+02    230.2168104  9.3762990E+06 -1.1250000E+04  0.0000000E+00  3.1221402E+03  9.9970020E+02  0.0000000E+00  2.2972973E+04  1.9187957E+03  0.0000000E+00  6.3779121E+04  9.3959898E+04  0.0000000E+00  0.0000000E+00  5.1946438E+05  9.7063574E-04
     8.2800000E+02    230.2120197  9.3723170E+06 -3.9820000E+03  2.7462349E+03  1.2506398E+03  1.1182523E+03  0.0000000E+00  2.2920426E+04  2.1474106E+03  0.0000000E+00  6.2525215E+04  8.9907555E+04  0.0000000E+00  0.0000000E+00  5.1903422E+05 -1.4443466E-02
     8.2900000E+02    230.2047144  9.3662440E+06 -6.0730000E+03  0.0000000E+00  2.6706495E+03  8.4121442E+02  0.0000000E+00  2.2940965E+04  1.7576012E+03  0.0000000E+00  5.8279844E+04  8.3728141E+04  0.0000000E+00  0.0000000E+00  5.1868838E+05 -2.4237821E-02
     8.3000000E+02    230.1991322  9.3616040E+06 -4.6400000E+03  0.0000000E+00  2.7641571E+03  7.2336786E+02  0.0000000E+00  2.2888275E+04  1.8448148E+03  0.0000000E+00  5.5352152E+04  7.9006312E+04  0.0000000E+00  0.0000000E+00  5.1831478E+05 -1.3734780E-02
     8.3100000E+02    230.1950796  9.3582350E+06 -3.3690000E+03  0.0000000E+00  2.4001954E+03  6.3070764E+02  0.0000000E+00  2.2802807E+04  2.2639355E+03  0.0000000E+00  5.3438957E+04  7.5578289E+04  0.0000000E+00  0.0000000E+00  5.1796341E+05 -1.1878068E-03
     8.3200000E+02    230.1914293  9.3552010E+06 -3.0340000E+03  0.0000000E+00  3.3296847E+03  5.5604657E+02  0.0000000E+00  2.2766182E+04  2.3265190E+03  0.0000000E+00  5.1536391E+04  7.2490555E+04  0.0000000E+00  0.0000000E+00  5.1769175E+05 -3.2520944E-01
     8.3300000E+02    230.1957072  9.3587570E+06  3.5560000E+03  4.8045524E+03  1.6460057E+03  9.2201685E+02  0.0000000E+00  2.2743914E+04  2.5036587E+03  0.0000000E+00  5.5353234E+04  7.6109211E+04  0.0000000E+00  0.0000000E+00  5.1769022E+05  1.0550415E-02
     8.3400000E+02    230.1911386  9.3549590E+06 -3.7980000E+03  0.0000000E+00  4.6776292E+03  6.1066547E+02  0.0000000E+00  2.2898357E+04  2.4057959E+03  0.0000000E+00  5.2020051E+04  7.2244688E+04  0.0000000E+00  0.0000000E+00  5.1768188E+05 -1.3098289E-03
     8.3500000E+02    230.1955958  9.3586640E+06  3.7050000E+03  7.5499962E+03  6.0719892E+03  1.3788655E+03  0.0000000E+00  2.3041480E+04  2.5389563E+03  0.0000000E+00  5.6355297E+04  7.6014961E+04  0.0000000E+00  0.0000000E+00  5.1786725E+05 -5.9616040E-03
     8.3600000E+02    230.1900678  9.3540690E+06 -4.5950000E+03  0.0000000E+00  6.5065463E+03  7.4681250E+02  0.0000000E+00  2.3201164E+04  2.3680349E+03  0.0000000E+00  5.1670445E+04  7.1338930E+04  0.0000000E+00  0.0000000E+00  5.1784456E+05 -1.0713594E-04
     8.3700000E+02    230.1858875  9.3505940E+06 -3.4750000E+03  0.0000000E+00  6.4525423E+03  6.3013110E+02  0.0000000E+00  2.3381684E+04  1.9937172E+03  0.0000000E+00  4.8931883E+04  6.7993016E+04  0.0000000E+00  0.0000000E+00  5.1777553E+05 -2.6920879E-02
     8.3800000E+02    230.1829603  9.3481610E+06 -2.4330000E+03  0.0000000E+00  5.5917641E+03  5.4281439E+02  0.0000000E+00  2.3385045E+04  2.2247048E+03  0.0000000E+00  4.7471340E+04  6.6015906E+04  0.0000000E+00  0.0000000E+00  5.1760534E+05 -2.4337224E-04
     8.3900000E+02    230.1793257  9.3451390E+06 -3.0220000E+03  0.0000000E+00  6.8455025E+03  4.7492191E+02  0.0000000E+00  2.3441201E+04  2.2009199E+03  0.0000000E+00  4.5670359E+04  6.3561043E+04  0.0000000E+00  0.0000000E+00  5.1746325E+05  1.3987886E-03
     8.4000000E+02    230.1767188  9.3429720E+06 -2.1670000E+03  0.0000000E+00  6.6038414E+03  4.2057239E+02  0.0000000E+00  2.3498736E+04  2.2117393E+03  0.0000000E+00  4.4529309E+04  6.1800297E+04  0.0000000E+00  0.0000000E+00  5.1734356E+05 -3.6509143E-04
     8.4100000E+02    230.1753704  9.3418520E+06 -1.1200000E+03  0.0000000E+00  6.0401865E+03  3.7606445E+02  0.0000000E+00  2.3588303E+04  2.1856399E+03  0.0000000E+00  4.4062902E+04  6.0889590E+04  0.0000000E+00  0.0000000E+00  5.1728938E+05  4.6084601E-02
     8.4200000E+02    230.1752274  9.3417330E+06 -1.1900000E+02  0.0000000E+00  5.2030800E+03  3.3894913E+02  0.0000000E+00  2.3600377E+04  2.2842373E+03  0.0000000E+00  4.4221105E+04  6.0793016E+04  0.0000000E+00  0.0000000E+00  5.1723969E+05 -1.3272489E-03
     8.4300000E+02    230.1739247  9.3406500E+06 -1.0830000E+03  0.0000000E+00  6.4368302E+03  3.0753778E+02  0.0000000E+00  2.3634904E+04  2.2721929E+03  0.0000000E+00  4.3596262E+04  5.9913137E+04  0.0000000E+00  0.0000000E+00  5.1718534E+05 -6.6031882E-04
     8.4400000E+02    230.1723620  9.3393510E+06 -1.2990000E+03  0.0000000E+00  6.9908445E+03  2.8062607E+02  0.0000000E+00  2.3667156E+04  2.2548018E+03  0.0000000E+00  4.2856359E+04  5.8857648E+04  0.0000000E+00  0.0000000E+00  5.1710934E+05 -2.2943089E-04
     8.4500000E+02    230.1717669  9.3388560E+06 -4.9500000E+02  0.0000000E+00  6.4116080E+03  2.5732965E+02  0.0000000E+00  2.3698383E+04  2.2762292E+03  0.0000000E+00  4.2693977E+04  5.8455730E+04  0.0000000E+00  0.0000000E+00  5.1705662E+05  1.6638786E-03
     8.4600000E+02    230.1707915  9.3380450E+06 -8.1100000E+02  0.0000000E+00  6.9603768E+03  2.3698375E+02  0.0000000E+00  2.3723463E+04  2.2804160E+03  0.0000000E+00  4.2264301E+04  5.7796953E+04  0.0000000E+00  0.0000000E+00  5.1699784E+05 -2.9833936E-03
     8.4700000E+02    230.1700624  9.3374390E+06 -6.0600000E+02  0.0000000E+00  6.9659290E+03  2.1907788E+02  0.0000000E+00  2.3745312E+04  2.2864915E+03  0.0000000E+00  4.1984941E+04  5.7304516E+04  0.0000000E+00  0.0000000E+00  5.1694194E+05 -2.4180424E-03
     8.4800000E+02    230.1711551  9.3383470E+06  9.0800000E+02  0.0000000E+00  5.3168749E+03  2.0321321E+02  0.0000000E+00  2.3768943E+04  2.3255840E+03  0.0000000E+00  4.2766922E+04  5.8042520E+04  0.0000000E+00  0.0000000E+00  5.1694806E+05  2.1891457E-01
     8.4900000E+02    230.1710266  9.3382410E+06 -1.0600000E+02  0.0000000E+00  6.4347374E+03  1.8907336E+02  0.0000000E+00  2.3788533E+04  2.3289260E+03  0.0000000E+00  4.2648172E+04  5.7955703E+04  0.0000000E+00  0.0000000E+00  5.1693444E+05  1.8606385E-02
     8.5000000E+02    230.1699468  9.3373430E+06 -8.9800000E+02  0.0000000E+00  7.3833409E+03  1.7640382E+02  0.0000000E+00  2.3805881E+04  2.2983545E+03  0.0000000E+00  4.2028172E+04  5.7226441E+04  0.0000000E+00  0.0000000E+00  5.1688069E+05  4.6705827E-04
     8.5100000E+02    230.1929763  9.3564870E+06  1.9144000E+04  1.7844634E+04  7.8111888E+03  2.4787976E+03  0.0000000E+00  2.3859941E+04  2.8806528E+03  0.0000000E+00  5.9471590E+04  7.3799164E+04  0.0000000E+00  0.0000000E+00  5.1757128E+05  1.9249560E-02
     8.5200000E+02    230.1976412  9.3603640E+06  3.8770000E+03  5.4911009E+03  5.5078108E+03  1.3689625E+03  0.0000000E+00  2.3954170E+04  2.8102742E+03  0.0000000E+00  5.9123500E+04  7.7745078E+04  0.0000000E+00  0.0000000E+00  5.1801138E+05 -2.7015219E-03
     8.5300000E+02    230.1925009  9.3560910E+06 -4.2730000E+03  0.0000000E+00  7.1657472E+03  7.5072131E+02  0.0000000E+00  2.4016961E+04  2.4654155E+03  0.0000000E+00  5.3982684E+04  7.3397008E+04  0.0000000E+00  0.0000000E+00  5.1797147E+05 -5.7868161E-03
     8.5400000E+02    230.1881861  9.3525050E+06 -3.5860000E+03  0.0000000E+00  7.3249123E+03  6.0472864E+02  0.0000000E+00  2.4053062E+04  2.3229399E+03  0.0000000E+00  5.0691398E+04  6.9747258E+04  0.0000000E+00  0.0000000E+00  5.1780769E+05 -5.7928240E-01
     8.5500000E+02    230.1861622  9.3508220E+06 -1.6830000E+03  0.0000000E+00  5.4419521E+03  5.0353757E+02  0.0000000E+00  2.4083561E+04  2.2725002E+03  0.0000000E+00  4.9440859E+04  6.8178492E+04  0.0000000E+00  0.0000000E+00  5.1770394E+05 -2.3979090E-01
     8.5600000E+02    230.1836754  9.3487550E+06 -2.0670000E+03  0.0000000E+00  6.1581303E+03  4.2953128E+02  0.0000000E+00  2.4106980E+04  2.2412917E+03  0.0000000E+00  4.8097559E+04  6.6498922E+04  0.0000000E+00  0.0000000E+00  5.1759781E+05 -2.6338825E-01
     8.5700000E+02    230.1790367  9.3448990E+06 -3.8560000E+03  0.0000000E+00  8.5557131E+03  3.7313531E+02  0.0000000E+00  2.4105787E+04  2.1588870E+03  0.0000000E+00  4.5745422E+04  6.3365875E+04  0.0000000E+00  0.0000000E+00  5.1739853E+05 -1.7928139E-04
     8.5800000E+02    230.1714841  9.3386210E+06 -6.2780000E+03  0.0000000E+00  1.2255981E+04  3.2875616E+02  0.0000000E+00  2.3994016E+04  2.0408658E+03  0.0000000E+00  4.1959176E+04  5.8264715E+04  0.0000000E+00  0.0000000E+00  5.1698497E+05 -2.2287110E-03
     8.5900000E+02    230.1683107  9.3359830E+06 -2.6380000E+03  0.0000000E+00  9.5969533E+03  2.9292941E+02  0.0000000E+00  2.3972723E+04  2.0683625E+03  0.0000000E+00  4.0880012E+04  5.6121375E+04  0.0000000E+00  0.0000000E+00  5.1674609E+05 -4.4602230E-03
     8.6000000E+02    230.1648817  9.3331330E+06 -2.8500000E+03  0.0000000E+00  1.0695987E+04  2.6340332E+02  0.0000000E+00  2.3964816E+04  2.0644150E+03  0.0000000E+00  3.9486965E+04  5.3805371E+04  0.0000000E+00  0.0000000E+00  5.1655644E+05 -8.8610663E-04
     8.6100000E+02    230.1657361  9.3338430E+06  7.1000000E+02  0.0000000E+00  7.2677845E+03  2.3865401E+02  0.0000000E+00  2.3963404E+04  2.1964150E+03  0.0000000E+00  4.0494645E+04  5.4382418E+04  0.0000000E+00  0.0000000E+00  5.1650506E+05  2.1652716E-01
     8.6200000E+02    230.1677917  9.3355520E+06  1.7090000E+03  0.0000000E+00  6.0742011E+03  2.1761420E+02  0.0000000E+00  2.3970717E+04  2.4515891E+03  0.0000000E+00  4.1884992E+04  5.5770797E+04  0.0000000E+00  0.0000000E+00  5.1652600E+05  1.0251395E-01
     8.6300000E+02    230.1692926  9.3367990E+06  1.2470000E+03  0.0000000E+00  6.4474269E+03  1.9951421E+02  0.0000000E+00  2.3982773E+04  2.3330981E+03  0.0000000E+00  4.2629406E+04  5.6784543E+04  0.0000000E+00  0.0000000E+00  5.1660050E+05 -5.6127895E-04
     8.6400000E+02    230.1704419  9.3377550E+06  9.5600000E+02  0.0000000E+00  6.4627397E+03  1.8378477E+02  0.0000000E+00  2.3990936E+04  2.3322751E+03  0.0000000E+00  4.3135457E+04  5.7560820E+04  0.0000000E+00  0.0000000E+00  5.1664347E+05 -2.4606234E-03
     8.6500000E+02    230.1685390  9.3361730E+06 -1.5820000E+03  0.0000000E+00  9.1392259E+03  1.6999561E+02  0.0000000E+00  2.3996543E+04  2.2589475E+03  0.0000000E+00  4.1917992E+04  5.6275590E+04  0.0000000E+00  0.0000000E+00  5.1658588E+05 -1.0690073E-02
     8.6600000E+02    230.1663895  9.3343860E+06 -1.7870000E+03  0.0000000E+00  9.6947895E+03  1.5781522E+02  0.0000000E+00  2.3997645E+04  2.2044775E+03  0.0000000E+00  4.0781785E+04  5.4823770E+04  0.0000000E+00  0.0000000E+00  5.1648244E+05  1.8090172E-03
     8.6700000E+02    230.1668594  9.3347770E+06  3.9100000E+02  2.0819241E+03  9.9403148E+03  2.6016937E+02  0.0000000E+00  2.3986559E+04  2.2686064E+03  0.0000000E+00  4.1411508E+04  5.5141121E+04  0.0000000E+00  0.0000000E+00  5.1643575E+05 -1.3032337E-03
     8.6800000E+02    230.2465331  9.4010370E+06  6.6260000E+04  4.4475671E+04  8.7933344E+03  1.0066888E+04  0.0000000E+00  2.4136979E+04  4.2365645E+03  0.0000000E+00  1.2118597E+05  1.2057496E+05  0.0000000E+00  0.0000000E+00  5.1894638E+05  3.2052805E-04
     8.6900000E+02    230.2550708  9.4081470E+06  7.1100000E+03  1.5290760E+04  7.2606107E+03  3.5760598E+03  0.0000000E+00  2.4382076E+04  3.7488250E+03  0.0000000E+00  1.0398678E+05  1.2911660E+05  0.0000000E+00  0.0000000E+00  5.2026484E+05 -2.4408147E-04
     8.7000000E+02    230.4313195  9.5549230E+06  1.4677600E+05  7.3200011E+04  3.2072403E+03  2.4273742E+04  0.0000000E+00  2.4979883E+04  7.3672510E+03  0.0000000E+00  3.7943519E+05  3.4453516E+05  0.0000000E+00  0.0000000E+00  5.2651112E+05  6.2887435E-04
     8.7100000E+02    230.5618913  9.6636610E+06  1.0873800E+05  6.2883452E+04  2.2767894E+03  1.8702619E+04  0.0000000E+00  2.6220383E+04  8.6971973E+03  0.0000000E+00  5.6706662E+05  5.5516469E+05  0.0000000E+00  0.0000000E+00  5.3429038E+05 -5.3713802E-04
     8.7200000E+02    230.4817736  9.5969410E+06 -6.6720000E+04  1.3954932E+04  2.2584549E+03  3.8477354E+03  0.0000000E+00  2.6536131E+04  3.8729011E+03  0.0000000E+00  3.1606753E+05  4.2099669E+05  0.0000000E+00  0.0000000E+00  5.3428019E+05 -3.9508060E-04
     8.7300000E+02    230.3917596  9.5219790E+06 -7.4962000E+04  0.0000000E+00  6.5819675E+03  1.8452809E+03  0.0000000E+00  2.6831822E+04  9.5271631E+02  0.0000000E+00  1.9277836E+05  2.8888297E+05  0.0000000E+00  0.0000000E+00  5.3122788E+05 -6.3255342E-05
     8.7400000E+02    230.3280932  9.4689580E+06 -5.3021000E+04  0.0000000E+00  6.6725524E+03  1.4690156E+03  0.0000000E+00  2.7010447E+04  3.5321408E+02  0.0000000E+00  1.3358750E+05  2.0806444E+05  0.0000000E+00  0.0000000E+00  5.2834750E+05 -1.0388084E-03
     8.7500000E+02    230.2839696  9.4322130E+06 -3.6745000E+04  0.0000000E+00  7.3459904E+03  1.2035273E+03  0.0000000E+00  2.6791141E+04  2.6016196E+02  0.0000000E+00  1.0089474E+05  1.5802875E+05  0.0000000E+00  0.0000000E+00  5.2613238E+05 -3.0186874E-04
     8.7600000E+02    230.2546515  9.4077970E+06 -2.4416000E+04  6.9502948E+02  8.1910857E+03  1.0679460E+03  0.0000000E+00  2.6378125E+04  3.9125558E+02  0.0000000E+00  8.1980609E+04  1.2869711E+05  0.0000000E+00  0.0000000E+00  5.2452112E+05 -1.9971977E+00
     8.7700000E+02    230.4842113  9.5989710E+06  1.9117400E+05  7.3964225E+04  3.7377333E+03  2.2910527E+04  0.0000000E+00  2.7259150E+04  6.2579810E+03  0.0000000E+00  5.0176075E+05  4.2472456E+05  0.0000000E+00  0.0000000E+00  5.3245019E+05  5.4921387E-05
     8.7800000E+02    230.4329897  9.5563140E+06 -4.2657000E+04  8.3659555E+03  2.7937284E+03  2.2376870E+03  0.0000000E+00  2.9458596E+04  3.3220078E+03  0.0000000E+00  2.7028188E+05  3.4688478E+05  0.0000000E+00  0.0000000E+00  5.3573838E+05  1.6820087E-04
     8.7900000E+02    230.3662506  9.5007350E+06 -5.5579000E+04  0.0000000E+00  4.1386850E+03  1.4226984E+03  0.0000000E+00  2.9822062E+04  6.3584052E+02  0.0000000E+00  1.7360577E+05  2.5565508E+05  0.0000000E+00  0.0000000E+00  5.3378819E+05 -2.9998509E-05
     8.8000000E+02    230.3135914  9.4568810E+06 -4.3854000E+04  0.0000000E+00  6.8600693E+03  1.1799720E+03  0.0000000E+00  2.9966723E+04  1.5678305E+02  0.0000000E+00  1.2349269E+05  1.9147656E+05  0.0000000E+00  0.0000000E+00  5.3129925E+05 -2.3615392E-05
     8.8100000E+02    230.2757397  9.4253590E+06 -3.1522000E+04  0.0000000E+00  7.6328187E+03  9.9748273E+02  0.0000000E+00  2.9523180E+04  7.9754021E+01  0.0000000E+00  9.5456008E+04  1.4979503E+05  0.0000000E+00  0.0000000E+00  5.2906975E+05 -5.6743291E-03
     8.8200000E+02    230.2538053  9.4070930E+06 -1.8266000E+04  7.3951709E+03  1.1911817E+04  1.6529590E+03  0.0000000E+00  2.8742270E+04  8.0365356E+01  0.0000000E+00  8.3784844E+04  1.2785055E+05  0.0000000E+00  0.0000000E+00  5.2739225E+05 -1.0670469E-03
     8.8300000E+02    230.2305716  9.3877440E+06 -1.9349000E+04  0.0000000E+00  1.1585137E+04  1.0237173E+03  0.0000000E+00  2.8292123E+04  5.8225571E+01  0.0000000E+00  6.8595312E+04  1.0560022E+05  0.0000000E+00  0.0000000E+00  5.2589425E+05  1.4139900E-02
     8.8400000E+02    230.2143849  9.3742830E+06 -1.3461000E+04  0.0000000E+00  1.0783495E+04  8.6886658E+02  0.0000000E+00  2.7747961E+04  7.8107704E+01  0.0000000E+00  6.0704383E+04  9.1908180E+04  0.0000000E+00  0.0000000E+00  5.2462681E+05  1.2094691E-02
     8.8500000E+02    230.2026090  9.3644940E+06 -9.7890000E+03  0.0000000E+00  1.0781539E+04  7.4925238E+02  0.0000000E+00  2.7177564E+04  1.5108847E+02  0.0000000E+00  5.5164203E+04  8.1947242E+04  0.0000000E+00  0.0000000E+00  5.2357022E+05  1.6822806E-04
     8.8600000E+02    230.1992610  9.3617110E+06 -2.7830000E+03  6.7165510E+03  1.3913770E+04  1.3638578E+03  0.0000000E+00  2.6693818E+04  3.1595465E+02  0.0000000E+00  5.5790918E+04  7.9115227E+04  0.0000000E+00  0.0000000E+00  5.2286266E+05  3.4231229E-03
     8.8700000E+02    230.2079350  9.3689210E+06  7.2100000E+03  1.2091610E+04  1.1284624E+04  2.6572839E+03  0.0000000E+00  2.6359557E+04  7.0866644E+02  0.0000000E+00  6.4548102E+04  8.6452430E+04  0.0000000E+00  0.0000000E+00  5.2273034E+05  7.9118373E-04
     8.8800000E+02    230.2009804  9.3631400E+06 -5.7810000E+03  1.3433502E+03  1.1454724E+04  1.3191416E+03  0.0000000E+00  2.6153926E+04  6.0691925E+02  0.0000000E+00  5.8033531E+04  8.0569641E+04  0.0000000E+00  0.0000000E+00  5.2231397E+05 -3.6266097E-04
     8.8900000E+02    230.1940789  9.3574030E+06 -5.7370000E+03  0.0000000E+00  1.1387988E+04  9.9023676E+02  0.0000000E+00  2.5974668E+04  5.5595032E+02  0.0000000E+00  5.3371039E+04  7.4731805E+04  0.0000000E+00  0.0000000E+00  5.2176841E+05 -6.9546205E-01
     8.9000000E+02    230.1880612  9.3524010E+06 -5.0020000E+03  0.0000000E+00  1.1758296E+04  8.1987463E+02  0.0000000E+00  2.5925066E+04  2.6433414E+02  0.0000000E+00  4.9845199E+04  6.9641570E+04  0.0000000E+00  0.0000000E+00  5.2125397E+05 -8.8242456E-02
     8.9100000E+02    230.1833344  9.3484720E+06 -3.9290000E+03  0.0000000E+00  1.1059285E+04  6.9568555E+02  0.0000000E+00  2.5543414E+04  5.0001971E+02  0.0000000E+00  4.7659305E+04  6.6268594E+04  0.0000000E+00  0.0000000E+00  5.2072991E+05 -6.3240499E-04
     8.9200000E+02    230.1793252  9.3451390E+06 -3.3330000E+03  0.0000000E+00  1.1302818E+04  6.0104205E+02  0.0000000E+00  2.5343926E+04  5.7028851E+02  0.0000000E+00  4.5896668E+04  6.3560727E+04  0.0000000E+00  0.0000000E+00  5.2028659E+05 -3.4361652E-01
     8.9300000E+02    230.1744596  9.3410940E+06 -4.0450000E+03  0.0000000E+00  1.2704990E+04  5.2650690E+02  0.0000000E+00  2.5161748E+04  5.4377686E+02  0.0000000E+00  4.3793953E+04  6.0274391E+04  0.0000000E+00  0.0000000E+00  5.1984128E+05  5.5148443E-03
     8.9400000E+02    230.1754727  9.3419370E+06  8.4300000E+02  5.3710244E+03  1.4759922E+04  9.7569232E+02  0.0000000E+00  2.4943510E+04  6.7939349E+02  0.0000000E+00  4.5947871E+04  6.0958695E+04  0.0000000E+00  0.0000000E+00  5.1955594E+05 -3.7728306E-03
     8.9500000E+02    230.1688132  9.3364010E+06 -5.5360000E+03  0.0000000E+00  1.5764353E+04  6.0681213E+02  0.0000000E+00  2.4789330E+04  6.0888879E+02  0.0000000E+00  4.1900820E+04  5.6460742E+04  0.0000000E+00  0.0000000E+00  5.1912141E+05 -1.4051648E-03
     8.9600000E+02    230.2145712  9.3744380E+06  3.8037000E+04  3.0232501E+04  1.5341274E+04  6.6005996E+03  0.0000000E+00  2.4755051E+04  1.7565107E+03  0.0000000E+00  8.5612766E+04  9.2065805E+04  0.0000000E+00  0.0000000E+00  5.2039506E+05  2.2290961E-04
     8.9700000E+02    230.2081442  9.3690950E+06 -5.3430000E+03  0.0000000E+00  1.0188012E+04  1.1968275E+03  0.0000000E+00  2.4819643E+04  1.2722739E+03  0.0000000E+00  6.6730352E+04  8.6629359E+04  0.0000000E+00  0.0000000E+00  5.2069472E+05  1.7522236E-04
     8.9800000E+02    230.2015624  9.3636240E+06 -5.4710000E+03  2.0150456E+03  1.2565865E+04  1.1828691E+03  0.0000000E+00  2.5018182E+04  8.6368054E+02  0.0000000E+00  6.0804238E+04  8.1061984E+04  0.0000000E+00  0.0000000E+00  5.2060062E+05 -2.0669842E-04
     8.9900000E+02    230.4371609  9.5597880E+06  1.9616400E+05  8.4301252E+04  9.1774322E+03  2.7877936E+04  0.0000000E+00  2.6107271E+04  6.5793267E+03  0.0000000E+00  4.2640578E+05  3.5277212E+05  0.0000000E+00  0.0000000E+00  5.2887338E+05 -1.1067976E-04
     9.0000000E+02    230.5700076  9.6704200E+06  1.1063200E+05  6.1511205E+04  5.5645888E+03  1.7124869E+04  0.0000000E+00  2.8216928E+04  7.7242129E+03  0.0000000E+00  5.8652294E+05  5.6945488E+05  0.0000000E+00  0.0000000E+00  5.3781338E+05  3.6055477E-05
     9.0100000E+02    230.5061634  9.6172520E+06 -5.3168000E+04  2.0256256E+04  4.3201996E+03  5.3132031E+03  0.0000000E+00  3.0748076E+04  2.9132937E+03  0.0000000E+00  3.5829881E+05  4.6055112E+05  0.0000000E+00  0.0000000E+00  5.4055538E+05 -6.0123824E-05
     9.0200000E+02    230.4202300  9.5456880E+06 -7.1564000E+04  6.0679270E+03  8.5182405E+03  2.9893884E+03  0.0000000E+00  3.3867012E+04  1.5772812E+02  0.0000000E+00  2.2311652E+05  3.2893462E+05  0.0000000E+00  0.0000000E+00  5.4016931E+05 -1.7031456E-03
     9.0300000E+02    230.4910544  9.6046690E+06  5.8981000E+04  4.1852086E+04  9.9102917E+03  1.2939695E+04  0.0000000E+00  3.5113758E+04  1.6059019E+03  0.0000000E+00  4.1628050E+05  4.3566644E+05  0.0000000E+00  0.0000000E+00  5.4332006E+05  4.4264854E-03
     9.0400000E+02    230.4428586  9.5645330E+06 -4.0136000E+04  1.3489519E+04  6.0152466E+03  4.8028599E+03  0.0000000E+00  3.7089137E+04  3.3860703E+02  0.0000000E+00  2.7232303E+05  3.6148538E+05  0.0000000E+00  0.0000000E+00  5.4414675E+05  3.6530907E-04
     9.0500000E+02    230.9953702  1.0024762E+07  4.6022900E+05  1.2868324E+05  4.6730257E+03  4.5380688E+04  0.0000000E+00  4.1150656E+04  1.3607073E+04  0.0000000E+00  1.7759701E+06  1.5126581E+06  0.0000000E+00  0.0000000E+00  5.6439200E+05  8.7887375E-04
     9.0600000E+02    230.8632243  9.9146050E+06 -1.1015700E+05  4.2119100E+04  1.0129410E+04  1.1110322E+04  0.0000000E+00  4.5511258E+04  5.2141108E+03  0.0000000E+00  9.8806538E+05  1.1816192E+06  0.0000000E+00  0.0000000E+00  5.6971281E+05  2.0886197E-05
     9.0700000E+02    230.6446370  9.7325700E+06 -1.8203500E+05  3.3840545E+03  5.2994084E+03  3.0207654E+03  0.0000000E+00  5.3643039E+04  0.0000000E+00  0.0000000E+00  4.7123231E+05  7.0801644E+05  0.0000000E+00  0.0000000E+00  5.6575706E+05 -9.6380863E-05
     9.0800000E+02    230.4992862  9.6115250E+06 -1.2104500E+05  5.4010311E+03  1.3045454E+04  2.9374241E+03  0.0000000E+00  5.9383047E+04  0.0000000E+00  0.0000000E+00  2.7350266E+05  4.4922438E+05  0.0000000E+00  0.0000000E+00  5.6164481E+05 -1.4196255E-04
     9.0900000E+02    230.4027525  9.5311330E+06 -8.0392000E+04  0.0000000E+00  1.2978437E+04  1.9783845E+03  0.0000000E+00  6.1647551E+04  0.0000000E+00  0.0000000E+00  1.7330827E+05  3.0434759E+05  0.0000000E+00  0.0000000E+00  5.5858244E+05  5.4163535E-05
     9.1000000E+02    230.3398380  9.4787390E+06 -5.2394000E+04  0.0000000E+00  1.5793641E+04  1.6169487E+03  0.0000000E+00  6.2443586E+04  0.0000000E+00  0.0000000E+00  1.2121980E+05  2.2188103E+05  0.0000000E+00  0.0000000E+00  5.5638331E+05 -1.4463047E-04
     9.1100000E+02    230.2957360  9.4420120E+06 -3.6727000E+04  0.0000000E+00  1.9808729E+04  1.3494534E+03  0.0000000E+00  6.2545422E+04  0.0000000E+00  0.0000000E+00  9.0238906E+04  1.7105280E+05  0.0000000E+00  0.0000000E+00  5.5465912E+05 -3.9295503E-04
     9.1200000E+02    230.2672653  9.4183020E+06 -2.3710000E+04  0.0000000E+00  1.8179369E+04  1.1450100E+03  0.0000000E+00  6.2354926E+04  0.0000000E+00  0.0000000E+00  7.2280133E+04  1.4131670E+05  0.0000000E+00  0.0000000E+00  5.5338669E+05 -3.7716446E-03
     9.1300000E+02    230.2468542  9.4013040E+06 -1.6998000E+04  0.0000000E+00  1.9985737E+04  9.8476550E+02  0.0000000E+00  6.1866855E+04  0.0000000E+00  0.0000000E+00  6.1032129E+04  1.2089620E+05  0.0000000E+00  0.0000000E+00  5.5237788E+05 -1.3309016E-04
     9.1400000E+02    230.2361234  9.3923680E+06 -8.9360000E+03  0.0000000E+00  1.6453797E+04  8.5656506E+02  0.0000000E+00  6.1283273E+04  0.0000000E+00  0.0000000E+00  5.5663195E+04  1.1029634E+05  0.0000000E+00  0.0000000E+00  5.5167019E+05 -8.7586204E-03
     9.1500000E+02    230.2304226  9.3876200E+06 -4.7480000E+03  0.0000000E+00  1.4095854E+04  7.5223700E+02  0.0000000E+00  6.0659258E+04  0.0000000E+00  0.0000000E+00  5.3411234E+04  1.0547419E+05  0.0000000E+00  0.0000000E+00  5.5114238E+05  5.7497679E-04
     9.1600000E+02    230.2234646  9.3818300E+06 -5.7900000E+03  0.0000000E+00  1.7108066E+04  6.6609918E+02  0.0000000E+00  6.0069055E+04  1.2405574E-01  0.0000000E+00  5.0157961E+04  9.9588492E+04  0.0000000E+00  0.0000000E+00  5.5052362E+05 -1.1628704E-02
     9.1700000E+02    230.2192856  9.3783570E+06 -3.4730000E+03  0.0000000E+00  1.5934528E+04  5.9408887E+02  0.0000000E+00  5.9379770E+04  3.6069164E-01  0.0000000E+00  4.8572391E+04  9.6053594E+04  0.0000000E+00  0.0000000E+00  5.4989944E+05  2.7472133E-02
     9.1800000E+02    230.2203934  9.3792770E+06  9.2000000E+02  2.6216222E+03  1.4540815E+04  7.1011395E+02  0.0000000E+00  5.8661676E+04  5.5556303E-01  0.0000000E+00  5.0453836E+04  9.6990688E+04  0.0000000E+00  0.0000000E+00  5.4950725E+05 -4.2797844E-03
     9.1900000E+02    230.2402336  9.3957900E+06  1.6513000E+04  1.0490079E+04  4.8348662E+03  1.8084147E+03  0.0000000E+00  5.7281754E+04  2.7190313E-01  0.0000000E+00  6.5617922E+04  1.1427248E+05  0.0000000E+00  0.0000000E+00  5.4947569E+05 -3.1246954E-01
     9.2000000E+02    230.2372958  9.3933440E+06 -2.4460000E+03  0.0000000E+00  1.0321791E+04  8.7941827E+02  0.0000000E+00  5.6138012E+04  0.0000000E+00  0.0000000E+00  6.2189684E+04  1.1133338E+05  0.0000000E+00  0.0000000E+00  5.4855388E+05 -1.6889438E-03
     9.2100000E+02    230.2301253  9.3873720E+06 -5.9720000E+03  0.0000000E+00  1.4836029E+04  7.4370874E+02  0.0000000E+00  5.5155012E+04  7.7388053E+00  0.0000000E+00  5.7991785E+04  1.0522264E+05  0.0000000E+00  0.0000000E+00  5.4735575E+05 -1.6982138E-01
     9.2200000E+02    230.2232776  9.3816750E+06 -5.6970000E+03  0.0000000E+00  1.5731980E+04  6.4155029E+02  0.0000000E+00  5.4274570E+04  0.0000000E+00  0.0000000E+00  5.4471129E+04  9.9430344E+04  0.0000000E+00  0.0000000E+00  5.4596888E+05 -6.7798324E-02
     9.2300000E+02    230.2189966  9.3781160E+06 -3.5590000E+03  0.0000000E+00  1.4382143E+04  5.6167072E+02  0.0000000E+00  5.3300395E+04  0.0000000E+00  0.0000000E+00  5.2735617E+04  9.5809156E+04  0.0000000E+00  0.0000000E+00  5.4507681E+05 -3.1415537E-02
     9.2400000E+02    230.2145452  9.3744160E+06 -3.7000000E+03  0.0000000E+00  1.5404323E+04  4.9741422E+02  0.0000000E+00  5.2373555E+04  0.0000000E+00  0.0000000E+00  5.0876188E+04  9.2043781E+04  0.0000000E+00  0.0000000E+00  5.4434262E+05 -8.7978522E-04
     9.2500000E+02    230.2305025  9.3876870E+06  1.3271000E+04  1.1799363E+04  1.0532643E+04  1.8774615E+03  0.0000000E+00  5.1321414E+04  0.0000000E+00  0.0000000E+00  6.4388707E+04  1.0554172E+05  0.0000000E+00  0.0000000E+00  5.4430875E+05  3.2140750E-02
     9.2600000E+02    230.2239302  9.3822180E+06 -5.4690000E+03  0.0000000E+00  1.5632702E+04  8.0045392E+02  0.0000000E+00  5.1160844E+04  0.0000000E+00  0.0000000E+00  5.8190410E+04  9.9982391E+04  0.0000000E+00  0.0000000E+00  5.4388894E+05  4.8585245E-03
     9.2700000E+02    230.2146166  9.3744750E+06 -7.7430000E+03  0.0000000E+00  1.9661240E+04  6.6857080E+02  0.0000000E+00  5.0792477E+04  0.0000000E+00  0.0000000E+00  5.2523434E+04  9.2104180E+04  0.0000000E+00  0.0000000E+00  5.4313938E+05 -3.3943862E-02
     9.2800000E+02    230.2064158  9.3676580E+06 -6.8170000E+03  0.0000000E+00  2.0579014E+04  5.7186365E+02  0.0000000E+00  5.0344465E+04  3.0164976E-02  0.0000000E+00  4.7983809E+04  8.5167367E+04  0.0000000E+00  0.0000000E+00  5.4238794E+05 -2.7675290E-02
     9.2900000E+02    230.1998145  9.3621710E+06 -5.4870000E+03  0.0000000E+00  1.9622643E+04  4.9778571E+02  0.0000000E+00  4.7907367E+04  7.4813504E+00  0.0000000E+00  4.5322371E+04  7.9583484E+04  0.0000000E+00  0.0000000E+00  5.4078781E+05  9.2130760E-04
     9.3000000E+02    230.1959242  9.3589370E+06 -3.2340000E+03  1.3102552E+03  1.9023547E+04  5.3612561E+02  0.0000000E+00  4.5405641E+04  0.0000000E+00  0.0000000E+00  4.4830301E+04  7.6292695E+04  0.0000000E+00  0.0000000E+00  5.3911100E+05  8.1963997E-05
     9.3100000E+02    230.1897764  9.3538270E+06 -5.1100000E+03  0.0000000E+00  2.0217298E+04  4.3602689E+02  0.0000000E+00  4.3129648E+04  6.3440204E-01  0.0000000E+00  4.2645203E+04  7.1092430E+04  0.0000000E+00  0.0000000E+00  5.3727456E+05  1.1516355E-02
     9.3200000E+02    230.1919679  9.3556480E+06  1.8210000E+03  5.2406613E+03  1.8916280E+04  8.6457227E+02  0.0000000E+00  4.1050160E+04  0.0000000E+00  0.0000000E+00  4.6528500E+04  7.2946188E+04  0.0000000E+00  0.0000000E+00  5.3582525E+05  4.5031754E-04
     9.3300000E+02    230.1901701  9.3541540E+06 -1.4940000E+03  0.0000000E+00  1.6159323E+04  5.2669733E+02  0.0000000E+00  3.9513961E+04  0.0000000E+00  0.0000000E+00  4.6049469E+04  7.1425453E+04  0.0000000E+00  0.0000000E+00  5.3453500E+05 -7.4035412E-04
     9.3400000E+02    230.1885118  9.3527750E+06 -1.3790000E+03  0.0000000E+00  1.6035391E+04  4.5557434E+02  0.0000000E+00  3.8274523E+04  5.4704303E-01  0.0000000E+00  4.5954996E+04  7.0022727E+04  0.0000000E+00  0.0000000E+00  5.3337669E+05  6.3092862E-03
     9.3500000E+02    230.1821815  9.3475130E+06 -5.2620000E+03  0.0000000E+00  2.0632496E+04  4.0017200E+02  0.0000000E+00  3.7347895E+04  1.4032140E-02  0.0000000E+00  4.3101926E+04  6.5489895E+04  0.0000000E+00  0.0000000E+00  5.3218969E+05 -1.2092164E-02
     9.3600000E+02    230.1806564  9.3462460E+06 -1.2670000E+03  1.3099084E+03  1.8403207E+04  4.4789951E+02  0.0000000E+00  3.6444531E+04  2.8267524E-01  0.0000000E+00  4.3398379E+04  6.4459816E+04  0.0000000E+00  0.0000000E+00  5.3121662E+05  5.3269207E-03
     9.3700000E+02    230.1797237  9.3454700E+06 -7.7600000E+02  0.0000000E+00  1.6556778E+04  3.6194922E+02  0.0000000E+00  3.5682902E+04  2.8456736E-01  0.0000000E+00  4.3571312E+04  6.3829863E+04  0.0000000E+00  0.0000000E+00  5.3041725E+05  6.5211942E-03
     9.3800000E+02    230.1772883  9.3434460E+06 -2.0240000E+03  0.0000000E+00  1.8059745E+04  3.2354514E+02  0.0000000E+00  3.5092762E+04  6.5636970E-02  0.0000000E+00  4.2802441E+04  6.2184949E+04  0.0000000E+00  0.0000000E+00  5.2966356E+05 -2.5021106E-03
     9.3900000E+02    230.1735942  9.3403750E+06 -3.0710000E+03  0.0000000E+00  1.9588383E+04  2.9174896E+02  0.0000000E+00  3.4609039E+04  0.0000000E+00  0.0000000E+00  4.1298391E+04  5.9689898E+04  0.0000000E+00  0.0000000E+00  5.2891869E+05 -1.0219145E-02
     9.4000000E+02    230.1751532  9.3416710E+06  1.2960000E+03  0.0000000E+00  1.5077786E+04  2.6497519E+02  0.0000000E+00  3.4065734E+04  7.5050342E-01  0.0000000E+00  4.2816449E+04  6.0742871E+04  0.0000000E+00  0.0000000E+00  5.2839912E+05  3.8562667E-02
     9.4100000E+02    230.1712350  9.3384140E+06 -3.2570000E+03  0.0000000E+00  2.0067246E+04  2.4211600E+02  0.0000000E+00  3.3732445E+04  1.3731325E-03  0.0000000E+00  4.0919078E+04  5.8096496E+04  0.0000000E+00  0.0000000E+00  5.2780006E+05 -1.6761689E-02
     9.4200000E+02    230.1694635  9.3369410E+06 -1.4730000E+03  0.0000000E+00  1.8628289E+04  2.2237164E+02  0.0000000E+00  3.3379473E+04  0.0000000E+00  0.0000000E+00  4.0448102E+04  5.6899992E+04  0.0000000E+00  0.0000000E+00  5.2725712E+05 -7.0648207E-03
     9.4300000E+02    230.1720604  9.3391000E+06  2.1590000E+03  0.0000000E+00  1.4661231E+04  2.0514955E+02  0.0000000E+00  3.2954117E+04  2.2944481E+00  0.0000000E+00  4.2318562E+04  5.8653941E+04  0.0000000E+00  0.0000000E+00  5.2691956E+05  1.8010256E-03
     9.4400000E+02    230.1727343  9.3396600E+06  5.6000000E+02  0.0000000E+00  1.5977025E+04  1.9000052E+02  0.0000000E+00  3.2663719E+04  0.0000000E+00  0.0000000E+00  4.2795039E+04  5.9109156E+04  0.0000000E+00  0.0000000E+00  5.2659838E+05  3.4080204E-03
     9.4500000E+02    230.1735414  9.3403310E+06  6.7100000E+02  0.0000000E+00  1.5568738E+04  1.7657747E+02  0.0000000E+00  3.2403660E+04  0.0000000E+00  0.0000000E+00  4.3316406E+04  5.9654238E+04  0.0000000E+00  0.0000000E+00  5.2629644E+05  3.5101192E-03
     9.4600000E+02    230.1716207  9.3387340E+06 -1.5970000E+03  0.0000000E+00  1.7835719E+04  1.6460756E+02  0.0000000E+00  3.2213861E+04  0.0000000E+00  0.0000000E+00  4.2216062E+04  5.8356957E+04  0.0000000E+00  0.0000000E+00  5.2592056E+05 -1.4970271E-03
     9.4700000E+02    230.1669228  9.3348290E+06 -3.9050000E+03  0.0000000E+00  2.1029265E+04  1.5387309E+02  0.0000000E+00  3.2051816E+04  4.2776389E+00  0.0000000E+00  3.9676637E+04  5.5183945E+04  0.0000000E+00  0.0000000E+00  5.2543306E+05 -5.6437999E-01
     9.4800000E+02    230.1658108  9.3339050E+06 -9.2400000E+02  0.0000000E+00  1.8045546E+04  1.4419814E+02  0.0000000E+00  3.1730488E+04  0.0000000E+00  0.0000000E+00  3.9678098E+04  5.4432875E+04  0.0000000E+00  0.0000000E+00  5.2494644E+05 -2.2636047E-03
     9.4900000E+02    230.1688748  9.3364520E+06  2.5470000E+03  0.0000000E+00  1.3859422E+04  1.3543875E+02  0.0000000E+00  3.1265701E+04  0.0000000E+00  0.0000000E+00  4.1938496E+04  5.6502383E+04  0.0000000E+00  0.0000000E+00  5.2455512E+05  5.8744246E-01
     9.5000000E+02    230.1731060  9.3399690E+06  3.5170000E+03  0.0000000E+00  1.2320540E+04  1.2747607E+02  0.0000000E+00  3.0774342E+04  1.4156363E+00  0.0000000E+00  4.4308426E+04  5.9360199E+04  0.0000000E+00  0.0000000E+00  5.2427022E+05  1.4739931E-02
     9.5100000E+02    230.1760268  9.3423970E+06  2.4280000E+03  0.0000000E+00  1.2565527E+04  1.2021085E+02  0.0000000E+00  3.0444084E+04  6.5726876E+00  0.0000000E+00  4.5772160E+04  6.1332906E+04  0.0000000E+00  0.0000000E+00  5.2403491E+05  4.5133252E-03
     9.5200000E+02    230.1746743  9.3412730E+06 -1.1240000E+03  0.0000000E+00  1.5882916E+04  1.1355966E+02  0.0000000E+00  3.0253746E+04  0.0000000E+00  0.0000000E+00  4.4810449E+04  6.0419402E+04  0.0000000E+00  0.0000000E+00  5.2367784E+05 -7.3719909E-04
     9.5300000E+02    230.1760830  9.3424440E+06  1.1710000E+03  0.0000000E+00  1.3222475E+04  1.0745187E+02  0.0000000E+00  3.0005789E+04  0.0000000E+00  0.0000000E+00  4.5650828E+04  6.1370859E+04  0.0000000E+00  0.0000000E+00  5.2341119E+05 -3.5059496E-04
     9.5400000E+02    230.1753624  9.3418450E+06 -5.9900000E+02  0.0000000E+00  1.4860533E+04  1.0182712E+02  0.0000000E+00  2.9845590E+04  0.0000000E+00  0.0000000E+00  4.5204453E+04  6.0884191E+04  0.0000000E+00  0.0000000E+00  5.2313572E+05  8.1070000E-03
     9.5500000E+02    230.1748669  9.3414330E+06 -4.1200000E+02  0.0000000E+00  1.4551578E+04  9.6633598E+01  0.0000000E+00  2.9573135E+04  8.0833632E-01  0.0000000E+00  4.5026574E+04  6.0549504E+04  0.0000000E+00  0.0000000E+00  5.2276191E+05  8.5924938E-03
     9.5600000E+02    230.2243204  9.3825420E+06  4.1109000E+04  2.9917370E+04  5.3407823E+03  5.0748037E+03  0.0000000E+00  2.8532828E+04  4.3590781E+02  0.0000000E+00  8.3673188E+04  1.0031241E+05  0.0000000E+00  0.0000000E+00  5.2391259E+05  5.8382171E-05
     9.5700000E+02    230.2911345  9.4381800E+06  5.5638000E+04  3.9686134E+04  5.0648727E+03  1.0346049E+04  0.0000000E+00  2.8214000E+04  1.3819381E+03  0.0000000E+00  1.4929958E+05  1.6578939E+05  0.0000000E+00  0.0000000E+00  5.2625469E+05 -1.4433910E-01
     9.5800000E+02    230.2895398  9.4368520E+06 -1.3280000E+03  1.2729166E+04  5.6222385E+03  3.5425435E+03  0.0000000E+00  2.8165760E+04  5.7793506E+02  0.0000000E+00  1.2439850E+05  1.6396528E+05  0.0000000E+00  0.0000000E+00  5.2684194E+05 -8.7231281E-04
     9.5900000E+02    230.2877684  9.4353770E+06 -1.4750000E+03  1.4226282E+04  5.6522227E+03  4.1437144E+03  0.0000000E+00  2.8203094E+04  6.0649323E+01  0.0000000E+00  1.1960395E+05  1.6193914E+05  0.0000000E+00  0.0000000E+00  5.2671512E+05  9.3198996E-06
     9.6000000E+02    230.2600530  9.4122960E+06 -2.3081000E+04  0.0000000E+00  1.2730651E+04  1.5272240E+03  0.0000000E+00  2.8903072E+04  0.0000000E+00  0.0000000E+00  9.3320242E+04  1.3410111E+05  0.0000000E+00  0.0000000E+00  5.2570588E+05 -1.5430074E-04
     9.6100000E+02    230.2376453  9.3936350E+06 -1.8661000E+04  0.0000000E+00  1.5854288E+04  1.1595929E+03  0.0000000E+00  2.9008900E+04  2.0993225E+01  0.0000000E+00  7.6333242E+04  1.1168298E+05  0.0000000E+00  0.0000000E+00  5.2451081E+05 -1.8779838E+00
     9.6200000E+02    230.2194522  9.3784950E+06 -1.5140000E+04  0.0000000E+00  1.6081884E+04  9.2437360E+02  0.0000000E+00  3.0212234E+04  0.0000000E+00  0.0000000E+00  6.5686055E+04  9.6194555E+04  0.0000000E+00  0.0000000E+00  5.2351806E+05 -2.7946508E-01
     9.6300000E+02    230.2066711  9.3678710E+06 -1.0624000E+04  0.0000000E+00  1.5217284E+04  7.6148792E+02  0.0000000E+00  2.9533258E+04  0.0000000E+00  0.0000000E+00  5.9471059E+04  8.5383250E+04  0.0000000E+00  0.0000000E+00  5.2254647E+05 -2.0946863E-01
     9.6400000E+02    230.1981056  9.3607500E+06 -7.1210000E+03  0.0000000E+00  1.4233075E+04  6.4235944E+02  0.0000000E+00  2.8889957E+04  0.0000000E+00  0.0000000E+00  5.5565156E+04  7.8137922E+04  0.0000000E+00  0.0000000E+00  5.2177853E+05 -1.6512048E-01
     9.6500000E+02    230.1916844  9.3554130E+06 -5.3370000E+03  0.0000000E+00  1.4051836E+04  5.5170270E+02  0.0000000E+00  2.8023822E+04  0.0000000E+00  0.0000000E+00  5.2844777E+04  7.2706352E+04  0.0000000E+00  0.0000000E+00  5.2112931E+05 -1.0175552E-03
     9.6600000E+02    230.1859561  9.3506510E+06 -4.7620000E+03  0.0000000E+00  1.5109930E+04  4.8060147E+02  0.0000000E+00  2.7618764E+04  2.2305382E-02  0.0000000E+00  5.0204492E+04  6.8039320E+04  0.0000000E+00  0.0000000E+00  5.2053025E+05 -1.0031845E-01
     9.6700000E+02    230.1981218  9.3607640E+06  1.0113000E+04  7.4759468E+03  6.8891174E+03  1.1817131E+03  0.0000000E+00  2.6888682E+04  4.0444398E+00  0.0000000E+00  5.9610117E+04  7.8151609E+04  0.0000000E+00  0.0000000E+00  5.2051803E+05 -1.3793072E-03
     9.6800000E+02    230.1914259  9.3551980E+06 -5.5660000E+03  0.0000000E+00  1.5003398E+04  6.3419989E+02  0.0000000E+00  2.6791746E+04  0.0000000E+00  0.0000000E+00  5.4508836E+04  7.2487680E+04  0.0000000E+00  0.0000000E+00  5.2014012E+05  1.1090416E-02
     9.6900000E+02    230.1858606  9.3505720E+06 -4.6260000E+03  0.0000000E+00  1.5101727E+04  5.3778101E+02  0.0000000E+00  2.6670340E+04  0.0000000E+00  0.0000000E+00  5.1254918E+04  6.7974852E+04  0.0000000E+00  0.0000000E+00  5.1966000E+05  1.4999339E-02
     9.7000000E+02    230.1822421  9.3475640E+06 -3.0080000E+03  0.0000000E+00  1.3920644E+04  4.6452261E+02  0.0000000E+00  2.6433660E+04  0.0000000E+00  0.0000000E+00  4.9555598E+04  6.5530832E+04  0.0000000E+00  0.0000000E+00  5.1925394E+05  1.2969787E-02
     9.7100000E+02    230.1777911  9.3438640E+06 -3.7000000E+03  0.0000000E+00  1.5261968E+04  4.0701355E+02  0.0000000E+00  2.6216004E+04  0.0000000E+00  0.0000000E+00  4.7473988E+04  6.2524590E+04  0.0000000E+00  0.0000000E+00  5.1883116E+05  1.3438215E-02
     9.7200000E+02    230.1738755  9.3406090E+06 -3.2550000E+03  0.0000000E+00  1.5499196E+04  3.6070523E+02  0.0000000E+00  2.5991736E+04  0.0000000E+00  0.0000000E+00  4.5781801E+04  5.9879934E+04  0.0000000E+00  0.0000000E+00  5.1842388E+05  1.3411371E-02
     9.7300000E+02    230.1733297  9.3401550E+06 -4.5400000E+02  0.0000000E+00  1.2934727E+04  3.2265143E+02  0.0000000E+00  2.5687576E+04  0.0000000E+00  0.0000000E+00  4.5981824E+04  5.9511254E+04  0.0000000E+00  0.0000000E+00  5.1814453E+05  9.7055068E-05
     9.7400000E+02    230.1828209  9.3480450E+06  7.8900000E+03  2.2231127E+03  5.8168439E+03  4.3850293E+02  0.0000000E+00  2.5232396E+04  1.4714459E+01  0.0000000E+00  5.1754613E+04  6.5921781E+04  0.0000000E+00  0.0000000E+00  5.1825894E+05  6.6404943E-03
     9.7500000E+02    230.1805520  9.3461590E+06 -1.8860000E+03  0.0000000E+00  1.3064748E+04  3.3076581E+02  0.0000000E+00  2.5350881E+04  1.6265873E+00  0.0000000E+00  4.9818969E+04  6.4389348E+04  0.0000000E+00  0.0000000E+00  5.1814191E+05 -8.9214280E-02
     9.7600000E+02    230.2638265  9.4154380E+06  6.9279000E+04  4.6008690E+04  6.7923619E+03  1.0823873E+04  0.0000000E+00  2.4538904E+04  1.2797906E+03  0.0000000E+00  1.3386506E+05  1.3787638E+05  0.0000000E+00  0.0000000E+00  5.2068128E+05  4.1814465E-03
     9.7700000E+02    230.2585738  9.4110640E+06 -4.3740000E+03  5.9360683E+03  6.5777253E+03  1.8085885E+03  0.0000000E+00  2.4605068E+04  5.2689246E+02  0.0000000E+00  1.0299973E+05  1.3262116E+05  0.0000000E+00  0.0000000E+00  5.2140850E+05 -1.6662100E-03
     9.7800000E+02    230.2358506  9.3921400E+06 -1.8924000E+04  0.0000000E+00  1.5872152E+04  1.0454264E+03  0.0000000E+00  2.5192570E+04  0.0000000E+00  0.0000000E+00  8.0776156E+04  1.1006560E+05  0.0000000E+00  0.0000000E+00  5.2075231E+05  3.2258002E-04
     9.7900000E+02    230.2166081  9.3761310E+06 -1.6009000E+04  0.0000000E+00  1.5906318E+04  8.4216046E+02  0.0000000E+00  2.5573893E+04  0.0000000E+00  0.0000000E+00  6.7269383E+04  9.3788742E+04  0.0000000E+00  0.0000000E+00  5.1988053E+05 -5.6976127E-04
     9.8000000E+02    230.2018829  9.3638900E+06 -1.2241000E+04  0.0000000E+00  1.7119211E+04  6.9953668E+02  0.0000000E+00  2.6626291E+04  0.0000000E+00  0.0000000E+00  5.8594492E+04  8.1333102E+04  0.0000000E+00  0.0000000E+00  5.1923941E+05 -2.9556665E-01
     9.8100000E+02    230.1913621  9.3551450E+06 -8.7450000E+03  0.0000000E+00  1.6322867E+04  5.9414716E+02  0.0000000E+00  2.6268930E+04  0.0000000E+00  0.0000000E+00  5.2956359E+04  7.2433742E+04  0.0000000E+00  0.0000000E+00  5.1861097E+05 -2.1651557E-01
     9.8200000E+02    230.1801729  9.3458440E+06 -9.3010000E+03  0.0000000E+00  1.9363444E+04  5.1325531E+02  0.0000000E+00  2.6307510E+04  0.0000000E+00  0.0000000E+00  4.7188828E+04  6.4133285E+04  0.0000000E+00  0.0000000E+00  5.1804359E+05 -2.2292228E-01
     9.8300000E+02    230.1727135  9.3396430E+06 -6.2010000E+03  0.0000000E+00  1.7622260E+04  4.4934131E+02  0.0000000E+00  2.5837314E+04  0.0000000E+00  0.0000000E+00  4.4101277E+04  5.9095109E+04  0.0000000E+00  0.0000000E+00  5.1753438E+05 -1.6741645E-01
     9.8400000E+02    230.1699620  9.3373560E+06 -2.2870000E+03  0.0000000E+00  1.4445707E+04  3.9767599E+02  0.0000000E+00  2.5212705E+04  0.0000000E+00  0.0000000E+00  4.3726621E+04  5.7236688E+04  0.0000000E+00  0.0000000E+00  5.1719622E+05 -8.1457421E-02
     9.8500000E+02    230.1644379  9.3327640E+06 -4.5920000E+03  0.0000000E+00  1.7837873E+04  3.5513394E+02  0.0000000E+00  2.4974146E+04  0.0000000E+00  0.0000000E+00  4.1422266E+04  5.3505609E+04  0.0000000E+00  0.0000000E+00  5.1687462E+05  8.7604356E-05
     9.8600000E+02    230.1599174  9.3290060E+06 -3.7580000E+03  0.0000000E+00  1.8314256E+04  3.1956516E+02  0.0000000E+00  2.5098436E+04  0.0000000E+00  0.0000000E+00  3.9493488E+04  5.0452391E+04  0.0000000E+00  0.0000000E+00  5.1658634E+05 -1.4128965E-01
     9.8700000E+02    230.1505630  9.3212300E+06 -7.7760000E+03  0.0000000E+00  2.4300377E+04  2.8944156E+02  0.0000000E+00  2.5476756E+04  0.0000000E+00  0.0000000E+00  3.4769691E+04  4.4134332E+04  0.0000000E+00  0.0000000E+00  5.1618228E+05 -1.7947078E-01
     9.8800000E+02    230.1433763  9.3152560E+06 -5.9740000E+03  0.0000000E+00  2.3938884E+04  2.6364746E+02  0.0000000E+00  2.4747756E+04  0.0000000E+00  0.0000000E+00  3.2234289E+04  3.9280316E+04  0.0000000E+00  0.0000000E+00  5.1565588E+05  7.7236223E-04
     9.8900000E+02    230.1402436  9.3126520E+06 -2.6040000E+03  0.0000000E+00  2.1542491E+04  2.4134895E+02  0.0000000E+00  2.4494807E+04  5.2741002E-03  0.0000000E+00  3.1350090E+04  3.7164457E+04  0.0000000E+00  0.0000000E+00  5.1534041E+05 -2.8458351E-02
     9.9000000E+02    230.1409841  9.3132670E+06  6.1500000E+02  0.0000000E+00  1.8207504E+04  2.2191068E+02  0.0000000E+00  2.4125758E+04  7.1674280E+00  0.0000000E+00  3.2126871E+04  3.7664566E+04  0.0000000E+00  0.0000000E+00  5.1516725E+05 -3.4881592E-02
     9.9100000E+02    230.1407490  9.3130720E+06 -1.9500000E+02  0.0000000E+00  1.9166860E+04  2.0484021E+02  0.0000000E+00  2.4012398E+04  2.0828443E+00  0.0000000E+00  3.2235146E+04  3.7505770E+04  0.0000000E+00  0.0000000E+00  5.1506391E+05 -4.8212364E-02
     9.9200000E+02    230.1367036  9.3097090E+06 -3.3630000E+03  0.0000000E+00  2.3392883E+04  1.8975024E+02  0.0000000E+00  2.4227877E+04  0.0000000E+00  0.0000000E+00  3.0366479E+04  3.4832141E+04  0.0000000E+00  0.0000000E+00  5.1486388E+05 -1.3382213E-01
     9.9300000E+02    230.1303759  9.3044490E+06 -5.2600000E+03  0.0000000E+00  2.5921366E+04  1.7633206E+02  0.0000000E+00  2.4398480E+04  0.0000000E+00  0.0000000E+00  2.7782959E+04  3.1800072E+04  0.0000000E+00  0.0000000E+00  5.1454231E+05 -1.7959370E-01
     9.9400000E+02    230.1234899  9.2987250E+06 -5.7240000E+03  0.0000000E+00  2.7116703E+04  1.6433676E+02  0.0000000E+00  2.4380670E+04  0.0000000E+00  0.0000000E+00  2.5243207E+04  2.8500443E+04  0.0000000E+00  0.0000000E+00  5.1414672E+05 -1.8867129E-01
     9.9500000E+02    230.1213888  9.2969790E+06 -1.7460000E+03  0.0000000E+00  2.3216337E+04  1.5356154E+02  0.0000000E+00  2.3755352E+04  0.0000000E+00  0.0000000E+00  2.5055240E+04  2.7493646E+04  0.0000000E+00  0.0000000E+00  5.1384103E+05  3.3123407E-04
     9.9600000E+02    230.1246118  9.2996580E+06  2.6790000E+03  0.0000000E+00  1.8530670E+04  1.4383957E+02  0.0000000E+00  2.3268770E+04  9.8957672E+01  0.0000000E+00  2.6947385E+04  2.9038018E+04  0.0000000E+00  0.0000000E+00  5.1375616E+05  2.6504485E-02
     9.9700000E+02    230.1278577  9.3023560E+06  2.6980000E+03  0.0000000E+00  1.8441689E+04  1.3503249E+02  0.0000000E+00  2.3223299E+04  2.3186802E+01  0.0000000E+00  2.8398182E+04  3.0593418E+04  0.0000000E+00  0.0000000E+00  5.1384266E+05  4.1510476E-04
     9.9800000E+02    230.1317983  9.3056320E+06  3.2760000E+03  0.0000000E+00  1.7324423E+04  1.2702458E+02  0.0000000E+00  2.3103125E+04  8.4816345E+01  0.0000000E+00  2.9943965E+04  3.2481648E+04  0.0000000E+00  0.0000000E+00  5.1392034E+05  1.3583031E-02
     9.9900000E+02    230.1316336  9.3054950E+06 -1.3700000E+02  0.0000000E+00  2.0587138E+04  1.1971843E+02  0.0000000E+00  2.3057391E+04  4.8113438E+01  0.0000000E+00  2.9723809E+04  3.2402727E+04  0.0000000E+00  0.0000000E+00  5.1389119E+05 -1.1047508E-04
     1.0000000E+03    230.1323840  9.3061180E+06  6.2300000E+02  0.0000000E+00  1.9495159E+04  1.1303145E+02  0.0000000E+00  2.2991504E+04  5.8242123E+01  0.0000000E+00  2.9837648E+04  3.2762299E+04  0.0000000E+00  0.0000000E+00  5.1384516E+05  6.5814722E-03
     1.0010000E+03    230.2958607  9.4421160E+06  1.3599800E+05  7.4248473E+04  8.5458365E+03  2.0255215E+04  0.0000000E+00  2.2983707E+04  3.8653542E+03  0.0000000E+00  2.0209644E+05  1.7119541E+05  0.0000000E+00  0.0000000E+00  5.1899838E+05 -6.4928187E-03
     1.0020000E+03    230.2700609  9.4206300E+06 -2.1486000E+04  0.0000000E+00  1.5268752E+04  6.1166345E+02  0.0000000E+00  2.3083520E+04  1.8283287E+03  0.0000000E+00  1.1601355E+05  1.4411366E+05  0.0000000E+00  0.0000000E+00  5.2015494E+05 -9.9248970E-03
     1.0030000E+03    230.2410427  9.3964640E+06 -2.4166000E+04  0.0000000E+00  2.0803500E+04  5.2997388E+02  0.0000000E+00  2.3200150E+04  3.7738120E+02  0.0000000E+00  8.3842789E+04  1.1508195E+05  0.0000000E+00  0.0000000E+00  5.1936450E+05 -3.3199914E+00
     1.0040000E+03    230.2142109  9.3741380E+06 -2.2326000E+04  0.0000000E+00  2.1629920E+04  4.6508527E+02  0.0000000E+00  2.6133061E+04  0.0000000E+00  0.0000000E+00  6.3934668E+04  9.1761000E+04  0.0000000E+00  0.0000000E+00  5.1870931E+05 -4.6926981E-01
     1.0050000E+03    230.1911805  9.3549940E+06 -1.9144000E+04  0.0000000E+00  2.4285025E+04  4.1244876E+02  0.0000000E+00  2.5793039E+04  0.0000000E+00  0.0000000E+00  5.0841961E+04  7.2280180E+04  0.0000000E+00  0.0000000E+00  5.1762734E+05 -3.8705227E-01
     1.0060000E+03    230.1713397  9.3385010E+06 -1.6493000E+04  0.0000000E+00  2.4551912E+04  3.6899948E+02  0.0000000E+00  2.4140736E+04  0.0000000E+00  0.0000000E+00  4.1716367E+04  5.8167223E+04  0.0000000E+00  0.0000000E+00  5.1646653E+05 -3.7778442E-05
     1.0070000E+03    230.1576594  9.3271290E+06 -1.1372000E+04  0.0000000E+00  2.3637012E+04  3.3260165E+02  0.0000000E+00  2.3829469E+04  1.0364693E+01  0.0000000E+00  3.5924691E+04  4.8927340E+04  0.0000000E+00  0.0000000E+00  5.1570294E+05 -1.5376663E+00
     1.0080000E+03    230.1458757  9.3173340E+06 -9.7950000E+03  0.0000000E+00  2.5407444E+04  3.0172455E+02  0.0000000E+00  2.4315902E+04  0.0000000E+00  0.0000000E+00  3.1818502E+04  4.0968414E+04  0.0000000E+00  0.0000000E+00  5.1514750E+05 -2.1804684E-01
     1.0090000E+03    230.1384031  9.3111220E+06 -6.2120000E+03  0.0000000E+00  2.4035056E+04  2.7524457E+02  0.0000000E+00  2.3926023E+04  0.0000000E+00  0.0000000E+00  2.9444887E+04  3.5921367E+04  0.0000000E+00  0.0000000E+00  5.1466147E+05 -1.6389509E-01
     1.0100000E+03    230.1341381  9.3075770E+06 -3.5450000E+03  0.0000000E+00  2.2289617E+04  2.5231927E+02  0.0000000E+00  2.3520336E+04  0.0000000E+00  0.0000000E+00  2.8516887E+04  3.3602797E+04  0.0000000E+00  0.0000000E+00  5.1431100E+05 -1.0354016E-01
     1.0110000E+03    230.1315531  9.3054280E+06 -2.1490000E+03  0.0000000E+00  2.1405137E+04  2.3230553E+02  0.0000000E+00  2.3187963E+04  0.0000000E+00  0.0000000E+00  2.8161988E+04  3.2364125E+04  0.0000000E+00  0.0000000E+00  5.1406428E+05 -7.0679612E-02
     1.0120000E+03    230.1317124  9.3055600E+06  1.3200000E+02  0.0000000E+00  1.9168448E+04  2.1470432E+02  0.0000000E+00  2.2809066E+04  8.9663773E+00  0.0000000E+00  2.8713582E+04  3.2440479E+04  0.0000000E+00  0.0000000E+00  5.1392697E+05 -2.4235995E-02
     1.0130000E+03    230.1337526  9.3072560E+06  1.6960000E+03  0.0000000E+00  1.7409192E+04  1.9912291E+02  0.0000000E+00  2.2631980E+04  1.7663094E+02  0.0000000E+00  2.9875484E+04  3.3418082E+04  0.0000000E+00  0.0000000E+00  5.1389325E+05  1.2673345E-02
     1.0140000E+03    230.1368800  9.3098560E+06  2.6000000E+03  0.0000000E+00  1.6128827E+04  1.8524809E+02  0.0000000E+00  2.2544426E+04  3.3670300E+02  0.0000000E+00  3.1268002E+04  3.4916684E+04  0.0000000E+00  0.0000000E+00  5.1393516E+05  2.8639833E-02
     1.0150000E+03    230.1396614  9.3121680E+06  2.3120000E+03  0.0000000E+00  1.5672308E+04  1.7282729E+02  0.0000000E+00  2.2498883E+04  3.7857089E+02  0.0000000E+00  3.2473773E+04  3.6771246E+04  0.0000000E+00  0.0000000E+00  5.1400228E+05  2.0598922E-02
     1.0160000E+03    230.1424584  9.3144930E+06  2.3250000E+03  0.0000000E+00  1.4875458E+04  1.6165457E+02  0.0000000E+00  2.2456061E+04  4.3466830E+02  0.0000000E+00  3.3689012E+04  3.8660371E+04  0.0000000E+00  0.0000000E+00  5.1406806E+05  1.9945163E-02
     1.0170000E+03    230.1457178  9.3172020E+06  2.7090000E+03  0.0000000E+00  1.3607428E+04  1.5156056E+02  0.0000000E+00  2.2416291E+04  5.2436481E+02  0.0000000E+00  3.5157465E+04  4.0861781E+04  0.0000000E+00  0.0000000E+00  5.1414844E+05  3.9397251E-02
     1.0180000E+03    230.1470900  9.3183430E+06  1.1410000E+03  0.0000000E+00  1.4925382E+04  1.4240463E+02  0.0000000E+00  2.2388287E+04  4.2875897E+02  0.0000000E+00  3.5744242E+04  4.1788605E+04  0.0000000E+00  0.0000000E+00  5.1419006E+05 -1.5122282E-02
     1.0190000E+03    230.1472987  9.3185170E+06  1.7400000E+02  0.0000000E+00  1.5743278E+04  1.3406915E+02  0.0000000E+00  2.2363123E+04  3.2026788E+02  0.0000000E+00  3.5640293E+04  4.1929594E+04  0.0000000E+00  0.0000000E+00  5.1417397E+05 -5.1010549E-02
     1.0200000E+03    230.1479054  9.3190210E+06  5.0400000E+02  0.0000000E+00  1.5157404E+04  1.2645499E+02  0.0000000E+00  2.2337539E+04  3.2773108E+02  0.0000000E+00  3.5864531E+04  4.2339309E+04  0.0000000E+00  0.0000000E+00  5.1414934E+05  1.3393961E-04
     1.0210000E+03    230.1469885  9.3182590E+06 -7.6200000E+02  0.0000000E+00  1.6492376E+04  1.1947810E+02  0.0000000E+00  2.2309805E+04  2.4552258E+02  0.0000000E+00  3.5225355E+04  4.1720031E+04  0.0000000E+00  0.0000000E+00  5.1407456E+05 -7.0637070E-02
     1.0220000E+03    230.1442525  9.3159840E+06 -2.2750000E+03  0.0000000E+00  1.8624259E+04  1.1306667E+02  0.0000000E+00  2.2316863E+04  1.3113416E+02  0.0000000E+00  3.3867434E+04  3.9872117E+04  0.0000000E+00  0.0000000E+00  5.1393278E+05 -9.4065800E-02
     1.0230000E+03    230.1400803  9.3125160E+06 -3.4680000E+03  0.0000000E+00  2.0496367E+04  1.0715910E+02  0.0000000E+00  2.2245627E+04  1.9377313E+02  0.0000000E+00  3.1927457E+04  3.7054133E+04  0.0000000E+00  0.0000000E+00  5.1369100E+05  6.8729757E-03
     1.0240000E+03    230.1352382  9.3084910E+06 -4.0250000E+03  0.0000000E+00  2.0485874E+04  1.0170219E+02  0.0000000E+00  1.9996021E+04  4.7888935E+01  0.0000000E+00  3.0541160E+04  3.4129957E+04  0.0000000E+00  0.0000000E+00  5.1123388E+05  3.0013052E-04
     1.0250000E+03    230.1326811  9.3063650E+06 -2.1260000E+03  0.0000000E+00  1.8415845E+04  9.6649887E+01  0.0000000E+00  1.8908883E+04  1.8976936E+02  0.0000000E+00  3.0377570E+04  3.2904641E+04  0.0000000E+00  0.0000000E+00  5.1015347E+05 -2.2371153E-03
     1.0260000E+03    230.1300037  9.3041400E+06 -2.2250000E+03  0.0000000E+00  1.8426748E+04  9.1961937E+01  0.0000000E+00  1.7838293E+04  2.7792505E+02  0.0000000E+00  3.0170613E+04  3.1621695E+04  0.0000000E+00  0.0000000E+00  5.0908172E+05 -9.9351502E-04
     1.0270000E+03    230.1282680  9.3026970E+06 -1.4430000E+03  0.0000000E+00  1.7542261E+04  8.7603210E+01  0.0000000E+00  1.6885740E+04  3.8943979E+02  0.0000000E+00  3.0308607E+04  3.0790020E+04  0.0000000E+00  0.0000000E+00  5.0812584E+05  6.6304491E-03
     1.0280000E+03    230.1271327  9.3017530E+06 -9.4400000E+02  0.0000000E+00  1.6891977E+04  8.3542786E+01  0.0000000E+00  1.6096509E+04  5.1667969E+02  0.0000000E+00  3.0590416E+04  3.0245984E+04  0.0000000E+00  0.0000000E+00  5.0732362E+05  1.2554522E-01
     1.0290000E+03    230.1247444  9.2997680E+06 -1.9850000E+03  0.0000000E+00  1.7949676E+04  7.9753410E+01  0.0000000E+00  1.5331824E+04  5.6168073E+02  0.0000000E+00  3.0216748E+04  2.9101578E+04  0.0000000E+00  0.0000000E+00  5.0653391E+05  8.1221358E-04
     1.0300000E+03    230.1203945  9.2961520E+06 -3.6160000E+03  0.0000000E+00  1.9809406E+04  7.6210968E+01  0.0000000E+00  1.4681730E+04  5.4265887E+02  0.0000000E+00  2.8996467E+04  2.7017188E+04  0.0000000E+00  0.0000000E+00  5.0576678E+05  2.4491758E-03
     1.0310000E+03    230.1170456  9.2933680E+06 -2.7840000E+03  0.0000000E+00  1.9212970E+04  7.2894020E+01  0.0000000E+00  1.3965309E+04  5.0042358E+02  0.0000000E+00  2.8210627E+04  2.5412471E+04  0.0000000E+00  0.0000000E+00  5.0498159E+05 -2.0617679E-01
     1.0320000E+03    230.1149616  9.2916360E+06 -1.7320000E+03  0.0000000E+00  1.8250056E+04  6.9783485E+01  0.0000000E+00  1.3415021E+04  5.6907294E+02  0.0000000E+00  2.7937289E+04  2.4413881E+04  0.0000000E+00  0.0000000E+00  5.0436459E+05 -1.8253197E-01
     1.0330000E+03    230.1144975  9.2912500E+06 -3.8600000E+02  0.0000000E+00  1.6823670E+04  6.6862289E+01  0.0000000E+00  1.2907317E+04  6.6951251E+02  0.0000000E+00  2.8259357E+04  2.4191521E+04  0.0000000E+00  0.0000000E+00  5.0386528E+05 -1.5633546E-01
     1.0340000E+03    230.1145625  9.2913040E+06  5.4000000E+01  0.0000000E+00  1.6202842E+04  6.4115150E+01  0.0000000E+00  1.2531228E+04  7.8532764E+02  0.0000000E+00  2.8669275E+04  2.4222646E+04  0.0000000E+00  0.0000000E+00  5.0354103E+05 -4.8278348E-04
     1.0350000E+03    230.1155348  9.2921120E+06  8.0800000E+02  0.0000000E+00  1.5153502E+04  6.1528313E+01  0.0000000E+00  1.2038150E+04  8.3793024E+02  0.0000000E+00  2.9334680E+04  2.4688547E+04  0.0000000E+00  0.0000000E+00  5.0317366E+05 -1.2941214E-01
     1.0360000E+03    230.1141263  9.2909420E+06 -1.1700000E+03  0.0000000E+00  1.6967889E+04  5.9089390E+01  0.0000000E+00  1.1718817E+04  8.6642535E+02  0.0000000E+00  2.8901449E+04  2.4013613E+04  0.0000000E+00  0.0000000E+00  5.0286822E+05  3.4070532E-03
     1.0370000E+03    230.1133150  9.2902670E+06 -6.7500000E+02  0.0000000E+00  1.6344022E+04  5.6787224E+01  0.0000000E+00  1.1368859E+04  8.8590814E+02  0.0000000E+00  2.8754455E+04  2.3624850E+04  0.0000000E+00  0.0000000E+00  5.0253791E+05  7.8402698E-04
     1.0380000E+03    230.1141806  9.2909870E+06  7.2000000E+02  0.0000000E+00  1.4681063E+04  5.4611671E+01  0.0000000E+00  1.1036706E+04  9.5523212E+02  0.0000000E+00  2.9303309E+04  2.4039650E+04  0.0000000E+00  0.0000000E+00  5.0227394E+05 -3.2685350E-03
     1.0390000E+03    230.1119463  9.2891290E+06 -1.8580000E+03  0.0000000E+00  1.7204117E+04  5.2553543E+01  0.0000000E+00  1.0726380E+04  9.3398151E+02  0.0000000E+00  2.8470268E+04  2.2969029E+04  0.0000000E+00  0.0000000E+00  5.0195175E+05  1.7104698E-04
     1.0400000E+03    230.1108982  9.2882580E+06 -8.7100000E+02  0.0000000E+00  1.6158475E+04  5.0604500E+01  0.0000000E+00  1.0433121E+04  9.5644098E+02  0.0000000E+00  2.8226426E+04  2.2466811E+04  0.0000000E+00  0.0000000E+00  5.0164850E+05 -1.4507168E-03
     1.0410000E+03    230.1114864  9.2887470E+06  4.8900000E+02  0.0000000E+00  1.4597521E+04  4.8756920E+01  0.0000000E+00  1.0156657E+04  1.0256475E+03  0.0000000E+00  2.8654914E+04  2.2748643E+04  0.0000000E+00  0.0000000E+00  5.0141488E+05 -1.2464512E-03
     1.0420000E+03    230.1108805  9.2882430E+06 -5.0400000E+02  0.0000000E+00  1.5495278E+04  4.7003868E+01  0.0000000E+00  9.8910635E+03  9.7595282E+02  0.0000000E+00  2.8513832E+04  2.2458307E+04  0.0000000E+00  0.0000000E+00  5.0117988E+05  6.7710474E-02
     1.0430000E+03    230.1083785  9.2861640E+06 -2.0790000E+03  0.0000000E+00  1.7096510E+04  4.5338982E+01  0.0000000E+00  9.6913809E+03  1.0127318E+03  0.0000000E+00  2.7551592E+04  2.1259402E+04  0.0000000E+00  0.0000000E+00  5.0092012E+05 -3.3834826E-03
     1.0440000E+03    230.1069582  9.2849830E+06 -1.1810000E+03  0.0000000E+00  1.6249162E+04  4.3756454E+01  0.0000000E+00  9.4656250E+03  1.0400643E+03  0.0000000E+00  2.7177332E+04  2.0578832E+04  0.0000000E+00  0.0000000E+00  5.0065812E+05 -9.0775714E-04
     1.0450000E+03    230.1072770  9.2852480E+06  2.6500000E+02  0.0000000E+00  1.4698509E+04  4.2250935E+01  0.0000000E+00  9.2441377E+03  1.1135879E+03  0.0000000E+00  2.7521945E+04  2.0731590E+04  0.0000000E+00  0.0000000E+00  5.0045812E+05 -9.6572906E-04
     1.0460000E+03    230.1061025  9.2842720E+06 -9.7600000E+02  0.0000000E+00  1.5908745E+04  4.0817516E+01  0.0000000E+00  9.0332520E+03  1.1328234E+03  0.0000000E+00  2.7159297E+04  2.0168787E+04  0.0000000E+00  0.0000000E+00  5.0023959E+05 -2.6559306E-03
     1.0470000E+03    230.1040474  9.2825630E+06 -1.7090000E+03  0.0000000E+00  1.6690473E+04  3.9451683E+01  0.0000000E+00  8.8333154E+03  1.1270768E+03  0.0000000E+00  2.6419900E+04  1.9184055E+04  0.0000000E+00  0.0000000E+00  4.9998903E+05  1.7946858E-04
     1.0480000E+03    230.1026405  9.2813940E+06 -1.1690000E+03  0.0000000E+00  1.6225973E+04  3.8149261E+01  0.0000000E+00  8.6450000E+03  1.1531031E+03  0.0000000E+00  2.6037037E+04  1.8509906E+04  0.0000000E+00  0.0000000E+00  4.9975453E+05  5.6598149E-04
     1.0490000E+03    230.1016317  9.2805550E+06 -8.3900000E+02  0.0000000E+00  1.5931158E+04  3.6906422E+01  0.0000000E+00  8.4644990E+03  1.1919109E+03  0.0000000E+00  2.5809975E+04  1.8026506E+04  0.0000000E+00  0.0000000E+00  4.9954328E+05  2.2893236E-03
     1.0500000E+03    230.1001308  9.2793080E+06 -1.2470000E+03  0.0000000E+00  1.6419128E+04  3.5719593E+01  0.0000000E+00  8.2932021E+03  1.2118848E+03  0.0000000E+00  2.5362088E+04  1.7307293E+04  0.0000000E+00  0.0000000E+00  4.9933219E+05 -8.4971212E-04
     1.0510000E+03    230.0991693  9.2785080E+06 -8.0000000E+02  0.0000000E+00  1.6002753E+04  3.4585487E+01  0.0000000E+00  8.1296318E+03  1.2463630E+03  0.0000000E+00  2.5132312E+04  1.6846568E+04  0.0000000E+00  0.0000000E+00  4.9913769E+05  2.4861102E-03
     1.0520000E+03    230.0984532  9.2779130E+06 -5.9500000E+02  0.0000000E+00  1.5844703E+04  3.3501049E+01  0.0000000E+00  7.9766689E+03  1.2316549E+03  0.0000000E+00  2.4978434E+04  1.6503436E+04  0.0000000E+00  0.0000000E+00  4.9896650E+05  1.1353554E-02
     1.0530000E+03    230.1000192  9.2792150E+06  1.3020000E+03  0.0000000E+00  1.3670190E+04  3.2463440E+01  0.0000000E+00  7.8788433E+03  1.4740698E+03  0.0000000E+00  2.5793750E+04  1.7253838E+04  0.0000000E+00  0.0000000E+00  4.9889634E+05  1.4718673E-02
     1.0540000E+03    230.1005570  9.2796620E+06  4.4700000E+02  0.0000000E+00  1.4426187E+04  3.1470043E+01  0.0000000E+00  7.7286899E+03  1.4030640E+03  0.0000000E+00  2.5998760E+04  1.7511557E+04  0.0000000E+00  0.0000000E+00  4.9880191E+05 -8.5579239E-02
     1.0550000E+03    230.1009736  9.2800080E+06  3.4600000E+02  0.0000000E+00  1.4304581E+04  3.0518393E+01  0.0000000E+00  7.6131348E+03  1.4298303E+03  0.0000000E+00  2.6147320E+04  1.7711156E+04  0.0000000E+00  0.0000000E+00  4.9871397E+05 -1.7571261E-03
     1.0560000E+03    230.1003288  9.2794720E+06 -5.3600000E+02  0.0000000E+00  1.5079162E+04  2.9606211E+01  0.0000000E+00  7.4848086E+03  1.4333409E+03  0.0000000E+00  2.5855846E+04  1.7402178E+04  0.0000000E+00  0.0000000E+00  4.9857988E+05 -2.4821019E-02
     1.0570000E+03    230.0943562  9.2745070E+06 -4.9650000E+03  0.0000000E+00  1.9898978E+04  2.8731375E+01  0.0000000E+00  7.3609146E+03  1.3133500E+03  0.0000000E+00  2.3397039E+04  1.4540272E+04  0.0000000E+00  0.0000000E+00  4.9827762E+05 -2.5620949E-03
     1.0580000E+03    230.0914298  9.2720750E+06 -2.4320000E+03  0.0000000E+00  1.7818201E+04  2.7891899E+01  0.0000000E+00  7.2556016E+03  1.1960991E+03  0.0000000E+00  2.2444438E+04  1.3137979E+04  0.0000000E+00  0.0000000E+00  4.9802866E+05  2.3800315E-02
     1.0590000E+03    230.0908716  9.2716110E+06 -4.6400000E+02  0.0000000E+00  1.5993394E+04  2.7085924E+01  0.0000000E+00  7.1420747E+03  1.2419822E+03  0.0000000E+00  2.2493760E+04  1.2870503E+04  0.0000000E+00  0.0000000E+00  4.9786709E+05  6.9890060E-02
     1.0600000E+03    230.0890043  9.2700590E+06 -1.5520000E+03  0.0000000E+00  1.7134870E+04  2.6311716E+01  0.0000000E+00  7.0352451E+03  1.4065236E+03  0.0000000E+00  2.1901814E+04  1.1975760E+04  0.0000000E+00  0.0000000E+00  4.9768569E+05 -5.8368812E-03
     1.0610000E+03    230.0890079  9.2700620E+06  3.0000000E+00  0.0000000E+00  1.5631593E+04  2.5567654E+01  0.0000000E+00  6.9297227E+03  1.4508331E+03  0.0000000E+00  2.2109438E+04  1.1977492E+04  0.0000000E+00  0.0000000E+00  4.9755803E+05  6.2293611E-03
     1.0620000E+03    230.0878889  9.2691310E+06 -9.3100000E+02  0.0000000E+00  1.6917746E+04  2.4852215E+01  0.0000000E+00  7.3917202E+03  1.5777599E+03  0.0000000E+00  2.1588436E+04  1.1441278E+04  0.0000000E+00  0.0000000E+00  4.9793366E+05 -2.5966172E-03
     1.0630000E+03    230.0908979  9.2716330E+06  2.5020000E+03  0.0000000E+00  1.3832027E+04  2.4163965E+01  0.0000000E+00  8.4194180E+03  1.8095984E+03  0.0000000E+00  2.2587518E+04  1.2883104E+04  0.0000000E+00  0.0000000E+00  4.9889697E+05  1.4079877E-02
     1.0640000E+03    230.0939070  9.2741340E+06  2.5010000E+03  0.0000000E+00  1.3542857E+04  2.3501574E+01  0.0000000E+00  8.7772090E+03  1.8370465E+03  0.0000000E+00  2.3411775E+04  1.4325017E+04  0.0000000E+00  0.0000000E+00  4.9932169E+05  2.0378599E-02
     1.0650000E+03    230.0961818  9.2760250E+06  1.8910000E+03  0.0000000E+00  1.3403072E+04  2.2863781E+01  0.0000000E+00  8.5982773E+03  1.9671539E+03  0.0000000E+00  2.4056211E+04  1.5415021E+04  0.0000000E+00  0.0000000E+00  4.9925928E+05  3.3829815E-03
     1.0660000E+03    230.0970750  9.2767670E+06  7.4200000E+02  0.0000000E+00  1.3770611E+04  2.2249401E+01  0.0000000E+00  8.2097979E+03  1.7394198E+03  0.0000000E+00  2.4347945E+04  1.5843061E+04  0.0000000E+00  0.0000000E+00  4.9900912E+05  1.4883380E+00
     1.0670000E+03    230.0972361  9.2769010E+06  1.3400000E+02  0.0000000E+00  1.4462444E+04  2.1657322E+01  0.0000000E+00  8.0836240E+03  1.6985590E+03  0.0000000E+00  2.4108662E+04  1.5920220E+04  0.0000000E+00  0.0000000E+00  4.9892191E+05 -3.9712521E-03
     1.0680000E+03    230.0982964  9.2777830E+06  8.8200000E+02  0.0000000E+00  1.3302599E+04  2.1086500E+01  0.0000000E+00  7.9105796E+03  1.7724736E+03  0.0000000E+00  2.4452594E+04  1.6428303E+04  0.0000000E+00  0.0000000E+00  4.9880438E+05 -3.4437545E-03
     1.0690000E+03    230.1004050  9.2795360E+06  1.7530000E+03  0.0000000E+00  1.1790651E+04  2.0535944E+01  0.0000000E+00  7.6815645E+03  2.0536968E+03  0.0000000E+00  2.5343488E+04  1.7438715E+04  0.0000000E+00  0.0000000E+00  4.9864288E+05  2.8830908E-02
     1.0700000E+03    230.1020651  9.2809150E+06  1.3790000E+03  0.0000000E+00  1.1804810E+04  2.0004725E+01  0.0000000E+00  7.5110776E+03  2.0794658E+03  0.0000000E+00  2.5968281E+04  1.8234176E+04  0.0000000E+00  0.0000000E+00  4.9856072E+05  5.7020672E-03
     1.0710000E+03    230.0995768  9.2788470E+06 -2.0680000E+03  0.0000000E+00  1.5476145E+04  1.9491961E+01  0.0000000E+00  7.3677959E+03  1.6900424E+03  0.0000000E+00  2.4755404E+04  1.7041828E+04  0.0000000E+00  0.0000000E+00  4.9840509E+05  7.8220889E-03
     1.0720000E+03    230.0985245  9.2779720E+06 -8.7500000E+02  0.0000000E+00  1.4259366E+04  1.8996826E+01  0.0000000E+00  7.2154204E+03  1.6578209E+03  0.0000000E+00  2.4348723E+04  1.6537588E+04  0.0000000E+00  0.0000000E+00  4.9821347E+05  1.0368996E-02
     1.0730000E+03    230.0992276  9.2785570E+06  5.8500000E+02  0.0000000E+00  1.2540793E+04  1.8518538E+01  0.0000000E+00  7.0560254E+03  1.8307803E+03  0.0000000E+00  2.4758271E+04  1.6874537E+04  0.0000000E+00  0.0000000E+00  4.9806712E+05  5.3563537E-03
     1.0740000E+03    230.0970467  9.2767440E+06 -1.8130000E+03  0.0000000E+00  1.5073735E+04  1.8056353E+01  0.0000000E+00  6.9377642E+03  1.6929264E+03  0.0000000E+00  2.3831756E+04  1.5829491E+04  0.0000000E+00  0.0000000E+00  4.9789453E+05  1.3571627E-02
     1.0750000E+03    230.0965476  9.2763290E+06 -4.1500000E+02  0.0000000E+00  1.3688675E+04  1.7609568E+01  0.0000000E+00  6.8074521E+03  1.6940337E+03  0.0000000E+00  2.3751754E+04  1.5590305E+04  0.0000000E+00  0.0000000E+00  4.9773250E+05  6.0706828E-02
     1.0760000E+03    230.0982961  9.2777830E+06  1.4540000E+03  0.0000000E+00  1.1480486E+04  1.7177525E+01  0.0000000E+00  6.6810986E+03  1.9654618E+03  0.0000000E+00  2.4631703E+04  1.6428186E+04  0.0000000E+00  0.0000000E+00  4.9763862E+05  5.8911727E-03
     1.0770000E+03    230.0993794  9.2786830E+06  9.0000000E+02  0.0000000E+00  1.1803846E+04  1.6814373E+01  0.0000000E+00  6.5646943E+03  2.0317747E+03  0.0000000E+00  2.5104141E+04  1.6947277E+04  0.0000000E+00  0.0000000E+00  4.9756703E+05  8.6790081E-03
     1.0780000E+03    230.0993629  9.2786690E+06 -1.4000000E+01  0.0000000E+00  1.2601915E+04  1.6461878E+01  0.0000000E+00  6.4511597E+03  1.9828063E+03  0.0000000E+00  2.5056740E+04  1.6939326E+04  0.0000000E+00  0.0000000E+00  4.9747197E+05  4.5407590E-02
     1.0790000E+03    230.1007113  9.2797900E+06  1.1210000E+03  0.0000000E+00  1.1248262E+04  1.6119637E+01  0.0000000E+00  6.3551768E+03  1.9960190E+03  0.0000000E+00  2.5574391E+04  1.7585469E+04  0.0000000E+00  0.0000000E+00  4.9742147E+05 -1.5847210E-02
     1.0800000E+03    230.1027940  9.2815210E+06  1.7310000E+03  0.0000000E+00  1.0091472E+04  1.5787269E+01  0.0000000E+00  6.2417251E+03  2.2828806E+03  0.0000000E+00  2.6439637E+04  1.8583469E+04  0.0000000E+00  0.0000000E+00  4.9735119E+05  2.5470493E-02
     1.0810000E+03    230.1054900  9.2837620E+06  2.2410000E+03  0.0000000E+00  9.3203638E+03  1.5464412E+01  0.0000000E+00  6.1509385E+03  2.1279258E+03  0.0000000E+00  2.7393391E+04  1.9875314E+04  0.0000000E+00  0.0000000E+00  4.9739153E+05 -1.4340077E-02
     1.0820000E+03    230.1058964  9.2841000E+06  3.3800000E+02  0.0000000E+00  1.0857716E+04  1.5150722E+01  0.0000000E+00  6.0455859E+03  2.1689871E+03  0.0000000E+00  2.7387264E+04  2.0070055E+04  0.0000000E+00  0.0000000E+00  4.9731962E+05  3.9590370E-02
     1.0830000E+03    230.1049025  9.2832740E+06 -8.2600000E+02  0.0000000E+00  1.2103116E+04  1.4845864E+01  0.0000000E+00  6.0179077E+03  1.9717201E+03  0.0000000E+00  2.6818883E+04  1.9593807E+04  0.0000000E+00  0.0000000E+00  4.9727816E+05  2.6719503E-02
     1.0840000E+03    230.1039476  9.2824800E+06 -7.9400000E+02  0.0000000E+00  1.2827414E+04  1.4549520E+01  0.0000000E+00  5.8889922E+03  2.0602734E+03  0.0000000E+00  2.6090990E+04  1.9136232E+04  0.0000000E+00  0.0000000E+00  4.9710788E+05 -3.6309471E+00
     1.0850000E+03    230.1007473  9.2798200E+06 -2.6600000E+03  0.0000000E+00  1.3894256E+04  1.4261389E+01  0.0000000E+00  5.8170415E+03  1.9610741E+03  0.0000000E+00  2.4966717E+04  1.7602732E+04  0.0000000E+00  0.0000000E+00  4.9693097E+05 -1.2842570E-04
     1.0860000E+03    230.0984268  9.2778910E+06 -1.9290000E+03  0.0000000E+00  1.3478245E+04  1.3981176E+01  0.0000000E+00  5.7365220E+03  1.8874934E+03  0.0000000E+00  2.4177934E+04  1.6490777E+04  0.0000000E+00  0.0000000E+00  4.9674197E+05  2.8938351E-03
     1.0870000E+03    230.0964652  9.2762600E+06 -1.6310000E+03  0.0000000E+00  1.3481933E+04  1.3708607E+01  0.0000000E+00  5.6590557E+03  1.8249302E+03  0.0000000E+00  2.3558355E+04  1.5550828E+04  0.0000000E+00  0.0000000E+00  4.9657203E+05  1.4348884E-02
     1.0880000E+03    230.0932637  9.2735990E+06 -2.6610000E+03  0.0000000E+00  1.4929098E+04  1.3443411E+01  0.0000000E+00  5.5902598E+03  1.7279387E+03  0.0000000E+00  2.2413564E+04  1.4016757E+04  0.0000000E+00  0.0000000E+00  4.9637644E+05  1.4587727E-02
     1.0890000E+03    230.0935362  9.2738260E+06  2.2700000E+02  0.0000000E+00  1.1987382E+04  1.3185992E+01  0.0000000E+00  5.4924248E+03  1.9643983E+03  0.0000000E+00  2.2824193E+04  1.4147334E+04  0.0000000E+00  0.0000000E+00  4.9623741E+05  1.3030116E-02
     1.0900000E+03    230.0976266  9.2772260E+06  3.4000000E+03  0.0000000E+00  8.1509259E+03  1.2936047E+01  0.0000000E+00  5.4138438E+03  2.5890227E+03  0.0000000E+00  2.4818793E+04  1.6107368E+04  0.0000000E+00  0.0000000E+00  4.9620556E+05 -5.7665980E-03
     1.0910000E+03    230.0997469  9.2789890E+06  1.7630000E+03  0.0000000E+00  9.6508522E+03  1.2693284E+01  0.0000000E+00  5.3506162E+03  2.4504656E+03  0.0000000E+00  2.5624443E+04  1.7123375E+04  0.0000000E+00  0.0000000E+00  4.9626162E+05  1.8908680E-04
     1.0920000E+03    230.1003633  9.2795010E+06  5.1200000E+02  0.0000000E+00  1.0734395E+04  1.2457431E+01  0.0000000E+00  5.2906084E+03  2.3517659E+03  0.0000000E+00  2.5717643E+04  1.7418711E+04  0.0000000E+00  0.0000000E+00  4.9625222E+05  1.2372027E-02
     1.0930000E+03    230.0992008  9.2785350E+06 -9.6600000E+02  0.0000000E+00  1.2275325E+04  1.2228226E+01  0.0000000E+00  5.2346616E+03  2.1256521E+03  0.0000000E+00  2.5052922E+04  1.6861684E+04  0.0000000E+00  0.0000000E+00  4.9618453E+05  1.0083415E-02
     1.0940000E+03    230.0991322  9.2784780E+06 -5.7000000E+01  0.0000000E+00  1.1488593E+04  1.2005416E+01  0.0000000E+00  5.1380732E+03  2.1851577E+03  0.0000000E+00  2.4904273E+04  1.6828820E+04  0.0000000E+00  0.0000000E+00  4.9606584E+05 -1.2825763E+00
     1.0950000E+03    230.1006003  9.2796980E+06  1.2200000E+03  0.0000000E+00  9.6427706E+03  1.1788764E+01  0.0000000E+00  5.0860703E+03  2.2236096E+03  0.0000000E+00  2.5518256E+04  1.7532307E+04  0.0000000E+00  0.0000000E+00  4.9605097E+05 -8.4016724E-03
     1.0960000E+03    230.1018524  9.2807390E+06  1.0410000E+03  0.0000000E+00  9.5660442E+03  1.1578044E+01  0.0000000E+00  5.0095625E+03  2.2624089E+03  0.0000000E+00  2.5961152E+04  1.8132236E+04  0.0000000E+00  0.0000000E+00  4.9601609E+05 -6.2605061E-02
     1.0970000E+03    230.1034904  9.2821000E+06  1.3610000E+03  0.0000000E+00  8.8022419E+03  1.1373037E+01  0.0000000E+00  4.9538174E+03  2.4819326E+03  0.0000000E+00  2.6605234E+04  1.8917160E+04  0.0000000E+00  0.0000000E+00  4.9598981E+05  2.5618568E-02
     1.0980000E+03    230.1202130  9.2960010E+06  1.3901000E+04  7.8544028E+03  4.0607934E+03  5.4671106E+02  0.0000000E+00  5.0075542E+03  2.6829592E+03  0.0000000E+00  3.4165930E+04  2.6930242E+04  0.0000000E+00  0.0000000E+00  4.9660059E+05 -8.3750050E-04
     1.0990000E+03    230.2261189  9.3840370E+06  8.8036000E+04  5.1505164E+04  3.7879350E+03  1.2612806E+04  0.0000000E+00  6.0081230E+03  5.1096636E+03  0.0000000E+00  1.2863734E+05  1.0183378E+05  0.0000000E+00  0.0000000E+00  5.0105247E+05 -1.9849287E-03
     1.1000000E+03    230.2127380  9.3729140E+06 -1.1123000E+04  0.0000000E+00  6.6335394E+03  7.1593317E+02  0.0000000E+00  7.0959463E+03  3.7036367E+03  0.0000000E+00  8.1915992E+04  9.0515148E+04  0.0000000E+00  0.0000000E+00  5.0288700E+05 -1.4408443E-03
     1.1010000E+03    230.2139014  9.3738810E+06  9.6700000E+02  1.0012772E+04  3.0370210E+03  1.9633613E+03  0.0000000E+00  8.0563569E+03  2.9395627E+03  0.0000000E+00  7.8410273E+04  9.1499258E+04  0.0000000E+00  0.0000000E+00  5.0383544E+05 -7.9360834E-05
     1.1020000E+03    230.1966743  9.3595610E+06 -1.4320000E+04  0.0000000E+00  7.4756020E+03  8.4680835E+02  0.0000000E+00  8.8514209E+03  2.1507166E+03  0.0000000E+00  6.2552594E+04  7.6927250E+04  0.0000000E+00  0.0000000E+00  5.0405309E+05  1.9929854E-02
     1.1030000E+03    230.1817020  9.3471150E+06 -1.2446000E+04  0.0000000E+00  8.5225519E+03  6.7307111E+02  0.0000000E+00  9.6534502E+03  1.8828453E+03  0.0000000E+00  5.2798676E+04  6.5166012E+04  0.0000000E+00  0.0000000E+00  5.0408741E+05 -2.7912343E-04
     1.1040000E+03    230.1696111  9.3370640E+06 -1.0051000E+04  0.0000000E+00  9.1716166E+03  5.5367383E+02  0.0000000E+00  1.0830939E+04  1.0568064E+03  0.0000000E+00  4.5575730E+04  5.6999676E+04  0.0000000E+00  0.0000000E+00  5.0446747E+05 -3.2242143E-01
     1.1050000E+03    230.1775356  9.3436510E+06  6.5870000E+03  1.1435955E+04  7.0219261E+03  2.0040532E+03  0.0000000E+00  1.1038234E+04  2.2989321E+03  0.0000000E+00  5.3777164E+04  6.2352023E+04  0.0000000E+00  0.0000000E+00  5.0465997E+05 -5.7204515E-03
     1.1060000E+03    230.1699336  9.3373320E+06 -6.3190000E+03  1.4293059E+03  8.3879704E+03  9.6928241E+02  0.0000000E+00  1.1535034E+04  1.9810829E+03  0.0000000E+00  4.7335676E+04  5.7217488E+04  0.0000000E+00  0.0000000E+00  5.0486097E+05  2.6008321E-03
     1.1070000E+03    230.1618997  9.3306540E+06 -6.6780000E+03  0.0000000E+00  8.3364617E+03  7.0040552E+02  0.0000000E+00  1.2036537E+04  1.8144213E+03  0.0000000E+00  4.2532168E+04  5.1791258E+04  0.0000000E+00  0.0000000E+00  5.0489362E+05  8.0215987E-03
     1.1080000E+03    230.1551976  9.3250830E+06 -5.5710000E+03  0.0000000E+00  9.1217677E+03  5.7335754E+02  0.0000000E+00  1.2509062E+04  1.8729594E+03  0.0000000E+00  3.8716336E+04  4.7264594E+04  0.0000000E+00  0.0000000E+00  5.0490697E+05 -1.5269083E+00
     1.1090000E+03    230.1495368  9.3203770E+06 -4.7060000E+03  0.0000000E+00  9.3955831E+03  4.8193164E+02  0.0000000E+00  1.3344787E+04  1.5771097E+03  0.0000000E+00  3.5816664E+04  4.3441230E+04  0.0000000E+00  0.0000000E+00  5.0522266E+05 -1.1860763E-01
     1.1100000E+03    230.1457048  9.3171920E+06 -3.1850000E+03  0.0000000E+00  9.0373290E+03  4.1319186E+02  0.0000000E+00  1.3664770E+04  1.6844307E+03  0.0000000E+00  3.4282641E+04  4.0853047E+04  0.0000000E+00  0.0000000E+00  5.0523266E+05 -5.6622852E-02
     1.1110000E+03    230.1433812  9.3152600E+06 -1.9320000E+03  0.0000000E+00  8.6010396E+03  3.5974615E+02  0.0000000E+00  1.4066463E+04  1.8221189E+03  0.0000000E+00  3.3334426E+04  3.9283641E+04  0.0000000E+00  0.0000000E+00  5.0535344E+05 -2.8495220E-02
     1.1120000E+03    230.1413620  9.3135820E+06 -1.6780000E+03  0.0000000E+00  9.0072551E+03  3.1708337E+02  0.0000000E+00  1.4390065E+04  1.8621570E+03  0.0000000E+00  3.2391211E+04  3.7919812E+04  0.0000000E+00  0.0000000E+00  5.0545412E+05 -2.6373010E-02
     1.1130000E+03    230.1397035  9.3122030E+06 -1.3790000E+03  0.0000000E+00  9.2195068E+03  2.8230078E+02  0.0000000E+00  1.4692501E+04  1.9035514E+03  0.0000000E+00  3.1559877E+04  3.6799660E+04  0.0000000E+00  0.0000000E+00  5.0555662E+05 -1.8861748E-02
     1.1140000E+03    230.1396571  9.3121640E+06 -3.9000000E+01  0.0000000E+00  7.0787385E+03  2.5344792E+02  0.0000000E+00  1.3805797E+04  2.1176350E+03  0.0000000E+00  3.1866494E+04  3.6768305E+04  0.0000000E+00  0.0000000E+00  5.0494159E+05  1.2747559E-04
     1.1150000E+03    230.1391022  9.3117030E+06 -4.6100000E+02  0.0000000E+00  7.1262233E+03  2.2916628E+02  0.0000000E+00  1.2921554E+04  2.1314500E+03  0.0000000E+00  3.2039609E+04  3.6393531E+04  0.0000000E+00  0.0000000E+00  5.0432944E+05  2.7381536E-04
     1.1160000E+03    230.1380611  9.3108380E+06 -8.6500000E+02  0.0000000E+00  7.3967633E+03  2.0848071E+02  0.0000000E+00  1.2155751E+04  2.1510085E+03  0.0000000E+00  3.2009467E+04  3.5690336E+04  0.0000000E+00  0.0000000E+00  5.0376088E+05  1.3038648E-03
     1.1170000E+03    230.1366858  9.3096940E+06 -1.1440000E+03  0.0000000E+00  7.6931530E+03  1.9067323E+02  0.0000000E+00  1.1511547E+04  2.1425837E+03  0.0000000E+00  3.1815328E+04  3.4823605E+04  0.0000000E+00  0.0000000E+00  5.0324997E+05  4.9331780E-03
     1.1180000E+03    230.1348502  9.3081690E+06 -1.5250000E+03  0.0000000E+00  8.0566003E+03  1.7520345E+02  0.0000000E+00  1.0965987E+04  2.1221028E+03  0.0000000E+00  3.1457498E+04  3.3944055E+04  0.0000000E+00  0.0000000E+00  5.0278112E+05  2.1070475E-03
     1.1190000E+03    230.1337690  9.3072700E+06 -8.9900000E+02  0.0000000E+00  7.4180543E+03  1.6165700E+02  0.0000000E+00  1.0487514E+04  2.1328340E+03  0.0000000E+00  3.1429953E+04  3.3425934E+04  0.0000000E+00  0.0000000E+00  5.0236881E+05  3.0357935E-03
     1.1200000E+03    230.1341507  9.3075870E+06  3.1700000E+02  0.0000000E+00  6.0490760E+03  1.4971085E+02  0.0000000E+00  1.0000913E+04  2.1619944E+03  0.0000000E+00  3.1988863E+04  3.3608836E+04  0.0000000E+00  0.0000000E+00  5.0199525E+05  6.1273435E-03
     1.1210000E+03    230.1349108  9.3082190E+06  6.3200000E+02  0.0000000E+00  5.6006940E+03  1.3910948E+02  0.0000000E+00  9.7935664E+03  2.3065723E+03  0.0000000E+00  3.2579877E+04  3.3973090E+04  0.0000000E+00  0.0000000E+00  5.0184216E+05  4.6861157E-04
     1.1220000E+03    230.1355677  9.3087650E+06  5.4600000E+02  0.0000000E+00  5.6143318E+03  1.2964825E+02  0.0000000E+00  9.5525176E+03  2.2337942E+03  0.0000000E+00  3.2998879E+04  3.4287871E+04  0.0000000E+00  0.0000000E+00  5.0169062E+05 -2.2331343E-03
     1.1230000E+03    230.1359160  9.3090540E+06  2.8900000E+02  0.0000000E+00  5.6565108E+03  1.2116141E+02  0.0000000E+00  9.2525537E+03  2.2352842E+03  0.0000000E+00  3.3262199E+04  3.4454730E+04  0.0000000E+00  0.0000000E+00  5.0146978E+05  9.1618771E-04
     1.1240000E+03    230.1348459  9.3081650E+06 -8.8900000E+02  0.0000000E+00  6.7526951E+03  1.1351325E+02  0.0000000E+00  8.9556494E+03  2.1996768E+03  0.0000000E+00  3.2936328E+04  3.3941961E+04  0.0000000E+00  0.0000000E+00  5.0120178E+05  3.7337391E-04
     1.1250000E+03    230.1339603  9.3074290E+06 -7.3600000E+02  0.0000000E+00  6.6245711E+03  1.0659171E+02  0.0000000E+00  8.6542979E+03  2.0601807E+03  0.0000000E+00  3.2714977E+04  3.3517633E+04  0.0000000E+00  0.0000000E+00  5.0092216E+05  2.2473553E-02
     1.1260000E+03    230.1325982  9.3062970E+06 -1.1320000E+03  0.0000000E+00  7.1330175E+03  1.0030345E+02  0.0000000E+00  8.4468564E+03  1.9635967E+03  0.0000000E+00  3.2294494E+04  3.2864953E+04  0.0000000E+00  0.0000000E+00  5.0070034E+05  2.8802399E-02
     1.1270000E+03    230.1279724  9.3024510E+06 -3.8460000E+03  0.0000000E+00  1.0503745E+04  9.4570145E+01  0.0000000E+00  8.2996768E+03  1.5229651E+03  0.0000000E+00  3.0458350E+04  3.0648367E+04  0.0000000E+00  0.0000000E+00  5.0043484E+05  5.5113036E-02
     1.1280000E+03    230.1254681  9.3003700E+06 -2.0810000E+03  0.0000000E+00  8.8750800E+03  8.9325607E+01  0.0000000E+00  8.0883042E+03  1.7066904E+03  0.0000000E+00  2.9773607E+04  2.9448338E+04  0.0000000E+00  0.0000000E+00  5.0012294E+05  5.3182626E-03
     1.1290000E+03    230.1448243  9.3164600E+06  1.6090000E+04  1.4628792E+04  7.6126933E+03  1.6984070E+03  0.0000000E+00  8.2053018E+03  2.5685562E+03  0.0000000E+00  4.1994848E+04  4.0258301E+04  0.0000000E+00  0.0000000E+00  5.0075391E+05 -3.3057362E-03
     1.1300000E+03    230.1439939  9.3157690E+06 -6.9100000E+02  0.0000000E+00  5.7538010E+03  4.7870862E+02  0.0000000E+00  8.1181509E+03  2.3987954E+03  0.0000000E+00  3.8560238E+04  3.9697441E+04  0.0000000E+00  0.0000000E+00  5.0085269E+05 -4.0572719E-03
     1.1310000E+03    230.1927114  9.3562660E+06  4.0497000E+04  2.9281898E+04  2.9716845E+03  6.2265059E+03  0.0000000E+00  9.0083623E+03  3.4963088E+03  0.0000000E+00  7.6023875E+04  7.3575117E+04  0.0000000E+00  0.0000000E+00  5.0308719E+05  4.4072274E-04
     1.1320000E+03    230.1841243  9.3491280E+06 -7.1380000E+03  0.0000000E+00  6.3827238E+03  1.0090504E+03  0.0000000E+00  9.9655898E+03  2.8152166E+03  0.0000000E+00  5.7887129E+04  6.6802125E+04  0.0000000E+00  0.0000000E+00  5.0412512E+05 -3.9062469E-04
     1.1330000E+03    230.1765595  9.3428400E+06 -6.2880000E+03  0.0000000E+00  6.1272849E+03  7.7391211E+02  0.0000000E+00  1.1364279E+04  1.7046261E+03  0.0000000E+00  5.0904445E+04  6.1692707E+04  0.0000000E+00  0.0000000E+00  5.0497366E+05 -2.7900976E-01
     1.1340000E+03    230.1700198  9.3374040E+06 -5.4360000E+03  0.0000000E+00  5.5500208E+03  6.2140771E+02  0.0000000E+00  1.1974817E+04  1.6023337E+03  0.0000000E+00  4.6288809E+04  5.7275742E+04  0.0000000E+00  0.0000000E+00  5.0514556E+05 -1.6617362E-01
     1.1350000E+03    230.1645029  9.3328180E+06 -4.5860000E+03  0.0000000E+00  5.5610252E+03  5.1523621E+02  0.0000000E+00  1.2601135E+04  1.6603502E+03  0.0000000E+00  4.3001578E+04  5.3549520E+04  0.0000000E+00  0.0000000E+00  5.0532844E+05 -1.1016016E-01
     1.1360000E+03    230.1589230  9.3281790E+06 -4.6390000E+03  0.0000000E+00  6.7974139E+03  4.3736932E+02  0.0000000E+00  1.3118123E+04  1.6082231E+03  0.0000000E+00  3.9936617E+04  4.9780812E+04  0.0000000E+00  0.0000000E+00  5.0543675E+05 -9.5107786E-02
     1.1370000E+03    230.1620856  9.3308080E+06  2.6290000E+03  3.4840893E+03  3.4931079E+03  6.9144910E+02  0.0000000E+00  1.3320505E+04  2.1669390E+03  0.0000000E+00  4.2705996E+04  5.1916863E+04  0.0000000E+00  0.0000000E+00  5.0556144E+05 -6.4301705E-03
     1.1380000E+03    230.1579778  9.3273940E+06 -3.4140000E+03  0.0000000E+00  6.6090864E+03  4.5332614E+02  0.0000000E+00  1.3966288E+04  1.8302832E+03  0.0000000E+00  3.9725555E+04  4.9142363E+04  0.0000000E+00  0.0000000E+00  5.0589488E+05 -3.9190218E-02
     1.1390000E+03    230.1530381  9.3232880E+06 -4.1060000E+03  0.0000000E+00  7.8521101E+03  3.8874881E+02  0.0000000E+00  1.4004852E+04  1.9126642E+03  0.0000000E+00  3.7073723E+04  4.5806059E+04  0.0000000E+00  0.0000000E+00  5.0571519E+05  4.4847042E-03
     1.1400000E+03    230.1502384  9.3209600E+06 -2.3280000E+03  0.0000000E+00  6.1451421E+03  3.3872696E+02  0.0000000E+00  1.2915782E+04  1.7339656E+03  0.0000000E+00  3.6204250E+04  4.3915105E+04  0.0000000E+00  0.0000000E+00  5.0485897E+05 -1.4389880E-02
     1.1410000E+03    230.1471320  9.3183780E+06 -2.5820000E+03  0.0000000E+00  6.8509444E+03  2.9889334E+02  0.0000000E+00  1.2345472E+04  1.7567458E+03  0.0000000E+00  3.5194590E+04  4.1816973E+04  0.0000000E+00  0.0000000E+00  5.0433419E+05 -7.3593697E-03
     1.1420000E+03    230.1435821  9.3154270E+06 -2.9510000E+03  0.0000000E+00  7.8944104E+03  2.6646155E+02  0.0000000E+00  1.1699856E+04  1.7222396E+03  0.0000000E+00  3.4091891E+04  3.9419336E+04  0.0000000E+00  0.0000000E+00  5.0373169E+05 -5.4607537E-02
     1.1430000E+03    230.1453254  9.3168760E+06  1.4490000E+03  2.7864609E+03  5.9344837E+03  4.4010187E+02  0.0000000E+00  1.1163751E+04  2.1555093E+03  0.0000000E+00  3.5772668E+04  4.0596746E+04  0.0000000E+00  0.0000000E+00  5.0332400E+05  5.4307353E-02
     1.1440000E+03    230.1697335  9.3371660E+06  2.0290000E+04  1.5332027E+04  2.6828989E+03  2.4742439E+03  0.0000000E+00  1.1897696E+04  2.7424695E+03  0.0000000E+00  5.3096078E+04  5.7082320E+04  0.0000000E+00  0.0000000E+00  5.0459547E+05  2.8494850E-03
     1.1450000E+03    230.2067404  9.3679280E+06  3.0762000E+04  2.4407518E+04  2.8101314E+03  5.7573140E+03  0.0000000E+00  1.2585630E+04  3.4137173E+03  0.0000000E+00  7.9681344E+04  8.5441922E+04  0.0000000E+00  0.0000000E+00  5.0645050E+05  3.2926493E-03
     1.1460000E+03    230.2217739  9.3804250E+06  1.2497000E+04  1.5345867E+04  2.5392499E+03  4.2425308E+03  0.0000000E+00  1.3249381E+04  3.2652803E+03  0.0000000E+00  8.3619164E+04  9.8158375E+04  0.0000000E+00  0.0000000E+00  5.0778959E+05 -2.5425169E-03
     1.1470000E+03    230.2074679  9.3685330E+06 -1.1892000E+04  0.0000000E+00  5.1370848E+03  1.4074735E+03  0.0000000E+00  1.3808681E+04  2.3991660E+03  0.0000000E+00  6.6484961E+04  8.6057258E+04  0.0000000E+00  0.0000000E+00  5.0796800E+05 -4.1736336E-04
     1.1480000E+03    230.1959871  9.3589890E+06 -9.5440000E+03  0.0000000E+00  5.6849432E+03  1.0559525E+03  0.0000000E+00  1.4227697E+04  2.0432400E+03  0.0000000E+00  5.7767566E+04  7.6345906E+04  0.0000000E+00  0.0000000E+00  5.0778291E+05 -1.7590139E+00
     1.1490000E+03    230.1890946  9.3532600E+06 -5.7290000E+03  2.7885773E+03  6.4946407E+03  1.1596742E+03  0.0000000E+00  1.4987106E+04  1.4852030E+03  0.0000000E+00  5.3739105E+04  7.0515766E+04  0.0000000E+00  0.0000000E+00  5.0796534E+05 -1.1739311E-01
     1.1500000E+03    230.1817094  9.3471210E+06 -6.1390000E+03  0.0000000E+00  4.9058497E+03  7.9725824E+02  0.0000000E+00  1.5271747E+04  1.2848300E+03  0.0000000E+00  4.9093992E+04  6.5171047E+04  0.0000000E+00  0.0000000E+00  5.0784409E+05 -8.3700985E-02
     1.1510000E+03    230.1745016  9.3411290E+06 -5.9920000E+03  0.0000000E+00  5.6393489E+03  6.5685516E+02  0.0000000E+00  1.5383706E+04  1.6449983E+03  0.0000000E+00  4.5559184E+04  6.0302816E+04  0.0000000E+00  0.0000000E+00  5.0763181E+05  6.7794402E-03
     1.1520000E+03    230.1695793  9.3370380E+06 -4.0910000E+03  0.0000000E+00  5.0242786E+03  5.5447052E+02  0.0000000E+00  1.5650493E+04  1.6929280E+03  0.0000000E+00  4.3395137E+04  5.6978199E+04  0.0000000E+00  0.0000000E+00  5.0760234E+05 -6.7582387E-03
     1.1530000E+03    230.1661150  9.3341580E+06 -2.8800000E+03  0.0000000E+00  5.0059023E+03  4.7669183E+02  0.0000000E+00  1.6056008E+04  1.6062538E+03  0.0000000E+00  4.1841660E+04  5.4638387E+04  0.0000000E+00  0.0000000E+00  5.0774106E+05  6.2308121E-03
     1.1540000E+03    230.1638136  9.3322450E+06 -1.9130000E+03  0.0000000E+00  4.6837846E+03  4.1574023E+02  0.0000000E+00  1.6242492E+04  1.6837518E+03  0.0000000E+00  4.0901070E+04  5.3083988E+04  0.0000000E+00  0.0000000E+00  5.0778822E+05  3.4954950E-02
     1.1550000E+03    230.1616248  9.3304250E+06 -1.8200000E+03  0.0000000E+00  5.2183672E+03  3.6679718E+02  0.0000000E+00  1.6457123E+04  1.7025391E+03  0.0000000E+00  3.9903602E+04  5.1605605E+04  0.0000000E+00  0.0000000E+00  5.0786525E+05  3.5901196E-02
     1.1560000E+03    230.1583422  9.3276970E+06 -2.7280000E+03  0.0000000E+00  6.9244554E+03  3.2671838E+02  0.0000000E+00  1.6659037E+04  1.5966218E+03  0.0000000E+00  3.8198176E+04  4.9388504E+04  0.0000000E+00  0.0000000E+00  5.0790497E+05  4.0540029E-03
     1.1570000E+03    230.1557281  9.3255240E+06 -2.1730000E+03  0.0000000E+00  6.9994149E+03  2.9336441E+02  0.0000000E+00  1.6827000E+04  1.6355780E+03  0.0000000E+00  3.6975621E+04  4.7622887E+04  0.0000000E+00  0.0000000E+00  5.0791772E+05  1.9740291E-02
     1.1580000E+03    230.1534991  9.3236710E+06 -1.8530000E+03  0.0000000E+00  7.2715984E+03  2.6522842E+02  0.0000000E+00  1.6971422E+04  1.6725526E+03  0.0000000E+00  3.5990672E+04  4.6117426E+04  0.0000000E+00  0.0000000E+00  5.0791119E+05  3.4038596E-02
     1.1590000E+03    230.1534291  9.3236120E+06 -5.9000000E+01  0.0000000E+00  4.9999606E+03  2.4121878E+02  0.0000000E+00  1.5992962E+04  1.7976324E+03  0.0000000E+00  3.6630730E+04  4.6070105E+04  0.0000000E+00  0.0000000E+00  5.0716438E+05  1.0632379E-01
     1.1600000E+03    230.1525501  9.3228820E+06 -7.3000000E+02  0.0000000E+00  5.3585610E+03  2.2052502E+02  0.0000000E+00  1.4819588E+04  1.7622708E+03  0.0000000E+00  3.6867453E+04  4.5476438E+04  0.0000000E+00  0.0000000E+00  5.0634881E+05  7.6614007E-02
     1.1610000E+03    230.1534227  9.3236070E+06  7.2500000E+02  0.0000000E+00  3.4162881E+03  2.0253337E+02  0.0000000E+00  1.3877077E+04  1.9642168E+03  0.0000000E+00  3.8140617E+04  4.6065812E+04  0.0000000E+00  0.0000000E+00  5.0569662E+05  9.3661323E-02
     1.1620000E+03    230.1535094  9.3236790E+06  7.2000000E+01  0.0000000E+00  3.8345140E+03  1.8677036E+02  0.0000000E+00  1.3064064E+04  1.9414158E+03  0.0000000E+00  3.8749773E+04  4.6124379E+04  0.0000000E+00  0.0000000E+00  5.0512847E+05  5.4423943E-02
     1.1630000E+03    230.1537288  9.3238620E+06  1.8300000E+02  0.0000000E+00  3.4685056E+03  1.7286537E+02  0.0000000E+00  1.2379775E+04  1.9722529E+03  0.0000000E+00  3.9363879E+04  4.6272566E+04  0.0000000E+00  0.0000000E+00  5.0463300E+05  3.8899589E-02
     1.1640000E+03    230.1538694  9.3239790E+06  1.1700000E+02  0.0000000E+00  3.3252454E+03  1.6052412E+02  0.0000000E+00  1.1795880E+04  1.9865175E+03  0.0000000E+00  3.9855926E+04  4.6367512E+04  0.0000000E+00  0.0000000E+00  5.0420019E+05  3.0986231E-02
     1.1650000E+03    230.1534807  9.3236550E+06 -3.2400000E+02  0.0000000E+00  3.6663109E+03  1.4951022E+02  0.0000000E+00  1.1290348E+04  1.9498354E+03  0.0000000E+00  3.9966426E+04  4.6104969E+04  0.0000000E+00  0.0000000E+00  5.0380494E+05  1.7725775E-02
     1.1660000E+03    230.1524089  9.3227640E+06 -8.9100000E+02  0.0000000E+00  4.3157896E+03  1.3963168E+02  0.0000000E+00  1.1009605E+04  1.9920072E+03  0.0000000E+00  3.9651574E+04  4.5381051E+04  0.0000000E+00  0.0000000E+00  5.0353975E+05  5.7359450E-03
     1.1670000E+03    230.1515775  9.3220730E+06 -6.9100000E+02  0.0000000E+00  4.3181682E+03  1.3073103E+02  0.0000000E+00  1.0741509E+04  1.8361649E+03  0.0000000E+00  3.9410020E+04  4.4819535E+04  0.0000000E+00  0.0000000E+00  5.0330712E+05 -1.1954656E-03
     1.1680000E+03    230.1522767  9.3226550E+06  5.8200000E+02  0.0000000E+00  2.7698884E+03  1.2267809E+02  0.0000000E+00  1.0398774E+04  2.0161266E+03  0.0000000E+00  4.0131875E+04  4.5291746E+04  0.0000000E+00  0.0000000E+00  5.0304075E+05 -1.2701226E-02
     1.1690000E+03    230.1514360  9.3219560E+06 -6.9900000E+02  0.0000000E+00  4.0623755E+03  1.1536414E+02  0.0000000E+00  1.0031765E+04  1.9228328E+03  0.0000000E+00  3.9869777E+04  4.4723977E+04  0.0000000E+00  0.0000000E+00  5.0274034E+05  1.3257275E-02
     1.1700000E+03    230.1571856  9.3267350E+06  4.7790000E+03  6.1748095E+03  4.7533091E+03  5.4394086E+02  0.0000000E+00  9.8329395E+03  2.5890618E+03  0.0000000E+00  4.4263863E+04  4.8607336E+04  0.0000000E+00  0.0000000E+00  5.0268644E+05  1.4280501E-01
     1.1710000E+03    230.1568219  9.3264330E+06 -3.0200000E+02  0.0000000E+00  2.9858409E+03  2.6513589E+02  0.0000000E+00  9.5359053E+03  2.0718774E+03  0.0000000E+00  4.3324496E+04  4.8361668E+04  0.0000000E+00  0.0000000E+00  5.0255966E+05  1.5261021E-02
     1.1720000E+03    230.1561037  9.3258360E+06 -5.9700000E+02  0.0000000E+00  3.8902765E+03  2.3456161E+02  0.0000000E+00  9.2543535E+03  2.0719780E+03  0.0000000E+00  4.2415449E+04  4.7876590E+04  0.0000000E+00  0.0000000E+00  5.0231906E+05 -2.4842296E+00
     1.1730000E+03    230.1548592  9.3248010E+06 -1.0350000E+03  0.0000000E+00  4.1120232E+03  2.0980861E+02  0.0000000E+00  8.9900596E+03  2.0449368E+03  0.0000000E+00  4.1623957E+04  4.7036031E+04  0.0000000E+00  0.0000000E+00  5.0206100E+05 -2.5081649E+00
     1.1740000E+03    230.1534180  9.3236030E+06 -1.1980000E+03  0.0000000E+00  4.2866919E+03  1.8937102E+02  0.0000000E+00  8.7411992E+03  2.0277759E+03  0.0000000E+00  4.0937047E+04  4.6062633E+04  0.0000000E+00  0.0000000E+00  5.0179862E+05 -2.5039270E+00
     1.1750000E+03    230.1513951  9.3219220E+06 -1.6810000E+03  0.0000000E+00  4.2363608E+03  1.7221593E+02  0.0000000E+00  8.5845361E+03  1.9590859E+03  0.0000000E+00  4.0450957E+04  4.4696312E+04  0.0000000E+00  0.0000000E+00  5.0159631E+05 -5.9869713E-03
     1.1760000E+03    230.1506413  9.3212950E+06 -6.2700000E+02  0.0000000E+00  3.9566349E+03  1.5761313E+02  0.0000000E+00  8.2952490E+03  1.9999994E+03  0.0000000E+00  4.0258863E+04  4.4187230E+04  0.0000000E+00  0.0000000E+00  5.0130094E+05 -1.6056535E+00
     1.1770000E+03    230.1492247  9.3201180E+06 -1.1770000E+03  0.0000000E+00  5.0167188E+03  1.4503300E+02  0.0000000E+00  8.0974131E+03  1.9992150E+03  0.0000000E+00  3.9497105E+04  4.3230406E+04  0.0000000E+00  0.0000000E+00  5.0107575E+05 -2.6465392E+00
     1.1780000E+03    230.1489138  9.3198590E+06 -2.5900000E+02  0.0000000E+00  3.1127477E+03  1.3408279E+02  0.0000000E+00  7.8961743E+03  1.9997977E+03  0.0000000E+00  4.0035258E+04  4.3020414E+04  0.0000000E+00  0.0000000E+00  5.0087603E+05  3.9796987E-01
     1.1790000E+03    230.1487756  9.3197440E+06 -1.1500000E+02  0.0000000E+00  3.2825816E+03  1.2446547E+02  0.0000000E+00  7.7106362E+03  2.0088938E+03  0.0000000E+00  4.0296809E+04  4.2927074E+04  0.0000000E+00  0.0000000E+00  5.0070309E+05  5.8814242E-02
     1.1800000E+03    230.1503073  9.3210180E+06  1.2740000E+03  0.0000000E+00  2.4546723E+03  1.1595226E+02  0.0000000E+00  8.9297031E+03  2.2849019E+03  0.0000000E+00  4.0952840E+04  4.3961645E+04  0.0000000E+00  0.0000000E+00  5.0175862E+05  4.6556089E-02
     1.1810000E+03    230.1502139  9.3209400E+06 -7.8000000E+01  0.0000000E+00  3.4269557E+03  1.0836430E+02  0.0000000E+00  8.3091543E+03  1.9858582E+03  0.0000000E+00  4.0823828E+04  4.3898523E+04  0.0000000E+00  0.0000000E+00  5.0128328E+05  1.6247215E-02
     1.1820000E+03    230.1497467  9.3205510E+06 -3.8900000E+02  0.0000000E+00  4.1637465E+03  1.0155962E+02  0.0000000E+00  7.9938511E+03  2.0383907E+03  0.0000000E+00  4.0303316E+04  4.3582965E+04  0.0000000E+00  0.0000000E+00  5.0099772E+05 -2.0033603E+00
     1.1830000E+03    230.1488415  9.3197990E+06 -7.5200000E+02  0.0000000E+00  4.3745094E+03  9.5424171E+01  0.0000000E+00  7.6970400E+03  2.0266433E+03  0.0000000E+00  3.9830430E+04  4.2971574E+04  0.0000000E+00  0.0000000E+00  5.0070328E+05 -2.0210187E+00
     1.1840000E+03    230.1470364  9.3182980E+06 -1.5010000E+03  0.0000000E+00  5.8235633E+03  8.9865211E+01  0.0000000E+00  7.4574141E+03  2.0153427E+03  0.0000000E+00  3.8665012E+04  4.1752395E+04  0.0000000E+00  0.0000000E+00  5.0042084E+05 -3.7869782E+00
     1.1850000E+03    230.1450403  9.3166390E+06 -1.6590000E+03  0.0000000E+00  6.0331066E+03  8.4806519E+01  0.0000000E+00  7.6722407E+03  1.9970168E+03  0.0000000E+00  3.7725285E+04  4.0404223E+04  0.0000000E+00  0.0000000E+00  5.0053291E+05 -2.6696174E+00
     1.1860000E+03    230.1442774  9.3160050E+06 -6.3400000E+02  0.0000000E+00  4.5256323E+03  8.0184898E+01  0.0000000E+00  7.4842593E+03  1.9893986E+03  0.0000000E+00  3.7950238E+04  3.9888938E+04  0.0000000E+00  0.0000000E+00  5.0031962E+05 -5.5013645E-01
     1.1870000E+03    230.1441814  9.3159250E+06 -8.0000000E+01  0.0000000E+00  3.8407589E+03  7.5947433E+01  0.0000000E+00  7.2809995E+03  1.9980990E+03  0.0000000E+00  3.8496219E+04  3.9824121E+04  0.0000000E+00  0.0000000E+00  5.0012178E+05  5.8923656E-01
     1.1880000E+03    230.1441010  9.3158580E+06 -6.7000000E+01  0.0000000E+00  4.1686362E+03  7.2049500E+01  0.0000000E+00  7.0784551E+03  2.0102618E+03  0.0000000E+00  3.8684207E+04  3.9769801E+04  0.0000000E+00  0.0000000E+00  4.9992891E+05 -1.0226248E-01
     1.1890000E+03    230.1437858  9.3155960E+06 -2.6200000E+02  0.0000000E+00  4.6027657E+03  6.8453156E+01  0.0000000E+00  6.8940093E+03  2.0176862E+03  0.0000000E+00  3.8556703E+04  3.9556883E+04  0.0000000E+00  0.0000000E+00  4.9974366E+05 -8.5793573E-01
     1.1900000E+03    230.1431840  9.3150960E+06 -5.0000000E+02  0.0000000E+00  5.0087079E+03  6.5125954E+01  0.0000000E+00  6.7261211E+03  2.0198292E+03  0.0000000E+00  3.8230070E+04  3.9150418E+04  0.0000000E+00  0.0000000E+00  4.9956075E+05 -1.4241048E+00
     1.1910000E+03    230.1421537  9.3142400E+06 -8.5600000E+02  0.0000000E+00  5.6823816E+03  6.2039989E+01  0.0000000E+00  6.5727070E+03  2.0178313E+03  0.0000000E+00  3.7600043E+04  3.8454562E+04  0.0000000E+00  0.0000000E+00  4.9937303E+05 -2.3052533E+00
     1.1920000E+03    230.1396224  9.3121360E+06 -2.1040000E+03  0.0000000E+00  6.6526447E+03  5.9171043E+01  0.0000000E+00  6.4797485E+03  1.9609279E+03  0.0000000E+00  3.6551422E+04  3.6744891E+04  0.0000000E+00  0.0000000E+00  4.9919609E+05 -3.6183128E-01
     1.1930000E+03    230.1392270  9.3118070E+06 -3.2900000E+02  0.0000000E+00  5.0149323E+03  5.6498085E+01  0.0000000E+00  6.3644526E+03  1.9699764E+03  0.0000000E+00  3.6749719E+04  3.6477828E+04  0.0000000E+00  0.0000000E+00  4.9904425E+05  8.4968619E-02
     1.1940000E+03    230.1375321  9.3103980E+06 -1.4090000E+03  0.0000000E+00  6.5098706E+03  5.4002693E+01  0.0000000E+00  6.2486895E+03  1.9681180E+03  0.0000000E+00  3.5989453E+04  3.5333082E+04  0.0000000E+00  0.0000000E+00  4.9886838E+05 -2.5090867E-01
     1.1950000E+03    230.1375555  9.3104170E+06  1.9000000E+01  0.0000000E+00  5.0707341E+03  5.1668678E+01  0.0000000E+00  6.1368149E+03  1.9900337E+03  0.0000000E+00  3.6289031E+04  3.5348891E+04  0.0000000E+00  0.0000000E+00  4.9873784E+05  1.1501489E-01
     1.1960000E+03    230.1379515  9.3107470E+06  3.3000000E+02  0.0000000E+00  4.7524899E+03  4.9481770E+01  0.0000000E+00  6.0297021E+03  2.0262987E+03  0.0000000E+00  3.6644312E+04  3.5616355E+04  0.0000000E+00  0.0000000E+00  4.9863759E+05 -3.8583863E-03
     1.1970000E+03    230.1380511  9.3108290E+06  8.2000000E+01  0.0000000E+00  4.9141337E+03  4.7429321E+01  0.0000000E+00  5.9218042E+03  2.0466183E+03  0.0000000E+00  3.6765230E+04  3.5683613E+04  0.0000000E+00  0.0000000E+00  4.9853166E+05  1.8948771E-02
     1.1980000E+03    230.1377510  9.3105800E+06 -2.4900000E+02  0.0000000E+00  5.2695573E+03  4.5500072E+01  0.0000000E+00  5.8108418E+03  2.0055454E+03  0.0000000E+00  3.6619402E+04  3.5480930E+04  0.0000000E+00  0.0000000E+00  4.9841138E+05 -7.3171332E-02
     1.1990000E+03    230.1379030  9.3107060E+06  1.2600000E+02  0.0000000E+00  4.7377291E+03  4.3683994E+01  0.0000000E+00  5.7084473E+03  2.0429453E+03  0.0000000E+00  3.6822758E+04  3.5583590E+04  0.0000000E+00  0.0000000E+00  4.9830684E+05  1.9876739E-01
     1.2000000E+03    230.1379050  9.3107080E+06  2.0000000E+00  0.0000000E+00  4.8720037E+03  4.1972088E+01  0.0000000E+00  5.6450449E+03  2.0454634E+03  0.0000000E+00  3.6816168E+04  3.5584914E+04  0.0000000E+00  0.0000000E+00  4.9824303E+05 -2.8214799E-03
     1.2010000E+03    230.1372735  9.3101830E+06 -5.2500000E+02  0.0000000E+00  5.4293581E+03  4.0356289E+01  0.0000000E+00  5.5352603E+03  1.9840817E+03  0.0000000E+00  3.6429348E+04  3.5158391E+04  0.0000000E+00  0.0000000E+00  4.9810959E+05 -9.8335646E-02
     1.2020000E+03    230.1384595  9.3111690E+06  9.8600000E+02  0.0000000E+00  3.5818513E+03  3.8829323E+01  0.0000000E+00  5.4444097E+03  2.1614802E+03  0.0000000E+00  3.7187609E+04  3.5959473E+04  0.0000000E+00  0.0000000E+00  4.9803078E+05 -4.2082667E-02
     1.2030000E+03    230.1391403  9.3117350E+06  5.6600000E+02  0.0000000E+00  3.2847242E+03  3.7384628E+01  0.0000000E+00  5.3645732E+03  2.0735056E+03  0.0000000E+00  3.7847992E+04  3.6419230E+04  0.0000000E+00  0.0000000E+00  4.9798844E+05  2.0959291E+00
     1.2040000E+03    230.1400768  9.3125130E+06  7.7800000E+02  0.0000000E+00  3.5277697E+03  3.6016258E+01  0.0000000E+00  5.3068608E+03  2.0964912E+03  0.0000000E+00  3.8113227E+04  3.7051812E+04  0.0000000E+00  0.0000000E+00  4.9796756E+05  4.6742568E-03
     1.2050000E+03    230.1396170  9.3121310E+06 -3.8200000E+02  0.0000000E+00  4.5355400E+03  3.4718811E+01  0.0000000E+00  5.2404722E+03  2.0687913E+03  0.0000000E+00  3.7674887E+04  3.6741211E+04  0.0000000E+00  0.0000000E+00  4.9789525E+05 -3.1063965E-02
     1.2060000E+03    230.1475952  9.3187630E+06  6.6320000E+03  5.4863362E+03  2.3866601E+03  3.5603952E+02  0.0000000E+00  5.5569351E+03  2.2109380E+03  0.0000000E+00  4.2766000E+04  4.2129820E+04  0.0000000E+00  0.0000000E+00  4.9847872E+05  1.4878424E+00
     1.2070000E+03    230.2986726  9.4444570E+06  1.2569400E+05  7.0821211E+04  6.9705920E+03  1.9687555E+04  0.0000000E+00  6.6788433E+03  5.8847837E+03  0.0000000E+00  2.1577472E+05  1.7441180E+05  0.0000000E+00  0.0000000E+00  5.0425384E+05  3.6446081E-04
     1.2080000E+03    230.2732587  9.4232930E+06 -2.1164000E+04  2.7491361E+03  5.9597790E+03  7.8003845E+02  0.0000000E+00  7.6619663E+03  3.8527275E+03  0.0000000E+00  1.2477014E+05  1.4731294E+05  0.0000000E+00  0.0000000E+00  5.0604775E+05 -9.9442841E-05
     1.2090000E+03    230.2653054  9.4166700E+06 -6.6230000E+03  1.6492559E+04  4.7870813E+03  3.0996067E+03  0.0000000E+00  8.5619043E+03  2.6289248E+03  0.0000000E+00  1.1199459E+05  1.3935594E+05  0.0000000E+00  0.0000000E+00  5.0657947E+05 -1.9162383E-04
     1.2100000E+03    230.2505822  9.4044090E+06 -1.2261000E+04  1.0992254E+04  5.9634885E+03  2.8626814E+03  0.0000000E+00  9.4124336E+03  2.0572573E+03  0.0000000E+00  9.7124406E+04  1.2462593E+05  0.0000000E+00  0.0000000E+00  5.0679972E+05  4.5998609E-03
     1.2110000E+03    230.2242896  9.3825160E+06 -2.1893000E+04  0.0000000E+00  6.3003014E+03  1.2436385E+03  0.0000000E+00  1.0188209E+04  1.4310648E+03  0.0000000E+00  7.4693422E+04  1.0028639E+05  0.0000000E+00  0.0000000E+00  5.0646781E+05  4.7011947E-04
     1.2120000E+03    230.2045695  9.3661240E+06 -1.6392000E+04  0.0000000E+00  7.4196479E+03  9.7099316E+02  0.0000000E+00  1.0816712E+04  1.3193502E+03  0.0000000E+00  6.1896383E+04  8.3605555E+04  0.0000000E+00  0.0000000E+00  5.0603662E+05 -2.4565268E+00
     1.2130000E+03    230.1890506  9.3532230E+06 -1.2901000E+04  0.0000000E+00  8.1823319E+03  7.8833002E+02  0.0000000E+00  1.2141425E+04  4.8296216E+02  0.0000000E+00  5.3094715E+04  7.0478531E+04  0.0000000E+00  0.0000000E+00  5.0621984E+05 -2.7590197E-01
     1.2140000E+03    230.1784154  9.3443830E+06 -8.8400000E+03  0.0000000E+00  6.4963561E+03  6.5787408E+02  0.0000000E+00  1.2480931E+04  5.8085571E+02  0.0000000E+00  4.7936137E+04  6.2946242E+04  0.0000000E+00  0.0000000E+00  5.0599753E+05 -1.5496482E-01
     1.2150000E+03    230.1710384  9.3382500E+06 -6.1330000E+03  0.0000000E+00  5.6588572E+03  5.6035223E+02  0.0000000E+00  1.2919627E+04  8.4543323E+02  0.0000000E+00  4.4802367E+04  5.7963699E+04  0.0000000E+00  0.0000000E+00  5.0595241E+05 -8.1653900E-02
     1.2160000E+03    230.1635541  9.3320290E+06 -6.2210000E+03  0.0000000E+00  7.2892932E+03  4.8492068E+02  0.0000000E+00  1.3144105E+04  1.2806099E+03  0.0000000E+00  4.1625301E+04  5.2908684E+04  0.0000000E+00  0.0000000E+00  5.0573969E+05 -5.2991011E-03
     1.2170000E+03    230.1581268  9.3275180E+06 -4.5110000E+03  0.0000000E+00  7.5889982E+03  4.2501230E+02  0.0000000E+00  1.3477152E+04  1.3906091E+03  0.0000000E+00  3.9207688E+04  4.9243008E+04  0.0000000E+00  0.0000000E+00  5.0567850E+05 -1.0335599E+00
     1.2180000E+03    230.1554176  9.3252660E+06 -2.2520000E+03  0.0000000E+00  7.4387640E+03  3.7641605E+02  0.0000000E+00  1.4101184E+04  1.5579612E+03  0.0000000E+00  3.7617344E+04  4.7413203E+04  0.0000000E+00  0.0000000E+00  5.0590516E+05 -3.6571298E+00
     1.2190000E+03    230.1535420  9.3237060E+06 -1.5600000E+03  0.0000000E+00  6.4828959E+03  3.3630701E+02  0.0000000E+00  1.4368793E+04  1.5931074E+03  0.0000000E+00  3.7016398E+04  4.6146387E+04  0.0000000E+00  0.0000000E+00  5.0597266E+05 -1.7352437E+00
     1.2200000E+03    230.1518522  9.3223020E+06 -1.4040000E+03  0.0000000E+00  6.9802010E+03  3.0271954E+02  0.0000000E+00  1.4702435E+04  1.6250593E+03  0.0000000E+00  3.6306652E+04  4.5005086E+04  0.0000000E+00  0.0000000E+00  5.0609728E+05 -1.6686013E+00
     1.2210000E+03    230.1514322  9.3219530E+06 -3.4900000E+02  0.0000000E+00  5.7226824E+03  2.7424442E+02  0.0000000E+00  1.4975426E+04  1.6859022E+03  0.0000000E+00  3.6568395E+04  4.4721367E+04  0.0000000E+00  0.0000000E+00  5.0622312E+05  7.1193777E-02
     1.2220000E+03    230.1499697  9.3207370E+06 -1.2160000E+03  0.0000000E+00  6.3944276E+03  2.4984531E+02  0.0000000E+00  1.3982683E+04  1.6607285E+03  0.0000000E+00  3.6341152E+04  4.3733621E+04  0.0000000E+00  0.0000000E+00  5.0554100E+05  1.7423539E-03
     1.2230000E+03    230.1472024  9.3184370E+06 -2.3000000E+03  0.0000000E+00  7.4507203E+03  2.2874391E+02  0.0000000E+00  1.2622044E+04  1.3868149E+03  0.0000000E+00  3.5540129E+04  4.1864551E+04  0.0000000E+00  0.0000000E+00  5.0454900E+05 -2.2026645E-02
     1.2240000E+03    230.1462204  9.3176200E+06 -8.1700000E+02  2.7749050E+03  1.0260673E+04  3.8103424E+02  0.0000000E+00  1.3728139E+04  1.7210598E+03  0.0000000E+00  3.5489281E+04  4.1201270E+04  0.0000000E+00  0.0000000E+00  5.0519900E+05  1.3830488E-02
     1.2250000E+03    230.1470735  9.3183290E+06  7.0900000E+02  2.0812096E+03  7.3941505E+03  4.2194043E+02  0.0000000E+00  1.2434124E+04  1.7206086E+03  0.0000000E+00  3.6700270E+04  4.1777469E+04  0.0000000E+00  0.0000000E+00  5.0434562E+05  7.0329465E-02
     1.2260000E+03    230.1453260  9.3168770E+06 -1.4520000E+03  0.0000000E+00  7.4348249E+03  3.1234903E+02  0.0000000E+00  1.2056937E+04  1.7260471E+03  0.0000000E+00  3.5936191E+04  4.0597164E+04  0.0000000E+00  0.0000000E+00  5.0403503E+05 -1.1226202E-03
     1.2270000E+03    230.1426047  9.3146150E+06 -2.2620000E+03  0.0000000E+00  8.5054871E+03  2.7835788E+02  0.0000000E+00  1.1571372E+04  1.7136350E+03  0.0000000E+00  3.4923066E+04  3.8759180E+04  0.0000000E+00  0.0000000E+00  5.0358694E+05  1.1534923E-01
     1.2280000E+03    230.1389682  9.3115920E+06 -3.0230000E+03  0.0000000E+00  9.9639905E+03  2.5036925E+02  0.0000000E+00  1.0792879E+04  1.4051702E+03  0.0000000E+00  3.3568309E+04  3.6303055E+04  0.0000000E+00  0.0000000E+00  5.0289344E+05 -7.8989930E-02
     1.2290000E+03    230.1441825  9.3159260E+06  4.3340000E+03  5.5496137E+03  7.9619901E+03  6.9989087E+02  0.0000000E+00  1.0544520E+04  2.2143535E+03  0.0000000E+00  3.7623641E+04  3.9824809E+04  0.0000000E+00  0.0000000E+00  5.0275741E+05  1.5162672E-01
     1.2300000E+03    230.1478208  9.3189510E+06  3.0250000E+03  4.8562187E+03  8.9146370E+03  8.9314929E+02  0.0000000E+00  1.0411211E+04  2.0009564E+03  0.0000000E+00  4.0059812E+04  4.2282203E+04  0.0000000E+00  0.0000000E+00  5.0285250E+05 -4.2800307E-03
     1.2310000E+03    230.2154990  9.3752090E+06  5.6258000E+04  3.5422574E+04  2.6663621E+03  8.3698291E+03  0.0000000E+00  1.1253753E+04  3.5533650E+03  0.0000000E+00  1.0028038E+05  9.2850609E+04  0.0000000E+00  0.0000000E+00  5.0556391E+05 -1.1618668E-03
     1.2320000E+03    230.2192331  9.3783130E+06  3.1040000E+03  1.0419079E+04  7.1856587E+03  2.9115127E+03  0.0000000E+00  1.2193609E+04  3.0020398E+03  0.0000000E+00  8.3776656E+04  9.6009227E+04  0.0000000E+00  0.0000000E+00  5.0708388E+05 -5.7181620E-05
     1.2330000E+03    230.2043109  9.3659090E+06 -1.2404000E+04  0.0000000E+00  7.8326703E+03  1.2458448E+03  0.0000000E+00  1.2943957E+04  1.8877616E+03  0.0000000E+00  6.6526078E+04  8.3386836E+04  0.0000000E+00  0.0000000E+00  5.0732419E+05  1.3551238E-02
     1.2340000E+03    230.1915604  9.3553100E+06 -1.0599000E+04  0.0000000E+00  8.1663116E+03  9.5785339E+02  0.0000000E+00  1.3599243E+04  1.4788680E+03  0.0000000E+00  5.7102348E+04  7.2601500E+04  0.0000000E+00  0.0000000E+00  5.0726094E+05  1.4305289E-02
     1.2350000E+03    230.1779114  9.3439640E+06 -1.1346000E+04  0.0000000E+00  1.1106195E+04  7.7066479E+02  0.0000000E+00  1.4186391E+04  1.3517511E+03  0.0000000E+00  4.8763223E+04  6.2605848E+04  0.0000000E+00  0.0000000E+00  5.0708134E+05  3.3044808E-03
     1.2360000E+03    230.1701869  9.3375430E+06 -6.4210000E+03  0.0000000E+00  7.8137049E+03  6.3970782E+02  0.0000000E+00  1.4607318E+04  1.2926024E+03  0.0000000E+00  4.4830691E+04  5.7388586E+04  0.0000000E+00  0.0000000E+00  5.0695344E+05  5.7570213E-03
     1.2370000E+03    230.1640370  9.3324300E+06 -5.1130000E+03  0.0000000E+00  8.0109268E+03  5.4317682E+02  0.0000000E+00  1.4984047E+04  1.3327225E+03  0.0000000E+00  4.1940816E+04  5.3234867E+04  0.0000000E+00  0.0000000E+00  5.0691459E+05  4.0324344E-03
     1.2380000E+03    230.1603659  9.3293790E+06 -3.0510000E+03  0.0000000E+00  7.1291352E+03  4.6922128E+02  0.0000000E+00  1.5335244E+04  1.4090833E+03  0.0000000E+00  4.0437008E+04  5.0755312E+04  0.0000000E+00  0.0000000E+00  5.0697959E+05 -1.7853444E-03
     1.2390000E+03    230.1534474  9.3236280E+06 -5.7510000E+03  0.0000000E+00  1.1319222E+04  4.1086395E+02  0.0000000E+00  1.5639351E+04  1.3491292E+03  0.0000000E+00  3.6951555E+04  4.6082461E+04  0.0000000E+00  0.0000000E+00  5.0695812E+05  3.3310710E-03
     1.2400000E+03    230.1472662  9.3184900E+06 -5.1380000E+03  0.0000000E+00  1.2417074E+04  3.6373178E+02  0.0000000E+00  1.5918168E+04  1.3303691E+03  0.0000000E+00  3.4236887E+04  4.1907641E+04  0.0000000E+00  0.0000000E+00  5.0690931E+05  3.0601427E-03
     1.2410000E+03    230.1419629  9.3140810E+06 -4.4090000E+03  0.0000000E+00  1.3318047E+04  3.2494370E+02  0.0000000E+00  1.6166431E+04  1.3479053E+03  0.0000000E+00  3.2093635E+04  3.8325668E+04  0.0000000E+00  0.0000000E+00  5.0686503E+05  4.5039551E-03
     1.2420000E+03    230.1391432  9.3117370E+06 -2.3440000E+03  0.0000000E+00  1.2179702E+04  2.9252365E+02  0.0000000E+00  1.6389219E+04  1.4265269E+03  0.0000000E+00  3.1001875E+04  3.6421203E+04  0.0000000E+00  0.0000000E+00  5.0688269E+05  3.7479438E-04
     1.2430000E+03    230.1398171  9.3122970E+06  5.6000000E+02  0.0000000E+00  9.3186339E+03  2.6507071E+02  0.0000000E+00  1.6615668E+04  1.5812897E+03  0.0000000E+00  3.1461527E+04  3.6876355E+04  0.0000000E+00  0.0000000E+00  5.0702825E+05  1.2379178E-02
     1.2440000E+03    230.1412805  9.3135140E+06  1.2170000E+03  0.0000000E+00  8.4612218E+03  2.4156369E+02  0.0000000E+00  1.6785271E+04  1.6844467E+03  0.0000000E+00  3.2197432E+04  3.7864777E+04  0.0000000E+00  0.0000000E+00  5.0720228E+05 -6.4595938E-03
     1.2450000E+03    230.1433008  9.3151930E+06  1.6790000E+03  0.0000000E+00  7.6391252E+03  2.2124080E+02  0.0000000E+00  1.6960627E+04  1.7575189E+03  0.0000000E+00  3.3120566E+04  3.9229332E+04  0.0000000E+00  0.0000000E+00  5.0740906E+05 -5.0553591E-03
     1.2460000E+03    230.1682297  9.3359160E+06  2.0723000E+04  1.8043771E+04  9.4625470E+03  2.6481223E+03  0.0000000E+00  1.7177959E+04  2.3771868E+03  0.0000000E+00  5.0759992E+04  5.6066672E+04  0.0000000E+00  0.0000000E+00  5.0833556E+05  4.9362605E-04
     1.2470000E+03    230.1753319  9.3418190E+06  5.9030000E+03  5.5526136E+03  6.8402604E+03  1.4473188E+03  0.0000000E+00  1.7395396E+04  2.3437468E+03  0.0000000E+00  5.1552547E+04  6.0863578E+04  0.0000000E+00  0.0000000E+00  5.0897778E+05 -3.5694712E-03
     1.2480000E+03    230.1826153  9.3478740E+06  6.0550000E+03  5.3716898E+03  4.7344116E+03  1.5317136E+03  0.0000000E+00  1.7598418E+04  2.2639233E+03  0.0000000E+00  5.4333961E+04  6.5782906E+04  0.0000000E+00  0.0000000E+00  5.0954072E+05 -5.8468059E-04
     1.2490000E+03    230.1768775  9.3431040E+06 -4.7700000E+03  0.0000000E+00  8.4492296E+03  8.4970898E+02  0.0000000E+00  1.7852342E+04  1.9332231E+03  0.0000000E+00  4.8818453E+04  6.1907531E+04  0.0000000E+00  0.0000000E+00  5.0980012E+05  7.1327307E-04
     1.2500000E+03    230.1703307  9.3376620E+06 -5.4420000E+03  0.0000000E+00  1.0122141E+04  6.7679358E+02  0.0000000E+00  1.8273535E+04  1.2497518E+03  0.0000000E+00  4.4402922E+04  5.7485727E+04  0.0000000E+00  0.0000000E+00  5.1003634E+05 -9.0574130E-02
     1.2510000E+03    230.1626476  9.3312750E+06 -6.3870000E+03  0.0000000E+00  1.2185922E+04  5.5844586E+02  0.0000000E+00  1.8456861E+04  1.0053508E+03  0.0000000E+00  4.0028379E+04  5.2296410E+04  0.0000000E+00  0.0000000E+00  5.1002844E+05 -8.7033302E-02
     1.2520000E+03    230.1750398  9.3415770E+06  1.0302000E+04  1.4098833E+04  1.3502882E+04  2.5484854E+03  0.0000000E+00  1.8500697E+04  1.9080582E+03  0.0000000E+00  5.1291746E+04  6.0666262E+04  0.0000000E+00  0.0000000E+00  5.1042556E+05  7.0063241E-02
     1.2530000E+03    230.1698881  9.3372940E+06 -4.2830000E+03  0.0000000E+00  9.9159989E+03  8.8227509E+02  0.0000000E+00  1.8620893E+04  1.6765546E+03  0.0000000E+00  4.4990531E+04  5.7186770E+04  0.0000000E+00  0.0000000E+00  5.1057556E+05 -3.8108747E-03
     1.2540000E+03    230.1659817  9.3340470E+06 -3.2470000E+03  0.0000000E+00  9.3511637E+03  7.0208813E+02  0.0000000E+00  1.8857049E+04  1.3900297E+03  0.0000000E+00  4.2464941E+04  5.4548320E+04  0.0000000E+00  0.0000000E+00  5.1065875E+05 -2.8239602E-02
     1.2550000E+03    230.1605885  9.3295640E+06 -4.4830000E+03  0.0000000E+00  1.1395143E+04  5.7881702E+02  0.0000000E+00  1.8976229E+04  1.1935458E+03  0.0000000E+00  3.9431805E+04  5.0905680E+04  0.0000000E+00  0.0000000E+00  5.1061562E+05 -3.8610708E-02
     1.2560000E+03    230.1542696  9.3243110E+06 -5.2530000E+03  0.0000000E+00  1.3324015E+04  4.8947012E+02  0.0000000E+00  1.9103570E+04  1.0520546E+03  0.0000000E+00  3.6130152E+04  4.6637816E+04  0.0000000E+00  0.0000000E+00  5.1051141E+05 -6.1781529E-02
     1.2570000E+03    230.1498150  9.3206080E+06 -3.7030000E+03  0.0000000E+00  1.2862675E+04  4.2186295E+02  0.0000000E+00  1.9182535E+04  1.2000708E+03  0.0000000E+00  3.4370863E+04  4.3629094E+04  0.0000000E+00  0.0000000E+00  5.1039397E+05 -2.3535607E-02
     1.2580000E+03    230.1495986  9.3204280E+06 -1.8000000E+02  0.0000000E+00  9.4111518E+03  3.6899100E+02  0.0000000E+00  1.9210463E+04  1.5616035E+03  0.0000000E+00  3.4699109E+04  4.3482922E+04  0.0000000E+00  0.0000000E+00  5.1037222E+05  5.3010429E-03
     1.2590000E+03    230.1453084  9.3168620E+06 -3.5660000E+03  0.0000000E+00  1.4136908E+04  3.2655911E+02  0.0000000E+00  1.9358928E+04  1.3250986E+03  0.0000000E+00  3.2784980E+04  4.0585293E+04  0.0000000E+00  0.0000000E+00  5.1036978E+05 -1.9326588E-02
     1.2600000E+03    230.1806421  9.3462340E+06  2.9372000E+04  2.3500339E+04  1.0544143E+04  4.2156655E+03  0.0000000E+00  1.9482371E+04  2.5268157E+03  0.0000000E+00  5.9692262E+04  6.4450164E+04  0.0000000E+00  0.0000000E+00  5.1150697E+05 -2.3315302E-03
     1.2610000E+03    230.2104841  9.3710400E+06  2.4806000E+04  2.3512501E+04  1.3778112E+04  5.8075996E+03  0.0000000E+00  1.9665066E+04  3.3072236E+03  0.0000000E+00  8.1466430E+04  8.8608656E+04  0.0000000E+00  0.0000000E+00  5.1291903E+05 -3.7100688E-02
     1.2620000E+03    230.2001311  9.3624340E+06 -8.6060000E+03  3.3656434E+03  1.5357738E+04  1.8572665E+03  0.0000000E+00  1.9842299E+04  2.2876802E+03  0.0000000E+00  6.3825141E+04  7.9851227E+04  0.0000000E+00  0.0000000E+00  5.1318684E+05 -2.9648456E-04
     1.2630000E+03    230.4300306  9.5538500E+06  1.9141600E+05  9.7990529E+04  1.1360869E+04  3.3615109E+04  0.0000000E+00  2.0496996E+04  7.6755957E+03  0.0000000E+00  4.0107150E+05  3.4272194E+05  0.0000000E+00  0.0000000E+00  5.2088044E+05 -5.0842944E-05
     1.2640000E+03    230.3748156  9.5078680E+06 -4.5982000E+04  2.6947542E+03  6.0307207E+03  1.2610922E+03  0.0000000E+00  2.0623922E+04  4.1988027E+03  0.0000000E+00  2.0627484E+05  2.6660716E+05  0.0000000E+00  0.0000000E+00  5.2192903E+05 -2.8220609E-05
     1.2650000E+03    230.3234190  9.4650660E+06 -4.2802000E+04  2.6923752E+03  4.2410736E+03  1.1403883E+03  0.0000000E+00  2.0687934E+04  1.4916241E+03  0.0000000E+00  1.4112773E+05  2.0271789E+05  0.0000000E+00  0.0000000E+00  5.2030066E+05 -7.4957810E-05
     1.2660000E+03    230.2777240  9.4270120E+06 -3.8054000E+04  0.0000000E+00  1.1758945E+04  8.9773553E+02  0.0000000E+00  2.0788035E+04  9.5825586E+02  0.0000000E+00  9.9087406E+04  1.5178027E+05  0.0000000E+00  0.0000000E+00  5.1843488E+05 -3.4470370E+00
     1.2670000E+03    230.2410866  9.3965010E+06 -3.0511000E+04  0.0000000E+00  1.4009746E+04  7.6330042E+02  0.0000000E+00  2.3381932E+04  2.0139599E+01  0.0000000E+00  7.3854008E+04  1.1512591E+05  0.0000000E+00  0.0000000E+00  5.1726041E+05 -4.9982634E-01
     1.2680000E+03    230.2113880  9.3717920E+06 -2.4709000E+04  0.0000000E+00  1.7006822E+04  6.5963348E+02  0.0000000E+00  2.2996330E+04  6.4176264E+00  0.0000000E+00  5.7658836E+04  8.9373164E+04  0.0000000E+00  0.0000000E+00  5.1586850E+05 -3.4084183E-01
     1.2690000E+03    230.1944384  9.3577020E+06 -1.4090000E+04  0.0000000E+00  1.1781543E+04  5.7748303E+02  0.0000000E+00  2.1819979E+04  4.1322189E+01  0.0000000E+00  5.0193004E+04  7.5035961E+04  0.0000000E+00  0.0000000E+00  5.1488603E+05 -2.0534398E-01
     1.2700000E+03    230.1789894  9.3448600E+06 -1.2842000E+04  0.0000000E+00  1.4170472E+04  5.1094232E+02  0.0000000E+00  2.0810596E+04  3.4912024E+02  0.0000000E+00  4.3684543E+04  6.3333910E+04  0.0000000E+00  0.0000000E+00  5.1400078E+05 -6.9591845E-03
     1.2710000E+03    230.3227141  9.4644790E+06  1.1961900E+05  6.7308566E+04  9.4673445E+03  1.8741375E+04  0.0000000E+00  2.1245568E+04  4.3395698E+03  0.0000000E+00  2.2804186E+05  2.0191156E+05  0.0000000E+00  0.0000000E+00  5.1889212E+05 -2.7956919E-05
     1.2720000E+03    230.2926357  9.4394300E+06 -2.5049000E+04  1.3454751E+03  1.1194432E+04  1.1972340E+03  0.0000000E+00  2.1449559E+04  2.5902300E+03  0.0000000E+00  1.3224969E+05  1.6750661E+05  0.0000000E+00  0.0000000E+00  5.1992578E+05 -1.7237455E-04
     1.2730000E+03    230.2590661  9.4114740E+06 -2.7956000E+04  1.3446982E+03  1.3338688E+04  1.0809553E+03  0.0000000E+00  2.1615160E+04  9.7148236E+02  0.0000000E+00  9.5424945E+04  1.3311373E+05  0.0000000E+00  0.0000000E+00  5.1918338E+05 -1.4573196E-03
     1.2740000E+03    230.3011722  9.4465390E+06  3.5065000E+04  3.9024510E+04  1.4891664E+04  9.7447041E+03  0.0000000E+00  2.1879637E+04  2.1440015E+03  0.0000000E+00  1.5872347E+05  1.7727098E+05  0.0000000E+00  0.0000000E+00  5.2057422E+05  2.8610689E-04
     1.2750000E+03    230.2658130  9.4170930E+06 -2.9446000E+04  0.0000000E+00  1.4439782E+04  1.5803806E+03  0.0000000E+00  2.2040332E+04  1.0492292E+03  0.0000000E+00  1.0228533E+05  1.3986375E+05  0.0000000E+00  0.0000000E+00  5.2023891E+05 -4.6768560E-04
     1.2760000E+03    230.2349148  9.3913610E+06 -2.5732000E+04  0.0000000E+00  1.5964739E+04  1.2730248E+03  0.0000000E+00  2.2200398E+04  3.2655716E+02  0.0000000E+00  7.6359547E+04  1.0927398E+05  0.0000000E+00  0.0000000E+00  5.1919203E+05 -2.4887454E-04
     1.2770000E+03    230.2109015  9.3713870E+06 -1.9974000E+04  0.0000000E+00  1.6926820E+04  1.0543988E+03  0.0000000E+00  2.2309764E+04  3.4375113E+02  0.0000000E+00  6.0404094E+04  8.8961680E+04  0.0000000E+00  0.0000000E+00  5.1820719E+05 -2.3439136E+00
     1.2780000E+03    230.3526579  9.4894150E+06  1.1802800E+05  6.5322922E+04  1.3960375E+04  1.9641025E+04  0.0000000E+00  2.2831006E+04  4.0447922E+03  0.0000000E+00  2.6651238E+05  2.3827398E+05  0.0000000E+00  0.0000000E+00  5.2291838E+05  4.1743773E-05
     1.2790000E+03    230.3132232  9.4565750E+06 -3.2840000E+04  0.0000000E+00  1.2712668E+04  1.3761222E+03  0.0000000E+00  2.3338916E+04  2.0482056E+03  0.0000000E+00  1.4826014E+05  1.9105545E+05  0.0000000E+00  0.0000000E+00  5.2382506E+05 -5.6178728E-04
     1.2800000E+03    230.2712942  9.4216570E+06 -3.4918000E+04  0.0000000E+00  1.5829497E+04  1.1410593E+03  0.0000000E+00  2.3644965E+04  3.0750162E+02  0.0000000E+00  1.0178074E+05  1.4534748E+05  0.0000000E+00  0.0000000E+00  5.2270972E+05  1.7416534E-04
     1.2810000E+03    230.2520244  9.4056100E+06 -1.6047000E+04  9.8364462E+03  1.4999373E+04  2.1509695E+03  0.0000000E+00  2.3756326E+04  2.8973727E+02  0.0000000E+00  8.7122719E+04  1.2606873E+05  0.0000000E+00  0.0000000E+00  5.2178922E+05 -1.7292162E+00
     1.2820000E+03    230.2279269  9.3855420E+06 -2.0068000E+04  0.0000000E+00  1.2689443E+04  1.1994421E+03  0.0000000E+00  2.5883531E+04  0.0000000E+00  0.0000000E+00  6.8578305E+04  1.0336310E+05  0.0000000E+00  0.0000000E+00  5.2115294E+05 -2.7855107E-01
     1.2830000E+03    230.2106026  9.3711390E+06 -1.4403000E+04  0.0000000E+00  1.1510813E+04  1.0029288E+03  0.0000000E+00  2.5264609E+04  0.0000000E+00  0.0000000E+00  5.9345586E+04  8.8708891E+04  0.0000000E+00  0.0000000E+00  5.2026806E+05 -2.0313184E-01
     1.2840000E+03    230.1964529  9.3593770E+06 -1.1762000E+04  0.0000000E+00  1.2341271E+04  8.5443396E+02  0.0000000E+00  2.4003953E+04  0.0000000E+00  0.0000000E+00  5.2460781E+04  7.6739945E+04  0.0000000E+00  0.0000000E+00  5.1942841E+05 -5.2620519E-05
     1.2850000E+03    230.1847784  9.3496720E+06 -9.7050000E+03  0.0000000E+00  1.4422692E+04  7.3869055E+02  0.0000000E+00  2.3849172E+04  5.8537693E+01  0.0000000E+00  4.6425695E+04  6.7243914E+04  0.0000000E+00  0.0000000E+00  5.1882081E+05 -1.2316723E+00
     1.2860000E+03    230.1732234  9.3400670E+06 -9.6050000E+03  0.0000000E+00  1.6510127E+04  6.4627087E+02  0.0000000E+00  2.4593338E+04  0.0000000E+00  0.0000000E+00  4.0991551E+04  5.9439441E+04  0.0000000E+00  0.0000000E+00  5.1836509E+05 -1.4932811E-01
     1.2870000E+03    230.1623120  9.3309970E+06 -9.0700000E+03  6.5474581E+02  1.9090899E+04  6.1415656E+02  0.0000000E+00  2.4507646E+04  0.0000000E+00  0.0000000E+00  3.6222160E+04  5.2069777E+04  0.0000000E+00  0.0000000E+00  5.1775225E+05 -1.2923001E-01
     1.2880000E+03    230.2026811  9.3645540E+06  3.3557000E+04  2.9484197E+04  1.6973538E+04  6.1401802E+03  0.0000000E+00  2.3644605E+04  1.1441007E+03  0.0000000E+00  7.4413055E+04  8.2008211E+04  0.0000000E+00  0.0000000E+00  5.1866766E+05 -6.1362959E-04
     1.2890000E+03    230.2896514  9.4369450E+06  7.2391000E+04  4.1996017E+04  7.5797614E+03  1.2129329E+04  0.0000000E+00  2.3931602E+04  3.1578606E+03  0.0000000E+00  1.6916459E+05  1.6409300E+05  0.0000000E+00  0.0000000E+00  5.2194281E+05 -3.1601208E-05
     1.2900000E+03    230.5025573  9.6142490E+06  1.7730400E+05  8.1006694E+04  1.5393950E+04  2.8497549E+04  0.0000000E+00  2.5008211E+04  7.4015972E+03  0.0000000E+00  5.2019906E+05  4.5461191E+05  0.0000000E+00  0.0000000E+00  5.3065569E+05  9.5461892E-06
     1.2910000E+03    230.4327472  9.5561120E+06 -5.8137000E+04  4.6046211E+03  6.0520974E+03  1.8828857E+03  0.0000000E+00  2.5345971E+04  2.9450674E+03  0.0000000E+00  2.6557050E+05  3.4654359E+05  0.0000000E+00  0.0000000E+00  5.3149238E+05  6.1526000E-05
     1.2920000E+03    230.3532403  9.4899000E+06 -6.6212000E+04  0.0000000E+00  1.5741881E+04  1.3999095E+03  0.0000000E+00  2.6073232E+04  6.1532494E+01  0.0000000E+00  1.6113620E+05  2.3901867E+05  0.0000000E+00  0.0000000E+00  5.2899531E+05 -2.8819128E-04
     1.2930000E+03    230.2969348  9.4430100E+06 -4.6890000E+04  0.0000000E+00  1.7448099E+04  1.1603872E+03  0.0000000E+00  2.6551023E+04  7.4758362E+01  0.0000000E+00  1.0831152E+05  1.7242402E+05  0.0000000E+00  0.0000000E+00  5.2644375E+05 -3.7031159E+00
     1.2940000E+03    230.2518710  9.4054820E+06 -3.7528000E+04  0.0000000E+00  1.8509429E+04  9.8171301E+02  0.0000000E+00  2.7010520E+04  0.0000000E+00  0.0000000E+00  7.8903828E+04  1.2591526E+05  0.0000000E+00  0.0000000E+00  5.2430356E+05 -4.3275149E-04
     1.2950000E+03    230.2216597  9.3803300E+06 -2.5152000E+04  0.0000000E+00  1.8614337E+04  8.4390222E+02  0.0000000E+00  2.6557137E+04  2.6201077E+01  0.0000000E+00  6.1372188E+04  9.8061789E+04  0.0000000E+00  0.0000000E+00  5.2259159E+05 -2.3796453E+00
     1.2960000E+03    230.1980516  9.3607060E+06 -1.9624000E+04  0.0000000E+00  2.0121028E+04  7.3479742E+02  0.0000000E+00  2.7809406E+04  0.0000000E+00  0.0000000E+00  4.9735836E+04  7.8092242E+04  0.0000000E+00  0.0000000E+00  5.2141144E+05 -3.1485215E-01
     1.2970000E+03    230.1776113  9.3437140E+06 -1.6992000E+04  0.0000000E+00  2.2099566E+04  6.4658746E+02  0.0000000E+00  2.6254422E+04  0.0000000E+00  0.0000000E+00  4.0623555E+04  6.2403121E+04  0.0000000E+00  0.0000000E+00  5.2010441E+05  1.6419597E-02
     1.2980000E+03    230.1598393  9.3289410E+06 -1.4773000E+04  0.0000000E+00  2.4423431E+04  5.7403088E+02  0.0000000E+00  2.5921748E+04  0.0000000E+00  0.0000000E+00  3.3563539E+04  5.0399652E+04  0.0000000E+00  0.0000000E+00  5.1905275E+05  1.2336391E-02
     1.2990000E+03    230.1451905  9.3167640E+06 -1.2177000E+04  0.0000000E+00  2.6882489E+04  5.1348291E+02  0.0000000E+00  2.6364518E+04  0.0000000E+00  0.0000000E+00  2.8187230E+04  4.0505648E+04  0.0000000E+00  0.0000000E+00  5.1819559E+05 -2.1652201E-01
     1.3000000E+03    230.1342262  9.3076500E+06 -9.1140000E+03  0.0000000E+00  2.6345794E+04  4.6233295E+02  0.0000000E+00  2.5992291E+04  0.0000000E+00  0.0000000E+00  2.4322508E+04  3.3645027E+04  0.0000000E+00  0.0000000E+00  5.1742769E+05 -1.6617125E-01
     1.3010000E+03    230.1289364  9.3032530E+06 -4.3970000E+03  0.0000000E+00  2.1995089E+04  4.1866367E+02  0.0000000E+00  2.4949266E+04  0.0000000E+00  0.0000000E+00  2.3340730E+04  3.1110287E+04  0.0000000E+00  0.0000000E+00  5.1683550E+05  5.3696305E-04
     1.3020000E+03    230.1242322  9.2993420E+06 -3.9110000E+03  0.0000000E+00  2.2433575E+04  3.8103668E+02  0.0000000E+00  2.4602391E+04  2.0036190E-04  0.0000000E+00  2.2367992E+04  2.8856146E+04  0.0000000E+00  0.0000000E+00  5.1639625E+05 -5.3236175E-02
     1.3030000E+03    230.1784270  9.3443920E+06  4.5050000E+04  3.4056301E+04  2.1150774E+04  6.7897866E+03  0.0000000E+00  2.4038311E+04  1.0565807E+03  0.0000000E+00  6.5336211E+04  6.2954051E+04  0.0000000E+00  0.0000000E+00  5.1782731E+05  7.0673339E-03
     1.3040000E+03    230.1821691  9.3475030E+06  3.1110000E+03  5.2397709E+03  1.6423358E+04  1.8133251E+03  0.0000000E+00  2.4026721E+04  8.4055225E+02  0.0000000E+00  5.4757352E+04  6.5481535E+04  0.0000000E+00  0.0000000E+00  5.1843159E+05 -2.2453487E-02
     1.3050000E+03    230.1741841  9.3408650E+06 -6.6380000E+03  0.0000000E+00  1.8164413E+04  1.1080466E+03  0.0000000E+00  2.4007768E+04  3.0780850E+02  0.0000000E+00  4.6806285E+04  6.0088340E+04  0.0000000E+00  0.0000000E+00  5.1821662E+05 -5.8672886E-04
     1.3060000E+03    230.1635575  9.3320320E+06 -8.8330000E+03  0.0000000E+00  2.0876096E+04  9.0221423E+02  0.0000000E+00  2.4000336E+04  6.1181885E+01  0.0000000E+00  4.0055477E+04  5.2910988E+04  0.0000000E+00  0.0000000E+00  5.1771197E+05 -7.7507958E-02
     1.3070000E+03    230.1513586  9.3218910E+06 -1.0141000E+04  0.0000000E+00  2.4248730E+04  7.5642462E+02  0.0000000E+00  2.4042105E+04  6.7126483E-01  0.0000000E+00  3.3853414E+04  4.4671684E+04  0.0000000E+00  0.0000000E+00  5.1708153E+05 -1.8592370E-01
     1.3080000E+03    230.1432571  9.3151570E+06 -6.7340000E+03  0.0000000E+00  2.2774273E+04  6.4762421E+02  0.0000000E+00  2.3942346E+04  4.8219487E-02  0.0000000E+00  3.0603119E+04  3.9199840E+04  0.0000000E+00  0.0000000E+00  5.1653212E+05 -7.5957812E-02
     1.3090000E+03    230.1465974  9.3179340E+06  2.7770000E+03  0.0000000E+00  1.2336594E+04  5.6328992E+02  0.0000000E+00  2.3642303E+04  3.3114020E+02  0.0000000E+00  3.2738211E+04  4.1455875E+04  0.0000000E+00  0.0000000E+00  5.1633391E+05  7.5856037E-02
     1.3100000E+03    230.1483502  9.3193910E+06  1.4570000E+03  0.0000000E+00  1.3346183E+04  4.9602554E+02  0.0000000E+00  2.3565885E+04  3.7393878E+02  0.0000000E+00  3.3800441E+04  4.2639758E+04  0.0000000E+00  0.0000000E+00  5.1629512E+05  7.8587636E-02
     1.3110000E+03    230.1574522  9.3269570E+06  7.5660000E+03  3.7353377E+03  1.0851225E+04  7.4164886E+02  0.0000000E+00  2.3499818E+04  4.9523044E+02  0.0000000E+00  3.9761602E+04  4.8787379E+04  0.0000000E+00  0.0000000E+00  5.1650188E+05  5.6940094E-02
     1.3120000E+03    230.1594591  9.3286250E+06  1.6680000E+03  0.0000000E+00  1.1447735E+04  5.1997595E+02  0.0000000E+00  2.3411123E+04  5.1933014E+02  0.0000000E+00  3.9896012E+04  5.0142836E+04  0.0000000E+00  0.0000000E+00  5.1653772E+05  7.7094249E-02
     1.3130000E+03    230.1565902  9.3262400E+06 -2.3850000E+03  0.0000000E+00  1.5478526E+04  4.5690085E+02  0.0000000E+00  2.3383908E+04  3.0890530E+02  0.0000000E+00  3.7757324E+04  4.8205191E+04  0.0000000E+00  0.0000000E+00  5.1640069E+05 -1.4827149E-02
     1.3140000E+03    230.1525717  9.3229000E+06 -3.3400000E+03  0.0000000E+00  1.7062855E+04  4.0598651E+02  0.0000000E+00  2.3479752E+04  7.6879936E+01  0.0000000E+00  3.5358102E+04  4.5491016E+04  0.0000000E+00  0.0000000E+00  5.1617038E+05 -7.4899562E-02
     1.3150000E+03    230.1469335  9.3182130E+06 -4.6870000E+03  0.0000000E+00  1.9449102E+04  3.6401596E+02  0.0000000E+00  2.3271699E+04  1.5124840E+02  0.0000000E+00  3.2936605E+04  4.1682891E+04  0.0000000E+00  0.0000000E+00  5.1580425E+05 -3.9034937E-02
     1.3160000E+03    230.1411434  9.3134000E+06 -4.8130000E+03  0.0000000E+00  2.0883327E+04  3.2883078E+02  0.0000000E+00  2.3202244E+04  1.3518134E+02  0.0000000E+00  3.0417207E+04  3.7772199E+04  0.0000000E+00  0.0000000E+00  5.1543159E+05 -5.0051756E-02
     1.3170000E+03    230.1386835  9.3113550E+06 -2.0450000E+03  0.0000000E+00  1.8779467E+04  2.9892407E+02  0.0000000E+00  2.3152305E+04  8.8883400E+01  0.0000000E+00  2.9446100E+04  3.6110738E+04  0.0000000E+00  0.0000000E+00  5.1516041E+05 -6.6857807E-02
     1.3180000E+03    230.1378157  9.3106340E+06 -7.2100000E+02  0.0000000E+00  1.7523819E+04  2.7320926E+02  0.0000000E+00  2.3024754E+04  2.0424144E+02  0.0000000E+00  2.9226393E+04  3.5524605E+04  0.0000000E+00  0.0000000E+00  5.1496619E+05 -1.3724372E-02
     1.3190000E+03    230.1339915  9.3074550E+06 -3.1790000E+03  0.0000000E+00  2.0595609E+04  2.5088164E+02  0.0000000E+00  2.3068502E+04  9.3216118E+01  0.0000000E+00  2.7684189E+04  3.3532578E+04  0.0000000E+00  0.0000000E+00  5.1474316E+05 -7.1617529E-02
     1.3200000E+03    230.1303642  9.3044390E+06 -3.0160000E+03  0.0000000E+00  2.0787923E+04  2.3133130E+02  0.0000000E+00  2.3006176E+04  8.7086037E+01  0.0000000E+00  2.6377506E+04  3.1794447E+04  0.0000000E+00  0.0000000E+00  5.1447509E+05 -7.2986148E-02
     1.3210000E+03    230.1298137  9.3039820E+06 -4.5700000E+02  0.0000000E+00  1.8241334E+04  2.1408708E+02  0.0000000E+00  2.2825186E+04  2.6560352E+02  0.0000000E+00  2.6539338E+04  3.1530666E+04  0.0000000E+00  0.0000000E+00  5.1427738E+05 -3.9813807E-03
     1.3220000E+03    230.1327409  9.3064150E+06  2.4330000E+03  0.0000000E+00  1.5165684E+04  1.9877875E+02  0.0000000E+00  2.2764271E+04  4.3646539E+02  0.0000000E+00  2.8014348E+04  3.2933328E+04  0.0000000E+00  0.0000000E+00  5.1426456E+05  1.7501628E-02
     1.3230000E+03    230.1345090  9.3078850E+06  1.4700000E+03  0.0000000E+00  1.5921423E+04  1.8511115E+02  0.0000000E+00  2.2709150E+04  5.1467676E+02  0.0000000E+00  2.8797213E+04  3.3780527E+04  0.0000000E+00  0.0000000E+00  5.1425897E+05  9.3780579E-03
     1.3240000E+03    230.1346749  9.3080230E+06  1.3800000E+02  0.0000000E+00  1.7100505E+04  1.7284583E+02  0.0000000E+00  2.2643400E+04  5.2836682E+02  0.0000000E+00  2.8814922E+04  3.3860059E+04  0.0000000E+00  0.0000000E+00  5.1418672E+05  8.2087647E-03
     1.3250000E+03    230.1368063  9.3097950E+06  1.7720000E+03  0.0000000E+00  1.5079798E+04  1.6178821E+02  0.0000000E+00  2.2605234E+04  7.3414020E+02  0.0000000E+00  2.9721734E+04  3.4881375E+04  0.0000000E+00  0.0000000E+00  5.1415747E+05  4.0856965E-02
     1.3260000E+03    230.1373080  9.3102120E+06  4.1700000E+02  0.0000000E+00  1.6307816E+04  1.5177763E+02  0.0000000E+00  2.2563621E+04  6.5228326E+02  0.0000000E+00  2.9849395E+04  3.5181684E+04  0.0000000E+00  0.0000000E+00  5.1413125E+05  1.1436778E-02
     1.3270000E+03    230.1343242  9.3077310E+06 -2.4810000E+03  0.0000000E+00  1.9650796E+04  1.4268045E+02  0.0000000E+00  2.2555246E+04  3.9313141E+02  0.0000000E+00  2.8522914E+04  3.3692008E+04  0.0000000E+00  0.0000000E+00  5.1399597E+05 -6.3454099E-02
     1.3280000E+03    230.1299165  9.3040670E+06 -3.6640000E+03  0.0000000E+00  2.1247028E+04  1.3438446E+02  0.0000000E+00  2.2545395E+04  2.5341151E+02  0.0000000E+00  2.6682709E+04  3.1579936E+04  0.0000000E+00  0.0000000E+00  5.1375491E+05 -1.0151910E-01
     1.3290000E+03    230.1292824  9.3035400E+06 -5.2700000E+02  0.0000000E+00  1.8020621E+04  1.2679483E+02  0.0000000E+00  2.2424830E+04  5.1179092E+02  0.0000000E+00  2.6720682E+04  3.1276090E+04  0.0000000E+00  0.0000000E+00  5.1356347E+05 -1.8461332E-02
     1.3300000E+03    230.1297911  9.3039630E+06  4.2300000E+02  0.0000000E+00  1.7031497E+04  1.1983083E+02  0.0000000E+00  2.2374516E+04  7.0310425E+02  0.0000000E+00  2.7192998E+04  3.1519854E+04  0.0000000E+00  0.0000000E+00  5.1346869E+05  1.9905724E-02
     1.3310000E+03    230.1310782  9.3050330E+06  1.0700000E+03  0.0000000E+00  1.6251713E+04  1.1342337E+02  0.0000000E+00  2.2336266E+04  8.4155920E+02  0.0000000E+00  2.7866295E+04  3.2136576E+04  0.0000000E+00  0.0000000E+00  5.1342838E+05  3.2070760E-02
     1.3320000E+03    230.1331067  9.3067190E+06  1.6860000E+03  0.0000000E+00  1.5374275E+04  1.0751291E+02  0.0000000E+00  2.2302172E+04  9.7098767E+02  0.0000000E+00  2.8752809E+04  3.3108598E+04  0.0000000E+00  0.0000000E+00  5.1342956E+05  4.4237118E-02
     1.3330000E+03    230.1366345  9.3096520E+06  2.9330000E+03  0.0000000E+00  1.3627016E+04  1.0204794E+02  0.0000000E+00  2.2271387E+04  1.1694781E+03  0.0000000E+00  3.0191961E+04  3.4799023E+04  0.0000000E+00  0.0000000E+00  5.1348594E+05  7.0158146E-02
     1.3340000E+03    230.1383896  9.3111110E+06  1.4590000E+03  0.0000000E+00  1.4671053E+04  9.6983658E+01  0.0000000E+00  2.2241723E+04  1.0738005E+03  0.0000000E+00  3.0795090E+04  3.5912211E+04  0.0000000E+00  0.0000000E+00  5.1353969E+05  3.3376828E-02
     1.3350000E+03    230.1387161  9.3113820E+06  2.7100000E+02  0.0000000E+00  1.5708851E+04  9.2280891E+01  0.0000000E+00  2.2209852E+04  9.7069067E+02  0.0000000E+00  3.0780303E+04  3.6132750E+04  0.0000000E+00  0.0000000E+00  5.1352872E+05 -1.6115854E-03
     1.3360000E+03    230.1404385  9.3128140E+06  1.4320000E+03  0.0000000E+00  1.3984028E+04  8.7905319E+01  0.0000000E+00  2.2180090E+04  1.1061829E+03  0.0000000E+00  3.1565965E+04  3.7296070E+04  0.0000000E+00  0.0000000E+00  5.1352034E+05  2.9126015E-02
     1.3370000E+03    230.1400018  9.3124510E+06 -3.6300000E+02  0.0000000E+00  1.5923112E+04  8.3826637E+01  0.0000000E+00  2.2152123E+04  9.7135950E+02  0.0000000E+00  3.1290109E+04  3.7001160E+04  0.0000000E+00  0.0000000E+00  5.1348591E+05 -1.2198054E-02
     1.3380000E+03    230.1362378  9.3093220E+06 -3.1290000E+03  0.0000000E+00  1.9633809E+04  8.0018135E+01  0.0000000E+00  2.2140238E+04  6.8486896E+02  0.0000000E+00  2.9529943E+04  3.4608938E+04  0.0000000E+00  0.0000000E+00  5.1333306E+05 -8.8148676E-02
     1.3390000E+03    230.1278012  9.3023090E+06 -7.0130000E+03  0.0000000E+00  2.4445664E+04  7.6456078E+01  0.0000000E+00  2.2248445E+04  3.3790552E+02  0.0000000E+00  2.5912268E+04  3.0566311E+04  0.0000000E+00  0.0000000E+00  5.1300284E+05 -1.8015367E-01
     1.3400000E+03    230.1218339  9.2973490E+06 -4.9600000E+03  0.0000000E+00  2.2963217E+04  7.3119316E+01  0.0000000E+00  2.2106604E+04  3.8962198E+02  0.0000000E+00  2.3849666E+04  2.7706955E+04  0.0000000E+00  0.0000000E+00  5.1261819E+05 -1.3788216E-01
     1.3410000E+03    230.1206898  9.2963980E+06 -9.5100000E+02  0.0000000E+00  1.9021234E+04  6.9989044E+01  0.0000000E+00  2.1980248E+04  7.8066101E+02  0.0000000E+00  2.3949785E+04  2.7158688E+04  0.0000000E+00  0.0000000E+00  5.1238072E+05 -2.0354504E-02
     1.3420000E+03    230.1193257  9.2952640E+06 -1.1340000E+03  0.0000000E+00  1.9601043E+04  6.7048355E+01  0.0000000E+00  2.1938555E+04  8.9113300E+02  0.0000000E+00  2.3852215E+04  2.6505070E+04  0.0000000E+00  0.0000000E+00  5.1223609E+05 -1.1553204E-02
     1.3430000E+03    230.1553284  9.3251910E+06  2.9927000E+04  1.8517107E+04  8.0642369E+03  2.3128135E+03  0.0000000E+00  2.1929016E+04  1.8936484E+03  0.0000000E+00  4.4470062E+04  4.7352906E+04  0.0000000E+00  0.0000000E+00  5.1326888E+05 -1.0075849E-02
     1.3440000E+03    230.1549894  9.3249100E+06 -2.8100000E+02  0.0000000E+00  1.3921068E+04  5.3034418E+02  0.0000000E+00  2.1924082E+04  1.5846345E+03  0.0000000E+00  3.9983148E+04  4.7123988E+04  0.0000000E+00  0.0000000E+00  5.1363162E+05  1.4191802E-01
     1.3450000E+03    230.1522148  9.3226030E+06 -2.3070000E+03  0.0000000E+00  1.5895170E+04  4.3092987E+02  0.0000000E+00  2.1941857E+04  1.1196881E+03  0.0000000E+00  3.7521410E+04  4.5249965E+04  0.0000000E+00  0.0000000E+00  5.1360534E+05 -1.0217823E-01
     1.3460000E+03    230.1477788  9.3189160E+06 -3.6870000E+03  0.0000000E+00  1.7745314E+04  3.6056778E+02  0.0000000E+00  2.1951133E+04  8.9340509E+02  0.0000000E+00  3.4837875E+04  4.2253828E+04  0.0000000E+00  0.0000000E+00  5.1345262E+05 -9.1920376E-02
     1.3470000E+03    230.1463112  9.3176960E+06 -1.2200000E+03  0.0000000E+00  1.5361396E+04  3.0852618E+02  0.0000000E+00  2.1912898E+04  1.1096979E+03  0.0000000E+00  3.4271254E+04  4.1262613E+04  0.0000000E+00  0.0000000E+00  5.1330812E+05 -3.6421262E-02
     1.3480000E+03    230.1408579  9.3131630E+06 -4.5330000E+03  0.0000000E+00  2.0076093E+04  2.6865186E+02  0.0000000E+00  2.1932051E+04  8.1169653E+02  0.0000000E+00  3.1668322E+04  3.7579387E+04  0.0000000E+00  0.0000000E+00  5.1312434E+05 -1.1143405E-01
     1.3490000E+03    230.1345817  9.3079450E+06 -5.2180000E+03  0.0000000E+00  2.1909136E+04  2.3720802E+02  0.0000000E+00  2.1936428E+04  6.3385962E+02  0.0000000E+00  2.8887852E+04  3.3815363E+04  0.0000000E+00  0.0000000E+00  5.1285728E+05 -1.3994569E-01
     1.3500000E+03    230.1269101  9.3015680E+06 -6.3770000E+03  0.0000000E+00  2.3839774E+04  2.1181601E+02  0.0000000E+00  2.1959441E+04  5.3711346E+02  0.0000000E+00  2.5882121E+04  3.0139340E+04  0.0000000E+00  0.0000000E+00  5.1251012E+05 -1.5747175E-01
     1.3510000E+03    230.1226017  9.2979870E+06 -3.5810000E+03  0.0000000E+00  2.1508620E+04  1.9090036E+02  0.0000000E+00  2.1866969E+04  7.6138861E+02  0.0000000E+00  2.4661418E+04  2.8074844E+04  0.0000000E+00  0.0000000E+00  5.1220650E+05 -8.8522270E-02
     1.3520000E+03    230.1201548  9.2959530E+06 -2.0340000E+03  0.0000000E+00  2.0465101E+04  1.7338170E+02  0.0000000E+00  2.1814822E+04  9.9599084E+02  0.0000000E+00  2.4326293E+04  2.6902340E+04  0.0000000E+00  0.0000000E+00  5.1199825E+05 -3.0877864E-02
     1.3530000E+03    230.1200625  9.2958760E+06 -7.7000000E+01  0.0000000E+00  1.8555198E+04  1.5849869E+02  0.0000000E+00  2.1755256E+04  1.2362882E+03  0.0000000E+00  2.4663004E+04  2.6858119E+04  0.0000000E+00  0.0000000E+00  5.1187797E+05  8.9011341E-03
     1.3540000E+03    230.1148824  9.2915700E+06 -4.3060000E+03  0.0000000E+00  2.3567747E+04  1.4570023E+02  0.0000000E+00  2.1562592E+04  8.9180988E+02  0.0000000E+00  2.2772588E+04  2.4375957E+04  0.0000000E+00  0.0000000E+00  5.1138028E+05 -9.9592924E-02
     1.3550000E+03    230.1054044  9.2836910E+06 -7.8790000E+03  0.0000000E+00  2.8384457E+04  1.3457852E+02  0.0000000E+00  2.1529518E+04  5.7467377E+02  0.0000000E+00  1.9149223E+04  1.9834295E+04  0.0000000E+00  0.0000000E+00  5.1081491E+05 -2.0721126E-01
     1.3560000E+03    230.0996985  9.2789480E+06 -4.7430000E+03  0.0000000E+00  2.4849501E+04  1.2482549E+02  0.0000000E+00  1.9659805E+04  6.2633087E+02  0.0000000E+00  1.7999467E+04  1.7100152E+04  0.0000000E+00  0.0000000E+00  5.0869328E+05 -1.1482228E-01
     1.3570000E+03    230.0983710  9.2778450E+06 -1.1030000E+03  0.0000000E+00  2.0780127E+04  1.1620444E+02  0.0000000E+00  1.8178648E+04  1.0937697E+03  0.0000000E+00  1.8923021E+04  1.6464061E+04  0.0000000E+00  0.0000000E+00  5.0722053E+05 -4.4556446E-02
     1.3580000E+03    230.0950863  9.2751140E+06 -2.7310000E+03  0.0000000E+00  2.2557008E+04  1.0853045E+02  0.0000000E+00  1.6932018E+04  1.1198971E+03  0.0000000E+00  1.8735348E+04  1.4890080E+04  0.0000000E+00  0.0000000E+00  5.0609672E+05 -1.5580644E-01
     1.3590000E+03    230.0909511  9.2716770E+06 -3.4370000E+03  0.0000000E+00  2.3545304E+04  1.0165705E+02  0.0000000E+00  1.5931321E+04  1.1534348E+03  0.0000000E+00  1.8043221E+04  1.2908593E+04  0.0000000E+00  0.0000000E+00  5.0509906E+05 -2.5030440E-01
     1.3600000E+03    230.0892332  9.2702490E+06 -1.4280000E+03  0.0000000E+00  2.1451547E+04  9.5466637E+01  0.0000000E+00  1.5045344E+04  1.4483320E+03  0.0000000E+00  1.8332957E+04  1.2085416E+04  0.0000000E+00  0.0000000E+00  5.0422997E+05 -2.3876101E-01
     1.3610000E+03    230.0916513  9.2722590E+06  2.0100000E+03  0.0000000E+00  1.7469213E+04  8.9863770E+01  0.0000000E+00  1.4282510E+04  1.9256797E+03  0.0000000E+00  2.0234127E+04  1.3244117E+04  0.0000000E+00  0.0000000E+00  5.0358131E+05 -1.2283752E-01
     1.3620000E+03    230.0952223  9.2752270E+06  2.9680000E+03  0.0000000E+00  1.5919522E+04  8.4770119E+01  0.0000000E+00  1.3620688E+04  2.1494546E+03  0.0000000E+00  2.2253500E+04  1.4955246E+04  0.0000000E+00  0.0000000E+00  5.0311659E+05 -9.2509985E-02
     1.3630000E+03    230.0974494  9.2770790E+06  1.8520000E+03  0.0000000E+00  1.6487464E+04  8.0120758E+01  0.0000000E+00  1.3202701E+04  2.3399795E+03  0.0000000E+00  2.3434539E+04  1.6022435E+04  0.0000000E+00  0.0000000E+00  5.0283922E+05  4.2161170E-02
     1.3640000E+03    230.0998526  9.2790760E+06  1.9970000E+03  0.0000000E+00  1.6125387E+04  7.5861443E+01  0.0000000E+00  1.2871217E+04  2.0671538E+03  0.0000000E+00  2.4422191E+04  1.7173988E+04  0.0000000E+00  0.0000000E+00  5.0267591E+05  1.5355615E-02
     1.3650000E+03    230.0995669  9.2788390E+06 -2.3700000E+02  0.0000000E+00  1.7965785E+04  7.1946457E+01  0.0000000E+00  1.2433624E+04  1.9948945E+03  0.0000000E+00  2.4263076E+04  1.7037090E+04  0.0000000E+00  0.0000000E+00  5.0237206E+05  2.1295626E-02
     1.3660000E+03    230.0951858  9.2751970E+06 -3.6420000E+03  0.0000000E+00  2.1524748E+04  6.8337029E+01  0.0000000E+00  1.1744318E+04  1.5574889E+03  0.0000000E+00  2.2429600E+04  1.4937790E+04  0.0000000E+00  0.0000000E+00  5.0174819E+05 -3.5711032E-01
     1.3670000E+03    230.0931420  9.2734980E+06 -1.6990000E+03  0.0000000E+00  1.9366637E+04  6.4999962E+01  0.0000000E+00  1.1473494E+04  1.8527147E+03  0.0000000E+00  2.1946781E+04  1.3958452E+04  0.0000000E+00  0.0000000E+00  5.0140694E+05  1.8388726E-02
     1.3680000E+03    230.0919703  9.2725240E+06 -9.7400000E+02  0.0000000E+00  1.8633653E+04  6.1906761E+01  0.0000000E+00  1.0923528E+04  1.8258722E+03  0.0000000E+00  2.1806209E+04  1.3396996E+04  0.0000000E+00  0.0000000E+00  5.0091494E+05 -2.6842362E-01
     1.3690000E+03    230.0899998  9.2708860E+06 -1.6380000E+03  0.0000000E+00  1.9393494E+04  5.9032757E+01  0.0000000E+00  1.0585986E+04  1.8115913E+03  0.0000000E+00  2.1280875E+04  1.2452789E+04  0.0000000E+00  0.0000000E+00  5.0056466E+05 -2.7922282E-01
     1.3700000E+03    230.0909937  9.2717120E+06  8.2600000E+02  0.0000000E+00  1.6585588E+04  5.6356522E+01  0.0000000E+00  1.0207755E+04  2.0768857E+03  0.0000000E+00  2.2095783E+04  1.2929034E+04  0.0000000E+00  0.0000000E+00  5.0024612E+05 -1.7803915E-01
     1.3710000E+03    230.0919276  9.2724890E+06  7.7700000E+02  0.0000000E+00  1.6401477E+04  5.3859314E+01  0.0000000E+00  9.8842930E+03  2.1515054E+03  0.0000000E+00  2.2714285E+04  1.3376541E+04  0.0000000E+00  0.0000000E+00  5.0000759E+05 -1.6564135E-01
     1.3720000E+03    230.0899435  9.2708390E+06 -1.6500000E+03  0.0000000E+00  1.8959172E+04  5.1524681E+01  0.0000000E+00  9.5987607E+03  1.9375310E+03  0.0000000E+00  2.1937469E+04  1.2425787E+04  0.0000000E+00  0.0000000E+00  4.9973000E+05 -2.5429755E-01
     1.3730000E+03    230.0879321  9.2691670E+06 -1.6720000E+03  0.0000000E+00  1.9011896E+04  4.9338131E+01  0.0000000E+00  9.3166104E+03  1.9095751E+03  0.0000000E+00  2.1260262E+04  1.1461970E+04  0.0000000E+00  0.0000000E+00  4.9942138E+05 -2.6319152E-01
     1.3740000E+03    230.0890920  9.2701310E+06  9.6400000E+02  0.0000000E+00  1.6011058E+04  4.7286823E+01  0.0000000E+00  9.0329521E+03  2.1969871E+03  0.0000000E+00  2.2065596E+04  1.2017751E+04  0.0000000E+00  0.0000000E+00  4.9918031E+05 -1.4115176E-01
     1.3750000E+03    230.0874228  9.2687440E+06 -1.3870000E+03  0.0000000E+00  1.8523404E+04  4.5359356E+01  0.0000000E+00  8.7990771E+03  2.0318282E+03  0.0000000E+00  2.1469451E+04  1.1217940E+04  0.0000000E+00  0.0000000E+00  4.9895141E+05 -2.2750375E-01
     1.3760000E+03    230.0814651  9.2637910E+06 -4.9530000E+03  0.0000000E+00  2.1722406E+04  4.3545570E+01  0.0000000E+00  8.6063115E+03  1.6215703E+03  0.0000000E+00  1.9423141E+04  9.7964795E+03  0.0000000E+00  0.0000000E+00  4.9860312E+05 -3.4537539E-01
     1.3770000E+03    230.0789719  9.2617190E+06 -2.0720000E+03  0.0000000E+00  1.8692777E+04  4.1836365E+01  0.0000000E+00  8.3532451E+03  1.8865345E+03  0.0000000E+00  1.9285299E+04  9.2471562E+03  0.0000000E+00  0.0000000E+00  4.9823566E+05 -2.4839646E-01
     1.3780000E+03    230.0779879  9.2609010E+06 -8.1800000E+02  0.0000000E+00  1.7566898E+04  4.0223579E+01  0.0000000E+00  8.1323740E+03  2.0880583E+03  0.0000000E+00  1.9642539E+04  9.0303584E+03  0.0000000E+00  0.0000000E+00  4.9796509E+05 -1.8190382E-01
     1.3790000E+03    230.0692941  9.2536740E+06 -7.2270000E+03  0.0000000E+00  2.3825641E+04  3.8699871E+01  0.0000000E+00  8.0059292E+03  1.4712397E+03  0.0000000E+00  1.7016916E+04  7.1148276E+03  0.0000000E+00  0.0000000E+00  4.9758622E+05 -3.7999865E-01
     1.3800000E+03    230.0582600  9.2445020E+06 -9.1720000E+03  0.0000000E+00  2.5540627E+04  3.7258614E+01  0.0000000E+00  7.8420264E+03  1.1658099E+03  0.0000000E+00  1.4198238E+04  4.6836816E+03  0.0000000E+00  0.0000000E+00  4.9701766E+05 -4.4789797E-01
     1.3810000E+03    230.0506248  9.2381550E+06 -6.3470000E+03  0.0000000E+00  2.2897469E+04  3.5893814E+01  0.0000000E+00  7.6325059E+03  1.4178463E+03  0.0000000E+00  1.3206553E+04  3.0014146E+03  0.0000000E+00  0.0000000E+00  4.9645519E+05 -3.4694999E-01
     1.3820000E+03    230.0496068  9.2373090E+06 -8.4600000E+02  0.0000000E+00  1.8063619E+04  3.4600021E+01  0.0000000E+00  7.4177891E+03  2.0532515E+03  0.0000000E+00  1.4566565E+04  2.7771042E+03  0.0000000E+00  0.0000000E+00  4.9609175E+05 -1.2675619E-01
     1.3830000E+03    230.0494925  9.2372140E+06 -9.5000000E+01  0.0000000E+00  1.7976020E+04  3.3372303E+01  0.0000000E+00  7.2617676E+03  2.2580430E+03  0.0000000E+00  1.5568864E+04  2.7519214E+03  0.0000000E+00  0.0000000E+00  4.9589453E+05 -1.1737791E-01
     1.3840000E+03    230.0483442  9.2362590E+06 -9.5500000E+02  0.0000000E+00  1.9156898E+04  3.2206146E+01  0.0000000E+00  7.1146294E+03  2.1959817E+03  0.0000000E+00  1.5700786E+04  2.4989197E+03  0.0000000E+00  0.0000000E+00  4.9571984E+05 -2.0618857E-01
     1.3850000E+03    230.0499354  9.2375820E+06  1.3230000E+03  0.0000000E+00  1.7069112E+04  3.1097441E+01  0.0000000E+00  6.9683701E+03  2.4550747E+03  0.0000000E+00  1.6664766E+04  2.8495168E+03  0.0000000E+00  0.0000000E+00  4.9558816E+05 -1.3722251E-01
     1.3860000E+03    230.0542490  9.2411680E+06  3.5860000E+03  0.0000000E+00  1.5227227E+04  3.0042421E+01  0.0000000E+00  6.8736353E+03  2.4693848E+03  0.0000000E+00  1.8174949E+04  3.7999329E+03  0.0000000E+00  0.0000000E+00  4.9565291E+05 -1.5622741E-02
     1.3870000E+03    230.0567494  9.2432460E+06  2.0780000E+03  0.0000000E+00  1.6505401E+04  2.9037630E+01  0.0000000E+00  6.7617803E+03  2.5281013E+03  0.0000000E+00  1.8671691E+04  4.3508354E+03  0.0000000E+00  0.0000000E+00  4.9566341E+05  6.7501201E-04
     1.3880000E+03    230.0590965  9.2451970E+06  1.9510000E+03  0.0000000E+00  1.6290020E+04  2.8079908E+01  0.0000000E+00  6.5778359E+03  2.6462595E+03  0.0000000E+00  1.9101330E+04  4.8679888E+03  0.0000000E+00  0.0000000E+00  4.9557416E+05 -1.8680136E-01
     1.3890000E+03    230.0562351  9.2428190E+06 -2.3780000E+03  0.0000000E+00  2.0096739E+04  2.7166327E+01  0.0000000E+00  6.4878086E+03  2.2305215E+03  0.0000000E+00  1.7575611E+04  4.2375186E+03  0.0000000E+00  0.0000000E+00  4.9544469E+05 -3.6210132E-01
     1.3900000E+03    230.0483019  9.2362240E+06 -6.5950000E+03  0.0000000E+00  2.3723234E+04  2.6294209E+01  0.0000000E+00  6.4005107E+03  1.7543282E+03  0.0000000E+00  1.4813207E+04  2.4895933E+03  0.0000000E+00  0.0000000E+00  4.9510209E+05 -4.7249898E-01
     1.3910000E+03    230.0422772  9.2312160E+06 -5.0080000E+03  0.0000000E+00  2.1985951E+04  2.5461063E+01  0.0000000E+00  6.2552466E+03  1.8693617E+03  0.0000000E+00  1.3631005E+04  1.1621696E+03  0.0000000E+00  0.0000000E+00  4.9468516E+05 -3.9080483E-01
     1.3920000E+03    230.0400343  9.2293520E+06 -1.8640000E+03  0.0000000E+00  1.8950914E+04  2.4664606E+01  0.0000000E+00  6.1319434E+03  2.2752751E+03  0.0000000E+00  1.3871044E+04  6.6799323E+02  0.0000000E+00  0.0000000E+00  4.9440481E+05 -1.1561289E-02
     1.3930000E+03    230.0390876  9.2285650E+06 -7.8700000E+02  0.0000000E+00  1.8278487E+04  2.3902710E+01  0.0000000E+00  5.9897451E+03  2.4035044E+03  0.0000000E+00  1.4294360E+04  4.5939423E+02  0.0000000E+00  0.0000000E+00  4.9417966E+05 -2.1937495E-01
     1.3940000E+03    230.0402954  9.2295690E+06  1.0040000E+03  0.0000000E+00  1.6889200E+04  2.3173407E+01  0.0000000E+00  5.9203926E+03  2.4938652E+03  0.0000000E+00  1.5167961E+04  7.2551245E+02  0.0000000E+00  0.0000000E+00  4.9412356E+05 -4.9680355E-03
     1.3950000E+03    230.0418397  9.2308520E+06  1.2830000E+03  0.0000000E+00  1.5823428E+04  2.2474863E+01  0.0000000E+00  5.8042607E+03  2.5530864E+03  0.0000000E+00  1.6279074E+04  1.0657736E+03  0.0000000E+00  0.0000000E+00  4.9405225E+05  6.2450705E+00
     1.3960000E+03    230.0428174  9.2316650E+06  8.1300000E+02  0.0000000E+00  1.7129762E+04  2.1805387E+01  0.0000000E+00  5.6972300E+03  2.6045522E+03  0.0000000E+00  1.6470355E+04  1.2811860E+03  0.0000000E+00  0.0000000E+00  4.9398178E+05  1.6264107E+00
     1.3970000E+03    230.0440144  9.2326600E+06  9.9500000E+02  0.0000000E+00  1.6697322E+04  2.1163397E+01  0.0000000E+00  5.5946177E+03  2.6424561E+03  0.0000000E+00  1.6763514E+04  1.5449225E+03  0.0000000E+00  0.0000000E+00  4.9391697E+05  2.2324014E+00
     1.3980000E+03    230.0447286  9.2332540E+06  5.9400000E+02  0.0000000E+00  1.7236261E+04  2.0547411E+01  0.0000000E+00  5.4933970E+03  2.6803828E+03  0.0000000E+00  1.6645775E+04  1.7022911E+03  0.0000000E+00  0.0000000E+00  4.9384078E+05 -2.4013340E-01
     1.3990000E+03    230.0388002  9.2283260E+06 -4.9280000E+03  0.0000000E+00  2.2228976E+04  1.9956064E+01  0.0000000E+00  5.4522246E+03  2.1490569E+03  0.0000000E+00  1.4263519E+04  3.9608398E+02  0.0000000E+00  0.0000000E+00  4.9362794E+05 -4.4569892E-01
     1.4000000E+03    230.0365278  9.2264370E+06 -1.8890000E+03  0.0000000E+00  2.0376699E+04  1.9388065E+01  0.0000000E+00  5.3040850E+03  2.6530967E+03  0.0000000E+00  1.3468337E+04  0.0000000E+00  0.0000000E+00  0.0000000E+00  4.9331825E+05 -1.0199770E+01
     1.4010000E+03    230.0322996  9.2229220E+06 -3.5150000E+03  0.0000000E+00  1.9331516E+04  1.8842216E+01  0.0000000E+00  5.2427720E+03  2.5232505E+03  0.0000000E+00  1.3076442E+04  0.0000000E+00  0.0000000E+00  0.0000000E+00  4.9309800E+05 -7.8197336E-03
     1.4020000E+03    230.0274024  9.2188510E+06 -4.0710000E+03  0.0000000E+00  1.9549769E+04  1.8375235E+01  0.0000000E+00  5.1589448E+03  2.3758853E+03  0.0000000E+00  1.2623522E+04  0.0000000E+00  0.0000000E+00  0.0000000E+00  4.9280166E+05 -2.4543168E-01
     1.4030000E+03    230.0258401  9.2175520E+06 -1.2990000E+03  0.0000000E+00  1.7285786E+04  1.7925022E+01  0.0000000E+00  5.0988013E+03  2.3861250E+03  0.0000000E+00  1.3263935E+04  0.0000000E+00  0.0000000E+00  0.0000000E+00  4.9262850E+05  3.9396275E-02
     1.4040000E+03    230.0261721  9.2178280E+06  2.7600000E+02  0.0000000E+00  1.5731664E+04  1.7490788E+01  0.0000000E+00  4.9856362E+03  2.6678345E+03  0.0000000E+00  1.4396300E+04  0.0000000E+00  0.0000000E+00  0.0000000E+00  4.9247209E+05  3.7317064E+00
     1.4050000E+03    230.0300550  9.2210560E+06  3.2280000E+03  0.0000000E+00  1.4580642E+04  1.7071793E+01  0.0000000E+00  4.9301187E+03  2.8490913E+03  0.0000000E+00  1.5707504E+04  0.0000000E+00  0.0000000E+00  0.0000000E+00  4.9251262E+05 -1.4704208E-02
     1.4060000E+03    230.0280428  9.2193830E+06 -1.6730000E+03  0.0000000E+00  1.8647550E+04  1.6667337E+01  0.0000000E+00  4.8636729E+03  2.7490088E+03  0.0000000E+00  1.4843521E+04  0.0000000E+00  0.0000000E+00  0.0000000E+00  4.9241619E+05  1.4148741E-03
     1.4070000E+03    230.0295914  9.2206710E+06  1.2880000E+03  0.0000000E+00  1.5978838E+04  1.6276756E+01  0.0000000E+00  4.7894023E+03  2.8621404E+03  0.0000000E+00  1.5329009E+04  0.0000000E+00  0.0000000E+00  0.0000000E+00  4.9235153E+05  2.8353976E-02
     1.4080000E+03    230.0276192  9.2190310E+06 -1.6400000E+03  0.0000000E+00  1.9291666E+04  1.5899438E+01  0.0000000E+00  4.6992734E+03  2.8206592E+03  0.0000000E+00  1.4228284E+04  0.0000000E+00  0.0000000E+00  0.0000000E+00  4.9219947E+05 -6.9140954E+00
     1.4090000E+03    230.0229787  9.2151740E+06 -3.8570000E+03  0.0000000E+00  2.1211671E+04  1.5534788E+01  0.0000000E+00  4.6268579E+03  2.8138271E+03  0.0000000E+00  1.2505819E+04  0.0000000E+00  0.0000000E+00  0.0000000E+00  4.9194094E+05 -1.2571158E+01
     1.4100000E+03    230.0182792  9.2112670E+06 -3.9070000E+03  0.0000000E+00  1.9646254E+04  1.5182255E+01  0.0000000E+00  4.5556387E+03  2.7869077E+03  0.0000000E+00  1.1854681E+04  0.0000000E+00  0.0000000E+00  0.0000000E+00  4.9165516E+05 -9.3640842E+00
     1.4110000E+03    230.0091428  9.2036730E+06 -7.5940000E+03  0.0000000E+00  2.0863666E+04  1.4842015E+01  0.0000000E+00  4.5386738E+03  2.1815505E+03  0.0000000E+00  1.0857586E+04  0.0000000E+00  0.0000000E+00  0.0000000E+00  4.9130950E+05 -1.7407185E-01
     1.4120000E+03    229.9988605  9.1951250E+06 -8.5480000E+03  0.0000000E+00  2.0936881E+04  1.4513508E+01  0.0000000E+00  4.4439355E+03  2.4016692E+03  0.0000000E+00  1.0329807E+04  0.0000000E+00  0.0000000E+00  0.0000000E+00  4.9078716E+05 -9.8331803E-03
     1.4130000E+03    229.9869150  9.1851950E+06 -9.9300000E+03  0.0000000E+00  2.2094062E+04  1.4196200E+01  0.0000000E+00  4.3901582E+03  2.3639165E+03  0.0000000E+00  9.5631631E+03  0.0000000E+00  0.0000000E+00  0.0000000E+00  4.9022081E+05 -2.2915261E+00
     1.4140000E+03    229.9790782  9.1786810E+06 -6.5140000E+03  0.0000000E+00  1.8674487E+04  1.3889591E+01  0.0000000E+00  4.3856890E+03  1.9358687E+03  0.0000000E+00  9.7001504E+03  0.0000000E+00  0.0000000E+00  0.0000000E+00  4.8983238E+05  1.6365787E-02
     1.4150000E+03    229.9740573  9.1745070E+06 -4.1740000E+03  0.0000000E+00  1.6460413E+04  1.3593206E+01  0.0000000E+00  4.2843159E+03  2.3460168E+03  0.0000000E+00  1.0335196E+04  0.0000000E+00  0.0000000E+00  0.0000000E+00  4.8944450E+05  3.5933522E-03
     1.4160000E+03    229.9690473  9.1703980E+06 -4.1090000E+03  0.0000000E+00  1.7894175E+04  1.3306595E+01  0.0000000E+00  4.1997129E+03  2.6498013E+03  0.0000000E+00  1.0516348E+04  0.0000000E+00  0.0000000E+00  0.0000000E+00  4.8908019E+05 -8.3022270E+00
     1.4170000E+03    229.9633592  9.1657430E+06 -4.6550000E+03  0.0000000E+00  1.7206411E+04  1.3029336E+01  0.0000000E+00  4.1573193E+03  2.4270142E+03  0.0000000E+00  1.0794420E+04  0.0000000E+00  0.0000000E+00  0.0000000E+00  4.8879284E+05 -6.9561101E-02
     1.4180000E+03    229.9592526  9.1623820E+06 -3.3610000E+03  0.0000000E+00  1.7032147E+04  1.2761026E+01  0.0000000E+00  5.0621123E+03  2.5927456E+03  0.0000000E+00  1.1188008E+04  0.0000000E+00  0.0000000E+00  0.0000000E+00  4.8967722E+05 -5.1552830E-03
     1.4190000E+03    229.9599902  9.1629860E+06  6.0400000E+02  0.0000000E+00  1.4449189E+04  1.2501283E+01  0.0000000E+00  5.0602183E+03  2.7246064E+03  0.0000000E+00  1.2704538E+04  0.0000000E+00  0.0000000E+00  0.0000000E+00  4.8963544E+05 -3.0323153E-03
     1.4200000E+03    229.9593087  9.1624280E+06 -5.5800000E+02  0.0000000E+00  1.5794442E+04  1.2249747E+01  0.0000000E+00  4.8708540E+03  2.8265786E+03  0.0000000E+00  1.3159538E+04  0.0000000E+00  0.0000000E+00  0.0000000E+00  4.8938541E+05 -1.0944033E-01
     1.4210000E+03    229.9595176  9.1625990E+06  1.7100000E+02  0.0000000E+00  1.5035468E+04  1.2006073E+01  0.0000000E+00  4.7166934E+03  2.8607556E+03  0.0000000E+00  1.3848621E+04  0.0000000E+00  0.0000000E+00  0.0000000E+00  4.8919938E+05  2.7458086E+00
     1.4220000E+03    229.9616647  9.1643560E+06  1.7570000E+03  0.0000000E+00  1.4498771E+04  1.1769938E+01  0.0000000E+00  4.6404844E+03  2.9325605E+03  0.0000000E+00  1.4536092E+04  0.0000000E+00  0.0000000E+00  0.0000000E+00  4.8917291E+05  7.1250928E-05
     1.4230000E+03    229.9631111  9.1655400E+06  1.1840000E+03  0.0000000E+00  1.5315053E+04  1.1541029E+01  0.0000000E+00  4.7959888E+03  2.9576643E+03  0.0000000E+00  1.4649087E+04  0.0000000E+00  0.0000000E+00  0.0000000E+00  4.8941994E+05 -5.2199466E-04
     1.4240000E+03    229.9639795  9.1662510E+06  7.1100000E+02  0.0000000E+00  1.5494067E+04  1.1319057E+01  0.0000000E+00  4.6625942E+03  2.9828501E+03  0.0000000E+00  1.4620787E+04  0.0000000E+00  0.0000000E+00  0.0000000E+00  4.8930584E+05  5.5343276E-01
     1.4250000E+03    229.9675513  9.1691740E+06  2.9230000E+03  0.0000000E+00  1.3853393E+04  1.1103741E+01  0.0000000E+00  4.5697144E+03  3.0795872E+03  0.0000000E+00  1.5274778E+04  0.0000000E+00  0.0000000E+00  0.0000000E+00  4.8931359E+05 -1.9378196E-03
     1.4260000E+03    229.9749473  9.1752470E+06  6.0730000E+03  0.0000000E+00  1.1260460E+04  1.0894814E+01  0.0000000E+00  4.4766938E+03  4.0636265E+03  0.0000000E+00  1.6908096E+04  0.0000000E+00  0.0000000E+00  0.0000000E+00  4.8934700E+05 -6.5543302E-03
     1.4270000E+03    229.9764745  9.1765170E+06  1.2700000E+03  0.0000000E+00  1.5883128E+04  1.0692025E+01  0.0000000E+00  4.3973604E+03  3.2676216E+03  0.0000000E+00  1.6011580E+04  0.0000000E+00  0.0000000E+00  0.0000000E+00  4.8948334E+05 -5.4711439E-03
     1.4280000E+03    229.9784017  9.1781190E+06  1.6020000E+03  0.0000000E+00  1.5148726E+04  1.0495132E+01  0.0000000E+00  4.2793208E+03  3.1933359E+03  0.0000000E+00  1.5602291E+04  0.0000000E+00  0.0000000E+00  0.0000000E+00  4.8943634E+05 -2.6118439E-01
     1.4290000E+03    229.9751060  9.1753790E+06 -2.7400000E+03  0.0000000E+00  1.8199893E+04  1.0303909E+01  0.0000000E+00  4.2331494E+03  2.7711023E+03  0.0000000E+00  1.3909934E+04  0.0000000E+00  0.0000000E+00  0.0000000E+00  4.8930319E+05 -3.7007031E-01
     1.4300000E+03    229.9748652  9.1751790E+06 -2.0000000E+02  0.0000000E+00  1.5836647E+04  1.0118135E+01  0.0000000E+00  4.1042788E+03  3.1297014E+03  0.0000000E+00  1.3705805E+04  0.0000000E+00  0.0000000E+00  0.0000000E+00  4.8910456E+05 -4.9885635E+00
     1.4310000E+03    229.9782349  9.1779800E+06  2.8010000E+03  0.0000000E+00  1.2798159E+04  9.9376020E+00  0.0000000E+00  4.0464006E+03  3.3052551E+03  0.0000000E+00  1.4848433E+04  0.0000000E+00  0.0000000E+00  0.0000000E+00  4.8911381E+05  1.8906437E-03
     1.4320000E+03    229.9826150  9.1816210E+06  3.6410000E+03  0.0000000E+00  1.0709505E+04  9.7621136E+00  0.0000000E+00  3.9728457E+03  3.2056274E+03  0.0000000E+00  1.6600898E+04  0.0000000E+00  0.0000000E+00  0.0000000E+00  4.8919338E+05  1.4707763E+01
     1.4330000E+03    229.9876718  9.1858250E+06  4.2040000E+03  0.0000000E+00  1.3177546E+04  9.5914783E+00  0.0000000E+00  3.9392036E+03  3.3489802E+03  0.0000000E+00  1.6781010E+04  0.0000000E+00  0.0000000E+00  0.0000000E+00  4.8936112E+05 -3.4766519E-03
     1.4340000E+03    229.9907748  9.1884040E+06  2.5790000E+03  0.0000000E+00  1.4317971E+04  9.4255152E+00  0.0000000E+00  3.8964033E+03  3.3669209E+03  0.0000000E+00  1.6358487E+04  0.0000000E+00  0.0000000E+00  0.0000000E+00  4.8946178E+05  2.0914997E-03
     1.4350000E+03    229.9949513  9.1918760E+06  3.4720000E+03  0.0000000E+00  1.3314966E+04  9.2640524E+00  0.0000000E+00  3.8363323E+03  3.3920791E+03  0.0000000E+00  1.6467740E+04  0.0000000E+00  0.0000000E+00  0.0000000E+00  4.8955241E+05  6.6109776E-01
     1.4360000E+03    230.0016610  9.1974530E+06  5.5770000E+03  0.0000000E+00  1.1876823E+04  9.1069260E+00  0.0000000E+00  3.7678911E+03  3.4886514E+03  0.0000000E+00  1.7165764E+04  0.0000000E+00  0.0000000E+00  0.0000000E+00  4.8971978E+05  1.3709242E-03
     1.4370000E+03    230.0083567  9.2030190E+06  5.5660000E+03  0.0000000E+00  1.2060684E+04  8.9539776E+00  0.0000000E+00  3.6967507E+03  3.6525405E+03  0.0000000E+00  1.7573508E+04  0.0000000E+00  0.0000000E+00  0.0000000E+00  4.8989612E+05 -5.5071352E-05
     1.4380000E+03    230.0130969  9.2069600E+06  3.9410000E+03  0.0000000E+00  1.2149229E+04  8.8050585E+00  0.0000000E+00  3.6338745E+03  3.4394893E+03  0.0000000E+00  1.7827229E+04  0.0000000E+00  0.0000000E+00  0.0000000E+00  4.9005047E+05  9.0367851E+00
     1.4390000E+03    230.0218487  9.2142350E+06  7.2750000E+03  0.0000000E+00  1.0838786E+04  8.6600256E+00  0.0000000E+00  3.5511240E+03  4.0143242E+03  0.0000000E+00  1.8557607E+04  0.0000000E+00  0.0000000E+00  0.0000000E+00  4.9022772E+05 -4.8467413E-02
     1.4400000E+03    230.0328170  9.2233520E+06  9.1170000E+03  0.0000000E+00  1.0021926E+04  8.5187359E+00  0.0000000E+00  3.5058416E+03  3.8156780E+03  0.0000000E+00  1.9436281E+04  0.0000000E+00  0.0000000E+00  0.0000000E+00  4.9064919E+05 -1.7267015E-02
     1.4410000E+03    230.0401679  9.2294630E+06  6.1110000E+03  0.0000000E+00  1.2013922E+04  8.3810625E+00  0.0000000E+00  3.4540713E+03  3.7957412E+03  0.0000000E+00  1.9166125E+04  6.9742651E+02  0.0000000E+00  0.0000000E+00  4.9094366E+05  4.6349715E-02
     1.4420000E+03    230.0457278  9.2340840E+06  4.6210000E+03  0.0000000E+00  1.1973626E+04  8.2468796E+00  0.0000000E+00  3.3863330E+03  3.8315127E+03  0.0000000E+00  1.8954582E+04  1.9224336E+03  0.0000000E+00  0.0000000E+00  4.9111444E+05  2.6392208E-03
     1.4430000E+03    230.0487664  9.2366100E+06  2.5260000E+03  0.0000000E+00  1.2335650E+04  8.1160641E+00  0.0000000E+00  3.3383457E+03  3.6024478E+03  0.0000000E+00  1.8646740E+04  2.5919380E+03  0.0000000E+00  0.0000000E+00  4.9122781E+05  4.2611623E+00
     1.4440000E+03    230.0506493  9.2381750E+06  1.5650000E+03  0.0000000E+00  1.3183488E+04  7.9885030E+00  0.0000000E+00  3.2767888E+03  3.5877607E+03  0.0000000E+00  1.8029322E+04  3.0067939E+03  0.0000000E+00  0.0000000E+00  4.9125262E+05 -1.3579443E-01
     1.4450000E+03    230.0532253  9.2403170E+06  2.1420000E+03  0.0000000E+00  1.1278002E+04  7.8640833E+00  0.0000000E+00  3.2259934E+03  3.5754888E+03  0.0000000E+00  1.8360189E+04  3.5743792E+03  0.0000000E+00  0.0000000E+00  4.9128928E+05  4.7428708E+00
     1.4460000E+03    230.0557742  9.2424360E+06  2.1190000E+03  0.0000000E+00  1.1693702E+04  7.7427001E+00  0.0000000E+00  3.1829255E+03  3.6058633E+03  0.0000000E+00  1.8363654E+04  4.1359819E+03  0.0000000E+00  0.0000000E+00  4.9134756E+05 -1.0420618E-03
     1.4470000E+03    230.0580265  9.2443080E+06  1.8720000E+03  0.0000000E+00  1.1451914E+04  7.6242533E+00  0.0000000E+00  3.1447908E+03  3.6328176E+03  0.0000000E+00  1.8437512E+04  4.6322251E+03  0.0000000E+00  0.0000000E+00  4.9139403E+05  4.4960929E-03
     1.4480000E+03    230.0606353  9.2464760E+06  2.1680000E+03  0.0000000E+00  9.8183647E+03  7.5086446E+00  0.0000000E+00  3.0969888E+03  3.5628933E+03  0.0000000E+00  1.9216137E+04  5.2070283E+03  0.0000000E+00  0.0000000E+00  4.9143622E+05  7.0085359E+00
     1.4490000E+03    230.0646269  9.2497950E+06  3.3190000E+03  0.0000000E+00  9.6511082E+03  7.3957791E+00  0.0000000E+00  3.0420706E+03  3.8375691E+03  0.0000000E+00  1.9835123E+04  6.0865142E+03  0.0000000E+00  0.0000000E+00  4.9149238E+05 -4.1956455E-02
     1.4500000E+03    230.0693420  9.2537140E+06  3.9190000E+03  0.0000000E+00  8.8688156E+03  7.2855673E+00  0.0000000E+00  3.0104597E+03  3.7313489E+03  0.0000000E+00  2.0626629E+04  7.1253911E+03  0.0000000E+00  0.0000000E+00  4.9165978E+05 -7.5995876E-04
     1.4510000E+03    230.0731202  9.2568550E+06  3.1410000E+03  0.0000000E+00  9.6501464E+03  7.1779246E+00  0.0000000E+00  3.8195684E+03  3.9219441E+03  0.0000000E+00  2.0835416E+04  7.9578354E+03  0.0000000E+00  0.0000000E+00  4.9296062E+05 -3.5534889E-02
     1.4520000E+03    230.0746835  9.2581540E+06  1.2990000E+03  0.0000000E+00  1.0843936E+04  7.0727677E+00  0.0000000E+00  3.6701909E+03  3.6909104E+03  0.0000000E+00  2.0423430E+04  8.3022812E+03  0.0000000E+00  0.0000000E+00  4.9288569E+05 -1.4702313E-01
     1.4530000E+03    230.0748761  9.2583140E+06  1.6000000E+02  0.0000000E+00  1.1764030E+04  6.9700179E+00  0.0000000E+00  3.5419402E+03  3.6310066E+03  0.0000000E+00  1.9710324E+04  8.3447344E+03  0.0000000E+00  0.0000000E+00  4.9274831E+05 -2.6981523E+00
     1.4540000E+03    230.0748428  9.2582870E+06 -2.7000000E+01  0.0000000E+00  1.1000251E+04  6.8695984E+00  0.0000000E+00  3.4613154E+03  3.6031306E+03  0.0000000E+00  1.9444209E+04  8.3373857E+03  0.0000000E+00  0.0000000E+00  4.9264669E+05 -5.9851827E-03
     1.4550000E+03    230.0760644  9.2593020E+06  1.0150000E+03  0.0000000E+00  9.8684915E+03  6.7714353E+00  0.0000000E+00  3.3789390E+03  3.6252214E+03  0.0000000E+00  1.9729850E+04  8.6065400E+03  0.0000000E+00  0.0000000E+00  4.9257212E+05  1.3265550E-03
     1.4560000E+03    230.0761416  9.2593660E+06  6.4000000E+01  0.0000000E+00  1.0623923E+04  6.6754599E+00  0.0000000E+00  3.2778110E+03  3.5844177E+03  0.0000000E+00  1.9583111E+04  8.6235615E+03  0.0000000E+00  0.0000000E+00  4.9244669E+05 -1.2377639E-01
     1.4570000E+03    230.0764972  9.2596620E+06  2.9600000E+02  0.0000000E+00  1.0365393E+04  6.5816035E+00  0.0000000E+00  3.3921982E+03  3.5987288E+03  0.0000000E+00  1.9563711E+04  8.7018994E+03  0.0000000E+00  0.0000000E+00  4.9262838E+05  2.0413727E-03
     1.4580000E+03    230.0758112  9.2590920E+06 -5.7000000E+02  0.0000000E+00  1.1527646E+04  6.4898005E+00  0.0000000E+00  3.3375967E+03  3.5899419E+03  0.0000000E+00  1.9036236E+04  8.5507520E+03  0.0000000E+00  0.0000000E+00  4.9253572E+05 -3.0336626E+00
     1.4590000E+03    230.0762269  9.2594370E+06  3.4500000E+02  0.0000000E+00  9.9802876E+03  6.3999896E+00  0.0000000E+00  3.2743281E+03  3.5874580E+03  0.0000000E+00  1.9274773E+04  8.6423574E+03  0.0000000E+00  0.0000000E+00  4.9245522E+05  1.7664758E-03
     1.4600000E+03    230.0755393  9.2588660E+06 -5.7100000E+02  0.0000000E+00  1.0803296E+04  6.3121114E+00  0.0000000E+00  3.2112815E+03  3.5557288E+03  0.0000000E+00  1.9060197E+04  8.4908359E+03  0.0000000E+00  0.0000000E+00  4.9234978E+05 -4.6841092E-03
     1.4610000E+03    230.0724514  9.2562990E+06 -2.5670000E+03  0.0000000E+00  1.2587626E+04  6.2261057E+00  0.0000000E+00  3.1525454E+03  3.4759355E+03  0.0000000E+00  1.8150193E+04  7.8104756E+03  0.0000000E+00  0.0000000E+00  4.9216631E+05  8.0746058E-03
     1.4620000E+03    230.0695239  9.2538650E+06 -2.4340000E+03  0.0000000E+00  1.2377677E+04  6.1419182E+00  0.0000000E+00  3.0942952E+03  3.4489548E+03  0.0000000E+00  1.7458373E+04  7.1654692E+03  0.0000000E+00  0.0000000E+00  4.9196044E+05  3.0835997E-03
     1.4630000E+03    230.0663969  9.2512660E+06 -2.5990000E+03  0.0000000E+00  1.2824508E+04  6.0594954E+00  0.0000000E+00  3.0892532E+03  3.0944199E+03  0.0000000E+00  1.6714734E+04  6.4764932E+03  0.0000000E+00  0.0000000E+00  4.9181084E+05  6.0838327E-02
     1.4640000E+03    230.0652432  9.2503070E+06 -9.5900000E+02  0.0000000E+00  1.1918359E+04  5.9787850E+00  0.0000000E+00  2.9886145E+03  3.5210735E+03  0.0000000E+00  1.6557482E+04  6.2222900E+03  0.0000000E+00  0.0000000E+00  4.9159241E+05 -5.3118882E+00
     1.4650000E+03    230.0659596  9.2509020E+06  5.9500000E+02  0.0000000E+00  9.8331691E+03  5.8997378E+00  0.0000000E+00  2.9978889E+03  3.5036687E+03  0.0000000E+00  1.7308521E+04  6.3801470E+03  0.0000000E+00  0.0000000E+00  4.9161703E+05  1.6057842E-03
     1.4660000E+03    230.0689339  9.2533750E+06  2.4730000E+03  0.0000000E+00  8.3126503E+03  5.8223057E+00  0.0000000E+00  2.9382739E+03  3.6504399E+03  0.0000000E+00  1.8525434E+04  7.0354619E+03  0.0000000E+00  0.0000000E+00  4.9161544E+05 -9.4155967E-03
     1.4670000E+03    230.0725004  9.2563390E+06  2.9640000E+03  0.0000000E+00  7.7871735E+03  5.7464423E+00  0.0000000E+00  2.8726311E+03  3.9448191E+03  0.0000000E+00  1.9652387E+04  7.8212754E+03  0.0000000E+00  0.0000000E+00  4.9162322E+05  5.9900738E-02
     1.4680000E+03    230.0751975  9.2585810E+06  2.2420000E+03  0.0000000E+00  8.4482728E+03  5.6721039E+00  0.0000000E+00  2.8272522E+03  3.9092063E+03  0.0000000E+00  2.0178273E+04  8.4155420E+03  0.0000000E+00  0.0000000E+00  4.9168466E+05 -1.6610460E-02
     1.4690000E+03    230.0775446  9.2605330E+06  1.9520000E+03  0.0000000E+00  7.4904104E+03  5.5992465E+00  0.0000000E+00  2.7939155E+03  3.6963320E+03  0.0000000E+00  2.0983084E+04  8.9326777E+03  0.0000000E+00  0.0000000E+00  4.9175731E+05  7.1950912E+00
     1.4700000E+03    230.0799545  9.2625360E+06  2.0030000E+03  0.0000000E+00  7.8971508E+03  5.5278287E+00  0.0000000E+00  2.7500674E+03  3.7170740E+03  0.0000000E+00  2.1390051E+04  9.4636562E+03  0.0000000E+00  0.0000000E+00  4.9179844E+05  4.4097624E+00
     1.4710000E+03    230.0816410  9.2639380E+06  1.4020000E+03  0.0000000E+00  8.6395732E+03  5.4578109E+00  0.0000000E+00  2.7092029E+03  3.7242004E+03  0.0000000E+00  2.1342746E+04  9.8352480E+03  0.0000000E+00  0.0000000E+00  4.9181869E+05  1.8970655E+00
     1.4720000E+03    230.0864089  9.2679010E+06  3.9630000E+03  7.1361753E+02  6.7372642E+03  2.4453548E+01  0.0000000E+00  2.6795903E+03  4.3291904E+03  0.0000000E+00  2.2495283E+04  1.0885757E+04  0.0000000E+00  0.0000000E+00  4.9187328E+05 -8.7432172E-03
     1.4730000E+03    230.0890395  9.2700880E+06  2.1870000E+03  0.0000000E+00  5.7445682E+03  1.4962111E+01  0.0000000E+00  2.6599653E+03  3.7735515E+03  0.0000000E+00  2.3413775E+04  1.1992594E+04  0.0000000E+00  0.0000000E+00  4.9203112E+05  9.1648417E+00
     1.4740000E+03    230.0906051  9.2713890E+06  1.3010000E+03  0.0000000E+00  7.7334062E+03  1.4336102E+01  0.0000000E+00  2.6139231E+03  3.7898540E+03  0.0000000E+00  2.3242824E+04  1.2742833E+04  0.0000000E+00  0.0000000E+00  4.9205788E+05  1.1750193E+00
     1.4750000E+03    230.0911414  9.2718350E+06  4.4600000E+02  0.0000000E+00  8.4104793E+03  1.3752380E+01  0.0000000E+00  2.5780422E+03  3.7698850E+03  0.0000000E+00  2.2802404E+04  1.2999818E+04  0.0000000E+00  0.0000000E+00  4.9204288E+05 -9.1353291E-01
     1.4760000E+03    230.0905656  9.2713560E+06 -4.7900000E+02  0.0000000E+00  9.4841188E+03  1.3206431E+01  0.0000000E+00  2.5433906E+03  3.7495259E+03  0.0000000E+00  2.1971885E+04  1.2723901E+04  0.0000000E+00  0.0000000E+00  4.9198125E+05 -3.6600702E+00
     1.4770000E+03    230.0900933  9.2709640E+06 -3.9200000E+02  0.0000000E+00  8.8213060E+03  1.2694962E+01  0.0000000E+00  2.5115293E+03  3.7301179E+03  0.0000000E+00  2.1618676E+04  1.2497552E+04  0.0000000E+00  0.0000000E+00  4.9191228E+05 -2.0522842E+00
     1.4780000E+03    230.0896705  9.2706120E+06 -3.5200000E+02  0.0000000E+00  8.5983521E+03  1.2215098E+01  0.0000000E+00  2.4796809E+03  3.7192341E+03  0.0000000E+00  2.1428498E+04  1.2294976E+04  0.0000000E+00  0.0000000E+00  4.9184356E+05 -1.3820908E+00
     1.4790000E+03    230.0882414  9.2694240E+06 -1.1880000E+03  0.0000000E+00  1.0147673E+04  1.1764271E+01  0.0000000E+00  2.4487610E+03  3.7095259E+03  0.0000000E+00  2.0574490E+04  1.1610174E+04  0.0000000E+00  0.0000000E+00  4.9174234E+05 -4.8860846E+00
     1.4800000E+03    230.0878085  9.2690650E+06 -3.5900000E+02  0.0000000E+00  8.4718764E+03  1.1340172E+01  0.0000000E+00  2.4183914E+03  3.6990054E+03  0.0000000E+00  2.0641371E+04  1.1402759E+04  0.0000000E+00  0.0000000E+00  4.9166506E+05 -6.0888815E-01
     1.4810000E+03    230.0888212  9.2699060E+06  8.4100000E+02  0.0000000E+00  6.4232292E+03  1.0940721E+01  0.0000000E+00  2.3909985E+03  3.7082603E+03  0.0000000E+00  2.1562143E+04  1.1888022E+04  0.0000000E+00  0.0000000E+00  4.9164344E+05  4.6051016E+00
     1.4820000E+03    230.1186810  9.2947280E+06  2.4822000E+04  1.7136422E+04  3.2190189E+03  1.9755404E+03  0.0000000E+00  2.6414504E+03  4.4783350E+03  0.0000000E+00  3.6958199E+04  2.6196125E+04  0.0000000E+00  0.0000000E+00  4.9297847E+05 -6.5867505E-03
     1.4830000E+03    230.2058344  9.3671750E+06  7.2447000E+04  4.3620980E+04  2.9168127E+03  1.0858635E+04  0.0000000E+00  3.4504329E+03  6.3093149E+03  0.0000000E+00  1.0840936E+05  8.4675539E+04  0.0000000E+00  0.0000000E+00  4.9715194E+05 -5.5656158E-03
     1.4840000E+03    230.2011953  9.3633190E+06 -3.8560000E+03  3.5752027E+03  2.6002325E+03  1.3913350E+03  0.0000000E+00  4.3206904E+03  5.2052085E+03  0.0000000E+00  7.5413234E+04  8.0751438E+04  0.0000000E+00  0.0000000E+00  4.9913494E+05 -4.6756674E-04
     1.4850000E+03    230.1934061  9.3568440E+06 -6.4750000E+03  3.5747199E+03  3.0625062E+03  1.3152460E+03  0.0000000E+00  5.1655566E+03  4.2638379E+03  0.0000000E+00  6.4958512E+04  7.4162711E+04  0.0000000E+00  0.0000000E+00  4.9999244E+05 -2.8761531E-05
     1.4860000E+03    230.1846241  9.3495440E+06 -7.3000000E+03  1.4296701E+03  2.5625591E+03  9.7653534E+02  0.0000000E+00  6.4070132E+03  3.1322344E+03  0.0000000E+00  5.6473516E+04  6.7139695E+04  0.0000000E+00  0.0000000E+00  5.0099403E+05 -3.4016550E-01
     1.4870000E+03    230.1707392  9.3380020E+06 -1.1542000E+04  0.0000000E+00  6.5223860E+03  6.9690393E+02  0.0000000E+00  7.1618452E+03  2.4661086E+03  0.0000000E+00  4.7107121E+04  5.7761578E+04  0.0000000E+00  0.0000000E+00  5.0122994E+05 -3.6284488E-01
     1.4880000E+03    230.1583787  9.3277270E+06 -1.0275000E+04  0.0000000E+00  7.2431641E+03  5.6572723E+02  0.0000000E+00  7.8716782E+03  2.4575769E+03  0.0000000E+00  4.0204465E+04  4.9413117E+04  0.0000000E+00  0.0000000E+00  5.0133559E+05 -3.3323535E-01
     1.4890000E+03    230.1484540  9.3194770E+06 -8.2500000E+03  0.0000000E+00  7.3577885E+03  4.7226923E+02  0.0000000E+00  8.4996846E+03  2.6097581E+03  0.0000000E+00  3.5347203E+04  4.2709840E+04  0.0000000E+00  0.0000000E+00  5.0141066E+05 -2.0545907E-01
     1.4900000E+03    230.1417712  9.3139220E+06 -5.5550000E+03  0.0000000E+00  6.8277287E+03  4.0258182E+02  0.0000000E+00  9.0738750E+03  2.9197505E+03  0.0000000E+00  3.2835551E+04  3.8196203E+04  0.0000000E+00  0.0000000E+00  5.0152969E+05 -1.5992071E-01
     1.4910000E+03    230.1365752  9.3096020E+06 -4.3200000E+03  0.0000000E+00  7.2500190E+03  3.4877884E+02  0.0000000E+00  9.6306025E+03  3.0294192E+03  0.0000000E+00  3.0693195E+04  3.4770602E+04  0.0000000E+00  0.0000000E+00  5.0170628E+05 -1.2754914E-01
     1.4920000E+03    230.1637465  9.3321890E+06  2.2587000E+04  1.9293560E+04  3.0475583E+03  3.2772888E+03  0.0000000E+00  9.9493828E+03  4.0960220E+03  0.0000000E+00  5.0248930E+04  5.3038645E+04  0.0000000E+00  0.0000000E+00  5.0267241E+05 -7.5511212E-05
     1.4930000E+03    230.1567570  9.3263790E+06 -5.8100000E+03  2.0902602E+03  8.8116176E+03  1.1089207E+03  0.0000000E+00  1.0403330E+04  3.7869192E+03  0.0000000E+00  4.1503125E+04  4.8317863E+04  0.0000000E+00  0.0000000E+00  5.0307262E+05 -1.2504330E-03
     1.4940000E+03    230.1478978  9.3190150E+06 -7.3640000E+03  0.0000000E+00  8.9057244E+03  7.5371417E+02  0.0000000E+00  1.0844168E+04  3.4503699E+03  0.0000000E+00  3.5727953E+04  4.2334207E+04  0.0000000E+00  0.0000000E+00  5.0309131E+05 -8.4995647E-04
     1.4950000E+03    230.1412450  9.3134840E+06 -5.5310000E+03  0.0000000E+00  9.2476406E+03  6.0737323E+02  0.0000000E+00  1.1530797E+04  3.0266843E+03  0.0000000E+00  3.2369768E+04  3.7840789E+04  0.0000000E+00  0.0000000E+00  5.0330559E+05 -1.5200162E-01
     1.4960000E+03    230.1355227  9.3087280E+06 -4.7560000E+03  0.0000000E+00  9.5980814E+03  5.0459647E+02  0.0000000E+00  1.1884191E+04  2.9626497E+03  0.0000000E+00  2.9629166E+04  3.4266312E+04  0.0000000E+00  0.0000000E+00  5.0329894E+05 -1.1337432E-01
     1.4970000E+03    230.1305979  9.3046340E+06 -4.0940000E+03  0.0000000E+00  9.4673487E+03  4.2874512E+02  0.0000000E+00  1.2266527E+04  3.0124905E+03  0.0000000E+00  2.7563547E+04  3.1906455E+04  0.0000000E+00  0.0000000E+00  5.0333216E+05 -7.5412147E-02
     1.4980000E+03    230.1255715  9.3004550E+06 -4.1790000E+03  0.0000000E+00  1.0255762E+04  3.7062085E+02  0.0000000E+00  1.2597786E+04  3.0050681E+03  0.0000000E+00  2.5582322E+04  2.9497891E+04  0.0000000E+00  0.0000000E+00  5.0333397E+05 -6.7804150E-02
     1.4990000E+03    230.1210843  9.2967250E+06 -3.7300000E+03  0.0000000E+00  9.5530958E+03  3.2475894E+02  0.0000000E+00  1.1810372E+04  3.3301907E+03  0.0000000E+00  2.4372248E+04  2.7347734E+04  0.0000000E+00  0.0000000E+00  5.0255859E+05  1.5807144E-02
     1.5000000E+03    230.1345381  9.3079090E+06  1.1184000E+04  9.7507877E+03  6.4921982E+03  1.3755387E+03  0.0000000E+00  1.1811823E+04  3.8211182E+03  0.0000000E+00  3.2358223E+04  3.3794488E+04  0.0000000E+00  0.0000000E+00  5.0288800E+05  8.2580578E-03
     1.5010000E+03    230.1486058  9.3196030E+06  1.1694000E+04  8.3598585E+03  3.0101859E+03  1.7187528E+03  0.0000000E+00  1.2113796E+04  4.0984844E+03  0.0000000E+00  3.9407336E+04  4.2812391E+04  0.0000000E+00  0.0000000E+00  5.0365106E+05 -2.4870742E-02
     1.5020000E+03    230.1469409  9.3182190E+06 -1.3840000E+03  0.0000000E+00  5.2519468E+03  7.9279871E+02  0.0000000E+00  1.2575401E+04  3.8074929E+03  0.0000000E+00  3.5995113E+04  4.1687883E+04  0.0000000E+00  0.0000000E+00  5.0409159E+05 -1.5394902E-05
     1.5030000E+03    230.1461536  9.3175650E+06 -6.5400000E+02  0.0000000E+00  4.5831665E+03  6.3063263E+02  0.0000000E+00  1.2927210E+04  3.6621704E+03  0.0000000E+00  3.4887742E+04  4.1156113E+04  0.0000000E+00  0.0000000E+00  5.0431481E+05 -6.1104137E-01
     1.5040000E+03    230.1447958  9.3164360E+06 -1.1290000E+03  0.0000000E+00  5.1288901E+03  5.1934222E+02  0.0000000E+00  1.3525042E+04  3.5395181E+03  0.0000000E+00  3.3733309E+04  4.0239098E+04  0.0000000E+00  0.0000000E+00  5.0467059E+05 -1.6692862E-03
     1.5050000E+03    230.1419323  9.3140560E+06 -2.3800000E+03  0.0000000E+00  6.9443640E+03  4.3861841E+02  0.0000000E+00  1.3645170E+04  3.5262825E+03  0.0000000E+00  3.1985348E+04  3.8305043E+04  0.0000000E+00  0.0000000E+00  5.0464294E+05 -6.6949499E-01
     1.5060000E+03    230.1403146  9.3127110E+06 -1.3450000E+03  0.0000000E+00  6.1320252E+03  3.7756470E+02  0.0000000E+00  1.4048505E+04  3.4205256E+03  0.0000000E+00  3.0989969E+04  3.7212414E+04  0.0000000E+00  0.0000000E+00  5.0482706E+05 -8.3947061E-03
     1.5070000E+03    230.1366907  9.3096990E+06 -3.0120000E+03  0.0000000E+00  8.6518697E+03  3.2986765E+02  0.0000000E+00  1.4262386E+04  3.2141194E+03  0.0000000E+00  2.9065900E+04  3.4825984E+04  0.0000000E+00  0.0000000E+00  5.0484147E+05 -4.6732470E-02
     1.5080000E+03    230.1404189  9.3127980E+06  3.0990000E+03  5.5724472E+03  8.3209824E+03  8.0857117E+02  0.0000000E+00  1.4455562E+04  3.7993977E+03  0.0000000E+00  3.1731658E+04  3.7282871E+04  0.0000000E+00  0.0000000E+00  5.0498347E+05  1.2552880E-01
     1.5090000E+03    230.1952708  9.3583940E+06  4.5596000E+04  3.3466512E+04  6.5024863E+03  7.5623481E+03  0.0000000E+00  1.4730771E+04  4.9323242E+03  0.0000000E+00  7.7008117E+04  7.5740023E+04  0.0000000E+00  0.0000000E+00  5.0686231E+05 -2.3243125E-03
     1.5100000E+03    230.1862587  9.3509030E+06 -7.4910000E+03  0.0000000E+00  6.5706638E+03  1.0928268E+03  0.0000000E+00  1.5019342E+04  4.2113643E+03  0.0000000E+00  5.5421484E+04  6.8243711E+04  0.0000000E+00  0.0000000E+00  5.0740803E+05 -1.3642708E-03
     1.5110000E+03    230.1755647  9.3420130E+06 -8.8900000E+03  0.0000000E+00  7.3608148E+03  8.4997333E+02  0.0000000E+00  1.5271122E+04  3.5807034E+03  0.0000000E+00  4.6951336E+04  6.1020809E+04  0.0000000E+00  0.0000000E+00  5.0729816E+05  1.4113287E-04
     1.5120000E+03    230.1906647  9.3545650E+06  1.2552000E+04  1.7429083E+04  8.3827700E+03  3.6828262E+03  0.0000000E+00  1.5469020E+04  3.9450916E+03  0.0000000E+00  6.0143527E+04  7.1843859E+04  0.0000000E+00  0.0000000E+00  5.0783262E+05  7.5924443E-04
     1.5130000E+03    230.1851531  9.3499830E+06 -4.5820000E+03  3.4854836E+03  6.5288160E+03  1.6287461E+03  0.0000000E+00  1.5689212E+04  3.6988828E+03  0.0000000E+00  5.2339297E+04  6.7496953E+04  0.0000000E+00  0.0000000E+00  5.0801531E+05  1.1056659E-04
     1.5140000E+03    230.1764555  9.3427540E+06 -7.2290000E+03  0.0000000E+00  5.2759934E+03  1.0273287E+03  0.0000000E+00  1.5855565E+04  3.4009382E+03  0.0000000E+00  4.6186160E+04  6.1622496E+04  0.0000000E+00  0.0000000E+00  5.0787269E+05 -1.9559192E-03
     1.5150000E+03    230.1692503  9.3367640E+06 -5.9900000E+03  0.0000000E+00  5.4111178E+03  8.1469617E+02  0.0000000E+00  1.5986637E+04  3.3215820E+03  0.0000000E+00  4.1979676E+04  5.6755969E+04  0.0000000E+00  0.0000000E+00  5.0768150E+05 -1.0958539E+00
     1.5160000E+03    230.1628602  9.3314520E+06 -5.3120000E+03  0.0000000E+00  5.7321713E+03  6.6898669E+02  0.0000000E+00  1.6270250E+04  2.8684229E+03  0.0000000E+00  3.8748727E+04  5.2440004E+04  0.0000000E+00  0.0000000E+00  5.0764184E+05 -6.6566862E-02
     1.5170000E+03    230.1578898  9.3273210E+06 -4.1310000E+03  0.0000000E+00  5.5855292E+03  5.6323022E+02  0.0000000E+00  1.6365992E+04  2.9039224E+03  0.0000000E+00  3.6499570E+04  4.9082945E+04  0.0000000E+00  0.0000000E+00  5.0750297E+05 -2.1894986E-02
     1.5180000E+03    230.1531833  9.3234080E+06 -3.9130000E+03  0.0000000E+00  6.6219924E+03  4.8318109E+02  0.0000000E+00  1.6492375E+04  2.9249834E+03  0.0000000E+00  3.4552723E+04  4.5904074E+04  0.0000000E+00  0.0000000E+00  5.0739600E+05 -1.7625343E-02
     1.5190000E+03    230.1502744  9.3209900E+06 -2.4180000E+03  0.0000000E+00  5.9579381E+03  4.2063229E+02  0.0000000E+00  1.6582090E+04  3.0564727E+03  0.0000000E+00  3.3537457E+04  4.3939359E+04  0.0000000E+00  0.0000000E+00  5.0731588E+05  8.3283139E-03
     1.5200000E+03    230.1519329  9.3223690E+06  1.3790000E+03  4.1801706E+03  6.9731256E+03  7.3464557E+02  0.0000000E+00  1.6630178E+04  3.3438020E+03  0.0000000E+00  3.5210332E+04  4.5059594E+04  0.0000000E+00  0.0000000E+00  5.0735800E+05 -3.5101332E-04
     1.5210000E+03    230.4164343  9.5425270E+06  2.2015800E+05  1.1547991E+05  7.2561844E+03  3.6182270E+04  0.0000000E+00  1.7112744E+04  9.9125371E+03  0.0000000E+00  3.9214709E+05  3.2359491E+05  0.0000000E+00  0.0000000E+00  5.1566662E+05  6.6854212E-05
     1.5220000E+03    230.4867492  9.6010840E+06  5.8557000E+04  6.5167237E+04  6.8866766E+03  1.8193094E+04  0.0000000E+00  1.7672371E+04  9.3425518E+03  0.0000000E+00  4.0235897E+05  4.2860559E+05  0.0000000E+00  0.0000000E+00  5.2135716E+05 -2.4831559E-05
     1.5230000E+03    230.4930913  9.6063660E+06  5.2820000E+03  4.8994866E+04  6.8430668E+03  1.4122894E+04  0.0000000E+00  1.8209545E+04  6.6994668E+03  0.0000000E+00  3.7651794E+05  4.3902134E+05  0.0000000E+00  0.0000000E+00  5.2357694E+05 -1.3650900E-04
     1.5240000E+03    230.6394472  9.7282480E+06  1.2188200E+05  8.7166776E+04  4.9574534E+03  3.1433906E+04  0.0000000E+00  1.9626350E+04  8.8219219E+03  0.0000000E+00  6.9518700E+05  6.9775231E+05  0.0000000E+00  0.0000000E+00  5.3049488E+05  3.7496371E-05
     1.5250000E+03    230.5008054  9.6127900E+06 -1.1545800E+05  0.0000000E+00  5.7294059E+03  2.0604048E+03  0.0000000E+00  1.9892225E+04  3.2674727E+03  0.0000000E+00  3.2331253E+05  4.5172653E+05  0.0000000E+00  0.0000000E+00  5.2870538E+05 -5.4262491E-05
     1.5260000E+03    230.4316870  9.5552290E+06 -5.7561000E+04  2.7573688E+04  6.5682536E+03  6.1806050E+03  0.0000000E+00  2.0153236E+04  1.2750387E+03  0.0000000E+00  2.4142738E+05  3.4505212E+05  0.0000000E+00  0.0000000E+00  5.2581962E+05  1.4168504E-04
     1.5270000E+03    230.3572407  9.4932320E+06 -6.1997000E+04  6.8846157E+03  6.4271011E+03  3.0796506E+03  0.0000000E+00  2.0467844E+04  6.0068915E+02  0.0000000E+00  1.5873233E+05  2.4413397E+05  0.0000000E+00  0.0000000E+00  5.2302553E+05 -1.3064289E-04
     1.5280000E+03    230.3023672  9.4475340E+06 -4.5698000E+04  1.3756249E+03  4.0560875E+03  2.1122749E+03  0.0000000E+00  2.0589846E+04  3.7914432E+02  0.0000000E+00  1.1329769E+05  1.7863783E+05  0.0000000E+00  0.0000000E+00  5.2077259E+05  2.0483625E-04
     1.5290000E+03    230.2627465  9.4145390E+06 -3.2995000E+04  0.0000000E+00  4.8020457E+03  1.6400251E+03  0.0000000E+00  2.0457385E+04  3.7752542E+02  0.0000000E+00  8.6881781E+04  1.3679583E+05  0.0000000E+00  0.0000000E+00  5.1899034E+05 -8.5842330E-04
     1.5300000E+03    230.2346337  9.3911270E+06 -2.3412000E+04  0.0000000E+00  5.2223858E+03  1.3548884E+03  0.0000000E+00  2.0340229E+04  4.8874564E+02  0.0000000E+00  6.9645148E+04  1.0903626E+05  0.0000000E+00  0.0000000E+00  5.1765803E+05  4.2484626E-03
     1.5310000E+03    230.2143546  9.3742580E+06 -1.6869000E+04  0.0000000E+00  5.4100807E+03  1.1414371E+03  0.0000000E+00  2.0271361E+04  7.2081067E+02  0.0000000E+00  5.9720898E+04  9.1882617E+04  0.0000000E+00  0.0000000E+00  5.1663150E+05 -1.1031643E-02
     1.5320000E+03    230.2000854  9.3623960E+06 -1.1862000E+04  0.0000000E+00  5.2087453E+03  9.7662085E+02  0.0000000E+00  2.0216852E+04  8.7437415E+02  0.0000000E+00  5.2850539E+04  7.9812625E+04  0.0000000E+00  0.0000000E+00  5.1587850E+05  1.1951262E-02
     1.5330000E+03    230.1928561  9.3563870E+06 -6.0090000E+03  3.4325726E+03  6.2782284E+03  1.1504612E+03  0.0000000E+00  2.0167809E+04  1.1767440E+03  0.0000000E+00  5.0393840E+04  7.3697500E+04  0.0000000E+00  0.0000000E+00  5.1539372E+05  1.4921759E-03
     1.5340000E+03    230.1897683  9.3538200E+06 -2.5670000E+03  2.7459110E+03  3.7161061E+03  1.1376306E+03  0.0000000E+00  2.0139514E+04  1.4086144E+03  0.0000000E+00  4.9620508E+04  7.1085633E+04  0.0000000E+00  0.0000000E+00  5.1512356E+05  2.7678328E-04
     1.5350000E+03    230.1849929  9.3498500E+06 -3.9700000E+03  0.0000000E+00  3.1109617E+03  8.6552258E+02  0.0000000E+00  2.0115506E+04  1.4781123E+03  0.0000000E+00  4.7028086E+04  6.7388750E+04  0.0000000E+00  0.0000000E+00  5.1485050E+05  1.7909161E-03
     1.5360000E+03    230.1829288  9.3481350E+06 -1.7150000E+03  1.3727927E+03  2.9984955E+03  8.6621405E+02  0.0000000E+00  2.0089717E+04  1.5921630E+03  0.0000000E+00  4.6542336E+04  6.5994664E+04  0.0000000E+00  0.0000000E+00  5.1464369E+05  1.0514758E-03
     1.5370000E+03    230.1978515  9.3605390E+06  1.2404000E+04  1.3731480E+04  3.4662291E+03  2.7021465E+03  0.0000000E+00  2.0112076E+04  2.0950737E+03  0.0000000E+00  5.9346523E+04  7.7922961E+04  0.0000000E+00  0.0000000E+00  5.1502512E+05  4.1306135E-03
     1.5380000E+03    230.1959270  9.3589390E+06 -1.6000000E+03  4.1193063E+03  5.2271150E+03  1.6565546E+03  0.0000000E+00  2.0145611E+04  1.9372574E+03  0.0000000E+00  5.5932227E+04  7.6295086E+04  0.0000000E+00  0.0000000E+00  5.1510919E+05 -6.9082943E-03
     1.5390000E+03    230.1973396  9.3601140E+06  1.1750000E+03  5.4925430E+03  4.0024595E+03  1.8418975E+03  0.0000000E+00  2.0216508E+04  1.9344231E+03  0.0000000E+00  5.7049941E+04  7.7489977E+04  0.0000000E+00  0.0000000E+00  5.1517425E+05 -1.1450825E-03
     1.5400000E+03    230.1925106  9.3561000E+06 -4.0140000E+03  0.0000000E+00  2.9101600E+03  1.1151951E+03  0.0000000E+00  2.0350104E+04  1.7977423E+03  0.0000000E+00  5.2633891E+04  7.3405242E+04  0.0000000E+00  0.0000000E+00  5.1514406E+05  6.0009108E-05
     1.5410000E+03    230.1887954  9.3530110E+06 -3.0890000E+03  0.0000000E+00  2.5778673E+03  9.0940039E+02  0.0000000E+00  2.0455572E+04  1.7229550E+03  0.0000000E+00  5.0110859E+04  7.0262672E+04  0.0000000E+00  0.0000000E+00  5.1505659E+05  1.7916778E-03
     1.5420000E+03    230.1838364  9.3488890E+06 -4.1220000E+03  0.0000000E+00  4.6467661E+03  7.6348822E+02  0.0000000E+00  2.0626852E+04  1.3012799E+03  0.0000000E+00  4.7043922E+04  6.6607664E+04  0.0000000E+00  0.0000000E+00  5.1497800E+05  7.5373118E-04
     1.5430000E+03    230.3004085  9.4459030E+06  9.7014000E+04  5.2271987E+04  5.6303094E+03  1.4143843E+04  0.0000000E+00  2.1057914E+04  4.5555918E+03  0.0000000E+00  1.9612356E+05  1.7639739E+05  0.0000000E+00  0.0000000E+00  5.1905159E+05  5.5095725E-06
     1.5440000E+03    230.3558017  9.4920330E+06  4.6130000E+04  3.5110671E+04  5.3660243E+03  9.5637881E+03  0.0000000E+00  2.1976744E+04  4.9381919E+03  0.0000000E+00  2.3207731E+05  2.4229395E+05  0.0000000E+00  0.0000000E+00  5.2313588E+05  1.2030153E-04
     1.5450000E+03    230.9021157  9.9469930E+06  4.5496000E+05  1.4384574E+05  4.0933366E+03  4.9235316E+04  0.0000000E+00  2.4855984E+04  1.7059693E+04  0.0000000E+00  1.5337938E+06  1.2756174E+06  0.0000000E+00  0.0000000E+00  5.4367281E+05  2.1407399E-05
     1.5460000E+03    230.6914881  9.7715870E+06 -1.7540600E+05  0.0000000E+00  3.9491587E+03  1.9416200E+03  0.0000000E+00  2.5980814E+04  5.9282500E+03  0.0000000E+00  6.0769188E+05  8.0114362E+05  0.0000000E+00  0.0000000E+00  5.4473338E+05 -9.2476017E-05
     1.5470000E+03    230.5947306  9.6910090E+06 -8.0578000E+04  3.8711168E+04  3.2590617E+03  9.2706787E+03  0.0000000E+00  2.7666006E+04  6.4224207E+02  0.0000000E+00  4.6151247E+05  6.1383525E+05  0.0000000E+00  0.0000000E+00  5.4217288E+05  2.8329229E-04
     1.5480000E+03    230.4701864  9.5872910E+06 -1.0371800E+05  6.8979762E+03  4.2045575E+03  3.1402729E+03  0.0000000E+00  3.1185158E+04  0.0000000E+00  0.0000000E+00  2.6253981E+05  4.0327678E+05  0.0000000E+00  0.0000000E+00  5.3907481E+05 -3.0676252E-05
     1.5490000E+03    230.3801241  9.5122890E+06 -7.5002000E+04  0.0000000E+00  3.4473230E+03  1.9847937E+03  0.0000000E+00  3.2450051E+04  0.0000000E+00  0.0000000E+00  1.6740556E+05  2.7339525E+05  0.0000000E+00  0.0000000E+00  5.3559981E+05 -5.6440022E-05
     1.5500000E+03    230.3309387  9.4713280E+06 -4.0961000E+04  7.5696548E+03  3.0646937E+03  2.6818286E+03  0.0000000E+00  3.2165018E+04  0.0000000E+00  0.0000000E+00  1.3100719E+05  2.1131917E+05  0.0000000E+00  0.0000000E+00  5.3323525E+05  3.8628140E-04
     1.5510000E+03    230.2899509  9.4371940E+06 -3.4134000E+04  0.0000000E+00  3.2042685E+03  1.6434760E+03  0.0000000E+00  3.2002447E+04  0.0000000E+00  0.0000000E+00  9.9866203E+04  1.6443556E+05  0.0000000E+00  0.0000000E+00  5.3151375E+05  3.7561927E-03
     1.5520000E+03    230.2614207  9.4134350E+06 -2.3759000E+04  0.0000000E+00  3.3694971E+03  1.3496765E+03  0.0000000E+00  3.1706336E+04  0.0000000E+00  0.0000000E+00  8.2020578E+04  1.3546944E+05  0.0000000E+00  0.0000000E+00  5.3011919E+05 -2.4083662E-03
     1.5530000E+03    230.2418712  9.3971540E+06 -1.6281000E+04  0.0000000E+00  3.3374147E+03  1.1331411E+03  0.0000000E+00  3.1419156E+04  0.0000000E+00  0.0000000E+00  7.0421820E+04  1.1591088E+05  0.0000000E+00  0.0000000E+00  5.2906931E+05  5.7259733E-03
     1.5540000E+03    230.2290959  9.3865150E+06 -1.0639000E+04  0.0000000E+00  2.6263185E+03  9.6753009E+02  0.0000000E+00  3.1070441E+04  0.0000000E+00  0.0000000E+00  6.4295809E+04  1.0435191E+05  0.0000000E+00  0.0000000E+00  5.2830969E+05 -5.0974153E-03
     1.5550000E+03    230.2196324  9.3786450E+06 -7.8700000E+03  0.0000000E+00  2.9821184E+03  8.3730743E+02  0.0000000E+00  3.0802201E+04  0.0000000E+00  0.0000000E+00  5.9815273E+04  9.6347000E+04  0.0000000E+00  0.0000000E+00  5.2771125E+05 -4.3652230E-03
     1.5560000E+03    230.2127895  9.3729570E+06 -5.6880000E+03  0.0000000E+00  3.3624004E+03  7.3265985E+02  0.0000000E+00  3.0549717E+04  5.2055063E+00  0.0000000E+00  5.6441762E+04  9.0558672E+04  0.0000000E+00  0.0000000E+00  5.2721338E+05 -5.4738742E-01
     1.5570000E+03    230.2074927  9.3685540E+06 -4.4030000E+03  0.0000000E+00  3.6446850E+03  6.4706677E+02  0.0000000E+00  3.0822248E+04  0.0000000E+00  0.0000000E+00  5.3885988E+04  8.6078234E+04  0.0000000E+00  0.0000000E+00  5.2686356E+05  3.9435644E-02
     1.5580000E+03    230.2365399  9.3927140E+06  2.4160000E+04  2.1979193E+04  2.6750113E+03  4.1522173E+03  0.0000000E+00  2.9854463E+04  2.4675668E+02  0.0000000E+00  8.1746250E+04  1.1064861E+05  0.0000000E+00  0.0000000E+00  5.2754625E+05  1.2705823E-03
     1.5590000E+03    230.2331146  9.3898620E+06 -2.8520000E+03  2.7472371E+03  1.3263832E+03  1.5336123E+03  0.0000000E+00  2.9960279E+04  5.4691120E+01  0.0000000E+00  7.2027430E+04  1.0775123E+05  0.0000000E+00  0.0000000E+00  5.2770594E+05 -1.0766747E-02
     1.5600000E+03    230.2234780  9.3818420E+06 -8.0200000E+03  0.0000000E+00  4.5010190E+03  1.0800444E+03  0.0000000E+00  3.0196014E+04  0.0000000E+00  0.0000000E+00  6.4795980E+04  9.9599828E+04  0.0000000E+00  0.0000000E+00  5.2732631E+05 -8.4578441E-03
     1.5610000E+03    230.2158401  9.3754930E+06 -6.3490000E+03  0.0000000E+00  4.8363169E+03  8.9251874E+02  0.0000000E+00  3.0263088E+04  6.7111621E+00  0.0000000E+00  5.9763438E+04  9.3139180E+04  0.0000000E+00  0.0000000E+00  5.2689188E+05 -7.2887117E-01
     1.5620000E+03    230.2161097  9.3757170E+06  2.2400000E+02  3.4330371E+03  2.0034568E+03  1.1113665E+03  0.0000000E+00  3.0174951E+04  7.7017379E+00  0.0000000E+00  6.0969848E+04  9.3367219E+04  0.0000000E+00  0.0000000E+00  5.2672594E+05  9.0739727E-02
     1.5630000E+03    230.2113576  9.3717660E+06 -3.9510000E+03  0.0000000E+00  3.6103826E+03  7.8638690E+02  0.0000000E+00  3.0638590E+04  0.0000000E+00  0.0000000E+00  5.7610762E+04  8.9347477E+04  0.0000000E+00  0.0000000E+00  5.2657394E+05  3.1070866E-02
     1.5640000E+03    230.2131503  9.3732570E+06  1.4910000E+03  3.4328610E+03  1.7330381E+03  1.0158245E+03  0.0000000E+00  3.0112453E+04  2.1386662E+01  0.0000000E+00  5.9653047E+04  9.0863914E+04  0.0000000E+00  0.0000000E+00  5.2646150E+05  1.1129063E-01
     1.5650000E+03    230.2098824  9.3705400E+06 -2.7170000E+03  0.0000000E+00  2.7734654E+03  7.1501312E+02  0.0000000E+00  3.0186156E+04  1.0382030E-02  0.0000000E+00  5.7250469E+04  8.8099680E+04  0.0000000E+00  0.0000000E+00  5.2628088E+05 -4.9691517E-03
     1.5660000E+03    230.2065273  9.3677510E+06 -2.7890000E+03  0.0000000E+00  3.5833965E+03  6.1364020E+02  0.0000000E+00  3.0197877E+04  0.0000000E+00  0.0000000E+00  5.5236734E+04  8.5261688E+04  0.0000000E+00  0.0000000E+00  5.2603956E+05 -8.8197757E-03
     1.5670000E+03    230.2046404  9.3661830E+06 -1.5680000E+03  0.0000000E+00  2.8346672E+03  5.3510468E+02  0.0000000E+00  3.0161164E+04  0.0000000E+00  0.0000000E+00  5.4236668E+04  8.3665562E+04  0.0000000E+00  0.0000000E+00  5.2584544E+05  8.2189089E-04
     1.5680000E+03    230.2032456  9.3650230E+06 -1.1600000E+03  0.0000000E+00  2.8467446E+03  4.7242081E+02  0.0000000E+00  3.0226289E+04  0.0000000E+00  0.0000000E+00  5.3528508E+04  8.2485695E+04  0.0000000E+00  0.0000000E+00  5.2569019E+05  6.4197451E-02
     1.5690000E+03    230.2017911  9.3638140E+06 -1.2090000E+03  0.0000000E+00  3.2105664E+03  4.2122397E+02  0.0000000E+00  2.9989297E+04  3.2800015E-02  0.0000000E+00  5.2824961E+04  8.1255398E+04  0.0000000E+00  0.0000000E+00  5.2542156E+05 -2.5472527E-02
     1.5700000E+03    230.1998952  9.3622380E+06 -1.5760000E+03  0.0000000E+00  3.9250568E+03  3.7863806E+02  0.0000000E+00  2.9707980E+04  6.4541417E-01  0.0000000E+00  5.1915590E+04  7.9651742E+04  0.0000000E+00  0.0000000E+00  5.2495725E+05  9.1606652E-04
     1.5710000E+03    230.1978963  9.3605760E+06 -1.6620000E+03  0.0000000E+00  4.4278807E+03  3.4268491E+02  0.0000000E+00  2.9389697E+04  1.2900665E-02  0.0000000E+00  5.0990703E+04  7.7960875E+04  0.0000000E+00  0.0000000E+00  5.2447212E+05 -4.4662491E-03
     1.5720000E+03    230.1965997  9.3594990E+06 -1.0770000E+03  0.0000000E+00  4.1379597E+03  3.1195560E+02  0.0000000E+00  2.8922639E+04  1.9426627E+00  0.0000000E+00  5.0518758E+04  7.6864117E+04  0.0000000E+00  0.0000000E+00  5.2390169E+05 -2.1438944E-01
     1.5730000E+03    230.1951244  9.3582720E+06 -1.2270000E+03  0.0000000E+00  4.4178540E+03  2.8541681E+02  0.0000000E+00  2.8524391E+04  0.0000000E+00  0.0000000E+00  5.0030738E+04  7.5616219E+04  0.0000000E+00  0.0000000E+00  5.2329719E+05  4.1827891E-02
     1.5740000E+03    230.1939500  9.3572960E+06 -9.7600000E+02  0.0000000E+00  4.4269673E+03  2.6229233E+02  0.0000000E+00  2.8120949E+04  8.5272068E-01  0.0000000E+00  4.9691211E+04  7.4622836E+04  0.0000000E+00  0.0000000E+00  5.2286697E+05 -2.5695548E-04
     1.5750000E+03    230.1912384  9.3550420E+06 -2.2540000E+03  0.0000000E+00  6.4089567E+03  2.4198665E+02  0.0000000E+00  2.7845881E+04  2.4868040E+00  0.0000000E+00  4.8299465E+04  7.2329133E+04  0.0000000E+00  0.0000000E+00  5.2240794E+05 -1.2603691E-01
     1.5760000E+03    230.2015205  9.3635890E+06  8.5470000E+03  8.3527801E+03  2.7902329E+03  9.7813367E+02  0.0000000E+00  2.7020504E+04  6.1445068E+02  0.0000000E+00  5.6817734E+04  8.1026508E+04  0.0000000E+00  0.0000000E+00  5.2217850E+05  2.0496155E-01
     1.5770000E+03    230.2780024  9.4272440E+06  6.3655000E+04  3.9865727E+04  3.4757044E+03  9.5472627E+03  0.0000000E+00  2.6908672E+04  1.5585508E+03  0.0000000E+00  1.4442741E+05  1.5205884E+05  0.0000000E+00  0.0000000E+00  5.2463619E+05  4.3884671E-04
     1.5780000E+03    230.2608844  9.4129880E+06 -1.4256000E+04  1.3742754E+03  7.6760059E+03  1.2967300E+03  0.0000000E+00  2.6935584E+04  4.3390106E+02  0.0000000E+00  9.9180016E+04  1.3493288E+05  0.0000000E+00  0.0000000E+00  5.2486875E+05 -1.2561801E-04
     1.5790000E+03    230.2450051  9.3997640E+06 -1.3224000E+04  0.0000000E+00  5.8697403E+03  9.5044177E+02  0.0000000E+00  2.7158816E+04  2.2936993E+01  0.0000000E+00  8.1166406E+04  1.1904623E+05  0.0000000E+00  0.0000000E+00  5.2419438E+05 -1.9523541E+00
     1.5800000E+03    230.2308743  9.3879960E+06 -1.1768000E+04  0.0000000E+00  5.5642250E+03  7.7649402E+02  0.0000000E+00  2.8780150E+04  0.0000000E+00  0.0000000E+00  6.9832547E+04  1.0585627E+05  0.0000000E+00  0.0000000E+00  5.2363144E+05 -2.3631622E-01
     1.5810000E+03    230.2185232  9.3777230E+06 -1.0273000E+04  0.0000000E+00  6.2105767E+03  6.5220978E+02  0.0000000E+00  2.7560230E+04  0.0000000E+00  0.0000000E+00  6.3132176E+04  9.5408695E+04  0.0000000E+00  0.0000000E+00  5.2275938E+05 -1.6298582E-03
     1.5820000E+03    230.2094886  9.3702130E+06 -7.5100000E+03  0.0000000E+00  6.5893614E+03  5.5904626E+02  0.0000000E+00  2.7277307E+04  7.3562222E+00  0.0000000E+00  5.8236957E+04  8.7766547E+04  0.0000000E+00  0.0000000E+00  5.2208222E+05 -8.2654315E-01
     1.5830000E+03    230.2026418  9.3645210E+06 -5.6920000E+03  0.0000000E+00  6.3179809E+03  4.8668021E+02  0.0000000E+00  2.7127828E+04  0.0000000E+00  0.0000000E+00  5.4993000E+04  8.1975016E+04  0.0000000E+00  0.0000000E+00  5.2154803E+05  7.3707006E-03
     1.5840000E+03    230.1979191  9.3605950E+06 -3.9260000E+03  0.0000000E+00  6.1177191E+03  4.2891226E+02  0.0000000E+00  2.6908070E+04  0.0000000E+00  0.0000000E+00  5.2839461E+04  7.7980148E+04  0.0000000E+00  0.0000000E+00  5.2111225E+05  5.4438063E-03
     1.5850000E+03    230.1937372  9.3571190E+06 -3.4760000E+03  0.0000000E+00  6.9438717E+03  3.8179144E+02  0.0000000E+00  2.6688711E+04  0.0000000E+00  0.0000000E+00  5.0840250E+04  7.4442758E+04  0.0000000E+00  0.0000000E+00  5.2071728E+05  1.4398864E-04
     1.5860000E+03    230.1899808  9.3539970E+06 -3.1220000E+03  0.0000000E+00  7.6611590E+03  3.4267764E+02  0.0000000E+00  2.6447150E+04  0.0000000E+00  0.0000000E+00  4.9014988E+04  7.1265305E+04  0.0000000E+00  0.0000000E+00  5.2029850E+05  4.4543046E-04
     1.5870000E+03    230.1883965  9.3526800E+06 -1.3170000E+03  0.0000000E+00  6.4000678E+03  3.0973730E+02  0.0000000E+00  2.6233723E+04  8.4369022E-01  0.0000000E+00  4.8467934E+04  6.9925258E+04  0.0000000E+00  0.0000000E+00  5.2001081E+05  2.9069320E-03
     1.5880000E+03    230.1851404  9.3499730E+06 -2.7070000E+03  0.0000000E+00  8.5934986E+03  2.8165628E+02  0.0000000E+00  2.6080816E+04  2.9779699E+00  0.0000000E+00  4.6804082E+04  6.7488383E+04  0.0000000E+00  0.0000000E+00  5.1970600E+05 -2.7772239E-01
     1.5890000E+03    230.1848155  9.3497030E+06 -2.7000000E+02  0.0000000E+00  6.1329646E+03  2.5746725E+02  0.0000000E+00  2.5908217E+04  8.3284169E-02  0.0000000E+00  4.7057207E+04  6.7268961E+04  0.0000000E+00  0.0000000E+00  5.1950175E+05  1.2381516E-01
     1.5900000E+03    230.1839441  9.3489780E+06 -7.2500000E+02  0.0000000E+00  6.8202906E+03  2.3644221E+02  0.0000000E+00  2.5717439E+04  1.5809851E+00  0.0000000E+00  4.6822234E+04  6.6680352E+04  0.0000000E+00  0.0000000E+00  5.1928800E+05 -1.5093080E-03
     1.5910000E+03    230.1935945  9.3570010E+06  8.0230000E+03  7.6372624E+03  5.4179156E+03  8.8749988E+02  0.0000000E+00  2.5194125E+04  1.6097508E+02  0.0000000E+00  5.4206148E+04  7.4322086E+04  0.0000000E+00  0.0000000E+00  5.1934269E+05  1.2084157E-03
     1.5920000E+03    230.1930605  9.3565570E+06 -4.4400000E+02  0.0000000E+00  4.9213133E+03  4.3382791E+02  0.0000000E+00  2.5193814E+04  1.4446930E+01  0.0000000E+00  5.2734082E+04  7.3870375E+04  0.0000000E+00  0.0000000E+00  5.1927538E+05 -5.1550556E-04
     1.5930000E+03    230.1918929  9.3555860E+06 -9.7100000E+02  0.0000000E+00  5.3991022E+03  3.7610397E+02  0.0000000E+00  2.5098111E+04  7.5751367E+00  0.0000000E+00  5.1846863E+04  7.2882750E+04  0.0000000E+00  0.0000000E+00  5.1906094E+05  3.3828800E-03
     1.5940000E+03    230.1903365  9.3542920E+06 -1.2940000E+03  0.0000000E+00  6.0473792E+03  3.3097891E+02  0.0000000E+00  2.4954924E+04  6.6184835E+00  0.0000000E+00  5.0813727E+04  7.1566195E+04  0.0000000E+00  0.0000000E+00  5.1881797E+05 -2.9188603E-01
     1.5950000E+03    230.1886757  9.3529120E+06 -1.3800000E+03  0.0000000E+00  6.3402557E+03  2.9472864E+02  0.0000000E+00  2.4850422E+04  4.3067131E+00  0.0000000E+00  4.9903016E+04  7.0161352E+04  0.0000000E+00  0.0000000E+00  5.1860172E+05 -1.0162613E-01
     1.5960000E+03    230.1874527  9.3518950E+06 -1.0170000E+03  0.0000000E+00  6.2171259E+03  2.6496161E+02  0.0000000E+00  2.4733564E+04  3.5405531E+00  0.0000000E+00  4.9334461E+04  6.9126906E+04  0.0000000E+00  0.0000000E+00  5.1840631E+05  3.2039022E-03
     1.5970000E+03    230.1849125  9.3497830E+06 -2.1120000E+03  0.0000000E+00  7.7222932E+03  2.4007555E+02  0.0000000E+00  2.4635373E+04  1.1242718E+00  0.0000000E+00  4.8061164E+04  6.7334430E+04  0.0000000E+00  0.0000000E+00  5.1817366E+05 -1.2303011E-02
     1.5980000E+03    230.1825277  9.3478010E+06 -1.9820000E+03  0.0000000E+00  8.0420214E+03  2.1895827E+02  0.0000000E+00  2.4551527E+04  1.0951967E-01  0.0000000E+00  4.7011059E+04  6.5723734E+04  0.0000000E+00  0.0000000E+00  5.1794391E+05 -3.1455096E-03
     1.5990000E+03    230.1799608  9.3456670E+06 -2.1340000E+03  0.0000000E+00  8.6932151E+03  2.0081390E+02  0.0000000E+00  2.4455412E+04  0.0000000E+00  0.0000000E+00  4.5890996E+04  6.3990020E+04  0.0000000E+00  0.0000000E+00  5.1770916E+05 -2.7731636E-03
     1.6000000E+03    230.1776004  9.3437050E+06 -1.9620000E+03  0.0000000E+00  9.0219103E+03  1.8505791E+02  0.0000000E+00  2.4355023E+04  0.0000000E+00  0.0000000E+00  4.4914230E+04  6.2395758E+04  0.0000000E+00  0.0000000E+00  5.1748547E+05 -1.9034154E-03
     1.6010000E+03    230.1762174  9.3425560E+06 -1.1490000E+03  0.0000000E+00  8.5699904E+03  1.7125105E+02  0.0000000E+00  2.4226213E+04  1.7042705E+00  0.0000000E+00  4.4481598E+04  6.1461680E+04  0.0000000E+00  0.0000000E+00  5.1730288E+05 -7.5856689E-03
     1.6020000E+03    230.1757365  9.3421560E+06 -4.0000000E+02  0.0000000E+00  7.9977225E+03  1.5905663E+02  0.0000000E+00  2.4110625E+04  5.0259743E+00  0.0000000E+00  4.4470648E+04  6.1136887E+04  0.0000000E+00  0.0000000E+00  5.1717316E+05  1.0056641E-03
     1.6030000E+03    230.2144007  9.3742960E+06  3.2140000E+04  2.4309146E+04  2.0103741E+03  3.9454836E+03  0.0000000E+00  2.3727459E+04  5.6786090E+02  0.0000000E+00  7.4657930E+04  9.1921547E+04  0.0000000E+00  0.0000000E+00  5.1833822E+05  1.8507184E-04
     1.6040000E+03    230.2072549  9.3683560E+06 -5.9400000E+03  0.0000000E+00  7.4350042E+03  7.6058777E+02  0.0000000E+00  2.3856646E+04  1.8324417E+02  0.0000000E+00  6.2937996E+04  8.5877141E+04  0.0000000E+00  0.0000000E+00  5.1854472E+05 -1.7547657E-04
     1.6050000E+03    230.2012814  9.3633900E+06 -4.9660000E+03  0.0000000E+00  7.5798561E+03  6.0696344E+02  0.0000000E+00  2.4017303E+04  2.1296886E+01  0.0000000E+00  5.8137230E+04  8.0824281E+04  0.0000000E+00  0.0000000E+00  5.1832141E+05 -7.8929496E-01
     1.6060000E+03    230.1960077  9.3590070E+06 -4.3830000E+03  2.0829769E+03  1.0402816E+04  7.0518677E+02  0.0000000E+00  2.4112172E+04  4.8113012E+00  0.0000000E+00  5.4970660E+04  7.6363359E+04  0.0000000E+00  0.0000000E+00  5.1806009E+05 -5.9581226E-01
     1.6070000E+03    230.1916351  9.3553720E+06 -3.6350000E+03  0.0000000E+00  8.1423247E+03  5.0369086E+02  0.0000000E+00  2.4455602E+04  0.0000000E+00  0.0000000E+00  5.2157742E+04  7.2664695E+04  0.0000000E+00  0.0000000E+00  5.1785162E+05 -6.8053722E-02
     1.6080000E+03    230.1885469  9.3528050E+06 -2.5670000E+03  0.0000000E+00  7.6292394E+03  4.2682544E+02  0.0000000E+00  2.4133004E+04  0.0000000E+00  0.0000000E+00  5.0555199E+04  7.0052469E+04  0.0000000E+00  0.0000000E+00  5.1761053E+05  4.1233966E-04
     1.6090000E+03    230.1855702  9.3503300E+06 -2.4750000E+03  0.0000000E+00  8.3459551E+03  3.6879749E+02  0.0000000E+00  2.4273916E+04  0.0000000E+00  0.0000000E+00  4.8978914E+04  6.7778680E+04  0.0000000E+00  0.0000000E+00  5.1742931E+05 -3.6792051E-02
     1.6100000E+03    230.1825345  9.3478070E+06 -2.5230000E+03  0.0000000E+00  8.9068128E+03  3.2349509E+02  0.0000000E+00  2.4235672E+04  0.0000000E+00  0.0000000E+00  4.7528133E+04  6.5728336E+04  0.0000000E+00  0.0000000E+00  5.1723269E+05 -3.3297397E-02
     1.6110000E+03    230.1781338  9.3441490E+06 -3.6580000E+03  0.0000000E+00  1.0682293E+04  2.8717184E+02  0.0000000E+00  2.4023174E+04  0.0000000E+00  0.0000000E+00  4.5470754E+04  6.2756012E+04  0.0000000E+00  0.0000000E+00  5.1696891E+05  1.0850945E-03
     1.6120000E+03    230.1743354  9.3409910E+06 -3.1580000E+03  0.0000000E+00  1.1034071E+04  2.5741364E+02  0.0000000E+00  2.3977109E+04  0.0000000E+00  0.0000000E+00  4.3834637E+04  6.0190508E+04  0.0000000E+00  0.0000000E+00  5.1672962E+05  3.6197125E-03
     1.6130000E+03    230.1703398  9.3376700E+06 -3.3210000E+03  0.0000000E+00  1.2063424E+04  2.3259914E+02  0.0000000E+00  2.3900020E+04  2.1270132E-02  0.0000000E+00  4.2085004E+04  5.7491824E+04  0.0000000E+00  0.0000000E+00  5.1647625E+05 -2.3924321E-02
     1.6140000E+03    230.1655227  9.3336650E+06 -4.0050000E+03  0.0000000E+00  1.3734514E+04  2.1160046E+02  0.0000000E+00  2.3850566E+04  3.2868445E-02  0.0000000E+00  3.9884488E+04  5.4238305E+04  0.0000000E+00  0.0000000E+00  5.1619453E+05 -3.1182026E-02
     1.6150000E+03    230.1635078  9.3319910E+06 -1.6740000E+03  0.0000000E+00  1.2051983E+04  1.9360925E+02  0.0000000E+00  2.3733932E+04  0.0000000E+00  0.0000000E+00  3.9318824E+04  5.2877438E+04  0.0000000E+00  0.0000000E+00  5.1599634E+05 -1.3951447E-02
     1.6160000E+03    230.1637204  9.3321670E+06  1.7600000E+02  0.0000000E+00  1.0414664E+04  1.7803105E+02  0.0000000E+00  2.3583148E+04  7.5314469E+00  0.0000000E+00  3.9858527E+04  5.3021023E+04  0.0000000E+00  0.0000000E+00  5.1590419E+05  7.6750002E-04
     1.6170000E+03    230.1798075  9.3455400E+06  1.3373000E+04  1.2757142E+04  1.1891998E+04  1.5971814E+03  0.0000000E+00  2.3312873E+04  2.1397731E+02  0.0000000E+00  5.1698516E+04  6.3886441E+04  0.0000000E+00  0.0000000E+00  5.1632631E+05  3.3220235E-04
     1.6180000E+03    230.1795977  9.3453660E+06 -1.7400000E+02  0.0000000E+00  8.8373787E+03  5.3632410E+02  0.0000000E+00  2.3310658E+04  1.3936444E+02  0.0000000E+00  4.8709742E+04  6.3744785E+04  0.0000000E+00  0.0000000E+00  5.1645181E+05  1.2644553E-02
     1.6190000E+03    230.2103868  9.3709590E+06  2.5593000E+04  2.0153540E+04  5.3993476E+03  3.9252051E+03  0.0000000E+00  2.3182240E+04  6.5422430E+02  0.0000000E+00  7.2913680E+04  8.8526273E+04  0.0000000E+00  0.0000000E+00  5.1739350E+05  1.5147224E-03
     1.6200000E+03    230.2015490  9.3636130E+06 -7.3460000E+03  0.0000000E+00  1.1094127E+04  9.6619550E+02  0.0000000E+00  2.3330615E+04  8.7444366E+01  0.0000000E+00  6.0587121E+04  8.1050586E+04  0.0000000E+00  0.0000000E+00  5.1748731E+05 -2.4140847E-03
     1.6210000E+03    230.1939655  9.3573090E+06 -6.3040000E+03  0.0000000E+00  1.0962606E+04  7.4617548E+02  0.0000000E+00  2.3475617E+04  6.7196646E+00  0.0000000E+00  5.5068418E+04  7.4635930E+04  0.0000000E+00  0.0000000E+00  5.1721662E+05 -1.2904435E-02
     1.6220000E+03    230.1879851  9.3523380E+06 -4.9710000E+03  0.0000000E+00  1.1177324E+04  6.0235724E+02  0.0000000E+00  2.4079600E+04  0.0000000E+00  0.0000000E+00  5.0999891E+04  6.9577258E+04  0.0000000E+00  0.0000000E+00  5.1704962E+05 -1.2597971E-01
     1.6230000E+03    230.1801288  9.3458070E+06 -6.5310000E+03  0.0000000E+00  1.3486784E+04  5.0166879E+02  0.0000000E+00  2.3793180E+04  0.0000000E+00  0.0000000E+00  4.6769480E+04  6.4103449E+04  0.0000000E+00  0.0000000E+00  5.1668000E+05  6.5649371E-03
     1.6240000E+03    230.1734072  9.3402200E+06 -5.5870000E+03  0.0000000E+00  1.3852450E+04  4.2749710E+02  0.0000000E+00  2.3761557E+04  2.3119324E-01  0.0000000E+00  4.3578727E+04  5.9563582E+04  0.0000000E+00  0.0000000E+00  5.1634491E+05 -8.3747618E-02
     1.6250000E+03    230.1664178  9.3344100E+06 -5.8100000E+03  0.0000000E+00  1.5481611E+04  3.7070044E+02  0.0000000E+00  2.3745414E+04  9.4615430E-02  0.0000000E+00  4.0363902E+04  5.4842855E+04  0.0000000E+00  0.0000000E+00  5.1599503E+05 -4.9124904E-02
     1.6260000E+03    230.1613674  9.3302110E+06 -4.1990000E+03  0.0000000E+00  1.5100179E+04  3.2587537E+02  0.0000000E+00  2.3662598E+04  3.0549984E-02  0.0000000E+00  3.8317371E+04  5.1431781E+04  0.0000000E+00  0.0000000E+00  5.1568619E+05 -4.0805086E-02
     1.6270000E+03    230.1581957  9.3275750E+06 -2.6360000E+03  0.0000000E+00  1.4431487E+04  2.8963812E+02  0.0000000E+00  2.3544004E+04  2.3710895E-03  0.0000000E+00  3.7234828E+04  4.9289531E+04  0.0000000E+00  0.0000000E+00  5.1545434E+05 -2.5973817E-02
     1.6280000E+03    230.1561454  9.3258700E+06 -1.7050000E+03  0.0000000E+00  1.4122384E+04  2.5976727E+02  0.0000000E+00  2.3425143E+04  1.3026651E+00  0.0000000E+00  3.6631000E+04  4.7904734E+04  0.0000000E+00  0.0000000E+00  5.1528500E+05 -1.2110124E-02
     1.6290000E+03    230.1554742  9.3253130E+06 -5.5700000E+02  0.0000000E+00  1.3293741E+04  2.3474576E+02  0.0000000E+00  2.3302156E+04  5.9325256E+00  0.0000000E+00  3.6655754E+04  4.7451426E+04  0.0000000E+00  0.0000000E+00  5.1516431E+05 -2.3726423E-03
     1.6300000E+03    230.1546309  9.3246110E+06 -7.0200000E+02  0.0000000E+00  1.3675884E+04  2.1350266E+02  0.0000000E+00  2.3240484E+04  8.2572193E+00  0.0000000E+00  3.6406789E+04  4.6881812E+04  0.0000000E+00  0.0000000E+00  5.1507366E+05 -5.2435091E-03
     1.6310000E+03    230.1634733  9.3319620E+06  7.3510000E+03  9.3973367E+03  1.5934957E+04  1.1342844E+03  0.0000000E+00  2.2926363E+04  7.6748242E+02  0.0000000E+00  4.3575168E+04  5.2854113E+04  0.0000000E+00  0.0000000E+00  5.1516378E+05  1.6304870E-01
     1.6320000E+03    230.1616243  9.3304250E+06 -1.5370000E+03  0.0000000E+00  1.3979699E+04  4.7263074E+02  0.0000000E+00  2.3005375E+04  1.3556952E+02  0.0000000E+00  4.0705555E+04  5.1605297E+04  0.0000000E+00  0.0000000E+00  5.1524691E+05 -5.9437257E-06
     1.6330000E+03    230.1607251  9.3296770E+06 -7.4800000E+02  0.0000000E+00  1.2961514E+04  3.9838733E+02  0.0000000E+00  2.3001719E+04  8.2573730E+01  0.0000000E+00  3.9896027E+04  5.0997977E+04  0.0000000E+00  0.0000000E+00  5.1518391E+05  3.2327387E-03
     1.6340000E+03    230.1593942  9.3285710E+06 -1.1060000E+03  0.0000000E+00  1.3382446E+04  3.4279327E+02  0.0000000E+00  2.3014055E+04  1.9581554E+01  0.0000000E+00  3.9016457E+04  5.0099031E+04  0.0000000E+00  0.0000000E+00  5.1510212E+05 -3.4257550E-02
     1.6350000E+03    230.1583575  9.3277090E+06 -8.6200000E+02  0.0000000E+00  1.3194064E+04  2.9970395E+02  0.0000000E+00  2.2969990E+04  3.0609020E+01  0.0000000E+00  3.8477871E+04  4.9398805E+04  0.0000000E+00  0.0000000E+00  5.1502384E+05 -2.2212368E-02
     1.6360000E+03    230.1549739  9.3248970E+06 -2.8120000E+03  0.0000000E+00  1.5716276E+04  2.6537207E+02  0.0000000E+00  2.3140387E+04  6.5878248E+00  0.0000000E+00  3.6574070E+04  4.7113484E+04  0.0000000E+00  0.0000000E+00  5.1489447E+05 -7.0849970E-02
     1.6370000E+03    230.1528777  9.3231540E+06 -1.7430000E+03  0.0000000E+00  1.4964785E+04  2.3739703E+02  0.0000000E+00  2.3001182E+04  7.3992252E+00  0.0000000E+00  3.5660684E+04  4.5697703E+04  0.0000000E+00  0.0000000E+00  5.1473856E+05 -4.5533296E-02
     1.6380000E+03    230.1503906  9.3210870E+06 -2.0670000E+03  0.0000000E+00  1.5881879E+04  2.1417639E+02  0.0000000E+00  2.2970268E+04  7.4262896E+00  0.0000000E+00  3.4629750E+04  4.4017855E+04  0.0000000E+00  0.0000000E+00  5.1459191E+05 -4.3341804E-02
     1.6390000E+03    230.1474887  9.3186740E+06 -2.4130000E+03  0.0000000E+00  1.6958203E+04  1.9460263E+02  0.0000000E+00  2.2957035E+04  6.2455750E+00  0.0000000E+00  3.3423637E+04  4.2057871E+04  0.0000000E+00  0.0000000E+00  5.1442541E+05 -5.7684746E-02
     1.6400000E+03    230.1458661  9.3173260E+06 -1.3480000E+03  0.0000000E+00  1.6227914E+04  1.7788689E+02  0.0000000E+00  2.2807898E+04  1.5182504E+01  0.0000000E+00  3.2849430E+04  4.0961965E+04  0.0000000E+00  0.0000000E+00  5.1427603E+05 -3.8191821E-02
     1.6410000E+03    230.1416991  9.3138620E+06 -3.4640000E+03  0.0000000E+00  1.9415267E+04  1.6345267E+02  0.0000000E+00  2.2948191E+04  4.1378884E+00  0.0000000E+00  3.0940004E+04  3.8147496E+04  0.0000000E+00  0.0000000E+00  5.1408994E+05 -8.9033633E-02
     1.6420000E+03    230.1449228  9.3165420E+06  2.6800000E+03  4.6971562E+03  1.7800771E+04  4.9189108E+02  0.0000000E+00  2.2564537E+04  3.0615924E+02  0.0000000E+00  3.3393461E+04  4.0324828E+04  0.0000000E+00  0.0000000E+00  5.1401538E+05  5.7711802E-02
     1.6430000E+03    230.1512747  9.3218220E+06  5.2800000E+03  6.7109631E+03  1.7551685E+04  9.8149921E+02  0.0000000E+00  2.2523252E+04  3.1067441E+02  0.0000000E+00  3.7542027E+04  4.4615035E+04  0.0000000E+00  0.0000000E+00  5.1421116E+05  5.1308714E-04
     1.6440000E+03    230.1508710  9.3214860E+06 -3.3600000E+02  0.0000000E+00  1.4963076E+04  4.7393628E+02  0.0000000E+00  2.2506346E+04  2.5624939E+02  0.0000000E+00  3.6244473E+04  4.4342355E+04  0.0000000E+00  0.0000000E+00  5.1423981E+05 -1.5543236E-03
     1.6450000E+03    230.1485610  9.3195660E+06 -1.9200000E+03  0.0000000E+00  1.6848525E+04  3.9359589E+02  0.0000000E+00  2.2552664E+04  8.2618149E+01  0.0000000E+00  3.4815449E+04  4.2782129E+04  0.0000000E+00  0.0000000E+00  5.1416747E+05 -5.2856758E-02
     1.6460000E+03    230.1629276  9.3315080E+06  1.1942000E+04  1.3095057E+04  1.8859605E+04  2.1425095E+03  0.0000000E+00  2.2464438E+04  5.2922278E+02  0.0000000E+00  4.6114887E+04  5.2485578E+04  0.0000000E+00  0.0000000E+00  5.1454816E+05  5.7789666E-04
     1.6470000E+03    230.1586406  9.3279450E+06 -3.5630000E+03  1.3094082E+03  1.8868192E+04  8.7837878E+02  0.0000000E+00  2.2488469E+04  3.4695380E+02  0.0000000E+00  4.0565219E+04  4.9590043E+04  0.0000000E+00  0.0000000E+00  5.1457322E+05 -1.0389388E-03
     1.6480000E+03    230.1544929  9.3244970E+06 -3.4480000E+03  0.0000000E+00  1.7485176E+04  6.2552155E+02  0.0000000E+00  2.2512795E+04  2.3568620E+02  0.0000000E+00  3.7464344E+04  4.6788602E+04  0.0000000E+00  0.0000000E+00  5.1442416E+05 -7.1121472E-01
     1.6490000E+03    230.1508002  9.3214270E+06 -3.0700000E+03  0.0000000E+00  1.7126229E+04  5.0776093E+02  0.0000000E+00  2.2514578E+04  1.7469618E+02  0.0000000E+00  3.5503406E+04  4.4294516E+04  0.0000000E+00  0.0000000E+00  5.1425259E+05  5.0100096E-04
     1.6500000E+03    230.1591410  9.3283610E+06  6.9340000E+03  7.2018078E+03  1.5588560E+04  1.2735714E+03  0.0000000E+00  2.2476215E+04  4.1928247E+02  0.0000000E+00  4.1917809E+04  4.9928031E+04  0.0000000E+00  0.0000000E+00  5.1444612E+05 -6.4327405E-04
     1.6510000E+03    230.1552175  9.3250990E+06 -3.2620000E+03  0.0000000E+00  1.7025949E+04  6.2332538E+02  0.0000000E+00  2.2499332E+04  2.5493806E+02  0.0000000E+00  3.8175367E+04  4.7278027E+04  0.0000000E+00  0.0000000E+00  5.1442028E+05  1.7183917E-03
     1.6520000E+03    230.1497618  9.3205640E+06 -4.5350000E+03  0.0000000E+00  1.8882505E+04  5.0832211E+02  0.0000000E+00  2.2505154E+04  1.8822096E+02  0.0000000E+00  3.5115270E+04  4.3593191E+04  0.0000000E+00  0.0000000E+00  5.1420172E+05 -2.7428064E-04
     1.6530000E+03    230.1430548  9.3149890E+06 -5.5750000E+03  0.0000000E+00  2.1775476E+04  4.2641028E+02  0.0000000E+00  2.2806381E+04  7.8170004E+00  0.0000000E+00  3.1949676E+04  3.9063176E+04  0.0000000E+00  0.0000000E+00  5.1395634E+05 -1.4626978E-01
     1.6540000E+03    230.1409799  9.3132640E+06 -1.7250000E+03  0.0000000E+00  1.8067210E+04  3.6535059E+02  0.0000000E+00  2.2508703E+04  7.1293152E+01  0.0000000E+00  3.1170434E+04  3.7661785E+04  0.0000000E+00  0.0000000E+00  5.1373631E+05 -5.5198248E-02
     1.6550000E+03    230.1376251  9.3104750E+06 -2.7890000E+03  0.0000000E+00  1.9890902E+04  3.1819370E+02  0.0000000E+00  2.2515141E+04  6.9650993E+01  0.0000000E+00  2.9695031E+04  3.5395898E+04  0.0000000E+00  0.0000000E+00  5.1355894E+05 -7.0607737E-02
     1.6560000E+03    230.1377339  9.3105660E+06  9.1000000E+01  0.0000000E+00  1.6752149E+04  2.8073602E+02  0.0000000E+00  2.2356598E+04  2.6184213E+02  0.0000000E+00  2.9933941E+04  3.5469375E+04  0.0000000E+00  0.0000000E+00  5.1344050E+05 -5.8848681E-03
     1.6570000E+03    230.1390542  9.3116630E+06  1.0970000E+03  1.9634449E+03  1.7662323E+04  3.8507257E+02  0.0000000E+00  2.2297490E+04  4.4081061E+02  0.0000000E+00  3.0933281E+04  3.6361125E+04  0.0000000E+00  0.0000000E+00  5.1340891E+05  3.2442391E-02
     1.6580000E+03    230.1418519  9.3139890E+06  2.3260000E+03  0.0000000E+00  1.3296331E+04  2.8515002E+02  0.0000000E+00  2.2276156E+04  9.8729132E+02  0.0000000E+00  3.2293230E+04  3.8250715E+04  0.0000000E+00  0.0000000E+00  5.1342534E+05 -1.0574844E-02
     1.6590000E+03    230.1406667  9.3130040E+06 -9.8500000E+02  0.0000000E+00  1.7261130E+04  2.5308188E+02  0.0000000E+00  2.2263725E+04  3.8356351E+02  0.0000000E+00  3.1607199E+04  3.7450246E+04  0.0000000E+00  0.0000000E+00  5.1345662E+05  2.5531214E-02
     1.6600000E+03    230.1409823  9.3132660E+06  2.6200000E+02  0.0000000E+00  1.5813823E+04  2.2679977E+02  0.0000000E+00  2.2225801E+04  4.3503351E+02  0.0000000E+00  3.1722389E+04  3.7663410E+04  0.0000000E+00  0.0000000E+00  5.1342047E+05  1.3339297E-03
     1.6610000E+03    230.1377420  9.3105720E+06 -2.6940000E+03  0.0000000E+00  1.9571423E+04  2.0488219E+02  0.0000000E+00  2.2222629E+04  2.0679315E+02  0.0000000E+00  3.0087912E+04  3.5474824E+04  0.0000000E+00  0.0000000E+00  5.1329722E+05 -7.8940794E-02
     1.6620000E+03    230.1322136  9.3059770E+06 -4.5950000E+03  0.0000000E+00  2.2116008E+04  1.8633765E+02  0.0000000E+00  2.2344051E+04  9.8150024E+01  0.0000000E+00  2.7697781E+04  3.2680648E+04  0.0000000E+00  0.0000000E+00  5.1306259E+05 -1.3049817E-01
     1.6630000E+03    230.1278992  9.3023900E+06 -3.5870000E+03  0.0000000E+00  2.1484306E+04  1.7045343E+02  0.0000000E+00  2.2227455E+04  1.1417538E+02  0.0000000E+00  2.6173584E+04  3.0613287E+04  0.0000000E+00  0.0000000E+00  5.1279122E+05 -1.0204087E-01
     1.6640000E+03    230.1209013  9.2965730E+06 -5.8170000E+03  0.0000000E+00  2.4638063E+04  1.5670438E+02  0.0000000E+00  2.2329531E+04  5.5788429E+01  0.0000000E+00  2.3574357E+04  2.7260068E+04  0.0000000E+00  0.0000000E+00  5.1247225E+05 -1.4691503E-01
     1.6650000E+03    230.1130650  9.2900590E+06 -6.5140000E+03  0.0000000E+00  2.6380628E+04  1.4469499E+02  0.0000000E+00  2.2347371E+04  2.6874527E+01  0.0000000E+00  2.0821592E+04  2.3505068E+04  0.0000000E+00  0.0000000E+00  5.1207941E+05 -1.7012560E-01
     1.6660000E+03    230.1108322  9.2882030E+06 -1.8560000E+03  0.0000000E+00  2.1943790E+04  1.3412177E+02  0.0000000E+00  2.1969457E+04  2.9753748E+02  0.0000000E+00  2.0718010E+04  2.2435154E+04  0.0000000E+00  0.0000000E+00  5.1178925E+05  2.4831297E-03
     1.6670000E+03    230.1097634  9.2873150E+06 -8.8800000E+02  0.0000000E+00  2.1412836E+04  1.2474793E+02  0.0000000E+00  2.1899656E+04  4.4401160E+02  0.0000000E+00  2.0867410E+04  2.1923051E+04  0.0000000E+00  0.0000000E+00  5.1164169E+05 -1.9629442E-04
     1.6680000E+03    230.1111708  9.2884850E+06  1.1700000E+03  0.0000000E+00  1.9455069E+04  1.1638598E+02  0.0000000E+00  2.1845990E+04  6.0094415E+02  0.0000000E+00  2.1860664E+04  2.2597418E+04  0.0000000E+00  0.0000000E+00  5.1159531E+05 -8.9136901E-04
     1.6690000E+03    230.1110376  9.2883740E+06 -1.1100000E+02  0.0000000E+00  2.0555202E+04  1.0888548E+02  0.0000000E+00  2.1403525E+04  6.4388379E+02  0.0000000E+00  2.2109096E+04  2.2533578E+04  0.0000000E+00  0.0000000E+00  5.1077444E+05 -3.5728444E-04
     1.6700000E+03    230.1084314  9.2862080E+06 -2.1660000E+03  0.0000000E+00  2.2719167E+04  1.0212431E+02  0.0000000E+00  2.1187812E+04  7.6610455E+02  0.0000000E+00  2.1315553E+04  2.1284768E+04  0.0000000E+00  0.0000000E+00  5.1023478E+05  3.2370281E-03
     1.6710000E+03    230.1010226  9.2800490E+06 -6.1590000E+03  0.0000000E+00  2.6745618E+04  9.6002319E+01  0.0000000E+00  1.9831572E+04  4.7358636E+02  0.0000000E+00  1.8866971E+04  1.7734650E+04  0.0000000E+00  0.0000000E+00  5.0882669E+05 -6.8646780E-04
     1.6720000E+03    230.0942047  9.2743810E+06 -5.6680000E+03  0.0000000E+00  2.6472390E+04  9.0436546E+01  0.0000000E+00  1.8607125E+04  5.4192621E+02  0.0000000E+00  1.7104996E+04  1.4467657E+04  0.0000000E+00  0.0000000E+00  5.0751288E+05 -2.7515717E-02
     1.6730000E+03    230.0870905  9.2684680E+06 -5.9130000E+03  0.0000000E+00  2.7189031E+04  8.5357697E+01  0.0000000E+00  1.7457922E+04  5.9719550E+02  0.0000000E+00  1.5387536E+04  1.1058682E+04  0.0000000E+00  0.0000000E+00  5.0626131E+05 -2.8056286E-03
     1.6740000E+03    230.0910105  9.2717260E+06  3.2580000E+03  0.0000000E+00  1.7682109E+04  8.0707436E+01  0.0000000E+00  1.6450104E+04  9.4303326E+02  0.0000000E+00  1.8282311E+04  1.2937049E+04  0.0000000E+00  0.0000000E+00  5.0543838E+05 -2.0309333E-02
     1.6750000E+03    230.0911143  9.2718120E+06  8.6000000E+01  0.0000000E+00  2.0564782E+04  7.6436310E+01  0.0000000E+00  1.5584975E+04  1.0942615E+03  0.0000000E+00  1.9065850E+04  1.2986795E+04  0.0000000E+00  0.0000000E+00  5.0472269E+05 -1.3183086E-02
     1.6760000E+03    230.0896897  9.2706280E+06 -1.1840000E+03  0.0000000E+00  2.1678514E+04  7.2502106E+01  0.0000000E+00  1.4832420E+04  1.1248346E+03  0.0000000E+00  1.9017109E+04  1.2304156E+04  0.0000000E+00  0.0000000E+00  5.0402906E+05 -4.1947053E-03
     1.6770000E+03    230.0891436  9.2701740E+06 -4.5400000E+02  0.0000000E+00  2.0769425E+04  6.8868568E+01  0.0000000E+00  1.4166428E+04  1.1813116E+03  0.0000000E+00  1.9298914E+04  1.2042476E+04  0.0000000E+00  0.0000000E+00  5.0341828E+05 -1.4720309E-02
     1.6780000E+03    230.0908507  9.2715930E+06  1.4190000E+03  0.0000000E+00  1.8484265E+04  6.5504433E+01  0.0000000E+00  1.3568610E+04  1.2825931E+03  0.0000000E+00  2.0409232E+04  1.2860513E+04  0.0000000E+00  0.0000000E+00  5.0294588E+05 -8.8811405E-03
     1.6790000E+03    230.0957796  9.2756910E+06  4.0980000E+03  0.0000000E+00  1.5035390E+04  6.2382515E+01  0.0000000E+00  1.3025552E+04  1.4333942E+03  0.0000000E+00  2.2700404E+04  1.5222296E+04  0.0000000E+00  0.0000000E+00  5.0265297E+05 -2.0738249E-03
     1.6800000E+03    230.0989218  9.2783030E+06  2.6120000E+03  0.0000000E+00  1.5756692E+04  5.9479153E+01  0.0000000E+00  1.2528587E+04  1.4934171E+03  0.0000000E+00  2.4001098E+04  1.6728008E+04  0.0000000E+00  0.0000000E+00  5.0242791E+05 -2.6049379E-03
     1.6810000E+03    230.1021989  9.2810270E+06  2.7240000E+03  0.0000000E+00  1.4866408E+04  5.6773598E+01  0.0000000E+00  1.2070253E+04  1.5413607E+03  0.0000000E+00  2.5302215E+04  1.8298289E+04  0.0000000E+00  0.0000000E+00  5.0221816E+05 -2.1811989E-03
     1.6820000E+03    230.1047929  9.2831830E+06  2.1560000E+03  0.0000000E+00  1.4722985E+04  5.4247601E+01  0.0000000E+00  1.1646067E+04  1.5671030E+03  0.0000000E+00  2.6287127E+04  1.9541291E+04  0.0000000E+00  0.0000000E+00  5.0201119E+05  1.6452806E-04
     1.6830000E+03    230.1052590  9.2835700E+06  3.8700000E+02  0.0000000E+00  1.5998581E+04  5.1885075E+01  0.0000000E+00  1.1253106E+04  1.5453611E+03  0.0000000E+00  2.6390705E+04  1.9764631E+04  0.0000000E+00  0.0000000E+00  5.0175312E+05  3.3160285E-04
     1.6840000E+03    230.0991274  9.2784730E+06 -5.0970000E+03  0.0000000E+00  2.1665066E+04  4.9671730E+01  0.0000000E+00  1.0889504E+04  1.3800170E+03  0.0000000E+00  2.3834404E+04  1.6826496E+04  0.0000000E+00  0.0000000E+00  5.0129272E+05 -2.5080522E-03
     1.6850000E+03    230.0954491  9.2754160E+06 -3.0570000E+03  0.0000000E+00  1.9889564E+04  4.7594883E+01  0.0000000E+00  1.0550675E+04  1.3508431E+03  0.0000000E+00  2.2646246E+04  1.5063944E+04  0.0000000E+00  0.0000000E+00  5.0084666E+05 -7.8115636E-03
     1.6860000E+03    230.0935762  9.2738590E+06 -1.5570000E+03  0.0000000E+00  1.8467795E+04  4.5643200E+01  0.0000000E+00  1.0233039E+04  1.4036157E+03  0.0000000E+00  2.2201506E+04  1.4166487E+04  0.0000000E+00  0.0000000E+00  5.0048247E+05 -2.0886646E-03
     1.6870000E+03    230.0940225  9.2742300E+06  3.7100000E+02  0.0000000E+00  1.6502906E+04  4.3806561E+01  0.0000000E+00  9.9402334E+03  1.4984198E+03  0.0000000E+00  2.2769709E+04  1.4380350E+04  0.0000000E+00  0.0000000E+00  5.0022347E+05  3.2737188E-03
     1.6880000E+03    230.0949599  9.2750090E+06  7.7900000E+02  0.0000000E+00  1.5815992E+04  4.2075863E+01  0.0000000E+00  9.6388809E+03  1.6653282E+03  0.0000000E+00  2.3423676E+04  1.4829529E+04  0.0000000E+00  0.0000000E+00  4.9998966E+05  4.4655994E-02
     1.6890000E+03    230.0962671  9.2760960E+06  1.0870000E+03  0.0000000E+00  1.5347986E+04  4.0442928E+01  0.0000000E+00  9.4342412E+03  1.6366276E+03  0.0000000E+00  2.4052121E+04  1.5455936E+04  0.0000000E+00  0.0000000E+00  4.9988178E+05 -2.2195394E-03
     1.6900000E+03    230.0980813  9.2776040E+06  1.5080000E+03  0.0000000E+00  1.4542040E+04  3.8900375E+01  0.0000000E+00  9.1980156E+03  1.6966407E+03  0.0000000E+00  2.4835170E+04  1.6325243E+04  0.0000000E+00  0.0000000E+00  4.9975709E+05  4.7578354E-04
     1.6910000E+03    230.0976471  9.2772430E+06 -3.6100000E+02  0.0000000E+00  1.6193457E+04  3.7441528E+01  0.0000000E+00  8.9594287E+03  1.6834198E+03  0.0000000E+00  2.4635590E+04  1.6117168E+04  0.0000000E+00  0.0000000E+00  4.9956772E+05 -1.7236474E-03
     1.6920000E+03    230.0938404  9.2740790E+06 -3.1640000E+03  0.0000000E+00  1.9195585E+04  3.6060329E+01  0.0000000E+00  8.7359492E+03  1.6017892E+03  0.0000000E+00  2.3153609E+04  1.4293091E+04  0.0000000E+00  0.0000000E+00  4.9926400E+05 -2.4100654E-03
     1.6930000E+03    230.0877240  9.2689940E+06 -5.0850000E+03  0.0000000E+00  2.1645630E+04  3.4751278E+01  0.0000000E+00  8.5054609E+03  1.4563939E+03  0.0000000E+00  2.0778379E+04  1.1362251E+04  0.0000000E+00  0.0000000E+00  4.9884444E+05 -1.7608246E-01
     1.6940000E+03    230.0877339  9.2690030E+06  9.0000000E+00  0.0000000E+00  1.6654497E+04  3.3509373E+01  0.0000000E+00  8.3213477E+03  1.4800616E+03  0.0000000E+00  2.1173721E+04  1.1367007E+04  0.0000000E+00  0.0000000E+00  4.9862169E+05  6.0997583E-02
     1.6950000E+03    230.0900995  9.2709690E+06  1.9660000E+03  0.0000000E+00  1.4364247E+04  3.2330040E+01  0.0000000E+00  8.1600479E+03  1.8041040E+03  0.0000000E+00  2.2445340E+04  1.2500526E+04  0.0000000E+00  0.0000000E+00  4.9852072E+05  9.2627350E-03
     1.6960000E+03    230.0923038  9.2728010E+06  1.8320000E+03  0.0000000E+00  1.4023772E+04  3.1209110E+01  0.0000000E+00  7.9910420E+03  2.1192676E+03  0.0000000E+00  2.3516551E+04  1.3556782E+04  0.0000000E+00  0.0000000E+00  4.9842300E+05  2.2139147E-02
     1.6970000E+03    230.0925936  9.2730420E+06  2.4100000E+02  0.0000000E+00  1.5642435E+04  3.0142750E+01  0.0000000E+00  7.8619795E+03  1.8471334E+03  0.0000000E+00  2.3536518E+04  1.3695662E+04  0.0000000E+00  0.0000000E+00  4.9837728E+05  7.6686619E-03
     1.6980000E+03    230.0926141  9.2730590E+06  1.7000000E+01  0.0000000E+00  1.5649761E+04  2.9127447E+01  0.0000000E+00  7.7064062E+03  1.8388475E+03  0.0000000E+00  2.3475215E+04  1.3705501E+04  0.0000000E+00  0.0000000E+00  4.9824681E+05 -1.1577042E-03
     1.6990000E+03    230.0918560  9.2724290E+06 -6.3000000E+02  0.0000000E+00  1.6239151E+04  2.8159985E+01  0.0000000E+00  7.5513589E+03  1.8475415E+03  0.0000000E+00  2.3128973E+04  1.3342223E+04  0.0000000E+00  0.0000000E+00  4.9808234E+05 -2.8770283E-01
     1.7000000E+03    230.1024446  9.2812310E+06  8.8020000E+03  2.2390635E+03  7.9111528E+03  1.0965832E+02  0.0000000E+00  7.4152588E+03  2.4959897E+03  0.0000000E+00  2.7857801E+04  1.8416041E+04  0.0000000E+00  0.0000000E+00  4.9821578E+05 -9.0435473E-03
     1.7010000E+03    230.0996874  9.2789390E+06 -2.2920000E+03  0.0000000E+00  1.6645005E+04  6.4507744E+01  0.0000000E+00  7.2884238E+03  2.0150908E+03  0.0000000E+00  2.6109051E+04  1.7094820E+04  0.0000000E+00  0.0000000E+00  4.9817281E+05 -2.6110921E-03
     1.7020000E+03    230.0986203  9.2780520E+06 -8.8700000E+02  0.0000000E+00  1.5088755E+04  6.0355030E+01  0.0000000E+00  7.1577241E+03  1.9370922E+03  0.0000000E+00  2.5503361E+04  1.6583506E+04  0.0000000E+00  0.0000000E+00  4.9800972E+05 -2.7080446E-03
     1.7030000E+03    230.0950132  9.2750540E+06 -2.9980000E+03  0.0000000E+00  1.7349012E+04  5.6638969E+01  0.0000000E+00  7.0309917E+03  1.8640350E+03  0.0000000E+00  2.3981559E+04  1.4855085E+04  0.0000000E+00  0.0000000E+00  4.9777181E+05 -2.7690376E-03
     1.7040000E+03    230.0859530  9.2675220E+06 -7.5320000E+03  0.0000000E+00  2.2494320E+04  5.3293980E+01  0.0000000E+00  6.9077124E+03  1.6925642E+03  0.0000000E+00  2.0479264E+04  1.0785304E+04  0.0000000E+00  0.0000000E+00  4.9734188E+05  2.3456139E-04
     1.7050000E+03    230.0746828  9.2581540E+06 -9.3680000E+03  0.0000000E+00  2.3639691E+04  5.0267735E+01  0.0000000E+00  6.7880151E+03  1.5419580E+03  0.0000000E+00  1.7276559E+04  8.3021318E+03  0.0000000E+00  0.0000000E+00  4.9678312E+05 -2.8056961E-03
     1.7060000E+03    230.0657799  9.2507530E+06 -7.4010000E+03  0.0000000E+00  2.1852422E+04  4.7517284E+01  0.0000000E+00  6.6713657E+03  1.5214858E+03  0.0000000E+00  1.5594560E+04  6.3405532E+03  0.0000000E+00  0.0000000E+00  4.9626178E+05 -5.9156802E-05
     1.7070000E+03    230.0619340  9.2475560E+06 -3.1970000E+03  0.0000000E+00  1.8463773E+04  4.5007019E+01  0.0000000E+00  6.5572705E+03  1.6464657E+03  0.0000000E+00  1.5803617E+04  5.4931763E+03  0.0000000E+00  0.0000000E+00  4.9591078E+05 -2.0291484E-03
     1.7080000E+03    230.0608603  9.2466630E+06 -8.9300000E+02  0.0000000E+00  1.6931536E+04  4.2707146E+01  0.0000000E+00  6.4478125E+03  1.7917559E+03  0.0000000E+00  1.6596191E+04  5.2565957E+03  0.0000000E+00  0.0000000E+00  4.9570188E+05 -7.4118096E-04
     1.7090000E+03    230.0601576  9.2460790E+06 -5.8400000E+02  0.0000000E+00  1.7060217E+04  4.0592594E+01  0.0000000E+00  6.3385293E+03  1.8905696E+03  0.0000000E+00  1.7087848E+04  5.1017744E+03  0.0000000E+00  0.0000000E+00  4.9554103E+05 -6.6261133E-03
     1.7100000E+03    230.0557177  9.2423890E+06 -3.6900000E+03  0.0000000E+00  2.0155967E+04  3.8642120E+01  0.0000000E+00  6.2348223E+03  1.8581021E+03  0.0000000E+00  1.6172697E+04  4.1235249E+03  0.0000000E+00  0.0000000E+00  4.9528409E+05 -5.4773237E-03
     1.7110000E+03    230.0421941  9.2311470E+06 -1.1242000E+04  0.0000000E+00  2.6875393E+04  3.6837605E+01  0.0000000E+00  6.1349160E+03  1.6181246E+03  0.0000000E+00  1.2223079E+04  1.1438517E+03  0.0000000E+00  0.0000000E+00  4.9472053E+05 -1.8122707E-03
     1.7120000E+03    230.0273801  9.2188330E+06 -1.2314000E+04  0.0000000E+00  2.6978410E+04  3.5163509E+01  0.0000000E+00  6.0409102E+03  1.4462849E+03  0.0000000E+00  1.0034180E+04  0.0000000E+00  0.0000000E+00  0.0000000E+00  4.9401794E+05 -1.5563327E-03
     1.7130000E+03    230.0171839  9.2103570E+06 -8.4760000E+03  0.0000000E+00  2.2645431E+04  3.3606434E+01  0.0000000E+00  5.9431694E+03  1.4775759E+03  0.0000000E+00  9.6701768E+03  0.0000000E+00  0.0000000E+00  0.0000000E+00  4.9342250E+05 -2.2265442E-04
     1.7140000E+03    230.0143536  9.2080040E+06 -2.3530000E+03  0.0000000E+00  1.7188771E+04  3.2154766E+01  0.0000000E+00  5.8511729E+03  1.6796475E+03  0.0000000E+00  1.0632230E+04  0.0000000E+00  0.0000000E+00  0.0000000E+00  4.9309362E+05  7.4529299E-04
     1.7150000E+03    230.0095615  9.2040210E+06 -3.9830000E+03  0.0000000E+00  1.9005263E+04  3.0798389E+01  0.0000000E+00  5.7612769E+03  1.7679054E+03  0.0000000E+00  1.0997210E+04  0.0000000E+00  0.0000000E+00  0.0000000E+00  4.9279041E+05 -4.2591747E-03
     1.7160000E+03    230.0071071  9.2019800E+06 -2.0410000E+03  0.0000000E+00  1.7938483E+04  2.9528461E+01  0.0000000E+00  5.6779487E+03  1.7925098E+03  0.0000000E+00  1.1985538E+04  0.0000000E+00  0.0000000E+00  0.0000000E+00  4.9255903E+05  1.5313392E-02
     1.7170000E+03    230.0040056  9.1994020E+06 -2.5780000E+03  0.0000000E+00  1.8900458E+04  2.8337196E+01  0.0000000E+00  5.6175078E+03  1.6268444E+03  0.0000000E+00  1.2313954E+04  0.0000000E+00  0.0000000E+00  0.0000000E+00  4.9236384E+05  5.1141877E-02
     1.7180000E+03    229.9968309  9.1934380E+06 -5.9640000E+03  0.0000000E+00  2.1219275E+04  2.7217745E+01  0.0000000E+00  5.5198164E+03  1.7570865E+03  0.0000000E+00  1.1455187E+04  0.0000000E+00  0.0000000E+00  0.0000000E+00  4.9199191E+05 -4.4135034E-02
     1.7190000E+03    229.9941898  9.1912430E+06 -2.1950000E+03  0.0000000E+00  1.7980720E+04  2.6164017E+01  0.0000000E+00  5.4315200E+03  1.8881036E+03  0.0000000E+00  1.2211307E+04  0.0000000E+00  0.0000000E+00  0.0000000E+00  4.9172050E+05 -2.4329495E-02
     1.7200000E+03    229.9891321  9.1870380E+06 -4.2050000E+03  0.0000000E+00  1.9716469E+04  2.5170612E+01  0.0000000E+00  5.3682217E+03  1.7449382E+03  0.0000000E+00  1.1868360E+04  0.0000000E+00  0.0000000E+00  0.0000000E+00  4.9145116E+05  2.4908448E-02
     1.7210000E+03    229.9873264  9.1855370E+06 -1.5010000E+03  0.0000000E+00  1.7437074E+04  2.4232716E+01  0.0000000E+00  5.2669639E+03  1.9881466E+03  0.0000000E+00  1.2631937E+04  0.0000000E+00  0.0000000E+00  0.0000000E+00  4.9121506E+05 -5.6004031E-03
     1.7220000E+03    229.9890546  9.1869740E+06  1.4370000E+03  0.0000000E+00  1.5589131E+04  2.3346006E+01  0.0000000E+00  5.1866362E+03  2.1698337E+03  0.0000000E+00  1.3984431E+04  0.0000000E+00  0.0000000E+00  0.0000000E+00  4.9113531E+05 -8.0895126E-03
     1.7230000E+03    229.9892366  9.1871250E+06  1.5100000E+02  0.0000000E+00  1.7062460E+04  2.2506609E+01  0.0000000E+00  5.1052441E+03  2.2224053E+03  0.0000000E+00  1.4304618E+04  0.0000000E+00  0.0000000E+00  0.0000000E+00  4.9105612E+05 -1.8001134E-02
     1.7240000E+03    229.9879916  9.1860900E+06 -1.0350000E+03  0.0000000E+00  1.7997774E+04  2.1711031E+01  0.0000000E+00  5.0321201E+03  2.1796313E+03  0.0000000E+00  1.4093023E+04  0.0000000E+00  0.0000000E+00  0.0000000E+00  4.9093372E+05  2.2060180E-02
     1.7250000E+03    229.9822274  9.1812990E+06 -4.7910000E+03  0.0000000E+00  2.0836813E+04  2.0956123E+01  0.0000000E+00  5.0369331E+03  1.5128329E+03  0.0000000E+00  1.2526146E+04  0.0000000E+00  0.0000000E+00  0.0000000E+00  4.9075081E+05  1.1360639E-01
     1.7260000E+03    229.9713141  9.1722530E+06 -9.0460000E+03  0.0000000E+00  2.3240241E+04  2.0239027E+01  0.0000000E+00  4.9556274E+03  1.4332693E+03  0.0000000E+00  1.0656888E+04  0.0000000E+00  0.0000000E+00  0.0000000E+00  4.9027222E+05  2.1254133E-02
     1.7270000E+03    229.9661464  9.1680240E+06 -4.2290000E+03  7.3824808E+02  1.9165113E+04  4.1172592E+01  0.0000000E+00  5.1191475E+03  1.8491162E+03  0.0000000E+00  1.0887302E+04  0.0000000E+00  0.0000000E+00  0.0000000E+00  4.9017038E+05  3.0392350E-03
     1.7280000E+03    229.9800502  9.1794890E+06  1.1465000E+04  1.4768634E+03  7.7266479E+03  8.6281281E+01  0.0000000E+00  5.0726865E+03  4.0069412E+03  0.0000000E+00  1.6532416E+04  0.0000000E+00  0.0000000E+00  0.0000000E+00  4.9023584E+05 -1.3095863E-01
     1.7290000E+03    229.9763823  9.1764400E+06 -3.0490000E+03  0.0000000E+00  2.0205133E+04  5.5725609E+01  0.0000000E+00  5.0022822E+03  2.4829055E+03  0.0000000E+00  1.4577695E+04  0.0000000E+00  0.0000000E+00  0.0000000E+00  4.9035978E+05 -1.4703508E-02
     1.7300000E+03    229.9673321  9.1689940E+06 -7.4460000E+03  0.0000000E+00  2.2792237E+04  5.1769985E+01  0.0000000E+00  4.9865195E+03  1.6630011E+03  0.0000000E+00  1.1977877E+04  0.0000000E+00  0.0000000E+00  0.0000000E+00  4.9005797E+05  2.8328223E-02
     1.7310000E+03    229.9526446  9.1569750E+06 -1.2019000E+04  0.0000000E+00  2.5007718E+04  4.8259777E+01  0.0000000E+00  4.8376050E+03  1.8634429E+03  0.0000000E+00  9.9653320E+03  0.0000000E+00  0.0000000E+00  0.0000000E+00  4.8935709E+05 -3.5906290E-03
     1.7320000E+03    229.9331864  9.1410510E+06 -1.5924000E+04  0.0000000E+00  2.7341352E+04  4.5125938E+01  0.0000000E+00  4.7900103E+03  1.4700027E+03  0.0000000E+00  8.0517378E+03  0.0000000E+00  0.0000000E+00  0.0000000E+00  4.8852084E+05 -1.6642474E-03
     1.7330000E+03    229.9108655  9.1227840E+06 -1.8267000E+04  0.0000000E+00  2.7826400E+04  4.2313339E+01  0.0000000E+00  4.7011875E+03  1.4326102E+03  0.0000000E+00  6.2486167E+03  0.0000000E+00  0.0000000E+00  0.0000000E+00  4.8749384E+05  3.6714118E-04
     1.7340000E+03    229.8897423  9.1054980E+06 -1.7286000E+04  0.0000000E+00  2.5784141E+04  3.9777611E+01  0.0000000E+00  4.6341792E+03  1.3353790E+03  0.0000000E+00  5.1590396E+03  0.0000000E+00  0.0000000E+00  0.0000000E+00  4.8648475E+05 -1.9301134E-03
     1.7350000E+03    229.8676231  9.0873960E+06 -1.8102000E+04  0.0000000E+00  2.6692451E+04  3.7481419E+01  0.0000000E+00  5.1236367E+03  5.3293018E+02  0.0000000E+00  3.9662524E+03  0.0000000E+00  0.0000000E+00  0.0000000E+00  4.8563734E+05  1.4649129E-02
     1.7360000E+03    229.8450862  9.0689530E+06 -1.8443000E+04  0.0000000E+00  2.5235473E+04  3.5393684E+01  0.0000000E+00  4.5385093E+03  1.0340160E+03  0.0000000E+00  3.2522363E+03  0.0000000E+00  0.0000000E+00  0.0000000E+00  4.8443816E+05 -1.3308572E-03
     1.7370000E+03    229.8214697  9.0496260E+06 -1.9327000E+04  0.0000000E+00  2.7325434E+04  3.3488338E+01  0.0000000E+00  6.1056235E+03  2.3787148E+02  0.0000000E+00  2.1053105E+03  0.0000000E+00  0.0000000E+00  0.0000000E+00  4.8369866E+05  2.9449254E-02
     1.7380000E+03    229.7989697  9.0312130E+06 -1.8413000E+04  0.0000000E+00  2.3912598E+04  3.1743399E+01  0.0000000E+00  4.4464058E+03  8.7945142E+02  0.0000000E+00  1.9003750E+03  0.0000000E+00  0.0000000E+00  0.0000000E+00  4.8231512E+05 -2.1191901E-03
     1.7390000E+03    229.7787661  9.0146790E+06 -1.6534000E+04  0.0000000E+00  2.2071800E+04  3.0140203E+01  0.0000000E+00  4.3668232E+03  1.0083526E+03  0.0000000E+00  2.1490371E+03  0.0000000E+00  0.0000000E+00  0.0000000E+00  4.8129438E+05 -6.6006387E-04
     1.7400000E+03    229.7660165  9.0042450E+06 -1.0434000E+04  0.0000000E+00  1.7011939E+04  2.8662819E+01  0.0000000E+00  4.2705161E+03  1.2665601E+03  0.0000000E+00  3.5452446E+03  0.0000000E+00  0.0000000E+00  0.0000000E+00  4.8053188E+05 -4.1672937E-04
     1.7410000E+03    229.7515431  8.9924000E+06 -1.1845000E+04  0.0000000E+00  1.9018382E+04  2.7297567E+01  0.0000000E+00  4.2287373E+03  1.3292228E+03  0.0000000E+00  4.2470083E+03  0.0000000E+00  0.0000000E+00  0.0000000E+00  4.7984319E+05  2.1501302E-03
     1.7420000E+03    229.7363425  8.9799610E+06 -1.2439000E+04  0.0000000E+00  1.9932379E+04  2.6032658E+01  0.0000000E+00  4.1928018E+03  1.3444962E+03  0.0000000E+00  4.6179531E+03  0.0000000E+00  0.0000000E+00  0.0000000E+00  4.7913519E+05 -5.1130187E-03
     1.7430000E+03    229.7162621  8.9635280E+06 -1.6433000E+04  0.0000000E+00  2.3448611E+04  2.4857880E+01  0.0000000E+00  4.1465264E+03  1.2239846E+03  0.0000000E+00  4.0683401E+03  0.0000000E+00  0.0000000E+00  0.0000000E+00  4.7825222E+05  5.2246731E-04
     1.7440000E+03    229.7044600  8.9538690E+06 -9.6590000E+03  0.0000000E+00  1.9565015E+04  2.3764330E+01  0.0000000E+00  5.6591460E+03  2.7965787E+02  0.0000000E+00  4.5050684E+03  0.0000000E+00  0.0000000E+00  0.0000000E+00  4.7799347E+05  1.1613633E-02
     1.7450000E+03    229.6983838  8.9488970E+06 -4.9720000E+03  0.0000000E+00  1.6996521E+04  2.2744236E+01  0.0000000E+00  4.0270942E+03  1.7499640E+03  0.0000000E+00  5.4698608E+03  0.0000000E+00  0.0000000E+00  0.0000000E+00  4.7712631E+05 -2.2696451E+01
     1.7460000E+03    229.6869975  8.9395790E+06 -9.3180000E+03  0.0000000E+00  1.7875359E+04  2.1790773E+01  0.0000000E+00  3.9794612E+03  1.5294146E+03  0.0000000E+00  6.0854277E+03  0.0000000E+00  0.0000000E+00  0.0000000E+00  4.7663200E+05 -4.8312853E-04
     1.7470000E+03    229.6730969  8.9282030E+06 -1.1376000E+04  0.0000000E+00  1.9971278E+04  2.0897928E+01  0.0000000E+00  3.9372935E+03  1.4510062E+03  0.0000000E+00  6.0870859E+03  0.0000000E+00  0.0000000E+00  0.0000000E+00  4.7599325E+05 -4.6953885E-03
     1.7480000E+03    229.6642487  8.9209620E+06 -7.2410000E+03  0.0000000E+00  1.8716194E+04  2.0060383E+01  0.0000000E+00  3.8519314E+03  1.8616479E+03  0.0000000E+00  6.3831665E+03  0.0000000E+00  0.0000000E+00  0.0000000E+00  4.7539519E+05 -1.4975739E+01
     1.7490000E+03    229.6552919  8.9136320E+06 -7.3300000E+03  0.0000000E+00  1.6604781E+04  1.9273420E+01  0.0000000E+00  3.8117146E+03  1.6671959E+03  0.0000000E+00  7.1110532E+03  0.0000000E+00  0.0000000E+00  0.0000000E+00  4.7497069E+05  3.5274302E-04
     1.7500000E+03    229.6465596  8.9064860E+06 -7.1460000E+03  0.0000000E+00  1.6903038E+04  1.8532839E+01  0.0000000E+00  3.7655566E+03  1.6867302E+03  0.0000000E+00  7.6594824E+03  0.0000000E+00  0.0000000E+00  0.0000000E+00  4.7452094E+05 -1.0506453E-03
     1.7510000E+03    229.6381203  8.8995790E+06 -6.9070000E+03  0.0000000E+00  1.7141097E+04  1.7834888E+01  0.0000000E+00  3.7325022E+03  1.5756036E+03  0.0000000E+00  8.0575811E+03  0.0000000E+00  0.0000000E+00  0.0000000E+00  4.7408772E+05 -9.5273368E-03
     1.7520000E+03    229.6302455  8.8931350E+06 -6.4440000E+03  0.0000000E+00  1.9004509E+04  1.7176203E+01  0.0000000E+00  3.6482776E+03  1.9942467E+03  0.0000000E+00  7.9596567E+03  0.0000000E+00  0.0000000E+00  0.0000000E+00  4.7359131E+05 -1.3951520E+01
     1.7530000E+03    229.6182654  8.8833310E+06 -9.8040000E+03  0.0000000E+00  1.9459019E+04  1.6599066E+01  0.0000000E+00  3.6134067E+03  1.7107322E+03  0.0000000E+00  7.7356523E+03  0.0000000E+00  0.0000000E+00  0.0000000E+00  4.7309841E+05 -4.4284883E-04
     1.7540000E+03    229.6055908  8.8729580E+06 -1.0373000E+04  0.0000000E+00  1.9769401E+04  1.6053558E+01  0.0000000E+00  3.5725564E+03  1.6401832E+03  0.0000000E+00  7.4483779E+03  0.0000000E+00  0.0000000E+00  0.0000000E+00  4.7250744E+05  1.8883920E-03
     1.7550000E+03    229.5964540  8.8654810E+06 -7.4770000E+03  0.0000000E+00  1.9736623E+04  1.5537298E+01  0.0000000E+00  3.5085820E+03  1.9661908E+03  0.0000000E+00  7.2036479E+03  0.0000000E+00  0.0000000E+00  0.0000000E+00  4.7193412E+05 -1.6117941E+01
     1.7560000E+03    229.5829017  8.8543900E+06 -1.1091000E+04  0.0000000E+00  1.9857754E+04  1.5048137E+01  0.0000000E+00  3.4758311E+03  1.6412688E+03  0.0000000E+00  6.9085361E+03  0.0000000E+00  0.0000000E+00  0.0000000E+00  4.7138147E+05 -4.0040880E-02
     1.7570000E+03    229.5702178  8.8440100E+06 -1.0380000E+04  0.0000000E+00  1.9055515E+04  1.4584126E+01  0.0000000E+00  3.4371692E+03  1.6026595E+03  0.0000000E+00  6.8261304E+03  0.0000000E+00  0.0000000E+00  0.0000000E+00  4.7077100E+05 -1.4134462E-03
     1.7580000E+03    229.5539660  8.8307110E+06 -1.3299000E+04  0.0000000E+00  2.1911040E+04  1.4143500E+01  0.0000000E+00  3.5013367E+03  1.0306047E+03  0.0000000E+00  6.1293047E+03  0.0000000E+00  0.0000000E+00  0.0000000E+00  4.7013241E+05  9.3222251E-03
     1.7590000E+03    229.5414186  8.8204420E+06 -1.0269000E+04  0.0000000E+00  1.8871951E+04  1.3724648E+01  0.0000000E+00  3.4501096E+03  1.0238347E+03  0.0000000E+00  6.1654263E+03  0.0000000E+00  0.0000000E+00  0.0000000E+00  4.6948850E+05  1.2442766E-02
     1.7600000E+03    229.5323281  8.8130030E+06 -7.4390000E+03  0.0000000E+00  1.8876225E+04  1.3326104E+01  0.0000000E+00  3.2930618E+03  1.8694227E+03  0.0000000E+00  6.1915737E+03  0.0000000E+00  0.0000000E+00  0.0000000E+00  4.6882891E+05 -1.8358959E+01
     1.7610000E+03    229.5195887  8.8025770E+06 -1.0426000E+04  0.0000000E+00  1.8403494E+04  1.2946528E+01  0.0000000E+00  3.2655491E+03  1.5889730E+03  0.0000000E+00  6.2885049E+03  0.0000000E+00  0.0000000E+00  0.0000000E+00  4.6829856E+05  2.6670201E-03
     1.7620000E+03    229.5098350  8.7945950E+06 -7.9820000E+03  0.0000000E+00  1.6425989E+04  1.2584694E+01  0.0000000E+00  3.2328528E+03  1.6366271E+03  0.0000000E+00  6.8349185E+03  0.0000000E+00  0.0000000E+00  0.0000000E+00  4.6778700E+05 -1.4381396E-03
     1.7630000E+03    229.5008057  8.7872060E+06 -7.3890000E+03  0.0000000E+00  1.6239862E+04  1.2239476E+01  0.0000000E+00  3.1938203E+03  1.6865106E+03  0.0000000E+00  7.3310190E+03  0.0000000E+00  0.0000000E+00  0.0000000E+00  4.6731416E+05 -1.6397367E-03
     1.7640000E+03    229.4906814  8.7789210E+06 -8.2850000E+03  0.0000000E+00  1.7301266E+04  1.1909841E+01  0.0000000E+00  3.1618142E+03  1.6394730E+03  0.0000000E+00  7.4802412E+03  0.0000000E+00  0.0000000E+00  0.0000000E+00  4.6682953E+05 -9.3630850E-03
     1.7650000E+03    229.4842979  8.7736970E+06 -5.2240000E+03  0.0000000E+00  1.6294323E+04  1.1594833E+01  0.0000000E+00  3.0996755E+03  1.9780647E+03  0.0000000E+00  7.8438218E+03  0.0000000E+00  0.0000000E+00  0.0000000E+00  4.6637766E+05 -1.1456066E+01
     1.7660000E+03    229.4798252  8.7700360E+06 -3.6610000E+03  0.0000000E+00  1.3652887E+04  1.1293579E+01  0.0000000E+00  3.0994211E+03  1.8894141E+03  0.0000000E+00  8.7712314E+03  0.0000000E+00  0.0000000E+00  0.0000000E+00  4.6616628E+05  4.1532321E-03
     1.7670000E+03    229.4729951  8.7644470E+06 -5.5890000E+03  0.0000000E+00  1.5859838E+04  1.1005265E+01  0.0000000E+00  3.0844314E+03  1.8518380E+03  0.0000000E+00  9.0269277E+03  0.0000000E+00  0.0000000E+00  0.0000000E+00  4.6586656E+05 -1.7588591E-03
     1.7680000E+03    229.4679207  8.7602940E+06 -4.1530000E+03  0.0000000E+00  1.5984823E+04  1.0729143E+01  0.0000000E+00  3.0268469E+03  2.0870256E+03  0.0000000E+00  9.2109180E+03  0.0000000E+00  0.0000000E+00  0.0000000E+00  4.6551466E+05 -9.2428579E+00
     1.7690000E+03    229.4618066  8.7552910E+06 -5.0030000E+03  0.0000000E+00  1.5609768E+04  1.0464518E+01  0.0000000E+00  2.9990083E+03  1.8461090E+03  0.0000000E+00  9.4359551E+03  0.0000000E+00  0.0000000E+00  0.0000000E+00  4.6522284E+05 -4.2674560E-02
     1.7700000E+03    229.4560756  8.7506010E+06 -4.6900000E+03  0.0000000E+00  1.5365686E+04  1.0210744E+01  0.0000000E+00  2.9485881E+03  1.9497231E+03  0.0000000E+00  9.6669551E+03  0.0000000E+00  0.0000000E+00  0.0000000E+00  4.6490141E+05  1.9852258E-03
     1.7710000E+03    229.4512928  8.7466870E+06 -3.9140000E+03  0.0000000E+00  1.4899979E+04  9.9672222E+00  0.0000000E+00  2.9113115E+03  2.0007552E+03  0.0000000E+00  9.9613604E+03  0.0000000E+00  0.0000000E+00  0.0000000E+00  4.6461634E+05 -6.1592412E-01
     1.7720000E+03    229.4471479  8.7432950E+06 -3.3920000E+03  0.0000000E+00  1.4532889E+04  9.7333937E+00  0.0000000E+00  2.8757207E+03  2.0315597E+03  0.0000000E+00  1.0287039E+04  0.0000000E+00  0.0000000E+00  0.0000000E+00  4.6436619E+05  2.6529896E-04
     1.7730000E+03    229.4430304  8.7399250E+06 -3.3700000E+03  0.0000000E+00  1.4678001E+04  9.5087423E+00  0.0000000E+00  2.8421328E+03  2.0631094E+03  0.0000000E+00  1.0519766E+04  0.0000000E+00  0.0000000E+00  0.0000000E+00  4.6412794E+05  1.7791627E-03
     1.7740000E+03    229.4395023  8.7370380E+06 -2.8870000E+03  0.0000000E+00  1.5242387E+04  9.2927828E+00  0.0000000E+00  2.7944619E+03  2.1978474E+03  0.0000000E+00  1.0582160E+04  0.0000000E+00  0.0000000E+00  0.0000000E+00  4.6387128E+05 -6.6932549E+00
     1.7750000E+03    229.4347324  8.7331340E+06 -3.9040000E+03  0.0000000E+00  1.5292986E+04  9.0850601E+00  0.0000000E+00  2.7787654E+03  1.9962780E+03  0.0000000E+00  1.0598734E+04  0.0000000E+00  0.0000000E+00  0.0000000E+00  4.6365881E+05  7.6422519E-03
     1.7760000E+03    229.4302809  8.7294910E+06 -3.6430000E+03  0.0000000E+00  1.4980827E+04  8.8851538E+00  0.0000000E+00  2.7317112E+03  2.0823037E+03  0.0000000E+00  1.0679615E+04  0.0000000E+00  0.0000000E+00  0.0000000E+00  4.6339462E+05  4.8647475E-04
     1.7770000E+03    229.4253432  8.7254500E+06 -4.0410000E+03  0.0000000E+00  1.5445736E+04  8.6926680E+00  0.0000000E+00  2.7077112E+03  1.9552498E+03  0.0000000E+00  1.0629151E+04  0.0000000E+00  0.0000000E+00  0.0000000E+00  4.6313150E+05 -8.2918935E-02
     1.7780000E+03    229.4187016  8.7200150E+06 -5.4350000E+03  0.0000000E+00  1.8632634E+04  8.5072298E+00  0.0000000E+00  2.6508569E+03  2.2168672E+03  0.0000000E+00  9.8358115E+03  0.0000000E+00  0.0000000E+00  0.0000000E+00  4.6276000E+05 -1.4001891E+01
     1.7790000E+03    229.4102365  8.7130880E+06 -6.9270000E+03  0.0000000E+00  1.7080831E+04  8.3284931E+00  0.0000000E+00  2.6532666E+03  1.9758566E+03  0.0000000E+00  9.4675596E+03  0.0000000E+00  0.0000000E+00  0.0000000E+00  4.6244466E+05 -2.8082330E-03
     1.7800000E+03    229.4043961  8.7083080E+06 -4.7800000E+03  0.0000000E+00  1.6756565E+04  8.1561298E+00  0.0000000E+00  2.6395020E+03  2.1839917E+03  0.0000000E+00  9.2376904E+03  0.0000000E+00  0.0000000E+00  0.0000000E+00  4.6211459E+05 -1.2012361E+01
     1.7810000E+03    229.3952912  8.7008570E+06 -7.4510000E+03  0.0000000E+00  1.7077758E+04  7.9898362E+00  0.0000000E+00  2.6132861E+03  1.9336051E+03  0.0000000E+00  8.9394033E+03  0.0000000E+00  0.0000000E+00  0.0000000E+00  4.6173419E+05  1.6643007E-03
     1.7820000E+03    229.3890739  8.6957690E+06 -5.0880000E+03  0.0000000E+00  1.4883939E+04  7.8293195E+00  0.0000000E+00  2.5745461E+03  1.9778750E+03  0.0000000E+00  9.1914717E+03  0.0000000E+00  0.0000000E+00  0.0000000E+00  4.6136938E+05  1.9112155E-04
     1.7830000E+03    229.3751843  8.6844020E+06 -1.1367000E+04  0.0000000E+00  2.0666518E+04  7.6743112E+00  0.0000000E+00  2.6033586E+03  1.3474597E+03  0.0000000E+00  7.9911274E+03  0.0000000E+00  0.0000000E+00  0.0000000E+00  4.6086669E+05 -2.0358160E-01
     1.7840000E+03    229.3654059  8.6764000E+06 -8.0020000E+03  0.0000000E+00  2.0287039E+04  7.5245533E+00  0.0000000E+00  2.4953489E+03  2.0938765E+03  0.0000000E+00  7.0713867E+03  0.0000000E+00  0.0000000E+00  0.0000000E+00  4.6022419E+05 -2.1467648E+01
     1.7850000E+03    229.3549340  8.6678300E+06 -8.5700000E+03  0.0000000E+00  1.6441509E+04  7.3798051E+00  0.0000000E+00  2.4763157E+03  1.7423176E+03  0.0000000E+00  7.1304009E+03  0.0000000E+00  0.0000000E+00  0.0000000E+00  4.5976834E+05  1.4768875E-03
     1.7860000E+03    229.3486920  8.6627220E+06 -5.1080000E+03  0.0000000E+00  1.5002393E+04  7.2398381E+00  0.0000000E+00  2.4282751E+03  2.0766511E+03  0.0000000E+00  7.5270166E+03  0.0000000E+00  0.0000000E+00  0.0000000E+00  4.5933231E+05 -1.1760096E+01
     1.7870000E+03    229.3424257  8.6575940E+06 -5.1280000E+03  0.0000000E+00  1.3748036E+04  7.1044397E+00  0.0000000E+00  2.4040383E+03  1.9492935E+03  0.0000000E+00  8.1580244E+03  0.0000000E+00  0.0000000E+00  0.0000000E+00  4.5902694E+05 -1.0264984E-03
     1.7880000E+03    229.3363370  8.6526110E+06 -4.9830000E+03  0.0000000E+00  1.4021149E+04  6.9734039E+00  0.0000000E+00  2.3768345E+03  1.9671653E+03  0.0000000E+00  8.6210723E+03  0.0000000E+00  0.0000000E+00  0.0000000E+00  4.5870703E+05 -2.7180496E-03
     1.7890000E+03    229.3286877  8.6463510E+06 -6.2600000E+03  0.0000000E+00  1.5508579E+04  6.8465390E+00  0.0000000E+00  2.3652368E+03  1.7737911E+03  0.0000000E+00  8.6417402E+03  0.0000000E+00  0.0000000E+00  0.0000000E+00  4.5834959E+05 -4.9459945E-02
     1.7900000E+03    229.3201080  8.6393300E+06 -7.0210000E+03  0.0000000E+00  1.6211872E+04  6.7236633E+00  0.0000000E+00  2.3426711E+03  1.6550516E+03  0.0000000E+00  8.4793994E+03  0.0000000E+00  0.0000000E+00  0.0000000E+00  4.5794641E+05 -9.5874831E-02
     1.7910000E+03    229.3141738  8.6344730E+06 -4.8570000E+03  0.0000000E+00  1.4090111E+04  6.6046052E+00  0.0000000E+00  2.2958120E+03  1.9265057E+03  0.0000000E+00  8.8396895E+03  0.0000000E+00  0.0000000E+00  0.0000000E+00  4.5759641E+05 -1.0932250E-01
     1.7920000E+03    229.3064079  8.6281180E+06 -6.3550000E+03  0.0000000E+00  1.5502226E+04  6.4892011E+00  0.0000000E+00  2.2769949E+03  1.9358568E+03  0.0000000E+00  8.7992617E+03  0.0000000E+00  0.0000000E+00  0.0000000E+00  4.5723619E+05 -1.9264590E-03
     1.7930000E+03    229.2986754  8.6217900E+06 -6.3280000E+03  0.0000000E+00  1.5424782E+04  6.3772969E+00  0.0000000E+00  2.2499873E+03  1.9303790E+03  0.0000000E+00  8.7708594E+03  0.0000000E+00  0.0000000E+00  0.0000000E+00  4.5685003E+05  3.5449647E-04
     1.7940000E+03    229.2916939  8.6160770E+06 -5.7130000E+03  0.0000000E+00  1.4953220E+04  6.2687440E+00  0.0000000E+00  2.2315745E+03  1.8500989E+03  0.0000000E+00  8.8520459E+03  0.0000000E+00  0.0000000E+00  0.0000000E+00  4.5648788E+05 -2.5571587E-03
     1.7950000E+03    229.2801424  8.6066230E+06 -9.4540000E+03  0.0000000E+00  1.7988637E+04  6.1634054E+00  0.0000000E+00  2.1905608E+03  1.8320265E+03  0.0000000E+00  8.1703828E+03  0.0000000E+00  0.0000000E+00  0.0000000E+00  4.5597984E+05  2.2368543E-03
     1.7960000E+03    229.2745646  8.6020590E+06 -4.5640000E+03  0.0000000E+00  1.5020983E+04  6.0611472E+00  0.0000000E+00  2.1535635E+03  2.1028979E+03  0.0000000E+00  8.2972363E+03  0.0000000E+00  0.0000000E+00  0.0000000E+00  4.5556506E+05 -1.2281209E+01
     1.7970000E+03    229.2678733  8.5965830E+06 -5.4760000E+03  0.0000000E+00  1.4211067E+04  5.9618454E+00  0.0000000E+00  2.1302930E+03  1.9644501E+03  0.0000000E+00  8.5633242E+03  0.0000000E+00  0.0000000E+00  0.0000000E+00  4.5525388E+05  3.8638641E-04
     1.7980000E+03    229.2627341  8.5923770E+06 -4.2060000E+03  0.0000000E+00  1.3309834E+04  5.8653793E+00  0.0000000E+00  2.1020442E+03  2.0024041E+03  0.0000000E+00  8.9984111E+03  0.0000000E+00  0.0000000E+00  0.0000000E+00  4.5495300E+05  5.3572346E-04
     1.7990000E+03    229.2599050  8.5900620E+06 -2.3150000E+03  0.0000000E+00  1.2351244E+04  5.7716365E+00  0.0000000E+00  2.0665803E+03  2.1784456E+03  0.0000000E+00  9.5868945E+03  0.0000000E+00  0.0000000E+00  0.0000000E+00  4.5470766E+05 -3.8228164E+00
     1.8000000E+03    229.2571503  8.5878080E+06 -2.2540000E+03  0.0000000E+00  1.2292873E+04  5.6805081E+00  0.0000000E+00  2.0527185E+03  2.1299402E+03  0.0000000E+00  1.0110041E+04  0.0000000E+00  0.0000000E+00  0.0000000E+00  4.5456031E+05 -2.5865056E-03
     1.8010000E+03    229.2567249  8.5874590E+06 -3.4900000E+02  0.0000000E+00  1.1031550E+04  5.5918918E+00  0.0000000E+00  2.0295758E+03  2.2177937E+03  0.0000000E+00  1.0866061E+04  0.0000000E+00  0.0000000E+00  0.0000000E+00  4.5446309E+05  6.6704359E-03
     1.8020000E+03    229.2544496  8.5855970E+06 -1.8620000E+03  0.0000000E+00  1.2788538E+04  5.5056901E+00  0.0000000E+00  2.0022607E+03  2.2259773E+03  0.0000000E+00  1.1144904E+04  0.0000000E+00  0.0000000E+00  0.0000000E+00  4.5432609E+05  1.0341555E-03
     1.8030000E+03    229.2493221  8.5814010E+06 -4.1960000E+03  0.0000000E+00  1.5031895E+04  5.4218078E+00  0.0000000E+00  2.0079879E+03  1.9372039E+03  0.0000000E+00  1.0760631E+04  0.0000000E+00  0.0000000E+00  0.0000000E+00  4.5412947E+05  5.5477680E-03
     1.8040000E+03    229.2451732  8.5780060E+06 -3.3950000E+03  0.0000000E+00  1.5461439E+04  5.3401585E+00  0.0000000E+00  1.9445582E+03  2.2530432E+03  0.0000000E+00  1.0372477E+04  0.0000000E+00  0.0000000E+00  0.0000000E+00  4.5382656E+05 -1.1273869E+01
     1.8050000E+03    229.2389042  8.5728760E+06 -5.1300000E+03  0.0000000E+00  1.5260707E+04  5.2606564E+00  0.0000000E+00  1.9431610E+03  1.9115302E+03  0.0000000E+00  1.0073320E+04  0.0000000E+00  0.0000000E+00  0.0000000E+00  4.5356847E+05 -1.1934462E-01
     1.8060000E+03    229.2367513  8.5711140E+06 -1.7620000E+03  0.0000000E+00  1.2075719E+04  5.1832199E+00  0.0000000E+00  1.9035447E+03  2.1178374E+03  0.0000000E+00  1.0522962E+04  0.0000000E+00  0.0000000E+00  0.0000000E+00  4.5337381E+05  9.3572389E-04
     1.8070000E+03    229.2358919  8.5704100E+06 -7.0400000E+02  0.0000000E+00  1.1333111E+04  5.1077743E+00  0.0000000E+00  1.8780677E+03  2.2472068E+03  0.0000000E+00  1.1123938E+04  0.0000000E+00  0.0000000E+00  0.0000000E+00  4.5324944E+05  9.6313560E-01
     1.8080000E+03    229.2357462  8.5702910E+06 -1.1900000E+02  0.0000000E+00  1.1624715E+04  5.0342436E+00  0.0000000E+00  1.8893369E+03  2.2654197E+03  0.0000000E+00  1.1876576E+04  0.0000000E+00  0.0000000E+00  0.0000000E+00  4.5325538E+05 -1.3498790E-03
     1.8090000E+03    229.2362943  8.5707400E+06  4.4900000E+02  0.0000000E+00  1.1543338E+04  4.9625583E+00  0.0000000E+00  1.8747129E+03  2.3384854E+03  0.0000000E+00  1.2449887E+04  0.0000000E+00  0.0000000E+00  0.0000000E+00  4.5323397E+05 -8.7981904E-03
     1.8100000E+03    229.2398183  8.5736240E+06  2.8840000E+03  0.0000000E+00  9.8051508E+03  4.8926520E+00  0.0000000E+00  1.8521122E+03  2.8253586E+03  0.0000000E+00  1.3653495E+04  0.0000000E+00  0.0000000E+00  0.0000000E+00  4.5323834E+05 -2.5845647E-02
     1.8110000E+03    229.2418404  8.5752780E+06  1.6540000E+03  0.0000000E+00  1.1445817E+04  4.8244600E+00  0.0000000E+00  1.8266453E+03  2.4978684E+03  0.0000000E+00  1.3766031E+04  0.0000000E+00  0.0000000E+00  0.0000000E+00  4.5333341E+05 -1.1833326E-03
     1.8120000E+03    229.2432345  8.5764190E+06  1.1410000E+03  0.0000000E+00  1.1854433E+04  4.7579212E+00  0.0000000E+00  1.7999796E+03  2.4573103E+03  0.0000000E+00  1.3647926E+04  0.0000000E+00  0.0000000E+00  0.0000000E+00  4.5335503E+05 -5.1821570E-04
     1.8130000E+03    229.2489221  8.5810740E+06  4.6550000E+03  0.0000000E+00  9.0677912E+03  4.6929784E+00  0.0000000E+00  1.7745862E+03  2.8750776E+03  0.0000000E+00  1.4817836E+04  0.0000000E+00  0.0000000E+00  0.0000000E+00  4.5344631E+05 -4.5423931E-03
     1.8140000E+03    229.2516838  8.5833340E+06  2.2600000E+03  0.0000000E+00  1.0515139E+04  4.6295729E+00  0.0000000E+00  1.7585498E+03  2.4973640E+03  0.0000000E+00  1.5028358E+04  0.0000000E+00  0.0000000E+00  0.0000000E+00  4.5358656E+05  9.0464211E+00
     1.8150000E+03    229.2538779  8.5851300E+06  1.7960000E+03  0.0000000E+00  1.1904081E+04  4.5676527E+00  0.0000000E+00  1.7207596E+03  2.5473425E+03  0.0000000E+00  1.4521671E+04  0.0000000E+00  0.0000000E+00  0.0000000E+00  4.5363597E+05 -2.6206765E-03
     1.8160000E+03    229.2557116  8.5866300E+06  1.5000000E+03  0.0000000E+00  1.1802066E+04  4.5071664E+00  0.0000000E+00  1.6959181E+03  2.5379761E+03  0.0000000E+00  1.4140141E+04  0.0000000E+00  0.0000000E+00  0.0000000E+00  4.5367034E+05  3.2982468E-03
     1.8170000E+03    229.4329664  8.7316890E+06  1.4505900E+05  5.1311858E+04  3.8421317E+03  1.1410762E+04  0.0000000E+00  2.4171951E+03  6.2252612E+03  0.0000000E+00  8.9874781E+04  0.0000000E+00  0.0000000E+00  0.0000000E+00  4.6036512E+05 -7.2120227E-02
     1.8180000E+03    229.4859736  8.7750680E+06  4.3379000E+04  0.0000000E+00  9.1651731E+03  5.5867242E+02  0.0000000E+00  3.1744058E+03  6.5429478E+03  0.0000000E+00  5.5354008E+04  0.0000000E+00  0.0000000E+00  0.0000000E+00  4.6516006E+05 -5.9499042E-05
     1.8190000E+03    229.5253211  8.8072690E+06  3.2201000E+04  0.0000000E+00  1.0924547E+04  4.6061826E+02  0.0000000E+00  3.9977188E+03  5.6902002E+03  0.0000000E+00  4.3123680E+04  0.0000000E+00  0.0000000E+00  0.0000000E+00  4.6834650E+05 -2.5928504E+00
     1.8200000E+03    229.5576001  8.8336850E+06  2.6416000E+04  0.0000000E+00  9.5471639E+03  3.8906821E+02  0.0000000E+00  5.1611660E+03  5.3014697E+03  0.0000000E+00  3.5464641E+04  0.0000000E+00  0.0000000E+00  0.0000000E+00  4.7132038E+05 -6.0894448E-01
     1.8210000E+03    229.5875554  8.8581990E+06  2.4514000E+04  0.0000000E+00  7.6817219E+03  3.3476556E+02  0.0000000E+00  4.8217051E+03  5.1082266E+03  0.0000000E+00  3.2147648E+04  0.0000000E+00  0.0000000E+00  0.0000000E+00  4.7232428E+05  4.5026865E-04
     1.8220000E+03    229.6125115  8.8786220E+06  2.0423000E+04  0.0000000E+00  8.6431243E+03  2.9226434E+02  0.0000000E+00  4.5277036E+03  4.9148091E+03  0.0000000E+00  2.9161326E+04  0.0000000E+00  0.0000000E+00  0.0000000E+00  4.7317191E+05  1.0575672E-03
     1.8230000E+03    229.6311212  8.8938520E+06  1.5230000E+04  0.0000000E+00  1.0315089E+04  2.5817090E+02  0.0000000E+00  4.2246978E+03  5.1159727E+03  0.0000000E+00  2.6099344E+04  0.0000000E+00  0.0000000E+00  0.0000000E+00  4.7367816E+05 -2.5782514E-01
     1.8240000E+03    229.6475729  8.9073150E+06  1.3463000E+04  0.0000000E+00  1.0146514E+04  2.3026851E+02  0.0000000E+00  4.0615249E+03  4.5211611E+03  0.0000000E+00  2.3839184E+04  0.0000000E+00  0.0000000E+00  0.0000000E+00  4.7431431E+05  1.0726887E-03
     1.8250000E+03    229.6619525  8.9190830E+06  1.1768000E+04  0.0000000E+00  1.0028600E+04  2.0705135E+02  0.0000000E+00  3.9031946E+03  4.4651997E+03  0.0000000E+00  2.2142967E+04  0.0000000E+00  0.0000000E+00  0.0000000E+00  4.7478638E+05 -3.2704331E-02
     1.8260000E+03    229.6768644  8.9312860E+06  1.2203000E+04  0.0000000E+00  8.8167723E+03  1.8746210E+02  0.0000000E+00  3.7627595E+03  4.3177944E+03  0.0000000E+00  2.1387590E+04  0.0000000E+00  0.0000000E+00  0.0000000E+00  4.7528238E+05  9.6354273E-04
     1.8270000E+03    229.6913596  8.9431490E+06  1.1863000E+04  0.0000000E+00  8.5360261E+03  1.7073708E+02  0.0000000E+00  3.6392231E+03  4.3243711E+03  0.0000000E+00  2.0913217E+04  0.0000000E+00  0.0000000E+00  0.0000000E+00  4.7576375E+05 -8.8874728E-04
     1.8280000E+03    229.7043938  8.9538150E+06  1.0666000E+04  0.0000000E+00  8.7345047E+03  1.5631136E+02  0.0000000E+00  3.5273401E+03  4.7198164E+03  0.0000000E+00  2.0439502E+04  0.0000000E+00  0.0000000E+00  0.0000000E+00  4.7614653E+05  1.1743936E-02
     1.8290000E+03    229.7132553  8.9610670E+06  7.2520000E+03  0.0000000E+00  9.2860803E+03  1.4375807E+02  0.0000000E+00  3.4335007E+03  3.8985171E+03  0.0000000E+00  1.9824055E+04  0.0000000E+00  0.0000000E+00  0.0000000E+00  4.7652781E+05  1.2669019E+01
     1.8300000E+03    229.7261984  8.9716590E+06  1.0592000E+04  0.0000000E+00  8.4325607E+03  1.3274889E+02  0.0000000E+00  3.3215452E+03  4.1438267E+03  0.0000000E+00  1.9713973E+04  0.0000000E+00  0.0000000E+00  0.0000000E+00  4.7691991E+05 -5.1424053E-04
     1.8310000E+03    229.7385878  8.9817980E+06  1.0139000E+04  0.0000000E+00  8.6203315E+03  1.2302709E+02  0.0000000E+00  3.2446758E+03  4.1371621E+03  0.0000000E+00  1.9528582E+04  0.0000000E+00  0.0000000E+00  0.0000000E+00  4.7736122E+05 -9.0847845E-04
     1.8320000E+03    229.7496814  8.9908770E+06  9.0790000E+03  0.0000000E+00  9.1799848E+03  1.1438919E+02  0.0000000E+00  3.1728086E+03  4.1284409E+03  0.0000000E+00  1.9099848E+04  0.0000000E+00  0.0000000E+00  0.0000000E+00  4.7776656E+05 -1.7012490E-03
     1.8330000E+03    229.7591686  8.9986410E+06  7.7640000E+03  0.0000000E+00  9.5810400E+03  1.0667182E+02  0.0000000E+00  3.0951885E+03  4.4183428E+03  0.0000000E+00  1.8563785E+04  0.0000000E+00  0.0000000E+00  0.0000000E+00  4.7804938E+05  1.0391233E-02
     1.8340000E+03    229.7672277  9.0052360E+06  6.5950000E+03  0.0000000E+00  8.2847992E+03  9.9742363E+01  0.0000000E+00  3.0290461E+03  3.8416699E+03  0.0000000E+00  1.8740230E+04  0.0000000E+00  0.0000000E+00  0.0000000E+00  4.7836666E+05  1.4392737E+01
     1.8350000E+03    229.7806374  9.0162100E+06  1.0974000E+04  0.0000000E+00  7.2319409E+03  9.3492104E+01  0.0000000E+00  2.9367507E+03  4.1380864E+03  0.0000000E+00  1.9313471E+04  0.0000000E+00  0.0000000E+00  0.0000000E+00  4.7876912E+05 -1.4073449E-03
     1.8360000E+03    229.7937654  9.0269540E+06  1.0744000E+04  0.0000000E+00  7.5789009E+03  8.7831055E+01  0.0000000E+00  2.8675759E+03  4.2020806E+03  0.0000000E+00  1.9568746E+04  0.0000000E+00  0.0000000E+00  0.0000000E+00  4.7923356E+05 -3.6809447E-03
     1.8370000E+03    229.8078021  9.0384410E+06  1.1487000E+04  0.0000000E+00  6.9534880E+03  8.2684174E+01  0.0000000E+00  2.7986826E+03  4.4617925E+03  0.0000000E+00  2.0021213E+04  0.0000000E+00  0.0000000E+00  0.0000000E+00  4.7970006E+05  1.3090433E-03
     1.8380000E+03    229.8216335  9.0497600E+06  1.1319000E+04  0.0000000E+00  7.3450470E+03  7.7988380E+01  0.0000000E+00  2.7319270E+03  4.3125024E+03  0.0000000E+00  2.0166600E+04  0.0000000E+00  0.0000000E+00  0.0000000E+00  4.8022912E+05 -1.4450896E-04
     1.8390000E+03    229.8359678  9.0614910E+06  1.1731000E+04  0.0000000E+00  6.9899528E+03  7.3690262E+01  0.0000000E+00  2.6666213E+03  4.4389751E+03  0.0000000E+00  2.0418574E+04  0.0000000E+00  0.0000000E+00  0.0000000E+00  4.8073731E+05 -4.4951020E-03
     1.8400000E+03    229.8501308  9.0730810E+06  1.1590000E+04  0.0000000E+00  7.1789720E+03  6.9744377E+01  0.0000000E+00  2.6031467E+03  4.4153940E+03  0.0000000E+00  2.0511877E+04  0.0000000E+00  0.0000000E+00  0.0000000E+00  4.8126644E+05  1.7311677E-03
     1.8410000E+03    229.8640819  9.0844980E+06  1.1417000E+04  0.0000000E+00  7.2747664E+03  6.6111755E+01  0.0000000E+00  2.5416147E+03  4.4381235E+03  0.0000000E+00  2.0522174E+04  0.0000000E+00  0.0000000E+00  0.0000000E+00  4.8178316E+05  4.2220781E-05
     1.8420000E+03    229.8760264  9.0942730E+06  9.7750000E+03  0.0000000E+00  8.0551673E+03  6.2758881E+01  0.0000000E+00  2.4833699E+03  4.8771343E+03  0.0000000E+00  2.0162840E+04  0.0000000E+00  0.0000000E+00  0.0000000E+00  4.8217366E+05  7.3406775E-03
     1.8430000E+03    229.8871944  9.1034130E+06  9.1400000E+03  0.0000000E+00  7.8229287E+03  5.9656693E+01  0.0000000E+00  2.4357341E+03  5.5203540E+03  0.0000000E+00  1.9989467E+04  0.0000000E+00  0.0000000E+00  0.0000000E+00  4.8250062E+05  7.0012398E-03
     1.8440000E+03    229.8989795  9.1130570E+06  9.6440000E+03  0.0000000E+00  7.9460136E+03  5.6779945E+01  0.0000000E+00  2.3838618E+03  4.6396870E+03  0.0000000E+00  1.9787703E+04  0.0000000E+00  0.0000000E+00  0.0000000E+00  4.8305431E+05 -6.0979291E-03
     1.8450000E+03    229.9079126  9.1203680E+06  7.3110000E+03  0.0000000E+00  7.4505240E+03  5.4106590E+01  0.0000000E+00  2.3483252E+03  4.2359507E+03  0.0000000E+00  1.9862805E+04  0.0000000E+00  0.0000000E+00  0.0000000E+00  4.8343362E+05  1.4676520E+01
     1.8460000E+03    229.9185438  9.1290680E+06  8.7000000E+03  0.0000000E+00  7.9193232E+03  5.1617271E+01  0.0000000E+00  2.2774319E+03  5.3828647E+03  0.0000000E+00  1.9678234E+04  0.0000000E+00  0.0000000E+00  0.0000000E+00  4.8365119E+05  2.3154622E-02
     1.8470000E+03    229.9306869  9.1390050E+06  9.9370000E+03  0.0000000E+00  7.4623230E+03  4.9294968E+01  0.0000000E+00  2.2339365E+03  4.6145493E+03  0.0000000E+00  1.9730744E+04  0.0000000E+00  0.0000000E+00  0.0000000E+00  4.8420225E+05  4.7022683E-04
     1.8480000E+03    229.9432319  9.1492720E+06  1.0267000E+04  0.0000000E+00  7.2291350E+03  4.7124622E+01  0.0000000E+00  2.1859607E+03  4.6018555E+03  0.0000000E+00  1.9864242E+04  0.0000000E+00  0.0000000E+00  0.0000000E+00  4.8467372E+05 -2.9963322E-03
     1.8490000E+03    229.9551617  9.1590340E+06  9.7620000E+03  0.0000000E+00  7.5897436E+03  4.5092892E+01  0.0000000E+00  2.1378618E+03  4.6138091E+03  0.0000000E+00  1.9783092E+04  0.0000000E+00  0.0000000E+00  0.0000000E+00  4.8512125E+05  2.2495657E-03
     1.8500000E+03    229.9657025  9.1676610E+06  8.6270000E+03  0.0000000E+00  5.4960504E+03  4.3187916E+01  0.0000000E+00  2.1145300E+03  4.3314497E+03  0.0000000E+00  2.0648705E+04  0.0000000E+00  0.0000000E+00  0.0000000E+00  4.8554228E+05  1.9082008E+01
     1.8510000E+03    229.9783769  9.1780980E+06  1.0437000E+04  0.0000000E+00  6.6435093E+03  4.1399097E+01  0.0000000E+00  2.0446400E+03  5.7690562E+03  0.0000000E+00  2.0765758E+04  0.0000000E+00  0.0000000E+00  0.0000000E+00  4.8580647E+05  9.7648567E-03
     1.8520000E+03    229.9916711  9.1891490E+06  1.1051000E+04  0.0000000E+00  6.8785253E+03  3.9716961E+01  0.0000000E+00  2.0061915E+03  4.8373042E+03  0.0000000E+00  2.0720238E+04  0.0000000E+00  0.0000000E+00  0.0000000E+00  4.8644238E+05 -3.0026766E-03
     1.8530000E+03    230.0041557  9.1995270E+06  1.0378000E+04  0.0000000E+00  6.4133775E+03  3.8133007E+01  0.0000000E+00  1.9691375E+03  6.0934683E+03  0.0000000E+00  2.0880297E+04  0.0000000E+00  0.0000000E+00  0.0000000E+00  4.8675400E+05  1.1887254E-02
     1.8540000E+03    230.0197226  9.2124670E+06  1.2940000E+04  0.0000000E+00  5.4572409E+03  3.6639580E+01  0.0000000E+00  1.9304781E+03  4.9724614E+03  0.0000000E+00  2.1402553E+04  0.0000000E+00  0.0000000E+00  0.0000000E+00  4.8749388E+05 -1.3789909E-04
     1.8550000E+03    230.0371554  9.2269580E+06  1.4491000E+04  0.0000000E+00  4.5796584E+03  3.5229778E+01  0.0000000E+00  1.8892029E+03  5.0032295E+03  0.0000000E+00  2.2183701E+04  3.3682587E+01  0.0000000E+00  0.0000000E+00  4.8816647E+05  2.3413389E-03
     1.8560000E+03    230.0509577  9.2384320E+06  1.1474000E+04  0.0000000E+00  4.9704085E+03  3.3897369E+01  0.0000000E+00  1.8484213E+03  4.9521196E+03  0.0000000E+00  2.2588320E+04  3.0747563E+03  0.0000000E+00  0.0000000E+00  4.8874331E+05 -2.6418779E-03
     1.8570000E+03    230.0613783  9.2470940E+06  8.6620000E+03  0.0000000E+00  5.4659486E+03  3.2636703E+01  0.0000000E+00  1.8091910E+03  5.0064414E+03  0.0000000E+00  2.2663633E+04  5.3707349E+03  0.0000000E+00  0.0000000E+00  4.8915866E+05  1.3708679E-03
     1.8580000E+03    230.0652058  9.2502760E+06  3.1820000E+03  0.0000000E+00  8.9113150E+03  3.1442638E+01  0.0000000E+00  1.7717833E+03  4.6635376E+03  0.0000000E+00  2.1167412E+04  6.2140625E+03  0.0000000E+00  0.0000000E+00  4.8937628E+05 -1.2073837E-03
     1.8590000E+03    230.0663520  9.2512280E+06  9.5200000E+02  0.0000000E+00  9.5951980E+03  3.0310509E+01  0.0000000E+00  1.7369110E+03  4.4634336E+03  0.0000000E+00  1.9710766E+04  6.4665903E+03  0.0000000E+00  0.0000000E+00  4.8942259E+05  3.5556029E-03
     1.8600000E+03    230.0698057  9.2540990E+06  2.8710000E+03  0.0000000E+00  6.9573457E+03  2.9236053E+01  0.0000000E+00  1.7022657E+03  4.4646445E+03  0.0000000E+00  1.9789318E+04  7.2275605E+03  0.0000000E+00  0.0000000E+00  4.8948678E+05  1.2524209E-03
     1.8610000E+03    230.0696235  9.2539480E+06 -1.5100000E+02  0.0000000E+00  9.1801077E+03  2.8215384E+01  0.0000000E+00  1.6689666E+03  4.3157744E+03  0.0000000E+00  1.8835252E+04  7.1874038E+03  0.0000000E+00  0.0000000E+00  4.8947022E+05  7.1766885E-04
     1.8620000E+03    230.0705895  9.2547510E+06  8.0300000E+02  0.0000000E+00  7.8998021E+03  2.7244934E+01  0.0000000E+00  1.6364476E+03  4.2664419E+03  0.0000000E+00  1.8707389E+04  7.4002505E+03  0.0000000E+00  0.0000000E+00  4.8944434E+05  7.7948272E-03
     1.8630000E+03    230.0709338  9.2550370E+06  2.8600000E+02  0.0000000E+00  8.1342193E+03  2.6321445E+01  0.0000000E+00  1.6050985E+03  4.2288379E+03  0.0000000E+00  1.8493906E+04  7.4761123E+03  0.0000000E+00  0.0000000E+00  4.8940600E+05  7.8608975E-04
     1.8640000E+03    230.0699523  9.2542210E+06 -8.1600000E+02  0.0000000E+00  9.0493399E+03  2.5441914E+01  0.0000000E+00  1.6118279E+03  4.0546270E+03  0.0000000E+00  1.7914705E+04  7.2598481E+03  0.0000000E+00  0.0000000E+00  4.8937644E+05  2.0429160E-02
     1.8650000E+03    230.0693689  9.2537360E+06 -4.8500000E+02  0.0000000E+00  9.0490150E+03  2.4603584E+01  0.0000000E+00  1.5578750E+03  4.1784668E+03  0.0000000E+00  1.7495521E+04  7.1313164E+03  0.0000000E+00  0.0000000E+00  4.8925525E+05 -3.9088600E+00
     1.8660000E+03    230.0690906  9.2535050E+06 -2.3100000E+02  0.0000000E+00  8.1306716E+03  2.3803911E+01  0.0000000E+00  1.5329750E+03  4.1370366E+03  0.0000000E+00  1.7549635E+04  7.0699976E+03  0.0000000E+00  0.0000000E+00  4.8919119E+05 -1.5049130E-03
     1.8670000E+03    230.0690771  9.2534940E+06 -1.1000000E+01  0.0000000E+00  7.9872130E+03  2.3040548E+01  0.0000000E+00  1.5065051E+03  4.1329976E+03  0.0000000E+00  1.7645754E+04  7.0670308E+03  0.0000000E+00  0.0000000E+00  4.8913006E+05 -4.9165972E-03
     1.8680000E+03    230.0686915  9.2531730E+06 -3.2100000E+02  0.0000000E+00  8.2992572E+03  2.2311335E+01  0.0000000E+00  1.4777386E+03  4.1136709E+03  0.0000000E+00  1.7566326E+04  6.9820532E+03  0.0000000E+00  0.0000000E+00  4.8905269E+05 -3.9203525E-02
     1.8690000E+03    230.0683890  9.2529220E+06 -2.5100000E+02  0.0000000E+00  8.2342755E+03  2.1614262E+01  0.0000000E+00  1.4551670E+03  4.1080664E+03  0.0000000E+00  1.7528770E+04  6.9154229E+03  0.0000000E+00  0.0000000E+00  4.8899084E+05 -6.3083316E-03
     1.8700000E+03    230.0675251  9.2522040E+06 -7.1800000E+02  0.0000000E+00  9.1156732E+03  2.0947468E+01  0.0000000E+00  1.4280292E+03  4.1098340E+03  0.0000000E+00  1.7092553E+04  6.7250630E+03  0.0000000E+00  0.0000000E+00  4.8889622E+05 -3.4637656E+00
     1.8710000E+03    230.0679259  9.2525370E+06  3.3300000E+02  0.0000000E+00  7.5702703E+03  2.0309233E+01  0.0000000E+00  1.4115430E+03  4.1616904E+03  0.0000000E+00  1.7446639E+04  6.8133784E+03  0.0000000E+00  0.0000000E+00  4.8885597E+05  7.9662423E-04
     1.8720000E+03    230.0695010  9.2538460E+06  1.3090000E+03  0.0000000E+00  6.8204162E+03  1.9697956E+01  0.0000000E+00  1.3922047E+03  4.1514092E+03  0.0000000E+00  1.8029381E+04  7.1604106E+03  0.0000000E+00  0.0000000E+00  4.8886816E+05  2.4111063E-04
     1.8730000E+03    230.0714661  9.2554800E+06  1.6340000E+03  0.0000000E+00  6.5552516E+03  1.9174080E+01  0.0000000E+00  1.3715455E+03  4.1853960E+03  0.0000000E+00  1.8576492E+04  7.5933960E+03  0.0000000E+00  0.0000000E+00  4.8889625E+05 -4.1669877E-03
     1.8740000E+03    230.0727546  9.2565510E+06  1.0710000E+03  0.0000000E+00  6.4032302E+03  1.8670580E+01  0.0000000E+00  1.3515461E+03  4.1502896E+03  0.0000000E+00  1.9041404E+04  7.8772866E+03  0.0000000E+00  0.0000000E+00  4.8890600E+05  4.4573355E+00
     1.8750000E+03    230.0751033  9.2585030E+06  1.9520000E+03  0.0000000E+00  6.0892425E+03  1.8186415E+01  0.0000000E+00  1.3318053E+03  4.4521499E+03  0.0000000E+00  1.9535225E+04  8.3947725E+03  0.0000000E+00  0.0000000E+00  4.8891922E+05 -1.4111731E-02
     1.8760000E+03    230.0967101  9.2764640E+06  1.7961000E+04  1.3920551E+04  7.8422754E+03  1.4038041E+03  0.0000000E+00  1.4735187E+03  4.7277646E+03  0.0000000E+00  2.9401385E+04  1.5668187E+04  0.0000000E+00  0.0000000E+00  4.8998112E+05  6.7641777E-05
     1.8770000E+03    230.2462903  9.4008340E+06  1.2437000E+05  6.4898592E+04  5.6322215E+03  1.8362029E+04  0.0000000E+00  2.1858540E+03  8.0952983E+03  0.0000000E+00  1.7295422E+05  1.2033205E+05  0.0000000E+00  0.0000000E+00  4.9618241E+05 -1.1168458E-02
     1.8780000E+03    230.2276140  9.3852810E+06 -1.5553000E+04  0.0000000E+00  6.1223164E+03  6.6548804E+02  0.0000000E+00  2.9560796E+03  6.3024258E+03  0.0000000E+00  9.6348289E+04  1.0309842E+05  0.0000000E+00  0.0000000E+00  4.9853038E+05 -2.6374581E-04
     1.8790000E+03    230.2037295  9.3654250E+06 -1.9856000E+04  0.0000000E+00  6.1277997E+03  5.6476910E+02  0.0000000E+00  3.7195869E+03  4.6458647E+03  0.0000000E+00  6.9528492E+04  8.2895039E+04  0.0000000E+00  0.0000000E+00  4.9893047E+05  1.5847075E-04
     1.8800000E+03    230.1860020  9.3506890E+06 -1.4736000E+04  0.0000000E+00  5.1084707E+03  4.8664697E+02  0.0000000E+00  4.4124761E+03  4.2382500E+03  0.0000000E+00  5.5332457E+04  6.8070328E+04  0.0000000E+00  0.0000000E+00  4.9903666E+05 -3.1639915E+00
     1.8810000E+03    230.1695895  9.3370460E+06 -1.3643000E+04  0.0000000E+00  5.5193260E+03  4.2462689E+02  0.0000000E+00  5.5428042E+03  2.7774119E+03  0.0000000E+00  4.5373746E+04  5.6985102E+04  0.0000000E+00  0.0000000E+00  4.9962066E+05 -4.5596763E-01
     1.8820000E+03    230.1558984  9.3256650E+06 -1.1381000E+04  0.0000000E+00  5.0686487E+03  3.7443527E+02  0.0000000E+00  5.8338262E+03  3.5754539E+03  0.0000000E+00  3.8803781E+04  4.7737922E+04  0.0000000E+00  0.0000000E+00  4.9931328E+05  1.9544406E-02
     1.8830000E+03    230.1455446  9.3170580E+06 -8.6070000E+03  0.0000000E+00  4.7032465E+03  3.3315305E+02  0.0000000E+00  5.5675542E+03  3.7107239E+03  0.0000000E+00  3.4651645E+04  4.0744812E+04  0.0000000E+00  0.0000000E+00  4.9852547E+05  1.1601436E-03
     1.8840000E+03    230.1380604  9.3108370E+06 -6.2210000E+03  0.0000000E+00  4.8951970E+03  2.9872427E+02  0.0000000E+00  5.2193994E+03  3.3927014E+03  0.0000000E+00  3.2159672E+04  3.5689859E+04  0.0000000E+00  0.0000000E+00  4.9777719E+05 -1.7954744E-01
     1.8850000E+03    230.1303406  9.3044200E+06 -6.4170000E+03  0.0000000E+00  5.8949039E+03  2.6966351E+02  0.0000000E+00  4.9622490E+03  3.7753477E+03  0.0000000E+00  2.9803863E+04  3.1783150E+04  0.0000000E+00  0.0000000E+00  4.9715091E+05 -1.5077171E-03
     1.8860000E+03    230.1239462  9.2991040E+06 -5.3160000E+03  0.0000000E+00  5.8211417E+03  2.4487366E+02  0.0000000E+00  4.7392886E+03  3.8133347E+03  0.0000000E+00  2.8040389E+04  2.8719098E+04  0.0000000E+00  0.0000000E+00  4.9659184E+05 -3.3956256E-02
     1.8870000E+03    230.1192510  9.2952020E+06 -3.9020000E+03  0.0000000E+00  5.4370668E+03  2.2352893E+02  0.0000000E+00  4.5459849E+03  3.8799592E+03  0.0000000E+00  2.6866295E+04  2.6469275E+04  0.0000000E+00  0.0000000E+00  4.9612934E+05 -6.9437796E-01
     1.8880000E+03    230.1146596  9.2913850E+06 -3.8170000E+03  0.0000000E+00  5.9548245E+03  2.0499738E+02  0.0000000E+00  4.3626768E+03  3.8816619E+03  0.0000000E+00  2.5721506E+04  2.4269156E+04  0.0000000E+00  0.0000000E+00  4.9570316E+05  1.5805670E-03
     1.8890000E+03    230.1130535  9.2900500E+06 -1.3350000E+03  2.0566937E+03  6.3651110E+03  3.0267453E+02  0.0000000E+00  4.2237837E+03  3.9596833E+03  0.0000000E+00  2.5906307E+04  2.3499580E+04  0.0000000E+00  0.0000000E+00  4.9541922E+05  2.4829543E-04
     1.8900000E+03    230.1122338  9.2893680E+06 -6.8200000E+02  0.0000000E+00  3.7985504E+03  2.2874693E+02  0.0000000E+00  4.0929404E+03  4.0254409E+03  0.0000000E+00  2.5927834E+04  2.3106805E+04  0.0000000E+00  0.0000000E+00  4.9519975E+05  2.3426793E-03
     1.8910000E+03    230.1131930  9.2901660E+06  7.9800000E+02  0.0000000E+00  2.3087580E+03  2.0867848E+02  0.0000000E+00  3.9510708E+03  4.1531475E+03  0.0000000E+00  2.6666084E+04  2.3566404E+04  0.0000000E+00  0.0000000E+00  4.9502378E+05 -1.5396482E-03
     1.8920000E+03    230.1137601  9.2906370E+06  4.7100000E+02  0.0000000E+00  2.6426500E+03  1.9135303E+02  0.0000000E+00  3.8507100E+03  4.1409180E+03  0.0000000E+00  2.7051072E+04  2.3838156E+04  0.0000000E+00  0.0000000E+00  4.9492350E+05  1.3191216E-03
     1.8930000E+03    230.2114655  9.3718560E+06  8.1219000E+04  5.0131732E+04  3.7081746E+03  1.1848387E+04  0.0000000E+00  4.6394233E+03  6.5459019E+03  0.0000000E+00  1.1427958E+05  8.9438758E+04  0.0000000E+00  0.0000000E+00  4.9883044E+05 -7.0265336E-03
     1.8940000E+03    230.2004337  9.3626860E+06 -9.1700000E+03  0.0000000E+00  2.4789831E+03  8.5073419E+02  0.0000000E+00  5.5129468E+03  5.4358804E+03  0.0000000E+00  7.2487984E+04  8.0107227E+04  0.0000000E+00  0.0000000E+00  5.0051309E+05 -4.8815869E-04
     1.8950000E+03    230.1886972  9.3529300E+06 -9.7560000E+03  0.0000000E+00  1.6048160E+03  7.0218066E+02  0.0000000E+00  6.2978784E+03  4.4671035E+03  0.0000000E+00  5.9495340E+04  7.0179586E+04  0.0000000E+00  0.0000000E+00  5.0099941E+05 -1.4343979E-04
     1.8960000E+03    230.1785386  9.3444850E+06 -8.4450000E+03  0.0000000E+00  1.4164503E+03  5.9322412E+02  0.0000000E+00  7.4497886E+03  3.2607246E+03  0.0000000E+00  5.0976535E+04  6.3029430E+04  0.0000000E+00  0.0000000E+00  5.0170888E+05 -3.5750529E-01
     1.8970000E+03    230.1686738  9.3362850E+06 -8.2000000E+03  0.0000000E+00  2.0788926E+03  5.1014511E+02  0.0000000E+00  8.0369487E+03  3.1398318E+03  0.0000000E+00  4.4686629E+04  5.6366629E+04  0.0000000E+00  0.0000000E+00  5.0182803E+05 -2.4620937E-01
     1.8980000E+03    230.1603285  9.3293480E+06 -6.9370000E+03  0.0000000E+00  2.3323669E+03  4.4489230E+02  0.0000000E+00  8.6337080E+03  3.2275813E+03  0.0000000E+00  4.0170211E+04  5.0730074E+04  0.0000000E+00  0.0000000E+00  5.0195266E+05 -1.8513216E-01
     1.8990000E+03    230.1528852  9.3231600E+06 -6.1880000E+03  0.0000000E+00  3.3116932E+03  3.9242810E+02  0.0000000E+00  9.1697100E+03  3.2751030E+03  0.0000000E+00  3.6465457E+04  4.5702750E+04  0.0000000E+00  0.0000000E+00  5.0204716E+05 -1.4143004E-01
     1.9000000E+03    230.1472827  9.3185030E+06 -4.6570000E+03  0.0000000E+00  3.4867913E+03  3.4943893E+02  0.0000000E+00  9.6557422E+03  3.4367432E+03  0.0000000E+00  3.4143598E+04  4.1918738E+04  0.0000000E+00  0.0000000E+00  5.0214972E+05 -7.4722350E-02
     1.9010000E+03    230.1436020  9.3154440E+06 -3.0590000E+03  0.0000000E+00  2.9739858E+03  3.1365555E+02  0.0000000E+00  9.9185820E+03  3.7468372E+03  0.0000000E+00  3.2864434E+04  3.9432730E+04  0.0000000E+00  0.0000000E+00  5.0214078E+05  4.5872685E-03
     1.9020000E+03    230.1394402  9.3119840E+06 -3.4600000E+03  0.0000000E+00  4.0391278E+03  2.8347241E+02  0.0000000E+00  9.3303672E+03  3.8339758E+03  0.0000000E+00  3.1422588E+04  3.6621797E+04  0.0000000E+00  0.0000000E+00  5.0148356E+05  3.4326266E-03
     1.9030000E+03    230.1356623  9.3088440E+06 -3.1400000E+03  0.0000000E+00  4.2817108E+03  2.5772183E+02  0.0000000E+00  8.8049277E+03  3.8589333E+03  0.0000000E+00  3.0222648E+04  3.4333180E+04  0.0000000E+00  0.0000000E+00  5.0088044E+05 -1.1425235E-01
     1.9040000E+03    230.1315208  9.3054010E+06 -3.4430000E+03  0.0000000E+00  4.8180133E+03  2.3553505E+02  0.0000000E+00  8.2535439E+03  3.8238420E+03  0.0000000E+00  2.9058533E+04  3.2348686E+04  0.0000000E+00  0.0000000E+00  5.0024272E+05  1.8106312E-04
     1.9050000E+03    230.1277174  9.3022390E+06 -3.1620000E+03  0.0000000E+00  5.0099082E+03  2.1625269E+02  0.0000000E+00  7.6390312E+03  3.5754702E+03  0.0000000E+00  2.8082385E+04  3.0526178E+04  0.0000000E+00  0.0000000E+00  4.9954538E+05 -3.0391835E-02
     1.9060000E+03    230.1246520  9.2996910E+06 -2.5480000E+03  0.0000000E+00  4.7181116E+03  1.9936572E+02  0.0000000E+00  7.3723643E+03  3.8082068E+03  0.0000000E+00  2.7463738E+04  2.9057281E+04  0.0000000E+00  0.0000000E+00  4.9915791E+05 -3.5337885E-04
     1.9070000E+03    230.1224638  9.2978720E+06 -1.8190000E+03  0.0000000E+00  4.3874193E+03  1.8447525E+02  0.0000000E+00  7.0266865E+03  3.7912683E+03  0.0000000E+00  2.7157357E+04  2.8008768E+04  0.0000000E+00  0.0000000E+00  4.9872994E+05  1.8350629E-04
     1.9080000E+03    230.1202638  9.2960430E+06 -1.8290000E+03  0.0000000E+00  4.7451177E+03  1.7126456E+02  0.0000000E+00  6.7718491E+03  3.8381804E+03  0.0000000E+00  2.6765916E+04  2.6954580E+04  0.0000000E+00  0.0000000E+00  4.9839228E+05  4.2867992E-04
     1.9090000E+03    230.1188050  9.2948310E+06 -1.2120000E+03  0.0000000E+00  4.4025034E+03  1.5947910E+02  0.0000000E+00  6.5289888E+03  3.8746680E+03  0.0000000E+00  2.6631496E+04  2.6255545E+04  0.0000000E+00  0.0000000E+00  4.9808500E+05 -2.1831652E-03
     1.9100000E+03    230.1178141  9.2940070E+06 -8.2400000E+02  0.0000000E+00  4.1939954E+03  1.4891226E+02  0.0000000E+00  6.2558018E+03  3.8784536E+03  0.0000000E+00  2.6624869E+04  2.5780760E+04  0.0000000E+00  0.0000000E+00  4.9776628E+05  1.0961848E-03
     1.9110000E+03    230.1168690  9.2932210E+06 -7.8600000E+02  0.0000000E+00  4.8779352E+03  1.3939459E+02  0.0000000E+00  5.9861411E+03  3.9436255E+03  0.0000000E+00  2.6306990E+04  2.5327885E+04  0.0000000E+00  0.0000000E+00  4.9744878E+05 -2.7260177E+00
     1.9120000E+03    230.1165430  9.2929500E+06 -2.7100000E+02  0.0000000E+00  3.7496404E+03  1.3078592E+02  0.0000000E+00  5.8432754E+03  3.9138411E+03  0.0000000E+00  2.6585115E+04  2.5171648E+04  0.0000000E+00  0.0000000E+00  4.9728569E+05 -1.5084835E-02
     1.9130000E+03    230.1158220  9.2923510E+06 -5.9900000E+02  0.0000000E+00  4.2396181E+03  1.2296946E+02  0.0000000E+00  5.7010684E+03  3.9274148E+03  0.0000000E+00  2.6570584E+04  2.4826156E+04  0.0000000E+00  0.0000000E+00  4.9711147E+05  1.3141917E-03
     1.9140000E+03    230.1159277  9.2924390E+06  8.8000000E+01  0.0000000E+00  3.5062101E+03  1.1584712E+02  0.0000000E+00  5.4651152E+03  3.9576387E+03  0.0000000E+00  2.6872893E+04  2.4876818E+04  0.0000000E+00  0.0000000E+00  4.9685659E+05  7.7610195E-02
     1.9150000E+03    230.1140188  9.2908520E+06 -1.5870000E+03  0.0000000E+00  5.5532228E+03  1.0933595E+02  0.0000000E+00  5.3705288E+03  3.7387810E+03  0.0000000E+00  2.6188436E+04  2.3962133E+04  0.0000000E+00  0.0000000E+00  4.9670044E+05  3.5005044E-03
     1.9160000E+03    230.1139569  9.2908010E+06 -5.1000000E+01  0.0000000E+00  3.9655685E+03  1.0336541E+02  0.0000000E+00  5.2305552E+03  3.8931235E+03  0.0000000E+00  2.6404723E+04  2.3932445E+04  0.0000000E+00  0.0000000E+00  4.9652934E+05 -4.6998654E-03
     1.9170000E+03    230.1134052  9.2903420E+06 -4.5900000E+02  0.0000000E+00  4.5444214E+03  9.7875137E+01  0.0000000E+00  5.1745444E+03  3.8221821E+03  0.0000000E+00  2.6302021E+04  2.3668117E+04  0.0000000E+00  0.0000000E+00  4.9644978E+05 -3.9934698E-03
     1.9180000E+03    230.1135868  9.2904930E+06  1.5100000E+02  0.0000000E+00  3.8254792E+03  9.2813171E+01  0.0000000E+00  4.9854961E+03  3.9528293E+03  0.0000000E+00  2.6544014E+04  2.3755135E+04  0.0000000E+00  0.0000000E+00  4.9623556E+05 -1.9644697E-01
     1.9190000E+03    230.1122327  9.2893670E+06 -1.1260000E+03  0.0000000E+00  5.2063613E+03  8.8134651E+01  0.0000000E+00  4.8811582E+03  3.9148865E+03  0.0000000E+00  2.6134191E+04  2.3106277E+04  0.0000000E+00  0.0000000E+00  4.9607941E+05  6.0786065E-03
     1.9200000E+03    230.1116908  9.2889170E+06 -4.5000000E+02  0.0000000E+00  4.9963510E+03  8.3800575E+01  0.0000000E+00  4.7046152E+03  3.9465322E+03  0.0000000E+00  2.5922303E+04  2.2846615E+04  0.0000000E+00  0.0000000E+00  4.9584412E+05 -1.9779466E+00
     1.9210000E+03    230.1103088  9.2877680E+06 -1.1490000E+03  0.0000000E+00  5.3802928E+03  7.9776901E+01  0.0000000E+00  4.5850562E+03  3.8441223E+03  0.0000000E+00  2.5600129E+04  2.2184367E+04  0.0000000E+00  0.0000000E+00  4.9565856E+05  1.6497426E-02
     1.9220000E+03    230.1097728  9.2873230E+06 -4.4500000E+02  0.0000000E+00  5.1442575E+03  7.6033844E+01  0.0000000E+00  4.4511680E+03  3.9403269E+03  0.0000000E+00  2.5464367E+04  2.1927510E+04  0.0000000E+00  0.0000000E+00  4.9546703E+05 -1.8558096E+00
     1.9230000E+03    230.1092734  9.2869070E+06 -4.1600000E+02  0.0000000E+00  4.9240880E+03  7.2545181E+01  0.0000000E+00  4.3352134E+03  3.9379949E+03  0.0000000E+00  2.5467727E+04  2.1688211E+04  0.0000000E+00  0.0000000E+00  4.9530625E+05 -8.4715587E-01
     1.9240000E+03    230.1086365  9.2863780E+06 -5.2900000E+02  0.0000000E+00  5.2611674E+03  6.9287773E+01  0.0000000E+00  5.0991890E+03  3.9318335E+03  0.0000000E+00  2.5322020E+04  2.1383053E+04  0.0000000E+00  0.0000000E+00  4.9616797E+05  1.4502898E+00
     1.9250000E+03    230.1082139  9.2860270E+06 -3.5100000E+02  1.3706467E+03  6.8670603E+03  1.1712830E+02  0.0000000E+00  4.8145073E+03  3.8604055E+03  0.0000000E+00  2.5266492E+04  2.1180561E+04  0.0000000E+00  0.0000000E+00  4.9583056E+05  3.6818467E-02
     1.9260000E+03    230.1078336  9.2857110E+06 -3.1600000E+02  0.0000000E+00  5.6988494E+03  8.9251030E+01  0.0000000E+00  4.5983364E+03  3.9337439E+03  0.0000000E+00  2.4995939E+04  2.0998320E+04  0.0000000E+00  0.0000000E+00  4.9556319E+05 -2.0612729E+00
     1.9270000E+03    230.1073185  9.2852820E+06 -4.2900000E+02  0.0000000E+00  5.5622320E+03  8.4348373E+01  0.0000000E+00  4.4258296E+03  3.9343003E+03  0.0000000E+00  2.4903645E+04  2.0751504E+04  0.0000000E+00  0.0000000E+00  4.9533862E+05 -1.3396337E+00
     1.9280000E+03    230.1064407  9.2845530E+06 -7.2900000E+02  0.0000000E+00  6.1109631E+03  7.9867645E+01  0.0000000E+00  4.2820815E+03  3.9357339E+03  0.0000000E+00  2.4598242E+04  2.0330846E+04  0.0000000E+00  0.0000000E+00  4.9513156E+05 -2.2659883E+00
     1.9290000E+03    230.1082758  9.2860780E+06  1.5250000E+03  2.7412964E+03  4.9991760E+03  2.1487558E+02  0.0000000E+00  4.1976631E+03  3.9500867E+03  0.0000000E+00  2.6465590E+04  2.1210197E+04  0.0000000E+00  0.0000000E+00  4.9507522E+05  5.7554965E+00
     1.9300000E+03    230.1080867  9.2859210E+06 -1.5700000E+02  0.0000000E+00  5.6861445E+03  1.3453499E+02  0.0000000E+00  4.0962705E+03  3.9651772E+03  0.0000000E+00  2.5993811E+04  2.1119568E+04  0.0000000E+00  0.0000000E+00  4.9496478E+05 -1.2650768E+00
     1.9310000E+03    230.1075824  9.2855020E+06 -4.1900000E+02  0.0000000E+00  5.9049777E+03  1.2338854E+02  0.0000000E+00  5.0534561E+03  3.9544365E+03  0.0000000E+00  2.5639895E+04  2.0877955E+04  0.0000000E+00  0.0000000E+00  4.9607878E+05  1.6172028E+00
     1.9320000E+03    230.1073164  9.2852810E+06 -2.2100000E+02  0.0000000E+00  6.4030793E+03  1.1379152E+02  0.0000000E+00  4.7068003E+03  3.9466382E+03  0.0000000E+00  2.5163645E+04  2.0750461E+04  0.0000000E+00  0.0000000E+00  4.9567469E+05 -2.8776085E+00
     1.9330000E+03    230.1070221  9.2850360E+06 -2.4500000E+02  0.0000000E+00  5.7386128E+03  1.0544153E+02  0.0000000E+00  4.4679302E+03  3.9467898E+03  0.0000000E+00  2.5108396E+04  2.0609455E+04  0.0000000E+00  0.0000000E+00  4.9538325E+05 -1.2150242E+00
     1.9340000E+03    230.1066409  9.2847190E+06 -3.1700000E+02  0.0000000E+00  5.7163805E+03  9.8110321E+01  0.0000000E+00  4.2794819E+03  3.9479587E+03  0.0000000E+00  2.5076262E+04  2.0426779E+04  0.0000000E+00  0.0000000E+00  4.9514175E+05 -1.0643131E+00
     1.9350000E+03    230.1065424  9.2846370E+06 -8.2000000E+01  0.0000000E+00  5.2387036E+03  9.1621826E+01  0.0000000E+00  4.1285806E+03  3.9492222E+03  0.0000000E+00  2.5268098E+04  2.0379592E+04  0.0000000E+00  0.0000000E+00  4.9494988E+05  9.4130430E-03
     1.9360000E+03    230.1059357  9.2841330E+06 -5.0400000E+02  0.0000000E+00  6.0925773E+03  8.5838142E+01  0.0000000E+00  4.0024700E+03  3.9498403E+03  0.0000000E+00  2.5035926E+04  2.0088863E+04  0.0000000E+00  0.0000000E+00  4.9477153E+05 -1.6695170E+00
     1.9370000E+03    230.1057635  9.2839900E+06 -1.4300000E+02  0.0000000E+00  5.3764424E+03  8.0649902E+01  0.0000000E+00  3.8918328E+03  3.9481597E+03  0.0000000E+00  2.5181867E+04  2.0006391E+04  0.0000000E+00  0.0000000E+00  4.9462028E+05 -1.1469976E-01
     1.9380000E+03    230.1050739  9.2834170E+06 -5.7300000E+02  0.0000000E+00  6.2689866E+03  7.5969292E+01  0.0000000E+00  3.7927366E+03  3.9477676E+03  0.0000000E+00  2.4898635E+04  1.9675906E+04  0.0000000E+00  0.0000000E+00  4.9446853E+05 -1.8476787E+00
     1.9390000E+03    230.1046163  9.2830360E+06 -3.8100000E+02  0.0000000E+00  5.8850150E+03  7.1725052E+01  0.0000000E+00  3.7026907E+03  3.9442451E+03  0.0000000E+00  2.4862594E+04  1.9456652E+04  0.0000000E+00  0.0000000E+00  4.9432997E+05 -9.1478229E-01
     1.9400000E+03    230.1031939  9.2818540E+06 -1.1820000E+03  0.0000000E+00  7.4615472E+03  6.7858772E+01  0.0000000E+00  3.6198484E+03  3.9386169E+03  0.0000000E+00  2.4138084E+04  1.8775090E+04  0.0000000E+00  0.0000000E+00  4.9416962E+05 -3.8689413E+00
     1.9410000E+03    230.1026948  9.2814390E+06 -4.1500000E+02  0.0000000E+00  5.9638711E+03  6.4322128E+01  0.0000000E+00  3.5423447E+03  3.9314299E+03  0.0000000E+00  2.4263000E+04  1.8535939E+04  0.0000000E+00  0.0000000E+00  4.9403675E+05 -5.1553929E-01
     1.9420000E+03    230.1015743  9.2805070E+06 -9.3200000E+02  0.0000000E+00  7.1635110E+03  6.1074787E+01  0.0000000E+00  3.4692241E+03  3.9306426E+03  0.0000000E+00  2.3838635E+04  1.7998984E+04  0.0000000E+00  0.0000000E+00  4.9389569E+05 -2.7229898E+00
     1.9430000E+03    230.1001254  9.2793030E+06 -1.2040000E+03  0.0000000E+00  7.7480016E+03  5.8082851E+01  0.0000000E+00  3.3998442E+03  3.9235569E+03  0.0000000E+00  2.3266590E+04  1.7304732E+04  0.0000000E+00  0.0000000E+00  4.9374266E+05 -3.6159680E+00
     1.9440000E+03    230.0986686  9.2780920E+06 -1.2110000E+03  0.0000000E+00  7.8375911E+03  5.5317589E+01  0.0000000E+00  3.3337163E+03  3.9150393E+03  0.0000000E+00  2.2803158E+04  1.6606670E+04  0.0000000E+00  0.0000000E+00  4.9358934E+05 -3.3714137E+00
     1.9450000E+03    230.0970042  9.2767090E+06 -1.3830000E+03  0.0000000E+00  8.3349876E+03  5.2754498E+01  0.0000000E+00  3.2705134E+03  3.9080073E+03  0.0000000E+00  2.2239643E+04  1.5809106E+04  0.0000000E+00  0.0000000E+00  4.9343178E+05 -3.9433460E+00
     1.9460000E+03    230.0947386  9.2748250E+06 -1.8840000E+03  6.8516301E+02  1.0205861E+04  7.4755180E+01  0.0000000E+00  3.2150759E+03  3.8984548E+03  0.0000000E+00  2.1355305E+04  1.4723481E+04  0.0000000E+00  0.0000000E+00  4.9326269E+05 -5.5970221E+00
     1.9470000E+03    230.0971856  9.2768590E+06  2.0340000E+03  5.4815370E+03  8.7961535E+03  4.3045468E+02  0.0000000E+00  3.2442502E+03  3.9137070E+03  0.0000000E+00  2.4417389E+04  1.5896047E+04  0.0000000E+00  0.0000000E+00  4.9335569E+05  8.7381754E+00
     1.9480000E+03    230.0976313  9.2772300E+06  3.7100000E+02  0.0000000E+00  6.8124585E+03  1.9641174E+02  0.0000000E+00  3.2083364E+03  3.9469617E+03  0.0000000E+00  2.4066217E+04  1.6109627E+04  0.0000000E+00  0.0000000E+00  4.9334353E+05  8.4058923E-01
     1.9490000E+03    230.0983678  9.2778420E+06  6.1200000E+02  0.0000000E+00  6.1796628E+03  1.7218536E+02  0.0000000E+00  3.1682339E+03  3.9583374E+03  0.0000000E+00  2.4328422E+04  1.6462520E+04  0.0000000E+00  0.0000000E+00  4.9331616E+05  1.6492280E+00
     1.9500000E+03    230.1093309  9.2869550E+06  9.1130000E+03  7.6261039E+03  6.5772577E+03  8.9479279E+02  0.0000000E+00  3.2436985E+03  4.2894355E+03  0.0000000E+00  2.9925945E+04  2.1715770E+04  0.0000000E+00  0.0000000E+00  4.9375831E+05 -1.1810421E-02
     1.9510000E+03    230.1296994  9.3038870E+06  1.6932000E+04  1.0402911E+04  2.4499957E+03  1.7948723E+03  0.0000000E+00  4.0072244E+03  4.6397495E+03  0.0000000E+00  3.9293270E+04  3.1475893E+04  0.0000000E+00  0.0000000E+00  4.9552456E+05  1.1543151E-03
     1.9520000E+03    230.1296255  9.3038250E+06 -6.2000000E+01  0.0000000E+00  5.1306707E+03  6.6363409E+02  0.0000000E+00  4.8516777E+03  4.3715728E+03  0.0000000E+00  3.5365906E+04  3.1440496E+04  0.0000000E+00  0.0000000E+00  4.9677047E+05  1.1639731E-03
     1.9530000E+03    230.1290949  9.3033840E+06 -4.4100000E+02  0.0000000E+00  5.3458466E+03  5.1515399E+02  0.0000000E+00  6.0273418E+03  4.1367358E+03  0.0000000E+00  3.3650188E+04  3.1186252E+04  0.0000000E+00  0.0000000E+00  4.9804841E+05 -8.6435579E-02
     1.9540000E+03    230.1838134  9.3488700E+06  4.5486000E+04  3.3320583E+04  7.1775503E+03  7.5048770E+03  0.0000000E+00  6.6256333E+03  5.4321504E+03  0.0000000E+00  7.7231180E+04  6.6592086E+04  0.0000000E+00  0.0000000E+00  5.0028062E+05 -4.4237445E-03
     1.9550000E+03    230.1773608  9.3435060E+06 -5.3640000E+03  1.3882023E+03  4.4172935E+03  1.2091257E+03  0.0000000E+00  7.3653755E+03  4.7786182E+03  0.0000000E+00  5.6102418E+04  6.2233922E+04  0.0000000E+00  0.0000000E+00  5.0136103E+05 -9.9529489E-04
     1.9560000E+03    230.1923900  9.3559990E+06  1.2493000E+04  1.5968488E+04  4.2325836E+03  3.7351243E+03  0.0000000E+00  8.0597881E+03  4.7477920E+03  0.0000000E+00  6.7013312E+04  7.3303195E+04  0.0000000E+00  0.0000000E+00  5.0244503E+05  1.4837505E-04
     1.9570000E+03    230.1835970  9.3486900E+06 -7.3090000E+03  5.5534096E+03  9.8587492E+03  2.0463171E+03  0.0000000E+00  8.7158574E+03  4.2712549E+03  0.0000000E+00  5.6947504E+04  6.6445961E+04  0.0000000E+00  0.0000000E+00  5.0291247E+05 -4.8188218E-03
     1.9580000E+03    230.1732979  9.3401290E+06 -8.5610000E+03  3.4702613E+03  9.3108962E+03  1.6175719E+03  0.0000000E+00  9.3116543E+03  3.8932822E+03  0.0000000E+00  4.9733129E+04  5.9489805E+04  0.0000000E+00  0.0000000E+00  5.0302347E+05 -5.0511403E-04
     1.9590000E+03    230.1609602  9.3298730E+06 -1.0256000E+04  0.0000000E+00  8.3033918E+03  1.0089420E+03  0.0000000E+00  9.8734512E+03  3.6485271E+03  0.0000000E+00  4.1970258E+04  5.1156730E+04  0.0000000E+00  0.0000000E+00  5.0297794E+05  6.1897222E-06
     1.9600000E+03    230.1509086  9.3215170E+06 -8.3560000E+03  0.0000000E+00  8.3499542E+03  7.9572034E+02  0.0000000E+00  1.0379673E+04  3.5507329E+03  0.0000000E+00  3.6737547E+04  4.4367770E+04  0.0000000E+00  0.0000000E+00  5.0290922E+05  8.6082867E-04
     1.9610000E+03    230.1428335  9.3148050E+06 -6.7120000E+03  0.0000000E+00  9.5773377E+03  6.5072906E+02  0.0000000E+00  1.1146435E+04  3.1348621E+03  0.0000000E+00  3.3052867E+04  3.8913730E+04  0.0000000E+00  0.0000000E+00  5.0311703E+05 -1.2377199E-01
     1.9620000E+03    230.1341683  9.3076020E+06 -7.2030000E+03  0.0000000E+00  1.2072525E+04  5.4614337E+02  0.0000000E+00  1.1552447E+04  2.9214136E+03  0.0000000E+00  2.9244992E+04  3.3617270E+04  0.0000000E+00  0.0000000E+00  5.0304847E+05 -1.3295062E-01
     1.9630000E+03    230.1295556  9.3037670E+06 -3.8350000E+03  0.0000000E+00  9.2487583E+03  4.6737820E+02  0.0000000E+00  1.1945391E+04  3.2139312E+03  0.0000000E+00  2.7607533E+04  3.1406975E+04  0.0000000E+00  0.0000000E+00  5.0305506E+05 -3.2740805E-02
     1.9640000E+03    230.1311747  9.3051130E+06  1.3460000E+03  3.4677258E+03  8.2831718E+03  7.1162494E+02  0.0000000E+00  1.2287255E+04  3.8182644E+03  0.0000000E+00  2.9225506E+04  3.2182840E+04  0.0000000E+00  0.0000000E+00  5.0322041E+05  1.3533175E-01
     1.9650000E+03    230.1288382  9.3031710E+06 -1.9420000E+03  0.0000000E+00  8.3065215E+03  4.7863638E+02  0.0000000E+00  1.2649398E+04  3.5999243E+03  0.0000000E+00  2.7920660E+04  3.1063209E+04  0.0000000E+00  0.0000000E+00  5.0341416E+05  4.8962604E-02
     1.9660000E+03    230.1268568  9.3015240E+06 -1.6470000E+03  0.0000000E+00  8.3714092E+03  4.1269305E+02  0.0000000E+00  1.2970097E+04  3.5882261E+03  0.0000000E+00  2.7058785E+04  3.0113781E+04  0.0000000E+00  0.0000000E+00  5.0353731E+05  3.6032628E-02
     1.9670000E+03    230.1286365  9.3030030E+06  1.4790000E+03  4.1610874E+03  1.0231549E+04  7.3547894E+02  0.0000000E+00  1.3261383E+04  3.9273992E+03  0.0000000E+00  2.8505047E+04  3.0966584E+04  0.0000000E+00  0.0000000E+00  5.0372294E+05  1.2529166E-01
     1.9680000E+03    230.1268981  9.3015580E+06 -1.4450000E+03  0.0000000E+00  8.8253192E+03  4.6355328E+02  0.0000000E+00  1.3549265E+04  3.6803433E+03  0.0000000E+00  2.7202961E+04  3.0133594E+04  0.0000000E+00  0.0000000E+00  5.0389097E+05  5.0468821E-02
     1.9690000E+03    230.1254418  9.3003480E+06 -1.2100000E+03  0.0000000E+00  8.7669477E+03  3.9847229E+02  0.0000000E+00  1.3800093E+04  3.6518359E+03  0.0000000E+00  2.6462500E+04  2.9435760E+04  0.0000000E+00  0.0000000E+00  5.0398950E+05  3.9478242E-02
     1.9700000E+03    230.1224873  9.2978920E+06 -2.4560000E+03  0.0000000E+00  1.0437026E+04  3.4787326E+02  0.0000000E+00  1.4041790E+04  3.5138296E+03  0.0000000E+00  2.5127422E+04  2.8020010E+04  0.0000000E+00  0.0000000E+00  5.0403975E+05  5.2864049E-03
     1.9710000E+03    230.1189103  9.2949180E+06 -2.9740000E+03  0.0000000E+00  1.0461637E+04  3.0745285E+02  0.0000000E+00  1.2959461E+04  3.5807720E+03  0.0000000E+00  2.4101422E+04  2.6305990E+04  0.0000000E+00  0.0000000E+00  5.0317512E+05 -1.5025379E-02
     1.9720000E+03    230.1154544  9.2920460E+06 -2.8720000E+03  0.0000000E+00  1.0320969E+04  2.7445493E+02  0.0000000E+00  1.1813539E+04  3.3679988E+03  0.0000000E+00  2.3374754E+04  2.4650047E+04  0.0000000E+00  0.0000000E+00  5.0224553E+05 -1.1136257E-02
     1.9730000E+03    230.1113627  9.2886440E+06 -3.4020000E+03  0.0000000E+00  1.1133849E+04  2.4703462E+02  0.0000000E+00  1.1077652E+04  3.3436646E+03  0.0000000E+00  2.2428096E+04  2.2689367E+04  0.0000000E+00  0.0000000E+00  5.0154912E+05 -3.2560069E-02
     1.9740000E+03    230.1061283  9.2842930E+06 -4.3510000E+03  0.0000000E+00  1.2624815E+04  2.2391132E+02  0.0000000E+00  1.0432554E+04  3.2420867E+03  0.0000000E+00  2.1011299E+04  2.0181170E+04  0.0000000E+00  0.0000000E+00  5.0086188E+05 -8.1298776E-02
     1.9750000E+03    230.2071713  9.3682860E+06  8.3993000E+04  5.1390042E+04  1.0700628E+04  1.2422230E+04  0.0000000E+00  1.1273397E+04  5.6523560E+03  0.0000000E+00  1.1064518E+05  8.5806367E+04  0.0000000E+00  0.0000000E+00  5.0446306E+05 -2.2694550E-01
     1.9760000E+03    230.3460291  9.4838950E+06  1.1560900E+05  6.9612266E+04  1.2369852E+04  2.1674682E+04  0.0000000E+00  1.2106845E+04  8.7651221E+03  0.0000000E+00  2.6315000E+05  2.2979764E+05  0.0000000E+00  0.0000000E+00  5.1028112E+05  5.9252814E-04
     1.9770000E+03    230.3186710  9.4611120E+06 -2.2783000E+04  1.5307498E+04  1.1012456E+04  3.4771743E+03  0.0000000E+00  1.2764694E+04  6.1350386E+03  0.0000000E+00  1.6010145E+05  1.9728691E+05  0.0000000E+00  0.0000000E+00  5.1156550E+05 -2.7689119E-04
     1.9780000E+03    230.2700901  9.4206540E+06 -4.0458000E+04  0.0000000E+00  1.1794806E+04  1.4949274E+03  0.0000000E+00  1.3441521E+04  3.7738762E+03  0.0000000E+00  1.0431770E+05  1.4414284E+05  0.0000000E+00  0.0000000E+00  5.1055341E+05  3.8643891E-04
     1.9790000E+03    230.2355842  9.3919190E+06 -2.8735000E+04  2.0162322E+03  1.0860014E+04  1.4197787E+03  0.0000000E+00  1.4056056E+04  2.9510168E+03  0.0000000E+00  7.7442977E+04  1.0984025E+05  0.0000000E+00  0.0000000E+00  5.0944738E+05  1.5176248E-02
     1.9800000E+03    230.2189982  9.3781180E+06 -1.3801000E+04  8.0626189E+03  9.3604762E+03  2.1739492E+03  0.0000000E+00  1.4570488E+04  3.0314482E+03  0.0000000E+00  6.9594508E+04  9.5810492E+04  0.0000000E+00  0.0000000E+00  5.0890869E+05  1.3718502E-04
     1.9810000E+03    230.1958181  9.3588490E+06 -1.9269000E+04  0.0000000E+00  1.2558222E+04  1.2187255E+03  0.0000000E+00  1.4894401E+04  2.9831504E+03  0.0000000E+00  5.4041148E+04  7.6202984E+04  0.0000000E+00  0.0000000E+00  5.0822316E+05 -2.5299494E+00
     1.9820000E+03    230.1912075  9.3550160E+06 -3.8330000E+03  1.2088104E+04  1.4574050E+04  2.8721184E+03  0.0000000E+00  1.5187719E+04  3.1300349E+03  0.0000000E+00  5.6026641E+04  7.2303008E+04  0.0000000E+00  0.0000000E+00  5.0805412E+05  5.3815200E-04
     1.9830000E+03    230.1751102  9.3416350E+06 -1.3381000E+04  0.0000000E+00  1.1478492E+04  1.2771527E+03  0.0000000E+00  1.5418243E+04  2.9082930E+03  0.0000000E+00  4.5030402E+04  6.0713844E+04  0.0000000E+00  0.0000000E+00  5.0767681E+05  8.2181403E-03
     1.9840000E+03    230.1615846  9.3303920E+06 -1.1243000E+04  0.0000000E+00  1.1862616E+04  1.0243799E+03  0.0000000E+00  1.5636705E+04  2.9107371E+03  0.0000000E+00  3.8447414E+04  5.1578449E+04  0.0000000E+00  0.0000000E+00  5.0724612E+05 -4.5920003E-04
     1.9850000E+03    230.1491363  9.3200440E+06 -1.0348000E+04  0.0000000E+00  1.4794671E+04  8.4786407E+02  0.0000000E+00  1.6011778E+04  2.2261523E+03  0.0000000E+00  3.2887898E+04  4.3170719E+04  0.0000000E+00  0.0000000E+00  5.0700338E+05 -1.5949734E-01
     1.9860000E+03    230.1439210  9.3157090E+06 -4.3350000E+03  4.0260639E+03  1.5214606E+04  1.1366044E+03  0.0000000E+00  1.6089917E+04  2.7158750E+03  0.0000000E+00  3.1980336E+04  3.9648242E+04  0.0000000E+00  0.0000000E+00  5.0674162E+05 -1.8758286E-02
     1.9870000E+03    230.1367455  9.3097440E+06 -5.9650000E+03  0.0000000E+00  1.4123315E+04  7.7475110E+02  0.0000000E+00  1.6267779E+04  2.6184685E+03  0.0000000E+00  2.8553066E+04  3.4852219E+04  0.0000000E+00  0.0000000E+00  5.0657884E+05 -6.4740755E-02
     1.9880000E+03    230.1305306  9.3045780E+06 -5.1660000E+03  0.0000000E+00  1.3969842E+04  6.5819867E+02  0.0000000E+00  1.6388545E+04  2.6414456E+03  0.0000000E+00  2.6247381E+04  3.1874182E+04  0.0000000E+00  0.0000000E+00  5.0639131E+05 -5.2270815E-02
     1.9890000E+03    230.1255725  9.3004560E+06 -4.1220000E+03  0.0000000E+00  1.3574386E+04  5.6884357E+02  0.0000000E+00  1.6491574E+04  2.7634343E+03  0.0000000E+00  2.4648199E+04  2.9498369E+04  0.0000000E+00  0.0000000E+00  5.0623075E+05 -1.2152652E-02
     1.9900000E+03    230.1201804  9.2959740E+06 -4.4820000E+03  0.0000000E+00  1.4785583E+04  4.9824164E+02  0.0000000E+00  1.6599607E+04  2.7531062E+03  0.0000000E+00  2.2864070E+04  2.6914605E+04  0.0000000E+00  0.0000000E+00  5.0607888E+05 -2.1098336E-02
     1.9910000E+03    230.1162012  9.2926660E+06 -3.3080000E+03  0.0000000E+00  1.4281727E+04  4.4113416E+02  0.0000000E+00  1.6685887E+04  2.8676404E+03  0.0000000E+00  2.1727344E+04  2.5007893E+04  0.0000000E+00  0.0000000E+00  5.0594578E+05  1.2110533E-02
     1.9920000E+03    230.1105347  9.2879560E+06 -4.7100000E+03  0.0000000E+00  1.6638159E+04  3.9406699E+02  0.0000000E+00  1.6790186E+04  2.7483494E+03  0.0000000E+00  1.9771502E+04  2.2292615E+04  0.0000000E+00  0.0000000E+00  5.0579784E+05 -3.2081034E-02
     1.9930000E+03    230.1040105  9.2825330E+06 -5.4230000E+03  0.0000000E+00  1.8094362E+04  3.5467316E+02  0.0000000E+00  1.6800994E+04  3.0267266E+03  0.0000000E+00  1.7665660E+04  1.9166389E+04  0.0000000E+00  0.0000000E+00  5.0552384E+05 -1.0710137E-01
     1.9940000E+03    230.1012931  9.2802740E+06 -2.2590000E+03  0.0000000E+00  1.5720727E+04  3.2127432E+02  0.0000000E+00  1.6920326E+04  3.0122051E+03  0.0000000E+00  1.7111238E+04  1.7864277E+04  0.0000000E+00  0.0000000E+00  5.0544253E+05  3.9972734E-02
     1.9950000E+03    230.1023178  9.2811260E+06  8.5200000E+02  0.0000000E+00  1.2702528E+04  2.9264612E+02  0.0000000E+00  1.6964332E+04  3.3730732E+03  0.0000000E+00  1.8087852E+04  1.8355277E+04  0.0000000E+00  0.0000000E+00  5.0544144E+05  1.7527096E-01
     1.9960000E+03    230.1001137  9.2792930E+06 -1.8330000E+03  0.0000000E+00  1.5989606E+04  2.6787393E+02  0.0000000E+00  1.7040750E+04  3.1742031E+03  0.0000000E+00  1.7346885E+04  1.7299102E+04  0.0000000E+00  0.0000000E+00  5.0544841E+05  7.0201904E-02
     1.9970000E+03    230.0990593  9.2784170E+06 -8.7600000E+02  0.0000000E+00  1.5275644E+04  2.4626079E+02  0.0000000E+00  1.7087277E+04  3.2355557E+03  0.0000000E+00  1.7124148E+04  1.6793877E+04  0.0000000E+00  0.0000000E+00  5.0542188E+05  8.1034727E-02
     1.9980000E+03    230.0986830  9.2781040E+06 -3.1300000E+02  0.0000000E+00  1.4861921E+04  2.2726608E+02  0.0000000E+00  1.7132539E+04  3.3140996E+03  0.0000000E+00  1.7154918E+04  1.6613541E+04  0.0000000E+00  0.0000000E+00  5.0542159E+05  1.0968852E-01
     1.9990000E+03    230.0978904  9.2774450E+06 -6.5900000E+02  0.0000000E+00  1.5427404E+04  2.1046425E+02  0.0000000E+00  1.7184695E+04  3.3051646E+03  0.0000000E+00  1.6945346E+04  1.6233772E+04  0.0000000E+00  0.0000000E+00  5.0542538E+05  9.4845682E-02
     2.0000000E+03    230.0970107  9.2767140E+06 -7.3100000E+02  0.0000000E+00  1.5694688E+04  1.9551572E+02  0.0000000E+00  1.7230898E+04  3.3028345E+03  0.0000000E+00  1.6682908E+04  1.5812209E+04  0.0000000E+00  0.0000000E+00  5.0549134E+05  8.7877266E-02
     2.0010000E+03    230.0946389  9.2747420E+06 -1.9720000E+03  0.0000000E+00  1.7327497E+04  1.8214644E+02  0.0000000E+00  1.7287160E+04  3.1828955E+03  0.0000000E+00  1.5759915E+04  1.4675698E+04  0.0000000E+00  0.0000000E+00  5.0546594E+05  4.2996835E-02
     2.0020000E+03    230.1049379  9.2833040E+06  8.5620000E+03  9.3877939E+03  1.7610519E+04  1.0246323E+03  0.0000000E+00  1.7296896E+04  3.6745881E+03  0.0000000E+00  2.1743133E+04  1.9610750E+04  0.0000000E+00  0.0000000E+00  5.0576159E+05 -1.0924318E-02
     2.0030000E+03    230.1496503  9.3204710E+06  3.7167000E+04  2.6172017E+04  1.3359182E+04  5.4416050E+03  0.0000000E+00  1.7469186E+04  4.7218975E+03  0.0000000E+00  4.9687859E+04  4.3517891E+04  0.0000000E+00  0.0000000E+00  5.0739531E+05  4.7537521E-03
     2.0040000E+03    230.1450621  9.3166570E+06 -3.8140000E+03  0.0000000E+00  1.4437782E+04  1.0471085E+03  0.0000000E+00  1.7599912E+04  4.1949658E+03  0.0000000E+00  3.6578914E+04  4.0418945E+04  0.0000000E+00  0.0000000E+00  5.0792188E+05 -1.9917665E-02
     2.0050000E+03    230.1377912  9.3106130E+06 -6.0440000E+03  0.0000000E+00  1.7584226E+04  8.1332129E+02  0.0000000E+00  1.7688936E+04  3.7217205E+03  0.0000000E+00  3.1478277E+04  3.5508039E+04  0.0000000E+00  0.0000000E+00  5.0786062E+05 -1.3895333E+00
     2.0060000E+03    230.2212195  9.3799640E+06  6.9351000E+04  4.3674199E+04  1.3449995E+04  1.1420356E+04  0.0000000E+00  1.7910500E+04  5.7011021E+03  0.0000000E+00  1.1318705E+05  9.7689484E+04  0.0000000E+00  0.0000000E+00  5.1057162E+05  2.8532359E-04
     2.0070000E+03    230.2060105  9.3673210E+06 -1.2643000E+04  0.0000000E+00  1.3419306E+04  1.2337260E+03  0.0000000E+00  1.8104812E+04  4.6139497E+03  0.0000000E+00  7.0876188E+04  8.4824500E+04  0.0000000E+00  0.0000000E+00  5.1125650E+05 -3.0381763E-05
     2.0080000E+03    230.3125549  9.4560180E+06  8.8697000E+04  5.5183385E+04  9.8555056E+03  1.6291618E+04  0.0000000E+00  1.8443729E+04  6.7103052E+03  0.0000000E+00  2.0563497E+05  1.9029102E+05  0.0000000E+00  0.0000000E+00  5.1483266E+05 -4.7580186E-05
     2.0090000E+03    230.3426249  9.4810600E+06  2.5042000E+04  3.2839287E+04  6.0403016E+03  9.0354785E+03  0.0000000E+00  1.8706357E+04  6.3850811E+03  0.0000000E+00  2.0233069E+05  2.2544470E+05  0.0000000E+00  0.0000000E+00  5.1725538E+05 -1.0697504E-04
     2.0100000E+03    230.2941849  9.4407200E+06 -4.0340000E+04  0.0000000E+00  1.2355455E+04  1.8825985E+03  0.0000000E+00  1.8831811E+04  3.9621794E+03  0.0000000E+00  1.2454184E+05  1.6927861E+05  0.0000000E+00  0.0000000E+00  5.1651206E+05  0.0000000E+00
     2.0110000E+03    230.2590238  9.4114390E+06 -2.9281000E+04  6.5584209E+03  1.5671661E+04  2.4152871E+03  0.0000000E+00  1.8940346E+04  2.8863459E+03  0.0000000E+00  9.4434109E+04  1.3307138E+05  0.0000000E+00  0.0000000E+00  5.1519388E+05 -1.3911388E-04
     2.0120000E+03    230.2375035  9.3935170E+06 -1.7922000E+04  5.9003925E+03  1.0601168E+04  2.3300669E+03  0.0000000E+00  1.9006729E+04  2.7185774E+03  0.0000000E+00  7.9702531E+04  1.1154116E+05  0.0000000E+00  0.0000000E+00  5.1424434E+05  6.5698108E-04
     2.0130000E+03    230.2093419  9.3700910E+06 -2.3426000E+04  0.0000000E+00  1.4889227E+04  1.4221403E+03  0.0000000E+00  1.9068445E+04  2.4412957E+03  0.0000000E+00  6.1056336E+04  8.7642492E+04  0.0000000E+00  0.0000000E+00  5.1318172E+05 -8.9308669E-05
     2.0140000E+03    230.1860150  9.3507000E+06 -1.9391000E+04  0.0000000E+00  1.8726779E+04  1.1431797E+03  0.0000000E+00  1.9100609E+04  2.4456274E+03  0.0000000E+00  4.7482602E+04  6.8079125E+04  0.0000000E+00  0.0000000E+00  5.1215191E+05 -2.3911529E+00
     2.0150000E+03    230.1650799  9.3332970E+06 -1.7403000E+04  0.0000000E+00  2.0154811E+04  9.4611151E+02  0.0000000E+00  1.9627748E+04  1.3030259E+03  0.0000000E+00  3.7185785E+04  5.3939273E+04  0.0000000E+00  0.0000000E+00  5.1146088E+05 -3.1097326E-01
     2.0160000E+03    230.1477078  9.3188570E+06 -1.4440000E+04  0.0000000E+00  2.1757858E+04  8.0000330E+02  0.0000000E+00  1.9446346E+04  1.4170636E+03  0.0000000E+00  3.0559867E+04  4.2205883E+04  0.0000000E+00  0.0000000E+00  5.1065100E+05 -2.0585530E-01
     2.0170000E+03    230.1372285  9.3101460E+06 -8.7110000E+03  0.0000000E+00  1.8874219E+04  6.8777057E+02  0.0000000E+00  1.9255795E+04  1.7844854E+03  0.0000000E+00  2.7065188E+04  3.5128023E+04  0.0000000E+00  0.0000000E+00  5.1004872E+05 -1.2005123E-01
     2.0180000E+03    230.1245828  9.2996340E+06 -1.0512000E+04  0.0000000E+00  2.2515495E+04  5.9917841E+02  0.0000000E+00  1.9287311E+04  1.6553716E+03  0.0000000E+00  2.2718066E+04  2.9024150E+04  0.0000000E+00  0.0000000E+00  5.0952288E+05 -1.4749679E-01
     2.0190000E+03    230.1157636  9.2923030E+06 -7.3310000E+03  0.0000000E+00  2.0631079E+04  5.2771301E+02  0.0000000E+00  1.9238686E+04  1.9469602E+03  0.0000000E+00  2.0239312E+04  2.4798168E+04  0.0000000E+00  0.0000000E+00  5.0903922E+05 -8.3375178E-02
     2.0200000E+03    230.1103078  9.2877670E+06 -4.5360000E+03  0.0000000E+00  1.8878458E+04  4.6903006E+02  0.0000000E+00  1.9202812E+04  2.2944697E+03  0.0000000E+00  1.9151965E+04  2.2183904E+04  0.0000000E+00  0.0000000E+00  5.0869678E+05  6.8742777E-03
     2.0210000E+03    230.1058368  9.2840510E+06 -3.7160000E+03  0.0000000E+00  1.9065880E+04  4.2012195E+02  0.0000000E+00  1.9200189E+04  2.4667832E+03  0.0000000E+00  1.8248273E+04  2.0041504E+04  0.0000000E+00  0.0000000E+00  5.0844853E+05  2.5058754E-02
     2.0220000E+03    230.1007442  9.2798170E+06 -4.2340000E+03  0.0000000E+00  2.0611530E+04  3.7884229E+02  0.0000000E+00  1.9211291E+04  2.4654333E+03  0.0000000E+00  1.6853178E+04  1.7601232E+04  0.0000000E+00  0.0000000E+00  5.0821353E+05 -2.1702352E-03
     2.0230000E+03    230.0974339  9.2770660E+06 -2.7510000E+03  0.0000000E+00  1.9805918E+04  3.4361981E+02  0.0000000E+00  1.9201268E+04  2.6301934E+03  0.0000000E+00  1.6167310E+04  1.6015023E+04  0.0000000E+00  0.0000000E+00  5.0800919E+05  3.1370986E-02
     2.0240000E+03    230.0927844  9.2732010E+06 -3.8650000E+03  0.0000000E+00  2.1786894E+04  3.1327893E+02  0.0000000E+00  1.9214812E+04  2.5675713E+03  0.0000000E+00  1.4746391E+04  1.3787082E+04  0.0000000E+00  0.0000000E+00  5.0780812E+05 -5.4177307E-03
     2.0250000E+03    230.0905437  9.2713380E+06 -1.8630000E+03  0.0000000E+00  2.0227718E+04  2.8692383E+02  0.0000000E+00  1.9198449E+04  2.7701985E+03  0.0000000E+00  1.4381893E+04  1.2713388E+04  0.0000000E+00  0.0000000E+00  5.0763612E+05  5.3095058E-02
     2.0260000E+03    230.0896748  9.2706160E+06 -7.2200000E+02  0.0000000E+00  1.9383012E+04  2.6386041E+02  0.0000000E+00  1.9191863E+04  2.9475190E+03  0.0000000E+00  1.4483916E+04  1.2297050E+04  0.0000000E+00  0.0000000E+00  5.0753784E+05  9.8356836E-02
     2.0270000E+03    230.0901242  9.2709890E+06  3.7300000E+02  0.0000000E+00  1.8402668E+04  2.4354337E+02  0.0000000E+00  1.9195473E+04  3.1272083E+03  0.0000000E+00  1.5022796E+04  1.2512382E+04  0.0000000E+00  0.0000000E+00  5.0750181E+05  1.3509065E-01
     2.0280000E+03    230.0864030  9.2678960E+06 -3.0930000E+03  0.0000000E+00  2.2439561E+04  2.2553862E+02  0.0000000E+00  1.9231643E+04  2.8171196E+03  0.0000000E+00  1.3588141E+04  1.0884455E+04  0.0000000E+00  0.0000000E+00  5.0740941E+05 -7.7819917E-03
     2.0290000E+03    230.0868682  9.2682830E+06  3.8700000E+02  1.3077777E+03  2.0436940E+04  2.7050238E+02  0.0000000E+00  1.9210537E+04  3.1411104E+03  0.0000000E+00  1.4200110E+04  1.0986950E+04  0.0000000E+00  0.0000000E+00  5.0732647E+05  1.0553563E-01
     2.0300000E+03    230.0905538  9.2713470E+06  3.0640000E+03  0.0000000E+00  1.5979611E+04  2.2690834E+02  0.0000000E+00  1.9226291E+04  3.5261960E+03  0.0000000E+00  1.5910701E+04  1.2718219E+04  0.0000000E+00  0.0000000E+00  5.0739134E+05  2.1456046E-01
     2.0310000E+03    230.0906254  9.2714060E+06  5.9000000E+01  0.0000000E+00  1.9073437E+04  2.1022804E+02  0.0000000E+00  1.9166766E+04  3.2936479E+03  0.0000000E+00  1.5838317E+04  1.2752539E+04  0.0000000E+00  0.0000000E+00  5.0734972E+05  1.0418053E-01
     2.0320000E+03    230.0945361  9.2746570E+06  3.2510000E+03  3.9238558E+03  1.9770398E+04  4.4418048E+02  0.0000000E+00  1.8982627E+04  3.6203574E+03  0.0000000E+00  1.7989168E+04  1.4626457E+04  0.0000000E+00  0.0000000E+00  5.0703434E+05  1.7324960E-01
     2.0330000E+03    230.1702329  9.3375810E+06  6.2924000E+04  3.6670805E+04  1.1812932E+04  7.9772476E+03  0.0000000E+00  1.9123609E+04  5.2887271E+03  0.0000000E+00  7.3674328E+04  5.7419645E+04  0.0000000E+00  0.0000000E+00  5.0942566E+05  4.9451244E-04
     2.0340000E+03    230.1643305  9.3326740E+06 -4.9070000E+03  0.0000000E+00  1.7246062E+04  9.9709448E+02  0.0000000E+00  1.9332902E+04  4.4861387E+03  0.0000000E+00  4.9928094E+04  5.3433055E+04  0.0000000E+00  0.0000000E+00  5.1028803E+05 -2.1826905E-04
     2.0350000E+03    230.1564253  9.3261030E+06 -6.5710000E+03  0.0000000E+00  1.7433915E+04  7.9543732E+02  0.0000000E+00  1.9458889E+04  3.8082781E+03  0.0000000E+00  4.1131590E+04  4.8093777E+04  0.0000000E+00  0.0000000E+00  5.1028309E+05 -1.9889456E+00
     2.0360000E+03    230.1450465  9.3166440E+06 -9.4590000E+03  0.0000000E+00  1.9931260E+04  6.5741266E+02  0.0000000E+00  1.9505408E+04  3.3625154E+03  0.0000000E+00  3.4080770E+04  4.0408426E+04  0.0000000E+00  0.0000000E+00  5.0997206E+05  6.0707278E-04
     2.0370000E+03    230.1309045  9.3048890E+06 -1.1755000E+04  0.0000000E+00  2.4544295E+04  5.5714520E+02  0.0000000E+00  1.9522885E+04  3.0900874E+03  0.0000000E+00  2.7767699E+04  3.2053373E+04  0.0000000E+00  0.0000000E+00  5.0946253E+05 -1.4245357E-01
     2.0380000E+03    230.1162446  9.2927020E+06 -1.2187000E+04  0.0000000E+00  2.7185636E+04  4.8105499E+02  0.0000000E+00  1.9536139E+04  2.9905422E+03  0.0000000E+00  2.1782674E+04  2.5028658E+04  0.0000000E+00  0.0000000E+00  5.0886562E+05 -2.2062719E+00
     2.0390000E+03    230.1096679  9.2872350E+06 -5.4670000E+03  0.0000000E+00  2.0980722E+04  4.2137289E+02  0.0000000E+00  1.9605297E+04  2.6797412E+03  0.0000000E+00  2.0001193E+04  2.1877270E+04  0.0000000E+00  0.0000000E+00  5.0857003E+05 -9.4144106E-02
     2.0400000E+03    230.1054381  9.2837190E+06 -3.5160000E+03  0.0000000E+00  1.9873271E+04  3.7334277E+02  0.0000000E+00  1.9607736E+04  2.8833865E+03  0.0000000E+00  1.9114834E+04  1.9850422E+04  0.0000000E+00  0.0000000E+00  5.0835184E+05  1.1350080E-02
     2.0410000E+03    230.1047639  9.2831590E+06 -5.6000000E+02  0.0000000E+00  1.7208724E+04  3.3389075E+02  0.0000000E+00  1.9487713E+04  3.2096453E+03  0.0000000E+00  1.9601686E+04  1.9527402E+04  0.0000000E+00  0.0000000E+00  5.0807244E+05  9.3916379E-02
     2.0420000E+03    230.1050127  9.2833660E+06  2.0700000E+02  0.0000000E+00  1.5347313E+04  3.0094034E+02  0.0000000E+00  1.7371318E+04  3.2059521E+03  0.0000000E+00  2.0774332E+04  1.9646613E+04  0.0000000E+00  0.0000000E+00  5.0618569E+05  1.0328858E-01
     2.0430000E+03    230.1064006  9.2845190E+06  1.1530000E+03  0.0000000E+00  1.3884330E+04  2.7303720E+02  0.0000000E+00  1.6329596E+04  3.4910713E+03  0.0000000E+00  2.2273158E+04  2.0311652E+04  0.0000000E+00  0.0000000E+00  5.0537512E+05  9.1929398E-02
     2.0440000E+03    230.1070161  9.2850310E+06  5.1200000E+02  0.0000000E+00  1.4137309E+04  2.4913110E+02  0.0000000E+00  1.5277178E+04  3.4958875E+03  0.0000000E+00  2.3241537E+04  2.0606598E+04  0.0000000E+00  0.0000000E+00  5.0458466E+05  4.1412376E-02
     2.0450000E+03    230.1062668  9.2844080E+06 -6.2300000E+02  0.0000000E+00  1.5131429E+04  2.2844408E+02  0.0000000E+00  1.4475715E+04  3.4336716E+03  0.0000000E+00  2.3479701E+04  2.0247527E+04  0.0000000E+00  0.0000000E+00  5.0391291E+05 -1.4855024E-02
     2.0460000E+03    230.1063031  9.2844380E+06  3.0000000E+01  9.0701009E+02  1.5479452E+04  2.5598576E+02  0.0000000E+00  1.3765998E+04  3.5445435E+03  0.0000000E+00  2.3976275E+04  2.0264947E+04  0.0000000E+00  0.0000000E+00  5.0331350E+05 -1.0528965E+00
     2.0470000E+03    230.1063232  9.2844550E+06  1.7000000E+01  0.0000000E+00  1.3988234E+04  2.1797064E+02  0.0000000E+00  1.3142043E+04  3.5573123E+03  0.0000000E+00  2.4474686E+04  2.0274555E+04  0.0000000E+00  0.0000000E+00  5.0284175E+05 -6.3495780E-03
     2.0480000E+03    230.1058488  9.2840610E+06 -3.9400000E+02  0.0000000E+00  1.4305766E+04  2.0076193E+02  0.0000000E+00  1.2584274E+04  3.5351553E+03  0.0000000E+00  2.4696652E+04  2.0047250E+04  0.0000000E+00  0.0000000E+00  5.0240962E+05 -3.2950588E-02
     2.0490000E+03    230.1032595  9.2819080E+06 -2.1530000E+03  0.0000000E+00  1.6262665E+04  1.8565901E+02  0.0000000E+00  1.2088743E+04  3.3669448E+03  0.0000000E+00  2.3969967E+04  1.8806529E+04  0.0000000E+00  0.0000000E+00  5.0195516E+05 -1.0087755E-01
     2.0500000E+03    230.0980388  9.2775690E+06 -4.3390000E+03  0.0000000E+00  1.9019142E+04  1.7230461E+02  0.0000000E+00  1.1638496E+04  3.1214189E+03  0.0000000E+00  2.2224033E+04  1.6304889E+04  0.0000000E+00  0.0000000E+00  5.0143022E+05 -1.8629275E-01
     2.0510000E+03    230.0907083  9.2714750E+06 -6.0940000E+03  0.0000000E+00  2.2086039E+04  1.6042009E+02  0.0000000E+00  1.2621361E+04  3.4430012E+03  0.0000000E+00  1.9451129E+04  1.2792258E+04  0.0000000E+00  0.0000000E+00  5.0177875E+05  1.4647942E-02
     2.0520000E+03    230.0822738  9.2644640E+06 -7.0110000E+03  0.0000000E+00  2.3222603E+04  1.4978334E+02  0.0000000E+00  1.1744064E+04  2.6190637E+03  0.0000000E+00  1.6812961E+04  9.9746641E+03  0.0000000E+00  0.0000000E+00  5.0084847E+05 -2.7507964E-01
     2.0530000E+03    230.0738508  9.2574620E+06 -7.0020000E+03  0.0000000E+00  2.2743211E+04  1.4021472E+02  0.0000000E+00  1.1284202E+04  2.6470874E+03  0.0000000E+00  1.5005082E+04  8.1188105E+03  0.0000000E+00  0.0000000E+00  5.0014078E+05 -2.3161262E-01
     2.0540000E+03    230.0677016  9.2523500E+06 -5.1120000E+03  0.0000000E+00  2.0857806E+04  1.3156754E+02  0.0000000E+00  1.0757883E+04  2.8645984E+03  0.0000000E+00  1.4436687E+04  6.7639648E+03  0.0000000E+00  0.0000000E+00  4.9942700E+05 -1.5820339E-01
     2.0550000E+03    230.0658326  9.2507970E+06 -1.5530000E+03  0.0000000E+00  1.7712236E+04  1.2372055E+02  0.0000000E+00  1.0301265E+04  3.2888098E+03  0.0000000E+00  1.5364931E+04  6.3521558E+03  0.0000000E+00  0.0000000E+00  4.9890278E+05 -3.7608426E-02
     2.0560000E+03    230.0666615  9.2514860E+06  6.8900000E+02  0.0000000E+00  1.6150305E+04  1.1657280E+02  0.0000000E+00  1.0044092E+04  3.4985374E+03  0.0000000E+00  1.6713225E+04  6.5347808E+03  0.0000000E+00  0.0000000E+00  4.9866809E+05  4.7022295E-03
     2.0570000E+03    230.0688771  9.2533280E+06  1.8420000E+03  0.0000000E+00  1.5161568E+04  1.1003946E+02  0.0000000E+00  9.5706455E+03  3.7831975E+03  0.0000000E+00  1.8135523E+04  7.0229575E+03  0.0000000E+00  0.0000000E+00  4.9832712E+05  2.3318520E-02
     2.0580000E+03    230.0704438  9.2546300E+06  1.3020000E+03  0.0000000E+00  1.5806789E+04  1.0404874E+02  0.0000000E+00  9.2742402E+03  3.7975623E+03  0.0000000E+00  1.8883656E+04  7.3681484E+03  0.0000000E+00  0.0000000E+00  4.9816084E+05 -4.4422589E-02
     2.0590000E+03    230.0686455  9.2531350E+06 -1.4950000E+03  0.0000000E+00  1.8396079E+04  9.8539505E+01  0.0000000E+00  8.9872627E+03  3.5073660E+03  0.0000000E+00  1.8243729E+04  6.9719238E+03  0.0000000E+00  0.0000000E+00  4.9791228E+05 -1.7605971E-01
     2.0600000E+03    230.0665329  9.2513790E+06 -1.7560000E+03  0.0000000E+00  1.8389768E+04  9.3459328E+01  0.0000000E+00  8.7135850E+03  3.4472534E+03  0.0000000E+00  1.7725094E+04  6.5064629E+03  0.0000000E+00  0.0000000E+00  4.9760828E+05 -1.9526781E-01
     2.0610000E+03    230.0628485  9.2483160E+06 -3.0630000E+03  0.0000000E+00  1.9456012E+04  8.8763016E+01  0.0000000E+00  8.4663047E+03  3.3163689E+03  0.0000000E+00  1.6783379E+04  5.6946665E+03  0.0000000E+00  0.0000000E+00  4.9726741E+05 -2.3044051E-01
     2.0620000E+03    230.0594814  9.2455170E+06 -2.7990000E+03  0.0000000E+00  1.9077378E+04  8.4411415E+01  0.0000000E+00  8.2218574E+03  3.3336335E+03  0.0000000E+00  1.6198758E+04  4.9527944E+03  0.0000000E+00  0.0000000E+00  4.9691191E+05 -2.1845406E-01
     2.0630000E+03    230.0522354  9.2394940E+06 -6.0230000E+03  0.0000000E+00  2.2195666E+04  8.0370377E+01  0.0000000E+00  8.0280527E+03  3.0179136E+03  0.0000000E+00  1.4348151E+04  3.3562642E+03  0.0000000E+00  0.0000000E+00  4.9648897E+05 -3.1596088E-01
     2.0640000E+03    230.0456799  9.2340450E+06 -5.4490000E+03  0.0000000E+00  2.1628456E+04  7.6610092E+01  0.0000000E+00  7.8087563E+03  3.0195322E+03  0.0000000E+00  1.3143816E+04  1.9118928E+03  0.0000000E+00  0.0000000E+00  4.9601266E+05 -3.0759650E-01
     2.0650000E+03    230.0440599  9.2326980E+06 -1.3470000E+03  0.0000000E+00  1.7890109E+04  7.3104347E+01  0.0000000E+00  7.5644902E+03  3.4521819E+03  0.0000000E+00  1.3881170E+04  1.5549624E+03  0.0000000E+00  0.0000000E+00  4.9564625E+05 -1.3752843E-01
     2.0660000E+03    230.0428666  9.2317060E+06 -9.9200000E+02  0.0000000E+00  1.7953028E+04  6.9830017E+01  0.0000000E+00  7.3742969E+03  3.5718206E+03  0.0000000E+00  1.4349745E+04  1.2920220E+03  0.0000000E+00  0.0000000E+00  4.9539638E+05 -1.3585582E-01
     2.0670000E+03    230.0403112  9.2295820E+06 -2.1240000E+03  0.0000000E+00  1.9370411E+04  6.6766632E+01  0.0000000E+00  7.2097246E+03  3.4890566E+03  0.0000000E+00  1.4137934E+04  7.2900549E+02  0.0000000E+00  0.0000000E+00  4.9514712E+05 -2.1216667E-01
     2.0680000E+03    230.0402723  9.2295490E+06 -3.3000000E+01  0.0000000E+00  1.7431402E+04  6.3896019E+01  0.0000000E+00  7.0263745E+03  3.6805796E+03  0.0000000E+00  1.4674796E+04  7.2041547E+02  0.0000000E+00  0.0000000E+00  4.9493397E+05 -1.5725268E-01
     2.0690000E+03    230.0388939  9.2284040E+06 -1.1450000E+03  0.0000000E+00  1.8603878E+04  6.1201954E+01  0.0000000E+00  6.8720947E+03  3.6117249E+03  0.0000000E+00  1.4503940E+04  4.1671542E+02  0.0000000E+00  0.0000000E+00  4.9474250E+05 -2.2128546E-01
     2.0700000E+03    230.0331411  9.2236220E+06 -4.7820000E+03  0.0000000E+00  2.1503896E+04  5.8669971E+01  0.0000000E+00  6.7593188E+03  3.1934910E+03  0.0000000E+00  1.3012046E+04  0.0000000E+00  0.0000000E+00  0.0000000E+00  4.9445256E+05 -3.4558946E-01
     2.0710000E+03    230.0296835  9.2207470E+06 -2.8750000E+03  0.0000000E+00  1.9085528E+04  5.6287075E+01  0.0000000E+00  6.5815576E+03  3.3635647E+03  0.0000000E+00  1.2879155E+04  0.0000000E+00  0.0000000E+00  0.0000000E+00  4.9411038E+05 -2.5431675E-01
     2.0720000E+03    230.0261698  9.2178270E+06 -2.9200000E+03  0.0000000E+00  1.8882151E+04  5.4041615E+01  0.0000000E+00  6.4309648E+03  3.4244634E+03  0.0000000E+00  1.2851626E+04  0.0000000E+00  0.0000000E+00  0.0000000E+00  4.9380444E+05 -2.2406122E-01
     2.0730000E+03    230.0159408  9.2093240E+06 -8.5030000E+03  0.0000000E+00  2.3091421E+04  5.1923038E+01  0.0000000E+00  6.3489976E+03  2.8547947E+03  0.0000000E+00  1.0991633E+04  0.0000000E+00  0.0000000E+00  0.0000000E+00  4.9337559E+05 -1.9525819E-01
     2.0740000E+03    230.0061746  9.2012050E+06 -8.1190000E+03  0.0000000E+00  2.1994389E+04  4.9921856E+01  0.0000000E+00  6.1963901E+03  2.8612205E+03  0.0000000E+00  1.0445425E+04  0.0000000E+00  0.0000000E+00  0.0000000E+00  4.9281325E+05 -1.8053488E-01
     2.0750000E+03    229.9978389  9.1942760E+06 -6.9290000E+03  0.0000000E+00  2.0413238E+04  4.8029446E+01  0.0000000E+00  6.0547100E+03  2.9384741E+03  0.0000000E+00  1.0287225E+04  0.0000000E+00  0.0000000E+00  0.0000000E+00  4.9229000E+05 -1.4023830E-01
     2.0760000E+03    229.9845717  9.1832480E+06 -1.1028000E+04  0.0000000E+00  2.3828468E+04  4.6237991E+01  0.0000000E+00  5.9578672E+03  2.6077708E+03  0.0000000E+00  9.3513398E+03  0.0000000E+00  0.0000000E+00  0.0000000E+00  4.9168125E+05 -1.9970661E-01
     2.0770000E+03    229.9656310  9.1676020E+06 -1.5646000E+04  0.0000000E+00  2.7261596E+04  4.4540382E+01  0.0000000E+00  5.8943486E+03  2.0853679E+03  0.0000000E+00  7.6860273E+03  0.0000000E+00  0.0000000E+00  0.0000000E+00  4.9087231E+05 -2.5913030E-01
     2.0780000E+03    229.9456288  9.1512330E+06 -1.6369000E+04  0.0000000E+00  2.6764247E+04  4.2930138E+01  0.0000000E+00  5.8601562E+03  1.9053395E+03  0.0000000E+00  6.3260527E+03  0.0000000E+00  0.0000000E+00  0.0000000E+00  4.8993003E+05 -2.4921606E-01
     2.0790000E+03    229.9288469  9.1374990E+06 -1.3734000E+04  0.0000000E+00  2.3415021E+04  4.1401340E+01  0.0000000E+00  5.6570801E+03  1.9750402E+03  0.0000000E+00  5.9149712E+03  0.0000000E+00  0.0000000E+00  0.0000000E+00  4.8902288E+05 -1.6782294E-01
     2.0800000E+03    229.9192339  9.1296320E+06 -7.8670000E+03  0.0000000E+00  1.8632187E+04  3.9948566E+01  0.0000000E+00  5.7954722E+03  1.7468854E+03  0.0000000E+00  6.6782310E+03  0.0000000E+00  0.0000000E+00  0.0000000E+00  4.8851541E+05  7.7486429E-03
     2.0810000E+03    229.9146991  9.1259210E+06 -3.7110000E+03  0.0000000E+00  1.6500586E+04  3.8566853E+01  0.0000000E+00  6.2806401E+03  1.3436825E+03  0.0000000E+00  7.8132012E+03  0.0000000E+00  0.0000000E+00  0.0000000E+00  4.8837956E+05 -4.8159724E-03
     2.0820000E+03    229.9031174  9.1164430E+06 -9.4780000E+03  0.0000000E+00  2.0622490E+04  3.7251644E+01  0.0000000E+00  5.4252847E+03  2.1496404E+03  0.0000000E+00  7.8481191E+03  0.0000000E+00  0.0000000E+00  0.0000000E+00  4.8759125E+05  7.2564200E-02
     2.0830000E+03    229.8889784  9.1048720E+06 -1.1571000E+04  0.0000000E+00  2.2244070E+04  3.5998745E+01  0.0000000E+00  5.3256177E+03  2.1446621E+03  0.0000000E+00  7.4171875E+03  0.0000000E+00  0.0000000E+00  0.0000000E+00  4.8687891E+05 -1.5961760E-01
     2.0840000E+03    229.8818858  9.0990680E+06 -5.8040000E+03  0.0000000E+00  1.8961976E+04  3.4804279E+01  0.0000000E+00  5.1432505E+03  3.0721003E+03  0.0000000E+00  7.8163398E+03  0.0000000E+00  0.0000000E+00  0.0000000E+00  4.8624331E+05 -1.4684897E+01
     2.0850000E+03    229.8778528  9.0957680E+06 -3.3000000E+03  0.0000000E+00  1.4633322E+04  3.3664692E+01  0.0000000E+00  5.1452319E+03  3.0081716E+03  0.0000000E+00  9.1614609E+03  0.0000000E+00  0.0000000E+00  0.0000000E+00  4.8603284E+05 -6.4434381E-03
     2.0860000E+03    229.8700731  9.0894010E+06 -6.3670000E+03  0.0000000E+00  1.8067904E+04  3.2576706E+01  0.0000000E+00  5.0351450E+03  2.8610486E+03  0.0000000E+00  9.4877119E+03  0.0000000E+00  0.0000000E+00  0.0000000E+00  4.8560131E+05 -3.1150775E-02
     2.0870000E+03    229.8559066  9.0778080E+06 -1.1593000E+04  0.0000000E+00  2.2456239E+04  3.1537251E+01  0.0000000E+00  4.9531001E+03  2.8174500E+03  0.0000000E+00  8.6957520E+03  0.0000000E+00  0.0000000E+00  0.0000000E+00  4.8498366E+05 -1.1785045E-03
     2.0880000E+03    229.8410777  9.0656720E+06 -1.2136000E+04  0.0000000E+00  2.2509443E+04  3.0543516E+01  0.0000000E+00  4.8951201E+03  2.5191738E+03  0.0000000E+00  7.9670234E+03  0.0000000E+00  0.0000000E+00  0.0000000E+00  4.8429328E+05  2.8092842E-04
     2.0890000E+03    229.8260377  9.0533640E+06 -1.2308000E+04  0.0000000E+00  2.2448521E+04  2.9592880E+01  0.0000000E+00  4.8452085E+03  2.1056775E+03  0.0000000E+00  7.3244971E+03  0.0000000E+00  0.0000000E+00  0.0000000E+00  4.8358131E+05 -1.9100761E-01
     2.0900000E+03    229.8194883  9.0480040E+06 -5.3600000E+03  0.0000000E+00  1.7890569E+04  2.8682911E+01  0.0000000E+00  4.6770938E+03  3.0270347E+03  0.0000000E+00  7.8513901E+03  0.0000000E+00  0.0000000E+00  0.0000000E+00  4.8296991E+05 -1.4344074E+01
     2.0910000E+03    229.8112473  9.0412600E+06 -6.7440000E+03  0.0000000E+00  1.8607535E+04  2.7811350E+01  0.0000000E+00  4.5963848E+03  3.0276582E+03  0.0000000E+00  8.1116221E+03  0.0000000E+00  0.0000000E+00  0.0000000E+00  4.8251822E+05 -9.9623556E+00
     2.0920000E+03    229.7957485  9.0285770E+06 -1.2683000E+04  0.0000000E+00  2.2037543E+04  2.6976089E+01  0.0000000E+00  4.5470664E+03  2.6883623E+03  0.0000000E+00  7.4681836E+03  0.0000000E+00  0.0000000E+00  0.0000000E+00  4.8190381E+05 -2.7488882E-03
     2.0930000E+03    229.7831383  9.0182570E+06 -1.0320000E+04  0.0000000E+00  1.9696671E+04  2.6175169E+01  0.0000000E+00  4.4909468E+03  2.5852200E+03  0.0000000E+00  7.4456733E+03  0.0000000E+00  0.0000000E+00  0.0000000E+00  4.8126909E+05  4.0584388E-03
     2.0940000E+03    229.7742423  9.0109770E+06 -7.2800000E+03  0.0000000E+00  1.7818616E+04  2.5406754E+01  0.0000000E+00  4.5351504E+03  1.8569841E+03  0.0000000E+00  7.8386484E+03  0.0000000E+00  0.0000000E+00  0.0000000E+00  4.8088341E+05  1.8319603E-02
     2.0950000E+03    229.7667879  9.0048760E+06 -6.1010000E+03  0.0000000E+00  1.8921988E+04  2.4669136E+01  0.0000000E+00  4.3399712E+03  2.9606514E+03  0.0000000E+00  7.9083149E+03  0.0000000E+00  0.0000000E+00  0.0000000E+00  4.8026859E+05 -1.6034105E+01
     2.0960000E+03    229.7548143  8.9950770E+06 -9.7990000E+03  0.0000000E+00  1.9300088E+04  2.3960718E+01  0.0000000E+00  4.2950967E+03  2.6702192E+03  0.0000000E+00  7.8524590E+03  0.0000000E+00  0.0000000E+00  0.0000000E+00  4.7976803E+05  9.5565774E-04
     2.0970000E+03    229.7429263  8.9853490E+06 -9.7280000E+03  0.0000000E+00  1.9497367E+04  2.3280006E+01  0.0000000E+00  4.2659604E+03  2.2752559E+03  0.0000000E+00  7.7274565E+03  0.0000000E+00  0.0000000E+00  0.0000000E+00  4.7921300E+05 -1.2826099E-01
     2.0980000E+03    229.7222090  8.9683950E+06 -1.6954000E+04  0.0000000E+00  2.5354330E+04  2.2625589E+01  0.0000000E+00  4.2212925E+03  2.0477400E+03  0.0000000E+00  6.2037427E+03  0.0000000E+00  0.0000000E+00  0.0000000E+00  4.7836931E+05 -1.4968076E-03
     2.0990000E+03    229.6997856  8.9500440E+06 -1.8351000E+04  0.0000000E+00  2.6060587E+04  2.1996164E+01  0.0000000E+00  4.3858652E+03  1.4572727E+03  0.0000000E+00  4.6857017E+03  0.0000000E+00  0.0000000E+00  0.0000000E+00  4.7743447E+05 -2.6636112E-01
     2.1000000E+03    229.6852340  8.9381360E+06 -1.1908000E+04  0.0000000E+00  1.9081160E+04  2.1390491E+01  0.0000000E+00  4.0884407E+03  1.9604514E+03  0.0000000E+00  5.0234087E+03  0.0000000E+00  0.0000000E+00  0.0000000E+00  4.7655506E+05 -1.7636186E-03
     2.1010000E+03    229.6755289  8.9301930E+06 -7.9430000E+03  0.0000000E+00  1.8237732E+04  2.0807413E+01  0.0000000E+00  3.9724937E+03  2.6281216E+03  0.0000000E+00  5.5043037E+03  0.0000000E+00  0.0000000E+00  0.0000000E+00  4.7587353E+05 -1.6415571E+01
     2.1020000E+03    229.6646619  8.9213000E+06 -8.8930000E+03  0.0000000E+00  1.8870560E+04  2.0245844E+01  0.0000000E+00  3.9144514E+03  2.6539082E+03  0.0000000E+00  5.7497686E+03  0.0000000E+00  0.0000000E+00  0.0000000E+00  4.7531919E+05 -1.3691408E+01
     2.1030000E+03    229.6531558  8.9118840E+06 -9.4160000E+03  0.0000000E+00  1.9769354E+04  1.9704756E+01  0.0000000E+00  3.8574927E+03  2.6684041E+03  0.0000000E+00  5.7428325E+03  0.0000000E+00  0.0000000E+00  0.0000000E+00  4.7474241E+05 -1.5160728E+01
     2.1040000E+03    229.6349045  8.8969480E+06 -1.4936000E+04  0.0000000E+00  2.1725462E+04  1.9183186E+01  0.0000000E+00  3.8275417E+03  2.2189409E+03  0.0000000E+00  5.1619746E+03  0.0000000E+00  0.0000000E+00  0.0000000E+00  4.7403184E+05  1.2398513E-03
     2.1050000E+03    229.6132488  8.8792260E+06 -1.7722000E+04  0.0000000E+00  2.4073617E+04  1.8680227E+01  0.0000000E+00  3.8504382E+03  1.6371505E+03  0.0000000E+00  4.1215938E+03  0.0000000E+00  0.0000000E+00  0.0000000E+00  4.7315769E+05  7.5661396E-03
     2.1060000E+03    229.5946405  8.8639970E+06 -1.5229000E+04  0.0000000E+00  2.1531704E+04  1.8195019E+01  0.0000000E+00  3.8924109E+03  1.4193062E+03  0.0000000E+00  3.7736873E+03  0.0000000E+00  0.0000000E+00  0.0000000E+00  4.7227234E+05 -1.6434461E-01
     2.1070000E+03    229.5828682  8.8543630E+06 -9.6340000E+03  0.0000000E+00  1.9717994E+04  1.7726759E+01  0.0000000E+00  3.6614304E+03  2.4313350E+03  0.0000000E+00  3.9389182E+03  0.0000000E+00  0.0000000E+00  0.0000000E+00  4.7144334E+05 -2.2110165E+01
     2.1080000E+03    229.5705606  8.8442910E+06 -1.0072000E+04  0.0000000E+00  1.8800232E+04  1.7274681E+01  0.0000000E+00  3.6091626E+03  2.4151609E+03  0.0000000E+00  4.2656323E+03  0.0000000E+00  0.0000000E+00  0.0000000E+00  4.7082719E+05 -1.5325298E+01
     2.1090000E+03    229.5586909  8.8345770E+06 -9.7140000E+03  0.0000000E+00  1.8658285E+04  1.6893286E+01  0.0000000E+00  3.5597336E+03  2.4369309E+03  0.0000000E+00  4.5545234E+03  0.0000000E+00  0.0000000E+00  0.0000000E+00  4.7022825E+05 -1.5406651E+01
     2.1100000E+03    229.5459586  8.8241580E+06 -1.0419000E+04  0.0000000E+00  1.7015388E+04  1.6523756E+01  0.0000000E+00  3.5375042E+03  2.1452751E+03  0.0000000E+00  5.1870249E+03  0.0000000E+00  0.0000000E+00  0.0000000E+00  4.6968753E+05 -3.1905372E-03
     2.1110000E+03    229.5336789  8.8141080E+06 -1.0050000E+04  0.0000000E+00  1.7194256E+04  1.6165619E+01  0.0000000E+00  3.5060029E+03  2.0575244E+03  0.0000000E+00  5.6804297E+03  0.0000000E+00  0.0000000E+00  0.0000000E+00  4.6910288E+05  4.2457515E-03
     2.1120000E+03    229.5158289  8.7995010E+06 -1.4607000E+04  0.0000000E+00  2.1551044E+04  1.5818424E+01  0.0000000E+00  3.5027693E+03  1.6509346E+03  0.0000000E+00  5.0511030E+03  0.0000000E+00  0.0000000E+00  0.0000000E+00  4.6836950E+05 -1.0899948E-01
     2.1130000E+03    229.4929438  8.7807720E+06 -1.8729000E+04  0.0000000E+00  2.4329967E+04  1.5481744E+01  0.0000000E+00  3.4401746E+03  1.6365878E+03  0.0000000E+00  3.7847036E+03  0.0000000E+00  0.0000000E+00  0.0000000E+00  4.6737488E+05  1.0801154E-02
     2.1140000E+03    229.4801453  8.7702980E+06 -1.0474000E+04  0.0000000E+00  2.0351001E+04  1.5155167E+01  0.0000000E+00  3.3518826E+03  2.2415918E+03  0.0000000E+00  3.6483357E+03  0.0000000E+00  0.0000000E+00  0.0000000E+00  4.6653341E+05 -2.2588018E+01
     2.1150000E+03    229.4641365  8.7571970E+06 -1.3101000E+04  0.0000000E+00  1.8487757E+04  1.4838306E+01  0.0000000E+00  3.3242878E+03  1.8751600E+03  0.0000000E+00  3.9228174E+03  0.0000000E+00  0.0000000E+00  0.0000000E+00  4.6586384E+05  1.2469050E-04
     2.1160000E+03    229.4500583  8.7456760E+06 -1.1521000E+04  0.0000000E+00  1.7389601E+04  1.4530788E+01  0.0000000E+00  3.2880442E+03  1.8464691E+03  0.0000000E+00  4.4120039E+03  0.0000000E+00  0.0000000E+00  0.0000000E+00  4.6517638E+05 -2.5535929E-03
     2.1170000E+03    229.4366596  8.7347110E+06 -1.0965000E+04  0.0000000E+00  1.7468482E+04  1.4232260E+01  0.0000000E+00  3.2754541E+03  1.5917217E+03  0.0000000E+00  4.8024395E+03  0.0000000E+00  0.0000000E+00  0.0000000E+00  4.6453862E+05 -1.6144363E-02
     2.1180000E+03    229.4245013  8.7247610E+06 -9.9500000E+03  0.0000000E+00  2.0012709E+04  1.3942383E+01  0.0000000E+00  3.1799985E+03  2.2311711E+03  0.0000000E+00  4.5215454E+03  0.0000000E+00  0.0000000E+00  0.0000000E+00  4.6382828E+05 -2.0582714E+01
     2.1190000E+03    229.4123168  8.7147900E+06 -9.9710000E+03  0.0000000E+00  1.8948991E+04  1.3660833E+01  0.0000000E+00  3.1371101E+03  2.1986738E+03  0.0000000E+00  4.5092446E+03  0.0000000E+00  0.0000000E+00  0.0000000E+00  4.6322797E+05 -1.6629017E+01
     2.1200000E+03    229.4011929  8.7056870E+06 -9.1030000E+03  0.0000000E+00  1.7813040E+04  1.3387971E+01  0.0000000E+00  3.0955066E+03  2.1996287E+03  0.0000000E+00  4.7405688E+03  0.0000000E+00  0.0000000E+00  0.0000000E+00  4.6266472E+05 -1.5291348E+01
     2.1210000E+03    229.3895781  8.6961820E+06 -9.5050000E+03  0.0000000E+00  1.8452252E+04  1.3123439E+01  0.0000000E+00  3.0550669E+03  2.1939062E+03  0.0000000E+00  4.7781479E+03  0.0000000E+00  0.0000000E+00  0.0000000E+00  4.6209825E+05 -1.5958515E+01
     2.1220000E+03    229.3757120  8.6848340E+06 -1.1348000E+04  0.0000000E+00  1.7531812E+04  1.2866900E+01  0.0000000E+00  3.0280454E+03  1.8683906E+03  0.0000000E+00  5.0118184E+03  0.0000000E+00  0.0000000E+00  0.0000000E+00  4.6152044E+05  2.7182384E-03
     2.1230000E+03    229.3591669  8.6712940E+06 -1.3540000E+04  0.0000000E+00  1.9558936E+04  1.2618038E+01  0.0000000E+00  3.0048442E+03  1.7139869E+03  0.0000000E+00  4.7158877E+03  0.0000000E+00  0.0000000E+00  0.0000000E+00  4.6079972E+05  2.0106987E-03
     2.1240000E+03    229.3366844  8.6528950E+06 -1.8399000E+04  0.0000000E+00  2.4067320E+04  1.2376544E+01  0.0000000E+00  3.2603157E+03  1.0070881E+03  0.0000000E+00  3.3465645E+03  0.0000000E+00  0.0000000E+00  0.0000000E+00  4.5995162E+05 -2.2394285E-01
     2.1250000E+03    229.3193127  8.6386790E+06 -1.4216000E+04  0.0000000E+00  2.5072248E+04  1.2142132E+01  0.0000000E+00  2.9195444E+03  1.9889073E+03  0.0000000E+00  1.9615956E+03  0.0000000E+00  0.0000000E+00  0.0000000E+00  4.5890106E+05 -2.9384830E+01
     2.1260000E+03    229.2948974  8.6186980E+06 -1.9981000E+04  0.0000000E+00  2.2782274E+04  1.1914526E+01  0.0000000E+00  2.9110149E+03  1.3599196E+03  0.0000000E+00  1.2384485E+03  0.0000000E+00  0.0000000E+00  0.0000000E+00  4.5794797E+05  7.6046842E-04
     2.1270000E+03    229.2776803  8.6046090E+06 -1.4089000E+04  0.0000000E+00  2.2192242E+04  1.1693460E+01  0.0000000E+00  2.8504075E+03  1.8560948E+03  0.0000000E+00  8.4251752E+02  0.0000000E+00  0.0000000E+00  0.0000000E+00  4.5697709E+05 -2.6008944E+01
     2.1280000E+03    229.2519612  8.5835610E+06 -2.1048000E+04  0.0000000E+00  2.2867652E+04  1.1478687E+01  0.0000000E+00  2.8489187E+03  1.2500383E+03  0.0000000E+00  2.0971033E+02  0.0000000E+00  0.0000000E+00  0.0000000E+00  4.5598447E+05  1.7249397E-03
     2.1290000E+03    229.2268152  8.5629820E+06 -2.0579000E+04  0.0000000E+00  2.2415553E+04  1.1269966E+01  0.0000000E+00  2.8473484E+03  1.0310579E+03  0.0000000E+00  9.3868876E+00  0.0000000E+00  0.0000000E+00  0.0000000E+00  4.5487319E+05  1.6826792E-03
     2.1300000E+03    229.2014376  8.5422420E+06 -2.0740000E+04  0.0000000E+00  2.3267151E+04  1.1067072E+01  0.0000000E+00  3.1716108E+03  6.6471130E+02  0.0000000E+00  9.1995506E+00  0.0000000E+00  0.0000000E+00  0.0000000E+00  4.5379769E+05  6.5289532E-05
     2.1310000E+03    229.1849287  8.5287710E+06 -1.3471000E+04  0.0000000E+00  2.1157350E+04  1.0869785E+01  0.0000000E+00  2.7351614E+03  1.6036292E+03  0.0000000E+00  9.0174475E+00  0.0000000E+00  0.0000000E+00  0.0000000E+00  4.5272916E+05 -2.8711111E+01
     2.1320000E+03    229.1677691  8.5147690E+06 -1.4002000E+04  0.0000000E+00  1.9950362E+04  1.0677900E+01  0.0000000E+00  2.6878132E+03  1.5546100E+03  0.0000000E+00  8.8403816E+00  0.0000000E+00  0.0000000E+00  0.0000000E+00  4.5191459E+05 -2.2300148E+01
     2.1330000E+03    229.1539851  8.5035210E+06 -1.1248000E+04  0.0000000E+00  1.6467666E+04  1.0491218E+01  0.0000000E+00  2.6487346E+03  1.5763289E+03  0.0000000E+00  8.6681662E+00  0.0000000E+00  0.0000000E+00  0.0000000E+00  4.5121112E+05 -2.2877970E+01
     2.1340000E+03    229.1373220  8.4899240E+06 -1.3597000E+04  0.0000000E+00  1.6038098E+04  1.0309551E+01  0.0000000E+00  2.6495967E+03  1.2394159E+03  0.0000000E+00  1.0204926E+03  0.0000000E+00  0.0000000E+00  0.0000000E+00  4.5054644E+05 -6.6696154E-04
     2.1350000E+03    229.1182427  8.4743550E+06 -1.5569000E+04  0.0000000E+00  1.8529518E+04  1.0132716E+01  0.0000000E+00  2.6725652E+03  1.0041957E+03  0.0000000E+00  1.2817134E+03  0.0000000E+00  0.0000000E+00  0.0000000E+00  4.4975153E+05 -1.5448052E-03
     2.1360000E+03    229.1051947  8.4637080E+06 -1.0647000E+04  0.0000000E+00  1.7602122E+04  9.9605436E+00  0.0000000E+00  2.5871057E+03  1.5966676E+03  0.0000000E+00  1.7375250E+03  0.0000000E+00  0.0000000E+00  0.0000000E+00  4.4895534E+05 -2.1965963E+01
     2.1370000E+03    229.0924149  8.4532790E+06 -1.0429000E+04  0.0000000E+00  1.6758167E+04  9.7928648E+00  0.0000000E+00  2.5475872E+03  1.5823057E+03  0.0000000E+00  2.3047346E+03  0.0000000E+00  0.0000000E+00  0.0000000E+00  4.4832178E+05 -1.6626385E+01
     2.1380000E+03    229.0803733  8.4434530E+06 -9.8260000E+03  0.0000000E+00  1.6513803E+04  9.6295233E+00  0.0000000E+00  2.5127600E+03  1.5987415E+03  0.0000000E+00  2.8409355E+03  0.0000000E+00  0.0000000E+00  0.0000000E+00  4.4772031E+05 -1.6139198E+01
     2.1390000E+03    229.0673930  8.4328610E+06 -1.0592000E+04  0.0000000E+00  1.5338810E+04  9.4703684E+00  0.0000000E+00  2.4881414E+03  1.3253436E+03  0.0000000E+00  3.5745925E+03  0.0000000E+00  0.0000000E+00  0.0000000E+00  4.4715469E+05  3.1059372E-04
     2.1400000E+03    229.0539180  8.4218660E+06 -1.0995000E+04  0.0000000E+00  1.6161555E+04  9.3152542E+00  0.0000000E+00  2.4603521E+03  1.2991908E+03  0.0000000E+00  3.9953813E+03  0.0000000E+00  0.0000000E+00  0.0000000E+00  4.4652234E+05 -3.9933324E-03
     2.1410000E+03    229.0403070  8.4107590E+06 -1.1107000E+04  0.0000000E+00  1.6797184E+04  9.1640453E+00  0.0000000E+00  2.4715188E+03  9.9273541E+02  0.0000000E+00  4.1976294E+03  0.0000000E+00  0.0000000E+00  0.0000000E+00  4.4590844E+05 -2.5899058E-02
     2.1420000E+03    229.0312481  8.4033670E+06 -7.3920000E+03  0.0000000E+00  1.5854111E+04  9.0166044E+00  0.0000000E+00  2.3849646E+03  1.6240144E+03  0.0000000E+00  4.5747676E+03  0.0000000E+00  0.0000000E+00  0.0000000E+00  4.4530381E+05 -1.7835871E+01
     2.1430000E+03    229.0215597  8.3954610E+06 -7.9060000E+03  0.0000000E+00  1.5911028E+04  8.8728065E+00  0.0000000E+00  2.3528423E+03  1.6160447E+03  0.0000000E+00  4.8741841E+03  0.0000000E+00  0.0000000E+00  0.0000000E+00  4.4481962E+05 -1.3608507E+01
     2.1440000E+03    229.0116990  8.3874150E+06 -8.0460000E+03  0.0000000E+00  1.6397984E+04  8.7325306E+00  0.0000000E+00  2.3215044E+03  1.6285045E+03  0.0000000E+00  5.0108320E+03  0.0000000E+00  0.0000000E+00  0.0000000E+00  4.4432869E+05 -1.4641898E+01
     2.1450000E+03    228.9970003  8.3754205E+06 -1.1994500E+04  0.0000000E+00  1.7805127E+04  8.5956583E+00  0.0000000E+00  2.2985796E+03  1.3021581E+03  0.0000000E+00  4.8056646E+03  0.0000000E+00  0.0000000E+00  0.0000000E+00  4.4374100E+05  2.8621283E-04
     2.1460000E+03    228.9828732  8.3638930E+06 -1.1527500E+04  0.0000000E+00  1.7862861E+04  8.4620771E+00  0.0000000E+00  2.2742520E+03  1.3021158E+03  0.0000000E+00  4.5722930E+03  0.0000000E+00  0.0000000E+00  0.0000000E+00  4.4307203E+05 -4.0828104E+00
     2.1470000E+03    228.9726947  8.3555870E+06 -8.3060000E+03  0.0000000E+00  1.6894746E+04  8.3316813E+00  0.0000000E+00  2.2360312E+03  1.5699961E+03  0.0000000E+00  4.5627222E+03  0.0000000E+00  0.0000000E+00  0.0000000E+00  4.4247422E+05 -1.8151659E+01
     2.1480000E+03    228.9634682  8.3480585E+06 -7.5285000E+03  0.0000000E+00  1.5368236E+04  8.2043648E+00  0.0000000E+00  2.2057749E+03  1.5695950E+03  0.0000000E+00  4.9274424E+03  0.0000000E+00  0.0000000E+00  0.0000000E+00  4.4199672E+05 -1.3389613E+01
     2.1490000E+03    228.9548176  8.3410645E+06 -6.9940000E+03  0.0000000E+00  1.4984709E+04  8.0800323E+00  0.0000000E+00  2.1760891E+03  1.5825359E+03  0.0000000E+00  5.3174980E+03  0.0000000E+00  0.0000000E+00  0.0000000E+00  4.4155050E+05 -1.2504054E+01
     2.1500000E+03    228.9451135  8.3332680E+06 -7.7965000E+03  0.0000000E+00  1.4372528E+04  7.9585867E+00  0.0000000E+00  2.1548118E+03  1.3775436E+03  0.0000000E+00  5.7907900E+03  0.0000000E+00  0.0000000E+00  0.0000000E+00  4.4112572E+05 -7.4404423E-05
     2.1510000E+03    228.9327214  8.3233120E+06 -9.9560000E+03  0.0000000E+00  1.6532626E+04  7.8399358E+00  0.0000000E+00  2.1397078E+03  1.2404464E+03  0.0000000E+00  5.6676021E+03  0.0000000E+00  0.0000000E+00  0.0000000E+00  4.4058938E+05 -1.0824397E-02
     2.1520000E+03    228.9253089  8.3173570E+06 -5.9550000E+03  0.0000000E+00  1.4841453E+04  7.7239923E+00  0.0000000E+00  2.0981243E+03  1.5807092E+03  0.0000000E+00  5.9612070E+03  0.0000000E+00  0.0000000E+00  0.0000000E+00  4.4009569E+05 -1.4615052E+01
     2.1530000E+03    228.9170828  8.3107475E+06 -6.6095000E+03  0.0000000E+00  1.5308884E+04  7.6106720E+00  0.0000000E+00  2.0694626E+03  1.5804362E+03  0.0000000E+00  6.0844414E+03  0.0000000E+00  0.0000000E+00  0.0000000E+00  4.3968103E+05 -1.2542278E+01
     2.1540000E+03    228.9090899  8.3043260E+06 -6.4215000E+03  0.0000000E+00  1.5206998E+04  7.4998937E+00  0.0000000E+00  2.0414507E+03  1.5857888E+03  0.0000000E+00  6.2003032E+03  0.0000000E+00  0.0000000E+00  0.0000000E+00  4.3927078E+05 -1.2636575E+01
     2.1550000E+03    228.9022769  8.2988525E+06 -5.4735000E+03  0.0000000E+00  1.2929785E+04  7.3915792E+00  0.0000000E+00  2.0337101E+03  1.4288213E+03  0.0000000E+00  6.8438809E+03  0.0000000E+00  0.0000000E+00  0.0000000E+00  4.3896669E+05 -8.5695559E-04
     2.1560000E+03    228.8924545  8.2909610E+06 -7.8915000E+03  0.0000000E+00  1.5337687E+04  7.2856541E+00  0.0000000E+00  2.0174789E+03  1.3798137E+03  0.0000000E+00  6.8011890E+03  0.0000000E+00  0.0000000E+00  0.0000000E+00  4.3854562E+05 -2.8039480E-04
     2.1570000E+03    228.8793920  8.2804660E+06 -1.0495000E+04  0.0000000E+00  1.7825287E+04  7.1820450E+00  0.0000000E+00  2.0448951E+03  8.9799786E+02  0.0000000E+00  6.1459380E+03  0.0000000E+00  0.0000000E+00  0.0000000E+00  4.3802891E+05 -1.6166784E-01
     2.1580000E+03    228.8701288  8.2730240E+06 -7.4420000E+03  0.0000000E+00  1.7482254E+04  7.0806832E+00  0.0000000E+00  1.9584341E+03  1.5454346E+03  0.0000000E+00  5.6803867E+03  0.0000000E+00  0.0000000E+00  0.0000000E+00  4.3742269E+05 -2.0705544E+01
     2.1590000E+03    228.8614372  8.2660410E+06 -6.9830000E+03  0.0000000E+00  1.5488305E+04  6.9815025E+00  0.0000000E+00  1.9301575E+03  1.5100144E+03  0.0000000E+00  5.7337852E+03  0.0000000E+00  0.0000000E+00  0.0000000E+00  4.3697400E+05 -1.3791921E+01
     2.1600000E+03    228.8513865  8.2579660E+06 -8.0750000E+03  0.0000000E+00  1.6904460E+04  6.8844371E+00  0.0000000E+00  1.9040083E+03  1.5109510E+03  0.0000000E+00  5.4338389E+03  0.0000000E+00  0.0000000E+00  0.0000000E+00  4.3649128E+05 -1.6267248E+01
     2.1610000E+03    228.8386790  8.2477565E+06 -1.0209500E+04  0.0000000E+00  1.6234193E+04  6.7894268E+00  0.0000000E+00  1.8825736E+03  1.2141595E+03  0.0000000E+00  5.3495522E+03  0.0000000E+00  0.0000000E+00  0.0000000E+00  4.3596253E+05  3.6379689E-04
     2.1620000E+03    228.8262854  8.2377990E+06 -9.9575000E+03  0.0000000E+00  1.5931537E+04  6.6964097E+00  0.0000000E+00  1.8686567E+03  1.1583187E+03  0.0000000E+00  5.2572236E+03  0.0000000E+00  0.0000000E+00  0.0000000E+00  4.3539722E+05  1.2914276E-03
     2.1630000E+03    228.8196813  8.2324935E+06 -5.3055000E+03  0.0000000E+00  1.3392689E+04  6.6053295E+00  0.0000000E+00  1.8319611E+03  1.4668156E+03  0.0000000E+00  5.8029028E+03  0.0000000E+00  0.0000000E+00  0.0000000E+00  4.3491969E+05 -1.2870790E+01
     2.1640000E+03    228.8118635  8.2262125E+06 -6.2810000E+03  0.0000000E+00  1.3123719E+04  6.5161295E+00  0.0000000E+00  1.8126395E+03  1.3082111E+03  0.0000000E+00  6.3318018E+03  0.0000000E+00  0.0000000E+00  0.0000000E+00  4.3456578E+05  1.9285038E-04
     2.1650000E+03    228.8049778  8.2206805E+06 -5.5320000E+03  0.0000000E+00  1.3006874E+04  6.4287591E+00  0.0000000E+00  1.8136885E+03  1.1537765E+03  0.0000000E+00  6.8081191E+03  0.0000000E+00  0.0000000E+00  0.0000000E+00  4.3423597E+05 -2.9240360E-03
     2.1660000E+03    228.7998619  8.2165700E+06 -4.1105000E+03  0.0000000E+00  1.1990897E+04  6.3431630E+00  0.0000000E+00  1.7670820E+03  1.3524629E+03  0.0000000E+00  7.4594658E+03  0.0000000E+00  0.0000000E+00  0.0000000E+00  4.3390550E+05  2.2688016E-04
     2.1670000E+03    228.7961308  8.2135725E+06 -2.9975000E+03  0.0000000E+00  1.1966402E+04  6.2592940E+00  0.0000000E+00  1.7361526E+03  1.5302924E+03  0.0000000E+00  8.0096968E+03  0.0000000E+00  0.0000000E+00  0.0000000E+00  4.3362700E+05 -5.5353255E+00
     2.1680000E+03    228.7922423  8.2104485E+06 -3.1240000E+03  0.0000000E+00  1.1882075E+04  6.1771026E+00  0.0000000E+00  1.7139695E+03  1.4632438E+03  0.0000000E+00  8.5011201E+03  0.0000000E+00  0.0000000E+00  0.0000000E+00  4.3341638E+05 -3.8783497E-04
     2.1690000E+03    228.7914783  8.2098345E+06 -6.1400000E+02  0.0000000E+00  1.0020962E+04  6.0965433E+00  0.0000000E+00  1.6843094E+03  1.6425117E+03  0.0000000E+00  9.3763887E+03  0.0000000E+00  0.0000000E+00  0.0000000E+00  4.3325497E+05  1.4850883E-01
     2.1700000E+03    228.7894697  8.2082210E+06 -1.6135000E+03  0.0000000E+00  1.1550601E+04  6.0175714E+00  0.0000000E+00  1.6753427E+03  1.4937771E+03  0.0000000E+00  9.7480166E+03  0.0000000E+00  0.0000000E+00  0.0000000E+00  4.3316078E+05 -1.1506693E-02
     2.1710000E+03    228.7863961  8.2057515E+06 -2.4695000E+03  0.0000000E+00  1.3180918E+04  5.9401441E+00  0.0000000E+00  1.6404100E+03  1.6192311E+03  0.0000000E+00  9.6741602E+03  0.0000000E+00  0.0000000E+00  0.0000000E+00  4.3295828E+05 -6.8251925E+00
     2.1720000E+03    228.7791590  8.1999370E+06 -5.8145000E+03  0.0000000E+00  1.5107067E+04  5.8642187E+00  0.0000000E+00  1.6199329E+03  1.4534984E+03  0.0000000E+00  9.1202666E+03  0.0000000E+00  0.0000000E+00  0.0000000E+00  4.3266300E+05 -5.8969154E-06
     2.1730000E+03    228.7707983  8.1932200E+06 -6.7170000E+03  0.0000000E+00  1.5525389E+04  5.7897558E+00  0.0000000E+00  1.6220120E+03  1.3422876E+03  0.0000000E+00  8.5226660E+03  0.0000000E+00  0.0000000E+00  0.0000000E+00  4.3232797E+05 -1.2447531E-03
     2.1740000E+03    228.7634840  8.1873435E+06 -5.8765000E+03  0.0000000E+00  1.4507772E+04  5.7167153E+00  0.0000000E+00  1.6213694E+03  1.2593082E+03  0.0000000E+00  8.2640400E+03  0.0000000E+00  0.0000000E+00  0.0000000E+00  4.3199400E+05  3.4560733E-03
     2.1750000E+03    228.7581158  8.1830305E+06 -4.3130000E+03  0.0000000E+00  1.2971366E+04  5.6450615E+00  0.0000000E+00  1.5937678E+03  1.3208639E+03  0.0000000E+00  8.3799385E+03  0.0000000E+00  0.0000000E+00  0.0000000E+00  4.3167369E+05  8.5410266E-04
     2.1760000E+03    228.7557504  8.1811300E+06 -1.9005000E+03  0.0000000E+00  1.1361563E+04  5.5747557E+00  0.0000000E+00  1.5575172E+03  1.5336951E+03  0.0000000E+00  8.8631289E+03  0.0000000E+00  0.0000000E+00  0.0000000E+00  4.3143000E+05 -4.4088850E+00
     2.1770000E+03    228.7517121  8.1778855E+06 -3.2445000E+03  0.0000000E+00  1.2347545E+04  5.5057645E+00  0.0000000E+00  1.5376357E+03  1.4647913E+03  0.0000000E+00  9.0247637E+03  0.0000000E+00  0.0000000E+00  0.0000000E+00  4.3122950E+05  5.0198560E-04
     2.1780000E+03    228.7462502  8.1734975E+06 -4.3880000E+03  0.0000000E+00  1.3393522E+04  5.4380536E+00  0.0000000E+00  1.5305701E+03  1.4228820E+03  0.0000000E+00  8.8922295E+03  0.0000000E+00  0.0000000E+00  0.0000000E+00  4.3099556E+05 -1.1204854E-03
     2.1790000E+03    228.7446525  8.1722140E+06 -1.2835000E+03  0.0000000E+00  1.0929770E+04  5.3715906E+00  0.0000000E+00  1.4955841E+03  1.5608339E+03  0.0000000E+00  9.3717129E+03  0.0000000E+00  0.0000000E+00  0.0000000E+00  4.3077922E+05 -2.6774893E+00
     2.1800000E+03    228.7421066  8.1701685E+06 -2.0455000E+03  0.0000000E+00  1.1621179E+04  5.3063421E+00  0.0000000E+00  1.4828345E+03  1.5219552E+03  0.0000000E+00  9.6095693E+03  0.0000000E+00  0.0000000E+00  0.0000000E+00  4.3064819E+05  5.7955639E-04
     2.1810000E+03    228.7399703  8.1684520E+06 -1.7165000E+03  0.0000000E+00  1.1488366E+04  5.2422791E+00  0.0000000E+00  1.4627438E+03  1.5362367E+03  0.0000000E+00  9.8402422E+03  0.0000000E+00  0.0000000E+00  0.0000000E+00  4.3049656E+05  9.6722000E-04
     2.1820000E+03    228.7396076  8.1681605E+06 -2.9150000E+02  0.0000000E+00  1.0257189E+04  5.1793714E+00  0.0000000E+00  1.4375925E+03  1.6248804E+03  0.0000000E+00  1.0328999E+04  0.0000000E+00  0.0000000E+00  0.0000000E+00  4.3038766E+05  1.5249884E+00
     2.1830000E+03    228.7384388  8.1672215E+06 -9.3900000E+02  0.0000000E+00  1.1255763E+04  5.1175895E+00  0.0000000E+00  1.4250363E+03  1.6134076E+03  0.0000000E+00  1.0499998E+04  0.0000000E+00  0.0000000E+00  0.0000000E+00  4.3031034E+05 -1.3659098E-04
     2.1840000E+03    228.7361266  8.1653640E+06 -1.8575000E+03  0.0000000E+00  1.2087323E+04  5.0569057E+00  0.0000000E+00  1.4039647E+03  1.6070065E+03  0.0000000E+00  1.0427677E+04  0.0000000E+00  0.0000000E+00  0.0000000E+00  4.3017194E+05 -9.6270454E-04
     2.1850000E+03    228.7801029  8.2006955E+06  3.5331500E+04  1.8823550E+04  1.0593535E+04  2.3171846E+03  0.0000000E+00  1.9292983E+03  2.6386650E+03  0.0000000E+00  2.5493738E+04  0.0000000E+00  0.0000000E+00  0.0000000E+00  4.3271284E+05  1.5282740E-04
     2.1860000E+03    228.7951600  8.2127925E+06  1.2097000E+04  0.0000000E+00  9.4911702E+03  4.4792944E+02  0.0000000E+00  2.6475510E+03  2.6640168E+03  0.0000000E+00  2.1156312E+04  0.0000000E+00  0.0000000E+00  0.0000000E+00  4.3497444E+05 -1.6227859E-03
     2.1870000E+03    228.8092250  8.2240925E+06  1.1300000E+04  0.0000000E+00  9.7271813E+03  3.5403601E+02  0.0000000E+00  3.7269858E+03  2.9623879E+03  0.0000000E+00  1.9860346E+04  0.0000000E+00  0.0000000E+00  0.0000000E+00  4.3718506E+05 -2.0133415E-01
     2.1880000E+03    228.8232792  8.2353840E+06  1.1291500E+04  0.0000000E+00  9.4202594E+03  2.8846704E+02  0.0000000E+00  4.4613164E+03  3.0216096E+03  0.0000000E+00  1.8947459E+04  0.0000000E+00  0.0000000E+00  0.0000000E+00  4.3872553E+05 -1.5245214E-01
     2.1890000E+03    228.8379969  8.2472085E+06  1.1824500E+04  0.0000000E+00  9.0624813E+03  2.4075854E+02  0.0000000E+00  4.9857769E+03  2.7039055E+03  0.0000000E+00  1.8364264E+04  0.0000000E+00  0.0000000E+00  0.0000000E+00  4.4002031E+05 -3.7256317E-04
     2.1900000E+03    228.8523934  8.2587750E+06  1.1566500E+04  0.0000000E+00  9.3042268E+03  2.0486977E+02  0.0000000E+00  5.5999209E+03  2.7002944E+03  0.0000000E+00  1.7765926E+04  0.0000000E+00  0.0000000E+00  0.0000000E+00  4.4132597E+05 -1.2926527E-03
     2.1910000E+03    228.8648893  8.2688145E+06  1.0039500E+04  0.0000000E+00  9.6491346E+03  1.7711739E+02  0.0000000E+00  5.2352080E+03  2.8660981E+03  0.0000000E+00  1.7114658E+04  0.0000000E+00  0.0000000E+00  0.0000000E+00  4.4147641E+05 -1.2317692E-01
