 "GAGE No.   16:  Lake No. =     5 "
    "DATA: Time       Stage(H)         Volume     Vol.Change        Precip.          Evap.     LAK-Runoff     UZF-Runoff       GW-Inflw      GW-Outflw     LAK-to-UZF       SW-Inflw      SW-Outflw     Withdrawal     Lake-Inflx    Total-Cond.    Percent-Err "
     0.0000000E+00    220.5000000  2.0390170E+04  0.0000000E+00  0.0000000E+00  0.0000000E+00  0.0000000E+00  0.0000000E+00  0.0000000E+00  0.0000000E+00  0.0000000E+00  0.0000000E+00  0.0000000E+00  0.0000000E+00  0.0000000E+00  0.0000000E+00  0.0000000E+00
     7.3100000E+02    232.1147089  5.3352550E+06 -2.2650000E+03  0.0000000E+00  4.1879028E+03  4.0726114E-02  0.0000000E+00  2.3456877E+03  4.2284460E+02  0.0000000E+00  0.0000000E+00  0.0000000E+00  0.0000000E+00  0.0000000E+00  3.1128501E+03 -4.1301260E-04
     7.3200000E+02    232.1105991  5.3324560E+06 -2.7990000E+03  0.0000000E+00  4.7373425E+03  4.0666413E-02  0.0000000E+00  2.3627485E+03  4.2453305E+02  0.0000000E+00  0.0000000E+00  0.0000000E+00  0.0000000E+00  0.0000000E+00  3.1500723E+03 -1.6790392E-03
     7.3300000E+02    232.1076263  5.3304315E+06 -2.0245000E+03  0.0000000E+00  3.9712501E+03  4.0606815E-02  0.0000000E+00  2.3725908E+03  4.2609659E+02  0.0000000E+00  0.0000000E+00  0.0000000E+00  0.0000000E+00  0.0000000E+00  3.1701965E+03 -4.8968629E-03
     7.3400000E+02    232.1063633  5.3295710E+06 -8.6050000E+02  0.0000000E+00  2.8080511E+03  4.0547334E-02  0.0000000E+00  2.3761858E+03  4.2828009E+02  0.0000000E+00  0.0000000E+00  0.0000000E+00  0.0000000E+00  0.0000000E+00  3.1778474E+03  1.2213326E-02
     7.3500000E+02    232.1041311  5.3280510E+06 -1.5200000E+03  0.0000000E+00  3.4658100E+03  4.0487953E-02  0.0000000E+00  2.3752986E+03  4.2983316E+02  0.0000000E+00  0.0000000E+00  0.0000000E+00  0.0000000E+00  0.0000000E+00  3.1765510E+03 -7.8087030E-03
     7.3600000E+02    232.1016461  5.3263585E+06 -1.6925000E+03  0.0000000E+00  3.6318625E+03  4.0428683E-02  0.0000000E+00  2.3708679E+03  4.3148593E+02  0.0000000E+00  0.0000000E+00  0.0000000E+00  0.0000000E+00  0.0000000E+00  3.1680659E+03  1.4780568E-03
     7.3700000E+02    232.0995002  5.3248970E+06 -1.4615000E+03  0.0000000E+00  3.3936681E+03  4.0369522E-02  0.0000000E+00  2.3640378E+03  4.3193057E+02  0.0000000E+00  0.0000000E+00  0.0000000E+00  0.0000000E+00  0.0000000E+00  3.1554009E+03 -5.4244976E-04
     7.3800000E+02    232.0971119  5.3232705E+06 -1.6265000E+03  0.0000000E+00  3.5488427E+03  4.0310465E-02  0.0000000E+00  2.3553635E+03  4.3321570E+02  0.0000000E+00  0.0000000E+00  0.0000000E+00  0.0000000E+00  0.0000000E+00  3.1393713E+03 -3.8870638E-03
     7.3900000E+02    232.0940945  5.3212150E+06 -2.0555000E+03  0.0000000E+00  3.9681341E+03  4.0251520E-02  0.0000000E+00  2.3459944E+03  4.3298712E+02  0.0000000E+00  0.0000000E+00  0.0000000E+00  0.0000000E+00  0.0000000E+00  3.1229692E+03  9.3970196E-03
     7.4000000E+02    232.0905920  5.3188295E+06 -2.3855000E+03  0.0000000E+00  4.2888626E+03  4.0192679E-02  0.0000000E+00  2.3362720E+03  4.3289243E+02  0.0000000E+00  0.0000000E+00  0.0000000E+00  0.0000000E+00  0.0000000E+00  3.1060115E+03  1.2047377E-03
     7.4100000E+02    232.0862924  5.3159015E+06 -2.9280000E+03  0.0000000E+00  4.8189412E+03  4.0133946E-02  0.0000000E+00  2.3258450E+03  4.3529562E+02  0.0000000E+00  0.0000000E+00  0.0000000E+00  0.0000000E+00  0.0000000E+00  3.0869099E+03 -6.6956752E-03
     7.4200000E+02    232.0830268  5.3136775E+06 -2.2240000E+03  0.0000000E+00  4.1039658E+03  4.0075313E-02  0.0000000E+00  2.3150466E+03  4.3526282E+02  0.0000000E+00  0.0000000E+00  0.0000000E+00  0.0000000E+00  0.0000000E+00  3.0667708E+03 -3.1248857E-03
     7.4300000E+02    232.0794134  5.3112165E+06 -2.4610000E+03  0.0000000E+00  4.3291256E+03  4.0016793E-02  0.0000000E+00  2.3041113E+03  4.3599512E+02  0.0000000E+00  0.0000000E+00  0.0000000E+00  0.0000000E+00  0.0000000E+00  3.0458706E+03  6.4556015E-04
     7.4400000E+02    232.0757005  5.3086875E+06 -2.5290000E+03  0.0000000E+00  4.3890438E+03  3.9958369E-02  0.0000000E+00  2.2939846E+03  4.3374741E+02  0.0000000E+00  0.0000000E+00  0.0000000E+00  0.0000000E+00  0.0000000E+00  3.0265872E+03  4.8344261E-03
     7.4500000E+02    232.0724374  5.3064650E+06 -2.2225000E+03  0.0000000E+00  4.0715953E+03  3.9900061E-02  0.0000000E+00  2.2837192E+03  4.3459021E+02  0.0000000E+00  0.0000000E+00  0.0000000E+00  0.0000000E+00  0.0000000E+00  3.0069580E+03  1.6307879E-03
     7.4600000E+02    232.0700231  5.3048205E+06 -1.6445000E+03  0.0000000E+00  3.4876266E+03  3.9841857E-02  0.0000000E+00  2.2745991E+03  4.3136499E+02  0.0000000E+00  0.0000000E+00  0.0000000E+00  0.0000000E+00  0.0000000E+00  2.9906694E+03  3.7564968E-03
     7.4700000E+02    232.0818979  5.3129085E+06  8.0880000E+03  7.4433838E+03  1.2754617E+03  9.3287819E+01  0.0000000E+00  2.2648069E+03  4.3838232E+02  0.0000000E+00  0.0000000E+00  0.0000000E+00  0.0000000E+00  0.0000000E+00  2.9766963E+03 -3.7263192E-03
     7.4800000E+02    232.0802945  5.3118165E+06 -1.0920000E+03  0.0000000E+00  2.9069839E+03  2.9550774E+00  0.0000000E+00  2.2562571E+03  4.4421838E+02  0.0000000E+00  0.0000000E+00  0.0000000E+00  0.0000000E+00  0.0000000E+00  2.9648455E+03  2.9869180E-04
     7.4900000E+02    232.0780379  5.3102795E+06 -1.5370000E+03  0.0000000E+00  3.3461445E+03  2.9936016E-01  0.0000000E+00  2.2485376E+03  4.3961520E+02  0.0000000E+00  0.0000000E+00  0.0000000E+00  0.0000000E+00  0.0000000E+00  2.9526240E+03  2.0378588E-03
     7.5000000E+02    232.0758513  5.3087900E+06 -1.4895000E+03  0.0000000E+00  3.2913249E+03  5.1329039E-02  0.0000000E+00  2.2415286E+03  4.3919995E+02  0.0000000E+00  0.0000000E+00  0.0000000E+00  0.0000000E+00  0.0000000E+00  2.9421868E+03  1.4875431E-02
     7.5100000E+02    232.0745303  5.3078905E+06 -8.9950000E+02  0.0000000E+00  2.7072409E+03  5.1227160E-02  0.0000000E+00  2.2344773E+03  4.4033853E+02  0.0000000E+00  0.0000000E+00  0.0000000E+00  0.0000000E+00  0.0000000E+00  2.9316807E+03 -4.3052208E-01
     7.5200000E+02    232.0779180  5.3101980E+06  2.3075000E+03  1.7175412E+03  1.1988245E+03  1.8226765E+01  0.0000000E+00  2.2287314E+03  4.4213611E+02  0.0000000E+00  0.0000000E+00  0.0000000E+00  0.0000000E+00  0.0000000E+00  2.9215537E+03  4.0455484E-01
     7.5300000E+02    232.0871128  5.3164600E+06  6.2620000E+03  5.7263918E+03  1.3031346E+03  6.7762131E+01  0.0000000E+00  2.2195515E+03  4.4818851E+02  0.0000000E+00  0.0000000E+00  0.0000000E+00  0.0000000E+00  0.0000000E+00  2.9129297E+03  4.7647865E-03
     7.5400000E+02    232.1575645  5.3644430E+06  4.7983000E+04  4.3593621E+04  1.2834620E+03  3.9569958E+03  0.0000000E+00  2.2019302E+03  4.8611990E+02  0.0000000E+00  0.0000000E+00  0.0000000E+00  0.0000000E+00  0.0000000E+00  2.9093904E+03 -7.0662209E-05
     7.5500000E+02    232.1569378  5.3640165E+06 -4.2650000E+02  0.0000000E+00  2.2244659E+03  9.4640251E+01  0.0000000E+00  2.1944521E+03  4.9143167E+02  0.0000000E+00  0.0000000E+00  0.0000000E+00  0.0000000E+00  0.0000000E+00  2.9081182E+03 -1.1236646E-02
     7.5600000E+02    232.1563104  5.3635890E+06 -4.2750000E+02  0.0000000E+00  2.1340300E+03  5.0834074E+00  0.0000000E+00  2.1900361E+03  4.8839917E+02  0.0000000E+00  0.0000000E+00  0.0000000E+00  0.0000000E+00  0.0000000E+00  2.9066023E+03  7.2615761E-03
     7.5700000E+02    232.1558876  5.3633010E+06 -2.8800000E+02  0.0000000E+00  1.9872944E+03  2.9344001E-01  0.0000000E+00  2.1854565E+03  4.8647852E+02  0.0000000E+00  0.0000000E+00  0.0000000E+00  0.0000000E+00  0.0000000E+00  2.9048738E+03 -9.2770107E-04
     7.5800000E+02    232.1543000  5.3622195E+06 -1.0815000E+03  0.0000000E+00  2.7946448E+03  4.7969222E-02  0.0000000E+00  2.1979321E+03  4.8460699E+02  0.0000000E+00  0.0000000E+00  0.0000000E+00  0.0000000E+00  0.0000000E+00  2.9475549E+03  6.9610844E-03
     7.5900000E+02    232.1652376  5.3696690E+06  7.4495000E+03  6.8844595E+03  1.2255189E+03  9.7258934E+01  0.0000000E+00  2.2432676E+03  4.8940683E+02  0.0000000E+00  0.0000000E+00  0.0000000E+00  0.0000000E+00  0.0000000E+00  3.0632314E+03  6.5648389E-01
     7.6000000E+02    232.1766358  5.3774320E+06  7.7630000E+03  6.8863254E+03  1.0105702E+03  1.0862542E+02  0.0000000E+00  2.2746692E+03  4.9602466E+02  0.0000000E+00  0.0000000E+00  0.0000000E+00  0.0000000E+00  0.0000000E+00  3.2052188E+03  2.7391224E-04
     7.6100000E+02    232.1757174  5.3768065E+06 -6.2550000E+02  0.0000000E+00  2.4048032E+03  4.1442914E+00  0.0000000E+00  2.2711282E+03  4.9599026E+02  0.0000000E+00  0.0000000E+00  0.0000000E+00  0.0000000E+00  0.0000000E+00  3.2314883E+03 -7.2380522E-04
     7.6200000E+02    232.1746334  5.3760685E+06 -7.3800000E+02  0.0000000E+00  2.5190444E+03  2.4698156E-01  0.0000000E+00  2.2671777E+03  4.9533304E+02  0.0000000E+00  0.0000000E+00  0.0000000E+00  0.0000000E+00  0.0000000E+00  3.2298459E+03 -2.9699787E-01
     7.6300000E+02    232.1732723  5.3751415E+06 -9.2700000E+02  0.0000000E+00  2.6932837E+03  4.1166347E-02  0.0000000E+00  2.2599453E+03  4.9375772E+02  0.0000000E+00  0.0000000E+00  0.0000000E+00  0.0000000E+00  0.0000000E+00  3.2209458E+03 -1.7235936E-03
     7.6400000E+02    232.1717215  5.3740850E+06 -1.0565000E+03  0.0000000E+00  2.8148947E+03  4.1082755E-02  0.0000000E+00  2.2515142E+03  4.9288245E+02  0.0000000E+00  0.0000000E+00  0.0000000E+00  0.0000000E+00  0.0000000E+00  3.2090322E+03  8.3993571E-03
     7.6500000E+02    232.1699582  5.3728840E+06 -1.2010000E+03  0.0000000E+00  2.9499422E+03  4.1019924E-02  0.0000000E+00  2.2417402E+03  4.9271667E+02  0.0000000E+00  0.0000000E+00  0.0000000E+00  0.0000000E+00  0.0000000E+00  3.1941460E+03  3.5599985E-03
     7.6600000E+02    232.1685015  5.3718920E+06 -9.9200000E+02  0.0000000E+00  2.7323334E+03  4.0959258E-02  0.0000000E+00  2.2324077E+03  4.9224112E+02  0.0000000E+00  0.0000000E+00  0.0000000E+00  0.0000000E+00  0.0000000E+00  3.1823782E+03 -3.9067650E-03
     7.6700000E+02    232.1754643  5.3766340E+06  4.7420000E+03  5.6272154E+03  2.6953894E+03  7.5193298E+01  0.0000000E+00  2.2309160E+03  4.9577756E+02  0.0000000E+00  0.0000000E+00  0.0000000E+00  0.0000000E+00  0.0000000E+00  3.2018787E+03  1.9880044E-03
     7.6800000E+02    232.2129103  5.4021380E+06  2.5504000E+04  2.3655343E+04  1.0335051E+03  1.1743113E+03  0.0000000E+00  2.2242830E+03  5.1661755E+02  0.0000000E+00  0.0000000E+00  0.0000000E+00  0.0000000E+00  0.0000000E+00  3.2181113E+03 -6.8584055E-04
     7.6900000E+02    232.2128309  5.4020835E+06 -5.4500000E+01  0.0000000E+00  1.7654814E+03  1.5079703E+01  0.0000000E+00  2.2160903E+03  5.1975543E+02  0.0000000E+00  0.0000000E+00  0.0000000E+00  0.0000000E+00  0.0000000E+00  3.2158455E+03  1.8952323E-02
     7.7000000E+02    232.2172291  5.4050790E+06  2.9955000E+03  3.3796815E+03  2.1221581E+03  5.0112923E+01  0.0000000E+00  2.2088213E+03  5.2083051E+02  0.0000000E+00  0.0000000E+00  0.0000000E+00  0.0000000E+00  0.0000000E+00  3.2090186E+03  2.2558244E-03
     7.7100000E+02    232.2168685  5.4048335E+06 -2.4550000E+02  0.0000000E+00  1.9270679E+03  1.3176422E+00  0.0000000E+00  2.2004470E+03  5.2031256E+02  0.0000000E+00  0.0000000E+00  0.0000000E+00  0.0000000E+00  0.0000000E+00  3.2037112E+03 -4.7284295E-03
     7.7200000E+02    232.2168088  5.4047930E+06 -4.0500000E+01  0.0000000E+00  1.7125296E+03  9.7230308E-02  0.0000000E+00  2.1915022E+03  5.1973419E+02  0.0000000E+00  0.0000000E+00  0.0000000E+00  0.0000000E+00  0.0000000E+00  3.1882131E+03 -7.3605389E-03
     7.7300000E+02    232.2160451  5.4042730E+06 -5.2000000E+02  0.0000000E+00  2.1851227E+03  5.3162269E-02  0.0000000E+00  2.1840779E+03  5.1915778E+02  0.0000000E+00  0.0000000E+00  0.0000000E+00  0.0000000E+00  0.0000000E+00  3.1877693E+03 -5.5250949E-03
     7.7400000E+02    232.2149408  5.4035205E+06 -7.5250000E+02  0.0000000E+00  2.4186342E+03  5.3075176E-02  0.0000000E+00  2.1849141E+03  5.1845966E+02  0.0000000E+00  0.0000000E+00  0.0000000E+00  0.0000000E+00  0.0000000E+00  3.1758628E+03  1.2701224E-02
     7.7500000E+02    232.2131354  5.4022910E+06 -1.2295000E+03  0.0000000E+00  2.8957107E+03  5.2993108E-02  0.0000000E+00  2.1839875E+03  5.1795551E+02  0.0000000E+00  0.0000000E+00  0.0000000E+00  0.0000000E+00  0.0000000E+00  3.2137812E+03 -3.6832078E-03
     7.7600000E+02    232.2116927  5.4013085E+06 -9.8250000E+02  0.0000000E+00  2.6535061E+03  5.2911680E-02  0.0000000E+00  2.1882327E+03  5.1734979E+02  0.0000000E+00  0.0000000E+00  0.0000000E+00  0.0000000E+00  0.0000000E+00  3.2368765E+03 -2.2174611E-03
     7.7700000E+02    232.2109430  5.4007980E+06 -5.1050000E+02  0.0000000E+00  2.1889366E+03  5.2830461E-02  0.0000000E+00  2.1952041E+03  5.1692535E+02  0.0000000E+00  0.0000000E+00  0.0000000E+00  0.0000000E+00  0.0000000E+00  3.2470181E+03 -3.8797425E-03
     7.7800000E+02    232.2105270  5.4005145E+06 -2.8350000E+02  0.0000000E+00  1.9585043E+03  5.2749407E-02  0.0000000E+00  2.1922017E+03  5.1705176E+02  0.0000000E+00  0.0000000E+00  0.0000000E+00  0.0000000E+00  0.0000000E+00  3.2485598E+03  8.0079855E-03
     7.7900000E+02    232.2100538  5.4001925E+06 -3.2200000E+02  0.0000000E+00  1.9939696E+03  5.2668519E-02  0.0000000E+00  2.1888081E+03  5.1721045E+02  0.0000000E+00  0.0000000E+00  0.0000000E+00  0.0000000E+00  0.0000000E+00  3.2466399E+03 -1.2716568E-02
     7.8000000E+02    232.2578481  5.4327440E+06  3.2551500E+04  2.9882651E+04  7.3289973E+02  1.7752070E+03  0.0000000E+00  2.1703843E+03  5.4370593E+02  0.0000000E+00  0.0000000E+00  0.0000000E+00  0.0000000E+00  0.0000000E+00  3.2377341E+03  4.0415564E-04
     7.8100000E+02    232.3681551  5.5078715E+06  7.5127500E+04  6.2182925E+04  6.2660576E+02  1.2030558E+04  0.0000000E+00  2.1480771E+03  6.0751294E+02  0.0000000E+00  0.0000000E+00  0.0000000E+00  0.0000000E+00  0.0000000E+00  3.2379756E+03 -7.1616530E-05
     7.8200000E+02    232.3906957  5.5232230E+06  1.5351500E+04  1.2443219E+04  7.0878380E+02  1.7812955E+03  0.0000000E+00  2.4628660E+03  6.2676611E+02  0.0000000E+00  0.0000000E+00  0.0000000E+00  0.0000000E+00  0.0000000E+00  3.9372705E+03  1.9838624E-03
     7.8300000E+02    232.4109525  5.5370195E+06  1.3796500E+04  1.0185693E+04  9.5390253E+02  2.3246509E+03  0.0000000E+00  2.8735503E+03  6.3357959E+02  0.0000000E+00  0.0000000E+00  0.0000000E+00  0.0000000E+00  0.0000000E+00  4.5881187E+03 -5.7131582E-04
     7.8400000E+02    232.4264900  5.5476020E+06  1.0582500E+04  5.6607971E+03  4.6224896E+02  2.9248145E+03  0.0000000E+00  3.0972725E+03  6.3841473E+02  0.0000000E+00  0.0000000E+00  0.0000000E+00  0.0000000E+00  0.0000000E+00  4.8823252E+03 -2.3990090E-03
     7.8500000E+02    232.4325296  5.5517150E+06  4.1130000E+03  0.0000000E+00  8.0959629E+02  2.3799834E+03  0.0000000E+00  3.1811030E+03  6.3803705E+02  0.0000000E+00  0.0000000E+00  0.0000000E+00  0.0000000E+00  0.0000000E+00  4.9870713E+03  8.1481384E-03
     7.8600000E+02    232.4385170  5.5557930E+06  4.0780000E+03  0.0000000E+00  7.1598649E+02  2.2749250E+03  0.0000000E+00  3.1561831E+03  6.3728912E+02  0.0000000E+00  0.0000000E+00  0.0000000E+00  0.0000000E+00  0.0000000E+00  5.1143315E+03 -3.0792302E-03
     7.8700000E+02    232.4571415  5.5684780E+06  1.2685000E+04  7.3643665E+03  5.6557316E+02  3.4258989E+03  0.0000000E+00  3.1041367E+03  6.4408801E+02  0.0000000E+00  0.0000000E+00  0.0000000E+00  0.0000000E+00  0.0000000E+00  5.0754917E+03 -1.8625419E-03
     7.8800000E+02    232.4887286  5.5899910E+06  2.1513000E+04  1.2472071E+04  4.8035261E+02  6.6316738E+03  0.0000000E+00  3.5490991E+03  6.5933838E+02  0.0000000E+00  0.0000000E+00  0.0000000E+00  0.0000000E+00  0.0000000E+00  5.4060176E+03  6.7251490E-04
     7.8900000E+02    232.4959735  5.5949255E+06  4.9345000E+03  0.0000000E+00  9.5398292E+02  3.3505508E+03  0.0000000E+00  3.1991555E+03  6.6136035E+02  0.0000000E+00  0.0000000E+00  0.0000000E+00  0.0000000E+00  0.0000000E+00  5.2023745E+03 -2.0948579E-03
     7.9000000E+02    232.5022114  5.5991740E+06  4.2485000E+03  0.0000000E+00  8.2828634E+02  2.6303977E+03  0.0000000E+00  3.1056567E+03  6.5928967E+02  0.0000000E+00  0.0000000E+00  0.0000000E+00  0.0000000E+00  0.0000000E+00  5.1100820E+03 -3.7454968E-04
     7.9100000E+02    232.5079510  5.6030830E+06  3.9090000E+03  0.0000000E+00  7.1798665E+02  2.1557271E+03  0.0000000E+00  3.0953213E+03  6.2396924E+02  0.0000000E+00  0.0000000E+00  0.0000000E+00  0.0000000E+00  0.0000000E+00  5.1310547E+03  1.7621110E-03
     7.9200000E+02    232.5126391  5.6062760E+06  3.1930000E+03  0.0000000E+00  1.0453435E+03  1.7932639E+03  0.0000000E+00  3.0306355E+03  5.8561188E+02  0.0000000E+00  0.0000000E+00  0.0000000E+00  0.0000000E+00  0.0000000E+00  5.0684087E+03 -1.1589836E-03
     7.9300000E+02    232.5165012  5.6089060E+06  2.6300000E+03  0.0000000E+00  1.3648528E+03  1.5685531E+03  0.0000000E+00  2.9872546E+03  5.6054242E+02  0.0000000E+00  0.0000000E+00  0.0000000E+00  0.0000000E+00  0.0000000E+00  5.0194082E+03  9.0511618E-03
     7.9400000E+02    232.5221204  5.6127335E+06  3.8275000E+03  1.1224144E+03  1.1970997E+03  1.4855892E+03  0.0000000E+00  2.9603057E+03  5.4410858E+02  0.0000000E+00  0.0000000E+00  0.0000000E+00  0.0000000E+00  0.0000000E+00  4.9837490E+03 -7.1686022E-03
     7.9500000E+02    232.5295773  5.6178120E+06  5.0785000E+03  2.8065293E+03  1.6921320E+03  1.5196708E+03  0.0000000E+00  2.9823442E+03  5.3769708E+02  0.0000000E+00  0.0000000E+00  0.0000000E+00  0.0000000E+00  0.0000000E+00  4.9889653E+03  2.9463053E-03
     7.9600000E+02    232.5745467  5.6484395E+06  3.0627500E+04  2.3599838E+04  1.8728817E+03  6.4561074E+03  0.0000000E+00  3.0003523E+03  5.5585181E+02  0.0000000E+00  0.0000000E+00  0.0000000E+00  0.0000000E+00  0.0000000E+00  4.9913926E+03  1.8907139E-04
     7.9700000E+02    232.5789981  5.6514715E+06  3.0320000E+03  0.0000000E+00  1.4944149E+03  2.0343888E+03  0.0000000E+00  3.0466768E+03  5.5492615E+02  0.0000000E+00  0.0000000E+00  0.0000000E+00  0.0000000E+00  0.0000000E+00  5.0129312E+03 -5.4247435E-03
     7.9800000E+02    232.5901945  5.6590970E+06  7.6255000E+03  4.4968639E+03  1.6390481E+03  2.1707957E+03  0.0000000E+00  3.1459285E+03  5.4894684E+02  0.0000000E+00  0.0000000E+00  0.0000000E+00  0.0000000E+00  0.0000000E+00  5.0830811E+03  9.4535697E-04
     7.9900000E+02    232.6448499  5.6963215E+06  3.7224500E+04  2.4201743E+04  1.5188233E+03  1.1451405E+04  0.0000000E+00  3.6542964E+03  5.6414288E+02  0.0000000E+00  0.0000000E+00  0.0000000E+00  0.0000000E+00  0.0000000E+00  5.5481890E+03 -4.9688424E-05
     8.0000000E+02    232.6543454  5.7027885E+06  6.4670000E+03  1.6888706E+03  1.8101893E+03  3.5203765E+03  0.0000000E+00  3.6291040E+03  5.6095514E+02  0.0000000E+00  0.0000000E+00  0.0000000E+00  0.0000000E+00  0.0000000E+00  5.6876772E+03  2.3424192E-03
     8.0100000E+02    232.6598173  5.7065155E+06  3.7270000E+03  0.0000000E+00  1.9208194E+03  2.1237568E+03  0.0000000E+00  4.0779238E+03  5.5430029E+02  0.0000000E+00  0.0000000E+00  0.0000000E+00  0.0000000E+00  0.0000000E+00  6.2340811E+03 -7.0781596E-03
     8.0200000E+02    232.6652288  5.7102010E+06  3.6855000E+03  0.0000000E+00  1.8702467E+03  1.7438142E+03  0.0000000E+00  4.3609634E+03  5.4883362E+02  0.0000000E+00  0.0000000E+00  0.0000000E+00  0.0000000E+00  0.0000000E+00  6.4800264E+03  3.2273328E-03
     8.0300000E+02    232.6711711  5.7142480E+06  4.0470000E+03  0.0000000E+00  1.4171561E+03  1.5816066E+03  0.0000000E+00  4.4284595E+03  5.4578918E+02  0.0000000E+00  0.0000000E+00  0.0000000E+00  0.0000000E+00  0.0000000E+00  6.5251611E+03  2.0067245E-03
     8.0400000E+02    232.6804648  5.7205780E+06  6.3300000E+03  2.2532100E+03  1.4034452E+03  1.6298153E+03  0.0000000E+00  4.3968848E+03  5.4692432E+02  0.0000000E+00  0.0000000E+00  0.0000000E+00  0.0000000E+00  0.0000000E+00  6.4951782E+03 -5.5492469E-03
     8.0500000E+02    232.7071136  5.7387275E+06  1.8149500E+04  1.2400414E+04  1.3725393E+03  3.3526001E+03  0.0000000E+00  4.3307803E+03  5.6137378E+02  0.0000000E+00  0.0000000E+00  0.0000000E+00  0.0000000E+00  0.0000000E+00  6.4323311E+03  1.8866269E-03
     8.0600000E+02    232.7355431  5.7580905E+06  1.9363000E+04  1.2408690E+04  9.9133651E+02  4.0173323E+03  0.0000000E+00  4.5069868E+03  5.7900885E+02  0.0000000E+00  0.0000000E+00  0.0000000E+00  0.0000000E+00  0.0000000E+00  6.5204512E+03 -1.6141523E-03
     8.0700000E+02    232.7578105  5.7732560E+06  1.5165500E+04  8.4648905E+03  1.1350881E+03  3.6779590E+03  0.0000000E+00  4.7237925E+03  5.6582672E+02  0.0000000E+00  0.0000000E+00  0.0000000E+00  0.0000000E+00  0.0000000E+00  6.6244287E+03  1.3490478E-03
     8.0800000E+02    232.8117389  5.8099855E+06  3.6729500E+04  2.2601585E+04  1.0525212E+03  1.0746681E+04  0.0000000E+00  5.0138750E+03  5.8044403E+02  0.0000000E+00  0.0000000E+00  0.0000000E+00  0.0000000E+00  0.0000000E+00  6.7884331E+03 -8.4515294E-04
     8.0900000E+02    233.1012967  6.0087350E+06  1.9874950E+05  6.8254343E+04  1.5810434E+03  1.2654694E+05  0.0000000E+00  6.2774761E+03  7.4833984E+02  0.0000000E+00  0.0000000E+00  0.0000000E+00  0.0000000E+00  0.0000000E+00  8.0187378E+03 -6.9935290E-05
     8.1000000E+02    233.1192402  6.0212280E+06  1.2493000E+04  5.1210769E+03  1.4521745E+03  1.5205135E+03  0.0000000E+00  8.0708369E+03  7.6689819E+02  0.0000000E+00  0.0000000E+00  0.0000000E+00  0.0000000E+00  0.0000000E+00  9.6432588E+03  2.4161122E-03
     8.1100000E+02    233.1291614  6.0281360E+06  6.9080000E+03  0.0000000E+00  1.1174144E+03  3.1351120E+02  0.0000000E+00  8.4589512E+03  7.4723230E+02  0.0000000E+00  0.0000000E+00  0.0000000E+00  0.0000000E+00  0.0000000E+00  1.0297081E+04 -2.1039739E-03
     8.1200000E+02    233.1632747  6.0518880E+06  2.3752000E+04  1.4238856E+04  1.5581966E+03  3.5097754E+03  0.0000000E+00  8.2000850E+03  6.3869763E+02  0.0000000E+00  0.0000000E+00  0.0000000E+00  0.0000000E+00  0.0000000E+00  1.0295590E+04 -6.8494474E-04
     8.1300000E+02    233.1746949  6.0598395E+06  7.9515000E+03  0.0000000E+00  1.3364806E+03  1.5772786E+03  0.0000000E+00  8.2012168E+03  4.9050150E+02  0.0000000E+00  0.0000000E+00  0.0000000E+00  0.0000000E+00  0.0000000E+00  1.0423094E+04  1.3482232E-04
     8.1400000E+02    233.1870008  6.0684075E+06  8.5680000E+03  0.0000000E+00  1.2104770E+03  1.8953712E+03  0.0000000E+00  8.3126055E+03  4.2936649E+02  0.0000000E+00  0.0000000E+00  0.0000000E+00  0.0000000E+00  0.0000000E+00  1.0624051E+04  1.3010659E-03
     8.1500000E+02    233.1997016  6.0772505E+06  8.8430000E+03  0.0000000E+00  1.3544165E+03  2.0566328E+03  0.0000000E+00  8.5272285E+03  3.8635709E+02  0.0000000E+00  0.0000000E+00  0.0000000E+00  0.0000000E+00  0.0000000E+00  1.0857943E+04  8.3042117E-04
     8.1600000E+02    233.2743233  6.1292070E+06  5.1956500E+04  2.7404660E+04  1.1673074E+03  1.7280535E+04  0.0000000E+00  8.8548428E+03  4.1634442E+02  0.0000000E+00  0.0000000E+00  0.0000000E+00  0.0000000E+00  0.0000000E+00  1.1030766E+04 -2.1158230E-04
     8.1700000E+02    233.2902694  6.1403095E+06  1.1102500E+04  0.0000000E+00  1.3184773E+03  3.1886396E+03  0.0000000E+00  9.6588516E+03  4.2627328E+02  0.0000000E+00  0.0000000E+00  0.0000000E+00  0.0000000E+00  0.0000000E+00  1.1510959E+04  1.8698933E-03
     8.1800000E+02    233.3063900  6.1515340E+06  1.1224500E+04  0.0000000E+00  1.3668111E+03  2.7021912E+03  0.0000000E+00  1.0324954E+04  4.3616843E+02  0.0000000E+00  0.0000000E+00  0.0000000E+00  0.0000000E+00  0.0000000E+00  1.1978624E+04 -2.5637571E-03
     8.1900000E+02    233.6237968  6.3725330E+06  2.2099900E+05  7.1332405E+04  1.2849689E+03  1.3965116E+05  0.0000000E+00  1.1964545E+04  6.6378217E+02  0.0000000E+00  0.0000000E+00  0.0000000E+00  0.0000000E+00  0.0000000E+00  1.3139194E+04  1.6119222E-04
     8.2000000E+02    233.6470480  6.3887215E+06  1.6188500E+04  0.0000000E+00  8.8300053E+02  1.9088906E+03  0.0000000E+00  1.5840260E+04  6.7723676E+02  0.0000000E+00  0.0000000E+00  0.0000000E+00  0.0000000E+00  0.0000000E+00  1.6304770E+04  2.3273560E-03
     8.2100000E+02    233.6696073  6.4044290E+06  1.5707500E+04  0.0000000E+00  9.1858464E+02  1.1682645E+03  0.0000000E+00  1.6112856E+04  6.5529718E+02  0.0000000E+00  0.0000000E+00  0.0000000E+00  0.0000000E+00  0.0000000E+00  1.6550086E+04 -1.5088269E-03
     8.2200000E+02    233.6967743  6.4233445E+06  1.8915500E+04  4.0331600E+03  9.2613211E+02  1.0934523E+03  0.0000000E+00  1.5370312E+04  6.5534650E+02  0.0000000E+00  0.0000000E+00  0.0000000E+00  0.0000000E+00  0.0000000E+00  1.6100893E+04 -2.6680832E-04
     8.2300000E+02    233.7451093  6.4569985E+06  3.3654000E+04  1.5579341E+04  6.4540732E+02  4.5689038E+03  0.0000000E+00  1.4700418E+04  5.4936273E+02  0.0000000E+00  0.0000000E+00  0.0000000E+00  0.0000000E+00  0.0000000E+00  1.5741635E+04 -3.0264791E-04
     8.2400000E+02    233.7839751  6.4840590E+06  2.7060500E+04  7.5074279E+03  7.4529583E+02  4.7205537E+03  0.0000000E+00  1.6086889E+04  5.0876117E+02  0.0000000E+00  0.0000000E+00  0.0000000E+00  0.0000000E+00  0.0000000E+00  1.6745445E+04  1.1105582E-03
     8.2500000E+02    233.8093156  6.5017030E+06  1.7644000E+04  0.0000000E+00  9.8600390E+02  3.3622322E+03  0.0000000E+00  1.5805352E+04  5.3786591E+02  0.0000000E+00  0.0000000E+00  0.0000000E+00  0.0000000E+00  0.0000000E+00  1.6658145E+04 -1.4877005E-03
     8.2600000E+02    233.8332936  6.5183980E+06  1.6695000E+04  0.0000000E+00  9.6097187E+02  2.9484246E+03  0.0000000E+00  1.5279190E+04  5.7164105E+02  0.0000000E+00  0.0000000E+00  0.0000000E+00  0.0000000E+00  0.0000000E+00  1.6306802E+04  1.0715197E-05
     8.2700000E+02    233.8559368  6.5341635E+06  1.5765500E+04  0.0000000E+00  8.8258594E+02  2.6063203E+03  0.0000000E+00  1.4652829E+04  6.1093671E+02  0.0000000E+00  0.0000000E+00  0.0000000E+00  0.0000000E+00  0.0000000E+00  1.5917580E+04  7.2991179E-04
     8.2800000E+02    233.8815342  6.5519860E+06  1.7822500E+04  2.3148160E+03  3.5419381E+02  2.5942505E+03  0.0000000E+00  1.3930604E+04  6.6290875E+02  0.0000000E+00  0.0000000E+00  0.0000000E+00  0.0000000E+00  0.0000000E+00  1.5479087E+04  3.5248097E-04
     8.2900000E+02    233.9061567  6.5691300E+06  1.7144000E+04  0.0000000E+00  7.5545800E+02  2.1581724E+03  0.0000000E+00  1.6455301E+04  7.1426520E+02  0.0000000E+00  0.0000000E+00  0.0000000E+00  0.0000000E+00  0.0000000E+00  1.7060156E+04 -1.3431131E-03
     8.3000000E+02    233.9264757  6.5832770E+06  1.4147000E+04  0.0000000E+00  7.8301324E+02  1.9525594E+03  0.0000000E+00  1.3741637E+04  7.6379321E+02  0.0000000E+00  0.0000000E+00  0.0000000E+00  0.0000000E+00  0.0000000E+00  1.6139362E+04  2.4827549E-03
     8.3100000E+02    233.9449791  6.5961605E+06  1.2883500E+04  0.0000000E+00  6.7900132E+02  1.7344324E+03  0.0000000E+00  1.2620749E+04  7.9294891E+02  0.0000000E+00  0.0000000E+00  0.0000000E+00  0.0000000E+00  0.0000000E+00  1.5418049E+04 -1.8707857E-03
     8.3200000E+02    233.9615379  6.6076895E+06  1.1529000E+04  0.0000000E+00  9.4246806E+02  1.5823226E+03  0.0000000E+00  1.1712015E+04  8.2254700E+02  0.0000000E+00  0.0000000E+00  0.0000000E+00  0.0000000E+00  0.0000000E+00  1.4783553E+04  2.4240820E-03
     8.3300000E+02    233.9837416  6.6231495E+06  1.5460000E+04  4.0597983E+03  4.6670593E+02  1.8097285E+03  0.0000000E+00  1.0911321E+04  8.5453943E+02  0.0000000E+00  0.0000000E+00  0.0000000E+00  0.0000000E+00  0.0000000E+00  1.4199812E+04 -2.3685391E-03
     8.3400000E+02    233.9972463  6.6325520E+06  9.4025000E+03  0.0000000E+00  1.3244639E+03  1.4277404E+03  0.0000000E+00  1.0184338E+04  8.8473615E+02  0.0000000E+00  0.0000000E+00  0.0000000E+00  0.0000000E+00  0.0000000E+00  1.3662189E+04  3.2546257E-03
     8.3500000E+02    234.0187898  6.6478180E+06  1.5266000E+04  6.3843098E+03  1.7190217E+03  1.9536340E+03  0.0000000E+00  9.5700645E+03  9.2324896E+02  0.0000000E+00  0.0000000E+00  0.0000000E+00  0.0000000E+00  0.0000000E+00  1.3211343E+04 -1.4669154E-03
     8.3600000E+02    234.0294727  6.6554070E+06  7.5890000E+03  0.0000000E+00  1.8432566E+03  1.2925358E+03  0.0000000E+00  9.0926875E+03  9.5273145E+02  0.0000000E+00  0.0000000E+00  0.0000000E+00  0.0000000E+00  0.0000000E+00  1.2830896E+04  2.2662156E-03
     8.3700000E+02    234.0393308  6.6624105E+06  7.0035000E+03  0.0000000E+00  1.8286799E+03  1.1118042E+03  0.0000000E+00  8.6925586E+03  9.7239508E+02  0.0000000E+00  0.0000000E+00  0.0000000E+00  0.0000000E+00  0.0000000E+00  1.2516157E+04 -2.1614260E-03
     8.3800000E+02    234.0487326  6.6690895E+06  6.6790000E+03  0.0000000E+00  1.5857900E+03  9.4581946E+02  0.0000000E+00  8.3065771E+03  9.8745966E+02  0.0000000E+00  0.0000000E+00  0.0000000E+00  0.0000000E+00  0.0000000E+00  1.2200508E+04  1.5832047E-03
     8.3900000E+02    234.0569096  6.6748985E+06  5.8090000E+03  0.0000000E+00  1.9399544E+03  8.0407642E+02  0.0000000E+00  7.9433384E+03  9.9843134E+02  0.0000000E+00  0.0000000E+00  0.0000000E+00  0.0000000E+00  0.0000000E+00  1.1898623E+04  3.3492036E-04
     8.4000000E+02    234.0645100  6.6802980E+06  5.3995000E+03  0.0000000E+00  1.8715330E+03  6.6289136E+02  0.0000000E+00  7.6165981E+03  1.0084927E+03  0.0000000E+00  0.0000000E+00  0.0000000E+00  0.0000000E+00  0.0000000E+00  1.1615523E+04 -4.3641354E-04
     8.4100000E+02    234.0717167  6.6854180E+06  5.1200000E+03  0.0000000E+00  1.7131041E+03  5.4405426E+02  0.0000000E+00  7.3069771E+03  1.0182606E+03  0.0000000E+00  0.0000000E+00  0.0000000E+00  0.0000000E+00  0.0000000E+00  1.1332348E+04 -4.2478000E-03
     8.4200000E+02    234.0786924  6.6903735E+06  4.9555000E+03  0.0000000E+00  1.4770622E+03  4.4263379E+02  0.0000000E+00  7.0165342E+03  1.0264672E+03  0.0000000E+00  0.0000000E+00  0.0000000E+00  0.0000000E+00  0.0000000E+00  1.1052108E+04  1.8590797E-03
     8.4300000E+02    234.0846561  6.6946100E+06  4.2365000E+03  0.0000000E+00  1.8260649E+03  3.5713220E+02  0.0000000E+00  6.7360244E+03  1.0303981E+03  0.0000000E+00  0.0000000E+00  0.0000000E+00  0.0000000E+00  0.0000000E+00  1.0768712E+04  2.7328827E-03
     8.4400000E+02    234.0899133  6.6983450E+06  3.7350000E+03  0.0000000E+00  1.9835575E+03  2.7208536E+02  0.0000000E+00  6.4777686E+03  1.0315549E+03  0.0000000E+00  0.0000000E+00  0.0000000E+00  0.0000000E+00  0.0000000E+00  1.0493900E+04 -3.8267609E-03
     8.4500000E+02    234.0949708  6.7019380E+06  3.5930000E+03  0.0000000E+00  1.8200491E+03  1.9825235E+02  0.0000000E+00  6.2474741E+03  1.0327443E+03  0.0000000E+00  0.0000000E+00  0.0000000E+00  0.0000000E+00  0.0000000E+00  1.0233060E+04 -1.0378121E-03
     8.4600000E+02    234.0994620  6.7051285E+06  3.1905000E+03  0.0000000E+00  1.9751640E+03  1.6517274E+02  0.0000000E+00  6.0332583E+03  1.0326918E+03  0.0000000E+00  0.0000000E+00  0.0000000E+00  0.0000000E+00  0.0000000E+00  1.0021368E+04  1.2131346E-03
     8.4700000E+02    234.1035820  6.7080555E+06  2.9270000E+03  0.0000000E+00  1.9772021E+03  1.3961159E+02  0.0000000E+00  5.8005527E+03  1.0360406E+03  0.0000000E+00  0.0000000E+00  0.0000000E+00  0.0000000E+00  0.0000000E+00  9.7989307E+03 -1.3151993E-03
     8.4800000E+02    234.1080174  6.7112060E+06  3.1505000E+03  0.0000000E+00  1.5106066E+03  1.1040374E+02  0.0000000E+00  5.5911821E+03  1.0400569E+03  0.0000000E+00  0.0000000E+00  0.0000000E+00  0.0000000E+00  0.0000000E+00  9.5900088E+03  7.4078208E-03
     8.4900000E+02    234.1117209  6.7138370E+06  2.6310000E+03  0.0000000E+00  1.8263204E+03  9.3019020E+01  0.0000000E+00  5.4067861E+03  1.0424010E+03  0.0000000E+00  0.0000000E+00  0.0000000E+00  0.0000000E+00  0.0000000E+00  9.3973926E+03  1.5226037E-03
     8.5000000E+02    234.1147780  6.7160090E+06  2.1720000E+03  0.0000000E+00  2.0948079E+03  7.6748970E+01  0.0000000E+00  5.2333608E+03  1.0435222E+03  0.0000000E+00  0.0000000E+00  0.0000000E+00  0.0000000E+00  0.0000000E+00  9.2108955E+03 -4.1470863E-03
     8.5100000E+02    234.1399941  6.7339225E+06  1.7913500E+04  1.5126925E+04  2.2151566E+03  1.0155391E+03  0.0000000E+00  5.0572808E+03  1.0708373E+03  0.0000000E+00  0.0000000E+00  0.0000000E+00  0.0000000E+00  0.0000000E+00  9.0316006E+03  1.1792595E-03
     8.5200000E+02    234.1502124  6.7411820E+06  7.2595000E+03  4.6553915E+03  1.5630834E+03  3.6461435E+02  0.0000000E+00  4.8868120E+03  1.0845168E+03  0.0000000E+00  0.0000000E+00  0.0000000E+00  0.0000000E+00  0.0000000E+00  8.8580840E+03 -2.8438827E-03
     8.5300000E+02    234.1526769  6.7429330E+06  1.7510000E+03  0.0000000E+00  2.0330907E+03  1.2972452E+02  0.0000000E+00  4.7381841E+03  1.0839908E+03  0.0000000E+00  0.0000000E+00  0.0000000E+00  0.0000000E+00  0.0000000E+00  8.6969961E+03 -3.5508382E-03
     8.5400000E+02    234.1548986  6.7445110E+06  1.5780000E+03  0.0000000E+00  2.0785074E+03  1.0243270E+02  0.0000000E+00  4.6363213E+03  1.0819307E+03  0.0000000E+00  0.0000000E+00  0.0000000E+00  0.0000000E+00  0.0000000E+00  8.5647441E+03  6.6615366E-03
     8.5500000E+02    234.1577505  6.7465370E+06  2.0260000E+03  0.0000000E+00  1.5462886E+03  8.7306343E+01  0.0000000E+00  4.5679990E+03  1.0830253E+03  0.0000000E+00  0.0000000E+00  0.0000000E+00  0.0000000E+00  0.0000000E+00  8.4728818E+03 -1.8879669E-04
     8.5600000E+02    234.1601956  6.7482740E+06  1.7370000E+03  0.0000000E+00  1.7498352E+03  6.9320183E+01  0.0000000E+00  4.5026528E+03  1.0851287E+03  0.0000000E+00  0.0000000E+00  0.0000000E+00  0.0000000E+00  0.0000000E+00  8.3941230E+03  2.0291773E-04
     8.5700000E+02    234.1615579  6.7492420E+06  9.6800000E+02  0.0000000E+00  2.4294704E+03  5.9754822E+01  0.0000000E+00  4.4236016E+03  1.0860444E+03  0.0000000E+00  0.0000000E+00  0.0000000E+00  0.0000000E+00  0.0000000E+00  8.3060518E+03 -3.5341214E-03
     8.5800000E+02    234.1613080  6.7490645E+06 -1.7750000E+02  0.0000000E+00  3.4786769E+03  4.9355564E+01  0.0000000E+00  4.3369512E+03  1.0851746E+03  0.0000000E+00  0.0000000E+00  0.0000000E+00  0.0000000E+00  0.0000000E+00  8.2102578E+03 -9.8429748E-04
     8.5900000E+02    234.1619769  6.7495395E+06  4.7500000E+02  0.0000000E+00  2.7245271E+03  3.4998112E+01  0.0000000E+00  4.2508228E+03  1.0860829E+03  0.0000000E+00  0.0000000E+00  0.0000000E+00  0.0000000E+00  0.0000000E+00  8.1195630E+03  4.9217525E-03
     8.6000000E+02    234.1620746  6.7496090E+06  6.9500000E+01  0.0000000E+00  3.0359459E+03  2.5866743E+01  0.0000000E+00  4.1660640E+03  1.0866196E+03  0.0000000E+00  0.0000000E+00  0.0000000E+00  0.0000000E+00  0.0000000E+00  8.0274810E+03 -3.2148820E-03
     8.6100000E+02    234.1634070  6.7505555E+06  9.4650000E+02  0.0000000E+00  2.0635761E+03  1.6847401E+01  0.0000000E+00  4.0824146E+03  1.0891172E+03  0.0000000E+00  0.0000000E+00  0.0000000E+00  0.0000000E+00  0.0000000E+00  7.9314346E+03  1.6676021E-03
     8.6200000E+02    234.1650957  6.7517550E+06  1.1995000E+03  0.0000000E+00  1.7260111E+03  1.2416685E+01  0.0000000E+00  4.0056621E+03  1.0923433E+03  0.0000000E+00  0.0000000E+00  0.0000000E+00  0.0000000E+00  0.0000000E+00  7.8392031E+03  5.5838930E-03
     8.6300000E+02    234.1665205  6.7527675E+06  1.0125000E+03  0.0000000E+00  1.8329495E+03  9.1317387E+00  0.0000000E+00  3.9311719E+03  1.0951434E+03  0.0000000E+00  0.0000000E+00  0.0000000E+00  0.0000000E+00  0.0000000E+00  7.7482476E+03 -7.3360461E-03
     8.6400000E+02    234.1678207  6.7536910E+06  9.2350000E+02  0.0000000E+00  1.8377938E+03  6.4504972E+00  0.0000000E+00  3.8526172E+03  1.0976179E+03  0.0000000E+00  0.0000000E+00  0.0000000E+00  0.0000000E+00  0.0000000E+00  7.6539873E+03  4.0425789E-03
     8.6500000E+02    234.1679432  6.7537780E+06  8.7000000E+01  0.0000000E+00  2.5952743E+03  4.0644560E+00  0.0000000E+00  3.7777988E+03  1.0994838E+03  0.0000000E+00  0.0000000E+00  0.0000000E+00  0.0000000E+00  0.0000000E+00  7.5611812E+03  2.7888038E-03
     8.6600000E+02    234.1677381  6.7536325E+06 -1.4550000E+02  0.0000000E+00  2.7529113E+03  1.6974404E+00  0.0000000E+00  3.7063806E+03  1.1008865E+03  0.0000000E+00  0.0000000E+00  0.0000000E+00  0.0000000E+00  0.0000000E+00  7.4795845E+03 -5.7015591E-03
     8.6700000E+02    234.1698978  6.7551665E+06  1.5340000E+03  1.7636772E+03  2.8208114E+03  5.7590988E+01  0.0000000E+00  3.6387253E+03  1.1049479E+03  0.0000000E+00  0.0000000E+00  0.0000000E+00  0.0000000E+00  0.0000000E+00  7.4024380E+03  4.2925873E-03
     8.6800000E+02    234.2284885  6.7967900E+06  4.1623500E+04  3.7669261E+04  2.4952783E+03  4.0579419E+03  0.0000000E+00  3.5683591E+03  1.1767792E+03  0.0000000E+00  0.0000000E+00  0.0000000E+00  0.0000000E+00  0.0000000E+00  7.3435488E+03  8.6239133E-06
     8.6900000E+02    234.2486286  6.8110980E+06  1.4308000E+04  1.2954025E+04  2.0606083E+03  1.1221393E+03  0.0000000E+00  3.5037441E+03  1.2115834E+03  0.0000000E+00  0.0000000E+00  0.0000000E+00  0.0000000E+00  0.0000000E+00  7.2921880E+03 -1.6109477E-03
     8.7000000E+02    234.4001290  6.9187255E+06  1.0762750E+05  6.2013307E+04  9.1018459E+02  4.4609633E+04  0.0000000E+00  3.4366404E+03  1.3937072E+03  1.2815612E+02  0.0000000E+00  0.0000000E+00  0.0000000E+00  0.0000000E+00  7.3046997E+03  2.8393712E-05
     8.7100000E+02    234.6117944  7.0690950E+06  1.5036950E+05  5.3378541E+04  6.4802045E+02  9.2523844E+04  0.0000000E+00  7.2300215E+03  1.6784182E+03  4.3111606E+02  0.0000000E+00  0.0000000E+00  0.0000000E+00  0.0000000E+00  1.1567454E+04  3.4896270E-03
     8.7200000E+02    234.6513888  7.0972230E+06  2.8128000E+04  1.1871222E+04  6.4404058E+02  7.0409458E+03  0.0000000E+00  1.2139777E+04  1.7301150E+03  5.4952505E+02  0.0000000E+00  0.0000000E+00  0.0000000E+00  0.0000000E+00  1.5581818E+04  8.5542147E-04
     8.7300000E+02    234.6689869  7.1097250E+06  1.2502000E+04  0.0000000E+00  1.8799931E+03  2.8538765E+03  0.0000000E+00  1.3791431E+04  1.6786748E+03  5.8471949E+02  0.0000000E+00  0.0000000E+00  0.0000000E+00  0.0000000E+00  1.7282234E+04 -4.8695219E-04
     8.7400000E+02    234.6856074  7.1215325E+06  1.1807500E+04  0.0000000E+00  1.9087621E+03  1.7644214E+03  0.0000000E+00  1.4194791E+04  1.6314651E+03  6.1162403E+02  0.0000000E+00  0.0000000E+00  0.0000000E+00  0.0000000E+00  1.7544162E+04 -8.6891424E-04
     8.7500000E+02    234.7015401  7.1328510E+06  1.1318500E+04  0.0000000E+00  2.1038176E+03  1.9680848E+03  0.0000000E+00  1.3598870E+04  1.5070315E+03  6.3733543E+02  0.0000000E+00  0.0000000E+00  0.0000000E+00  0.0000000E+00  1.7263766E+04  1.7377053E-03
     8.7600000E+02    234.7188354  7.1451380E+06  1.2287000E+04  5.9435511E+02  2.3471232E+03  2.1379099E+03  0.0000000E+00  1.3951117E+04  1.3849290E+03  6.6457078E+02  0.0000000E+00  0.0000000E+00  0.0000000E+00  0.0000000E+00  1.7764402E+04 -1.4399621E-03
     8.7700000E+02    234.9693636  7.3231155E+06  1.7797750E+05  6.3314286E+04  1.0719942E+03  1.0360118E+05  0.0000000E+00  1.4807483E+04  1.6882236E+03  9.9076827E+02  0.0000000E+00  0.0000000E+00  0.0000000E+00  0.0000000E+00  1.8395219E+04 -3.0437817E-03
     8.7800000E+02    235.0047960  7.3483515E+06  2.5236000E+04  7.1726260E+03  8.0285842E+02  2.9606677E+03  0.0000000E+00  1.8743484E+04  1.7217610E+03  1.1162858E+03  0.0000000E+00  0.0000000E+00  0.0000000E+00  0.0000000E+00  2.0621182E+04 -4.4640110E-04
     8.7900000E+02    235.0276266  7.3648770E+06  1.6525500E+04  0.0000000E+00  1.1923075E+03  1.2686847E+03  0.0000000E+00  1.9258252E+04  1.6525023E+03  1.1568457E+03  0.0000000E+00  0.0000000E+00  0.0000000E+00  0.0000000E+00  2.1049822E+04 -1.0656728E-03
     8.8000000E+02    235.0479058  7.3795555E+06  1.4678500E+04  0.0000000E+00  1.9777665E+03  1.0181747E+03  0.0000000E+00  1.8405770E+04  1.5775453E+03  1.1901075E+03  0.0000000E+00  0.0000000E+00  0.0000000E+00  0.0000000E+00  2.0941812E+04  1.2066293E-04
     8.8100000E+02    235.0661960  7.3927945E+06  1.3239000E+04  0.0000000E+00  2.2027300E+03  1.0659552E+03  0.0000000E+00  1.7093941E+04  1.4982891E+03  1.2200071E+03  0.0000000E+00  0.0000000E+00  0.0000000E+00  0.0000000E+00  2.0302775E+04 -7.1521779E-04
     8.8200000E+02    235.0965380  7.4147565E+06  2.1962000E+04  6.4313981E+03  3.4385107E+03  2.3913164E+03  0.0000000E+00  1.9227988E+04  1.3852869E+03  1.2646960E+03  0.0000000E+00  0.0000000E+00  0.0000000E+00  0.0000000E+00  2.0650555E+04  7.4502366E-04
     8.8300000E+02    235.1133837  7.4269500E+06  1.2193500E+04  0.0000000E+00  3.3468926E+03  1.7155627E+03  0.0000000E+00  1.6460904E+04  1.3402788E+03  1.2959667E+03  0.0000000E+00  0.0000000E+00  0.0000000E+00  0.0000000E+00  1.9928510E+04 -9.4559079E-04
     8.8400000E+02    235.1282997  7.4377465E+06  1.0796500E+04  0.0000000E+00  3.1184108E+03  1.5573595E+03  0.0000000E+00  1.4979616E+04  1.3015685E+03  1.3204489E+03  0.0000000E+00  0.0000000E+00  0.0000000E+00  0.0000000E+00  1.9259746E+04  2.9526633E-04
     8.8500000E+02    235.1413563  7.4471970E+06  9.4505000E+03  0.0000000E+00  3.1195081E+03  1.4643322E+03  0.0000000E+00  1.3731968E+04  1.2842064E+03  1.3419336E+03  0.0000000E+00  0.0000000E+00  0.0000000E+00  0.0000000E+00  1.8591086E+04  1.0025055E-03
     8.8600000E+02    235.1604165  7.4609930E+06  1.3796000E+04  5.8536888E+03  4.0246785E+03  1.9527917E+03  0.0000000E+00  1.2683704E+04  1.2988269E+03  1.3705075E+03  0.0000000E+00  0.0000000E+00  0.0000000E+00  0.0000000E+00  1.7965197E+04  8.4358221E-04
     8.8700000E+02    235.1883951  7.4812450E+06  2.0252000E+04  1.0542130E+04  3.2663658E+03  2.9247930E+03  0.0000000E+00  1.1684522E+04  1.6269523E+03  0.0000000E+00  0.0000000E+00  0.0000000E+00  0.0000000E+00  0.0000000E+00  1.7308637E+04  2.4360243E-02
     8.8800000E+02    235.2014249  7.4906760E+06  9.4310000E+03  1.1716317E+03  3.3165116E+03  1.8056892E+03  0.0000000E+00  1.1139417E+04  1.3689592E+03  0.0000000E+00  0.0000000E+00  0.0000000E+00  0.0000000E+00  0.0000000E+00  1.6878119E+04  1.8954671E-03
     8.8900000E+02    235.2114728  7.4979490E+06  7.2730000E+03  0.0000000E+00  3.2996155E+03  1.4490782E+03  0.0000000E+00  1.0513337E+04  1.3899236E+03  0.0000000E+00  0.0000000E+00  0.0000000E+00  0.0000000E+00  0.0000000E+00  1.6413457E+04 -1.0367759E-03
     8.9000000E+02    235.2205924  7.5045500E+06  6.6010000E+03  0.0000000E+00  3.4075173E+03  1.2304431E+03  0.0000000E+00  1.0189026E+04  1.4109390E+03  0.0000000E+00  0.0000000E+00  0.0000000E+00  0.0000000E+00  0.0000000E+00  1.6190645E+04  1.1972425E-04
     8.9100000E+02    235.2288878  7.5105545E+06  6.0045000E+03  0.0000000E+00  3.2049182E+03  1.0081440E+03  0.0000000E+00  9.6350830E+03  1.4339683E+03  0.0000000E+00  0.0000000E+00  0.0000000E+00  0.0000000E+00  0.0000000E+00  1.5753417E+04 -1.5047716E-03
     8.9200000E+02    235.2361472  7.5158090E+06  5.2545000E+03  0.0000000E+00  3.2763531E+03  8.2774420E+02  0.0000000E+00  9.1619639E+03  1.4588339E+03  0.0000000E+00  0.0000000E+00  0.0000000E+00  0.0000000E+00  0.0000000E+00  1.5334533E+04  2.1017726E-04
     8.9300000E+02    235.2419680  7.5200220E+06  4.2130000E+03  0.0000000E+00  3.6837356E+03  6.6401129E+02  0.0000000E+00  8.7190586E+03  1.4860757E+03  0.0000000E+00  0.0000000E+00  0.0000000E+00  0.0000000E+00  0.0000000E+00  1.4934412E+04  2.7580424E-03
     8.9400000E+02    235.2530156  7.5280185E+06  7.9965000E+03  4.6910260E+03  4.2793099E+03  8.2366168E+02  0.0000000E+00  8.2798848E+03  1.5187627E+03  0.0000000E+00  0.0000000E+00  0.0000000E+00  0.0000000E+00  0.0000000E+00  1.4542795E+04 -3.5396622E-06
     8.9500000E+02    235.2591897  7.5324875E+06  4.4690000E+03  0.0000000E+00  4.5703641E+03  5.6397394E+02  0.0000000E+00  1.0017197E+04  1.5418380E+03  0.0000000E+00  0.0000000E+00  0.0000000E+00  0.0000000E+00  0.0000000E+00  1.4900013E+04 -2.9533592E-04
     8.9600000E+02    235.3045861  7.5653465E+06  3.2859000E+04  2.6412319E+04  4.4477718E+03  4.0746997E+03  0.0000000E+00  8.4499961E+03  1.6303307E+03  0.0000000E+00  0.0000000E+00  0.0000000E+00  0.0000000E+00  0.0000000E+00  1.4462869E+04 -2.2070900E-04
     8.9700000E+02    235.3104434  7.5695860E+06  4.2395000E+03  0.0000000E+00  2.9562256E+03  9.7111371E+02  0.0000000E+00  7.8800747E+03  1.6553475E+03  0.0000000E+00  0.0000000E+00  0.0000000E+00  0.0000000E+00  0.0000000E+00  1.4083948E+04  1.3019085E-03
     8.9800000E+02    235.3173436  7.5745805E+06  4.9945000E+03  1.7612384E+03  3.6452290E+03  9.6808032E+02  0.0000000E+00  7.5749473E+03  1.6644664E+03  0.0000000E+00  0.0000000E+00  0.0000000E+00  0.0000000E+00  0.0000000E+00  1.3837384E+04  6.8236305E-04
     8.9900000E+02    235.5536550  7.7456280E+06  1.7104750E+05  7.3706932E+04  2.8612302E+03  9.4018039E+04  0.0000000E+00  8.2346523E+03  2.0692493E+03  0.0000000E+00  0.0000000E+00  0.0000000E+00  0.0000000E+00  0.0000000E+00  1.4597521E+04 -1.0433856E-02
     9.0000000E+02    235.7428523  7.8825735E+06  1.3694550E+05  5.3846325E+04  1.6166290E+03  7.3266062E+04  0.0000000E+00  1.3891336E+04  2.4322661E+03  0.0000000E+00  0.0000000E+00  0.0000000E+00  0.0000000E+00  0.0000000E+00  1.9132711E+04  6.6155172E-03
     9.0100000E+02    235.8049788  7.9275420E+06  4.4968500E+04  1.7771853E+04  1.2582298E+03  1.0979892E+04  0.0000000E+00  1.9925367E+04  2.4503289E+03  0.0000000E+00  0.0000000E+00  0.0000000E+00  0.0000000E+00  0.0000000E+00  2.2836279E+04  1.1234746E-04
     9.0200000E+02    235.8455342  7.9568970E+06  2.9355000E+04  5.3355345E+03  2.2820386E+03  5.9430776E+03  0.0000000E+00  2.2734033E+04  2.3757053E+03  0.0000000E+00  0.0000000E+00  0.0000000E+00  0.0000000E+00  0.0000000E+00  2.4408426E+04 -2.9285983E-04
     9.0300000E+02    236.0098190  8.0759340E+06  1.1903700E+05  3.6866631E+04  2.6596329E+03  6.1673262E+04  0.0000000E+00  2.5715582E+04  2.5584805E+03  0.0000000E+00  0.0000000E+00  0.0000000E+00  0.0000000E+00  0.0000000E+00  2.5906680E+04  2.8922266E-04
     9.0400000E+02    236.0669372  8.1180010E+06  4.2067000E+04  1.1904345E+04  1.8046572E+03  6.1852871E+03  0.0000000E+00  2.8194721E+04  2.4130432E+03  0.0000000E+00  0.0000000E+00  0.0000000E+00  0.0000000E+00  0.0000000E+00  2.7088227E+04 -7.5113127E-04
     9.0500000E+02    236.7893198  8.6500240E+06  5.3202300E+05  1.1391623E+05  1.3732216E+03  3.8906681E+05  0.0000000E+00  3.5566145E+04  3.5697859E+03  1.5841306E+03  0.0000000E+00  0.0000000E+00  0.0000000E+00  0.0000000E+00  3.0509938E+04 -1.7407881E-04
     9.0600000E+02    236.9124318  8.7406940E+06  9.0670000E+04  3.7448742E+04  2.7433308E+03  1.8469229E+04  0.0000000E+00  4.3392754E+04  3.6021030E+03  2.2953174E+03  0.0000000E+00  0.0000000E+00  0.0000000E+00  0.0000000E+00  3.3495648E+04 -2.3600171E-05
     9.0700000E+02    236.9817956  8.7917790E+06  5.1085000E+04  3.0236675E+03  1.6105562E+03  4.5192295E+03  0.0000000E+00  5.0287848E+04  2.5831797E+03  2.5516703E+03  0.0000000E+00  0.0000000E+00  0.0000000E+00  0.0000000E+00  3.6963781E+04  5.8765238E-04
     9.0800000E+02    237.0397324  8.8349240E+06  4.3145000E+04  4.8425522E+03  3.8827290E+03  5.9545781E+03  0.0000000E+00  4.1340594E+04  2.3660469E+03  2.7443735E+03  0.0000000E+00  0.0000000E+00  0.0000000E+00  0.0000000E+00  3.6256168E+04 -8.1664720E-04
     9.0900000E+02    237.0820782  8.8666170E+06  3.1693000E+04  0.0000000E+00  3.8738151E+03  4.1832104E+03  0.0000000E+00  3.6315852E+04  2.0433110E+03  2.8898525E+03  0.0000000E+00  0.0000000E+00  0.0000000E+00  0.0000000E+00  3.5044441E+04 -2.2618193E-03
     9.1000000E+02    237.1163989  8.8923040E+06  2.5687000E+04  0.0000000E+00  4.7214167E+03  3.6632590E+03  0.0000000E+00  3.1739307E+04  1.9892970E+03  3.0048103E+03  0.0000000E+00  0.0000000E+00  0.0000000E+00  0.0000000E+00  3.3222824E+04  1.2137185E-04
     9.1100000E+02    237.1446824  8.9134730E+06  2.1169000E+04  0.0000000E+00  5.9294834E+03  2.9937312E+03  0.0000000E+00  2.7872254E+04  2.1647358E+03  1.6031877E+03  0.0000000E+00  0.0000000E+00  0.0000000E+00  0.0000000E+00  3.1430574E+04 -1.3667959E-03
     9.1200000E+02    237.1684919  8.9312930E+06  1.7820000E+04  0.0000000E+00  5.4474141E+03  2.3565640E+03  0.0000000E+00  2.4725004E+04  2.1714678E+03  1.6427130E+03  0.0000000E+00  0.0000000E+00  0.0000000E+00  0.0000000E+00  2.9790484E+04 -1.0096812E-04
     9.1300000E+02    237.1872011  8.9452950E+06  1.4002000E+04  0.0000000E+00  5.9896603E+03  1.8947483E+03  0.0000000E+00  2.2054174E+04  2.2822515E+03  1.6742785E+03  0.0000000E+00  0.0000000E+00  0.0000000E+00  0.0000000E+00  2.8281914E+04  3.0541888E-03
     9.1400000E+02    237.2039328  8.9578180E+06  1.2523000E+04  0.0000000E+00  4.9331584E+03  1.5442097E+03  0.0000000E+00  1.9737924E+04  3.8263096E+03  0.0000000E+00  0.0000000E+00  0.0000000E+00  0.0000000E+00  0.0000000E+00  2.6870879E+04 -1.5739069E-03
     9.1500000E+02    237.2204183  8.9701560E+06  1.2338000E+04  0.0000000E+00  4.2310598E+03  1.3342758E+03  0.0000000E+00  1.7722490E+04  2.4872729E+03  0.0000000E+00  0.0000000E+00  0.0000000E+00  0.0000000E+00  0.0000000E+00  2.5583451E+04  2.2752746E-03
     9.1600000E+02    237.2329716  8.9795520E+06  9.3960000E+03  0.0000000E+00  5.1351716E+03  1.1386224E+03  0.0000000E+00  1.5950222E+04  2.5582314E+03  0.0000000E+00  0.0000000E+00  0.0000000E+00  0.0000000E+00  0.0000000E+00  2.4396248E+04 -3.2687627E-03
     9.1700000E+02    237.2436198  8.9875210E+06  7.9690000E+03  0.0000000E+00  4.7812929E+03  9.0743933E+02  0.0000000E+00  1.4447782E+04  2.6044114E+03  0.0000000E+00  0.0000000E+00  0.0000000E+00  0.0000000E+00  0.0000000E+00  2.3330279E+04  3.3706978E-03
     9.1800000E+02    237.2564406  8.9971170E+06  9.5960000E+03  2.3760058E+03  4.3639367E+03  8.8202191E+02  0.0000000E+00  1.3308492E+04  2.6069514E+03  0.0000000E+00  0.0000000E+00  0.0000000E+00  0.0000000E+00  0.0000000E+00  2.2410307E+04 -2.2223380E-03
     9.1900000E+02    237.2818285  9.0161180E+06  1.9001000E+04  9.5079838E+03  1.4508832E+03  1.3792120E+03  0.0000000E+00  1.2314562E+04  2.7495042E+03  0.0000000E+00  0.0000000E+00  0.0000000E+00  0.0000000E+00  0.0000000E+00  2.1687939E+04  1.5994208E-03
     9.2000000E+02    237.2902308  9.0224070E+06  6.2890000E+03  0.0000000E+00  3.0994554E+03  8.0806390E+02  0.0000000E+00  1.1424454E+04  2.8444841E+03  0.0000000E+00  0.0000000E+00  0.0000000E+00  0.0000000E+00  0.0000000E+00  2.1024475E+04 -3.4487995E-03
     9.2100000E+02    237.2954836  9.0263380E+06  3.9310000E+03  0.0000000E+00  4.4542262E+03  6.6744342E+02  0.0000000E+00  1.0627178E+04  2.9089836E+03  0.0000000E+00  0.0000000E+00  0.0000000E+00  0.0000000E+00  0.0000000E+00  2.0411314E+04  3.6400761E-03
     9.2200000E+02    237.2991317  9.0290690E+06  2.7310000E+03  0.0000000E+00  4.7235017E+03  4.8299692E+02  0.0000000E+00  9.9307441E+03  2.9598328E+03  0.0000000E+00  0.0000000E+00  0.0000000E+00  0.0000000E+00  0.0000000E+00  1.9860779E+04 -5.6922236E-03
     9.2300000E+02    237.3022849  9.0314290E+06  2.3600000E+03  0.0000000E+00  4.3193792E+03  3.4700186E+02  0.0000000E+00  9.3388477E+03  3.0064971E+03  0.0000000E+00  0.0000000E+00  0.0000000E+00  0.0000000E+00  0.0000000E+00  1.9368545E+04 -2.7726498E-04
     9.2400000E+02    237.3041387  9.0328160E+06  1.3870000E+03  0.0000000E+00  4.6263515E+03  2.4504903E+02  0.0000000E+00  8.8207598E+03  3.0519817E+03  0.0000000E+00  0.0000000E+00  0.0000000E+00  0.0000000E+00  0.0000000E+00  1.8916465E+04  5.2459296E-03
     9.2500000E+02    237.3225011  9.0465590E+06  1.3743000E+04  1.0703620E+04  2.9265614E+03  7.4176874E+02  0.0000000E+00  8.3541191E+03  3.1298005E+03  0.0000000E+00  0.0000000E+00  0.0000000E+00  0.0000000E+00  0.0000000E+00  1.8506523E+04  7.3490624E-04
     9.2600000E+02    237.3228613  9.0468290E+06  2.7000000E+02  0.0000000E+00  4.6984630E+03  1.9798694E+02  0.0000000E+00  7.9295459E+03  3.1594412E+03  0.0000000E+00  0.0000000E+00  0.0000000E+00  0.0000000E+00  0.0000000E+00  1.8118658E+04 -4.5718923E-03
     9.2700000E+02    237.3210269  9.0454560E+06 -1.3730000E+03  0.0000000E+00  5.9085012E+03  1.6733644E+02  0.0000000E+00  7.5398921E+03  3.1717109E+03  0.0000000E+00  0.0000000E+00  0.0000000E+00  0.0000000E+00  0.0000000E+00  1.7748090E+04  1.8283233E-04
     9.2800000E+02    237.3182705  9.0433930E+06 -2.0630000E+03  0.0000000E+00  6.1844639E+03  1.3409183E+02  0.0000000E+00  7.1703252E+03  3.1829595E+03  0.0000000E+00  0.0000000E+00  0.0000000E+00  0.0000000E+00  0.0000000E+00  1.7395686E+04 -7.2975643E-05
     9.2900000E+02    237.3153912  9.0412380E+06 -2.1550000E+03  0.0000000E+00  5.8975702E+03  9.3914490E+01  0.0000000E+00  6.8475308E+03  3.1988540E+03  0.0000000E+00  0.0000000E+00  0.0000000E+00  0.0000000E+00  0.0000000E+00  1.7073697E+04  2.3618485E-04
     9.3000000E+02    237.3139155  9.0401330E+06 -1.1050000E+03  1.1891237E+03  5.7171105E+03  9.3009125E+01  0.0000000E+00  6.5465825E+03  3.2160764E+03  0.0000000E+00  0.0000000E+00  0.0000000E+00  0.0000000E+00  0.0000000E+00  1.6767598E+04  5.9195966E-03
     9.3100000E+02    237.3099040  9.0371310E+06 -3.0020000E+03  0.0000000E+00  6.0748594E+03  4.2266083E+01  0.0000000E+00  6.2598682E+03  3.2296553E+03  0.0000000E+00  0.0000000E+00  0.0000000E+00  0.0000000E+00  0.0000000E+00  1.6468789E+04 -4.0880274E-03
     9.3200000E+02    237.3125146  9.0390850E+06  1.9540000E+03  4.7563855E+03  5.6844752E+03  1.5973949E+02  0.0000000E+00  5.9797505E+03  3.2575046E+03  0.0000000E+00  0.0000000E+00  0.0000000E+00  0.0000000E+00  0.0000000E+00  1.6179877E+04 -9.5900684E-04
     9.3300000E+02    237.3093361  9.0367060E+06 -2.3790000E+03  0.0000000E+00  4.8572818E+03  1.9373312E+01  0.0000000E+00  5.7309644E+03  3.2719907E+03  0.0000000E+00  0.0000000E+00  0.0000000E+00  0.0000000E+00  0.0000000E+00  1.5908170E+04  8.0486521E-04
     9.3400000E+02    237.3058693  9.0341110E+06 -2.5950000E+03  0.0000000E+00  4.8202760E+03  1.2572883E+01  0.0000000E+00  5.4944849E+03  3.2814858E+03  0.0000000E+00  0.0000000E+00  0.0000000E+00  0.0000000E+00  0.0000000E+00  1.5643132E+04  3.6522727E-03
     9.3500000E+02    237.3002616  9.0299140E+06 -4.1970000E+03  0.0000000E+00  6.1991227E+03  5.2445807E+00  0.0000000E+00  5.2818750E+03  3.2850205E+03  0.0000000E+00  0.0000000E+00  0.0000000E+00  0.0000000E+00  0.0000000E+00  1.5390902E+04 -2.4197463E-04
     9.3600000E+02    237.2968886  9.0273900E+06 -2.5240000E+03  1.1887917E+03  5.5284794E+03  2.5427467E+01  0.0000000E+00  5.0825884E+03  3.2928118E+03  0.0000000E+00  0.0000000E+00  0.0000000E+00  0.0000000E+00  0.0000000E+00  1.5164403E+04 -5.4799058E-03
     9.3700000E+02    237.2923828  9.0240180E+06 -3.3720000E+03  0.0000000E+00  4.9757549E+03  2.7854607E-01  0.0000000E+00  4.9010938E+03  3.2979517E+03  0.0000000E+00  0.0000000E+00  0.0000000E+00  0.0000000E+00  0.0000000E+00  1.4962525E+04 -4.0484988E-03
     9.3800000E+02    237.2870528  9.0200280E+06 -3.9900000E+03  0.0000000E+00  5.4278882E+03  3.0692762E-02  0.0000000E+00  4.7385596E+03  3.2998972E+03  0.0000000E+00  0.0000000E+00  0.0000000E+00  0.0000000E+00  0.0000000E+00  1.4775351E+04  9.2254309E-03
     9.3900000E+02    237.2809190  9.0154380E+06 -4.5900000E+03  0.0000000E+00  5.8851279E+03  3.0607436E-02  0.0000000E+00  4.5955361E+03  3.3012156E+03  0.0000000E+00  0.0000000E+00  0.0000000E+00  0.0000000E+00  0.0000000E+00  1.4607734E+04 -8.4566344E-03
     9.4000000E+02    237.2764109  9.0120640E+06 -3.3740000E+03  0.0000000E+00  4.5307663E+03  3.0561419E-02  0.0000000E+00  4.4633281E+03  3.3066021E+03  0.0000000E+00  0.0000000E+00  0.0000000E+00  0.0000000E+00  0.0000000E+00  1.4450207E+04 -1.1837320E-04
     9.4100000E+02    237.2697388  9.0070700E+06 -4.9940000E+03  0.0000000E+00  6.0287986E+03  3.0519398E-02  0.0000000E+00  4.3413936E+03  3.3063098E+03  0.0000000E+00  0.0000000E+00  0.0000000E+00  0.0000000E+00  0.0000000E+00  1.4300628E+04  3.3841918E-03
     9.4200000E+02    237.2634859  9.0023900E+06 -4.6800000E+03  0.0000000E+00  5.5991612E+03  3.0477835E-02  0.0000000E+00  4.2249067E+03  3.3056797E+03  0.0000000E+00  0.0000000E+00  0.0000000E+00  0.0000000E+00  0.0000000E+00  1.4152975E+04  1.0802147E-03
     9.4300000E+02    237.2569356  8.9974870E+06 -4.9030000E+03  0.0000000E+00  5.7171375E+03  3.0436378E-02  0.0000000E+00  4.1191431E+03  3.3045601E+03  0.0000000E+00  0.0000000E+00  0.0000000E+00  0.0000000E+00  0.0000000E+00  1.4013911E+04  5.2769915E-03
     9.4400000E+02    237.2495876  8.9919880E+06 -5.4990000E+03  0.0000000E+00  6.2293587E+03  3.0394996E-02  0.0000000E+00  4.0311636E+03  3.3013616E+03  0.0000000E+00  0.0000000E+00  0.0000000E+00  0.0000000E+00  0.0000000E+00  1.3890523E+04 -5.5279708E-03
     9.4500000E+02    237.2423480  8.9865690E+06 -5.4190000E+03  0.0000000E+00  6.0701024E+03  3.0353680E-02  0.0000000E+00  3.9499399E+03  3.2982979E+03  0.0000000E+00  0.0000000E+00  0.0000000E+00  0.0000000E+00  0.0000000E+00  1.3772914E+04  6.0824067E-03
     9.4600000E+02    237.2338192  8.9801860E+06 -6.3830000E+03  0.0000000E+00  6.9618234E+03  3.0312434E-02  0.0000000E+00  3.8708586E+03  3.2924070E+03  0.0000000E+00  0.0000000E+00  0.0000000E+00  0.0000000E+00  0.0000000E+00  1.3656196E+04 -3.3332279E-03
     9.4700000E+02    237.2235615  8.9725090E+06 -7.6770000E+03  0.0000000E+00  8.1937967E+03  3.0271251E-02  0.0000000E+00  3.7989199E+03  3.2824092E+03  0.0000000E+00  0.0000000E+00  0.0000000E+00  0.0000000E+00  0.0000000E+00  1.3544187E+04 -2.2294770E-03
     9.4800000E+02    237.2148906  8.9660190E+06 -6.4900000E+03  0.0000000E+00  6.9452828E+03  3.0230137E-02  0.0000000E+00  3.7328547E+03  3.2772683E+03  0.0000000E+00  0.0000000E+00  0.0000000E+00  0.0000000E+00  0.0000000E+00  1.3437518E+04  3.2671334E-03
     9.4900000E+02    237.2082041  8.9610150E+06 -5.0040000E+03  0.0000000E+00  5.3974099E+03  3.0189089E-02  0.0000000E+00  3.6715920E+03  3.2786831E+03  0.0000000E+00  0.0000000E+00  0.0000000E+00  0.0000000E+00  0.0000000E+00  1.3336773E+04 -5.4252893E-03
     9.5000000E+02    237.2022377  8.9565490E+06 -4.4660000E+03  0.0000000E+00  4.7972179E+03  3.0148108E-02  0.0000000E+00  3.6143279E+03  3.2826252E+03  0.0000000E+00  0.0000000E+00  0.0000000E+00  0.0000000E+00  0.0000000E+00  1.3240989E+04  6.3755787E-03
     9.5100000E+02    237.1960669  8.9519310E+06 -4.6180000E+03  0.0000000E+00  4.8949140E+03  3.0107195E-02  0.0000000E+00  3.5607456E+03  3.2843586E+03  0.0000000E+00  0.0000000E+00  0.0000000E+00  0.0000000E+00  0.0000000E+00  1.3149900E+04 -6.0771946E-03
     9.5200000E+02    237.1881109  8.9459760E+06 -5.9550000E+03  0.0000000E+00  6.1848260E+03  3.0066345E-02  0.0000000E+00  3.5106558E+03  3.2804148E+03  0.0000000E+00  0.0000000E+00  0.0000000E+00  0.0000000E+00  0.0000000E+00  1.3061058E+04  4.6943962E-03
     9.5300000E+02    237.1814768  8.9410110E+06 -4.9650000E+03  0.0000000E+00  5.1504219E+03  3.0025560E-02  0.0000000E+00  3.4637705E+03  3.2786055E+03  0.0000000E+00  0.0000000E+00  0.0000000E+00  0.0000000E+00  0.0000000E+00  1.2976194E+04 -2.6878843E-03
     9.5400000E+02    237.1739400  8.9353700E+06 -5.6410000E+03  0.0000000E+00  5.7847827E+03  2.9984849E-02  0.0000000E+00  3.4186565E+03  3.2747646E+03  0.0000000E+00  0.0000000E+00  0.0000000E+00  0.0000000E+00  0.0000000E+00  1.2893146E+04  1.5414506E-03
     9.5500000E+02    237.1665141  8.9298120E+06 -5.5580000E+03  0.0000000E+00  5.6639323E+03  2.9944200E-02  0.0000000E+00  3.3766233E+03  3.2705605E+03  0.0000000E+00  0.0000000E+00  0.0000000E+00  0.0000000E+00  0.0000000E+00  1.2813655E+04  1.8034916E-03
     9.5600000E+02    237.2012037  8.9557750E+06  2.5963000E+04  2.6593458E+04  2.0777836E+03  1.4816381E+03  0.0000000E+00  3.3307559E+03  3.3649360E+03  0.0000000E+00  0.0000000E+00  0.0000000E+00  0.0000000E+00  0.0000000E+00  1.2758258E+04  4.2289091E-04
     9.5700000E+02    237.2491348  8.9916490E+06  3.5874000E+04  3.5264076E+04  1.9696893E+03  2.7861665E+03  0.0000000E+00  3.2844333E+03  3.4914023E+03  0.0000000E+00  0.0000000E+00  0.0000000E+00  0.0000000E+00  0.0000000E+00  1.2730322E+04 -1.0017315E-03
     9.5800000E+02    237.2616278  9.0009990E+06  9.3500000E+03  1.1313439E+04  2.1870012E+03  4.9208197E+02  0.0000000E+00  3.2460828E+03  3.5143445E+03  0.0000000E+00  0.0000000E+00  0.0000000E+00  0.0000000E+00  0.0000000E+00  1.2703631E+04  1.7193453E-03
     9.5900000E+02    237.2760474  9.0117910E+06  1.0792000E+04  1.2647425E+04  2.1993564E+03  5.3928723E+02  0.0000000E+00  3.3272461E+03  3.5223533E+03  0.0000000E+00  0.0000000E+00  0.0000000E+00  0.0000000E+00  0.0000000E+00  1.2838983E+04  1.5079572E-03
     9.6000000E+02    237.2695105  9.0068990E+06 -4.8920000E+03  0.0000000E+00  4.9578483E+03  1.3282936E+01  0.0000000E+00  3.5380513E+03  3.4860198E+03  0.0000000E+00  0.0000000E+00  0.0000000E+00  0.0000000E+00  0.0000000E+00  1.3157541E+04 -6.3262437E-03
     9.6100000E+02    237.2615968  9.0009760E+06 -5.9230000E+03  0.0000000E+00  6.1747319E+03  2.3902582E-01  0.0000000E+00  3.6995017E+03  3.4479346E+03  0.0000000E+00  0.0000000E+00  0.0000000E+00  0.0000000E+00  0.0000000E+00  1.3355326E+04  7.7636522E-04
     9.6200000E+02    237.2536103  8.9949990E+06 -5.9770000E+03  0.0000000E+00  6.2640708E+03  4.0583611E-02  0.0000000E+00  3.7079856E+03  3.4213352E+03  0.0000000E+00  0.0000000E+00  0.0000000E+00  0.0000000E+00  0.0000000E+00  1.3352988E+04 -3.9222185E-03
     9.6300000E+02    237.2460798  8.9893630E+06 -5.6360000E+03  0.0000000E+00  5.9266762E+03  4.0478144E-02  0.0000000E+00  3.6940652E+03  3.4035681E+03  0.0000000E+00  0.0000000E+00  0.0000000E+00  0.0000000E+00  0.0000000E+00  1.3317015E+04 -1.4862621E-03
     9.6400000E+02    237.2390154  8.9840750E+06 -5.2880000E+03  0.0000000E+00  5.5430645E+03  4.0415924E-02  0.0000000E+00  3.6469421E+03  3.3912307E+03  0.0000000E+00  0.0000000E+00  0.0000000E+00  0.0000000E+00  0.0000000E+00  1.3239943E+04  7.6950672E-03
     9.6500000E+02    237.2319965  8.9788220E+06 -5.2530000E+03  0.0000000E+00  5.4740387E+03  4.0357191E-02  0.0000000E+00  3.6023164E+03  3.3815586E+03  0.0000000E+00  0.0000000E+00  0.0000000E+00  0.0000000E+00  0.0000000E+00  1.3164119E+04 -2.7238245E-03
     9.6600000E+02    237.2243877  8.9731270E+06 -5.6950000E+03  0.0000000E+00  5.8851830E+03  4.0298898E-02  0.0000000E+00  3.5623335E+03  3.3719336E+03  0.0000000E+00  0.0000000E+00  0.0000000E+00  0.0000000E+00  0.0000000E+00  1.3091909E+04  2.7744700E-03
     9.6700000E+02    237.2299838  8.9773160E+06  4.1890000E+03  6.6515081E+03  2.7475915E+03  1.6258258E+02  0.0000000E+00  3.5161426E+03  3.3942810E+03  0.0000000E+00  0.0000000E+00  0.0000000E+00  0.0000000E+00  0.0000000E+00  1.3018379E+04 -6.1872769E-03
     9.6800000E+02    237.2223011  8.9715660E+06 -5.7500000E+03  0.0000000E+00  5.8419896E+03  6.0639107E-01  0.0000000E+00  3.4784380E+03  3.3871028E+03  0.0000000E+00  0.0000000E+00  0.0000000E+00  0.0000000E+00  0.0000000E+00  1.2950953E+04 -5.2377675E-04
     9.6900000E+02    237.2145346  8.9657530E+06 -5.8130000E+03  0.0000000E+00  5.8796219E+03  5.0696213E-02  0.0000000E+00  3.4406733E+03  3.3738618E+03  0.0000000E+00  0.0000000E+00  0.0000000E+00  0.0000000E+00  0.0000000E+00  1.2880488E+04  2.5908737E-03
     9.7000000E+02    237.2073469  8.9603730E+06 -5.3800000E+03  0.0000000E+00  5.4206424E+03  4.1691609E-02  0.0000000E+00  3.4058757E+03  3.3648687E+03  0.0000000E+00  0.0000000E+00  0.0000000E+00  0.0000000E+00  0.0000000E+00  1.2812642E+04  4.6185325E-03
     9.7100000E+02    237.1994352  8.9544520E+06 -5.9210000E+03  0.0000000E+00  5.9421886E+03  3.0972226E-02  0.0000000E+00  3.3767073E+03  3.3559468E+03  0.0000000E+00  0.0000000E+00  0.0000000E+00  0.0000000E+00  0.0000000E+00  1.2751188E+04 -4.2641279E-03
     9.7200000E+02    237.1913774  8.9484210E+06 -6.0310000E+03  0.0000000E+00  6.0338655E+03  3.0922892E-02  0.0000000E+00  3.3504563E+03  3.3474573E+03  0.0000000E+00  0.0000000E+00  0.0000000E+00  0.0000000E+00  0.0000000E+00  1.2692874E+04  1.7488204E-03
     9.7300000E+02    237.1846181  8.9433620E+06 -5.0590000E+03  0.0000000E+00  5.0355777E+03  6.1137836E-02  0.0000000E+00  3.3194595E+03  3.3428333E+03  0.0000000E+00  0.0000000E+00  0.0000000E+00  0.0000000E+00  0.0000000E+00  1.2632036E+04  1.3054385E-03
     9.7400000E+02    237.1842038  8.9430520E+06 -3.1000000E+02  1.9886244E+03  2.2642132E+03  3.5843266E+01  0.0000000E+00  3.2834751E+03  3.3537922E+03  0.0000000E+00  0.0000000E+00  0.0000000E+00  0.0000000E+00  0.0000000E+00  1.2570800E+04 -1.1124945E-03
     9.7500000E+02    237.1772676  8.9378610E+06 -5.1910000E+03  0.0000000E+00  5.0867057E+03  6.5685444E-02  0.0000000E+00  3.2448621E+03  3.3495757E+03  0.0000000E+00  0.0000000E+00  0.0000000E+00  0.0000000E+00  0.0000000E+00  1.2506287E+04 -4.1904203E-03
     9.7600000E+02    237.2328299  8.9794460E+06  4.1585000E+04  4.1131081E+04  2.6423661E+03  3.3870852E+03  0.0000000E+00  3.1971606E+03  3.4879133E+03  0.0000000E+00  0.0000000E+00  0.0000000E+00  0.0000000E+00  0.0000000E+00  1.2473271E+04  9.8238874E-05
     9.7700000E+02    237.2362656  8.9820170E+06  2.5710000E+03  5.3075354E+03  2.5588901E+03  1.7140086E+02  0.0000000E+00  3.1577957E+03  3.5063682E+03  0.0000000E+00  0.0000000E+00  0.0000000E+00  0.0000000E+00  0.0000000E+00  1.2443743E+04  5.4895887E-03
     9.7800000E+02    237.2275597  8.9755010E+06 -6.5160000E+03  0.0000000E+00  6.1766362E+03  3.7068245E+00  0.0000000E+00  3.1232104E+03  3.4661746E+03  0.0000000E+00  0.0000000E+00  0.0000000E+00  0.0000000E+00  0.0000000E+00  1.2401855E+04  1.1038827E-03
     9.7900000E+02    237.2188699  8.9689970E+06 -6.5040000E+03  0.0000000E+00  6.1922892E+03  1.1207143E+00  0.0000000E+00  3.1198303E+03  3.4324780E+03  0.0000000E+00  0.0000000E+00  0.0000000E+00  0.0000000E+00  0.0000000E+00  1.2380145E+04  1.9075136E-03
     9.8000000E+02    237.2096110  8.9620680E+06 -6.9290000E+03  0.0000000E+00  6.6659704E+03  9.0554088E-02  0.0000000E+00  3.1433188E+03  3.4071680E+03  0.0000000E+00  0.0000000E+00  0.0000000E+00  0.0000000E+00  0.0000000E+00  1.2386507E+04 -7.2419550E-03
     9.8100000E+02    237.2008051  8.9554770E+06 -6.5910000E+03  0.0000000E+00  6.3580287E+03  4.4215128E-02  0.0000000E+00  3.1561445E+03  3.3888450E+03  0.0000000E+00  0.0000000E+00  0.0000000E+00  0.0000000E+00  0.0000000E+00  1.2380156E+04  3.2261945E-03
     9.8200000E+02    237.1904617  8.9477360E+06 -7.7410000E+03  0.0000000E+00  7.5497081E+03  4.4152364E-02  0.0000000E+00  3.1793120E+03  3.3710315E+03  0.0000000E+00  0.0000000E+00  0.0000000E+00  0.0000000E+00  0.0000000E+00  1.2392654E+04 -3.5053717E-03
     9.8300000E+02    237.1824029  8.9417040E+06 -6.0320000E+03  0.0000000E+00  6.8613223E+03  4.6169600E+00  0.0000000E+00  4.1841787E+03  3.3590466E+03  0.0000000E+00  0.0000000E+00  0.0000000E+00  0.0000000E+00  0.0000000E+00  1.2827722E+04  4.1755615E-03
     9.8400000E+02    237.1752536  8.9363530E+06 -5.3510000E+03  0.0000000E+00  5.6269212E+03  2.0557876E+00  0.0000000E+00  3.6280220E+03  3.3539617E+03  0.0000000E+00  0.0000000E+00  0.0000000E+00  0.0000000E+00  0.0000000E+00  1.2782960E+04  2.1747584E-03
     9.8500000E+02    237.1662291  8.9295990E+06 -6.7540000E+03  0.0000000E+00  6.9470768E+03  4.6857681E-02  0.0000000E+00  3.5375417E+03  3.3448467E+03  0.0000000E+00  0.0000000E+00  0.0000000E+00  0.0000000E+00  0.0000000E+00  1.2726819E+04 -3.2545999E-03
     9.8600000E+02    237.1568739  8.9225970E+06 -7.0020000E+03  0.0000000E+00  7.1333848E+03  4.6791617E-02  0.0000000E+00  3.4662739E+03  3.3346982E+03  0.0000000E+00  0.0000000E+00  0.0000000E+00  0.0000000E+00  0.0000000E+00  1.2658473E+04  2.2716001E-03
     9.8700000E+02    237.1443423  8.9132180E+06 -9.3790000E+03  0.0000000E+00  9.4604031E+03  4.6725668E-02  0.0000000E+00  3.3991909E+03  3.3180618E+03  0.0000000E+00  0.0000000E+00  0.0000000E+00  0.0000000E+00  0.0000000E+00  1.2577661E+04 -1.7806448E-03
     9.8800000E+02    237.1319311  8.9039290E+06 -9.2890000E+03  0.0000000E+00  9.3183846E+03  4.6659842E-02  0.0000000E+00  3.3317546E+03  3.3024355E+03  0.0000000E+00  0.0000000E+00  0.0000000E+00  0.0000000E+00  0.0000000E+00  1.2487729E+04 -1.5475421E-04
     9.8900000E+02    237.1206989  8.8955220E+06 -8.4070000E+03  0.0000000E+00  8.3854753E+03  4.6594128E-02  0.0000000E+00  3.2704675E+03  3.2916484E+03  0.0000000E+00  0.0000000E+00  0.0000000E+00  0.0000000E+00  0.0000000E+00  1.2399607E+04  3.3452159E-03
     9.9000000E+02    237.1111381  8.8883670E+06 -7.1550000E+03  0.0000000E+00  7.0872853E+03  4.6528529E-02  0.0000000E+00  3.2124734E+03  3.2809221E+03  0.0000000E+00  0.0000000E+00  0.0000000E+00  0.0000000E+00  0.0000000E+00  1.2314555E+04 -6.6261380E-03
     9.9100000E+02    237.1010205  8.8807940E+06 -7.5730000E+03  0.0000000E+00  7.4603480E+03  4.6463054E-02  0.0000000E+00  3.1589924E+03  3.2711399E+03  0.0000000E+00  0.0000000E+00  0.0000000E+00  0.0000000E+00  0.0000000E+00  1.2231235E+04  5.1323846E-03
     9.9200000E+02    237.0886626  8.8715450E+06 -9.2490000E+03  0.0000000E+00  9.1026887E+03  4.6397690E-02  0.0000000E+00  3.1103855E+03  3.2568757E+03  0.0000000E+00  0.0000000E+00  0.0000000E+00  0.0000000E+00  0.0000000E+00  1.2149035E+04 -1.0745727E-03
     9.9300000E+02    237.0749543  8.8612850E+06 -1.0260000E+04  0.0000000E+00  1.0084922E+04  4.6332438E-02  0.0000000E+00  3.0652036E+03  3.2402434E+03  0.0000000E+00  0.0000000E+00  0.0000000E+00  0.0000000E+00  0.0000000E+00  1.2066448E+04  6.3759764E-04
     9.9400000E+02    237.0605911  8.8505350E+06 -1.0750000E+04  0.0000000E+00  1.0546731E+04  4.6267305E-02  0.0000000E+00  3.0229028E+03  3.2262153E+03  0.0000000E+00  0.0000000E+00  0.0000000E+00  0.0000000E+00  0.0000000E+00  1.1981177E+04  1.4180879E-05
     9.9500000E+02    237.0482143  8.8412720E+06 -9.2630000E+03  0.0000000E+00  9.0300217E+03  4.6202287E-02  0.0000000E+00  2.9843188E+03  3.2175933E+03  0.0000000E+00  0.0000000E+00  0.0000000E+00  0.0000000E+00  0.0000000E+00  1.1899544E+04 -2.0412137E-03
     9.9600000E+02    237.0382153  8.8337880E+06 -7.4840000E+03  0.0000000E+00  7.2171191E+03  4.6137378E-02  0.0000000E+00  2.9485447E+03  3.2151982E+03  0.0000000E+00  0.0000000E+00  0.0000000E+00  0.0000000E+00  0.0000000E+00  1.1822343E+04  2.6210619E-03
     9.9700000E+02    237.0282035  8.8262950E+06 -7.4930000E+03  0.0000000E+00  7.1965275E+03  4.6072584E-02  0.0000000E+00  2.9158682E+03  3.2126118E+03  0.0000000E+00  0.0000000E+00  0.0000000E+00  0.0000000E+00  0.0000000E+00  1.1750100E+04 -2.1578094E-03
     9.9800000E+02    237.0187698  8.8192340E+06 -7.0610000E+03  0.0000000E+00  6.7364511E+03  4.6007909E-02  0.0000000E+00  2.8860898E+03  3.2102693E+03  0.0000000E+00  0.0000000E+00  0.0000000E+00  0.0000000E+00  0.0000000E+00  1.1682089E+04  4.1726222E-03
     9.9900000E+02    237.0075022  8.8108010E+06 -8.4330000E+03  0.0000000E+00  8.0886194E+03  4.5943338E-02  0.0000000E+00  2.8585188E+03  3.2030510E+03  0.0000000E+00  0.0000000E+00  0.0000000E+00  0.0000000E+00  0.0000000E+00  1.1614899E+04 -9.4268878E-04
     1.0000000E+03    236.9968507  8.8028670E+06 -7.9340000E+03  0.0000000E+00  7.5720413E+03  4.5878887E-02  0.0000000E+00  2.8340999E+03  3.1964377E+03  0.0000000E+00  0.0000000E+00  0.0000000E+00  0.0000000E+00  0.0000000E+00  1.1551099E+04 -3.1014998E-03
     1.0010000E+03    237.0907702  8.8731220E+06  7.0255000E+04  6.6185698E+04  3.3944792E+03  8.0972559E+03  0.0000000E+00  2.7957273E+03  3.4287102E+03  0.0000000E+00  0.0000000E+00  0.0000000E+00  0.0000000E+00  0.0000000E+00  1.1541523E+04  6.3855207E-04
     1.0020000E+03    237.0820106  8.8665660E+06 -6.5560000E+03  0.0000000E+00  5.9289027E+03  3.0211147E+01  0.0000000E+00  2.7719604E+03  3.4293245E+03  0.0000000E+00  0.0000000E+00  0.0000000E+00  0.0000000E+00  0.0000000E+00  1.1528181E+04 -5.9481413E-04
     1.0030000E+03    237.0704727  8.8579310E+06 -8.6350000E+03  0.0000000E+00  8.0196623E+03  2.1664720E+00  0.0000000E+00  2.7543237E+03  3.3722307E+03  0.0000000E+00  0.0000000E+00  0.0000000E+00  0.0000000E+00  0.0000000E+00  1.1499103E+04 -3.5318430E-03
     1.0040000E+03    237.0579254  8.8485400E+06 -9.3910000E+03  0.0000000E+00  8.8670886E+03  2.0003673E-01  0.0000000E+00  2.8056152E+03  3.3296570E+03  0.0000000E+00  0.0000000E+00  0.0000000E+00  0.0000000E+00  0.0000000E+00  1.1576604E+04  5.6847895E-04
     1.0050000E+03    237.0440679  8.8381690E+06 -1.0371000E+04  0.0000000E+00  9.9436820E+03  5.8413427E-02  0.0000000E+00  2.8674026E+03  3.2952678E+03  0.0000000E+00  0.0000000E+00  0.0000000E+00  0.0000000E+00  0.0000000E+00  1.1655284E+04 -3.6882176E-03
     1.0060000E+03    237.0301537  8.8277550E+06 -1.0414000E+04  0.0000000E+00  1.0055023E+04  5.8318008E-02  0.0000000E+00  2.9089812E+03  3.2680107E+03  0.0000000E+00  0.0000000E+00  0.0000000E+00  0.0000000E+00  0.0000000E+00  1.1681428E+04  4.3979286E-05
     1.0070000E+03    237.0167980  8.8177590E+06 -9.9960000E+03  0.0000000E+00  9.6808124E+03  5.8225404E-02  0.0000000E+00  2.9320762E+03  3.2472271E+03  0.0000000E+00  0.0000000E+00  0.0000000E+00  0.0000000E+00  0.0000000E+00  1.1676704E+04  7.4027566E-04
     1.0080000E+03    237.0025189  8.8070720E+06 -1.0687000E+04  0.0000000E+00  1.0403254E+04  5.8133256E-02  0.0000000E+00  2.9439187E+03  3.2277925E+03  0.0000000E+00  0.0000000E+00  0.0000000E+00  0.0000000E+00  0.0000000E+00  1.1655785E+04 -5.1582610E-04
     1.0090000E+03    236.9888403  8.7969670E+06 -1.0105000E+04  0.0000000E+00  9.8407618E+03  5.8041327E-02  0.0000000E+00  2.9477600E+03  3.2112332E+03  0.0000000E+00  0.0000000E+00  0.0000000E+00  0.0000000E+00  0.0000000E+00  1.1623673E+04  6.3074050E-03
     1.0100000E+03    236.9761967  8.7876560E+06 -9.3110000E+03  0.0000000E+00  9.0594996E+03  5.7949573E-02  0.0000000E+00  2.9474631E+03  3.1998723E+03  0.0000000E+00  0.0000000E+00  0.0000000E+00  0.0000000E+00  0.0000000E+00  1.1585453E+04 -6.9462163E-03
     1.0110000E+03    236.9649935  8.7794050E+06 -8.2510000E+03  0.0000000E+00  8.6989892E+03  5.7858005E-02  0.0000000E+00  3.7653137E+03  3.1939224E+03  0.0000000E+00  0.0000000E+00  0.0000000E+00  0.0000000E+00  0.0000000E+00  1.1968590E+04  1.0380929E+00
     1.0120000E+03    236.9544447  8.7716360E+06 -7.7690000E+03  0.0000000E+00  7.8436609E+03  8.0752861E-01  0.0000000E+00  3.2612036E+03  3.1873750E+03  0.0000000E+00  0.0000000E+00  0.0000000E+00  0.0000000E+00  0.0000000E+00  1.1888894E+04 -2.1689516E-04
     1.0130000E+03    236.9447634  8.7645050E+06 -7.1310000E+03  0.0000000E+00  7.1234378E+03  1.4136586E-01  0.0000000E+00  3.1764573E+03  3.1833162E+03  0.0000000E+00  0.0000000E+00  0.0000000E+00  0.0000000E+00  0.0000000E+00  1.1808222E+04  8.1958547E-03
     1.0140000E+03    236.9357135  8.7578400E+06 -6.6650000E+03  0.0000000E+00  6.5957610E+03  6.7486301E-02  0.0000000E+00  3.1108911E+03  3.1803003E+03  0.0000000E+00  0.0000000E+00  0.0000000E+00  0.0000000E+00  0.0000000E+00  1.1728108E+04 -1.0438845E-03
     1.0150000E+03    236.9268328  8.7513000E+06 -6.5400000E+03  0.0000000E+00  6.4113584E+03  6.7379013E-02  0.0000000E+00  3.0479727E+03  3.1771404E+03  0.0000000E+00  0.0000000E+00  0.0000000E+00  0.0000000E+00  0.0000000E+00  1.1640404E+04 -4.7868220E-03
     1.0160000E+03    236.9183295  8.7450370E+06 -6.2630000E+03  0.0000000E+00  6.0829414E+03  6.7271933E-02  0.0000000E+00  2.9945591E+03  3.1742415E+03  0.0000000E+00  0.0000000E+00  0.0000000E+00  0.0000000E+00  0.0000000E+00  1.1558082E+04  4.7946302E-03
     1.0170000E+03    236.9104692  8.7392480E+06 -5.7890000E+03  0.0000000E+00  5.5628851E+03  6.7165069E-02  0.0000000E+00  2.9462280E+03  3.1724209E+03  0.0000000E+00  0.0000000E+00  0.0000000E+00  0.0000000E+00  0.0000000E+00  1.1480715E+04 -1.3415384E-04
     1.0180000E+03    236.9018252  8.7328820E+06 -6.3660000E+03  0.0000000E+00  6.1009552E+03  6.7058422E-02  0.0000000E+00  2.9031873E+03  3.1684136E+03  0.0000000E+00  0.0000000E+00  0.0000000E+00  0.0000000E+00  0.0000000E+00  1.1408610E+04 -1.2379062E-03
     1.0190000E+03    236.8926877  8.7261530E+06 -6.7290000E+03  0.0000000E+00  6.4330671E+03  6.6951998E-02  0.0000000E+00  2.8660669E+03  3.1626843E+03  0.0000000E+00  0.0000000E+00  0.0000000E+00  0.0000000E+00  0.0000000E+00  1.1341023E+04 -6.4318832E-03
     1.0200000E+03    236.8838383  8.7196350E+06 -6.5180000E+03  0.0000000E+00  6.1929483E+03  6.6845782E-02  0.0000000E+00  2.8329365E+03  3.1575107E+03  0.0000000E+00  0.0000000E+00  0.0000000E+00  0.0000000E+00  0.0000000E+00  1.1276960E+04  5.8225333E-03
     1.0210000E+03    236.8742134  8.7125470E+06 -7.0880000E+03  0.0000000E+00  6.7392825E+03  6.6739783E-02  0.0000000E+00  2.8014229E+03  3.1507825E+03  0.0000000E+00  0.0000000E+00  0.0000000E+00  0.0000000E+00  0.0000000E+00  1.1212379E+04 -5.8257640E-03
     1.0220000E+03    236.8633828  8.7045700E+06 -7.9770000E+03  0.0000000E+00  7.6081080E+03  6.6634007E-02  0.0000000E+00  2.7727654E+03  3.1412805E+03  0.0000000E+00  0.0000000E+00  0.0000000E+00  0.0000000E+00  0.0000000E+00  1.1148745E+04  4.1245078E-03
     1.0230000E+03    236.8514805  8.6958040E+06 -8.7660000E+03  0.0000000E+00  8.3831528E+03  6.6528447E-02  0.0000000E+00  2.7468992E+03  3.1296741E+03  0.0000000E+00  0.0000000E+00  0.0000000E+00  0.0000000E+00  0.0000000E+00  1.1086647E+04  1.2129814E-03
     1.0240000E+03    236.8395681  8.6870310E+06 -8.7730000E+03  0.0000000E+00  8.3778201E+03  6.6423088E-02  0.0000000E+00  2.7231462E+03  3.1187146E+03  0.0000000E+00  0.0000000E+00  0.0000000E+00  0.0000000E+00  0.0000000E+00  1.1026031E+04 -2.8031543E-03
     1.0250000E+03    236.8288002  8.6791000E+06 -7.9310000E+03  0.0000000E+00  7.5203955E+03  6.6317953E-02  0.0000000E+00  2.7011494E+03  3.1112158E+03  0.0000000E+00  0.0000000E+00  0.0000000E+00  0.0000000E+00  0.0000000E+00  1.0967410E+04  5.6858002E-03
     1.0260000E+03    236.8180096  8.6711530E+06 -7.9470000E+03  0.0000000E+00  7.5236498E+03  6.6213027E-02  0.0000000E+00  2.6810420E+03  3.1044939E+03  0.0000000E+00  0.0000000E+00  0.0000000E+00  0.0000000E+00  0.0000000E+00  1.0910893E+04 -3.3078447E-04
     1.0270000E+03    236.8076924  8.6635550E+06 -7.5980000E+03  0.0000000E+00  7.1619976E+03  6.6108324E-02  0.0000000E+00  2.6624619E+03  3.0990029E+03  0.0000000E+00  0.0000000E+00  0.0000000E+00  0.0000000E+00  0.0000000E+00  1.0856025E+04 -4.5968201E-03
     1.0280000E+03    236.7977193  8.6562100E+06 -7.3450000E+03  0.0000000E+00  6.8967208E+03  6.6003814E-02  0.0000000E+00  2.6458396E+03  3.0941968E+03  0.0000000E+00  0.0000000E+00  0.0000000E+00  0.0000000E+00  0.0000000E+00  1.0804490E+04 -1.2706853E-04
     1.0290000E+03    236.7871501  8.6484260E+06 -7.7840000E+03  0.0000000E+00  7.3272470E+03  6.5899529E-02  0.0000000E+00  2.6309260E+03  3.0877922E+03  0.0000000E+00  0.0000000E+00  0.0000000E+00  0.0000000E+00  0.0000000E+00  1.0755024E+04 -4.5007034E-04
     1.0300000E+03    236.7755311  8.6398690E+06 -8.5570000E+03  0.0000000E+00  8.0957922E+03  6.5795444E-02  0.0000000E+00  2.6172136E+03  3.0787466E+03  0.0000000E+00  0.0000000E+00  0.0000000E+00  0.0000000E+00  0.0000000E+00  1.0707536E+04 -2.3246205E-03
     1.0310000E+03    236.7642515  8.6315610E+06 -8.3080000E+03  0.0000000E+00  7.8406365E+03  6.5691575E-02  0.0000000E+00  2.6040627E+03  3.0707185E+03  0.0000000E+00  0.0000000E+00  0.0000000E+00  0.0000000E+00  0.0000000E+00  1.0663432E+04  7.0883725E-03
     1.0320000E+03    236.7534976  8.6236410E+06 -7.9200000E+03  0.0000000E+00  7.4476102E+03  6.5587923E-02  0.0000000E+00  2.5915916E+03  3.0641309E+03  0.0000000E+00  0.0000000E+00  0.0000000E+00  0.0000000E+00  0.0000000E+00  1.0620829E+04 -7.9895777E-04
     1.0330000E+03    236.7435247  8.6162960E+06 -7.3450000E+03  0.0000000E+00  6.8653049E+03  6.5484472E-02  0.0000000E+00  2.5796624E+03  3.0592710E+03  0.0000000E+00  0.0000000E+00  0.0000000E+00  0.0000000E+00  0.0000000E+00  1.0580027E+04  1.5251753E-03
     1.0340000E+03    236.7338871  8.6091980E+06 -7.0980000E+03  0.0000000E+00  6.6111427E+03  6.5381229E-02  0.0000000E+00  2.5680791E+03  3.0549548E+03  0.0000000E+00  0.0000000E+00  0.0000000E+00  0.0000000E+00  0.0000000E+00  1.0540494E+04  4.8494234E-04
     1.0350000E+03    236.7242156  8.6020760E+06 -7.1220000E+03  0.0000000E+00  6.6298322E+03  6.5278195E-02  0.0000000E+00  2.5569663E+03  3.0500767E+03  0.0000000E+00  0.0000000E+00  0.0000000E+00  0.0000000E+00  0.0000000E+00  1.0502204E+04 -9.0595186E-03
     1.0360000E+03    236.7134683  8.5941600E+06 -7.9160000E+03  0.0000000E+00  7.4193859E+03  6.5175369E-02  0.0000000E+00  2.5464656E+03  3.0423850E+03  0.0000000E+00  0.0000000E+00  0.0000000E+00  0.0000000E+00  0.0000000E+00  1.0464397E+04  7.2669717E-03
     1.0370000E+03    236.7030903  8.5865170E+06 -7.6430000E+03  0.0000000E+00  7.1444798E+03  6.5072745E-02  0.0000000E+00  2.5363118E+03  3.0351387E+03  0.0000000E+00  0.0000000E+00  0.0000000E+00  0.0000000E+00  0.0000000E+00  1.0427047E+04 -2.3791410E-03
     1.0380000E+03    236.6936913  8.5795950E+06 -6.9220000E+03  0.0000000E+00  6.4182438E+03  6.4970329E-02  0.0000000E+00  2.5262952E+03  3.0302693E+03  0.0000000E+00  0.0000000E+00  0.0000000E+00  0.0000000E+00  0.0000000E+00  1.0390613E+04 -1.6123570E-03
     1.0390000E+03    236.6827958  8.5715710E+06 -8.0240000E+03  0.0000000E+00  7.5180670E+03  6.4868122E-02  0.0000000E+00  2.5158218E+03  3.0222202E+03  0.0000000E+00  0.0000000E+00  0.0000000E+00  0.0000000E+00  0.0000000E+00  1.0352164E+04 -3.7986690E-03
     1.0400000E+03    236.6725172  8.5640010E+06 -7.5700000E+03  0.0000000E+00  7.0602350E+03  6.4766124E-02  0.0000000E+00  2.5051460E+03  3.0150027E+03  0.0000000E+00  0.0000000E+00  0.0000000E+00  0.0000000E+00  0.0000000E+00  1.0313273E+04 -2.6170289E-04
     1.0410000E+03    236.6631565  8.5571070E+06 -6.8940000E+03  0.0000000E+00  6.3790495E+03  6.4664327E-02  0.0000000E+00  2.4951147E+03  3.0100820E+03  0.0000000E+00  0.0000000E+00  0.0000000E+00  0.0000000E+00  0.0000000E+00  1.0278868E+04  5.2004948E-04
     1.0420000E+03    236.6532582  8.5498170E+06 -7.2900000E+03  0.0000000E+00  6.7702401E+03  6.4562723E-02  0.0000000E+00  2.4844890E+03  3.0042551E+03  0.0000000E+00  0.0000000E+00  0.0000000E+00  0.0000000E+00  0.0000000E+00  1.0244222E+04  5.9945550E-04
     1.0430000E+03    236.6423998  8.5418200E+06 -7.9970000E+03  0.0000000E+00  7.4772561E+03  6.4461336E-02  0.0000000E+00  2.4756528E+03  2.9954219E+03  0.0000000E+00  0.0000000E+00  0.0000000E+00  0.0000000E+00  0.0000000E+00  1.0211791E+04  3.7765680E-04
     1.0440000E+03    236.6320568  8.5342020E+06 -7.6180000E+03  0.0000000E+00  7.0967194E+03  6.4360149E-02  0.0000000E+00  2.4669570E+03  2.9877812E+03  0.0000000E+00  0.0000000E+00  0.0000000E+00  0.0000000E+00  0.0000000E+00  1.0180129E+04  5.1711476E-03
     1.0450000E+03    236.6226282  8.5272580E+06 -6.9440000E+03  0.0000000E+00  6.4201176E+03  6.4259164E-02  0.0000000E+00  2.4585132E+03  2.9824822E+03  0.0000000E+00  0.0000000E+00  0.0000000E+00  0.0000000E+00  0.0000000E+00  1.0149567E+04 -2.3888008E-04
     1.0460000E+03    236.6124839  8.5197870E+06 -7.4710000E+03  0.0000000E+00  6.9458985E+03  6.4158380E-02  0.0000000E+00  2.4504722E+03  2.9757107E+03  0.0000000E+00  0.0000000E+00  0.0000000E+00  0.0000000E+00  0.0000000E+00  1.0119406E+04 -7.3820876E-04
     1.0470000E+03    236.6018660  8.5119670E+06 -7.8200000E+03  0.0000000E+00  7.2952198E+03  6.4057805E-02  0.0000000E+00  2.4427139E+03  2.9674978E+03  0.0000000E+00  0.0000000E+00  0.0000000E+00  0.0000000E+00  0.0000000E+00  1.0089072E+04  5.8521138E-04
     1.0480000E+03    236.5915378  8.5043610E+06 -7.6060000E+03  0.0000000E+00  7.0816565E+03  6.3957423E-02  0.0000000E+00  2.4349783E+03  2.9599092E+03  0.0000000E+00  0.0000000E+00  0.0000000E+00  0.0000000E+00  0.0000000E+00  1.0058665E+04 -5.2224328E-03
     1.0490000E+03    236.5813850  8.4968830E+06 -7.4780000E+03  0.0000000E+00  6.9519642E+03  6.3857250E-02  0.0000000E+00  2.4274431E+03  2.9529204E+03  0.0000000E+00  0.0000000E+00  0.0000000E+00  0.0000000E+00  0.0000000E+00  1.0028678E+04  6.2804399E-03
     1.0500000E+03    236.5709317  8.4891840E+06 -7.6990000E+03  0.0000000E+00  7.1736085E+03  6.3757263E-02  0.0000000E+00  2.4201619E+03  2.9453196E+03  0.0000000E+00  0.0000000E+00  0.0000000E+00  0.0000000E+00  0.0000000E+00  9.9988770E+03  2.9435090E-03
     1.0510000E+03    236.5607399  8.4816780E+06 -7.5060000E+03  0.0000000E+00  6.9810881E+03  6.3657477E-02  0.0000000E+00  2.4132026E+03  2.9381777E+03  0.0000000E+00  0.0000000E+00  0.0000000E+00  0.0000000E+00  0.0000000E+00  9.9697861E+03  9.8451092E-06
     1.0520000E+03    236.5506423  8.4742420E+06 -7.4360000E+03  0.0000000E+00  6.9116864E+03  6.3557893E-02  0.0000000E+00  2.4063499E+03  2.9314705E+03  0.0000000E+00  0.0000000E+00  0.0000000E+00  0.0000000E+00  0.0000000E+00  9.9408652E+03 -7.5599789E-03
     1.0530000E+03    236.5418284  8.4677500E+06 -6.4920000E+03  0.0000000E+00  5.9631687E+03  6.3458510E-02  0.0000000E+00  2.3995911E+03  2.9277488E+03  0.0000000E+00  0.0000000E+00  0.0000000E+00  0.0000000E+00  0.0000000E+00  9.9130840E+03  8.2927858E-03
     1.0540000E+03    236.5325677  8.4609300E+06 -6.8200000E+03  0.0000000E+00  6.2902677E+03  6.3359320E-02  0.0000000E+00  2.3927983E+03  2.9229722E+03  0.0000000E+00  0.0000000E+00  0.0000000E+00  0.0000000E+00  0.0000000E+00  9.8852344E+03 -4.1073277E-03
     1.0550000E+03    236.5233776  8.4541620E+06 -6.7680000E+03  0.0000000E+00  6.2368223E+03  6.3260332E-02  0.0000000E+00  2.3861350E+03  2.9177163E+03  0.0000000E+00  0.0000000E+00  0.0000000E+00  0.0000000E+00  0.0000000E+00  9.8576338E+03 -3.7229653E-03
     1.0560000E+03    236.5137301  8.4470560E+06 -7.1060000E+03  0.0000000E+00  6.5737926E+03  6.3161545E-02  0.0000000E+00  2.3797461E+03  2.9112878E+03  0.0000000E+00  0.0000000E+00  0.0000000E+00  0.0000000E+00  0.0000000E+00  9.8304199E+03  7.6909438E-03
     1.0570000E+03    236.5012443  8.4378610E+06 -9.1950000E+03  0.0000000E+00  8.6706173E+03  6.3062944E-02  0.0000000E+00  2.3736880E+03  2.8986997E+03  0.0000000E+00  0.0000000E+00  0.0000000E+00  0.0000000E+00  0.0000000E+00  9.8017266E+03 -4.8873215E-03
     1.0580000E+03    236.4900332  8.4296040E+06 -8.2570000E+03  0.0000000E+00  7.7356322E+03  6.2964544E-02  0.0000000E+00  2.3674277E+03  2.8886631E+03  0.0000000E+00  0.0000000E+00  0.0000000E+00  0.0000000E+00  0.0000000E+00  9.7722363E+03  1.8383573E-03
     1.0590000E+03    236.4798637  8.4221140E+06 -7.4900000E+03  0.0000000E+00  6.9685957E+03  6.2866338E-02  0.0000000E+00  2.3609553E+03  2.8820703E+03  0.0000000E+00  0.0000000E+00  0.0000000E+00  0.0000000E+00  0.0000000E+00  9.7428740E+03  3.5788347E-03
     1.0600000E+03    236.4689370  8.4140670E+06 -8.0470000E+03  0.0000000E+00  7.5278452E+03  6.2768325E-02  0.0000000E+00  2.3546418E+03  2.8742102E+03  0.0000000E+00  0.0000000E+00  0.0000000E+00  0.0000000E+00  0.0000000E+00  9.7134229E+03 -3.3750464E-03
     1.0610000E+03    236.4589729  8.4067290E+06 -7.3380000E+03  0.0000000E+00  6.8187102E+03  6.2670507E-02  0.0000000E+00  2.3483103E+03  2.8680386E+03  0.0000000E+00  0.0000000E+00  0.0000000E+00  0.0000000E+00  0.0000000E+00  9.6844766E+03 -3.8712681E-03
     1.0620000E+03    236.4481824  8.3987820E+06 -7.9470000E+03  0.0000000E+00  7.4290205E+03  6.2572889E-02  0.0000000E+00  2.3422576E+03  2.8603499E+03  0.0000000E+00  0.0000000E+00  0.0000000E+00  0.0000000E+00  0.0000000E+00  9.6557773E+03 -4.8404021E-04
     1.0630000E+03    236.4392971  8.3922380E+06 -6.5440000E+03  0.0000000E+00  6.0236867E+03  6.2475465E-02  0.0000000E+00  2.3359658E+03  2.8562603E+03  0.0000000E+00  0.0000000E+00  0.0000000E+00  0.0000000E+00  0.0000000E+00  9.6278301E+03  9.1278343E-04
     1.0640000E+03    236.4305803  8.3858180E+06 -6.4200000E+03  0.0000000E+00  5.8964901E+03  6.2378231E-02  0.0000000E+00  2.3294963E+03  2.8527910E+03  0.0000000E+00  0.0000000E+00  0.0000000E+00  0.0000000E+00  0.0000000E+00  9.6002061E+03  3.1699033E-03
     1.0650000E+03    236.4219433  8.3794570E+06 -6.3610000E+03  0.0000000E+00  5.8354595E+03  6.2281188E-02  0.0000000E+00  2.3231448E+03  2.8488113E+03  0.0000000E+00  0.0000000E+00  0.0000000E+00  0.0000000E+00  0.0000000E+00  9.5733262E+03 -7.3093717E-04
     1.0660000E+03    236.4120283  8.3721550E+06 -7.3020000E+03  0.0000000E+00  6.7776879E+03  6.2184338E-02  0.0000000E+00  2.3171350E+03  2.8416792E+03  0.0000000E+00  0.0000000E+00  0.0000000E+00  0.0000000E+00  0.0000000E+00  9.5464688E+03 -1.7664558E-03
     1.0670000E+03    236.4016442  8.3645070E+06 -7.6480000E+03  0.0000000E+00  7.1262751E+03  6.2087674E-02  0.0000000E+00  2.3115303E+03  2.8331008E+03  0.0000000E+00  0.0000000E+00  0.0000000E+00  0.0000000E+00  0.0000000E+00  9.5198770E+03  2.1719092E-03
     1.0680000E+03    236.3920494  8.3574405E+06 -7.0665000E+03  0.0000000E+00  6.5459865E+03  6.1991200E-02  0.0000000E+00  2.3059185E+03  2.8263665E+03  0.0000000E+00  0.0000000E+00  0.0000000E+00  0.0000000E+00  0.0000000E+00  9.4935469E+03  1.3649688E-03
     1.0690000E+03    236.3834625  8.3511165E+06 -6.3240000E+03  0.0000000E+00  5.8021392E+03  6.1894923E-02  0.0000000E+00  2.3000327E+03  2.8221052E+03  0.0000000E+00  0.0000000E+00  0.0000000E+00  0.0000000E+00  0.0000000E+00  9.4673740E+03 -1.7324887E-03
     1.0700000E+03    236.3748655  8.3447850E+06 -6.3315000E+03  0.0000000E+00  5.8082157E+03  6.1798830E-02  0.0000000E+00  2.2944434E+03  2.8177925E+03  0.0000000E+00  0.0000000E+00  0.0000000E+00  0.0000000E+00  0.0000000E+00  9.4424512E+03 -3.3963424E-05
     1.0710000E+03    236.3638292  8.3366570E+06 -8.1280000E+03  0.0000000E+00  7.6096581E+03  6.1702929E-02  0.0000000E+00  2.2895322E+03  2.8080164E+03  0.0000000E+00  0.0000000E+00  0.0000000E+00  0.0000000E+00  0.0000000E+00  9.4173691E+03 -7.7804970E-04
     1.0720000E+03    236.3535975  8.3291215E+06 -7.5355000E+03  0.0000000E+00  7.0207752E+03  6.1607223E-02  0.0000000E+00  2.2846238E+03  2.7994043E+03  0.0000000E+00  0.0000000E+00  0.0000000E+00  0.0000000E+00  0.0000000E+00  9.3920010E+03  5.9666680E-05
     1.0730000E+03    236.3445256  8.3224400E+06 -6.6815000E+03  0.0000000E+00  6.1669583E+03  6.1511692E-02  0.0000000E+00  2.2795530E+03  2.7939729E+03  0.0000000E+00  0.0000000E+00  0.0000000E+00  0.0000000E+00  0.0000000E+00  9.3670586E+03  2.0379263E-03
     1.0740000E+03    236.3337610  8.3145120E+06 -7.9280000E+03  0.0000000E+00  7.4175065E+03  6.1416361E-02  0.0000000E+00  2.2748945E+03  2.7853511E+03  0.0000000E+00  0.0000000E+00  0.0000000E+00  0.0000000E+00  0.0000000E+00  9.3420273E+03  9.6671755E-04
     1.0750000E+03    236.3239388  8.3072780E+06 -7.2340000E+03  0.0000000E+00  6.7259462E+03  6.1321210E-02  0.0000000E+00  2.2701377E+03  2.7781902E+03  0.0000000E+00  0.0000000E+00  0.0000000E+00  0.0000000E+00  0.0000000E+00  9.3169043E+03  6.5760838E-04
     1.0760000E+03    236.3155877  8.3011280E+06 -6.1500000E+03  0.0000000E+00  5.6408889E+03  6.1226249E-02  0.0000000E+00  2.2649055E+03  2.7745396E+03  0.0000000E+00  0.0000000E+00  0.0000000E+00  0.0000000E+00  0.0000000E+00  9.2918203E+03 -5.4772915E-03
     1.0770000E+03    236.3070198  8.2948175E+06 -6.3105000E+03  0.0000000E+00  5.7991906E+03  6.1131470E-02  0.0000000E+00  2.2595217E+03  2.7704868E+03  0.0000000E+00  0.0000000E+00  0.0000000E+00  0.0000000E+00  0.0000000E+00  9.2666777E+03  4.7291559E-03
     1.0780000E+03    236.2979239  8.2881185E+06 -6.6990000E+03  0.0000000E+00  6.1885897E+03  6.1036885E-02  0.0000000E+00  2.2546675E+03  2.7651309E+03  0.0000000E+00  0.0000000E+00  0.0000000E+00  0.0000000E+00  0.0000000E+00  9.2420293E+03  8.7254230E-05
     1.0790000E+03    236.2897298  8.2820840E+06 -6.0345000E+03  0.0000000E+00  5.5233277E+03  6.0942478E-02  0.0000000E+00  2.2498000E+03  2.7613115E+03  0.0000000E+00  0.0000000E+00  0.0000000E+00  0.0000000E+00  0.0000000E+00  9.2178623E+03 -3.3476867E-03
     1.0800000E+03    236.2823035  8.2766145E+06 -5.4695000E+03  0.0000000E+00  4.9550959E+03  6.0848255E-02  0.0000000E+00  2.2447571E+03  2.7590559E+03  0.0000000E+00  0.0000000E+00  0.0000000E+00  0.0000000E+00  0.0000000E+00  9.1942637E+03  2.1584216E-03
     1.0810000E+03    236.2753860  8.2715200E+06 -5.0945000E+03  0.0000000E+00  4.5766458E+03  6.0754228E-02  0.0000000E+00  2.2394551E+03  2.7575403E+03  0.0000000E+00  0.0000000E+00  0.0000000E+00  0.0000000E+00  0.0000000E+00  9.1708330E+03 -2.3301621E-03
     1.0820000E+03    236.2674432  8.2656700E+06 -5.8500000E+03  0.0000000E+00  5.3308177E+03  6.0660381E-02  0.0000000E+00  2.2345156E+03  2.7534924E+03  0.0000000E+00  0.0000000E+00  0.0000000E+00  0.0000000E+00  0.0000000E+00  9.1480469E+03  3.2856853E-03
     1.0830000E+03    236.2586739  8.2592115E+06 -6.4585000E+03  0.0000000E+00  5.9408586E+03  6.0566705E-02  0.0000000E+00  2.2294961E+03  2.7471228E+03  0.0000000E+00  0.0000000E+00  0.0000000E+00  0.0000000E+00  0.0000000E+00  9.1247412E+03  8.6550962E-04
     1.0840000E+03    236.2494259  8.2524005E+06 -6.8110000E+03  0.0000000E+00  6.2954706E+03  6.0473219E-02  0.0000000E+00  2.2241184E+03  2.7397134E+03  0.0000000E+00  0.0000000E+00  0.0000000E+00  0.0000000E+00  0.0000000E+00  9.1001152E+03 -5.4042204E-05
     1.0850000E+03    236.2393959  8.2450140E+06 -7.3865000E+03  0.0000000E+00  6.8752073E+03  6.0379926E-02  0.0000000E+00  2.2193230E+03  2.7310125E+03  0.0000000E+00  0.0000000E+00  0.0000000E+00  0.0000000E+00  0.0000000E+00  9.0757891E+03 -3.5021661E-03
     1.0860000E+03    236.2296508  8.2378365E+06 -7.1775000E+03  0.0000000E+00  6.6685878E+03  6.0286805E-02  0.0000000E+00  2.2146421E+03  2.7232900E+03  0.0000000E+00  0.0000000E+00  0.0000000E+00  0.0000000E+00  0.0000000E+00  9.0530146E+03  3.4521185E-03
     1.0870000E+03    236.2199724  8.2307085E+06 -7.1280000E+03  0.0000000E+00  6.6216832E+03  6.0193863E-02  0.0000000E+00  2.2099324E+03  2.7162217E+03  0.0000000E+00  0.0000000E+00  0.0000000E+00  0.0000000E+00  0.0000000E+00  9.0303291E+03  9.4645331E-04
     1.0880000E+03    236.2093536  8.2228880E+06 -7.8205000E+03  0.0000000E+00  7.3184394E+03  6.0101110E-02  0.0000000E+00  2.2053105E+03  2.7075513E+03  0.0000000E+00  0.0000000E+00  0.0000000E+00  0.0000000E+00  0.0000000E+00  9.0066973E+03 -1.1931879E-03
     1.0890000E+03    236.2006941  8.2165105E+06 -6.3775000E+03  0.0000000E+00  5.8755374E+03  6.0008537E-02  0.0000000E+00  2.2004614E+03  2.7025818E+03  0.0000000E+00  0.0000000E+00  0.0000000E+00  0.0000000E+00  0.0000000E+00  8.9834609E+03 -1.1384343E-03
     1.0900000E+03    236.1945767  8.2120050E+06 -4.5055000E+03  0.0000000E+00  3.9970762E+03  5.9916142E-02  0.0000000E+00  2.1950537E+03  2.7033977E+03  0.0000000E+00  0.0000000E+00  0.0000000E+00  0.0000000E+00  0.0000000E+00  8.9612754E+03  2.0841577E-03
     1.0910000E+03    236.1874553  8.2067605E+06 -5.2445000E+03  0.0000000E+00  4.7322287E+03  5.9823934E-02  0.0000000E+00  2.1895842E+03  2.7021819E+03  0.0000000E+00  0.0000000E+00  0.0000000E+00  0.0000000E+00  0.0000000E+00  8.9393232E+03 -3.5794808E-03
     1.0920000E+03    236.1796124  8.2009840E+06 -5.7765000E+03  0.0000000E+00  5.2626754E+03  5.9731890E-02  0.0000000E+00  2.1846877E+03  2.6982068E+03  0.0000000E+00  0.0000000E+00  0.0000000E+00  0.0000000E+00  0.0000000E+00  8.9186631E+03  4.5939968E-03
     1.0930000E+03    236.1707502  8.1944575E+06 -6.5265000E+03  0.0000000E+00  6.0153821E+03  5.9640031E-02  0.0000000E+00  2.1801265E+03  2.6917026E+03  0.0000000E+00  0.0000000E+00  0.0000000E+00  0.0000000E+00  0.0000000E+00  8.8980830E+03 -4.5704073E-03
     1.0940000E+03    236.1624151  8.1883185E+06 -6.1390000E+03  0.0000000E+00  5.6281963E+03  5.9548352E-02  0.0000000E+00  2.1755193E+03  2.6860513E+03  0.0000000E+00  0.0000000E+00  0.0000000E+00  0.0000000E+00  0.0000000E+00  8.8773457E+03  3.9817756E-03
     1.0950000E+03    236.1553057  8.1830825E+06 -5.2360000E+03  0.0000000E+00  4.7235329E+03  5.9456859E-02  0.0000000E+00  2.1707158E+03  2.6831892E+03  0.0000000E+00  0.0000000E+00  0.0000000E+00  0.0000000E+00  0.0000000E+00  8.8570781E+03  7.2516478E-04
     1.0960000E+03    236.1486372  8.1781715E+06 -4.9110000E+03  0.0000000E+00  4.3957361E+03  5.9365533E-02  0.0000000E+00  2.1657595E+03  2.6813586E+03  0.0000000E+00  0.0000000E+00  0.0000000E+00  0.0000000E+00  0.0000000E+00  8.8371562E+03 -3.8981943E-03
     1.0970000E+03    236.1424395  8.1736070E+06 -4.5645000E+03  0.0000000E+00  4.0449579E+03  5.9274387E-02  0.0000000E+00  2.1604624E+03  2.6800476E+03  0.0000000E+00  0.0000000E+00  0.0000000E+00  0.0000000E+00  0.0000000E+00  8.8170234E+03  2.3234180E-04
     1.0980000E+03    236.1485668  8.1781195E+06  4.5125000E+03  6.8517796E+03  1.8652893E+03  7.5592278E+01  0.0000000E+00  2.1532771E+03  2.7026904E+03  0.0000000E+00  0.0000000E+00  0.0000000E+00  0.0000000E+00  0.0000000E+00  8.8024121E+03  1.8712524E-03
     1.0990000E+03    236.2108683  8.2240035E+06  4.5884000E+04  4.4896772E+04  1.7383774E+03  3.4287021E+03  0.0000000E+00  2.1379529E+03  2.8410317E+03  0.0000000E+00  0.0000000E+00  0.0000000E+00  0.0000000E+00  0.0000000E+00  8.8173291E+03  3.8703769E-05
     1.1000000E+03    236.2058379  8.2202990E+06 -3.7045000E+03  0.0000000E+00  3.0450208E+03  4.9572521E+01  0.0000000E+00  2.1309065E+03  2.8402678E+03  0.0000000E+00  0.0000000E+00  0.0000000E+00  0.0000000E+00  0.0000000E+00  8.8294043E+03 -5.2600703E-03
     1.1010000E+03    236.2150186  8.2270605E+06  6.7615000E+03  8.7305594E+03  1.3948610E+03  1.4200116E+02  0.0000000E+00  2.1242314E+03  2.8404580E+03  0.0000000E+00  0.0000000E+00  0.0000000E+00  0.0000000E+00  0.0000000E+00  8.8379570E+03 -2.4865207E-04
     1.1020000E+03    236.2094042  8.2229255E+06 -4.1350000E+03  0.0000000E+00  3.4352820E+03  1.9862247E+00  0.0000000E+00  2.1194158E+03  2.8209409E+03  0.0000000E+00  0.0000000E+00  0.0000000E+00  0.0000000E+00  0.0000000E+00  8.8402451E+03  2.8721404E-03
     1.1030000E+03    236.2031593  8.2183260E+06 -4.5995000E+03  0.0000000E+00  3.9160043E+03  2.6844481E-01  0.0000000E+00  2.1154507E+03  2.7989971E+03  0.0000000E+00  0.0000000E+00  0.0000000E+00  0.0000000E+00  0.0000000E+00  8.8372891E+03  3.2430885E-03
     1.1040000E+03    236.1965580  8.2134645E+06 -4.8615000E+03  0.0000000E+00  4.2140171E+03  7.1319103E-02  0.0000000E+00  2.1338926E+03  2.7817104E+03  0.0000000E+00  0.0000000E+00  0.0000000E+00  0.0000000E+00  0.0000000E+00  8.8879609E+03 -3.7690415E-03
     1.1050000E+03    236.2054458  8.2200100E+06  6.5455000E+03  9.9761169E+03  2.9955182E+03  1.6241338E+02  0.0000000E+00  2.2018865E+03  2.7991611E+03  0.0000000E+00  0.0000000E+00  0.0000000E+00  0.0000000E+00  0.0000000E+00  9.0394033E+03  1.9269444E-03
     1.1060000E+03    236.2011590  8.2168530E+06 -3.1570000E+03  1.2469214E+03  3.8556494E+03  1.9513849E+01  0.0000000E+00  2.2266936E+03  2.7946389E+03  0.0000000E+00  0.0000000E+00  0.0000000E+00  0.0000000E+00  0.0000000E+00  9.0961104E+03 -2.3935759E-03
     1.1070000E+03    236.1952112  8.2124725E+06 -4.3805000E+03  0.0000000E+00  3.8340913E+03  1.7532866E-01  0.0000000E+00  2.2351660E+03  2.7817122E+03  0.0000000E+00  0.0000000E+00  0.0000000E+00  0.0000000E+00  0.0000000E+00  9.1156836E+03  5.6830066E-04
     1.1080000E+03    236.1887908  8.2077440E+06 -4.7285000E+03  0.0000000E+00  4.1939202E+03  8.1786849E-02  0.0000000E+00  2.2353003E+03  2.7699355E+03  0.0000000E+00  0.0000000E+00  0.0000000E+00  0.0000000E+00  0.0000000E+00  9.1128447E+03  3.7862913E-04
     1.1090000E+03    236.1821998  8.2028895E+06 -4.8545000E+03  0.0000000E+00  4.3184038E+03  8.1611417E-02  0.0000000E+00  2.2239949E+03  2.7598955E+03  0.0000000E+00  0.0000000E+00  0.0000000E+00  0.0000000E+00  0.0000000E+00  9.0885186E+03  3.9182259E-03
     1.1100000E+03    236.1758298  8.1981985E+06 -4.6910000E+03  0.0000000E+00  4.1538044E+03  8.1476629E-02  0.0000000E+00  2.2142471E+03  2.7518750E+03  0.0000000E+00  0.0000000E+00  0.0000000E+00  0.0000000E+00  0.0000000E+00  9.0653945E+03 -5.0767772E-03
     1.1110000E+03    236.1697259  8.1937030E+06 -4.4955000E+03  0.0000000E+00  3.9535535E+03  8.1346132E-02  0.0000000E+00  2.2037053E+03  2.7455715E+03  0.0000000E+00  0.0000000E+00  0.0000000E+00  0.0000000E+00  0.0000000E+00  9.0387930E+03  2.4125702E-03
     1.1120000E+03    236.1633645  8.1890180E+06 -4.6850000E+03  0.0000000E+00  4.1386413E+03  8.1216298E-02  0.0000000E+00  2.1929399E+03  2.7395095E+03  0.0000000E+00  0.0000000E+00  0.0000000E+00  0.0000000E+00  0.0000000E+00  9.0115371E+03 -1.8741412E-03
     1.1130000E+03    236.1568617  8.1842285E+06 -4.7895000E+03  0.0000000E+00  4.2357962E+03  8.1086785E-02  0.0000000E+00  2.1804329E+03  2.7339070E+03  0.0000000E+00  0.0000000E+00  0.0000000E+00  0.0000000E+00  0.0000000E+00  8.9811982E+03  4.4556689E-03
     1.1140000E+03    236.1516803  8.1804125E+06 -3.8160000E+03  0.0000000E+00  3.2531819E+03  8.0957547E-02  0.0000000E+00  2.1683906E+03  2.7312617E+03  0.0000000E+00  0.0000000E+00  0.0000000E+00  0.0000000E+00  0.0000000E+00  8.9507637E+03  4.7323218E-04
     1.1150000E+03    236.1464570  8.1765660E+06 -3.8465000E+03  0.0000000E+00  3.2748382E+03  8.0828547E-02  0.0000000E+00  2.1567437E+03  2.7288901E+03  0.0000000E+00  0.0000000E+00  0.0000000E+00  0.0000000E+00  0.0000000E+00  8.9207432E+03 -6.7300303E-03
     1.1160000E+03    236.1410557  8.1725880E+06 -3.9780000E+03  0.0000000E+00  3.3991126E+03  8.0699831E-02  0.0000000E+00  2.1469309E+03  2.7258408E+03  0.0000000E+00  0.0000000E+00  0.0000000E+00  0.0000000E+00  0.0000000E+00  8.8941406E+03  9.5664000E-04
     1.1170000E+03    236.1354621  8.1684680E+06 -4.1200000E+03  0.0000000E+00  3.5356327E+03  8.0571368E-02  0.0000000E+00  2.1381130E+03  2.7221865E+03  0.0000000E+00  0.0000000E+00  0.0000000E+00  0.0000000E+00  0.0000000E+00  8.8694658E+03  5.9768972E-03
     1.1180000E+03    236.1296384  8.1641790E+06 -4.2890000E+03  0.0000000E+00  3.7012916E+03  8.0443174E-02  0.0000000E+00  2.1301511E+03  2.7179854E+03  0.0000000E+00  0.0000000E+00  0.0000000E+00  0.0000000E+00  0.0000000E+00  8.8459404E+03 -7.0740300E-04
     1.1190000E+03    236.1242184  8.1601875E+06 -3.9915000E+03  0.0000000E+00  3.4061798E+03  8.0315232E-02  0.0000000E+00  2.1280869E+03  2.7137327E+03  0.0000000E+00  0.0000000E+00  0.0000000E+00  0.0000000E+00  0.0000000E+00  8.8210771E+03 -4.0092291E-03
     1.1200000E+03    236.1196286  8.1568070E+06 -3.3805000E+03  0.0000000E+00  2.7783605E+03  8.0187559E-02  0.0000000E+00  2.1111814E+03  2.7132061E+03  0.0000000E+00  0.0000000E+00  0.0000000E+00  0.0000000E+00  0.0000000E+00  8.7930410E+03  3.5521442E-03
     1.1210000E+03    236.1153087  8.1536255E+06 -3.1815000E+03  0.0000000E+00  2.5728079E+03  8.0060132E-02  0.0000000E+00  2.1026406E+03  2.7113596E+03  0.0000000E+00  0.0000000E+00  0.0000000E+00  0.0000000E+00  0.0000000E+00  8.7693682E+03  1.0072099E-03
     1.1220000E+03    236.1109709  8.1504310E+06 -3.1945000E+03  0.0000000E+00  2.5787943E+03  7.9932980E-02  0.0000000E+00  2.0946543E+03  2.7100049E+03  0.0000000E+00  0.0000000E+00  0.0000000E+00  0.0000000E+00  0.0000000E+00  8.7474902E+03  8.2214205E-03
     1.1230000E+03    236.1065996  8.1472115E+06 -3.2195000E+03  0.0000000E+00  2.5985787E+03  7.9806082E-02  0.0000000E+00  2.0873271E+03  2.7082334E+03  0.0000000E+00  0.0000000E+00  0.0000000E+00  0.0000000E+00  0.0000000E+00  8.7270859E+03  1.7895999E-03
     1.1240000E+03    236.1015413  8.1434860E+06 -3.7255000E+03  0.0000000E+00  3.1008002E+03  7.9679437E-02  0.0000000E+00  2.0803975E+03  2.7049775E+03  0.0000000E+00  0.0000000E+00  0.0000000E+00  0.0000000E+00  0.0000000E+00  8.7069062E+03  3.4313877E-03
     1.1250000E+03    236.0965739  8.1398275E+06 -3.6585000E+03  0.0000000E+00  3.0411166E+03  7.9553060E-02  0.0000000E+00  2.0829509E+03  2.7003691E+03  0.0000000E+00  0.0000000E+00  0.0000000E+00  0.0000000E+00  0.0000000E+00  8.6864717E+03  7.8666082E-04
     1.1260000E+03    236.0913345  8.1359690E+06 -3.8585000E+03  0.0000000E+00  3.2738765E+03  7.9426929E-02  0.0000000E+00  2.1082107E+03  2.6931201E+03  0.0000000E+00  0.0000000E+00  0.0000000E+00  0.0000000E+00  0.0000000E+00  8.6692861E+03 -3.4614226E-03
     1.1270000E+03    236.0862242  8.1322055E+06 -3.7635000E+03  0.0000000E+00  3.1333522E+03  7.9301052E-02  0.0000000E+00  2.0616755E+03  2.6920378E+03  0.0000000E+00  0.0000000E+00  0.0000000E+00  0.0000000E+00  0.0000000E+00  8.6469766E+03 -2.3218000E-03
     1.1280000E+03    236.0817663  8.1289220E+06 -3.2835000E+03  0.0000000E+00  2.6474800E+03  7.9175435E-02  0.0000000E+00  2.0550527E+03  2.6908281E+03  0.0000000E+00  0.0000000E+00  0.0000000E+00  0.0000000E+00  0.0000000E+00  8.6256865E+03  6.0642897E-03
     1.1290000E+03    236.0955057  8.1390410E+06  1.0119000E+04  1.2815247E+04  2.2705963E+03  2.5119707E+02  0.0000000E+00  2.0469351E+03  2.7238645E+03  0.0000000E+00  0.0000000E+00  0.0000000E+00  0.0000000E+00  0.0000000E+00  8.6163037E+03 -5.4277241E-04
     1.1300000E+03    236.0922566  8.1366480E+06 -2.3930000E+03  0.0000000E+00  1.7161229E+03  8.6483679E+00  0.0000000E+00  2.0410273E+03  2.7264451E+03  0.0000000E+00  0.0000000E+00  0.0000000E+00  0.0000000E+00  0.0000000E+00  8.6069922E+03  2.4290041E-03
     1.1310000E+03    236.1263094  8.1617275E+06  2.5079500E+04  2.5644285E+04  8.8590188E+02  1.0842969E+03  0.0000000E+00  2.0313557E+03  2.7947583E+03  0.0000000E+00  0.0000000E+00  0.0000000E+00  0.0000000E+00  0.0000000E+00  8.6131348E+03 -7.7418890E-04
     1.1320000E+03    236.1226913  8.1590625E+06 -2.6650000E+03  0.0000000E+00  1.9031163E+03  6.2212987E+00  0.0000000E+00  2.0259479E+03  2.7936626E+03  0.0000000E+00  0.0000000E+00  0.0000000E+00  0.0000000E+00  0.0000000E+00  8.6169355E+03  8.3116721E-03
     1.1330000E+03    236.1191849  8.1564805E+06 -2.5820000E+03  0.0000000E+00  1.8281467E+03  3.0127186E-01  0.0000000E+00  2.0221456E+03  2.7766912E+03  0.0000000E+00  0.0000000E+00  0.0000000E+00  0.0000000E+00  0.0000000E+00  8.6157109E+03 -8.4935296E-03
     1.1340000E+03    236.1159200  8.1540755E+06 -2.4050000E+03  0.0000000E+00  1.6567277E+03  5.3488716E-02  0.0000000E+00  2.0172828E+03  2.7651968E+03  0.0000000E+00  0.0000000E+00  0.0000000E+00  0.0000000E+00  0.0000000E+00  8.6093457E+03  9.3196845E-03
     1.1350000E+03    236.1126543  8.1516705E+06 -2.4050000E+03  0.0000000E+00  1.6605045E+03  5.3366855E-02  0.0000000E+00  2.0124316E+03  2.7570908E+03  0.0000000E+00  0.0000000E+00  0.0000000E+00  0.0000000E+00  0.0000000E+00  8.6004092E+03 -2.4980009E-03
     1.1360000E+03    236.1088923  8.1489000E+06 -2.7705000E+03  0.0000000E+00  2.0284403E+03  5.3280495E-02  0.0000000E+00  2.0076974E+03  2.7499446E+03  0.0000000E+00  0.0000000E+00  0.0000000E+00  0.0000000E+00  0.0000000E+00  8.5892080E+03 -2.8100989E-03
     1.1370000E+03    236.1105689  8.1501350E+06  1.2350000E+03  3.0520523E+03  1.1024578E+03  3.7485538E+01  0.0000000E+00  2.0024219E+03  2.7546975E+03  0.0000000E+00  0.0000000E+00  0.0000000E+00  0.0000000E+00  0.0000000E+00  8.5791348E+03 -3.8452933E-03
     1.1380000E+03    236.1069110  8.1474410E+06 -2.6940000E+03  0.0000000E+00  1.9717281E+03  2.0660155E-01  0.0000000E+00  2.0270317E+03  2.7495256E+03  0.0000000E+00  0.0000000E+00  0.0000000E+00  0.0000000E+00  0.0000000E+00  8.5919902E+03 -3.3095022E-04
     1.1390000E+03    236.1027484  8.1443750E+06 -3.0660000E+03  0.0000000E+00  2.3419166E+03  9.6417703E-02  0.0000000E+00  2.0202200E+03  2.7440940E+03  0.0000000E+00  0.0000000E+00  0.0000000E+00  0.0000000E+00  0.0000000E+00  8.6093359E+03  6.0098981E-03
     1.1400000E+03    236.0992949  8.1418315E+06 -2.5435000E+03  0.0000000E+00  1.8344098E+03  9.6186861E-02  0.0000000E+00  2.0302021E+03  2.7393088E+03  0.0000000E+00  0.0000000E+00  0.0000000E+00  0.0000000E+00  0.0000000E+00  8.6307959E+03  1.7401561E-03
     1.1410000E+03    236.0955659  8.1390855E+06 -2.7460000E+03  0.0000000E+00  2.0445067E+03  9.6003458E-02  0.0000000E+00  2.0345269E+03  2.7364788E+03  0.0000000E+00  0.0000000E+00  0.0000000E+00  0.0000000E+00  0.0000000E+00  8.6384072E+03 -7.5831404E-03
     1.1420000E+03    236.0914234  8.1360345E+06 -3.0510000E+03  0.0000000E+00  2.3546434E+03  9.5825195E-02  0.0000000E+00  2.0355385E+03  2.7318423E+03  0.0000000E+00  0.0000000E+00  0.0000000E+00  0.0000000E+00  0.0000000E+00  8.6385977E+03  2.9278721E-03
     1.1430000E+03    236.0912985  8.1359425E+06 -9.2000000E+01  2.4408201E+03  1.8614660E+03  2.9726583E+01  0.0000000E+00  2.0349895E+03  2.7360796E+03  0.0000000E+00  0.0000000E+00  0.0000000E+00  0.0000000E+00  0.0000000E+00  8.6371240E+03 -2.0178907E-04
     1.1440000E+03    236.1078984  8.1481680E+06  1.2225500E+04  1.3428403E+04  7.6847440E+02  3.0889392E+02  0.0000000E+00  2.0308311E+03  2.7741074E+03  0.0000000E+00  0.0000000E+00  0.0000000E+00  0.0000000E+00  0.0000000E+00  8.6405898E+03  2.9108362E-04
     1.1450000E+03    236.1359528  8.1688295E+06  2.0661500E+04  2.1373835E+04  8.3767763E+02  9.3910107E+02  0.0000000E+00  2.0223843E+03  2.8360298E+03  0.0000000E+00  0.0000000E+00  0.0000000E+00  0.0000000E+00  0.0000000E+00  8.6521152E+03  4.6550136E-04
     1.1460000E+03    236.1525079  8.1810220E+06  1.2192500E+04  1.3438864E+04  7.5721665E+02  3.7003296E+02  0.0000000E+00  2.0106730E+03  2.8697424E+03  0.0000000E+00  0.0000000E+00  0.0000000E+00  0.0000000E+00  0.0000000E+00  8.6607490E+03  7.0373673E-04
     1.1470000E+03    236.1492810  8.1786455E+06 -2.3765000E+03  0.0000000E+00  1.5322965E+03  6.0443053E+00  0.0000000E+00  2.0034375E+03  2.8537888E+03  0.0000000E+00  0.0000000E+00  0.0000000E+00  0.0000000E+00  0.0000000E+00  8.6648330E+03 -2.3600913E-03
     1.1480000E+03    236.1459404  8.1761855E+06 -2.4600000E+03  0.0000000E+00  1.6961603E+03  2.9631287E-01  0.0000000E+00  2.0695195E+03  2.8339324E+03  0.0000000E+00  0.0000000E+00  0.0000000E+00  0.0000000E+00  0.0000000E+00  8.8285381E+03 -6.1114747E-03
     1.1490000E+03    236.1458224  8.1760985E+06 -8.7000000E+01  2.4431448E+03  1.9365742E+03  3.5189213E+01  0.0000000E+00  2.1973372E+03  2.8260864E+03  0.0000000E+00  0.0000000E+00  0.0000000E+00  0.0000000E+00  0.0000000E+00  9.0756826E+03  2.2555013E-04
     1.1500000E+03    236.1430644  8.1740670E+06 -2.0315000E+03  0.0000000E+00  1.4649920E+03  6.5904552E-01  0.0000000E+00  2.2503154E+03  2.8172136E+03  0.0000000E+00  0.0000000E+00  0.0000000E+00  0.0000000E+00  0.0000000E+00  9.1677803E+03  6.2771118E-03
     1.1510000E+03    236.1400210  8.1718255E+06 -2.2415000E+03  0.0000000E+00  1.6850708E+03  6.2914535E-02  0.0000000E+00  2.2533799E+03  2.8097852E+03  0.0000000E+00  0.0000000E+00  0.0000000E+00  0.0000000E+00  0.0000000E+00  9.1759424E+03  1.9336339E-03
     1.1520000E+03    236.1372035  8.1697505E+06 -2.0750000E+03  0.0000000E+00  1.5023183E+03  6.2756211E-02  0.0000000E+00  2.2321282E+03  2.8048977E+03  0.0000000E+00  0.0000000E+00  0.0000000E+00  0.0000000E+00  0.0000000E+00  9.1404531E+03 -5.7815405E-04
     1.1530000E+03    236.1343827  8.1676730E+06 -2.0775000E+03  0.0000000E+00  1.4961528E+03  6.5449163E-02  0.0000000E+00  2.2162651E+03  2.7976707E+03  0.0000000E+00  0.0000000E+00  0.0000000E+00  0.0000000E+00  0.0000000E+00  9.1239512E+03  1.7057569E-04
     1.1540000E+03    236.1316908  8.1656905E+06 -1.9825000E+03  0.0000000E+00  1.3993154E+03  6.2563851E-02  0.0000000E+00  2.2105796E+03  2.7938386E+03  0.0000000E+00  0.0000000E+00  0.0000000E+00  0.0000000E+00  0.0000000E+00  9.1309863E+03 -2.9111811E-04
     1.1550000E+03    236.1287846  8.1635505E+06 -2.1400000E+03  0.0000000E+00  1.5582736E+03  6.2466726E-02  0.0000000E+00  2.2080635E+03  2.7902324E+03  0.0000000E+00  0.0000000E+00  0.0000000E+00  0.0000000E+00  0.0000000E+00  9.1374180E+03 -8.7359389E-03
     1.1560000E+03    236.1251954  8.1609070E+06 -2.6435000E+03  0.0000000E+00  2.0654018E+03  6.2374063E-02  0.0000000E+00  2.2107175E+03  2.7887229E+03  0.0000000E+00  0.0000000E+00  0.0000000E+00  0.0000000E+00  0.0000000E+00  9.1432383E+03  3.1887344E-03
     1.1570000E+03    236.1215941  8.1582545E+06 -2.6525000E+03  0.0000000E+00  2.0875923E+03  6.2281996E-02  0.0000000E+00  2.2170488E+03  2.7818274E+03  0.0000000E+00  0.0000000E+00  0.0000000E+00  0.0000000E+00  0.0000000E+00  9.1474561E+03  3.9257677E-03
     1.1580000E+03    236.1179019  8.1555355E+06 -2.7190000E+03  0.0000000E+00  2.1686716E+03  6.2190149E-02  0.0000000E+00  2.2274470E+03  2.7781094E+03  0.0000000E+00  0.0000000E+00  0.0000000E+00  0.0000000E+00  0.0000000E+00  9.1530127E+03 -5.4979720E-03
     1.1590000E+03    236.1151350  8.1534975E+06 -2.0380000E+03  0.0000000E+00  1.4915321E+03  6.2098473E-02  0.0000000E+00  2.2304495E+03  2.7767866E+03  0.0000000E+00  0.0000000E+00  0.0000000E+00  0.0000000E+00  0.0000000E+00  9.1453164E+03  4.5129466E-03
     1.1600000E+03    236.1122521  8.1513745E+06 -2.1230000E+03  0.0000000E+00  1.5988981E+03  6.2006965E-02  0.0000000E+00  2.2485588E+03  2.7729185E+03  0.0000000E+00  0.0000000E+00  0.0000000E+00  0.0000000E+00  0.0000000E+00  9.1304668E+03 -4.4731209E-03
     1.1610000E+03    236.1101534  8.1498290E+06 -1.5455000E+03  0.0000000E+00  1.0202752E+03  6.1915632E-02  0.0000000E+00  2.2459133E+03  2.7713076E+03  0.0000000E+00  0.0000000E+00  0.0000000E+00  0.0000000E+00  0.0000000E+00  9.1142451E+03 -2.8331671E-03
     1.1620000E+03    236.1078493  8.1481320E+06 -1.6970000E+03  0.0000000E+00  1.1449091E+03  6.1824463E-02  0.0000000E+00  2.2200786E+03  2.7721169E+03  0.0000000E+00  0.0000000E+00  0.0000000E+00  0.0000000E+00  0.0000000E+00  9.0952217E+03  2.9169531E-03
     1.1630000E+03    236.1056865  8.1465390E+06 -1.5930000E+03  0.0000000E+00  1.0363032E+03  6.1733466E-02  0.0000000E+00  2.2159824E+03  2.7725820E+03  0.0000000E+00  0.0000000E+00  0.0000000E+00  0.0000000E+00  0.0000000E+00  9.0778984E+03  4.1727577E-03
     1.1640000E+03    236.1035757  8.1449845E+06 -1.5545000E+03  0.0000000E+00  9.9419789E+02  6.1642632E-02  0.0000000E+00  2.2123345E+03  2.7727544E+03  0.0000000E+00  0.0000000E+00  0.0000000E+00  0.0000000E+00  0.0000000E+00  9.0617744E+03 -1.4906572E-03
     1.1650000E+03    236.1013234  8.1433255E+06 -1.6590000E+03  0.0000000E+00  1.0950408E+03  6.1551977E-02  0.0000000E+00  2.2085430E+03  2.7723813E+03  0.0000000E+00  0.0000000E+00  0.0000000E+00  0.0000000E+00  0.0000000E+00  9.0457666E+03  4.7156229E-03
     1.1660000E+03    236.0988066  8.1414720E+06 -1.8535000E+03  0.0000000E+00  1.2881118E+03  6.1461490E-02  0.0000000E+00  2.2057944E+03  2.7713154E+03  0.0000000E+00  0.0000000E+00  0.0000000E+00  0.0000000E+00  0.0000000E+00  9.0325264E+03 -1.7561360E-03
     1.1670000E+03    236.0962813  8.1396120E+06 -1.8600000E+03  0.0000000E+00  1.2875846E+03  6.1371163E-02  0.0000000E+00  2.2027314E+03  2.7706970E+03  0.0000000E+00  0.0000000E+00  0.0000000E+00  0.0000000E+00  0.0000000E+00  9.0185576E+03  1.1115508E-01
     1.1680000E+03    236.0943843  8.1382150E+06 -1.3970000E+03  0.0000000E+00  8.2689497E+02  6.1281007E-02  0.0000000E+00  2.1999331E+03  2.7702249E+03  0.0000000E+00  0.0000000E+00  0.0000000E+00  0.0000000E+00  0.0000000E+00  9.0052090E+03 -3.4885765E-03
     1.1690000E+03    236.0919599  8.1364295E+06 -1.7855000E+03  0.0000000E+00  1.2116857E+03  6.1191019E-02  0.0000000E+00  2.1963604E+03  2.7702585E+03  0.0000000E+00  0.0000000E+00  0.0000000E+00  0.0000000E+00  0.0000000E+00  8.9902725E+03 -5.7020079E-04
     1.1700000E+03    236.0967230  8.1399375E+06  3.5080000E+03  5.4328125E+03  1.4174772E+03  8.2943520E+01  0.0000000E+00  2.1921838E+03  2.7824216E+03  0.0000000E+00  0.0000000E+00  0.0000000E+00  0.0000000E+00  0.0000000E+00  8.9796143E+03  5.3212175E-04
     1.1710000E+03    236.0947008  8.1384480E+06 -1.4895000E+03  0.0000000E+00  8.9144544E+02  1.8189242E+00  0.0000000E+00  2.1834651E+03  2.7831780E+03  0.0000000E+00  0.0000000E+00  0.0000000E+00  0.0000000E+00  0.0000000E+00  8.9619717E+03  4.3650838E-03
     1.1720000E+03    236.0923265  8.1366995E+06 -1.7485000E+03  0.0000000E+00  1.1611282E+03  2.3247486E-01  0.0000000E+00  2.1910940E+03  2.7788169E+03  0.0000000E+00  0.0000000E+00  0.0000000E+00  0.0000000E+00  0.0000000E+00  8.9447637E+03 -3.0115228E-03
     1.1730000E+03    236.0898682  8.1348890E+06 -1.8105000E+03  0.0000000E+00  1.2273673E+03  3.3196073E-02  0.0000000E+00  2.1916355E+03  2.7748245E+03  0.0000000E+00  0.0000000E+00  0.0000000E+00  0.0000000E+00  0.0000000E+00  8.9319473E+03 -5.7951640E-04
     1.1740000E+03    236.0872985  8.1329965E+06 -1.8925000E+03  0.0000000E+00  1.2787691E+03  3.3131927E-02  0.0000000E+00  2.1604885E+03  2.7743220E+03  0.0000000E+00  0.0000000E+00  0.0000000E+00  0.0000000E+00  0.0000000E+00  8.9109971E+03 -1.7167163E-03
     1.1750000E+03    236.0847680  8.1311330E+06 -1.8635000E+03  0.0000000E+00  1.2639479E+03  3.3085328E-02  0.0000000E+00  2.1697932E+03  2.7695398E+03  0.0000000E+00  0.0000000E+00  0.0000000E+00  0.0000000E+00  0.0000000E+00  8.8921953E+03 -4.0009283E-03
     1.1760000E+03    236.0824537  8.1294285E+06 -1.7045000E+03  0.0000000E+00  1.1806128E+03  3.3040542E-02  0.0000000E+00  2.1388914E+03  2.7749343E+03  0.0000000E+00  0.0000000E+00  0.0000000E+00  0.0000000E+00  0.0000000E+00  8.8661338E+03 -2.8345714E+00
     1.1770000E+03    236.0795923  8.1273210E+06 -2.1075000E+03  0.0000000E+00  1.4960389E+03  3.2996003E-02  0.0000000E+00  2.1483123E+03  2.7596638E+03  0.0000000E+00  0.0000000E+00  0.0000000E+00  0.0000000E+00  0.0000000E+00  8.8490244E+03  3.3502840E-03
     1.1780000E+03    236.0774634  8.1257530E+06 -1.5680000E+03  0.0000000E+00  9.2965124E+02  3.2951556E-02  0.0000000E+00  2.1180132E+03  2.7563518E+03  0.0000000E+00  0.0000000E+00  0.0000000E+00  0.0000000E+00  0.0000000E+00  8.8263262E+03  1.1723510E-03
     1.1790000E+03    236.0752762  8.1241425E+06 -1.6105000E+03  0.0000000E+00  9.8101387E+02  3.2907180E-02  0.0000000E+00  2.1230835E+03  2.7528877E+03  0.0000000E+00  0.0000000E+00  0.0000000E+00  0.0000000E+00  0.0000000E+00  8.8071016E+03 -7.6369513E-03
     1.1800000E+03    236.0734153  8.1227720E+06 -1.3705000E+03  0.0000000E+00  7.3450390E+02  3.2862879E-02  0.0000000E+00  2.1147314E+03  2.7507942E+03  0.0000000E+00  0.0000000E+00  0.0000000E+00  0.0000000E+00  0.0000000E+00  8.7879170E+03 -9.6667215E-04
     1.1810000E+03    236.0712536  8.1211795E+06 -1.5925000E+03  0.0000000E+00  1.0236901E+03  3.2818645E-02  0.0000000E+00  2.0823206E+03  2.7584019E+03  0.0000000E+00  0.0000000E+00  0.0000000E+00  0.0000000E+00  0.0000000E+00  8.7609424E+03 -2.8354352E+00
     1.1820000E+03    236.0686736  8.1192795E+06 -1.9000000E+03  0.0000000E+00  1.2425501E+03  3.2774478E-02  0.0000000E+00  2.0896370E+03  2.7472517E+03  0.0000000E+00  0.0000000E+00  0.0000000E+00  0.0000000E+00  0.0000000E+00  8.7431152E+03 -3.3104422E-03
     1.1830000E+03    236.0659710  8.1172890E+06 -1.9905000E+03  0.0000000E+00  1.3059934E+03  3.2730389E-02  0.0000000E+00  2.0619675E+03  2.7464497E+03  0.0000000E+00  0.0000000E+00  0.0000000E+00  0.0000000E+00  0.0000000E+00  8.7204248E+03  1.4097398E-03
     1.1840000E+03    236.0626688  8.1148570E+06 -2.4320000E+03  0.0000000E+00  1.7366665E+03  3.2686368E-02  0.0000000E+00  2.0498459E+03  2.7452454E+03  0.0000000E+00  0.0000000E+00  0.0000000E+00  0.0000000E+00  0.0000000E+00  8.6971582E+03 -7.4627221E-04
     1.1850000E+03    236.0593112  8.1123845E+06 -2.4725000E+03  0.0000000E+00  1.7983217E+03  3.2642417E-02  0.0000000E+00  2.0647603E+03  2.7392725E+03  0.0000000E+00  0.0000000E+00  0.0000000E+00  0.0000000E+00  0.0000000E+00  8.6782988E+03 -6.6394112E-03
     1.1860000E+03    236.0565569  8.1103560E+06 -2.0285000E+03  0.0000000E+00  1.3507853E+03  3.2598536E-02  0.0000000E+00  2.0585977E+03  2.7363586E+03  0.0000000E+00  0.0000000E+00  0.0000000E+00  0.0000000E+00  0.0000000E+00  8.6591025E+03 -3.3450924E-04
     1.1870000E+03    236.0540243  8.1084905E+06 -1.8655000E+03  0.0000000E+00  1.1473438E+03  3.2554727E-02  0.0000000E+00  2.0206072E+03  2.7385063E+03  0.0000000E+00  0.0000000E+00  0.0000000E+00  0.0000000E+00  0.0000000E+00  8.6352168E+03  7.4545555E-03
     1.1880000E+03    236.0513670  8.1065335E+06 -1.9570000E+03  0.0000000E+00  1.2302179E+03  3.2510988E-02  0.0000000E+00  2.0110248E+03  2.7378447E+03  0.0000000E+00  0.0000000E+00  0.0000000E+00  0.0000000E+00  0.0000000E+00  8.6141143E+03 -1.3228177E-04
     1.1890000E+03    236.0485229  8.1044390E+06 -2.0945000E+03  0.0000000E+00  1.3576410E+03  3.2467317E-02  0.0000000E+00  2.0015117E+03  2.7385864E+03  0.0000000E+00  0.0000000E+00  0.0000000E+00  0.0000000E+00  0.0000000E+00  8.5931094E+03 -4.4760602E-03
     1.1900000E+03    236.0455414  8.1022430E+06 -2.1960000E+03  0.0000000E+00  1.4771179E+03  3.2423720E-02  0.0000000E+00  2.0153354E+03  2.7340786E+03  0.0000000E+00  0.0000000E+00  0.0000000E+00  0.0000000E+00  0.0000000E+00  8.5764912E+03  4.0755845E-03
     1.1910000E+03    236.0422489  8.0998180E+06 -2.4250000E+03  0.0000000E+00  1.6747628E+03  3.2380190E-02  0.0000000E+00  1.9843788E+03  2.7345288E+03  0.0000000E+00  0.0000000E+00  0.0000000E+00  0.0000000E+00  0.0000000E+00  8.5538115E+03  2.7131096E-03
     1.1920000E+03    236.0385603  8.0971015E+06 -2.7165000E+03  0.0000000E+00  1.9595279E+03  3.2336731E-02  0.0000000E+00  1.9749965E+03  2.7320903E+03  0.0000000E+00  0.0000000E+00  0.0000000E+00  0.0000000E+00  0.0000000E+00  8.5312588E+03 -1.9045768E-03
     1.1930000E+03    236.0355149  8.0948585E+06 -2.2430000E+03  0.0000000E+00  1.4778114E+03  3.2293335E-02  0.0000000E+00  1.9657847E+03  2.7308936E+03  0.0000000E+00  0.0000000E+00  0.0000000E+00  0.0000000E+00  0.0000000E+00  8.5090010E+03  2.6567888E-03
     1.1940000E+03    236.0318659  8.0921715E+06 -2.6870000E+03  0.0000000E+00  1.9168936E+03  3.2250013E-02  0.0000000E+00  1.9577169E+03  2.7282866E+03  0.0000000E+00  0.0000000E+00  0.0000000E+00  0.0000000E+00  0.0000000E+00  8.4886387E+03 -9.2817144E-03
     1.1950000E+03    236.0288173  8.0899260E+06 -2.2455000E+03  0.0000000E+00  1.4946937E+03  3.2206763E-02  0.0000000E+00  1.9743906E+03  2.7249385E+03  0.0000000E+00  0.0000000E+00  0.0000000E+00  0.0000000E+00  0.0000000E+00  8.4726904E+03  6.8967068E-03
     1.1960000E+03    236.0258964  8.0877750E+06 -2.1510000E+03  0.0000000E+00  1.4010480E+03  3.2163579E-02  0.0000000E+00  1.9723247E+03  2.7225024E+03  0.0000000E+00  0.0000000E+00  0.0000000E+00  0.0000000E+00  0.0000000E+00  8.4564102E+03 -4.6891482E-03
     1.1970000E+03    236.0228606  8.0855390E+06 -2.2360000E+03  0.0000000E+00  1.4485142E+03  3.2120463E-02  0.0000000E+00  1.9372186E+03  2.7245996E+03  0.0000000E+00  0.0000000E+00  0.0000000E+00  0.0000000E+00  0.0000000E+00  8.4348291E+03  3.2820310E-03
     1.1980000E+03    236.0197111  8.0832195E+06 -2.3195000E+03  0.0000000E+00  1.5531805E+03  3.2077413E-02  0.0000000E+00  1.9535604E+03  2.7199104E+03  0.0000000E+00  0.0000000E+00  0.0000000E+00  0.0000000E+00  0.0000000E+00  8.4182930E+03  3.9994105E-05
     1.1990000E+03    236.0167303  8.0810240E+06 -2.1955000E+03  0.0000000E+00  1.3970244E+03  3.2034434E-02  0.0000000E+00  1.9234891E+03  2.7218420E+03  0.0000000E+00  0.0000000E+00  0.0000000E+00  0.0000000E+00  0.0000000E+00  8.3965176E+03  3.7579555E-03
     1.2000000E+03    236.0136890  8.0787845E+06 -2.2395000E+03  0.0000000E+00  1.4360689E+03  3.1991526E-02  0.0000000E+00  1.9166997E+03  2.7205300E+03  0.0000000E+00  0.0000000E+00  0.0000000E+00  0.0000000E+00  0.0000000E+00  8.3770625E+03 -8.8279722E-03
     1.2010000E+03    236.0104558  8.0764030E+06 -2.3815000E+03  0.0000000E+00  1.5984678E+03  3.1948686E-02  0.0000000E+00  1.9346699E+03  2.7174270E+03  0.0000000E+00  0.0000000E+00  0.0000000E+00  0.0000000E+00  0.0000000E+00  8.3618643E+03  7.1218852E-03
     1.2020000E+03    236.0079580  8.0745635E+06 -1.8395000E+03  0.0000000E+00  1.0548696E+03  3.1905912E-02  0.0000000E+00  1.9313008E+03  2.7160605E+03  0.0000000E+00  0.0000000E+00  0.0000000E+00  0.0000000E+00  0.0000000E+00  8.3464297E+03 -2.5864753E-03
     1.2030000E+03    236.0055317  8.0727765E+06 -1.7870000E+03  0.0000000E+00  9.6714174E+02  3.1863205E-02  0.0000000E+00  1.8996229E+03  2.7194045E+03  0.0000000E+00  0.0000000E+00  0.0000000E+00  0.0000000E+00  0.0000000E+00  8.3264648E+03  2.9403791E-03
     1.2040000E+03    236.0029979  8.0709105E+06 -1.8660000E+03  0.0000000E+00  1.0392523E+03  3.1820565E-02  0.0000000E+00  1.8931844E+03  2.7200698E+03  0.0000000E+00  0.0000000E+00  0.0000000E+00  0.0000000E+00  0.0000000E+00  8.3075254E+03 -2.8185141E-03
     1.2050000E+03    236.0000571  8.0687445E+06 -2.1660000E+03  0.0000000E+00  1.3353383E+03  3.1777997E-02  0.0000000E+00  1.8885654E+03  2.7190305E+03  0.0000000E+00  0.0000000E+00  0.0000000E+00  0.0000000E+00  0.0000000E+00  8.2929727E+03  5.6362813E-03
     1.2060000E+03    236.0045891  8.0720825E+06  3.3380000E+03  4.8234674E+03  7.0244681E+02  6.5654694E+01  0.0000000E+00  1.8835968E+03  2.7325378E+03  0.0000000E+00  0.0000000E+00  0.0000000E+00  0.0000000E+00  0.0000000E+00  8.2834844E+03 -3.9255894E-03
     1.2070000E+03    236.0944376  8.1382545E+06  6.6172000E+04  6.2199758E+04  2.0478143E+03  7.0659946E+03  0.0000000E+00  1.8686465E+03  2.9146399E+03  0.0000000E+00  0.0000000E+00  0.0000000E+00  0.0000000E+00  0.0000000E+00  8.3133145E+03 -7.6879121E-05
     1.2080000E+03    236.0939849  8.1379210E+06 -3.3350000E+02  2.4155056E+03  1.7522059E+03  6.7020851E+01  0.0000000E+00  1.8623949E+03  2.9260662E+03  0.0000000E+00  0.0000000E+00  0.0000000E+00  0.0000000E+00  0.0000000E+00  8.3400479E+03  3.1937875E-03
     1.2090000E+03    236.1111550  8.1505665E+06  1.2645500E+04  1.4497380E+04  1.2898576E+03  4.5821222E+02  0.0000000E+00  1.9106403E+03  2.9309189E+03  0.0000000E+00  0.0000000E+00  0.0000000E+00  0.0000000E+00  0.0000000E+00  8.4783633E+03 -2.6055204E-04
     1.2100000E+03    236.1210037  8.1578200E+06  7.2535000E+03  9.6665822E+03  1.7552767E+03  2.6238708E+02  0.0000000E+00  2.0129274E+03  2.9331897E+03  0.0000000E+00  0.0000000E+00  0.0000000E+00  0.0000000E+00  0.0000000E+00  8.7422988E+03 -5.8469956E-04
     1.2110000E+03    236.1174416  8.1551965E+06 -2.6235000E+03  0.0000000E+00  1.8559926E+03  9.5754318E+00  0.0000000E+00  2.1313455E+03  2.9083323E+03  0.0000000E+00  0.0000000E+00  0.0000000E+00  0.0000000E+00  0.0000000E+00  9.0167119E+03  2.0189935E-03
     1.2120000E+03    236.1136100  8.1523745E+06 -2.8220000E+03  0.0000000E+00  2.1856939E+03  6.6151571E-01  0.0000000E+00  2.2473716E+03  2.8842839E+03  0.0000000E+00  0.0000000E+00  0.0000000E+00  0.0000000E+00  0.0000000E+00  9.2411426E+03  1.0979153E-03
     1.2130000E+03    236.1096347  8.1494470E+06 -2.9275000E+03  0.0000000E+00  2.4092993E+03  9.9425100E-02  0.0000000E+00  2.3478643E+03  2.8663831E+03  0.0000000E+00  0.0000000E+00  0.0000000E+00  0.0000000E+00  0.0000000E+00  9.4147910E+03 -4.1510104E-03
     1.2140000E+03    236.1063860  8.1470540E+06 -2.3930000E+03  0.0000000E+00  1.9149021E+03  4.3770362E-02  0.0000000E+00  2.3769072E+03  2.8547009E+03  0.0000000E+00  0.0000000E+00  0.0000000E+00  0.0000000E+00  0.0000000E+00  9.4694111E+03  7.2941161E-03
     1.2150000E+03    236.1034771  8.1449120E+06 -2.1420000E+03  0.0000000E+00  1.6695950E+03  4.3695521E-02  0.0000000E+00  2.3740271E+03  2.8467334E+03  0.0000000E+00  0.0000000E+00  0.0000000E+00  0.0000000E+00  0.0000000E+00  9.4687871E+03 -5.6976425E-03
     1.2160000E+03    236.0999149  8.1422885E+06 -2.6235000E+03  0.0000000E+00  2.1485498E+03  4.3628149E-02  0.0000000E+00  2.3643223E+03  2.8392988E+03  0.0000000E+00  0.0000000E+00  0.0000000E+00  0.0000000E+00  0.0000000E+00  9.4499385E+03  3.4752427E-04
     1.2170000E+03    236.0962325  8.1395760E+06 -2.7125000E+03  0.0000000E+00  2.2361133E+03  4.3561637E-02  0.0000000E+00  2.3567683E+03  2.8327378E+03  0.0000000E+00  0.0000000E+00  0.0000000E+00  0.0000000E+00  0.0000000E+00  9.4286406E+03  9.0887137E-03
     1.2180000E+03    236.0926172  8.1369135E+06 -2.6625000E+03  0.0000000E+00  2.1918444E+03  1.2079218E+01  0.0000000E+00  2.3445833E+03  2.8273945E+03  0.0000000E+00  0.0000000E+00  0.0000000E+00  0.0000000E+00  0.0000000E+00  9.3954424E+03 -1.5321902E-03
     1.2190000E+03    236.0893872  8.1345350E+06 -2.3785000E+03  0.0000000E+00  1.9102596E+03  2.1790068E+01  0.0000000E+00  2.3332146E+03  2.8236111E+03  0.0000000E+00  0.0000000E+00  0.0000000E+00  0.0000000E+00  0.0000000E+00  9.3598652E+03 -7.7308156E-03
     1.2200000E+03    236.0859606  8.1320110E+06 -2.5240000E+03  0.0000000E+00  2.0568172E+03  3.0561771E+01  0.0000000E+00  2.3228162E+03  2.8200613E+03  0.0000000E+00  0.0000000E+00  0.0000000E+00  0.0000000E+00  0.0000000E+00  9.3242197E+03  1.0242447E-02
     1.2210000E+03    236.0830303  8.1298530E+06 -2.1580000E+03  0.0000000E+00  1.6876278E+03  3.3376450E+01  0.0000000E+00  2.3139866E+03  2.8178535E+03  0.0000000E+00  0.0000000E+00  0.0000000E+00  0.0000000E+00  0.0000000E+00  9.2905361E+03 -2.6280922E-03
     1.2220000E+03    236.0798280  8.1274945E+06 -2.3585000E+03  0.0000000E+00  1.8855605E+03  3.4406483E+01  0.0000000E+00  2.3079529E+03  2.8152957E+03  0.0000000E+00  0.0000000E+00  0.0000000E+00  0.0000000E+00  0.0000000E+00  9.2613213E+03  6.2322419E-05
     1.2230000E+03    236.0761958  8.1248195E+06 -2.6750000E+03  0.0000000E+00  2.1956491E+03  2.9347281E+01  0.0000000E+00  2.3030911E+03  2.8118245E+03  0.0000000E+00  0.0000000E+00  0.0000000E+00  0.0000000E+00  0.0000000E+00  9.2337686E+03 -7.0695113E-04
     1.2240000E+03    236.0748039  8.1237945E+06 -1.0250000E+03  2.4385007E+03  3.0215470E+03  7.3743713E+01  0.0000000E+00  2.2971968E+03  2.8129668E+03  0.0000000E+00  0.0000000E+00  0.0000000E+00  0.0000000E+00  0.0000000E+00  9.2076641E+03 -1.2385887E-03
     1.2250000E+03    236.0737027  8.1229835E+06 -8.1100000E+02  1.8288404E+03  2.1792178E+03  6.1947350E+01  0.0000000E+00  2.2925364E+03  2.8151443E+03  0.0000000E+00  0.0000000E+00  0.0000000E+00  0.0000000E+00  0.0000000E+00  9.1865908E+03 -7.6257857E-04
     1.2260000E+03    236.0700969  8.1203280E+06 -2.6555000E+03  0.0000000E+00  2.1920945E+03  2.3246939E+01  0.0000000E+00  2.3250405E+03  2.8117891E+03  0.0000000E+00  0.0000000E+00  0.0000000E+00  0.0000000E+00  0.0000000E+00  9.2026562E+03 -1.9272140E-03
     1.2270000E+03    236.0661278  8.1174045E+06 -2.9235000E+03  0.0000000E+00  2.5064911E+03  1.9067104E+01  0.0000000E+00  2.3654082E+03  2.8011331E+03  0.0000000E+00  0.0000000E+00  0.0000000E+00  0.0000000E+00  0.0000000E+00  9.2257236E+03  6.6191265E-03
     1.2280000E+03    236.0616417  8.1141005E+06 -3.3040000E+03  0.0000000E+00  2.9337367E+03  1.7834980E+01  0.0000000E+00  2.3960759E+03  2.7841008E+03  0.0000000E+00  0.0000000E+00  0.0000000E+00  0.0000000E+00  0.0000000E+00  9.2415273E+03  1.2766722E-03
     1.2290000E+03    236.0646995  8.1163525E+06  2.2520000E+03  4.8761404E+03  2.3440616E+03  1.0034589E+02  0.0000000E+00  2.4059158E+03  2.7863276E+03  0.0000000E+00  0.0000000E+00  0.0000000E+00  0.0000000E+00  0.0000000E+00  9.2426152E+03  1.7858135E-04
     1.2300000E+03    236.0665285  8.1177000E+06  1.3475000E+03  4.2667593E+03  2.6244258E+03  9.6528107E+01  0.0000000E+00  2.3989380E+03  2.7907803E+03  0.0000000E+00  0.0000000E+00  0.0000000E+00  0.0000000E+00  0.0000000E+00  9.2320293E+03 -7.1051866E-03
     1.2310000E+03    236.1102614  8.1499085E+06  3.2208500E+04  3.1110147E+04  7.8495277E+02  2.3890720E+03  0.0000000E+00  2.3723201E+03  2.8780583E+03  0.0000000E+00  0.0000000E+00  0.0000000E+00  0.0000000E+00  0.0000000E+00  9.2265547E+03  7.6226868E-05
     1.2320000E+03    236.1202599  8.1572720E+06  7.3635000E+03  9.1516414E+03  2.1155275E+03  8.5840576E+02  0.0000000E+00  2.3713459E+03  2.9020740E+03  0.0000000E+00  0.0000000E+00  0.0000000E+00  0.0000000E+00  0.0000000E+00  9.2420010E+03  2.3583143E-03
     1.2330000E+03    236.1170725  8.1549245E+06 -2.3475000E+03  0.0000000E+00  2.3065364E+03  4.1652789E+02  0.0000000E+00  2.4232424E+03  2.8806943E+03  0.0000000E+00  0.0000000E+00  0.0000000E+00  0.0000000E+00  0.0000000E+00  9.2914756E+03  7.6717086E-04
     1.2340000E+03    236.1137971  8.1525125E+06 -2.4120000E+03  0.0000000E+00  2.4058756E+03  3.8624530E+02  0.0000000E+00  2.4729294E+03  2.8656372E+03  0.0000000E+00  0.0000000E+00  0.0000000E+00  0.0000000E+00  0.0000000E+00  9.3311191E+03 -6.4097471E-03
     1.2350000E+03    236.1094325  8.1492980E+06 -3.2145000E+03  0.0000000E+00  3.2702023E+03  3.4372913E+02  0.0000000E+00  2.5650815E+03  2.8530044E+03  0.0000000E+00  0.0000000E+00  0.0000000E+00  0.0000000E+00  0.0000000E+00  9.4622695E+03  1.6905459E-03
     1.2360000E+03    236.1064494  8.1471010E+06 -2.1970000E+03  0.0000000E+00  2.3018517E+03  2.7939801E+02  0.0000000E+00  2.6711958E+03  2.8457712E+03  0.0000000E+00  0.0000000E+00  0.0000000E+00  0.0000000E+00  0.0000000E+00  9.6311270E+03 -5.6913402E-04
     1.2370000E+03    236.1034158  8.1448665E+06 -2.2345000E+03  0.0000000E+00  2.3600746E+03  2.4034470E+02  0.0000000E+00  2.7247947E+03  2.8392915E+03  0.0000000E+00  0.0000000E+00  0.0000000E+00  0.0000000E+00  0.0000000E+00  9.7017422E+03  5.2543590E-03
     1.2380000E+03    236.1007180  8.1428795E+06 -1.9870000E+03  0.0000000E+00  2.1019679E+03  1.9294286E+02  0.0000000E+00  2.7572856E+03  2.8351541E+03  0.0000000E+00  0.0000000E+00  0.0000000E+00  0.0000000E+00  0.0000000E+00  9.7380312E+03  2.1560194E-03
     1.2390000E+03    236.0963432  8.1396580E+06 -3.2215000E+03  0.0000000E+00  3.3354731E+03  1.7425284E+02  0.0000000E+00  2.7674890E+03  2.8281875E+03  0.0000000E+00  0.0000000E+00  0.0000000E+00  0.0000000E+00  0.0000000E+00  9.7384414E+03 -6.7930599E-03
     1.2400000E+03    236.0914627  8.1360635E+06 -3.5945000E+03  0.0000000E+00  3.6587024E+03  1.4239281E+02  0.0000000E+00  2.7425383E+03  2.8206526E+03  0.0000000E+00  0.0000000E+00  0.0000000E+00  0.0000000E+00  0.0000000E+00  9.7082686E+03  1.1756090E-03
     1.2410000E+03    236.0861625  8.1321600E+06 -3.9035000E+03  0.0000000E+00  3.9222480E+03  1.1693789E+02  0.0000000E+00  2.7156936E+03  2.8138574E+03  0.0000000E+00  0.0000000E+00  0.0000000E+00  0.0000000E+00  0.0000000E+00  9.6717275E+03  3.8780639E-04
     1.2420000E+03    236.0812705  8.1285570E+06 -3.6030000E+03  0.0000000E+00  3.5879657E+03  9.8492737E+01  0.0000000E+00  2.6933630E+03  2.8068367E+03  0.0000000E+00  0.0000000E+00  0.0000000E+00  0.0000000E+00  0.0000000E+00  9.6378320E+03  8.2846207E-04
     1.2430000E+03    236.0774765  8.1257625E+06 -2.7945000E+03  0.0000000E+00  2.7444178E+03  8.2355026E+01  0.0000000E+00  2.6701943E+03  2.8023442E+03  0.0000000E+00  0.0000000E+00  0.0000000E+00  0.0000000E+00  0.0000000E+00  9.6037568E+03  5.1849652E-03
     1.2440000E+03    236.0739508  8.1231660E+06 -2.5965000E+03  0.0000000E+00  2.4924381E+03  6.5295303E+01  0.0000000E+00  2.6300010E+03  2.7994668E+03  0.0000000E+00  0.0000000E+00  0.0000000E+00  0.0000000E+00  0.0000000E+00  9.5531738E+03 -2.0576089E-03
     1.2450000E+03    236.0706929  8.1207670E+06 -2.3990000E+03  0.0000000E+00  2.2492792E+03  5.1455292E+01  0.0000000E+00  2.5948015E+03  2.7963276E+03  0.0000000E+00  0.0000000E+00  0.0000000E+00  0.0000000E+00  0.0000000E+00  9.5073877E+03 -6.9386628E-03
     1.2460000E+03    236.0889329  8.1342000E+06  1.3433000E+04  1.5854168E+04  2.7849584E+03  6.5856207E+02  0.0000000E+00  2.5428284E+03  2.8371423E+03  0.0000000E+00  0.0000000E+00  0.0000000E+00  0.0000000E+00  0.0000000E+00  9.4597266E+03  2.4035391E-03
     1.2470000E+03    236.0928284  8.1370690E+06  2.8690000E+03  4.8785375E+03  1.8700105E+03  2.1896962E+02  0.0000000E+00  2.4929607E+03  2.8514805E+03  0.0000000E+00  0.0000000E+00  0.0000000E+00  0.0000000E+00  0.0000000E+00  9.4143525E+03 -3.0877543E-04
     1.2480000E+03    236.0971369  8.1402425E+06  3.1735000E+03  4.7642507E+03  1.4216616E+03  2.2545004E+02  0.0000000E+00  2.4627690E+03  2.8576655E+03  0.0000000E+00  0.0000000E+00  0.0000000E+00  0.0000000E+00  0.0000000E+00  9.3848027E+03 -4.7960193E-03
     1.2490000E+03    236.0933679  8.1374665E+06 -2.7760000E+03  0.0000000E+00  2.4919694E+03  1.0279362E+02  0.0000000E+00  2.4609636E+03  2.8476335E+03  0.0000000E+00  0.0000000E+00  0.0000000E+00  0.0000000E+00  0.0000000E+00  9.3747773E+03  2.8896695E-03
     1.2500000E+03    236.0889398  8.1342055E+06 -3.2610000E+03  0.0000000E+00  2.9845068E+03  7.9776978E+01  0.0000000E+00  2.4792422E+03  2.8357314E+03  0.0000000E+00  0.0000000E+00  0.0000000E+00  0.0000000E+00  0.0000000E+00  9.3762324E+03 -3.7668266E-03
     1.2510000E+03    236.0837051  8.1303500E+06 -3.8555000E+03  0.0000000E+00  3.5890974E+03  6.5112801E+01  0.0000000E+00  2.4933242E+03  2.8246260E+03  0.0000000E+00  0.0000000E+00  0.0000000E+00  0.0000000E+00  0.0000000E+00  9.3719824E+03  3.3269115E-03
     1.2520000E+03    236.0954340  8.1389880E+06  8.6380000E+03  1.2505786E+04  3.9757469E+03  4.5899091E+02  0.0000000E+00  2.4985911E+03  2.8494451E+03  0.0000000E+00  0.0000000E+00  0.0000000E+00  0.0000000E+00  0.0000000E+00  9.3698467E+03  1.1367592E-03
     1.2530000E+03    236.0910942  8.1357920E+06 -3.1960000E+03  0.0000000E+00  2.9194767E+03  9.2549019E+01  0.0000000E+00  2.4762109E+03  2.8455212E+03  0.0000000E+00  0.0000000E+00  0.0000000E+00  0.0000000E+00  0.0000000E+00  9.3472861E+03 -4.1290061E-03
     1.2540000E+03    236.0869385  8.1327315E+06 -3.0605000E+03  0.0000000E+00  2.7559345E+03  7.0318138E+01  0.0000000E+00  2.4602676E+03  2.8352417E+03  0.0000000E+00  0.0000000E+00  0.0000000E+00  0.0000000E+00  0.0000000E+00  9.3298438E+03 -1.6199842E-03
     1.2550000E+03    236.0819708  8.1290730E+06 -3.6585000E+03  0.0000000E+00  3.3577090E+03  6.0314827E+01  0.0000000E+00  2.4650183E+03  2.8262129E+03  0.0000000E+00  0.0000000E+00  0.0000000E+00  0.0000000E+00  0.0000000E+00  9.3265312E+03 -1.4331205E-03
     1.2560000E+03    236.0762236  8.1248400E+06 -4.2330000E+03  0.0000000E+00  3.9237896E+03  4.7058716E+01  0.0000000E+00  2.4618899E+03  2.8171431E+03  0.0000000E+00  0.0000000E+00  0.0000000E+00  0.0000000E+00  0.0000000E+00  9.3178516E+03  1.5073779E-02
     1.2570000E+03    236.0706233  8.1207155E+06 -4.1245000E+03  0.0000000E+00  3.7870039E+03  3.4510620E+01  0.0000000E+00  2.4384771E+03  2.8105015E+03  0.0000000E+00  0.0000000E+00  0.0000000E+00  0.0000000E+00  0.0000000E+00  9.2929941E+03 -2.6643593E-04
     1.2580000E+03    236.0663567  8.1175730E+06 -3.1425000E+03  0.0000000E+00  2.7715922E+03  2.3778233E+01  0.0000000E+00  2.4108735E+03  2.8053716E+03  0.0000000E+00  0.0000000E+00  0.0000000E+00  0.0000000E+00  0.0000000E+00  9.2620957E+03  3.3707996E-03
     1.2590000E+03    236.0601693  8.1130165E+06 -4.5565000E+03  0.0000000E+00  4.1611489E+03  1.7948391E+01  0.0000000E+00  2.3850842E+03  2.7985618E+03  0.0000000E+00  0.0000000E+00  0.0000000E+00  0.0000000E+00  0.0000000E+00  9.2276270E+03 -2.5607767E-03
     1.2600000E+03    236.0851646  8.1314250E+06  1.8408500E+04  2.0839238E+04  2.8824526E+03  9.4703064E+02  0.0000000E+00  2.3590881E+03  2.8542651E+03  0.0000000E+00  0.0000000E+00  0.0000000E+00  0.0000000E+00  0.0000000E+00  9.2057119E+03  5.8241008E-04
     1.2610000E+03    236.1091066  8.1490580E+06  1.7633000E+04  2.0847955E+04  4.0549980E+03  1.4206584E+03  0.0000000E+00  2.3321072E+03  2.9127856E+03  0.0000000E+00  0.0000000E+00  0.0000000E+00  0.0000000E+00  0.0000000E+00  9.1935225E+03 -2.5405761E-04
     1.2620000E+03    236.1066203  8.1472265E+06 -1.8315000E+03  2.9846390E+03  4.5187300E+03  2.9129376E+02  0.0000000E+00  2.3191406E+03  2.9074751E+03  0.0000000E+00  0.0000000E+00  0.0000000E+00  0.0000000E+00  0.0000000E+00  9.1869307E+03  4.9576340E-03
     1.2630000E+03    236.3099844  8.2970010E+06  1.4977450E+05  8.6861926E+04  3.3427781E+03  6.7321641E+04  0.0000000E+00  2.2933838E+03  3.3598298E+03  0.0000000E+00  0.0000000E+00  0.0000000E+00  0.0000000E+00  0.0000000E+00  9.2686748E+03 -9.9854959E-05
     1.2640000E+03    236.3112421  8.2979275E+06  9.2650000E+02  2.3910337E+03  1.8105953E+03  4.4427319E+02  0.0000000E+00  3.2344099E+03  3.3328694E+03  0.0000000E+00  0.0000000E+00  0.0000000E+00  0.0000000E+00  0.0000000E+00  1.0574063E+04 -4.0866300E-03
     1.2650000E+03    236.3134316  8.2995400E+06  1.6125000E+03  2.3911249E+03  1.2501883E+03  2.9544119E+02  0.0000000E+00  3.4357646E+03  3.2596038E+03  0.0000000E+00  0.0000000E+00  0.0000000E+00  0.0000000E+00  0.0000000E+00  1.1149410E+04  6.3005777E-04
     1.2660000E+03    236.3092999  8.2964970E+06 -3.0430000E+03  0.0000000E+00  3.4703549E+03  3.8219280E+01  0.0000000E+00  3.5862148E+03  3.1970061E+03  0.0000000E+00  0.0000000E+00  0.0000000E+00  0.0000000E+00  0.0000000E+00  1.1369221E+04  1.0911949E-03
     1.2670000E+03    236.3042738  8.2927955E+06 -3.7015000E+03  0.0000000E+00  4.1361751E+03  1.9720028E+01  0.0000000E+00  3.5618530E+03  3.1470833E+03  0.0000000E+00  0.0000000E+00  0.0000000E+00  0.0000000E+00  0.0000000E+00  1.1351807E+04 -2.5509326E-03
     1.2680000E+03    236.2979911  8.2881680E+06 -4.6275000E+03  0.0000000E+00  5.0205509E+03  2.1894300E+01  0.0000000E+00  3.4781675E+03  3.1065623E+03  0.0000000E+00  0.0000000E+00  0.0000000E+00  0.0000000E+00  0.0000000E+00  1.1247018E+04  5.5153924E-03
     1.2690000E+03    236.2937529  8.2850470E+06 -3.1210000E+03  0.0000000E+00  3.4799899E+03  2.8168903E+01  0.0000000E+00  3.4087954E+03  3.0783535E+03  0.0000000E+00  0.0000000E+00  0.0000000E+00  0.0000000E+00  0.0000000E+00  1.1143515E+04 -5.7849139E-03
     1.2700000E+03    236.2885971  8.2812495E+06 -3.7975000E+03  0.0000000E+00  4.1854026E+03  5.1719650E+01  0.0000000E+00  3.3718059E+03  3.0352847E+03  0.0000000E+00  0.0000000E+00  0.0000000E+00  0.0000000E+00  0.0000000E+00  1.1078069E+04  4.6896236E-03
     1.2710000E+03    236.4481616  8.3987660E+06  1.1751650E+05  5.9918268E+04  3.1115089E+03  6.0707098E+04  0.0000000E+00  3.3077849E+03  3.3049778E+03  0.0000000E+00  0.0000000E+00  0.0000000E+00  0.0000000E+00  0.0000000E+00  1.1088101E+04  1.3237984E-04
     1.2720000E+03    236.4461781  8.3973050E+06 -1.4610000E+03  1.1983241E+03  3.3106118E+03  2.4148451E+02  0.0000000E+00  3.6954167E+03  3.2854590E+03  0.0000000E+00  0.0000000E+00  0.0000000E+00  0.0000000E+00  0.0000000E+00  1.1419137E+04  2.3466267E-03
     1.2730000E+03    236.4435736  8.3953870E+06 -1.9180000E+03  1.1982699E+03  3.9455420E+03  6.1338161E+01  0.0000000E+00  3.9648853E+03  3.1971201E+03  0.0000000E+00  0.0000000E+00  0.0000000E+00  0.0000000E+00  0.0000000E+00  1.1748577E+04 -2.3652990E-03
     1.2740000E+03    236.4978111  8.4353320E+06  3.9945000E+04  3.4782549E+04  4.4054864E+03  8.7489434E+03  0.0000000E+00  4.0726401E+03  3.2536077E+03  0.0000000E+00  0.0000000E+00  0.0000000E+00  0.0000000E+00  0.0000000E+00  1.1949623E+04  8.2056948E-05
     1.2750000E+03    236.4955330  8.4336550E+06 -1.6770000E+03  0.0000000E+00  4.2753338E+03  1.3607007E+03  0.0000000E+00  4.4451768E+03  3.2083547E+03  0.0000000E+00  0.0000000E+00  0.0000000E+00  0.0000000E+00  0.0000000E+00  1.2257896E+04 -1.0837372E-02
     1.2760000E+03    236.4931803  8.4319220E+06 -1.7330000E+03  0.0000000E+00  4.7286137E+03  1.3254188E+03  0.0000000E+00  4.8215327E+03  3.1510034E+03  0.0000000E+00  0.0000000E+00  0.0000000E+00  0.0000000E+00  0.0000000E+00  1.2631235E+04  4.2447830E-03
     1.2770000E+03    236.4905277  8.4299680E+06 -1.9540000E+03  0.0000000E+00  5.0137038E+03  1.3181873E+03  0.0000000E+00  4.8306074E+03  3.0887280E+03  0.0000000E+00  0.0000000E+00  0.0000000E+00  0.0000000E+00  0.0000000E+00  1.2720738E+04  4.4836076E-03
     1.2780000E+03    236.6669771  8.5599200E+06  1.2995200E+05  5.8341503E+04  4.1376721E+03  7.4136266E+04  0.0000000E+00  5.0178706E+03  3.4058770E+03  0.0000000E+00  0.0000000E+00  0.0000000E+00  0.0000000E+00  0.0000000E+00  1.2942554E+04  6.8183981E-05
     1.2790000E+03    236.6651284  8.5585590E+06 -1.3610000E+03  0.0000000E+00  3.7718056E+03  3.2540765E+02  0.0000000E+00  5.4834209E+03  3.3985310E+03  0.0000000E+00  0.0000000E+00  0.0000000E+00  0.0000000E+00  0.0000000E+00  1.3296427E+04 -7.0889387E-03
     1.2800000E+03    236.6624440  8.5565820E+06 -1.9770000E+03  0.0000000E+00  4.6983910E+03  7.4136261E+01  0.0000000E+00  5.9434116E+03  3.2961909E+03  0.0000000E+00  0.0000000E+00  0.0000000E+00  0.0000000E+00  0.0000000E+00  1.4034474E+04 -4.2753565E-04
     1.2810000E+03    236.6728620  8.5642540E+06  7.6720000E+03  8.8226065E+03  4.4543539E+03  5.6100708E+02  0.0000000E+00  5.9862275E+03  3.2427891E+03  0.0000000E+00  0.0000000E+00  0.0000000E+00  0.0000000E+00  0.0000000E+00  1.4377464E+04  4.5397603E-03
     1.2820000E+03    236.6715482  8.5632870E+06 -9.6700000E+02  0.0000000E+00  3.7697280E+03  1.9225253E+02  0.0000000E+00  5.7842959E+03  3.1744053E+03  0.0000000E+00  0.0000000E+00  0.0000000E+00  0.0000000E+00  0.0000000E+00  1.4267526E+04 -8.4238146E-03
     1.2830000E+03    236.6706843  8.5626510E+06 -6.3600000E+02  0.0000000E+00  3.4225180E+03  2.5306000E+02  0.0000000E+00  5.6395210E+03  3.1063162E+03  0.0000000E+00  0.0000000E+00  0.0000000E+00  0.0000000E+00  0.0000000E+00  1.4148071E+04 -3.8740407E-03
     1.2840000E+03    236.6695472  8.5618130E+06 -8.3800000E+02  0.0000000E+00  3.6720674E+03  3.7463791E+02  0.0000000E+00  5.4782930E+03  3.0182939E+03  0.0000000E+00  0.0000000E+00  0.0000000E+00  0.0000000E+00  0.0000000E+00  1.4067737E+04  8.5097933E-03
     1.2850000E+03    236.6675713  8.5603580E+06 -1.4550000E+03  0.0000000E+00  4.2912597E+03  4.3697498E+02  0.0000000E+00  5.3532695E+03  2.9542683E+03  0.0000000E+00  0.0000000E+00  0.0000000E+00  0.0000000E+00  0.0000000E+00  1.3987393E+04 -3.9153998E-03
     1.2860000E+03    236.6648008  8.5583180E+06 -2.0400000E+03  0.0000000E+00  4.9112831E+03  4.4900665E+02  0.0000000E+00  5.3515127E+03  2.9296262E+03  0.0000000E+00  0.0000000E+00  0.0000000E+00  0.0000000E+00  0.0000000E+00  1.4005040E+04 -4.9694292E-03
     1.2870000E+03    236.6616199  8.5559750E+06 -2.3430000E+03  5.8805941E+02  5.6775364E+03  4.4312805E+02  0.0000000E+00  5.2247891E+03  2.9211084E+03  0.0000000E+00  0.0000000E+00  0.0000000E+00  0.0000000E+00  0.0000000E+00  1.3868675E+04  3.8614371E-03
     1.2880000E+03    236.6994432  8.5838310E+06  2.7856000E+04  2.6479985E+04  5.0464896E+03  4.3079375E+03  0.0000000E+00  5.1225908E+03  3.0077905E+03  0.0000000E+00  0.0000000E+00  0.0000000E+00  0.0000000E+00  0.0000000E+00  1.3747611E+04  6.4178632E-04
     1.2890000E+03    236.7753589  8.6397420E+06  5.5911000E+04  3.7709841E+04  2.3077462E+03  1.8138209E+04  0.0000000E+00  5.5585356E+03  3.1881838E+03  0.0000000E+00  0.0000000E+00  0.0000000E+00  0.0000000E+00  0.0000000E+00  1.4173127E+04 -5.5979338E-04
     1.2900000E+03    237.0658367  8.8544610E+06  2.1471900E+05  7.2833595E+04  4.5820471E+03  1.4314511E+05  0.0000000E+00  7.1661270E+03  3.8434556E+03  0.0000000E+00  0.0000000E+00  0.0000000E+00  0.0000000E+00  0.0000000E+00  1.5432793E+04  1.4704575E-04
     1.2910000E+03    237.0810530  8.8658500E+06  1.1389000E+04  4.1460398E+03  1.8039578E+03  3.0879790E+03  0.0000000E+00  9.7758398E+03  3.8174333E+03  0.0000000E+00  0.0000000E+00  0.0000000E+00  0.0000000E+00  0.0000000E+00  1.8096604E+04 -3.1231886E-03
     1.2920000E+03    237.0847172  8.8685920E+06  2.7420000E+03  0.0000000E+00  4.7024808E+03  1.0438945E+03  0.0000000E+00  1.0027942E+04  3.6269343E+03  0.0000000E+00  0.0000000E+00  0.0000000E+00  0.0000000E+00  0.0000000E+00  1.8531539E+04  3.8103433E-03
     1.2930000E+03    237.0872610  8.8704960E+06  1.9040000E+03  0.0000000E+00  5.2165607E+03  5.7285327E+02  0.0000000E+00  1.0033456E+04  3.4858708E+03  0.0000000E+00  0.0000000E+00  0.0000000E+00  0.0000000E+00  0.0000000E+00  1.8732480E+04 -1.1509217E-03
     1.2940000E+03    237.0900916  8.8726150E+06  2.1190000E+03  0.0000000E+00  5.5382418E+03  3.7048779E+02  0.0000000E+00  1.0545595E+04  3.2592717E+03  0.0000000E+00  0.0000000E+00  0.0000000E+00  0.0000000E+00  0.0000000E+00  1.9634479E+04 -3.9541717E-03
     1.2950000E+03    237.0920070  8.8740480E+06  1.4330000E+03  0.0000000E+00  5.5726963E+03  2.9232101E+02  0.0000000E+00  9.8452236E+03  3.1312856E+03  0.0000000E+00  0.0000000E+00  0.0000000E+00  0.0000000E+00  0.0000000E+00  1.9295430E+04  5.5486807E-03
     1.2960000E+03    237.0927030  8.8745690E+06  5.2100000E+02  0.0000000E+00  6.0265483E+03  2.5440269E+02  0.0000000E+00  9.3526113E+03  3.0595562E+03  0.0000000E+00  0.0000000E+00  0.0000000E+00  0.0000000E+00  0.0000000E+00  1.8909551E+04 -9.4535423E-04
     1.2970000E+03    237.0949116  8.8762220E+06  1.6530000E+03  0.0000000E+00  6.6231908E+03  2.3402673E+02  0.0000000E+00  1.1079045E+04  3.0368389E+03  0.0000000E+00  0.0000000E+00  0.0000000E+00  0.0000000E+00  0.0000000E+00  1.9779398E+04  3.7118292E-04
     1.2980000E+03    237.0937044  8.8753190E+06 -9.0300000E+02  0.0000000E+00  7.3217769E+03  2.2082039E+02  0.0000000E+00  9.2433037E+03  3.0458862E+03  0.0000000E+00  0.0000000E+00  0.0000000E+00  0.0000000E+00  0.0000000E+00  1.9117652E+04 -5.1994598E-03
     1.2990000E+03    237.0903759  8.8728270E+06 -2.4920000E+03  0.0000000E+00  8.0585378E+03  1.8669753E+02  0.0000000E+00  8.4348076E+03  3.0541670E+03  0.0000000E+00  0.0000000E+00  0.0000000E+00  0.0000000E+00  0.0000000E+00  1.8485215E+04  7.1972096E-03
     1.3000000E+03    237.0863364  8.8698040E+06 -3.0230000E+03  0.0000000E+00  7.8964339E+03  1.4610262E+02  0.0000000E+00  7.8017378E+03  3.0747356E+03  0.0000000E+00  0.0000000E+00  0.0000000E+00  0.0000000E+00  0.0000000E+00  1.7915760E+04 -3.0041449E-03
     1.3010000E+03    237.0832343  8.8674820E+06 -2.3220000E+03  0.0000000E+00  6.5930153E+03  1.1415426E+02  0.0000000E+00  7.2665327E+03  3.1093752E+03  0.0000000E+00  0.0000000E+00  0.0000000E+00  0.0000000E+00  0.0000000E+00  1.7392367E+04  3.0547804E-03
     1.3020000E+03    237.0792752  8.8645190E+06 -2.9630000E+03  0.0000000E+00  6.7238119E+03  9.9661949E+01  0.0000000E+00  6.7960991E+03  3.1350940E+03  0.0000000E+00  0.0000000E+00  0.0000000E+00  0.0000000E+00  0.0000000E+00  1.6903078E+04 -1.4709495E-03
     1.3030000E+03    237.1208730  8.8956530E+06  3.1134000E+04  3.0819341E+04  6.3369485E+03  3.5490737E+03  0.0000000E+00  6.3754663E+03  3.2734595E+03  0.0000000E+00  0.0000000E+00  0.0000000E+00  0.0000000E+00  0.0000000E+00  1.6466805E+04 -1.2990831E-03
     1.3040000E+03    237.1256419  8.8992220E+06  3.5690000E+03  4.7418091E+03  4.9220760E+03  1.0648998E+03  0.0000000E+00  6.0032168E+03  3.3186133E+03  0.0000000E+00  0.0000000E+00  0.0000000E+00  0.0000000E+00  0.0000000E+00  1.6061384E+04  2.0010974E-03
     1.3050000E+03    237.1225085  8.8968770E+06 -2.3450000E+03  0.0000000E+00  5.4465396E+03  7.0257208E+02  0.0000000E+00  5.7178257E+03  3.3190066E+03  0.0000000E+00  0.0000000E+00  0.0000000E+00  0.0000000E+00  0.0000000E+00  1.5703435E+04 -1.6878494E-03
     1.3060000E+03    237.1178634  8.8934000E+06 -3.4770000E+03  0.0000000E+00  6.2603733E+03  6.0296075E+02  0.0000000E+00  5.4962769E+03  3.3154639E+03  0.0000000E+00  0.0000000E+00  0.0000000E+00  0.0000000E+00  0.0000000E+00  1.5398353E+04  4.1761603E-03
     1.3070000E+03    237.1114231  8.8885800E+06 -4.8200000E+03  0.0000000E+00  7.2700044E+03  4.5015402E+02  0.0000000E+00  5.3125454E+03  3.3128787E+03  0.0000000E+00  0.0000000E+00  0.0000000E+00  0.0000000E+00  0.0000000E+00  1.5126125E+04 -1.7348180E-03
     1.3080000E+03    237.1051671  8.8838980E+06 -4.6820000E+03  0.0000000E+00  6.8276612E+03  3.0966000E+02  0.0000000E+00  5.1497388E+03  3.3140105E+03  0.0000000E+00  0.0000000E+00  0.0000000E+00  0.0000000E+00  0.0000000E+00  1.4866299E+04 -2.6913632E-03
     1.3090000E+03    237.1012927  8.8809980E+06 -2.9000000E+03  0.0000000E+00  4.7999635E+03  2.2331953E+02  0.0000000E+00  4.9988696E+03  3.3219536E+03  0.0000000E+00  0.0000000E+00  0.0000000E+00  0.0000000E+00  0.0000000E+00  1.4613693E+04  3.3486264E-03
     1.3100000E+03    237.0966277  8.8775060E+06 -3.4920000E+03  0.0000000E+00  5.1907675E+03  1.7719995E+02  0.0000000E+00  4.8497520E+03  3.3276587E+03  0.0000000E+00  0.0000000E+00  0.0000000E+00  0.0000000E+00  0.0000000E+00  1.4387032E+04  6.1791604E-03
     1.3110000E+03    237.0983132  8.8787680E+06  1.2620000E+03  3.3185630E+03  3.5993977E+03  2.1866824E+02  0.0000000E+00  4.6734819E+03  3.3498616E+03  0.0000000E+00  0.0000000E+00  0.0000000E+00  0.0000000E+00  0.0000000E+00  1.4165438E+04 -6.6545587E-03
     1.3120000E+03    237.0940697  8.8755920E+06 -3.1760000E+03  0.0000000E+00  4.4530809E+03  1.2174573E+02  0.0000000E+00  4.5131255E+03  3.3577808E+03  0.0000000E+00  0.0000000E+00  0.0000000E+00  0.0000000E+00  0.0000000E+00  1.3958067E+04  1.1877491E-04
     1.3130000E+03    237.0875091  8.8706820E+06 -4.9100000E+03  0.0000000E+00  6.0205511E+03  9.5458450E+01  0.0000000E+00  4.3713433E+03  3.3564426E+03  0.0000000E+00  0.0000000E+00  0.0000000E+00  0.0000000E+00  0.0000000E+00  1.3763760E+04 -2.0516468E-03
     1.3140000E+03    237.0798859  8.8649760E+06 -5.7060000E+03  0.0000000E+00  6.6639270E+03  6.4475471E+01  0.0000000E+00  4.2477236E+03  3.3538232E+03  0.0000000E+00  0.0000000E+00  0.0000000E+00  0.0000000E+00  0.0000000E+00  1.3583181E+04  4.4842279E-03
     1.3150000E+03    237.0708744  8.8582320E+06 -6.7440000E+03  0.0000000E+00  7.5651659E+03  3.7716629E+01  0.0000000E+00  4.1309302E+03  3.3480544E+03  0.0000000E+00  0.0000000E+00  0.0000000E+00  0.0000000E+00  0.0000000E+00  1.3410996E+04 -5.2572056E-03
     1.3160000E+03    237.0609229  8.8507830E+06 -7.4490000E+03  0.0000000E+00  8.1202185E+03  1.6780355E+01  0.0000000E+00  3.9956135E+03  3.3402742E+03  0.0000000E+00  0.0000000E+00  0.0000000E+00  0.0000000E+00  0.0000000E+00  1.3230353E+04  7.8564733E-03
     1.3170000E+03    237.0518772  8.8440130E+06 -6.7700000E+03  0.0000000E+00  7.3032247E+03  3.8393209E+00  0.0000000E+00  3.8642834E+03  3.3350535E+03  0.0000000E+00  0.0000000E+00  0.0000000E+00  0.0000000E+00  0.0000000E+00  1.3053516E+04 -1.4595730E-03
     1.3180000E+03    237.0433016  8.8375950E+06 -6.4180000E+03  0.0000000E+00  6.8235786E+03  5.1638391E-02  0.0000000E+00  3.7366570E+03  3.3315049E+03  0.0000000E+00  0.0000000E+00  0.0000000E+00  0.0000000E+00  0.0000000E+00  1.2883222E+04 -3.6927317E-03
     1.3190000E+03    237.0329811  8.8298710E+06 -7.7240000E+03  0.0000000E+00  8.0074344E+03  4.6192884E-02  0.0000000E+00  3.6113909E+03  3.3282480E+03  0.0000000E+00  0.0000000E+00  0.0000000E+00  0.0000000E+00  0.0000000E+00  1.2715356E+04 -2.1666579E-03
     1.3200000E+03    237.0224202  8.8219660E+06 -7.9050000E+03  0.0000000E+00  8.0775742E+03  4.6126198E-02  0.0000000E+00  3.4972168E+03  3.3239211E+03  0.0000000E+00  0.0000000E+00  0.0000000E+00  0.0000000E+00  0.0000000E+00  1.2556688E+04  6.7322585E-03
     1.3210000E+03    237.0130301  8.8149390E+06 -7.0270000E+03  0.0000000E+00  7.0981179E+03  4.6059627E-02  0.0000000E+00  3.3921270E+03  3.3219868E+03  0.0000000E+00  0.0000000E+00  0.0000000E+00  0.0000000E+00  0.0000000E+00  1.2406820E+04 -8.9407992E-03
     1.3220000E+03    237.0051155  8.8090150E+06 -5.9240000E+03  0.0000000E+00  5.8936556E+03  4.5993175E-02  0.0000000E+00  3.2930974E+03  3.3231123E+03  0.0000000E+00  0.0000000E+00  0.0000000E+00  0.0000000E+00  0.0000000E+00  1.2264416E+04  4.0792669E-03
     1.3230000E+03    236.9966322  8.8027060E+06 -6.3090000E+03  0.0000000E+00  6.1887013E+03  4.5926850E-02  0.0000000E+00  3.2017439E+03  3.3220591E+03  0.0000000E+00  0.0000000E+00  0.0000000E+00  0.0000000E+00  0.0000000E+00  1.2129777E+04  3.1830725E-04
     1.3240000E+03    236.9873455  8.7958660E+06 -6.8400000E+03  0.0000000E+00  6.6430242E+03  4.5860633E-02  0.0000000E+00  3.1212712E+03  3.3177568E+03  0.0000000E+00  0.0000000E+00  0.0000000E+00  0.0000000E+00  0.0000000E+00  1.2004609E+04  5.3824373E-03
     1.3250000E+03    236.9790318  8.7897440E+06 -6.1220000E+03  0.0000000E+00  5.8578634E+03  4.5794535E-02  0.0000000E+00  3.0498643E+03  3.3149827E+03  0.0000000E+00  0.0000000E+00  0.0000000E+00  0.0000000E+00  0.0000000E+00  1.1888114E+04 -1.0199091E-02
     1.3260000E+03    236.9699911  8.7830850E+06 -6.6590000E+03  0.0000000E+00  6.3345929E+03  4.5728561E-02  0.0000000E+00  2.9868113E+03  3.3105508E+03  0.0000000E+00  0.0000000E+00  0.0000000E+00  0.0000000E+00  0.0000000E+00  1.1779483E+04  7.3962496E-03
     1.3270000E+03    236.9592029  8.7751400E+06 -7.9450000E+03  0.0000000E+00  7.5741250E+03  4.5662701E-02  0.0000000E+00  2.9303269E+03  3.3016030E+03  0.0000000E+00  0.0000000E+00  0.0000000E+00  0.0000000E+00  0.0000000E+00  1.1676264E+04 -3.2729488E-03
     1.3280000E+03    236.9474453  8.7664810E+06 -8.6590000E+03  0.0000000E+00  8.2467825E+03  4.5596957E-02  0.0000000E+00  2.8779272E+03  3.2904858E+03  0.0000000E+00  0.0000000E+00  0.0000000E+00  0.0000000E+00  0.0000000E+00  1.1580009E+04 -2.5562542E-03
     1.3290000E+03    236.9373344  8.7590340E+06 -7.4470000E+03  0.0000000E+00  6.9921849E+03  4.5531329E-02  0.0000000E+00  2.8295525E+03  3.2839480E+03  0.0000000E+00  0.0000000E+00  0.0000000E+00  0.0000000E+00  0.0000000E+00  1.1493186E+04  4.5235283E-03
     1.3300000E+03    236.9276908  8.7519320E+06 -7.1020000E+03  0.0000000E+00  6.6084097E+03  4.5465820E-02  0.0000000E+00  2.7854790E+03  3.2794456E+03  0.0000000E+00  0.0000000E+00  0.0000000E+00  0.0000000E+00  0.0000000E+00  1.1411491E+04 -3.3480939E-03
     1.3310000E+03    236.9184119  8.7450980E+06 -6.8340000E+03  0.0000000E+00  6.3030023E+03  4.5400426E-02  0.0000000E+00  2.7451140E+03  3.2759263E+03  0.0000000E+00  0.0000000E+00  0.0000000E+00  0.0000000E+00  0.0000000E+00  1.1334157E+04  2.4059971E-03
     1.3320000E+03    236.9095485  8.7385700E+06 -6.5280000E+03  0.0000000E+00  5.9619467E+03  4.5335148E-02  0.0000000E+00  2.7080164E+03  3.2738203E+03  0.0000000E+00  0.0000000E+00  0.0000000E+00  0.0000000E+00  0.0000000E+00  1.1260485E+04  3.1826841E-03
     1.3330000E+03    236.9015580  8.7326850E+06 -5.8850000E+03  0.0000000E+00  5.2832883E+03  4.5269988E-02  0.0000000E+00  2.6738193E+03  3.2754873E+03  0.0000000E+00  0.0000000E+00  0.0000000E+00  0.0000000E+00  0.0000000E+00  1.1190007E+04  1.0383166E-03
     1.3340000E+03    236.8929765  8.7263650E+06 -6.3200000E+03  0.0000000E+00  5.6871022E+03  4.5204937E-02  0.0000000E+00  2.6425127E+03  3.2755571E+03  0.0000000E+00  0.0000000E+00  0.0000000E+00  0.0000000E+00  0.0000000E+00  1.1122745E+04 -1.1331737E-03
     1.3350000E+03    236.8838134  8.7196170E+06 -6.7480000E+03  0.0000000E+00  6.0890762E+03  4.5140006E-02  0.0000000E+00  2.6133115E+03  3.2728057E+03  0.0000000E+00  0.0000000E+00  0.0000000E+00  0.0000000E+00  0.0000000E+00  1.1061540E+04 -5.6120194E-03
     1.3360000E+03    236.8755206  8.7135090E+06 -6.1080000E+03  0.0000000E+00  5.4227856E+03  4.5075189E-02  0.0000000E+00  2.5864517E+03  3.2712246E+03  0.0000000E+00  0.0000000E+00  0.0000000E+00  0.0000000E+00  0.0000000E+00  1.1005274E+04  5.6050625E-03
     1.3370000E+03    236.8661794  8.7066300E+06 -6.8790000E+03  0.0000000E+00  6.1741386E+03  4.5010485E-02  0.0000000E+00  2.5615059E+03  3.2670408E+03  0.0000000E+00  0.0000000E+00  0.0000000E+00  0.0000000E+00  0.0000000E+00  1.0950897E+04 -6.6613099E-03
     1.3380000E+03    236.8549424  8.6983540E+06 -8.2760000E+03  0.0000000E+00  7.5563774E+03  4.4945896E-02  0.0000000E+00  2.5384031E+03  3.2579026E+03  0.0000000E+00  0.0000000E+00  0.0000000E+00  0.0000000E+00  0.0000000E+00  1.0897392E+04  1.5532125E-03
     1.3390000E+03    236.8410957  8.6881560E+06 -1.0198000E+04  0.0000000E+00  9.4721569E+03  4.4881422E-02  0.0000000E+00  2.5171387E+03  3.2428862E+03  0.0000000E+00  0.0000000E+00  0.0000000E+00  0.0000000E+00  0.0000000E+00  1.0843888E+04  1.1059735E-03
     1.3400000E+03    236.8280210  8.6785270E+06 -9.6290000E+03  0.0000000E+00  8.8963586E+03  4.4817068E-02  0.0000000E+00  2.4972434E+03  3.2302942E+03  0.0000000E+00  0.0000000E+00  0.0000000E+00  0.0000000E+00  0.0000000E+00  1.0790913E+04 -3.0037789E-03
     1.3410000E+03    236.8169916  8.6704040E+06 -8.1230000E+03  0.0000000E+00  7.3770547E+03  4.4752821E-02  0.0000000E+00  2.4780254E+03  3.2239255E+03  0.0000000E+00  0.0000000E+00  0.0000000E+00  0.0000000E+00  0.0000000E+00  1.0739017E+04  8.4750418E-04
     1.3420000E+03    236.8056169  8.6620260E+06 -8.3780000E+03  0.0000000E+00  7.6197846E+03  4.4688683E-02  0.0000000E+00  2.4601079E+03  3.2176609E+03  0.0000000E+00  0.0000000E+00  0.0000000E+00  0.0000000E+00  0.0000000E+00  1.0688966E+04  6.5239659E-03
     1.3430000E+03    236.8233133  8.6750590E+06  1.3033000E+04  1.6471508E+04  3.1959979E+03  5.9443311E+02  0.0000000E+00  2.4387573E+03  3.2756445E+03  0.0000000E+00  0.0000000E+00  0.0000000E+00  0.0000000E+00  0.0000000E+00  1.0653418E+04  2.9039476E-04
     1.3440000E+03    236.8148368  8.6688170E+06 -6.2420000E+03  0.0000000E+00  5.3896412E+03  1.9302442E+00  0.0000000E+00  2.4214517E+03  3.2764944E+03  0.0000000E+00  0.0000000E+00  0.0000000E+00  0.0000000E+00  0.0000000E+00  1.0618896E+04 -8.6994516E-03
     1.3450000E+03    236.8053210  8.6618080E+06 -7.0090000E+03  0.0000000E+00  6.1534571E+03  1.8210146E-01  0.0000000E+00  2.4059641E+03  3.2609084E+03  0.0000000E+00  0.0000000E+00  0.0000000E+00  0.0000000E+00  0.0000000E+00  1.0581510E+04  8.2984883E-03
     1.3460000E+03    236.7948366  8.6540870E+06 -7.7210000E+03  0.0000000E+00  6.8666441E+03  5.7049673E-02  0.0000000E+00  2.3914170E+03  3.2464226E+03  0.0000000E+00  0.0000000E+00  0.0000000E+00  0.0000000E+00  0.0000000E+00  1.0542560E+04 -5.8566327E-03
     1.3470000E+03    236.7855956  8.6472810E+06 -6.8060000E+03  0.0000000E+00  5.9464369E+03  5.6944277E-02  0.0000000E+00  2.3775649E+03  3.2370823E+03  0.0000000E+00  0.0000000E+00  0.0000000E+00  0.0000000E+00  0.0000000E+00  1.0503683E+04  1.1165552E-03
     1.3480000E+03    236.7738811  8.6386530E+06 -8.6280000E+03  0.0000000E+00  7.7672829E+03  5.6848209E-02  0.0000000E+00  2.3639009E+03  3.2242153E+03  0.0000000E+00  0.0000000E+00  0.0000000E+00  0.0000000E+00  0.0000000E+00  1.0462766E+04  4.1846973E-03
     1.3490000E+03    236.7612030  8.6293160E+06 -9.3370000E+03  0.0000000E+00  8.4787828E+03  5.6753263E-02  0.0000000E+00  2.3512502E+03  3.2096929E+03  0.0000000E+00  0.0000000E+00  0.0000000E+00  0.0000000E+00  0.0000000E+00  1.0421208E+04 -1.4537555E-03
     1.3500000E+03    236.7475201  8.6192390E+06 -1.0077000E+04  0.0000000E+00  9.2224765E+03  5.6658626E-02  0.0000000E+00  2.3395312E+03  3.1943560E+03  0.0000000E+00  0.0000000E+00  0.0000000E+00  0.0000000E+00  0.0000000E+00  1.0379001E+04 -1.9662071E-03
     1.3510000E+03    236.7350605  8.6100630E+06 -9.1760000E+03  0.0000000E+00  8.3216312E+03  5.6564201E-02  0.0000000E+00  2.3282681E+03  3.1830039E+03  0.0000000E+00  0.0000000E+00  0.0000000E+00  0.0000000E+00  0.0000000E+00  1.0336796E+04 -2.6993197E-03
     1.3520000E+03    236.7230296  8.6012020E+06 -8.8610000E+03  0.0000000E+00  8.0037201E+03  5.6469977E-02  0.0000000E+00  2.3171223E+03  3.1739758E+03  0.0000000E+00  0.0000000E+00  0.0000000E+00  0.0000000E+00  0.0000000E+00  1.0294511E+04  4.3159327E-03
     1.3530000E+03    236.7120993  8.5931520E+06 -8.0500000E+03  0.0000000E+00  7.1879456E+03  5.6375965E-02  0.0000000E+00  2.3055364E+03  3.1676931E+03  0.0000000E+00  0.0000000E+00  0.0000000E+00  0.0000000E+00  0.0000000E+00  1.0252134E+04 -4.4322171E-04
     1.3540000E+03    236.6985539  8.5831760E+06 -9.9760000E+03  0.0000000E+00  9.1149876E+03  5.6282159E-02  0.0000000E+00  2.2948057E+03  3.1557957E+03  0.0000000E+00  0.0000000E+00  0.0000000E+00  0.0000000E+00  0.0000000E+00  1.0210055E+04  6.4463337E-04
     1.3550000E+03    236.6824975  8.5713510E+06 -1.1825000E+04  0.0000000E+00  1.0972554E+04  5.6188542E-02  0.0000000E+00  2.2851367E+03  3.1379072E+03  0.0000000E+00  0.0000000E+00  0.0000000E+00  0.0000000E+00  0.0000000E+00  1.0167063E+04 -1.9101518E-03
     1.3560000E+03    236.6683017  8.5608960E+06 -1.0455000E+04  0.0000000E+00  9.6055578E+03  5.6095149E-02  0.0000000E+00  2.2758403E+03  3.1253640E+03  0.0000000E+00  0.0000000E+00  0.0000000E+00  0.0000000E+00  0.0000000E+00  1.0123944E+04 -1.9944059E-04
     1.3570000E+03    236.6562367  8.5520100E+06 -8.8860000E+03  0.0000000E+00  8.0328687E+03  5.6001943E-02  0.0000000E+00  2.2665430E+03  3.1193611E+03  0.0000000E+00  0.0000000E+00  0.0000000E+00  0.0000000E+00  0.0000000E+00  1.0081947E+04  3.3100164E-03
     1.3580000E+03    236.6432416  8.5424400E+06 -9.5700000E+03  0.0000000E+00  8.7166899E+03  5.5908948E-02  0.0000000E+00  2.2577083E+03  3.1117363E+03  0.0000000E+00  0.0000000E+00  0.0000000E+00  0.0000000E+00  0.0000000E+00  1.0040805E+04 -5.5976119E-03
     1.3590000E+03    236.6297348  8.5324920E+06 -9.9480000E+03  0.0000000E+00  9.0949776E+03  5.5816151E-02  0.0000000E+00  2.2495076E+03  3.1021470E+03  0.0000000E+00  0.0000000E+00  0.0000000E+00  0.0000000E+00  0.0000000E+00  1.0000559E+04  3.5949172E-03
     1.3600000E+03    236.6173305  8.5233560E+06 -9.1360000E+03  0.0000000E+00  8.2821092E+03  5.5723555E-02  0.0000000E+00  2.2412720E+03  3.0947649E+03  0.0000000E+00  0.0000000E+00  0.0000000E+00  0.0000000E+00  0.0000000E+00  9.9608125E+03  3.9828601E-03
     1.3610000E+03    236.6070075  8.5157540E+06 -7.6020000E+03  0.0000000E+00  6.7433888E+03  5.5631157E-02  0.0000000E+00  2.2326609E+03  3.0920291E+03  0.0000000E+00  0.0000000E+00  0.0000000E+00  0.0000000E+00  0.0000000E+00  9.9220264E+03 -7.1290503E-03
     1.3620000E+03    236.5974891  8.5087440E+06 -7.0100000E+03  0.0000000E+00  6.1435797E+03  5.5538967E-02  0.0000000E+00  2.2240745E+03  3.0906992E+03  0.0000000E+00  0.0000000E+00  0.0000000E+00  0.0000000E+00  0.0000000E+00  9.8848135E+03 -1.6180371E-03
     1.3630000E+03    236.5876675  8.5015100E+06 -7.2340000E+03  0.0000000E+00  6.3620394E+03  5.5446975E-02  0.0000000E+00  2.2161726E+03  3.0875627E+03  0.0000000E+00  0.0000000E+00  0.0000000E+00  0.0000000E+00  0.0000000E+00  9.8499336E+03  6.6192020E-03
     1.3640000E+03    236.5780289  8.4944110E+06 -7.0990000E+03  0.0000000E+00  6.2231863E+03  5.5355176E-02  0.0000000E+00  2.2081655E+03  3.0836887E+03  0.0000000E+00  0.0000000E+00  0.0000000E+00  0.0000000E+00  0.0000000E+00  9.8152559E+03  3.7144921E-03
     1.3650000E+03    236.5674254  8.4866020E+06 -7.8090000E+03  0.0000000E+00  6.9331514E+03  5.5263571E-02  0.0000000E+00  2.2008555E+03  3.0771091E+03  0.0000000E+00  0.0000000E+00  0.0000000E+00  0.0000000E+00  0.0000000E+00  9.7816865E+03 -3.4973880E-03
     1.3660000E+03    236.5549664  8.4774260E+06 -9.1760000E+03  0.0000000E+00  8.3027719E+03  5.5172164E-02  0.0000000E+00  2.1944292E+03  3.0675107E+03  0.0000000E+00  0.0000000E+00  0.0000000E+00  0.0000000E+00  0.0000000E+00  9.7481289E+03  1.7778665E-03
     1.3670000E+03    236.5436394  8.4690840E+06 -8.3420000E+03  0.0000000E+00  7.4701970E+03  5.5080965E-02  0.0000000E+00  2.1877773E+03  3.0598127E+03  0.0000000E+00  0.0000000E+00  0.0000000E+00  0.0000000E+00  0.0000000E+00  9.7140703E+03 -1.6878842E-03
     1.3680000E+03    236.5326993  8.4610270E+06 -8.0570000E+03  0.0000000E+00  7.1848549E+03  5.4989953E-02  0.0000000E+00  2.1810596E+03  3.0534600E+03  0.0000000E+00  0.0000000E+00  0.0000000E+00  0.0000000E+00  0.0000000E+00  9.6801348E+03 -1.9553541E-03
     1.3690000E+03    236.5213633  8.4526780E+06 -8.3490000E+03  0.0000000E+00  7.4773474E+03  5.4899137E-02  0.0000000E+00  2.1746042E+03  3.0460896E+03  0.0000000E+00  0.0000000E+00  0.0000000E+00  0.0000000E+00  0.0000000E+00  9.6465566E+03  2.1158131E-03
     1.3700000E+03    236.5110254  8.4450640E+06 -7.6140000E+03  0.0000000E+00  6.7417332E+03  5.4808524E-02  0.0000000E+00  2.1685244E+03  3.0405122E+03  0.0000000E+00  0.0000000E+00  0.0000000E+00  0.0000000E+00  0.0000000E+00  9.6147734E+03  3.4042061E-03
     1.3710000E+03    236.5007867  8.4375240E+06 -7.5400000E+03  0.0000000E+00  6.6680472E+03  5.4718103E-02  0.0000000E+00  2.1624678E+03  3.0350554E+03  0.0000000E+00  0.0000000E+00  0.0000000E+00  0.0000000E+00  0.0000000E+00  9.5834287E+03 -5.9782746E-03
     1.3720000E+03    236.4891493  8.4289530E+06 -8.5710000E+03  0.0000000E+00  7.7016514E+03  5.4627869E-02  0.0000000E+00  2.1567236E+03  3.0258684E+03  0.0000000E+00  0.0000000E+00  0.0000000E+00  0.0000000E+00  0.0000000E+00  9.5518545E+03  2.4123848E-03
     1.3730000E+03    236.4774893  8.4203660E+06 -8.5870000E+03  0.0000000E+00  7.7222915E+03  5.4537836E-02  0.0000000E+00  2.1510356E+03  3.0162095E+03  0.0000000E+00  0.0000000E+00  0.0000000E+00  0.0000000E+00  0.0000000E+00  9.5197109E+03 -3.8285865E-03
     1.3740000E+03    236.4674815  8.4129950E+06 -7.3710000E+03  0.0000000E+00  6.5055654E+03  5.4447990E-02  0.0000000E+00  2.1452876E+03  3.0103689E+03  0.0000000E+00  0.0000000E+00  0.0000000E+00  0.0000000E+00  0.0000000E+00  9.4883535E+03  4.2794175E-03
     1.3750000E+03    236.4560960  8.4046100E+06 -8.3850000E+03  0.0000000E+00  7.5229384E+03  5.4358333E-02  0.0000000E+00  2.1395820E+03  3.0019753E+03  0.0000000E+00  0.0000000E+00  0.0000000E+00  0.0000000E+00  0.0000000E+00  9.4565469E+03 -2.6351165E-03
     1.3760000E+03    236.4428591  8.3948610E+06 -9.7490000E+03  0.0000000E+00  8.8938491E+03  5.4268882E-02  0.0000000E+00  2.1341455E+03  2.9890823E+03  0.0000000E+00  0.0000000E+00  0.0000000E+00  0.0000000E+00  0.0000000E+00  9.4234570E+03  2.2682219E-03
     1.3770000E+03    236.4313968  8.3864195E+06 -8.4415000E+03  0.0000000E+00  7.5905024E+03  5.4179609E-02  0.0000000E+00  2.1287603E+03  2.9799807E+03  0.0000000E+00  0.0000000E+00  0.0000000E+00  0.0000000E+00  0.0000000E+00  9.3908682E+03 -1.5982742E-03
     1.3780000E+03    236.4205565  8.3784355E+06 -7.9840000E+03  0.0000000E+00  7.1341553E+03  5.4090522E-02  0.0000000E+00  2.1235991E+03  2.9731873E+03  0.0000000E+00  0.0000000E+00  0.0000000E+00  0.0000000E+00  0.0000000E+00  9.3597363E+03  3.0724879E-03
     1.3790000E+03    236.4062855  8.3679255E+06 -1.0510000E+04  0.0000000E+00  9.6705373E+03  5.4001641E-02  0.0000000E+00  2.1192451E+03  2.9591372E+03  0.0000000E+00  0.0000000E+00  0.0000000E+00  0.0000000E+00  0.0000000E+00  9.3281982E+03 -2.9691979E-03
     1.3800000E+03    236.3910901  8.3567340E+06 -1.1191500E+04  0.0000000E+00  1.0363777E+04  5.3912949E-02  0.0000000E+00  2.1151299E+03  2.9425818E+03  0.0000000E+00  0.0000000E+00  0.0000000E+00  0.0000000E+00  0.0000000E+00  9.2951035E+03  2.4365699E-03
     1.3810000E+03    236.3773626  8.3466240E+06 -1.0110000E+04  0.0000000E+00  9.2908146E+03  5.3824436E-02  0.0000000E+00  2.1108191E+03  2.9301531E+03  0.0000000E+00  0.0000000E+00  0.0000000E+00  0.0000000E+00  0.0000000E+00  9.2618184E+03 -7.7511504E-04
     1.3820000E+03    236.3662982  8.3384750E+06 -8.1490000E+03  0.0000000E+00  7.3292966E+03  5.3736117E-02  0.0000000E+00  2.1052913E+03  2.9248254E+03  0.0000000E+00  0.0000000E+00  0.0000000E+00  0.0000000E+00  0.0000000E+00  9.2278447E+03  2.1713828E-03
     1.3830000E+03    236.3552845  8.3303640E+06 -8.1110000E+03  0.0000000E+00  7.2926820E+03  5.3647991E-02  0.0000000E+00  2.1005432E+03  2.9193269E+03  0.0000000E+00  0.0000000E+00  0.0000000E+00  0.0000000E+00  0.0000000E+00  9.1955312E+03 -4.0355367E-03
     1.3840000E+03    236.3436308  8.3217810E+06 -8.5830000E+03  0.0000000E+00  7.7666132E+03  5.3560048E-02  0.0000000E+00  2.0956980E+03  2.9118567E+03  0.0000000E+00  0.0000000E+00  0.0000000E+00  0.0000000E+00  0.0000000E+00  9.1635547E+03  2.6338045E-03
     1.3850000E+03    236.3331293  8.3140470E+06 -7.7340000E+03  0.0000000E+00  6.9171291E+03  5.3472288E-02  0.0000000E+00  2.0900935E+03  2.9072463E+03  0.0000000E+00  0.0000000E+00  0.0000000E+00  0.0000000E+00  0.0000000E+00  9.1308428E+03 -2.3210365E-03
     1.3860000E+03    236.3236395  8.3070580E+06 -6.9890000E+03  0.0000000E+00  6.1716570E+03  5.3384718E-02  0.0000000E+00  2.0852063E+03  2.9026724E+03  0.0000000E+00  0.0000000E+00  0.0000000E+00  0.0000000E+00  0.0000000E+00  9.1002568E+03 -7.7485060E-04
     1.3870000E+03    236.3134467  8.2995510E+06 -7.5070000E+03  0.0000000E+00  6.6880637E+03  5.3297337E-02  0.0000000E+00  2.0795825E+03  2.8983787E+03  0.0000000E+00  0.0000000E+00  0.0000000E+00  0.0000000E+00  0.0000000E+00  9.0688506E+03  2.0170086E-03
     1.3880000E+03    236.3033729  8.2921320E+06 -7.4190000E+03  0.0000000E+00  6.6021866E+03  5.3210136E-02  0.0000000E+00  2.0741990E+03  2.8912563E+03  0.0000000E+00  0.0000000E+00  0.0000000E+00  0.0000000E+00  0.0000000E+00  9.0374980E+03 -2.0161942E-03
     1.3890000E+03    236.2912018  8.2831680E+06 -8.9640000E+03  0.0000000E+00  8.1531861E+03  5.3123124E-02  0.0000000E+00  2.0700344E+03  2.8806987E+03  0.0000000E+00  0.0000000E+00  0.0000000E+00  0.0000000E+00  0.0000000E+00  9.0077480E+03  1.8409201E-03
     1.3900000E+03    236.2770688  8.2727590E+06 -1.0409000E+04  0.0000000E+00  9.6095524E+03  5.3036295E-02  0.0000000E+00  2.0664861E+03  2.8657600E+03  0.0000000E+00  0.0000000E+00  0.0000000E+00  0.0000000E+00  0.0000000E+00  8.9782178E+03  1.8160868E-03
     1.3910000E+03    236.2638008  8.2629875E+06 -9.7715000E+03  0.0000000E+00  8.9815290E+03  5.2949656E-02  0.0000000E+00  2.0628262E+03  2.8529551E+03  0.0000000E+00  0.0000000E+00  0.0000000E+00  0.0000000E+00  0.0000000E+00  8.9478291E+03 -8.9119852E-04
     1.3920000E+03    236.2523113  8.2545260E+06 -8.4615000E+03  0.0000000E+00  7.6747321E+03  5.2863188E-02  0.0000000E+00  2.0581946E+03  2.8453481E+03  0.0000000E+00  0.0000000E+00  0.0000000E+00  0.0000000E+00  0.0000000E+00  8.9160938E+03 -3.1561665E-03
     1.3930000E+03    236.2411973  8.2463405E+06 -8.1855000E+03  0.0000000E+00  7.4005206E+03  5.2776903E-02  0.0000000E+00  2.0536819E+03  2.8385574E+03  0.0000000E+00  0.0000000E+00  0.0000000E+00  0.0000000E+00  0.0000000E+00  8.8843115E+03  1.5260163E-03
     1.3940000E+03    236.2308482  8.2387185E+06 -7.6220000E+03  0.0000000E+00  6.8379836E+03  5.2690815E-02  0.0000000E+00  2.0493142E+03  2.8332646E+03  0.0000000E+00  0.0000000E+00  0.0000000E+00  0.0000000E+00  0.0000000E+00  8.8536895E+03  1.2319054E-03
     1.3950000E+03    236.2210853  8.2315285E+06 -7.1900000E+03  0.0000000E+00  6.4061575E+03  5.2604899E-02  0.0000000E+00  2.0447468E+03  2.8288948E+03  0.0000000E+00  0.0000000E+00  0.0000000E+00  0.0000000E+00  0.0000000E+00  8.8239492E+03 -2.7440879E-03
     1.3960000E+03    236.2106112  8.2238145E+06 -7.7140000E+03  0.0000000E+00  6.9317977E+03  5.2519161E-02  0.0000000E+00  2.0403811E+03  2.8225947E+03  0.0000000E+00  0.0000000E+00  0.0000000E+00  0.0000000E+00  0.0000000E+00  8.7947803E+03  4.2048364E-04
     1.3970000E+03    236.2003784  8.2162780E+06 -7.5365000E+03  0.0000000E+00  6.7568908E+03  5.2433617E-02  0.0000000E+00  2.0365084E+03  2.8159954E+03  0.0000000E+00  0.0000000E+00  0.0000000E+00  0.0000000E+00  0.0000000E+00  8.7672354E+03  1.8311403E-03
     1.3980000E+03    236.1898550  8.2085275E+06 -7.7505000E+03  0.0000000E+00  6.9744370E+03  5.2348241E-02  0.0000000E+00  2.0327915E+03  2.8087505E+03  0.0000000E+00  0.0000000E+00  0.0000000E+00  0.0000000E+00  0.0000000E+00  8.7403516E+03  1.5971278E-03
     1.3990000E+03    236.1766066  8.1987705E+06 -9.7570000E+03  0.0000000E+00  8.9909808E+03  5.2263051E-02  0.0000000E+00  2.0297731E+03  2.7960771E+03  0.0000000E+00  0.0000000E+00  0.0000000E+00  0.0000000E+00  0.0000000E+00  8.7132344E+03 -1.9718397E-03
     1.4000000E+03    236.1644687  8.1898310E+06 -8.9395000E+03  0.0000000E+00  8.1809368E+03  5.2178036E-02  0.0000000E+00  2.0267472E+03  2.7851907E+03  0.0000000E+00  0.0000000E+00  0.0000000E+00  0.0000000E+00  0.0000000E+00  8.6856455E+03  1.5673263E-03
     1.4010000E+03    236.1520647  8.1806955E+06 -9.1355000E+03  0.0000000E+00  8.3842681E+03  5.2093200E-02  0.0000000E+00  2.0237920E+03  2.7749473E+03  0.0000000E+00  0.0000000E+00  0.0000000E+00  0.0000000E+00  0.0000000E+00  8.6577051E+03  1.1464040E-03
     1.4020000E+03    236.1395446  8.1714750E+06 -9.2205000E+03  0.0000000E+00  8.4770484E+03  5.2008539E-02  0.0000000E+00  2.0208461E+03  2.7646902E+03  0.0000000E+00  0.0000000E+00  0.0000000E+00  0.0000000E+00  0.0000000E+00  8.6292227E+03 -3.0317400E-03
     1.4030000E+03    236.1283490  8.1632295E+06 -8.2455000E+03  0.0000000E+00  7.5059558E+03  5.1924061E-02  0.0000000E+00  2.0175487E+03  2.7570422E+03  0.0000000E+00  0.0000000E+00  0.0000000E+00  0.0000000E+00  0.0000000E+00  8.6033115E+03  9.9911413E-04
     1.4040000E+03    236.1180870  8.1556720E+06 -7.5575000E+03  0.0000000E+00  6.8199505E+03  5.1839761E-02  0.0000000E+00  2.0140347E+03  2.7518740E+03  0.0000000E+00  0.0000000E+00  0.0000000E+00  0.0000000E+00  0.0000000E+00  8.5778262E+03 -2.4843016E-03
     1.4050000E+03    236.1085026  8.1486130E+06 -7.0590000E+03  0.0000000E+00  6.3214546E+03  5.1755637E-02  0.0000000E+00  2.0107196E+03  2.7480640E+03  0.0000000E+00  0.0000000E+00  0.0000000E+00  0.0000000E+00  0.0000000E+00  8.5532891E+03  2.7887884E-03
     1.4060000E+03    236.0964468  8.1397340E+06 -8.8790000E+03  0.0000000E+00  8.1478537E+03  5.1671691E-02  0.0000000E+00  2.0077135E+03  2.7388562E+03  0.0000000E+00  0.0000000E+00  0.0000000E+00  0.0000000E+00  0.0000000E+00  8.5281445E+03  5.0233264E-04
     1.4070000E+03    236.0860565  8.1320820E+06 -7.6520000E+03  0.0000000E+00  6.9247690E+03  5.1587917E-02  0.0000000E+00  2.0045555E+03  2.7320852E+03  0.0000000E+00  0.0000000E+00  0.0000000E+00  0.0000000E+00  0.0000000E+00  8.5032002E+03 -2.5584968E-03
     1.4080000E+03    236.0737311  8.1230045E+06 -9.0775000E+03  0.0000000E+00  8.3571625E+03  5.1504314E-02  0.0000000E+00  2.0017487E+03  2.7221257E+03  0.0000000E+00  0.0000000E+00  0.0000000E+00  0.0000000E+00  0.0000000E+00  8.4781074E+03  1.0577169E-04
     1.4090000E+03    236.0602942  8.1131085E+06 -9.8960000E+03  0.0000000E+00  9.1858058E+03  5.1420894E-02  0.0000000E+00  1.9991893E+03  2.7094912E+03  0.0000000E+00  0.0000000E+00  0.0000000E+00  0.0000000E+00  0.0000000E+00  8.4521797E+03 -4.7615982E-04
     1.4100000E+03    236.0477874  8.1038970E+06 -9.2115000E+03  0.0000000E+00  8.5085042E+03  5.1337644E-02  0.0000000E+00  1.9965264E+03  2.6991379E+03  0.0000000E+00  0.0000000E+00  0.0000000E+00  0.0000000E+00  0.0000000E+00  8.4258809E+03  3.8948732E-03
     1.4110000E+03    236.0345775  8.0941685E+06 -9.7285000E+03  0.0000000E+00  9.0345901E+03  5.1254574E-02  0.0000000E+00  1.9939186E+03  2.6882742E+03  0.0000000E+00  0.0000000E+00  0.0000000E+00  0.0000000E+00  0.0000000E+00  8.3990996E+03 -3.3654850E-03
     1.4120000E+03    236.0213377  8.0844175E+06 -9.7510000E+03  0.0000000E+00  9.0646097E+03  5.1171672E-02  0.0000000E+00  1.9911754E+03  2.6774441E+03  0.0000000E+00  0.0000000E+00  0.0000000E+00  0.0000000E+00  0.0000000E+00  8.3713574E+03  1.4720727E-03
     1.4130000E+03    236.0074326  8.0741765E+06 -1.0241000E+04  0.0000000E+00  9.5638750E+03  5.1088944E-02  0.0000000E+00  1.9886000E+03  2.6656890E+03  0.0000000E+00  0.0000000E+00  0.0000000E+00  0.0000000E+00  0.0000000E+00  8.3432764E+03  7.1068812E-04
     1.4140000E+03    235.9954636  8.0654190E+06 -8.7575000E+03  0.0000000E+00  8.0854112E+03  5.1006395E-02  0.0000000E+00  1.9856962E+03  2.6579109E+03  0.0000000E+00  0.0000000E+00  0.0000000E+00  0.0000000E+00  0.0000000E+00  8.3152686E+03 -6.9992605E-04
     1.4150000E+03    235.9846777  8.0576120E+06 -7.8070000E+03  0.0000000E+00  7.1365469E+03  5.0924007E-02  0.0000000E+00  1.9825311E+03  2.6530938E+03  0.0000000E+00  0.0000000E+00  0.0000000E+00  0.0000000E+00  0.0000000E+00  8.2879014E+03 -5.9852807E-04
     1.4160000E+03    235.9730559  8.0492000E+06 -8.4120000E+03  0.0000000E+00  7.7452653E+03  5.0841797E-02  0.0000000E+00  1.9795438E+03  2.6464602E+03  0.0000000E+00  0.0000000E+00  0.0000000E+00  0.0000000E+00  0.0000000E+00  8.2610791E+03 -1.2592651E-03
     1.4170000E+03    235.9618521  8.0410905E+06 -8.1095000E+03  0.0000000E+00  7.4459169E+03  5.0759751E-02  0.0000000E+00  1.9764568E+03  2.6401021E+03  0.0000000E+00  0.0000000E+00  0.0000000E+00  0.0000000E+00  0.0000000E+00  8.2341826E+03 -1.1618806E-04
     1.4180000E+03    235.9508322  8.0331140E+06 -7.9765000E+03  0.0000000E+00  7.3158411E+03  5.0677884E-02  0.0000000E+00  1.9733573E+03  2.6340593E+03  0.0000000E+00  0.0000000E+00  0.0000000E+00  0.0000000E+00  0.0000000E+00  8.2075908E+03  7.8518373E-05
     1.4190000E+03    235.9412814  8.0262010E+06 -6.9130000E+03  0.0000000E+00  6.2524533E+03  5.0596189E-02  0.0000000E+00  1.9699851E+03  2.6306133E+03  0.0000000E+00  0.0000000E+00  0.0000000E+00  0.0000000E+00  0.0000000E+00  8.1815137E+03 -3.4629618E-04
     1.4200000E+03    235.9309197  8.0187005E+06 -7.5005000E+03  0.0000000E+00  6.8413202E+03  5.0514665E-02  0.0000000E+00  1.9667119E+03  2.6254915E+03  0.0000000E+00  0.0000000E+00  0.0000000E+00  0.0000000E+00  0.0000000E+00  8.1557944E+03  4.7658272E-03
     1.4210000E+03    235.9210279  8.0115410E+06 -7.1595000E+03  0.0000000E+00  6.5029805E+03  5.0433297E-02  0.0000000E+00  1.9635267E+03  2.6204854E+03  0.0000000E+00  0.0000000E+00  0.0000000E+00  0.0000000E+00  0.0000000E+00  8.1308311E+03 -4.2601340E-03
     1.4220000E+03    235.9114600  8.0046155E+06 -6.9255000E+03  0.0000000E+00  6.2699097E+03  5.0352104E-02  0.0000000E+00  1.9602965E+03  2.6159292E+03  0.0000000E+00  0.0000000E+00  0.0000000E+00  0.0000000E+00  0.0000000E+00  8.1062803E+03  8.7920795E-05
     1.4230000E+03    235.9014105  7.9973415E+06 -7.2740000E+03  0.0000000E+00  6.6210138E+03  5.0271083E-02  0.0000000E+00  1.9570278E+03  2.6101445E+03  0.0000000E+00  0.0000000E+00  0.0000000E+00  0.0000000E+00  0.0000000E+00  8.0814165E+03 -8.6747645E-04
     1.4240000E+03    235.8912650  7.9899975E+06 -7.3440000E+03  0.0000000E+00  6.6935735E+03  5.0190225E-02  0.0000000E+00  1.9537634E+03  2.6037686E+03  0.0000000E+00  0.0000000E+00  0.0000000E+00  0.0000000E+00  0.0000000E+00  8.0563755E+03  5.0732745E-03
     1.4250000E+03    235.8820986  7.9833630E+06 -6.6345000E+03  0.0000000E+00  5.9859071E+03  5.0109539E-02  0.0000000E+00  1.9501508E+03  2.5991465E+03  0.0000000E+00  0.0000000E+00  0.0000000E+00  0.0000000E+00  0.0000000E+00  8.0310210E+03 -4.1121156E-03
     1.4260000E+03    235.8744765  7.9778460E+06 -5.5170000E+03  0.0000000E+00  4.8661010E+03  5.0029017E-02  0.0000000E+00  1.9465627E+03  2.5975483E+03  0.0000000E+00  0.0000000E+00  0.0000000E+00  0.0000000E+00  0.0000000E+00  8.0070903E+03 -4.9065932E-04
     1.4270000E+03    235.8640945  7.9703310E+06 -7.5150000E+03  0.0000000E+00  6.8676765E+03  4.9948659E-02  0.0000000E+00  1.9434347E+03  2.5905259E+03  0.0000000E+00  0.0000000E+00  0.0000000E+00  0.0000000E+00  0.0000000E+00  7.9834482E+03  2.9736091E-03
     1.4280000E+03    235.8541570  7.9631380E+06 -7.1930000E+03  0.0000000E+00  6.5500850E+03  4.9868468E-02  0.0000000E+00  1.9402971E+03  2.5832549E+03  0.0000000E+00  0.0000000E+00  0.0000000E+00  0.0000000E+00  0.0000000E+00  7.9594116E+03  8.0192120E-05
     1.4290000E+03    235.8424275  7.9546480E+06 -8.4900000E+03  0.0000000E+00  7.8546497E+03  4.9788445E-02  0.0000000E+00  1.9375558E+03  2.5730420E+03  0.0000000E+00  0.0000000E+00  0.0000000E+00  0.0000000E+00  0.0000000E+00  7.9350566E+03 -8.2412775E-04
     1.4300000E+03    235.8321047  7.9471760E+06 -7.4720000E+03  0.0000000E+00  6.8411933E+03  4.9708582E-02  0.0000000E+00  1.9347245E+03  2.5653982E+03  0.0000000E+00  0.0000000E+00  0.0000000E+00  0.0000000E+00  0.0000000E+00  7.9106904E+03  1.9413746E-03
     1.4310000E+03    235.8236030  7.9410225E+06 -6.1535000E+03  0.0000000E+00  5.5233347E+03  4.9628895E-02  0.0000000E+00  1.9315282E+03  2.5620044E+03  0.0000000E+00  0.0000000E+00  0.0000000E+00  0.0000000E+00  0.0000000E+00  7.8866865E+03 -3.2369543E-03
     1.4320000E+03    235.8155084  7.9351635E+06 -5.8590000E+03  0.0000000E+00  5.2278169E+03  4.9549360E-02  0.0000000E+00  1.9282760E+03  2.5595747E+03  0.0000000E+00  0.0000000E+00  0.0000000E+00  0.0000000E+00  0.0000000E+00  7.8634570E+03 -8.4647047E-04
     1.4330000E+03    235.8057591  7.9281065E+06 -7.0570000E+03  0.0000000E+00  6.4285875E+03  4.9469993E-02  0.0000000E+00  1.9251636E+03  2.5533455E+03  0.0000000E+00  0.0000000E+00  0.0000000E+00  0.0000000E+00  0.0000000E+00  7.8398491E+03  3.1204135E-03
     1.4340000E+03    235.7952393  7.9204920E+06 -7.6145000E+03  0.0000000E+00  6.9920995E+03  4.9390785E-02  0.0000000E+00  1.9225029E+03  2.5449192E+03  0.0000000E+00  0.0000000E+00  0.0000000E+00  0.0000000E+00  0.0000000E+00  7.8165747E+03  3.5326980E-04
     1.4350000E+03    235.7854163  7.9133820E+06 -7.1100000E+03  0.0000000E+00  6.4921074E+03  4.9311750E-02  0.0000000E+00  1.9198716E+03  2.5379124E+03  0.0000000E+00  0.0000000E+00  0.0000000E+00  0.0000000E+00  0.0000000E+00  7.7936509E+03 -1.0922769E-03
     1.4360000E+03    235.7765649  7.9069755E+06 -6.4065000E+03  0.0000000E+00  5.7904702E+03  4.9232874E-02  0.0000000E+00  1.9167981E+03  2.5332195E+03  0.0000000E+00  0.0000000E+00  0.0000000E+00  0.0000000E+00  0.0000000E+00  7.7701431E+03 -4.1121808E-03
     1.4370000E+03    235.7675953  7.9004830E+06 -6.4925000E+03  0.0000000E+00  5.8780958E+03  4.9154151E-02  0.0000000E+00  1.9141298E+03  2.5284604E+03  0.0000000E+00  0.0000000E+00  0.0000000E+00  0.0000000E+00  0.0000000E+00  7.7477617E+03  1.4520846E-03
     1.4380000E+03    235.7585722  7.8939515E+06 -6.5315000E+03  0.0000000E+00  5.9192495E+03  4.9075603E-02  0.0000000E+00  1.9113318E+03  2.5232764E+03  0.0000000E+00  0.0000000E+00  0.0000000E+00  0.0000000E+00  0.0000000E+00  7.7253081E+03  4.2104553E-03
     1.4390000E+03    235.7504327  7.8880600E+06 -5.8915000E+03  0.0000000E+00  5.2804785E+03  4.8997205E-02  0.0000000E+00  1.9084777E+03  2.5195615E+03  0.0000000E+00  0.0000000E+00  0.0000000E+00  0.0000000E+00  0.0000000E+00  7.7036138E+03 -1.7527955E-04
     1.4400000E+03    235.7428436  7.8825670E+06 -5.4930000E+03  0.0000000E+00  4.8811857E+03  4.8918974E-02  0.0000000E+00  1.9051125E+03  2.5171394E+03  0.0000000E+00  0.0000000E+00  0.0000000E+00  0.0000000E+00  0.0000000E+00  7.6815166E+03 -2.2109628E-03
     1.4410000E+03    235.7339236  7.8761105E+06 -6.4565000E+03  0.0000000E+00  5.8478256E+03  4.8840899E-02  0.0000000E+00  1.9026121E+03  2.5113872E+03  0.0000000E+00  0.0000000E+00  0.0000000E+00  0.0000000E+00  0.0000000E+00  7.6605591E+03 -6.1917090E-04
     1.4420000E+03    235.7250366  7.8696780E+06 -6.4325000E+03  0.0000000E+00  5.8272002E+03  4.8762988E-02  0.0000000E+00  1.8999990E+03  2.5054170E+03  0.0000000E+00  0.0000000E+00  0.0000000E+00  0.0000000E+00  0.0000000E+00  7.6394126E+03 -8.3210279E-04
     1.4430000E+03    235.7159128  7.8630740E+06 -6.6040000E+03  0.0000000E+00  6.0024290E+03  4.8685230E-02  0.0000000E+00  1.8974913E+03  2.4991460E+03  0.0000000E+00  0.0000000E+00  0.0000000E+00  0.0000000E+00  0.0000000E+00  7.6180874E+03 -4.1352632E-04
     1.4440000E+03    235.7061927  7.8560385E+06 -7.0355000E+03  0.0000000E+00  6.4389711E+03  4.8607633E-02  0.0000000E+00  1.8952109E+03  2.4918337E+03  0.0000000E+00  0.0000000E+00  0.0000000E+00  0.0000000E+00  0.0000000E+00  7.5966948E+03 -5.0299917E-04
     1.4450000E+03    235.6977914  7.8499570E+06 -6.0815000E+03  0.0000000E+00  5.4868426E+03  4.8530202E-02  0.0000000E+00  1.8927284E+03  2.4870403E+03  0.0000000E+00  0.0000000E+00  0.0000000E+00  0.0000000E+00  0.0000000E+00  7.5753188E+03  4.9416698E-03
     1.4460000E+03    235.6891168  7.8436785E+06 -6.2785000E+03  0.0000000E+00  5.6871172E+03  4.8452925E-02  0.0000000E+00  1.8904341E+03  2.4822083E+03  0.0000000E+00  0.0000000E+00  0.0000000E+00  0.0000000E+00  0.0000000E+00  7.5545273E+03 -4.1958597E-03
     1.4470000E+03    235.6806108  7.8375215E+06 -6.1570000E+03  0.0000000E+00  5.5676030E+03  4.8375808E-02  0.0000000E+00  1.8881534E+03  2.4774219E+03  0.0000000E+00  0.0000000E+00  0.0000000E+00  0.0000000E+00  0.0000000E+00  7.5338770E+03  2.1971071E-03
     1.4480000E+03    235.6732008  7.8321580E+06 -5.3635000E+03  0.0000000E+00  4.7745580E+03  4.8298836E-02  0.0000000E+00  1.8855349E+03  2.4745820E+03  0.0000000E+00  0.0000000E+00  0.0000000E+00  0.0000000E+00  0.0000000E+00  7.5131035E+03 -7.8134268E-04
     1.4490000E+03    235.6659043  7.8268765E+06 -5.2815000E+03  0.0000000E+00  4.6920629E+03  4.8222031E-02  0.0000000E+00  1.8826466E+03  2.4719526E+03  0.0000000E+00  0.0000000E+00  0.0000000E+00  0.0000000E+00  0.0000000E+00  7.4922393E+03  2.5013795E-03
     1.4500000E+03    235.6591312  7.8219740E+06 -4.9025000E+03  0.0000000E+00  4.3124174E+03  4.8145380E-02  0.0000000E+00  1.8797155E+03  2.4698679E+03  0.0000000E+00  0.0000000E+00  0.0000000E+00  0.0000000E+00  0.0000000E+00  7.4719390E+03 -3.1677191E-04
     1.4510000E+03    235.6518378  7.8166950E+06 -5.2790000E+03  0.0000000E+00  4.6897233E+03  4.8068888E-02  0.0000000E+00  1.8771218E+03  2.4666101E+03  0.0000000E+00  0.0000000E+00  0.0000000E+00  0.0000000E+00  0.0000000E+00  7.4527466E+03 -2.2789037E-03
     1.4520000E+03    235.6437500  7.8108410E+06 -5.8540000E+03  0.0000000E+00  5.2674830E+03  4.7992546E-02  0.0000000E+00  1.8747562E+03  2.4614634E+03  0.0000000E+00  0.0000000E+00  0.0000000E+00  0.0000000E+00  0.0000000E+00  7.4336250E+03 -1.8384116E-03
     1.4530000E+03    235.6350541  7.8045465E+06 -6.2945000E+03  0.0000000E+00  5.7117275E+03  4.7916360E-02  0.0000000E+00  1.8724427E+03  2.4550000E+03  0.0000000E+00  0.0000000E+00  0.0000000E+00  0.0000000E+00  0.0000000E+00  7.4138169E+03  3.2226322E-03
     1.4540000E+03    235.6268770  7.7986280E+06 -5.9185000E+03  0.0000000E+00  5.3403615E+03  4.7840334E-02  0.0000000E+00  1.8710452E+03  2.4495586E+03  0.0000000E+00  0.0000000E+00  0.0000000E+00  0.0000000E+00  0.0000000E+00  7.3969019E+03 -4.1996380E-03
     1.4550000E+03    235.6194597  7.7932590E+06 -5.3690000E+03  0.0000000E+00  4.7913054E+03  4.7764454E-02  0.0000000E+00  1.8684803E+03  2.4459700E+03  0.0000000E+00  0.0000000E+00  0.0000000E+00  0.0000000E+00  0.0000000E+00  7.3764067E+03  3.4948192E-03
     1.4560000E+03    235.6115403  7.7875270E+06 -5.7320000E+03  0.0000000E+00  5.1574345E+03  4.7688730E-02  0.0000000E+00  1.8664536E+03  2.4413198E+03  0.0000000E+00  0.0000000E+00  0.0000000E+00  0.0000000E+00  0.0000000E+00  7.3569634E+03 -3.3285678E-03
     1.4570000E+03    235.6037979  7.7819225E+06 -5.6045000E+03  0.0000000E+00  5.0313879E+03  4.7613163E-02  0.0000000E+00  1.8640336E+03  2.4368638E+03  0.0000000E+00  0.0000000E+00  0.0000000E+00  0.0000000E+00  0.0000000E+00  7.3372412E+03  4.4132131E-03
     1.4580000E+03    235.5952834  7.7757595E+06 -6.1630000E+03  0.0000000E+00  5.5937630E+03  4.7537748E-02  0.0000000E+00  1.8617993E+03  2.4310559E+03  0.0000000E+00  0.0000000E+00  0.0000000E+00  0.0000000E+00  0.0000000E+00  7.3176646E+03  3.4073976E-04
     1.4590000E+03    235.5878074  7.7703485E+06 -5.4110000E+03  0.0000000E+00  4.8439142E+03  4.7462486E-02  0.0000000E+00  1.8595537E+03  2.4269790E+03  0.0000000E+00  0.0000000E+00  0.0000000E+00  0.0000000E+00  0.0000000E+00  7.2987622E+03 -4.0159053E-03
     1.4600000E+03    235.5797848  7.7645415E+06 -5.8070000E+03  0.0000000E+00  5.2422152E+03  4.7387369E-02  0.0000000E+00  1.8574662E+03  2.4222622E+03  0.0000000E+00  0.0000000E+00  0.0000000E+00  0.0000000E+00  0.0000000E+00  7.2801934E+03  4.7143217E-04
     1.4610000E+03    235.5706382  7.7579210E+06 -6.6205000E+03  0.0000000E+00  6.0609095E+03  4.7312412E-02  0.0000000E+00  1.8556707E+03  2.4152961E+03  0.0000000E+00  0.0000000E+00  0.0000000E+00  0.0000000E+00  0.0000000E+00  7.2614956E+03  1.3825466E-04
     1.4620000E+03    235.5620867  7.7517310E+06 -6.1900000E+03  0.0000000E+00  5.6341405E+03  4.7237601E-02  0.0000000E+00  1.8537817E+03  2.4094512E+03  0.0000000E+00  0.0000000E+00  0.0000000E+00  0.0000000E+00  0.0000000E+00  7.2424165E+03  2.9502329E-03
     1.4630000E+03    235.5532621  7.7453435E+06 -6.3875000E+03  0.0000000E+00  5.8354667E+03  4.7162946E-02  0.0000000E+00  1.8518110E+03  2.4038337E+03  0.0000000E+00  0.0000000E+00  0.0000000E+00  0.0000000E+00  0.0000000E+00  7.2226963E+03  6.9929706E-04
     1.4640000E+03    235.5450138  7.7393735E+06 -5.9700000E+03  0.0000000E+00  5.4211608E+03  4.7088437E-02  0.0000000E+00  1.8499651E+03  2.3991472E+03  0.0000000E+00  0.0000000E+00  0.0000000E+00  0.0000000E+00  0.0000000E+00  7.2036958E+03 -3.7774749E-03
     1.4650000E+03    235.5380776  7.7343530E+06 -5.0205000E+03  0.0000000E+00  4.4715978E+03  4.7014084E-02  0.0000000E+00  1.8478950E+03  2.3968960E+03  0.0000000E+00  0.0000000E+00  0.0000000E+00  0.0000000E+00  0.0000000E+00  7.1852041E+03 -7.5355405E-04
     1.4660000E+03    235.5320942  7.7300220E+06 -4.3310000E+03  0.0000000E+00  3.7799381E+03  4.6939876E-02  0.0000000E+00  1.8453506E+03  2.3964316E+03  0.0000000E+00  0.0000000E+00  0.0000000E+00  0.0000000E+00  0.0000000E+00  7.1667529E+03  4.4271554E-04
     1.4670000E+03    235.5264358  7.7259260E+06 -4.0960000E+03  0.0000000E+00  3.5410402E+03  4.6865817E-02  0.0000000E+00  1.8426531E+03  2.3973191E+03  0.0000000E+00  0.0000000E+00  0.0000000E+00  0.0000000E+00  0.0000000E+00  7.1480625E+03  5.7351897E-03
     1.4680000E+03    235.5203652  7.7215320E+06 -4.3940000E+03  0.0000000E+00  3.8399581E+03  4.6791907E-02  0.0000000E+00  1.8401262E+03  2.3942603E+03  0.0000000E+00  0.0000000E+00  0.0000000E+00  0.0000000E+00  0.0000000E+00  7.1306118E+03 -7.2840176E-04
     1.4690000E+03    235.5148913  7.7175700E+06 -3.9620000E+03  0.0000000E+00  3.4055518E+03  4.6718147E-02  0.0000000E+00  1.8373134E+03  2.3939561E+03  0.0000000E+00  0.0000000E+00  0.0000000E+00  0.0000000E+00  0.0000000E+00  7.1131157E+03 -2.5468555E-03
     1.4700000E+03    235.5091643  7.7134245E+06 -4.1455000E+03  0.0000000E+00  3.5893018E+03  4.6644539E-02  0.0000000E+00  1.8351177E+03  2.3910818E+03  0.0000000E+00  0.0000000E+00  0.0000000E+00  0.0000000E+00  0.0000000E+00  7.0978750E+03  4.6865460E-03
     1.4710000E+03    235.5029758  7.7089455E+06 -4.4790000E+03  0.0000000E+00  3.9243731E+03  4.6571080E-02  0.0000000E+00  1.8329404E+03  2.3880278E+03  0.0000000E+00  0.0000000E+00  0.0000000E+00  0.0000000E+00  0.0000000E+00  7.0830942E+03 -6.5595089E-03
     1.4720000E+03    235.4988333  7.7059470E+06 -2.9985000E+03  6.1556519E+02  3.0619043E+03  5.7160349E+00  0.0000000E+00  1.8304764E+03  2.3883091E+03  0.0000000E+00  0.0000000E+00  0.0000000E+00  0.0000000E+00  0.0000000E+00  7.0703740E+03  8.1078394E-04
     1.4730000E+03    235.4944524  7.7027760E+06 -3.1710000E+03  0.0000000E+00  2.6108394E+03  9.1301546E-02  0.0000000E+00  1.8283193E+03  2.3885093E+03  0.0000000E+00  0.0000000E+00  0.0000000E+00  0.0000000E+00  0.0000000E+00  7.0591060E+03  1.2403959E-03
     1.4740000E+03    235.4888252  7.6987030E+06 -4.0730000E+03  0.0000000E+00  3.5134723E+03  7.1548998E-02  0.0000000E+00  1.8260817E+03  2.3858184E+03  0.0000000E+00  0.0000000E+00  0.0000000E+00  0.0000000E+00  0.0000000E+00  7.0470781E+03 -2.3258226E-03
     1.4750000E+03    235.4827764  7.6943245E+06 -4.3785000E+03  0.0000000E+00  3.8205054E+03  7.1389206E-02  0.0000000E+00  1.8240884E+03  2.3818579E+03  0.0000000E+00  0.0000000E+00  0.0000000E+00  0.0000000E+00  0.0000000E+00  7.0350903E+03  4.7786096E-03
     1.4760000E+03    235.4760596  7.6894630E+06 -4.8615000E+03  0.0000000E+00  4.3071193E+03  7.1268372E-02  0.0000000E+00  1.8219812E+03  2.3767053E+03  0.0000000E+00  0.0000000E+00  0.0000000E+00  0.0000000E+00  0.0000000E+00  7.0221567E+03 -4.0618121E-03
     1.4770000E+03    235.4697615  7.6849040E+06 -4.5590000E+03  0.0000000E+00  4.0063977E+03  7.1151651E-02  0.0000000E+00  1.8199426E+03  2.3723655E+03  0.0000000E+00  0.0000000E+00  0.0000000E+00  0.0000000E+00  0.0000000E+00  7.0091426E+03  3.9269100E-03
     1.4780000E+03    235.4636055  7.6804480E+06 -4.4560000E+03  0.0000000E+00  3.9050802E+03  7.1035564E-02  0.0000000E+00  1.8177725E+03  2.3686174E+03  0.0000000E+00  0.0000000E+00  0.0000000E+00  0.0000000E+00  0.0000000E+00  6.9958809E+03  2.3193308E-03
     1.4790000E+03    235.4564835  7.6752930E+06 -5.1550000E+03  0.0000000E+00  4.6064989E+03  7.0919760E-02  0.0000000E+00  1.8154246E+03  2.3640432E+03  0.0000000E+00  0.0000000E+00  0.0000000E+00  0.0000000E+00  0.0000000E+00  6.9815327E+03 -6.6546787E-04
     1.4800000E+03    235.4504171  7.6709020E+06 -4.3910000E+03  0.0000000E+00  3.8449554E+03  7.0804223E-02  0.0000000E+00  1.8135514E+03  2.3596792E+03  0.0000000E+00  0.0000000E+00  0.0000000E+00  0.0000000E+00  0.0000000E+00  6.9681870E+03 -2.0461014E-04
     1.4810000E+03    235.4456310  7.6674380E+06 -3.4640000E+03  0.0000000E+00  2.9152424E+03  7.0688918E-02  0.0000000E+00  1.8109194E+03  2.3599885E+03  0.0000000E+00  0.0000000E+00  0.0000000E+00  0.0000000E+00  0.0000000E+00  6.9544180E+03 -4.5632627E-03
     1.4820000E+03    235.4636176  7.6804570E+06  1.3019000E+04  1.4763937E+04  1.4601566E+03  3.0708466E+02  0.0000000E+00  1.8058726E+03  2.3976987E+03  0.0000000E+00  0.0000000E+00  0.0000000E+00  0.0000000E+00  0.0000000E+00  6.9503096E+03  2.3145550E-04
     1.4830000E+03    235.5163340  7.7186145E+06  3.8157500E+04  3.7561639E+04  1.3222564E+03  2.6226118E+03  0.0000000E+00  1.7961361E+03  2.5008083E+03  0.0000000E+00  0.0000000E+00  0.0000000E+00  0.0000000E+00  0.0000000E+00  6.9673574E+03 -4.2802727E-04
     1.4840000E+03    235.5180411  7.7198500E+06  1.2355000E+03  3.0789201E+03  1.1796687E+03  5.7056736E+01  0.0000000E+00  1.7917144E+03  2.5123569E+03  0.0000000E+00  0.0000000E+00  0.0000000E+00  0.0000000E+00  0.0000000E+00  6.9835923E+03  3.3640801E-03
     1.4850000E+03    235.5194475  7.7208680E+06  1.0180000E+03  3.0790002E+03  1.3890079E+03  4.0698517E+01  0.0000000E+00  1.7890264E+03  2.5017188E+03  0.0000000E+00  0.0000000E+00  0.0000000E+00  0.0000000E+00  0.0000000E+00  6.9949551E+03 -2.9841633E-05
     1.4860000E+03    235.5185982  7.7202530E+06 -6.1500000E+02  1.2315807E+03  1.1635288E+03  1.6447695E+01  0.0000000E+00  1.7916001E+03  2.4908335E+03  0.0000000E+00  0.0000000E+00  0.0000000E+00  0.0000000E+00  0.0000000E+00  7.0210122E+03  7.2820717E-03
     1.4870000E+03    235.5136283  7.7166560E+06 -3.5970000E+03  0.0000000E+00  2.9610002E+03  3.2040459E-01  0.0000000E+00  1.8384484E+03  2.4751006E+03  0.0000000E+00  0.0000000E+00  0.0000000E+00  0.0000000E+00  0.0000000E+00  7.1822886E+03 -6.1034025E-03
     1.4880000E+03    235.5082753  7.7127810E+06 -3.8750000E+03  0.0000000E+00  3.2879706E+03  4.9692776E-02  0.0000000E+00  1.8736824E+03  2.4603994E+03  0.0000000E+00  0.0000000E+00  0.0000000E+00  0.0000000E+00  0.0000000E+00  7.2726870E+03  6.2942435E-03
     1.4890000E+03    235.5029020  7.7088920E+06 -3.8890000E+03  0.0000000E+00  3.3408602E+03  4.9573075E-02  0.0000000E+00  1.9001018E+03  2.4486440E+03  0.0000000E+00  0.0000000E+00  0.0000000E+00  0.0000000E+00  0.0000000E+00  7.3244116E+03 -6.0977126E-03
     1.4900000E+03    235.4978930  7.7052665E+06 -3.6255000E+03  0.0000000E+00  3.1000012E+03  4.9495492E-02  0.0000000E+00  1.9143740E+03  2.4400027E+03  0.0000000E+00  0.0000000E+00  0.0000000E+00  0.0000000E+00  0.0000000E+00  7.3681450E+03 -1.4542663E-03
     1.4910000E+03    235.4926430  7.7014660E+06 -3.8005000E+03  0.0000000E+00  3.2907069E+03  4.9422242E-02  0.0000000E+00  1.9225474E+03  2.4319495E+03  0.0000000E+00  0.0000000E+00  0.0000000E+00  0.0000000E+00  0.0000000E+00  7.3919741E+03  7.6962458E-03
     1.4920000E+03    235.5135205  7.7165780E+06  1.5112000E+04  1.6624779E+04  1.3829857E+03  4.2698123E+02  0.0000000E+00  1.9141656E+03  2.4713501E+03  0.0000000E+00  0.0000000E+00  0.0000000E+00  0.0000000E+00  0.0000000E+00  7.3960918E+03 -2.1625955E-03
     1.4930000E+03    235.5116796  7.7152455E+06 -1.3325000E+03  1.8113313E+03  2.6000322E+03  2.6515066E+01  0.0000000E+00  1.9048971E+03  2.4752129E+03  0.0000000E+00  0.0000000E+00  0.0000000E+00  0.0000000E+00  0.0000000E+00  7.3906455E+03 -3.3672943E-05
     1.4940000E+03    235.5072632  7.7120485E+06 -3.1970000E+03  0.0000000E+00  2.6291529E+03  8.5040963E-01  0.0000000E+00  1.8962313E+03  2.4646348E+03  0.0000000E+00  0.0000000E+00  0.0000000E+00  0.0000000E+00  0.0000000E+00  7.3806992E+03  5.7754559E-03
     1.4950000E+03    235.5027063  7.7087505E+06 -3.2980000E+03  0.0000000E+00  2.7304289E+03  9.6073240E-02  0.0000000E+00  1.8869987E+03  2.4550010E+03  0.0000000E+00  0.0000000E+00  0.0000000E+00  0.0000000E+00  0.0000000E+00  7.3642422E+03 -6.4596562E-03
     1.4960000E+03    235.4979981  7.7053425E+06 -3.4080000E+03  0.0000000E+00  2.8351058E+03  7.2805807E-02  0.0000000E+00  1.8747341E+03  2.4475957E+03  0.0000000E+00  0.0000000E+00  0.0000000E+00  0.0000000E+00  0.0000000E+00  7.3388062E+03  2.0011144E-03
     1.4970000E+03    235.4933373  7.7019690E+06 -3.3735000E+03  0.0000000E+00  2.7960962E+03  7.2680689E-02  0.0000000E+00  1.8633390E+03  2.4409346E+03  0.0000000E+00  0.0000000E+00  0.0000000E+00  0.0000000E+00  0.0000000E+00  7.3140991E+03 -2.2749652E-03
     1.4980000E+03    235.4883553  7.6983625E+06 -3.6065000E+03  0.0000000E+00  3.0262980E+03  7.2561681E-02  0.0000000E+00  1.8539604E+03  2.4338118E+03  0.0000000E+00  0.0000000E+00  0.0000000E+00  0.0000000E+00  0.0000000E+00  7.2918037E+03  7.7488497E-03
     1.4990000E+03    235.4836695  7.6949710E+06 -3.3915000E+03  0.0000000E+00  2.8184898E+03  7.2443508E-02  0.0000000E+00  1.8546306E+03  2.4279084E+03  0.0000000E+00  0.0000000E+00  0.0000000E+00  0.0000000E+00  0.0000000E+00  7.2701899E+03 -3.7227920E-03
     1.5000000E+03    235.4920149  7.7010115E+06  6.0405000E+03  8.4498041E+03  1.9150782E+03  1.1510854E+02  0.0000000E+00  1.8370875E+03  2.4463552E+03  0.0000000E+00  0.0000000E+00  0.0000000E+00  0.0000000E+00  0.0000000E+00  7.2514980E+03  6.3839887E-04
     1.5010000E+03    235.5001065  7.7068685E+06  5.8570000E+03  7.2437737E+03  8.5300369E+02  1.0717802E+02  0.0000000E+00  1.8257587E+03  2.4668101E+03  0.0000000E+00  0.0000000E+00  0.0000000E+00  0.0000000E+00  0.0000000E+00  7.2373667E+03 -1.1173836E-03
     1.5020000E+03    235.4970835  7.7046805E+06 -2.1880000E+03  0.0000000E+00  1.5496788E+03  8.3023739E+00  0.0000000E+00  1.8174338E+03  2.4641458E+03  0.0000000E+00  0.0000000E+00  0.0000000E+00  0.0000000E+00  0.0000000E+00  7.2229526E+03 -2.2018626E-03
     1.5030000E+03    235.4943112  7.7026735E+06 -2.0070000E+03  0.0000000E+00  1.3536992E+03  5.2205318E-01  0.0000000E+00  1.8090609E+03  2.4625632E+03  0.0000000E+00  0.0000000E+00  0.0000000E+00  0.0000000E+00  0.0000000E+00  7.2062554E+03  8.3997538E-03
     1.5040000E+03    235.4914396  7.7005950E+06 -2.0785000E+03  0.0000000E+00  1.5155148E+03  4.7763366E-02  0.0000000E+00  1.8016265E+03  2.4603979E+03  0.0000000E+00  0.0000000E+00  0.0000000E+00  0.0000000E+00  0.0000000E+00  7.1895591E+03 -2.4079573E+00
     1.5050000E+03    235.4877069  7.6978935E+06 -2.7015000E+03  0.0000000E+00  2.0505756E+03  4.7623318E-02  0.0000000E+00  1.7959215E+03  2.4471912E+03  0.0000000E+00  0.0000000E+00  0.0000000E+00  0.0000000E+00  0.0000000E+00  7.1743135E+03 -6.6113542E-03
     1.5060000E+03    235.4843031  7.6954295E+06 -2.4640000E+03  0.0000000E+00  1.8108924E+03  4.7544129E-02  0.0000000E+00  1.7903477E+03  2.4432456E+03  0.0000000E+00  0.0000000E+00  0.0000000E+00  0.0000000E+00  0.0000000E+00  7.1589004E+03  6.0373200E-03
     1.5070000E+03    235.4798750  7.6922245E+06 -3.2050000E+03  0.0000000E+00  2.5523195E+03  4.7471158E-02  0.0000000E+00  1.7850698E+03  2.4379507E+03  0.0000000E+00  0.0000000E+00  0.0000000E+00  0.0000000E+00  0.0000000E+00  7.1430610E+03 -3.0723847E-03
     1.5080000E+03    235.4823160  7.6939915E+06  1.7670000E+03  4.8275926E+03  2.4530990E+03  5.6862251E+01  0.0000000E+00  1.7796064E+03  2.4440657E+03  0.0000000E+00  0.0000000E+00  0.0000000E+00  0.0000000E+00  0.0000000E+00  7.1306016E+03 -1.5533414E-03
     1.5090000E+03    235.5206871  7.7217650E+06  2.7773500E+04  2.8986130E+04  1.9176243E+03  1.4512574E+03  0.0000000E+00  1.7700695E+03  2.5160247E+03  0.0000000E+00  0.0000000E+00  0.0000000E+00  0.0000000E+00  0.0000000E+00  7.1343887E+03  9.5207966E-04
     1.5100000E+03    235.5170165  7.7191085E+06 -2.6565000E+03  0.0000000E+00  1.9377487E+03  3.2922440E+01  0.0000000E+00  1.7653032E+03  2.5173103E+03  0.0000000E+00  0.0000000E+00  0.0000000E+00  0.0000000E+00  0.0000000E+00  7.1378066E+03 -7.4857837E-03
     1.5110000E+03    235.5129991  7.7162005E+06 -2.9080000E+03  0.0000000E+00  2.1711292E+03  1.9446770E+00  0.0000000E+00  1.7623455E+03  2.5009888E+03  0.0000000E+00  0.0000000E+00  0.0000000E+00  0.0000000E+00  0.0000000E+00  7.1371455E+03  3.6787384E-03
     1.5120000E+03    235.5299052  7.7284375E+06  1.2237000E+04  1.5099517E+04  2.4717003E+03  3.7766583E+02  0.0000000E+00  1.7569609E+03  2.5254495E+03  0.0000000E+00  0.0000000E+00  0.0000000E+00  0.0000000E+00  0.0000000E+00  7.1417764E+03 -3.9665087E-05
     1.5130000E+03    235.5304097  7.7288025E+06  3.6500000E+02  3.0199316E+03  1.9260143E+03  4.4442368E+01  0.0000000E+00  1.7532441E+03  2.5264634E+03  0.0000000E+00  0.0000000E+00  0.0000000E+00  0.0000000E+00  0.0000000E+00  7.1454600E+03  2.9189736E-03
     1.5140000E+03    235.5272007  7.7264800E+06 -2.3225000E+03  0.0000000E+00  1.5593769E+03  6.0992831E-01  0.0000000E+00  1.7507866E+03  2.5147764E+03  0.0000000E+00  0.0000000E+00  0.0000000E+00  0.0000000E+00  0.0000000E+00  7.1475244E+03 -6.3040322E-03
     1.5150000E+03    235.5240273  7.7241830E+06 -2.2970000E+03  0.0000000E+00  1.5989882E+03  7.4285194E-02  0.0000000E+00  1.8066331E+03  2.5046328E+03  0.0000000E+00  0.0000000E+00  0.0000000E+00  0.0000000E+00  0.0000000E+00  7.3246333E+03  2.1060859E-03
     1.5160000E+03    235.5208202  7.7218615E+06 -2.3215000E+03  0.0000000E+00  1.6933964E+03  5.3842586E-02  0.0000000E+00  1.8680408E+03  2.4961150E+03  0.0000000E+00  0.0000000E+00  0.0000000E+00  0.0000000E+00  0.0000000E+00  7.4729312E+03  1.9929793E-03
     1.5170000E+03    235.5177217  7.7196185E+06 -2.2430000E+03  0.0000000E+00  1.6496865E+03  5.3754937E-02  0.0000000E+00  1.8987640E+03  2.4918840E+03  0.0000000E+00  0.0000000E+00  0.0000000E+00  0.0000000E+00  0.0000000E+00  7.5433965E+03  5.9774090E-03
     1.5180000E+03    235.5142229  7.7170860E+06 -2.5325000E+03  0.0000000E+00  1.9549762E+03  5.3672194E-02  0.0000000E+00  1.9062456E+03  2.4838621E+03  0.0000000E+00  0.0000000E+00  0.0000000E+00  0.0000000E+00  0.0000000E+00  7.5605522E+03 -8.8001625E-04
     1.5190000E+03    235.5109963  7.7147505E+06 -2.3355000E+03  0.0000000E+00  1.7586281E+03  5.3590089E-02  0.0000000E+00  1.9015991E+03  2.4785083E+03  0.0000000E+00  0.0000000E+00  0.0000000E+00  0.0000000E+00  0.0000000E+00  7.5518047E+03  3.9181093E-04
     1.5200000E+03    235.5124128  7.7157760E+06  1.0255000E+03  3.6227117E+03  2.0573903E+03  4.7968452E+01  0.0000000E+00  1.8946155E+03  2.4825000E+03  0.0000000E+00  0.0000000E+00  0.0000000E+00  0.0000000E+00  0.0000000E+00  7.5396709E+03 -1.7108677E-03
     1.5210000E+03    235.7144969  7.8620490E+06  1.4627300E+05  9.9997038E+04  2.1388827E+03  4.9402160E+04  0.0000000E+00  1.8636256E+03  2.8509697E+03  0.0000000E+00  0.0000000E+00  0.0000000E+00  0.0000000E+00  0.0000000E+00  7.5973477E+03 -2.0659405E-05
     1.5220000E+03    235.8600257  7.9673860E+06  1.0533700E+05  5.6513151E+04  2.0331779E+03  5.1660953E+04  0.0000000E+00  2.3502185E+03  3.1541638E+03  0.0000000E+00  0.0000000E+00  0.0000000E+00  0.0000000E+00  0.0000000E+00  8.7417627E+03 -2.1205740E-05
     1.5230000E+03    235.9784647  8.0531150E+06  8.5729000E+04  4.2769550E+04  2.0243159E+03  4.4603719E+04  0.0000000E+00  3.7244802E+03  3.3445969E+03  0.0000000E+00  0.0000000E+00  0.0000000E+00  0.0000000E+00  0.0000000E+00  1.0435280E+04 -1.8009501E-04
     1.5240000E+03    236.2959671  8.2866775E+06  2.3356250E+05  7.6324070E+04  1.4722798E+03  1.5749273E+05  0.0000000E+00  5.2415366E+03  4.0234102E+03  0.0000000E+00  0.0000000E+00  0.0000000E+00  0.0000000E+00  0.0000000E+00  1.1997473E+04  6.5360611E-05
     1.5250000E+03    236.2992887  8.2891240E+06  2.4465000E+03  0.0000000E+00  1.7054237E+03  1.6536638E+03  0.0000000E+00  6.2555039E+03  3.7573884E+03  0.0000000E+00  0.0000000E+00  0.0000000E+00  0.0000000E+00  0.0000000E+00  1.3242604E+04 -1.8212151E-03
     1.5260000E+03    236.3402355  8.3192805E+06  3.0156500E+04  2.4248534E+04  1.9578863E+03  5.5394741E+03  0.0000000E+00  5.5766206E+03  3.2424507E+03  0.0000000E+00  0.0000000E+00  0.0000000E+00  0.0000000E+00  0.0000000E+00  1.3393326E+04  2.2036053E-02
     1.5270000E+03    236.3555140  8.3305330E+06  1.1252500E+04  6.0637444E+03  1.9185356E+03  4.4966499E+03  0.0000000E+00  5.5660547E+03  2.9555371E+03  0.0000000E+00  0.0000000E+00  0.0000000E+00  0.0000000E+00  0.0000000E+00  1.3666001E+04 -7.6301279E-04
     1.5280000E+03    236.3643668  8.3370530E+06  6.5200000E+03  1.2129355E+03  1.2141082E+03  3.3806990E+03  0.0000000E+00  5.9327930E+03  2.7924202E+03  0.0000000E+00  0.0000000E+00  0.0000000E+00  0.0000000E+00  0.0000000E+00  1.4282221E+04 -9.5555623E-04
     1.5290000E+03    236.3721198  8.3427630E+06  5.7100000E+03  0.0000000E+00  1.4373904E+03  3.3956580E+03  0.0000000E+00  6.4257144E+03  2.6739893E+03  0.0000000E+00  0.0000000E+00  0.0000000E+00  0.0000000E+00  0.0000000E+00  1.4897364E+04 -7.9545913E-05
     1.5300000E+03    236.3804320  8.3488845E+06  6.1215000E+03  0.0000000E+00  1.5638296E+03  3.4172771E+03  0.0000000E+00  6.8115566E+03  2.5432317E+03  0.0000000E+00  0.0000000E+00  0.0000000E+00  0.0000000E+00  0.0000000E+00  1.5273145E+04  2.6636559E-03
     1.5310000E+03    236.3884457  8.3547865E+06  5.9020000E+03  0.0000000E+00  1.6207693E+03  2.9411079E+03  0.0000000E+00  7.0787490E+03  2.4970825E+03  0.0000000E+00  0.0000000E+00  0.0000000E+00  0.0000000E+00  0.0000000E+00  1.5449625E+04  5.8477628E-05
     1.5320000E+03    236.3960491  8.3603865E+06  5.6000000E+03  0.0000000E+00  1.5611297E+03  2.5074358E+03  0.0000000E+00  7.1422915E+03  2.4888628E+03  0.0000000E+00  0.0000000E+00  0.0000000E+00  0.0000000E+00  0.0000000E+00  1.5477111E+04 -2.7476083E-03
     1.5330000E+03    236.4072364  8.3686255E+06  8.2390000E+03  3.0345989E+03  1.8811789E+03  2.4781577E+03  0.0000000E+00  7.1264390E+03  2.5187275E+03  0.0000000E+00  0.0000000E+00  0.0000000E+00  0.0000000E+00  0.0000000E+00  1.5413141E+04  2.2870325E-03
     1.5340000E+03    236.4181132  8.3766360E+06  8.0105000E+03  2.4281378E+03  1.1135591E+03  2.2700393E+03  0.0000000E+00  6.9932217E+03  2.5672253E+03  0.0000000E+00  0.0000000E+00  0.0000000E+00  0.0000000E+00  0.0000000E+00  1.5277023E+04  9.7728102E-04
     1.5350000E+03    236.4258422  8.3823285E+06  5.6925000E+03  0.0000000E+00  9.3286880E+02  1.8945326E+03  0.0000000E+00  7.3356870E+03  2.6051133E+03  0.0000000E+00  0.0000000E+00  0.0000000E+00  0.0000000E+00  0.0000000E+00  1.5379014E+04 -2.8407453E-03
     1.5360000E+03    236.4350814  8.3891330E+06  6.8045000E+03  1.2144267E+03  8.9966434E+02  1.9563735E+03  0.0000000E+00  7.1714150E+03  2.6379976E+03  0.0000000E+00  0.0000000E+00  0.0000000E+00  0.0000000E+00  0.0000000E+00  1.5208021E+04  5.0989439E-04
     1.5370000E+03    236.4610499  8.4082580E+06  1.9125000E+04  1.2149744E+04  1.0401826E+03  3.8610818E+03  0.0000000E+00  6.8666914E+03  2.7119568E+03  0.0000000E+00  0.0000000E+00  0.0000000E+00  0.0000000E+00  0.0000000E+00  1.4960303E+04  1.6562385E-03
     1.5380000E+03    236.4728765  8.4169680E+06  8.7100000E+03  3.6456712E+03  1.5672328E+03  2.5978679E+03  0.0000000E+00  6.7919487E+03  2.7581624E+03  0.0000000E+00  0.0000000E+00  0.0000000E+00  0.0000000E+00  0.0000000E+00  1.4905002E+04  7.1919058E-04
     1.5390000E+03    236.4866206  8.4270910E+06  1.0123000E+04  4.8620542E+03  1.2008001E+03  2.5174436E+03  0.0000000E+00  6.7436455E+03  2.8000632E+03  0.0000000E+00  0.0000000E+00  0.0000000E+00  0.0000000E+00  0.0000000E+00  1.4852254E+04 -5.0960789E-03
     1.5400000E+03    236.4930160  8.4318010E+06  4.7100000E+03  0.0000000E+00  8.7363258E+02  1.7271179E+03  0.0000000E+00  6.6829331E+03  2.8263386E+03  0.0000000E+00  0.0000000E+00  0.0000000E+00  0.0000000E+00  0.0000000E+00  1.4782883E+04  9.4636582E-04
     1.5410000E+03    236.4996694  8.4367010E+06  4.9000000E+03  0.0000000E+00  7.7451513E+02  1.5942471E+03  0.0000000E+00  6.9305557E+03  2.8501277E+03  0.0000000E+00  0.0000000E+00  0.0000000E+00  0.0000000E+00  0.0000000E+00  1.4844919E+04  1.8787092E-03
     1.5420000E+03    236.5051571  8.4407430E+06  4.0420000E+03  0.0000000E+00  1.3949091E+03  1.5067889E+03  0.0000000E+00  6.8024014E+03  2.8726909E+03  0.0000000E+00  0.0000000E+00  0.0000000E+00  0.0000000E+00  0.0000000E+00  1.4723795E+04 -4.9302992E-03
     1.5430000E+03    236.6388125  8.5391780E+06  9.8435000E+04  4.6311470E+04  1.6899512E+03  4.9891637E+04  0.0000000E+00  7.0901431E+03  3.1707957E+03  0.0000000E+00  0.0000000E+00  0.0000000E+00  0.0000000E+00  0.0000000E+00  1.5020777E+04 -2.4202936E-03
     1.5440000E+03    236.7109591  8.5923120E+06  5.3134000E+04  3.1116230E+04  1.6109016E+03  1.6499508E+04  0.0000000E+00  1.0480298E+04  3.3487803E+03  0.0000000E+00  0.0000000E+00  0.0000000E+00  0.0000000E+00  0.0000000E+00  1.8064389E+04  4.0477160E-03
     1.5450000E+03    237.4009212  9.1052520E+06  5.1294000E+05  1.2776494E+05  1.2328730E+03  3.7476369E+05  0.0000000E+00  1.6473375E+04  4.8300415E+03  0.0000000E+00  0.0000000E+00  0.0000000E+00  0.0000000E+00  0.0000000E+00  2.2506482E+04 -1.7461398E-04
     1.5460000E+03    237.4229242  9.1217200E+06  1.6468000E+04  0.0000000E+00  1.1938646E+03  1.5147454E+03  0.0000000E+00  2.0956465E+04  4.8094072E+03  0.0000000E+00  0.0000000E+00  0.0000000E+00  0.0000000E+00  0.0000000E+00  2.5157105E+04 -2.6944198E-04
     1.5470000E+03    237.5156359  9.1911090E+06  6.9389000E+04  3.4629360E+04  9.8937738E+02  1.6608350E+04  0.0000000E+00  2.3343652E+04  4.2027163E+03  0.0000000E+00  0.0000000E+00  0.0000000E+00  0.0000000E+00  0.0000000E+00  2.6800518E+04  3.5615469E-04
     1.5480000E+03    237.5659126  9.2287380E+06  3.7629000E+04  6.1888960E+03  1.2783017E+03  5.8038579E+03  0.0000000E+00  3.0722658E+04  3.8080042E+03  0.0000000E+00  0.0000000E+00  0.0000000E+00  0.0000000E+00  0.0000000E+00  3.0893836E+04  2.5605512E-04
     1.5490000E+03    237.6025181  9.2561350E+06  2.7397000E+04  0.0000000E+00  1.0508827E+03  4.6558457E+03  0.0000000E+00  2.7666469E+04  3.8743777E+03  0.0000000E+00  0.0000000E+00  0.0000000E+00  0.0000000E+00  0.0000000E+00  3.0729424E+04  1.6919426E-04
     1.5500000E+03    237.6492667  9.2911240E+06  3.4989000E+04  6.8170530E+03  9.3586615E+02  7.5792642E+03  0.0000000E+00  2.5386482E+04  3.8583423E+03  0.0000000E+00  0.0000000E+00  0.0000000E+00  0.0000000E+00  0.0000000E+00  2.9968066E+04 -1.0211699E-03
     1.5510000E+03    237.6804871  9.3144910E+06  2.3367000E+04  0.0000000E+00  9.7947565E+02  4.7821709E+03  0.0000000E+00  2.3414424E+04  3.8505308E+03  0.0000000E+00  0.0000000E+00  0.0000000E+00  0.0000000E+00  0.0000000E+00  2.9304420E+04 -1.4615573E-03
     1.5520000E+03    237.7079916  9.3350760E+06  2.0585000E+04  0.0000000E+00  1.0310774E+03  4.0702964E+03  0.0000000E+00  2.1381178E+04  3.8349260E+03  0.0000000E+00  0.0000000E+00  0.0000000E+00  0.0000000E+00  0.0000000E+00  2.8418600E+04  1.8494140E-03
     1.5530000E+03    237.7321840  9.3531830E+06  1.8107000E+04  0.0000000E+00  1.0222451E+03  3.4140579E+03  0.0000000E+00  1.9550555E+04  3.8357312E+03  0.0000000E+00  0.0000000E+00  0.0000000E+00  0.0000000E+00  0.0000000E+00  2.7532293E+04 -1.5819175E-03
     1.5540000E+03    237.7536999  9.3692860E+06  1.6103000E+04  0.0000000E+00  7.9694999E+02  2.9110310E+03  0.0000000E+00  1.7848607E+04  3.8593423E+03  0.0000000E+00  0.0000000E+00  0.0000000E+00  0.0000000E+00  0.0000000E+00  2.6617844E+04  1.6652656E-03
     1.5550000E+03    237.7725897  9.3834240E+06  1.4138000E+04  0.0000000E+00  9.0507732E+02  2.4910249E+03  0.0000000E+00  1.6431207E+04  3.8792788E+03  0.0000000E+00  0.0000000E+00  0.0000000E+00  0.0000000E+00  0.0000000E+00  2.5783410E+04 -6.5027672E-04
     1.5560000E+03    237.7890620  9.3957530E+06  1.2329000E+04  0.0000000E+00  1.0201379E+03  2.1050850E+03  0.0000000E+00  1.5158669E+04  3.9150669E+03  0.0000000E+00  0.0000000E+00  0.0000000E+00  0.0000000E+00  0.0000000E+00  2.4961932E+04 -2.6134055E-03
     1.5570000E+03    237.8035027  9.4065610E+06  1.0808000E+04  0.0000000E+00  1.1059875E+03  1.8923876E+03  0.0000000E+00  1.3958051E+04  3.9363967E+03  0.0000000E+00  0.0000000E+00  0.0000000E+00  0.0000000E+00  0.0000000E+00  2.4187727E+04  3.4502201E-04
     1.5580000E+03    237.8503144  9.4415960E+06  3.5035000E+04  1.9905004E+04  8.2685439E+02  6.9783950E+03  0.0000000E+00  1.3023526E+04  4.0459099E+03  0.0000000E+00  0.0000000E+00  0.0000000E+00  0.0000000E+00  0.0000000E+00  2.3537252E+04 -2.1045064E-03
     1.5590000E+03    237.8703820  9.4566160E+06  1.5020000E+04  2.4889372E+03  4.0303942E+02  3.3001431E+03  0.0000000E+00  1.3730903E+04  4.0975703E+03  0.0000000E+00  0.0000000E+00  0.0000000E+00  0.0000000E+00  0.0000000E+00  2.4006811E+04 -3.2018467E-03
     1.5600000E+03    237.8837912  9.4666520E+06  1.0036000E+04  0.0000000E+00  1.3665030E+03  2.5019036E+03  0.0000000E+00  1.3011129E+04  4.1104873E+03  0.0000000E+00  0.0000000E+00  0.0000000E+00  0.0000000E+00  0.0000000E+00  2.3553348E+04  2.7068975E-04
     1.5610000E+03    237.8956728  9.4755440E+06  8.8920000E+03  0.0000000E+00  1.4677689E+03  2.0455403E+03  0.0000000E+00  1.2435582E+04  4.1206865E+03  0.0000000E+00  0.0000000E+00  0.0000000E+00  0.0000000E+00  0.0000000E+00  2.3059922E+04  4.5991992E-03
     1.5620000E+03    237.9177943  9.4921010E+06  1.6557000E+04  3.1135687E+03  6.0834056E+02  2.3956167E+03  0.0000000E+00  1.5796876E+04  4.1411011E+03  0.0000000E+00  0.0000000E+00  0.0000000E+00  0.0000000E+00  0.0000000E+00  2.3961725E+04 -1.7875636E-03
     1.5630000E+03    237.9303897  9.5015280E+06  9.4270000E+03  0.0000000E+00  1.0957034E+03  1.8300264E+03  0.0000000E+00  1.2856931E+04  4.1643203E+03  0.0000000E+00  0.0000000E+00  0.0000000E+00  0.0000000E+00  0.0000000E+00  2.3311406E+04 -4.5214436E-04
     1.5640000E+03    237.9464032  9.5135130E+06  1.1985000E+04  3.1150151E+03  5.2614855E+02  1.9090929E+03  0.0000000E+00  1.1683875E+04  4.1966865E+03  0.0000000E+00  0.0000000E+00  0.0000000E+00  0.0000000E+00  0.0000000E+00  2.2651092E+04  8.8257779E-04
     1.5650000E+03    237.9598557  9.5235820E+06  1.0069000E+04  0.0000000E+00  8.4300042E+02  1.7106884E+03  0.0000000E+00  1.3428089E+04  4.2273628E+03  0.0000000E+00  0.0000000E+00  0.0000000E+00  0.0000000E+00  0.0000000E+00  2.2872719E+04 -3.8704413E-03
     1.5660000E+03    237.9697944  9.5310200E+06  7.4380000E+03  0.0000000E+00  1.0890795E+03  1.4495560E+03  0.0000000E+00  1.1326006E+04  4.2479639E+03  0.0000000E+00  0.0000000E+00  0.0000000E+00  0.0000000E+00  0.0000000E+00  2.2267561E+04  4.0551359E-03
     1.5670000E+03    237.9784498  9.5374980E+06  6.4780000E+03  0.0000000E+00  8.6338405E+02  1.2337396E+03  0.0000000E+00  1.0375537E+04  4.2678589E+03  0.0000000E+00  0.0000000E+00  0.0000000E+00  0.0000000E+00  0.0000000E+00  2.1701758E+04  2.8600512E-04
     1.5680000E+03    237.9859305  9.5430970E+06  5.5990000E+03  0.0000000E+00  8.6850273E+02  1.0976941E+03  0.0000000E+00  9.6545518E+03  4.2848774E+03  0.0000000E+00  0.0000000E+00  0.0000000E+00  0.0000000E+00  0.0000000E+00  2.1207395E+04 -1.2488307E-03
     1.5690000E+03    237.9922818  9.5478510E+06  4.7540000E+03  0.0000000E+00  9.7931394E+02  9.6607898E+02  0.0000000E+00  9.0629512E+03  4.2961055E+03  0.0000000E+00  0.0000000E+00  0.0000000E+00  0.0000000E+00  0.0000000E+00  2.0746328E+04 -3.8803369E-03
     1.5700000E+03    237.9974623  9.5517280E+06  3.8770000E+03  0.0000000E+00  1.1964627E+03  8.4053876E+02  0.0000000E+00  8.5375732E+03  4.3044170E+03  0.0000000E+00  0.0000000E+00  0.0000000E+00  0.0000000E+00  0.0000000E+00  2.0293229E+04  2.4783439E-03
     1.5710000E+03    238.0016186  9.5548570E+06  3.1290000E+03  0.0000000E+00  1.3491702E+03  7.1875958E+02  0.0000000E+00  8.0764448E+03  4.3165342E+03  0.0000000E+00  0.0000000E+00  0.0000000E+00  0.0000000E+00  0.0000000E+00  1.9866039E+04  5.6849164E-03
     1.5720000E+03    238.0051499  9.5575410E+06  2.6840000E+03  0.0000000E+00  1.2613597E+03  6.0556702E+02  0.0000000E+00  7.6656553E+03  4.3259712E+03  0.0000000E+00  0.0000000E+00  0.0000000E+00  0.0000000E+00  0.0000000E+00  1.9466648E+04 -1.3105491E-03
     1.5730000E+03    238.0079651  9.5596810E+06  2.1400000E+03  0.0000000E+00  1.3468146E+03  5.0730112E+02  0.0000000E+00  7.3115791E+03  4.3324385E+03  0.0000000E+00  0.0000000E+00  0.0000000E+00  0.0000000E+00  0.0000000E+00  1.9097172E+04 -4.7648586E-03
     1.5740000E+03    238.0102151  9.5613910E+06  1.7100000E+03  0.0000000E+00  1.3494144E+03  4.1586411E+02  0.0000000E+00  6.9804014E+03  4.3367769E+03  0.0000000E+00  0.0000000E+00  0.0000000E+00  0.0000000E+00  0.0000000E+00  1.8739857E+04  1.0034625E-03
     1.5750000E+03    238.0111691  9.5621160E+06  7.2500000E+02  0.0000000E+00  1.9505075E+03  3.3446536E+02  0.0000000E+00  6.6777935E+03  4.3367041E+03  0.0000000E+00  0.0000000E+00  0.0000000E+00  0.0000000E+00  0.0000000E+00  1.8401854E+04  6.7543547E-04
     1.5760000E+03    238.0236305  9.5715870E+06  9.4710000E+03  7.5903368E+03  8.4927661E+02  6.9724335E+02  0.0000000E+00  6.4031968E+03  4.3704629E+03  0.0000000E+00  0.0000000E+00  0.0000000E+00  0.0000000E+00  0.0000000E+00  1.8092898E+04  2.5925066E-04
     1.5770000E+03    238.0820830  9.6160120E+06  4.4425000E+04  3.6212152E+04  1.0777011E+03  7.6964844E+03  0.0000000E+00  6.1471953E+03  4.5526973E+03  0.0000000E+00  0.0000000E+00  0.0000000E+00  0.0000000E+00  0.0000000E+00  1.7879014E+04  8.6622022E-04
     1.5780000E+03    238.0856178  9.6186990E+06  2.6870000E+03  1.2487640E+03  2.3335672E+03  1.7116505E+03  0.0000000E+00  6.6387969E+03  4.5790566E+03  0.0000000E+00  0.0000000E+00  0.0000000E+00  0.0000000E+00  0.0000000E+00  1.8387844E+04 -4.3033324E-03
     1.5790000E+03    238.0882517  9.6207010E+06  2.0020000E+03  0.0000000E+00  1.7847434E+03  1.3052189E+03  0.0000000E+00  7.0489834E+03  4.5676616E+03  0.0000000E+00  0.0000000E+00  0.0000000E+00  0.0000000E+00  0.0000000E+00  1.8707553E+04 -2.4314111E-03
     1.5800000E+03    238.0912906  9.6230100E+06  2.3090000E+03  0.0000000E+00  1.6925880E+03  1.1692758E+03  0.0000000E+00  7.4016650E+03  4.5686846E+03  0.0000000E+00  0.0000000E+00  0.0000000E+00  0.0000000E+00  0.0000000E+00  1.9026561E+04  7.7934125E-03
     1.5810000E+03    238.0939013  9.6249950E+06  1.9850000E+03  0.0000000E+00  1.8900888E+03  1.0347552E+03  0.0000000E+00  7.4101211E+03  4.5706284E+03  0.0000000E+00  0.0000000E+00  0.0000000E+00  0.0000000E+00  0.0000000E+00  1.9050248E+04 -9.9623557E-03
     1.5820000E+03    238.0960783  9.6266490E+06  1.6540000E+03  0.0000000E+00  2.0065655E+03  8.9196228E+02  0.0000000E+00  7.3414746E+03  4.5722671E+03  0.0000000E+00  0.0000000E+00  0.0000000E+00  0.0000000E+00  0.0000000E+00  1.8999330E+04  7.3359879E-03
     1.5830000E+03    238.0980371  9.6281380E+06  1.4890000E+03  0.0000000E+00  1.9255897E+03  7.6054205E+02  0.0000000E+00  7.2288730E+03  4.5750679E+03  0.0000000E+00  0.0000000E+00  0.0000000E+00  0.0000000E+00  0.0000000E+00  1.8905168E+04 -3.0374662E-03
     1.5840000E+03    238.0997047  9.6294050E+06  1.2670000E+03  0.0000000E+00  1.8654057E+03  6.4465558E+02  0.0000000E+00  7.0647583E+03  4.5765845E+03  0.0000000E+00  0.0000000E+00  0.0000000E+00  0.0000000E+00  0.0000000E+00  1.8768127E+04  5.4975399E-03
     1.5850000E+03    238.1006517  9.6301250E+06  7.2000000E+02  0.0000000E+00  2.1164497E+03  5.3917480E+02  0.0000000E+00  6.8731538E+03  4.5761182E+03  0.0000000E+00  0.0000000E+00  0.0000000E+00  0.0000000E+00  0.0000000E+00  1.8596711E+04 -3.2278360E-03
     1.5860000E+03    238.1008966  9.6303110E+06  1.8600000E+02  0.0000000E+00  2.3340889E+03  4.3617126E+02  0.0000000E+00  6.6576230E+03  4.5735903E+03  0.0000000E+00  0.0000000E+00  0.0000000E+00  0.0000000E+00  0.0000000E+00  1.8394033E+04  1.6244391E-03
     1.5870000E+03    238.1012393  9.6305720E+06  2.6100000E+02  0.0000000E+00  1.9508064E+03  3.4173917E+02  0.0000000E+00  6.4409521E+03  4.5714277E+03  0.0000000E+00  0.0000000E+00  0.0000000E+00  0.0000000E+00  0.0000000E+00  1.8182965E+04 -8.0052111E-03
     1.5880000E+03    238.1003351  9.6298850E+06 -6.8700000E+02  0.0000000E+00  2.6173233E+03  2.6790482E+02  0.0000000E+00  6.2283057E+03  4.5661157E+03  0.0000000E+00  0.0000000E+00  0.0000000E+00  0.0000000E+00  0.0000000E+00  1.7964359E+04 -3.1811453E-03
     1.5890000E+03    238.1000510  9.6296690E+06 -2.1600000E+02  0.0000000E+00  1.8676334E+03  1.8982401E+02  0.0000000E+00  6.0245000E+03  4.5626006E+03  0.0000000E+00  0.0000000E+00  0.0000000E+00  0.0000000E+00  0.0000000E+00  1.7742775E+04  1.4048016E-03
     1.5900000E+03    238.0991879  9.6290130E+06 -6.5600000E+02  0.0000000E+00  2.0767938E+03  1.6031412E+02  0.0000000E+00  5.8188823E+03  4.5583657E+03  0.0000000E+00  0.0000000E+00  0.0000000E+00  0.0000000E+00  0.0000000E+00  1.7530775E+04  5.5192481E-04
     1.5910000E+03    238.1079335  9.6356600E+06  6.6470000E+03  6.9383338E+03  1.7707334E+03  4.7165872E+02  0.0000000E+00  5.5907832E+03  4.5832056E+03  0.0000000E+00  0.0000000E+00  0.0000000E+00  0.0000000E+00  0.0000000E+00  1.7317328E+04 -1.2506765E-03
     1.5920000E+03    238.1072031  9.6351040E+06 -5.5600000E+02  0.0000000E+00  1.4988877E+03  1.5854306E+02  0.0000000E+00  5.3824609E+03  4.5971904E+03  0.0000000E+00  0.0000000E+00  0.0000000E+00  0.0000000E+00  0.0000000E+00  1.7151264E+04  1.5186505E-02
     1.5930000E+03    238.1059943  9.6341860E+06 -9.1800000E+02  0.0000000E+00  1.6449483E+03  1.3274541E+02  0.0000000E+00  5.1939995E+03  4.6005044E+03  0.0000000E+00  0.0000000E+00  0.0000000E+00  0.0000000E+00  0.0000000E+00  1.6987945E+04 -1.1328555E-02
     1.5940000E+03    238.1042866  9.6328880E+06 -1.2980000E+03  0.0000000E+00  1.8421134E+03  1.1033732E+02  0.0000000E+00  5.0280093E+03  4.5941396E+03  0.0000000E+00  0.0000000E+00  0.0000000E+00  0.0000000E+00  0.0000000E+00  1.6809957E+04  1.4565928E-03
     1.5950000E+03    238.1022426  9.6313340E+06 -1.5540000E+03  0.0000000E+00  1.9316771E+03  8.6328903E+01  0.0000000E+00  4.8797944E+03  4.5879609E+03  0.0000000E+00  0.0000000E+00  0.0000000E+00  0.0000000E+00  0.0000000E+00  1.6643406E+04  7.4444553E-03
     1.5960000E+03    238.1000566  9.6296730E+06 -1.6610000E+03  0.0000000E+00  1.8950387E+03  7.0998260E+01  0.0000000E+00  4.7443628E+03  4.5817114E+03  0.0000000E+00  0.0000000E+00  0.0000000E+00  0.0000000E+00  0.0000000E+00  1.6486732E+04 -6.0085715E-03
     1.5970000E+03    238.0970956  9.6274220E+06 -2.2510000E+03  0.0000000E+00  2.3532166E+03  6.0656212E+01  0.0000000E+00  4.6116245E+03  4.5695454E+03  0.0000000E+00  0.0000000E+00  0.0000000E+00  0.0000000E+00  0.0000000E+00  1.6333042E+04  7.4976287E-03
     1.5980000E+03    238.0938050  9.6249220E+06 -2.5000000E+03  0.0000000E+00  2.4517170E+03  5.0595051E+01  0.0000000E+00  4.4580698E+03  4.5578506E+03  0.0000000E+00  0.0000000E+00  0.0000000E+00  0.0000000E+00  0.0000000E+00  1.6170810E+04 -1.2873030E-02
     1.5990000E+03    238.0900637  9.6220780E+06 -2.8440000E+03  0.0000000E+00  2.6489358E+03  4.2185165E+01  0.0000000E+00  4.3076006E+03  4.5443354E+03  0.0000000E+00  0.0000000E+00  0.0000000E+00  0.0000000E+00  0.0000000E+00  1.6005708E+04  7.1477932E-03
     1.6000000E+03    238.0860046  9.6189930E+06 -3.0850000E+03  0.0000000E+00  2.7480449E+03  3.3558380E+01  0.0000000E+00  4.1613535E+03  4.5319595E+03  0.0000000E+00  0.0000000E+00  0.0000000E+00  0.0000000E+00  0.0000000E+00  1.5840477E+04 -1.2676525E-03
     1.6010000E+03    238.0819612  9.6159200E+06 -3.0730000E+03  0.0000000E+00  2.6094168E+03  2.4817684E+01  0.0000000E+00  4.0313787E+03  4.5198193E+03  0.0000000E+00  0.0000000E+00  0.0000000E+00  0.0000000E+00  0.0000000E+00  1.5681735E+04 -5.6161784E-04
     1.6020000E+03    238.0780044  9.6129130E+06 -3.0070000E+03  0.0000000E+00  2.4330449E+03  1.7201107E+01  0.0000000E+00  3.9165415E+03  4.5079556E+03  0.0000000E+00  0.0000000E+00  0.0000000E+00  0.0000000E+00  0.0000000E+00  1.5529998E+04 -3.7143421E-03
     1.6030000E+03    238.1070769  9.6350090E+06  2.2096000E+04  2.2076220E+04  6.1218520E+02  1.4236711E+03  0.0000000E+00  3.8050464E+03  4.5968833E+03  0.0000000E+00  0.0000000E+00  0.0000000E+00  0.0000000E+00  0.0000000E+00  1.5419124E+04 -4.7925170E-04
     1.6040000E+03    238.1030603  9.6319560E+06 -3.0530000E+03  0.0000000E+00  2.2631265E+03  1.0244196E+02  0.0000000E+00  3.7054568E+03  4.5975586E+03  0.0000000E+00  0.0000000E+00  0.0000000E+00  0.0000000E+00  0.0000000E+00  1.5310729E+04  3.1137276E-03
     1.6050000E+03    238.0988282  9.6287390E+06 -3.2170000E+03  0.0000000E+00  2.3074727E+03  6.0954750E+01  0.0000000E+00  3.6073040E+03  4.5772349E+03  0.0000000E+00  0.0000000E+00  0.0000000E+00  0.0000000E+00  0.0000000E+00  1.5190273E+04  8.0071595E-03
     1.6060000E+03    238.0959286  9.6265350E+06 -2.2040000E+03  1.8919173E+03  3.1659647E+03  1.1005605E+02  0.0000000E+00  3.5224768E+03  4.5622788E+03  0.0000000E+00  0.0000000E+00  0.0000000E+00  0.0000000E+00  0.0000000E+00  1.5064238E+04  2.6725731E-03
     1.6070000E+03    238.0912970  9.6230150E+06 -3.5200000E+03  0.0000000E+00  2.4790846E+03  4.0825790E+01  0.0000000E+00  3.4633916E+03  4.5452954E+03  0.0000000E+00  0.0000000E+00  0.0000000E+00  0.0000000E+00  0.0000000E+00  1.4954320E+04 -2.3147617E-03
     1.6080000E+03    238.0868251  9.6196170E+06 -3.3980000E+03  0.0000000E+00  2.3238256E+03  3.3673019E+01  0.0000000E+00  3.4213489E+03  4.5299541E+03  0.0000000E+00  0.0000000E+00  0.0000000E+00  0.0000000E+00  0.0000000E+00  1.4858322E+04 -1.1056855E-02
     1.6090000E+03    238.0820236  9.6159670E+06 -3.6500000E+03  0.0000000E+00  2.5421789E+03  2.8350748E+01  0.0000000E+00  3.3796812E+03  4.5150825E+03  0.0000000E+00  0.0000000E+00  0.0000000E+00  0.0000000E+00  0.0000000E+00  1.4767704E+04  1.0914484E-02
     1.6100000E+03    238.0769697  9.6121260E+06 -3.8410000E+03  0.0000000E+00  2.7132467E+03  2.1292677E+01  0.0000000E+00  3.3507429E+03  4.4999385E+03  0.0000000E+00  0.0000000E+00  0.0000000E+00  0.0000000E+00  0.0000000E+00  1.4688045E+04 -2.0781711E-03
     1.6110000E+03    238.0711692  9.6077180E+06 -4.4080000E+03  0.0000000E+00  3.2534680E+03  1.5359626E+01  0.0000000E+00  3.3126118E+03  4.4830156E+03  0.0000000E+00  0.0000000E+00  0.0000000E+00  0.0000000E+00  0.0000000E+00  1.4600945E+04 -6.6143586E-03
     1.6120000E+03    238.0651876  9.6031720E+06 -4.5460000E+03  0.0000000E+00  3.3609038E+03  9.0224934E+00  0.0000000E+00  3.2712778E+03  4.4655352E+03  0.0000000E+00  0.0000000E+00  0.0000000E+00  0.0000000E+00  0.0000000E+00  1.4510288E+04 -1.7718388E-03
     1.6130000E+03    238.0587595  9.5982860E+06 -4.8860000E+03  0.0000000E+00  3.6731460E+03  4.4513597E+00  0.0000000E+00  3.2297913E+03  4.4466802E+03  0.0000000E+00  0.0000000E+00  0.0000000E+00  0.0000000E+00  0.0000000E+00  1.4417856E+04  5.1294682E-03
     1.6140000E+03    238.0516363  9.5928720E+06 -5.4140000E+03  0.0000000E+00  4.1801393E+03  1.3754520E+00  0.0000000E+00  3.1893994E+03  4.4244023E+03  0.0000000E+00  0.0000000E+00  0.0000000E+00  0.0000000E+00  0.0000000E+00  1.4321580E+04  2.7181779E-03
     1.6150000E+03    238.0451511  9.5879430E+06 -4.9290000E+03  0.0000000E+00  3.6675926E+03  8.1893422E-02  0.0000000E+00  3.1423923E+03  4.4038262E+03  0.0000000E+00  0.0000000E+00  0.0000000E+00  0.0000000E+00  0.0000000E+00  1.4219330E+04  6.8359455E-04
     1.6160000E+03    238.0392830  9.5834830E+06 -4.4600000E+03  0.0000000E+00  3.1696906E+03  8.1757754E-02  0.0000000E+00  3.0952185E+03  4.3855103E+03  0.0000000E+00  0.0000000E+00  0.0000000E+00  0.0000000E+00  0.0000000E+00  1.4116426E+04  1.3119584E-03
     1.6170000E+03    238.0487150  9.5906520E+06  7.1690000E+03  1.1691914E+04  3.6171348E+03  4.6076093E+02  0.0000000E+00  3.0446541E+03  4.4116255E+03  0.0000000E+00  0.0000000E+00  0.0000000E+00  0.0000000E+00  0.0000000E+00  1.4027297E+04 -2.8370272E-03
     1.6180000E+03    238.0433376  9.5865650E+06 -4.0870000E+03  0.0000000E+00  2.6885980E+03  3.1364381E+00  0.0000000E+00  2.9972222E+03  4.3987285E+03  0.0000000E+00  0.0000000E+00  0.0000000E+00  0.0000000E+00  0.0000000E+00  1.3938205E+04  4.5126214E-04
     1.6190000E+03    238.0647277  9.6028220E+06  1.6257000E+04  1.8465550E+04  1.6746541E+03  9.7197913E+02  0.0000000E+00  2.9478342E+03  4.4536646E+03  0.0000000E+00  0.0000000E+00  0.0000000E+00  0.0000000E+00  0.0000000E+00  1.3872129E+04  2.0067520E-04
     1.6200000E+03    238.0582915  9.5979300E+06 -4.8920000E+03  0.0000000E+00  3.3747225E+03  1.8276096E+01  0.0000000E+00  2.9027954E+03  4.4380698E+03  0.0000000E+00  0.0000000E+00  0.0000000E+00  0.0000000E+00  0.0000000E+00  1.3808088E+04  3.5748663E-03
     1.6210000E+03    238.0518830  9.5930600E+06 -4.8700000E+03  0.0000000E+00  3.3363800E+03  6.3869920E+00  0.0000000E+00  2.8672261E+03  4.4078364E+03  0.0000000E+00  0.0000000E+00  0.0000000E+00  0.0000000E+00  0.0000000E+00  1.3742762E+04 -7.7931136E-03
     1.6220000E+03    238.0453791  9.5881170E+06 -4.9430000E+03  0.0000000E+00  3.4029594E+03  2.5751262E+00  0.0000000E+00  2.8398940E+03  4.3826582E+03  0.0000000E+00  0.0000000E+00  0.0000000E+00  0.0000000E+00  0.0000000E+00  1.3679408E+04 -1.9065604E-03
     1.6230000E+03    238.0379647  9.5824810E+06 -5.6360000E+03  0.0000000E+00  4.1055520E+03  6.5622634E-01  0.0000000E+00  2.8267319E+03  4.3570024E+03  0.0000000E+00  0.0000000E+00  0.0000000E+00  0.0000000E+00  0.0000000E+00  1.3624335E+04  9.8492252E-03
     1.6240000E+03    238.0304280  9.5767530E+06 -5.7280000E+03  0.0000000E+00  4.2173639E+03  6.8222851E-02  0.0000000E+00  2.8205420E+03  4.3313555E+03  0.0000000E+00  0.0000000E+00  0.0000000E+00  0.0000000E+00  0.0000000E+00  1.3571472E+04 -1.2680080E-03
     1.6250000E+03    238.0222707  9.5705540E+06 -6.1990000E+03  0.0000000E+00  4.7116626E+03  6.8099178E-02  0.0000000E+00  2.8152634E+03  4.3033809E+03  0.0000000E+00  0.0000000E+00  0.0000000E+00  0.0000000E+00  0.0000000E+00  1.3513881E+04 -7.8915404E-03
     1.6260000E+03    238.0142839  9.5644830E+06 -6.0710000E+03  0.0000000E+00  4.5952381E+03  6.7976154E-02  0.0000000E+00  2.7998213E+03  4.2748315E+03  0.0000000E+00  0.0000000E+00  0.0000000E+00  0.0000000E+00  0.0000000E+00  1.3443004E+04  9.2315804E-03
     1.6270000E+03    238.0065830  9.5586300E+06 -5.8530000E+03  0.0000000E+00  4.3906225E+03  6.7853473E-02  0.0000000E+00  2.7841702E+03  4.2464917E+03  0.0000000E+00  0.0000000E+00  0.0000000E+00  0.0000000E+00  0.0000000E+00  1.3369820E+04  1.4359361E-03
     1.6280000E+03    237.9990034  9.5528810E+06 -5.7490000E+03  0.0000000E+00  4.2968647E+03  6.7731097E-02  0.0000000E+00  2.7647222E+03  4.2171118E+03  0.0000000E+00  0.0000000E+00  0.0000000E+00  0.0000000E+00  0.0000000E+00  1.3292352E+04 -2.1907911E-03
     1.6290000E+03    237.9916667  9.5473900E+06 -5.4910000E+03  0.0000000E+00  4.0448918E+03  6.7609005E-02  0.0000000E+00  2.7384331E+03  4.1846792E+03  0.0000000E+00  0.0000000E+00  0.0000000E+00  0.0000000E+00  0.0000000E+00  1.3211084E+04 -8.5438835E-04
     1.6300000E+03    237.9841308  9.5417500E+06 -5.6400000E+03  0.0000000E+00  4.1599609E+03  6.7487225E-02  0.0000000E+00  2.7106978E+03  4.1910317E+03  0.0000000E+00  0.0000000E+00  0.0000000E+00  0.0000000E+00  0.0000000E+00  1.3157793E+04 -2.7188479E-03
     1.6310000E+03    237.9874882  9.5442630E+06  2.5130000E+03  8.6067731E+03  4.8441378E+03  2.9104117E+02  0.0000000E+00  2.6810017E+03  4.2218052E+03  0.0000000E+00  0.0000000E+00  0.0000000E+00  0.0000000E+00  0.0000000E+00  1.3112604E+04 -1.0964258E-03
     1.6320000E+03    237.9797208  9.5384490E+06 -5.8140000E+03  0.0000000E+00  4.2499179E+03  4.2639513E+00  0.0000000E+00  2.6542739E+03  4.2220825E+03  0.0000000E+00  0.0000000E+00  0.0000000E+00  0.0000000E+00  0.0000000E+00  1.3069337E+04  6.3513448E-03
     1.6330000E+03    237.9723363  9.5329230E+06 -5.5260000E+03  0.0000000E+00  3.9405874E+03  3.4279808E-01  0.0000000E+00  2.6294956E+03  4.2161372E+03  0.0000000E+00  0.0000000E+00  0.0000000E+00  0.0000000E+00  0.0000000E+00  1.3026647E+04 -1.0865029E-02
     1.6340000E+03    237.9647549  9.5272480E+06 -5.6750000E+03  0.0000000E+00  4.0686851E+03  6.0172591E-02  0.0000000E+00  2.6057129E+03  4.2113018E+03  0.0000000E+00  0.0000000E+00  0.0000000E+00  0.0000000E+00  0.0000000E+00  1.2982270E+04  9.5002707E-03
     1.6350000E+03    237.9572231  9.5216110E+06 -5.6370000E+03  0.0000000E+00  4.0126641E+03  6.0055200E-02  0.0000000E+00  2.5828491E+03  4.2073672E+03  0.0000000E+00  0.0000000E+00  0.0000000E+00  0.0000000E+00  0.0000000E+00  1.2936521E+04 -1.4850347E-03
     1.6360000E+03    237.9486521  9.5151960E+06 -6.4150000E+03  0.0000000E+00  4.7768034E+03  5.9960894E-02  0.0000000E+00  2.5631226E+03  4.2012104E+03  0.0000000E+00  0.0000000E+00  0.0000000E+00  0.0000000E+00  0.0000000E+00  1.2892215E+04  1.8817672E-03
     1.6370000E+03    237.9403728  9.5090000E+06 -6.1960000E+03  0.0000000E+00  4.5483218E+03  5.9869058E-02  0.0000000E+00  2.5475815E+03  4.1958979E+03  0.0000000E+00  0.0000000E+00  0.0000000E+00  0.0000000E+00  0.0000000E+00  1.2851950E+04 -6.6115106E-03
     1.6380000E+03    237.9317081  9.5025150E+06 -6.4850000E+03  0.0000000E+00  4.8261047E+03  5.9777632E-02  0.0000000E+00  2.5313418E+03  4.1903154E+03  0.0000000E+00  0.0000000E+00  0.0000000E+00  0.0000000E+00  0.0000000E+00  1.2810266E+04 -2.0578774E-04
     1.6390000E+03    237.9225960  9.4956950E+06 -6.8200000E+03  0.0000000E+00  5.1517661E+03  5.9686404E-02  0.0000000E+00  2.5154688E+03  4.1836475E+03  0.0000000E+00  0.0000000E+00  0.0000000E+00  0.0000000E+00  0.0000000E+00  1.2768513E+04  1.2239181E-03
     1.6400000E+03    237.9137631  9.4890840E+06 -6.6110000E+03  0.0000000E+00  4.9314785E+03  5.9595350E-02  0.0000000E+00  2.4984004E+03  4.1778901E+03  0.0000000E+00  0.0000000E+00  0.0000000E+00  0.0000000E+00  0.0000000E+00  1.2725678E+04  9.9699898E-04
     1.6410000E+03    237.9036278  9.4814980E+06 -7.5860000E+03  0.0000000E+00  5.8966995E+03  5.9504472E-02  0.0000000E+00  2.4802498E+03  4.1692529E+03  0.0000000E+00  0.0000000E+00  0.0000000E+00  0.0000000E+00  0.0000000E+00  1.2680569E+04  3.5410984E-03
     1.6420000E+03    237.9000200  9.4787980E+06 -2.7000000E+03  4.2972813E+03  5.4064643E+03  1.2482971E+02  0.0000000E+00  2.4614221E+03  4.1773130E+03  0.0000000E+00  0.0000000E+00  0.0000000E+00  0.0000000E+00  0.0000000E+00  1.2638663E+04 -2.5474364E-03
     1.6430000E+03    237.8990399  9.4780640E+06 -7.3400000E+02  6.1388756E+03  5.3290986E+03  2.0637656E+02  0.0000000E+00  2.4429353E+03  4.1926611E+03  0.0000000E+00  0.0000000E+00  0.0000000E+00  0.0000000E+00  0.0000000E+00  1.2601499E+04  4.4921776E-03
     1.6440000E+03    237.8906188  9.4717620E+06 -6.3020000E+03  0.0000000E+00  4.5442361E+03  1.4604152E+00  0.0000000E+00  2.4261626E+03  4.1860942E+03  0.0000000E+00  0.0000000E+00  0.0000000E+00  0.0000000E+00  0.0000000E+00  1.2562835E+04 -8.0985622E-03
     1.6450000E+03    237.8814283  9.4648830E+06 -6.8790000E+03  0.0000000E+00  5.1153800E+03  1.1727852E-01  0.0000000E+00  2.4109548E+03  4.1742397E+03  0.0000000E+00  0.0000000E+00  0.0000000E+00  0.0000000E+00  0.0000000E+00  1.2523663E+04  4.8777563E-03
     1.6460000E+03    237.8880014  9.4698030E+06  4.9200000E+03  1.2003186E+04  5.7250186E+03  4.5152597E+02  0.0000000E+00  2.3942988E+03  4.2043608E+03  0.0000000E+00  0.0000000E+00  0.0000000E+00  0.0000000E+00  0.0000000E+00  1.2492969E+04 -2.4793844E-03
     1.6470000E+03    237.8795864  9.4635050E+06 -6.2980000E+03  1.2001545E+03  5.7252233E+03  4.4797428E+01  0.0000000E+00  2.3797065E+03  4.1975898E+03  0.0000000E+00  0.0000000E+00  0.0000000E+00  0.0000000E+00  0.0000000E+00  1.2460295E+04 -1.5549712E-03
     1.6480000E+03    237.8700716  9.4563830E+06 -7.1220000E+03  0.0000000E+00  5.3062380E+03  5.2883220E-01  0.0000000E+00  2.3650833E+03  4.1806587E+03  0.0000000E+00  0.0000000E+00  0.0000000E+00  0.0000000E+00  0.0000000E+00  1.2423071E+04  7.5453580E-03
     1.6490000E+03    237.8607021  9.4493710E+06 -7.0120000E+03  0.0000000E+00  5.1957952E+03  8.5082538E-02  0.0000000E+00  2.3507703E+03  4.1675776E+03  0.0000000E+00  0.0000000E+00  0.0000000E+00  0.0000000E+00  0.0000000E+00  1.2384312E+04 -5.5276887E-03
     1.6500000E+03    237.8609784  9.4495780E+06  2.0700000E+02  6.5988538E+03  4.7297968E+03  1.8360165E+02  0.0000000E+00  2.3355540E+03  4.1813911E+03  0.0000000E+00  0.0000000E+00  0.0000000E+00  0.0000000E+00  0.0000000E+00  1.2350252E+04 -1.9492672E-03
     1.6510000E+03    237.8516065  9.4425630E+06 -7.0150000E+03  0.0000000E+00  5.1657906E+03  1.1240144E+00  0.0000000E+00  2.3223972E+03  4.1720322E+03  0.0000000E+00  0.0000000E+00  0.0000000E+00  0.0000000E+00  0.0000000E+00  1.2315345E+04  7.4880281E-03
     1.6520000E+03    237.8414860  9.4349890E+06 -7.5740000E+03  0.0000000E+00  5.7285867E+03  5.5434465E-02  0.0000000E+00  2.3106174E+03  4.1566787E+03  0.0000000E+00  0.0000000E+00  0.0000000E+00  0.0000000E+00  0.0000000E+00  1.2279314E+04 -5.9965351E-03
     1.6530000E+03    237.8301985  9.4265410E+06 -8.4480000E+03  0.0000000E+00  6.6069426E+03  3.5773739E-02  0.0000000E+00  2.2997371E+03  4.1408550E+03  0.0000000E+00  0.0000000E+00  0.0000000E+00  0.0000000E+00  0.0000000E+00  1.2242218E+04 -2.3624026E-04
     1.6540000E+03    237.8204132  9.4192170E+06 -7.3240000E+03  0.0000000E+00  5.4824437E+03  3.5707306E-02  0.0000000E+00  2.2892903E+03  4.1306377E+03  0.0000000E+00  0.0000000E+00  0.0000000E+00  0.0000000E+00  0.0000000E+00  1.2205455E+04  2.5396706E-03
     1.6550000E+03    237.8098927  9.4113430E+06 -7.8740000E+03  0.0000000E+00  6.0331465E+03  3.5652351E-02  0.0000000E+00  2.2795261E+03  4.1203599E+03  0.0000000E+00  0.0000000E+00  0.0000000E+00  0.0000000E+00  0.0000000E+00  1.2168936E+04  5.4822507E-04
     1.6560000E+03    237.8006414  9.4044190E+06 -6.9240000E+03  0.0000000E+00  5.0805666E+03  3.5598647E-02  0.0000000E+00  2.2699939E+03  4.1135444E+03  0.0000000E+00  0.0000000E+00  0.0000000E+00  0.0000000E+00  0.0000000E+00  1.2133086E+04 -8.9221512E-04
     1.6570000E+03    237.7934630  9.3990460E+06 -5.3730000E+03  1.7977125E+03  5.3540905E+03  3.5693676E+01  0.0000000E+00  2.2605391E+03  4.1124600E+03  0.0000000E+00  0.0000000E+00  0.0000000E+00  0.0000000E+00  0.0000000E+00  1.2099254E+04  4.1676345E-03
     1.6580000E+03    237.7855948  9.3931580E+06 -5.8880000E+03  0.0000000E+00  4.0305858E+03  4.6073410E-01  0.0000000E+00  2.2505701E+03  4.1093105E+03  0.0000000E+00  0.0000000E+00  0.0000000E+00  0.0000000E+00  0.0000000E+00  1.2064578E+04 -1.0635548E-02
     1.6590000E+03    237.7761194  9.3860660E+06 -7.0920000E+03  0.0000000E+00  5.2323533E+03  7.4433535E-02  0.0000000E+00  2.2412969E+03  4.1008301E+03  0.0000000E+00  0.0000000E+00  0.0000000E+00  0.0000000E+00  0.0000000E+00  1.2029789E+04  2.0089608E-03
     1.6600000E+03    237.7672261  9.3794100E+06 -6.6560000E+03  0.0000000E+00  4.7947640E+03  7.4266084E-02  0.0000000E+00  2.2320815E+03  4.0934521E+03  0.0000000E+00  0.0000000E+00  0.0000000E+00  0.0000000E+00  0.0000000E+00  1.1995127E+04 -6.8669743E-04
     1.6610000E+03    237.7568163  9.3716190E+06 -7.7910000E+03  0.0000000E+00  5.9323834E+03  7.4143678E-02  0.0000000E+00  2.2240229E+03  4.0828728E+03  0.0000000E+00  0.0000000E+00  0.0000000E+00  0.0000000E+00  0.0000000E+00  1.1961644E+04 -1.5844968E-03
     1.6620000E+03    237.7453838  9.3630620E+06 -8.5570000E+03  0.0000000E+00  6.7030599E+03  7.4025989E-02  0.0000000E+00  2.2165835E+03  4.0701245E+03  0.0000000E+00  0.0000000E+00  0.0000000E+00  0.0000000E+00  0.0000000E+00  1.1927443E+04  4.3873400E-03
     1.6630000E+03    237.7342124  9.3547010E+06 -8.3610000E+03  0.0000000E+00  6.5119417E+03  7.3908985E-02  0.0000000E+00  2.2095327E+03  4.0587979E+03  0.0000000E+00  0.0000000E+00  0.0000000E+00  0.0000000E+00  0.0000000E+00  1.1894733E+04 -1.2656546E-03
     1.6640000E+03    237.7217762  9.3453930E+06 -9.3080000E+03  0.0000000E+00  7.4652121E+03  7.3792271E-02  0.0000000E+00  2.2027024E+03  4.0453027E+03  0.0000000E+00  0.0000000E+00  0.0000000E+00  0.0000000E+00  0.0000000E+00  1.1861915E+04  2.2737363E-03
     1.6650000E+03    237.7086469  9.3355670E+06 -9.8260000E+03  0.0000000E+00  7.9923748E+03  7.3675789E-02  0.0000000E+00  2.1963313E+03  4.0305952E+03  0.0000000E+00  0.0000000E+00  0.0000000E+00  0.0000000E+00  0.0000000E+00  1.1828577E+04 -4.7029117E-03
     1.6660000E+03    237.6973183  9.3270880E+06 -8.4790000E+03  0.0000000E+00  6.6472446E+03  7.3559538E-02  0.0000000E+00  2.1899153E+03  4.0214653E+03  0.0000000E+00  0.0000000E+00  0.0000000E+00  0.0000000E+00  0.0000000E+00  1.1795817E+04  2.6179068E-03
     1.6670000E+03    237.6862067  9.3187710E+06 -8.3170000E+03  0.0000000E+00  6.4862803E+03  7.3443517E-02  0.0000000E+00  2.1836445E+03  4.0138545E+03  0.0000000E+00  0.0000000E+00  0.0000000E+00  0.0000000E+00  0.0000000E+00  1.1763863E+04  5.5523841E-03
     1.6680000E+03    237.6758857  9.3110470E+06 -7.7240000E+03  0.0000000E+00  5.8941609E+03  7.3327743E-02  0.0000000E+00  2.1772668E+03  4.0078608E+03  0.0000000E+00  0.0000000E+00  0.0000000E+00  0.0000000E+00  0.0000000E+00  1.1732575E+04 -6.8838531E-03
     1.6690000E+03    237.6651210  9.3029900E+06 -8.0570000E+03  0.0000000E+00  6.2271677E+03  7.3212191E-02  0.0000000E+00  2.1709268E+03  4.0004822E+03  0.0000000E+00  0.0000000E+00  0.0000000E+00  0.0000000E+00  0.0000000E+00  1.1701311E+04  3.4278252E-03
     1.6700000E+03    237.6534876  9.2942830E+06 -8.7070000E+03  0.0000000E+00  6.8813148E+03  7.3096871E-02  0.0000000E+00  2.1646660E+03  3.9903914E+03  0.0000000E+00  0.0000000E+00  0.0000000E+00  0.0000000E+00  0.0000000E+00  1.1669084E+04  3.0540861E-04
     1.6710000E+03    237.6402415  9.2843690E+06 -9.9140000E+03  0.0000000E+00  8.0965032E+03  7.2981790E-02  0.0000000E+00  2.1588047E+03  3.9762356E+03  0.0000000E+00  0.0000000E+00  0.0000000E+00  0.0000000E+00  0.0000000E+00  1.1635435E+04  1.1567255E-03
     1.6720000E+03    237.6271183  9.2745470E+06 -9.8220000E+03  0.0000000E+00  8.0124949E+03  7.2866939E-02  0.0000000E+00  2.1532224E+03  3.9627810E+03  0.0000000E+00  0.0000000E+00  0.0000000E+00  0.0000000E+00  0.0000000E+00  1.1601633E+04  1.6309645E-04
     1.6730000E+03    237.6137178  9.2645180E+06 -1.0029000E+04  0.0000000E+00  8.2275358E+03  7.2752312E-02  0.0000000E+00  2.1477322E+03  3.9497258E+03  0.0000000E+00  0.0000000E+00  0.0000000E+00  0.0000000E+00  0.0000000E+00  1.1567430E+04 -3.7531529E-03
     1.6740000E+03    237.6020348  9.2557740E+06 -8.7440000E+03  0.0000000E+00  6.9447142E+03  7.2637916E-02  0.0000000E+00  2.1420488E+03  3.9414688E+03  0.0000000E+00  0.0000000E+00  0.0000000E+00  0.0000000E+00  0.0000000E+00  1.1534007E+04 -5.7412224E-04
     1.6750000E+03    237.5888506  9.2459060E+06 -9.8680000E+03  0.0000000E+00  8.0742591E+03  7.2523758E-02  0.0000000E+00  2.1366404E+03  3.9300232E+03  0.0000000E+00  0.0000000E+00  0.0000000E+00  0.0000000E+00  0.0000000E+00  1.1500563E+04  3.5875870E-03
     1.6760000E+03    237.5751007  9.2356150E+06 -1.0291000E+04  0.0000000E+00  8.5055623E+03  7.2409824E-02  0.0000000E+00  2.1314004E+03  3.9168889E+03  0.0000000E+00  0.0000000E+00  0.0000000E+00  0.0000000E+00  0.0000000E+00  1.1466508E+04  1.7294796E-04
     1.6770000E+03    237.5618368  9.2256880E+06 -9.9270000E+03  0.0000000E+00  8.1481571E+03  7.2296113E-02  0.0000000E+00  2.1261262E+03  3.9053098E+03  0.0000000E+00  0.0000000E+00  0.0000000E+00  0.0000000E+00  0.0000000E+00  1.1432396E+04 -2.2280286E-03
     1.6780000E+03    237.5497789  9.2166630E+06 -9.0250000E+03  0.0000000E+00  7.2481095E+03  7.2182633E-02  0.0000000E+00  2.1206311E+03  3.8971846E+03  0.0000000E+00  0.0000000E+00  0.0000000E+00  0.0000000E+00  0.0000000E+00  1.1398813E+04  3.6713225E-03
     1.6790000E+03    237.5395245  9.2089890E+06 -7.6740000E+03  0.0000000E+00  5.8957588E+03  7.2069384E-02  0.0000000E+00  2.1144070E+03  3.8935469E+03  0.0000000E+00  0.0000000E+00  0.0000000E+00  0.0000000E+00  0.0000000E+00  1.1365524E+04 -8.4445225E-03
     1.6800000E+03    237.5288924  9.2010310E+06 -7.9580000E+03  0.0000000E+00  6.1771405E+03  7.1956351E-02  0.0000000E+00  2.1080779E+03  3.8885020E+03  0.0000000E+00  0.0000000E+00  0.0000000E+00  0.0000000E+00  0.0000000E+00  1.1332701E+04  5.0401571E-03
     1.6810000E+03    237.5187248  9.1934210E+06 -7.6100000E+03  0.0000000E+00  5.8286733E+03  7.1843557E-02  0.0000000E+00  2.1020618E+03  3.8833411E+03  0.0000000E+00  0.0000000E+00  0.0000000E+00  0.0000000E+00  0.0000000E+00  1.1301604E+04  1.2267344E-03
     1.6820000E+03    237.5086294  9.1858650E+06 -7.5560000E+03  0.0000000E+00  5.7740700E+03  7.1730979E-02  0.0000000E+00  2.0959453E+03  3.8777644E+03  0.0000000E+00  0.0000000E+00  0.0000000E+00  0.0000000E+00  0.0000000E+00  1.1270705E+04  1.8971055E-03
     1.6830000E+03    237.4978689  9.1778120E+06 -8.0530000E+03  0.0000000E+00  6.2738513E+03  7.1618624E-02  0.0000000E+00  2.0901082E+03  3.8699338E+03  0.0000000E+00  0.0000000E+00  0.0000000E+00  0.0000000E+00  0.0000000E+00  1.1240142E+04 -5.9688641E-03
     1.6840000E+03    237.4841610  9.1675520E+06 -1.0260000E+04  0.0000000E+00  8.4903024E+03  7.1506493E-02  0.0000000E+00  2.0852021E+03  3.8544919E+03  0.0000000E+00  0.0000000E+00  0.0000000E+00  0.0000000E+00  0.0000000E+00  1.1209147E+04  3.8762542E-03
     1.6850000E+03    237.4713957  9.1579980E+06 -9.5540000E+03  0.0000000E+00  7.7930210E+03  7.1394593E-02  0.0000000E+00  2.0802109E+03  3.8413542E+03  0.0000000E+00  0.0000000E+00  0.0000000E+00  0.0000000E+00  0.0000000E+00  1.1177308E+04 -7.9740799E-04
     1.6860000E+03    237.4593700  9.1489980E+06 -9.0000000E+03  0.0000000E+00  7.2442045E+03  7.1282908E-02  0.0000000E+00  2.0751157E+03  3.8314866E+03  0.0000000E+00  0.0000000E+00  0.0000000E+00  0.0000000E+00  0.0000000E+00  1.1145573E+04 -4.5496593E-03
     1.6870000E+03    237.4483888  9.1407790E+06 -8.2190000E+03  0.0000000E+00  6.4641448E+03  7.1171455E-02  0.0000000E+00  2.0698704E+03  3.8245637E+03  0.0000000E+00  0.0000000E+00  0.0000000E+00  0.0000000E+00  0.0000000E+00  1.1114635E+04  2.2589995E-03
     1.6880000E+03    237.4377719  9.1328330E+06 -7.9460000E+03  0.0000000E+00  6.1922049E+03  7.1060210E-02  0.0000000E+00  2.0644270E+03  3.8184229E+03  0.0000000E+00  0.0000000E+00  0.0000000E+00  0.0000000E+00  0.0000000E+00  1.1083926E+04 -1.2974492E-03
     1.6890000E+03    237.4274031  9.1250720E+06 -7.7610000E+03  0.0000000E+00  6.0072327E+03  7.0949189E-02  0.0000000E+00  2.0589866E+03  3.8123030E+03  0.0000000E+00  0.0000000E+00  0.0000000E+00  0.0000000E+00  0.0000000E+00  1.1053833E+04  5.3206282E-03
     1.6900000E+03    237.4174553  9.1176270E+06 -7.4450000E+03  0.0000000E+00  5.6921431E+03  7.0838399E-02  0.0000000E+00  2.0534492E+03  3.8066829E+03  0.0000000E+00  0.0000000E+00  0.0000000E+00  0.0000000E+00  0.0000000E+00  1.1024181E+04 -3.2230546E-03
     1.6910000E+03    237.4066480  9.1095380E+06 -8.0890000E+03  0.0000000E+00  6.3383678E+03  7.0727818E-02  0.0000000E+00  2.0482620E+03  3.7985610E+03  0.0000000E+00  0.0000000E+00  0.0000000E+00  0.0000000E+00  0.0000000E+00  1.0995004E+04  3.9883568E-03
     1.6920000E+03    237.3944017  9.1003730E+06 -9.1650000E+03  0.0000000E+00  7.4229702E+03  7.0617467E-02  0.0000000E+00  2.0437139E+03  3.7865024E+03  0.0000000E+00  0.0000000E+00  0.0000000E+00  0.0000000E+00  0.0000000E+00  1.0965977E+04 -6.1419173E-03
     1.6930000E+03    237.3807759  9.0901750E+06 -1.0198000E+04  0.0000000E+00  8.4664385E+03  7.0507318E-02  0.0000000E+00  2.0395316E+03  3.7712827E+03  0.0000000E+00  0.0000000E+00  0.0000000E+00  0.0000000E+00  0.0000000E+00  1.0935771E+04 -9.6557249E-04
     1.6940000E+03    237.3697660  9.0819340E+06 -8.2410000E+03  0.0000000E+00  6.5119319E+03  7.0397399E-02  0.0000000E+00  2.0349343E+03  3.7632791E+03  0.0000000E+00  0.0000000E+00  0.0000000E+00  0.0000000E+00  0.0000000E+00  1.0905653E+04  7.7268030E-03
     1.6950000E+03    237.3599517  9.0745890E+06 -7.3450000E+03  0.0000000E+00  5.6162475E+03  7.0287697E-02  0.0000000E+00  2.0299884E+03  3.7592573E+03  0.0000000E+00  0.0000000E+00  0.0000000E+00  0.0000000E+00  0.0000000E+00  1.0876170E+04 -4.7601601E-03
     1.6960000E+03    237.3503137  9.0673750E+06 -7.2140000E+03  0.0000000E+00  5.4836132E+03  7.0178211E-02  0.0000000E+00  2.0250848E+03  3.7550398E+03  0.0000000E+00  0.0000000E+00  0.0000000E+00  0.0000000E+00  0.0000000E+00  1.0847585E+04  5.4331850E-03
     1.6970000E+03    237.3398358  9.0595330E+06 -7.8420000E+03  0.0000000E+00  6.1146164E+03  7.0068933E-02  0.0000000E+00  2.0203038E+03  3.7478542E+03  0.0000000E+00  0.0000000E+00  0.0000000E+00  0.0000000E+00  0.0000000E+00  1.0818884E+04 -9.8027859E-04
     1.6980000E+03    237.3293605  9.0516930E+06 -7.8400000E+03  0.0000000E+00  6.1156448E+03  6.9959879E-02  0.0000000E+00  2.0154923E+03  3.7400120E+03  0.0000000E+00  0.0000000E+00  0.0000000E+00  0.0000000E+00  0.0000000E+00  1.0789856E+04 -9.6113898E-04
     1.6990000E+03    237.3185828  9.0436270E+06 -8.0660000E+03  0.0000000E+00  6.3458664E+03  6.9851041E-02  0.0000000E+00  2.0107734E+03  3.7314541E+03  0.0000000E+00  0.0000000E+00  0.0000000E+00  0.0000000E+00  0.0000000E+00  1.0760669E+04 -4.7339052E-03
     1.7000000E+03    237.3147380  9.0407490E+06 -2.8780000E+03  1.9982296E+03  3.1645530E+03  2.2968325E+01  0.0000000E+00  2.0049620E+03  3.7392336E+03  0.0000000E+00  0.0000000E+00  0.0000000E+00  0.0000000E+00  0.0000000E+00  1.0734799E+04  5.4070475E-03
     1.7010000E+03    237.3037391  9.0325170E+06 -8.2320000E+03  0.0000000E+00  6.5023191E+03  1.0995661E-01  0.0000000E+00  2.0004611E+03  3.7303013E+03  0.0000000E+00  0.0000000E+00  0.0000000E+00  0.0000000E+00  0.0000000E+00  1.0709107E+04 -4.8672463E-04
     1.7020000E+03    237.2935588  9.0248980E+06 -7.6190000E+03  0.0000000E+00  5.8958695E+03  9.0125151E-02  0.0000000E+00  1.9962590E+03  3.7198188E+03  0.0000000E+00  0.0000000E+00  0.0000000E+00  0.0000000E+00  0.0000000E+00  1.0683250E+04 -3.5291854E-03
     1.7030000E+03    237.2822098  9.0164040E+06 -8.4940000E+03  0.0000000E+00  6.7784285E+03  8.9929894E-02  0.0000000E+00  1.9923451E+03  3.7080015E+03  0.0000000E+00  0.0000000E+00  0.0000000E+00  0.0000000E+00  0.0000000E+00  1.0656825E+04  5.5875786E-05
     1.7040000E+03    237.2681963  9.0059150E+06 -1.0489000E+04  0.0000000E+00  8.7872681E+03  8.9776151E-02  0.0000000E+00  1.9891776E+03  3.6903213E+03  0.0000000E+00  0.0000000E+00  0.0000000E+00  0.0000000E+00  0.0000000E+00  1.0629191E+04  5.4316130E-03
     1.7050000E+03    237.2536061  8.9949950E+06 -1.0920000E+04  0.0000000E+00  9.2341344E+03  8.9626864E-02  0.0000000E+00  1.9862046E+03  3.6720596E+03  0.0000000E+00  0.0000000E+00  0.0000000E+00  0.0000000E+00  0.0000000E+00  1.0599904E+04  7.7179511E-04
     1.7060000E+03    237.2399657  8.9847860E+06 -1.0209000E+04  0.0000000E+00  8.5343537E+03  8.9478299E-02  0.0000000E+00  1.9830746E+03  3.6578064E+03  0.0000000E+00  0.0000000E+00  0.0000000E+00  0.0000000E+00  0.0000000E+00  1.0569896E+04  3.2039032E-05
     1.7070000E+03    237.2280993  8.9759050E+06 -8.8810000E+03  0.0000000E+00  7.2120425E+03  8.9330107E-02  0.0000000E+00  1.9797081E+03  3.6491096E+03  0.0000000E+00  0.0000000E+00  0.0000000E+00  0.0000000E+00  0.0000000E+00  1.0540602E+04 -3.2638542E-03
     1.7080000E+03    237.2170358  8.9676250E+06 -8.2800000E+03  0.0000000E+00  6.6137972E+03  8.9182228E-02  0.0000000E+00  1.9761294E+03  3.6427437E+03  0.0000000E+00  0.0000000E+00  0.0000000E+00  0.0000000E+00  0.0000000E+00  1.0513762E+04 -3.1420498E-03
     1.7090000E+03    237.2059092  8.9592970E+06 -8.3280000E+03  0.0000000E+00  6.6645421E+03  8.9034662E-02  0.0000000E+00  1.9725194E+03  3.6356782E+03  0.0000000E+00  0.0000000E+00  0.0000000E+00  0.0000000E+00  0.0000000E+00  1.0488349E+04  3.7639516E-03
     1.7100000E+03    237.1930915  8.9497040E+06 -9.5930000E+03  0.0000000E+00  7.9386438E+03  8.8887423E-02  0.0000000E+00  1.9692091E+03  3.6239578E+03  0.0000000E+00  0.0000000E+00  0.0000000E+00  0.0000000E+00  0.0000000E+00  1.0462430E+04 -2.6266661E-03
     1.7110000E+03    237.1768889  8.9375770E+06 -1.2127000E+04  0.0000000E+00  1.0489396E+04  8.8740498E-02  0.0000000E+00  1.9665353E+03  3.6039275E+03  0.0000000E+00  0.0000000E+00  0.0000000E+00  0.0000000E+00  0.0000000E+00  1.0434450E+04  2.1342109E-03
     1.7120000E+03    237.1606582  8.9254290E+06 -1.2148000E+04  0.0000000E+00  1.0527424E+04  8.8593885E-02  0.0000000E+00  1.9639436E+03  3.5843193E+03  0.0000000E+00  0.0000000E+00  0.0000000E+00  0.0000000E+00  0.0000000E+00  1.0404752E+04  2.0414623E-03
     1.7130000E+03    237.1467011  8.9149830E+06 -1.0446000E+04  0.0000000E+00  8.8351170E+03  8.8447586E-02  0.0000000E+00  1.9608673E+03  3.5719404E+03  0.0000000E+00  0.0000000E+00  0.0000000E+00  0.0000000E+00  0.0000000E+00  1.0374851E+04 -8.1858650E-04
     1.7140000E+03    237.1355866  8.9066650E+06 -8.3180000E+03  0.0000000E+00  6.7082959E+03  8.8301599E-02  0.0000000E+00  1.9572140E+03  3.5675535E+03  0.0000000E+00  0.0000000E+00  0.0000000E+00  0.0000000E+00  0.0000000E+00  1.0346355E+04 -5.3219446E-03
     1.7150000E+03    237.1235331  8.8976430E+06 -9.0220000E+03  0.0000000E+00  7.4143625E+03  8.8155925E-02  0.0000000E+00  1.9537235E+03  3.5607651E+03  0.0000000E+00  0.0000000E+00  0.0000000E+00  0.0000000E+00  0.0000000E+00  1.0318878E+04  6.2374705E-03
     1.7160000E+03    237.1120395  8.8890410E+06 -8.6020000E+03  0.0000000E+00  6.9988315E+03  8.8010564E-02  0.0000000E+00  1.9501951E+03  3.5537346E+03  0.0000000E+00  0.0000000E+00  0.0000000E+00  0.0000000E+00  0.0000000E+00  1.0292067E+04 -2.6837368E-03
     1.7170000E+03    237.1000128  8.8800400E+06 -9.0010000E+03  0.0000000E+00  7.4030186E+03  8.7865509E-02  0.0000000E+00  1.9468743E+03  3.5451646E+03  0.0000000E+00  0.0000000E+00  0.0000000E+00  0.0000000E+00  0.0000000E+00  1.0265371E+04 -2.0248080E-03
     1.7180000E+03    237.0868316  8.8701750E+06 -9.8650000E+03  0.0000000E+00  8.2758634E+03  8.7720759E-02  0.0000000E+00  1.9441287E+03  3.5337485E+03  0.0000000E+00  0.0000000E+00  0.0000000E+00  0.0000000E+00  0.0000000E+00  1.0238078E+04 -3.3407640E-03
     1.7190000E+03    237.0753445  8.8615770E+06 -8.5980000E+03  0.0000000E+00  7.0125178E+03  8.7576322E-02  0.0000000E+00  1.9411891E+03  3.5261260E+03  0.0000000E+00  0.0000000E+00  0.0000000E+00  0.0000000E+00  0.0000000E+00  1.0211096E+04  6.0046865E-03
     1.7200000E+03    237.0629532  8.8523030E+06 -9.2740000E+03  0.0000000E+00  7.6957238E+03  8.7432198E-02  0.0000000E+00  1.9383859E+03  3.5169326E+03  0.0000000E+00  0.0000000E+00  0.0000000E+00  0.0000000E+00  0.0000000E+00  1.0184191E+04 -1.6286701E-03
     1.7210000E+03    237.0517690  8.8439320E+06 -8.3710000E+03  0.0000000E+00  6.7962711E+03  8.7288372E-02  0.0000000E+00  1.9354037E+03  3.5099680E+03  0.0000000E+00  0.0000000E+00  0.0000000E+00  0.0000000E+00  0.0000000E+00  1.0157627E+04  2.4446659E-03
     1.7220000E+03    237.0415501  8.8362840E+06 -7.6480000E+03  0.0000000E+00  6.0750377E+03  8.7144859E-02  0.0000000E+00  1.9321000E+03  3.5053411E+03  0.0000000E+00  0.0000000E+00  0.0000000E+00  0.0000000E+00  0.0000000E+00  1.0131461E+04 -2.0029952E-03
     1.7230000E+03    237.0305693  8.8280660E+06 -8.2180000E+03  0.0000000E+00  6.6491707E+03  8.7001644E-02  0.0000000E+00  1.9291168E+03  3.4985166E+03  0.0000000E+00  0.0000000E+00  0.0000000E+00  0.0000000E+00  0.0000000E+00  1.0106166E+04 -4.7636316E-03
     1.7240000E+03    237.0191097  8.8194890E+06 -8.5770000E+03  0.0000000E+00  7.0134304E+03  8.6858749E-02  0.0000000E+00  1.9262639E+03  3.4898047E+03  0.0000000E+00  0.0000000E+00  0.0000000E+00  0.0000000E+00  0.0000000E+00  1.0080885E+04  1.1064300E-03
     1.7250000E+03    237.0060985  8.8097510E+06 -9.7380000E+03  0.0000000E+00  8.1844175E+03  8.6716153E-02  0.0000000E+00  1.9236714E+03  3.4774114E+03  0.0000000E+00  0.0000000E+00  0.0000000E+00  0.0000000E+00  0.0000000E+00  1.0054817E+04 -6.1130256E-04
     1.7260000E+03    236.9918140  8.7991570E+06 -1.0594000E+04  0.0000000E+00  9.0524086E+03  8.6573839E-02  0.0000000E+00  1.9213210E+03  3.4622004E+03  0.0000000E+00  0.0000000E+00  0.0000000E+00  0.0000000E+00  0.0000000E+00  1.0027509E+04  6.3831653E-03
     1.7270000E+03    236.9805003  8.7908250E+06 -8.3320000E+03  6.6064656E+02  7.4634498E+03  6.3314972E+00  0.0000000E+00  1.9186096E+03  3.4545339E+03  0.0000000E+00  0.0000000E+00  0.0000000E+00  0.0000000E+00  0.0000000E+00  1.0000736E+04 -3.6225354E-03
     1.7280000E+03    236.9761234  8.7876020E+06 -3.2230000E+03  1.3211936E+03  3.0083426E+03  1.2623129E+01  0.0000000E+00  1.9148840E+03  3.4638987E+03  0.0000000E+00  0.0000000E+00  0.0000000E+00  0.0000000E+00  0.0000000E+00  9.9778691E+03 -8.3514713E-03
     1.7290000E+03    236.9633504  8.7781940E+06 -9.4080000E+03  0.0000000E+00  7.8657888E+03  1.9219522E-01  0.0000000E+00  1.9123347E+03  3.4538059E+03  0.0000000E+00  0.0000000E+00  0.0000000E+00  0.0000000E+00  0.0000000E+00  9.9543672E+03  8.2303351E-03
     1.7300000E+03    236.9492275  8.7677930E+06 -1.0401000E+04  0.0000000E+00  8.8748601E+03  7.9077817E-02  0.0000000E+00  1.9101970E+03  3.4367095E+03  0.0000000E+00  0.0000000E+00  0.0000000E+00  0.0000000E+00  0.0000000E+00  9.9288682E+03 -2.3875535E-03
     1.7310000E+03    236.9339553  8.7565450E+06 -1.1248000E+04  0.0000000E+00  9.7374728E+03  7.8905679E-02  0.0000000E+00  1.9081803E+03  3.4185186E+03  0.0000000E+00  0.0000000E+00  0.0000000E+00  0.0000000E+00  0.0000000E+00  9.9013154E+03  2.0338879E-03
     1.7320000E+03    236.9174734  8.7444070E+06 -1.2138000E+04  0.0000000E+00  1.0646044E+04  7.8773521E-02  0.0000000E+00  1.9064348E+03  3.3991421E+03  0.0000000E+00  0.0000000E+00  0.0000000E+00  0.0000000E+00  0.0000000E+00  9.8720166E+03 -4.7836676E-03
     1.7330000E+03    236.9007565  8.7320950E+06 -1.2312000E+04  0.0000000E+00  1.0835800E+04  7.8645602E-02  0.0000000E+00  1.9047345E+03  3.3806956E+03  0.0000000E+00  0.0000000E+00  0.0000000E+00  0.0000000E+00  0.0000000E+00  9.8412734E+03  2.2393661E-03
     1.7340000E+03    236.8851310  8.7205870E+06 -1.1508000E+04  0.0000000E+00  1.0044707E+04  7.8518346E-02  0.0000000E+00  1.9028771E+03  3.3662087E+03  0.0000000E+00  0.0000000E+00  0.0000000E+00  0.0000000E+00  0.0000000E+00  9.8101055E+03  2.9127390E-04
     1.7350000E+03    236.8682830  8.7081790E+06 -1.2408000E+04  0.0000000E+00  1.0959417E+04  7.8391410E-02  0.0000000E+00  1.9011599E+03  3.3501050E+03  0.0000000E+00  0.0000000E+00  0.0000000E+00  0.0000000E+00  0.0000000E+00  9.7781631E+03 -1.9791236E-03
     1.7360000E+03    236.8522604  8.6963790E+06 -1.1800000E+04  0.0000000E+00  1.0363731E+04  7.8264736E-02  0.0000000E+00  1.8993535E+03  3.3360254E+03  0.0000000E+00  0.0000000E+00  0.0000000E+00  0.0000000E+00  0.0000000E+00  9.7459736E+03 -2.3737305E-03
     1.7370000E+03    236.8350960  8.6837370E+06 -1.2642000E+04  0.0000000E+00  1.1218939E+04  7.8138329E-02  0.0000000E+00  1.8976713E+03  3.3201523E+03  0.0000000E+00  0.0000000E+00  0.0000000E+00  0.0000000E+00  0.0000000E+00  9.7131289E+03  4.5271269E-03
     1.7380000E+03    236.8198416  8.6725030E+06 -1.1234000E+04  0.0000000E+00  9.8217992E+03  7.8012198E-02  0.0000000E+00  1.8957061E+03  3.3085996E+03  0.0000000E+00  0.0000000E+00  0.0000000E+00  0.0000000E+00  0.0000000E+00  9.6805303E+03 -4.6781353E-03
     1.7390000E+03    236.8056217  8.6620300E+06 -1.0473000E+04  0.0000000E+00  9.0662860E+03  7.7886328E-02  0.0000000E+00  1.8935032E+03  3.3000435E+03  0.0000000E+00  0.0000000E+00  0.0000000E+00  0.0000000E+00  0.0000000E+00  9.6486631E+03  2.0295153E-03
     1.7400000E+03    236.7942185  8.6536320E+06 -8.3980000E+03  0.0000000E+00  6.9918600E+03  7.7760726E-02  0.0000000E+00  1.8908873E+03  3.2973633E+03  0.0000000E+00  0.0000000E+00  0.0000000E+00  0.0000000E+00  0.0000000E+00  9.6187061E+03 -2.5056559E-03
     1.7410000E+03    236.7817020  8.6444130E+06 -9.2190000E+03  0.0000000E+00  7.8149889E+03  7.7635385E-02  0.0000000E+00  1.8883567E+03  3.2916367E+03  0.0000000E+00  0.0000000E+00  0.0000000E+00  0.0000000E+00  0.0000000E+00  9.5896602E+03  7.2890758E-03
     1.7420000E+03    236.7686826  8.6348250E+06 -9.5880000E+03  0.0000000E+00  8.1915544E+03  7.7510327E-02  0.0000000E+00  1.8859487E+03  3.2830544E+03  0.0000000E+00  0.0000000E+00  0.0000000E+00  0.0000000E+00  0.0000000E+00  9.5609141E+03 -5.0723408E-03
     1.7430000E+03    236.7537180  8.6238040E+06 -1.1021000E+04  0.0000000E+00  9.6354780E+03  7.7385522E-02  0.0000000E+00  1.8838567E+03  3.2696470E+03  0.0000000E+00  0.0000000E+00  0.0000000E+00  0.0000000E+00  0.0000000E+00  9.5314609E+03 -1.4831801E-03
     1.7440000E+03    236.7409285  8.6143840E+06 -9.4200000E+03  0.0000000E+00  8.0400434E+03  7.7260979E-02  0.0000000E+00  1.8815652E+03  3.2608235E+03  0.0000000E+00  0.0000000E+00  0.0000000E+00  0.0000000E+00  0.0000000E+00  9.5024961E+03  6.8613375E-03
     1.7450000E+03    236.7295742  8.6060220E+06 -8.3620000E+03  0.0000000E+00  6.9853760E+03  7.7136695E-02  0.0000000E+00  1.8790267E+03  3.2559602E+03  0.0000000E+00  0.0000000E+00  0.0000000E+00  0.0000000E+00  0.0000000E+00  9.4746494E+03 -2.2694487E-03
     1.7460000E+03    236.7177352  8.5973030E+06 -8.7190000E+03  0.0000000E+00  7.3462910E+03  7.7012680E-02  0.0000000E+00  1.8765571E+03  3.2496028E+03  0.0000000E+00  0.0000000E+00  0.0000000E+00  0.0000000E+00  0.0000000E+00  9.4473965E+03 -2.4515688E-03
     1.7470000E+03    236.7047242  8.5877200E+06 -9.5830000E+03  0.0000000E+00  8.2169837E+03  7.6888926E-02  0.0000000E+00  1.8741830E+03  3.2396841E+03  0.0000000E+00  0.0000000E+00  0.0000000E+00  0.0000000E+00  0.0000000E+00  9.4195674E+03  5.1655234E-03
     1.7480000E+03    236.6924371  8.5786710E+06 -9.0490000E+03  0.0000000E+00  7.6901066E+03  7.6765440E-02  0.0000000E+00  1.8716888E+03  3.2308601E+03  0.0000000E+00  0.0000000E+00  0.0000000E+00  0.0000000E+00  0.0000000E+00  9.3916504E+03 -1.8420703E-03
     1.7490000E+03    236.6813316  8.5704920E+06 -8.1790000E+03  0.0000000E+00  6.8232565E+03  7.6642208E-02  0.0000000E+00  1.8690199E+03  3.2249109E+03  0.0000000E+00  0.0000000E+00  0.0000000E+00  0.0000000E+00  0.0000000E+00  9.3644072E+03 -6.9975451E-04
     1.7500000E+03    236.6700641  8.5621940E+06 -8.2980000E+03  0.0000000E+00  6.9463295E+03  7.6519236E-02  0.0000000E+00  1.8665099E+03  3.2185366E+03  0.0000000E+00  0.0000000E+00  0.0000000E+00  0.0000000E+00  0.0000000E+00  9.3380898E+03 -2.7476689E-03
     1.7510000E+03    236.6586701  8.5538020E+06 -8.3920000E+03  0.0000000E+00  7.0444171E+03  7.6396517E-02  0.0000000E+00  1.8640586E+03  3.2112622E+03  0.0000000E+00  0.0000000E+00  0.0000000E+00  0.0000000E+00  0.0000000E+00  9.3120801E+03  4.4373279E-03
     1.7520000E+03    236.6462474  8.5446530E+06 -9.1490000E+03  0.0000000E+00  7.8095469E+03  7.6274067E-02  0.0000000E+00  1.8617501E+03  3.2014004E+03  0.0000000E+00  0.0000000E+00  0.0000000E+00  0.0000000E+00  0.0000000E+00  9.2856924E+03 -1.0997577E-03
     1.7530000E+03    236.6335662  8.5353140E+06 -9.3390000E+03  0.0000000E+00  8.0083491E+03  7.6151863E-02  0.0000000E+00  1.8595251E+03  3.1907393E+03  0.0000000E+00  0.0000000E+00  0.0000000E+00  0.0000000E+00  0.0000000E+00  9.2589102E+03 -4.3425690E-03
     1.7540000E+03    236.6207243  8.5258560E+06 -9.4580000E+03  0.0000000E+00  8.1350721E+03  7.6029927E-02  0.0000000E+00  1.8572152E+03  3.1800242E+03  0.0000000E+00  0.0000000E+00  0.0000000E+00  0.0000000E+00  0.0000000E+00  9.2316045E+03  1.7174925E-03
     1.7550000E+03    236.6079279  8.5164320E+06 -9.4240000E+03  0.0000000E+00  8.1096818E+03  7.5908236E-02  0.0000000E+00  1.8549099E+03  3.1696968E+03  0.0000000E+00  0.0000000E+00  0.0000000E+00  0.0000000E+00  0.0000000E+00  9.2040664E+03 -3.4804943E-03
     1.7560000E+03    236.5950762  8.5069670E+06 -9.4650000E+03  0.0000000E+00  8.1583112E+03  7.5786799E-02  0.0000000E+00  1.8527419E+03  3.1595330E+03  0.0000000E+00  0.0000000E+00  0.0000000E+00  0.0000000E+00  0.0000000E+00  9.1766807E+03 -2.3297007E-04
     1.7570000E+03    236.5826818  8.4978380E+06 -9.1290000E+03  0.0000000E+00  7.8284222E+03  7.5665623E-02  0.0000000E+00  1.8505367E+03  3.1504990E+03  0.0000000E+00  0.0000000E+00  0.0000000E+00  0.0000000E+00  0.0000000E+00  9.1494307E+03  6.2886840E-03
     1.7580000E+03    236.5687968  8.4876120E+06 -1.0226000E+04  0.0000000E+00  8.9363348E+03  7.5544700E-02  0.0000000E+00  1.8485823E+03  3.1384238E+03  0.0000000E+00  0.0000000E+00  0.0000000E+00  0.0000000E+00  0.0000000E+00  9.1216865E+03 -8.3302648E-04
     1.7590000E+03    236.5565245  8.4785740E+06 -9.0380000E+03  0.0000000E+00  7.7552033E+03  7.5424030E-02  0.0000000E+00  1.8464116E+03  3.1295886E+03  0.0000000E+00  0.0000000E+00  0.0000000E+00  0.0000000E+00  0.0000000E+00  9.0940605E+03 -2.7992036E-03
     1.7600000E+03    236.5442590  8.4695400E+06 -9.0340000E+03  0.0000000E+00  7.7562215E+03  7.5303607E-02  0.0000000E+00  1.8442279E+03  3.1214304E+03  0.0000000E+00  0.0000000E+00  0.0000000E+00  0.0000000E+00  0.0000000E+00  9.0669688E+03  5.9791449E-03
     1.7610000E+03    236.5322654  8.4607070E+06 -8.8330000E+03  0.0000000E+00  7.5616462E+03  7.5183436E-02  0.0000000E+00  1.8420311E+03  3.1135442E+03  0.0000000E+00  0.0000000E+00  0.0000000E+00  0.0000000E+00  0.0000000E+00  9.0402920E+03 -7.8672485E-04
     1.7620000E+03    236.5213771  8.4526880E+06 -8.0190000E+03  0.0000000E+00  6.7509782E+03  7.5063527E-02  0.0000000E+00  1.8396421E+03  3.1078228E+03  0.0000000E+00  0.0000000E+00  0.0000000E+00  0.0000000E+00  0.0000000E+00  9.0142188E+03 -8.4691937E-04
     1.7630000E+03    236.5105982  8.4447500E+06 -7.9380000E+03  0.0000000E+00  6.6736671E+03  7.4943863E-02  0.0000000E+00  1.8373676E+03  3.1022039E+03  0.0000000E+00  0.0000000E+00  0.0000000E+00  0.0000000E+00  0.0000000E+00  8.9890791E+03 -4.3853987E-03
     1.7640000E+03    236.4992370  8.4363820E+06 -8.3680000E+03  0.0000000E+00  7.1079377E+03  7.4824437E-02  0.0000000E+00  1.8352428E+03  3.0947595E+03  0.0000000E+00  0.0000000E+00  0.0000000E+00  0.0000000E+00  0.0000000E+00  8.9641904E+03  6.0779732E-03
     1.7650000E+03    236.4884431  8.4284330E+06 -7.9490000E+03  0.0000000E+00  6.6946339E+03  7.4705265E-02  0.0000000E+00  1.8330936E+03  3.0880347E+03  0.0000000E+00  0.0000000E+00  0.0000000E+00  0.0000000E+00  0.0000000E+00  8.9396514E+03 -5.1060887E-03
     1.7660000E+03    236.4785725  8.4211630E+06 -7.2700000E+03  0.0000000E+00  6.0171420E+03  7.4586347E-02  0.0000000E+00  1.8307419E+03  3.0832244E+03  0.0000000E+00  0.0000000E+00  0.0000000E+00  0.0000000E+00  0.0000000E+00  8.9156035E+03  4.9470020E-03
     1.7670000E+03    236.4673928  8.4129300E+06 -8.2330000E+03  0.0000000E+00  6.9869197E+03  7.4467681E-02  0.0000000E+00  1.8286372E+03  3.0754529E+03  0.0000000E+00  0.0000000E+00  0.0000000E+00  0.0000000E+00  0.0000000E+00  8.8916631E+03 -6.5703467E-03
     1.7680000E+03    236.4561483  8.4046480E+06 -8.2820000E+03  0.0000000E+00  7.0411843E+03  7.4349247E-02  0.0000000E+00  1.8265549E+03  3.0668708E+03  0.0000000E+00  0.0000000E+00  0.0000000E+00  0.0000000E+00  0.0000000E+00  8.8674521E+03  5.6711421E-03
     1.7690000E+03    236.4451363  8.3965380E+06 -8.1100000E+03  0.0000000E+00  6.8758164E+03  7.4231066E-02  0.0000000E+00  1.8245083E+03  3.0589380E+03  0.0000000E+00  0.0000000E+00  0.0000000E+00  0.0000000E+00  0.0000000E+00  8.8433662E+03 -1.7251229E-03
     1.7700000E+03    236.4342798  8.3885425E+06 -7.9955000E+03  0.0000000E+00  6.7666772E+03  7.4113138E-02  0.0000000E+00  1.8224584E+03  3.0514629E+03  0.0000000E+00  0.0000000E+00  0.0000000E+00  0.0000000E+00  0.0000000E+00  8.8193857E+03 -1.1040628E-03
     1.7710000E+03    236.4237090  8.3807575E+06 -7.7850000E+03  0.0000000E+00  6.5611523E+03  7.3995449E-02  0.0000000E+00  1.8204227E+03  3.0445874E+03  0.0000000E+00  0.0000000E+00  0.0000000E+00  0.0000000E+00  0.0000000E+00  8.7956992E+03 -2.5365285E-03
     1.7720000E+03    236.4133671  8.3731405E+06 -7.6170000E+03  0.0000000E+00  6.3968740E+03  7.3877998E-02  0.0000000E+00  1.8182601E+03  3.0381064E+03  0.0000000E+00  0.0000000E+00  0.0000000E+00  0.0000000E+00  0.0000000E+00  8.7719873E+03  3.7468611E-03
     1.7730000E+03    236.4029442  8.3654645E+06 -7.6760000E+03  0.0000000E+00  6.4611768E+03  7.3760793E-02  0.0000000E+00  1.8162062E+03  3.0313311E+03  0.0000000E+00  0.0000000E+00  0.0000000E+00  0.0000000E+00  0.0000000E+00  8.7486934E+03 -2.4021822E-03
     1.7740000E+03    236.3921917  8.3575455E+06 -7.9190000E+03  0.0000000E+00  6.7097325E+03  7.3643833E-02  0.0000000E+00  1.8142212E+03  3.0236733E+03  0.0000000E+00  0.0000000E+00  0.0000000E+00  0.0000000E+00  0.0000000E+00  8.7253672E+03 -1.1437736E-03
     1.7750000E+03    236.3814193  8.3496115E+06 -7.9340000E+03  0.0000000E+00  6.7302053E+03  7.3527120E-02  0.0000000E+00  1.8123529E+03  3.0158650E+03  0.0000000E+00  0.0000000E+00  0.0000000E+00  0.0000000E+00  0.0000000E+00  8.7021680E+03  3.6523135E-03
     1.7760000E+03    236.3708401  8.3418205E+06 -7.7910000E+03  0.0000000E+00  6.5934146E+03  7.3410638E-02  0.0000000E+00  1.8104569E+03  3.0085078E+03  0.0000000E+00  0.0000000E+00  0.0000000E+00  0.0000000E+00  0.0000000E+00  8.6790068E+03 -4.0783663E-03
     1.7770000E+03    236.3599909  8.3338300E+06 -7.9905000E+03  0.0000000E+00  6.7983531E+03  7.3294409E-02  0.0000000E+00  1.8086350E+03  3.0006521E+03  0.0000000E+00  0.0000000E+00  0.0000000E+00  0.0000000E+00  0.0000000E+00  8.6558262E+03  2.0729145E-03
     1.7780000E+03    236.3472545  8.3244500E+06 -9.3800000E+03  0.0000000E+00  8.1985082E+03  7.3178403E-02  0.0000000E+00  1.8070940E+03  2.9888108E+03  0.0000000E+00  0.0000000E+00  0.0000000E+00  0.0000000E+00  0.0000000E+00  8.6317588E+03 -1.3530247E-03
     1.7790000E+03    236.3354577  8.3157615E+06 -8.6885000E+03  0.0000000E+00  7.5148564E+03  7.3062651E-02  0.0000000E+00  1.8054567E+03  2.9788220E+03  0.0000000E+00  0.0000000E+00  0.0000000E+00  0.0000000E+00  0.0000000E+00  8.6073281E+03  3.3502313E-03
     1.7800000E+03    236.3238641  8.3072230E+06 -8.5385000E+03  0.0000000E+00  7.3721891E+03  7.2947130E-02  0.0000000E+00  1.8037438E+03  2.9701406E+03  0.0000000E+00  0.0000000E+00  0.0000000E+00  0.0000000E+00  0.0000000E+00  8.5827969E+03 -1.3219337E-04
     1.7810000E+03    236.3120742  8.2985400E+06 -8.6830000E+03  0.0000000E+00  7.5238497E+03  7.2831847E-02  0.0000000E+00  1.8020675E+03  2.9613760E+03  0.0000000E+00  0.0000000E+00  0.0000000E+00  0.0000000E+00  0.0000000E+00  8.5580938E+03 -8.1029191E-04
     1.7820000E+03    236.3016108  8.2908340E+06 -7.7060000E+03  0.0000000E+00  6.5510040E+03  7.2716802E-02  0.0000000E+00  1.8002203E+03  2.9553960E+03  0.0000000E+00  0.0000000E+00  0.0000000E+00  0.0000000E+00  0.0000000E+00  8.5338740E+03 -1.1299952E-03
     1.7830000E+03    236.2877133  8.2805985E+06 -1.0235500E+04  0.0000000E+00  9.0912364E+03  7.2602004E-02  0.0000000E+00  1.7988256E+03  2.9429539E+03  0.0000000E+00  0.0000000E+00  0.0000000E+00  0.0000000E+00  0.0000000E+00  8.5086201E+03  1.7284737E-03
     1.7840000E+03    236.2740597  8.2705430E+06 -1.0055500E+04  0.0000000E+00  8.9233403E+03  7.2487436E-02  0.0000000E+00  1.7975073E+03  2.9298643E+03  0.0000000E+00  0.0000000E+00  0.0000000E+00  0.0000000E+00  0.0000000E+00  8.4824912E+03 -1.0463283E-03
     1.7850000E+03    236.2626959  8.2621740E+06 -8.3690000E+03  0.0000000E+00  7.2427845E+03  7.2373092E-02  0.0000000E+00  1.7958284E+03  2.9223491E+03  0.0000000E+00  0.0000000E+00  0.0000000E+00  0.0000000E+00  0.0000000E+00  8.4567861E+03 -2.2960685E-03
     1.7860000E+03    236.2522108  8.2544515E+06 -7.7225000E+03  0.0000000E+00  6.5986918E+03  7.2259001E-02  0.0000000E+00  1.7939265E+03  2.9174585E+03  0.0000000E+00  0.0000000E+00  0.0000000E+00  0.0000000E+00  0.0000000E+00  8.4318408E+03  3.6635909E-03
     1.7870000E+03    236.2424759  8.2472820E+06 -7.1695000E+03  0.0000000E+00  6.0479540E+03  7.2145127E-02  0.0000000E+00  1.7919913E+03  2.9137124E+03  0.0000000E+00  0.0000000E+00  0.0000000E+00  0.0000000E+00  0.0000000E+00  8.4081748E+03 -1.1441964E-03
     1.7880000E+03    236.2325834  8.2399965E+06 -7.2855000E+03  0.0000000E+00  6.1666540E+03  7.2031498E-02  0.0000000E+00  1.7900978E+03  2.9091597E+03  0.0000000E+00  0.0000000E+00  0.0000000E+00  0.0000000E+00  0.0000000E+00  8.3853086E+03 -1.5817280E-03
     1.7890000E+03    236.2218125  8.2320640E+06 -7.9325000E+03  0.0000000E+00  6.8187004E+03  7.1918100E-02  0.0000000E+00  1.7883096E+03  2.9022332E+03  0.0000000E+00  0.0000000E+00  0.0000000E+00  0.0000000E+00  0.0000000E+00  8.3624629E+03 -5.3745962E-04
     1.7900000E+03    236.2106315  8.2238295E+06 -8.2345000E+03  0.0000000E+00  7.1275085E+03  7.1804933E-02  0.0000000E+00  1.7865721E+03  2.8937876E+03  0.0000000E+00  0.0000000E+00  0.0000000E+00  0.0000000E+00  0.0000000E+00  8.3393379E+03 -1.5202001E-03
     1.7910000E+03    236.2007212  8.2165305E+06 -7.2990000E+03  0.0000000E+00  6.1958251E+03  7.1691990E-02  0.0000000E+00  1.7846467E+03  2.8876897E+03  0.0000000E+00  0.0000000E+00  0.0000000E+00  0.0000000E+00  0.0000000E+00  8.3165557E+03  2.2415693E-03
     1.7920000E+03    236.1899767  8.2086175E+06 -7.9130000E+03  0.0000000E+00  6.8158067E+03  7.1579292E-02  0.0000000E+00  1.7829801E+03  2.8803494E+03  0.0000000E+00  0.0000000E+00  0.0000000E+00  0.0000000E+00  0.0000000E+00  8.2941836E+03 -1.0776661E-03
     1.7930000E+03    236.1792866  8.2007440E+06 -7.8735000E+03  0.0000000E+00  6.7817526E+03  7.1466826E-02  0.0000000E+00  1.7812806E+03  2.8727356E+03  0.0000000E+00  0.0000000E+00  0.0000000E+00  0.0000000E+00  0.0000000E+00  8.2717314E+03  3.7678799E-03
     1.7940000E+03    236.1688840  8.1930830E+06 -7.6610000E+03  0.0000000E+00  6.5751529E+03  7.1354575E-02  0.0000000E+00  1.7795049E+03  2.8657480E+03  0.0000000E+00  0.0000000E+00  0.0000000E+00  0.0000000E+00  0.0000000E+00  8.2493203E+03 -3.4341931E-03
     1.7950000E+03    236.1566840  8.1840980E+06 -8.9850000E+03  0.0000000E+00  7.9079016E+03  7.1242556E-02  0.0000000E+00  1.7780066E+03  2.8553032E+03  0.0000000E+00  0.0000000E+00  0.0000000E+00  0.0000000E+00  0.0000000E+00  8.2263486E+03 -1.1795104E-03
     1.7960000E+03    236.1462628  8.1764225E+06 -7.6755000E+03  0.0000000E+00  6.6033890E+03  7.1130775E-02  0.0000000E+00  1.7762354E+03  2.8479658E+03  0.0000000E+00  0.0000000E+00  0.0000000E+00  0.0000000E+00  0.0000000E+00  8.2033369E+03  4.7736210E-03
     1.7970000E+03    236.1352250  8.1682935E+06 -8.1290000E+03  0.0000000E+00  7.0634571E+03  7.1019217E-02  0.0000000E+00  1.7745129E+03  2.8402759E+03  0.0000000E+00  0.0000000E+00  0.0000000E+00  0.0000000E+00  0.0000000E+00  8.1803711E+03 -1.4988036E-03
     1.7980000E+03    236.1248032  8.1606180E+06 -7.6755000E+03  0.0000000E+00  6.6148784E+03  7.0907891E-02  0.0000000E+00  1.7727537E+03  2.8333755E+03  0.0000000E+00  0.0000000E+00  0.0000000E+00  0.0000000E+00  0.0000000E+00  8.1576294E+03  7.4935309E-04
     1.7990000E+03    236.1150339  8.1534230E+06 -7.1950000E+03  0.0000000E+00  6.1378517E+03  7.0796780E-02  0.0000000E+00  1.7708977E+03  2.8280898E+03  0.0000000E+00  0.0000000E+00  0.0000000E+00  0.0000000E+00  0.0000000E+00  8.1360742E+03  3.0497354E-04
     1.8000000E+03    236.1053081  8.1462605E+06 -7.1625000E+03  0.0000000E+00  6.1092012E+03  7.0685901E-02  0.0000000E+00  1.7690325E+03  2.8227551E+03  0.0000000E+00  0.0000000E+00  0.0000000E+00  0.0000000E+00  0.0000000E+00  8.1155581E+03 -3.9524082E-03
     1.8010000E+03    236.0964339  8.1397245E+06 -6.5360000E+03  0.0000000E+00  5.4841357E+03  7.0575252E-02  0.0000000E+00  1.7670225E+03  2.8187268E+03  0.0000000E+00  0.0000000E+00  0.0000000E+00  0.0000000E+00  0.0000000E+00  8.0955625E+03  2.7757746E-03
     1.8020000E+03    236.0863819  8.1323215E+06 -7.4030000E+03  0.0000000E+00  6.3561417E+03  7.0464827E-02  0.0000000E+00  1.7651604E+03  2.8121946E+03  0.0000000E+00  0.0000000E+00  0.0000000E+00  0.0000000E+00  0.0000000E+00  8.0755522E+03 -1.1450329E-03
     1.8030000E+03    236.0749031  8.1238675E+06 -8.4540000E+03  0.0000000E+00  7.4153026E+03  7.0354626E-02  0.0000000E+00  1.7635604E+03  2.8022371E+03  0.0000000E+00  0.0000000E+00  0.0000000E+00  0.0000000E+00  0.0000000E+00  8.0549248E+03  8.8886672E-04
     1.8040000E+03    236.0629872  8.1150915E+06 -8.7760000E+03  0.0000000E+00  7.7466911E+03  7.0244648E-02  0.0000000E+00  1.7620829E+03  2.7913621E+03  0.0000000E+00  0.0000000E+00  0.0000000E+00  0.0000000E+00  0.0000000E+00  8.0335942E+03  9.5450215E-04
     1.8050000E+03    236.0512203  8.1064255E+06 -8.6660000E+03  0.0000000E+00  7.6454352E+03  7.0134893E-02  0.0000000E+00  1.7605129E+03  2.7812693E+03  0.0000000E+00  0.0000000E+00  0.0000000E+00  0.0000000E+00  0.0000000E+00  8.0115698E+03 -1.1613809E-03
     1.8060000E+03    236.0416939  8.0994095E+06 -7.0160000E+03  0.0000000E+00  5.9986136E+03  7.0025355E-02  0.0000000E+00  1.7586572E+03  2.7761323E+03  0.0000000E+00  0.0000000E+00  0.0000000E+00  0.0000000E+00  0.0000000E+00  7.9901987E+03 -2.1145555E-04
     1.8070000E+03    236.0326708  8.0927640E+06 -6.6455000E+03  0.0000000E+00  5.6296472E+03  6.9916040E-02  0.0000000E+00  1.7566846E+03  2.7725161E+03  0.0000000E+00  0.0000000E+00  0.0000000E+00  0.0000000E+00  0.0000000E+00  7.9696230E+03  1.0751043E-03
     1.8080000E+03    236.0234550  8.0859770E+06 -6.7870000E+03  0.0000000E+00  5.7741530E+03  6.9806948E-02  0.0000000E+00  1.7547980E+03  2.7680122E+03  0.0000000E+00  0.0000000E+00  0.0000000E+00  0.0000000E+00  0.0000000E+00  7.9496768E+03 -3.4811231E-03
     1.8090000E+03    236.0143005  8.0792345E+06 -6.7425000E+03  0.0000000E+00  5.7319715E+03  6.9698080E-02  0.0000000E+00  1.7528383E+03  2.7630222E+03  0.0000000E+00  0.0000000E+00  0.0000000E+00  0.0000000E+00  0.0000000E+00  7.9298633E+03  4.8741940E-03
     1.8100000E+03    236.0063192  8.0733565E+06 -5.8780000E+03  0.0000000E+00  4.8688874E+03  6.9589436E-02  0.0000000E+00  1.7507354E+03  2.7600066E+03  0.0000000E+00  0.0000000E+00  0.0000000E+00  0.0000000E+00  0.0000000E+00  7.9107925E+03 -1.1648765E-03
     1.8110000E+03    235.9971956  8.0666725E+06 -6.6840000E+03  0.0000000E+00  5.6781353E+03  6.9481015E-02  0.0000000E+00  1.7487640E+03  2.7546433E+03  0.0000000E+00  0.0000000E+00  0.0000000E+00  0.0000000E+00  0.0000000E+00  7.8918066E+03  6.5430132E-04
     1.8120000E+03    235.9876891  8.0597915E+06 -6.8810000E+03  0.0000000E+00  5.8801514E+03  6.9372803E-02  0.0000000E+00  1.7469443E+03  2.7478420E+03  0.0000000E+00  0.0000000E+00  0.0000000E+00  0.0000000E+00  0.0000000E+00  7.8728457E+03  2.3768925E-04
     1.8130000E+03    235.9800923  8.0542930E+06 -5.4985000E+03  0.0000000E+00  4.4988506E+03  6.9264807E-02  0.0000000E+00  1.7447616E+03  2.7446877E+03  0.0000000E+00  0.0000000E+00  0.0000000E+00  0.0000000E+00  0.0000000E+00  7.8541733E+03 -2.8581510E-03
     1.8140000E+03    235.9715089  8.0480800E+06 -6.2130000E+03  0.0000000E+00  5.2156409E+03  6.9157034E-02  0.0000000E+00  1.7427091E+03  2.7399749E+03  0.0000000E+00  0.0000000E+00  0.0000000E+00  0.0000000E+00  0.0000000E+00  7.8358203E+03  2.0376721E-03
     1.8150000E+03    235.9619853  8.0411865E+06 -6.8935000E+03  0.0000000E+00  5.9015695E+03  6.9049478E-02  0.0000000E+00  1.7408287E+03  2.7327449E+03  0.0000000E+00  0.0000000E+00  0.0000000E+00  0.0000000E+00  0.0000000E+00  7.8173135E+03  9.6702634E-04
     1.8160000E+03    235.9525452  8.0343540E+06 -6.8325000E+03  0.0000000E+00  5.8464700E+03  6.8942137E-02  0.0000000E+00  1.7389789E+03  2.7255129E+03  0.0000000E+00  0.0000000E+00  0.0000000E+00  0.0000000E+00  0.0000000E+00  7.7986562E+03 -5.0810515E-03
     1.8170000E+03    236.0145384  8.0794100E+06  4.5056000E+04  4.4777775E+04  1.9003977E+03  3.3080342E+03  0.0000000E+00  1.7288599E+03  2.8581470E+03  0.0000000E+00  0.0000000E+00  0.0000000E+00  0.0000000E+00  0.0000000E+00  7.8091299E+03  2.5093011E-04
     1.8180000E+03    236.0069086  8.0737905E+06 -5.6195000E+03  0.0000000E+00  4.5279057E+03  4.6472027E+01  0.0000000E+00  1.7250967E+03  2.8628887E+03  0.0000000E+00  0.0000000E+00  0.0000000E+00  0.0000000E+00  0.0000000E+00  7.8176987E+03  3.7129170E-03
     1.8190000E+03    235.9980531  8.0672935E+06 -6.4970000E+03  0.0000000E+00  5.3910093E+03  3.1415341E+00  0.0000000E+00  1.7237413E+03  2.8331968E+03  0.0000000E+00  0.0000000E+00  0.0000000E+00  0.0000000E+00  0.0000000E+00  7.8178462E+03 -3.9303754E-03
     1.8200000E+03    235.9900437  8.0614960E+06 -5.7975000E+03  0.0000000E+00  4.7076544E+03  2.9993910E-01  0.0000000E+00  1.7221180E+03  2.8120845E+03  0.0000000E+00  0.0000000E+00  0.0000000E+00  0.0000000E+00  0.0000000E+00  7.8126494E+03  2.3830512E-03
     1.8210000E+03    235.9833226  8.0566310E+06 -4.8650000E+03  0.0000000E+00  3.7865422E+03  6.0333692E-02  0.0000000E+00  1.7201479E+03  2.7985979E+03  0.0000000E+00  0.0000000E+00  0.0000000E+00  0.0000000E+00  0.0000000E+00  7.8041494E+03  1.0380853E-03
     1.8220000E+03    235.9759628  8.0513040E+06 -5.3270000E+03  0.0000000E+00  4.2582408E+03  6.0215078E-02  0.0000000E+00  1.7181710E+03  2.7871301E+03  0.0000000E+00  0.0000000E+00  0.0000000E+00  0.0000000E+00  0.0000000E+00  7.7934004E+03 -1.9821303E-03
     1.8230000E+03    235.9674842  8.0451670E+06 -6.1370000E+03  0.0000000E+00  5.0783502E+03  6.0118359E-02  0.0000000E+00  1.7164131E+03  2.7751243E+03  0.0000000E+00  0.0000000E+00  0.0000000E+00  0.0000000E+00  0.0000000E+00  7.7809160E+03 -1.8652174E-05
     1.8240000E+03    235.9591343  8.0391230E+06 -6.0440000E+03  0.0000000E+00  4.9940072E+03  6.0024001E-02  0.0000000E+00  1.7147312E+03  2.7646609E+03  0.0000000E+00  0.0000000E+00  0.0000000E+00  0.0000000E+00  0.0000000E+00  7.7673281E+03  1.5859278E-03
     1.8250000E+03    235.9508792  8.0331480E+06 -5.9750000E+03  0.0000000E+00  4.9324592E+03  5.9930049E-02  0.0000000E+00  1.7129376E+03  2.7557378E+03  0.0000000E+00  0.0000000E+00  0.0000000E+00  0.0000000E+00  0.0000000E+00  7.7526655E+03 -2.5912286E-03
     1.8260000E+03    235.9434546  8.0277740E+06 -5.3740000E+03  0.0000000E+00  4.3358174E+03  5.9836309E-02  0.0000000E+00  1.7109917E+03  2.7493210E+03  0.0000000E+00  0.0000000E+00  0.0000000E+00  0.0000000E+00  0.0000000E+00  7.7376118E+03 -1.2267095E-03
     1.8270000E+03    235.9366073  8.0228175E+06 -4.9565000E+03  0.0000000E+00  3.9373768E+03  5.9742760E-02  0.0000000E+00  1.7086508E+03  2.7460447E+03  0.0000000E+00  0.0000000E+00  0.0000000E+00  0.0000000E+00  0.0000000E+00  7.7221133E+03 -2.7247927E-01
     1.8280000E+03    235.9296156  8.0177565E+06 -5.0610000E+03  0.0000000E+00  4.0275065E+03  5.9649404E-02  0.0000000E+00  1.7066757E+03  2.7400320E+03  0.0000000E+00  0.0000000E+00  0.0000000E+00  0.0000000E+00  0.0000000E+00  7.7068940E+03  2.9076650E-03
     1.8290000E+03    235.9222790  8.0124465E+06 -5.3100000E+03  0.0000000E+00  4.2799261E+03  5.9556235E-02  0.0000000E+00  1.7043733E+03  2.7348486E+03  0.0000000E+00  0.0000000E+00  0.0000000E+00  0.0000000E+00  0.0000000E+00  7.6912749E+03 -4.8725279E-03
     1.8300000E+03    235.9154884  8.0075310E+06 -4.9155000E+03  0.0000000E+00  3.8874220E+03  5.9463248E-02  0.0000000E+00  1.7023599E+03  2.7302383E+03  0.0000000E+00  0.0000000E+00  0.0000000E+00  0.0000000E+00  0.0000000E+00  7.6759307E+03  3.9179609E-03
     1.8310000E+03    235.9085815  8.0025320E+06 -4.9990000E+03  0.0000000E+00  3.9737796E+03  5.9370458E-02  0.0000000E+00  1.7002544E+03  2.7258408E+03  0.0000000E+00  0.0000000E+00  0.0000000E+00  0.0000000E+00  0.0000000E+00  7.6607734E+03 -4.5769853E-03
     1.8320000E+03    235.9013271  7.9972810E+06 -5.2510000E+03  0.0000000E+00  4.2284916E+03  5.9277844E-02  0.0000000E+00  1.6982177E+03  2.7206868E+03  0.0000000E+00  0.0000000E+00  0.0000000E+00  0.0000000E+00  0.0000000E+00  7.6455259E+03  1.4123184E-03
     1.8330000E+03    235.8938277  7.9918525E+06 -5.4285000E+03  0.0000000E+00  4.4097017E+03  5.9185423E-02  0.0000000E+00  1.6964253E+03  2.7150376E+03  0.0000000E+00  0.0000000E+00  0.0000000E+00  0.0000000E+00  0.0000000E+00  7.6304355E+03  3.4403671E-03
     1.8340000E+03    235.8872442  7.9870875E+06 -4.7650000E+03  0.0000000E+00  3.8128063E+03  5.9093188E-02  0.0000000E+00  1.6940529E+03  2.7169097E+03  0.0000000E+00  0.0000000E+00  0.0000000E+00  0.0000000E+00  0.0000000E+00  7.6146050E+03 -1.0812722E+00
     1.8350000E+03    235.8812427  7.9827435E+06 -4.3440000E+03  0.0000000E+00  3.3275125E+03  5.9001140E-02  0.0000000E+00  1.6922495E+03  2.7088076E+03  0.0000000E+00  0.0000000E+00  0.0000000E+00  0.0000000E+00  0.0000000E+00  7.6003701E+03 -1.9413730E-04
     1.8360000E+03    235.8750231  7.9782415E+06 -4.5020000E+03  0.0000000E+00  3.4857451E+03  5.8909271E-02  0.0000000E+00  1.6900242E+03  2.7062744E+03  0.0000000E+00  0.0000000E+00  0.0000000E+00  0.0000000E+00  0.0000000E+00  7.5858896E+03  1.0251350E-03
     1.8370000E+03    235.8692031  7.9740290E+06 -4.2125000E+03  0.0000000E+00  3.1972898E+03  5.8817592E-02  0.0000000E+00  1.6878971E+03  2.7032593E+03  0.0000000E+00  0.0000000E+00  0.0000000E+00  0.0000000E+00  0.0000000E+00  7.5716519E+03 -1.5722848E-03
     1.8380000E+03    235.8631387  7.9696395E+06 -4.3895000E+03  0.0000000E+00  3.3757056E+03  5.8726098E-02  0.0000000E+00  1.6860697E+03  2.6999707E+03  0.0000000E+00  0.0000000E+00  0.0000000E+00  0.0000000E+00  0.0000000E+00  7.5580327E+03 -7.8759238E-04
     1.8390000E+03    235.8574237  7.9655025E+06 -4.1370000E+03  0.0000000E+00  3.2119437E+03  5.8634784E-02  0.0000000E+00  1.7650660E+03  2.6898281E+03  0.0000000E+00  0.0000000E+00  0.0000000E+00  0.0000000E+00  0.0000000E+00  7.5537842E+03  5.9734443E-03
     1.8400000E+03    235.8514838  7.9612035E+06 -4.2990000E+03  0.0000000E+00  3.2980062E+03  5.8543656E-02  0.0000000E+00  1.6870497E+03  2.6885537E+03  0.0000000E+00  0.0000000E+00  0.0000000E+00  0.0000000E+00  0.0000000E+00  7.5451768E+03 -7.5445692E-03
     1.8410000E+03    235.8456088  7.9569510E+06 -4.2525000E+03  0.0000000E+00  3.3410201E+03  5.8452707E-02  0.0000000E+00  1.7671760E+03  2.6786643E+03  0.0000000E+00  0.0000000E+00  0.0000000E+00  0.0000000E+00  0.0000000E+00  7.5394937E+03  8.2736375E-04
     1.8420000E+03    235.8391321  7.9522630E+06 -4.6880000E+03  0.0000000E+00  3.6978005E+03  5.8361944E-02  0.0000000E+00  1.6870266E+03  2.6772412E+03  0.0000000E+00  0.0000000E+00  0.0000000E+00  0.0000000E+00  0.0000000E+00  7.5274858E+03  6.7401514E-04
     1.8430000E+03    235.8328054  7.9476835E+06 -4.5795000E+03  0.0000000E+00  3.5905525E+03  5.8271356E-02  0.0000000E+00  1.6862072E+03  2.6751680E+03  0.0000000E+00  0.0000000E+00  0.0000000E+00  0.0000000E+00  0.0000000E+00  7.5152778E+03  7.1694667E-04
     1.8440000E+03    235.8264040  7.9430500E+06 -4.6335000E+03  0.0000000E+00  3.6458934E+03  5.8180954E-02  0.0000000E+00  1.6844241E+03  2.6720525E+03  0.0000000E+00  0.0000000E+00  0.0000000E+00  0.0000000E+00  0.0000000E+00  7.5010239E+03  5.7963608E-04
     1.8450000E+03    235.8203171  7.9386440E+06 -4.4060000E+03  0.0000000E+00  3.4185390E+03  5.8090735E-02  0.0000000E+00  1.6820420E+03  2.6693765E+03  0.0000000E+00  0.0000000E+00  0.0000000E+00  0.0000000E+00  0.0000000E+00  7.4864819E+03  3.0317488E-03
     1.8460000E+03    235.8142060  7.9342205E+06 -4.4235000E+03  0.0000000E+00  3.6314558E+03  5.8000688E-02  0.0000000E+00  1.6792174E+03  2.6842581E+03  0.0000000E+00  0.0000000E+00  0.0000000E+00  0.0000000E+00  0.0000000E+00  7.4704629E+03 -3.3715663E+00
     1.8470000E+03    235.8081167  7.9298130E+06 -4.4075000E+03  0.0000000E+00  3.4213366E+03  5.7910826E-02  0.0000000E+00  1.6773304E+03  2.6635796E+03  0.0000000E+00  0.0000000E+00  0.0000000E+00  0.0000000E+00  0.0000000E+00  7.4571699E+03 -4.5739385E-04
     1.8480000E+03    235.8024310  7.9256975E+06 -4.1155000E+03  0.0000000E+00  3.3137257E+03  5.7821140E-02  0.0000000E+00  1.6746262E+03  2.6778093E+03  0.0000000E+00  0.0000000E+00  0.0000000E+00  0.0000000E+00  0.0000000E+00  7.4423784E+03 -3.3605924E+00
     1.8490000E+03    235.7962666  7.9212360E+06 -4.4615000E+03  0.0000000E+00  3.4771841E+03  5.7731643E-02  0.0000000E+00  1.6728799E+03  2.6576719E+03  0.0000000E+00  0.0000000E+00  0.0000000E+00  0.0000000E+00  0.0000000E+00  7.4297388E+03 -6.8209758E-03
     1.8500000E+03    235.7914200  7.9177275E+06 -3.5085000E+03  0.0000000E+00  2.5194450E+03  5.7642311E-02  0.0000000E+00  1.6705104E+03  2.6591973E+03  0.0000000E+00  0.0000000E+00  0.0000000E+00  0.0000000E+00  0.0000000E+00  7.4167300E+03  8.2124406E-03
     1.8510000E+03    235.7858496  7.9136960E+06 -4.0315000E+03  0.0000000E+00  3.0421680E+03  5.7553168E-02  0.0000000E+00  1.6681492E+03  2.6579780E+03  0.0000000E+00  0.0000000E+00  0.0000000E+00  0.0000000E+00  0.0000000E+00  7.4032095E+03 -7.7095064E-03
     1.8520000E+03    235.7801421  7.9095645E+06 -4.1315000E+03  0.0000000E+00  3.1469849E+03  5.7464194E-02  0.0000000E+00  1.6660111E+03  2.6503530E+03  0.0000000E+00  0.0000000E+00  0.0000000E+00  0.0000000E+00  0.0000000E+00  7.3903789E+03  3.9754240E-03
     1.8530000E+03    235.7748429  7.9057290E+06 -3.8355000E+03  0.0000000E+00  2.9330001E+03  5.7375401E-02  0.0000000E+00  1.7381863E+03  2.6409014E+03  0.0000000E+00  0.0000000E+00  0.0000000E+00  0.0000000E+00  0.0000000E+00  7.3833760E+03 -2.8295233E-03
     1.8540000E+03    235.7700470  7.9022575E+06 -3.4715000E+03  0.0000000E+00  2.4936812E+03  5.7286780E-02  0.0000000E+00  1.6631963E+03  2.6409355E+03  0.0000000E+00  0.0000000E+00  0.0000000E+00  0.0000000E+00  0.0000000E+00  7.3703018E+03  2.6626866E-03
     1.8550000E+03    235.7658005  7.8991835E+06 -3.0740000E+03  0.0000000E+00  2.0936450E+03  5.7198342E-02  0.0000000E+00  1.6613219E+03  2.6414360E+03  0.0000000E+00  0.0000000E+00  0.0000000E+00  0.0000000E+00  0.0000000E+00  7.3589326E+03  6.2954719E-03
     1.8560000E+03    235.7613008  7.8959265E+06 -3.2570000E+03  0.0000000E+00  2.2717081E+03  5.7110082E-02  0.0000000E+00  1.6592705E+03  2.6412886E+03  0.0000000E+00  0.0000000E+00  0.0000000E+00  0.0000000E+00  0.0000000E+00  7.3475630E+03  6.7790933E-02
     1.8570000E+03    235.7564875  7.8924430E+06 -3.4835000E+03  0.0000000E+00  2.4982400E+03  5.7021987E-02  0.0000000E+00  1.6571451E+03  2.6429045E+03  0.0000000E+00  0.0000000E+00  0.0000000E+00  0.0000000E+00  0.0000000E+00  7.3355361E+03 -8.6047538E-03
     1.8580000E+03    235.7514763  7.8888155E+06 -3.6275000E+03  0.0000000E+00  2.6461988E+03  5.6934070E-02  0.0000000E+00  1.6554119E+03  2.6365081E+03  0.0000000E+00  0.0000000E+00  0.0000000E+00  0.0000000E+00  0.0000000E+00  7.3245078E+03  4.9542543E-03
     1.8590000E+03    235.7461827  7.8849840E+06 -3.8315000E+03  0.0000000E+00  2.8474187E+03  5.6846328E-02  0.0000000E+00  1.6532502E+03  2.6375293E+03  0.0000000E+00  0.0000000E+00  0.0000000E+00  0.0000000E+00  0.0000000E+00  7.3124907E+03 -2.5727367E-03
     1.8600000E+03    235.7420633  7.8820020E+06 -2.9820000E+03  0.0000000E+00  2.0650226E+03  5.6758761E-02  0.0000000E+00  1.7095424E+03  2.6262563E+03  0.0000000E+00  0.0000000E+00  0.0000000E+00  0.0000000E+00  0.0000000E+00  7.3061631E+03  6.8174200E-03
     1.8610000E+03    235.7369431  7.8782960E+06 -3.7060000E+03  0.0000000E+00  2.7236999E+03  5.6671366E-02  0.0000000E+00  1.6499373E+03  2.6324219E+03  0.0000000E+00  0.0000000E+00  0.0000000E+00  0.0000000E+00  0.0000000E+00  7.2922524E+03 -2.3930341E-03
     1.8620000E+03    235.7323549  7.8749750E+06 -3.3210000E+03  0.0000000E+00  2.3456857E+03  5.6584146E-02  0.0000000E+00  1.6480178E+03  2.6234487E+03  0.0000000E+00  0.0000000E+00  0.0000000E+00  0.0000000E+00  0.0000000E+00  7.2804438E+03 -1.2135459E-03
     1.8630000E+03    235.7277660  7.8716535E+06 -3.3215000E+03  0.0000000E+00  2.4151220E+03  5.6497097E-02  0.0000000E+00  1.7094938E+03  2.6159590E+03  0.0000000E+00  0.0000000E+00  0.0000000E+00  0.0000000E+00  0.0000000E+00  7.2741162E+03 -6.1143358E-04
     1.8640000E+03    235.7227075  7.8679920E+06 -3.6615000E+03  0.0000000E+00  2.6856901E+03  5.6410220E-02  0.0000000E+00  1.6448210E+03  2.6206565E+03  0.0000000E+00  0.0000000E+00  0.0000000E+00  0.0000000E+00  0.0000000E+00  7.2604243E+03  5.7971559E-04
     1.8650000E+03    235.7177571  7.8644090E+06 -3.5830000E+03  0.0000000E+00  2.6853634E+03  5.6323510E-02  0.0000000E+00  1.7087661E+03  2.6066265E+03  0.0000000E+00  0.0000000E+00  0.0000000E+00  0.0000000E+00  0.0000000E+00  7.2532964E+03 -3.1740186E-03
     1.8660000E+03    235.7130905  7.8610310E+06 -3.3780000E+03  0.0000000E+00  2.4130568E+03  5.6236975E-02  0.0000000E+00  1.6419015E+03  2.6067100E+03  0.0000000E+00  0.0000000E+00  0.0000000E+00  0.0000000E+00  0.0000000E+00  7.2398154E+03  3.8081871E-03
     1.8670000E+03    235.7084745  7.8576900E+06 -3.3410000E+03  0.0000000E+00  2.3709655E+03  5.6150608E-02  0.0000000E+00  1.6396188E+03  2.6098765E+03  0.0000000E+00  0.0000000E+00  0.0000000E+00  0.0000000E+00  0.0000000E+00  7.2263242E+03 -3.3526900E-03
     1.8680000E+03    235.7037363  7.8542605E+06 -3.4295000E+03  0.0000000E+00  2.4625671E+03  5.6064416E-02  0.0000000E+00  1.6376942E+03  2.6047678E+03  0.0000000E+00  0.0000000E+00  0.0000000E+00  0.0000000E+00  0.0000000E+00  7.2141216E+03 -1.6718216E-03
     1.8690000E+03    235.6990191  7.8508460E+06 -3.4145000E+03  0.0000000E+00  2.4432595E+03  5.5978391E-02  0.0000000E+00  1.6355386E+03  2.6067522E+03  0.0000000E+00  0.0000000E+00  0.0000000E+00  0.0000000E+00  0.0000000E+00  7.2014316E+03  1.6437152E-03
     1.8700000E+03    235.6939504  7.8471770E+06 -3.6690000E+03  0.0000000E+00  2.7027257E+03  5.5892535E-02  0.0000000E+00  1.6341387E+03  2.6003052E+03  0.0000000E+00  0.0000000E+00  0.0000000E+00  0.0000000E+00  0.0000000E+00  7.1905264E+03  3.0799380E-03
     1.8710000E+03    235.6895076  7.8439615E+06 -3.2155000E+03  0.0000000E+00  2.2457165E+03  5.5806845E-02  0.0000000E+00  1.6323135E+03  2.5989802E+03  0.0000000E+00  0.0000000E+00  0.0000000E+00  0.0000000E+00  0.0000000E+00  7.1793032E+03  6.5481156E-02
     1.8720000E+03    235.6853785  7.8409725E+06 -2.9890000E+03  0.0000000E+00  2.0221675E+03  5.5721328E-02  0.0000000E+00  1.6307194E+03  2.5974060E+03  0.0000000E+00  0.0000000E+00  0.0000000E+00  0.0000000E+00  0.0000000E+00  7.1687969E+03  4.3653417E-03
     1.8730000E+03    235.6813521  7.8380580E+06 -2.9145000E+03  0.0000000E+00  1.9435506E+03  5.5635974E-02  0.0000000E+00  1.6286512E+03  2.5995579E+03  0.0000000E+00  0.0000000E+00  0.0000000E+00  0.0000000E+00  0.0000000E+00  7.1591909E+03  2.1710424E-03
     1.8740000E+03    235.6774714  7.8352490E+06 -2.8090000E+03  0.0000000E+00  1.8982634E+03  5.5550791E-02  0.0000000E+00  1.6794133E+03  2.5900789E+03  0.0000000E+00  0.0000000E+00  0.0000000E+00  0.0000000E+00  0.0000000E+00  7.1540327E+03  2.8176291E-03
     1.8750000E+03    235.6736386  7.8324750E+06 -2.7740000E+03  0.0000000E+00  1.8051639E+03  5.5465773E-02  0.0000000E+00  1.6254614E+03  2.5946577E+03  0.0000000E+00  0.0000000E+00  0.0000000E+00  0.0000000E+00  0.0000000E+00  7.1429551E+03 -6.9194483E-03
     1.8760000E+03    235.6860590  7.8414650E+06  8.9900000E+03  1.2114500E+04  2.3233644E+03  1.9677426E+02  0.0000000E+00  1.6216333E+03  2.6193831E+03  0.0000000E+00  0.0000000E+00  0.0000000E+00  0.0000000E+00  0.0000000E+00  7.1398105E+03  1.1494820E-03
     1.8770000E+03    235.7678972  7.9007015E+06  5.9236500E+04  5.6417443E+04  1.7903479E+03  5.7790312E+03  0.0000000E+00  1.6109631E+03  2.7807729E+03  0.0000000E+00  0.0000000E+00  0.0000000E+00  0.0000000E+00  0.0000000E+00  7.1697534E+03 -2.8773095E-04
     1.8780000E+03    235.7639676  7.8978570E+06 -2.8445000E+03  0.0000000E+00  1.8120315E+03  1.4648944E+02  0.0000000E+00  1.6076116E+03  2.7863799E+03  0.0000000E+00  0.0000000E+00  0.0000000E+00  0.0000000E+00  0.0000000E+00  7.1957373E+03  4.1305879E-03
     1.8790000E+03    235.7598769  7.8948960E+06 -2.9610000E+03  0.0000000E+00  1.8151089E+03  1.7248259E+00  0.0000000E+00  1.6072341E+03  2.7548069E+03  0.0000000E+00  0.0000000E+00  0.0000000E+00  0.0000000E+00  0.0000000E+00  7.2126870E+03  9.4025250E-04
     1.8800000E+03    235.7563813  7.8923660E+06 -2.5300000E+03  0.0000000E+00  1.5141826E+03  6.2895477E-02  0.0000000E+00  1.7181964E+03  2.7342444E+03  0.0000000E+00  0.0000000E+00  0.0000000E+00  0.0000000E+00  0.0000000E+00  7.5745005E+03 -3.9421762E-03
     1.8810000E+03    235.7528057  7.8897780E+06 -2.5880000E+03  0.0000000E+00  1.6364692E+03  6.2721461E-02  0.0000000E+00  1.7652968E+03  2.7168635E+03  0.0000000E+00  0.0000000E+00  0.0000000E+00  0.0000000E+00  0.0000000E+00  7.7593179E+03  6.0567819E-04
     1.8820000E+03    235.7494774  7.8873685E+06 -2.4095000E+03  0.0000000E+00  1.5039668E+03  6.2605925E-02  0.0000000E+00  1.7991857E+03  2.7043872E+03  0.0000000E+00  0.0000000E+00  0.0000000E+00  0.0000000E+00  0.0000000E+00  7.8263022E+03  9.3691526E-03
     1.8830000E+03    235.7463111  7.8850770E+06 -2.2915000E+03  0.0000000E+00  1.3962358E+03  6.2496461E-02  0.0000000E+00  1.8016599E+03  2.6948691E+03  0.0000000E+00  0.0000000E+00  0.0000000E+00  0.0000000E+00  0.0000000E+00  7.8284126E+03  5.1756963E-02
     1.8840000E+03    235.7430723  7.8827325E+06 -2.3445000E+03  0.0000000E+00  1.4529114E+03  6.2387824E-02  0.0000000E+00  1.7951871E+03  2.6866401E+03  0.0000000E+00  0.0000000E+00  0.0000000E+00  0.0000000E+00  0.0000000E+00  7.8122173E+03  4.7771814E-03
     1.8850000E+03    235.7394147  7.8800850E+06 -2.6475000E+03  0.0000000E+00  1.7485872E+03  6.2279508E-02  0.0000000E+00  1.7839922E+03  2.6829358E+03  0.0000000E+00  0.0000000E+00  0.0000000E+00  0.0000000E+00  0.0000000E+00  7.7848022E+03  7.1068434E-04
     1.8860000E+03    235.7357768  7.8774520E+06 -2.6330000E+03  0.0000000E+00  1.7269510E+03  6.2171448E-02  0.0000000E+00  1.7689110E+03  2.6752620E+03  0.0000000E+00  0.0000000E+00  0.0000000E+00  0.0000000E+00  0.0000000E+00  7.7472949E+03 -5.4460359E-03
     1.8870000E+03    235.7322737  7.8749165E+06 -2.5355000E+03  0.0000000E+00  1.6136093E+03  6.2063646E-02  0.0000000E+00  1.7532882E+03  2.6753269E+03  0.0000000E+00  0.0000000E+00  0.0000000E+00  0.0000000E+00  0.0000000E+00  7.7075957E+03 -2.0037021E-03
     1.8880000E+03    235.7285389  7.8722130E+06 -2.7035000E+03  0.0000000E+00  1.7658985E+03  6.1956096E-02  0.0000000E+00  1.7331757E+03  2.6706453E+03  0.0000000E+00  0.0000000E+00  0.0000000E+00  0.0000000E+00  0.0000000E+00  7.6592046E+03  4.3693394E-03
     1.8890000E+03    235.7271311  7.8711940E+06 -1.0190000E+03  1.7988329E+03  1.8869471E+03  1.9031710E+01  0.0000000E+00  1.7159990E+03  2.6659524E+03  0.0000000E+00  0.0000000E+00  0.0000000E+00  0.0000000E+00  0.0000000E+00  7.6182886E+03 -7.8825973E-04
     1.8900000E+03    235.7243065  7.8691495E+06 -2.0445000E+03  0.0000000E+00  1.1258377E+03  2.6804531E-01  0.0000000E+00  1.7424548E+03  2.6614038E+03  0.0000000E+00  0.0000000E+00  0.0000000E+00  0.0000000E+00  0.0000000E+00  7.5977656E+03 -4.8992620E-04
     1.8910000E+03    235.7221039  7.8675550E+06 -1.5945000E+03  0.0000000E+00  6.8492412E+02  2.5329130E-02  0.0000000E+00  1.7483862E+03  2.6577922E+03  0.0000000E+00  0.0000000E+00  0.0000000E+00  0.0000000E+00  0.0000000E+00  7.5784297E+03  5.8392761E-03
     1.8920000E+03    235.7196740  7.8657965E+06 -1.7585000E+03  0.0000000E+00  7.8355033E+02  2.5240049E-02  0.0000000E+00  1.6856232E+03  2.6608945E+03  0.0000000E+00  0.0000000E+00  0.0000000E+00  0.0000000E+00  0.0000000E+00  7.5400098E+03 -8.6047752E-03
     1.8930000E+03    235.7817043  7.9106955E+06  4.4899000E+04  4.3815621E+04  1.0979042E+03  3.2923833E+03  0.0000000E+00  1.6678335E+03  2.7790110E+03  0.0000000E+00  0.0000000E+00  0.0000000E+00  0.0000000E+00  0.0000000E+00  7.5340620E+03 -1.6017152E-04
     1.8940000E+03    235.7791813  7.9088690E+06 -1.8265000E+03  0.0000000E+00  7.3460195E+02  3.8917282E+01  0.0000000E+00  1.6570376E+03  2.7875303E+03  0.0000000E+00  0.0000000E+00  0.0000000E+00  0.0000000E+00  0.0000000E+00  7.5307734E+03  9.1566620E-03
     1.8950000E+03    235.7769786  7.9072745E+06 -1.5945000E+03  0.0000000E+00  4.7680967E+02  1.8677136E+00  0.0000000E+00  1.6484963E+03  2.7679624E+03  0.0000000E+00  0.0000000E+00  0.0000000E+00  0.0000000E+00  0.0000000E+00  7.5214180E+03  2.8365944E-03
     1.8960000E+03    235.7748561  7.9057385E+06 -1.5360000E+03  0.0000000E+00  4.2242218E+02  1.4356805E-01  0.0000000E+00  1.6404033E+03  2.7544460E+03  0.0000000E+00  0.0000000E+00  0.0000000E+00  0.0000000E+00  0.0000000E+00  7.5091001E+03 -1.0113390E-02
     1.8970000E+03    235.7724815  7.9040195E+06 -1.7190000E+03  0.0000000E+00  6.1864427E+02  6.2548548E-02  0.0000000E+00  1.6446003E+03  2.7447942E+03  0.0000000E+00  0.0000000E+00  0.0000000E+00  0.0000000E+00  0.0000000E+00  7.5248960E+03  6.6707102E-03
     1.8980000E+03    235.7700834  7.9022840E+06 -1.7355000E+03  0.0000000E+00  6.9372160E+02  6.2432986E-02  0.0000000E+00  1.6969900E+03  2.7390828E+03  0.0000000E+00  0.0000000E+00  0.0000000E+00  0.0000000E+00  0.0000000E+00  7.6777983E+03 -7.3431269E-03
     1.8990000E+03    235.7673424  7.9003000E+06 -1.9840000E+03  0.0000000E+00  9.8361045E+02  6.2331446E-02  0.0000000E+00  1.7317942E+03  2.7322922E+03  0.0000000E+00  0.0000000E+00  0.0000000E+00  0.0000000E+00  0.0000000E+00  7.7682827E+03 -1.2450446E-03
     1.9000000E+03    235.7645592  7.8982850E+06 -2.0150000E+03  0.0000000E+00  1.0360284E+03  6.2231503E-02  0.0000000E+00  1.7461105E+03  2.7246912E+03  0.0000000E+00  0.0000000E+00  0.0000000E+00  0.0000000E+00  0.0000000E+00  7.8055747E+03  1.2045644E-02
     1.9010000E+03    235.7619908  7.8964260E+06 -1.8590000E+03  0.0000000E+00  8.8482200E+02  6.2131900E-02  0.0000000E+00  1.7478964E+03  2.7221497E+03  0.0000000E+00  0.0000000E+00  0.0000000E+00  0.0000000E+00  0.0000000E+00  7.8129048E+03 -3.6550310E-04
     1.9020000E+03    235.7589897  7.8942540E+06 -2.1720000E+03  0.0000000E+00  1.2007214E+03  6.2032517E-02  0.0000000E+00  1.7443712E+03  2.7160068E+03  0.0000000E+00  0.0000000E+00  0.0000000E+00  0.0000000E+00  0.0000000E+00  7.8057266E+03 -7.5298017E-03
     1.9030000E+03    235.7558824  7.8920050E+06 -2.2490000E+03  0.0000000E+00  1.2724581E+03  6.1933335E-02  0.0000000E+00  1.7356328E+03  2.7123306E+03  0.0000000E+00  0.0000000E+00  0.0000000E+00  0.0000000E+00  0.0000000E+00  7.7874019E+03 -2.3526971E-03
     1.9040000E+03    235.7525444  7.8895885E+06 -2.4165000E+03  0.0000000E+00  1.4298847E+03  6.1834354E-02  0.0000000E+00  1.7245352E+03  2.7108677E+03  0.0000000E+00  0.0000000E+00  0.0000000E+00  0.0000000E+00  0.0000000E+00  7.7607974E+03  8.3252154E-03
     1.9050000E+03    235.7491224  7.8871115E+06 -2.4770000E+03  0.0000000E+00  1.4862519E+03  6.1735574E-02  0.0000000E+00  1.7140813E+03  2.7048301E+03  0.0000000E+00  0.0000000E+00  0.0000000E+00  0.0000000E+00  0.0000000E+00  7.7332939E+03  1.4563103E-03
     1.9060000E+03    235.7458057  7.8847110E+06 -2.4005000E+03  0.0000000E+00  1.3987817E+03  6.1636999E-02  0.0000000E+00  1.7030488E+03  2.7020571E+03  0.0000000E+00  0.0000000E+00  0.0000000E+00  0.0000000E+00  0.0000000E+00  7.7041875E+03  6.7583352E-02
     1.9070000E+03    235.7426170  7.8824030E+06 -2.3080000E+03  0.0000000E+00  1.3016893E+03  6.1538626E-02  0.0000000E+00  1.6932645E+03  2.6997170E+03  0.0000000E+00  0.0000000E+00  0.0000000E+00  0.0000000E+00  0.0000000E+00  7.6767949E+03 -2.0012495E-03
     1.9080000E+03    235.7392653  7.8799770E+06 -2.4260000E+03  0.0000000E+00  1.4080638E+03  6.1440449E-02  0.0000000E+00  1.6809950E+03  2.6990137E+03  0.0000000E+00  0.0000000E+00  0.0000000E+00  0.0000000E+00  0.0000000E+00  7.6436094E+03 -5.1716174E-04
     1.9090000E+03    235.7360441  7.8776455E+06 -2.3315000E+03  0.0000000E+00  1.3069915E+03  6.1342478E-02  0.0000000E+00  1.6704480E+03  2.6950884E+03  0.0000000E+00  0.0000000E+00  0.0000000E+00  0.0000000E+00  0.0000000E+00  7.6136782E+03 -1.7690996E-03
     1.9100000E+03    235.7328929  7.8753645E+06 -2.2810000E+03  0.0000000E+00  1.2454145E+03  6.1244704E-02  0.0000000E+00  1.6601945E+03  2.6957063E+03  0.0000000E+00  0.0000000E+00  0.0000000E+00  0.0000000E+00  0.0000000E+00  7.5835615E+03  3.4194745E-03
     1.9110000E+03    235.7296056  7.8729850E+06 -2.3795000E+03  0.0000000E+00  1.4480113E+03  6.1147127E-02  0.0000000E+00  1.6500029E+03  2.6985876E+03  0.0000000E+00  0.0000000E+00  0.0000000E+00  0.0000000E+00  0.0000000E+00  7.5529609E+03 -2.8224258E+00
     1.9120000E+03    235.7266238  7.8708270E+06 -2.1580000E+03  0.0000000E+00  1.1144228E+03  6.1049748E-02  0.0000000E+00  1.6440015E+03  2.6879490E+03  0.0000000E+00  0.0000000E+00  0.0000000E+00  0.0000000E+00  0.0000000E+00  7.5397441E+03 -8.1350850E-03
     1.9130000E+03    235.7235038  7.8685685E+06 -2.2585000E+03  0.0000000E+00  1.2589672E+03  6.0952574E-02  0.0000000E+00  1.6378401E+03  2.6901609E+03  0.0000000E+00  0.0000000E+00  0.0000000E+00  0.0000000E+00  0.0000000E+00  7.5139937E+03 -1.3351567E+00
     1.9140000E+03    235.7206085  7.8664730E+06 -2.0955000E+03  0.0000000E+00  1.0417416E+03  6.0855594E-02  0.0000000E+00  1.6308248E+03  2.6847925E+03  0.0000000E+00  0.0000000E+00  0.0000000E+00  0.0000000E+00  0.0000000E+00  7.4793486E+03 -3.9832587E-03
     1.9150000E+03    235.7168722  7.8637685E+06 -2.7045000E+03  0.0000000E+00  1.6467538E+03  6.0758810E-02  0.0000000E+00  1.6241798E+03  2.6819246E+03  0.0000000E+00  0.0000000E+00  0.0000000E+00  0.0000000E+00  0.0000000E+00  7.4562725E+03  1.4438587E-03
     1.9160000E+03    235.7137796  7.8615300E+06 -2.2385000E+03  0.0000000E+00  1.1775717E+03  6.0662221E-02  0.0000000E+00  1.6188014E+03  2.6797791E+03  0.0000000E+00  0.0000000E+00  0.0000000E+00  0.0000000E+00  0.0000000E+00  7.4364727E+03  2.9114459E-04
     1.9170000E+03    235.7104417  7.8591140E+06 -2.4160000E+03  0.0000000E+00  1.3488367E+03  6.0565822E-02  0.0000000E+00  1.6134479E+03  2.6780842E+03  0.0000000E+00  0.0000000E+00  0.0000000E+00  0.0000000E+00  0.0000000E+00  7.4165825E+03  6.4252622E-02
     1.9180000E+03    235.7073965  7.8569095E+06 -2.2045000E+03  0.0000000E+00  1.1363076E+03  6.0469624E-02  0.0000000E+00  1.6084399E+03  2.6763845E+03  0.0000000E+00  0.0000000E+00  0.0000000E+00  0.0000000E+00  0.0000000E+00  7.3970898E+03  8.0810478E-03
     1.9190000E+03    235.7038419  7.8543370E+06 -2.5725000E+03  0.0000000E+00  1.5267220E+03  6.0373615E-02  0.0000000E+00  1.6279285E+03  2.6741460E+03  0.0000000E+00  0.0000000E+00  0.0000000E+00  0.0000000E+00  0.0000000E+00  7.5351333E+03 -9.0313368E-03
     1.9200000E+03    235.7003827  7.8518330E+06 -2.5040000E+03  0.0000000E+00  1.4653267E+03  6.0277812E-02  0.0000000E+00  1.6333741E+03  2.6719697E+03  0.0000000E+00  0.0000000E+00  0.0000000E+00  0.0000000E+00  0.0000000E+00  7.5425283E+03  3.3399491E-03
     1.9210000E+03    235.6967662  7.8492150E+06 -2.6180000E+03  0.0000000E+00  1.5768499E+03  6.0182195E-02  0.0000000E+00  1.6261047E+03  2.6670513E+03  0.0000000E+00  0.0000000E+00  0.0000000E+00  0.0000000E+00  0.0000000E+00  7.5081855E+03  6.2129595E-03
     1.9220000E+03    235.6932450  7.8466665E+06 -2.5485000E+03  0.0000000E+00  1.5078607E+03  6.0086772E-02  0.0000000E+00  1.6166917E+03  2.6576184E+03  0.0000000E+00  0.0000000E+00  0.0000000E+00  0.0000000E+00  0.0000000E+00  7.4651299E+03 -5.4566334E-03
     1.9230000E+03    235.6898101  7.8441800E+06 -2.4865000E+03  0.0000000E+00  1.4434558E+03  5.9991546E-02  0.0000000E+00  1.6081719E+03  2.6510088E+03  0.0000000E+00  0.0000000E+00  0.0000000E+00  0.0000000E+00  0.0000000E+00  7.4206377E+03  6.5231933E-03
     1.9240000E+03    235.6862377  7.8415945E+06 -2.5855000E+03  0.0000000E+00  1.5411446E+03  5.9896506E-02  0.0000000E+00  1.6017308E+03  2.6464561E+03  0.0000000E+00  0.0000000E+00  0.0000000E+00  0.0000000E+00  0.0000000E+00  7.3802783E+03 -7.3983762E-03
     1.9250000E+03    235.6837227  7.8397740E+06 -1.8205000E+03  1.1987777E+03  2.0097313E+03  1.6151814E+01  0.0000000E+00  1.6172793E+03  2.6428564E+03  0.0000000E+00  0.0000000E+00  0.0000000E+00  0.0000000E+00  0.0000000E+00  7.3521343E+03  2.5974708E-03
     1.9260000E+03    235.6801497  7.8371880E+06 -2.5860000E+03  0.0000000E+00  1.6679689E+03  1.3301072E-01  0.0000000E+00  1.5923853E+03  2.6516587E+03  0.0000000E+00  0.0000000E+00  0.0000000E+00  0.0000000E+00  0.0000000E+00  7.3144565E+03 -3.2666967E+00
     1.9270000E+03    235.6764440  7.8345055E+06 -2.6825000E+03  0.0000000E+00  1.6287919E+03  3.4137342E-02  0.0000000E+00  1.5880479E+03  2.6415449E+03  0.0000000E+00  0.0000000E+00  0.0000000E+00  0.0000000E+00  0.0000000E+00  7.2807231E+03  5.7399967E-03
     1.9280000E+03    235.6725156  7.8316620E+06 -2.8435000E+03  0.0000000E+00  1.7888425E+03  3.4046195E-02  0.0000000E+00  1.5841624E+03  2.6388340E+03  0.0000000E+00  0.0000000E+00  0.0000000E+00  0.0000000E+00  0.0000000E+00  7.2496128E+03  4.5214532E-04
     1.9290000E+03    235.6723857  7.8315680E+06 -9.4000000E+01  2.3970541E+03  1.4636632E+03  3.1863373E+01  0.0000000E+00  1.5800585E+03  2.6393179E+03  0.0000000E+00  0.0000000E+00  0.0000000E+00  0.0000000E+00  0.0000000E+00  7.2216924E+03 -1.1900646E-04
     1.9300000E+03    235.6687515  7.8289375E+06 -2.6305000E+03  0.0000000E+00  1.6652821E+03  5.6269860E-01  0.0000000E+00  1.5762629E+03  2.6452808E+03  0.0000000E+00  0.0000000E+00  0.0000000E+00  0.0000000E+00  0.0000000E+00  7.1993540E+03 -2.3949842E+00
     1.9310000E+03    235.6650473  7.8262565E+06 -2.6810000E+03  0.0000000E+00  1.7298723E+03  9.3314067E-02  0.0000000E+00  1.5721044E+03  2.6433254E+03  0.0000000E+00  0.0000000E+00  0.0000000E+00  0.0000000E+00  0.0000000E+00  7.1809150E+03 -2.7439876E+00
     1.9320000E+03    235.6609898  7.8233195E+06 -2.9370000E+03  0.0000000E+00  1.8757437E+03  9.3096316E-02  0.0000000E+00  1.5687014E+03  2.6299424E+03  0.0000000E+00  0.0000000E+00  0.0000000E+00  0.0000000E+00  0.0000000E+00  7.1650015E+03  2.4058144E-03
     1.9330000E+03    235.6573633  7.8206945E+06 -2.6250000E+03  0.0000000E+00  1.6820762E+03  9.2936829E-02  0.0000000E+00  1.5649669E+03  2.6381079E+03  0.0000000E+00  0.0000000E+00  0.0000000E+00  0.0000000E+00  0.0000000E+00  7.1477056E+03 -3.0120075E+00
     1.9340000E+03    235.6535801  7.8179560E+06 -2.7385000E+03  0.0000000E+00  1.6753016E+03  9.2783451E-02  0.0000000E+00  1.5620193E+03  2.6252119E+03  0.0000000E+00  0.0000000E+00  0.0000000E+00  0.0000000E+00  0.0000000E+00  7.1318203E+03  2.2878353E-03
     1.9350000E+03    235.6499834  7.8153525E+06 -2.6035000E+03  0.0000000E+00  1.5357175E+03  9.2630982E-02  0.0000000E+00  1.5588770E+03  2.6266079E+03  0.0000000E+00  0.0000000E+00  0.0000000E+00  0.0000000E+00  0.0000000E+00  7.1155044E+03  3.4723680E-03
     1.9360000E+03    235.6460889  7.8125340E+06 -2.8185000E+03  0.0000000E+00  1.7846620E+03  9.2478901E-02  0.0000000E+00  1.5836707E+03  2.6180037E+03  0.0000000E+00  0.0000000E+00  0.0000000E+00  0.0000000E+00  0.0000000E+00  7.1037920E+03 -9.1386400E-03
     1.9370000E+03    235.6426392  7.8100370E+06 -2.4970000E+03  0.0000000E+00  1.5754374E+03  9.2327140E-02  0.0000000E+00  1.5537566E+03  2.6299673E+03  0.0000000E+00  0.0000000E+00  0.0000000E+00  0.0000000E+00  0.0000000E+00  7.0866431E+03 -3.6751733E+00
     1.9380000E+03    235.6386339  7.8071375E+06 -2.8995000E+03  0.0000000E+00  1.8356083E+03  9.2175707E-02  0.0000000E+00  1.5517095E+03  2.6153630E+03  0.0000000E+00  0.0000000E+00  0.0000000E+00  0.0000000E+00  0.0000000E+00  7.0730303E+03  7.4268379E-03
     1.9390000E+03    235.6347828  7.8043500E+06 -2.7875000E+03  0.0000000E+00  1.7234335E+03  9.2024595E-02  0.0000000E+00  1.5495417E+03  2.6137112E+03  0.0000000E+00  0.0000000E+00  0.0000000E+00  0.0000000E+00  0.0000000E+00  7.0596885E+03 -2.4767881E-04
     1.9400000E+03    235.6304818  7.8012370E+06 -3.1130000E+03  0.0000000E+00  2.1831220E+03  9.1873795E-02  0.0000000E+00  1.5472576E+03  2.6227253E+03  0.0000000E+00  0.0000000E+00  0.0000000E+00  0.0000000E+00  0.0000000E+00  7.0449478E+03 -3.0275209E+00
     1.9410000E+03    235.6267529  7.7985380E+06 -2.6990000E+03  0.0000000E+00  1.7460678E+03  9.1723323E-02  0.0000000E+00  1.5448665E+03  2.6186895E+03  0.0000000E+00  0.0000000E+00  0.0000000E+00  0.0000000E+00  0.0000000E+00  7.0301787E+03 -2.7676067E+00
     1.9420000E+03    235.6225539  7.7954985E+06 -3.0395000E+03  0.0000000E+00  2.0962530E+03  9.1573164E-02  0.0000000E+00  1.5422283E+03  2.6161499E+03  0.0000000E+00  0.0000000E+00  0.0000000E+00  0.0000000E+00  0.0000000E+00  7.0152793E+03 -2.7710493E+00
     1.9430000E+03    235.6179574  7.7921715E+06 -3.3270000E+03  0.0000000E+00  2.2666356E+03  9.1423333E-02  0.0000000E+00  1.5400892E+03  2.6006008E+03  0.0000000E+00  0.0000000E+00  0.0000000E+00  0.0000000E+00  0.0000000E+00  7.0023560E+03 -1.1436483E-03
     1.9440000E+03    235.6133286  7.7888210E+06 -3.3505000E+03  0.0000000E+00  2.2925363E+03  9.1273814E-02  0.0000000E+00  1.5380482E+03  2.5960732E+03  0.0000000E+00  0.0000000E+00  0.0000000E+00  0.0000000E+00  0.0000000E+00  6.9895645E+03  6.1926479E-04
     1.9450000E+03    235.6085007  7.7853265E+06 -3.4945000E+03  0.0000000E+00  2.4373620E+03  9.1124617E-02  0.0000000E+00  1.5360929E+03  2.5932993E+03  0.0000000E+00  0.0000000E+00  0.0000000E+00  0.0000000E+00  0.0000000E+00  6.9763354E+03  4.5618694E-04
     1.9460000E+03    235.6039593  7.7820395E+06 -3.2870000E+03  5.9850714E+02  2.9823158E+03  7.4707322E+00  0.0000000E+00  1.5338993E+03  2.6003337E+03  0.0000000E+00  0.0000000E+00  0.0000000E+00  0.0000000E+00  0.0000000E+00  6.9619004E+03 -2.7902920E+00
     1.9470000E+03    235.6056423  7.7832575E+06  1.2180000E+03  4.7882060E+03  2.5701381E+03  6.3576096E+01  0.0000000E+00  1.5316455E+03  2.5951064E+03  0.0000000E+00  0.0000000E+00  0.0000000E+00  0.0000000E+00  0.0000000E+00  6.9518154E+03  2.8684505E-03
     1.9480000E+03    235.6014243  7.7802045E+06 -3.0530000E+03  0.0000000E+00  1.9907571E+03  7.5231761E-01  0.0000000E+00  1.5301788E+03  2.5932639E+03  0.0000000E+00  0.0000000E+00  0.0000000E+00  0.0000000E+00  0.0000000E+00  6.9423130E+03 -1.9599332E-03
     1.9490000E+03    235.5974637  7.7773380E+06 -2.8665000E+03  0.0000000E+00  1.8058843E+03  9.2462562E-02  0.0000000E+00  1.5288569E+03  2.5898230E+03  0.0000000E+00  0.0000000E+00  0.0000000E+00  0.0000000E+00  0.0000000E+00  6.9320103E+03 -5.8650975E-03
     1.9500000E+03    235.6026301  7.7810775E+06  3.7395000E+03  6.6483175E+03  1.9220284E+03  9.0573959E+01  0.0000000E+00  1.5265693E+03  2.6038708E+03  0.0000000E+00  0.0000000E+00  0.0000000E+00  0.0000000E+00  0.0000000E+00  6.9246890E+03  7.4434368E-04
     1.9510000E+03    235.6128546  7.7884780E+06  7.4005000E+03  9.0675999E+03  7.1577119E+02  1.5404359E+02  0.0000000E+00  1.5235651E+03  2.6287239E+03  0.0000000E+00  0.0000000E+00  0.0000000E+00  0.0000000E+00  0.0000000E+00  6.9218354E+03  1.9812612E-03
     1.9520000E+03    235.6092692  7.7858830E+06 -2.5950000E+03  0.0000000E+00  1.4988235E+03  8.3588629E+00  0.0000000E+00  1.5220343E+03  2.6267637E+03  0.0000000E+00  0.0000000E+00  0.0000000E+00  0.0000000E+00  0.0000000E+00  6.9179438E+03 -4.6986686E-03
     1.9530000E+03    235.6055938  7.7832225E+06 -2.6605000E+03  0.0000000E+00  1.5622670E+03  5.7003820E-01  0.0000000E+00  1.5209095E+03  2.6195461E+03  0.0000000E+00  0.0000000E+00  0.0000000E+00  0.0000000E+00  0.0000000E+00  6.9118696E+03  3.9816201E-03
     1.9540000E+03    235.6432173  7.8104555E+06  2.7233000E+04  2.9032587E+04  2.0961794E+03  1.4707046E+03  0.0000000E+00  1.5153861E+03  2.6897314E+03  0.0000000E+00  0.0000000E+00  0.0000000E+00  0.0000000E+00  0.0000000E+00  6.9197207E+03 -7.3199463E-04
     1.9550000E+03    235.6404444  7.8084480E+06 -2.0075000E+03  1.2096292E+03  2.0844507E+03  4.7275158E+01  0.0000000E+00  1.5131799E+03  2.6927229E+03  0.0000000E+00  0.0000000E+00  0.0000000E+00  0.0000000E+00  0.0000000E+00  6.9260327E+03  8.5959723E-03
     1.9560000E+03    235.6567950  7.8202830E+06  1.1835000E+04  1.3914935E+04  1.2609165E+03  3.8470285E+02  0.0000000E+00  1.5100524E+03  2.7138357E+03  0.0000000E+00  0.0000000E+00  0.0000000E+00  0.0000000E+00  0.0000000E+00  6.9348511E+03 -3.9532720E-04
     1.9570000E+03    235.6579599  7.8211265E+06  8.4350000E+02  4.8400811E+03  2.8792818E+03  8.7870659E+01  0.0000000E+00  1.5080249E+03  2.7135513E+03  0.0000000E+00  0.0000000E+00  0.0000000E+00  0.0000000E+00  0.0000000E+00  6.9415337E+03 -5.5383253E-03
     1.9580000E+03    235.6568156  7.8202980E+06 -8.2850000E+02  3.0249870E+03  2.7201108E+03  5.5130917E+01  0.0000000E+00  1.5156306E+03  2.7039021E+03  0.0000000E+00  0.0000000E+00  0.0000000E+00  0.0000000E+00  0.0000000E+00  6.9673994E+03  4.3480694E-03
     1.9590000E+03    235.6523208  7.8170445E+06 -3.2535000E+03  0.0000000E+00  2.4276861E+03  1.2125713E+00  0.0000000E+00  1.8637145E+03  2.6906633E+03  0.0000000E+00  0.0000000E+00  0.0000000E+00  0.0000000E+00  0.0000000E+00  7.7227354E+03  1.5120612E-03
     1.9600000E+03    235.6476947  7.8136960E+06 -3.3485000E+03  0.0000000E+00  2.4415330E+03  1.1155980E-01  0.0000000E+00  1.7709889E+03  2.6780664E+03  0.0000000E+00  0.0000000E+00  0.0000000E+00  0.0000000E+00  0.0000000E+00  7.7455039E+03  1.9074978E-05
     1.9610000E+03    235.6425622  7.8099810E+06 -3.7150000E+03  0.0000000E+00  2.8003969E+03  5.1173251E-02  0.0000000E+00  1.7526464E+03  2.6673232E+03  0.0000000E+00  0.0000000E+00  0.0000000E+00  0.0000000E+00  0.0000000E+00  7.7197168E+03 -4.1525677E-04
     1.9620000E+03    235.6364173  7.8055335E+06 -4.4475000E+03  0.0000000E+00  3.5282446E+03  5.1078733E-02  0.0000000E+00  1.7367587E+03  2.6563628E+03  0.0000000E+00  0.0000000E+00  0.0000000E+00  0.0000000E+00  0.0000000E+00  7.6823315E+03 -4.8160139E-03
     1.9630000E+03    235.6313970  7.8018995E+06 -3.6340000E+03  0.0000000E+00  2.7036884E+03  5.0994381E-02  0.0000000E+00  1.7185760E+03  2.6487344E+03  0.0000000E+00  0.0000000E+00  0.0000000E+00  0.0000000E+00  0.0000000E+00  7.6350430E+03  3.8132556E-03
     1.9640000E+03    235.6309796  7.8015975E+06 -3.0200000E+02  3.0235449E+03  2.4223743E+03  4.4786583E+01  0.0000000E+00  1.7032043E+03  2.6513206E+03  0.0000000E+00  0.0000000E+00  0.0000000E+00  0.0000000E+00  0.0000000E+00  7.5928857E+03 -3.1373524E-03
     1.9650000E+03    235.6262974  7.7982085E+06 -3.3890000E+03  0.0000000E+00  2.4283702E+03  1.9651662E-01  0.0000000E+00  1.6887097E+03  2.6496069E+03  0.0000000E+00  0.0000000E+00  0.0000000E+00  0.0000000E+00  0.0000000E+00  7.5494448E+03 -1.3942714E-03
     1.9660000E+03    235.6215965  7.7948055E+06 -3.4030000E+03  0.0000000E+00  2.4467423E+03  9.0915129E-02  0.0000000E+00  1.6851521E+03  2.6411128E+03  0.0000000E+00  0.0000000E+00  0.0000000E+00  0.0000000E+00  0.0000000E+00  7.6148276E+03  7.6296120E-03
     1.9670000E+03    235.6212078  7.7945245E+06 -2.8100000E+02  3.6275993E+03  2.9902036E+03  5.4652237E+01  0.0000000E+00  1.6702916E+03  2.6437031E+03  0.0000000E+00  0.0000000E+00  0.0000000E+00  0.0000000E+00  0.0000000E+00  7.5601411E+03 -6.4481231E-03
     1.9680000E+03    235.6163731  7.7910250E+06 -3.4995000E+03  0.0000000E+00  2.5797763E+03  1.1863199E+00  0.0000000E+00  1.6528295E+03  2.6443164E+03  0.0000000E+00  0.0000000E+00  0.0000000E+00  0.0000000E+00  0.0000000E+00  7.4882739E+03 -1.3509934E+00
     1.9690000E+03    235.6115578  7.7875395E+06 -3.4855000E+03  0.0000000E+00  2.5632896E+03  1.3433568E-01  0.0000000E+00  1.7068711E+03  2.6291743E+03  0.0000000E+00  0.0000000E+00  0.0000000E+00  0.0000000E+00  0.0000000E+00  7.4496748E+03  7.9931045E-04
     1.9700000E+03    235.6059657  7.7834915E+06 -4.0480000E+03  0.0000000E+00  3.0504940E+03  8.7338895E-02  0.0000000E+00  1.6295228E+03  2.6268091E+03  0.0000000E+00  0.0000000E+00  0.0000000E+00  0.0000000E+00  0.0000000E+00  7.3898203E+03  5.4140682E-03
     1.9710000E+03    235.6003606  7.7794345E+06 -4.0570000E+03  0.0000000E+00  3.0579613E+03  8.7189533E-02  0.0000000E+00  1.6190336E+03  2.6182642E+03  0.0000000E+00  0.0000000E+00  0.0000000E+00  0.0000000E+00  0.0000000E+00  7.3511914E+03 -1.8494767E-03
     1.9720000E+03    235.5948729  7.7754625E+06 -3.9720000E+03  0.0000000E+00  3.0170654E+03  8.7048396E-02  0.0000000E+00  1.6576694E+03  2.6127163E+03  0.0000000E+00  0.0000000E+00  0.0000000E+00  0.0000000E+00  0.0000000E+00  7.5028521E+03 -4.5100550E-04
     1.9730000E+03    235.5890714  7.7712630E+06 -4.1995000E+03  0.0000000E+00  3.2532729E+03  8.6908348E-02  0.0000000E+00  1.6616296E+03  2.6077437E+03  0.0000000E+00  0.0000000E+00  0.0000000E+00  0.0000000E+00  0.0000000E+00  7.4933804E+03  3.4157096E-03
     1.9740000E+03    235.5827688  7.7667015E+06 -4.5615000E+03  0.0000000E+00  3.6876636E+03  8.6768664E-02  0.0000000E+00  1.6438827E+03  2.6081951E+03  0.0000000E+00  0.0000000E+00  0.0000000E+00  0.0000000E+00  0.0000000E+00  7.4322383E+03 -1.4356847E+00
     1.9750000E+03    235.6438128  7.8108865E+06  4.4185000E+04  4.4759064E+04  3.1237191E+03  3.6503733E+03  0.0000000E+00  1.6177274E+03  2.7184500E+03  0.0000000E+00  0.0000000E+00  0.0000000E+00  0.0000000E+00  0.0000000E+00  7.3896055E+03 -7.8082576E-06
     1.9760000E+03    235.7721574  7.9037850E+06  9.2898500E+04  6.0628494E+04  3.6098960E+03  3.7265383E+04  0.0000000E+00  1.5862863E+03  2.9715305E+03  0.0000000E+00  0.0000000E+00  0.0000000E+00  0.0000000E+00  0.0000000E+00  7.3994873E+03  2.3559973E-04
     1.9770000E+03    235.7858024  7.9136615E+06  9.8765000E+03  1.3341620E+04  3.2162238E+03  8.9493878E+02  0.0000000E+00  1.8610720E+03  3.0048967E+03  0.0000000E+00  0.0000000E+00  0.0000000E+00  0.0000000E+00  0.0000000E+00  8.0338804E+03  6.0664985E-05
     1.9780000E+03    235.7802890  7.9096710E+06 -3.9905000E+03  0.0000000E+00  3.4478265E+03  2.4946576E+02  0.0000000E+00  2.1576572E+03  2.9500234E+03  0.0000000E+00  0.0000000E+00  0.0000000E+00  0.0000000E+00  0.0000000E+00  8.6069355E+03 -3.5412288E-03
     1.9790000E+03    235.7780881  7.9080780E+06 -1.5930000E+03  1.7763058E+03  3.1762873E+03  4.1148245E+02  0.0000000E+00  2.3020981E+03  2.9066731E+03  0.0000000E+00  0.0000000E+00  0.0000000E+00  0.0000000E+00  0.0000000E+00  8.8447695E+03 -1.2201091E-03
     1.9800000E+03    235.7850673  7.9131295E+06  5.0515000E+03  7.1061361E+03  2.5443322E+03  1.1057131E+03  0.0000000E+00  2.2760222E+03  2.8918125E+03  0.0000000E+00  0.0000000E+00  0.0000000E+00  0.0000000E+00  0.0000000E+00  8.8245098E+03  2.1602334E-03
     1.9810000E+03    235.7805432  7.9098550E+06 -3.2745000E+03  0.0000000E+00  3.6760741E+03  9.9170831E+02  0.0000000E+00  2.2727207E+03  2.8630288E+03  0.0000000E+00  0.0000000E+00  0.0000000E+00  0.0000000E+00  0.0000000E+00  8.9390947E+03 -2.6620205E-03
     1.9820000E+03    235.7920137  7.9181575E+06  8.3025000E+03  1.0660568E+04  4.2663273E+03  2.5681519E+03  0.0000000E+00  2.2048252E+03  2.8646111E+03  0.0000000E+00  0.0000000E+00  0.0000000E+00  0.0000000E+00  0.0000000E+00  8.8694082E+03  6.8970100E-04
     1.9830000E+03    235.7886640  7.9157330E+06 -2.4245000E+03  0.0000000E+00  3.3621565E+03  1.6520745E+03  0.0000000E+00  2.1309058E+03  2.8454001E+03  0.0000000E+00  0.0000000E+00  0.0000000E+00  0.0000000E+00  0.0000000E+00  8.7646367E+03 -1.2310160E-03
     1.9840000E+03    235.7849285  7.9130290E+06 -2.7040000E+03  0.0000000E+00  3.4767206E+03  1.5057861E+03  0.0000000E+00  2.0893730E+03  2.8222322E+03  0.0000000E+00  0.0000000E+00  0.0000000E+00  0.0000000E+00  0.0000000E+00  8.7050371E+03  3.2712528E-03
     1.9850000E+03    235.7797642  7.9092910E+06 -3.7380000E+03  0.0000000E+00  4.3339372E+03  1.3154302E+03  0.0000000E+00  2.0530420E+03  2.7726367E+03  0.0000000E+00  0.0000000E+00  0.0000000E+00  0.0000000E+00  0.0000000E+00  8.6539785E+03 -1.4291345E-03
     1.9860000E+03    235.7794228  7.9090440E+06 -2.4700000E+02  3.5526989E+03  4.4570073E+03  1.3387947E+03  0.0000000E+00  2.0491831E+03  2.7307617E+03  0.0000000E+00  0.0000000E+00  0.0000000E+00  0.0000000E+00  0.0000000E+00  8.6766465E+03 -1.2839193E-03
     1.9870000E+03    235.7741887  7.9052555E+06 -3.7885000E+03  0.0000000E+00  4.1367114E+03  9.9571442E+02  0.0000000E+00  2.0501265E+03  2.6976809E+03  0.0000000E+00  0.0000000E+00  0.0000000E+00  0.0000000E+00  0.0000000E+00  8.6458740E+03 -7.5731403E-04
     1.9880000E+03    235.7688176  7.9013675E+06 -3.8880000E+03  0.0000000E+00  4.0930798E+03  8.3074084E+02  0.0000000E+00  2.0523542E+03  2.6777190E+03  0.0000000E+00  0.0000000E+00  0.0000000E+00  0.0000000E+00  0.0000000E+00  8.5960068E+03  4.3774261E-03
     1.9890000E+03    235.7637655  7.8977110E+06 -3.6565000E+03  0.0000000E+00  3.9782195E+03  6.7816785E+02  0.0000000E+00  2.3013210E+03  2.6581130E+03  0.0000000E+00  0.0000000E+00  0.0000000E+00  0.0000000E+00  0.0000000E+00  8.7916738E+03 -5.1798187E-03
     1.9900000E+03    235.7581746  7.8936640E+06 -4.0470000E+03  0.0000000E+00  4.3333439E+03  5.7418658E+02  0.0000000E+00  2.3534055E+03  2.6410466E+03  0.0000000E+00  0.0000000E+00  0.0000000E+00  0.0000000E+00  0.0000000E+00  8.8018555E+03  2.8879370E-03
     1.9910000E+03    235.7525772  7.8896125E+06 -4.0515000E+03  0.0000000E+00  4.1861467E+03  4.3401105E+02  0.0000000E+00  2.3231917E+03  2.6226074E+03  0.0000000E+00  0.0000000E+00  0.0000000E+00  0.0000000E+00  0.0000000E+00  8.7534580E+03 -7.5299433E-04
     1.9920000E+03    235.7458103  7.8847145E+06 -4.8980000E+03  0.0000000E+00  4.8741205E+03  3.1684528E+02  0.0000000E+00  2.2692031E+03  2.6099238E+03  0.0000000E+00  0.0000000E+00  0.0000000E+00  0.0000000E+00  0.0000000E+00  8.6832598E+03  5.2194373E-05
     1.9930000E+03    235.7382639  7.8792520E+06 -5.4625000E+03  0.0000000E+00  5.3077726E+03  2.2403296E+02  0.0000000E+00  2.2188135E+03  2.5973523E+03  0.0000000E+00  0.0000000E+00  0.0000000E+00  0.0000000E+00  0.0000000E+00  8.6184883E+03  2.8042528E-03
     1.9940000E+03    235.7315756  7.8744110E+06 -4.8410000E+03  0.0000000E+00  4.6039368E+03  1.7677922E+02  0.0000000E+00  2.1730327E+03  2.5870256E+03  0.0000000E+00  0.0000000E+00  0.0000000E+00  0.0000000E+00  0.0000000E+00  8.5547705E+03 -2.0845938E-03
     1.9950000E+03    235.7259746  7.8703570E+06 -4.0540000E+03  0.0000000E+00  3.7223312E+03  1.3760536E+02  0.0000000E+00  2.1118081E+03  2.5812107E+03  0.0000000E+00  0.0000000E+00  0.0000000E+00  0.0000000E+00  0.0000000E+00  8.4731191E+03 -2.0372351E-03
     1.9960000E+03    235.7189442  7.8652680E+06 -5.0890000E+03  0.0000000E+00  4.6836520E+03  1.1014246E+02  0.0000000E+00  2.0598242E+03  2.5750366E+03  0.0000000E+00  0.0000000E+00  0.0000000E+00  0.0000000E+00  0.0000000E+00  8.3959941E+03  3.8343058E-03
     1.9970000E+03    235.7121164  7.8603260E+06 -4.9420000E+03  0.0000000E+00  4.4743497E+03  7.7386871E+01  0.0000000E+00  2.0236738E+03  2.5688638E+03  0.0000000E+00  0.0000000E+00  0.0000000E+00  0.0000000E+00  0.0000000E+00  8.3512402E+03 -2.1629864E-03
     1.9980000E+03    235.7057262  7.8557005E+06 -4.6255000E+03  0.0000000E+00  4.3527015E+03  5.3060360E+01  0.0000000E+00  2.2374641E+03  2.5631711E+03  0.0000000E+00  0.0000000E+00  0.0000000E+00  0.0000000E+00  0.0000000E+00  8.5149707E+03  2.1886923E-03
     1.9990000E+03    235.6991033  7.8509070E+06 -4.7935000E+03  0.0000000E+00  4.5179187E+03  3.8526039E+01  0.0000000E+00  2.2423342E+03  2.5567834E+03  0.0000000E+00  0.0000000E+00  0.0000000E+00  0.0000000E+00  0.0000000E+00  8.4954697E+03 -4.8312545E-03
     2.0000000E+03    235.6922792  7.8459675E+06 -4.9395000E+03  0.0000000E+00  4.5952632E+03  2.4477549E+01  0.0000000E+00  2.1823140E+03  2.5509417E+03  0.0000000E+00  0.0000000E+00  0.0000000E+00  0.0000000E+00  0.0000000E+00  8.4168486E+03  1.2093941E-03
     2.0010000E+03    235.6846901  7.8404740E+06 -5.4935000E+03  0.0000000E+00  5.0713802E+03  1.2955025E+01  0.0000000E+00  2.1127097E+03  2.5474421E+03  0.0000000E+00  0.0000000E+00  0.0000000E+00  0.0000000E+00  0.0000000E+00  8.3226787E+03  4.4990345E-03
     2.0020000E+03    235.6885475  7.8432665E+06  2.7925000E+03  8.2757625E+03  5.1516343E+03  1.8608644E+02  0.0000000E+00  2.0450422E+03  2.5631875E+03  0.0000000E+00  0.0000000E+00  0.0000000E+00  0.0000000E+00  0.0000000E+00  8.2305479E+03 -4.0942249E-03
     2.0030000E+03    235.7158978  7.8630630E+06  1.9796500E+04  2.3065536E+04  3.9078765E+03  1.2814652E+03  0.0000000E+00  1.9838566E+03  2.6262275E+03  0.0000000E+00  0.0000000E+00  0.0000000E+00  0.0000000E+00  0.0000000E+00  8.1559580E+03  9.7170915E-04
     2.0040000E+03    235.7091945  7.8582110E+06 -4.8520000E+03  0.0000000E+00  4.2239692E+03  6.4399040E+01  0.0000000E+00  1.9341128E+03  2.6265164E+03  0.0000000E+00  0.0000000E+00  0.0000000E+00  0.0000000E+00  0.0000000E+00  8.0909961E+03  3.8489516E-04
     2.0050000E+03    235.7011578  7.8523940E+06 -5.8170000E+03  0.0000000E+00  5.1427184E+03  4.4916336E+01  0.0000000E+00  1.8901366E+03  2.6095112E+03  0.0000000E+00  0.0000000E+00  0.0000000E+00  0.0000000E+00  0.0000000E+00  8.0268896E+03 -2.2800900E-03
     2.0060000E+03    235.7529399  7.8898750E+06  3.7481000E+04  3.8468806E+04  3.9324042E+03  3.8022231E+03  0.0000000E+00  1.8502384E+03  2.7078062E+03  0.0000000E+00  0.0000000E+00  0.0000000E+00  0.0000000E+00  0.0000000E+00  7.9932012E+03  1.2394816E-04
     2.0070000E+03    235.7467961  7.8854280E+06 -4.4470000E+03  0.0000000E+00  3.9234700E+03  3.4787241E+02  0.0000000E+00  1.8359408E+03  2.7073931E+03  0.0000000E+00  0.0000000E+00  0.0000000E+00  0.0000000E+00  0.0000000E+00  7.9817217E+03 -7.5110415E-04
     2.0080000E+03    235.8294525  7.9452565E+06  5.9828500E+04  4.8598272E+04  3.2044862E+03  1.5473924E+04  0.0000000E+00  1.8127450E+03  2.8518691E+03  0.0000000E+00  0.0000000E+00  0.0000000E+00  0.0000000E+00  0.0000000E+00  8.0030859E+03  1.3636462E-04
     2.0090000E+03    235.8884559  7.9879645E+06  4.2708000E+04  2.9007054E+04  1.8097277E+03  1.5945144E+04  0.0000000E+00  2.5380950E+03  2.9725637E+03  0.0000000E+00  0.0000000E+00  0.0000000E+00  0.0000000E+00  0.0000000E+00  9.1646504E+03  0.0000000E+00
     2.0100000E+03    235.8895406  7.9887495E+06  7.8500000E+02  0.0000000E+00  3.6181438E+03  3.7928711E+03  0.0000000E+00  3.5644341E+03  2.9540374E+03  0.0000000E+00  0.0000000E+00  0.0000000E+00  0.0000000E+00  0.0000000E+00  1.0693071E+04  1.6857183E-03
     2.0110000E+03    235.8980355  7.9948985E+06  6.1490000E+03  5.8024319E+03  4.5913168E+03  3.8828967E+03  0.0000000E+00  3.9860178E+03  2.9313196E+03  0.0000000E+00  0.0000000E+00  0.0000000E+00  0.0000000E+00  0.0000000E+00  1.1108114E+04 -2.1215104E-03
     2.0120000E+03    235.9079537  8.0020775E+06  7.1790000E+03  5.2231402E+03  2.8528128E+03  3.5693079E+03  0.0000000E+00  4.1621968E+03  2.9227937E+03  0.0000000E+00  0.0000000E+00  0.0000000E+00  0.0000000E+00  0.0000000E+00  1.1202014E+04  2.9399447E-04
     2.0130000E+03    235.9068754  8.0012970E+06 -7.8050000E+02  0.0000000E+00  4.3691570E+03  2.3865886E+03  0.0000000E+00  4.0996987E+03  2.8975920E+03  0.0000000E+00  0.0000000E+00  0.0000000E+00  0.0000000E+00  0.0000000E+00  1.1097969E+04  5.2411249E-04
     2.0140000E+03    235.9033648  7.9987560E+06 -2.5410000E+03  0.0000000E+00  5.4972001E+03  1.9085431E+03  0.0000000E+00  3.9166987E+03  2.8691216E+03  0.0000000E+00  0.0000000E+00  0.0000000E+00  0.0000000E+00  0.0000000E+00  1.0906925E+04 -9.6298475E-04
     2.0150000E+03    235.8985728  7.9952875E+06 -3.4685000E+03  0.0000000E+00  5.9172224E+03  1.5293390E+03  0.0000000E+00  3.6959758E+03  2.7766636E+03  0.0000000E+00  0.0000000E+00  0.0000000E+00  0.0000000E+00  0.0000000E+00  1.0736038E+04 -8.1437442E-04
     2.0160000E+03    235.8925224  7.9909080E+06 -4.3795000E+03  0.0000000E+00  6.3881461E+03  1.2566514E+03  0.0000000E+00  3.4752566E+03  2.7231509E+03  0.0000000E+00  0.0000000E+00  0.0000000E+00  0.0000000E+00  0.0000000E+00  1.0550994E+04  1.2218691E-03
     2.0170000E+03    235.8876881  7.9874085E+06 -3.4995000E+03  0.0000000E+00  5.5436069E+03  1.0278057E+03  0.0000000E+00  3.6948284E+03  2.6782102E+03  0.0000000E+00  0.0000000E+00  0.0000000E+00  0.0000000E+00  0.0000000E+00  1.0624386E+04  3.8483737E-03
     2.0180000E+03    235.8811528  7.9826785E+06 -4.7300000E+03  0.0000000E+00  6.6107054E+03  8.9184753E+02  0.0000000E+00  3.6236479E+03  2.6351582E+03  0.0000000E+00  0.0000000E+00  0.0000000E+00  0.0000000E+00  0.0000000E+00  1.0547253E+04 -3.9766519E-03
     2.0190000E+03    235.8749126  7.9781615E+06 -4.5170000E+03  0.0000000E+00  6.0569499E+03  6.6886298E+02  0.0000000E+00  3.4737925E+03  2.6024927E+03  0.0000000E+00  0.0000000E+00  0.0000000E+00  0.0000000E+00  0.0000000E+00  1.0422495E+04  2.4584797E-03
     2.0200000E+03    235.8689369  7.9738360E+06 -4.3255000E+03  0.0000000E+00  5.5438228E+03  5.0395209E+02  0.0000000E+00  3.3138760E+03  2.5993906E+03  0.0000000E+00  0.0000000E+00  0.0000000E+00  0.0000000E+00  0.0000000E+00  1.0272316E+04  1.4091010E-03
     2.0210000E+03    235.8625035  7.9691795E+06 -4.6565000E+03  0.0000000E+00  5.6000764E+03  3.6840756E+02  0.0000000E+00  3.1696675E+03  2.5946575E+03  0.0000000E+00  0.0000000E+00  0.0000000E+00  0.0000000E+00  0.0000000E+00  1.0127294E+04 -1.9424631E-03
     2.0220000E+03    235.8551351  7.9638460E+06 -5.3335000E+03  0.0000000E+00  6.0520871E+03  2.5875391E+02  0.0000000E+00  3.0460037E+03  2.5860652E+03  0.0000000E+00  0.0000000E+00  0.0000000E+00  0.0000000E+00  0.0000000E+00  9.9929980E+03  1.2209642E-03
     2.0230000E+03    235.8478923  7.9586035E+06 -5.2425000E+03  0.0000000E+00  5.8166255E+03  2.0959639E+02  0.0000000E+00  2.9422043E+03  2.5776792E+03  0.0000000E+00  0.0000000E+00  0.0000000E+00  0.0000000E+00  0.0000000E+00  9.8704912E+03 -4.6534526E-05
     2.0240000E+03    235.8396369  7.9526280E+06 -5.9755000E+03  0.0000000E+00  6.3960010E+03  1.6673030E+02  0.0000000E+00  2.8260498E+03  2.5721797E+03  0.0000000E+00  0.0000000E+00  0.0000000E+00  0.0000000E+00  0.0000000E+00  9.7351416E+03  1.1106976E-03
     2.0250000E+03    235.8318131  7.9469650E+06 -5.6630000E+03  0.0000000E+00  5.9383563E+03  1.2176707E+02  0.0000000E+00  2.7231262E+03  2.5695806E+03  0.0000000E+00  0.0000000E+00  0.0000000E+00  0.0000000E+00  0.0000000E+00  9.6057393E+03 -5.1652134E-04
     2.0260000E+03    235.8246021  7.9417455E+06 -5.2195000E+03  0.0000000E+00  5.6890524E+03  8.6091583E+01  0.0000000E+00  2.9516335E+03  2.5682051E+03  0.0000000E+00  0.0000000E+00  0.0000000E+00  0.0000000E+00  0.0000000E+00  9.7074404E+03 -3.9619501E-04
     2.0270000E+03    235.8176958  7.9367465E+06 -4.9990000E+03  0.0000000E+00  5.4018656E+03  6.0264740E+01  0.0000000E+00  2.9114194E+03  2.5687539E+03  0.0000000E+00  0.0000000E+00  0.0000000E+00  0.0000000E+00  0.0000000E+00  9.6327861E+03  8.0863381E-04
     2.0280000E+03    235.8089535  7.9304190E+06 -6.3275000E+03  0.0000000E+00  6.5825130E+03  3.8782879E+01  0.0000000E+00  2.7850161E+03  2.5691062E+03  0.0000000E+00  0.0000000E+00  0.0000000E+00  0.0000000E+00  0.0000000E+00  9.4958916E+03 -3.5000637E-03
     2.0290000E+03    235.8024344  7.9257000E+06 -4.7190000E+03  1.1584483E+03  5.9948731E+03  3.8436638E+01  0.0000000E+00  2.6538113E+03  2.5745269E+03  0.0000000E+00  0.0000000E+00  0.0000000E+00  0.0000000E+00  0.0000000E+00  9.3506533E+03  3.4529655E-03
     2.0300000E+03    235.7959113  7.9209785E+06 -4.7215000E+03  0.0000000E+00  4.6875050E+03  9.4544992E+00  0.0000000E+00  2.5351609E+03  2.5787153E+03  0.0000000E+00  0.0000000E+00  0.0000000E+00  0.0000000E+00  0.0000000E+00  9.2103564E+03 -1.4380543E-03
     2.0310000E+03    235.7879905  7.9152455E+06 -5.7330000E+03  0.0000000E+00  5.5926201E+03  4.2139425E+00  0.0000000E+00  2.4336741E+03  2.5784851E+03  0.0000000E+00  0.0000000E+00  0.0000000E+00  0.0000000E+00  0.0000000E+00  9.0788242E+03 -2.6651649E-03
     2.0320000E+03    235.7845346  7.9127440E+06 -2.5015000E+03  3.4742003E+03  5.7958099E+03  5.5865154E+01  0.0000000E+00  2.3504287E+03  2.5861523E+03  0.0000000E+00  0.0000000E+00  0.0000000E+00  0.0000000E+00  0.0000000E+00  8.9602627E+03  3.7282438E-04
     2.0330000E+03    235.8277231  7.9440045E+06  3.1260500E+04  3.2451649E+04  3.1772812E+03  2.3925549E+03  0.0000000E+00  2.2766594E+03  2.6827957E+03  0.0000000E+00  0.0000000E+00  0.0000000E+00  0.0000000E+00  0.0000000E+00  8.8728193E+03  7.6818326E-04
     2.0340000E+03    235.8202811  7.9386180E+06 -5.3865000E+03  0.0000000E+00  5.0525556E+03  1.3430128E+02  0.0000000E+00  2.2189377E+03  2.6873079E+03  0.0000000E+00  0.0000000E+00  0.0000000E+00  0.0000000E+00  0.0000000E+00  8.7909521E+03 -1.6023983E-03
     2.0350000E+03    235.8126231  7.9330750E+06 -5.5430000E+03  0.0000000E+00  5.1104735E+03  6.7346565E+01  0.0000000E+00  2.1707744E+03  2.6707239E+03  0.0000000E+00  0.0000000E+00  0.0000000E+00  0.0000000E+00  0.0000000E+00  8.7098633E+03 -9.7892235E-04
     2.0360000E+03    235.8038823  7.9267480E+06 -6.3270000E+03  0.0000000E+00  5.8440491E+03  4.4204853E+01  0.0000000E+00  2.1286733E+03  2.6556401E+03  0.0000000E+00  0.0000000E+00  0.0000000E+00  0.0000000E+00  0.0000000E+00  8.6314873E+03  2.2174523E-03
     2.0370000E+03    235.7932216  7.9190320E+06 -7.7160000E+03  0.0000000E+00  7.1959498E+03  2.6013262E+01  0.0000000E+00  2.0929270E+03  2.6393809E+03  0.0000000E+00  0.0000000E+00  0.0000000E+00  0.0000000E+00  0.0000000E+00  8.5562070E+03 -3.9617219E-03
     2.0380000E+03    235.7814499  7.9105110E+06 -8.5210000E+03  0.0000000E+00  7.9698078E+03  9.8174973E+00  0.0000000E+00  2.0623008E+03  2.6229631E+03  0.0000000E+00  0.0000000E+00  0.0000000E+00  0.0000000E+00  0.0000000E+00  8.4838477E+03  3.2820143E-03
     2.0390000E+03    235.7696469  7.9019680E+06 -8.5430000E+03  0.0000000E+00  7.9797709E+03  1.2506145E+00  0.0000000E+00  2.0435400E+03  2.6082825E+03  0.0000000E+00  0.0000000E+00  0.0000000E+00  0.0000000E+00  0.0000000E+00  8.4247832E+03 -2.4810538E-03
     2.0400000E+03    235.7586867  7.8940345E+06 -7.9335000E+03  0.0000000E+00  7.5559496E+03  6.4776108E-02  0.0000000E+00  2.2194526E+03  2.5968186E+03  0.0000000E+00  0.0000000E+00  0.0000000E+00  0.0000000E+00  0.0000000E+00  8.5859580E+03  2.4527640E-03
     2.0410000E+03    235.7491802  7.8871535E+06 -6.8810000E+03  0.0000000E+00  6.5398920E+03  6.4676888E-02  0.0000000E+00  2.2480354E+03  2.5892483E+03  0.0000000E+00  0.0000000E+00  0.0000000E+00  0.0000000E+00  0.0000000E+00  8.5903916E+03 -4.4393382E-04
     2.0420000E+03    235.7406174  7.8809555E+06 -6.1980000E+03  0.0000000E+00  5.8324340E+03  6.4577870E-02  0.0000000E+00  2.2185889E+03  2.5841511E+03  0.0000000E+00  0.0000000E+00  0.0000000E+00  0.0000000E+00  0.0000000E+00  8.5375176E+03  8.1219850E-04
     2.0430000E+03    235.7327640  7.8752710E+06 -5.6845000E+03  0.0000000E+00  5.2761655E+03  6.4479060E-02  0.0000000E+00  2.1720344E+03  2.5803955E+03  0.0000000E+00  0.0000000E+00  0.0000000E+00  0.0000000E+00  0.0000000E+00  8.4656904E+03  4.8476600E-04
     2.0440000E+03    235.7247187  7.8694480E+06 -5.8230000E+03  0.0000000E+00  5.3718971E+03  6.4380437E-02  0.0000000E+00  2.1248445E+03  2.5763708E+03  0.0000000E+00  0.0000000E+00  0.0000000E+00  0.0000000E+00  0.0000000E+00  8.3896738E+03 -4.5091389E-03
     2.0450000E+03    235.7160984  7.8632080E+06 -6.2400000E+03  0.0000000E+00  5.7488466E+03  6.4282008E-02  0.0000000E+00  2.0822690E+03  2.5730903E+03  0.0000000E+00  0.0000000E+00  0.0000000E+00  0.0000000E+00  0.0000000E+00  8.3132119E+03  4.7525931E-03
     2.0460000E+03    235.7083548  7.8576030E+06 -5.6050000E+03  7.8714231E+02  5.8790602E+03  1.0965074E+01  0.0000000E+00  2.0460654E+03  2.5700964E+03  0.0000000E+00  0.0000000E+00  0.0000000E+00  0.0000000E+00  0.0000000E+00  8.2412891E+03  1.9648782E-04
     2.0470000E+03    235.7002530  7.8517390E+06 -5.8640000E+03  0.0000000E+00  5.3132157E+03  5.5320781E-02  0.0000000E+00  2.0152815E+03  2.5663875E+03  0.0000000E+00  0.0000000E+00  0.0000000E+00  0.0000000E+00  0.0000000E+00  8.1739214E+03 -3.3834388E-03
     2.0480000E+03    235.6919514  7.8457300E+06 -6.0090000E+03  0.0000000E+00  5.4341292E+03  3.5305008E-02  0.0000000E+00  1.9884678E+03  2.5632476E+03  0.0000000E+00  0.0000000E+00  0.0000000E+00  0.0000000E+00  0.0000000E+00  8.1093540E+03  1.5752235E-03
     2.0490000E+03    235.6825954  7.8389580E+06 -6.7720000E+03  0.0000000E+00  6.1785312E+03  3.5219371E-02  0.0000000E+00  1.9650624E+03  2.5586262E+03  0.0000000E+00  0.0000000E+00  0.0000000E+00  0.0000000E+00  0.0000000E+00  8.0474214E+03 -6.8180426E-04
     2.0500000E+03    235.6718935  7.8312115E+06 -7.7465000E+03  0.0000000E+00  7.1393166E+03  3.5166614E-02  0.0000000E+00  1.9442745E+03  2.5512803E+03  0.0000000E+00  0.0000000E+00  0.0000000E+00  0.0000000E+00  0.0000000E+00  7.9869224E+03  2.1968784E-03
     2.0510000E+03    235.6594543  7.8222080E+06 -9.0035000E+03  0.0000000E+00  8.3884650E+03  3.5117224E-02  0.0000000E+00  1.9253097E+03  2.5406089E+03  0.0000000E+00  0.0000000E+00  0.0000000E+00  0.0000000E+00  0.0000000E+00  7.9265938E+03 -2.0998318E-03
     2.0520000E+03    235.6464154  7.8127700E+06 -9.4380000E+03  0.0000000E+00  8.8177769E+03  3.5068247E-02  0.0000000E+00  1.9087974E+03  2.5289053E+03  0.0000000E+00  0.0000000E+00  0.0000000E+00  0.0000000E+00  0.0000000E+00  7.8682129E+03  1.3168083E-03
     2.0530000E+03    235.6336243  7.8035115E+06 -9.2585000E+03  0.0000000E+00  8.6343113E+03  3.5019387E-02  0.0000000E+00  1.8939882E+03  2.5182004E+03  0.0000000E+00  0.0000000E+00  0.0000000E+00  0.0000000E+00  0.0000000E+00  7.8114722E+03  1.0507723E-04
     2.0540000E+03    235.6218180  7.7949660E+06 -8.5455000E+03  0.0000000E+00  7.9163358E+03  3.4970611E-02  0.0000000E+00  1.8804611E+03  2.5098579E+03  0.0000000E+00  0.0000000E+00  0.0000000E+00  0.0000000E+00  0.0000000E+00  7.7565737E+03 -1.8920196E-03
     2.0550000E+03    235.6116539  7.7876090E+06 -7.3570000E+03  0.0000000E+00  6.7203494E+03  3.4921933E-02  0.0000000E+00  1.8681985E+03  2.5048601E+03  0.0000000E+00  0.0000000E+00  0.0000000E+00  0.0000000E+00  0.0000000E+00  7.7045366E+03  2.5405927E-04
     2.0560000E+03    235.6022993  7.7808380E+06 -6.7710000E+03  0.0000000E+00  6.1265750E+03  3.4873325E-02  0.0000000E+00  1.8568069E+03  2.5013740E+03  0.0000000E+00  0.0000000E+00  0.0000000E+00  0.0000000E+00  0.0000000E+00  7.6548501E+03 -1.2450453E-03
     2.0570000E+03    235.5934519  7.7744340E+06 -6.4040000E+03  0.0000000E+00  5.7511642E+03  3.4824807E-02  0.0000000E+00  1.8457307E+03  2.4985510E+03  0.0000000E+00  0.0000000E+00  0.0000000E+00  0.0000000E+00  0.0000000E+00  7.6099736E+03  6.1555160E-04
     2.0580000E+03    235.5842589  7.7677800E+06 -6.6540000E+03  0.0000000E+00  5.9962839E+03  3.4776378E-02  0.0000000E+00  1.8352577E+03  2.4930710E+03  0.0000000E+00  0.0000000E+00  0.0000000E+00  0.0000000E+00  0.0000000E+00  7.5693994E+03 -7.4196776E-04
     2.0590000E+03    235.5737084  7.7601430E+06 -7.6370000E+03  0.0000000E+00  6.9772800E+03  3.4728028E-02  0.0000000E+00  1.8253535E+03  2.4847930E+03  0.0000000E+00  0.0000000E+00  0.0000000E+00  0.0000000E+00  0.0000000E+00  7.5298618E+03  3.3387821E-03
     2.0600000E+03    235.5631614  7.7525090E+06 -7.6340000E+03  0.0000000E+00  6.9743409E+03  3.4679763E-02  0.0000000E+00  1.8161396E+03  2.4759817E+03  0.0000000E+00  0.0000000E+00  0.0000000E+00  0.0000000E+00  0.0000000E+00  7.4911689E+03 -1.5655468E-03
     2.0610000E+03    235.5520424  7.7444610E+06 -8.0480000E+03  0.0000000E+00  7.3889542E+03  3.4631580E-02  0.0000000E+00  1.8073793E+03  2.4666899E+03  0.0000000E+00  0.0000000E+00  0.0000000E+00  0.0000000E+00  0.0000000E+00  7.4520889E+03 -2.3384441E-03
     2.0620000E+03    235.5411228  7.7365570E+06 -7.9040000E+03  0.0000000E+00  7.2442656E+03  3.4583479E-02  0.0000000E+00  1.7992407E+03  2.4588079E+03  0.0000000E+00  0.0000000E+00  0.0000000E+00  0.0000000E+00  0.0000000E+00  7.4130361E+03  2.0833444E-03
     2.0630000E+03    235.5285914  7.7274865E+06 -9.0705000E+03  0.0000000E+00  8.4145420E+03  3.4535460E-02  0.0000000E+00  1.7918091E+03  2.4478276E+03  0.0000000E+00  0.0000000E+00  0.0000000E+00  0.0000000E+00  0.0000000E+00  7.3743076E+03 -2.3374851E-04
     2.0640000E+03    235.5163658  7.7186375E+06 -8.8490000E+03  0.0000000E+00  8.1968687E+03  3.4487523E-02  0.0000000E+00  1.7846671E+03  2.4370208E+03  0.0000000E+00  0.0000000E+00  0.0000000E+00  0.0000000E+00  0.0000000E+00  7.3352881E+03 -1.7632307E-03
     2.0650000E+03    235.5060948  7.7112030E+06 -7.4345000E+03  0.0000000E+00  6.7807836E+03  3.4439676E-02  0.0000000E+00  1.7774122E+03  2.4310591E+03  0.0000000E+00  0.0000000E+00  0.0000000E+00  0.0000000E+00  0.0000000E+00  7.2968169E+03  1.1290238E-03
     2.0660000E+03    235.4957945  7.7037475E+06 -7.4555000E+03  0.0000000E+00  6.8030174E+03  3.4391906E-02  0.0000000E+00  1.7711089E+03  2.4236538E+03  0.0000000E+00  0.0000000E+00  0.0000000E+00  0.0000000E+00  0.0000000E+00  7.2598521E+03 -3.0693962E-04
     2.0670000E+03    235.4848329  7.6958130E+06 -7.9345000E+03  0.0000000E+00  7.2838756E+03  3.4344219E-02  0.0000000E+00  1.7651053E+03  2.4155371E+03  0.0000000E+00  0.0000000E+00  0.0000000E+00  0.0000000E+00  0.0000000E+00  7.2236763E+03  2.3459056E-03
     2.0680000E+03    235.4748123  7.6885600E+06 -7.2530000E+03  0.0000000E+00  6.6034874E+03  3.4296613E-02  0.0000000E+00  1.7590721E+03  2.4087410E+03  0.0000000E+00  0.0000000E+00  0.0000000E+00  0.0000000E+00  0.0000000E+00  7.1879214E+03 -1.3544965E-03
     2.0690000E+03    235.4641828  7.6808660E+06 -7.6940000E+03  0.0000000E+00  7.0465517E+03  3.4249090E-02  0.0000000E+00  1.7536479E+03  2.4010449E+03  0.0000000E+00  0.0000000E+00  0.0000000E+00  0.0000000E+00  0.0000000E+00  7.1526333E+03  9.0445456E-04
     2.0700000E+03    235.4520471  7.6720820E+06 -8.7840000E+03  0.0000000E+00  8.1424602E+03  3.4201648E-02  0.0000000E+00  1.7487119E+03  2.3903320E+03  0.0000000E+00  0.0000000E+00  0.0000000E+00  0.0000000E+00  0.0000000E+00  7.1177505E+03 -4.3576706E-04
     2.0710000E+03    235.4411685  7.6642080E+06 -7.8740000E+03  0.0000000E+00  7.2363632E+03  3.4154288E-02  0.0000000E+00  1.7438135E+03  2.3817063E+03  0.0000000E+00  0.0000000E+00  0.0000000E+00  0.0000000E+00  0.0000000E+00  7.0831318E+03 -2.3048252E-03
     2.0720000E+03    235.4303995  7.6564130E+06 -7.7950000E+03  0.0000000E+00  7.1599307E+03  3.4107011E-02  0.0000000E+00  1.7391129E+03  2.3740515E+03  0.0000000E+00  0.0000000E+00  0.0000000E+00  0.0000000E+00  0.0000000E+00  7.0489302E+03  1.7259397E-03
     2.0730000E+03    235.4174545  7.6470430E+06 -9.3700000E+03  0.0000000E+00  8.7423126E+03  3.4059811E-02  0.0000000E+00  1.7350117E+03  2.3625693E+03  0.0000000E+00  0.0000000E+00  0.0000000E+00  0.0000000E+00  0.0000000E+00  7.0146895E+03  1.4773908E-03
     2.0740000E+03    235.4050934  7.6380960E+06 -8.9470000E+03  0.0000000E+00  8.3266247E+03  3.4012698E-02  0.0000000E+00  1.7310419E+03  2.3517417E+03  0.0000000E+00  0.0000000E+00  0.0000000E+00  0.0000000E+00  0.0000000E+00  6.9801289E+03 -2.7252820E-03
     2.0750000E+03    235.3934748  7.6296860E+06 -8.4100000E+03  0.0000000E+00  7.7943312E+03  3.3965662E-02  0.0000000E+00  1.7272654E+03  2.3427456E+03  0.0000000E+00  0.0000000E+00  0.0000000E+00  0.0000000E+00  0.0000000E+00  6.9462949E+03  2.1964544E-03
     2.0760000E+03    235.3801722  7.6200575E+06 -9.6285000E+03  0.0000000E+00  9.0214091E+03  3.3918705E-02  0.0000000E+00  1.7238533E+03  2.3311948E+03  0.0000000E+00  0.0000000E+00  0.0000000E+00  0.0000000E+00  0.0000000E+00  6.9120923E+03 -1.9096666E-03
     2.0770000E+03    235.3650921  7.6091420E+06 -1.0915500E+04  0.0000000E+00  1.0319525E+04  3.3871830E-02  0.0000000E+00  1.7208752E+03  2.3167383E+03  0.0000000E+00  0.0000000E+00  0.0000000E+00  0.0000000E+00  0.0000000E+00  6.8768608E+03  1.1515098E-03
     2.0780000E+03    235.3502870  7.5984260E+06 -1.0716000E+04  0.0000000E+00  1.0131147E+04  3.3825040E-02  0.0000000E+00  1.7181129E+03  2.3032334E+03  0.0000000E+00  0.0000000E+00  0.0000000E+00  0.0000000E+00  0.0000000E+00  6.8412124E+03 -1.8848948E-03
     2.0790000E+03    235.3372420  7.5889835E+06 -9.4425000E+03  0.0000000E+00  8.8639636E+03  3.3778325E-02  0.0000000E+00  1.7152917E+03  2.2936016E+03  0.0000000E+00  0.0000000E+00  0.0000000E+00  0.0000000E+00  0.0000000E+00  6.8052969E+03  2.3281570E-03
     2.0800000E+03    235.3266989  7.5813520E+06 -7.6315000E+03  0.0000000E+00  7.0545798E+03  3.3731695E-02  0.0000000E+00  1.7121683E+03  2.2890024E+03  0.0000000E+00  0.0000000E+00  0.0000000E+00  0.0000000E+00  0.0000000E+00  6.7705498E+03  1.2855582E-03
     2.0810000E+03    235.3172703  7.5745275E+06 -6.8245000E+03  0.0000000E+00  6.2471968E+03  3.3685140E-02  0.0000000E+00  1.7091532E+03  2.2866118E+03  0.0000000E+00  0.0000000E+00  0.0000000E+00  0.0000000E+00  0.0000000E+00  6.7376626E+03 -1.4247100E-03
     2.0820000E+03    235.3056026  7.5660820E+06 -8.4455000E+03  0.0000000E+00  7.8721511E+03  3.3638667E-02  0.0000000E+00  1.7066901E+03  2.2798975E+03  0.0000000E+00  0.0000000E+00  0.0000000E+00  0.0000000E+00  0.0000000E+00  6.7059858E+03  1.7218661E-03
     2.0830000E+03    235.2931907  7.5570980E+06 -8.9840000E+03  0.0000000E+00  8.4176852E+03  3.3592269E-02  0.0000000E+00  1.7044299E+03  2.2707795E+03  0.0000000E+00  0.0000000E+00  0.0000000E+00  0.0000000E+00  0.0000000E+00  6.6745923E+03 -9.1366019E-06
     2.0840000E+03    235.2825008  7.5493605E+06 -7.7375000E+03  0.0000000E+00  7.1751618E+03  3.3545956E-02  0.0000000E+00  1.7019919E+03  2.2644707E+03  0.0000000E+00  0.0000000E+00  0.0000000E+00  0.0000000E+00  0.0000000E+00  6.6436460E+03 -1.1379878E-03
     2.0850000E+03    235.2740695  7.5432580E+06 -6.1025000E+03  0.0000000E+00  5.5393528E+03  3.3499721E-02  0.0000000E+00  1.6991375E+03  2.2625435E+03  0.0000000E+00  0.0000000E+00  0.0000000E+00  0.0000000E+00  0.0000000E+00  6.6139727E+03 -2.8914243E-03
     2.0860000E+03    235.2638470  7.5358585E+06 -7.3995000E+03  0.0000000E+00  6.8390574E+03  3.3453561E-02  0.0000000E+00  1.6970345E+03  2.2573323E+03  0.0000000E+00  0.0000000E+00  0.0000000E+00  0.0000000E+00  0.0000000E+00  6.5862080E+03  1.9592680E-03
     2.0870000E+03    235.2513412  7.5268065E+06 -9.0520000E+03  0.0000000E+00  8.4996149E+03  3.3407483E-02  0.0000000E+00  1.6949833E+03  2.2473643E+03  0.0000000E+00  0.0000000E+00  0.0000000E+00  0.0000000E+00  0.0000000E+00  6.5581743E+03  3.4530050E-04
     2.0880000E+03    235.2388194  7.5177430E+06 -9.0635000E+03  0.0000000E+00  8.5197233E+03  3.3361480E-02  0.0000000E+00  1.6930387E+03  2.2369329E+03  0.0000000E+00  0.0000000E+00  0.0000000E+00  0.0000000E+00  0.0000000E+00  6.5296982E+03 -7.8076654E-04
     2.0890000E+03    235.2263393  7.5087095E+06 -9.0335000E+03  0.0000000E+00  8.4974082E+03  3.3315558E-02  0.0000000E+00  1.6911478E+03  2.2270898E+03  0.0000000E+00  0.0000000E+00  0.0000000E+00  0.0000000E+00  0.0000000E+00  6.5009854E+03  1.7119100E-03
     2.0900000E+03    235.2162454  7.5014035E+06 -7.3060000E+03  0.0000000E+00  6.7736705E+03  3.3269711E-02  0.0000000E+00  1.6889741E+03  2.2215813E+03  0.0000000E+00  0.0000000E+00  0.0000000E+00  0.0000000E+00  0.0000000E+00  6.4728389E+03 -2.7195336E-03
     2.0910000E+03    235.2057821  7.4938300E+06 -7.5735000E+03  0.0000000E+00  7.0444012E+03  3.3223949E-02  0.0000000E+00  1.6868503E+03  2.2160625E+03  0.0000000E+00  0.0000000E+00  0.0000000E+00  0.0000000E+00  0.0000000E+00  6.4450679E+03 -8.6473126E-04
     2.0920000E+03    235.1935372  7.4849665E+06 -8.8635000E+03  0.0000000E+00  8.3410730E+03  3.3178259E-02  0.0000000E+00  1.6850715E+03  2.2071318E+03  0.0000000E+00  0.0000000E+00  0.0000000E+00  0.0000000E+00  0.0000000E+00  6.4174102E+03  3.7865594E-03
     2.0930000E+03    235.1825115  7.4769860E+06 -7.9805000E+03  0.0000000E+00  7.4641619E+03  3.3132650E-02  0.0000000E+00  1.6831914E+03  2.1997390E+03  0.0000000E+00  0.0000000E+00  0.0000000E+00  0.0000000E+00  0.0000000E+00  6.3895752E+03 -1.8290523E-03
     2.0940000E+03    235.1724857  7.4697290E+06 -7.2570000E+03  0.0000000E+00  6.7428769E+03  3.3087116E-02  0.0000000E+00  1.6812303E+03  2.1952532E+03  0.0000000E+00  0.0000000E+00  0.0000000E+00  0.0000000E+00  0.0000000E+00  6.3622041E+03  1.4968350E-03
     2.0950000E+03    235.1618894  7.4620595E+06 -7.6695000E+03  0.0000000E+00  7.1593749E+03  3.3041656E-02  0.0000000E+00  1.6793733E+03  2.1899033E+03  0.0000000E+00  0.0000000E+00  0.0000000E+00  0.0000000E+00  0.0000000E+00  6.3349272E+03 -3.9796690E-03
     2.0960000E+03    235.1510972  7.4542475E+06 -7.8120000E+03  0.0000000E+00  7.3055063E+03  3.2996282E-02  0.0000000E+00  1.6774760E+03  2.1835874E+03  0.0000000E+00  0.0000000E+00  0.0000000E+00  0.0000000E+00  0.0000000E+00  6.3105356E+03  4.3738536E-03
     2.0970000E+03    235.1401902  7.4463530E+06 -7.8945000E+03  0.0000000E+00  7.3934197E+03  3.2950982E-02  0.0000000E+00  1.6755840E+03  2.1769866E+03  0.0000000E+00  0.0000000E+00  0.0000000E+00  0.0000000E+00  0.0000000E+00  6.2870503E+03 -3.0203785E-03
     2.0980000E+03    235.1262506  7.4362630E+06 -1.0090000E+04  0.0000000E+00  9.5984129E+03  3.2905757E-02  0.0000000E+00  1.6741223E+03  2.1654797E+03  0.0000000E+00  0.0000000E+00  0.0000000E+00  0.0000000E+00  0.0000000E+00  6.2619282E+03  2.2330645E-03
     2.0990000E+03    235.1119558  7.4259165E+06 -1.0346500E+04  0.0000000E+00  9.8667778E+03  3.2860611E-02  0.0000000E+00  1.6728040E+03  2.1529517E+03  0.0000000E+00  0.0000000E+00  0.0000000E+00  0.0000000E+00  0.0000000E+00  6.2358994E+03 -3.2742389E-03
     2.1000000E+03    235.1007764  7.4178245E+06 -8.0920000E+03  0.0000000E+00  7.6169076E+03  3.2815538E-02  0.0000000E+00  1.6710973E+03  2.1461172E+03  0.0000000E+00  0.0000000E+00  0.0000000E+00  0.0000000E+00  0.0000000E+00  6.2103418E+03  1.0702849E-03
     2.1010000E+03    235.0900641  7.4100705E+06 -7.7540000E+03  0.0000000E+00  7.2821070E+03  3.2770544E-02  0.0000000E+00  1.6692880E+03  2.1410842E+03  0.0000000E+00  0.0000000E+00  0.0000000E+00  0.0000000E+00  0.0000000E+00  6.1855020E+03  1.3731498E-03
     2.1020000E+03    235.0790105  7.4020695E+06 -8.0010000E+03  0.0000000E+00  7.5332002E+03  3.2725625E-02  0.0000000E+00  1.6675657E+03  2.1352339E+03  0.0000000E+00  0.0000000E+00  0.0000000E+00  0.0000000E+00  0.0000000E+00  6.1612720E+03  1.7069887E-03
     2.1030000E+03    235.0674545  7.3937050E+06 -8.3645000E+03  0.0000000E+00  7.9022956E+03  3.2680787E-02  0.0000000E+00  1.6659332E+03  2.1281606E+03  0.0000000E+00  0.0000000E+00  0.0000000E+00  0.0000000E+00  0.0000000E+00  6.1371318E+03  9.7359727E-05
     2.1040000E+03    235.0547449  7.3845060E+06 -9.1990000E+03  0.0000000E+00  8.7449960E+03  3.2636017E-02  0.0000000E+00  1.6644938E+03  2.1189934E+03  0.0000000E+00  0.0000000E+00  0.0000000E+00  0.0000000E+00  0.0000000E+00  6.1128003E+03 -4.2607794E-03
     2.1050000E+03    235.0408536  7.3744510E+06 -1.0055000E+04  0.0000000E+00  9.6103760E+03  3.2591324E-02  0.0000000E+00  1.6632526E+03  2.1077671E+03  0.0000000E+00  0.0000000E+00  0.0000000E+00  0.0000000E+00  0.0000000E+00  6.0878247E+03  1.2167298E-03
     2.1060000E+03    235.0283582  7.3654065E+06 -9.0445000E+03  0.0000000E+00  8.6074461E+03  3.2546714E-02  0.0000000E+00  1.6618322E+03  2.0988396E+03  0.0000000E+00  0.0000000E+00  0.0000000E+00  0.0000000E+00  0.0000000E+00  6.0626216E+03  7.2971149E-04
     2.1070000E+03    235.0168827  7.3571005E+06 -8.3060000E+03  0.0000000E+00  7.8742935E+03  3.2502171E-02  0.0000000E+00  1.6602589E+03  2.0922090E+03  0.0000000E+00  0.0000000E+00  0.0000000E+00  0.0000000E+00  0.0000000E+00  6.0377070E+03 -2.1164648E-03
     2.1080000E+03    235.0059211  7.3491660E+06 -7.9345000E+03  0.0000000E+00  7.5063774E+03  3.2457706E-02  0.0000000E+00  1.6585862E+03  2.0865542E+03  0.0000000E+00  0.0000000E+00  0.0000000E+00  0.0000000E+00  0.0000000E+00  6.0131519E+03  1.9494741E-03
     2.1090000E+03    234.9949508  7.3412930E+06 -7.8730000E+03  0.0000000E+00  7.4489842E+03  3.2413315E-02  0.0000000E+00  1.6569316E+03  2.0807422E+03  0.0000000E+00  0.0000000E+00  0.0000000E+00  0.0000000E+00  0.0000000E+00  5.9889873E+03  2.4901521E-03
     2.1100000E+03    234.9847916  7.3340760E+06 -7.2170000E+03  0.0000000E+00  6.7965325E+03  3.2368999E-02  0.0000000E+00  1.6551886E+03  2.0759124E+03  0.0000000E+00  0.0000000E+00  0.0000000E+00  0.0000000E+00  0.0000000E+00  5.9653379E+03 -2.5315385E-03
     2.1110000E+03    234.9745331  7.3267880E+06 -7.2880000E+03  0.0000000E+00  6.8704354E+03  3.2324757E-02  0.0000000E+00  1.6534648E+03  2.0708459E+03  0.0000000E+00  0.0000000E+00  0.0000000E+00  0.0000000E+00  0.0000000E+00  5.9420967E+03  2.4137516E-03
     2.1120000E+03    234.9618230  7.3177590E+06 -9.0290000E+03  0.0000000E+00  8.6198740E+03  3.2280590E-02  0.0000000E+00  1.6521040E+03  2.0616196E+03  0.0000000E+00  0.0000000E+00  0.0000000E+00  0.0000000E+00  0.0000000E+00  5.9183857E+03 -3.3461787E-03
     2.1130000E+03    234.9475860  7.3076445E+06 -1.0114500E+04  0.0000000E+00  9.7157229E+03  3.2236502E-02  0.0000000E+00  1.6510170E+03  2.0494333E+03  0.0000000E+00  0.0000000E+00  0.0000000E+00  0.0000000E+00  0.0000000E+00  5.8936699E+03  3.3367863E-03
     2.1140000E+03    234.9355962  7.2991270E+06 -8.5175000E+03  0.0000000E+00  8.1264597E+03  3.2192484E-02  0.0000000E+00  1.6496332E+03  2.0408785E+03  0.0000000E+00  0.0000000E+00  0.0000000E+00  0.0000000E+00  0.0000000E+00  5.8686484E+03 -1.7000671E-03
     2.1150000E+03    234.9246589  7.2913570E+06 -7.7700000E+03  0.0000000E+00  7.3830710E+03  3.2148536E-02  0.0000000E+00  1.6480706E+03  2.0350117E+03  0.0000000E+00  0.0000000E+00  0.0000000E+00  0.0000000E+00  0.0000000E+00  5.8439395E+03  2.1774934E-04
     2.1160000E+03    234.9143399  7.2840265E+06 -7.3305000E+03  0.0000000E+00  6.9469645E+03  3.2104671E-02  0.0000000E+00  1.6464392E+03  2.0302385E+03  0.0000000E+00  0.0000000E+00  0.0000000E+00  0.0000000E+00  0.0000000E+00  5.8198452E+03 -2.5835840E-03
     2.1170000E+03    234.9039787  7.2766655E+06 -7.3610000E+03  0.0000000E+00  6.9803197E+03  3.2060876E-02  0.0000000E+00  1.6448007E+03  2.0252411E+03  0.0000000E+00  0.0000000E+00  0.0000000E+00  0.0000000E+00  0.0000000E+00  5.7961025E+03  3.0254745E-03
     2.1180000E+03    234.8922018  7.2682990E+06 -8.3665000E+03  0.0000000E+00  7.9921110E+03  3.2017153E-02  0.0000000E+00  1.6433845E+03  2.0177639E+03  0.0000000E+00  0.0000000E+00  0.0000000E+00  0.0000000E+00  0.0000000E+00  5.7722988E+03  4.0975161E-04
     2.1190000E+03    234.8810303  7.2603630E+06 -7.9360000E+03  0.0000000E+00  7.5675261E+03  3.1973507E-02  0.0000000E+00  1.6419170E+03  2.0107502E+03  0.0000000E+00  0.0000000E+00  0.0000000E+00  0.0000000E+00  0.0000000E+00  5.7484028E+03 -3.4155252E-03
     2.1200000E+03    234.8705044  7.2528850E+06 -7.4780000E+03  0.0000000E+00  7.1131387E+03  3.1929933E-02  0.0000000E+00  1.6403677E+03  2.0049504E+03  0.0000000E+00  0.0000000E+00  0.0000000E+00  0.0000000E+00  0.0000000E+00  5.7247832E+03  3.4058329E-03
     2.1210000E+03    234.8596252  7.2451565E+06 -7.7285000E+03  0.0000000E+00  7.3689380E+03  3.1886429E-02  0.0000000E+00  1.6388635E+03  1.9986759E+03  0.0000000E+00  0.0000000E+00  0.0000000E+00  0.0000000E+00  0.0000000E+00  5.7011772E+03 -2.3351731E-03
     2.1220000E+03    234.8492654  7.2377965E+06 -7.3600000E+03  0.0000000E+00  7.0041470E+03  3.1842999E-02  0.0000000E+00  1.6373358E+03  1.9929716E+03  0.0000000E+00  0.0000000E+00  0.0000000E+00  0.0000000E+00  0.0000000E+00  5.6778838E+03  2.7732404E-03
     2.1230000E+03    234.8377724  7.2296320E+06 -8.1645000E+03  0.0000000E+00  7.8151149E+03  3.1799641E-02  0.0000000E+00  1.6359362E+03  1.9856058E+03  0.0000000E+00  0.0000000E+00  0.0000000E+00  0.0000000E+00  0.0000000E+00  5.6568789E+03 -2.5807254E-03
     2.1240000E+03    234.8237598  7.2196770E+06 -9.9550000E+03  0.0000000E+00  9.6154901E+03  3.1756360E-02  0.0000000E+00  1.6349216E+03  1.9741603E+03  0.0000000E+00  0.0000000E+00  0.0000000E+00  0.0000000E+00  0.0000000E+00  5.6351768E+03  2.6121095E-03
     2.1250000E+03    234.8091985  7.2093330E+06 -1.0344000E+04  0.0000000E+00  1.0016882E+04  3.1713147E-02  0.0000000E+00  1.6340342E+03  1.9616440E+03  0.0000000E+00  0.0000000E+00  0.0000000E+00  0.0000000E+00  0.0000000E+00  5.6124478E+03 -3.8317270E-03
     2.1260000E+03    234.7959334  7.1999090E+06 -9.4240000E+03  0.0000000E+00  9.1051026E+03  3.1670008E-02  0.0000000E+00  1.6329611E+03  1.9516061E+03  0.0000000E+00  0.0000000E+00  0.0000000E+00  0.0000000E+00  0.0000000E+00  5.5892935E+03  2.5613690E-03
     2.1270000E+03    234.7831016  7.1907930E+06 -9.1160000E+03  0.0000000E+00  8.8046371E+03  3.1626940E-02  0.0000000E+00  1.6318107E+03  1.9430096E+03  0.0000000E+00  0.0000000E+00  0.0000000E+00  0.0000000E+00  0.0000000E+00  5.5660356E+03  1.8172583E-03
     2.1280000E+03    234.7698068  7.1813485E+06 -9.4445000E+03  0.0000000E+00  9.1415889E+03  3.1583946E-02  0.0000000E+00  1.6307328E+03  1.9339821E+03  0.0000000E+00  0.0000000E+00  0.0000000E+00  0.0000000E+00  0.0000000E+00  5.5425962E+03 -2.7686213E-03
     2.1290000E+03    234.7567726  7.1720890E+06 -9.2595000E+03  0.0000000E+00  8.9639779E+03  3.1541023E-02  0.0000000E+00  1.6296377E+03  1.9253167E+03  0.0000000E+00  0.0000000E+00  0.0000000E+00  0.0000000E+00  0.0000000E+00  5.5190483E+03 -1.1479164E-03
     2.1300000E+03    234.7432692  7.1624960E+06 -9.5930000E+03  0.0000000E+00  9.3054381E+03  3.1498171E-02  0.0000000E+00  1.6286096E+03  1.9161523E+03  0.0000000E+00  0.0000000E+00  0.0000000E+00  0.0000000E+00  0.0000000E+00  5.4953062E+03  4.5253165E-04
     2.1310000E+03    234.7301013  7.1531415E+06 -9.3545000E+03  0.0000000E+00  9.0746931E+03  3.1455390E-02  0.0000000E+00  1.6275156E+03  1.9074464E+03  0.0000000E+00  0.0000000E+00  0.0000000E+00  0.0000000E+00  0.0000000E+00  5.4713794E+03 -8.4476650E-04
     2.1320000E+03    234.7176697  7.1443095E+06 -8.8320000E+03  0.0000000E+00  8.5579531E+03  3.1412683E-02  0.0000000E+00  1.6263512E+03  1.9000195E+03  0.0000000E+00  0.0000000E+00  0.0000000E+00  0.0000000E+00  0.0000000E+00  5.4476665E+03  3.9219479E-03
     2.1330000E+03    234.7073434  7.1369740E+06 -7.3355000E+03  0.0000000E+00  7.0650275E+03  3.1370044E-02  0.0000000E+00  1.6248701E+03  1.8957892E+03  0.0000000E+00  0.0000000E+00  0.0000000E+00  0.0000000E+00  0.0000000E+00  5.4246870E+03 -4.6317102E-03
     2.1340000E+03    234.6972790  7.1298240E+06 -7.1500000E+03  0.0000000E+00  6.8810138E+03  3.1327479E-02  0.0000000E+00  1.6232660E+03  1.8921476E+03  0.0000000E+00  0.0000000E+00  0.0000000E+00  0.0000000E+00  0.0000000E+00  5.4024028E+03  1.5528094E-03
     2.1350000E+03    234.6857172  7.1216105E+06 -8.2135000E+03  0.0000000E+00  7.9497108E+03  3.1284984E-02  0.0000000E+00  1.6219706E+03  1.8859146E+03  0.0000000E+00  0.0000000E+00  0.0000000E+00  0.0000000E+00  0.0000000E+00  5.3803882E+03 -1.2510326E-03
     2.1360000E+03    234.6747051  7.1137870E+06 -7.8235000E+03  0.0000000E+00  7.5639266E+03  3.1242559E-02  0.0000000E+00  1.6205718E+03  1.8797928E+03  0.0000000E+00  0.0000000E+00  0.0000000E+00  0.0000000E+00  0.0000000E+00  5.3585020E+03  4.0587904E-03
     2.1370000E+03    234.6642217  7.1063395E+06 -7.4475000E+03  0.0000000E+00  7.1921128E+03  3.1200206E-02  0.0000000E+00  1.6191063E+03  1.8744883E+03  0.0000000E+00  0.0000000E+00  0.0000000E+00  0.0000000E+00  0.0000000E+00  5.3369521E+03  3.9852652E-04
     2.1380000E+03    234.6538907  7.0990005E+06 -7.3390000E+03  0.0000000E+00  7.0875273E+03  3.1157920E-02  0.0000000E+00  1.6175388E+03  1.8693445E+03  0.0000000E+00  0.0000000E+00  0.0000000E+00  0.0000000E+00  0.0000000E+00  5.3156460E+03 -3.3744604E-03
     2.1390000E+03    234.6442719  7.0921670E+06 -6.8335000E+03  0.0000000E+00  6.5842595E+03  3.1115707E-02  0.0000000E+00  1.6159730E+03  1.8650323E+03  0.0000000E+00  0.0000000E+00  0.0000000E+00  0.0000000E+00  0.0000000E+00  5.2948149E+03  2.5080689E-03
     2.1400000E+03    234.6341620  7.0849850E+06 -7.1820000E+03  0.0000000E+00  6.9367085E+03  3.1073565E-02  0.0000000E+00  1.6144525E+03  1.8599705E+03  0.0000000E+00  0.0000000E+00  0.0000000E+00  0.0000000E+00  0.0000000E+00  5.2742847E+03 -2.2202982E-03
     2.1410000E+03    234.6236341  7.0775060E+06 -7.4790000E+03  0.0000000E+00  7.2381543E+03  3.1031493E-02  0.0000000E+00  1.6129846E+03  1.8539878E+03  0.0000000E+00  0.0000000E+00  0.0000000E+00  0.0000000E+00  0.0000000E+00  5.2539092E+03 -1.3962949E-03
     2.1420000E+03    234.6137232  7.0704650E+06 -7.0410000E+03  0.0000000E+00  6.8034333E+03  3.0989489E-02  0.0000000E+00  1.6113964E+03  1.8487891E+03  0.0000000E+00  0.0000000E+00  0.0000000E+00  0.0000000E+00  0.0000000E+00  5.2337446E+03  2.3645929E-03
     2.1430000E+03    234.6037838  7.0634040E+06 -7.0610000E+03  0.0000000E+00  6.8272597E+03  3.0947559E-02  0.0000000E+00  1.6098190E+03  1.8436506E+03  0.0000000E+00  0.0000000E+00  0.0000000E+00  0.0000000E+00  0.0000000E+00  5.2138042E+03 -6.9264462E-04
     2.1440000E+03    234.5935547  7.0561370E+06 -7.2670000E+03  0.0000000E+00  7.0371954E+03  3.0905694E-02  0.0000000E+00  1.6082913E+03  1.8379709E+03  0.0000000E+00  0.0000000E+00  0.0000000E+00  0.0000000E+00  0.0000000E+00  5.1939028E+03  1.7605304E-03
     2.1450000E+03    234.5824876  7.0482750E+06 -7.8620000E+03  0.0000000E+00  7.6381198E+03  3.0863905E-02  0.0000000E+00  1.6069263E+03  1.8310034E+03  0.0000000E+00  0.0000000E+00  0.0000000E+00  0.0000000E+00  0.0000000E+00  5.1738887E+03 -1.7532313E-03
     2.1460000E+03    234.5713882  7.0403900E+06 -7.8850000E+03  0.0000000E+00  7.6669140E+03  3.0822176E-02  0.0000000E+00  1.6056019E+03  1.8238502E+03  0.0000000E+00  0.0000000E+00  0.0000000E+00  0.0000000E+00  0.0000000E+00  5.1537129E+03 -1.3890971E-03
     2.1470000E+03    234.5608688  7.0329165E+06 -7.4735000E+03  0.0000000E+00  7.2596755E+03  3.0780524E-02  0.0000000E+00  1.6041010E+03  1.8176082E+03  0.0000000E+00  0.0000000E+00  0.0000000E+00  0.0000000E+00  0.0000000E+00  5.1334028E+03  3.8407175E-03
     2.1480000E+03    234.5512873  7.0261100E+06 -6.8065000E+03  0.0000000E+00  6.5964894E+03  3.0738935E-02  0.0000000E+00  1.6025093E+03  1.8128485E+03  0.0000000E+00  0.0000000E+00  0.0000000E+00  0.0000000E+00  0.0000000E+00  5.1133066E+03 -3.5419145E-03
     2.1490000E+03    234.5419429  7.0194715E+06 -6.6385000E+03  0.0000000E+00  6.4308029E+03  3.0697420E-02  0.0000000E+00  1.6009894E+03  1.8085436E+03  0.0000000E+00  0.0000000E+00  0.0000000E+00  0.0000000E+00  0.0000000E+00  5.0935728E+03  2.1038058E-03
     2.1500000E+03    234.5329709  7.0130975E+06 -6.3740000E+03  0.0000000E+00  6.1685936E+03  3.0655971E-02  0.0000000E+00  1.5993450E+03  1.8046064E+03  0.0000000E+00  0.0000000E+00  0.0000000E+00  0.0000000E+00  0.0000000E+00  5.0742173E+03  2.1985271E-03
     2.1510000E+03    234.5226871  7.0057920E+06 -7.3055000E+03  0.0000000E+00  7.1047820E+03  3.0614588E-02  0.0000000E+00  1.5978237E+03  1.7987552E+03  0.0000000E+00  0.0000000E+00  0.0000000E+00  0.0000000E+00  0.0000000E+00  5.0547764E+03 -2.0510633E-03
     2.1520000E+03    234.5134415  6.9992240E+06 -6.5680000E+03  0.0000000E+00  6.3693937E+03  3.0573277E-02  0.0000000E+00  1.5960607E+03  1.7948800E+03  0.0000000E+00  0.0000000E+00  0.0000000E+00  0.0000000E+00  0.0000000E+00  5.0352627E+03 -2.2308037E-03
     2.1530000E+03    234.5039211  6.9924605E+06 -6.7635000E+03  0.0000000E+00  6.5690133E+03  3.0532032E-02  0.0000000E+00  1.5944895E+03  1.7889167E+03  0.0000000E+00  0.0000000E+00  0.0000000E+00  0.0000000E+00  0.0000000E+00  5.0159478E+03  1.0807944E-03
     2.1540000E+03    234.4944685  6.9857450E+06 -6.7155000E+03  0.0000000E+00  6.5244219E+03  3.0490855E-02  0.0000000E+00  1.5929462E+03  1.7837798E+03  0.0000000E+00  0.0000000E+00  0.0000000E+00  0.0000000E+00  0.0000000E+00  4.9967559E+03  3.3146841E-03
     2.1550000E+03    234.4863887  6.9800050E+06 -5.7400000E+03  0.0000000E+00  5.5507697E+03  3.0449746E-02  0.0000000E+00  1.5912721E+03  1.7804872E+03  0.0000000E+00  0.0000000E+00  0.0000000E+00  0.0000000E+00  0.0000000E+00  4.9780654E+03  6.2606507E-04
     2.1560000E+03    234.4768620  6.9732375E+06 -6.7675000E+03  0.0000000E+00  6.5821619E+03  3.0408708E-02  0.0000000E+00  1.5896621E+03  1.7754385E+03  0.0000000E+00  0.0000000E+00  0.0000000E+00  0.0000000E+00  0.0000000E+00  4.9594678E+03 -4.8842141E-03
     2.1570000E+03    234.4658414  6.9654080E+06 -7.8295000E+03  0.0000000E+00  7.6497021E+03  3.0367734E-02  0.0000000E+00  1.5884008E+03  1.7678982E+03  0.0000000E+00  0.0000000E+00  0.0000000E+00  0.0000000E+00  0.0000000E+00  4.9405415E+03  3.5100917E-03
     2.1580000E+03    234.4550358  6.9577315E+06 -7.6765000E+03  0.0000000E+00  7.5028846E+03  3.0326832E-02  0.0000000E+00  1.5868994E+03  1.7604567E+03  0.0000000E+00  0.0000000E+00  0.0000000E+00  0.0000000E+00  0.0000000E+00  4.9211982E+03  9.4880041E-04
     2.1590000E+03    234.4454403  6.9509150E+06 -6.8165000E+03  0.0000000E+00  6.6475070E+03  3.0285994E-02  0.0000000E+00  1.5856569E+03  1.7548884E+03  0.0000000E+00  0.0000000E+00  0.0000000E+00  0.0000000E+00  0.0000000E+00  4.9020820E+03 -2.4813886E-03
     2.1600000E+03    234.4350348  6.9435230E+06 -7.3920000E+03  0.0000000E+00  7.2278905E+03  3.0245224E-02  0.0000000E+00  1.5843359E+03  1.7486764E+03  0.0000000E+00  0.0000000E+00  0.0000000E+00  0.0000000E+00  0.0000000E+00  4.8829727E+03 -2.2410781E-03
     2.1610000E+03    234.4250721  6.9364450E+06 -7.0780000E+03  0.0000000E+00  6.9177985E+03  3.0204518E-02  0.0000000E+00  1.5829980E+03  1.7428447E+03  0.0000000E+00  0.0000000E+00  0.0000000E+00  0.0000000E+00  0.0000000E+00  4.8638877E+03  4.4539673E-03
     2.1620000E+03    234.4138788  6.9284935E+06 -7.9515000E+03  0.0000000E+00  7.7981143E+03  3.0163884E-02  0.0000000E+00  1.5818564E+03  1.7355743E+03  0.0000000E+00  0.0000000E+00  0.0000000E+00  0.0000000E+00  0.0000000E+00  4.8446104E+03 -3.1651738E-03
     2.1630000E+03    234.4045171  6.9218425E+06 -6.6510000E+03  0.0000000E+00  6.5007435E+03  3.0123319E-02  0.0000000E+00  1.5805121E+03  1.7304890E+03  0.0000000E+00  0.0000000E+00  0.0000000E+00  0.0000000E+00  0.0000000E+00  4.8255254E+03  3.7609229E-03
     2.1640000E+03    234.3953430  6.9153255E+06 -6.5170000E+03  0.0000000E+00  6.3702990E+03  3.0082816E-02  0.0000000E+00  1.5791157E+03  1.7262090E+03  0.0000000E+00  0.0000000E+00  0.0000000E+00  0.0000000E+00  0.0000000E+00  4.8067456E+03 -4.4748266E-03
     2.1650000E+03    234.3862527  6.9088675E+06 -6.4580000E+03  0.0000000E+00  6.3136306E+03  3.0042376E-02  0.0000000E+00  1.5777374E+03  1.7219661E+03  0.0000000E+00  0.0000000E+00  0.0000000E+00  0.0000000E+00  0.0000000E+00  4.7882529E+03  2.1267673E-03
     2.1660000E+03    234.3778593  6.9029050E+06 -5.9625000E+03  0.0000000E+00  5.8207134E+03  3.0002011E-02  0.0000000E+00  1.5762766E+03  1.7183679E+03  0.0000000E+00  0.0000000E+00  0.0000000E+00  0.0000000E+00  0.0000000E+00  4.7701421E+03 -3.6398873E-03
     2.1670000E+03    234.3694866  6.8969565E+06 -5.9485000E+03  0.0000000E+00  5.8080761E+03  2.9961707E-02  0.0000000E+00  1.5748018E+03  1.7148531E+03  0.0000000E+00  0.0000000E+00  0.0000000E+00  0.0000000E+00  0.0000000E+00  4.7523086E+03  5.3482326E-03
     2.1680000E+03    234.3611734  6.8910510E+06 -5.9055000E+03  0.0000000E+00  5.7667687E+03  2.9921468E-02  0.0000000E+00  1.5731183E+03  1.7121052E+03  0.0000000E+00  0.0000000E+00  0.0000000E+00  0.0000000E+00  0.0000000E+00  4.7344258E+03 -3.0163089E-03
     2.1690000E+03    234.3541309  6.8860480E+06 -5.0030000E+03  0.0000000E+00  4.8647690E+03  2.9881299E-02  0.0000000E+00  1.5714346E+03  1.7098105E+03  0.0000000E+00  0.0000000E+00  0.0000000E+00  0.0000000E+00  0.0000000E+00  4.7169028E+03 -1.7527262E-03
     2.1700000E+03    234.3463692  6.8805340E+06 -5.5140000E+03  0.0000000E+00  5.6052591E+03  2.9841196E-02  0.0000000E+00  1.5695483E+03  1.7273568E+03  0.0000000E+00  0.0000000E+00  0.0000000E+00  0.0000000E+00  0.0000000E+00  4.6982368E+03 -3.3963060E+00
     2.1710000E+03    234.3371799  6.8740055E+06 -6.5285000E+03  0.0000000E+00  6.3953372E+03  2.9801155E-02  0.0000000E+00  1.5682930E+03  1.7011783E+03  0.0000000E+00  0.0000000E+00  0.0000000E+00  0.0000000E+00  0.0000000E+00  4.6812119E+03  3.7933467E-03
     2.1720000E+03    234.3266858  6.8665505E+06 -7.4550000E+03  0.0000000E+00  7.3282027E+03  2.9761184E-02  0.0000000E+00  1.5671041E+03  1.6940608E+03  0.0000000E+00  0.0000000E+00  0.0000000E+00  0.0000000E+00  0.0000000E+00  4.6637563E+03 -1.4395812E-03
     2.1730000E+03    234.3159167  6.8589000E+06 -7.6505000E+03  0.0000000E+00  7.5297028E+03  2.9721275E-02  0.0000000E+00  1.5658477E+03  1.6866484E+03  0.0000000E+00  0.0000000E+00  0.0000000E+00  0.0000000E+00  0.0000000E+00  4.6456104E+03  2.8079341E-04
     2.1740000E+03    234.3057651  6.8516885E+06 -7.2115000E+03  0.0000000E+00  7.0962509E+03  2.9681431E-02  0.0000000E+00  1.5647887E+03  1.6803937E+03  0.0000000E+00  0.0000000E+00  0.0000000E+00  0.0000000E+00  0.0000000E+00  4.6272905E+03 -3.7163619E-03
     2.1750000E+03    234.2967523  6.8452855E+06 -6.4030000E+03  0.0000000E+00  6.2904792E+03  2.9641654E-02  0.0000000E+00  1.5634115E+03  1.6757219E+03  0.0000000E+00  0.0000000E+00  0.0000000E+00  0.0000000E+00  0.0000000E+00  4.6090713E+03  3.0156705E-03
     2.1760000E+03    234.2888383  6.8396635E+06 -5.6220000E+03  0.0000000E+00  5.5105011E+03  2.9601943E-02  0.0000000E+00  1.5617345E+03  1.6734902E+03  0.0000000E+00  0.0000000E+00  0.0000000E+00  0.0000000E+00  0.0000000E+00  4.5910547E+03 -3.1605102E-03
     2.1770000E+03    234.2802591  6.8335685E+06 -6.0950000E+03  0.0000000E+00  5.9858501E+03  2.9562294E-02  0.0000000E+00  1.5602740E+03  1.6691765E+03  0.0000000E+00  0.0000000E+00  0.0000000E+00  0.0000000E+00  0.0000000E+00  4.5732441E+03  3.6230281E-03
     2.1780000E+03    234.2709750  6.8269730E+06 -6.5955000E+03  0.0000000E+00  6.4906174E+03  2.9522715E-02  0.0000000E+00  1.5589333E+03  1.6638785E+03  0.0000000E+00  0.0000000E+00  0.0000000E+00  0.0000000E+00  0.0000000E+00  4.5554482E+03 -4.0118783E-04
     2.1790000E+03    234.2633715  6.8215715E+06 -5.4015000E+03  0.0000000E+00  5.2977292E+03  2.9483195E-02  0.0000000E+00  1.5573792E+03  1.6613243E+03  0.0000000E+00  0.0000000E+00  0.0000000E+00  0.0000000E+00  0.0000000E+00  4.5378687E+03 -2.0768810E-03
     2.1800000E+03    234.2552995  6.8158370E+06 -5.7345000E+03  0.0000000E+00  5.6319894E+03  2.9443741E-02  0.0000000E+00  1.5558353E+03  1.6583096E+03  0.0000000E+00  0.0000000E+00  0.0000000E+00  0.0000000E+00  0.0000000E+00  4.5204551E+03  9.0418750E-04
     2.1810000E+03    234.2473230  6.8101705E+06 -5.6665000E+03  0.0000000E+00  5.5675623E+03  2.9404351E-02  0.0000000E+00  1.5544750E+03  1.6534722E+03  0.0000000E+00  0.0000000E+00  0.0000000E+00  0.0000000E+00  0.0000000E+00  4.5035259E+03 -4.1923960E-04
     2.1820000E+03    234.2404761  6.8053065E+06 -4.8640000E+03  0.0000000E+00  4.9714282E+03  2.9365025E-02  0.0000000E+00  1.5524589E+03  1.6703440E+03  0.0000000E+00  0.0000000E+00  0.0000000E+00  0.0000000E+00  0.0000000E+00  4.4856045E+03 -3.3919287E+00
     2.1830000E+03    234.2326648  6.7997570E+06 -5.5495000E+03  0.0000000E+00  5.4525164E+03  2.9325765E-02  0.0000000E+00  1.5510691E+03  1.6478081E+03  0.0000000E+00  0.0000000E+00  0.0000000E+00  0.0000000E+00  0.0000000E+00  4.4694531E+03  3.8510563E-03
     2.1840000E+03    234.2242934  6.7938100E+06 -5.9470000E+03  0.0000000E+00  5.8524848E+03  2.9286563E-02  0.0000000E+00  1.5494789E+03  1.6441874E+03  0.0000000E+00  0.0000000E+00  0.0000000E+00  0.0000000E+00  0.0000000E+00  4.4531162E+03 -2.1884709E-03
     2.1850000E+03    234.2400612  6.8050115E+06  1.1201500E+04  1.6078300E+04  5.1277624E+03  3.7410828E+02  0.0000000E+00  1.5451832E+03  1.6681846E+03  0.0000000E+00  0.0000000E+00  0.0000000E+00  0.0000000E+00  0.0000000E+00  4.4425859E+03  8.0305885E-04
     2.1860000E+03    234.2334233  6.8002960E+06 -4.7155000E+03  0.0000000E+00  4.5917670E+03  2.8385580E+00  0.0000000E+00  1.5430159E+03  1.6696960E+03  0.0000000E+00  0.0000000E+00  0.0000000E+00  0.0000000E+00  0.0000000E+00  4.4326353E+03 -1.7311999E-03
     2.1870000E+03    234.2266294  6.7954695E+06 -4.8265000E+03  0.0000000E+00  4.7042548E+03  1.8752590E-01  0.0000000E+00  1.5415879E+03  1.6640238E+03  0.0000000E+00  0.0000000E+00  0.0000000E+00  0.0000000E+00  0.0000000E+00  4.4220239E+03 -5.3671782E-05
     2.1880000E+03    234.2200511  6.7907960E+06 -4.6735000E+03  0.0000000E+00  4.5542741E+03  4.8494484E-02  0.0000000E+00  1.5399963E+03  1.6590522E+03  0.0000000E+00  0.0000000E+00  0.0000000E+00  0.0000000E+00  0.0000000E+00  4.4108735E+03  3.5206585E-03
     2.1890000E+03    234.2137191  6.7862980E+06 -4.4980000E+03  0.0000000E+00  4.3799066E+03  4.8405431E-02  0.0000000E+00  1.5383970E+03  1.6568535E+03  0.0000000E+00  0.0000000E+00  0.0000000E+00  0.0000000E+00  0.0000000E+00  4.3990742E+03 -5.2170600E-03
     2.1900000E+03    234.2072300  6.7816880E+06 -4.6100000E+03  0.0000000E+00  4.4953156E+03  4.8328370E-02  0.0000000E+00  1.5368557E+03  1.6515394E+03  0.0000000E+00  0.0000000E+00  0.0000000E+00  0.0000000E+00  0.0000000E+00  4.3869434E+03  7.9435948E-04
     2.1910000E+03    234.2005144  6.7769170E+06 -4.7710000E+03  0.0000000E+00  4.6602441E+03  4.8252646E-02  0.0000000E+00  1.5355785E+03  1.6462010E+03  0.0000000E+00  0.0000000E+00  0.0000000E+00  0.0000000E+00  0.0000000E+00  4.3750171E+03  2.8802378E-03
