 "GAGE No.   20:  Lake No. =     9 "
    "DATA: Time       Stage(H)         Volume     Vol.Change        Precip.          Evap.     LAK-Runoff     UZF-Runoff       GW-Inflw      GW-Outflw     LAK-to-UZF       SW-Inflw      SW-Outflw     Withdrawal     Lake-Inflx    Total-Cond.    Percent-Err "
     0.0000000E+00      8.8999996  5.4745742E+04  0.0000000E+00  0.0000000E+00  0.0000000E+00  0.0000000E+00  0.0000000E+00  0.0000000E+00  0.0000000E+00  0.0000000E+00  0.0000000E+00  0.0000000E+00  0.0000000E+00  0.0000000E+00  0.0000000E+00  0.0000000E+00
     1.0000000E+00     10.0249644  1.1379275E+05  5.9047008E+04  0.0000000E+00  3.6385424E+02  4.5074176E-02  0.0000000E+00  5.9410852E+04  0.0000000E+00  0.0000000E+00  0.0000000E+00  0.0000000E+00  0.0000000E+00  0.0000000E+00  7.0084648E+04  5.9174748E-05
     2.0000000E+00     10.9320087  1.5827178E+05  4.4479031E+04  0.0000000E+00  3.2046910E+02  4.5005370E-02  0.0000000E+00  4.4799461E+04  0.0000000E+00  0.0000000E+00  0.0000000E+00  0.0000000E+00  0.0000000E+00  0.0000000E+00  1.3126624E+04  1.7438808E-05
     3.0000000E+00     11.7048960  2.0380788E+05  4.5536094E+04  1.5930286E+03  3.6819536E+02  6.8444745E+02  0.0000000E+00  4.3715410E+04  8.8595772E+01  0.0000000E+00  0.0000000E+00  0.0000000E+00  0.0000000E+00  0.0000000E+00  4.8584219E+02  0.0000000E+00
     4.0000000E+00     12.3885043  2.4690978E+05  4.3101906E+04  1.0314171E+02  3.4999199E+02  3.9253235E+01  0.0000000E+00  4.3311504E+04  1.9904696E+00  0.0000000E+00  0.0000000E+00  0.0000000E+00  0.0000000E+00  0.0000000E+00  4.7854996E+02  1.7978824E-05
     5.0000000E+00     13.0000940  2.8947169E+05  4.2561906E+04  0.0000000E+00  3.6498455E+02  3.8222173E-01  0.0000000E+00  4.2926316E+04  1.1447639E+00  0.0000000E+00  0.0000000E+00  0.0000000E+00  0.0000000E+00  0.0000000E+00  4.7188290E+02 -3.1121366E-03
     6.0000000E+00     13.5375623  3.3162684E+05  4.2155156E+04  0.0000000E+00  4.4355849E+02  1.0182174E-01  0.0000000E+00  4.2572562E+04  0.0000000E+00  0.0000000E+00  0.0000000E+00  0.0000000E+00  0.0000000E+00  0.0000000E+00  4.6599655E+02 -6.1191335E-02
     7.0000000E+00     14.0693112  3.7333338E+05  4.1706531E+04  0.0000000E+00  5.4503059E+02  6.3134745E-02  0.0000000E+00  4.2251504E+04  0.0000000E+00  0.0000000E+00  0.0000000E+00  0.0000000E+00  0.0000000E+00  0.0000000E+00  4.6048502E+02  9.2452192E-06
     8.0000000E+00     14.5451413  4.1470550E+05  4.1372125E+04  0.0000000E+00  5.5074894E+02  6.2888488E-02  0.0000000E+00  4.1922812E+04  0.0000000E+00  0.0000000E+00  0.0000000E+00  0.0000000E+00  0.0000000E+00  0.0000000E+00  4.5531079E+02  0.0000000E+00
     9.0000000E+00     14.9718610  4.5585319E+05  4.1147688E+04  0.0000000E+00  4.6096647E+02  6.2651977E-02  0.0000000E+00  4.1608590E+04  0.0000000E+00  0.0000000E+00  0.0000000E+00  0.0000000E+00  0.0000000E+00  0.0000000E+00  4.5068326E+02  0.0000000E+00
     1.0000000E+01     15.3924788  4.9641250E+05  4.0559312E+04  0.0000000E+00  4.5830292E+02  6.2417470E-02  0.0000000E+00  4.1311727E+04  0.0000000E+00  0.0000000E+00  0.0000000E+00  0.0000000E+00  0.0000000E+00  0.0000000E+00  4.4651706E+02  7.1207732E-01
     1.1000000E+01     15.8092688  5.3660269E+05  4.0190188E+04  0.0000000E+00  4.0503999E+02  6.2184200E-02  0.0000000E+00  4.1040012E+04  4.4483002E+02  0.0000000E+00  0.0000000E+00  0.0000000E+00  0.0000000E+00  0.0000000E+00  4.4390878E+02  3.8072543E-05
     1.2000000E+01     16.1705144  5.7646388E+05  3.9861188E+04  0.0000000E+00  4.1900046E+02  6.1952069E-02  0.0000000E+00  4.0814137E+04  5.3405280E+02  0.0000000E+00  0.0000000E+00  0.0000000E+00  0.0000000E+00  0.0000000E+00  4.4148251E+02 -1.0527892E-04
     1.3000000E+01     16.5146004  6.1603750E+05  3.9573625E+04  0.0000000E+00  4.7859154E+02  6.1721075E-02  0.0000000E+00  4.0597289E+04  5.4507324E+02  0.0000000E+00  0.0000000E+00  0.0000000E+00  0.0000000E+00  0.0000000E+00  4.3913205E+02  1.5395092E-04
     1.4000000E+01     16.8604019  6.5580850E+05  3.9771000E+04  0.0000000E+00  5.9159346E+02  6.1491199E-02  0.0000000E+00  4.0362500E+04  0.0000000E+00  0.0000000E+00  0.0000000E+00  0.0000000E+00  0.0000000E+00  0.0000000E+00  4.3580649E+02 -7.7423232E-05
     1.5000000E+01     17.2035034  6.9526894E+05  3.9460438E+04  0.0000000E+00  6.2289002E+02  6.1262444E-02  0.0000000E+00  4.0083273E+04  0.0000000E+00  0.0000000E+00  0.0000000E+00  0.0000000E+00  0.0000000E+00  0.0000000E+00  4.3267322E+02  1.9490642E-05
     1.6000000E+01     17.5350441  7.3408462E+05  3.8815688E+04  0.0000000E+00  6.4306664E+02  6.1034802E-02  0.0000000E+00  3.9845430E+04  3.8676346E+02  0.0000000E+00  0.0000000E+00  0.0000000E+00  0.0000000E+00  0.0000000E+00  4.3060779E+02 -5.8820959E-05
     1.7000000E+01     17.8404247  7.7300612E+05  3.8921500E+04  0.0000000E+00  6.9832113E+02  6.0808256E-02  0.0000000E+00  3.9619797E+04  0.0000000E+00  0.0000000E+00  0.0000000E+00  0.0000000E+00  0.0000000E+00  0.0000000E+00  4.2785208E+02  9.8593235E-05
     1.8000000E+01     18.1418274  8.1142069E+05  3.8414562E+04  0.0000000E+00  6.2489489E+02  6.0582805E-02  0.0000000E+00  3.9387348E+04  3.4796790E+02  0.0000000E+00  0.0000000E+00  0.0000000E+00  0.0000000E+00  0.0000000E+00  4.2606720E+02 -3.9670038E-05
     1.9000000E+01     18.4447666  8.5003106E+05  3.8610375E+04  0.0000000E+00  5.5685485E+02  6.0358435E-02  0.0000000E+00  3.9167160E+04  0.0000000E+00  0.0000000E+00  0.0000000E+00  0.0000000E+00  0.0000000E+00  0.0000000E+00  4.2381860E+02 -2.9919791E-05
     2.0000000E+01     18.7437454  8.8813669E+05  3.8105625E+04  0.0000000E+00  4.8904258E+02  6.0135160E-02  0.0000000E+00  3.8940074E+04  3.4547586E+02  0.0000000E+00  0.0000000E+00  0.0000000E+00  0.0000000E+00  0.0000000E+00  4.2237823E+02 -3.0094274E-05
     2.1000000E+01     19.0389789  9.2576494E+05  3.7628250E+04  0.0000000E+00  6.8551655E+02  5.9912965E-02  0.0000000E+00  3.8747738E+04  4.3402719E+02  0.0000000E+00  0.0000000E+00  0.0000000E+00  0.0000000E+00  0.0000000E+00  4.2088376E+02  1.0081219E-05
     2.2000000E+01     19.3093722  9.6331700E+05  3.7552062E+04  0.0000000E+00  5.8120162E+02  5.9691828E-02  0.0000000E+00  3.8562441E+04  4.2923810E+02  0.0000000E+00  0.0000000E+00  0.0000000E+00  0.0000000E+00  0.0000000E+00  4.1950742E+02 -1.0129660E-05
     2.3000000E+01     19.5759779  1.0005998E+06  3.7282812E+04  0.0000000E+00  6.7962426E+02  5.9471764E-02  0.0000000E+00  3.8381055E+04  4.1865942E+02  0.0000000E+00  0.0000000E+00  0.0000000E+00  0.0000000E+00  0.0000000E+00  4.1812997E+02  4.0710129E-05
     2.4000000E+01     19.8416604  1.0377535E+06  3.7153688E+04  0.0000000E+00  6.3389665E+02  5.9252758E-02  0.0000000E+00  3.8201891E+04  4.1432886E+02  0.0000000E+00  0.0000000E+00  0.0000000E+00  0.0000000E+00  0.0000000E+00  4.1683243E+02  9.2027374E-05
     2.5000000E+01     20.1062177  1.0747499E+06  3.6996375E+04  0.0000000E+00  6.1629585E+02  5.9034791E-02  0.0000000E+00  3.8024625E+04  4.1201544E+02  0.0000000E+00  0.0000000E+00  0.0000000E+00  0.0000000E+00  0.0000000E+00  4.1560312E+02 -1.0272933E-05
     2.6000000E+01     20.3692787  1.1115370E+06  3.6787125E+04  0.0000000E+00  6.5229283E+02  5.8817875E-02  0.0000000E+00  3.7849164E+04  4.0979651E+02  0.0000000E+00  0.0000000E+00  0.0000000E+00  0.0000000E+00  0.0000000E+00  4.1440698E+02  2.0641111E-05
     2.7000000E+01     20.6316765  1.1482314E+06  3.6694375E+04  0.0000000E+00  5.7261867E+02  5.8601998E-02  0.0000000E+00  3.7675246E+04  4.0829871E+02  0.0000000E+00  0.0000000E+00  0.0000000E+00  0.0000000E+00  0.0000000E+00  4.1330661E+02  3.1104591E-05
     2.8000000E+01     20.8750991  1.1846880E+06  3.6456625E+04  0.0000000E+00  6.6070001E+02  5.8387149E-02  0.0000000E+00  3.7505684E+04  3.8841272E+02  0.0000000E+00  0.0000000E+00  0.0000000E+00  0.0000000E+00  0.0000000E+00  4.1220642E+02  1.0415072E-05
     2.9000000E+01     21.1163995  1.2209116E+06  3.6223625E+04  0.0000000E+00  7.3778215E+02  5.8173340E-02  0.0000000E+00  3.7338434E+04  3.7710358E+02  0.0000000E+00  0.0000000E+00  0.0000000E+00  0.0000000E+00  0.0000000E+00  4.1110425E+02 -5.2308620E-05
     3.0000000E+01     21.3638444  1.2580576E+06  3.7146000E+04  9.3175668E+02  6.6437702E+02  8.6803642E+01  0.0000000E+00  3.7171453E+04  3.7964252E+02  0.0000000E+00  0.0000000E+00  0.0000000E+00  0.0000000E+00  0.0000000E+00  4.1010669E+02 -2.0456919E-05
     3.1000000E+01     21.6032015  1.2939895E+06  3.5931875E+04  0.0000000E+00  7.0086090E+02  2.0258708E-01  0.0000000E+00  3.7006637E+04  3.7411514E+02  0.0000000E+00  0.0000000E+00  0.0000000E+00  0.0000000E+00  0.0000000E+00  4.0919821E+02 -3.1666445E-05
     3.2000000E+01     21.9784512  1.3503214E+06  5.6331875E+04  1.3298887E+04  6.3702254E+02  6.9159800E+03  0.0000000E+00  3.6755160E+04  1.1822788E+00  0.0000000E+00  0.0000000E+00  0.0000000E+00  0.0000000E+00  0.0000000E+00  4.0866632E+02 -8.9136782E-05
     3.3000000E+01     22.2180637  1.3862915E+06  3.5970125E+04  0.0000000E+00  5.7414889E+02  2.6368238E+01  0.0000000E+00  3.6523172E+04  5.1811609E+00  0.0000000E+00  0.0000000E+00  0.0000000E+00  0.0000000E+00  0.0000000E+00  4.0827548E+02  2.3512608E-04
     3.4000000E+01     22.4479555  1.4231522E+06  3.6860750E+04  9.8663396E+02  5.4524768E+02  1.2000833E+02  0.0000000E+00  3.6300055E+04  7.4783403E-01  0.0000000E+00  0.0000000E+00  0.0000000E+00  0.0000000E+00  0.0000000E+00  4.0767609E+02 -1.3575444E-04
     3.5000000E+01     22.6703044  1.4588229E+06  3.5670625E+04  0.0000000E+00  4.1048240E+02  7.5232273E-01  0.0000000E+00  3.6080582E+04  7.3165178E-01  0.0000000E+00  0.0000000E+00  0.0000000E+00  0.0000000E+00  0.0000000E+00  4.0688736E+02 -1.3965842E-03
     3.6000000E+01     22.8907783  1.4941926E+06  3.5369750E+04  0.0000000E+00  4.9418282E+02  4.1147761E-02  0.0000000E+00  3.5864594E+04  6.6571933E-01  0.0000000E+00  0.0000000E+00  0.0000000E+00  0.0000000E+00  0.0000000E+00  4.0587973E+02  1.0891648E-04
     3.7000000E+01     23.1081372  1.5290626E+06  3.4870000E+04  0.0000000E+00  4.8608141E+02  4.0974114E-02  0.0000000E+00  3.5699852E+04  3.4375446E+02  0.0000000E+00  0.0000000E+00  0.0000000E+00  0.0000000E+00  0.0000000E+00  4.0507440E+02  1.5318675E-04
     3.8000000E+01     23.3260012  1.5640138E+06  3.4951125E+04  0.0000000E+00  5.7440457E+02  4.0881548E-02  0.0000000E+00  3.5525469E+04  0.0000000E+00  0.0000000E+00  0.0000000E+00  0.0000000E+00  0.0000000E+00  0.0000000E+00  4.0393506E+02 -6.5973720E-05
     3.9000000E+01     23.5518658  1.6002484E+06  3.6234625E+04  1.2879180E+03  4.9920705E+02  1.4830806E+02  0.0000000E+00  3.5297574E+04  0.0000000E+00  0.0000000E+00  0.0000000E+00  0.0000000E+00  0.0000000E+00  0.0000000E+00  4.0289212E+02 -8.5071515E-05
     4.0000000E+01     23.7672964  1.6348090E+06  3.4560625E+04  0.0000000E+00  5.3810511E+02  2.3342977E+00  0.0000000E+00  3.5096461E+04  0.0000000E+00  0.0000000E+00  0.0000000E+00  0.0000000E+00  0.0000000E+00  0.0000000E+00  4.0190756E+02  1.8919808E-04
     4.1000000E+01     23.9719352  1.6692330E+06  3.4424000E+04  0.0000000E+00  4.9427399E+02  1.3567835E-01  0.0000000E+00  3.4918867E+04  8.0993623E-01  0.0000000E+00  0.0000000E+00  0.0000000E+00  0.0000000E+00  0.0000000E+00  4.0093533E+02 -2.2373204E-04
     4.2000000E+01     24.1734054  1.7034225E+06  3.4189500E+04  0.0000000E+00  5.1725670E+02  7.9476982E-02  0.0000000E+00  3.4706668E+04  0.0000000E+00  0.0000000E+00  0.0000000E+00  0.0000000E+00  0.0000000E+00  0.0000000E+00  3.9995905E+02 -3.3765049E-05
     4.3000000E+01     24.3712017  1.7369885E+06  3.3566000E+04  0.0000000E+00  5.9204788E+02  7.9275556E-02  0.0000000E+00  3.4553277E+04  3.9526196E+02  0.0000000E+00  0.0000000E+00  0.0000000E+00  0.0000000E+00  0.0000000E+00  3.9924026E+02  1.3565976E-04
     4.4000000E+01     24.5670429  1.7702228E+06  3.3234250E+04  0.0000000E+00  6.8284510E+02  7.9086266E-02  0.0000000E+00  3.4408055E+04  4.9104056E+02  0.0000000E+00  0.0000000E+00  0.0000000E+00  0.0000000E+00  0.0000000E+00  3.9852524E+02 -1.1352694E-05
     4.5000000E+01     24.7623893  1.8033730E+06  3.3150250E+04  0.0000000E+00  6.0214296E+02  7.8898765E-02  0.0000000E+00  3.4265965E+04  5.1361902E+02  0.0000000E+00  0.0000000E+00  0.0000000E+00  0.0000000E+00  0.0000000E+00  3.9784973E+02  9.1198155E-05
     4.6000000E+01     24.9570904  1.8364138E+06  3.3040750E+04  0.0000000E+00  5.6741120E+02  7.8712024E-02  0.0000000E+00  3.4126234E+04  5.1811700E+02  0.0000000E+00  0.0000000E+00  0.0000000E+00  0.0000000E+00  0.0000000E+00  3.9720425E+02  1.0301801E-04
     4.7000000E+01     25.1510772  1.8693334E+06  3.2919625E+04  0.0000000E+00  5.5106640E+02  7.8525946E-02  0.0000000E+00  3.3988422E+04  5.1788702E+02  0.0000000E+00  0.0000000E+00  0.0000000E+00  0.0000000E+00  0.0000000E+00  3.9658218E+02 -2.2985716E-04
     4.8000000E+01     25.3443635  1.9021340E+06  3.2800625E+04  0.0000000E+00  5.3513399E+02  7.8340501E-02  0.0000000E+00  3.3852199E+04  5.1645337E+02  0.0000000E+00  0.0000000E+00  0.0000000E+00  0.0000000E+00  0.0000000E+00  3.9598065E+02  1.9616479E-04
     4.9000000E+01     25.5290995  1.9347155E+06  3.2581500E+04  0.0000000E+00  6.3675160E+02  7.8155689E-02  0.0000000E+00  3.3718551E+04  5.0036795E+02  0.0000000E+00  0.0000000E+00  0.0000000E+00  0.0000000E+00  0.0000000E+00  3.9536929E+02  2.8962106E-05
     5.0000000E+01     25.7120116  1.9672669E+06  3.2551375E+04  0.0000000E+00  4.7988844E+02  7.7971511E-02  0.0000000E+00  3.3586473E+04  5.5535681E+02  0.0000000E+00  0.0000000E+00  0.0000000E+00  0.0000000E+00  0.0000000E+00  3.9480725E+02 -2.0934718E-04
     5.1000000E+01     25.8939379  1.9996428E+06  3.2375875E+04  0.0000000E+00  4.9931787E+02  7.7787966E-02  0.0000000E+00  3.3455711E+04  5.8057306E+02  0.0000000E+00  0.0000000E+00  0.0000000E+00  0.0000000E+00  0.0000000E+00  3.9425482E+02  7.0055139E-05
     5.2000000E+01     26.0755517  2.0319630E+06  3.2320250E+04  0.0000000E+00  4.1787832E+02  7.7605046E-02  0.0000000E+00  3.3325930E+04  5.8785748E+02  0.0000000E+00  0.0000000E+00  0.0000000E+00  0.0000000E+00  0.0000000E+00  3.9372946E+02  6.4467291E-05
     5.3000000E+01     26.2558045  2.0640410E+06  3.2078000E+04  0.0000000E+00  5.3230750E+02  7.7422746E-02  0.0000000E+00  3.3197227E+04  5.8692499E+02  0.0000000E+00  0.0000000E+00  0.0000000E+00  0.0000000E+00  0.0000000E+00  3.9318484E+02  2.1768521E-04
     5.4000000E+01     26.4360929  2.0961255E+06  3.2084500E+04  0.0000000E+00  3.9895725E+02  7.7241078E-02  0.0000000E+00  3.3069398E+04  5.8611920E+02  0.0000000E+00  0.0000000E+00  0.0000000E+00  0.0000000E+00  0.0000000E+00  3.9267664E+02 -3.0121242E-04
     5.5000000E+01     26.6153433  2.1280252E+06  3.1899750E+04  0.0000000E+00  4.5898018E+02  7.7060014E-02  0.0000000E+00  3.2942523E+04  5.8392963E+02  0.0000000E+00  0.0000000E+00  0.0000000E+00  0.0000000E+00  0.0000000E+00  3.9217548E+02 -1.7786618E-04
     5.6000000E+01     26.7938029  2.1597840E+06  3.1758750E+04  0.0000000E+00  4.7656694E+02  7.6879576E-02  0.0000000E+00  3.2816777E+04  5.8135083E+02  0.0000000E+00  0.0000000E+00  0.0000000E+00  0.0000000E+00  0.0000000E+00  3.9169562E+02  5.7135272E-04
     5.7000000E+01     26.9999767  2.1968468E+06  3.7062750E+04  4.0453831E+03  2.0829697E+02  5.8964771E+02  0.0000000E+00  3.2636520E+04  1.2818773E+00  0.0000000E+00  0.0000000E+00  0.0000000E+00  0.0000000E+00  0.0000000E+00  3.9116461E+02 -2.0856222E-03
     5.8000000E+01     27.1705971  2.2287970E+06  3.1950250E+04  0.0000000E+00  5.1238077E+02  1.2799340E+00  0.0000000E+00  3.2462172E+04  7.8218800E-01  0.0000000E+00  0.0000000E+00  0.0000000E+00  0.0000000E+00  0.0000000E+00  3.9061481E+02  1.2032763E-04
     5.9000000E+01     27.3411287  2.2607308E+06  3.1933750E+04  0.0000000E+00  3.6571440E+02  1.6757236E-01  0.0000000E+00  3.2299203E+04  0.0000000E+00  0.0000000E+00  0.0000000E+00  0.0000000E+00  0.0000000E+00  0.0000000E+00  3.9003088E+02 -2.9025332E-04
     6.0000000E+01     27.5108486  2.2925125E+06  3.1781750E+04  0.0000000E+00  3.9326889E+02  8.2376696E-02  0.0000000E+00  3.2174877E+04  0.0000000E+00  0.0000000E+00  0.0000000E+00  0.0000000E+00  0.0000000E+00  0.0000000E+00  3.8935458E+02 -1.8818011E-04
     6.1000000E+01     27.6775490  2.3237288E+06  3.1216250E+04  0.0000000E+00  3.9794898E+02  8.2160898E-02  0.0000000E+00  3.2006490E+04  3.9239331E+02  0.0000000E+00  0.0000000E+00  0.0000000E+00  0.0000000E+00  0.0000000E+00  3.8884586E+02 -6.1022623E-05
     6.2000000E+01     27.8426154  2.3546390E+06  3.0910250E+04  0.0000000E+00  4.7714884E+02  8.1952915E-02  0.0000000E+00  3.1885744E+04  4.9841489E+02  0.0000000E+00  0.0000000E+00  0.0000000E+00  0.0000000E+00  0.0000000E+00  3.8832462E+02  3.6752223E-05
     6.3000000E+01     28.0075352  2.3855218E+06  3.0882750E+04  0.0000000E+00  3.6119837E+02  1.0843127E+00  0.0000000E+00  3.1767148E+04  5.2423108E+02  0.0000000E+00  0.0000000E+00  0.0000000E+00  0.0000000E+00  0.0000000E+00  3.8783731E+02  1.6599719E-04
     6.4000000E+01     28.1720426  2.4163272E+06  3.0805500E+04  0.0000000E+00  3.1478325E+02  8.1540726E-02  0.0000000E+00  3.1650207E+04  5.2993829E+02  0.0000000E+00  0.0000000E+00  0.0000000E+00  0.0000000E+00  0.0000000E+00  3.8736575E+02  2.1598341E-04
     6.5000000E+01     28.3361326  2.4470548E+06  3.0727500E+04  0.0000000E+00  2.7689623E+02  8.1335805E-02  0.0000000E+00  3.1534607E+04  5.3040674E+02  0.0000000E+00  0.0000000E+00  0.0000000E+00  0.0000000E+00  0.0000000E+00  3.8690878E+02 -3.5922742E-04
     6.6000000E+01     28.4994719  2.4776415E+06  3.0586750E+04  0.0000000E+00  3.0455539E+02  8.1131637E-02  0.0000000E+00  3.1420209E+04  5.2889404E+02  0.0000000E+00  0.0000000E+00  0.0000000E+00  0.0000000E+00  0.0000000E+00  3.8645343E+02  2.9215793E-04
     6.7000000E+01     28.6594464  2.5085740E+06  3.0932500E+04  0.0000000E+00  3.3808718E+02  8.0928206E-02  0.0000000E+00  3.1270596E+04  0.0000000E+00  0.0000000E+00  0.0000000E+00  0.0000000E+00  0.0000000E+00  0.0000000E+00  3.8578253E+02  2.8106404E-04
     6.8000000E+01     28.8167558  2.5393170E+06  3.0743000E+04  0.0000000E+00  3.9731354E+02  8.0725528E-02  0.0000000E+00  3.1140062E+04  0.0000000E+00  0.0000000E+00  0.0000000E+00  0.0000000E+00  0.0000000E+00  0.0000000E+00  3.8510620E+02 -5.5194029E-04
     6.9000000E+01     28.9723223  2.5697192E+06  3.0402250E+04  0.0000000E+00  2.3068512E+02  8.0523588E-02  0.0000000E+00  3.1002086E+04  3.6927100E+02  0.0000000E+00  0.0000000E+00  0.0000000E+00  0.0000000E+00  0.0000000E+00  3.8465463E+02 -1.3229922E-04
     7.0000000E+01     29.1269643  2.5999408E+06  3.0221500E+04  0.0000000E+00  2.0231276E+02  8.0322385E-02  0.0000000E+00  3.0889303E+04  4.6551300E+02  0.0000000E+00  0.0000000E+00  0.0000000E+00  0.0000000E+00  0.0000000E+00  3.8422101E+02  1.8336599E-04
     7.1000000E+01     29.2802759  2.6299022E+06  2.9961500E+04  0.0000000E+00  3.3035985E+02  8.0121920E-02  0.0000000E+00  3.0793812E+04  0.0000000E+00  0.0000000E+00  0.0000000E+00  0.0000000E+00  0.0000000E+00  0.0000000E+00  3.8359396E+02  1.6303012E+00
     7.2000000E+01     29.4332578  2.6597992E+06  2.9897000E+04  0.0000000E+00  3.8188832E+02  7.9922177E-02  0.0000000E+00  3.0634994E+04  3.5608743E+02  0.0000000E+00  0.0000000E+00  0.0000000E+00  0.0000000E+00  0.0000000E+00  3.8312888E+02  3.1877268E-04
     7.3000000E+01     29.5909891  2.6906248E+06  3.0825500E+04  1.1222111E+03  4.5258844E+02  9.7620895E+01  0.0000000E+00  3.0525068E+04  4.6701630E+02  0.0000000E+00  0.0000000E+00  0.0000000E+00  0.0000000E+00  0.0000000E+00  3.8266757E+02 -6.4601912E-04
     7.4000000E+01     29.7426534  2.7202642E+06  2.9639500E+04  0.0000000E+00  2.9395437E+02  1.7828636E+00  0.0000000E+00  3.0417350E+04  4.8557797E+02  0.0000000E+00  0.0000000E+00  0.0000000E+00  0.0000000E+00  0.0000000E+00  3.8224655E+02  3.2745634E-04
     7.5000000E+01     29.9451571  2.7598395E+06  3.9575250E+04  7.9366409E+03  2.9410650E+02  1.6724128E+03  0.0000000E+00  3.0261391E+04  1.2096351E+00  0.0000000E+00  0.0000000E+00  0.0000000E+00  0.0000000E+00  0.0000000E+00  3.8187320E+02 -3.0371809E-04
     7.6000000E+01     30.1355569  2.7971950E+06  3.7355500E+04  6.1890767E+03  2.7669103E+02  1.3342679E+03  0.0000000E+00  3.0109307E+04  2.4300255E-01  0.0000000E+00  0.0000000E+00  0.0000000E+00  0.0000000E+00  0.0000000E+00  3.8164307E+02  5.8127713E-04
     7.7000000E+01     30.2964447  2.8301478E+06  3.2952750E+04  2.7829451E+03  2.0475668E+02  4.1322656E+02  0.0000000E+00  2.9961947E+04  7.5363988E-01  0.0000000E+00  0.0000000E+00  0.0000000E+00  0.0000000E+00  0.0000000E+00  3.8137170E+02 -4.3588498E-04
     7.8000000E+01     30.4408854  2.8597318E+06  2.9584000E+04  0.0000000E+00  2.4391463E+02  8.6090088E+00  0.0000000E+00  2.9819934E+04  6.4391166E-01  0.0000000E+00  0.0000000E+00  0.0000000E+00  0.0000000E+00  0.0000000E+00  3.8092249E+02 -5.2382711E-05
     7.9000000E+01     30.6112848  2.8946325E+06  3.4900750E+04  4.7946041E+03  3.9638332E+02  8.1884589E+02  0.0000000E+00  2.9683678E+04  0.0000000E+00  0.0000000E+00  0.0000000E+00  0.0000000E+00  0.0000000E+00  0.0000000E+00  3.8043744E+02 -1.1066764E-05
     8.0000000E+01     30.7560627  2.9242855E+06  2.9653000E+04  3.3216011E+02  2.6963324E+02  5.0810631E+01  0.0000000E+00  2.9540359E+04  6.4830619E-01  0.0000000E+00  0.0000000E+00  0.0000000E+00  0.0000000E+00  0.0000000E+00  3.7985446E+02  1.6317745E-04
     8.1000000E+01     30.8982114  2.9534000E+06  2.9114500E+04  0.0000000E+00  2.8885381E+02  4.3965241E-01  0.0000000E+00  2.9403537E+04  5.9967244E-01  0.0000000E+00  0.0000000E+00  0.0000000E+00  0.0000000E+00  0.0000000E+00  3.7920853E+02  7.9708603E-05
     8.2000000E+01     31.0730198  2.9892038E+06  3.5803750E+04  5.7024646E+03  2.7364550E+02  1.0998478E+03  0.0000000E+00  2.9275908E+04  7.6902598E-01  0.0000000E+00  0.0000000E+00  0.0000000E+00  0.0000000E+00  0.0000000E+00  3.7877988E+02  1.6240752E-04
     8.3000000E+01     31.2290738  3.0211662E+06  3.1962500E+04  2.6964279E+03  3.4474629E+02  4.6514697E+02  0.0000000E+00  2.9146443E+04  7.0902532E-01  0.0000000E+00  0.0000000E+00  0.0000000E+00  0.0000000E+00  0.0000000E+00  3.7843777E+02  1.9345044E-04
     8.4000000E+01     31.3784434  3.0517600E+06  3.0593750E+04  1.6929938E+03  3.7897547E+02  2.6322278E+02  0.0000000E+00  2.9016932E+04  6.6290706E-01  0.0000000E+00  0.0000000E+00  0.0000000E+00  0.0000000E+00  0.0000000E+00  3.7805350E+02 -7.7562145E-04
     8.5000000E+01     31.6377400  3.1048682E+06  5.3108250E+04  1.6893420E+04  3.8392759E+02  7.7229004E+03  0.0000000E+00  2.8877250E+04  1.1856663E+00  0.0000000E+00  0.0000000E+00  0.0000000E+00  0.0000000E+00  0.0000000E+00  3.7843985E+02  3.8702082E-04
     8.6000000E+01     31.7881813  3.1367205E+06  3.1852250E+04  2.5742303E+03  2.9284826E+02  8.2221429E+02  0.0000000E+00  2.8749248E+04  7.7607369E-01  0.0000000E+00  0.0000000E+00  0.0000000E+00  0.0000000E+00  0.0000000E+00  3.7871078E+02 -5.6505430E-04
     8.7000000E+01     31.9190759  3.1650722E+06  2.8351750E+04  0.0000000E+00  2.8194108E+02  4.3875852E+00  0.0000000E+00  2.8629980E+04  5.7438719E-01  0.0000000E+00  0.0000000E+00  0.0000000E+00  0.0000000E+00  0.0000000E+00  3.7849954E+02  3.5468742E-04
     8.8000000E+01     32.0491111  3.1932380E+06  2.8165750E+04  0.0000000E+00  3.5625901E+02  3.3055982E-01  0.0000000E+00  2.8522174E+04  5.4782492E-01  0.0000000E+00  0.0000000E+00  0.0000000E+00  0.0000000E+00  0.0000000E+00  3.7793375E+02 -1.8488690E-04
     8.9000000E+01     32.1785868  3.2212825E+06  2.8044500E+04  0.0000000E+00  3.8491689E+02  3.7969183E-02  0.0000000E+00  2.8429416E+04  0.0000000E+00  0.0000000E+00  0.0000000E+00  0.0000000E+00  0.0000000E+00  0.0000000E+00  3.7722351E+02  1.3053144E-04
     9.0000000E+01     32.3072138  3.2491432E+06  2.7860750E+04  0.0000000E+00  4.5979249E+02  3.7900422E-02  0.0000000E+00  2.8320889E+04  4.4242027E-01  0.0000000E+00  0.0000000E+00  0.0000000E+00  0.0000000E+00  0.0000000E+00  3.7641989E+02 -2.0689207E-04
     9.1000000E+01     32.4360660  3.2770528E+06  2.7909500E+04  0.0000000E+00  3.1195890E+02  3.7846860E-02  0.0000000E+00  2.8221387E+04  0.0000000E+00  0.0000000E+00  0.0000000E+00  0.0000000E+00  0.0000000E+00  0.0000000E+00  3.7566931E+02 -1.2457291E-04
     9.2000000E+01     32.5638133  3.3047228E+06  2.7670000E+04  0.0000000E+00  4.4346185E+02  3.7794895E-02  0.0000000E+00  2.8110895E+04  2.3471162E-01  0.0000000E+00  0.0000000E+00  0.0000000E+00  0.0000000E+00  0.0000000E+00  3.7494736E+02 -9.8382542E-03
     9.3000000E+01     32.6917258  3.3324288E+06  2.7706000E+04  0.0000000E+00  3.1933338E+02  3.7743170E-02  0.0000000E+00  2.8025221E+04  0.0000000E+00  0.0000000E+00  0.0000000E+00  0.0000000E+00  0.0000000E+00  0.0000000E+00  3.7430789E+02 -2.7179724E-04
     9.4000000E+01     32.8403375  3.3646180E+06  3.2189250E+04  3.8352227E+03  3.2989809E+02  7.9009125E+02  0.0000000E+00  2.7894602E+04  6.2719846E-01  0.0000000E+00  0.0000000E+00  0.0000000E+00  0.0000000E+00  0.0000000E+00  3.7379193E+02  4.3242730E-04
     9.5000000E+01     32.9672814  3.3921142E+06  2.7496250E+04  0.0000000E+00  2.9325600E+02  6.5161405E+00  0.0000000E+00  2.7783430E+04  5.5974734E-01  0.0000000E+00  0.0000000E+00  0.0000000E+00  0.0000000E+00  0.0000000E+00  3.7327872E+02 -4.3574662E-04
     9.6000000E+01     33.0933939  3.4194302E+06  2.7316000E+04  0.0000000E+00  3.7940408E+02  5.2150220E-01  0.0000000E+00  2.7694924E+04  0.0000000E+00  0.0000000E+00  0.0000000E+00  0.0000000E+00  0.0000000E+00  0.0000000E+00  3.7276190E+02  1.4809521E-04
     9.7000000E+01     33.2249888  3.4479338E+06  2.8503500E+04  9.2763985E+02  1.3460350E+02  1.6082489E+02  0.0000000E+00  2.7566377E+04  1.6683777E+01  0.0000000E+00  0.0000000E+00  0.0000000E+00  0.0000000E+00  0.0000000E+00  3.7220358E+02  1.9084907E-04
     9.8000000E+01     33.3456535  3.4749885E+06  2.7054750E+04  0.0000000E+00  4.2597353E+02  1.6135657E-01  0.0000000E+00  2.7480605E+04  0.0000000E+00  0.0000000E+00  0.0000000E+00  0.0000000E+00  0.0000000E+00  0.0000000E+00  3.7164926E+02  1.6346660E-04
     9.9000000E+01     33.4616575  3.5017385E+06  2.6750000E+04  0.0000000E+00  3.0736481E+02  1.2201444E-01  0.0000000E+00  2.7380203E+04  3.2308200E+02  0.0000000E+00  0.0000000E+00  0.0000000E+00  0.0000000E+00  0.0000000E+00  3.7125287E+02 -4.4939891E-04
     1.0000000E+02     33.5787396  3.5287370E+06  2.6998500E+04  0.0000000E+00  3.7314322E+02  1.2162085E-01  0.0000000E+00  2.7371518E+04  0.0000000E+00  0.0000000E+00  0.0000000E+00  0.0000000E+00  0.0000000E+00  0.0000000E+00  3.7069388E+02 -1.4271159E-05
     1.0100000E+02     33.6951883  3.5555895E+06  2.6852500E+04  0.0000000E+00  3.9420847E+02  1.2128123E-01  0.0000000E+00  2.7246510E+04  0.0000000E+00  0.0000000E+00  0.0000000E+00  0.0000000E+00  0.0000000E+00  0.0000000E+00  3.7014420E+02 -2.8673271E-04
     1.0200000E+02     33.8105644  3.5821945E+06  2.6605000E+04  0.0000000E+00  4.8873334E+02  1.2094822E-01  0.0000000E+00  2.7093719E+04  0.0000000E+00  0.0000000E+00  0.0000000E+00  0.0000000E+00  0.0000000E+00  0.0000000E+00  3.6959885E+02  3.9648081E-04
     1.0300000E+02     33.9241791  3.6083935E+06  2.6199000E+04  0.0000000E+00  7.6762893E+02  1.2061706E-01  0.0000000E+00  2.6966918E+04  5.1364011E-01  0.0000000E+00  0.0000000E+00  0.0000000E+00  0.0000000E+00  0.0000000E+00  3.6898413E+02 -3.8385982E-04
     1.0400000E+02     34.0380327  3.6346475E+06  2.6254000E+04  0.0000000E+00  6.2716058E+02  1.2028729E-01  0.0000000E+00  2.6864574E+04  0.0000000E+00  0.0000000E+00  0.0000000E+00  0.0000000E+00  0.0000000E+00  0.0000000E+00  3.6840359E+02 -6.1288036E-02
     1.0500000E+02     34.1513956  3.6607882E+06  2.6140750E+04  0.0000000E+00  6.2454904E+02  1.1995886E-01  0.0000000E+00  2.6765283E+04  0.0000000E+00  0.0000000E+00  0.0000000E+00  0.0000000E+00  0.0000000E+00  0.0000000E+00  3.6782898E+02  3.8675161E-04
     1.0600000E+02     34.2631088  3.6865488E+06  2.5760500E+04  0.0000000E+00  6.0636993E+02  1.1963174E-01  0.0000000E+00  2.6679463E+04  3.1276544E+02  0.0000000E+00  0.0000000E+00  0.0000000E+00  0.0000000E+00  0.0000000E+00  3.6741827E+02 -1.9765817E-04
     1.0700000E+02     34.3742284  3.7121722E+06  2.5623500E+04  0.0000000E+00  5.8757770E+02  1.1930592E-01  0.0000000E+00  2.6602020E+04  3.9098544E+02  0.0000000E+00  0.0000000E+00  0.0000000E+00  0.0000000E+00  0.0000000E+00  3.6701700E+02  2.8633742E-04
     1.0800000E+02     34.4867793  3.7381260E+06  2.5953750E+04  0.0000000E+00  5.7397088E+02  1.1898143E-01  0.0000000E+00  2.6527471E+04  0.0000000E+00  0.0000000E+00  0.0000000E+00  0.0000000E+00  0.0000000E+00  0.0000000E+00  3.6646365E+02 -4.9329537E-04
     1.0900000E+02     34.5988194  3.7639618E+06  2.5835750E+04  0.0000000E+00  5.8354105E+02  1.1865821E-01  0.0000000E+00  2.6419230E+04  0.0000000E+00  0.0000000E+00  0.0000000E+00  0.0000000E+00  0.0000000E+00  0.0000000E+00  3.6590530E+02  2.2178347E-04
     1.1000000E+02     34.7107001  3.7897608E+06  2.5799000E+04  0.0000000E+00  5.2467374E+02  1.1833628E-01  0.0000000E+00  2.6323654E+04  0.0000000E+00  0.0000000E+00  0.0000000E+00  0.0000000E+00  0.0000000E+00  0.0000000E+00  3.6534579E+02  3.7840081E-04
     1.1100000E+02     34.8219250  3.8154088E+06  2.5648000E+04  0.0000000E+00  5.6083484E+02  1.1801564E-01  0.0000000E+00  2.6208549E+04  0.0000000E+00  0.0000000E+00  0.0000000E+00  0.0000000E+00  0.0000000E+00  0.0000000E+00  3.6477719E+02 -6.4089010E-04
     1.1200000E+02     34.9277414  3.8408310E+06  2.5422250E+04  0.0000000E+00  7.0306425E+02  1.1769629E-01  0.0000000E+00  2.6125311E+04  0.0000000E+00  0.0000000E+00  0.0000000E+00  0.0000000E+00  0.0000000E+00  0.0000000E+00  3.6421060E+02  4.3360534E-04
     1.1300000E+02     35.1333180  3.8913362E+06  5.0505250E+04  1.7993426E+04  6.1643830E+02  7.1345332E+03  0.0000000E+00  2.5994783E+04  1.0276397E+00  0.0000000E+00  0.0000000E+00  0.0000000E+00  0.0000000E+00  0.0000000E+00  3.6459924E+02  5.3486470E-05
     1.1400000E+02     35.2649527  3.9236758E+06  3.2339500E+04  5.2258316E+03  3.7739943E+02  1.6059783E+03  0.0000000E+00  2.5890090E+04  4.9803500E+00  0.0000000E+00  0.0000000E+00  0.0000000E+00  0.0000000E+00  0.0000000E+00  3.6500589E+02  6.5657478E-05
     1.1500000E+02     35.3856419  3.9533262E+06  2.9650500E+04  3.6354855E+03  6.9443606E+02  9.1952051E+02  0.0000000E+00  2.5790533E+04  6.4393222E-01  0.0000000E+00  0.0000000E+00  0.0000000E+00  0.0000000E+00  0.0000000E+00  3.6511804E+02 -1.3516196E-04
     1.1600000E+02     35.4875483  3.9783622E+06  2.5036000E+04  0.0000000E+00  6.6949039E+02  1.1482694E+01  0.0000000E+00  2.5694516E+04  5.1231492E-01  0.0000000E+00  0.0000000E+00  0.0000000E+00  0.0000000E+00  0.0000000E+00  3.6473502E+02 -1.5195870E-05
     1.1700000E+02     35.5896016  4.0034342E+06  2.5072000E+04  0.0000000E+00  5.2822538E+02  9.5361984E-01  0.0000000E+00  2.5599699E+04  4.8125792E-01  0.0000000E+00  0.0000000E+00  0.0000000E+00  0.0000000E+00  0.0000000E+00  3.6402036E+02 -2.1361760E-04
     1.1800000E+02     35.6913648  4.0284352E+06  2.5001000E+04  0.0000000E+00  5.0992621E+02  1.3385543E-01  0.0000000E+00  2.5510619E+04  0.0000000E+00  0.0000000E+00  0.0000000E+00  0.0000000E+00  0.0000000E+00  0.0000000E+00  3.6318042E+02 -6.7373546E-04
     1.1900000E+02     35.7929084  4.0533820E+06  2.4946750E+04  0.0000000E+00  4.7138690E+02  4.4276990E-02  0.0000000E+00  2.5418686E+04  4.9481621E-01  0.0000000E+00  0.0000000E+00  0.0000000E+00  0.0000000E+00  0.0000000E+00  3.6233118E+02  3.9187391E-04
     1.2000000E+02     35.8930977  4.0779962E+06  2.4614250E+04  0.0000000E+00  7.1372774E+02  4.4204097E-02  0.0000000E+00  2.5327547E+04  4.4836798E-01  0.0000000E+00  0.0000000E+00  0.0000000E+00  0.0000000E+00  0.0000000E+00  3.6151813E+02 -3.2927899E-03
     1.2100000E+02     35.9933573  4.1026275E+06  2.4631250E+04  0.0000000E+00  6.2470424E+02  4.4132795E-02  0.0000000E+00  2.5239777E+04  0.0000000E+00  0.0000000E+00  0.0000000E+00  0.0000000E+00  0.0000000E+00  0.0000000E+00  3.6078003E+02 -6.3918091E-02
     1.2200000E+02     36.0933962  4.1272048E+06  2.4577250E+04  0.0000000E+00  5.8905499E+02  4.4069927E-02  0.0000000E+00  2.5166191E+04  0.0000000E+00  0.0000000E+00  0.0000000E+00  0.0000000E+00  0.0000000E+00  0.0000000E+00  3.6010455E+02 -2.7163129E-04
     1.2300000E+02     36.1919864  4.1514260E+06  2.4221250E+04  0.0000000E+00  8.3637854E+02  4.3997806E-02  0.0000000E+00  2.5057609E+04  1.1337626E-02  0.0000000E+00  0.0000000E+00  0.0000000E+00  0.0000000E+00  0.0000000E+00  3.5946722E+02  5.4561671E-05
     1.2400000E+02     36.2911337  4.1757842E+06  2.4358250E+04  0.0000000E+00  6.2947154E+02  4.3925941E-02  0.0000000E+00  2.4987576E+04  0.0000000E+00  0.0000000E+00  0.0000000E+00  0.0000000E+00  0.0000000E+00  0.0000000E+00  3.5888052E+02 -4.0645129E-04
     1.2500000E+02     36.3898810  4.2000440E+06  2.4259750E+04  0.0000000E+00  6.4221003E+02  4.3854252E-02  0.0000000E+00  2.4902021E+04  0.0000000E+00  0.0000000E+00  0.0000000E+00  0.0000000E+00  0.0000000E+00  0.0000000E+00  3.5832880E+02  4.1569094E-04
     1.2600000E+02     36.4854518  4.2241695E+06  2.4125500E+04  0.0000000E+00  6.9260041E+02  4.3782726E-02  0.0000000E+00  2.4818256E+04  0.0000000E+00  0.0000000E+00  0.0000000E+00  0.0000000E+00  0.0000000E+00  0.0000000E+00  3.5779480E+02  8.0270914E-04
     1.2700000E+02     36.5875517  4.2507050E+06  2.6535500E+04  2.3116530E+03  9.2842274E+02  4.3197766E+02  0.0000000E+00  2.4719900E+04  0.0000000E+00  0.0000000E+00  0.0000000E+00  0.0000000E+00  0.0000000E+00  0.0000000E+00  3.5731210E+02 -1.4223407E-03
     1.2800000E+02     36.7050995  4.2812545E+06  3.0549500E+04  5.4896932E+03  8.9489612E+02  1.3297358E+03  0.0000000E+00  2.4626010E+04  5.8672267E-01  0.0000000E+00  0.0000000E+00  0.0000000E+00  0.0000000E+00  0.0000000E+00  3.5720868E+02  1.4534103E-03
     1.2900000E+02     36.8169301  4.3103190E+06  2.9064500E+04  4.0296262E+03  4.8045654E+02  9.7597913E+02  0.0000000E+00  2.4539473E+04  5.5039483E-01  0.0000000E+00  0.0000000E+00  0.0000000E+00  0.0000000E+00  0.0000000E+00  3.5747009E+02 -1.4543454E-03
     1.3000000E+02     36.9078253  4.3339420E+06  2.3623000E+04  0.0000000E+00  8.3930561E+02  6.6087217E+00  0.0000000E+00  2.4456219E+04  4.3828902E-01  0.0000000E+00  0.0000000E+00  0.0000000E+00  0.0000000E+00  0.0000000E+00  3.5744879E+02  3.4331426E-04
     1.3100000E+02     37.0536668  4.3718450E+06  3.7903000E+04  1.0704150E+04  7.2596240E+02  3.5555532E+03  0.0000000E+00  2.4370344E+04  7.9805613E-01  0.0000000E+00  0.0000000E+00  0.0000000E+00  0.0000000E+00  0.0000000E+00  3.5779999E+02  7.3817215E-04
     1.3200000E+02     37.8856730  4.5880785E+06  2.1623350E+05  0.0000000E+00  5.6630543E+02  3.1028353E+01  0.0000000E+00  2.4223686E+04  0.0000000E+00  0.0000000E+00  1.9206425E+05  0.0000000E+00  0.0000000E+00  0.0000000E+00  3.5777271E+02 -2.2228460E-01
     1.3300000E+02     38.8962438  4.8657375E+06  2.7765900E+05  3.9034842E+03  5.3971778E+02  9.5536731E+02  0.0000000E+00  2.3960004E+04  9.7551720E+01  0.0000000E+00  2.4983755E+05  0.0000000E+00  0.0000000E+00  0.0000000E+00  3.5755893E+02  1.2923622E-01
     1.3400000E+02     40.8541905  5.4273575E+06  5.6162000E+05  6.4204733E+03  4.2357507E+02  1.6932344E+03  0.0000000E+00  2.3879418E+04  0.0000000E+00  0.0000000E+00  5.2738475E+05  0.0000000E+00  0.0000000E+00  0.0000000E+00  5.3522881E+03 -4.7654504E-01
     1.3500000E+02     45.1686841  6.8197390E+06  1.3923815E+06  1.7315262E+04  6.8119996E+02  5.7247788E+03  0.0000000E+00  3.4874472E+05  3.1228798E+01  0.0000000E+00  1.0213113E+06  0.0000000E+00  0.0000000E+00  0.0000000E+00  4.2943728E+05  1.6151075E-04
     1.3600000E+02     49.9024324  8.5713290E+06  1.7515900E+06  1.1110293E+04  6.9274808E+02  3.2088140E+03  0.0000000E+00  5.9489056E+05  1.4097919E+03  0.0000000E+00  1.1444882E+06  0.0000000E+00  0.0000000E+00  0.0000000E+00  6.7258994E+05  3.0649520E-04
     1.3700000E+02     53.4517939  1.0009673E+07  1.4383440E+06  3.1618354E+03  1.4178251E+03  6.9143652E+02  0.0000000E+00  2.9494100E+05  0.0000000E+00  0.0000000E+00  1.1408600E+06  0.0000000E+00  0.0000000E+00  0.0000000E+00  3.5406756E+05 -7.4757533E-03
     1.3800000E+02     57.8695252  1.1928939E+07  1.9192660E+06  2.8769374E+04  8.8730544E+02  9.8030996E+03  0.0000000E+00  6.5749806E+05  9.3504218E+02  0.0000000E+00  1.2250191E+06  0.0000000E+00  0.0000000E+00  0.0000000E+00  7.2794831E+05  6.5067237E-05
     1.3900000E+02     62.1989803  1.3939795E+07  2.0108560E+06  1.4195252E+04  7.7994959E+02  3.6760977E+03  0.0000000E+00  7.5276450E+05  4.7350361E+01  0.0000000E+00  1.2410441E+06  0.0000000E+00  0.0000000E+00  0.0000000E+00  8.0178825E+05 -1.6155651E-04
     1.4000000E+02     66.2076866  1.5922836E+07  1.9830410E+06  1.9524428E+04  6.6137850E+02  4.9922637E+03  0.0000000E+00  7.3711825E+05  7.6515540E+02  0.0000000E+00  1.2228308E+06  0.0000000E+00  0.0000000E+00  0.0000000E+00  7.8979038E+05 -8.8184941E-05
     1.4100000E+02     69.8577723  1.7845946E+07  1.9231100E+06  0.0000000E+00  1.4957334E+03  9.7070587E+01  0.0000000E+00  7.1710312E+05  4.3144493E+01  0.0000000E+00  1.2074455E+06  0.0000000E+00  0.0000000E+00  0.0000000E+00  7.7175656E+05 -1.6236755E-04
     1.4200000E+02     73.2704374  1.9749258E+07  1.9033120E+06  0.0000000E+00  1.9267965E+03  2.8312258E+01  0.0000000E+00  7.0511800E+05  3.9780487E+01  0.0000000E+00  1.2001232E+06  0.0000000E+00  0.0000000E+00  0.0000000E+00  7.6336106E+05 -4.7893487E-04
     1.4300000E+02     76.5104866  2.1649590E+07  1.9003320E+06  0.0000000E+00  2.2527935E+03  9.2186031E+00  0.0000000E+00  7.0554369E+05  8.3947559E+02  0.0000000E+00  1.1978684E+06  0.0000000E+00  0.0000000E+00  0.0000000E+00  7.6348075E+05 -1.5761094E-04
     1.4400000E+02     79.6061689  2.3555410E+07  1.9058200E+06  3.2422333E+03  2.9437895E+03  3.6354349E+02  0.0000000E+00  7.0793444E+05  7.3838188E+01  0.0000000E+00  1.1972926E+06  0.0000000E+00  0.0000000E+00  0.0000000E+00  7.6522262E+05 -2.4884316E-04
     1.4500000E+02     82.6291444  2.5513364E+07  1.9579540E+06  1.8821544E+04  3.2408324E+03  2.8425903E+03  0.0000000E+00  7.3177788E+05  5.8487512E+02  0.0000000E+00  1.2083355E+06  0.0000000E+00  0.0000000E+00  0.0000000E+00  7.8458106E+05 -1.1469190E-04
     1.4600000E+02     85.4596250  2.7436984E+07  1.9236200E+06  7.1609918E+03  2.9938787E+03  9.7253503E+02  0.0000000E+00  7.1840700E+05  4.5321922E+01  0.0000000E+00  1.2001165E+06  0.0000000E+00  0.0000000E+00  0.0000000E+00  7.7356950E+05 -1.1678259E-04
     1.4700000E+02     88.1617465  2.9352500E+07  1.9155160E+06  4.3430762E+03  3.2626569E+03  5.2139569E+02  0.0000000E+00  7.1697788E+05  8.1501276E+02  0.0000000E+00  1.1977692E+06  0.0000000E+00  0.0000000E+00  0.0000000E+00  7.7232706E+05  9.3768968E-04
     1.4800000E+02     90.7614000  3.1286868E+07  1.9343680E+06  1.3281677E+04  3.7571385E+03  1.4772058E+03  0.0000000E+00  7.2368119E+05  9.2178894E+02  0.0000000E+00  1.2006095E+06  0.0000000E+00  0.0000000E+00  0.0000000E+00  7.7789969E+05  1.4182205E-04
     1.4900000E+02     93.1331194  3.3197206E+07  1.9103380E+06  0.0000000E+00  3.4150600E+03  1.3481492E+01  0.0000000E+00  7.1793131E+05  9.3687134E+01  0.0000000E+00  1.1958991E+06  0.0000000E+00  0.0000000E+00  0.0000000E+00  7.7322238E+05 -1.5022124E-04
     1.5000000E+02     95.3210204  3.5112952E+07  1.9157460E+06  0.0000000E+00  3.8391383E+03  5.7549942E-01  0.0000000E+00  7.2392438E+05  1.5289403E+03  0.0000000E+00  1.1971872E+06  0.0000000E+00  0.0000000E+00  0.0000000E+00  7.7837631E+05 -9.7599710E-05
     1.5100000E+02     97.3549069  3.7050040E+07  1.9370880E+06  5.1158944E+03  4.6483452E+03  3.7725244E+02  0.0000000E+00  7.3562256E+05  1.0917535E+03  0.0000000E+00  1.2017161E+06  0.0000000E+00  0.0000000E+00  0.0000000E+00  7.8813950E+05  1.9301721E-04
     1.5200000E+02     99.2634573  3.9040480E+07  1.9904400E+06  1.8669188E+04  4.0097246E+03  1.5008247E+03  0.0000000E+00  7.6114531E+05  1.4322682E+02  0.0000000E+00  1.2132911E+06  0.0000000E+00  0.0000000E+00  0.0000000E+00  8.0814056E+05  6.7682524E-04
     1.5300000E+02    101.1399636  4.1148992E+07  2.1085120E+06  2.7951205E+04  5.8180084E+03  2.6218867E+03  0.0000000E+00  8.3846056E+05  4.8746851E+02  0.0000000E+00  1.2457672E+06  0.0000000E+00  0.0000000E+00  0.0000000E+00  8.7190625E+05 -7.8021525E-04
     1.5400000E+02    103.4403523  4.3919912E+07  2.7709200E+06  1.3484632E+05  2.8801303E+03  1.0483134E+05  0.0000000E+00  1.0181108E+06  4.3660059E+02  0.0000000E+00  1.5164440E+06  0.0000000E+00  0.0000000E+00  0.0000000E+00  1.0093404E+06 -1.5319552E-04
     1.5500000E+02    105.2212335  4.6145732E+07  2.2258200E+06  1.6306075E+04  2.5607521E+03  2.2085911E+03  0.0000000E+00  9.1640106E+05  4.7264954E+02  0.0000000E+00  1.2939386E+06  0.0000000E+00  0.0000000E+00  0.0000000E+00  9.3765638E+05  3.3649576E-05
     1.5600000E+02    106.8452962  4.8236216E+07  2.0904840E+06  0.0000000E+00  5.2557309E+03  3.4278705E+02  0.0000000E+00  8.3143775E+05  1.7265790E+02  0.0000000E+00  1.2641389E+06  0.0000000E+00  0.0000000E+00  0.0000000E+00  8.5697356E+05  3.3398232E-04
     1.5700000E+02    108.3928926  5.0281952E+07  2.0457360E+06  0.0000000E+00  4.9549018E+03  1.1332595E+02  0.0000000E+00  8.0203375E+05  1.7217030E+02  0.0000000E+00  1.2487049E+06  0.0000000E+00  0.0000000E+00  0.0000000E+00  8.3716638E+05 -5.4245745E-04
     1.5800000E+02    109.8815509  5.2299228E+07  2.0172760E+06  0.0000000E+00  6.0971988E+03  4.4650642E+01  0.0000000E+00  7.8796775E+05  1.8036520E+02  0.0000000E+00  1.2355219E+06  0.0000000E+00  0.0000000E+00  0.0000000E+00  8.2720475E+05 -9.5748319E-04
     1.5900000E+02    111.3231791  5.4298752E+07  1.9995240E+06  0.0000000E+00  6.0022505E+03  1.2468796E+01  0.0000000E+00  7.7843712E+05  1.8827957E+02  0.0000000E+00  1.2272371E+06  0.0000000E+00  0.0000000E+00  0.0000000E+00  8.2038400E+05 -1.3835659E-03
     1.6000000E+02    112.7298083  5.6288700E+07  1.9899480E+06  0.0000000E+00  4.7571487E+03  2.7679765E+00  0.0000000E+00  7.7131306E+05  2.2568442E+02  0.0000000E+00  1.2235991E+06  0.0000000E+00  0.0000000E+00  0.0000000E+00  8.1527062E+05 -7.9577323E-04
     1.6100000E+02    114.1057501  5.8269528E+07  1.9808280E+06  0.0000000E+00  5.2768930E+03  3.5471180E-01  0.0000000E+00  7.6834750E+05  3.2073911E+02  0.0000000E+00  1.2180164E+06  0.0000000E+00  0.0000000E+00  0.0000000E+00  8.1329381E+05 -3.0898161E-03
     1.6200000E+02    115.4495198  6.0236620E+07  1.9670920E+06  0.0000000E+00  6.2545258E+03  5.9265934E-02  0.0000000E+00  7.6073662E+05  4.9091016E+02  0.0000000E+00  1.2130988E+06  0.0000000E+00  0.0000000E+00  0.0000000E+00  8.0767875E+05 -1.0132558E-04
     1.6300000E+02    116.7636382  6.2194040E+07  1.9574200E+06  0.0000000E+00  8.0549395E+03  5.9155688E-02  0.0000000E+00  7.5589181E+05  2.4113242E+02  0.0000000E+00  1.2098211E+06  0.0000000E+00  0.0000000E+00  0.0000000E+00  8.0417369E+05 -1.5897540E-04
     1.6400000E+02    118.0507958  6.4143636E+07  1.9495960E+06  0.0000000E+00  9.0141785E+03  5.9042297E-02  0.0000000E+00  7.5171606E+05  5.0886166E+02  0.0000000E+00  1.2073952E+06  0.0000000E+00  0.0000000E+00  0.0000000E+00  8.0118412E+05 -3.8920707E-04
     1.6500000E+02    119.3167437  6.6088020E+07  1.9443840E+06  0.0000000E+00  8.2326537E+03  5.8929339E-02  0.0000000E+00  7.4774650E+05  6.5892151E+02  0.0000000E+00  1.2055246E+06  0.0000000E+00  0.0000000E+00  0.0000000E+00  7.9834562E+05 -2.3038276E-04
     1.6600000E+02    120.5626128  6.8025800E+07  1.9377800E+06  0.0000000E+00  9.7896199E+03  5.8816716E-02  0.0000000E+00  7.4424969E+05  4.1268298E+02  0.0000000E+00  1.2037241E+06  0.0000000E+00  0.0000000E+00  0.0000000E+00  7.9589331E+05 -4.2993389E-04
     1.6700000E+02    121.7905623  6.9958448E+07  1.9326480E+06  0.0000000E+00  9.6902021E+03  5.8704410E-02  0.0000000E+00  7.4047769E+05  3.1277277E+02  0.0000000E+00  1.2021599E+06  0.0000000E+00  0.0000000E+00  0.0000000E+00  7.9320894E+05 -6.8849692E-04
     1.6800000E+02    122.9973890  7.1885720E+07  1.9272720E+06  0.0000000E+00  9.6085598E+03  5.8592405E-02  0.0000000E+00  7.3661594E+05  4.1388889E+02  0.0000000E+00  1.2006681E+06  0.0000000E+00  0.0000000E+00  0.0000000E+00  7.9043825E+05 -5.3554354E-04
     1.6900000E+02    124.1880650  7.3806776E+07  1.9210560E+06  0.0000000E+00  1.0725573E+04  5.8480717E-02  0.0000000E+00  7.3291938E+05  3.2032715E+02  0.0000000E+00  1.1991745E+06  0.0000000E+00  0.0000000E+00  0.0000000E+00  7.8777412E+05 -4.1405857E-04
     1.7000000E+02    125.3632126  7.5722184E+07  1.9154080E+06  0.0000000E+00  1.1529102E+04  5.8369342E-02  0.0000000E+00  7.2945944E+05  3.3183960E+02  0.0000000E+00  1.1978090E+06  0.0000000E+00  0.0000000E+00  0.0000000E+00  7.8528069E+05 -2.5943453E-05
     1.7100000E+02    126.5241147  7.7633832E+07  1.9116480E+06  0.0000000E+00  1.1142314E+04  5.8258262E-02  0.0000000E+00  7.2628375E+05  3.8125092E+02  0.0000000E+00  1.1968734E+06  0.0000000E+00  0.0000000E+00  0.0000000E+00  7.8299338E+05 -7.5396855E-04
     1.7200000E+02    127.7560807  7.9688200E+07  2.0543680E+06  7.9476869E+04  8.9444466E+03  4.9770356E+03  0.0000000E+00  7.6070244E+05  3.5840121E+02  0.0000000E+00  1.2185049E+06  0.0000000E+00  0.0000000E+00  0.0000000E+00  8.1068506E+05 -4.6640408E-04
     1.7300000E+02    128.9093774  8.1630432E+07  1.9422320E+06  0.0000000E+00  7.1636999E+03  4.3780098E+01  0.0000000E+00  7.4496044E+05  3.9740619E+02  0.0000000E+00  1.2047846E+06  0.0000000E+00  0.0000000E+00  0.0000000E+00  7.9858294E+05 -2.1797232E-04
     1.7400000E+02    130.0464673  8.3560504E+07  1.9300720E+06  0.0000000E+00  8.0076822E+03  2.0177310E+00  0.0000000E+00  7.3736919E+05  3.8010233E+02  0.0000000E+00  1.2010826E+06  0.0000000E+00  0.0000000E+00  0.0000000E+00  7.9270675E+05 -3.0307661E-04
     1.7500000E+02    131.1686365  8.5480184E+07  1.9196800E+06  0.0000000E+00  1.0211090E+04  1.4462173E-01  0.0000000E+00  7.3157462E+05  3.8987759E+02  0.0000000E+00  1.1987001E+06  0.0000000E+00  0.0000000E+00  0.0000000E+00  7.8821500E+05 -3.1731231E-04
     1.7600000E+02    132.2737638  8.7392840E+07  1.9126560E+06  0.0000000E+00  1.1397929E+04  6.5468214E-02  0.0000000E+00  7.2745200E+05  4.0022583E+02  0.0000000E+00  1.1969991E+06  0.0000000E+00  0.0000000E+00  0.0000000E+00  7.8506944E+05 -1.4939324E-04
     1.7700000E+02    133.3680306  8.9299952E+07  1.9071120E+06  0.0000000E+00  1.2759798E+04  6.5324321E-02  0.0000000E+00  7.2441850E+05  4.0896094E+02  0.0000000E+00  1.1958509E+06  0.0000000E+00  0.0000000E+00  0.0000000E+00  7.8281544E+05 -5.8585528E-04
     1.7800000E+02    134.4525668  9.1202784E+07  1.9028320E+06  0.0000000E+00  1.3076343E+04  6.5186180E-02  0.0000000E+00  7.2142000E+05  4.1918320E+02  0.0000000E+00  1.1948942E+06  0.0000000E+00  0.0000000E+00  0.0000000E+00  7.8056512E+05 -6.8490847E-04
     1.7900000E+02    135.5199956  9.3096400E+07  1.8936160E+06  0.0000000E+00  1.4592247E+04  6.5048978E-02  0.0000000E+00  7.1480100E+05  4.1546271E+02  0.0000000E+00  1.1938105E+06  0.0000000E+00  0.0000000E+00  0.0000000E+00  7.7526594E+05 -6.3527853E-04
     1.8000000E+02    136.5621689  9.4959176E+07  1.8627760E+06  0.0000000E+00  1.2481995E+04  6.4912245E-02  0.0000000E+00  6.8258519E+05  3.9789560E+02  0.0000000E+00  1.1930328E+06  0.0000000E+00  0.0000000E+00  0.0000000E+00  7.4369138E+05 -2.0193344E-03
     1.8100000E+02    137.5492124  9.6733864E+07  1.7746880E+06  0.0000000E+00  1.0661924E+04  6.4775907E-02  0.0000000E+00  5.9561031E+05  4.1412222E+02  0.0000000E+00  1.1900895E+06  0.0000000E+00  0.0000000E+00  0.0000000E+00  6.4119088E+05 -3.5910290E-03
     1.8200000E+02    138.4803730  9.8427000E+07  1.6931360E+06  0.0000000E+00  1.3107245E+04  6.4639986E-02  0.0000000E+00  5.2177366E+05  5.8394360E+02  0.0000000E+00  1.1849500E+06  0.0000000E+00  0.0000000E+00  0.0000000E+00  5.9137306E+05 -6.0642501E-03
     1.8300000E+02    139.3841166  1.0007597E+08  1.6489680E+06  0.0000000E+00  1.3506983E+04  6.4504460E-02  0.0000000E+00  4.8022838E+05  4.4960522E+02  0.0000000E+00  1.1821809E+06  0.0000000E+00  0.0000000E+00  0.0000000E+00  5.6072906E+05 -3.0994171E-02
     1.8400000E+02    140.2313001  1.0163558E+08  1.5596160E+06  0.0000000E+00  1.1194599E+04  6.4369328E-02  0.0000000E+00  4.0028003E+05  4.7114743E+02  0.0000000E+00  1.1703316E+06  0.0000000E+00  0.0000000E+00  0.0000000E+00  4.9717197E+05 -4.2658538E-02
     1.8500000E+02    141.0449231  1.0314005E+08  1.5044640E+06  0.0000000E+00  1.0139614E+04  6.4234607E-02  0.0000000E+00  3.5233525E+05  6.3447296E+02  0.0000000E+00  1.1621302E+06  0.0000000E+00  0.0000000E+00  0.0000000E+00  4.5340638E+05 -5.1008090E-02
     1.8600000E+02    141.8245375  1.0459118E+08  1.4511360E+06  0.0000000E+00  1.0575967E+04  6.4100273E-02  0.0000000E+00  3.0849784E+05  5.1549927E+02  0.0000000E+00  1.1505290E+06  0.0000000E+00  0.0000000E+00  0.0000000E+00  4.0756384E+05 -2.1936710E-01
     1.8700000E+02    142.5757216  1.0599502E+08  1.4038320E+06  0.0000000E+00  1.3098163E+04  6.3966334E-02  0.0000000E+00  2.7546550E+05  5.3758765E+02  0.0000000E+00  1.1396689E+06  0.0000000E+00  0.0000000E+00  0.0000000E+00  3.6713372E+05 -1.6487832E-01
     1.8800000E+02    143.2486330  1.0726123E+08  1.2662160E+06  0.0000000E+00  1.5797794E+04  6.3832790E-02  0.0000000E+00  2.0122005E+05  5.5773059E+02  0.0000000E+00  1.0788950E+06  0.0000000E+00  0.0000000E+00  0.0000000E+00  2.8350169E+05 -1.9188704E-01
     1.8900000E+02    143.9011733  1.0848959E+08  1.2283600E+06  1.9684420E+04  1.5507699E+04  6.6029364E+02  0.0000000E+00  1.6790598E+05  6.2827002E+02  0.0000000E+00  1.0566432E+06  0.0000000E+00  0.0000000E+00  0.0000000E+00  2.3767717E+05  3.1970594E-02
     1.9000000E+02    144.5621826  1.0974816E+08  1.2585680E+06  0.0000000E+00  1.3030082E+04  8.1232232E-01  0.0000000E+00  1.8435177E+05  1.0882537E+03  0.0000000E+00  1.0858968E+06  0.0000000E+00  0.0000000E+00  0.0000000E+00  2.4557167E+05 -1.9185209E-01
     1.9100000E+02    145.2986551  1.1115042E+08  1.4022560E+06  2.9840260E+04  5.0106287E+03  1.0882219E+03  0.0000000E+00  2.4235919E+05  6.9762042E+02  0.0000000E+00  1.1349718E+06  0.0000000E+00  0.0000000E+00  0.0000000E+00  3.2501262E+05  2.0956721E-02
     1.9200000E+02    146.0232968  1.1254119E+08  1.3907760E+06  0.0000000E+00  1.1975612E+04  1.2128001E+00  0.0000000E+00  2.6092939E+05  6.3438507E+02  0.0000000E+00  1.1430012E+06  0.0000000E+00  0.0000000E+00  0.0000000E+00  3.4926556E+05  3.8881872E-02
     1.9300000E+02    146.6654960  1.1377655E+08  1.2353600E+06  0.0000000E+00  1.3587820E+04  9.4937153E-02  0.0000000E+00  1.7725811E+05  7.3645795E+02  0.0000000E+00  1.0701131E+06  0.0000000E+00  0.0000000E+00  0.0000000E+00  2.4808292E+05 -1.8541992E-01
     1.9400000E+02    147.2656811  1.1493639E+08  1.1598400E+06  0.0000000E+00  1.5211594E+04  9.4545022E-02  0.0000000E+00  1.3588472E+05  6.7067249E+02  0.0000000E+00  1.0338304E+06  0.0000000E+00  0.0000000E+00  0.0000000E+00  2.0297211E+05 -5.1354378E-01
     1.9500000E+02    147.8401530  1.1605498E+08  1.1185840E+06  0.0000000E+00  1.2809547E+04  9.4276354E-02  0.0000000E+00  1.1304472E+05  6.8744141E+02  0.0000000E+00  1.0166199E+06  0.0000000E+00  0.0000000E+00  0.0000000E+00  1.7475325E+05 -2.1389090E-01
     1.9600000E+02    148.3583599  1.1706400E+08  1.0090240E+06  3.3921775E+03  1.1058161E+04  9.3488983E+01  0.0000000E+00  9.3504430E+04  7.0210950E+02  0.0000000E+00  9.1984669E+05  0.0000000E+00  0.0000000E+00  0.0000000E+00  1.4461417E+05 -3.8820758E-01
     1.9700000E+02    148.8488753  1.1802395E+08  9.5995200E+05  0.0000000E+00  1.1945803E+04  7.8174427E-02  0.0000000E+00  8.3970281E+04  7.3583868E+02  0.0000000E+00  8.8361156E+05  0.0000000E+00  0.0000000E+00  0.0000000E+00  1.3144261E+05 -5.2209401E-01
     1.9800000E+02    149.3259358  1.1896297E+08  9.3901600E+05  0.0000000E+00  1.2018334E+04  4.5239683E-02  0.0000000E+00  7.9950039E+04  7.6661151E+02  0.0000000E+00  8.7245369E+05  0.0000000E+00  0.0000000E+00  0.0000000E+00  1.2760043E+05  6.3293800E-02
     1.9900000E+02    149.7943777  1.1988502E+08  9.2205600E+05  0.0000000E+00  1.6007852E+04  4.5083635E-02  0.0000000E+00  7.6131031E+04  7.4240558E+02  0.0000000E+00  8.5905312E+05  0.0000000E+00  0.0000000E+00  0.0000000E+00  1.2417346E+05 -3.8731006E-01
     2.0000000E+02    150.2021575  1.2068772E+08  8.0269600E+05  0.0000000E+00  1.8397861E+04  4.4965357E-02  0.0000000E+00  6.1617105E+04  7.5348108E+02  0.0000000E+00  7.5797031E+05  0.0000000E+00  0.0000000E+00  0.0000000E+00  1.1035216E+05 -2.7573323E-01
     2.0100000E+02    150.5843268  1.2144916E+08  7.6144000E+05  0.0000000E+00  2.0453374E+04  4.4851217E-02  0.0000000E+00  5.4154500E+04  7.8131476E+02  0.0000000E+00  7.3072438E+05  0.0000000E+00  0.0000000E+00  0.0000000E+00  1.0247554E+05  2.8083950E-01
     2.0200000E+02    150.9554761  1.2218865E+08  7.3948800E+05  0.0000000E+00  2.3100007E+04  4.4737861E-02  0.0000000E+00  5.1097285E+04  7.7380493E+02  0.0000000E+00  7.1257625E+05  0.0000000E+00  0.0000000E+00  0.0000000E+00  9.8739492E+04  4.0822417E-02
     2.0300000E+02    151.3173785  1.2290970E+08  7.2105600E+05  0.0000000E+00  2.3659072E+04  4.4624940E-02  0.0000000E+00  4.7208664E+04  7.8371265E+02  0.0000000E+00  6.9684994E+05  0.0000000E+00  0.0000000E+00  0.0000000E+00  9.4530359E+04 -1.9355834E-01
     2.0400000E+02    151.6423213  1.2355713E+08  6.4742400E+05  0.0000000E+00  2.2159996E+04  4.4512421E-02  0.0000000E+00  3.9256633E+04  7.9225793E+02  0.0000000E+00  6.2703862E+05  0.0000000E+00  0.0000000E+00  0.0000000E+00  8.4238461E+04 -6.1248177E-01
     2.0500000E+02    151.9443346  1.2416296E+08  6.0583200E+05  0.0000000E+00  1.9317896E+04  4.4400301E-02  0.0000000E+00  3.3518000E+04  8.0238348E+02  0.0000000E+00  5.8999825E+05  0.0000000E+00  0.0000000E+00  0.0000000E+00  7.6272023E+04 -3.9067742E-01
     2.0600000E+02    152.2355190  1.2475038E+08  5.8741600E+05  0.0000000E+00  1.2890265E+04  4.4288579E-02  0.0000000E+00  3.0093451E+04  8.0768280E+02  0.0000000E+00  5.7347712E+05  0.0000000E+00  0.0000000E+00  0.0000000E+00  7.1009195E+04  4.0702569E-01
     2.0700000E+02    152.5187955  1.2532184E+08  5.7146400E+05  0.0000000E+00  1.5150714E+04  4.4177253E-02  0.0000000E+00  2.7648131E+04  8.1514954E+02  0.0000000E+00  5.5610450E+05  0.0000000E+00  0.0000000E+00  0.0000000E+00  6.7008695E+04 -6.2992215E-01
     2.0800000E+02    152.7885993  1.2586613E+08  5.4428800E+05  0.0000000E+00  1.6284709E+04  4.4066314E-02  0.0000000E+00  2.4635039E+04  8.2217151E+02  0.0000000E+00  5.3463619E+05  0.0000000E+00  0.0000000E+00  0.0000000E+00  6.1733961E+04 -3.7971288E-01
     2.0900000E+02    153.0475987  1.2638862E+08  5.2248800E+05  0.0000000E+00  1.4632724E+04  4.3955773E-02  0.0000000E+00  2.1579604E+04  8.2978540E+02  0.0000000E+00  5.1431578E+05  0.0000000E+00  0.0000000E+00  0.0000000E+00  5.5860336E+04 -3.8348198E-01
     2.1000000E+02    153.2956200  1.2688896E+08  5.0034400E+05  0.0000000E+00  1.3706515E+04  4.3845616E-02  0.0000000E+00  1.9110773E+04  8.3556866E+02  0.0000000E+00  4.9918922E+05  0.0000000E+00  0.0000000E+00  0.0000000E+00  5.0625500E+04  6.5867978E-01
     2.1100000E+02    153.5361347  1.2737806E+08  4.8910400E+05  0.0000000E+00  1.3164950E+04  4.3735847E-02  0.0000000E+00  1.7574723E+04  8.4132520E+02  0.0000000E+00  4.8512800E+05  0.0000000E+00  0.0000000E+00  0.0000000E+00  4.6724145E+04 -8.1061818E-02
     2.1200000E+02    153.7689142  1.2785281E+08  4.7474400E+05  0.0000000E+00  1.7481158E+04  4.3626465E-02  0.0000000E+00  1.6182469E+04  8.4702771E+02  0.0000000E+00  4.7577919E+05  0.0000000E+00  0.0000000E+00  0.0000000E+00  4.3211934E+04 -2.2572896E-01
     2.1300000E+02    154.0691217  1.2846508E+08  6.1227200E+05  6.3992663E+04  1.6592950E+04  2.3784932E+03  0.0000000E+00  2.0815664E+04  1.2429471E+03  0.0000000E+00  5.4348362E+05  0.0000000E+00  0.0000000E+00  0.0000000E+00  5.4702035E+04  8.9200705E-02
     2.1400000E+02    154.3750527  1.2908902E+08  6.2393600E+05  1.5192090E+04  8.9533406E+03  5.1756250E+02  0.0000000E+00  2.5382801E+04  9.9595190E+02  0.0000000E+00  5.9464462E+05  0.0000000E+00  0.0000000E+00  0.0000000E+00  6.3708543E+04  2.9127607E-01
     2.1500000E+02    154.6886963  1.2972869E+08  6.3967200E+05  1.3536824E+04  7.7173855E+03  4.5388992E+02  0.0000000E+00  2.6969979E+04  8.8390778E+02  0.0000000E+00  6.0703156E+05  0.0000000E+00  0.0000000E+00  0.0000000E+00  6.6621641E+04 -4.3374360E-02
     2.1600000E+02    154.9876229  1.3033966E+08  6.1097600E+05  1.0176559E+04  1.9803688E+04  3.2128992E+02  0.0000000E+00  2.5949389E+04  9.6114136E+02  0.0000000E+00  5.9353525E+05  0.0000000E+00  0.0000000E+00  0.0000000E+00  6.4937766E+04 -2.7910498E-01
     2.1700000E+02    155.2699743  1.3092334E+08  5.8367200E+05  0.0000000E+00  1.9529066E+04  1.4916697E+00  0.0000000E+00  2.4391588E+04  9.0170160E+02  0.0000000E+00  5.8005469E+05  0.0000000E+00  0.0000000E+00  0.0000000E+00  6.2215191E+04  5.7076894E-02
     2.1800000E+02    155.5343904  1.3146994E+08  5.4660000E+05  0.0000000E+00  1.9321077E+04  1.9654197E-01  0.0000000E+00  2.0825412E+04  8.9193201E+02  0.0000000E+00  5.4330900E+05  0.0000000E+00  0.0000000E+00  0.0000000E+00  5.5068832E+04 -4.7477585E-01
     2.1900000E+02    155.7852259  1.3198846E+08  5.1852000E+05  0.0000000E+00  1.8459731E+04  1.0905886E-01  0.0000000E+00  1.8227299E+04  9.1747083E+02  0.0000000E+00  5.2431688E+05  0.0000000E+00  0.0000000E+00  0.0000000E+00  4.9729539E+04  8.5654294E-01
     2.2000000E+02    156.0304070  1.3249530E+08  5.0684000E+05  0.0000000E+00  1.9762868E+04  1.0875619E-01  0.0000000E+00  1.6112053E+04  9.0557593E+02  0.0000000E+00  5.0273044E+05  0.0000000E+00  0.0000000E+00  0.0000000E+00  4.3465984E+04 -1.6702260E+00
     2.2100000E+02    156.2610494  1.3297207E+08  4.7677600E+05  0.0000000E+00  2.0263792E+04  1.0846160E-01  0.0000000E+00  1.4575158E+04  9.1205316E+02  0.0000000E+00  4.9062122E+05  0.0000000E+00  0.0000000E+00  0.0000000E+00  3.9320789E+04  1.4340274E+00
     2.2200000E+02    156.4663294  1.3339642E+08  4.2435200E+05  0.0000000E+00  2.3073922E+04  1.0816890E-01  0.0000000E+00  1.0593387E+04  9.1714221E+02  0.0000000E+00  4.3518691E+05  0.0000000E+00  0.0000000E+00  0.0000000E+00  2.6894402E+04 -5.7486963E-01
     2.2300000E+02    156.6522482  1.3378434E+08  3.8792000E+05  0.0000000E+00  1.9073728E+04  1.0787740E-01  0.0000000E+00  8.1808130E+03  9.9461890E+02  0.0000000E+00  3.9130906E+05  0.0000000E+00  0.0000000E+00  0.0000000E+00  1.3618748E+04 -2.1273062E+00
     2.2400000E+02    156.8255505  1.3414729E+08  3.6294400E+05  0.0000000E+00  1.8535544E+04  1.0758708E-01  0.0000000E+00  7.6194712E+03  9.2567804E+02  0.0000000E+00  3.6106781E+05  0.0000000E+00  0.0000000E+00  0.0000000E+00  1.0618030E+03 -3.7207162E+00
     2.2500000E+02    156.9879786  1.3448746E+08  3.4016800E+05  0.0000000E+00  1.9622851E+04  1.0729790E-01  0.0000000E+00  7.6518848E+03  9.2949457E+02  0.0000000E+00  3.4369447E+05  0.0000000E+00  0.0000000E+00  0.0000000E+00  3.9722873E+02 -2.6679862E+00
     2.2600000E+02    157.1422488  1.3481054E+08  3.2308800E+05  0.0000000E+00  1.9538446E+04  1.0700988E-01  0.0000000E+00  7.4053730E+03  9.3316309E+02  0.0000000E+00  3.3472319E+05  0.0000000E+00  0.0000000E+00  0.0000000E+00  3.9658432E+02 -4.1824543E-01
     2.2700000E+02    157.2868478  1.3511339E+08  3.0284800E+05  0.0000000E+00  2.2620756E+04  1.0672298E-01  0.0000000E+00  7.5636831E+03  9.3657983E+02  0.0000000E+00  3.2292966E+05  0.0000000E+00  0.0000000E+00  0.0000000E+00  3.9594394E+02  1.2369667E+00
     2.2800000E+02    157.4208099  1.3539394E+08  2.8054400E+05  0.0000000E+00  2.8460675E+04  1.0643724E-01  0.0000000E+00  7.5792417E+03  9.3965527E+02  0.0000000E+00  3.0644528E+05  0.0000000E+00  0.0000000E+00  0.0000000E+00  3.9526135E+02  1.2993606E+00
     2.2900000E+02    157.5467614  1.3565773E+08  2.6379200E+05  0.0000000E+00  3.0343604E+04  1.0615262E-01  0.0000000E+00  7.2219448E+03  9.4231189E+02  0.0000000E+00  2.8629606E+05  0.0000000E+00  0.0000000E+00  0.0000000E+00  3.9458463E+02 -5.3140885E-01
     2.3000000E+02    157.6661505  1.3590776E+08  2.5003200E+05  0.0000000E+00  2.6239482E+04  1.0586910E-01  0.0000000E+00  7.1808271E+03  9.4706915E+02  0.0000000E+00  2.6617066E+05  0.0000000E+00  0.0000000E+00  0.0000000E+00  3.9394037E+02 -1.4146445E+00
     2.3100000E+02    157.7801918  1.3614659E+08  2.3883200E+05  0.0000000E+00  1.8997900E+04  1.0558670E-01  0.0000000E+00  7.1516079E+03  1.0213063E+03  0.0000000E+00  2.5384081E+05  0.0000000E+00  0.0000000E+00  0.0000000E+00  3.9268567E+02  8.2045573E-01
     2.3200000E+02    157.8881611  1.3637272E+08  2.2612800E+05  0.0000000E+00  1.9122743E+04  1.0530542E-01  0.0000000E+00  7.1235356E+03  1.0098920E+03  0.0000000E+00  2.4097811E+05  0.0000000E+00  0.0000000E+00  0.0000000E+00  3.9129370E+02  7.4207836E-01
     2.3300000E+02    157.9893966  1.3658474E+08  2.1201600E+05  0.0000000E+00  2.1574463E+04  1.0502523E-01  0.0000000E+00  7.0965303E+03  9.9893365E+02  0.0000000E+00  2.2901470E+05  0.0000000E+00  0.0000000E+00  0.0000000E+00  3.8983047E+02  6.4459127E-01
     2.3400000E+02    158.0859370  1.3678691E+08  2.0217600E+05  0.0000000E+00  2.0878025E+04  1.0474615E-01  0.0000000E+00  7.0703516E+03  9.8764606E+02  0.0000000E+00  2.1892098E+05  0.0000000E+00  0.0000000E+00  0.0000000E+00  3.8840225E+02  8.6276084E-01
     2.3500000E+02    158.1784939  1.3698374E+08  1.9683200E+05  0.0000000E+00  1.7590640E+04  1.0446814E-01  0.0000000E+00  7.0447759E+03  9.8111371E+02  0.0000000E+00  2.0984544E+05  0.0000000E+00  0.0000000E+00  0.0000000E+00  3.8712357E+02  6.8539828E-01
     2.3600000E+02    158.2678658  1.3717430E+08  1.9056000E+05  0.0000000E+00  1.5000203E+04  1.0419123E-01  0.0000000E+00  7.0197095E+03  9.8358612E+02  0.0000000E+00  2.0159475E+05  0.0000000E+00  0.0000000E+00  0.0000000E+00  3.8599442E+02  9.9263507E-01
     2.3700000E+02    158.3509620  1.3735150E+08  1.7720000E+05  0.0000000E+00  2.0375822E+04  1.0391541E-01  0.0000000E+00  6.9954868E+03  9.8314203E+02  0.0000000E+00  1.9259680E+05  0.0000000E+00  0.0000000E+00  0.0000000E+00  3.8477905E+02  5.1776618E-01
     2.3800000E+02    158.4270064  1.3751365E+08  1.6214400E+05  0.0000000E+00  2.6340461E+04  1.0364065E-01  0.0000000E+00  6.9722783E+03  9.9266119E+02  0.0000000E+00  1.8310275E+05  0.0000000E+00  0.0000000E+00  0.0000000E+00  3.8341260E+02  3.1461245E-01
     2.3900000E+02    158.4986455  1.3766640E+08  1.5275200E+05  0.0000000E+00  2.6276512E+04  1.0336696E-01  0.0000000E+00  6.9498770E+03  9.6058936E+02  0.0000000E+00  1.7410214E+05  0.0000000E+00  0.0000000E+00  0.0000000E+00  3.8208655E+02  5.8714098E-01
     2.4000000E+02    158.5670957  1.3781235E+08  1.4595200E+05  0.0000000E+00  2.4235151E+04  1.0309433E-01  0.0000000E+00  6.9270459E+03  9.6201154E+02  0.0000000E+00  1.6548055E+05  0.0000000E+00  0.0000000E+00  0.0000000E+00  3.8086951E+02  7.2998297E-01
     2.4100000E+02    158.6336698  1.3795432E+08  1.4196800E+05  0.0000000E+00  2.1726581E+04  1.0282277E-01  0.0000000E+00  6.9047598E+03  1.0020865E+03  0.0000000E+00  1.5660838E+05  0.0000000E+00  0.0000000E+00  0.0000000E+00  3.7980447E+02 -7.2375637E-01
     2.4200000E+02    158.6975320  1.3809050E+08  1.3617600E+05  0.0000000E+00  1.9236933E+04  1.0255225E-01  0.0000000E+00  6.8830923E+03  9.7568018E+02  0.0000000E+00  1.5067005E+05  0.0000000E+00  0.0000000E+00  0.0000000E+00  3.7885559E+02  7.3919457E-01
     2.4300000E+02    158.7583136  1.3822010E+08  1.2960000E+05  0.0000000E+00  1.9396879E+04  1.0228277E-01  0.0000000E+00  6.8620850E+03  9.8788904E+02  0.0000000E+00  1.4400375E+05  0.0000000E+00  0.0000000E+00  0.0000000E+00  3.7794928E+02  5.8407611E-01
     2.4400000E+02    158.8156977  1.3834245E+08  1.2235200E+05  0.0000000E+00  1.9859068E+04  1.0201434E-01  0.0000000E+00  6.8416987E+03  9.9515308E+02  0.0000000E+00  1.3725050E+05  0.0000000E+00  0.0000000E+00  0.0000000E+00  3.7705981E+02  6.1493790E-01
     2.4500000E+02    158.8694812  1.3845714E+08  1.1468800E+05  0.0000000E+00  2.1119102E+04  1.0174695E-01  0.0000000E+00  6.8218950E+03  9.9280573E+02  0.0000000E+00  1.3061946E+05  0.0000000E+00  0.0000000E+00  0.0000000E+00  3.7616873E+02  4.6677831E-01
     2.4600000E+02    158.9200768  1.3856502E+08  1.0788800E+05  0.0000000E+00  2.1762805E+04  1.0148059E-01  0.0000000E+00  6.8026187E+03  9.9057013E+02  0.0000000E+00  1.2463802E+05  0.0000000E+00  0.0000000E+00  0.0000000E+00  3.7529236E+02  6.0815191E-01
     2.4700000E+02    158.9690863  1.3866952E+08  1.0449600E+05  0.0000000E+00  2.0100065E+04  1.0121524E-01  0.0000000E+00  6.7836914E+03  9.8203674E+02  0.0000000E+00  1.1962426E+05  0.0000000E+00  0.0000000E+00  0.0000000E+00  3.7454996E+02  6.5656048E-01
     2.4800000E+02    159.0160794  1.3876973E+08  1.0020800E+05  0.0000000E+00  1.9613237E+04  1.0095093E-01  0.0000000E+00  6.7651094E+03  9.8149890E+02  0.0000000E+00  1.1487479E+05  0.0000000E+00  0.0000000E+00  0.0000000E+00  3.7449448E+02  6.8831438E-01
     2.4900000E+02    159.0606321  1.3886474E+08  9.5008000E+04  0.0000000E+00  2.0351418E+04  1.0068762E-01  0.0000000E+00  6.7469487E+03  9.7878851E+02  0.0000000E+00  1.1023685E+05  0.0000000E+00  0.0000000E+00  0.0000000E+00  3.7443884E+02  5.5194563E-01
     2.5000000E+02    159.1028937  1.3895485E+08  9.0112000E+04  0.0000000E+00  2.1003392E+04  1.0042533E-01  0.0000000E+00  6.7290962E+03  9.7670813E+02  0.0000000E+00  1.0595048E+05  0.0000000E+00  0.0000000E+00  0.0000000E+00  3.7438281E+02  5.2145189E-01
     2.5100000E+02    159.1438477  1.3904218E+08  8.7328000E+04  0.0000000E+00  1.9907009E+04  1.0016403E-01  0.0000000E+00  6.7114937E+03  9.7351947E+02  0.0000000E+00  1.0217170E+05  0.0000000E+00  0.0000000E+00  0.0000000E+00  3.7432666E+02  6.1970741E-01
     2.5200000E+02    159.1827380  1.3912509E+08  8.2912000E+04  0.0000000E+00  2.0819763E+04  9.9903725E-02  0.0000000E+00  6.6942637E+03  9.7082770E+02  0.0000000E+00  9.8570266E+04  0.0000000E+00  0.0000000E+00  0.0000000E+00  3.7427066E+02  5.3392965E-01
     2.5300000E+02    159.2322536  1.3923067E+08  1.0558400E+05  1.0990176E+04  9.0888274E+03  1.2218383E+02  0.0000000E+00  6.6756958E+03  1.0190919E+03  0.0000000E+00  9.7217422E+04  0.0000000E+00  0.0000000E+00  0.0000000E+00  3.7421344E+02 -5.9688056E-01
     2.5400000E+02    159.2690984  1.3930925E+08  7.8576000E+04  0.0000000E+00  2.0509483E+04  8.3427137E-01  0.0000000E+00  6.6732134E+03  9.6662030E+02  0.0000000E+00  9.3052547E+04  0.0000000E+00  0.0000000E+00  0.0000000E+00  3.7415692E+02 -3.2640022E-01
     2.5500000E+02    159.3034255  1.3938243E+08  7.3184000E+04  0.0000000E+00  2.0846857E+04  1.1613824E-01  0.0000000E+00  6.7024976E+03  9.6647253E+02  0.0000000E+00  9.0054484E+04  0.0000000E+00  0.0000000E+00  0.0000000E+00  3.7410144E+02  1.8187537E+00
     2.5600000E+02    159.3376484  1.3945541E+08  7.2976000E+04  0.0000000E+00  2.1144197E+04  1.1572052E-01  0.0000000E+00  6.6335347E+03  9.6631555E+02  0.0000000E+00  8.8053844E+04  0.0000000E+00  0.0000000E+00  0.0000000E+00  3.7404639E+02 -4.2141092E-01
     2.5700000E+02    159.3706356  1.3952574E+08  7.0336000E+04  0.0000000E+00  2.0900939E+04  1.1540945E-01  0.0000000E+00  6.6190703E+03  9.6613348E+02  0.0000000E+00  8.5810727E+04  0.0000000E+00  0.0000000E+00  0.0000000E+00  3.7399167E+02  2.4542244E-01
     2.5800000E+02    159.4031932  1.3959517E+08  6.9424000E+04  0.0000000E+00  1.9560000E+04  1.1511004E-01  0.0000000E+00  6.6020513E+03  9.6594049E+02  0.0000000E+00  8.3749828E+04  0.0000000E+00  0.0000000E+00  0.0000000E+00  3.7393704E+02  4.4497842E-01
     2.5900000E+02    159.4335244  1.3965984E+08  6.4672000E+04  0.0000000E+00  2.2190637E+04  1.1481282E-01  0.0000000E+00  6.5864014E+03  9.6568878E+02  0.0000000E+00  8.1468977E+04  0.0000000E+00  0.0000000E+00  0.0000000E+00  3.7388217E+02  2.5797829E-01
     2.6000000E+02    159.4645322  1.3972597E+08  6.6128000E+04  0.0000000E+00  1.8825254E+04  1.1451685E-01  0.0000000E+00  6.5722827E+03  9.6544891E+02  0.0000000E+00  7.9724320E+04  0.0000000E+00  0.0000000E+00  0.0000000E+00  3.7382730E+02  4.3804172E-01
     2.6100000E+02    159.4891585  1.3977848E+08  5.2512000E+04  0.0000000E+00  2.9952151E+04  1.1422201E-01  0.0000000E+00  6.5507822E+03  9.6503278E+02  0.0000000E+00  7.6831883E+04  0.0000000E+00  0.0000000E+00  0.0000000E+00  3.7377267E+02 -5.5649791E-02
     2.6200000E+02    159.5145979  1.3983272E+08  5.4240000E+04  0.0000000E+00  2.6119690E+04  1.1392829E-01  0.0000000E+00  6.5376611E+03  9.6460004E+02  0.0000000E+00  7.5003820E+04  0.0000000E+00  0.0000000E+00  0.0000000E+00  3.7371829E+02  2.6649553E-01
     2.6300000E+02    159.5422135  1.3989160E+08  5.8880000E+04  0.0000000E+00  1.9913682E+04  1.1363567E-01  0.0000000E+00  6.5260825E+03  9.6424268E+02  0.0000000E+00  7.3711688E+04  0.0000000E+00  0.0000000E+00  0.0000000E+00  3.7366354E+02  5.9817249E-01
     2.6400000E+02    159.5686240  1.3994792E+08  5.6320000E+04  0.0000000E+00  2.0919931E+04  1.1334417E-01  0.0000000E+00  6.5117837E+03  9.6386920E+02  0.0000000E+00  7.2057508E+04  0.0000000E+00  0.0000000E+00  0.0000000E+00  3.7360901E+02  4.6532804E-01
     2.6500000E+02    159.5918708  1.3999749E+08  4.9568000E+04  0.0000000E+00  2.5852527E+04  1.1305375E-01  0.0000000E+00  6.4955435E+03  9.6339740E+02  0.0000000E+00  7.0040156E+04  0.0000000E+00  0.0000000E+00  0.0000000E+00  3.7355496E+02  1.9845693E-01
     2.6600000E+02    159.6127589  1.4004203E+08  4.4544000E+04  0.0000000E+00  2.9018262E+04  1.1276445E-01  0.0000000E+00  6.4766670E+03  9.6313812E+02  0.0000000E+00  6.8082125E+04  0.0000000E+00  0.0000000E+00  0.0000000E+00  3.7350049E+02  4.4941396E-02
     2.6700000E+02    159.6338358  1.4008698E+08  4.4944000E+04  0.0000000E+00  2.7011555E+04  1.1247623E-01  0.0000000E+00  6.4675962E+03  9.6214789E+02  0.0000000E+00  6.6617805E+04  0.0000000E+00  0.0000000E+00  0.0000000E+00  3.7344681E+02  2.2961116E-01
     2.6800000E+02    159.6561745  1.4013461E+08  4.7632000E+04  0.0000000E+00  2.3002285E+04  1.1218911E-01  0.0000000E+00  6.4557031E+03  9.6156757E+02  0.0000000E+00  6.5493367E+04  0.0000000E+00  0.0000000E+00  0.0000000E+00  3.7339386E+02  4.9108014E-01
     2.6900000E+02    159.6760394  1.4017696E+08  4.2352000E+04  0.0000000E+00  2.6859612E+04  1.1190304E-01  0.0000000E+00  6.4405962E+03  9.6093878E+02  0.0000000E+00  6.3914926E+04  0.0000000E+00  0.0000000E+00  0.0000000E+00  3.7334131E+02  2.6022369E-01
     2.7000000E+02    159.6919258  1.4021128E+08  3.4320000E+04  0.0000000E+00  3.3128070E+04  1.1161806E-01  0.0000000E+00  6.4236040E+03  9.6020251E+02  0.0000000E+00  6.1950133E+04  0.0000000E+00  0.0000000E+00  0.0000000E+00  3.7328873E+02 -5.0343625E-02
     2.7100000E+02    159.7062595  1.4024237E+08  3.1088000E+04  0.0000000E+00  3.4597087E+04  1.1133415E-01  0.0000000E+00  6.4103472E+03  9.6084827E+02  0.0000000E+00  6.0255660E+04  0.0000000E+00  0.0000000E+00  0.0000000E+00  3.7323663E+02  3.0275641E-02
     2.7200000E+02    159.7224101  1.4027739E+08  3.5024000E+04  0.0000000E+00  2.9342854E+04  1.1105129E-01  0.0000000E+00  6.3981831E+03  9.5863477E+02  0.0000000E+00  5.9209039E+04  0.0000000E+00  0.0000000E+00  0.0000000E+00  3.7318445E+02  4.2959777E-01
     2.7300000E+02    159.7387147  1.4031275E+08  3.5360000E+04  0.0000000E+00  2.7869476E+04  1.1076949E-01  0.0000000E+00  6.3866279E+03  9.5785010E+02  0.0000000E+00  5.8119086E+04  0.0000000E+00  0.0000000E+00  0.0000000E+00  3.7313217E+02  4.9375385E-01
     2.7400000E+02    159.7566066  1.4035157E+08  3.8816000E+04  0.0000000E+00  2.3565152E+04  1.1048874E-01  0.0000000E+00  6.3769966E+03  9.5715723E+02  0.0000000E+00  5.7378074E+04  0.0000000E+00  0.0000000E+00  0.0000000E+00  3.7308032E+02  6.5386230E-01
     2.7500000E+02    159.7739109  1.4038910E+08  3.7536000E+04  0.0000000E+00  2.3956834E+04  1.1020906E-01  0.0000000E+00  6.3651475E+03  9.5646417E+02  0.0000000E+00  5.6424570E+04  0.0000000E+00  0.0000000E+00  0.0000000E+00  3.7302853E+02  5.4233503E-01
     2.7600000E+02    159.7904587  1.4042499E+08  3.5888000E+04  0.0000000E+00  2.4672433E+04  1.0993040E-01  0.0000000E+00  6.3528359E+03  9.5578680E+02  0.0000000E+00  5.5443957E+04  0.0000000E+00  0.0000000E+00  0.0000000E+00  3.7297638E+02  4.5419702E-01
     2.7700000E+02    159.8075860  1.4046214E+08  3.7152000E+04  0.0000000E+00  2.2625988E+04  1.0965278E-01  0.0000000E+00  6.3417280E+03  9.5512415E+02  0.0000000E+00  5.4703613E+04  0.0000000E+00  0.0000000E+00  0.0000000E+00  3.7292456E+02  5.1164490E-01
     2.7800000E+02    159.8256419  1.4050130E+08  3.9152000E+04  0.0000000E+00  1.9254198E+04  1.0937618E-01  0.0000000E+00  6.3250293E+03  1.2915966E+03  0.0000000E+00  5.3805609E+04  0.0000000E+00  0.0000000E+00  0.0000000E+00  3.7288733E+02  7.2002602E-01
     2.7900000E+02    159.8426634  1.4053822E+08  3.6928000E+04  0.0000000E+00  2.1061641E+04  1.0910061E-01  0.0000000E+00  6.3537803E+03  9.5424835E+02  0.0000000E+00  5.3205367E+04  0.0000000E+00  0.0000000E+00  0.0000000E+00  3.7283588E+02  1.0332016E+00
     2.8000000E+02    159.8594553  1.4057464E+08  3.6416000E+04  0.0000000E+00  2.0791210E+04  1.0882607E-01  0.0000000E+00  6.3032002E+03  1.2675060E+03  0.0000000E+00  5.2503887E+04  0.0000000E+00  0.0000000E+00  0.0000000E+00  3.7279898E+02  5.6536716E-01
     2.8100000E+02    159.8752559  1.4060891E+08  3.4272000E+04  0.0000000E+00  2.2373808E+04  1.0855254E-01  0.0000000E+00  6.2939746E+03  1.3426707E+03  0.0000000E+00  5.1881176E+04  0.0000000E+00  0.0000000E+00  0.0000000E+00  3.7276248E+02  3.2106647E-01
     2.8200000E+02    159.8918466  1.4064490E+08  3.5984000E+04  0.0000000E+00  2.0195002E+04  1.0828002E-01  0.0000000E+00  6.2847925E+03  1.3745160E+03  0.0000000E+00  5.1463812E+04  0.0000000E+00  0.0000000E+00  0.0000000E+00  3.7272656E+02  3.3800808E-01
     2.8300000E+02    159.9070204  1.4067781E+08  3.2912000E+04  0.0000000E+00  2.2680195E+04  1.0800849E-01  0.0000000E+00  6.3125737E+03  9.5286676E+02  0.0000000E+00  5.0851316E+04  0.0000000E+00  0.0000000E+00  0.0000000E+00  3.7267612E+02  1.0827401E+00
     2.8400000E+02    159.9213056  1.4070878E+08  3.0976000E+04  0.0000000E+00  2.3825916E+04  1.0773797E-01  0.0000000E+00  6.2641221E+03  1.2161838E+03  0.0000000E+00  5.0065480E+04  0.0000000E+00  0.0000000E+00  0.0000000E+00  3.7263943E+02  5.5319178E-01
     2.8500000E+02    159.9361952  1.4074109E+08  3.2304000E+04  0.0000000E+00  2.2004968E+04  1.0746846E-01  0.0000000E+00  6.2552363E+03  1.3056847E+03  0.0000000E+00  4.9561559E+04  0.0000000E+00  0.0000000E+00  0.0000000E+00  3.7260345E+02  3.6234543E-01
     2.8600000E+02    159.9484719  1.4076771E+08  2.6624000E+04  0.0000000E+00  2.6896524E+04  1.0719993E-01  0.0000000E+00  6.2467329E+03  1.2805475E+03  0.0000000E+00  4.8756949E+04  0.0000000E+00  0.0000000E+00  0.0000000E+00  3.7256766E+02  3.6855415E-01
     2.8700000E+02    159.9583499  1.4078914E+08  2.1424000E+04  0.0000000E+00  3.1132343E+04  1.0693237E-01  0.0000000E+00  6.2386313E+03  1.2190857E+03  0.0000000E+00  4.7794109E+04  0.0000000E+00  0.0000000E+00  0.0000000E+00  3.7253207E+02  4.7641376E-01
     2.8800000E+02    159.9688114  1.4081182E+08  2.2688000E+04  0.0000000E+00  2.9186511E+04  1.0666580E-01  0.0000000E+00  6.2531572E+03  9.5083588E+02  0.0000000E+00  4.7131125E+04  0.0000000E+00  0.0000000E+00  0.0000000E+00  3.7248163E+02  1.0472068E+00
     2.8900000E+02    159.9781896  1.4083218E+08  2.0352000E+04  0.0000000E+00  3.0709589E+04  1.0640021E-01  0.0000000E+00  6.2332886E+03  9.5005835E+02  0.0000000E+00  4.6307293E+04  0.0000000E+00  0.0000000E+00  0.0000000E+00  3.7243054E+02  1.0069131E+00
     2.9000000E+02    159.9871614  1.4085163E+08  1.9456000E+04  0.0000000E+00  3.0925025E+04  1.0613560E-01  0.0000000E+00  6.2090327E+03  1.1102932E+03  0.0000000E+00  4.5624723E+04  0.0000000E+00  0.0000000E+00  0.0000000E+00  3.7239392E+02  6.6085160E-01
     2.9100000E+02    159.9959489  1.4087069E+08  1.9056000E+04  0.0000000E+00  3.1319932E+04  1.0587195E-01  0.0000000E+00  6.2068174E+03  9.4876874E+02  0.0000000E+00  4.5251465E+04  0.0000000E+00  0.0000000E+00  0.0000000E+00  3.7234360E+02  2.5979352E-01
     2.9200000E+02    160.0049597  1.4089024E+08  1.9552000E+04  0.0000000E+00  2.9871427E+04  1.0560925E-01  0.0000000E+00  6.1904937E+03  1.1121755E+03  0.0000000E+00  4.4620469E+04  0.0000000E+00  0.0000000E+00  0.0000000E+00  3.7230740E+02  5.4213554E-01
     2.9300000E+02    160.0156741  1.4091347E+08  2.3232000E+04  0.0000000E+00  2.5967244E+04  1.0534751E-01  0.0000000E+00  6.1824448E+03  1.1959706E+03  0.0000000E+00  4.4377652E+04  0.0000000E+00  0.0000000E+00  0.0000000E+00  3.7227170E+02  3.2632044E-01
     2.9400000E+02    160.0289890  1.4094235E+08  2.8880000E+04  0.0000000E+00  2.0166692E+04  1.0508672E-01  0.0000000E+00  6.1741353E+03  1.2717172E+03  0.0000000E+00  4.4305852E+04  0.0000000E+00  0.0000000E+00  0.0000000E+00  3.7223660E+02  3.2029179E-01
     2.9500000E+02    160.0415874  1.4096968E+08  2.7328000E+04  0.0000000E+00  2.1270290E+04  1.0482688E-01  0.0000000E+00  6.1659092E+03  1.2816581E+03  0.0000000E+00  4.3869180E+04  0.0000000E+00  0.0000000E+00  0.0000000E+00  3.7220178E+02  3.1027380E-01
     2.9600000E+02    160.0539940  1.4099659E+08  2.6912000E+04  0.0000000E+00  2.1264341E+04  1.0456799E-01  0.0000000E+00  6.1577896E+03  1.2784218E+03  0.0000000E+00  4.3449328E+04  0.0000000E+00  0.0000000E+00  0.0000000E+00  3.7216702E+02  3.0733222E-01
     2.9700000E+02    160.0671928  1.4102522E+08  2.8624000E+04  0.0000000E+00  1.9223097E+04  1.0431002E-01  0.0000000E+00  6.1496323E+03  1.2925291E+03  0.0000000E+00  4.3145551E+04  0.0000000E+00  0.0000000E+00  0.0000000E+00  3.7213232E+02  3.1577483E-01
     2.9800000E+02    160.0785610  1.4104987E+08  2.4656000E+04  0.0000000E+00  2.2634622E+04  1.0405299E-01  0.0000000E+00  6.1417090E+03  1.2620149E+03  0.0000000E+00  4.2562031E+04  0.0000000E+00  0.0000000E+00  0.0000000E+00  3.7209766E+02  3.1046221E-01
     2.9900000E+02    160.0872661  1.4106875E+08  1.8880000E+04  0.0000000E+00  2.8140545E+04  1.0379691E-01  0.0000000E+00  6.1432314E+03  9.4576874E+02  0.0000000E+00  4.1940711E+04  0.0000000E+00  0.0000000E+00  0.0000000E+00  3.7204865E+02  2.4484716E-01
     3.0000000E+02    160.0957617  1.4108718E+08  1.8432000E+04  0.0000000E+00  2.7677926E+04  1.0354172E-01  0.0000000E+00  6.1239907E+03  1.1021791E+03  0.0000000E+00  4.1323121E+04  0.0000000E+00  0.0000000E+00  0.0000000E+00  3.7201312E+02  4.9551776E-01
     3.0100000E+02    160.1059571  1.4110930E+08  2.2112000E+04  0.0000000E+00  2.3808335E+04  1.0328746E-01  0.0000000E+00  6.1162759E+03  1.1832518E+03  0.0000000E+00  4.1130281E+04  0.0000000E+00  0.0000000E+00  0.0000000E+00  3.7197809E+02  3.0282399E-01
     3.0200000E+02    160.1175069  1.4113434E+08  2.5040000E+04  0.0000000E+00  2.0624953E+04  1.0303413E-01  0.0000000E+00  6.1084033E+03  1.2331982E+03  0.0000000E+00  4.0945785E+04  0.0000000E+00  0.0000000E+00  0.0000000E+00  3.7194308E+02  3.3183077E-01
     3.0300000E+02    160.1292215  1.4115974E+08  2.5408000E+04  0.0000000E+00  2.0365505E+04  1.0278170E-01  0.0000000E+00  6.1132500E+03  9.4406708E+02  0.0000000E+00  4.0713777E+04  0.0000000E+00  0.0000000E+00  0.0000000E+00  3.7189413E+02  2.3395976E-01
     3.0400000E+02    160.1398741  1.4118286E+08  2.3120000E+04  0.0000000E+00  2.1691662E+04  1.0253018E-01  0.0000000E+00  6.0900684E+03  1.1485933E+03  0.0000000E+00  4.0082387E+04  0.0000000E+00  0.0000000E+00  0.0000000E+00  3.7185873E+02  4.5980284E-01
     3.0500000E+02    160.1502068  1.4120526E+08  2.2400000E+04  0.0000000E+00  2.2005409E+04  1.0227955E-01  0.0000000E+00  6.1049746E+03  9.4308929E+02  0.0000000E+00  3.9668816E+04  0.0000000E+00  0.0000000E+00  0.0000000E+00  3.7180972E+02  9.2933875E-01
     3.0600000E+02    160.1607428  1.4122811E+08  2.2848000E+04  0.0000000E+00  2.1102788E+04  1.0202983E-01  0.0000000E+00  6.0721758E+03  1.1424456E+03  0.0000000E+00  3.9246914E+04  0.0000000E+00  0.0000000E+00  0.0000000E+00  3.7177466E+02  4.9859446E-01
     3.0700000E+02    160.1711126  1.4125061E+08  2.2496000E+04  0.0000000E+00  2.1132077E+04  1.0178100E-01  0.0000000E+00  6.0646533E+03  1.1995906E+03  0.0000000E+00  3.8888312E+04  0.0000000E+00  0.0000000E+00  0.0000000E+00  3.7174023E+02  2.7895847E-01
     3.0800000E+02    160.1807375  1.4127149E+08  2.0880000E+04  0.0000000E+00  2.2305205E+04  1.0153306E-01  0.0000000E+00  6.0572930E+03  1.1985988E+03  0.0000000E+00  3.8458258E+04  0.0000000E+00  0.0000000E+00  0.0000000E+00  3.7170599E+02  2.9618269E-01
     3.0900000E+02    160.1920904  1.4129611E+08  2.4624000E+04  3.6074923E+03  2.2015535E+04  2.3128761E+01  0.0000000E+00  6.0498022E+03  1.2309895E+03  0.0000000E+00  3.8322270E+04  0.0000000E+00  0.0000000E+00  0.0000000E+00  3.7167203E+02  2.7533042E-01
     3.1000000E+02    160.2025005  1.4131869E+08  2.2576000E+04  0.0000000E+00  2.0009016E+04  2.0906323E-01  0.0000000E+00  6.0424170E+03  1.2238032E+03  0.0000000E+00  3.7901332E+04  0.0000000E+00  0.0000000E+00  0.0000000E+00  3.7163828E+02  3.0752504E-01
     3.1100000E+02    160.2131440  1.4134178E+08  2.3088000E+04  0.0000000E+00  1.9170813E+04  2.9955752E-02  0.0000000E+00  6.0350742E+03  1.2240736E+03  0.0000000E+00  3.7574832E+04  0.0000000E+00  0.0000000E+00  0.0000000E+00  3.7160446E+02  2.9133448E-01
     3.1200000E+02    160.2214600  1.4135981E+08  1.8032000E+04  0.0000000E+00  2.3658782E+04  2.9848682E-02  0.0000000E+00  6.0280483E+03  1.1796047E+03  0.0000000E+00  3.6974805E+04  0.0000000E+00  0.0000000E+00  0.0000000E+00  3.7157117E+02  3.0810526E-01
     3.1300000E+02    160.2278948  1.4137378E+08  1.3968000E+04  0.0000000E+00  2.7538662E+04  2.9782161E-02  0.0000000E+00  6.0196924E+03  9.9450732E+02  0.0000000E+00  3.6442602E+04  0.0000000E+00  0.0000000E+00  0.0000000E+00  3.7152789E+02 -9.1482751E-02
     3.1400000E+02    160.2339004  1.4138680E+08  1.3024000E+04  0.0000000E+00  2.7986283E+04  2.9719865E-02  0.0000000E+00  6.0134961E+03  9.4088519E+02  0.0000000E+00  3.6049520E+04  0.0000000E+00  0.0000000E+00  0.0000000E+00  3.7148016E+02  2.6597908E-01
     3.1500000E+02    160.2413016  1.4140285E+08  1.6048000E+04  0.0000000E+00  2.4401550E+04  2.9658159E-02  0.0000000E+00  6.0037002E+03  1.0775298E+03  0.0000000E+00  3.5726809E+04  0.0000000E+00  0.0000000E+00  0.0000000E+00  3.7144568E+02  4.8755416E-01
     3.1600000E+02    160.2468282  1.4141483E+08  1.1984000E+04  0.0000000E+00  2.8036540E+04  2.9596685E-02  0.0000000E+00  5.9970615E+03  1.0840358E+03  0.0000000E+00  3.5225098E+04  0.0000000E+00  0.0000000E+00  0.0000000E+00  3.7141211E+02  2.8531548E-01
     3.1700000E+02    160.2533204  1.4142891E+08  1.4080000E+04  0.0000000E+00  2.5713814E+04  2.9535394E-02  0.0000000E+00  5.9904443E+03  1.1005507E+03  0.0000000E+00  3.5017621E+04  0.0000000E+00  0.0000000E+00  0.0000000E+00  3.7137885E+02  2.7733189E-01
     3.1800000E+02    160.2631449  1.4145022E+08  2.1312000E+04  0.0000000E+00  1.8523163E+04  2.9474298E-02  0.0000000E+00  5.9834419E+03  1.1720027E+03  0.0000000E+00  3.5133480E+04  0.0000000E+00  0.0000000E+00  0.0000000E+00  3.7134583E+02  2.6701179E-01
     3.1900000E+02    160.2708930  1.4146702E+08  1.6800000E+04  0.0000000E+00  2.2589861E+04  2.9413382E-02  0.0000000E+00  5.9766450E+03  1.1558066E+03  0.0000000E+00  3.4677316E+04  0.0000000E+00  0.0000000E+00  0.0000000E+00  3.7131311E+02  2.6645407E-01
     3.2000000E+02    160.2772560  1.4148083E+08  1.3808000E+04  0.0000000E+00  2.5164839E+04  2.9352648E-02  0.0000000E+00  5.9701187E+03  1.1194740E+03  0.0000000E+00  3.4216398E+04  0.0000000E+00  0.0000000E+00  0.0000000E+00  3.7128046E+02  2.3448749E-01
     3.2100000E+02    160.2853515  1.4149838E+08  1.7552000E+04  0.0000000E+00  2.1565949E+04  2.9292105E-02  0.0000000E+00  5.9712085E+03  9.3879810E+02  0.0000000E+00  3.4160281E+04  0.0000000E+00  0.0000000E+00  0.0000000E+00  3.7123465E+02  1.8631610E-01
     3.2200000E+02    160.2922837  1.4151342E+08  1.5040000E+04  0.0000000E+00  2.3374637E+04  2.9231740E-02  0.0000000E+00  5.9544087E+03  1.0720377E+03  0.0000000E+00  3.3681012E+04  0.0000000E+00  0.0000000E+00  0.0000000E+00  3.7120126E+02  3.7535942E-01
     3.2300000E+02    160.3005340  1.4153133E+08  1.7904000E+04  0.0000000E+00  2.0376521E+04  2.9171558E-02  0.0000000E+00  5.9475786E+03  1.1340020E+03  0.0000000E+00  3.3548992E+04  0.0000000E+00  0.0000000E+00  0.0000000E+00  3.7116797E+02  2.0781060E-01
     3.2400000E+02    160.3093236  1.4155038E+08  1.9056000E+04  0.0000000E+00  1.8997863E+04  2.9111557E-02  0.0000000E+00  5.9407173E+03  1.1629161E+03  0.0000000E+00  3.3377066E+04  0.0000000E+00  0.0000000E+00  0.0000000E+00  3.7113483E+02  2.5696549E-01
     3.2500000E+02    160.3136228  1.4155971E+08  9.3280000E+03  0.0000000E+00  2.8088629E+04  2.9051736E-02  0.0000000E+00  5.9344561E+03  1.0840179E+03  0.0000000E+00  3.2653764E+04  0.0000000E+00  0.0000000E+00  0.0000000E+00  3.7110193E+02  2.2702122E-01
     3.2600000E+02    160.3192871  1.4157200E+08  1.2288000E+04  0.0000000E+00  2.4956880E+04  2.8992096E-02  0.0000000E+00  5.9282061E+03  1.0809904E+03  0.0000000E+00  3.2484342E+04  0.0000000E+00  0.0000000E+00  0.0000000E+00  3.7106918E+02  2.2572562E-01
     3.2700000E+02    160.3280509  1.4159101E+08  1.9008000E+04  0.0000000E+00  1.8288888E+04  2.8932631E-02  0.0000000E+00  5.9396855E+03  9.3706726E+02  0.0000000E+00  3.2607062E+04  0.0000000E+00  0.0000000E+00  0.0000000E+00  3.7102316E+02  8.1153935E-01
     3.2800000E+02    160.3367164  1.4160979E+08  1.8784000E+04  0.0000000E+00  1.8588137E+04  2.8873352E-02  0.0000000E+00  5.9104438E+03  9.5739465E+02  0.0000000E+00  3.2420482E+04  0.0000000E+00  0.0000000E+00  0.0000000E+00  3.7097845E+02  3.7196600E-03
     3.2900000E+02    160.3440328  1.4162566E+08  1.5872000E+04  0.0000000E+00  2.0794814E+04  2.8814245E-02  0.0000000E+00  5.9036680E+03  1.0877511E+03  0.0000000E+00  3.1972500E+04  0.0000000E+00  0.0000000E+00  0.0000000E+00  3.7094522E+02  3.2112229E-01
     3.3000000E+02    160.3510654  1.4164093E+08  1.5264000E+04  0.0000000E+00  2.1138216E+04  2.8755317E-02  0.0000000E+00  5.8971099E+03  1.1141737E+03  0.0000000E+00  3.1689129E+04  0.0000000E+00  0.0000000E+00  0.0000000E+00  3.7091260E+02  1.8590568E-01
     3.3100000E+02    160.3557527  1.4165109E+08  1.0160000E+04  0.0000000E+00  2.5755392E+04  2.8696569E-02  0.0000000E+00  5.8909507E+03  1.0748010E+03  0.0000000E+00  3.1187287E+04  0.0000000E+00  0.0000000E+00  0.0000000E+00  3.7088077E+02  2.3753071E-01
     3.3200000E+02    160.3594237  1.4165906E+08  7.9680000E+03  0.0000000E+00  2.7614519E+04  2.8637992E-02  0.0000000E+00  5.8850547E+03  1.0407158E+03  0.0000000E+00  3.0812443E+04  0.0000000E+00  0.0000000E+00  0.0000000E+00  3.7084903E+02  2.0244680E-01
     3.3300000E+02    160.3632192  1.4166728E+08  8.2240000E+03  0.0000000E+00  2.7123120E+04  2.8579593E-02  0.0000000E+00  5.8792251E+03  1.0332808E+03  0.0000000E+00  3.0588381E+04  0.0000000E+00  0.0000000E+00  0.0000000E+00  3.7081769E+02  2.3920506E-01
     3.3400000E+02    160.3686082  1.4167898E+08  1.1696000E+04  0.0000000E+00  2.3599139E+04  2.8521366E-02  0.0000000E+00  5.8732358E+03  1.0629222E+03  0.0000000E+00  3.0554805E+04  0.0000000E+00  0.0000000E+00  0.0000000E+00  3.7078635E+02  1.9218631E-01
     3.3500000E+02    160.3763749  1.4169582E+08  1.6848000E+04  0.0000000E+00  1.8468401E+04  2.8463313E-02  0.0000000E+00  5.8669316E+03  1.1196271E+03  0.0000000E+00  3.0643121E+04  0.0000000E+00  0.0000000E+00  0.0000000E+00  3.7075507E+02  2.0283353E-01
     3.3600000E+02    160.3819184  1.4170784E+08  1.2016000E+04  0.0000000E+00  2.2911483E+04  2.8405435E-02  0.0000000E+00  5.8608604E+03  1.0949933E+03  0.0000000E+00  3.0244867E+04  0.0000000E+00  0.0000000E+00  0.0000000E+00  3.7072415E+02  2.3065919E-01
     3.3700000E+02    160.3859133  1.4171651E+08  8.6720000E+03  0.0000000E+00  2.6085252E+04  2.8347727E-02  0.0000000E+00  5.8583799E+03  9.3365424E+02  0.0000000E+00  2.9888965E+04  0.0000000E+00  0.0000000E+00  0.0000000E+00  3.7068005E+02  1.5796614E-01
     3.3800000E+02    160.3912301  1.4172803E+08  1.1520000E+04  0.0000000E+00  2.3141581E+04  2.8290194E-02  0.0000000E+00  5.8453574E+03  9.6290430E+02  0.0000000E+00  2.9771420E+04  0.0000000E+00  0.0000000E+00  0.0000000E+00  3.7063925E+02 -2.1567462E-02
     3.3900000E+02    160.3979751  1.4174267E+08  1.4640000E+04  0.0000000E+00  1.9783528E+04  2.8232832E-02  0.0000000E+00  5.8390767E+03  1.0730334E+03  0.0000000E+00  2.9739588E+04  0.0000000E+00  0.0000000E+00  0.0000000E+00  3.7060770E+02  2.3084283E-01
     3.4000000E+02    160.4055204  1.4175904E+08  1.6368000E+04  0.0000000E+00  1.7971144E+04  2.8175635E-02  0.0000000E+00  5.8327510E+03  1.1198210E+03  0.0000000E+00  2.9685518E+04  0.0000000E+00  0.0000000E+00  0.0000000E+00  3.7057645E+02  1.6704638E-01
     3.4100000E+02    160.4132242  1.4177574E+08  1.6704000E+04  0.0000000E+00  1.7355077E+04  2.8118614E-02  0.0000000E+00  5.8279858E+03  1.3241188E+03  0.0000000E+00  2.9604945E+04  0.0000000E+00  0.0000000E+00  0.0000000E+00  3.7055487E+02  1.4044458E-01
     3.4200000E+02    160.4209428  1.4179248E+08  1.6736000E+04  0.0000000E+00  1.7276827E+04  2.8061761E-02  0.0000000E+00  5.8217261E+03  1.1863818E+03  0.0000000E+00  2.9444334E+04  0.0000000E+00  0.0000000E+00  0.0000000E+00  3.7052441E+02  1.8964083E-01
     3.4300000E+02    160.4278075  1.4180738E+08  1.4896000E+04  0.0000000E+00  1.9354589E+04  2.8005075E-02  0.0000000E+00  5.8727480E+03  9.3184375E+02  0.0000000E+00  2.9092486E+04  0.0000000E+00  0.0000000E+00  0.0000000E+00  3.7048099E+02 -6.2110752E-01
     3.4400000E+02    160.4341017  1.4182102E+08  1.3648000E+04  0.0000000E+00  1.9898805E+04  2.7948556E-02  0.0000000E+00  5.8074995E+03  1.0444675E+03  0.0000000E+00  2.8849596E+04  0.0000000E+00  0.0000000E+00  0.0000000E+00  3.7045081E+02  1.9001436E-01
     3.4500000E+02    160.4391566  1.4183198E+08  1.0960000E+04  0.0000000E+00  2.2554456E+04  2.7892206E-02  0.0000000E+00  5.8314204E+03  9.3110138E+02  0.0000000E+00  2.8451691E+04  0.0000000E+00  0.0000000E+00  0.0000000E+00  3.7040790E+02 -4.7375464E-01
     3.4600000E+02    160.4428458  1.4183998E+08  8.0000000E+03  0.0000000E+00  2.4848062E+04  2.7836023E-02  0.0000000E+00  5.7940640E+03  9.9688379E+02  0.0000000E+00  2.8121648E+04  0.0000000E+00  0.0000000E+00  0.0000000E+00  3.7037772E+02  2.0874341E-01
     3.4700000E+02    160.4486055  1.4185248E+08  1.2496000E+04  0.0000000E+00  1.9972067E+04  2.7780006E-02  0.0000000E+00  5.8380098E+03  9.3029974E+02  0.0000000E+00  2.8329748E+04  0.0000000E+00  0.0000000E+00  0.0000000E+00  3.7033481E+02  2.2518871E+00
     3.4800000E+02    160.4779425  1.4191611E+08  6.3632000E+04  3.7370209E+04  1.1203631E+04  3.1548376E+02  0.0000000E+00  5.7769917E+03  9.2874707E+02  0.0000000E+00  3.2293031E+04  0.0000000E+00  0.0000000E+00  0.0000000E+00  3.7033475E+02 -1.1442000E-02
     3.4900000E+02    160.4871545  1.4193610E+08  1.9984000E+04  0.0000000E+00  1.5886367E+04  3.4445801E+00  0.0000000E+00  5.7700054E+03  9.2604865E+02  0.0000000E+00  3.1004152E+04  0.0000000E+00  0.0000000E+00  0.0000000E+00  3.7033459E+02 -5.1157370E-02
     3.5000000E+02    160.4951755  1.4195349E+08  1.7392000E+04  0.0000000E+00  1.8013868E+04  2.8835958E-01  0.0000000E+00  5.7639561E+03  9.2384949E+02  0.0000000E+00  3.0561139E+04  0.0000000E+00  0.0000000E+00  0.0000000E+00  3.7032864E+02 -1.1931008E-02
     3.5100000E+02    160.5030175  1.4197050E+08  1.7008000E+04  0.0000000E+00  1.8224890E+04  6.1050937E-02  0.0000000E+00  5.7604790E+03  9.2188507E+02  0.0000000E+00  3.0126592E+04  0.0000000E+00  0.0000000E+00  0.0000000E+00  3.7031763E+02 -7.4578983E-01
     3.5200000E+02    160.5099704  1.4198558E+08  1.5088000E+04  0.0000000E+00  1.9178922E+04  6.0879204E-02  0.0000000E+00  5.7507930E+03  1.0565083E+03  0.0000000E+00  2.9731689E+04  0.0000000E+00  0.0000000E+00  0.0000000E+00  3.7030728E+02  4.4842693E-01
     3.5300000E+02    160.5152418  1.4199701E+08  1.1424000E+04  0.0000000E+00  2.2398826E+04  6.0719494E-02  0.0000000E+00  5.7457471E+03  1.0574568E+03  0.0000000E+00  2.9247719E+04  0.0000000E+00  0.0000000E+00  0.0000000E+00  3.7029553E+02  3.2361454E-01
     3.5400000E+02    160.5224205  1.4201258E+08  1.5568000E+04  0.0000000E+00  1.8112474E+04  6.0561515E-02  0.0000000E+00  5.7405278E+03  1.0904591E+03  0.0000000E+00  2.9139199E+04  0.0000000E+00  0.0000000E+00  0.0000000E+00  3.7028207E+02  3.1208751E-01
     3.5500000E+02    160.5287395  1.4202629E+08  1.3712000E+04  0.0000000E+00  1.9532142E+04  6.0404249E-02  0.0000000E+00  5.8055132E+03  9.1689514E+02  0.0000000E+00  2.9041498E+04  0.0000000E+00  0.0000000E+00  0.0000000E+00  3.7026117E+02  1.9687026E+00
     3.5600000E+02    160.5345283  1.4203885E+08  1.2560000E+04  0.0000000E+00  2.0649721E+04  6.0247585E-02  0.0000000E+00  5.7260991E+03  9.1552130E+02  0.0000000E+00  2.8392033E+04  0.0000000E+00  0.0000000E+00  0.0000000E+00  3.7023520E+02 -2.0665754E-02
     3.5700000E+02    160.5391950  1.4204896E+08  1.0112000E+04  0.0000000E+00  2.2273379E+04  6.0091510E-02  0.0000000E+00  5.7203350E+03  1.0006208E+03  0.0000000E+00  2.7833736E+04  0.0000000E+00  0.0000000E+00  0.0000000E+00  3.7021597E+02  5.0107932E-01
     3.5800000E+02    160.5450904  1.4206176E+08  1.2800000E+04  0.0000000E+00  1.9449530E+04  5.9936013E-02  0.0000000E+00  5.7148237E+03  1.0473560E+03  0.0000000E+00  2.7666543E+04  0.0000000E+00  0.0000000E+00  0.0000000E+00  3.7019702E+02  2.5325766E-01
     3.5900000E+02    160.5519079  1.4207654E+08  1.4784000E+04  0.0000000E+00  1.7269478E+04  5.9781104E-02  0.0000000E+00  5.7092666E+03  1.0796025E+03  0.0000000E+00  2.7521438E+04  0.0000000E+00  0.0000000E+00  0.0000000E+00  3.7017761E+02  2.9395530E-01
     3.6000000E+02    160.5573156  1.4208827E+08  1.1728000E+04  0.0000000E+00  1.9949123E+04  5.9626773E-02  0.0000000E+00  5.7039106E+03  1.0615835E+03  0.0000000E+00  2.7127123E+04  0.0000000E+00  0.0000000E+00  0.0000000E+00  3.7015750E+02  2.8140005E-01
     3.6100000E+02    160.5615419  1.4209744E+08  9.1680000E+03  0.0000000E+00  2.2223664E+04  5.9473012E-02  0.0000000E+00  5.7495361E+03  9.1062775E+02  0.0000000E+00  2.6949775E+04  0.0000000E+00  0.0000000E+00  0.0000000E+00  3.7012793E+02  1.2143356E+00
     3.6200000E+02    160.5661243  1.4210738E+08  9.9360000E+03  0.0000000E+00  2.1388575E+04  5.9319831E-02  0.0000000E+00  5.6898081E+03  9.0914502E+02  0.0000000E+00  2.6547031E+04  0.0000000E+00  0.0000000E+00  0.0000000E+00  3.7010504E+02  9.8635033E-03
     3.6300000E+02    160.5724581  1.4212112E+08  1.3744000E+04  0.0000000E+00  1.7225903E+04  5.9167217E-02  0.0000000E+00  5.6942310E+03  9.0740314E+02  0.0000000E+00  2.6425195E+04  0.0000000E+00  0.0000000E+00  0.0000000E+00  3.7008170E+02  7.5400221E-01
     3.6400000E+02    160.5812683  1.4214022E+08  1.9104000E+04  0.0000000E+00  1.1396498E+04  5.9015173E-02  0.0000000E+00  5.7436636E+03  9.0601263E+02  0.0000000E+00  2.6782148E+04  0.0000000E+00  0.0000000E+00  0.0000000E+00  3.7005658E+02  3.4414432E+00
     3.6500000E+02    160.5892236  1.4215747E+08  1.7248000E+04  0.0000000E+00  1.3742830E+04  5.8863688E-02  0.0000000E+00  5.6669097E+03  9.0499902E+02  0.0000000E+00  2.6236740E+04  0.0000000E+00  0.0000000E+00  0.0000000E+00  3.7003018E+02  2.4695894E-02
     3.6600000E+02    160.5972775  1.4217494E+08  1.7472000E+04  0.0000000E+00  1.3227096E+04  5.8712766E-02  0.0000000E+00  5.6601079E+03  9.0335083E+02  0.0000000E+00  2.5987375E+04  0.0000000E+00  0.0000000E+00  0.0000000E+00  3.7000443E+02  1.4248738E-01
     3.6700000E+02    160.6041387  1.4218982E+08  1.4880000E+04  0.0000000E+00  1.5221799E+04  5.8562402E-02  0.0000000E+00  5.6653794E+03  9.0209698E+02  0.0000000E+00  2.5592809E+04  0.0000000E+00  0.0000000E+00  0.0000000E+00  3.6997787E+02  8.1370717E-01
     3.6800000E+02    160.6120807  1.4220706E+08  1.7232000E+04  0.0000000E+00  1.2473727E+04  5.8412593E-02  0.0000000E+00  5.7081655E+03  9.0092413E+02  0.0000000E+00  2.5729344E+04  0.0000000E+00  0.0000000E+00  0.0000000E+00  3.6994943E+02  2.6430733E+00
     3.6900000E+02    160.6218623  1.4222827E+08  2.1216000E+04  0.0000000E+00  9.0896657E+03  5.8263347E-02  0.0000000E+00  5.6369536E+03  8.9946472E+02  0.0000000E+00  2.5568865E+04  0.0000000E+00  0.0000000E+00  0.0000000E+00  3.6993683E+02  2.3908757E-03
     3.7000000E+02    160.6309067  1.4224789E+08  1.9616000E+04  0.0000000E+00  1.0176445E+04  5.8114648E-02  0.0000000E+00  5.6311909E+03  1.0836088E+03  0.0000000E+00  2.5315125E+04  0.0000000E+00  0.0000000E+00  0.0000000E+00  3.6992651E+02  2.2723280E-01
     3.7100000E+02    160.6394711  1.4226646E+08  1.8576000E+04  0.0000000E+00  1.0550811E+04  5.7966497E-02  0.0000000E+00  5.7155498E+03  8.9603046E+02  0.0000000E+00  2.5249049E+04  0.0000000E+00  0.0000000E+00  0.0000000E+00  3.6991068E+02  3.0415852E+00
     3.7200000E+02    160.6473882  1.4228363E+08  1.7168000E+04  0.0000000E+00  1.2432166E+04  5.7818890E-02  0.0000000E+00  5.6168711E+03  8.9476746E+02  0.0000000E+00  2.4883449E+04  0.0000000E+00  0.0000000E+00  0.0000000E+00  3.6988959E+02  1.7853262E-02
     3.7300000E+02    160.6557339  1.4230173E+08  1.8096000E+04  0.0000000E+00  1.1357415E+04  5.7671826E-02  0.0000000E+00  5.6093672E+03  8.9350702E+02  0.0000000E+00  2.4744826E+04  0.0000000E+00  0.0000000E+00  0.0000000E+00  3.6986829E+02  2.4148440E-02
     3.7400000E+02    160.6639082  1.4231947E+08  1.7744000E+04  0.0000000E+00  1.1511917E+04  5.7525307E-02  0.0000000E+00  5.6030781E+03  8.9168927E+02  0.0000000E+00  2.4567211E+04  0.0000000E+00  0.0000000E+00  0.0000000E+00  3.6984677E+02  7.5366326E-02
     3.7500000E+02    160.6718314  1.4233666E+08  1.7184000E+04  0.0000000E+00  1.1613010E+04  5.7379320E-02  0.0000000E+00  5.6106416E+03  8.9040765E+02  0.0000000E+00  2.4336146E+04  0.0000000E+00  0.0000000E+00  0.0000000E+00  3.6982324E+02  8.6629403E-01
     3.7600000E+02    160.6804207  1.4235528E+08  1.8624000E+04  0.0000000E+00  9.7079214E+03  5.7233870E-02  0.0000000E+00  5.6573828E+03  8.8920569E+02  0.0000000E+00  2.4443514E+04  0.0000000E+00  0.0000000E+00  0.0000000E+00  3.6979779E+02  2.9229181E+00
     3.7700000E+02    160.7003393  1.4239848E+08  4.3200000E+04  1.8003706E+04  5.3674612E+03  1.1836118E+02  0.0000000E+00  5.5786602E+03  8.8919116E+02  0.0000000E+00  2.5758168E+04  0.0000000E+00  0.0000000E+00  0.0000000E+00  3.6977133E+02  4.5334361E-03
     3.7800000E+02    160.9553617  1.4295162E+08  5.5313600E+05  3.9718704E+05  4.8888698E+03  2.8038900E+04  0.0000000E+00  5.5447231E+03  9.0545966E+02  0.0000000E+00  1.2815741E+05  0.0000000E+00  0.0000000E+00  0.0000000E+00  3.6977731E+02 -4.0255627E-04
     3.7900000E+02    161.0073269  1.4306432E+08  1.1270400E+05  5.4192584E+03  1.3011736E+04  1.4942184E+02  0.0000000E+00  5.5317676E+03  8.9344879E+02  0.0000000E+00  1.1555484E+05  0.0000000E+00  0.0000000E+00  0.0000000E+00  3.6977505E+02  3.6399242E-02
     3.8000000E+02    161.0552744  1.4316832E+08  1.0400000E+05  0.0000000E+00  1.3573013E+04  4.0157146E+00  0.0000000E+00  5.5151235E+03  8.9540527E+02  0.0000000E+00  1.1295096E+05  0.0000000E+00  0.0000000E+00  0.0000000E+00  3.6976941E+02  1.4244100E-03
     3.8100000E+02    161.1000480  1.4326544E+08  9.7120000E+04  0.0000000E+00  1.2263359E+04  2.2682904E-01  0.0000000E+00  5.5035820E+03  8.9780493E+02  0.0000000E+00  1.0463992E+05  0.0000000E+00  0.0000000E+00  0.0000000E+00  3.6975974E+02 -1.2477304E-01
     3.8200000E+02    161.1394093  1.4335080E+08  8.5360000E+04  0.0000000E+00  1.4017583E+04  1.0018261E-01  0.0000000E+00  5.5207280E+03  8.9184033E+02  0.0000000E+00  9.4282031E+04  0.0000000E+00  0.0000000E+00  0.0000000E+00  3.6974664E+02 -4.6748409E-01
     3.8300000E+02    161.1758980  1.4342995E+08  7.9152000E+04  0.0000000E+00  1.0930606E+04  9.9847175E-02  0.0000000E+00  5.4823325E+03  8.9132520E+02  0.0000000E+00  8.5533867E+04  0.0000000E+00  0.0000000E+00  0.0000000E+00  3.6972873E+02  4.6549011E-02
     3.8400000E+02    161.2637429  1.4362061E+08  1.9065600E+05  9.7819234E+04  5.0355816E+03  2.2261216E+03  0.0000000E+00  5.4645894E+03  8.9583240E+02  0.0000000E+00  9.1088891E+04  0.0000000E+00  0.0000000E+00  0.0000000E+00  3.6971518E+02  5.8176843E-03
     3.8500000E+02    161.2971179  1.4369419E+08  7.3584000E+04  0.0000000E+00  1.0412064E+04  3.5395512E+01  0.0000000E+00  5.4524580E+03  8.9340173E+02  0.0000000E+00  7.9397938E+04  0.0000000E+00  0.0000000E+00  0.0000000E+00  3.6970026E+02 -4.3348689E-03
     3.8600000E+02    161.3274552  1.4376107E+08  6.6880000E+04  0.0000000E+00  1.0804558E+04  2.4819925E+00  0.0000000E+00  5.4426577E+03  8.9182397E+02  0.0000000E+00  7.3134430E+04  0.0000000E+00  0.0000000E+00  0.0000000E+00  3.6968881E+02  4.0563978E-03
     3.8700000E+02    161.3557717  1.4382350E+08  6.2432000E+04  0.0000000E+00  1.0598184E+04  7.2161250E-02  0.0000000E+00  5.4344448E+03  8.8939056E+02  0.0000000E+00  6.8572906E+04  0.0000000E+00  0.0000000E+00  0.0000000E+00  3.6968018E+02  1.1870115E-01
     3.8800000E+02    161.3816598  1.4388058E+08  5.7072000E+04  0.0000000E+00  1.2072365E+04  7.1929462E-02  0.0000000E+00  5.4256279E+03  9.0211102E+02  0.0000000E+00  6.4659941E+04  0.0000000E+00  0.0000000E+00  0.0000000E+00  3.6966949E+02  5.5880293E-02
     3.8900000E+02    161.4058209  1.4393386E+08  5.3280000E+04  0.0000000E+00  1.0912006E+04  7.1772955E-02  0.0000000E+00  5.4190220E+03  1.3029727E+03  0.0000000E+00  6.1282453E+04  0.0000000E+00  0.0000000E+00  0.0000000E+00  3.6966229E+02  1.8089091E+00
     3.9000000E+02    161.4285765  1.4398402E+08  5.0160000E+04  0.0000000E+00  1.2105098E+04  7.1624361E-02  0.0000000E+00  5.4125752E+03  1.4066936E+03  0.0000000E+00  5.9007359E+04  0.0000000E+00  0.0000000E+00  0.0000000E+00  3.6965335E+02  1.1614695E+00
     3.9100000E+02    161.4508578  1.4403314E+08  4.9120000E+04  0.0000000E+00  1.1194806E+04  7.1476951E-02  0.0000000E+00  5.4062456E+03  1.4260543E+03  0.0000000E+00  5.7049336E+04  0.0000000E+00  0.0000000E+00  0.0000000E+00  3.6964401E+02  1.1444746E+00
     3.9200000E+02    161.4736871  1.4408347E+08  5.0336000E+04  0.0000000E+00  8.4783798E+03  7.1330048E-02  0.0000000E+00  5.3997803E+03  1.4486802E+03  0.0000000E+00  5.5479008E+04  0.0000000E+00  0.0000000E+00  0.0000000E+00  3.6963321E+02  1.0115118E+00
     3.9300000E+02    161.4969264  1.4413470E+08  5.1232000E+04  0.0000000E+00  6.3011930E+03  7.1183592E-02  0.0000000E+00  5.4487437E+03  8.8679175E+02  0.0000000E+00  5.4142703E+04  0.0000000E+00  0.0000000E+00  0.0000000E+00  3.6961646E+02  1.9659427E+00
     3.9400000E+02    161.5184363  1.4418213E+08  4.7424000E+04  0.0000000E+00  8.3811998E+03  7.1037576E-02  0.0000000E+00  5.3853379E+03  1.2765933E+03  0.0000000E+00  5.2426910E+04  0.0000000E+00  0.0000000E+00  0.0000000E+00  3.6960281E+02  1.2636188E+00
     3.9500000E+02    161.5394533  1.4422846E+08  4.6336000E+04  0.0000000E+00  8.5084815E+03  7.0891976E-02  0.0000000E+00  5.3788794E+03  1.3913090E+03  0.0000000E+00  5.1253559E+04  0.0000000E+00  0.0000000E+00  0.0000000E+00  3.6958884E+02  7.0051420E-01
     3.9600000E+02    161.5597341  1.4427317E+08  4.4704000E+04  0.0000000E+00  9.0524023E+03  7.0746809E-02  0.0000000E+00  5.4219854E+03  8.8608130E+02  0.0000000E+00  5.0177355E+04  0.0000000E+00  0.0000000E+00  0.0000000E+00  3.6956842E+02  1.7211078E+00
     3.9700000E+02    161.5795371  1.4431683E+08  4.3664000E+04  0.0000000E+00  8.6547761E+03  7.0602067E-02  0.0000000E+00  5.3648335E+03  1.2467590E+03  0.0000000E+00  4.8786488E+04  0.0000000E+00  0.0000000E+00  0.0000000E+00  3.6955292E+02  1.0818844E+00
     3.9800000E+02    161.5985363  1.4435872E+08  4.1888000E+04  0.0000000E+00  9.3896528E+03  7.0457742E-02  0.0000000E+00  5.5546362E+03  8.8555255E+02  0.0000000E+00  4.8562207E+04  0.0000000E+00  0.0000000E+00  0.0000000E+00  3.6953091E+02  3.6101670E+00
     3.9900000E+02    161.6177371  1.4440106E+08  4.2336000E+04  0.0000000E+00  8.8151194E+03  7.0313856E-02  0.0000000E+00  5.3595410E+03  8.8519055E+02  0.0000000E+00  4.6793062E+04  0.0000000E+00  0.0000000E+00  0.0000000E+00  3.6950922E+02  2.2312793E-01
     4.0000000E+02    161.6362750  1.4444192E+08  4.0864000E+04  0.0000000E+00  8.2221914E+03  7.0170380E-02  0.0000000E+00  5.3439014E+03  1.2341228E+03  0.0000000E+00  4.5462184E+04  0.0000000E+00  0.0000000E+00  0.0000000E+00  3.6949402E+02  9.5626944E-01
     4.0100000E+02    161.6542540  1.4448155E+08  3.9632000E+04  0.0000000E+00  8.7600946E+03  7.0027336E-02  0.0000000E+00  5.3380347E+03  1.3272355E+03  0.0000000E+00  4.4647988E+04  0.0000000E+00  0.0000000E+00  0.0000000E+00  3.6947885E+02  5.3367966E-01
     4.0200000E+02    161.6721119  1.4452093E+08  3.9376000E+04  0.0000000E+00  8.0083579E+03  6.9884688E-02  0.0000000E+00  5.3338047E+03  2.1079604E+03  0.0000000E+00  4.4280875E+04  0.0000000E+00  0.0000000E+00  0.0000000E+00  3.6947156E+02  2.4676067E-01
     4.0300000E+02    161.6900320  1.4456043E+08  3.9504000E+04  0.0000000E+00  7.6682205E+03  6.9742478E-02  0.0000000E+00  5.3280356E+03  1.5441964E+03  0.0000000E+00  4.3648688E+04  0.0000000E+00  0.0000000E+00  0.0000000E+00  3.6945648E+02  5.3162932E-01
     4.0400000E+02    161.7078103  1.4459963E+08  3.9200000E+04  0.0000000E+00  6.7244325E+03  6.9600679E-02  0.0000000E+00  5.5366162E+03  8.8480560E+02  0.0000000E+00  4.3615875E+04  0.0000000E+00  0.0000000E+00  0.0000000E+00  3.6943515E+02  4.7674508E+00
     4.0500000E+02    161.7260501  1.4463984E+08  4.0208000E+04  0.0000000E+00  6.7588597E+03  6.9459282E-02  0.0000000E+00  5.3486255E+03  8.8445172E+02  0.0000000E+00  4.2372844E+04  0.0000000E+00  0.0000000E+00  0.0000000E+00  3.6941418E+02 -2.7193892E-01
     4.0600000E+02    161.7434179  1.4467813E+08  3.8288000E+04  0.0000000E+00  7.0283806E+03  6.9318309E-02  0.0000000E+00  5.3081377E+03  1.2184382E+03  0.0000000E+00  4.1517168E+04  0.0000000E+00  0.0000000E+00  0.0000000E+00  3.6939856E+02  6.2050688E-01
     4.0700000E+02    161.7599836  1.4471466E+08  3.6528000E+04  0.0000000E+00  7.6638113E+03  6.9177747E-02  0.0000000E+00  5.4753340E+03  8.8392133E+02  0.0000000E+00  4.1371648E+04  0.0000000E+00  0.0000000E+00  0.0000000E+00  3.6937653E+02  3.7810712E+00
     4.0800000E+02    161.7778622  1.4475408E+08  3.9424000E+04  0.0000000E+00  5.5200954E+03  6.9037586E-02  0.0000000E+00  5.3018271E+03  8.8344598E+02  0.0000000E+00  4.0574965E+04  0.0000000E+00  0.0000000E+00  0.0000000E+00  3.6935519E+02  1.0750586E-01
     4.0900000E+02    161.7984727  1.4479950E+08  4.5424000E+04  5.5163176E+03  4.1841944E+03  4.9700062E+01  0.0000000E+00  5.2873726E+03  1.2920292E+03  0.0000000E+00  4.0298742E+04  0.0000000E+00  0.0000000E+00  0.0000000E+00  3.6933868E+02  4.9247244E-01
     4.1000000E+02    161.8196587  1.4484622E+08  4.6720000E+04  7.3566671E+03  3.2086997E+03  6.7683907E+01  0.0000000E+00  5.4985366E+03  8.8294574E+02  0.0000000E+00  4.0415230E+04  0.0000000E+00  0.0000000E+00  0.0000000E+00  3.6931528E+02  4.7367115E+00
     4.1100000E+02    161.8371589  1.4488480E+08  3.8576000E+04  0.0000000E+00  5.0561517E+03  7.9072130E-01  0.0000000E+00  5.2731484E+03  1.1960306E+03  0.0000000E+00  3.9625312E+04  0.0000000E+00  0.0000000E+00  0.0000000E+00  3.6929889E+02  1.5827972E-01
     4.1200000E+02    161.8542029  1.4492238E+08  3.7584000E+04  0.0000000E+00  5.4504413E+03  4.8271284E-02  0.0000000E+00  5.2672036E+03  1.3129075E+03  0.0000000E+00  3.9200723E+04  0.0000000E+00  0.0000000E+00  0.0000000E+00  3.6928247E+02  2.7126265E-01
     4.1300000E+02    161.8703809  1.4495805E+08  3.5664000E+04  0.0000000E+00  6.0793995E+03  3.5565610E+00  0.0000000E+00  5.4428789E+03  8.8217664E+02  0.0000000E+00  3.9109992E+04  0.0000000E+00  0.0000000E+00  0.0000000E+00  3.6925931E+02  4.3334975E+00
     4.1400000E+02    161.8875772  1.4499595E+08  3.7904000E+04  0.0000000E+00  4.7057315E+03  4.8042450E-02  0.0000000E+00  5.2541455E+03  1.1879323E+03  0.0000000E+00  3.8598277E+04  0.0000000E+00  0.0000000E+00  0.0000000E+00  3.6924292E+02  1.2498404E-01
     4.1500000E+02    161.9046630  1.4503363E+08  3.7680000E+04  0.0000000E+00  4.9556569E+03  4.7959134E-02  0.0000000E+00  5.2706636E+03  8.8159906E+02  0.0000000E+00  3.8223227E+04  0.0000000E+00  0.0000000E+00  0.0000000E+00  3.6921970E+02 -5.3617388E-02
     4.1600000E+02    161.9261425  1.4508098E+08  4.7344000E+04  9.2057419E+03  5.1771603E+03  8.4427567E+01  0.0000000E+00  5.2388076E+03  8.8205450E+02  0.0000000E+00  3.8889984E+04  0.0000000E+00  0.0000000E+00  0.0000000E+00  3.6919943E+02  2.9476600E-02
     4.1700000E+02    161.9434973  1.4511925E+08  3.8272000E+04  0.0000000E+00  4.3929647E+03  3.1699178E-01  0.0000000E+00  5.2414634E+03  8.8012390E+02  0.0000000E+00  3.8345508E+04  0.0000000E+00  0.0000000E+00  0.0000000E+00  3.6918054E+02  9.6815422E-02
     4.1800000E+02    161.9604408  1.4515659E+08  3.7344000E+04  0.0000000E+00  5.1306764E+03  6.3786112E-02  0.0000000E+00  5.2661479E+03  8.7934485E+02  0.0000000E+00  3.7806359E+04  0.0000000E+00  0.0000000E+00  0.0000000E+00  3.6916110E+02 -6.5343028E-01
     4.1900000E+02    161.9772456  1.4519365E+08  3.7056000E+04  0.0000000E+00  4.9591767E+03  6.3582465E-02  0.0000000E+00  5.2577822E+03  8.7861877E+02  0.0000000E+00  3.7406395E+04  0.0000000E+00  0.0000000E+00  0.0000000E+00  3.6914133E+02 -5.3804940E-01
     4.2000000E+02    161.9932757  1.4522899E+08  3.5344000E+04  0.0000000E+00  5.0433296E+03  6.3418776E-02  0.0000000E+00  5.3445903E+03  8.7790985E+02  0.0000000E+00  3.7347789E+04  0.0000000E+00  0.0000000E+00  0.0000000E+00  3.6912149E+02  3.3429878E+00
     4.2100000E+02    162.0092964  1.4526430E+08  3.5312000E+04  0.0000000E+00  5.1072177E+03  6.3259587E-02  0.0000000E+00  5.3270122E+03  8.7725873E+02  0.0000000E+00  3.7054941E+04  0.0000000E+00  0.0000000E+00  0.0000000E+00  3.6910208E+02  2.5613201E+00
     4.2200000E+02    162.0262177  1.4530162E+08  3.7312000E+04  3.6860212E+03  6.4668393E+03  3.1505249E+01  0.0000000E+00  5.3273125E+03  8.7667682E+02  0.0000000E+00  3.6844746E+04  0.0000000E+00  0.0000000E+00  0.0000000E+00  3.6908243E+02  2.6892164E+00
     4.2300000E+02    162.0492763  1.4535245E+08  5.0832000E+04  1.2904078E+04  3.7410330E+03  1.2336947E+02  0.0000000E+00  5.2160371E+03  8.7627155E+02  0.0000000E+00  3.8268172E+04  0.0000000E+00  0.0000000E+00  0.0000000E+00  3.6906287E+02  1.8798804E+00
     4.2400000E+02    162.0653034  1.4538778E+08  3.5328000E+04  0.0000000E+00  6.2114345E+03  1.3467257E+00  0.0000000E+00  5.1822817E+03  1.2270614E+03  0.0000000E+00  3.7582281E+04  0.0000000E+00  0.0000000E+00  0.0000000E+00  3.6904800E+02 -1.3701041E-03
     4.2500000E+02    162.0818114  1.4542418E+08  3.6400000E+04  0.0000000E+00  5.0894908E+03  1.4113450E-01  0.0000000E+00  5.2024585E+03  8.7545697E+02  0.0000000E+00  3.7051164E+04  0.0000000E+00  0.0000000E+00  0.0000000E+00  3.6902713E+02 -2.6313299E-01
     4.2600000E+02    162.0981344  1.4546016E+08  3.5984000E+04  0.0000000E+00  3.9750683E+03  5.3926870E-02  0.0000000E+00  5.3060200E+03  8.7486572E+02  0.0000000E+00  3.7041551E+04  0.0000000E+00  0.0000000E+00  0.0000000E+00  3.6900534E+02  3.5744421E+00
     4.2700000E+02    162.1144853  1.4549621E+08  3.6048000E+04  0.0000000E+00  4.4265053E+03  5.3814158E-02  0.0000000E+00  5.1625093E+03  1.1779631E+03  0.0000000E+00  3.6574277E+04  0.0000000E+00  0.0000000E+00  0.0000000E+00  3.6899042E+02  2.0215017E-01
     4.2800000E+02    162.1308536  1.4553230E+08  3.6096000E+04  0.0000000E+00  3.9891157E+03  5.3714309E-02  0.0000000E+00  5.1569038E+03  1.2919109E+03  0.0000000E+00  3.6307918E+04  0.0000000E+00  0.0000000E+00  0.0000000E+00  3.6897531E+02  2.1186042E-01
     4.2900000E+02    162.1466490  1.4556712E+08  3.4816000E+04  0.0000000E+00  3.9718570E+03  5.3615980E-02  0.0000000E+00  5.3282471E+03  8.7391687E+02  0.0000000E+00  3.6275004E+04  0.0000000E+00  0.0000000E+00  0.0000000E+00  3.6895401E+02  4.6667719E+00
     4.3000000E+02    162.1621260  1.4560125E+08  3.4128000E+04  0.0000000E+00  5.2624333E+03  5.3518035E-02  0.0000000E+00  5.2591582E+03  8.7342719E+02  0.0000000E+00  3.5917227E+04  0.0000000E+00  0.0000000E+00  0.0000000E+00  3.6893228E+02  2.2162631E+00
     4.3100000E+02    162.1785364  1.4563742E+08  3.6176000E+04  0.0000000E+00  2.7190127E+03  5.3420354E-02  0.0000000E+00  5.2643540E+03  8.7298303E+02  0.0000000E+00  3.5817586E+04  0.0000000E+00  0.0000000E+00  0.0000000E+00  3.6891028E+02  3.1984723E+00
     4.3200000E+02    162.2482502  1.4579112E+08  1.5369600E+05  1.0427705E+05  3.7284514E+03  2.2317083E+03  0.0000000E+00  5.1232559E+03  8.7604718E+02  0.0000000E+00  4.6670512E+04  0.0000000E+00  0.0000000E+00  0.0000000E+00  3.6889548E+02  1.2732742E-03
     4.3300000E+02    162.2729230  1.4584552E+08  5.4400000E+04  9.4820878E+03  2.0713848E+03  1.4096005E+02  0.0000000E+00  5.1138760E+03  8.7469482E+02  0.0000000E+00  4.2607727E+04  0.0000000E+00  0.0000000E+00  0.0000000E+00  3.6888315E+02 -2.4863370E-03
     4.3400000E+02    162.2924824  1.4588864E+08  4.3120000E+04  0.0000000E+00  2.4255427E+03  2.0501177E+00  0.0000000E+00  5.1067725E+03  8.7269116E+02  0.0000000E+00  4.1312734E+04  0.0000000E+00  0.0000000E+00  0.0000000E+00  3.6887567E+02  7.1609374E-03
     4.3500000E+02    162.3120543  1.4593179E+08  4.3152000E+04  0.0000000E+00  2.1491314E+03  2.0538235E-01  0.0000000E+00  5.1028613E+03  8.7058337E+02  0.0000000E+00  4.0308855E+04  0.0000000E+00  0.0000000E+00  0.0000000E+00  3.6886765E+02 -1.6731135E+00
     4.3600000E+02    162.3525704  1.4602110E+08  8.9312000E+04  4.1754654E+04  2.2314808E+03  5.6429382E+02  0.0000000E+00  5.0905112E+03  8.7166913E+02  0.0000000E+00  4.5019629E+04  0.0000000E+00  0.0000000E+00  0.0000000E+00  3.6886218E+02  1.5079128E-02
     4.3700000E+02    162.3979432  1.4612114E+08  1.0003200E+05  4.9368941E+04  2.7795035E+03  8.4567700E+02  0.0000000E+00  5.0803101E+03  8.7148187E+02  0.0000000E+00  4.8389289E+04  0.0000000E+00  0.0000000E+00  0.0000000E+00  3.6886258E+02  1.1905138E-03
     4.3800000E+02    162.4830925  1.4630886E+08  1.8772800E+05  1.1972720E+05  5.5057739E+03  3.5071018E+03  0.0000000E+00  5.0657461E+03  8.8315588E+02  0.0000000E+00  6.5818086E+04  0.0000000E+00  0.0000000E+00  0.0000000E+00  3.6887091E+02  6.2783930E-04
     4.3900000E+02    162.5190128  1.4638806E+08  7.9200000E+04  1.5208943E+04  4.3009313E+03  2.4895422E+02  0.0000000E+00  5.0586016E+03  8.6817896E+02  0.0000000E+00  6.3831602E+04  0.0000000E+00  0.0000000E+00  0.0000000E+00  3.6887955E+02 -2.4906088E-02
     4.4000000E+02    162.5489978  1.4645416E+08  6.6096000E+04  0.0000000E+00  4.5353549E+03  2.4918578E+00  0.0000000E+00  5.0478525E+03  8.6829303E+02  0.0000000E+00  6.6456805E+04  0.0000000E+00  0.0000000E+00  0.0000000E+00  3.6888834E+02  1.0488462E-02
     4.4100000E+02    162.5860327  1.4653581E+08  8.1648000E+04  1.1414388E+04  4.8977196E+03  1.6925757E+02  0.0000000E+00  5.0394292E+03  8.6707324E+02  0.0000000E+00  7.0785500E+04  0.0000000E+00  0.0000000E+00  0.0000000E+00  3.6889594E+02 -4.8264712E-03
     4.4200000E+02    162.6187097  1.4660786E+08  7.2048000E+04  0.0000000E+00  4.8098341E+03  9.9753314E-01  0.0000000E+00  5.0381196E+03  8.6561255E+02  0.0000000E+00  7.1024523E+04  0.0000000E+00  0.0000000E+00  0.0000000E+00  3.6890228E+02 -2.1821263E+00
     4.4300000E+02    162.6509219  1.4667886E+08  7.1008000E+04  0.0000000E+00  4.3755577E+03  1.4751203E-01  0.0000000E+00  5.0284839E+03  8.6727753E+02  0.0000000E+00  7.1223305E+04  0.0000000E+00  0.0000000E+00  0.0000000E+00  3.6892123E+02  1.4446354E-03
     4.4400000E+02    162.6827541  1.4674906E+08  7.0192000E+04  0.0000000E+00  4.3540993E+03  7.0734203E-02  0.0000000E+00  5.0398931E+03  8.6586676E+02  0.0000000E+00  7.0436625E+04  0.0000000E+00  0.0000000E+00  0.0000000E+00  3.6894574E+02  8.5612230E-02
     4.4500000E+02    162.7146293  1.4681933E+08  7.0272000E+04  0.0000000E+00  3.4505839E+03  7.0600845E-02  0.0000000E+00  5.0513335E+03  8.6597906E+02  0.0000000E+00  6.9384617E+04  0.0000000E+00  0.0000000E+00  0.0000000E+00  3.6896600E+02 -2.0492640E-01
     4.4600000E+02    162.7481687  1.4689326E+08  7.3936000E+04  7.6219795E+03  5.9563400E+03  1.0318145E+02  0.0000000E+00  5.0165010E+03  1.5694004E+03  0.0000000E+00  6.8984539E+04  0.0000000E+00  0.0000000E+00  0.0000000E+00  3.6897791E+02  3.2359383E-01
     4.4700000E+02    162.7878979  1.4698086E+08  8.7600000E+04  1.9062538E+04  4.1228179E+03  2.9030176E+02  0.0000000E+00  5.0109321E+03  1.8889258E+03  0.0000000E+00  6.9382875E+04  0.0000000E+00  0.0000000E+00  0.0000000E+00  3.6898843E+02  1.4390515E-01
     4.4800000E+02    162.8188952  1.4704920E+08  6.8336000E+04  0.0000000E+00  3.5549713E+03  3.1535912E+00  0.0000000E+00  5.0063921E+03  1.8214053E+03  0.0000000E+00  6.8596539E+04  0.0000000E+00  0.0000000E+00  0.0000000E+00  3.6899997E+02 -1.4440255E-01
     4.4900000E+02    162.8489886  1.4711586E+08  6.6656000E+04  0.0000000E+00  3.4676535E+03  6.9711611E-02  0.0000000E+00  5.0019683E+03  1.7257123E+03  0.0000000E+00  6.7340609E+04  0.0000000E+00  0.0000000E+00  0.0000000E+00  3.6900961E+02  6.8186784E-01
     4.5000000E+02    162.8788929  1.4718282E+08  6.6960000E+04  0.0000000E+00  3.3328841E+03  6.9549300E-02  0.0000000E+00  5.0361963E+03  8.6851331E+02  0.0000000E+00  6.5945727E+04  0.0000000E+00  0.0000000E+00  0.0000000E+00  3.6902435E+02 -2.5274897E-01
     4.5100000E+02    162.9074127  1.4724667E+08  6.3856000E+04  0.0000000E+00  3.7023156E+03  6.9429219E-02  0.0000000E+00  4.9931680E+03  1.4436334E+03  0.0000000E+00  6.4525371E+04  0.0000000E+00  0.0000000E+00  0.0000000E+00  3.6903265E+02  7.4319690E-01
     4.5200000E+02    162.9715234  1.4739021E+08  1.4353600E+05  7.0655264E+04  4.0014381E+03  1.5408685E+03  0.0000000E+00  4.9845039E+03  8.7412274E+02  0.0000000E+00  7.1238875E+04  0.0000000E+00  0.0000000E+00  0.0000000E+00  3.6904898E+02  5.3585442E-03
     4.5300000E+02    163.0011943  1.4745666E+08  6.6448000E+04  0.0000000E+00  4.2781682E+03  2.5109436E+01  0.0000000E+00  4.9783062E+03  8.7157117E+02  0.0000000E+00  6.6580492E+04  0.0000000E+00  0.0000000E+00  0.0000000E+00  3.6906598E+02 -1.9328279E-02
     4.5400000E+02    163.0402866  1.4754418E+08  8.7520000E+04  1.9108319E+04  2.5656438E+03  3.1436224E+02  0.0000000E+00  4.9719072E+03  8.7157086E+02  0.0000000E+00  6.6573555E+04  0.0000000E+00  0.0000000E+00  0.0000000E+00  3.6908365E+02  1.2014852E-02
     4.5500000E+02    163.0763429  1.4762491E+08  8.0736000E+04  1.5291814E+04  4.6467247E+03  2.6198099E+02  0.0000000E+00  4.9702612E+03  8.6965857E+02  0.0000000E+00  6.5425539E+04  0.0000000E+00  0.0000000E+00  0.0000000E+00  3.6909991E+02 -3.5228679E-01
     4.5600000E+02    163.1042880  1.4768749E+08  6.2576000E+04  0.0000000E+00  4.9689568E+03  2.2300990E+00  0.0000000E+00  4.9604604E+03  9.1328577E+02  0.0000000E+00  6.3479551E+04  0.0000000E+00  0.0000000E+00  0.0000000E+00  3.6911594E+02 -2.3377376E-02
     4.5700000E+02    163.1320852  1.4774973E+08  6.2240000E+04  0.0000000E+00  5.1316524E+03  1.6126572E-01  0.0000000E+00  5.0991553E+03  8.6914441E+02  0.0000000E+00  6.1852402E+04  0.0000000E+00  0.0000000E+00  0.0000000E+00  3.6912976E+02 -1.9253846E+00
     4.5800000E+02    163.1585158  1.4780890E+08  5.9168000E+04  0.0000000E+00  5.8471598E+03  4.3392669E-02  0.0000000E+00  4.9506382E+03  1.4081237E+03  0.0000000E+00  6.1516801E+04  0.0000000E+00  0.0000000E+00  0.0000000E+00  3.6913779E+02  6.6503383E-02
     4.5900000E+02    163.1858152  1.4787003E+08  6.1136000E+04  0.0000000E+00  3.8750760E+03  4.3296907E-02  0.0000000E+00  4.9492856E+03  8.6923578E+02  0.0000000E+00  6.0784715E+04  0.0000000E+00  0.0000000E+00  0.0000000E+00  3.6914709E+02 -2.2251122E-01
     4.6000000E+02    163.2126198  1.4793005E+08  6.0016000E+04  0.0000000E+00  4.2127766E+03  4.3206163E-02  0.0000000E+00  4.9683013E+03  8.6921808E+02  0.0000000E+00  6.0048891E+04  0.0000000E+00  0.0000000E+00  0.0000000E+00  3.6915460E+02 -1.2421586E-01
     4.6100000E+02    163.2397259  1.4799074E+08  6.0688000E+04  0.0000000E+00  2.9717797E+03  4.3116160E-02  0.0000000E+00  4.9646616E+03  8.6929059E+02  0.0000000E+00  5.9556445E+04  0.0000000E+00  0.0000000E+00  0.0000000E+00  3.6916061E+02 -1.2277951E-02
     4.6200000E+02    163.2660201  1.4804962E+08  5.8880000E+04  0.0000000E+00  4.0504129E+03  4.3026470E-02  0.0000000E+00  4.9296396E+03  8.6943280E+02  0.0000000E+00  5.8880621E+04  0.0000000E+00  0.0000000E+00  0.0000000E+00  3.6916592E+02  1.6393807E-02
     4.6300000E+02    163.2918249  1.4810739E+08  5.7776000E+04  0.0000000E+00  3.5566285E+03  4.2937052E-02  0.0000000E+00  4.9242319E+03  1.4108251E+03  0.0000000E+00  5.8119078E+04  0.0000000E+00  0.0000000E+00  0.0000000E+00  3.6916891E+02  4.7570193E-01
     4.6400000E+02    163.3168886  1.4816350E+08  5.6112000E+04  0.0000000E+00  4.5174109E+03  4.2847902E-02  0.0000000E+00  4.9193828E+03  1.5349158E+03  0.0000000E+00  5.7465293E+04  0.0000000E+00  0.0000000E+00  0.0000000E+00  3.6917072E+02  3.5327661E-01
     4.6500000E+02    163.3437237  1.4822358E+08  6.0080000E+04  1.9507228E+03  3.0364313E+03  2.8425871E+01  0.0000000E+00  4.9533594E+03  8.7048590E+02  0.0000000E+00  5.7203738E+04  0.0000000E+00  0.0000000E+00  0.0000000E+00  3.6917282E+02  2.3282954E-01
     4.6600000E+02    163.3694560  1.4828120E+08  5.7616000E+04  0.0000000E+00  2.8940848E+03  6.9845587E-02  0.0000000E+00  4.9087607E+03  8.7100647E+02  0.0000000E+00  5.6439008E+04  0.0000000E+00  0.0000000E+00  0.0000000E+00  3.6917596E+02 -5.4199137E-02
     4.6700000E+02    163.3939863  1.4833613E+08  5.4928000E+04  0.0000000E+00  3.9357209E+03  6.9244191E-02  0.0000000E+00  4.9040781E+03  1.3868398E+03  0.0000000E+00  5.5623461E+04  0.0000000E+00  0.0000000E+00  0.0000000E+00  3.6917844E+02  4.5771983E-01
     4.6800000E+02    163.4461232  1.4845286E+08  1.1673600E+05  5.2719868E+04  1.8733816E+03  1.0271787E+03  0.0000000E+00  4.8965820E+03  8.7490546E+02  0.0000000E+00  6.0844219E+04  0.0000000E+00  0.0000000E+00  0.0000000E+00  3.6918860E+02  2.9749365E-03
     4.6900000E+02    163.5019861  1.4857795E+08  1.2508800E+05  5.8608150E+04  7.3329027E+03  1.3470072E+03  0.0000000E+00  4.8886650E+03  8.7558527E+02  0.0000000E+00  6.8443773E+04  0.0000000E+00  0.0000000E+00  0.0000000E+00  3.6921240E+02 -6.6702571E-03
     4.7000000E+02    163.5404243  1.4866402E+08  8.6064000E+04  5.8629146E+03  5.7163022E+03  1.2202509E+02  0.0000000E+00  4.9284995E+03  8.7287659E+02  0.0000000E+00  8.1173359E+04  0.0000000E+00  0.0000000E+00  0.0000000E+00  3.6923563E+02 -6.1505324E-01
     4.7100000E+02    163.5795997  1.4875173E+08  8.7712000E+04  0.0000000E+00  4.9823533E+03  1.1252762E+00  0.0000000E+00  4.9286743E+03  8.7272369E+02  0.0000000E+00  8.8133297E+04  0.0000000E+00  0.0000000E+00  0.0000000E+00  3.6926004E+02 -5.4155129E-01
     4.7200000E+02    163.6220671  1.4884682E+08  9.5088000E+04  0.0000000E+00  4.4723650E+03  6.9261476E-02  0.0000000E+00  5.0309067E+03  8.7282922E+02  0.0000000E+00  9.2087945E+04  0.0000000E+00  0.0000000E+00  0.0000000E+00  3.6928232E+02 -3.4125929E+00
     4.7300000E+02    163.6635377  1.4893968E+08  9.2864000E+04  0.0000000E+00  6.0952890E+03  1.2454926E+00  0.0000000E+00  4.8637612E+03  8.7407373E+02  0.0000000E+00  9.4959000E+04  0.0000000E+00  0.0000000E+00  0.0000000E+00  3.6930167E+02 -9.3680499E-03
     4.7400000E+02    163.7246699  1.4907656E+08  1.3688000E+05  3.7195542E+04  6.1453165E+03  7.2462360E+02  0.0000000E+00  4.8553286E+03  8.7680725E+02  0.0000000E+00  1.0112902E+05  0.0000000E+00  0.0000000E+00  0.0000000E+00  3.6932373E+02  1.6612578E-03
     4.7500000E+02    164.4860015  1.5078310E+08  1.7065440E+06  2.3263130E+05  5.9035386E+03  1.2807132E+04  0.0000000E+00  4.6413809E+05  8.9450354E+02  0.0000000E+00  1.0037349E+06  0.0000000E+00  0.0000000E+00  0.0000000E+00  6.0206731E+05 -1.7801783E-03
     4.7600000E+02    165.4605955  1.5299320E+08  2.2100960E+06  2.3658721E+05  6.3584586E+03  1.6635654E+04  0.0000000E+00  7.3354556E+05  9.4270691E+02  0.0000000E+00  1.2306258E+06  0.0000000E+00  0.0000000E+00  0.0000000E+00  8.0228450E+05 -1.3529394E-04
     4.7700000E+02    166.3653552  1.5505702E+08  2.0638240E+06  1.0218994E+05  4.4428664E+03  5.7035479E+03  0.0000000E+00  7.2539075E+05  1.1449326E+03  1.6757973E-02  1.2361311E+06  0.0000000E+00  0.0000000E+00  0.0000000E+00  7.9399350E+05  1.6912990E-04
     4.7800000E+02    167.2744673  1.5714874E+08  2.0917120E+06  1.0097839E+05  2.3085297E+03  5.6395757E+03  0.0000000E+00  7.4410831E+05  1.0071859E+03  5.6059915E-02  1.2442972E+06  0.0000000E+00  0.0000000E+00  0.0000000E+00  8.0515175E+05 -2.0286169E-04
     4.7900000E+02    168.1595804  1.5920149E+08  2.0527520E+06  8.1398362E+04  2.4952111E+03  4.2400259E+03  0.0000000E+00  7.3954975E+05  1.0347480E+03  1.2997018E-01  1.2310899E+06  0.0000000E+00  0.0000000E+00  0.0000000E+00  8.0207412E+05 -2.0060517E-04
     4.8000000E+02    169.0122823  1.6118734E+08  1.9858560E+06  4.0995386E+03  5.7170288E+03  1.8819946E+02  0.0000000E+00  7.5502825E+05  1.0588528E+03  2.0833361E-01  1.2333190E+06  0.0000000E+00  0.0000000E+00  0.0000000E+00  8.1242469E+05  1.4428132E-04
     4.8100000E+02    169.8537644  1.6316821E+08  1.9808640E+06  2.2701774E+04  3.7187520E+03  7.8167133E+02  0.0000000E+00  7.4284750E+05  1.0808105E+03  2.8511725E-01  1.2193224E+06  0.0000000E+00  0.0000000E+00  0.0000000E+00  8.0333269E+05 -5.2879320E-04
     4.8200000E+02    170.6907654  1.6514299E+08  1.9747840E+06  2.0776269E+04  4.5798187E+03  7.1262006E+02  0.0000000E+00  7.4490469E+05  1.1098920E+03  3.6137043E-01  1.2140731E+06  0.0000000E+00  0.0000000E+00  0.0000000E+00  8.0552738E+05 -3.7238697E-04
     4.8300000E+02    171.5319480  1.6714984E+08  2.0068480E+06  5.0191527E+04  5.6726487E+03  1.9127097E+03  0.0000000E+00  7.4616144E+05  1.1406881E+03  4.4807335E-01  1.2154054E+06  0.0000000E+00  0.0000000E+00  0.0000000E+00  8.0533806E+05  4.5936005E-04
     4.8400000E+02    172.3512019  1.6910656E+08  1.9567200E+06  0.0000000E+00  6.1924812E+03  1.1455935E+01  0.0000000E+00  7.5281062E+05  1.1551547E+03  5.5540835E-01  1.2112288E+06  0.0000000E+00  0.0000000E+00  0.0000000E+00  8.0816900E+05 -8.8465121E-04
     4.8500000E+02    173.1523675  1.7104117E+08  1.9346080E+06  0.0000000E+00  6.3624593E+03  1.7839057E+00  0.0000000E+00  7.3625419E+05  1.1869845E+03  6.6526780E-01  1.2058891E+06  0.0000000E+00  0.0000000E+00  0.0000000E+00  7.9714012E+05 -6.6936295E-04
     4.8600000E+02    173.9884374  1.7306278E+08  2.0216160E+06  7.4621280E+04  6.9239868E+03  3.0177761E+03  0.0000000E+00  7.4041412E+05  1.2111823E+03  7.7844519E-01  1.2116994E+06  0.0000000E+00  0.0000000E+00  0.0000000E+00  8.0045762E+05  2.4633546E-05
     4.8700000E+02    174.7778898  1.7499350E+08  1.9307200E+06  0.0000000E+00  7.1778867E+03  3.4701424E+01  0.0000000E+00  7.3458725E+05  1.2295671E+03  8.8748458E-01  1.2045041E+06  0.0000000E+00  0.0000000E+00  0.0000000E+00  7.9587575E+05 -1.1603165E-04
     4.8800000E+02    175.5642915  1.7691950E+08  1.9260000E+06  0.0000000E+00  6.4550932E+03  4.0698261E+00  0.0000000E+00  7.3090375E+05  1.2517155E+03  9.9491810E-01  1.2027972E+06  0.0000000E+00  0.0000000E+00  0.0000000E+00  7.9298894E+05 -1.3574975E-04
     4.8900000E+02    176.3381142  1.7883718E+08  1.9176800E+06  0.0000000E+00  7.9688032E+03  5.4868996E-01  0.0000000E+00  7.2617125E+05  1.2743502E+03  1.1008946E+00  1.2007501E+06  0.0000000E+00  0.0000000E+00  0.0000000E+00  7.8932538E+05 -1.2325357E-04
     4.9000000E+02    177.1253258  1.8079021E+08  1.9530240E+06  3.2630539E+04  7.2147585E+03  1.0168348E+03  0.0000000E+00  7.2577488E+05  1.3023894E+03  1.2079898E+00  1.2021346E+06  0.0000000E+00  0.0000000E+00  0.0000000E+00  7.8915175E+05  7.3920877E-04
     4.9100000E+02    177.8865990  1.8270186E+08  1.9116480E+06  0.0000000E+00  8.7008653E+03  5.8789921E+00  0.0000000E+00  7.2275362E+05  1.3372423E+03  1.3126180E+00  1.1989306E+06  0.0000000E+00  0.0000000E+00  0.0000000E+00  7.8681881E+05  1.4310320E-04
     4.9200000E+02    178.7009807  1.8474834E+08  2.0464800E+06  8.7944887E+04  8.7523756E+03  3.7904526E+03  0.0000000E+00  7.4981600E+05  1.3562966E+03  1.4223377E+00  1.2149779E+06  0.0000000E+00  0.0000000E+00  0.0000000E+00  8.0831312E+05 -2.9600842E-03
     4.9300000E+02    179.5041402  1.8678438E+08  2.0360480E+06  8.1785563E+04  9.4495364E+03  3.4744998E+03  0.0000000E+00  7.4793275E+05  1.3927483E+03  1.5322819E+00  1.2137042E+06  0.0000000E+00  0.0000000E+00  0.0000000E+00  8.0662475E+05  2.5037900E-04
     4.9400000E+02    180.2715803  1.8873115E+08  1.9467680E+06  8.8865518E+03  8.3534518E+03  3.6808328E+02  0.0000000E+00  7.4141619E+05  1.4274585E+03  1.6380189E+00  1.2058781E+06  0.0000000E+00  0.0000000E+00  0.0000000E+00  8.0129975E+05 -7.6665601E-05
     4.9500000E+02    181.0270829  1.9066490E+08  1.9337440E+06  0.0000000E+00  8.3164718E+03  2.1063425E+01  0.0000000E+00  7.3976069E+05  1.6273107E+03  1.7414771E+00  1.2039682E+06  0.0000000E+00  0.0000000E+00  0.0000000E+00  7.9979531E+05  3.1125401E-03
     4.9600000E+02    181.8162597  1.9268520E+08  2.0203040E+06  6.2793386E+04  5.4763546E+03  2.2442405E+03  0.0000000E+00  7.5047644E+05  1.7217366E+03  1.8482868E+00  1.2119876E+06  0.0000000E+00  0.0000000E+00  0.0000000E+00  8.0807444E+05 -1.1097401E-04
     4.9700000E+02    182.5680828  1.9462605E+08  1.9408480E+06  0.0000000E+00  6.4604037E+03  2.4381496E+01  0.0000000E+00  7.4322750E+05  1.5417885E+03  1.9519365E+00  1.2055970E+06  0.0000000E+00  0.0000000E+00  0.0000000E+00  8.0233000E+05 -1.6676511E-04
     4.9800000E+02    183.3177185  1.9656123E+08  1.9351840E+06  0.0000000E+00  7.8568712E+03  7.5374818E+00  0.0000000E+00  7.4005912E+05  1.5766914E+03  2.0543276E+00  1.2045565E+06  0.0000000E+00  0.0000000E+00  0.0000000E+00  7.9990650E+05  1.7998346E-04
     4.9900000E+02    184.0591623  1.9848826E+08  1.9270240E+06  0.0000000E+00  1.0853141E+04  1.6670165E+00  0.0000000E+00  7.3645381E+05  1.7347687E+03  2.1557644E+00  1.2031409E+06  0.0000000E+00  0.0000000E+00  0.0000000E+00  7.9716925E+05 -9.1513887E-04
     5.0000000E+02    184.8003041  2.0041568E+08  1.9274240E+06  0.0000000E+00  9.6621918E+03  4.9609855E-02  0.0000000E+00  7.3480881E+05  1.6508257E+03  2.2569445E+00  1.2039285E+06  0.0000000E+00  0.0000000E+00  0.0000000E+00  7.9561356E+05 -9.6712429E-05
     5.0100000E+02    185.5350946  2.0233866E+08  1.9229760E+06  0.0000000E+00  8.0434367E+03  4.9506035E-02  0.0000000E+00  7.3117256E+05  1.6870734E+03  2.3574228E+00  1.2015352E+06  0.0000000E+00  0.0000000E+00  0.0000000E+00  7.9325088E+05 -5.1740877E-05
     5.0200000E+02    186.2683336  2.0426093E+08  1.9222720E+06  0.0000000E+00  9.8472828E+03  4.9404290E-02  0.0000000E+00  7.3304125E+05  1.7339445E+03  2.4575582E+00  1.2008122E+06  0.0000000E+00  0.0000000E+00  0.0000000E+00  7.9476850E+05 -1.0988423E-04
     5.0300000E+02    186.9949265  2.0617397E+08  1.9130400E+06  0.0000000E+00  1.0731414E+04  4.9311366E-02  0.0000000E+00  7.2562712E+05  1.7665200E+03  2.5569255E+00  1.1999356E+06  0.0000000E+00  0.0000000E+00  0.0000000E+00  7.8921219E+05  1.1555064E-03
     5.0400000E+02    187.7183208  2.0808349E+08  1.9095200E+06  0.0000000E+00  1.1172825E+04  4.9210180E-02  0.0000000E+00  7.2319125E+05  1.8039625E+03  2.6557620E+00  1.1993231E+06  0.0000000E+00  0.0000000E+00  0.0000000E+00  7.8745994E+05  7.7372632E-04
     5.0500000E+02    188.4387863  2.0999168E+08  1.9081920E+06  0.0000000E+00  1.0790367E+04  4.9109351E-02  0.0000000E+00  7.2204531E+05  2.0290039E+03  2.7603721E+00  1.1989829E+06  0.0000000E+00  0.0000000E+00  0.0000000E+00  7.8671544E+05  7.3528331E-04
     5.0600000E+02    189.1563366  2.1190022E+08  1.9085440E+06  4.6603600E+03  1.2953689E+04  1.1536413E+02  0.0000000E+00  7.1987075E+05  1.8771937E+03  2.8860687E+00  1.1987276E+06  0.0000000E+00  0.0000000E+00  0.0000000E+00  7.8507262E+05 -1.8847088E-04
     5.0700000E+02    189.8704078  2.1380266E+08  1.9024320E+06  0.0000000E+00  9.9866780E+03  2.0823877E-01  0.0000000E+00  7.1636112E+05  1.9151578E+03  3.0161640E+00  1.1979628E+06  0.0000000E+00  0.0000000E+00  0.0000000E+00  7.8237162E+05 -6.6603144E-04
     5.0800000E+02    190.5792888  2.1570118E+08  1.8985280E+06  0.0000000E+00  9.9567802E+03  2.9700011E-02  0.0000000E+00  7.1297094E+05  1.9521014E+03  3.1453769E+00  1.1974770E+06  0.0000000E+00  0.0000000E+00  0.0000000E+00  7.7977450E+05  4.1874996E-04
     5.0900000E+02    191.3209276  2.1768822E+08  1.9870400E+06  6.8308003E+04  4.3309263E+03  2.2029092E+03  0.0000000E+00  7.1909356E+05  2.0003060E+03  3.2997716E+00  1.2037808E+06  0.0000000E+00  0.0000000E+00  0.0000000E+00  7.8508750E+05  5.3928362E-04
     5.1000000E+02    192.0263934  2.1959099E+08  1.9027680E+06  0.0000000E+00  1.0546644E+04  4.5801420E+00  0.0000000E+00  7.1638606E+05  2.0404844E+03  3.4603215E+00  1.1989776E+06  0.0000000E+00  0.0000000E+00  0.0000000E+00  7.8299169E+05  5.0251436E-04
     5.1100000E+02    192.8204752  2.2173277E+08  2.1417760E+06  1.4950390E+05  4.8125441E+03  6.6160229E+03  0.0000000E+00  7.6525512E+05  2.0866353E+03  3.6369536E+00  1.2273008E+06  0.0000000E+00  0.0000000E+00  0.0000000E+00  8.2136894E+05 -1.3962088E-04
     5.1200000E+02    193.5545126  2.2372661E+08  1.9938400E+06  0.0000000E+00  1.2197896E+04  5.2797688E+01  0.0000000E+00  7.8333669E+05  2.2554150E+03  3.8309883E+00  1.2249171E+06  0.0000000E+00  0.0000000E+00  0.0000000E+00  8.3442119E+05  4.7303532E-04
     5.1300000E+02    194.2786369  2.2569432E+08  1.9677120E+06  0.0000000E+00  1.2658335E+04  9.9350414E+00  0.0000000E+00  7.6520669E+05  2.1847505E+03  4.0286220E+00  1.2173309E+06  0.0000000E+00  0.0000000E+00  0.0000000E+00  8.2119131E+05 -5.8636680E-04
     5.1400000E+02    195.0527905  2.2780926E+08  2.1149440E+06  8.3995422E+04  1.3363930E+04  3.2315696E+03  0.0000000E+00  8.0502056E+05  2.2348276E+03  4.2372467E+00  1.2382895E+06  0.0000000E+00  0.0000000E+00  0.0000000E+00  8.4955019E+05 -4.6936524E-04
     5.1500000E+02    195.7999033  2.2985320E+08  2.0439360E+06  1.4453934E+04  9.4704060E+03  5.3871301E+02  0.0000000E+00  8.0538356E+05  2.2790037E+03  4.4426972E+00  1.2352538E+06  0.0000000E+00  0.0000000E+00  0.0000000E+00  8.4965306E+05 -2.9127323E-03
     5.1600000E+02    196.5191970  2.3183210E+08  1.9788960E+06  0.0000000E+00  1.3554462E+04  2.9465904E+01  0.0000000E+00  7.7366638E+05  2.3323826E+03  4.6405950E+00  1.2210814E+06  0.0000000E+00  0.0000000E+00  0.0000000E+00  8.2700369E+05 -5.1384181E-04
     5.1700000E+02    197.2291474  2.3379010E+08  1.9580000E+06  0.0000000E+00  1.4466538E+04  8.0608454E+00  0.0000000E+00  7.5991081E+05  2.3760466E+03  4.8349332E+00  1.2149149E+06  0.0000000E+00  0.0000000E+00  0.0000000E+00  8.1674006E+05 -6.8993150E-04
     5.1800000E+02    198.0573450  2.3608318E+08  2.2930880E+06  2.1873371E+05  1.3279892E+04  1.5167483E+04  0.0000000E+00  8.2118088E+05  2.4441809E+03  5.0545879E+00  1.2537474E+06  0.0000000E+00  0.0000000E+00  0.0000000E+00  8.6009600E+05  5.3057185E-04
     5.1900000E+02    198.8589849  2.3830981E+08  2.2266240E+06  8.6382365E+04  8.3581256E+03  5.4671904E+03  0.0000000E+00  8.5786338E+05  2.4978325E+03  5.2748988E+00  1.2877676E+06  0.0000000E+00  0.0000000E+00  0.0000000E+00  8.9831350E+05 -2.1229235E-04
     5.2000000E+02    199.5931514  2.4035814E+08  2.0483360E+06  0.0000000E+00  1.0754090E+04  3.5760788E+02  0.0000000E+00  8.1549400E+05  2.5415205E+03  5.4790224E+00  1.2457812E+06  0.0000000E+00  0.0000000E+00  0.0000000E+00  8.5542038E+05 -2.0614728E-04
     5.2100000E+02    200.2132523  2.4209422E+08  1.7360800E+06  0.0000000E+00  1.2312967E+04  1.5063069E+02  0.0000000E+00  7.9542256E+05  2.5739121E+03  5.6545484E+00  1.2330929E+06  2.7772034E+05  0.0000000E+00  0.0000000E+00  8.4096838E+05 -1.3186004E-03
     5.2200000E+02    200.6626915  2.4335250E+08  1.2582720E+06  0.0000000E+00  1.3097329E+04  5.6433441E+01  0.0000000E+00  7.8543888E+05  2.5888408E+03  5.7865713E+00  1.2314034E+06  7.4294600E+05  0.0000000E+00  0.0000000E+00  8.3377712E+05 -5.6398474E-04
     5.2300000E+02    201.0656728  2.4448738E+08  1.1348800E+06  0.0000000E+00  1.3993058E+04  1.7492384E+01  0.0000000E+00  7.8435256E+05  2.6002505E+03  5.8991285E+00  1.2310942E+06  8.6400000E+05  0.0000000E+00  0.0000000E+00  8.3490100E+05 -7.4424542E-04
     5.2400000E+02    201.4797394  2.4565563E+08  1.1682560E+06  3.2529062E+04  6.9861459E+03  8.8646680E+02  0.0000000E+00  7.8194788E+05  2.6158811E+03  6.0115701E+00  1.2264756E+06  8.6400000E+05  0.0000000E+00  0.0000000E+00  8.3161775E+05 -1.2243865E-03
     5.2500000E+02    201.9066660  2.4686019E+08  1.2045600E+06  6.2693618E+04  8.9986241E+03  2.0325544E+03  0.0000000E+00  7.8683756E+05  2.6517227E+03  6.1274258E+00  1.2287049E+06  8.6400000E+05  0.0000000E+00  0.0000000E+00  8.3525150E+05  2.5056859E-03
     5.2600000E+02    202.3032852  2.4797923E+08  1.1190400E+06  0.0000000E+00  1.0396971E+04  1.8099483E+01  0.0000000E+00  7.7574581E+05  2.6673391E+03  6.2373641E+00  1.2202835E+06  8.6400000E+05  0.0000000E+00  0.0000000E+00  8.2723112E+05 -3.1687624E-03
     5.2700000E+02    202.6943675  2.4908979E+08  1.1105600E+06  0.0000000E+00  1.4217702E+04  3.8934364E+00  0.0000000E+00  7.7337525E+05  2.6858259E+03  6.3444383E+00  1.2180861E+06  8.6400000E+05  0.0000000E+00  0.0000000E+00  8.2552825E+05 -2.3224106E-04
     5.2800000E+02    203.1592309  2.5041077E+08  1.3209760E+06  1.2870725E+05  6.9280323E+03  6.1996152E+03  0.0000000E+00  8.1658156E+05  2.7074558E+03  6.4673249E+00  1.2430870E+06  8.6400000E+05  0.0000000E+00  0.0000000E+00  8.5643800E+05 -1.9365932E-03
     5.2900000E+02    203.5620394  2.5155541E+08  1.1446400E+06  0.0000000E+00  1.1386159E+04  1.6513475E+02  0.0000000E+00  7.9525231E+05  2.7322314E+03  6.5806865E+00  1.2273315E+06  8.6400000E+05  0.0000000E+00  0.0000000E+00  8.4161650E+05 -7.9100276E-04
     5.3000000E+02    203.9570789  2.5267877E+08  1.1233600E+06  0.0000000E+00  1.3129186E+04  4.2113235E+01  0.0000000E+00  7.8229431E+05  2.7421086E+03  6.6889630E+00  1.2208845E+06  8.6400000E+05  0.0000000E+00  0.0000000E+00  8.3228512E+05 -8.5487327E-04
     5.3100000E+02    204.3466917  2.5379442E+08  1.1156480E+06  0.0000000E+00  1.5670631E+04  9.2601871E+00  0.0000000E+00  7.7893738E+05  2.7577971E+03  6.7956299E+00  1.2190631E+06  8.6400000E+05  0.0000000E+00  0.0000000E+00  8.2993175E+05 -3.6786608E-03
     5.3200000E+02    204.7310759  2.5489507E+08  1.1006560E+06  0.0000000E+00  1.8574147E+04  8.3118886E-01  0.0000000E+00  7.7050525E+05  2.7765151E+03  6.9008585E+00  1.2154905E+06  8.6400000E+05  0.0000000E+00  0.0000000E+00  8.2377831E+05 -8.5599342E-04
     5.3300000E+02    204.9788999  2.5560470E+08  7.0963200E+05  0.0000000E+00  1.8435748E+04  6.4167596E-02  0.0000000E+00  7.6934850E+05  2.7770195E+03  6.9759751E+00  1.2142465E+06  1.2528000E+06  0.0000000E+00  0.0000000E+00  8.2306150E+05 -2.8546653E-03
     5.3400000E+02    205.2241056  2.5630685E+08  7.0214400E+05  0.0000000E+00  2.0671342E+04  6.4046115E-02  0.0000000E+00  7.6551631E+05  2.7778777E+03  7.0430632E+00  1.2128062E+06  1.2528000E+06  0.0000000E+00  0.0000000E+00  8.2033931E+05 -3.9237784E-03
     5.3500000E+02    205.4683427  2.5700621E+08  6.9936000E+05  0.0000000E+00  1.8508790E+04  6.3925810E-02  0.0000000E+00  7.6166231E+05  2.7835935E+03  7.1097968E+00  1.2117395E+06  1.2528000E+06  0.0000000E+00  0.0000000E+00  8.1759869E+05 -2.9200844E-03
     5.3600000E+02    205.7092355  2.5769997E+08  6.9376000E+05  0.0000000E+00  1.8913526E+04  6.3805930E-02  0.0000000E+00  7.5792062E+05  2.7933772E+03  7.1757471E+00  1.2102120E+06  1.2528000E+06  0.0000000E+00  0.0000000E+00  8.1495069E+05 -7.1768533E-03
     5.3700000E+02    205.9477630  2.5838750E+08  6.8753600E+05  0.0000000E+00  2.0261034E+04  6.3686363E-02  0.0000000E+00  7.5460488E+05  2.7938396E+03  7.2409981E+00  1.2087455E+06  1.2528000E+06  0.0000000E+00  0.0000000E+00  8.1256719E+05 -2.4257004E-03
     5.3800000E+02    206.1855479  2.5907290E+08  6.8539200E+05  0.0000000E+00  1.8024488E+04  6.3567117E-02  0.0000000E+00  7.5176281E+05  2.8001670E+03  7.3059578E+00  1.2072622E+06  1.2528000E+06  0.0000000E+00  0.0000000E+00  8.1050306E+05  6.3807245E-05
     5.3900000E+02    206.4217265  2.5975366E+08  6.8076800E+05  0.0000000E+00  1.8558787E+04  6.3448191E-02  0.0000000E+00  7.4868812E+05  2.8007976E+03  7.3705261E+00  1.2062285E+06  1.2528000E+06  0.0000000E+00  0.0000000E+00  8.0843188E+05 -9.3354360E-04
     5.4000000E+02    206.6629138  2.6044888E+08  6.9521600E+05  1.7971621E+04  2.0685495E+04  4.1702090E+02  0.0000000E+00  7.4667731E+05  2.8071729E+03  7.4361007E+00  1.2064238E+06  1.2528000E+06  0.0000000E+00  0.0000000E+00  8.0709206E+05 -1.3314805E-03
     5.4100000E+02    206.8976837  2.6112558E+08  6.7670400E+05  0.0000000E+00  1.4939104E+04  1.1532667E+00  0.0000000E+00  7.4286881E+05  2.8106929E+03  7.5005471E+00  1.2043869E+06  1.2528000E+06  0.0000000E+00  0.0000000E+00  8.0430231E+05 -2.2467504E-04
     5.4200000E+02    207.1308026  2.6179869E+08  6.7310400E+05  0.0000000E+00  1.5910096E+04  4.8534516E-02  0.0000000E+00  7.4099169E+05  2.8127361E+03  7.5642825E+00  1.2036129E+06  1.2528000E+06  0.0000000E+00  0.0000000E+00  8.0301894E+05 -1.5363020E-03
     5.4300000E+02    207.3598997  2.6246422E+08  6.6553600E+05  0.0000000E+00  1.9268286E+04  4.8392925E-02  0.0000000E+00  7.3799438E+05  2.8172778E+03  7.6270493E+00  1.2024195E+06  1.2528000E+06  0.0000000E+00  0.0000000E+00  8.0085481E+05 -7.8591483E-04
     5.4400000E+02    207.5871510  2.6312440E+08  6.6017600E+05  0.0000000E+00  2.2228004E+04  4.8290089E-02  0.0000000E+00  7.3626956E+05  2.8228064E+03  7.6891934E+00  1.2017501E+06  1.2528000E+06  0.0000000E+00  0.0000000E+00  7.9967356E+05 -7.6108618E-04
     5.4500000E+02    207.8359295  2.6384712E+08  7.2272000E+05  5.6811833E+04  2.0857122E+04  1.5198159E+03  0.0000000E+00  7.3587562E+05  2.8290007E+03  7.7559385E+00  1.2050016E+06  1.2528000E+06  0.0000000E+00  0.0000000E+00  7.9951131E+05 -2.5009894E-04
     5.4600000E+02    208.2434439  2.6503098E+08  1.1838560E+06  1.1126668E+05  1.6473919E+04  3.6737922E+03  0.0000000E+00  7.4071388E+05  2.8542197E+03  7.8585291E+00  1.2115331E+06  8.6400000E+05  0.0000000E+00  0.0000000E+00  8.0330606E+05 -2.1768708E-04
     5.4700000E+02    208.6178674  2.6611870E+08  1.0877280E+06  2.5924130E+04  1.4009399E+04  7.1548669E+02  0.0000000E+00  7.3673925E+05  2.8742812E+03  7.9625596E+00  1.2052469E+06  8.6400000E+05  0.0000000E+00  0.0000000E+00  8.0025312E+05  3.1113075E-04
     5.4800000E+02    208.9777595  2.6717061E+08  1.0519040E+06  0.0000000E+00  1.6986672E+04  1.3857148E+00  0.0000000E+00  7.3337869E+05  2.8868608E+03  8.0616095E+00  1.2024049E+06  8.6400000E+05  0.0000000E+00  0.0000000E+00  7.9768825E+05 -3.2286644E-05
     5.4900000E+02    209.3507189  2.6826160E+08  1.0909920E+06  2.5933841E+04  6.5402116E+03  6.2097351E+02  0.0000000E+00  7.3376212E+05  2.9051785E+03  8.1627199E+00  1.2041248E+06  8.6400000E+05  0.0000000E+00  0.0000000E+00  7.9809969E+05 -1.9089393E-04
     5.5000000E+02    209.7097311  2.6931178E+08  1.0501760E+06  0.0000000E+00  1.5767704E+04  2.3184857E+00  0.0000000E+00  7.3136331E+05  2.9227979E+03  8.2614976E+00  1.2015370E+06  8.6400000E+05  0.0000000E+00  0.0000000E+00  7.9630369E+05  1.4421316E-03
     5.5100000E+02    210.1877314  2.7071005E+08  1.3982720E+06  2.1871287E+05  6.3555282E+03  9.8005791E+03  0.0000000E+00  7.9900231E+05  2.9522466E+03  8.3855024E+00  1.2440520E+06  8.6400000E+05  0.0000000E+00  0.0000000E+00  8.4654212E+05 -8.9695764E-04
     5.5200000E+02    210.5768562  2.7185510E+08  1.1450560E+06  1.0433875E+04  8.9883024E+03  4.1042700E+02  0.0000000E+00  7.8518212E+05  2.9673079E+03  1.8750995E+02  1.2251786E+06  8.6400000E+05  0.0000000E+00  0.0000000E+00  8.3647831E+05  2.9066819E-04
     5.5300000E+02    210.8151918  2.7255712E+08  7.0201600E+05  0.0000000E+00  1.6889475E+04  2.4796854E+01  0.0000000E+00  7.6226569E+05  2.9679453E+03  5.3739394E+02  1.2128934E+06  1.2528000E+06  0.0000000E+00  0.0000000E+00  8.1951462E+05 -1.3606328E-03
     5.5400000E+02    211.0475793  2.7324157E+08  6.8444800E+05  0.0000000E+00  2.1214195E+04  3.8627408E+00  0.0000000E+00  7.5393569E+05  2.9647725E+03  9.1116615E+02  1.2083855E+06  1.2528000E+06  0.0000000E+00  0.0000000E+00  8.1313700E+05 -6.6884945E-04
     5.5500000E+02    211.2794731  2.7392461E+08  6.8304000E+05  0.0000000E+00  2.0008023E+04  7.5658828E-02  0.0000000E+00  7.5248088E+05  2.9745801E+03  1.2824028E+03  1.2075450E+06  1.2528000E+06  0.0000000E+00  0.0000000E+00  8.1203581E+05 -4.0305587E-03
     5.5600000E+02    211.5078372  2.7459722E+08  6.7260800E+05  0.0000000E+00  2.1793416E+04  7.5436741E-02  0.0000000E+00  7.4663925E+05  2.9779939E+03  1.6489628E+03  1.2052012E+06  1.2528000E+06  0.0000000E+00  0.0000000E+00  8.0754125E+05  6.2761270E-04
     5.5700000E+02    211.7352545  2.7526707E+08  6.6985600E+05  0.0000000E+00  2.2185590E+04  7.5249799E-02  0.0000000E+00  7.4508688E+05  2.9816755E+03  2.0131811E+03  1.2046978E+06  1.2528000E+06  0.0000000E+00  0.0000000E+00  8.0648519E+05 -2.6477282E-03
     5.5800000E+02    212.0740900  2.7627030E+08  1.0032320E+06  2.1013260E+05  2.2578746E+04  9.7113809E+03  0.0000000E+00  8.1633794E+05  2.9970432E+03  2.5197302E+03  1.2479495E+06  1.2528000E+06  0.0000000E+00  0.0000000E+00  8.5806094E+05  1.7512127E-04
     5.5900000E+02    212.3966089  2.7722691E+08  9.5660800E+05  1.1837460E+05  7.7409118E+03  6.0492852E+03  0.0000000E+00  8.4408600E+05  3.0144133E+03  3.0410499E+03  1.2546795E+06  1.2528000E+06  0.0000000E+00  0.0000000E+00  8.8470000E+05 -6.6908379E-04
     5.6000000E+02    212.6504935  2.7797994E+08  7.5302400E+05  0.0000000E+00  1.9331578E+04  2.9136804E+02  0.0000000E+00  8.0254481E+05  3.0157307E+03  3.4692843E+03  1.2288085E+06  1.2528000E+06  0.0000000E+00  0.0000000E+00  8.4800394E+05  2.0303747E-04
     5.6100000E+02    212.8953677  2.7870624E+08  7.2630400E+05  0.0000000E+00  1.8695932E+04  8.9737915E+01  0.0000000E+00  7.8464769E+05  3.0200967E+03  3.8640179E+03  1.2199380E+06  1.2528000E+06  0.0000000E+00  0.0000000E+00  8.3505444E+05 -4.3024422E-04
     5.6200000E+02    213.1350673  2.7941722E+08  7.1097600E+05  0.0000000E+00  2.1948971E+04  2.2216997E+01  0.0000000E+00  7.7644425E+05  3.0214004E+03  4.2492434E+03  1.2164666E+06  1.2528000E+06  0.0000000E+00  0.0000000E+00  8.2909544E+05 -3.1360812E-03
     5.6300000E+02    213.3721850  2.8012051E+08  7.0329600E+05  0.0000000E+00  2.5427580E+04  1.9066418E+00  0.0000000E+00  7.7398775E+05  3.0340862E+03  4.6295077E+03  1.2150735E+06  1.2528000E+06  0.0000000E+00  0.0000000E+00  8.2742425E+05 -6.2340908E-03
     5.6400000E+02    213.6065507  2.8081949E+08  6.9897600E+05  0.0000000E+00  2.2966573E+04  9.4111025E-02  0.0000000E+00  7.6959000E+05  3.0397285E+03  5.0054226E+03  1.2130621E+06  1.2528000E+06  0.0000000E+00  0.0000000E+00  8.2452725E+05 -6.8279752E-03
     5.6500000E+02    213.8366142  2.8150614E+08  6.8665600E+05  0.0000000E+00  2.7711650E+04  9.3880452E-02  0.0000000E+00  7.6406356E+05  3.0431243E+03  5.3749492E+03  1.2113921E+06  1.2528000E+06  0.0000000E+00  0.0000000E+00  8.2051388E+05 -6.5807598E-03
     5.6600000E+02    214.1145587  2.8233571E+08  8.2956800E+05  1.1930505E+05  2.6294957E+04  3.7600071E+03  0.0000000E+00  7.7286612E+05  3.0564744E+03  5.8043947E+03  1.2216570E+06  1.2528000E+06  0.0000000E+00  0.0000000E+00  8.2732312E+05  3.0459180E-03
     5.6700000E+02    214.3703556  2.8309917E+08  7.6345600E+05  5.3085877E+04  2.1375018E+04  1.5285275E+03  0.0000000E+00  7.7375706E+05  3.0675710E+03  6.2208113E+03  1.2185884E+06  1.2528000E+06  0.0000000E+00  0.0000000E+00  8.2822431E+05  1.9785438E-03
     5.6800000E+02    214.6277176  2.8386730E+08  7.6812800E+05  3.1888593E+04  7.7164858E+03  9.2315576E+02  0.0000000E+00  7.8365131E+05  3.0684370E+03  6.6321435E+03  1.2218716E+06  1.2528000E+06  0.0000000E+00  0.0000000E+00  8.3574256E+05 -5.0899398E-04
     5.6900000E+02    214.8637593  2.8457181E+08  7.0451200E+05  0.0000000E+00  2.0480447E+04  4.0180030E+00  0.0000000E+00  7.7275631E+05  3.0626086E+03  7.0166830E+03  1.2150459E+06  1.2528000E+06  0.0000000E+00  0.0000000E+00  8.2796919E+05 -3.2888015E-03
     5.7000000E+02    215.0950155  2.8526454E+08  6.9273600E+05  0.0000000E+00  2.4444522E+04  2.5768766E-01  0.0000000E+00  7.6830669E+05  3.0654043E+03  7.3882728E+03  1.2119319E+06  1.2528000E+06  0.0000000E+00  0.0000000E+00  8.2507588E+05 -9.8599214E-03
     5.7100000E+02    215.3237236  2.8595216E+08  6.8761600E+05  0.0000000E+00  2.5016978E+04  3.6398094E-02  0.0000000E+00  7.6551475E+05  3.0730312E+03  7.7550691E+03  1.2105498E+06  1.2528000E+06  0.0000000E+00  0.0000000E+00  8.2325375E+05 -9.9503333E-03
     5.7200000E+02    215.5490072  2.8662947E+08  6.7731200E+05  0.0000000E+00  2.8863621E+04  3.6333628E-02  0.0000000E+00  7.6141312E+05  3.0694685E+03  8.1166660E+03  1.2086882E+06  1.2528000E+06  0.0000000E+00  0.0000000E+00  8.2035006E+05 -3.0645630E-03
     5.7300000E+02    215.8993641  2.8768285E+08  1.0533760E+06  0.0000000E+00  3.1288881E+04  3.6278386E-02  0.0000000E+00  7.5392506E+05  3.0853538E+03  8.6372816E+03  1.2064296E+06  8.6400000E+05  0.0000000E+00  0.0000000E+00  8.1478162E+05 -1.6706160E-03
     5.7400000E+02    216.2761686  2.8881571E+08  1.1328640E+06  5.6230206E+04  2.4907543E+04  1.4449965E+03  0.0000000E+00  7.6303006E+05  3.1090195E+03  9.2317883E+03  1.2134395E+06  8.6400000E+05  0.0000000E+00  0.0000000E+00  8.2209412E+05  1.5915780E-03
     5.7500000E+02    216.6488687  2.8993798E+08  1.1222720E+06  3.4869248E+04  7.7213837E+03  9.1233026E+02  0.0000000E+00  7.5922656E+05  3.1183198E+03  9.8295148E+03  1.2118992E+06  8.6400000E+05  0.0000000E+00  0.0000000E+00  8.1953088E+05 -1.6816920E-03
     5.7600000E+02    217.0018350  2.9100605E+08  1.0680640E+06  0.0000000E+00  2.0279452E+04  6.4643538E-01  0.0000000E+00  7.5716962E+05  3.1297866E+03  1.0400667E+04  1.2086669E+06  8.6400000E+05  0.0000000E+00  0.0000000E+00  8.1823750E+05 -1.8694326E-03
     5.7700000E+02    217.3513212  2.9206358E+08  1.0575360E+06  0.0000000E+00  2.2796912E+04  1.1000481E-01  0.0000000E+00  7.5209175E+05  3.1521807E+03  1.0961047E+04  1.2063505E+06  8.6400000E+05  0.0000000E+00  0.0000000E+00  8.1456638E+05 -1.9147870E-04
     5.7800000E+02    217.6987166  2.9311482E+08  1.0512320E+06  0.0000000E+00  2.3789485E+04  8.9209333E-02  0.0000000E+00  7.4870488E+05  3.1679399E+03  1.1517638E+04  1.2049792E+06  8.6400000E+05  0.0000000E+00  0.0000000E+00  8.1217700E+05 -1.1644666E-03
     5.7900000E+02    218.0426201  2.9415546E+08  1.0406400E+06  0.0000000E+00  2.8426746E+04  8.8963591E-02  0.0000000E+00  7.4491450E+05  3.1837766E+03  1.2069088E+04  1.2034060E+06  8.6400000E+05  0.0000000E+00  0.0000000E+00  8.0942794E+05  5.4534146E-05
     5.8000000E+02    218.3830127  2.9519078E+08  1.0353280E+06  0.0000000E+00  2.9143567E+04  8.8729821E-02  0.0000000E+00  7.4200825E+05  3.1866931E+03  1.2614927E+04  1.2022636E+06  8.6400000E+05  0.0000000E+00  0.0000000E+00  8.0796625E+05 -6.1076847E-05
     5.8100000E+02    218.7216455  2.9622288E+08  1.0320960E+06  0.0000000E+00  2.7800219E+04  8.8498041E-02  0.0000000E+00  7.3888850E+05  3.1985588E+03  1.3157389E+04  1.2013596E+06  8.6400000E+05  0.0000000E+00  0.0000000E+00  8.0524100E+05 -1.9971671E-04
     5.8200000E+02    219.0604044  2.9725539E+08  1.0325120E+06  0.0000000E+00  2.4019946E+04  8.8267229E-02  0.0000000E+00  7.3664069E+05  3.2133445E+03  1.3699449E+04  1.2007712E+06  8.6400000E+05  0.0000000E+00  0.0000000E+00  8.0355112E+05 -1.6903994E-03
     5.8300000E+02    219.3979499  2.9828416E+08  1.0287680E+06  0.0000000E+00  2.3783631E+04  8.8037319E-02  0.0000000E+00  7.3403538E+05  3.2269265E+03  1.4239996E+04  1.1999909E+06  8.6400000E+05  0.0000000E+00  0.0000000E+00  8.0163631E+05  4.0395002E-04
     5.8400000E+02    219.7330382  2.9930573E+08  1.0215680E+06  0.0000000E+00  2.7020334E+04  8.7808259E-02  0.0000000E+00  7.3148562E+05  3.2417927E+03  1.4777009E+04  1.1991031E+06  8.6400000E+05  0.0000000E+00  0.0000000E+00  7.9975106E+05 -9.4530743E-04
     5.8500000E+02    220.0657214  3.0032643E+08  1.0207040E+06  0.0000000E+00  2.5697094E+04  8.7580055E-02  0.0000000E+00  7.3009681E+05  3.2577434E+03  1.5310157E+04  1.1988562E+06  8.6400000E+05  0.0000000E+00  0.0000000E+00  7.9879500E+05 -8.2298525E-04
     5.8600000E+02    220.4313085  3.0144810E+08  1.1216640E+06  7.7709425E+04  1.0153570E+04  1.9605458E+03  0.0000000E+00  7.3109950E+05  3.2778684E+03  1.5884658E+04  1.2042106E+06  8.6400000E+05  0.0000000E+00  0.0000000E+00  7.9974156E+05  0.0000000E+00
     5.8700000E+02    220.9499532  3.0303936E+08  1.5912640E+06  6.4908049E+04  7.7620338E+03  1.7370126E+03  0.0000000E+00  7.3470819E+05  3.3191221E+03  1.6665636E+04  1.2064594E+06  3.8880000E+05  0.0000000E+00  0.0000000E+00  8.0257262E+05  9.3385206E-05
     5.8800000E+02    221.4368782  3.0453603E+08  1.4966720E+06  0.0000000E+00  2.2537581E+04  1.9476346E+00  0.0000000E+00  7.2829125E+05  3.3534707E+03  1.7454992E+04  1.2005239E+06  3.8880000E+05  0.0000000E+00  0.0000000E+00  7.9746894E+05 -5.1845247E-05
     5.8900000E+02    221.9187548  3.0602406E+08  1.4880320E+06  0.0000000E+00  2.7244223E+04  1.1963524E-01  0.0000000E+00  7.2615588E+05  3.3845518E+03  1.8227733E+04  1.1993919E+06  3.8880000E+05  0.0000000E+00  0.0000000E+00  7.9581588E+05 -7.3031164E-03
     5.9000000E+02    222.3976576  3.0750294E+08  1.4788800E+06  0.0000000E+00  2.8707069E+04  6.2941492E-02  0.0000000E+00  7.2112775E+05  3.4151626E+03  1.8995051E+04  1.1976341E+06  3.8880000E+05  0.0000000E+00  0.0000000E+00  7.9179612E+05 -1.8371220E-03
     5.9100000E+02    222.8764519  3.0898144E+08  1.4784960E+06  0.0000000E+00  2.6284297E+04  6.2760733E-02  0.0000000E+00  7.1949919E+05  3.4494709E+03  1.9761278E+04  1.1972119E+06  3.8880000E+05  0.0000000E+00  0.0000000E+00  7.9058356E+05 -4.1738162E-03
     5.9200000E+02    223.3486505  3.1044950E+08  1.4680640E+06  0.0000000E+00  3.1125776E+04  6.2592745E-02  0.0000000E+00  7.1592981E+05  3.4798013E+03  2.0519027E+04  1.1960275E+06  3.8880000E+05  0.0000000E+00  0.0000000E+00  7.8771975E+05 -1.6344506E-03
     5.9300000E+02    223.8190625  3.1191206E+08  1.4625600E+06  0.0000000E+00  2.7905624E+04  6.2426612E-02  0.0000000E+00  7.0871206E+05  3.4983186E+03  2.1272378E+04  1.1953156E+06  3.8880000E+05  0.0000000E+00  0.0000000E+00  7.8175275E+05 -4.4642205E-04
     5.9400000E+02    224.2969427  3.1339786E+08  1.4857920E+06  1.3173588E+04  1.1528658E+04  2.1939360E+02  0.0000000E+00  7.0187644E+05  3.5347642E+03  2.2034718E+04  1.1964266E+06  3.8880000E+05  0.0000000E+00  0.0000000E+00  7.7568931E+05  3.0731873E-04
     5.9500000E+02    224.7486000  3.1480768E+08  1.4098240E+06  0.0000000E+00  2.7382154E+04  4.1535890E-01  0.0000000E+00  6.5976981E+05  3.5537776E+03  2.2765877E+04  1.1922371E+06  3.8880000E+05  0.0000000E+00  0.0000000E+00  7.4104812E+05 -1.7197555E-02
     5.9600000E+02    225.1916818  3.1619382E+08  1.3861440E+06  5.2905751E+03  2.4845638E+04  8.8942184E+01  0.0000000E+00  6.3053725E+05  3.5848462E+03  2.3477666E+04  1.1908916E+06  3.8880000E+05  0.0000000E+00  0.0000000E+00  7.5096650E+05 -2.3948872E-03
     5.9700000E+02    225.6237811  3.1754560E+08  1.3517760E+06  0.0000000E+00  2.8837621E+04  2.3289475E-01  0.0000000E+00  6.0881544E+05  3.6149441E+03  2.4172650E+04  1.1881081E+06  3.8880000E+05  0.0000000E+00  0.0000000E+00  7.8768650E+05 -1.5443060E-02
     5.9800000E+02    226.0403435  3.1884880E+08  1.3032000E+06  0.0000000E+00  2.4418904E+04  3.9691683E-02  0.0000000E+00  5.6252962E+05  3.6561184E+03  2.4844228E+04  1.1794631E+06  3.8880000E+05  0.0000000E+00  0.0000000E+00  7.9867225E+05 -1.6799726E-01
     5.9900000E+02    226.4388265  3.2010454E+08  1.2557440E+06  0.0000000E+00  2.1021630E+04  3.9562345E-02  0.0000000E+00  5.2293388E+05  3.6719858E+03  2.5487689E+04  1.1710051E+06  3.8880000E+05  0.0000000E+00  0.0000000E+00  8.4699500E+05 -4.6415485E-02
     6.0000000E+02    226.8100519  3.2127440E+08  1.1698560E+06  0.0000000E+00  2.7342231E+04  3.9474275E-02  0.0000000E+00  4.7339047E+05  3.6974827E+03  2.6090468E+04  1.1372960E+06  3.8880000E+05  0.0000000E+00  0.0000000E+00  8.8853056E+05 -3.1661966E-01
     6.0100000E+02    227.1685137  3.2240403E+08  1.1296320E+06  0.0000000E+00  2.4595943E+04  3.9390553E-02  0.0000000E+00  4.4922772E+05  3.7268533E+03  2.6668183E+04  1.1222629E+06  3.8880000E+05  0.0000000E+00  0.0000000E+00  9.4587844E+05 -1.2296446E-01
     6.0200000E+02    227.5695770  3.2366790E+08  1.2638720E+06  7.4858424E+04  1.5027928E+04  1.7086329E+03  0.0000000E+00  4.7005862E+05  3.8152261E+03  2.7296352E+04  1.1538378E+06  3.8880000E+05  0.0000000E+00  0.0000000E+00  1.0421355E+06  9.7142637E-02
     6.0300000E+02    227.7246557  3.2415869E+08  4.9078400E+05  0.0000000E+00  2.4256582E+04  1.0158857E+00  0.0000000E+00  5.6319994E+05  3.7544824E+03  2.7623245E+04  1.1401342E+06  1.1577600E+06  0.0000000E+00  0.0000000E+00  1.1933922E+06 -4.9498476E-02
     6.0400000E+02    227.9476101  3.2486576E+08  7.0707200E+05  2.6779466E+04  1.0244534E+04  5.1348834E+02  0.0000000E+00  6.8894862E+05  3.7737983E+03  2.7958305E+04  1.1905459E+06  1.1577600E+06  0.0000000E+00  0.0000000E+00  1.3181844E+06 -1.1078843E-03
     6.0500000E+02    228.1255616  3.2543008E+08  5.6432000E+05  0.0000000E+00  2.3957162E+04  2.3470354E+00  0.0000000E+00  6.0970625E+05  3.7632468E+03  2.8257476E+04  1.1675571E+06  1.1577600E+06  0.0000000E+00  0.0000000E+00  1.3115932E+06 -4.4569869E-02
     6.0600000E+02    228.2932519  3.2596189E+08  5.3180800E+05  0.0000000E+00  3.1607840E+04  1.1640073E-01  0.0000000E+00  5.9220425E+05  3.7735706E+03  2.8529107E+04  1.1560280E+06  1.1577600E+06  0.0000000E+00  0.0000000E+00  1.3381704E+06 -3.0008167E-01
     6.0700000E+02    228.4532617  3.2646931E+08  5.0742400E+05  0.0000000E+00  3.9023983E+04  4.4192165E-02  0.0000000E+00  5.8853844E+05  3.7656584E+03  2.8787622E+04  1.1507881E+06  1.1577600E+06  0.0000000E+00  0.0000000E+00  1.3712205E+06  1.4749242E-01
     6.0800000E+02    228.7742728  3.2748733E+08  1.0180160E+06  0.0000000E+00  3.4604750E+04  4.4088528E-02  0.0000000E+00  4.3723716E+05  3.7816465E+03  2.9249793E+04  1.0350500E+06  3.8880000E+05  0.0000000E+00  0.0000000E+00  1.3047524E+06 -1.4704587E-01
     6.0900000E+02    229.0686737  3.2842093E+08  9.3360000E+05  0.0000000E+00  2.9166963E+04  4.3993775E-02  0.0000000E+00  3.8840734E+05  3.8008960E+03  2.9729426E+04  9.9595175E+05  3.8880000E+05  0.0000000E+00  0.0000000E+00  1.3323596E+06 -5.3323410E-02
     6.1000000E+02    229.3440318  3.2929722E+08  8.7628800E+05  0.0000000E+00  3.6359695E+04  4.3900155E-02  0.0000000E+00  3.6455853E+05  3.8149077E+03  3.0706493E+04  9.6871769E+05  3.8880000E+05  0.0000000E+00  0.0000000E+00  1.3741615E+06 -2.0197427E-01
     6.1100000E+02    229.5940080  3.3009520E+08  7.9798400E+05  0.0000000E+00  3.6300480E+04  4.3806911E-02  0.0000000E+00  3.4470153E+05  3.8276538E+03  3.2236223E+04  9.0800888E+05  3.8880000E+05  0.0000000E+00  0.0000000E+00  1.4043544E+06 -5.1391560E-01
     6.1200000E+02    229.8262135  3.3083645E+08  7.4124800E+05  0.0000000E+00  3.9458807E+04  4.3713961E-02  0.0000000E+00  3.3077659E+05  3.8385264E+03  3.3752382E+04  8.7350231E+05  3.8880000E+05  0.0000000E+00  0.0000000E+00  1.4210722E+06 -2.3406121E-01
     6.1300000E+02    230.0456355  3.3153693E+08  7.0048000E+05  0.0000000E+00  4.2345494E+04  4.3621287E-02  0.0000000E+00  3.1943453E+05  3.8694822E+03  3.5173060E+04  8.4738612E+05  3.8880000E+05  0.0000000E+00  0.0000000E+00  1.4478894E+06 -3.2972074E-01
     6.1400000E+02    230.2547884  3.3220458E+08  6.6764800E+05  0.0000000E+00  3.6784074E+04  4.3528896E-02  0.0000000E+00  3.1009434E+05  3.9012356E+03  3.6702441E+04  8.2142312E+05  3.8880000E+05  0.0000000E+00  0.0000000E+00  1.4770554E+06 -2.0487973E-01
     6.1500000E+02    230.4534706  3.3283885E+08  6.3427200E+05  0.0000000E+00  3.2480960E+04  4.3436777E-02  0.0000000E+00  3.0099319E+05  3.9011990E+03  3.8286137E+04  7.9370238E+05  3.8880000E+05  0.0000000E+00  0.0000000E+00  1.5054595E+06 -2.7812526E-01
     6.1600000E+02    230.6406206  3.3343629E+08  5.9744000E+05  0.0000000E+00  3.0963845E+04  4.3344937E-02  0.0000000E+00  2.9119631E+05  3.9021382E+03  3.9801797E+04  7.6571106E+05  3.8880000E+05  0.0000000E+00  0.0000000E+00  1.5322129E+06 -3.7850407E-01
     6.1700000E+02    230.8193342  3.3400762E+08  5.7132800E+05  0.0000000E+00  2.9198606E+04  4.3253373E-02  0.0000000E+00  2.8512141E+05  3.9100251E+03  4.1245020E+04  7.5243500E+05  3.8880000E+05  0.0000000E+00  0.0000000E+00  1.5589322E+06  2.9634532E-01
     6.1800000E+02    230.9923586  3.3456368E+08  5.5606400E+05  0.0000000E+00  2.8764881E+04  4.3162089E-02  0.0000000E+00  2.8157200E+05  3.8806487E+03  4.2638333E+04  7.4153638E+05  3.8880000E+05  0.0000000E+00  0.0000000E+00  1.5858500E+06  2.8936937E-01
     6.1900000E+02    231.1542812  3.3508406E+08  5.2038400E+05  0.0000000E+00  3.9308868E+04  4.3071076E-02  0.0000000E+00  2.7473741E+05  3.8841575E+03  4.3951492E+04  7.1944000E+05  3.8880000E+05  0.0000000E+00  0.0000000E+00  1.6096604E+06 -2.1636920E-01
     6.2000000E+02    231.3075800  3.3557674E+08  4.9267200E+05  0.0000000E+00  4.1846479E+04  4.2980339E-02  0.0000000E+00  2.6876994E+05  3.8868955E+03  4.5191694E+04  7.0059369E+05  3.8880000E+05  0.0000000E+00  0.0000000E+00  1.6322920E+06 -3.1292436E-01
     6.2100000E+02    231.4511082  3.3603802E+08  4.6128000E+05  0.0000000E+00  4.4340655E+04  4.2889867E-02  0.0000000E+00  2.6072980E+05  3.8886670E+03  4.6355566E+04  6.8122269E+05  3.8880000E+05  0.0000000E+00  0.0000000E+00  1.6543520E+06 -2.8795242E-01
     6.2200000E+02    231.4750518  3.3611494E+08  7.6928000E+04  0.0000000E+00  3.9496916E+04  4.2799674E-02  0.0000000E+00  3.8932459E+05  3.8788267E+03  4.6738455E+04  6.3977119E+05  8.6400000E+05  0.0000000E+00  0.0000000E+00  1.7114620E+06 -1.8913448E-01
     6.2300000E+02    231.5023533  3.3620269E+08  8.7744000E+04  0.0000000E+00  3.0017285E+04  4.2709745E-02  0.0000000E+00  4.1576259E+05  3.8666816E+03  4.6951496E+04  6.1591681E+05  8.6400000E+05  0.0000000E+00  0.0000000E+00  1.7283252E+06 -8.7242454E-02
     6.2400000E+02    231.5225317  3.3626755E+08  6.4864000E+04  0.0000000E+00  3.5421991E+04  4.2620085E-02  0.0000000E+00  4.1804734E+05  3.8534697E+03  4.7124322E+04  5.9611712E+05  8.6400000E+05  0.0000000E+00  0.0000000E+00  1.7334098E+06 -1.0838971E-01
     6.2500000E+02    231.5374291  3.3631542E+08  4.7872000E+04  0.0000000E+00  3.7213812E+04  4.2530701E-02  0.0000000E+00  4.1680409E+05  3.8392688E+03  4.7251953E+04  5.8246288E+05  8.6400000E+05  0.0000000E+00  0.0000000E+00  1.7359615E+06 -9.1066755E-02
     6.2600000E+02    231.5491798  3.3635318E+08  3.7760000E+04  0.0000000E+00  3.4303309E+04  4.2441569E-02  0.0000000E+00  4.1506350E+05  3.8392344E+03  4.7350994E+04  5.7197994E+05  8.6400000E+05  0.0000000E+00  0.0000000E+00  1.7376211E+06 -2.1281989E-02
     6.2700000E+02    231.5608171  3.3639059E+08  3.7408000E+04  0.0000000E+00  2.6579923E+04  4.2352717E-02  0.0000000E+00  4.1364897E+05  3.8359600E+03  4.7444275E+04  5.6470538E+05  8.6400000E+05  0.0000000E+00  0.0000000E+00  1.7393019E+06 -9.3396626E-02
     6.2800000E+02    231.5683421  3.3641478E+08  2.4192000E+04  0.0000000E+00  3.2143921E+04  4.2264119E-02  0.0000000E+00  4.1212412E+05  3.8412720E+03  4.7511055E+04  5.5799025E+05  8.6400000E+05  0.0000000E+00  0.0000000E+00  1.7402778E+06 -1.6222957E-01
     6.2900000E+02    231.5708666  3.3642288E+08  8.0960000E+03  0.0000000E+00  4.0052801E+04  4.2175792E-02  0.0000000E+00  4.1081928E+05  3.8117698E+03  4.7539252E+04  5.5059650E+05  8.6400000E+05  0.0000000E+00  0.0000000E+00  1.7402920E+06 -2.1676365E-01
     6.3000000E+02    231.5698296  3.3641955E+08 -3.3280000E+03  0.0000000E+00  4.1373457E+04  4.2087726E-02  0.0000000E+00  4.0998459E+05  3.7644834E+03  4.7536655E+04  5.4138506E+05  8.6400000E+05  0.0000000E+00  0.0000000E+00  1.7395996E+06 -2.0664680E-01
     6.3100000E+02    231.5655454  3.3640579E+08 -1.3760000E+04  0.0000000E+00  3.9953434E+04  4.1999917E-02  0.0000000E+00  4.0825391E+05  3.7485508E+03  4.7507577E+04  5.3031619E+05  8.6400000E+05  0.0000000E+00  0.0000000E+00  1.7379375E+06 -3.0144563E-01
     6.3200000E+02    231.5600066  3.3638797E+08 -1.7824000E+04  0.0000000E+00  3.2622019E+04  4.1912377E-02  0.0000000E+00  4.0635284E+05  3.7490676E+03  4.7465273E+04  5.2423872E+05  8.6400000E+05  0.0000000E+00  0.0000000E+00  1.7359695E+06  6.1119467E-02
     6.3300000E+02    231.5510956  3.3635933E+08 -2.8640000E+04  0.0000000E+00  3.1756312E+04  4.1825090E-02  0.0000000E+00  4.0467166E+05  3.7374067E+03  4.7399380E+04  5.1446516E+05  8.6400000E+05  0.0000000E+00  0.0000000E+00  1.7333648E+06  9.3331546E-02
     6.3400000E+02    231.5350831  3.3630787E+08 -5.1456000E+04  0.0000000E+00  4.1375819E+04  4.1738063E-02  0.0000000E+00  4.0302344E+05  3.7219351E+03  4.7282641E+04  5.0447462E+05  8.6400000E+05  0.0000000E+00  0.0000000E+00  1.7294665E+06  2.6911363E-01
     6.3500000E+02    231.5115174  3.3623216E+08 -7.5712000E+04  0.0000000E+00  4.9695350E+04  4.1651297E-02  0.0000000E+00  4.0195397E+05  3.6842385E+03  4.7106198E+04  4.8427066E+05  8.6400000E+05  0.0000000E+00  0.0000000E+00  1.7240771E+06 -2.6429239E-01
     6.3600000E+02    231.4844204  3.3614506E+08 -8.7104000E+04  0.0000000E+00  4.5317624E+04  4.1564777E-02  0.0000000E+00  3.9977075E+05  3.6908257E+03  4.6895070E+04  4.7683231E+05  8.6400000E+05  0.0000000E+00  0.0000000E+00  1.7177284E+06  3.9625075E-01
     6.3700000E+02    231.4818034  3.3613664E+08 -8.4160000E+03  0.0000000E+00  4.0208394E+04  4.1478522E-02  0.0000000E+00  3.9635369E+05  3.6525862E+03  4.6834965E+04  4.5389784E+05  7.6896000E+05  0.0000000E+00  0.0000000E+00  1.7141449E+06 -1.1497332E-01
     6.3800000E+02    231.4750279  3.3611488E+08 -2.1760000E+04  0.0000000E+00  3.3983104E+04  4.1392520E-02  0.0000000E+00  3.9287694E+05  3.6728157E+03  4.6787414E+04  4.3735988E+05  7.6896000E+05  0.0000000E+00  0.0000000E+00  1.7112512E+06 -1.6481069E-01
     6.3900000E+02    231.4649853  3.3608259E+08 -3.2288000E+04  0.0000000E+00  3.2297725E+04  4.1306768E-02  0.0000000E+00  3.9182378E+05  3.6244160E+03  4.6712300E+04  4.2367184E+05  7.6896000E+05  0.0000000E+00  0.0000000E+00  1.7083860E+06 -4.4748414E-01
     6.4000000E+02    231.4506080  3.3603638E+08 -4.6208000E+04  0.0000000E+00  3.3768374E+04  4.1221276E-02  0.0000000E+00  3.8903172E+05  3.7106567E+03  4.6604216E+04  4.1338462E+05  7.6896000E+05  0.0000000E+00  0.0000000E+00  1.7045919E+06 -5.1800573E-01
     6.4100000E+02    231.4299874  3.3597014E+08 -6.6240000E+04  0.0000000E+00  3.8758802E+04  4.1136030E-02  0.0000000E+00  3.8880447E+05  3.5971438E+03  4.6449239E+04  4.0234947E+05  7.6896000E+05  0.0000000E+00  0.0000000E+00  1.7001661E+06 -4.3273788E-02
     6.4200000E+02    231.4063878  3.3589427E+08 -7.5872000E+04  0.0000000E+00  4.0398709E+04  4.1051034E-02  0.0000000E+00  3.8763075E+05  3.5942292E+03  4.6265206E+04  3.9191756E+05  7.6896000E+05  0.0000000E+00  0.0000000E+00  1.6948009E+06 -4.4200069E-01
     6.4300000E+02    231.3799976  3.3580947E+08 -8.4800000E+04  0.0000000E+00  3.8356475E+04  4.0966291E-02  0.0000000E+00  3.8581944E+05  3.6590852E+03  4.6058547E+04  3.8256053E+05  7.6896000E+05  0.0000000E+00  0.0000000E+00  1.6896674E+06 -4.4970497E-01
     6.4400000E+02    231.3521043  3.3571984E+08 -8.9632000E+04  0.0000000E+00  3.3700380E+04  4.0881798E-02  0.0000000E+00  3.8601547E+05  3.5477109E+03  4.5837804E+04  3.7455191E+05  7.6896000E+05  0.0000000E+00  0.0000000E+00  1.6850779E+06 -2.1670635E-01
     6.4500000E+02    231.3213146  3.3562086E+08 -9.8976000E+04  0.0000000E+00  3.2943656E+04  4.0797554E-02  0.0000000E+00  3.8458294E+05  3.5405581E+03  4.5596118E+04  3.6701866E+05  7.6896000E+05  0.0000000E+00  0.0000000E+00  1.6798821E+06 -5.4367285E-02
     6.4600000E+02    231.2887231  3.3551613E+08 -1.0473600E+05  0.0000000E+00  3.1003673E+04  4.0713549E-02  0.0000000E+00  3.8569741E+05  3.5158525E+03  4.5338266E+04  3.6352638E+05  7.6896000E+05  0.0000000E+00  0.0000000E+00  1.6751075E+06  6.0579109E-01
     6.4700000E+02    231.2540726  3.3540477E+08 -1.1136000E+05  0.0000000E+00  3.4107071E+04  4.0629800E-02  0.0000000E+00  3.8180462E+05  3.6203948E+03  4.5064353E+04  3.5437116E+05  7.6896000E+05  0.0000000E+00  0.0000000E+00  1.6685954E+06 -4.9497986E-01
     6.4800000E+02    231.2145117  3.3527763E+08 -1.2713600E+05  0.0000000E+00  3.8146977E+04  4.0546294E-02  0.0000000E+00  3.8144838E+05  3.4989609E+03  4.4755718E+04  3.5010256E+05  7.6896000E+05  0.0000000E+00  0.0000000E+00  1.6623002E+06  3.8876832E-01
     6.4900000E+02    231.1730426  3.3514435E+08 -1.3328000E+05  0.0000000E+00  3.6568376E+04  4.0463030E-02  0.0000000E+00  3.8043619E+05  3.4823574E+03  4.4427015E+04  3.4309488E+05  7.6896000E+05  0.0000000E+00  0.0000000E+00  1.6555682E+06  3.9526901E-01
     6.5000000E+02    231.1299027  3.3500573E+08 -1.3862400E+05  0.0000000E+00  3.5135879E+04  4.0380009E-02  0.0000000E+00  3.7968072E+05  3.4634248E+03  4.4084566E+04  3.3632450E+05  7.6896000E+05  0.0000000E+00  0.0000000E+00  1.6487462E+06  3.5054263E-01
     6.5100000E+02    231.1686802  3.3513034E+08  1.2460800E+05  0.0000000E+00  3.4669747E+04  4.0297240E-02  0.0000000E+00  2.7016766E+05  3.4422336E+03  4.4263719E+04  3.1693475E+05  3.8016000E+05  0.0000000E+00  0.0000000E+00  1.5967919E+06 -7.0260311E-03
     6.5200000E+02    231.1887643  3.3519488E+08  6.4544000E+04  0.0000000E+00  4.1001151E+04  4.0214702E-02  0.0000000E+00  2.3272153E+05  3.4309016E+03  4.4454304E+04  3.0092206E+05  3.8016000E+05  0.0000000E+00  0.0000000E+00  1.5883325E+06  9.9785691E-03
     6.5300000E+02    231.1977471  3.3522374E+08  2.8864000E+04  0.0000000E+00  4.7470223E+04  4.0132403E-02  0.0000000E+00  2.1185958E+05  3.4611780E+03  4.4543930E+04  2.8862875E+05  3.8016000E+05  0.0000000E+00  0.0000000E+00  1.5836018E+06 -8.0141097E-01
     6.5400000E+02    231.1998593  3.3523056E+08  6.8160000E+03  0.0000000E+00  4.1088726E+04  4.0050350E-02  0.0000000E+00  1.9995681E+05  3.4091606E+03  4.4571821E+04  2.8125022E+05  3.8016000E+05  0.0000000E+00  0.0000000E+00  1.5801639E+06  1.0725892E+00
     6.5500000E+02    231.1971668  3.3522189E+08 -8.6720000E+03  0.0000000E+00  4.0212933E+04  3.9968535E-02  0.0000000E+00  1.9091695E+05  3.3977546E+03  4.4557968E+04  2.7445612E+05  3.8016000E+05  0.0000000E+00  0.0000000E+00  1.5771991E+06  1.2206105E+00
     6.5600000E+02    231.1904366  3.3520026E+08 -2.1632000E+04  0.0000000E+00  4.0786603E+04  3.9886963E-02  0.0000000E+00  1.8433102E+05  3.4425732E+03  4.4510586E+04  2.6816684E+05  3.8016000E+05  0.0000000E+00  0.0000000E+00  1.5739279E+06  1.1154035E+00
     6.5700000E+02    231.1473878  3.3506192E+08 -1.3833600E+05  0.0000000E+00  3.4683242E+04  3.9805621E-02  0.0000000E+00  2.5180342E+05  3.3704763E+03  4.4224302E+04  2.7269884E+05  5.7888000E+05  0.0000000E+00  0.0000000E+00  1.5936205E+06  2.5413743E-01
     6.5800000E+02    231.1124390  3.3494960E+08 -1.1232000E+05  0.0000000E+00  3.4389416E+04  3.9724514E-02  0.0000000E+00  2.7060394E+05  3.3546018E+03  4.3931749E+04  2.7744647E+05  5.7888000E+05  0.0000000E+00  0.0000000E+00  1.5901762E+06 -2.8054029E-02
     6.5900000E+02    231.0838726  3.3485779E+08 -9.1808000E+04  0.0000000E+00  2.7508036E+04  3.9643642E-02  0.0000000E+00  2.7972556E+05  3.3571777E+03  4.3693003E+04  2.7928028E+05  5.7888000E+05  0.0000000E+00  0.0000000E+00  1.5880461E+06 -4.0161604E-01
     6.6000000E+02    231.0533869  3.3475981E+08 -9.7984000E+04  0.0000000E+00  3.5970278E+04  3.9563011E-02  0.0000000E+00  2.8456562E+05  3.3258672E+03  4.3452185E+04  2.7973741E+05  5.7888000E+05  0.0000000E+00  0.0000000E+00  1.5846301E+06  9.9564962E-02
     6.6100000E+02    230.9275953  3.3435555E+08 -4.0425600E+05  0.0000000E+00  3.5840320E+04  3.9482612E-02  0.0000000E+00  3.5680209E+05  3.3013503E+03  4.2598332E+04  2.7977091E+05  9.5904000E+05  0.0000000E+00  0.0000000E+00  1.6096529E+06  4.7140126E-03
     6.6200000E+02    230.8069154  3.3396771E+08 -3.8784000E+05  0.0000000E+00  3.3931388E+04  3.9402444E-02  0.0000000E+00  3.7070444E+05  3.2751445E+03  4.1624703E+04  2.7933525E+05  9.5904000E+05  0.0000000E+00  0.0000000E+00  1.5990800E+06  8.2500605E-04
     6.6300000E+02    230.6864643  3.3358262E+08 -3.8508800E+05  0.0000000E+00  3.4028216E+04  3.9322507E-02  0.0000000E+00  3.7389281E+05  3.2494934E+03  4.0660718E+04  2.7800444E+05  9.5904000E+05  0.0000000E+00  0.0000000E+00  1.5834182E+06  6.6901103E-04
     6.6400000E+02    230.5674572  3.3320272E+08 -3.7990400E+05  0.0000000E+00  2.9815752E+04  3.9242800E-02  0.0000000E+00  3.7530350E+05  3.2237329E+03  3.9706339E+04  2.7658919E+05  9.5904000E+05  0.0000000E+00  0.0000000E+00  1.5673524E+06  1.0600553E-03
     6.6500000E+02    230.4489310  3.3282435E+08 -3.7836800E+05  0.0000000E+00  2.8849932E+04  3.9163325E-02  0.0000000E+00  3.7627953E+05  3.1980376E+03  3.8757354E+04  2.7487397E+05  9.5904000E+05  0.0000000E+00  0.0000000E+00  1.5514519E+06 -3.1442828E-02
     6.6600000E+02    230.3302084  3.3244534E+08 -3.7900800E+05  0.0000000E+00  2.9363834E+04  3.9084081E-02  0.0000000E+00  3.7799666E+05  3.1724851E+03  3.7807887E+04  2.7391903E+05  9.5904000E+05  0.0000000E+00  0.0000000E+00  1.5364834E+06  1.4956151E-01
     6.6700000E+02    230.2101066  3.3206195E+08 -3.8339200E+05  0.0000000E+00  3.3665269E+04  3.9005063E-02  0.0000000E+00  3.7908025E+05  3.1468193E+03  3.6842184E+04  2.7246519E+05  9.5904000E+05  0.0000000E+00  0.0000000E+00  1.5213342E+06  2.1722305E-01
     6.6800000E+02    230.0908942  3.3168141E+08 -3.8054400E+05  0.0000000E+00  3.2915197E+04  3.8926274E-02  0.0000000E+00  3.8036756E+05  3.1419138E+03  3.4264195E+04  2.7099591E+05  9.5904000E+05  0.0000000E+00  0.0000000E+00  1.5065441E+06  2.4735606E-01
     6.6900000E+02    230.0786781  3.3164240E+08 -3.9008000E+04  0.0000000E+00  3.1396414E+04  3.8847711E-02  0.0000000E+00  3.4107950E+05  3.1064727E+03  3.4074497E+04  2.6738512E+05  5.7888000E+05  0.0000000E+00  0.0000000E+00  1.4750725E+06  2.3650206E-03
     6.7000000E+02    230.0592027  3.3158022E+08 -6.2176000E+04  0.0000000E+00  3.3951754E+04  3.8769376E-02  0.0000000E+00  3.2350225E+05  3.0938086E+03  3.3987982E+04  2.6429866E+05  5.7888000E+05  0.0000000E+00  0.0000000E+00  1.4596602E+06  9.7512966E-03
     6.7100000E+02    230.0357340  3.3150531E+08 -7.4912000E+04  0.0000000E+00  3.3604978E+04  3.8691264E-02  0.0000000E+00  3.1375428E+05  3.0813511E+03  3.3879163E+04  2.6237350E+05  5.7888000E+05  0.0000000E+00  0.0000000E+00  1.4487686E+06  2.4548827E-01
     6.7200000E+02    230.0086342  3.3141878E+08 -8.6528000E+04  0.0000000E+00  3.6716006E+04  3.8613375E-02  0.0000000E+00  3.0619225E+05  3.0683689E+03  3.3752566E+04  2.5969619E+05  5.7888000E+05  0.0000000E+00  0.0000000E+00  1.4388166E+06 -6.7058347E-05
     6.7300000E+02    229.9807247  3.3132970E+08 -8.9088000E+04  0.0000000E+00  3.2659273E+04  3.8535714E-02  0.0000000E+00  3.0110338E+05  3.0553584E+03  3.3619375E+04  2.5801688E+05  5.7888000E+05  0.0000000E+00  0.0000000E+00  1.4304506E+06 -8.7741087E-04
     6.7400000E+02    229.9532581  3.3124202E+08 -8.7680000E+04  0.0000000E+00  2.8849146E+04  3.8458273E-02  0.0000000E+00  2.9853512E+05  3.0426692E+03  3.3487107E+04  2.5575723E+05  5.7888000E+05  0.0000000E+00  0.0000000E+00  1.4220025E+06 -3.5491359E-01
     6.7500000E+02    229.9230216  3.3114550E+08 -9.6512000E+04  0.0000000E+00  3.2844502E+04  3.8381055E-02  0.0000000E+00  2.9614956E+05  3.0301919E+03  3.3344627E+04  2.5486362E+05  5.7888000E+05  0.0000000E+00  0.0000000E+00  1.4153968E+06 -8.8576317E-02
     6.7600000E+02    229.8924044  3.3104778E+08 -9.7728000E+04  0.0000000E+00  3.0956549E+04  3.8304057E-02  0.0000000E+00  2.9344191E+05  3.0179075E+03  3.3198026E+04  2.5315361E+05  5.7888000E+05  0.0000000E+00  0.0000000E+00  1.4081602E+06 -2.6760599E-01
     6.7700000E+02    229.8605653  3.3094611E+08 -1.0166400E+05  0.0000000E+00  2.9053741E+04  3.8227279E-02  0.0000000E+00  2.8975094E+05  3.0045620E+03  3.3046367E+04  2.5258888E+05  5.7888000E+05  0.0000000E+00  0.0000000E+00  1.4017241E+06  2.9794963E-03
     6.7800000E+02    229.8276092  3.3084093E+08 -1.0518400E+05  0.0000000E+00  3.2082006E+04  3.8150720E-02  0.0000000E+00  2.8797634E+05  3.0139722E+03  3.2889246E+04  2.5091947E+05  5.7888000E+05  0.0000000E+00  0.0000000E+00  1.3947956E+06 -4.3059587E-01
     6.7900000E+02    229.7941691  3.3073418E+08 -1.0675200E+05  0.0000000E+00  3.1685096E+04  3.8074378E-02  0.0000000E+00  2.8696909E+05  2.9981621E+03  3.2729194E+04  2.4966152E+05  5.7888000E+05  0.0000000E+00  0.0000000E+00  1.3901579E+06 -4.5023155E-01
     6.8000000E+02    229.7619616  3.3063136E+08 -1.0281600E+05  0.0000000E+00  2.6185824E+04  3.7998255E-02  0.0000000E+00  2.8664356E+05  2.9656428E+03  3.2573410E+04  2.4880398E+05  5.7888000E+05  0.0000000E+00  0.0000000E+00  1.3841229E+06 -3.6548465E-01
     6.8100000E+02    229.7267678  3.3051901E+08 -1.1235200E+05  0.0000000E+00  3.3012546E+04  3.7922349E-02  0.0000000E+00  2.8643422E+05  2.9531082E+03  3.2407342E+04  2.4866777E+05  5.7888000E+05  0.0000000E+00  0.0000000E+00  1.3796236E+06  3.1063976E-02
     6.8200000E+02    229.6913355  3.3040589E+08 -1.1312000E+05  0.0000000E+00  3.0826155E+04  3.7846662E-02  0.0000000E+00  2.8407772E+05  2.9418828E+03  3.2237492E+04  2.4821408E+05  5.7888000E+05  0.0000000E+00  0.0000000E+00  1.3763752E+06  8.1603624E-02
     6.8300000E+02    229.6568407  3.3029578E+08 -1.1011200E+05  0.0000000E+00  2.8537607E+04  3.7771188E-02  0.0000000E+00  2.8445894E+05  2.9272856E+03  3.2071013E+04  2.4660958E+05  5.7888000E+05  0.0000000E+00  0.0000000E+00  1.3705921E+06 -1.9229172E-01
     6.8400000E+02    229.6214568  3.3018282E+08 -1.1296000E+05  0.0000000E+00  2.8245487E+04  3.7695933E-02  0.0000000E+00  2.8258081E+05  2.9146663E+03  3.1902019E+04  2.4638197E+05  5.7888000E+05  0.0000000E+00  0.0000000E+00  1.3679795E+06 -3.0084488E-03
     6.8500000E+02    229.4904042  3.2976448E+08 -4.1833600E+05  0.0000000E+00  3.2512049E+04  3.7620887E-02  0.0000000E+00  3.5870884E+05  2.9512854E+03  3.0872630E+04  2.4834422E+05  9.5904000E+05  0.0000000E+00  0.0000000E+00  1.4312005E+06  1.2861136E-03
     6.8600000E+02    229.3652914  3.2936506E+08 -3.9942400E+05  0.0000000E+00  3.1091172E+04  3.7546054E-02  0.0000000E+00  3.7419288E+05  2.8657817E+03  3.0436950E+04  2.4985183E+05  9.5904000E+05  0.0000000E+00  0.0000000E+00  1.4276424E+06  3.4076457E-03
     6.8700000E+02    229.2424221  3.2897283E+08 -3.9222400E+05  0.0000000E+00  2.8208495E+04  3.7471429E-02  0.0000000E+00  3.7749053E+05  2.8541492E+03  3.0151152E+04  2.5052905E+05  9.5904000E+05  0.0000000E+00  0.0000000E+00  1.4105331E+06 -9.9240022E-04
     6.8800000E+02    229.1166559  3.2857312E+08 -3.9971200E+05  0.0000000E+00  3.6641838E+04  3.7397020E-02  0.0000000E+00  3.7872500E+05  2.8305435E+03  2.9940684E+04  2.5005522E+05  9.5904000E+05  0.0000000E+00  0.0000000E+00  1.3919006E+06  3.8103343E-03
     6.8900000E+02    228.9924043  3.2817907E+08 -3.9404800E+05  0.0000000E+00  3.1834202E+04  3.7322823E-02  0.0000000E+00  3.7977516E+05  2.7959790E+03  2.9741365E+04  2.4992859E+05  9.5904000E+05  0.0000000E+00  0.0000000E+00  1.3733878E+06  3.3246644E-02
     6.9000000E+02    228.8696442  3.2778976E+08 -3.8931200E+05  0.0000000E+00  2.7867466E+04  3.7248839E-02  0.0000000E+00  3.8080659E+05  2.8208315E+03  2.9544440E+04  2.4978981E+05  9.5904000E+05  0.0000000E+00  0.0000000E+00  1.3499065E+06  6.2366772E-02
     6.9100000E+02    228.7459113  3.2739738E+08 -3.9238400E+05  0.0000000E+00  3.1080257E+04  3.7175059E-02  0.0000000E+00  3.8092941E+05  2.7416562E+03  2.9346748E+04  2.4908030E+05  9.5904000E+05  0.0000000E+00  0.0000000E+00  1.3214160E+06  1.8104181E-02
     6.9200000E+02    228.7262976  3.2733517E+08 -6.2208000E+04  0.0000000E+00  3.7191400E+04  3.7101481E-02  0.0000000E+00  3.3911666E+05  2.7276155E+03  2.9282037E+04  2.4676533E+05  5.7888000E+05  0.0000000E+00  0.0000000E+00  1.2727084E+06  1.3790713E-03
     6.9300000E+02    228.6981537  3.2724592E+08 -8.9248000E+04  0.0000000E+00  4.2560919E+04  3.7028123E-02  0.0000000E+00  3.1973038E+05  2.7157319E+03  2.9239730E+04  2.4439680E+05  5.7888000E+05  0.0000000E+00  0.0000000E+00  1.2446588E+06 -3.2426717E-03
     6.9400000E+02    228.6664409  3.2714534E+08 -1.0057600E+05  0.0000000E+00  4.0805856E+04  3.6954962E-02  0.0000000E+00  3.0920081E+05  2.7513042E+03  2.9190124E+04  2.4311288E+05  5.7888000E+05  0.0000000E+00  0.0000000E+00  1.2226236E+06  1.9373612E-01
     6.9500000E+02    228.6335872  3.2704115E+08 -1.0419200E+05  0.0000000E+00  3.6789693E+04  3.6882013E-02  0.0000000E+00  3.0125319E+05  2.7172563E+03  2.9137914E+04  2.4155070E+05  5.7888000E+05  0.0000000E+00  0.0000000E+00  1.1984748E+06 -8.1686050E-02
     6.9600000E+02    228.6020421  3.2694112E+08 -1.0003200E+05  0.0000000E+00  2.7983190E+04  3.6809266E-02  0.0000000E+00  2.9680106E+05  2.6797114E+03  2.9087015E+04  2.4016859E+05  5.7888000E+05  0.0000000E+00  0.0000000E+00  1.1789439E+06 -2.5495011E-01
     6.9700000E+02    228.5704624  3.2684099E+08 -1.0012800E+05  0.0000000E+00  2.2793587E+04  3.6736727E-02  0.0000000E+00  2.9274928E+05  2.6681301E+03  2.9036491E+04  2.4042331E+05  5.7888000E+05  0.0000000E+00  0.0000000E+00  1.1700366E+06 -1.2255710E-02
     6.9800000E+02    228.5372032  3.2673552E+08 -1.0547200E+05  0.0000000E+00  2.5080001E+04  3.6664389E-02  0.0000000E+00  2.9047597E+05  2.6706223E+03  2.8983805E+04  2.4003648E+05  5.7888000E+05  0.0000000E+00  0.0000000E+00  1.1614136E+06  5.8221225E-02
     6.9900000E+02    228.5031347  3.2662746E+08 -1.0806400E+05  0.0000000E+00  2.5310990E+04  3.6592260E-02  0.0000000E+00  2.8855800E+05  2.6575376E+03  2.8929546E+04  2.3949331E+05  5.7888000E+05  0.0000000E+00  0.0000000E+00  1.1527140E+06  5.3055070E-02
     7.0000000E+02    228.4668763  3.2651248E+08 -1.1497600E+05  0.0000000E+00  3.0207816E+04  3.6520328E-02  0.0000000E+00  2.8636000E+05  2.6325928E+03  2.8872224E+04  2.3813356E+05  5.7888000E+05  0.0000000E+00  0.0000000E+00  1.1433145E+06 -1.7531615E-01
     7.0100000E+02    228.4288996  3.2639206E+08 -1.2041600E+05  0.0000000E+00  3.3163858E+04  3.6448598E-02  0.0000000E+00  2.8513172E+05  2.6208196E+03  2.8812002E+04  2.3764077E+05  5.7888000E+05  0.0000000E+00  0.0000000E+00  1.1341994E+06 -4.4781148E-02
     7.0200000E+02    228.3889272  3.2626528E+08 -1.2678400E+05  0.0000000E+00  3.6033190E+04  3.6377065E-02  0.0000000E+00  2.8203644E+05  2.6090466E+03  2.8748675E+04  2.3613591E+05  5.7888000E+05  0.0000000E+00  0.0000000E+00  1.1234528E+06 -2.0340733E-01
     7.0300000E+02    228.3493154  3.2613968E+08 -1.2560000E+05  0.0000000E+00  3.2545361E+04  3.6305744E-02  0.0000000E+00  2.8090044E+05  2.5974219E+03  2.8685170E+04  2.3563433E+05  5.7888000E+05  0.0000000E+00  0.0000000E+00  1.1138870E+06 -8.9173473E-02
     7.0400000E+02    228.3101918  3.2601558E+08 -1.2409600E+05  0.0000000E+00  2.9455614E+04  3.6234617E-02  0.0000000E+00  2.7975678E+05  2.5859644E+03  2.8622406E+04  2.3484538E+05  5.7888000E+05  0.0000000E+00  0.0000000E+00  1.1043194E+06 -1.3225244E-01
     7.0500000E+02    228.2701590  3.2588864E+08 -1.2694400E+05  0.0000000E+00  3.0648945E+04  3.6163688E-02  0.0000000E+00  2.7896903E+05  2.5745222E+03  2.8558634E+04  2.3441981E+05  5.7888000E+05  0.0000000E+00  0.0000000E+00  1.0948891E+06 -5.1392145E-02
     7.0600000E+02    228.2291460  3.2575859E+08 -1.3004800E+05  0.0000000E+00  3.2806083E+04  3.6092952E-02  0.0000000E+00  2.7905244E+05  2.5851995E+03  2.8493317E+04  2.3411081E+05  5.7888000E+05  0.0000000E+00  0.0000000E+00  1.0857371E+06  6.9499590E-02
     7.0700000E+02    228.1882595  3.2562893E+08 -1.2966400E+05  0.0000000E+00  3.1280412E+04  3.6022417E-02  0.0000000E+00  2.7731947E+05  2.5509592E+03  2.8427848E+04  2.3305814E+05  5.7888000E+05  0.0000000E+00  0.0000000E+00  1.0754740E+06 -1.7119429E-01
     7.0800000E+02    228.1500216  3.2550765E+08 -1.2128000E+05  0.0000000E+00  2.2080030E+04  3.5952080E-02  0.0000000E+00  2.7725294E+05  2.5396650E+03  2.8365810E+04  2.3340420E+05  5.7888000E+05  0.0000000E+00  0.0000000E+00  1.0667802E+06  1.1345373E-02
     7.0900000E+02    228.1111165  3.2538429E+08 -1.2336000E+05  0.0000000E+00  2.3695026E+04  3.5881937E-02  0.0000000E+00  2.7667191E+05  2.5285049E+03  2.8303765E+04  2.3292030E+05  5.7888000E+05  0.0000000E+00  0.0000000E+00  1.0576979E+06 -7.1833722E-02
     7.1000000E+02    228.0709212  3.2525680E+08 -1.2748800E+05  0.0000000E+00  2.6863918E+04  3.5811987E-02  0.0000000E+00  2.7627919E+05  2.5173049E+03  2.8239855E+04  2.3270823E+05  5.7888000E+05  0.0000000E+00  0.0000000E+00  1.0485416E+06 -4.0308256E-03
     7.1100000E+02    228.0299983  3.2512704E+08 -1.2976000E+05  0.0000000E+00  2.8555385E+04  3.5742234E-02  0.0000000E+00  2.7571438E+05  2.5060823E+03  2.8174601E+04  2.3211634E+05  5.7888000E+05  0.0000000E+00  0.0000000E+00  1.0390708E+06 -8.2322404E-02
     7.1200000E+02    227.9898750  3.2499978E+08 -1.2726400E+05  0.0000000E+00  2.5714466E+04  3.5672676E-02  0.0000000E+00  2.7588591E+05  2.4948315E+03  2.8110138E+04  2.3203470E+05  5.7888000E+05  0.0000000E+00  0.0000000E+00  1.0301860E+06 -2.3270249E-03
     7.1300000E+02    227.8579544  3.2458144E+08 -4.1833600E+05  0.0000000E+00  2.2483049E+04  3.5603311E-02  0.0000000E+00  3.5780775E+05  2.4742263E+03  2.7928411E+04  2.3577112E+05  9.5904000E+05  0.0000000E+00  0.0000000E+00  1.1016870E+06 -1.0623310E-03
     7.1400000E+02    227.7320569  3.2418218E+08 -3.9926400E+05  0.0000000E+00  2.4657581E+04  3.5534140E-02  0.0000000E+00  3.7645953E+05  2.4493657E+03  2.7725015E+04  2.3816166E+05  9.5904000E+05  0.0000000E+00  0.0000000E+00  1.0897305E+06  1.3130356E-03
     7.1500000E+02    227.6082684  3.2378986E+08 -3.9232000E+05  0.0000000E+00  2.3122275E+04  3.5465159E-02  0.0000000E+00  3.8038391E+05  2.4262288E+03  2.7526247E+04  2.3940206E+05  9.5904000E+05  0.0000000E+00  0.0000000E+00  1.0656644E+06 -8.6452649E-04
     7.1600000E+02    227.4829484  3.2339491E+08 -3.9494400E+05  0.0000000E+00  2.7431421E+04  3.5396364E-02  0.0000000E+00  3.8167212E+05  2.4025381E+03  2.7326193E+04  2.3960766E+05  9.5904000E+05  0.0000000E+00  0.0000000E+00  1.0395712E+06  2.3309877E-03
     7.1700000E+02    227.3587200  3.2300342E+08 -3.9148800E+05  0.0000000E+00  2.5023655E+04  3.5327766E-02  0.0000000E+00  3.8236828E+05  2.3953669E+03  2.7127047E+04  2.3974183E+05  9.5904000E+05  0.0000000E+00  0.0000000E+00  1.0134218E+06  1.1900815E-03
     7.1800000E+02    227.2352521  3.2261434E+08 -3.8908800E+05  0.0000000E+00  2.3449965E+04  3.5259359E-02  0.0000000E+00  3.8292125E+05  2.3792151E+03  2.6929223E+04  2.3974675E+05  9.5904000E+05  0.0000000E+00  0.0000000E+00  9.8755825E+05 -4.1880873E-03
     7.1900000E+02    227.1112957  3.2222371E+08 -3.9062400E+05  0.0000000E+00  2.4620044E+04  3.5191141E-02  0.0000000E+00  3.8266141E+05  2.4042190E+03  2.6731018E+04  2.3957231E+05  9.5904000E+05  0.0000000E+00  0.0000000E+00  9.6158594E+05  6.1710398E-03
     7.2000000E+02    227.0936443  3.2216810E+08 -5.5616000E+04  0.0000000E+00  2.4520187E+04  3.5123110E-02  0.0000000E+00  3.3880184E+05  2.3176284E+03  2.6668748E+04  2.3796034E+05  5.7888000E+05  0.0000000E+00  0.0000000E+00  9.0274888E+05 -1.3144650E-03
     7.2100000E+02    226.9681014  3.2177245E+08 -3.9564800E+05  0.0000000E+00  2.2672784E+04  3.5055261E-02  0.0000000E+00  3.7654100E+05  2.2965315E+03  2.6502378E+04  2.3834512E+05  9.5904000E+05  0.0000000E+00  0.0000000E+00  9.2591925E+05  2.2265948E-03
     7.2200000E+02    226.8462888  3.2138858E+08 -3.8387200E+05  0.0000000E+00  1.8301977E+04  3.4987606E-02  0.0000000E+00  3.8308716E+05  2.2733442E+03  2.6306253E+04  2.3896428E+05  9.5904000E+05  0.0000000E+00  0.0000000E+00  9.0689750E+05  1.9260946E-04
     7.2300000E+02    226.7236156  3.2100202E+08 -3.8656000E+05  0.0000000E+00  2.2670685E+04  3.4920134E-02  0.0000000E+00  3.8427544E+05  2.2798145E+03  2.6110220E+04  2.3889747E+05  9.5904000E+05  0.0000000E+00  0.0000000E+00  8.8309981E+05 -3.6413446E-02
     7.2400000E+02    226.6008586  3.2061517E+08 -3.8684800E+05  0.0000000E+00  2.3663111E+04  3.4852851E-02  0.0000000E+00  3.8556112E+05  2.4883318E+03  2.5913805E+04  2.3882881E+05  9.5904000E+05  0.0000000E+00  0.0000000E+00  8.5969694E+05  1.3129197E-02
     7.2500000E+02    226.4772959  3.2022576E+08 -3.8940800E+05  0.0000000E+00  2.6799223E+04  3.4785751E-02  0.0000000E+00  3.8642766E+05  2.5047732E+03  2.5716331E+04  2.3856248E+05  9.5904000E+05  0.0000000E+00  0.0000000E+00  8.3624331E+05  3.3319023E-02
     7.2600000E+02    226.3533296  3.1983510E+08 -3.9065600E+05  0.0000000E+00  2.8480138E+04  3.4718834E-02  0.0000000E+00  3.8714747E+05  2.5095010E+03  2.5518082E+04  2.3823283E+05  9.5904000E+05  0.0000000E+00  0.0000000E+00  8.1295081E+05  4.8114430E-02
     7.2700000E+02    226.2293973  3.1944454E+08 -3.9056000E+05  0.0000000E+00  2.8803950E+04  3.4652099E-02  0.0000000E+00  3.8782994E+05  2.5130120E+03  2.5319748E+04  2.3791334E+05  9.5904000E+05  0.0000000E+00  0.0000000E+00  7.9003481E+05  6.1695322E-02
     7.2800000E+02    226.1040037  3.1904941E+08 -3.9513600E+05  0.0000000E+00  3.3679647E+04  3.4585550E-02  0.0000000E+00  3.8851838E+05  2.5249485E+03  2.5119554E+04  2.3736030E+05  9.5904000E+05  0.0000000E+00  0.0000000E+00  7.6736312E+05  6.3751750E-02
     7.2900000E+02    225.9791306  3.1865728E+08 -3.9212800E+05  0.0000000E+00  3.1198469E+04  3.4519184E-02  0.0000000E+00  3.8928728E+05  2.5369045E+03  2.4919559E+04  2.3704392E+05  9.5904000E+05  0.0000000E+00  0.0000000E+00  7.4528575E+05  7.5102322E-02
     7.3000000E+02    225.8557142  3.1827117E+08 -3.8611200E+05  0.0000000E+00  2.6096870E+04  3.4453001E-02  0.0000000E+00  3.9014238E+05  2.5522034E+03  2.4721595E+04  2.3688555E+05  9.5904000E+05  0.0000000E+00  0.0000000E+00  7.2404400E+05  7.2031043E-02
     7.3100000E+02    225.7342676  3.1789126E+08 -3.7990400E+05  0.0000000E+00  2.1160328E+04  3.4386996E-02  0.0000000E+00  3.9108022E+05  2.5753479E+03  2.4526619E+04  2.3684311E+05  9.5904000E+05  0.0000000E+00  0.0000000E+00  7.0375212E+05  5.2125614E-02
     7.3200000E+02    225.6121954  3.1750934E+08 -3.8192000E+05  0.0000000E+00  2.4302382E+04  3.4321174E-02  0.0000000E+00  3.9216594E+05  2.6147366E+03  2.4331473E+04  2.3661027E+05  9.5904000E+05  0.0000000E+00  0.0000000E+00  6.8412538E+05  4.0347382E-02
     7.3300000E+02    225.4918758  3.1713296E+08 -3.7638400E+05  0.0000000E+00  2.0344547E+04  3.4255527E-02  0.0000000E+00  3.9346041E+05  2.6523167E+03  2.4138370E+04  2.3665380E+05  9.5904000E+05  0.0000000E+00  0.0000000E+00  6.6548256E+05  3.2101765E-02
     7.3400000E+02    225.3740697  3.1676442E+08 -3.6854400E+05  0.0000000E+00  1.4391062E+04  3.4190066E-02  0.0000000E+00  3.9495328E+05  2.6992039E+03  2.3949045E+04  2.3685548E+05  9.5904000E+05  0.0000000E+00  0.0000000E+00  6.4799712E+05  2.7347831E-02
     7.3500000E+02    225.2558257  3.1639450E+08 -3.6992000E+05  0.0000000E+00  1.7754747E+04  3.4124780E-02  0.0000000E+00  3.9679678E+05  2.7750801E+03  2.3759965E+04  2.3677280E+05  9.5904000E+05  0.0000000E+00  0.0000000E+00  6.3142112E+05  1.5934443E-02
     7.3600000E+02    225.2413549  3.1634922E+08 -4.5280000E+04  0.0000000E+00  1.8588350E+04  3.4059670E-02  0.0000000E+00  3.4260459E+05  1.9805861E+03  2.3703595E+04  2.3527878E+05  5.7888000E+05  0.0000000E+00  0.0000000E+00  5.5228938E+05  1.7451585E-03
     7.3700000E+02    225.2202613  3.1628323E+08 -6.5984000E+04  0.0000000E+00  1.7334278E+04  3.3994742E-02  0.0000000E+00  3.2201984E+05  1.9931957E+03  2.3671960E+04  2.3384433E+05  5.7888000E+05  0.0000000E+00  0.0000000E+00  5.2248209E+05 -5.0250897E-03
     7.3800000E+02    225.1953136  3.1620518E+08 -7.8048000E+04  0.0000000E+00  1.8023106E+04  3.3929989E-02  0.0000000E+00  3.1279909E+05  2.2469277E+03  2.3633271E+04  2.3299852E+05  5.7888000E+05  0.0000000E+00  0.0000000E+00  5.1272272E+05  1.7057498E-01
     7.3900000E+02    225.1673302  3.1611763E+08 -8.7552000E+04  0.0000000E+00  2.0161256E+04  3.3865407E-02  0.0000000E+00  3.0662450E+05  2.3157061E+03  2.3589462E+04  2.3200853E+05  5.7888000E+05  0.0000000E+00  0.0000000E+00  5.0440019E+05  1.9820701E-01
     7.4000000E+02    225.1361572  3.1602013E+08 -9.7504000E+04  0.0000000E+00  2.1804552E+04  3.3801008E-02  0.0000000E+00  2.9798488E+05  1.9543762E+03  2.3540598E+04  2.3064073E+05  5.7888000E+05  0.0000000E+00  0.0000000E+00  4.9390759E+05 -7.9749487E-03
     7.4100000E+02    225.1027785  3.1591568E+08 -1.0444800E+05  0.0000000E+00  2.4578150E+04  3.3736780E-02  0.0000000E+00  2.9537912E+05  2.1068770E+03  2.3487889E+04  2.2960675E+05  5.7888000E+05  0.0000000E+00  0.0000000E+00  4.8708788E+05  6.0577180E-02
     7.4200000E+02    225.0664120  3.1580192E+08 -1.1376000E+05  0.0000000E+00  2.0647718E+04  3.3672724E-02  0.0000000E+00  2.8143544E+05  1.9283732E+03  2.3430650E+04  2.2800920E+05  5.7888000E+05  0.0000000E+00  0.0000000E+00  4.7093753E+05 -2.6916879E-01
     7.4300000E+02    225.0308383  3.1569062E+08 -1.1129600E+05  0.0000000E+00  2.1867757E+04  3.3608846E-02  0.0000000E+00  2.8719531E+05  2.2035776E+03  2.3373469E+04  2.2773409E+05  5.7888000E+05  0.0000000E+00  0.0000000E+00  4.7032834E+05 -1.5856391E-02
     7.4400000E+02    224.9925447  3.1557085E+08 -1.1977600E+05  0.0000000E+00  2.2267856E+04  3.3545140E-02  0.0000000E+00  2.7887203E+05  1.9101987E+03  2.3313060E+04  2.2659522E+05  5.7888000E+05  0.0000000E+00  0.0000000E+00  4.6011594E+05 -1.8005998E-01
     7.4500000E+02    224.9555136  3.1545498E+08 -1.1587200E+05  0.0000000E+00  2.0710816E+04  3.3481602E-02  0.0000000E+00  2.8250194E+05  1.9420247E+03  2.3253397E+04  2.2646606E+05  5.7888000E+05  0.0000000E+00  0.0000000E+00  4.5998944E+05  8.6179478E-03
     7.4600000E+02    224.9187954  3.1534013E+08 -1.1484800E+05  0.0000000E+00  1.7762726E+04  3.3418242E-02  0.0000000E+00  2.8066025E+05  2.0006140E+03  2.3194538E+04  2.2611991E+05  5.7888000E+05  0.0000000E+00  0.0000000E+00  4.5490447E+05 -3.3720605E-02
     7.4700000E+02    224.8933370  3.1526048E+08 -7.9648000E+04  2.1161169E+04  6.4719451E+03  1.0749352E+02  0.0000000E+00  2.8113809E+05  1.8837350E+03  2.3150195E+04  2.2833833E+05  5.7888000E+05  0.0000000E+00  0.0000000E+00  4.5327906E+05  1.1775338E-03
     7.4800000E+02    224.8576751  3.1514890E+08 -1.1158400E+05  0.0000000E+00  1.4720523E+04  1.8508591E-01  0.0000000E+00  2.7970028E+05  1.9421196E+03  2.3096392E+04  2.2738250E+05  5.7888000E+05  0.0000000E+00  0.0000000E+00  4.4923456E+05  4.5210132E-03
     7.4900000E+02    224.8202011  3.1503168E+08 -1.1721600E+05  0.0000000E+00  1.7096744E+04  1.0140176E-01  0.0000000E+00  2.7654253E+05  1.9700895E+03  2.3037004E+04  2.2649325E+05  5.7888000E+05  0.0000000E+00  0.0000000E+00  4.4319872E+05 -1.1786740E-01
     7.5000000E+02    224.8011458  3.1497206E+08 -5.9616000E+04  0.0000000E+00  1.6803176E+04  1.0108547E-01  0.0000000E+00  2.4251136E+05  1.9748285E+03  2.3000616E+04  2.2100602E+05  4.8384000E+05  0.0000000E+00  0.0000000E+00  4.1120612E+05 -4.7280598E-01
     7.5100000E+02    224.7784718  3.1490112E+08 -7.0944000E+04  5.2875592E+03  1.3861783E+04  2.4764233E+01  0.0000000E+00  2.2767136E+05  1.8497444E+03  2.2965490E+04  2.1692458E+05  4.8384000E+05  0.0000000E+00  0.0000000E+00  3.9574681E+05 -3.1860805E-01
     7.5200000E+02    224.7570498  3.1483411E+08 -6.7008000E+04  1.3217624E+04  6.1143268E+03  6.5283676E+01  0.0000000E+00  2.1716391E+05  1.8423289E+03  2.2930809E+04  2.1309820E+05  4.8384000E+05  0.0000000E+00  0.0000000E+00  3.8363853E+05 -8.1099957E-01
     7.5300000E+02    224.7349203  3.1476490E+08 -6.9216000E+04  1.3216308E+04  6.6926536E+03  7.2582489E+01  0.0000000E+00  2.1971412E+05  1.9254762E+03  2.2895622E+04  2.1419441E+05  4.8384000E+05  0.0000000E+00  0.0000000E+00  3.8498594E+05  2.0561726E-01
     7.5400000E+02    224.7378071  3.1477392E+08  9.0240000E+03  7.9298879E+04  6.5790606E+03  6.8239648E+02  0.0000000E+00  2.1931639E+05  1.8304786E+03  2.2892235E+04  2.2487861E+05  4.8384000E+05  0.0000000E+00  0.0000000E+00  3.8439328E+05  2.0031428E-03
     7.5500000E+02    224.7120274  3.1469325E+08 -8.0672000E+04  0.0000000E+00  1.1366362E+04  5.2276058E+00  0.0000000E+00  2.1799650E+05  1.8215394E+03  2.2860156E+04  2.2123859E+05  4.8384000E+05  0.0000000E+00  0.0000000E+00  3.8191066E+05  4.6644658E-03
     7.5600000E+02    224.6854918  3.1461024E+08 -8.3008000E+04  0.0000000E+00  1.0771602E+04  2.4860196E-01  0.0000000E+00  2.1788853E+05  1.8271284E+03  2.2817934E+04  2.1954439E+05  4.8384000E+05  0.0000000E+00  0.0000000E+00  3.8163475E+05  2.2811456E-01
     7.5700000E+02    224.6586460  3.1452627E+08 -8.3968000E+04  0.0000000E+00  9.9581577E+03  4.9902897E-02  0.0000000E+00  2.1738462E+05  1.8335950E+03  2.2775073E+04  2.1894102E+05  4.8384000E+05  0.0000000E+00  0.0000000E+00  3.8118862E+05  3.6397573E-01
     7.5800000E+02    224.6294751  3.1443501E+08 -9.1264000E+04  0.0000000E+00  1.4249914E+04  4.9785402E-02  0.0000000E+00  2.1432038E+05  1.7958180E+03  2.2729137E+04  2.1570933E+05  4.8384000E+05  0.0000000E+00  0.0000000E+00  3.7817003E+05 -2.5278535E-01
     7.5900000E+02    224.6118969  3.1438000E+08 -5.5008000E+04  2.9059777E+04  6.2512107E+03  1.6638368E+02  0.0000000E+00  2.1350780E+05  1.9423870E+03  2.2697297E+04  2.1522262E+05  4.8384000E+05  0.0000000E+00  0.0000000E+00  3.7746219E+05 -3.4314656E-01
     7.6000000E+02    224.5830404  3.1428973E+08 -9.0272000E+04  0.0000000E+00  1.0235249E+04  3.2966690E+00  0.0000000E+00  2.1340244E+05  1.7942621E+03  2.2654729E+04  2.1468217E+05  4.8384000E+05  0.0000000E+00  0.0000000E+00  3.7732291E+05 -3.1688493E-02
     7.6100000E+02    224.5531493  3.1419622E+08 -9.3504000E+04  0.0000000E+00  1.2099676E+04  3.7112403E-01  0.0000000E+00  2.1243311E+05  1.9512930E+03  2.2607227E+04  2.1473056E+05  4.8384000E+05  0.0000000E+00  0.0000000E+00  3.7637422E+05  3.2630999E-02
     7.6200000E+02    224.5231523  3.1410240E+08 -9.3824000E+04  0.0000000E+00  1.2568010E+04  4.0919017E-02  0.0000000E+00  2.1237448E+05  1.9612861E+03  2.2559258E+04  2.1335081E+05  4.8384000E+05  0.0000000E+00  0.0000000E+00  3.7633734E+05 -2.6475561E-01
     7.6300000E+02    224.4922040  3.1400557E+08 -9.6832000E+04  0.0000000E+00  1.3376983E+04  4.0826418E-02  0.0000000E+00  2.1192120E+05  1.7629807E+03  2.2510037E+04  2.1236842E+05  4.8384000E+05  0.0000000E+00  0.0000000E+00  3.7589394E+05 -7.0632949E-02
     7.6400000E+02    224.4605897  3.1390666E+08 -9.8912000E+04  0.0000000E+00  1.4012691E+04  4.0742699E-02  0.0000000E+00  2.1109414E+05  1.9447198E+03  2.2459659E+04  2.1134445E+05  4.8384000E+05  0.0000000E+00  0.0000000E+00  3.7509344E+05 -1.7356156E-01
     7.6500000E+02    224.4282140  3.1380598E+08 -1.0067200E+05  0.0000000E+00  1.4869977E+04  4.0660098E-02  0.0000000E+00  2.1116998E+05  1.9523180E+03  2.2408093E+04  2.1081875E+05  4.8384000E+05  0.0000000E+00  0.0000000E+00  3.7517391E+05 -7.8305669E-02
     7.6600000E+02    224.3958493  3.1370538E+08 -1.0060800E+05  0.0000000E+00  1.3818412E+04  4.0577818E-02  0.0000000E+00  2.1049591E+05  1.9273546E+03  2.2356298E+04  2.1019033E+05  4.8384000E+05  0.0000000E+00  0.0000000E+00  3.7450862E+05 -1.2411578E-01
     7.6700000E+02    224.3696700  3.1362397E+08 -8.1408000E+04  1.8649626E+04  1.3832436E+04  1.0178660E+02  0.0000000E+00  2.1081847E+05  1.8658191E+03  2.2312425E+04  2.1144288E+05  4.8384000E+05  0.0000000E+00  0.0000000E+00  3.7482656E+05  1.0923862E-01
     7.6800000E+02    224.3798011  3.1365546E+08  3.1488000E+04  1.1190270E+05  5.9741094E+03  1.2993864E+03  0.0000000E+00  2.1195358E+05  1.7218555E+03  2.2317016E+04  2.2020072E+05  4.8384000E+05  0.0000000E+00  0.0000000E+00  3.7589666E+05  2.8192573E-03
     7.6900000E+02    224.3513006  3.1356685E+08 -8.8608000E+04  0.0000000E+00  8.9894783E+03  3.9393635E+00  0.0000000E+00  2.1238438E+05  1.7137416E+03  2.2283772E+04  2.1575880E+05  4.8384000E+05  0.0000000E+00  0.0000000E+00  3.7631947E+05 -1.3906974E-02
     7.7000000E+02    224.3299932  3.1350061E+08 -6.6240000E+04  2.3973937E+04  1.0843264E+04  1.5694180E+02  0.0000000E+00  2.1225231E+05  1.7061178E+03  2.2247373E+04  2.1600756E+05  4.8384000E+05  0.0000000E+00  0.0000000E+00  3.7618038E+05 -1.1568791E-03
     7.7100000E+02    224.3007170  3.1340960E+08 -9.1008000E+04  0.0000000E+00  9.7869944E+03  1.6652162E+00  0.0000000E+00  2.1160273E+05  1.8492423E+03  2.2203074E+04  2.1468155E+05  4.8384000E+05  0.0000000E+00  0.0000000E+00  3.7552312E+05 -7.4442804E-02
     7.7200000E+02    224.2717298  3.1331946E+08 -9.0144000E+04  0.0000000E+00  8.5968861E+03  2.0057666E-01  0.0000000E+00  2.1173958E+05  1.8855260E+03  2.2156594E+04  2.1376898E+05  4.8384000E+05  0.0000000E+00  0.0000000E+00  3.7568994E+05 -1.5997747E-01
     7.7300000E+02    224.2414782  3.1322541E+08 -9.4048000E+04  0.0000000E+00  1.1026448E+04  6.1349872E-02  0.0000000E+00  2.1118705E+05  1.8597531E+03  2.2108589E+04  2.1295998E+05  4.8384000E+05  0.0000000E+00  0.0000000E+00  3.7511881E+05 -1.2329310E-01
     7.7400000E+02    224.2105963  3.1312941E+08 -9.6000000E+04  0.0000000E+00  1.2282574E+04  6.1232038E-02  0.0000000E+00  2.1119994E+05  1.8755598E+03  2.2059372E+04  2.1216350E+05  4.8384000E+05  0.0000000E+00  0.0000000E+00  3.7516444E+05 -1.3344678E-01
     7.7500000E+02    224.1785002  3.1302960E+08 -9.9808000E+04  0.0000000E+00  1.4749014E+04  6.1125103E-02  0.0000000E+00  2.1066802E+05  1.8579609E+03  2.2008398E+04  2.1150348E+05  4.8384000E+05  0.0000000E+00  0.0000000E+00  3.7461062E+05 -9.1072373E-02
     7.7600000E+02    224.1467175  3.1293078E+08 -9.8816000E+04  0.0000000E+00  1.3460162E+04  6.1019499E-02  0.0000000E+00  2.1081562E+05  1.8738856E+03  2.1957437E+04  2.1099028E+05  4.8384000E+05  0.0000000E+00  0.0000000E+00  3.7478984E+05 -9.7774029E-02
     7.7700000E+02    224.1154748  3.1283366E+08 -9.7120000E+04  0.0000000E+00  1.0982018E+04  6.0914241E-02  0.0000000E+00  2.1039409E+05  1.8476989E+03  2.1907268E+04  2.1075094E+05  4.8384000E+05  0.0000000E+00  0.0000000E+00  3.7434144E+05 -6.0146563E-02
     7.7800000E+02    224.0845905  3.1273763E+08 -9.6032000E+04  0.0000000E+00  9.8484824E+03  6.0809240E-02  0.0000000E+00  2.1059923E+05  1.8552742E+03  2.1857731E+04  2.1058144E+05  4.8384000E+05  0.0000000E+00  0.0000000E+00  3.7457556E+05 -3.6480375E-02
     7.7900000E+02    224.0534356  3.1264077E+08 -9.6864000E+04  0.0000000E+00  1.0118565E+04  6.0704488E-02  0.0000000E+00  2.1017275E+05  1.8297174E+03  2.1807962E+04  2.1044309E+05  4.8384000E+05  0.0000000E+00  0.0000000E+00  3.7411828E+05 -2.2477703E-02
     7.8000000E+02    224.0703408  3.1269331E+08  5.2544000E+04  1.2771600E+05  3.7518732E+03  1.6725312E+03  0.0000000E+00  2.1207694E+05  1.6366229E+03  2.1819633E+04  2.2216427E+05  4.8384000E+05  0.0000000E+00  0.0000000E+00  3.7594853E+05  6.6754813E-03
     7.8100000E+02    224.1982116  3.1309088E+08  3.9756800E+05  2.3960138E+05  3.2025138E+03  5.9317695E+03  0.0000000E+00  2.5033889E+05  1.7366417E+03  1.2595261E+01  3.9056969E+05  4.8384000E+05  0.0000000E+00  0.0000000E+00  4.0960834E+05  9.2504667E-03
     7.8200000E+02    224.2787290  3.1334122E+08  2.5033600E+05  7.7232054E+04  3.6242823E+03  1.3685223E+03  0.0000000E+00  2.5526966E+05  1.6474938E+03  1.2623924E+01  4.0356662E+05  4.8384000E+05  0.0000000E+00  0.0000000E+00  4.1348956E+05 -2.7440059E-01
     7.8300000E+02    224.3641358  3.1360675E+08  2.6553600E+05  7.9925041E+04  5.4117625E+03  1.2433468E+03  0.0000000E+00  2.6101503E+05  1.6875347E+03  1.2650816E+01  4.1416912E+05  4.8384000E+05  0.0000000E+00  0.0000000E+00  4.1861303E+05 -1.7902531E-02
     7.8400000E+02    224.7568962  3.1483363E+08  1.2268800E+06  2.9357341E+04  2.3420709E+03  3.6227322E+02  0.0000000E+00  6.3212481E+05  1.7007678E+03  1.2756338E+01  1.0529260E+06  4.8384000E+05  0.0000000E+00  0.0000000E+00  7.2894362E+05 -3.0616345E-04
     7.8500000E+02    225.1559623  3.1608208E+08  1.2484480E+06  0.0000000E+00  4.0586132E+03  6.3884196E+00  0.0000000E+00  5.8294631E+05  1.7252727E+03  1.2883047E+01  1.1550310E+06  4.8384000E+05  0.0000000E+00  0.0000000E+00  7.1652375E+05 -5.8113318E-03
     7.8600000E+02    225.3531448  3.1669894E+08  6.1686400E+05  0.0000000E+00  3.4580514E+03  4.6222535E-01  0.0000000E+00  3.8725509E+05  1.7474529E+03  1.2958714E+01  7.1761181E+05  4.8384000E+05  0.0000000E+00  0.0000000E+00  5.7845219E+05 -9.5497884E-02
     7.8700000E+02    225.5036449  3.1716976E+08  4.7081600E+05  1.3389092E+04  2.8407445E+03  1.4514807E+02  0.0000000E+00  3.3408388E+05  1.7848511E+03  1.3009625E+01  6.1220556E+05  4.8384000E+05  0.0000000E+00  0.0000000E+00  5.6867944E+05  5.5124056E-02
     7.8800000E+02    225.8901538  3.1837891E+08  1.2091520E+06  1.0193351E+05  2.4352237E+03  1.6840685E+03  0.0000000E+00  5.0194150E+05  1.9520657E+03  1.3117701E+01  1.0918054E+06  4.8384000E+05  0.0000000E+00  0.0000000E+00  7.3533219E+05 -1.6422519E-03
     7.8900000E+02    226.3082454  3.1969302E+08  1.3141120E+06  0.0000000E+00  4.8296379E+03  2.5583464E+01  0.0000000E+00  6.2849594E+05  2.1428044E+03  1.3248859E+01  1.1765530E+06  4.8384000E+05  0.0000000E+00  0.0000000E+00  9.3083169E+05  7.5758644E-03
     7.9000000E+02    226.7366169  3.2104298E+08  1.3499520E+06  0.0000000E+00  4.0764170E+03  2.5975161E+00  0.0000000E+00  6.5419238E+05  1.8928998E+03  1.3384648E+01  1.1856255E+06  4.8384000E+05  0.0000000E+00  0.0000000E+00  1.0335324E+06  2.4866557E-03
     7.9100000E+02    227.1677630  3.2240166E+08  1.3586880E+06  0.0000000E+00  3.4169141E+03  1.3964088E-01  0.0000000E+00  6.5988788E+05  1.9133470E+03  1.3521800E+01  1.1867158E+06  4.8384000E+05  0.0000000E+00  0.0000000E+00  1.1213812E+06 -6.8666600E-02
     7.9200000E+02    227.3573040  3.2299898E+08  5.9731200E+05  0.0000000E+00  5.1529009E+03  8.0595762E-02  0.0000000E+00  4.0105975E+05  1.9328033E+03  1.3597563E+01  6.8569775E+05  4.8384000E+05  0.0000000E+00  0.0000000E+00  9.6684362E+05 -1.3744441E-01
     7.9300000E+02    227.4761432  3.2337347E+08  3.7449600E+05  0.0000000E+00  6.8645304E+03  8.0347642E-02  0.0000000E+00  3.2532612E+05  1.9404850E+03  1.3639920E+01  5.3383019E+05  4.8384000E+05  0.0000000E+00  0.0000000E+00  9.4141406E+05 -9.3094230E-01
     7.9400000E+02    227.5687359  3.2366525E+08  2.9177600E+05  1.1096008E+04  5.9426478E+03  1.2258517E+02  0.0000000E+00  2.9484797E+05  1.9444081E+03  1.3671084E+01  4.7589741E+05  4.8384000E+05  0.0000000E+00  0.0000000E+00  9.4410619E+05 -1.9857453E-01
     7.9500000E+02    227.6466286  3.2391126E+08  2.4601600E+05  8.3248688E+03  8.6734417E+03  1.0353253E+02  0.0000000E+00  2.7907131E+05  1.9467012E+03  1.3696831E+01  4.4591953E+05  4.8384000E+05  0.0000000E+00  0.0000000E+00  9.5207194E+05 -9.6405894E-01
     7.9600000E+02    227.7702068  3.2430317E+08  3.9190400E+05  1.2771701E+05  9.5995722E+03  2.4687124E+03  0.0000000E+00  2.7897400E+05  1.9522545E+03  1.3733283E+01  4.7695725E+05  4.8384000E+05  0.0000000E+00  0.0000000E+00  9.7760288E+05 -1.3457943E-01
     7.9700000E+02    227.8425752  3.2453267E+08  2.2950400E+05  0.0000000E+00  7.5581324E+03  1.2895815E+01  0.0000000E+00  2.7229716E+05  1.9513922E+03  1.3759596E+01  4.4903575E+05  4.8384000E+05  0.0000000E+00  0.0000000E+00  9.9185088E+05 -2.1092086E-01
     7.9800000E+02    227.9107472  3.2474886E+08  2.1619200E+05  2.2225302E+04  8.3083071E+03  3.0080707E+02  0.0000000E+00  2.6555044E+05  1.9491190E+03  1.3781577E+01  4.2216269E+05  4.8384000E+05  0.0000000E+00  0.0000000E+00  1.0031140E+06 -9.0066483E-03
     7.9900000E+02    228.0933604  3.2532797E+08  5.7910400E+05  1.8072468E+05  7.7206943E+03  4.6628218E+03  0.0000000E+00  2.9583162E+05  2.4185779E+03  1.3832453E+01  5.9538019E+05  4.8384000E+05  0.0000000E+00  0.0000000E+00  1.0582740E+06  3.2529515E-01
     8.0000000E+02    228.2053996  3.2568326E+08  3.5529600E+05  8.3452197E+03  9.2472900E+03  1.5189700E+02  0.0000000E+00  2.9228972E+05  1.9612480E+03  1.3872635E+01  5.4708850E+05  4.8384000E+05  0.0000000E+00  0.0000000E+00  1.0841245E+06 -2.9286072E-01
     8.0100000E+02    228.2985671  3.2597872E+08  2.9545600E+05  0.0000000E+00  9.7861910E+03  7.3654968E-01  0.0000000E+00  2.8388656E+05  1.9655712E+03  1.3903513E+01  5.0659984E+05  4.8384000E+05  0.0000000E+00  0.0000000E+00  1.1010430E+06 -7.2680660E-02
     8.0200000E+02    228.3811248  3.2624054E+08  2.6182400E+05  0.0000000E+00  9.4523691E+03  4.9926836E-02  0.0000000E+00  2.7945575E+05  1.9633186E+03  1.3930485E+01  4.7761812E+05  4.8384000E+05  0.0000000E+00  0.0000000E+00  1.1188782E+06 -2.6004727E-03
     8.0300000E+02    228.4558054  3.2647738E+08  2.3683200E+05  0.0000000E+00  7.0568427E+03  4.9738325E-02  0.0000000E+00  2.7294388E+05  1.9590892E+03  1.3954774E+01  4.5832891E+05  4.8384000E+05  0.0000000E+00  0.0000000E+00  1.1309479E+06  2.1481809E-01
     8.0400000E+02    228.5341615  3.2672586E+08  2.4848000E+05  2.5071582E+04  7.0747286E+03  3.8945007E+02  0.0000000E+00  2.6794938E+05  1.9563158E+03  1.3979498E+01  4.4439231E+05  4.8384000E+05  0.0000000E+00  0.0000000E+00  1.1456504E+06 -4.8281875E-01
     8.0500000E+02    228.6405389  3.2706320E+08  3.3734400E+05  6.9675567E+04  7.0355481E+03  1.3765743E+03  0.0000000E+00  2.7189031E+05  2.0817153E+03  1.4011596E+01  4.8842169E+05  4.8384000E+05  0.0000000E+00  0.0000000E+00  1.1717551E+06  1.2616313E-01
     8.0600000E+02    228.7406208  3.2738061E+08  3.1740800E+05  0.0000000E+00  5.0179714E+03  7.7071738E-01  0.0000000E+00  2.7812606E+05  2.0180245E+03  1.4043875E+01  5.3139512E+05  4.8384000E+05  0.0000000E+00  0.0000000E+00  1.1990472E+06  1.5118878E-01
     8.0700000E+02    228.8652627  3.2777587E+08  3.9526400E+05  4.7425766E+04  5.7525133E+03  8.9627136E+02  0.0000000E+00  2.8158347E+05  2.0917188E+03  1.4082011E+01  5.5939556E+05  4.8384000E+05  0.0000000E+00  0.0000000E+00  1.2289492E+06  2.6298743E-01
     8.0800000E+02    229.1078230  3.2854509E+08  7.6921600E+05  8.3780872E+04  5.2952150E+03  1.9519078E+03  0.0000000E+00  3.2511384E+05  2.0926458E+03  1.4151759E+01  8.5026012E+05  4.8384000E+05  0.0000000E+00  0.0000000E+00  1.3050365E+06  5.1442910E-02
     8.0900000E+02    229.6345737  3.3022470E+08  1.6796160E+06  3.1909811E+05  8.1013499E+03  1.4995075E+04  0.0000000E+00  6.5979150E+05  2.2049487E+03  1.4301435E+01  1.1798870E+06  4.8384000E+05  0.0000000E+00  0.0000000E+00  1.6060946E+06 -2.2426457E-04
     8.1000000E+02    230.0963814  3.3169891E+08  1.4742080E+06  4.2070943E+04  7.4361225E+03  1.1317996E+03  0.0000000E+00  7.1662225E+05  2.0770518E+03  1.4452667E+01  1.2077729E+06  4.8384000E+05  0.0000000E+00  0.0000000E+00  1.6821949E+06  1.1308205E-03
     8.1100000E+02    230.3681721  3.3256653E+08  8.6761600E+05  5.6160776E+03  5.7026016E+03  1.3844362E+02  0.0000000E+00  4.6243191E+05  2.1439761E+03  1.4551342E+01  8.9114881E+05  4.8384000E+05  0.0000000E+00  0.0000000E+00  1.5705002E+06  1.3333723E-03
     8.1200000E+02    230.6689332  3.3352666E+08  9.6012800E+05  3.3740412E+04  8.0581674E+03  8.4081989E+02  0.0000000E+00  4.1591653E+05  2.2000681E+03  1.4656283E+01  1.0051242E+06  4.8384000E+05  0.0000000E+00  0.0000000E+00  1.5829030E+06  9.4882116E-02
     8.1300000E+02    230.8644735  3.3415270E+08  6.2604800E+05  0.0000000E+00  6.8319893E+03  2.4062197E+00  0.0000000E+00  3.5941694E+05  2.0578259E+03  1.4742253E+01  7.5823881E+05  4.8384000E+05  0.0000000E+00  0.0000000E+00  1.5841835E+06 -1.0150130E-01
     8.1400000E+02    231.0181260  3.3464650E+08  4.9379200E+05  0.0000000E+00  6.1474576E+03  2.3145768E-01  0.0000000E+00  3.3050981E+05  2.0523186E+03  1.4808608E+01  6.5475156E+05  4.8384000E+05  0.0000000E+00  0.0000000E+00  1.5970872E+06 -5.9371922E-02
     8.1500000E+02    231.1522224  3.3507744E+08  4.3094400E+05  0.0000000E+00  6.9320220E+03  7.0485368E-02  0.0000000E+00  3.1419278E+05  2.0509089E+03  1.4865125E+01  6.0793612E+05  4.8384000E+05  0.0000000E+00  0.0000000E+00  1.6135880E+06 -1.7923875E-01
     8.1600000E+02    231.5252948  3.3627642E+08  1.1989760E+06  1.2417506E+05  5.9330485E+03  3.8673723E+03  0.0000000E+00  4.6902528E+05  2.0745210E+03  1.4998334E+01  1.0929906E+06  4.8384000E+05  0.0000000E+00  0.0000000E+00  1.7561126E+06 -4.6167046E-02
     8.1700000E+02    231.7447730  3.3698179E+08  7.0537600E+05  0.0000000E+00  6.7645040E+03  1.4265136E+01  0.0000000E+00  3.6631431E+05  2.0893779E+03  1.5100796E+01  8.2945369E+05  4.8384000E+05  0.0000000E+00  0.0000000E+00  1.7479301E+06 -1.9257268E-01
     8.1800000E+02    231.9169711  3.3753520E+08  5.5340800E+05  0.0000000E+00  7.0294533E+03  5.7782996E-01  0.0000000E+00  3.2313109E+05  2.0971233E+03  1.6714161E+01  7.2163881E+05  4.8384000E+05  0.0000000E+00  0.0000000E+00  1.7683549E+06 -1.5512976E-01
     8.1900000E+02    232.4643222  3.3929635E+08  1.7611520E+06  3.3153639E+05  6.6111371E+03  1.9378752E+04  0.0000000E+00  6.9427400E+05  2.1730967E+03  7.3036980E+02  1.2093226E+06  4.8384000E+05  0.0000000E+00  0.0000000E+00  2.0613436E+06  2.2732194E-04
     8.2000000E+02    232.8879785  3.4066637E+08  1.3700160E+06  0.0000000E+00  4.5203937E+03  1.4423387E+02  0.0000000E+00  6.3731038E+05  2.2106648E+03  1.4510812E+03  1.2245996E+06  4.8384000E+05  0.0000000E+00  0.0000000E+00  2.1382885E+06  8.6597906E-04
     8.2100000E+02    233.2734349  3.4191286E+08  1.2464960E+06  0.0000000E+00  4.6819679E+03  2.7721016E+01  0.0000000E+00  5.2423478E+05  2.2321060E+03  2.0801712E+03  1.2150478E+06  4.8384000E+05  0.0000000E+00  0.0000000E+00  2.1854478E+06 -1.1498812E-03
     8.2200000E+02    233.6418415  3.4310426E+08  1.1913920E+06  3.1329567E+04  4.7088879E+03  7.5412579E+02  0.0000000E+00  4.5816106E+05  2.2321062E+03  2.6752062E+03  1.1936638E+06  4.8384000E+05  0.0000000E+00  0.0000000E+00  2.2457758E+06 -5.5807665E-02
     8.2300000E+02    234.0497247  3.4442579E+08  1.3215360E+06  5.8089941E+04  3.3130991E+03  1.5694340E+03  0.0000000E+00  5.2741094E+05  2.2822524E+03  3.3153252E+03  1.2272185E+06  4.8384000E+05  0.0000000E+00  0.0000000E+00  2.3824352E+06  1.2401553E-04
     8.2400000E+02    234.4436961  3.4570896E+08  1.2831680E+06  3.2004568E+04  3.6069239E+03  7.9548376E+02  0.0000000E+00  5.0942834E+05  2.3132639E+03  4.0038452E+03  1.2347032E+06  4.8384000E+05  0.0000000E+00  0.0000000E+00  2.4797065E+06 -2.1103795E-05
     8.2500000E+02    234.8073669  3.4689344E+08  1.1844800E+06  0.0000000E+00  4.9657784E+03  7.5944710E+00  0.0000000E+00  4.4701581E+05  2.3134089E+03  5.1036505E+03  1.2335470E+06  4.8384000E+05  0.0000000E+00  0.0000000E+00  2.5541980E+06 -7.8842277E-03
     8.2600000E+02    235.1518971  3.4801555E+08  1.1221120E+06  0.0000000E+00  4.7691376E+03  1.6221825E+00  0.0000000E+00  3.9007200E+05  2.3419849E+03  6.2258037E+03  1.2289406E+06  4.8384000E+05  0.0000000E+00  0.0000000E+00  2.6262452E+06 -1.6970202E-02
     8.2700000E+02    235.4840748  3.4909747E+08  1.0819200E+06  0.0000000E+00  4.2641025E+03  5.4529721E-01  0.0000000E+00  3.5028125E+05  2.3693213E+03  7.2967722E+03  1.2287760E+06  4.8384000E+05  0.0000000E+00  0.0000000E+00  2.7041570E+06 -4.0055532E-02
     8.2800000E+02    235.8109791  3.5016813E+08  1.0706560E+06  8.7808635E+03  1.6638230E+03  1.8594968E+02  0.0000000E+00  3.1850994E+05  2.4205054E+03  8.3463334E+03  1.2390154E+06  4.8384000E+05  0.0000000E+00  0.0000000E+00  2.7864588E+06 -2.7737133E-02
     8.2900000E+02    236.1195593  3.5117946E+08  1.0113280E+06  0.0000000E+00  3.7180512E+03  4.0925905E-01  0.0000000E+00  2.7676244E+05  2.4246265E+03  9.3456054E+03  1.2319162E+06  4.8384000E+05  0.0000000E+00  0.0000000E+00  2.8603568E+06 -1.3105007E-01
     8.3000000E+02    236.4132376  3.5214198E+08  9.6252800E+05  0.0000000E+00  3.8380924E+03  4.3966919E-02  0.0000000E+00  2.3521217E+05  2.4501702E+03  1.0294997E+04  1.2259939E+06  4.8384000E+05  0.0000000E+00  0.0000000E+00  2.9327625E+06 -1.1943045E-01
     8.3100000E+02    236.6979927  3.5307523E+08  9.3324800E+05  0.0000000E+00  3.4205113E+03  4.3843333E-02  0.0000000E+00  1.9915488E+05  2.5204473E+03  1.1212005E+04  1.2325739E+06  4.8384000E+05  0.0000000E+00  0.0000000E+00  3.0109062E+06 -1.7546970E-01
     8.3200000E+02    236.9664712  3.5395514E+08  8.7990400E+05  0.0000000E+00  4.7288254E+03  4.3764044E-02  0.0000000E+00  1.7147942E+05  1.7724119E+04  1.2081629E+04  1.2253245E+06  4.8384000E+05  0.0000000E+00  0.0000000E+00  3.0832240E+06 -1.0556689E-01
     8.3300000E+02    237.2939375  3.5503302E+08  1.0778880E+06  2.0623399E+04  2.3036214E+03  4.4545908E+02  0.0000000E+00  2.2827266E+05  2.5076408E+04  4.5762969E+03  1.3443194E+06  4.8384000E+05  0.0000000E+00  0.0000000E+00  3.2354885E+06 -1.4745923E-03
     8.3400000E+02    237.6102432  3.5607722E+08  1.0441920E+06  0.0000000E+00  6.7053328E+03  1.6372237E+00  0.0000000E+00  2.1429944E+05  6.5192809E+04  5.0860675E+03  1.3907541E+06  4.8384000E+05  0.0000000E+00  0.0000000E+00  3.3226548E+06  2.4337168E-03
     8.3500000E+02    237.9245492  3.5711482E+08  1.0376000E+06  2.6591094E+04  8.7931394E+03  6.2129791E+02  0.0000000E+00  1.9037153E+05  1.1140062E+05  5.5897058E+03  1.4296370E+06  4.8384000E+05  0.0000000E+00  0.0000000E+00  3.4062250E+06 -1.5556505E-04
     8.3600000E+02    238.2178442  3.5808304E+08  9.6822400E+05  0.0000000E+00  9.3572835E+03  1.7479713E+00  0.0000000E+00  1.6881391E+05  1.5670211E+05  6.0658042E+03  1.4662450E+06  4.8384000E+05  0.0000000E+00  0.0000000E+00  3.4874098E+06  6.6489506E-01
     8.3700000E+02    238.5050391  3.5903114E+08  9.4809600E+05  0.0000000E+00  9.2778421E+03  2.2900993E-01  0.0000000E+00  1.4352844E+05  2.0346508E+05  6.5273677E+03  1.5076835E+06  4.8384000E+05  0.0000000E+00  0.0000000E+00  3.5667858E+06  3.5201412E-04
     8.3800000E+02    238.7825090  3.5994947E+08  9.1833600E+05  0.0000000E+00  7.9827440E+03  9.2623912E-02  0.0000000E+00  1.1870905E+05  2.5042694E+05  6.9745282E+03  1.5489709E+06  4.8384000E+05  0.0000000E+00  0.0000000E+00  3.6450640E+06  7.1843821E-03
     8.3900000E+02    239.0457743  3.6082454E+08  8.7507200E+05  0.0000000E+00  9.9748993E+03  9.2278779E-02  0.0000000E+00  9.3971664E+04  2.9701884E+05  7.4003901E+03  1.5891142E+06  4.8384000E+05  0.0000000E+00  0.0000000E+00  3.7205178E+06  5.8106804E-01
     8.4000000E+02    239.2997901  3.6166886E+08  8.4432000E+05  0.0000000E+00  9.6631967E+03  9.2007056E-02  0.0000000E+00  6.8157945E+04  3.4522325E+05  7.8098636E+03  1.6309435E+06  4.8384000E+05  0.0000000E+00  0.0000000E+00  3.7937188E+06  4.8526752E-01
     8.4100000E+02    239.5484225  3.6249533E+08  8.2646400E+05  0.0000000E+00  8.7457951E+03  9.1743648E-02  0.0000000E+00  4.9217445E+04  3.9778516E+05  8.2094845E+03  1.6758074E+06  4.8384000E+05  0.0000000E+00  0.0000000E+00  3.8664580E+06 -1.1340416E-03
     8.4200000E+02    239.7884265  3.6329309E+08  7.9776000E+05  0.0000000E+00  7.4280531E+03  9.1482051E-02  0.0000000E+00  3.4599859E+04  4.5650491E+05  8.5963355E+03  1.7195384E+06  4.8384000E+05  0.0000000E+00  0.0000000E+00  3.9369712E+06  5.1663542E-04
     8.4300000E+02    240.0154456  3.6404768E+08  7.5459200E+05  0.0000000E+00  9.3516568E+03  9.1221608E-02  0.0000000E+00  2.2967971E+04  5.1627588E+05  8.9638006E+03  1.7610724E+06  4.8384000E+05  0.0000000E+00  0.0000000E+00  4.0043490E+06  6.1753088E-01
     8.4400000E+02    240.2334699  3.6477238E+08  7.2470400E+05  0.0000000E+00  1.0154124E+04  9.0962254E-02  0.0000000E+00  1.2595519E+04  5.8024444E+05  9.3155938E+03  1.8038391E+06  4.8384000E+05  0.0000000E+00  0.0000000E+00  4.0684952E+06  4.5014691E-01
     8.4500000E+02    240.4413624  3.6546768E+08  6.9529600E+05  0.0000000E+00  9.2546299E+03  9.0703972E-02  0.0000000E+00  2.9996943E+03  6.4302588E+05  9.6515366E+03  1.8462996E+06  4.8384000E+05  0.0000000E+00  0.0000000E+00  4.1302095E+06  4.4510776E-01
     8.4600000E+02    240.6421534  3.6613987E+08  6.7219200E+05  0.0000000E+00  1.0148318E+04  9.0446770E-02  0.0000000E+00  1.5025779E+03  7.1568738E+05  9.9751445E+03  1.8903260E+06  4.8384000E+05  0.0000000E+00  0.0000000E+00  4.1897372E+06 -7.5323950E-04
     8.4700000E+02    240.8334168  3.6678016E+08  6.4028800E+05  0.0000000E+00  1.0126197E+04  9.0190612E-02  0.0000000E+00  1.0069734E+03  7.8858688E+05  1.0284282E+04  1.9321388E+06  4.8384000E+05  0.0000000E+00  0.0000000E+00  4.2466065E+06  1.0669138E-03
     8.4800000E+02    241.0121728  3.6737856E+08  5.9840000E+05  0.0000000E+00  7.5984164E+03  8.9935519E-02  0.0000000E+00  9.9772339E+02  8.6424694E+05  1.0574356E+04  1.9710178E+06  4.8384000E+05  0.0000000E+00  0.0000000E+00  4.2991650E+06  3.7301302E-01
     8.4900000E+02    241.1848223  3.6795654E+08  5.7798400E+05  0.0000000E+00  9.4189732E+03  8.9681476E-02  0.0000000E+00  9.6304352E+02  9.3095325E+05  1.0852610E+04  2.0121609E+06  4.8384000E+05  0.0000000E+00  0.0000000E+00  4.3513475E+06  3.7317623E-03
     8.5000000E+02    241.3453270  3.6849386E+08  5.3731200E+05  0.0000000E+00  1.0911569E+04  8.9428477E-02  0.0000000E+00  8.8732544E+02  9.9943812E+05  1.1113360E+04  2.0487306E+06  4.8384000E+05  0.0000000E+00  0.0000000E+00  4.3993620E+06  3.4166732E-01
     8.5100000E+02    241.5165516  3.6906704E+08  5.7318400E+05  4.8032440E+04  1.1708217E+04  1.0814283E+03  0.0000000E+00  8.0391907E+02  1.0644441E+06  1.1383947E+04  2.0946646E+06  4.8384000E+05  0.0000000E+00  0.0000000E+00  4.4509655E+06  1.0316693E-03
     8.5200000E+02    241.6745131  3.6959584E+08  5.2880000E+05  3.0040452E+04  8.1666162E+03  6.8503943E+02  0.0000000E+00  7.1632300E+02  1.1326572E+06  1.1640985E+04  2.1336770E+06  4.8384000E+05  0.0000000E+00  0.0000000E+00  4.4999100E+06  6.4084242E-04
     8.5300000E+02    241.8133611  3.7006064E+08  4.6480000E+05  0.0000000E+00  1.0697003E+04  5.8073492E+00  0.0000000E+00  6.1151904E+02  1.1966868E+06  1.1869308E+04  2.1672895E+06  4.8384000E+05  0.0000000E+00  0.0000000E+00  4.5457410E+06  6.3425238E-04
     8.5400000E+02    241.9424921  3.7049517E+08  4.3452800E+05  0.0000000E+00  1.0936613E+04  5.9587061E-01  0.0000000E+00  5.1590741E+02  1.2579705E+06  1.2079072E+04  2.1998888E+06  4.8384000E+05  0.0000000E+00  0.0000000E+00  4.5877920E+06  4.7763929E-02
     8.5500000E+02    242.0660972  3.7091165E+08  4.1648000E+05  0.0000000E+00  7.9266332E+03  8.1151791E-02  0.0000000E+00  4.3446112E+02  1.3119698E+06  1.2278652E+04  2.2326930E+06  4.8384000E+05  0.0000000E+00  0.0000000E+00  4.6232510E+06  2.8323505E-02
     8.5600000E+02    242.1822050  3.7130285E+08  3.9120000E+05  0.0000000E+00  8.9883709E+03  8.0935381E-02  0.0000000E+00  3.6861240E+02  1.3667741E+06  1.2466864E+04  2.2629022E+06  4.8384000E+05  0.0000000E+00  0.0000000E+00  4.6533385E+06  7.1798735E-05
     8.5700000E+02    242.2866682  3.7165482E+08  3.5196800E+05  0.0000000E+00  1.2654843E+04  8.0727056E-02  0.0000000E+00  3.3381262E+02  1.4243895E+06  1.2637768E+04  2.2851610E+06  4.8384000E+05  0.0000000E+00  0.0000000E+00  4.6795105E+06  2.1330171E-04
     8.5800000E+02    242.3822571  3.7197690E+08  3.2208000E+05  0.0000000E+00  1.8362553E+04  8.0520242E-02  0.0000000E+00  3.0480734E+02  1.4724591E+06  1.2793584E+04  2.3098582E+06  4.8384000E+05  0.0000000E+00  0.0000000E+00  4.7042400E+06  2.7184226E-02
     8.5900000E+02    242.4774861  3.7229776E+08  3.2086400E+05  0.0000000E+00  1.4339883E+04  8.0314264E-02  0.0000000E+00  2.7986945E+02  1.5099495E+06  1.2946099E+04  2.3416570E+06  4.8384000E+05  0.0000000E+00  0.0000000E+00  4.7300375E+06 -1.0674924E-04
     8.6000000E+02    242.5665286  3.7259776E+08  3.0000000E+05  0.0000000E+00  1.6061704E+04  8.0109075E-02  0.0000000E+00  2.6030750E+02  1.5539546E+06  1.3090577E+04  2.3667930E+06  4.8384000E+05  0.0000000E+00  0.0000000E+00  4.7532115E+06  4.4992645E-03
     8.6100000E+02    242.6515203  3.7288413E+08  2.8636800E+05  0.0000000E+00  1.0888194E+04  7.9904646E-02  0.0000000E+00  2.4413765E+02  1.5965540E+06  1.3227890E+04  2.3907348E+06  4.8384000E+05  0.0000000E+00  0.0000000E+00  4.7751840E+06  4.2137550E-03
     8.6200000E+02    242.7280260  3.7314192E+08  2.5779200E+05  0.0000000E+00  8.9368975E+03  7.9700977E-02  0.0000000E+00  2.4544392E+02  1.6481130E+06  1.3353042E+04  2.4080172E+06  4.8384000E+05  0.0000000E+00  0.0000000E+00  4.7932915E+06 -1.5663780E-01
     8.6300000E+02    242.8004249  3.7338586E+08  2.4393600E+05  0.0000000E+00  9.4028960E+03  7.9498067E-02  0.0000000E+00  2.6020947E+02  1.6798212E+06  1.3470219E+04  2.4308430E+06  4.8384000E+05  0.0000000E+00  0.0000000E+00  4.8128590E+06  2.6037561E-02
     8.6400000E+02    242.8673095  3.7361120E+08  2.2534400E+05  0.0000000E+00  9.3976734E+03  7.9295903E-02  0.0000000E+00  2.7554190E+02  1.7196761E+06  1.3579023E+04  2.4476590E+06  4.8384000E+05  0.0000000E+00  0.0000000E+00  4.8295165E+06 -1.5940990E-01
     8.6500000E+02    242.9313123  3.7382685E+08  2.1564800E+05  0.0000000E+00  1.3638027E+04  7.9094507E-02  0.0000000E+00  2.9442947E+02  1.7428471E+06  1.3682372E+04  2.4693602E+06  4.8384000E+05  0.0000000E+00  0.0000000E+00  4.8476385E+06 -2.0245745E-05
     8.6600000E+02    242.9902326  3.7402538E+08  1.9852800E+05  0.0000000E+00  1.4483035E+04  7.8893840E-02  0.0000000E+00  3.1200464E+02  1.7753381E+06  1.3778291E+04  2.4862642E+06  4.8384000E+05  0.0000000E+00  0.0000000E+00  4.8628265E+06  2.4491508E-02
     8.6700000E+02    243.0486181  3.7422211E+08  1.9673600E+05  1.4977046E+04  1.5064445E+04  2.7959033E+02  0.0000000E+00  3.2739822E+02  1.8062618E+06  1.3871900E+04  2.5033335E+06  4.8384000E+05  0.0000000E+00  0.0000000E+00  4.8776795E+06  1.2478574E-01
     8.6800000E+02    243.1524802  3.7457206E+08  3.4995200E+05  1.5881237E+05  1.3286959E+04  4.6995581E+03  0.0000000E+00  2.8450565E+02  1.8477546E+06  1.4023559E+04  2.5450592E+06  4.8384000E+05  0.0000000E+00  0.0000000E+00  4.9031500E+06 -4.6144945E-05
     8.6900000E+02    243.2146050  3.7478138E+08  2.0931200E+05  4.4956327E+04  1.1010673E+04  1.0806694E+03  0.0000000E+00  2.9741425E+02  1.8870980E+06  1.4136339E+04  2.5590675E+06  4.8384000E+05  0.0000000E+00  0.0000000E+00  4.9209430E+06  2.0150442E-04
     8.7000000E+02    243.3426967  3.7521296E+08  4.3158400E+05  2.4886588E+05  4.8506323E+03  9.8804482E+03  0.0000000E+00  2.4908170E+02  1.9503194E+06  1.4320216E+04  2.6259090E+06  4.8384000E+05  0.0000000E+00  0.0000000E+00  4.9722485E+06 -3.3796614E-04
     8.7100000E+02    243.7454120  3.7562368E+08  4.1072000E+05  2.6695689E+05  3.3824368E+03  1.6758773E+04  0.0000000E+00  2.8185855E+02  2.1324365E+06  1.4876801E+04  2.7612660E+06  4.8384000E+05  0.0000000E+00  0.0000000E+00  5.0807890E+06  2.5449359E-04
     8.7200000E+02    243.8798772  3.7568576E+08  6.2080000E+04  5.9993202E+04  3.3687629E+03  2.2992219E+03  0.0000000E+00  4.3439258E+02  2.2785202E+06  1.5177851E+04  2.7800515E+06  4.8384000E+05  0.0000000E+00  0.0000000E+00  5.1339730E+06 -7.3343744E-03
     8.7300000E+02    243.8482868  3.7567120E+08 -1.4560000E+04  0.0000000E+00  9.8880767E+03  2.0218195E+02  0.0000000E+00  1.6117108E+03  2.2823640E+06  1.5180444E+04  2.7746980E+06  4.8384000E+05  0.0000000E+00  0.0000000E+00  5.1411785E+06 -7.1831038E-03
     8.7400000E+02    243.8398211  3.7566726E+08 -3.9360000E+03  0.0000000E+00  1.0001215E+04  1.1498249E+02  0.0000000E+00  2.1643147E+03  2.2729715E+06  1.5159495E+04  2.7757830E+06  4.8384000E+05  0.0000000E+00  0.0000000E+00  5.1401280E+06  9.3458878E-04
     8.7500000E+02    243.8247419  3.7566032E+08 -6.9440000E+03  0.0000000E+00  1.1021167E+04  5.5785881E+01  0.0000000E+00  2.5049160E+03  2.2645875E+06  1.5137480E+04  2.7649698E+06  4.8384000E+05  0.0000000E+00  0.0000000E+00  5.1376185E+06 -4.0276274E-03
     8.7600000E+02    243.8101871  3.7565360E+08 -6.7200000E+03  0.0000000E+00  1.2348655E+04  2.2758574E+01  0.0000000E+00  2.7286899E+03  2.2557212E+06  1.5114019E+04  2.7575442E+06  4.8384000E+05  0.0000000E+00  0.0000000E+00  5.1344525E+06 -2.9815425E-04
     8.7700000E+02    244.3437907  3.7589997E+08  2.4636800E+05  2.3101217E+05  5.6569285E+03  1.3237022E+04  0.0000000E+00  1.6740289E+03  2.4437445E+06  1.5792521E+04  2.9495448E+06  4.8384000E+05  0.0000000E+00  0.0000000E+00  5.2544510E+06  2.0654253E-03
     8.7800000E+02    244.5018260  3.7597296E+08  7.2992000E+04  4.8005245E+04  4.4505713E+03  1.9064745E+03  0.0000000E+00  2.1792683E+03  2.5436258E+06  1.6165640E+04  3.0695308E+06  4.8384000E+05  0.0000000E+00  0.0000000E+00  5.3261115E+06  1.7546969E-02
     8.7900000E+02    244.3240018  3.7589085E+08 -8.2112000E+04  0.0000000E+00  6.0756341E+03  2.3495030E+02  0.0000000E+00  4.8300298E+03  2.5499498E+06  1.5988558E+04  2.9685585E+06  4.8384000E+05  0.0000000E+00  0.0000000E+00  5.2870820E+06 -3.8778030E-03
     8.8000000E+02    244.1813475  3.7582499E+08 -6.5856000E+04  0.0000000E+00  1.0208842E+04  1.1896622E+02  0.0000000E+00  6.9862305E+03  2.4679598E+06  1.5749005E+04  2.9047255E+06  4.8384000E+05  0.0000000E+00  0.0000000E+00  5.2488170E+06 -2.3759489E-03
     8.8100000E+02    244.0846448  3.7578032E+08 -4.4672000E+04  0.0000000E+00  1.1373491E+04  5.3010517E+01  0.0000000E+00  8.1608809E+03  2.4072660E+06  1.5579539E+04  2.8651332E+06  4.8384000E+05  0.0000000E+00  0.0000000E+00  5.2222365E+06 -1.3622069E-03
     8.8200000E+02    243.7756175  3.7563763E+08 -1.4268800E+05  9.0743894E+03  1.7943287E+04  2.1438824E+02  0.0000000E+00  9.5455342E+03  2.2453342E+06  1.5152947E+04  2.7821795E+06  6.7392000E+05  0.0000000E+00  0.0000000E+00  5.1548265E+06 -2.9294455E-01
     8.8300000E+02    243.5568280  3.7553661E+08 -1.0102400E+05  0.0000000E+00  1.7426686E+04  4.7115846E+00  0.0000000E+00  1.0185304E+04  2.1087505E+06  1.4773926E+04  2.7034052E+06  6.7392000E+05  0.0000000E+00  0.0000000E+00  5.0935385E+06 -8.9524519E-03
     8.8400000E+02    243.4184923  3.7546835E+08 -6.8256000E+04  0.0000000E+00  1.6080542E+04  1.4169203E-01  0.0000000E+00  1.0024447E+04  2.0257182E+06  1.4526791E+04  2.6519625E+06  6.7392000E+05  0.0000000E+00  0.0000000E+00  5.0526640E+06 -9.1566857E-05
     8.8500000E+02    243.3990378  3.7540282E+08 -6.5536000E+04  0.0000000E+00  1.6051060E+04  5.2605711E-02  0.0000000E+00  9.3555889E+03  2.0052614E+06  1.4457606E+04  2.6347950E+06  6.7392000E+05  0.0000000E+00  0.0000000E+00  5.0404860E+06 -1.1993992E-04
     8.8600000E+02    243.3933105  3.7538352E+08 -1.9296000E+04  4.5362089E+04  2.0999433E+04  1.0201521E+03  0.0000000E+00  8.7389717E+03  1.9992568E+06  1.4444047E+04  2.6342350E+06  6.7392000E+05  0.0000000E+00  0.0000000E+00  5.0382360E+06  1.1906432E-03
     8.8700000E+02    243.3877179  3.7536467E+08 -1.8848000E+04  3.9313065E+04  1.6985980E+04  9.5654272E+02  0.0000000E+00  8.3348691E+03  1.9950696E+06  1.4435054E+04  2.6329572E+06  6.7392000E+05  0.0000000E+00  0.0000000E+00  5.0370325E+06 -2.7773554E-05
     8.8800000E+02    243.3718583  3.7531123E+08 -5.3440000E+04  9.0717607E+03  1.7207719E+04  2.0668742E+02  0.0000000E+00  8.0413467E+03  1.9901658E+06  1.4412959E+04  2.6248670E+06  6.7392000E+05  0.0000000E+00  0.0000000E+00  5.0329760E+06 -2.9584081E-03
     8.8900000E+02    243.3533884  3.7524899E+08 -6.2240000E+04  0.0000000E+00  1.6969163E+04  2.0764551E-01  0.0000000E+00  7.7750332E+03  1.9818680E+06  1.4384236E+04  2.6171580E+06  6.7392000E+05  0.0000000E+00  0.0000000E+00  5.0279720E+06  1.1908567E-03
     8.9000000E+02    243.3353184  3.7518810E+08 -6.0896000E+04  0.0000000E+00  1.7555744E+04  6.8407401E-02  0.0000000E+00  7.5071084E+03  1.9728585E+06  1.4355190E+04  2.6103000E+06  6.7392000E+05  0.0000000E+00  0.0000000E+00  5.0229555E+06  5.1331072E-04
     8.9100000E+02    243.3197604  3.7513568E+08 -5.2416000E+04  6.0467775E+03  1.6600916E+04  1.1731104E+02  0.0000000E+00  7.2305913E+03  1.9653066E+06  1.4329488E+04  2.6043525E+06  6.7392000E+05  0.0000000E+00  0.0000000E+00  5.0184005E+06  2.3406863E-04
     8.9200000E+02    243.3026817  3.7507814E+08 -5.7536000E+04  0.0000000E+00  1.6945414E+04  1.2092406E-01  0.0000000E+00  6.9537642E+03  1.9571695E+06  1.4302643E+04  2.5978398E+06  6.7392000E+05  0.0000000E+00  0.0000000E+00  5.0136755E+06 -3.0048779E-04
     8.9300000E+02    243.2854601  3.7502013E+08 -5.8016000E+04  0.0000000E+00  1.9017414E+04  5.9728067E-02  0.0000000E+00  6.6769702E+03  1.9488830E+06  1.4275128E+04  2.5913955E+06  6.7392000E+05  0.0000000E+00  0.0000000E+00  5.0088285E+06 -2.7295703E-04
     8.9400000E+02    243.2862156  3.7502266E+08  2.5280000E+03  6.0460934E+04  2.2197146E+04  1.3684624E+03  0.0000000E+00  6.3204268E+03  1.9476864E+06  1.4270583E+04  2.5924635E+06  6.7392000E+05  0.0000000E+00  0.0000000E+00  5.0077835E+06  4.2283486E-04
     8.9500000E+02    243.2693792  3.7496592E+08 -5.6736000E+04  6.0457496E+03  2.3836925E+04  1.3776605E+02  0.0000000E+00  6.0751777E+03  1.9418521E+06  1.4249270E+04  2.5848715E+06  6.7392000E+05  0.0000000E+00  0.0000000E+00  5.0039260E+06  3.0144790E-04
     8.9600000E+02    243.3076822  3.7509498E+08  1.2905600E+05  1.6325635E+05  2.3200480E+04  5.1324902E+03  0.0000000E+00  5.6826362E+03  1.9440340E+06  1.4292919E+04  2.6104692E+06  6.7392000E+05  0.0000000E+00  0.0000000E+00  5.0128825E+06  1.3377430E-03
     8.9700000E+02    243.2982208  3.7506310E+08 -3.1872000E+04  0.0000000E+00  1.5246041E+04  4.5623955E+01  0.0000000E+00  5.5111382E+03  1.9400414E+06  1.4293066E+04  2.6060955E+06  6.7392000E+05  0.0000000E+00  0.0000000E+00  5.0135705E+06  8.9842995E-04
     8.9800000E+02    243.2869632  3.7502518E+08 -3.7920000E+04  0.0000000E+00  1.8971371E+04  5.6949944E+00  0.0000000E+00  5.3799893E+03  1.9364801E+06  1.4275625E+04  2.6002968E+06  6.7392000E+05  0.0000000E+00  0.0000000E+00  5.0102795E+06 -1.6832807E-03
     8.9900000E+02    243.4181979  3.7546736E+08  4.4217600E+05  3.4780519E+05  1.5779472E+04  3.1196008E+04  0.0000000E+00  5.1055942E+03  1.9357580E+06  1.4440038E+04  2.6979575E+06  6.7392000E+05  0.0000000E+00  0.0000000E+00  5.0463835E+06 -3.0012353E-04
     9.0000000E+02    244.0327290  3.7575635E+08  2.8899200E+05  2.2688062E+05  8.3708206E+03  2.9702105E+04  0.0000000E+00  5.2326216E+03  2.1859840E+06  1.5268812E+04  2.9107445E+06  6.7392000E+05  0.0000000E+00  0.0000000E+00  5.1900155E+06  7.6436700E-04
     9.0100000E+02    244.2851483  3.7587290E+08  1.1654400E+05  1.2101394E+05  6.4784005E+03  1.2355939E+04  0.0000000E+00  1.1302706E+04  2.3597855E+06  1.5788671E+04  3.0279332E+06  6.7392000E+05  0.0000000E+00  0.0000000E+00  5.2884085E+06  2.8052651E-03
     9.0200000E+02    243.6887562  3.7559754E+08 -2.7536000E+05  4.5370538E+04  1.2931922E+04  3.6959893E+03  0.0000000E+00  1.9400715E+04  2.1235675E+06  1.5105916E+04  2.8704208E+06  1.0627200E+06  0.0000000E+00  0.0000000E+00  5.1764280E+06 -2.4110812E-03
     9.0300000E+02    243.4372355  3.7548138E+08 -1.1616000E+05  1.0585505E+05  1.3525611E+04  6.8091763E+03  0.0000000E+00  2.3814703E+04  1.9371364E+06  1.4593013E+04  2.7753375E+06  1.0627200E+06  0.0000000E+00  0.0000000E+00  5.0953005E+06  4.9538059E-05
     9.0400000E+02    243.3778356  3.7533136E+08 -1.5001600E+05  3.9311755E+04  1.0200538E+04  2.3054573E+03  0.0000000E+00  2.6532797E+04  1.8818405E+06  1.4436461E+04  2.7510195E+06  1.0627200E+06  0.0000000E+00  0.0000000E+00  5.0710325E+06 -4.0414961E-04
     9.0500000E+02    244.8349654  3.7612678E+08  7.9542400E+05  4.5691749E+05  6.9508418E+03  4.2425791E+05  0.0000000E+00  2.2418809E+04  2.4390465E+06  1.6282978E+04  3.4168230E+06  1.0627200E+06  0.0000000E+00  0.0000000E+00  5.3979655E+06 -1.6780787E-04
     9.0600000E+02    244.5522383  3.7599622E+08 -1.3056000E+05  9.0769129E+04  1.3926684E+04  9.7131709E+03  0.0000000E+00  3.0634039E+04  2.5198348E+06  1.6387391E+04  3.3510795E+06  1.0627200E+06  0.0000000E+00  0.0000000E+00  5.6332305E+06 -3.1346278E-03
     9.0700000E+02    243.3788360  3.7533472E+08 -6.6150400E+05  1.8143949E+04  8.6873460E+03  2.8099177E+03  0.0000000E+00  4.0560031E+04  3.4757815E+06  1.9979312E+01  3.8241975E+06  1.0627200E+06  0.0000000E+00  0.0000000E+00  8.0393230E+06  1.4294483E-04
     9.0800000E+02    243.2239210  3.7481277E+08 -5.2195200E+05  1.5112056E+04  1.9517221E+04  1.5193748E+03  0.0000000E+00  3.9312484E+04  3.1033488E+06  1.9832451E+01  3.6076958E+06  1.0627200E+06  0.0000000E+00  0.0000000E+00  7.7889575E+06 -3.3447967E-04
     9.0900000E+02    243.0634999  3.7427226E+08 -5.4051200E+05  0.0000000E+00  1.9237681E+04  6.4678424E+02  0.0000000E+00  3.6258379E+04  2.9649680E+06  1.9767206E+01  3.4695220E+06  1.0627200E+06  0.0000000E+00  0.0000000E+00  7.6647485E+06 -1.5443747E-04
     9.1000000E+02    242.9080107  3.7374835E+08 -5.2390400E+05  0.0000000E+00  2.3457717E+04  4.0395660E+02  0.0000000E+00  3.3864160E+04  2.8225870E+06  1.9703126E+01  3.3506112E+06  1.0627200E+06  0.0000000E+00  0.0000000E+00  7.5481705E+06 -3.1979253E-05
     9.1100000E+02    242.7587244  3.7324534E+08 -5.0300800E+05  0.0000000E+00  2.9363268E+04  2.3059154E+02  0.0000000E+00  3.1796361E+04  2.6867302E+06  1.9641481E+01  3.2437462E+06  1.0627200E+06  0.0000000E+00  0.0000000E+00  7.4394805E+06 -1.3760861E-03
     9.1200000E+02    242.6191455  3.7277507E+08 -4.7027200E+05  0.0000000E+00  2.6864604E+04  9.9360634E+01  0.0000000E+00  2.9592764E+04  2.5607348E+06  1.9583525E+01  3.1502952E+06  1.0627200E+06  0.0000000E+00  0.0000000E+00  7.3342645E+06 -2.1778801E-03
     9.1300000E+02    242.4870293  3.7232992E+08 -4.4515200E+05  0.0000000E+00  2.9846306E+04  5.9110508E+01  0.0000000E+00  2.7455326E+04  2.4422012E+06  1.9528809E+01  3.0620485E+06  1.0627200E+06  0.0000000E+00  0.0000000E+00  7.2356150E+06 -2.0368979E-03
     9.1400000E+02    242.3637674  3.7191459E+08 -4.1532800E+05  0.0000000E+00  2.4588766E+04  3.4309238E+01  0.0000000E+00  2.5446900E+04  2.3357172E+06  1.9477605E+01  2.9822152E+06  1.0627200E+06  0.0000000E+00  0.0000000E+00  7.1437955E+06 -6.1348878E-04
     9.1500000E+02    242.2480795  3.7152480E+08 -3.8979200E+05  0.0000000E+00  2.0784612E+04  1.8412127E+01  0.0000000E+00  2.3564240E+04  2.2390070E+06  1.9429608E+01  2.9091382E+06  1.0627200E+06  0.0000000E+00  0.0000000E+00  7.0589850E+06 -5.4175564E-04
     9.1600000E+02    242.1355356  3.7114560E+08 -3.7920000E+05  0.0000000E+00  2.5313317E+04  9.8661728E+00  0.0000000E+00  2.1844596E+04  2.1505550E+06  1.9383261E+01  2.8375385E+06  1.0627200E+06  0.0000000E+00  0.0000000E+00  6.9751060E+06 -4.5544261E-04
     9.1700000E+02    242.0305596  3.7079190E+08 -3.5369600E+05  0.0000000E+00  2.3866812E+04  3.2500017E+00  0.0000000E+00  2.0364080E+04  2.0634855E+06  1.9339651E+01  2.7759252E+06  1.0627200E+06  0.0000000E+00  0.0000000E+00  6.8980675E+06 -3.2697462E-03
     9.1800000E+02    241.9381014  3.7048038E+08 -3.1152000E+05  1.4999443E+04  2.1762319E+04  2.9589349E+02  0.0000000E+00  1.8972623E+04  1.9857736E+06  1.9300761E+01  2.7241902E+06  1.0627200E+06  0.0000000E+00  0.0000000E+00  6.8295535E+06 -9.6733999E-03
     9.1900000E+02    241.8380328  3.7014323E+08 -3.3715200E+05  1.7993195E+04  7.2739774E+03  3.6959726E+02  0.0000000E+00  1.7835721E+04  1.9449630E+06  1.9260404E+01  2.6416468E+06  1.0627200E+06  0.0000000E+00  0.0000000E+00  6.7510605E+06  6.9652288E-04
     9.2000000E+02    241.7326101  3.6979034E+08 -3.5289600E+05  0.0000000E+00  1.5377904E+04  1.1896441E+00  0.0000000E+00  1.6844922E+04  1.8699912E+06  1.9217670E+01  2.5783035E+06  1.0627200E+06  0.0000000E+00  0.0000000E+00  6.6687570E+06 -2.1284835E-03
     9.2100000E+02    241.6327791  3.6945613E+08 -3.3420800E+05  0.0000000E+00  2.2202725E+04  7.5004816E-02  0.0000000E+00  1.5876807E+04  1.7914032E+06  1.9176328E+01  2.5257948E+06  1.0627200E+06  0.0000000E+00  0.0000000E+00  6.5918035E+06 -1.6183732E-02
     9.2200000E+02    241.5390353  3.6914230E+08 -3.1382400E+05  0.0000000E+00  2.3590995E+04  5.5877484E-02  0.0000000E+00  1.4870855E+04  1.7198479E+06  1.9137439E+01  2.4774258E+06  1.0627200E+06  0.0000000E+00  0.0000000E+00  6.5207000E+06 -2.0490501E-03
     9.2300000E+02    241.4525037  3.6885264E+08 -2.8966400E+05  0.0000000E+00  2.1530538E+04  5.5737618E-02  0.0000000E+00  1.3957803E+04  1.6544161E+06  1.9101412E+01  2.4347052E+06  1.0627200E+06  0.0000000E+00  0.0000000E+00  6.4580180E+06 -1.3090221E-02
     9.2400000E+02    241.3717049  3.6858214E+08 -2.7049600E+05  0.0000000E+00  2.3095152E+04  5.5605158E-02  0.0000000E+00  1.3138854E+04  1.5925950E+06  1.9067853E+01  2.3946518E+06  1.0627200E+06  0.0000000E+00  0.0000000E+00  6.4004165E+06 -5.3109489E-03
     9.2500000E+02    241.3082212  3.6836963E+08 -2.1251200E+05  3.2913268E+04  1.8199916E+04  6.3809064E+02  0.0000000E+00  1.2339434E+04  1.5422274E+06  1.9040437E+01  2.3645675E+06  1.0627200E+06  0.0000000E+00  0.0000000E+00  6.3535465E+06 -7.4718865E-03
     9.2600000E+02    241.2378702  3.6813411E+08 -2.3552000E+05  0.0000000E+00  2.3165014E+04  6.2587470E-01  0.0000000E+00  1.1694763E+04  1.4919759E+06  1.9012189E+01  2.3306440E+06  1.0627200E+06  0.0000000E+00  0.0000000E+00  6.3055490E+06 -7.9522707E-04
     9.2700000E+02    241.1707057  3.6790928E+08 -2.2483200E+05  0.0000000E+00  2.9232961E+04  6.6733062E-02  0.0000000E+00  1.1753078E+04  1.4434942E+06  1.8984423E+01  2.2985725E+06  1.0627200E+06  0.0000000E+00  0.0000000E+00  6.2586705E+06 -1.2167388E-02
     9.2800000E+02    241.1059829  3.6769261E+08 -2.1667200E+05  0.0000000E+00  3.0636011E+04  4.6574738E-02  0.0000000E+00  1.1527213E+04  1.3991428E+06  1.8957717E+01  2.2642802E+06  1.0627200E+06  0.0000000E+00  0.0000000E+00  6.2132115E+06 -1.5345928E-03
     9.2900000E+02    241.0400618  3.6747194E+08 -2.2067200E+05  0.0000000E+00  2.9198380E+04  4.6474956E-02  0.0000000E+00  1.2079096E+04  1.3512520E+06  1.8930819E+01  2.2103982E+06  1.0627200E+06  0.0000000E+00  0.0000000E+00  6.1688555E+06 -1.6372042E-03
     9.3000000E+02    240.9722899  3.6724506E+08 -2.2688000E+05  5.9756698E+03  2.8369925E+04  9.6100975E+01  0.0000000E+00  1.1013151E+04  1.3167421E+06  1.8903216E+01  2.1638612E+06  1.0627200E+06  0.0000000E+00  0.0000000E+00  6.1198495E+06 -1.0278876E-03
     9.3100000E+02    240.9084196  3.6703123E+08 -2.1382400E+05  0.0000000E+00  3.0270853E+04  2.1195523E-01  0.0000000E+00  1.1226550E+04  1.2721289E+06  1.8876740E+01  2.1309020E+06  1.0627200E+06  0.0000000E+00  0.0000000E+00  6.0763050E+06 -3.8839158E-01
     9.3200000E+02    240.8515357  3.6684080E+08 -1.9043200E+05  1.7917778E+04  2.8266548E+04  2.9234262E+02  0.0000000E+00  1.0974554E+04  1.2341074E+06  1.8852873E+01  2.1053695E+06  1.0627200E+06  0.0000000E+00  0.0000000E+00  6.0358025E+06 -5.4405965E-03
     9.3300000E+02    240.7944486  3.6664970E+08 -1.9110400E+05  0.0000000E+00  2.4008686E+04  8.3451557E-01  0.0000000E+00  1.0984514E+04  1.1957932E+06  1.8829511E+01  2.0801930E+06  1.0627200E+06  0.0000000E+00  0.0000000E+00  5.9971355E+06 -1.1319622E-02
     9.3400000E+02    240.7419693  3.6647402E+08 -1.7568000E+05  0.0000000E+00  2.3787237E+04  9.3687184E-02  0.0000000E+00  1.0965932E+04  1.1622159E+06  1.8807642E+01  2.0590222E+06  1.0627200E+06  0.0000000E+00  0.0000000E+00  5.9606525E+06 -1.3667643E-01
     9.3500000E+02    240.6949010  3.6631645E+08 -1.5756800E+05  1.1385173E+04  3.0902303E+04  1.7486652E+02  0.0000000E+00  1.3878190E+04  1.1374331E+06  1.8787923E+01  2.0445994E+06  1.0627200E+06  0.0000000E+00  0.0000000E+00  5.9278910E+06 -1.5546882E-01
     9.3600000E+02    240.6559073  3.6618592E+08 -1.3052800E+05  2.0886627E+04  2.7633475E+04  4.0081180E+02  0.0000000E+00  2.1197234E+04  1.1158759E+06  1.8771293E+01  2.0358759E+06  1.0627200E+06  0.0000000E+00  0.0000000E+00  5.9018575E+06  1.1967149E-01
     9.3700000E+02    240.6110223  3.6603565E+08 -1.5027200E+05  0.0000000E+00  2.4636888E+04  2.6426110E-01  0.0000000E+00  1.7464629E+04  1.1002396E+06  1.8753394E+01  2.0198535E+06  1.0627200E+06  0.0000000E+00  0.0000000E+00  5.8681785E+06 -1.1370829E-03
     9.3800000E+02    240.5682749  3.6589254E+08 -1.4310400E+05  0.0000000E+00  2.6791392E+04  3.2949258E-02  0.0000000E+00  1.9370008E+04  1.0807008E+06  1.8735713E+01  2.0075102E+06  1.0627200E+06  0.0000000E+00  0.0000000E+00  5.8381585E+06 -1.1358239E-02
     9.3900000E+02    240.5271762  3.6575498E+08 -1.3756800E+05  0.0000000E+00  2.9254041E+04  3.2802563E-02  0.0000000E+00  2.0803736E+04  1.0623100E+06  1.8718747E+01  1.9958220E+06  1.0627200E+06  0.0000000E+00  0.0000000E+00  5.8091780E+06 -5.0596418E-03
     9.4000000E+02    240.4903502  3.6563168E+08 -1.2329600E+05  0.0000000E+00  2.2371809E+04  3.2723531E-02  0.0000000E+00  2.1984896E+04  1.0457845E+06  1.8703316E+01  1.9855861E+06  1.0627200E+06  0.0000000E+00  0.0000000E+00  5.7827805E+06 -1.3140019E-03
     9.4100000E+02    240.4545766  3.6551194E+08 -1.1974400E+05  0.0000000E+00  2.9891562E+04  3.2651473E-02  0.0000000E+00  2.4223811E+04  1.0292878E+06  1.8688579E+01  1.9756046E+06  1.0627200E+06  0.0000000E+00  0.0000000E+00  5.7583650E+06 -1.1053679E-01
     9.4200000E+02    240.4226391  3.6540502E+08 -1.0691200E+05  0.0000000E+00  2.7434942E+04  3.2580309E-02  0.0000000E+00  2.8927770E+04  1.0124962E+06  1.8675186E+01  1.9687546E+06  1.0627200E+06  0.0000000E+00  0.0000000E+00  5.7376380E+06  9.1520540E-02
     9.4300000E+02    240.3923605  3.6530365E+08 -1.0137600E+05  0.0000000E+00  2.8078666E+04  3.2509439E-02  0.0000000E+00  3.0517867E+04  9.9880050E+05  1.8662650E+01  1.9611708E+06  1.0627200E+06  0.0000000E+00  0.0000000E+00  5.7168305E+06  1.6494642E-01
     9.4400000E+02    240.3621401  3.6520250E+08 -1.0115200E+05  0.0000000E+00  3.0618667E+04  3.2438807E-02  0.0000000E+00  2.7369295E+04  9.8863981E+05  1.8650269E+01  1.9503404E+06  1.0627200E+06  0.0000000E+00  0.0000000E+00  5.6938460E+06 -1.5059459E-01
     9.4500000E+02    240.3327037  3.6510394E+08 -9.8560000E+04  0.0000000E+00  2.9732788E+04  3.2368399E-02  0.0000000E+00  2.7874377E+04  9.7628288E+05  1.8638150E+01  1.9423115E+06  1.0627200E+06  0.0000000E+00  0.0000000E+00  5.6731555E+06 -4.1087528E-04
     9.4600000E+02    240.3010334  3.6499792E+08 -1.0601600E+05  0.0000000E+00  3.4502751E+04  3.2298211E-02  0.0000000E+00  2.6997379E+04  9.6543669E+05  1.8625363E+01  1.9296238E+06  1.0627200E+06  0.0000000E+00  0.0000000E+00  5.6508940E+06 -1.9877071E-03
     9.4700000E+02    240.2695597  3.6489254E+08 -1.0537600E+05  0.0000000E+00  4.0503074E+04  3.2228254E-02  0.0000000E+00  2.7949574E+04  9.5213975E+05  1.8612458E+01  1.9208369E+06  1.0627200E+06  0.0000000E+00  0.0000000E+00  5.6294200E+06 -5.9301648E-02
     9.4800000E+02    240.2381193  3.6478784E+08 -1.0470400E+05  0.0000000E+00  3.4741742E+04  3.2158513E-02  0.0000000E+00  2.6829008E+04  9.4179231E+05  1.8599580E+01  1.9076920E+06  1.0627200E+06  0.0000000E+00  0.0000000E+00  5.6068830E+06 -2.3353915E-03
     9.4900000E+02    240.2121852  3.6470163E+08 -8.6208000E+04  0.0000000E+00  2.6835451E+04  3.2088999E-02  0.0000000E+00  3.1172484E+04  9.2805731E+05  1.8588508E+01  1.9022704E+06  1.0627200E+06  0.0000000E+00  0.0000000E+00  5.5904395E+06  1.0009261E-01
     9.5000000E+02    240.1885782  3.6462317E+08 -7.8464000E+04  0.0000000E+00  2.3866485E+04  3.2019701E-02  0.0000000E+00  3.2204426E+04  9.1778294E+05  1.8578650E+01  1.8966091E+06  1.0627200E+06  0.0000000E+00  0.0000000E+00  5.5741740E+06  1.4415871E-01
     9.5100000E+02    240.1661851  3.6454874E+08 -7.4432000E+04  0.0000000E+00  2.4022140E+04  3.1950619E-02  0.0000000E+00  3.2940254E+04  9.0831612E+05  1.8569380E+01  1.8909245E+06  1.0627200E+06  0.0000000E+00  0.0000000E+00  5.5587325E+06  1.6139102E-01
     9.5200000E+02    240.1391111  3.6445872E+08 -9.0016000E+04  0.0000000E+00  3.0526456E+04  3.1881768E-02  0.0000000E+00  2.8266090E+04  9.0257712E+05  1.8558676E+01  1.8775651E+06  1.0627200E+06  0.0000000E+00  0.0000000E+00  5.5379175E+06  2.6304688E-04
     9.5300000E+02    240.1163139  3.6438294E+08 -7.5776000E+04  0.0000000E+00  2.5182768E+04  3.1813126E-02  0.0000000E+00  3.1967705E+04  8.9074550E+05  1.8548990E+01  1.8727285E+06  1.0627200E+06  0.0000000E+00  0.0000000E+00  5.5235565E+06  9.1248311E-02
     9.5400000E+02    240.0938326  3.6430822E+08 -7.4720000E+04  0.0000000E+00  2.8612726E+04  3.1744700E-02  0.0000000E+00  3.3092027E+04  8.8113219E+05  1.8539757E+01  1.8673265E+06  1.0627200E+06  0.0000000E+00  0.0000000E+00  5.5084850E+06  1.3460189E-01
     9.5500000E+02    240.0683837  3.6422365E+08 -8.4576000E+04  0.0000000E+00  2.8003626E+04  3.1676494E-02  0.0000000E+00  2.8284807E+04  8.7632762E+05  1.8529578E+01  1.8541702E+06  1.0627200E+06  0.0000000E+00  0.0000000E+00  5.4884940E+06 -1.9635805E-03
     9.5600000E+02    240.0726582  3.6423786E+08  1.4208000E+04  7.6263110E+04  1.0318010E+04  1.4752239E+03  0.0000000E+00  2.7937354E+04  8.7605781E+05  1.8528894E+01  1.8577379E+06  1.0627200E+06  0.0000000E+00  0.0000000E+00  5.4868490E+06  4.6475180E-03
     9.5700000E+02    240.0613536  3.6420026E+08 -3.7600000E+04  2.2595316E+04  9.7669404E+03  4.5601215E+02  0.0000000E+00  2.9233098E+04  8.7194156E+05  1.8525541E+01  1.8545290E+06  1.0627200E+06  0.0000000E+00  0.0000000E+00  5.4818265E+06 -1.7292835E-03
     9.5800000E+02    240.1637009  3.6454045E+08  3.4019200E+05  4.2385898E+04  1.0860018E+04  8.2332068E+02  0.0000000E+00  2.2411354E+04  9.1046431E+05  1.8558146E+01  1.8698289E+06  6.7392000E+05  0.0000000E+00  0.0000000E+00  5.5320235E+06 -2.7125483E-04
     9.5900000E+02    240.2625609  3.6486912E+08  3.2867200E+05  6.5020810E+04  1.0933248E+04  1.3379629E+03  0.0000000E+00  1.7665996E+04  9.5466925E+05  1.8598917E+01  1.8940181E+06  6.7392000E+05  0.0000000E+00  0.0000000E+00  5.5972540E+06  4.9694324E-01
     9.6000000E+02    240.3329768  3.6510486E+08  2.3574400E+05  5.6556862E+03  2.4338315E+04  1.1605980E+02  0.0000000E+00  1.2550945E+04  9.9095294E+05  1.8630084E+01  1.9066310E+06  6.7392000E+05  0.0000000E+00  0.0000000E+00  5.6469620E+06 -1.0454797E-03
     9.6100000E+02    240.3940450  3.6530928E+08  2.0441600E+05  0.0000000E+00  3.0439700E+04  6.3358390E-01  0.0000000E+00  8.6660625E+03  1.0207316E+06  1.8655858E+01  1.9209212E+06  6.7392000E+05  0.0000000E+00  0.0000000E+00  5.6879760E+06  3.2131211E-03
     9.6200000E+02    240.4502315  3.6549738E+08  1.8809600E+05  0.0000000E+00  3.0938700E+04  6.4642631E-02  0.0000000E+00  4.9098867E+03  1.0468303E+06  1.8679268E+01  1.9351584E+06  6.7392000E+05  0.0000000E+00  0.0000000E+00  5.7258240E+06  1.3646427E-02
     9.6300000E+02    240.5000724  3.6566422E+08  1.6684800E+05  0.0000000E+00  2.9419774E+04  6.4311944E-02  0.0000000E+00  3.6847166E+03  1.0778279E+06  1.8700199E+01  1.9443471E+06  6.7392000E+05  0.0000000E+00  0.0000000E+00  5.7586360E+06 -1.2833465E-04
     9.6400000E+02    240.5460965  3.6581830E+08  1.5408000E+05  0.0000000E+00  2.7570484E+04  6.4123608E-02  0.0000000E+00  3.3015115E+03  1.1036124E+06  1.8719359E+01  1.9559854E+06  6.7392000E+05  0.0000000E+00  0.0000000E+00  5.7894455E+06  4.3574525E-03
     9.6500000E+02    240.5860551  3.6595206E+08  1.3376000E+05  0.0000000E+00  2.7065394E+04  6.3950077E-02  0.0000000E+00  2.8069143E+03  1.1307351E+06  1.8736220E+01  1.9626914E+06  6.7392000E+05  0.0000000E+00  0.0000000E+00  5.8161570E+06 -4.4517972E-05
     9.6600000E+02    240.6207241  3.6606813E+08  1.1606400E+05  0.0000000E+00  2.9231360E+04  6.3778616E-02  0.0000000E+00  2.0758010E+03  1.1541354E+06  1.8750851E+01  1.9712550E+06  6.7392000E+05  0.0000000E+00  0.0000000E+00  5.8389545E+06 -1.9573504E-03
     9.6700000E+02    240.6343075  3.6611360E+08  4.5472000E+04  1.9820408E+04  1.3724803E+04  2.9474176E+02  0.0000000E+00  2.2722104E+03  1.2058015E+06  1.8758141E+01  1.9149662E+06  6.7392000E+05  0.0000000E+00  0.0000000E+00  5.8372815E+06 -8.1728756E-02
     9.6800000E+02    240.6263693  3.6608704E+08 -2.6560000E+04  0.0000000E+00  2.9088120E+04  1.6348926E+00  0.0000000E+00  1.9089916E+03  1.2174029E+06  1.8756653E+01  1.8884502E+06  6.7392000E+05  0.0000000E+00  0.0000000E+00  5.8302045E+06 -1.8271302E-01
     9.6900000E+02    240.5990539  3.6599558E+08 -9.1456000E+04  0.0000000E+00  2.9326564E+04  2.1913654E-01  0.0000000E+00  2.4325669E+03  1.2114088E+06  1.8747053E+01  1.8180340E+06  6.7392000E+05  0.0000000E+00  0.0000000E+00  5.8120015E+06 -1.4369939E-01
     9.7000000E+02    240.5662941  3.6588592E+08 -1.0966400E+05  0.0000000E+00  2.6917407E+04  1.3498363E+00  0.0000000E+00  2.7245837E+03  1.1972574E+06  1.8734083E+01  1.7810675E+06  6.7392000E+05  0.0000000E+00  0.0000000E+00  5.7897565E+06 -2.4530277E-01
     9.7100000E+02    240.5317858  3.6577040E+08 -1.1552000E+05  0.0000000E+00  2.9548527E+04  6.4773381E-02  0.0000000E+00  3.2111426E+03  1.1793742E+06  1.8720095E+01  1.7599958E+06  6.7392000E+05  0.0000000E+00  0.0000000E+00  5.7668815E+06 -2.1958598E-01
     9.7200000E+02    240.4944564  3.6564544E+08 -1.2496000E+05  0.0000000E+00  3.0034089E+04  6.4644255E-02  0.0000000E+00  2.6923003E+03  1.1628384E+06  1.8705038E+01  1.7372169E+06  6.7392000E+05  0.0000000E+00  0.0000000E+00  5.7407520E+06 -1.0402766E-01
     9.7300000E+02    240.4629127  3.6553984E+08 -1.0560000E+05  5.6588286E+03  2.5014453E+04  6.8047813E+01  0.0000000E+00  4.3009819E+03  1.1420162E+06  1.8691647E+01  1.7280969E+06  6.7392000E+05  0.0000000E+00  0.0000000E+00  5.7202175E+06  1.4966299E-01
     9.7400000E+02    240.5458589  3.6581750E+08  2.7766400E+05  1.1683963E+04  1.1280861E+04  1.4454553E+02  0.0000000E+00  1.7227692E+03  1.1844414E+06  1.8716238E+01  1.7453306E+06  2.8512000E+05  0.0000000E+00  0.0000000E+00  5.7557340E+06  2.0289879E-02
     9.7500000E+02    240.6303976  3.6610051E+08  2.8300800E+05  0.0000000E+00  2.5122528E+04  6.2455767E-01  0.0000000E+00  1.5850164E+03  1.2278538E+06  1.8750728E+01  1.8217841E+06  2.8512000E+05  0.0000000E+00  0.0000000E+00  5.8125340E+06  1.2321966E-01
     9.7600000E+02    240.8033174  3.6667939E+08  5.7888000E+05  1.1736533E+05  1.3096034E+04  2.3912158E+03  0.0000000E+00  1.5218528E+03  1.2471802E+06  1.8814304E+01  2.0030168E+06  2.8512000E+05  0.0000000E+00  0.0000000E+00  5.9401505E+06  5.8843043E-06
     9.7700000E+02    240.9527665  3.6717968E+08  5.0028800E+05  8.2208125E+04  1.2738266E+04  1.7482217E+03  0.0000000E+00  1.5199144E+03  1.3592972E+06  1.8877429E+01  2.0721685E+06  2.8512000E+05  0.0000000E+00  0.0000000E+00  6.0420730E+06  8.4525039E-03
     9.7800000E+02    241.0552115  3.6752262E+08  3.4294400E+05  0.0000000E+00  3.0742480E+04  1.9982656E+01  0.0000000E+00  1.5619808E+03  1.4486776E+06  1.8923233E+01  2.1033298E+06  2.8512000E+05  0.0000000E+00  0.0000000E+00  6.1143415E+06 -1.2310492E-01
     9.7900000E+02    241.1396625  3.6780534E+08  2.8272000E+05  0.0000000E+00  3.0707427E+04  6.0203946E-01  0.0000000E+00  1.5126683E+03  1.5223482E+06  1.8959292E+01  2.1224632E+06  2.8512000E+05  0.0000000E+00  0.0000000E+00  6.1712270E+06  1.4415766E-01
     9.8000000E+02    241.1913158  3.6797827E+08  1.7292800E+05  0.0000000E+00  3.2904389E+04  1.0535990E-01  0.0000000E+00  1.5770558E+03  1.5804468E+06  1.8983131E+01  2.0669960E+06  2.8512000E+05  0.0000000E+00  0.0000000E+00  6.2054485E+06 -1.3753442E-01
     9.8100000E+02    241.2248505  3.6809053E+08  1.1225600E+05  0.0000000E+00  3.1251435E+04  8.6530738E-02  0.0000000E+00  1.4671868E+03  1.6145906E+06  1.8998348E+01  2.0366916E+06  2.8512000E+05  0.0000000E+00  0.0000000E+00  6.2289295E+06 -2.4915256E-01
     9.8200000E+02    241.2421471  3.6814845E+08  5.7920000E+04  0.0000000E+00  3.7414702E+04  8.6232498E-02  0.0000000E+00  1.5001825E+03  1.6311368E+06  1.9006762E+01  2.0061850E+06  2.8512000E+05  0.0000000E+00  0.0000000E+00  6.2427365E+06 -1.9551122E-01
     9.8300000E+02    241.2474618  3.6816624E+08  1.7792000E+04  0.0000000E+00  3.4053843E+04  8.5938647E-02  0.0000000E+00  1.4801450E+03  1.6398442E+06  1.9009920E+01  1.9689372E+06  2.8512000E+05  0.0000000E+00  0.0000000E+00  6.2473030E+06 -3.2539424E-01
     9.8400000E+02    241.2449532  3.6815782E+08 -8.4160000E+03  0.0000000E+00  2.7630705E+04  8.5646503E-02  0.0000000E+00  1.4850428E+03  1.6414979E+06  1.9009533E+01  1.9392970E+06  2.8512000E+05  0.0000000E+00  0.0000000E+00  6.2459640E+06 -2.5940663E-01
     9.8500000E+02    241.2270852  3.6809802E+08 -5.9808000E+04  0.0000000E+00  3.4216989E+04  8.5355759E-02  0.0000000E+00  1.5878733E+03  1.6323914E+06  1.9003474E+01  1.8879966E+06  2.8512000E+05  0.0000000E+00  0.0000000E+00  6.2352630E+06 -1.2064830E-01
     9.8600000E+02    241.2037664  3.6801994E+08 -7.8080000E+04  0.0000000E+00  3.4991978E+04  8.5066400E-02  0.0000000E+00  1.6848093E+03  1.6168358E+06  1.8994371E+01  1.8543555E+06  2.8512000E+05  0.0000000E+00  0.0000000E+00  6.2199010E+06 -1.4695013E-01
     9.8700000E+02    241.1692725  3.6790448E+08 -1.1545600E+05  0.0000000E+00  4.6814289E+04  8.4778413E-02  0.0000000E+00  1.5684272E+03  1.5993152E+06  1.8981160E+01  1.8107728E+06  2.8512000E+05  0.0000000E+00  0.0000000E+00  6.1960215E+06 -1.7973939E-01
     9.8800000E+02    241.1295699  3.6777155E+08 -1.3292800E+05  0.0000000E+00  4.6173636E+04  8.4491774E-02  0.0000000E+00  1.6678802E+03  1.5726169E+06  1.8965327E+01  1.7671566E+06  2.8512000E+05  0.0000000E+00  0.0000000E+00  6.1691525E+06 -1.1433590E-01
     9.8900000E+02    241.0887272  3.6763485E+08 -1.3670400E+05  0.0000000E+00  4.1451846E+04  8.4206484E-02  0.0000000E+00  1.8299117E+03  1.5429556E+06  1.8948694E+01  1.7286722E+06  2.8512000E+05  0.0000000E+00  0.0000000E+00  6.1415715E+06 -1.2517741E-01
     9.9000000E+02    241.0494024  3.6750320E+08 -1.3164800E+05  0.0000000E+00  3.4934206E+04  8.3922535E-02  0.0000000E+00  1.6593867E+03  1.5196010E+06  1.8932466E+01  1.6977822E+06  2.8512000E+05  0.0000000E+00  0.0000000E+00  6.1131590E+06 -4.6662477E-01
     9.9100000E+02    241.0090894  3.6736822E+08 -1.3497600E+05  0.0000000E+00  3.6677266E+04  8.3639920E-02  0.0000000E+00  1.6179982E+03  1.4936938E+06  1.8916037E+01  1.6707751E+06  2.8512000E+05  0.0000000E+00  0.0000000E+00  6.0850535E+06 -4.4839332E-01
     9.9200000E+02    240.9663502  3.6722515E+08 -1.4307200E+05  0.0000000E+00  4.4861837E+04  8.3358638E-02  0.0000000E+00  1.6342527E+03  1.4656555E+06  1.8898733E+01  1.6425672E+06  2.8512000E+05  0.0000000E+00  0.0000000E+00  6.0558010E+06 -4.6682793E-01
     9.9300000E+02    240.9194436  3.6706813E+08 -1.5702400E+05  0.0000000E+00  4.9747500E+04  8.3078660E-02  0.0000000E+00  1.7596078E+03  1.4339218E+06  1.8879865E+01  1.6072522E+06  2.8512000E+05  0.0000000E+00  0.0000000E+00  6.0241620E+06 -1.5672277E-01
     9.9400000E+02    240.8665460  3.6689104E+08 -1.7708800E+05  0.0000000E+00  5.2240243E+04  8.2799993E-02  0.0000000E+00  1.6408766E+03  1.4044465E+06  1.8858693E+01  1.5585836E+06  2.8512000E+05  0.0000000E+00  0.0000000E+00  5.9872860E+06 -2.5909597E-01
     9.9500000E+02    240.7016281  3.6633898E+08 -5.5206400E+05  0.0000000E+00  4.4522148E+04  8.2522631E-02  0.0000000E+00  2.5865291E+03  1.3130834E+06  1.8800330E+01  1.4753270E+06  6.7392000E+05  0.0000000E+00  0.0000000E+00  5.8914470E+06 -7.7114984E-02
     9.9600000E+02    240.5501666  3.6583194E+08 -5.0704000E+05  0.0000000E+00  3.5662848E+04  8.2246557E-02  0.0000000E+00  5.8440708E+03  1.2267810E+06  1.8737201E+01  1.4114822E+06  6.7392000E+05  0.0000000E+00  0.0000000E+00  5.7891175E+06 -6.2055141E-01
     9.9700000E+02    240.4002393  3.6533002E+08 -5.0192000E+05  0.0000000E+00  3.5238177E+04  8.1971757E-02  0.0000000E+00  4.2965059E+03  1.1554781E+06  1.8675676E+01  1.3565330E+06  6.7392000E+05  0.0000000E+00  0.0000000E+00  5.6834250E+06 -1.0217708E-01
     9.9800000E+02    240.2542094  3.6484131E+08 -4.8870400E+05  0.0000000E+00  3.2920536E+04  8.1698254E-02  0.0000000E+00  2.4235320E+03  1.0867040E+06  1.8615554E+01  1.3016876E+06  6.7392000E+05  0.0000000E+00  0.0000000E+00  5.5815290E+06 -4.1697726E-02
     9.9900000E+02    240.1108281  3.6436470E+08 -4.7660800E+05  0.0000000E+00  3.9190724E+04  8.1426010E-02  0.0000000E+00  4.8074463E+03  1.0191941E+06  1.8556619E+01  1.2501765E+06  6.7392000E+05  0.0000000E+00  0.0000000E+00  5.4842710E+06 -4.2219311E-02
     1.0000000E+03    239.9773430  3.6392102E+08 -4.4368000E+05  0.0000000E+00  3.7573122E+04  8.1155032E-02  0.0000000E+00  9.3656494E+03  9.6053969E+05  1.8501143E+01  1.2075312E+06  6.7392000E+05  0.0000000E+00  0.0000000E+00  5.3940280E+06 -6.8623793E-01
     1.0010000E+03    240.0414323  3.6413405E+08  2.1302400E+05  2.5150091E+05  1.8048793E+04  6.0953369E+03  0.0000000E+00  5.7831914E+03  9.4540706E+05  1.8511207E+01  1.5870625E+06  6.7392000E+05  0.0000000E+00  0.0000000E+00  5.4180220E+06  1.2699669E-03
     1.0020000E+03    239.9793373  3.6392765E+08 -2.0640000E+05  0.0000000E+00  2.8929811E+04  5.9024483E+01  0.0000000E+00  7.8789565E+03  9.3760956E+05  1.8496113E+01  1.4256540E+06  6.7392000E+05  0.0000000E+00  0.0000000E+00  5.3906415E+06 -2.9617894E-02
     1.0030000E+03    239.8981194  3.6365770E+08 -2.6995200E+05  0.0000000E+00  3.9528759E+04  4.4497242E+00  0.0000000E+00  9.8850439E+03  9.0996619E+05  1.8464419E+01  1.3425015E+06  6.7392000E+05  0.0000000E+00  0.0000000E+00  5.3364860E+06 -6.7172445E-02
     1.0040000E+03    239.9146749  3.6371270E+08  5.5008000E+04  0.0000000E+00  4.3855441E+04  2.6185781E-01  0.0000000E+00  7.2818413E+03  9.1659200E+05  1.8463190E+01  1.2918770E+06  2.8512000E+05  0.0000000E+00  0.0000000E+00  5.3305735E+06 -1.1044644E-01
     1.0050000E+03    239.9163405  3.6371824E+08  5.5360000E+03  0.0000000E+00  4.8859681E+04  5.1024158E-02  0.0000000E+00  6.9956016E+03  9.2281350E+05  1.8465092E+01  1.2550805E+06  2.8512000E+05  0.0000000E+00  0.0000000E+00  5.3315470E+06 -2.1522077E-02
     1.0060000E+03    239.9094654  3.6369539E+08 -2.2848000E+04  0.0000000E+00  4.9317596E+04  5.0889179E-02  0.0000000E+00  7.0076475E+03  9.2348706E+05  1.8462976E+01  1.2272482E+06  2.8512000E+05  0.0000000E+00  0.0000000E+00  5.3268575E+06 -6.6706114E-02
     1.0070000E+03    239.8951697  3.6364787E+08 -4.7520000E+04  0.0000000E+00  4.7458970E+04  5.0757561E-02  0.0000000E+00  7.0787578E+03  9.2126688E+05  1.8457729E+01  1.1980966E+06  2.8512000E+05  0.0000000E+00  0.0000000E+00  5.3167630E+06 -9.3231775E-02
     1.0080000E+03    239.8712137  3.6356826E+08 -7.9616000E+04  0.0000000E+00  5.1253227E+04  5.0626706E-02  0.0000000E+00  7.0112607E+03  9.1558625E+05  1.8448710E+01  1.1647126E+06  2.8512000E+05  0.0000000E+00  0.0000000E+00  5.3003945E+06 -5.0969347E-02
     1.0090000E+03    239.8411267  3.6346826E+08 -1.0000000E+05  0.0000000E+00  4.8441224E+04  5.0496366E-02  0.0000000E+00  6.3289966E+03  9.0735981E+05  1.8436891E+01  1.1343314E+06  2.8512000E+05  0.0000000E+00  0.0000000E+00  5.2794190E+06 -2.2482967E-02
     1.0100000E+03    239.8106694  3.6336701E+08 -1.0124800E+05  0.0000000E+00  4.4686597E+04  5.0366499E-02  0.0000000E+00  9.1224629E+03  8.9551300E+05  1.8424448E+01  1.1114919E+06  2.8512000E+05  0.0000000E+00  0.0000000E+00  5.2598390E+06 -2.8364623E-01
     1.0110000E+03    239.7765670  3.6325366E+08 -1.1334400E+05  0.0000000E+00  4.2883429E+04  5.0237108E-02  0.0000000E+00  7.3122163E+03  8.8536912E+05  1.8410781E+01  1.0914826E+06  2.8512000E+05  0.0000000E+00  0.0000000E+00  5.2355750E+06 -1.0318192E-01
     1.0120000E+03    239.7435806  3.6314400E+08 -1.0966400E+05  0.0000000E+00  3.8741739E+04  5.0108191E-02  0.0000000E+00  5.6979121E+03  8.7501931E+05  1.8397181E+01  1.0806918E+06  2.8512000E+05  0.0000000E+00  0.0000000E+00  5.2118025E+06 -2.3735312E-01
     1.0130000E+03    239.7104794  3.6303398E+08 -1.1001600E+05  0.0000000E+00  3.5059587E+04  4.9979743E-02  0.0000000E+00  5.6669282E+03  8.6349869E+05  1.8383634E+01  1.0654616E+06  2.8512000E+05  0.0000000E+00  0.0000000E+00  5.1886650E+06 -2.1559578E-01
     1.0140000E+03    239.6773802  3.6292397E+08 -1.1001600E+05  0.0000000E+00  3.2660902E+04  4.9851764E-02  0.0000000E+00  5.6890068E+03  8.5179331E+05  1.8370079E+01  1.0508924E+06  2.8512000E+05  0.0000000E+00  0.0000000E+00  5.1656395E+06 -2.5609344E-01
     1.0150000E+03    239.6443467  3.6281418E+08 -1.0979200E+05  0.0000000E+00  3.1746915E+04  4.9724255E-02  0.0000000E+00  1.1359392E+04  8.3570956E+05  1.8356546E+01  1.0377706E+06  2.8512000E+05  0.0000000E+00  0.0000000E+00  5.1459295E+06  5.4895699E-01
     1.0160000E+03    239.6119720  3.6270656E+08 -1.0761600E+05  0.0000000E+00  3.0192189E+04  4.9597207E-02  0.0000000E+00  1.2210724E+04  8.2340781E+05  1.8343234E+01  1.0277750E+06  2.8512000E+05  0.0000000E+00  0.0000000E+00  5.1240410E+06  7.7835041E-01
     1.0170000E+03    239.5806996  3.6260259E+08 -1.0396800E+05  0.0000000E+00  2.7484840E+04  4.9470622E-02  0.0000000E+00  1.2203472E+04  8.1227112E+05  1.8330337E+01  1.0180134E+06  2.8512000E+05  0.0000000E+00  0.0000000E+00  5.1023625E+06  8.2589978E-01
     1.0180000E+03    239.5488827  3.6249683E+08 -1.0576000E+05  0.0000000E+00  3.0216812E+04  4.9344487E-02  0.0000000E+00  1.1836452E+04  8.0183219E+05  1.8317351E+01  1.0081261E+06  2.8512000E+05  0.0000000E+00  0.0000000E+00  5.0802990E+06  7.6399451E-01
     1.0190000E+03    239.5165521  3.6238938E+08 -1.0745600E+05  0.0000000E+00  3.1779821E+04  4.9218815E-02  0.0000000E+00  1.1587093E+04  7.9108044E+05  1.8304153E+01  9.9823356E+05  2.8512000E+05  0.0000000E+00  0.0000000E+00  5.0578950E+06  8.3738267E-01
     1.0200000E+03    239.4845950  3.6228317E+08 -1.0620800E+05  0.0000000E+00  3.0588176E+04  4.9093600E-02  0.0000000E+00  5.0286045E+03  7.8534250E+05  1.8291035E+01  9.8815112E+05  2.8512000E+05  0.0000000E+00  0.0000000E+00  5.0319190E+06 -1.5269253E-01
     1.0210000E+03    239.4517904  3.6217411E+08 -1.0905600E+05  0.0000000E+00  3.3094532E+04  4.8968840E-02  0.0000000E+00  9.7900381E+03  7.7077269E+05  1.8277671E+01  9.7486688E+05  2.8512000E+05  0.0000000E+00  0.0000000E+00  5.0120880E+06  4.3226939E-01
     1.0220000E+03    239.4171714  3.6205904E+08 -1.1507200E+05  0.0000000E+00  3.7447738E+04  4.8844535E-02  0.0000000E+00  4.7932876E+03  7.6374181E+05  1.8263642E+01  9.6429631E+05  2.8512000E+05  0.0000000E+00  0.0000000E+00  4.9854050E+06 -1.9939885E-01
     1.0230000E+03    239.3798294  3.6193491E+08 -1.2412800E+05  0.0000000E+00  4.1642162E+04  4.8720673E-02  0.0000000E+00  5.1320142E+03  7.5129250E+05  1.8248572E+01  9.4319100E+05  2.8512000E+05  0.0000000E+00  0.0000000E+00  4.9601625E+06 -5.2148020E-01
     1.0240000E+03    239.3280390  3.6176278E+08 -1.7212800E+05  0.0000000E+00  4.1474007E+04  4.8597258E-02  0.0000000E+00  1.0698063E+04  7.2191800E+05  1.8228546E+01  9.2592144E+05  3.4560000E+05  0.0000000E+00  0.0000000E+00  4.9305635E+06 -2.3686660E-02
     1.0250000E+03    239.2007087  3.6133955E+08 -4.2323200E+05  0.0000000E+00  3.6898854E+04  4.8474289E-02  0.0000000E+00  2.2672535E+04  6.7501188E+05  1.8182589E+01  8.9669431E+05  6.3072000E+05  0.0000000E+00  0.0000000E+00  4.8592635E+06 -3.7239818E-03
     1.0260000E+03    239.0782252  3.6093242E+08 -4.0713600E+05  0.0000000E+00  3.6942733E+04  4.8351761E-02  0.0000000E+00  2.7931105E+04  6.3134469E+05  1.8132032E+01  8.6388838E+05  6.3072000E+05  0.0000000E+00  0.0000000E+00  4.7779455E+06 -5.3982767E-03
     1.0270000E+03    238.9602631  3.6054032E+08 -3.9209600E+05  0.0000000E+00  3.5171444E+04  4.8229679E-02  0.0000000E+00  3.1900295E+04  5.9116762E+05  1.8083353E+01  8.3295575E+05  6.3072000E+05  0.0000000E+00  0.0000000E+00  4.6992065E+06 -9.9486737E-03
     1.0280000E+03    238.8465086  3.6016221E+08 -3.7811200E+05  0.0000000E+00  3.3722205E+04  4.8108026E-02  0.0000000E+00  3.5109535E+04  5.5368312E+05  1.8036423E+01  8.0441994E+05  6.3072000E+05  0.0000000E+00  0.0000000E+00  4.6230850E+06 -4.1189738E-02
     1.0290000E+03    238.7355899  3.5979350E+08 -3.6870400E+05  0.0000000E+00  3.5866964E+04  4.7986820E-02  0.0000000E+00  4.0170656E+04  5.1975772E+05  1.7990767E+01  7.7733544E+05  6.3072000E+05  0.0000000E+00  0.0000000E+00  4.5493205E+06 -1.2864952E-02
     1.0300000E+03    238.6291950  3.5944102E+08 -3.5248000E+05  0.0000000E+00  3.9600229E+04  4.7866043E-02  0.0000000E+00  4.5722176E+04  4.8888028E+05  1.7946825E+01  7.5231712E+05  6.3072000E+05  0.0000000E+00  0.0000000E+00  4.4786810E+06 -7.5043017E-01
     1.0310000E+03    238.5272681  3.5910454E+08 -3.3648000E+05  0.0000000E+00  3.8367603E+04  4.7745705E-02  0.0000000E+00  6.4233539E+04  4.5714200E+05  1.7904718E+01  7.3561350E+05  6.3072000E+05  0.0000000E+00  0.0000000E+00  4.4177170E+06  8.9496869E-01
     1.0320000E+03    238.4261472  3.5877072E+08 -3.3382400E+05  0.0000000E+00  3.6319971E+04  4.7625795E-02  0.0000000E+00  5.6959180E+04  4.3208119E+05  1.7863240E+01  7.0735844E+05  6.3072000E+05  0.0000000E+00  0.0000000E+00  4.3446470E+06 -9.0735793E-02
     1.0330000E+03    238.3304550  3.5845482E+08 -3.1590400E+05  0.0000000E+00  3.3371648E+04  4.7506314E-02  0.0000000E+00  6.2135391E+04  4.0713819E+05  1.7823607E+01  6.8673281E+05  6.3072000E+05  0.0000000E+00  0.0000000E+00  4.2812510E+06 -6.0448200E-01
     1.0340000E+03    238.2392214  3.5815363E+08 -3.0118400E+05  0.0000000E+00  3.2119184E+04  4.7387253E-02  0.0000000E+00  6.7215375E+04  3.8483953E+05  1.7785880E+01  6.7389025E+05  6.3072000E+05  0.0000000E+00  0.0000000E+00  4.2212150E+06 -5.1607263E-01
     1.0350000E+03    238.2518465  3.5819530E+08  4.1664000E+04  0.0000000E+00  3.2198935E+04  4.7268625E-02  0.0000000E+00  1.3279586E+04  4.0910638E+05  1.7782543E+01  6.4248412E+05  1.7280000E+05  0.0000000E+00  0.0000000E+00  4.1912570E+06 -3.5645459E-03
     1.0360000E+03    238.2492337  3.5818669E+08 -8.6080000E+03  0.0000000E+00  3.6374719E+04  4.7150414E-02  0.0000000E+00  2.3763196E+03  4.2721331E+05  1.7782721E+01  6.2545356E+05  1.7280000E+05  0.0000000E+00  0.0000000E+00  4.1816708E+06  5.0478796E-03
     1.0370000E+03    238.2396266  3.5815494E+08 -3.1744000E+04  0.0000000E+00  3.5031223E+04  4.7032632E-02  0.0000000E+00  1.0037965E+03  4.3741400E+05  1.7779360E+01  6.1623181E+05  1.7280000E+05  0.0000000E+00  0.0000000E+00  4.1720522E+06  5.7598609E-01
     1.0380000E+03    238.2274990  3.5811491E+08 -4.0032000E+04  0.0000000E+00  3.1305161E+04  4.6915267E-02  0.0000000E+00  1.0095114E+03  4.4237603E+05  1.7774600E+01  6.0759225E+05  1.7280000E+05  0.0000000E+00  0.0000000E+00  4.1621738E+06  3.3022097E-01
     1.0390000E+03    238.2146445  3.5807248E+08 -4.2432000E+04  0.0000000E+00  3.6968883E+04  4.6798311E-02  0.0000000E+00  9.8276532E+02  4.4472397E+05  1.7769395E+01  5.9621531E+05  1.7280000E+05  0.0000000E+00  0.0000000E+00  4.1524270E+06 -2.2735307E+00
     1.0400000E+03    238.2005106  3.5802582E+08 -4.6656000E+04  0.0000000E+00  3.4607185E+04  4.6681777E-02  0.0000000E+00  9.7524738E+02  4.4494594E+05  1.7763712E+01  5.8731069E+05  1.7280000E+05  0.0000000E+00  0.0000000E+00  4.1422715E+06 -2.6716206E+00
     1.0410000E+03    238.1815830  3.5796333E+08 -6.2496000E+04  0.0000000E+00  3.1139225E+04  4.6565656E-02  0.0000000E+00  1.4858119E+03  4.4189456E+05  1.7756353E+01  5.8774138E+05  1.7280000E+05  0.0000000E+00  0.0000000E+00  4.1303298E+06  9.0914863E-01
     1.0420000E+03    238.1657002  3.5791091E+08 -5.2416000E+04  0.0000000E+00  3.3063893E+04  4.6449948E-02  0.0000000E+00  4.2752427E+03  4.3851538E+05  1.7749599E+01  5.7591562E+05  1.7280000E+05  0.0000000E+00  0.0000000E+00  4.1207128E+06 -1.8296272E+00
     1.0430000E+03    238.1461816  3.5784646E+08 -6.4448000E+04  0.0000000E+00  3.6913982E+04  4.6334647E-02  0.0000000E+00  5.1483301E+03  4.3492753E+05  1.7741904E+01  5.7472281E+05  1.7280000E+05  0.0000000E+00  0.0000000E+00  4.1086788E+06 -5.2750736E-02
     1.0440000E+03    238.1279942  3.5778643E+08 -6.0032000E+04  0.0000000E+00  3.4746855E+04  4.6219759E-02  0.0000000E+00  4.7850869E+03  4.3202797E+05  1.7734347E+01  5.6413444E+05  1.7280000E+05  0.0000000E+00  0.0000000E+00  4.0959378E+06 -1.6637154E+00
     1.0450000E+03    238.1083679  3.5772163E+08 -6.4800000E+04  0.0000000E+00  3.1257704E+04  4.6105277E-02  0.0000000E+00  9.4250275E+02  4.3312809E+05  1.7726427E+01  5.6176225E+05  1.7280000E+05  0.0000000E+00  0.0000000E+00  4.0791695E+06 -1.5220803E+00
     1.0460000E+03    238.0851048  3.5764483E+08 -7.6800000E+04  0.0000000E+00  3.3972749E+04  4.5991194E-02  0.0000000E+00  1.3389357E+03  4.2676162E+05  1.7717198E+01  5.5566444E+05  1.7280000E+05  0.0000000E+00  0.0000000E+00  4.0645530E+06  3.9677087E-02
     1.0470000E+03    238.0642060  3.5757584E+08 -6.8992000E+04  0.0000000E+00  3.5992464E+04  4.5877520E-02  0.0000000E+00  3.6636421E+03  4.1906331E+05  1.7708446E+01  5.4773719E+05  1.7280000E+05  0.0000000E+00  0.0000000E+00  4.0527148E+06 -1.1914124E+00
     1.0480000E+03    238.0429056  3.5750554E+08 -7.0304000E+04  0.0000000E+00  3.4737110E+04  4.5764241E-02  0.0000000E+00  3.9087644E+03  4.1404203E+05  1.7699756E+01  5.4395738E+05  1.7280000E+05  0.0000000E+00  0.0000000E+00  4.0390732E+06 -5.5126166E-01
     1.0490000E+03    238.0192689  3.5742752E+08 -7.8016000E+04  0.0000000E+00  3.4095839E+04  4.5651361E-02  0.0000000E+00  1.8067347E+03  4.1112006E+05  1.7690267E+01  5.3790600E+05  1.7280000E+05  0.0000000E+00  0.0000000E+00  4.0216222E+06 -4.9319733E-02
     1.0500000E+03    237.9962535  3.5735152E+08 -7.6000000E+04  0.0000000E+00  3.5277829E+04  4.5538880E-02  0.0000000E+00  9.2111823E+02  4.0967241E+05  1.7680791E+01  5.3211044E+05  1.7280000E+05  0.0000000E+00  0.0000000E+00  4.0042610E+06 -1.4141738E+00
     1.0510000E+03    237.9746721  3.5728029E+08 -7.1232000E+04  0.0000000E+00  3.4234759E+04  4.5426793E-02  0.0000000E+00  9.1850128E+02  4.0467931E+05  1.7671835E+01  5.3119331E+05  1.7280000E+05  0.0000000E+00  0.0000000E+00  3.9896605E+06 -1.3711689E+00
     1.0520000E+03    237.9551083  3.5721571E+08 -6.4576000E+04  0.0000000E+00  3.3825458E+04  4.5315094E-02  0.0000000E+00  2.2692297E+03  3.9636381E+05  1.7663658E+01  5.3492981E+05  1.7280000E+05  0.0000000E+00  0.0000000E+00  3.9786662E+06 -2.0428869E-01
     1.0530000E+03    237.9385353  3.5716099E+08 -5.4720000E+04  0.0000000E+00  2.9063509E+04  4.5203798E-02  0.0000000E+00  2.6696116E+03  3.9227234E+05  1.7656626E+01  5.4542769E+05  1.7280000E+05  0.0000000E+00  0.0000000E+00  3.9676690E+06  1.4581773E+00
     1.0540000E+03    237.9251105  3.5711667E+08 -4.4320000E+04  0.0000000E+00  3.0831063E+04  4.5092888E-02  0.0000000E+00  9.1152191E+02  3.9390806E+05  1.7650871E+01  5.4668288E+05  1.7280000E+05  0.0000000E+00  0.0000000E+00  3.9554165E+06 -9.4423038E-01
     1.0550000E+03    237.9132410  3.5707747E+08 -3.9200000E+04  0.0000000E+00  3.0506067E+04  4.4982363E-02  0.0000000E+00  1.4637024E+03  3.8954050E+05  1.7645882E+01  5.4894344E+05  1.7280000E+05  0.0000000E+00  0.0000000E+00  3.9482975E+06 -5.4936695E-01
     1.0560000E+03    237.9012903  3.5703802E+08 -3.9456000E+04  0.0000000E+00  3.2135942E+04  4.4872228E-02  0.0000000E+00  9.0665277E+02  3.8953666E+05  1.7640995E+01  5.5304112E+05  1.7280000E+05  0.0000000E+00  0.0000000E+00  3.9389465E+06 -1.8275110E-01
     1.0570000E+03    237.8854374  3.5698570E+08 -5.2320000E+04  0.0000000E+00  4.2715260E+04  4.4762477E-02  0.0000000E+00  9.5367389E+02  3.8596041E+05  1.7634822E+01  5.4798281E+05  1.7280000E+05  0.0000000E+00  0.0000000E+00  3.9275310E+06 -3.9360374E-02
     1.0580000E+03    237.8711752  3.5693862E+08 -4.7072000E+04  0.0000000E+00  3.8293023E+04  4.4653106E-02  0.0000000E+00  9.2359747E+02  3.8279828E+05  1.7628851E+01  5.4661762E+05  1.7280000E+05  0.0000000E+00  0.0000000E+00  3.9165200E+06  1.1858931E-01
     1.0590000E+03    237.8598531  3.5690125E+08 -3.7376000E+04  0.0000000E+00  3.4162520E+04  4.4544119E-02  0.0000000E+00  8.9786084E+02  3.8020572E+05  1.7623974E+01  5.4068325E+05  1.7280000E+05  0.0000000E+00  0.0000000E+00  3.9076192E+06 -1.4013876E+00
     1.0600000E+03    237.8476482  3.5686096E+08 -4.0288000E+04  0.0000000E+00  3.7117221E+04  4.4435516E-02  0.0000000E+00  1.5425670E+03  3.7486478E+05  1.7619048E+01  5.3627956E+05  1.7280000E+05  0.0000000E+00  0.0000000E+00  3.9001765E+06 -1.1438854E+00
     1.0610000E+03    237.8356364  3.5682128E+08 -3.9680000E+04  0.0000000E+00  3.3542976E+04  4.4327285E-02  0.0000000E+00  1.8073253E+03  3.7118138E+05  1.7614113E+01  5.3580931E+05  1.7280000E+05  0.0000000E+00  0.0000000E+00  3.8917965E+06 -4.2475265E-02
     1.0620000E+03    237.8234061  3.5678093E+08 -4.0352000E+04  0.0000000E+00  3.6739454E+04  4.4219431E-02  0.0000000E+00  1.9170022E+03  3.6836578E+05  1.7609122E+01  5.3003419E+05  1.7280000E+05  0.0000000E+00  0.0000000E+00  3.8827322E+06 -9.7238320E-01
     1.0630000E+03    237.8111790  3.5674054E+08 -4.0384000E+04  0.0000000E+00  2.9409064E+04  4.4111956E-02  0.0000000E+00  1.1876196E+03  3.6786762E+05  1.7604115E+01  5.2868919E+05  1.7280000E+05  0.0000000E+00  0.0000000E+00  3.8718078E+06  2.9216656E-02
     1.0640000E+03    237.7989477  3.5670016E+08 -4.0384000E+04  0.0000000E+00  2.8825169E+04  4.4004850E-02  0.0000000E+00  1.3056321E+03  3.6444991E+05  1.7599106E+01  5.2679031E+05  1.7280000E+05  0.0000000E+00  0.0000000E+00  3.8628140E+06  4.2171761E-01
     1.0650000E+03    237.7887032  3.5666637E+08 -3.3792000E+04  0.0000000E+00  2.8455788E+04  4.3898117E-02  0.0000000E+00  1.7188315E+03  3.6099088E+05  1.7594748E+01  5.2077653E+05  1.7280000E+05  0.0000000E+00  0.0000000E+00  3.8556852E+06 -1.0629956E+00
     1.0660000E+03    237.7750762  3.5662138E+08 -4.4992000E+04  0.0000000E+00  3.3265890E+04  4.3791756E-02  0.0000000E+00  1.4101027E+03  3.5872241E+05  1.7589445E+01  5.1865022E+05  1.7280000E+05  0.0000000E+00  0.0000000E+00  3.8454890E+06  4.3643314E-02
     1.0670000E+03    237.7600439  3.5657174E+08 -4.9632000E+04  0.0000000E+00  3.5332295E+04  4.3685760E-02  0.0000000E+00  1.5497477E+03  3.5512659E+05  1.7583404E+01  5.1486709E+05  1.7280000E+05  0.0000000E+00  0.0000000E+00  3.8344790E+06  4.9219838E-01
     1.0680000E+03    237.7481091  3.5653235E+08 -3.9392000E+04  0.0000000E+00  3.2022759E+04  4.3580133E-02  0.0000000E+00  2.1162981E+03  3.5150294E+05  1.7578262E+01  5.0632188E+05  1.7280000E+05  0.0000000E+00  0.0000000E+00  3.8259210E+06 -1.5301760E+00
     1.0690000E+03    237.7355626  3.5649091E+08 -4.1440000E+04  0.0000000E+00  2.8262605E+04  4.3474868E-02  0.0000000E+00  2.3707493E+03  3.4856153E+05  1.7573174E+01  5.0605362E+05  1.7280000E+05  0.0000000E+00  0.0000000E+00  3.8169525E+06  4.0520716E-02
     1.0700000E+03    237.7238047  3.5645210E+08 -3.8816000E+04  0.0000000E+00  2.8222974E+04  4.3369967E-02  0.0000000E+00  2.3639795E+03  3.4611316E+05  1.7568295E+01  5.0047175E+05  1.7280000E+05  0.0000000E+00  0.0000000E+00  3.8079320E+06 -1.0055504E+00
     1.0710000E+03    237.7086318  3.5640202E+08 -5.0080000E+04  0.0000000E+00  3.7431405E+04  4.3265428E-02  0.0000000E+00  8.7831787E+02  3.4601619E+05  1.7562361E+01  4.9725644E+05  1.7280000E+05  0.0000000E+00  0.0000000E+00  3.7947918E+06 -1.4472189E+00
     1.0720000E+03    237.6941950  3.5635437E+08 -4.7648000E+04  0.0000000E+00  3.4403489E+04  4.3161251E-02  0.0000000E+00  2.5343806E+03  3.3970531E+05  1.7556388E+01  4.9018509E+05  1.7280000E+05  0.0000000E+00  0.0000000E+00  3.7861328E+06 -1.1992188E+00
     1.0730000E+03    237.6779713  3.5630080E+08 -5.3568000E+04  0.0000000E+00  3.0073528E+04  4.3057427E-02  0.0000000E+00  9.5132239E+02  3.3855381E+05  1.7549890E+01  4.8693947E+05  1.7280000E+05  0.0000000E+00  0.0000000E+00  3.7718875E+06  2.5683590E-03
     1.0740000E+03    237.6599207  3.5624122E+08 -5.9584000E+04  0.0000000E+00  3.6817552E+04  4.2953964E-02  0.0000000E+00  9.0888550E+02  3.3475403E+05  1.7542648E+01  4.8316588E+05  1.7280000E+05  0.0000000E+00  0.0000000E+00  3.7587940E+06 -1.3416412E-01
     1.0750000E+03    237.6448171  3.5619136E+08 -4.9856000E+04  0.0000000E+00  3.3167079E+04  4.2850863E-02  0.0000000E+00  8.7509808E+02  3.3135728E+05  1.7536221E+01  4.7631544E+05  1.7280000E+05  0.0000000E+00  0.0000000E+00  3.7473090E+06 -1.9159762E+00
     1.0760000E+03    237.6309925  3.5614573E+08 -4.5632000E+04  0.0000000E+00  2.7720537E+04  4.2748105E-02  0.0000000E+00  2.4077200E+03  3.2589781E+05  1.7530455E+01  4.7235397E+05  1.7280000E+05  0.0000000E+00  0.0000000E+00  3.7388120E+06 -1.1477478E+00
     1.0770000E+03    237.6164114  3.5609757E+08 -4.8160000E+04  0.0000000E+00  2.8484221E+04  4.2645700E-02  0.0000000E+00  3.1126199E+03  3.2199716E+05  1.7524546E+01  4.7231791E+05  1.7280000E+05  0.0000000E+00  0.0000000E+00  3.7289938E+06  5.5734161E-02
     1.0780000E+03    237.6022335  3.5605078E+08 -4.6784000E+04  0.0000000E+00  3.0558056E+04  4.2543653E-02  0.0000000E+00  3.1925576E+03  3.1882150E+05  1.7518706E+01  4.6717731E+05  1.7280000E+05  0.0000000E+00  0.0000000E+00  3.7185890E+06 -9.6576321E-01
     1.0790000E+03    237.5883940  3.5600509E+08 -4.5696000E+04  0.0000000E+00  2.7230363E+04  4.2441949E-02  0.0000000E+00  3.1398477E+03  3.1570825E+05  1.7513011E+01  4.6568078E+05  1.7280000E+05  0.0000000E+00  0.0000000E+00  3.7083755E+06 -2.4032070E-01
     1.0800000E+03    237.5757834  3.5596346E+08 -4.1632000E+04  0.0000000E+00  2.4369304E+04  4.2340599E-02  0.0000000E+00  2.9324634E+03  3.1303594E+05  1.7507746E+01  4.6267716E+05  1.7280000E+05  0.0000000E+00  0.0000000E+00  3.6987020E+06 -5.8427298E-01
     1.0810000E+03    237.5635953  3.5592323E+08 -4.0224000E+04  0.0000000E+00  2.2411427E+04  4.2239591E-02  0.0000000E+00  2.8000432E+03  3.1036691E+05  1.7502720E+01  4.6184684E+05  1.7280000E+05  0.0000000E+00  0.0000000E+00  3.6895770E+06 -1.4337662E-01
     1.0820000E+03    237.5508729  3.5588122E+08 -4.2016000E+04  0.0000000E+00  2.6117433E+04  4.2138927E-02  0.0000000E+00  8.8057855E+02  3.1019216E+05  1.7497554E+01  4.5899159E+05  1.7280000E+05  0.0000000E+00  0.0000000E+00  3.6778932E+06 -1.4218208E+00
     1.0830000E+03    237.5372475  3.5583622E+08 -4.4992000E+04  0.0000000E+00  2.9146160E+04  4.2038612E-02  0.0000000E+00  8.8084644E+02  3.0718116E+05  1.7492048E+01  4.5507403E+05  1.7280000E+05  0.0000000E+00  0.0000000E+00  3.6679255E+06 -1.6101326E+00
     1.0840000E+03    237.5231078  3.5578957E+08 -4.6656000E+04  0.0000000E+00  3.0885760E+04  4.1938633E-02  0.0000000E+00  2.4438943E+03  3.0189225E+05  1.7486299E+01  4.5079850E+05  1.7280000E+05  0.0000000E+00  0.0000000E+00  3.6595858E+06 -1.1268024E+00
     1.0850000E+03    237.5076046  3.5573837E+08 -5.1200000E+04  0.0000000E+00  3.3937589E+04  4.1838996E-02  0.0000000E+00  3.2154973E+03  2.9792441E+05  1.7480062E+01  4.4765816E+05  1.7280000E+05  0.0000000E+00  0.0000000E+00  3.6493278E+06 -5.1632398E-01
     1.0860000E+03    237.4925119  3.5568854E+08 -4.9824000E+04  0.0000000E+00  3.2953147E+04  4.1739702E-02  0.0000000E+00  3.3249348E+03  2.9474244E+05  1.7473848E+01  4.4321931E+05  1.7280000E+05  0.0000000E+00  0.0000000E+00  3.6388472E+06 -8.2810652E-01
     1.0870000E+03    237.4767456  3.5563651E+08 -5.2032000E+04  0.0000000E+00  3.2848582E+04  4.1640740E-02  0.0000000E+00  3.6051970E+03  2.9280672E+05  1.7467446E+01  4.4073803E+05  1.7280000E+05  0.0000000E+00  0.0000000E+00  3.6280675E+06 -4.2078525E-01
     1.0880000E+03    237.4599298  3.5558099E+08 -5.5520000E+04  0.0000000E+00  3.6411808E+04  4.1542113E-02  0.0000000E+00  3.7416414E+03  2.9040144E+05  1.7460646E+01  4.3699128E+05  1.7280000E+05  0.0000000E+00  0.0000000E+00  3.6167690E+06 -6.7604929E-01
     1.0890000E+03    237.4447801  3.5553098E+08 -5.0016000E+04  0.0000000E+00  2.9246017E+04  4.1443825E-02  0.0000000E+00  3.5256248E+03  2.8840112E+05  1.7454305E+01  4.3516847E+05  1.7280000E+05  0.0000000E+00  0.0000000E+00  3.6059142E+06 -3.5772201E-01
     1.0900000E+03    237.4323465  3.5548992E+08 -4.1056000E+04  0.0000000E+00  1.9683881E+04  4.1345865E-02  0.0000000E+00  3.0323103E+03  2.8697472E+05  1.7448991E+01  4.3541788E+05  1.7280000E+05  0.0000000E+00  0.0000000E+00  3.5964782E+06  6.2959353E-03
     1.0910000E+03    237.4181669  3.5544314E+08 -4.6784000E+04  0.0000000E+00  2.3179114E+04  4.1248247E-02  0.0000000E+00  9.4482391E+02  2.8747525E+05  1.7443327E+01  4.3571734E+05  1.7280000E+05  0.0000000E+00  0.0000000E+00  3.5841180E+06 -5.2937418E-03
     1.0920000E+03    237.4038300  3.5539581E+08 -4.7328000E+04  0.0000000E+00  2.5777835E+04  4.1150950E-02  0.0000000E+00  9.2659827E+02  2.8551594E+05  1.7437468E+01  4.3463259E+05  1.7280000E+05  0.0000000E+00  0.0000000E+00  3.5742815E+06 -2.5283447E-01
     1.0930000E+03    237.3897456  3.5534931E+08 -4.6496000E+04  0.0000000E+00  2.9682586E+04  4.1053984E-02  0.0000000E+00  8.9587158E+02  2.8375706E+05  1.7431680E+01  4.3225291E+05  1.7280000E+05  0.0000000E+00  0.0000000E+00  3.5646175E+06 -1.3598324E+00
     1.0940000E+03    237.3761913  3.5530454E+08 -4.4768000E+04  0.0000000E+00  2.7868540E+04  4.0957347E-02  0.0000000E+00  2.5396416E+03  2.7939281E+05  1.7426086E+01  4.2992966E+05  1.7280000E+05  0.0000000E+00  0.0000000E+00  3.5570825E+06 -5.9186900E-01
     1.0950000E+03    237.3638219  3.5526371E+08 -4.0832000E+04  0.0000000E+00  2.3360271E+04  4.0861029E-02  0.0000000E+00  2.8029932E+03  2.7734916E+05  1.7420923E+01  4.2977416E+05  1.7280000E+05  0.0000000E+00  0.0000000E+00  3.5487658E+06 -2.4846796E-02
     1.0960000E+03    237.3794209  3.5531520E+08  5.1488000E+04  0.0000000E+00  2.1884923E+04  4.0765040E-02  0.0000000E+00  9.0724274E+02  3.2975441E+05  1.7425020E+01  4.1949031E+05  1.7280000E+04  0.0000000E+00  0.0000000E+00  3.5387058E+06 -6.4670923E-03
     1.0970000E+03    237.3872117  3.5534093E+08  2.5728000E+04  0.0000000E+00  2.0062787E+04  4.0669382E-02  0.0000000E+00  8.8316119E+02  3.5056578E+05  1.7428850E+01  4.1276353E+05  1.7280000E+04  0.0000000E+00  0.0000000E+00  3.5390392E+06 -1.7602581E-03
     1.0980000E+03    237.4093535  3.5541402E+08  7.3088000E+04  3.9120838E+04  9.3026049E+03  2.0016312E+02  0.0000000E+00  8.8638757E+02  3.6272362E+05  1.7436743E+01  4.2237319E+05  1.7280000E+04  0.0000000E+00  0.0000000E+00  3.5493672E+06  3.6513910E-02
     1.0990000E+03    237.4754804  3.5563232E+08  2.1830400E+05  1.3975886E+05  8.6949930E+03  1.6749474E+03  0.0000000E+00  8.7230225E+02  3.7445697E+05  1.7460221E+01  4.7644509E+05  1.7280000E+04  0.0000000E+00  0.0000000E+00  3.5883465E+06 -3.6363566E-04
     1.1000000E+03    237.5349041  3.5582851E+08  1.9619200E+05  1.1183698E+05  7.6155953E+03  1.4127792E+03  0.0000000E+00  8.6519055E+02  3.8661475E+05  1.7485105E+01  4.9358281E+05  1.7280000E+04  0.0000000E+00  0.0000000E+00  3.6296960E+06 -3.6356477E-03
     1.1010000E+03    237.5714372  3.5594912E+08  1.2060800E+05  4.7538527E+04  6.9089043E+03  3.8420566E+02  0.0000000E+00  8.7053552E+02  3.9330412E+05  1.7501941E+01  4.9128919E+05  1.7280000E+04  0.0000000E+00  0.0000000E+00  3.6581035E+06  3.6363083E-01
     1.1020000E+03    237.5848540  3.5599341E+08  4.4288000E+04  0.0000000E+00  1.6938362E+04  9.1387882E+00  0.0000000E+00  1.1088562E+03  3.9538859E+05  1.7509329E+01  4.7443697E+05  1.7280000E+04  0.0000000E+00  0.0000000E+00  3.6714610E+06  3.4538594E-01
     1.1030000E+03    237.5925901  3.5601894E+08  2.5536000E+04  0.0000000E+00  1.9339421E+04  4.4612792E-01  0.0000000E+00  8.6290417E+02  3.9955566E+05  1.7512962E+01  4.6086850E+05  1.7280000E+04  0.0000000E+00  0.0000000E+00  3.6767282E+06  7.1063975E-04
     1.1040000E+03    237.5984818  3.5603840E+08  1.9456000E+04  0.0000000E+00  2.0877547E+04  6.1031956E-02  0.0000000E+00  8.6303204E+02  4.0323656E+05  1.7515526E+01  4.5342547E+05  1.7280000E+04  0.0000000E+00  0.0000000E+00  3.6799275E+06 -1.4482123E+00
     1.1050000E+03    237.6237381  3.5612176E+08  8.3360000E+04  5.8737875E+04  1.4666806E+04  4.5693652E+02  0.0000000E+00  9.5961011E+02  4.0689609E+05  1.7524283E+01  4.6227825E+05  1.7280000E+04  0.0000000E+00  0.0000000E+00  3.6967482E+06  4.0621266E-02
     1.1060000E+03    237.6303648  3.5614365E+08  2.1888000E+04  8.3913749E+03  1.8954502E+04  6.1887352E+01  0.0000000E+00  9.1035040E+02  4.1173775E+05  1.7528523E+01  4.5751453E+05  1.7280000E+04  0.0000000E+00  0.0000000E+00  3.7020758E+06 -6.4248562E-01
     1.1070000E+03    237.6324056  3.5615037E+08  6.7200000E+03  0.0000000E+00  1.8635971E+04  9.9593103E-01  0.0000000E+00  1.1358828E+03  4.0851897E+05  1.7529734E+01  4.5140972E+05  1.7280000E+04  0.0000000E+00  0.0000000E+00  3.7055920E+06  3.0364278E-01
     1.1080000E+03    237.6335109  3.5615402E+08  3.6480000E+03  0.0000000E+00  2.0521798E+04  7.5434990E-02  0.0000000E+00  8.8518127E+02  4.1042069E+05  1.7530263E+01  4.4356403E+05  1.7280000E+04  0.0000000E+00  0.0000000E+00  3.7055605E+06 -1.6595461E+00
     1.1090000E+03    237.6309589  3.5614560E+08 -8.4160000E+03  0.0000000E+00  2.1276368E+04  5.3792551E-02  0.0000000E+00  9.4774579E+02  4.1030322E+05  1.7529518E+01  4.3810503E+05  1.7280000E+04  0.0000000E+00  0.0000000E+00  3.7042035E+06 -3.1373423E-01
     1.1100000E+03    237.6277993  3.5613517E+08 -1.0432000E+04  0.0000000E+00  2.0440039E+04  5.3672809E-02  0.0000000E+00  1.0546227E+03  4.0981725E+05  1.7528274E+01  4.3378369E+05  1.7280000E+04  0.0000000E+00  0.0000000E+00  3.7020990E+06 -5.1042628E-01
     1.1110000E+03    237.6243169  3.5612368E+08 -1.1488000E+04  0.0000000E+00  1.9401081E+04  5.3563509E-02  0.0000000E+00  1.1277118E+03  4.0920506E+05  1.7526874E+01  4.3223012E+05  1.7280000E+04  0.0000000E+00  0.0000000E+00  3.6997702E+06 -2.3722892E-01
     1.1120000E+03    237.6202240  3.5611018E+08 -1.3504000E+04  0.0000000E+00  2.0452106E+04  5.3455546E-02  0.0000000E+00  1.1729420E+03  4.0877941E+05  1.7525248E+01  4.2944066E+05  1.7280000E+04  0.0000000E+00  0.0000000E+00  3.6969790E+06 -5.4002649E-01
     1.1130000E+03    237.6153726  3.5609414E+08 -1.6032000E+04  0.0000000E+00  2.0924916E+04  5.3347994E-02  0.0000000E+00  1.2137725E+03  4.0803931E+05  1.7523323E+01  4.2790400E+05  1.7280000E+04  0.0000000E+00  0.0000000E+00  3.6938878E+06 -2.4916711E-01
     1.1140000E+03    237.6116741  3.5608195E+08 -1.2192000E+04  0.0000000E+00  1.5965695E+04  5.3240765E-02  0.0000000E+00  1.1660336E+03  4.0791622E+05  1.7521714E+01  4.2676241E+05  1.7280000E+04  0.0000000E+00  0.0000000E+00  3.6908580E+06 -2.4002422E-01
     1.1150000E+03    237.6076829  3.5606877E+08 -1.3184000E+04  0.0000000E+00  1.6030888E+04  5.3133842E-02  0.0000000E+00  1.1595138E+03  4.0757250E+05  1.7520104E+01  4.2675084E+05  1.7280000E+04  0.0000000E+00  0.0000000E+00  3.6879845E+06  4.3887414E-02
     1.1160000E+03    237.6039603  3.5605648E+08 -1.2288000E+04  0.0000000E+00  1.6643923E+04  5.3027239E-02  0.0000000E+00  1.4641444E+03  4.0574559E+05  1.7518557E+01  4.2597378E+05  1.7280000E+04  0.0000000E+00  0.0000000E+00  3.6860060E+06  8.8557312E-03
     1.1170000E+03    237.5989908  3.5604006E+08 -1.6416000E+04  0.0000000E+00  1.7299230E+04  5.2920945E-02  0.0000000E+00  8.8918286E+02  4.0795962E+05  1.7516624E+01  4.2520666E+05  1.7280000E+04  0.0000000E+00  0.0000000E+00  3.6810702E+06 -1.0048155E-02
     1.1180000E+03    237.5937651  3.5602282E+08 -1.7248000E+04  0.0000000E+00  1.8257101E+04  5.2814957E-02  0.0000000E+00  8.7596216E+02  4.0741516E+05  1.7514505E+01  4.2432925E+05  1.7280000E+04  0.0000000E+00  0.0000000E+00  3.6773952E+06 -1.1659938E-01
     1.1190000E+03    237.5893741  3.5600832E+08 -1.4496000E+04  0.0000000E+00  1.6872288E+04  5.2709285E-02  0.0000000E+00  8.6361609E+02  4.0695184E+05  1.7512639E+01  4.2311756E+05  1.7280000E+04  0.0000000E+00  0.0000000E+00  3.6741985E+06 -5.9947330E-01
     1.1200000E+03    237.5868496  3.5600000E+08 -8.3200000E+03  0.0000000E+00  1.3711015E+04  5.2603908E-02  0.0000000E+00  8.6017731E+02  4.0707538E+05  1.7511452E+01  4.2354306E+05  1.7280000E+04  0.0000000E+00  0.0000000E+00  3.6720682E+06 -1.2236456E+00
     1.1210000E+03    237.5844551  3.5599210E+08 -7.9040000E+03  0.0000000E+00  1.2647557E+04  5.2498836E-02  0.0000000E+00  8.6038055E+02  4.0682828E+05  1.7510461E+01  4.2273575E+05  1.7280000E+04  0.0000000E+00  0.0000000E+00  3.6703605E+06 -1.2072980E+00
     1.1220000E+03    237.5819401  3.5598378E+08 -8.3200000E+03  0.0000000E+00  1.2621155E+04  5.2394073E-02  0.0000000E+00  8.6082947E+02  4.0667172E+05  1.7509440E+01  4.2306056E+05  1.7280000E+04  0.0000000E+00  0.0000000E+00  3.6685648E+06 -9.9611390E-01
     1.1230000E+03    237.5795199  3.5597578E+08 -8.0000000E+03  0.0000000E+00  1.2687593E+04  5.2289609E-02  0.0000000E+00  8.6157159E+02  4.0646672E+05  1.7508442E+01  4.2266172E+05  1.7280000E+04  0.0000000E+00  0.0000000E+00  3.6668195E+06 -1.1292126E+00
     1.1240000E+03    237.5765342  3.5596592E+08 -9.8560000E+03  0.0000000E+00  1.5200458E+04  5.2185446E-02  0.0000000E+00  8.6236859E+02  4.0624197E+05  1.7507265E+01  4.2254016E+05  1.7280000E+04  0.0000000E+00  0.0000000E+00  3.6647780E+06 -1.2493449E+00
     1.1250000E+03    237.5736539  3.5595642E+08 -9.5040000E+03  0.0000000E+00  1.5009838E+04  5.2081581E-02  0.0000000E+00  8.6325525E+02  4.0597431E+05  1.7506077E+01  4.2169859E+05  1.7280000E+04  0.0000000E+00  0.0000000E+00  3.6627182E+06 -1.4182091E+00
     1.1260000E+03    237.5690065  3.5594109E+08 -1.5328000E+04  0.0000000E+00  1.6203354E+04  5.1978018E-02  0.0000000E+00  1.1522567E+03  4.0380881E+05  1.7504319E+01  4.1967534E+05  1.7280000E+04  0.0000000E+00  0.0000000E+00  3.6604645E+06 -2.6388624E-01
     1.1270000E+03    237.5644150  3.5592592E+08 -1.5168000E+04  0.0000000E+00  1.5553892E+04  5.1874757E-02  0.0000000E+00  1.1988499E+03  4.0298634E+05  1.7502434E+01  4.1806816E+05  1.7280000E+04  0.0000000E+00  0.0000000E+00  3.6574058E+06 -3.2183710E-01
     1.1280000E+03    237.5618646  3.5591750E+08 -8.4160000E+03  0.0000000E+00  1.3141440E+04  5.1771790E-02  0.0000000E+00  8.6668878E+02  4.0476494E+05  1.7501222E+01  4.1797456E+05  1.7280000E+04  0.0000000E+00  0.0000000E+00  3.6543808E+06 -1.8259403E+00
     1.1290000E+03    237.5739560  3.5595741E+08  3.9904000E+04  4.2348100E+04  1.1287795E+04  2.7193579E+02  0.0000000E+00  8.6628833E+02  4.0589634E+05  1.7504974E+01  4.3096984E+05  1.7280000E+04  0.0000000E+00  0.0000000E+00  3.6605135E+06  1.4865705E-02
     1.1300000E+03    237.5737466  3.5595674E+08 -6.7200000E+02  0.0000000E+00  8.5397787E+03  4.3541827E+00  0.0000000E+00  8.7658887E+02  4.0591731E+05  1.7505896E+01  4.3018931E+05  1.7280000E+04  0.0000000E+00  0.0000000E+00  3.6622788E+06 -2.8589736E-03
     1.1310000E+03    237.6323590  3.5615021E+08  1.9347200E+05  1.4966924E+05  4.4287155E+03  2.0209630E+03  0.0000000E+00  8.6310455E+02  4.1331062E+05  1.7525082E+01  4.7596662E+05  1.7280000E+04  0.0000000E+00  0.0000000E+00  3.6945045E+06  1.7600873E-03
     1.1320000E+03    237.6399747  3.5617536E+08  2.5152000E+04  0.0000000E+00  9.5066976E+03  3.4062550E+01  0.0000000E+00  8.6426587E+02  4.1531309E+05  1.7532377E+01  4.6636444E+05  1.7280000E+04  0.0000000E+00  0.0000000E+00  3.7074898E+06 -1.3977680E-03
     1.1330000E+03    237.6455047  3.5619363E+08  1.8272000E+04  0.0000000E+00  9.0161091E+03  2.1378071E+00  0.0000000E+00  8.8192261E+02  4.1583097E+05  1.7534813E+01  4.6038291E+05  1.7280000E+04  0.0000000E+00  0.0000000E+00  3.7117458E+06  1.8435636E-01
     1.1340000E+03    237.6506217  3.5621053E+08  1.6896000E+04  0.0000000E+00  8.0768632E+03  1.5286441E-01  0.0000000E+00  8.7055164E+02  4.1840041E+05  1.7536942E+01  4.5685869E+05  1.7280000E+04  0.0000000E+00  0.0000000E+00  3.7150408E+06 -6.4260811E-01
     1.1350000E+03    237.6543906  3.5622294E+08  1.2416000E+04  0.0000000E+00  8.0461040E+03  8.8946037E-02  0.0000000E+00  8.7374640E+02  4.1929878E+05  1.7538596E+01  4.5347056E+05  1.7280000E+04  0.0000000E+00  0.0000000E+00  3.7176335E+06 -5.9734422E-01
     1.1360000E+03    237.6562649  3.5622915E+08  6.2080000E+03  0.0000000E+00  9.9657700E+03  8.8639267E-02  0.0000000E+00  8.7582416E+02  4.1883906E+05  1.7539519E+01  4.5116825E+05  1.7280000E+04  0.0000000E+00  0.0000000E+00  3.7199102E+06 -5.8892202E-02
     1.1370000E+03    237.6644976  3.5625632E+08  2.7168000E+04  1.9770493E+04  5.0143962E+03  1.3080011E+02  0.0000000E+00  8.7796973E+02  4.2561822E+05  1.7542370E+01  4.5428397E+05  1.7280000E+04  0.0000000E+00  0.0000000E+00  3.7226792E+06 -7.3542842E-03
     1.1380000E+03    237.6693846  3.5627245E+08  1.6128000E+04  0.0000000E+00  9.7643984E+03  1.8059491E+00  0.0000000E+00  8.8008984E+02  4.2744131E+05  1.7544645E+01  4.5292525E+05  9.9999997E-06  0.0000000E+00  0.0000000E+00  3.7268158E+06  1.0046255E-01
     1.1390000E+03    237.6741330  3.5628813E+08  1.5680000E+04  0.0000000E+00  1.1648657E+04  1.6521156E-01  0.0000000E+00  8.8047302E+02  4.3424778E+05  1.7546601E+01  4.5458241E+05  9.9999997E-06  0.0000000E+00  0.0000000E+00  3.7280000E+06 -1.3460889E+00
     1.1400000E+03    237.6783272  3.5630198E+08  1.3856000E+04  0.0000000E+00  8.9680411E+03  2.6980795E-02  0.0000000E+00  8.8272980E+02  4.3287741E+05  1.7548364E+01  4.5071869E+05  9.9999997E-06  0.0000000E+00  0.0000000E+00  3.7320792E+06 -9.1176915E-01
     1.1410000E+03    237.6807215  3.5630989E+08  7.9040000E+03  0.0000000E+00  1.0039916E+04  2.6902854E-02  0.0000000E+00  8.8461523E+02  4.3315284E+05  1.7549492E+01  4.5140312E+05  9.9999997E-06  0.0000000E+00  0.0000000E+00  3.7344538E+06  2.5945178E-01
     1.1420000E+03    237.6827219  3.5631648E+08  6.5920000E+03  0.0000000E+00  1.1714018E+04  2.6831487E-02  0.0000000E+00  8.8645105E+02  4.3381966E+05  1.7550343E+01  4.4946406E+05  9.9999997E-06  0.0000000E+00  0.0000000E+00  3.7360612E+06 -3.9807186E-01
     1.1430000E+03    237.6876230  3.5633267E+08  1.6192000E+04  1.1298599E+04  9.8456555E+03  7.0652054E+01  0.0000000E+00  8.8708411E+02  4.3598431E+05  1.7552113E+01  4.5224444E+05  9.9999997E-06  0.0000000E+00  0.0000000E+00  3.7387455E+06  5.2986991E-01
     1.1440000E+03    237.7131758  3.5641702E+08  8.4352000E+04  5.9324457E+04  4.0839905E+03  5.0394928E+02  0.0000000E+00  8.8834351E+02  4.4347822E+05  1.7560886E+01  4.7595403E+05  9.9999997E-06  0.0000000E+00  0.0000000E+00  3.7531718E+06  8.8303095E-01
     1.1450000E+03    237.7466480  3.5652752E+08  1.1049600E+05  5.9333382E+04  4.3475764E+03  5.7011987E+02  0.0000000E+00  8.8804462E+02  4.4762656E+05  1.7573945E+01  5.0242203E+05  9.9999997E-06  0.0000000E+00  0.0000000E+00  3.7791698E+06  1.2888095E-01
     1.1460000E+03    237.7827900  3.5664685E+08  1.1932800E+05  5.6517163E+04  3.8058612E+03  5.6980231E+02  0.0000000E+00  8.8829974E+02  4.5640275E+05  1.7588527E+01  5.2161841E+05  9.9999997E-06  0.0000000E+00  0.0000000E+00  3.8057542E+06  6.8097273E-03
     1.1470000E+03    237.7938573  3.5668336E+08  3.6512000E+04  0.0000000E+00  7.5857602E+03  1.3028316E+00  0.0000000E+00  8.9073596E+02  4.5492341E+05  1.7595113E+01  5.1545062E+05  1.7280000E+04  0.0000000E+00  0.0000000E+00  3.8200168E+06  4.6299198E-03
     1.1480000E+03    237.8040546  3.5671702E+08  3.3664000E+04  0.0000000E+00  8.3908215E+03  1.4410156E-01  0.0000000E+00  8.9376288E+02  4.5616697E+05  1.7599361E+01  5.0688938E+05  1.7280000E+04  0.0000000E+00  0.0000000E+00  3.8279880E+06 -1.5235031E+00
     1.1490000E+03    237.8151780  3.5675376E+08  3.6736000E+04  1.6957616E+04  9.7235848E+03  1.2803372E+02  0.0000000E+00  8.9895837E+02  4.6128969E+05  1.7603840E+01  5.1249016E+05  1.7280000E+04  0.0000000E+00  0.0000000E+00  3.8349575E+06  1.0232108E+00
     1.1500000E+03    237.8229429  3.5677939E+08  2.5632000E+04  0.0000000E+00  7.1675744E+03  6.5819776E-01  0.0000000E+00  9.1218744E+02  4.6285534E+05  1.7607295E+01  5.0412778E+05  1.7280000E+04  0.0000000E+00  0.0000000E+00  3.8417678E+06 -1.5665818E+00
     1.1510000E+03    237.8277270  3.5679517E+08  1.5776000E+04  0.0000000E+00  8.1188827E+03  6.2415201E-02  0.0000000E+00  9.0781128E+02  4.6303897E+05  1.7609498E+01  5.0254791E+05  1.7280000E+04  0.0000000E+00  0.0000000E+00  3.8460370E+06 -1.5407261E-01
     1.1520000E+03    237.8352398  3.5681997E+08  2.4800000E+04  0.0000000E+00  7.1512620E+03  6.2244020E-02  0.0000000E+00  9.1435095E+02  4.6727434E+05  1.7612352E+01  4.9567062E+05  9.9999997E-06  0.0000000E+00  0.0000000E+00  3.8507745E+06 -5.3529352E-01
     1.1530000E+03    237.8404511  3.5683718E+08  1.7216000E+04  0.0000000E+00  7.1678001E+03  1.5486377E+00  0.0000000E+00  9.1209747E+02  4.7173922E+05  1.7614674E+01  4.9379181E+05  9.9999997E-06  0.0000000E+00  0.0000000E+00  3.8533052E+06 -2.9010949E-01
     1.1540000E+03    237.8446468  3.5685104E+08  1.3856000E+04  0.0000000E+00  6.7615900E+03  6.2022157E-02  0.0000000E+00  9.1452124E+02  4.7388903E+05  1.7616476E+01  4.9181466E+05  9.9999997E-06  0.0000000E+00  0.0000000E+00  3.8562272E+06 -3.6429742E-01
     1.1550000E+03    237.8477025  3.5686112E+08  1.0080000E+04  0.0000000E+00  7.6359362E+03  6.1915033E-02  0.0000000E+00  9.1499225E+02  4.7477619E+05  1.7617820E+01  4.9169200E+05  9.9999997E-06  0.0000000E+00  0.0000000E+00  3.8585190E+06  1.9754589E-02
     1.1560000E+03    237.8497771  3.5686797E+08  6.8480000E+03  0.0000000E+00  1.0332276E+04  6.1808228E-02  0.0000000E+00  9.1676587E+02  4.7524556E+05  1.7618750E+01  4.9054078E+05  9.9999997E-06  0.0000000E+00  0.0000000E+00  3.8602532E+06 -2.0060225E-01
     1.1570000E+03    237.8513503  3.5687315E+08  5.1840000E+03  0.0000000E+00  1.0483774E+04  6.1701674E-02  0.0000000E+00  9.3798187E+02  4.7563588E+05  1.7619436E+01  4.9036497E+05  9.9999997E-06  0.0000000E+00  0.0000000E+00  3.8617028E+06 -3.7209727E-03
     1.1580000E+03    237.8521906  3.5687594E+08  2.7840000E+03  0.0000000E+00  1.0861056E+04  6.1595388E-02  0.0000000E+00  1.0554519E+03  4.7534434E+05  1.7619840E+01  4.9027244E+05  9.9999997E-06  0.0000000E+00  0.0000000E+00  3.8626800E+06  4.7237417E-01
     1.1590000E+03    237.8545355  3.5688368E+08  7.7440000E+03  0.0000000E+00  7.4356543E+03  6.1489347E-02  0.0000000E+00  9.5630701E+02  4.7645366E+05  1.7620677E+01  4.9025162E+05  9.9999997E-06  0.0000000E+00  0.0000000E+00  3.8640540E+06 -9.0173103E-02
     1.1600000E+03    237.8563299  3.5688960E+08  5.9200000E+03  0.0000000E+00  7.9182313E+03  6.1383564E-02  0.0000000E+00  9.2557745E+02  4.7729731E+05  1.7621457E+01  4.9196322E+05  9.9999997E-06  0.0000000E+00  0.0000000E+00  3.8652848E+06  3.5214582E-01
     1.1610000E+03    237.8592632  3.5689930E+08  9.6960000E+03  0.0000000E+00  4.9570060E+03  6.1278034E-02  0.0000000E+00  9.2879822E+02  4.7844212E+05  1.7622565E+01  4.9280522E+05  9.9999997E-06  0.0000000E+00  0.0000000E+00  3.8671588E+06  1.2584582E-01
     1.1620000E+03    237.8619697  3.5690822E+08  8.9280000E+03  0.0000000E+00  5.5818518E+03  6.1172761E-02  0.0000000E+00  9.3032886E+02  4.7924481E+05  1.7623692E+01  4.9516003E+05  9.9999997E-06  0.0000000E+00  0.0000000E+00  3.8691182E+06  4.6727875E-01
     1.1630000E+03    237.8652888  3.5691917E+08  1.0944000E+04  0.0000000E+00  4.9784852E+03  6.1067726E-02  0.0000000E+00  9.3229315E+02  4.8030841E+05  1.7625001E+01  4.9619553E+05  9.9999997E-06  0.0000000E+00  0.0000000E+00  3.8713080E+06  1.7688482E-01
     1.1640000E+03    237.8694316  3.5693286E+08  1.3696000E+04  0.0000000E+00  4.7011941E+03  6.0962960E-02  0.0000000E+00  9.3340295E+02  4.8053744E+05  1.7626630E+01  4.9778800E+05  9.9999997E-06  0.0000000E+00  0.0000000E+00  3.8747692E+06 -4.6274576E-02
     1.1650000E+03    237.8733781  3.5694589E+08  1.3024000E+04  0.0000000E+00  5.2906446E+03  6.0858432E-02  0.0000000E+00  9.3430725E+02  4.8176869E+05  1.7628262E+01  4.9919638E+05  9.9999997E-06  0.0000000E+00  0.0000000E+00  3.8776002E+06  5.9546931E-03
     1.1660000E+03    237.8754853  3.5695283E+08  6.9440000E+03  0.0000000E+00  6.3149891E+03  6.0754154E-02  0.0000000E+00  1.0782728E+03  4.8165588E+05  1.7629276E+01  4.9924100E+05  9.9999997E-06  0.0000000E+00  0.0000000E+00  3.8797700E+06  1.0766811E+00
     1.1670000E+03    237.8788751  3.5696403E+08  1.1200000E+04  0.0000000E+00  6.4320491E+03  6.0650121E-02  0.0000000E+00  9.3632593E+02  4.8404434E+05  1.7630559E+01  5.0041800E+05  9.9999997E-06  0.0000000E+00  0.0000000E+00  3.8814110E+06 -6.7747742E-02
     1.1680000E+03    237.8777810  3.5696042E+08 -3.6160000E+03  0.0000000E+00  4.0298634E+03  6.0546346E-02  0.0000000E+00  1.0091370E+03  4.8267091E+05  1.7630478E+01  5.0055875E+05  1.7280000E+04  0.0000000E+00  0.0000000E+00  3.8819402E+06  2.3522520E-01
     1.1690000E+03    237.8777699  3.5696038E+08 -3.2000000E+01  0.0000000E+00  6.0091392E+03  6.0442813E-02  0.0000000E+00  9.3926129E+02  4.7906419E+05  1.7630385E+01  5.0371681E+05  1.7280000E+04  0.0000000E+00  0.0000000E+00  3.8830522E+06  4.5916167E-01
     1.1700000E+03    237.8864850  3.5698915E+08  2.8768000E+04  2.3214978E+04  7.0613715E+03  1.6171553E+02  0.0000000E+00  9.3898102E+02  4.7998641E+05  1.7633239E+01  5.0872384E+05  1.7280000E+04  0.0000000E+00  0.0000000E+00  3.8884420E+06 -1.3865061E-02
     1.1710000E+03    237.8888485  3.5699696E+08  7.8080000E+03  0.0000000E+00  4.3377682E+03  4.1228423E-01  0.0000000E+00  9.4034613E+02  4.7966975E+05  1.7634727E+01  5.1504322E+05  1.7280000E+04  0.0000000E+00  0.0000000E+00  3.8916308E+06  1.3315942E+00
     1.1720000E+03    237.8921379  3.5700781E+08  1.0848000E+04  0.0000000E+00  5.6652942E+03  7.1619250E-02  0.0000000E+00  9.4102057E+02  4.7959712E+05  1.7635999E+01  5.1226606E+05  1.7280000E+04  0.0000000E+00  0.0000000E+00  3.8944012E+06 -3.9141115E-02
     1.1730000E+03    237.8942758  3.5701488E+08  7.0720000E+03  0.0000000E+00  5.9988905E+03  7.1390331E-02  0.0000000E+00  9.4125818E+02  4.8218212E+05  1.7636968E+01  5.1163497E+05  1.7280000E+04  0.0000000E+00  0.0000000E+00  3.8953180E+06  5.0114491E-03
     1.1740000E+03    237.8954693  3.5701882E+08  3.9360000E+03  0.0000000E+00  6.3113474E+03  7.1218602E-02  0.0000000E+00  1.0553507E+03  4.7905291E+05  1.7637535E+01  5.1159112E+05  1.7280000E+04  0.0000000E+00  0.0000000E+00  3.8977288E+06  1.1798943E+00
     1.1750000E+03    237.8978801  3.5702678E+08  7.9680000E+03  0.0000000E+00  6.2092920E+03  7.1053095E-02  0.0000000E+00  9.5173474E+02  4.7983372E+05  1.7638422E+01  5.1034931E+05  1.7280000E+04  0.0000000E+00  0.0000000E+00  3.8994180E+06 -1.4668460E-03
     1.1760000E+03    237.9000243  3.5703386E+08  7.0720000E+03  0.0000000E+00  5.7983990E+03  7.0888706E-02  0.0000000E+00  9.6213116E+02  4.8033362E+05  1.7639322E+01  5.1021912E+05  1.7280000E+04  0.0000000E+00  0.0000000E+00  3.9010218E+06  1.3295797E-01
     1.1770000E+03    237.9010832  3.5703734E+08  3.4880000E+03  0.0000000E+00  7.4241183E+03  7.0724942E-02  0.0000000E+00  9.9762085E+02  4.8055572E+05  1.7639845E+01  5.1022047E+05  1.7280000E+04  0.0000000E+00  0.0000000E+00  3.9019742E+06  4.7977316E-01
     1.1780000E+03    237.9027920  3.5704298E+08  5.6320000E+03  0.0000000E+00  4.4684709E+03  7.0561722E-02  0.0000000E+00  1.0048666E+03  4.8093869E+05  1.7640491E+01  5.0967966E+05  1.7280000E+04  0.0000000E+00  0.0000000E+00  3.9031178E+06  4.5973825E-01
     1.1790000E+03    237.9047858  3.5704957E+08  6.5920000E+03  0.0000000E+00  4.6410293E+03  7.0399061E-02  0.0000000E+00  9.4666138E+02  4.8221450E+05  1.7641284E+01  5.0983681E+05  1.7280000E+04  0.0000000E+00  0.0000000E+00  3.9042012E+06  7.5068492E-03
     1.1800000E+03    237.9069647  3.5705677E+08  7.2000000E+03  0.0000000E+00  3.3691687E+03  7.0236944E-02  0.0000000E+00  9.4833026E+02  4.8300641E+05  1.7642162E+01  5.1029259E+05  1.7280000E+04  0.0000000E+00  0.0000000E+00  3.9056538E+06  7.1938917E-02
     1.1810000E+03    237.9086783  3.5706243E+08  5.6640000E+03  0.0000000E+00  4.8836813E+03  7.0075370E-02  0.0000000E+00  9.4956860E+02  4.8340778E+05  1.7642901E+01  5.1061175E+05  1.7280000E+04  0.0000000E+00  0.0000000E+00  3.9070212E+06  6.0256701E-02
     1.1820000E+03    237.9095066  3.5706515E+08  2.7200000E+03  0.0000000E+00  6.0460864E+03  6.9914334E-02  0.0000000E+00  1.0056739E+03  4.8282022E+05  1.7643313E+01  5.1060178E+05  1.7280000E+04  0.0000000E+00  0.0000000E+00  3.9081520E+06  5.3235388E-01
     1.1830000E+03    237.9107550  3.5706928E+08  4.1280000E+03  0.0000000E+00  6.3016005E+03  6.9753841E-02  0.0000000E+00  9.5157190E+02  4.8354406E+05  1.7643790E+01  5.1020109E+05  1.7280000E+04  0.0000000E+00  0.0000000E+00  3.9088570E+06 -2.3195121E-02
     1.1840000E+03    237.9110032  3.5707008E+08  8.0000000E+02  0.0000000E+00  8.5663681E+03  6.9593892E-02  0.0000000E+00  9.8011603E+02  4.8338334E+05  1.7643974E+01  5.1008256E+05  1.7280000E+04  0.0000000E+00  0.0000000E+00  3.9093258E+06  1.9867912E-01
     1.1850000E+03    237.9111547  3.5707059E+08  5.1200000E+02  0.0000000E+00  8.9484998E+03  6.9434471E-02  0.0000000E+00  1.0001197E+03  4.8336778E+05  1.7644043E+01  5.0862525E+05  1.7280000E+04  0.0000000E+00  0.0000000E+00  3.9095038E+06 -9.8209381E-02
     1.1860000E+03    237.9115545  3.5707190E+08  1.3120000E+03  0.0000000E+00  6.5313407E+03  6.9275588E-02  0.0000000E+00  1.0113612E+03  4.8346300E+05  1.7644187E+01  5.0830341E+05  1.7280000E+04  0.0000000E+00  0.0000000E+00  3.9097718E+06  1.3956863E-01
     1.1870000E+03    237.9122435  3.5707418E+08  2.2720000E+03  0.0000000E+00  5.4374797E+03  6.9117233E-02  0.0000000E+00  9.5434021E+02  4.8396128E+05  1.7644445E+01  5.0798031E+05  1.7280000E+04  0.0000000E+00  0.0000000E+00  3.9100602E+06 -6.6192183E-03
     1.1880000E+03    237.9125575  3.5707523E+08  1.0560000E+03  0.0000000E+00  5.8360232E+03  6.8959400E-02  0.0000000E+00  9.7607971E+02  4.8399900E+05  1.7644605E+01  5.0795350E+05  1.7280000E+04  0.0000000E+00  0.0000000E+00  3.9103635E+06  1.4559355E-01
     1.1890000E+03    237.9127593  3.5707590E+08  6.7200000E+02  0.0000000E+00  6.5031836E+03  6.8802096E-02  0.0000000E+00  9.6929895E+02  4.8411834E+05  1.7644696E+01  5.0776722E+05  1.7280000E+04  0.0000000E+00  0.0000000E+00  3.9105065E+06  2.8581833E-02
     1.1900000E+03    237.9127893  3.5707600E+08  9.6000000E+01  0.0000000E+00  7.0885797E+03  6.8645321E-02  0.0000000E+00  9.6566510E+02  4.8419050E+05  1.7644723E+01  5.0767756E+05  1.7280000E+04  0.0000000E+00  0.0000000E+00  3.9105350E+06 -5.7935985E-03
     1.1910000E+03    237.9125864  3.5707533E+08 -6.7200000E+02  0.0000000E+00  8.1479676E+03  6.8489060E-02  0.0000000E+00  9.6113171E+02  4.8421372E+05  1.7644659E+01  5.0731056E+05  1.7280000E+04  0.0000000E+00  0.0000000E+00  3.9103998E+06 -1.4040628E-01
     1.1920000E+03    237.9117149  3.5707245E+08 -2.8800000E+03  0.0000000E+00  9.6427949E+03  6.8333313E-02  0.0000000E+00  1.0340911E+03  4.8374703E+05  1.7644357E+01  5.0590097E+05  1.7280000E+04  0.0000000E+00  0.0000000E+00  3.9100018E+06 -1.7081754E-01
     1.1930000E+03    237.9112894  3.5707104E+08 -1.4080000E+03  0.0000000E+00  7.2233339E+03  6.8178102E-02  0.0000000E+00  1.0105551E+03  4.8377772E+05  1.7644146E+01  5.0468409E+05  1.7280000E+04  0.0000000E+00  0.0000000E+00  3.9095335E+06 -2.3529471E-01
     1.1940000E+03    237.9099122  3.5706650E+08 -4.5440000E+03  0.0000000E+00  9.4934163E+03  6.8023391E-02  0.0000000E+00  1.0535045E+03  4.8333297E+05  1.7643660E+01  5.0380500E+05  1.7280000E+04  0.0000000E+00  0.0000000E+00  3.9087395E+06 -1.4143007E-01
     1.1950000E+03    237.9086914  3.5706246E+08 -4.0320000E+03  0.0000000E+00  7.2330492E+03  6.7869186E-02  0.0000000E+00  9.7925171E+02  4.8339800E+05  1.7643147E+01  5.0277641E+05  1.7280000E+04  0.0000000E+00  0.0000000E+00  3.9075465E+06 -2.7759802E-02
     1.1960000E+03    237.9074664  3.5705843E+08 -4.0320000E+03  0.0000000E+00  6.7618860E+03  6.7715503E-02  0.0000000E+00  1.0285642E+03  4.8291109E+05  1.7642646E+01  5.0245369E+05  1.7280000E+04  0.0000000E+00  0.0000000E+00  3.9067165E+06  1.0724241E-01
     1.1970000E+03    237.9065355  3.5705536E+08 -3.0720000E+03  0.0000000E+00  7.0155177E+03  6.7562327E-02  0.0000000E+00  1.2558145E+03  4.8175947E+05  1.7642240E+01  5.0196481E+05  1.7280000E+04  0.0000000E+00  0.0000000E+00  3.9064485E+06  4.3478195E-02
     1.1980000E+03    237.9052883  3.5705123E+08 -4.1280000E+03  0.0000000E+00  7.4976833E+03  6.7409649E-02  0.0000000E+00  1.0824390E+03  4.8221012E+05  1.7641756E+01  5.0003959E+05  1.7280000E+04  0.0000000E+00  0.0000000E+00  3.9052202E+06 -3.4622407E-01
     1.1990000E+03    237.9038201  3.5704637E+08 -4.8640000E+03  0.0000000E+00  6.6842033E+03  6.7257479E-02  0.0000000E+00  1.0777312E+03  4.8190178E+05  1.7641172E+01  5.0018984E+05  1.7280000E+04  0.0000000E+00  0.0000000E+00  3.9041348E+06  4.9023129E-02
     1.2000000E+03    237.9029636  3.5704355E+08 -2.8160000E+03  0.0000000E+00  6.9146011E+03  6.7105807E-02  0.0000000E+00  9.5939172E+02  4.8239222E+05  1.7640772E+01  5.0019556E+05  1.7280000E+04  0.0000000E+00  0.0000000E+00  3.9030352E+06 -5.1982123E-01
     1.2010000E+03    237.9017371  3.5703952E+08 -4.0320000E+03  0.0000000E+00  7.8914943E+03  6.6954635E-02  0.0000000E+00  9.5917572E+02  4.8211009E+05  1.7640300E+01  4.9897516E+05  1.7280000E+04  0.0000000E+00  0.0000000E+00  3.9021468E+06 -6.5697175E-01
     1.2020000E+03    237.9005565  3.5703562E+08 -3.9040000E+03  0.0000000E+00  5.1740711E+03  6.6803955E-02  0.0000000E+00  1.0350017E+03  4.8141703E+05  1.7639812E+01  4.9831153E+05  1.7280000E+04  0.0000000E+00  0.0000000E+00  3.9014195E+06 -1.2664007E-01
     1.2030000E+03    237.8994094  3.5703181E+08 -3.8080000E+03  0.0000000E+00  4.7647675E+03  6.6653781E-02  0.0000000E+00  1.0476519E+03  4.8108053E+05  1.7639340E+01  4.9863253E+05  1.7280000E+04  0.0000000E+00  0.0000000E+00  3.9005720E+06  6.8631090E-02
     1.2040000E+03    237.8987474  3.5702963E+08 -2.1760000E+03  0.0000000E+00  5.0517147E+03  6.6504084E-02  0.0000000E+00  9.6119269E+02  4.8143928E+05  1.7639029E+01  4.9866138E+05  1.7280000E+04  0.0000000E+00  0.0000000E+00  3.8997250E+06 -3.9500692E-01
     1.2050000E+03    237.8971470  3.5702435E+08 -5.2800000E+03  0.0000000E+00  6.5612686E+03  6.6354886E-02  0.0000000E+00  1.0776487E+03  4.8049641E+05  1.7638450E+01  4.9769506E+05  1.7280000E+04  0.0000000E+00  0.0000000E+00  3.8989465E+06 -5.9983753E-02
     1.2060000E+03    237.9049992  3.5705027E+08  2.5920000E+04  2.3634452E+04  3.4627026E+03  1.4988579E+02  0.0000000E+00  9.6130933E+02  4.8315444E+05  1.7640892E+01  5.0481438E+05  1.7280000E+04  0.0000000E+00  0.0000000E+00  3.9027472E+06 -5.1888596E-02
     1.2070000E+03    238.0539146  3.5754189E+08  4.9161600E+05  3.2519105E+05  1.0266315E+04  8.6913369E+03  0.0000000E+00  9.5104895E+02  5.0271228E+05  1.7690323E+01  6.8705094E+05  1.7280000E+04  0.0000000E+00  0.0000000E+00  3.9978605E+06 -7.7675126E-04
     1.2080000E+03    238.1026297  3.5770269E+08  1.6080000E+05  1.1827713E+04  8.7577268E+03  1.5516458E+02  0.0000000E+00  1.0001290E+03  5.1787584E+05  1.7718480E+01  6.9071519E+05  1.7280000E+04  0.0000000E+00  0.0000000E+00  4.0442360E+06 -1.4680476E-01
     1.2090000E+03    238.1635873  3.5790394E+08  2.0124800E+05  5.9154745E+04  6.1632299E+03  6.6662201E+02  0.0000000E+00  9.5015601E+02  5.3543481E+05  1.7742440E+01  6.9940906E+05  1.7280000E+04  0.0000000E+00  0.0000000E+00  4.0819992E+06  4.8343777E-03
     1.2100000E+03    238.2189073  3.5808656E+08  1.8262400E+05  5.3252481E+04  8.7027181E+03  6.2885321E+02  0.0000000E+00  1.3274608E+03  5.5054506E+05  1.7765557E+01  7.0444888E+05  1.7280000E+04  0.0000000E+00  0.0000000E+00  4.1231365E+06  6.4264141E-02
     1.2110000E+03    238.2526821  3.5819805E+08  1.1148800E+05  0.0000000E+00  9.1200514E+03  9.4844532E+00  0.0000000E+00  1.1061577E+03  5.6019138E+05  1.7781153E+01  6.9651062E+05  1.7280000E+04  0.0000000E+00  0.0000000E+00  4.1470160E+06 -6.7505702E-02
     1.2120000E+03    238.2803236  3.5828931E+08  9.1264000E+04  0.0000000E+00  1.0825844E+04  1.0933492E-01  0.0000000E+00  1.1019487E+03  5.6726506E+05  1.7792976E+01  6.9477194E+05  1.7280000E+04  0.0000000E+00  0.0000000E+00  4.1647928E+06  1.3251411E+00
     1.2130000E+03    238.3049117  3.5837050E+08  8.1184000E+04  0.0000000E+00  1.2063196E+04  7.7317126E-02  0.0000000E+00  9.8859100E+02  5.8286900E+05  1.7803295E+01  6.8498381E+05  1.7280000E+04  0.0000000E+00  0.0000000E+00  4.1771692E+06 -1.0848103E+00
     1.2140000E+03    238.3263192  3.5844115E+08  7.0656000E+04  0.0000000E+00  9.3883517E+03  7.7170752E-02  0.0000000E+00  1.3752987E+03  5.8056831E+05  1.7812322E+01  6.7656269E+05  1.7280000E+04  0.0000000E+00  0.0000000E+00  4.1969000E+06  4.0656370E-03
     1.2150000E+03    238.3452677  3.5850371E+08  6.2560000E+04  0.0000000E+00  8.0411136E+03  7.7033147E-02  0.0000000E+00  1.2274635E+03  5.8726469E+05  1.7820284E+01  6.7156762E+05  1.7280000E+04  0.0000000E+00  0.0000000E+00  4.2090185E+06 -3.5202950E-01
     1.2160000E+03    238.3596285  3.5855110E+08  4.7392000E+04  0.0000000E+00  1.0594521E+04  7.6896712E-02  0.0000000E+00  9.9948663E+02  5.9690131E+05  1.7826541E+01  6.6852331E+05  1.7280000E+04  0.0000000E+00  0.0000000E+00  4.2161640E+06 -3.9770859E-01
     1.2170000E+03    238.3717514  3.5859114E+08  4.0032000E+04  0.0000000E+00  1.1122041E+04  7.6760679E-02  0.0000000E+00  1.2227902E+03  5.9585394E+05  1.7831689E+01  6.6705938E+05  1.7280000E+04  0.0000000E+00  0.0000000E+00  4.2262970E+06  5.9502363E-01
     1.2180000E+03    238.3827061  3.5862730E+08  3.6160000E+04  0.0000000E+00  1.0881308E+04  7.6624982E-02  0.0000000E+00  1.0027344E+03  6.0364019E+05  1.7836270E+01  6.5921775E+05  1.7280000E+04  0.0000000E+00  0.0000000E+00  4.2317050E+06 -1.1751754E+00
     1.2190000E+03    238.3907587  3.5865389E+08  2.6592000E+04  0.0000000E+00  9.4969075E+03  7.6489620E-02  0.0000000E+00  1.0033328E+03  6.0645781E+05  1.7839806E+01  6.5878781E+05  1.7280000E+04  0.0000000E+00  0.0000000E+00  4.2369855E+06 -8.0802068E-03
     1.2200000E+03    238.3978650  3.5867734E+08  2.3456000E+04  0.0000000E+00  1.0203228E+04  7.6354556E-02  0.0000000E+00  1.0061671E+03  6.0879338E+05  1.7842794E+01  6.5398081E+05  1.7280000E+04  0.0000000E+00  0.0000000E+00  4.2416645E+06 -7.2724718E-01
     1.2210000E+03    238.4042026  3.5869827E+08  2.0928000E+04  0.0000000E+00  8.2251472E+03  7.6219834E-02  0.0000000E+00  1.1087047E+03  6.0811756E+05  1.7845452E+01  6.5303162E+05  1.7280000E+04  0.0000000E+00  0.0000000E+00  4.2474735E+06 -6.5458044E-02
     1.2220000E+03    238.4088682  3.5871366E+08  1.5392000E+04  0.0000000E+00  9.2091850E+03  7.6085426E-02  0.0000000E+00  1.0781720E+03  6.1017194E+05  1.7847500E+01  6.5052412E+05  1.7280000E+04  0.0000000E+00  0.0000000E+00  4.2506825E+06 -7.1918860E-02
     1.2230000E+03    238.4120854  3.5872429E+08  1.0624000E+04  0.0000000E+00  1.0847631E+04  7.5951338E-02  0.0000000E+00  1.0156575E+03  6.1257488E+05  1.7848936E+01  6.4711969E+05  1.7280000E+04  0.0000000E+00  0.0000000E+00  4.2522740E+06 -4.9510291E-01
     1.2240000E+03    238.4216535  3.5875587E+08  3.1584000E+04  3.2323813E+04  1.5131268E+04  2.8455286E+02  0.0000000E+00  1.0187908E+03  6.1774475E+05  1.7852334E+01  6.4941356E+05  1.7280000E+04  0.0000000E+00  0.0000000E+00  4.2563845E+06  1.8780909E-01
     1.2250000E+03    238.4249597  3.5876678E+08  1.0912000E+04  5.8771437E+03  1.0771415E+04  5.6694080E+01  0.0000000E+00  1.0757814E+03  6.1610931E+05  1.7854201E+01  6.4808362E+05  1.7280000E+04  0.0000000E+00  0.0000000E+00  4.2606800E+06  4.0070631E-04
     1.2260000E+03    238.4252073  3.5876762E+08  8.3200000E+02  0.0000000E+00  1.0698462E+04  1.8669309E-01  0.0000000E+00  1.2354176E+03  6.1608494E+05  1.7854553E+01  6.4381162E+05  1.7280000E+04  0.0000000E+00  0.0000000E+00  4.2614105E+06  2.0773672E-02
     1.2270000E+03    238.4240060  3.5876365E+08 -3.9680000E+03  0.0000000E+00  1.2358658E+04  5.6964479E-02  0.0000000E+00  1.0514354E+03  6.1683000E+05  1.7854179E+01  6.3989162E+05  1.7280000E+04  0.0000000E+00  0.0000000E+00  4.2605860E+06 -2.4369223E-01
     1.2280000E+03    238.4218726  3.5875661E+08 -7.0400000E+03  0.0000000E+00  1.4735117E+04  2.5381639E+00  0.0000000E+00  1.2782651E+03  6.1588756E+05  1.7853382E+01  6.3444106E+05  1.7280000E+04  0.0000000E+00  0.0000000E+00  4.2595610E+06 -7.9619133E-01
     1.2290000E+03    238.4216100  3.5875574E+08 -8.6400000E+02  8.8155833E+03  1.1801450E+04  6.9917130E+01  0.0000000E+00  1.1861742E+03  6.1639788E+05  1.7853121E+01  6.3264888E+05  1.7280000E+04  0.0000000E+00  0.0000000E+00  4.2587795E+06 -2.9630262E-01
     1.2300000E+03    238.4251937  3.5876755E+08  1.1808000E+04  2.6447176E+04  1.3202529E+04  2.3399150E+02  0.0000000E+00  1.0423135E+03  6.1870325E+05  1.7854274E+01  6.3931194E+05  1.7280000E+04  0.0000000E+00  0.0000000E+00  4.2599175E+06  9.0307236E-01
     1.2310000E+03    238.4808524  3.5895130E+08  1.8374400E+05  1.1757231E+05  3.9382950E+03  1.7065249E+03  0.0000000E+00  1.0436826E+03  6.2804219E+05  1.7872802E+01  7.1299462E+05  1.7280000E+04  0.0000000E+00  0.0000000E+00  4.2910555E+06  3.5370689E-02
     1.2320000E+03    238.5487649  3.5917549E+08  2.2419200E+05  7.0564843E+04  1.0577018E+04  8.8691138E+02  0.0000000E+00  1.0616290E+03  6.3718144E+05  1.7899610E+01  8.2077819E+05  1.7280000E+04  0.0000000E+00  0.0000000E+00  4.3376075E+06  4.5262378E-01
     1.2330000E+03    238.6096033  3.5937635E+08  2.0086400E+05  0.0000000E+00  1.1540742E+04  1.9222603E+00  0.0000000E+00  1.1873832E+03  6.4824962E+05  1.7925105E+01  8.7474238E+05  1.7280000E+04  0.0000000E+00  0.0000000E+00  4.3822040E+06 -2.3068294E-01
     1.2340000E+03    238.6691250  3.5957283E+08  1.9648000E+05  0.0000000E+00  1.1937750E+04  2.5746831E-01  0.0000000E+00  1.3086021E+03  6.6364094E+05  1.7949588E+01  8.9652681E+05  1.7280000E+04  0.0000000E+00  0.0000000E+00  4.4223940E+06  9.4438910E-01
     1.2350000E+03    238.7284304  3.5976973E+08  1.9689600E+05  5.8851604E+03  1.6464561E+04  5.5245300E+01  0.0000000E+00  1.7559517E+03  6.9396044E+05  1.7973893E+01  9.0629062E+05  1.7280000E+04  0.0000000E+00  0.0000000E+00  4.4631310E+06 -1.1632551E+00
     1.2360000E+03    238.7850788  3.5995802E+08  1.8828800E+05  0.0000000E+00  1.1514829E+04  1.4932659E-01  0.0000000E+00  1.3002751E+03  7.1222162E+05  1.7997309E+01  9.1631088E+05  1.7280000E+04  0.0000000E+00  0.0000000E+00  4.4987180E+06 -1.2762620E+00
     1.2370000E+03    238.8393810  3.6013850E+08  1.8048000E+05  0.0000000E+00  1.1799615E+04  5.0299458E-02  0.0000000E+00  1.1954331E+03  7.2898094E+05  1.8019740E+01  9.2534462E+05  1.7280000E+04  0.0000000E+00  0.0000000E+00  4.5347050E+06 -1.2971308E+00
     1.2380000E+03    238.8910105  3.6031011E+08  1.7161600E+05  0.0000000E+00  1.0329016E+04  5.0145779E-02  0.0000000E+00  1.1432258E+03  7.4520738E+05  1.8041102E+01  9.3310356E+05  1.7280000E+04  0.0000000E+00  0.0000000E+00  4.5693860E+06 -1.0921766E+00
     1.2390000E+03    238.9294483  3.6043789E+08  1.2777600E+05  0.0000000E+00  1.6636722E+04  5.0030995E-02  0.0000000E+00  1.3745176E+03  7.5100219E+05  1.8057924E+01  9.0806250E+05  1.7280000E+04  0.0000000E+00  0.0000000E+00  4.6001155E+06 -3.6021596E-01
     1.2400000E+03    238.9550582  3.6052301E+08  8.5120000E+04  0.0000000E+00  1.8250155E+04  4.9920414E-02  0.0000000E+00  1.1916947E+03  7.6385256E+05  1.8069462E+01  8.7623881E+05  1.7280000E+04  0.0000000E+00  0.0000000E+00  4.6172805E+06 -8.0806249E-01
     1.2410000E+03    238.9694287  3.6057078E+08  4.7776000E+04  0.0000000E+00  1.9780005E+04  4.9810573E-02  0.0000000E+00  2.5688174E+03  7.6703325E+05  1.8076268E+01  8.6575719E+05  1.7280000E+04  0.0000000E+00  0.0000000E+00  4.6288450E+06  1.8931540E+00
     1.2420000E+03    238.9805972  3.6060790E+08  3.7120000E+04  0.0000000E+00  1.8002819E+04  4.9701113E-02  0.0000000E+00  1.0636733E+03  7.8147544E+05  1.8081104E+01  8.4112894E+05  1.7280000E+04  0.0000000E+00  0.0000000E+00  4.6329110E+06 -1.3896612E+00
     1.2430000E+03    238.9845573  3.6062106E+08  1.3152000E+04  0.0000000E+00  1.3801526E+04  4.9592011E-02  0.0000000E+00  2.5003276E+03  7.7651362E+05  1.8083316E+01  8.3294625E+05  1.7280000E+04  0.0000000E+00  0.0000000E+00  4.6386085E+06  1.7573160E+00
     1.2440000E+03    238.9852131  3.6062323E+08  2.1760000E+03  0.0000000E+00  1.2511063E+04  4.9483240E-02  0.0000000E+00  3.1238162E+03  7.7598394E+05  1.8083855E+01  8.2389762E+05  1.7280000E+04  0.0000000E+00  0.0000000E+00  4.6399170E+06  2.3037415E+00
     1.2450000E+03    238.9887990  3.6063517E+08  1.1936000E+04  0.0000000E+00  1.1346868E+04  4.9374823E-02  0.0000000E+00  1.3278529E+03  7.8425956E+05  1.8085084E+01  7.9741538E+05  1.7280000E+04  0.0000000E+00  0.0000000E+00  4.6389680E+06 -3.2103710E+00
     1.2460000E+03    238.9994169  3.6067046E+08  3.5296000E+04  3.2408430E+04  1.4133915E+04  2.7884976E+02  0.0000000E+00  1.0794913E+03  7.8755875E+05  1.8088856E+01  8.2172838E+05  1.7280000E+04  0.0000000E+00  0.0000000E+00  4.6448345E+06  1.4124861E-01
     1.2470000E+03    239.0183151  3.6073328E+08  6.2816000E+04  3.5357696E+04  9.4663100E+03  3.3225479E+02  0.0000000E+00  1.5454720E+03  7.9124031E+05  1.8095917E+01  8.4740069E+05  1.7280000E+04  0.0000000E+00  0.0000000E+00  4.6572290E+06  4.3129316E-01
     1.2480000E+03    239.0767005  3.6092736E+08  1.9408000E+05  1.2482683E+05  7.7027676E+03  1.8859435E+03  0.0000000E+00  1.0575675E+03  8.1146088E+05  1.8116593E+01  8.9351919E+05  8.6400000E+03  0.0000000E+00  0.0000000E+00  4.6901435E+06 -5.9948720E-02
     1.2490000E+03    239.0928052  3.6098086E+08  5.3504000E+04  0.0000000E+00  1.2102375E+04  8.5578232E+00  0.0000000E+00  1.0929340E+03  8.1940044E+05  1.8126652E+01  8.9197738E+05  8.6400000E+03  0.0000000E+00  0.0000000E+00  4.7070365E+06 -6.5622702E-02
     1.2500000E+03    239.1050934  3.6102173E+08  4.0864000E+04  0.0000000E+00  1.4547248E+04  5.0792694E-01  0.0000000E+00  1.1706736E+03  8.2347625E+05  1.8131996E+01  8.9340938E+05  8.6400000E+03  0.0000000E+00  0.0000000E+00  4.7156965E+06  7.8639507E-01
     1.2510000E+03    239.1150981  3.6105498E+08  3.3248000E+04  0.0000000E+00  1.7930821E+04  5.7022456E-02  0.0000000E+00  1.0570741E+03  8.3050531E+05  1.8136281E+01  8.8893500E+05  8.6400000E+03  0.0000000E+00  0.0000000E+00  4.7213210E+06 -3.9340235E-02
     1.2520000E+03    239.1285717  3.6109978E+08  4.4800000E+04  2.0809391E+04  1.9990285E+04  1.9412849E+02  0.0000000E+00  1.1099652E+03  8.3247356E+05  1.8141514E+01  8.8643669E+05  8.6400000E+03  0.0000000E+00  0.0000000E+00  4.7308235E+06  2.8927270E-01
     1.2530000E+03    239.1376678  3.6112998E+08  3.0208000E+04  0.0000000E+00  1.4697975E+04  1.9055526E+00  0.0000000E+00  1.0680927E+03  8.3846306E+05  1.8145598E+01  8.8702538E+05  8.6400000E+03  0.0000000E+00  0.0000000E+00  4.7372255E+06 -4.4272414E-01
     1.2540000E+03    239.1447527  3.6115354E+08  2.3552000E+04  0.0000000E+00  1.3590267E+04  6.9982097E-02  0.0000000E+00  1.0658389E+03  8.4233506E+05  1.8148664E+01  8.8400550E+05  8.6400000E+03  0.0000000E+00  0.0000000E+00  4.7416460E+06 -3.4618676E-01
     1.2550000E+03    239.1494895  3.6116928E+08  1.5744000E+04  0.0000000E+00  1.6618879E+04  6.9774337E-02  0.0000000E+00  1.0635105E+03  8.4367281E+05  1.8150796E+01  8.7975188E+05  8.6400000E+03  0.0000000E+00  0.0000000E+00  4.7451245E+06 -4.4031641E-01
     1.2560000E+03    239.1519112  3.6117734E+08  8.0640000E+03  0.0000000E+00  1.9672517E+04  6.9645546E-02  0.0000000E+00  1.0680924E+03  8.4402550E+05  1.8151978E+01  8.7367181E+05  8.6400000E+03  0.0000000E+00  0.0000000E+00  4.7475660E+06 -6.4935011E-01
     1.2570000E+03    239.1526967  3.6117994E+08  2.5920000E+03  0.0000000E+00  1.9079329E+04  6.9524907E-02  0.0000000E+00  1.0722059E+03  8.4404094E+05  1.8152433E+01  8.6688775E+05  8.6400000E+03  0.0000000E+00  0.0000000E+00  4.7486365E+06 -7.3532164E-01
     1.2580000E+03    239.1529784  3.6118090E+08  9.6000000E+02  0.0000000E+00  1.3856194E+04  6.9405340E-02  0.0000000E+00  1.0807128E+03  8.4435075E+05  1.8152590E+01  8.6163262E+05  8.6400000E+03  0.0000000E+00  0.0000000E+00  4.7489505E+06 -5.8966792E-01
     1.2590000E+03    239.1482020  3.6116502E+08 -1.5872000E+04  0.0000000E+00  2.1026368E+04  6.9286130E-02  0.0000000E+00  1.7691899E+03  8.4117981E+05  1.8151048E+01  8.5765475E+05  8.6400000E+03  0.0000000E+00  0.0000000E+00  4.7471605E+06  5.0888383E-01
     1.2600000E+03    239.1791740  3.6126797E+08  1.0294400E+05  8.3256761E+04  1.5295283E+04  9.4165149E+02  0.0000000E+00  1.0623788E+03  8.5141456E+05  1.8160804E+01  8.9363462E+05  8.6400000E+03  0.0000000E+00  0.0000000E+00  4.7623015E+06  5.9595231E-02
     1.2610000E+03    239.2196962  3.6140266E+08  1.3468800E+05  7.1376112E+04  2.0404178E+04  8.4016327E+02  0.0000000E+00  1.0871378E+03  8.6124738E+05  1.8176617E+01  9.5047850E+05  8.6400000E+03  0.0000000E+00  0.0000000E+00  4.7897705E+06 -1.1875698E-01
     1.2620000E+03    239.2421439  3.6147728E+08  7.4624000E+04  1.1897235E+04  2.2945575E+04  1.2125681E+02  0.0000000E+00  1.1878673E+03  8.6874812E+05  1.8187290E+01  9.6021850E+05  8.6400000E+03  0.0000000E+00  0.0000000E+00  4.8081300E+06 -1.5933433E-01
     1.2630000E+03    239.6586297  3.6286163E+08  1.3843520E+06  3.4567434E+05  1.6835069E+04  1.0891537E+04  0.0000000E+00  2.4898035E+04  7.2183238E+05  1.8325577E+01  1.7502352E+06  8.6400000E+03  0.0000000E+00  0.0000000E+00  5.1230890E+06  1.0085851E-03
     1.2640000E+03    239.8501891  3.6349837E+08  6.3673600E+05  5.9650929E+03  1.6118131E+04  1.4937013E+02  0.0000000E+00  1.6124568E+03  9.5071300E+05  1.8422448E+01  1.6021795E+06  8.6400000E+03  0.0000000E+00  0.0000000E+00  5.2410575E+06 -1.4405729E-01
     1.2650000E+03    239.9621671  3.6387059E+08  3.7222400E+05  0.0000000E+00  1.2601328E+04  2.7880032E+00  0.0000000E+00  1.6749120E+03  1.0611801E+06  1.8474824E+01  1.4509490E+06  8.6400000E+03  0.0000000E+00  0.0000000E+00  5.3110380E+06 -1.4024594E-01
     1.2660000E+03    240.0299457  3.6409587E+08  2.2528000E+05  0.0000000E+00  1.7324479E+04  2.0348091E-01  0.0000000E+00  2.0691633E+03  1.1180608E+06  1.8506201E+01  1.3656856E+06  8.6400000E+03  0.0000000E+00  0.0000000E+00  5.3565520E+06 -1.1469525E-01
     1.2670000E+03    240.2443174  3.6480842E+08  7.1254400E+05  0.0000000E+00  2.0729989E+04  4.5690957E-02  0.0000000E+00  1.3303181E+03  1.1039514E+06  1.8581985E+01  1.8451809E+06  8.6400000E+03  0.0000000E+00  0.0000000E+00  5.5185730E+06  3.3969466E-02
     1.2680000E+03    240.4869958  3.6562045E+08  8.1203200E+05  0.0000000E+00  2.5458814E+04  4.5570727E-02  0.0000000E+00  1.2288082E+03  1.1261229E+06  1.8679049E+01  1.9715862E+06  8.6400000E+03  0.0000000E+00  0.0000000E+00  5.6996095E+06  2.7511448E-02
     1.2690000E+03    240.6267708  3.6608838E+08  4.6793600E+05  0.0000000E+00  1.7539491E+04  4.5459323E-02  0.0000000E+00  1.2546566E+03  1.3266200E+06  1.8744719E+01  1.8174652E+06  8.6400000E+03  0.0000000E+00  0.0000000E+00  5.7734610E+06 -1.1185064E-01
     1.2700000E+03    240.7297991  3.6643328E+08  3.4489600E+05  0.0000000E+00  2.1200232E+04  4.5349143E-02  0.0000000E+00  1.0416393E+03  1.4139535E+06  1.8789921E+01  1.7897714E+06  8.6400000E+03  0.0000000E+00  0.0000000E+00  5.8393575E+06  1.1751646E-01
     1.2710000E+03    241.0391757  3.6746896E+08  1.0356800E+06  2.7881935E+05  1.6342122E+04  8.0035229E+03  0.0000000E+00  1.0328245E+03  1.4159220E+06  1.8899717E+01  2.1887520E+06  8.6400000E+03  0.0000000E+00  0.0000000E+00  6.0644470E+06  1.9179461E-04
     1.2720000E+03    241.2471664  3.6816525E+08  6.9628800E+05  6.0014317E+03  1.6664890E+04  2.1991832E+02  0.0000000E+00  9.9809485E+02  1.5670664E+06  1.8993199E+01  2.2814312E+06  8.6400000E+03  0.0000000E+00  0.0000000E+00  6.2234100E+06 -1.2015813E-03
     1.2730000E+03    241.4343843  3.6879197E+08  6.2672000E+05  6.0062175E+03  1.9909647E+04  1.0233322E+02  0.0000000E+00  9.3866602E+02  1.7097881E+06  1.9071570E+01  2.3580448E+06  8.6400000E+03  0.0000000E+00  0.0000000E+00  6.3560025E+06  6.3950999E-04
     1.2740000E+03    241.6526936  3.6952278E+08  7.3081600E+05  1.4428316E+05  2.2293935E+04  3.2649983E+03  0.0000000E+00  8.4578522E+02  1.8695718E+06  1.9158427E+01  2.4829465E+06  8.6400000E+03  0.0000000E+00  0.0000000E+00  6.5039465E+06 -9.5008609E-06
     1.2750000E+03    241.8051748  3.7003325E+08  5.1046400E+05  0.0000000E+00  2.1519514E+04  2.7228903E+01  0.0000000E+00  8.9081750E+02  2.0061092E+06  1.9226263E+01  2.5458270E+06  8.6400000E+03  0.0000000E+00  0.0000000E+00  6.6359295E+06 -2.7486065E-04
     1.2760000E+03    241.9404788  3.7048838E+08  4.5513600E+05  0.0000000E+00  2.3867942E+04  4.5008311E+00  0.0000000E+00  6.7183698E+02  2.1198425E+06  1.9283080E+01  2.6068135E+06  8.6400000E+03  0.0000000E+00  0.0000000E+00  6.7328780E+06 -6.1361701E-04
     1.2770000E+03    242.0614721  3.7089606E+08  4.0768000E+05  0.0000000E+00  2.5516768E+04  2.9608926E-01  0.0000000E+00  6.0503430E+02  2.2248322E+06  1.9333802E+01  2.6663748E+06  8.6400000E+03  0.0000000E+00  0.0000000E+00  6.8181145E+06  1.0939339E-02
     1.2780000E+03    242.2382407  3.7149165E+08  5.9558400E+05  1.5664249E+05  2.0999807E+04  3.8109783E+03  0.0000000E+00  5.6855096E+02  2.3423748E+06  1.9401625E+01  2.8066060E+06  8.6400000E+03  0.0000000E+00  0.0000000E+00  6.9362045E+06  3.3696945E-04
     1.2790000E+03    242.3499390  3.7186800E+08  3.7635200E+05  3.0040767E+03  1.8996234E+04  9.4724869E+01  0.0000000E+00  5.8046069E+02  2.4578012E+06  1.9452698E+01  2.8581405E+06  8.6400000E+03  0.0000000E+00  0.0000000E+00  7.0256895E+06  3.7563511E-04
     1.2800000E+03    242.4442639  3.7218582E+08  3.1782400E+05  0.0000000E+00  2.3796201E+04  1.0152841E+00  0.0000000E+00  5.8723804E+02  2.5532160E+06  1.9492749E+01  2.9037122E+06  8.6400000E+03  0.0000000E+00  0.0000000E+00  7.0951445E+06  2.7708910E-02
     1.2810000E+03    242.5266236  3.7246333E+08  2.7750400E+05  9.0176204E+03  2.2558046E+04  1.5362140E+02  0.0000000E+00  5.8975104E+02  2.6412192E+06  1.9527457E+01  2.9401775E+06  8.6400000E+03  0.0000000E+00  0.0000000E+00  7.1572800E+06 -7.6272780E-05
     1.2820000E+03    242.5965956  3.7269907E+08  2.3574400E+05  0.0000000E+00  1.9125248E+04  2.9675961E-01  0.0000000E+00  5.8790863E+02  2.7130720E+06  1.9557127E+01  2.9760218E+06  8.6400000E+03  0.0000000E+00  0.0000000E+00  7.2097780E+06  3.1075621E-04
     1.2830000E+03    242.6583493  3.7290714E+08  2.0806400E+05  0.0000000E+00  1.7219433E+04  6.5854527E-02  0.0000000E+00  6.2412585E+02  2.7762328E+06  1.9583090E+01  3.0095605E+06  8.6400000E+03  0.0000000E+00  0.0000000E+00  7.2556365E+06  2.9898496E-04
     1.2840000E+03    242.7124091  3.7308931E+08  1.8217600E+05  0.0000000E+00  1.8207966E+04  6.5687127E-02  0.0000000E+00  6.5825696E+02  2.8297102E+06  1.9605859E+01  3.0404735E+06  8.6400000E+03  0.0000000E+00  0.0000000E+00  7.2960830E+06  7.8194574E-02
     1.2850000E+03    242.7576194  3.7324163E+08  1.5232000E+05  0.0000000E+00  2.1361898E+04  6.5565027E-02  0.0000000E+00  6.8708990E+02  2.8784890E+06  1.9625098E+01  3.0672660E+06  8.6400000E+03  0.0000000E+00  0.0000000E+00  7.3290265E+06  2.3215804E-01
     1.2860000E+03    242.7987369  3.7338016E+08  1.3852800E+05  0.0000000E+00  2.4642948E+04  6.5447740E-02  0.0000000E+00  7.1228833E+02  2.9191392E+06  1.9642272E+01  3.0907108E+06  8.6400000E+03  0.0000000E+00  0.0000000E+00  7.3600250E+06  1.4653446E-02
     1.2870000E+03    242.8088187  3.7341414E+08  3.3984000E+04  9.0262298E+03  2.8723254E+04  1.0464778E+02  0.0000000E+00  9.2397632E+02  2.9657545E+06  1.9648943E+01  3.0220338E+06  8.6400000E+03  0.0000000E+00  0.0000000E+00  7.3653295E+06 -1.6599120E-01
     1.2880000E+03    242.8855893  3.7367280E+08  2.5865600E+05  1.2640001E+05  2.5652369E+04  2.6507268E+03  0.0000000E+00  7.3971228E+02  2.9953058E+06  1.9674920E+01  3.1585095E+06  8.6400000E+03  0.0000000E+00  0.0000000E+00  7.4183405E+06  7.9828483E-04
     1.2890000E+03    242.9653121  3.7394141E+08  2.6860800E+05  1.0837206E+05  1.2595952E+04  2.4141028E+03  0.0000000E+00  7.1000940E+02  3.0580280E+06  1.9707327E+01  3.2364118E+06  8.6400000E+03  0.0000000E+00  0.0000000E+00  7.4778370E+06  4.8537774E-04
     1.2900000E+03    243.1444869  3.7454512E+08  6.0371200E+05  3.4639804E+05  2.3167398E+04  1.5322157E+04  0.0000000E+00  6.1774365E+02  3.1683462E+06  1.9772558E+01  3.4415375E+06  8.6400000E+03  0.0000000E+00  0.0000000E+00  7.5997490E+06 -2.6288978E-04
     1.2910000E+03    243.1934433  3.7471008E+08  1.6496000E+05  1.2050619E+04  9.9877967E+03  3.2039182E+02  0.0000000E+00  1.7104264E+03  3.2601950E+06  1.9803272E+01  3.4297160E+06  8.6400000E+03  0.0000000E+00  0.0000000E+00  7.6558765E+06 -1.4518856E-04
     1.2920000E+03    243.2180149  3.7479286E+08  8.2784000E+04  0.0000000E+00  2.3424716E+04  2.0320585E+00  0.0000000E+00  1.0514076E+03  3.3037180E+06  1.9815332E+01  3.4175310E+06  8.6400000E+03  0.0000000E+00  0.0000000E+00  7.6759695E+06 -5.8503745E-05
     1.2930000E+03    243.2325929  3.7484198E+08  4.9120000E+04  0.0000000E+00  2.6043489E+04  2.1996945E-01  0.0000000E+00  9.8635907E+02  3.3311392E+06  1.9822120E+01  3.4139752E+06  8.6400000E+03  0.0000000E+00  0.0000000E+00  7.6864060E+06 -2.1962178E-05
     1.2940000E+03    243.2397110  3.7486598E+08  2.4000000E+04  0.0000000E+00  2.7664497E+04  5.3892609E-02  0.0000000E+00  1.0267365E+03  3.3451630E+06  1.9825647E+01  3.4044208E+06  8.6400000E+03  0.0000000E+00  0.0000000E+00  7.6920000E+06 -1.1672474E-03
     1.2950000E+03    243.2428209  3.7487645E+08  1.0464000E+04  0.0000000E+00  2.7837279E+04  5.3747326E-02  0.0000000E+00  1.0976427E+03  3.3530575E+06  1.9827248E+01  3.3989180E+06  8.6400000E+03  0.0000000E+00  0.0000000E+00  7.6944980E+06 -8.0881975E-05
     1.2960000E+03    243.2425929  3.7487568E+08 -7.6800000E+02  0.0000000E+00  3.0071107E+04  5.3611226E-02  0.0000000E+00  1.1603378E+03  3.3567468E+06  1.9827428E+01  3.3935350E+06  8.6400000E+03  0.0000000E+00  0.0000000E+00  7.6946320E+06 -4.1231315E-04
     1.2970000E+03    243.2397671  3.7486618E+08 -9.5040000E+03  0.0000000E+00  3.2911980E+04  5.3476486E-02  0.0000000E+00  1.2030067E+03  3.3567482E+06  1.9826484E+01  3.3875820E+06  8.6400000E+03  0.0000000E+00  0.0000000E+00  7.6930600E+06 -9.1221544E-04
     1.2980000E+03    243.2352318  3.7485088E+08 -1.5296000E+04  0.0000000E+00  3.6347311E+04  5.3342313E-02  0.0000000E+00  1.2316023E+03  3.3534262E+06  1.9824767E+01  3.3818885E+06  8.6400000E+03  0.0000000E+00  0.0000000E+00  7.6904070E+06 -5.0023053E-04
     1.2990000E+03    243.2282087  3.7482720E+08 -2.3680000E+04  0.0000000E+00  4.0221870E+04  5.3208634E-02  0.0000000E+00  1.2505706E+03  3.3497285E+06  1.9822094E+01  3.3736910E+06  8.6400000E+03  0.0000000E+00  0.0000000E+00  7.6858780E+06  3.3837362E-04
     1.3000000E+03    243.2216684  3.7480518E+08 -2.2016000E+04  0.0000000E+00  3.9656915E+04  5.3075440E-02  0.0000000E+00  1.2592797E+03  3.3434130E+06  1.9819376E+01  3.3679272E+06  8.6400000E+03  0.0000000E+00  0.0000000E+00  7.6814820E+06 -1.5545165E-02
     1.3010000E+03    243.2177434  3.7479197E+08 -1.3216000E+04  0.0000000E+00  3.3082945E+04  5.2942730E-02  0.0000000E+00  1.2642760E+03  3.3388532E+06  1.9817555E+01  3.3651985E+06  8.6400000E+03  0.0000000E+00  0.0000000E+00  7.6786680E+06 -2.7132789E-02
     1.3020000E+03    243.2127573  3.7477517E+08 -1.6800000E+04  0.0000000E+00  3.3821550E+04  5.2810494E-02  0.0000000E+00  1.2550066E+03  3.3362992E+06  1.9815600E+01  3.3606772E+06  8.6400000E+03  0.0000000E+00  0.0000000E+00  7.6750625E+06 -1.4280301E-03
     1.3030000E+03    243.2422555  3.7487456E+08  9.9392000E+04  9.3407687E+04  3.1944803E+04  1.9370693E+03  0.0000000E+00  1.1858308E+03  3.3546328E+06  1.9824856E+01  3.3981078E+06  8.6400000E+03  0.0000000E+00  0.0000000E+00  7.6919705E+06  2.5753738E-04
     1.3040000E+03    243.2474654  3.7489210E+08  1.7536000E+04  1.5066021E+04  2.4670874E+04  2.9288681E+02  0.0000000E+00  1.1784375E+03  3.3657280E+06  1.9828978E+01  3.4000640E+06  8.6400000E+03  0.0000000E+00  0.0000000E+00  7.6994545E+06  1.9024755E-04
     1.3050000E+03    243.2452397  3.7488461E+08 -7.4880000E+03  0.0000000E+00  2.7052812E+04  2.3663445E+00  0.0000000E+00  1.2036196E+03  3.3667705E+06  1.9828676E+01  3.3937492E+06  8.6400000E+03  0.0000000E+00  0.0000000E+00  7.6989990E+06 -1.1682644E-03
     1.3060000E+03    243.2410765  3.7487056E+08 -1.4048000E+04  0.0000000E+00  3.1078962E+04  1.7932056E-01  0.0000000E+00  1.2267302E+03  3.3631962E+06  1.9827130E+01  3.3876248E+06  8.6400000E+03  0.0000000E+00  0.0000000E+00  7.6964665E+06 -1.0358705E-03
     1.3070000E+03    243.2337772  3.7484598E+08 -2.4576000E+04  0.0000000E+00  3.6365853E+04  3.9108824E-02  0.0000000E+00  1.2460138E+03  3.3592385E+06  1.9824397E+01  3.3783618E+06  8.6400000E+03  0.0000000E+00  0.0000000E+00  7.6913710E+06 -2.3573376E-03
     1.3080000E+03    243.2270491  3.7482330E+08 -2.2688000E+04  0.0000000E+00  3.4220295E+04  3.9042160E-02  0.0000000E+00  1.2538242E+03  3.3531050E+06  1.9821595E+01  3.3718350E+06  8.6400000E+03  0.0000000E+00  0.0000000E+00  7.6863935E+06 -6.1322413E-03
     1.3090000E+03    243.2231327  3.7481011E+08 -1.3184000E+04  0.0000000E+00  2.3954028E+04  3.8981099E-02  0.0000000E+00  1.3049734E+03  3.3505548E+06  1.9819761E+01  3.3650710E+06  8.6400000E+03  0.0000000E+00  0.0000000E+00  7.6826805E+06 -1.0666037E-01
     1.3100000E+03    243.2092310  3.7476326E+08 -4.6848000E+04  0.0000000E+00  2.6058586E+04  3.8920715E-02  0.0000000E+00  1.3573055E+03  3.3467005E+06  1.9814886E+01  3.3301232E+06  8.6400000E+03  0.0000000E+00  0.0000000E+00  7.6716240E+06 -9.1389157E-02
     1.3110000E+03    243.1989012  3.7472848E+08 -3.4784000E+04  1.7155089E+04  1.9710501E+04  2.0046725E+02  0.0000000E+00  1.3384380E+03  3.3405148E+06  1.9810363E+01  3.3132448E+06  8.6400000E+03  0.0000000E+00  0.0000000E+00  7.6621680E+06 -6.4182959E-02
     1.3120000E+03    243.1683105  3.7462541E+08 -1.0307200E+05  0.0000000E+00  2.2174559E+04  5.7978052E-01  0.0000000E+00  1.5052805E+03  3.3205192E+06  1.9799495E+01  3.2421432E+06  8.6400000E+03  0.0000000E+00  0.0000000E+00  7.6412670E+06 -1.3822773E-01
     1.3130000E+03    243.1297276  3.7449539E+08 -1.3001600E+05  0.0000000E+00  2.9975424E+04  9.8602839E-02  0.0000000E+00  1.5118453E+03  3.2895112E+06  1.9784349E+01  3.1887822E+06  8.6400000E+03  0.0000000E+00  0.0000000E+00  7.6131320E+06 -2.3545387E-01
     1.3140000E+03    243.0868404  3.7435088E+08 -1.4451200E+05  0.0000000E+00  3.3003251E+04  9.8288745E-02  0.0000000E+00  1.8038131E+03  3.2458788E+06  1.9767138E+01  3.1378575E+06  8.6400000E+03  0.0000000E+00  0.0000000E+00  7.5833270E+06 -1.0245498E-01
     1.3150000E+03    243.0355285  3.7417802E+08 -1.7286400E+05  0.0000000E+00  3.7524919E+04  9.8068230E-02  0.0000000E+00  1.8600311E+03  3.2014282E+06  1.9746815E+01  3.0675165E+06  8.6400000E+03  0.0000000E+00  0.0000000E+00  7.5462760E+06 -1.6542150E-01
     1.3160000E+03    242.9787073  3.7398656E+08 -1.9145600E+05  0.0000000E+00  4.0523248E+04  9.7857676E-02  0.0000000E+00  1.9159420E+03  3.1503868E+06  1.9723996E+01  2.9999350E+06  8.6400000E+03  0.0000000E+00  0.0000000E+00  7.5052150E+06 -1.9573726E-01
     1.3170000E+03    242.9215791  3.7379408E+08 -1.9248000E+05  0.0000000E+00  3.6251626E+04  9.7648695E-02  0.0000000E+00  2.0728169E+03  3.0952485E+06  1.9700626E+01  2.9418365E+06  8.6400000E+03  0.0000000E+00  0.0000000E+00  7.4638510E+06 -1.2006555E-01
     1.3180000E+03    242.8624669  3.7359491E+08 -1.9916800E+05  0.0000000E+00  3.4065577E+04  9.7440459E-02  0.0000000E+00  1.9106044E+03  3.0451300E+06  1.9676580E+01  2.8820348E+06  8.6400000E+03  0.0000000E+00  0.0000000E+00  7.4197090E+06 -1.5356128E-01
     1.3190000E+03    242.7911993  3.7335478E+08 -2.4012800E+05  0.0000000E+00  3.9760424E+04  9.7232863E-02  0.0000000E+00  1.8967474E+03  2.9860675E+06  1.9648390E+01  2.7894020E+06  8.6400000E+03  0.0000000E+00  0.0000000E+00  7.3682395E+06 -1.0087370E-01
     1.3200000E+03    242.7163466  3.7310256E+08 -2.5222400E+05  0.0000000E+00  4.0512878E+04  9.7025923E-02  0.0000000E+00  1.9268712E+03  2.9200545E+06  1.9618030E+01  2.7124792E+06  8.6400000E+03  0.0000000E+00  0.0000000E+00  7.3137940E+06 -8.7455422E-02
     1.3210000E+03    242.6422286  3.7285283E+08 -2.4972800E+05  0.0000000E+00  3.5529512E+04  9.6819609E-02  0.0000000E+00  1.9204706E+03  2.8542838E+06  1.9587617E+01  2.6443742E+06  8.6400000E+03  0.0000000E+00  0.0000000E+00  7.2593375E+06 -8.4527276E-02
     1.3220000E+03    242.5765710  3.7263162E+08 -2.2121600E+05  0.0000000E+00  2.9320534E+04  9.6613936E-02  0.0000000E+00  1.9899774E+03  2.7917528E+06  1.9560035E+01  2.5915042E+06  8.6400000E+03  0.0000000E+00  0.0000000E+00  7.2114170E+06 -5.3088051E-01
     1.3230000E+03    242.5123872  3.7241536E+08 -2.1625600E+05  0.0000000E+00  3.0489395E+04  9.6408896E-02  0.0000000E+00  1.9414906E+03  2.7352835E+06  1.9533630E+01  2.5427140E+06  8.6400000E+03  0.0000000E+00  0.0000000E+00  7.1643550E+06 -4.8734289E-01
     1.3240000E+03    242.4494488  3.7220330E+08 -2.1206400E+05  0.0000000E+00  3.3038709E+04  9.6204482E-02  0.0000000E+00  1.9078077E+03  2.6801828E+06  1.9507753E+01  2.4950942E+06  8.6400000E+03  0.0000000E+00  0.0000000E+00  7.1183655E+06 -4.7080493E-01
     1.3250000E+03    242.3845647  3.7198467E+08 -2.1862400E+05  0.0000000E+00  2.9044323E+04  9.6000694E-02  0.0000000E+00  1.7743639E+03  2.6275215E+06  1.9481341E+01  2.4432768E+06  8.6400000E+03  0.0000000E+00  0.0000000E+00  7.0700985E+06 -5.8156434E-02
     1.3260000E+03    242.3247268  3.7178304E+08 -2.0163200E+05  0.0000000E+00  3.1320549E+04  9.5797546E-02  0.0000000E+00  1.7922852E+03  2.5737958E+06  1.9456422E+01  2.3971892E+06  8.6400000E+03  0.0000000E+00  0.0000000E+00  7.0269065E+06 -5.0356269E-01
     1.3270000E+03    242.2598124  3.7156432E+08 -2.1872000E+05  0.0000000E+00  3.7889561E+04  9.5595002E-02  0.0000000E+00  1.7732512E+03  2.5207028E+06  1.9430254E+01  2.3426152E+06  8.6400000E+03  0.0000000E+00  0.0000000E+00  6.9799345E+06 -1.6138853E-01
     1.3280000E+03    242.1951692  3.7134653E+08 -2.1779200E+05  0.0000000E+00  4.1203400E+04  9.5393084E-02  0.0000000E+00  1.9020481E+03  2.4638720E+06  1.9403759E+01  2.2908572E+06  8.6400000E+03  0.0000000E+00  0.0000000E+00  6.9339135E+06 -1.2664422E-01
     1.3290000E+03    242.1352412  3.7114461E+08 -2.0192000E+05  0.0000000E+00  3.5082965E+04  9.5191784E-02  0.0000000E+00  1.6734614E+03  2.4168770E+06  1.9378831E+01  2.2425595E+06  8.6400000E+03  0.0000000E+00  0.0000000E+00  6.8895475E+06 -5.8792102E-01
     1.3300000E+03    242.0724050  3.7093290E+08 -2.1171200E+05  0.0000000E+00  3.3031849E+04  9.4991095E-02  0.0000000E+00  1.7062445E+03  2.3655208E+06  1.9353336E+01  2.1915800E+06  8.6400000E+03  0.0000000E+00  0.0000000E+00  6.8442645E+06 -9.1952860E-02
     1.3310000E+03    242.0093621  3.7072048E+08 -2.1241600E+05  0.0000000E+00  3.1692478E+04  9.4791017E-02  0.0000000E+00  1.6051580E+03  2.3161025E+06  1.9327535E+01  2.1405342E+06  8.6400000E+03  0.0000000E+00  0.0000000E+00  6.7950965E+06 -8.0576569E-02
     1.3320000E+03    241.9513538  3.7052502E+08 -1.9545600E+05  0.0000000E+00  2.9967871E+04  9.4591551E-02  0.0000000E+00  1.6024340E+03  2.2690610E+06  1.9303367E+01  2.0978148E+06  8.6400000E+03  0.0000000E+00  0.0000000E+00  6.7489890E+06 -5.5530685E-01
     1.3330000E+03    241.8951688  3.7033571E+08 -1.8931200E+05  0.0000000E+00  2.6537662E+04  9.4392702E-02  0.0000000E+00  1.5602098E+03  2.2257965E+06  1.9280209E+01  2.0584448E+06  8.6400000E+03  0.0000000E+00  0.0000000E+00  6.7041485E+06 -5.1643229E-01
     1.3340000E+03    241.8397572  3.7014902E+08 -1.8668800E+05  0.0000000E+00  2.8554119E+04  9.4194442E-02  0.0000000E+00  1.5547214E+03  2.1830250E+06  1.9257453E+01  2.0213524E+06  8.6400000E+03  0.0000000E+00  0.0000000E+00  6.6605490E+06 -4.7936296E-01
     1.3350000E+03    241.7849064  3.6996541E+08 -1.8361600E+05  0.0000000E+00  3.0499216E+04  9.3996793E-02  0.0000000E+00  1.5380387E+03  2.1413840E+06  1.9234944E+01  1.9852856E+06  8.6400000E+03  0.0000000E+00  0.0000000E+00  6.6177920E+06 -4.6331361E-01
     1.3360000E+03    241.7325706  3.6979021E+08 -1.7520000E+05  0.0000000E+00  2.6808580E+04  9.3799740E-02  0.0000000E+00  1.5098164E+03  2.1022558E+06  1.9213305E+01  1.9512261E+06  8.6400000E+03  0.0000000E+00  0.0000000E+00  6.5770290E+06 -4.5784685E-01
     1.3370000E+03    241.6800388  3.6961434E+08 -1.7587200E+05  0.0000000E+00  3.0479234E+04  9.3603291E-02  0.0000000E+00  1.4991064E+03  2.0644104E+06  1.9191808E+01  1.9165724E+06  8.6400000E+03  0.0000000E+00  0.0000000E+00  6.5370500E+06 -4.5661527E-01
     1.3380000E+03    241.6252967  3.6943107E+08 -1.8326400E+05  0.0000000E+00  3.7157103E+04  9.3407422E-02  0.0000000E+00  1.4767560E+03  2.0279551E+06  1.9169571E+01  1.8786410E+06  8.6400000E+03  0.0000000E+00  0.0000000E+00  6.4959535E+06 -5.0099546E-01
     1.3390000E+03    241.5666905  3.6923488E+08 -1.9619200E+05  0.0000000E+00  4.7192947E+04  9.3212157E-02  0.0000000E+00  1.4624401E+03  1.9898009E+06  1.9145887E+01  1.8364110E+06  8.6400000E+03  0.0000000E+00  0.0000000E+00  6.4536045E+06 -5.6644505E-01
     1.3400000E+03    241.5052615  3.6902925E+08 -2.0563200E+05  0.0000000E+00  4.4360398E+04  9.3017481E-02  0.0000000E+00  1.5865294E+03  1.9473925E+06  1.9120962E+01  1.7910788E+06  8.6400000E+03  0.0000000E+00  0.0000000E+00  6.4096280E+06 -1.0570947E-01
     1.3410000E+03    241.4472026  3.6883488E+08 -1.9436800E+05  0.0000000E+00  3.7223372E+04  9.2823386E-02  0.0000000E+00  1.3867997E+03  1.9118622E+06  1.9096909E+01  1.7497211E+06  8.6400000E+03  0.0000000E+00  0.0000000E+00  6.3665535E+06 -6.2667769E-01
     1.3420000E+03    241.3883132  3.6863776E+08 -1.9712000E+05  0.0000000E+00  3.8077025E+04  9.2629887E-02  0.0000000E+00  1.3665720E+03  1.8736786E+06  1.9072860E+01  1.7103136E+06  8.6400000E+03  0.0000000E+00  0.0000000E+00  6.3241600E+06 -6.0479122E-01
     1.3430000E+03    241.3564209  3.6853098E+08 -1.0678400E+05  5.5880117E+04  1.8094302E+04  5.1623413E+02  0.0000000E+00  1.2592209E+03  1.8491766E+06  1.9057589E+01  1.7118699E+06  8.6400000E+03  0.0000000E+00  0.0000000E+00  6.2968995E+06  2.0236630E-02
     1.3440000E+03    241.3075810  3.6836749E+08 -1.6348800E+05  0.0000000E+00  2.6815081E+04  1.8304536E+00  0.0000000E+00  1.2964429E+03  1.8177401E+06  1.9038975E+01  1.6869822E+06  8.6400000E+03  0.0000000E+00  0.0000000E+00  6.2649665E+06 -7.8013107E-02
     1.3450000E+03    241.2612950  3.6821254E+08 -1.5494400E+05  0.0000000E+00  3.0618713E+04  1.9276308E-01  0.0000000E+00  1.2518011E+03  1.7878998E+06  1.9019811E+01  1.6641249E+06  8.6400000E+03  0.0000000E+00  0.0000000E+00  6.2317625E+06 -3.7525773E-01
     1.3460000E+03    241.2170733  3.6806448E+08 -1.4806400E+05  0.0000000E+00  3.4378528E+04  9.0469606E-02  0.0000000E+00  1.7640854E+03  1.7485588E+06  1.9001532E+01  1.6452100E+06  8.6400000E+03  0.0000000E+00  0.0000000E+00  6.2035540E+06  1.9211221E-01
     1.3470000E+03    241.1736125  3.6791901E+08 -1.4547200E+05  0.0000000E+00  2.9473612E+04  9.0197399E-02  0.0000000E+00  1.1998318E+03  1.7330289E+06  1.8983672E+01  1.6163269E+06  8.6400000E+03  0.0000000E+00  0.0000000E+00  6.1687155E+06 -4.6086988E-01
     1.3480000E+03    241.1260217  3.6775968E+08 -1.5932800E+05  0.0000000E+00  3.8810506E+04  8.9939252E-02  0.0000000E+00  1.2560468E+03  1.7032325E+06  1.8964520E+01  1.5900829E+06  8.6400000E+03  0.0000000E+00  0.0000000E+00  6.1354625E+06 -1.9991980E-03
     1.3490000E+03    241.0748108  3.6758826E+08 -1.7142400E+05  0.0000000E+00  4.1986642E+04  8.9683481E-02  0.0000000E+00  1.1566354E+03  1.6752182E+06  1.8943845E+01  1.5513966E+06  8.6400000E+03  0.0000000E+00  0.0000000E+00  6.0986735E+06 -1.0930758E-01
     1.3500000E+03    241.0207210  3.6740717E+08 -1.8108800E+05  0.0000000E+00  4.5935488E+04  8.9428872E-02  0.0000000E+00  1.2902009E+03  1.6411232E+06  1.8921929E+01  1.5112819E+06  8.6400000E+03  0.0000000E+00  0.0000000E+00  6.0612865E+06 -1.2133506E-01
     1.3510000E+03    240.9677069  3.6722970E+08 -1.7747200E+05  0.0000000E+00  4.1223612E+04  8.9175344E-02  0.0000000E+00  1.0848590E+03  1.6136976E+06  1.8900131E+01  1.4729046E+06  8.6400000E+03  0.0000000E+00  0.0000000E+00  6.0226380E+06 -7.2845906E-01
     1.3520000E+03    240.9135868  3.6704854E+08 -1.8115200E+05  0.0000000E+00  3.9026059E+04  8.8922828E-02  0.0000000E+00  1.0734696E+03  1.5824529E+06  1.8878058E+01  1.4366231E+06  8.6400000E+03  0.0000000E+00  0.0000000E+00  5.9843305E+06 -6.9252580E-01
     1.3530000E+03    240.8596547  3.6686800E+08 -1.8054400E+05  0.0000000E+00  3.5740304E+04  8.8671356E-02  0.0000000E+00  1.0805931E+03  1.5508615E+06  1.8855956E+01  1.4025356E+06  8.6400000E+03  0.0000000E+00  0.0000000E+00  5.9462345E+06 -6.9583458E-01
     1.3540000E+03    240.8023046  3.6667600E+08 -1.9200000E+05  0.0000000E+00  4.5009809E+04  8.8420920E-02  0.0000000E+00  1.1175890E+03  1.5175550E+06  1.8832749E+01  1.3672696E+06  8.6400000E+03  0.0000000E+00  0.0000000E+00  5.9065800E+06 -6.8967748E-01
     1.3550000E+03    240.7383958  3.6646205E+08 -2.1395200E+05  0.0000000E+00  5.4610846E+04  8.8171504E-02  0.0000000E+00  2.6870994E+03  1.4810828E+06  1.8807114E+01  1.3257879E+06  8.6400000E+03  0.0000000E+00  0.0000000E+00  5.8632240E+06 -1.2466390E-01
     1.3560000E+03    240.6770663  3.6625674E+08 -2.0531200E+05  0.0000000E+00  4.7717480E+04  8.7923102E-02  0.0000000E+00  1.7940863E+03  1.4560270E+06  1.8781787E+01  1.2950052E+06  8.6400000E+03  0.0000000E+00  0.0000000E+00  5.8184150E+06 -6.8049806E-01
     1.3570000E+03    240.6172804  3.6605661E+08 -2.0012800E+05  0.0000000E+00  3.9719157E+04  8.7675713E-02  0.0000000E+00  1.6576208E+03  1.4298552E+06  1.8757177E+01  1.2672858E+06  8.6400000E+03  0.0000000E+00  0.0000000E+00  5.7752605E+06 -6.1976862E-01
     1.3580000E+03    240.5560417  3.6585158E+08 -2.0502400E+05  0.0000000E+00  4.3265389E+04  8.7429322E-02  0.0000000E+00  1.6984734E+03  1.4031386E+06  1.8732217E+01  1.2393952E+06  8.6400000E+03  0.0000000E+00  0.0000000E+00  5.7317795E+06 -6.1475015E-01
     1.3590000E+03    240.4940393  3.6564403E+08 -2.0755200E+05  0.0000000E+00  4.5371892E+04  8.7183945E-02  0.0000000E+00  1.7504622E+03  1.3761090E+06  1.8706888E+01  1.2124872E+06  8.6400000E+03  0.0000000E+00  0.0000000E+00  5.6878245E+06 -5.8385032E-01
     1.3600000E+03    240.4334631  3.6544125E+08 -2.0278400E+05  0.0000000E+00  4.1602921E+04  8.6939551E-02  0.0000000E+00  1.6949515E+03  1.3497629E+06  1.8681964E+01  1.1882505E+06  8.6400000E+03  0.0000000E+00  0.0000000E+00  5.6447105E+06 -5.2105343E-01
     1.3610000E+03    240.3761334  3.6524931E+08 -1.9193600E+05  0.0000000E+00  3.3887373E+04  8.6696163E-02  0.0000000E+00  1.6059805E+03  1.3247896E+06  1.8658220E+01  1.1679138E+06  8.6400000E+03  0.0000000E+00  0.0000000E+00  5.6039255E+06 -4.3001512E-01
     1.3620000E+03    240.3211102  3.6506512E+08 -1.8419200E+05  0.0000000E+00  3.0874476E+04  8.6453751E-02  0.0000000E+00  1.5912281E+03  1.3009279E+06  1.8635498E+01  1.1497051E+06  8.6400000E+03  0.0000000E+00  0.0000000E+00  5.5651390E+06 -3.7095448E-01
     1.3630000E+03    240.2672337  3.6488477E+08 -1.8035200E+05  0.0000000E+00  3.1901768E+04  8.6212322E-02  0.0000000E+00  1.5811069E+03  1.2778722E+06  1.8613340E+01  1.1316868E+06  8.6400000E+03  0.0000000E+00  0.0000000E+00  5.5274355E+06 -3.6502624E-01
     1.3640000E+03    240.2135671  3.6470621E+08 -1.7856000E+05  0.0000000E+00  3.0967930E+04  8.5971862E-02  0.0000000E+00  1.6845813E+03  1.2547836E+06  1.8591345E+01  1.1138441E+06  8.6400000E+03  0.0000000E+00  0.0000000E+00  5.4899105E+06 -2.4827911E-02
     1.3650000E+03    240.1615478  3.6453331E+08 -1.7289600E+05  0.0000000E+00  3.4397731E+04  8.5732371E-02  0.0000000E+00  2.7019644E+03  1.2298218E+06  1.8569907E+01  1.0960989E+06  8.6400000E+03  0.0000000E+00  0.0000000E+00  5.4552355E+06 -9.2801504E-02
     1.3660000E+03    240.1093036  3.6435965E+08 -1.7366400E+05  0.0000000E+00  4.1448636E+04  8.5493848E-02  0.0000000E+00  4.7749517E+03  1.2023815E+06  1.8548530E+01  1.0806040E+06  8.6400000E+03  0.0000000E+00  0.0000000E+00  5.4215385E+06  5.2330816E-01
     1.3670000E+03    240.0587514  3.6419162E+08 -1.6803200E+05  0.0000000E+00  3.7196944E+04  8.5256286E-02  0.0000000E+00  5.3882080E+03  1.1795550E+06  1.8527690E+01  1.0640586E+06  8.6400000E+03  0.0000000E+00  0.0000000E+00  5.3870335E+06  9.8484343E-01
     1.3680000E+03    240.0083801  3.6402419E+08 -1.6742400E+05  0.0000000E+00  3.5893214E+04  8.5019678E-02  0.0000000E+00  1.0792966E+03  1.1710718E+06  1.8507046E+01  1.0385383E+06  8.6400000E+03  0.0000000E+00  0.0000000E+00  5.3468275E+06 -7.0595974E-01
     1.3690000E+03    239.9588556  3.6385958E+08 -1.6460800E+05  0.0000000E+00  3.7309431E+04  8.4784016E-02  0.0000000E+00  8.6006177E+02  1.1521018E+06  1.8486696E+01  1.0252727E+06  8.6400000E+03  0.0000000E+00  0.0000000E+00  5.3118745E+06 -6.1171842E-01
     1.3700000E+03    239.9113026  3.6370150E+08 -1.5808000E+05  0.0000000E+00  3.3345140E+04  8.4549293E-02  0.0000000E+00  4.0062485E+03  1.1235178E+06  1.8467060E+01  1.0090549E+06  8.6400000E+03  0.0000000E+00  0.0000000E+00  5.2827415E+06  4.8217690E-01
     1.3710000E+03    239.8639840  3.6354422E+08 -1.5728000E+05  0.0000000E+00  3.2838530E+04  8.4315516E-02  0.0000000E+00  1.2071250E+03  1.1125494E+06  1.8447663E+01  9.8957312E+05  8.6400000E+03  0.0000000E+00  0.0000000E+00  5.2464560E+06 -5.1870209E-01
     1.3720000E+03    239.8165963  3.6338672E+08 -1.5750400E+05  0.0000000E+00  3.8277437E+04  8.4082678E-02  0.0000000E+00  3.8892673E+03  1.0864610E+06  1.8428262E+01  9.7725331E+05  8.6400000E+03  0.0000000E+00  0.0000000E+00  5.2170960E+06  4.6319279E-01
     1.3730000E+03    239.7687235  3.6322758E+08 -1.5913600E+05  0.0000000E+00  3.8388875E+04  8.3850756E-02  0.0000000E+00  1.1811440E+03  1.0764654E+06  1.8408697E+01  9.5658912E+05  8.6400000E+03  0.0000000E+00  0.0000000E+00  5.1804690E+06 -5.8799964E-01
     1.3740000E+03    239.7239906  3.6307888E+08 -1.4870400E+05  0.0000000E+00  3.1930408E+04  8.3619758E-02  0.0000000E+00  3.6577710E+03  1.0520402E+06  1.8390120E+01  9.4595162E+05  8.6400000E+03  0.0000000E+00  0.0000000E+00  5.1523055E+06  5.2025896E-01
     1.3750000E+03    239.6785405  3.6292781E+08 -1.5107200E+05  0.0000000E+00  3.7106220E+04  8.3389685E-02  0.0000000E+00  4.2409351E+03  1.0332840E+06  1.8371566E+01  9.3272088E+05  8.6400000E+03  0.0000000E+00  0.0000000E+00  5.1218305E+06  8.3270115E-01
     1.3760000E+03    239.6312327  3.6277056E+08 -1.5724800E+05  0.0000000E+00  4.4365499E+04  8.3160535E-02  0.0000000E+00  4.6571113E+03  1.0145434E+06  1.8352344E+01  9.1712206E+05  8.6400000E+03  0.0000000E+00  0.0000000E+00  5.0900105E+06  1.0734569E+00
     1.3770000E+03    239.5861012  3.6262054E+08 -1.5001600E+05  0.0000000E+00  3.7414038E+04  8.2932286E-02  0.0000000E+00  4.7188940E+03  9.9729600E+05  1.8333684E+01  9.0232094E+05  8.6400000E+03  0.0000000E+00  0.0000000E+00  5.0586740E+06  1.3118629E+00
     1.3780000E+03    239.5418142  3.6247334E+08 -1.4720000E+05  0.0000000E+00  3.4898477E+04  8.2704939E-02  0.0000000E+00  8.9318176E+02  9.9262838E+05  1.8315478E+01  8.8025544E+05  8.6400000E+03  0.0000000E+00  0.0000000E+00  5.0227725E+06 -7.5628376E-01
     1.3790000E+03    239.4943312  3.6231552E+08 -1.5782400E+05  0.0000000E+00  4.7828975E+04  8.2478493E-02  0.0000000E+00  3.5716223E+03  9.6732294E+05  1.8296294E+01  8.6743700E+05  8.6400000E+03  0.0000000E+00  0.0000000E+00  4.9941340E+06  4.9056330E-01
     1.3800000E+03    239.4458209  3.6215427E+08 -1.6124800E+05  0.0000000E+00  5.1482717E+04  8.2252942E-02  0.0000000E+00  4.3852246E+03  9.4719088E+05  1.8276512E+01  8.5220662E+05  8.6400000E+03  0.0000000E+00  0.0000000E+00  4.9621055E+06  1.0431579E+00
     1.3810000E+03    239.3984169  3.6199670E+08 -1.5756800E+05  0.0000000E+00  4.6102263E+04  8.2028292E-02  0.0000000E+00  9.1103015E+02  9.4081138E+05  1.8257009E+01  8.2895325E+05  8.6400000E+03  0.0000000E+00  0.0000000E+00  4.9245175E+06 -8.1757033E-01
     1.3820000E+03    239.3546615  3.6185126E+08 -1.4544000E+05  0.0000000E+00  3.6304111E+04  8.1804514E-02  0.0000000E+00  3.2167339E+03  9.1753594E+05  1.8238791E+01  8.1960744E+05  8.6400000E+03  0.0000000E+00  0.0000000E+00  4.8972015E+06  5.9905946E-01
     1.3830000E+03    239.3121571  3.6170998E+08 -1.4128000E+05  0.0000000E+00  3.6078283E+04  8.1581630E-02  0.0000000E+00  3.5293601E+03  9.0116512E+05  1.8221282E+01  8.0923850E+05  8.6400000E+03  0.0000000E+00  0.0000000E+00  4.8684400E+06  8.6122197E-01
     1.3840000E+03    239.2698178  3.6156925E+08 -1.4073600E+05  0.0000000E+00  3.8811225E+04  8.1359617E-02  0.0000000E+00  3.6283909E+03  8.8572188E+05  1.8203929E+01  7.9800494E+05  8.6400000E+03  0.0000000E+00  0.0000000E+00  4.8396285E+06  9.8352021E-01
     1.3850000E+03    239.2295400  3.6143536E+08 -1.3388800E+05  0.0000000E+00  3.4678169E+04  8.1138484E-02  0.0000000E+00  3.5831199E+03  8.7144438E+05  1.8187266E+01  7.8735719E+05  8.6400000E+03  0.0000000E+00  0.0000000E+00  4.8117495E+06  1.0983642E+00
     1.3860000E+03    239.1913672  3.6130848E+08 -1.2688000E+05  0.0000000E+00  3.0692622E+04  8.0918223E-02  0.0000000E+00  3.4364119E+03  8.5835531E+05  1.8171461E+01  7.7744388E+05  8.6400000E+03  0.0000000E+00  0.0000000E+00  4.7851590E+06  1.1199934E+00
     1.3870000E+03    239.1533841  3.6118224E+08 -1.2624000E+05  0.0000000E+00  3.3241511E+04  8.0698803E-02  0.0000000E+00  3.3555010E+03  8.4537669E+05  1.8155890E+01  7.6720431E+05  8.6400000E+03  0.0000000E+00  0.0000000E+00  4.7590960E+06  1.0733480E+00
     1.3880000E+03    239.1163463  3.6105914E+08 -1.2310400E+05  0.0000000E+00  3.2546662E+04  8.0480255E-02  0.0000000E+00  3.3050125E+03  8.3267000E+05  1.8140645E+01  7.5709956E+05  8.6400000E+03  0.0000000E+00  0.0000000E+00  4.7336530E+06  1.1024247E+00
     1.3890000E+03    239.0774155  3.6092973E+08 -1.2940800E+05  0.0000000E+00  4.0708928E+04  8.0262564E-02  0.0000000E+00  7.6958997E+02  8.2805819E+05  1.8124857E+01  7.4535031E+05  8.6400000E+03  0.0000000E+00  0.0000000E+00  4.7034160E+06 -2.1622925E-01
     1.3900000E+03    239.0423253  3.6081309E+08 -1.1664000E+05  0.0000000E+00  4.7677911E+04  8.0045715E-02  0.0000000E+00  4.6998989E+03  8.0336950E+05  1.8110172E+01  7.2500388E+05  8.6400000E+03  0.0000000E+00  0.0000000E+00  4.6852880E+06 -1.5542167E+00
     1.3910000E+03    239.0077939  3.6069830E+08 -1.1478400E+05  0.0000000E+00  4.4006425E+04  7.9829723E-02  0.0000000E+00  7.6074847E+02  8.0494388E+05  1.8095985E+01  7.1414325E+05  8.6400000E+03  0.0000000E+00  0.0000000E+00  4.6557435E+06 -3.2556088E+00
     1.3920000E+03    238.9690937  3.6056966E+08 -1.2864000E+05  0.0000000E+00  3.8062947E+04  7.9614565E-02  0.0000000E+00  7.6712585E+02  7.9178581E+05  1.8080477E+01  7.0702669E+05  8.6400000E+03  0.0000000E+00  0.0000000E+00  4.6296060E+06 -2.4721773E-01
     1.3930000E+03    238.9366742  3.6046192E+08 -1.0774400E+05  0.0000000E+00  3.6656071E+04  7.9400256E-02  0.0000000E+00  4.1859360E+03  7.6941356E+05  1.8066686E+01  6.9216794E+05  8.6400000E+03  0.0000000E+00  0.0000000E+00  4.6125095E+06 -1.3046998E+00
     1.3940000E+03    238.9012112  3.6034403E+08 -1.1788800E+05  0.0000000E+00  3.3823820E+04  7.9186752E-02  0.0000000E+00  2.1281169E+03  7.6432475E+05  1.8052413E+01  6.8600044E+05  8.6400000E+03  0.0000000E+00  0.0000000E+00  4.5856955E+06 -9.7916894E-02
     1.3950000E+03    238.8668693  3.6022989E+08 -1.1414400E+05  0.0000000E+00  3.1581985E+04  7.8974098E-02  0.0000000E+00  2.3710674E+03  7.5197538E+05  1.8038257E+01  6.7964838E+05  8.6400000E+03  0.0000000E+00  0.0000000E+00  4.5625875E+06  4.9835718E-01
     1.3960000E+03    238.8375926  3.6013258E+08 -9.7312000E+04  0.0000000E+00  3.4379653E+04  7.8762271E-02  0.0000000E+00  3.8569487E+03  7.3738994E+05  1.8025853E+01  6.6579544E+05  8.6400000E+03  0.0000000E+00  0.0000000E+00  4.5448765E+06 -1.7250960E+00
     1.3970000E+03    238.8075807  3.6003280E+08 -9.9776000E+04  0.0000000E+00  3.3358983E+04  7.8551263E-02  0.0000000E+00  4.0739360E+03  7.2672438E+05  1.8013622E+01  6.6283444E+05  8.6400000E+03  0.0000000E+00  0.0000000E+00  4.5255300E+06 -2.6757210E-01
     1.3980000E+03    238.7787891  3.5993712E+08 -9.5680000E+04  0.0000000E+00  3.4402197E+04  7.8341059E-02  0.0000000E+00  4.1140186E+03  7.1921750E+05  1.8001731E+01  6.5055662E+05  8.6400000E+03  0.0000000E+00  0.0000000E+00  4.5055720E+06 -1.5646447E+00
     1.3990000E+03    238.7419298  3.5981459E+08 -1.2252800E+05  0.0000000E+00  4.4523513E+04  7.8131676E-02  0.0000000E+00  2.1669841E+03  7.1551581E+05  1.7987298E+01  6.4201606E+05  8.6400000E+03  0.0000000E+00  0.0000000E+00  4.4779505E+06 -2.5838357E-01
     1.4000000E+03    238.7058131  3.5969453E+08 -1.2006400E+05  0.0000000E+00  4.0290706E+04  7.7923097E-02  0.0000000E+00  2.4804553E+03  7.0361406E+05  1.7972446E+01  6.3409350E+05  8.6400000E+03  0.0000000E+00  0.0000000E+00  4.4537595E+06  5.4152459E-01
     1.4010000E+03    238.6750852  3.5959251E+08 -1.0201600E+05  0.0000000E+00  4.1395466E+04  7.7715322E-02  0.0000000E+00  3.8844993E+03  6.8953138E+05  1.7959421E+01  6.1822456E+05  8.6400000E+03  0.0000000E+00  0.0000000E+00  4.4350900E+06 -2.0903115E+00
     1.4020000E+03    238.6423432  3.5948442E+08 -1.0809600E+05  0.0000000E+00  4.1936932E+04  7.7508345E-02  0.0000000E+00  4.1949233E+03  6.7881450E+05  1.7946177E+01  6.1428500E+05  8.6400000E+03  0.0000000E+00  0.0000000E+00  4.4142550E+06 -3.8844785E-01
     1.4030000E+03    238.6071530  3.5936826E+08 -1.1616000E+05  0.0000000E+00  3.7119180E+04  7.7302165E-02  0.0000000E+00  2.5378940E+03  6.7482038E+05  1.7931966E+01  6.0696781E+05  8.6400000E+03  0.0000000E+00  0.0000000E+00  4.3873810E+06  7.0334864E-01
     1.4040000E+03    238.5732905  3.5925648E+08 -1.1177600E+05  0.0000000E+00  3.3663319E+04  7.7096783E-02  0.0000000E+00  2.5152043E+03  6.6499262E+05  1.7917990E+01  6.0002588E+05  8.6400000E+03  0.0000000E+00  0.0000000E+00  4.3642720E+06  9.9012798E-01
     1.4050000E+03    238.5409080  3.5914957E+08 -1.0691200E+05  0.0000000E+00  3.0992834E+04  7.6892182E-02  0.0000000E+00  2.4637417E+03  6.5578338E+05  1.7904607E+01  5.9341444E+05  8.6400000E+03  0.0000000E+00  0.0000000E+00  4.3422670E+06  1.0577836E+00
     1.4060000E+03    238.5117033  3.5905315E+08 -9.6416000E+04  0.0000000E+00  4.0544810E+04  7.6688372E-02  0.0000000E+00  3.5749189E+03  6.4348888E+05  1.7892387E+01  5.7777356E+05  8.6400000E+03  0.0000000E+00  0.0000000E+00  4.3246460E+06 -2.1549273E+00
     1.4070000E+03    238.4824388  3.5895654E+08 -9.6608000E+04  0.0000000E+00  3.3984109E+04  7.6485336E-02  0.0000000E+00  3.6965024E+03  6.3460650E+05  1.7880408E+01  5.7691681E+05  8.6400000E+03  0.0000000E+00  0.0000000E+00  4.3057895E+06 -4.0051769E-03
     1.4080000E+03    238.4479631  3.5884272E+08 -1.1382400E+05  0.0000000E+00  4.1172886E+04  7.6283075E-02  0.0000000E+00  2.4496262E+03  6.3002888E+05  1.7866716E+01  5.6914750E+05  8.6400000E+03  0.0000000E+00  0.0000000E+00  4.2806320E+06  8.1804574E-01
     1.4090000E+03    238.4120242  3.5872410E+08 -1.1862400E+05  0.0000000E+00  4.5434600E+04  7.6081581E-02  0.0000000E+00  2.6270515E+03  6.1942688E+05  1.7852118E+01  5.6005675E+05  8.6400000E+03  0.0000000E+00  0.0000000E+00  4.2571095E+06  1.1563884E+00
     1.4100000E+03    238.3770703  3.5860870E+08 -1.1539200E+05  0.0000000E+00  4.1899257E+04  7.5880870E-02  0.0000000E+00  2.6887439E+03  6.0949906E+05  1.7837723E+01  5.5127781E+05  8.6400000E+03  0.0000000E+00  0.0000000E+00  4.2338590E+06  1.4093498E+00
     1.4110000E+03    238.3413973  3.5849094E+08 -1.1776000E+05  0.0000000E+00  4.4543261E+04  7.5680919E-02  0.0000000E+00  2.7148015E+03  5.9971169E+05  1.7823173E+01  5.4197519E+05  8.6400000E+03  0.0000000E+00  0.0000000E+00  4.2103625E+06  1.4607331E+00
     1.4120000E+03    238.3056899  3.5837306E+08 -1.1788800E+05  0.0000000E+00  4.4825529E+04  7.5481720E-02  0.0000000E+00  2.7115669E+03  5.9007812E+05  1.7808552E+01  5.3276106E+05  8.6400000E+03  0.0000000E+00  0.0000000E+00  4.1867332E+06  1.5226595E+00
     1.4130000E+03    238.2692509  3.5825277E+08 -1.2028800E+05  0.0000000E+00  4.7446195E+04  7.5283274E-02  0.0000000E+00  2.7172283E+03  5.8034206E+05  1.7793690E+01  5.2326172E+05  8.6400000E+03  0.0000000E+00  0.0000000E+00  4.1627670E+06  1.5430903E+00
     1.4140000E+03    238.2352603  3.5814054E+08 -1.1222400E+05  0.0000000E+00  3.9864678E+04  7.5085595E-02  0.0000000E+00  8.0837842E+02  5.7893200E+05  1.7779569E+01  5.1537675E+05  8.6400000E+03  0.0000000E+00  0.0000000E+00  4.1362482E+06  1.5216742E-01
     1.4150000E+03    238.2072440  3.5804806E+08 -9.2480000E+04  0.0000000E+00  3.4959950E+04  7.4888662E-02  0.0000000E+00  3.1682195E+03  5.6202650E+05  1.7767606E+01  5.0302544E+05  8.6400000E+03  0.0000000E+00  0.0000000E+00  4.1217240E+06 -1.1509181E+00
     1.4160000E+03    238.1783682  3.5795274E+08 -9.5328000E+04  0.0000000E+00  3.8250385E+04  7.4692458E-02  0.0000000E+00  3.3083303E+03  5.5383869E+05  1.7755851E+01  4.9896466E+05  8.6400000E+03  0.0000000E+00  0.0000000E+00  4.1036048E+06 -5.2363992E-01
     1.4170000E+03    238.1470545  3.5784934E+08 -1.0339200E+05  0.0000000E+00  3.6895623E+04  7.4497014E-02  0.0000000E+00  1.8799198E+03  5.5154356E+05  1.7743227E+01  4.9415700E+05  8.6400000E+03  0.0000000E+00  0.0000000E+00  4.0800508E+06  3.9056683E-01
     1.4180000E+03    238.1203715  3.5776128E+08 -8.8064000E+04  0.0000000E+00  3.5894629E+04  7.4302293E-02  0.0000000E+00  2.9161113E+03  5.4037256E+05  1.7731921E+01  4.8437869E+05  8.6400000E+03  0.0000000E+00  0.0000000E+00  4.0642015E+06 -1.6354342E+00
     1.4190000E+03    238.0943849  3.5767549E+08 -8.5792000E+04  0.0000000E+00  3.0731556E+04  7.4108317E-02  0.0000000E+00  2.9874038E+03  5.3329294E+05  1.7721222E+01  4.8342522E+05  8.6400000E+03  0.0000000E+00  0.0000000E+00  4.0474612E+06 -8.3390482E-02
     1.4200000E+03    238.0653421  3.5757962E+08 -9.5872000E+04  0.0000000E+00  3.4046895E+04  7.3915072E-02  0.0000000E+00  1.8165065E+03  5.3086194E+05  1.7709578E+01  4.7889706E+05  8.6400000E+03  0.0000000E+00  0.0000000E+00  4.0259045E+06  5.2638292E-01
     1.4210000E+03    238.0411114  3.5749962E+08 -8.0000000E+04  0.0000000E+00  3.2136954E+04  7.3722541E-02  0.0000000E+00  2.6401069E+03  5.2058781E+05  1.7699261E+01  4.6979112E+05  8.6400000E+03  0.0000000E+00  0.0000000E+00  4.0099375E+06 -1.5944790E+00
     1.4220000E+03    238.0165911  3.5741866E+08 -8.0960000E+04  0.0000000E+00  3.0975065E+04  7.3530756E-02  0.0000000E+00  2.7343018E+03  5.1325334E+05  1.7689243E+01  4.6861234E+05  8.6400000E+03  0.0000000E+00  0.0000000E+00  3.9923115E+06 -1.0479667E-01
     1.4230000E+03    237.9931142  3.5734115E+08 -7.7504000E+04  0.0000000E+00  3.2730967E+04  7.3339671E-02  0.0000000E+00  2.6870989E+03  5.0719644E+05  1.7679543E+01  4.6047156E+05  8.6400000E+03  0.0000000E+00  0.0000000E+00  3.9744032E+06 -1.4441357E+00
     1.4240000E+03    237.9654707  3.5724992E+08 -9.1232000E+04  0.0000000E+00  3.3470723E+04  7.3149301E-02  0.0000000E+00  1.1516409E+03  5.0676775E+05  1.7668564E+01  4.5578297E+05  8.6400000E+03  0.0000000E+00  0.0000000E+00  3.9497208E+06 -1.3290308E-01
     1.4250000E+03    237.9425916  3.5717437E+08 -7.5552000E+04  0.0000000E+00  2.9653963E+04  7.2959654E-02  0.0000000E+00  2.3486018E+03  4.9522053E+05  1.7658804E+01  4.5010350E+05  8.6400000E+03  0.0000000E+00  0.0000000E+00  3.9352145E+06 -1.0361137E+00
     1.4260000E+03    237.9215300  3.5710483E+08 -6.9536000E+04  0.0000000E+00  2.3903279E+04  7.2770715E-02  0.0000000E+00  2.4159680E+03  4.8929172E+05  1.7650030E+01  4.4822356E+05  8.6400000E+03  0.0000000E+00  0.0000000E+00  3.9196430E+06 -3.2136706E-01
     1.4270000E+03    237.8985651  3.5702902E+08 -7.5808000E+04  0.0000000E+00  3.4307255E+04  7.2582483E-02  0.0000000E+00  2.5039373E+03  4.8304378E+05  1.7640781E+01  4.4246012E+05  8.6400000E+03  0.0000000E+00  0.0000000E+00  3.9031110E+06 -9.9551600E-01
     1.4280000E+03    237.8733143  3.5694566E+08 -8.3360000E+04  0.0000000E+00  3.2630561E+04  7.2394945E-02  0.0000000E+00  1.5333068E+03  4.8102441E+05  1.7630627E+01  4.3795212E+05  8.6400000E+03  0.0000000E+00  0.0000000E+00  3.8815748E+06  1.0202822E-01
     1.4290000E+03    237.8494243  3.5686682E+08 -7.8848000E+04  0.0000000E+00  3.9171329E+04  7.2208121E-02  0.0000000E+00  2.3929304E+03  4.7090009E+05  1.7620732E+01  4.2925197E+05  8.6400000E+03  0.0000000E+00  0.0000000E+00  3.8661282E+06 -1.5877448E+00
     1.4300000E+03    237.8262866  3.5679043E+08 -7.6384000E+04  0.0000000E+00  3.4423431E+04  7.2021984E-02  0.0000000E+00  2.4931553E+03  4.6452666E+05  1.7611195E+01  4.2536641E+05  8.6400000E+03  0.0000000E+00  0.0000000E+00  3.8493038E+06 -6.6273493E-01
     1.4310000E+03    237.8021674  3.5671082E+08 -7.9616000E+04  0.0000000E+00  2.7423064E+04  7.1836546E-02  0.0000000E+00  9.0099927E+02  4.6569862E+05  1.7601398E+01  4.2126175E+05  8.6400000E+03  0.0000000E+00  0.0000000E+00  3.8261790E+06 -9.3417570E-05
     1.4320000E+03    237.7794639  3.5663584E+08 -7.4976000E+04  0.0000000E+00  2.5742559E+04  7.1651779E-02  0.0000000E+00  1.1801654E+03  4.5856872E+05  1.7591985E+01  4.1877562E+05  8.6400000E+03  0.0000000E+00  0.0000000E+00  3.8102735E+06  3.9819959E-01
     1.4330000E+03    237.7585161  3.5656669E+08 -6.9152000E+04  0.0000000E+00  3.1900026E+04  7.1467713E-02  0.0000000E+00  2.1026626E+03  4.4909344E+05  1.7583262E+01  4.1205128E+05  8.6400000E+03  0.0000000E+00  0.0000000E+00  3.7972550E+06 -1.2958335E+00
     1.4340000E+03    237.7365057  3.5649405E+08 -7.2640000E+04  0.0000000E+00  3.4919075E+04  7.1284324E-02  0.0000000E+00  2.3005842E+03  4.4277412E+05  1.7574336E+01  4.0875712E+05  8.6400000E+03  0.0000000E+00  0.0000000E+00  3.7820030E+06 -5.4548466E-01
     1.4350000E+03    237.7158961  3.5642598E+08 -6.8064000E+04  0.0000000E+00  3.2248881E+04  7.1101621E-02  0.0000000E+00  2.2584207E+03  4.3788256E+05  1.7565781E+01  4.0300012E+05  8.6400000E+03  0.0000000E+00  0.0000000E+00  3.7665368E+06 -1.1417086E+00
     1.4360000E+03    237.6959870  3.5636029E+08 -6.5696000E+04  0.0000000E+00  2.8635105E+04  7.0919581E-02  0.0000000E+00  2.1925664E+03  4.3328256E+05  1.7557570E+01  4.0017597E+05  8.6400000E+03  0.0000000E+00  0.0000000E+00  3.7516092E+06 -5.3352255E-01
     1.4370000E+03    237.6741582  3.5628822E+08 -7.2064000E+04  0.0000000E+00  2.9114719E+04  7.0738211E-02  0.0000000E+00  1.3393640E+03  4.3209425E+05  1.7548788E+01  3.9651847E+05  8.6400000E+03  0.0000000E+00  0.0000000E+00  3.7329265E+06  1.1785261E-02
     1.4380000E+03    237.6518439  3.5621456E+08 -7.3664000E+04  0.0000000E+00  2.9378682E+04  7.0557527E-02  0.0000000E+00  8.8861237E+02  4.3026116E+05  1.7539689E+01  3.9374928E+05  8.6400000E+03  0.0000000E+00  0.0000000E+00  3.7155222E+06  9.8094717E-04
     1.4390000E+03    237.6333237  3.5615341E+08 -6.1152000E+04  0.0000000E+00  2.6068480E+04  7.0377506E-02  0.0000000E+00  8.0486676E+02  4.2758681E+05  1.7531794E+01  3.9162559E+05  8.6400000E+03  0.0000000E+00  0.0000000E+00  3.7022795E+06 -1.8883927E+00
     1.4400000E+03    237.6156518  3.5609507E+08 -5.8336000E+04  0.0000000E+00  2.4072130E+04  7.0198141E-02  0.0000000E+00  1.7591852E+03  4.1989941E+05  1.7524488E+01  3.9042981E+05  8.6400000E+03  0.0000000E+00  0.0000000E+00  3.6924760E+06 -4.6483979E-01
     1.4410000E+03    237.5971032  3.5603382E+08 -6.1248000E+04  0.0000000E+00  2.9038944E+04  7.0019439E-02  0.0000000E+00  2.0144774E+03  4.1566822E+05  1.7516963E+01  3.8950856E+05  8.6400000E+03  0.0000000E+00  0.0000000E+00  3.6806162E+06 -1.3092385E-01
     1.4420000E+03    237.5792453  3.5597488E+08 -5.8944000E+04  0.0000000E+00  2.8883296E+04  6.9841392E-02  0.0000000E+00  2.0299108E+03  4.1279781E+05  1.7509594E+01  3.8672259E+05  8.6400000E+03  0.0000000E+00  0.0000000E+00  3.6682658E+06 -5.8668351E-01
     1.4430000E+03    237.5592498  3.5590886E+08 -6.6016000E+04  0.0000000E+00  2.9711607E+04  6.9664001E-02  0.0000000E+00  1.2359304E+03  4.1386450E+05  1.7501580E+01  3.8502616E+05  8.6400000E+03  0.0000000E+00  0.0000000E+00  3.6522760E+06  9.8538678E-03
     1.4440000E+03    237.5407517  3.5584781E+08 -6.1056000E+04  0.0000000E+00  3.1741159E+04  6.9487251E-02  0.0000000E+00  1.8989589E+03  4.0742188E+05  1.7493882E+01  3.8170275E+05  8.6400000E+03  0.0000000E+00  0.0000000E+00  3.6411348E+06 -7.0625389E-01
     1.4450000E+03    237.5218860  3.5578554E+08 -6.2272000E+04  0.0000000E+00  2.7024473E+04  6.9311157E-02  0.0000000E+00  1.1931464E+03  4.0827938E+05  1.7486186E+01  3.8066062E+05  8.6400000E+03  0.0000000E+00  0.0000000E+00  3.6259938E+06  3.7052777E-02
     1.4460000E+03    237.5047036  3.5572880E+08 -5.6736000E+04  0.0000000E+00  2.8099017E+04  6.9135703E-02  0.0000000E+00  1.8019567E+03  4.0233528E+05  1.7479012E+01  3.7808772E+05  8.6400000E+03  0.0000000E+00  0.0000000E+00  3.6156078E+06 -5.6162089E-01
     1.4470000E+03    237.4858909  3.5566669E+08 -6.2112000E+04  0.0000000E+00  2.7602189E+04  6.8960883E-02  0.0000000E+00  1.0052949E+03  4.0429641E+05  1.7471441E+01  3.7731644E+05  8.6400000E+03  0.0000000E+00  0.0000000E+00  3.6000455E+06 -2.7749022E-02
     1.4480000E+03    237.4687087  3.5560998E+08 -5.6704000E+04  0.0000000E+00  2.3454311E+04  6.8786718E-02  0.0000000E+00  9.0366858E+02  4.0256581E+05  1.7464271E+01  3.7694784E+05  8.6400000E+03  0.0000000E+00  0.0000000E+00  3.5872530E+06 -2.8066779E-02
     1.4490000E+03    237.4531492  3.5555862E+08 -5.1360000E+04  0.0000000E+00  2.3073310E+04  6.8613179E-02  0.0000000E+00  1.4812043E+03  3.9737619E+05  1.7457766E+01  3.7624141E+05  8.6400000E+03  0.0000000E+00  0.0000000E+00  3.5778782E+06 -5.6585539E-03
     1.4500000E+03    237.4379242  3.5550835E+08 -5.0272000E+04  0.0000000E+00  2.1073998E+04  6.8440266E-02  0.0000000E+00  1.0738629E+03  3.9771350E+05  1.7451503E+01  3.7618456E+05  8.6400000E+03  0.0000000E+00  0.0000000E+00  3.5659438E+06  2.0017197E-02
     1.4510000E+03    237.4235783  3.5546099E+08 -4.7360000E+04  0.0000000E+00  2.3060043E+04  6.8267986E-02  0.0000000E+00  1.5371952E+03  3.9323241E+05  1.7445556E+01  3.7558262E+05  8.6400000E+03  0.0000000E+00  0.0000000E+00  3.5571878E+06 -1.1060128E-01
     1.4520000E+03    237.4102894  3.5541712E+08 -4.3872000E+04  0.0000000E+00  2.6061849E+04  6.8096340E-02  0.0000000E+00  2.6212097E+03  3.8607575E+05  1.7440028E+01  3.7440900E+05  8.6400000E+03  0.0000000E+00  0.0000000E+00  3.5504388E+06  2.5487468E-02
     1.4530000E+03    237.3946927  3.5536563E+08 -5.1488000E+04  0.0000000E+00  2.8450433E+04  6.7925304E-02  0.0000000E+00  1.5970236E+03  3.8927444E+05  1.7433830E+01  3.7238375E+05  8.6400000E+03  0.0000000E+00  0.0000000E+00  3.5374280E+06 -2.1423702E-01
     1.4540000E+03    237.3801080  3.5531747E+08 -4.8160000E+04  0.0000000E+00  2.6576207E+04  6.7754887E-02  0.0000000E+00  1.7030382E+03  3.8686425E+05  1.7427774E+01  3.7113053E+05  8.6400000E+03  0.0000000E+00  0.0000000E+00  3.5273565E+06 -2.6161733E-01
     1.4550000E+03    237.3664627  3.5527245E+08 -4.5024000E+04  0.0000000E+00  2.3720038E+04  6.7585096E-02  0.0000000E+00  1.6688912E+03  3.8539741E+05  1.7422109E+01  3.7025525E+05  8.6400000E+03  0.0000000E+00  0.0000000E+00  3.5175185E+06 -1.9787122E-01
     1.4560000E+03    237.3517621  3.5522390E+08 -4.8544000E+04  0.0000000E+00  2.5523126E+04  6.7415908E-02  0.0000000E+00  1.3827627E+03  3.8526497E+05  1.7416175E+01  3.6912022E+05  8.6400000E+03  0.0000000E+00  0.0000000E+00  3.5063165E+06 -9.4991483E-02
     1.4570000E+03    237.3380669  3.5517869E+08 -4.5216000E+04  0.0000000E+00  2.4859037E+04  6.7247339E-02  0.0000000E+00  1.5966792E+03  3.8232853E+05  1.7410484E+01  3.6796441E+05  8.6400000E+03  0.0000000E+00  0.0000000E+00  3.4972008E+06 -2.5678140E-01
     1.4580000E+03    237.3237308  3.5513136E+08 -4.7328000E+04  0.0000000E+00  2.7763497E+04  6.7079373E-02  0.0000000E+00  1.6551301E+03  3.8025991E+05  1.7404666E+01  3.6659578E+05  8.6400000E+03  0.0000000E+00  0.0000000E+00  3.4874415E+06 -2.6443353E-01
     1.4590000E+03    237.3096079  3.5508474E+08 -4.6624000E+04  0.0000000E+00  2.3863915E+04  6.6912018E-02  0.0000000E+00  1.2137362E+03  3.8108844E+05  1.7398865E+01  3.6583294E+05  8.6400000E+03  0.0000000E+00  0.0000000E+00  3.4759488E+06  1.4748202E-02
     1.4600000E+03    237.2960296  3.5503990E+08 -4.4832000E+04  0.0000000E+00  2.5870061E+04  6.6745266E-02  0.0000000E+00  1.5398394E+03  3.7753325E+05  1.7393259E+01  3.6420866E+05  8.6400000E+03  0.0000000E+00  0.0000000E+00  3.4673385E+06 -3.5920829E-01
     1.4610000E+03    237.2814373  3.5499174E+08 -4.8160000E+04  0.0000000E+00  2.9802161E+04  6.6579103E-02  0.0000000E+00  1.6381161E+03  3.7520881E+05  1.7387366E+01  3.6263428E+05  8.6400000E+03  0.0000000E+00  0.0000000E+00  3.4576290E+06 -2.9875988E-01
     1.4620000E+03    237.2674905  3.5494570E+08 -4.6048000E+04  0.0000000E+00  2.7911675E+04  6.6413544E-02  0.0000000E+00  1.6306388E+03  3.7359191E+05  1.7381602E+01  3.6075631E+05  8.6400000E+03  0.0000000E+00  0.0000000E+00  3.4477410E+06 -4.2079517E-01
     1.4630000E+03    237.2531131  3.5489824E+08 -4.7456000E+04  0.0000000E+00  2.9081236E+04  6.6248581E-02  0.0000000E+00  1.6368737E+03  3.7185647E+05  1.7375749E+01  3.5939634E+05  8.6400000E+03  0.0000000E+00  0.0000000E+00  3.4377322E+06 -2.6997700E-01
     1.4640000E+03    237.2379658  3.5484822E+08 -5.0016000E+04  0.0000000E+00  2.7146980E+04  6.6084214E-02  0.0000000E+00  1.1057325E+03  3.7331022E+05  1.7369609E+01  3.5848244E+05  8.6400000E+03  0.0000000E+00  0.0000000E+00  3.4251500E+06  1.1969447E-01
     1.4650000E+03    237.2256242  3.5480749E+08 -4.0736000E+04  0.0000000E+00  2.2421467E+04  6.5920427E-02  0.0000000E+00  1.4449161E+03  3.6973359E+05  1.7364325E+01  3.5744044E+05  8.6400000E+03  0.0000000E+00  0.0000000E+00  3.4171948E+06 -2.9715428E-01
     1.4660000E+03    237.2136565  3.5476800E+08 -3.9488000E+04  0.0000000E+00  1.8962309E+04  6.5757222E-02  0.0000000E+00  9.6107507E+02  3.7125375E+05  1.7359394E+01  3.5811494E+05  8.6400000E+03  0.0000000E+00  0.0000000E+00  3.4069958E+06 -7.7554360E-02
     1.4670000E+03    237.2041443  3.5473658E+08 -3.1424000E+04  0.0000000E+00  1.7757650E+04  6.5594606E-02  0.0000000E+00  8.7403168E+02  3.7323834E+05  1.7355297E+01  3.5873172E+05  9.9999997E-06  0.0000000E+00  0.0000000E+00  3.3984788E+06  4.2118127E-03
     1.4680000E+03    237.1949885  3.5470637E+08 -3.0208000E+04  0.0000000E+00  1.9270534E+04  6.5432571E-02  0.0000000E+00  1.2745773E+03  3.7092284E+05  1.7351518E+01  3.5823888E+05  9.9999997E-06  0.0000000E+00  0.0000000E+00  3.3930552E+06 -1.2536496E-01
     1.4690000E+03    237.1843039  3.5467107E+08 -3.5296000E+04  0.0000000E+00  1.7028102E+04  6.5271109E-02  0.0000000E+00  9.6681219E+02  3.6907578E+05  1.7347268E+01  3.5925512E+05  8.6400000E+03  0.0000000E+00  0.0000000E+00  3.3856980E+06  1.9170608E-01
     1.4700000E+03    237.1745488  3.5463888E+08 -3.2192000E+04  0.0000000E+00  1.7960055E+04  6.5110229E-02  0.0000000E+00  1.1738608E+03  3.6605741E+05  1.7343197E+01  3.5941744E+05  8.6400000E+03  0.0000000E+00  0.0000000E+00  3.3796252E+06  2.7646922E-02
     1.4710000E+03    237.1673005  3.5461494E+08 -2.3936000E+04  0.0000000E+00  1.9795794E+04  6.4949922E-02  0.0000000E+00  2.6257585E+03  3.5713662E+05  1.7340023E+01  3.5907931E+05  8.6400000E+03  0.0000000E+00  0.0000000E+00  3.3781518E+06  1.3323747E-02
     1.4720000E+03    237.1604094  3.5459219E+08 -2.2752000E+04  2.7912147E+03  1.5329147E+04  1.0549934E+01  0.0000000E+00  1.3954442E+03  3.6231344E+05  1.7337172E+01  3.5978094E+05  8.6400000E+03  0.0000000E+00  0.0000000E+00  3.3704550E+06  1.1136910E-01
     1.4730000E+03    237.1539182  3.5457078E+08 -2.1408000E+04  2.7911330E+03  1.3014156E+04  1.0579866E+01  0.0000000E+00  8.6992505E+02  3.6460459E+05  1.7334481E+01  3.6120666E+05  8.6400000E+03  0.0000000E+00  0.0000000E+00  3.3637520E+06  2.6373623E-03
     1.4740000E+03    237.1501785  3.5455843E+08 -1.2352000E+04  0.0000000E+00  1.7492683E+04  7.2607815E-02  0.0000000E+00  8.2301605E+02  3.6487675E+05  1.7332724E+01  3.6100269E+05  9.9999997E-06  0.0000000E+00  0.0000000E+00  3.3604578E+06 -2.1467793E+00
     1.4750000E+03    237.1436485  3.5453686E+08 -2.1568000E+04  0.0000000E+00  1.9008689E+04  7.1987391E-02  0.0000000E+00  1.1694410E+03  3.6435334E+05  1.7330278E+01  3.5934431E+05  9.9999997E-06  0.0000000E+00  0.0000000E+00  3.3566438E+06 -3.3845392E-01
     1.4760000E+03    237.1332958  3.5450269E+08 -3.4176000E+04  0.0000000E+00  2.1532352E+04  7.1771011E-02  0.0000000E+00  9.3244232E+02  3.6293384E+05  1.7326352E+01  3.5809325E+05  8.6400000E+03  0.0000000E+00  0.0000000E+00  3.3497578E+06  1.9904686E-02
     1.4770000E+03    237.1272027  3.5448259E+08 -2.0096000E+04  0.0000000E+00  1.9954121E+04  7.1595557E-02  0.0000000E+00  8.2357684E+02  3.6317984E+05  1.7323508E+01  3.5805528E+05  8.6400000E+03  0.0000000E+00  0.0000000E+00  3.3445300E+06 -3.2712171E+00
     1.4780000E+03    237.1184819  3.5445379E+08 -2.8800000E+04  0.0000000E+00  1.9412371E+04  7.1424715E-02  0.0000000E+00  1.1644608E+03  3.5903859E+05  1.7320151E+01  3.5675231E+05  8.6400000E+03  0.0000000E+00  0.0000000E+00  3.3402200E+06 -1.0111835E-01
     1.4790000E+03    237.1121873  3.5443302E+08 -2.0768000E+04  0.0000000E+00  2.3078033E+04  7.1254857E-02  0.0000000E+00  8.2348553E+02  3.6112466E+05  1.7317375E+01  3.5645834E+05  8.6400000E+03  0.0000000E+00  0.0000000E+00  3.3342348E+06 -3.7698147E+00
     1.4800000E+03    237.1035470  3.5440448E+08 -2.8544000E+04  0.0000000E+00  1.9289713E+04  7.1085624E-02  0.0000000E+00  1.1744584E+03  3.5713722E+05  1.7314029E+01  3.5494484E+05  8.6400000E+03  0.0000000E+00  0.0000000E+00  3.3298292E+06 -1.0929427E-01
     1.4810000E+03    237.0980398  3.5438637E+08 -1.8112000E+04  0.0000000E+00  1.4604642E+04  7.0916973E-02  0.0000000E+00  1.0697454E+03  3.5978778E+05  1.7311517E+01  3.5492509E+05  9.9999997E-06  0.0000000E+00  0.0000000E+00  3.3241402E+06 -8.0885649E-02
     1.4820000E+03    237.1044062  3.5440733E+08  2.0960000E+04  3.9067146E+04  7.3803398E+03  1.7222627E+02  0.0000000E+00  8.6977673E+02  3.6300738E+05  1.7313151E+01  3.5683297E+05  9.9999997E-06  0.0000000E+00  0.0000000E+00  3.3253478E+06  1.4050143E+00
     1.4830000E+03    237.1701501  3.5462435E+08  2.1702400E+05  1.7585424E+05  6.7059679E+03  2.4083696E+03  0.0000000E+00  8.1552979E+02  3.6542388E+05  1.7335212E+01  4.1870819E+05  8.6400000E+03  0.0000000E+00  0.0000000E+00  3.3641825E+06 -4.1611861E-03
     1.4840000E+03    237.1848546  3.5467290E+08  4.8544000E+04  1.1166088E+04  5.9189915E+03  1.1831730E+02  0.0000000E+00  8.1285657E+02  3.6603984E+05  1.7345414E+01  4.1731400E+05  8.6400000E+03  0.0000000E+00  0.0000000E+00  3.3827900E+06  5.8466680E-02
     1.4850000E+03    237.2004309  3.5472432E+08  5.1424000E+04  1.6750308E+04  7.0000880E+03  9.4529839E+01  0.0000000E+00  8.1167712E+02  3.6683953E+05  1.7351721E+01  4.1625525E+05  8.6400000E+03  0.0000000E+00  0.0000000E+00  3.3943532E+06 -2.1245680E-03
     1.4860000E+03    237.2099309  3.5475568E+08  3.1360000E+04  5.5836749E+03  1.1528672E+04  3.2434185E+01  0.0000000E+00  8.1121313E+02  3.7041575E+05  1.7356110E+01  4.1349841E+05  8.6400000E+03  0.0000000E+00  0.0000000E+00  3.4005175E+06 -4.8486254E-01
     1.4870000E+03    237.2146448  3.5477126E+08  1.5584000E+04  0.0000000E+00  1.4683878E+04  3.9602903E-01  0.0000000E+00  8.1111969E+02  3.6936431E+05  1.7358432E+01  4.0384519E+05  8.6400000E+03  0.0000000E+00  0.0000000E+00  3.4052462E+06 -8.9775169E-01
     1.4880000E+03    237.2193587  3.5478682E+08  1.5552000E+04  0.0000000E+00  1.6373061E+04  7.6589212E-02  0.0000000E+00  9.0259839E+02  3.7015294E+05  1.7360362E+01  3.9945316E+05  9.9999997E-06  0.0000000E+00  0.0000000E+00  3.4089428E+06 -4.3449628E-01
     1.4890000E+03    237.2214297  3.5479363E+08  6.8160000E+03  0.0000000E+00  1.6584241E+04  7.6301798E-02  0.0000000E+00  8.1087701E+02  3.7266044E+05  1.7361427E+01  3.9554100E+05  9.9999997E-06  0.0000000E+00  0.0000000E+00  3.4099045E+06  6.9106825E-02
     1.4900000E+03    237.2209695  3.5479213E+08 -1.5040000E+03  0.0000000E+00  1.5421066E+04  7.6059029E-02  0.0000000E+00  8.3558038E+02  3.7072159E+05  1.7361446E+01  3.9366859E+05  8.6400000E+03  0.0000000E+00  0.0000000E+00  3.4107715E+06  3.0603310E-01
     1.4910000E+03    237.2206959  3.5479123E+08 -8.9600000E+02  0.0000000E+00  1.6459262E+04  7.5821653E-02  0.0000000E+00  8.1147388E+02  3.7011194E+05  1.7361319E+01  3.9037016E+05  8.6400000E+03  0.0000000E+00  0.0000000E+00  3.4107525E+06 -7.9722065E-01
     1.4920000E+03    237.2564929  3.5490941E+08  1.1817600E+05  8.9357537E+04  6.9494256E+03  7.2788165E+02  0.0000000E+00  8.0846472E+02  3.7358450E+05  1.7373024E+01  4.1691594E+05  8.6400000E+03  0.0000000E+00  0.0000000E+00  3.4303390E+06  8.7138921E-02
     1.4930000E+03    237.2639295  3.5493395E+08  2.4544000E+04  5.6385403E+03  1.2998832E+04  3.9889954E+01  0.0000000E+00  8.0759503E+02  3.7401738E+05  1.7378392E+01  4.1378619E+05  8.6400000E+03  0.0000000E+00  0.0000000E+00  3.4404650E+06  1.2997529E-02
     1.4940000E+03    237.2682206  3.5494813E+08  1.4176000E+04  0.0000000E+00  1.3060535E+04  1.2300996E+00  0.0000000E+00  8.0832471E+02  3.7428203E+05  1.7380407E+01  4.0935575E+05  8.6400000E+03  0.0000000E+00  0.0000000E+00  3.4441412E+06 -2.5904190E-03
     1.4950000E+03    237.2741946  3.5496784E+08  1.9712000E+04  0.0000000E+00  1.3500006E+04  1.5645224E-01  0.0000000E+00  8.0803644E+02  3.7662084E+05  1.7382716E+01  4.0686291E+05  9.9999997E-06  0.0000000E+00  0.0000000E+00  3.4471985E+06 -5.3453016E-01
     1.4960000E+03    237.2784349  3.5498182E+08  1.3984000E+04  0.0000000E+00  1.3874006E+04  3.8245127E-02  0.0000000E+00  8.0801050E+02  3.7931712E+05  1.7384594E+01  4.0234694E+05  9.9999997E-06  0.0000000E+00  0.0000000E+00  3.4497298E+06 -1.0014758E+00
     1.4970000E+03    237.2784123  3.5498176E+08 -6.4000000E+01  0.0000000E+00  1.3731099E+04  3.8170796E-02  0.0000000E+00  8.2576367E+02  3.7952800E+05  1.7384934E+01  4.0185656E+05  8.6400000E+03  0.0000000E+00  0.0000000E+00  3.4504915E+06  2.0609450E-01
     1.4980000E+03    237.2778515  3.5497990E+08 -1.8560000E+03  0.0000000E+00  1.5155876E+04  3.8102973E-02  0.0000000E+00  8.7370856E+02  3.7701509E+05  1.7384749E+01  3.9847609E+05  8.6400000E+03  0.0000000E+00  0.0000000E+00  3.4511380E+06  9.4179966E-02
     1.4990000E+03    237.2777387  3.5497955E+08 -3.5200000E+02  0.0000000E+00  1.4170771E+04  3.8035948E-02  0.0000000E+00  8.0859357E+02  3.7665516E+05  1.7384666E+01  3.9588619E+05  8.6400000E+03  0.0000000E+00  0.0000000E+00  3.4510565E+06 -6.0991281E-01
     1.5000000E+03    237.3079536  3.5507930E+08  9.9744000E+04  8.1775044E+04  9.6752713E+03  6.4870935E+02  0.0000000E+00  8.0576251E+02  3.8009459E+05  1.7394556E+01  4.1546981E+05  8.6400000E+03  0.0000000E+00  0.0000000E+00  3.4674092E+06  1.0588795E-01
     1.5010000E+03    237.3176831  3.5511139E+08  3.2096000E+04  8.4598580E+03  4.5822881E+03  5.2958229E+01  0.0000000E+00  8.0462347E+02  3.8146103E+05  1.7400218E+01  4.1714700E+05  8.6400000E+03  0.0000000E+00  0.0000000E+00  3.4773978E+06 -7.7915348E-02
     1.5020000E+03    237.3248686  3.5513514E+08  2.3744000E+04  0.0000000E+00  7.7500272E+03  7.3324734E-01  0.0000000E+00  8.0462860E+02  3.8394416E+05  1.7403369E+01  4.1461575E+05  9.9999997E-06  0.0000000E+00  0.0000000E+00  3.4827000E+06 -8.2973028E-03
     1.5030000E+03    237.3302914  3.5515302E+08  1.7888000E+04  0.0000000E+00  6.6173235E+03  5.5997755E-02  0.0000000E+00  8.0434644E+02  3.8840378E+05  1.7405734E+01  4.1223019E+05  9.9999997E-06  0.0000000E+00  0.0000000E+00  3.4851760E+06  2.6170628E-02
     1.5040000E+03    237.3336059  3.5516397E+08  1.0944000E+04  0.0000000E+00  7.3422591E+03  5.5804994E-02  0.0000000E+00  8.0463953E+02  3.8433150E+05  1.7407264E+01  4.1058325E+05  8.6400000E+03  0.0000000E+00  0.0000000E+00  3.4895145E+06  2.7414817E-02
     1.5050000E+03    237.3357529  3.5517104E+08  7.0720000E+03  0.0000000E+00  1.0070961E+04  5.5670366E-02  0.0000000E+00  8.0502881E+02  3.8399131E+05  1.7408239E+01  4.0848559E+05  8.6400000E+03  0.0000000E+00  0.0000000E+00  3.4913998E+06 -1.2240689E-01
     1.5060000E+03    237.3372066  3.5517584E+08  4.8000000E+03  0.0000000E+00  8.8857333E+03  5.5541936E-02  0.0000000E+00  8.4158563E+02  3.8290841E+05  1.7408891E+01  4.0831916E+05  8.6400000E+03  0.0000000E+00  0.0000000E+00  3.4929925E+06  9.5543885E-01
     1.5070000E+03    237.3392839  3.5518272E+08  6.8800000E+03  5.6404538E+03  1.2779177E+04  2.8776930E+01  0.0000000E+00  8.3762366E+02  3.8300119E+05  1.7409691E+01  4.0796119E+05  8.6400000E+03  0.0000000E+00  0.0000000E+00  3.4944065E+06  7.6007068E-01
     1.5080000E+03    237.3474470  3.5520966E+08  2.6944000E+04  2.2562645E+04  1.2427916E+04  1.2833989E+02  0.0000000E+00  8.0507605E+02  3.8558506E+05  1.7412535E+01  4.1333909E+05  8.6400000E+03  0.0000000E+00  0.0000000E+00  3.4984445E+06  7.3729903E-01
     1.5090000E+03    237.4052261  3.5540042E+08  1.9075200E+05  1.3541108E+05  9.6051196E+03  1.6520364E+03  0.0000000E+00  7.9956519E+02  3.9175900E+05  1.7432133E+01  4.5427503E+05  9.9999997E-06  0.0000000E+00  0.0000000E+00  3.5323258E+06  6.9662853E-04
     1.5100000E+03    237.4188189  3.5544528E+08  4.4864000E+04  2.8212368E+03  9.7197123E+03  3.4532154E+01  0.0000000E+00  7.9770123E+02  3.9516891E+05  1.7441319E+01  4.4611625E+05  9.9999997E-06  0.0000000E+00  0.0000000E+00  3.5481512E+06 -7.6427998E-05
     1.5110000E+03    237.4268013  3.5547162E+08  2.6336000E+04  0.0000000E+00  1.0893101E+04  2.1685228E+00  0.0000000E+00  7.9728857E+02  3.9340878E+05  1.7445048E+01  4.3851406E+05  8.6400000E+03  0.0000000E+00  0.0000000E+00  3.5556635E+06  4.1470951E-03
     1.5120000E+03    237.4604002  3.5558256E+08  1.1094400E+05  7.3365882E+04  1.2503775E+04  6.3739508E+02  0.0000000E+00  7.9492816E+02  3.9714556E+05  1.7456709E+01  4.5445331E+05  8.6400000E+03  0.0000000E+00  0.0000000E+00  3.5754185E+06  1.2990044E-04
     1.5130000E+03    237.4752449  3.5563155E+08  4.8992000E+04  1.4109766E+04  9.6503093E+03  1.1080048E+02  0.0000000E+00  7.9433557E+02  3.9825172E+05  1.7464324E+01  4.5055266E+05  8.6400000E+03  0.0000000E+00  0.0000000E+00  3.5891445E+06  3.4500901E-03
     1.5140000E+03    237.4857150  3.5566611E+08  3.4560000E+04  0.0000000E+00  7.5171046E+03  1.2382345E+00  0.0000000E+00  7.9619757E+02  4.0219191E+05  1.7468970E+01  4.4349734E+05  9.9999997E-06  0.0000000E+00  0.0000000E+00  3.5964428E+06  1.8709425E-03
     1.5150000E+03    237.4925370  3.5568864E+08  2.2528000E+04  0.0000000E+00  7.7603060E+03  1.4643398E-01  0.0000000E+00  8.5926752E+02  4.0115797E+05  1.7472063E+01  4.3866334E+05  8.6400000E+03  0.0000000E+00  0.0000000E+00  3.6024002E+06 -1.3218884E-01
     1.5160000E+03    237.4996367  3.5571206E+08  2.3424000E+04  0.0000000E+00  8.2850170E+03  6.4869963E-02  0.0000000E+00  8.6476807E+02  4.0413181E+05  1.7474948E+01  4.3560675E+05  9.9999997E-06  0.0000000E+00  0.0000000E+00  3.6067058E+06  1.4050886E-01
     1.5170000E+03    237.5061339  3.5573354E+08  2.1472000E+04  0.0000000E+00  8.1459895E+03  6.4723559E-02  0.0000000E+00  8.0312286E+02  4.0655931E+05  1.7477658E+01  4.3501641E+05  9.9999997E-06  0.0000000E+00  0.0000000E+00  3.6107590E+06 -8.6087801E-02
     1.5180000E+03    237.5104822  3.5574787E+08  1.4336000E+04  0.0000000E+00  9.7377298E+03  6.4583071E-02  0.0000000E+00  8.0531787E+02  4.0444641E+05  1.7479615E+01  4.3660947E+05  8.6400000E+03  0.0000000E+00  0.0000000E+00  3.6150780E+06  5.4239128E-02
     1.5190000E+03    237.5190358  3.5577613E+08  2.8256000E+04  0.0000000E+00  8.7622560E+03  6.4443573E-02  0.0000000E+00  8.0652704E+02  4.0299931E+05  1.7482773E+01  4.4831856E+05  8.6400000E+03  0.0000000E+00  0.0000000E+00  3.6214585E+06  1.0022262E-01
     1.5200000E+03    237.5637487  3.5592371E+08  1.4758400E+05  7.9046156E+04  1.0360343E+04  6.9663995E+02  0.0000000E+00  8.0376843E+02  4.0589506E+05  1.7498122E+01  4.9192000E+05  8.6400000E+03  0.0000000E+00  0.0000000E+00  3.6485595E+06 -5.3005279E-03
     1.5210000E+03    237.9730541  3.5727494E+08  1.3512320E+06  2.8282739E+05  1.0777611E+04  6.8481401E+03  0.0000000E+00  1.7567920E+04  2.8860634E+05  1.7635881E+01  1.3520315E+06  8.6400000E+03  0.0000000E+00  0.0000000E+00  3.9906515E+06  7.5334116E-05
     1.5220000E+03    238.5058813  3.5903392E+08  1.7589760E+06  3.4587477E+05  1.0218787E+04  1.2798338E+04  0.0000000E+00  1.2520570E+05  3.4713912E+05  1.7843970E+01  1.6411306E+06  8.6400000E+03  0.0000000E+00  0.0000000E+00  4.3757790E+06  8.3529041E-04
     1.5230000E+03    238.9410026  3.6047629E+08  1.4423680E+06  9.6217596E+04  1.0211531E+04  3.1088071E+03  0.0000000E+00  1.0812756E+05  4.6445962E+05  1.8030165E+01  1.7095982E+06  9.9999997E-06  0.0000000E+00  0.0000000E+00  4.6859400E+06 -2.6081709E-04
     1.5240000E+03    239.4770059  3.6225792E+08  1.7816320E+06  3.3027786E+05  7.2676622E+03  1.5332428E+04  0.0000000E+00  1.1080191E+05  6.1149644E+05  1.8241409E+01  1.9440158E+06  9.9999997E-06  0.0000000E+00  0.0000000E+00  5.0293595E+06  5.6760712E-04
     1.5250000E+03    239.8274331  3.6342272E+08  1.1648000E+06  0.0000000E+00  8.4394199E+03  4.5177179E+02  0.0000000E+00  4.1703957E+04  7.6561669E+05  1.8400117E+01  1.9053576E+06  8.6400000E+03  0.0000000E+00  0.0000000E+00  5.2685935E+06 -5.7765970E-05
     1.5260000E+03    240.1439795  3.6447491E+08  1.0521920E+06  1.1726732E+04  9.7905570E+03  2.4825175E+02  0.0000000E+00  1.9201584E+04  9.0699825E+05  1.8532525E+01  1.9464415E+06  8.6400000E+03  0.0000000E+00  0.0000000E+00  5.4824925E+06 -1.0745249E-03
     1.5270000E+03    240.4799629  3.6559690E+08  1.1219840E+06  1.3799133E+05  9.6328335E+03  3.8158162E+03  0.0000000E+00  3.3048367E+03  1.0570919E+06  1.8668527E+01  2.0522670E+06  8.6400000E+03  0.0000000E+00  0.0000000E+00  5.6950220E+06  5.2903936E-04
     1.5280000E+03    240.7397434  3.6646656E+08  8.6966400E+05  0.0000000E+00  5.9117930E+03  2.1419767E+01  0.0000000E+00  7.0377850E+02  1.2080192E+06  1.8781155E+01  2.0915158E+06  8.6400000E+03  0.0000000E+00  0.0000000E+00  5.8755180E+06 -6.0939440E-04
     1.5290000E+03    240.9711011  3.6724106E+08  7.7449600E+05  0.0000000E+00  7.0890591E+03  1.1645870E+00  0.0000000E+00  6.2216754E+02  1.3693900E+06  1.8878229E+01  2.1589892E+06  8.6400000E+03  0.0000000E+00  0.0000000E+00  6.0332185E+06 -9.8976085E-04
     1.5300000E+03    241.1431506  3.6781702E+08  5.7596800E+05  0.0000000E+00  7.7742673E+03  8.2729489E-02  0.0000000E+00  7.8561139E+02  1.5820195E+06  1.8953545E+01  2.1613300E+06  9.9999997E-06  0.0000000E+00  0.0000000E+00  6.1363410E+06 -1.6950989E-01
     1.5310000E+03    241.2497010  3.6817373E+08  3.5670400E+05  0.0000000E+00  8.0483110E+03  6.2038369E-02  0.0000000E+00  6.5401337E+02  1.7086266E+06  1.9002545E+01  2.0711570E+06  9.9999997E-06  0.0000000E+00  0.0000000E+00  6.2069315E+06 -7.6587580E-02
     1.5320000E+03    241.3312473  3.6844672E+08  2.7299200E+05  0.0000000E+00  7.7712616E+03  6.1895531E-02  0.0000000E+00  5.7334027E+02  1.7801229E+06  1.9037988E+01  2.0676439E+06  8.6400000E+03  0.0000000E+00  0.0000000E+00  6.2642735E+06 -6.4203843E-02
     1.5330000E+03    241.4111778  3.6871427E+08  2.6755200E+05  3.5372032E+04  9.4653340E+03  7.1680963E+02  0.0000000E+00  5.5233350E+02  1.8395922E+06  1.9070854E+01  2.0921182E+06  8.6400000E+03  0.0000000E+00  0.0000000E+00  6.3197470E+06  1.6398048E-01
     1.5340000E+03    241.4694036  3.6890922E+08  1.9494400E+05  0.0000000E+00  5.6330987E+03  9.1257696E+00  0.0000000E+00  5.6638098E+02  1.8835782E+06  1.9096477E+01  2.0895210E+06  8.6400000E+03  0.0000000E+00  0.0000000E+00  6.3647165E+06 -1.3004184E-01
     1.5350000E+03    241.5129996  3.6905514E+08  1.4592000E+05  0.0000000E+00  4.6718993E+03  9.1308363E-02  0.0000000E+00  5.4089038E+02  1.9198564E+06  1.9115528E+01  2.0746848E+06  8.6400000E+03  0.0000000E+00  0.0000000E+00  6.3970730E+06 -1.8704592E-01
     1.5360000E+03    241.5495826  3.6917763E+08  1.2249600E+05  8.8482176E+03  4.5106817E+03  1.7068719E+02  0.0000000E+00  5.3341071E+02  1.9495471E+06  1.9131084E+01  2.0755854E+06  8.6400000E+03  0.0000000E+00  0.0000000E+00  6.4235510E+06 -3.6028796E-03
     1.5370000E+03    241.6115602  3.6938509E+08  2.0745600E+05  5.9003673E+04  5.1720714E+03  1.3791012E+03  0.0000000E+00  5.2251996E+02  1.9922179E+06  1.9154386E+01  2.1463525E+06  9.9999997E-06  0.0000000E+00  0.0000000E+00  6.4640910E+06  1.0839808E-01
     1.5380000E+03    241.6667313  3.6956979E+08  1.8470400E+05  2.0656130E+04  7.9674399E+03  4.6458307E+02  0.0000000E+00  5.0729129E+02  2.0280024E+06  1.9177537E+01  2.2027812E+06  9.9999997E-06  0.0000000E+00  0.0000000E+00  6.5064515E+06  1.6706683E-01
     1.5390000E+03    241.8188540  3.7007904E+08  5.0924800E+05  2.6575061E+04  6.0558904E+03  6.0228320E+02  0.0000000E+00  4.2451105E+02  2.0232882E+06  1.9231894E+01  2.5196552E+06  8.6400000E+03  0.0000000E+00  0.0000000E+00  6.6322385E+06  2.2082578E-04
     1.5400000E+03    241.9575852  3.7054602E+08  4.6697600E+05  0.0000000E+00  4.3694821E+03  1.0164247E+00  0.0000000E+00  3.8299005E+02  2.1328445E+06  1.9289805E+01  2.6128048E+06  8.6400000E+03  0.0000000E+00  0.0000000E+00  6.7366690E+06  1.2991791E-02
     1.5410000E+03    242.0797233  3.7095754E+08  4.1152000E+05  0.0000000E+00  3.8148668E+03  9.4273366E-02  0.0000000E+00  3.5845953E+02  2.2508855E+06  1.9341183E+01  2.6743732E+06  8.6400000E+03  0.0000000E+00  0.0000000E+00  6.8208435E+06 -5.5239182E-03
     1.5420000E+03    242.1880254  3.7132246E+08  3.6492800E+05  0.0000000E+00  7.0265771E+03  7.5371422E-02  0.0000000E+00  3.3762637E+02  2.3498862E+06  1.9386668E+01  2.7310365E+06  8.6400000E+03  0.0000000E+00  0.0000000E+00  6.8941240E+06  3.1998545E-02
     1.5430000E+03    242.3535347  3.7188013E+08  5.5766400E+05  1.5086780E+05  8.5739319E+03  4.8980200E+03  0.0000000E+00  3.5526187E+02  2.4488995E+06  1.9449763E+01  2.8676685E+06  8.6400000E+03  0.0000000E+00  0.0000000E+00  7.0017690E+06 -2.4803315E-04
     1.5440000E+03    242.5221650  3.7244829E+08  5.6816000E+05  1.3911441E+05  8.1977715E+03  4.9430708E+03  0.0000000E+00  3.9936969E+02  2.5711095E+06  1.9518565E+01  3.0029988E+06  9.9999997E-06  0.0000000E+00  0.0000000E+00  7.1272400E+06 -9.9286553E-04
     1.5450000E+03    242.8931424  3.7369824E+08  1.2499520E+06  4.6528458E+05  6.0979192E+03  3.7096191E+04  0.0000000E+00  1.1229528E+03  2.7562975E+06  1.9653916E+01  3.5088728E+06  9.9999997E-06  0.0000000E+00  0.0000000E+00  7.4019115E+06  2.3053669E-04
     1.5460000E+03    243.0046479  3.7407395E+08  3.7571200E+05  0.0000000E+00  5.9222934E+03  7.2015936E+02  0.0000000E+00  2.4307993E+03  3.0105398E+06  1.9720833E+01  3.3890002E+06  9.9999997E-06  0.0000000E+00  0.0000000E+00  7.5175370E+06 -1.2528922E-03
     1.5470000E+03    243.1533870  3.7457510E+08  5.0115200E+05  1.6907352E+05  4.8751452E+03  7.5266929E+03  0.0000000E+00  1.5914690E+03  3.1571005E+06  1.9778695E+01  3.4849480E+06  9.9999997E-06  0.0000000E+00  0.0000000E+00  7.6195815E+06 -2.1156714E-04
     1.5480000E+03    243.2482884  3.7489488E+08  3.1977600E+05  3.8572981E+04  6.4031555E+03  1.4017666E+03  0.0000000E+00  3.1350308E+03  3.2529410E+06  1.9821969E+01  3.5360215E+06  9.9999997E-06  0.0000000E+00  0.0000000E+00  7.7016115E+06 -2.4447273E-04
     1.5490000E+03    243.3142978  3.7511728E+08  2.2240000E+05  0.0000000E+00  5.2157615E+03  2.2973741E+02  0.0000000E+00  3.7707056E+03  3.3320972E+06  1.9851368E+01  3.5557410E+06  9.9999997E-06  0.0000000E+00  0.0000000E+00  7.7540745E+06  2.4580437E-04
     1.5500000E+03    243.3774120  3.7532995E+08  2.1267200E+05  2.9684456E+04  4.6207328E+03  8.0739502E+02  0.0000000E+00  4.0492053E+03  3.3983418E+06  1.9877452E+01  3.5810902E+06  9.9999997E-06  0.0000000E+00  0.0000000E+00  7.8000140E+06 -6.4304122E-04
     1.5510000E+03    243.4262122  3.7547629E+08  1.4633600E+05  0.0000000E+00  4.8416190E+03  7.5349564E+01  0.0000000E+00  4.2829551E+03  3.4533210E+06  1.9898609E+01  3.6000722E+06  9.9999997E-06  0.0000000E+00  0.0000000E+00  7.8377185E+06 -2.4414398E-03
     1.5520000E+03    243.5836724  3.7554899E+08  7.2704000E+04  0.0000000E+00  5.1035356E+03  3.6904327E+01  0.0000000E+00  4.0558860E+03  3.6049322E+06  1.9954193E+01  3.6786898E+06  9.9999997E-06  0.0000000E+00  0.0000000E+00  7.9345330E+06  6.1773945E-04
     1.5530000E+03    243.6423627  3.7557610E+08  2.7104000E+04  0.0000000E+00  5.0060376E+03  1.9080212E+01  0.0000000E+00  4.0019404E+03  3.6914738E+06  1.9986318E+01  3.7282152E+06  8.6400000E+03  0.0000000E+00  0.0000000E+00  7.9923760E+06 -2.0095191E-04
     1.5540000E+03    243.6796908  3.7559334E+08  1.7248000E+04  0.0000000E+00  3.7134680E+03  8.3442841E+00  0.0000000E+00  4.0406550E+03  3.7379380E+06  2.0003355E+01  3.7548750E+06  9.9999997E-06  0.0000000E+00  0.0000000E+00  8.0241760E+06  1.1971511E-04
     1.5550000E+03    243.6837879  3.7559523E+08  1.8880000E+03  0.0000000E+00  4.2426798E+03  3.3740621E+00  0.0000000E+00  4.1008271E+03  3.7505805E+06  2.0007754E+01  3.7612985E+06  8.6400000E+03  0.0000000E+00  0.0000000E+00  8.0327685E+06  8.3656388E-04
     1.5560000E+03    243.6830643  3.7559491E+08 -3.2000000E+02  0.0000000E+00  4.8598797E+03  1.0666943E+00  0.0000000E+00  4.0968159E+03  3.7515955E+06  2.0007853E+01  3.7604612E+06  8.6400000E+03  0.0000000E+00  0.0000000E+00  8.0337375E+06 -6.2747081E-03
     1.5570000E+03    243.6797214  3.7559334E+08 -1.5680000E+03  0.0000000E+00  5.3115313E+03  2.0193742E-01  0.0000000E+00  4.0438362E+03  3.7491698E+06  2.0006698E+01  3.7574420E+06  8.6400000E+03  0.0000000E+00  0.0000000E+00  8.0322535E+06 -2.3185418E-03
     1.5580000E+03    243.8706658  3.7568154E+08  8.8192000E+04  1.2091014E+05  4.3783881E+03  3.6734368E+03  0.0000000E+00  3.5044941E+03  3.9229735E+06  2.0068982E+01  3.8883878E+06  9.9999997E-06  0.0000000E+00  0.0000000E+00  8.1405645E+06  2.2700248E-02
     1.5590000E+03    243.8193276  3.7565782E+08 -2.3712000E+04  9.0680930E+03  1.9004196E+03  2.6518958E+02  0.0000000E+00  3.6937671E+03  3.9139222E+06  2.0067801E+01  3.8790232E+06  9.9999997E-06  0.0000000E+00  0.0000000E+00  8.1415710E+06 -2.0557516E-03
     1.5600000E+03    243.7687284  3.7563446E+08 -2.3360000E+04  0.0000000E+00  6.5964017E+03  2.0738512E+01  0.0000000E+00  4.1092378E+03  3.8559938E+06  2.0047019E+01  3.8381448E+06  8.6400000E+03  0.0000000E+00  0.0000000E+00  8.1061585E+06 -1.4505650E-01
     1.5610000E+03    243.7361346  3.7561939E+08 -1.5072000E+04  0.0000000E+00  7.1941539E+03  9.6351051E+00  0.0000000E+00  4.5843809E+03  3.8126352E+06  2.0032197E+01  3.8078215E+06  8.6400000E+03  0.0000000E+00  0.0000000E+00  8.0813245E+06 -2.6172202E-02
     1.5620000E+03    243.7374628  3.7562003E+08  6.4000000E+02  1.5113046E+04  2.9784963E+03  3.1662891E+02  0.0000000E+00  4.2036226E+03  3.8107012E+06  2.0029962E+01  3.8031612E+06  8.6400000E+03  0.0000000E+00  0.0000000E+00  8.0765510E+06 -4.8459312E-03
     1.5630000E+03    243.7108657  3.7560774E+08 -1.2288000E+04  0.0000000E+00  5.4612137E+03  3.1301627E+00  0.0000000E+00  4.3058013E+03  3.7888535E+06  2.0021357E+01  3.7851615E+06  8.6400000E+03  0.0000000E+00  0.0000000E+00  8.0608170E+06 -3.1981543E-02
     1.5640000E+03    243.7234917  3.7561357E+08  5.8240000E+03  1.8135564E+04  2.6794195E+03  4.3124069E+02  0.0000000E+00  4.2011963E+03  3.7957070E+06  2.0023315E+01  3.7905615E+06  8.6400000E+03  0.0000000E+00  0.0000000E+00  8.0637555E+06  1.2036725E-02
     1.5650000E+03    243.7130918  3.7560877E+08 -4.8000000E+03  0.0000000E+00  4.1419998E+03  2.7756374E+00  0.0000000E+00  4.2059595E+03  3.7886268E+06  2.0020942E+01  3.7836580E+06  9.9999997E-06  0.0000000E+00  0.0000000E+00  8.0598990E+06 -3.2166305E-03
     1.5660000E+03    243.7046543  3.7560486E+08 -3.9040000E+03  0.0000000E+00  5.3799721E+03  5.5576503E-01  0.0000000E+00  4.1725088E+03  3.7794215E+06  2.0017326E+01  3.7761042E+06  9.9999997E-06  0.0000000E+00  0.0000000E+00  8.0534585E+06 -1.6916253E-02
     1.5670000E+03    243.6798266  3.7559341E+08 -1.1456000E+04  0.0000000E+00  4.0799373E+03  1.0707263E-01  0.0000000E+00  4.2889976E+03  3.7603852E+06  2.0008501E+01  3.7571435E+06  8.6400000E+03  0.0000000E+00  0.0000000E+00  8.0372705E+06 -6.2746392E-03
     1.5680000E+03    243.6744376  3.7559091E+08 -2.4960000E+03  0.0000000E+00  3.9729824E+03  7.7545799E-02  0.0000000E+00  4.1102949E+03  3.7521025E+06  2.0004702E+01  3.7509020E+06  8.6400000E+03  0.0000000E+00  0.0000000E+00  8.0301530E+06 -1.9197232E-01
     1.5690000E+03    243.6341672  3.7557232E+08 -1.8592000E+04  0.0000000E+00  4.4612305E+03  7.7268280E-02  0.0000000E+00  4.2489150E+03  3.7276342E+06  1.9991067E+01  3.7176600E+06  8.6400000E+03  0.0000000E+00  0.0000000E+00  8.0042005E+06 -6.8034385E-03
     1.5700000E+03    243.6241504  3.7556768E+08 -4.6400000E+03  0.0000000E+00  5.5471299E+03  7.6992780E-02  0.0000000E+00  4.0316138E+03  3.7125635E+06  1.9984487E+01  3.7061135E+06  8.6400000E+03  0.0000000E+00  0.0000000E+00  7.9919165E+06 -3.2160550E-01
     1.5710000E+03    243.5731934  3.7554416E+08 -2.3520000E+04  0.0000000E+00  6.3202673E+03  7.6718710E-02  0.0000000E+00  4.1904990E+03  3.6787072E+06  1.9966972E+01  3.6657382E+06  8.6400000E+03  0.0000000E+00  0.0000000E+00  7.9589525E+06 -6.4637302E-03
     1.5720000E+03    243.5491058  3.7553306E+08 -1.1104000E+04  0.0000000E+00  5.8679138E+03  7.6445945E-02  0.0000000E+00  4.0235618E+03  3.6513018E+06  1.9954907E+01  3.6417560E+06  9.9999997E-06  0.0000000E+00  0.0000000E+00  7.9365590E+06 -8.3670802E-03
     1.5730000E+03    243.5326307  3.7552544E+08 -7.6160000E+03  0.0000000E+00  6.2702355E+03  7.6174505E-02  0.0000000E+00  3.7641521E+03  3.6342180E+06  1.9947537E+01  3.6280125E+06  9.9999997E-06  0.0000000E+00  0.0000000E+00  7.9227060E+06 -3.0641327E-02
     1.5740000E+03    243.5213933  3.7552026E+08 -5.1840000E+03  0.0000000E+00  6.2986714E+03  7.5904362E-02  0.0000000E+00  3.5663069E+03  3.6218408E+06  1.9942506E+01  3.6197430E+06  8.6400000E+03  0.0000000E+00  0.0000000E+00  7.9134310E+06 -2.2838762E-01
     1.5750000E+03    243.5156293  3.7551760E+08 -2.6560000E+03  0.0000000E+00  9.4245661E+03  7.5635538E-02  0.0000000E+00  3.3701604E+03  3.6151232E+06  1.9939697E+01  3.6135532E+06  8.6400000E+03  0.0000000E+00  0.0000000E+00  7.9081685E+06 -3.7510240E-01
     1.5760000E+03    243.5260064  3.7552237E+08  4.7680000E+03  3.0223804E+04  4.0937663E+03  6.6155859E+02  0.0000000E+00  3.0720886E+03  3.6312562E+06  1.9942625E+01  3.6229210E+06  8.6400000E+03  0.0000000E+00  0.0000000E+00  7.9106025E+06  2.2151406E-01
     1.5770000E+03    243.6210739  3.7556627E+08  4.3904000E+04  7.5562080E+04  5.6952380E+03  2.1294390E+03  0.0000000E+00  2.6123311E+03  3.7050255E+06  1.9974620E+01  3.6922925E+06  8.6400000E+03  0.0000000E+00  0.0000000E+00  7.9686850E+06  2.4681942E-01
     1.5780000E+03    243.5671410  3.7554138E+08 -2.4896000E+04  6.0448495E+03  1.1514000E+04  1.5456664E+02  0.0000000E+00  2.8849441E+03  3.6809362E+06  1.9964737E+01  3.6669320E+06  8.6400000E+03  0.0000000E+00  0.0000000E+00  7.9522990E+06 -5.3497460E-03
     1.5790000E+03    243.5410574  3.7552934E+08 -1.2032000E+04  0.0000000E+00  8.8501856E+03  4.8644724E+00  0.0000000E+00  3.0358452E+03  3.6477628E+06  1.9951775E+01  3.6400768E+06  9.9999997E-06  0.0000000E+00  0.0000000E+00  7.9293960E+06 -4.0570110E-02
     1.5800000E+03    243.5235786  3.7552125E+08 -8.0960000E+03  0.0000000E+00  8.3640469E+03  1.4359832E+00  0.0000000E+00  3.0234934E+03  3.6273148E+06  1.9943912E+01  3.6234960E+06  9.9999997E-06  0.0000000E+00  0.0000000E+00  7.9153690E+06 -2.9753566E-02
     1.5810000E+03    243.4887318  3.7550515E+08 -1.6096000E+04  0.0000000E+00  9.2871739E+03  2.3181206E-01  0.0000000E+00  3.1304778E+03  3.5983405E+06  1.9931064E+01  3.5970302E+06  8.6400000E+03  0.0000000E+00  0.0000000E+00  7.8920250E+06 -8.5031951E-04
     1.5820000E+03    243.4727569  3.7549779E+08 -7.3600000E+03  0.0000000E+00  9.7795677E+03  4.6203028E-02  0.0000000E+00  3.0401230E+03  3.5781205E+06  1.9922976E+01  3.5822675E+06  8.6400000E+03  0.0000000E+00  0.0000000E+00  7.8773990E+06 -1.0822146E-01
     1.5830000E+03    243.4453238  3.7548512E+08 -1.2672000E+04  0.0000000E+00  9.2485379E+03  4.6107437E-02  0.0000000E+00  3.0503914E+03  3.5576212E+06  1.9912680E+01  3.5597535E+06  8.6400000E+03  0.0000000E+00  0.0000000E+00  7.8581210E+06 -1.5032737E-03
     1.5840000E+03    243.4351661  3.7548045E+08 -4.6720000E+03  0.0000000E+00  8.8969707E+03  4.6012662E-02  0.0000000E+00  3.0738481E+03  3.5409990E+06  1.9907105E+01  3.5499880E+06  8.6400000E+03  0.0000000E+00  0.0000000E+00  7.8487240E+06 -2.3099257E-02
     1.5850000E+03    243.4195457  3.7547190E+08 -8.5440000E+03  0.0000000E+00  1.0201720E+04  4.5918230E-02  0.0000000E+00  2.8682761E+03  3.5304085E+06  1.9901156E+01  3.5378715E+06  8.6400000E+03  0.0000000E+00  0.0000000E+00  7.8369240E+06  3.8035988E-04
     1.5860000E+03    243.4163572  3.7546115E+08 -1.0752000E+04  0.0000000E+00  1.1356663E+04  4.5824084E-02  0.0000000E+00  2.7132959E+03  3.5311205E+06  1.9898832E+01  3.5290308E+06  9.9999997E-06  0.0000000E+00  0.0000000E+00  7.8314910E+06 -3.5285844E-05
     1.5870000E+03    243.4135450  3.7545168E+08 -9.4720000E+03  0.0000000E+00  9.4349344E+03  4.5730222E-02  0.0000000E+00  2.5877156E+03  3.5289192E+06  1.9897649E+01  3.5262030E+06  9.9999997E-06  0.0000000E+00  0.0000000E+00  7.8290440E+06 -3.1511646E-03
     1.5880000E+03    243.4071100  3.7543002E+08 -2.1664000E+04  0.0000000E+00  1.2838898E+04  4.5636643E-02  0.0000000E+00  2.4972886E+03  3.5236745E+06  1.9895311E+01  3.5208825E+06  8.6400000E+03  0.0000000E+00  0.0000000E+00  7.8246480E+06 -3.6599054E-03
     1.5890000E+03    243.4021299  3.7541322E+08 -1.6800000E+04  0.0000000E+00  9.1986934E+03  4.5543350E-02  0.0000000E+00  2.4084221E+03  3.5186062E+06  1.9893152E+01  3.5171160E+06  8.6400000E+03  0.0000000E+00  0.0000000E+00  7.8206090E+06 -3.9728940E-03
     1.5900000E+03    243.3969513  3.7539578E+08 -1.7440000E+04  0.0000000E+00  1.0249679E+04  4.5450337E-02  0.0000000E+00  2.3318555E+03  3.5138570E+06  1.9891047E+01  3.5128710E+06  8.6400000E+03  0.0000000E+00  0.0000000E+00  7.8166510E+06 -3.5029203E-03
     1.5910000E+03    243.4057054  3.7542528E+08  2.9504000E+04  4.4985325E+04  9.1934186E+03  9.9633075E+02  0.0000000E+00  2.1950688E+03  3.5252980E+06  1.9893491E+01  3.5248152E+06  8.6400000E+03  0.0000000E+00  0.0000000E+00  7.8194220E+06  9.4178775E-03
     1.5920000E+03    243.4020098  3.7541280E+08 -1.2480000E+04  0.0000000E+00  7.3654350E+03  5.6975522E+00  0.0000000E+00  2.1512415E+03  3.5195965E+06  1.9892998E+01  3.5208158E+06  8.6400000E+03  0.0000000E+00  0.0000000E+00  7.8197010E+06 -4.7869938E-03
     1.5930000E+03    243.4006216  3.7540813E+08 -4.6720000E+03  0.0000000E+00  8.0306111E+03  5.4240829E-01  0.0000000E+00  2.1848218E+03  3.5165322E+06  1.9892240E+01  3.5177022E+06  9.9999997E-06  0.0000000E+00  0.0000000E+00  7.8186685E+06 -6.5965258E-04
     1.5940000E+03    243.3977902  3.7539859E+08 -9.5360000E+03  0.0000000E+00  9.0010330E+03  4.6946280E-02  0.0000000E+00  2.0891914E+03  3.5161152E+06  1.9891199E+01  3.5134260E+06  9.9999997E-06  0.0000000E+00  0.0000000E+00  7.8162745E+06 -2.4112542E-03
     1.5950000E+03    243.3922341  3.7537987E+08 -1.8720000E+04  0.0000000E+00  9.4033501E+03  4.6862118E-02  0.0000000E+00  2.0718716E+03  3.5113838E+06  1.9889147E+01  3.5085992E+06  8.6400000E+03  0.0000000E+00  0.0000000E+00  7.8125305E+06 -1.5795676E-03
     1.5960000E+03    243.3876715  3.7536451E+08 -1.5360000E+04  0.0000000E+00  9.1399161E+03  4.6786178E-02  0.0000000E+00  2.1460654E+03  3.5046068E+06  1.9887197E+01  3.5054030E+06  8.6400000E+03  0.0000000E+00  0.0000000E+00  7.8096050E+06  1.4258716E-02
     1.5970000E+03    243.3817629  3.7534461E+08 -1.9904000E+04  0.0000000E+00  1.1400811E+04  4.6711206E-02  0.0000000E+00  2.0204517E+03  3.5013970E+06  1.9884887E+01  3.4994548E+06  8.6400000E+03  0.0000000E+00  0.0000000E+00  7.8047475E+06 -2.2291904E-03
     1.5980000E+03    243.3749035  3.7532147E+08 -2.3136000E+04  0.0000000E+00  1.1763687E+04  4.6636481E-02  0.0000000E+00  2.0268585E+03  3.4972165E+06  1.9882156E+01  3.4905968E+06  8.6400000E+03  0.0000000E+00  0.0000000E+00  7.7991635E+06 -5.3459134E-02
     1.5990000E+03    243.3664342  3.7529296E+08 -2.8512000E+04  0.0000000E+00  1.2844125E+04  4.6561923E-02  0.0000000E+00  2.1092935E+03  3.4893122E+06  1.9878819E+01  3.4776210E+06  8.6400000E+03  0.0000000E+00  0.0000000E+00  7.7931270E+06 -7.3323399E-02
     1.6000000E+03    243.3547059  3.7525344E+08 -3.9520000E+04  0.0000000E+00  1.3427734E+04  4.6487525E-02  0.0000000E+00  2.0526189E+03  3.4841130E+06  1.9874283E+01  3.4536012E+06  9.9999997E-06  0.0000000E+00  0.0000000E+00  7.7830915E+06 -6.8233274E-02
     1.6010000E+03    243.3414844  3.7520890E+08 -4.4544000E+04  0.0000000E+00  1.2849156E+04  4.6413291E-02  0.0000000E+00  2.0428195E+03  3.4741098E+06  1.9868991E+01  3.4339760E+06  9.9999997E-06  0.0000000E+00  0.0000000E+00  7.7727250E+06 -1.8399882E-01
     1.6020000E+03    243.3221826  3.7514384E+08 -6.5056000E+04  0.0000000E+00  1.2204103E+04  4.6339218E-02  0.0000000E+00  2.1495664E+03  3.4577325E+06  1.9861585E+01  3.4095878E+06  8.6400000E+03  0.0000000E+00  0.0000000E+00  7.7586335E+06 -5.1831253E-02
     1.6030000E+03    243.3807002  3.7534102E+08  1.9718400E+05  1.6493228E+05  3.0037670E+03  4.8517119E+03  0.0000000E+00  1.7485378E+03  3.4865490E+06  1.9879175E+01  3.5238558E+06  8.6400000E+03  0.0000000E+00  0.0000000E+00  7.7935135E+06 -2.3001642E-04
     1.6040000E+03    243.3796293  3.7533741E+08 -3.6160000E+03  0.0000000E+00  1.1157275E+04  4.1480469E+01  0.0000000E+00  1.7312098E+03  3.4998168E+06  1.9883617E+01  3.5142495E+06  8.6400000E+03  0.0000000E+00  0.0000000E+00  7.8015400E+06  1.2075119E-04
     1.6050000E+03    243.3768646  3.7532810E+08 -9.3120000E+03  0.0000000E+00  1.1374832E+04  1.5944210E+00  0.0000000E+00  1.7734386E+03  3.4965080E+06  1.9882624E+01  3.5052390E+06  8.6400000E+03  0.0000000E+00  0.0000000E+00  7.8002170E+06 -6.1637242E-03
     1.6060000E+03    243.3678635  3.7529776E+08 -3.0336000E+04  1.4993194E+04  1.5701535E+04  2.9771838E+02  0.0000000E+00  1.8314536E+03  3.4976725E+06  1.9879448E+01  3.4733982E+06  8.6400000E+03  0.0000000E+00  0.0000000E+00  7.7919200E+06 -3.3432387E-02
     1.6070000E+03    243.3572995  3.7526218E+08 -3.5584000E+04  0.0000000E+00  1.2197631E+04  3.1341487E-01  0.0000000E+00  2.1773726E+03  3.4823875E+06  1.9875250E+01  3.4598360E+06  9.9999997E-06  0.0000000E+00  0.0000000E+00  7.7857530E+06  8.5631989E-02
     1.6080000E+03    243.3460308  3.7522419E+08 -3.7984000E+04  0.0000000E+00  1.1360445E+04  1.0048100E-01  0.0000000E+00  2.2478660E+03  3.4710145E+06  1.9870693E+01  3.4469800E+06  9.9999997E-06  0.0000000E+00  0.0000000E+00  7.7776355E+06  1.3833153E-01
     1.6090000E+03    243.3154978  3.7512131E+08 -1.0288000E+05  0.0000000E+00  1.2371580E+04  8.1249259E-02  0.0000000E+00  1.9273345E+03  3.4596145E+06  1.9859767E+01  3.3692838E+06  8.6400000E+03  0.0000000E+00  0.0000000E+00  7.7535730E+06 -1.8831275E-01
     1.6100000E+03    243.2815863  3.7500707E+08 -1.1424000E+05  0.0000000E+00  1.3168644E+04  8.1021450E-02  0.0000000E+00  1.9960299E+03  3.4268318E+06  1.9846156E+01  3.3278780E+06  8.6400000E+03  0.0000000E+00  0.0000000E+00  7.7290365E+06 -1.3182655E-01
     1.6110000E+03    243.2501172  3.7490102E+08 -1.0604800E+05  0.0000000E+00  1.5858598E+04  8.0799393E-02  0.0000000E+00  2.3277314E+03  3.3877815E+06  1.9833069E+01  3.2968062E+06  8.6400000E+03  0.0000000E+00  0.0000000E+00  7.7077715E+06 -2.0859100E-01
     1.6120000E+03    243.2091035  3.7476285E+08 -1.3817600E+05  0.0000000E+00  1.6338391E+04  8.0578700E-02  0.0000000E+00  2.2319104E+03  3.3538098E+06  1.9817054E+01  3.2334650E+06  8.6400000E+03  0.0000000E+00  0.0000000E+00  7.6774785E+06 -1.4605743E-01
     1.6130000E+03    243.1003146  3.7439629E+08 -3.6656000E+05  0.0000000E+00  1.7949086E+04  8.0358915E-02  0.0000000E+00  2.5528250E+03  3.2583218E+06  1.9778054E+01  3.1382792E+06  2.3328000E+05  0.0000000E+00  0.0000000E+00  7.6084550E+06 -6.2066000E-02
     1.6140000E+03    242.9976160  3.7405027E+08 -3.4601600E+05  0.0000000E+00  2.0606650E+04  8.0140010E-02  0.0000000E+00  2.7613833E+03  3.1565530E+06  1.9735497E+01  3.0618240E+06  2.3328000E+05  0.0000000E+00  0.0000000E+00  7.5329330E+06  4.1636620E-03
     1.6150000E+03    242.9100740  3.7375530E+08 -2.9497600E+05  0.0000000E+00  1.8100353E+04  7.9921968E-02  0.0000000E+00  3.0954033E+03  3.0619952E+06  1.9698405E+01  2.9980712E+06  2.3328000E+05  0.0000000E+00  0.0000000E+00  7.4694635E+06 -5.2068949E-01
     1.6160000E+03    242.8203685  3.7345306E+08 -3.0224000E+05  0.0000000E+00  1.5576007E+04  7.9704776E-02  0.0000000E+00  2.8447361E+03  2.9836930E+06  1.9661846E+01  2.9265118E+06  2.3328000E+05  0.0000000E+00  0.0000000E+00  7.4021345E+06 -3.0076699E-02
     1.6170000E+03    242.7558630  3.7323571E+08 -2.1734400E+05  4.5264546E+04  1.7944850E+04  9.7015430E+02  0.0000000E+00  2.6618848E+03  2.9187380E+06  1.9633365E+01  2.9060678E+06  2.3328000E+05  0.0000000E+00  0.0000000E+00  7.3510260E+06  7.3367916E-02
     1.6180000E+03    242.6916311  3.7301930E+08 -2.1641600E+05  0.0000000E+00  1.3269195E+04  6.0741620E+00  0.0000000E+00  2.8251189E+03  2.8516500E+06  1.9607038E+01  2.8710325E+06  2.3328000E+05  0.0000000E+00  0.0000000E+00  7.3065970E+06 -2.5624400E-01
     1.6190000E+03    242.7114968  3.7308621E+08  6.6912000E+04  6.0343676E+04  9.1002729E+03  1.3927297E+03  0.0000000E+00  2.0716477E+03  2.8240008E+06  1.9608286E+01  3.0696560E+06  2.3328000E+05  0.0000000E+00  0.0000000E+00  7.3159400E+06  4.8349048E-03
     1.6200000E+03    242.6776735  3.7297226E+08 -1.1395200E+05  0.0000000E+00  1.6628512E+04  6.7198768E+00  0.0000000E+00  2.4714209E+03  2.8223248E+06  1.9598832E+01  2.9530388E+06  2.3328000E+05  0.0000000E+00  0.0000000E+00  7.2936695E+06 -9.0609409E-02
     1.6210000E+03    242.6350386  3.7282861E+08 -1.4364800E+05  0.0000000E+00  1.6272377E+04  3.8980025E-01  0.0000000E+00  2.1327354E+03  2.7962382E+06  1.9582093E+01  2.8954302E+06  2.3328000E+05  0.0000000E+00  0.0000000E+00  7.2608255E+06 -1.5098609E-01
     1.6220000E+03    242.5945841  3.7269229E+08 -1.3632000E+05  0.0000000E+00  1.6464095E+04  5.2034222E-02  0.0000000E+00  2.2743098E+03  2.7565725E+06  1.9565348E+01  2.8580198E+06  2.3328000E+05  0.0000000E+00  0.0000000E+00  7.2320940E+06 -3.2338369E-01
     1.6230000E+03    242.5489799  3.7253866E+08 -1.5363200E+05  0.0000000E+00  1.9921408E+04  5.1897887E-02  0.0000000E+00  2.4284451E+03  2.7150755E+06  1.9547094E+01  2.8081575E+06  2.3328000E+05  0.0000000E+00  0.0000000E+00  7.1998980E+06 -1.3740204E-01
     1.6240000E+03    242.4944666  3.7235498E+08 -1.8368000E+05  0.0000000E+00  2.0391720E+04  5.1773958E-02  0.0000000E+00  2.3774238E+03  2.6719820E+06  1.9525499E+01  2.7353890E+06  2.3328000E+05  0.0000000E+00  0.0000000E+00  7.1605770E+06 -1.4447102E-01
     1.6250000E+03    242.4371630  3.7216189E+08 -1.9308800E+05  0.0000000E+00  2.2970582E+04  5.1651642E-02  0.0000000E+00  2.4168389E+03  2.6222738E+06  1.9502260E+01  2.6778340E+06  2.3328000E+05  0.0000000E+00  0.0000000E+00  7.1194940E+06 -1.8081191E-01
     1.6260000E+03    242.3703037  3.7193661E+08 -2.2528000E+05  0.0000000E+00  2.2420659E+04  5.1529862E-02  0.0000000E+00  2.4500337E+03  2.5681542E+06  1.9475662E+01  2.5926020E+06  2.3328000E+05  0.0000000E+00  0.0000000E+00  7.0718160E+06 -1.2544821E-01
     1.6270000E+03    242.3008705  3.7170269E+08 -2.3392000E+05  0.0000000E+00  2.1478931E+04  5.1408507E-02  0.0000000E+00  2.5139514E+03  2.5087730E+06  1.9447438E+01  2.5249065E+06  2.3328000E+05  0.0000000E+00  0.0000000E+00  7.0220860E+06 -8.0005743E-02
     1.6280000E+03    242.2376349  3.7148960E+08 -2.1308800E+05  0.0000000E+00  2.0983266E+04  5.1287569E-02  0.0000000E+00  2.5134026E+03  2.4524190E+06  1.9421034E+01  2.4776372E+06  2.3328000E+05  0.0000000E+00  0.0000000E+00  6.9764555E+06 -4.9739504E-01
     1.6290000E+03    242.1772111  3.7128602E+08 -2.0358400E+05  0.0000000E+00  1.9698370E+04  5.1167037E-02  0.0000000E+00  2.5109705E+03  2.3997505E+06  1.9396059E+01  2.4348798E+06  2.3328000E+05  0.0000000E+00  0.0000000E+00  6.9327415E+06 -4.4382274E-01
     1.6300000E+03    242.1122231  3.7106704E+08 -2.1897600E+05  0.0000000E+00  2.0326037E+04  5.1046919E-02  0.0000000E+00  2.4202366E+03  2.3485518E+06  1.9369819E+01  2.3787850E+06  2.3328000E+05  0.0000000E+00  0.0000000E+00  6.8853310E+06 -7.6695397E-02
     1.6310000E+03    242.0642254  3.7090534E+08 -1.6169600E+05  3.9137546E+04  2.3935732E+04  7.9799878E+02  0.0000000E+00  2.3460964E+03  2.3049712E+06  1.9348771E+01  2.3474422E+06  2.3328000E+05  0.0000000E+00  0.0000000E+00  6.8487790E+06 -4.2097509E-01
     1.6320000E+03    242.0051592  3.7070630E+08 -1.9904000E+05  6.0199559E+03  2.0934926E+04  1.2585255E+02  0.0000000E+00  2.3145833E+03  2.2583388E+06  1.9325488E+01  2.3044078E+06  2.3328000E+05  0.0000000E+00  0.0000000E+00  6.8069335E+06 -2.6456943E-02
     1.6330000E+03    241.9510283  3.7052394E+08 -1.8236800E+05  0.0000000E+00  1.9348867E+04  5.1447636E-01  0.0000000E+00  2.3734780E+03  2.2099428E+06  1.9302916E+01  2.2687298E+06  2.3328000E+05  0.0000000E+00  0.0000000E+00  6.7650435E+06 -3.7030107E-01
     1.6340000E+03    241.8957361  3.7033763E+08 -1.8630400E+05  0.0000000E+00  1.9917922E+04  8.6254373E-02  0.0000000E+00  2.2258826E+03  2.1678758E+06  1.9280368E+01  2.2274362E+06  2.3328000E+05  0.0000000E+00  0.0000000E+00  6.7204735E+06 -2.1175353E-01
     1.6350000E+03    241.8441294  3.7016374E+08 -1.7388800E+05  0.0000000E+00  1.9464689E+04  6.6269644E-02  0.0000000E+00  2.1864165E+03  2.1254320E+06  1.9258932E+01  2.1895398E+06  2.3328000E+05  0.0000000E+00  0.0000000E+00  6.6797220E+06 -5.2904594E-01
     1.6360000E+03    241.7920259  3.6998922E+08 -1.7452800E+05  0.0000000E+00  2.3436805E+04  6.6081181E-02  0.0000000E+00  2.2447810E+03  2.0813539E+06  1.9237635E+01  2.1512858E+06  2.3328000E+05  0.0000000E+00  0.0000000E+00  6.6407130E+06 -4.2904678E-01
     1.6370000E+03    241.7413440  3.6981955E+08 -1.6966400E+05  0.0000000E+00  2.2272144E+04  6.5899014E-02  0.0000000E+00  2.1987966E+03  2.0412759E+06  1.9216763E+01  2.1141148E+06  2.3328000E+05  0.0000000E+00  0.0000000E+00  6.6018265E+06 -4.7324654E-01
     1.6380000E+03    241.6876546  3.6963984E+08 -1.7971200E+05  0.0000000E+00  2.3697816E+04  6.5718107E-02  0.0000000E+00  2.2023652E+03  1.9999776E+06  1.9195022E+01  2.0714420E+06  2.3328000E+05  0.0000000E+00  0.0000000E+00  6.5614520E+06 -1.6031970E-01
     1.6390000E+03    241.6360073  3.6946694E+08 -1.7289600E+05  0.0000000E+00  2.5368194E+04  6.5537959E-02  0.0000000E+00  2.1670989E+03  1.9596942E+06  1.9173704E+01  2.0323928E+06  2.3328000E+05  0.0000000E+00  0.0000000E+00  6.5230930E+06 -4.9161842E-01
     1.6400000E+03    241.5842664  3.6929373E+08 -1.7321600E+05  0.0000000E+00  2.4055155E+04  6.5358534E-02  0.0000000E+00  2.0757297E+03  1.9216481E+06  1.9152522E+01  1.9917460E+06  2.3328000E+05  0.0000000E+00  0.0000000E+00  6.4851430E+06 -5.4909301E-01
     1.6410000E+03    241.5283827  3.6910666E+08 -1.8707200E+05  0.0000000E+00  2.9059939E+04  6.5179825E-02  0.0000000E+00  2.2095566E+03  1.8781642E+06  1.9129976E+01  1.9486569E+06  2.3328000E+05  0.0000000E+00  0.0000000E+00  6.4463335E+06 -1.2076485E-01
     1.6420000E+03    241.4838367  3.6895754E+08 -1.4912000E+05  2.7033669E+04  2.6567795E+04  5.2174817E+02  0.0000000E+00  1.9342977E+03  1.8475879E+06  1.9110805E+01  1.9185644E+06  2.3328000E+05  0.0000000E+00  0.0000000E+00  6.4121185E+06 -4.8781005E-01
     1.6430000E+03    241.4416552  3.6881632E+08 -1.4121600E+05  3.3035220E+04  2.6290668E+04  6.8758740E+02  0.0000000E+00  1.9659124E+03  1.8143186E+06  1.9093337E+01  1.8976690E+06  2.3328000E+05  0.0000000E+00  0.0000000E+00  6.3821600E+06  3.2083143E-02
     1.6440000E+03    241.3946465  3.6865894E+08 -1.5737600E+05  0.0000000E+00  2.2244765E+04  1.7633754E+00  0.0000000E+00  1.9154908E+03  1.7803328E+06  1.9074481E+01  1.8702756E+06  2.3328000E+05  0.0000000E+00  0.0000000E+00  6.3500770E+06 -3.0982968E-01
     1.6450000E+03    241.3469018  3.6849910E+08 -1.5984000E+05  0.0000000E+00  2.5128344E+04  1.7621380E-01  0.0000000E+00  1.8582136E+03  1.7467772E+06  1.9054989E+01  1.8388691E+06  2.3328000E+05  0.0000000E+00  0.0000000E+00  6.3162725E+06 -2.3125446E-01
     1.6460000E+03    241.3226317  3.6841786E+08 -8.1248000E+04  5.9845978E+04  2.8123776E+04  1.2740315E+03  0.0000000E+00  1.6687365E+03  1.7287871E+06  1.9043127E+01  1.8463498E+06  2.3328000E+05  0.0000000E+00  0.0000000E+00  6.2947880E+06  8.8746920E-03
     1.6470000E+03    241.2856311  3.6829402E+08 -1.2384000E+05  5.9836547E+03  2.8344199E+04  1.2841144E+02  0.0000000E+00  1.6362439E+03  1.7015280E+06  1.9029017E+01  1.8327225E+06  2.3328000E+05  0.0000000E+00  0.0000000E+00  6.2714005E+06  5.8043841E-02
     1.6480000E+03    241.2485500  3.6816986E+08 -1.2416000E+05  0.0000000E+00  2.6155769E+04  3.8162324E-01  0.0000000E+00  1.6558771E+03  1.6739780E+06  1.9013838E+01  1.8060479E+06  2.3328000E+05  0.0000000E+00  0.0000000E+00  6.2458295E+06 -8.1131607E-02
     1.6490000E+03    241.2127564  3.6805005E+08 -1.1980800E+05  0.0000000E+00  2.5726379E+04  7.8239799E-02  0.0000000E+00  1.6644435E+03  1.6481811E+06  1.8999074E+01  1.7783926E+06  2.3328000E+05  0.0000000E+00  0.0000000E+00  6.2209265E+06 -3.8492817E-01
     1.6500000E+03    241.2014780  3.6801229E+08 -3.7760000E+04  7.4768880E+04  2.3300830E+04  1.6372671E+03  0.0000000E+00  1.4987307E+03  1.6387235E+06  1.8992447E+01  1.7791851E+06  2.3328000E+05  0.0000000E+00  0.0000000E+00  6.2085110E+06 -2.4975950E-02
     1.6510000E+03    241.1655938  3.6789216E+08 -1.2012800E+05  0.0000000E+00  2.5408225E+04  1.1844718E+01  0.0000000E+00  1.5138323E+03  1.6169059E+06  1.8979767E+01  1.7552115E+06  2.3328000E+05  0.0000000E+00  0.0000000E+00  6.1870900E+06  6.6751502E-02
     1.6520000E+03    241.1295948  3.6777165E+08 -1.2051200E+05  0.0000000E+00  2.8180115E+04  2.2547580E-01  0.0000000E+00  1.5613749E+03  1.5910305E+06  1.8965034E+01  1.7300285E+06  2.3328000E+05  0.0000000E+00  0.0000000E+00  6.1624100E+06 -2.1997187E-02
     1.6530000E+03    241.0941673  3.6765306E+08 -1.1859200E+05  0.0000000E+00  3.2377730E+04  4.4299893E-02  0.0000000E+00  1.7876671E+03  1.5616602E+06  1.8950479E+01  1.7041112E+06  2.3328000E+05  0.0000000E+00  0.0000000E+00  6.1396415E+06 -1.5574576E-01
     1.6540000E+03    241.0594049  3.6753667E+08 -1.1638400E+05  0.0000000E+00  2.6750652E+04  4.4169869E-02  0.0000000E+00  1.7843917E+03  1.5380498E+06  1.8936188E+01  1.6785761E+06  2.3328000E+05  0.0000000E+00  0.0000000E+00  6.1154125E+06 -7.5343452E-02
     1.6550000E+03    241.0210563  3.6740829E+08 -1.2838400E+05  0.0000000E+00  2.9582520E+04  4.4044878E-02  0.0000000E+00  1.6336410E+03  1.5166392E+06  1.8920777E+01  1.6469874E+06  2.3328000E+05  0.0000000E+00  0.0000000E+00  6.0877525E+06 -1.4136532E-01
     1.6560000E+03    240.9855570  3.6728947E+08 -1.1881600E+05  0.0000000E+00  2.4937841E+04  4.3920811E-02  0.0000000E+00  2.0967571E+03  1.4825862E+06  1.8906006E+01  1.6299534E+06  2.3328000E+05  0.0000000E+00  0.0000000E+00  6.0659435E+06  5.7691824E-01
     1.6570000E+03    240.9533552  3.6718166E+08 -1.0780800E+05  1.4937969E+04  2.6465803E+04  2.2429961E+02  0.0000000E+00  1.4858668E+03  1.4733115E+06  1.8892549E+01  1.6078951E+06  2.3328000E+05  0.0000000E+00  0.0000000E+00  6.0390270E+06 -4.1825917E-02
     1.6580000E+03    240.9224842  3.6707830E+08 -1.0336000E+05  0.0000000E+00  1.9871249E+04  1.2839893E-01  0.0000000E+00  1.8423738E+03  1.4444670E+06  1.8879797E+01  1.5967081E+06  2.3328000E+05  0.0000000E+00  0.0000000E+00  6.0203065E+06  2.5173223E-01
     1.6590000E+03    240.8915963  3.6697491E+08 -1.0339200E+05  0.0000000E+00  2.5705385E+04  9.4665475E-02  0.0000000E+00  1.9353918E+03  1.4218729E+06  1.8867149E+01  1.5817401E+06  2.3328000E+05  0.0000000E+00  0.0000000E+00  5.9997835E+06  3.6828986E-01
     1.6600000E+03    240.8611171  3.6687286E+08 -1.0204800E+05  0.0000000E+00  2.3363721E+04  9.4352357E-02  0.0000000E+00  1.4285848E+03  1.4124821E+06  1.8854634E+01  1.5587608E+06  2.3328000E+05  0.0000000E+00  0.0000000E+00  5.9753485E+06 -4.1382721E-01
     1.6610000E+03    240.8293837  3.6676666E+08 -1.0620800E+05  0.0000000E+00  2.9001172E+04  9.4089739E-02  0.0000000E+00  1.9064254E+03  1.3822549E+06  1.8841741E+01  1.5427146E+06  2.3328000E+05  0.0000000E+00  0.0000000E+00  5.9567240E+06  3.8151661E-01
     1.6620000E+03    240.7956896  3.6665386E+08 -1.1280000E+05  0.0000000E+00  3.2769173E+04  9.3833081E-02  0.0000000E+00  1.4085627E+03  1.3715584E+06  1.8828103E+01  1.5149865E+06  2.3328000E+05  0.0000000E+00  0.0000000E+00  5.9305950E+06 -5.1484579E-01
     1.6630000E+03    240.7620178  3.6654112E+08 -1.1273600E+05  0.0000000E+00  3.1726831E+04  9.3577959E-02  0.0000000E+00  3.5893621E+03  1.3404719E+06  1.8814312E+01  1.4984084E+06  2.3328000E+05  0.0000000E+00  0.0000000E+00  5.9109220E+06  5.7528895E-01
     1.6640000E+03    240.7261393  3.6642102E+08 -1.2009600E+05  0.0000000E+00  3.6581256E+04  9.3323894E-02  0.0000000E+00  1.4062159E+03  1.3329902E+06  1.8799799E+01  1.4719088E+06  2.3328000E+05  0.0000000E+00  0.0000000E+00  5.8822640E+06 -5.9014446E-01
     1.6650000E+03    240.6891939  3.6629734E+08 -1.2368000E+05  0.0000000E+00  3.9183653E+04  9.3070857E-02  0.0000000E+00  5.0918540E+03  1.3049806E+06  1.8784757E+01  1.4569510E+06  2.3328000E+05  0.0000000E+00  0.0000000E+00  5.8602175E+06  5.2362561E-01
     1.6660000E+03    240.6534848  3.6617779E+08 -1.1955200E+05  0.0000000E+00  3.2598246E+04  9.2818826E-02  0.0000000E+00  1.5077163E+03  1.2967835E+06  1.8770032E+01  1.4336328E+06  2.3328000E+05  0.0000000E+00  0.0000000E+00  5.8312010E+06 -5.1117295E-01
     1.6670000E+03    240.6181359  3.6605946E+08 -1.1833600E+05  0.0000000E+00  3.1714254E+04  9.2567816E-02  0.0000000E+00  4.7791885E+03  1.2709872E+06  1.8755526E+01  1.4207492E+06  2.3328000E+05  0.0000000E+00  0.0000000E+00  5.8096020E+06  5.1199538E-01
     1.6680000E+03    240.5832621  3.6594272E+08 -1.1673600E+05  0.0000000E+00  2.8598533E+04  9.2317797E-02  0.0000000E+00  1.5240574E+03  1.2627502E+06  1.8741205E+01  1.3991259E+06  2.3328000E+05  0.0000000E+00  0.0000000E+00  5.7815705E+06 -4.7627401E-01
     1.6690000E+03    240.5481822  3.6582528E+08 -1.1744000E+05  0.0000000E+00  3.0138680E+04  9.2068769E-02  0.0000000E+00  4.6271299E+03  1.2377176E+06  1.8726856E+01  1.3867976E+06  2.3328000E+05  0.0000000E+00  0.0000000E+00  5.7601710E+06  5.1359618E-01
     1.6700000E+03    240.5116551  3.6570301E+08 -1.2227200E+05  0.0000000E+00  3.3338356E+04  9.1820732E-02  0.0000000E+00  1.4962190E+03  1.2289584E+06  1.8712016E+01  1.3644728E+06  2.3328000E+05  0.0000000E+00  0.0000000E+00  5.7314160E+06 -4.9174392E-01
     1.6710000E+03    240.4708441  3.6556640E+08 -1.3660800E+05  0.0000000E+00  3.9606912E+04  9.1573678E-02  0.0000000E+00  2.1929583E+03  1.2103822E+06  1.8695654E+01  1.3430176E+06  2.3328000E+05  0.0000000E+00  0.0000000E+00  5.7035130E+06 -9.9053599E-02
     1.6720000E+03    240.4287412  3.6542544E+08 -1.4096000E+05  0.0000000E+00  3.9255273E+04  9.1327608E-02  0.0000000E+00  2.1732588E+03  1.1932385E+06  1.8678517E+01  1.3215034E+06  2.3328000E+05  0.0000000E+00  0.0000000E+00  5.6739900E+06 -7.8839608E-02
     1.6730000E+03    240.3863614  3.6528355E+08 -1.4188800E+05  0.0000000E+00  4.0424137E+04  9.1082513E-02  0.0000000E+00  1.7102919E+03  1.1767091E+06  1.8661184E+01  1.3006509E+06  2.3328000E+05  0.0000000E+00  0.0000000E+00  5.6441935E+06 -4.2626098E-01
     1.6740000E+03    240.3462871  3.6514941E+08 -1.3414400E+05  0.0000000E+00  3.3812214E+04  9.0838380E-02  0.0000000E+00  1.3027904E+03  1.1615074E+06  1.8644584E+01  1.2880488E+06  2.3328000E+05  0.0000000E+00  0.0000000E+00  5.6153365E+06 -3.5857201E-01
     1.6750000E+03    240.3030076  3.6500454E+08 -1.4486400E+05  0.0000000E+00  3.9385022E+04  9.0595208E-02  0.0000000E+00  1.8586152E+03  1.1423910E+06  1.8627123E+01  1.2623408E+06  2.3328000E+05  0.0000000E+00  0.0000000E+00  5.5862690E+06 -4.2479208E-01
     1.6760000E+03    240.2567467  3.6484973E+08 -1.5481600E+05  0.0000000E+00  4.1944477E+04  9.0353005E-02  0.0000000E+00  2.1874758E+03  1.1232599E+06  1.8608422E+01  1.2400941E+06  2.3328000E+05  0.0000000E+00  0.0000000E+00  5.5545185E+06 -1.0048244E-01
     1.6770000E+03    240.2113562  3.6469888E+08 -1.5084800E+05  0.0000000E+00  4.0082579E+04  9.0111740E-02  0.0000000E+00  1.7486241E+03  1.1059509E+06  1.8589762E+01  1.2202299E+06  2.3328000E+05  0.0000000E+00  0.0000000E+00  5.5226790E+06 -4.7164130E-01
     1.6780000E+03    240.1677979  3.6455408E+08 -1.4480000E+05  0.0000000E+00  3.5878578E+04  8.9871444E-02  0.0000000E+00  4.7887944E+03  1.0795109E+06  1.8571774E+01  1.2075576E+06  2.3328000E+05  0.0000000E+00  0.0000000E+00  5.4958340E+06  6.2715572E-01
     1.6790000E+03    240.1265006  3.6441680E+08 -1.3728000E+05  0.0000000E+00  2.9026175E+04  8.9632079E-02  0.0000000E+00  5.3917339E+03  1.0607386E+06  1.8554676E+01  1.1937718E+06  2.3328000E+05  0.0000000E+00  0.0000000E+00  5.4676870E+06  1.0113178E+00
     1.6800000E+03    240.0844801  3.6427715E+08 -1.3964800E+05  0.0000000E+00  3.0419507E+04  8.9393638E-02  0.0000000E+00  1.3710210E+03  1.0561441E+06  1.8537527E+01  1.1704184E+06  2.3328000E+05  0.0000000E+00  0.0000000E+00  5.4337895E+06 -6.3829583E-01
     1.6810000E+03    240.0434110  3.6414064E+08 -1.3651200E+05  0.0000000E+00  2.8501406E+04  8.9156151E-02  0.0000000E+00  4.1953848E+03  1.0322853E+06  1.8520631E+01  1.1595591E+06  2.3328000E+05  0.0000000E+00  0.0000000E+00  5.4084260E+06  4.7766367E-01
     1.6820000E+03    240.0029651  3.6400618E+08 -1.3446400E+05  0.0000000E+00  2.7935021E+04  8.8919587E-02  0.0000000E+00  4.8021885E+03  1.0149661E+06  1.8504016E+01  1.1470270E+06  2.3328000E+05  0.0000000E+00  0.0000000E+00  5.3810555E+06  7.9091269E-01
     1.6830000E+03    239.9621168  3.6387040E+08 -1.3577600E+05  0.0000000E+00  3.0276613E+04  8.8683955E-02  0.0000000E+00  5.0322114E+03  9.9871831E+05  1.8487321E+01  1.1331006E+06  2.3328000E+05  0.0000000E+00  0.0000000E+00  5.3530795E+06  9.2018020E-01
     1.6840000E+03    239.9179114  3.6372349E+08 -1.4691200E+05  0.0000000E+00  4.1436432E+04  8.8449232E-02  0.0000000E+00  5.3942456E+03  9.8141488E+05  1.8469492E+01  1.1163380E+06  2.3328000E+05  0.0000000E+00  0.0000000E+00  5.3233310E+06  9.9467641E-01
     1.6850000E+03    239.8743531  3.6357869E+08 -1.4480000E+05  0.0000000E+00  3.8078500E+04  8.8215433E-02  0.0000000E+00  5.5108813E+03  9.6457931E+05  1.8451601E+01  1.1002005E+06  2.3328000E+05  0.0000000E+00  0.0000000E+00  5.2932275E+06  1.1776509E+00
     1.6860000E+03    239.8295900  3.6342989E+08 -1.4880000E+05  0.0000000E+00  3.5785183E+04  8.7982528E-02  0.0000000E+00  2.1108149E+03  9.5808619E+05  1.8433368E+01  1.0763215E+06  2.3328000E+05  0.0000000E+00  0.0000000E+00  5.2576965E+06  5.1032058E-03
     1.6870000E+03    239.7872510  3.6328915E+08 -1.4073600E+05  0.0000000E+00  3.1569431E+04  8.7750532E-02  0.0000000E+00  1.6176592E+03  9.4355575E+05  1.8415831E+01  1.0620266E+06  2.3328000E+05  0.0000000E+00  0.0000000E+00  5.2276705E+06 -3.3458880E-01
     1.6880000E+03    239.7467629  3.6315459E+08 -1.3456000E+05  0.0000000E+00  3.0431258E+04  8.7519445E-02  0.0000000E+00  3.7434155E+03  9.2210169E+05  1.8399098E+01  1.0526120E+06  2.3328000E+05  0.0000000E+00  0.0000000E+00  5.2022415E+06  4.2873928E-01
     1.6890000E+03    239.7072060  3.6302310E+08 -1.3148800E+05  0.0000000E+00  2.9590896E+04  8.7289244E-02  0.0000000E+00  4.1960923E+03  9.0601012E+05  1.8382823E+01  1.0417090E+06  2.3328000E+05  0.0000000E+00  0.0000000E+00  5.1754190E+06  7.2665042E-01
     1.6900000E+03    239.6681294  3.6289322E+08 -1.2988800E+05  0.0000000E+00  2.7870759E+04  8.7059923E-02  0.0000000E+00  1.3241007E+03  9.0036062E+05  1.8366780E+01  1.0244532E+06  2.3328000E+05  0.0000000E+00  0.0000000E+00  5.1445305E+06 -5.0487840E-01
     1.6910000E+03    239.6280230  3.6275990E+08 -1.3331200E+05  0.0000000E+00  3.0938201E+04  8.6831503E-02  0.0000000E+00  1.5462161E+03  8.8541125E+05  1.8350440E+01  1.0111594E+06  2.3328000E+05  0.0000000E+00  0.0000000E+00  5.1170990E+06 -3.1576517E-01
     1.6920000E+03    239.5854431  3.6261837E+08 -1.4153600E+05  0.0000000E+00  3.6194117E+04  8.6603969E-02  0.0000000E+00  1.7508949E+03  8.6994475E+05  1.8333205E+01  9.9527256E+05  2.3328000E+05  0.0000000E+00  0.0000000E+00  5.0880045E+06 -7.7028155E-02
     1.6930000E+03    239.5419180  3.6247370E+08 -1.4467200E+05  0.0000000E+00  4.1705276E+04  8.6377293E-02  0.0000000E+00  1.5538331E+03  8.5509956E+05  1.8315458E+01  9.7916350E+05  2.3328000E+05  0.0000000E+00  0.0000000E+00  5.0581000E+06 -4.1710243E-01
     1.6940000E+03    239.5021842  3.6234163E+08 -1.3206400E+05  0.0000000E+00  3.2223929E+04  8.6151503E-02  0.0000000E+00  3.5351008E+03  8.3425988E+05  1.8298876E+01  9.7004006E+05  2.3328000E+05  0.0000000E+00  0.0000000E+00  5.0330285E+06  5.3258282E-01
     1.6950000E+03    239.4645500  3.6221654E+08 -1.2508800E+05  0.0000000E+00  2.7693081E+04  8.5926585E-02  0.0000000E+00  3.8045825E+03  8.1945350E+05  1.8283292E+01  9.6033600E+05  2.3328000E+05  0.0000000E+00  0.0000000E+00  5.0073165E+06  8.1299275E-01
     1.6960000E+03    239.4279337  3.6209482E+08 -1.2172800E+05  0.0000000E+00  2.6884474E+04  8.5702524E-02  0.0000000E+00  3.8118191E+03  8.0620675E+05  1.8268213E+01  9.5025400E+05  2.3328000E+05  0.0000000E+00  0.0000000E+00  4.9820290E+06  8.8188928E-01
     1.6970000E+03    239.3897129  3.6196778E+08 -1.2704000E+05  0.0000000E+00  3.0054836E+04  8.5479319E-02  0.0000000E+00  1.3661238E+03  8.0052688E+05  1.8252692E+01  9.3327050E+05  2.3328000E+05  0.0000000E+00  0.0000000E+00  4.9523505E+06 -2.0710160E-01
     1.6980000E+03    239.3529804  3.6184570E+08 -1.2208000E+05  0.0000000E+00  3.0137084E+04  8.5256971E-02  0.0000000E+00  3.0702991E+03  7.8229200E+05  1.8237527E+01  9.2480550E+05  2.3328000E+05  0.0000000E+00  0.0000000E+00  4.9294015E+06  4.0436569E-01
     1.6990000E+03    239.3157675  3.6172198E+08 -1.2371200E+05  0.0000000E+00  3.1204559E+04  8.5035473E-02  0.0000000E+00  1.2340955E+03  7.7531094E+05  1.8222327E+01  9.1009588E+05  2.3328000E+05  0.0000000E+00  0.0000000E+00  4.9012420E+06 -4.5889828E-01
     1.7000000E+03    239.2908118  3.6163904E+08 -8.2944000E+04  8.4436153E+03  1.5076185E+04  6.0803097E+01  0.0000000E+00  4.6579268E+03  7.5824475E+05  1.8211103E+01  9.0318006E+05  2.3328000E+05  0.0000000E+00  0.0000000E+00  4.8864645E+06 -7.2844708E-01
     1.7010000E+03    239.2563085  3.6152435E+08 -1.1468800E+05  0.0000000E+00  3.1930133E+04  4.5474085E-01  0.0000000E+00  2.2934224E+03  7.5135869E+05  1.8197755E+01  8.9582594E+05  2.3328000E+05  0.0000000E+00  0.0000000E+00  4.8617035E+06 -3.7175250E-01
     1.7020000E+03    239.2208814  3.6140659E+08 -1.1776000E+05  0.0000000E+00  2.8670595E+04  8.9725867E-02  0.0000000E+00  1.4919946E+03  7.4195081E+05  1.8183323E+01  8.8435938E+05  2.3328000E+05  0.0000000E+00  0.0000000E+00  4.8359120E+06 -3.0698424E-02
     1.7030000E+03    239.1855953  3.6128931E+08 -1.1728000E+05  0.0000000E+00  3.2945790E+04  8.9414597E-02  0.0000000E+00  3.5567590E+03  7.2632712E+05  1.8168860E+01  8.7564712E+05  2.3328000E+05  0.0000000E+00  0.0000000E+00  4.8139510E+06  3.9421609E-01
     1.7040000E+03    239.1464234  3.6115910E+08 -1.3020800E+05  0.0000000E+00  4.2767621E+04  8.9157306E-02  0.0000000E+00  1.1920309E+03  7.1873244E+05  1.8153137E+01  8.5755412E+05  2.3328000E+05  0.0000000E+00  0.0000000E+00  4.7850890E+06 -5.8744955E-01
     1.7050000E+03    239.1064414  3.6102621E+08 -1.3289600E+05  0.0000000E+00  4.4958277E+04  8.8906340E-02  0.0000000E+00  9.8080200E+02  7.0677244E+05  1.8136830E+01  8.4668500E+05  2.3328000E+05  0.0000000E+00  0.0000000E+00  4.7573800E+06 -4.5348293E-01
     1.7060000E+03    239.0670904  3.6089539E+08 -1.3081600E+05  0.0000000E+00  4.1671799E+04  8.8656932E-02  0.0000000E+00  5.4491035E+03  6.8916862E+05  1.8120663E+01  8.3300362E+05  2.3328000E+05  0.0000000E+00  0.0000000E+00  4.7336525E+06  5.3210711E-01
     1.7070000E+03    239.0282358  3.6076624E+08 -1.2915200E+05  0.0000000E+00  3.5024810E+04  8.8408604E-02  0.0000000E+00  1.1679872E+03  6.8061894E+05  1.8104710E+01  8.1860931E+05  2.3328000E+05  0.0000000E+00  0.0000000E+00  4.7037570E+06 -1.3172567E-03
     1.7080000E+03    238.9924092  3.6064717E+08 -1.1907200E+05  0.0000000E+00  3.1954203E+04  8.8161290E-02  0.0000000E+00  4.6398062E+03  6.6592788E+05  1.8089790E+01  8.1193344E+05  2.3328000E+05  0.0000000E+00  0.0000000E+00  4.6815295E+06  4.7951919E-01
     1.7090000E+03    238.9627349  3.6054854E+08 -9.8624000E+04  0.0000000E+00  3.2056268E+04  8.7914996E-02  0.0000000E+00  8.7635176E+03  6.5369438E+05  1.8077134E+01  7.9784925E+05  2.3328000E+05  0.0000000E+00  0.0000000E+00  4.6632865E+06 -1.5028379E+00
     1.7100000E+03    238.9242141  3.6042048E+08 -1.2806400E+05  0.0000000E+00  3.7569096E+04  8.7669708E-02  0.0000000E+00  1.1467041E+03  6.4809681E+05  1.8062083E+01  7.8970575E+05  2.3328000E+05  0.0000000E+00  0.0000000E+00  4.6326285E+06 -5.1620631E-03
     1.7110000E+03    238.8888146  3.6030282E+08 -1.1766400E+05  0.0000000E+00  5.1219137E+04  8.7425418E-02  0.0000000E+00  9.2471182E+03  6.3120962E+05  1.8047331E+01  7.7580406E+05  2.3328000E+05  0.0000000E+00  0.0000000E+00  4.6137770E+06 -1.4209000E+00
     1.7120000E+03    238.8475744  3.6016576E+08 -1.3705600E+05  0.0000000E+00  5.1631897E+04  8.7182127E-02  0.0000000E+00  9.8061194E+02  6.2584388E+05  1.8030920E+01  7.6570081E+05  2.3328000E+05  0.0000000E+00  0.0000000E+00  4.5807590E+06 -7.7255738E-01
     1.7130000E+03    238.8133981  3.6005216E+08 -1.1360000E+05  0.0000000E+00  4.3461158E+04  8.6939819E-02  0.0000000E+00  9.2631318E+03  6.0838731E+05  1.8016346E+01  7.4931412E+05  2.3328000E+05  0.0000000E+00  0.0000000E+00  4.5622585E+06 -1.4651953E+00
     1.7140000E+03    238.7761027  3.5992819E+08 -1.2396800E+05  0.0000000E+00  3.2740226E+04  8.6698495E-02  0.0000000E+00  1.3634761E+03  6.0290169E+05  1.8001328E+01  7.4357200E+05  2.3328000E+05  0.0000000E+00  0.0000000E+00  4.5317020E+06 -4.1861353E-03
     1.7150000E+03    238.7386030  3.5980352E+08 -1.2467200E+05  0.0000000E+00  3.6362570E+04  8.6458154E-02  0.0000000E+00  1.5039572E+03  5.9139675E+05  1.7985988E+01  7.3443419E+05  2.3328000E+05  0.0000000E+00  0.0000000E+00  4.5063465E+06 -5.1920179E-02
     1.7160000E+03    238.7034489  3.5968669E+08 -1.1683200E+05  0.0000000E+00  3.4150861E+04  8.6218789E-02  0.0000000E+00  9.6061243E+02  5.8176562E+05  1.7971399E+01  7.2863156E+05  2.3328000E+05  0.0000000E+00  0.0000000E+00  4.4817950E+06 -3.2856834E-01
     1.7170000E+03    238.6726631  3.5958451E+08 -1.0217600E+05  0.0000000E+00  3.5949158E+04  8.5980378E-02  0.0000000E+00  9.2555603E+02  5.7297081E+05  1.7958434E+01  7.1618938E+05  2.3328000E+05  0.0000000E+00  0.0000000E+00  4.4604830E+06 -2.7222097E+00
     1.7180000E+03    238.6406256  3.5947875E+08 -1.0576000E+05  0.0000000E+00  4.0467949E+04  8.5742950E-02  0.0000000E+00  7.0840669E+03  5.5813200E+05  1.7945416E+01  7.0524344E+05  2.3328000E+05  0.0000000E+00  0.0000000E+00  4.4435175E+06 -1.6600971E+00
     1.7190000E+03    238.6097449  3.5937680E+08 -1.0195200E+05  0.0000000E+00  3.4238048E+04  8.5506469E-02  0.0000000E+00  9.1807849E+02  5.5496231E+05  1.7932675E+01  7.0183525E+05  2.3328000E+05  0.0000000E+00  0.0000000E+00  4.4179975E+06 -2.1632719E+00
     1.7200000E+03    238.5782232  3.5927274E+08 -1.0406400E+05  0.0000000E+00  3.8179353E+04  8.5270941E-02  0.0000000E+00  9.1497095E+02  5.4586006E+05  1.7919818E+01  6.9047019E+05  2.3328000E+05  0.0000000E+00  0.0000000E+00  4.3966645E+06 -2.6779792E+00
     1.7210000E+03    238.5482736  3.5917389E+08 -9.8848000E+04  0.0000000E+00  3.3466998E+04  8.5036367E-02  0.0000000E+00  6.5501289E+03  5.3183638E+05  1.7907425E+01  6.8061588E+05  2.3328000E+05  0.0000000E+00  0.0000000E+00  4.3805595E+06 -1.5761620E+00
     1.7220000E+03    238.5159203  3.5906707E+08 -1.0681600E+05  0.0000000E+00  2.9871144E+04  8.4802724E-02  0.0000000E+00  2.7202913E+03  5.2540119E+05  1.7894372E+01  6.7673244E+05  2.3328000E+05  0.0000000E+00  0.0000000E+00  4.3564635E+06 -2.9184148E-01
     1.7230000E+03    238.4829847  3.5895834E+08 -1.0873600E+05  0.0000000E+00  3.2568666E+04  8.4570035E-02  0.0000000E+00  3.6386946E+03  5.1531084E+05  1.7880932E+01  6.7140069E+05  2.3328000E+05  0.0000000E+00  0.0000000E+00  4.3349135E+06  3.3258292E-01
     1.7240000E+03    238.4498223  3.5884886E+08 -1.0947200E+05  0.0000000E+00  3.4305136E+04  8.4338263E-02  0.0000000E+00  4.3982139E+03  5.0539859E+05  1.7867370E+01  6.6460900E+05  2.3328000E+05  0.0000000E+00  0.0000000E+00  4.3132145E+06  7.0862561E-01
     1.7250000E+03    238.4203899  3.5875171E+08 -9.7152000E+04  0.0000000E+00  4.0464825E+04  8.4107421E-02  0.0000000E+00  7.6561748E+03  4.9508941E+05  1.7855011E+01  6.4888144E+05  2.3328000E+05  0.0000000E+00  0.0000000E+00  4.2954850E+06 -1.9720876E+00
     1.7260000E+03    238.3879537  3.5864461E+08 -1.0710400E+05  0.0000000E+00  4.4434577E+04  8.3877504E-02  0.0000000E+00  8.5697822E+03  4.8558941E+05  1.7841973E+01  6.4478075E+05  2.3328000E+05  0.0000000E+00  0.0000000E+00  4.2752745E+06 -3.7561974E-01
     1.7270000E+03    238.3547537  3.5853501E+08 -1.0960000E+05  2.9021296E+03  3.6761895E+04  1.5476916E+01  0.0000000E+00  4.6625132E+03  4.7936903E+05  1.7828440E+01  6.3833606E+05  2.3328000E+05  0.0000000E+00  0.0000000E+00  4.2499950E+06  8.1227702E-01
     1.7280000E+03    238.3278098  3.5844608E+08 -8.8928000E+04  2.9017792E+03  3.3588739E+04  1.7896297E+01  0.0000000E+00  7.0731660E+03  4.7019575E+05  1.7816893E+01  6.2484762E+05  2.3328000E+05  0.0000000E+00  0.0000000E+00  4.2330260E+06 -1.8062942E+00
     1.7290000E+03    238.2952150  3.5833846E+08 -1.0761600E+05  0.0000000E+00  3.8622512E+04  1.1375657E-01  0.0000000E+00  1.8162977E+03  4.6552303E+05  1.7804008E+01  6.2157706E+05  2.3328000E+05  0.0000000E+00  0.0000000E+00  4.2083905E+06 -8.7244844E-01
     1.7300000E+03    238.2607226  3.5822461E+08 -1.1385600E+05  0.0000000E+00  4.3269914E+04  1.1296303E-01  0.0000000E+00  3.4653711E+03  4.5505984E+05  1.7790038E+01  6.1570638E+05  2.3328000E+05  0.0000000E+00  0.0000000E+00  4.1866072E+06  1.9139691E-01
     1.7310000E+03    238.2297816  3.5812246E+08 -1.0214400E+05  0.0000000E+00  4.7485717E+04  1.1261418E-01  0.0000000E+00  7.4663599E+03  4.4407422E+05  1.7777076E+01  6.0102869E+05  2.3328000E+05  0.0000000E+00  0.0000000E+00  4.1686400E+06 -1.9615575E+00
     1.7320000E+03    238.1918829  3.5799734E+08 -1.2512000E+05  0.0000000E+00  5.2008257E+04  1.1231082E-01  0.0000000E+00  3.6940347E+03  4.3742997E+05  1.7762125E+01  5.9336988E+05  2.3328000E+05  0.0000000E+00  0.0000000E+00  4.1415705E+06 -7.6376438E-02
     1.7330000E+03    238.1527301  3.5786810E+08 -1.2924800E+05  0.0000000E+00  5.2985635E+04  1.1201309E-01  0.0000000E+00  4.9554116E+03  4.2632822E+05  1.7746194E+01  5.8457431E+05  2.3328000E+05  0.0000000E+00  0.0000000E+00  4.1165278E+06  8.6529428E-01
     1.7340000E+03    238.1144212  3.5774163E+08 -1.2646400E+05  0.0000000E+00  4.8807531E+04  1.1171696E-01  0.0000000E+00  5.5462236E+03  4.1595897E+05  1.7730436E+01  5.7548406E+05  2.3328000E+05  0.0000000E+00  0.0000000E+00  4.0914695E+06  1.3508965E+00
     1.7350000E+03    238.0726180  3.5760362E+08 -1.3801600E+05  0.0000000E+00  5.3542378E+04  1.1142205E-01  0.0000000E+00  5.6494175E+03  4.0269675E+05  1.7713603E+01  5.6633331E+05  2.4192000E+05  0.0000000E+00  0.0000000E+00  4.0650788E+06  1.6932673E+00
     1.7360000E+03    238.0327133  3.5747190E+08 -1.3171200E+05  0.0000000E+00  5.0524130E+04  1.1112832E-01  0.0000000E+00  9.1087067E+02  3.9698459E+05  1.7697106E+01  5.5064556E+05  2.4192000E+05  0.0000000E+00  0.0000000E+00  4.0348278E+06 -8.9606309E-01
     1.7370000E+03    237.9913929  3.5733549E+08 -1.3641600E+05  0.0000000E+00  5.5191875E+04  1.1083573E-01  0.0000000E+00  4.2476929E+03  3.8261822E+05  1.7680300E+01  5.4321862E+05  2.4192000E+05  0.0000000E+00  0.0000000E+00  4.0106210E+06  6.0825866E-01
     1.7380000E+03    237.9579461  3.5722506E+08 -1.1043200E+05  0.0000000E+00  4.8057062E+04  1.1054430E-01  0.0000000E+00  7.7925317E+03  3.7131803E+05  1.7665958E+01  5.2863150E+05  2.4192000E+05  0.0000000E+00  0.0000000E+00  3.9906240E+06 -2.1860590E+00
     1.7390000E+03    237.9210285  3.5710320E+08 -1.2185600E+05  0.0000000E+00  4.4432084E+04  1.1025399E-01  0.0000000E+00  2.7157004E+03  3.6614462E+05  1.7651123E+01  5.2497944E+05  2.4192000E+05  0.0000000E+00  0.0000000E+00  3.9630018E+06 -4.5410877E-01
     1.7400000E+03    237.8878424  3.5699363E+08 -1.0956800E+05  0.0000000E+00  3.3891170E+04  1.0996486E-01  0.0000000E+00  3.0646455E+03  3.5723403E+05  1.7637227E+01  5.2265938E+05  2.4192000E+05  0.0000000E+00  0.0000000E+00  3.9407575E+06  3.5214713E-01
     1.7410000E+03    237.8544994  3.5688355E+08 -1.1008000E+05  0.0000000E+00  3.8093494E+04  1.0967683E-01  0.0000000E+00  9.8440472E+02  3.5065800E+05  1.7623585E+01  5.1847112E+05  2.4192000E+05  0.0000000E+00  0.0000000E+00  3.9155885E+06 -1.8289518E-01
     1.7420000E+03    237.8249333  3.5678595E+08 -9.7600000E+04  0.0000000E+00  3.9871461E+04  1.0938993E-01  0.0000000E+00  6.3316123E+03  3.3825638E+05  1.7611168E+01  5.0967894E+05  2.4192000E+05  0.0000000E+00  0.0000000E+00  3.8982358E+06 -1.0409938E+00
     1.7430000E+03    237.7937550  3.5668304E+08 -1.0291200E+05  0.0000000E+00  4.7102793E+04  1.0910415E-01  0.0000000E+00  9.1595367E+02  3.3578506E+05  1.7598532E+01  5.0385262E+05  2.4192000E+05  0.0000000E+00  0.0000000E+00  3.8707030E+06 -2.7439361E+00
     1.7440000E+03    237.7648357  3.5658755E+08 -9.5488000E+04  0.0000000E+00  3.9294764E+04  1.0881948E-01  0.0000000E+00  5.7358452E+03  3.2389753E+05  1.7586503E+01  4.9543491E+05  2.4192000E+05  0.0000000E+00  0.0000000E+00  3.8533855E+06 -1.3998648E+00
     1.7450000E+03    237.7348833  3.5648867E+08 -9.8880000E+04  0.0000000E+00  3.3986642E+04  1.0853595E-01  0.0000000E+00  2.5079443E+03  3.1922234E+05  1.7574322E+01  4.9269834E+05  2.4192000E+05  0.0000000E+00  0.0000000E+00  3.8284735E+06 -1.7813364E-01
     1.7460000E+03    237.7042846  3.5638768E+08 -1.0099200E+05  0.0000000E+00  3.5800357E+04  1.0825349E-01  0.0000000E+00  1.3317633E+03  3.1268553E+05  1.7561844E+01  4.8780306E+05  2.4192000E+05  0.0000000E+00  0.0000000E+00  3.8045332E+06 -5.0218195E-02
     1.7470000E+03    237.6765292  3.5629603E+08 -9.1648000E+04  0.0000000E+00  4.0415449E+04  1.0797212E-01  0.0000000E+00  6.1179268E+03  3.0272422E+05  1.7550244E+01  4.8075006E+05  2.4192000E+05  0.0000000E+00  0.0000000E+00  3.7880342E+06 -1.1214066E+00
     1.7480000E+03    237.6497225  3.5620755E+08 -8.8480000E+04  0.0000000E+00  3.7639623E+04  1.0769185E-01  0.0000000E+00  6.9687578E+03  2.9620928E+05  1.7539189E+01  4.7684466E+05  2.4192000E+05  0.0000000E+00  0.0000000E+00  3.7691362E+06 -6.0663223E-01
     1.7490000E+03    237.6247826  3.5612522E+08 -8.2336000E+04  0.0000000E+00  3.3358747E+04  1.0741267E-01  0.0000000E+00  6.9141753E+03  2.9065059E+05  1.7528822E+01  4.7167794E+05  2.4192000E+05  0.0000000E+00  0.0000000E+00  3.7504978E+06 -8.8677162E-01
     1.7500000E+03    237.5966350  3.5603229E+08 -9.2928000E+04  0.0000000E+00  3.3785308E+04  1.0713457E-01  0.0000000E+00  1.7487533E+03  2.8731606E+05  1.7517558E+01  4.6794581E+05  2.4192000E+05  0.0000000E+00  0.0000000E+00  3.7254242E+06 -7.3918074E-02
     1.7510000E+03    237.5711934  3.5594829E+08 -8.4000000E+04  0.0000000E+00  3.4243315E+04  1.0685753E-01  0.0000000E+00  5.4335264E+03  2.7966644E+05  1.7506917E+01  4.6279419E+05  2.4192000E+05  0.0000000E+00  0.0000000E+00  3.7093665E+06 -6.5115684E-01
     1.7520000E+03    237.5458411  3.5586461E+08 -8.3680000E+04  0.0000000E+00  3.7986035E+04  1.0658156E-01  0.0000000E+00  7.2137480E+03  2.7327231E+05  1.7496528E+01  4.5804719E+05  2.4192000E+05  0.0000000E+00  0.0000000E+00  3.6923778E+06 -7.6913875E-01
     1.7530000E+03    237.5206179  3.5578134E+08 -8.3264000E+04  0.0000000E+00  3.8856042E+04  1.0630666E-01  0.0000000E+00  7.6338862E+03  2.6771234E+05  1.7486187E+01  4.5249725E+05  2.4192000E+05  0.0000000E+00  0.0000000E+00  3.6743462E+06 -9.3173569E-01
     1.7540000E+03    237.4952471  3.5569760E+08 -8.3744000E+04  0.0000000E+00  3.9445447E+04  1.0603280E-01  0.0000000E+00  7.8595513E+03  2.6226053E+05  1.7475810E+01  4.4722322E+05  2.4192000E+05  0.0000000E+00  0.0000000E+00  3.6560382E+06 -8.8598961E-01
     1.7550000E+03    237.4681558  3.5560816E+08 -8.9440000E+04  0.0000000E+00  3.9529694E+04  1.0576000E-01  0.0000000E+00  2.2877612E+03  2.5969812E+05  1.7464856E+01  4.4236691E+05  2.4192000E+05  0.0000000E+00  0.0000000E+00  3.6317022E+06 -1.3065268E+00
     1.7560000E+03    237.4425713  3.5552368E+08 -8.4480000E+04  0.0000000E+00  3.9854379E+04  1.0548826E-01  0.0000000E+00  7.4058569E+03  2.5163009E+05  1.7454255E+01  4.3702331E+05  2.4192000E+05  0.0000000E+00  0.0000000E+00  3.6171762E+06 -8.4598249E-01
     1.7570000E+03    237.4149869  3.5543264E+08 -9.1040000E+04  0.0000000E+00  3.8227807E+04  1.0521755E-01  0.0000000E+00  4.6500371E+03  2.5008642E+05  1.7443122E+01  4.3499731E+05  2.4192000E+05  0.0000000E+00  0.0000000E+00  3.5961410E+06  8.2183853E-02
     1.7580000E+03    237.3859010  3.5533661E+08 -9.6032000E+04  0.0000000E+00  4.3376845E+04  1.0494787E-01  0.0000000E+00  5.2392197E+03  2.4580064E+05  1.7431334E+01  4.3162106E+05  2.4192000E+05  0.0000000E+00  0.0000000E+00  3.5765260E+06  3.3466154E-01
     1.7590000E+03    237.3615418  3.5525619E+08 -8.0416000E+04  0.0000000E+00  3.7806897E+04  1.0467923E-01  0.0000000E+00  8.3043389E+03  2.4064444E+05  1.7420971E+01  4.2645797E+05  2.4192000E+05  0.0000000E+00  0.0000000E+00  3.5614148E+06 -1.0012406E+00
     1.7600000E+03    237.3367605  3.5517437E+08 -8.1824000E+04  0.0000000E+00  3.7857845E+04  1.0441159E-01  0.0000000E+00  8.8897559E+03  2.3696225E+05  1.7410857E+01  4.2574922E+05  2.4192000E+05  0.0000000E+00  0.0000000E+00  3.5450575E+06 -5.6971841E-02
     1.7610000E+03    237.3130724  3.5509619E+08 -7.8176000E+04  0.0000000E+00  3.6971352E+04  1.0414498E-01  0.0000000E+00  8.9200078E+03  2.3389216E+05  1.7401067E+01  4.2229678E+05  2.4192000E+05  0.0000000E+00  0.0000000E+00  3.5286448E+06 -6.6458541E-01
     1.7620000E+03    237.2880865  3.5501370E+08 -8.2496000E+04  0.0000000E+00  3.2800349E+04  1.0387938E-01  0.0000000E+00  4.0009033E+03  2.3343202E+05  1.7390941E+01  4.2167897E+05  2.4192000E+05  0.0000000E+00  0.0000000E+00  3.5068808E+06  1.2176048E-03
     1.7630000E+03    237.2643649  3.5493539E+08 -7.8304000E+04  0.0000000E+00  3.2501120E+04  1.0361481E-01  0.0000000E+00  4.0232444E+03  2.3026975E+05  1.7381123E+01  4.2041469E+05  2.4192000E+05  0.0000000E+00  0.0000000E+00  3.4904570E+06 -3.8957530E-01
     1.7640000E+03    237.2421569  3.5486208E+08 -7.3312000E+04  0.0000000E+00  3.4837030E+04  1.0335123E-01  0.0000000E+00  3.9359097E+03  2.2746647E+05  1.7371904E+01  4.1772306E+05  2.4192000E+05  0.0000000E+00  0.0000000E+00  3.4751638E+06 -1.8383700E+00
     1.7650000E+03    237.2199970  3.5478893E+08 -7.3152000E+04  0.0000000E+00  3.2704067E+04  1.0308865E-01  0.0000000E+00  6.7825986E+03  2.2286980E+05  1.7362825E+01  4.1662781E+05  2.4192000E+05  0.0000000E+00  0.0000000E+00  3.4619722E+06 -1.9069920E-01
     1.7660000E+03    237.2403525  3.5485613E+08  6.7200000E+04  0.0000000E+00  2.9297242E+04  1.0282706E-01  0.0000000E+00  1.1608059E+03  2.9865166E+05  1.7367679E+01  4.0253944E+05  8.6400000E+03  0.0000000E+00  0.0000000E+00  3.4445380E+06 -2.6241617E-02
     1.7670000E+03    237.2496977  3.5488698E+08  3.0848000E+04  0.0000000E+00  3.4193729E+04  1.0256644E-01  0.0000000E+00  1.6405255E+03  3.2938319E+05  1.7372408E+01  3.8667684E+05  8.6400000E+03  0.0000000E+00  0.0000000E+00  3.4430650E+06 -3.8022530E+00
     1.7680000E+03    237.2495872  3.5488659E+08 -3.8400000E+02  0.0000000E+00  3.4474286E+04  1.0230682E-01  0.0000000E+00  1.5106940E+03  3.4422694E+05  1.7373137E+01  3.8568238E+05  8.6400000E+03  0.0000000E+00  0.0000000E+00  3.4397052E+06  5.6423817E-02
     1.7690000E+03    237.2472342  3.5487885E+08 -7.7440000E+03  0.0000000E+00  3.3645458E+04  1.0204818E-01  0.0000000E+00  1.3865988E+03  3.5225762E+05  1.7372357E+01  3.7988838E+05  8.6400000E+03  0.0000000E+00  0.0000000E+00  3.4358902E+06 -1.4044504E+00
     1.7700000E+03    237.2420321  3.5486166E+08 -1.7184000E+04  0.0000000E+00  3.3228183E+04  1.0179051E-01  0.0000000E+00  1.3744974E+03  3.5590703E+05  1.7370460E+01  3.7959312E+05  8.6400000E+03  0.0000000E+00  0.0000000E+00  3.4316092E+06  9.0279460E-02
     1.7710000E+03    237.2351823  3.5483904E+08 -2.2624000E+04  0.0000000E+00  3.2273203E+04  1.0153380E-01  0.0000000E+00  1.1387710E+03  3.5918650E+05  1.7367790E+01  3.7757781E+05  8.6400000E+03  0.0000000E+00  0.0000000E+00  3.4255922E+06  3.0581674E-01
     1.7720000E+03    237.2288665  3.5481821E+08 -2.0832000E+04  0.0000000E+00  3.1537037E+04  1.0127806E-01  0.0000000E+00  1.3064401E+03  3.5951028E+05  1.7365160E+01  3.7493741E+05  8.6400000E+03  0.0000000E+00  0.0000000E+00  3.4210910E+06 -6.5767306E-01
     1.7730000E+03    237.2207174  3.5479130E+08 -2.6912000E+04  0.0000000E+00  3.1800565E+04  1.0102327E-01  0.0000000E+00  1.0342452E+03  3.6163556E+05  1.7361972E+01  3.7355528E+05  8.6400000E+03  0.0000000E+00  0.0000000E+00  3.4143598E+06 -1.4719835E-01
     1.7740000E+03    237.2112924  3.5476019E+08 -3.1104000E+04  0.0000000E+00  3.3060140E+04  1.0076943E-01  0.0000000E+00  9.4922925E+02  3.6213222E+05  1.7358217E+01  3.7178912E+05  8.6400000E+03  0.0000000E+00  0.0000000E+00  3.4071885E+06 -1.7952223E-03
     1.7750000E+03    237.2020217  3.5472957E+08 -3.0624000E+04  0.0000000E+00  3.3152840E+04  1.0051656E-01  0.0000000E+00  1.2025005E+03  3.6043188E+05  1.7354408E+01  3.6986691E+05  8.6400000E+03  0.0000000E+00  0.0000000E+00  3.4013318E+06 -1.3637622E-01
     1.7760000E+03    237.1931889  3.5470042E+08 -2.9152000E+04  0.0000000E+00  3.2339735E+04  1.0026461E-01  0.0000000E+00  1.3842856E+03  3.5912403E+05  1.7350755E+01  3.6820303E+05  8.6400000E+03  0.0000000E+00  0.0000000E+00  3.3955418E+06 -3.4531733E-01
     1.7770000E+03    237.1837371  3.5466922E+08 -3.1200000E+04  0.0000000E+00  3.3263410E+04  1.0001360E-01  0.0000000E+00  1.4369098E+03  3.5840528E+05  1.7346935E+01  3.6633625E+05  8.6400000E+03  0.0000000E+00  0.0000000E+00  3.3890705E+06 -3.3791989E-01
     1.7780000E+03    237.1719663  3.5463037E+08 -3.8848000E+04  0.0000000E+00  4.0271828E+04  9.9763535E-02  0.0000000E+00  1.5337363E+03  3.5706350E+05  1.7342304E+01  3.6321762E+05  8.6400000E+03  0.0000000E+00  0.0000000E+00  3.3813968E+06 -5.8946574E-01
     1.7790000E+03    237.1605943  3.5459280E+08 -3.7568000E+04  0.0000000E+00  3.6997328E+04  9.9514395E-02  0.0000000E+00  1.5420442E+03  3.5618294E+05  1.7337615E+01  3.6053766E+05  8.6400000E+03  0.0000000E+00  0.0000000E+00  3.3733072E+06 -5.4494184E-01
     1.7800000E+03    237.1489122  3.5455424E+08 -3.8560000E+04  0.0000000E+00  3.6227195E+04  9.9266179E-02  0.0000000E+00  1.5456975E+03  3.5528566E+05  1.7332856E+01  3.5842047E+05  8.6400000E+03  0.0000000E+00  0.0000000E+00  3.3650590E+06 -4.1080958E-01
     1.7810000E+03    237.1367418  3.5451408E+08 -4.0160000E+04  0.0000000E+00  3.6830008E+04  9.9018872E-02  0.0000000E+00  1.5574611E+03  3.5422691E+05  1.7327912E+01  3.5621122E+05  8.6400000E+03  0.0000000E+00  0.0000000E+00  3.3565298E+06 -4.4667852E-01
     1.7820000E+03    237.1256637  3.5447750E+08 -3.6576000E+04  0.0000000E+00  3.1847093E+04  9.8772489E-02  0.0000000E+00  1.5124102E+03  3.5355378E+05  1.7323286E+01  3.5494581E+05  8.6400000E+03  0.0000000E+00  0.0000000E+00  3.3483370E+06 -2.5982839E-01
     1.7830000E+03    237.1108193  3.5442848E+08 -4.9024000E+04  0.0000000E+00  4.4693079E+04  9.8527022E-02  0.0000000E+00  1.6336294E+03  3.5144331E+05  1.7317515E+01  3.5192869E+05  8.6400000E+03  0.0000000E+00  0.0000000E+00  3.3388468E+06 -5.4528546E-01
     1.7840000E+03    237.0958889  3.5437930E+08 -4.9184000E+04  0.0000000E+00  4.3925887E+04  9.8282456E-02  0.0000000E+00  1.6776204E+03  3.4972166E+05  1.7311408E+01  3.4845981E+05  8.6400000E+03  0.0000000E+00  0.0000000E+00  3.3285288E+06 -7.4155521E-01
     1.7850000E+03    237.0826327  3.5433587E+08 -4.3424000E+04  0.0000000E+00  3.5771250E+04  9.8038793E-02  0.0000000E+00  1.6179159E+03  3.4883791E+05  1.7305842E+01  3.4684125E+05  8.6400000E+03  0.0000000E+00  0.0000000E+00  3.3187018E+06 -3.5172558E-01
     1.7860000E+03    237.0714398  3.5429917E+08 -3.6704000E+04  0.0000000E+00  3.2418854E+04  9.7796030E-02  0.0000000E+00  2.2634651E+03  3.4408234E+05  1.7301089E+01  3.4634031E+05  8.6400000E+03  0.0000000E+00  0.0000000E+00  3.3122688E+06  3.8782734E-02
     1.7870000E+03    237.0590539  3.5425859E+08 -4.0576000E+04  0.0000000E+00  2.9639521E+04  9.7554140E-02  0.0000000E+00  1.0969962E+03  3.4975428E+05  1.7296114E+01  3.4640309E+05  8.6400000E+03  0.0000000E+00  0.0000000E+00  3.2998032E+06  6.4666099E-03
     1.7880000E+03    237.0466488  3.5421792E+08 -4.0672000E+04  0.0000000E+00  3.0340192E+04  9.7313151E-02  0.0000000E+00  1.0518807E+03  3.4873512E+05  1.7291036E+01  3.4613172E+05  8.6400000E+03  0.0000000E+00  0.0000000E+00  3.2906660E+06  3.1747073E-02
     1.7890000E+03    237.0344054  3.5417779E+08 -4.0128000E+04  0.0000000E+00  3.3790027E+04  9.7073041E-02  0.0000000E+00  1.4136224E+03  3.4511212E+05  1.7286008E+01  3.4515303E+05  8.6400000E+03  0.0000000E+00  0.0000000E+00  3.2834285E+06 -2.2311094E-01
     1.7900000E+03    237.0219057  3.5413683E+08 -4.0960000E+04  0.0000000E+00  3.5303650E+04  9.6833825E-02  0.0000000E+00  1.4932156E+03  3.4334328E+05  1.7280911E+01  3.4391803E+05  8.6400000E+03  0.0000000E+00  0.0000000E+00  3.2751092E+06 -2.4086364E-01
     1.7910000E+03    237.0095271  3.5409626E+08 -4.0576000E+04  0.0000000E+00  3.0560867E+04  9.6595474E-02  0.0000000E+00  9.3606635E+02  3.4562959E+05  1.7275831E+01  3.4334366E+05  8.6400000E+03  0.0000000E+00  0.0000000E+00  3.2637280E+06  2.0949843E-03
     1.7920000E+03    236.9964953  3.5405354E+08 -4.2720000E+04  0.0000000E+00  3.3660597E+04  9.6357979E-02  0.0000000E+00  1.0551372E+03  3.4351494E+05  1.7270548E+01  3.4207056E+05  8.6400000E+03  0.0000000E+00  0.0000000E+00  3.2551738E+06  3.3612356E-03
     1.7930000E+03    236.9598993  3.5393360E+08 -1.1993600E+05  0.0000000E+00  3.3461924E+04  9.6121363E-02  0.0000000E+00  8.9948230E+02  3.1040100E+05  1.7257491E+01  3.4550244E+05  1.2096000E+05  0.0000000E+00  0.0000000E+00  3.2429192E+06  3.2222769E-01
     1.7940000E+03    236.9318922  3.5384182E+08 -9.1776000E+04  0.0000000E+00  3.2330113E+04  9.5885612E-02  0.0000000E+00  1.4516432E+03  2.8571197E+05  1.7245318E+01  3.4957150E+05  1.2096000E+05  0.0000000E+00  0.0000000E+00  3.2313418E+06  8.6098856E-01
     1.7950000E+03    236.8819473  3.5367814E+08 -1.6368000E+05  0.0000000E+00  3.9062726E+04  9.5650718E-02  0.0000000E+00  1.9974115E+03  2.3759239E+05  1.7226661E+01  3.5301569E+05  2.4192000E+05  0.0000000E+00  0.0000000E+00  3.2129165E+06  1.9445669E-02
     1.7960000E+03    236.8434038  3.5355181E+08 -1.2633600E+05  0.0000000E+00  3.2582311E+04  9.5416680E-02  0.0000000E+00  1.0144860E+03  2.1345056E+05  1.7209943E+01  3.5626778E+05  2.4192000E+05  0.0000000E+00  0.0000000E+00  3.1916450E+06 -8.9180028E-01
     1.7970000E+03    236.8091202  3.5343946E+08 -1.1235200E+05  0.0000000E+00  3.5092042E+04  9.5183484E-02  0.0000000E+00  4.3869580E+03  1.9609461E+05  1.7195554E+01  3.6162628E+05  2.4192000E+05  0.0000000E+00  0.0000000E+00  3.1743240E+06  1.1078495E+00
     1.7980000E+03    236.7800003  3.5334400E+08 -9.5456000E+04  0.0000000E+00  3.2868232E+04  9.4951130E-02  0.0000000E+00  6.8521250E+03  1.8960855E+05  1.7183206E+01  3.5960550E+05  2.4192000E+05  0.0000000E+00  0.0000000E+00  3.1559878E+06 -5.3836668E-01
     1.7990000E+03    236.7721903  3.5331840E+08 -2.5600000E+04  0.0000000E+00  3.0493895E+04  9.4719619E-02  0.0000000E+00  2.5732947E+03  2.2238217E+05  1.7178262E+01  3.5610162E+05  1.2960000E+05  0.0000000E+00  0.0000000E+00  3.1324210E+06  4.6582520E-01
     1.8000000E+03    236.7590924  3.5327549E+08 -4.2912000E+04  0.0000000E+00  3.0237838E+04  9.4488956E-02  0.0000000E+00  9.5271643E+02  2.3671947E+05  1.7173331E+01  3.5269784E+05  1.2960000E+05  0.0000000E+00  0.0000000E+00  3.1168112E+06 -2.9865133E-03
     1.8010000E+03    236.7455043  3.5323094E+08 -4.4544000E+04  0.0000000E+00  2.6872986E+04  9.4259121E-02  0.0000000E+00  1.1580607E+03  2.3854688E+05  1.7167807E+01  3.5173428E+05  1.2960000E+05  0.0000000E+00  0.0000000E+00  3.1068268E+06  6.0738766E-01
     1.8020000E+03    236.7317299  3.5318579E+08 -4.5152000E+04  0.0000000E+00  3.1211718E+04  9.4030097E-02  0.0000000E+00  1.4763239E+03  2.3724809E+05  1.7162181E+01  3.4832869E+05  1.2960000E+05  0.0000000E+00  0.0000000E+00  3.0980662E+06 -7.8373665E-01
     1.8030000E+03    236.6936757  3.5306109E+08 -1.2470400E+05  0.0000000E+00  3.7047040E+04  9.3801908E-02  0.0000000E+00  2.0723140E+03  1.9990127E+05  1.7148585E+01  3.5210866E+05  2.4192000E+05  0.0000000E+00  0.0000000E+00  3.0860800E+06 -8.4832391E-05
     1.8040000E+03    236.7050160  3.5309824E+08  3.7152000E+04  0.0000000E+00  3.8311643E+04  9.3574546E-02  0.0000000E+00  1.0506176E+03  2.6038122E+05  1.7149184E+01  3.4336181E+05  8.6400000E+03  0.0000000E+00  0.0000000E+00  3.0655988E+06 -2.5986278E-02
     1.8050000E+03    236.7097176  3.5311366E+08  1.5424000E+04  0.0000000E+00  3.7569534E+04  9.3347996E-02  0.0000000E+00  1.4446904E+03  2.8258575E+05  1.7151653E+01  3.3200147E+05  8.6400000E+03  0.0000000E+00  0.0000000E+00  3.0619080E+06 -3.2359600E+00
     1.8060000E+03    236.6847325  3.5303178E+08 -8.1888000E+04  0.0000000E+00  2.9519588E+04  9.3122259E-02  0.0000000E+00  9.1381750E+02  2.6117775E+05  1.7143853E+01  3.3710022E+05  1.2960000E+05  0.0000000E+00  0.0000000E+00  3.0553950E+06 -9.8111056E-02
     1.8070000E+03    236.6254680  3.5283754E+08 -1.9424000E+05  0.0000000E+00  2.7631683E+04  9.2897333E-02  0.0000000E+00  7.8769282E+03  1.7848888E+05  1.7122390E+01  3.4987941E+05  3.4560000E+05  0.0000000E+00  0.0000000E+00  3.0508628E+06  4.6897285E-02
     1.8080000E+03    236.5816750  3.5269402E+08 -1.4352000E+05  0.0000000E+00  2.8277048E+04  9.2673212E-02  0.0000000E+00  2.2965660E+04  1.5890867E+05  1.7103188E+01  3.5703428E+05  3.4560000E+05  0.0000000E+00  0.0000000E+00  3.0381748E+06 -1.7422661E+00
     1.8090000E+03    236.5218400  3.5249792E+08 -1.9609600E+05  0.0000000E+00  2.8159791E+04  9.2449889E-02  0.0000000E+00  5.4385242E+04  1.2993695E+05  1.7079998E+01  3.6981719E+05  4.6656000E+05  0.0000000E+00  0.0000000E+00  3.0276765E+06 -7.0041054E-01
     1.8100000E+03    236.4757440  3.5234685E+08 -1.5107200E+05  0.0000000E+00  2.3797617E+04  9.2227355E-02  0.0000000E+00  7.3223180E+04  1.1343535E+05  1.7059996E+01  3.7956231E+05  4.6656000E+05  0.0000000E+00  0.0000000E+00  3.0072492E+06  7.8718876E-03
     1.8110000E+03    236.4357708  3.5221584E+08 -1.3100800E+05  0.0000000E+00  2.8222691E+04  9.2005625E-02  0.0000000E+00  8.8284328E+04  1.0451248E+05  1.7043124E+01  3.8563881E+05  4.6656000E+05  0.0000000E+00  0.0000000E+00  2.9896242E+06  9.3756950E-01
     1.8120000E+03    236.4009753  3.5210179E+08 -1.1404800E+05  0.0000000E+00  2.9175009E+04  9.1784678E-02  0.0000000E+00  9.4831070E+04  9.9427133E+04  1.7028451E+01  3.8499247E+05  4.6656000E+05  0.0000000E+00  0.0000000E+00  2.9701692E+06 -2.1968177E-01
     1.8130000E+03    236.3692460  3.5199779E+08 -1.0400000E+05  0.0000000E+00  2.2137538E+04  9.1564514E-02  0.0000000E+00  9.3049859E+04  9.6372836E+04  1.7015205E+01  3.8740359E+05  4.6656000E+05  0.0000000E+00  0.0000000E+00  2.9476518E+06 -1.0833318E-01
     1.8140000E+03    236.3384531  3.5189686E+08 -1.0092800E+05  0.0000000E+00  2.5669885E+04  9.1345139E-02  0.0000000E+00  9.5289305E+04  9.2688227E+04  1.7002518E+01  3.8871712E+05  4.6656000E+05  0.0000000E+00  0.0000000E+00  2.9269205E+06 -1.0150699E-04
     1.8150000E+03    236.3097149  3.5180269E+08 -9.4176000E+04  0.0000000E+00  2.9206264E+04  9.1126539E-02  0.0000000E+00  1.0205817E+05  8.9126008E+04  1.6990581E+01  3.8854516E+05  4.6656000E+05  0.0000000E+00  0.0000000E+00  2.9120335E+06 -2.2198956E-02
     1.8160000E+03    236.2824201  3.5171322E+08 -8.9472000E+04  0.0000000E+00  2.9281179E+04  9.0908706E-02  0.0000000E+00  1.0400637E+05  8.6595227E+04  1.6979285E+01  3.8866806E+05  4.6656000E+05  0.0000000E+00  0.0000000E+00  2.8964195E+06 -5.2681256E-02
     1.8170000E+03    236.3451432  3.5191882E+08  2.0560000E+05  2.0667889E+05  9.4419414E+03  3.1328267E+03  0.0000000E+00  1.0121547E+05  8.6592875E+04  1.6997599E+01  4.5715553E+05  4.6656000E+05  0.0000000E+00  0.0000000E+00  2.9190205E+06 -3.7914158E-03
     1.8180000E+03    236.3370887  3.5189242E+08 -2.6400000E+04  0.0000000E+00  2.2398210E+04  2.3084194E+01  0.0000000E+00  1.0361820E+05  8.5604344E+04  1.7000097E+01  4.4454238E+05  4.6656000E+05  0.0000000E+00  0.0000000E+00  2.9246522E+06  7.0703874E-04
     1.8190000E+03    236.3250790  3.5185306E+08 -3.9360000E+04  0.0000000E+00  2.6805694E+04  1.1980287E+00  0.0000000E+00  1.0402788E+05  8.4886953E+04  1.6995503E+01  4.3488925E+05  4.6656000E+05  0.0000000E+00  0.0000000E+00  2.9182430E+06  1.5023269E-03
     1.8200000E+03    236.3149603  3.5181987E+08 -3.3184000E+04  0.0000000E+00  2.3432434E+04  1.8580575E-01  0.0000000E+00  1.0635863E+05  8.3962617E+04  1.6991204E+01  4.2983516E+05  4.6656000E+05  0.0000000E+00  0.0000000E+00  2.9128805E+06 -8.0039829E-01
     1.8210000E+03    236.3051436  3.5178771E+08 -3.2160000E+04  0.0000000E+00  1.8724603E+04  8.7391719E-02  0.0000000E+00  1.0696954E+05  8.3443570E+04  1.6987159E+01  4.2436328E+05  4.6656000E+05  0.0000000E+00  0.0000000E+00  2.9071778E+06 -9.2348033E-01
     1.8220000E+03    236.2933259  3.5174896E+08 -3.8752000E+04  0.0000000E+00  2.1010096E+04  8.7126330E-02  0.0000000E+00  1.0766261E+05  8.2755523E+04  1.6982484E+01  4.2043984E+05  4.6656000E+05  0.0000000E+00  0.0000000E+00  2.9005765E+06 -6.1157316E-01
     1.8230000E+03    236.3173928  3.5182784E+08  7.8880000E+04  0.0000000E+00  2.5170478E+04  8.6865909E-02  0.0000000E+00  5.0582664E+04  1.1684151E+05  1.6989400E+01  4.0352953E+05  2.3328000E+05  0.0000000E+00  0.0000000E+00  2.8708828E+06 -1.6894225E-02
     1.8240000E+03    236.3313776  3.5187370E+08  4.5856000E+04  0.0000000E+00  2.4684327E+04  8.6606979E-02  0.0000000E+00  3.3979664E+04  1.3262945E+05  1.6995953E+01  3.8640659E+05  2.3328000E+05  0.0000000E+00  0.0000000E+00  2.8638152E+06 -3.8251569E+00
     1.8250000E+03    236.3359254  3.5188858E+08  1.4880000E+04  0.0000000E+00  2.4515814E+04  8.6349197E-02  0.0000000E+00  2.6777730E+04  1.3938411E+05  1.6998589E+01  3.8435169E+05  2.3328000E+05  0.0000000E+00  0.0000000E+00  2.8606810E+06 -2.3044746E-01
     1.8260000E+03    236.3377871  3.5189469E+08  6.1120000E+03  0.0000000E+00  2.1432786E+04  8.6092494E-02  0.0000000E+00  2.3093125E+04  1.4324314E+05  1.6999571E+01  3.8092103E+05  2.3328000E+05  0.0000000E+00  0.0000000E+00  2.8590038E+06 -1.7496290E-02
     1.8270000E+03    236.3120362  3.5181030E+08 -8.4384000E+04  0.0000000E+00  1.9491254E+04  8.5836895E-02  0.0000000E+00  4.2973520E+04  1.2522266E+05  1.6991287E+01  3.8570944E+05  3.7152000E+05  0.0000000E+00  0.0000000E+00  2.8690132E+06 -6.1673015E-01
     1.8280000E+03    236.2712619  3.5167667E+08 -1.3363200E+05  0.0000000E+00  1.9932289E+04  8.5582376E-02  0.0000000E+00  9.0742930E+04  9.2043406E+04  1.6975819E+01  3.9710712E+05  5.0976000E+05  0.0000000E+00  0.0000000E+00  2.8800060E+06 -4.3516096E-02
     1.8290000E+03    236.2395794  3.5157283E+08 -1.0384000E+05  0.0000000E+00  2.1325493E+04  8.5328937E-02  0.0000000E+00  1.0393023E+05  8.2315461E+04  1.6962100E+01  4.0169138E+05  5.0976000E+05  0.0000000E+00  0.0000000E+00  2.8680978E+06 -6.4494169E-01
     1.8300000E+03    236.2129729  3.5148563E+08 -8.7200000E+04  0.0000000E+00  1.9084181E+04  8.5076563E-02  0.0000000E+00  1.1169881E+05  7.7518445E+04  1.6950788E+01  4.0437719E+05  5.0976000E+05  0.0000000E+00  0.0000000E+00  2.8551080E+06 -5.1180297E-01
     1.8310000E+03    236.1889089  3.5140675E+08 -7.8880000E+04  0.0000000E+00  1.9420836E+04  8.4825255E-02  0.0000000E+00  1.1937510E+05  7.3568875E+04  1.6940725E+01  4.0722338E+05  5.0976000E+05  0.0000000E+00  0.0000000E+00  2.8441980E+06  4.4991499E-01
     1.8320000E+03    236.1669857  3.5133491E+08 -7.1840000E+04  0.0000000E+00  2.0841837E+04  8.4575005E-02  0.0000000E+00  1.2266081E+05  7.1360055E+04  1.6931572E+01  4.0556094E+05  5.0976000E+05  0.0000000E+00  0.0000000E+00  2.8324868E+06 -3.1844974E-01
     1.8330000E+03    236.1454625  3.5126435E+08 -7.0560000E+04  0.0000000E+00  2.1908048E+04  8.4325805E-02  0.0000000E+00  1.2492758E+05  6.9335211E+04  1.6922725E+01  4.0607747E+05  5.0976000E+05  0.0000000E+00  0.0000000E+00  2.8208065E+06  9.0668753E-02
     1.8340000E+03    236.1249063  3.5119699E+08 -6.7360000E+04  0.0000000E+00  1.8888576E+04  8.4077664E-02  0.0000000E+00  1.2398210E+05  6.7990852E+04  1.6914227E+01  4.0631478E+05  5.0976000E+05  0.0000000E+00  0.0000000E+00  2.8079648E+06  1.6769493E-01
     1.8350000E+03    236.1062010  3.5113568E+08 -6.1312000E+04  0.0000000E+00  1.6458887E+04  8.3830550E-02  0.0000000E+00  1.2469082E+05  6.6452898E+04  1.6906415E+01  4.0668947E+05  5.0976000E+05  0.0000000E+00  0.0000000E+00  2.7964880E+06  6.2216475E-04
     1.8360000E+03    236.0880305  3.5107613E+08 -5.9552000E+04  0.0000000E+00  1.7226956E+04  8.3584480E-02  0.0000000E+00  1.2549545E+05  6.5045992E+04  1.3705247E+01  4.0693662E+05  5.0976000E+05  0.0000000E+00  0.0000000E+00  2.7859442E+06 -1.0546044E-02
     1.8370000E+03    236.0713059  3.5102131E+08 -5.4816000E+04  0.0000000E+00  1.5791100E+04  8.3339430E-02  0.0000000E+00  1.2691826E+05  6.3699250E+04  1.3699054E+01  4.0754500E+05  5.0976000E+05  0.0000000E+00  0.0000000E+00  2.7768162E+06  2.5879738E-03
     1.8380000E+03    236.0550119  3.5096790E+08 -5.3408000E+04  0.0000000E+00  1.6679859E+04  8.3095402E-02  0.0000000E+00  1.2783828E+05  6.2559949E+04  1.3693091E+01  4.0780922E+05  5.0976000E+05  0.0000000E+00  0.0000000E+00  2.7683250E+06  7.1411775E-03
     1.8390000E+03    236.0392317  3.5091619E+08 -5.1712000E+04  0.0000000E+00  1.5838314E+04  8.2852401E-02  0.0000000E+00  1.2745566E+05  6.1744688E+04  1.3687309E+01  4.0818034E+05  5.0976000E+05  0.0000000E+00  0.0000000E+00  2.7603740E+06 -1.4684433E-03
     1.8400000E+03    236.0245140  3.5086797E+08 -4.8224000E+04  0.0000000E+00  1.6185679E+04  8.2610413E-02  0.0000000E+00  1.3000591E+05  6.0469379E+04  1.3681874E+01  4.0795403E+05  5.0976000E+05  0.0000000E+00  0.0000000E+00  2.7542162E+06 -4.1735675E-02
     1.8410000E+03    236.0105389  3.5082218E+08 -4.5792000E+04  0.0000000E+00  1.6396643E+04  8.2369432E-02  0.0000000E+00  1.3151214E+05  5.9488715E+04  1.3676733E+01  4.0841131E+05  5.0976000E+05  0.0000000E+00  0.0000000E+00  2.7493798E+06  9.6472511E-03
     1.8420000E+03    235.9973610  3.5077898E+08 -4.3200000E+04  0.0000000E+00  1.8176882E+04  8.2129456E-02  0.0000000E+00  1.3509392E+05  5.8180691E+04  1.3671878E+01  4.0811988E+05  5.0976000E+05  0.0000000E+00  0.0000000E+00  2.7460988E+06  4.8218723E-02
     1.8430000E+03    235.9831713  3.5073248E+08 -4.6496000E+04  0.0000000E+00  1.7595408E+04  8.1890471E-02  0.0000000E+00  1.3090049E+05  5.8146832E+04  1.3666786E+01  4.0765600E+05  5.0976000E+05  0.0000000E+00  0.0000000E+00  2.7412188E+06 -7.9139605E-02
     1.8440000E+03    235.9690662  3.5068624E+08 -4.6240000E+04  0.0000000E+00  1.7859502E+04  8.1652477E-02  0.0000000E+00  1.3112258E+05  5.7403828E+04  1.3661645E+01  4.0729450E+05  5.0976000E+05  0.0000000E+00  0.0000000E+00  2.7372862E+06 -6.4921111E-02
     1.8450000E+03    235.9554768  3.5064170E+08 -4.4544000E+04  0.0000000E+00  1.6651035E+04  8.1415474E-02  0.0000000E+00  1.3118395E+05  5.6702152E+04  1.3656661E+01  4.0717862E+05  5.0976000E+05  0.0000000E+00  0.0000000E+00  2.7334558E+06 -3.7759792E-02
     1.8460000E+03    235.9417341  3.5059667E+08 -4.5024000E+04  0.0000000E+00  1.7783881E+04  8.1179455E-02  0.0000000E+00  1.3129205E+05  5.5991219E+04  1.3651670E+01  4.0691172E+05  5.0976000E+05  0.0000000E+00  0.0000000E+00  2.7296245E+06 -5.4986838E-02
     1.8470000E+03    235.9284672  3.5055318E+08 -4.3488000E+04  0.0000000E+00  1.6705891E+04  8.0944404E-02  0.0000000E+00  1.3131089E+05  5.5316156E+04  1.3646806E+01  4.0673031E+05  5.0976000E+05  0.0000000E+00  0.0000000E+00  2.7258732E+06 -4.5784973E-02
     1.8480000E+03    235.8802334  3.5039510E+08 -1.5808000E+05  0.0000000E+00  1.6126431E+04  8.0710314E-02  0.0000000E+00  1.5590992E+05  4.9119980E+04  1.3631793E+01  4.0791878E+05  6.5664000E+05  0.0000000E+00  0.0000000E+00  2.7225595E+06  1.2120791E-03
     1.8490000E+03    235.7892221  3.5009683E+08 -2.9827200E+05  0.0000000E+00  1.6988712E+04  8.0477200E-02  0.0000000E+00  1.6570000E+05  4.2406633E+04  1.3601777E+01  4.0759012E+05  8.1216000E+05  0.0000000E+00  0.0000000E+00  2.7031802E+06 -7.8163634E-04
     1.8500000E+03    235.7025005  3.4981261E+08 -2.8422400E+05  0.0000000E+00  1.2098178E+04  8.0245040E-02  0.0000000E+00  1.6930389E+05  3.6945977E+04  1.3569897E+01  4.0769800E+05  8.1216000E+05  0.0000000E+00  0.0000000E+00  2.6803072E+06  9.6520310E-04
     1.8510000E+03    235.6172271  3.4953312E+08 -2.7948800E+05  0.0000000E+00  1.4835927E+04  8.0013841E-02  0.0000000E+00  1.7273531E+05  3.1934996E+04  1.3538750E+01  4.0698328E+05  8.1216000E+05  0.0000000E+00  0.0000000E+00  2.6577985E+06  3.0524382E-02
     1.8520000E+03    235.5332097  3.4925776E+08 -2.7536000E+05  0.0000000E+00  1.5529930E+04  7.9783581E-02  0.0000000E+00  1.7334961E+05  2.7617840E+04  1.3508074E+01  4.0609281E+05  8.1216000E+05  0.0000000E+00  0.0000000E+00  2.6350010E+06 -6.0649727E-02
     1.8530000E+03    235.4508059  3.4898909E+08 -2.6867200E+05  0.0000000E+00  1.4495207E+04  7.9554275E-02  0.0000000E+00  1.7494678E+05  2.3272545E+04  1.3477960E+01  4.0576712E+05  8.1216000E+05  0.0000000E+00  0.0000000E+00  2.6129060E+06 -6.5328047E-02
     1.8540000E+03    235.3709029  3.4872886E+08 -2.6022400E+05  0.0000000E+00  1.2468586E+04  7.9325907E-02  0.0000000E+00  1.7869294E+05  1.8670570E+04  1.3448691E+01  4.0646672E+05  8.1216000E+05  0.0000000E+00  0.0000000E+00  2.5920630E+06  2.4560140E-01
     1.8550000E+03    235.2934828  3.4847670E+08 -2.5216000E+05  0.0000000E+00  1.0325743E+04  7.9098471E-02  0.0000000E+00  1.8022119E+05  1.4627052E+04  1.3420328E+01  4.0698747E+05  8.1216000E+05  0.0000000E+00  0.0000000E+00  2.5714390E+06  2.6788074E-01
     1.8560000E+03    235.2209881  3.4824058E+08 -2.3612800E+05  0.0000000E+00  1.1115586E+04  7.8871958E-02  0.0000000E+00  1.7854005E+05  1.1444437E+04  1.3393580E+01  4.0494566E+05  8.1216000E+05  0.0000000E+00  0.0000000E+00  2.5513028E+06 -1.8113045E+00
     1.8570000E+03    235.1458608  3.4799590E+08 -2.4467200E+05  0.0000000E+00  1.2146325E+04  7.8646384E-02  0.0000000E+00  1.8092198E+05  7.4646304E+03  1.3366424E+01  4.0616128E+05  8.1216000E+05  0.0000000E+00  0.0000000E+00  2.5318820E+06 -3.4789669E-03
     1.8580000E+03    235.0733173  3.4775962E+08 -2.3628800E+05  0.0000000E+00  1.2978275E+04  7.8421719E-02  0.0000000E+00  1.8626922E+05  3.2190610E+03  1.3339828E+01  4.0540778E+05  8.1216000E+05  0.0000000E+00  0.0000000E+00  2.5136060E+06 -4.8959065E-02
     1.8590000E+03    235.0004693  3.4752237E+08 -2.3724800E+05  0.0000000E+00  1.4084981E+04  7.8197964E-02  0.0000000E+00  1.8667666E+05  1.2237417E+03  1.3313332E+01  4.0469706E+05  8.1216000E+05  0.0000000E+00  0.0000000E+00  2.4941670E+06  1.3773713E-01
     1.8600000E+03    234.9331632  3.4730314E+08 -2.1923200E+05  0.0000000E+00  1.0165183E+04  7.7975117E-02  0.0000000E+00  1.9953145E+05  1.1625802E+03  1.3288428E+01  4.0274441E+05  8.1216000E+05  0.0000000E+00  0.0000000E+00  2.4777758E+06 -2.4203065E-01
     1.8610000E+03    234.9264725  3.4728134E+08 -2.1792000E+04  0.0000000E+00  1.3485645E+04  7.7753194E-02  0.0000000E+00  1.8548338E+05  1.1624442E+03  1.3281579E+01  4.0354266E+05  5.9616000E+05  0.0000000E+00  0.0000000E+00  2.4694205E+06 -5.3207047E-04
     1.8620000E+03    234.9492314  3.4735549E+08  7.4144000E+04  0.0000000E+00  1.1382972E+04  7.7532150E-02  0.0000000E+00  1.4525945E+05  4.0773716E+03  1.3287720E+01  4.0223600E+05  4.5792000E+05  0.0000000E+00  0.0000000E+00  2.4599715E+06 -7.6941270E-03
     1.8630000E+03    234.9648820  3.4740646E+08  5.0976000E+04  0.0000000E+00  1.1727620E+04  7.7312015E-02  0.0000000E+00  1.2985330E+05  9.6045586E+03  1.3293934E+01  4.0059450E+05  4.5792000E+05  0.0000000E+00  0.0000000E+00  2.4571425E+06  3.8911693E-02
     1.8640000E+03    234.9756187  3.4744144E+08  3.4976000E+04  0.0000000E+00  1.3155934E+04  7.7092759E-02  0.0000000E+00  1.2173165E+05  1.3022557E+04  1.3298200E+01  3.9946975E+05  4.5792000E+05  0.0000000E+00  0.0000000E+00  2.4560600E+06  4.0553537E-01
     1.8650000E+03    234.9844350  3.4747014E+08  2.8704000E+04  0.0000000E+00  1.3131158E+04  7.6874390E-02  0.0000000E+00  1.1581275E+05  1.5552854E+04  1.3301550E+01  3.9680628E+05  4.5792000E+05  0.0000000E+00  0.0000000E+00  2.4553902E+06 -5.2713972E-01
     1.8660000E+03    234.9915479  3.4749331E+08  2.3168000E+04  0.0000000E+00  1.1762739E+04  7.6656908E-02  0.0000000E+00  1.1280641E+05  1.6953652E+04  1.3304263E+01  3.9712734E+05  4.5792000E+05  0.0000000E+00  0.0000000E+00  2.4558950E+06  2.2772564E-02
     1.8670000E+03    234.9974407  3.4751251E+08  1.9200000E+04  0.0000000E+00  1.1545862E+04  7.6440305E-02  0.0000000E+00  1.0968833E+05  1.8172943E+04  1.3306497E+01  3.9703572E+05  4.5792000E+05  0.0000000E+00  0.0000000E+00  2.4560480E+06 -2.5260294E-02
     1.8680000E+03    235.0013828  3.4752534E+08  1.2832000E+04  0.0000000E+00  1.2020798E+04  7.6224558E-02  0.0000000E+00  1.0842290E+05  1.8857572E+04  1.3308074E+01  3.9641084E+05  4.5792000E+05  0.0000000E+00  0.0000000E+00  2.4564272E+06  6.3191587E-01
     1.8690000E+03    235.0055398  3.4753888E+08  1.3536000E+04  0.0000000E+00  1.1901408E+04  7.6009698E-02  0.0000000E+00  1.0663977E+05  1.9408443E+04  1.3309571E+01  3.9699834E+05  4.5792000E+05  0.0000000E+00  0.0000000E+00  2.4568698E+06  1.7056516E-01
     1.8700000E+03    235.0082770  3.4754781E+08  8.9280000E+03  0.0000000E+00  1.3364233E+04  7.5795688E-02  0.0000000E+00  1.0565728E+05  1.9837369E+04  1.3310671E+01  3.9703022E+05  4.5792000E+05  0.0000000E+00  0.0000000E+00  2.4571385E+06  5.2212477E-01
     1.8710000E+03    235.0791189  3.4777853E+08  2.3072000E+05  0.0000000E+00  1.0993543E+04  7.5582542E-02  0.0000000E+00  3.6656695E+04  7.6845320E+04  1.3331501E+01  3.7677784E+05  9.5040000E+04  0.0000000E+00  0.0000000E+00  2.4227088E+06 -4.2948145E-02
     1.8720000E+03    235.1316945  3.4794976E+08  1.7123200E+05  0.0000000E+00  9.9819168E+03  7.5370252E-02  0.0000000E+00  1.5322588E+04  1.0391408E+05  1.3351969E+01  3.6198281E+05  9.5040000E+04  0.0000000E+00  0.0000000E+00  2.4134230E+06 -7.6221812E-01
     1.8730000E+03    235.1736948  3.4808656E+08  1.3680000E+05  0.0000000E+00  9.5981607E+03  7.5158805E-02  0.0000000E+00  9.2425068E+03  1.1676334E+05  1.3368028E+01  3.5453244E+05  9.5040000E+04  0.0000000E+00  0.0000000E+00  2.4165740E+06  1.5284601E+00
     1.8740000E+03    235.2114806  3.4820963E+08  1.2307200E+05  0.0000000E+00  9.3647538E+03  7.4948199E-02  0.0000000E+00  1.9722574E+03  1.2871938E+05  1.3382090E+01  3.4369741E+05  9.5040000E+04  0.0000000E+00  0.0000000E+00  2.4200580E+06 -3.0490808E+00
     1.8750000E+03    235.2431753  3.4831286E+08  1.0323200E+05  0.0000000E+00  8.8768098E+03  7.4738435E-02  0.0000000E+00  1.0491068E+03  1.3610205E+05  1.3394071E+01  3.4529097E+05  9.5040000E+04  0.0000000E+00  0.0000000E+00  2.4251010E+06  8.8811713E-01
     1.8760000E+03    235.2990127  3.4849472E+08  1.8185600E+05  6.7078598E+04  1.1602075E+04  4.1393817E+02  0.0000000E+00  1.0392388E+03  1.3926781E+05  1.3412639E+01  3.5927641E+05  9.5040000E+04  0.0000000E+00  0.0000000E+00  2.4379818E+06  6.7531727E-03
     1.8770000E+03    235.4169811  3.4887894E+08  3.8422400E+05  1.9854277E+05  9.4888102E+03  3.3637156E+03  0.0000000E+00  1.0209903E+03  1.4400847E+05  1.3451059E+01  4.2984662E+05  9.5040000E+04  0.0000000E+00  0.0000000E+00  2.4694118E+06 -9.8771423E-05
     1.8780000E+03    235.4682484  3.4904592E+08  1.6697600E+05  2.7970009E+03  9.0278372E+03  5.7436234E+01  0.0000000E+00  1.0101490E+03  1.4821528E+05  1.3474578E+01  4.1540912E+05  9.5040000E+04  0.0000000E+00  0.0000000E+00  2.4875050E+06  2.6832114E-04
     1.8790000E+03    235.5130302  3.4919178E+08  1.4585600E+05  0.0000000E+00  8.9612644E+03  1.5428597E+00  0.0000000E+00  1.0023650E+03  1.5243802E+05  1.3491351E+01  4.0130412E+05  9.5040000E+04  0.0000000E+00  0.0000000E+00  2.4996040E+06 -1.8254048E-04
     1.8800000E+03    235.5541803  3.4932650E+08  1.3472000E+05  0.0000000E+00  7.4113523E+03  8.2427137E-02  0.0000000E+00  9.9518958E+02  1.6426750E+05  1.3506595E+01  3.9437578E+05  9.5040000E+04  0.0000000E+00  0.0000000E+00  2.5083440E+06 -1.5381279E+00
     1.8810000E+03    235.5915783  3.4944906E+08  1.2256000E+05  0.0000000E+00  8.0005427E+03  8.2203440E-02  0.0000000E+00  9.8862939E+02  1.6790897E+05  1.3520482E+01  3.8352812E+05  9.5040000E+04  0.0000000E+00  0.0000000E+00  2.5180775E+06 -2.3422089E+00
     1.8820000E+03    235.6250850  3.4955888E+08  1.0982400E+05  0.0000000E+00  7.2522696E+03  8.2036376E-02  0.0000000E+00  9.8385803E+02  1.7085155E+05  1.3532963E+01  3.7721028E+05  9.5040000E+04  0.0000000E+00  0.0000000E+00  2.5269020E+06 -1.2657849E+00
     1.8830000E+03    235.6566647  3.4966237E+08  1.0348800E+05  0.0000000E+00  6.7164081E+03  8.1875362E-02  0.0000000E+00  9.8066107E+02  1.6732939E+05  1.3544599E+01  3.7165578E+05  9.5040000E+04  0.0000000E+00  0.0000000E+00  2.5368030E+06  1.3199860E-02
     1.8840000E+03    235.6855382  3.4975699E+08  9.4624000E+04  0.0000000E+00  7.0032342E+03  8.1715360E-02  0.0000000E+00  9.7537433E+02  1.7314891E+05  1.3555306E+01  3.6755341E+05  9.5040000E+04  0.0000000E+00  0.0000000E+00  2.5436580E+06 -3.5297439E-01
     1.8850000E+03    235.7120212  3.4984381E+08  8.6816000E+04  0.0000000E+00  8.5459531E+03  8.1555866E-02  0.0000000E+00  9.7172479E+02  1.7758148E+05  1.3565121E+01  3.6642447E+05  9.5040000E+04  0.0000000E+00  0.0000000E+00  2.5502392E+06 -1.6350703E-01
     1.8860000E+03    235.7374640  3.4992717E+08  8.3360000E+04  0.0000000E+00  8.4237094E+03  8.1396811E-02  0.0000000E+00  9.6802936E+02  1.7994206E+05  1.3574458E+01  3.6380803E+05  9.5040000E+04  0.0000000E+00  0.0000000E+00  2.5569700E+06 -5.4914671E-01
     1.8870000E+03    235.7617177  3.5000669E+08  7.9520000E+04  0.0000000E+00  7.8174675E+03  8.1238195E-02  0.0000000E+00  9.6420795E+02  1.8183298E+05  1.3583373E+01  3.6283256E+05  9.5040000E+04  0.0000000E+00  0.0000000E+00  2.5635380E+06 -1.1742474E-01
     1.8880000E+03    235.7859902  3.5008624E+08  7.9552000E+04  0.0000000E+00  8.6930443E+03  8.1080027E-02  0.0000000E+00  9.6026520E+02  1.7934422E+05  1.3592208E+01  3.6151209E+05  9.5040000E+04  0.0000000E+00  0.0000000E+00  2.5711988E+06 -4.7012195E-02
     1.8890000E+03    235.8096707  3.5016384E+08  7.7600000E+04  0.0000000E+00  9.3617108E+03  8.0922298E-02  0.0000000E+00  9.5633392E+02  1.8123045E+05  1.3600871E+01  3.6142134E+05  9.5040000E+04  0.0000000E+00  0.0000000E+00  2.5776998E+06 -2.3952906E-01
     1.8900000E+03    235.8327015  3.5023933E+08  7.5488000E+04  0.0000000E+00  5.6433609E+03  8.0765009E-02  0.0000000E+00  9.5273108E+02  1.8637744E+05  1.3609302E+01  3.6309625E+05  9.5040000E+04  0.0000000E+00  0.0000000E+00  2.5831480E+06  4.0836701E-01
     1.8910000E+03    235.8561608  3.5031619E+08  7.6864000E+04  0.0000000E+00  3.3574740E+03  8.0608152E-02  0.0000000E+00  9.4937097E+02  1.8867258E+05  1.3617811E+01  3.6323181E+05  9.5040000E+04  0.0000000E+00  0.0000000E+00  2.5893438E+06  6.4133584E-02
     1.8920000E+03    235.8789689  3.5039094E+08  7.4752000E+04  0.0000000E+00  3.8638247E+03  8.0451719E-02  0.0000000E+00  9.4620746E+02  1.9029817E+05  1.3626161E+01  3.6419759E+05  9.5040000E+04  0.0000000E+00  0.0000000E+00  2.5956225E+06  3.2213330E-01
     1.8930000E+03    235.9774411  3.5071370E+08  3.2275200E+05  1.8127366E+05  5.5194036E+03  2.7092681E+03  0.0000000E+00  9.3449670E+02  1.8784178E+05  1.3656498E+01  4.2623519E+05  9.5040000E+04  0.0000000E+00  0.0000000E+00  2.6216572E+06 -2.3265465E-03
     1.8940000E+03    236.0166749  3.5084227E+08  1.2857600E+05  0.0000000E+00  3.6504432E+03  5.9668465E+01  0.0000000E+00  9.2840393E+02  1.8992403E+05  1.3675093E+01  4.1622694E+05  9.5040000E+04  0.0000000E+00  0.0000000E+00  2.6362472E+06  2.5990796E-03
     1.8950000E+03    236.0532218  3.5096205E+08  1.1977600E+05  0.0000000E+00  2.2673865E+03  1.0656490E+00  0.0000000E+00  9.2453503E+02  1.9200980E+05  1.3688592E+01  4.0818538E+05  9.5040000E+04  0.0000000E+00  0.0000000E+00  2.6464790E+06  1.0006453E-03
     1.8960000E+03    236.0871087  3.5107312E+08  1.1107200E+05  0.0000000E+00  1.8552288E+03  1.1280350E-01  0.0000000E+00  9.6926959E+02  1.9328564E+05  1.3701121E+01  4.0521012E+05  9.5040000E+04  0.0000000E+00  0.0000000E+00  2.6561842E+06  1.2095484E+00
     1.8970000E+03    236.1191567  3.5117814E+08  1.0502400E+05  0.0000000E+00  2.8188637E+03  7.0694447E-02  0.0000000E+00  9.1819397E+02  2.0230966E+05  1.3712922E+01  3.9846959E+05  9.5040000E+04  0.0000000E+00  0.0000000E+00  2.6633728E+06 -1.4568232E+00
     1.8980000E+03    236.1482095  3.5127338E+08  9.5232000E+04  0.0000000E+00  3.2125401E+03  7.0511006E-02  0.0000000E+00  9.1653888E+02  2.0502028E+05  1.3723715E+01  3.9440559E+05  9.5040000E+04  0.0000000E+00  0.0000000E+00  2.6712230E+06 -8.0853349E-01
     1.8990000E+03    236.1759654  3.5136432E+08  9.0944000E+04  0.0000000E+00  4.6996887E+03  7.0329033E-02  0.0000000E+00  9.1571570E+02  2.0082628E+05  1.3733914E+01  3.9164344E+05  9.5040000E+04  0.0000000E+00  0.0000000E+00  2.6802282E+06  2.6378983E-01
     1.9000000E+03    236.2026661  3.5145184E+08  8.7520000E+04  0.0000000E+00  4.9103849E+03  7.0147827E-02  0.0000000E+00  9.1422925E+02  2.0277212E+05  1.3743710E+01  3.8817959E+05  9.5040000E+04  0.0000000E+00  0.0000000E+00  2.6874960E+06 -2.9873091E-01
     1.9010000E+03    236.2281748  3.5153546E+08  8.3616000E+04  0.0000000E+00  4.0679637E+03  6.9967300E-02  0.0000000E+00  9.1185345E+02  2.0487519E+05  1.3753083E+01  3.8714159E+05  9.5040000E+04  0.0000000E+00  0.0000000E+00  2.6943900E+06  1.1354748E-01
     1.9020000E+03    236.2525106  3.5161520E+08  7.9744000E+04  0.0000000E+00  5.6296197E+03  6.9787443E-02  0.0000000E+00  9.0925732E+02  2.0584036E+05  1.3762027E+01  3.8537431E+05  9.5040000E+04  0.0000000E+00  0.0000000E+00  2.7012355E+06  4.1096746E-03
     1.9030000E+03    236.2758443  3.5169168E+08  7.6480000E+04  0.0000000E+00  6.0087472E+03  6.9608256E-02  0.0000000E+00  9.0673792E+02  2.0827720E+05  1.3770594E+01  3.8483816E+05  9.5040000E+04  0.0000000E+00  0.0000000E+00  2.7074500E+06 -1.9378088E-02
     1.9040000E+03    236.2984765  3.5176586E+08  7.4176000E+04  0.0000000E+00  6.9598742E+03  6.9429733E-02  0.0000000E+00  9.0407715E+02  2.0911392E+05  1.3778883E+01  3.8419697E+05  9.5040000E+04  0.0000000E+00  0.0000000E+00  2.7138235E+06 -5.2575476E-02
     1.9050000E+03    236.3203155  3.5183744E+08  7.1584000E+04  0.0000000E+00  7.3103799E+03  6.9251880E-02  0.0000000E+00  9.0136493E+02  2.1119830E+05  1.3786891E+01  3.8401281E+05  9.5040000E+04  0.0000000E+00  0.0000000E+00  2.7197038E+06 -6.0329996E-02
     1.9060000E+03    236.3406826  3.5190419E+08  6.6752000E+04  0.0000000E+00  6.9825826E+03  6.9074675E-02  0.0000000E+00  8.9922528E+02  2.1613689E+05  1.3794412E+01  3.8432941E+05  9.5040000E+04  0.0000000E+00  0.0000000E+00  2.7245348E+06  7.8768149E-02
     1.9070000E+03    236.3064237  3.5179190E+08 -1.1228800E+05  0.0000000E+00  6.3698517E+03  6.8898134E-02  0.0000000E+00  1.9570271E+04  1.3705555E+05  1.3785918E+01  4.0041541E+05  3.8880000E+05  0.0000000E+00  0.0000000E+00  2.7632600E+06  6.4937910E-03
     1.9080000E+03    236.2502888  3.5160794E+08 -1.8396800E+05  0.0000000E+00  6.8720245E+03  6.8722233E-02  0.0000000E+00  7.8416539E+04  8.9279141E+04  1.3767077E+01  4.2228875E+05  5.8752000E+05  0.0000000E+00  0.0000000E+00  2.7980578E+06  1.4457043E-01
     1.9090000E+03    236.2118988  3.5148211E+08 -1.2582400E+05  0.0000000E+00  6.2984852E+03  6.8547003E-02  0.0000000E+00  1.0826677E+05  7.3375070E+04  1.3751810E+01  4.3420938E+05  5.8752000E+05  0.0000000E+00  0.0000000E+00  2.8014502E+06  1.6379842E-01
     1.9100000E+03    236.2736247  3.5168442E+08  2.0230400E+05  0.0000000E+00  5.9702332E+03  6.8372399E-02  0.0000000E+00  1.8829979E+04  1.3241922E+05  1.3766991E+01  4.1660147E+05  9.5040000E+04  0.0000000E+00  0.0000000E+00  2.7467370E+06 -7.2499916E-02
     1.9110000E+03    236.3145493  3.5181853E+08  1.3411200E+05  0.0000000E+00  6.9920001E+03  6.8198450E-02  0.0000000E+00  2.8100208E+03  1.6101303E+05  1.3783402E+01  4.0694103E+05  9.5040000E+04  0.0000000E+00  0.0000000E+00  2.7355028E+06  3.0702326E+00
     1.9120000E+03    236.3469126  3.5192461E+08  1.0608000E+05  0.0000000E+00  5.2358237E+03  6.8025135E-02  0.0000000E+00  9.0089124E+02  1.8992441E+05  1.3795807E+01  3.9857022E+05  9.5040000E+04  0.0000000E+00  0.0000000E+00  2.7343055E+06  7.9534054E-01
     1.9130000E+03    236.3760178  3.5202000E+08  9.5392000E+04  0.0000000E+00  6.0195246E+03  6.7852467E-02  0.0000000E+00  8.9691028E+02  2.0246911E+05  1.3806639E+01  3.9169778E+05  9.5040000E+04  0.0000000E+00  0.0000000E+00  2.7407138E+06 -1.6148171E+00
     1.9140000E+03    236.4012849  3.5210278E+08  8.2784000E+04  0.0000000E+00  4.9222325E+03  6.7680418E-02  0.0000000E+00  8.9365961E+02  2.0967283E+05  1.3816116E+01  3.9470022E+05  9.5040000E+04  0.0000000E+00  0.0000000E+00  2.7476542E+06  7.9906750E-01
     1.9150000E+03    236.4251233  3.5218093E+08  7.8144000E+04  0.0000000E+00  8.1081513E+03  6.7509010E-02  0.0000000E+00  8.8984869E+02  2.1452303E+05  1.3824898E+01  3.9320691E+05  9.5040000E+04  0.0000000E+00  0.0000000E+00  2.7547050E+06 -4.3953350E-01
     1.9160000E+03    236.4481666  3.5225645E+08  7.5520000E+04  0.0000000E+00  5.6213158E+03  6.7338228E-02  0.0000000E+00  8.8670636E+02  2.1793989E+05  1.3833344E+01  3.9526875E+05  9.5040000E+04  0.0000000E+00  0.0000000E+00  2.7619780E+06  5.1002693E-01
     1.9170000E+03    236.4707030  3.5233030E+08  7.3856000E+04  0.0000000E+00  6.5085534E+03  6.7168072E-02  0.0000000E+00  8.8338141E+02  2.2084266E+05  1.3841584E+01  3.9535444E+05  9.5040000E+04  0.0000000E+00  0.0000000E+00  2.7692045E+06 -5.8440273E-03
     1.9180000E+03    236.4928539  3.5240291E+08  7.2608000E+04  0.0000000E+00  5.3769849E+03  6.6998534E-02  0.0000000E+00  8.8035785E+02  2.2322950E+05  1.3849676E+01  3.9694888E+05  9.5040000E+04  0.0000000E+00  0.0000000E+00  2.7764842E+06  3.9237148E-01
     1.9190000E+03    236.5336577  3.5253664E+08  1.3372800E+05  0.0000000E+00  7.3325672E+03  6.6829622E-02  0.0000000E+00  1.0739277E+03  2.4271173E+05  1.3863171E+01  3.9309728E+05  8.6400000E+03  0.0000000E+00  0.0000000E+00  2.7824588E+06  4.4273266E-01
     1.9200000E+03    236.5685022  3.5265085E+08  1.1420800E+05  0.0000000E+00  7.0293840E+03  6.6661321E-02  0.0000000E+00  8.7486627E+02  2.5966247E+05  1.3876289E+01  3.9119991E+05  8.6400000E+03  0.0000000E+00  0.0000000E+00  2.7895435E+06  6.4302135E-01
     1.9210000E+03    236.6003786  3.5275533E+08  1.0448000E+05  0.0000000E+00  7.6417268E+03  6.6493630E-02  0.0000000E+00  8.6458734E+02  2.6809559E+05  1.3888109E+01  3.8986591E+05  8.6400000E+03  0.0000000E+00  0.0000000E+00  2.7985372E+06  4.7587141E-01
     1.9220000E+03    236.6304649  3.5285392E+08  9.8592000E+04  0.0000000E+00  7.2929275E+03  6.6326551E-02  0.0000000E+00  8.6030957E+02  2.7565972E+05  1.3899192E+01  3.8909859E+05  8.6400000E+03  0.0000000E+00  0.0000000E+00  2.8072615E+06 -6.1440758E-02
     1.9230000E+03    236.6558737  3.5293718E+08  8.3264000E+04  0.0000000E+00  6.9677448E+03  6.6160083E-02  0.0000000E+00  8.5667413E+02  2.9120456E+05  1.3908782E+01  3.8895478E+05  8.6400000E+03  0.0000000E+00  0.0000000E+00  2.8128130E+06 -7.1492881E-02
     1.9240000E+03    236.6820026  3.5302282E+08  8.5632000E+04  0.0000000E+00  7.5438380E+03  6.5994218E-02  0.0000000E+00  8.5302930E+02  2.8800228E+05  1.3918241E+01  3.8979975E+05  8.6400000E+03  0.0000000E+00  0.0000000E+00  2.8226528E+06  2.1011302E-01
     1.9250000E+03    236.7096331  3.5311338E+08  9.0560000E+04  8.8157334E+03  1.0010921E+04  4.7372536E+01  0.0000000E+00  8.4865179E+02  2.9041766E+05  1.3928189E+01  3.9126225E+05  8.6400000E+03  0.0000000E+00  0.0000000E+00  2.8318870E+06  3.3206642E-01
     1.9260000E+03    236.7347794  3.5319581E+08  8.2432000E+04  0.0000000E+00  8.3108815E+03  4.0697035E-01  0.0000000E+00  8.4512799E+02  2.9240888E+05  1.3937524E+01  3.9206094E+05  8.6400000E+03  0.0000000E+00  0.0000000E+00  2.8406642E+06  2.8016368E-01
     1.9270000E+03    236.7612888  3.5328269E+08  8.6880000E+04  0.0000000E+00  8.0082821E+03  5.1081099E-02  0.0000000E+00  8.4143982E+02  2.8919056E+05  1.3947075E+01  3.9176619E+05  8.6400000E+03  0.0000000E+00  0.0000000E+00  2.8510938E+06 -3.1862278E-02
     1.9280000E+03    236.7854828  3.5336198E+08  7.9296000E+04  0.0000000E+00  8.8526031E+03  5.0918251E-02  0.0000000E+00  8.3780682E+02  2.9578262E+05  1.3956050E+01  3.9248672E+05  8.6400000E+03  0.0000000E+00  0.0000000E+00  2.8582692E+06  1.8798089E-01
     1.9290000E+03    236.8150673  3.5345894E+08  9.6960000E+04  1.1759766E+04  7.2068549E+03  6.3576012E+01  0.0000000E+00  8.3413782E+02  2.9438850E+05  1.3966427E+01  3.9451819E+05  8.6400000E+03  0.0000000E+00  0.0000000E+00  2.8690175E+06 -8.2657812E-03
     1.9300000E+03    236.8388114  3.5353677E+08  7.7824000E+04  0.0000000E+00  8.1330859E+03  5.4295439E-01  0.0000000E+00  8.3094568E+02  3.0037806E+05  1.3975496E+01  3.9708303E+05  8.6400000E+03  0.0000000E+00  0.0000000E+00  2.8764885E+06  7.3518455E-01
     1.9310000E+03    236.8638576  3.5361885E+08  8.2080000E+04  0.0000000E+00  8.4098591E+03  8.8857934E-02  0.0000000E+00  8.2748517E+02  2.9724331E+05  1.3984519E+01  3.9621812E+05  8.6400000E+03  0.0000000E+00  0.0000000E+00  2.8863572E+06  1.6584992E-01
     1.9320000E+03    236.8878195  3.5369738E+08  7.8528000E+04  0.0000000E+00  9.0852581E+03  8.8560157E-02  0.0000000E+00  8.2388062E+02  3.0018669E+05  1.3993320E+01  3.9527447E+05  8.6400000E+03  0.0000000E+00  0.0000000E+00  2.8943680E+06 -8.9750417E-02
     1.9330000E+03    236.9102881  3.5377101E+08  7.3632000E+04  0.0000000E+00  8.0308568E+03  8.8316515E-02  0.0000000E+00  8.2074542E+02  3.0572503E+05  1.4001608E+01  3.9627900E+05  8.6400000E+03  0.0000000E+00  0.0000000E+00  2.9011692E+06  2.6642385E-01
     1.9340000E+03    236.9323408  3.5384330E+08  7.2288000E+04  0.0000000E+00  8.0188471E+03  8.8079125E-02  0.0000000E+00  8.1767975E+02  3.0804528E+05  1.4009666E+01  3.9589956E+05  8.6400000E+03  0.0000000E+00  0.0000000E+00  2.9085962E+06 -7.2792694E-02
     1.9350000E+03    236.9539713  3.5391418E+08  7.0880000E+04  0.0000000E+00  7.2916992E+03  8.7843202E-02  0.0000000E+00  8.1469781E+02  3.0974244E+05  1.4017571E+01  3.9674234E+05  8.6400000E+03  0.0000000E+00  0.0000000E+00  2.9160612E+06  2.4876142E-01
     1.9360000E+03    236.9749996  3.5398310E+08  6.8928000E+04  0.0000000E+00  8.6102437E+03  8.7608270E-02  0.0000000E+00  8.1135577E+02  3.1126256E+05  1.4025269E+01  3.9688844E+05  8.6400000E+03  0.0000000E+00  0.0000000E+00  2.9233635E+06  6.1612103E-02
     1.9370000E+03    236.9972289  3.5405597E+08  7.2864000E+04  0.0000000E+00  7.5409544E+03  8.7374263E-02  0.0000000E+00  8.0834460E+02  3.0896344E+05  1.4033274E+01  3.9726734E+05  8.6400000E+03  0.0000000E+00  0.0000000E+00  2.9319970E+06  1.3400401E-02
     1.9380000E+03    237.0176092  3.5412275E+08  6.6784000E+04  0.0000000E+00  8.9188711E+03  8.7141171E-02  0.0000000E+00  8.0520569E+02  3.1366509E+05  1.4040827E+01  3.9818394E+05  8.6400000E+03  0.0000000E+00  0.0000000E+00  2.9383282E+06  2.4241726E-01
     1.9390000E+03    237.0378202  3.5418899E+08  6.6240000E+04  0.0000000E+00  8.3385809E+03  8.6909004E-02  0.0000000E+00  8.0232074E+02  3.1573884E+05  1.4048197E+01  3.9844338E+05  8.6400000E+03  0.0000000E+00  0.0000000E+00  2.9451358E+06  6.8699852E-02
     1.9400000E+03    237.0569332  3.5425162E+08  6.2624000E+04  0.0000000E+00  1.0757306E+04  8.6677745E-02  0.0000000E+00  7.9895276E+02  3.1703466E+05  1.4055234E+01  3.9879919E+05  8.6400000E+03  0.0000000E+00  0.0000000E+00  2.9518460E+06  1.3217965E-01
     1.9410000E+03    237.0764322  3.5431555E+08  6.3936000E+04  0.0000000E+00  8.5065801E+03  8.6447380E-02  0.0000000E+00  7.9620520E+02  3.1854656E+05  1.4062304E+01  3.9890200E+05  8.6400000E+03  0.0000000E+00  0.0000000E+00  2.9585300E+06  1.3776016E-02
     1.9420000E+03    237.0950143  3.5437645E+08  6.0896000E+04  0.0000000E+00  1.0269655E+04  8.6217932E-02  0.0000000E+00  7.9304218E+02  3.1974762E+05  1.4069135E+01  3.9939831E+05  8.6400000E+03  0.0000000E+00  0.0000000E+00  2.9650635E+06  1.5594880E-01
     1.9430000E+03    237.1142879  3.5443994E+08  6.3488000E+04  0.0000000E+00  1.1170233E+04  8.5989371E-02  0.0000000E+00  7.8974640E+02  3.1650825E+05  1.4076101E+01  3.9915462E+05  8.6400000E+03  0.0000000E+00  0.0000000E+00  2.9729012E+06  3.0988676E-02
     1.9440000E+03    237.1319742  3.5449834E+08  5.8400000E+04  0.0000000E+00  1.1310063E+04  8.5761704E-02  0.0000000E+00  7.8658020E+02  3.2157553E+05  1.4082655E+01  3.9896428E+05  8.6400000E+03  0.0000000E+00  0.0000000E+00  2.9785658E+06 -4.7216900E-02
     1.9450000E+03    237.1473268  3.5454902E+08  5.0688000E+04  0.0000000E+00  1.2085716E+04  8.5534915E-02  0.0000000E+00  7.8455450E+02  3.2780781E+05  1.4088413E+01  3.9791481E+05  8.6400000E+03  0.0000000E+00  0.0000000E+00  3.2704292E+06 -1.3448414E-01
     1.9460000E+03    237.1623563  3.5459862E+08  4.9600000E+04  0.0000000E+00  1.4990592E+04  8.5309021E-02  0.0000000E+00  7.8145605E+02  3.2525344E+05  1.4093908E+01  3.9812128E+05  8.6400000E+03  0.0000000E+00  0.0000000E+00  3.2829480E+06  1.0145015E-01
     1.9470000E+03    237.1829552  3.5466662E+08  6.8000000E+04  1.7668364E+04  1.2957766E+04  9.2805008E+01  0.0000000E+00  7.7833508E+02  3.2779750E+05  1.4101001E+01  4.0078838E+05  8.6400000E+03  0.0000000E+00  0.0000000E+00  3.2942508E+06  4.5752534E-01
     1.9480000E+03    237.1994622  3.5472112E+08  5.4496000E+04  0.0000000E+00  1.0005781E+04  9.5909864E-01  0.0000000E+00  7.7644415E+02  3.2813644E+05  1.4107308E+01  4.0472253E+05  8.6400000E+03  0.0000000E+00  0.0000000E+00  3.3052128E+06  1.0376389E+00
     1.9490000E+03    237.2172300  3.5477978E+08  5.8656000E+04  0.0000000E+00  9.0529492E+03  9.4840929E-02  0.0000000E+00  7.7443988E+02  3.2941950E+05  1.4113684E+01  4.0296500E+05  8.6400000E+03  0.0000000E+00  0.0000000E+00  3.3159012E+06 -5.0602704E-01
     1.9500000E+03    237.2338825  3.5483475E+08  5.4976000E+04  0.0000000E+00  9.6457877E+03  5.6069583E-02  0.0000000E+00  7.7204657E+02  3.3028934E+05  1.4119827E+01  4.0399678E+05  8.6400000E+03  0.0000000E+00  0.0000000E+00  3.3263410E+06  2.9736105E-01
     1.9510000E+03    237.2847445  3.5500266E+08  1.6790400E+05  7.8936142E+04  3.5879594E+03  6.2296960E+02  0.0000000E+00  7.6789270E+02  3.2695600E+05  1.4135851E+01  4.2682619E+05  8.6400000E+03  0.0000000E+00  0.0000000E+00  3.3555930E+06  1.0074618E-02
     1.9520000E+03    237.3086026  3.5508144E+08  7.8784000E+04  0.0000000E+00  7.5295000E+03  1.1949069E+00  0.0000000E+00  7.6496375E+02  3.2905859E+05  1.4146502E+01  4.2325278E+05  8.6400000E+03  0.0000000E+00  0.0000000E+00  3.3735555E+06 -1.7245692E-03
     1.9530000E+03    237.3313260  3.5515645E+08  7.5008000E+04  0.0000000E+00  7.7670480E+03  7.3534027E-02  0.0000000E+00  7.6834808E+02  3.2969272E+05  1.4154856E+01  4.2066003E+05  8.6400000E+03  0.0000000E+00  0.0000000E+00  3.3879730E+06  7.2728835E-02
     1.9540000E+03    237.4100512  3.5541632E+08  2.5987200E+05  1.4626052E+05  1.0505260E+04  1.8738109E+03  0.0000000E+00  7.5737671E+02  3.3339672E+05  1.4179437E+01  4.6355747E+05  8.6400000E+03  0.0000000E+00  0.0000000E+00  3.4296732E+06  3.4339584E-03
     1.9550000E+03    237.4519887  3.5555478E+08  1.3846400E+05  2.9257626E+04  6.7231789E+03  2.7841742E+02  0.0000000E+00  7.5570984E+02  3.3647356E+05  1.4197381E+01  4.6000491E+05  8.6400000E+03  0.0000000E+00  0.0000000E+00  3.4600758E+06 -3.7286100E-03
     1.9560000E+03    237.5103856  3.5574755E+08  1.9276800E+05  7.3163284E+04  6.7946405E+03  6.8278870E+02  0.0000000E+00  7.5389978E+02  3.4027103E+05  1.4217441E+01  4.7390466E+05  8.6400000E+03  0.0000000E+00  0.0000000E+00  3.4937855E+06  3.0480600E-03
     1.9570000E+03    237.5468435  3.5586790E+08  1.2035200E+05  1.7562068E+04  1.4501715E+04  1.3250807E+02  0.0000000E+00  7.5382971E+02  3.4306038E+05  1.4232309E+01  4.6813484E+05  8.6400000E+03  0.0000000E+00  0.0000000E+00  3.5187432E+06  3.0698755E-03
     1.9580000E+03    237.5823491  3.5598512E+08  1.1721600E+05  2.0492352E+04  1.3687176E+04  1.5488533E+02  0.0000000E+00  7.5726105E+02  3.4619069E+05  1.4245304E+01  4.6434303E+05  8.6400000E+03  0.0000000E+00  0.0000000E+00  3.5403432E+06 -1.2223428E-04
     1.9590000E+03    237.6098193  3.5607581E+08  9.0688000E+04  2.9278403E+03  1.2028815E+04  2.3237383E+01  0.0000000E+00  7.6049139E+02  3.4925575E+05  1.4255888E+01  4.5691381E+05  8.6400000E+03  0.0000000E+00  0.0000000E+00  3.5577618E+06 -3.1207572E-04
     1.9600000E+03    237.6337479  3.5615482E+08  7.9008000E+04  0.0000000E+00  1.2094604E+04  1.1340939E-01  0.0000000E+00  7.6397772E+02  3.5192847E+05  1.4264857E+01  4.5090834E+05  8.6400000E+03  0.0000000E+00  0.0000000E+00  3.5724775E+06 -2.8505172E-03
     1.9610000E+03    237.6541965  3.5622230E+08  6.7488000E+04  0.0000000E+00  1.3886137E+04  7.0518956E-02  0.0000000E+00  8.0705835E+02  3.5379888E+05  1.4272554E+01  4.4865116E+05  8.6400000E+03  0.0000000E+00  0.0000000E+00  3.5852318E+06  1.2528415E+00
     1.9620000E+03    237.6725491  3.5628291E+08  6.0608000E+04  0.0000000E+00  1.7675005E+04  7.0320852E-02  0.0000000E+00  7.6894727E+02  3.6214669E+05  1.4279387E+01  4.4450772E+05  8.6400000E+03  0.0000000E+00  0.0000000E+00  3.5942745E+06 -8.5502303E-01
     1.9630000E+03    237.6899560  3.5634035E+08  5.7440000E+04  0.0000000E+00  1.3478462E+04  7.0166498E-02  0.0000000E+00  7.7069763E+02  3.6440262E+05  1.4285792E+01  4.4180097E+05  8.6400000E+03  0.0000000E+00  0.0000000E+00  3.6053180E+06 -3.1715196E-01
     1.9640000E+03    237.7144537  3.5642125E+08  8.0896000E+04  2.3433743E+04  1.1975751E+04  1.5554753E+02  0.0000000E+00  9.2802734E+02  3.6319925E+05  1.4294194E+01  4.4706162E+05  8.6400000E+03  0.0000000E+00  0.0000000E+00  3.6223222E+06  1.4533423E+00
     1.9650000E+03    237.7332483  3.5648330E+08  6.2048000E+04  0.0000000E+00  1.2089324E+04  4.8415500E-01  0.0000000E+00  9.3407532E+02  3.6674344E+05  1.4301451E+01  4.5514731E+05  8.6400000E+03  0.0000000E+00  0.0000000E+00  3.6357132E+06  1.4354467E+00
     1.9660000E+03    237.7514240  3.5654330E+08  6.0000000E+04  0.0000000E+00  1.2212355E+04  6.4156279E-02  0.0000000E+00  7.7426031E+02  3.7552562E+05  1.4308112E+01  4.5397234E+05  8.6400000E+03  0.0000000E+00  0.0000000E+00  3.6454892E+06 -3.6187732E-01
     1.9670000E+03    237.7454909  3.5652371E+08 -1.9584000E+04  1.7577759E+04  1.4953108E+04  1.1293728E+02  0.0000000E+00  9.1522162E+02  3.6871241E+05  1.4307708E+01  4.5446834E+05  1.0368000E+05  0.0000000E+00  0.0000000E+00  3.6475770E+06  1.0871716E+00
     1.9680000E+03    237.7076289  3.5639872E+08 -1.2499200E+05  0.0000000E+00  1.2828861E+04  8.8191581E-01  0.0000000E+00  1.0892643E+03  2.8187041E+05  1.4296250E+01  4.8676362E+05  3.1104000E+05  0.0000000E+00  0.0000000E+00  3.6593392E+06  1.1708093E+00
     1.9690000E+03    237.6907161  3.5634288E+08 -5.5840000E+04  0.0000000E+00  1.2666496E+04  1.1691414E-01  0.0000000E+00  1.9675947E+03  2.4715505E+05  1.4288568E+01  4.9920728E+05  3.1104000E+05  0.0000000E+00  0.0000000E+00  3.6573240E+06 -2.4280016E+00
     1.9700000E+03    237.6797216  3.5630659E+08 -3.6288000E+04  0.0000000E+00  1.5164390E+04  9.7953804E-02  0.0000000E+00  7.9272278E+02  2.3191728E+05  1.4284135E+01  5.0697416E+05  3.1104000E+05  0.0000000E+00  0.0000000E+00  3.6544105E+06 -2.5228674E+00
     1.9710000E+03    237.7261667  3.5645990E+08  1.5331200E+05  0.0000000E+00  1.5162554E+04  9.7675882E-02  0.0000000E+00  8.0154077E+02  3.1192944E+05  1.4296860E+01  4.8816959E+05  8.6400000E+03  0.0000000E+00  0.0000000E+00  3.6489652E+06 -1.7805241E-02
     1.9720000E+03    237.7606176  3.5657363E+08  1.1372800E+05  0.0000000E+00  1.4926528E+04  9.7406462E-02  0.0000000E+00  7.8816095E+02  3.5053238E+05  1.4310274E+01  4.6842059E+05  8.6400000E+03  0.0000000E+00  0.0000000E+00  3.6597518E+06 -3.9710195E+00
     1.9730000E+03    237.7837019  3.5664986E+08  7.6224000E+04  0.0000000E+00  1.6237874E+04  9.7138830E-02  0.0000000E+00  7.8670471E+02  3.6715866E+05  1.4319505E+01  4.7352981E+05  8.6400000E+03  0.0000000E+00  0.0000000E+00  3.6710362E+06  1.2737865E+00
     1.9740000E+03    237.8075063  3.5672842E+08  7.8560000E+04  8.7913288E+03  1.8571504E+04  4.9467400E+01  0.0000000E+00  7.8485095E+02  3.7813500E+05  1.4328118E+01  4.7004238E+05  8.6400000E+03  0.0000000E+00  0.0000000E+00  3.6835152E+06 -8.8660926E-01
     1.9750000E+03    237.9050002  3.5705027E+08  3.2185600E+05  1.7883532E+05  1.5734733E+04  2.7890364E+03  0.0000000E+00  7.7760339E+02  3.8696244E+05  1.4358243E+01  5.5082706E+05  8.6400000E+03  0.0000000E+00  0.0000000E+00  3.7405540E+06  2.9322354E-03
     1.9760000E+03    238.0972606  3.5768496E+08  6.3468800E+05  2.8168873E+05  1.8214774E+04  7.8117412E+03  0.0000000E+00  7.6410870E+02  3.9862812E+05  1.4421330E+01  7.7524538E+05  8.6400000E+03  0.0000000E+00  0.0000000E+00  3.8580710E+06  4.9973136E-01
     1.9770000E+03    238.5165833  3.5906925E+08  1.3842880E+06  4.7036450E+04  1.6244994E+04  5.8972272E+02  0.0000000E+00  1.0415073E+05  2.2136770E+05  1.4557441E+01  1.4787756E+06  8.6400000E+03  0.0000000E+00  0.0000000E+00  4.1919630E+06 -1.6865449E-04
     1.9780000E+03    238.9429589  3.6048278E+08  1.4135360E+06  0.0000000E+00  1.7373456E+04  3.2127884E+01  0.0000000E+00  1.0061866E+05  2.8506819E+05  1.4712138E+01  1.6239760E+06  8.6400000E+03  0.0000000E+00  0.0000000E+00  4.4315680E+06 -3.2615752E-04
     1.9790000E+03    239.2728187  3.6157923E+08  1.0964480E+06  7.9639473E+03  1.6038833E+04  7.6518661E+01  0.0000000E+00  1.9486299E+04  5.9610419E+05  1.4839241E+01  1.6896969E+06  8.6400000E+03  0.0000000E+00  0.0000000E+00  4.8763530E+06 -1.2956961E-03
     1.9800000E+03    239.4733254  3.6224570E+08  6.6646400E+05  3.5729289E+04  1.2378335E+04  3.6023767E+02  0.0000000E+00  8.3170074E+02  8.1459088E+05  1.4921647E+01  1.4642075E+06  8.6400000E+03  0.0000000E+00  0.0000000E+00  4.9763130E+06 -6.3910238E-02
     1.9810000E+03    239.5929135  3.6264320E+08  3.9750400E+05  0.0000000E+00  1.8536447E+04  2.5847917E+00  0.0000000E+00  9.8457800E+02  9.1723231E+05  1.4971071E+01  1.3387815E+06  8.6400000E+03  0.0000000E+00  0.0000000E+00  5.0502820E+06 -1.6115656E-01
     1.9820000E+03    239.7132955  3.6304336E+08  4.0016000E+05  8.0478685E+04  2.1630204E+04  1.0350107E+03  0.0000000E+00  8.5622900E+02  9.8860012E+05  1.5014835E+01  1.3378102E+06  8.6400000E+03  0.0000000E+00  0.0000000E+00  5.1314690E+06  7.9906240E-02
     1.9830000E+03    239.7811889  3.6326902E+08  2.2566400E+05  0.0000000E+00  1.6922993E+04  3.9544106E+01  0.0000000E+00  9.8608405E+02  1.0317714E+06  1.5043371E+01  1.2807902E+06  8.6400000E+03  0.0000000E+00  0.0000000E+00  5.1799210E+06 -9.3422152E-02
     1.9840000E+03    239.8265403  3.6341978E+08  1.5075200E+05  0.0000000E+00  1.7340479E+04  2.9233594E+00  0.0000000E+00  8.1690125E+02  1.0616946E+06  1.5061521E+01  1.2369000E+06  8.6400000E+03  0.0000000E+00  0.0000000E+00  5.2103290E+06 -5.8353268E-02
     1.9850000E+03    239.8567785  3.6352029E+08  1.0051200E+05  0.0000000E+00  2.1899601E+04  1.8270275E-01  0.0000000E+00  6.9285315E+02  1.0827586E+06  1.5073629E+01  1.2118142E+06  8.6400000E+03  0.0000000E+00  0.0000000E+00  5.2306540E+06 -1.0871069E-01
     1.9860000E+03    239.8828285  3.6360685E+08  8.6560000E+04  1.3310121E+04  2.2561865E+04  1.1872165E+02  0.0000000E+00  6.9578320E+02  1.0981646E+06  1.5083416E+01  1.2005425E+06  8.6400000E+03  0.0000000E+00  0.0000000E+00  5.2479285E+06 -1.0492586E-01
     1.9870000E+03    239.8971248  3.6365437E+08  4.7520000E+04  0.0000000E+00  2.1025670E+04  8.5656118E-01  0.0000000E+00  1.0020215E+03  1.1065454E+06  1.5089476E+01  1.1813599E+06  8.6400000E+03  0.0000000E+00  0.0000000E+00  5.2592945E+06 -1.1700089E-01
     1.9880000E+03    239.9016479  3.6366941E+08  1.5040000E+04  0.0000000E+00  2.0665312E+04  1.0986499E-01  0.0000000E+00  1.4191008E+03  1.1117291E+06  1.5091834E+01  1.1544798E+06  8.6400000E+03  0.0000000E+00  0.0000000E+00  5.2633160E+06 -1.6491493E-02
     1.9890000E+03    239.8983321  3.6365840E+08 -1.1008000E+04  0.0000000E+00  1.9958841E+04  8.9929089E-02  0.0000000E+00  1.7388984E+03  1.1130571E+06  1.5091198E+01  1.1281626E+06  8.6400000E+03  0.0000000E+00  0.0000000E+00  5.2617790E+06 -6.6700466E-02
     1.9900000E+03    239.8897276  3.6362979E+08 -2.8608000E+04  0.0000000E+00  2.1737601E+04  8.9642555E-02  0.0000000E+00  1.5951396E+03  1.1125158E+06  1.5088451E+01  1.1085161E+06  8.6400000E+03  0.0000000E+00  0.0000000E+00  5.2559015E+06 -3.6653197E-01
     1.9910000E+03    239.8763528  3.6358534E+08 -4.4448000E+04  0.0000000E+00  2.0934080E+04  8.9361340E-02  0.0000000E+00  7.1404578E+02  1.1130479E+06  1.5083929E+01  1.0915336E+06  8.6400000E+03  0.0000000E+00  0.0000000E+00  5.2458325E+06 -5.1997042E-01
     1.9920000E+03    239.8577579  3.6352352E+08 -6.1824000E+04  0.0000000E+00  2.4654191E+04  8.9081801E-02  0.0000000E+00  1.7575245E+03  1.1036788E+06  1.5077540E+01  1.0710458E+06  8.6400000E+03  0.0000000E+00  0.0000000E+00  5.2349125E+06 -2.0763190E-01
     1.9930000E+03    239.8409135  3.6346755E+08 -5.5968000E+04  0.0000000E+00  2.6822979E+04  8.8803522E-02  0.0000000E+00  3.2778894E+03  1.0938638E+06  1.5071281E+01  1.0508310E+06  8.6400000E+03  0.0000000E+00  0.0000000E+00  5.2250035E+06 -1.7058496E+00
     1.9940000E+03    239.8181813  3.6339197E+08 -7.5584000E+04  0.0000000E+00  2.3399137E+04  8.8526495E-02  0.0000000E+00  2.2403369E+03  1.0894295E+06  1.5063435E+01  1.0415524E+06  8.6400000E+03  0.0000000E+00  0.0000000E+00  5.2085590E+06 -1.8786496E-01
     1.9950000E+03    239.7996613  3.6333043E+08 -6.1536000E+04  0.0000000E+00  1.8621880E+04  8.8250697E-02  0.0000000E+00  3.5528489E+03  1.0791721E+06  1.5056386E+01  1.0246071E+06  8.6400000E+03  0.0000000E+00  0.0000000E+00  5.1969705E+06 -1.5141175E+00
     1.9960000E+03    239.7738572  3.6324464E+08 -8.5792000E+04  0.0000000E+00  2.3586855E+04  8.7976135E-02  0.0000000E+00  2.2426677E+03  1.0738541E+06  1.5047524E+01  1.0178009E+06  8.6400000E+03  0.0000000E+00  0.0000000E+00  5.1784100E+06 -2.3534350E-02
     1.9970000E+03    239.7463739  3.6315328E+08 -9.1360000E+04  0.0000000E+00  2.2501537E+04  8.7702766E-02  0.0000000E+00  1.9343920E+03  1.0647622E+06  1.5037641E+01  1.0037850E+06  8.6400000E+03  0.0000000E+00  0.0000000E+00  5.1593655E+06  1.0591570E-01
     1.9980000E+03    239.7240174  3.6307898E+08 -7.4304000E+04  0.0000000E+00  2.1886213E+04  8.7430611E-02  0.0000000E+00  3.9237778E+03  1.0508996E+06  1.5029130E+01  9.8663444E+05  8.6400000E+03  0.0000000E+00  0.0000000E+00  5.1459205E+06 -1.5330068E+00
     1.9990000E+03    239.6994055  3.6299718E+08 -8.1792000E+04  0.0000000E+00  2.2709182E+04  8.7159656E-02  0.0000000E+00  7.4602533E+02  1.0518978E+06  1.5020335E+01  9.7871100E+05  8.6400000E+03  0.0000000E+00  0.0000000E+00  5.1249985E+06 -2.0320802E+00
     2.0000000E+03    239.6743244  3.6291379E+08 -8.3392000E+04  0.0000000E+00  2.3144485E+04  8.6889900E-02  0.0000000E+00  3.7845447E+03  1.0337706E+06  1.5011239E+01  9.6146638E+05  8.6400000E+03  0.0000000E+00  0.0000000E+00  5.1118530E+06 -1.5885395E+00
     2.0010000E+03    239.6471020  3.6282333E+08 -9.0464000E+04  0.0000000E+00  2.5698364E+04  8.6621322E-02  0.0000000E+00  7.5343567E+02  1.0333528E+06  1.5001485E+01  9.5288262E+05  8.6400000E+03  0.0000000E+00  0.0000000E+00  5.0893520E+06 -2.2109079E+00
     2.0020000E+03    239.6208267  3.6273600E+08 -8.7328000E+04  2.0856074E+04  2.6323397E+04  1.3749597E+02  0.0000000E+00  8.8067273E+02  1.0226764E+06  1.4991851E+01  9.4844094E+05  8.6400000E+03  0.0000000E+00  0.0000000E+00  5.0707695E+06 -1.1050391E-03
     2.0030000E+03    239.6541311  3.6284669E+08  1.1068800E+05  1.5793418E+05  1.9863175E+04  2.3057991E+03  0.0000000E+00  7.6189215E+02  1.0296917E+06  1.4999637E+01  1.0099032E+06  8.6400000E+03  0.0000000E+00  0.0000000E+00  5.0855685E+06  1.7142721E-01
     2.0040000E+03    239.6404148  3.6280109E+08 -4.5600000E+04  0.0000000E+00  2.1384804E+04  3.7627953E+01  0.0000000E+00  9.3912708E+02  1.0260078E+06  1.4998068E+01  1.0087390E+06  8.6400000E+03  0.0000000E+00  0.0000000E+00  5.0836275E+06 -6.9303222E-02
     2.0050000E+03    239.6239714  3.6274643E+08 -5.4656000E+04  0.0000000E+00  2.6220103E+04  1.8637004E+00  0.0000000E+00  8.9203137E+02  1.0194704E+06  1.4992280E+01  9.9826762E+05  8.6400000E+03  0.0000000E+00  0.0000000E+00  5.0730005E+06 -5.0078463E-02
     2.0060000E+03    239.6886702  3.6296150E+08  2.1507200E+05  1.4305719E+05  1.9962856E+04  2.0254124E+03  0.0000000E+00  7.6548944E+02  1.0340049E+06  1.5009925E+01  1.1319982E+06  8.6400000E+03  0.0000000E+00  0.0000000E+00  5.1079340E+06  1.1865667E-02
     2.0070000E+03    239.7078948  3.6302541E+08  6.3904000E+04  0.0000000E+00  1.9983022E+04  2.1102062E+01  0.0000000E+00  1.0518610E+03  1.0384596E+06  1.5020234E+01  1.1283114E+06  8.6400000E+03  0.0000000E+00  0.0000000E+00  5.1293480E+06 -1.4319748E-01
     2.0080000E+03    239.9154424  3.6371526E+08  6.8985600E+05  2.2375729E+05  1.6918673E+04  4.6657432E+03  0.0000000E+00  7.6128210E+02  1.0784322E+06  1.5082075E+01  1.5688638E+06  8.6400000E+03  0.0000000E+00  0.0000000E+00  5.2553630E+06  2.3281495E-01
     2.0090000E+03    240.1505109  3.6449661E+08  7.8134400E+05  1.4588676E+05  9.6016404E+03  2.9549150E+03  0.0000000E+00  2.6700725E+03  1.1479672E+06  1.5165641E+01  1.7943545E+06  8.6400000E+03  0.0000000E+00  0.0000000E+00  5.4305030E+06 -8.7454624E-02
     2.0100000E+03    240.3574859  3.6518691E+08  6.9030400E+05  0.0000000E+00  1.8287779E+04  1.7532944E+02  0.0000000E+00  1.9862318E+03  1.2071689E+06  1.5243030E+01  1.9237198E+06  8.6400000E+03  0.0000000E+00  0.0000000E+00  5.5913115E+06  7.6088540E-02
     2.0110000E+03    240.5652172  3.6588230E+08  6.9539200E+05  2.9826483E+04  2.3317264E+04  3.6490720E+02  0.0000000E+00  1.5518040E+03  1.2849682E+06  1.5318593E+01  1.9789244E+06  8.6400000E+03  0.0000000E+00  0.0000000E+00  5.7298160E+06 -8.2820751E-02
     2.0120000E+03    240.6669045  3.6622272E+08  3.4041600E+05  2.9839440E+04  1.6810243E+04  3.6149551E+02  0.0000000E+00  1.6174724E+03  1.3953610E+06  1.5363330E+01  1.7274019E+06  8.6400000E+03  0.0000000E+00  0.0000000E+00  5.7958800E+06 -1.1495860E-01
     2.0130000E+03    240.7136924  3.6637936E+08  1.5664000E+05  0.0000000E+00  2.1911939E+04  1.0850306E+01  0.0000000E+00  1.3162947E+03  1.4398862E+06  1.5384359E+01  1.6235454E+06  8.6400000E+03  0.0000000E+00  0.0000000E+00  5.8280180E+06 -1.3669534E-01
     2.0140000E+03    240.7301052  3.6643430E+08  5.4944000E+04  0.0000000E+00  2.7562378E+04  7.5598133E-01  0.0000000E+00  1.7009216E+03  1.4589030E+06  1.5392545E+01  1.5451174E+06  8.6400000E+03  0.0000000E+00  0.0000000E+00  5.8412690E+06 -2.0983386E-01
     2.0150000E+03    240.7269896  3.6642387E+08 -1.0432000E+04  0.0000000E+00  2.9760469E+04  1.5895718E-01  0.0000000E+00  1.4342025E+03  1.4654160E+06  1.5392833E+01  1.4894434E+06  8.6400000E+03  0.0000000E+00  0.0000000E+00  5.8400365E+06 -1.6771322E-01
     2.0160000E+03    240.7100659  3.6636720E+08 -5.6672000E+04  0.0000000E+00  3.2212159E+04  6.4011417E-02  0.0000000E+00  1.4518444E+03  1.4619886E+06  1.5387677E+01  1.4428389E+06  8.6400000E+03  0.0000000E+00  0.0000000E+00  5.8295040E+06 -1.2598512E-01
     2.0170000E+03    240.6896120  3.6629875E+08 -6.8448000E+04  0.0000000E+00  2.7787088E+04  6.3859195E-02  0.0000000E+00  5.0008228E+03  1.4453588E+06  1.5380489E+01  1.4257349E+06  8.6400000E+03  0.0000000E+00  0.0000000E+00  5.8192675E+06  1.1730655E+00
     2.0180000E+03    240.6593476  3.6619744E+08 -1.0131200E+05  0.0000000E+00  3.3460659E+04  6.3708439E-02  0.0000000E+00  2.0100184E+03  1.4425934E+06  1.5370186E+01  1.3808656E+06  8.6400000E+03  0.0000000E+00  0.0000000E+00  5.7957330E+06 -3.5133138E-02
     2.0190000E+03    240.6272540  3.6608998E+08 -1.0745600E+05  0.0000000E+00  3.0743558E+04  6.3558280E-02  0.0000000E+00  8.4432214E+02  1.4325129E+06  1.5358636E+01  1.3550519E+06  8.6400000E+03  0.0000000E+00  0.0000000E+00  5.7725770E+06 -5.8152264E-01
     2.0200000E+03    240.5925400  3.6597379E+08 -1.1619200E+05  0.0000000E+00  2.7970870E+04  6.3408643E-02  0.0000000E+00  8.1298151E+02  1.4184716E+06  1.5346191E+01  1.3294974E+06  8.6400000E+03  0.0000000E+00  0.0000000E+00  5.7483355E+06 -5.9071630E-01
     2.0210000E+03    240.5550306  3.6584822E+08 -1.2556800E+05  0.0000000E+00  2.8107353E+04  6.3259535E-02  0.0000000E+00  8.3854688E+02  1.4028539E+06  1.5332740E+01  1.3050970E+06  8.6400000E+03  0.0000000E+00  0.0000000E+00  5.7222900E+06 -5.6355280E-01
     2.0220000E+03    240.5151545  3.6571472E+08 -1.3350400E+05  0.0000000E+00  3.0492044E+04  6.3110910E-02  0.0000000E+00  5.2235420E+03  1.3744971E+06  1.5318396E+01  1.2887130E+06  8.6400000E+03  0.0000000E+00  0.0000000E+00  5.6992030E+06  9.7592604E-01
     2.0230000E+03    240.4741331  3.6557741E+08 -1.3731200E+05  0.0000000E+00  2.9214805E+04  6.2962808E-02  0.0000000E+00  8.3202234E+02  1.3694762E+06  1.5303547E+01  1.2583071E+06  8.6400000E+03  0.0000000E+00  0.0000000E+00  5.6657695E+06 -7.7415204E-01
     2.0240000E+03    240.4305566  3.6543152E+08 -1.4588800E+05  0.0000000E+00  3.2307956E+04  6.2815189E-02  0.0000000E+00  5.1836655E+03  1.3392555E+06  1.5287870E+01  1.2415431E+06  8.6400000E+03  0.0000000E+00  0.0000000E+00  5.6402975E+06  8.9812756E-01
     2.0250000E+03    240.3863573  3.6528355E+08 -1.4796800E+05  0.0000000E+00  2.9944491E+04  6.2668078E-02  0.0000000E+00  8.6536548E+02  1.3324545E+06  1.5271826E+01  1.2110039E+06  8.6400000E+03  0.0000000E+00  0.0000000E+00  5.6048525E+06 -8.1812954E-01
     2.0260000E+03    240.3415360  3.6513350E+08 -1.5004800E+05  0.0000000E+00  2.8733914E+04  6.2521458E-02  0.0000000E+00  4.8728584E+03  1.3026151E+06  1.5255555E+01  1.1962559E+06  8.6400000E+03  0.0000000E+00  0.0000000E+00  5.5781425E+06  8.3376598E-01
     2.0270000E+03    240.2964523  3.6498259E+08 -1.5091200E+05  0.0000000E+00  2.7143719E+04  6.2375337E-02  0.0000000E+00  8.5845728E+02  1.2947530E+06  1.5239163E+01  1.1682348E+06  8.6400000E+03  0.0000000E+00  0.0000000E+00  5.5423775E+06 -7.9265976E-01
     2.0280000E+03    240.2489328  3.6482378E+08 -1.5881600E+05  0.0000000E+00  3.3475265E+04  6.2229704E-02  0.0000000E+00  4.8351499E+03  1.2640458E+06  1.5222042E+01  1.1526429E+06  8.6400000E+03  0.0000000E+00  0.0000000E+00  5.5142305E+06  7.7461791E-01
     2.0290000E+03    240.2040475  3.6467456E+08 -1.4921600E+05  8.9340108E+03  3.0420137E+04  5.0968605E+01  0.0000000E+00  8.3726654E+02  1.2563345E+06  1.5205511E+01  1.1262998E+06  8.6400000E+03  0.0000000E+00  0.0000000E+00  5.4781470E+06 -7.7750486E-01
     2.0300000E+03    240.1585329  3.6452330E+08 -1.5126400E+05  0.0000000E+00  2.3742106E+04  3.9601088E-01  0.0000000E+00  4.4346108E+03  1.2273368E+06  1.5188989E+01  1.1131654E+06  8.6400000E+03  0.0000000E+00  0.0000000E+00  5.4508755E+06  7.2477597E-01
     2.0310000E+03    240.1121182  3.6436899E+08 -1.5430400E+05  0.0000000E+00  2.8428299E+04  4.3306373E-02  0.0000000E+00  5.3635713E+03  1.2054688E+06  1.5172158E+01  1.0967800E+06  8.6400000E+03  0.0000000E+00  0.0000000E+00  5.4201125E+06  1.1183032E+00
     2.0320000E+03    240.0737140  3.6424134E+08 -1.2764800E+05  2.6786192E+04  2.9500518E+04  1.7338919E+02  0.0000000E+00  5.0462520E+03  1.1900686E+06  1.5157595E+01  1.0849199E+06  8.6400000E+03  0.0000000E+00  0.0000000E+00  5.3919800E+06  1.3311495E+00
     2.0330000E+03    240.1126631  3.6437082E+08  1.2947200E+05  1.6669909E+05  1.8792098E+04  2.6322126E+03  0.0000000E+00  8.2962073E+02  1.2098428E+06  1.5166142E+01  1.1982284E+06  8.6400000E+03  0.0000000E+00  0.0000000E+00  5.4034515E+06  1.1891719E-01
     2.0340000E+03    240.1026106  3.6433741E+08 -3.3408000E+04  0.0000000E+00  2.5768244E+04  5.5674088E+01  0.0000000E+00  1.5624122E+03  1.2025780E+06  1.5166050E+01  1.1989360E+06  8.6400000E+03  0.0000000E+00  0.0000000E+00  5.4060050E+06 -2.4569495E-01
     2.0350000E+03    240.0862594  3.6428304E+08 -5.4368000E+04  0.0000000E+00  2.5737044E+04  4.8482552E+00  0.0000000E+00  1.0060635E+03  1.1976129E+06  1.5160557E+01  1.1765049E+06  8.6400000E+03  0.0000000E+00  0.0000000E+00  5.3949405E+06 -9.8416805E-03
     2.0360000E+03    240.0650332  3.6421251E+08 -7.0528000E+04  0.0000000E+00  2.9279190E+04  4.0670374E-01  0.0000000E+00  1.5839669E+03  1.1890639E+06  1.5153185E+01  1.1504036E+06  8.6400000E+03  0.0000000E+00  0.0000000E+00  5.3811615E+06 -3.6530206E-01
     2.0370000E+03    240.0379719  3.6412256E+08 -8.9952000E+04  0.0000000E+00  3.6160151E+04  9.3312293E-02  0.0000000E+00  9.4112012E+02  1.1808139E+06  1.5143759E+01  1.1293928E+06  8.6400000E+03  0.0000000E+00  0.0000000E+00  5.3625415E+06 -4.3594956E-01
     2.0380000E+03    240.0045642  3.6401149E+08 -1.1107200E+05  0.0000000E+00  4.0136655E+04  7.3519662E-02  0.0000000E+00  1.6076666E+03  1.1674198E+06  1.5132059E+01  1.0986731E+06  8.6400000E+03  0.0000000E+00  0.0000000E+00  5.3402395E+06 -3.9948848E-01
     2.0390000E+03    239.9661862  3.6388394E+08 -1.2755200E+05  0.0000000E+00  4.0304510E+04  7.3278472E-02  0.0000000E+00  1.8823444E+03  1.1524750E+06  1.5118451E+01  1.0686138E+06  8.6400000E+03  0.0000000E+00  0.0000000E+00  5.3143150E+06 -2.8187135E-01
     2.0400000E+03    239.9262958  3.6375133E+08 -1.3260800E+05  0.0000000E+00  3.8350853E+04  7.3038764E-02  0.0000000E+00  9.1688092E+02  1.1398180E+06  1.5104040E+01  1.0438472E+06  8.6400000E+03  0.0000000E+00  0.0000000E+00  5.2859780E+06 -7.9640073E-01
     2.0410000E+03    239.8857270  3.6361648E+08 -1.3484800E+05  0.0000000E+00  3.3424870E+04  7.2800182E-02  0.0000000E+00  4.4634609E+03  1.1137419E+06  1.5089322E+01  1.0295769E+06  8.6400000E+03  0.0000000E+00  0.0000000E+00  5.2622245E+06  1.1305051E+00
     2.0420000E+03    239.8452654  3.6348202E+08 -1.3446400E+05  0.0000000E+00  2.9728058E+04  7.2562709E-02  0.0000000E+00  8.4154559E+02  1.1095598E+06  1.5074585E+01  1.0015981E+06  8.6400000E+03  0.0000000E+00  0.0000000E+00  5.2295305E+06 -9.6164411E-01
     2.0430000E+03    239.8044499  3.6334634E+08 -1.3568000E+05  0.0000000E+00  2.6816020E+04  7.2326310E-02  0.0000000E+00  3.9565325E+03  1.0841839E+06  1.5059753E+01  9.8973631E+05  8.6400000E+03  0.0000000E+00  0.0000000E+00  5.2053110E+06  8.6795163E-01
     2.0440000E+03    239.7630658  3.6320877E+08 -1.3756800E+05  0.0000000E+00  2.7267185E+04  7.2090991E-02  0.0000000E+00  8.4039471E+02  1.0780168E+06  1.5044730E+01  9.6725188E+05  8.6400000E+03  0.0000000E+00  0.0000000E+00  5.1728360E+06 -7.4317926E-01
     2.0450000E+03    239.7202105  3.6306634E+08 -1.4243200E+05  0.0000000E+00  2.9169927E+04  7.1856737E-02  0.0000000E+00  1.0872231E+03  1.0613071E+06  1.5029236E+01  9.5006325E+05  8.6400000E+03  0.0000000E+00  0.0000000E+00  5.1435770E+06 -5.0489271E-01
     2.0460000E+03    239.6778313  3.6292547E+08 -1.4086400E+05  2.8194989E+03  2.9938557E+04  1.4266987E+01  0.0000000E+00  1.0804706E+03  1.0454704E+06  1.5013775E+01  9.3416875E+05  8.6400000E+03  0.0000000E+00  0.0000000E+00  5.1141995E+06 -4.7200862E-01
     2.0470000E+03    239.6359382  3.6278621E+08 -1.3926400E+05  0.0000000E+00  2.6918108E+04  7.2713263E-02  0.0000000E+00  1.9703855E+03  1.0272656E+06  1.4998489E+01  9.1858669E+05  8.6400000E+03  0.0000000E+00  0.0000000E+00  5.0863445E+06 -2.8392124E-01
     2.0480000E+03    239.6008551  3.6266960E+08 -1.1660800E+05  0.0000000E+00  2.7430205E+04  7.2050773E-02  0.0000000E+00  5.3511587E+03  1.0037366E+06  1.4985223E+01  9.0197781E+05  8.6400000E+03  0.0000000E+00  0.0000000E+00  5.0662475E+06 -1.5276356E+00
     2.0490000E+03    239.5587711  3.6252973E+08 -1.3987200E+05  0.0000000E+00  3.0955867E+04  7.1780182E-02  0.0000000E+00  3.1029817E+03  9.9512706E+05  1.4970413E+01  8.9160281E+05  8.6400000E+03  0.0000000E+00  0.0000000E+00  5.0350710E+06 -1.5468893E-02
     2.0500000E+03    239.5138673  3.6238045E+08 -1.4928000E+05  0.0000000E+00  3.5693458E+04  7.1549661E-02  0.0000000E+00  1.1371539E+03  9.8482431E+05  1.4954272E+01  8.7285775E+05  8.6400000E+03  0.0000000E+00  0.0000000E+00  5.0017015E+06 -5.7305127E-01
     2.0510000E+03    239.4675882  3.6222662E+08 -1.5382400E+05  0.0000000E+00  4.2071989E+04  7.1324058E-02  0.0000000E+00  3.6607336E+03  9.6017938E+05  1.4937526E+01  8.6003112E+05  8.6400000E+03  0.0000000E+00  0.0000000E+00  4.9736375E+06  6.5383160E-01
     2.0520000E+03    239.4198395  3.6206790E+08 -1.5872000E+05  0.0000000E+00  4.4391712E+04  7.1099825E-02  0.0000000E+00  9.5323639E+02  9.5132156E+05  1.4920251E+01  8.3665506E+05  8.6400000E+03  0.0000000E+00  0.0000000E+00  4.9373640E+06 -8.0048460E-01
     2.0530000E+03    239.3725996  3.6191088E+08 -1.5702400E+05  0.0000000E+00  4.3543963E+04  7.0876651E-02  0.0000000E+00  3.5725835E+03  9.2599575E+05  1.4903018E+01  8.2439231E+05  8.6400000E+03  0.0000000E+00  0.0000000E+00  4.9085970E+06  6.9458318E-01
     2.0540000E+03    239.3262015  3.6175667E+08 -1.5420800E+05  0.0000000E+00  4.0075523E+04  7.0654444E-02  0.0000000E+00  9.0272693E+02  9.1758006E+05  1.4886067E+01  8.0422312E+05  8.6400000E+03  0.0000000E+00  0.0000000E+00  4.8729735E+06 -7.2197294E-01
     2.0550000E+03    239.2817009  3.6160877E+08 -1.4790400E+05  0.0000000E+00  3.4161010E+04  7.0433252E-02  0.0000000E+00  1.0464915E+03  9.0106281E+05  1.4869729E+01  7.9103525E+05  8.6400000E+03  0.0000000E+00  0.0000000E+00  4.8423480E+06 -4.1243383E-01
     2.0560000E+03    239.2390692  3.6146704E+08 -1.4172800E+05  0.0000000E+00  3.1170763E+04  7.0213020E-02  0.0000000E+00  1.0410797E+03  8.8578394E+05  1.4854074E+01  7.7954638E+05  8.6400000E+03  0.0000000E+00  0.0000000E+00  4.8129410E+06 -3.5588035E-01
     2.0570000E+03    239.2041131  3.6135085E+08 -1.1619200E+05  0.0000000E+00  2.9146317E+04  6.9993772E-02  0.0000000E+00  7.4285742E+02  8.7447244E+05  1.4840791E+01  7.6737838E+05  8.6400000E+03  0.0000000E+00  0.0000000E+00  4.7878375E+06 -3.0648975E+00
     2.0580000E+03    239.1694038  3.6123549E+08 -1.1536000E+05  0.0000000E+00  3.0222415E+04  6.9775492E-02  0.0000000E+00  4.0093247E+03  8.5178294E+05  1.4828138E+01  7.5617594E+05  8.6400000E+03  0.0000000E+00  0.0000000E+00  4.7692290E+06 -1.6970417E+00
     2.0590000E+03    239.1291855  3.6110179E+08 -1.3369600E+05  0.0000000E+00  3.5166291E+04  6.9558166E-02  0.0000000E+00  2.2493901E+03  8.4354038E+05  1.4813899E+01  7.4825088E+05  8.6400000E+03  0.0000000E+00  0.0000000E+00  4.7397730E+06 -3.5669652E-01
     2.0600000E+03    239.0881323  3.6096534E+08 -1.3644800E+05  0.0000000E+00  3.5175993E+04  6.9341794E-02  0.0000000E+00  1.8995551E+03  8.3037062E+05  1.4799015E+01  7.3618631E+05  8.6400000E+03  0.0000000E+00  0.0000000E+00  4.7114275E+06  3.8034711E-02
     2.0610000E+03    239.0532924  3.6084954E+08 -1.1580800E+05  0.0000000E+00  3.7245360E+04  6.9126382E-02  0.0000000E+00  7.0933606E+02  8.2247494E+05  1.4785880E+01  7.2080325E+05  8.6400000E+03  0.0000000E+00  0.0000000E+00  4.6851140E+06 -3.5761619E+00
     2.0620000E+03    239.0123448  3.6071344E+08 -1.3609600E+05  0.0000000E+00  3.6509290E+04  6.8911910E-02  0.0000000E+00  2.9600920E+03  8.0110538E+05  1.4771419E+01  7.1619106E+05  8.6400000E+03  0.0000000E+00  0.0000000E+00  4.6612790E+06  1.0608693E+00
     2.0630000E+03    238.9704300  3.6057411E+08 -1.3932800E+05  0.0000000E+00  4.2302276E+04  6.8698384E-02  0.0000000E+00  3.4410833E+03  7.8523088E+05  1.4756232E+01  7.0409794E+05  8.6400000E+03  0.0000000E+00  0.0000000E+00  4.6339000E+06  1.2771277E+00
     2.0640000E+03    238.9289318  3.6043616E+08 -1.3795200E+05  0.0000000E+00  4.1401783E+04  6.8485782E-02  0.0000000E+00  3.5602087E+03  7.7073512E+05  1.4741095E+01  6.9146562E+05  8.6400000E+03  0.0000000E+00  0.0000000E+00  4.6060235E+06  1.4846947E+00
     2.0650000E+03    238.8899303  3.6030653E+08 -1.2963200E+05  0.0000000E+00  3.4102662E+04  6.8274125E-02  0.0000000E+00  3.4248994E+03  7.5792375E+05  1.4726716E+01  6.8025538E+05  8.6400000E+03  0.0000000E+00  0.0000000E+00  4.5791580E+06  1.5775473E+00
     2.0660000E+03    238.8515384  3.6017891E+08 -1.2761600E+05  0.0000000E+00  3.4237474E+04  6.8063378E-02  0.0000000E+00  3.2607214E+03  7.4567156E+05  1.4712696E+01  6.6941512E+05  8.6400000E+03  0.0000000E+00  0.0000000E+00  4.5529510E+06  1.4872847E+00
     2.0670000E+03    238.8129568  3.6005069E+08 -1.2822400E+05  0.0000000E+00  3.6419250E+04  6.7853555E-02  0.0000000E+00  3.2337173E+03  7.3378288E+05  1.4698665E+01  6.5855888E+05  8.6400000E+03  0.0000000E+00  0.0000000E+00  4.5268150E+06  1.4328532E+00
     2.0680000E+03    238.7755712  3.5992640E+08 -1.2428800E+05  0.0000000E+00  3.3192523E+04  6.7644641E-02  0.0000000E+00  3.1104417E+03  7.2315375E+05  1.4684969E+01  6.4858412E+05  8.6400000E+03  0.0000000E+00  0.0000000E+00  4.5010835E+06  1.4355129E+00
     2.0690000E+03    238.7378426  3.5980099E+08 -1.2540800E+05  0.0000000E+00  3.5460943E+04  6.7436658E-02  0.0000000E+00  3.0461418E+03  7.1226894E+05  1.4671260E+01  6.3844469E+05  8.6400000E+03  0.0000000E+00  0.0000000E+00  4.4754980E+06  1.3900750E+00
     2.0700000E+03    238.6986138  3.5967062E+08 -1.3036800E+05  0.0000000E+00  4.1054233E+04  6.7229562E-02  0.0000000E+00  3.0982979E+03  7.0064819E+05  1.4657089E+01  6.2735262E+05  8.6400000E+03  0.0000000E+00  0.0000000E+00  4.4493135E+06  1.3942528E+00
     2.0710000E+03    238.6606318  3.5954480E+08 -1.2582400E+05  0.0000000E+00  3.6662879E+04  6.7023359E-02  0.0000000E+00  3.0762778E+03  6.8957906E+05  1.4643172E+01  6.1707400E+05  8.6400000E+03  0.0000000E+00  0.0000000E+00  4.4235610E+06  1.5073975E+00
     2.0720000E+03    238.6229591  3.5942042E+08 -1.2438400E+05  0.0000000E+00  3.6060564E+04  6.6818058E-02  0.0000000E+00  2.9991008E+03  6.7892912E+05  1.4629436E+01  6.0705588E+05  8.6400000E+03  0.0000000E+00  0.0000000E+00  4.3981020E+06  1.4917204E+00
     2.0730000E+03    238.5831230  3.5928893E+08 -1.3148800E+05  0.0000000E+00  4.3887599E+04  6.6613652E-02  0.0000000E+00  6.8385303E+02  6.7634050E+05  1.4615092E+01  5.9585688E+05  8.6400000E+03  0.0000000E+00  0.0000000E+00  4.3676005E+06 -1.1715705E-01
     2.0740000E+03    238.5440180  3.5915984E+08 -1.2908800E+05  0.0000000E+00  4.1792014E+04  6.6410124E-02  0.0000000E+00  2.3432903E+03  6.5892019E+05  1.4600804E+01  5.8196938E+05  8.6400000E+03  0.0000000E+00  0.0000000E+00  4.3442515E+06  5.6866735E-01
     2.0750000E+03    238.5116019  3.5905280E+08 -1.0704000E+05  0.0000000E+00  3.9155104E+04  6.6207469E-02  0.0000000E+00  6.8417413E+02  6.5589806E+05  1.4588517E+01  5.6573719E+05  8.6400000E+03  0.0000000E+00  0.0000000E+00  4.3190580E+06 -4.2981353E+00
     2.0760000E+03    238.4765089  3.5893696E+08 -1.1584000E+05  0.0000000E+00  4.5145022E+04  6.6005707E-02  0.0000000E+00  3.1220662E+03  6.3721500E+05  1.4575937E+01  5.5467556E+05  8.6400000E+03  0.0000000E+00  0.0000000E+00  4.3005575E+06 -2.5146902E+00
     2.0770000E+03    238.4344654  3.5879818E+08 -1.3878400E+05  0.0000000E+00  5.1881951E+04  6.5804794E-02  0.0000000E+00  7.7933014E+02  6.3479431E+05  1.4561138E+01  5.4744381E+05  8.6400000E+03  0.0000000E+00  0.0000000E+00  4.2686715E+06 -1.1970741E+00
     2.0780000E+03    238.3971765  3.5867507E+08 -1.2310400E+05  0.0000000E+00  5.1057562E+04  6.5604761E-02  0.0000000E+00  3.7661614E+03  6.1310494E+05  1.4547218E+01  5.3309950E+05  8.6400000E+03  0.0000000E+00  0.0000000E+00  4.2491245E+06 -1.9094808E+00
     2.0790000E+03    238.3566788  3.5854138E+08 -1.3369600E+05  0.0000000E+00  4.4682014E+04  6.5405577E-02  0.0000000E+00  2.0343904E+03  6.0869025E+05  1.4532710E+01  5.2645019E+05  8.6400000E+03  0.0000000E+00  0.0000000E+00  4.2193700E+06  2.3233576E-02
     2.0800000E+03    238.3191118  3.5841734E+08 -1.2403200E+05  0.0000000E+00  3.5445255E+04  6.5207258E-02  0.0000000E+00  7.3937085E+02  6.0342994E+05  1.4518821E+01  5.2084128E+05  8.6400000E+03  0.0000000E+00  0.0000000E+00  4.1913210E+06 -2.9604337E-01
     2.0810000E+03    238.2877021  3.5831366E+08 -1.0368000E+05  0.0000000E+00  3.1337126E+04  6.5009788E-02  0.0000000E+00  3.2790527E+03  5.8486088E+05  1.4506939E+01  5.1056559E+05  8.6400000E+03  0.0000000E+00  0.0000000E+00  4.1748392E+06 -1.1727217E+00
     2.0820000E+03    238.2508383  3.5819197E+08 -1.2169600E+05  0.0000000E+00  3.9784723E+04  6.4813159E-02  0.0000000E+00  1.7260497E+03  5.8122988E+05  1.4493917E+01  5.0533231E+05  8.6400000E+03  0.0000000E+00  0.0000000E+00  4.1482618E+06 -1.4526479E-01
     2.0830000E+03    238.2150114  3.5807370E+08 -1.1827200E+05  0.0000000E+00  4.2696504E+04  6.4617373E-02  0.0000000E+00  2.3708491E+03  5.6910412E+05  1.4480800E+01  4.9577891E+05  8.6400000E+03  0.0000000E+00  0.0000000E+00  4.1260062E+06 -6.5005708E-01
     2.0840000E+03    238.1831913  3.5796864E+08 -1.0505600E+05  0.0000000E+00  3.6424923E+04  6.4422421E-02  0.0000000E+00  3.0648374E+03  5.5786031E+05  1.4468925E+01  4.8847025E+05  8.6400000E+03  0.0000000E+00  0.0000000E+00  4.1060498E+06 -1.0529400E+00
     2.0850000E+03    238.1512778  3.5786330E+08 -1.0534400E+05  0.0000000E+00  2.7841049E+04  6.4228296E-02  0.0000000E+00  1.5860529E+03  5.5542600E+05  1.4457314E+01  4.8548203E+05  8.6400000E+03  0.0000000E+00  0.0000000E+00  4.0817265E+06  8.2892112E-02
     2.0860000E+03    238.1218154  3.5776605E+08 -9.7248000E+04  0.0000000E+00  3.4381343E+04  6.4035013E-02  0.0000000E+00  2.9459138E+03  5.4223462E+05  1.4446411E+01  4.7765306E+05  8.6400000E+03  0.0000000E+00  0.0000000E+00  4.0650068E+06 -1.2683719E+00
     2.0870000E+03    238.0902388  3.5766179E+08 -1.0425600E+05  0.0000000E+00  4.2779115E+04  6.3842542E-02  0.0000000E+00  3.2755415E+03  5.3284650E+05  1.4435070E+01  4.7233506E+05  8.6400000E+03  0.0000000E+00  0.0000000E+00  4.0455818E+06 -7.5535798E-01
     2.0880000E+03    238.0549451  3.5754528E+08 -1.1651200E+05  0.0000000E+00  4.2923989E+04  6.3650891E-02  0.0000000E+00  1.9527749E+03  5.2929250E+05  1.4422493E+01  4.6562528E+05  8.6400000E+03  0.0000000E+00  0.0000000E+00  4.0192622E+06  5.5420011E-01
     2.0890000E+03    238.0248181  3.5744582E+08 -9.9456000E+04  0.0000000E+00  4.2775345E+04  6.3460059E-02  0.0000000E+00  2.9531396E+03  5.1622866E+05  1.4411150E+01  4.5256150E+05  8.6400000E+03  0.0000000E+00  0.0000000E+00  3.9988335E+06 -2.2351029E+00
     2.0900000E+03    237.9958508  3.5735021E+08 -9.5616000E+04  0.0000000E+00  3.3905251E+04  6.3270025E-02  0.0000000E+00  3.0152649E+03  5.0803778E+05  1.4400521E+01  4.5082866E+05  8.6400000E+03  0.0000000E+00  0.0000000E+00  3.9774448E+06 -2.0657109E-01
     2.0910000E+03    237.9681216  3.5725866E+08 -9.1552000E+04  0.0000000E+00  3.5306464E+04  6.3080810E-02  0.0000000E+00  2.9127383E+03  5.0110672E+05  1.4390337E+01  4.4194278E+05  8.6400000E+03  0.0000000E+00  0.0000000E+00  3.9561875E+06 -1.5887882E+00
     2.0920000E+03    237.9380047  3.5715923E+08 -9.9424000E+04  0.0000000E+00  4.2034948E+04  6.2892385E-02  0.0000000E+00  2.9947888E+03  4.9281594E+05  1.4379547E+01  4.3761484E+05  8.6400000E+03  0.0000000E+00  0.0000000E+00  3.9343950E+06 -6.3873577E-01
     2.0930000E+03    237.9101226  3.5706720E+08 -9.2032000E+04  0.0000000E+00  3.7740925E+04  6.2704764E-02  0.0000000E+00  2.8791536E+03  4.8592447E+05  1.4369235E+01  4.2901253E+05  8.6400000E+03  0.0000000E+00  0.0000000E+00  3.9128875E+06 -1.5772475E+00
     2.0940000E+03    237.8797562  3.5696694E+08 -1.0025600E+05  0.0000000E+00  3.4156774E+04  6.2517926E-02  0.0000000E+00  1.4452573E+03  4.8456844E+05  1.4358362E+01  4.2493447E+05  8.6400000E+03  0.0000000E+00  0.0000000E+00  3.8861772E+06 -1.4104521E-01
     2.0950000E+03    237.8485116  3.5686381E+08 -1.0313600E+05  0.0000000E+00  3.6342508E+04  6.2331885E-02  0.0000000E+00  1.0614570E+03  4.7814803E+05  1.4347052E+01  4.1898259E+05  8.6400000E+03  0.0000000E+00  0.0000000E+00  3.8617115E+06  6.7380951E-03
     2.0960000E+03    237.8183556  3.5676426E+08 -9.9552000E+04  0.0000000E+00  3.6760550E+04  6.2146626E-02  0.0000000E+00  1.3926753E+03  4.6880381E+05  1.4335995E+01  4.1319481E+05  8.6400000E+03  0.0000000E+00  0.0000000E+00  3.8402630E+06 -1.5393498E-02
     2.0970000E+03    237.7883418  3.5666515E+08 -9.9104000E+04  0.0000000E+00  3.7056117E+04  6.1962146E-02  0.0000000E+00  1.5768690E+03  4.6054909E+05  1.4325059E+01  4.0820878E+05  8.6400000E+03  0.0000000E+00  0.0000000E+00  3.8182428E+06  5.1953346E-01
     2.0980000E+03    237.7594052  3.5656963E+08 -9.5520000E+04  0.0000000E+00  4.8270229E+04  6.1778437E-02  0.0000000E+00  2.5525112E+03  4.4865600E+05  1.4314447E+01  3.9722253E+05  8.6400000E+03  0.0000000E+00  0.0000000E+00  3.7998200E+06 -2.0343816E+00
     2.0990000E+03    237.7292560  3.5647011E+08 -9.9520000E+04  0.0000000E+00  4.9673722E+04  6.1595503E-02  0.0000000E+00  2.7720554E+03  4.4019531E+05  1.4303561E+01  3.9155244E+05  8.6400000E+03  0.0000000E+00  0.0000000E+00  3.7787280E+06 -9.3852800E-01
     2.1000000E+03    237.7028642  3.5638298E+08 -8.7136000E+04  0.0000000E+00  3.8130316E+04  6.1413333E-02  0.0000000E+00  2.5982976E+03  4.3439959E+05  1.4293680E+01  3.8445572E+05  8.6400000E+03  0.0000000E+00  0.0000000E+00  3.7582630E+06 -1.4535234E+00
     2.1010000E+03    237.6765573  3.5629613E+08 -8.6848000E+04  0.0000000E+00  3.6341191E+04  6.1231930E-02  0.0000000E+00  7.0193622E+02  4.3697269E+05  1.4284098E+01  3.8119741E+05  8.6400000E+03  0.0000000E+00  0.0000000E+00  3.7331645E+06 -2.7430754E+00
     2.1020000E+03    237.6500609  3.5620867E+08 -8.7456000E+04  0.0000000E+00  3.7726674E+04  6.1051279E-02  0.0000000E+00  2.1667180E+03  4.2399250E+05  1.4274466E+01  3.7714697E+05  8.6400000E+03  0.0000000E+00  0.0000000E+00  3.7187638E+06 -7.6613986E-01
     2.1030000E+03    237.6234635  3.5612086E+08 -8.7808000E+04  0.0000000E+00  3.9560434E+04  6.0871389E-02  0.0000000E+00  2.5352798E+03  4.1888416E+05  1.4264791E+01  3.7499600E+05  8.6400000E+03  0.0000000E+00  0.0000000E+00  3.7010252E+06 -3.7668687E-01
     2.1040000E+03    237.5961713  3.5603075E+08 -9.0112000E+04  0.0000000E+00  4.4248455E+04  6.0692240E-02  0.0000000E+00  7.0606830E+02  4.2393422E+05  1.4254907E+01  3.7095828E+05  8.6400000E+03  0.0000000E+00  0.0000000E+00  3.6772550E+06 -3.1584239E+00
     2.1050000E+03    237.5674513  3.5593594E+08 -9.4816000E+04  0.0000000E+00  4.8367743E+04  6.0513847E-02  0.0000000E+00  2.2283066E+03  4.1157047E+05  1.4244556E+01  3.6613812E+05  8.6400000E+03  0.0000000E+00  0.0000000E+00  3.6615182E+06 -1.1545147E+00
     2.1060000E+03    237.5402233  3.5584605E+08 -8.9888000E+04  0.0000000E+00  4.3658268E+04  6.0336187E-02  0.0000000E+00  2.4877881E+03  4.0588559E+05  1.4234536E+01  3.6371359E+05  8.6400000E+03  0.0000000E+00  0.0000000E+00  3.6433698E+06 -4.6021304E-01
     2.1070000E+03    237.5146818  3.5576173E+08 -8.4320000E+04  0.0000000E+00  3.9472265E+04  6.0159270E-02  0.0000000E+00  7.1683398E+02  4.1125091E+05  1.4225116E+01  3.6041381E+05  8.6400000E+03  0.0000000E+00  0.0000000E+00  3.6203432E+06 -3.0316439E+00
     2.1080000E+03    237.4893001  3.5567795E+08 -8.3776000E+04  0.0000000E+00  3.7734498E+04  5.9983093E-02  0.0000000E+00  2.0076107E+03  4.0103738E+05  1.4215865E+01  3.5872797E+05  8.6400000E+03  0.0000000E+00  0.0000000E+00  3.6059168E+06 -6.5138549E-01
     2.1090000E+03    237.4645271  3.5559616E+08 -8.1792000E+04  0.0000000E+00  3.7598647E+04  5.9807647E-02  0.0000000E+00  2.2633274E+03  3.9638888E+05  1.4206802E+01  3.5854881E+05  8.6400000E+03  0.0000000E+00  0.0000000E+00  3.5893342E+06 -8.4859822E-03
     2.1100000E+03    237.4416594  3.5552067E+08 -7.5488000E+04  0.0000000E+00  3.3923174E+04  5.9632923E-02  0.0000000E+00  2.2057065E+03  3.9375525E+05  1.4198339E+01  3.5704444E+05  8.6400000E+03  0.0000000E+00  0.0000000E+00  3.5728768E+06 -3.6541075E-01
     2.1110000E+03    237.4170204  3.5543933E+08 -8.1344000E+04  0.0000000E+00  3.4078025E+04  5.9458919E-02  0.0000000E+00  1.1461685E+03  3.9654512E+05  1.4189499E+01  3.5657928E+05  8.6400000E+03  0.0000000E+00  0.0000000E+00  3.5522798E+06 -4.7314927E-02
     2.1120000E+03    237.3922903  3.5535770E+08 -8.1632000E+04  0.0000000E+00  4.2994939E+04  5.9285641E-02  0.0000000E+00  7.2812915E+02  3.9568091E+05  1.4180503E+01  3.5423941E+05  8.6400000E+03  0.0000000E+00  0.0000000E+00  3.5336132E+06 -2.3987741E+00
     2.1130000E+03    237.3626319  3.5525978E+08 -9.7920000E+04  0.0000000E+00  4.9064970E+04  5.9113078E-02  0.0000000E+00  8.1669910E+02  3.9156953E+05  1.4170066E+01  3.5056631E+05  8.6400000E+03  0.0000000E+00  0.0000000E+00  3.5129152E+06  3.2064575E-03
     2.1140000E+03    237.3385427  3.5518026E+08 -7.9520000E+04  0.0000000E+00  4.1117237E+04  5.8941223E-02  0.0000000E+00  7.3873596E+02  3.8890634E+05  1.4160891E+01  3.4784769E+05  8.6400000E+03  0.0000000E+00  0.0000000E+00  3.4954502E+06 -2.4098058E+00
     2.1150000E+03    237.3157397  3.5510499E+08 -7.5264000E+04  0.0000000E+00  3.7348914E+04  5.8770075E-02  0.0000000E+00  1.7797191E+03  3.8003916E+05  1.4152497E+01  3.4650644E+05  8.6400000E+03  0.0000000E+00  0.0000000E+00  3.4825772E+06 -5.8491856E-01
     2.1160000E+03    237.2940605  3.5503341E+08 -7.1584000E+04  0.0000000E+00  3.5016064E+04  5.8599636E-02  0.0000000E+00  1.9561162E+03  3.7631069E+05  1.4144524E+01  3.4666675E+05  8.6400000E+03  0.0000000E+00  0.0000000E+00  3.4680048E+06  5.3819411E-02
     2.1170000E+03    237.2716733  3.5495952E+08 -7.3888000E+04  0.0000000E+00  3.5099711E+04  5.8429889E-02  0.0000000E+00  1.3272841E+03  3.7723794E+05  1.4136426E+01  3.4593781E+05  8.6400000E+03  0.0000000E+00  0.0000000E+00  3.4502945E+06  3.8332101E-02
     2.1180000E+03    237.2495704  3.5488656E+08 -7.2960000E+04  0.0000000E+00  4.0529095E+04  5.8260847E-02  0.0000000E+00  1.8591326E+03  3.7132553E+05  1.4128359E+01  3.4378581E+05  8.6400000E+03  0.0000000E+00  0.0000000E+00  3.4365155E+06 -4.5272541E-01
     2.1190000E+03    237.2283906  3.5481664E+08 -6.9920000E+04  0.0000000E+00  3.8351081E+04  5.8092490E-02  0.0000000E+00  1.9132219E+03  3.6846053E+05  1.4120582E+01  3.4254184E+05  8.6400000E+03  0.0000000E+00  0.0000000E+00  3.4218362E+06 -2.6250660E-01
     2.1200000E+03    237.2081523  3.5474982E+08 -6.6816000E+04  0.0000000E+00  3.6143392E+04  5.7924826E-02  0.0000000E+00  1.8675162E+03  3.6635088E+05  1.4113146E+01  3.4118591E+05  8.6400000E+03  0.0000000E+00  0.0000000E+00  3.4073800E+06 -3.1105712E-01
     2.1210000E+03    237.1877777  3.5468256E+08 -6.7264000E+04  0.0000000E+00  3.7377179E+04  5.7757854E-02  0.0000000E+00  1.8463771E+03  3.6406641E+05  1.4105739E+01  3.4010747E+05  8.6400000E+03  0.0000000E+00  0.0000000E+00  3.3930478E+06 -2.1452968E-01
     2.1220000E+03    237.1683424  3.5461840E+08 -6.4160000E+04  0.0000000E+00  3.5265580E+04  5.7591558E-02  0.0000000E+00  1.7951892E+03  3.6208162E+05  1.4098596E+01  3.3887703E+05  8.6400000E+03  0.0000000E+00  0.0000000E+00  3.3790878E+06 -2.8793013E-01
     2.1230000E+03    237.1479829  3.5455117E+08 -6.7232000E+04  0.0000000E+00  3.9305820E+04  5.7425950E-02  0.0000000E+00  1.8060422E+03  3.5963269E+05  1.4091252E+01  3.3742469E+05  8.6400000E+03  0.0000000E+00  0.0000000E+00  3.3649782E+06 -2.7719161E-01
     2.1240000E+03    237.1252766  3.5447622E+08 -7.4944000E+04  0.0000000E+00  4.8588483E+04  5.7261005E-02  0.0000000E+00  1.8937732E+03  3.5647959E+05  1.4083157E+01  3.3425053E+05  8.6400000E+03  0.0000000E+00  0.0000000E+00  3.3497405E+06 -6.3660628E-01
     2.1250000E+03    237.1019111  3.5439907E+08 -7.7152000E+04  0.0000000E+00  5.0671960E+04  5.7096731E-02  0.0000000E+00  1.9369828E+03  3.5351428E+05  1.4074700E+01  3.3057134E+05  8.6400000E+03  0.0000000E+00  0.0000000E+00  3.3336728E+06 -7.7025849E-01
     2.1260000E+03    237.0794954  3.5432557E+08 -7.3504000E+04  0.0000000E+00  4.5921653E+04  5.6933131E-02  0.0000000E+00  1.9053309E+03  3.5114625E+05  1.4066471E+01  3.2759612E+05  8.6400000E+03  0.0000000E+00  0.0000000E+00  3.3177228E+06 -6.6953945E-01
     2.1270000E+03    237.0573901  3.5425312E+08 -7.2448000E+04  0.0000000E+00  4.4116955E+04  5.6770191E-02  0.0000000E+00  1.8670636E+03  3.4886497E+05  1.4058401E+01  3.2534759E+05  8.6400000E+03  0.0000000E+00  0.0000000E+00  3.3020428E+06 -4.9131086E-01
     2.1280000E+03    237.0347442  3.5417891E+08 -7.4208000E+04  0.0000000E+00  4.6141920E+04  5.6607913E-02  0.0000000E+00  1.8619491E+03  3.4631881E+05  1.4050197E+01  3.2303541E+05  8.6400000E+03  0.0000000E+00  0.0000000E+00  3.2862415E+06 -5.0095540E-01
     2.1290000E+03    237.0124580  3.5410586E+08 -7.3056000E+04  0.0000000E+00  4.5115909E+04  5.6446295E-02  0.0000000E+00  1.8366207E+03  3.4392147E+05  1.4042058E+01  3.2095594E+05  8.6400000E+03  0.0000000E+00  0.0000000E+00  3.2705052E+06 -4.6336964E-01
     2.1300000E+03    236.9897324  3.5403139E+08 -7.4464000E+04  0.0000000E+00  4.6951942E+04  5.6285329E-02  0.0000000E+00  1.8317994E+03  3.4136188E+05  1.4033818E+01  3.1879284E+05  8.6400000E+03  0.0000000E+00  0.0000000E+00  3.2546618E+06 -4.7337744E-01
     2.1310000E+03    236.9674153  3.5395824E+08 -7.3152000E+04  0.0000000E+00  4.5864844E+04  5.6125022E-02  0.0000000E+00  1.8064133E+03  3.3902256E+05  1.4025664E+01  3.1678906E+05  8.6400000E+03  0.0000000E+00  0.0000000E+00  3.2388892E+06 -4.5583668E-01
     2.1320000E+03    236.9459399  3.5388787E+08 -7.0368000E+04  0.0000000E+00  4.3230332E+04  5.5965349E-02  0.0000000E+00  1.7569905E+03  3.3692834E+05  1.4017785E+01  3.1549478E+05  8.6400000E+03  0.0000000E+00  0.0000000E+00  3.2235422E+06 -3.0680743E-01
     2.1330000E+03    236.9258041  3.5382186E+08 -6.6016000E+04  0.0000000E+00  3.5598867E+04  5.5806331E-02  0.0000000E+00  1.1888018E+03  3.3848369E+05  1.4010358E+01  3.1572712E+05  8.6400000E+03  0.0000000E+00  0.0000000E+00  3.2066772E+06  5.1055025E-02
     2.1340000E+03    236.9097265  3.5376918E+08 -5.2672000E+04  0.0000000E+00  3.4774773E+04  5.5647951E-02  0.0000000E+00  2.6220400E+03  3.2784581E+05  1.4004210E+01  3.1600403E+05  8.6400000E+03  0.0000000E+00  0.0000000E+00  3.1992910E+06  6.3379640E-03
     2.1350000E+03    236.8894742  3.5370278E+08 -6.6400000E+04  0.0000000E+00  4.0324656E+04  5.5490207E-02  0.0000000E+00  1.2667581E+03  3.3376088E+05  1.3997141E+01  3.1504253E+05  8.6400000E+03  0.0000000E+00  0.0000000E+00  3.1815000E+06 -7.8872181E-03
     2.1360000E+03    236.8705891  3.5364090E+08 -6.1888000E+04  0.0000000E+00  3.8089156E+04  5.5333097E-02  0.0000000E+00  1.3143253E+03  3.3121734E+05  1.3990167E+01  3.1443284E+05  8.6400000E+03  0.0000000E+00  0.0000000E+00  3.1682580E+06 -8.6062238E-02
     2.1370000E+03    236.8531231  3.5358365E+08 -5.7248000E+04  0.0000000E+00  3.6282542E+04  5.5176627E-02  0.0000000E+00  1.4712480E+03  3.2820528E+05  1.3983706E+01  3.1363478E+05  8.6400000E+03  0.0000000E+00  0.0000000E+00  3.1565540E+06 -2.1109603E-01
     2.1380000E+03    236.8361238  3.5352794E+08 -5.5712000E+04  0.0000000E+00  3.5745485E+04  5.5020776E-02  0.0000000E+00  1.4713058E+03  3.2635709E+05  1.3977484E+01  3.1339491E+05  8.6400000E+03  0.0000000E+00  0.0000000E+00  3.1447070E+06 -4.8077375E-02
     2.1390000E+03    236.8230846  3.5348522E+08 -4.2720000E+04  0.0000000E+00  3.3183546E+04  5.4865547E-02  0.0000000E+00  2.7410835E+03  3.1694731E+05  1.3972449E+01  3.1344497E+05  8.6400000E+03  0.0000000E+00  0.0000000E+00  3.1391265E+06  3.3794627E-02
     2.1400000E+03    236.8068974  3.5343216E+08 -5.3056000E+04  0.0000000E+00  3.5036839E+04  5.4710951E-02  0.0000000E+00  1.3263217E+03  3.2403594E+05  1.3966786E+01  3.1326659E+05  8.6400000E+03  0.0000000E+00  0.0000000E+00  3.1236768E+06 -2.1151915E-02
     2.1410000E+03    236.7923053  3.5338432E+08 -4.7840000E+04  0.0000000E+00  3.6439881E+04  5.4556970E-02  0.0000000E+00  2.1567971E+03  3.1711125E+05  1.3961358E+01  3.1242406E+05  8.6400000E+03  0.0000000E+00  0.0000000E+00  3.1160030E+06  5.9582956E-02
     2.1420000E+03    236.7803721  3.5334522E+08 -3.9104000E+04  0.0000000E+00  3.4537292E+04  5.4403596E-02  0.0000000E+00  2.9155151E+03  3.1083753E+05  1.3956820E+01  3.1216716E+05  8.6400000E+03  0.0000000E+00  0.0000000E+00  3.1099380E+06  4.4611488E-02
     2.1430000E+03    236.7684736  3.5330624E+08 -3.8976000E+04  0.0000000E+00  3.4672880E+04  5.4250844E-02  0.0000000E+00  2.7851133E+03  3.1023869E+05  1.3952486E+01  3.1186534E+05  8.6400000E+03  0.0000000E+00  0.0000000E+00  3.1013735E+06  1.7252814E-02
     2.1440000E+03    236.7539755  3.5325872E+08 -4.7520000E+04  0.0000000E+00  3.5664974E+04  5.4098692E-02  0.0000000E+00  1.5390609E+03  3.1654444E+05  1.3947398E+01  3.1091788E+05  8.6400000E+03  0.0000000E+00  0.0000000E+00  3.0877688E+06 -2.4561757E-01
     2.1450000E+03    236.7396147  3.5321165E+08 -4.7072000E+04  0.0000000E+00  3.9134521E+04  5.3947154E-02  0.0000000E+00  2.1663738E+03  3.1106956E+05  1.3942160E+01  3.0974778E+05  8.6400000E+03  0.0000000E+00  0.0000000E+00  3.0797142E+06  3.5720952E-02
     2.1460000E+03    236.7242870  3.5316141E+08 -5.0240000E+04  0.0000000E+00  3.8809887E+04  5.3796217E-02  0.0000000E+00  1.4705068E+03  3.1396062E+05  1.3936651E+01  3.0826856E+05  8.6400000E+03  0.0000000E+00  0.0000000E+00  3.0669070E+06 -3.9989340E-01
     2.1470000E+03    236.7115713  3.5311974E+08 -4.1664000E+04  0.0000000E+00  3.7161950E+04  5.3645872E-02  0.0000000E+00  2.5176104E+03  3.0578400E+05  1.3931832E+01  3.0747322E+05  8.6400000E+03  0.0000000E+00  0.0000000E+00  3.0610918E+06  1.5642781E-02
     2.1480000E+03    236.6980658  3.5307549E+08 -4.4256000E+04  0.0000000E+00  3.3402567E+04  5.3496130E-02  0.0000000E+00  1.4331495E+03  3.1140903E+05  1.3926973E+01  3.0696844E+05  8.6400000E+03  0.0000000E+00  0.0000000E+00  3.0482072E+06 -2.2856720E-01
     2.1490000E+03    236.6843373  3.5303046E+08 -4.5024000E+04  0.0000000E+00  3.2632067E+04  5.3346984E-02  0.0000000E+00  1.1961525E+03  3.1184272E+05  1.3921992E+01  3.0671662E+05  8.6400000E+03  0.0000000E+00  0.0000000E+00  3.0373472E+06 -5.4335710E-02
     2.1500000E+03    236.6713898  3.5298803E+08 -4.2432000E+04  0.0000000E+00  3.1260155E+04  5.3198423E-02  0.0000000E+00  1.1851018E+03  3.1057466E+05  1.3917222E+01  3.0650194E+05  8.6400000E+03  0.0000000E+00  0.0000000E+00  3.0279915E+06 -1.0545988E-01
     2.1510000E+03    236.6573830  3.5294214E+08 -4.5888000E+04  0.0000000E+00  3.6137646E+04  5.3050451E-02  0.0000000E+00  1.2495298E+03  3.0865828E+05  1.3912201E+01  3.0536462E+05  8.6400000E+03  0.0000000E+00  0.0000000E+00  3.0186598E+06 -2.6810735E-01
     2.1520000E+03    236.6446117  3.5290029E+08 -4.1856000E+04  0.0000000E+00  3.2285219E+04  5.2903067E-02  0.0000000E+00  1.2171990E+03  3.0756534E+05  1.3907462E+01  3.0490000E+05  8.6400000E+03  0.0000000E+00  0.0000000E+00  3.0094378E+06 -1.5242811E-01
     2.1530000E+03    236.6316887  3.5285792E+08 -4.2368000E+04  0.0000000E+00  3.3456809E+04  5.2756269E-02  0.0000000E+00  1.2175073E+03  3.0624466E+05  1.3902768E+01  3.0405700E+05  8.6400000E+03  0.0000000E+00  0.0000000E+00  3.0004508E+06 -2.0462222E-01
     2.1540000E+03    236.6221081  3.5282653E+08 -3.1392000E+04  0.0000000E+00  3.3288643E+04  5.2610040E-02  0.0000000E+00  2.5832563E+03  2.9574606E+05  1.3899037E+01  3.0376816E+05  8.6400000E+03  0.0000000E+00  0.0000000E+00  2.9983080E+06  1.6240923E-02
     2.1550000E+03    236.6114892  3.5279171E+08 -3.4816000E+04  0.0000000E+00  2.8026995E+04  5.2464396E-02  0.0000000E+00  1.2577966E+03  3.0363441E+05  1.3895248E+01  3.0415669E+05  8.6400000E+03  0.0000000E+00  0.0000000E+00  2.9864852E+06 -2.4912558E-02
     2.1560000E+03    236.6034040  3.5276522E+08 -2.6496000E+04  0.0000000E+00  3.3412137E+04  5.2319322E-02  0.0000000E+00  7.6091541E+02  3.0782638E+05  1.3892120E+01  3.0396616E+05  8.6400000E+03  0.0000000E+00  0.0000000E+00  2.9777878E+06 -5.3357205E+00
     2.1570000E+03    236.5928710  3.5273072E+08 -3.4496000E+04  0.0000000E+00  3.8840983E+04  5.2174814E-02  0.0000000E+00  7.6106628E+02  3.0675966E+05  1.3888464E+01  3.0281584E+05  8.6400000E+03  0.0000000E+00  0.0000000E+00  2.9706120E+06 -4.5677700E+00
     2.1580000E+03    236.5826610  3.5269725E+08 -3.3472000E+04  0.0000000E+00  3.8032913E+04  5.2030876E-02  0.0000000E+00  7.6123724E+02  3.0582578E+05  1.3884724E+01  3.0171619E+05  8.6400000E+03  0.0000000E+00  0.0000000E+00  2.9633318E+06 -4.6985826E+00
     2.1590000E+03    236.5733416  3.5266669E+08 -3.0560000E+04  0.0000000E+00  3.3672723E+04  5.1887508E-02  0.0000000E+00  7.6133936E+02  3.0488381E+05  1.3881266E+01  3.0034334E+05  8.6400000E+03  0.0000000E+00  0.0000000E+00  2.9565948E+06 -4.4773016E+00
     2.1600000E+03    236.5631324  3.5263325E+08 -3.3440000E+04  0.0000000E+00  3.6974375E+04  5.1744696E-02  0.0000000E+00  7.6149512E+02  3.0398028E+05  1.3877615E+01  2.9930828E+05  8.6400000E+03  0.0000000E+00  0.0000000E+00  2.9495478E+06 -4.6047845E+00
     2.1610000E+03    236.5487550  3.5258611E+08 -4.7136000E+04  0.0000000E+00  3.5228606E+04  5.1602446E-02  0.0000000E+00  7.9247504E+02  3.0135562E+05  1.3872685E+01  2.9733522E+05  8.6400000E+03  0.0000000E+00  0.0000000E+00  2.9393020E+06  7.4314657E-03
     2.1620000E+03    236.4857585  3.5237965E+08 -2.0646400E+05  0.0000000E+00  3.9920358E+04  5.1460747E-02  0.0000000E+00  9.2481079E+02  2.3052430E+05  1.3853292E+01  3.0506634E+05  2.4192000E+05  0.0000000E+00  0.0000000E+00  2.9279435E+06  1.4973062E-02
     2.1630000E+03    236.4406441  3.5223181E+08 -1.4784000E+05  0.0000000E+00  3.3029766E+04  5.1319603E-02  0.0000000E+00  5.0534912E+03  1.9029617E+05  1.3835568E+01  3.1223600E+05  2.4192000E+05  0.0000000E+00  0.0000000E+00  2.9105070E+06 -2.7995113E-02
     2.1640000E+03    236.4238118  3.5217664E+08 -5.5168000E+04  0.0000000E+00  3.2339258E+04  5.1179014E-02  0.0000000E+00  1.4292095E+03  2.1362186E+05  1.3827381E+01  3.1177700E+05  1.2096000E+05  0.0000000E+00  0.0000000E+00  2.8842275E+06  3.9225277E-01
     2.1650000E+03    236.4072140  3.5212224E+08 -5.4400000E+04  0.0000000E+00  3.2018564E+04  5.1038969E-02  0.0000000E+00  1.3578080E+03  2.1451475E+05  1.3821322E+01  3.0807066E+05  1.2096000E+05  0.0000000E+00  0.0000000E+00  2.8723485E+06 -1.0009670E+00
     2.1660000E+03    236.3897742  3.5206509E+08 -5.7152000E+04  0.0000000E+00  2.9420756E+04  5.0899472E-02  0.0000000E+00  1.3748345E+03  2.1615400E+05  1.3815035E+01  3.0806047E+05  1.2096000E+05  0.0000000E+00  0.0000000E+00  2.8594712E+06  1.0580112E-02
     2.1670000E+03    236.3724080  3.5200816E+08 -5.6928000E+04  0.0000000E+00  2.9381335E+04  5.0760515E-02  0.0000000E+00  1.3109207E+03  2.1607420E+05  1.3808708E+01  3.0713075E+05  1.2096000E+05  0.0000000E+00  0.0000000E+00  2.8471320E+06 -2.8917581E-01
     2.1680000E+03    236.3319764  3.5187565E+08 -1.3251200E+05  0.0000000E+00  2.9201591E+04  5.0622098E-02  0.0000000E+00  8.8344150E+03  1.8153506E+05  1.3795669E+01  3.1277812E+05  2.4192000E+05  0.0000000E+00  0.0000000E+00  2.8396388E+06  3.2123950E-01
     2.1690000E+03    236.3446241  3.5191709E+08  4.1440000E+04  0.0000000E+00  2.4426358E+04  5.0484218E-02  0.0000000E+00  8.5230481E+02  2.3376911E+05  1.3796409E+01  3.0737138E+05  8.6400000E+03  0.0000000E+00  0.0000000E+00  2.8130848E+06 -2.1260938E-02
     2.1700000E+03    236.3500506  3.5193488E+08  1.7792000E+04  0.0000000E+00  2.8296696E+04  5.0346877E-02  0.0000000E+00  1.1009885E+03  2.5321023E+05  1.3798910E+01  2.9779738E+05  8.6400000E+03  0.0000000E+00  0.0000000E+00  2.8113098E+06 -3.0292380E+00
     2.1710000E+03    236.3238317  3.5184896E+08 -8.5920000E+04  0.0000000E+00  3.2325169E+04  5.0210062E-02  0.0000000E+00  8.3857190E+02  2.3491639E+05  1.3791670E+01  3.0155941E+05  1.2096000E+05  0.0000000E+00  0.0000000E+00  2.8039638E+06  2.6451170E-02
     2.1720000E+03    236.2586465  3.5163533E+08 -2.1363200E+05  0.0000000E+00  3.7152912E+04  5.0073784E-02  0.0000000E+00  1.5697014E+04  1.5934172E+05  1.3770778E+01  3.1270794E+05  3.4560000E+05  0.0000000E+00  0.0000000E+00  2.8097488E+06 -1.3166186E-02
     2.1730000E+03    236.2063956  3.5146406E+08 -1.7126400E+05  0.0000000E+00  3.8289491E+04  4.9938027E-02  0.0000000E+00  2.2624572E+04  1.3729373E+05  1.3750816E+01  3.1863469E+05  3.4560000E+05  0.0000000E+00  0.0000000E+00  2.7921590E+06 -1.6641802E+00
     2.1740000E+03    236.1396045  3.5124515E+08 -2.1891200E+05  0.0000000E+00  3.6130309E+04  4.9802795E-02  0.0000000E+00  5.1264250E+04  1.0970815E+05  1.3727561E+01  3.2956347E+05  4.5792000E+05  0.0000000E+00  0.0000000E+00  2.7821405E+06 -6.6786885E-01
     2.1750000E+03    236.0851609  3.5106672E+08 -1.7843200E+05  0.0000000E+00  3.1970551E+04  4.9668089E-02  0.0000000E+00  7.3651656E+04  9.2675789E+04  1.3706843E+01  3.4334212E+05  4.5792000E+05  0.0000000E+00  0.0000000E+00  2.7639650E+06  2.2049813E+00
     2.1760000E+03    236.0410991  3.5092234E+08 -1.4438400E+05  0.0000000E+00  2.7842695E+04  4.9533900E-02  0.0000000E+00  8.1623203E+04  8.4951953E+04  1.3690048E+01  3.4227997E+05  4.5792000E+05  0.0000000E+00  0.0000000E+00  2.7434195E+06 -4.2771554E-01
     2.1770000E+03    235.9981159  3.5078144E+08 -1.4089600E+05  0.0000000E+00  3.0522786E+04  4.9400218E-02  0.0000000E+00  8.2206531E+04  8.0211180E+04  1.3674323E+01  3.4571556E+05  4.5792000E+05  0.0000000E+00  0.0000000E+00  2.7275012E+06  2.6459873E-02
     2.1780000E+03    235.9557357  3.5064256E+08 -1.3888000E+05  0.0000000E+00  3.3293020E+04  4.9267061E-02  0.0000000E+00  8.2380070E+04  7.6687375E+04  1.3658851E+01  3.4662950E+05  4.5792000E+05  0.0000000E+00  0.0000000E+00  2.7132242E+06 -4.3030279E-03
     2.1790000E+03    235.9190524  3.5052234E+08 -1.2022400E+05  0.0000000E+00  2.6987098E+04  4.9134407E-02  0.0000000E+00  9.0244742E+04  7.2490078E+04  1.3645083E+01  3.4772619E+05  4.5792000E+05  0.0000000E+00  0.0000000E+00  2.7031990E+06  1.4067833E-01
     2.1800000E+03    235.8839102  3.5040714E+08 -1.1520000E+05  0.0000000E+00  2.8731938E+04  4.9002264E-02  0.0000000E+00  9.3084438E+04  6.9811203E+04  1.3632178E+01  3.4888728E+05  4.5792000E+05  0.0000000E+00  0.0000000E+00  2.6938335E+06  1.2489852E-01
     2.1810000E+03    235.8504330  3.5029744E+08 -1.0969600E+05  0.0000000E+00  2.8347715E+04  4.8870631E-02  0.0000000E+00  9.4685281E+04  6.7553070E+04  1.3619871E+01  3.4979466E+05  4.5792000E+05  0.0000000E+00  0.0000000E+00  2.6849682E+06  6.1683603E-02
     2.1820000E+03    235.8191764  3.5019498E+08 -1.0246400E+05  0.0000000E+00  2.5195397E+04  4.8739500E-02  0.0000000E+00  9.5787836E+04  6.5556836E+04  1.3608331E+01  3.5150875E+05  4.5792000E+05  0.0000000E+00  0.0000000E+00  2.6765458E+06  1.9587710E-01
     2.1830000E+03    235.7885020  3.5009446E+08 -1.0051200E+05  0.0000000E+00  2.7788627E+04  4.8608873E-02  0.0000000E+00  9.6781109E+04  6.3681855E+04  1.3597123E+01  3.5274338E+05  4.5792000E+05  0.0000000E+00  0.0000000E+00  2.6682898E+06  1.1510766E-01
     2.1840000E+03    235.7582871  3.4999542E+08 -9.9040000E+04  0.0000000E+00  3.0053451E+04  4.8478737E-02  0.0000000E+00  9.7643984E+04  6.1920828E+04  1.3586090E+01  3.5325875E+05  4.5792000E+05  0.0000000E+00  0.0000000E+00  2.6600885E+06  6.3590202E-03
     2.1850000E+03    235.7442153  3.4994931E+08 -4.6112000E+04  3.8477853E+04  2.6222471E+04  1.5261818E+02  0.0000000E+00  9.3709867E+04  6.1192816E+04  1.3579792E+01  3.6685303E+05  4.5792000E+05  0.0000000E+00  0.0000000E+00  2.6547012E+06 -7.9765450E-03
     2.1860000E+03    235.7368677  3.4992522E+08 -2.4096000E+04  3.5728273E+04  1.1766281E+04  1.5067427E+02  0.0000000E+00  9.4069477E+04  6.0353871E+04  1.3576628E+01  3.7602528E+05  4.5792000E+05  0.0000000E+00  0.0000000E+00  2.6526348E+06  3.0244577E-03
     2.1870000E+03    235.7145673  3.4985213E+08 -7.3088000E+04  0.0000000E+00  2.4081544E+04  4.2158031E+00  0.0000000E+00  9.5224867E+04  5.9012129E+04  1.3569599E+01  3.7279256E+05  4.5792000E+05  0.0000000E+00  0.0000000E+00  2.6476890E+06  1.5231442E-02
     2.1880000E+03    235.7325157  3.4991098E+08  5.8848000E+04  0.0000000E+00  2.3283797E+04  4.2670652E-01  0.0000000E+00  4.8944258E+04  9.2710398E+04  1.3573202E+01  3.5906834E+05  2.3328000E+05  0.0000000E+00  0.0000000E+00  2.6136180E+06 -3.0077165E-02
     2.1890000E+03    235.7841276  3.5008013E+08  1.6915200E+05  0.0000000E+00  2.2352815E+04  4.3344259E-02  0.0000000E+00  1.3962610E+03  1.4687631E+05  1.3589539E+01  3.3700228E+05  9.9999997E-06  0.0000000E+00  0.0000000E+00  2.5800865E+06  1.1450993E-03
     2.1900000E+03    235.7708618  3.5003664E+08 -4.3488000E+04  0.0000000E+00  2.2892414E+04  4.3216370E-02  0.0000000E+00  1.3260977E+04  1.3388527E+05  1.3589434E+01  3.3359894E+05  2.3328000E+05  0.0000000E+00  0.0000000E+00  2.5912028E+06  7.0932545E-02
     2.1910000E+03    210.3917343  2.7130986E+08 -7.8726784E+07  0.0000000E+00  2.1180528E+04  4.3107219E-02  0.0000000E+00  2.9829900E+05  1.0021314E+05  7.8721190E+00  1.1123844E+06  8.0016072E+07  0.0000000E+00  0.0000000E+00  9.7967431E+05 -9.9828458E-06
