 "GAGE No.   18:  Lake No. =     8 "
    "DATA: Time       Stage(H)         Volume     Vol.Change        Precip.          Evap.     LAK-Runoff     UZF-Runoff       GW-Inflw      GW-Outflw     LAK-to-UZF       SW-Inflw      SW-Outflw     Withdrawal     Lake-Inflx    Total-Cond.    Percent-Err "
     0.0000000E+00     81.5000000  2.3916793E+04  0.0000000E+00  0.0000000E+00  0.0000000E+00  0.0000000E+00  0.0000000E+00  0.0000000E+00  0.0000000E+00  0.0000000E+00  0.0000000E+00  0.0000000E+00  0.0000000E+00  0.0000000E+00  0.0000000E+00  0.0000000E+00
     1.0000000E+00     86.1859754  1.3980484E+05  1.1588805E+05  0.0000000E+00  4.7595295E+02  0.0000000E+00  0.0000000E+00  1.1636401E+05  0.0000000E+00  0.0000000E+00  0.0000000E+00  0.0000000E+00  0.0000000E+00  0.0000000E+00  4.0523773E+04  6.7138458E-06
     2.0000000E+00     89.3240592  2.5057145E+05  1.1076661E+05  0.0000000E+00  4.5099888E+02  0.0000000E+00  0.0000000E+00  1.1122327E+05  5.6621532E+00  0.0000000E+00  0.0000000E+00  0.0000000E+00  0.0000000E+00  0.0000000E+00  3.9444594E+04  0.0000000E+00
     3.0000000E+00     91.8536259  3.5788888E+05  1.0731742E+05  6.3356889E+02  5.3066415E+02  2.3161274E+03  0.0000000E+00  1.0490098E+05  2.6037891E+00  0.0000000E+00  0.0000000E+00  0.0000000E+00  0.0000000E+00  0.0000000E+00  3.7934348E+04 -7.2438115E-06
     4.0000000E+00     93.9238985  4.5704728E+05  9.9158406E+04  1.8662287E+02  4.1516268E+02  9.3916248E+02  0.0000000E+00  9.8449758E+04  2.0644989E+00  0.0000000E+00  0.0000000E+00  0.0000000E+00  0.0000000E+00  0.0000000E+00  3.6258637E+04 -8.6303822E-05
     5.0000000E+00     95.6724529  5.4911844E+05  9.2071156E+04  0.0000000E+00  5.3585398E+02  5.4117419E+02  0.0000000E+00  9.2067531E+04  1.7247976E+00  0.0000000E+00  0.0000000E+00  0.0000000E+00  0.0000000E+00  0.0000000E+00  3.4494281E+04 -3.3744127E-05
     6.0000000E+00     97.1686948  6.3497431E+05  8.5855875E+04  0.0000000E+00  6.5559519E+02  4.3363068E+02  0.0000000E+00  8.6077812E+04  0.0000000E+00  0.0000000E+00  0.0000000E+00  0.0000000E+00  0.0000000E+00  0.0000000E+00  3.2717527E+04 -2.7091792E-05
     7.0000000E+00     98.4482275  7.1491669E+05  7.9942375E+04  0.0000000E+00  7.9733427E+02  3.5564374E+02  0.0000000E+00  8.0529211E+04  1.4518558E+02  0.0000000E+00  0.0000000E+00  0.0000000E+00  0.0000000E+00  0.0000000E+00  3.0974182E+04 -5.7952755E-05
     8.0000000E+00     99.5849541  7.9001988E+05  7.5103188E+04  0.0000000E+00  7.9549890E+02  2.9724789E+02  0.0000000E+00  7.5582273E+04  0.0000000E+00  0.0000000E+00  0.0000000E+00  0.0000000E+00  0.0000000E+00  0.0000000E+00  2.9312906E+04 -2.5255907E-02
     9.0000000E+00    100.6016968  8.6021894E+05  7.0199062E+04  0.0000000E+00  6.5741849E+02  2.5236346E+02  0.0000000E+00  7.1093078E+04  0.0000000E+00  0.0000000E+00  0.0000000E+00  0.0000000E+00  0.0000000E+00  0.0000000E+00  2.7916834E+04  6.8534291E-01
     1.0000000E+01    101.5305970  9.2666931E+05  6.6450375E+04  0.0000000E+00  6.4204556E+02  2.1710480E+02  0.0000000E+00  6.6875328E+04  0.0000000E+00  0.0000000E+00  0.0000000E+00  0.0000000E+00  0.0000000E+00  0.0000000E+00  2.6619604E+04  1.1644383E-05
     1.1000000E+01    102.3645206  9.8884738E+05  6.2178062E+04  0.0000000E+00  5.5976713E+02  1.8889191E+02  0.0000000E+00  6.2548906E+04  0.0000000E+00  0.0000000E+00  0.0000000E+00  0.0000000E+00  0.0000000E+00  0.0000000E+00  2.5118541E+04 -4.9810482E-05
     1.2000000E+01    103.1303921  1.0473484E+06  5.8501000E+04  0.0000000E+00  5.7590804E+02  1.6595625E+02  0.0000000E+00  5.8910992E+04  0.0000000E+00  0.0000000E+00  0.0000000E+00  0.0000000E+00  0.0000000E+00  0.0000000E+00  2.3963203E+04  7.2733528E-05
     1.3000000E+01    103.8411780  1.1026000E+06  5.5251625E+04  0.0000000E+00  6.5512812E+02  1.4705212E+02  0.0000000E+00  5.5759633E+04  0.0000000E+00  0.0000000E+00  0.0000000E+00  0.0000000E+00  0.0000000E+00  0.0000000E+00  2.2799549E+04 -1.2576760E-04
     1.4000000E+01    104.4908598  1.1548576E+06  5.2257625E+04  0.0000000E+00  7.9939370E+02  1.3128133E+02  0.0000000E+00  5.2923457E+04  0.0000000E+00  0.0000000E+00  0.0000000E+00  0.0000000E+00  0.0000000E+00  0.0000000E+00  2.1660402E+04 -4.2998046E-03
     1.5000000E+01    105.1014208  1.2044922E+06  4.9634625E+04  0.0000000E+00  8.3446744E+02  1.1798287E+02  0.0000000E+00  5.0351125E+04  0.0000000E+00  0.0000000E+00  0.0000000E+00  0.0000000E+00  0.0000000E+00  0.0000000E+00  2.0542145E+04  3.0959531E-05
     1.6000000E+01    105.6667443  1.2517258E+06  4.7233500E+04  0.0000000E+00  8.5317218E+02  1.0666149E+02  0.0000000E+00  4.7980051E+04  0.0000000E+00  0.0000000E+00  0.0000000E+00  0.0000000E+00  0.0000000E+00  0.0000000E+00  1.9422803E+04  8.1233462E-05
     1.7000000E+01    106.1965648  1.2963864E+06  4.4660625E+04  0.0000000E+00  9.2204633E+02  9.6940193E+01  0.0000000E+00  4.5485773E+04  0.0000000E+00  0.0000000E+00  0.0000000E+00  0.0000000E+00  0.0000000E+00  0.0000000E+00  1.8372215E+04  9.4265444E-05
     1.8000000E+01    106.6815847  1.3383795E+06  4.1993125E+04  0.0000000E+00  8.2131452E+02  8.8527885E+01  0.0000000E+00  4.2725895E+04  0.0000000E+00  0.0000000E+00  0.0000000E+00  0.0000000E+00  0.0000000E+00  0.0000000E+00  1.7507812E+04 -4.5618392E-05
     1.9000000E+01    107.1421085  1.3782519E+06  3.9872375E+04  0.0000000E+00  7.3059013E+02  8.1196892E+01  0.0000000E+00  4.0513363E+04  0.0000000E+00  0.0000000E+00  0.0000000E+00  0.0000000E+00  0.0000000E+00  0.0000000E+00  1.6981945E+04 -2.0707825E-02
     2.0000000E+01    107.5675402  1.4161354E+06  3.7883500E+04  0.0000000E+00  6.4162318E+02  7.4767090E+01  0.0000000E+00  3.8450371E+04  0.0000000E+00  0.0000000E+00  0.0000000E+00  0.0000000E+00  0.0000000E+00  0.0000000E+00  1.6372513E+04  3.0418452E-05
     2.1000000E+01    107.9705580  1.4521796E+06  3.6044250E+04  0.0000000E+00  8.8831477E+02  6.9094452E+01  0.0000000E+00  3.6863949E+04  4.8659334E-01  0.0000000E+00  0.0000000E+00  0.0000000E+00  0.0000000E+00  0.0000000E+00  1.5949863E+04 -2.1153144E-05
     2.2000000E+01    108.3566299  1.4867756E+06  3.4596000E+04  0.0000000E+00  7.5579447E+02  6.4062714E+01  0.0000000E+00  3.5287750E+04  2.8352808E-02  0.0000000E+00  0.0000000E+00  0.0000000E+00  0.0000000E+00  0.0000000E+00  1.5434912E+04 -3.3148935E-05
     2.3000000E+01    108.7152239  1.5198830E+06  3.3107375E+04  0.0000000E+00  8.7471798E+02  5.9577194E+01  0.0000000E+00  3.3978020E+04  7.3247574E-02  0.0000000E+00  0.0000000E+00  0.0000000E+00  0.0000000E+00  0.0000000E+00  1.5057008E+04  1.6284841E-01
     2.4000000E+01    109.0618195  1.5518828E+06  3.1999750E+04  0.0000000E+00  8.1528796E+02  5.5560143E+01  0.0000000E+00  3.2759531E+04  1.0782121E-01  0.0000000E+00  0.0000000E+00  0.0000000E+00  0.0000000E+00  0.0000000E+00  1.4647375E+04 -1.7260542E-04
     2.5000000E+01    109.3960473  1.5827405E+06  3.0857750E+04  0.0000000E+00  7.9044524E+02  5.1947243E+01  0.0000000E+00  3.1596463E+04  1.3499044E-01  0.0000000E+00  0.0000000E+00  0.0000000E+00  0.0000000E+00  0.0000000E+00  1.4257804E+04  2.5302416E-04
     2.6000000E+01    109.7097919  1.6124116E+06  2.9671125E+04  0.0000000E+00  8.3081347E+02  4.8684933E+01  0.0000000E+00  3.0572244E+04  1.5608940E-01  0.0000000E+00  0.0000000E+00  0.0000000E+00  0.0000000E+00  0.0000000E+00  1.3910837E+04  3.8808730E-01
     2.7000000E+01    110.0132298  1.6413058E+06  2.8894125E+04  0.0000000E+00  7.2971969E+02  4.5728291E+01  0.0000000E+00  2.9578305E+04  1.7081608E-01  0.0000000E+00  0.0000000E+00  0.0000000E+00  0.0000000E+00  0.0000000E+00  1.3545614E+04  5.9337381E-05
     2.8000000E+01    110.3060704  1.6691908E+06  2.7885000E+04  0.0000000E+00  8.3414200E+02  4.3039433E+01  0.0000000E+00  2.8676344E+04  1.8293099E-01  0.0000000E+00  0.0000000E+00  0.0000000E+00  0.0000000E+00  0.0000000E+00  1.3221058E+04  2.0402162E-04
     2.9000000E+01    110.5891368  1.6961451E+06  2.6954375E+04  0.0000000E+00  9.2325375E+02  4.0586224E+01  0.0000000E+00  2.7837176E+04  1.9128920E-01  0.0000000E+00  0.0000000E+00  0.0000000E+00  0.0000000E+00  0.0000000E+00  1.2896402E+04 -2.1018097E-04
     3.0000000E+01    110.8639961  1.7230902E+06  2.6945125E+04  3.9640393E+02  8.3024299E+02  3.7088858E+02  0.0000000E+00  2.7008309E+04  1.9535844E-01  0.0000000E+00  0.0000000E+00  0.0000000E+00  0.0000000E+00  0.0000000E+00  1.2557279E+04  1.4063602E-04
     3.1000000E+01    111.1244411  1.7486525E+06  2.5562250E+04  0.0000000E+00  8.6833336E+02  1.6525627E+02  0.0000000E+00  2.6265488E+04  1.9928738E-01  0.0000000E+00  0.0000000E+00  0.0000000E+00  0.0000000E+00  0.0000000E+00  1.2268396E+04 -1.4779190E-04
     3.2000000E+01    111.6926136  1.8044175E+06  5.5765000E+04  6.6252216E+03  1.2138292E+03  2.4157680E+04  0.0000000E+00  2.6197213E+04  1.1899719E+00  0.0000000E+00  0.0000000E+00  0.0000000E+00  0.0000000E+00  0.0000000E+00  1.2176521E+04  1.6453108E-04
     3.3000000E+01    111.9503783  1.8303404E+06  2.5922875E+04  0.0000000E+00  1.0898494E+03  8.7784460E+02  0.0000000E+00  2.6135727E+04  8.3329862E-01  0.0000000E+00  0.0000000E+00  0.0000000E+00  0.0000000E+00  0.0000000E+00  1.2101488E+04  4.3380973E-05
     3.4000000E+01    112.2231656  1.8578980E+06  2.7557625E+04  7.3682626E+02  1.0327632E+03  1.8700636E+03  0.0000000E+00  2.5984035E+04  6.3109243E-01  0.0000000E+00  0.0000000E+00  0.0000000E+00  0.0000000E+00  0.0000000E+00  1.2010938E+04 -3.2790125E-04
     3.5000000E+01    112.4798352  1.8838272E+06  2.5929250E+04  0.0000000E+00  7.8210380E+02  9.8322461E+02  0.0000000E+00  2.5728881E+04  7.0960438E-01  0.0000000E+00  0.0000000E+00  0.0000000E+00  0.0000000E+00  0.0000000E+00  1.1893895E+04  1.6085872E-04
     3.6000000E+01    112.7299770  1.9090971E+06  2.5269875E+04  0.0000000E+00  9.3803799E+02  8.1308136E+02  0.0000000E+00  2.5395398E+04  5.9885055E-01  0.0000000E+00  0.0000000E+00  0.0000000E+00  0.0000000E+00  0.0000000E+00  1.1751990E+04 -1.1923622E-04
     3.7000000E+01    112.9722157  1.9338802E+06  2.4783125E+04  0.0000000E+00  9.2475810E+02  6.9114319E+02  0.0000000E+00  2.5017002E+04  2.3034510E-01  0.0000000E+00  0.0000000E+00  0.0000000E+00  0.0000000E+00  0.0000000E+00  1.1588805E+04  1.2155681E-04
     3.8000000E+01    113.2040275  1.9579829E+06  2.4102625E+04  0.0000000E+00  1.0818682E+03  5.9948779E+02  0.0000000E+00  2.4585273E+04  2.2476253E-01  0.0000000E+00  0.0000000E+00  0.0000000E+00  0.0000000E+00  0.0000000E+00  1.1408049E+04  1.7061408E-04
     3.9000000E+01    113.4505645  1.9836166E+06  2.5633750E+04  7.9734060E+02  9.4128256E+02  1.6195135E+03  0.0000000E+00  2.4158789E+04  6.2878102E-01  0.0000000E+00  0.0000000E+00  0.0000000E+00  0.0000000E+00  0.0000000E+00  1.1221148E+04 -7.3493051E-05
     4.0000000E+01    113.6772328  2.0071845E+06  2.3567875E+04  0.0000000E+00  1.0061755E+03  8.3303473E+02  0.0000000E+00  2.3741229E+04  2.1656273E-01  0.0000000E+00  0.0000000E+00  0.0000000E+00  0.0000000E+00  0.0000000E+00  1.1026040E+04 -1.5895695E-05
     4.1000000E+01    113.8993277  2.0302769E+06  2.3092375E+04  0.0000000E+00  9.2661222E+02  7.0377563E+02  0.0000000E+00  2.3315555E+04  3.5897180E-01  0.0000000E+00  0.0000000E+00  0.0000000E+00  0.0000000E+00  0.0000000E+00  1.0827537E+04 -6.5051776E-05
     4.2000000E+01    114.1124120  2.0528004E+06  2.2523500E+04  0.0000000E+00  9.6940702E+02  6.0706354E+02  0.0000000E+00  2.2910555E+04  2.0569301E-01  0.0000000E+00  0.0000000E+00  0.0000000E+00  0.0000000E+00  0.0000000E+00  1.0621795E+04  1.0420213E-01
     4.3000000E+01    114.3168876  2.0747302E+06  2.1929875E+04  0.0000000E+00  1.1051142E+03  5.3204694E+02  0.0000000E+00  2.2503121E+04  1.9970970E-01  0.0000000E+00  0.0000000E+00  0.0000000E+00  0.0000000E+00  0.0000000E+00  1.0413342E+04 -9.3267714E-05
     4.4000000E+01    114.5156742  2.0960500E+06  2.1319750E+04  0.0000000E+00  1.2662897E+03  4.7215588E+02  0.0000000E+00  2.2114049E+04  1.9378449E-01  0.0000000E+00  0.0000000E+00  0.0000000E+00  0.0000000E+00  0.0000000E+00  1.0201809E+04 -1.2106394E-04
     4.5000000E+01    114.7118151  2.1170860E+06  2.1036000E+04  0.0000000E+00  1.1237571E+03  4.2321219E+02  0.0000000E+00  2.1736701E+04  1.8666938E-01  0.0000000E+00  0.0000000E+00  0.0000000E+00  0.0000000E+00  0.0000000E+00  9.9755176E+03 -1.3220662E-04
     4.6000000E+01    114.9047548  2.1377785E+06  2.0692500E+04  0.0000000E+00  1.0600895E+03  3.8244397E+02  0.0000000E+00  2.1370469E+04  1.8152714E-01  0.0000000E+00  0.0000000E+00  0.0000000E+00  0.0000000E+00  0.0000000E+00  9.7596152E+03  6.4646517E-04
     4.7000000E+01    115.0943760  2.1581152E+06  2.0336750E+04  0.0000000E+00  1.0274788E+03  3.4794589E+02  0.0000000E+00  2.1021891E+04  1.7676289E-01  0.0000000E+00  0.0000000E+00  0.0000000E+00  0.0000000E+00  0.0000000E+00  9.6362354E+03  2.5408186E-02
     4.8000000E+01    115.2765374  2.1780865E+06  1.9971250E+04  0.0000000E+00  9.9626985E+02  3.1836752E+02  0.0000000E+00  2.0649266E+04  1.6883489E-01  0.0000000E+00  0.0000000E+00  0.0000000E+00  0.0000000E+00  0.0000000E+00  9.5135352E+03 -2.7013361E-04
     4.9000000E+01    115.4524052  2.1974818E+06  1.9395250E+04  0.0000000E+00  1.1720756E+03  2.9272488E+02  0.0000000E+00  2.0274832E+04  1.6431469E-01  0.0000000E+00  0.0000000E+00  0.0000000E+00  0.0000000E+00  0.0000000E+00  9.4131631E+03  3.2286893E-04
     5.0000000E+01    115.6275045  2.2167925E+06  1.9310750E+04  0.0000000E+00  8.8881585E+02  2.7028384E+02  0.0000000E+00  1.9929258E+04  1.5789180E-01  0.0000000E+00  0.0000000E+00  0.0000000E+00  0.0000000E+00  0.0000000E+00  9.2987178E+03 -9.0890058E-04
     5.1000000E+01    115.7988693  2.2356910E+06  1.8898500E+04  0.0000000E+00  9.1870218E+02  2.5048531E+02  0.0000000E+00  1.9567082E+04  1.5118577E-01  0.0000000E+00  0.0000000E+00  0.0000000E+00  0.0000000E+00  0.0000000E+00  9.1851182E+03  1.0742521E-03
     5.2000000E+01    115.9683335  2.2543802E+06  1.8689250E+04  0.0000000E+00  7.7458513E+02  2.3289545E+02  0.0000000E+00  1.9230941E+04  1.4854762E-01  0.0000000E+00  0.0000000E+00  0.0000000E+00  0.0000000E+00  0.0000000E+00  9.0940381E+03 -7.6263229E-04
     5.3000000E+01    116.1330602  2.2725468E+06  1.8166500E+04  0.0000000E+00  9.7825957E+02  2.1717169E+02  0.0000000E+00  1.8927869E+04  1.4252967E-01  0.0000000E+00  0.0000000E+00  0.0000000E+00  0.0000000E+00  0.0000000E+00  8.9857354E+03  7.2432269E-04
     5.4000000E+01    116.2961331  2.2906190E+06  1.8072250E+04  0.0000000E+00  7.3866741E+02  2.0304012E+02  0.0000000E+00  1.8607979E+04  1.3990429E-01  0.0000000E+00  0.0000000E+00  0.0000000E+00  0.0000000E+00  0.0000000E+00  8.8962803E+03 -1.9727465E-04
     5.5000000E+01    116.4521549  2.3082915E+06  1.7672500E+04  0.0000000E+00  8.4118673E+02  1.9027840E+02  0.0000000E+00  1.8323391E+04  1.3533057E-01  0.0000000E+00  0.0000000E+00  0.0000000E+00  0.0000000E+00  0.0000000E+00  8.7984629E+03 -8.2287169E-04
     5.6000000E+01    116.6052238  2.3256292E+06  1.7337750E+04  0.0000000E+00  8.6945351E+02  1.7870424E+02  0.0000000E+00  1.8028760E+04  1.2982936E-01  0.0000000E+00  0.0000000E+00  0.0000000E+00  0.0000000E+00  0.0000000E+00  8.6991143E+03  7.1871275E-04
     5.7000000E+01    116.8268330  2.3507305E+06  2.5101250E+04  2.7813454E+03  3.8169738E+02  4.8888916E+03  0.0000000E+00  1.7813270E+04  4.8821843E-01  0.0000000E+00  0.0000000E+00  0.0000000E+00  0.0000000E+00  0.0000000E+00  8.6424043E+03  2.7591377E-04
     5.8000000E+01    116.9836518  2.3684932E+06  1.7762750E+04  0.0000000E+00  9.3094444E+02  1.0459939E+03  0.0000000E+00  1.7648014E+04  4.3521574E-01  0.0000000E+00  0.0000000E+00  0.0000000E+00  0.0000000E+00  0.0000000E+00  8.5893164E+03 -6.4776774E-04
     5.9000000E+01    117.1394184  2.3861368E+06  1.7643500E+04  0.0000000E+00  6.7399794E+02  8.3815051E+02  0.0000000E+00  1.7479678E+04  3.9601907E-01  0.0000000E+00  0.0000000E+00  0.0000000E+00  0.0000000E+00  0.0000000E+00  8.5357109E+03 -3.6252252E-04
     6.0000000E+01    117.2919828  2.4034175E+06  1.7280750E+04  0.0000000E+00  7.2494288E+02  6.9422174E+02  0.0000000E+00  1.7311586E+04  1.3146172E-01  0.0000000E+00  0.0000000E+00  0.0000000E+00  0.0000000E+00  0.0000000E+00  8.4804941E+03 -8.6777552E-05
     6.1000000E+01    117.4409564  2.4204155E+06  1.6998000E+04  0.0000000E+00  7.3005733E+02  5.8951184E+02  0.0000000E+00  1.7138715E+04  1.2774897E-01  0.0000000E+00  0.0000000E+00  0.0000000E+00  0.0000000E+00  0.0000000E+00  8.4212568E+03  2.3135774E-04
     6.2000000E+01    117.5836493  2.4370102E+06  1.6594750E+04  0.0000000E+00  8.6706472E+02  5.1028961E+02  0.0000000E+00  1.6951627E+04  1.2504965E-01  0.0000000E+00  0.0000000E+00  0.0000000E+00  0.0000000E+00  0.0000000E+00  8.3665186E+03 -1.3422067E-04
     6.3000000E+01    117.7285127  2.4538572E+06  1.6847000E+04  1.4792091E+02  6.5881312E+02  5.6638831E+02  0.0000000E+00  1.6786533E+04  1.2252574E-01  0.0000000E+00  0.0000000E+00  0.0000000E+00  0.0000000E+00  0.0000000E+00  8.3113555E+03 -2.9105743E-02
     6.4000000E+01    117.8703365  2.4703510E+06  1.6493750E+04  0.0000000E+00  5.7856104E+02  4.4897238E+02  0.0000000E+00  1.6619020E+04  1.2024499E-01  0.0000000E+00  0.0000000E+00  0.0000000E+00  0.0000000E+00  0.0000000E+00  8.2574160E+03 -2.6010400E-02
     6.5000000E+01    118.0109469  2.4867035E+06  1.6352500E+04  0.0000000E+00  5.1079811E+02  3.9884399E+02  0.0000000E+00  1.6464611E+04  1.1565311E-01  0.0000000E+00  0.0000000E+00  0.0000000E+00  0.0000000E+00  0.0000000E+00  8.1961865E+03  2.4322195E-04
     6.6000000E+01    118.1492140  2.5027835E+06  1.6080000E+04  0.0000000E+00  5.5811006E+02  3.5792630E+02  0.0000000E+00  1.6280312E+04  1.1407463E-01  0.0000000E+00  0.0000000E+00  0.0000000E+00  0.0000000E+00  0.0000000E+00  8.1471323E+03  8.2171413E-05
     6.7000000E+01    118.2855163  2.5186350E+06  1.5851500E+04  0.0000000E+00  6.1364339E+02  3.2389062E+02  0.0000000E+00  1.6141386E+04  1.0995636E-01  0.0000000E+00  0.0000000E+00  0.0000000E+00  0.0000000E+00  0.0000000E+00  8.0897788E+03  1.4827604E-04
     6.8000000E+01    118.4192757  2.5341908E+06  1.5555750E+04  0.0000000E+00  7.1507253E+02  2.9512888E+02  0.0000000E+00  1.5975847E+04  1.0619127E-01  0.0000000E+00  0.0000000E+00  0.0000000E+00  0.0000000E+00  0.0000000E+00  8.0357144E+03  2.8808968E-04
     6.9000000E+01    118.5534636  2.5498588E+06  1.5668000E+04  0.0000000E+00  4.2304213E+02  2.7049704E+02  0.0000000E+00  1.5820598E+04  1.0306563E-01  0.0000000E+00  0.0000000E+00  0.0000000E+00  0.0000000E+00  0.0000000E+00  7.9834561E+03 -3.1558605E-04
     7.0000000E+01    118.6836400  2.5654008E+06  1.5542000E+04  0.0000000E+00  3.7637697E+02  2.4916103E+02  0.0000000E+00  1.5669437E+04  1.0002471E-01  0.0000000E+00  0.0000000E+00  0.0000000E+00  0.0000000E+00  0.0000000E+00  7.9326182E+03  7.6070614E-04
     7.1000000E+01    118.8105151  2.5805488E+06  1.5148000E+04  0.0000000E+00  5.9772130E+02  2.3049860E+02  0.0000000E+00  1.5515269E+04  9.8982386E-02  0.0000000E+00  0.0000000E+00  0.0000000E+00  0.0000000E+00  0.0000000E+00  7.8892412E+03 -3.3491143E-04
     7.2000000E+01    118.9354980  2.5954708E+06  1.4922000E+04  0.0000000E+00  6.8420898E+02  2.1403642E+02  0.0000000E+00  1.5392321E+04  9.6263036E-02  0.0000000E+00  0.0000000E+00  0.0000000E+00  0.0000000E+00  0.0000000E+00  7.8401377E+03  3.3164569E-04
     7.3000000E+01    119.0618309  2.6105540E+06  1.5083250E+04  2.2901267E+02  8.0337649E+02  4.0961569E+02  0.0000000E+00  1.5248062E+04  9.5651872E-02  0.0000000E+00  0.0000000E+00  0.0000000E+00  0.0000000E+00  0.0000000E+00  7.7985142E+03 -1.9670554E-04
     7.4000000E+01    119.1864643  2.6254345E+06  1.4880500E+04  0.0000000E+00  5.2281284E+02  2.7149979E+02  0.0000000E+00  1.5125441E+04  9.5109291E-02  0.0000000E+00  0.0000000E+00  0.0000000E+00  0.0000000E+00  0.0000000E+00  7.7573916E+03 -4.2000528E-02
     7.5000000E+01    119.4124829  2.6524192E+06  2.6984750E+04  3.9239162E+03  5.2332691E+02  8.4776084E+03  0.0000000E+00  1.5107241E+04  4.7857532E-01  0.0000000E+00  0.0000000E+00  0.0000000E+00  0.0000000E+00  0.0000000E+00  7.7558008E+03  7.6680107E-04
     7.6000000E+01    119.6161242  2.6767328E+06  2.4313500E+04  2.4626649E+03  4.9059052E+02  7.1785850E+03  0.0000000E+00  1.5162892E+04  2.6211840E-01  0.0000000E+00  0.0000000E+00  0.0000000E+00  0.0000000E+00  0.0000000E+00  7.7812046E+03 -8.5828663E-04
     7.7000000E+01    119.7932658  2.6982788E+06  2.1546000E+04  1.5412084E+03  3.6883253E+02  5.1084092E+03  0.0000000E+00  1.5265854E+04  4.4743368E-01  0.0000000E+00  0.0000000E+00  0.0000000E+00  0.0000000E+00  0.0000000E+00  7.8246270E+03  8.8229618E-04
     7.8000000E+01    119.9313178  2.7151940E+06  1.6915250E+04  0.0000000E+00  4.3574678E+02  1.9844857E+03  0.0000000E+00  1.5366712E+04  3.7533534E-01  0.0000000E+00  0.0000000E+00  0.0000000E+00  0.0000000E+00  0.0000000E+00  7.8679766E+03 -1.0130785E-03
     7.9000000E+01    120.1020401  2.7361120E+06  2.0918000E+04  1.4295387E+03  6.9687018E+02  4.7090776E+03  0.0000000E+00  1.5476731E+04  4.1134283E-01  0.0000000E+00  0.0000000E+00  0.0000000E+00  0.0000000E+00  0.0000000E+00  7.9157334E+03  3.0721806E-04
     8.0000000E+01    120.2470573  2.7538805E+06  1.7768500E+04  3.5849707E+02  4.7949318E+02  2.2980427E+03  0.0000000E+00  1.5591824E+04  3.7570655E-01  0.0000000E+00  0.0000000E+00  0.0000000E+00  0.0000000E+00  0.0000000E+00  7.9659116E+03 -3.2109045E-05
     8.1000000E+01    120.3833891  2.7705848E+06  1.6704250E+04  0.0000000E+00  5.1506641E+02  1.5201663E+03  0.0000000E+00  1.5699566E+04  3.5903955E-01  0.0000000E+00  0.0000000E+00  0.0000000E+00  0.0000000E+00  0.0000000E+00  8.0136426E+03  3.2892861E-04
     8.2000000E+01    120.5851047  2.7953002E+06  2.4715500E+04  2.5855726E+03  4.8834943E+02  6.7496973E+03  0.0000000E+00  1.5869059E+04  4.0958455E-01  0.0000000E+00  0.0000000E+00  0.0000000E+00  0.0000000E+00  0.0000000E+00  8.0835928E+03  2.7122078E-04
     8.3000000E+01    120.7720744  2.8182092E+06  2.2909000E+04  1.7913801E+03  6.0560713E+02  5.5849458E+03  0.0000000E+00  1.6138567E+04  4.7332379E-01  0.0000000E+00  0.0000000E+00  0.0000000E+00  0.0000000E+00  0.0000000E+00  8.1873081E+03 -7.9736701E-04
     8.4000000E+01    120.9359593  2.8387128E+06  2.0503500E+04  8.6492199E+02  6.6536566E+02  3.8314011E+03  0.0000000E+00  1.6473092E+04  4.3116292E-01  0.0000000E+00  0.0000000E+00  0.0000000E+00  0.0000000E+00  0.0000000E+00  8.3130615E+03  5.5356987E-04
     8.5000000E+01    121.4142900  2.8988105E+06  6.0097750E+04  9.3642480E+03  6.7502920E+02  3.3952246E+04  0.0000000E+00  1.7457152E+04  9.6139169E-01  0.0000000E+00  0.0000000E+00  0.0000000E+00  0.0000000E+00  0.0000000E+00  8.6581113E+03 -1.5426094E-04
     8.6000000E+01    121.6126552  2.9237332E+06  2.4922750E+04  1.6408107E+03  5.1641060E+02  4.9648462E+03  0.0000000E+00  1.8834088E+04  6.5099204E-01  0.0000000E+00  0.0000000E+00  0.0000000E+00  0.0000000E+00  0.0000000E+00  9.1307207E+03 -2.6871095E-04
     8.7000000E+01    121.7883792  2.9458112E+06  2.2078000E+04  0.0000000E+00  5.0022642E+02  2.4373005E+03  0.0000000E+00  2.0141443E+04  4.9321625E-01  0.0000000E+00  0.0000000E+00  0.0000000E+00  0.0000000E+00  0.0000000E+00  9.5676475E+03  1.1245366E-04
     8.8000000E+01    121.9672666  2.9683995E+06  2.2588250E+04  0.0000000E+00  6.2888516E+02  1.9563826E+03  0.0000000E+00  2.1260205E+04  4.1225505E-01  0.0000000E+00  0.0000000E+00  0.0000000E+00  0.0000000E+00  0.0000000E+00  9.9340811E+03 -4.1306000E-03
     8.9000000E+01    122.1465833  2.9915250E+06  2.3125500E+04  0.0000000E+00  6.7814711E+02  1.6162117E+03  0.0000000E+00  2.2187654E+04  1.6746819E-01  0.0000000E+00  0.0000000E+00  0.0000000E+00  0.0000000E+00  0.0000000E+00  1.0231515E+04  2.1333195E-04
     9.0000000E+01    122.3285376  3.0149908E+06  2.3465750E+04  0.0000000E+00  8.0688640E+02  1.3674423E+03  0.0000000E+00  2.2905307E+04  1.6508475E-01  0.0000000E+00  0.0000000E+00  0.0000000E+00  0.0000000E+00  0.0000000E+00  1.0461863E+04 -2.1725753E-04
     9.1000000E+01    122.5152579  3.0390710E+06  2.4080250E+04  0.0000000E+00  5.5582766E+02  1.1876569E+03  0.0000000E+00  2.3439576E+04  1.6380434E-01  0.0000000E+00  0.0000000E+00  0.0000000E+00  0.0000000E+00  0.0000000E+00  1.0631621E+04 -3.6584564E-02
     9.2000000E+01    122.7020757  3.0631640E+06  2.4093000E+04  0.0000000E+00  7.7654379E+02  1.0415094E+03  0.0000000E+00  2.3828131E+04  1.6250288E-01  0.0000000E+00  0.0000000E+00  0.0000000E+00  0.0000000E+00  0.0000000E+00  1.0754126E+04 -2.6701734E-04
     9.3000000E+01    122.8914008  3.0875802E+06  2.4416250E+04  0.0000000E+00  5.7540968E+02  9.2028485E+02  0.0000000E+00  2.4071574E+04  1.6190584E-01  0.0000000E+00  0.0000000E+00  0.0000000E+00  0.0000000E+00  0.0000000E+00  1.0835804E+04  1.4848585E-04
     9.4000000E+01    123.1047683  3.1152278E+06  2.7647500E+04  1.3492420E+03  5.8408010E+02  2.6377007E+03  0.0000000E+00  2.4244883E+04  2.7901411E-01  0.0000000E+00  0.0000000E+00  0.0000000E+00  0.0000000E+00  0.0000000E+00  1.0895982E+04 -1.1760885E-04
     9.5000000E+01    123.2941574  3.1403012E+06  2.5073500E+04  0.0000000E+00  5.2193558E+02  1.2521243E+03  0.0000000E+00  2.4343760E+04  5.2622080E-01  0.0000000E+00  0.0000000E+00  0.0000000E+00  0.0000000E+00  0.0000000E+00  1.0933126E+04 -2.9759423E-04
     9.6000000E+01    123.4811238  3.1650540E+06  2.4752750E+04  0.0000000E+00  6.7153347E+02  1.0593234E+03  0.0000000E+00  2.4365049E+04  1.6411300E-01  0.0000000E+00  0.0000000E+00  0.0000000E+00  0.0000000E+00  0.0000000E+00  1.0947846E+04 -2.9191968E-04
     9.7000000E+01    123.6711303  3.1902090E+06  2.5155000E+04  1.2327358E+02  4.2877895E+02  1.1012516E+03  0.0000000E+00  2.4338117E+04  1.6343631E-01  0.0000000E+00  0.0000000E+00  0.0000000E+00  0.0000000E+00  0.0000000E+00  1.0947236E+04 -8.3327778E-02
     9.8000000E+01    123.8551285  3.2145688E+06  2.4359750E+04  0.0000000E+00  7.5696900E+02  8.6651544E+02  0.0000000E+00  2.4248855E+04  2.9083124E-01  0.0000000E+00  0.0000000E+00  0.0000000E+00  0.0000000E+00  0.0000000E+00  1.0930782E+04 -6.5245777E-03
     9.9000000E+01    124.0388163  3.2388875E+06  2.4318750E+04  0.0000000E+00  5.5767823E+02  7.5663916E+02  0.0000000E+00  2.4119998E+04  4.6904841E-01  0.0000000E+00  0.0000000E+00  0.0000000E+00  0.0000000E+00  0.0000000E+00  1.0901020E+04 -1.0442152E-03
     1.0000000E+02    124.2193987  3.2628565E+06  2.3969000E+04  0.0000000E+00  6.6157663E+02  6.6908807E+02  0.0000000E+00  2.3961816E+04  1.6006437E-01  0.0000000E+00  0.0000000E+00  0.0000000E+00  0.0000000E+00  0.0000000E+00  1.0859895E+04  6.8194309E-04
     1.0100000E+02    124.3938953  3.2865130E+06  2.3656500E+04  0.0000000E+00  7.0366930E+02  5.9744012E+02  0.0000000E+00  2.3762922E+04  1.5825683E-01  0.0000000E+00  0.0000000E+00  0.0000000E+00  0.0000000E+00  0.0000000E+00  1.0809666E+04  1.3629980E-04
     1.0200000E+02    124.5651795  3.3097342E+06  2.3221250E+04  0.0000000E+00  8.6522885E+02  5.3770715E+02  0.0000000E+00  2.3548699E+04  1.5594354E-01  0.0000000E+00  0.0000000E+00  0.0000000E+00  0.0000000E+00  0.0000000E+00  1.0751562E+04 -9.4873278E-04
     1.0300000E+02    124.7308697  3.3321968E+06  2.2462500E+04  0.0000000E+00  1.3376571E+03  4.8713251E+02  0.0000000E+00  2.3313324E+04  1.5353471E-01  0.0000000E+00  0.0000000E+00  0.0000000E+00  0.0000000E+00  0.0000000E+00  1.0688572E+04  6.1546877E-04
     1.0400000E+02    124.8961792  3.3546078E+06  2.2411000E+04  0.0000000E+00  1.1033277E+03  4.4378616E+02  0.0000000E+00  2.3070783E+04  1.9736019E-01  0.0000000E+00  0.0000000E+00  0.0000000E+00  0.0000000E+00  0.0000000E+00  1.0621458E+04  1.9103847E-04
     1.0500000E+02    125.0594110  3.3767372E+06  2.2129500E+04  0.0000000E+00  1.0979764E+03  4.0642993E+02  0.0000000E+00  2.2821061E+04  1.4895153E-01  0.0000000E+00  0.0000000E+00  0.0000000E+00  0.0000000E+00  0.0000000E+00  1.0550068E+04 -5.8019883E-04
     1.0600000E+02    125.2206807  3.3986005E+06  2.1863250E+04  0.0000000E+00  1.0678606E+03  3.7383954E+02  0.0000000E+00  2.2557525E+04  1.4590774E-01  0.0000000E+00  0.0000000E+00  0.0000000E+00  0.0000000E+00  0.0000000E+00  1.0471936E+04  4.7696682E-04
     1.0700000E+02    125.3788469  3.4201930E+06  2.1592500E+04  0.0000000E+00  1.0348026E+03  3.4515079E+02  0.0000000E+00  2.2282270E+04  1.4364393E-01  0.0000000E+00  0.0000000E+00  0.0000000E+00  0.0000000E+00  0.0000000E+00  1.0395639E+04 -1.2084343E-04
     1.0800000E+02    125.5323898  3.4415145E+06  2.1321500E+04  0.0000000E+00  1.0100894E+03  3.1972925E+02  0.0000000E+00  2.2011887E+04  1.4123200E-01  0.0000000E+00  0.0000000E+00  0.0000000E+00  0.0000000E+00  0.0000000E+00  1.0317543E+04 -5.1601452E-04
     1.0900000E+02    125.6837176  3.4625282E+06  2.1013750E+04  0.0000000E+00  1.0246858E+03  2.9707169E+02  0.0000000E+00  2.1741553E+04  1.3887496E-01  0.0000000E+00  0.0000000E+00  0.0000000E+00  0.0000000E+00  0.0000000E+00  1.0238522E+04  2.3041932E-04
     1.1000000E+02    125.8336730  3.4833515E+06  2.0823250E+04  0.0000000E+00  9.2427970E+02  2.7677286E+02  0.0000000E+00  2.1470855E+04  1.3673861E-01  0.0000000E+00  0.0000000E+00  0.0000000E+00  0.0000000E+00  0.0000000E+00  1.0158774E+04 -1.7063641E-04
     1.1100000E+02    125.9811266  3.5038272E+06  2.0475750E+04  0.0000000E+00  9.8542004E+02  2.5850269E+02  0.0000000E+00  2.1202855E+04  1.3436642E-01  0.0000000E+00  0.0000000E+00  0.0000000E+00  0.0000000E+00  0.0000000E+00  1.0077818E+04  2.4571779E-04
     1.1200000E+02    126.1248204  3.5237810E+06  1.9953750E+04  0.0000000E+00  1.2204812E+03  2.4198932E+02  0.0000000E+00  2.0932646E+04  3.8927227E-01  0.0000000E+00  0.0000000E+00  0.0000000E+00  0.0000000E+00  0.0000000E+00  9.9977832E+03  7.3791110E-05
     1.1300000E+02    126.5548844  3.5837900E+06  6.0009000E+04  1.1019265E+04  1.0743160E+03  2.8693775E+04  0.0000000E+00  2.1371139E+04  8.8123751E-01  0.0000000E+00  0.0000000E+00  0.0000000E+00  0.0000000E+00  0.0000000E+00  1.0125819E+04 -2.5579455E-05
     1.1400000E+02    126.7533916  3.6120058E+06  2.8215750E+04  2.3149269E+03  7.8139394E+02  4.7500381E+03  0.0000000E+00  2.1932912E+04  6.3423681E-01  0.0000000E+00  0.0000000E+00  0.0000000E+00  0.0000000E+00  0.0000000E+00  1.0288265E+04  3.4350576E-04
     1.1500000E+02    126.9507069  3.6400522E+06  2.8046500E+04  1.8401241E+03  1.1985847E+03  4.9112441E+03  0.0000000E+00  2.2494146E+04  5.4333782E-01  0.0000000E+00  0.0000000E+00  0.0000000E+00  0.0000000E+00  0.0000000E+00  1.0449548E+04 -3.8734570E-04
     1.1600000E+02    127.1190041  3.6639740E+06  2.3921750E+04  0.0000000E+00  1.1513357E+03  2.1156504E+03  0.0000000E+00  2.2957971E+04  4.9152148E-01  0.0000000E+00  0.0000000E+00  0.0000000E+00  0.0000000E+00  0.0000000E+00  1.0583368E+04  1.7137034E-04
     1.1700000E+02    127.2882465  3.6880302E+06  2.4056250E+04  0.0000000E+00  9.1122010E+02  1.6653604E+03  0.0000000E+00  2.3302461E+04  4.6309173E-01  0.0000000E+00  0.0000000E+00  0.0000000E+00  0.0000000E+00  0.0000000E+00  1.0684683E+04 -4.5370901E-04
     1.1800000E+02    127.4573154  3.7120618E+06  2.4031500E+04  0.0000000E+00  8.8424451E+02  1.3755549E+03  0.0000000E+00  2.3532418E+04  1.6304104E-01  0.0000000E+00  0.0000000E+00  0.0000000E+00  0.0000000E+00  0.0000000E+00  1.0754297E+04 -3.1859465E-02
     1.1900000E+02    127.6256797  3.7360778E+06  2.4016000E+04  0.0000000E+00  8.2265369E+02  1.1657302E+03  0.0000000E+00  2.3673322E+04  1.5981516E-01  0.0000000E+00  0.0000000E+00  0.0000000E+00  0.0000000E+00  0.0000000E+00  1.0798126E+04  9.5930090E-04
     1.2000000E+02    127.7872283  3.7595745E+06  2.3496750E+04  0.0000000E+00  1.2351314E+03  1.0061127E+03  0.0000000E+00  2.3725867E+04  1.5600146E-01  0.0000000E+00  0.0000000E+00  0.0000000E+00  0.0000000E+00  0.0000000E+00  1.0826609E+04 -2.2901775E-04
     1.2100000E+02    127.9486527  3.7830532E+06  2.3478750E+04  0.0000000E+00  1.0870763E+03  8.8019464E+02  0.0000000E+00  2.3678648E+04  1.5322571E-01  0.0000000E+00  0.0000000E+00  0.0000000E+00  0.0000000E+00  0.0000000E+00  1.0832564E+04 -2.9059669E-02
     1.2200000E+02    128.1090736  3.8063858E+06  2.3332500E+04  0.0000000E+00  1.0265695E+03  7.7841376E+02  0.0000000E+00  2.3580975E+04  1.5028633E-01  0.0000000E+00  0.0000000E+00  0.0000000E+00  0.0000000E+00  0.0000000E+00  1.0811832E+04  6.8954419E-04
     1.2300000E+02    128.2650023  3.8290652E+06  2.2679500E+04  0.0000000E+00  1.4394909E+03  6.9447174E+02  0.0000000E+00  2.3424455E+04  1.4750117E-01  0.0000000E+00  0.0000000E+00  0.0000000E+00  0.0000000E+00  0.0000000E+00  1.0768177E+04 -8.7457243E-04
     1.2400000E+02    128.4215122  3.8518290E+06  2.2763750E+04  0.0000000E+00  1.0974674E+03  6.2405878E+02  0.0000000E+00  2.3237379E+04  1.4509809E-01  0.0000000E+00  0.0000000E+00  0.0000000E+00  0.0000000E+00  0.0000000E+00  1.0708003E+04  3.1104055E-04
     1.2500000E+02    128.5759914  3.8742975E+06  2.2468500E+04  0.0000000E+00  1.1175614E+03  5.6422809E+02  0.0000000E+00  2.3022588E+04  7.7598041E-01  0.0000000E+00  0.0000000E+00  0.0000000E+00  0.0000000E+00  0.0000000E+00  1.0651326E+04 -9.1086367E-05
     1.2600000E+02    128.7279172  3.8963945E+06  2.2097000E+04  0.0000000E+00  1.1980111E+03  5.1284863E+02  0.0000000E+00  2.2789475E+04  1.5049343E+00  0.0000000E+00  0.0000000E+00  0.0000000E+00  0.0000000E+00  0.0000000E+00  1.0587734E+04  2.4927100E-02
     1.2700000E+02    128.8816614  3.9192500E+06  2.2855500E+04  7.7808802E+02  1.5892937E+03  1.1225968E+03  0.0000000E+00  2.2546389E+04  2.3981333E+00  0.0000000E+00  0.0000000E+00  0.0000000E+00  0.0000000E+00  0.0000000E+00  1.0522184E+04 -4.7935185E-04
     1.2800000E+02    129.0963613  3.9511920E+06  3.1942000E+04  3.9788884E+03  1.5252924E+03  7.0165073E+03  0.0000000E+00  2.2475545E+04  3.5298877E+00  0.0000000E+00  0.0000000E+00  0.0000000E+00  0.0000000E+00  0.0000000E+00  1.0501746E+04  3.5595242E-04
     1.2900000E+02    129.3253360  3.9852580E+06  3.4066000E+04  3.7083446E+03  9.8646794E+02  8.4977158E+03  0.0000000E+00  2.2850826E+04  4.5686407E+00  0.0000000E+00  0.0000000E+00  0.0000000E+00  0.0000000E+00  0.0000000E+00  1.0610895E+04 -4.2341894E-04
     1.3000000E+02    129.4864308  4.0092250E+06  2.3967000E+04  0.0000000E+00  1.4331635E+03  2.2304673E+03  0.0000000E+00  2.3174986E+04  5.2674842E+00  0.0000000E+00  0.0000000E+00  0.0000000E+00  0.0000000E+00  0.0000000E+00  1.0706504E+04  8.4565996E-05
     1.3100000E+02    129.7628381  4.0503478E+06  4.1122750E+04  5.2823465E+03  1.2421384E+03  1.3171615E+04  0.0000000E+00  2.3917418E+04  6.5035405E+00  0.0000000E+00  0.0000000E+00  0.0000000E+00  0.0000000E+00  0.0000000E+00  1.0921600E+04 -2.7657230E-05
     1.3200000E+02    129.9366857  4.0764478E+06  2.6100000E+04  0.0000000E+00  9.4803470E+02  2.4769321E+03  0.0000000E+00  2.4578258E+04  7.2537317E+00  0.0000000E+00  0.0000000E+00  0.0000000E+00  0.0000000E+00  0.0000000E+00  1.1172276E+04 -3.6817105E-04
     1.3300000E+02    130.1358402  4.1067470E+06  3.0299250E+04  1.6524089E+03  1.0082371E+03  4.4886860E+03  0.0000000E+00  2.5174305E+04  7.7447696E+00  0.0000000E+00  0.0000000E+00  0.0000000E+00  0.0000000E+00  0.0000000E+00  1.1442687E+04  5.3637748E-04
     1.3400000E+02    130.3521557  4.1396575E+06  3.2910500E+04  2.0105730E+03  7.4262803E+02  5.8092935E+03  0.0000000E+00  2.5842068E+04  9.0761261E+00  0.0000000E+00  0.0000000E+00  0.0000000E+00  0.0000000E+00  0.0000000E+00  1.1737362E+04 -8.0070045E-04
     1.3500000E+02    130.6641547  4.1871250E+06  4.7467500E+04  5.6600457E+03  1.0231353E+03  1.5683860E+04  0.0000000E+00  2.7157252E+04  1.0390218E+01  0.0000000E+00  0.0000000E+00  0.0000000E+00  0.0000000E+00  0.0000000E+00  1.2249976E+04  2.6577976E-04
     1.3600000E+02    130.9255119  4.2268880E+06  3.9763000E+04  2.9580893E+03  9.0640925E+02  8.8954258E+03  0.0000000E+00  2.8827387E+04  1.1524985E+01  0.0000000E+00  0.0000000E+00  0.0000000E+00  0.0000000E+00  0.0000000E+00  1.2916831E+04 -7.6817370E-05
     1.3700000E+02    131.1623217  4.2635220E+06  3.6634000E+04  1.6584119E+03  1.4686717E+03  5.7912861E+03  0.0000000E+00  3.0665438E+04  1.2484676E+01  0.0000000E+00  0.0000000E+00  0.0000000E+00  0.0000000E+00  0.0000000E+00  1.3655531E+04 -5.1242765E-05
     1.3800000E+02    131.6143036  4.3339730E+06  7.0451000E+04  9.7622709E+03  1.0640583E+03  2.8788672E+04  0.0000000E+00  3.2978652E+04  1.4425187E+01  0.0000000E+00  0.0000000E+00  0.0000000E+00  0.0000000E+00  0.0000000E+00  1.4533048E+04  1.5290875E-04
     1.3900000E+02    132.0336556  4.3993380E+06  6.5365000E+04  8.2457686E+03  8.5021238E+02  2.2412326E+04  0.0000000E+00  3.5573277E+04  1.6112593E+01  0.0000000E+00  0.0000000E+00  0.0000000E+00  0.0000000E+00  0.0000000E+00  1.5581280E+04  7.6672499E-05
     1.4000000E+02    132.3829986  4.4546450E+06  5.5307000E+04  4.3896119E+03  5.8527456E+02  1.2846284E+04  0.0000000E+00  3.8673605E+04  1.7426527E+01  0.0000000E+00  0.0000000E+00  0.0000000E+00  0.0000000E+00  0.0000000E+00  1.6719809E+04 -3.5632361E-04
     1.4100000E+02    132.6606720  4.4988765E+06  4.4231500E+04  0.0000000E+00  1.2689932E+03  3.9150100E+03  0.0000000E+00  4.1603805E+04  1.8448177E+01  0.0000000E+00  0.0000000E+00  0.0000000E+00  0.0000000E+00  0.0000000E+00  1.7743498E+04 -2.7461172E-04
     1.4200000E+02    132.9462534  4.5443675E+06  4.5491000E+04  0.0000000E+00  1.5484304E+03  2.9895479E+03  0.0000000E+00  4.4069512E+04  1.9567900E+01  0.0000000E+00  0.0000000E+00  0.0000000E+00  0.0000000E+00  0.0000000E+00  1.8570627E+04  1.2451109E-04
     1.4300000E+02    133.2384722  4.5909160E+06  4.6548500E+04  0.0000000E+00  1.7254626E+03  2.3771128E+03  0.0000000E+00  4.5917395E+04  2.0727131E+01  0.0000000E+00  0.0000000E+00  0.0000000E+00  0.0000000E+00  0.0000000E+00  1.9170611E+04 -3.8015452E-04
     1.4400000E+02    133.5299941  4.6382435E+06  4.7327500E+04  1.7902577E+02  2.1441632E+03  2.1969202E+03  0.0000000E+00  4.7117773E+04  2.1894211E+01  0.0000000E+00  0.0000000E+00  0.0000000E+00  0.0000000E+00  0.0000000E+00  1.9554852E+04  3.2358905E-04
     1.4500000E+02    133.9024932  4.6988395E+06  6.0596000E+04  4.7913703E+03  2.2449324E+03  9.8328857E+03  0.0000000E+00  4.8239945E+04  2.3417429E+01  0.0000000E+00  0.0000000E+00  0.0000000E+00  0.0000000E+00  0.0000000E+00  1.9906129E+04 -2.3612405E-04
     1.4600000E+02    134.2512540  4.7555735E+06  5.6734000E+04  2.5940730E+03  1.9976154E+03  6.7908223E+03  0.0000000E+00  4.9371742E+04  2.4777744E+01  0.0000000E+00  0.0000000E+00  0.0000000E+00  0.0000000E+00  0.0000000E+00  2.0252236E+04  4.1218748E-04
     1.4700000E+02    134.5728005  4.8084800E+06  5.2906500E+04  7.4743715E+02  2.1089558E+03  3.9546475E+03  0.0000000E+00  5.0339523E+04  2.5996418E+01  0.0000000E+00  0.0000000E+00  0.0000000E+00  0.0000000E+00  0.0000000E+00  2.0539479E+04  2.8387614E-04
     1.4800000E+02    134.8992380  4.8627155E+06  5.4235500E+04  1.1500166E+03  2.2771800E+03  4.4783877E+03  0.0000000E+00  5.0911328E+04  2.7257700E+01  0.0000000E+00  0.0000000E+00  0.0000000E+00  0.0000000E+00  0.0000000E+00  2.0708607E+04 -3.5926062E-04
     1.4900000E+02    135.2090133  4.9141825E+06  5.1467000E+04  0.0000000E+00  1.9259525E+03  2.4003960E+03  0.0000000E+00  5.1021363E+04  2.8450489E+01  0.0000000E+00  0.0000000E+00  0.0000000E+00  0.0000000E+00  0.0000000E+00  2.0746895E+04  6.6540070E-04
     1.5000000E+02    135.5130992  4.9647040E+06  5.0521500E+04  0.0000000E+00  2.0212894E+03  1.8997999E+03  0.0000000E+00  5.0672852E+04  2.9620947E+01  0.0000000E+00  0.0000000E+00  0.0000000E+00  0.0000000E+00  0.0000000E+00  2.0658977E+04  4.6067202E-04
     1.5100000E+02    135.8129796  5.0154905E+06  5.0786500E+04  7.3369558E+02  2.2455996E+03  2.2953040E+03  0.0000000E+00  5.0034355E+04  3.1166630E+01  0.0000000E+00  0.0000000E+00  0.0000000E+00  0.0000000E+00  0.0000000E+00  2.0488877E+04  1.6931411E-04
     1.5200000E+02    136.1370487  5.0704490E+06  5.4958500E+04  2.5365496E+03  2.1576079E+03  5.0700684E+03  0.0000000E+00  4.9544250E+04  3.4899883E+01  0.0000000E+00  0.0000000E+00  0.0000000E+00  0.0000000E+00  0.0000000E+00  2.0352873E+04 -2.4605927E-04
     1.5300000E+02    136.5518327  5.1407915E+06  7.0342500E+04  7.0684983E+03  2.4328319E+03  1.5846052E+04  0.0000000E+00  4.9900445E+04  3.9600124E+01  0.0000000E+00  0.0000000E+00  0.0000000E+00  0.0000000E+00  0.0000000E+00  2.0428752E+04  8.5833970E-05
     1.5400000E+02    137.3391037  5.2766660E+06  1.3587450E+05  2.2182964E+04  1.4051329E+03  6.3896141E+04  0.0000000E+00  5.1248887E+04  4.8255302E+01  0.0000000E+00  0.0000000E+00  0.0000000E+00  0.0000000E+00  0.0000000E+00  2.0762395E+04  7.9645084E-05
     1.5500000E+02    137.6712101  5.3341545E+06  5.7488500E+04  1.5758942E+03  1.0626428E+03  3.6916199E+03  0.0000000E+00  5.3335840E+04  5.2473267E+01  0.0000000E+00  0.0000000E+00  0.0000000E+00  0.0000000E+00  0.0000000E+00  2.1276436E+04 -4.4659345E-04
     1.5600000E+02    137.9895520  5.3899150E+06  5.5760500E+04  0.0000000E+00  2.0260462E+03  2.4424670E+03  0.0000000E+00  5.5400059E+04  5.5929020E+01  0.0000000E+00  0.0000000E+00  0.0000000E+00  0.0000000E+00  0.0000000E+00  2.1968291E+04  8.7792236E-05
     1.5700000E+02    138.3159500  5.4475430E+06  5.7628000E+04  0.0000000E+00  1.8782193E+03  2.0055303E+03  0.0000000E+00  5.7560230E+04  5.9632248E+01  0.0000000E+00  0.0000000E+00  0.0000000E+00  0.0000000E+00  0.0000000E+00  2.2762723E+04 -1.5083120E-04
     1.5800000E+02    138.6509152  5.5066835E+06  5.9140500E+04  0.0000000E+00  2.2546421E+03  1.6804104E+03  0.0000000E+00  5.9778195E+04  6.3447556E+01  0.0000000E+00  0.0000000E+00  0.0000000E+00  0.0000000E+00  0.0000000E+00  2.3549645E+04  2.5423617E-05
     1.5900000E+02    138.9942162  5.5675225E+06  6.0839000E+04  0.0000000E+00  2.1875766E+03  1.4295785E+03  0.0000000E+00  6.1664359E+04  6.7378975E+01  0.0000000E+00  0.0000000E+00  0.0000000E+00  0.0000000E+00  0.0000000E+00  2.4183158E+04 -3.0955827E-05
     1.6000000E+02    139.3406177  5.6299720E+06  6.2449500E+04  0.0000000E+00  1.7217629E+03  1.2435786E+03  0.0000000E+00  6.2998887E+04  7.1291733E+01  0.0000000E+00  0.0000000E+00  0.0000000E+00  0.0000000E+00  0.0000000E+00  2.4604426E+04 -1.3985104E-04
     1.6100000E+02    139.6893181  5.6928355E+06  6.2863500E+04  0.0000000E+00  1.8891444E+03  1.0996560E+03  0.0000000E+00  6.3728660E+04  7.5274246E+01  0.0000000E+00  0.0000000E+00  0.0000000E+00  0.0000000E+00  0.0000000E+00  2.4817809E+04  6.1460410E-04
     1.6200000E+02    140.0364353  5.7554140E+06  6.2578500E+04  0.0000000E+00  2.2103258E+03  9.7707068E+02  0.0000000E+00  6.3890934E+04  7.9234032E+01  0.0000000E+00  0.0000000E+00  0.0000000E+00  0.0000000E+00  0.0000000E+00  2.4849117E+04 -8.4305815E-05
     1.6300000E+02    140.3718078  5.8169950E+06  6.1581000E+04  0.0000000E+00  2.7994602E+03  8.7262939E+02  0.0000000E+00  6.3590832E+04  8.3049576E+01  0.0000000E+00  0.0000000E+00  0.0000000E+00  0.0000000E+00  0.0000000E+00  2.4735580E+04 -7.2715615E-05
     1.6400000E+02    140.7008912  5.8775300E+06  6.0535000E+04  0.0000000E+00  3.0988849E+03  7.8301440E+02  0.0000000E+00  6.2937660E+04  8.6765305E+01  0.0000000E+00  0.0000000E+00  0.0000000E+00  0.0000000E+00  0.0000000E+00  2.4511148E+04  4.2911895E-05
     1.6500000E+02    141.0262715  5.9373840E+06  5.9854000E+04  0.0000000E+00  2.8020006E+03  7.0580817E+02  0.0000000E+00  6.2039816E+04  8.9775101E+01  0.0000000E+00  0.0000000E+00  0.0000000E+00  0.0000000E+00  0.0000000E+00  2.4206430E+04 -2.4279581E-04
     1.6600000E+02    141.3397745  5.9955470E+06  5.8163000E+04  0.0000000E+00  3.3000190E+03  6.3960168E+02  0.0000000E+00  6.0917625E+04  9.3966835E+01  0.0000000E+00  0.0000000E+00  0.0000000E+00  0.0000000E+00  0.0000000E+00  2.3829883E+04  3.9343472E-04
     1.6700000E+02    141.6426459  6.0523315E+06  5.6784500E+04  0.0000000E+00  3.2500015E+03  5.8201282E+02  0.0000000E+00  5.9549578E+04  9.7371651E+01  0.0000000E+00  0.0000000E+00  0.0000000E+00  0.0000000E+00  0.0000000E+00  2.3372971E+04 -4.6772420E-04
     1.6800000E+02    141.9371829  6.1075530E+06  5.5221500E+04  0.0000000E+00  3.2129420E+03  5.3166345E+02  0.0000000E+00  5.8003598E+04  1.0067603E+02  0.0000000E+00  0.0000000E+00  0.0000000E+00  0.0000000E+00  0.0000000E+00  2.2853439E+04  2.4691314E-04
     1.6900000E+02    142.2190495  6.1603990E+06  5.2846000E+04  0.0000000E+00  3.5568726E+03  4.8742291E+02  0.0000000E+00  5.6019418E+04  1.0383652E+02  0.0000000E+00  0.0000000E+00  0.0000000E+00  0.0000000E+00  0.0000000E+00  2.2205186E+04  2.3503792E-04
     1.7000000E+02    142.4845044  6.2107070E+06  5.0308000E+04  0.0000000E+00  3.7831878E+03  4.4836295E+02  0.0000000E+00  5.3749516E+04  1.0681034E+02  0.0000000E+00  0.0000000E+00  0.0000000E+00  0.0000000E+00  0.0000000E+00  2.1478344E+04 -2.1622157E-04
     1.7100000E+02    142.7345620  6.2584805E+06  4.7773500E+04  0.0000000E+00  3.6270630E+03  4.1371887E+02  0.0000000E+00  5.1096457E+04  1.0960553E+02  0.0000000E+00  0.0000000E+00  0.0000000E+00  0.0000000E+00  0.0000000E+00  2.0809945E+04  1.5166906E-05
     1.7200000E+02    143.1031755  6.3289040E+06  7.0423500E+04  9.3661067E+03  2.8999866E+03  1.4490457E+04  0.0000000E+00  4.9580652E+04  1.1364029E+02  0.0000000E+00  0.0000000E+00  0.0000000E+00  0.0000000E+00  0.0000000E+00  2.0403893E+04  1.2766007E-04
     1.7300000E+02    143.3509072  6.3762335E+06  4.7329500E+04  0.0000000E+00  2.3184668E+03  1.5928831E+03  0.0000000E+00  4.8171250E+04  1.1651870E+02  0.0000000E+00  0.0000000E+00  0.0000000E+00  0.0000000E+00  0.0000000E+00  2.0017225E+04 -7.0645759E-04
     1.7400000E+02    143.5856344  6.4215025E+06  4.5269000E+04  0.0000000E+00  2.5862431E+03  1.3096785E+03  0.0000000E+00  4.6667754E+04  1.1908413E+02  3.1257224E+00  0.0000000E+00  0.0000000E+00  0.0000000E+00  0.0000000E+00  1.9591564E+04 -4.0709241E-05
     1.7500000E+02    143.8040193  6.4640035E+06  4.2501000E+04  0.0000000E+00  3.2654302E+03  1.1073860E+03  0.0000000E+00  4.5081250E+04  1.2150991E+02  3.0033163E+02  0.0000000E+00  0.0000000E+00  0.0000000E+00  0.0000000E+00  1.9126346E+04  7.8651652E-04
     1.7600000E+02    144.0097315  6.5040390E+06  4.0035500E+04  0.0000000E+00  3.6261203E+03  9.5520697E+02  0.0000000E+00  4.3467535E+04  1.2378896E+02  6.3776873E+02  0.0000000E+00  0.0000000E+00  0.0000000E+00  0.0000000E+00  1.8635340E+04 -9.8485593E-04
     1.7700000E+02    144.2027983  6.5416130E+06  3.7574000E+04  0.0000000E+00  4.0297659E+03  8.3625635E+02  0.0000000E+00  4.1844246E+04  1.2592786E+02  9.5074519E+02  0.0000000E+00  0.0000000E+00  0.0000000E+00  0.0000000E+00  1.8118227E+04  1.5558919E-04
     1.7800000E+02    144.3850549  6.5770830E+06  3.5470000E+04  0.0000000E+00  4.0963434E+03  7.4055676E+02  0.0000000E+00  4.0199773E+04  1.2794425E+02  1.2458367E+03  0.0000000E+00  0.0000000E+00  0.0000000E+00  0.0000000E+00  1.7571334E+04  5.0569023E-04
     1.7900000E+02    144.5534129  6.6098485E+06  3.2765500E+04  0.0000000E+00  4.5365103E+03  6.6182874E+02  0.0000000E+00  3.8289559E+04  1.2990358E+02  1.5196771E+03  0.0000000E+00  0.0000000E+00  0.0000000E+00  0.0000000E+00  1.7066434E+04 -5.2649761E-04
     1.8000000E+02    144.7131566  6.6413430E+06  3.1494500E+04  0.0000000E+00  3.8615028E+03  5.9591803E+02  0.0000000E+00  3.6669676E+04  1.3157072E+02  1.7780426E+03  0.0000000E+00  0.0000000E+00  0.0000000E+00  0.0000000E+00  1.6607139E+04 -6.2893138E-05
     1.8100000E+02    144.8660239  6.6716415E+06  3.0298500E+04  0.0000000E+00  3.2944590E+03  5.3995294E+02  0.0000000E+00  3.5211199E+04  1.3325754E+02  2.0248488E+03  0.0000000E+00  0.0000000E+00  0.0000000E+00  0.0000000E+00  1.6173777E+04  2.4037687E-04
     1.8200000E+02    145.0070294  6.6995890E+06  2.7947500E+04  0.0000000E+00  4.0217252E+03  4.9187955E+02  0.0000000E+00  3.3866477E+04  1.3481693E+02  2.2542702E+03  0.0000000E+00  0.0000000E+00  0.0000000E+00  0.0000000E+00  1.5759564E+04  1.2506056E-04
     1.8300000E+02    145.1399825  6.7259405E+06  2.6351500E+04  0.0000000E+00  4.1087389E+03  4.5018225E+02  0.0000000E+00  3.2615992E+04  1.3628232E+02  2.4695879E+03  0.0000000E+00  0.0000000E+00  0.0000000E+00  0.0000000E+00  1.5361838E+04  2.0082833E-04
     1.8400000E+02    145.2693963  6.7515905E+06  2.5650000E+04  0.0000000E+00  3.3969603E+03  4.1371600E+02  0.0000000E+00  3.1448895E+04  1.3780688E+02  2.6777978E+03  0.0000000E+00  0.0000000E+00  0.0000000E+00  0.0000000E+00  1.4979134E+04  1.4711601E-04
     1.8500000E+02    145.3937414  6.7762360E+06  2.4645500E+04  0.0000000E+00  3.0762670E+03  3.8159625E+02  0.0000000E+00  3.0357371E+04  1.3889267E+02  2.8783866E+03  0.0000000E+00  0.0000000E+00  0.0000000E+00  0.0000000E+00  1.4610286E+04 -2.6051013E-04
     1.8600000E+02    145.5111701  6.7995105E+06  2.3274500E+04  0.0000000E+00  3.2084049E+03  3.5312741E+02  0.0000000E+00  2.9338785E+04  1.4041316E+02  3.0684998E+03  0.0000000E+00  0.0000000E+00  0.0000000E+00  0.0000000E+00  1.4255826E+04  3.1574254E-04
     1.8700000E+02    145.6190899  6.8209005E+06  2.1390000E+04  0.0000000E+00  3.9387666E+03  3.2775470E+02  0.0000000E+00  2.8386703E+04  1.4156485E+02  3.2442272E+03  0.0000000E+00  0.0000000E+00  0.0000000E+00  0.0000000E+00  1.3914500E+04 -3.5369815E-04
     1.8800000E+02    145.7176677  6.8404390E+06  1.9538500E+04  0.0000000E+00  4.7136804E+03  3.0502933E+02  0.0000000E+00  2.7494561E+04  1.4265215E+02  3.4049530E+03  0.0000000E+00  0.0000000E+00  0.0000000E+00  0.0000000E+00  1.3584812E+04 -7.0257334E-04
     1.8900000E+02    145.8185570  6.8607395E+06  2.0300500E+04  1.0608047E+03  4.5949711E+03  8.7683240E+02  0.0000000E+00  2.6667264E+04  1.4375687E+02  3.5656479E+03  0.0000000E+00  0.0000000E+00  0.0000000E+00  0.0000000E+00  1.3268721E+04  8.1935264E-05
     1.9000000E+02    145.9110023  6.8793920E+06  1.8652500E+04  0.0000000E+00  3.8610452E+03  4.8246860E+02  0.0000000E+00  2.5892311E+04  1.4477965E+02  3.7162736E+03  0.0000000E+00  0.0000000E+00  0.0000000E+00  0.0000000E+00  1.2963263E+04  6.8128534E-04
     1.9100000E+02    146.0333393  6.9040760E+06  2.4684000E+04  2.5171981E+03  1.4832080E+03  2.5018474E+03  0.0000000E+00  2.5196512E+04  1.4596539E+02  3.9024611E+03  0.0000000E+00  0.0000000E+00  0.0000000E+00  0.0000000E+00  1.2677191E+04 -2.5855887E-04
     1.9200000E+02    146.1214241  6.9218485E+06  1.7772500E+04  0.0000000E+00  3.5304129E+03  9.5517810E+02  0.0000000E+00  2.4549576E+04  1.4710939E+02  4.0543686E+03  0.0000000E+00  0.0000000E+00  0.0000000E+00  0.0000000E+00  1.2402459E+04  1.4243668E-03
     1.9300000E+02    146.2026706  6.9382420E+06  1.6393500E+04  0.0000000E+00  3.9989986E+03  7.8565686E+02  0.0000000E+00  2.3940998E+04  1.4799088E+02  4.1865611E+03  0.0000000E+00  0.0000000E+00  0.0000000E+00  0.0000000E+00  1.2136039E+04 -1.6034696E-03
     1.9400000E+02    146.2775365  6.9533475E+06  1.5105500E+04  0.0000000E+00  4.4386270E+03  6.6431250E+02  0.0000000E+00  2.3337209E+04  1.4881190E+02  4.3083973E+03  0.0000000E+00  0.0000000E+00  0.0000000E+00  0.0000000E+00  1.1868843E+04  7.7306299E-04
     1.9500000E+02    146.3519565  6.9683630E+06  1.5015500E+04  0.0000000E+00  3.7383792E+03  5.7353821E+02  0.0000000E+00  2.2757775E+04  1.4959956E+02  4.4276207E+03  0.0000000E+00  0.0000000E+00  0.0000000E+00  0.0000000E+00  1.1604582E+04  9.2083862E-04
     1.9600000E+02    146.4334321  6.9848025E+06  1.6439500E+04  4.4617174E+02  2.2743476E+03  7.2753668E+02  0.0000000E+00  2.2199400E+04  1.5034259E+02  4.5557333E+03  0.0000000E+00  0.0000000E+00  0.0000000E+00  0.0000000E+00  1.1338428E+04 -2.0029193E-01
     1.9700000E+02    146.5024092  6.9987200E+06  1.3917500E+04  0.0000000E+00  3.4849011E+03  5.4096521E+02  0.0000000E+00  2.1682799E+04  1.5125645E+02  4.6701045E+03  0.0000000E+00  0.0000000E+00  0.0000000E+00  0.0000000E+00  1.1084492E+04  8.7884528E-06
     1.9800000E+02    146.5680033  7.0119550E+06  1.3235000E+04  0.0000000E+00  3.5102151E+03  4.7672748E+02  0.0000000E+00  2.1196543E+04  1.5199574E+02  4.7761455E+03  0.0000000E+00  0.0000000E+00  0.0000000E+00  0.0000000E+00  1.0833238E+04 -4.0101961E-04
     1.9900000E+02    146.6249962  7.0234545E+06  1.1499500E+04  0.0000000E+00  4.6383191E+03  4.2512375E+02  0.0000000E+00  2.0735354E+04  1.5262534E+02  4.8700933E+03  0.0000000E+00  0.0000000E+00  0.0000000E+00  0.0000000E+00  1.0584073E+04 -2.8613189E-04
     2.0000000E+02    146.6758597  7.0337170E+06  1.0262500E+04  0.0000000E+00  5.3212379E+03  3.8276340E+02  0.0000000E+00  2.0317740E+04  1.6309631E+02  4.9534425E+03  0.0000000E+00  0.0000000E+00  0.0000000E+00  0.0000000E+00  1.0349534E+04  1.0991958E-03
     2.0100000E+02    146.7213381  7.0428935E+06  9.1765000E+03  0.0000000E+00  5.8950025E+03  3.4736005E+02  0.0000000E+00  1.9905439E+04  1.5369016E+02  5.0279366E+03  0.0000000E+00  0.0000000E+00  0.0000000E+00  0.0000000E+00  1.0103214E+04 -1.6297902E-03
     2.0200000E+02    146.7602488  7.0507445E+06  7.8510000E+03  0.0000000E+00  6.7320052E+03  3.1732043E+02  0.0000000E+00  1.9512111E+04  1.5412029E+02  5.0923001E+03  0.0000000E+00  0.0000000E+00  0.0000000E+00  0.0000000E+00  9.8554619E+03  2.9548881E-05
     2.0300000E+02    146.7962080  7.0580000E+06  7.2555000E+03  0.0000000E+00  6.8705986E+03  2.9150299E+02  0.0000000E+00  1.9140982E+04  1.5562497E+02  5.1507836E+03  0.0000000E+00  0.0000000E+00  0.0000000E+00  0.0000000E+00  9.6228975E+03 -1.1055906E-04
     2.0400000E+02    146.8327118  7.0653650E+06  7.3650000E+03  0.0000000E+00  6.3056692E+03  2.6906982E+02  0.0000000E+00  1.8765840E+04  1.5483694E+02  5.2090198E+03  0.0000000E+00  0.0000000E+00  0.0000000E+00  0.0000000E+00  9.5027100E+03  2.0162379E-03
     2.0500000E+02    146.8709701  7.0731000E+06  7.7350000E+03  0.0000000E+00  5.4765355E+03  2.4939262E+02  0.0000000E+00  1.8386994E+04  1.5521336E+02  5.2696760E+03  0.0000000E+00  0.0000000E+00  0.0000000E+00  0.0000000E+00  9.3812197E+03 -2.0436331E-04
     2.0600000E+02    146.9151466  7.0821740E+06  9.0740000E+03  0.0000000E+00  3.6683571E+03  2.3199124E+02  0.0000000E+00  1.8004285E+04  1.5568506E+02  5.3384697E+03  0.0000000E+00  0.0000000E+00  0.0000000E+00  0.0000000E+00  9.2572412E+03 -1.2852129E-03
     2.0700000E+02    146.9540816  7.0901710E+06  7.9970000E+03  0.0000000E+00  4.2933830E+03  2.1649236E+02  0.0000000E+00  1.7632621E+04  1.5612364E+02  5.4024477E+03  0.0000000E+00  0.0000000E+00  0.0000000E+00  0.0000000E+00  9.1363291E+03  8.9180726E-04
     2.0800000E+02    146.9893951  7.0974245E+06  7.2535000E+03  0.0000000E+00  4.6042582E+03  2.0260121E+02  0.0000000E+00  1.7271617E+04  1.5653026E+02  5.4601124E+03  0.0000000E+00  0.0000000E+00  0.0000000E+00  0.0000000E+00  9.0167764E+03 -1.0394778E-03
     2.0900000E+02    147.0250220  7.1047420E+06  7.3175000E+03  0.0000000E+00  4.1301578E+03  1.9008220E+02  0.0000000E+00  1.6921771E+04  1.5690733E+02  5.5170194E+03  0.0000000E+00  0.0000000E+00  0.0000000E+00  0.0000000E+00  8.8992764E+03 -5.6863908E-02
     2.1000000E+02    147.0598807  7.1119020E+06  7.1600000E+03  0.0000000E+00  3.8738305E+03  1.7874431E+02  0.0000000E+00  1.6585293E+04  1.5729074E+02  5.5730431E+03  0.0000000E+00  0.0000000E+00  0.0000000E+00  0.0000000E+00  8.7849883E+03 -7.5729447E-04
     2.1100000E+02    147.0934959  7.1188065E+06  6.9045000E+03  0.0000000E+00  3.7447926E+03  1.6843103E+02  0.0000000E+00  1.6265797E+04  1.5772093E+02  5.6272293E+03  0.0000000E+00  0.0000000E+00  0.0000000E+00  0.0000000E+00  8.6757275E+03 -8.9133711E-05
     2.1200000E+02    147.1196273  7.1241735E+06  5.3670000E+03  0.0000000E+00  4.9314812E+03  1.5901271E+02  0.0000000E+00  1.5974426E+04  1.6318500E+02  5.6714376E+03  0.0000000E+00  0.0000000E+00  0.0000000E+00  0.0000000E+00  8.5752773E+03  2.0761907E-03
     2.1300000E+02    147.2064525  7.1420075E+06  1.7834000E+04  5.6854888E+03  3.6000505E+03  5.9332866E+03  0.0000000E+00  1.5764874E+04  1.5895685E+02  5.7909447E+03  0.0000000E+00  0.0000000E+00  0.0000000E+00  0.0000000E+00  8.5004951E+03 -1.1126621E-03
     2.1400000E+02    147.2605302  7.1531150E+06  1.1107500E+04  1.5401807E+03  2.5426959E+03  2.5660693E+03  0.0000000E+00  1.5591294E+04  1.5945604E+02  5.8879554E+03  0.0000000E+00  0.0000000E+00  0.0000000E+00  0.0000000E+00  8.4381152E+03 -3.2721405E-04
     2.1500000E+02    147.3524638  7.1719980E+06  1.8883000E+04  2.1848609E+03  1.9595099E+03  3.5056619E+03  0.0000000E+00  1.5453202E+04  3.0058545E+02  6.7389745E-01  0.0000000E+00  0.0000000E+00  0.0000000E+00  0.0000000E+00  8.3887715E+03 -2.1245961E-04
     2.1600000E+02    147.4152613  7.1848965E+06  1.2898500E+04  2.1465001E+02  4.2692961E+03  1.7941978E+03  0.0000000E+00  1.5320956E+04  1.6136670E+02  6.8634566E-01  0.0000000E+00  0.0000000E+00  0.0000000E+00  0.0000000E+00  8.3417725E+03 -2.5921743E-04
     2.1700000E+02    147.4739526  7.1969515E+06  1.2055000E+04  0.0000000E+00  4.2054258E+03  1.2416816E+03  0.0000000E+00  1.5181412E+04  1.6191566E+02  6.9714096E-01  0.0000000E+00  0.0000000E+00  0.0000000E+00  0.0000000E+00  8.2925010E+03  3.3299148E-04
     2.1800000E+02    147.5309025  7.2086485E+06  1.1697000E+04  0.0000000E+00  4.1622107E+03  9.9035095E+02  0.0000000E+00  1.5032487E+04  1.6253215E+02  7.0753460E-01  0.0000000E+00  0.0000000E+00  0.0000000E+00  0.0000000E+00  8.2399033E+03  2.4196419E-03
     2.1900000E+02    147.5871359  7.2201990E+06  1.1550500E+04  0.0000000E+00  3.9823373E+03  8.1867920E+02  0.0000000E+00  1.4877725E+04  1.6314021E+02  7.1776107E-01  0.0000000E+00  0.0000000E+00  0.0000000E+00  0.0000000E+00  8.1852520E+03 -1.8540273E-03
     2.2000000E+02    147.6406540  7.2311915E+06  1.0992500E+04  0.0000000E+00  4.2569842E+03  6.9476050E+02  0.0000000E+00  1.4719166E+04  1.6371837E+02  7.2756752E-01  0.0000000E+00  0.0000000E+00  0.0000000E+00  0.0000000E+00  8.1290571E+03 -2.5342342E-05
     2.2100000E+02    147.6922469  7.2417885E+06  1.0597000E+04  0.0000000E+00  4.3965011E+03  6.0137256E+02  0.0000000E+00  1.4557197E+04  1.6427298E+02  7.3699608E-01  0.0000000E+00  0.0000000E+00  0.0000000E+00  0.0000000E+00  8.0712520E+03  3.9298108E-04
     2.2200000E+02    147.7396476  7.2515245E+06  9.7360000E+03  0.0000000E+00  5.0190308E+03  5.2854120E+02  0.0000000E+00  1.4392057E+04  1.6478157E+02  7.4574644E-01  0.0000000E+00  0.0000000E+00  0.0000000E+00  0.0000000E+00  8.0117080E+03  2.6180252E-04
     2.2300000E+02    147.7904552  7.2619600E+06  1.0435500E+04  0.0000000E+00  4.0925466E+03  4.7015445E+02  0.0000000E+00  1.4224240E+04  1.6532300E+02  7.5483911E-01  0.0000000E+00  0.0000000E+00  0.0000000E+00  0.0000000E+00  7.9506289E+03  1.8342454E-03
     2.2400000E+02    147.8407758  7.2722960E+06  1.0336000E+04  0.0000000E+00  3.9743316E+03  4.2228555E+02  0.0000000E+00  1.4054391E+04  1.6583882E+02  7.6398471E-01  0.0000000E+00  0.0000000E+00  0.0000000E+00  0.0000000E+00  7.8881812E+03 -1.7876277E-03
     2.2500000E+02    147.8889572  7.2821925E+06  9.8965000E+03  0.0000000E+00  4.2022388E+03  3.8230960E+02  0.0000000E+00  1.3883412E+04  1.6636633E+02  7.7280220E-01  0.0000000E+00  0.0000000E+00  0.0000000E+00  0.0000000E+00  7.8246675E+03 -1.0952828E-03
     2.2600000E+02    147.9362119  7.2918985E+06  9.7060000E+03  0.0000000E+00  4.1870317E+03  3.4841031E+02  0.0000000E+00  1.3712294E+04  1.6688199E+02  7.8140761E-01  0.0000000E+00  0.0000000E+00  0.0000000E+00  0.0000000E+00  7.7605098E+03  6.9453316E-05
     2.2700000E+02    147.9790206  7.3006910E+06  8.7925000E+03  0.0000000E+00  4.9003263E+03  3.1929276E+02  0.0000000E+00  1.3541956E+04  1.6733772E+02  7.8933420E-01  0.0000000E+00  0.0000000E+00  0.0000000E+00  0.0000000E+00  7.6960557E+03  2.1276716E-03
     2.2800000E+02    148.0148680  7.3081135E+06  7.4225000E+03  0.0000000E+00  6.0762005E+03  2.9400967E+02  0.0000000E+00  1.3372929E+04  1.6773901E+02  7.9608930E-01  0.0000000E+00  0.0000000E+00  0.0000000E+00  0.0000000E+00  7.6315020E+03 -2.1722128E-03
     2.2900000E+02    148.0476076  7.3149685E+06  6.8550000E+03  0.0000000E+00  6.4539104E+03  2.7185193E+02  0.0000000E+00  1.3205982E+04  1.6805884E+02  8.0214087E-01  0.0000000E+00  0.0000000E+00  0.0000000E+00  0.0000000E+00  7.5671333E+03  4.6010152E-04
     2.3000000E+02    148.0836170  7.3225080E+06  7.5395000E+03  0.0000000E+00  5.5841762E+03  2.5227744E+02  0.0000000E+00  1.3040856E+04  1.6844193E+02  8.0855419E-01  0.0000000E+00  0.0000000E+00  0.0000000E+00  0.0000000E+00  7.5030190E+03  1.5574300E-03
     2.3100000E+02    148.1260328  7.3313890E+06  8.8810000E+03  0.0000000E+00  4.0620241E+03  2.3486467E+02  0.0000000E+00  1.2878061E+04  1.6900854E+02  8.1601581E-01  0.0000000E+00  0.0000000E+00  0.0000000E+00  0.0000000E+00  7.4393828E+03  5.8089156E-04
     2.3200000E+02    148.1675006  7.3400715E+06  8.6825000E+03  0.0000000E+00  4.0846271E+03  2.1928056E+02  0.0000000E+00  1.2718365E+04  1.6962814E+02  8.2357226E-01  0.0000000E+00  0.0000000E+00  0.0000000E+00  0.0000000E+00  7.3765254E+03  5.1327923E-04
     2.3300000E+02    148.2053651  7.3480000E+06  7.9285000E+03  0.0000000E+00  4.6682937E+03  2.0525801E+02  0.0000000E+00  1.2562186E+04  1.7019693E+02  8.3057143E-01  0.0000000E+00  0.0000000E+00  0.0000000E+00  0.0000000E+00  7.3145776E+03 -2.9601047E-03
     2.3400000E+02    148.2434984  7.3559845E+06  7.9845000E+03  0.0000000E+00  4.4461966E+03  1.9258022E+02  0.0000000E+00  1.2409606E+04  1.7075775E+02  8.3747888E-01  0.0000000E+00  0.0000000E+00  0.0000000E+00  0.0000000E+00  7.2536318E+03 -8.3690835E-04
     2.3500000E+02    148.2841682  7.3645000E+06  8.5155000E+03  0.0000000E+00  3.7541838E+03  1.8106911E+02  0.0000000E+00  1.2260740E+04  1.7128571E+02  8.4476418E-01  0.0000000E+00  0.0000000E+00  0.0000000E+00  0.0000000E+00  7.1936748E+03 -3.9245195E-05
     2.3600000E+02    148.3266341  7.3733915E+06  8.8915000E+03  0.0000000E+00  3.2215562E+03  1.7057718E+02  0.0000000E+00  1.2115308E+04  1.7190256E+02  8.5240214E-01  0.0000000E+00  0.0000000E+00  0.0000000E+00  0.0000000E+00  7.1349814E+03  6.0409773E-04
     2.3700000E+02    148.3629862  7.3810030E+06  7.6115000E+03  0.0000000E+00  4.3504977E+03  1.6098093E+02  0.0000000E+00  1.1974354E+04  1.7252983E+02  8.5921805E-01  0.0000000E+00  0.0000000E+00  0.0000000E+00  0.0000000E+00  7.0776274E+03 -4.3455232E-04
     2.3800000E+02    148.3926960  7.3872235E+06  6.2205000E+03  0.0000000E+00  5.5951568E+03  1.5217609E+02  0.0000000E+00  1.1837422E+04  1.7290005E+02  8.6484824E-01  0.0000000E+00  0.0000000E+00  0.0000000E+00  0.0000000E+00  7.0211484E+03  1.4701872E-03
     2.3900000E+02    148.4217850  7.3933140E+06  6.0905000E+03  0.0000000E+00  5.5826407E+03  1.4407387E+02  0.0000000E+00  1.1703467E+04  1.7332304E+02  8.7014739E-01  0.0000000E+00  0.0000000E+00  0.0000000E+00  0.0000000E+00  6.9658657E+03  1.7474617E-03
     2.4000000E+02    148.4521490  7.3996720E+06  6.3580000E+03  0.0000000E+00  5.1776334E+03  1.3659827E+02  0.0000000E+00  1.1573384E+04  1.7383049E+02  8.7560902E-01  0.0000000E+00  0.0000000E+00  0.0000000E+00  0.0000000E+00  6.9122378E+03 -3.0481138E-03
     2.4100000E+02    148.4845097  7.4064475E+06  6.7755000E+03  0.0000000E+00  4.6261912E+03  1.2968376E+02  0.0000000E+00  1.1447353E+04  1.7422147E+02  8.8140667E-01  0.0000000E+00  0.0000000E+00  0.0000000E+00  0.0000000E+00  6.8595430E+03  2.0877470E-03
     2.4200000E+02    148.5187666  7.4136205E+06  7.1730000E+03  0.0000000E+00  4.0991447E+03  1.2327356E+02  0.0000000E+00  1.1324213E+04  1.7471362E+02  8.8755192E-01  0.0000000E+00  0.0000000E+00  0.0000000E+00  0.0000000E+00  6.8079062E+03 -2.2691935E-03
     2.4300000E+02    148.5523038  7.4206425E+06  7.0220000E+03  0.0000000E+00  4.1234378E+03  1.1731821E+02  0.0000000E+00  1.1204286E+04  1.7520271E+02  8.9366152E-01  0.0000000E+00  0.0000000E+00  0.0000000E+00  0.0000000E+00  6.7573242E+03  6.2104710E-04
     2.4400000E+02    148.5847498  7.4274360E+06  6.7935000E+03  0.0000000E+00  4.2141216E+03  1.1177438E+02  0.0000000E+00  1.1108853E+04  2.1202231E+02  8.9958667E-01  0.0000000E+00  0.0000000E+00  0.0000000E+00  0.0000000E+00  6.7178931E+03  7.4413040E-04
     2.4500000E+02    148.6155844  7.4338920E+06  6.4560000E+03  0.0000000E+00  4.4723844E+03  1.0660403E+02  0.0000000E+00  1.0999000E+04  1.7613121E+02  9.0523838E-01  0.0000000E+00  0.0000000E+00  0.0000000E+00  0.0000000E+00  6.6703691E+03  1.6531630E-03
     2.4600000E+02    148.6452141  7.4400960E+06  6.2040000E+03  0.0000000E+00  4.6098705E+03  1.0177351E+02  0.0000000E+00  1.0889491E+04  1.7656226E+02  9.1065679E-01  0.0000000E+00  0.0000000E+00  0.0000000E+00  0.0000000E+00  6.6231411E+03 -7.1523420E-04
     2.4700000E+02    148.6760048  7.4465430E+06  6.4470000E+03  0.0000000E+00  4.2540258E+03  9.7253090E+01  0.0000000E+00  1.0781689E+04  1.7700330E+02  9.1619997E-01  0.0000000E+00  0.0000000E+00  0.0000000E+00  0.0000000E+00  6.5767578E+03 -2.6929893E-05
     2.4800000E+02    148.7067537  7.4529815E+06  6.4385000E+03  0.0000000E+00  4.1528245E+03  9.3046219E+01  0.0000000E+00  1.0676395E+04  1.7744675E+02  9.2177919E-01  0.0000000E+00  0.0000000E+00  0.0000000E+00  0.0000000E+00  6.5314888E+03 -2.3485871E-03
     2.4900000E+02    148.7362462  7.4591565E+06  6.1750000E+03  0.0000000E+00  4.3093768E+03  8.9097664E+01  0.0000000E+00  1.0574256E+04  1.7787436E+02  9.2717458E-01  0.0000000E+00  0.0000000E+00  0.0000000E+00  0.0000000E+00  6.4869980E+03  1.6393032E-03
     2.5000000E+02    148.7645963  7.4650925E+06  5.9360000E+03  0.0000000E+00  4.4445708E+03  8.5386398E+01  0.0000000E+00  1.0474376E+04  1.7828424E+02  9.3235860E-01  0.0000000E+00  0.0000000E+00  0.0000000E+00  0.0000000E+00  6.4434009E+03 -2.3119897E-04
     2.5100000E+02    148.7934820  7.4711405E+06  6.0480000E+03  0.0000000E+00  4.2196366E+03  8.1893532E+01  0.0000000E+00  1.0377510E+04  1.7869695E+02  9.3757890E-01  0.0000000E+00  0.0000000E+00  0.0000000E+00  0.0000000E+00  6.3999761E+03  1.1599442E-01
     2.5200000E+02    148.8210752  7.4769180E+06  5.7775000E+03  0.0000000E+00  4.4021982E+03  7.8629997E+01  0.0000000E+00  1.0281107E+04  1.7909605E+02  9.4263107E-01  0.0000000E+00  0.0000000E+00  0.0000000E+00  0.0000000E+00  6.3582168E+03  0.0000000E+00
     2.5300000E+02    148.8527017  7.4835400E+06  6.6220000E+03  2.2768360E+02  3.7917541E+03  1.7744980E+02  0.0000000E+00  1.0189100E+04  1.7953920E+02  9.4822164E-01  0.0000000E+00  0.0000000E+00  0.0000000E+00  0.0000000E+00  6.3173975E+03 -7.8351884E-05
     2.5400000E+02    148.8798934  7.4892335E+06  5.6935000E+03  0.0000000E+00  4.3399024E+03  1.1485831E+02  0.0000000E+00  1.0099377E+04  1.7994072E+02  9.5331499E-01  0.0000000E+00  0.0000000E+00  0.0000000E+00  0.0000000E+00  6.2776040E+03 -5.9754995E-04
     2.5500000E+02    148.9063039  7.4947635E+06  5.5300000E+03  0.0000000E+00  4.4086626E+03  1.0702752E+02  0.0000000E+00  1.0012794E+04  1.8031915E+02  9.5813408E-01  0.0000000E+00  0.0000000E+00  0.0000000E+00  0.0000000E+00  6.2388062E+03 -1.1724747E-03
     2.5600000E+02    148.9319719  7.5001380E+06  5.3745000E+03  0.0000000E+00  4.4729725E+03  1.0016067E+02  0.0000000E+00  9.9290098E+03  1.8074957E+02  9.6281707E-01  0.0000000E+00  0.0000000E+00  0.0000000E+00  0.0000000E+00  6.2011616E+03 -1.4118970E-04
     2.5700000E+02    148.9574225  7.5054665E+06  5.3285000E+03  0.0000000E+00  4.4296559E+03  9.4081779E+01  0.0000000E+00  9.8492275E+03  1.8379733E+02  9.6744159E-01  0.0000000E+00  0.0000000E+00  0.0000000E+00  0.0000000E+00  6.1651704E+03  3.9137891E-03
     2.5800000E+02    148.9837940  7.5109885E+06  5.5220000E+03  0.0000000E+00  4.1560863E+03  8.8684219E+01  0.0000000E+00  9.7715234E+03  1.8145566E+02  9.7219185E-01  0.0000000E+00  0.0000000E+00  0.0000000E+00  0.0000000E+00  6.1297446E+03 -3.1049279E-03
     2.5900000E+02    149.0071111  7.5158705E+06  4.8820000E+03  0.0000000E+00  4.7151752E+03  8.3833702E+01  0.0000000E+00  9.6962529E+03  1.8177922E+02  9.7653227E-01  0.0000000E+00  0.0000000E+00  0.0000000E+00  0.0000000E+00  6.0953198E+03  1.5926415E-03
     2.6000000E+02    149.0333729  7.5213690E+06  5.4985000E+03  0.0000000E+00  4.0211780E+03  7.9447052E+01  0.0000000E+00  9.6235576E+03  1.8211876E+02  9.8118920E-01  0.0000000E+00  0.0000000E+00  0.0000000E+00  0.0000000E+00  6.0616816E+03  2.3400048E-03
     2.6100000E+02    149.0482864  7.5244920E+06  3.1230000E+03  0.0000000E+00  6.3219373E+03  7.5457504E+01  0.0000000E+00  9.5524590E+03  1.8238232E+02  9.8430615E-01  0.0000000E+00  0.0000000E+00  0.0000000E+00  0.0000000E+00  6.0292368E+03 -4.0318547E-03
     2.6200000E+02    149.0668111  7.5283705E+06  3.8785000E+03  0.0000000E+00  5.4937196E+03  7.1810890E+01  0.0000000E+00  9.4842549E+03  1.8262538E+02  9.8753544E-01  0.0000000E+00  0.0000000E+00  0.0000000E+00  0.0000000E+00  5.9976948E+03  2.4373019E-03
     2.6300000E+02    149.0910469  7.5334450E+06  5.0745000E+03  0.0000000E+00  4.2279020E+03  6.8462738E+01  0.0000000E+00  9.4179131E+03  1.8295247E+02  9.9172452E-01  0.0000000E+00  0.0000000E+00  0.0000000E+00  0.0000000E+00  5.9670210E+03  3.1397823E-04
     2.6400000E+02    149.1138954  7.5382290E+06  4.7840000E+03  0.0000000E+00  4.4481076E+03  6.5376213E+01  0.0000000E+00  9.3536133E+03  1.8325301E+02  9.9591946E-01  0.0000000E+00  0.0000000E+00  0.0000000E+00  0.0000000E+00  5.9370757E+03  2.7952176E-02
     2.6500000E+02    149.1315986  7.5419360E+06  3.7070000E+03  0.0000000E+00  5.4624349E+03  6.2520519E+01  0.0000000E+00  9.2911885E+03  1.8356425E+02  9.9931740E-01  0.0000000E+00  0.0000000E+00  0.0000000E+00  0.0000000E+00  5.9081177E+03 -3.1007919E-03
     2.6600000E+02    149.1455199  7.5448945E+06  2.9585000E+03  0.0000000E+00  6.1475605E+03  5.9894123E+01  0.0000000E+00  9.2310576E+03  1.8375269E+02  1.0019799E+00  0.0000000E+00  0.0000000E+00  0.0000000E+00  0.0000000E+00  5.8799204E+03  1.4715258E-03
     2.6700000E+02    149.1610974  7.5482120E+06  3.3175000E+03  0.0000000E+00  5.7274762E+03  5.7449432E+01  0.0000000E+00  9.1725459E+03  1.8393710E+02  1.0047455E+00  0.0000000E+00  0.0000000E+00  0.0000000E+00  0.0000000E+00  5.8524136E+03  8.3584484E-04
     2.6800000E+02    149.1799259  7.5522220E+06  4.0100000E+03  0.0000000E+00  4.9755600E+03  5.5167664E+01  0.0000000E+00  9.1155469E+03  1.8419817E+02  1.0080429E+00  0.0000000E+00  0.0000000E+00  0.0000000E+00  0.0000000E+00  5.8255884E+03 -5.5905711E-04
     2.6900000E+02    149.1950306  7.5554390E+06  3.2170000E+03  0.0000000E+00  5.7110257E+03  5.3032661E+01  0.0000000E+00  9.0603164E+03  1.8443143E+02  1.0109179E+00  0.0000000E+00  0.0000000E+00  0.0000000E+00  0.0000000E+00  5.7994614E+03 -1.3126779E-03
     2.7000000E+02    149.2037370  7.5572930E+06  1.8540000E+03  0.0000000E+00  7.0181911E+03  5.1030430E+01  0.0000000E+00  9.0069600E+03  1.8455270E+02  1.0127294E+00  0.0000000E+00  0.0000000E+00  0.0000000E+00  0.0000000E+00  5.7740103E+03  2.5821039E-03
     2.7100000E+02    149.2107800  7.5587930E+06  1.5000000E+03  0.0000000E+00  7.3185493E+03  4.9148766E+01  0.0000000E+00  8.9550684E+03  1.8463802E+02  1.0140673E+00  0.0000000E+00  0.0000000E+00  0.0000000E+00  0.0000000E+00  5.7491152E+03  1.6810700E-04
     2.7200000E+02    149.2227062  7.5613330E+06  2.5400000E+03  0.0000000E+00  6.2256910E+03  4.7377014E+01  0.0000000E+00  8.9040596E+03  1.8477565E+02  1.0160535E+00  0.0000000E+00  0.0000000E+00  0.0000000E+00  0.0000000E+00  5.7246099E+03 -5.1820418E-04
     2.7300000E+02    149.2358337  7.5641290E+06  2.7960000E+03  0.0000000E+00  5.9178884E+03  4.5705757E+01  0.0000000E+00  8.8539336E+03  1.8494447E+02  1.0183912E+00  0.0000000E+00  0.0000000E+00  0.0000000E+00  0.0000000E+00  5.7004639E+03 -2.3756668E-03
     2.7400000E+02    149.2541410  7.5680280E+06  3.8990000E+03  0.0000000E+00  4.7634187E+03  4.4126717E+01  0.0000000E+00  8.8044854E+03  1.8521097E+02  1.0215241E+00  0.0000000E+00  0.0000000E+00  0.0000000E+00  0.0000000E+00  5.6766382E+03 -4.4145339E-04
     2.7500000E+02    149.2718332  7.5717955E+06  3.7675000E+03  0.0000000E+00  4.8443686E+03  4.2632504E+01  0.0000000E+00  8.7561152E+03  1.8541560E+02  1.0247557E+00  0.0000000E+00  0.0000000E+00  0.0000000E+00  0.0000000E+00  5.6526768E+03  4.9889465E-03
     2.7600000E+02    149.2886519  7.5753775E+06  3.5820000E+03  0.0000000E+00  4.9797642E+03  4.1216545E+01  0.0000000E+00  8.7071475E+03  1.8565184E+02  1.0278382E+00  0.0000000E+00  0.0000000E+00  0.0000000E+00  0.0000000E+00  5.6294209E+03 -9.0976828E-04
     2.7700000E+02    149.3071812  7.5793240E+06  3.9465000E+03  0.0000000E+00  4.5668658E+03  3.9872952E+01  0.0000000E+00  8.6601592E+03  1.8590559E+02  1.0311373E+00  0.0000000E+00  0.0000000E+00  0.0000000E+00  0.0000000E+00  5.6064634E+03 -3.1092737E-03
     2.7800000E+02    149.3285796  7.5838810E+06  4.5570000E+03  0.0000000E+00  3.9078119E+03  3.8596443E+01  0.0000000E+00  8.6137266E+03  1.8619806E+02  1.0349148E+00  0.0000000E+00  0.0000000E+00  0.0000000E+00  0.0000000E+00  5.5839629E+03  3.2167118E-03
     2.7900000E+02    149.3481310  7.5880450E+06  4.1640000E+03  0.0000000E+00  4.2425475E+03  3.7382252E+01  0.0000000E+00  8.5693340E+03  1.8647658E+02  1.0385283E+00  0.0000000E+00  0.0000000E+00  0.0000000E+00  0.0000000E+00  5.5614219E+03  1.4701682E-01
     2.8000000E+02    149.3677425  7.5922220E+06  4.1770000E+03  0.0000000E+00  4.1955239E+03  3.6226063E+01  0.0000000E+00  8.5237979E+03  1.8675064E+02  1.0420836E+00  0.0000000E+00  0.0000000E+00  0.0000000E+00  0.0000000E+00  5.5394941E+03 -3.4225227E-03
     2.8100000E+02    149.3856800  7.5960420E+06  3.8200000E+03  0.0000000E+00  4.5066282E+03  3.5123970E+01  0.0000000E+00  8.4797500E+03  1.8700493E+02  1.0453981E+00  0.0000000E+00  0.0000000E+00  0.0000000E+00  0.0000000E+00  5.5176567E+03  2.2937802E-03
     2.8200000E+02    149.4054188  7.6002460E+06  4.2040000E+03  0.0000000E+00  4.0782884E+03  3.4072414E+01  0.0000000E+00  8.4363564E+03  1.8727536E+02  1.0489133E+00  0.0000000E+00  0.0000000E+00  0.0000000E+00  0.0000000E+00  5.4960112E+03 -2.1674670E-03
     2.8300000E+02    149.4226359  7.6039125E+06  3.6665000E+03  0.0000000E+00  4.5715069E+03  3.3068153E+01  0.0000000E+00  8.3937871E+03  1.8752103E+02  1.0521279E+00  0.0000000E+00  0.0000000E+00  0.0000000E+00  0.0000000E+00  5.4746772E+03  3.2680116E-03
     2.8400000E+02    149.4386003  7.6073125E+06  3.4000000E+03  0.0000000E+00  4.7949521E+03  3.2108223E+01  0.0000000E+00  8.3516143E+03  1.8774419E+02  1.0550692E+00  0.0000000E+00  0.0000000E+00  0.0000000E+00  0.0000000E+00  5.4534321E+03 -3.4362532E-04
     2.8500000E+02    149.4559985  7.6110180E+06  3.7055000E+03  0.0000000E+00  4.4462145E+03  3.1189901E+01  0.0000000E+00  8.3094082E+03  1.8798038E+02  1.0581731E+00  0.0000000E+00  0.0000000E+00  0.0000000E+00  0.0000000E+00  5.4321250E+03 -1.8616584E-03
     2.8600000E+02    149.4681202  7.6135995E+06  2.5815000E+03  0.0000000E+00  5.5267557E+03  3.0310692E+01  0.0000000E+00  8.2672334E+03  1.8815739E+02  1.0605634E+00  0.0000000E+00  0.0000000E+00  0.0000000E+00  0.0000000E+00  5.4110898E+03  8.4738928E-04
     2.8700000E+02    149.4765853  7.6154025E+06  1.8030000E+03  0.0000000E+00  6.2639363E+03  2.9468300E+01  0.0000000E+00  8.2266836E+03  1.8830734E+02  1.0622316E+00  0.0000000E+00  0.0000000E+00  0.0000000E+00  0.0000000E+00  5.3903457E+03 -1.8570431E-03
     2.8800000E+02    149.4866563  7.6175470E+06  2.1445000E+03  0.0000000E+00  5.8810421E+03  2.8660601E+01  0.0000000E+00  8.1866953E+03  1.8839890E+02  1.0640001E+00  0.0000000E+00  0.0000000E+00  0.0000000E+00  0.0000000E+00  5.3696943E+03  4.2674472E-03
     2.8900000E+02    149.4951037  7.6193460E+06  1.7990000E+03  0.0000000E+00  6.1864323E+03  2.7885639E+01  0.0000000E+00  8.1471851E+03  1.8851038E+02  1.0655914E+00  0.0000000E+00  0.0000000E+00  0.0000000E+00  0.0000000E+00  5.3493481E+03  7.7049219E-04
     2.9000000E+02    149.5031639  7.6210630E+06  1.7170000E+03  0.0000000E+00  6.2295471E+03  2.7141594E+01  0.0000000E+00  8.1087051E+03  1.8864296E+02  1.0670675E+00  0.0000000E+00  0.0000000E+00  0.0000000E+00  0.0000000E+00  5.3293560E+03 -5.0473483E-03
     2.9100000E+02    149.5106907  7.6226660E+06  1.6030000E+03  0.0000000E+00  6.3046597E+03  2.6426783E+01  0.0000000E+00  8.0710430E+03  1.8873579E+02  1.0684522E+00  0.0000000E+00  0.0000000E+00  0.0000000E+00  0.0000000E+00  5.3096479E+03  7.2360570E-05
     2.9200000E+02    149.5193937  7.6245195E+06  1.8535000E+03  0.0000000E+00  6.0162616E+03  2.5739643E+01  0.0000000E+00  8.0339023E+03  1.8881252E+02  1.0699882E+00  0.0000000E+00  0.0000000E+00  0.0000000E+00  0.0000000E+00  5.2899702E+03 -2.4233395E-05
     2.9300000E+02    149.5312810  7.6270510E+06  2.5315000E+03  0.0000000E+00  5.3004430E+03  2.5078724E+01  0.0000000E+00  7.9970601E+03  1.8896169E+02  1.0720290E+00  0.0000000E+00  0.0000000E+00  0.0000000E+00  0.0000000E+00  5.2705283E+03  2.0146884E-03
     2.9400000E+02    149.5486490  7.6307500E+06  3.6990000E+03  0.0000000E+00  4.0958217E+03  2.4443443E+01  0.0000000E+00  7.9605532E+03  1.8918558E+02  1.0749806E+00  0.0000000E+00  0.0000000E+00  0.0000000E+00  0.0000000E+00  5.2514424E+03 -1.0762372E-03
     2.9500000E+02    149.5648621  7.6342030E+06  3.4530000E+03  0.0000000E+00  4.3056410E+03  2.3832449E+01  0.0000000E+00  7.9248882E+03  1.8941138E+02  1.0779635E+00  0.0000000E+00  0.0000000E+00  0.0000000E+00  0.0000000E+00  5.2325791E+03 -5.1600286E-03
     2.9600000E+02    149.5809128  7.6376210E+06  3.4180000E+03  0.0000000E+00  4.3039697E+03  2.3244478E+01  0.0000000E+00  7.8898213E+03  1.8965376E+02  1.0808809E+00  0.0000000E+00  0.0000000E+00  0.0000000E+00  0.0000000E+00  5.2139326E+03  4.5662215E-03
     2.9700000E+02    149.5985915  7.6413865E+06  3.7655000E+03  0.0000000E+00  3.9187476E+03  2.2678354E+01  0.0000000E+00  7.8567729E+03  1.9454393E+02  1.0840287E+00  0.0000000E+00  0.0000000E+00  0.0000000E+00  0.0000000E+00  5.1964189E+03 -5.3851008E-03
     2.9800000E+02    149.6129804  7.6444505E+06  3.0640000E+03  0.0000000E+00  4.5897788E+03  2.2132969E+01  0.0000000E+00  7.8232275E+03  1.9007581E+02  1.0867581E+00  0.0000000E+00  0.0000000E+00  0.0000000E+00  0.0000000E+00  5.1781484E+03  5.3400393E-03
     2.9900000E+02    149.6220993  7.6463930E+06  1.9425000E+03  0.0000000E+00  5.6780646E+03  2.1607298E+01  0.0000000E+00  7.7898623E+03  1.9022289E+02  1.0886034E+00  0.0000000E+00  0.0000000E+00  0.0000000E+00  0.0000000E+00  5.1600352E+03 -5.1944349E-03
     3.0000000E+02    149.6315021  7.6483955E+06  2.0025000E+03  0.0000000E+00  5.5828987E+03  2.1100374E+01  0.0000000E+00  7.7592749E+03  1.9386746E+02  1.0902987E+00  0.0000000E+00  0.0000000E+00  0.0000000E+00  0.0000000E+00  5.1434370E+03  2.3848061E-04
     3.0100000E+02    149.6443510  7.6511320E+06  2.7365000E+03  0.0000000E+00  4.8197600E+03  2.0611294E+01  0.0000000E+00  7.7272061E+03  1.9049139E+02  1.0925045E+00  0.0000000E+00  0.0000000E+00  0.0000000E+00  0.0000000E+00  5.1256699E+03 -3.3401544E-04
     3.0200000E+02    149.6600133  7.6544675E+06  3.3355000E+03  0.0000000E+00  4.1878937E+03  2.0139200E+01  0.0000000E+00  7.6951855E+03  1.9069669E+02  1.0952435E+00  0.0000000E+00  0.0000000E+00  0.0000000E+00  0.0000000E+00  5.1079824E+03  1.8036850E-03
     3.0300000E+02    149.6757755  7.6578245E+06  3.3570000E+03  0.0000000E+00  4.1340534E+03  1.9683300E+01  0.0000000E+00  7.6632905E+03  1.9091118E+02  1.0980990E+00  0.0000000E+00  0.0000000E+00  0.0000000E+00  0.0000000E+00  5.0904692E+03 -1.1566770E-03
     3.0400000E+02    149.6902135  7.6608990E+06  3.0745000E+03  0.0000000E+00  4.3845533E+03  1.9242840E+01  0.0000000E+00  7.6319399E+03  1.9110979E+02  1.1007661E+00  0.0000000E+00  0.0000000E+00  0.0000000E+00  0.0000000E+00  5.0731084E+03 -1.0593747E-03
     3.0500000E+02    149.7056117  7.6641785E+06  3.2795000E+03  0.0000000E+00  4.1453764E+03  1.8817112E+01  0.0000000E+00  7.6021934E+03  1.9513663E+02  1.1035244E+00  0.0000000E+00  0.0000000E+00  0.0000000E+00  0.0000000E+00  5.0567891E+03 -1.3967350E-03
     3.0600000E+02    149.7216641  7.6675975E+06  3.4190000E+03  0.0000000E+00  3.9737606E+03  1.8405451E+01  0.0000000E+00  7.5744390E+03  1.9924928E+02  1.1064125E+00  0.0000000E+00  0.0000000E+00  0.0000000E+00  0.0000000E+00  5.0414160E+03 -3.5819602E-03
     3.0700000E+02    149.7375361  7.6709775E+06  3.3800000E+03  0.0000000E+00  3.9759724E+03  1.8007227E+01  0.0000000E+00  7.5510171E+03  2.1165431E+02  1.1092981E+00  0.0000000E+00  0.0000000E+00  0.0000000E+00  0.0000000E+00  5.0285190E+03  3.8061172E-03
     3.0800000E+02    149.7523415  7.6741305E+06  3.1530000E+03  0.0000000E+00  4.1938224E+03  1.7621843E+01  0.0000000E+00  7.5224185E+03  1.9196260E+02  1.1120225E+00  0.0000000E+00  0.0000000E+00  0.0000000E+00  0.0000000E+00  5.0121118E+03  1.9103739E-03
     3.0900000E+02    149.7685227  7.6775770E+06  3.4465000E+03  2.1722399E+02  4.1310657E+03  5.8883766E+01  0.0000000E+00  7.4944072E+03  1.9217905E+02  1.1149077E+00  0.0000000E+00  0.0000000E+00  0.0000000E+00  0.0000000E+00  4.9955400E+03 -4.4300575E-03
     3.1000000E+02    149.7851942  7.6811275E+06  3.5505000E+03  0.0000000E+00  3.7608767E+03  3.7712250E+01  0.0000000E+00  7.4672451E+03  1.9240483E+02  1.1179141E+00  0.0000000E+00  0.0000000E+00  0.0000000E+00  0.0000000E+00  4.9782690E+03  7.7422784E-04
     3.1100000E+02    149.8023577  7.6847830E+06  3.6555000E+03  0.0000000E+00  3.6226299E+03  3.6022259E+01  0.0000000E+00  7.4351587E+03  1.9263829E+02  1.1210096E+00  0.0000000E+00  0.0000000E+00  0.0000000E+00  0.0000000E+00  4.9625776E+03 -9.4765183E-03
     3.1200000E+02    149.8150466  7.6874850E+06  2.7020000E+03  0.0000000E+00  4.5463913E+03  3.4454826E+01  0.0000000E+00  7.4082676E+03  1.9281891E+02  1.1234737E+00  0.0000000E+00  0.0000000E+00  0.0000000E+00  0.0000000E+00  4.9470415E+03  5.2221734E-03
     3.1300000E+02    149.8246155  7.6895230E+06  2.0380000E+03  0.0000000E+00  5.1822959E+03  3.2995926E+01  0.0000000E+00  7.3821841E+03  1.9385553E+02  1.1253226E+00  0.0000000E+00  0.0000000E+00  0.0000000E+00  0.0000000E+00  4.9319980E+03 -1.3038077E-03
     3.1400000E+02    149.8336384  7.6914445E+06  1.9215000E+03  0.0000000E+00  5.2652824E+03  3.1634928E+01  0.0000000E+00  7.3647319E+03  2.0832808E+02  1.1269791E+00  0.0000000E+00  0.0000000E+00  0.0000000E+00  0.0000000E+00  4.9219819E+03  1.7494337E-03
     3.1500000E+02    149.8454998  7.6939710E+06  2.5265000E+03  0.0000000E+00  4.6501136E+03  3.0362684E+01  0.0000000E+00  7.3402529E+03  1.9321904E+02  1.1290278E+00  0.0000000E+00  0.0000000E+00  0.0000000E+00  0.0000000E+00  4.9067817E+03 -4.6969131E-03
     3.1600000E+02    149.8543437  7.6958545E+06  1.8835000E+03  0.0000000E+00  5.2653086E+03  2.9171148E+01  0.0000000E+00  7.3141128E+03  1.9333896E+02  1.1307415E+00  0.0000000E+00  0.0000000E+00  0.0000000E+00  0.0000000E+00  4.8920239E+03  7.9792298E-05
     3.1700000E+02    149.8651573  7.6981575E+06  2.3030000E+03  0.0000000E+00  4.7941291E+03  2.8053209E+01  0.0000000E+00  7.2914443E+03  1.9347211E+02  1.1326316E+00  0.0000000E+00  0.0000000E+00  0.0000000E+00  0.0000000E+00  4.8759663E+03  3.7931117E-01
     3.1800000E+02    149.8820289  7.7017505E+06  3.5930000E+03  0.0000000E+00  3.5020326E+03  2.7002560E+01  0.0000000E+00  7.2630288E+03  1.9368454E+02  1.1354722E+00  0.0000000E+00  0.0000000E+00  0.0000000E+00  0.0000000E+00  4.8617339E+03  2.4514426E-03
     3.1900000E+02    149.8947164  7.7044525E+06  2.7020000E+03  0.0000000E+00  4.3318033E+03  2.6014084E+01  0.0000000E+00  7.2423096E+03  1.9386403E+02  1.1379255E+00  0.0000000E+00  0.0000000E+00  0.0000000E+00  0.0000000E+00  4.8464194E+03  5.4370934E-01
     3.2000000E+02    149.9055143  7.7067525E+06  2.3000000E+03  0.0000000E+00  4.7444561E+03  2.5082724E+01  0.0000000E+00  7.2142139E+03  1.9403595E+02  1.1399527E+00  0.0000000E+00  0.0000000E+00  0.0000000E+00  0.0000000E+00  4.8326924E+03 -4.6404717E-03
     3.2100000E+02    149.9193028  7.7096890E+06  2.9365000E+03  0.0000000E+00  4.0844659E+03  2.4203951E+01  0.0000000E+00  7.1921445E+03  1.9418242E+02  1.1423454E+00  0.0000000E+00  0.0000000E+00  0.0000000E+00  0.0000000E+00  4.8188306E+03  7.9842575E-04
     3.2200000E+02    149.9311718  7.7122165E+06  2.5275000E+03  0.0000000E+00  4.4692241E+03  2.3373695E+01  0.0000000E+00  7.1691123E+03  1.9434248E+02  1.1445680E+00  0.0000000E+00  0.0000000E+00  0.0000000E+00  0.0000000E+00  4.8051709E+03  3.8220771E-03
     3.2300000E+02    149.9455662  7.7152825E+06  3.0660000E+03  0.0000000E+00  3.8631953E+03  2.2588295E+01  0.0000000E+00  7.1504995E+03  1.9452554E+02  1.1470875E+00  0.0000000E+00  0.0000000E+00  0.0000000E+00  0.0000000E+00  4.7902988E+03  6.7223448E-01
     3.2400000E+02    149.9612383  7.7186200E+06  3.3375000E+03  0.0000000E+00  3.6107077E+03  2.1844433E+01  0.0000000E+00  7.1224668E+03  1.9473309E+02  1.1498839E+00  0.0000000E+00  0.0000000E+00  0.0000000E+00  0.0000000E+00  4.7770503E+03  3.0823804E-03
     3.2500000E+02    149.9689107  7.7202540E+06  1.6340000E+03  0.0000000E+00  5.2816892E+03  2.1139118E+01  0.0000000E+00  7.1098271E+03  2.1411490E+02  1.1515659E+00  0.0000000E+00  0.0000000E+00  0.0000000E+00  0.0000000E+00  4.7695454E+03  1.5064140E-04
     3.2600000E+02    149.9793115  7.7224690E+06  2.2150000E+03  0.0000000E+00  4.6988662E+03  2.0469622E+01  0.0000000E+00  7.0896152E+03  1.9498376E+02  1.1533536E+00  0.0000000E+00  0.0000000E+00  0.0000000E+00  0.0000000E+00  4.7561792E+03  1.1468634E-03
     3.2700000E+02    149.9954090  7.7258975E+06  3.4285000E+03  0.0000000E+00  3.4629231E+03  1.9833471E+01  0.0000000E+00  7.0677422E+03  1.9518449E+02  1.1560669E+00  0.0000000E+00  0.0000000E+00  0.0000000E+00  0.0000000E+00  4.7429360E+03 -2.6523636E-03
     3.2800000E+02    150.0108947  7.7291955E+06  3.2980000E+03  0.0000000E+00  3.5185090E+03  1.9228409E+01  0.0000000E+00  7.0504189E+03  1.9539352E+02  1.1588981E+00  0.0000000E+00  0.0000000E+00  0.0000000E+00  0.0000000E+00  4.7286104E+03  8.0040675E-01
     3.2900000E+02    150.0245764  7.7321095E+06  2.9140000E+03  0.0000000E+00  3.9309281E+03  1.8652374E+01  0.0000000E+00  7.0228423E+03  1.9558061E+02  1.1614454E+00  0.0000000E+00  0.0000000E+00  0.0000000E+00  0.0000000E+00  4.7157471E+03 -2.4963627E-03
     3.3000000E+02    150.0373990  7.7348400E+06  2.7305000E+03  0.0000000E+00  4.0556689E+03  1.8103477E+01  0.0000000E+00  7.0055220E+03  1.9574947E+02  1.1638025E+00  0.0000000E+00  0.0000000E+00  0.0000000E+00  0.0000000E+00  4.7017915E+03  5.7724398E-01
     3.3100000E+02    150.0465128  7.7367810E+06  1.9410000E+03  0.0000000E+00  4.8597516E+03  1.7579987E+01  0.0000000E+00  6.9802153E+03  1.9589510E+02  1.1655903E+00  0.0000000E+00  0.0000000E+00  0.0000000E+00  0.0000000E+00  4.6891030E+03 -2.3723989E-04
     3.3200000E+02    150.0538477  7.7383430E+06  1.5620000E+03  0.0000000E+00  5.2007930E+03  1.7080311E+01  0.0000000E+00  6.9614556E+03  1.9596223E+02  1.1669853E+00  0.0000000E+00  0.0000000E+00  0.0000000E+00  0.0000000E+00  4.6751318E+03  2.6672187E-01
     3.3300000E+02    150.0615994  7.7399940E+06  1.6510000E+03  0.0000000E+00  5.1067340E+03  1.6602987E+01  0.0000000E+00  6.9382651E+03  1.9606798E+02  1.1683763E+00  0.0000000E+00  0.0000000E+00  0.0000000E+00  0.0000000E+00  4.6625503E+03 -1.4673288E-03
     3.3400000E+02    150.0722738  7.7422675E+06  2.2735000E+03  0.0000000E+00  4.4348597E+03  1.6146664E+01  0.0000000E+00  6.9208521E+03  1.9617856E+02  1.1702066E+00  0.0000000E+00  0.0000000E+00  0.0000000E+00  0.0000000E+00  4.6486831E+03  4.5105314E-01
     3.3500000E+02    150.0873576  7.7454800E+06  3.2125000E+03  0.0000000E+00  3.5022261E+03  1.5710093E+01  0.0000000E+00  6.8964961E+03  1.9636687E+02  1.1727828E+00  0.0000000E+00  0.0000000E+00  0.0000000E+00  0.0000000E+00  4.6361074E+03 -8.6534536E-04
     3.3600000E+02    150.1008311  7.7483495E+06  2.8695000E+03  0.0000000E+00  3.8248152E+03  1.5292124E+01  0.0000000E+00  6.8767329E+03  1.9654846E+02  1.1752852E+00  0.0000000E+00  0.0000000E+00  0.0000000E+00  0.0000000E+00  4.6234346E+03 -2.0545712E-04
     3.3700000E+02    150.1118372  7.7506935E+06  2.3440000E+03  0.0000000E+00  4.3296528E+03  1.4891686E+01  0.0000000E+00  6.8566265E+03  1.9669539E+02  1.1773712E+00  0.0000000E+00  0.0000000E+00  0.0000000E+00  0.0000000E+00  4.6107671E+03 -1.0658807E-04
     3.3800000E+02    150.1245071  7.7533920E+06  2.6985000E+03  0.0000000E+00  3.9150522E+03  1.4507789E+01  0.0000000E+00  6.8401875E+03  1.9685312E+02  1.1796091E+00  0.0000000E+00  0.0000000E+00  0.0000000E+00  0.0000000E+00  4.5968706E+03  6.2891710E-01
     3.3900000E+02    150.1401528  7.7567240E+06  3.3320000E+03  0.0000000E+00  3.2990731E+03  1.4139513E+01  0.0000000E+00  6.8152764E+03  1.9705371E+02  1.1823392E+00  0.0000000E+00  0.0000000E+00  0.0000000E+00  0.0000000E+00  4.5841797E+03  1.5657794E-03
     3.4000000E+02    150.1571103  7.7603355E+06  3.6115000E+03  0.0000000E+00  2.9992578E+03  1.3786000E+01  0.0000000E+00  6.7954077E+03  1.9727846E+02  1.1853676E+00  0.0000000E+00  0.0000000E+00  0.0000000E+00  0.0000000E+00  4.5714243E+03 -4.0874194E-04
     3.4100000E+02    150.1741615  7.7639670E+06  3.6315000E+03  0.0000000E+00  2.8991710E+03  1.3446452E+01  0.0000000E+00  6.7800713E+03  1.9750671E+02  1.1884572E+00  0.0000000E+00  0.0000000E+00  0.0000000E+00  0.0000000E+00  4.5576333E+03  9.4430268E-01
     3.4200000E+02    150.1911776  7.7675905E+06  3.6235000E+03  0.0000000E+00  2.8914071E+03  1.3120128E+01  0.0000000E+00  6.7578315E+03  1.9773564E+02  1.1915451E+00  0.0000000E+00  0.0000000E+00  0.0000000E+00  0.0000000E+00  4.5440312E+03  8.4356576E-01
     3.4300000E+02    150.2065999  7.7708755E+06  3.2850000E+03  0.0000000E+00  3.2384055E+03  1.2806332E+01  0.0000000E+00  6.7397490E+03  2.2842870E+02  1.1944005E+00  0.0000000E+00  0.0000000E+00  0.0000000E+00  0.0000000E+00  4.5371108E+03 -7.0105116E-03
     3.4400000E+02    150.2215374  7.7740565E+06  3.1810000E+03  0.0000000E+00  3.3321456E+03  1.2504415E+01  0.0000000E+00  6.7247471E+03  2.2264482E+02  1.1971277E+00  0.0000000E+00  0.0000000E+00  0.0000000E+00  0.0000000E+00  4.5276167E+03  3.9208890E-03
     3.4500000E+02    150.2341748  7.7767480E+06  2.6915000E+03  0.0000000E+00  3.8278941E+03  1.2213770E+01  0.0000000E+00  6.7066382E+03  1.9833658E+02  1.1995035E+00  0.0000000E+00  0.0000000E+00  0.0000000E+00  0.0000000E+00  4.5151133E+03 -1.1627730E-03
     3.4600000E+02    150.2453171  7.7791210E+06  2.3730000E+03  0.0000000E+00  4.1283568E+03  1.1933826E+01  0.0000000E+00  6.6891157E+03  1.9848233E+02  1.2015789E+00  0.0000000E+00  0.0000000E+00  0.0000000E+00  0.0000000E+00  4.5014888E+03  1.2387286E-04
     3.4700000E+02    150.2600972  7.7822685E+06  3.1475000E+03  0.0000000E+00  3.3323322E+03  1.1664056E+01  0.0000000E+00  6.6682959E+03  1.9866750E+02  1.2041280E+00  0.0000000E+00  0.0000000E+00  0.0000000E+00  0.0000000E+00  4.4882041E+03  3.8339079E-03
     3.4800000E+02    150.3129606  7.7936955E+06  1.1427000E+04  4.2714251E+03  2.2923714E+03  2.9799146E+03  0.0000000E+00  6.6683135E+03  1.9931483E+02  1.2123355E+00  0.0000000E+00  0.0000000E+00  0.0000000E+00  0.0000000E+00  4.4896108E+03 -1.7609432E-03
     3.4900000E+02    150.3336096  7.7981680E+06  4.4725000E+03  0.0000000E+00  2.6588175E+03  6.5268701E+02  0.0000000E+00  6.6798584E+03  1.9975729E+02  1.2172498E+00  0.0000000E+00  0.0000000E+00  0.0000000E+00  0.0000000E+00  4.4956968E+03  3.4560710E-03
     3.5000000E+02    150.3520679  7.8021665E+06  3.9985000E+03  0.0000000E+00  3.0148147E+03  5.2192566E+02  0.0000000E+00  6.6923130E+03  1.9999010E+02  1.2206776E+00  0.0000000E+00  0.0000000E+00  0.0000000E+00  0.0000000E+00  4.5024941E+03 -3.9729914E-03
     3.5100000E+02    150.3699607  7.8060420E+06  3.8755000E+03  0.0000000E+00  3.0540228E+03  4.2877948E+02  0.0000000E+00  6.7024204E+03  2.0020895E+02  1.2239438E+00  0.0000000E+00  0.0000000E+00  0.0000000E+00  0.0000000E+00  4.5082251E+03  3.4235562E-03
     3.5200000E+02    150.3868257  7.8096955E+06  3.6535000E+03  0.0000000E+00  3.2146119E+03  3.5998862E+02  0.0000000E+00  6.7093853E+03  2.0044331E+02  1.2270403E+00  0.0000000E+00  0.0000000E+00  0.0000000E+00  0.0000000E+00  4.5122583E+03 -5.7742470E-03
     3.5300000E+02    150.4007548  7.8127125E+06  3.0170000E+03  0.0000000E+00  3.8018800E+03  3.0766568E+02  0.0000000E+00  6.7131782E+03  2.0057773E+02  1.2296735E+00  0.0000000E+00  0.0000000E+00  0.0000000E+00  0.0000000E+00  4.5143643E+03  2.2255159E-03
     3.5400000E+02    150.4180289  7.8164540E+06  3.7415000E+03  0.0000000E+00  3.0374568E+03  2.6687836E+02  0.0000000E+00  6.7143271E+03  2.0079417E+02  1.2326856E+00  0.0000000E+00  0.0000000E+00  0.0000000E+00  0.0000000E+00  4.5145830E+03  3.1788754E-03
     3.5500000E+02    150.4339829  7.8199100E+06  3.4560000E+03  0.0000000E+00  3.2765421E+03  2.3441357E+02  0.0000000E+00  6.7113931E+03  2.1225951E+02  1.2356274E+00  0.0000000E+00  0.0000000E+00  0.0000000E+00  0.0000000E+00  4.5133135E+03 -3.3180991E-03
     3.5600000E+02    150.4487330  7.8231050E+06  3.1950000E+03  0.0000000E+00  3.5139296E+03  2.0810533E+02  0.0000000E+00  6.7072114E+03  2.0515344E+02  1.2383467E+00  0.0000000E+00  0.0000000E+00  0.0000000E+00  0.0000000E+00  4.5106523E+03 -6.3547792E-05
     3.5700000E+02    150.4620910  7.8259985E+06  2.8935000E+03  0.0000000E+00  3.7316639E+03  1.8645061E+02  0.0000000E+00  6.7067344E+03  2.0137845E+02  1.2408203E+00  0.0000000E+00  0.0000000E+00  0.0000000E+00  0.0000000E+00  4.5062246E+03  9.4879359E-01
     3.5800000E+02    150.4774642  7.8293285E+06  3.3300000E+03  0.0000000E+00  3.3241910E+03  1.6838008E+02  0.0000000E+00  6.6923452E+03  2.0531952E+02  1.2435358E+00  0.0000000E+00  0.0000000E+00  0.0000000E+00  0.0000000E+00  4.5011792E+03 -4.2346449E-04
     3.5900000E+02    150.4945862  7.8330370E+06  3.7085000E+03  0.0000000E+00  2.9079596E+03  1.5311617E+02  0.0000000E+00  6.6842178E+03  2.1936742E+02  1.2465782E+00  0.0000000E+00  0.0000000E+00  0.0000000E+00  0.0000000E+00  4.4961650E+03  3.8063652E-03
     3.6000000E+02    150.5094602  7.8362590E+06  3.2220000E+03  0.0000000E+00  3.3889640E+03  1.4008266E+02  0.0000000E+00  6.6739727E+03  2.0200342E+02  1.2493579E+00  0.0000000E+00  0.0000000E+00  0.0000000E+00  0.0000000E+00  4.4891016E+03 -2.3682953E-03
     3.6100000E+02    150.5226913  7.8391250E+06  2.8660000E+03  0.0000000E+00  3.7209621E+03  1.2884512E+02  0.0000000E+00  6.6614995E+03  2.0217535E+02  1.2518175E+00  0.0000000E+00  0.0000000E+00  0.0000000E+00  0.0000000E+00  4.4811816E+03 -6.5436435E-04
     3.6200000E+02    150.5362837  7.8420690E+06  2.9440000E+03  0.0000000E+00  3.5705690E+03  1.1907107E+02  0.0000000E+00  6.6524697E+03  2.0234503E+02  1.2542700E+00  0.0000000E+00  0.0000000E+00  0.0000000E+00  0.0000000E+00  4.4718569E+03  7.8819287E-01
     3.6300000E+02    150.5531720  7.8457275E+06  3.6585000E+03  0.0000000E+00  2.8813015E+03  1.1050259E+02  0.0000000E+00  6.6327568E+03  2.0255676E+02  1.2572139E+00  0.0000000E+00  0.0000000E+00  0.0000000E+00  0.0000000E+00  4.4626187E+03 -5.2859499E-03
     3.6400000E+02    150.5740522  7.8502500E+06  4.5225000E+03  0.0000000E+00  1.9141231E+03  1.0293711E+02  0.0000000E+00  6.6246309E+03  2.0282324E+02  1.2608567E+00  0.0000000E+00  0.0000000E+00  0.0000000E+00  0.0000000E+00  4.4520278E+03  1.2911180E+00
     3.6500000E+02    150.5933852  7.8544380E+06  4.1880000E+03  0.0000000E+00  2.3044111E+03  9.6213646E+01  0.0000000E+00  6.6002368E+03  2.0308521E+02  1.2644197E+00  0.0000000E+00  0.0000000E+00  0.0000000E+00  0.0000000E+00  4.4418140E+03 -4.6301931E-03
     3.6600000E+02    150.6119716  7.8584640E+06  4.0260000E+03  0.0000000E+00  2.3703275E+03  9.0202995E+01  0.0000000E+00  6.5901626E+03  2.0333116E+02  1.2678183E+00  0.0000000E+00  0.0000000E+00  0.0000000E+00  0.0000000E+00  4.4302651E+03  1.1891483E+00
     3.6700000E+02    150.6291950  7.8621945E+06  3.7305000E+03  0.0000000E+00  2.7146630E+03  8.4800407E+01  0.0000000E+00  6.5654297E+03  2.0356099E+02  1.2709920E+00  0.0000000E+00  0.0000000E+00  0.0000000E+00  0.0000000E+00  4.4192383E+03  3.5353277E-03
     3.6800000E+02    150.6482273  7.8663170E+06  4.1225000E+03  0.0000000E+00  2.2289233E+03  7.9920250E+01  0.0000000E+00  6.5539043E+03  2.0380586E+02  1.2743787E+00  0.0000000E+00  0.0000000E+00  0.0000000E+00  0.0000000E+00  4.4069492E+03  1.1655612E+00
     3.6900000E+02    150.6702105  7.8710790E+06  4.7620000E+03  0.0000000E+00  1.6368941E+03  7.5491951E+01  0.0000000E+00  6.5285200E+03  2.0409364E+02  1.2782593E+00  0.0000000E+00  0.0000000E+00  0.0000000E+00  0.0000000E+00  4.3953433E+03 -3.8447271E-03
     3.7000000E+02    150.6908283  7.8755450E+06  4.4660000E+03  0.0000000E+00  1.8324182E+03  7.1456848E+01  0.0000000E+00  6.5166680E+03  2.0437106E+02  1.2820488E+00  0.0000000E+00  0.0000000E+00  0.0000000E+00  0.0000000E+00  4.3825654E+03  1.2758366E+00
     3.7100000E+02    150.7113968  7.8800000E+06  4.4550000E+03  0.0000000E+00  1.8998485E+03  6.7765869E+01  0.0000000E+00  6.4933306E+03  2.0464470E+02  1.2857816E+00  0.0000000E+00  0.0000000E+00  0.0000000E+00  0.0000000E+00  4.3699062E+03  4.8373439E-03
     3.7200000E+02    150.7303098  7.8840970E+06  4.0970000E+03  0.0000000E+00  2.2330593E+03  6.4377701E+01  0.0000000E+00  6.4715786E+03  2.0489897E+02  1.2892724E+00  0.0000000E+00  0.0000000E+00  0.0000000E+00  0.0000000E+00  4.3574653E+03 -4.4525331E-03
     3.7300000E+02    150.7496503  7.8882860E+06  4.1890000E+03  0.0000000E+00  2.0454517E+03  6.1257309E+01  0.0000000E+00  6.4569819E+03  2.0515173E+02  1.2927652E+00  0.0000000E+00  0.0000000E+00  0.0000000E+00  0.0000000E+00  4.3441646E+03  1.1865593E+00
     3.7400000E+02    150.7690838  7.8924955E+06  4.2095000E+03  0.0000000E+00  2.0726492E+03  5.8374832E+01  0.0000000E+00  6.4304424E+03  2.0540872E+02  1.2962870E+00  0.0000000E+00  0.0000000E+00  0.0000000E+00  0.0000000E+00  4.3317617E+03 -5.7189737E-04
     3.7500000E+02    150.7880299  7.8965995E+06  4.1040000E+03  0.0000000E+00  2.0842392E+03  5.5704666E+01  0.0000000E+00  6.4174375E+03  2.0565703E+02  1.2997414E+00  0.0000000E+00  0.0000000E+00  0.0000000E+00  0.0000000E+00  4.3182109E+03  1.2041492E+00
     3.7600000E+02    150.8084329  7.9010190E+06  4.4195000E+03  0.0000000E+00  1.7497328E+03  5.3224747E+01  0.0000000E+00  6.3962646E+03  2.0592189E+02  1.3033896E+00  0.0000000E+00  0.0000000E+00  0.0000000E+00  0.0000000E+00  4.3047422E+03  1.1323571E+00
     3.7700000E+02    150.8380732  7.9074395E+06  6.4205000E+03  8.1219755E+02  9.6390780E+02  3.8725409E+02  0.0000000E+00  6.3924692E+03  2.0636505E+02  1.3084310E+00  0.0000000E+00  0.0000000E+00  0.0000000E+00  0.0000000E+00  4.3061812E+03 -2.1095616E-03
     3.7800000E+02    151.2882414  8.0049495E+06  9.7510000E+04  3.1106648E+04  8.8545395E+02  6.0817078E+04  0.0000000E+00  6.6860757E+03  2.1277391E+02  1.3748331E+00  0.0000000E+00  0.0000000E+00  0.0000000E+00  0.0000000E+00  4.4877930E+03  2.0598865E-04
     3.7900000E+02    151.3154293  8.0108385E+06  5.8890000E+03  4.0579479E+02  2.3403692E+03  1.0120114E+03  0.0000000E+00  7.0267158E+03  2.1361652E+02  1.3951102E+00  0.0000000E+00  0.0000000E+00  0.0000000E+00  0.0000000E+00  4.6923735E+03  1.6768451E-03
     3.8000000E+02    151.3409612  8.0163690E+06  5.5305000E+03  0.0000000E+00  2.4443678E+03  8.5695398E+02  0.0000000E+00  7.3329385E+03  2.1371887E+02  1.3998017E+00  0.0000000E+00  0.0000000E+00  0.0000000E+00  0.0000000E+00  4.8760430E+03 -1.1506657E-03
     3.8100000E+02    151.3683424  8.0223000E+06  5.9310000E+03  0.0000000E+00  2.2175944E+03  7.7999518E+02  0.0000000E+00  7.5840674E+03  2.1405637E+02  1.4047014E+00  0.0000000E+00  0.0000000E+00  0.0000000E+00  0.0000000E+00  5.0269414E+03  8.1729871E-05
     3.8200000E+02    151.3949446  8.0280625E+06  5.7625000E+03  0.0000000E+00  2.5145740E+03  7.0866327E+02  0.0000000E+00  7.7839785E+03  2.1438945E+02  1.4095552E+00  0.0000000E+00  0.0000000E+00  0.0000000E+00  0.0000000E+00  5.1461602E+03 -2.7252452E-03
     3.8300000E+02    151.4240938  8.0344625E+06  6.4000000E+03  0.0000000E+00  1.9681708E+03  6.4382928E+02  0.0000000E+00  7.9405264E+03  2.1471423E+02  1.4147503E+00  0.0000000E+00  0.0000000E+00  0.0000000E+00  0.0000000E+00  5.2378052E+03  6.4843614E-04
     3.8400000E+02    151.5315166  8.0581150E+06  2.3652500E+04  7.6203012E+03  1.0714843E+03  9.2094980E+03  0.0000000E+00  8.1119502E+03  2.1620493E+02  1.4313966E+00  0.0000000E+00  0.0000000E+00  0.0000000E+00  0.0000000E+00  5.3327402E+03  5.1682920E-04
     3.8500000E+02    151.5672141  8.0659750E+06  7.8600000E+03  0.0000000E+00  1.8797706E+03  1.6911335E+03  0.0000000E+00  8.2668291E+03  2.1678773E+02  1.4404741E+00  0.0000000E+00  0.0000000E+00  0.0000000E+00  0.0000000E+00  5.4150708E+03 -3.6285346E-04
     3.8600000E+02    151.6018123  8.0735930E+06  7.6180000E+03  0.0000000E+00  1.9524246E+03  1.3939565E+03  0.0000000E+00  8.3950361E+03  2.1720802E+02  1.4467900E+00  0.0000000E+00  0.0000000E+00  0.0000000E+00  0.0000000E+00  5.4813135E+03 -8.9286355E-04
     3.8700000E+02    151.6360526  8.0811320E+06  7.5390000E+03  0.0000000E+00  1.9180323E+03  1.1794978E+03  0.0000000E+00  8.4967500E+03  2.1764687E+02  1.4530140E+00  0.0000000E+00  0.0000000E+00  0.0000000E+00  0.0000000E+00  5.5327334E+03  1.1959455E-03
     3.8800000E+02    151.6687352  8.0883280E+06  7.1960000E+03  0.0000000E+00  2.1764281E+03  1.0168159E+03  0.0000000E+00  8.5752930E+03  2.1806920E+02  1.4589990E+00  0.0000000E+00  0.0000000E+00  0.0000000E+00  0.0000000E+00  5.5715713E+03  1.5984004E-03
     3.8900000E+02    151.7020099  8.0956545E+06  7.3265000E+03  0.0000000E+00  1.9757625E+03  8.8888379E+02  0.0000000E+00  8.6333164E+03  2.1848579E+02  1.4650134E+00  0.0000000E+00  0.0000000E+00  0.0000000E+00  0.0000000E+00  5.5994536E+03 -1.3845113E-04
     3.9000000E+02    151.7340936  8.1027190E+06  7.0645000E+03  0.0000000E+00  2.1745044E+03  7.8555829E+02  0.0000000E+00  8.6735967E+03  2.1890723E+02  1.4708764E+00  0.0000000E+00  0.0000000E+00  0.0000000E+00  0.0000000E+00  5.6180381E+03 -2.4054903E-03
     3.9100000E+02    151.7666227  8.1098810E+06  7.1620000E+03  0.0000000E+00  2.0155131E+03  7.0038837E+02  0.0000000E+00  8.6982734E+03  2.1932512E+02  1.4767609E+00  0.0000000E+00  0.0000000E+00  0.0000000E+00  0.0000000E+00  5.6285938E+03  3.6938020E-03
     3.9200000E+02    151.8010782  8.1174675E+06  7.5865000E+03  0.0000000E+00  1.5307395E+03  6.2904492E+02  0.0000000E+00  8.7093584E+03  2.1969550E+02  1.4829411E+00  0.0000000E+00  0.0000000E+00  0.0000000E+00  0.0000000E+00  5.6320801E+03 -1.5686234E-04
     3.9300000E+02    151.8368109  8.1253355E+06  7.8680000E+03  0.0000000E+00  1.1462117E+03  5.6849817E+02  0.0000000E+00  8.7116035E+03  2.2016049E+02  1.4893765E+00  0.0000000E+00  0.0000000E+00  0.0000000E+00  0.0000000E+00  5.6295728E+03  4.7671619E-01
     3.9400000E+02    151.8707037  8.1327980E+06  7.4625000E+03  0.0000000E+00  1.5197325E+03  5.1655621E+02  0.0000000E+00  8.6963086E+03  2.2902715E+02  1.4955912E+00  0.0000000E+00  0.0000000E+00  0.0000000E+00  0.0000000E+00  5.6223228E+03  1.1977985E-03
     3.9500000E+02    151.9042169  8.1401770E+06  7.3790000E+03  0.0000000E+00  1.5467680E+03  4.7158603E+02  0.0000000E+00  8.6768682E+03  2.2113614E+02  1.5016841E+00  0.0000000E+00  0.0000000E+00  0.0000000E+00  0.0000000E+00  5.6108389E+03  5.2839360E-04
     3.9600000E+02    151.9369765  8.1473900E+06  7.2130000E+03  0.0000000E+00  1.6466581E+03  4.3234366E+02  0.0000000E+00  8.6503848E+03  2.2147144E+02  1.5076539E+00  0.0000000E+00  0.0000000E+00  0.0000000E+00  0.0000000E+00  5.5958872E+03  1.0052992E-03
     3.9700000E+02    151.9658628  8.1537505E+06  6.3605000E+03  0.0000000E+00  2.4293697E+03  3.9786230E+02  0.0000000E+00  8.6171963E+03  2.2391031E+02  1.5130343E+00  0.0000000E+00  0.0000000E+00  0.0000000E+00  0.0000000E+00  5.5782129E+03 -2.5998168E-03
     3.9800000E+02    151.9935505  8.1598470E+06  6.0965000E+03  0.0000000E+00  2.6264491E+03  3.6737802E+02  0.0000000E+00  8.5791611E+03  2.2222557E+02  1.5181002E+00  0.0000000E+00  0.0000000E+00  0.0000000E+00  0.0000000E+00  5.5578320E+03 -1.7191966E-03
     3.9900000E+02    152.0216526  8.1660345E+06  6.1875000E+03  0.0000000E+00  2.4654401E+03  3.4027979E+02  0.0000000E+00  8.5366289E+03  2.2257968E+02  1.5231828E+00  0.0000000E+00  0.0000000E+00  0.0000000E+00  0.0000000E+00  5.5353687E+03 -1.5181595E-03
     4.0000000E+02    152.0500998  8.1722980E+06  6.2635000E+03  0.0000000E+00  2.3009765E+03  3.1607208E+02  0.0000000E+00  8.4919492E+03  2.2290508E+02  1.5283304E+00  0.0000000E+00  0.0000000E+00  0.0000000E+00  0.0000000E+00  5.5107944E+03  2.1697640E-01
     4.0100000E+02    152.0776401  8.1783620E+06  6.0640000E+03  0.0000000E+00  2.4339691E+03  2.9434912E+02  0.0000000E+00  8.4470049E+03  2.4196460E+02  1.5333590E+00  0.0000000E+00  0.0000000E+00  0.0000000E+00  0.0000000E+00  5.4889326E+03 -1.2959235E-03
     4.0200000E+02    152.1056974  8.1845395E+06  6.1775000E+03  0.0000000E+00  2.2328299E+03  2.7477548E+02  0.0000000E+00  8.4002822E+03  2.2361423E+02  1.5384297E+00  0.0000000E+00  0.0000000E+00  0.0000000E+00  0.0000000E+00  5.4620552E+03  4.5619518E-01
     4.0300000E+02    152.1340205  8.1907760E+06  6.2365000E+03  0.0000000E+00  2.1392906E+03  2.5707190E+02  0.0000000E+00  8.3440459E+03  2.2403409E+02  1.5435578E+00  0.0000000E+00  0.0000000E+00  0.0000000E+00  0.0000000E+00  5.4354717E+03 -2.9065988E-03
     4.0400000E+02    152.1631446  8.1971885E+06  6.4125000E+03  0.0000000E+00  1.8849472E+03  2.4100383E+02  0.0000000E+00  8.2953545E+03  2.3726530E+02  1.5488117E+00  0.0000000E+00  0.0000000E+00  0.0000000E+00  0.0000000E+00  5.4106250E+03  1.1325636E-03
     4.0500000E+02    152.1917185  8.2034800E+06  6.2915000E+03  0.0000000E+00  1.9000090E+03  2.2637289E+02  0.0000000E+00  8.2469785E+03  2.2469980E+02  1.5540148E+00  0.0000000E+00  0.0000000E+00  0.0000000E+00  0.0000000E+00  5.3818770E+03  6.5604347E-01
     4.0600000E+02    152.2198827  8.2096810E+06  6.2010000E+03  0.0000000E+00  1.9718312E+03  2.1301054E+02  0.0000000E+00  8.1867285E+03  2.2509477E+02  1.5591385E+00  0.0000000E+00  0.0000000E+00  0.0000000E+00  0.0000000E+00  5.3545479E+03  3.0227874E-03
     4.0700000E+02    152.2469901  8.2156495E+06  5.9685000E+03  0.0000000E+00  2.1384344E+03  2.0077280E+02  0.0000000E+00  8.1331924E+03  2.2539816E+02  1.5640940E+00  0.0000000E+00  0.0000000E+00  0.0000000E+00  0.0000000E+00  5.3268862E+03  8.2025037E-04
     4.0800000E+02    152.2762909  8.2221015E+06  6.4520000E+03  0.0000000E+00  1.5489398E+03  1.8953580E+02  0.0000000E+00  8.1025498E+03  2.9004480E+02  1.5693295E+00  0.0000000E+00  0.0000000E+00  0.0000000E+00  0.0000000E+00  5.3117246E+03 -5.6412034E-03
     4.0900000E+02    152.3092524  8.2293590E+06  7.2575000E+03  5.5159009E+02  1.4508355E+03  3.3314291E+02  0.0000000E+00  8.0514204E+03  2.2619875E+02  1.5751758E+00  0.0000000E+00  0.0000000E+00  0.0000000E+00  0.0000000E+00  5.2847666E+03  4.9176993E-04
     4.1000000E+02    152.3407483  8.2362935E+06  6.9345000E+03  1.5700684E+02  1.3225159E+03  3.2861990E+02  0.0000000E+00  7.9999097E+03  2.2660313E+02  1.5809421E+00  0.0000000E+00  0.0000000E+00  0.0000000E+00  0.0000000E+00  5.2581812E+03  3.9589424E-03
     4.1100000E+02    152.3704943  8.2428430E+06  6.5495000E+03  0.0000000E+00  1.4351886E+03  2.6412079E+02  0.0000000E+00  7.9491899E+03  2.2698221E+02  1.5864014E+00  0.0000000E+00  0.0000000E+00  0.0000000E+00  0.0000000E+00  5.2319395E+03  6.4800493E-04
     4.1200000E+02    152.3992718  8.2491795E+06  6.3365000E+03  0.0000000E+00  1.5353085E+03  2.4333711E+02  0.0000000E+00  7.9008892E+03  2.2734305E+02  1.5916567E+00  0.0000000E+00  0.0000000E+00  0.0000000E+00  0.0000000E+00  5.2052026E+03  5.3391087E-01
     4.1300000E+02    152.4324900  8.2564935E+06  7.3140000E+03  8.6934227E+02  1.7071854E+03  5.3231360E+02  0.0000000E+00  7.8489502E+03  2.2775572E+02  1.5975212E+00  0.0000000E+00  0.0000000E+00  0.0000000E+00  0.0000000E+00  5.1814766E+03  7.3369348E-04
     4.1400000E+02    152.4622508  8.2630465E+06  6.5530000E+03  0.0000000E+00  1.3318714E+03  3.3590768E+02  0.0000000E+00  7.8065977E+03  2.2813890E+02  1.6030451E+00  0.0000000E+00  0.0000000E+00  0.0000000E+00  0.0000000E+00  5.1582847E+03  3.4254923E-01
     4.1500000E+02    152.4910436  8.2693860E+06  6.3395000E+03  0.0000000E+00  1.3995747E+03  3.0304578E+02  0.0000000E+00  7.7684204E+03  2.2849648E+02  1.6083031E+00  0.0000000E+00  0.0000000E+00  0.0000000E+00  0.0000000E+00  5.1338926E+03  1.2672679E+00
     4.1600000E+02    152.5290337  8.2777510E+06  8.3650000E+03  1.3575553E+03  1.4157919E+03  9.3351038E+02  0.0000000E+00  7.7200767E+03  2.2898972E+02  1.6148607E+00  0.0000000E+00  0.0000000E+00  0.0000000E+00  0.0000000E+00  5.1161016E+03 -2.5362365E-03
     4.1700000E+02    152.5591040  8.2844660E+06  6.7150000E+03  0.0000000E+00  1.2401868E+03  4.9830045E+02  0.0000000E+00  7.6882192E+03  2.2944241E+02  1.6206026E+00  0.0000000E+00  0.0000000E+00  0.0000000E+00  0.0000000E+00  5.1000498E+03  3.2923790E-03
     4.1800000E+02    152.5877487  8.2908780E+06  6.4120000E+03  0.0000000E+00  1.4462919E+03  4.3155862E+02  0.0000000E+00  7.6579810E+03  2.2971413E+02  1.6258503E+00  0.0000000E+00  0.0000000E+00  0.0000000E+00  0.0000000E+00  5.0849268E+03 -1.1407961E-03
     4.1900000E+02    152.6161878  8.2972440E+06  6.3660000E+03  0.0000000E+00  1.4104586E+03  3.7963165E+02  0.0000000E+00  7.6283955E+03  2.3006291E+02  1.6310165E+00  0.0000000E+00  0.0000000E+00  0.0000000E+00  0.0000000E+00  5.0703208E+03 -1.5609338E-03
     4.2000000E+02    152.6441175  8.3034955E+06  6.2515000E+03  0.0000000E+00  1.4340163E+03  3.3815228E+02  0.0000000E+00  7.6009224E+03  2.3040514E+02  1.6361013E+00  0.0000000E+00  0.0000000E+00  0.0000000E+00  0.0000000E+00  5.0558208E+03  2.7102768E-01
     4.2100000E+02    152.6717966  8.3096915E+06  6.1960000E+03  0.0000000E+00  1.4464259E+03  3.0428494E+02  0.0000000E+00  7.5702822E+03  2.3074387E+02  1.6411313E+00  0.0000000E+00  0.0000000E+00  0.0000000E+00  0.0000000E+00  5.0417285E+03 -3.0941679E-03
     4.2200000E+02    152.6980877  8.3155765E+06  5.8850000E+03  7.8913006E+01  1.8175560E+03  3.1466516E+02  0.0000000E+00  7.5417437E+03  2.3106465E+02  1.6459507E+00  0.0000000E+00  0.0000000E+00  0.0000000E+00  0.0000000E+00  5.0279912E+03  6.9531874E-04
     4.2300000E+02    152.7373836  8.3243725E+06  8.7960000E+03  1.5861608E+03  1.1699628E+03  1.0906472E+03  0.0000000E+00  7.5224253E+03  2.3153986E+02  1.6526070E+00  0.0000000E+00  0.0000000E+00  0.0000000E+00  0.0000000E+00  5.0191401E+03  7.6598895E-04
     4.2400000E+02    152.7645183  8.3304465E+06  6.0740000E+03  0.0000000E+00  1.7420717E+03  5.4226166E+02  0.0000000E+00  7.5073408E+03  2.3196898E+02  1.6579703E+00  0.0000000E+00  0.0000000E+00  0.0000000E+00  0.0000000E+00  5.0125532E+03 -1.1949833E-03
     4.2500000E+02    152.7925813  8.3367280E+06  6.2815000E+03  0.0000000E+00  1.4430107E+03  4.6481580E+02  0.0000000E+00  7.4938193E+03  2.3228384E+02  1.6630271E+00  0.0000000E+00  0.0000000E+00  0.0000000E+00  0.0000000E+00  5.0069321E+03  2.2332268E-03
     4.2600000E+02    152.8217215  8.3432510E+06  6.5230000E+03  0.0000000E+00  1.1386981E+03  4.0526083E+02  0.0000000E+00  7.4905010E+03  2.3258060E+02  1.6682739E+00  0.0000000E+00  0.0000000E+00  0.0000000E+00  0.0000000E+00  5.0010039E+03 -2.3499553E-03
     4.2700000E+02    152.8500551  8.3495935E+06  6.3425000E+03  0.0000000E+00  1.2567198E+03  3.5820505E+02  0.0000000E+00  7.4753730E+03  2.3292412E+02  1.6734428E+00  0.0000000E+00  0.0000000E+00  0.0000000E+00  0.0000000E+00  4.9954385E+03 -3.0542596E-03
     4.2800000E+02    152.8781376  8.3558795E+06  6.2860000E+03  0.0000000E+00  1.1383791E+03  3.2017236E+02  0.0000000E+00  7.4635586E+03  2.3326482E+02  1.6785459E+00  0.0000000E+00  0.0000000E+00  0.0000000E+00  0.0000000E+00  4.9899648E+03  1.5983107E+00
     4.2900000E+02    152.9065617  8.3622420E+06  6.3625000E+03  0.0000000E+00  1.1307183E+03  2.8883664E+02  0.0000000E+00  7.4396934E+03  2.3361493E+02  1.6836896E+00  0.0000000E+00  0.0000000E+00  0.0000000E+00  0.0000000E+00  4.9850181E+03  1.6426556E-04
     4.3000000E+02    152.9332441  8.3682145E+06  5.9725000E+03  0.0000000E+00  1.4811277E+03  2.6259174E+02  0.0000000E+00  7.4268306E+03  2.3394315E+02  1.6885928E+00  0.0000000E+00  0.0000000E+00  0.0000000E+00  0.0000000E+00  4.9799717E+03  2.1209128E-03
     4.3100000E+02    152.9629245  8.3748580E+06  6.6435000E+03  0.0000000E+00  7.7687964E+02  2.4029837E+02  0.0000000E+00  7.4163125E+03  2.3430000E+02  1.6938679E+00  0.0000000E+00  0.0000000E+00  0.0000000E+00  0.0000000E+00  4.9750801E+03  3.0993437E-03
     4.3200000E+02    153.0705614  8.3989520E+06  2.4094000E+04  8.1170301E+03  1.0485279E+03  9.8035752E+03  0.0000000E+00  7.4591353E+03  2.3581712E+02  1.7105646E+00  0.0000000E+00  0.0000000E+00  0.0000000E+00  0.0000000E+00  5.0039858E+03 -1.2466883E-03
     4.3300000E+02    153.1083202  8.4074040E+06  8.4520000E+03  2.0466428E+02  5.9324929E+02  1.5564513E+03  0.0000000E+00  7.5222637E+03  2.3638141E+02  1.7199490E+00  0.0000000E+00  0.0000000E+00  0.0000000E+00  0.0000000E+00  5.0413330E+03  3.0506469E-04
     4.3400000E+02    153.1429254  8.4151500E+06  7.7460000E+03  0.0000000E+00  6.9408253E+02  1.0959669E+03  0.0000000E+00  7.5827490E+03  2.3680313E+02  1.7263406E+00  0.0000000E+00  0.0000000E+00  0.0000000E+00  0.0000000E+00  5.0779097E+03  1.1983790E-03
     4.3500000E+02    153.1770976  8.4227990E+06  7.6490000E+03  0.0000000E+00  6.3006215E+02  8.8267480E+02  0.0000000E+00  7.6354287E+03  2.3713417E+02  1.7325550E+00  0.0000000E+00  0.0000000E+00  0.0000000E+00  0.0000000E+00  5.1105591E+03  2.0521551E-03
     4.3600000E+02    153.2421971  8.4373710E+06  1.4572000E+04  3.6278241E+03  6.5551039E+02  4.1287363E+03  0.0000000E+00  7.7107759E+03  2.3804686E+02  1.7432417E+00  0.0000000E+00  0.0000000E+00  0.0000000E+00  0.0000000E+00  5.1552432E+03  2.2729351E-04
     4.3700000E+02    153.3586331  8.4634350E+06  2.6064000E+04  7.6778852E+03  8.0874851E+02  1.1551688E+04  0.0000000E+00  7.8838691E+03  2.3961928E+02  1.7625003E+00  0.0000000E+00  0.0000000E+00  0.0000000E+00  0.0000000E+00  5.2487935E+03 -2.5356426E-03
     4.3800000E+02    153.5220538  8.5000150E+06  3.6580000E+04  1.0515721E+04  1.5517596E+03  1.9481420E+04  0.0000000E+00  8.3789062E+03  2.4204111E+02  1.7904395E+00  0.0000000E+00  0.0000000E+00  0.0000000E+00  0.0000000E+00  5.5066377E+03  1.1909284E-03
     4.3900000E+02    153.5763638  8.5121720E+06  1.2157000E+04  1.0503760E+03  1.2193553E+03  3.6370991E+03  0.0000000E+00  8.9334092E+03  2.4283968E+02  1.8042495E+00  0.0000000E+00  0.0000000E+00  0.0000000E+00  0.0000000E+00  5.7942114E+03 -8.3884283E-04
     4.4000000E+02    153.6216815  8.5223160E+06  1.0144000E+04  0.0000000E+00  1.2884447E+03  2.2201433E+03  0.0000000E+00  9.4575010E+03  2.4336778E+02  1.8127961E+00  0.0000000E+00  0.0000000E+00  0.0000000E+00  0.0000000E+00  6.0650581E+03  1.6725334E-04
     4.4100000E+02    153.6731778  8.5338660E+06  1.1550000E+04  8.2495937E+02  1.3917245E+03  2.4232026E+03  0.0000000E+00  9.9397539E+03  2.4401324E+02  1.8219132E+00  0.0000000E+00  0.0000000E+00  0.0000000E+00  0.0000000E+00  6.3103169E+03  2.7028176E-03
     4.4200000E+02    153.7189183  8.5442690E+06  1.0403000E+04  0.0000000E+00  1.3696948E+03  1.6372291E+03  0.0000000E+00  1.0381191E+04  2.4449048E+02  1.8304191E+00  0.0000000E+00  0.0000000E+00  0.0000000E+00  0.0000000E+00  6.5285562E+03 -4.9484586E-03
     4.4300000E+02    153.7657411  8.5549170E+06  1.0648000E+04  0.0000000E+00  1.2527392E+03  1.3578601E+03  0.0000000E+00  1.0790426E+04  2.4517036E+02  1.8388733E+00  0.0000000E+00  0.0000000E+00  0.0000000E+00  0.0000000E+00  6.7241670E+03  4.4293157E-03
     4.4400000E+02    153.8134213  8.5657610E+06  1.0844000E+04  0.0000000E+00  1.2491260E+03  1.1535184E+03  0.0000000E+00  1.1186796E+04  2.4578880E+02  1.8474912E+00  0.0000000E+00  0.0000000E+00  0.0000000E+00  0.0000000E+00  6.9059712E+03 -3.6323401E-03
     4.4500000E+02    153.8632351  8.5770900E+06  1.1329000E+04  0.0000000E+00  1.0047691E+03  9.9658392E+02  0.0000000E+00  1.1585236E+04  2.4643718E+02  1.8564497E+00  0.0000000E+00  0.0000000E+00  0.0000000E+00  0.0000000E+00  7.0809224E+03 -1.9249003E-03
     4.4600000E+02    153.9153870  8.5889500E+06  1.1860000E+04  6.0015549E+02  1.6812574E+03  1.1898365E+03  0.0000000E+00  1.2000751E+04  2.4710469E+02  1.8658250E+00  0.0000000E+00  0.0000000E+00  0.0000000E+00  0.0000000E+00  7.2569937E+03  3.7389211E-03
     4.4700000E+02    153.9796548  8.6035660E+06  1.4616000E+04  1.5742474E+03  1.1728448E+03  1.9898829E+03  0.0000000E+00  1.2474451E+04  2.4792961E+02  1.8770434E+00  0.0000000E+00  0.0000000E+00  0.0000000E+00  0.0000000E+00  7.4511860E+03 -4.3230716E-04
     4.4800000E+02    154.0363049  8.6164490E+06  1.2883000E+04  0.0000000E+00  1.0163175E+03  1.1586061E+03  0.0000000E+00  1.2991656E+04  2.4855627E+02  1.8875958E+00  0.0000000E+00  0.0000000E+00  0.0000000E+00  0.0000000E+00  7.6584561E+03  3.5404046E-03
     4.4900000E+02    154.0946366  8.6297150E+06  1.3266000E+04  0.0000000E+00  9.9789815E+02  9.7909302E+02  0.0000000E+00  1.3536090E+04  2.4944810E+02  1.8981159E+00  0.0000000E+00  0.0000000E+00  0.0000000E+00  0.0000000E+00  7.8739917E+03 -4.2385576E-04
     4.5000000E+02    154.1550724  8.6434600E+06  1.3745000E+04  0.0000000E+00  9.6207312E+02  8.4382336E+02  0.0000000E+00  1.4114706E+04  2.5009619E+02  1.9090024E+00  0.0000000E+00  0.0000000E+00  0.0000000E+00  0.0000000E+00  8.0973760E+03 -3.6689979E-03
     4.5100000E+02    154.2171683  8.6575820E+06  1.4122000E+04  0.0000000E+00  1.0655911E+03  7.3813965E+02  0.0000000E+00  1.4702254E+04  2.5090753E+02  1.9202060E+00  0.0000000E+00  0.0000000E+00  0.0000000E+00  0.0000000E+00  8.3196348E+03 -1.6444286E-04
     4.5200000E+02    154.3432485  8.6862550E+06  2.8673000E+04  6.6417313E+03  1.1477294E+03  7.8532754E+03  0.0000000E+00  1.5580886E+04  2.5278043E+02  1.9407551E+00  0.0000000E+00  0.0000000E+00  0.0000000E+00  0.0000000E+00  8.6406807E+03  1.4676414E-03
     4.5300000E+02    154.4166253  8.7029430E+06  1.6688000E+04  0.0000000E+00  1.2242859E+03  1.6950082E+03  0.0000000E+00  1.6472584E+04  2.5382883E+02  1.9559774E+00  0.0000000E+00  0.0000000E+00  0.0000000E+00  0.0000000E+00  8.9571709E+03 -2.6338969E-03
     4.5400000E+02    154.5038233  8.7227740E+06  1.9831000E+04  1.1478234E+03  7.4869730E+02  2.3048811E+03  0.0000000E+00  1.7383697E+04  2.5496930E+02  1.9712933E+00  0.0000000E+00  0.0000000E+00  0.0000000E+00  0.0000000E+00  9.2706826E+03 -1.1342079E-03
     4.5500000E+02    154.5897253  8.7423100E+06  1.9536000E+04  7.7314202E+02  1.3292773E+03  2.0918201E+03  0.0000000E+00  1.8258252E+04  2.5592517E+02  1.9869225E+00  0.0000000E+00  0.0000000E+00  0.0000000E+00  0.0000000E+00  9.5640400E+03  1.2020247E-04
     4.5600000E+02    154.6720771  8.7610380E+06  1.8728000E+04  0.0000000E+00  1.4217951E+03  1.3541934E+03  0.0000000E+00  1.9055277E+04  2.5704333E+02  2.0019896E+00  0.0000000E+00  0.0000000E+00  0.0000000E+00  0.0000000E+00  9.8264863E+03  3.0910128E-03
     4.5700000E+02    154.7562963  8.7801920E+06  1.9154000E+04  0.0000000E+00  1.4706206E+03  1.1097584E+03  0.0000000E+00  1.9774369E+04  2.5817233E+02  2.0171988E+00  0.0000000E+00  0.0000000E+00  0.0000000E+00  0.0000000E+00  1.0059374E+04 -3.2732694E-03
     4.5800000E+02    154.8409172  8.7995860E+06  1.9394000E+04  0.0000000E+00  1.6988337E+03  9.3587653E+02  0.0000000E+00  2.0418689E+04  2.5942715E+02  2.0325341E+00  0.0000000E+00  0.0000000E+00  0.0000000E+00  0.0000000E+00  1.0265354E+04  1.2804639E-03
     4.5900000E+02    154.9291920  8.8199840E+06  2.0398000E+04  0.0000000E+00  1.1491097E+03  8.0578180E+02  0.0000000E+00  2.1004426E+04  2.6063882E+02  2.0484141E+00  0.0000000E+00  0.0000000E+00  0.0000000E+00  0.0000000E+00  1.0449458E+04  1.8805702E-03
     4.6000000E+02    155.0188881  8.8407110E+06  2.0727000E+04  0.0000000E+00  1.2494145E+03  7.0468018E+02  0.0000000E+00  2.1535594E+04  2.6191724E+02  2.0646330E+00  0.0000000E+00  0.0000000E+00  0.0000000E+00  0.0000000E+00  1.0613886E+04 -5.5326155E-04
     4.6100000E+02    155.1118226  8.8621860E+06  2.1475000E+04  0.0000000E+00  8.9655548E+02  6.2377759E+02  0.0000000E+00  2.2012969E+04  2.6293689E+02  2.0813734E+00  0.0000000E+00  0.0000000E+00  0.0000000E+00  0.0000000E+00  1.0759122E+04  7.5927429E-04
     4.6200000E+02    155.2049982  8.8837170E+06  2.1531000E+04  0.0000000E+00  1.2024132E+03  5.5753540E+02  0.0000000E+00  2.2442291E+04  2.6441034E+02  2.0982663E+00  0.0000000E+00  0.0000000E+00  0.0000000E+00  0.0000000E+00  1.0888291E+04 -4.1610369E-04
     4.6300000E+02    155.3002916  8.9057370E+06  2.2020000E+04  0.0000000E+00  1.0626387E+03  5.0229092E+02  0.0000000E+00  2.2848219E+04  2.6546866E+02  2.1154753E+00  0.0000000E+00  0.0000000E+00  0.0000000E+00  0.0000000E+00  1.1006692E+04  1.2295636E-03
     4.6400000E+02    155.3955671  8.9277540E+06  2.2017000E+04  0.0000000E+00  1.3379036E+03  4.5552368E+02  0.0000000E+00  2.3167432E+04  2.6675281E+02  2.1327585E+00  0.0000000E+00  0.0000000E+00  0.0000000E+00  0.0000000E+00  1.1103811E+04 -3.5303982E-03
     4.6500000E+02    155.4947696  8.9506770E+06  2.2923000E+04  1.9158008E+02  9.2101952E+02  4.8010367E+02  0.0000000E+00  2.3443146E+04  2.6808249E+02  2.1506109E+00  0.0000000E+00  0.0000000E+00  0.0000000E+00  0.0000000E+00  1.1185979E+04  2.3973836E-03
     4.6600000E+02    155.5941841  8.9736500E+06  2.2973000E+04  0.0000000E+00  8.8096248E+02  4.1303229E+02  0.0000000E+00  2.3712104E+04  2.6942035E+02  2.1686365E+00  0.0000000E+00  0.0000000E+00  0.0000000E+00  0.0000000E+00  1.1261060E+04 -1.7163116E-03
     4.6700000E+02    155.6929117  8.9964640E+06  2.2814000E+04  0.0000000E+00  1.1780320E+03  3.7787967E+02  0.0000000E+00  2.3886953E+04  2.7075418E+02  2.1865702E+00  0.0000000E+00  0.0000000E+00  0.0000000E+00  0.0000000E+00  1.1317756E+04 -5.7954242E-04
     4.6800000E+02    155.8192032  9.0256470E+06  2.9183000E+04  3.1084811E+03  5.6372137E+02  2.7352249E+03  0.0000000E+00  2.4178268E+04  2.7273572E+02  2.2084789E+00  0.0000000E+00  0.0000000E+00  0.0000000E+00  0.0000000E+00  1.1399622E+04  1.0213873E-03
     4.6900000E+02    155.9831575  9.0637180E+06  3.8071000E+04  6.8325947E+03  2.1406297E+03  8.7194521E+03  0.0000000E+00  2.4936531E+04  2.7503214E+02  2.2368531E+00  0.0000000E+00  0.0000000E+00  0.0000000E+00  0.0000000E+00  1.1602150E+04 -7.9111819E-04
     4.7000000E+02    156.0959982  9.0902100E+06  2.6492000E+04  4.2986726E+02  1.6828296E+03  2.2014556E+03  0.0000000E+00  2.5822904E+04  2.7661389E+02  2.2591762E+00  0.0000000E+00  0.0000000E+00  0.0000000E+00  0.0000000E+00  1.1883593E+04  1.8395773E-03
     4.7100000E+02    156.2072893  9.1163390E+06  2.6129000E+04  0.0000000E+00  1.4814873E+03  1.5074468E+03  0.0000000E+00  2.6383115E+04  2.7808701E+02  2.2794202E+00  0.0000000E+00  0.0000000E+00  0.0000000E+00  0.0000000E+00  1.2162717E+04 -1.0434197E-03
     4.7200000E+02    156.3191376  9.1425980E+06  2.6259000E+04  0.0000000E+00  1.3379500E+03  1.1978179E+03  0.0000000E+00  2.6681244E+04  2.7929831E+02  2.2996887E+00  0.0000000E+00  0.0000000E+00  0.0000000E+00  0.0000000E+00  1.2375596E+04  1.8425005E-03
     4.7300000E+02    156.4294985  9.1685090E+06  2.5911000E+04  1.5036999E+02  1.8020279E+03  1.0608947E+03  0.0000000E+00  2.6784412E+04  2.8099524E+02  2.3197616E+00  0.0000000E+00  0.0000000E+00  0.0000000E+00  0.0000000E+00  1.2524505E+04 -2.3859711E-03
     4.7400000E+02    156.5606200  9.1992930E+06  3.0784000E+04  2.7901629E+03  1.8114111E+03  3.2132231E+03  0.0000000E+00  2.6877672E+04  2.8285956E+02  2.3427933E+00  0.0000000E+00  0.0000000E+00  0.0000000E+00  0.0000000E+00  1.2651491E+04  1.3543131E-03
     4.7500000E+02    156.9781812  9.2973270E+06  9.8034000E+04  2.4285123E+04  1.7385785E+03  4.8023348E+04  0.0000000E+00  2.7755438E+04  2.8879324E+02  2.4081452E+00  0.0000000E+00  0.0000000E+00  0.0000000E+00  0.0000000E+00  1.3008706E+04  1.2492017E-04
     4.7600000E+02    157.2773733  9.3683880E+06  7.1061000E+04  1.6213935E+04  1.8593799E+03  2.7852100E+04  0.0000000E+00  2.9432832E+04  2.9332901E+02  2.8581350E+02  0.0000000E+00  0.0000000E+00  0.0000000E+00  0.0000000E+00  1.3628586E+04 -8.9287088E-04
     4.7700000E+02    157.4790868  9.4165270E+06  4.8139000E+04  7.2947702E+03  1.3885920E+03  1.1446563E+04  0.0000000E+00  3.1697949E+04  2.9613766E+02  6.1487338E+02  0.0000000E+00  0.0000000E+00  0.0000000E+00  0.0000000E+00  1.4491269E+04  1.3475361E-03
     4.7800000E+02    157.7141872  9.4726350E+06  5.6108000E+04  8.3447505E+03  6.7331538E+02  1.5355760E+04  0.0000000E+00  3.4360117E+04  2.9937213E+02  9.8037705E+02  0.0000000E+00  0.0000000E+00  0.0000000E+00  0.0000000E+00  1.5545755E+04 -7.6025061E-04
     4.7900000E+02    157.9343370  9.5251740E+06  5.2539000E+04  5.7747857E+03  9.1339012E+02  1.1828612E+04  0.0000000E+00  3.7489457E+04  3.0248413E+02  1.3374272E+03  0.0000000E+00  0.0000000E+00  0.0000000E+00  0.0000000E+00  1.6683646E+04  1.0068229E-03
     4.8000000E+02    158.1052829  9.5659710E+06  4.0797000E+04  8.9418341E+01  1.6481138E+03  4.0173738E+03  0.0000000E+00  4.0269719E+04  3.0484512E+02  1.6267070E+03  0.0000000E+00  0.0000000E+00  0.0000000E+00  0.0000000E+00  1.7649959E+04 -3.5210067E-04
     4.8100000E+02    158.2923125  9.6109380E+06  4.4967000E+04  1.5726044E+03  1.2759292E+03  4.5122593E+03  0.0000000E+00  4.2385832E+04  3.0738312E+02  1.9208292E+03  0.0000000E+00  0.0000000E+00  0.0000000E+00  0.0000000E+00  1.8360564E+04 -9.1872521E-04
     4.8200000E+02    158.4798802  9.6563750E+06  4.5437000E+04  1.5316396E+03  1.6192544E+03  4.2363857E+03  0.0000000E+00  4.3818773E+04  3.0997369E+02  2.2207874E+03  0.0000000E+00  0.0000000E+00  0.0000000E+00  0.0000000E+00  1.8834525E+04 -4.4114565E-04
     4.8300000E+02    158.6859733  9.7062990E+06  4.9924000E+04  3.2519925E+03  1.5647241E+03  6.2447598E+03  0.0000000E+00  4.4849840E+04  3.1282043E+02  2.5446320E+03  0.0000000E+00  0.0000000E+00  0.0000000E+00  0.0000000E+00  1.9174043E+04  7.6907995E-04
     4.8400000E+02    158.8641290  9.7494560E+06  4.3157000E+04  0.0000000E+00  1.7638529E+03  2.7970698E+03  0.0000000E+00  4.5277512E+04  3.1528687E+02  2.8386427E+03  0.0000000E+00  0.0000000E+00  0.0000000E+00  0.0000000E+00  1.9329600E+04 -4.1439518E-04
     4.8500000E+02    159.0378150  9.7915300E+06  4.2074000E+04  0.0000000E+00  1.8048858E+03  2.1901333E+03  0.0000000E+00  4.5124441E+04  3.1763739E+02  3.1179912E+03  0.0000000E+00  0.0000000E+00  0.0000000E+00  0.0000000E+00  1.9310135E+04  1.2383869E-04
     4.8600000E+02    159.2530011  9.8436570E+06  5.2127000E+04  5.1820555E+03  1.9512229E+03  7.5608604E+03  0.0000000E+00  4.5105086E+04  3.2059756E+02  3.4490654E+03  0.0000000E+00  0.0000000E+00  0.0000000E+00  0.0000000E+00  1.9319971E+04  1.9582571E-04
     4.8700000E+02    159.4216991  9.8848430E+06  4.1186000E+04  0.0000000E+00  2.0089213E+03  2.4863896E+03  0.0000000E+00  4.4765730E+04  3.2293524E+02  3.7339119E+03  0.0000000E+00  0.0000000E+00  0.0000000E+00  0.0000000E+00  1.9237539E+04  7.4401422E-04
     4.8800000E+02    159.5841581  9.9247870E+06  3.9944000E+04  0.0000000E+00  1.8084488E+03  1.9584816E+03  0.0000000E+00  4.4114742E+04  3.2509396E+02  3.9958917E+03  0.0000000E+00  0.0000000E+00  0.0000000E+00  0.0000000E+00  1.9059408E+04 -4.5783102E-04
     4.8900000E+02    159.7389815  9.9628540E+06  3.8067000E+04  0.0000000E+00  2.2061884E+03  1.6136934E+03  0.0000000E+00  4.3232199E+04  3.2717493E+02  4.2460992E+03  0.0000000E+00  0.0000000E+00  0.0000000E+00  0.0000000E+00  1.8805365E+04 -1.2717163E-03
     4.9000000E+02    159.9039096  1.0003405E+07  4.0551000E+04  2.1144286E+03  1.9950940E+03  3.0073313E+03  0.0000000E+00  4.2260461E+04  3.2938803E+02  4.5067995E+03  0.0000000E+00  0.0000000E+00  0.0000000E+00  0.0000000E+00  1.8514348E+04 -1.2366188E-04
     4.9100000E+02    160.0479039  1.0038808E+07  3.5403000E+04  0.0000000E+00  2.3874958E+03  1.6495215E+03  0.0000000E+00  4.1217094E+04  3.3131488E+02  4.7439334E+03  0.0000000E+00  0.0000000E+00  0.0000000E+00  0.0000000E+00  1.8192174E+04  2.0412153E-03
     4.9200000E+02    160.2837430  1.0096794E+07  5.7986000E+04  1.0310519E+04  2.3919260E+03  1.4353452E+04  0.0000000E+00  4.1140066E+04  3.3453140E+02  5.0919507E+03  0.0000000E+00  0.0000000E+00  0.0000000E+00  0.0000000E+00  1.8136262E+04 -5.5800145E-04
     4.9300000E+02    160.4705924  1.0142749E+07  4.5955000E+04  4.5803299E+03  2.5726055E+03  8.1502329E+03  0.0000000E+00  4.1540637E+04  3.3715869E+02  5.4066452E+03  0.0000000E+00  0.0000000E+00  0.0000000E+00  0.0000000E+00  1.8243729E+04 -3.8867301E-04
     4.9400000E+02    160.6235528  1.0180908E+07  3.8159000E+04  8.2654571E+02  2.2710281E+03  3.4924626E+03  0.0000000E+00  4.2112621E+04  3.3918057E+02  5.6622741E+03  0.0000000E+00  0.0000000E+00  0.0000000E+00  0.0000000E+00  1.8421625E+04  3.1969047E-04
     4.9500000E+02    160.7692210  1.0217248E+07  3.6340000E+04  0.0000000E+00  2.2492893E+03  2.3113726E+03  0.0000000E+00  4.2516648E+04  3.4108688E+02  5.8977207E+03  0.0000000E+00  0.0000000E+00  0.0000000E+00  0.0000000E+00  1.8555109E+04 -1.7427716E-04
     4.9600000E+02    160.9527439  1.0263032E+07  4.5784000E+04  4.5183835E+03  1.7230742E+03  6.5838335E+03  0.0000000E+00  4.2927258E+04  3.4354791E+02  6.1792964E+03  0.0000000E+00  0.0000000E+00  0.0000000E+00  0.0000000E+00  1.8690375E+04 -8.1697304E-04
     4.9700000E+02    161.1009095  1.0299995E+07  3.6963000E+04  0.0000000E+00  1.7609982E+03  2.3932419E+03  0.0000000E+00  4.3104004E+04  3.4554706E+02  6.4277221E+03  0.0000000E+00  0.0000000E+00  0.0000000E+00  0.0000000E+00  1.8755549E+04 -5.1514107E-05
     4.9800000E+02    161.2436191  1.0335596E+07  3.5601000E+04  0.0000000E+00  2.1304790E+03  1.8730591E+03  0.0000000E+00  4.2864543E+04  3.4740555E+02  6.6578463E+03  0.0000000E+00  0.0000000E+00  0.0000000E+00  0.0000000E+00  1.8696127E+04  1.9471177E-03
     4.9900000E+02    161.3786799  1.0369290E+07  3.3694000E+04  0.0000000E+00  2.9137947E+03  1.5413527E+03  0.0000000E+00  4.2291750E+04  3.4916385E+02  6.8764320E+03  0.0000000E+00  0.0000000E+00  0.0000000E+00  0.0000000E+00  1.8532504E+04 -6.5946166E-04
     5.0000000E+02    161.5099543  1.0402039E+07  3.2749000E+04  0.0000000E+00  2.6007451E+03  1.3024882E+03  0.0000000E+00  4.1485957E+04  3.5086237E+02  7.0877222E+03  0.0000000E+00  0.0000000E+00  0.0000000E+00  0.0000000E+00  1.8291439E+04  2.6931189E-04
     5.0100000E+02    161.6370079  1.0433871E+07  3.1832000E+04  0.0000000E+00  2.1791144E+03  1.1208910E+03  0.0000000E+00  4.0534395E+04  3.5248712E+02  7.2923969E+03  0.0000000E+00  0.0000000E+00  0.0000000E+00  0.0000000E+00  1.7996631E+04 -1.7114050E-03
     5.0200000E+02    161.7554970  1.0463863E+07  2.9992000E+04  0.0000000E+00  2.6470322E+03  9.7792792E+02  0.0000000E+00  3.9500086E+04  3.5400482E+02  7.4847560E+03  0.0000000E+00  0.0000000E+00  0.0000000E+00  0.0000000E+00  1.7665654E+04  5.5006711E-04
     5.0300000E+02    161.8676631  1.0492255E+07  2.8392000E+04  0.0000000E+00  2.8742575E+03  8.6243872E+02  0.0000000E+00  3.8425227E+04  3.5541391E+02  7.6662790E+03  0.0000000E+00  0.0000000E+00  0.0000000E+00  0.0000000E+00  1.7310643E+04 -7.2581624E-04
     5.0400000E+02    161.9738086  1.0519122E+07  2.6867000E+04  0.0000000E+00  2.9834382E+03  7.6728760E+02  0.0000000E+00  3.7278754E+04  3.5673401E+02  7.8380706E+03  0.0000000E+00  0.0000000E+00  0.0000000E+00  0.0000000E+00  1.6913715E+04  2.1047688E-03
     5.0500000E+02    162.0745770  1.0544629E+07  2.5507000E+04  0.0000000E+00  2.8732754E+03  6.8766095E+02  0.0000000E+00  3.6051359E+04  3.5797198E+02  8.0010511E+03  0.0000000E+00  0.0000000E+00  0.0000000E+00  0.0000000E+00  1.6500406E+04 -7.6021865E-04
     5.0600000E+02    162.1672589  1.0568089E+07  2.3460000E+04  9.3426968E+01  3.4202112E+03  6.6793317E+02  0.0000000E+00  3.4629781E+04  3.5909161E+02  8.1519580E+03  0.0000000E+00  0.0000000E+00  0.0000000E+00  0.0000000E+00  1.6112951E+04 -3.4215837E-04
     5.0700000E+02    162.2568950  1.0590778E+07  2.2689000E+04  0.0000000E+00  2.6369476E+03  5.8449243E+02  0.0000000E+00  3.3397824E+04  3.6011139E+02  8.2963774E+03  0.0000000E+00  0.0000000E+00  0.0000000E+00  0.0000000E+00  1.5752883E+04 -3.5059595E-04
     5.0800000E+02    162.3413786  1.0612162E+07  2.1384000E+04  0.0000000E+00  2.6190266E+03  5.3052728E+02  0.0000000E+00  3.2267574E+04  3.6115723E+02  8.4332256E+03  0.0000000E+00  0.0000000E+00  0.0000000E+00  0.0000000E+00  1.5407283E+04  2.1080680E-03
     5.0900000E+02    162.4755508  1.0646124E+07  3.3962000E+04  6.6314344E+03  1.1419785E+03  6.0994155E+03  0.0000000E+00  3.1367998E+04  3.6287628E+02  8.6320379E+03  0.0000000E+00  0.0000000E+00  0.0000000E+00  0.0000000E+00  1.5112545E+04 -1.0629529E-04
     5.1000000E+02    162.5549712  1.0666227E+07  2.0103000E+04  0.0000000E+00  2.7626336E+03  1.4605486E+03  0.0000000E+00  3.0545648E+04  3.6385635E+02  8.7766581E+03  0.0000000E+00  0.0000000E+00  0.0000000E+00  0.0000000E+00  1.4835614E+04  1.5255835E-04
     5.1100000E+02    162.7553480  1.0717025E+07  5.0798000E+04  1.2553544E+04  1.2647185E+03  1.8172729E+04  0.0000000E+00  3.0761342E+04  3.6648288E+02  9.0586076E+03  0.0000000E+00  0.0000000E+00  0.0000000E+00  0.0000000E+00  1.4843920E+04 -3.1764529E-04
     5.1200000E+02    162.8344698  1.0737333E+07  2.0308000E+04  0.0000000E+00  3.1872487E+03  2.0995073E+03  0.0000000E+00  3.0987057E+04  3.6753815E+02  9.2240350E+03  0.0000000E+00  0.0000000E+00  0.0000000E+00  0.0000000E+00  1.4879658E+04 -7.8510912E-04
     5.1300000E+02    162.9467696  1.0766156E+07  2.8823000E+04  0.0000000E+00  3.2939027E+03  1.6641117E+03  0.0000000E+00  3.0991973E+04  5.3461163E+02  4.2081221E+00  0.0000000E+00  0.0000000E+00  0.0000000E+00  0.0000000E+00  1.4869830E+04  1.1064650E-03
     5.1400000E+02    163.1477958  1.0817753E+07  5.1597000E+04  1.0128691E+04  3.4688368E+03  1.3466426E+04  0.0000000E+00  3.1846047E+04  3.7177353E+02  4.2746148E+00  0.0000000E+00  0.0000000E+00  0.0000000E+00  0.0000000E+00  1.5099236E+04 -1.2964194E-03
     5.1500000E+02    163.2891115  1.0854023E+07  3.6270000E+04  1.9486818E+03  2.4786615E+03  4.1037866E+03  0.0000000E+00  3.3074766E+04  3.7356357E+02  4.3302153E+00  0.0000000E+00  0.0000000E+00  0.0000000E+00  0.0000000E+00  1.5443638E+04  1.7371213E-03
     5.1600000E+02    163.4150531  1.0886348E+07  3.2325000E+04  0.0000000E+00  3.5136785E+03  2.3011619E+03  0.0000000E+00  3.3916738E+04  3.7511530E+02  4.3770213E+00  0.0000000E+00  0.0000000E+00  0.0000000E+00  0.0000000E+00  1.5697880E+04 -7.4958621E-04
     5.1700000E+02    163.5397202  1.0918346E+07  3.1998000E+04  0.0000000E+00  3.7230346E+03  1.8134291E+03  0.0000000E+00  3.4288316E+04  3.7668271E+02  4.4223418E+00  0.0000000E+00  0.0000000E+00  0.0000000E+00  0.0000000E+00  1.5827811E+04 -1.0928315E-03
     5.1800000E+02    163.7492226  1.0972117E+07  5.3771000E+04  8.4807759E+03  3.4117390E+03  1.4175773E+04  0.0000000E+00  3.4911039E+04  3.7955328E+02  4.4921919E+00  0.0000000E+00  0.0000000E+00  0.0000000E+00  0.0000000E+00  1.6008648E+04  1.3910281E-03
     5.1900000E+02    164.0135425  1.1040506E+07  6.8389000E+04  1.3628057E+04  2.3240955E+03  2.1153504E+04  0.0000000E+00  3.6318949E+04  3.8330811E+02  4.5841073E+00  0.0000000E+00  0.0000000E+00  0.0000000E+00  0.0000000E+00  1.6409951E+04 -6.7026593E-04
     5.2000000E+02    164.1570478  1.1077873E+07  3.7367000E+04  0.0000000E+00  2.7734746E+03  2.7604524E+03  0.0000000E+00  3.7770008E+04  3.8517624E+02  4.6449358E+00  0.0000000E+00  0.0000000E+00  0.0000000E+00  0.0000000E+00  1.6926543E+04  4.0478815E-04
     5.2100000E+02    164.3019737  1.1115610E+07  3.7737000E+04  0.0000000E+00  3.1675435E+03  2.1865774E+03  0.0000000E+00  3.9109680E+04  3.8694473E+02  4.6974105E+00  0.0000000E+00  0.0000000E+00  0.0000000E+00  0.0000000E+00  1.7409105E+04  1.7026361E-04
     5.2200000E+02    164.4480315  1.1153642E+07  3.8032000E+04  0.0000000E+00  3.3618396E+03  1.7889902E+03  0.0000000E+00  3.9998234E+04  3.8882724E+02  4.7503168E+00  0.0000000E+00  0.0000000E+00  0.0000000E+00  0.0000000E+00  1.7733039E+04 -4.5804968E-04
     5.2300000E+02    164.5935022  1.1191521E+07  3.7879000E+04  0.0000000E+00  3.5743792E+03  1.4983068E+03  0.0000000E+00  4.0350863E+04  3.9108130E+02  4.8031349E+00  0.0000000E+00  0.0000000E+00  0.0000000E+00  0.0000000E+00  1.7876953E+04 -2.2401878E-04
     5.2400000E+02    164.7585212  1.1234490E+07  4.2969000E+04  2.2636709E+03  2.0423405E+03  2.7963972E+03  0.0000000E+00  4.0350012E+04  3.9381842E+02  4.8615839E+00  0.0000000E+00  0.0000000E+00  0.0000000E+00  0.0000000E+00  1.7896947E+04  1.2903249E-04
     5.2500000E+02    164.9304557  1.1279260E+07  4.4770000E+04  3.0203098E+03  2.4901322E+03  4.4455239E+03  0.0000000E+00  4.0195926E+04  3.9687076E+02  4.9234584E+00  0.0000000E+00  0.0000000E+00  0.0000000E+00  0.0000000E+00  1.7858617E+04 -3.5241828E-04
     5.2600000E+02    165.0779067  1.1317963E+07  3.8703000E+04  0.0000000E+00  2.6887509E+03  1.9533693E+03  0.0000000E+00  3.9842551E+04  3.9937131E+02  4.9787287E+00  0.0000000E+00  0.0000000E+00  0.0000000E+00  0.0000000E+00  1.7752801E+04 -4.2991634E-04
     5.2700000E+02    165.2172958  1.1354810E+07  3.6847000E+04  0.0000000E+00  3.6355219E+03  1.5806179E+03  0.0000000E+00  3.9308492E+04  4.0167099E+02  5.0298828E+00  0.0000000E+00  0.0000000E+00  0.0000000E+00  0.0000000E+00  1.7584996E+04 -2.7704504E-04
     5.2800000E+02    165.4471673  1.1415575E+07  6.0765000E+04  1.0231742E+04  2.1312152E+03  1.3465512E+04  0.0000000E+00  3.9610266E+04  4.0568890E+02  5.1067128E+00  0.0000000E+00  0.0000000E+00  0.0000000E+00  0.0000000E+00  1.7653658E+04  8.0213614E-04
     5.2900000E+02    165.5947468  1.1454587E+07  3.9012000E+04  0.0000000E+00  2.9315182E+03  2.3574656E+03  0.0000000E+00  3.9999469E+04  4.0828598E+02  5.1662243E+00  0.0000000E+00  0.0000000E+00  0.0000000E+00  0.0000000E+00  1.7763225E+04 -8.2999992E-05
     5.3000000E+02    165.7388573  1.1492682E+07  3.8095000E+04  0.0000000E+00  3.3953561E+03  1.8493114E+03  0.0000000E+00  4.0056859E+04  4.1061707E+02  5.2187580E+00  0.0000000E+00  0.0000000E+00  0.0000000E+00  0.0000000E+00  1.7780480E+04 -4.6607096E-05
     5.3100000E+02    165.8782306  1.1529525E+07  3.6843000E+04  0.0000000E+00  4.0367055E+03  1.5237655E+03  0.0000000E+00  3.9773832E+04  4.1291812E+02  5.2696651E+00  0.0000000E+00  0.0000000E+00  0.0000000E+00  0.0000000E+00  1.7694160E+04 -7.1886746E-04
     5.3200000E+02    166.0118450  1.1564845E+07  3.5320000E+04  0.0000000E+00  4.7613567E+03  1.2888108E+03  0.0000000E+00  3.9213316E+04  4.1510468E+02  5.3185570E+00  0.0000000E+00  0.0000000E+00  0.0000000E+00  0.0000000E+00  1.7517982E+04  8.5836538E-04
     5.3300000E+02    166.1417756  1.1599222E+07  3.4377000E+04  0.0000000E+00  4.7366791E+03  1.1097869E+03  0.0000000E+00  3.8426738E+04  4.1721646E+02  5.3659619E+00  0.0000000E+00  0.0000000E+00  0.0000000E+00  0.0000000E+00  1.7260143E+04  6.6196703E-04
     5.3400000E+02    166.2638340  1.1631932E+07  3.2710000E+04  0.0000000E+00  5.2952477E+03  9.6865430E+02  0.0000000E+00  3.7460582E+04  4.1917764E+02  5.4108148E+00  0.0000000E+00  0.0000000E+00  0.0000000E+00  0.0000000E+00  1.6932189E+04 -1.5653772E-03
     5.3500000E+02    166.3829420  1.1663850E+07  3.1918000E+04  0.0000000E+00  4.7616941E+03  8.5454413E+02  0.0000000E+00  3.6252402E+04  4.2107330E+02  5.4542401E+00  0.0000000E+00  0.0000000E+00  0.0000000E+00  0.0000000E+00  1.6582162E+04  1.9474960E-03
     5.3600000E+02    166.4966176  1.1694313E+07  3.0463000E+04  0.0000000E+00  4.8508033E+03  7.6047614E+02  0.0000000E+00  3.4981656E+04  4.2286865E+02  5.4958748E+00  0.0000000E+00  0.0000000E+00  0.0000000E+00  0.0000000E+00  1.6237632E+04 -9.8360804E-05
     5.3700000E+02    166.6043644  1.1723188E+07  2.8875000E+04  0.0000000E+00  5.1845270E+03  6.8172552E+02  0.0000000E+00  3.3807020E+04  4.2454556E+02  5.5353945E+00  0.0000000E+00  0.0000000E+00  0.0000000E+00  0.0000000E+00  1.5900051E+04 -2.4974179E-03
     5.3800000E+02    166.7097921  1.1751440E+07  2.8252000E+04  0.0000000E+00  4.6235563E+03  6.1496497E+02  0.0000000E+00  3.2693012E+04  4.2617133E+02  5.5738110E+00  0.0000000E+00  0.0000000E+00  0.0000000E+00  0.0000000E+00  1.5566287E+04  2.0288872E-03
     5.3900000E+02    166.8105164  1.1778432E+07  2.6992000E+04  0.0000000E+00  4.7637801E+03  5.5776984E+02  0.0000000E+00  3.1631562E+04  4.2770987E+02  5.6106941E+00  0.0000000E+00  0.0000000E+00  0.0000000E+00  0.0000000E+00  1.5236849E+04  7.1597868E-04
     5.4000000E+02    166.9089854  1.1804820E+07  2.6388000E+04  6.8612923E+02  5.2874871E+03  7.9975677E+02  0.0000000E+00  3.0624307E+04  4.2920010E+02  5.6465814E+00  0.0000000E+00  0.0000000E+00  0.0000000E+00  0.0000000E+00  1.4913270E+04 -4.3794504E-04
     5.4100000E+02    167.0059230  1.1830798E+07  2.5978000E+04  0.0000000E+00  3.8405375E+03  5.8753430E+02  0.0000000E+00  2.9666867E+04  4.3066528E+02  5.6818606E+00  0.0000000E+00  0.0000000E+00  0.0000000E+00  0.0000000E+00  1.4595791E+04 -1.5945510E-03
     5.4200000E+02    167.0982555  1.1855541E+07  2.4743000E+04  0.0000000E+00  4.1027536E+03  5.2830713E+02  0.0000000E+00  2.8755609E+04  4.3204260E+02  5.7156922E+00  0.0000000E+00  0.0000000E+00  0.0000000E+00  0.0000000E+00  1.4284330E+04  1.3806107E-03
     5.4300000E+02    167.1840220  1.1878525E+07  2.2984000E+04  0.0000000E+00  4.9458680E+03  4.7850516E+02  0.0000000E+00  2.7890225E+04  4.3328571E+02  5.7472839E+00  0.0000000E+00  0.0000000E+00  0.0000000E+00  0.0000000E+00  1.3979550E+04 -5.9897598E-04
     5.4400000E+02    167.2638026  1.1899905E+07  2.1380000E+04  0.0000000E+00  5.6848076E+03  4.3602277E+02  0.0000000E+00  2.7068682E+04  4.3441321E+02  5.7766619E+00  0.0000000E+00  0.0000000E+00  0.0000000E+00  0.0000000E+00  1.3681533E+04 -1.0651586E-03
     5.4500000E+02    167.3728117  1.1929517E+07  2.9612000E+04  5.1455482E+03  5.3220279E+03  3.8643210E+03  0.0000000E+00  2.6366309E+04  4.3608762E+02  5.8140886E+00  0.0000000E+00  0.0000000E+00  0.0000000E+00  0.0000000E+00  1.3412840E+04  7.0669019E-04
     5.4600000E+02    167.5064483  1.1965833E+07  3.6316000E+04  6.7224527E+03  4.2124140E+03  8.4144717E+03  0.0000000E+00  2.5835158E+04  4.3827985E+02  5.8607838E+00  0.0000000E+00  0.0000000E+00  0.0000000E+00  0.0000000E+00  1.3192428E+04 -1.1536056E-03
     5.4700000E+02    167.6077312  1.1993356E+07  2.7523000E+04  2.1923867E+03  3.4123991E+03  3.8114380E+03  0.0000000E+00  2.5377779E+04  4.3986511E+02  5.8998759E+00  0.0000000E+00  0.0000000E+00  0.0000000E+00  0.0000000E+00  1.2996092E+04  1.4003527E-03
     5.4800000E+02    167.6888745  1.2015407E+07  2.2051000E+04  0.0000000E+00  4.3351646E+03  1.9041112E+03  0.0000000E+00  2.4928533E+04  4.4101321E+02  5.9307752E+00  0.0000000E+00  0.0000000E+00  0.0000000E+00  0.0000000E+00  1.2804459E+04 -1.7323814E-03
     5.4900000E+02    167.7832158  1.2041044E+07  2.5637000E+04  1.0044496E+03  1.6765203E+03  2.2721736E+03  0.0000000E+00  2.4485291E+04  4.4234769E+02  5.9640437E+00  0.0000000E+00  0.0000000E+00  0.0000000E+00  0.0000000E+00  1.2615107E+04  2.9548124E-04
     5.5000000E+02    167.8604259  1.2062025E+07  2.0981000E+04  0.0000000E+00  4.0309802E+03  1.4198085E+03  0.0000000E+00  2.4042393E+04  4.4349844E+02  5.9932979E+00  0.0000000E+00  0.0000000E+00  0.0000000E+00  0.0000000E+00  1.2424819E+04  2.8688358E-03
     5.5100000E+02    168.1133347  1.2130753E+07  6.8728000E+04  1.8588016E+04  1.6287069E+03  2.7769711E+04  0.0000000E+00  2.4452457E+04  4.4788049E+02  6.0723025E+00  0.0000000E+00  0.0000000E+00  0.0000000E+00  0.0000000E+00  1.2502708E+04 -6.6198100E-04
     5.5200000E+02    168.1989227  1.2154011E+07  2.3258000E+04  5.3706334E+02  3.8514568E+03  2.1937917E+03  0.0000000E+00  2.4834477E+04  4.4936945E+02  6.1154935E+00  0.0000000E+00  0.0000000E+00  0.0000000E+00  0.0000000E+00  1.2603355E+04  1.4170880E-03
     5.5300000E+02    168.2794017  1.2175881E+07  2.1870000E+04  0.0000000E+00  4.3388119E+03  1.6472589E+03  0.0000000E+00  2.5018082E+04  4.5036096E+02  6.1450613E+00  0.0000000E+00  0.0000000E+00  0.0000000E+00  0.0000000E+00  1.2661755E+04  8.7894994E-05
     5.5400000E+02    168.3548976  1.2196397E+07  2.0516000E+04  0.0000000E+00  5.4184766E+03  1.3870992E+03  0.0000000E+00  2.5004828E+04  4.5138507E+02  6.1728121E+00  0.0000000E+00  0.0000000E+00  0.0000000E+00  0.0000000E+00  1.2664063E+04 -4.0702551E-04
     5.5500000E+02    168.4298147  1.2216863E+07  2.0466000E+04  0.0000000E+00  5.1150340E+03  1.1981909E+03  0.0000000E+00  2.4841682E+04  4.5239566E+02  6.2000333E+00  0.0000000E+00  0.0000000E+00  0.0000000E+00  0.0000000E+00  1.2615180E+04  9.3006407E-04
     5.5600000E+02    168.5010093  1.2236467E+07  1.9604000E+04  0.0000000E+00  5.5552865E+03  1.0470828E+03  0.0000000E+00  2.4571844E+04  4.5334018E+02  6.2261322E+00  0.0000000E+00  0.0000000E+00  0.0000000E+00  0.0000000E+00  1.2524329E+04  2.8207907E-04
     5.5700000E+02    168.5702355  1.2255529E+07  1.9062000E+04  0.0000000E+00  5.6305824E+03  9.2362622E+02  0.0000000E+00  2.4229479E+04  4.5424191E+02  6.2513896E+00  0.0000000E+00  0.0000000E+00  0.0000000E+00  0.0000000E+00  1.2400854E+04  1.1647418E-04
     5.5800000E+02    168.7548423  1.2306363E+07  5.0834000E+04  1.4167440E+04  5.7354627E+03  1.8345988E+04  0.0000000E+00  2.4518824E+04  4.5733127E+02  6.3099915E+00  0.0000000E+00  0.0000000E+00  0.0000000E+00  0.0000000E+00  1.2475668E+04 -1.4931244E-03
     5.5900000E+02    168.9040456  1.2347447E+07  4.1084000E+04  7.6895375E+03  1.9794024E+03  1.0652968E+04  0.0000000E+00  2.5187670E+04  4.5992572E+02  6.3666899E+00  0.0000000E+00  0.0000000E+00  0.0000000E+00  0.0000000E+00  1.2679026E+04  1.1037602E-03
     5.6000000E+02    168.9873083  1.2370374E+07  2.2927000E+04  0.0000000E+00  4.9345275E+03  2.6882517E+03  0.0000000E+00  2.5640906E+04  4.6111691E+02  6.4016814E+00  0.0000000E+00  0.0000000E+00  0.0000000E+00  0.0000000E+00  1.2835092E+04  3.9987511E-04
     5.6100000E+02    169.0695754  1.2393027E+07  2.2653000E+04  0.0000000E+00  4.7858773E+03  2.0783955E+03  0.0000000E+00  2.5829119E+04  4.6221417E+02  6.4315994E+00  0.0000000E+00  0.0000000E+00  0.0000000E+00  0.0000000E+00  1.2918068E+04 -2.7994251E-05
     5.6200000E+02    169.1473153  1.2414434E+07  2.1407000E+04  0.0000000E+00  5.6093088E+03  1.6788827E+03  0.0000000E+00  2.5806551E+04  4.6327768E+02  6.4601312E+00  0.0000000E+00  0.0000000E+00  0.0000000E+00  0.0000000E+00  1.2934036E+04 -2.2312955E-03
     5.6300000E+02    169.2203014  1.2434531E+07  2.0097000E+04  0.0000000E+00  6.4789618E+03  1.4125680E+03  0.0000000E+00  2.5634494E+04  4.6424496E+02  6.4869548E+00  0.0000000E+00  0.0000000E+00  0.0000000E+00  0.0000000E+00  1.2895662E+04  1.3648085E-03
     5.6400000E+02    169.2937464  1.2454755E+07  2.0224000E+04  0.0000000E+00  5.8754857E+03  1.2116501E+03  0.0000000E+00  2.5359318E+04  4.6523981E+02  6.5135667E+00  0.0000000E+00  0.0000000E+00  0.0000000E+00  0.0000000E+00  1.2814923E+04 -1.0143825E-03
     5.6500000E+02    169.3611270  1.2473309E+07  1.8554000E+04  0.0000000E+00  7.0437481E+03  1.0539285E+03  0.0000000E+00  2.5016336E+04  4.6608966E+02  6.5384518E+00  0.0000000E+00  0.0000000E+00  0.0000000E+00  0.0000000E+00  1.2702163E+04 -4.3452284E-04
     5.6600000E+02    169.4832379  1.2506933E+07  3.3624000E+04  7.7431420E+03  6.6816815E+03  8.2542012E+03  0.0000000E+00  2.4783221E+04  4.6798117E+02  6.5787813E+00  0.0000000E+00  0.0000000E+00  0.0000000E+00  0.0000000E+00  1.2610196E+04  7.8545383E-04
     5.6700000E+02    169.5837615  1.2534804E+07  2.7871000E+04  3.7466327E+03  5.4354110E+03  5.3727744E+03  0.0000000E+00  2.4663303E+04  4.6955417E+02  6.6168167E+00  0.0000000E+00  0.0000000E+00  0.0000000E+00  0.0000000E+00  1.2545517E+04  3.8157462E-04
     5.6800000E+02    169.7033059  1.2568175E+07  3.3371000E+04  4.5239486E+03  1.9761619E+03  6.4707241E+03  0.0000000E+00  2.4829855E+04  4.7114459E+02  6.6588062E+00  0.0000000E+00  0.0000000E+00  0.0000000E+00  0.0000000E+00  1.2563771E+04 -1.2212304E-03
     5.6900000E+02    169.7811476  1.2589904E+07  2.1729000E+04  0.0000000E+00  5.2609366E+03  2.4909719E+03  0.0000000E+00  2.4978502E+04  4.7252261E+02  6.6900724E+00  0.0000000E+00  0.0000000E+00  0.0000000E+00  0.0000000E+00  1.2583746E+04  1.1873975E-03
     5.7000000E+02    169.8535415  1.2610113E+07  2.0209000E+04  0.0000000E+00  6.2530171E+03  1.9076393E+03  0.0000000E+00  2.5034148E+04  4.7344376E+02  6.7167315E+00  0.0000000E+00  0.0000000E+00  0.0000000E+00  0.0000000E+00  1.2582749E+04 -1.4498853E-03
     5.7100000E+02    169.9239421  1.2629765E+07  1.9652000E+04  0.0000000E+00  6.4030857E+03  1.5468568E+03  0.0000000E+00  2.4989484E+04  4.7435345E+02  6.7424168E+00  0.0000000E+00  0.0000000E+00  0.0000000E+00  0.0000000E+00  1.2555438E+04  6.0353550E-04
     5.7200000E+02    169.9895227  1.2648071E+07  1.8306000E+04  0.0000000E+00  7.3595810E+03  1.2958121E+03  0.0000000E+00  2.4852389E+04  4.7517233E+02  6.7665586E+00  0.0000000E+00  0.0000000E+00  0.0000000E+00  0.0000000E+00  1.2501204E+04  2.6068357E-03
     5.7300000E+02    170.0515869  1.2665396E+07  1.7325000E+04  0.0000000E+00  7.9410652E+03  1.1088336E+03  0.0000000E+00  2.4640029E+04  4.7592221E+02  6.7893301E+00  0.0000000E+00  0.0000000E+00  0.0000000E+00  0.0000000E+00  1.2422547E+04  3.3375260E-04
     5.7400000E+02    170.1496984  1.2692784E+07  2.7388000E+04  5.0178149E+03  6.3115708E+03  4.6695674E+03  0.0000000E+00  2.4495963E+04  4.7735291E+02  6.8223085E+00  0.0000000E+00  0.0000000E+00  0.0000000E+00  0.0000000E+00  1.2358528E+04 -1.1770170E-03
     5.7500000E+02    170.2475300  1.2720094E+07  2.7310000E+04  2.0449627E+03  1.9717612E+03  3.3101628E+03  0.0000000E+00  2.4411627E+04  4.7883774E+02  6.8578212E+00  0.0000000E+00  0.0000000E+00  0.0000000E+00  0.0000000E+00  1.2309237E+04 -2.3686767E-03
     5.7600000E+02    170.3208359  1.2740557E+07  2.0463000E+04  0.0000000E+00  5.1654820E+03  1.7825060E+03  0.0000000E+00  2.4332873E+04  4.7982550E+02  6.8861955E+00  0.0000000E+00  0.0000000E+00  0.0000000E+00  0.0000000E+00  1.2261919E+04  7.1048894E-04
     5.7700000E+02    170.3901728  1.2759912E+07  1.9355000E+04  0.0000000E+00  5.8082979E+03  1.4309337E+03  0.0000000E+00  2.4220195E+04  4.8069638E+02  6.9116382E+00  0.0000000E+00  0.0000000E+00  0.0000000E+00  0.0000000E+00  1.2205977E+04  8.6801738E-04
     5.7800000E+02    170.4621800  1.2780013E+07  2.0101000E+04  0.0000000E+00  4.6687672E+03  1.1892926E+03  0.0000000E+00  2.4068705E+04  4.8163171E+02  6.9375680E+00  0.0000000E+00  0.0000000E+00  0.0000000E+00  0.0000000E+00  1.2138579E+04 -1.3377570E-03
     5.7900000E+02    170.5296775  1.2798854E+07  1.8841000E+04  0.0000000E+00  5.5557225E+03  1.0127031E+03  0.0000000E+00  2.3874256E+04  4.8249103E+02  6.9623827E+00  0.0000000E+00  0.0000000E+00  0.0000000E+00  0.0000000E+00  1.2057372E+04  3.1470424E-03
     5.8000000E+02    170.5951077  1.2817119E+07  1.8265000E+04  0.0000000E+00  5.7649590E+03  8.7774420E+02  0.0000000E+00  2.3642205E+04  4.8330276E+02  6.9862702E+00  0.0000000E+00  0.0000000E+00  0.0000000E+00  0.0000000E+00  1.1962394E+04 -1.2187143E-03
     5.8100000E+02    170.6604707  1.2835365E+07  1.8246000E+04  0.0000000E+00  5.4150146E+03  7.7109216E+02  0.0000000E+00  2.3380982E+04  4.8411636E+02  7.0099882E+00  0.0000000E+00  0.0000000E+00  0.0000000E+00  0.0000000E+00  1.1855148E+04 -2.7495049E-04
     5.8200000E+02    170.7263391  1.2853969E+07  1.8604000E+04  0.0000000E+00  4.6874483E+03  6.8462256E+02  0.0000000E+00  2.3098992E+04  4.8494092E+02  7.0338480E+00  0.0000000E+00  0.0000000E+00  0.0000000E+00  0.0000000E+00  1.1737487E+04  8.0478197E-04
     5.8300000E+02    170.7909945  1.2872253E+07  1.8284000E+04  0.0000000E+00  4.6404590E+03  6.1309729E+02  0.0000000E+00  2.2803871E+04  4.8574399E+02  7.0573924E+00  0.0000000E+00  0.0000000E+00  0.0000000E+00  0.0000000E+00  1.1611314E+04 -1.2510959E-03
     5.8400000E+02    170.8522105  1.2889564E+07  1.7311000E+04  0.0000000E+00  5.2494553E+03  5.5297656E+02  0.0000000E+00  2.2501129E+04  4.8647177E+02  7.0798506E+00  0.0000000E+00  0.0000000E+00  0.0000000E+00  0.0000000E+00  1.1478099E+04  4.2359592E-04
     5.8500000E+02    170.9130975  1.2906782E+07  1.7218000E+04  0.0000000E+00  4.9845622E+03  5.0177454E+02  0.0000000E+00  2.2195131E+04  4.8718430E+02  7.1019637E+00  0.0000000E+00  0.0000000E+00  0.0000000E+00  0.0000000E+00  1.1339109E+04  2.5815744E-04
     5.8600000E+02    171.0144785  1.2935451E+07  2.8669000E+04  5.2027358E+03  1.9661415E+03  3.9490435E+03  0.0000000E+00  2.1979457E+04  4.8871008E+02  7.1358056E+00  0.0000000E+00  0.0000000E+00  0.0000000E+00  0.0000000E+00  1.1223475E+04  8.0305192E-04
     5.8700000E+02    171.1272362  1.2967338E+07  3.1887000E+04  5.7104845E+03  1.5138266E+03  6.2494897E+03  0.0000000E+00  2.1937859E+04  4.9041269E+02  7.1758876E+00  0.0000000E+00  0.0000000E+00  0.0000000E+00  0.0000000E+00  1.1160724E+04 -1.7227780E-03
     5.8800000E+02    171.1941625  1.2986264E+07  1.8926000E+04  0.0000000E+00  4.3870912E+03  1.8819135E+03  0.0000000E+00  2.1929645E+04  4.9137747E+02  7.2034933E+00  0.0000000E+00  0.0000000E+00  0.0000000E+00  0.0000000E+00  1.1113735E+04 -4.7574058E-04
     5.8900000E+02    171.2562497  1.3003821E+07  1.7557000E+04  0.0000000E+00  5.2875731E+03  1.4511294E+03  0.0000000E+00  2.1893203E+04  4.9208429E+02  7.2263691E+00  0.0000000E+00  0.0000000E+00  0.0000000E+00  0.0000000E+00  1.1064070E+04  1.9159495E-03
     5.9000000E+02    171.3160854  1.3020742E+07  1.6921000E+04  0.0000000E+00  5.5654181E+03  1.1734423E+03  0.0000000E+00  2.1812791E+04  4.9277982E+02  7.2482403E+00  0.0000000E+00  0.0000000E+00  0.0000000E+00  0.0000000E+00  1.1004756E+04 -9.2616578E-04
     5.9100000E+02    171.3764625  1.3037816E+07  1.7074000E+04  0.0000000E+00  5.1000811E+03  9.8046545E+02  0.0000000E+00  2.1694219E+04  4.9348431E+02  7.2701053E+00  0.0000000E+00  0.0000000E+00  0.0000000E+00  0.0000000E+00  1.0934768E+04 -6.7186716E-04
     5.9200000E+02    171.4326430  1.3053703E+07  1.5887000E+04  0.0000000E+00  5.9949247E+03  8.3868237E+02  0.0000000E+00  2.1544762E+04  4.9411044E+02  7.2907915E+00  0.0000000E+00  0.0000000E+00  0.0000000E+00  0.0000000E+00  1.0854085E+04  5.2354543E-04
     5.9300000E+02    171.4900111  1.3069926E+07  1.6223000E+04  0.0000000E+00  5.3768357E+03  7.3002533E+02  0.0000000E+00  2.1371842E+04  4.9476114E+02  7.3115180E+00  0.0000000E+00  0.0000000E+00  0.0000000E+00  0.0000000E+00  1.0763481E+04 -1.8557538E-04
     5.9400000E+02    171.5616223  1.3090177E+07  2.0251000E+04  8.1017924E+02  2.2136616E+03  9.6556567E+02  0.0000000E+00  2.1191475E+04  4.9547522E+02  7.3364644E+00  0.0000000E+00  0.0000000E+00  0.0000000E+00  0.0000000E+00  1.0665543E+04 -1.1055159E-03
     5.9500000E+02    171.6180406  1.3106131E+07  1.5954000E+04  0.0000000E+00  5.2484891E+03  7.0852704E+02  0.0000000E+00  2.0998023E+04  4.9635367E+02  7.3580348E+00  0.0000000E+00  0.0000000E+00  0.0000000E+00  0.0000000E+00  1.0591960E+04  1.6106169E-03
     5.9600000E+02    171.6814929  1.3124074E+07  1.7943000E+04  4.7486057E+02  3.5593717E+03  7.9096381E+02  0.0000000E+00  2.0802160E+04  4.9692856E+02  7.3805444E+00  0.0000000E+00  0.0000000E+00  0.0000000E+00  0.0000000E+00  1.0533633E+04  2.7779922E-01
     5.9700000E+02    171.7352757  1.3139283E+07  1.5209000E+04  0.0000000E+00  5.5071936E+03  6.2858276E+02  0.0000000E+00  2.0592809E+04  4.9771268E+02  7.4007579E+00  0.0000000E+00  0.0000000E+00  0.0000000E+00  0.0000000E+00  1.0476278E+04  3.9115161E-04
     5.9800000E+02    171.7910538  1.3155057E+07  1.5774000E+04  0.0000000E+00  4.6582674E+03  5.5715179E+02  0.0000000E+00  2.0391752E+04  5.0988498E+02  7.4208489E+00  0.0000000E+00  0.0000000E+00  0.0000000E+00  0.0000000E+00  1.0418287E+04 -3.1932234E-03
     5.9900000E+02    171.8475389  1.3171210E+07  1.6153000E+04  0.0000000E+00  4.0194956E+03  4.9882028E+02  0.0000000E+00  2.0193318E+04  5.1210034E+02  7.4412899E+00  0.0000000E+00  0.0000000E+00  0.0000000E+00  0.0000000E+00  1.0360563E+04  4.9082650E-04
     6.0000000E+02    171.8989493  1.3185943E+07  1.4733000E+04  0.0000000E+00  5.2052777E+03  4.5025989E+02  0.0000000E+00  1.9994545E+04  4.9954572E+02  7.4603093E+00  0.0000000E+00  0.0000000E+00  0.0000000E+00  0.0000000E+00  1.0302143E+04 -2.3453010E-03
     6.0100000E+02    171.9513177  1.3200950E+07  1.5007000E+04  0.0000000E+00  4.6936092E+03  4.0919275E+02  0.0000000E+00  1.9798846E+04  5.0003577E+02  7.4792386E+00  0.0000000E+00  0.0000000E+00  0.0000000E+00  0.0000000E+00  1.0244438E+04 -4.2043137E-04
     6.0200000E+02    172.0342214  1.3224708E+07  2.3758000E+04  4.7887717E+03  3.6164039E+03  3.4110146E+03  0.0000000E+00  1.9683178E+04  5.0128244E+02  7.5070997E+00  0.0000000E+00  0.0000000E+00  0.0000000E+00  0.0000000E+00  1.0208972E+04 -8.1955281E-04
     6.0300000E+02    172.0884643  1.3240252E+07  1.5544000E+04  0.0000000E+00  4.6207503E+03  1.0712030E+03  0.0000000E+00  1.9603439E+04  5.0194458E+02  7.5288581E+00  0.0000000E+00  0.0000000E+00  0.0000000E+00  0.0000000E+00  1.0184354E+04  2.0216492E-03
     6.0400000E+02    172.1678821  1.3263011E+07  2.2759000E+04  2.9549602E+03  1.9541526E+03  2.6713892E+03  0.0000000E+00  1.9596928E+04  5.0275507E+02  7.5558435E+00  0.0000000E+00  0.0000000E+00  0.0000000E+00  0.0000000E+00  1.0181250E+04 -7.3561765E-04
     6.0500000E+02    172.2228726  1.3278769E+07  1.5758000E+04  0.0000000E+00  4.5868053E+03  1.2344767E+03  0.0000000E+00  1.9622176E+04  5.0363327E+02  7.5775660E+00  0.0000000E+00  0.0000000E+00  0.0000000E+00  0.0000000E+00  1.0188892E+04  3.0528330E-03
     6.0600000E+02    172.2720725  1.3292869E+07  1.4100000E+04  0.0000000E+00  6.0294172E+03  9.9344458E+02  0.0000000E+00  1.9646916E+04  5.0410110E+02  7.5958354E+00  0.0000000E+00  0.0000000E+00  0.0000000E+00  0.0000000E+00  1.0198175E+04 -3.6431199E-03
     6.0700000E+02    172.3159608  1.3305446E+07  1.2577000E+04  0.0000000E+00  7.3858650E+03  8.2671722E+02  0.0000000E+00  1.9648348E+04  5.0448151E+02  7.6121431E+00  0.0000000E+00  0.0000000E+00  0.0000000E+00  0.0000000E+00  1.0202290E+04  5.1510829E-04
     6.0800000E+02    172.3621664  1.3318687E+07  1.3241000E+04  0.0000000E+00  6.5742194E+03  7.0508679E+02  0.0000000E+00  1.9622820E+04  5.0489963E+02  7.6287379E+00  0.0000000E+00  0.0000000E+00  0.0000000E+00  0.0000000E+00  1.0199343E+04  7.7825587E-04
     6.0900000E+02    172.4113839  1.3332791E+07  1.4104000E+04  0.0000000E+00  5.5583121E+03  6.1260675E+02  0.0000000E+00  1.9578604E+04  5.2096747E+02  7.6463750E+00  0.0000000E+00  0.0000000E+00  0.0000000E+00  0.0000000E+00  1.0190501E+04  1.4122791E-03
     6.1000000E+02    172.4554885  1.3345430E+07  1.2639000E+04  0.0000000E+00  6.9025961E+03  5.3994983E+02  0.0000000E+00  1.9515332E+04  5.0583044E+02  7.6627468E+00  0.0000000E+00  0.0000000E+00  0.0000000E+00  0.0000000E+00  1.0175617E+04  9.5439324E-04
     6.1100000E+02    172.4991476  1.3357942E+07  1.2512000E+04  0.0000000E+00  6.8904027E+03  4.8134604E+02  0.0000000E+00  1.9434324E+04  5.0619910E+02  7.6786182E+00  0.0000000E+00  0.0000000E+00  0.0000000E+00  0.0000000E+00  1.0154883E+04 -3.0695836E-03
     6.1200000E+02    172.5399534  1.3369636E+07  1.1694000E+04  0.0000000E+00  7.5612764E+03  4.3305627E+02  0.0000000E+00  1.9336186E+04  5.0652347E+02  7.6936292E+00  0.0000000E+00  0.0000000E+00  0.0000000E+00  0.0000000E+00  1.0128398E+04 -1.2744704E-03
     6.1300000E+02    172.5786460  1.3380724E+07  1.1088000E+04  0.0000000E+00  8.0120908E+03  3.9256137E+02  0.0000000E+00  1.9222236E+04  5.0683627E+02  7.7078199E+00  0.0000000E+00  0.0000000E+00  0.0000000E+00  0.0000000E+00  1.0096479E+04  8.2646473E-04
     6.1400000E+02    172.6201122  1.3392607E+07  1.1883000E+04  0.0000000E+00  7.0550590E+03  3.5810480E+02  0.0000000E+00  1.9094807E+04  5.0713562E+02  7.7226622E+00  0.0000000E+00  0.0000000E+00  0.0000000E+00  0.0000000E+00  1.0059869E+04 -3.0120811E-05
     6.1500000E+02    172.6640781  1.3405206E+07  1.2599000E+04  0.0000000E+00  6.1681312E+03  3.2842612E+02  0.0000000E+00  1.8954295E+04  5.0751944E+02  7.7384312E+00  0.0000000E+00  0.0000000E+00  0.0000000E+00  0.0000000E+00  1.0018723E+04  1.7219108E-03
     6.1600000E+02    172.7084604  1.3417925E+07  1.2719000E+04  0.0000000E+00  5.8694868E+03  3.0259689E+02  0.0000000E+00  1.8801227E+04  5.0791620E+02  7.7545025E+00  0.0000000E+00  0.0000000E+00  0.0000000E+00  0.0000000E+00  9.9731191E+03 -1.7431474E-03
     6.1700000E+02    172.7533773  1.3430797E+07  1.2872000E+04  0.0000000E+00  5.5286470E+03  2.7991785E+02  0.0000000E+00  1.8636684E+04  5.0831955E+02  7.7707592E+00  0.0000000E+00  0.0000000E+00  0.0000000E+00  0.0000000E+00  9.9233867E+03 -7.1758230E-04
     6.1800000E+02    172.7978515  1.3443542E+07  1.2745000E+04  0.0000000E+00  5.4618987E+03  2.5985196E+02  0.0000000E+00  1.8463557E+04  5.0872299E+02  7.7869261E+00  0.0000000E+00  0.0000000E+00  0.0000000E+00  0.0000000E+00  9.8704053E+03 -5.2157307E-06
     6.1900000E+02    172.8342281  1.3453966E+07  1.0424000E+04  0.0000000E+00  7.5686147E+03  2.4197948E+02  0.0000000E+00  1.8267885E+04  5.0897815E+02  7.8007108E+00  0.0000000E+00  0.0000000E+00  0.0000000E+00  0.0000000E+00  9.8104922E+03  2.5377094E-03
     6.2000000E+02    172.8685899  1.3463813E+07  9.8470000E+03  0.0000000E+00  7.9216649E+03  2.2596722E+02  0.0000000E+00  1.8059750E+04  5.0917136E+02  7.8133231E+00  0.0000000E+00  0.0000000E+00  0.0000000E+00  0.0000000E+00  9.7459062E+03  3.6849969E-04
     6.2100000E+02    172.9005482  1.3472971E+07  9.1580000E+03  0.0000000E+00  8.3813617E+03  2.1154704E+02  0.0000000E+00  1.7845281E+04  5.0932031E+02  7.8250917E+00  0.0000000E+00  0.0000000E+00  0.0000000E+00  0.0000000E+00  9.6782246E+03  1.7793217E-03
     6.2200000E+02    172.9348501  1.3482807E+07  9.8360000E+03  0.0000000E+00  7.4708829E+03  1.9850044E+02  0.0000000E+00  1.7626006E+04  5.0949664E+02  7.8373661E+00  0.0000000E+00  0.0000000E+00  0.0000000E+00  0.0000000E+00  9.6080225E+03  1.6217140E-03
     6.2300000E+02    172.9739580  1.3494173E+07  1.1366000E+04  0.0000000E+00  5.7072900E+03  1.8664767E+02  0.0000000E+00  1.7403686E+04  5.0979892E+02  7.8512053E+00  0.0000000E+00  0.0000000E+00  0.0000000E+00  0.0000000E+00  9.5359424E+03 -3.4420537E-03
     6.2400000E+02    173.0084643  1.3504201E+07  1.0028000E+04  0.0000000E+00  6.8093114E+03  1.7583926E+02  0.0000000E+00  1.7179451E+04  5.1001910E+02  7.8640578E+00  0.0000000E+00  0.0000000E+00  0.0000000E+00  0.0000000E+00  9.4623408E+03  5.5143487E-04
     6.2500000E+02    173.0410858  1.3513681E+07  9.4800000E+03  0.0000000E+00  7.1215126E+03  1.6594969E+02  0.0000000E+00  1.6953961E+04  5.1018356E+02  7.8760293E+00  0.0000000E+00  0.0000000E+00  0.0000000E+00  0.0000000E+00  9.3875029E+03  1.9736704E-03
     6.2600000E+02    173.0750924  1.3523564E+07  9.8830000E+03  0.0000000E+00  6.4838206E+03  1.5687271E+02  0.0000000E+00  1.6728066E+04  5.1036356E+02  7.8882661E+00  0.0000000E+00  0.0000000E+00  0.0000000E+00  0.0000000E+00  9.3117734E+03 -7.8657374E-04
     6.2700000E+02    173.1131856  1.3534635E+07  1.1071000E+04  0.0000000E+00  5.0623297E+03  1.4851782E+02  0.0000000E+00  1.6502883E+04  5.1065991E+02  7.9017894E+00  0.0000000E+00  0.0000000E+00  0.0000000E+00  0.0000000E+00  9.2355713E+03 -2.9441030E-03
     6.2800000E+02    173.1468470  1.3544417E+07  9.7820000E+03  0.0000000E+00  6.1186059E+03  1.4080737E+02  0.0000000E+00  1.6279067E+04  5.1079837E+02  7.9143231E+00  0.0000000E+00  0.0000000E+00  0.0000000E+00  0.0000000E+00  9.1590459E+03  3.3900419E-03
     6.2900000E+02    173.1746188  1.3552488E+07  8.0710000E+03  0.0000000E+00  7.6005943E+03  1.3367435E+02  0.0000000E+00  1.6056696E+04  5.1090869E+02  7.9248258E+00  0.0000000E+00  0.0000000E+00  0.0000000E+00  0.0000000E+00  9.0823252E+03 -3.4984143E-04
     6.3000000E+02    173.2007493  1.3560082E+07  7.5940000E+03  0.0000000E+00  7.8504038E+03  1.2706056E+02  0.0000000E+00  1.5836237E+04  5.1101483E+02  7.9344248E+00  0.0000000E+00  0.0000000E+00  0.0000000E+00  0.0000000E+00  9.0055967E+03 -3.4870027E-04
     6.3100000E+02    173.2271493  1.3567754E+07  7.6720000E+03  0.0000000E+00  7.5474398E+03  1.2091534E+02  0.0000000E+00  1.5617738E+04  5.1101184E+02  7.9439829E+00  0.0000000E+00  0.0000000E+00  0.0000000E+00  0.0000000E+00  8.9288652E+03  1.6380849E-03
     6.3200000E+02    173.2573590  1.3576534E+07  8.7800000E+03  0.0000000E+00  6.2184150E+03  1.1519423E+02  0.0000000E+00  1.5401774E+04  5.1116818E+02  7.9546662E+00  0.0000000E+00  0.0000000E+00  0.0000000E+00  0.0000000E+00  8.8524463E+03 -3.6628249E-03
     6.3300000E+02    173.2873118  1.3585239E+07  8.7050000E+03  0.0000000E+00  6.0758121E+03  1.0985815E+02  0.0000000E+00  1.5190034E+04  5.1131659E+02  7.9655515E+00  0.0000000E+00  0.0000000E+00  0.0000000E+00  0.0000000E+00  8.7768994E+03 -1.3148581E-03
     6.3400000E+02    173.3102769  1.3591913E+07  6.6740000E+03  0.0000000E+00  7.8858436E+03  1.0487255E+02  0.0000000E+00  1.4974285E+04  5.1130630E+02  7.9743901E+00  0.0000000E+00  0.0000000E+00  0.0000000E+00  0.0000000E+00  8.6987803E+03  2.1371595E-04
     6.3500000E+02    173.3271533  1.3596817E+07  4.9040000E+03  0.0000000E+00  9.4347291E+03  1.0020680E+02  0.0000000E+00  1.4758230E+04  5.1117294E+02  7.9809544E+00  0.0000000E+00  0.0000000E+00  0.0000000E+00  0.0000000E+00  8.6197725E+03  3.7331483E-03
     6.3600000E+02    173.3461031  1.3602324E+07  5.5070000E+03  0.0000000E+00  8.6140993E+03  9.5833687E+01  0.0000000E+00  1.4544445E+04  5.1106531E+02  7.9876788E+00  0.0000000E+00  0.0000000E+00  0.0000000E+00  0.0000000E+00  8.5409590E+03  8.6714962E-04
     6.3700000E+02    173.3676245  1.3608579E+07  6.2550000E+03  0.0000000E+00  7.6527273E+03  9.1728867E+01  0.0000000E+00  1.4334441E+04  5.1098065E+02  7.9953000E+00  0.0000000E+00  0.0000000E+00  0.0000000E+00  0.0000000E+00  8.4629307E+03 -3.6926977E-03
     6.3800000E+02    173.3921532  1.3615707E+07  7.1280000E+03  0.0000000E+00  6.5698712E+03  8.7870552E+01  0.0000000E+00  1.4129469E+04  5.1102661E+02  8.0039806E+00  0.0000000E+00  0.0000000E+00  0.0000000E+00  0.0000000E+00  8.3861807E+03  3.0772286E-03
     6.3900000E+02    173.4184605  1.3623353E+07  7.6460000E+03  0.0000000E+00  5.8495947E+03  8.4269127E+01  0.0000000E+00  1.3929734E+04  5.1105655E+02  8.0133956E+00  0.0000000E+00  0.0000000E+00  0.0000000E+00  0.0000000E+00  8.3107939E+03 -4.7141742E-03
     6.4000000E+02    173.4431622  1.3630531E+07  7.1780000E+03  0.0000000E+00  6.1183876E+03  8.0875404E+01  0.0000000E+00  1.3735267E+04  5.1102597E+02  8.0224736E+00  0.0000000E+00  0.0000000E+00  0.0000000E+00  0.0000000E+00  8.2367861E+03  5.1068268E-03
     6.4100000E+02    173.4640824  1.3636611E+07  6.0800000E+03  0.0000000E+00  7.0249518E+03  7.7673622E+01  0.0000000E+00  1.3546128E+04  5.1105338E+02  8.0303377E+00  0.0000000E+00  0.0000000E+00  0.0000000E+00  0.0000000E+00  8.1643145E+03 -1.7131667E-03
     6.4200000E+02    173.4829620  1.3642098E+07  5.4870000E+03  0.0000000E+00  7.4309596E+03  7.4649490E+01  0.0000000E+00  1.3361977E+04  5.1093323E+02  8.0373351E+00  0.0000000E+00  0.0000000E+00  0.0000000E+00  0.0000000E+00  8.0931719E+03 -2.2603215E-03
     6.4300000E+02    173.5028492  1.3647877E+07  5.7790000E+03  0.0000000E+00  6.9559247E+03  7.1790062E+01  0.0000000E+00  1.3182621E+04  5.1089545E+02  8.0444768E+00  0.0000000E+00  0.0000000E+00  0.0000000E+00  0.0000000E+00  8.0234346E+03  4.1223010E-03
     6.4400000E+02    173.5249981  1.3654314E+07  6.4370000E+03  0.0000000E+00  6.1211243E+03  6.9111641E+01  0.0000000E+00  1.3008323E+04  5.1141003E+02  8.0523482E+00  0.0000000E+00  0.0000000E+00  0.0000000E+00  0.0000000E+00  7.9552783E+03 -1.1649360E-03
     6.4500000E+02    173.5470026  1.3660709E+07  6.3950000E+03  0.0000000E+00  5.9924395E+03  6.6573975E+01  0.0000000E+00  1.2869644E+04  5.4085522E+02  8.0603417E+00  0.0000000E+00  0.0000000E+00  0.0000000E+00  0.0000000E+00  7.9012412E+03 -1.0644171E-03
     6.4600000E+02    173.5696439  1.3667289E+07  6.5800000E+03  0.0000000E+00  5.6721777E+03  6.4167381E+01  0.0000000E+00  1.2707838E+04  5.1181296E+02  8.0685095E+00  0.0000000E+00  0.0000000E+00  0.0000000E+00  0.0000000E+00  7.8367988E+03 -4.2435952E-04
     6.4700000E+02    173.5898605  1.3673164E+07  5.8750000E+03  0.0000000E+00  6.2157840E+03  6.1883015E+01  0.0000000E+00  1.2548122E+04  5.1087555E+02  8.0760199E+00  0.0000000E+00  0.0000000E+00  0.0000000E+00  0.0000000E+00  7.7728418E+03  2.1335676E-03
     6.4800000E+02    173.6070140  1.3678149E+07  4.9850000E+03  0.0000000E+00  6.9471589E+03  5.9712769E+01  0.0000000E+00  1.2391438E+04  5.1081693E+02  8.0824653E+00  0.0000000E+00  0.0000000E+00  0.0000000E+00  0.0000000E+00  7.7098457E+03  7.4117776E-04
     6.4900000E+02    173.6246121  1.3683264E+07  5.1150000E+03  0.0000000E+00  6.6626293E+03  5.7649216E+01  0.0000000E+00  1.2237974E+04  5.1063339E+02  8.0888174E+00  0.0000000E+00  0.0000000E+00  0.0000000E+00  0.0000000E+00  7.6475898E+03 -5.9249997E-03
     6.5000000E+02    173.6425958  1.3688490E+07  5.2260000E+03  0.0000000E+00  6.3983413E+03  5.5685513E+01  0.0000000E+00  1.2087702E+04  5.1059824E+02  8.0953137E+00  0.0000000E+00  0.0000000E+00  0.0000000E+00  0.0000000E+00  7.5866353E+03  2.9071569E-03
     6.5100000E+02    173.6603787  1.3693658E+07  5.1680000E+03  0.0000000E+00  6.3084283E+03  5.3815376E+01  0.0000000E+00  1.1948613E+04  5.1789496E+02  8.1017798E+00  0.0000000E+00  0.0000000E+00  0.0000000E+00  0.0000000E+00  7.5300815E+03  3.2545497E-05
     6.5200000E+02    173.6737348  1.3697539E+07  3.8810000E+03  0.0000000E+00  7.4600002E+03  5.2033020E+01  0.0000000E+00  1.1807908E+04  5.1031812E+02  8.1069465E+00  0.0000000E+00  0.0000000E+00  0.0000000E+00  0.0000000E+00  7.4718311E+03  4.3517356E-03
     6.5300000E+02    173.6826702  1.3700136E+07  2.5970000E+03  0.0000000E+00  8.6049953E+03  5.0357460E+01  0.0000000E+00  1.1669614E+04  5.1008707E+02  8.1105089E+00  0.0000000E+00  0.0000000E+00  0.0000000E+00  0.0000000E+00  7.4143794E+03 -1.8831370E-03
     6.5400000E+02    173.6947012  1.3703633E+07  3.4970000E+03  0.0000000E+00  7.5681702E+03  4.8758221E+01  0.0000000E+00  1.1533714E+04  5.0979611E+02  8.1146490E+00  0.0000000E+00  0.0000000E+00  0.0000000E+00  0.0000000E+00  7.3575981E+03 -5.2611828E-03
     6.5500000E+02    173.7067038  1.3707121E+07  3.4880000E+03  0.0000000E+00  7.4422753E+03  4.7230797E+01  0.0000000E+00  1.1400958E+04  5.0963028E+02  8.1190055E+00  0.0000000E+00  0.0000000E+00  0.0000000E+00  0.0000000E+00  7.3019038E+03  1.4288218E-03
     6.5600000E+02    173.7180422  1.3710416E+07  3.2950000E+03  0.0000000E+00  7.5043517E+03  4.5771011E+01  0.0000000E+00  1.1271220E+04  5.0938773E+02  8.1231672E+00  0.0000000E+00  0.0000000E+00  0.0000000E+00  0.0000000E+00  7.2471021E+03  1.1390506E-03
     6.5700000E+02    173.7329760  1.3714756E+07  4.3400000E+03  0.0000000E+00  6.3314041E+03  4.4374985E+01  0.0000000E+00  1.1144337E+04  5.0917880E+02  8.1283242E+00  0.0000000E+00  0.0000000E+00  0.0000000E+00  0.0000000E+00  7.1932056E+03  4.3640525E-06
     6.5800000E+02    173.7476617  1.3719024E+07  4.2680000E+03  0.0000000E+00  6.2782196E+03  4.3039093E+01  0.0000000E+00  1.1020214E+04  5.0900211E+02  8.1336700E+00  0.0000000E+00  0.0000000E+00  0.0000000E+00  0.0000000E+00  7.1400400E+03 -9.2684367E-04
     6.5900000E+02    173.7660827  1.3724377E+07  5.3530000E+03  0.0000000E+00  5.0702950E+03  4.1760002E+01  0.0000000E+00  1.0899060E+04  5.0892981E+02  8.1400820E+00  0.0000000E+00  0.0000000E+00  0.0000000E+00  0.0000000E+00  7.0882188E+03  4.1549890E-03
     6.6000000E+02    173.7789601  1.3728120E+07  3.7430000E+03  0.0000000E+00  6.5626676E+03  4.0534580E+01  0.0000000E+00  1.0781402E+04  5.0875754E+02  8.1451560E+00  0.0000000E+00  0.0000000E+00  0.0000000E+00  0.0000000E+00  7.0373613E+03 -5.8520096E-03
     6.6100000E+02    173.7914711  1.3731755E+07  3.6350000E+03  0.0000000E+00  6.5534702E+03  3.9359917E+01  0.0000000E+00  1.0666774E+04  5.0858643E+02  8.1497215E+00  0.0000000E+00  0.0000000E+00  0.0000000E+00  0.0000000E+00  6.9875381E+03  8.6700069E-03
     6.6200000E+02    173.8047838  1.3735624E+07  3.8690000E+03  0.0000000E+00  6.2077766E+03  3.8233288E+01  0.0000000E+00  1.0554943E+04  5.0836746E+02  8.1544930E+00  0.0000000E+00  0.0000000E+00  0.0000000E+00  0.0000000E+00  6.9386421E+03 -1.1523485E-03
     6.6300000E+02    173.8176561  1.3739365E+07  3.7410000E+03  0.0000000E+00  6.2259793E+03  3.7152172E+01  0.0000000E+00  1.0446091E+04  5.0819324E+02  8.1591949E+00  0.0000000E+00  0.0000000E+00  0.0000000E+00  0.0000000E+00  6.8908003E+03 -8.4770704E-04
     6.6400000E+02    173.8327681  1.3743757E+07  4.3920000E+03  0.0000000E+00  5.4679836E+03  3.6114178E+01  0.0000000E+00  1.0339821E+04  5.0799780E+02  8.1645149E+00  0.0000000E+00  0.0000000E+00  0.0000000E+00  0.0000000E+00  6.8438574E+03 -2.0282434E-03
     6.6500000E+02    173.8481005  1.3748213E+07  4.4560000E+03  0.0000000E+00  5.2994052E+03  3.5117096E+01  0.0000000E+00  1.0236154E+04  5.0785977E+02  8.1700614E+00  0.0000000E+00  0.0000000E+00  0.0000000E+00  0.0000000E+00  6.7978618E+03 -1.5925411E-03
     6.6600000E+02    173.8627443  1.3752469E+07  4.2560000E+03  0.0000000E+00  5.3977278E+03  3.4158836E+01  0.0000000E+00  1.0135152E+04  5.0769193E+02  8.1754239E+00  0.0000000E+00  0.0000000E+00  0.0000000E+00  0.0000000E+00  6.7528047E+03 -2.7848801E-03
     6.6700000E+02    173.8743996  1.3755856E+07  3.3870000E+03  0.0000000E+00  6.1671351E+03  3.3237453E+01  0.0000000E+00  1.0036823E+04  5.0750125E+02  8.1798692E+00  0.0000000E+00  0.0000000E+00  0.0000000E+00  0.0000000E+00  6.7086914E+03  2.4244206E-03
     6.6800000E+02    173.8861857  1.3759281E+07  3.4250000E+03  0.0000000E+00  6.0326585E+03  3.2351120E+01  0.0000000E+00  9.9410020E+03  5.0727826E+02  8.1841356E+00  0.0000000E+00  0.0000000E+00  0.0000000E+00  0.0000000E+00  6.6654741E+03  2.3304285E-03
     6.6900000E+02    173.8985698  1.3762880E+07  3.5990000E+03  0.0000000E+00  5.7646644E+03  3.1498102E+01  0.0000000E+00  9.8473809E+03  5.0701251E+02  8.1885851E+00  0.0000000E+00  0.0000000E+00  0.0000000E+00  0.0000000E+00  6.6229463E+03  1.3345233E-04
     6.7000000E+02    173.9104766  1.3766340E+07  3.4600000E+03  0.0000000E+00  5.8109542E+03  3.0676792E+01  0.0000000E+00  9.7555986E+03  5.0680688E+02  8.1929394E+00  0.0000000E+00  0.0000000E+00  0.0000000E+00  0.0000000E+00  6.5810474E+03  3.2880472E-03
     6.7100000E+02    173.9222646  1.3769766E+07  3.4260000E+03  0.0000000E+00  5.7552719E+03  2.9885664E+01  0.0000000E+00  9.6659668E+03  5.0660239E+02  8.1972246E+00  0.0000000E+00  0.0000000E+00  0.0000000E+00  0.0000000E+00  6.5400054E+03 -2.2611553E-03
     6.7200000E+02    173.9316390  1.3772491E+07  2.7250000E+03  0.0000000E+00  6.3686706E+03  2.9123289E+01  0.0000000E+00  9.5784434E+03  5.0636237E+02  8.2008007E+00  0.0000000E+00  0.0000000E+00  0.0000000E+00  0.0000000E+00  6.4997822E+03 -6.9423635E-03
     6.7300000E+02    173.9433801  1.3775903E+07  3.4120000E+03  0.0000000E+00  5.5953433E+03  2.8388319E+01  0.0000000E+00  9.4935225E+03  5.0619052E+02  8.2048885E+00  0.0000000E+00  0.0000000E+00  0.0000000E+00  0.0000000E+00  6.4607681E+03  1.8101753E-03
     6.7400000E+02    173.9570404  1.3779873E+07  3.9700000E+03  0.0000000E+00  4.9512169E+03  2.7679482E+01  0.0000000E+00  9.4070137E+03  5.0594550E+02  8.2097051E+00  0.0000000E+00  0.0000000E+00  0.0000000E+00  0.0000000E+00  6.4174136E+03 -7.1886033E-03
     6.7500000E+02    173.9680734  1.3783079E+07  3.2060000E+03  0.0000000E+00  5.6283908E+03  2.6995567E+01  0.0000000E+00  9.3217617E+03  5.0577893E+02  8.2138984E+00  0.0000000E+00  0.0000000E+00  0.0000000E+00  0.0000000E+00  6.3810444E+03  3.9955596E-03
     6.7600000E+02    173.9799408  1.3786528E+07  3.4490000E+03  0.0000000E+00  5.3087380E+03  2.6335455E+01  0.0000000E+00  9.2452041E+03  5.0572061E+02  8.2181432E+00  0.0000000E+00  0.0000000E+00  0.0000000E+00  0.0000000E+00  6.3449717E+03 -1.4798732E-03
     6.7700000E+02    173.9926535  1.3790222E+07  3.6940000E+03  0.0000000E+00  4.9878000E+03  2.5698069E+01  0.0000000E+00  9.1701885E+03  5.0535281E+02  8.2226940E+00  0.0000000E+00  0.0000000E+00  0.0000000E+00  0.0000000E+00  6.3093657E+03  5.5593383E-03
     6.7800000E+02    174.0033807  1.3793340E+07  3.1180000E+03  0.0000000E+00  5.4914428E+03  2.5082397E+01  0.0000000E+00  9.0972510E+03  5.0518222E+02  8.2267297E+00  0.0000000E+00  0.0000000E+00  0.0000000E+00  0.0000000E+00  6.2747407E+03 -5.6844526E-03
     6.7900000E+02    174.0141006  1.3796455E+07  3.1150000E+03  0.0000000E+00  5.4214148E+03  2.4487478E+01  0.0000000E+00  9.0374268E+03  5.1686603E+02  8.2306194E+00  0.0000000E+00  0.0000000E+00  0.0000000E+00  0.0000000E+00  6.2465244E+03  4.4453307E-03
     6.8000000E+02    174.0277170  1.3800412E+07  3.9570000E+03  0.0000000E+00  4.5237040E+03  2.3912415E+01  0.0000000E+00  8.9699854E+03  5.0482910E+02  8.2353491E+00  0.0000000E+00  0.0000000E+00  0.0000000E+00  0.0000000E+00  6.2140078E+03  1.4332635E-03
     6.8100000E+02    174.0372016  1.3803169E+07  2.7570000E+03  0.0000000E+00  5.6573464E+03  2.3357136E+01  0.0000000E+00  8.9007158E+03  5.0456143E+02  8.2390898E+00  0.0000000E+00  0.0000000E+00  0.0000000E+00  0.0000000E+00  6.1781792E+03 -3.4443133E-02
     6.8200000E+02    174.0477180  1.3806225E+07  3.0560000E+03  0.0000000E+00  5.2871608E+03  2.2820742E+01  0.0000000E+00  8.8332109E+03  5.0438385E+02  8.2428302E+00  0.0000000E+00  0.0000000E+00  0.0000000E+00  0.0000000E+00  6.1483481E+03  2.7567723E-03
     6.8300000E+02    174.0593286  1.3809599E+07  3.3740000E+03  0.0000000E+00  4.9085521E+03  2.2302376E+01  0.0000000E+00  8.7728818E+03  5.0416257E+02  8.2469630E+00  0.0000000E+00  0.0000000E+00  0.0000000E+00  0.0000000E+00  6.1189863E+03  2.5315699E-03
     6.8400000E+02    174.0708084  1.3812952E+07  3.3530000E+03  0.0000000E+00  4.8709307E+03  2.1801237E+01  0.0000000E+00  8.7136758E+03  5.0390765E+02  8.2511373E+00  0.0000000E+00  0.0000000E+00  0.0000000E+00  0.0000000E+00  6.0900557E+03 -7.0149917E-03
     6.8500000E+02    174.0795338  1.3815521E+07  2.5690000E+03  0.0000000E+00  5.5950910E+03  2.1316561E+01  0.0000000E+00  8.6554980E+03  5.0365613E+02  8.2545026E+00  0.0000000E+00  0.0000000E+00  0.0000000E+00  0.0000000E+00  6.0618311E+03  9.3696630E-03
     6.8600000E+02    174.0888861  1.3818276E+07  2.7550000E+03  0.0000000E+00  5.3513093E+03  2.0847628E+01  0.0000000E+00  8.5989531E+03  5.0340479E+02  8.2578501E+00  0.0000000E+00  0.0000000E+00  0.0000000E+00  0.0000000E+00  6.0338652E+03  2.1214101E-02
     6.8700000E+02    174.0997020  1.3821461E+07  3.1850000E+03  0.0000000E+00  4.8668817E+03  2.0393757E+01  0.0000000E+00  8.5434932E+03  5.0323141E+02  8.2616678E+00  0.0000000E+00  0.0000000E+00  0.0000000E+00  0.0000000E+00  6.0072954E+03  5.9753098E-03
     6.8800000E+02    174.1055859  1.3823194E+07  1.7330000E+03  0.0000000E+00  6.2666147E+03  1.9954308E+01  0.0000000E+00  8.4907490E+03  5.0290961E+02  8.2641603E+00  0.0000000E+00  0.0000000E+00  0.0000000E+00  0.0000000E+00  5.9813687E+03 -1.0040207E-03
     6.8900000E+02    174.1139735  1.3825665E+07  2.4710000E+03  0.0000000E+00  5.4773409E+03  1.9528664E+01  0.0000000E+00  8.4390146E+03  5.0259631E+02  8.2670216E+00  0.0000000E+00  0.0000000E+00  0.0000000E+00  0.0000000E+00  5.9559160E+03 -7.8161545E-03
     6.9000000E+02    174.1244773  1.3828758E+07  3.0930000E+03  0.0000000E+00  4.8031681E+03  1.9116253E+01  0.0000000E+00  8.3882725E+03  5.0237283E+02  8.2706787E+00  0.0000000E+00  0.0000000E+00  0.0000000E+00  0.0000000E+00  5.9309814E+03  6.8647764E-03
     6.9100000E+02    174.1329122  1.3831242E+07  2.4840000E+03  0.0000000E+00  5.3628032E+03  1.8716524E+01  0.0000000E+00  8.3387080E+03  5.0210175E+02  8.2738889E+00  0.0000000E+00  0.0000000E+00  0.0000000E+00  0.0000000E+00  5.9065317E+03  2.9446122E-03
     6.9200000E+02    174.1376053  1.3832625E+07  1.3830000E+03  0.0000000E+00  6.4164244E+03  1.8328957E+01  0.0000000E+00  8.2903643E+03  5.0177515E+02  8.2758630E+00  0.0000000E+00  0.0000000E+00  0.0000000E+00  0.0000000E+00  5.8825723E+03 -9.4086789E-03
     6.9300000E+02    174.1391022  1.3833066E+07  4.4100000E+02  0.0000000E+00  7.3106068E+03  1.7953053E+01  0.0000000E+00  8.2431602E+03  5.0136502E+02  8.2766380E+00  0.0000000E+00  0.0000000E+00  0.0000000E+00  0.0000000E+00  5.8590498E+03 -1.6431464E-03
     6.9400000E+02    174.1414762  1.3833765E+07  6.9900000E+02  0.0000000E+00  7.0077234E+03  1.7588348E+01  0.0000000E+00  8.1992959E+03  5.0171164E+02  8.2774356E+00  0.0000000E+00  0.0000000E+00  0.0000000E+00  0.0000000E+00  5.8373276E+03  2.0857872E-03
     6.9500000E+02    174.1462015  1.3835156E+07  1.3910000E+03  0.0000000E+00  6.2731387E+03  1.7234406E+01  0.0000000E+00  8.1613301E+03  5.0544360E+02  8.2789793E+00  0.0000000E+00  0.0000000E+00  0.0000000E+00  0.0000000E+00  5.8184697E+03  8.6031388E-03
     6.9600000E+02    174.1557586  1.3837971E+07  2.8150000E+03  0.0000000E+00  4.8109133E+03  1.6890795E+01  0.0000000E+00  8.1175361E+03  5.0045129E+02  8.2820960E+00  0.0000000E+00  0.0000000E+00  0.0000000E+00  0.0000000E+00  5.7962617E+03 -2.7011929E-03
     6.9700000E+02    174.1681304  1.3841615E+07  3.6440000E+03  0.0000000E+00  3.9384844E+03  1.6557123E+01  0.0000000E+00  8.0742070E+03  5.0026465E+02  8.2863801E+00  0.0000000E+00  0.0000000E+00  0.0000000E+00  0.0000000E+00  5.7742803E+03 -3.3554849E-03
     6.9800000E+02    174.1790447  1.3844829E+07  3.2140000E+03  0.0000000E+00  4.3221543E+03  1.6233004E+01  0.0000000E+00  8.0325283E+03  5.0383890E+02  8.2904455E+00  0.0000000E+00  0.0000000E+00  0.0000000E+00  0.0000000E+00  5.7538833E+03  5.9330752E-03
     6.9900000E+02    174.1896318  1.3847948E+07  3.1190000E+03  0.0000000E+00  4.3809835E+03  1.5918078E+01  0.0000000E+00  7.9913652E+03  4.9989374E+02  8.2943101E+00  0.0000000E+00  0.0000000E+00  0.0000000E+00  0.0000000E+00  5.7329590E+03 -1.1092196E-02
     7.0000000E+02    174.1971805  1.3850171E+07  2.2230000E+03  0.0000000E+00  5.2228926E+03  1.5611998E+01  0.0000000E+00  7.9501060E+03  4.9960876E+02  8.2972692E+00  0.0000000E+00  0.0000000E+00  0.0000000E+00  0.0000000E+00  5.7098638E+03  1.4962801E-01
     7.0100000E+02    174.2051703  1.3852524E+07  2.3530000E+03  0.0000000E+00  5.0607465E+03  1.5314428E+01  0.0000000E+00  7.9062705E+03  4.9938712E+02  8.3001358E+00  0.0000000E+00  0.0000000E+00  0.0000000E+00  0.0000000E+00  5.6898857E+03  1.9046555E-03
     7.0200000E+02    174.2113412  1.3854341E+07  1.8170000E+03  0.0000000E+00  5.5575741E+03  1.5025060E+01  0.0000000E+00  7.8673545E+03  4.9905008E+02  8.3025065E+00  0.0000000E+00  0.0000000E+00  0.0000000E+00  0.0000000E+00  5.6697095E+03  5.7361922E-03
     7.0300000E+02    174.2192064  1.3856658E+07  2.3170000E+03  0.0000000E+00  5.0180561E+03  1.4743588E+01  0.0000000E+00  7.8313799E+03  5.0329556E+02  8.3052370E+00  0.0000000E+00  0.0000000E+00  0.0000000E+00  0.0000000E+00  5.6514585E+03 -6.7957523E-03
     7.0400000E+02    174.2287031  1.3859455E+07  2.7970000E+03  0.0000000E+00  4.5043621E+03  1.4469727E+01  0.0000000E+00  7.7937817E+03  4.9859360E+02  8.3085639E+00  0.0000000E+00  0.0000000E+00  0.0000000E+00  0.0000000E+00  5.6313936E+03 -1.6884181E-04
     7.0500000E+02    174.2374031  1.3862017E+07  2.5620000E+03  0.0000000E+00  4.6826949E+03  1.4203197E+01  0.0000000E+00  7.7554321E+03  4.9833698E+02  8.3117780E+00  0.0000000E+00  0.0000000E+00  0.0000000E+00  0.0000000E+00  5.6097065E+03  2.3542294E-01
     7.0600000E+02    174.2449651  1.3864244E+07  2.2270000E+03  0.0000000E+00  4.9948434E+03  1.3943743E+01  0.0000000E+00  7.7144644E+03  4.9808792E+02  8.3146040E+00  0.0000000E+00  0.0000000E+00  0.0000000E+00  0.0000000E+00  5.5906079E+03  2.1038959E-03
     7.0700000E+02    174.2532262  1.3866677E+07  2.4330000E+03  0.0000000E+00  4.7527727E+03  1.3691108E+01  0.0000000E+00  7.6783184E+03  4.9784128E+02  8.3175504E+00  0.0000000E+00  0.0000000E+00  0.0000000E+00  0.0000000E+00  5.5715366E+03  1.0156644E-03
     7.0800000E+02    174.2660461  1.3870453E+07  3.7760000E+03  0.0000000E+00  3.3733219E+03  1.3445053E+01  0.0000000E+00  7.6415649E+03  4.9766553E+02  8.3218705E+00  0.0000000E+00  0.0000000E+00  0.0000000E+00  0.0000000E+00  5.5525176E+03 -3.9100721E-03
     7.0900000E+02    174.2777419  1.3873898E+07  3.4450000E+03  0.0000000E+00  3.6271901E+03  1.3205349E+01  0.0000000E+00  7.6076104E+03  4.9746555E+02  8.3261952E+00  0.0000000E+00  0.0000000E+00  0.0000000E+00  0.0000000E+00  5.5313394E+03  5.6206560E-01
     7.1000000E+02    174.2877936  1.3876858E+07  2.9600000E+03  0.0000000E+00  4.1123667E+03  1.2971775E+01  0.0000000E+00  7.5654326E+03  4.9726630E+02  8.3299612E+00  0.0000000E+00  0.0000000E+00  0.0000000E+00  0.0000000E+00  5.5126001E+03  5.8245277E-03
     7.1100000E+02    174.2968564  1.3879527E+07  2.6690000E+03  0.0000000E+00  4.3679940E+03  1.2744122E+01  0.0000000E+00  7.5297959E+03  4.9704337E+02  8.3333208E+00  0.0000000E+00  0.0000000E+00  0.0000000E+00  0.0000000E+00  5.4940337E+03  2.2398995E-03
     7.1200000E+02    174.3072714  1.3882595E+07  3.0680000E+03  0.0000000E+00  3.9356562E+03  1.2522186E+01  0.0000000E+00  7.4949360E+03  4.9683496E+02  8.3370012E+00  0.0000000E+00  0.0000000E+00  0.0000000E+00  0.0000000E+00  5.4755161E+03 -1.8250082E-02
     7.1300000E+02    174.3192045  1.3886109E+07  3.5140000E+03  0.0000000E+00  3.4527295E+03  1.2305777E+01  0.0000000E+00  7.4599922E+03  4.9667065E+02  8.3412202E+00  0.0000000E+00  0.0000000E+00  0.0000000E+00  0.0000000E+00  5.4573936E+03  7.4461228E-03
     7.1400000E+02    174.3297828  1.3889225E+07  3.1160000E+03  0.0000000E+00  3.7815428E+03  1.2094704E+01  0.0000000E+00  7.4286191E+03  4.9642377E+02  8.3451563E+00  0.0000000E+00  0.0000000E+00  0.0000000E+00  0.0000000E+00  5.4374912E+03  5.1611102E-01
     7.1500000E+02    174.3411384  1.3892569E+07  3.3440000E+03  0.0000000E+00  3.5527920E+03  1.1888796E+01  0.0000000E+00  7.3899360E+03  4.9623657E+02  8.3492196E+00  0.0000000E+00  0.0000000E+00  0.0000000E+00  0.0000000E+00  5.4202827E+03  6.0393414E-03
     7.1600000E+02    174.3501973  1.3895237E+07  2.6680000E+03  0.0000000E+00  4.1976122E+03  1.1687879E+01  0.0000000E+00  7.3583408E+03  4.9601468E+02  8.3526727E+00  0.0000000E+00  0.0000000E+00  0.0000000E+00  0.0000000E+00  5.4030625E+03  6.6914805E-04
     7.1700000E+02    174.3603787  1.3898236E+07  2.9990000E+03  0.0000000E+00  3.8351074E+03  1.1491791E+01  0.0000000E+00  7.3264277E+03  4.9582843E+02  8.3562850E+00  0.0000000E+00  0.0000000E+00  0.0000000E+00  0.0000000E+00  5.3862314E+03 -5.0838236E-03
     7.1800000E+02    174.3712690  1.3901443E+07  3.2070000E+03  0.0000000E+00  3.5975608E+03  1.1300373E+01  0.0000000E+00  7.2975776E+03  4.9556290E+02  8.3601844E+00  0.0000000E+00  0.0000000E+00  0.0000000E+00  0.0000000E+00  5.3677500E+03  5.3912923E-03
     7.1900000E+02    174.3814393  1.3904439E+07  2.9960000E+03  0.0000000E+00  3.7744220E+03  1.1113479E+01  0.0000000E+00  7.2624141E+03  4.9535843E+02  8.3639264E+00  0.0000000E+00  0.0000000E+00  0.0000000E+00  0.0000000E+00  5.3516895E+03 -8.4786816E-03
     7.2000000E+02    174.3915748  1.3907424E+07  2.9850000E+03  0.0000000E+00  3.7569175E+03  1.0930959E+01  0.0000000E+00  7.2345728E+03  4.9513000E+02  8.3676060E+00  0.0000000E+00  0.0000000E+00  0.0000000E+00  0.0000000E+00  5.3343667E+03  1.2265149E-03
     7.2100000E+02    174.4025597  1.3910659E+07  3.2350000E+03  0.0000000E+00  3.4745179E+03  1.0752678E+01  0.0000000E+00  7.2023643E+03  4.9494077E+02  8.3715295E+00  0.0000000E+00  0.0000000E+00  0.0000000E+00  0.0000000E+00  5.3186274E+03  3.9736098E-03
     7.2200000E+02    174.4156168  1.3914505E+07  3.8460000E+03  0.0000000E+00  2.8352063E+03  1.0578502E+01  0.0000000E+00  7.1733838E+03  4.9480640E+02  8.3761162E+00  0.0000000E+00  0.0000000E+00  0.0000000E+00  0.0000000E+00  5.3032959E+03 -5.9370254E-03
     7.2300000E+02    174.4263109  1.3917654E+07  3.1490000E+03  0.0000000E+00  3.5039369E+03  1.0408301E+01  0.0000000E+00  7.1461216E+03  4.9459225E+02  8.3801673E+00  0.0000000E+00  0.0000000E+00  0.0000000E+00  0.0000000E+00  5.2879453E+03  8.6718770E-03
     7.2400000E+02    174.4363740  1.3920618E+07  2.9640000E+03  0.0000000E+00  3.6620752E+03  1.0241956E+01  0.0000000E+00  7.1184111E+03  4.9438290E+02  8.3838640E+00  0.0000000E+00  0.0000000E+00  0.0000000E+00  0.0000000E+00  5.2727778E+03 -2.6439293E-03
     7.2500000E+02    174.4447031  1.3923071E+07  2.4530000E+03  0.0000000E+00  4.1457022E+03  1.0079345E+01  0.0000000E+00  7.0912407E+03  4.9414438E+02  8.3870115E+00  0.0000000E+00  0.0000000E+00  0.0000000E+00  0.0000000E+00  5.2577788E+03  1.2101624E-03
     7.2600000E+02    174.4518309  1.3925170E+07  2.0990000E+03  0.0000000E+00  4.4730489E+03  9.9203558E+00  0.0000000E+00  7.0646660E+03  4.9387256E+02  8.3896846E+00  0.0000000E+00  0.0000000E+00  0.0000000E+00  0.0000000E+00  5.2424556E+03  3.8926746E-03
     7.2700000E+02    174.4586478  1.3927178E+07  2.0080000E+03  0.0000000E+00  4.5373319E+03  9.7648783E+00  0.0000000E+00  7.0372769E+03  4.9360226E+02  8.3921802E+00  0.0000000E+00  0.0000000E+00  0.0000000E+00  0.0000000E+00  5.2280908E+03 -4.0395386E-03
     7.2800000E+02    174.4631422  1.3928502E+07  1.3240000E+03  0.0000000E+00  5.1961597E+03  9.6128073E+00  0.0000000E+00  7.0119277E+03  4.9329623E+02  8.3939793E+00  0.0000000E+00  0.0000000E+00  0.0000000E+00  0.0000000E+00  5.2139067E+03 -4.4088662E-03
     7.2900000E+02    174.4688365  1.3930179E+07  1.6770000E+03  0.0000000E+00  4.8180041E+03  9.4640417E+00  0.0000000E+00  6.9870171E+03  4.9300586E+02  8.3959580E+00  0.0000000E+00  0.0000000E+00  0.0000000E+00  0.0000000E+00  5.1999370E+03  1.0747591E-03
     7.3000000E+02    174.4769850  1.3932579E+07  2.4000000E+03  0.0000000E+00  4.0456108E+03  9.3184834E+00  0.0000000E+00  6.9641421E+03  4.9269376E+02  8.3987362E+00  0.0000000E+00  0.0000000E+00  0.0000000E+00  0.0000000E+00  5.1846655E+03  3.8369524E-01
     7.3100000E+02    174.4869429  1.3935512E+07  2.9330000E+03  0.0000000E+00  3.5114228E+03  9.1760387E+00  0.0000000E+00  6.9359829E+03  4.9251184E+02  8.4022175E+00  0.0000000E+00  0.0000000E+00  0.0000000E+00  0.0000000E+00  5.1714043E+03 -2.5555964E-03
     7.3200000E+02    174.4951655  1.3937933E+07  2.4210000E+03  0.0000000E+00  3.9994335E+03  9.0366163E+00  0.0000000E+00  6.9128032E+03  4.9227444E+02  8.4053265E+00  0.0000000E+00  0.0000000E+00  0.0000000E+00  0.0000000E+00  5.1582554E+03  1.0496668E-02
     7.3300000E+02    174.5053368  1.3940929E+07  2.9960000E+03  0.0000000E+00  3.3622672E+03  8.9001293E+00  0.0000000E+00  6.8930547E+03  4.9197427E+02  8.4088752E+00  0.0000000E+00  0.0000000E+00  0.0000000E+00  0.0000000E+00  5.1438047E+03  6.2741935E-01
     7.3400000E+02    174.5188664  1.3944914E+07  3.9850000E+03  0.0000000E+00  2.3885481E+03  8.7664948E+00  0.0000000E+00  6.8648237E+03  4.9187158E+02  8.4135399E+00  0.0000000E+00  0.0000000E+00  0.0000000E+00  0.0000000E+00  5.1312153E+03 -3.5341054E-03
     7.3500000E+02    174.5302693  1.3948272E+07  3.3580000E+03  0.0000000E+00  2.9384562E+03  8.6356316E+00  0.0000000E+00  6.8475615E+03  4.9160953E+02  8.4178311E+00  0.0000000E+00  0.0000000E+00  0.0000000E+00  0.0000000E+00  5.1173350E+03  8.7094378E-01
     7.3600000E+02    174.5413024  1.3951522E+07  3.2500000E+03  0.0000000E+00  3.0781523E+03  8.5074587E+00  0.0000000E+00  6.8189985E+03  4.9146448E+02  8.4218606E+00  0.0000000E+00  0.0000000E+00  0.0000000E+00  0.0000000E+00  5.1051768E+03 -7.8024808E-03
     7.3700000E+02    174.5529577  1.3954954E+07  3.4320000E+03  0.0000000E+00  2.8744425E+03  8.3819027E+00  0.0000000E+00  6.7984424E+03  4.9122900E+02  8.4260439E+00  0.0000000E+00  0.0000000E+00  0.0000000E+00  0.0000000E+00  5.0929072E+03  1.0677617E-02
     7.3800000E+02    174.5641328  1.3958246E+07  3.2920000E+03  0.0000000E+00  2.9945952E+03  8.2588921E+00  0.0000000E+00  6.7771016E+03  4.9104385E+02  8.4301330E+00  0.0000000E+00  0.0000000E+00  0.0000000E+00  0.0000000E+00  5.0807163E+03 -1.0448736E-02
     7.3900000E+02    174.5740547  1.3961168E+07  2.9220000E+03  0.0000000E+00  3.3426324E+03  8.1383553E+00  0.0000000E+00  6.7559575E+03  4.9083914E+02  8.4338235E+00  0.0000000E+00  0.0000000E+00  0.0000000E+00  0.0000000E+00  5.0686401E+03  2.8153015E-03
     7.4000000E+02    174.5829994  1.3963802E+07  2.6340000E+03  0.0000000E+00  3.6097897E+03  8.0202246E+00  0.0000000E+00  6.7352363E+03  4.9061340E+02  8.4371395E+00  0.0000000E+00  0.0000000E+00  0.0000000E+00  0.0000000E+00  5.0566289E+03  6.1693578E-03
     7.4100000E+02    174.5903393  1.3965964E+07  2.1620000E+03  0.0000000E+00  4.0619614E+03  7.9044347E+00  0.0000000E+00  6.7145884E+03  4.9036072E+02  8.4399187E+00  0.0000000E+00  0.0000000E+00  0.0000000E+00  0.0000000E+00  5.0447783E+03 -4.0093944E-03
     7.4200000E+02    174.5996773  1.3968714E+07  2.7500000E+03  0.0000000E+00  3.4354739E+03  7.7909226E+00  0.0000000E+00  6.7025928E+03  5.1622760E+02  8.4431615E+00  0.0000000E+00  0.0000000E+00  0.0000000E+00  0.0000000E+00  5.0384873E+03  3.5654863E-03
     7.4300000E+02    174.6083208  1.3971260E+07  2.5460000E+03  0.0000000E+00  3.6310743E+03  7.6991591E+00  0.0000000E+00  6.6872456E+03  5.0973438E+02  8.4463477E+00  0.0000000E+00  0.0000000E+00  0.0000000E+00  0.0000000E+00  5.0297324E+03 -4.6312343E-03
     7.4400000E+02    174.6165757  1.3973691E+07  2.4310000E+03  0.0000000E+00  3.6916537E+03  7.6089230E+00  0.0000000E+00  6.6733262E+03  4.8996915E+02  8.4493707E+00  0.0000000E+00  0.0000000E+00  0.0000000E+00  0.0000000E+00  5.0174751E+03  8.9602417E-01
     7.4500000E+02    174.6258283  1.3976416E+07  2.7250000E+03  0.0000000E+00  3.4322439E+03  7.5201793E+00  0.0000000E+00  6.6480054E+03  4.8976337E+02  8.4526551E+00  0.0000000E+00  0.0000000E+00  0.0000000E+00  0.0000000E+00  5.0065254E+03  9.8308828E-04
     7.4600000E+02    174.6366475  1.3979603E+07  3.1870000E+03  0.0000000E+00  2.9526324E+03  7.4328938E+00  0.0000000E+00  6.6297051E+03  4.8957761E+02  8.4564665E+00  0.0000000E+00  0.0000000E+00  0.0000000E+00  0.0000000E+00  4.9955283E+03 -7.9600615E-03
     7.4700000E+02    174.6681639  1.3988885E+07  9.2820000E+03  3.1677801E+03  1.0821531E+03  1.0744088E+03  0.0000000E+00  6.6205239E+03  4.8979938E+02  8.4663986E+00  0.0000000E+00  0.0000000E+00  0.0000000E+00  0.0000000E+00  4.9902554E+03  2.7060027E-03
     7.4800000E+02    174.6817070  1.3992874E+07  3.9890000E+03  0.0000000E+00  2.4553286E+03  3.2566867E+02  0.0000000E+00  6.6164858E+03  4.8964215E+02  8.4726160E+00  0.0000000E+00  0.0000000E+00  0.0000000E+00  0.0000000E+00  4.9871504E+03 -4.1638734E-03
     7.4900000E+02    174.6937575  1.3996423E+07  3.5490000E+03  0.0000000E+00  2.8412048E+03  2.7478323E+02  0.0000000E+00  6.6134653E+03  4.8945398E+02  8.4770961E+00  0.0000000E+00  0.0000000E+00  0.0000000E+00  0.0000000E+00  4.9847368E+03  1.6374695E-03
     7.5000000E+02    174.7058257  1.3999977E+07  3.5540000E+03  0.0000000E+00  2.7939379E+03  2.3555380E+02  0.0000000E+00  6.6104810E+03  4.8928021E+02  8.4814731E+00  0.0000000E+00  0.0000000E+00  0.0000000E+00  0.0000000E+00  4.9822793E+03  4.8927730E-03
     7.5100000E+02    174.7199171  1.4004127E+07  4.1500000E+03  1.0284029E+02  2.3090362E+03  2.4213196E+02  0.0000000E+00  6.6118730E+03  4.8911792E+02  8.4864385E+00  0.0000000E+00  0.0000000E+00  0.0000000E+00  0.0000000E+00  4.9791533E+03  2.9478609E-03
     7.5200000E+02    174.7408233  1.4010285E+07  6.1580000E+03  6.5130194E+02  1.0215866E+03  4.2433264E+02  0.0000000E+00  6.6009585E+03  4.8916434E+02  8.4935286E+00  0.0000000E+00  0.0000000E+00  0.0000000E+00  0.0000000E+00  4.9766274E+03 -8.4851077E-03
     7.5300000E+02    174.7635949  1.4016991E+07  6.7060000E+03  1.0457156E+03  1.1152289E+03  6.7241547E+02  0.0000000E+00  6.6013057E+03  4.8917773E+02  8.5016546E+00  0.0000000E+00  0.0000000E+00  0.0000000E+00  0.0000000E+00  4.9764014E+03  6.3504339E-03
     7.5400000E+02    174.8547885  1.4043850E+07  2.6859000E+04  1.1214098E+04  1.0968181E+03  1.0528470E+04  0.0000000E+00  6.7116465E+03  4.9050861E+02  8.5297742E+00  0.0000000E+00  0.0000000E+00  0.0000000E+00  0.0000000E+00  5.0351880E+03 -2.2514239E-03
     7.5500000E+02    174.8744687  1.4049646E+07  5.7960000E+03  0.0000000E+00  1.9000562E+03  1.3551587E+03  0.0000000E+00  6.8402554E+03  4.9058356E+02  8.5421029E+00  0.0000000E+00  0.0000000E+00  0.0000000E+00  0.0000000E+00  5.1043271E+03  2.8359992E-03
     7.5600000E+02    174.8937304  1.4055319E+07  5.6730000E+03  0.0000000E+00  1.8101847E+03  1.0267972E+03  0.0000000E+00  6.9553838E+03  4.9049725E+02  8.5491212E+00  0.0000000E+00  0.0000000E+00  0.0000000E+00  0.0000000E+00  5.1670659E+03 -6.2394835E-04
     7.5700000E+02    174.9130309  1.4061003E+07  5.6840000E+03  0.0000000E+00  1.6820571E+03  8.1567590E+02  0.0000000E+00  7.0497290E+03  4.9038425E+02  8.5561205E+00  0.0000000E+00  0.0000000E+00  0.0000000E+00  0.0000000E+00  5.2189521E+03  5.1774392E-03
     7.5800000E+02    174.9297350  1.4065923E+07  4.9200000E+03  0.0000000E+00  2.3761399E+03  6.7088995E+02  0.0000000E+00  7.1238726E+03  4.9036771E+02  8.5623690E+00  0.0000000E+00  0.0000000E+00  0.0000000E+00  0.0000000E+00  5.2599702E+03 -3.9401958E-03
     7.5900000E+02    174.9651667  1.4076358E+07  1.0435000E+04  2.7405918E+03  1.0457207E+03  2.0459685E+03  0.0000000E+00  7.1935996E+03  4.9051141E+02  8.5738644E+00  0.0000000E+00  0.0000000E+00  0.0000000E+00  0.0000000E+00  5.2972490E+03  2.9589937E-03
     7.6000000E+02    174.9854301  1.4082326E+07  5.9680000E+03  0.0000000E+00  1.7210902E+03  9.3326337E+02  0.0000000E+00  7.2549321E+03  4.9055692E+02  8.5823164E+00  0.0000000E+00  0.0000000E+00  0.0000000E+00  0.0000000E+00  5.3306982E+03 -4.1742637E-04
     7.6100000E+02    175.0042242  1.4087862E+07  5.5360000E+03  0.0000000E+00  2.0326707E+03  7.5877026E+02  0.0000000E+00  7.3083228E+03  4.9058408E+02  8.5892413E+00  0.0000000E+00  0.0000000E+00  0.0000000E+00  0.0000000E+00  5.3590137E+03 -9.3151880E-03
     7.6200000E+02    175.0186002  1.4092096E+07  4.2340000E+03  0.0000000E+00  3.2546033E+03  6.3523578E+02  0.0000000E+00  7.3524219E+03  4.9043826E+02  8.5947774E+00  0.0000000E+00  0.0000000E+00  0.0000000E+00  0.0000000E+00  5.3819863E+03  2.6896966E-04
     7.6300000E+02    175.0320641  1.4096061E+07  3.9650000E+03  0.0000000E+00  3.4671513E+03  5.4377216E+02  0.0000000E+00  7.3876611E+03  4.9027524E+02  8.5997281E+00  0.0000000E+00  0.0000000E+00  0.0000000E+00  0.0000000E+00  5.4001934E+03  5.1312596E-03
     7.6400000E+02    175.0448360  1.4099823E+07  3.7620000E+03  0.0000000E+00  3.6293252E+03  4.7357651E+02  0.0000000E+00  7.4160200E+03  4.9008832E+02  8.6044119E+00  0.0000000E+00  0.0000000E+00  0.0000000E+00  0.0000000E+00  5.4149458E+03 -5.3410428E-03
     7.6500000E+02    175.0568167  1.4103351E+07  3.5280000E+03  0.0000000E+00  3.8289552E+03  4.1810550E+02  0.0000000E+00  7.4379170E+03  4.8989362E+02  8.6088158E+00  0.0000000E+00  0.0000000E+00  0.0000000E+00  0.0000000E+00  5.4263506E+03  7.1911886E-03
     7.6600000E+02    175.0696166  1.4107121E+07  3.7700000E+03  0.0000000E+00  3.5585980E+03  3.7320282E+02  0.0000000E+00  7.4535396E+03  4.8970670E+02  8.6134000E+00  0.0000000E+00  0.0000000E+00  0.0000000E+00  0.0000000E+00  5.4344253E+03 -2.2490250E-03
     7.6700000E+02    175.0868235  1.4112189E+07  5.0680000E+03  9.4742504E+02  3.5456807E+03  6.9780438E+02  0.0000000E+00  7.4664688E+03  4.8961743E+02  8.6193228E+00  0.0000000E+00  0.0000000E+00  0.0000000E+00  0.0000000E+00  5.4409443E+03 -2.4061187E-03
     7.6800000E+02    175.1473248  1.4130008E+07  1.7819000E+04  6.6561501E+03  1.7603241E+03  5.9069521E+03  0.0000000E+00  7.5150352E+03  4.9032117E+02  8.6381307E+00  0.0000000E+00  0.0000000E+00  0.0000000E+00  0.0000000E+00  5.4652529E+03 -7.2957156E-04
     7.6900000E+02    175.1678741  1.4136060E+07  6.0520000E+03  0.0000000E+00  2.3226369E+03  1.3049054E+03  0.0000000E+00  7.5689443E+03  4.9038467E+02  8.6484846E+00  0.0000000E+00  0.0000000E+00  0.0000000E+00  0.0000000E+00  5.4922949E+03  2.0249104E-03
     7.7000000E+02    175.1959665  1.4144334E+07  8.2740000E+03  1.8282216E+03  2.7930899E+03  2.1149651E+03  0.0000000E+00  7.6228467E+03  4.9047684E+02  8.6581290E+00  0.0000000E+00  0.0000000E+00  0.0000000E+00  0.0000000E+00  5.5196445E+03 -1.6548997E-03
     7.7100000E+02    175.2154254  1.4150124E+07  5.7900000E+03  0.0000000E+00  2.5306029E+03  1.1505132E+03  0.0000000E+00  7.6694888E+03  4.9044962E+02  8.6658150E+00  0.0000000E+00  0.0000000E+00  0.0000000E+00  0.0000000E+00  5.5434800E+03  3.2109190E-03
     7.7200000E+02    175.2351743  1.4156016E+07  5.8920000E+03  0.0000000E+00  2.2360161E+03  9.1983258E+02  0.0000000E+00  7.7075840E+03  4.9041498E+02  8.6729586E+00  0.0000000E+00  0.0000000E+00  0.0000000E+00  0.0000000E+00  5.5632617E+03  3.6278330E-03
     7.7300000E+02    175.2524096  1.4161158E+07  5.1420000E+03  0.0000000E+00  2.8572026E+03  7.6104443E+02  0.0000000E+00  7.7375039E+03  4.9033054E+02  8.6793938E+00  0.0000000E+00  0.0000000E+00  0.0000000E+00  0.0000000E+00  5.5790415E+03  3.9528809E-03
     7.7400000E+02    175.2682810  1.4165894E+07  4.7360000E+03  0.0000000E+00  3.1711250E+03  6.4584216E+02  0.0000000E+00  7.7595938E+03  4.9020813E+02  8.6852508E+00  0.0000000E+00  0.0000000E+00  0.0000000E+00  0.0000000E+00  5.5908130E+03 -6.9360808E-03
     7.7500000E+02    175.2818328  1.4169937E+07  4.0430000E+03  0.0000000E+00  3.7914418E+03  5.5874689E+02  0.0000000E+00  7.7747676E+03  4.9005899E+02  8.6903356E+00  0.0000000E+00  0.0000000E+00  0.0000000E+00  0.0000000E+00  5.5990024E+03  3.8788219E-03
     7.7600000E+02    175.2962672  1.4174244E+07  4.3070000E+03  0.0000000E+00  3.4684358E+03  4.9070169E+02  0.0000000E+00  7.7831992E+03  4.9010818E+02  8.6955082E+00  0.0000000E+00  0.0000000E+00  0.0000000E+00  0.0000000E+00  5.6036606E+03 -4.0838127E-03
     7.7700000E+02    175.3125317  1.4179097E+07  4.8530000E+03  0.0000000E+00  2.8475064E+03  4.3610733E+02  0.0000000E+00  7.7877051E+03  4.8974350E+02  8.7012760E+00  0.0000000E+00  0.0000000E+00  0.0000000E+00  0.0000000E+00  5.6050508E+03  3.0230904E-01
     7.7800000E+02    175.3296888  1.4184216E+07  5.1190000E+03  0.0000000E+00  2.5562124E+03  3.9134134E+02  0.0000000E+00  7.7822373E+03  4.8966895E+02  8.7074357E+00  0.0000000E+00  0.0000000E+00  0.0000000E+00  0.0000000E+00  5.6033135E+03 -1.2545186E-04
     7.7900000E+02    175.3464759  1.4189224E+07  5.0080000E+03  0.0000000E+00  2.6207642E+03  3.5396838E+02  0.0000000E+00  7.7737959E+03  4.8964917E+02  8.7135527E+00  0.0000000E+00  0.0000000E+00  0.0000000E+00  0.0000000E+00  5.5990410E+03  7.8398809E-03
     7.8000000E+02    175.4358723  1.4215897E+07  2.6673000E+04  1.0683578E+04  9.7359599E+02  9.6284365E+03  0.0000000E+00  7.8336753E+03  4.9092703E+02  8.7407165E+00  0.0000000E+00  0.0000000E+00  0.0000000E+00  0.0000000E+00  5.6278276E+03 -2.0401659E-03
     7.8100000E+02    175.6270694  1.4272943E+07  5.7046000E+04  2.0708119E+04  8.3619923E+02  2.9461990E+04  0.0000000E+00  8.2150508E+03  4.9432922E+02  8.8026946E+00  0.0000000E+00  0.0000000E+00  0.0000000E+00  0.0000000E+00  5.8095781E+03 -2.9438132E-04
     7.8200000E+02    175.6873485  1.4290927E+07  1.7984000E+04  4.8424009E+03  9.4267926E+02  5.9521914E+03  0.0000000E+00  8.6371670E+03  4.9528601E+02  8.8340625E+00  0.0000000E+00  0.0000000E+00  0.0000000E+00  0.0000000E+00  6.0115039E+03  4.9451902E-03
     7.8300000E+02    175.7404451  1.4306769E+07  1.5842000E+04  3.3393869E+03  1.6444437E+03  5.6289116E+03  0.0000000E+00  9.0227998E+03  4.9580356E+02  8.8538466E+00  0.0000000E+00  0.0000000E+00  0.0000000E+00  0.0000000E+00  6.1981299E+03 -2.1712127E-05
     7.8400000E+02    175.7889160  1.4321231E+07  1.4462000E+04  2.1414317E+03  6.1621072E+02  4.0862031E+03  0.0000000E+00  9.3556182E+03  4.9632532E+02  8.8717671E+00  0.0000000E+00  0.0000000E+00  0.0000000E+00  0.0000000E+00  6.3599468E+03 -9.9641224E-04
     7.8500000E+02    175.8234575  1.4331537E+07  1.0306000E+04  0.0000000E+00  1.0761929E+03  2.2606379E+03  0.0000000E+00  9.6268594E+03  4.9657846E+02  8.8853091E+00  0.0000000E+00  0.0000000E+00  0.0000000E+00  0.0000000E+00  6.4918599E+03 -1.3472664E-03
     7.8600000E+02    175.8575518  1.4341710E+07  1.0173000E+04  0.0000000E+00  9.3388127E+02  1.7717240E+03  0.0000000E+00  9.8402900E+03  4.9680206E+02  8.8977107E+00  0.0000000E+00  0.0000000E+00  0.0000000E+00  0.0000000E+00  6.5949824E+03 -4.8861708E-03
     7.8700000E+02    175.8971659  1.4353529E+07  1.1819000E+04  1.0455648E+03  7.4844876E+02  2.0149602E+03  0.0000000E+00  1.0013177E+04  4.9702466E+02  8.9116818E+00  0.0000000E+00  0.0000000E+00  0.0000000E+00  0.0000000E+00  6.6767139E+03  2.4276429E-03
     7.8800000E+02    175.9902601  1.4381305E+07  2.7776000E+04  8.8536188E+03  6.3916589E+02  9.8486758E+03  0.0000000E+00  1.0220065E+04  4.9853101E+02  8.9415751E+00  0.0000000E+00  0.0000000E+00  0.0000000E+00  0.0000000E+00  6.7686113E+03 -9.6567807E-04
     7.8900000E+02    176.0270542  1.4392283E+07  1.0978000E+04  0.0000000E+00  1.2637522E+03  2.3442568E+03  0.0000000E+00  1.0405286E+04  4.9890723E+02  8.9590087E+00  0.0000000E+00  0.0000000E+00  0.0000000E+00  0.0000000E+00  6.8486328E+03 -5.8978831E-04
     7.9000000E+02    176.0631811  1.4403061E+07  1.0778000E+04  0.0000000E+00  1.0849163E+03  1.8189746E+03  0.0000000E+00  1.0552926E+04  4.9914044E+02  8.9721636E+00  0.0000000E+00  0.0000000E+00  0.0000000E+00  0.0000000E+00  6.9116548E+03  7.0409048E-03
     7.9100000E+02    176.0990979  1.4413778E+07  1.0717000E+04  0.0000000E+00  9.2595743E+02  1.4859714E+03  0.0000000E+00  1.0664563E+04  4.9940683E+02  8.9852091E+00  0.0000000E+00  0.0000000E+00  0.0000000E+00  0.0000000E+00  6.9591587E+03 -6.7030229E-03
     7.9200000E+02    176.1330498  1.4423908E+07  1.0130000E+04  0.0000000E+00  1.3563759E+03  1.2510188E+03  0.0000000E+00  1.0743965E+04  4.9964929E+02  8.9976691E+00  0.0000000E+00  0.0000000E+00  0.0000000E+00  0.0000000E+00  6.9927319E+03 -3.2565696E-04
     7.9300000E+02    176.1651418  1.4433483E+07  9.5750000E+03  0.0000000E+00  1.7850441E+03  1.0736705E+03  0.0000000E+00  1.0795245E+04  4.9984421E+02  9.0094468E+00  0.0000000E+00  0.0000000E+00  0.0000000E+00  0.0000000E+00  7.0140732E+03  1.5633009E-04
     7.9400000E+02    176.2004879  1.4444028E+07  1.0545000E+04  6.0253053E+02  1.5617803E+03  1.1903580E+03  0.0000000E+00  1.0823909E+04  5.0007312E+02  9.0220339E+00  0.0000000E+00  0.0000000E+00  0.0000000E+00  0.0000000E+00  7.0255688E+03  7.3067271E-03
     7.9500000E+02    176.2360758  1.4454647E+07  1.0619000E+04  1.1231979E+03  2.2322979E+03  1.3982052E+03  0.0000000E+00  1.0838331E+04  5.0036740E+02  9.0349273E+00  0.0000000E+00  0.0000000E+00  0.0000000E+00  0.0000000E+00  7.0307842E+03 -7.2293375E-03
     7.9600000E+02    176.3181706  1.4479140E+07  2.4493000E+04  8.0899400E+03  2.4679120E+03  8.4715986E+03  0.0000000E+00  1.0910883E+04  5.0152740E+02  9.0613361E+00  0.0000000E+00  0.0000000E+00  0.0000000E+00  0.0000000E+00  7.0583237E+03  3.3556379E-03
     7.9700000E+02    176.3529226  1.4489584E+07  1.0444000E+04  0.0000000E+00  1.9566161E+03  1.9290583E+03  0.0000000E+00  1.0981995E+04  5.0184760E+02  9.0773789E+00  0.0000000E+00  0.0000000E+00  0.0000000E+00  0.0000000E+00  7.0855322E+03 -3.7743216E-03
     7.9800000E+02    176.3912460  1.4501165E+07  1.1581000E+04  1.0155960E+03  2.1480367E+03  2.1847578E+03  0.0000000E+00  1.1039527E+04  5.0212463E+02  9.0910232E+00  0.0000000E+00  0.0000000E+00  0.0000000E+00  0.0000000E+00  7.1079712E+03 -2.6060173E-03
     7.9900000E+02    176.5263428  1.4541988E+07  4.0823000E+04  1.4156243E+04  1.9991485E+03  1.7942248E+04  0.0000000E+00  1.1237896E+04  5.0431631E+02  9.1330134E+00  0.0000000E+00  0.0000000E+00  0.0000000E+00  0.0000000E+00  7.1849688E+03  1.8207851E-03
     8.0000000E+02    176.5643419  1.4553471E+07  1.1483000E+04  3.5754458E+02  2.3819318E+03  2.5807327E+03  0.0000000E+00  1.1440216E+04  5.0477759E+02  9.1538443E+00  0.0000000E+00  0.0000000E+00  0.0000000E+00  0.0000000E+00  7.2644731E+03 -2.5741027E-03
     8.0100000E+02    176.5989825  1.4563939E+07  1.0468000E+04  0.0000000E+00  2.5222398E+03  1.8971432E+03  0.0000000E+00  1.1606954E+04  5.0494077E+02  9.1666553E+00  0.0000000E+00  0.0000000E+00  0.0000000E+00  0.0000000E+00  7.3321948E+03 -1.8512899E-03
     8.0200000E+02    176.6331319  1.4574258E+07  1.0319000E+04  0.0000000E+00  2.4455171E+03  1.5461084E+03  0.0000000E+00  1.1733062E+04  5.0516293E+02  9.1790800E+00  0.0000000E+00  0.0000000E+00  0.0000000E+00  0.0000000E+00  7.3855708E+03  2.3459555E-03
     8.0300000E+02    176.6687583  1.4585024E+07  1.0766000E+04  0.0000000E+00  1.8446789E+03  1.3022100E+03  0.0000000E+00  1.1822719E+04  5.0541837E+02  9.1918978E+00  0.0000000E+00  0.0000000E+00  0.0000000E+00  0.0000000E+00  7.4251953E+03 -2.7455506E-03
     8.0400000E+02    176.7094718  1.4597327E+07  1.2303000E+04  1.0744121E+03  1.8428432E+03  1.7013311E+03  0.0000000E+00  1.1884962E+04  5.0577399E+02  9.2077371E+00  0.0000000E+00  0.0000000E+00  0.0000000E+00  0.0000000E+00  7.4538735E+03 -8.1931386E-04
     8.0500000E+02    176.7721932  1.4616280E+07  1.8953000E+04  4.6586271E+03  1.8190299E+03  4.6715405E+03  0.0000000E+00  1.1957938E+04  5.0656970E+02  9.2406935E+00  0.0000000E+00  0.0000000E+00  0.0000000E+00  0.0000000E+00  7.4856152E+03  1.2477625E-03
     8.0600000E+02    176.8118462  1.4628262E+07  1.1982000E+04  0.0000000E+00  1.3087616E+03  1.7736660E+03  0.0000000E+00  1.2033688E+04  5.0690952E+02  9.2661600E+00  0.0000000E+00  0.0000000E+00  0.0000000E+00  0.0000000E+00  7.5175957E+03  3.0200731E-03
     8.0700000E+02    176.8684451  1.4645365E+07  1.7103000E+04  3.2563212E+03  1.4994406E+03  3.7448604E+03  0.0000000E+00  1.2118281E+04  5.0758322E+02  9.2953143E+00  0.0000000E+00  0.0000000E+00  0.0000000E+00  0.0000000E+00  7.5525742E+03  7.5593783E-04
     8.0800000E+02    176.9512184  1.4670378E+07  2.5013000E+04  6.6843406E+03  1.3888200E+03  7.9520425E+03  0.0000000E+00  1.2283123E+04  5.0881738E+02  9.3375096E+00  0.0000000E+00  0.0000000E+00  0.0000000E+00  0.0000000E+00  7.6168833E+03 -1.7413024E-03
     8.0900000E+02    177.2010695  1.4745878E+07  7.5500000E+04  2.5123711E+04  2.0880828E+03  3.9929375E+04  0.0000000E+00  1.3058062E+04  5.1329816E+02  9.4552909E+00  0.0000000E+00  0.0000000E+00  0.0000000E+00  0.0000000E+00  7.8975024E+03  4.0007095E-04
     8.1000000E+02    177.2709560  1.4766997E+07  2.1119000E+04  4.3244306E+03  1.9186629E+03  5.0044243E+03  0.0000000E+00  1.4232288E+04  5.1452051E+02  9.5129090E+00  0.0000000E+00  0.0000000E+00  0.0000000E+00  0.0000000E+00  8.3225010E+03 -2.3542470E-03
     8.1100000E+02    177.3237453  1.4782949E+07  1.5952000E+04  1.1100593E+02  1.4769827E+03  2.5740364E+03  0.0000000E+00  1.5268407E+04  5.1497211E+02  9.5434970E+00  0.0000000E+00  0.0000000E+00  0.0000000E+00  0.0000000E+00  8.6949648E+03 -2.7197073E-04
     8.1200000E+02    177.3942523  1.4804255E+07  2.1306000E+04  3.3866610E+03  2.0686711E+03  4.3774604E+03  0.0000000E+00  1.6135952E+04  5.1588788E+02  9.5799376E+00  0.0000000E+00  0.0000000E+00  0.0000000E+00  0.0000000E+00  9.0020430E+03 -2.6967752E-04
     8.1300000E+02    177.4499848  1.4821096E+07  1.6841000E+04  0.0000000E+00  1.7633782E+03  2.3175618E+03  0.0000000E+00  1.6813324E+04  5.1656085E+02  9.6118745E+00  0.0000000E+00  0.0000000E+00  0.0000000E+00  0.0000000E+00  9.2386963E+03  1.7559954E-03
     8.1400000E+02    177.5059974  1.4838174E+07  1.7078000E+04  0.0000000E+00  1.5933433E+03  1.8737108E+03  0.0000000E+00  1.7324555E+04  5.1720917E+02  9.6423253E+00  0.0000000E+00  0.0000000E+00  0.0000000E+00  0.0000000E+00  9.4170557E+03  3.6624403E-04
     8.1500000E+02    177.5613794  1.4855124E+07  1.6950000E+04  0.0000000E+00  1.7895320E+03  1.5578340E+03  0.0000000E+00  1.7708762E+04  5.1775336E+02  9.6725321E+00  0.0000000E+00  0.0000000E+00  0.0000000E+00  0.0000000E+00  9.5518096E+03 -1.8855497E-03
     8.1600000E+02    177.6628744  1.4886186E+07  3.1062000E+04  7.1288779E+03  1.5378613E+03  7.6557373E+03  0.0000000E+00  1.8344883E+04  5.1939917E+02  9.7227455E+00  0.0000000E+00  0.0000000E+00  0.0000000E+00  0.0000000E+00  9.7601572E+03  1.5622878E-03
     8.1700000E+02    177.7243194  1.4904992E+07  1.8806000E+04  0.0000000E+00  1.7438368E+03  2.1789141E+03  0.0000000E+00  1.8900105E+04  5.2022565E+02  9.7605419E+00  0.0000000E+00  0.0000000E+00  0.0000000E+00  0.0000000E+00  9.9406533E+03 -3.8082150E-03
     8.1800000E+02    177.7855622  1.4923735E+07  1.8743000E+04  0.0000000E+00  1.8108970E+03  1.7415199E+03  0.0000000E+00  1.9343469E+04  5.2094916E+02  9.7938914E+00  0.0000000E+00  0.0000000E+00  0.0000000E+00  0.0000000E+00  1.0085107E+04  1.6488330E-03
     8.1900000E+02    178.0337343  1.4999688E+07  7.5953000E+04  2.3573498E+04  1.7024105E+03  3.4169625E+04  0.0000000E+00  2.0447494E+04  5.2534229E+02  9.9085984E+00  0.0000000E+00  0.0000000E+00  0.0000000E+00  0.0000000E+00  1.0410672E+04 -5.9949649E-05
     8.2000000E+02    178.1063209  1.5021903E+07  2.2215000E+04  0.0000000E+00  1.1713682E+03  2.0158409E+03  0.0000000E+00  2.1907193E+04  5.2661591E+02  9.9672093E+00  0.0000000E+00  0.0000000E+00  0.0000000E+00  0.0000000E+00  1.0833618E+04  3.5106071E-04
     8.2100000E+02    178.1821122  1.5045099E+07  2.3196000E+04  0.0000000E+00  1.2143451E+03  1.6872703E+03  0.0000000E+00  2.3260482E+04  5.2750470E+02  1.0008105E+01  0.0000000E+00  0.0000000E+00  0.0000000E+00  0.0000000E+00  1.1220516E+04 -4.2275855E-04
     8.2200000E+02    178.2713875  1.5072422E+07  2.7323000E+04  2.1870721E+03  1.2269466E+03  2.5207346E+03  0.0000000E+00  2.4380654E+04  5.2880530E+02  1.0055220E+01  0.0000000E+00  0.0000000E+00  0.0000000E+00  0.0000000E+00  1.1537292E+04 -1.1884545E-03
     8.2300000E+02    178.3858599  1.5107456E+07  3.5034000E+04  5.2807845E+03  8.6499582E+02  5.5567246E+03  0.0000000E+00  2.5602365E+04  5.3061859E+02  1.0114772E+01  0.0000000E+00  0.0000000E+00  0.0000000E+00  0.0000000E+00  1.2052635E+04  3.9662939E-04
     8.2400000E+02    178.4868533  1.5138365E+07  3.0909000E+04  2.0105959E+03  1.0836348E+03  3.7361226E+03  0.0000000E+00  2.6788398E+04  5.3220557E+02  1.0171198E+01  0.0000000E+00  0.0000000E+00  0.0000000E+00  0.0000000E+00  1.2566309E+04  3.2416897E-04
     8.2500000E+02    178.5782087  1.5166324E+07  2.7959000E+04  0.0000000E+00  1.3095569E+03  2.1983350E+03  0.0000000E+00  2.7614283E+04  5.3354865E+02  1.0221961E+01  0.0000000E+00  0.0000000E+00  0.0000000E+00  0.0000000E+00  1.2972793E+04  9.6959784E-04
     8.2600000E+02    178.6691314  1.5194421E+07  2.8097000E+04  0.0000000E+00  1.2654074E+03  1.7618918E+03  0.0000000E+00  2.8145990E+04  5.3488251E+02  1.0271487E+01  0.0000000E+00  0.0000000E+00  0.0000000E+00  0.0000000E+00  1.3279046E+04  1.0775274E-03
     8.2700000E+02    178.7604392  1.5222723E+07  2.8302000E+04  0.0000000E+00  1.1463356E+03  1.4738131E+03  0.0000000E+00  2.8520922E+04  5.3614709E+02  1.0321134E+01  0.0000000E+00  0.0000000E+00  0.0000000E+00  0.0000000E+00  1.3520080E+04 -2.3441615E-04
     8.2800000E+02    178.8559898  1.5252340E+07  2.9617000E+04  5.6864236E+02  6.7594150E+02  1.5085370E+03  0.0000000E+00  2.8726137E+04  5.3732617E+02  1.0372670E+01  0.0000000E+00  0.0000000E+00  0.0000000E+00  0.0000000E+00  1.3685952E+04 -1.2116948E-01
     8.2900000E+02    178.9477771  1.5280791E+07  2.8451000E+04  0.0000000E+00  9.9774200E+02  1.1925739E+03  0.0000000E+00  2.8804879E+04  5.3871429E+02  1.0423029E+01  0.0000000E+00  0.0000000E+00  0.0000000E+00  0.0000000E+00  1.3791556E+04 -1.4193914E-03
     8.3000000E+02    179.0388694  1.5309026E+07  2.8235000E+04  0.0000000E+00  1.0342812E+03  1.0346171E+03  0.0000000E+00  2.8785357E+04  5.4007947E+02  1.0472675E+01  0.0000000E+00  0.0000000E+00  0.0000000E+00  0.0000000E+00  1.3849386E+04  4.7157987E-04
     8.3100000E+02    179.1295167  1.5337123E+07  2.8097000E+04  0.0000000E+00  9.1235741E+02  9.0845660E+02  0.0000000E+00  2.8653070E+04  5.4143561E+02  1.0522053E+01  0.0000000E+00  0.0000000E+00  0.0000000E+00  0.0000000E+00  1.3859111E+04  7.2016113E-04
     8.3200000E+02    179.2179293  1.5364528E+07  2.7405000E+04  0.0000000E+00  1.2554050E+03  8.0541492E+02  0.0000000E+00  2.8407875E+04  5.4275275E+02  1.0570409E+01  0.0000000E+00  0.0000000E+00  0.0000000E+00  0.0000000E+00  1.3823138E+04 -1.5042919E-03
     8.3300000E+02    179.3124819  1.5393836E+07  2.9308000E+04  1.2010081E+03  6.1688767E+02  1.1889246E+03  0.0000000E+00  2.8089775E+04  5.4448431E+02  1.0621195E+01  0.0000000E+00  0.0000000E+00  0.0000000E+00  0.0000000E+00  1.3756449E+04 -9.4196893E-04
     8.3400000E+02    179.3971220  1.5420071E+07  2.6235000E+04  0.0000000E+00  1.7583200E+03  8.3696704E+02  0.0000000E+00  2.7712760E+04  5.4551404E+02  1.0668334E+01  0.0000000E+00  0.0000000E+00  0.0000000E+00  0.0000000E+00  1.3660094E+04  7.8673038E-04
     8.3500000E+02    179.4883377  1.5448344E+07  2.8273000E+04  2.1169880E+03  2.2891777E+03  1.6945645E+03  0.0000000E+00  2.7308795E+04  5.4704840E+02  1.0717256E+01  0.0000000E+00  0.0000000E+00  0.0000000E+00  0.0000000E+00  1.3546448E+04  1.2991399E-03
     8.3600000E+02    179.5685466  1.5473206E+07  2.4862000E+04  0.0000000E+00  2.4393720E+03  9.9426001E+02  0.0000000E+00  2.6865789E+04  5.4817383E+02  1.0762103E+01  0.0000000E+00  0.0000000E+00  0.0000000E+00  0.0000000E+00  1.3414028E+04 -9.3239470E-04
     8.3700000E+02    179.6468216  1.5497468E+07  2.4262000E+04  0.0000000E+00  2.4199541E+03  8.5144092E+02  0.0000000E+00  2.6390816E+04  5.4923920E+02  1.0804910E+01  0.0000000E+00  0.0000000E+00  0.0000000E+00  0.0000000E+00  1.3265022E+04  9.5353927E-04
     8.3800000E+02    179.7242014  1.5521453E+07  2.3985000E+04  0.0000000E+00  2.0936355E+03  7.4178247E+02  0.0000000E+00  2.5897781E+04  5.5026599E+02  1.0847116E+01  0.0000000E+00  0.0000000E+00  0.0000000E+00  0.0000000E+00  1.3103197E+04 -6.8917702E-04
     8.3900000E+02    179.7972897  1.5544357E+07  2.2904000E+04  0.0000000E+00  2.5872755E+03  6.5485474E+02  0.0000000E+00  2.5398787E+04  5.5126849E+02  1.0887357E+01  0.0000000E+00  0.0000000E+00  0.0000000E+00  0.0000000E+00  1.2932050E+04  8.0962770E-04
     8.4000000E+02    179.8687224  1.5566777E+07  2.2420000E+04  0.0000000E+00  2.5036713E+03  5.8419843E+02  0.0000000E+00  2.4902799E+04  5.5219916E+02  1.0926410E+01  0.0000000E+00  0.0000000E+00  0.0000000E+00  0.0000000E+00  1.2754517E+04  7.8931177E-04
     8.4100000E+02    179.9391383  1.5588879E+07  2.2102000E+04  0.0000000E+00  2.2776360E+03  5.2560706E+02  0.0000000E+00  2.4417170E+04  5.5309851E+02  1.0964840E+01  0.0000000E+00  0.0000000E+00  0.0000000E+00  0.0000000E+00  1.2573105E+04 -3.6959597E-03
     8.4200000E+02    180.0089282  1.5610783E+07  2.1904000E+04  0.0000000E+00  1.9516028E+03  4.7622510E+02  0.0000000E+00  2.3944770E+04  5.5377063E+02  1.1002887E+01  0.0000000E+00  0.0000000E+00  0.0000000E+00  0.0000000E+00  1.2388037E+04  2.5272823E-03
     8.4300000E+02    180.0755874  1.5631705E+07  2.0922000E+04  0.0000000E+00  2.4311703E+03  4.3404416E+02  0.0000000E+00  2.3484785E+04  5.5463733E+02  1.1039502E+01  0.0000000E+00  0.0000000E+00  0.0000000E+00  0.0000000E+00  1.2202525E+04 -7.3490737E-05
     8.4400000E+02    180.1400500  1.5651938E+07  2.0233000E+04  0.0000000E+00  2.6397081E+03  3.9760910E+02  0.0000000E+00  2.3041299E+04  5.5559003E+02  1.1074821E+01  0.0000000E+00  0.0000000E+00  0.0000000E+00  0.0000000E+00  1.2016172E+04 -1.9832142E-03
     8.4500000E+02    180.2037529  1.5671932E+07  1.9994000E+04  0.0000000E+00  2.4150419E+03  3.6583755E+02  0.0000000E+00  2.2610654E+04  5.5624463E+02  1.1109570E+01  0.0000000E+00  0.0000000E+00  0.0000000E+00  0.0000000E+00  1.1826361E+04  4.1652628E-04
     8.4600000E+02    180.2653302  1.5691259E+07  1.9327000E+04  0.0000000E+00  2.6358722E+03  3.3790649E+02  0.0000000E+00  2.2193061E+04  5.5700714E+02  1.1143311E+01  0.0000000E+00  0.0000000E+00  0.0000000E+00  0.0000000E+00  1.1637233E+04 -2.5139013E-04
     8.4700000E+02    180.3255662  1.5710165E+07  1.8906000E+04  0.0000000E+00  2.6331629E+03  3.1317801E+02  0.0000000E+00  2.1795523E+04  5.5773865E+02  1.1176236E+01  0.0000000E+00  0.0000000E+00  0.0000000E+00  0.0000000E+00  1.1451693E+04  2.8181071E-03
     8.4800000E+02    180.3865496  1.5729305E+07  1.9140000E+04  0.0000000E+00  1.9985967E+03  2.9114941E+02  0.0000000E+00  2.1417764E+04  5.5856757E+02  1.1209341E+01  0.0000000E+00  0.0000000E+00  0.0000000E+00  0.0000000E+00  1.1266551E+04  2.4921359E-03
     8.4900000E+02    180.4448901  1.5747616E+07  1.8311000E+04  0.0000000E+00  2.4466168E+03  2.7141855E+02  0.0000000E+00  2.1056637E+04  5.5916534E+02  1.1241377E+01  0.0000000E+00  0.0000000E+00  0.0000000E+00  0.0000000E+00  1.1081644E+04  1.4652063E-04
     8.5000000E+02    180.5008376  1.5765176E+07  1.7560000E+04  0.0000000E+00  2.8182762E+03  2.5365962E+02  0.0000000E+00  2.0707885E+04  5.5980945E+02  1.1272083E+01  0.0000000E+00  0.0000000E+00  0.0000000E+00  0.0000000E+00  1.0893956E+04  5.8142185E-02
     8.5100000E+02    180.5713539  1.5787309E+07  2.2133000E+04  3.5628360E+03  3.0060547E+03  1.7438214E+03  0.0000000E+00  2.0404197E+04  5.6090869E+02  1.1308872E+01  0.0000000E+00  0.0000000E+00  0.0000000E+00  0.0000000E+00  1.0721071E+04 -1.6180543E-03
     8.5200000E+02    180.6360296  1.5807608E+07  2.0299000E+04  1.3951084E+03  2.1172591E+03  1.4605579E+03  0.0000000E+00  2.0134080E+04  5.6170477E+02  1.1344703E+01  0.0000000E+00  0.0000000E+00  0.0000000E+00  0.0000000E+00  1.0554404E+04  1.9030223E-03
     8.5300000E+02    180.6914211  1.5824994E+07  1.7386000E+04  0.0000000E+00  2.7567654E+03  8.3714954E+02  0.0000000E+00  1.9878762E+04  5.6232306E+02  1.1375857E+01  0.0000000E+00  0.0000000E+00  0.0000000E+00  0.0000000E+00  1.0389866E+04 -2.6681633E-03
     8.5400000E+02    180.7453537  1.5841921E+07  1.6927000E+04  0.0000000E+00  2.8185895E+03  6.9417664E+02  0.0000000E+00  1.9626252E+04  5.6288660E+02  1.1405365E+01  0.0000000E+00  0.0000000E+00  0.0000000E+00  0.0000000E+00  1.0258307E+04  2.6912573E-03
     8.5500000E+02    180.8004690  1.5859220E+07  1.7299000E+04  0.0000000E+00  2.0732279E+03  5.9035431E+02  0.0000000E+00  1.9356348E+04  5.6328839E+02  1.1435229E+01  0.0000000E+00  0.0000000E+00  0.0000000E+00  0.0000000E+00  1.0175284E+04 -1.2533400E-03
     8.5600000E+02    180.8536002  1.5875896E+07  1.6676000E+04  0.0000000E+00  2.3445540E+03  5.1186700E+02  0.0000000E+00  1.9084043E+04  5.6386749E+02  1.1464359E+01  0.0000000E+00  0.0000000E+00  0.0000000E+00  0.0000000E+00  1.0091301E+04  1.1960404E-04
     8.5700000E+02    180.9022669  1.5891312E+07  1.5416000E+04  0.0000000E+00  3.2731417E+03  4.5059106E+02  0.0000000E+00  1.8814822E+04  5.6436890E+02  1.1491328E+01  0.0000000E+00  0.0000000E+00  0.0000000E+00  0.0000000E+00  1.0008062E+04  2.1391150E-03
     8.5800000E+02    180.9452800  1.5904984E+07  1.3672000E+04  0.0000000E+00  4.7055664E+03  4.0147992E+02  0.0000000E+00  1.8551963E+04  5.6489215E+02  1.1515351E+01  0.0000000E+00  0.0000000E+00  0.0000000E+00  0.0000000E+00  9.9262900E+03 -2.7977685E-03
     8.5900000E+02    180.9905571  1.5919375E+07  1.4391000E+04  0.0000000E+00  3.6900239E+03  3.6125479E+02  0.0000000E+00  1.8296479E+04  5.6519171E+02  1.1539743E+01  0.0000000E+00  0.0000000E+00  0.0000000E+00  0.0000000E+00  9.8462529E+03 -1.2561816E-04
     8.6000000E+02    181.0335887  1.5933052E+07  1.3677000E+04  0.0000000E+00  4.1221615E+03  3.2770471E+02  0.0000000E+00  1.8048918E+04  5.6557159E+02  1.1563405E+01  0.0000000E+00  0.0000000E+00  0.0000000E+00  0.0000000E+00  9.7682451E+03  1.7749283E-03
     8.6100000E+02    181.0798756  1.5947764E+07  1.4712000E+04  0.0000000E+00  2.8103222E+03  2.9929034E+02  0.0000000E+00  1.7821486E+04  5.8683978E+02  1.1588239E+01  0.0000000E+00  0.0000000E+00  0.0000000E+00  0.0000000E+00  9.6965537E+03  1.5089722E-04
     8.6200000E+02    181.1269493  1.5962726E+07  1.4962000E+04  0.0000000E+00  2.3318055E+03  2.7491003E+02  0.0000000E+00  1.7597180E+04  5.6657129E+02  1.1613771E+01  0.0000000E+00  0.0000000E+00  0.0000000E+00  0.0000000E+00  9.6248203E+03  5.5734598E-04
     8.6300000E+02    181.1728711  1.5977322E+07  1.4596000E+04  0.0000000E+00  2.4596008E+03  2.5375639E+02  0.0000000E+00  1.7380367E+04  5.6691199E+02  1.1638886E+01  0.0000000E+00  0.0000000E+00  0.0000000E+00  0.0000000E+00  9.5552646E+03 -1.6059949E-04
     8.6400000E+02    181.2180696  1.5991688E+07  1.4366000E+04  0.0000000E+00  2.4629967E+03  2.3522473E+02  0.0000000E+00  1.7172754E+04  5.6724274E+02  1.1663561E+01  0.0000000E+00  0.0000000E+00  0.0000000E+00  0.0000000E+00  9.4883828E+03  4.3756876E-04
     8.6500000E+02    181.2592621  1.6004781E+07  1.3093000E+04  0.0000000E+00  3.5219354E+03  2.1885373E+02  0.0000000E+00  1.6974988E+04  5.6761096E+02  1.1686414E+01  0.0000000E+00  0.0000000E+00  0.0000000E+00  0.0000000E+00  9.4246240E+03 -2.2718890E-03
     8.6600000E+02    181.2991251  1.6017451E+07  1.2670000E+04  0.0000000E+00  3.7415890E+03  2.0428526E+02  0.0000000E+00  1.6787109E+04  5.6788892E+02  1.1708251E+01  0.0000000E+00  0.0000000E+00  0.0000000E+00  0.0000000E+00  9.3633105E+03  1.2299424E-03
     8.6700000E+02    181.3400087  1.6030446E+07  1.2995000E+04  4.9891875E+02  3.8713174E+03  3.3813226E+02  0.0000000E+00  1.6608812E+04  5.6821582E+02  1.1730388E+01  0.0000000E+00  0.0000000E+00  0.0000000E+00  0.0000000E+00  9.3057861E+03 -2.2950461E-03
     8.6800000E+02    181.4689735  1.6071437E+07  4.0991000E+04  1.4655905E+04  3.4244043E+03  1.3449422E+04  0.0000000E+00  1.6891951E+04  5.7038696E+02  1.1790983E+01  0.0000000E+00  0.0000000E+00  0.0000000E+00  0.0000000E+00  9.3943955E+03 -6.7712431E-04
     8.6900000E+02    181.5251518  1.6089293E+07  1.7856000E+04  1.4998161E+03  2.8427149E+03  2.5926772E+03  0.0000000E+00  1.7189111E+04  5.7113306E+02  1.1829476E+01  0.0000000E+00  0.0000000E+00  0.0000000E+00  0.0000000E+00  9.4902793E+03 -3.3956848E-04
     8.7000000E+02    181.6956898  1.6143497E+07  5.4204000E+04  1.6664415E+04  1.2579994E+03  2.1287246E+04  0.0000000E+00  1.8096660E+04  5.7392511E+02  1.1909834E+01  0.0000000E+00  0.0000000E+00  0.0000000E+00  0.0000000E+00  9.7689229E+03  8.6420967E-04
     8.7100000E+02    181.8974744  1.6207633E+07  6.4136000E+04  1.9333738E+04  8.9225924E+02  2.6556330E+04  0.0000000E+00  1.9727789E+04  5.7757428E+02  1.2016242E+01  0.0000000E+00  0.0000000E+00  0.0000000E+00  0.0000000E+00  1.0248504E+04  1.1906058E-05
     8.7200000E+02    181.9903008  1.6237137E+07  2.9504000E+04  3.8761444E+03  8.8815180E+02  5.4208691E+03  0.0000000E+00  2.1686578E+04  5.7904218E+02  1.2078615E+01  0.0000000E+00  0.0000000E+00  0.0000000E+00  0.0000000E+00  1.0810917E+04  1.0275096E-03
     8.7300000E+02    182.0616442  1.6260073E+07  2.2936000E+04  0.0000000E+00  2.5804037E+03  2.6056716E+03  0.0000000E+00  2.3502617E+04  5.7987372E+02  1.2119777E+01  0.0000000E+00  0.0000000E+00  0.0000000E+00  0.0000000E+00  1.1318665E+04 -4.1144740E-04
     8.7400000E+02    182.1352941  1.6283793E+07  2.3720000E+04  0.0000000E+00  2.6140310E+03  2.0565010E+03  0.0000000E+00  2.4870102E+04  5.8080206E+02  1.2159606E+01  0.0000000E+00  0.0000000E+00  0.0000000E+00  0.0000000E+00  1.1955643E+04 -1.4507029E-03
     8.7500000E+02    182.2100713  1.6307876E+07  2.4083000E+04  0.0000000E+00  2.8763299E+03  1.6818296E+03  0.0000000E+00  2.5871145E+04  5.8178290E+02  1.2200176E+01  0.0000000E+00  0.0000000E+00  0.0000000E+00  0.0000000E+00  1.2469908E+04 -1.2263309E-03
     8.7600000E+02    182.2851626  1.6332059E+07  2.4183000E+04  0.0000000E+00  3.2180203E+03  1.4152511E+03  0.0000000E+00  2.6581631E+04  5.8276697E+02  1.2241005E+01  0.0000000E+00  0.0000000E+00  0.0000000E+00  0.0000000E+00  1.2861724E+04  3.0555858E-03
     8.7700000E+02    182.4807978  1.6395066E+07  6.3007000E+04  1.7077911E+04  1.4757355E+03  2.0024504E+04  0.0000000E+00  2.7977844E+04  5.8610840E+02  1.2334348E+01  0.0000000E+00  0.0000000E+00  0.0000000E+00  0.0000000E+00  1.3425754E+04 -1.4165202E-03
     8.7800000E+02    182.5895635  1.6430094E+07  3.5028000E+04  2.6204361E+03  1.3701043E+03  4.2412554E+03  0.0000000E+00  3.0137695E+04  5.8794177E+02  1.2402991E+01  0.0000000E+00  0.0000000E+00  0.0000000E+00  0.0000000E+00  1.4218656E+04  2.5338258E-03
     8.7900000E+02    182.6906455  1.6462649E+07  3.2555000E+04  0.0000000E+00  1.6292920E+03  2.3406536E+03  0.0000000E+00  3.2444842E+04  5.8938013E+02  1.2458835E+01  0.0000000E+00  0.0000000E+00  0.0000000E+00  0.0000000E+00  1.5050053E+04 -1.8247997E-03
     8.8000000E+02    182.7928412  1.6495562E+07  3.2913000E+04  0.0000000E+00  2.6958787E+03  1.8699698E+03  0.0000000E+00  3.4342367E+04  5.9089349E+02  1.2514327E+01  0.0000000E+00  0.0000000E+00  0.0000000E+00  0.0000000E+00  1.5792562E+04  1.4023190E-04
     8.8100000E+02    182.8972178  1.6529177E+07  3.3615000E+04  0.0000000E+00  2.9995558E+03  1.5482555E+03  0.0000000E+00  3.5671785E+04  5.9246924E+02  1.2570890E+01  0.0000000E+00  0.0000000E+00  0.0000000E+00  0.0000000E+00  1.6343473E+04  1.1859371E-03
     8.8200000E+02    183.0006871  1.6562501E+07  3.3324000E+04  5.8413320E+02  4.6906368E+03  1.5685186E+03  0.0000000E+00  3.6467840E+04  5.9400818E+02  1.2627295E+01  0.0000000E+00  0.0000000E+00  0.0000000E+00  0.0000000E+00  1.6678064E+04 -2.0228899E-03
     8.8300000E+02    183.1027705  1.6595377E+07  3.2876000E+04  0.0000000E+00  4.5656054E+03  1.2454102E+03  0.0000000E+00  3.6805281E+04  5.9552362E+02  1.2682998E+01  0.0000000E+00  0.0000000E+00  0.0000000E+00  0.0000000E+00  1.6835189E+04  2.3098299E-03
     8.8400000E+02    183.2045156  1.6628433E+07  3.3056000E+04  0.0000000E+00  4.2365869E+03  1.0796339E+03  0.0000000E+00  3.6822496E+04  5.9703180E+02  1.2738404E+01  0.0000000E+00  0.0000000E+00  0.0000000E+00  0.0000000E+00  1.6870143E+04 -5.9775665E-04
     8.8500000E+02    183.3047648  1.6661125E+07  3.2692000E+04  0.0000000E+00  4.2370001E+03  9.4690540E+02  0.0000000E+00  3.6592871E+04  5.9851453E+02  1.2793121E+01  0.0000000E+00  0.0000000E+00  0.0000000E+00  0.0000000E+00  1.6810143E+04 -1.4151656E-03
     8.8600000E+02    183.4139989  1.6696746E+07  3.5621000E+04  3.1360496E+03  5.5076328E+03  2.3891860E+03  0.0000000E+00  3.6216844E+04  6.0015894E+02  1.2851586E+01  0.0000000E+00  0.0000000E+00  0.0000000E+00  0.0000000E+00  1.6689889E+04  1.0387450E-03
     8.8700000E+02    183.5323820  1.6735351E+07  3.8605000E+04  4.0303919E+03  4.4735638E+03  3.7588767E+03  0.0000000E+00  3.5904199E+04  6.0200073E+02  1.2915013E+01  0.0000000E+00  0.0000000E+00  0.0000000E+00  0.0000000E+00  1.6585455E+04 -2.6820369E-05
     8.8800000E+02    183.6325688  1.6768022E+07  3.2671000E+04  3.8554473E+02  4.5431165E+03  1.9139585E+03  0.0000000E+00  3.5531184E+04  6.0349701E+02  1.2971514E+01  0.0000000E+00  0.0000000E+00  0.0000000E+00  0.0000000E+00  1.6457203E+04  2.6846590E-04
     8.8900000E+02    183.7288337  1.6799414E+07  3.1392000E+04  0.0000000E+00  4.4984069E+03  1.4311598E+03  0.0000000E+00  3.5077320E+04  6.0487219E+02  1.3024327E+01  0.0000000E+00  0.0000000E+00  0.0000000E+00  0.0000000E+00  1.6298237E+04  4.8683039E-04
     8.9000000E+02    183.8221325  1.6829840E+07  3.0426000E+04  0.0000000E+00  4.6542587E+03  1.1833740E+03  0.0000000E+00  3.4515078E+04  6.0619794E+02  1.3075422E+01  0.0000000E+00  0.0000000E+00  0.0000000E+00  0.0000000E+00  1.6113271E+04 -3.0200889E-03
     8.9100000E+02    183.9140444  1.6859812E+07  2.9972000E+04  1.2231249E+02  4.3990929E+03  1.0738279E+03  0.0000000E+00  3.3796230E+04  6.0749652E+02  1.3125590E+01  0.0000000E+00  0.0000000E+00  0.0000000E+00  0.0000000E+00  1.5913287E+04  1.8754088E-03
     8.9200000E+02    184.0024586  1.6888644E+07  2.8832000E+04  0.0000000E+00  4.4967799E+03  8.9550336E+02  0.0000000E+00  3.3055227E+04  6.0872571E+02  1.3174084E+01  0.0000000E+00  0.0000000E+00  0.0000000E+00  0.0000000E+00  1.5699297E+04  1.4957336E-04
     8.9300000E+02    184.0864326  1.6916028E+07  2.7384000E+04  0.0000000E+00  5.0496735E+03  7.8174786E+02  0.0000000E+00  3.2275082E+04  6.0986163E+02  1.3220265E+01  0.0000000E+00  0.0000000E+00  0.0000000E+00  0.0000000E+00  1.5469289E+04  2.1861028E-04
     8.9400000E+02    184.1761372  1.6945280E+07  2.9252000E+04  2.2458214E+03  5.8815575E+03  2.0322065E+03  0.0000000E+00  3.1480748E+04  6.1109857E+02  1.3268457E+01  0.0000000E+00  0.0000000E+00  0.0000000E+00  0.0000000E+00  1.5229684E+04  2.3814084E-03
     8.9500000E+02    184.2526286  1.6970224E+07  2.4944000E+04  1.2276339E+02  6.3056035E+03  1.0765673E+03  0.0000000E+00  3.0675678E+04  6.1208917E+02  1.3311521E+01  0.0000000E+00  0.0000000E+00  0.0000000E+00  0.0000000E+00  1.4981461E+04  1.2254899E-05
     8.9600000E+02    184.4043010  1.7020228E+07  5.0004000E+04  1.3128919E+04  6.1461268E+03  1.3112555E+04  0.0000000E+00  3.0536383E+04  6.1453131E+02  1.3385876E+01  0.0000000E+00  0.0000000E+00  0.0000000E+00  0.0000000E+00  1.4902552E+04 -3.3023438E-04
     8.9700000E+02    184.4878280  1.7047796E+07  2.7568000E+04  0.0000000E+00  4.0759079E+03  1.9104055E+03  0.0000000E+00  3.0362613E+04  6.1576971E+02  1.3438747E+01  0.0000000E+00  0.0000000E+00  0.0000000E+00  0.0000000E+00  1.4824914E+04 -3.0259410E-04
     8.9800000E+02    184.5671364  1.7073972E+07  2.6176000E+04  2.0471464E+02  5.0479045E+03  1.5895665E+03  0.0000000E+00  3.0059455E+04  6.1674506E+02  1.3482365E+01  0.0000000E+00  0.0000000E+00  0.0000000E+00  0.0000000E+00  1.4718777E+04 -1.2385714E-03
     8.9900000E+02    184.8285529  1.7160252E+07  8.6280000E+04  2.5785848E+04  4.0909899E+03  3.4547461E+04  0.0000000E+00  3.0672674E+04  6.2135352E+02  1.3604804E+01  0.0000000E+00  0.0000000E+00  0.0000000E+00  0.0000000E+00  1.4867291E+04  4.2923002E-05
     9.0000000E+02    185.0228241  1.7224372E+07  6.4120000E+04  1.5958004E+04  2.2438376E+03  1.8731807E+04  0.0000000E+00  3.2311535E+04  6.2494824E+02  1.3717832E+01  0.0000000E+00  0.0000000E+00  0.0000000E+00  0.0000000E+00  1.5329495E+04 -1.7315418E-03
     9.0100000E+02    185.1818521  1.7276858E+07  5.2486000E+04  8.8691592E+03  1.7453498E+03  1.1202177E+04  0.0000000E+00  3.4802309E+04  6.2758331E+02  1.3808209E+01  0.0000000E+00  0.0000000E+00  0.0000000E+00  0.0000000E+00  1.6055169E+04  1.6444029E-03
     9.0200000E+02    185.3066498  1.7318048E+07  4.1190000E+04  2.5823504E+03  3.8222601E+03  5.4638960E+03  0.0000000E+00  3.7608699E+04  6.2953394E+02  1.3879847E+01  0.0000000E+00  0.0000000E+00  0.0000000E+00  0.0000000E+00  1.6965744E+04 -1.5914212E-03
     9.0300000E+02    185.4580458  1.7368254E+07  5.0206000E+04  5.8976027E+03  4.4417153E+03  8.6448262E+03  0.0000000E+00  4.0752184E+04  6.3197260E+02  1.3959340E+01  0.0000000E+00  0.0000000E+00  0.0000000E+00  0.0000000E+00  1.7958762E+04  1.7449146E-03
     9.0400000E+02    185.6063627  1.7417816E+07  4.9562000E+04  3.5014258E+03  3.3980569E+03  5.9843784E+03  0.0000000E+00  4.4123391E+04  6.3463916E+02  1.4040387E+01  0.0000000E+00  0.0000000E+00  0.0000000E+00  0.0000000E+00  1.8961754E+04  8.5981051E-04
     9.0500000E+02    186.0347069  1.7560954E+07  1.4313800E+05  3.8363934E+04  1.8888025E+03  5.9659879E+04  0.0000000E+00  4.7661316E+04  6.4411127E+02  1.4243009E+01  0.0000000E+00  0.0000000E+00  0.0000000E+00  0.0000000E+00  2.0260283E+04 -2.1450371E-05
     9.0600000E+02    186.2206763  1.7623100E+07  6.2146000E+04  7.7173933E+03  4.1204104E+03  7.0762935E+03  0.0000000E+00  5.2134379E+04  6.4866925E+02  1.4370590E+01  0.0000000E+00  0.0000000E+00  0.0000000E+00  0.0000000E+00  2.1856836E+04 -2.0719541E-03
     9.0700000E+02    186.3894402  1.7679494E+07  5.6394000E+04  5.8576647E+02  4.2480572E+03  3.4643315E+03  0.0000000E+00  5.7259508E+04  6.5195563E+02  1.4464302E+01  0.0000000E+00  0.0000000E+00  0.0000000E+00  0.0000000E+00  2.3575588E+04  1.8413203E-03
     9.0800000E+02    186.5721998  1.7740724E+07  6.1230000E+04  1.3608624E+03  5.3189757E+03  3.3357546E+03  0.0000000E+00  6.2521566E+04  6.5571014E+02  1.4562234E+01  0.0000000E+00  0.0000000E+00  0.0000000E+00  0.0000000E+00  2.5402371E+04 -1.5864848E-03
     9.0900000E+02    186.7611164  1.7804616E+07  6.3892000E+04  0.0000000E+00  5.2791116E+03  2.4055054E+03  0.0000000E+00  6.7440102E+04  6.5966211E+02  1.4664370E+01  0.0000000E+00  0.0000000E+00  0.0000000E+00  0.0000000E+00  2.7013643E+04  2.4607847E-04
     9.1000000E+02    186.9577806  1.7871128E+07  6.6512000E+04  0.0000000E+00  6.4396833E+03  1.9873223E+03  0.0000000E+00  7.1643359E+04  6.6379791E+02  1.4770548E+01  0.0000000E+00  0.0000000E+00  0.0000000E+00  0.0000000E+00  2.8295455E+04  5.8357127E-04
     9.1100000E+02    187.1585807  1.7939040E+07  6.7912000E+04  0.0000000E+00  8.0819085E+03  1.6735321E+03  0.0000000E+00  7.5002586E+04  6.6804028E+02  1.4879371E+01  0.0000000E+00  0.0000000E+00  0.0000000E+00  0.0000000E+00  2.9266039E+04 -9.2719548E-04
     9.1200000E+02    187.3681874  1.8009928E+07  7.0888000E+04  0.0000000E+00  7.4283223E+03  1.4399075E+03  0.0000000E+00  7.7565508E+04  6.7248773E+02  1.4992477E+01  0.0000000E+00  0.0000000E+00  0.0000000E+00  0.0000000E+00  2.9977922E+04  2.0370439E-03
     9.1300000E+02    187.5804105  1.8081704E+07  7.1776000E+04  0.0000000E+00  8.2297834E+03  1.2598347E+03  0.0000000E+00  7.9436578E+04  6.7701166E+02  1.5107682E+01  0.0000000E+00  0.0000000E+00  0.0000000E+00  0.0000000E+00  3.0482895E+04 -1.8394559E-03
     9.1400000E+02    187.7987736  1.8156078E+07  7.4374000E+04  0.0000000E+00  6.8045753E+03  1.1101608E+03  0.0000000E+00  8.0766938E+04  6.8167291E+02  1.5225844E+01  0.0000000E+00  0.0000000E+00  0.0000000E+00  0.0000000E+00  3.0834820E+04  1.9846819E-03
     9.1500000E+02    188.0213703  1.8232246E+07  7.6168000E+04  0.0000000E+00  5.8066361E+03  9.8449896E+02  0.0000000E+00  8.1690695E+04  6.8644202E+02  1.5346517E+01  0.0000000E+00  0.0000000E+00  0.0000000E+00  0.0000000E+00  3.1075791E+04 -1.4835919E-03
     9.1600000E+02    188.2417063  1.8307638E+07  7.5392000E+04  0.0000000E+00  7.0687131E+03  8.7819537E+02  0.0000000E+00  8.2290344E+04  6.9115918E+02  1.5466667E+01  0.0000000E+00  0.0000000E+00  0.0000000E+00  0.0000000E+00  3.1230127E+04  1.4466107E-03
     9.1700000E+02    188.4640476  1.8383718E+07  7.6080000E+04  0.0000000E+00  6.6534081E+03  7.8824231E+02  0.0000000E+00  8.2656000E+04  6.9590906E+02  1.5587444E+01  0.0000000E+00  0.0000000E+00  0.0000000E+00  0.0000000E+00  3.1323154E+04 -7.9581584E-04
     9.1800000E+02    188.6927302  1.8461968E+07  7.8250000E+04  1.1613612E+03  6.0910259E+03  1.0382516E+03  0.0000000E+00  8.2857195E+04  7.0080957E+02  1.5711199E+01  0.0000000E+00  0.0000000E+00  0.0000000E+00  0.0000000E+00  3.1373596E+04 -8.7257865E-04
     9.1900000E+02    188.9343818  1.8545220E+07  8.3252000E+04  1.6498349E+03  2.0474666E+03  1.3666501E+03  0.0000000E+00  8.3005531E+04  7.0602069E+02  1.5841291E+01  0.0000000E+00  0.0000000E+00  0.0000000E+00  0.0000000E+00  3.1411697E+04  7.9921400E-04
     9.2000000E+02    189.1622858  1.8624162E+07  7.8942000E+04  0.0000000E+00  4.3609210E+03  9.3739960E+02  0.0000000E+00  8.3092828E+04  7.1094128E+02  1.5966810E+01  0.0000000E+00  0.0000000E+00  0.0000000E+00  0.0000000E+00  3.1433715E+04  4.7415972E-04
     9.2100000E+02    189.3843470  1.8701080E+07  7.6918000E+04  0.0000000E+00  6.2634779E+03  8.2157495E+02  0.0000000E+00  8.3092234E+04  7.1566864E+02  1.6088288E+01  0.0000000E+00  0.0000000E+00  0.0000000E+00  0.0000000E+00  3.1432189E+04  6.8895094E-04
     9.2200000E+02    189.6047691  1.8777432E+07  7.6352000E+04  0.0000000E+00  6.6637908E+03  7.2819373E+02  0.0000000E+00  8.3022945E+04  7.2034894E+02  1.6208418E+01  0.0000000E+00  0.0000000E+00  0.0000000E+00  0.0000000E+00  3.1412689E+04 -1.4458759E-03
     9.2300000E+02    189.8262755  1.8854158E+07  7.6726000E+04  0.0000000E+00  6.1061831E+03  6.5127740E+02  0.0000000E+00  8.2922648E+04  7.2505103E+02  1.6328840E+01  0.0000000E+00  0.0000000E+00  0.0000000E+00  0.0000000E+00  3.1385561E+04  4.3935652E-04
     9.2400000E+02    190.0445764  1.8930230E+07  7.6072000E+04  0.0000000E+00  6.5623568E+03  5.8683368E+02  0.0000000E+00  8.2793820E+04  7.2968768E+02  1.6447986E+01  0.0000000E+00  0.0000000E+00  0.0000000E+00  0.0000000E+00  3.1350826E+04  1.9676326E-04
     9.2500000E+02    190.2789285  1.9012366E+07  8.2136000E+04  3.2812098E+03  4.8459607E+03  1.7848186E+03  0.0000000E+00  8.2667422E+04  7.3448029E+02  1.6573770E+01  0.0000000E+00  0.0000000E+00  0.0000000E+00  0.0000000E+00  3.1317221E+04  4.9866951E-04
     9.2600000E+02    190.4958777  1.9088404E+07  7.6038000E+04  0.0000000E+00  6.6427496E+03  9.0655029E+02  0.0000000E+00  8.2529273E+04  7.3931580E+02  1.6693725E+01  0.0000000E+00  0.0000000E+00  0.0000000E+00  0.0000000E+00  3.1280180E+04 -1.1236181E-03
     9.2700000E+02    190.7069537  1.9162382E+07  7.3978000E+04  0.0000000E+00  8.3757503E+03  7.7841101E+02  0.0000000E+00  8.2336469E+04  7.4374213E+02  1.6809229E+01  0.0000000E+00  0.0000000E+00  0.0000000E+00  0.0000000E+00  3.1228227E+04  6.9557340E-04
     9.2800000E+02    190.9156859  1.9235540E+07  7.3158000E+04  0.0000000E+00  8.7915906E+03  6.7983002E+02  0.0000000E+00  8.2033930E+04  7.4810925E+02  1.6923073E+01  0.0000000E+00  0.0000000E+00  0.0000000E+00  0.0000000E+00  3.1145922E+04 -1.0484199E-03
     9.2900000E+02    191.1211494  1.9307790E+07  7.2250000E+04  0.0000000E+00  8.4033359E+03  6.0158502E+02  0.0000000E+00  8.0822516E+04  7.5239667E+02  1.7035239E+01  0.0000000E+00  0.0000000E+00  0.0000000E+00  0.0000000E+00  3.0729918E+04  1.6407151E-03
     9.3000000E+02    191.3208248  1.9378652E+07  7.0862000E+04  7.7963402E+02  8.1776629E+03  7.4593988E+02  0.0000000E+00  7.8287594E+04  7.5654114E+02  1.7144530E+01  0.0000000E+00  0.0000000E+00  0.0000000E+00  0.0000000E+00  2.9947002E+04 -2.3492365E-04
     9.3100000E+02    191.5069462  1.9444704E+07  6.6052000E+04  0.0000000E+00  8.7268209E+03  5.7750824E+02  0.0000000E+00  7.4978617E+04  7.6035394E+02  1.7247289E+01  0.0000000E+00  0.0000000E+00  0.0000000E+00  0.0000000E+00  2.8927244E+04 -3.9291984E-04
     9.3200000E+02    191.6907630  1.9509938E+07  6.5234000E+04  1.6977735E+03  8.1762095E+03  1.0571868E+03  0.0000000E+00  7.1436508E+04  7.6407886E+02  1.7347571E+01  0.0000000E+00  0.0000000E+00  0.0000000E+00  0.0000000E+00  2.7795662E+04 -2.2639900E-04
     9.3300000E+02    191.8621238  1.9570752E+07  6.0814000E+04  0.0000000E+00  6.9832754E+03  6.7851080E+02  0.0000000E+00  6.7903141E+04  7.6751874E+02  1.7442179E+01  0.0000000E+00  0.0000000E+00  0.0000000E+00  0.0000000E+00  2.6739832E+04 -8.5436483E-04
     9.3400000E+02    192.0234135  1.9627990E+07  5.7238000E+04  0.0000000E+00  6.9425002E+03  5.9251752E+02  0.0000000E+00  6.4377500E+04  7.7068304E+02  1.7531047E+01  0.0000000E+00  0.0000000E+00  0.0000000E+00  0.0000000E+00  2.5802041E+04  2.0021256E-03
     9.3500000E+02    192.1731043  1.9681114E+07  5.3124000E+04  1.1250684E+03  8.9733006E+03  8.5927173E+02  0.0000000E+00  6.0903246E+04  7.7366089E+02  1.7613769E+01  0.0000000E+00  0.0000000E+00  0.0000000E+00  0.0000000E+00  2.4841465E+04 -1.5777160E-03
     9.3600000E+02    192.3146923  1.9731822E+07  5.0708000E+04  9.0316617E+02  8.0359359E+03  9.8725458E+02  0.0000000E+00  5.7648156E+04  7.7627802E+02  1.7691701E+01  0.0000000E+00  0.0000000E+00  0.0000000E+00  0.0000000E+00  2.3891121E+04  1.1284701E-03
     9.3700000E+02    192.4463707  1.9779082E+07  4.7260000E+04  0.0000000E+00  7.2076142E+03  6.7698608E+02  0.0000000E+00  5.4587000E+04  7.7837860E+02  1.7764437E+01  0.0000000E+00  0.0000000E+00  0.0000000E+00  0.0000000E+00  2.2945811E+04  4.0996409E-04
     9.3800000E+02    192.5681663  1.9822796E+07  4.3714000E+04  0.0000000E+00  7.8525309E+03  5.8530585E+02  0.0000000E+00  5.1779168E+04  7.8092773E+02  1.7831792E+01  0.0000000E+00  0.0000000E+00  0.0000000E+00  0.0000000E+00  2.2027910E+04 -1.5665439E-03
     9.3900000E+02    192.6806838  1.9863180E+07  4.0384000E+04  0.0000000E+00  8.5567369E+03  5.1415387E+02  0.0000000E+00  4.9226613E+04  7.8289398E+02  1.7894032E+01  0.0000000E+00  0.0000000E+00  0.0000000E+00  0.0000000E+00  2.1143736E+04 -1.5235239E-03
     9.4000000E+02    192.7920792  1.9903160E+07  3.9980000E+04  0.0000000E+00  6.5852976E+03  4.5733801E+02  0.0000000E+00  4.6911242E+04  7.8479828E+02  1.7954774E+01  0.0000000E+00  0.0000000E+00  0.0000000E+00  0.0000000E+00  2.0292117E+04  1.1215240E-03
     9.4100000E+02    192.8912517  1.9938754E+07  3.5594000E+04  0.0000000E+00  8.7712289E+03  4.1090851E+02  0.0000000E+00  4.4758324E+04  7.8637097E+02  1.8010073E+01  0.0000000E+00  0.0000000E+00  0.0000000E+00  0.0000000E+00  1.9445818E+04 -8.3021109E-04
     9.4200000E+02    192.9863650  1.9972890E+07  3.4136000E+04  0.0000000E+00  8.1014061E+03  3.7223755E+02  0.0000000E+00  4.2671945E+04  7.8795001E+02  1.8062274E+01  0.0000000E+00  0.0000000E+00  0.0000000E+00  0.0000000E+00  1.8615107E+04  1.7786956E-03
     9.4300000E+02    193.0796352  2.0006366E+07  3.3476000E+04  0.0000000E+00  6.3910074E+03  3.3951407E+02  0.0000000E+00  4.0334113E+04  7.8923224E+02  1.8113231E+01  0.0000000E+00  0.0000000E+00  0.0000000E+00  0.0000000E+00  1.7897080E+04 -1.7767193E-03
     9.4400000E+02    193.1650461  2.0037020E+07  3.0654000E+04  0.0000000E+00  6.9664110E+03  3.1145175E+02  0.0000000E+00  3.8118301E+04  7.9068121E+02  1.8160566E+01  0.0000000E+00  0.0000000E+00  0.0000000E+00  0.0000000E+00  1.7329854E+04  1.3010752E-03
     9.4500000E+02    193.2458335  2.0066014E+07  2.8994000E+04  0.0000000E+00  6.7845827E+03  2.8711316E+02  0.0000000E+00  3.6302691E+04  7.9187347E+02  1.8205032E+01  0.0000000E+00  0.0000000E+00  0.0000000E+00  0.0000000E+00  1.6830166E+04  3.1280059E-03
     9.4600000E+02    193.3188982  2.0092238E+07  2.6224000E+04  0.0000000E+00  7.9520158E+03  2.6579892E+02  0.0000000E+00  3.4720672E+04  7.9283325E+02  1.8245634E+01  0.0000000E+00  0.0000000E+00  0.0000000E+00  0.0000000E+00  1.6371824E+04 -1.7752397E-03
     9.4700000E+02    193.3839202  2.0115774E+07  2.3536000E+04  0.0000000E+00  9.1992008E+03  2.4697676E+02  0.0000000E+00  3.3299641E+04  7.9358496E+02  1.8281893E+01  0.0000000E+00  0.0000000E+00  0.0000000E+00  0.0000000E+00  1.5943241E+04 -1.3449102E-03
     9.4800000E+02    193.4484874  2.0139202E+07  2.3428000E+04  0.0000000E+00  7.9945069E+03  2.3023422E+02  0.0000000E+00  3.2004195E+04  7.9432410E+02  1.8317079E+01  0.0000000E+00  0.0000000E+00  0.0000000E+00  0.0000000E+00  1.5538698E+04 -2.2297588E-03
     9.4900000E+02    193.5149290  2.0163308E+07  2.4106000E+04  0.0000000E+00  6.1091855E+03  2.1524684E+02  0.0000000E+00  3.0814588E+04  7.9494330E+02  1.8353032E+01  0.0000000E+00  0.0000000E+00  0.0000000E+00  0.0000000E+00  1.5154996E+04  4.3556872E-03
     9.5000000E+02    193.5801468  2.0186972E+07  2.3664000E+04  0.0000000E+00  5.4414792E+03  2.0175545E+02  0.0000000E+00  2.9717080E+04  7.9564130E+02  1.8388656E+01  0.0000000E+00  0.0000000E+00  0.0000000E+00  0.0000000E+00  1.4789142E+04 -2.2456590E-03
     9.5100000E+02    193.6423538  2.0209542E+07  2.2570000E+04  0.0000000E+00  5.5094426E+03  1.8955026E+02  0.0000000E+00  2.8723830E+04  8.1460596E+02  1.8422836E+01  0.0000000E+00  0.0000000E+00  0.0000000E+00  0.0000000E+00  1.4450035E+04  3.1478722E-03
     9.5200000E+02    193.6979531  2.0229716E+07  2.0174000E+04  0.0000000E+00  6.9828574E+03  1.7845969E+02  0.0000000E+00  2.7793555E+04  7.9728638E+02  1.8453811E+01  0.0000000E+00  0.0000000E+00  0.0000000E+00  0.0000000E+00  1.4120309E+04 -2.0877451E-03
     9.5300000E+02    193.7544049  2.0250198E+07  2.0482000E+04  0.0000000E+00  5.7890870E+03  1.6834171E+02  0.0000000E+00  2.6919750E+04  7.9781750E+02  1.8484439E+01  0.0000000E+00  0.0000000E+00  0.0000000E+00  0.0000000E+00  1.3801810E+04  2.5956978E-03
     9.5400000E+02    193.8064735  2.0269092E+07  1.8894000E+04  0.0000000E+00  6.5516933E+03  1.5907784E+02  0.0000000E+00  2.6101621E+04  7.9817328E+02  1.8513251E+01  0.0000000E+00  0.0000000E+00  0.0000000E+00  0.0000000E+00  1.3494635E+04 -6.3962024E-03
     9.5500000E+02    193.8567871  2.0287346E+07  1.8254000E+04  0.0000000E+00  6.4133449E+03  1.5056821E+02  0.0000000E+00  2.5335574E+04  7.9867682E+02  1.8540822E+01  0.0000000E+00  0.0000000E+00  0.0000000E+00  0.0000000E+00  1.3198203E+04  6.1997538E-03
     9.5600000E+02    193.9423720  2.0318400E+07  3.1054000E+04  6.5025418E+03  2.3642018E+03  3.0404634E+03  0.0000000E+00  2.4692910E+04  7.9990143E+02  1.8583557E+01  0.0000000E+00  0.0000000E+00  0.0000000E+00  0.0000000E+00  1.2934184E+04 -2.2591408E-03
     9.5700000E+02    194.0234411  2.0347814E+07  2.9414000E+04  4.8261462E+03  2.2423070E+03  3.4150149E+03  0.0000000E+00  2.4235289E+04  8.0076672E+02  1.8628165E+01  0.0000000E+00  0.0000000E+00  0.0000000E+00  0.0000000E+00  1.2723301E+04  2.3033519E-03
     9.5800000E+02    194.0995030  2.0375412E+07  2.7598000E+04  3.5914486E+03  2.4898488E+03  3.4517180E+03  0.0000000E+00  2.3865346E+04  8.0204364E+02  1.8670102E+01  0.0000000E+00  0.0000000E+00  0.0000000E+00  0.0000000E+00  1.2544357E+04 -1.6429536E-04
     9.5900000E+02    194.1786768  2.0404140E+07  2.8728000E+04  4.1009625E+03  2.5061109E+03  4.3873906E+03  0.0000000E+00  2.3566520E+04  8.0300287E+02  1.8712849E+01  0.0000000E+00  0.0000000E+00  0.0000000E+00  0.0000000E+00  1.2389835E+04 -2.9734168E-03
     9.6000000E+02    194.2304320  2.0422918E+07  1.8778000E+04  1.2674129E+02  5.6094044E+03  1.8157720E+03  0.0000000E+00  2.3268080E+04  8.0381799E+02  1.8743997E+01  0.0000000E+00  0.0000000E+00  0.0000000E+00  0.0000000E+00  1.2241345E+04  2.4868639E-03
     9.6100000E+02    194.2757964  2.0439378E+07  1.6460000E+04  0.0000000E+00  6.9995463E+03  1.3223441E+03  0.0000000E+00  2.2959828E+04  8.0405676E+02  1.8769380E+01  0.0000000E+00  0.0000000E+00  0.0000000E+00  0.0000000E+00  1.2091235E+04 -8.2847563E-04
     9.6200000E+02    194.3192198  2.0455134E+07  1.5756000E+04  0.0000000E+00  7.1105766E+03  1.0473414E+03  0.0000000E+00  2.2641848E+04  8.0425763E+02  1.8793221E+01  0.0000000E+00  0.0000000E+00  0.0000000E+00  0.0000000E+00  1.1938229E+04 -1.8509564E-03
     9.6300000E+02    194.3622386  2.0470742E+07  1.5608000E+04  0.0000000E+00  6.7495280E+03  8.6164734E+02  0.0000000E+00  2.2319895E+04  8.0444977E+02  1.8816675E+01  0.0000000E+00  0.0000000E+00  0.0000000E+00  0.0000000E+00  1.1782631E+04  3.2184820E-03
     9.6400000E+02    194.4051751  2.0486322E+07  1.5580000E+04  0.0000000E+00  6.3250135E+03  7.2869250E+02  0.0000000E+00  2.1998672E+04  8.0464777E+02  1.8840050E+01  0.0000000E+00  0.0000000E+00  0.0000000E+00  0.0000000E+00  1.1624870E+04 -5.0015422E-03
     9.6500000E+02    194.4472369  2.0501582E+07  1.5260000E+04  0.0000000E+00  6.2264882E+03  6.2908435E+02  0.0000000E+00  2.1682615E+04  8.0482452E+02  1.8863035E+01  0.0000000E+00  0.0000000E+00  0.0000000E+00  0.0000000E+00  1.1465763E+04  6.8279761E-03
     9.6600000E+02    194.4866618  2.0515970E+07  1.4388000E+04  0.0000000E+00  6.7151836E+03  5.5174200E+02  0.0000000E+00  2.1373551E+04  8.0494989E+02  1.8884776E+01  0.0000000E+00  0.0000000E+00  0.0000000E+00  0.0000000E+00  1.1305678E+04 -7.8658443E-03
     9.6700000E+02    194.5458325  2.0537680E+07  2.1710000E+04  3.5812422E+03  3.9905890E+03  1.8416428E+03  0.0000000E+00  2.1103617E+04  8.0534088E+02  1.8914827E+01  0.0000000E+00  0.0000000E+00  0.0000000E+00  0.0000000E+00  1.1154607E+04  6.2437556E-03
     9.6800000E+02    194.5846121  2.0551908E+07  1.4228000E+04  0.0000000E+00  6.6792563E+03  8.6645392E+02  0.0000000E+00  2.0866195E+04  8.0571179E+02  1.8938149E+01  0.0000000E+00  0.0000000E+00  0.0000000E+00  0.0000000E+00  1.1011257E+04  3.4150807E-03
     9.6900000E+02    194.6223050  2.0565738E+07  1.3830000E+04  0.0000000E+00  6.7325557E+03  7.2836462E+02  0.0000000E+00  2.0658953E+04  8.0577759E+02  1.8958780E+01  0.0000000E+00  0.0000000E+00  0.0000000E+00  0.0000000E+00  1.0875310E+04  1.2328422E-04
     9.7000000E+02    194.6615147  2.0580124E+07  1.4386000E+04  2.4152636E+02  6.1974505E+03  6.8982538E+02  0.0000000E+00  2.0477572E+04  8.0588739E+02  1.8979952E+01  0.0000000E+00  0.0000000E+00  0.0000000E+00  0.0000000E+00  1.0746030E+04  2.8281140E-03
     9.7100000E+02    194.6976860  2.0593396E+07  1.3272000E+04  0.0000000E+00  6.7983095E+03  5.7533795E+02  0.0000000E+00  2.0319674E+04  8.0596063E+02  1.8999967E+01  0.0000000E+00  0.0000000E+00  0.0000000E+00  0.0000000E+00  1.0622913E+04 -1.2338471E-03
     9.7200000E+02    194.7329768  2.0606346E+07  1.2950000E+04  0.0000000E+00  6.9097005E+03  5.0700128E+02  0.0000000E+00  2.0179742E+04  8.0936481E+02  1.9019267E+01  0.0000000E+00  0.0000000E+00  0.0000000E+00  0.0000000E+00  1.0505827E+04 -6.4768228E-03
     9.7300000E+02    194.7805649  2.0623806E+07  1.7460000E+04  8.5285799E+02  3.3011095E+03  6.6976172E+02  0.0000000E+00  2.0064424E+04  8.0616394E+02  1.9043826E+01  0.0000000E+00  0.0000000E+00  0.0000000E+00  0.0000000E+00  1.0393568E+04  3.3657344E-03
     9.7400000E+02    194.8312452  2.0642402E+07  1.8596000E+04  1.1926375E+03  2.6039956E+03  8.6612860E+02  0.0000000E+00  1.9966197E+04  8.0661206E+02  1.9071069E+01  0.0000000E+00  0.0000000E+00  0.0000000E+00  0.0000000E+00  1.0341759E+04 -3.2456070E-03
     9.7500000E+02    194.8689039  2.0656218E+07  1.3816000E+04  0.0000000E+00  5.8137990E+03  5.9520233E+02  0.0000000E+00  1.9862121E+04  8.0696045E+02  1.9092979E+01  0.0000000E+00  0.0000000E+00  0.0000000E+00  0.0000000E+00  1.0318499E+04  7.1986746E-03
     9.7600000E+02    194.9869588  2.0699534E+07  4.3316000E+04  1.4977566E+04  3.0244390E+03  1.1915426E+04  0.0000000E+00  2.0275484E+04  8.0893164E+02  1.9148473E+01  0.0000000E+00  0.0000000E+00  0.0000000E+00  0.0000000E+00  1.0449604E+04 -9.1096328E-05
     9.7700000E+02    195.0546837  2.0724384E+07  2.4850000E+04  5.8126233E+03  2.9391688E+03  5.9332803E+03  0.0000000E+00  2.0767305E+04  8.0992737E+02  1.9190806E+01  0.0000000E+00  3.8957131E+03  0.0000000E+00  0.0000000E+00  1.0602231E+04 -2.4389126E-03
     9.7800000E+02    195.0740252  2.0731480E+07  7.0960000E+03  0.0000000E+00  7.0852074E+03  2.0267698E+03  0.0000000E+00  2.1141139E+04  8.0957239E+02  1.9206597E+01  0.0000000E+00  8.1572539E+03  0.0000000E+00  0.0000000E+00  1.0720688E+04  2.8831637E-03
     9.7900000E+02    195.0856776  2.0735756E+07  4.2760000E+03  0.0000000E+00  7.0866549E+03  1.5501508E+03  0.0000000E+00  2.1364709E+04  8.0895178E+02  1.9213775E+01  0.0000000E+00  1.0724632E+04  0.0000000E+00  0.0000000E+00  1.0795793E+04 -2.5825901E-03
     9.8000000E+02    195.0902762  2.0737444E+07  1.6880000E+03  0.0000000E+00  7.6108913E+03  1.2469583E+03  0.0000000E+00  2.1463836E+04  8.0819342E+02  1.9217045E+01  0.0000000E+00  1.2585209E+04  0.0000000E+00  0.0000000E+00  1.0834405E+04 -3.1475946E-03
     9.8100000E+02    195.0924634  2.0738246E+07  8.0200000E+02  0.0000000E+00  7.2410600E+03  1.0378138E+03  0.0000000E+00  2.1465650E+04  8.0738824E+02  1.9218498E+01  0.0000000E+00  1.3633276E+04  0.0000000E+00  0.0000000E+00  1.0843614E+04  2.3173515E-03
     9.8200000E+02    195.0913189  2.0737826E+07 -4.2000000E+02  0.0000000E+00  8.7863257E+03  8.8478009E+02  0.0000000E+00  2.1392146E+04  8.0648505E+02  1.9218238E+01  0.0000000E+00  1.3084831E+04  0.0000000E+00  0.0000000E+00  1.0829415E+04  2.9257903E-04
     9.8300000E+02    195.0916236  2.0737938E+07  1.1200000E+02  0.0000000E+00  7.8591420E+03  7.6778320E+02  0.0000000E+00  2.1258811E+04  8.0560638E+02  1.9218246E+01  0.0000000E+00  1.3230833E+04  0.0000000E+00  0.0000000E+00  1.0795934E+04 -9.3991496E-04
     9.8400000E+02    195.0931465  2.0738496E+07  5.5800000E+02  0.0000000E+00  6.4131040E+03  6.7531049E+02  0.0000000E+00  2.1081197E+04  8.0477008E+02  1.9218942E+01  0.0000000E+00  1.3960612E+04  0.0000000E+00  0.0000000E+00  1.0747751E+04  3.6896288E-03
     9.8500000E+02    195.0916876  2.0737962E+07 -5.3400000E+02  0.0000000E+00  7.9208348E+03  6.0032104E+02  0.0000000E+00  2.0869820E+04  8.0386792E+02  1.9218472E+01  0.0000000E+00  1.3261523E+04  0.0000000E+00  0.0000000E+00  1.0688271E+04 -5.9289304E-03
     9.8600000E+02    195.0904747  2.0737516E+07 -4.4600000E+02  0.0000000E+00  8.1124001E+03  5.3826727E+02  0.0000000E+00  2.0631656E+04  8.0296759E+02  1.9217786E+01  0.0000000E+00  1.2680335E+04  0.0000000E+00  0.0000000E+00  1.0619666E+04  4.6354695E-03
     9.8700000E+02    195.0861690  2.0735936E+07 -1.5800000E+03  0.0000000E+00  1.0784070E+04  4.8607956E+02  0.0000000E+00  2.0372266E+04  8.0200397E+02  1.9215779E+01  0.0000000E+00  1.0832895E+04  0.0000000E+00  0.0000000E+00  1.0543616E+04  7.2247104E-04
     9.8800000E+02    195.0831913  2.0734844E+07 -1.0920000E+03  0.0000000E+00  1.0633529E+04  4.4160391E+02  0.0000000E+00  2.0096461E+04  8.0105377E+02  1.9214014E+01  0.0000000E+00  1.0176819E+04  0.0000000E+00  0.0000000E+00  1.0461601E+04 -2.5553333E-03
     9.8900000E+02    195.0826024  2.0734628E+07 -2.1600000E+02  0.0000000E+00  9.5626098E+03  4.0328021E+02  0.0000000E+00  1.9809729E+04  8.0016504E+02  1.9213434E+01  0.0000000E+00  1.0047078E+04  0.0000000E+00  0.0000000E+00  1.0375271E+04 -2.7725511E-04
     9.9000000E+02    195.0841688  2.0735202E+07  5.7400000E+02  0.0000000E+00  8.0895602E+03  3.6994891E+02  0.0000000E+00  1.9505059E+04  7.9933417E+02  1.9214052E+01  0.0000000E+00  1.0392189E+04  0.0000000E+00  0.0000000E+00  1.0283057E+04  3.5672155E-03
     9.9100000E+02    195.0838523  2.0735086E+07 -1.1600000E+02  0.0000000E+00  8.5002724E+03  3.4072714E+02  0.0000000E+00  1.9183682E+04  7.9847180E+02  1.9214084E+01  0.0000000E+00  1.0322456E+04  0.0000000E+00  0.0000000E+00  1.0185079E+04 -2.9833256E-05
     9.9200000E+02    195.0798934  2.0733634E+07 -1.4520000E+03  0.0000000E+00  1.0361317E+04  3.1492947E+02  0.0000000E+00  1.8860811E+04  7.9757800E+02  1.9212326E+01  0.0000000E+00  9.4501914E+03  0.0000000E+00  0.0000000E+00  1.0085026E+04 -2.7079002E-03
     9.9300000E+02    195.0749296  2.0731812E+07 -1.8220000E+03  0.0000000E+00  1.1481044E+04  2.9201541E+02  0.0000000E+00  1.8540062E+04  7.9660504E+02  1.9209734E+01  0.0000000E+00  8.3565098E+03  0.0000000E+00  0.0000000E+00  9.9841143E+03  3.4327784E-03
     9.9400000E+02    195.0703069  2.0730116E+07 -1.6960000E+03  0.0000000E+00  1.2036666E+04  2.7155197E+02  0.0000000E+00  1.8221811E+04  7.9564740E+02  1.9207182E+01  0.0000000E+00  7.3379805E+03  0.0000000E+00  0.0000000E+00  9.8827314E+03 -6.7717751E-04
     9.9500000E+02    195.0698274  2.0729940E+07 -1.7600000E+02  0.0000000E+00  1.0290420E+04  2.5318794E+02  0.0000000E+00  1.7907643E+04  7.9476709E+02  1.9206470E+01  0.0000000E+00  7.2323472E+03  0.0000000E+00  0.0000000E+00  9.7815107E+03  4.7931427E-04
     9.9600000E+02    195.0721816  2.0730804E+07  8.6400000E+02  0.0000000E+00  8.4069151E+03  2.3663568E+02  0.0000000E+00  1.7598303E+04  7.9397455E+02  1.9207443E+01  0.0000000E+00  7.7510298E+03  0.0000000E+00  0.0000000E+00  9.6808086E+03 -1.0622584E-03
     9.9700000E+02    195.0734499  2.0731270E+07  4.6600000E+02  0.0000000E+00  8.2082441E+03  2.2165678E+02  0.0000000E+00  1.7294863E+04  7.9318182E+02  1.9208251E+01  0.0000000E+00  8.0304829E+03  0.0000000E+00  0.0000000E+00  9.5810332E+03 -3.4119578E-03
     9.9800000E+02    195.0746305  2.0731702E+07  4.3200000E+02  0.0000000E+00  7.6706326E+03  2.0805215E+02  0.0000000E+00  1.6998010E+04  7.9238898E+02  1.9208903E+01  0.0000000E+00  8.2906172E+03  0.0000000E+00  0.0000000E+00  9.4824346E+03  7.0605562E-03
     9.9900000E+02    195.0722857  2.0730842E+07 -8.6000000E+02  0.0000000E+00  9.1790275E+03  1.9565416E+02  0.0000000E+00  1.6707729E+04  7.9150726E+02  1.9208011E+01  0.0000000E+00  7.7739824E+03  0.0000000E+00  0.0000000E+00  9.3850889E+03 -1.9241284E-03
     1.0000000E+03    195.0711276  2.0730418E+07 -4.2400000E+02  0.0000000E+00  8.7044719E+03  1.8432071E+02  0.0000000E+00  1.6423875E+04  7.9065057E+02  1.9207251E+01  0.0000000E+00  7.5188022E+03  0.0000000E+00  0.0000000E+00  9.2890645E+03 -5.4925126E-03
     1.0010000E+03    195.1509612  2.0759710E+07  2.9292000E+04  3.1333285E+04  5.2904107E+03  3.1625697E+04  0.0000000E+00  1.6837631E+04  7.9165417E+02  1.9241881E+01  0.0000000E+00  4.4403262E+04  0.0000000E+00  0.0000000E+00  9.4068555E+03  4.8952581E-05
     1.0020000E+03    195.1143684  2.0746284E+07 -1.3426000E+04  0.0000000E+00  6.7491992E+03  1.0146558E+03  0.0000000E+00  1.7247232E+04  7.9017102E+02  1.9234639E+01  0.0000000E+00  2.4129658E+04  0.0000000E+00  0.0000000E+00  9.5272275E+03 -1.1772399E-03
     1.0030000E+03    195.0956570  2.0739418E+07 -6.8660000E+03  0.0000000E+00  9.2953319E+03  8.9803430E+02  0.0000000E+00  1.7503316E+04  7.8867877E+02  1.9222510E+01  0.0000000E+00  1.5163587E+04  0.0000000E+00  0.0000000E+00  9.6036465E+03  2.1025597E-03
     1.0040000E+03    195.0869501  2.0736224E+07 -3.1940000E+03  0.0000000E+00  9.7958038E+03  8.0013983E+02  0.0000000E+00  1.7612707E+04  7.8750671E+02  1.9216683E+01  0.0000000E+00  1.1005008E+04  0.0000000E+00  0.0000000E+00  9.6364209E+03 -3.1817604E-03
     1.0050000E+03    195.0797546  2.0733582E+07 -2.6420000E+03  0.0000000E+00  1.0745733E+04  7.1692499E+02  0.0000000E+00  1.7613928E+04  7.8640790E+02  1.9212603E+01  0.0000000E+00  9.4196191E+03  0.0000000E+00  0.0000000E+00  9.6360508E+03  8.9595560E-03
     1.0060000E+03    195.0748249  2.0731774E+07 -1.8080000E+03  0.0000000E+00  1.0853951E+04  6.4560394E+02  0.0000000E+00  1.7537574E+04  7.8537354E+02  1.9209674E+01  0.0000000E+00  8.3334385E+03  0.0000000E+00  0.0000000E+00  9.6111523E+03 -3.9664363E-03
     1.0070000E+03    195.0721046  2.0730776E+07 -9.9800000E+02  0.0000000E+00  1.0449952E+04  5.8409418E+02  0.0000000E+00  1.7405443E+04  7.8442865E+02  1.9207953E+01  0.0000000E+00  7.7340688E+03  0.0000000E+00  0.0000000E+00  9.5681377E+03 -6.2746357E-04
     1.0080000E+03    195.0687297  2.0729538E+07 -1.2380000E+03  0.0000000E+00  1.1261001E+04  5.3073846E+02  0.0000000E+00  1.7285393E+04  7.8371094E+02  1.9206188E+01  0.0000000E+00  6.9904790E+03  0.0000000E+00  0.0000000E+00  9.5271152E+03 -1.4042853E-03
     1.0090000E+03    195.0672564  2.0728998E+07 -5.4000000E+02  0.0000000E+00  1.0651316E+04  4.8420731E+02  0.0000000E+00  1.7094484E+04  7.8286389E+02  1.9205179E+01  0.0000000E+00  6.6658613E+03  0.0000000E+00  0.0000000E+00  9.4659727E+03 -3.0720956E-03
     1.0100000E+03    195.0670582  2.0728924E+07 -7.4000000E+01  0.0000000E+00  9.9741435E+03  4.4342105E+02  0.0000000E+00  1.6881482E+04  7.8205243E+02  1.9204932E+01  0.0000000E+00  6.6222051E+03  0.0000000E+00  0.0000000E+00  9.3953945E+03  7.4543296E-03
     1.0110000E+03    195.0671601  2.0728962E+07  3.8000000E+01  0.0000000E+00  9.5775327E+03  4.0749451E+02  0.0000000E+00  1.6652461E+04  7.8119708E+02  1.9204955E+01  0.0000000E+00  6.6446421E+03  0.0000000E+00  0.0000000E+00  9.3189287E+03 -3.6521014E-03
     1.0120000E+03    195.0685335  2.0729466E+07  5.0400000E+02  0.0000000E+00  8.5382442E+03  3.7569931E+02  0.0000000E+00  1.6413324E+04  7.8039728E+02  1.9205564E+01  0.0000000E+00  6.9472500E+03  0.0000000E+00  0.0000000E+00  9.2385596E+03 -4.3625044E-04
     1.0130000E+03    195.0703914  2.0730148E+07  6.8200000E+02  0.0000000E+00  7.7335534E+03  3.4743549E+02  0.0000000E+00  1.6226400E+04  7.8263757E+02  1.9206522E+01  0.0000000E+00  7.3566040E+03  0.0000000E+00  0.0000000E+00  9.1756182E+03 -9.9578069E-04
     1.0140000E+03    195.0719833  2.0730732E+07  5.8400000E+02  0.0000000E+00  7.2096415E+03  3.2220425E+02  0.0000000E+00  1.5977174E+04  7.7906226E+02  1.9207418E+01  0.0000000E+00  7.7073579E+03  0.0000000E+00  0.0000000E+00  9.0897588E+03  6.6504645E-04
     1.0150000E+03    195.0728260  2.0731040E+07  3.0800000E+02  0.0000000E+00  7.0218814E+03  2.9959067E+02  0.0000000E+00  1.5721988E+04  7.7822742E+02  1.9207958E+01  0.0000000E+00  7.8930210E+03  0.0000000E+00  0.0000000E+00  9.0014365E+03  7.7471198E-03
     1.0160000E+03    195.0734751  2.0731278E+07  2.3800000E+02  0.0000000E+00  6.6746747E+03  2.7924658E+02  0.0000000E+00  1.5466270E+04  7.7739752E+02  1.9208332E+01  0.0000000E+00  8.0360444E+03  0.0000000E+00  0.0000000E+00  8.9124023E+03  1.2094218E-03
     1.0170000E+03    195.0743819  2.0731612E+07  3.3400000E+02  0.0000000E+00  6.1124320E+03  2.6087885E+02  0.0000000E+00  1.5216028E+04  7.7659393E+02  1.9208797E+01  0.0000000E+00  8.2358350E+03  0.0000000E+00  0.0000000E+00  8.8248486E+03 -7.5149764E-03
     1.0180000E+03    195.0735205  2.0731296E+07 -3.1600000E+02  0.0000000E+00  6.6882820E+03  2.4423993E+02  0.0000000E+00  1.4969064E+04  7.7580304E+02  1.9208521E+01  0.0000000E+00  8.0460474E+03  0.0000000E+00  0.0000000E+00  8.7376064E+03 -2.3896297E-04
     1.0190000E+03    195.0719597  2.0730722E+07 -5.7400000E+02  0.0000000E+00  7.0342411E+03  2.2911928E+02  0.0000000E+00  1.4728937E+04  7.7490979E+02  1.9207748E+01  0.0000000E+00  7.7021587E+03  0.0000000E+00  0.0000000E+00  8.6523291E+03  9.9036358E-03
     1.0200000E+03    195.0710062  2.0730372E+07 -3.5000000E+02  0.0000000E+00  6.7765482E+03  2.1533731E+02  0.0000000E+00  1.4496871E+04  7.7411469E+02  1.9207163E+01  0.0000000E+00  7.4920645E+03  0.0000000E+00  0.0000000E+00  8.5694639E+03  1.8154208E-03
     1.0210000E+03    195.0690798  2.0729666E+07 -7.0600000E+02  0.0000000E+00  7.3170583E+03  2.0273996E+02  0.0000000E+00  1.4267570E+04  7.7334515E+02  1.9206220E+01  0.0000000E+00  7.0676196E+03  0.0000000E+00  0.0000000E+00  8.4869229E+03 -6.0547632E-03
     1.0220000E+03    195.0658445  2.0728480E+07 -1.1860000E+03  0.0000000E+00  8.2759557E+03  1.9119510E+02  0.0000000E+00  1.4044162E+04  7.7246570E+02  1.9204602E+01  0.0000000E+00  6.3547871E+03  0.0000000E+00  0.0000000E+00  8.4061045E+03 -6.8513309E-03
     1.0230000E+03    195.0617003  2.0726958E+07 -1.5220000E+03  0.0000000E+00  9.2952950E+03  1.8058847E+02  0.0000000E+00  1.3826586E+04  7.7153937E+02  1.9202446E+01  0.0000000E+00  5.4416875E+03  0.0000000E+00  0.0000000E+00  8.3271348E+03  9.3456833E-03
     1.0240000E+03    195.0587093  2.0725862E+07 -1.0960000E+03  0.0000000E+00  9.3120697E+03  1.7082077E+02  0.0000000E+00  1.3616281E+04  7.7060535E+02  1.9200693E+01  0.0000000E+00  4.7826694E+03  0.0000000E+00  0.0000000E+00  8.2504521E+03 -9.6970340E-03
     1.0250000E+03    195.0584184  2.0725754E+07 -1.0800000E+02  0.0000000E+00  8.1721997E+03  1.6180556E+02  0.0000000E+00  1.3411249E+04  7.6981110E+02  1.9200241E+01  0.0000000E+00  4.7185747E+03  0.0000000E+00  0.0000000E+00  8.1752773E+03  9.2732059E-03
     1.0260000E+03    195.0578664  2.0725552E+07 -2.0200000E+02  0.0000000E+00  8.1826738E+03  1.5346716E+02  0.0000000E+00  1.3211807E+04  7.6897247E+02  1.9199969E+01  0.0000000E+00  4.5969531E+03  0.0000000E+00  0.0000000E+00  8.1016353E+03 -3.8795325E-03
     1.0270000E+03    195.0578536  2.0725548E+07 -4.0000000E+00  0.0000000E+00  7.7859091E+03  1.4573921E+02  0.0000000E+00  1.3016934E+04  7.6811499E+02  1.9199903E+01  0.0000000E+00  4.5941450E+03  0.0000000E+00  0.0000000E+00  8.0292041E+03 -5.2954052E-03
     1.0280000E+03    195.0580336  2.0725614E+07  6.6000000E+01  0.0000000E+00  7.4819292E+03  1.3856334E+02  0.0000000E+00  1.2829747E+04  7.6733392E+02  1.9199980E+01  0.0000000E+00  4.6338037E+03  0.0000000E+00  0.0000000E+00  7.9592349E+03  3.3886690E-04
     1.0290000E+03    195.0570094  2.0725238E+07 -3.7600000E+02  0.0000000E+00  7.9614398E+03  1.3188800E+02  0.0000000E+00  1.2647671E+04  7.6656006E+02  1.9199554E+01  0.0000000E+00  4.4081348E+03  0.0000000E+00  0.0000000E+00  7.8906123E+03  1.7073635E-03
     1.0300000E+03    195.0543804  2.0724272E+07 -9.6600000E+02  0.0000000E+00  8.9472829E+03  1.2566754E+02  0.0000000E+00  1.2470761E+04  7.6569678E+02  1.9198298E+01  0.0000000E+00  3.8288772E+03  0.0000000E+00  0.0000000E+00  7.8234390E+03  1.0124926E-02
     1.0310000E+03    195.0531605  2.0723826E+07 -4.4600000E+02  0.0000000E+00  8.5222945E+03  1.1986141E+02  0.0000000E+00  1.2299023E+04  7.6485736E+02  1.9197481E+01  0.0000000E+00  3.5601084E+03  0.0000000E+00  0.0000000E+00  7.7577935E+03 -1.2227469E-02
     1.0320000E+03    195.0528606  2.0723716E+07 -1.1000000E+02  0.0000000E+00  8.0797190E+03  1.1443353E+02  0.0000000E+00  1.2132479E+04  7.6403424E+02  1.9197217E+01  0.0000000E+00  3.4940190E+03  0.0000000E+00  0.0000000E+00  7.6936982E+03 -4.7417567E-04
     1.0330000E+03    195.0534924  2.0723946E+07  2.3000000E+02  0.0000000E+00  7.4334138E+03  1.0935167E+02  0.0000000E+00  1.1971576E+04  7.6324121E+02  1.9197460E+01  0.0000000E+00  3.6332361E+03  0.0000000E+00  0.0000000E+00  7.6314189E+03  1.5229325E-02
     1.0340000E+03    195.0540805  2.0724162E+07  2.1600000E+02  0.0000000E+00  7.1597153E+03  1.0458698E+02  0.0000000E+00  1.1815372E+04  7.6247363E+02  1.9197784E+01  0.0000000E+00  3.7628049E+03  0.0000000E+00  0.0000000E+00  7.5704727E+03 -1.9580473E-03
     1.0350000E+03    195.0550402  2.0724514E+07  3.5200000E+02  0.0000000E+00  6.6937323E+03  1.0011360E+02  0.0000000E+00  1.1702364E+04  7.6316388E+02  1.9198266E+01  0.0000000E+00  3.9742537E+03  0.0000000E+00  0.0000000E+00  7.5266865E+03  1.0921966E-03
     1.0360000E+03    195.0539498  2.0724114E+07 -4.0000000E+02  0.0000000E+00  7.5384701E+03  9.5908264E+01  0.0000000E+00  1.1556818E+04  7.6115204E+02  1.9197896E+01  0.0000000E+00  3.7339985E+03  0.0000000E+00  0.0000000E+00  7.4688931E+03 -7.6972396E-04
     1.0370000E+03    195.0534920  2.0723946E+07 -1.6800000E+02  0.0000000E+00  7.2607442E+03  9.1949966E+01  0.0000000E+00  1.1413535E+04  7.6036755E+02  1.9197578E+01  0.0000000E+00  3.6331379E+03  0.0000000E+00  0.0000000E+00  7.4118486E+03  3.2626127E-04
     1.0380000E+03    195.0542581  2.0724228E+07  2.8200000E+02  0.0000000E+00  6.5044781E+03  8.8219757E+01  0.0000000E+00  1.1278107E+04  7.5963623E+02  1.9197862E+01  0.0000000E+00  3.8019287E+03  0.0000000E+00  0.0000000E+00  7.3578262E+03 -8.0418456E-03
     1.0390000E+03    195.0525464  2.0723600E+07 -6.2800000E+02  0.0000000E+00  7.6538772E+03  8.4700485E+01  0.0000000E+00  1.1143997E+04  7.5887610E+02  1.9197200E+01  0.0000000E+00  3.4247891E+03  0.0000000E+00  0.0000000E+00  7.3037368E+03 -3.5416303E-04
     1.0400000E+03    195.0520658  2.0723424E+07 -1.7600000E+02  0.0000000E+00  7.1770959E+03  8.1376595E+01  0.0000000E+00  1.1015539E+04  7.5806555E+02  1.9196804E+01  0.0000000E+00  3.3188972E+03  0.0000000E+00  0.0000000E+00  7.2517451E+03 -3.0146015E-03
     1.0410000E+03    195.0527581  2.0723678E+07  2.5400000E+02  0.0000000E+00  6.4649809E+03  7.8233910E+01  0.0000000E+00  1.0888765E+04  7.5737579E+02  1.9197053E+01  0.0000000E+00  3.4714319E+03  0.0000000E+00  0.0000000E+00  7.2000928E+03  1.1575922E-04
     1.0420000E+03    195.0524971  2.0723582E+07 -9.6000000E+01  0.0000000E+00  6.8697233E+03  7.5259583E+01  0.0000000E+00  1.0744521E+04  7.5659552E+02  1.9197015E+01  0.0000000E+00  3.4139331E+03  0.0000000E+00  0.0000000E+00  7.1419443E+03 -1.2990518E+00
     1.0430000E+03    195.0503878  2.0722808E+07 -7.7400000E+02  0.0000000E+00  7.7530920E+03  7.2441849E+01  0.0000000E+00  1.0630836E+04  7.5576434E+02  1.9196068E+01  0.0000000E+00  2.9491802E+03  0.0000000E+00  0.0000000E+00  7.0943691E+03  3.8289116E-04
     1.0440000E+03    195.0497949  2.0722590E+07 -2.1800000E+02  0.0000000E+00  7.2115378E+03  6.9769966E+01  0.0000000E+00  1.0516920E+04  7.5499103E+02  1.9195581E+01  0.0000000E+00  2.8185452E+03  0.0000000E+00  0.0000000E+00  7.0468374E+03  3.8866291E-03
     1.0450000E+03    195.0504433  2.0722828E+07  2.3800000E+02  0.0000000E+00  6.4988928E+03  6.7291946E+01  0.0000000E+00  1.0404364E+04  7.5421954E+02  1.9195799E+01  0.0000000E+00  2.9614197E+03  0.0000000E+00  0.0000000E+00  6.9997856E+03 -6.8078114E-04
     1.0460000E+03    195.0497262  2.0722566E+07 -2.6200000E+02  0.0000000E+00  7.0558435E+03  6.4937836E+01  0.0000000E+00  1.0303931E+04  7.5349170E+02  1.9195557E+01  0.0000000E+00  2.8034255E+03  0.0000000E+00  0.0000000E+00  6.9577651E+03 -1.0232272E-02
     1.0470000E+03    195.0482067  2.0722008E+07 -5.5800000E+02  0.0000000E+00  7.5764340E+03  6.2699562E+01  0.0000000E+00  1.0196781E+04  7.5278833E+02  1.9194817E+01  0.0000000E+00  2.4686257E+03  0.0000000E+00  0.0000000E+00  6.9126333E+03  4.0445435E-03
     1.0480000E+03    195.0477228  2.0721830E+07 -1.7800000E+02  0.0000000E+00  7.2072519E+03  6.0569695E+01  0.0000000E+00  1.0102411E+04  7.5205145E+02  1.9194441E+01  0.0000000E+00  2.3620002E+03  0.0000000E+00  0.0000000E+00  6.8725474E+03  4.6653640E-03
     1.0490000E+03    195.0474699  2.0721738E+07 -9.2000000E+01  0.0000000E+00  7.0760988E+03  5.8541416E+01  0.0000000E+00  1.0001651E+04  7.5138318E+02  1.9194279E+01  0.0000000E+00  2.3062871E+03  0.0000000E+00  0.0000000E+00  6.8296392E+03 -7.5986125E-03
     1.0500000E+03    195.0464959  2.0721380E+07 -3.5800000E+02  0.0000000E+00  7.4552875E+03  5.6608421E+01  0.0000000E+00  9.9027988E+03  7.5062323E+02  1.9193827E+01  0.0000000E+00  2.0916782E+03  0.0000000E+00  0.0000000E+00  6.7871357E+03  6.0486239E-03
     1.0510000E+03    195.0463141  2.0721314E+07 -6.6000000E+01  0.0000000E+00  7.1065000E+03  5.4764893E+01  0.0000000E+00  9.8057275E+03  7.4987830E+02  1.9193642E+01  0.0000000E+00  2.0516194E+03  0.0000000E+00  0.0000000E+00  6.7452495E+03 -7.0434702E-03
     1.0520000E+03    195.0461693  2.0721260E+07 -5.4000000E+01  0.0000000E+00  7.0281108E+03  5.3005444E+01  0.0000000E+00  9.7099512E+03  7.4911298E+02  1.9193559E+01  0.0000000E+00  2.0197148E+03  0.0000000E+00  0.0000000E+00  6.7037544E+03  8.4065227E-03
     1.0530000E+03    195.0475903  2.0721782E+07  5.2200000E+02  0.0000000E+00  6.0469952E+03  5.1349674E+01  0.0000000E+00  9.6174580E+03  7.4841064E+02  1.9194162E+01  0.0000000E+00  2.3328105E+03  0.0000000E+00  0.0000000E+00  6.6634546E+03 -6.2418827E-03
     1.0540000E+03    195.0477207  2.0721830E+07  4.8000000E+01  0.0000000E+00  6.3989953E+03  4.9767223E+01  0.0000000E+00  9.5254297E+03  7.4764728E+02  1.9194373E+01  0.0000000E+00  2.3615503E+03  0.0000000E+00  0.0000000E+00  6.6231792E+03 -1.9887809E-03
     1.0550000E+03    195.0477581  2.0721842E+07  1.2000000E+01  0.0000000E+00  6.3374034E+03  4.8253876E+01  0.0000000E+00  9.4386768E+03  7.4695361E+02  1.9194404E+01  0.0000000E+00  2.3697705E+03  0.0000000E+00  0.0000000E+00  6.5849214E+03  1.6964128E-02
     1.0560000E+03    195.0471937  2.0721636E+07 -2.0600000E+02  0.0000000E+00  6.6838035E+03  4.6805706E+01  0.0000000E+00  9.3416611E+03  7.4643536E+02  1.9194162E+01  0.0000000E+00  2.2454175E+03  0.0000000E+00  0.0000000E+00  6.5425898E+03 -1.0354341E+00
     1.0570000E+03    195.0428900  2.0720056E+07 -1.5800000E+03  0.0000000E+00  8.8282063E+03  4.5419064E+01  0.0000000E+00  9.2654248E+03  7.4533551E+02  1.9192227E+01  0.0000000E+00  1.2971913E+03  0.0000000E+00  0.0000000E+00  6.5080293E+03  8.4295226E-03
     1.0580000E+03    195.0416650  2.0719608E+07 -4.4800000E+02  0.0000000E+00  7.8924956E+03  4.4090569E+01  0.0000000E+00  9.1899404E+03  7.4455042E+02  1.9191225E+01  0.0000000E+00  1.0272727E+03  0.0000000E+00  0.0000000E+00  6.4739600E+03 -1.5268385E-02
     1.0590000E+03    195.0421373  2.0719780E+07  1.7200000E+02  0.0000000E+00  7.0965817E+03  4.2817043E+01  0.0000000E+00  9.1153740E+03  7.4380157E+02  1.9191298E+01  0.0000000E+00  1.1313456E+03  0.0000000E+00  0.0000000E+00  6.4403516E+03 -5.1631544E-02
     1.0600000E+03    195.0413210  2.0719482E+07 -2.9800000E+02  0.0000000E+00  7.6710011E+03  4.1595539E+01  0.0000000E+00  9.0435527E+03  7.4305518E+02  1.9190994E+01  0.0000000E+00  9.5149506E+02  0.0000000E+00  0.0000000E+00  6.4078916E+03 -1.6992757E-02
     1.0610000E+03    195.0416957  2.0719618E+07  1.3600000E+02  0.0000000E+00  7.0805076E+03  4.0423306E+01  0.0000000E+00  8.9730186E+03  7.4230139E+02  1.9191068E+01  0.0000000E+00  1.0340554E+03  0.0000000E+00  0.0000000E+00  6.3759722E+03  1.5374174E-02
     1.0620000E+03    195.0409532  2.0719346E+07 -2.7200000E+02  0.0000000E+00  7.5859089E+03  3.9297756E+01  0.0000000E+00  8.9053184E+03  7.4157288E+02  1.9190786E+01  0.0000000E+00  8.7045953E+02  0.0000000E+00  0.0000000E+00  6.3452476E+03 -5.5942023E-03
     1.0630000E+03    195.0428624  2.0720046E+07  7.0000000E+02  0.0000000E+00  6.1260038E+03  3.8216484E+01  0.0000000E+00  8.8394746E+03  7.4086670E+02  1.9191536E+01  0.0000000E+00  1.2911111E+03  0.0000000E+00  0.0000000E+00  6.3152959E+03  5.8410983E-03
     1.0640000E+03    195.0442584  2.0720558E+07  5.1200000E+02  0.0000000E+00  5.9959457E+03  3.7177216E+01  0.0000000E+00  8.7666055E+03  7.4008142E+02  1.9192351E+01  0.0000000E+00  1.5986924E+03  0.0000000E+00  0.0000000E+00  6.2822246E+03 -7.0571810E-01
     1.0650000E+03    195.0450366  2.0720844E+07  2.8600000E+02  0.0000000E+00  5.9283947E+03  3.6177849E+01  0.0000000E+00  8.7064854E+03  7.3944873E+02  1.9192842E+01  0.0000000E+00  1.7701494E+03  0.0000000E+00  0.0000000E+00  6.2547827E+03 -5.9648231E-03
     1.0660000E+03    195.0451186  2.0720874E+07  3.0000000E+01  0.0000000E+00  6.1054530E+03  3.5216393E+01  0.0000000E+00  8.6463408E+03  7.3870477E+02  1.9192963E+01  0.0000000E+00  1.7882123E+03  0.0000000E+00  0.0000000E+00  6.2270459E+03 -6.7492212E-05
     1.0670000E+03    195.0444130  2.0720616E+07 -2.5800000E+02  0.0000000E+00  6.5521157E+03  3.4290970E+01  0.0000000E+00  8.5801514E+03  7.3831024E+02  1.9192664E+01  0.0000000E+00  1.6327524E+03  0.0000000E+00  0.0000000E+00  6.1969697E+03 -7.8198212E-01
     1.0680000E+03    195.0448967  2.0720794E+07  1.7800000E+02  0.0000000E+00  5.8866325E+03  3.3399845E+01  0.0000000E+00  8.5264170E+03  7.3726880E+02  1.9192798E+01  0.0000000E+00  1.7393146E+03  0.0000000E+00  0.0000000E+00  6.1717490E+03 -6.9136634E-03
     1.0690000E+03    195.0462709  2.0721298E+07  5.0400000E+02  0.0000000E+00  5.2047994E+03  3.2541359E+01  0.0000000E+00  8.4746621E+03  7.3687134E+02  1.9193449E+01  0.0000000E+00  2.0421017E+03  0.0000000E+00  0.0000000E+00  6.1477295E+03  2.7894559E-03
     1.0700000E+03    195.0471172  2.0721608E+07  3.1000000E+02  0.0000000E+00  5.2051796E+03  3.1713966E+01  0.0000000E+00  8.4151006E+03  7.3586359E+02  1.9193967E+01  0.0000000E+00  2.2285781E+03  0.0000000E+00  0.0000000E+00  6.1200132E+03 -6.1562824E-01
     1.0710000E+03    195.0447171  2.0720728E+07 -8.8000000E+02  0.0000000E+00  6.8226602E+03  3.0916195E+01  0.0000000E+00  8.3651592E+03  7.3519122E+02  1.9193014E+01  0.0000000E+00  1.6997463E+03  0.0000000E+00  0.0000000E+00  6.0965518E+03 -7.7162492E-03
     1.0720000E+03    195.0438945  2.0720426E+07 -3.0200000E+02  0.0000000E+00  6.4311726E+03  3.0146679E+01  0.0000000E+00  8.3082900E+03  7.3511237E+02  1.9192395E+01  0.0000000E+00  1.5185061E+03  0.0000000E+00  0.0000000E+00  6.0701177E+03 -7.3008955E-01
     1.0730000E+03    195.0447115  2.0720726E+07  3.0000000E+02  0.0000000E+00  5.5388771E+03  2.9404104E+01  0.0000000E+00  8.2607090E+03  7.3372198E+02  1.9192661E+01  0.0000000E+00  1.6985159E+03  0.0000000E+00  0.0000000E+00  6.0473647E+03 -2.3500791E-03
     1.0740000E+03    195.0429156  2.0720066E+07 -6.6000000E+02  0.0000000E+00  6.8457650E+03  2.8687256E+01  0.0000000E+00  8.2132188E+03  7.3303198E+02  1.9191968E+01  0.0000000E+00  1.3028241E+03  0.0000000E+00  0.0000000E+00  6.0247690E+03  1.2277231E-02
     1.0750000E+03    195.0430160  2.0720102E+07  3.6000000E+01  0.0000000E+00  6.0802517E+03  2.7994972E+01  0.0000000E+00  8.1656606E+03  7.3236938E+02  1.9191816E+01  0.0000000E+00  1.3249412E+03  0.0000000E+00  0.0000000E+00  6.0021582E+03  1.0994836E-02
     1.0760000E+03    195.0446911  2.0720718E+07  6.1600000E+02  0.0000000E+00  5.0902367E+03  2.7326162E+01  0.0000000E+00  8.1233115E+03  7.3253278E+02  1.9192556E+01  0.0000000E+00  1.6940176E+03  0.0000000E+00  0.0000000E+00  5.9821709E+03 -1.6462477E-02
     1.0770000E+03    195.0454181  2.0720984E+07  2.6600000E+02  0.0000000E+00  5.2332815E+03  2.6679785E+01  0.0000000E+00  8.0778320E+03  7.3105029E+02  1.9193055E+01  0.0000000E+00  1.8542031E+03  0.0000000E+00  0.0000000E+00  5.9603228E+03  9.6758408E-03
     1.0780000E+03    195.0451664  2.0720892E+07 -9.2000000E+01  0.0000000E+00  5.6027040E+03  2.6054867E+01  0.0000000E+00  8.0327466E+03  7.3045190E+02  1.9193025E+01  0.0000000E+00  1.7987538E+03  0.0000000E+00  0.0000000E+00  5.9387402E+03 -3.7020489E-03
     1.0790000E+03    195.0459598  2.0721184E+07  2.9200000E+02  0.0000000E+00  4.9956153E+03  2.5450476E+01  0.0000000E+00  7.9836509E+03  7.2961865E+02  1.9193343E+01  0.0000000E+00  1.9735583E+03  0.0000000E+00  0.0000000E+00  5.9151582E+03 -1.1034809E-02
     1.0800000E+03    195.0472643  2.0721662E+07  4.7800000E+02  0.0000000E+00  4.4783646E+03  2.4865736E+01  0.0000000E+00  7.9413623E+03  7.2901111E+02  1.9193997E+01  0.0000000E+00  2.2609902E+03  0.0000000E+00  0.0000000E+00  5.8949048E+03  8.3850063E-03
     1.0810000E+03    195.0486058  2.0722154E+07  4.9200000E+02  0.0000000E+00  4.1280506E+03  2.4300629E+01  0.0000000E+00  7.9000415E+03  7.2836279E+02  1.9194723E+01  0.0000000E+00  2.5565452E+03  0.0000000E+00  0.0000000E+00  5.8748501E+03  2.3784505E-03
     1.0820000E+03    195.0482836  2.0722036E+07 -1.1800000E+02  0.0000000E+00  4.8069804E+03  2.3754269E+01  0.0000000E+00  7.8538955E+03  7.2767041E+02  1.9194729E+01  0.0000000E+00  2.4855574E+03  0.0000000E+00  0.0000000E+00  5.8527798E+03 -5.4423112E-01
     1.0830000E+03    195.0470001  2.0721564E+07 -4.7200000E+02  0.0000000E+00  5.3598136E+03  2.3225821E+01  0.0000000E+00  7.8146440E+03  7.2700684E+02  1.9194135E+01  0.0000000E+00  2.2027659E+03  0.0000000E+00  0.0000000E+00  5.8333940E+03  1.3110895E-02
     1.0840000E+03    195.0455898  2.0721048E+07 -5.1600000E+02  0.0000000E+00  5.6782623E+03  2.2714499E+01  0.0000000E+00  7.7755659E+03  7.2625983E+02  1.9193381E+01  0.0000000E+00  1.8920270E+03  0.0000000E+00  0.0000000E+00  5.8140444E+03 -1.7580079E-02
     1.0850000E+03    195.0437192  2.0720360E+07 -6.8800000E+02  0.0000000E+00  6.2200761E+03  2.2219555E+01  0.0000000E+00  7.7362280E+03  7.2560193E+02  1.9192414E+01  0.0000000E+00  1.4798770E+03  0.0000000E+00  0.0000000E+00  5.7945625E+03  2.0138953E-02
     1.0860000E+03    195.0428286  2.0720034E+07 -3.2600000E+02  0.0000000E+00  6.0275039E+03  2.1740290E+01  0.0000000E+00  7.7069268E+03  7.2491522E+02  1.9191822E+01  0.0000000E+00  1.2836493E+03  0.0000000E+00  0.0000000E+00  5.7793965E+03 -7.3648980E-03
     1.0870000E+03    195.0420516  2.0719750E+07 -2.8400000E+02  0.0000000E+00  6.1174694E+03  2.1276035E+01  0.0000000E+00  7.6669590E+03  7.2434491E+02  1.9191387E+01  0.0000000E+00  1.1124567E+03  0.0000000E+00  0.0000000E+00  5.7602734E+03 -1.5389184E-02
     1.0880000E+03    195.0405991  2.0719216E+07 -5.3400000E+02  0.0000000E+00  6.6477806E+03  2.0826162E+01  0.0000000E+00  7.6291304E+03  7.2364825E+02  1.9190670E+01  0.0000000E+00  7.9243414E+02  0.0000000E+00  0.0000000E+00  5.7413218E+03  1.1032947E-02
     1.0890000E+03    195.0418407  2.0719672E+07  4.5600000E+02  0.0000000E+00  5.3504316E+03  2.0390070E+01  0.0000000E+00  7.5939346E+03  7.2310492E+02  1.9191053E+01  0.0000000E+00  1.0660011E+03  0.0000000E+00  0.0000000E+00  5.7237554E+03 -5.3032753E-03
     1.0900000E+03    195.0454912  2.0721012E+07  1.3400000E+03  0.0000000E+00  3.6261925E+03  1.9967194E+01  0.0000000E+00  7.5574565E+03  7.2231573E+02  1.9192777E+01  0.0000000E+00  1.8703202E+03  0.0000000E+00  0.0000000E+00  5.7052334E+03 -7.8873280E-03
     1.0910000E+03    195.0466105  2.0721422E+07  4.1000000E+02  0.0000000E+00  4.2699049E+03  1.9556995E+01  0.0000000E+00  7.5187998E+03  7.2166949E+02  1.9193662E+01  0.0000000E+00  2.1169214E+03  0.0000000E+00  0.0000000E+00  5.6856992E+03  8.8544553E-03
     1.0920000E+03    195.0464270  2.0721354E+07 -6.8000000E+01  0.0000000E+00  4.7490264E+03  1.9158962E+01  0.0000000E+00  7.4792168E+03  7.2098535E+02  1.9193703E+01  0.0000000E+00  2.0764893E+03  0.0000000E+00  0.0000000E+00  5.6661230E+03  9.0031698E-03
     1.0930000E+03    195.0450633  2.0720854E+07 -5.0000000E+02  0.0000000E+00  5.4491032E+03  1.8772617E+01  0.0000000E+00  7.4456328E+03  7.2042242E+02  1.9193090E+01  0.0000000E+00  1.7760219E+03  0.0000000E+00  0.0000000E+00  5.6489463E+03 -4.2055477E-03
     1.0940000E+03    195.0447888  2.0720754E+07 -1.0000000E+02  0.0000000E+00  5.1111385E+03  1.8397499E+01  0.0000000E+00  7.4083281E+03  7.1994366E+02  1.9192822E+01  0.0000000E+00  1.7155414E+03  0.0000000E+00  0.0000000E+00  5.6300620E+03 -5.1668322E-01
     1.0950000E+03    195.0458987  2.0721160E+07  4.0600000E+02  0.0000000E+00  4.2877723E+03  1.8033178E+01  0.0000000E+00  7.3751704E+03  7.1898071E+02  1.9193275E+01  0.0000000E+00  1.9600880E+03  0.0000000E+00  0.0000000E+00  5.6127964E+03  1.5817683E-02
     1.0960000E+03    195.0465483  2.0721400E+07  2.4000000E+02  0.0000000E+00  4.2808367E+03  1.7679239E+01  0.0000000E+00  7.3422925E+03  7.1837952E+02  1.9193679E+01  0.0000000E+00  2.1032253E+03  0.0000000E+00  0.0000000E+00  5.5959219E+03 -2.2602998E-02
     1.0970000E+03    195.0475361  2.0721762E+07  3.6200000E+02  0.0000000E+00  3.9322155E+03  1.7335281E+01  0.0000000E+00  7.3061050E+03  7.1770056E+02  1.9194180E+01  0.0000000E+00  2.3208757E+03  0.0000000E+00  0.0000000E+00  5.5773618E+03 -3.8978809E-01
     1.0980000E+03    195.0594555  2.0726134E+07  4.3720000E+03  3.5953622E+03  1.8228196E+03  1.0027260E+03  0.0000000E+00  7.2817192E+03  7.1733875E+02  1.9199476E+01  0.0000000E+00  4.9470801E+03  0.0000000E+00  0.0000000E+00  5.5646196E+03  1.1529050E-02
     1.0990000E+03    195.0917142  2.0737972E+07  1.1838000E+04  1.1547363E+04  1.7022085E+03  8.6590010E+03  0.0000000E+00  7.3429619E+03  7.1746173E+02  1.9214817E+01  0.0000000E+00  1.3274274E+04  0.0000000E+00  0.0000000E+00  5.5931353E+03 -6.6606388E-03
     1.1000000E+03    195.1190476  2.0748000E+07  1.0028000E+04  1.5819677E+04  1.4926704E+03  1.5302878E+04  0.0000000E+00  7.5076177E+03  7.1745508E+02  1.9230228E+01  0.0000000E+00  2.6371814E+04  0.0000000E+00  0.0000000E+00  5.6716304E+03  2.5937061E-03
     1.1010000E+03    195.1078666  2.0743898E+07 -4.1020000E+03  5.5075507E+03  1.3600283E+03  5.7972510E+03  0.0000000E+00  7.7026431E+03  7.1653210E+02  1.9228335E+01  0.0000000E+00  2.1014127E+04  0.0000000E+00  0.0000000E+00  5.7653008E+03 -2.0368015E-03
     1.1020000E+03    195.0900166  2.0737348E+07 -6.5500000E+03  0.0000000E+00  3.3260760E+03  2.0946204E+03  0.0000000E+00  7.8774292E+03  7.1535382E+02  1.9219347E+01  0.0000000E+00  1.2460814E+04  0.0000000E+00  0.0000000E+00  5.8499912E+03  3.5524340E-03
     1.1030000E+03    195.0787457  2.0733212E+07 -4.1360000E+03  0.0000000E+00  3.7937450E+03  1.5690367E+03  0.0000000E+00  8.0200894E+03  7.1428400E+02  1.9212498E+01  0.0000000E+00  9.1973193E+03  0.0000000E+00  0.0000000E+00  5.9195713E+03  4.1198381E-03
     1.1040000E+03    195.0708440  2.0730314E+07 -2.8980000E+03  0.0000000E+00  4.0877769E+03  1.2448213E+03  0.0000000E+00  8.1325859E+03  7.1332275E+02  1.9207831E+01  0.0000000E+00  7.4563306E+03  0.0000000E+00  0.0000000E+00  5.9746021E+03 -1.0022848E-02
     1.1050000E+03    195.0812838  2.0734144E+07  3.8300000E+03  5.2714943E+03  3.2889022E+03  4.0931523E+03  0.0000000E+00  8.2432725E+03  7.1278571E+02  1.9211516E+01  0.0000000E+00  9.7565410E+03  0.0000000E+00  0.0000000E+00  6.0282603E+03  2.7120700E-03
     1.1060000E+03    195.0745272  2.0731664E+07 -2.4800000E+03  1.9213023E+02  3.7239979E+03  1.7090616E+03  0.0000000E+00  8.3426914E+03  7.1193823E+02  1.9209711E+01  0.0000000E+00  8.2678418E+03  0.0000000E+00  0.0000000E+00  6.0761777E+03  7.0385030E-03
     1.1070000E+03    195.0694888  2.0729816E+07 -1.8480000E+03  0.0000000E+00  3.6773399E+03  1.2903418E+03  0.0000000E+00  8.4263867E+03  7.1105890E+02  1.9206782E+01  0.0000000E+00  7.1577432E+03  0.0000000E+00  0.0000000E+00  6.1164023E+03 -5.3702979E-03
     1.1080000E+03    195.0654638  2.0728340E+07 -1.4760000E+03  0.0000000E+00  4.0303866E+03  1.0589304E+03  0.0000000E+00  8.4949258E+03  7.1021521E+02  1.9204481E+01  0.0000000E+00  6.2708979E+03  0.0000000E+00  0.0000000E+00  6.1494272E+03 -7.6845163E-03
     1.1090000E+03    195.0625273  2.0727262E+07 -1.0780000E+03  0.0000000E+00  4.1665814E+03  8.9369763E+02  0.0000000E+00  8.5479434E+03  7.0940442E+02  1.9202765E+01  0.0000000E+00  5.6238931E+03  0.0000000E+00  0.0000000E+00  6.1747500E+03  5.3102900E-03
     1.1100000E+03    195.0608220  2.0726636E+07 -6.2600000E+02  0.0000000E+00  4.0054314E+03  7.6973511E+02  0.0000000E+00  8.5860176E+03  7.0863770E+02  1.9201703E+01  0.0000000E+00  5.2481680E+03  0.0000000E+00  0.0000000E+00  6.1925928E+03  3.1405948E-03
     1.1110000E+03    195.0599726  2.0726324E+07 -3.1200000E+02  0.0000000E+00  3.8071541E+03  6.7318610E+02  0.0000000E+00  8.6104590E+03  7.0790417E+02  1.9201147E+01  0.0000000E+00  5.0610273E+03  0.0000000E+00  0.0000000E+00  6.2036411E+03  3.7351507E-03
     1.1120000E+03    195.0590003  2.0725968E+07 -3.5600000E+02  0.0000000E+00  4.0013625E+03  5.9579077E+02  0.0000000E+00  8.6220410E+03  7.0722284E+02  1.9200632E+01  0.0000000E+00  4.8467983E+03  0.0000000E+00  0.0000000E+00  6.2081343E+03 -7.8536374E-03
     1.1130000E+03    195.0581334  2.0725650E+07 -3.1800000E+02  0.0000000E+00  4.0932491E+03  5.3233130E+02  0.0000000E+00  8.6243809E+03  7.0657965E+02  1.9200148E+01  0.0000000E+00  4.6557812E+03  0.0000000E+00  0.0000000E+00  6.2086465E+03 -1.0306935E-03
     1.1140000E+03    195.0591107  2.0726008E+07  3.5800000E+02  0.0000000E+00  3.1430392E+03  4.7935306E+02  0.0000000E+00  8.6185020E+03  7.0589563E+02  1.9200479E+01  0.0000000E+00  4.8711182E+03  0.0000000E+00  0.0000000E+00  6.2049009E+03  6.6228691E-03
     1.1150000E+03    195.0595986  2.0726188E+07  1.8000000E+02  0.0000000E+00  3.1572295E+03  4.3447293E+02  0.0000000E+00  8.6047588E+03  7.0520422E+02  1.9200798E+01  0.0000000E+00  4.9786055E+03  0.0000000E+00  0.0000000E+00  6.1974346E+03 -1.1160119E-02
     1.1160000E+03    195.0596095  2.0726192E+07  4.0000000E+00  0.0000000E+00  3.2769008E+03  3.9599149E+02  0.0000000E+00  8.5838779E+03  7.0453387E+02  1.9200856E+01  0.0000000E+00  4.9810063E+03  0.0000000E+00  0.0000000E+00  6.1866650E+03 -6.4280421E-02
     1.1170000E+03    195.0592963  2.0726076E+07 -1.1600000E+02  0.0000000E+00  3.4010527E+03  3.6266013E+02  0.0000000E+00  8.5585859E+03  7.0385254E+02  1.9200721E+01  0.0000000E+00  4.9120156E+03  0.0000000E+00  0.0000000E+00  6.1737681E+03  1.2439224E-02
     1.1180000E+03    195.0587175  2.0725864E+07 -2.1200000E+02  0.0000000E+00  3.5776552E+03  3.3353879E+02  0.0000000E+00  8.5275479E+03  7.0324359E+02  1.9200435E+01  0.0000000E+00  4.7844756E+03  0.0000000E+00  0.0000000E+00  6.1583491E+03 -1.2645920E-01
     1.1190000E+03    195.0586997  2.0725858E+07 -6.0000000E+00  0.0000000E+00  3.3066586E+03  3.0790540E+02  0.0000000E+00  8.4944707E+03  7.0248718E+02  1.9200364E+01  0.0000000E+00  4.7805483E+03  0.0000000E+00  0.0000000E+00  6.1419233E+03 -5.8867168E-03
     1.1200000E+03    195.0596259  2.0726198E+07  3.4000000E+02  0.0000000E+00  2.6936488E+03  2.8519455E+02  0.0000000E+00  8.4578047E+03  7.0180548E+02  1.9200765E+01  0.0000000E+00  4.9846377E+03  0.0000000E+00  0.0000000E+00  6.1239116E+03  4.2388827E-02
     1.1210000E+03    195.0605140  2.0726524E+07  3.2600000E+02  0.0000000E+00  2.4896614E+03  2.6495676E+02  0.0000000E+00  8.4136758E+03  7.0109821E+02  1.9201253E+01  0.0000000E+00  5.1803110E+03  0.0000000E+00  0.0000000E+00  6.1025879E+03 -4.3369356E-01
     1.1220000E+03    195.0609671  2.0726690E+07  1.6600000E+02  0.0000000E+00  2.4902453E+03  2.4682965E+02  0.0000000E+00  8.3684756E+03  7.0043884E+02  1.9201547E+01  0.0000000E+00  5.2801377E+03  0.0000000E+00  0.0000000E+00  6.0809121E+03 -4.7262135E-01
     1.1230000E+03    195.0610612  2.0726724E+07  3.4000000E+01  0.0000000E+00  2.5038416E+03  2.3051813E+02  0.0000000E+00  8.3278320E+03  6.9986853E+02  1.9201637E+01  0.0000000E+00  5.3008770E+03  0.0000000E+00  0.0000000E+00  6.0610342E+03  6.5725283E-03
     1.1240000E+03    195.0601960  2.0726406E+07 -3.1800000E+02  0.0000000E+00  2.9901145E+03  2.1577879E+02  0.0000000E+00  8.2855762E+03  6.9923163E+02  1.9201271E+01  0.0000000E+00  5.1102471E+03  0.0000000E+00  0.0000000E+00  6.0404907E+03  6.3452017E-03
     1.1250000E+03    195.0597060  2.0726226E+07 -1.8000000E+02  0.0000000E+00  2.9476614E+03  2.0240935E+02  0.0000000E+00  8.2364316E+03  6.9884564E+02  1.9200963E+01  0.0000000E+00  5.0022793E+03  0.0000000E+00  0.0000000E+00  6.0171045E+03 -5.6698841E-01
     1.1260000E+03    195.0588338  2.0725906E+07 -3.2000000E+02  0.0000000E+00  3.1769183E+03  1.9023994E+02  0.0000000E+00  8.1938584E+03  6.9789545E+02  1.9200530E+01  0.0000000E+00  4.8101025E+03  0.0000000E+00  0.0000000E+00  5.9963306E+03 -2.0195186E-04
     1.1270000E+03    195.0556302  2.0724732E+07 -1.1740000E+03  0.0000000E+00  4.6815627E+03  1.7912761E+02  0.0000000E+00  8.1504219E+03  6.9721283E+02  1.9199040E+01  0.0000000E+00  4.1042437E+03  0.0000000E+00  0.0000000E+00  5.9752671E+03  1.4007830E-02
     1.1280000E+03    195.0548518  2.0724446E+07 -2.8600000E+02  0.0000000E+00  3.9605981E+03  1.6895050E+02  0.0000000E+00  8.1007651E+03  6.9718390E+02  1.9198353E+01  0.0000000E+00  3.9327463E+03  0.0000000E+00  0.0000000E+00  5.9516978E+03 -6.2732238E-01
     1.1290000E+03    195.0644256  2.0727958E+07  3.5120000E+03  4.0937533E+03  3.4099949E+03  1.5149756E+03  0.0000000E+00  8.0713936E+03  6.9599225E+02  1.9202436E+01  0.0000000E+00  6.0421611E+03  0.0000000E+00  0.0000000E+00  5.9370063E+03  5.6465934E-03
     1.1300000E+03    195.0631897  2.0727506E+07 -4.5200000E+02  0.0000000E+00  2.5901600E+03  5.7584222E+02  0.0000000E+00  8.0452163E+03  6.9532062E+02  1.9202940E+01  0.0000000E+00  5.7698472E+03  0.0000000E+00  0.0000000E+00  5.9240083E+03 -1.6228456E-02
     1.1310000E+03    195.0937602  2.0738722E+07  1.1216000E+04  1.0886189E+04  1.3404956E+03  8.5670273E+03  0.0000000E+00  8.0731768E+03  6.9533051E+02  1.9216114E+01  0.0000000E+00  1.4254643E+04  0.0000000E+00  0.0000000E+00  5.9359194E+03  2.5792005E-03
     1.1320000E+03    195.0826714  2.0734654E+07 -4.0680000E+03  0.0000000E+00  2.8715676E+03  1.4680734E+03  0.0000000E+00  8.1108687E+03  6.9446716E+02  1.9214614E+01  0.0000000E+00  1.0062282E+04  0.0000000E+00  0.0000000E+00  5.9528184E+03 -4.3148259E-03
     1.1330000E+03    195.0754572  2.0732006E+07 -2.6480000E+03  0.0000000E+00  2.7345784E+03  1.1302439E+03  0.0000000E+00  8.1428296E+03  6.9354224E+02  1.9210266E+01  0.0000000E+00  8.4727520E+03  0.0000000E+00  0.0000000E+00  5.9678081E+03  8.3072772E-03
     1.1340000E+03    195.0710688  2.0730396E+07 -1.6100000E+03  0.0000000E+00  2.4676865E+03  9.1048309E+02  0.0000000E+00  8.1650269E+03  6.9290057E+02  1.9207571E+01  0.0000000E+00  7.5058633E+03  0.0000000E+00  0.0000000E+00  5.9787544E+03 -1.3891283E-03
     1.1350000E+03    195.0680972  2.0729306E+07 -1.0900000E+03  0.0000000E+00  2.4633871E+03  7.5781818E+02  0.0000000E+00  8.1776743E+03  6.9214911E+02  1.9205800E+01  0.0000000E+00  6.8511123E+03  0.0000000E+00  0.0000000E+00  5.9853628E+03 -3.6137039E-03
     1.1360000E+03    195.0651055  2.0728208E+07 -1.0980000E+03  0.0000000E+00  3.0237999E+03  6.4626257E+02  0.0000000E+00  8.1823311E+03  6.9131281E+02  1.9204174E+01  0.0000000E+00  6.1919609E+03  0.0000000E+00  0.0000000E+00  5.9882065E+03  3.1875621E-03
     1.1370000E+03    195.0683155  2.0729386E+07  1.1780000E+03  1.1749691E+03  1.5633799E+03  9.9239642E+02  0.0000000E+00  8.1835298E+03  6.9129901E+02  1.9205246E+01  0.0000000E+00  6.8992290E+03  0.0000000E+00  0.0000000E+00  5.9894517E+03 -2.1039092E-03
     1.1380000E+03    195.0653819  2.0728310E+07 -1.0760000E+03  0.0000000E+00  2.9556423E+03  6.5989099E+02  0.0000000E+00  8.1816069E+03  6.8997021E+02  1.9204318E+01  0.0000000E+00  6.2528457E+03  0.0000000E+00  0.0000000E+00  5.9892100E+03 -1.6542457E-03
     1.1390000E+03    195.0624382  2.0727230E+07 -1.0800000E+03  0.0000000E+00  3.5129660E+03  5.6922675E+02  0.0000000E+00  8.1762964E+03  6.8917938E+02  1.9202717E+01  0.0000000E+00  5.6042563E+03  0.0000000E+00  0.0000000E+00  5.9872368E+03 -8.3487219E-04
     1.1400000E+03    195.0618014  2.0726996E+07 -2.3400000E+02  0.0000000E+00  2.7275345E+03  4.9895691E+02  0.0000000E+00  8.1666650E+03  6.8856207E+02  1.9202119E+01  0.0000000E+00  5.4639580E+03  0.0000000E+00  0.0000000E+00  5.9833389E+03  4.1040997E-03
     1.1410000E+03    195.0607562  2.0726612E+07 -3.8400000E+02  0.0000000E+00  3.0460825E+03  4.4293124E+02  0.0000000E+00  8.1526079E+03  6.8807465E+02  1.9201595E+01  0.0000000E+00  5.2336646E+03  0.0000000E+00  0.0000000E+00  5.9771826E+03 -8.3279796E-02
     1.1420000E+03    195.0591684  2.0726030E+07 -5.8200000E+02  0.0000000E+00  3.5254110E+03  3.9722076E+02  0.0000000E+00  8.1358599E+03  6.8717346E+02  1.9200790E+01  0.0000000E+00  4.8838359E+03  0.0000000E+00  0.0000000E+00  5.9694551E+03 -5.9243254E-03
     1.1430000E+03    195.0596112  2.0726192E+07  1.6200000E+02  2.6022739E+02  2.9930508E+03  4.6190793E+02  0.0000000E+00  8.1159409E+03  6.8651068E+02  1.9200810E+01  0.0000000E+00  4.9813862E+03  0.0000000E+00  0.0000000E+00  5.9601919E+03 -4.6076380E-02
     1.1440000E+03    195.0742744  2.0731572E+07  5.3800000E+03  4.9642621E+03  1.4431159E+03  2.6646501E+03  0.0000000E+00  8.1118794E+03  6.8617462E+02  1.9207242E+01  0.0000000E+00  8.2121562E+03  0.0000000E+00  0.0000000E+00  5.9579668E+03  8.7476737E-04
     1.1450000E+03    195.0902901  2.0737448E+07  5.8760000E+03  7.1241035E+03  1.5710324E+03  5.4641670E+03  0.0000000E+00  8.1561123E+03  6.8592035E+02  1.9215810E+01  0.0000000E+00  1.2591858E+04  0.0000000E+00  0.0000000E+00  5.9775571E+03  1.7135662E-03
     1.1460000E+03    195.0922572  2.0738170E+07  7.2200000E+02  3.7005575E+03  1.1398692E+03  4.1707451E+03  0.0000000E+00  8.2293457E+03  6.8534094E+02  1.9218410E+01  0.0000000E+00  1.3534457E+04  0.0000000E+00  0.0000000E+00  6.0107334E+03 -1.4738828E-03
     1.1470000E+03    195.0835331  2.0734970E+07 -3.2000000E+03  0.0000000E+00  2.3007525E+03  1.7553483E+03  0.0000000E+00  8.3002773E+03  6.8446130E+02  1.9214826E+01  0.0000000E+00  1.0252137E+04  0.0000000E+00  0.0000000E+00  6.0435571E+03 -7.0867008E-03
     1.1480000E+03    195.0770601  2.0732594E+07 -2.3760000E+03  0.0000000E+00  2.5386584E+03  1.3329229E+03  0.0000000E+00  8.3594434E+03  6.8357721E+02  1.9211058E+01  0.0000000E+00  8.8259297E+03  0.0000000E+00  0.0000000E+00  6.0717783E+03  8.2058795E-03
     1.1490000E+03    195.0753133  2.0731954E+07 -6.4000000E+02  1.3498434E+03  2.9232098E+03  1.6646724E+03  0.0000000E+00  8.4108916E+03  6.8290149E+02  1.9209593E+01  0.0000000E+00  8.4410576E+03  0.0000000E+00  0.0000000E+00  6.0973076E+03 -8.0527859E-03
     1.1500000E+03    195.0722614  2.0730834E+07 -1.1200000E+03  0.0000000E+00  2.1856813E+03  1.0839224E+03  0.0000000E+00  8.4518955E+03  6.8215479E+02  1.9208074E+01  0.0000000E+00  7.7686128E+03  0.0000000E+00  0.0000000E+00  6.1181606E+03  1.5121809E-03
     1.1510000E+03    195.0695767  2.0729848E+07 -9.8600000E+02  0.0000000E+00  2.4845264E+03  8.9522406E+02  0.0000000E+00  8.4819023E+03  6.8132239E+02  1.9206573E+01  0.0000000E+00  7.1771030E+03  0.0000000E+00  0.0000000E+00  6.1336548E+03  9.3394965E-03
     1.1520000E+03    195.0681787  2.0729336E+07 -5.1200000E+02  0.0000000E+00  2.2045606E+03  7.5913660E+02  0.0000000E+00  8.5013525E+03  6.8060071E+02  1.9205673E+01  0.0000000E+00  6.8690757E+03  0.0000000E+00  0.0000000E+00  6.1438960E+03 -9.7521935E-03
     1.1530000E+03    195.0694672  2.0729808E+07  4.7200000E+02  4.7969362E+02  1.4504822E+03  7.8355432E+02  0.0000000E+00  8.5121533E+03  6.7994897E+02  1.9206081E+01  0.0000000E+00  7.1529805E+03  0.0000000E+00  0.0000000E+00  6.1497437E+03  8.0119791E-03
     1.1540000E+03    195.0681444  2.0729322E+07 -4.8600000E+02  0.0000000E+00  2.0720798E+03  6.3158978E+02  0.0000000E+00  8.5151846E+03  6.7932428E+02  1.9205646E+01  0.0000000E+00  6.8615229E+03  0.0000000E+00  0.0000000E+00  6.1517266E+03  6.6610537E-03
     1.1550000E+03    195.0667631  2.0728816E+07 -5.0600000E+02  0.0000000E+00  2.3196388E+03  5.5604230E+02  0.0000000E+00  8.5117695E+03  6.7858203E+02  1.9204900E+01  0.0000000E+00  6.5571841E+03  0.0000000E+00  0.0000000E+00  6.1502051E+03 -8.3431918E-03
     1.1560000E+03    195.0644393  2.0727964E+07 -8.5200000E+02  0.0000000E+00  3.1062595E+03  4.9510980E+02  0.0000000E+00  8.5010391E+03  6.7818890E+02  1.9203738E+01  0.0000000E+00  6.0451626E+03  0.0000000E+00  0.0000000E+00  6.1454673E+03 -6.7723086E-03
     1.1570000E+03    195.0628149  2.0727368E+07 -5.9600000E+02  0.0000000E+00  3.1425622E+03  4.4489893E+02  0.0000000E+00  8.4854365E+03  6.7725739E+02  1.9202778E+01  0.0000000E+00  5.6872749E+03  0.0000000E+00  0.0000000E+00  6.1379893E+03  3.9979789E-04
     1.1580000E+03    195.0615020  2.0726886E+07 -4.8200000E+02  0.0000000E+00  3.2605534E+03  4.0279367E+02  0.0000000E+00  8.4644766E+03  6.7670923E+02  1.9202030E+01  0.0000000E+00  5.3979839E+03  0.0000000E+00  0.0000000E+00  6.1279800E+03 -5.5350505E-02
     1.1590000E+03    195.0623202  2.0727186E+07  3.0000000E+02  0.0000000E+00  2.2425845E+03  3.6697226E+02  0.0000000E+00  8.4387090E+03  6.7590936E+02  1.9202243E+01  0.0000000E+00  5.5782729E+03  0.0000000E+00  0.0000000E+00  6.1156963E+03 -1.1682355E-01
     1.1600000E+03    195.0624653  2.0727240E+07  5.4000000E+01  0.0000000E+00  2.3924957E+03  3.3612732E+02  0.0000000E+00  8.4109971E+03  6.7531842E+02  1.9202396E+01  0.0000000E+00  5.6102432E+03  0.0000000E+00  0.0000000E+00  6.1024370E+03 -4.7270000E-02
     1.1610000E+03    195.0639383  2.0727780E+07  5.4000000E+02  0.0000000E+00  1.5198536E+03  3.0929544E+02  0.0000000E+00  8.3795537E+03  6.7466229E+02  1.9203053E+01  0.0000000E+00  5.9347822E+03  0.0000000E+00  0.0000000E+00  6.0873496E+03  4.0124161E-03
     1.1620000E+03    195.0644469  2.0727966E+07  1.8600000E+02  0.0000000E+00  1.7062487E+03  2.8575034E+02  0.0000000E+00  8.3473232E+03  6.7411414E+02  1.9203434E+01  0.0000000E+00  6.0468506E+03  0.0000000E+00  0.0000000E+00  6.0721108E+03  7.6128924E-03
     1.1630000E+03    195.0649640  2.0728156E+07  1.9000000E+02  0.0000000E+00  1.5326712E+03  2.6493329E+02  0.0000000E+00  8.3136650E+03  6.7350891E+02  1.9203715E+01  0.0000000E+00  6.1607705E+03  0.0000000E+00  0.0000000E+00  6.0561133E+03  2.8482035E-02
     1.1640000E+03    195.0653288  2.0728290E+07  1.3400000E+02  0.0000000E+00  1.4574651E+03  2.4640727E+02  0.0000000E+00  8.2780596E+03  6.7288916E+02  1.9203930E+01  0.0000000E+00  6.2411440E+03  0.0000000E+00  0.0000000E+00  6.0392725E+03 -2.7608948E-03
     1.1650000E+03    195.0651857  2.0728238E+07 -5.2000000E+01  0.0000000E+00  1.6234943E+03  2.2982478E+02  0.0000000E+00  8.2423467E+03  6.7230524E+02  1.9203907E+01  0.0000000E+00  6.2096304E+03  0.0000000E+00  0.0000000E+00  6.0224062E+03 -5.4185796E-03
     1.1660000E+03    195.0645581  2.0728008E+07 -2.3000000E+02  0.0000000E+00  1.9228087E+03  2.1490585E+02  0.0000000E+00  8.2014824E+03  6.7190179E+02  1.9203618E+01  0.0000000E+00  6.0713521E+03  0.0000000E+00  0.0000000E+00  6.0033887E+03 -4.4763082E-01
     1.1670000E+03    195.0640094  2.0727806E+07 -2.0200000E+02  0.0000000E+00  1.9450043E+03  2.0142203E+02  0.0000000E+00  8.1639746E+03  6.7113947E+02  1.9203311E+01  0.0000000E+00  5.9504478E+03  0.0000000E+00  0.0000000E+00  5.9856587E+03 -2.1428928E-01
     1.1680000E+03    195.0647436  2.0728076E+07  2.7000000E+02  0.0000000E+00  1.2418644E+03  1.8918533E+02  0.0000000E+00  8.1237930E+03  6.7032434E+02  1.9203571E+01  0.0000000E+00  6.1122231E+03  0.0000000E+00  0.0000000E+00  5.9666030E+03 -7.6652071E-03
     1.1690000E+03    195.0641281  2.0727850E+07 -2.2600000E+02  0.0000000E+00  1.8221975E+03  1.7803909E+02  0.0000000E+00  8.0882578E+03  6.6979193E+02  1.9203383E+01  0.0000000E+00  5.9765986E+03  0.0000000E+00  0.0000000E+00  5.9499712E+03  5.3086363E-02
     1.1700000E+03    195.0672643  2.0729000E+07  1.1500000E+03  1.9449170E+03  2.1342084E+03  6.3967987E+02  0.0000000E+00  8.0563535E+03  6.6920929E+02  1.9204681E+01  0.0000000E+00  6.6675952E+03  0.0000000E+00  0.0000000E+00  5.9348340E+03  6.8830494E-03
     1.1710000E+03    195.0667157  2.0728798E+07 -2.0200000E+02  0.0000000E+00  1.3367010E+03  3.4814481E+02  0.0000000E+00  8.0255298E+03  6.6863190E+02  1.9204784E+01  0.0000000E+00  6.5467217E+03  0.0000000E+00  0.0000000E+00  5.9204209E+03  5.1509805E-02
     1.1720000E+03    195.0655917  2.0728386E+07 -4.1200000E+02  0.0000000E+00  1.7296167E+03  3.1227893E+02  0.0000000E+00  7.9914253E+03  6.6822516E+02  1.9204235E+01  0.0000000E+00  6.2990889E+03  0.0000000E+00  0.0000000E+00  5.9047949E+03 -4.9409983E-03
     1.1730000E+03    195.0646232  2.0728030E+07 -3.5600000E+02  0.0000000E+00  1.8283863E+03  2.8250681E+02  0.0000000E+00  7.9627656E+03  6.6742529E+02  1.9203691E+01  0.0000000E+00  6.0856963E+03  0.0000000E+00  0.0000000E+00  5.8914741E+03  6.5174475E-03
     1.1740000E+03    195.0638356  2.0727742E+07 -2.8800000E+02  0.0000000E+00  1.9161651E+03  2.5740997E+02  0.0000000E+00  7.9306382E+03  6.6720892E+02  1.9203243E+01  0.0000000E+00  5.9121475E+03  0.0000000E+00  0.0000000E+00  5.8768345E+03 -4.5422807E-01
     1.1750000E+03    195.0632993  2.0727546E+07 -1.9600000E+02  0.0000000E+00  1.8870257E+03  2.3597409E+02  0.0000000E+00  7.8997090E+03  6.6639233E+02  1.9202924E+01  0.0000000E+00  5.7939868E+03  0.0000000E+00  0.0000000E+00  5.8626831E+03 -4.1742507E-01
     1.1760000E+03    195.0630857  2.0727466E+07 -8.0000000E+01  0.0000000E+00  1.7648660E+03  2.1745567E+02  0.0000000E+00  7.8694424E+03  6.6561102E+02  1.9202772E+01  0.0000000E+00  5.7469395E+03  0.0000000E+00  0.0000000E+00  5.8488203E+03 -3.6260307E-01
     1.1770000E+03    195.0620629  2.0727092E+07 -3.7400000E+02  0.0000000E+00  2.2455532E+03  2.0129828E+02  0.0000000E+00  7.8397773E+03  6.6538770E+02  1.9202304E+01  0.0000000E+00  5.5215806E+03  0.0000000E+00  0.0000000E+00  5.8352354E+03 -4.3361509E-01
     1.1780000E+03    195.0628135  2.0727366E+07  2.7400000E+02  0.0000000E+00  1.3770963E+03  1.8707791E+02  0.0000000E+00  7.8109507E+03  6.6424475E+02  1.9202519E+01  0.0000000E+00  5.6869502E+03  0.0000000E+00  0.0000000E+00  5.8219580E+03 -2.9338282E-01
     1.1790000E+03    195.0630721  2.0727462E+07  9.6000000E+01  0.0000000E+00  1.4382234E+03  1.7446648E+02  0.0000000E+00  7.7855537E+03  6.6374371E+02  1.9202713E+01  0.0000000E+00  5.7439355E+03  0.0000000E+00  0.0000000E+00  5.8103687E+03 -1.3630128E-02
     1.1800000E+03    195.0638018  2.0727730E+07  2.6800000E+02  0.0000000E+00  1.0656273E+03  1.6320616E+02  0.0000000E+00  7.7571284E+03  6.6310345E+02  1.9203059E+01  0.0000000E+00  5.9047012E+03  0.0000000E+00  0.0000000E+00  5.7973418E+03 -3.7914177E-03
     1.1810000E+03    195.0634895  2.0727616E+07 -1.1400000E+02  0.0000000E+00  1.5074089E+03  1.5309166E+02  0.0000000E+00  7.7290264E+03  6.6267310E+02  1.9203003E+01  0.0000000E+00  5.8359004E+03  0.0000000E+00  0.0000000E+00  5.7849482E+03 -3.6220199E-01
     1.1820000E+03    195.0626616  2.0727312E+07 -3.0400000E+02  0.0000000E+00  1.8464396E+03  1.4395764E+02  0.0000000E+00  7.7025791E+03  6.6238855E+02  1.9202608E+01  0.0000000E+00  5.6534766E+03  0.0000000E+00  0.0000000E+00  5.7730586E+03 -3.7854519E-01
     1.1830000E+03    195.0619086  2.0727034E+07 -2.7800000E+02  0.0000000E+00  1.9292760E+03  1.3566930E+02  0.0000000E+00  7.6797026E+03  6.6146704E+02  1.9202190E+01  0.0000000E+00  5.4875869E+03  0.0000000E+00  0.0000000E+00  5.7627197E+03 -5.1375605E-02
     1.1840000E+03    195.0602905  2.0726442E+07 -5.9200000E+02  0.0000000E+00  2.5907262E+03  1.2811575E+02  0.0000000E+00  7.6551001E+03  6.6140259E+02  1.9201404E+01  0.0000000E+00  5.1310605E+03  0.0000000E+00  0.0000000E+00  5.7517705E+03 -3.2341754E-01
     1.1850000E+03    195.0590605  2.0725990E+07 -4.5200000E+02  0.0000000E+00  2.6955698E+03  1.2123508E+02  0.0000000E+00  7.6306978E+03  6.6088715E+02  1.9200692E+01  0.0000000E+00  4.8600562E+03  0.0000000E+00  0.0000000E+00  5.7409766E+03 -3.8590732E-01
     1.1860000E+03    195.0594131  2.0726120E+07  1.3000000E+02  0.0000000E+00  1.9981331E+03  1.1491826E+02  0.0000000E+00  7.6076733E+03  6.5955096E+02  1.9200712E+01  0.0000000E+00  4.9377461E+03  0.0000000E+00  0.0000000E+00  5.7307944E+03 -2.8538427E-01
     1.1870000E+03    195.0601188  2.0726378E+07  2.5800000E+02  0.0000000E+00  1.6816955E+03  1.0910025E+02  0.0000000E+00  7.5859141E+03  6.5896735E+02  1.9201058E+01  0.0000000E+00  5.0932183E+03  0.0000000E+00  0.0000000E+00  5.7211553E+03 -2.0880885E-01
     1.1880000E+03    195.0602744  2.0726436E+07  5.8000000E+01  0.0000000E+00  1.8250884E+03  1.0372580E+02  0.0000000E+00  7.5647026E+03  6.5844250E+02  1.9201202E+01  0.0000000E+00  5.1275195E+03  0.0000000E+00  0.0000000E+00  5.7120239E+03 -2.5850463E-01
     1.1890000E+03    195.0599953  2.0726332E+07 -1.0400000E+02  0.0000000E+00  2.0235171E+03  9.8747581E+01  0.0000000E+00  7.5445952E+03  6.5802618E+02  1.9201098E+01  0.0000000E+00  5.0660083E+03  0.0000000E+00  0.0000000E+00  5.7033804E+03 -2.4991339E-01
     1.1900000E+03    195.0594498  2.0726132E+07 -2.0000000E+02  0.0000000E+00  2.1995560E+03  9.4124840E+01  0.0000000E+00  7.5276865E+03  6.5736310E+02  1.9200830E+01  0.0000000E+00  4.9458306E+03  0.0000000E+00  0.0000000E+00  5.6960781E+03 -1.7728555E-03
     1.1910000E+03    195.0585391  2.0725798E+07 -3.3400000E+02  0.0000000E+00  2.5115966E+03  8.9822289E+01  0.0000000E+00  7.5090239E+03  6.5700629E+02  1.9200374E+01  0.0000000E+00  4.7451821E+03  0.0000000E+00  0.0000000E+00  5.6881528E+03 -1.7541966E-03
     1.1920000E+03    195.0572242  2.0725316E+07 -4.8200000E+02  0.0000000E+00  2.9536021E+03  8.5809166E+01  0.0000000E+00  7.4913242E+03  6.5687817E+02  1.9199702E+01  0.0000000E+00  4.4554614E+03  0.0000000E+00  0.0000000E+00  5.6806772E+03 -3.2167420E-01
     1.1930000E+03    195.0575715  2.0725444E+07  1.2800000E+02  0.0000000E+00  2.2245422E+03  8.2058617E+01  0.0000000E+00  7.4766992E+03  6.5558447E+02  1.9199710E+01  0.0000000E+00  4.5319897E+03  0.0000000E+00  0.0000000E+00  5.6745264E+03 -7.3835608E-03
     1.1940000E+03    195.0566040  2.0725088E+07 -3.5600000E+02  0.0000000E+00  2.9028662E+03  7.8574692E+01  0.0000000E+00  7.4622886E+03  6.5499792E+02  1.9199327E+01  0.0000000E+00  4.3188071E+03  0.0000000E+00  0.0000000E+00  5.6685366E+03  1.2572087E-02
     1.1950000E+03    195.0571023  2.0725272E+07  1.8400000E+02  0.0000000E+00  2.2369331E+03  7.5307350E+01  0.0000000E+00  7.4482163E+03  6.5439771E+02  1.9199439E+01  0.0000000E+00  4.4286030E+03  0.0000000E+00  0.0000000E+00  5.6627397E+03  5.1920488E-03
     1.1960000E+03    195.0576415  2.0725470E+07  1.9800000E+02  0.0000000E+00  2.0955693E+03  7.2238152E+01  0.0000000E+00  7.4335742E+03  6.5375385E+02  1.9199728E+01  0.0000000E+00  4.5473936E+03  0.0000000E+00  0.0000000E+00  5.6567251E+03 -1.0796971E-01
     1.1970000E+03    195.0578301  2.0725538E+07  6.8000000E+01  0.0000000E+00  2.1701489E+03  6.9350723E+01  0.0000000E+00  7.4192378E+03  6.5318341E+02  1.9199868E+01  0.0000000E+00  4.5889458E+03  0.0000000E+00  0.0000000E+00  5.6509683E+03 -1.4541657E-01
     1.1980000E+03    195.0576457  2.0725470E+07 -6.8000000E+01  0.0000000E+00  2.3216040E+03  6.6630440E+01  0.0000000E+00  7.4075327E+03  6.5264410E+02  1.9199809E+01  0.0000000E+00  4.5483389E+03  0.0000000E+00  0.0000000E+00  5.6463174E+03  4.9917195E-03
     1.1990000E+03    195.0579183  2.0725570E+07  1.0000000E+02  0.0000000E+00  2.0793519E+03  6.4064163E+01  0.0000000E+00  7.3948618E+03  6.5199475E+02  1.9199907E+01  0.0000000E+00  4.6083857E+03  0.0000000E+00  0.0000000E+00  5.6412109E+03 -8.5101477E-05
     1.2000000E+03    195.0579721  2.0725590E+07  2.0000000E+01  0.0000000E+00  2.1446755E+03  6.1640114E+01  0.0000000E+00  7.3826831E+03  6.5144427E+02  1.9199960E+01  0.0000000E+00  4.6202471E+03  0.0000000E+00  0.0000000E+00  5.6364346E+03 -1.5104315E-01
     1.2010000E+03    195.0575166  2.0725424E+07 -1.6600000E+02  0.0000000E+00  2.4208978E+03  5.9347691E+01  0.0000000E+00  7.3713335E+03  6.5107257E+02  1.9199768E+01  0.0000000E+00  4.5198916E+03  0.0000000E+00  0.0000000E+00  5.6319888E+03 -1.8894041E-01
     1.2020000E+03    195.0585835  2.0725814E+07  3.9000000E+02  0.0000000E+00  1.6033446E+03  5.7201721E+01  0.0000000E+00  7.3620420E+03  6.5031360E+02  1.9200183E+01  0.0000000E+00  4.7549482E+03  0.0000000E+00  0.0000000E+00  5.6283599E+03  1.9368710E-02
     1.2030000E+03    195.0594474  2.0726132E+07  3.1800000E+02  0.0000000E+00  1.4762876E+03  5.5167904E+01  0.0000000E+00  7.3522832E+03  6.4969147E+02  1.9200675E+01  0.0000000E+00  4.9452935E+03  0.0000000E+00  0.0000000E+00  5.6244014E+03 -1.3796549E-02
     1.2040000E+03    195.0598160  2.0726268E+07  1.3600000E+02  0.0000000E+00  1.5717985E+03  5.3238411E+01  0.0000000E+00  7.3421094E+03  6.4911633E+02  1.9200929E+01  0.0000000E+00  5.0265112E+03  0.0000000E+00  0.0000000E+00  5.6206343E+03 -9.8430760E-02
     1.2050000E+03    195.0592457  2.0726058E+07 -2.1000000E+02  0.0000000E+00  2.0242014E+03  5.1406086E+01  0.0000000E+00  7.3323096E+03  6.4871838E+02  1.9200721E+01  0.0000000E+00  4.9008530E+03  0.0000000E+00  0.0000000E+00  5.6169502E+03  9.7746616E-03
     1.2060000E+03    195.0635574  2.0727640E+07  1.5820000E+03  1.4878196E+03  1.0698756E+03  3.5575040E+02  0.0000000E+00  7.3264790E+03  6.4808539E+02  1.9202536E+01  0.0000000E+00  5.8508599E+03  0.0000000E+00  0.0000000E+00  5.6149458E+03  2.7688648E-04
     1.2070000E+03    195.1401440  2.0755740E+07  2.8100000E+04  2.9889033E+04  3.1236980E+03  3.1396863E+04  0.0000000E+00  7.7041343E+03  6.4930408E+02  1.9236347E+01  0.0000000E+00  3.7097145E+04  0.0000000E+00  0.0000000E+00  5.7932710E+03  9.3423825E-04
     1.2080000E+03    195.1051424  2.0742898E+07 -1.2842000E+04  9.7953619E+02  2.6701735E+03  1.0963157E+03  0.0000000E+00  8.1278179E+03  6.4806091E+02  1.9229445E+01  0.0000000E+00  1.9708750E+04  0.0000000E+00  0.0000000E+00  5.9941831E+03 -2.3559998E-03
     1.2090000E+03    195.0975467  2.0740112E+07 -2.7860000E+03  4.4267052E+03  2.1549131E+03  3.1566758E+03  0.0000000E+00  8.5198975E+03  6.4705920E+02  1.9222329E+01  0.0000000E+00  1.6069057E+04  0.0000000E+00  0.0000000E+00  6.1809697E+03 -5.1541547E-03
     1.2100000E+03    195.0962915  2.0739650E+07 -4.6200000E+02  4.9957870E+03  2.6655558E+03  4.4648550E+03  0.0000000E+00  8.8775674E+03  6.4635638E+02  1.9220956E+01  0.0000000E+00  1.5467609E+04  0.0000000E+00  0.0000000E+00  6.3501401E+03  7.8026331E-03
     1.2110000E+03    195.0868416  2.0736184E+07 -3.4660000E+03  0.0000000E+00  2.7968148E+03  1.7928954E+03  0.0000000E+00  9.1823984E+03  6.4548792E+02  1.9216705E+01  0.0000000E+00  1.0981090E+04  0.0000000E+00  0.0000000E+00  6.4930063E+03 -9.1079781E-03
     1.2120000E+03    195.0798753  2.0733628E+07 -2.5560000E+03  0.0000000E+00  3.3041300E+03  1.4165966E+03  0.0000000E+00  9.4415811E+03  6.4462897E+02  1.9212644E+01  0.0000000E+00  9.4462109E+03  0.0000000E+00  0.0000000E+00  6.6136299E+03 -3.6400372E-05
     1.2130000E+03    195.0748602  2.0731788E+07 -1.8400000E+03  0.0000000E+00  3.6649696E+03  1.1654442E+03  0.0000000E+00  9.6636934E+03  6.4383496E+02  1.9209702E+01  0.0000000E+00  8.3412295E+03  0.0000000E+00  0.0000000E+00  6.7159038E+03 -8.4018678E-04
     1.2140000E+03    195.0730814  2.0731134E+07 -6.5400000E+02  0.0000000E+00  2.8818683E+03  9.8575464E+02  0.0000000E+00  9.8551006E+03  6.4312073E+02  1.9208382E+01  0.0000000E+00  7.9492988E+03  0.0000000E+00  0.0000000E+00  6.8027451E+03  1.1835839E-02
     1.2150000E+03    195.0726889  2.0730990E+07 -1.4400000E+02  0.0000000E+00  2.4905254E+03  8.5049280E+02  0.0000000E+00  1.0020507E+04  6.4245990E+02  1.9208018E+01  0.0000000E+00  7.8628184E+03  0.0000000E+00  0.0000000E+00  6.8765957E+03 -1.0638890E-04
     1.2160000E+03    195.0712318  2.0730456E+07 -5.3400000E+02  0.0000000E+00  3.2402987E+03  7.4475140E+02  0.0000000E+00  1.0163678E+04  6.4178656E+02  1.9207340E+01  0.0000000E+00  7.5417690E+03  0.0000000E+00  0.0000000E+00  6.9396162E+03 -5.5300980E-03
     1.2170000E+03    195.0701355  2.0730054E+07 -4.0200000E+02  0.0000000E+00  3.3881645E+03  6.5968085E+02  0.0000000E+00  1.0286752E+04  6.4113940E+02  1.9206705E+01  0.0000000E+00  7.3002134E+03  0.0000000E+00  0.0000000E+00  6.9932334E+03 -2.5729076E-03
     1.2180000E+03    195.0696244  2.0729866E+07 -1.8800000E+02  0.0000000E+00  3.3200464E+03  5.8970660E+02  0.0000000E+00  1.0390045E+04  6.4055334E+02  1.9206363E+01  0.0000000E+00  7.1876108E+03  0.0000000E+00  0.0000000E+00  7.0379390E+03  2.9994487E-03
     1.2190000E+03    195.0700220  2.0730012E+07  1.4600000E+02  0.0000000E+00  2.8990807E+03  5.3113239E+02  0.0000000E+00  1.0490078E+04  6.3993481E+02  1.9206480E+01  0.0000000E+00  7.2752139E+03  0.0000000E+00  0.0000000E+00  7.0813154E+03  3.7904537E-01
     1.2200000E+03    195.0700265  2.0730014E+07  2.0000000E+00  0.0000000E+00  3.1173110E+03  4.8140475E+02  0.0000000E+00  1.0572331E+04  6.3934930E+02  1.9206526E+01  0.0000000E+00  7.2762104E+03  0.0000000E+00  0.0000000E+00  7.1175171E+03 -3.0921390E-03
     1.2210000E+03    195.0710696  2.0730396E+07  3.8200000E+02  0.0000000E+00  2.5380063E+03  4.3869467E+02  0.0000000E+00  1.0645987E+04  6.3876062E+02  1.9206980E+01  0.0000000E+00  7.5060312E+03  0.0000000E+00  0.0000000E+00  7.1502554E+03  6.0965326E-03
     1.2220000E+03    195.0712717  2.0730470E+07  7.4000000E+01  0.0000000E+00  2.8321337E+03  4.0165399E+02  0.0000000E+00  1.0712932E+04  6.3820825E+02  1.9207182E+01  0.0000000E+00  7.5505522E+03  0.0000000E+00  0.0000000E+00  7.1804341E+03  4.3580122E-03
     1.2230000E+03    195.0705924  2.0730222E+07 -2.4800000E+02  0.0000000E+00  3.3174731E+03  3.6926297E+02  0.0000000E+00  1.0772144E+04  6.3760193E+02  1.9206908E+01  0.0000000E+00  7.4008950E+03  0.0000000E+00  0.0000000E+00  7.2076826E+03  1.2508389E-01
     1.2240000E+03    195.0734703  2.0731278E+07  1.0560000E+03  2.4101677E+03  4.5886913E+03  1.0988035E+03  0.0000000E+00  1.0826823E+04  6.3699573E+02  1.9208087E+01  0.0000000E+00  8.0349761E+03  0.0000000E+00  0.0000000E+00  7.2331772E+03 -5.3134043E-04
     1.2250000E+03    195.0739755  2.0731462E+07  1.8400000E+02  6.1122334E+02  3.2929050E+03  7.8953741E+02  0.0000000E+00  1.0879411E+04  6.3638086E+02  1.9208620E+01  0.0000000E+00  8.1462842E+03  0.0000000E+00  0.0000000E+00  7.2578706E+03  1.1340054E-02
     1.2260000E+03    195.0730288  2.0731116E+07 -3.4600000E+02  0.0000000E+00  3.2875774E+03  6.0543622E+02  0.0000000E+00  1.0927419E+04  6.3572162E+02  1.9208263E+01  0.0000000E+00  7.9376982E+03  0.0000000E+00  0.0000000E+00  7.2807832E+03 -1.1360153E-02
     1.2270000E+03    195.0715448  2.0730570E+07 -5.4600000E+02  0.0000000E+00  3.7800367E+03  5.2990613E+02  0.0000000E+00  1.0970569E+04  6.3507007E+02  1.9207514E+01  0.0000000E+00  7.6107314E+03  0.0000000E+00  0.0000000E+00  7.3017266E+03  1.1877615E-02
     1.2280000E+03    195.0709183  2.0730340E+07 -2.3000000E+02  7.1364020E+02  4.4692367E+03  6.4204321E+02  0.0000000E+00  1.1010033E+04  6.3442719E+02  1.9207080E+01  0.0000000E+00  7.4727026E+03  0.0000000E+00  0.0000000E+00  7.3211060E+03  1.1319700E-03
     1.2290000E+03    195.0721341  2.0730786E+07  4.4600000E+02  6.7893555E+02  3.5846662E+03  6.9731018E+02  0.0000000E+00  1.1048034E+04  6.3383429E+02  1.9207541E+01  0.0000000E+00  7.7405645E+03  0.0000000E+00  0.0000000E+00  7.3397598E+03  6.2880907E-05
     1.2300000E+03    195.0773632  2.0732706E+07  1.9200000E+03  2.7505965E+03  4.0059789E+03  1.6259897E+03  0.0000000E+00  1.1093303E+04  6.3333380E+02  1.9209949E+01  0.0000000E+00  8.8927109E+03  0.0000000E+00  0.0000000E+00  7.3609834E+03 -8.6925421E-03
     1.2310000E+03    195.1042320  2.0742564E+07  9.8580000E+03  1.0800347E+04  1.2046246E+03  8.9476797E+03  0.0000000E+00  1.1240237E+04  6.3335217E+02  1.9222216E+01  0.0000000E+00  1.9272527E+04  0.0000000E+00  0.0000000E+00  7.4202241E+03  1.7332671E-03
     1.2320000E+03    195.1046166  2.0742706E+07  1.4200000E+02  5.9091316E+03  3.2220309E+03  6.1253916E+03  0.0000000E+00  1.1437463E+04  6.3279791E+02  1.9225308E+01  0.0000000E+00  1.9456816E+04  0.0000000E+00  0.0000000E+00  7.4987568E+03 -3.7611325E-03
     1.2330000E+03    195.0928987  2.0738406E+07 -4.3000000E+03  0.0000000E+00  3.5138754E+03  2.0833083E+03  0.0000000E+00  1.1624058E+04  6.3189337E+02  1.9220248E+01  0.0000000E+00  1.3841849E+04  0.0000000E+00  0.0000000E+00  7.5739214E+03  2.9339984E-03
     1.2340000E+03    195.0872447  2.0736332E+07 -2.0740000E+03  0.0000000E+00  3.6434350E+03  1.5677894E+03  0.0000000E+00  1.1783954E+04  6.3107312E+02  1.9216511E+01  0.0000000E+00  1.1132566E+04  0.0000000E+00  0.0000000E+00  7.6395112E+03 -3.5514147E-03
     1.2350000E+03    195.0826941  2.0734662E+07 -1.6700000E+03  6.1127558E+02  4.9819232E+03  1.4983142E+03  0.0000000E+00  1.1919438E+04  6.3030847E+02  1.9213915E+01  0.0000000E+00  1.0067263E+04  0.0000000E+00  0.0000000E+00  7.6959844E+03  2.0403750E-03
     1.2360000E+03    195.0808430  2.0733982E+07 -6.8000000E+02  0.0000000E+00  3.5035871E+03  1.1215269E+03  0.0000000E+00  1.2034028E+04  6.2992047E+02  1.9212614E+01  0.0000000E+00  9.6594277E+03  0.0000000E+00  0.0000000E+00  7.7441187E+03  1.6946132E-01
     1.2370000E+03    195.0794144  2.0733458E+07 -5.2400000E+02  0.0000000E+00  3.5915267E+03  9.4009387E+02  0.0000000E+00  1.2120086E+04  6.2895032E+02  1.9211790E+01  0.0000000E+00  9.3446631E+03  0.0000000E+00  0.0000000E+00  7.7806294E+03 -1.2724313E-03
     1.2380000E+03    195.0791198  2.0733350E+07 -1.0800000E+02  0.0000000E+00  3.1706262E+03  8.0589331E+02  0.0000000E+00  1.2183889E+04  6.2831616E+02  1.9211507E+01  0.0000000E+00  9.2797402E+03  0.0000000E+00  0.0000000E+00  7.8077349E+03 -8.5742550E-04
     1.2390000E+03    195.0756452  2.0732076E+07 -1.2740000E+03  0.0000000E+00  5.0446769E+03  7.0251752E+02  0.0000000E+00  1.2228300E+04  6.2760468E+02  1.9209962E+01  0.0000000E+00  8.5141865E+03  0.0000000E+00  0.0000000E+00  7.8267070E+03 -6.0563921E-03
     1.2400000E+03    195.0725641  2.0730944E+07 -1.1320000E+03  0.0000000E+00  5.5247970E+03  6.2035663E+02  0.0000000E+00  1.2255337E+04  6.2688745E+02  1.9208242E+01  0.0000000E+00  7.8353145E+03  0.0000000E+00  0.0000000E+00  7.8385142E+03  1.0611924E-02
     1.2410000E+03    195.0697970  2.0729930E+07 -1.0140000E+03  0.0000000E+00  5.9645281E+03  5.5343469E+02  0.0000000E+00  1.2266847E+04  6.2618207E+02  1.9206702E+01  0.0000000E+00  7.2256396E+03  0.0000000E+00  0.0000000E+00  7.8439658E+03 -9.2182094E-03
     1.2420000E+03    195.0688663  2.0729588E+07 -3.4200000E+02  0.0000000E+00  5.4388353E+03  4.9785001E+02  0.0000000E+00  1.2264798E+04  6.2553088E+02  1.9205996E+01  0.0000000E+00  7.0205688E+03  0.0000000E+00  0.0000000E+00  7.8439385E+03  3.8603016E-03
     1.2430000E+03    195.0703173  2.0730120E+07  5.3200000E+02  0.0000000E+00  4.1852231E+03  4.5094510E+02  0.0000000E+00  1.2251124E+04  6.2494446E+02  1.9206526E+01  0.0000000E+00  7.3402847E+03  0.0000000E+00  0.0000000E+00  7.8392163E+03  3.2367387E-03
     1.2440000E+03    195.0717797  2.0730656E+07  5.3600000E+02  0.0000000E+00  3.7982184E+03  4.1084647E+02  0.0000000E+00  1.2227242E+04  6.2434900E+02  1.9207321E+01  0.0000000E+00  7.6624971E+03  0.0000000E+00  0.0000000E+00  7.8303521E+03 -1.7270152E-02
     1.2450000E+03    195.0731748  2.0731168E+07  5.1200000E+02  0.0000000E+00  3.4468967E+03  3.7619156E+02  0.0000000E+00  1.2195539E+04  6.2382947E+02  1.9208087E+01  0.0000000E+00  7.9698740E+03  0.0000000E+00  0.0000000E+00  7.8183374E+03 -6.1366602E-04
     1.2460000E+03    195.0790903  2.0733340E+07  2.1720000E+03  2.8860987E+03  4.2735277E+03  1.2970502E+03  0.0000000E+00  1.2176689E+04  6.2339600E+02  1.9210815E+01  0.0000000E+00  9.2732363E+03  0.0000000E+00  0.0000000E+00  7.8106338E+03 -9.3717501E-03
     1.2470000E+03    195.0866915  2.0736128E+07  2.7880000E+03  3.1919637E+03  3.1000770E+03  2.1151787E+03  0.0000000E+00  1.2172091E+04  6.2298492E+02  1.9214768E+01  0.0000000E+00  1.0948020E+04  0.0000000E+00  0.0000000E+00  7.8079985E+03  5.3579207E-03
     1.2480000E+03    195.0987421  2.0740550E+07  4.4220000E+03  6.3122366E+03  2.7957469E+03  5.9970894E+03  0.0000000E+00  1.2191766E+04  6.2269647E+02  1.9220841E+01  0.0000000E+00  1.6641883E+04  0.0000000E+00  0.0000000E+00  7.8142217E+03 -1.8573790E-03
     1.2490000E+03    195.0902109  2.0737420E+07 -3.1300000E+03  0.0000000E+00  3.7200031E+03  1.5739182E+03  0.0000000E+00  1.2210900E+04  6.2192462E+02  1.9218439E+01  0.0000000E+00  1.2553904E+04  0.0000000E+00  0.0000000E+00  7.8204351E+03 -1.3740537E-03
     1.2500000E+03    195.0844484  2.0735306E+07 -2.1140000E+03  0.0000000E+00  4.4554148E+03  1.2149235E+03  0.0000000E+00  1.2220319E+04  6.2112689E+02  1.9215001E+01  0.0000000E+00  1.0453803E+04  0.0000000E+00  0.0000000E+00  7.8233433E+03 -2.0348246E-03
     1.2510000E+03    195.0787892  2.0733228E+07 -2.0780000E+03  0.0000000E+00  5.4298534E+03  9.8176569E+02  0.0000000E+00  1.2218086E+04  6.2034833E+02  1.9211910E+01  0.0000000E+00  9.2068936E+03  0.0000000E+00  0.0000000E+00  7.8220908E+03  1.0106796E-02
     1.2520000E+03    195.0795180  2.0733496E+07  2.6800000E+02  2.3078046E+03  6.0376372E+03  1.7788040E+03  0.0000000E+00  1.2224873E+04  6.1970844E+02  1.9211612E+01  0.0000000E+00  9.3674883E+03  0.0000000E+00  0.0000000E+00  7.8241724E+03 -3.4604650E-03
     1.2530000E+03    195.0774631  2.0732742E+07 -7.5400000E+02  0.0000000E+00  4.4483762E+03  1.0201266E+03  0.0000000E+00  1.2227219E+04  6.1904736E+02  1.9210797E+01  0.0000000E+00  8.9147109E+03  0.0000000E+00  0.0000000E+00  7.8246797E+03  0.0000000E+00
     1.2540000E+03    195.0763850  2.0732346E+07 -3.9600000E+02  0.0000000E+00  4.1479266E+03  8.4724445E+02  0.0000000E+00  1.2219952E+04  6.1839221E+02  1.9210104E+01  0.0000000E+00  8.6771924E+03  0.0000000E+00  0.0000000E+00  7.8215791E+03  3.5253598E-03
     1.2550000E+03    195.0739232  2.0731444E+07 -9.0200000E+02  0.0000000E+00  5.0550325E+03  7.2144189E+02  0.0000000E+00  1.2201992E+04  6.1771320E+02  1.9208914E+01  0.0000000E+00  8.1347681E+03  0.0000000E+00  0.0000000E+00  7.8143647E+03 -9.3229795E-03
     1.2560000E+03    195.0706502  2.0730242E+07 -1.2020000E+03  0.0000000E+00  5.9505709E+03  6.2597302E+02  0.0000000E+00  1.2173531E+04  6.1701520E+02  1.9207222E+01  0.0000000E+00  7.4136226E+03  0.0000000E+00  0.0000000E+00  7.8030361E+03  7.7704163E-03
     1.2570000E+03    195.0687429  2.0729542E+07 -7.0000000E+02  0.0000000E+00  5.7580693E+03  5.5108374E+02  0.0000000E+00  1.2136101E+04  6.1634503E+02  1.9206035E+01  0.0000000E+00  6.9933809E+03  0.0000000E+00  0.0000000E+00  7.7882085E+03  1.3714330E-03
     1.2580000E+03    195.0700312  2.0730016E+07  4.7400000E+02  0.0000000E+00  4.2095653E+03  4.9075803E+02  0.0000000E+00  1.2089115E+04  6.1572473E+02  1.9206388E+01  0.0000000E+00  7.2772495E+03  0.0000000E+00  0.0000000E+00  7.7696870E+03 -1.2617035E-01
     1.2590000E+03    195.0670220  2.0728912E+07 -1.1040000E+03  0.0000000E+00  6.3346642E+03  4.4110635E+02  0.0000000E+00  1.2037968E+04  6.1508752E+02  1.9205219E+01  0.0000000E+00  6.6142290E+03  0.0000000E+00  0.0000000E+00  7.7493145E+03 -8.1960246E-04
     1.2600000E+03    195.0814526  2.0734206E+07  5.2940000E+03  5.5776123E+03  5.1687049E+03  3.2972744E+03  0.0000000E+00  1.2016319E+04  6.1478845E+02  1.9211173E+01  0.0000000E+00  9.7937314E+03  0.0000000E+00  0.0000000E+00  7.7393809E+03  3.6928665E-03
     1.2610000E+03    195.0871639  2.0736302E+07  2.0960000E+03  4.1612059E+03  6.1584351E+03  3.7839768E+03  0.0000000E+00  1.2036243E+04  6.1435358E+02  1.9215230E+01  0.0000000E+00  1.1093869E+04  0.0000000E+00  0.0000000E+00  7.7445620E+03 -2.2384070E-03
     1.2620000E+03    195.0821456  2.0734460E+07 -1.8420000E+03  1.4166493E+03  6.8938885E+03  2.1502769E+03  0.0000000E+00  1.2064940E+04  6.1363733E+02  1.9213667E+01  0.0000000E+00  9.9464180E+03  0.0000000E+00  0.0000000E+00  7.7534121E+03  4.0631522E-03
     1.2630000E+03    195.1561600  2.0761618E+07  2.7158000E+04  3.0600323E+04  5.0788278E+03  3.7525844E+04  0.0000000E+00  1.2658148E+04  6.1476758E+02  1.9245343E+01  0.0000000E+00  4.7914590E+04  0.0000000E+00  0.0000000E+00  7.9626123E+03 -1.3829262E-03
     1.2640000E+03    195.1150452  2.0746532E+07 -1.5086000E+04  1.3746177E+02  4.8477745E+03  1.4527302E+03  0.0000000E+00  1.3258612E+04  6.1343408E+02  1.9235499E+01  0.0000000E+00  2.4453936E+04  0.0000000E+00  0.0000000E+00  8.1761655E+03  1.4158573E-03
     1.2650000E+03    195.0985763  2.0740488E+07 -6.0440000E+03  0.0000000E+00  3.8134898E+03  1.2335504E+03  0.0000000E+00  1.3731147E+04  6.1224146E+02  1.9223855E+01  0.0000000E+00  1.6562412E+04  0.0000000E+00  0.0000000E+00  8.3467510E+03  6.3268347E-03
     1.2660000E+03    195.0899672  2.0737330E+07 -3.1580000E+03  0.0000000E+00  5.2399631E+03  1.0876525E+03  0.0000000E+00  1.4061237E+04  6.1136072E+02  1.9218314E+01  0.0000000E+00  1.2437138E+04  0.0000000E+00  0.0000000E+00  8.4673252E+03 -4.3153423E-03
     1.2670000E+03    195.0843494  2.0735268E+07 -2.0620000E+03  0.0000000E+00  6.2409650E+03  9.6788593E+02  0.0000000E+00  1.4273606E+04  6.1058124E+02  1.9214932E+01  0.0000000E+00  1.0431981E+04  0.0000000E+00  0.0000000E+00  8.5454111E+03  4.3345732E-03
     1.2680000E+03    195.0785264  2.0733132E+07 -2.1360000E+03  0.0000000E+00  7.6194580E+03  8.6511176E+02  0.0000000E+00  1.4395816E+04  6.0981226E+02  1.9211785E+01  0.0000000E+00  9.1489902E+03  0.0000000E+00  0.0000000E+00  8.5904395E+03 -3.1321899E-03
     1.2690000E+03    195.0788291  2.0733244E+07  1.1200000E+02  0.0000000E+00  5.2732447E+03  7.7670367E+02  0.0000000E+00  1.4451683E+04  6.0918756E+02  1.9211283E+01  0.0000000E+00  9.2156816E+03  0.0000000E+00  0.0000000E+00  8.6109336E+03 -6.1562662E-03
     1.2700000E+03    195.0770705  2.0732598E+07 -6.4600000E+02  0.0000000E+00  6.3490812E+03  7.0039532E+02  0.0000000E+00  1.4459444E+04  6.0854047E+02  1.9210551E+01  0.0000000E+00  8.8282285E+03  0.0000000E+00  0.0000000E+00  8.6135771E+03  4.9306797E-03
     1.2710000E+03    195.1523842  2.0760232E+07  2.7634000E+04  3.0388922E+04  4.4724916E+03  3.2600670E+04  0.0000000E+00  1.5109811E+04  6.0972925E+02  1.9243147E+01  0.0000000E+00  4.5364348E+04  0.0000000E+00  0.0000000E+00  8.8210830E+03 -5.2017043E-04
     1.2720000E+03    195.1195282  2.0748176E+07 -1.2056000E+04  1.0512540E+03  3.5369441E+03  1.9066013E+03  0.0000000E+00  1.5753698E+04  6.0858563E+02  1.9237040E+01  0.0000000E+00  2.6602086E+04  0.0000000E+00  0.0000000E+00  9.0269541E+03  2.2789848E-03
     1.2730000E+03    195.1014881  2.0741558E+07 -6.6180000E+03  1.3744351E+02  5.9630514E+03  1.5481357E+03  0.0000000E+00  1.6242606E+04  6.0739917E+02  1.9225610E+01  0.0000000E+00  1.7957678E+04  0.0000000E+00  0.0000000E+00  9.1850029E+03 -4.7659795E-03
     1.2740000E+03    195.1134280  2.0745938E+07  4.3800000E+03  9.9235844E+03  6.6552124E+03  8.7289912E+03  0.0000000E+00  1.6688826E+04  6.0697882E+02  1.9228845E+01  0.0000000E+00  2.3679043E+04  0.0000000E+00  0.0000000E+00  9.3270537E+03  2.6582226E-03
     1.2750000E+03    195.0998718  2.0740964E+07 -4.9740000E+03  0.0000000E+00  6.4359137E+03  2.2464963E+03  0.0000000E+00  1.7024043E+04  6.0613690E+02  1.9224243E+01  0.0000000E+00  1.7183221E+04  0.0000000E+00  0.0000000E+00  9.4357607E+03  1.7723095E-04
     1.2760000E+03    195.0929139  2.0738412E+07 -2.5520000E+03  0.0000000E+00  7.1222298E+03  1.7990652E+03  0.0000000E+00  1.7243840E+04  6.0532275E+02  1.9219738E+01  0.0000000E+00  1.3849118E+04  0.0000000E+00  0.0000000E+00  9.5079678E+03 -4.5762463E-03
     1.2770000E+03    195.0891349  2.0737024E+07 -1.3880000E+03  0.0000000E+00  7.5868354E+03  1.4971757E+03  0.0000000E+00  1.7365268E+04  6.0461530E+02  1.9217336E+01  0.0000000E+00  1.2038328E+04  0.0000000E+00  0.0000000E+00  9.5483994E+03  7.1473452E-03
     1.2780000E+03    195.1358998  2.0754184E+07  1.7160000E+04  2.0254011E+04  6.2528718E+03  2.0078531E+04  0.0000000E+00  1.8150363E+04  6.0512073E+02  1.9237284E+01  0.0000000E+00  3.4446992E+04  0.0000000E+00  0.0000000E+00  9.7814102E+03 -2.2509247E-03
     1.2790000E+03    195.1129808  2.0745774E+07 -8.4100000E+03  6.8608735E+01  5.6797641E+03  2.4268447E+03  0.0000000E+00  1.8863156E+04  6.0415521E+02  1.9232396E+01  0.0000000E+00  2.3464746E+04  0.0000000E+00  0.0000000E+00  9.9928223E+03  2.3882689E-03
     1.2800000E+03    195.1013027  2.0741490E+07 -4.2840000E+03  0.0000000E+00  7.0778621E+03  1.9247322E+03  0.0000000E+00  1.9359504E+04  6.0318640E+02  1.9224817E+01  0.0000000E+00  1.7868840E+04  0.0000000E+00  0.0000000E+00  1.0142611E+04 -3.4297362E-03
     1.2810000E+03    195.1008327  2.0741316E+07 -1.7400000E+02  2.4470823E+03  6.7117284E+03  2.6723264E+03  0.0000000E+00  1.9685258E+04  6.0253320E+02  1.9223341E+01  0.0000000E+00  1.7643631E+04  0.0000000E+00  0.0000000E+00  1.0242513E+04  6.2088086E-03
     1.2820000E+03    195.0979847  2.0740272E+07 -1.0440000E+03  0.0000000E+00  5.7000657E+03  1.6887067E+03  0.0000000E+00  1.9866449E+04  6.0187994E+02  1.9222050E+01  0.0000000E+00  1.6278949E+04  0.0000000E+00  0.0000000E+00  1.0299810E+04 -4.2519136E-03
     1.2830000E+03    195.0971562  2.0739968E+07 -3.0400000E+02  0.0000000E+00  5.1530853E+03  1.4190327E+03  0.0000000E+00  1.9932477E+04  6.0126599E+02  1.9221380E+01  0.0000000E+00  1.5881936E+04  0.0000000E+00  0.0000000E+00  1.0323246E+04  9.0190679E-06
     1.2840000E+03    195.0961586  2.0739602E+07 -3.6600000E+02  0.0000000E+00  5.4758281E+03  1.2183455E+03  0.0000000E+00  1.9915240E+04  6.0065582E+02  1.9220855E+01  0.0000000E+00  1.5403911E+04  0.0000000E+00  0.0000000E+00  1.0321701E+04 -1.3626697E-04
     1.2850000E+03    195.0943530  2.0738940E+07 -6.6200000E+02  0.0000000E+00  6.3987426E+03  1.0605602E+03  0.0000000E+00  1.9833670E+04  6.0002539E+02  1.9219961E+01  0.0000000E+00  1.4538729E+04  0.0000000E+00  0.0000000E+00  1.0300732E+04 -2.2560398E-03
     1.2860000E+03    195.0921406  2.0738128E+07 -8.1200000E+02  0.0000000E+00  7.3499220E+03  9.3297882E+02  0.0000000E+00  1.9702377E+04  5.9938397E+02  1.9218801E+01  0.0000000E+00  1.3478594E+04  0.0000000E+00  0.0000000E+00  1.0264751E+04  1.1110177E-03
     1.2870000E+03    195.0907859  2.0737630E+07 -4.9800000E+02  8.7809939E+02  8.5300077E+03  1.0674850E+03  0.0000000E+00  1.9534830E+04  5.9876611E+02  1.9217970E+01  0.0000000E+00  1.2829467E+04  0.0000000E+00  0.0000000E+00  1.0217719E+04  4.3457169E-03
     1.2880000E+03    195.1120553  2.0745434E+07  7.8040000E+03  1.0951038E+04  7.6099256E+03  8.6338174E+03  0.0000000E+00  1.9468270E+04  5.9866791E+02  1.9227083E+01  0.0000000E+00  2.3021273E+04  0.0000000E+00  0.0000000E+00  1.0198022E+04  8.0019207E-05
     1.2890000E+03    195.1262381  2.0750638E+07  5.2040000E+03  1.0316670E+04  4.7396930E+03  1.0440171E+04  0.0000000E+00  1.9621699E+04  5.9850183E+02  1.9235572E+01  0.0000000E+00  2.9817305E+04  0.0000000E+00  0.0000000E+00  1.0239213E+04 -4.8370374E-04
     1.2900000E+03    195.1763030  2.0769008E+07  1.8370000E+04  2.8754228E+04  6.8832031E+03  3.8121035E+04  0.0000000E+00  2.0515387E+04  5.9916284E+02  1.9258911E+01  0.0000000E+00  6.1519504E+04  0.0000000E+00  0.0000000E+00  1.0486094E+04 -5.4532435E-04
     1.2910000E+03    195.1376882  2.0754840E+07 -1.4168000E+04  1.1713374E+03  3.5403443E+03  2.7766853E+03  0.0000000E+00  2.1479578E+04  5.9784680E+02  1.9247549E+01  0.0000000E+00  3.5438480E+04  0.0000000E+00  0.0000000E+00  1.0768094E+04 -7.9908804E-04
     1.2920000E+03    195.1156691  2.0746760E+07 -8.0800000E+03  0.0000000E+00  6.9869400E+03  2.0656375E+03  0.0000000E+00  2.2210906E+04  5.9658002E+02  1.9233761E+01  0.0000000E+00  2.4752896E+04  0.0000000E+00  0.0000000E+00  1.1083868E+04  2.7586468E-03
     1.2930000E+03    195.1053460  2.0742972E+07 -3.7880000E+03  0.0000000E+00  7.7540692E+03  1.7211827E+03  0.0000000E+00  2.2666432E+04  5.9566980E+02  1.9226870E+01  0.0000000E+00  1.9806320E+04  0.0000000E+00  0.0000000E+00  1.1325320E+04  1.1715165E-03
     1.2940000E+03    195.1002668  2.0741110E+07 -1.8620000E+03  0.0000000E+00  8.2305110E+03  1.4599475E+03  0.0000000E+00  2.2893568E+04  5.9492932E+02  1.9223535E+01  0.0000000E+00  1.7372482E+04  0.0000000E+00  0.0000000E+00  1.1489867E+04 -6.2131337E-03
     1.2950000E+03    195.0978441  2.0740220E+07 -8.9000000E+02  0.0000000E+00  8.2814862E+03  1.2664094E+03  0.0000000E+00  2.2951275E+04  5.9427179E+02  1.9221928E+01  0.0000000E+00  1.6211597E+04  0.0000000E+00  0.0000000E+00  1.1586556E+04  4.4108834E-03
     1.2960000E+03    195.0957577  2.0739454E+07 -7.6600000E+02  0.0000000E+00  8.9445900E+03  1.1163304E+03  0.0000000E+00  2.2887393E+04  5.9364362E+02  1.9220756E+01  0.0000000E+00  1.5211817E+04  0.0000000E+00  0.0000000E+00  1.1626650E+04  1.8214984E-03
     1.2970000E+03    195.0935097  2.0738630E+07 -8.2400000E+02  0.0000000E+00  9.8032249E+03  9.8992847E+02  0.0000000E+00  2.2735342E+04  5.9300684E+02  1.9219550E+01  0.0000000E+00  1.4134637E+04  0.0000000E+00  0.0000000E+00  1.1620561E+04 -3.3254721E-03
     1.2980000E+03    195.0909440  2.0737688E+07 -9.4200000E+02  0.0000000E+00  1.0826340E+04  8.8284344E+02  0.0000000E+00  2.2518924E+04  5.9237067E+02  1.9218188E+01  0.0000000E+00  1.2905223E+04  0.0000000E+00  0.0000000E+00  1.1577028E+04  2.5273405E-03
     1.2990000E+03    195.0880875  2.0736640E+07 -1.0480000E+03  0.0000000E+00  1.1949341E+04  7.9156940E+02  0.0000000E+00  2.2257057E+04  5.9172095E+02  1.9216665E+01  0.0000000E+00  1.1536444E+04  0.0000000E+00  0.0000000E+00  1.1503278E+04 -3.9716242E-04
     1.3000000E+03    195.0864777  2.0736050E+07 -5.9000000E+02  0.0000000E+00  1.1755548E+04  7.1328839E+02  0.0000000E+00  2.1962836E+04  5.9109729E+02  1.9215654E+01  0.0000000E+00  1.0900921E+04  0.0000000E+00  0.0000000E+00  1.1405360E+04 -2.8205449E-03
     1.3010000E+03    195.0877798  2.0736528E+07  4.7800000E+02  0.0000000E+00  9.8150952E+03  6.4574231E+02  0.0000000E+00  2.1645906E+04  5.9054907E+02  1.9216045E+01  0.0000000E+00  1.1389020E+04  0.0000000E+00  0.0000000E+00  1.1287913E+04 -1.0426410E-03
     1.3020000E+03    195.0876359  2.0736474E+07 -5.4000000E+01  0.0000000E+00  1.0023908E+04  5.8711432E+02  0.0000000E+00  2.1313199E+04  5.8997479E+02  1.9216124E+01  0.0000000E+00  1.1320035E+04  0.0000000E+00  0.0000000E+00  1.1154266E+04  5.3736633E-03
     1.3030000E+03    195.1095098  2.0744500E+07  8.0260000E+03  1.1316830E+04  9.4630961E+03  7.4751948E+03  0.0000000E+00  2.1107582E+04  5.8990765E+02  1.9225632E+01  0.0000000E+00  2.1801531E+04  0.0000000E+00  0.0000000E+00  1.1052807E+04 -3.9160787E-04
     1.3040000E+03    195.1035726  2.0742322E+07 -2.1780000E+03  1.4636824E+03  7.3390133E+03  2.3389958E+03  0.0000000E+00  2.0922910E+04  5.8927722E+02  1.9225428E+01  0.0000000E+00  1.8956533E+04  0.0000000E+00  0.0000000E+00  1.0956387E+04 -1.7132644E-03
     1.3050000E+03    195.0972178  2.0739990E+07 -2.3320000E+03  0.0000000E+00  8.0687260E+03  1.5349065E+03  0.0000000E+00  2.0721385E+04  5.8853052E+02  1.9222015E+01  0.0000000E+00  1.5911468E+04  0.0000000E+00  0.0000000E+00  1.0853195E+04  1.3980427E-03
     1.3060000E+03    195.0924451  2.0738240E+07 -1.7500000E+03  0.0000000E+00  9.2616972E+03  1.2575480E+03  0.0000000E+00  2.0484535E+04  5.8782111E+02  1.9219245E+01  0.0000000E+00  1.3624508E+04  0.0000000E+00  0.0000000E+00  1.0736371E+04 -4.9465680E-03
     1.3070000E+03    195.0880101  2.0736612E+07 -1.6280000E+03  0.0000000E+00  1.0801757E+04  1.0603567E+03  0.0000000E+00  2.0219801E+04  5.8713110E+02  1.9216795E+01  0.0000000E+00  1.1499333E+04  0.0000000E+00  0.0000000E+00  1.0606019E+04  3.1461534E-03
     1.3080000E+03    195.0860478  2.0735892E+07 -7.2000000E+02  0.0000000E+00  1.0161577E+04  9.1270154E+02  0.0000000E+00  1.9940805E+04  5.8649567E+02  1.9215458E+01  0.0000000E+00  1.0806199E+04  0.0000000E+00  0.0000000E+00  1.0464435E+04  8.1480219E-05
     1.3090000E+03    195.0905255  2.0737534E+07  1.6420000E+03  0.0000000E+00  5.4996193E+03  7.9778662E+02  0.0000000E+00  1.9654645E+04  5.8601855E+02  1.9217194E+01  0.0000000E+00  1.2704652E+04  0.0000000E+00  0.0000000E+00  1.0312920E+04  4.5265094E-03
     1.3100000E+03    195.0914608  2.0737878E+07  3.4400000E+02  0.0000000E+00  5.9656838E+03  7.0568982E+02  0.0000000E+00  1.9360734E+04  5.8548859E+02  1.9218088E+01  0.0000000E+00  1.3152846E+04  0.0000000E+00  0.0000000E+00  1.0192310E+04 -4.0587857E-03
     1.3110000E+03    195.0944200  2.0738964E+07  1.0860000E+03  1.1111358E+03  4.8725073E+03  9.6370135E+02  0.0000000E+00  1.9058428E+04  5.8498126E+02  1.9219479E+01  0.0000000E+00  1.4570810E+04  0.0000000E+00  0.0000000E+00  1.0100444E+04 -1.1922111E-03
     1.3120000E+03    195.0934581  2.0738610E+07 -3.5400000E+02  0.0000000E+00  5.1003733E+03  7.0836072E+02  0.0000000E+00  1.8752635E+04  5.8444623E+02  1.9219382E+01  0.0000000E+00  1.4109891E+04  0.0000000E+00  0.0000000E+00  1.0007152E+04  5.3821038E-03
     1.3130000E+03    195.0904756  2.0737516E+07 -1.0940000E+03  0.0000000E+00  6.8838660E+03  6.2733978E+02  0.0000000E+00  1.8446004E+04  5.8381683E+02  1.9217979E+01  0.0000000E+00  1.2680755E+04  0.0000000E+00  0.0000000E+00  9.9130049E+03 -1.5495108E-03
     1.3140000E+03    195.0877926  2.0736532E+07 -9.8400000E+02  0.0000000E+00  7.6894977E+03  5.6108844E+02  0.0000000E+00  1.8141547E+04  5.8318744E+02  1.9216486E+01  0.0000000E+00  1.1395146E+04  0.0000000E+00  0.0000000E+00  9.8187891E+03 -2.0933021E-03
     1.3150000E+03    195.0842905  2.0735248E+07 -1.2840000E+03  0.0000000E+00  8.6116218E+03  5.0587540E+02  0.0000000E+00  1.7841512E+04  5.8254608E+02  1.9214669E+01  0.0000000E+00  1.0419001E+04  0.0000000E+00  0.0000000E+00  9.7251201E+03 -5.0737280E-03
     1.3160000E+03    195.0804035  2.0733820E+07 -1.4280000E+03  0.0000000E+00  9.2753063E+03  4.5914841E+02  0.0000000E+00  1.7553746E+04  5.8186676E+02  1.9212596E+01  0.0000000E+00  9.5625869E+03  0.0000000E+00  0.0000000E+00  9.6343320E+03  9.8766619E-03
     1.3170000E+03    195.0790430  2.0733322E+07 -4.9800000E+02  0.0000000E+00  8.3219429E+03  4.1909778E+02  0.0000000E+00  1.7266998E+04  5.8132458E+02  1.9211581E+01  0.0000000E+00  9.2628193E+03  0.0000000E+00  0.0000000E+00  9.5432832E+03 -6.6051814E-03
     1.3180000E+03    195.0782892  2.0733046E+07 -2.7600000E+02  0.0000000E+00  7.9512412E+03  3.8440192E+02  0.0000000E+00  1.6986934E+04  5.8074011E+02  1.9211104E+01  0.0000000E+00  9.0967275E+03  0.0000000E+00  0.0000000E+00  9.4533271E+03 -3.3090834E-03
     1.3190000E+03    195.0753052  2.0731950E+07 -1.0960000E+03  0.0000000E+00  9.1243420E+03  3.5407205E+02  0.0000000E+00  1.6714094E+04  5.8009088E+02  1.9209723E+01  0.0000000E+00  8.4392734E+03  0.0000000E+00  0.0000000E+00  9.3649238E+03  6.8821548E-03
     1.3200000E+03    195.0727074  2.0730998E+07 -9.5200000E+02  0.0000000E+00  9.2626442E+03  3.2735196E+02  0.0000000E+00  1.6447711E+04  5.7949933E+02  1.9208268E+01  0.0000000E+00  7.8668887E+03  0.0000000E+00  0.0000000E+00  9.2778477E+03 -6.6432673E-03
     1.3210000E+03    195.0722887  2.0730844E+07 -1.5400000E+02  0.0000000E+00  8.2733192E+03  3.0365228E+02  0.0000000E+00  1.6188889E+04  5.7890924E+02  1.9207803E+01  0.0000000E+00  7.7746353E+03  0.0000000E+00  0.0000000E+00  9.1925488E+03  2.8277133E-03
     1.3220000E+03    195.0741539  2.0731528E+07  6.8400000E+02  0.0000000E+00  6.7465342E+03  2.8250632E+02  0.0000000E+00  1.5931545E+04  5.7842487E+02  1.9208569E+01  0.0000000E+00  8.1856001E+03  0.0000000E+00  0.0000000E+00  9.1066934E+03  1.7466525E-03
     1.3230000E+03    195.0743523  2.0731600E+07  7.2000000E+01  0.0000000E+00  7.0423425E+03  2.6353940E+02  0.0000000E+00  1.5678031E+04  5.7791644E+02  1.9208858E+01  0.0000000E+00  8.2293057E+03  0.0000000E+00  0.0000000E+00  9.0210625E+03  4.9987235E-03
     1.3240000E+03    195.0730765  2.0731132E+07 -4.6800000E+02  0.0000000E+00  7.6012912E+03  2.4644687E+02  0.0000000E+00  1.5431577E+04  5.7730609E+02  1.9208325E+01  0.0000000E+00  7.9482183E+03  0.0000000E+00  0.0000000E+00  8.9370938E+03  6.0483158E-06
     1.3250000E+03    195.0733819  2.0731244E+07  1.1200000E+02  0.0000000E+00  6.6976984E+03  2.3097818E+02  0.0000000E+00  1.5190485E+04  5.7683185E+02  1.9208319E+01  0.0000000E+00  8.0155034E+03  0.0000000E+00  0.0000000E+00  8.8541943E+03  1.4438075E-03
     1.3260000E+03    195.0723096  2.0730852E+07 -3.9200000E+02  0.0000000E+00  7.2277570E+03  2.1692522E+02  0.0000000E+00  1.4950194E+04  5.7641357E+02  1.9207885E+01  0.0000000E+00  7.7792490E+03  0.0000000E+00  0.0000000E+00  8.7710830E+03 -2.7885553E-01
     1.3270000E+03    195.0684664  2.0729442E+07 -1.4100000E+03  0.0000000E+00  8.8115011E+03  2.0411403E+02  0.0000000E+00  1.4724626E+04  5.7566962E+02  1.9206095E+01  0.0000000E+00  6.9324702E+03  0.0000000E+00  0.0000000E+00  8.6921494E+03 -6.5148610E-04
     1.3280000E+03    195.0645872  2.0728018E+07 -1.4240000E+03  0.0000000E+00  9.4484482E+03  1.9239763E+02  0.0000000E+00  1.4504791E+04  5.7502051E+02  1.9203988E+01  0.0000000E+00  6.0777646E+03  0.0000000E+00  0.0000000E+00  8.6147412E+03  4.6585370E-03
     1.3290000E+03    195.0641644  2.0727862E+07 -1.5600000E+02  0.0000000E+00  8.0492306E+03  1.8165103E+02  0.0000000E+00  1.4290781E+04  5.7446552E+02  1.9203382E+01  0.0000000E+00  5.9846113E+03  0.0000000E+00  0.0000000E+00  8.5389170E+03  6.3023367E-03
     1.3300000E+03    195.0643053  2.0727914E+07  5.2000000E+01  0.0000000E+00  7.5941205E+03  1.7176714E+02  0.0000000E+00  1.4082906E+04  5.7392749E+02  1.9203397E+01  0.0000000E+00  6.0156353E+03  0.0000000E+00  0.0000000E+00  8.4647393E+03 -1.4934795E-03
     1.3310000E+03    195.0645811  2.0728016E+07  1.0200000E+02  0.0000000E+00  7.2735238E+03  1.6265376E+02  0.0000000E+00  1.3881263E+04  5.7341675E+02  1.9203533E+01  0.0000000E+00  6.0764053E+03  0.0000000E+00  0.0000000E+00  8.3923193E+03 -4.5059547E-03
     1.3320000E+03    195.0650757  2.0728196E+07  1.8000000E+02  0.0000000E+00  6.8813743E+03  1.5423114E+02  0.0000000E+00  1.3686162E+04  5.7290485E+02  1.9203778E+01  0.0000000E+00  6.1853828E+03  0.0000000E+00  0.0000000E+00  8.3219424E+03  1.1035407E-02
     1.3330000E+03    195.0666882  2.0728788E+07  5.9200000E+02  0.0000000E+00  6.0990019E+03  1.4642976E+02  0.0000000E+00  1.3464820E+04  5.7234174E+02  1.9204534E+01  0.0000000E+00  6.5406768E+03  0.0000000E+00  0.0000000E+00  8.2426113E+03 -1.5573486E+00
     1.3340000E+03    195.0662455  2.0728626E+07 -1.6200000E+02  0.0000000E+00  6.5607149E+03  1.3918898E+02  0.0000000E+00  1.3293363E+04  5.7189069E+02  1.9204517E+01  0.0000000E+00  6.4431362E+03  0.0000000E+00  0.0000000E+00  8.1793540E+03 -2.8948602E-03
     1.3350000E+03    195.0649220  2.0728140E+07 -4.8600000E+02  0.0000000E+00  7.0126191E+03  1.3245549E+02  0.0000000E+00  1.3136943E+04  5.7137103E+02  1.9203892E+01  0.0000000E+00  6.1515264E+03  0.0000000E+00  0.0000000E+00  8.1215220E+03  4.9272855E-03
     1.3360000E+03    195.0653034  2.0728280E+07  1.4000000E+02  0.0000000E+00  6.2017427E+03  1.2618237E+02  0.0000000E+00  1.3041875E+04  5.7111688E+02  1.9203914E+01  0.0000000E+00  6.2355645E+03  0.0000000E+00  0.0000000E+00  8.0868442E+03  3.2631047E-03
     1.3370000E+03    195.0638098  2.0727732E+07 -5.4800000E+02  0.0000000E+00  7.0543631E+03  1.2032812E+02  0.0000000E+00  1.2882362E+04  5.7064130E+02  1.9203306E+01  0.0000000E+00  5.9064761E+03  0.0000000E+00  0.0000000E+00  8.0271963E+03  5.0447179E-05
     1.3380000E+03    195.0596870  2.0726220E+07 -1.5120000E+03  0.0000000E+00  8.7624548E+03  1.1485588E+02  0.0000000E+00  1.2722239E+04  5.7010205E+02  1.9201348E+01  0.0000000E+00  4.9980933E+03  0.0000000E+00  0.0000000E+00  7.9670747E+03 -5.2741724E-03
     1.3390000E+03    195.0532850  2.0723870E+07 -2.3500000E+03  0.0000000E+00  1.0848266E+04  1.0973286E+02  0.0000000E+00  1.2565604E+04  5.6934845E+02  1.9198112E+01  0.0000000E+00  3.5875220E+03  0.0000000E+00  0.0000000E+00  7.9079614E+03  6.6688685E-03
     1.3400000E+03    195.0501194  2.0722710E+07 -1.1600000E+03  0.0000000E+00  1.0199834E+04  1.0492981E+02  0.0000000E+00  1.2411392E+04  5.6873578E+02  1.9196037E+01  0.0000000E+00  2.8900569E+03  0.0000000E+00  0.0000000E+00  7.8495278E+03 -1.0973798E-02
     1.3410000E+03    195.0504951  2.0722848E+07  1.3800000E+02  0.0000000E+00  8.6655145E+03  1.0042049E+02  0.0000000E+00  1.2263099E+04  5.6816693E+02  1.9195856E+01  0.0000000E+00  2.9728181E+03  0.0000000E+00  0.0000000E+00  7.7931172E+03 -1.4296722E-03
     1.3420000E+03    195.0501543  2.0722722E+07 -1.2600000E+02  0.0000000E+00  8.8520953E+03  9.6181358E+01  0.0000000E+00  1.2115496E+04  5.6770197E+02  1.9195749E+01  0.0000000E+00  2.8977327E+03  0.0000000E+00  0.0000000E+00  7.7364854E+03  7.7179996E-03
     1.3430000E+03    195.0752920  2.0731946E+07  9.2240000E+03  7.7782135E+03  5.0229606E+03  3.4766021E+03  0.0000000E+00  1.2014881E+04  5.6776935E+02  1.9206656E+01  0.0000000E+00  8.4363682E+03  0.0000000E+00  0.0000000E+00  7.6966553E+03 -2.6187494E-03
     1.3440000E+03    195.0710605  2.0730392E+07 -1.5540000E+03  0.0000000E+00  6.1998685E+03  8.1093146E+02  0.0000000E+00  1.1926843E+04  5.6725659E+02  1.9207549E+01  0.0000000E+00  7.5040366E+03  0.0000000E+00  0.0000000E+00  7.6615688E+03  9.8268753E-03
     1.3450000E+03    195.0665195  2.0728726E+07 -1.6660000E+03  0.0000000E+00  7.0771144E+03  6.6002112E+02  0.0000000E+00  1.1840210E+04  5.6659961E+02  1.9205112E+01  0.0000000E+00  6.5034956E+03  0.0000000E+00  0.0000000E+00  7.6273086E+03 -1.2890855E-03
     1.3460000E+03    195.0619229  2.0727040E+07 -1.6860000E+03  0.0000000E+00  7.9251904E+03  5.5276086E+02  0.0000000E+00  1.1761816E+04  5.6595978E+02  1.9202616E+01  0.0000000E+00  5.4907295E+03  0.0000000E+00  0.0000000E+00  7.5954868E+03 -3.6060270E-03
     1.3470000E+03    195.0606309  2.0726566E+07 -4.7400000E+02  0.0000000E+00  6.8262312E+03  4.7326636E+02  0.0000000E+00  1.1669639E+04  5.6544556E+02  1.9201554E+01  0.0000000E+00  5.2060645E+03  0.0000000E+00  0.0000000E+00  7.5603853E+03 -2.9412337E-04
     1.3480000E+03    195.0559492  2.0724848E+07 -1.7180000E+03  0.0000000E+00  8.9496478E+03  4.1232251E+02  0.0000000E+00  1.1578098E+04  5.6480566E+02  1.9199375E+01  0.0000000E+00  4.1745420E+03  0.0000000E+00  0.0000000E+00  7.5242798E+03  1.6456284E-03
     1.3490000E+03    195.0515178  2.0723222E+07 -1.6260000E+03  0.0000000E+00  9.6984719E+03  3.6427954E+02  0.0000000E+00  1.1489739E+04  5.6414185E+02  1.9196936E+01  0.0000000E+00  3.1981599E+03  0.0000000E+00  0.0000000E+00  7.4888354E+03  3.5498268E-04
     1.3500000E+03    195.0470144  2.0721570E+07 -1.6520000E+03  0.0000000E+00  1.0583585E+04  3.2551331E+02  0.0000000E+00  1.1394406E+04  5.6355371E+02  1.9194493E+01  0.0000000E+00  2.2059290E+03  0.0000000E+00  0.0000000E+00  7.4514312E+03 -2.5560139E-03
     1.3510000E+03    195.0457866  2.0721120E+07 -4.5000000E+02  0.0000000E+00  9.5258200E+03  2.9361063E+02  0.0000000E+00  1.1299232E+04  5.6297406E+02  1.9193469E+01  0.0000000E+00  1.9353875E+03  0.0000000E+00  0.0000000E+00  7.4133384E+03 -4.4192476E-03
     1.3520000E+03    195.0456793  2.0721080E+07 -4.0000000E+01  0.0000000E+00  9.1136640E+03  2.6691202E+02  0.0000000E+00  1.1187223E+04  5.6259491E+02  1.9193288E+01  0.0000000E+00  1.9117644E+03  0.0000000E+00  0.0000000E+00  7.3690298E+03 -9.7423899E-01
     1.3530000E+03    195.0463907  2.0721342E+07  2.6200000E+02  0.0000000E+00  8.4299647E+03  2.4424469E+02  0.0000000E+00  1.1096297E+04  5.6189038E+02  1.9193586E+01  0.0000000E+00  2.0684934E+03  0.0000000E+00  0.0000000E+00  7.3316841E+03 -8.8179205E-03
     1.3540000E+03    195.0432642  2.0720194E+07 -1.1480000E+03  0.0000000E+00  1.0414668E+04  2.2475934E+02  0.0000000E+00  1.1002877E+04  5.6128503E+02  1.9192303E+01  0.0000000E+00  1.3796337E+03  0.0000000E+00  0.0000000E+00  7.2933672E+03  6.9287852E-03
     1.3550000E+03    195.0374208  2.0718050E+07 -2.1440000E+03  0.0000000E+00  1.2588295E+04  2.0782762E+02  0.0000000E+00  1.0908408E+04  5.6059235E+02  1.9189418E+01  0.0000000E+00  9.2159065E+01  0.0000000E+00  0.0000000E+00  7.2545132E+03 -7.3645933E-06
     1.3560000E+03    195.0358142  2.0717460E+07 -5.9000000E+02  0.0000000E+00  1.1017423E+04  1.9297572E+02  0.0000000E+00  1.0814128E+04  5.5998657E+02  1.9188083E+01  0.0000000E+00  0.0000000E+00  0.0000000E+00  0.0000000E+00  7.2156348E+03  4.3621361E-03
     1.3570000E+03    195.0381703  2.0718326E+07  8.6600000E+02  0.0000000E+00  9.1994993E+03  1.7984039E+02  0.0000000E+00  1.0720300E+04  5.5965021E+02  1.9188934E+01  0.0000000E+00  2.5728696E+02  0.0000000E+00  0.0000000E+00  7.1769512E+03 -1.3617944E-02
     1.3580000E+03    195.0381014  2.0718300E+07 -2.6000000E+01  0.0000000E+00  1.0003373E+04  1.6813858E+02  0.0000000E+00  1.0630552E+04  5.5912512E+02  1.9189160E+01  0.0000000E+00  2.4211603E+02  0.0000000E+00  0.0000000E+00  7.1397603E+03  8.1923027E-03
     1.3590000E+03    195.0370919  2.0717930E+07 -3.7000000E+02  0.0000000E+00  1.0469896E+04  1.5764670E+02  0.0000000E+00  1.0539226E+04  5.5860632E+02  1.9188713E+01  0.0000000E+00  1.9682732E+01  0.0000000E+00  0.0000000E+00  7.1015254E+03 -4.5354310E-03
     1.3600000E+03    195.0378037  2.0718190E+07  2.6000000E+02  0.0000000E+00  9.5825326E+03  1.4818581E+02  0.0000000E+00  1.0449361E+04  5.5811078E+02  1.9188913E+01  0.0000000E+00  1.7651024E+02  0.0000000E+00  0.0000000E+00  7.0638828E+03  1.1380509E-02
     1.3610000E+03    195.0410731  2.0719390E+07  1.2000000E+03  0.0000000E+00  7.8258094E+03  1.3961122E+02  0.0000000E+00  1.0359533E+04  5.5768323E+02  1.9190414E+01  0.0000000E+00  8.9685724E+02  0.0000000E+00  0.0000000E+00  7.0260034E+03 -3.7763494E-03
     1.3620000E+03    195.0441332  2.0720512E+07  1.1220000E+03  0.0000000E+00  7.1305580E+03  1.3180458E+02  0.0000000E+00  1.0270540E+04  5.5726288E+02  1.9192102E+01  0.0000000E+00  1.5711079E+03  0.0000000E+00  0.0000000E+00  6.9883149E+03  2.1376265E-02
     1.3630000E+03    195.0454712  2.0721004E+07  4.9200000E+02  0.0000000E+00  7.3742821E+03  1.2466799E+02  0.0000000E+00  1.0182431E+04  5.5680408E+02  1.9193018E+01  0.0000000E+00  1.8658943E+03  0.0000000E+00  0.0000000E+00  6.9508135E+03 -1.0431600E-02
     1.3640000E+03    195.0464772  2.0721372E+07  3.6800000E+02  0.0000000E+00  7.1817325E+03  1.1811978E+02  0.0000000E+00  1.0095717E+04  5.5634314E+02  1.9193601E+01  0.0000000E+00  2.0875552E+03  0.0000000E+00  0.0000000E+00  6.9137256E+03  9.9149356E-03
     1.3650000E+03    195.0455743  2.0721042E+07 -3.3000000E+02  0.0000000E+00  7.9902086E+03  1.1211935E+02  0.0000000E+00  1.0010383E+04  5.5583264E+02  1.9193318E+01  0.0000000E+00  1.8886177E+03  0.0000000E+00  0.0000000E+00  6.8770229E+03 -1.2910164E-02
     1.3660000E+03    195.0421469  2.0719784E+07 -1.2580000E+03  0.0000000E+00  9.5822396E+03  1.0660879E+02  0.0000000E+00  9.9259463E+03  5.5529742E+02  1.9191727E+01  0.0000000E+00  1.1334536E+03  0.0000000E+00  0.0000000E+00  6.8405259E+03  3.3041707E-03
     1.3670000E+03    195.0414816  2.0719540E+07 -2.4400000E+02  0.0000000E+00  8.6274116E+03  1.0150709E+02  0.0000000E+00  9.8426641E+03  5.5473901E+02  1.9191065E+01  0.0000000E+00  9.8686554E+02  0.0000000E+00  0.0000000E+00  6.8043628E+03 -3.5465331E-04
     1.3680000E+03    195.0414654  2.0719534E+07 -6.0000000E+00  0.0000000E+00  8.3164359E+03  9.6771759E+01  0.0000000E+00  9.7707666E+03  5.5424463E+02  1.9190985E+01  0.0000000E+00  9.8331195E+02  0.0000000E+00  0.0000000E+00  6.7731777E+03  3.6003462E-03
     1.3690000E+03    195.0407451  2.0719270E+07 -2.6400000E+02  0.0000000E+00  8.6500413E+03  9.2366096E+01  0.0000000E+00  9.6908574E+03  5.5380139E+02  1.9190670E+01  0.0000000E+00  8.2460840E+02  0.0000000E+00  0.0000000E+00  6.7381548E+03 -4.1598692E-03
     1.3700000E+03    195.0424145  2.0719882E+07  6.1200000E+02  0.0000000E+00  7.3887376E+03  8.8258171E+01  0.0000000E+00  9.6017451E+03  5.5326300E+02  1.9191318E+01  0.0000000E+00  1.1924259E+03  0.0000000E+00  0.0000000E+00  6.6991558E+03 -7.8034276E-01
     1.3710000E+03    195.0434119  2.0720248E+07  3.6600000E+02  0.0000000E+00  7.2613288E+03  8.4420128E+01  0.0000000E+00  9.5270713E+03  5.5286511E+02  1.9191934E+01  0.0000000E+00  1.4121740E+03  0.0000000E+00  0.0000000E+00  6.6659868E+03 -7.2138588E-04
     1.3720000E+03    195.0418974  2.0719692E+07 -5.5600000E+02  0.0000000E+00  8.4387368E+03  8.0827499E+01  0.0000000E+00  9.4522832E+03  5.5234265E+02  1.9191383E+01  0.0000000E+00  1.0784954E+03  0.0000000E+00  0.0000000E+00  6.6325645E+03  3.4169350E-03
     1.3730000E+03    195.0407765  2.0719282E+07 -4.1000000E+02  0.0000000E+00  8.4638140E+03  7.7483383E+01  0.0000000E+00  9.3774736E+03  5.5182214E+02  1.9190731E+01  0.0000000E+00  8.3150586E+02  0.0000000E+00  0.0000000E+00  6.5991152E+03 -1.3946180E-02
     1.3740000E+03    195.0423017  2.0719840E+07  5.5800000E+02  0.0000000E+00  7.0795597E+03  7.4342827E+01  0.0000000E+00  9.3030322E+03  5.5131952E+02  1.9191273E+01  0.0000000E+00  1.1675643E+03  0.0000000E+00  0.0000000E+00  6.5657251E+03  1.8557798E-02
     1.3750000E+03    195.0412032  2.0719438E+07 -4.0200000E+02  0.0000000E+00  8.2087462E+03  7.1388908E+01  0.0000000E+00  9.2299297E+03  5.5086420E+02  1.9190960E+01  0.0000000E+00  9.2552203E+02  0.0000000E+00  0.0000000E+00  6.5328433E+03 -1.0365063E-02
     1.3760000E+03    195.0377876  2.0718184E+07 -1.2540000E+03  0.0000000E+00  9.7372052E+03  6.8606522E+01  0.0000000E+00  9.1576475E+03  5.5037695E+02  1.9189354E+01  0.0000000E+00  1.7295740E+02  0.0000000E+00  0.0000000E+00  6.5001445E+03  5.0133993E-03
     1.3770000E+03    195.0380175  2.0718268E+07  8.4000000E+01  0.0000000E+00  8.2831412E+03  6.5982162E+01  0.0000000E+00  9.0944717E+03  5.4978015E+02  1.9189082E+01  0.0000000E+00  2.2361754E+02  0.0000000E+00  0.0000000E+00  6.4714404E+03  7.9208510E-03
     1.3780000E+03    195.0389433  2.0718608E+07  3.4000000E+02  0.0000000E+00  7.7533893E+03  6.3503712E+01  0.0000000E+00  9.0257910E+03  5.4937823E+02  1.9189510E+01  0.0000000E+00  4.2760999E+02  0.0000000E+00  0.0000000E+00  6.4401855E+03 -2.9976026E-03
     1.3790000E+03    195.0332389  2.0716516E+07 -2.0920000E+03  0.0000000E+00  1.0545128E+04  6.1160217E+01  0.0000000E+00  8.9589258E+03  5.4878827E+02  1.9187128E+01  0.0000000E+00  0.0000000E+00  0.0000000E+00  0.0000000E+00  6.4093516E+03 -9.1653476E-03
     1.3800000E+03    195.0252170  2.0713572E+07 -2.9440000E+03  0.0000000E+00  1.1329176E+04  5.8941814E+01  0.0000000E+00  8.8941318E+03  5.4806055E+02  1.9183014E+01  0.0000000E+00  0.0000000E+00  0.0000000E+00  0.0000000E+00  6.3792520E+03  5.4917387E-03
     1.3810000E+03    195.0202140  2.0711736E+07 -1.8360000E+03  0.0000000E+00  1.0156947E+04  5.6839546E+01  0.0000000E+00  8.8310371E+03  5.4740863E+02  1.9179963E+01  0.0000000E+00  0.0000000E+00  0.0000000E+00  0.0000000E+00  6.3498716E+03  3.1873526E-03
     1.3820000E+03    195.0208494  2.0711970E+07  2.3400000E+02  0.0000000E+00  8.0248416E+03  5.4845287E+01  0.0000000E+00  8.7691973E+03  5.4690015E+02  1.9179695E+01  0.0000000E+00  0.0000000E+00  0.0000000E+00  0.0000000E+00  6.3210723E+03 -9.9603580E-03
     1.3830000E+03    195.0214432  2.0712188E+07  2.1800000E+02  0.0000000E+00  7.9790854E+03  5.2951649E+01  0.0000000E+00  8.7095859E+03  5.4641119E+02  1.9180023E+01  0.0000000E+00  0.0000000E+00  0.0000000E+00  0.0000000E+00  6.2932036E+03 -1.5936986E-03
     1.3840000E+03    195.0203011  2.0711768E+07 -4.2000000E+02  0.0000000E+00  8.5563816E+03  5.1151867E+01  0.0000000E+00  8.6512510E+03  5.4589203E+02  1.9179590E+01  0.0000000E+00  0.0000000E+00  0.0000000E+00  0.0000000E+00  6.2658740E+03  1.0417148E-02
     1.3850000E+03    195.0215029  2.0712210E+07  4.4200000E+02  0.0000000E+00  7.6383288E+03  4.9439781E+01  0.0000000E+00  8.5944727E+03  5.4541254E+02  1.9179989E+01  0.0000000E+00  0.0000000E+00  0.0000000E+00  0.0000000E+00  6.2392217E+03 -1.1670515E-02
     1.3860000E+03    195.0249158  2.0713462E+07  1.2520000E+03  0.0000000E+00  6.8062941E+03  4.7809731E+01  0.0000000E+00  8.5325605E+03  5.4491797E+02  1.9181606E+01  0.0000000E+00  0.0000000E+00  0.0000000E+00  0.0000000E+00  6.2097661E+03 -4.8976251E-01
     1.3870000E+03    195.0265846  2.0714074E+07  6.1200000E+02  0.0000000E+00  7.3490430E+03  4.6256531E+01  0.0000000E+00  8.4787998E+03  5.4452020E+02  1.9182704E+01  0.0000000E+00  0.0000000E+00  0.0000000E+00  0.0000000E+00  6.1849199E+03  3.6484820E-03
     1.3880000E+03    195.0284504  2.0714758E+07  6.8400000E+02  0.0000000E+00  7.2243178E+03  4.4775402E+01  0.0000000E+00  8.4274414E+03  5.4412183E+02  1.9183698E+01  0.0000000E+00  0.0000000E+00  0.0000000E+00  0.0000000E+00  6.1604907E+03  7.0082010E-03
     1.3890000E+03    195.0251688  2.0713554E+07 -1.2040000E+03  0.0000000E+00  9.1137566E+03  4.3361942E+01  0.0000000E+00  8.3708877E+03  5.4471729E+02  1.9182472E+01  0.0000000E+00  0.0000000E+00  0.0000000E+00  0.0000000E+00  6.1338867E+03 -6.1385959E-01
     1.3900000E+03    195.0177669  2.0710838E+07 -2.7160000E+03  0.0000000E+00  1.0518886E+04  4.2012085E+01  0.0000000E+00  8.3230957E+03  5.4290137E+02  1.9178893E+01  0.0000000E+00  0.0000000E+00  0.0000000E+00  0.0000000E+00  6.1107251E+03  1.2778811E-03
     1.3910000E+03    195.0121564  2.0708780E+07 -2.0580000E+03  0.0000000E+00  9.8193940E+03  4.0722092E+01  0.0000000E+00  8.2815166E+03  5.4224854E+02  1.9175645E+01  0.0000000E+00  0.0000000E+00  0.0000000E+00  0.0000000E+00  6.0892407E+03 -5.5879806E-03
     1.3920000E+03    195.0102000  2.0708062E+07 -7.1800000E+02  0.0000000E+00  8.4271975E+03  3.9488480E+01  0.0000000E+00  8.2308486E+03  5.4180975E+02  1.9174182E+01  0.0000000E+00  0.0000000E+00  0.0000000E+00  0.0000000E+00  6.0663813E+03  1.7383940E-03
     1.3930000E+03    195.0089421  2.0707600E+07 -4.6200000E+02  0.0000000E+00  8.1226820E+03  3.8308029E+01  0.0000000E+00  8.1833213E+03  5.4129938E+02  1.9173422E+01  0.0000000E+00  0.0000000E+00  0.0000000E+00  0.0000000E+00  6.0434785E+03  5.4546166E-03
     1.3940000E+03    195.0092673  2.0707720E+07  1.2000000E+02  0.0000000E+00  7.4945156E+03  3.7177746E+01  0.0000000E+00  8.1366045E+03  5.4076947E+02  1.9173426E+01  0.0000000E+00  0.0000000E+00  0.0000000E+00  0.0000000E+00  6.0209087E+03 -8.2736425E-03
     1.3950000E+03    195.0108550  2.0708302E+07  5.8200000E+02  0.0000000E+00  7.0215765E+03  3.6094852E+01  0.0000000E+00  8.0845757E+03  5.4024713E+02  1.9174153E+01  0.0000000E+00  0.0000000E+00  0.0000000E+00  0.0000000E+00  5.9957920E+03 -5.2123326E-01
     1.3960000E+03    195.0105951  2.0708208E+07 -9.4000000E+01  0.0000000E+00  7.6115064E+03  3.5056763E+01  0.0000000E+00  8.0400967E+03  5.3983887E+02  1.9174213E+01  0.0000000E+00  0.0000000E+00  0.0000000E+00  0.0000000E+00  5.9743135E+03 -1.6721224E-02
     1.3970000E+03    195.0107992  2.0708282E+07  7.4000000E+01  0.0000000E+00  7.4007935E+03  3.4061062E+01  0.0000000E+00  8.0002075E+03  5.3939978E+02  1.9174273E+01  0.0000000E+00  0.0000000E+00  0.0000000E+00  0.0000000E+00  5.9548916E+03  1.1212955E-02
     1.3980000E+03    195.0103539  2.0708118E+07 -1.6400000E+02  0.0000000E+00  7.6401670E+03  3.3105507E+01  0.0000000E+00  7.9508677E+03  5.3913385E+02  1.9174101E+01  0.0000000E+00  0.0000000E+00  0.0000000E+00  0.0000000E+00  5.9310273E+03 -6.1598611E-01
     1.3990000E+03    195.0036450  2.0705658E+07 -2.4600000E+03  0.0000000E+00  9.8459544E+03  3.2187988E+01  0.0000000E+00  7.9097173E+03  5.3838202E+02  1.9171132E+01  0.0000000E+00  0.0000000E+00  0.0000000E+00  0.0000000E+00  5.9104155E+03 -1.5394448E-02
     1.4000000E+03    194.9989507  2.0703934E+07 -1.7240000E+03  0.0000000E+00  9.0706966E+03  3.1306543E+01  0.0000000E+00  7.8738770E+03  5.3771466E+02  1.9168358E+01  0.0000000E+00  0.0000000E+00  0.0000000E+00  0.0000000E+00  5.8912803E+03  1.6665583E-02
     1.4010000E+03    194.9955717  2.0702696E+07 -1.2380000E+03  0.0000000E+00  8.5508917E+03  3.0459330E+01  0.0000000E+00  7.8370068E+03  5.3721729E+02  1.9166376E+01  0.0000000E+00  0.0000000E+00  0.0000000E+00  0.0000000E+00  5.8728989E+03 -1.9864142E-02
     1.4020000E+03    194.9918046  2.0701312E+07 -1.3840000E+03  0.0000000E+00  8.6565398E+03  2.9644630E+01  0.0000000E+00  7.8005747E+03  5.3672357E+02  1.9164369E+01  0.0000000E+00  0.0000000E+00  0.0000000E+00  0.0000000E+00  5.8547559E+03  1.9446598E-02
     1.4030000E+03    194.9903220  2.0700768E+07 -5.4400000E+02  0.0000000E+00  7.8300564E+03  2.8860819E+01  0.0000000E+00  7.7518643E+03  5.3778632E+02  1.9163313E+01  0.0000000E+00  0.0000000E+00  0.0000000E+00  0.0000000E+00  5.8321919E+03 -7.4258637E-01
     1.4040000E+03    194.9909091  2.0700984E+07  2.1600000E+02  0.0000000E+00  6.9698054E+03  2.8106384E+01  0.0000000E+00  7.7120845E+03  5.3578210E+02  1.9163408E+01  0.0000000E+00  0.0000000E+00  0.0000000E+00  0.0000000E+00  5.8119058E+03 -7.2357208E-03
     1.4050000E+03    194.9928368  2.0701692E+07  7.0800000E+02  0.0000000E+00  6.4378391E+03  2.7379898E+01  0.0000000E+00  7.6722979E+03  5.3539032E+02  1.9164311E+01  0.0000000E+00  0.0000000E+00  0.0000000E+00  0.0000000E+00  5.7916992E+03 -9.2967572E-03
     1.4060000E+03    194.9896634  2.0700528E+07 -1.1640000E+03  0.0000000E+00  8.3226976E+03  2.6680023E+01  0.0000000E+00  7.6270508E+03  5.3623401E+02  1.9163139E+01  0.0000000E+00  0.0000000E+00  0.0000000E+00  0.0000000E+00  5.7690850E+03 -6.7991805E-01
     1.4070000E+03    194.9896579  2.0700526E+07 -2.0000000E+00  0.0000000E+00  7.0626343E+03  2.6005491E+01  0.0000000E+00  7.5882021E+03  5.3440613E+02  1.9162791E+01  0.0000000E+00  0.0000000E+00  0.0000000E+00  0.0000000E+00  5.7490454E+03  5.7699763E-05
     1.4080000E+03    194.9855751  2.0699028E+07 -1.4980000E+03  0.0000000E+00  8.5199220E+03  2.5355118E+01  0.0000000E+00  7.5496362E+03  5.3394379E+02  1.9161013E+01  0.0000000E+00  0.0000000E+00  0.0000000E+00  0.0000000E+00  5.7291592E+03 -3.8748098E-04
     1.4090000E+03    194.9790344  2.0696628E+07 -2.4000000E+03  0.0000000E+00  9.3835629E+03  2.4727783E+01  0.0000000E+00  7.5114150E+03  5.3329077E+02  1.9157721E+01  0.0000000E+00  0.0000000E+00  0.0000000E+00  0.0000000E+00  5.7093584E+03  1.3170211E-03
     1.4100000E+03    194.9745159  2.0694970E+07 -1.6580000E+03  0.0000000E+00  8.6727743E+03  2.4122429E+01  0.0000000E+00  7.4681123E+03  5.3572321E+02  1.9155042E+01  0.0000000E+00  0.0000000E+00  0.0000000E+00  0.0000000E+00  5.6873130E+03 -8.3898318E-01
     1.4110000E+03    194.9682201  2.0692660E+07 -2.3100000E+03  0.0000000E+00  9.2137421E+03  2.3538055E+01  0.0000000E+00  7.4313081E+03  5.3199548E+02  1.9151810E+01  0.0000000E+00  0.0000000E+00  0.0000000E+00  0.0000000E+00  5.6679780E+03 -4.3503279E-04
     1.4120000E+03    194.9619017  2.0690342E+07 -2.3180000E+03  0.0000000E+00  9.2621779E+03  2.2973726E+01  0.0000000E+00  7.3884888E+03  5.3532373E+02  1.9148374E+01  0.0000000E+00  0.0000000E+00  0.0000000E+00  0.0000000E+00  5.6460576E+03 -8.8816434E-01
     1.4130000E+03    194.9538205  2.0687376E+07 -2.9660000E+03  0.0000000E+00  9.7898317E+03  2.2428541E+01  0.0000000E+00  7.3520859E+03  5.3065802E+02  1.9144168E+01  0.0000000E+00  0.0000000E+00  0.0000000E+00  0.0000000E+00  5.6268184E+03  8.5098054E-03
     1.4140000E+03    194.9500072  2.0685976E+07 -1.4000000E+03  0.0000000E+00  8.2534778E+03  2.1901663E+01  0.0000000E+00  7.3099512E+03  5.3298462E+02  1.9141628E+01  0.0000000E+00  0.0000000E+00  0.0000000E+00  0.0000000E+00  5.6051357E+03 -8.3754039E-01
     1.4150000E+03    194.9483791  2.0685380E+07 -5.9600000E+02  0.0000000E+00  7.3440223E+03  2.1393053E+01  0.0000000E+00  7.2739653E+03  5.2955139E+02  1.9140504E+01  0.0000000E+00  0.0000000E+00  0.0000000E+00  0.0000000E+00  5.5860815E+03 -1.7179856E-02
     1.4160000E+03    194.9450883  2.0684172E+07 -1.2080000E+03  0.0000000E+00  7.9179226E+03  2.0901867E+01  0.0000000E+00  7.2377344E+03  5.2901349E+02  1.9138895E+01  0.0000000E+00  0.0000000E+00  0.0000000E+00  0.0000000E+00  5.5669443E+03  6.6383984E-03
     1.4170000E+03    194.9425803  2.0683252E+07 -9.2000000E+02  0.0000000E+00  7.6440076E+03  2.0427317E+01  0.0000000E+00  7.1970527E+03  5.2999292E+02  1.9137445E+01  0.0000000E+00  0.0000000E+00  0.0000000E+00  0.0000000E+00  5.5457993E+03 -6.7933297E-01
     1.4180000E+03    194.9400885  2.0682338E+07 -9.1400000E+02  0.0000000E+00  7.5492721E+03  1.9968649E+01  0.0000000E+00  7.1621382E+03  5.2798120E+02  1.9136087E+01  0.0000000E+00  0.0000000E+00  0.0000000E+00  0.0000000E+00  5.5271069E+03 -3.4858324E-03
     1.4190000E+03    194.9407435  2.0682578E+07  2.4000000E+02  0.0000000E+00  6.3940410E+03  1.9525158E+01  0.0000000E+00  7.1226548E+03  5.2743414E+02  1.9136101E+01  0.0000000E+00  0.0000000E+00  0.0000000E+00  0.0000000E+00  5.5063735E+03 -5.3808713E-01
     1.4200000E+03    194.9390882  2.0681970E+07 -6.0800000E+02  0.0000000E+00  7.1694832E+03  1.9096180E+01  0.0000000E+00  7.0891338E+03  5.2696613E+02  1.9135451E+01  0.0000000E+00  0.0000000E+00  0.0000000E+00  0.0000000E+00  5.4882300E+03  8.3599566E-03
     1.4210000E+03    194.9387945  2.0681862E+07 -1.0800000E+02  0.0000000E+00  6.6731384E+03  1.8681082E+01  0.0000000E+00  7.0508857E+03  5.2680243E+02  1.9135143E+01  0.0000000E+00  0.0000000E+00  0.0000000E+00  0.0000000E+00  5.4679590E+03 -5.7499433E-01
     1.4220000E+03    194.9389680  2.0681926E+07  6.4000000E+01  0.0000000E+00  6.4307225E+03  1.8279263E+01  0.0000000E+00  7.0213003E+03  5.2606610E+02  1.9135187E+01  0.0000000E+00  0.0000000E+00  0.0000000E+00  0.0000000E+00  5.4519033E+03 -4.8900405E-03
     1.4230000E+03    194.9381546  2.0681628E+07 -2.9800000E+02  0.0000000E+00  6.7964172E+03  1.7890162E+01  0.0000000E+00  6.9846387E+03  5.2598254E+02  1.9134852E+01  0.0000000E+00  0.0000000E+00  0.0000000E+00  0.0000000E+00  5.4322222E+03 -5.5853951E-01
     1.4240000E+03    194.9368106  2.0681134E+07 -4.9400000E+02  0.0000000E+00  6.9196313E+03  1.7513237E+01  0.0000000E+00  6.9532568E+03  5.2512994E+02  1.9134178E+01  0.0000000E+00  0.0000000E+00  0.0000000E+00  0.0000000E+00  5.4148345E+03  1.1716559E-02
     1.4250000E+03    194.9374737  2.0681378E+07  2.4400000E+02  0.0000000E+00  6.1500351E+03  1.7147984E+01  0.0000000E+00  6.9199468E+03  5.2461572E+02  1.9134320E+01  0.0000000E+00  0.0000000E+00  0.0000000E+00  0.0000000E+00  5.3965493E+03 -9.9527212E-03
     1.4260000E+03    194.9411739  2.0682736E+07  1.3580000E+03  0.0000000E+00  5.0019728E+03  1.6793917E+01  0.0000000E+00  6.8862056E+03  5.2423254E+02  1.9136003E+01  0.0000000E+00  0.0000000E+00  0.0000000E+00  0.0000000E+00  5.3773369E+03 -4.9514254E-03
     1.4270000E+03    194.9387242  2.0681836E+07 -9.0000000E+02  0.0000000E+00  7.2260014E+03  1.6450579E+01  0.0000000E+00  6.8536812E+03  5.2382129E+02  1.9135340E+01  0.0000000E+00  0.0000000E+00  0.0000000E+00  0.0000000E+00  5.3602607E+03  1.5109209E-02
     1.4280000E+03    194.9371731  2.0681268E+07 -5.6800000E+02  0.0000000E+00  6.8647536E+03  1.6117538E+01  0.0000000E+00  6.8220654E+03  5.2343011E+02  1.9134398E+01  0.0000000E+00  0.0000000E+00  0.0000000E+00  0.0000000E+00  5.3427432E+03 -1.5319522E-02
     1.4290000E+03    194.9322035  2.0679444E+07 -1.8240000E+03  0.0000000E+00  8.0881429E+03  1.5794378E+01  0.0000000E+00  6.7910547E+03  5.2300641E+02  1.9132065E+01  0.0000000E+00  0.0000000E+00  0.0000000E+00  0.0000000E+00  5.3254526E+03  6.5799835E-03
     1.4300000E+03    194.9294591  2.0678438E+07 -1.0060000E+03  0.0000000E+00  7.2410262E+03  1.5480705E+01  0.0000000E+00  6.7601387E+03  5.2238605E+02  1.9130330E+01  0.0000000E+00  0.0000000E+00  0.0000000E+00  0.0000000E+00  5.3082080E+03 -1.1870517E-02
     1.4310000E+03    194.9309307  2.0678978E+07  5.4000000E+02  0.0000000E+00  5.6897982E+03  1.5176146E+01  0.0000000E+00  6.7260830E+03  5.2170282E+02  1.9130672E+01  0.0000000E+00  0.0000000E+00  0.0000000E+00  0.0000000E+00  5.2893335E+03 -4.3571323E-01
     1.4320000E+03    194.9348394  2.0680412E+07  1.4340000E+03  0.0000000E+00  4.7365433E+03  1.4880346E+01  0.0000000E+00  6.6963125E+03  5.2135779E+02  1.9132534E+01  0.0000000E+00  0.0000000E+00  0.0000000E+00  0.0000000E+00  5.2726216E+03  2.3718539E-03
     1.4330000E+03    194.9356338  2.0680702E+07  2.9000000E+02  0.0000000E+00  5.8493141E+03  1.4592974E+01  0.0000000E+00  6.6662520E+03  5.2095410E+02  1.9133305E+01  0.0000000E+00  0.0000000E+00  0.0000000E+00  0.0000000E+00  5.2557520E+03  2.1604445E-02
     1.4340000E+03    194.9346569  2.0680344E+07 -3.5800000E+02  0.0000000E+00  6.5022037E+03  1.4313706E+01  0.0000000E+00  6.6333403E+03  5.2090381E+02  1.9132966E+01  0.0000000E+00  0.0000000E+00  0.0000000E+00  0.0000000E+00  5.2375444E+03 -5.1952821E-01
     1.4350000E+03    194.9351156  2.0680512E+07  1.6800000E+02  0.0000000E+00  5.9116164E+03  1.4042241E+01  0.0000000E+00  6.6051182E+03  5.2008521E+02  1.9133059E+01  0.0000000E+00  0.0000000E+00  0.0000000E+00  0.0000000E+00  5.2213354E+03  4.9276925E-03
     1.4360000E+03    194.9372723  2.0681304E+07  7.9200000E+02  0.0000000E+00  5.2584102E+03  1.3778284E+01  0.0000000E+00  6.5747241E+03  5.1964587E+02  1.9134048E+01  0.0000000E+00  0.0000000E+00  0.0000000E+00  0.0000000E+00  5.2035273E+03 -1.0442256E-02
     1.4370000E+03    194.9391089  2.0681978E+07  6.7400000E+02  0.0000000E+00  5.3471837E+03  1.3521560E+01  0.0000000E+00  6.5459912E+03  5.1931049E+02  1.9135083E+01  0.0000000E+00  0.0000000E+00  0.0000000E+00  0.0000000E+00  5.1876509E+03 -1.7790836E-03
     1.4380000E+03    194.9407449  2.0682578E+07  6.0000000E+02  0.0000000E+00  5.3917232E+03  1.3271804E+01  0.0000000E+00  6.5183643E+03  5.1893524E+02  1.9135995E+01  0.0000000E+00  0.0000000E+00  0.0000000E+00  0.0000000E+00  5.1717354E+03  2.8198093E-02
     1.4390000E+03    194.9439600  2.0683758E+07  1.1800000E+03  0.0000000E+00  4.7945352E+03  1.3028763E+01  0.0000000E+00  6.4892407E+03  5.1854449E+02  1.9137572E+01  0.0000000E+00  0.0000000E+00  0.0000000E+00  0.0000000E+00  5.1543672E+03 -1.5298896E-01
     1.4400000E+03    194.9480602  2.0685262E+07  1.5040000E+03  0.0000000E+00  4.4321577E+03  1.2792194E+01  0.0000000E+00  6.4666577E+03  5.2373059E+02  1.9139707E+01  0.0000000E+00  0.0000000E+00  0.0000000E+00  0.0000000E+00  5.1424634E+03  6.5109697E-03
     1.4410000E+03    194.9496745  2.0685854E+07  5.9200000E+02  0.0000000E+00  5.3304012E+03  1.2561866E+01  0.0000000E+00  6.4393232E+03  5.1796350E+02  1.9140856E+01  0.0000000E+00  0.0000000E+00  0.0000000E+00  0.0000000E+00  5.1256606E+03 -1.1810683E-01
     1.4420000E+03    194.9512544  2.0686434E+07  5.8000000E+02  0.0000000E+00  5.3061154E+03  1.2337556E+01  0.0000000E+00  6.4101851E+03  5.1758893E+02  1.9141720E+01  0.0000000E+00  0.0000000E+00  0.0000000E+00  0.0000000E+00  5.1092388E+03 -5.0329478E-03
     1.4430000E+03    194.9523866  2.0686850E+07  4.1600000E+02  0.0000000E+00  5.4605858E+03  1.2119054E+01  0.0000000E+00  6.3819053E+03  5.1720990E+02  1.9142385E+01  0.0000000E+00  0.0000000E+00  0.0000000E+00  0.0000000E+00  5.0929624E+03 -2.9580840E-01
     1.4440000E+03    194.9523422  2.0686834E+07 -1.6000000E+01  0.0000000E+00  5.8693838E+03  1.1906157E+01  0.0000000E+00  6.3539878E+03  5.1685852E+02  1.9142489E+01  0.0000000E+00  0.0000000E+00  0.0000000E+00  0.0000000E+00  5.0768799E+03 -3.6673397E-01
     1.4450000E+03    194.9546217  2.0687670E+07  8.3600000E+02  0.0000000E+00  4.9798810E+03  1.1698669E+01  0.0000000E+00  6.3276963E+03  5.1645093E+02  1.9143476E+01  0.0000000E+00  0.0000000E+00  0.0000000E+00  0.0000000E+00  5.0609048E+03 -1.9056340E-01
     1.4460000E+03    194.9562775  2.0688278E+07  6.0800000E+02  0.0000000E+00  5.1709393E+03  1.1496408E+01  0.0000000E+00  6.3022627E+03  5.1612671E+02  1.9144445E+01  0.0000000E+00  0.0000000E+00  0.0000000E+00  0.0000000E+00  5.0461738E+03 -7.1535851E-03
     1.4470000E+03    194.9581261  2.0688956E+07  6.7800000E+02  0.0000000E+00  5.0739020E+03  1.1299192E+01  0.0000000E+00  6.2757505E+03  5.1572736E+02  1.9145430E+01  0.0000000E+00  0.0000000E+00  0.0000000E+00  0.0000000E+00  5.0299922E+03  4.3725176E-03
     1.4480000E+03    194.9619435  2.0690356E+07  1.4000000E+03  0.0000000E+00  4.3282930E+03  1.1106852E+01  0.0000000E+00  6.2496812E+03  5.1539886E+02  1.9147293E+01  0.0000000E+00  0.0000000E+00  0.0000000E+00  0.0000000E+00  5.0144482E+03 -3.2763761E-02
     1.4490000E+03    194.9658781  2.0691800E+07  1.4440000E+03  0.0000000E+00  4.2570941E+03  1.0919226E+01  0.0000000E+00  6.2236895E+03  5.1507855E+02  1.9149422E+01  0.0000000E+00  0.0000000E+00  0.0000000E+00  0.0000000E+00  4.9986851E+03 -1.1442240E-02
     1.4500000E+03    194.9706984  2.0693568E+07  1.7680000E+03  0.0000000E+00  3.9020931E+03  1.0736156E+01  0.0000000E+00  6.1978257E+03  5.1477979E+02  1.9151948E+01  0.0000000E+00  0.0000000E+00  0.0000000E+00  0.0000000E+00  4.9831973E+03  7.3078267E-02
     1.4510000E+03    194.9744950  2.0694962E+07  1.3940000E+03  0.0000000E+00  4.2555787E+03  1.0557491E+01  0.0000000E+00  6.1717915E+03  5.1447089E+02  1.9154126E+01  0.0000000E+00  0.0000000E+00  0.0000000E+00  0.0000000E+00  4.9680254E+03 -1.3821481E-02
     1.4520000E+03    194.9767500  2.0695790E+07  8.2800000E+02  0.0000000E+00  4.7981635E+03  1.0383087E+01  0.0000000E+00  6.1519409E+03  5.1760498E+02  1.9155521E+01  0.0000000E+00  0.0000000E+00  0.0000000E+00  0.0000000E+00  4.9571753E+03 -9.7381705E-03
     1.4530000E+03    194.9778254  2.0696184E+07  3.9400000E+02  0.0000000E+00  5.2223659E+03  1.0212808E+01  0.0000000E+00  6.1274766E+03  5.1387341E+02  1.9156234E+01  0.0000000E+00  0.0000000E+00  0.0000000E+00  0.0000000E+00  4.9417954E+03 -1.9072413E-01
     1.4540000E+03    194.9797278  2.0696882E+07  6.9800000E+02  0.0000000E+00  4.8822384E+03  1.0046518E+01  0.0000000E+00  6.1028960E+03  5.1352057E+02  1.9157180E+01  0.0000000E+00  0.0000000E+00  0.0000000E+00  0.0000000E+00  4.9271167E+03  4.3133381E-04
     1.4550000E+03    194.9829828  2.0698076E+07  1.1940000E+03  0.0000000E+00  4.3663937E+03  9.8840914E+00  0.0000000E+00  6.0787144E+03  5.1318591E+02  1.9158804E+01  0.0000000E+00  0.0000000E+00  0.0000000E+00  0.0000000E+00  4.9119209E+03 -6.7990169E-02
     1.4560000E+03    194.9852502  2.0698908E+07  8.3200000E+02  0.0000000E+00  4.7004743E+03  9.7254047E+00  0.0000000E+00  6.0546934E+03  5.1286884E+02  1.9160145E+01  0.0000000E+00  0.0000000E+00  0.0000000E+00  0.0000000E+00  4.8980723E+03 -1.3848710E-03
     1.4570000E+03    194.9877941  2.0699842E+07  9.3400000E+02  0.0000000E+00  4.5821087E+03  9.5703402E+00  0.0000000E+00  6.0309321E+03  5.1249976E+02  1.9161499E+01  0.0000000E+00  0.0000000E+00  0.0000000E+00  0.0000000E+00  4.8830049E+03 -1.2031414E-01
     1.4580000E+03    194.9888659  2.0700234E+07  3.9200000E+02  0.0000000E+00  5.1056826E+03  9.4187860E+00  0.0000000E+00  6.0057339E+03  5.1212286E+02  1.9162243E+01  0.0000000E+00  0.0000000E+00  0.0000000E+00  0.0000000E+00  4.8681099E+03 -2.2966900E-01
     1.4590000E+03    194.9917549  2.0701294E+07  1.0600000E+03  0.0000000E+00  4.4021908E+03  9.2706318E+00  0.0000000E+00  5.9859082E+03  5.1379547E+02  1.9163617E+01  0.0000000E+00  0.0000000E+00  0.0000000E+00  0.0000000E+00  4.8563232E+03  4.8052936E-04
     1.4600000E+03    194.9935871  2.0701966E+07  6.7200000E+02  0.0000000E+00  4.7704089E+03  9.1257744E+00  0.0000000E+00  5.9641992E+03  5.1151535E+02  1.9164729E+01  0.0000000E+00  0.0000000E+00  0.0000000E+00  0.0000000E+00  4.8427129E+03  3.9645657E-03
     1.4610000E+03    194.9931933  2.0701822E+07 -1.4400000E+02  0.0000000E+00  5.5634880E+03  8.9841137E+00  0.0000000E+00  5.9421162E+03  5.1115979E+02  1.9164757E+01  0.0000000E+00  0.0000000E+00  0.0000000E+00  0.0000000E+00  4.8290723E+03  2.1137604E-02
     1.4620000E+03    194.9930622  2.0701774E+07 -4.8000000E+01  0.0000000E+00  5.4698210E+03  8.8455496E+00  0.0000000E+00  5.9176641E+03  5.1084061E+02  1.9164657E+01  0.0000000E+00  0.0000000E+00  0.0000000E+00  0.0000000E+00  4.8141904E+03 -4.2195234E-01
     1.4630000E+03    194.9922788  2.0701486E+07 -2.8800000E+02  0.0000000E+00  5.6864313E+03  8.7099924E+00  0.0000000E+00  5.8942104E+03  5.1067001E+02  1.9164302E+01  0.0000000E+00  0.0000000E+00  0.0000000E+00  0.0000000E+00  4.7996919E+03 -4.0771630E-01
     1.4640000E+03    194.9924238  2.0701540E+07  5.4000000E+01  0.0000000E+00  5.2995736E+03  8.5773535E+00  0.0000000E+00  5.8733022E+03  5.0991815E+02  1.9164280E+01  0.0000000E+00  0.0000000E+00  0.0000000E+00  0.0000000E+00  4.7864541E+03 -1.3199305E-02
     1.4650000E+03    194.9950196  2.0702492E+07  9.5200000E+02  0.0000000E+00  4.3863963E+03  8.4475431E+00  0.0000000E+00  5.8510615E+03  5.0949173E+02  1.9165426E+01  0.0000000E+00  0.0000000E+00  0.0000000E+00  0.0000000E+00  4.7720054E+03 -1.2875538E-01
     1.4660000E+03    194.9993536  2.0704082E+07  1.5900000E+03  0.0000000E+00  3.7150478E+03  8.3204813E+00  0.0000000E+00  5.8292012E+03  5.0917181E+02  1.9167595E+01  0.0000000E+00  0.0000000E+00  0.0000000E+00  0.0000000E+00  4.7578491E+03  7.0822477E-02
     1.4670000E+03    195.0042591  2.0705882E+07  1.8000000E+03  0.0000000E+00  3.4804136E+03  8.1960878E+00  0.0000000E+00  5.8070337E+03  5.0887964E+02  1.9170202E+01  0.0000000E+00  0.0000000E+00  0.0000000E+00  0.0000000E+00  4.7440981E+03  1.1636000E-01
     1.4680000E+03    195.0083030  2.0707366E+07  1.4840000E+03  0.0000000E+00  3.7766998E+03  8.0742826E+00  0.0000000E+00  5.7849512E+03  5.0857309E+02  1.9172497E+01  0.0000000E+00  0.0000000E+00  0.0000000E+00  0.0000000E+00  4.7302358E+03  7.9061940E-02
     1.4690000E+03    195.0134562  2.0709258E+07  1.8920000E+03  0.0000000E+00  3.3425202E+03  7.9549947E+00  0.0000000E+00  5.7634902E+03  5.0828284E+02  1.9175180E+01  0.0000000E+00  0.0000000E+00  0.0000000E+00  0.0000000E+00  4.7163213E+03  1.6402818E-01
     1.4700000E+03    195.0180575  2.0710946E+07  1.6880000E+03  0.0000000E+00  3.5251755E+03  7.8381519E+00  0.0000000E+00  5.7413657E+03  5.0799167E+02  1.9177744E+01  0.0000000E+00  0.0000000E+00  0.0000000E+00  0.0000000E+00  4.7025312E+03  1.5409318E-01
     1.4710000E+03    195.0216707  2.0712272E+07  1.3260000E+03  0.0000000E+00  3.8719068E+03  7.7236838E+00  0.0000000E+00  5.7192046E+03  5.0768549E+02  1.9179818E+01  0.0000000E+00  0.0000000E+00  0.0000000E+00  0.0000000E+00  4.6889980E+03  3.7651073E-02
     1.4720000E+03    195.0277647  2.0714508E+07  2.2360000E+03  6.4014051E+01  3.0171503E+03  1.6841923E+01  0.0000000E+00  5.6988589E+03  5.0741968E+02  1.9182864E+01  0.0000000E+00  0.0000000E+00  0.0000000E+00  0.0000000E+00  4.6755537E+03 -6.5473467E-04
     1.4730000E+03    195.0349731  2.0717152E+07  2.6440000E+03  6.4018576E+01  2.5692485E+03  2.2955212E+01  0.0000000E+00  5.6789629E+03  5.0718283E+02  1.9186666E+01  0.0000000E+00  0.0000000E+00  0.0000000E+00  0.0000000E+00  4.6620386E+03  4.5644552E-01
     1.4740000E+03    195.0386302  2.0718494E+07  1.3420000E+03  0.0000000E+00  3.4413245E+03  1.7217525E+01  0.0000000E+00  5.6561528E+03  5.0688986E+02  1.9189043E+01  0.0000000E+00  3.5861572E+02  0.0000000E+00  0.0000000E+00  4.6486650E+03  9.4319142E-02
     1.4750000E+03    195.0403866  2.0719138E+07  6.4400000E+02  0.0000000E+00  3.7351678E+03  1.6431702E+01  0.0000000E+00  5.6343828E+03  5.0654861E+02  1.9190205E+01  0.0000000E+00  7.4560510E+02  0.0000000E+00  0.0000000E+00  4.6354009E+03  5.3573581E-03
     1.4760000E+03    195.0406491  2.0719234E+07  9.6000000E+01  0.0000000E+00  4.2180023E+03  1.5726889E+01  0.0000000E+00  5.6133271E+03  5.0618497E+02  1.9190511E+01  0.0000000E+00  8.0345453E+02  0.0000000E+00  0.0000000E+00  4.6223364E+03 -2.4477150E-01
     1.4770000E+03    195.0412908  2.0719470E+07  2.3600000E+02  0.0000000E+00  3.9163305E+03  1.5076008E+01  0.0000000E+00  5.5933218E+03  5.0579953E+02  1.9190819E+01  0.0000000E+00  9.4483765E+02  0.0000000E+00  0.0000000E+00  4.6092998E+03 -2.4535958E-01
     1.4780000E+03    195.0418382  2.0719670E+07  2.0000000E+02  0.0000000E+00  3.8134785E+03  1.4473408E+01  0.0000000E+00  5.5729956E+03  5.0542056E+02  1.9191127E+01  0.0000000E+00  1.0654504E+03  0.0000000E+00  0.0000000E+00  4.5960820E+03 -2.8763092E-01
     1.4790000E+03    195.0409649  2.0719350E+07 -3.2000000E+02  0.0000000E+00  4.5115296E+03  1.3914209E+01  0.0000000E+00  5.5527856E+03  5.0542734E+02  1.9190806E+01  0.0000000E+00  8.7301642E+02  0.0000000E+00  0.0000000E+00  4.5830581E+03 -3.8016954E-01
     1.4800000E+03    195.0416202  2.0719590E+07  2.4000000E+02  0.0000000E+00  3.7786021E+03  1.3394155E+01  0.0000000E+00  5.5333516E+03  5.0464923E+02  1.9190996E+01  0.0000000E+00  1.0174105E+03  0.0000000E+00  0.0000000E+00  4.5701904E+03 -2.3630834E-01
     1.4810000E+03    195.0435338  2.0720292E+07  7.0200000E+02  0.0000000E+00  2.8703899E+03  1.2909499E+01  0.0000000E+00  5.5141899E+03  5.0428915E+02  1.9191901E+01  0.0000000E+00  1.4390312E+03  0.0000000E+00  0.0000000E+00  4.5571421E+03 -1.4116348E-01
     1.4820000E+03    195.0561322  2.0724916E+07  4.6240000E+03  4.0859355E+03  1.4471050E+03  1.2135867E+03  0.0000000E+00  5.5083447E+03  5.0420099E+02  1.9197594E+01  0.0000000E+00  4.2148472E+03  0.0000000E+00  0.0000000E+00  4.5525679E+03 -1.3729691E-02
     1.4830000E+03    195.1067721  2.0743496E+07  1.8580000E+04  1.8764041E+04  1.3144665E+03  1.6524893E+04  0.0000000E+00  5.6197852E+03  5.0487091E+02  1.9221011E+01  0.0000000E+00  2.0489672E+04  0.0000000E+00  0.0000000E+00  4.6141992E+03  1.1935872E-03
     1.4840000E+03    195.0906737  2.0737590E+07 -5.9060000E+03  9.9249954E+02  1.1657858E+03  1.8085204E+03  0.0000000E+00  5.7571475E+03  5.0422086E+02  1.9219514E+01  0.0000000E+00  1.2775676E+04  0.0000000E+00  0.0000000E+00  4.6910654E+03 -5.0836955E-03
     1.4850000E+03    195.0828098  2.0734704E+07 -2.8860000E+03  1.3659298E+03  1.3743204E+03  1.8511396E+03  0.0000000E+00  5.8874634E+03  5.0356427E+02  1.9214338E+01  0.0000000E+00  1.0092775E+04  0.0000000E+00  0.0000000E+00  4.7649414E+03  5.4978034E-03
     1.4860000E+03    195.0733580  2.0731236E+07 -3.4680000E+03  1.2808535E+02  2.2811758E+03  1.2122632E+03  0.0000000E+00  6.0117642E+03  5.0925290E+02  1.9209368E+01  0.0000000E+00  8.0102319E+03  0.0000000E+00  0.0000000E+00  4.8347495E+03  2.2518972E-03
     1.4870000E+03    195.0658583  2.0728484E+07 -2.7520000E+03  0.0000000E+00  2.8941302E+03  9.2560327E+02  0.0000000E+00  6.0961245E+03  5.0230820E+02  1.9205074E+01  0.0000000E+00  6.3578164E+03  0.0000000E+00  0.0000000E+00  4.8839141E+03  2.7378034E-03
     1.4880000E+03    195.0604550  2.0726502E+07 -1.9820000E+03  0.0000000E+00  3.2174524E+03  7.6022290E+02  0.0000000E+00  6.1629766E+03  5.0176263E+02  1.9201905E+01  0.0000000E+00  5.1673115E+03  0.0000000E+00  0.0000000E+00  4.9226504E+03 -5.9433305E-03
     1.4890000E+03    195.0568953  2.0725196E+07 -1.3060000E+03  0.0000000E+00  3.2593215E+03  6.4183490E+02  0.0000000E+00  6.2148384E+03  5.0125037E+02  1.9199768E+01  0.0000000E+00  4.3830005E+03  0.0000000E+00  0.0000000E+00  4.9523672E+03 -1.2083250E-03
     1.4900000E+03    195.0549719  2.0724490E+07 -7.0600000E+02  0.0000000E+00  3.0340524E+03  5.5329944E+02  0.0000000E+00  6.2542007E+03  5.0077972E+02  1.9198543E+01  0.0000000E+00  3.9592063E+03  0.0000000E+00  0.0000000E+00  4.9745552E+03  3.4964331E-03
     1.4910000E+03    195.0533701  2.0723902E+07 -5.8800000E+02  0.0000000E+00  3.2299034E+03  4.8473166E+02  0.0000000E+00  6.2832715E+03  5.0035938E+02  1.9197636E+01  0.0000000E+00  3.6062739E+03  0.0000000E+00  0.0000000E+00  4.9905415E+03  3.6509568E-03
     1.4920000E+03    195.0783964  2.0733084E+07  9.1820000E+03  8.4298384E+03  1.3649838E+03  5.4233003E+03  0.0000000E+00  6.3343394E+03  5.0039828E+02  1.9208357E+01  0.0000000E+00  9.1203652E+03  0.0000000E+00  0.0000000E+00  5.0176152E+03  2.5928819E-03
     1.4930000E+03    195.0699478  2.0729984E+07 -3.1000000E+03  6.0982276E+02  3.9313470E+03  1.6091680E+03  0.0000000E+00  6.3903711E+03  4.9986319E+02  1.9207403E+01  0.0000000E+00  7.2588652E+03  0.0000000E+00  0.0000000E+00  5.0470571E+03  6.7554577E-04
     1.4940000E+03    195.0628718  2.0727388E+07 -2.5960000E+03  0.0000000E+00  3.9548531E+03  1.1354612E+03  0.0000000E+00  6.4413926E+03  4.9926251E+02  1.9203403E+01  0.0000000E+00  5.6998062E+03  0.0000000E+00  0.0000000E+00  5.0740786E+03 -2.6686429E-03
     1.4950000E+03    195.0579194  2.0725572E+07 -1.8160000E+03  0.0000000E+00  4.0928374E+03  9.1838135E+02  0.0000000E+00  6.4839067E+03  4.9871332E+02  1.9200477E+01  0.0000000E+00  4.6086387E+03  0.0000000E+00  0.0000000E+00  5.0967529E+03 -1.1948324E-02
     1.4960000E+03    195.0544098  2.0724284E+07 -1.2880000E+03  0.0000000E+00  4.2200944E+03  7.6668347E+02  0.0000000E+00  6.5184463E+03  4.9819751E+02  1.9198410E+01  0.0000000E+00  3.8353623E+03  0.0000000E+00  0.0000000E+00  5.1155151E+03  3.2351397E-03
     1.4970000E+03    195.0521557  2.0723456E+07 -8.2800000E+02  0.0000000E+00  4.1717113E+03  6.5519788E+02  0.0000000E+00  6.5450493E+03  4.9769409E+02  1.9197046E+01  0.0000000E+00  3.3387104E+03  0.0000000E+00  0.0000000E+00  5.1300864E+03  1.1636297E-02
     1.4980000E+03    195.0499691  2.0722654E+07 -8.0200000E+02  0.0000000E+00  4.5631073E+03  5.6996667E+02  0.0000000E+00  6.5642607E+03  4.9727832E+02  1.9195849E+01  0.0000000E+00  2.8569360E+03  0.0000000E+00  0.0000000E+00  5.1407163E+03 -3.6544877E-03
     1.4990000E+03    195.0490154  2.0722304E+07 -3.5000000E+02  0.0000000E+00  4.2663101E+03  5.0272733E+02  0.0000000E+00  6.5764546E+03  4.9683029E+02  1.9195196E+01  0.0000000E+00  2.6467935E+03  0.0000000E+00  0.0000000E+00  5.1472764E+03  7.1640505E-04
     1.5000000E+03    195.0689428  2.0729616E+07  7.3120000E+03  6.9235783E+03  2.9225679E+03  4.2631929E+03  0.0000000E+00  6.6008682E+03  4.9679300E+02  1.9203767E+01  0.0000000E+00  7.0374331E+03  0.0000000E+00  0.0000000E+00  5.1598726E+03 -2.0203637E-03
     1.5010000E+03    195.0689815  2.0729630E+07  1.4000000E+01  9.1472549E+02  1.6203066E+03  1.6496881E+03  0.0000000E+00  6.6317192E+03  4.9644003E+02  1.9205953E+01  0.0000000E+00  7.0459692E+03  0.0000000E+00  0.0000000E+00  5.1754302E+03  2.2937630E-03
     1.5020000E+03    195.0653386  2.0728294E+07 -1.3360000E+03  0.0000000E+00  2.3574360E+03  1.1192587E+03  0.0000000E+00  6.6600469E+03  4.9597726E+02  1.9204371E+01  0.0000000E+00  6.2433218E+03  0.0000000E+00  0.0000000E+00  5.1896606E+03 -6.9525368E-03
     1.5030000E+03    195.0632908  2.0727542E+07 -7.5200000E+02  0.0000000E+00  2.0359891E+03  9.0917151E+02  0.0000000E+00  6.6823032E+03  4.9551007E+02  1.9203083E+01  0.0000000E+00  5.7921309E+03  0.0000000E+00  0.0000000E+00  5.2008003E+03  7.6904520E-03
     1.5040000E+03    195.0614032  2.0726850E+07 -6.9200000E+02  0.0000000E+00  2.2619673E+03  7.6130988E+02  0.0000000E+00  6.6985854E+03  4.9510464E+02  1.9202039E+01  0.0000000E+00  5.3762246E+03  0.0000000E+00  0.0000000E+00  5.2091392E+03 -7.4028298E-03
     1.5050000E+03    195.0586817  2.0725850E+07 -1.0000000E+03  0.0000000E+00  3.0692538E+03  6.5204169E+02  0.0000000E+00  6.7090513E+03  4.9459097E+02  1.9200649E+01  0.0000000E+00  4.7765947E+03  0.0000000E+00  0.0000000E+00  5.2145684E+03  1.7382627E-02
     1.5060000E+03    195.0574537  2.0725400E+07 -4.5000000E+02  0.0000000E+00  2.7130638E+03  5.6814722E+02  0.0000000E+00  6.7137939E+03  4.9421475E+02  1.9199818E+01  0.0000000E+00  4.5060303E+03  0.0000000E+00  0.0000000E+00  5.2170215E+03 -7.3313150E-03
     1.5070000E+03    195.0549295  2.0724474E+07 -9.2600000E+02  1.3010772E+02  3.8602683E+03  5.5385773E+02  0.0000000E+00  6.7129272E+03  4.9371164E+02  1.9198585E+01  0.0000000E+00  3.9498728E+03  0.0000000E+00  0.0000000E+00  5.2163071E+03 -1.9007829E-03
     1.5080000E+03    195.0588033  2.0725896E+07  1.4220000E+03  2.4390245E+03  3.7383396E+03  1.3244316E+03  0.0000000E+00  6.7121260E+03  4.9333618E+02  1.9199997E+01  0.0000000E+00  4.8033779E+03  0.0000000E+00  0.0000000E+00  5.2153169E+03 -6.4137247E-03
     1.5090000E+03    195.0961782  2.0739608E+07  1.3712000E+04  1.3919781E+04  2.9074212E+03  1.1839861E+04  0.0000000E+00  6.7873667E+03  4.9369641E+02  1.9216690E+01  0.0000000E+00  1.5413311E+04  0.0000000E+00  0.0000000E+00  5.2525391E+03  4.1946536E-03
     1.5100000E+03    195.0836071  2.0734996E+07 -4.6120000E+03  3.0495221E+02  2.9390369E+03  1.9280771E+03  0.0000000E+00  6.8742471E+03  4.9310687E+02  1.9215285E+01  0.0000000E+00  1.0268429E+04  0.0000000E+00  0.0000000E+00  5.2960752E+03 -3.7226684E-03
     1.5110000E+03    195.0744770  2.0731646E+07 -3.3500000E+03  2.3985859E+02  3.2904513E+03  1.5183604E+03  0.0000000E+00  6.9507563E+03  4.9245065E+02  1.9209942E+01  0.0000000E+00  8.2567959E+03  0.0000000E+00  0.0000000E+00  5.3351372E+03  5.5878039E-04
     1.5120000E+03    195.0905777  2.0737554E+07  5.9080000E+03  8.6489889E+03  3.7606941E+03  7.2050718E+03  0.0000000E+00  7.0554341E+03  4.9230438E+02  1.9215957E+01  0.0000000E+00  1.2729708E+04  0.0000000E+00  0.0000000E+00  5.3883877E+03 -1.8670615E-03
     1.5130000E+03    195.0811412  2.0734092E+07 -3.4620000E+03  3.2535291E+02  2.9187907E+03  2.2094832E+03  0.0000000E+00  7.1576592E+03  4.9175101E+02  1.9213602E+01  0.0000000E+00  9.7251260E+03  0.0000000E+00  0.0000000E+00  5.4408525E+03 -2.9397355E-03
     1.5140000E+03    195.0748032  2.0731766E+07 -2.3260000E+03  0.0000000E+00  2.3137987E+03  1.5823488E+03  0.0000000E+00  7.2449678E+03  4.9116605E+02  1.9209815E+01  0.0000000E+00  8.3286543E+03  0.0000000E+00  0.0000000E+00  5.4862896E+03  4.3693371E-03
     1.5150000E+03    195.0703220  2.0730122E+07 -1.6440000E+03  0.0000000E+00  2.3816832E+03  1.2731754E+03  0.0000000E+00  7.3154487E+03  4.9064352E+02  1.9207175E+01  0.0000000E+00  7.3413047E+03  0.0000000E+00  0.0000000E+00  5.5236201E+03 -2.0900085E-03
     1.5160000E+03    195.0669981  2.0728902E+07 -1.2200000E+03  0.0000000E+00  2.5302484E+03  1.0594421E+03  0.0000000E+00  7.3695283E+03  4.9015186E+02  1.9205240E+01  0.0000000E+00  6.6089453E+03  0.0000000E+00  0.0000000E+00  5.5524902E+03  4.3521756E-03
     1.5170000E+03    195.0648068  2.0728098E+07 -8.0400000E+02  0.0000000E+00  2.4789400E+03  9.0277521E+02  0.0000000E+00  7.4071338E+03  4.8966632E+02  1.9203924E+01  0.0000000E+00  6.1261353E+03  0.0000000E+00  0.0000000E+00  5.5719487E+03 -3.9645634E-04
     1.5180000E+03    195.0624776  2.0727244E+07 -8.5400000E+02  0.0000000E+00  2.9479610E+03  7.8285663E+02  0.0000000E+00  7.4319443E+03  4.8927106E+02  1.9202672E+01  0.0000000E+00  5.6129536E+03  0.0000000E+00  0.0000000E+00  5.5854644E+03 -6.4821416E-03
     1.5190000E+03    195.0613771  2.0726840E+07 -4.0400000E+02  0.0000000E+00  2.6589290E+03  6.8801080E+02  0.0000000E+00  7.4456104E+03  4.8884485E+02  1.9201939E+01  0.0000000E+00  5.3704624E+03  0.0000000E+00  0.0000000E+00  5.5923516E+03  2.1390161E-03
     1.5200000E+03    195.0674832  2.0729080E+07  2.2400000E+03  2.7811009E+03  3.1215676E+03  2.3528872E+03  0.0000000E+00  7.4516011E+03  4.8853455E+02  1.9204477E+01  0.0000000E+00  6.7158428E+03  0.0000000E+00  0.0000000E+00  5.5948623E+03  3.4917169E-03
     1.5210000E+03    195.1432156  2.0756868E+07  2.7788000E+04  2.9552960E+04  3.2392617E+03  3.3360609E+04  0.0000000E+00  7.7936855E+03  4.8971536E+02  1.9238112E+01  0.0000000E+00  3.9171793E+04  0.0000000E+00  0.0000000E+00  5.7545811E+03 -1.0717607E-03
     1.5220000E+03    195.1647062  2.0764752E+07  7.8840000E+03  2.5950421E+04  3.0684607E+03  3.0673477E+04  0.0000000E+00  8.5257617E+03  4.8989621E+02  1.9255710E+01  0.0000000E+00  5.3686859E+04  0.0000000E+00  0.0000000E+00  6.0935381E+03  1.8287221E-03
     1.5230000E+03    195.1455262  2.0757716E+07 -7.0360000E+03  1.3959417E+04  3.0524529E+03  1.3861658E+04  0.0000000E+00  9.4347109E+03  4.8909814E+02  1.9249699E+01  0.0000000E+00  4.0732398E+04  0.0000000E+00  0.0000000E+00  6.5014897E+03 -3.1925049E-03
     1.5240000E+03    195.1938020  2.0775428E+07  1.7712000E+04  3.5319170E+04  2.1930570E+03  4.8714574E+04  0.0000000E+00  1.0878784E+04  4.8957883E+02  1.9268629E+01  0.0000000E+00  7.4497594E+04  0.0000000E+00  0.0000000E+00  7.0994673E+03  1.0865268E-03
     1.5250000E+03    195.1345988  2.0753706E+07 -2.1722000E+04  0.0000000E+00  2.5366133E+03  2.9091777E+03  0.0000000E+00  1.2235927E+04  4.8814288E+02  1.9248109E+01  0.0000000E+00  3.3823562E+04  0.0000000E+00  0.0000000E+00  7.6355635E+03 -1.2608472E-03
     1.5260000E+03    195.1143711  2.0746284E+07 -7.4220000E+03  3.3208950E+03  2.9232312E+03  3.4794060E+03  0.0000000E+00  1.3338358E+04  4.8709158E+02  1.9232859E+01  0.0000000E+00  2.4130920E+04  0.0000000E+00  0.0000000E+00  8.0535508E+03  6.7323539E-04
     1.5270000E+03    195.1211973  2.0748788E+07  2.5040000E+03  9.4952110E+03  2.8685241E+03  9.5772812E+03  0.0000000E+00  1.4208509E+04  4.8672678E+02  1.9233630E+01  0.0000000E+00  2.7401885E+04  0.0000000E+00  0.0000000E+00  8.3688291E+03  1.8896855E-03
     1.5280000E+03    195.1072855  2.0743684E+07 -5.1040000E+03  0.0000000E+00  1.7902884E+03  3.0899478E+03  0.0000000E+00  1.4836914E+04  4.8606815E+02  1.9228316E+01  0.0000000E+00  2.0735691E+04  0.0000000E+00  0.0000000E+00  8.5886836E+03 -1.7978271E-03
     1.5290000E+03    195.1006058  2.0741234E+07 -2.4500000E+03  0.0000000E+00  2.1269500E+03  2.4545886E+03  0.0000000E+00  1.5261098E+04  4.8546307E+02  1.9223894E+01  0.0000000E+00  1.7534928E+04  0.0000000E+00  0.0000000E+00  8.7329248E+03 -4.3582348E-03
     1.5300000E+03    195.0972548  2.0740004E+07 -1.2300000E+03  0.0000000E+00  2.3237328E+03  2.0088967E+03  0.0000000E+00  1.5518647E+04  4.8496194E+02  1.9221708E+01  0.0000000E+00  1.5929177E+04  0.0000000E+00  0.0000000E+00  8.8179775E+03  2.4053401E-03
     1.5310000E+03    195.0954701  2.0739350E+07 -6.5400000E+02  0.0000000E+00  2.4032062E+03  1.6811379E+03  0.0000000E+00  1.5645014E+04  4.8450400E+02  1.9220566E+01  0.0000000E+00  1.5074024E+04  0.0000000E+00  0.0000000E+00  8.8579424E+03 -4.4643590E-03
     1.5320000E+03    195.0945428  2.0739008E+07 -3.4200000E+02  0.0000000E+00  2.3178448E+03  1.4402797E+03  0.0000000E+00  1.5670306E+04  4.8406375E+02  1.9219968E+01  0.0000000E+00  1.4629687E+04  0.0000000E+00  0.0000000E+00  8.8640332E+03  1.0140106E-02
     1.5330000E+03    195.0966376  2.0739778E+07  7.7000000E+02  1.9791841E+03  2.8056683E+03  2.1060198E+03  0.0000000E+00  1.5625424E+04  4.8368204E+02  1.9220779E+01  0.0000000E+00  1.5633455E+04  0.0000000E+00  0.0000000E+00  8.8469189E+03 -7.0948401E-03
     1.5340000E+03    195.0967010  2.0739800E+07  2.2000000E+01  7.0427423E+02  1.6779372E+03  1.6327361E+03  0.0000000E+00  1.5530494E+04  4.8326819E+02  1.9221035E+01  0.0000000E+00  1.5663820E+04  0.0000000E+00  0.0000000E+00  8.8134502E+03  7.0396652E-03
     1.5350000E+03    195.0956480  2.0739414E+07 -3.8600000E+02  0.0000000E+00  1.4017188E+03  1.3022578E+03  0.0000000E+00  1.5374391E+04  4.8277484E+02  1.9220583E+01  0.0000000E+00  1.5159271E+04  0.0000000E+00  0.0000000E+00  8.7606670E+03 -1.9802549E-03
     1.5360000E+03    195.0962604  2.0739640E+07  2.2600000E+02  9.0561902E+02  1.3533854E+03  1.4312201E+03  0.0000000E+00  1.5195529E+04  4.8237109E+02  1.9220735E+01  0.0000000E+00  1.5452702E+04  0.0000000E+00  0.0000000E+00  8.6999922E+03 -7.4750129E-03
     1.5370000E+03    195.1059100  2.0743180E+07  3.5400000E+03  6.0380317E+03  1.5578178E+03  4.5678506E+03  0.0000000E+00  1.5070537E+04  4.8221225E+02  1.9225003E+01  0.0000000E+00  2.0076588E+04  0.0000000E+00  0.0000000E+00  8.6561982E+03  2.2515794E-03
     1.5380000E+03    195.1007185  2.0741274E+07 -1.9060000E+03  1.1741341E+03  2.3577923E+03  2.4276570E+03  0.0000000E+00  1.4941079E+04  4.8173563E+02  1.9223793E+01  0.0000000E+00  1.7588945E+04  0.0000000E+00  0.0000000E+00  8.6115752E+03  5.7406374E-03
     1.5390000E+03    195.0999167  2.0740980E+07 -2.9400000E+02  1.7778927E+03  1.8015206E+03  2.6259265E+03  0.0000000E+00  1.4808698E+04  4.8127887E+02  1.9222879E+01  0.0000000E+00  1.7204719E+04  0.0000000E+00  0.0000000E+00  8.5667637E+03 -1.1414324E-03
     1.5400000E+03    195.0967094  2.0739804E+07 -1.1760000E+03  0.0000000E+00  1.3106876E+03  1.6365388E+03  0.0000000E+00  1.4665199E+04  4.8079819E+02  1.9221396E+01  0.0000000E+00  1.5667842E+04  0.0000000E+00  0.0000000E+00  8.5191230E+03 -4.6373811E-03
     1.5410000E+03    195.0949656  2.0739164E+07 -6.4000000E+02  0.0000000E+00  1.1553504E+03  1.3385586E+03  0.0000000E+00  1.4508803E+04  4.8035483E+02  1.9220287E+01  0.0000000E+00  1.4832257E+04  0.0000000E+00  0.0000000E+00  8.4677529E+03  1.0780154E-03
     1.5420000E+03    195.0926625  2.0738318E+07 -8.4600000E+02  0.0000000E+00  2.0846871E+03  1.1269912E+03  0.0000000E+00  1.4340418E+04  4.7988052E+02  1.9219095E+01  0.0000000E+00  1.3728668E+04  0.0000000E+00  0.0000000E+00  8.4125088E+03  5.8549014E-03
     1.5430000E+03    195.1446461  2.0757392E+07  1.9074000E+04  2.3623220E+04  2.5284310E+03  2.3809424E+04  0.0000000E+00  1.4806977E+04  4.8053082E+02  1.9241475E+01  0.0000000E+00  4.0137934E+04  0.0000000E+00  0.0000000E+00  8.5629004E+03 -8.2845136E-04
     1.5440000E+03    195.1409026  2.0756018E+07 -1.3740000E+03  1.1610783E+04  2.4163649E+03  1.1861591E+04  0.0000000E+00  1.5679423E+04  4.8015033E+02  1.9245503E+01  0.0000000E+00  3.7609551E+04  0.0000000E+00  0.0000000E+00  8.8537959E+03  1.1952406E-03
     1.5450000E+03    195.2095205  2.0781196E+07  2.5178000E+04  4.0631163E+04  1.8142159E+03  5.7366684E+04  0.0000000E+00  1.7287172E+04  4.8112851E+02  1.9274969E+01  0.0000000E+00  8.7793547E+04  0.0000000E+00  0.0000000E+00  9.3640557E+03 -9.9617243E-04
     1.5460000E+03    195.1475467  2.0758456E+07 -2.2740000E+04  0.0000000E+00  1.7589804E+03  2.4187126E+03  0.0000000E+00  1.9197264E+04  4.7966296E+02  1.9255457E+01  0.0000000E+00  4.2097098E+04  0.0000000E+00  0.0000000E+00  9.9606973E+03  2.2105034E-03
     1.5470000E+03    195.1535778  2.0760670E+07  2.2140000E+03  1.5337317E+04  1.4615208E+03  1.3412379E+04  0.0000000E+00  2.1593570E+04  4.7909567E+02  1.9251337E+01  0.0000000E+00  4.6170535E+04  0.0000000E+00  0.0000000E+00  1.0654598E+04 -2.2579362E-03
     1.5480000E+03    195.1379931  2.0754952E+07 -5.7180000E+03  2.9865421E+03  1.8902957E+03  4.8353672E+03  0.0000000E+00  2.4492219E+04  4.7841260E+02  1.9245209E+01  0.0000000E+00  3.5644410E+04  0.0000000E+00  0.0000000E+00  1.1909046E+04 -6.1625149E-04
     1.5490000E+03    195.1295499  2.0751854E+07 -3.0980000E+03  0.0000000E+00  1.5485381E+03  2.9248381E+03  0.0000000E+00  2.7427014E+04  4.7776682E+02  1.9239837E+01  0.0000000E+00  3.1404240E+04  0.0000000E+00  0.0000000E+00  1.3164858E+04  1.9852519E-04
     1.5500000E+03    195.1327246  2.0753018E+07  1.1640000E+03  2.3152862E+03  1.3821507E+03  3.5878142E+03  0.0000000E+00  3.0066674E+04  4.7735452E+02  1.9240300E+01  0.0000000E+00  3.2925480E+04  0.0000000E+00  0.0000000E+00  1.4224967E+04  4.3004858E-03
     1.5510000E+03    195.1321198  2.0752796E+07 -2.2200000E+02  0.0000000E+00  1.4420405E+03  2.3074370E+03  0.0000000E+00  3.2044584E+04  4.7693076E+02  1.9240382E+01  0.0000000E+00  3.2635693E+04  0.0000000E+00  0.0000000E+00  1.4994392E+04  3.2764956E-04
     1.5520000E+03    195.1326882  2.0753004E+07  2.0800000E+02  0.0000000E+00  1.5161317E+03  1.8893416E+03  0.0000000E+00  3.3238410E+04  4.7648901E+02  1.9240564E+01  0.0000000E+00  3.2908074E+04  0.0000000E+00  0.0000000E+00  1.5477946E+04 -5.3376606E-04
     1.5530000E+03    195.1333387  2.0753244E+07  2.4000000E+02  0.0000000E+00  1.4948257E+03  1.5863501E+03  0.0000000E+00  3.3861898E+04  4.7611819E+02  1.9240909E+01  0.0000000E+00  3.3219785E+04  0.0000000E+00  0.0000000E+00  1.5757181E+04 -4.8596370E-03
     1.5540000E+03    195.1339924  2.0753484E+07  2.4000000E+02  0.0000000E+00  1.1533710E+03  1.3686816E+03  0.0000000E+00  3.4052664E+04  4.7578745E+02  1.9241264E+01  0.0000000E+00  3.3533004E+04  0.0000000E+00  0.0000000E+00  1.5881545E+04 -1.7644728E-04
     1.5550000E+03    195.1337537  2.0753396E+07 -8.8000000E+01  0.0000000E+00  1.3087252E+03  1.1932731E+03  0.0000000E+00  3.3941188E+04  4.7536438E+02  1.9241231E+01  0.0000000E+00  3.3418633E+04  0.0000000E+00  0.0000000E+00  1.5898563E+04  1.4084784E-03
     1.5560000E+03    195.1328910  2.0753080E+07 -3.1600000E+02  0.0000000E+00  1.4863595E+03  1.0501249E+03  0.0000000E+00  3.3619184E+04  4.7499301E+02  1.9240830E+01  0.0000000E+00  3.3005250E+04  0.0000000E+00  0.0000000E+00  1.5839257E+04 -1.5296366E-03
     1.5570000E+03    195.1316659  2.0752630E+07 -4.5000000E+02  0.0000000E+00  1.6167484E+03  9.3121478E+02  0.0000000E+00  3.3149105E+04  4.7485547E+02  1.9240203E+01  0.0000000E+00  3.2418213E+04  0.0000000E+00  0.0000000E+00  1.5724691E+04  3.6653914E-03
     1.5580000E+03    195.1499560  2.0759340E+07  6.7100000E+03  1.0976796E+04  1.5832054E+03  8.3220273E+03  0.0000000E+00  3.3213285E+04  4.7445163E+02  1.9248032E+01  0.0000000E+00  4.3724309E+04  0.0000000E+00  0.0000000E+00  1.5732604E+04  1.7109149E-03
     1.5590000E+03    195.1430273  2.0756798E+07 -2.5420000E+03  1.6177141E+03  5.8789452E+02  2.7401704E+03  0.0000000E+00  3.3225570E+04  4.7396509E+02  1.9247006E+01  0.0000000E+00  3.9044578E+04  0.0000000E+00  0.0000000E+00  1.5729626E+04 -5.7436718E-04
     1.5600000E+03    195.1365200  2.0754410E+07 -2.3880000E+03  0.0000000E+00  1.9960430E+03  1.7745391E+03  0.0000000E+00  3.3070742E+04  4.7339822E+02  1.9243419E+01  0.0000000E+00  3.4744188E+04  0.0000000E+00  0.0000000E+00  1.5684892E+04  1.1015972E-03
     1.5610000E+03    195.1327463  2.0753026E+07 -1.3840000E+03  0.0000000E+00  2.1616831E+03  1.4499008E+03  0.0000000E+00  3.2755217E+04  4.7288959E+02  1.9241068E+01  0.0000000E+00  3.2935887E+04  0.0000000E+00  0.0000000E+00  1.5596372E+04 -1.6463681E-03
     1.5620000E+03    195.1335995  2.0753340E+07  3.1400000E+02  1.0482202E+03  8.9819296E+02  1.6540470E+03  0.0000000E+00  3.2347596E+04  4.7250497E+02  1.9241029E+01  0.0000000E+00  3.3344727E+04  0.0000000E+00  0.0000000E+00  1.5478592E+04  3.4103200E-03
     1.5630000E+03    195.1306524  2.0752258E+07 -1.0820000E+03  0.0000000E+00  1.6374291E+03  1.2074302E+03  0.0000000E+00  3.1865055E+04  4.7225070E+02  1.9239839E+01  0.0000000E+00  3.1932576E+04  0.0000000E+00  0.0000000E+00  1.5335021E+04  2.7300116E-01
     1.5640000E+03    195.1341509  2.0753542E+07  1.2840000E+03  2.7643669E+03  8.4920166E+02  2.2032981E+03  0.0000000E+00  3.1264787E+04  4.7160638E+02  1.9241041E+01  0.0000000E+00  3.3608973E+04  0.0000000E+00  0.0000000E+00  1.5150829E+04 -1.5740378E-03
     1.5650000E+03    195.1301562  2.0752076E+07 -1.4660000E+03  0.0000000E+00  1.2564953E+03  1.2734423E+03  0.0000000E+00  3.0702357E+04  4.7114273E+02  1.9239683E+01  0.0000000E+00  3.1694787E+04  0.0000000E+00  0.0000000E+00  1.4971204E+04  4.0298721E-04
     1.5660000E+03    195.1271785  2.0750984E+07 -1.0920000E+03  0.0000000E+00  1.6210466E+03  1.0728130E+03  0.0000000E+00  3.0213734E+04  4.7072736E+02  1.9237951E+01  0.0000000E+00  3.0267961E+04  0.0000000E+00  0.0000000E+00  1.4811851E+04 -1.3149931E-03
     1.5670000E+03    195.1254762  2.0750358E+07 -6.2600000E+02  0.0000000E+00  1.2564490E+03  9.2285193E+02  0.0000000E+00  2.9650744E+04  4.7027380E+02  1.9236886E+01  0.0000000E+00  2.9452215E+04  0.0000000E+00  0.0000000E+00  1.4630336E+04  4.5575583E-03
     1.5680000E+03    195.1239006  2.0749780E+07 -5.7800000E+02  0.0000000E+00  1.2405096E+03  8.0629138E+02  0.0000000E+00  2.9042416E+04  4.6983234E+02  1.9236015E+01  0.0000000E+00  2.8697229E+04  0.0000000E+00  0.0000000E+00  1.4433344E+04 -3.2737374E-04
     1.5690000E+03    195.1221834  2.0749150E+07 -6.3000000E+02  0.0000000E+00  1.3908723E+03  7.1296368E+02  0.0000000E+00  2.8410928E+04  4.6938339E+02  1.9235096E+01  0.0000000E+00  2.7874426E+04  0.0000000E+00  0.0000000E+00  1.4225602E+04 -8.5335407E-05
     1.5700000E+03    195.1202196  2.0748430E+07 -7.2000000E+02  0.0000000E+00  1.7095152E+03  6.3649976E+02  0.0000000E+00  2.7773977E+04  4.6892685E+02  1.9234054E+01  0.0000000E+00  2.6933375E+04  0.0000000E+00  0.0000000E+00  1.4011084E+04 -1.9711570E-03
     1.5710000E+03    195.1182809  2.0747718E+07 -7.1200000E+02  0.0000000E+00  1.9350174E+03  5.7270020E+02  0.0000000E+00  2.7143113E+04  4.6847131E+02  1.9232996E+01  0.0000000E+00  2.6004414E+04  0.0000000E+00  0.0000000E+00  1.3792852E+04  2.3841108E-03
     1.5720000E+03    195.1168019  2.0747176E+07 -5.4200000E+02  0.0000000E+00  1.8047910E+03  5.1867719E+02  0.0000000E+00  2.6526387E+04  4.6802408E+02  1.9232141E+01  0.0000000E+00  2.5295695E+04  0.0000000E+00  0.0000000E+00  1.3573288E+04 -2.4566504E-03
     1.5730000E+03    195.1152534  2.0746608E+07 -5.6800000E+02  0.0000000E+00  1.9254971E+03  4.7237473E+02  0.0000000E+00  2.5926096E+04  4.6796646E+02  1.9231306E+01  0.0000000E+00  2.4553725E+04  0.0000000E+00  0.0000000E+00  1.3352987E+04  1.9555572E-04
     1.5740000E+03    195.1138371  2.0746088E+07 -5.2000000E+02  0.0000000E+00  1.9330205E+03  4.3228424E+02  0.0000000E+00  2.5343705E+04  4.6806866E+02  1.9230521E+01  0.0000000E+00  2.3875029E+04  0.0000000E+00  0.0000000E+00  1.3132729E+04  2.4362672E-03
     1.5750000E+03    195.1114536  2.0745214E+07 -8.7400000E+02  0.0000000E+00  2.8379409E+03  3.9727075E+02  0.0000000E+00  2.4786670E+04  4.6674203E+02  1.9229329E+01  0.0000000E+00  2.2732932E+04  0.0000000E+00  0.0000000E+00  1.2916223E+04  4.2125448E-03
     1.5760000E+03    195.1160486  2.0746900E+07  1.6860000E+03  2.8021247E+03  1.2377292E+03  1.2720991E+03  0.0000000E+00  2.4269863E+04  4.6639050E+02  1.9231070E+01  0.0000000E+00  2.4934748E+04  0.0000000E+00  0.0000000E+00  1.2707136E+04 -3.4453835E-05
     1.5770000E+03    195.1397919  2.0755612E+07  8.7120000E+03  1.3245121E+04  2.0400868E+03  1.0434616E+04  0.0000000E+00  2.4417170E+04  4.6647766E+02  1.9241907E+01  0.0000000E+00  3.6859355E+04  0.0000000E+00  0.0000000E+00  1.2707732E+04 -5.3602719E-04
     1.5780000E+03    195.1235368  2.0749648E+07 -5.9640000E+03  1.3680815E+02  3.4318280E+03  1.7926219E+03  0.0000000E+00  2.4546143E+04  4.6581421E+02  1.9237415E+01  0.0000000E+00  2.8522914E+04  0.0000000E+00  0.0000000E+00  1.2728011E+04 -6.8636762E-04
     1.5790000E+03    195.1167505  2.0747158E+07 -2.4900000E+03  0.0000000E+00  2.6406841E+03  1.3703551E+03  0.0000000E+00  2.4535912E+04  4.6527621E+02  1.9232691E+01  0.0000000E+00  2.5271064E+04  0.0000000E+00  0.0000000E+00  1.2719400E+04  3.4390534E-05
     1.5800000E+03    195.1135155  2.0745970E+07 -1.1880000E+03  0.0000000E+00  2.5019538E+03  1.1224773E+03  0.0000000E+00  2.4397738E+04  4.6495352E+02  1.9230544E+01  0.0000000E+00  2.3720959E+04  0.0000000E+00  0.0000000E+00  1.2673420E+04  4.1831108E-03
     1.5810000E+03    195.1113080  2.0745160E+07 -8.1000000E+02  0.0000000E+00  2.7781804E+03  9.4653668E+02  0.0000000E+00  2.4168330E+04  4.6427377E+02  1.9229231E+01  0.0000000E+00  2.2663154E+04  0.0000000E+00  0.0000000E+00  1.2594522E+04  1.1300697E-04
     1.5820000E+03    195.1096711  2.0744560E+07 -6.0000000E+02  0.0000000E+00  2.9345522E+03  8.1511523E+02  0.0000000E+00  2.3880717E+04  4.6382999E+02  1.9228278E+01  0.0000000E+00  2.1878809E+04  0.0000000E+00  0.0000000E+00  1.2489857E+04 -2.3240072E-03
     1.5830000E+03    195.1086276  2.0744176E+07 -3.8400000E+02  0.0000000E+00  2.7912519E+03  7.1307672E+02  0.0000000E+00  2.3556721E+04  4.6340186E+02  1.9227646E+01  0.0000000E+00  2.1378789E+04  0.0000000E+00  0.0000000E+00  1.2365493E+04  4.5634001E-03
     1.5840000E+03    195.1077845  2.0743868E+07 -3.0800000E+02  0.0000000E+00  2.6937575E+03  6.3145020E+02  0.0000000E+00  2.3210049E+04  4.6304279E+02  1.9227165E+01  0.0000000E+00  2.0974803E+04  0.0000000E+00  0.0000000E+00  1.2225892E+04 -5.5073807E-03
     1.5850000E+03    195.1064723  2.0743386E+07 -4.8200000E+02  0.0000000E+00  3.0712353E+03  5.6460760E+02  0.0000000E+00  2.2852961E+04  4.6255493E+02  1.9226502E+01  0.0000000E+00  2.0346020E+04  0.0000000E+00  0.0000000E+00  1.2075351E+04  2.2228928E-03
     1.5860000E+03    195.1050172  2.0742852E+07 -5.3400000E+02  0.0000000E+00  3.4029489E+03  5.0884045E+02  0.0000000E+00  2.2490275E+04  4.6211862E+02  1.9225726E+01  0.0000000E+00  1.9648740E+04  0.0000000E+00  0.0000000E+00  1.1916323E+04  3.4027963E-04
     1.5870000E+03    195.1045663  2.0742686E+07 -1.6600000E+02  0.0000000E+00  2.8400590E+03  4.6160587E+02  0.0000000E+00  2.2126688E+04  4.6173584E+02  1.9225371E+01  0.0000000E+00  1.9432688E+04  0.0000000E+00  0.0000000E+00  1.1750982E+04  2.5751297E-03
     1.5880000E+03    195.1027225  2.0742010E+07 -6.7600000E+02  0.0000000E+00  3.8338273E+03  4.2109729E+02  0.0000000E+00  2.1765949E+04  4.6128854E+02  1.9224519E+01  0.0000000E+00  1.8549193E+04  0.0000000E+00  0.0000000E+00  1.1581023E+04 -2.1270909E-03
     1.5890000E+03    195.1027359  2.0742016E+07  6.0000000E+00  0.0000000E+00  2.7550358E+03  3.8599414E+02  0.0000000E+00  2.1411486E+04  4.6090881E+02  1.9224325E+01  0.0000000E+00  1.8555615E+04  0.0000000E+00  0.0000000E+00  1.1407946E+04  3.1898755E-03
     1.5900000E+03    195.1019246  2.0741718E+07 -2.9800000E+02  0.0000000E+00  3.0601727E+03  3.5530533E+02  0.0000000E+00  2.1053717E+04  4.6041833E+02  1.9223973E+01  0.0000000E+00  1.8166873E+04  0.0000000E+00  0.0000000E+00  1.1227437E+04  1.5296264E-03
     1.5910000E+03    195.1071907  2.0743650E+07  1.9320000E+03  3.3958447E+03  2.6061205E+03  1.5747942E+03  0.0000000E+00  2.0737350E+04  4.6018210E+02  1.9226177E+01  0.0000000E+00  2.0690260E+04  0.0000000E+00  0.0000000E+00  1.1057055E+04  7.7492936E-04
     1.5920000E+03    195.1045370  2.0742676E+07 -9.7400000E+02  0.0000000E+00  2.2160616E+03  7.0685791E+02  0.0000000E+00  2.0433346E+04  4.5994891E+02  1.9225595E+01  0.0000000E+00  1.9418654E+04  0.0000000E+00  0.0000000E+00  1.0886257E+04  1.4131389E-03
     1.5930000E+03    195.1027780  2.0742030E+07 -6.4600000E+02  0.0000000E+00  2.4178537E+03  6.0716394E+02  0.0000000E+00  2.0125072E+04  4.5974380E+02  1.9224540E+01  0.0000000E+00  1.8575799E+04  0.0000000E+00  0.0000000E+00  1.0708830E+04 -4.3955866E-01
     1.5940000E+03    195.1011979  2.0741450E+07 -5.8000000E+02  0.0000000E+00  2.7033109E+03  5.3048987E+02  0.0000000E+00  1.9819600E+04  4.5918564E+02  1.9223661E+01  0.0000000E+00  1.7818648E+04  0.0000000E+00  0.0000000E+00  1.0529608E+04 -3.3465743E-01
     1.5950000E+03    195.0998773  2.0740966E+07 -4.8400000E+02  0.0000000E+00  2.8265543E+03  4.6973813E+02  0.0000000E+00  1.9535887E+04  4.5853699E+02  1.9222914E+01  0.0000000E+00  1.7185852E+04  0.0000000E+00  0.0000000E+00  1.0354127E+04 -2.6403673E-03
     1.5960000E+03    195.0990683  2.0740670E+07 -2.9600000E+02  0.0000000E+00  2.7604449E+03  4.2042465E+02  0.0000000E+00  1.9250160E+04  4.5827127E+02  1.9222418E+01  0.0000000E+00  1.6798168E+04  0.0000000E+00  0.0000000E+00  1.0196885E+04 -3.4699073E-01
     1.5970000E+03    195.0974730  2.0740084E+07 -5.8600000E+02  0.0000000E+00  3.4277716E+03  3.7959131E+02  0.0000000E+00  1.8973562E+04  4.5770557E+02  1.9221636E+01  0.0000000E+00  1.6033769E+04  0.0000000E+00  0.0000000E+00  1.0111462E+04  3.4481087E-03
     1.5980000E+03    195.0962670  2.0739642E+07 -4.4200000E+02  0.0000000E+00  3.5490771E+03  3.4521509E+02  0.0000000E+00  1.8693689E+04  4.5729120E+02  1.9220937E+01  0.0000000E+00  1.5455842E+04  0.0000000E+00  0.0000000E+00  1.0025259E+04 -2.7069044E-03
     1.5990000E+03    195.0950190  2.0739184E+07 -4.5800000E+02  0.0000000E+00  3.8568098E+03  3.1586945E+02  0.0000000E+00  1.8417035E+04  4.5689481E+02  1.9220262E+01  0.0000000E+00  1.4857858E+04  0.0000000E+00  0.0000000E+00  9.9399062E+03  6.3099951E-04
     1.6000000E+03    195.0939359  2.0738786E+07 -3.9800000E+02  0.0000000E+00  4.0188448E+03  2.9052097E+02  0.0000000E+00  1.8145527E+04  4.5649933E+02  1.9219655E+01  0.0000000E+00  1.4338869E+04  0.0000000E+00  0.0000000E+00  9.8558184E+03  3.2770846E-03
     1.6010000E+03    195.0933436  2.0738568E+07 -2.1800000E+02  0.0000000E+00  3.8369845E+03  2.6840311E+02  0.0000000E+00  1.7881395E+04  4.5607617E+02  1.9219279E+01  0.0000000E+00  1.4055024E+04  0.0000000E+00  0.0000000E+00  9.7735625E+03  2.6796937E-03
     1.6020000E+03    195.0930061  2.0738446E+07 -1.2200000E+02  0.0000000E+00  3.6220424E+03  2.4893573E+02  0.0000000E+00  1.7617320E+04  4.5561182E+02  1.9219068E+01  0.0000000E+00  1.3893310E+04  0.0000000E+00  0.0000000E+00  9.6908604E+03 -1.0715479E-02
     1.6030000E+03    195.1165800  2.0747094E+07  8.6480000E+03  1.0390026E+04  9.1290787E+02  7.3898862E+03  0.0000000E+00  1.7446969E+04  4.5574112E+02  1.9229294E+01  0.0000000E+00  2.5189383E+04  0.0000000E+00  0.0000000E+00  9.6357705E+03  4.5963214E-03
     1.6040000E+03    195.1041437  2.0742532E+07 -4.5620000E+03  0.0000000E+00  3.3351137E+03  1.1826968E+03  0.0000000E+00  1.7293984E+04  4.5516321E+02  1.9226446E+01  0.0000000E+00  1.9230213E+04  0.0000000E+00  0.0000000E+00  9.5862031E+03 -4.4929208E-03
     1.6050000E+03    195.0982082  2.0740354E+07 -2.1780000E+03  0.0000000E+00  3.3988640E+03  9.4018512E+02  0.0000000E+00  1.7140736E+04  4.5459875E+02  1.9222508E+01  0.0000000E+00  1.6386055E+04  0.0000000E+00  0.0000000E+00  9.5369268E+03  8.9660374E-04
     1.6060000E+03    195.0951252  2.0739222E+07 -1.1320000E+03  8.1456564E+02  4.6687738E+03  1.1174327E+03  0.0000000E+00  1.6987615E+04  4.5411707E+02  1.9220520E+01  0.0000000E+00  1.4908722E+04  0.0000000E+00  0.0000000E+00  9.4878125E+03  3.8866058E-03
     1.6070000E+03    195.0934979  2.0738626E+07 -5.9600000E+02  0.0000000E+00  3.6451531E+03  7.8049329E+02  0.0000000E+00  1.6827145E+04  4.5397589E+02  1.9219476E+01  0.0000000E+00  1.4128964E+04  0.0000000E+00  0.0000000E+00  9.4364668E+03 -2.3934390E-01
     1.6080000E+03    195.0927053  2.0738334E+07 -2.9200000E+02  0.0000000E+00  3.4063483E+03  6.5919281E+02  0.0000000E+00  1.6678006E+04  4.5323434E+02  1.9218954E+01  0.0000000E+00  1.3749185E+04  0.0000000E+00  0.0000000E+00  9.3883984E+03  6.8804831E-03
     1.6090000E+03    195.0917090  2.0737970E+07 -3.6400000E+02  0.0000000E+00  3.7156330E+03  5.6853198E+02  0.0000000E+00  1.6525352E+04  4.5289499E+02  1.9218434E+01  0.0000000E+00  1.3271775E+04  0.0000000E+00  0.0000000E+00  9.3390381E+03 -9.3855485E-03
     1.6100000E+03    195.0907279  2.0737610E+07 -3.6000000E+02  0.0000000E+00  3.9572226E+03  4.9835971E+02  0.0000000E+00  1.6372221E+04  4.5248196E+02  1.9217898E+01  0.0000000E+00  1.2801657E+04  0.0000000E+00  0.0000000E+00  9.2893525E+03  0.0000000E+00
     1.6110000E+03    195.0891278  2.0737022E+07 -5.8800000E+02  0.0000000E+00  4.7433531E+03  4.4248721E+02  0.0000000E+00  1.6219986E+04  4.5204929E+02  1.9217095E+01  0.0000000E+00  1.2034910E+04  0.0000000E+00  0.0000000E+00  9.2398594E+03  5.4688994E-03
     1.6120000E+03    195.0880264  2.0736618E+07 -4.0400000E+02  0.0000000E+00  4.8914398E+03  3.9695654E+02  0.0000000E+00  1.6068419E+04  4.5162628E+02  1.9216441E+01  0.0000000E+00  1.1507182E+04  0.0000000E+00  0.0000000E+00  9.1904639E+03 -5.3258211E-04
     1.6130000E+03    195.0866748  2.0736122E+07 -4.9600000E+02  0.0000000E+00  5.3578039E+03  3.5913287E+02  0.0000000E+00  1.5917505E+04  4.5119861E+02  1.9215733E+01  0.0000000E+00  1.0944343E+04  0.0000000E+00  0.0000000E+00  9.1411055E+03  4.5996817E-04
     1.6140000E+03    195.0842118  2.0735218E+07 -9.0400000E+02  0.0000000E+00  6.1265208E+03  3.2720166E+02  0.0000000E+00  1.5767267E+04  4.5071481E+02  1.9214514E+01  0.0000000E+00  1.0401665E+04  0.0000000E+00  0.0000000E+00  9.0917344E+03  2.0797343E-03
     1.6150000E+03    195.0836697  2.0735020E+07 -1.9800000E+02  0.0000000E+00  5.3855384E+03  2.9987653E+02  0.0000000E+00  1.5612885E+04  4.5047241E+02  1.9214009E+01  0.0000000E+00  1.0282229E+04  0.0000000E+00  0.0000000E+00  9.0408506E+03 -1.6540037E-01
     1.6160000E+03    195.0842465  2.0735232E+07  2.1200000E+02  0.0000000E+00  4.6499066E+03  2.7622141E+02  0.0000000E+00  1.5463885E+04  4.4998492E+02  1.9214202E+01  0.0000000E+00  1.0409313E+04  0.0000000E+00  0.0000000E+00  8.9912402E+03 -1.9853741E-03
     1.6170000E+03    195.0897117  2.0737236E+07  2.0040000E+03  3.3145056E+03  5.3318875E+03  1.4763335E+03  0.0000000E+00  1.5329969E+04  4.4969650E+02  1.9216644E+01  0.0000000E+00  1.2314736E+04  0.0000000E+00  0.0000000E+00  8.9459922E+03  6.3192509E-03
     1.6180000E+03    195.0886202  2.0736836E+07 -4.0000000E+02  0.0000000E+00  3.9677394E+03  6.2894720E+02  0.0000000E+00  1.5198479E+04  4.4930173E+02  1.9216763E+01  0.0000000E+00  1.1791688E+04  0.0000000E+00  0.0000000E+00  8.9012109E+03 -3.2074780E-03
     1.6190000E+03    195.1001171  2.0741054E+07  4.2180000E+03  6.1708816E+03  3.1863596E+03  3.8826638E+03  0.0000000E+00  1.5120271E+04  4.4912912E+02  1.9221650E+01  0.0000000E+00  1.7300736E+04  0.0000000E+00  0.0000000E+00  8.8734824E+03  1.4741259E-03
     1.6200000E+03    195.0924850  2.0738254E+07 -2.8000000E+03  0.0000000E+00  4.9589986E+03  1.2185812E+03  0.0000000E+00  1.5051544E+04  4.4862823E+02  1.9219578E+01  0.0000000E+00  1.3643604E+04  0.0000000E+00  0.0000000E+00  8.8491582E+03 -1.7001107E-03
     1.6210000E+03    195.0888838  2.0736932E+07 -1.3220000E+03  0.0000000E+00  4.8737830E+03  9.5943164E+02  0.0000000E+00  1.4978410E+04  4.4813098E+02  1.9217180E+01  0.0000000E+00  1.1918020E+04  0.0000000E+00  0.0000000E+00  8.8237734E+03  4.0060272E-03
     1.6220000E+03    195.0869059  2.0736206E+07 -7.2600000E+02  0.0000000E+00  4.9465330E+03  7.8488263E+02  0.0000000E+00  1.4898126E+04  4.4767102E+02  1.9215927E+01  0.0000000E+00  1.0995262E+04  0.0000000E+00  0.0000000E+00  8.7961748E+03  1.9937521E-03
     1.6230000E+03    195.0835605  2.0734980E+07 -1.2260000E+03  0.0000000E+00  5.9735998E+03  6.6054340E+02  0.0000000E+00  1.4810221E+04  4.4722897E+02  1.9214255E+01  0.0000000E+00  1.0258177E+04  0.0000000E+00  0.0000000E+00  8.7659561E+03 -8.7256674E-03
     1.6240000E+03    195.0808990  2.0734002E+07 -9.7800000E+02  0.0000000E+00  6.1229068E+03  5.6799298E+02  0.0000000E+00  1.4716089E+04  4.4677408E+02  1.9212732E+01  0.0000000E+00  9.6717520E+03  0.0000000E+00  0.0000000E+00  8.7335410E+03  8.8343564E-03
     1.6250000E+03    195.0776744  2.0732820E+07 -1.1820000E+03  0.0000000E+00  6.8705328E+03  4.9663657E+02  0.0000000E+00  1.4617527E+04  4.4630820E+02  1.9211039E+01  0.0000000E+00  8.9612676E+03  0.0000000E+00  0.0000000E+00  8.6995312E+03 -7.0887329E-03
     1.6260000E+03    195.0756693  2.0732084E+07 -7.3600000E+02  0.0000000E+00  6.7070573E+03  4.4002219E+02  0.0000000E+00  1.4516004E+04  4.4582269E+02  1.9209815E+01  0.0000000E+00  8.5194863E+03  0.0000000E+00  0.0000000E+00  8.6643574E+03  2.8690253E-03
     1.6270000E+03    195.0746435  2.0731708E+07 -3.7600000E+02  0.0000000E+00  6.4219222E+03  3.9403256E+02  0.0000000E+00  1.4409661E+04  4.4546756E+02  1.9209150E+01  0.0000000E+00  8.2934727E+03  0.0000000E+00  0.0000000E+00  8.6274004E+03 -2.4960767E-03
     1.6280000E+03    195.0739912  2.0731468E+07 -2.4000000E+02  0.0000000E+00  6.2812447E+03  3.5593466E+02  0.0000000E+00  1.4299987E+04  4.4505200E+02  1.9208755E+01  0.0000000E+00  8.1497422E+03  0.0000000E+00  0.0000000E+00  8.5889775E+03  4.5237793E-03
     1.6290000E+03    195.0739782  2.0731464E+07 -4.0000000E+00  0.0000000E+00  5.9045161E+03  3.2385190E+02  0.0000000E+00  1.4186716E+04  4.4468594E+02  1.9208678E+01  0.0000000E+00  8.1468896E+03  0.0000000E+00  0.0000000E+00  8.5489736E+03 -5.0525884E-03
     1.6300000E+03    195.0734219  2.0731260E+07 -2.0400000E+02  0.0000000E+00  6.0832428E+03  2.9645749E+02  0.0000000E+00  1.4070457E+04  4.4429163E+02  1.9208434E+01  0.0000000E+00  8.0243071E+03  0.0000000E+00  0.0000000E+00  8.5076152E+03 -9.3158823E-04
     1.6310000E+03    195.0784174  2.0733092E+07  1.8320000E+03  3.1767261E+03  7.1292292E+03  1.4081434E+03  0.0000000E+00  1.3965490E+04  4.4399728E+02  1.9210549E+01  0.0000000E+00  9.1249844E+03  0.0000000E+00  0.0000000E+00  8.4697568E+03  5.0538103E-03
     1.6320000E+03    195.0764871  2.0732384E+07 -7.0800000E+02  1.3740983E+02  6.2472443E+03  7.0104388E+02  0.0000000E+00  1.3862999E+04  4.4358469E+02  1.9210252E+01  0.0000000E+00  8.6996748E+03  0.0000000E+00  0.0000000E+00  8.4325547E+03 -1.6920638E-03
     1.6330000E+03    195.0754221  2.0731994E+07 -3.9000000E+02  0.0000000E+00  5.7864754E+03  5.6345306E+02  0.0000000E+00  1.3759658E+04  4.4316583E+02  1.9209578E+01  0.0000000E+00  8.4650176E+03  0.0000000E+00  0.0000000E+00  8.3949629E+03 -5.1503279E-03
     1.6340000E+03    195.0741543  2.0731528E+07 -4.6600000E+02  0.0000000E+00  5.9631435E+03  4.8580005E+02  0.0000000E+00  1.3659873E+04  4.4272455E+02  1.9208910E+01  0.0000000E+00  8.1856807E+03  0.0000000E+00  0.0000000E+00  8.3585088E+03  6.2627760E-03
     1.6350000E+03    195.0732807  2.0731208E+07 -3.2000000E+02  0.0000000E+00  5.8502935E+03  4.2563080E+02  0.0000000E+00  1.3558982E+04  4.4235516E+02  1.9208392E+01  0.0000000E+00  7.9932021E+03  0.0000000E+00  0.0000000E+00  8.3216719E+03 -3.1129722E-03
     1.6360000E+03    195.0704989  2.0730186E+07 -1.0220000E+03  0.0000000E+00  7.0092114E+03  3.7773297E+02  0.0000000E+00  1.3452275E+04  4.4197113E+02  1.9207086E+01  0.0000000E+00  7.3802847E+03  0.0000000E+00  0.0000000E+00  8.2825713E+03  8.9892279E-03
     1.6370000E+03    195.0690957  2.0729672E+07 -5.1400000E+02  0.0000000E+00  6.6650135E+03  3.3874191E+02  0.0000000E+00  1.3343334E+04  4.4155209E+02  1.9206172E+01  0.0000000E+00  7.0711313E+03  0.0000000E+00  0.0000000E+00  8.2424707E+03 -5.8262595E-03
     1.6380000E+03    195.0672607  2.0728998E+07 -6.7400000E+02  0.0000000E+00  7.0851361E+03  3.0640118E+02  0.0000000E+00  1.3232584E+04  4.4112827E+02  1.9205221E+01  0.0000000E+00  6.6668096E+03  0.0000000E+00  0.0000000E+00  8.2015586E+03  4.9679200E-03
     1.6390000E+03    195.0650499  2.0728188E+07 -8.1000000E+02  0.0000000E+00  7.5711713E+03  2.7914792E+02  0.0000000E+00  1.3120511E+04  4.4070148E+02  1.9204058E+01  0.0000000E+00  6.1797051E+03  0.0000000E+00  0.0000000E+00  8.1599819E+03 -7.9096518E-03
     1.6400000E+03    195.0640553  2.0727822E+07 -3.6600000E+02  0.0000000E+00  7.2096473E+03  2.5586909E+02  0.0000000E+00  1.3008906E+04  4.4026193E+02  1.9203385E+01  0.0000000E+00  5.9605708E+03  0.0000000E+00  0.0000000E+00  8.1184297E+03  8.0104349E-03
     1.6410000E+03    195.0607185  2.0726598E+07 -1.2240000E+03  0.0000000E+00  8.6721994E+03  2.3575281E+02  0.0000000E+00  1.2896553E+04  4.3985504E+02  1.9201824E+01  0.0000000E+00  5.2253657E+03  0.0000000E+00  0.0000000E+00  8.0763262E+03 -2.2039046E-03
     1.6420000E+03    195.0645581  2.0728008E+07  1.4100000E+03  2.2165364E+03  7.9439077E+03  8.7642224E+02  0.0000000E+00  1.2789801E+04  4.3952634E+02  1.9203132E+01  0.0000000E+00  6.0713374E+03  0.0000000E+00  0.0000000E+00  8.0359253E+03 -7.6488201E-03
     1.6430000E+03    195.0681693  2.0729332E+07  1.3240000E+03  2.3540136E+03  7.8458459E+03  1.4471996E+03  0.0000000E+00  1.2695053E+04  4.3922110E+02  1.9205122E+01  0.0000000E+00  6.8669971E+03  0.0000000E+00  0.0000000E+00  7.9995688E+03  6.0442183E-03
     1.6440000E+03    195.0670262  2.0728912E+07 -4.2000000E+02  0.0000000E+00  6.6676285E+03  7.1736163E+02  0.0000000E+00  1.2604023E+04  4.3881808E+02  1.9205018E+01  0.0000000E+00  6.6151431E+03  0.0000000E+00  0.0000000E+00  7.9644360E+03  4.2926464E-03
     1.6450000E+03    195.0645030  2.0727986E+07 -9.2600000E+02  0.0000000E+00  7.5160587E+03  5.9395276E+02  0.0000000E+00  1.2513095E+04  4.3837427E+02  1.9203795E+01  0.0000000E+00  6.0592051E+03  0.0000000E+00  0.0000000E+00  7.9292554E+03  1.4683746E-03
     1.6460000E+03    195.0739667  2.0731460E+07  3.4740000E+03  4.9567546E+03  8.4063084E+03  3.0758186E+03  0.0000000E+00  1.2447837E+04  4.3816129E+02  1.9207640E+01  0.0000000E+00  8.1443594E+03  0.0000000E+00  0.0000000E+00  7.9031353E+03 -7.9344111E-03
     1.6470000E+03    195.0687757  2.0729554E+07 -1.9060000E+03  3.6121565E+02  8.4481333E+03  1.2504026E+03  0.0000000E+00  1.2389397E+04  4.3770352E+02  1.9206410E+01  0.0000000E+00  7.0006201E+03  0.0000000E+00  0.0000000E+00  7.8795127E+03  8.5096462E-03
     1.6480000E+03    195.0653144  2.0728284E+07 -1.2700000E+03  0.0000000E+00  7.8140546E+03  9.0968970E+02  0.0000000E+00  1.2328754E+04  4.3722714E+02  1.9204338E+01  0.0000000E+00  6.2379761E+03  0.0000000E+00  0.0000000E+00  7.8552490E+03 -1.2788874E-04
     1.6490000E+03    195.0629864  2.0727430E+07 -8.5400000E+02  0.0000000E+00  7.6754793E+03  7.3931732E+02  0.0000000E+00  1.2263062E+04  4.3678317E+02  1.9202948E+01  0.0000000E+00  5.7250610E+03  0.0000000E+00  0.0000000E+00  7.8291875E+03 -1.0712460E-03
     1.6500000E+03    195.0791276  2.0733352E+07  5.9220000E+03  6.1962570E+03  6.9722717E+03  4.2158398E+03  0.0000000E+00  1.2219975E+04  4.3670883E+02  1.9209722E+01  0.0000000E+00  9.2814658E+03  0.0000000E+00  0.0000000E+00  7.8112026E+03  1.8381687E-03
     1.6510000E+03    195.0725517  2.0730940E+07 -2.4120000E+03  0.0000000E+00  7.6031704E+03  1.2989037E+03  0.0000000E+00  1.2179501E+04  4.3624222E+02  1.9208616E+01  0.0000000E+00  7.8325820E+03  0.0000000E+00  0.0000000E+00  7.7942109E+03 -5.0268574E-03
     1.6520000E+03    195.0664793  2.0728712E+07 -2.2280000E+03  0.0000000E+00  8.4268912E+03  1.0139518E+03  0.0000000E+00  1.2134450E+04  4.3570981E+02  1.9205257E+01  0.0000000E+00  6.4946426E+03  0.0000000E+00  0.0000000E+00  7.7757896E+03 -3.0484932E-04
     1.6530000E+03    195.0601157  2.0726378E+07 -2.3340000E+03  0.0000000E+00  9.6947918E+03  8.2450397E+02  0.0000000E+00  1.2082313E+04  4.3518155E+02  1.9201825E+01  0.0000000E+00  5.0925391E+03  0.0000000E+00  0.0000000E+00  7.7548696E+03 -5.8881887E-03
     1.6540000E+03    195.0586681  2.0725846E+07 -5.3200000E+02  0.0000000E+00  8.0327100E+03  6.9080334E+02  0.0000000E+00  1.2038365E+04  4.3478555E+02  1.9200502E+01  0.0000000E+00  4.7735977E+03  0.0000000E+00  0.0000000E+00  7.7361611E+03  6.6060121E-03
     1.6550000E+03    195.0560673  2.0724892E+07 -9.5400000E+02  0.0000000E+00  8.8645262E+03  5.9196332E+02  0.0000000E+00  1.1972427E+04  4.3436765E+02  1.9199213E+01  0.0000000E+00  4.2005620E+03  0.0000000E+00  0.0000000E+00  7.7112437E+03 -1.9576538E-03
     1.6560000E+03    195.0565704  2.0725076E+07  1.8400000E+02  0.0000000E+00  7.4759517E+03  5.1614691E+02  0.0000000E+00  1.1909046E+04  4.3404669E+02  1.9199149E+01  0.0000000E+00  4.3114062E+03  0.0000000E+00  0.0000000E+00  7.6861812E+03  4.7393003E-03
     1.6570000E+03    195.0591840  2.0726036E+07  9.6000000E+02  1.4630457E+03  7.9107384E+03  8.9350140E+02  0.0000000E+00  1.1834240E+04  4.3372714E+02  1.9200341E+01  0.0000000E+00  4.8872715E+03  0.0000000E+00  0.0000000E+00  7.6562036E+03 -1.4199628E-01
     1.6580000E+03    195.0609437  2.0726680E+07  6.4400000E+02  0.0000000E+00  5.9677406E+03  5.8251636E+02  0.0000000E+00  1.1758510E+04  4.3346545E+02  1.9201392E+01  0.0000000E+00  5.2749790E+03  0.0000000E+00  0.0000000E+00  7.6256787E+03  1.3286159E-02
     1.6590000E+03    195.0588202  2.0725902E+07 -7.7800000E+02  0.0000000E+00  7.7056933E+03  5.0695551E+02  0.0000000E+00  1.1678983E+04  4.3305383E+02  1.9200659E+01  0.0000000E+00  4.8071133E+03  0.0000000E+00  0.0000000E+00  7.5933140E+03 -8.6545702E-03
     1.6600000E+03    195.0583964  2.0725746E+07 -1.5600000E+02  0.0000000E+00  7.0327569E+03  4.4743680E+02  0.0000000E+00  1.1595309E+04  4.3266125E+02  1.9200243E+01  0.0000000E+00  4.7137310E+03  0.0000000E+00  0.0000000E+00  7.5591958E+03  3.2503118E-03
     1.6610000E+03    195.0550563  2.0724520E+07 -1.2260000E+03  0.0000000E+00  8.7052383E+03  3.9937820E+02  0.0000000E+00  1.1509533E+04  4.3217661E+02  1.9198743E+01  0.0000000E+00  3.9778110E+03  0.0000000E+00  0.0000000E+00  7.5240396E+03  3.6952628E-03
     1.6620000E+03    195.0508268  2.0722968E+07 -1.5520000E+03  0.0000000E+00  9.8351969E+03  3.5976990E+02  0.0000000E+00  1.1420420E+04  4.3175629E+02  1.9196538E+01  0.0000000E+00  3.0459133E+03  0.0000000E+00  0.0000000E+00  7.4874707E+03  9.5223921E-04
     1.6630000E+03    195.0484791  2.0722108E+07 -8.6000000E+02  0.0000000E+00  9.5382676E+03  3.2656216E+02  0.0000000E+00  1.1329501E+04  4.3133298E+02  1.9195056E+01  0.0000000E+00  2.5286289E+03  0.0000000E+00  0.0000000E+00  7.4499351E+03 -1.0875464E-02
     1.6640000E+03    195.0443771  2.0720602E+07 -1.5060000E+03  0.0000000E+00  1.0965464E+04  2.9831601E+02  0.0000000E+00  1.1236995E+04  4.3086932E+02  1.9193014E+01  0.0000000E+00  1.6248419E+03  0.0000000E+00  0.0000000E+00  7.4115952E+03  7.2341468E-03
     1.6650000E+03    195.0402943  2.0719104E+07 -1.4980000E+03  0.0000000E+00  1.1740532E+04  2.7399380E+02  0.0000000E+00  1.1143373E+04  4.3039993E+02  1.9190791E+01  0.0000000E+00  7.2527527E+02  0.0000000E+00  0.0000000E+00  7.3726650E+03 -2.4195923E-04
     1.6660000E+03    195.0408866  2.0719322E+07  2.1800000E+02  0.0000000E+00  9.7795170E+03  2.5282941E+02  0.0000000E+00  1.1048998E+04  4.3002386E+02  1.9190604E+01  0.0000000E+00  8.5578046E+02  0.0000000E+00  0.0000000E+00  7.3333257E+03 -6.0485243E-03
     1.6670000E+03    195.0415020  2.0719548E+07  2.2600000E+02  0.0000000E+00  9.5233527E+03  2.3424554E+02  0.0000000E+00  1.0955127E+04  4.2967282E+02  1.9190936E+01  0.0000000E+00  9.9136298E+02  0.0000000E+00  0.0000000E+00  7.2941035E+03 -1.8589767E-03
     1.6680000E+03    195.0432860  2.0720202E+07  6.5400000E+02  0.0000000E+00  8.6201020E+03  2.1779892E+02  0.0000000E+00  1.0856781E+04  4.2928223E+02  1.9191780E+01  0.0000000E+00  1.3844327E+03  0.0000000E+00  0.0000000E+00  7.2528960E+03 -2.9281232E-01
     1.6690000E+03    195.0433590  2.0720228E+07  2.6000000E+01  0.0000000E+00  9.0927083E+03  2.0314345E+02  0.0000000E+00  1.0765042E+04  4.2898505E+02  1.9192006E+01  0.0000000E+00  1.4005164E+03  0.0000000E+00  0.0000000E+00  7.2141245E+03  7.1406807E-03
     1.6700000E+03    195.0415903  2.0719580E+07 -6.4800000E+02  0.0000000E+00  1.0054051E+04  1.9000485E+02  0.0000000E+00  1.0673674E+04  4.2857932E+02  1.9191244E+01  0.0000000E+00  1.0108155E+03  0.0000000E+00  0.0000000E+00  7.1752900E+03 -8.3213588E-03
     1.6710000E+03    195.0371847  2.0717964E+07 -1.6160000E+03  0.0000000E+00  1.1890022E+04  1.7816309E+02  0.0000000E+00  1.0582821E+04  4.2811038E+02  1.9189133E+01  0.0000000E+00  4.0128208E+01  0.0000000E+00  0.0000000E+00  7.1365054E+03 -3.7555699E-03
     1.6720000E+03    195.0329122  2.0716396E+07 -1.5680000E+03  0.0000000E+00  1.1780536E+04  1.6743930E+02  0.0000000E+00  1.0492288E+04  4.2764182E+02  1.9186794E+01  0.0000000E+00  0.0000000E+00  0.0000000E+00  0.0000000E+00  7.0977524E+03  2.9710513E-03
     1.6730000E+03    195.0274517  2.0714392E+07 -2.0040000E+03  0.0000000E+00  1.2117259E+04  1.5768642E+02  0.0000000E+00  1.0402378E+04  4.2715820E+02  1.9183952E+01  0.0000000E+00  0.0000000E+00  0.0000000E+00  0.0000000E+00  7.0591318E+03  3.6921517E-03
     1.6740000E+03    195.0333636  2.0716562E+07  2.1700000E+03  0.0000000E+00  7.8460787E+03  1.4878239E+02  0.0000000E+00  1.0312479E+04  4.2681848E+02  1.9185931E+01  0.0000000E+00  0.0000000E+00  0.0000000E+00  0.0000000E+00  7.0204341E+03 -7.8601008E-03
     1.6750000E+03    195.0355582  2.0717366E+07  8.0400000E+02  0.0000000E+00  9.1176906E+03  1.4062497E+02  0.0000000E+00  1.0229047E+04  4.2757898E+02  1.9187530E+01  0.0000000E+00  0.0000000E+00  0.0000000E+00  0.0000000E+00  6.9847051E+03  1.1715353E-02
     1.6760000E+03    195.0360015  2.0717530E+07  1.6400000E+02  0.0000000E+00  9.6687832E+03  1.3312779E+02  0.0000000E+00  1.0143790E+04  4.2627658E+02  1.9187962E+01  0.0000000E+00  0.0000000E+00  0.0000000E+00  0.0000000E+00  6.9475488E+03 -1.2932881E-02
     1.6770000E+03    195.0372069  2.0717972E+07  4.4200000E+02  0.0000000E+00  9.2529430E+03  1.2621741E+02  0.0000000E+00  1.0059138E+04  4.2593668E+02  1.9188535E+01  0.0000000E+00  4.5023277E+01  0.0000000E+00  0.0000000E+00  6.9105938E+03  2.5887352E-03
     1.6780000E+03    195.0394883  2.0718808E+07  8.3600000E+02  0.0000000E+00  8.2785270E+03  1.1983089E+02  0.0000000E+00  9.9911201E+03  4.2829776E+02  1.9189659E+01  0.0000000E+00  5.4768744E+02  0.0000000E+00  0.0000000E+00  6.8811641E+03  1.2353174E-02
     1.6790000E+03    195.0434301  2.0720254E+07  1.4460000E+03  0.0000000E+00  6.7172019E+03  1.1394382E+02  0.0000000E+00  9.9105674E+03  4.2562924E+02  1.9191624E+01  0.0000000E+00  1.4161870E+03  0.0000000E+00  0.0000000E+00  6.8456724E+03  3.0101999E-03
     1.6800000E+03    195.0451926  2.0720902E+07  6.4800000E+02  0.0000000E+00  7.0431170E+03  1.0847772E+02  0.0000000E+00  9.8301953E+03  4.2513107E+02  1.9192820E+01  0.0000000E+00  1.8045291E+03  0.0000000E+00  0.0000000E+00  6.8101113E+03 -1.3048775E-02
     1.6810000E+03    195.0468868  2.0721524E+07  6.2200000E+02  0.0000000E+00  6.6162956E+03  1.0339172E+02  0.0000000E+00  9.7573340E+03  4.2577924E+02  1.9193749E+01  0.0000000E+00  2.1778064E+03  0.0000000E+00  0.0000000E+00  6.7781416E+03 -3.5355696E-03
     1.6820000E+03    195.0479930  2.0721930E+07  4.0600000E+02  0.0000000E+00  6.5137136E+03  9.8650070E+01  0.0000000E+00  9.6869775E+03  4.2527670E+02  1.9194415E+01  0.0000000E+00  2.4215369E+03  0.0000000E+00  0.0000000E+00  6.7470063E+03 -9.5803768E-04
     1.6830000E+03    195.0476053  2.0721786E+07 -1.4400000E+02  0.0000000E+00  7.0688687E+03  9.4221306E+01  0.0000000E+00  9.6119229E+03  4.2422699E+02  1.9194367E+01  0.0000000E+00  2.3361138E+03  0.0000000E+00  0.0000000E+00  6.7132578E+03  1.7680135E-02
     1.6840000E+03    195.0429080  2.0720064E+07 -1.7220000E+03  0.0000000E+00  9.6066815E+03  9.0077606E+01  0.0000000E+00  9.5372002E+03  4.2379803E+02  1.9192280E+01  0.0000000E+00  1.3011570E+03  0.0000000E+00  0.0000000E+00  6.6796753E+03 -1.3670877E-02
     1.6850000E+03    195.0412335  2.0719448E+07 -6.1600000E+02  0.0000000E+00  8.7888766E+03  8.6194359E+01  0.0000000E+00  9.4629805E+03  4.2339105E+02  1.9191040E+01  0.0000000E+00  9.3220911E+02  0.0000000E+00  0.0000000E+00  6.6462920E+03  1.4825710E-02
     1.6860000E+03    195.0407217  2.0719262E+07 -1.8600000E+02  0.0000000E+00  8.3984120E+03  8.2549652E+01  0.0000000E+00  9.3896895E+03  4.2300906E+02  1.9190634E+01  0.0000000E+00  8.1944220E+02  0.0000000E+00  0.0000000E+00  6.6132520E+03 -1.8783053E-02
     1.6870000E+03    195.0420736  2.0719758E+07  4.9600000E+02  0.0000000E+00  7.3413079E+03  7.9123871E+01  0.0000000E+00  9.3171826E+03  4.2266864E+02  1.9191167E+01  0.0000000E+00  1.1172976E+03  0.0000000E+00  0.0000000E+00  6.5804878E+03 -1.6940666E-03
     1.6880000E+03    195.0433791  2.0720236E+07  4.7800000E+02  0.0000000E+00  7.0586628E+03  7.5899529E+01  0.0000000E+00  9.2357939E+03  4.2226584E+02  1.9191883E+01  0.0000000E+00  1.4049492E+03  0.0000000E+00  0.0000000E+00  6.5438252E+03 -7.6650935E-01
     1.6890000E+03    195.0442881  2.0720570E+07  3.3400000E+02  0.0000000E+00  6.8613639E+03  7.2888535E+01  0.0000000E+00  9.1684316E+03  4.2199646E+02  1.9192421E+01  0.0000000E+00  1.6052378E+03  0.0000000E+00  0.0000000E+00  6.5130835E+03 -5.0828946E-03
     1.6900000E+03    195.0453874  2.0720974E+07  4.0400000E+02  0.0000000E+00  6.4799195E+03  7.0047585E+01  0.0000000E+00  9.1013848E+03  4.2166031E+02  1.9192998E+01  0.0000000E+00  1.8474342E+03  0.0000000E+00  0.0000000E+00  6.4822290E+03 -8.4437635E-03
     1.6910000E+03    195.0448405  2.0720772E+07 -2.0200000E+02  0.0000000E+00  7.2028336E+03  6.7363960E+01  0.0000000E+00  9.0248291E+03  4.2140051E+02  1.9192880E+01  0.0000000E+00  1.7269371E+03  0.0000000E+00  0.0000000E+00  6.4475371E+03 -8.1289154E-01
     1.6920000E+03    195.0419654  2.0719718E+07 -1.0540000E+03  0.0000000E+00  8.5486374E+03  6.4826111E+01  0.0000000E+00  8.9624365E+03  4.2087256E+02  1.9191568E+01  0.0000000E+00  1.0934707E+03  0.0000000E+00  0.0000000E+00  6.4182725E+03 -9.0176966E-03
     1.6930000E+03    195.0381797  2.0718328E+07 -1.3900000E+03  0.0000000E+00  9.6519550E+03  6.2423592E+01  0.0000000E+00  8.8994502E+03  4.2045541E+02  1.9189607E+01  0.0000000E+00  2.5935855E+02  0.0000000E+00  0.0000000E+00  6.3888521E+03  8.8495733E-03
     1.6940000E+03    195.0394217  2.0718784E+07  4.5600000E+02  0.0000000E+00  7.4661112E+03  6.0146900E+01  0.0000000E+00  8.8371543E+03  4.2007748E+02  1.9189736E+01  0.0000000E+00  5.3301862E+02  0.0000000E+00  0.0000000E+00  6.3597163E+03  3.2631472E-02
     1.6950000E+03    195.0418561  2.0719678E+07  8.9400000E+02  0.0000000E+00  6.4281635E+03  5.7987362E+01  0.0000000E+00  8.7762402E+03  4.1974210E+02  1.9190931E+01  0.0000000E+00  1.0693800E+03  0.0000000E+00  0.0000000E+00  6.3311260E+03  4.2459588E-02
     1.6960000E+03    195.0435703  2.0720306E+07  6.2800000E+02  0.0000000E+00  6.2580844E+03  5.5937065E+01  0.0000000E+00  8.7169092E+03  4.1944843E+02  1.9191942E+01  0.0000000E+00  1.4470854E+03  0.0000000E+00  0.0000000E+00  6.3032319E+03  1.1816246E-02
     1.6970000E+03    195.0432971  2.0720206E+07 -1.0000000E+02  0.0000000E+00  6.9882813E+03  5.4013157E+01  0.0000000E+00  8.6591602E+03  4.1911902E+02  1.9192010E+01  0.0000000E+00  1.3868895E+03  0.0000000E+00  0.0000000E+00  6.2759819E+03 -3.5124631E-03
     1.6980000E+03    195.0430987  2.0720134E+07 -7.2000000E+01  0.0000000E+00  6.9963323E+03  5.2183445E+01  0.0000000E+00  8.5964834E+03  4.1886816E+02  1.9191894E+01  0.0000000E+00  1.3431779E+03  0.0000000E+00  0.0000000E+00  6.2467305E+03 -6.4828098E-01
     1.6990000E+03    195.0423511  2.0719860E+07 -2.7400000E+02  0.0000000E+00  7.2534389E+03  5.0441895E+01  0.0000000E+00  8.5445957E+03  4.1841470E+02  1.9191547E+01  0.0000000E+00  1.1784402E+03  0.0000000E+00  0.0000000E+00  6.2217900E+03 -5.0537563E-03
     1.7000000E+03    195.0476465  2.0721802E+07  1.9420000E+03  6.7653536E+02  4.6058031E+03  1.3689447E+02  0.0000000E+00  8.4887266E+03  4.1807907E+02  1.9193771E+01  0.0000000E+00  2.3451958E+03  0.0000000E+00  0.0000000E+00  6.1943428E+03 -3.0224952E-01
     1.7010000E+03    195.0447867  2.0720752E+07 -1.0500000E+03  0.0000000E+00  7.4262674E+03  8.9778549E+01  0.0000000E+00  8.4392314E+03  4.1776218E+02  1.9193102E+01  0.0000000E+00  1.7150983E+03  0.0000000E+00  0.0000000E+00  6.1715176E+03  7.1878624E-03
     1.7020000E+03    195.0441474  2.0720518E+07 -2.3400000E+02  0.0000000E+00  6.7005315E+03  8.4861687E+01  0.0000000E+00  8.3918477E+03  4.1740466E+02  1.9192513E+01  0.0000000E+00  1.5742219E+03  0.0000000E+00  0.0000000E+00  6.1486885E+03 -7.3651215E-03
     1.7030000E+03    195.0419663  2.0719718E+07 -8.0000000E+02  0.0000000E+00  7.6960516E+03  8.0383835E+01  0.0000000E+00  8.3453057E+03  4.1702383E+02  1.9191493E+01  0.0000000E+00  1.0936604E+03  0.0000000E+00  0.0000000E+00  6.1262773E+03 -2.5827349E-03
     1.7040000E+03    195.0364599  2.0717698E+07 -2.0200000E+03  0.0000000E+00  9.9606889E+03  7.6287376E+01  0.0000000E+00  8.2997686E+03  4.1653348E+02  1.9188859E+01  0.0000000E+00  0.0000000E+00  0.0000000E+00  0.0000000E+00  6.1042847E+03 -3.4097556E-03
     1.7050000E+03    195.0294398  2.0715122E+07 -2.5760000E+03  0.0000000E+00  1.0467946E+04  7.2526009E+01  0.0000000E+00  8.2548506E+03  4.1603723E+02  1.9185203E+01  0.0000000E+00  0.0000000E+00  0.0000000E+00  0.0000000E+00  6.0825713E+03  1.9077739E-03
     1.7060000E+03    195.0243892  2.0713268E+07 -1.8540000E+03  0.0000000E+00  9.6978925E+03  6.9060829E+01  0.0000000E+00  8.2104600E+03  4.1557852E+02  1.9182240E+01  0.0000000E+00  0.0000000E+00  0.0000000E+00  0.0000000E+00  6.0611074E+03  8.5583460E-03
     1.7070000E+03    195.0233214  2.0712876E+07 -3.9200000E+02  0.0000000E+00  8.1898535E+03  6.5858704E+01  0.0000000E+00  8.1665796E+03  4.1516696E+02  1.9181226E+01  0.0000000E+00  0.0000000E+00  0.0000000E+00  0.0000000E+00  6.0398789E+03  2.7402898E-03
     1.7080000E+03    195.0240366  2.0713140E+07  2.6400000E+02  0.0000000E+00  7.4896086E+03  6.2891296E+01  0.0000000E+00  8.1231221E+03  4.1481644E+02  1.9181421E+01  0.0000000E+00  0.0000000E+00  0.0000000E+00  0.0000000E+00  6.0188340E+03 -1.9463219E-02
     1.7090000E+03    195.0245186  2.0713316E+07  1.7600000E+02  0.0000000E+00  7.5299522E+03  6.0134197E+01  0.0000000E+00  8.0803301E+03  4.1448187E+02  1.9181709E+01  0.0000000E+00  0.0000000E+00  0.0000000E+00  0.0000000E+00  5.9980464E+03  1.0424870E-02
     1.7100000E+03    195.0210328  2.0712038E+07 -1.2780000E+03  0.0000000E+00  8.9415738E+03  5.7566261E+01  0.0000000E+00  8.0382783E+03  4.1406671E+02  1.9180244E+01  0.0000000E+00  0.0000000E+00  0.0000000E+00  0.0000000E+00  5.9774834E+03 -1.0416865E-02
     1.7110000E+03    195.0093247  2.0707742E+07 -4.2960000E+03  0.0000000E+00  1.1915229E+04  5.5169121E+01  0.0000000E+00  7.9968760E+03  4.1351718E+02  1.9174767E+01  0.0000000E+00  0.0000000E+00  0.0000000E+00  0.0000000E+00  5.9570591E+03  1.0044074E-03
     1.7120000E+03    194.9972920  2.0703326E+07 -4.4160000E+03  0.0000000E+00  1.1991917E+04  5.2926723E+01  0.0000000E+00  7.9560762E+03  4.1286932E+02  1.9168254E+01  0.0000000E+00  0.0000000E+00  0.0000000E+00  0.0000000E+00  5.9368018E+03  8.4419828E-03
     1.7130000E+03    194.9903187  2.0700768E+07 -2.5580000E+03  0.0000000E+00  1.0093511E+04  5.0824959E+01  0.0000000E+00  7.9156084E+03  4.1235556E+02  1.9163909E+01  0.0000000E+00  0.0000000E+00  0.0000000E+00  0.0000000E+00  5.9167153E+03 -5.6691496E-03
     1.7140000E+03    194.9898951  2.0700612E+07 -1.5600000E+02  0.0000000E+00  7.6486863E+03  4.8851418E+01  0.0000000E+00  7.8755430E+03  4.1195175E+02  1.9162966E+01  0.0000000E+00  0.0000000E+00  0.0000000E+00  0.0000000E+00  5.8968530E+03  7.3425286E-03
     1.7150000E+03    194.9870972  2.0699586E+07 -1.0260000E+03  0.0000000E+00  8.4788020E+03  4.6995106E+01  0.0000000E+00  7.8359531E+03  4.1156512E+02  1.9161702E+01  0.0000000E+00  0.0000000E+00  0.0000000E+00  0.0000000E+00  5.8771602E+03 -6.5217214E-03
     1.7160000E+03    194.9855538  2.0699020E+07 -5.6600000E+02  0.0000000E+00  7.9831181E+03  4.5246269E+01  0.0000000E+00  7.8018594E+03  4.1114709E+02  1.9160725E+01  0.0000000E+00  0.0000000E+00  0.0000000E+00  0.0000000E+00  5.8595801E+03 -3.8187657E-03
     1.7170000E+03    194.9825108  2.0697902E+07 -1.1180000E+03  0.0000000E+00  8.4922834E+03  4.3596207E+01  0.0000000E+00  7.7622119E+03  4.1087781E+02  1.9159232E+01  0.0000000E+00  0.0000000E+00  0.0000000E+00  0.0000000E+00  5.8403306E+03  1.6674956E-02
     1.7180000E+03    194.9768028  2.0695808E+07 -2.0940000E+03  0.0000000E+00  9.4307884E+03  4.2037148E+01  0.0000000E+00  7.7239717E+03  4.1041373E+02  1.9156416E+01  0.0000000E+00  0.0000000E+00  0.0000000E+00  0.0000000E+00  5.8209282E+03 -3.5456051E-03
     1.7190000E+03    194.9748739  2.0695100E+07 -7.0800000E+02  0.0000000E+00  8.0046749E+03  4.0562115E+01  0.0000000E+00  7.6855371E+03  4.0998401E+02  1.9154955E+01  0.0000000E+00  0.0000000E+00  0.0000000E+00  0.0000000E+00  5.8013779E+03  3.3753170E-03
     1.7200000E+03    194.9701020  2.0693350E+07 -1.7500000E+03  0.0000000E+00  9.0085231E+03  3.9164825E+01  0.0000000E+00  7.6472275E+03  4.0958978E+02  1.9152668E+01  0.0000000E+00  0.0000000E+00  0.0000000E+00  0.0000000E+00  5.7817734E+03 -9.2510572E-03
     1.7210000E+03    194.9685251  2.0692772E+07 -5.7800000E+02  0.0000000E+00  7.7973758E+03  3.7839622E+01  0.0000000E+00  7.6092114E+03  4.0912839E+02  1.9151462E+01  0.0000000E+00  0.0000000E+00  0.0000000E+00  0.0000000E+00  5.7622432E+03 -7.3429276E-03
     1.7220000E+03    194.9691628  2.0693006E+07  2.3400000E+02  0.0000000E+00  6.9673394E+03  3.6581383E+01  0.0000000E+00  7.5935596E+03  4.0966913E+02  1.9151568E+01  0.0000000E+00  0.0000000E+00  0.0000000E+00  0.0000000E+00  5.7543384E+03 -2.4317620E-04
     1.7230000E+03    194.9679425  2.0692558E+07 -4.4800000E+02  0.0000000E+00  7.6117188E+03  3.5385456E+01  0.0000000E+00  7.5563857E+03  4.0863596E+02  1.9151106E+01  0.0000000E+00  0.0000000E+00  0.0000000E+00  0.0000000E+00  5.7350630E+03  3.3039968E-03
     1.7240000E+03    194.9654197  2.0691632E+07 -9.2600000E+02  0.0000000E+00  8.0543784E+03  3.4247616E+01  0.0000000E+00  7.5218574E+03  4.0820770E+02  1.9149875E+01  0.0000000E+00  0.0000000E+00  0.0000000E+00  0.0000000E+00  5.7167622E+03  4.3579396E-03
     1.7250000E+03    194.9591769  2.0689342E+07 -2.2900000E+03  0.0000000E+00  9.3891022E+03  3.3164009E+01  0.0000000E+00  7.4834360E+03  4.0821906E+02  1.9146883E+01  0.0000000E+00  0.0000000E+00  0.0000000E+00  0.0000000E+00  5.6972114E+03 -1.0052165E-01
     1.7260000E+03    194.9502012  2.0686048E+07 -3.2940000E+03  0.0000000E+00  1.0345033E+04  3.2131115E+01  0.0000000E+00  7.4460469E+03  4.0729901E+02  1.9142296E+01  0.0000000E+00  0.0000000E+00  0.0000000E+00  0.0000000E+00  5.6776455E+03  6.5321908E-03
     1.7270000E+03    194.9468778  2.0684828E+07 -1.2200000E+03  2.9872221E+02  8.5704024E+03  6.2900269E+01  0.0000000E+00  7.4153379E+03  4.0681863E+02  1.9139872E+01  0.0000000E+00  0.0000000E+00  0.0000000E+00  0.0000000E+00  5.6600469E+03  6.6704494E-03
     1.7280000E+03    194.9584262  2.0689066E+07  4.2380000E+03  1.4614985E+03  4.4765889E+03  3.0157413E+02  0.0000000E+00  7.3766387E+03  4.0671503E+02  1.9144538E+01  0.0000000E+00  0.0000000E+00  0.0000000E+00  0.0000000E+00  5.6415317E+03 -8.0670463E-03
     1.7290000E+03    194.9531390  2.0687126E+07 -1.9400000E+03  0.0000000E+00  9.0153292E+03  1.4901569E+02  0.0000000E+00  7.3518926E+03  4.0638065E+02  1.9143493E+01  0.0000000E+00  0.0000000E+00  0.0000000E+00  0.0000000E+00  5.6271865E+03  5.7926436E-04
     1.7300000E+03    194.9447404  2.0684044E+07 -3.0820000E+03  0.0000000E+00  1.0107080E+04  1.3436832E+02  0.0000000E+00  7.3161875E+03  4.0591608E+02  1.9139261E+01  0.0000000E+00  0.0000000E+00  0.0000000E+00  0.0000000E+00  5.6095464E+03  3.9870534E-03
     1.7310000E+03    194.9335535  2.0679940E+07 -4.1040000E+03  0.0000000E+00  1.1085863E+04  1.2205592E+02  0.0000000E+00  7.2837075E+03  4.0531754E+02  1.9133477E+01  0.0000000E+00  0.0000000E+00  0.0000000E+00  0.0000000E+00  5.5920664E+03 -4.7851102E-03
     1.7320000E+03    194.9194103  2.0674750E+07 -5.1900000E+03  0.0000000E+00  1.2128651E+04  1.1158438E+02  0.0000000E+00  7.2515044E+03  4.0465225E+02  1.9126102E+01  0.0000000E+00  0.0000000E+00  0.0000000E+00  0.0000000E+00  5.5746543E+03  5.2591916E-03
     1.7330000E+03    194.9045485  2.0669298E+07 -5.4520000E+03  0.0000000E+00  1.2351830E+04  1.0258641E+02  0.0000000E+00  7.2193496E+03  4.0396567E+02  1.9118093E+01  0.0000000E+00  0.0000000E+00  0.0000000E+00  0.0000000E+00  5.5572266E+03 -7.6481989E-03
     1.7340000E+03    194.8921433  2.0664746E+07 -4.5520000E+03  0.0000000E+00  1.1410996E+04  9.4783295E+01  0.0000000E+00  7.1870396E+03  4.0336526E+02  1.9111075E+01  0.0000000E+00  0.0000000E+00  0.0000000E+00  0.0000000E+00  5.5397524E+03  2.9585368E-03
     1.7350000E+03    194.8784464  2.0659720E+07 -5.0260000E+03  0.0000000E+00  1.1846724E+04  8.7960289E+01  0.0000000E+00  7.1549707E+03  4.0268750E+02  1.9103761E+01  0.0000000E+00  0.0000000E+00  0.0000000E+00  0.0000000E+00  5.5222891E+03  3.3949008E-03
     1.7360000E+03    194.8664316  2.0655312E+07 -4.4080000E+03  0.0000000E+00  1.1192259E+04  8.1949661E+01  0.0000000E+00  7.1231118E+03  4.0205380E+02  1.9097040E+01  0.0000000E+00  0.0000000E+00  0.0000000E+00  0.0000000E+00  5.5048955E+03 -2.9935762E-03
     1.7370000E+03    194.8516262  2.0649880E+07 -5.4320000E+03  0.0000000E+00  1.2179868E+04  7.6618805E+01  0.0000000E+00  7.0914097E+03  4.0138211E+02  1.9089287E+01  0.0000000E+00  0.0000000E+00  0.0000000E+00  0.0000000E+00  5.4874995E+03 -2.4645915E-03
     1.7380000E+03    194.8409323  2.0645956E+07 -3.9240000E+03  0.0000000E+00  1.0635445E+04  7.1861725E+01  0.0000000E+00  7.0597124E+03  4.0077853E+02  1.9083020E+01  0.0000000E+00  0.0000000E+00  0.0000000E+00  0.0000000E+00  5.4701040E+03  2.4203591E-03
     1.7390000E+03    194.8324576  2.0642846E+07 -3.1100000E+03  0.0000000E+00  9.7852256E+03  6.7592827E+01  0.0000000E+00  7.0277373E+03  4.0051462E+02  1.9078167E+01  0.0000000E+00  0.0000000E+00  0.0000000E+00  0.0000000E+00  5.4525967E+03  5.0144815E-03
     1.7400000E+03    194.8299821  2.0641938E+07 -9.0800000E+02  0.0000000E+00  7.5491182E+03  6.3742355E+01  0.0000000E+00  6.9960049E+03  3.9982959E+02  1.9076167E+01  0.0000000E+00  0.0000000E+00  0.0000000E+00  0.0000000E+00  5.4351870E+03 -3.4745813E-03
     1.7410000E+03    194.8249062  2.0640076E+07 -1.8620000E+03  0.0000000E+00  8.4720499E+03  6.0252960E+01  0.0000000E+00  6.9678262E+03  3.9935947E+02  1.9073687E+01  0.0000000E+00  0.0000000E+00  0.0000000E+00  0.0000000E+00  5.4187632E+03 -4.5365402E-03
     1.7420000E+03    194.8186462  2.0637778E+07 -2.2980000E+03  0.0000000E+00  8.8707953E+03  5.7077118E+01  0.0000000E+00  6.9348628E+03  3.9895340E+02  1.9070410E+01  0.0000000E+00  0.0000000E+00  0.0000000E+00  0.0000000E+00  5.4014819E+03  1.2074539E-02
     1.7430000E+03    194.8080332  2.0633884E+07 -3.8940000E+03  0.0000000E+00  1.0434526E+04  5.4175167E+01  0.0000000E+00  6.9038159E+03  3.9847098E+02  1.9065108E+01  0.0000000E+00  0.0000000E+00  0.0000000E+00  0.0000000E+00  5.3841567E+03 -6.4791838E-04
     1.7440000E+03    194.8019695  2.0631660E+07 -2.2240000E+03  0.0000000E+00  8.7312972E+03  5.1513760E+01  0.0000000E+00  6.8723784E+03  3.9837570E+02  1.9061313E+01  0.0000000E+00  0.0000000E+00  0.0000000E+00  0.0000000E+00  5.3666411E+03 -9.2065753E-03
     1.7450000E+03    194.7989998  2.0630570E+07 -1.0900000E+03  0.0000000E+00  7.5631697E+03  4.9064697E+01  0.0000000E+00  6.8411807E+03  3.9764703E+02  1.9059360E+01  0.0000000E+00  0.0000000E+00  0.0000000E+00  0.0000000E+00  5.3492354E+03  4.6258941E-03
     1.7460000E+03    194.7948557  2.0629050E+07 -1.5200000E+03  0.0000000E+00  7.9624345E+03  4.6803967E+01  0.0000000E+00  6.8111914E+03  3.9704071E+02  1.9057233E+01  0.0000000E+00  0.0000000E+00  0.0000000E+00  0.0000000E+00  5.3322476E+03 -6.4163697E-03
     1.7470000E+03    194.7874611  2.0626336E+07 -2.7140000E+03  0.0000000E+00  9.1228237E+03  4.4711037E+01  0.0000000E+00  6.7805991E+03  3.9661331E+02  1.9053563E+01  0.0000000E+00  0.0000000E+00  0.0000000E+00  0.0000000E+00  5.3151333E+03  8.5949050E-03
     1.7480000E+03    194.7820475  2.0624350E+07 -1.9860000E+03  0.0000000E+00  8.3641476E+03  4.2768219E+01  0.0000000E+00  6.7503149E+03  3.9618634E+02  1.9050401E+01  0.0000000E+00  0.0000000E+00  0.0000000E+00  0.0000000E+00  5.2980103E+03 -3.4371179E-03
     1.7490000E+03    194.7791297  2.0623280E+07 -1.0700000E+03  0.0000000E+00  7.4162652E+03  4.0960232E+01  0.0000000E+00  6.7197085E+03  3.9594586E+02  1.9048542E+01  0.0000000E+00  0.0000000E+00  0.0000000E+00  0.0000000E+00  5.2807241E+03 -7.5381496E-03
     1.7500000E+03    194.7758237  2.0622066E+07 -1.2140000E+03  0.0000000E+00  7.5276535E+03  3.9273788E+01  0.0000000E+00  6.6897915E+03  3.9536826E+02  1.9046785E+01  0.0000000E+00  0.0000000E+00  0.0000000E+00  0.0000000E+00  5.2637119E+03  1.2554290E-02
     1.7510000E+03    194.7723038  2.0620776E+07 -1.2900000E+03  0.0000000E+00  7.6270445E+03  3.7697296E+01  0.0000000E+00  6.6561860E+03  3.9711542E+02  1.9044892E+01  0.0000000E+00  0.0000000E+00  0.0000000E+00  0.0000000E+00  5.2449194E+03 -7.3753303E-01
     1.7520000E+03    194.7662706  2.0618562E+07 -2.2140000E+03  0.0000000E+00  8.4642534E+03  3.6220596E+01  0.0000000E+00  6.6278804E+03  3.9446655E+02  1.9041883E+01  0.0000000E+00  0.0000000E+00  0.0000000E+00  0.0000000E+00  5.2284375E+03  3.8225341E-03
     1.7530000E+03    194.7592285  2.0615978E+07 -2.5840000E+03  0.0000000E+00  8.8044343E+03  3.4834736E+01  0.0000000E+00  6.5990112E+03  3.9419876E+02  1.9038160E+01  0.0000000E+00  0.0000000E+00  0.0000000E+00  0.0000000E+00  5.2117598E+03  1.8911110E-03
     1.7540000E+03    194.7517967  2.0613250E+07 -2.7280000E+03  0.0000000E+00  8.9182242E+03  3.3531815E+01  0.0000000E+00  6.5704268E+03  3.9353381E+02  1.9034159E+01  0.0000000E+00  0.0000000E+00  0.0000000E+00  0.0000000E+00  5.1951572E+03  1.2491193E-02
     1.7550000E+03    194.7447091  2.0610650E+07 -2.6000000E+03  0.0000000E+00  8.7965936E+03  3.2304836E+01  0.0000000E+00  6.5759004E+03  3.9312341E+02  1.9030264E+01  0.0000000E+00  0.0000000E+00  0.0000000E+00  0.0000000E+00  5.1861328E+03 -5.8856234E-03
     1.7560000E+03    194.7373061  2.0607934E+07 -2.7160000E+03  0.0000000E+00  8.8625042E+03  3.1147547E+01  0.0000000E+00  6.5267866E+03  3.9268271E+02  1.9026270E+01  0.0000000E+00  0.0000000E+00  0.0000000E+00  0.0000000E+00  5.1697354E+03 -3.0062776E-03
     1.7570000E+03    194.7307949  2.0605544E+07 -2.3900000E+03  0.0000000E+00  8.5064831E+03  3.0054394E+01  0.0000000E+00  6.4986621E+03  3.9223099E+02  1.9022629E+01  0.0000000E+00  0.0000000E+00  0.0000000E+00  0.0000000E+00  5.1533096E+03  1.0978165E-02
     1.7580000E+03    194.7207585  2.0601862E+07 -3.6820000E+03  0.0000000E+00  9.7717003E+03  2.9020386E+01  0.0000000E+00  6.4708516E+03  3.9166489E+02  1.9017551E+01  0.0000000E+00  0.0000000E+00  0.0000000E+00  0.0000000E+00  5.1369385E+03 -5.0159399E-03
     1.7590000E+03    194.7143239  2.0599502E+07 -2.3600000E+03  0.0000000E+00  8.4214049E+03  2.8041048E+01  0.0000000E+00  6.4428184E+03  3.9138455E+02  1.9013658E+01  0.0000000E+00  0.0000000E+00  0.0000000E+00  0.0000000E+00  5.1205122E+03 -1.0692447E-02
     1.7600000E+03    194.7077907  2.0597104E+07 -2.3980000E+03  0.0000000E+00  8.4294069E+03  2.7112339E+01  0.0000000E+00  6.4150430E+03  3.9085983E+02  1.9010113E+01  0.0000000E+00  0.0000000E+00  0.0000000E+00  0.0000000E+00  5.1041709E+03  9.9431919E-03
     1.7610000E+03    194.7017306  2.0594880E+07 -2.2240000E+03  0.0000000E+00  8.2282686E+03  2.6230621E+01  0.0000000E+00  6.3877495E+03  3.9023859E+02  1.9006764E+01  0.0000000E+00  0.0000000E+00  0.0000000E+00  0.0000000E+00  5.0880186E+03  5.3986437E-03
     1.7620000E+03    194.6980839  2.0593542E+07 -1.3380000E+03  0.0000000E+00  7.3148299E+03  2.5392588E+01  0.0000000E+00  6.3603364E+03  3.8990115E+02  1.9004517E+01  0.0000000E+00  0.0000000E+00  0.0000000E+00  0.0000000E+00  5.0718594E+03 -8.8505585E-05
     1.7630000E+03    194.6945594  2.0592250E+07 -1.2920000E+03  0.0000000E+00  7.2425571E+03  2.4595240E+01  0.0000000E+00  6.3332305E+03  3.8944278E+02  1.9002586E+01  0.0000000E+00  0.0000000E+00  0.0000000E+00  0.0000000E+00  5.0558086E+03 -1.5380439E-02
     1.7640000E+03    194.6895943  2.0590428E+07 -1.8220000E+03  0.0000000E+00  7.7437833E+03  2.3835848E+01  0.0000000E+00  6.3062661E+03  3.8909164E+02  1.9000040E+01  0.0000000E+00  0.0000000E+00  0.0000000E+00  0.0000000E+00  5.0397925E+03  2.7852585E-03
     1.7650000E+03    194.6858189  2.0589042E+07 -1.3860000E+03  0.0000000E+00  7.2800926E+03  2.3111925E+01  0.0000000E+00  6.2794565E+03  3.8873508E+02  1.8997856E+01  0.0000000E+00  0.0000000E+00  0.0000000E+00  0.0000000E+00  5.0238296E+03  9.6604135E-03
     1.7660000E+03    194.6852959  2.0588850E+07 -1.9200000E+02  0.0000000E+00  6.0928837E+03  2.2421194E+01  0.0000000E+00  6.2497622E+03  3.8892053E+02  1.8997218E+01  0.0000000E+00  0.0000000E+00  0.0000000E+00  0.0000000E+00  5.0064512E+03 -5.6327945E-01
     1.7670000E+03    194.6818627  2.0587590E+07 -1.2600000E+03  0.0000000E+00  7.0989040E+03  2.1761562E+01  0.0000000E+00  6.2243613E+03  3.8787759E+02  1.8995666E+01  0.0000000E+00  0.0000000E+00  0.0000000E+00  0.0000000E+00  4.9910415E+03  4.6123327E-03
     1.7680000E+03    194.6783349  2.0586296E+07 -1.2940000E+03  0.0000000E+00  7.1556902E+03  2.1131119E+01  0.0000000E+00  6.1957529E+03  3.8964978E+02  1.8993757E+01  0.0000000E+00  0.0000000E+00  0.0000000E+00  0.0000000E+00  4.9740576E+03 -7.0660162E-01
     1.7690000E+03    194.6750780  2.0585102E+07 -1.1940000E+03  0.0000000E+00  6.9803184E+03  2.0528099E+01  0.0000000E+00  6.1709404E+03  3.8716379E+02  1.8991955E+01  0.0000000E+00  0.0000000E+00  0.0000000E+00  0.0000000E+00  4.9588628E+03 -1.3610974E-02
     1.7700000E+03    194.6720136  2.0583978E+07 -1.1240000E+03  0.0000000E+00  6.8847378E+03  1.9950880E+01  0.0000000E+00  6.1461313E+03  3.8671109E+02  1.8990266E+01  0.0000000E+00  0.0000000E+00  0.0000000E+00  0.0000000E+00  4.9437056E+03 -4.8959134E-03
     1.7710000E+03    194.6695457  2.0583072E+07 -9.0600000E+02  0.0000000E+00  6.6820673E+03  1.9398567E+01  0.0000000E+00  6.1182368E+03  3.8791336E+02  1.8988858E+01  0.0000000E+00  0.0000000E+00  0.0000000E+00  0.0000000E+00  4.9270205E+03 -6.3950723E-01
     1.7720000E+03    194.6673057  2.0582250E+07 -8.2200000E+02  0.0000000E+00  6.5297094E+03  1.8869717E+01  0.0000000E+00  6.0939893E+03  3.8602509E+02  1.8987615E+01  0.0000000E+00  0.0000000E+00  0.0000000E+00  0.0000000E+00  4.9120581E+03  1.9715102E-03
     1.7730000E+03    194.6648507  2.0581350E+07 -9.0000000E+02  0.0000000E+00  6.5843460E+03  1.8362988E+01  0.0000000E+00  6.0697993E+03  3.8559604E+02  1.8986302E+01  0.0000000E+00  0.0000000E+00  0.0000000E+00  0.0000000E+00  4.8971519E+03 -1.0968800E-02
     1.7740000E+03    194.6617463  2.0580210E+07 -1.1400000E+03  0.0000000E+00  6.8413757E+03  1.7877134E+01  0.0000000E+00  6.0426553E+03  3.8704465E+02  1.8984683E+01  0.0000000E+00  0.0000000E+00  0.0000000E+00  0.0000000E+00  4.8807578E+03 -6.4674956E-01
     1.7750000E+03    194.6583971  2.0578982E+07 -1.2280000E+03  0.0000000E+00  6.8609417E+03  1.7411003E+01  0.0000000E+00  6.0187461E+03  3.8509167E+02  1.8982887E+01  0.0000000E+00  0.0000000E+00  0.0000000E+00  0.0000000E+00  4.8658833E+03 -1.1828948E-02
     1.7760000E+03    194.6554959  2.0577916E+07 -1.0660000E+03  0.0000000E+00  6.7115634E+03  1.6963520E+01  0.0000000E+00  5.9926890E+03  3.8609344E+02  1.8981260E+01  0.0000000E+00  0.0000000E+00  0.0000000E+00  0.0000000E+00  4.8499419E+03 -5.7591575E-01
     1.7770000E+03    194.6518924  2.0576594E+07 -1.3220000E+03  0.0000000E+00  6.9101911E+03  1.6533684E+01  0.0000000E+00  5.9744634E+03  3.8402258E+02  1.8979375E+01  0.0000000E+00  0.0000000E+00  0.0000000E+00  0.0000000E+00  4.8371099E+03 -2.6773638E-03
     1.7780000E+03    194.6443592  2.0573830E+07 -2.7640000E+03  0.0000000E+00  8.3294024E+03  1.6120567E+01  0.0000000E+00  5.9518218E+03  3.8358533E+02  1.8975704E+01  0.0000000E+00  0.0000000E+00  0.0000000E+00  0.0000000E+00  4.8232695E+03 -2.3485914E-04
     1.7790000E+03    194.6387457  2.0571770E+07 -2.0600000E+03  0.0000000E+00  7.6634011E+03  1.5723290E+01  0.0000000E+00  5.9246514E+03  3.8715201E+02  1.8972440E+01  0.0000000E+00  0.0000000E+00  0.0000000E+00  0.0000000E+00  4.8074932E+03 -8.5694462E-01
     1.7800000E+03    194.6333091  2.0569776E+07 -1.9940000E+03  0.0000000E+00  7.5103249E+03  1.5341045E+01  0.0000000E+00  5.9022715E+03  3.8305664E+02  1.8969462E+01  0.0000000E+00  0.0000000E+00  0.0000000E+00  0.0000000E+00  4.7932344E+03 -9.3307449E-03
     1.7810000E+03    194.6273144  2.0567576E+07 -2.2000000E+03  0.0000000E+00  7.7500755E+03  1.4973071E+01  0.0000000E+00  5.8773281E+03  3.8584369E+02  1.8966261E+01  0.0000000E+00  0.0000000E+00  0.0000000E+00  0.0000000E+00  4.7776904E+03 -7.6744759E-01
     1.7820000E+03    194.6241432  2.0566412E+07 -1.1640000E+03  0.0000000E+00  6.6319139E+03  1.4618651E+01  0.0000000E+00  5.8549561E+03  3.8225916E+02  1.8964228E+01  0.0000000E+00  0.0000000E+00  0.0000000E+00  0.0000000E+00  4.7634312E+03  6.2136096E-03
     1.7830000E+03    194.6138120  2.0562622E+07 -3.7900000E+03  0.0000000E+00  9.2371840E+03  1.4277119E+01  0.0000000E+00  5.8329858E+03  3.8179834E+02  1.8959385E+01  0.0000000E+00  0.0000000E+00  0.0000000E+00  0.0000000E+00  4.7493188E+03 -7.0370072E-03
     1.7840000E+03    194.6038900  2.0558982E+07 -3.6400000E+03  0.0000000E+00  9.0749489E+03  1.3947845E+01  0.0000000E+00  5.8203379E+03  3.8089102E+02  1.8953941E+01  0.0000000E+00  0.0000000E+00  0.0000000E+00  0.0000000E+00  4.7367671E+03 -5.3647687E-03
     1.7850000E+03    194.5980976  2.0556856E+07 -2.1260000E+03  0.0000000E+00  7.5308940E+03  1.3630239E+01  0.0000000E+00  5.7915610E+03  3.8065359E+02  1.8950339E+01  0.0000000E+00  0.0000000E+00  0.0000000E+00  0.0000000E+00  4.7227944E+03  8.7429490E-03
     1.7860000E+03    194.5945663  2.0555560E+07 -1.2960000E+03  0.0000000E+00  6.7252041E+03  1.3323748E+01  0.0000000E+00  5.7672471E+03  3.8250061E+02  1.8948171E+01  0.0000000E+00  0.0000000E+00  0.0000000E+00  0.0000000E+00  4.7075391E+03 -7.0274270E-01
     1.7870000E+03    194.5924076  2.0554768E+07 -7.9200000E+02  0.0000000E+00  6.1521621E+03  1.3027847E+01  0.0000000E+00  5.7458350E+03  3.7983945E+02  1.8946847E+01  0.0000000E+00  0.0000000E+00  0.0000000E+00  0.0000000E+00  4.6937256E+03 -1.3043794E-03
     1.7880000E+03    194.5898219  2.0553820E+07 -9.4800000E+02  0.0000000E+00  6.2876339E+03  1.2742046E+01  0.0000000E+00  5.7245439E+03  3.7940042E+02  1.8945487E+01  0.0000000E+00  0.0000000E+00  0.0000000E+00  0.0000000E+00  4.6800000E+03 -1.0370349E-02
     1.7890000E+03    194.5852822  2.0552154E+07 -1.6660000E+03  0.0000000E+00  6.9837208E+03  1.2465883E+01  0.0000000E+00  5.7034736E+03  3.7897540E+02  1.8943229E+01  0.0000000E+00  0.0000000E+00  0.0000000E+00  0.0000000E+00  4.6663623E+03  4.0614917E-03
     1.7900000E+03    194.5798911  2.0550176E+07 -1.9780000E+03  0.0000000E+00  7.3002461E+03  1.2198919E+01  0.0000000E+00  5.7075747E+03  3.7863724E+02  1.8940388E+01  0.0000000E+00  0.0000000E+00  0.0000000E+00  0.0000000E+00  4.6590332E+03 -6.5334007E-04
     1.7910000E+03    194.5770409  2.0549130E+07 -1.0460000E+03  0.0000000E+00  6.3312672E+03  1.1940741E+01  0.0000000E+00  5.6710210E+03  3.7855737E+02  1.8938560E+01  0.0000000E+00  0.0000000E+00  0.0000000E+00  0.0000000E+00  4.6454360E+03  2.9607040E-03
     1.7920000E+03    194.5723921  2.0547424E+07 -1.7060000E+03  0.0000000E+00  6.9707614E+03  1.1690958E+01  0.0000000E+00  5.6502456E+03  3.7793414E+02  1.8936226E+01  0.0000000E+00  0.0000000E+00  0.0000000E+00  0.0000000E+00  4.6319175E+03  4.1421154E-03
     1.7930000E+03    194.5677914  2.0545736E+07 -1.6880000E+03  0.0000000E+00  6.9326617E+03  1.1449202E+01  0.0000000E+00  5.6295952E+03  3.7750464E+02  1.8933717E+01  0.0000000E+00  0.0000000E+00  0.0000000E+00  0.0000000E+00  4.6184546E+03 -7.5283163E-04
     1.7940000E+03    194.5638711  2.0544298E+07 -1.4380000E+03  0.0000000E+00  6.7089914E+03  1.1215125E+01  0.0000000E+00  5.6065381E+03  3.7963120E+02  1.8931510E+01  0.0000000E+00  0.0000000E+00  0.0000000E+00  0.0000000E+00  4.6037388E+03 -7.2881305E-01
     1.7950000E+03    194.5560558  2.0541430E+07 -2.8680000E+03  0.0000000E+00  8.0694283E+03  1.0988392E+01  0.0000000E+00  5.5866270E+03  3.7679184E+02  1.8927681E+01  0.0000000E+00  0.0000000E+00  0.0000000E+00  0.0000000E+00  4.5905166E+03  5.5258744E-03
     1.7960000E+03    194.5517724  2.0539860E+07 -1.5700000E+03  0.0000000E+00  6.7533917E+03  1.0768694E+01  0.0000000E+00  5.5664321E+03  3.7651620E+02  1.8924965E+01  0.0000000E+00  0.0000000E+00  0.0000000E+00  0.0000000E+00  4.5772100E+03 -2.2826608E-02
     1.7970000E+03    194.5484959  2.0538656E+07 -1.2040000E+03  0.0000000E+00  6.4061980E+03  1.0555733E+01  0.0000000E+00  5.5441006E+03  3.7795941E+02  1.8923073E+01  0.0000000E+00  0.0000000E+00  0.0000000E+00  0.0000000E+00  4.5627856E+03 -6.5299582E-01
     1.7980000E+03    194.5462120  2.0537818E+07 -8.3800000E+02  0.0000000E+00  6.0028638E+03  1.0349233E+01  0.0000000E+00  5.5490552E+03  3.7561771E+02  1.8921722E+01  0.0000000E+00  0.0000000E+00  0.0000000E+00  0.0000000E+00  4.5593926E+03  1.5264983E-05
     1.7990000E+03    194.5450577  2.0537396E+07 -4.2200000E+02  0.0000000E+00  5.5678916E+03  1.0148929E+01  0.0000000E+00  5.5285210E+03  3.7537228E+02  1.8920971E+01  0.0000000E+00  0.0000000E+00  0.0000000E+00  0.0000000E+00  4.5495273E+03 -2.5404252E-02
     1.8000000E+03    194.5439432  2.0536986E+07 -4.1000000E+02  0.0000000E+00  5.5295898E+03  9.9545689E+00  0.0000000E+00  5.5047573E+03  3.7512842E+02  1.8920360E+01  0.0000000E+00  0.0000000E+00  0.0000000E+00  0.0000000E+00  4.5367051E+03  1.8117955E-02
     1.8010000E+03    194.5443914  2.0537150E+07  1.6400000E+02  0.0000000E+00  4.9371457E+03  9.7659159E+00  0.0000000E+00  5.4855728E+03  3.7481622E+02  1.8920434E+01  0.0000000E+00  0.0000000E+00  0.0000000E+00  0.0000000E+00  4.5239111E+03  8.3078220E-03
     1.8020000E+03    194.5427038  2.0536532E+07 -6.1800000E+02  0.0000000E+00  5.7287602E+03  9.5827408E+00  0.0000000E+00  5.4640596E+03  3.7523990E+02  1.8919748E+01  0.0000000E+00  0.0000000E+00  0.0000000E+00  0.0000000E+00  4.5098711E+03 -5.1083195E-01
     1.8030000E+03    194.5379806  2.0534798E+07 -1.7340000E+03  0.0000000E+00  6.7946364E+03  9.4048271E+00  0.0000000E+00  5.4453140E+03  3.7417120E+02  1.8917508E+01  0.0000000E+00  0.0000000E+00  0.0000000E+00  0.0000000E+00  4.4971558E+03  1.3824295E-02
     1.8040000E+03    194.5327773  2.0532890E+07 -1.9080000E+03  0.0000000E+00  7.0036274E+03  9.2319698E+00  0.0000000E+00  5.4243794E+03  3.7684943E+02  1.8914729E+01  0.0000000E+00  0.0000000E+00  0.0000000E+00  0.0000000E+00  4.4832681E+03 -7.8087872E-01
     1.8050000E+03    194.5277058  2.0531028E+07 -1.8620000E+03  0.0000000E+00  6.8838921E+03  9.0639715E+00  0.0000000E+00  5.4061880E+03  3.7324371E+02  1.8911954E+01  0.0000000E+00  0.0000000E+00  0.0000000E+00  0.0000000E+00  4.4707715E+03  1.6548840E-02
     1.8060000E+03    194.5266071  2.0530626E+07 -4.0200000E+02  0.0000000E+00  5.4150207E+03  8.9006472E+00  0.0000000E+00  5.3948159E+03  3.7290540E+02  1.8910924E+01  0.0000000E+00  0.0000000E+00  0.0000000E+00  0.0000000E+00  4.4612065E+03 -1.9289628E-02
     1.8070000E+03    194.5263798  2.0530542E+07 -8.4000000E+01  0.0000000E+00  5.0738457E+03  8.7418165E+00  0.0000000E+00  5.3737109E+03  3.7266364E+02  1.8910706E+01  0.0000000E+00  0.0000000E+00  0.0000000E+00  0.0000000E+00  4.4488145E+03  1.8895434E-02
     1.8080000E+03    194.5257692  2.0530318E+07 -2.2400000E+02  0.0000000E+00  5.1969291E+03  8.5873108E+00  0.0000000E+00  5.3555728E+03  3.7235251E+02  1.8910415E+01  0.0000000E+00  0.0000000E+00  0.0000000E+00  0.0000000E+00  4.4364438E+03 -5.7669031E-04
     1.8090000E+03    194.5251826  2.0530102E+07 -2.1600000E+02  0.0000000E+00  5.1704301E+03  8.4369678E+00  0.0000000E+00  5.3376978E+03  3.7202582E+02  1.8910093E+01  0.0000000E+00  0.0000000E+00  0.0000000E+00  0.0000000E+00  4.4242476E+03  1.3819531E-02
     1.8100000E+03    194.5266888  2.0530656E+07  5.5400000E+02  0.0000000E+00  4.3869365E+03  8.2906303E+00  0.0000000E+00  5.3235205E+03  3.7332077E+02  1.8910685E+01  0.0000000E+00  0.0000000E+00  0.0000000E+00  0.0000000E+00  4.4148398E+03 -2.5449770E-02
     1.8110000E+03    194.5260492  2.0530420E+07 -2.3600000E+02  0.0000000E+00  5.1601142E+03  8.1481543E+00  0.0000000E+00  5.3077568E+03  3.7156439E+02  1.8910571E+01  0.0000000E+00  0.0000000E+00  0.0000000E+00  0.0000000E+00  4.4040366E+03  2.3698919E-02
     1.8120000E+03    194.5248701  2.0529988E+07 -4.3200000E+02  0.0000000E+00  5.3407088E+03  8.0093946E+00  0.0000000E+00  5.2902559E+03  3.7127191E+02  1.8909988E+01  0.0000000E+00  0.0000000E+00  0.0000000E+00  0.0000000E+00  4.3919468E+03 -1.0922848E-02
     1.8130000E+03    194.5271235  2.0530816E+07  8.2800000E+02  0.0000000E+00  4.0710123E+03  7.8742189E+00  0.0000000E+00  5.2716489E+03  3.7093051E+02  1.8910840E+01  0.0000000E+00  0.0000000E+00  0.0000000E+00  0.0000000E+00  4.3787651E+03 -1.7673124E-01
     1.8140000E+03    194.5275769  2.0530982E+07  1.6600000E+02  0.0000000E+00  4.7179409E+03  7.7424960E+00  0.0000000E+00  5.2521016E+03  3.7064435E+02  1.8911283E+01  0.0000000E+00  0.0000000E+00  0.0000000E+00  0.0000000E+00  4.3658032E+03 -2.5955796E-01
     1.8150000E+03    194.5262125  2.0530480E+07 -5.0200000E+02  0.0000000E+00  5.3540623E+03  7.6141052E+00  0.0000000E+00  5.2351108E+03  3.7038626E+02  1.8910738E+01  0.0000000E+00  0.0000000E+00  0.0000000E+00  0.0000000E+00  4.3540503E+03  2.3779161E-02
     1.8160000E+03    194.5248306  2.0529974E+07 -5.0600000E+02  0.0000000E+00  5.3439901E+03  7.4889278E+00  0.0000000E+00  5.2184165E+03  3.7005154E+02  1.8909988E+01  0.0000000E+00  0.0000000E+00  0.0000000E+00  0.0000000E+00  4.3423032E+03 -1.8260662E-02
     1.8170000E+03    194.6334051  2.0569812E+07  3.9838000E+04  2.0319281E+04  1.7328324E+03  1.6334838E+04  0.0000000E+00  5.3071841E+03  3.7205536E+02  1.8957106E+01  0.0000000E+00  0.0000000E+00  0.0000000E+00  0.0000000E+00  4.3938218E+03 -1.2846658E-03
     1.8180000E+03    194.6385385  2.0571694E+07  1.8820000E+03  0.0000000E+00  4.1127436E+03  9.6810455E+02  0.0000000E+00  5.4192095E+03  3.7208362E+02  1.8971157E+01  0.0000000E+00  0.0000000E+00  0.0000000E+00  0.0000000E+00  4.4591299E+03  2.3728676E-02
     1.8190000E+03    194.6412642  2.0572694E+07  1.0000000E+03  0.0000000E+00  4.9072433E+03  7.7690283E+02  0.0000000E+00  5.5211763E+03  3.7176373E+02  1.8972903E+01  0.0000000E+00  0.0000000E+00  0.0000000E+00  0.0000000E+00  4.5193037E+03  1.5738306E-03
     1.8200000E+03    194.6455308  2.0574260E+07  1.5660000E+03  0.0000000E+00  4.2919784E+03  6.4414813E+02  0.0000000E+00  5.6038159E+03  3.7153644E+02  1.8975057E+01  0.0000000E+00  0.0000000E+00  0.0000000E+00  0.0000000E+00  4.5687822E+03 -8.4246192E-03
     1.8210000E+03    194.6520084  2.0576636E+07  2.3760000E+03  0.0000000E+00  3.4477178E+03  5.4749756E+02  0.0000000E+00  5.6672822E+03  3.7136652E+02  1.8978341E+01  0.0000000E+00  0.0000000E+00  0.0000000E+00  0.0000000E+00  4.6071914E+03  1.1541602E-02
     1.8220000E+03    194.6572792  2.0578570E+07  1.9340000E+03  0.0000000E+00  3.8647741E+03  4.7439148E+02  0.0000000E+00  5.7144678E+03  3.7117853E+02  1.8981341E+01  0.0000000E+00  0.0000000E+00  0.0000000E+00  0.0000000E+00  4.6358784E+03 -1.2071212E-03
     1.8230000E+03    194.6604402  2.0579730E+07  1.1600000E+03  0.0000000E+00  4.6161385E+03  4.1733276E+02  0.0000000E+00  5.7485474E+03  3.7094199E+02  1.8983291E+01  0.0000000E+00  0.0000000E+00  0.0000000E+00  0.0000000E+00  4.6565410E+03 -2.9854949E-03
     1.8240000E+03    194.6637637  2.0580950E+07  1.2200000E+03  0.0000000E+00  4.5346926E+03  3.7162604E+02  0.0000000E+00  5.7722070E+03  3.7070529E+02  1.8985082E+01  0.0000000E+00  0.0000000E+00  0.0000000E+00  0.0000000E+00  4.6707578E+03 -8.9409398E-03
     1.8250000E+03    194.6671435  2.0582190E+07  1.2400000E+03  0.0000000E+00  4.4922620E+03  3.3420853E+02  0.0000000E+00  5.7876021E+03  3.7046384E+02  1.8986915E+01  0.0000000E+00  0.0000000E+00  0.0000000E+00  0.0000000E+00  4.6798130E+03  1.5952184E-03
     1.8260000E+03    194.6719701  2.0583962E+07  1.7720000E+03  0.0000000E+00  3.9391541E+03  3.0301108E+02  0.0000000E+00  5.7963301E+03  3.7025604E+02  1.8989384E+01  0.0000000E+00  0.0000000E+00  0.0000000E+00  0.0000000E+00  4.6847173E+03 -1.7347865E-02
     1.8270000E+03    194.6770241  2.0585816E+07  1.8540000E+03  0.0000000E+00  3.8265491E+03  2.7659305E+02  0.0000000E+00  5.8002275E+03  3.7001471E+02  1.8992109E+01  0.0000000E+00  0.0000000E+00  0.0000000E+00  0.0000000E+00  4.6863345E+03  1.1954686E-01
     1.8280000E+03    194.6817842  2.0587562E+07  1.7460000E+03  0.0000000E+00  3.9108907E+03  2.5392537E+02  0.0000000E+00  5.7990220E+03  3.7651801E+02  1.8994732E+01  0.0000000E+00  0.0000000E+00  0.0000000E+00  0.0000000E+00  4.6855469E+03  8.9864535E-03
     1.8290000E+03    194.6857788  2.0589028E+07  1.4660000E+03  0.0000000E+00  4.1720746E+03  2.3425479E+02  0.0000000E+00  5.7954702E+03  3.7297983E+02  1.8996989E+01  0.0000000E+00  0.0000000E+00  0.0000000E+00  0.0000000E+00  4.6828989E+03 -5.4174969E-03
     1.8300000E+03    194.6907637  2.0590856E+07  1.8280000E+03  0.0000000E+00  3.7605569E+03  2.1701825E+02  0.0000000E+00  5.7906558E+03  3.6952859E+02  1.8999594E+01  0.0000000E+00  0.0000000E+00  0.0000000E+00  0.0000000E+00  4.6775259E+03  5.0916326E-01
     1.8310000E+03    194.6955645  2.0592618E+07  1.7620000E+03  0.0000000E+00  3.8286535E+03  2.0178725E+02  0.0000000E+00  5.7767397E+03  3.6939859E+02  1.9002226E+01  0.0000000E+00  0.0000000E+00  0.0000000E+00  0.0000000E+00  4.6705508E+03 -8.8287974E-03
     1.8320000E+03    194.6995728  2.0594090E+07  1.4720000E+03  0.0000000E+00  4.0926579E+03  1.8822971E+02  0.0000000E+00  5.7633169E+03  3.6918982E+02  1.9004494E+01  0.0000000E+00  0.0000000E+00  0.0000000E+00  0.0000000E+00  4.6621064E+03 -2.1938233E-02
     1.8330000E+03    194.7029582  2.0595332E+07  1.2420000E+03  0.0000000E+00  4.2863662E+03  1.7608420E+02  0.0000000E+00  5.7482339E+03  3.6889911E+02  1.9006404E+01  0.0000000E+00  0.0000000E+00  0.0000000E+00  0.0000000E+00  4.6517471E+03  1.3581963E-01
     1.8340000E+03    194.7078545  2.0597128E+07  1.7960000E+03  0.0000000E+00  3.7102323E+03  1.6514206E+02  0.0000000E+00  5.7293608E+03  3.6875946E+02  1.9008904E+01  0.0000000E+00  0.0000000E+00  0.0000000E+00  0.0000000E+00  4.6413647E+03  8.5238982E-03
     1.8350000E+03    194.7139672  2.0599370E+07  2.2420000E+03  0.0000000E+00  3.2370978E+03  1.5526476E+02  0.0000000E+00  5.7122241E+03  3.6852319E+02  1.9012098E+01  0.0000000E+00  0.0000000E+00  0.0000000E+00  0.0000000E+00  4.6291260E+03  1.4583971E-02
     1.8360000E+03    194.7195769  2.0601428E+07  2.0580000E+03  0.0000000E+00  3.3903749E+03  1.4628282E+02  0.0000000E+00  5.6897632E+03  3.6841248E+02  1.9015206E+01  0.0000000E+00  0.0000000E+00  0.0000000E+00  0.0000000E+00  4.6172822E+03  4.1665891E-03
     1.8370000E+03    194.7258778  2.0603740E+07  2.3120000E+03  0.0000000E+00  3.1094536E+03  1.3808253E+02  0.0000000E+00  5.6704741E+03  3.6817703E+02  1.9018559E+01  0.0000000E+00  0.0000000E+00  0.0000000E+00  0.0000000E+00  4.6035469E+03 -1.5929826E-03
     1.8380000E+03    194.7316155  2.0605846E+07  2.1060000E+03  0.0000000E+00  3.2842969E+03  1.3059671E+02  0.0000000E+00  5.6460464E+03  3.6807443E+02  1.9021743E+01  0.0000000E+00  0.0000000E+00  0.0000000E+00  0.0000000E+00  4.5905352E+03 -1.2983319E-02
     1.8390000E+03    194.7376737  2.0608068E+07  2.2220000E+03  0.0000000E+00  3.1211268E+03  1.2371631E+02  0.0000000E+00  5.6252612E+03  3.6782529E+02  1.9025005E+01  0.0000000E+00  0.0000000E+00  0.0000000E+00  0.0000000E+00  4.5756416E+03  3.3050629E-01
     1.8400000E+03    194.7434897  2.0610202E+07  2.1340000E+03  0.0000000E+00  3.1960726E+03  1.1737380E+02  0.0000000E+00  5.5993945E+03  3.6772339E+02  1.9028196E+01  0.0000000E+00  0.0000000E+00  0.0000000E+00  0.0000000E+00  4.5617773E+03 -9.6942740E-04
     1.8410000E+03    194.7491138  2.0612266E+07  2.0640000E+03  0.0000000E+00  3.2379030E+03  1.1151137E+02  0.0000000E+00  5.5764653E+03  3.6747977E+02  1.9031278E+01  0.0000000E+00  0.0000000E+00  0.0000000E+00  0.0000000E+00  4.5472695E+03 -7.6916632E-03
     1.8420000E+03    194.7537273  2.0613960E+07  1.6940000E+03  0.0000000E+00  3.5794559E+03  1.0607924E+02  0.0000000E+00  5.5524492E+03  3.6729007E+02  1.9033898E+01  0.0000000E+00  0.0000000E+00  0.0000000E+00  0.0000000E+00  4.5324023E+03 -2.2116438E-02
     1.8430000E+03    194.7585595  2.0615732E+07  1.7720000E+03  0.0000000E+00  3.4700399E+03  1.0103436E+02  0.0000000E+00  5.5281631E+03  3.6710022E+02  1.9036504E+01  0.0000000E+00  0.0000000E+00  0.0000000E+00  0.0000000E+00  4.5171084E+03  1.8128833E-02
     1.8440000E+03    194.7631668  2.0617422E+07  1.6900000E+03  0.0000000E+00  3.5225089E+03  9.6339195E+01  0.0000000E+00  5.5056016E+03  3.6992380E+02  1.9039036E+01  0.0000000E+00  0.0000000E+00  0.0000000E+00  0.0000000E+00  4.5034570E+03  8.3719939E-03
     1.8450000E+03    194.7683274  2.0619316E+07  1.8940000E+03  0.0000000E+00  3.2946286E+03  9.1960907E+01  0.0000000E+00  5.4819731E+03  3.6675565E+02  1.9041784E+01  0.0000000E+00  0.0000000E+00  0.0000000E+00  0.0000000E+00  4.4867656E+03 -8.8257836E-03
     1.8460000E+03    194.7728239  2.0620966E+07  1.6500000E+03  0.0000000E+00  3.5073715E+03  8.7894997E+01  0.0000000E+00  5.4549272E+03  3.6658496E+02  1.9044303E+01  0.0000000E+00  0.0000000E+00  0.0000000E+00  0.0000000E+00  4.4714795E+03 -3.2197821E-03
     1.8470000E+03    194.7778067  2.0622794E+07  1.8280000E+03  0.0000000E+00  3.3010275E+03  8.4090431E+01  0.0000000E+00  5.4306807E+03  3.6645004E+02  1.9046962E+01  0.0000000E+00  0.0000000E+00  0.0000000E+00  0.0000000E+00  4.4561030E+03  4.4713016E-03
     1.8480000E+03    194.7830071  2.0624702E+07  1.9080000E+03  0.0000000E+00  3.1936772E+03  8.0524681E+01  0.0000000E+00  5.4065049E+03  3.6619208E+02  1.9049768E+01  0.0000000E+00  0.0000000E+00  0.0000000E+00  0.0000000E+00  4.4399468E+03  2.0155841E-03
     1.8490000E+03    194.7876788  2.0626416E+07  1.7140000E+03  0.0000000E+00  3.3589791E+03  7.7177673E+01  0.0000000E+00  5.3809751E+03  3.6602682E+02  1.9052368E+01  0.0000000E+00  0.0000000E+00  0.0000000E+00  0.0000000E+00  4.4243921E+03  1.7265599E-03
     1.8500000E+03    194.7948337  2.0629042E+07  2.6260000E+03  0.0000000E+00  2.4204983E+03  7.4031509E+01  0.0000000E+00  5.3566089E+03  3.6585977E+02  1.9055991E+01  0.0000000E+00  0.0000000E+00  0.0000000E+00  0.0000000E+00  4.4087705E+03 -1.4242104E-02
     1.8510000E+03    194.8004813  2.0631114E+07  2.0720000E+03  0.0000000E+00  2.9426496E+03  7.1070122E+01  0.0000000E+00  5.3374609E+03  3.7464160E+02  1.9059228E+01  0.0000000E+00  0.0000000E+00  0.0000000E+00  0.0000000E+00  4.3968613E+03  3.3403535E-03
     1.8520000E+03    194.8057447  2.0633044E+07  1.9300000E+03  0.0000000E+00  3.0661743E+03  6.8279099E+01  0.0000000E+00  5.3138428E+03  3.6566492E+02  1.9062135E+01  0.0000000E+00  0.0000000E+00  0.0000000E+00  0.0000000E+00  4.3815249E+03  2.2680704E-02
     1.8530000E+03    194.8114598  2.0635142E+07  2.0980000E+03  0.0000000E+00  2.8614852E+03  6.5645454E+01  0.0000000E+00  5.2909897E+03  3.6540530E+02  1.9065196E+01  0.0000000E+00  0.0000000E+00  0.0000000E+00  0.0000000E+00  4.3647207E+03  2.3670992E-01
     1.8540000E+03    194.8182338  2.0637628E+07  2.4860000E+03  0.0000000E+00  2.4587813E+03  6.3157436E+01  0.0000000E+00  5.2654258E+03  3.6524664E+02  1.9068767E+01  0.0000000E+00  0.0000000E+00  0.0000000E+00  0.0000000E+00  4.3482583E+03 -9.6399337E-03
     1.8550000E+03    194.8260284  2.0640488E+07  2.8600000E+03  0.0000000E+00  2.0502442E+03  6.0804420E+01  0.0000000E+00  5.2442651E+03  3.7580420E+02  1.9072897E+01  0.0000000E+00  0.0000000E+00  0.0000000E+00  0.0000000E+00  4.3368721E+03 -9.8023133E-04
     1.8560000E+03    194.8333433  2.0643172E+07  2.6840000E+03  0.0000000E+00  2.2125475E+03  5.8576736E+01  0.0000000E+00  5.2221255E+03  3.6515338E+02  1.9076930E+01  0.0000000E+00  0.0000000E+00  0.0000000E+00  0.0000000E+00  4.3221470E+03 -1.4332108E-03
     1.8570000E+03    194.8400354  2.0645626E+07  2.4540000E+03  0.0000000E+00  2.4182809E+03  5.6465622E+01  0.0000000E+00  5.2012461E+03  3.6491031E+02  1.9080640E+01  0.0000000E+00  0.0000000E+00  0.0000000E+00  0.0000000E+00  4.3059956E+03  2.7387226E-02
     1.8580000E+03    194.8424587  2.0646516E+07  8.9000000E+02  0.0000000E+00  3.9571917E+03  5.4463051E+01  0.0000000E+00  5.1756694E+03  3.6474429E+02  1.9082423E+01  0.0000000E+00  0.0000000E+00  0.0000000E+00  0.0000000E+00  4.2914141E+03 -1.6944705E-02
     1.8590000E+03    194.8439763  2.0647072E+07  5.5600000E+02  0.0000000E+00  4.2765815E+03  5.2561710E+01  0.0000000E+00  5.1525439E+03  3.6440674E+02  1.9083347E+01  0.0000000E+00  0.0000000E+00  0.0000000E+00  0.0000000E+00  4.2754775E+03 -2.1068370E-01
     1.8600000E+03    194.8485813  2.0648762E+07  1.6900000E+03  0.0000000E+00  3.1081151E+03  5.0754894E+01  0.0000000E+00  5.1303213E+03  3.6424426E+02  1.9085517E+01  0.0000000E+00  0.0000000E+00  0.0000000E+00  0.0000000E+00  4.2610815E+03 -7.1153622E-03
     1.8610000E+03    194.8504096  2.0649434E+07  6.7200000E+02  0.0000000E+00  4.1041235E+03  4.9036472E+01  0.0000000E+00  5.1089727E+03  3.6398907E+02  1.9086814E+01  0.0000000E+00  0.0000000E+00  0.0000000E+00  0.0000000E+00  4.2466143E+03 -2.3079246E-02
     1.8620000E+03    194.8538377  2.0650690E+07  1.2560000E+03  0.0000000E+00  3.4943689E+03  4.7400787E+01  0.0000000E+00  5.0876333E+03  3.6374127E+02  1.9088506E+01  0.0000000E+00  0.0000000E+00  0.0000000E+00  0.0000000E+00  4.2321509E+03  3.5743661E-02
     1.8630000E+03    194.8569189  2.0651822E+07  1.1320000E+03  0.0000000E+00  3.5990659E+03  4.5842640E+01  0.0000000E+00  5.0663384E+03  3.6351233E+02  1.9090220E+01  0.0000000E+00  0.0000000E+00  0.0000000E+00  0.0000000E+00  4.2176216E+03 -2.9093349E-02
     1.8640000E+03    194.8588391  2.0652526E+07  7.0400000E+02  0.0000000E+00  4.0092977E+03  4.4357262E+01  0.0000000E+00  5.0442227E+03  3.6325375E+02  1.9091392E+01  0.0000000E+00  0.0000000E+00  0.0000000E+00  0.0000000E+00  4.2022393E+03 -1.3879117E-01
     1.8650000E+03    194.8607131  2.0653214E+07  6.8800000E+02  0.0000000E+00  4.0044753E+03  4.2940216E+01  0.0000000E+00  5.0218374E+03  3.6299707E+02  1.9092417E+01  0.0000000E+00  0.0000000E+00  0.0000000E+00  0.0000000E+00  4.1871938E+03 -1.9323868E-01
     1.8660000E+03    194.8636096  2.0654276E+07  1.0620000E+03  0.0000000E+00  3.5981824E+03  4.1587421E+01  0.0000000E+00  5.0012666E+03  3.6282483E+02  1.9093882E+01  0.0000000E+00  0.0000000E+00  0.0000000E+00  0.0000000E+00  4.1734946E+03  1.4925785E-02
     1.8670000E+03    194.8666245  2.0655382E+07  1.1060000E+03  0.0000000E+00  3.5341301E+03  4.0295086E+01  0.0000000E+00  4.9812271E+03  3.6251810E+02  1.9095509E+01  0.0000000E+00  0.0000000E+00  0.0000000E+00  0.0000000E+00  4.1585640E+03 -4.4145915E-03
     1.8680000E+03    194.8691830  2.0656322E+07  9.4000000E+02  0.0000000E+00  3.6788440E+03  3.9059715E+01  0.0000000E+00  4.9599365E+03  3.6228625E+02  1.9096951E+01  0.0000000E+00  0.0000000E+00  0.0000000E+00  0.0000000E+00  4.1446084E+03 -2.4628969E-02
     1.8690000E+03    194.8717970  2.0657280E+07  9.5800000E+02  0.0000000E+00  3.6405390E+03  3.7878056E+01  0.0000000E+00  4.9396572E+03  3.6204266E+02  1.9098368E+01  0.0000000E+00  0.0000000E+00  0.0000000E+00  0.0000000E+00  4.1298999E+03 -4.3094009E-02
     1.8700000E+03    194.8732339  2.0657808E+07  5.2800000E+02  0.0000000E+00  4.0572276E+03  3.6747066E+01  0.0000000E+00  4.9181870E+03  3.6178452E+02  1.9099278E+01  0.0000000E+00  0.0000000E+00  0.0000000E+00  0.0000000E+00  4.1153838E+03 -2.2557810E-01
     1.8710000E+03    194.8764878  2.0659002E+07  1.1940000E+03  0.0000000E+00  3.3598489E+03  3.5663956E+01  0.0000000E+00  4.8988057E+03  3.6160843E+02  1.9100851E+01  0.0000000E+00  0.0000000E+00  0.0000000E+00  0.0000000E+00  4.1020688E+03 -1.7910517E-03
     1.8720000E+03    194.8805421  2.0660490E+07  1.4880000E+03  0.0000000E+00  3.0469107E+03  3.4626087E+01  0.0000000E+00  4.8803247E+03  3.6135205E+02  1.9102970E+01  0.0000000E+00  0.0000000E+00  0.0000000E+00  0.0000000E+00  4.0875942E+03 -8.4444201E-03
     1.8730000E+03    194.8848622  2.0662074E+07  1.5840000E+03  0.0000000E+00  2.9279693E+03  3.3631027E+01  0.0000000E+00  4.8597466E+03  3.6121790E+02  1.9105292E+01  0.0000000E+00  0.0000000E+00  0.0000000E+00  0.0000000E+00  4.0744363E+03  2.2177016E-02
     1.8740000E+03    194.8892900  2.0663698E+07  1.6240000E+03  0.0000000E+00  2.8590408E+03  3.2676483E+01  0.0000000E+00  4.8421206E+03  3.6095090E+02  1.9107690E+01  0.0000000E+00  0.0000000E+00  0.0000000E+00  0.0000000E+00  4.0601240E+03  2.3995891E-01
     1.8750000E+03    194.8940731  2.0665454E+07  1.7560000E+03  0.0000000E+00  2.7187797E+03  3.1760324E+01  0.0000000E+00  4.8218936E+03  3.6076099E+02  1.9110254E+01  0.0000000E+00  0.0000000E+00  0.0000000E+00  0.0000000E+00  4.0462043E+03 -2.0542674E-02
     1.8760000E+03    194.9198740  2.0674920E+07  9.4660000E+03  6.1096312E+03  3.5172721E+03  2.4382561E+03  0.0000000E+00  4.8162896E+03  3.6107883E+02  1.9122007E+01  0.0000000E+00  0.0000000E+00  0.0000000E+00  0.0000000E+00  4.0422434E+03  5.2612671E-03
     1.8770000E+03    195.0526007  2.0723620E+07  4.8700000E+04  2.5002327E+04  2.8007937E+03  2.5336232E+04  0.0000000E+00  4.9810815E+03  3.6370312E+02  1.9182597E+01  0.0000000E+00  3.4367485E+03  0.0000000E+00  0.0000000E+00  4.1440796E+03 -1.4263695E-03
     1.8780000E+03    195.0525371  2.0723596E+07 -2.4000000E+01  6.5052335E+01  2.7508633E+03  1.2933928E+03  0.0000000E+00  5.1747051E+03  3.6365228E+02  1.9197015E+01  0.0000000E+00  3.4227498E+03  0.0000000E+00  0.0000000E+00  4.2636343E+03  1.0493285E-02
     1.8790000E+03    195.0522793  2.0723502E+07 -9.4000000E+01  0.0000000E+00  2.7369009E+03  1.0440997E+03  0.0000000E+00  5.3465552E+03  3.6324167E+02  1.9196896E+01  0.0000000E+00  3.3659324E+03  0.0000000E+00  0.0000000E+00  4.3706519E+03 -9.5167561E-03
     1.8800000E+03    195.0528658  2.0723718E+07  2.1600000E+02  0.0000000E+00  2.2753734E+03  8.8335309E+02  0.0000000E+00  5.4845142E+03  3.6292609E+02  1.9197124E+01  0.0000000E+00  3.4951641E+03  0.0000000E+00  0.0000000E+00  4.4575474E+03 -1.2460327E-02
     1.8810000E+03    195.0529051  2.0723732E+07  1.4000000E+01  0.0000000E+00  2.4537555E+03  7.6305896E+02  0.0000000E+00  5.5907627E+03  3.6263205E+02  1.9197204E+01  0.0000000E+00  3.5038208E+03  0.0000000E+00  0.0000000E+00  4.5251514E+03  6.5551712E-03
     1.8820000E+03    195.0532714  2.0723866E+07  1.3400000E+02  0.0000000E+00  2.2412329E+03  6.6927032E+02  0.0000000E+00  5.6724404E+03  3.6232791E+02  1.9197368E+01  0.0000000E+00  3.5845371E+03  0.0000000E+00  0.0000000E+00  4.5777319E+03  6.5599903E-03
     1.8830000E+03    195.0537525  2.0724042E+07  1.7600000E+02  0.0000000E+00  2.0806983E+03  5.9387451E+02  0.0000000E+00  5.7351182E+03  3.6203195E+02  1.9197618E+01  0.0000000E+00  3.6905403E+03  0.0000000E+00  0.0000000E+00  4.6182891E+03  8.2859006E-03
     1.8840000E+03    195.0538849  2.0724090E+07  4.8000000E+01  0.0000000E+00  2.1654453E+03  5.3182892E+02  0.0000000E+00  5.7828384E+03  3.6174142E+02  1.9197728E+01  0.0000000E+00  3.7197090E+03  0.0000000E+00  0.0000000E+00  4.6491348E+03  9.0934122E-03
     1.8850000E+03    195.0531686  2.0723828E+07 -2.6200000E+02  0.0000000E+00  2.6190518E+03  4.7983157E+02  0.0000000E+00  5.8189463E+03  3.6145035E+02  1.9197430E+01  0.0000000E+00  3.5618901E+03  0.0000000E+00  0.0000000E+00  4.6722559E+03 -1.2375228E-02
     1.8860000E+03    195.0527337  2.0723668E+07 -1.6000000E+02  0.0000000E+00  2.5835356E+03  4.3561765E+02  0.0000000E+00  5.8465771E+03  3.6121759E+02  1.9197163E+01  0.0000000E+00  3.4660520E+03  0.0000000E+00  0.0000000E+00  4.6897026E+03  1.8961708E-01
     1.8870000E+03    195.0527502  2.0723674E+07  6.0000000E+00  0.0000000E+00  2.4043940E+03  3.9757666E+02  0.0000000E+00  5.8626294E+03  3.6085901E+02  1.9197123E+01  0.0000000E+00  3.4696934E+03  0.0000000E+00  0.0000000E+00  4.6997188E+03  9.9836965E-04
     1.8880000E+03    195.0522990  2.0723510E+07 -1.6400000E+02  0.0000000E+00  2.6534541E+03  3.6452475E+02  0.0000000E+00  5.8734209E+03  3.6053632E+02  1.9196928E+01  0.0000000E+00  3.3702915E+03  0.0000000E+00  0.0000000E+00  4.7062505E+03 -2.3943283E-02
     1.8890000E+03    195.0516524  2.0723272E+07 -2.3800000E+02  0.0000000E+00  2.8453344E+03  3.3556970E+02  0.0000000E+00  5.8797705E+03  3.6026157E+02  1.9196597E+01  0.0000000E+00  3.2278137E+03  0.0000000E+00  0.0000000E+00  4.7099902E+03  1.1373493E-02
     1.8900000E+03    195.0531239  2.0723812E+07  5.4000000E+02  0.0000000E+00  1.7207090E+03  3.1002286E+02  0.0000000E+00  5.8810112E+03  3.5996451E+02  1.9197168E+01  0.0000000E+00  3.5520376E+03  0.0000000E+00  0.0000000E+00  4.7105166E+03 -1.4117568E-02
     1.8910000E+03    195.0551487  2.0724554E+07  7.4200000E+02  0.0000000E+00  1.0457878E+03  2.8734283E+02  0.0000000E+00  5.8776528E+03  3.5969092E+02  1.9198209E+01  0.0000000E+00  3.9981597E+03  0.0000000E+00  0.0000000E+00  4.7082534E+03  2.5740718E-03
     1.8920000E+03    195.0561102  2.0724908E+07  3.5400000E+02  0.0000000E+00  1.1954674E+03  2.6709781E+02  0.0000000E+00  5.8701240E+03  3.5938635E+02  1.9198848E+01  0.0000000E+00  4.2100107E+03  0.0000000E+00  0.0000000E+00  4.7033589E+03 -1.3708297E-02
     1.8930000E+03    195.1022495  2.0741836E+07  1.6928000E+04  1.7375721E+04  1.6824049E+03  1.3985973E+04  0.0000000E+00  5.9516890E+03  3.6011841E+02  1.9219040E+01  0.0000000E+00  1.8322521E+04  0.0000000E+00  0.0000000E+00  4.7475801E+03  2.9993008E-03
     1.8940000E+03    195.0876193  2.0736468E+07 -5.3680000E+03  0.0000000E+00  1.1284023E+03  1.4040488E+03  0.0000000E+00  6.0473115E+03  3.5961786E+02  1.9217692E+01  0.0000000E+00  1.1312110E+04  0.0000000E+00  0.0000000E+00  4.7998706E+03  9.1414549E-05
     1.8950000E+03    195.0791202  2.0733350E+07 -3.1180000E+03  0.0000000E+00  7.2487089E+02  1.1334412E+03  0.0000000E+00  6.1311035E+03  3.5907007E+02  1.9212400E+01  0.0000000E+00  9.2798320E+03  0.0000000E+00  0.0000000E+00  4.8468506E+03 -4.2418404E-03
     1.8960000E+03    195.0737918  2.0731396E+07 -1.9540000E+03  0.0000000E+00  6.1448572E+02  9.4595245E+02  0.0000000E+00  6.1971846E+03  3.5867258E+02  1.9209155E+01  0.0000000E+00  8.1058271E+03  0.0000000E+00  0.0000000E+00  4.8847969E+03 -1.1619107E-02
     1.8970000E+03    195.0698187  2.0729938E+07 -1.4580000E+03  0.0000000E+00  9.0512627E+02  8.0852502E+02  0.0000000E+00  6.2467446E+03  3.5836115E+02  1.9206845E+01  0.0000000E+00  7.2304116E+03  0.0000000E+00  0.0000000E+00  4.9136733E+03  1.9157042E-03
     1.8980000E+03    195.0670257  2.0728912E+07 -1.0260000E+03  0.0000000E+00  1.0211293E+03  7.0338373E+02  0.0000000E+00  6.2871562E+03  3.5991318E+02  1.9205197E+01  0.0000000E+00  6.6150347E+03  0.0000000E+00  0.0000000E+00  4.9371812E+03  1.5692679E-02
     1.8990000E+03    195.0644343  2.0727962E+07 -9.5000000E+02  0.0000000E+00  1.4607415E+03  6.2024402E+02  0.0000000E+00  6.3104878E+03  3.5751852E+02  1.9203765E+01  0.0000000E+00  6.0440762E+03  0.0000000E+00  0.0000000E+00  4.9514980E+03 -1.0246947E-02
     1.9000000E+03    195.0626098  2.0727292E+07 -6.7000000E+02  0.0000000E+00  1.5297719E+03  5.5277893E+02  0.0000000E+00  6.3267422E+03  3.5791797E+02  1.9202689E+01  0.0000000E+00  5.6420693E+03  0.0000000E+00  0.0000000E+00  4.9616372E+03  7.4060783E-03
     1.9010000E+03    195.0618016  2.0726996E+07 -2.9600000E+02  0.0000000E+00  1.2868369E+03  4.9689850E+02  0.0000000E+00  6.3346147E+03  3.5706522E+02  1.9202138E+01  0.0000000E+00  5.4639946E+03  0.0000000E+00  0.0000000E+00  4.9667822E+03  5.8165435E-03
     1.9020000E+03    195.0604200  2.0726488E+07 -5.0800000E+02  0.0000000E+00  1.7574964E+03  4.4984052E+02  0.0000000E+00  6.3360054E+03  3.5649637E+02  1.9201449E+01  0.0000000E+00  5.1595825E+03  0.0000000E+00  0.0000000E+00  4.9678955E+03  1.4656250E-02
     1.9030000E+03    195.0592934  2.0726076E+07 -4.1200000E+02  0.0000000E+00  1.8684639E+03  4.0967227E+02  0.0000000E+00  6.3321689E+03  3.5616699E+02  1.9200808E+01  0.0000000E+00  4.9113643E+03  0.0000000E+00  0.0000000E+00  4.9659429E+03 -1.8930191E-02
     1.9040000E+03    195.0580608  2.0725624E+07 -4.5200000E+02  0.0000000E+00  2.1359745E+03  3.7499673E+02  0.0000000E+00  6.3236250E+03  3.5589163E+02  1.9200149E+01  0.0000000E+00  4.6397969E+03  0.0000000E+00  0.0000000E+00  4.9612393E+03 -3.3800006E-03
     1.9050000E+03    195.0570580  2.0725256E+07 -3.6800000E+02  0.0000000E+00  2.2303251E+03  3.4477811E+02  0.0000000E+00  6.3111421E+03  3.5553296E+02  1.9199578E+01  0.0000000E+00  4.4188315E+03  0.0000000E+00  0.0000000E+00  4.9541460E+03  4.4491020E-04
     1.9060000E+03    195.0565456  2.0725068E+07 -1.8800000E+02  0.0000000E+00  2.1209065E+03  3.1822919E+02  0.0000000E+00  6.2950449E+03  3.5522290E+02  1.9199246E+01  0.0000000E+00  4.3059399E+03  0.0000000E+00  0.0000000E+00  4.9449741E+03  7.8971942E-05
     1.9070000E+03    195.0564468  2.0725030E+07 -3.8000000E+01  0.0000000E+00  1.9503069E+03  2.9473993E+02  0.0000000E+00  6.2776035E+03  3.5490778E+02  1.9199147E+01  0.0000000E+00  4.2841743E+03  0.0000000E+00  0.0000000E+00  4.9350767E+03  2.6561970E-02
     1.9080000E+03    195.0560615  2.0724890E+07 -1.4000000E+02  0.0000000E+00  2.1047931E+03  2.7383017E+02  0.0000000E+00  6.2555405E+03  3.5469125E+02  1.9198968E+01  0.0000000E+00  4.1992876E+03  0.0000000E+00  0.0000000E+00  4.9226035E+03 -1.2878311E-01
     1.9090000E+03    195.0560212  2.0724874E+07 -1.6000000E+01  0.0000000E+00  1.9409510E+03  2.5511531E+02  0.0000000E+00  6.2349912E+03  3.5436520E+02  1.9198909E+01  0.0000000E+00  4.1903965E+03  0.0000000E+00  0.0000000E+00  4.9108975E+03  1.8368032E-02
     1.9100000E+03    195.0561046  2.0724906E+07  3.2000000E+01  0.0000000E+00  1.8463572E+03  2.3828368E+02  0.0000000E+00  6.2083335E+03  3.5411038E+02  1.9198941E+01  0.0000000E+00  4.2087837E+03  0.0000000E+00  0.0000000E+00  4.8958359E+03 -2.1457021E-01
     1.9110000E+03    195.0555709  2.0724710E+07 -1.9600000E+02  0.0000000E+00  2.1493659E+03  2.2307957E+02  0.0000000E+00  6.1800518E+03  3.5391330E+02  1.9198718E+01  0.0000000E+00  4.0911877E+03  0.0000000E+00  0.0000000E+00  4.8798086E+03 -2.1975982E-01
     1.9120000E+03    195.0560185  2.0724874E+07  1.6400000E+02  0.0000000E+00  1.6344192E+03  2.0929155E+02  0.0000000E+00  6.1518975E+03  3.5353186E+02  1.9198854E+01  0.0000000E+00  4.1898076E+03  0.0000000E+00  0.0000000E+00  4.8637070E+03  3.6383970E-03
     1.9130000E+03    195.0558505  2.0724812E+07 -6.2000000E+01  0.0000000E+00  1.8619104E+03  1.9674272E+02  0.0000000E+00  6.1217222E+03  3.5325629E+02  1.9198830E+01  0.0000000E+00  4.1527974E+03  0.0000000E+00  0.0000000E+00  4.8466323E+03 -1.0486274E-01
     1.9140000E+03    195.0562309  2.0724952E+07  1.4000000E+02  0.0000000E+00  1.5344355E+03  1.8528412E+02  0.0000000E+00  6.0907559E+03  3.5295883E+02  1.9198977E+01  0.0000000E+00  4.2366108E+03  0.0000000E+00  0.0000000E+00  4.8291001E+03 -1.1415718E-01
     1.9150000E+03    195.0547915  2.0724424E+07 -5.2800000E+02  0.0000000E+00  2.4701096E+03  1.7478918E+02  0.0000000E+00  6.0585664E+03  3.5275482E+02  1.9198392E+01  0.0000000E+00  3.9194536E+03  0.0000000E+00  0.0000000E+00  4.8109473E+03 -2.3830868E-03
     1.9160000E+03    195.0550738  2.0724528E+07  1.0400000E+02  0.0000000E+00  1.7417621E+03  1.6515022E+02  0.0000000E+00  6.0269697E+03  3.5237646E+02  1.9198358E+01  0.0000000E+00  3.9816660E+03  0.0000000E+00  0.0000000E+00  4.7930225E+03 -1.1115438E-01
     1.9170000E+03    195.0547520  2.0724410E+07 -1.1800000E+02  0.0000000E+00  2.0025919E+03  1.5627454E+02  0.0000000E+00  5.9940640E+03  3.5211545E+02  1.9198249E+01  0.0000000E+00  3.9107629E+03  0.0000000E+00  0.0000000E+00  4.7744819E+03 -2.5983992E-01
     1.9180000E+03    195.0550299  2.0724512E+07  1.0200000E+02  0.0000000E+00  1.6726878E+03  1.4808200E+02  0.0000000E+00  5.9624355E+03  3.5179333E+02  1.9198335E+01  0.0000000E+00  3.9719937E+03  0.0000000E+00  0.0000000E+00  4.7565312E+03 -1.1709767E-01
     1.9190000E+03    195.0540975  2.0724168E+07 -3.4400000E+02  0.0000000E+00  2.2867708E+03  1.4050296E+02  0.0000000E+00  5.9305439E+03  3.5160455E+02  1.9197959E+01  0.0000000E+00  3.7665427E+03  0.0000000E+00  0.0000000E+00  4.7384985E+03 -1.4116880E-01
     1.9200000E+03    195.0536402  2.0724002E+07 -1.6600000E+02  0.0000000E+00  2.1943074E+03  1.3347670E+02  0.0000000E+00  5.8967036E+03  3.5145871E+02  1.9197659E+01  0.0000000E+00  3.6657959E+03  0.0000000E+00  0.0000000E+00  4.7195190E+03 -5.5498189E-01
     1.9210000E+03    195.0529574  2.0723750E+07 -2.5200000E+02  0.0000000E+00  2.3741874E+03  1.2694990E+02  0.0000000E+00  5.8655625E+03  3.5104819E+02  1.9197312E+01  0.0000000E+00  3.5153577E+03  0.0000000E+00  0.0000000E+00  4.7018252E+03 -2.4407080E-01
     1.9220000E+03    195.0526431  2.0723636E+07 -1.1400000E+02  0.0000000E+00  2.2681678E+03  1.2087571E+02  0.0000000E+00  5.8352578E+03  3.5067059E+02  1.9197100E+01  0.0000000E+00  3.4460942E+03  0.0000000E+00  0.0000000E+00  4.6845776E+03 -2.3005068E-01
     1.9230000E+03    195.0525440  2.0723598E+07 -3.8000000E+01  0.0000000E+00  2.1701243E+03  1.1521272E+02  0.0000000E+00  5.8058481E+03  3.5033423E+02  1.9197023E+01  0.0000000E+00  3.4242678E+03  0.0000000E+00  0.0000000E+00  4.6678242E+03 -8.1536807E-02
     1.9240000E+03    195.0521403  2.0723450E+07 -1.4800000E+02  0.0000000E+00  2.3365234E+03  1.0992427E+02  0.0000000E+00  5.7760649E+03  3.5006647E+02  1.9196837E+01  0.0000000E+00  3.3353167E+03  0.0000000E+00  0.0000000E+00  4.6509800E+03 -1.1775614E-01
     1.9250000E+03    195.0519444  2.0723378E+07 -7.2000000E+01  6.7546900E+02  3.0700863E+03  2.0931331E+02  0.0000000E+00  5.7443589E+03  3.4984052E+02  1.9196707E+01  0.0000000E+00  3.2921558E+03  0.0000000E+00  0.0000000E+00  4.6332695E+03 -4.4774058E-01
     1.9260000E+03    195.0514050  2.0723182E+07 -1.9600000E+02  0.0000000E+00  2.5539907E+03  1.5104616E+02  0.0000000E+00  5.7140972E+03  3.4969461E+02  1.9196451E+01  0.0000000E+00  3.1733164E+03  0.0000000E+00  0.0000000E+00  4.6162998E+03 -5.7502538E-01
     1.9270000E+03    195.0511019  2.0723070E+07 -1.1200000E+02  0.0000000E+00  2.4727151E+03  1.4196028E+02  0.0000000E+00  5.6875444E+03  3.4918625E+02  1.9196261E+01  0.0000000E+00  3.1065322E+03  0.0000000E+00  0.0000000E+00  4.6012505E+03 -1.0298220E-01
     1.9280000E+03    195.0504265  2.0722822E+07 -2.4800000E+02  0.0000000E+00  2.7237759E+03  1.3374031E+02  0.0000000E+00  5.6612534E+03  3.4893082E+02  1.9195933E+01  0.0000000E+00  2.9577227E+03  0.0000000E+00  0.0000000E+00  4.5864487E+03 -1.0962391E-01
     1.9290000E+03    195.0532707  2.0723866E+07  1.0440000E+03  1.2142416E+03  2.2295107E+03  3.6433969E+02  0.0000000E+00  5.6359570E+03  3.4856177E+02  1.9197098E+01  0.0000000E+00  3.5843733E+03  0.0000000E+00  0.0000000E+00  4.5716797E+03 -1.5392503E-01
     1.9300000E+03    195.0522246  2.0723482E+07 -3.8400000E+02  0.0000000E+00  2.5188330E+03  2.2550479E+02  0.0000000E+00  5.6111763E+03  3.4853082E+02  1.9196952E+01  0.0000000E+00  3.3538906E+03  0.0000000E+00  0.0000000E+00  4.5585122E+03 -3.1680432E-01
     1.9310000E+03    195.0513300  2.0723154E+07 -3.2800000E+02  0.0000000E+00  2.6065963E+03  2.0575017E+02  0.0000000E+00  5.5901890E+03  3.4815512E+02  1.9196449E+01  0.0000000E+00  3.1567769E+03  0.0000000E+00  0.0000000E+00  4.5467393E+03 -1.1068258E-01
     1.9320000E+03    195.0503762  2.0722804E+07 -3.5000000E+02  0.0000000E+00  2.8187714E+03  1.8885524E+02  0.0000000E+00  5.5681538E+03  3.4823776E+02  1.9195936E+01  0.0000000E+00  2.9466233E+03  0.0000000E+00  0.0000000E+00  4.5345430E+03 -4.2100209E-01
     1.9330000E+03    195.0502431  2.0722754E+07 -5.0000000E+01  0.0000000E+00  2.5084376E+03  1.7424879E+02  0.0000000E+00  5.5471328E+03  3.4755154E+02  1.9195775E+01  0.0000000E+00  2.9172930E+03  0.0000000E+00  0.0000000E+00  4.5229341E+03 -3.6419976E-01
     1.9340000E+03    195.0501059  2.0722704E+07 -5.0000000E+01  0.0000000E+00  2.5025440E+03  1.6150108E+02  0.0000000E+00  5.5274883E+03  3.4719513E+02  1.9195700E+01  0.0000000E+00  2.8870806E+03  0.0000000E+00  0.0000000E+00  4.5120869E+03 -2.9579282E-01
     1.9350000E+03    195.0503340  2.0722788E+07  8.4000000E+01  0.0000000E+00  2.2851073E+03  1.5031209E+02  0.0000000E+00  5.5087480E+03  3.4686740E+02  1.9195785E+01  0.0000000E+00  2.9373296E+03  0.0000000E+00  0.0000000E+00  4.5017271E+03 -2.3750286E-01
     1.9360000E+03    195.0497737  2.0722582E+07 -2.0600000E+02  0.0000000E+00  2.6773413E+03  1.4039288E+02  0.0000000E+00  5.4899653E+03  3.4683676E+02  1.9195566E+01  0.0000000E+00  2.8138889E+03  0.0000000E+00  0.0000000E+00  4.4914727E+03 -3.5689533E-01
     1.9370000E+03    195.0499186  2.0722636E+07  5.4000000E+01  0.0000000E+00  2.3544365E+03  1.3154034E+02  0.0000000E+00  5.4723428E+03  3.4631586E+02  1.9195568E+01  0.0000000E+00  2.8458127E+03  0.0000000E+00  0.0000000E+00  4.4818018E+03 -2.8333798E-01
     1.9380000E+03    195.0492755  2.0722400E+07 -2.3600000E+02  0.0000000E+00  2.7654027E+03  1.2359212E+02  0.0000000E+00  5.4550522E+03  3.4632120E+02  1.9195304E+01  0.0000000E+00  2.7041113E+03  0.0000000E+00  0.0000000E+00  4.4723838E+03 -3.4936824E-01
     1.9390000E+03    195.0491220  2.0722344E+07 -5.6000000E+01  0.0000000E+00  2.5915534E+03  1.1644476E+02  0.0000000E+00  5.4387202E+03  3.4584351E+02  1.9195167E+01  0.0000000E+00  2.6702893E+03  0.0000000E+00  0.0000000E+00  4.4634858E+03 -2.7931628E-01
     1.9400000E+03    195.0477723  2.0721848E+07 -4.9600000E+02  0.0000000E+00  3.3075258E+03  1.0996205E+02  0.0000000E+00  5.4231875E+03  3.4594501E+02  1.9194562E+01  0.0000000E+00  2.3729041E+03  0.0000000E+00  0.0000000E+00  4.4550327E+03 -2.7160257E-01
     1.9410000E+03    195.0480288  2.0721942E+07  9.4000000E+01  0.0000000E+00  2.6353793E+03  1.0405598E+02  0.0000000E+00  5.4081348E+03  3.4518182E+02  1.9194527E+01  0.0000000E+00  2.4294136E+03  0.0000000E+00  0.0000000E+00  4.4468770E+03 -1.9915906E-01
     1.9420000E+03    195.0472565  2.0721658E+07 -2.8400000E+02  0.0000000E+00  3.1700820E+03  9.8653374E+01  0.0000000E+00  5.3931680E+03  3.4522992E+02  1.9194219E+01  0.0000000E+00  2.2592583E+03  0.0000000E+00  0.0000000E+00  4.4388188E+03 -3.0970120E-01
     1.9430000E+03    195.0462927  2.0721306E+07 -3.5200000E+02  0.0000000E+00  3.4334619E+03  9.3693054E+01  0.0000000E+00  5.3790562E+03  3.4507611E+02  1.9193715E+01  0.0000000E+00  2.0469104E+03  0.0000000E+00  0.0000000E+00  4.4312100E+03 -3.4036416E-01
     1.9440000E+03    195.0455593  2.0721036E+07 -2.7000000E+02  0.0000000E+00  3.4749074E+03  8.9123405E+01  0.0000000E+00  5.3665107E+03  3.4433096E+02  1.9193291E+01  0.0000000E+00  1.8853237E+03  0.0000000E+00  0.0000000E+00  4.4244512E+03  3.2817926E-02
     1.9450000E+03    195.0446901  2.0720718E+07 -3.1800000E+02  0.0000000E+00  3.7088073E+03  8.4900612E+01  0.0000000E+00  5.3536841E+03  3.4423495E+02  1.9192833E+01  0.0000000E+00  1.6938073E+03  0.0000000E+00  0.0000000E+00  4.4176045E+03 -1.6402945E-01
     1.9460000E+03    195.0426871  2.0719982E+07 -7.3600000E+02  0.0000000E+00  4.5646892E+03  8.0987251E+01  0.0000000E+00  5.3408076E+03  3.4474948E+02  1.9191866E+01  0.0000000E+00  1.2524741E+03  0.0000000E+00  0.0000000E+00  4.4107471E+03 -3.7711012E-01
     1.9470000E+03    195.0466865  2.0721450E+07  1.4680000E+03  2.0564331E+03  3.9496173E+03  5.2382239E+02  0.0000000E+00  5.3331636E+03  3.4346713E+02  1.9193389E+01  0.0000000E+00  2.1336824E+03  0.0000000E+00  0.0000000E+00  4.4068433E+03 -6.8366863E-03
     1.9480000E+03    195.0467243  2.0721464E+07  1.4000000E+01  0.0000000E+00  3.0593908E+03  2.5033144E+02  0.0000000E+00  5.3272656E+03  3.4315137E+02  1.9193841E+01  0.0000000E+00  2.1420042E+03  0.0000000E+00  0.0000000E+00  4.4038105E+03 -2.5650186E-03
     1.9490000E+03    195.0471776  2.0721630E+07  1.6600000E+02  0.0000000E+00  2.7754901E+03  2.2352316E+02  0.0000000E+00  5.3222808E+03  3.4294058E+02  1.9194043E+01  0.0000000E+00  2.2418713E+03  0.0000000E+00  0.0000000E+00  4.4019146E+03  5.5556502E-03
     1.9500000E+03    195.0471205  2.0721608E+07 -2.2000000E+01  0.0000000E+00  2.9519522E+03  2.0135193E+02  0.0000000E+00  5.3208203E+03  3.4266684E+02  1.9194067E+01  0.0000000E+00  2.2292976E+03  0.0000000E+00  0.0000000E+00  4.4018384E+03  1.9159131E-02
     1.9510000E+03    195.0670392  2.0728918E+07  7.3100000E+03  6.5858571E+03  1.1051070E+03  3.4678167E+03  0.0000000E+00  5.3398579E+03  3.4275003E+02  1.9202732E+01  0.0000000E+00  6.6180205E+03  0.0000000E+00  0.0000000E+00  4.4137612E+03 -1.0061552E-02
     1.9520000E+03    195.0618808  2.0727024E+07 -1.8940000E+03  0.0000000E+00  2.3151929E+03  8.9952130E+02  0.0000000E+00  5.3660542E+03  3.4245041E+02  1.9202655E+01  0.0000000E+00  5.4814458E+03  0.0000000E+00  0.0000000E+00  4.4299233E+03  1.5740791E-02
     1.9530000E+03    195.0582442  2.0725690E+07 -1.3340000E+03  0.0000000E+00  2.3958669E+03  7.1034955E+02  0.0000000E+00  5.3926724E+03  3.4205655E+02  1.9200510E+01  0.0000000E+00  4.6801992E+03  0.0000000E+00  0.0000000E+00  4.4466768E+03 -4.0573440E-03
     1.9540000E+03    195.0960842  2.0739574E+07  1.3884000E+04  1.4808018E+04  3.2181920E+03  1.2534108E+04  0.0000000E+00  5.4900933E+03  3.4254123E+02  1.9216588E+01  0.0000000E+00  1.5368268E+04  0.0000000E+00  0.0000000E+00  4.5047856E+03  5.9488061E-06
     1.9550000E+03    195.1196066  2.0748206E+07  8.6320000E+03  1.6147132E+04  2.3686143E+03  1.6157324E+04  0.0000000E+00  5.6965679E+03  3.4284113E+02  1.9230947E+01  0.0000000E+00  2.6639654E+04  0.0000000E+00  0.0000000E+00  4.6251694E+03 -3.4641337E-03
     1.9560000E+03    195.1044846  2.0742656E+07 -5.5500000E+03  5.0250352E+03  2.4899342E+03  5.7398848E+03  0.0000000E+00  5.9315815E+03  3.4228076E+02  1.9226923E+01  0.0000000E+00  1.9393533E+04  0.0000000E+00  0.0000000E+00  4.7614658E+03  6.8660169E-03
     1.9570000E+03    195.0880036  2.0736610E+07 -6.0460000E+03  1.1201625E+03  4.4165197E+03  2.9534573E+03  0.0000000E+00  6.1528560E+03  3.4159067E+02  1.9218103E+01  0.0000000E+00  1.1496237E+04  0.0000000E+00  0.0000000E+00  4.8901489E+03 -6.6970191E-03
     1.9580000E+03    195.0784709  2.0733112E+07 -3.4980000E+03  1.1877853E+03  4.1691638E+03  2.6302815E+03  0.0000000E+00  6.3504487E+03  3.4103970E+02  1.9212159E+01  0.0000000E+00  9.1367734E+03  0.0000000E+00  0.0000000E+00  5.0059634E+03  2.3938529E-03
     1.9590000E+03    195.0707892  2.0730294E+07 -2.8180000E+03  3.0560212E+02  3.6905326E+03  1.8497532E+03  0.0000000E+00  6.5206494E+03  3.4055469E+02  1.9207777E+01  0.0000000E+00  7.4442456E+03  0.0000000E+00  0.0000000E+00  5.1058442E+03 -4.6642385E-03
     1.9600000E+03    195.0649582  2.0728154E+07 -2.1400000E+03  0.0000000E+00  3.7127381E+03  1.4277334E+03  0.0000000E+00  6.6643594E+03  3.4011401E+02  1.9204403E+01  0.0000000E+00  6.1595000E+03  0.0000000E+00  0.0000000E+00  5.1898149E+03  5.2495375E-03
     1.9610000E+03    195.0601833  2.0726402E+07 -1.7520000E+03  0.0000000E+00  4.2556103E+03  1.1871652E+03  0.0000000E+00  6.7828203E+03  3.3970215E+02  1.9201689E+01  0.0000000E+00  5.1074429E+03  0.0000000E+00  0.0000000E+00  5.2579468E+03  2.8125764E-04
     1.9620000E+03    195.0551537  2.0724556E+07 -1.8460000E+03  0.0000000E+00  5.3771880E+03  1.0104437E+03  0.0000000E+00  6.8790557E+03  3.3928830E+02  1.9198980E+01  0.0000000E+00  3.9992603E+03  0.0000000E+00  0.0000000E+00  5.3121865E+03  5.7932059E-03
     1.9630000E+03    195.0540475  2.0724150E+07 -4.0600000E+02  0.0000000E+00  4.1228184E+03  8.7475671E+02  0.0000000E+00  6.9558501E+03  3.3895163E+02  1.9197951E+01  0.0000000E+00  3.7555256E+03  0.0000000E+00  0.0000000E+00  5.3545156E+03  1.3694294E-03
     1.9640000E+03    195.0580676  2.0725626E+07  1.4760000E+03  1.7309619E+03  3.6814148E+03  1.4055387E+03  0.0000000E+00  7.0191890E+03  3.3873547E+02  1.9199581E+01  0.0000000E+00  4.6412910E+03  0.0000000E+00  0.0000000E+00  5.3884272E+03 -9.3659014E-03
     1.9650000E+03    195.0568504  2.0725180E+07 -4.4600000E+02  0.0000000E+00  3.7054509E+03  9.1939221E+02  0.0000000E+00  7.0700464E+03  3.3844034E+02  1.9199488E+01  0.0000000E+00  4.3731064E+03  0.0000000E+00  0.0000000E+00  5.4148188E+03 -8.9944443E-03
     1.9660000E+03    195.0558856  2.0724826E+07 -3.5400000E+02  0.0000000E+00  3.7392657E+03  7.9374365E+02  0.0000000E+00  7.1093643E+03  3.3812576E+02  1.9198936E+01  0.0000000E+00  4.1605254E+03  0.0000000E+00  0.0000000E+00  5.4346006E+03 -1.0052881E-04
     1.9670000E+03    195.0574087  2.0725384E+07  5.5800000E+02  1.5955237E+03  4.5669721E+03  1.2416074E+03  0.0000000E+00  7.1418579E+03  3.3785751E+02  1.9199494E+01  0.0000000E+00  4.4961094E+03  0.0000000E+00  0.0000000E+00  5.4504766E+03  8.5237687E-03
     1.9680000E+03    195.0560620  2.0724890E+07 -4.9400000E+02  0.0000000E+00  3.9330955E+03  8.2824451E+02  0.0000000E+00  7.1668608E+03  3.3754773E+02  1.9199073E+01  0.0000000E+00  4.1993882E+03  0.0000000E+00  0.0000000E+00  5.4623145E+03 -1.4724538E-03
     1.9690000E+03    195.0551285  2.0724548E+07 -3.4200000E+02  0.0000000E+00  3.8936321E+03  7.1695618E+02  0.0000000E+00  7.1842920E+03  3.3722580E+02  1.9198520E+01  0.0000000E+00  3.9937073E+03  0.0000000E+00  0.0000000E+00  5.4702378E+03 -6.2547280E-03
     1.9700000E+03    195.0531481  2.0723820E+07 -7.2800000E+02  0.0000000E+00  4.6378421E+03  6.2959546E+02  0.0000000E+00  7.1951270E+03  3.3691196E+02  1.9197557E+01  0.0000000E+00  3.5573755E+03  0.0000000E+00  0.0000000E+00  5.4749653E+03  1.6319195E-02
     1.9710000E+03    195.0517931  2.0723324E+07 -4.9600000E+02  0.0000000E+00  4.6417500E+03  5.5916803E+02  0.0000000E+00  7.1999756E+03  3.3656876E+02  1.9196751E+01  0.0000000E+00  3.2588154E+03  0.0000000E+00  0.0000000E+00  5.4767539E+03 -1.4382902E-02
     1.9720000E+03    195.0509624  2.0723018E+07 -3.0600000E+02  0.0000000E+00  4.5740615E+03  5.0117670E+02  0.0000000E+00  7.1993442E+03  3.3629120E+02  1.9196242E+01  0.0000000E+00  3.0757793E+03  0.0000000E+00  0.0000000E+00  5.4759927E+03  1.4900965E-02
     1.9730000E+03    195.0497023  2.0722556E+07 -4.6200000E+02  0.0000000E+00  4.9556781E+03  4.5260040E+02  0.0000000E+00  7.1940542E+03  3.3598038E+02  1.9195603E+01  0.0000000E+00  2.7981440E+03  0.0000000E+00  0.0000000E+00  5.4729761E+03 -4.2391177E-03
     1.9740000E+03    195.0481331  2.0721980E+07 -5.7600000E+02  2.0312194E+02  5.6424775E+03  4.8477448E+02  0.0000000E+00  7.1860381E+03  3.3562448E+02  1.9194783E+01  0.0000000E+00  2.4523992E+03  0.0000000E+00  0.0000000E+00  5.4684941E+03  2.8315554E-03
     1.9750000E+03    195.1012474  2.0741468E+07  1.9488000E+04  1.8885247E+04  4.7893293E+03  1.6291116E+04  0.0000000E+00  7.2994658E+03  3.3651358E+02  1.9217735E+01  0.0000000E+00  1.7842381E+04  0.0000000E+00  0.0000000E+00  5.5233354E+03  9.1504247E-04
     1.9760000E+03    195.1525313  2.0760286E+07  1.8818000E+04  2.8409034E+04  5.5333946E+03  3.4008395E+04  0.0000000E+00  7.7531548E+03  3.3745483E+02  1.9245842E+01  0.0000000E+00  4.5463742E+04  0.0000000E+00  0.0000000E+00  5.7400225E+03 -1.7869399E-03
     1.9770000E+03    195.1172410  2.0747338E+07 -1.2948000E+04  4.8918607E+03  4.9272742E+03  4.7009253E+03  0.0000000E+00  8.2479102E+03  3.3653281E+02  1.9236060E+01  0.0000000E+00  2.5506137E+04  0.0000000E+00  0.0000000E+00  5.9778330E+03 -1.5731988E-03
     1.9780000E+03    195.0934115  2.0738594E+07 -8.7440000E+03  0.0000000E+00  5.2577380E+03  2.2913682E+03  0.0000000E+00  8.6654385E+03  3.3561563E+02  1.9221845E+01  0.0000000E+00  1.4087596E+04  0.0000000E+00  0.0000000E+00  6.1805063E+03  3.2221323E-03
     1.9790000E+03    195.0839676  2.0735128E+07 -3.4660000E+03  8.6905147E+02  4.8491606E+03  2.2287385E+03  0.0000000E+00  8.9884131E+03  3.3504449E+02  1.9215140E+01  0.0000000E+00  1.0347875E+04  0.0000000E+00  0.0000000E+00  6.3385063E+03  5.8400482E-03
     1.9800000E+03    195.0853400  2.0735632E+07  5.0400000E+02  3.3366009E+03  4.5595358E+03  3.4871714E+03  0.0000000E+00  9.2434883E+03  3.3474078E+02  1.9214710E+01  0.0000000E+00  1.0650243E+04  0.0000000E+00  0.0000000E+00  6.4619028E+03 -2.9478131E-03
     1.9810000E+03    195.0763989  2.0732352E+07 -3.2800000E+03  0.0000000E+00  5.5952321E+03  1.9114929E+03  0.0000000E+00  9.4368594E+03  3.3427820E+02  1.9210967E+01  0.0000000E+00  8.6802402E+03  0.0000000E+00  0.0000000E+00  6.5538613E+03 -4.1588629E-03
     1.9820000E+03    195.0859013  2.0735838E+07  3.4860000E+03  5.9658870E+03  6.5063756E+03  5.5441899E+03  0.0000000E+00  9.6101396E+03  3.3413638E+02  1.9214131E+01  0.0000000E+00  1.0773922E+04  0.0000000E+00  0.0000000E+00  6.6330229E+03  2.6910680E-03
     1.9830000E+03    195.0784737  2.0733112E+07 -2.7260000E+03  0.0000000E+00  5.1140082E+03  2.1266152E+03  0.0000000E+00  9.7524170E+03  3.3373044E+02  1.9211931E+01  0.0000000E+00  9.1373818E+03  0.0000000E+00  0.0000000E+00  6.6961958E+03  4.7877487E-03
     1.9840000E+03    195.0730321  2.0731116E+07 -1.9960000E+03  0.0000000E+00  5.2568879E+03  1.6898645E+03  0.0000000E+00  9.8613750E+03  3.3329742E+02  1.9208754E+01  0.0000000E+00  7.9384326E+03  0.0000000E+00  0.0000000E+00  6.7433921E+03 -4.3321643E-03
     1.9850000E+03    195.0670046  2.0728904E+07 -2.2120000E+03  0.0000000E+00  6.5931135E+03  1.4032847E+03  0.0000000E+00  9.9407139E+03  3.3286502E+02  1.9205538E+01  0.0000000E+00  6.6103862E+03  0.0000000E+00  0.0000000E+00  6.7770947E+03  3.1554140E-03
     1.9860000E+03    195.0660508  2.0728554E+07 -3.5000000E+02  1.4481648E+03  6.7865214E+03  1.7420615E+03  0.0000000E+00  9.9982871E+03  3.3252960E+02  1.9204466E+01  0.0000000E+00  6.4002285E+03  0.0000000E+00  0.0000000E+00  6.8007217E+03  2.2361026E-04
     1.9870000E+03    195.0629912  2.0727432E+07 -1.1220000E+03  0.0000000E+00  6.3182671E+03  1.2389353E+03  0.0000000E+00  1.0034220E+04  3.3217438E+02  1.9203030E+01  0.0000000E+00  5.7261089E+03  0.0000000E+00  0.0000000E+00  6.8146802E+03 -4.8293378E-03
     1.9880000E+03    195.0609586  2.0726686E+07 -7.4600000E+02  0.0000000E+00  6.2269312E+03  1.0601934E+03  0.0000000E+00  1.0050258E+04  3.3182935E+02  1.9201813E+01  0.0000000E+00  5.2782681E+03  0.0000000E+00  0.0000000E+00  6.8200381E+03  1.8532580E-03
     1.9890000E+03    195.0597771  2.0726252E+07 -4.3400000E+02  0.0000000E+00  6.0355237E+03  9.2162354E+02  0.0000000E+00  1.0049047E+04  3.3150900E+02  1.9201077E+01  0.0000000E+00  5.0179463E+03  0.0000000E+00  0.0000000E+00  6.8180742E+03  4.2987256E-03
     1.9900000E+03    195.0579146  2.0725570E+07 -6.8200000E+02  0.0000000E+00  6.5701328E+03  8.1095599E+02  0.0000000E+00  1.0033737E+04  3.3117996E+02  1.9200138E+01  0.0000000E+00  4.6075703E+03  0.0000000E+00  0.0000000E+00  6.8102935E+03 -1.2054462E-02
     1.9910000E+03    195.0569489  2.0725216E+07 -3.5400000E+02  0.0000000E+00  6.3371603E+03  7.2054382E+02  0.0000000E+00  1.0007136E+04  3.3086307E+02  1.9199514E+01  0.0000000E+00  4.3947930E+03  0.0000000E+00  0.0000000E+00  6.7980293E+03 -3.0313754E-03
     1.9920000E+03    195.0543069  2.0724246E+07 -9.7000000E+02  0.0000000E+00  7.4233015E+03  6.4535309E+02  0.0000000E+00  9.9709814E+03  3.3051941E+02  1.9198259E+01  0.0000000E+00  3.8126863E+03  0.0000000E+00  0.0000000E+00  6.7819570E+03  5.4367241E-03
     1.9930000E+03    195.0511891  2.0723102E+07 -1.1440000E+03  0.0000000E+00  8.1775565E+03  5.8191632E+02  0.0000000E+00  9.9267744E+03  3.3015994E+02  1.9196614E+01  0.0000000E+00  3.1257385E+03  0.0000000E+00  0.0000000E+00  6.7626680E+03  3.3522415E-04
     1.9940000E+03    195.0510044  2.0723034E+07 -6.8000000E+01  0.0000000E+00  7.0373383E+03  5.2775739E+02  0.0000000E+00  9.8758906E+03  3.2985559E+02  1.9196195E+01  0.0000000E+00  3.0850374E+03  0.0000000E+00  0.0000000E+00  6.7407637E+03  2.1076698E-03
     1.9950000E+03    195.0530922  2.0723800E+07  7.6600000E+02  0.0000000E+00  5.6417589E+03  4.8105600E+02  0.0000000E+00  9.8208730E+03  3.2987091E+02  1.9197083E+01  0.0000000E+00  3.5450503E+03  0.0000000E+00  0.0000000E+00  6.7173911E+03  5.0240895E-04
     1.9960000E+03    195.0517093  2.0723292E+07 -5.0800000E+02  0.0000000E+00  7.1202225E+03  4.4043945E+02  0.0000000E+00  9.7612598E+03  3.2933215E+02  1.9196709E+01  0.0000000E+00  3.2403533E+03  0.0000000E+00  0.0000000E+00  6.6920239E+03  5.5534667E-03
     1.9970000E+03    195.0512231  2.0723114E+07 -1.7800000E+02  0.0000000E+00  6.8000638E+03  4.0485104E+02  0.0000000E+00  9.6982949E+03  3.2903366E+02  1.9196346E+01  0.0000000E+00  3.1332349E+03  0.0000000E+00  0.0000000E+00  6.6653965E+03 -3.7233036E-03
     1.9980000E+03    195.0510686  2.0723058E+07 -5.6000000E+01  0.0000000E+00  6.6160581E+03  3.7346384E+02  0.0000000E+00  9.6330059E+03  3.2874680E+02  1.9196226E+01  0.0000000E+00  3.0991794E+03  0.0000000E+00  0.0000000E+00  6.6378906E+03 -7.0647397E-03
     1.9990000E+03    195.0503941  2.0722810E+07 -2.4800000E+02  0.0000000E+00  6.8657717E+03  3.4562030E+02  0.0000000E+00  9.5708770E+03  3.2842871E+02  1.9195916E+01  0.0000000E+00  2.9505718E+03  0.0000000E+00  0.0000000E+00  6.6117510E+03  5.2075810E-03
     2.0000000E+03    195.0496016  2.0722520E+07 -2.9000000E+02  0.0000000E+00  6.9923954E+03  3.2079077E+02  0.0000000E+00  9.5041562E+03  3.2817313E+02  1.9195497E+01  0.0000000E+00  2.7759597E+03  0.0000000E+00  0.0000000E+00  6.5837646E+03 -7.6748556E-03
     2.0010000E+03    195.0476785  2.0721814E+07 -7.0600000E+02  0.0000000E+00  7.7416605E+03  2.9854425E+02  0.0000000E+00  9.4368037E+03  3.2786716E+02  1.9194574E+01  0.0000000E+00  2.3522388E+03  0.0000000E+00  0.0000000E+00  6.5553984E+03  3.7038617E-03
     2.0020000E+03    195.0510081  2.0723036E+07  1.2220000E+03  2.3071596E+03  7.9042414E+03  8.7559711E+02  0.0000000E+00  9.3758574E+03  3.2765979E+02  1.9195814E+01  0.0000000E+00  3.0858491E+03  0.0000000E+00  0.0000000E+00  6.5296982E+03 -2.6438525E-03
     2.0030000E+03    195.0815397  2.0734238E+07  1.1202000E+04  1.0035663E+04  5.9855255E+03  7.9443408E+03  0.0000000E+00  9.3681562E+03  3.2802618E+02  1.9209468E+01  0.0000000E+00  9.8129238E+03  0.0000000E+00  0.0000000E+00  6.5263115E+03  1.7390052E-03
     2.0040000E+03    195.0716712  2.0730616E+07 -3.6220000E+03  0.0000000E+00  6.4501083E+03  1.4442271E+03  0.0000000E+00  9.3704062E+03  3.2761639E+02  1.9208495E+01  0.0000000E+00  7.6385859E+03  0.0000000E+00  0.0000000E+00  6.5274878E+03  7.7188625E-03
     2.0050000E+03    195.0625484  2.0727270E+07 -3.3460000E+03  0.0000000E+00  7.8767856E+03  1.1363511E+03  0.0000000E+00  9.3679795E+03  3.2710251E+02  1.9203449E+01  0.0000000E+00  5.6285366E+03  0.0000000E+00  0.0000000E+00  6.5272690E+03 -9.3626184E-03
     2.0060000E+03    195.0983858  2.0740418E+07  1.3148000E+04  1.4033308E+04  6.0185777E+03  1.2472284E+04  0.0000000E+00  9.4801221E+03  3.2753064E+02  1.9218058E+01  0.0000000E+00  1.6471145E+04  0.0000000E+00  0.0000000E+00  6.5744321E+03  3.4518905E-03
     2.0070000E+03    195.0841640  2.0735200E+07 -5.2180000E+03  0.0000000E+00  6.0166309E+03  1.9382670E+03  0.0000000E+00  9.5976309E+03  3.2705438E+02  1.9215767E+01  0.0000000E+00  1.0391148E+04  0.0000000E+00  0.0000000E+00  6.6248062E+03 -9.0346631E-04
     2.0080000E+03    195.1215422  2.0748916E+07  1.3716000E+04  1.7491503E+04  4.6529221E+03  1.8919877E+04  0.0000000E+00  9.8699805E+03  3.2748215E+02  1.9230492E+01  0.0000000E+00  2.7567170E+04  0.0000000E+00  0.0000000E+00  6.7378408E+03 -3.1228825E-03
     2.0090000E+03    195.1252039  2.0750258E+07  1.3420000E+03  1.1656950E+04  3.7610793E+03  1.2866837E+04  0.0000000E+00  1.0249158E+04  3.2736859E+02  1.9236154E+01  0.0000000E+00  2.9321752E+04  0.0000000E+00  0.0000000E+00  6.8929102E+03  4.3473993E-03
     2.0100000E+03    195.0995135  2.0740832E+07 -9.4260000E+03  0.0000000E+00  5.5172779E+03  2.8543843E+03  0.0000000E+00  1.0594074E+04  3.2657910E+02  1.9225369E+01  0.0000000E+00  1.7011521E+04  0.0000000E+00  0.0000000E+00  7.0362959E+03 -6.3184154E-04
     2.0110000E+03    195.0939056  2.0738776E+07 -2.0560000E+03  4.0476516E+03  6.9958636E+03  4.6631099E+03  0.0000000E+00  1.0897119E+04  3.2607364E+02  1.9220131E+01  0.0000000E+00  1.4324343E+04  0.0000000E+00  0.0000000E+00  7.1637744E+03 -7.4823732E-03
     2.0120000E+03    195.0919351  2.0738052E+07 -7.2400000E+02  2.9270310E+03  5.2534381E+03  4.1726958E+03  0.0000000E+00  1.1155788E+04  3.2573090E+02  1.9218663E+01  0.0000000E+00  1.3380127E+04  0.0000000E+00  0.0000000E+00  7.2725889E+03  5.2691158E-03
     2.0130000E+03    195.0827344  2.0734676E+07 -3.3760000E+03  0.0000000E+00  6.6065002E+03  2.2943625E+03  0.0000000E+00  1.1356896E+04  3.2525528E+02  1.9214443E+01  0.0000000E+00  1.0076154E+04  0.0000000E+00  0.0000000E+00  7.3580044E+03  7.8000542E-04
     2.0140000E+03    195.0735286  2.0731298E+07 -3.3780000E+03  0.0000000E+00  8.2970076E+03  1.8105758E+03  0.0000000E+00  1.1500490E+04  3.2475085E+02  1.9209434E+01  0.0000000E+00  8.0478325E+03  0.0000000E+00  0.0000000E+00  7.4198765E+03  1.5916362E-03
     2.0150000E+03    195.0662901  2.0728642E+07 -2.6560000E+03  0.0000000E+00  8.9440376E+03  1.4916729E+03  0.0000000E+00  1.1592883E+04  3.2428668E+02  1.9205281E+01  0.0000000E+00  6.4529502E+03  0.0000000E+00  0.0000000E+00  7.4606992E+03  4.7771930E-04
     2.0160000E+03    195.0602341  2.0726420E+07 -2.2220000E+03  0.0000000E+00  9.6702198E+03  1.2668978E+03  0.0000000E+00  1.1643003E+04  3.2385535E+02  1.9201856E+01  0.0000000E+00  5.1186353E+03  0.0000000E+00  0.0000000E+00  7.4839380E+03 -8.3897605E-05
     2.0170000E+03    195.0583978  2.0725746E+07 -6.7400000E+02  0.0000000E+00  8.3701791E+03  1.0939929E+03  0.0000000E+00  1.1659140E+04  3.2351016E+02  1.9200398E+01  0.0000000E+00  4.7140283E+03  0.0000000E+00  0.0000000E+00  7.4929463E+03  1.6073706E-03
     2.0180000E+03    195.0541713  2.0724196E+07 -1.5500000E+03  0.0000000E+00  1.0030653E+04  9.5666272E+02  0.0000000E+00  1.1648370E+04  3.2313571E+02  1.9198358E+01  0.0000000E+00  3.7828013E+03  0.0000000E+00  0.0000000E+00  7.4905835E+03 -5.3326795E-03
     2.0190000E+03    195.0526877  2.0723652E+07 -5.4400000E+02  0.0000000E+00  9.2076564E+03  8.4498981E+02  0.0000000E+00  1.1616252E+04  3.2280460E+02  1.9197252E+01  0.0000000E+00  3.4559253E+03  0.0000000E+00  0.0000000E+00  7.4792539E+03 -2.6280780E-03
     2.0200000E+03    195.0528912  2.0723726E+07  7.4000000E+01  0.0000000E+00  8.4024500E+03  7.5253424E+02  0.0000000E+00  1.1567079E+04  3.2252197E+02  1.9197179E+01  0.0000000E+00  3.5007681E+03  0.0000000E+00  0.0000000E+00  7.4607764E+03  5.4854094E-03
     2.0210000E+03    195.0526763  2.0723648E+07 -7.8000000E+01  0.0000000E+00  8.4636732E+03  6.7488696E+02  0.0000000E+00  1.1504771E+04  3.2223721E+02  1.9197108E+01  0.0000000E+00  3.4534128E+03  0.0000000E+00  0.0000000E+00  7.4368008E+03 -7.0343292E-03
     2.0220000E+03    195.0511090  2.0723072E+07 -5.7600000E+02  0.0000000E+00  9.1686628E+03  6.0890894E+02  0.0000000E+00  1.1433837E+04  3.2187903E+02  1.9196402E+01  0.0000000E+00  3.1080818E+03  0.0000000E+00  0.0000000E+00  7.4091743E+03  7.3370934E-03
     2.0230000E+03    195.0505297  2.0722860E+07 -2.1200000E+02  0.0000000E+00  8.7973526E+03  5.5229077E+02  0.0000000E+00  1.1353797E+04  3.2164008E+02  1.9195979E+01  0.0000000E+00  2.9804470E+03  0.0000000E+00  0.0000000E+00  7.3778418E+03 -4.5207362E-03
     2.0240000E+03    195.0483931  2.0722076E+07 -7.8400000E+02  0.0000000E+00  9.7046911E+03  5.0328979E+02  0.0000000E+00  1.1267646E+04  3.2130768E+02  1.9194986E+01  0.0000000E+00  2.5096890E+03  0.0000000E+00  0.0000000E+00  7.3438760E+03  4.2780914E-04
     2.0250000E+03    195.0480221  2.0721940E+07 -1.3600000E+02  0.0000000E+00  9.0054860E+03  4.6056583E+02  0.0000000E+00  1.1176939E+04  3.2101901E+02  1.9194592E+01  0.0000000E+00  2.4279417E+03  0.0000000E+00  0.0000000E+00  7.3080229E+03 -1.1529330E-03
     2.0260000E+03    195.0481940  2.0722002E+07  6.2000000E+01  0.0000000E+00  8.6367824E+03  4.2306870E+02  0.0000000E+00  1.1082573E+04  3.2075406E+02  1.9194626E+01  0.0000000E+00  2.4658247E+03  0.0000000E+00  0.0000000E+00  7.2705708E+03  9.4383042E-03
     2.0270000E+03    195.0488585  2.0722246E+07  2.4400000E+02  0.0000000E+00  8.1798002E+03  3.8996405E+02  0.0000000E+00  1.0985565E+04  3.2048837E+02  1.9194934E+01  0.0000000E+00  2.6122332E+03  0.0000000E+00  0.0000000E+00  7.2319595E+03 -1.6568598E-03
     2.0280000E+03    195.0458961  2.0721160E+07 -1.0860000E+03  0.0000000E+00  1.0035575E+04  3.6058145E+02  0.0000000E+00  1.0886899E+04  3.2015286E+02  1.9193717E+01  0.0000000E+00  1.9595167E+03  0.0000000E+00  0.0000000E+00  7.1925220E+03 -7.7590183E-03
     2.0290000E+03    195.0471945  2.0721636E+07  4.7600000E+02  8.7772419E+02  9.1292536E+03  5.0173846E+02  0.0000000E+00  1.0811540E+04  3.2052139E+02  1.9193960E+01  0.0000000E+00  2.2456062E+03  0.0000000E+00  0.0000000E+00  7.1626382E+03  3.5005964E-03
     2.0300000E+03    195.0495387  2.0722496E+07  8.6000000E+02  0.0000000E+00  7.1456180E+03  3.9210062E+02  0.0000000E+00  1.0714689E+04  3.1976270E+02  1.9195122E+01  0.0000000E+00  2.7621025E+03  0.0000000E+00  0.0000000E+00  7.1235488E+03  1.0023429E-03
     2.0310000E+03    195.0484234  2.0722088E+07 -4.0800000E+02  0.0000000E+00  8.5337763E+03  3.6046030E+02  0.0000000E+00  1.0619093E+04  3.1944357E+02  1.9194891E+01  0.0000000E+00  2.5163623E+03  0.0000000E+00  0.0000000E+00  7.0849292E+03 -1.0752773E-02
     2.0320000E+03    195.0555168  2.0724690E+07  2.6020000E+03  3.7535300E+03  8.8507509E+03  1.5858241E+03  0.0000000E+00  1.0531875E+04  3.1933673E+02  1.9197858E+01  0.0000000E+00  4.0792671E+03  0.0000000E+00  0.0000000E+00  7.0494102E+03  4.2579011E-03
     2.0330000E+03    195.0995952  2.0740862E+07  1.6172000E+04  1.5271977E+04  5.8793018E+03  1.3595248E+04  0.0000000E+00  1.0574950E+04  3.2002069E+02  1.9217820E+01  0.0000000E+00  1.7050670E+04  0.0000000E+00  0.0000000E+00  7.0644233E+03  2.4462235E-03
     2.0340000E+03    195.0834890  2.0734954E+07 -5.9080000E+03  0.0000000E+00  7.7405034E+03  1.7794290E+03  0.0000000E+00  1.0632648E+04  3.1951480E+02  1.9215605E+01  0.0000000E+00  1.0242422E+04  0.0000000E+00  0.0000000E+00  7.0863999E+03 -8.6081112E-03
     2.0350000E+03    195.0727999  2.0731032E+07 -3.9220000E+03  0.0000000E+00  7.7616553E+03  1.3932915E+03  0.0000000E+00  1.0671830E+04  3.1894785E+02  1.9209199E+01  0.0000000E+00  7.8872817E+03  0.0000000E+00  0.0000000E+00  7.1025723E+03  1.7103640E-04
     2.0360000E+03    195.0638809  2.0727758E+07 -3.2740000E+03  0.0000000E+00  8.8388667E+03  1.1389690E+03  0.0000000E+00  1.0687141E+04  3.1845084E+02  1.9204152E+01  0.0000000E+00  5.9221265E+03  0.0000000E+00  0.0000000E+00  7.1101484E+03  9.6824169E-03
     2.0370000E+03    195.0545044  2.0724318E+07 -3.4400000E+03  0.0000000E+00  1.0895501E+04  9.5920367E+02  0.0000000E+00  1.0689273E+04  3.1794052E+02  1.9199100E+01  0.0000000E+00  3.8561948E+03  0.0000000E+00  0.0000000E+00  7.1101719E+03 -2.3752558E-03
     2.0380000E+03    195.0463785  2.0721336E+07 -2.9820000E+03  0.0000000E+00  1.2077895E+04  8.2530750E+02  0.0000000E+00  1.0673615E+04  3.1750687E+02  1.9194541E+01  0.0000000E+00  2.0658149E+03  0.0000000E+00  0.0000000E+00  7.1055977E+03  3.5338688E-03
     2.0390000E+03    195.0457576  2.0721108E+07 -2.2800000E+02  0.0000000E+00  9.3258932E+03  7.2154987E+02  0.0000000E+00  1.0641915E+04  3.1721353E+02  1.9193387E+01  0.0000000E+00  1.9290023E+03  0.0000000E+00  0.0000000E+00  7.0966685E+03  1.3985432E-03
     2.0400000E+03    195.0459835  2.0721192E+07  8.4000000E+01  0.0000000E+00  8.8620007E+03  6.3865912E+02  0.0000000E+00  1.0621308E+04  3.1708795E+02  1.9193418E+01  0.0000000E+00  1.9787834E+03  0.0000000E+00  0.0000000E+00  7.0896680E+03 -9.7569805E-03
     2.0410000E+03    195.0478821  2.0721888E+07  6.9600000E+02  0.0000000E+00  7.7192400E+03  5.7084399E+02  0.0000000E+00  1.0578205E+04  3.1690918E+02  1.9194269E+01  0.0000000E+00  2.3970967E+03  0.0000000E+00  0.0000000E+00  7.0738271E+03  5.4569538E-03
     2.0420000E+03    195.0503201  2.0722782E+07  8.9400000E+02  0.0000000E+00  6.8760919E+03  5.1430200E+02  0.0000000E+00  1.0526502E+04  3.1668631E+02  1.9195537E+01  0.0000000E+00  2.9342759E+03  0.0000000E+00  0.0000000E+00  7.0539009E+03  5.0151325E-03
     2.0430000E+03    195.0527950  2.0723692E+07  9.1000000E+02  0.0000000E+00  6.2135161E+03  4.6643323E+02  0.0000000E+00  1.0471580E+04  3.1765646E+02  1.9196880E+01  0.0000000E+00  3.4795725E+03  0.0000000E+00  0.0000000E+00  7.0324146E+03 -1.7633101E-02
     2.0440000E+03    195.0539860  2.0724128E+07  4.3600000E+02  0.0000000E+00  6.3236982E+03  4.2539481E+02  0.0000000E+00  1.0413677E+04  3.1718466E+02  1.9197667E+01  0.0000000E+00  3.7419910E+03  0.0000000E+00  0.0000000E+00  7.0093257E+03  9.2258826E-03
     2.0450000E+03    195.0538096  2.0724064E+07 -6.4000000E+01  0.0000000E+00  6.7637139E+03  3.8984186E+02  0.0000000E+00  1.0347498E+04  3.1602374E+02  1.9197720E+01  0.0000000E+00  3.7031260E+03  0.0000000E+00  0.0000000E+00  6.9823765E+03 -6.6719041E-03
     2.0460000E+03    195.0534042  2.0723914E+07 -1.5000000E+02  6.3885819E+01  6.9302707E+03  3.7551697E+02  0.0000000E+00  1.0290882E+04  3.1576346E+02  1.9197525E+01  0.0000000E+00  3.6138018E+03  0.0000000E+00  0.0000000E+00  6.9591387E+03  1.1498968E-02
     2.0470000E+03    195.0540263  2.0724142E+07  2.2800000E+02  0.0000000E+00  6.2497271E+03  3.3980679E+02  0.0000000E+00  1.0223842E+04  3.1561670E+02  1.9197751E+01  0.0000000E+00  3.7508625E+03  0.0000000E+00  0.0000000E+00  6.9317739E+03  2.3203839E-03
     2.0480000E+03    195.0540390  2.0724148E+07  6.0000000E+00  0.0000000E+00  6.3802491E+03  3.1430765E+02  0.0000000E+00  1.0149139E+04  3.1534052E+02  1.9197824E+01  0.0000000E+00  3.7536687E+03  0.0000000E+00  0.0000000E+00  6.9006343E+03 -1.0517086E-01
     2.0490000E+03    195.0524360  2.0723560E+07 -5.8800000E+02  0.0000000E+00  7.2184178E+03  2.9166940E+02  0.0000000E+00  1.0073293E+04  3.1503915E+02  1.9197128E+01  0.0000000E+00  3.4004751E+03  0.0000000E+00  0.0000000E+00  6.8688467E+03 -1.5246072E-03
     2.0500000E+03    195.0491751  2.0722362E+07 -1.1980000E+03  0.0000000E+00  8.4475811E+03  2.7145258E+02  0.0000000E+00  9.9955430E+03  3.1471143E+02  1.9195534E+01  0.0000000E+00  2.6819890E+03  0.0000000E+00  0.0000000E+00  6.8361235E+03  1.3238375E-02
     2.0510000E+03    195.0447013  2.0720722E+07 -1.6400000E+03  0.0000000E+00  9.7818020E+03  2.5330490E+02  0.0000000E+00  9.9168262E+03  3.1433682E+02  1.9193231E+01  0.0000000E+00  1.6962799E+03  0.0000000E+00  0.0000000E+00  6.8028335E+03 -1.2542279E-02
     2.0520000E+03    195.0408521  2.0719310E+07 -1.4120000E+03  0.0000000E+00  1.0305346E+04  2.3693979E+02  0.0000000E+00  9.8374072E+03  3.1396759E+02  1.9191069E+01  0.0000000E+00  8.4817621E+02  0.0000000E+00  0.0000000E+00  6.7690664E+03 -2.9075795E-03
     2.0530000E+03    195.0386272  2.0718492E+07 -8.1800000E+02  0.0000000E+00  1.0105127E+04  2.2212106E+02  0.0000000E+00  9.7574277E+03  3.1363586E+02  1.9189681E+01  0.0000000E+00  3.5795355E+02  0.0000000E+00  0.0000000E+00  6.7349185E+03  1.5223871E-02
     2.0540000E+03    195.0384602  2.0718432E+07 -6.0000000E+01  0.0000000E+00  9.2934882E+03  2.0865204E+02  0.0000000E+00  9.6772842E+03  3.1335419E+02  1.9189366E+01  0.0000000E+00  3.2116617E+02  0.0000000E+00  0.0000000E+00  6.7005532E+03 -1.2684162E-02
     2.0550000E+03    195.0405286  2.0719190E+07  7.5800000E+02  0.0000000E+00  7.9268421E+03  1.9636769E+02  0.0000000E+00  9.5987676E+03  3.1328113E+02  1.9190249E+01  0.0000000E+00  7.7688519E+02  0.0000000E+00  0.0000000E+00  6.6668486E+03  9.5710773E-03
     2.0560000E+03    195.0428548  2.0720044E+07  8.5400000E+02  0.0000000E+00  7.2352758E+03  1.8512885E+02  0.0000000E+00  9.5267266E+03  3.1429776E+02  1.9191486E+01  0.0000000E+00  1.2894376E+03  0.0000000E+00  0.0000000E+00  6.6358730E+03 -3.5797099E-03
     2.0570000E+03    195.0449450  2.0720810E+07  7.6600000E+02  0.0000000E+00  6.7759840E+03  1.7481682E+02  0.0000000E+00  9.4499814E+03  3.1274316E+02  1.9192650E+01  0.0000000E+00  1.7499639E+03  0.0000000E+00  0.0000000E+00  6.6022490E+03  9.4969524E-03
     2.0580000E+03    195.0457049  2.0721090E+07  2.8000000E+02  0.0000000E+00  7.0408157E+03  1.6532993E+02  0.0000000E+00  9.4064102E+03  3.1544119E+02  1.9193208E+01  0.0000000E+00  1.9173857E+03  0.0000000E+00  0.0000000E+00  6.5835063E+03 -1.1447272E-02
     2.0590000E+03    195.0440943  2.0720498E+07 -5.9200000E+02  0.0000000E+00  8.1915047E+03  1.5658041E+02  0.0000000E+00  9.3318213E+03  3.1239365E+02  1.9192589E+01  0.0000000E+00  1.5625372E+03  0.0000000E+00  0.0000000E+00  6.5504839E+03 -5.1821884E-02
     2.0600000E+03    195.0428873  2.0720056E+07 -4.4200000E+02  0.0000000E+00  8.2236189E+03  1.4849226E+02  0.0000000E+00  9.2600947E+03  3.1202286E+02  1.9191889E+01  0.0000000E+00  1.2965947E+03  0.0000000E+00  0.0000000E+00  6.5186475E+03 -8.5350098E-03
     2.0610000E+03    195.0409784  2.0719356E+07 -7.0000000E+02  0.0000000E+00  8.8247664E+03  1.4099925E+02  0.0000000E+00  9.1903740E+03  3.1173804E+02  1.9190926E+01  0.0000000E+00  8.7601117E+02  0.0000000E+00  0.0000000E+00  6.4876226E+03 -3.3292875E-03
     2.0620000E+03    195.0399557  2.0718980E+07 -3.7600000E+02  0.0000000E+00  8.6546503E+03  1.3404341E+02  0.0000000E+00  9.1269150E+03  3.1148892E+02  1.9190273E+01  0.0000000E+00  6.5065729E+02  0.0000000E+00  0.0000000E+00  6.4592505E+03  1.0073728E-02
     2.0630000E+03    195.0371542  2.0717952E+07 -1.0280000E+03  0.0000000E+00  9.8498999E+03  1.2757388E+02  0.0000000E+00  9.0582002E+03  3.1123792E+02  1.9188942E+01  0.0000000E+00  3.3411968E+01  0.0000000E+00  0.0000000E+00  6.4288120E+03  3.5376678E-04
     2.0640000E+03    195.0348548  2.0717108E+07 -8.4400000E+02  0.0000000E+00  9.6261654E+03  1.2154579E+02  0.0000000E+00  8.9910547E+03  3.1092606E+02  1.9187636E+01  0.0000000E+00  0.0000000E+00  0.0000000E+00  0.0000000E+00  6.3986553E+03  3.2368081E-03
     2.0650000E+03    195.0369229  2.0717868E+07  7.6000000E+02  0.0000000E+00  7.9570707E+03  1.1591946E+02  0.0000000E+00  8.9303672E+03  3.1122015E+02  1.9188286E+01  0.0000000E+00  0.0000000E+00  0.0000000E+00  0.0000000E+00  6.3717036E+03 -1.3180909E-02
     2.0660000E+03    195.0380765  2.0718290E+07  4.2200000E+02  0.0000000E+00  7.9919038E+03  1.1065959E+02  0.0000000E+00  8.8718545E+03  3.1129236E+02  1.9189014E+01  0.0000000E+00  2.3662933E+02  0.0000000E+00  0.0000000E+00  6.3455435E+03  1.6688241E-02
     2.0670000E+03    195.0376230  2.0718124E+07 -1.6600000E+02  0.0000000E+00  8.6210095E+03  1.0573485E+02  0.0000000E+00  8.8152803E+03  3.1025000E+02  1.9188942E+01  0.0000000E+00  1.3669417E+02  0.0000000E+00  0.0000000E+00  6.3200171E+03 -1.4078098E-03
     2.0680000E+03    195.0387100  2.0718524E+07  4.0000000E+02  0.0000000E+00  7.7559919E+03  1.0111714E+02  0.0000000E+00  8.7597100E+03  3.1040802E+02  1.9189366E+01  0.0000000E+00  3.7619830E+02  0.0000000E+00  0.0000000E+00  6.2950356E+03 -1.0844783E-02
     2.0690000E+03    195.0383380  2.0718386E+07 -1.3800000E+02  0.0000000E+00  8.3155945E+03  9.6781380E+01  0.0000000E+00  8.7058047E+03  3.0983173E+02  1.9189322E+01  0.0000000E+00  2.9423685E+02  0.0000000E+00  0.0000000E+00  6.2705264E+03  1.9380806E-02
     2.0700000E+03    195.0351986  2.0717234E+07 -1.1520000E+03  0.0000000E+00  9.5633667E+03  9.2704994E+01  0.0000000E+00  8.6475586E+03  3.0958929E+02  1.9187915E+01  0.0000000E+00  0.0000000E+00  0.0000000E+00  0.0000000E+00  6.2438657E+03  1.2142685E-03
     2.0710000E+03    195.0343777  2.0716934E+07 -3.0000000E+02  0.0000000E+00  8.6803678E+03  8.8867661E+01  0.0000000E+00  8.6188271E+03  3.0935739E+02  1.9187216E+01  0.0000000E+00  0.0000000E+00  0.0000000E+00  0.0000000E+00  6.2291279E+03 -1.3528269E-02
     2.0720000E+03    195.0336804  2.0716678E+07 -2.5600000E+02  0.0000000E+00  8.5709594E+03  8.5251060E+01  0.0000000E+00  8.5582070E+03  3.0915637E+02  1.9186823E+01  0.0000000E+00  0.0000000E+00  0.0000000E+00  0.0000000E+00  6.2030469E+03  1.7557557E-03
     2.0730000E+03    195.0282740  2.0714694E+07 -1.9840000E+03  0.0000000E+00  1.0241455E+04  8.1838570E+01  0.0000000E+00  8.5038516E+03  3.0873853E+02  1.9184393E+01  0.0000000E+00  0.0000000E+00  0.0000000E+00  0.0000000E+00  6.1776631E+03  2.9658945E-03
     2.0740000E+03    195.0240251  2.0713134E+07 -1.5600000E+03  0.0000000E+00  9.7576293E+03  7.8615173E+01  0.0000000E+00  8.4476973E+03  3.0844998E+02  1.9181955E+01  0.0000000E+00  0.0000000E+00  0.0000000E+00  0.0000000E+00  6.1520581E+03  1.0428662E-02
     2.0750000E+03    195.0213204  2.0712142E+07 -9.9200000E+02  0.0000000E+00  9.1337327E+03  7.5597153E+01  0.0000000E+00  8.3930244E+03  3.0811737E+02  1.9180315E+01  0.0000000E+00  0.0000000E+00  0.0000000E+00  0.0000000E+00  6.1267075E+03 -4.3248958E-03
     2.0760000E+03    195.0145994  2.0709676E+07 -2.4660000E+03  0.0000000E+00  1.0550574E+04  7.2740463E+01  0.0000000E+00  8.3388945E+03  3.0789474E+02  1.9177095E+01  0.0000000E+00  0.0000000E+00  0.0000000E+00  0.0000000E+00  6.1015029E+03 -9.8754710E-05
     2.0770000E+03    195.0035165  2.0705610E+07 -4.0660000E+03  0.0000000E+00  1.2096039E+04  7.0033875E+01  0.0000000E+00  8.2860752E+03  3.0737671E+02  1.9171538E+01  0.0000000E+00  0.0000000E+00  0.0000000E+00  0.0000000E+00  6.0767095E+03 -3.8519802E-03
     2.0780000E+03    194.9928344  2.0701690E+07 -3.9200000E+03  0.0000000E+00  1.1895172E+04  6.7467110E+01  0.0000000E+00  8.2341885E+03  3.0672385E+02  1.9165682E+01  0.0000000E+00  0.0000000E+00  0.0000000E+00  0.0000000E+00  6.0522271E+03  4.8504248E-03
     2.0790000E+03    194.9860330  2.0699196E+07 -2.4940000E+03  0.0000000E+00  1.0417850E+04  6.5030800E+01  0.0000000E+00  8.1827944E+03  3.0632217E+02  1.9161558E+01  0.0000000E+00  0.0000000E+00  0.0000000E+00  0.0000000E+00  6.0279419E+03 -1.4034867E-02
     2.0800000E+03    194.9848793  2.0698772E+07 -4.2400000E+02  0.0000000E+00  8.2992721E+03  6.2744385E+01  0.0000000E+00  8.1383145E+03  3.0594693E+02  1.9160316E+01  0.0000000E+00  0.0000000E+00  0.0000000E+00  0.0000000E+00  6.0062075E+03  7.8696785E-03
     2.0810000E+03    194.9861983  2.0699256E+07  4.8400000E+02  0.0000000E+00  7.3480199E+03  6.0570415E+01  0.0000000E+00  8.0968022E+03  3.0620853E+02  1.9160764E+01  0.0000000E+00  0.0000000E+00  0.0000000E+00  0.0000000E+00  5.9876274E+03 -2.0351606E-04
     2.0820000E+03    194.9821912  2.0697786E+07 -1.4700000E+03  0.0000000E+00  9.2529947E+03  5.8501717E+01  0.0000000E+00  8.0489219E+03  3.0554373E+02  1.9159163E+01  0.0000000E+00  0.0000000E+00  0.0000000E+00  0.0000000E+00  5.9645063E+03 -2.8651359E-03
     2.0830000E+03    194.9761992  2.0695588E+07 -2.1980000E+03  0.0000000E+00  9.9403519E+03  5.6531677E+01  0.0000000E+00  8.0095527E+03  3.0511713E+02  1.9156119E+01  0.0000000E+00  0.0000000E+00  0.0000000E+00  0.0000000E+00  5.9436450E+03 -5.2659241E-03
     2.0840000E+03    194.9739870  2.0694776E+07 -8.1200000E+02  0.0000000E+00  8.4993067E+03  5.4654194E+01  0.0000000E+00  7.9573062E+03  3.0517389E+02  1.9154503E+01  0.0000000E+00  0.0000000E+00  0.0000000E+00  0.0000000E+00  5.9204102E+03  3.6910367E-03
     2.0850000E+03    194.9770060  2.0695884E+07  1.1080000E+03  0.0000000E+00  6.5278606E+03  5.2863640E+01  0.0000000E+00  7.9064478E+03  3.0459061E+02  1.9155577E+01  0.0000000E+00  0.0000000E+00  0.0000000E+00  0.0000000E+00  5.8953657E+03 -3.7115039E-03
     2.0860000E+03    194.9757243  2.0695412E+07 -4.7200000E+02  0.0000000E+00  8.0577767E+03  5.1154804E+01  0.0000000E+00  7.8598867E+03  3.0440002E+02  1.9155348E+01  0.0000000E+00  0.0000000E+00  0.0000000E+00  0.0000000E+00  5.8732476E+03  2.0396193E-02
     2.0870000E+03    194.9690362  2.0692958E+07 -2.4540000E+03  0.0000000E+00  9.9945445E+03  4.9522869E+01  0.0000000E+00  7.8142988E+03  3.0407349E+02  1.9152296E+01  0.0000000E+00  0.0000000E+00  0.0000000E+00  0.0000000E+00  5.8507559E+03  4.9690512E-04
     2.0880000E+03    194.9621617  2.0690436E+07 -2.5220000E+03  0.0000000E+00  1.0025504E+04  4.7963352E+01  0.0000000E+00  7.7779248E+03  3.0358017E+02  1.9148576E+01  0.0000000E+00  0.0000000E+00  0.0000000E+00  0.0000000E+00  5.8303872E+03 -3.3265417E-03
     2.0890000E+03    194.9552577  2.0687904E+07 -2.5320000E+03  0.0000000E+00  9.9952459E+03  4.6496487E+01  0.0000000E+00  7.7379224E+03  3.0320636E+02  1.9144822E+01  0.0000000E+00  0.0000000E+00  0.0000000E+00  0.0000000E+00  5.8102559E+03 -1.1414813E-02
     2.0900000E+03    194.9537474  2.0687350E+07 -5.5400000E+02  0.0000000E+00  7.9637714E+03  4.5092884E+01  0.0000000E+00  7.6869492E+03  3.0326193E+02  1.9143413E+01  0.0000000E+00  0.0000000E+00  0.0000000E+00  0.0000000E+00  5.7876133E+03 -1.6263908E-03
     2.0910000E+03    194.9513894  2.0686484E+07 -8.6600000E+02  0.0000000E+00  8.2876068E+03  4.3749016E+01  0.0000000E+00  7.6366904E+03  3.0398828E+02  1.9142222E+01  0.0000000E+00  0.0000000E+00  0.0000000E+00  0.0000000E+00  5.7627832E+03 -7.4671715E-01
     2.0920000E+03    194.9445563  2.0683976E+07 -2.5080000E+03  0.0000000E+00  9.8227260E+03  4.2461597E+01  0.0000000E+00  7.5945093E+03  3.0226669E+02  1.9138991E+01  0.0000000E+00  0.0000000E+00  0.0000000E+00  0.0000000E+00  5.7411792E+03  8.2791103E-03
     2.0930000E+03    194.9400097  2.0682308E+07 -1.6680000E+03  0.0000000E+00  8.9386196E+03  4.1227570E+01  0.0000000E+00  7.5515684E+03  3.0193802E+02  1.9136267E+01  0.0000000E+00  0.0000000E+00  0.0000000E+00  0.0000000E+00  5.7193120E+03  1.1896316E-02
     2.0940000E+03    194.9381146  2.0681614E+07 -6.9400000E+02  0.0000000E+00  7.9815225E+03  4.0044075E+01  0.0000000E+00  7.5026807E+03  3.0309491E+02  1.9134948E+01  0.0000000E+00  0.0000000E+00  0.0000000E+00  0.0000000E+00  5.6948516E+03 -8.0719346E-01
     2.0950000E+03    194.9345390  2.0680302E+07 -1.3120000E+03  0.0000000E+00  8.4917536E+03  3.8908443E+01  0.0000000E+00  7.4613877E+03  3.0133093E+02  1.9133185E+01  0.0000000E+00  0.0000000E+00  0.0000000E+00  0.0000000E+00  5.6735078E+03  8.8655320E-04
     2.0960000E+03    194.9305278  2.0678830E+07 -1.4720000E+03  0.0000000E+00  8.6187153E+03  3.7818169E+01  0.0000000E+00  7.4291606E+03  3.0091299E+02  1.9131049E+01  0.0000000E+00  0.0000000E+00  0.0000000E+00  0.0000000E+00  5.6550396E+03  2.4635952E-03
     2.0970000E+03    194.9258533  2.0677114E+07 -1.7160000E+03  0.0000000E+00  8.8502995E+03  3.6770920E+01  0.0000000E+00  7.4182080E+03  3.0068271E+02  1.9128578E+01  0.0000000E+00  0.0000000E+00  0.0000000E+00  0.0000000E+00  5.6435161E+03  9.4619980E-03
     2.0980000E+03    194.9143847  2.0672906E+07 -4.2080000E+03  0.0000000E+00  1.1287273E+04  3.5764511E+01  0.0000000E+00  7.3629424E+03  3.0030896E+02  1.9123076E+01  0.0000000E+00  0.0000000E+00  0.0000000E+00  0.0000000E+00  5.6226338E+03  1.6827558E-05
     2.0990000E+03    194.9019273  2.0668336E+07 -4.5700000E+03  0.0000000E+00  1.1609598E+04  3.4796879E+01  0.0000000E+00  7.3229395E+03  2.9981616E+02  1.9116405E+01  0.0000000E+00  0.0000000E+00  0.0000000E+00  0.0000000E+00  5.6016294E+03 -6.6640382E-03
     2.1000000E+03    194.8978438  2.0666838E+07 -1.4980000E+03  0.0000000E+00  8.5007456E+03  3.3866100E+01  0.0000000E+00  7.2870303E+03  2.9931281E+02  1.9113271E+01  0.0000000E+00  0.0000000E+00  0.0000000E+00  0.0000000E+00  5.5817915E+03 -3.1115632E-03
     2.1010000E+03    194.8947539  2.0665704E+07 -1.1340000E+03  0.0000000E+00  8.1080675E+03  3.2970364E+01  0.0000000E+00  7.2595444E+03  2.9905789E+02  1.9111481E+01  0.0000000E+00  0.0000000E+00  0.0000000E+00  0.0000000E+00  5.5657139E+03  3.3030205E-03
     2.1020000E+03    194.8907107  2.0664220E+07 -1.4840000E+03  0.0000000E+00  8.4127188E+03  3.2107971E+01  0.0000000E+00  7.2150322E+03  2.9883014E+02  1.9109385E+01  0.0000000E+00  0.0000000E+00  0.0000000E+00  0.0000000E+00  5.5452461E+03  5.5200146E-03
     2.1030000E+03    194.8851319  2.0662174E+07 -2.0460000E+03  0.0000000E+00  8.9362828E+03  3.1277315E+01  0.0000000E+00  7.1756543E+03  2.9848129E+02  1.9106516E+01  0.0000000E+00  0.0000000E+00  0.0000000E+00  0.0000000E+00  5.5244780E+03 -1.0152002E-02
     2.1040000E+03    194.8773475  2.0659316E+07 -2.8580000E+03  0.0000000E+00  9.7921575E+03  3.0476892E+01  0.0000000E+00  7.1309688E+03  3.0262885E+02  1.9102520E+01  0.0000000E+00  0.0000000E+00  0.0000000E+00  0.0000000E+00  5.5012783E+03 -9.3379384E-01
     2.1050000E+03    194.8666447  2.0655390E+07 -3.9260000E+03  0.0000000E+00  1.0733392E+04  2.9705275E+01  0.0000000E+00  7.0932847E+03  2.9751251E+02  1.9097013E+01  0.0000000E+00  0.0000000E+00  0.0000000E+00  0.0000000E+00  5.4810132E+03 -9.1514066E-03
     2.1060000E+03    194.8582536  2.0652312E+07 -3.0780000E+03  0.0000000E+00  9.8467178E+03  2.8961134E+01  0.0000000E+00  7.0551426E+03  2.9707364E+02  1.9092195E+01  0.0000000E+00  0.0000000E+00  0.0000000E+00  0.0000000E+00  5.4606147E+03 -7.6680691E-03
     2.1070000E+03    194.8528191  2.0650318E+07 -1.9940000E+03  0.0000000E+00  8.8001312E+03  2.8243200E+01  0.0000000E+00  7.0120337E+03  3.0046799E+02  1.9088916E+01  0.0000000E+00  0.0000000E+00  0.0000000E+00  0.0000000E+00  5.4379766E+03 -9.3655235E-01
     2.1080000E+03    194.8481404  2.0648600E+07 -1.7180000E+03  0.0000000E+00  8.4044075E+03  2.7550278E+01  0.0000000E+00  6.9755879E+03  2.9635513E+02  1.9086288E+01  0.0000000E+00  0.0000000E+00  0.0000000E+00  0.0000000E+00  5.4182119E+03  1.4788684E-02
     2.1090000E+03    194.8434972  2.0646896E+07 -1.7040000E+03  0.0000000E+00  8.3543652E+03  2.6881254E+01  0.0000000E+00  6.9389590E+03  2.9601575E+02  1.9083757E+01  0.0000000E+00  0.0000000E+00  0.0000000E+00  0.0000000E+00  5.3983877E+03  4.3311585E-03
     2.1100000E+03    194.8410028  2.0645982E+07 -9.1400000E+02  0.0000000E+00  7.5842348E+03  2.6235048E+01  0.0000000E+00  6.8978086E+03  2.9747147E+02  1.9082166E+01  0.0000000E+00  0.0000000E+00  0.0000000E+00  0.0000000E+00  5.3764805E+03 -7.9416269E-01
     2.1110000E+03    194.8381285  2.0644926E+07 -1.0560000E+03  0.0000000E+00  7.6288124E+03  2.5610661E+01  0.0000000E+00  6.8630410E+03  2.9535449E+02  1.9080643E+01  0.0000000E+00  0.0000000E+00  0.0000000E+00  0.0000000E+00  5.3573467E+03  1.7679127E-02
     2.1120000E+03    194.8296627  2.0641820E+07 -3.1060000E+03  0.0000000E+00  9.6453555E+03  2.5007139E+01  0.0000000E+00  6.8281978E+03  2.9499780E+02  1.9076645E+01  0.0000000E+00  0.0000000E+00  0.0000000E+00  0.0000000E+00  5.3381460E+03 -2.2552432E-03
     2.1130000E+03    194.8180215  2.0637550E+07 -4.2700000E+03  0.0000000E+00  1.0880946E+04  2.4423576E+01  0.0000000E+00  6.7892026E+03  3.0138461E+02  1.9070655E+01  0.0000000E+00  0.0000000E+00  0.0000000E+00  0.0000000E+00  5.3169238E+03 -1.0514344E+00
     2.1140000E+03    194.8107422  2.0634878E+07 -2.6720000E+03  0.0000000E+00  9.1378364E+03  2.3859919E+01  0.0000000E+00  6.7561636E+03  2.9399429E+02  1.9066219E+01  0.0000000E+00  0.0000000E+00  0.0000000E+00  0.0000000E+00  5.2983550E+03  1.1924298E-02
     2.1150000E+03    194.8058492  2.0633084E+07 -1.7940000E+03  0.0000000E+00  8.2963904E+03  2.3315266E+01  0.0000000E+00  6.7185415E+03  2.9700574E+02  1.9063297E+01  0.0000000E+00  0.0000000E+00  0.0000000E+00  0.0000000E+00  5.2777285E+03 -8.8944423E-01
     2.1160000E+03    194.8020396  2.0631686E+07 -1.3980000E+03  0.0000000E+00  7.7946431E+03  2.2788755E+01  0.0000000E+00  6.6863970E+03  2.9330429E+02  1.9061106E+01  0.0000000E+00  0.0000000E+00  0.0000000E+00  0.0000000E+00  5.2595391E+03  2.1863317E-03
     2.1170000E+03    194.7982265  2.0630286E+07 -1.4000000E+03  0.0000000E+00  7.8199988E+03  2.2279593E+01  0.0000000E+00  6.6498657E+03  2.9534573E+02  1.9059031E+01  0.0000000E+00  0.0000000E+00  0.0000000E+00  0.0000000E+00  5.2393101E+03 -7.6537019E-01
     2.1180000E+03    194.7909380  2.0627612E+07 -2.6740000E+03  0.0000000E+00  9.0031154E+03  2.1787014E+01  0.0000000E+00  6.6187144E+03  2.9256982E+02  1.9055443E+01  0.0000000E+00  0.0000000E+00  0.0000000E+00  0.0000000E+00  5.2214414E+03 -2.5738352E-03
     2.1190000E+03    194.7850879  2.0625466E+07 -2.1460000E+03  0.0000000E+00  8.5145179E+03  2.1310295E+01  0.0000000E+00  6.5832402E+03  2.9604410E+02  1.9052103E+01  0.0000000E+00  0.0000000E+00  0.0000000E+00  0.0000000E+00  5.2015684E+03 -8.9542979E-01
     2.1200000E+03    194.7802975  2.0623708E+07 -1.7580000E+03  0.0000000E+00  8.0193285E+03  2.0848766E+01  0.0000000E+00  6.5521216E+03  2.9226535E+02  1.9049381E+01  0.0000000E+00  0.0000000E+00  0.0000000E+00  0.0000000E+00  5.1836558E+03  3.9211875E-03
     2.1210000E+03    194.7746647  2.0621642E+07 -2.0660000E+03  0.0000000E+00  8.2979159E+03  2.0401773E+01  0.0000000E+00  6.5214170E+03  2.9161020E+02  1.9046407E+01  0.0000000E+00  0.0000000E+00  0.0000000E+00  0.0000000E+00  5.1659526E+03 -8.7632937E-03
     2.1220000E+03    194.7703202  2.0620048E+07 -1.5940000E+03  0.0000000E+00  7.8545164E+03  1.9968710E+01  0.0000000E+00  6.4869424E+03  2.9399521E+02  1.9043903E+01  0.0000000E+00  0.0000000E+00  0.0000000E+00  0.0000000E+00  5.1464478E+03 -8.1596667E-01
     2.1230000E+03    194.7632540  2.0617454E+07 -2.5940000E+03  0.0000000E+00  8.7633170E+03  1.9548998E+01  0.0000000E+00  6.4608164E+03  2.9069067E+02  1.9040354E+01  0.0000000E+00  0.0000000E+00  0.0000000E+00  0.0000000E+00  5.1300557E+03  1.4519738E-02
     2.1240000E+03    194.7506242  2.0612820E+07 -4.6340000E+03  0.0000000E+00  1.0782003E+04  1.9142088E+01  0.0000000E+00  6.4380786E+03  2.9021844E+02  1.9034086E+01  0.0000000E+00  0.0000000E+00  0.0000000E+00  0.0000000E+00  5.1142109E+03 -3.1697267E-04
     2.1250000E+03    194.7366539  2.0607694E+07 -5.1260000E+03  0.0000000E+00  1.1237609E+04  1.8747461E+01  0.0000000E+00  6.4025132E+03  2.9050287E+02  1.9026630E+01  0.0000000E+00  0.0000000E+00  0.0000000E+00  0.0000000E+00  5.0969453E+03  1.0656050E-03
     2.1260000E+03    194.7254311  2.0603576E+07 -4.1180000E+03  0.0000000E+00  1.0201237E+04  1.8364614E+01  0.0000000E+00  6.3734521E+03  2.8938120E+02  1.9020223E+01  0.0000000E+00  0.0000000E+00  0.0000000E+00  0.0000000E+00  5.0797817E+03  1.7050941E-03
     2.1270000E+03    194.7150684  2.0599774E+07 -3.8020000E+03  0.0000000E+00  9.9489824E+03  1.7993082E+01  0.0000000E+00  6.3410283E+03  2.9509418E+02  1.9014491E+01  0.0000000E+00  0.0000000E+00  0.0000000E+00  0.0000000E+00  5.0609824E+03 -9.9452823E-01
     2.1280000E+03    194.7035555  2.0595550E+07 -4.2240000E+03  0.0000000E+00  1.0247594E+04  1.7632420E+01  0.0000000E+00  6.3131128E+03  2.8838724E+02  1.9008351E+01  0.0000000E+00  0.0000000E+00  0.0000000E+00  0.0000000E+00  5.0442466E+03 -2.3222873E-03
     2.1290000E+03    194.6925835  2.0591524E+07 -4.0260000E+03  0.0000000E+00  1.0032235E+04  1.7282206E+01  0.0000000E+00  6.2959067E+03  2.8773657E+02  1.9002321E+01  0.0000000E+00  0.0000000E+00  0.0000000E+00  0.0000000E+00  5.0292900E+03  2.0921673E-03
     2.1300000E+03    194.6805747  2.0587118E+07 -4.4060000E+03  0.0000000E+00  1.0428663E+04  1.6942038E+01  0.0000000E+00  6.3118838E+03  2.8734528E+02  1.8995899E+01  0.0000000E+00  0.0000000E+00  0.0000000E+00  0.0000000E+00  5.0203413E+03 -1.6692979E-03
     2.1310000E+03    194.6710965  2.0583640E+07 -3.4780000E+03  0.0000000E+00  9.4943811E+03  1.6611532E+01  0.0000000E+00  6.3060806E+03  2.8699805E+02  1.8990465E+01  0.0000000E+00  0.0000000E+00  0.0000000E+00  0.0000000E+00  5.0114849E+03  3.2932831E-03
     2.1320000E+03    194.6632338  2.0580756E+07 -2.8840000E+03  0.0000000E+00  8.9541979E+03  1.6290327E+01  0.0000000E+00  6.2279556E+03  2.9657834E+02  1.8986011E+01  0.0000000E+00  0.0000000E+00  0.0000000E+00  0.0000000E+00  4.9935684E+03 -1.5266476E+00
     2.1330000E+03    194.6591650  2.0579262E+07 -1.4940000E+03  0.0000000E+00  7.4026552E+03  1.5978075E+01  0.0000000E+00  6.2013760E+03  2.8638290E+02  1.8983384E+01  0.0000000E+00  0.0000000E+00  0.0000000E+00  0.0000000E+00  4.9774146E+03  4.3234434E-02
     2.1340000E+03    194.6556735  2.0577982E+07 -1.2800000E+03  0.0000000E+00  7.2160360E+03  1.5674441E+01  0.0000000E+00  6.1713501E+03  2.8824399E+02  1.8981421E+01  0.0000000E+00  0.0000000E+00  0.0000000E+00  0.0000000E+00  4.9596133E+03 -7.4751228E-01
     2.1350000E+03    194.6488515  2.0575478E+07 -2.5040000E+03  0.0000000E+00  8.3591885E+03  1.5379111E+01  0.0000000E+00  6.1453647E+03  2.8568750E+02  1.8978071E+01  0.0000000E+00  0.0000000E+00  0.0000000E+00  0.0000000E+00  4.9436870E+03  1.0262870E-02
     2.1360000E+03    194.6429413  2.0573310E+07 -2.1680000E+03  0.0000000E+00  8.0285500E+03  1.5091782E+01  0.0000000E+00  6.1492183E+03  2.8530780E+02  1.8974755E+01  0.0000000E+00  0.0000000E+00  0.0000000E+00  0.0000000E+00  4.9350635E+03 -6.2640486E-03
     2.1370000E+03    194.6384392  2.0571658E+07 -1.6520000E+03  0.0000000E+00  7.5425341E+03  1.4812164E+01  0.0000000E+00  6.1020420E+03  2.8984500E+02  1.8972152E+01  0.0000000E+00  0.0000000E+00  0.0000000E+00  0.0000000E+00  4.9176426E+03 -1.0507435E+00
     2.1380000E+03    194.6339866  2.0570024E+07 -1.6340000E+03  0.0000000E+00  7.4327023E+03  1.4539981E+01  0.0000000E+00  6.0881343E+03  2.8470090E+02  1.8969724E+01  0.0000000E+00  0.0000000E+00  0.0000000E+00  0.0000000E+00  4.9056538E+03  3.9005077E-03
     2.1390000E+03    194.6310369  2.0568942E+07 -1.0820000E+03  0.0000000E+00  6.9020095E+03  1.4274969E+01  0.0000000E+00  6.0543628E+03  2.8708099E+02  1.8967955E+01  0.0000000E+00  0.0000000E+00  0.0000000E+00  0.0000000E+00  4.8886646E+03 -7.9661417E-01
     2.1400000E+03    194.6268637  2.0567412E+07 -1.5300000E+03  0.0000000E+00  7.2828043E+03  1.4016877E+01  0.0000000E+00  6.0406851E+03  2.8415387E+02  1.8965817E+01  0.0000000E+00  0.0000000E+00  0.0000000E+00  0.0000000E+00  4.8768882E+03 -1.6104560E-02
     2.1410000E+03    194.6219635  2.0565614E+07 -1.7980000E+03  0.0000000E+00  7.5799675E+03  1.3765461E+01  0.0000000E+00  6.0079302E+03  2.8743015E+02  1.8963230E+01  0.0000000E+00  0.0000000E+00  0.0000000E+00  0.0000000E+00  4.8601587E+03 -8.4532070E-01
     2.1420000E+03    194.6179423  2.0564138E+07 -1.4760000E+03  0.0000000E+00  7.1665344E+03  1.3520491E+01  0.0000000E+00  5.9813955E+03  2.8488022E+02  1.8960946E+01  0.0000000E+00  0.0000000E+00  0.0000000E+00  0.0000000E+00  4.8437485E+03  7.2356113E-03
     2.1430000E+03    194.6138159  2.0562624E+07 -1.5140000E+03  0.0000000E+00  7.1938981E+03  1.3281745E+01  0.0000000E+00  5.9688101E+03  2.8325967E+02  1.8958712E+01  0.0000000E+00  0.0000000E+00  0.0000000E+00  0.0000000E+00  4.8321689E+03 -3.2568950E-04
     2.1440000E+03    194.6091942  2.0560928E+07 -1.6960000E+03  0.0000000E+00  7.4045968E+03  1.3049011E+01  0.0000000E+00  5.9361875E+03  2.8645401E+02  1.8956250E+01  0.0000000E+00  0.0000000E+00  0.0000000E+00  0.0000000E+00  4.8157139E+03 -8.4008366E-01
     2.1450000E+03    194.6027139  2.0558550E+07 -2.3780000E+03  0.0000000E+00  8.0607578E+03  1.2822086E+01  0.0000000E+00  5.9100176E+03  2.8614755E+02  1.8952926E+01  0.0000000E+00  0.0000000E+00  0.0000000E+00  0.0000000E+00  4.7993691E+03 -7.7718925E-01
     2.1460000E+03    194.5961546  2.0556144E+07 -2.4060000E+03  0.0000000E+00  8.0048979E+03  1.2600778E+01  0.0000000E+00  5.8868271E+03  2.8230157E+02  1.8949365E+01  0.0000000E+00  0.0000000E+00  0.0000000E+00  0.0000000E+00  4.7845117E+03 -8.6767422E-03
     2.1470000E+03    194.5902444  2.0553974E+07 -2.1700000E+03  0.0000000E+00  7.8054654E+03  1.2384895E+01  0.0000000E+00  5.8603843E+03  2.8570941E+02  1.8946078E+01  0.0000000E+00  0.0000000E+00  0.0000000E+00  0.0000000E+00  4.7680723E+03 -8.3046913E-01
     2.1480000E+03    194.5865873  2.0552634E+07 -1.3400000E+03  0.0000000E+00  6.9362820E+03  1.2174262E+01  0.0000000E+00  5.8345596E+03  2.8378540E+02  1.8943843E+01  0.0000000E+00  0.0000000E+00  0.0000000E+00  0.0000000E+00  4.7518955E+03 -7.2216141E-01
     2.1490000E+03    194.5831931  2.0551388E+07 -1.2460000E+03  0.0000000E+00  6.7683637E+03  1.1968706E+01  0.0000000E+00  5.8114473E+03  2.8149084E+02  1.8941967E+01  0.0000000E+00  0.0000000E+00  0.0000000E+00  0.0000000E+00  4.7370859E+03  8.7656919E-03
     2.1500000E+03    194.5806044  2.0550438E+07 -9.5000000E+02  0.0000000E+00  6.4891171E+03  1.1768062E+01  0.0000000E+00  5.7856426E+03  2.8264539E+02  1.8940471E+01  0.0000000E+00  0.0000000E+00  0.0000000E+00  0.0000000E+00  4.7209434E+03 -6.3752574E-01
     2.1510000E+03    194.5748097  2.0548312E+07 -2.1260000E+03  0.0000000E+00  7.6138060E+03  1.1572173E+01  0.0000000E+00  5.7756992E+03  2.8066635E+02  1.8937666E+01  0.0000000E+00  0.0000000E+00  0.0000000E+00  0.0000000E+00  4.7097959E+03 -1.7523656E-03
     2.1520000E+03    194.5715476  2.0547114E+07 -1.1980000E+03  0.0000000E+00  6.7087258E+03  1.1380886E+01  0.0000000E+00  5.7431753E+03  2.8354645E+02  1.8935616E+01  0.0000000E+00  0.0000000E+00  0.0000000E+00  0.0000000E+00  4.6939897E+03 -8.3653730E-01
     2.1530000E+03    194.5675644  2.0545654E+07 -1.4600000E+03  0.0000000E+00  6.9381645E+03  1.1194055E+01  0.0000000E+00  5.7186465E+03  2.8221133E+02  1.8933527E+01  0.0000000E+00  0.0000000E+00  0.0000000E+00  0.0000000E+00  4.6783330E+03 -6.8334192E-01
     2.1540000E+03    194.5636281  2.0544210E+07 -1.4440000E+03  0.0000000E+00  6.8975925E+03  1.1011540E+01  0.0000000E+00  5.6944702E+03  2.8203922E+02  1.8931379E+01  0.0000000E+00  0.0000000E+00  0.0000000E+00  0.0000000E+00  4.6628237E+03 -6.8181068E-01
     2.1550000E+03    194.5624062  2.0543760E+07 -4.5000000E+02  0.0000000E+00  5.8309018E+03  1.0833207E+01  0.0000000E+00  5.6705591E+03  2.7990103E+02  1.8930419E+01  0.0000000E+00  0.0000000E+00  0.0000000E+00  0.0000000E+00  4.6474619E+03  2.7067732E-02
     2.1560000E+03    194.5582127  2.0542222E+07 -1.5380000E+03  0.0000000E+00  6.9385640E+03  1.0658927E+01  0.0000000E+00  5.6471396E+03  2.8118546E+02  1.8928460E+01  0.0000000E+00  0.0000000E+00  0.0000000E+00  0.0000000E+00  4.6322983E+03 -5.9236503E-01
     2.1570000E+03    194.5508495  2.0539520E+07 -2.7020000E+03  0.0000000E+00  8.0436234E+03  1.0488576E+01  0.0000000E+00  5.6292456E+03  2.7884778E+02  1.8924798E+01  0.0000000E+00  0.0000000E+00  0.0000000E+00  0.0000000E+00  4.6190400E+03  4.0507680E-03
     2.1580000E+03    194.5440474  2.0537024E+07 -2.4960000E+03  0.0000000E+00  7.8822451E+03  1.0322031E+01  0.0000000E+00  5.6033438E+03  2.8311914E+02  1.8921036E+01  0.0000000E+00  0.0000000E+00  0.0000000E+00  0.0000000E+00  4.6036816E+03 -9.1173679E-01
     2.1590000E+03    194.5395379  2.0535370E+07 -1.6540000E+03  0.0000000E+00  6.9981268E+03  1.0159181E+01  0.0000000E+00  5.5800645E+03  2.8087045E+02  1.8918332E+01  0.0000000E+00  0.0000000E+00  0.0000000E+00  0.0000000E+00  4.5885083E+03 -7.3572212E-01
     2.1600000E+03    194.5332722  2.0533072E+07 -2.2980000E+03  0.0000000E+00  7.6257170E+03  9.9999113E+00  0.0000000E+00  5.5571934E+03  2.8120325E+02  1.8915114E+01  0.0000000E+00  0.0000000E+00  0.0000000E+00  0.0000000E+00  4.5734937E+03 -7.6511312E-01
     2.1610000E+03    194.5274325  2.0530928E+07 -2.1440000E+03  0.0000000E+00  7.3923345E+03  9.8441191E+00  0.0000000E+00  5.5365737E+03  2.7783124E+02  1.8911889E+01  0.0000000E+00  0.0000000E+00  0.0000000E+00  0.0000000E+00  4.5596489E+03  1.7431635E-02
     2.1620000E+03    194.5219830  2.0528928E+07 -2.0000000E+03  0.0000000E+00  7.2822350E+03  9.6917000E+00  0.0000000E+00  5.5135747E+03  2.8045325E+02  1.8908881E+01  0.0000000E+00  0.0000000E+00  0.0000000E+00  0.0000000E+00  4.5445967E+03 -7.6936406E-01
     2.1630000E+03    194.5197559  2.0528112E+07 -8.1600000E+02  0.0000000E+00  6.0594421E+03  9.5425539E+00  0.0000000E+00  5.4909048E+03  2.7834204E+02  1.8907319E+01  0.0000000E+00  0.0000000E+00  0.0000000E+00  0.0000000E+00  4.5296978E+03 -6.3309884E-01
     2.1640000E+03    194.5177945  2.0527392E+07 -7.2000000E+02  0.0000000E+00  5.9357439E+03  9.3965874E+00  0.0000000E+00  5.4685605E+03  2.7771814E+02  1.8906222E+01  0.0000000E+00  0.0000000E+00  0.0000000E+00  0.0000000E+00  4.5149390E+03 -5.5214351E-01
     2.1650000E+03    194.5158596  2.0526682E+07 -7.1000000E+02  0.0000000E+00  5.8798585E+03  9.2537079E+00  0.0000000E+00  5.4559492E+03  2.7636069E+02  1.8905167E+01  0.0000000E+00  0.0000000E+00  0.0000000E+00  0.0000000E+00  4.5046890E+03  1.2730639E-03
     2.1660000E+03    194.5151565  2.0526424E+07 -2.5800000E+02  0.0000000E+00  5.4120524E+03  9.1138268E+00  0.0000000E+00  5.4400645E+03  2.7619092E+02  1.8904650E+01  0.0000000E+00  0.0000000E+00  0.0000000E+00  0.0000000E+00  4.4945000E+03  5.3044775E-04
     2.1670000E+03    194.5144864  2.0526178E+07 -2.4600000E+02  0.0000000E+00  5.4042159E+03  8.9768610E+00  0.0000000E+00  5.4161133E+03  2.7665442E+02  1.8904282E+01  0.0000000E+00  0.0000000E+00  0.0000000E+00  0.0000000E+00  4.4800332E+03 -5.0324941E-01
     2.1680000E+03    194.5137880  2.0525922E+07 -2.5600000E+02  0.0000000E+00  5.3669919E+03  8.8427248E+00  0.0000000E+00  5.3966328E+03  2.7581650E+02  1.8903905E+01  0.0000000E+00  0.0000000E+00  0.0000000E+00  0.0000000E+00  4.4667251E+03 -4.1741459E-03
     2.1690000E+03    194.5154086  2.0526516E+07  5.9400000E+02  0.0000000E+00  4.5082541E+03  8.7113400E+00  0.0000000E+00  5.3756021E+03  2.7555679E+02  1.8904534E+01  0.0000000E+00  0.0000000E+00  0.0000000E+00  0.0000000E+00  4.4523071E+03 -2.3032402E-01
     2.1700000E+03    194.5150767  2.0526394E+07 -1.2200000E+02  0.0000000E+00  5.2107318E+03  8.5826330E+00  0.0000000E+00  5.3537866E+03  2.7541916E+02  1.8904566E+01  0.0000000E+00  0.0000000E+00  0.0000000E+00  0.0000000E+00  4.4381099E+03 -3.7577319E-01
     2.1710000E+03    194.5127148  2.0525528E+07 -8.6600000E+02  0.0000000E+00  5.9457652E+03  8.4565258E+00  0.0000000E+00  5.3330801E+03  2.7630267E+02  1.8903502E+01  0.0000000E+00  0.0000000E+00  0.0000000E+00  0.0000000E+00  4.4240703E+03 -5.3572702E-01
     2.1720000E+03    194.5079689  2.0523786E+07 -1.7420000E+03  0.0000000E+00  6.8151175E+03  8.3329496E+00  0.0000000E+00  5.3126147E+03  2.7740280E+02  1.8901178E+01  0.0000000E+00  0.0000000E+00  0.0000000E+00  0.0000000E+00  4.4100840E+03 -6.8163753E-01
     2.1730000E+03    194.5026288  2.0521828E+07 -1.9580000E+03  0.0000000E+00  7.0154181E+03  8.2118340E+00  0.0000000E+00  5.2925254E+03  2.7740012E+02  1.8898337E+01  0.0000000E+00  0.0000000E+00  0.0000000E+00  0.0000000E+00  4.3962524E+03 -7.2457683E-01
     2.1740000E+03    194.4982015  2.0520204E+07 -1.6240000E+03  0.0000000E+00  6.6244464E+03  8.0931149E+00  0.0000000E+00  5.2850137E+03  2.7419043E+02  1.8895829E+01  0.0000000E+00  0.0000000E+00  0.0000000E+00  0.0000000E+00  4.3865923E+03 -6.1551030E-03
     2.1750000E+03    194.4957853  2.0519316E+07 -8.8800000E+02  0.0000000E+00  5.8722531E+03  7.9767251E+00  0.0000000E+00  5.2706011E+03  2.7397916E+02  1.8894295E+01  0.0000000E+00  0.0000000E+00  0.0000000E+00  0.0000000E+00  4.3769756E+03  2.3538396E-02
     2.1760000E+03    194.4953270  2.0519148E+07 -1.6800000E+02  0.0000000E+00  5.1301704E+03  7.8821621E+00  0.0000000E+00  5.2468521E+03  2.7381097E+02  1.8893832E+01  0.0000000E+00  0.0000000E+00  0.0000000E+00  0.0000000E+00  4.3644199E+03 -2.6021856E-03
     2.1770000E+03    194.4936079  2.0518518E+07 -6.3000000E+02  0.0000000E+00  5.6021595E+03  7.7891760E+00  0.0000000E+00  5.2267666E+03  2.7445657E+02  1.8893034E+01  0.0000000E+00  0.0000000E+00  0.0000000E+00  0.0000000E+00  4.3506787E+03 -5.2503717E-01
     2.1780000E+03    194.4904241  2.0517350E+07 -1.1680000E+03  0.0000000E+00  6.0946925E+03  7.6977305E+00  0.0000000E+00  5.2109233E+03  2.7323193E+02  1.8891461E+01  0.0000000E+00  0.0000000E+00  0.0000000E+00  0.0000000E+00  4.3388677E+03 -3.0504123E-03
     2.1790000E+03    194.4903554  2.0517324E+07 -2.6000000E+01  0.0000000E+00  4.9560703E+03  7.6077929E+00  0.0000000E+00  5.1902261E+03  2.7356766E+02  1.8891084E+01  0.0000000E+00  0.0000000E+00  0.0000000E+00  0.0000000E+00  4.3252646E+03 -4.7051871E-01
     2.1800000E+03    194.4893655  2.0516962E+07 -3.6200000E+02  0.0000000E+00  5.2736945E+03  7.5193286E+00  0.0000000E+00  5.1708853E+03  2.7325537E+02  1.8890646E+01  0.0000000E+00  0.0000000E+00  0.0000000E+00  0.0000000E+00  4.3118198E+03 -4.5699382E-01
     2.1810000E+03    194.4884660  2.0516632E+07 -3.3000000E+02  0.0000000E+00  5.2087225E+03  7.4323068E+00  0.0000000E+00  5.1627510E+03  2.7262802E+02  1.8890147E+01  0.0000000E+00  0.0000000E+00  0.0000000E+00  0.0000000E+00  4.3045508E+03 -1.0475394E-03
     2.1820000E+03    194.4891125  2.0516868E+07  2.3600000E+02  0.0000000E+00  4.6391931E+03  7.3466964E+00  0.0000000E+00  5.1414990E+03  2.7248920E+02  1.8890330E+01  0.0000000E+00  0.0000000E+00  0.0000000E+00  0.0000000E+00  4.2912461E+03 -3.4429175E-01
     2.1830000E+03    194.4883857  2.0516602E+07 -2.6600000E+02  0.0000000E+00  5.1071594E+03  7.2624655E+00  0.0000000E+00  5.1243926E+03  2.7227991E+02  1.8890084E+01  0.0000000E+00  0.0000000E+00  0.0000000E+00  0.0000000E+00  4.2789795E+03 -1.2491205E-02
     2.1840000E+03    194.4865196  2.0515916E+07 -6.8600000E+02  0.0000000E+00  5.5058354E+03  7.1795850E+00  0.0000000E+00  5.1054272E+03  2.7256049E+02  1.8889193E+01  0.0000000E+00  0.0000000E+00  0.0000000E+00  0.0000000E+00  4.2657153E+03  2.2799937E-02
     2.1850000E+03    194.5167959  2.0527026E+07  1.1110000E+04  7.8083490E+03  4.8125308E+03  3.2883123E+03  0.0000000E+00  5.1159688E+03  2.7242627E+02  1.8902170E+01  0.0000000E+00  0.0000000E+00  0.0000000E+00  0.0000000E+00  4.2701641E+03 -7.5835455E-03
     2.1860000E+03    194.5322783  2.0532706E+07  5.6800000E+03  1.5578215E+03  2.1593911E+03  1.4369989E+03  0.0000000E+00  5.1367437E+03  2.7255353E+02  1.8912206E+01  0.0000000E+00  0.0000000E+00  0.0000000E+00  0.0000000E+00  4.2811470E+03  8.6948983E-03
     2.1870000E+03    194.5355473  2.0533906E+07  1.2000000E+03  0.0000000E+00  4.4213338E+03  7.5357648E+02  0.0000000E+00  5.1585962E+03  2.7248764E+02  1.8915314E+01  0.0000000E+00  0.0000000E+00  0.0000000E+00  0.0000000E+00  4.2932446E+03 -9.5473044E-03
     2.1880000E+03    194.5388295  2.0535110E+07  1.2040000E+03  0.0000000E+00  4.2778949E+03  5.9592865E+02  0.0000000E+00  5.1774995E+03  2.7233417E+02  1.8917099E+01  0.0000000E+00  0.0000000E+00  0.0000000E+00  0.0000000E+00  4.3039619E+03  4.8883706E-03
     2.1890000E+03    194.5423091  2.0536386E+07  1.2760000E+03  0.0000000E+00  4.1102363E+03  4.8562686E+02  0.0000000E+00  5.1923628E+03  2.7212900E+02  1.8918971E+01  0.0000000E+00  0.0000000E+00  0.0000000E+00  0.0000000E+00  4.3123984E+03  1.2426342E-02
     2.1900000E+03    194.5453179  2.0537490E+07  1.1040000E+03  0.0000000E+00  4.2125726E+03  4.0532309E+02  0.0000000E+00  5.2021836E+03  2.7203622E+02  1.8920659E+01  0.0000000E+00  0.0000000E+00  0.0000000E+00  0.0000000E+00  4.3181729E+03 -4.0925885E-04
     2.1910000E+03    194.5477629  2.0538388E+07  8.9800000E+02  0.0000000E+00  4.3654044E+03  3.4494165E+02  0.0000000E+00  5.2083394E+03  2.7183456E+02  1.8922051E+01  0.0000000E+00  0.0000000E+00  0.0000000E+00  0.0000000E+00  4.3215503E+03 -1.5835585E-02
