HRU_ID	HRU_ROW	HRU_COL	ISEG	IREACH	subbasin
7758	12	36	1	1	10
8460	13	36	1	2	10
9162	14	36	1	3	10
9865	15	37	1	4	10
10567	16	37	1	5	10
11269	17	37	1	6	10
11972	18	38	1	7	10
11967	18	33	2	1	10
11968	18	34	2	2	10
11969	18	35	2	3	10
11970	18	36	2	4	10
11971	18	37	2	5	10
12674	19	38	3	1	10
13377	20	39	3	2	10
14079	21	39	3	3	10
14782	22	40	3	4	10
14783	22	41	3	5	10
15486	23	42	3	6	10
16189	24	43	3	7	10
16892	25	44	3	8	10
16893	25	45	3	9	10
17596	26	46	3	10	10
17597	26	47	3	11	10
18300	27	48	3	12	10
19003	28	49	3	13	10
19706	29	50	3	14	10
20409	30	51	3	15	10
21112	31	52	3	16	10
21113	31	53	3	17	10
21816	32	54	3	18	10
22519	33	55	3	19	10
23222	34	56	3	20	10
23925	35	57	3	21	10
23926	35	58	3	22	10
24629	36	59	3	23	10
21826	32	64	4	1	10
22527	33	63	4	2	10
23228	34	62	4	3	10
23929	35	61	4	4	10
24630	36	60	4	5	10
23946	35	78	5	1	10
24648	36	78	5	2	10
24647	36	77	5	3	10
24646	36	76	5	4	10
24645	36	75	5	5	10
25346	37	74	5	6	10
25345	37	73	5	7	10
26046	38	72	5	8	10
26747	39	71	5	9	10
26746	39	70	5	10	10
27447	40	69	5	11	10
28148	41	68	5	12	10
25332	37	60	6	1	10
26035	38	61	6	2	10
26738	39	62	6	3	10
27441	40	63	6	4	10
28144	41	64	6	5	10
28847	42	65	6	6	10
28848	42	66	6	7	10
26707	39	31	7	1	10
27408	40	30	7	2	10
28110	41	30	7	3	10
28812	42	30	7	4	10
29514	43	30	7	5	10
30216	44	30	7	6	10
30918	45	30	7	7	10
31621	46	31	7	8	10
32323	47	31	7	9	10
33026	48	32	7	10	10
33728	49	32	7	11	10
34431	50	33	7	12	10
28849	42	67	8	1	10
29551	43	67	8	2	10
30253	44	67	8	3	10
30956	45	68	8	4	10
30957	45	69	8	5	10
31659	46	69	8	6	10
31660	46	70	8	7	10
32363	47	71	8	8	10
33065	48	71	8	9	10
33767	49	71	8	10	10
34470	50	72	8	11	10
35173	51	73	8	12	10
35876	52	74	8	13	10
36579	53	75	8	14	10
37282	54	76	8	15	10
37985	55	77	8	16	10
38688	56	78	8	17	10
39390	57	78	8	18	10
31630	46	40	9	1	10
32331	47	39	9	2	10
32330	47	38	9	3	10
33031	48	37	9	4	10
33732	49	36	9	5	10
34433	50	35	9	6	10
35134	51	34	9	7	10
35133	51	33	10	1	10
35835	52	33	10	2	10
36537	53	33	10	3	10
37240	54	34	10	4	10
37942	55	34	10	5	10
36587	53	83	11	1	10
37288	54	82	11	2	10
37990	55	82	11	3	10
38691	56	81	11	4	10
39392	57	80	11	5	10
39391	57	79	11	6	10
38643	56	33	12	1	10
39345	57	33	12	2	10
40046	58	32	12	3	10
40748	59	32	12	4	10
41449	60	31	12	5	10
42151	61	31	12	6	10
42853	62	31	12	7	10
43554	63	30	12	8	10
38647	56	37	13	1	10
38646	56	36	13	2	10
38645	56	35	13	3	10
38644	56	34	13	4	10
38662	56	52	14	1	10
39364	57	52	14	2	10
40065	58	51	14	3	10
40767	59	51	14	4	10
41468	60	50	14	5	10
42170	61	50	14	6	10
42871	62	49	14	7	10
43573	63	49	14	8	10
44275	64	49	14	9	10
44977	65	49	14	10	10
45679	66	49	14	11	10
46381	67	49	14	12	10
47084	68	50	14	13	10
47786	69	50	14	14	10
48487	70	49	14	15	10
49189	71	49	14	16	10
49891	72	49	14	17	10
50592	73	48	14	18	10
51294	74	48	14	19	10
51996	75	48	14	20	10
52697	76	47	14	21	10
53399	77	47	14	22	10
40092	58	78	15	1	10
40794	59	78	15	2	10
41496	60	78	15	3	10
42199	61	79	15	4	10
42200	61	80	15	5	10
42201	61	81	15	6	10
42202	61	82	15	7	10
42905	62	83	15	8	10
43608	63	84	15	9	10
44310	64	84	15	10	10
45012	65	84	15	11	10
45715	66	85	15	12	10
45716	66	86	15	13	10
45717	66	87	15	14	10
46419	67	87	15	15	10
47121	68	87	15	16	10
47824	69	88	15	17	10
48527	70	89	15	18	10
49229	71	89	15	19	10
49230	71	90	15	20	10
43538	63	14	16	1	10
42837	62	15	16	2	10
42136	61	16	16	3	10
42137	61	17	16	4	10
42138	61	18	16	5	10
41437	60	19	16	6	10
41438	60	20	16	7	10
41439	60	21	16	8	10
40738	59	22	16	9	10
40739	59	23	16	10	10
40740	59	24	16	11	10
41443	60	25	16	12	10
42146	61	26	16	13	10
42849	62	27	16	14	10
42850	62	28	16	15	10
43553	63	29	16	16	10
42864	62	42	17	1	10
43566	63	42	17	2	10
44268	64	42	17	3	10
44970	65	42	17	4	10
45672	66	42	17	5	10
46374	67	42	17	6	10
47075	68	41	17	7	10
47777	69	41	17	8	10
48479	70	41	17	9	10
49181	71	41	17	10	10
49883	72	41	17	11	10
44256	64	30	18	1	10
44959	65	31	18	2	10
45661	66	31	18	3	10
46363	67	31	18	4	10
47065	68	31	18	5	10
47768	69	32	18	6	10
51975	75	27	19	1	10
51274	74	28	19	2	10
50572	73	28	19	3	10
49871	72	29	19	4	10
49170	71	30	19	5	10
48469	70	31	19	6	10
48470	70	32	19	7	10
49197	71	57	20	1	10
49899	72	57	20	2	10
50600	73	56	20	3	10
51302	74	56	20	4	10
52004	75	56	20	5	10
52705	76	55	20	6	10
53407	77	55	20	7	10
54109	78	55	20	8	10
54810	79	54	20	9	10
55512	80	54	20	10	10
56213	81	53	20	11	10
56914	82	52	20	12	10
52734	76	84	21	1	10
52033	75	85	21	2	10
52034	75	86	21	3	10
52035	75	87	21	4	10
51334	74	88	21	5	10
50633	73	89	21	6	10
49932	72	90	21	7	10
49933	72	91	22	1	10
50635	73	91	22	2	10
51337	74	91	22	3	10
52040	75	92	22	4	10
52742	76	92	22	5	10
53445	77	93	22	6	10
54148	78	94	22	7	10
54851	79	95	22	8	10
55554	80	96	22	9	10
51259	74	13	23	1	10
51260	74	14	23	2	10
51963	75	15	23	3	10
51964	75	16	23	4	10
51965	75	17	23	5	10
52668	76	18	23	6	10
51967	75	19	23	7	10
51968	75	20	23	8	10
51267	74	21	23	9	10
50566	73	22	23	10	10
50567	73	23	23	11	10
51270	74	24	23	12	10
51973	75	25	23	13	10
51974	75	26	23	14	10
48471	70	33	24	1	10
49174	71	34	24	2	10
49877	72	35	24	3	10
50580	73	36	24	4	10
50581	73	37	24	5	10
50582	73	38	24	6	10
51285	74	39	24	7	10
50584	73	40	24	8	10
50585	73	41	25	1	10
51288	74	42	25	2	10
51991	75	43	25	3	10
52694	76	44	25	4	10
53397	77	45	25	5	10
53398	77	46	25	6	10
54780	79	24	26	1	10
54079	78	25	26	2	10
53377	77	25	26	3	10
52676	76	26	26	4	10
54101	78	47	27	1	10
54804	79	48	27	2	10
55507	80	49	27	3	10
56210	81	50	27	4	10
56913	82	51	27	5	10
55481	80	23	28	1	10
58296	84	30	29	1	10
57593	83	29	29	2	10
57592	83	28	29	3	10
56889	82	27	29	4	10
56888	82	26	29	5	10
56185	81	25	29	6	10
55482	80	24	29	7	10
56257	81	97	30	1	10
56960	82	98	30	2	10
57663	83	99	30	3	10
58365	84	99	30	4	10
59067	85	99	30	5	10
59770	86	100	30	6	10
60473	87	101	30	7	10
56959	82	97	31	1	10
57616	83	52	32	1	10
58319	84	53	32	2	10
59021	85	53	32	3	10
59724	86	54	32	4	10
60427	87	55	32	5	10
61129	88	55	32	6	10
61832	89	56	32	7	10
62535	90	57	32	8	10
63237	91	57	32	9	10
63939	92	57	32	10	10
58360	84	94	33	1	10
58361	84	95	33	2	10
57660	83	96	33	3	10
59764	86	94	34	1	10
59063	85	95	34	2	10
58362	84	96	34	3	10
57661	83	97	34	4	10
59734	86	64	35	1	10
60437	87	65	35	2	10
61139	88	65	35	3	10
61840	89	64	35	4	10
62542	90	64	35	5	10
63243	91	63	35	6	10
63944	92	62	35	7	10
63943	92	61	35	8	10
64644	93	60	35	9	10
64643	93	59	35	10	10
66083	95	95	36	1	10
65382	94	96	36	2	10
64681	93	97	36	3	10
63980	92	98	36	4	10
63279	91	99	36	5	10
62578	90	100	36	6	10
61877	89	101	36	7	10
61175	88	101	36	8	10
61176	88	102	37	1	10
61879	89	103	37	2	10
62581	90	103	37	3	10
63283	91	103	37	4	10
63986	92	104	37	5	10
64688	93	104	37	6	10
65391	94	105	37	7	10
66094	95	106	37	8	10
66797	96	107	37	9	10
67500	97	108	37	10	10
67501	97	109	37	11	10
68204	98	110	37	12	10
64642	93	58	38	1	10
65344	94	58	38	2	10
66046	95	58	38	3	10
66747	96	57	38	4	10
67449	97	57	38	5	10
68151	98	57	38	6	10
68853	99	57	38	7	10
69555	100	57	38	8	10
70257	101	57	38	9	10
70958	102	56	38	10	10
71660	103	56	38	11	10
72363	104	57	38	12	10
73065	105	57	38	13	10
66130	95	142	39	1	10
66131	95	143	39	2	10
66132	95	144	39	3	10
66133	95	145	39	4	10
66134	95	146	39	5	10
66836	96	146	39	6	10
67538	97	146	39	7	10
68240	98	146	39	8	10
68943	99	147	39	9	10
69645	100	147	39	10	10
70347	101	147	39	11	10
71049	102	147	39	12	10
71751	103	147	39	13	10
72453	104	147	39	14	10
73155	105	147	39	15	10
73856	106	146	39	16	10
74558	107	146	39	17	10
66763	96	73	40	1	10
67464	97	72	40	2	10
68166	98	72	40	3	10
68867	99	71	40	4	10
69569	100	71	40	5	10
70271	101	71	40	6	10
70972	102	70	40	7	10
71673	103	69	40	8	10
72375	104	69	40	9	10
73076	105	68	40	10	10
73778	106	68	40	11	10
74480	107	68	40	12	10
75182	108	68	40	13	10
68284	98	190	41	1	10
68985	99	189	41	2	10
69687	100	189	41	3	10
70389	101	189	41	4	10
71091	102	189	41	5	10
71792	103	188	41	6	10
72494	104	188	41	7	10
73195	105	187	41	8	10
73897	106	187	41	9	10
74599	107	187	41	10	10
75301	108	187	41	11	10
76004	109	188	41	12	10
76706	110	188	41	13	10
77408	111	188	41	14	10
78111	112	189	41	15	10
78812	113	188	41	16	10
79514	114	188	41	17	10
71702	103	98	42	1	10
71703	103	99	42	2	10
71002	102	100	42	3	10
71003	102	101	42	4	10
70302	101	102	42	5	10
70303	101	103	42	6	10
70304	101	104	42	7	10
70305	101	105	42	8	10
69604	100	106	42	9	10
69605	100	107	42	10	10
69606	100	108	42	11	10
69607	100	109	42	12	10
68906	99	110	42	13	10
68907	99	111	43	1	10
69609	100	111	43	2	10
70311	101	111	43	3	10
71013	102	111	43	4	10
71716	103	112	43	5	10
72419	104	113	43	6	10
73122	105	114	43	7	10
71808	103	204	44	1	10
72509	104	203	44	2	10
72508	104	202	44	3	10
73209	105	201	44	4	10
73910	106	200	44	5	10
74611	107	199	44	6	10
75312	108	198	44	7	10
76014	109	198	44	8	10
76715	110	197	44	9	10
76714	110	196	44	10	10
76713	110	195	44	11	10
77414	111	194	44	12	10
77413	111	193	44	13	10
78114	112	192	44	14	10
78815	113	191	44	15	10
79516	114	190	44	16	10
70234	101	34	45	1	10
70235	101	35	45	2	10
70236	101	36	45	3	10
70237	101	37	45	4	10
70238	101	38	45	5	10
70239	101	39	45	6	10
70942	102	40	45	7	10
71645	103	41	45	8	10
71646	103	42	45	9	10
72349	104	43	45	10	10
72350	104	44	45	11	10
73053	105	45	45	12	10
73054	105	46	45	13	10
73055	105	47	45	14	10
73056	105	48	45	15	10
73057	105	49	45	16	10
73058	105	50	45	17	10
72357	104	51	45	18	10
73060	105	52	45	19	10
73061	105	53	45	20	10
73062	105	54	45	21	10
73063	105	55	45	22	10
73064	105	56	45	23	10
73818	106	108	46	1	10
73117	105	109	46	2	10
73118	105	110	46	3	10
73119	105	111	46	4	10
73120	105	112	46	5	10
73121	105	113	46	6	10
73766	106	56	47	1	10
74467	107	55	47	2	10
75169	108	55	47	3	10
75871	109	55	47	4	10
76573	110	55	47	5	10
77276	111	56	47	6	10
77979	112	57	47	7	10
77980	112	58	47	8	10
77981	112	59	47	9	10
78684	113	60	47	10	10
79386	114	60	47	11	10
73824	106	114	48	1	10
74526	107	114	48	2	10
75228	108	114	48	3	10
73863	106	153	49	1	10
73862	106	152	49	2	10
74563	107	151	49	3	10
74562	107	150	49	4	10
74561	107	149	49	5	10
74560	107	148	49	6	10
74559	107	147	49	7	10
75188	108	74	50	1	10
75187	108	73	50	2	10
75186	108	72	50	3	10
75887	109	71	50	4	10
75886	109	70	50	5	10
76587	110	69	50	6	10
75261	108	147	51	1	10
75884	109	68	52	1	10
76585	110	67	52	2	10
77286	111	66	52	3	10
77987	112	65	52	4	10
78688	113	64	52	5	10
79389	114	63	52	6	10
79388	114	62	52	7	10
79387	114	61	52	8	10
77329	111	109	53	1	10
76628	110	110	53	2	10
76629	110	111	53	3	10
76630	110	112	53	4	10
76631	110	113	53	5	10
75930	109	114	53	6	10
75931	109	115	54	1	10
76634	110	116	54	2	10
77337	111	117	54	3	10
78040	112	118	54	4	10
78742	113	118	54	5	10
78743	113	119	54	6	10
78744	113	120	54	7	10
79447	114	121	54	8	10
80149	115	121	54	9	10
80852	116	122	54	10	10
81555	117	123	54	11	10
82257	118	123	54	12	10
82959	119	123	54	13	10
83662	120	124	54	14	10
84365	121	125	54	15	10
85068	122	126	54	16	10
75958	109	142	55	1	10
75959	109	143	55	2	10
75960	109	144	55	3	10
75961	109	145	55	4	10
75962	109	146	55	5	10
75963	109	147	56	1	10
76665	110	147	56	2	10
77368	111	148	56	3	10
77369	111	149	56	4	10
78072	112	150	56	5	10
78774	113	150	56	6	10
79477	114	151	56	7	10
80180	115	152	56	8	10
80882	116	152	56	9	10
81583	117	151	56	10	10
76028	109	212	57	1	10
76730	110	212	57	2	10
77431	111	211	57	3	10
78133	112	211	57	4	10
78834	113	210	57	5	10
79536	114	210	57	6	10
80237	115	209	57	7	10
80938	116	208	57	8	10
81639	117	207	57	9	10
81638	117	206	57	10	10
82339	118	205	57	11	10
82338	118	204	57	12	10
83039	119	203	57	13	10
83740	120	202	57	14	10
84442	121	202	57	15	10
85144	122	202	57	16	10
85845	123	201	57	17	10
86546	124	200	57	18	10
87247	125	199	57	19	10
87949	126	199	57	20	10
88651	127	199	57	21	10
89354	128	200	57	22	10
90056	129	200	57	23	10
90757	130	199	57	24	10
91459	131	199	57	25	10
92161	132	199	57	26	10
92863	133	199	57	27	10
93565	134	199	57	28	10
76736	110	218	58	1	10
77437	111	217	58	2	10
78139	112	217	58	3	10
78841	113	217	58	4	10
79543	114	217	58	5	10
80245	115	217	58	6	10
80947	116	217	58	7	10
81650	117	218	58	8	10
82352	118	218	58	9	10
83054	119	218	58	10	10
83756	120	218	58	11	10
84458	121	218	58	12	10
85160	122	218	58	13	10
85862	123	218	58	14	10
86564	124	218	58	15	10
87265	125	217	58	16	10
87966	126	216	58	17	10
88668	127	216	58	18	10
89370	128	216	58	19	10
90071	129	215	58	20	10
90772	130	214	58	21	10
91474	131	214	58	22	10
92176	132	214	58	23	10
92878	133	214	58	24	10
93580	134	214	58	25	10
94282	135	214	58	26	10
77385	111	165	59	1	10
78086	112	164	59	2	10
78788	113	164	59	3	10
79490	114	164	59	4	10
78705	113	81	60	1	10
79407	114	81	60	2	10
80109	115	81	60	3	10
80811	116	81	60	4	10
81514	117	82	60	5	10
82216	118	82	60	6	10
82917	119	81	60	7	10
83619	120	81	60	8	10
84321	121	81	60	9	10
85023	122	81	60	10	10
85724	123	80	60	11	10
86426	124	80	60	12	10
87127	125	79	60	13	10
87829	126	79	60	14	10
79599	114	273	61	1	4
80300	115	272	61	2	4
81002	116	272	61	3	4
80088	115	60	62	1	10
80790	116	60	62	2	10
81492	117	60	62	3	10
82194	118	60	62	4	10
82895	119	59	62	5	10
83596	120	58	62	6	10
83595	120	57	62	7	10
84296	121	56	62	8	10
84295	121	55	62	9	10
84996	122	54	62	10	10
85698	123	54	62	11	10
86400	124	54	62	12	10
87101	125	53	62	13	10
87803	126	53	62	14	10
88505	127	53	62	15	10
89206	128	52	62	16	10
89908	129	52	62	17	10
90609	130	51	62	18	10
81579	117	147	63	1	10
80878	116	148	63	2	10
80176	115	148	63	3	10
80879	116	149	63	4	10
81581	117	149	63	5	10
82284	118	150	63	6	10
80192	115	164	64	1	10
80893	116	163	64	2	10
80892	116	162	64	3	10
81593	117	161	64	4	10
81592	117	160	64	5	10
82293	118	159	64	6	10
82292	118	158	64	7	10
82993	119	157	64	8	10
83694	120	156	64	9	10
84395	121	155	64	10	10
85096	122	154	64	11	10
85798	123	154	64	12	10
86500	124	154	64	13	10
80217	115	189	65	1	10
80918	116	188	65	2	10
81620	117	188	65	3	10
82323	118	189	65	4	10
83024	119	188	65	5	10
83726	120	188	65	6	10
84428	121	188	65	7	10
85129	122	187	65	8	10
85831	123	187	65	9	10
86532	124	186	65	10	10
87234	125	186	65	11	10
87936	126	186	65	12	10
88638	127	186	65	13	10
89340	128	186	65	14	10
90042	129	186	65	15	10
90743	130	185	65	16	10
91445	131	185	65	17	10
92147	132	185	65	18	10
80901	116	171	66	1	10
81602	117	170	66	2	10
81601	117	169	66	3	10
80898	116	168	66	4	10
80897	116	167	66	5	10
80194	115	166	66	6	10
80193	115	165	66	7	10
80956	116	226	67	1	10
81659	117	227	67	2	10
82362	118	228	67	3	10
83065	119	229	67	4	10
83066	119	230	67	5	10
83067	119	231	67	6	10
83068	119	232	67	7	10
83771	120	233	67	8	10
84473	121	233	67	9	10
84472	121	232	67	10	10
85173	122	231	67	11	10
85874	123	230	67	12	10
85873	123	229	67	13	10
85872	123	228	67	14	10
85871	123	227	67	15	10
85870	123	226	67	16	10
86571	124	225	67	17	10
87272	125	224	67	18	10
87974	126	224	67	19	10
88676	127	224	67	20	10
89378	128	224	67	21	10
90079	129	223	67	22	10
90780	130	222	67	23	10
91482	131	222	67	24	10
92183	132	221	67	25	10
92884	133	220	67	26	10
93585	134	219	67	27	10
93584	134	218	67	28	10
93583	134	217	67	29	10
94284	135	216	67	30	10
94985	136	215	67	31	10
80986	116	256	68	1	4
81687	117	255	68	2	4
82388	118	254	68	3	4
83089	119	253	68	4	4
83791	120	253	68	5	4
84492	121	252	68	6	4
85194	122	252	68	7	4
81704	117	272	69	1	4
82405	118	271	69	2	4
83106	119	270	69	3	4
83807	120	269	69	4	4
84509	121	269	69	5	4
85210	122	268	69	6	4
85911	123	267	69	7	4
86612	124	266	69	8	4
86611	124	265	69	9	4
87312	125	264	69	10	4
88013	126	263	69	11	4
88715	127	263	69	12	4
88734	127	282	70	1	4
88032	126	282	70	2	4
87330	125	282	70	3	4
86627	124	281	70	4	4
85925	123	281	70	5	4
85222	122	280	70	6	4
84520	121	280	70	7	4
83817	120	279	70	8	4
83114	119	278	70	9	4
82411	118	277	70	10	4
82410	118	276	70	11	4
82409	118	275	70	12	4
82408	118	274	70	13	4
81705	117	273	70	14	4
80757	116	27	71	1	10
81460	117	28	71	2	10
82163	118	29	71	3	10
82164	118	30	71	4	10
82165	118	31	71	5	10
82868	119	32	71	6	10
82869	119	33	71	7	10
82870	119	34	71	8	10
82871	119	35	71	9	10
82170	118	36	71	10	10
82171	118	37	71	11	10
82874	119	38	71	12	10
82875	119	39	71	13	10
83578	120	40	71	14	10
84281	121	41	71	15	10
84984	122	42	71	16	10
85687	123	43	71	17	10
86390	124	44	71	18	10
87092	125	44	71	19	10
87795	126	45	71	20	10
88498	127	46	71	21	10
89201	128	47	71	22	10
89904	129	48	71	23	10
90607	130	49	71	24	10
82285	118	151	72	1	10
82988	119	152	72	2	10
83690	120	152	72	3	10
84392	121	152	72	4	10
85094	122	152	72	5	10
85796	123	152	72	6	10
86499	124	153	72	7	10
82332	118	198	73	1	10
83033	119	197	73	2	10
83734	120	196	73	3	10
83733	120	195	73	4	10
83732	120	194	73	5	10
84433	121	193	73	6	10
85134	122	192	73	7	10
85836	123	192	73	8	10
86538	124	192	73	9	10
87239	125	191	73	10	10
87940	126	190	73	11	10
88642	127	190	73	12	10
89344	128	190	73	13	10
90045	129	189	73	14	10
90746	130	188	73	15	10
91447	131	187	73	16	10
92148	132	186	73	17	10
82385	118	251	74	1	4
83087	119	251	74	2	4
83789	120	251	74	3	4
84491	121	251	74	4	4
85193	122	251	74	5	4
83079	119	243	75	1	4
83782	120	244	75	2	4
84485	121	245	75	3	4
85187	122	245	75	4	4
85889	123	245	75	5	4
86590	124	244	75	6	4
87292	125	244	75	7	4
87994	126	244	75	8	4
88696	127	244	75	9	4
89398	128	244	75	10	4
90100	129	244	75	11	4
90803	130	245	75	12	4
91506	131	246	75	13	4
92208	132	246	75	14	4
85179	122	237	76	1	10
85880	123	236	76	2	10
86582	124	236	76	3	10
87283	125	235	76	4	10
87984	126	234	76	5	10
88686	127	234	76	6	10
89387	128	233	76	7	10
90089	129	233	76	8	10
90790	130	232	76	9	10
91491	131	231	76	10	10
92193	132	231	76	11	10
92895	133	231	76	12	10
93596	134	230	76	13	10
94297	135	229	76	14	10
94999	136	229	76	15	10
95700	137	228	76	16	10
96401	138	227	76	17	10
97102	139	226	76	18	10
97803	140	225	76	19	10
98505	141	225	76	20	10
98504	141	224	76	21	10
99205	142	223	76	22	10
99204	142	222	76	23	10
99203	142	221	76	24	10
99904	143	220	76	25	10
100606	144	220	76	26	10
100605	144	219	76	27	10
101306	145	218	76	28	10
101305	145	217	76	29	10
101304	145	216	76	30	10
85201	122	259	77	1	4
85903	123	259	77	2	4
86605	124	259	77	3	4
87306	125	258	77	4	4
88008	126	258	77	5	4
88710	127	258	77	6	4
89412	128	258	77	7	4
90115	129	259	77	8	4
90817	130	259	77	9	4
85719	123	75	78	1	10
86422	124	76	78	2	10
87124	125	76	78	3	10
87827	126	77	78	4	10
87828	126	78	78	5	10
85738	123	94	79	1	10
86439	124	93	79	2	10
87141	125	93	79	3	10
87844	126	94	79	4	10
88546	127	94	79	5	10
89248	128	94	79	6	10
89950	129	94	79	7	10
90652	130	94	79	8	10
91354	131	94	79	9	10
92056	132	94	79	10	10
92758	133	94	79	11	10
93460	134	94	79	12	10
94162	135	94	79	13	10
94864	136	94	79	14	10
95566	137	94	79	15	10
96267	138	93	79	16	10
96968	139	92	79	17	10
97670	140	92	79	18	10
98372	141	92	79	19	10
99073	142	91	79	20	10
99774	143	90	79	21	10
86463	124	117	80	1	10
86464	124	118	80	2	10
86465	124	119	80	3	10
86466	124	120	80	4	10
86467	124	121	80	5	10
86468	124	122	80	6	10
86469	124	123	80	7	10
85768	123	124	80	8	10
85769	123	125	80	9	10
85770	123	126	81	1	10
86473	124	127	81	2	10
87175	125	127	81	3	10
87878	126	128	81	4	10
88580	127	128	81	5	10
89283	128	129	81	6	10
89986	129	130	81	7	10
90688	130	130	81	8	10
91390	131	130	81	9	10
85824	123	180	82	1	10
86525	124	179	82	2	10
87227	125	179	82	3	10
87928	126	178	82	4	10
88630	127	178	82	5	10
89331	128	177	82	6	10
90033	129	177	82	7	10
90735	130	177	82	8	10
91436	131	176	82	9	10
92137	132	175	82	10	10
92839	133	175	82	11	10
93541	134	175	82	12	10
94242	135	174	82	13	10
94944	136	174	82	14	10
95645	137	173	82	15	10
85895	123	251	83	1	4
86596	124	250	83	2	4
87298	125	250	83	3	4
87999	126	249	83	4	4
88701	127	249	83	5	4
89403	128	249	83	6	4
90104	129	248	83	7	4
90806	130	248	83	8	4
91508	131	248	83	9	4
92209	132	247	83	10	4
86553	124	207	84	1	10
87254	125	206	84	2	10
87955	126	205	84	3	10
88656	127	204	84	4	10
88655	127	203	84	5	10
89356	128	202	84	6	10
90057	129	201	84	7	10
90758	130	200	84	8	10
91460	131	200	84	9	10
92162	132	200	84	10	10
92864	133	200	84	11	10
93566	134	200	84	12	10
87202	125	154	85	1	10
87905	126	155	85	2	10
88607	127	155	85	3	10
89309	128	155	85	4	10
90011	129	155	85	5	10
90714	130	156	85	6	10
91416	131	156	85	7	10
88531	127	79	86	1	10
89233	128	79	86	2	10
89935	129	79	86	3	10
90638	130	80	86	4	10
91340	131	80	86	5	10
92043	132	81	86	6	10
92746	133	82	86	7	10
93448	134	82	86	8	10
94151	135	83	86	9	10
94854	136	84	86	10	10
95557	137	85	86	11	10
96259	138	85	86	12	10
96962	139	86	86	13	10
97664	140	86	86	14	10
98365	141	85	86	15	10
89416	128	262	87	1	4
90117	129	261	87	2	4
90819	130	261	87	3	4
91535	131	275	88	1	4
91534	131	274	88	2	4
91533	131	273	88	3	4
91532	131	272	88	4	4
91531	131	271	88	5	4
91530	131	270	88	6	4
91529	131	269	88	7	4
90826	130	268	88	8	4
90825	130	267	88	9	4
90824	130	266	88	10	4
90121	129	265	88	11	4
90120	129	264	88	12	4
89417	128	263	88	13	4
90704	130	146	89	1	10
91407	131	147	89	2	10
92110	132	148	89	3	10
92111	132	149	89	4	10
91410	131	150	89	5	10
90709	130	151	89	6	10
90710	130	152	89	7	10
90711	130	153	89	8	10
91414	131	154	89	9	10
92117	132	155	89	10	10
91310	131	50	90	1	10
92011	132	49	90	2	10
92713	133	49	90	3	10
93416	134	50	90	4	10
94118	135	50	90	5	10
94820	136	50	90	6	10
95522	137	50	90	7	10
96225	138	51	90	8	10
96927	139	51	90	9	10
97630	140	52	90	10	10
98332	141	52	90	11	10
99034	142	52	90	12	10
91520	131	260	91	1	4
92222	132	260	91	2	4
92923	133	259	91	3	4
93625	134	259	91	4	4
94326	135	258	91	5	4
95028	136	258	91	6	4
92791	133	127	92	1	10
92792	133	128	92	2	10
92091	132	129	92	3	10
92092	132	130	92	4	10
92093	132	131	93	1	10
92796	133	132	93	2	10
93497	134	131	93	3	10
94199	135	131	93	4	10
94901	136	131	93	5	10
95604	137	132	93	6	10
96306	138	132	93	7	10
97008	139	132	93	8	10
97710	140	132	93	9	10
98413	141	133	93	10	10
99115	142	133	93	11	10
99817	143	133	93	12	10
100519	144	133	93	13	10
101221	145	133	93	14	10
101924	146	134	93	15	10
102626	147	134	93	16	10
103329	148	135	93	17	10
104031	149	135	93	18	10
104734	150	136	93	19	10
105437	151	137	93	20	10
106138	152	136	93	21	10
106841	153	137	93	22	10
107544	154	138	93	23	10
108247	155	139	93	24	10
92118	132	156	94	1	10
92820	133	156	94	2	10
93523	134	157	94	3	10
94225	135	157	94	4	10
94926	136	156	94	5	10
95628	137	156	94	6	10
92695	133	31	95	1	10
93398	134	32	95	2	10
93399	134	33	95	3	10
94102	135	34	95	4	10
94804	136	34	95	5	10
95506	137	34	95	6	10
96209	138	35	95	7	10
96912	139	36	95	8	10
97614	140	36	95	9	10
98317	141	37	95	10	10
99019	142	37	95	11	10
99722	143	38	95	12	10
100424	144	38	95	13	10
101126	145	38	95	14	10
101828	146	38	95	15	10
102530	147	38	95	16	10
103232	148	38	95	17	10
103935	149	39	95	18	10
103936	149	40	95	19	10
92849	133	185	96	1	10
93551	134	185	96	2	10
94253	135	185	96	3	10
94954	136	184	96	4	10
95655	137	183	96	5	10
96357	138	183	96	6	10
97058	139	182	96	7	10
97057	139	181	96	8	10
97758	140	180	96	9	10
97757	140	179	96	10	10
98458	141	178	96	11	10
98457	141	177	96	12	10
97754	140	176	96	13	10
97051	139	175	96	14	10
96348	138	174	96	15	10
92910	133	246	97	1	4
93611	134	245	97	2	4
94313	135	245	97	3	4
95014	136	244	97	4	4
95716	137	244	97	5	4
96417	138	243	97	6	4
97118	139	242	97	7	4
97819	140	241	97	8	4
98521	141	241	97	9	4
99223	142	241	97	10	4
99925	143	241	97	11	4
100627	144	241	97	12	4
101329	145	241	97	13	4
102031	146	241	97	14	4
102733	147	241	97	15	4
103435	148	241	97	16	4
104137	149	241	97	17	4
104838	150	240	97	18	4
105540	151	240	97	19	4
106242	152	240	97	20	4
106944	153	240	97	21	4
107646	154	240	97	22	4
93467	134	101	98	1	10
94169	135	101	98	2	10
94871	136	101	98	3	10
95572	137	100	98	4	10
96274	138	100	98	5	10
96976	139	100	98	6	10
97678	140	100	98	7	10
98380	141	100	98	8	10
99081	142	99	98	9	10
99784	143	100	98	10	10
100486	144	100	98	11	10
101187	145	99	98	12	10
101888	146	98	98	13	10
101887	146	97	98	14	10
101886	146	96	98	15	10
102587	147	95	98	16	10
103288	148	94	98	17	10
94267	135	199	99	1	10
94969	136	199	99	2	10
95671	137	199	99	3	10
96373	138	199	99	4	10
97074	139	198	99	5	10
97775	140	197	99	6	10
98476	141	196	99	7	10
99177	142	195	99	8	10
99878	143	194	99	9	10
99877	143	193	99	10	10
100578	144	192	99	11	10
101279	145	191	99	12	10
101278	145	190	99	13	10
101979	146	189	99	14	10
101978	146	188	99	15	10
102679	147	187	99	16	10
94984	136	214	100	1	10
95685	137	213	100	2	10
96386	138	212	100	3	10
97088	139	212	100	4	10
97790	140	212	100	5	10
98492	141	212	100	6	10
99194	142	212	100	7	10
99895	143	211	100	8	10
100597	144	211	100	9	10
101299	145	211	100	10	10
102000	146	210	100	11	10
95730	137	258	101	1	4
96432	138	258	101	2	4
97134	139	258	101	3	4
97835	140	257	101	4	4
98536	141	256	101	5	4
99237	142	255	101	6	4
99236	142	254	101	7	4
99937	143	253	101	8	4
95733	137	261	102	1	4
95732	137	260	102	2	4
95731	137	259	102	3	4
96200	138	26	103	1	10
96903	139	27	103	2	10
97606	140	28	103	3	10
98309	141	29	103	4	10
99012	142	30	103	5	10
99715	143	31	103	6	10
99716	143	32	103	7	10
100419	144	33	103	8	10
101122	145	34	103	9	10
101824	146	34	103	10	10
102527	147	35	103	11	10
103230	148	36	103	12	10
103932	149	36	103	13	10
104635	150	37	103	14	10
105338	151	38	103	15	10
96238	138	64	104	1	10
96940	139	64	104	2	10
97641	140	63	104	3	10
96331	138	157	105	1	10
97032	139	156	105	2	10
97734	140	156	105	3	10
98435	141	155	105	4	10
98434	141	154	105	5	10
99135	142	153	105	6	10
99134	142	152	105	7	10
99133	142	151	105	8	10
99132	142	150	105	9	10
99131	142	149	105	10	10
99130	142	148	105	11	10
99831	143	147	105	12	10
99830	143	146	105	13	10
100531	144	145	105	14	10
101232	145	144	105	15	10
101933	146	143	105	16	10
102634	147	142	105	17	10
103336	148	142	105	18	10
104038	149	142	105	19	10
96347	138	173	106	1	10
96346	138	172	106	2	10
97047	139	171	106	3	10
97046	139	170	106	4	10
97045	139	169	106	5	10
97746	140	168	106	6	10
98447	141	167	106	7	10
98446	141	166	106	8	10
97743	140	165	106	9	10
97742	140	164	106	10	10
97039	139	163	106	11	10
97038	139	162	106	12	10
96335	138	161	106	13	10
95632	137	160	106	14	10
95631	137	159	106	15	10
96332	138	158	106	16	10
97127	139	251	107	1	4
97829	140	251	107	2	4
98531	141	251	107	3	4
99233	142	251	107	4	4
99935	143	251	107	5	4
98343	141	63	108	1	10
99044	142	62	108	2	10
99043	142	61	108	3	10
99744	143	60	108	4	10
99743	143	59	108	5	10
99742	143	58	108	6	10
100443	144	57	108	7	10
100442	144	56	108	8	10
100441	144	55	108	9	10
100440	144	54	108	10	10
100439	144	53	108	11	10
107477	154	71	109	1	10
107476	154	70	109	2	10
107475	154	69	109	3	10
107474	154	68	109	4	10
107473	154	67	109	5	10
106770	153	66	109	6	10
106068	152	66	109	7	10
105365	151	65	109	8	10
104663	150	65	109	9	10
103961	149	65	109	10	10
103259	148	65	109	11	10
102557	147	65	109	12	10
101855	146	65	109	13	10
101153	145	65	109	14	10
100451	144	65	109	15	10
99749	143	65	109	16	10
99046	142	64	109	17	10
99067	142	85	110	1	10
99066	142	84	110	2	10
99065	142	83	110	3	10
99064	142	82	110	4	10
99765	143	81	110	5	10
100466	144	80	110	6	10
101167	145	79	110	7	10
101868	146	78	110	8	10
101867	146	77	110	9	10
101866	146	76	110	10	10
102567	147	75	110	11	10
103269	148	75	110	12	10
103970	149	74	110	13	10
104672	150	74	110	14	10
105373	151	73	110	15	10
100475	144	89	111	1	10
99772	143	88	111	2	10
99771	143	87	111	3	10
99068	142	86	111	4	10
99736	143	52	112	1	10
99735	143	51	112	2	10
99734	143	50	112	3	10
99733	143	49	112	4	10
99732	143	48	112	5	10
99731	143	47	112	6	10
99730	143	46	112	7	10
100431	144	45	112	8	10
101132	145	44	112	9	10
101833	146	43	112	10	10
102535	147	43	112	11	10
103236	148	42	112	12	10
103937	149	41	112	13	10
99795	143	111	113	1	10
100498	144	112	113	2	10
101201	145	113	113	3	10
101903	146	113	113	4	10
102605	147	113	113	5	10
100638	144	252	114	1	4
101339	145	251	114	2	4
102040	146	250	114	3	4
102742	147	250	114	4	4
103443	148	249	114	5	4
104144	149	248	114	6	4
104845	150	247	114	7	4
105547	151	247	114	8	4
106248	152	246	114	9	4
100673	144	287	115	1	4
101374	145	286	115	2	4
102076	146	286	115	3	4
102778	147	286	115	4	4
103479	148	285	115	5	4
104181	149	285	115	6	4
104882	150	284	115	7	4
105583	151	283	115	8	4
106284	152	282	115	9	4
106283	152	281	115	10	4
106282	152	280	115	11	4
106281	152	279	115	12	4
106280	152	278	115	13	4
106981	153	277	115	14	4
106980	153	276	115	15	4
106277	152	275	115	16	4
106276	152	274	115	17	4
106977	153	273	115	18	4
107678	154	272	115	19	4
108379	155	271	115	20	4
108378	155	270	115	21	4
108377	155	269	115	22	4
108376	155	268	115	23	4
101394	145	306	116	1	2
101393	145	305	116	2	2
100690	144	304	116	3	2
101391	145	303	116	4	2
101390	145	302	116	5	2
102091	146	301	116	6	2
102792	147	300	116	7	2
103493	148	299	116	8	2
103492	148	298	116	9	2
103491	148	297	116	10	2
103490	148	296	116	11	2
103489	148	295	116	12	2
104190	149	294	116	13	2
104189	149	293	116	14	2
104188	149	292	116	15	2
104889	150	291	116	16	2
105591	151	291	116	17	2
106293	152	291	116	18	2
106995	153	291	116	19	2
107697	154	291	116	20	2
108398	155	290	116	21	2
109100	156	290	116	22	2
109801	157	289	116	23	2
110502	158	288	116	24	2
111204	159	288	116	25	2
111905	160	287	116	26	2
112606	161	286	116	27	2
113307	162	285	116	28	2
113306	162	284	116	29	2
114007	163	283	116	30	2
114709	164	283	116	31	2
115410	165	282	116	32	2
116111	166	281	116	33	2
116812	167	280	116	34	2
103287	148	93	117	1	10
102584	147	92	117	2	10
101881	146	91	117	3	10
101178	145	90	117	4	10
103380	148	186	118	1	10
102677	147	185	118	2	10
101974	146	184	118	3	10
101973	146	183	118	4	10
101270	145	182	118	5	10
101971	146	181	118	6	10
101970	146	180	118	7	10
101969	146	179	118	8	10
102670	147	178	118	9	10
102669	147	177	118	10	10
103370	148	176	118	11	10
103369	148	175	118	12	10
103368	148	174	118	13	10
104069	149	173	118	14	10
104068	149	172	118	15	10
104067	149	171	118	16	10
104768	150	170	118	17	10
101303	145	215	119	1	10
101302	145	214	119	2	10
101301	145	213	119	3	10
102002	146	212	119	4	10
102001	146	211	119	5	10
102702	147	210	119	6	10
101365	145	277	120	1	4
101364	145	276	120	2	4
101363	145	275	120	3	4
102064	146	274	120	4	4
102766	147	274	120	5	4
103467	148	273	120	6	4
103466	148	272	120	7	4
104167	149	271	120	8	4
104869	150	271	120	9	4
105570	151	270	120	10	4
106271	152	269	120	11	4
106972	153	268	120	12	4
107674	154	268	120	13	4
103412	148	218	121	1	10
102709	147	217	121	2	10
102006	146	216	121	3	10
102701	147	209	122	1	10
103402	148	208	122	2	10
103401	148	207	122	3	10
104102	149	206	122	4	10
104101	149	205	122	5	10
104100	149	204	122	6	10
104099	149	203	122	7	10
104800	150	202	122	8	10
105501	151	201	122	9	10
105500	151	200	122	10	10
105499	151	199	122	11	10
105498	151	198	122	12	10
105497	151	197	122	13	10
105496	151	196	122	14	10
105495	151	195	122	15	10
105494	151	194	122	16	10
105493	151	193	122	17	10
105492	151	192	122	18	10
104789	150	191	122	19	10
104788	150	190	122	20	10
104085	149	189	122	21	10
103382	148	188	122	22	10
103381	148	187	122	23	10
103307	148	113	123	1	10
103306	148	112	123	2	10
103305	148	111	123	3	10
104006	149	110	123	4	10
104005	149	109	123	5	10
104706	150	108	123	6	10
104705	150	107	123	7	10
105406	151	106	123	8	10
105405	151	105	123	9	10
106106	152	104	123	10	10
106105	152	103	123	11	10
106104	152	102	123	12	10
106103	152	101	123	13	10
105400	151	100	123	14	10
105399	151	99	123	15	10
105398	151	98	123	16	10
105397	151	97	123	17	10
104694	150	96	123	18	10
104693	150	95	123	19	10
103990	149	94	123	20	10
108230	155	122	124	1	10
107527	154	121	124	2	10
106824	153	120	124	3	10
106121	152	119	124	4	10
105418	151	118	124	5	10
104715	150	117	124	6	10
104012	149	116	124	7	10
104011	149	115	124	8	10
103308	148	114	124	9	10
108437	155	329	125	1	2
107734	154	328	125	2	2
107031	153	327	125	3	2
107030	153	326	125	4	2
107029	153	325	125	5	2
106326	152	324	125	6	2
105623	151	323	125	7	2
104920	150	322	125	8	2
104217	149	321	125	9	2
104216	149	320	125	10	2
104917	150	319	125	11	2
104214	149	318	125	12	2
104213	149	317	125	13	2
104914	150	316	125	14	2
105615	151	315	125	15	2
105614	151	314	125	16	2
105613	151	313	125	17	2
105612	151	312	125	18	2
106313	152	311	125	19	2
106312	152	310	125	20	2
107013	153	309	125	21	2
107012	153	308	125	22	2
107713	154	307	125	23	2
108414	155	306	125	24	2
109115	156	305	125	25	2
109816	157	304	125	26	2
110517	158	303	125	27	2
111218	159	302	125	28	2
111920	160	302	125	29	2
111919	160	301	125	30	2
112620	161	300	125	31	2
113321	162	299	125	32	2
113320	162	298	125	33	2
114021	163	297	125	34	2
114723	164	297	125	35	2
115425	165	297	125	36	2
116127	166	297	125	37	2
116829	167	297	125	38	2
117530	168	296	125	39	2
118231	169	295	125	40	2
118933	170	295	125	41	2
119634	171	294	125	42	2
104638	150	40	126	1	10
104741	150	143	127	1	10
105444	151	144	127	2	10
106146	152	144	127	3	10
106848	153	144	127	4	10
107549	154	143	127	5	10
108250	155	142	127	6	10
108951	156	141	127	7	10
105469	151	169	128	1	10
104766	150	168	128	2	10
104765	150	167	128	3	10
105466	151	166	128	4	10
105465	151	165	128	5	10
106167	152	165	128	6	10
106868	153	164	128	7	10
106165	152	163	128	8	10
106866	153	162	128	9	10
107568	154	162	128	10	10
107567	154	161	128	11	10
107566	154	160	128	12	10
107565	154	159	128	13	10
106862	153	158	128	14	10
106861	153	157	128	15	10
106159	152	157	128	16	10
105457	151	157	128	17	10
104754	150	156	128	18	10
104051	149	155	128	19	10
104050	149	154	128	20	10
104049	149	153	128	21	10
104048	149	152	128	22	10
104047	149	151	128	23	10
104046	149	150	128	24	10
104045	149	149	128	25	10
104746	150	148	128	26	10
104745	150	147	128	27	10
104042	149	146	128	28	10
104041	149	145	128	29	10
104040	149	144	128	30	10
105340	151	40	129	1	10
105425	151	125	130	1	10
106126	152	124	130	2	10
106828	153	124	130	3	10
107529	154	123	130	4	10
105566	151	266	131	1	4
106267	152	265	131	2	4
106968	153	264	131	3	4
106967	153	263	131	4	4
106966	153	262	131	5	4
107667	154	261	131	6	4
106041	152	39	132	1	10
106742	153	38	132	2	10
107443	154	37	132	3	10
108145	155	37	132	4	10
108847	156	37	132	5	10
109548	157	36	132	6	10
110250	158	36	132	7	10
110951	159	35	132	8	10
111652	160	34	132	9	10
107450	154	44	133	1	10
106747	153	43	133	2	10
106746	153	42	133	3	10
106043	152	41	133	4	10
106075	152	73	134	1	10
106776	153	72	134	2	10
107484	154	78	135	1	10
106781	153	77	135	2	10
106780	153	76	135	3	10
106779	153	75	135	4	10
106076	152	74	135	5	10
110288	158	74	136	1	10
109585	157	73	136	2	10
108883	156	73	136	3	10
108180	155	72	136	4	10
108369	155	261	137	1	4
109070	156	260	137	2	4
109069	156	259	137	3	4
109068	156	258	137	4	4
109067	156	257	137	5	4
109768	157	256	137	6	4
110469	158	255	137	7	4
110468	158	254	137	8	4
110467	158	253	137	9	4
108375	155	267	138	1	4
108374	155	266	138	2	4
108373	155	265	138	3	4
108372	155	264	138	4	4
108371	155	263	138	5	4
108370	155	262	138	6	4
109636	157	124	139	1	10
108933	156	123	139	2	10
108950	156	140	140	1	10
109651	157	139	140	2	10
110353	158	139	140	3	10
111054	159	138	140	4	10
111755	160	137	140	5	10
111754	160	136	140	6	10
112455	161	135	140	7	10
112454	161	134	140	8	10
112453	161	133	140	9	10
109035	156	225	141	1	10
109034	156	224	141	2	10
109033	156	223	141	3	10
109032	156	222	141	4	10
109031	156	221	141	5	10
109732	157	220	141	6	10
109731	157	219	141	7	10
109730	157	218	141	8	10
110431	158	217	141	9	10
110430	158	216	141	10	10
111131	159	215	141	11	10
111832	160	214	141	12	10
112533	161	213	141	13	10
114543	164	117	142	1	10
113842	163	118	142	2	10
113141	162	119	142	3	10
112440	161	120	142	4	10
112441	161	121	142	5	10
111740	160	122	142	6	10
111741	160	123	142	7	10
111040	159	124	142	8	10
110338	158	124	142	9	10
113154	162	132	143	1	10
112451	161	131	143	2	10
112450	161	130	143	3	10
112449	161	129	143	4	10
112448	161	128	143	5	10
111745	160	127	143	6	10
111744	160	126	143	7	10
111042	159	126	143	8	10
110339	158	125	143	9	10
112353	161	33	144	1	10
113054	162	32	144	2	10
112532	161	212	145	1	10
112531	161	211	145	2	10
113232	162	210	145	3	10
113231	162	209	145	4	10
113932	163	208	145	5	10
113931	163	207	145	6	10
113930	163	206	145	7	10
113227	162	205	145	8	10
113226	162	204	145	9	10
113225	162	203	145	10	10
113224	162	202	145	11	10
112521	161	201	145	12	10
112520	161	200	145	13	10
111817	160	199	145	14	10
111115	159	199	145	15	10
110413	158	199	145	16	10
109710	157	198	145	17	10
110411	158	197	145	18	10
110410	158	196	145	19	10
110409	158	195	145	20	10
110408	158	194	145	21	10
110407	158	193	145	22	10
109704	157	192	145	23	10
109703	157	191	145	24	10
109000	156	190	145	25	10
108999	156	189	145	26	10
108998	156	188	145	27	10
108295	155	187	145	28	10
108294	155	186	145	29	10
108293	155	185	145	30	10
108292	155	184	145	31	10
108291	155	183	145	32	10
108290	155	182	145	33	10
108289	155	181	145	34	10
107586	154	180	145	35	10
107585	154	179	145	36	10
107584	154	178	145	37	10
107583	154	177	145	38	10
107582	154	176	145	39	10
107581	154	175	145	40	10
107580	154	174	145	41	10
107579	154	173	145	42	10
106876	153	172	145	43	10
106875	153	171	145	44	10
106172	152	170	145	45	10
113067	162	45	146	1	10
113066	162	44	146	2	10
113065	162	43	146	3	10
113064	162	42	146	4	10
113063	162	41	146	5	10
113764	163	40	146	6	10
113763	163	39	146	7	10
113762	163	38	146	8	10
113761	163	37	146	9	10
113760	163	36	146	10	10
113759	163	35	146	11	10
113056	162	34	146	12	10
112354	161	34	146	13	10
113867	163	143	147	1	12
113866	163	142	147	2	12
113163	162	141	147	3	12
113864	163	140	147	4	12
114565	164	139	147	5	12
113862	163	138	147	6	12
113861	163	137	147	7	12
113237	162	215	148	1	10
113236	162	214	148	2	10
113235	162	213	148	3	10
114562	164	136	149	1	12
113859	163	135	149	2	12
113858	163	134	149	3	12
113857	163	133	149	4	12
113856	163	132	149	5	12
114582	164	156	150	1	12
114581	164	155	150	2	12
114580	164	154	150	3	12
114579	164	153	150	4	12
114578	164	152	150	5	12
115279	165	151	150	6	12
114740	164	314	151	1	2
115442	165	314	151	2	2
116144	166	314	151	3	2
118778	170	140	152	1	12
118076	169	140	152	2	12
117373	168	139	152	3	12
116670	167	138	152	4	12
116669	167	137	152	5	12
115966	166	136	152	6	12
115264	165	136	152	7	12
123627	177	75	153	1	12
124330	178	76	153	2	12
125033	179	77	153	3	12
125034	179	78	153	4	12
124333	178	79	153	5	12
123632	177	80	153	6	12
122931	176	81	153	7	12
122230	175	82	153	8	12
121529	174	83	153	9	12
120828	173	84	153	10	12
120127	172	85	153	11	12
119426	171	86	153	12	12
119427	171	87	153	13	12
120130	172	88	153	14	12
120131	172	89	153	15	12
119430	171	90	153	16	12
119431	171	91	153	17	12
119432	171	92	153	18	12
119433	171	93	153	19	12
118732	170	94	153	20	12
118733	170	95	153	21	12
118032	169	96	153	22	12
117331	168	97	153	23	12
116630	167	98	153	24	12
116631	167	99	153	25	12
117334	168	100	153	26	12
117335	168	101	153	27	12
117336	168	102	153	28	12
117337	168	103	153	29	12
117338	168	104	153	30	12
117339	168	105	153	31	12
117340	168	106	153	32	12
117341	168	107	153	33	12
117342	168	108	153	34	12
117343	168	109	153	35	12
117344	168	110	153	36	12
118047	169	111	153	37	12
118048	169	112	153	38	12
118751	170	113	153	39	12
118752	170	114	153	40	12
119455	171	115	153	41	12
116794	167	262	154	1	4
116793	167	261	154	2	4
117494	168	260	154	3	4
118196	169	260	154	4	4
118897	170	259	154	5	4
119598	171	258	154	6	4
120300	172	258	154	7	4
116845	167	313	155	1	2
116844	167	312	155	2	2
117545	168	311	155	3	2
117544	168	310	155	4	2
118245	169	309	155	5	2
118946	170	308	155	6	2
119647	171	307	155	7	2
119646	171	306	155	8	2
120347	172	305	155	9	2
120346	172	304	155	10	2
121047	173	303	155	11	2
121046	173	302	155	12	2
121747	174	301	155	13	2
122448	175	300	155	14	2
122447	175	299	155	15	2
123148	176	298	155	16	2
123147	176	297	155	17	2
123146	176	296	155	18	2
122443	175	295	155	19	2
117515	168	281	156	1	2
118216	169	280	156	2	2
118215	169	279	156	3	4
118916	170	278	156	4	4
118915	170	277	156	5	4
118914	170	276	156	6	4
118211	169	275	156	7	4
118210	169	274	156	8	4
118209	169	273	156	9	4
118911	170	273	156	10	4
119612	171	272	156	11	4
119611	171	271	156	12	4
119610	171	270	156	13	4
120311	172	269	156	14	4
120310	172	268	156	15	4
120335	172	293	157	1	2
120334	172	292	157	2	2
120333	172	291	157	3	2
119630	171	290	157	4	2
119629	171	289	157	5	2
119628	171	288	157	6	2
118925	170	287	157	7	2
118924	170	286	157	8	2
118221	169	285	157	9	2
118220	169	284	157	10	2
117517	168	283	157	11	2
117516	168	282	157	12	2
118980	170	342	158	1	2
118979	170	341	158	2	2
118276	169	340	158	3	2
118275	169	339	158	4	2
118274	169	338	158	5	2
118273	169	337	158	6	2
118272	169	336	158	7	2
118973	170	335	158	8	2
118972	170	334	158	9	2
118971	170	333	158	10	2
119672	171	332	158	11	2
119671	171	331	158	12	2
119670	171	330	158	13	2
119669	171	329	158	14	2
118966	170	328	158	15	2
118965	170	327	158	16	2
118964	170	326	158	17	2
118261	169	325	158	18	2
118260	169	324	158	19	2
117557	168	323	158	20	2
117556	168	322	158	21	2
117555	168	321	158	22	2
116852	167	320	158	23	2
116851	167	319	158	24	2
116850	167	318	158	25	2
117551	168	317	158	26	2
117550	168	316	158	27	2
116847	167	315	158	28	2
116846	167	314	158	29	2
118810	170	172	159	1	12
119512	171	172	159	2	12
120213	172	171	159	3	12
120915	173	171	159	4	12
121616	174	170	159	5	12
121615	174	169	159	6	12
122316	175	168	159	7	12
122315	175	167	159	8	12
122983	176	133	160	1	12
122984	176	134	160	2	12
122985	176	135	160	3	12
122283	175	135	160	4	12
121582	174	136	160	5	12
121583	174	137	160	6	12
120881	173	137	160	7	12
120180	172	138	160	8	12
120181	172	139	160	9	12
119480	171	140	160	10	12
124397	178	143	161	1	12
123695	177	143	161	2	12
122993	176	143	161	3	12
122291	175	143	161	4	12
121588	174	142	161	5	12
120886	173	142	161	6	12
120183	172	141	161	7	12
119481	171	141	161	8	12
120158	172	116	162	1	12
120159	172	117	162	2	12
120862	173	118	162	3	12
121565	174	119	162	4	12
121566	174	120	162	5	12
121567	174	121	162	6	12
121568	174	122	162	7	12
121569	174	123	162	8	12
122272	175	124	162	9	12
122273	175	125	162	10	12
122274	175	126	162	11	12
122275	175	127	162	12	12
122978	176	128	162	13	12
122979	176	129	162	14	12
122980	176	130	162	15	12
122981	176	131	162	16	12
122982	176	132	162	17	12
125908	180	250	163	1	4
125206	179	250	163	2	4
124504	178	250	163	3	4
123801	177	249	163	4	4
123099	176	249	163	5	4
122396	175	248	163	6	4
121694	174	248	163	7	4
120991	173	247	163	8	4
120290	172	248	163	9	4
120309	172	267	164	1	4
120308	172	266	164	2	4
120307	172	265	164	3	4
121008	173	264	164	4	4
121007	173	263	164	5	4
126466	181	106	165	1	12
125765	180	107	165	2	12
125766	180	108	165	3	12
125767	180	109	165	4	12
125066	179	110	165	5	12
124365	178	111	165	6	12
123664	177	112	165	7	12
122963	176	113	165	8	12
122261	175	113	165	9	12
121560	174	114	165	10	12
120859	173	115	165	11	12
122409	175	261	166	1	4
122408	175	260	166	2	4
121705	174	259	166	3	4
121704	174	258	166	4	4
121001	173	257	166	5	4
121000	173	256	166	6	4
122442	175	294	167	1	2
121740	174	294	167	2	2
121038	173	294	167	3	2
121708	174	262	168	1	4
139277	199	281	169	1	4
138574	198	280	169	2	4
138573	198	279	169	3	4
137870	197	278	169	4	4
137167	196	277	169	5	4
136465	195	277	169	6	4
135763	194	277	169	7	4
135061	193	277	169	8	4
134359	192	277	169	9	4
133658	191	278	169	10	4
132956	190	278	169	11	4
132253	189	277	169	12	4
131550	188	276	169	13	4
130847	187	275	169	14	4
130145	186	275	169	15	4
129443	185	275	169	16	4
128740	184	274	169	17	4
128037	183	273	169	18	4
127334	182	272	169	19	4
127333	182	271	169	20	4
126630	181	270	169	21	4
126629	181	269	169	22	4
125926	180	268	169	23	4
125223	179	267	169	24	4
124521	178	267	169	25	4
123819	177	267	169	26	4
123116	176	266	169	27	4
123115	176	265	169	28	4
122412	175	264	169	29	4
121709	174	263	169	30	4
122329	175	181	170	1	12
123031	176	181	170	2	12
123733	177	181	170	3	12
124434	178	180	170	4	12
125135	179	179	170	5	12
125134	179	178	170	6	12
135753	194	267	171	1	4
135051	193	267	171	2	4
134348	192	266	171	3	4
133646	191	266	171	4	4
132943	190	265	171	5	4
132241	189	265	171	6	4
131538	188	264	171	7	4
130835	187	263	171	8	4
130133	186	263	171	9	4
129430	185	262	171	10	4
128728	184	262	171	11	4
128026	183	262	171	12	4
127324	182	262	171	13	4
126621	181	261	171	14	4
125918	180	260	171	15	4
125216	179	260	171	16	4
124513	178	259	171	17	4
123812	177	260	171	18	4
123111	176	261	171	19	4
128766	184	300	172	1	2
128064	183	300	172	2	2
127361	182	299	172	3	2
126659	181	299	172	4	2
125956	180	298	172	5	2
125254	179	298	172	6	2
124551	178	297	172	7	2
123848	177	296	172	8	2
123847	177	295	172	9	2
123145	176	295	172	10	2
123908	177	356	173	1	2
123907	177	355	173	2	2
123906	177	354	173	3	2
124607	178	353	173	4	2
124606	178	352	173	5	2
124605	178	351	173	6	2
124604	178	350	173	7	2
124603	178	349	173	8	2
123900	177	348	173	9	2
123197	176	347	173	10	2
123196	176	346	173	11	2
123195	176	345	173	12	2
123194	176	344	173	13	2
123895	177	343	173	14	2
123894	177	342	173	15	2
123893	177	341	173	16	2
123892	177	340	173	17	2
124593	178	339	173	18	2
123890	177	338	173	19	2
123889	177	337	173	20	2
123888	177	336	173	21	2
123185	176	335	173	22	2
123184	176	334	173	23	2
122481	175	333	173	24	2
122480	175	332	173	25	2
123181	176	331	173	26	2
123180	176	330	173	27	2
123179	176	329	173	28	2
123178	176	328	173	29	2
123879	177	327	173	30	2
124580	178	326	173	31	2
125281	179	325	173	32	2
126484	181	124	174	1	12
126485	181	125	174	2	12
126486	181	126	174	3	12
125785	180	127	174	4	12
125786	180	128	174	5	12
125787	180	129	174	6	12
125086	179	130	174	7	12
124385	178	131	174	8	12
123684	177	132	174	9	12
127216	182	154	175	1	12
126513	181	153	175	2	12
125810	180	152	175	3	12
125809	180	151	175	4	12
125106	179	150	175	5	12
124403	178	149	175	6	12
123701	177	149	175	7	12
123700	177	148	175	8	12
124401	178	147	175	9	12
123698	177	146	175	10	12
124399	178	145	175	11	12
125101	179	145	175	12	12
125100	179	144	175	13	12
131558	188	284	176	1	4
131557	188	283	176	2	4
130854	187	282	176	3	4
130151	186	281	176	4	4
129448	185	280	176	5	4
128745	184	279	176	6	4
128042	183	278	176	7	4
127340	182	278	176	8	4
126637	181	277	176	9	4
125935	180	277	176	10	4
125232	179	276	176	11	4
124529	178	275	176	12	4
123826	177	274	176	13	4
124527	178	273	176	14	4
124526	178	272	176	15	4
124525	178	271	176	16	4
123822	177	270	176	17	4
123119	176	269	176	18	4
122417	175	269	176	19	4
121715	174	269	176	20	4
121012	173	268	176	21	4
125982	180	324	177	1	2
125279	179	323	177	2	2
125278	179	322	177	3	2
125277	179	321	177	4	2
125276	179	320	177	5	2
124573	178	319	177	6	2
123870	177	318	177	7	2
124571	178	317	177	8	2
125272	179	316	177	9	2
125973	180	315	177	10	2
126674	181	314	177	11	2
127375	182	313	177	12	2
128077	183	313	177	13	2
128778	184	312	177	14	2
129480	185	312	177	15	2
130181	186	311	177	16	2
130882	187	310	177	17	2
128559	184	93	178	1	12
129262	185	94	178	2	12
129263	185	95	178	3	12
128562	184	96	178	4	12
128563	184	97	178	5	12
128564	184	98	178	6	12
128565	184	99	178	7	12
129268	185	100	178	8	12
129269	185	101	178	9	12
129270	185	102	178	10	12
129973	186	103	178	11	12
129974	186	104	178	12	12
130677	187	105	178	13	12
131380	188	106	178	14	12
132082	189	106	178	15	12
132785	190	107	178	16	12
133488	191	108	178	17	12
134191	192	109	178	18	12
134894	193	110	178	19	12
134895	193	111	178	20	12
134896	193	112	178	21	12
134195	192	113	178	22	12
133494	191	114	178	23	12
132793	190	115	178	24	12
132092	189	116	178	25	12
132093	189	117	178	26	12
131392	188	118	178	27	12
130691	187	119	178	28	12
129990	186	120	178	29	12
129991	186	121	178	30	12
129290	185	122	178	31	12
129291	185	123	178	32	12
129292	185	124	178	33	12
128591	184	125	178	34	12
128592	184	126	178	35	12
128593	184	127	178	36	12
128594	184	128	178	37	12
128595	184	129	178	38	12
128596	184	130	178	39	12
128597	184	131	178	40	12
128598	184	132	178	41	12
128599	184	133	178	42	12
127898	183	134	178	43	12
127899	183	135	178	44	12
128602	184	136	178	45	12
128603	184	137	178	46	12
127902	183	138	178	47	12
127200	182	138	178	48	12
127201	182	139	178	49	12
126500	181	140	178	50	12
125798	180	140	178	51	12
125097	179	141	178	52	12
124396	178	142	178	53	12
125835	180	177	179	1	12
125834	180	176	179	2	12
126535	181	175	179	3	12
127236	182	174	179	4	12
127235	182	173	179	5	12
127234	182	172	179	6	12
127233	182	171	179	7	12
127934	183	170	179	8	12
127933	183	169	179	9	12
128635	184	169	179	10	12
129336	185	168	179	11	12
130037	186	167	179	12	12
130036	186	166	179	13	12
130035	186	165	179	14	12
130034	186	164	179	15	12
130033	186	163	179	16	12
130032	186	162	179	17	12
130031	186	161	179	18	12
143457	205	249	180	1	4
142754	204	248	180	2	4
142051	203	247	180	3	4
141348	202	246	180	4	4
140646	201	246	180	5	4
139943	200	245	180	6	4
139241	199	245	180	7	4
138539	198	245	180	8	4
137837	197	245	180	9	4
137134	196	244	180	10	4
136432	195	244	180	11	4
135730	194	244	180	12	4
135029	193	245	180	13	4
134327	192	245	180	14	4
133625	191	245	180	15	4
132924	190	246	180	16	4
132223	189	247	180	17	4
131522	188	248	180	18	4
130820	187	248	180	19	4
130118	186	248	180	20	4
129416	185	248	180	21	4
128714	184	248	180	22	4
128012	183	248	180	23	4
127310	182	248	180	24	4
126609	181	249	180	25	4
125907	180	249	180	26	4
126516	181	156	181	1	12
127217	182	155	181	2	12
127946	183	182	182	1	4
127945	183	181	182	2	4
127944	183	180	182	3	4
127241	182	179	182	4	12
126538	181	178	182	5	12
126545	181	185	183	1	4
127246	182	184	183	2	4
127947	183	183	183	3	4
118836	170	198	184	1	4
119538	171	198	184	2	4
120239	172	197	184	3	4
120941	173	197	184	4	4
121643	174	197	184	5	4
122345	175	197	184	6	4
123047	176	197	184	7	4
123749	177	197	184	8	4
124450	178	196	184	9	4
125151	179	195	184	10	4
125853	180	195	184	11	4
126555	181	195	184	12	4
127256	182	194	184	13	4
127255	182	193	184	14	4
126552	181	192	184	15	4
126551	181	191	184	16	4
127252	182	190	184	17	4
127251	182	189	184	18	4
127250	182	188	184	19	4
127249	182	187	184	20	4
127950	183	186	184	21	4
127949	183	185	184	22	4
128650	184	184	184	23	4
142068	203	264	185	1	4
141365	202	263	185	2	4
140663	201	263	185	3	4
139961	200	263	185	4	4
139258	199	262	185	5	4
138555	198	261	185	6	4
138554	198	260	185	7	4
137851	197	259	185	8	4
137148	196	258	185	9	4
136445	195	257	185	10	4
135743	194	257	185	11	4
135040	193	256	185	12	4
134337	192	255	185	13	4
134336	192	254	185	14	4
133634	191	254	185	15	4
132932	190	254	185	16	4
132230	189	254	185	17	4
131527	188	253	185	18	4
130825	187	253	185	19	4
130122	186	252	185	20	4
129420	185	252	185	21	4
128717	184	251	185	22	4
128015	183	251	185	23	4
127313	182	251	185	24	4
126611	181	251	185	25	4
130021	186	151	186	1	12
129320	185	152	186	2	12
128619	184	153	186	3	12
127917	183	153	186	4	12
130028	186	158	187	1	12
129325	185	157	187	2	12
128622	184	156	187	3	12
127919	183	155	187	4	12
131625	188	351	188	1	2
130922	187	350	188	2	2
130219	186	349	188	3	2
129516	185	348	188	4	2
129515	185	347	188	5	2
129514	185	346	188	6	2
129513	185	345	188	7	2
128810	184	344	188	8	2
128809	184	343	188	9	2
128808	184	342	188	10	2
128807	184	341	188	11	2
128104	183	340	188	12	2
128103	183	339	188	13	2
128102	183	338	188	14	2
128803	184	337	188	15	2
128100	183	336	188	16	2
128099	183	335	188	17	2
128800	184	334	188	18	2
128799	184	333	188	19	2
128798	184	332	188	20	2
128797	184	331	188	21	2
128796	184	330	188	22	2
128093	183	329	188	23	2
127390	182	328	188	24	2
127389	182	327	188	25	2
126686	181	326	188	26	2
126685	181	325	188	27	2
128649	184	183	189	1	4
131583	188	309	190	1	2
131582	188	308	190	2	2
131581	188	307	190	3	2
131580	188	306	190	4	2
130877	187	305	190	5	2
130174	186	304	190	6	2
129471	185	303	190	7	2
128768	184	302	190	8	2
128767	184	301	190	9	2
134273	192	191	191	1	4
133570	191	190	191	2	4
132868	190	190	191	3	4
132166	189	190	191	4	4
132165	189	189	191	5	4
132164	189	188	191	6	4
132163	189	187	191	7	4
131460	188	186	191	8	4
130757	187	185	191	9	4
130054	186	184	191	10	4
129352	185	184	191	11	4
139292	199	296	192	1	2
138590	198	296	192	2	2
137889	197	297	192	3	2
137187	196	297	192	4	2
136485	195	297	192	5	2
135784	194	298	192	6	2
135081	193	297	192	7	2
134378	192	296	192	8	2
133675	191	295	192	9	2
132973	190	295	192	10	2
132272	189	296	192	11	2
131571	188	297	192	12	2
130870	187	298	192	13	2
130169	186	299	192	14	2
129468	185	300	192	15	2
139117	199	121	193	1	12
138416	198	122	193	2	12
138417	198	123	193	3	12
137716	197	124	193	4	12
137015	196	125	193	5	12
136314	195	126	193	6	12
135613	194	127	193	7	12
134912	193	128	193	8	12
134913	193	129	193	9	12
134212	192	130	193	10	12
134213	192	131	193	11	12
133512	191	132	193	12	12
133513	191	133	193	13	12
132812	190	134	193	14	12
132813	190	135	193	15	12
132112	189	136	193	16	12
131411	188	137	193	17	12
130709	187	137	193	18	12
130008	186	138	193	19	12
129307	185	139	193	20	12
129308	185	140	193	21	12
130011	186	141	193	22	12
130012	186	142	193	23	12
130715	187	143	193	24	12
130716	187	144	193	25	12
130717	187	145	193	26	12
130718	187	146	193	27	12
130719	187	147	193	28	12
130720	187	148	193	29	12
130019	186	149	193	30	12
130020	186	150	193	31	12
130030	186	160	194	1	12
130029	186	159	194	2	12
132126	189	150	195	1	12
131425	188	151	195	2	12
130723	187	151	195	3	12
139155	199	159	196	1	11
138453	198	159	196	2	11
137750	197	158	196	3	11
137048	196	158	196	4	11
136346	195	158	196	5	11
135644	194	158	196	6	11
134942	193	158	196	7	11
134240	192	158	196	8	11
133538	191	158	196	9	11
132836	190	158	196	10	11
132134	189	158	196	11	11
131432	188	158	196	12	12
130730	187	158	196	13	12
130732	187	160	197	1	12
134441	192	359	198	1	2
133738	191	358	198	2	2
133035	190	357	198	3	2
132332	189	356	198	4	2
132331	189	355	198	5	2
131628	188	354	198	6	2
131627	188	353	198	7	2
131626	188	352	198	8	2
136327	195	139	199	1	12
135626	194	140	199	2	12
135627	194	141	199	3	12
135628	194	142	199	4	12
134927	193	143	199	5	12
134928	193	144	199	6	12
134226	192	144	199	7	12
133525	191	145	199	8	12
132824	190	146	199	9	12
132123	189	147	199	10	12
132124	189	148	199	11	12
132125	189	149	199	12	12
142837	204	331	200	1	2
142134	203	330	200	2	2
142133	203	329	200	3	2
142132	203	328	200	4	2
142131	203	327	200	5	2
141428	202	326	200	6	2
140725	201	325	200	7	2
140023	200	325	200	8	2
139320	199	324	200	9	2
138618	198	324	200	10	2
137915	197	323	200	11	2
137212	196	322	200	12	2
137211	196	321	200	13	2
136508	195	320	200	14	2
136507	195	319	200	15	2
136506	195	318	200	16	2
135803	194	317	200	17	2
135802	194	316	200	18	2
135099	193	315	200	19	2
134396	192	314	200	20	2
134395	192	313	200	21	2
133692	191	312	200	22	2
133691	191	311	200	23	2
132988	190	310	200	24	2
132285	189	309	200	25	2
138640	198	346	201	1	2
137939	197	347	201	2	2
137237	196	347	201	3	2
136536	195	348	201	4	2
135835	194	349	201	5	2
135133	193	349	201	6	2
134431	192	349	201	7	2
133730	191	350	201	8	2
133028	190	350	201	9	2
132327	189	351	201	10	2
134231	192	149	202	1	12
133530	191	150	202	2	12
132828	190	150	202	3	12
133546	191	166	203	1	12
134247	192	165	203	2	12
133544	191	164	203	3	12
136556	195	368	204	1	2
136555	195	367	204	2	2
135852	194	366	204	3	2
135149	193	365	204	4	2
134446	192	364	204	5	2
134445	192	363	204	6	2
134444	192	362	204	7	2
134443	192	361	204	8	2
134442	192	360	204	9	2
140058	200	360	205	1	2
139356	199	360	205	2	2
138654	198	360	205	3	2
137952	197	360	205	4	2
137250	196	360	205	5	2
136548	195	360	205	6	2
135846	194	360	205	7	2
135144	193	360	205	8	2
136351	195	163	206	1	12
135648	194	162	206	2	12
137124	196	234	207	1	4
137123	196	233	207	2	4
137122	196	232	207	3	4
137121	196	231	207	4	4
137120	196	230	207	5	4
136417	195	229	207	6	4
136416	195	228	207	7	4
135713	194	227	207	8	4
135857	194	371	208	1	2
135856	194	370	208	2	2
135855	194	369	208	3	2
132765	190	87	209	1	12
133468	191	88	209	2	12
134171	192	89	209	3	12
134874	193	90	209	4	12
134875	193	91	209	5	12
135578	194	92	209	6	12
136281	195	93	209	7	12
135580	194	94	209	8	12
136283	195	95	209	9	12
136284	195	96	209	10	12
136285	195	97	209	11	12
136286	195	98	209	12	12
136287	195	99	209	13	12
136288	195	100	209	14	12
136289	195	101	209	15	12
136290	195	102	209	16	12
136993	196	103	209	17	12
136994	196	104	209	18	12
137697	197	105	209	19	12
137698	197	106	209	20	12
136997	196	107	209	21	12
136998	196	108	209	22	12
136297	195	109	209	23	12
136298	195	110	209	24	12
137001	196	111	209	25	12
137002	196	112	209	26	12
137003	196	113	209	27	12
137706	197	114	209	28	12
137707	197	115	209	29	12
138410	198	116	209	30	12
138411	198	117	209	31	12
139114	199	118	209	32	12
139115	199	119	209	33	12
139116	199	120	209	34	12
146149	209	133	210	1	12
145447	208	133	210	2	12
144746	207	134	210	3	12
144045	206	135	210	4	12
143344	205	136	210	5	12
142643	204	137	210	6	12
142644	204	138	210	7	12
141943	203	139	210	8	12
141242	202	140	210	9	12
141243	202	141	210	10	12
140541	201	141	210	11	12
139839	200	141	210	12	12
139138	199	142	210	13	12
138437	198	143	210	14	12
137736	197	144	210	15	12
137737	197	145	210	16	12
137738	197	146	210	17	12
137739	197	147	210	18	12
137740	197	148	210	19	12
137038	196	148	210	20	12
140067	200	369	211	1	2
139365	199	369	211	2	2
138663	198	369	211	3	2
137961	197	369	211	4	2
137258	196	368	211	5	2
139846	200	148	212	1	12
139145	199	149	212	2	12
138443	198	149	212	3	12
140556	201	156	213	1	11
139855	200	157	213	2	11
139154	199	158	213	3	11
149633	214	107	214	1	12
148931	213	107	214	2	12
148229	212	107	214	3	12
147527	211	107	214	4	12
146826	210	108	214	5	12
146827	210	109	214	6	12
146125	209	109	214	7	12
145424	208	110	214	8	12
145425	208	111	214	9	12
144724	207	112	214	10	12
144023	206	113	214	11	12
143322	205	114	214	12	12
142621	204	115	214	13	12
141920	203	116	214	14	12
141921	203	117	214	15	12
141220	202	118	214	16	12
141221	202	119	214	17	12
140520	201	120	214	18	12
139819	200	121	214	19	12
151099	216	169	215	1	11
150397	215	169	215	2	11
149694	214	168	215	3	11
149693	214	167	215	4	11
148991	213	167	215	5	11
148289	212	167	215	6	11
147586	211	166	215	7	11
146883	210	165	215	8	11
146181	209	165	215	9	11
145478	208	164	215	10	11
144775	207	163	215	11	11
144072	206	162	215	12	11
143369	205	161	215	13	11
142667	204	161	215	14	11
141965	203	161	215	15	11
141262	202	160	215	16	11
140560	201	160	215	17	11
139857	200	159	215	18	11
153945	220	207	216	1	4
153242	219	206	216	2	4
152539	218	205	216	3	4
151837	217	205	216	4	4
151134	216	204	216	5	4
150431	215	203	216	6	4
149729	214	203	216	7	4
149027	213	203	216	8	4
148324	212	202	216	9	4
147622	211	202	216	10	4
146921	210	203	216	11	4
146219	209	203	216	12	4
145517	208	203	216	13	4
144815	207	203	216	14	4
144113	206	203	216	15	4
143411	205	203	216	16	4
142710	204	204	216	17	4
142008	203	204	216	18	4
141306	202	204	216	19	4
140604	201	204	216	20	4
139902	200	204	216	21	4
141396	202	294	217	1	2
140695	201	295	217	2	2
139993	200	295	217	3	2
148441	212	319	218	1	2
147738	211	318	218	2	2
147737	211	317	218	3	2
147736	211	316	218	4	2
147735	211	315	218	5	2
147032	210	314	218	6	2
147031	210	313	218	7	2
146328	209	312	218	8	2
146327	209	311	218	9	2
146326	209	310	218	10	2
146325	209	309	218	11	2
145622	208	308	218	12	2
144919	207	307	218	13	2
144216	206	306	218	14	2
143513	205	305	218	15	2
142810	204	304	218	16	2
142107	203	303	218	17	2
141404	202	302	218	18	2
141403	202	301	218	19	2
141402	202	300	218	20	2
141401	202	299	218	21	2
141400	202	298	218	22	2
140697	201	297	218	23	2
139994	200	296	218	24	2
146381	209	365	219	1	2
145679	208	365	219	2	2
144977	207	365	219	3	2
144275	206	365	219	4	2
143574	205	366	219	5	2
142873	204	367	219	6	2
142171	203	367	219	7	2
141470	202	368	219	8	2
140768	201	368	219	9	2
152718	218	384	220	1	2
152015	217	383	220	2	2
151312	216	382	220	3	2
150610	215	382	220	4	2
149907	214	381	220	5	2
149205	213	381	220	6	2
148503	212	381	220	7	2
147800	211	380	220	8	2
147098	210	380	220	9	2
146395	209	379	220	10	2
145692	208	378	220	11	2
144989	207	377	220	12	2
144988	207	376	220	13	2
144285	206	375	220	14	2
143582	205	374	220	15	2
142879	204	373	220	16	2
142176	203	372	220	17	2
141473	202	371	220	18	2
141472	202	370	220	19	2
140769	201	369	220	20	2
141369	202	267	221	1	4
141368	202	266	221	2	4
141367	202	265	221	3	4
156137	223	293	222	1	2
155434	222	292	222	2	2
154733	221	293	222	3	2
154030	220	292	222	4	2
153328	219	292	222	5	2
152626	218	292	222	6	2
151923	217	291	222	7	2
151221	216	291	222	8	2
150519	215	291	222	9	2
149816	214	290	222	10	2
149113	213	289	222	11	2
148410	212	288	222	12	2
147708	211	288	222	13	2
147006	210	288	222	14	2
146304	209	288	222	15	2
145603	208	289	222	16	2
144902	207	290	222	17	2
144200	206	290	222	18	2
143499	205	291	222	19	2
142798	204	292	222	20	2
142096	203	292	222	21	2
141395	202	293	222	22	2
146312	209	296	223	1	2
145610	208	296	223	2	2
144909	207	297	223	3	2
144206	206	296	223	4	2
143503	205	295	223	5	2
143502	205	294	223	6	2
142799	204	293	223	7	2
142097	203	293	223	8	2
145579	208	265	224	1	4
144876	207	264	224	2	4
144174	206	264	224	3	4
143472	205	264	224	4	4
142770	204	264	224	5	4
145506	208	192	225	1	11
144804	207	192	225	2	11
144102	206	192	225	3	11
143399	205	191	225	4	11
142696	204	190	225	5	11
142695	204	189	225	6	11
142694	204	188	225	7	11
142693	204	187	225	8	11
142692	204	186	225	9	11
142691	204	185	225	10	11
142690	204	184	225	11	11
143391	205	183	225	12	11
144092	206	182	225	13	11
144091	206	181	225	14	11
143388	205	180	225	15	11
143387	205	179	225	16	11
143386	205	178	225	17	11
143385	205	177	225	18	11
143384	205	176	225	19	11
144085	206	175	225	20	11
144084	206	174	225	21	11
144083	206	173	225	22	11
143380	205	172	225	23	11
146232	209	216	226	1	4
145529	208	215	226	2	4
144826	207	214	226	3	4
144123	206	213	226	4	4
143421	205	213	226	5	4
145644	208	330	227	1	2
144942	207	330	227	2	2
144240	206	330	227	3	2
143538	205	330	227	4	2
159011	227	359	228	1	2
159010	227	358	228	2	2
158307	226	357	228	3	2
158306	226	356	228	4	2
157603	225	355	228	5	2
156900	224	354	228	6	2
156197	223	353	228	7	2
156196	223	352	228	8	2
155493	222	351	228	9	2
155492	222	350	228	10	2
155491	222	349	228	11	2
154788	221	348	228	12	2
154787	221	347	228	13	2
154084	220	346	228	14	2
154083	220	345	228	15	2
153380	219	344	228	16	2
152677	218	343	228	17	2
151974	217	342	228	18	2
151271	216	341	228	19	2
150569	215	341	228	20	2
149866	214	340	228	21	2
149163	213	339	228	22	2
149162	213	338	228	23	2
148459	212	337	228	24	2
147757	211	337	228	25	2
147055	210	337	228	26	2
146352	209	336	228	27	2
145649	208	335	228	28	2
144946	207	334	228	29	2
144243	206	333	228	30	2
143540	205	332	228	31	2
144037	206	127	229	1	12
144740	207	128	229	2	12
144741	207	129	229	3	12
145444	208	130	229	4	12
145445	208	131	229	5	12
146148	209	132	229	6	12
150347	215	119	230	1	12
149646	214	120	230	2	12
148945	213	121	230	3	12
148946	213	122	230	4	12
148245	212	123	230	5	12
147544	211	124	230	6	12
146843	210	125	230	7	12
146142	209	126	230	8	12
146143	209	127	230	9	12
146846	210	128	230	10	12
146847	210	129	230	11	12
146848	210	130	230	12	12
146849	210	131	230	13	12
146979	210	261	231	1	4
146278	209	262	231	2	4
146279	209	263	231	3	4
146280	209	264	231	4	4
167355	239	279	232	1	1
167354	239	278	232	2	1
166651	238	277	232	3	1
165948	237	276	232	4	1
165245	236	275	232	5	1
164542	235	274	232	6	1
163839	234	273	232	7	1
163136	233	272	232	8	1
162433	232	271	232	9	1
161731	231	271	232	10	1
161028	230	270	232	11	1
160327	229	271	232	12	1
159625	228	271	232	13	1
158922	227	270	232	14	1
158220	226	270	232	15	1
157518	225	270	232	16	1
156816	224	270	232	17	1
156114	223	270	232	18	1
155411	222	269	232	19	1
154709	221	269	232	20	1
154007	220	269	232	21	1
153304	219	268	232	22	1
152602	218	268	232	23	1
151900	217	268	232	24	1
151198	216	268	232	25	1
150495	215	267	232	26	1
149794	214	268	232	27	1
149092	213	268	232	28	1
148389	212	267	232	29	4
147686	211	266	232	30	4
146984	210	266	232	31	4
146281	209	265	232	32	4
146850	210	132	233	1	12
149038	213	214	234	1	4
148336	212	214	234	2	4
147634	211	214	234	3	4
146933	210	215	234	4	4
149067	213	243	235	1	4
149066	213	242	235	2	4
148363	212	241	235	3	4
147660	211	240	235	4	4
146957	210	239	235	5	4
146956	210	238	235	6	4
146955	210	237	235	7	4
147656	211	236	235	8	4
148357	212	235	235	9	4
148356	212	234	235	10	4
148355	212	233	235	11	4
148354	212	232	235	12	4
149055	213	231	235	13	4
149054	213	230	235	14	4
149053	213	229	235	15	4
149052	213	228	235	16	4
149051	213	227	235	17	4
149050	213	226	235	18	4
148347	212	225	235	19	4
148346	212	224	235	20	4
148345	212	223	235	21	4
147642	211	222	235	22	4
147641	211	221	235	23	4
146938	210	220	235	24	4
146235	209	219	235	25	4
146234	209	218	235	26	4
146233	209	217	235	27	4
158769	227	117	236	1	12
158067	226	117	236	2	12
157366	225	118	236	3	12
156665	224	119	236	4	12
155964	223	120	236	5	12
155262	222	120	236	6	12
154561	221	121	236	7	12
153860	220	122	236	8	12
153159	219	123	236	9	12
152458	218	124	236	10	12
151757	217	125	236	11	12
151056	216	126	236	12	12
150355	215	127	236	13	12
149654	214	128	236	14	12
148953	213	129	236	15	12
148252	212	130	236	16	12
147551	211	131	236	17	12
148959	213	135	237	1	12
148256	212	134	237	2	12
147553	211	133	237	3	12
149681	214	155	238	1	11
148980	213	156	238	2	11
148278	212	156	238	3	11
147577	211	157	238	4	11
148295	212	173	239	1	11
148294	212	172	239	2	11
147591	211	171	239	3	11
153989	220	251	240	1	4
153287	219	251	240	2	4
152584	218	250	240	3	4
151881	217	249	240	4	4
151179	216	249	240	5	4
150476	215	248	240	6	4
149773	214	247	240	7	4
149070	213	246	240	8	4
149069	213	245	240	9	4
149068	213	244	240	10	4
161592	231	132	241	1	12
161593	231	133	241	2	12
161594	231	134	241	3	12
162297	232	135	241	4	12
162298	232	136	241	5	12
161597	231	137	241	6	12
160896	230	138	241	7	12
160195	229	139	241	8	12
159493	228	139	241	9	12
158791	227	139	241	10	12
158088	226	138	241	11	12
157385	225	137	241	12	12
156682	224	136	241	13	12
155980	223	136	241	14	12
155278	222	136	241	15	12
154576	221	136	241	16	12
153875	220	137	241	17	12
153173	219	137	241	18	12
152471	218	137	241	19	12
151768	217	136	241	20	12
151066	216	136	241	21	12
150363	215	135	241	22	12
149661	214	135	241	23	12
161602	231	142	242	1	12
160900	230	142	242	2	12
160198	229	142	242	3	12
159496	228	142	242	4	12
158795	227	143	242	5	12
158093	226	143	242	6	12
157392	225	144	242	7	12
156690	224	144	242	8	12
155987	223	143	242	9	12
155285	222	143	242	10	12
154582	221	142	242	11	12
153880	220	142	242	12	12
153177	219	141	242	13	12
152474	218	140	242	14	12
151772	217	140	242	15	12
151069	216	139	242	16	12
150366	215	138	242	17	12
149663	214	137	242	18	12
149662	214	136	242	19	12
158870	227	218	243	1	4
158167	226	217	243	2	4
157465	225	217	243	3	4
156763	224	217	243	4	4
156061	223	217	243	5	4
155358	222	216	243	6	4
154656	221	216	243	7	4
153953	220	215	243	8	4
153251	219	215	243	9	4
152548	218	214	243	10	4
151845	217	213	243	11	4
151143	216	213	243	12	4
150441	215	213	243	13	4
149739	214	213	243	14	4
151147	216	217	244	1	4
150444	215	216	244	2	4
149741	214	215	244	3	4
153983	220	245	245	1	4
153281	219	245	245	2	4
152579	218	245	245	3	4
151877	217	245	245	4	4
151174	216	244	245	5	4
150472	215	244	245	6	4
149769	214	243	245	7	4
153906	220	168	246	1	11
153204	219	168	246	2	11
152502	218	168	246	3	11
151800	217	168	246	4	11
155316	222	174	247	1	11
154613	221	173	247	2	11
153910	220	172	247	3	11
153207	219	171	247	4	11
152505	218	171	247	5	11
151802	217	170	247	6	11
151801	217	169	247	7	11
156225	223	381	248	1	2
155524	222	382	248	2	2
154822	221	382	248	3	2
154121	220	383	248	4	2
153420	219	384	248	5	2
157642	225	394	249	1	2
156939	224	393	249	2	2
156236	223	392	249	3	2
156235	223	391	249	4	2
155532	222	390	249	5	2
154829	221	389	249	6	2
154828	221	388	249	7	2
154827	221	387	249	8	2
154124	220	386	249	9	2
153421	219	385	249	10	2
173544	248	150	250	1	11
172842	247	150	250	2	11
172139	246	149	250	3	11
171437	245	149	250	4	11
170735	244	149	250	5	11
170032	243	148	250	6	11
169330	242	148	250	7	11
168627	241	147	250	8	11
167925	240	147	250	9	11
167222	239	146	250	10	11
166520	238	146	250	11	11
165818	237	146	250	12	11
165116	236	146	250	13	11
164415	235	147	250	14	11
163713	234	147	250	15	11
163011	233	147	250	16	11
162309	232	147	250	17	11
161608	231	148	250	18	11
160906	230	148	250	19	11
160204	229	148	250	20	11
159503	228	149	250	21	11
159504	228	150	250	22	11
159505	228	151	250	23	11
158804	227	152	250	24	11
158805	227	153	250	25	11
158806	227	154	250	26	11
158105	226	155	250	27	11
158106	226	156	250	28	11
158107	226	157	250	29	11
157406	225	158	250	30	11
157407	225	159	250	31	11
157408	225	160	250	32	11
156707	224	161	250	33	11
156708	224	162	250	34	11
156007	223	163	250	35	11
156008	223	164	250	36	11
156009	223	165	250	37	11
155308	222	166	250	38	11
155309	222	167	250	39	11
154608	221	168	250	40	11
160930	230	172	251	1	11
160228	229	172	251	2	11
159526	228	172	251	3	11
158824	227	172	251	4	11
158121	226	171	251	5	11
157418	225	170	251	6	11
156716	224	170	251	7	11
156014	223	170	251	8	11
155311	222	169	251	9	11
154609	221	169	251	10	11
154617	221	177	252	1	11
154616	221	176	252	2	11
154615	221	175	252	3	11
161712	231	252	253	1	4
161010	230	252	253	2	4
160308	229	252	253	3	4
159605	228	251	253	4	4
158903	227	251	253	5	4
158202	226	252	253	6	4
157499	225	251	253	7	4
156797	224	251	253	8	4
156094	223	250	253	9	4
155392	222	250	253	10	4
154691	221	251	253	11	4
161014	230	256	254	1	4
160312	229	256	254	2	4
159609	228	255	254	3	4
158907	227	255	254	4	4
158204	226	254	254	5	4
157502	225	254	254	6	4
156799	224	253	254	7	4
156097	223	253	254	8	4
155395	222	253	254	9	4
154692	221	252	254	10	4
158124	226	174	255	1	11
157421	225	173	255	2	11
156719	224	173	255	3	11
156018	223	174	255	4	11
158262	226	312	256	1	2
158261	226	311	256	2	2
157558	225	310	256	3	2
157557	225	309	256	4	2
157556	225	308	256	5	2
158257	226	307	256	6	2
158256	226	306	256	7	2
157553	225	305	256	8	2
156850	224	304	256	9	2
156849	224	303	256	10	2
156146	223	302	256	11	2
156145	223	301	256	12	2
156846	224	300	256	13	2
157547	225	299	256	14	2
156844	224	298	256	15	2
156843	224	297	256	16	2
156842	224	296	256	17	2
156139	223	295	256	18	2
156138	223	294	256	19	2
158315	226	365	257	1	2
158314	226	364	257	2	2
158313	226	363	257	3	2
158312	226	362	257	4	2
159013	227	361	257	5	2
159012	227	360	257	6	2
163954	234	388	258	1	2
163252	233	388	258	2	2
162551	232	389	258	3	2
161850	231	390	258	4	2
161148	230	390	258	5	2
160447	229	391	258	6	2
159746	228	392	258	7	2
159045	227	393	258	8	2
158343	226	393	258	9	2
162565	232	403	259	1	2
161862	231	402	259	2	2
161159	230	401	259	3	2
160456	229	400	259	4	2
159753	228	399	259	5	2
159050	227	398	259	6	2
158347	226	397	259	7	2
158346	226	396	259	8	2
158345	226	395	259	9	2
165846	237	174	260	1	11
165144	236	174	260	2	11
164441	235	173	260	3	11
163739	234	173	260	4	11
163038	233	174	260	5	11
162335	232	173	260	6	11
161634	231	174	260	7	11
160932	230	174	260	8	11
160230	229	174	260	9	11
159528	228	174	260	10	11
158826	227	174	260	11	11
160935	230	177	261	1	11
160233	229	177	261	2	11
159530	228	176	261	3	11
158827	227	175	261	4	11
164466	235	198	262	1	11
163763	234	197	262	2	11
163762	234	196	262	3	11
163059	233	195	262	4	11
162356	232	194	262	5	11
161653	231	193	262	6	11
160950	230	192	262	7	11
160949	230	191	262	8	11
160246	229	190	262	9	11
160245	229	189	262	10	11
160244	229	188	262	11	11
160243	229	187	262	12	11
159540	228	186	262	13	11
159539	228	185	262	14	11
159538	228	184	262	15	11
159537	228	183	262	16	11
160238	229	182	262	17	11
160237	229	181	262	18	11
160236	229	180	262	19	11
160937	230	179	262	20	11
160936	230	178	262	21	11
160972	230	214	263	1	4
160271	229	215	263	2	4
159570	228	216	263	3	4
159571	228	217	263	4	4
164400	235	132	264	1	12
164401	235	133	264	2	12
165104	236	134	264	3	12
164403	235	135	264	4	12
164404	235	136	264	5	12
164405	235	137	264	6	12
164406	235	138	264	7	12
163705	234	139	264	8	12
163004	233	140	264	9	12
162302	232	140	264	10	12
161601	231	141	264	11	12
167216	239	140	265	1	11
166515	238	141	265	2	11
165813	237	141	265	3	11
165111	236	141	265	4	12
164409	235	141	265	5	12
163707	234	141	265	6	12
163006	233	142	265	7	12
162304	232	142	265	8	12
168878	241	398	266	1	2
168176	240	398	266	2	2
167475	239	399	266	3	2
166773	238	399	266	4	2
166072	237	400	266	5	2
165370	236	400	266	6	2
164669	235	401	266	7	2
163968	234	402	266	8	2
163267	233	403	266	9	2
180833	258	419	267	1	2
180131	257	419	267	2	2
179428	256	418	267	3	2
178726	255	418	267	4	2
178023	254	417	267	5	2
177320	253	416	267	6	2
176617	252	415	267	7	2
175915	251	415	267	8	2
175213	250	415	267	9	2
174510	249	414	267	10	2
173808	248	414	267	11	2
173106	247	414	267	12	2
172403	246	413	267	13	2
171701	245	413	267	14	2
170999	244	413	267	15	2
170297	243	413	267	16	2
169594	242	412	267	17	2
168891	241	411	267	18	2
168188	240	410	267	19	2
167486	239	410	267	20	2
166784	238	410	267	21	2
166081	237	409	267	22	2
165379	236	409	267	23	2
164676	235	408	267	24	2
163973	234	407	267	25	2
163972	234	406	267	26	2
163269	233	405	267	27	2
163268	233	404	267	28	2
163752	234	186	268	1	11
163751	234	185	268	2	11
163750	234	184	268	3	11
163749	234	183	268	4	11
164450	235	182	268	5	11
165151	236	181	268	6	11
165150	236	180	268	7	11
165149	236	179	268	8	11
164446	235	178	268	9	11
163744	234	178	268	10	11
163041	233	177	268	11	11
162339	232	177	268	12	11
161637	231	177	268	13	11
163895	234	329	269	1	2
164597	235	329	269	2	2
165299	236	329	269	3	2
166000	237	328	269	4	2
166702	238	328	269	5	2
167404	239	328	269	6	2
168106	240	328	269	7	2
168808	241	328	269	8	2
169509	242	327	269	9	2
170211	243	327	269	10	2
167945	240	167	270	1	11
167244	239	168	270	2	11
167245	239	169	270	3	11
167246	239	170	270	4	11
166545	238	171	270	5	11
166546	238	172	270	6	11
165845	237	173	270	7	11
172168	246	178	271	1	11
171465	245	177	271	2	11
170762	244	176	271	3	11
170060	243	176	271	4	11
169358	242	176	271	5	11
168656	241	176	271	6	11
167954	240	176	271	7	11
167251	239	175	271	8	11
167250	239	174	271	9	11
166548	238	174	271	10	11
188436	269	300	272	1	1
187733	268	299	272	2	1
187030	267	298	272	3	1
186328	266	298	272	4	1
185625	265	297	272	5	1
184923	264	297	272	6	1
184220	263	296	272	7	1
183517	262	295	272	8	1
182815	261	295	272	9	1
182113	260	295	272	10	1
181410	259	294	272	11	1
180708	258	294	272	12	1
180005	257	293	272	13	1
180004	257	292	272	14	1
179301	256	291	272	15	1
178599	255	291	272	16	1
177896	254	290	272	17	1
177194	253	290	272	18	1
176492	252	290	272	19	1
175789	251	289	272	20	1
175086	250	288	272	21	1
174384	249	288	272	22	1
173682	248	288	272	23	1
172979	247	287	272	24	1
172276	246	286	272	25	1
171574	245	286	272	26	1
170872	244	286	272	27	1
170169	243	285	272	28	1
169467	242	285	272	29	1
168764	241	284	272	30	1
168061	240	283	272	31	1
167358	239	282	272	32	1
167357	239	281	272	33	1
167356	239	280	272	34	1
170206	243	322	273	1	2
170205	243	321	273	2	2
170204	243	320	273	3	2
170203	243	319	273	4	2
170202	243	318	273	5	2
169499	242	317	273	6	2
169498	242	316	273	7	2
168795	241	315	273	8	2
168092	240	314	273	9	2
168091	240	313	273	10	2
167388	239	312	273	11	2
168089	240	311	273	12	2
168088	240	310	273	13	2
168789	241	309	273	14	2
168788	241	308	273	15	2
168787	241	307	273	16	2
168786	241	306	273	17	2
168083	240	305	273	18	2
167380	239	304	273	19	2
166677	238	303	273	20	2
165974	237	302	273	21	2
165973	237	301	273	22	2
165271	236	301	273	23	2
164568	235	300	273	24	2
163865	234	299	273	25	2
163163	233	299	273	26	2
162460	232	298	273	27	2
161758	231	298	273	28	2
161056	230	298	273	29	2
160353	229	297	273	30	2
159650	228	296	273	31	2
158947	227	295	273	32	2
158244	226	294	273	33	2
157541	225	293	273	34	2
156838	224	292	273	35	2
167410	239	334	274	1	2
168111	240	333	274	2	2
168813	241	333	274	3	2
169514	242	332	274	4	2
177185	253	281	275	1	1
176484	252	282	275	2	1
175782	251	282	275	3	1
175080	250	282	275	4	1
174378	249	282	275	5	1
173676	248	282	275	6	1
172975	247	283	275	7	1
172273	246	283	275	8	1
171571	245	283	275	9	1
170868	244	282	275	10	1
170166	243	282	275	11	1
169463	242	281	275	12	1
168760	241	280	275	13	1
168058	240	280	275	14	1
170912	244	326	276	1	2
170911	244	325	276	2	2
170208	243	324	276	3	2
170207	243	323	276	4	2
170215	243	331	277	1	2
170214	243	330	277	2	2
170915	244	329	277	3	2
170914	244	328	277	4	2
170913	244	327	277	5	2
170830	244	244	278	1	4
171531	245	243	278	2	4
172232	246	242	278	3	4
172933	247	241	278	4	4
173634	248	240	278	5	4
173633	248	239	278	6	4
174334	249	238	278	7	4
174333	249	237	278	8	4
174332	249	236	278	9	4
173629	248	235	278	10	4
172926	247	234	278	11	4
172223	246	233	278	12	4
171520	245	232	278	13	4
171519	245	231	278	14	4
170816	244	230	278	15	4
170113	243	229	278	16	4
169411	242	229	278	17	4
168708	241	228	278	18	4
168005	240	227	278	19	4
167303	239	227	278	20	4
166600	238	226	278	21	4
165897	237	225	278	22	4
165195	236	225	278	23	4
164492	235	224	278	24	4
163789	234	223	278	25	4
163086	233	222	278	26	4
162383	232	221	278	27	4
161681	231	221	278	28	4
160978	230	220	278	29	4
160275	229	219	278	30	4
159573	228	219	278	31	4
181446	259	330	279	1	2
181445	259	329	279	2	2
180742	258	328	279	3	2
180040	257	328	279	4	2
179338	256	328	279	5	2
178635	255	327	279	6	2
177933	254	327	279	7	2
177231	253	327	279	8	2
176528	252	326	279	9	2
175826	251	326	279	10	2
175124	250	326	279	11	2
174422	249	326	279	12	2
173719	248	325	279	13	2
173017	247	325	279	14	2
172314	246	324	279	15	2
171612	245	324	279	16	2
170909	244	323	279	17	2
170930	244	344	280	1	2
171632	245	344	280	2	2
172334	246	344	280	3	2
174968	250	170	281	1	11
174969	250	171	281	2	11
174268	249	172	281	3	11
173567	248	173	281	4	11
173568	248	174	281	5	11
173569	248	175	281	6	11
173570	248	176	281	7	11
172869	247	177	281	8	11
172870	247	178	281	9	11
180599	258	185	282	1	9
179896	257	184	282	2	9
179193	256	183	282	3	9
178491	255	183	282	4	9
177788	254	182	282	5	9
177086	253	182	282	6	9
176383	252	181	282	7	9
175681	251	181	282	8	9
174979	250	181	282	9	9
174276	249	180	282	10	11
173574	248	180	282	11	11
172871	247	179	282	12	11
173036	247	344	283	1	2
173737	248	343	283	2	2
173736	248	342	283	3	2
173033	247	341	283	4	2
173734	248	340	283	5	2
173031	247	339	283	6	2
173030	247	338	283	7	2
173029	247	337	283	8	2
173028	247	336	283	9	2
172325	246	335	283	10	2
171623	245	335	283	11	2
170920	244	334	283	12	2
170919	244	333	283	13	2
170918	244	332	283	14	2
177963	254	357	284	1	2
177260	253	356	284	2	2
176557	252	355	284	3	2
175854	251	354	284	4	2
175151	250	353	284	5	2
175150	250	352	284	6	2
174447	249	351	284	7	2
173744	248	350	284	8	2
173743	248	349	284	9	2
173040	247	348	284	10	2
173039	247	347	284	11	2
173038	247	346	284	12	2
173037	247	345	284	13	2
174945	250	147	285	1	11
174244	249	148	285	2	11
173543	248	149	285	3	11
173591	248	197	286	1	9
174293	249	197	286	2	9
174995	250	197	286	3	9
175696	251	196	286	4	9
176398	252	196	286	5	9
177100	253	196	286	6	9
177802	254	196	286	7	9
184782	264	156	287	1	11
184079	263	155	287	2	11
183377	262	155	287	3	11
182676	261	156	287	4	11
181974	260	156	287	5	11
181273	259	157	287	6	11
180572	258	158	287	7	11
179870	257	158	287	8	11
179168	256	158	287	9	11
178465	255	157	287	10	11
177763	254	157	287	11	11
177060	253	156	287	12	11
177059	253	155	287	13	11
176356	252	154	287	14	11
175653	251	153	287	15	11
174950	250	152	287	16	11
174247	249	151	287	17	11
174318	249	222	288	1	9
175019	250	221	288	2	9
175018	250	220	288	3	9
175719	251	219	288	4	9
175718	251	218	288	5	9
175717	251	217	288	6	9
175716	251	216	288	7	9
175715	251	215	288	8	9
175714	251	214	288	9	9
175713	251	213	288	10	9
175010	250	212	288	11	9
175711	251	211	288	12	9
175710	251	210	288	13	9
176411	252	209	288	14	9
177112	253	208	288	15	9
177813	254	207	288	16	9
177812	254	206	288	17	9
178513	255	205	288	18	9
179214	256	204	288	19	9
175884	251	384	289	1	2
175883	251	383	289	2	2
175882	251	382	289	3	2
175881	251	381	289	4	2
175880	251	380	289	5	2
176581	252	379	289	6	2
176580	252	378	289	7	2
175877	251	377	289	8	2
175175	250	377	289	9	2
174472	249	376	289	10	2
174471	249	375	289	11	2
173768	248	374	289	12	2
173065	247	373	289	13	2
172362	246	372	289	14	2
171659	245	371	289	15	2
170956	244	370	289	16	2
170253	243	369	289	17	2
169551	242	369	289	18	2
168849	241	369	289	19	2
168146	240	368	289	20	2
168145	240	367	289	21	2
167442	239	366	289	22	2
166740	238	366	289	23	2
166038	237	366	289	24	2
165336	236	366	289	25	2
164633	235	365	289	26	2
163930	234	364	289	27	2
163227	233	363	289	28	2
162524	232	362	289	29	2
161821	231	361	289	30	2
161119	230	361	289	31	2
160416	229	360	289	32	2
159714	228	360	289	33	2
178668	255	360	290	1	2
177965	254	359	290	2	2
177964	254	358	290	3	2
187109	267	377	291	1	2
187108	267	376	291	2	2
187107	267	375	291	3	2
186404	266	374	291	4	2
185702	265	374	291	5	2
184999	264	373	291	6	2
184296	263	372	291	7	2
183594	262	372	291	8	2
182892	261	372	291	9	2
182189	260	371	291	10	2
181486	259	370	291	11	2
180783	258	369	291	12	2
180782	258	368	291	13	2
180079	257	367	291	14	2
179376	256	366	291	15	2
179375	256	365	291	16	2
178672	255	364	291	17	2
178671	255	363	291	18	2
178670	255	362	291	19	2
177967	254	361	291	20	2
178504	255	196	292	1	9
179205	256	195	292	2	9
179906	257	194	292	3	9
179905	257	193	292	4	9
179904	257	192	292	5	9
180605	258	191	292	6	9
180604	258	190	292	7	9
180603	258	189	292	8	9
180602	258	188	292	9	9
180601	258	187	292	10	9
182875	261	355	293	1	2
182174	260	356	293	2	2
181472	259	356	293	3	2
180770	258	356	293	4	2
180069	257	357	293	5	2
179367	256	357	293	6	2
178666	255	358	293	7	2
179916	257	204	294	1	9
179915	257	203	294	2	9
179914	257	202	294	3	9
179211	256	201	294	4	9
179210	256	200	294	5	9
179209	256	199	294	6	9
179208	256	198	294	7	9
179207	256	197	294	8	9
182882	261	362	295	1	2
182179	260	361	295	2	2
181477	259	361	295	3	2
180775	258	361	295	4	2
180072	257	360	295	5	2
179370	256	360	295	6	2
180665	258	251	296	1	9
180664	258	250	296	2	9
180663	258	249	296	3	9
181364	259	248	296	4	9
182065	260	247	296	5	9
182064	260	246	296	6	9
182765	261	245	296	7	9
183466	262	244	296	8	9
183465	262	243	296	9	9
183464	262	242	296	10	9
183463	262	241	296	11	9
183462	262	240	296	12	9
183461	262	239	296	13	9
183460	262	238	296	14	9
183459	262	237	296	15	9
183458	262	236	296	16	9
183457	262	235	296	17	9
184159	263	235	296	18	9
184860	264	234	296	19	9
184859	264	233	296	20	9
184858	264	232	296	21	9
184857	264	231	296	22	9
184856	264	230	296	23	9
184855	264	229	296	24	9
185556	265	228	296	25	9
185555	265	227	296	26	9
186256	266	226	296	27	9
185553	265	225	296	28	9
184338	263	414	297	1	2
183636	262	414	297	2	2
182934	261	414	297	3	2
182232	260	414	297	4	2
181531	259	415	297	5	2
181532	259	416	297	6	2
181533	259	417	297	7	2
180832	258	418	297	8	2
187595	268	161	298	1	9
186894	267	162	298	2	9
186193	266	163	298	3	9
185492	265	164	298	4	9
185493	265	165	298	5	9
184792	264	166	298	6	9
184793	264	167	298	7	9
184794	264	168	298	8	9
184795	264	169	298	9	9
184796	264	170	298	10	9
184095	263	171	298	11	9
184096	263	172	298	12	9
184097	263	173	298	13	9
183396	262	174	298	14	9
183397	262	175	298	15	9
183398	262	176	298	16	9
183399	262	177	298	17	9
182698	261	178	298	18	9
182699	261	179	298	19	9
182700	261	180	298	20	9
181999	260	181	298	21	9
182000	260	182	298	22	9
182001	260	183	298	23	9
182002	260	184	298	24	9
181301	259	185	298	25	9
181302	259	186	299	1	9
190670	272	428	300	1	2
189968	271	428	300	2	2
189265	270	427	300	3	2
188563	269	427	300	4	2
187861	268	427	300	5	2
187158	267	426	300	6	2
186456	266	426	300	7	2
185753	265	425	300	8	2
185050	264	424	300	9	2
184347	263	423	300	10	2
183645	262	423	300	11	2
182942	261	422	300	12	2
182239	260	421	300	13	2
181536	259	420	300	14	2
185516	265	188	301	1	9
184814	264	188	301	2	9
184112	263	188	301	3	9
183410	262	188	301	4	9
182707	261	187	301	5	9
182005	260	187	301	6	9
182045	260	227	302	1	9
182746	261	226	302	2	9
183447	262	225	302	3	9
184149	263	225	302	4	9
184851	264	225	302	5	9
183487	262	265	303	1	9
184188	263	264	303	2	9
184890	264	264	303	3	9
185591	265	263	303	4	9
186293	266	263	303	5	9
186994	267	262	303	6	9
187696	268	262	303	7	9
188398	269	262	303	8	9
189099	270	261	303	9	9
189098	270	260	303	10	9
189799	271	259	303	11	9
189798	271	258	303	12	9
189095	270	257	303	13	9
189094	270	256	303	14	9
189093	270	255	303	15	9
189092	270	254	303	16	9
189091	270	253	303	17	9
189792	271	252	303	18	9
190493	272	251	303	19	9
189790	271	250	303	20	9
189789	271	249	303	21	9
190490	272	248	303	22	9
191191	273	247	303	23	9
191190	273	246	303	24	9
191189	273	245	303	25	9
191188	273	244	303	26	9
191187	273	243	303	27	9
191888	274	242	303	28	9
191887	274	241	303	29	9
192588	275	240	303	30	9
192587	275	239	303	31	9
193288	276	238	303	32	9
193990	277	238	303	33	9
194691	278	237	303	34	9
195392	279	236	303	35	9
196093	280	235	303	36	9
196794	281	234	303	37	9
197495	282	233	303	38	9
198197	283	233	303	39	9
198898	284	232	303	40	9
199600	285	232	303	41	9
200301	286	231	303	42	9
200300	286	230	303	43	9
205848	294	162	304	1	9
205146	293	162	304	2	9
204445	292	163	304	3	9
203744	291	164	304	4	9
203745	291	165	304	5	9
203044	290	166	304	6	9
202342	289	166	304	7	9
201640	288	166	304	8	9
200938	287	166	304	9	9
200236	286	166	304	10	9
199535	285	167	304	11	9
198834	284	168	304	12	9
198131	283	167	304	13	9
198130	283	166	304	14	9
197427	282	165	304	15	9
196726	281	166	304	16	9
196025	280	167	304	17	9
196026	280	168	304	18	9
196027	280	169	304	19	9
195326	279	170	304	20	9
195327	279	171	304	21	9
195328	279	172	304	22	9
195329	279	173	304	23	9
196032	280	174	304	24	9
196033	280	175	304	25	9
195332	279	176	304	26	9
194630	278	176	304	27	9
193928	277	176	304	28	9
193226	276	176	304	29	9
192523	275	175	304	30	9
191821	274	175	304	31	9
191119	273	175	304	32	9
190418	272	176	304	33	9
190419	272	177	304	34	9
189718	271	178	304	35	9
189719	271	179	304	36	9
189720	271	180	304	37	9
189019	270	181	304	38	9
188318	269	182	304	39	9
187617	268	183	304	40	9
187618	268	184	304	41	9
186917	267	185	304	42	9
186216	266	186	304	43	9
185515	265	187	304	44	9
185552	265	224	305	1	9
185551	265	223	305	2	9
185550	265	222	305	3	9
185549	265	221	305	4	9
186250	266	220	305	5	9
186249	266	219	305	6	9
185546	265	218	305	7	9
185545	265	217	305	8	9
184842	264	216	305	9	9
184139	263	215	305	10	9
184138	263	214	305	11	9
184137	263	213	305	12	9
183434	262	212	305	13	9
183433	262	211	305	14	9
182730	261	210	305	15	9
182027	260	209	305	16	9
182026	260	208	305	17	9
181323	259	207	305	18	9
180620	258	206	305	19	9
179917	257	205	305	20	9
185634	265	306	306	1	1
186335	266	305	306	2	1
187036	267	304	306	3	1
187035	267	303	306	4	1
187736	268	302	306	5	1
188437	269	301	306	6	1
188536	269	400	307	1	2
187833	268	399	307	2	2
187832	268	398	307	3	2
187831	268	397	307	4	2
187830	268	396	307	5	2
187127	267	395	307	6	2
187126	267	394	307	7	2
186423	266	393	307	8	2
186422	266	392	307	9	2
185719	265	391	307	10	2
185718	265	390	307	11	2
185717	265	389	307	12	2
185716	265	388	307	13	2
185013	264	387	307	14	2
185714	265	386	307	15	2
186415	266	385	307	16	2
185712	265	384	307	17	2
186413	266	383	307	18	2
186412	266	382	307	19	2
186411	266	381	307	20	2
186410	266	380	307	21	2
186409	266	379	307	22	2
186408	266	378	307	23	2
191841	274	195	308	1	9
191139	273	195	308	2	9
190437	272	195	308	3	9
189734	271	194	308	4	9
189031	270	193	308	5	9
189732	271	192	308	6	9
189029	270	191	308	7	9
189028	270	190	308	8	9
188325	269	189	308	9	9
187622	268	188	308	10	9
186920	267	188	308	11	9
186218	266	188	308	12	9
189810	271	270	309	1	8
190512	272	270	309	2	8
191213	273	269	309	3	8
191914	274	268	309	4	8
192616	275	268	309	5	8
193318	276	268	309	6	8
194020	277	268	309	7	8
194722	278	268	309	8	8
195423	279	267	309	9	8
196125	280	267	309	10	8
191150	273	206	310	1	9
190447	272	205	310	2	9
190446	272	204	310	3	9
190445	272	203	310	4	9
190444	272	202	310	5	9
190443	272	201	310	6	9
190442	272	200	310	7	9
190441	272	199	310	8	9
191142	273	198	310	9	9
191843	274	197	310	10	9
192544	275	196	310	11	9
191222	273	278	311	1	8
191924	274	278	311	2	8
192626	275	278	311	3	8
193328	276	278	311	4	8
194030	277	278	311	5	8
194732	278	278	311	6	8
195433	279	277	311	7	8
191271	273	327	312	1	1
191972	274	326	312	2	1
192674	275	326	312	3	1
193377	276	327	312	4	1
194079	277	327	312	5	1
194781	278	327	312	6	1
196755	281	195	313	1	9
196053	280	195	313	2	9
195350	279	194	313	3	9
194648	278	194	313	4	9
193947	277	195	313	5	9
193245	276	195	313	6	9
192543	275	195	313	7	9
192683	275	335	314	1	1
193384	276	334	314	2	1
194086	277	334	314	3	1
194787	278	333	314	4	1
195489	279	333	314	5	1
196191	280	333	314	6	1
204677	292	395	315	1	2
204676	292	394	315	2	2
203973	291	393	315	3	2
203270	290	392	315	4	2
202568	289	392	315	5	2
201865	288	391	315	6	2
201163	287	391	315	7	2
200462	286	392	315	8	2
199760	285	392	315	9	2
199058	284	392	315	10	2
198356	283	392	315	11	2
197654	282	392	315	12	2
196951	281	391	315	13	2
196248	280	390	315	14	2
195545	279	389	315	15	2
194842	278	388	315	16	2
194139	277	387	315	17	2
193436	276	386	315	18	2
192733	275	385	315	19	2
193434	276	384	315	20	2
193433	276	383	315	21	2
193432	276	382	315	22	2
193431	276	381	315	23	2
192728	275	380	315	24	2
192025	274	379	315	25	2
191322	273	378	315	26	2
190619	272	377	315	27	2
189917	271	377	315	28	2
189215	270	377	315	29	2
188513	269	377	315	30	2
187811	268	377	315	31	2
194693	278	239	316	1	9
195394	279	238	316	2	9
196095	280	237	316	3	9
196796	281	236	316	4	9
197497	282	235	316	5	9
198199	283	235	316	6	9
198902	284	236	316	7	9
195385	279	229	317	1	9
196087	280	229	317	2	9
196789	281	229	317	3	9
197490	282	228	317	4	9
198191	283	227	317	5	9
198892	284	226	317	6	9
199595	285	227	317	7	9
200296	286	226	317	8	9
200997	287	225	317	9	9
201699	288	225	317	10	9
202400	289	224	317	11	9
203102	290	224	317	12	9
203803	291	223	317	13	9
204505	292	223	317	14	9
205207	293	223	317	15	9
205909	294	223	317	16	9
206611	295	223	317	17	9
207313	296	223	317	18	9
208014	297	222	317	19	9
196135	280	277	318	1	8
196134	280	276	318	2	8
195431	279	275	318	3	8
195430	279	274	318	4	8
196131	280	273	318	5	8
196130	280	272	318	6	8
196129	280	271	318	7	8
196830	281	270	318	8	8
196829	281	269	318	9	8
195482	279	326	319	1	1
195481	279	325	319	2	1
196182	280	324	319	3	1
196181	280	323	319	4	1
196180	280	322	319	5	1
196179	280	321	319	6	1
196880	281	320	319	7	1
197581	282	319	320	1	1
197580	282	318	320	2	1
197579	282	317	320	3	1
196876	281	316	320	4	1
196173	280	315	320	5	1
196172	280	314	320	6	1
196171	280	313	320	7	1
196170	280	312	320	8	1
196169	280	311	320	9	1
196168	280	310	320	10	1
196869	281	309	320	11	1
196868	281	308	320	12	1
196165	280	307	320	13	1
195462	279	306	320	14	1
194759	278	305	320	15	1
194057	277	305	320	16	1
193354	276	304	320	17	1
193353	276	303	320	18	1
192650	275	302	320	19	1
191948	274	302	320	20	1
191246	273	302	320	21	1
190544	272	302	320	22	1
189841	271	301	320	23	1
189139	270	301	320	24	1
196892	281	332	321	1	1
196891	281	331	321	2	1
196890	281	330	321	3	1
196187	280	329	321	4	1
196186	280	328	321	5	1
196185	280	327	321	6	1
196828	281	268	322	1	8
197529	282	267	322	2	8
198230	283	266	322	3	8
198932	284	266	322	4	8
199634	285	266	322	5	8
200335	286	265	322	6	8
201036	287	264	322	7	8
201738	288	264	322	8	8
202440	289	264	322	9	8
203142	290	264	322	10	8
203843	291	263	322	11	8
204545	292	263	322	12	8
205247	293	263	322	13	8
205948	294	262	322	14	8
206651	295	263	322	15	8
207352	296	262	322	16	8
208054	297	262	322	17	8
208756	298	262	322	18	8
209457	299	261	322	19	8
210158	300	260	322	20	8
210860	301	260	322	21	8
211562	302	260	322	22	8
212264	303	260	322	23	8
212966	304	260	322	24	8
213667	305	259	322	25	8
214368	306	258	322	26	8
215070	307	258	322	27	8
215771	308	257	322	28	8
216473	309	257	322	29	8
217175	310	257	322	30	8
217877	311	257	322	31	8
199561	285	193	323	1	9
198860	284	194	323	2	9
198158	283	194	323	3	9
197457	282	195	323	4	9
201767	288	293	324	1	8
201064	287	292	324	2	8
200361	286	291	324	3	8
200360	286	290	324	4	8
199657	285	289	324	5	8
199656	285	288	324	6	8
198953	284	287	324	7	8
198250	283	286	324	8	8
198249	283	285	324	9	8
197546	282	284	324	10	8
197545	282	283	324	11	8
198246	283	282	324	12	8
198245	283	281	324	13	8
198244	283	280	324	14	8
197541	282	279	324	15	8
196838	281	278	324	16	8
199009	284	343	325	1	1
199008	284	342	325	2	1
199007	284	341	325	3	1
199006	284	340	325	4	1
199005	284	339	325	5	1
199004	284	338	325	6	1
199003	284	337	325	7	1
199002	284	336	325	8	1
199001	284	335	325	9	1
198298	283	334	325	10	1
197595	282	333	325	11	1
200433	286	363	326	1	1
199730	285	362	326	2	1
199729	285	361	326	3	1
199728	285	360	326	4	1
199025	284	359	326	5	1
199024	284	358	326	6	1
199023	284	357	326	7	1
198320	283	356	326	8	1
198319	283	355	326	9	1
198318	283	354	326	10	1
197615	282	353	326	11	1
197614	282	352	326	12	1
197613	282	351	326	13	1
197612	282	350	326	14	1
197611	282	349	326	15	1
197610	282	348	326	16	1
197609	282	347	326	17	1
197608	282	346	326	18	1
197607	282	345	326	19	1
198308	283	344	326	20	1
198208	283	244	327	1	9
198207	283	243	327	2	9
198206	283	242	327	3	9
198907	284	241	327	4	9
198906	284	240	327	5	9
199607	285	239	327	6	9
199606	285	238	327	7	9
199605	285	237	327	8	9
199604	285	236	327	9	9
209365	299	169	328	1	9
208664	298	170	328	2	9
207963	297	171	328	3	9
207261	296	171	328	4	9
206560	295	172	328	5	9
205859	294	173	328	6	9
205157	293	173	328	7	9
204455	292	173	328	8	9
203753	291	173	328	9	9
203052	290	174	328	10	9
202350	289	174	328	11	9
201648	288	174	328	12	9
200947	287	175	328	13	9
200948	287	176	328	14	9
200247	286	177	328	15	9
199546	285	178	328	16	9
199547	285	179	328	17	9
199548	285	180	328	18	9
199549	285	181	328	19	9
199550	285	182	328	20	9
199551	285	183	328	21	9
199552	285	184	328	22	9
200255	286	185	328	23	9
200256	286	186	328	24	9
200257	286	187	328	25	9
200258	286	188	328	26	9
200259	286	189	328	27	9
200260	286	190	328	28	9
200261	286	191	328	29	9
200262	286	192	328	30	9
199603	285	235	329	1	9
200304	286	234	329	2	9
201005	287	233	329	3	9
201004	287	232	329	4	9
201003	287	231	329	5	9
202522	289	346	330	1	1
201819	288	345	330	2	1
201117	287	345	330	3	1
200414	286	344	330	4	1
199711	285	343	330	5	1
213804	305	396	331	1	1
213101	304	395	331	2	1
212398	303	394	331	3	1
211695	302	393	331	4	1
210992	301	392	331	5	1
210289	300	391	331	6	1
210288	300	390	331	7	1
209585	299	389	331	8	1
208883	298	389	331	9	1
208180	297	388	331	10	1
207477	296	387	331	11	1
207476	296	386	331	12	1
206773	295	385	331	13	1
206070	294	384	331	14	1
205367	293	383	331	15	1
204664	292	382	331	16	1
203961	291	381	331	17	1
203960	291	380	331	18	1
203257	290	379	331	19	1
203256	290	378	331	20	1
203255	290	377	331	21	1
202552	289	376	331	22	1
202551	289	375	331	23	1
201848	288	374	331	24	1
201145	287	373	331	25	1
200442	286	372	331	26	1
199739	285	371	331	27	1
199738	285	370	331	28	1
199737	285	369	331	29	1
200438	286	368	331	30	1
200437	286	367	331	31	1
200436	286	366	331	32	1
200435	286	365	331	33	1
200434	286	364	331	34	1
206566	295	178	332	1	9
206567	295	179	332	2	9
206568	295	180	332	3	9
206569	295	181	332	4	9
205868	294	182	332	5	9
205167	293	183	332	6	9
205168	293	184	332	7	9
204467	292	185	332	8	9
204468	292	186	332	9	9
204469	292	187	332	10	9
204470	292	188	332	11	9
204471	292	189	332	12	9
204472	292	190	332	13	9
203771	291	191	332	14	9
203069	290	191	332	15	9
202367	289	191	332	16	9
201666	288	192	332	17	9
200965	287	193	332	18	9
200263	286	193	332	19	9
201002	287	230	333	1	9
201703	288	229	333	2	9
202405	289	229	333	3	9
203106	290	228	333	4	9
203807	291	227	333	5	9
204509	292	227	333	6	9
205211	293	227	333	7	9
205913	294	227	333	8	9
206615	295	227	333	9	9
207317	296	227	333	10	9
208019	297	227	333	11	9
208720	298	226	333	12	9
209421	299	225	333	13	9
206757	295	369	334	1	1
206055	294	369	334	2	1
205352	293	368	334	3	1
204649	292	367	334	4	1
203946	291	366	334	5	1
203243	290	365	334	6	1
202540	289	364	334	7	1
201838	288	364	334	8	1
201136	287	364	334	9	1
212353	303	349	335	1	1
211650	302	348	335	2	1
210947	301	347	335	3	1
210244	300	346	335	4	1
209541	299	345	335	5	1
209540	299	344	335	6	1
208837	298	343	335	7	1
208836	298	342	335	8	1
208835	298	341	335	9	1
208834	298	340	335	10	1
208833	298	339	335	11	1
208832	298	338	335	12	1
208831	298	337	335	13	1
208830	298	336	335	14	1
208829	298	335	335	15	1
208126	297	334	335	16	1
207423	296	333	335	17	1
206721	295	333	335	18	1
206018	294	332	335	19	1
205316	293	332	335	20	1
204613	292	331	335	21	1
203910	291	330	335	22	1
203207	290	329	335	23	1
202504	289	328	335	24	1
202503	289	327	335	25	1
203204	290	326	335	26	1
203203	290	325	335	27	1
202500	289	324	335	28	1
202499	289	323	335	29	1
202498	289	322	335	30	1
201795	288	321	335	31	1
201093	287	321	335	32	1
200390	286	320	335	33	1
199687	285	319	335	34	1
198985	284	319	335	35	1
198283	283	319	335	36	1
208013	297	221	336	1	9
207310	296	220	336	2	9
206607	295	219	336	3	9
205904	294	218	336	4	9
205201	293	217	336	5	9
205200	293	216	336	6	9
205199	293	215	336	7	9
205900	294	214	336	8	9
205899	294	213	336	9	9
205898	294	212	336	10	9
205897	294	211	336	11	9
206598	295	210	336	12	9
206597	295	209	336	13	9
205894	294	208	336	14	9
205893	294	207	336	15	9
205892	294	206	336	16	9
205189	293	205	336	17	9
205188	293	204	336	18	9
204485	292	203	336	19	9
204484	292	202	336	20	9
203781	291	201	336	21	9
203078	290	200	336	22	9
202376	289	200	336	23	9
201673	288	199	336	24	9
200970	287	198	336	25	9
200268	286	198	336	26	9
199565	285	197	336	27	9
198862	284	196	336	28	9
198160	283	196	336	29	9
197458	282	196	336	30	9
210122	300	224	337	1	9
209419	299	223	337	2	9
208716	298	222	337	3	9
209476	299	280	338	1	8
210177	300	279	338	2	8
210878	301	278	338	3	8
211580	302	278	338	4	8
212283	303	279	338	5	8
212985	304	279	338	6	8
213687	305	279	338	7	8
214389	306	279	338	8	8
215091	307	279	338	9	8
215794	308	280	338	10	8
216496	309	280	338	11	8
217198	310	280	338	12	8
217901	311	281	338	13	8
218603	312	281	338	14	8
219305	313	281	338	15	8
220007	314	281	338	16	8
220709	315	281	338	17	8
221411	316	281	338	18	8
222113	317	281	338	19	8
222815	318	281	338	20	8
223516	319	280	338	21	8
224218	320	280	338	22	8
210149	300	251	339	1	8
210851	301	251	339	2	8
211553	302	251	339	3	8
212254	303	250	339	4	8
212957	304	251	339	5	8
213659	305	251	339	6	8
214360	306	250	339	7	8
215063	307	251	339	8	8
215765	308	251	339	9	8
216467	309	251	339	10	8
217169	310	251	339	11	8
217871	311	251	339	12	8
213631	305	223	340	1	9
212930	304	224	340	2	9
212228	303	224	340	3	9
211526	302	224	340	4	9
210824	301	224	340	5	9
210889	301	289	341	1	8
211590	302	288	341	2	8
212291	303	287	341	3	8
212993	304	287	341	4	8
213694	305	286	341	5	8
214396	306	286	341	6	8
215098	307	286	341	7	8
215800	308	286	341	8	8
216502	309	286	341	9	8
217203	310	285	341	10	8
217905	311	285	341	11	8
218607	312	285	341	12	8
219309	313	285	341	13	8
220010	314	284	341	14	8
220712	315	284	341	15	8
221414	316	284	341	16	8
222116	317	284	341	17	8
222817	318	283	341	18	8
223519	319	283	341	19	8
224220	320	282	341	20	8
224921	321	281	341	21	8
214307	306	197	342	1	9
213606	305	198	342	2	9
213607	305	199	342	3	9
212906	304	200	342	4	9
212907	304	201	342	5	9
212206	303	202	342	6	9
212207	303	203	342	7	9
211506	302	204	342	8	9
211507	302	205	342	9	9
211508	302	206	342	10	9
211509	302	207	342	11	9
211510	302	208	342	12	9
212213	303	209	342	13	9
212214	303	210	342	14	9
212917	304	211	342	15	9
213620	305	212	342	16	9
213621	305	213	342	17	9
214324	306	214	342	18	9
213623	305	215	342	19	9
213624	305	216	342	20	9
212923	304	217	342	21	9
213626	305	218	342	22	9
213627	305	219	342	23	9
214330	306	220	342	24	9
211569	302	267	343	1	8
212270	303	266	343	2	8
212269	303	265	343	3	8
212970	304	264	343	4	8
213671	305	263	343	5	8
214373	306	263	343	6	8
215075	307	263	343	7	8
215777	308	263	343	8	8
216479	309	263	343	9	8
217181	310	263	343	10	8
217883	311	263	343	11	8
218585	312	263	343	12	8
219287	313	263	343	13	8
214289	306	179	344	1	9
214290	306	180	344	2	9
213589	305	181	344	3	9
212888	304	182	344	4	9
212889	304	183	344	5	9
212188	303	184	344	6	9
212189	303	185	344	7	9
212190	303	186	344	8	9
212191	303	187	344	9	9
212192	303	188	344	10	9
212193	303	189	344	11	9
212194	303	190	344	12	9
212195	303	191	344	13	9
212898	304	192	344	14	9
212899	304	193	344	15	9
213602	305	194	344	16	9
213603	305	195	344	17	9
214306	306	196	344	18	9
212947	304	241	345	1	8
213648	305	240	345	2	8
214349	306	239	345	3	8
215051	307	239	345	4	8
215753	308	239	345	5	8
216455	309	239	345	6	8
217158	310	240	345	7	8
217861	311	241	345	8	8
218563	312	241	345	9	8
219264	313	240	345	10	8
213010	304	304	346	1	8
213712	305	304	346	2	8
214414	306	304	346	3	8
215115	307	303	346	4	8
215817	308	303	346	5	8
216519	309	303	346	6	8
217220	310	302	346	7	8
217922	311	302	346	8	8
218624	312	302	346	9	8
219326	313	302	346	10	8
219325	313	301	346	11	8
220027	314	301	346	12	8
220730	315	302	346	13	8
221432	316	302	346	14	8
222134	317	302	346	15	8
213023	304	317	347	1	8
213724	305	316	347	2	8
214426	306	316	347	3	8
215127	307	315	347	4	8
215828	308	314	347	5	8
216530	309	314	347	6	6
217231	310	313	347	7	6
217932	311	312	347	8	6
218633	312	311	347	9	6
219335	313	311	347	10	6
220036	314	310	347	11	6
220738	315	310	347	12	6
221440	316	310	347	13	6
222142	317	310	347	14	6
222844	318	310	347	15	6
223546	319	310	347	16	6
224249	320	311	347	17	6
224950	321	310	347	18	6
225652	322	310	347	19	6
226355	323	311	347	20	6
227057	324	311	347	21	6
227759	325	311	347	22	6
228461	326	311	347	23	6
229164	327	312	347	24	6
229866	328	312	347	25	6
215038	307	226	348	1	9
214335	306	225	348	2	9
213632	305	224	348	3	9
215032	307	220	349	1	9
214331	306	221	349	2	9
214332	306	222	349	3	9
220607	315	179	350	1	9
220608	315	180	350	2	9
220609	315	181	350	3	9
220610	315	182	350	4	9
221313	316	183	350	5	9
221314	316	184	350	6	9
221315	316	185	350	7	9
221316	316	186	350	8	9
220615	315	187	350	9	9
219914	314	188	350	10	9
219213	313	189	350	11	9
219214	313	190	350	12	9
218513	312	191	350	13	9
218514	312	192	350	14	9
217813	311	193	350	15	9
217112	310	194	350	16	9
216411	309	195	350	17	9
215710	308	196	350	18	9
215009	307	197	350	19	9
222064	317	232	351	1	8
222063	317	231	351	2	8
222062	317	230	351	3	8
222061	317	229	351	4	8
222060	317	228	351	5	8
222059	317	227	351	6	8
222058	317	226	351	7	9
221356	316	226	351	8	9
220653	315	225	351	9	9
220652	315	224	351	10	9
220651	315	223	351	11	9
219948	314	222	351	12	9
219947	314	221	351	13	9
219244	313	220	351	14	9
218542	312	220	351	15	9
217839	311	219	351	16	9
217137	310	219	351	17	9
216435	309	219	351	18	9
215734	308	220	351	19	9
215841	308	327	352	1	6
216543	309	327	352	2	6
217245	310	327	352	3	6
217946	311	326	352	4	6
218648	312	326	352	5	6
219350	313	326	352	6	6
220052	314	326	352	7	6
220753	315	325	352	8	6
221455	316	325	352	9	6
222157	317	325	352	10	6
222858	318	324	352	11	6
223560	319	324	352	12	6
224262	320	324	352	13	6
224963	321	323	352	14	6
225664	322	322	352	15	6
225663	322	321	352	16	6
225662	322	320	352	17	6
225661	322	319	352	18	6
225660	322	318	352	19	6
226361	323	317	352	20	6
227062	324	316	352	21	6
227764	325	316	352	22	6
228465	326	315	352	23	6
229167	327	315	352	24	6
229868	328	314	352	25	6
215899	308	385	353	1	6
215898	308	384	353	2	6
216599	309	383	353	3	6
217300	310	382	353	4	6
217299	310	381	353	5	6
218000	311	380	353	6	6
217999	311	379	353	7	6
218700	312	378	353	8	6
219401	313	377	353	9	6
220103	314	377	353	10	6
220805	315	377	353	11	6
221507	316	377	353	12	6
217227	310	309	354	1	8
217928	311	308	354	2	8
217927	311	307	354	3	8
217926	311	306	354	4	8
217925	311	305	354	5	8
218626	312	304	354	6	8
219327	313	303	354	7	8
220029	314	303	354	8	8
220731	315	303	354	9	8
221433	316	303	354	10	8
222135	317	303	354	11	8
217274	310	356	355	1	6
217975	311	355	355	2	6
218677	312	355	355	3	6
219379	313	355	355	4	6
220081	314	355	355	5	6
220784	315	356	355	6	6
221486	316	356	355	7	6
222189	317	357	355	8	6
222891	318	357	355	9	6
223593	319	357	355	10	6
224296	320	358	355	11	6
224998	321	358	355	12	6
225701	322	359	355	13	6
218573	312	251	356	1	8
218572	312	250	356	2	8
218571	312	249	356	3	8
218570	312	248	356	4	8
218569	312	247	356	5	8
217866	311	246	356	6	8
217865	311	245	356	7	8
218566	312	244	356	8	8
219267	313	243	356	9	8
219968	314	242	356	10	8
219967	314	241	356	11	8
219966	314	240	356	12	8
217876	311	256	357	1	8
217875	311	255	357	2	8
217874	311	254	357	3	8
217873	311	253	357	4	8
217872	311	252	357	5	8
219986	314	260	358	1	8
219985	314	259	358	2	8
219984	314	258	358	3	8
219281	313	257	358	4	8
218579	312	257	358	5	8
219965	314	239	359	1	8
219964	314	238	359	2	8
219963	314	237	359	3	8
220664	315	236	359	4	8
220663	315	235	359	5	8
221364	316	234	359	6	8
221363	316	233	359	7	8
219988	314	262	360	1	8
219987	314	261	360	2	8
226913	324	167	361	1	9
226914	324	168	361	2	9
226915	324	169	361	3	9
226214	323	170	361	4	9
225512	322	170	361	5	9
224810	321	170	361	6	9
224109	320	171	361	7	9
223407	319	171	361	8	9
222705	318	171	361	9	9
222004	317	172	361	10	9
222005	317	173	361	11	9
221304	316	174	361	12	9
221305	316	175	361	13	9
220604	315	176	361	14	9
220605	315	177	361	15	9
220606	315	178	361	16	9
224136	320	198	362	1	5
223435	319	199	362	2	5
223436	319	200	362	3	5
223437	319	201	362	4	5
222736	318	202	362	5	5
222737	318	203	362	6	5
222738	318	204	362	7	5
222037	317	205	362	8	5
221336	316	206	362	9	5
221337	316	207	362	10	5
221338	316	208	362	11	5
221339	316	209	362	12	5
220638	315	210	362	13	5
220639	315	211	362	14	5
220640	315	212	362	15	5
220641	315	213	362	16	5
221344	316	214	362	17	5
222046	317	214	362	18	5
222748	318	214	362	19	5
223451	319	215	362	20	5
224153	320	215	362	21	5
224855	321	215	362	22	5
225557	322	215	362	23	5
226260	323	216	362	24	5
226962	324	216	362	25	5
227664	325	216	362	26	5
228366	326	216	362	27	5
229068	327	216	362	28	5
229770	328	216	362	29	5
232622	332	260	363	1	8
231920	331	260	363	2	8
231219	330	261	363	3	8
230516	329	260	363	4	8
229813	328	259	363	5	8
229112	327	260	363	6	8
228410	326	260	363	7	8
227708	325	260	363	8	8
227006	324	260	363	9	8
226304	323	260	363	10	8
225602	322	260	363	11	8
224901	321	261	363	12	8
224200	320	262	363	13	8
223497	319	261	363	14	8
222795	318	261	363	15	8
222093	317	261	363	16	8
221390	316	260	363	17	8
220688	315	260	363	18	8
223411	319	175	364	1	9
222710	318	176	364	2	9
222009	317	177	364	3	9
221308	316	178	364	4	9
221417	316	287	365	1	8
222118	317	286	365	2	8
222820	318	286	365	3	8
223521	319	285	365	4	8
224223	320	285	365	5	8
224925	321	285	365	6	8
221544	316	414	366	1	6
222246	317	414	366	2	6
222948	318	414	366	3	6
223651	319	415	366	4	6
224353	320	415	366	5	6
225056	321	416	366	6	6
225758	322	416	366	7	6
225759	322	417	366	8	6
225760	322	418	366	9	6
225761	322	419	366	10	6
225762	322	420	366	11	6
226465	323	421	366	12	6
227167	324	421	366	13	6
227870	325	422	366	14	6
228572	326	422	366	15	6
229274	327	422	366	16	6
229977	328	423	366	17	6
230679	329	423	366	18	6
231381	330	423	366	19	6
232084	331	424	366	20	6
232786	332	424	366	21	6
222210	317	378	367	1	6
222911	318	377	367	2	6
223612	319	376	367	3	6
224313	320	375	367	4	6
225014	321	374	367	5	6
225013	321	373	367	6	6
225012	321	372	367	7	6
225713	322	371	367	8	6
225712	322	370	367	9	6
227685	325	237	368	1	5
226984	324	238	368	2	5
226282	323	238	368	3	5
225579	322	237	368	4	5
224877	321	237	368	5	5
224174	320	236	368	6	5
224173	320	235	368	7	8
223470	319	234	368	8	8
222767	318	233	368	9	8
222873	318	339	369	1	6
223574	319	338	369	2	6
224276	320	338	369	3	6
224978	321	338	369	4	6
225680	322	338	369	5	6
226381	323	337	369	6	6
227082	324	336	369	7	6
227784	325	336	369	8	6
228485	326	335	369	9	6
229186	327	334	369	10	6
229887	328	333	369	11	6
230588	329	332	369	12	6
231289	330	331	369	13	6
231288	330	330	369	14	6
231989	331	329	369	15	6
231988	331	328	369	16	6
231285	330	327	369	17	6
231284	330	326	369	18	6
231283	330	325	369	19	6
231282	330	324	369	20	6
231281	330	323	369	21	6
231280	330	322	369	22	6
231279	330	321	369	23	6
231980	331	320	369	24	6
231979	331	319	369	25	6
231978	331	318	369	26	6
231977	331	317	369	27	6
222906	318	372	370	1	6
223607	319	371	370	2	6
224308	320	370	370	3	6
224217	320	279	371	1	8
224216	320	278	371	2	8
223513	319	277	371	3	8
223512	319	276	371	4	8
223511	319	275	371	5	8
224212	320	274	371	6	8
224211	320	273	371	7	8
223508	319	272	371	8	8
223507	319	271	371	9	8
222804	318	270	371	10	8
222803	318	269	371	11	8
222100	317	268	371	12	8
221397	316	267	371	13	8
221396	316	266	371	14	8
221395	316	265	371	15	8
220692	315	264	371	16	8
220691	315	263	371	17	8
224920	321	280	372	1	8
225009	321	369	373	1	6
225008	321	368	373	2	6
225709	322	367	373	3	6
225708	322	366	373	4	6
226409	323	365	373	5	6
227110	324	364	373	6	6
227811	325	363	373	7	6
227810	325	362	373	8	6
227107	324	361	373	9	6
227106	324	360	373	10	6
226326	323	282	374	1	8
225623	322	281	374	2	8
225627	322	285	375	1	8
225626	322	284	375	2	8
227038	324	292	376	1	8
227037	324	291	376	2	8
227036	324	290	376	3	8
226333	323	289	376	4	8
225630	322	288	376	5	8
225629	322	287	376	6	8
225628	322	286	376	7	8
226327	323	283	377	1	8
235458	336	288	378	1	8
234755	335	287	378	2	8
234053	334	287	378	3	8
233350	333	286	378	4	8
232648	332	286	378	5	8
231945	331	285	378	6	8
231244	330	286	378	7	8
230542	329	286	378	8	8
229840	328	286	378	9	8
229138	327	286	378	10	8
228436	326	286	378	11	8
227734	325	286	378	12	8
227032	324	286	378	13	8
226330	323	286	378	14	8
226329	323	285	378	15	8
226328	323	284	378	16	8
222836	318	302	379	1	8
223539	319	303	379	2	8
224241	320	303	379	3	8
224944	321	304	379	4	8
225646	322	304	379	5	8
226348	323	304	379	6	8
227049	324	303	379	7	8
227750	325	302	379	8	8
227749	325	301	379	9	8
227748	325	300	379	10	8
227747	325	299	379	11	8
227044	324	298	379	12	8
226341	323	297	379	13	8
227042	324	296	379	14	8
227041	324	295	379	15	8
227040	324	294	379	16	8
227039	324	293	379	17	8
226403	323	359	380	1	6
227104	324	358	380	2	6
227806	325	358	380	3	6
228507	326	357	380	4	6
229208	327	356	380	5	6
229909	328	355	380	6	6
229908	328	354	380	7	6
230609	329	353	380	8	6
231310	330	352	380	9	6
232011	331	351	380	10	6
232010	331	350	380	11	6
232711	332	349	380	12	6
233412	333	348	380	13	6
234114	334	348	380	14	6
234815	335	347	380	15	6
235516	336	346	380	16	6
235515	336	345	380	17	6
236216	337	344	380	18	6
236215	337	343	380	19	6
236916	338	342	380	20	6
237617	339	341	380	21	6
238318	340	340	380	22	6
239019	341	339	380	23	6
239018	341	338	380	24	6
239017	341	337	380	25	6
239016	341	336	380	26	6
239015	341	335	380	27	6
239014	341	334	380	28	6
237554	339	278	381	1	8
236852	338	278	381	2	8
236151	337	279	381	3	8
235449	336	279	381	4	8
234748	335	280	381	5	8
234046	334	280	381	6	8
233345	333	281	381	7	8
232643	332	281	381	8	8
231941	331	281	381	9	8
231240	330	282	381	10	8
230538	329	282	381	11	8
229837	328	283	381	12	8
229135	327	283	381	13	8
228433	326	283	381	14	8
227730	325	282	381	15	8
227028	324	282	381	16	8
227146	324	400	382	1	6
227848	325	400	382	2	6
227847	325	399	382	3	6
227144	324	398	382	4	6
226441	323	397	382	5	6
226440	323	396	382	6	6
226439	323	395	382	7	6
226438	323	394	382	8	6
226437	323	393	382	9	6
225734	322	392	382	10	6
225031	321	391	382	11	6
224328	320	390	382	12	6
223625	319	389	382	13	6
222922	318	388	382	14	6
222921	318	387	382	15	6
222218	317	386	382	16	6
222217	317	385	382	17	6
221514	316	384	382	18	6
221513	316	383	382	19	6
221512	316	382	382	20	6
221511	316	381	382	21	6
221510	316	380	382	22	6
222211	317	379	382	23	6
228389	326	239	383	1	5
227686	325	238	383	2	5
229850	328	296	384	1	7
229849	328	295	384	2	7
229848	328	294	384	3	7
229847	328	293	384	4	7
229144	327	292	384	5	7
228442	326	292	384	6	8
227740	325	292	384	7	8
236101	337	229	385	1	5
235400	336	230	385	2	5
234699	335	231	385	3	5
233998	334	232	385	4	5
233296	333	232	385	5	5
232595	332	233	385	6	5
231893	331	233	385	7	5
231192	330	234	385	8	5
230491	329	235	385	9	5
229790	328	236	385	10	5
229088	327	236	385	11	5
228386	326	236	385	12	5
229094	327	242	386	1	5
228391	326	241	386	2	5
228390	326	240	386	3	5
231201	330	243	387	1	5
230498	329	242	387	2	5
230497	329	241	387	3	5
230496	329	240	387	4	5
229793	328	239	387	5	5
229091	327	239	387	6	5
229192	327	340	388	1	6
229893	328	339	388	2	6
230595	329	339	388	3	6
230594	329	338	388	4	6
231295	330	337	388	5	6
231996	331	336	388	6	6
231995	331	335	388	7	6
232696	332	334	388	8	6
232695	332	333	388	9	6
232694	332	332	388	10	6
233395	333	331	388	11	6
234097	334	331	388	12	6
234799	335	331	388	13	6
235502	336	332	388	14	6
236204	337	332	388	15	6
236906	338	332	388	16	6
236905	338	331	388	17	6
236904	338	330	388	18	6
233944	334	178	389	1	5
234647	335	179	389	2	5
234648	335	180	389	3	5
233947	334	181	389	4	5
233246	333	182	389	5	5
233247	333	183	389	6	5
233248	333	184	389	7	5
232547	332	185	389	8	5
232548	332	186	389	9	5
232549	332	187	389	10	5
231848	331	188	389	11	5
232551	332	189	389	12	5
232552	332	190	389	13	5
232553	332	191	389	14	5
232554	332	192	389	15	5
232555	332	193	389	16	5
231854	331	194	389	17	5
231855	331	195	389	18	5
231154	330	196	389	19	5
230453	329	197	389	20	5
229752	328	198	389	21	5
229753	328	199	389	22	5
229754	328	200	389	23	5
229755	328	201	389	24	5
230458	329	202	389	25	5
230459	329	203	389	26	5
230460	329	204	390	1	5
230461	329	205	390	2	5
230462	329	206	390	3	5
230463	329	207	390	4	5
230464	329	208	390	5	5
230465	329	209	390	6	5
230466	329	210	390	7	5
230467	329	211	390	8	5
229766	328	212	390	9	5
229767	328	213	390	10	5
229768	328	214	390	11	5
229769	328	215	390	12	5
229867	328	313	391	1	6
230472	329	216	392	1	5
231175	330	217	392	2	5
231877	331	217	392	3	5
232579	332	217	392	4	5
233282	333	218	392	5	5
233283	333	219	392	6	5
230568	329	312	393	1	6
230567	329	311	393	2	6
230566	329	310	393	3	6
231267	330	309	393	4	6
230564	329	308	393	5	6
230563	329	307	393	6	6
230562	329	306	393	7	6
230561	329	305	393	8	6
230560	329	304	393	9	6
230559	329	303	393	10	6
230558	329	302	393	11	6
230557	329	301	393	12	6
230556	329	300	393	13	7
231257	330	299	393	14	7
231976	331	316	394	1	6
231273	330	315	394	2	6
230570	329	314	394	3	6
236765	338	191	395	1	5
236064	337	192	395	2	5
236065	337	193	395	3	5
235363	336	193	395	4	5
236066	337	194	395	5	5
235365	336	195	395	6	5
235366	336	196	395	7	5
235367	336	197	395	8	5
235368	336	198	395	9	5
235369	336	199	395	10	5
235370	336	200	395	11	5
234669	335	201	395	12	5
233967	334	201	395	13	5
233266	333	202	395	14	5
232564	332	202	395	15	5
231863	331	203	395	16	5
231161	330	203	395	17	5
231256	330	298	396	1	7
231376	330	418	397	1	6
231377	330	419	397	2	6
231378	330	420	397	3	6
232081	331	421	397	4	6
232784	332	422	397	5	6
235467	336	297	398	1	7
234765	335	297	398	2	7
234062	334	296	398	3	7
233360	333	296	398	4	7
232658	332	296	398	5	7
231957	331	297	398	6	7
232046	331	386	399	1	6
232748	332	386	399	2	6
233450	333	386	399	3	6
234152	334	386	399	4	6
234855	335	387	399	5	6
235556	336	386	399	6	6
236258	337	386	399	7	6
236960	338	386	399	8	6
237662	339	386	399	9	6
238364	340	386	399	10	6
239066	341	386	399	11	6
239769	342	387	399	12	6
240471	343	387	399	13	6
241174	344	388	399	14	6
241877	345	389	399	15	6
242579	346	389	399	16	6
243281	347	389	399	17	6
243983	348	389	399	18	6
244684	349	388	399	19	6
245386	350	388	399	20	6
246087	351	387	399	21	6
246789	352	387	399	22	6
247491	353	387	399	23	6
248193	354	387	399	24	6
233383	333	319	400	1	6
232680	332	318	400	2	6
232679	332	317	400	3	6
236903	338	329	401	1	6
236902	338	328	401	2	6
236901	338	327	401	3	6
236900	338	326	401	4	6
236197	337	325	401	5	6
236196	337	324	401	6	6
236195	337	323	401	7	6
235493	336	323	401	8	6
234790	335	322	401	9	6
234087	334	321	401	10	6
233384	333	320	401	11	6
241798	345	310	402	1	6
241799	345	311	402	2	6
241800	345	312	402	3	6
241099	344	313	402	4	6
241100	344	314	402	5	6
241101	344	315	402	6	6
241102	344	316	402	7	6
240401	343	317	402	8	6
240402	343	318	402	9	6
240403	343	319	402	10	6
239702	342	320	402	11	6
239001	341	321	402	12	6
238298	340	320	402	13	6
237596	339	320	402	14	6
236894	338	320	402	15	6
236192	337	320	402	16	6
235490	336	320	402	17	6
234787	335	319	402	18	6
234085	334	319	402	19	6
234166	334	400	403	1	6
234867	335	399	403	2	6
235568	336	398	403	3	6
236270	337	398	403	4	6
236971	338	397	403	5	6
237672	339	396	403	6	6
238374	340	396	403	7	6
239075	341	395	403	8	6
239777	342	395	403	9	6
240479	343	395	403	10	6
241181	344	395	403	11	6
241883	345	395	403	12	6
242585	346	395	403	13	6
243287	347	395	403	14	6
243989	348	395	403	15	6
244691	349	395	403	16	6
245393	350	395	403	17	6
246094	351	394	403	18	6
235385	336	215	404	1	5
236088	337	216	404	2	5
236089	337	217	404	3	5
236792	338	218	404	4	5
236793	338	219	404	5	5
239013	341	333	405	1	6
239012	341	332	405	2	6
238309	340	331	405	3	6
237606	339	330	405	4	6
238855	341	175	406	1	5
239558	342	176	406	2	5
239559	342	177	406	3	5
239560	342	178	406	4	5
239561	342	179	406	5	5
239562	342	180	406	6	5
240265	343	181	406	7	5
240968	344	182	406	8	5
241671	345	183	406	9	5
241672	345	184	406	10	5
242374	346	184	406	11	5
243077	347	185	406	12	5
243780	348	186	406	13	5
244483	349	187	406	14	5
245186	350	188	406	15	5
245888	351	188	406	16	5
246591	352	189	406	17	5
239716	342	334	407	1	6
243313	347	421	408	1	6
242610	346	420	408	2	6
242609	346	419	408	3	6
242608	346	418	408	4	6
241905	345	417	408	5	6
241202	344	416	408	6	6
240499	343	415	408	7	6
240498	343	414	408	8	6
239795	342	413	408	9	6
239794	342	412	408	10	6
239793	342	411	408	11	6
239792	342	410	408	12	6
240493	343	409	408	13	6
241194	344	408	408	14	6
241895	345	407	408	15	6
242596	346	406	408	16	6
243297	347	405	408	17	6
243296	347	404	408	18	6
243997	348	403	408	19	6
243996	348	402	408	20	6
243995	348	401	408	21	6
244696	349	400	408	22	6
245397	350	399	408	23	6
246098	351	398	408	24	6
246097	351	397	408	25	6
246798	352	396	408	26	6
246797	352	395	408	27	6
241721	345	233	409	1	5
241018	344	232	409	2	5
240315	343	231	409	3	5
247425	353	321	410	1	6
246723	352	321	410	2	6
246021	351	321	410	3	6
245320	350	322	410	4	6
244619	349	323	410	5	6
243918	348	324	410	6	6
243216	347	324	410	7	6
242515	346	325	410	8	6
241814	345	326	410	9	6
241815	345	327	410	10	6
241114	344	328	410	11	6
241115	344	329	410	12	6
241116	344	330	410	13	6
241117	344	331	410	14	6
240416	343	332	410	15	6
240417	343	333	410	16	6
240418	343	334	410	17	6
246044	351	344	411	1	6
245341	350	343	411	2	6
244639	349	343	411	3	6
243937	348	343	411	4	6
243234	347	342	411	5	6
242531	346	341	411	6	6
241828	345	340	411	7	6
241827	345	339	411	8	6
241826	345	338	411	9	6
241825	345	337	411	10	6
241122	344	336	411	11	6
240419	343	335	411	12	6
240458	343	374	412	1	6
241160	344	374	412	2	6
241862	345	374	412	3	6
242563	346	373	412	4	6
243265	347	373	412	5	6
243967	348	373	412	6	6
244668	349	372	412	7	6
245369	350	371	412	8	6
246071	351	371	412	9	6
246772	352	370	412	10	6
247474	353	370	412	11	6
248177	354	371	412	12	6
248878	355	370	412	13	6
249580	356	370	412	14	6
240506	343	422	413	1	6
241209	344	423	413	2	6
241911	345	423	413	3	6
242612	346	422	413	4	6
233487	333	423	414	1	6
234189	334	423	414	2	6
234892	335	424	414	3	6
235594	336	424	414	4	6
236297	337	425	414	5	6
236999	338	425	414	6	6
237701	339	425	414	7	6
238404	340	426	414	8	6
239107	341	427	414	9	6
239108	341	428	414	10	6
239109	341	429	414	11	6
239110	341	430	414	12	6
239813	342	431	414	13	6
240515	343	431	414	14	6
241218	344	432	414	15	6
241219	344	433	414	16	6
241922	345	434	414	17	6
241923	345	435	414	18	6
241924	345	436	414	19	6
241223	344	437	414	20	6
241926	345	438	414	21	6
241927	345	439	414	22	6
241928	345	440	414	23	6
241929	345	441	414	24	6
242632	346	442	414	25	6
243335	347	443	414	26	6
244038	348	444	414	27	6
244039	348	445	414	28	6
244742	349	446	414	29	6
245445	350	447	414	30	6
246148	351	448	414	31	6
246850	352	448	414	32	6
247552	353	448	414	33	6
248254	354	448	414	34	6
242452	346	262	415	1	5
243154	347	262	415	2	5
243855	348	261	415	3	5
244556	349	260	415	4	5
245258	350	260	415	5	5
245959	351	259	415	6	5
246661	352	259	415	7	5
247363	353	259	415	8	5
248065	354	259	415	9	5
248767	355	259	415	10	5
249469	356	259	415	11	5
250171	357	259	415	12	5
250873	358	259	415	13	5
251575	359	259	415	14	5
252277	360	259	415	15	5
252979	361	259	415	16	5
253681	362	259	415	17	5
245203	350	205	416	1	5
244502	349	206	416	2	5
244503	349	207	416	3	5
243802	348	208	416	4	5
243803	348	209	416	5	5
243102	347	210	416	6	5
243103	347	211	416	7	5
243104	347	212	416	8	5
243105	347	213	416	9	5
243952	348	358	417	1	6
244654	349	358	417	2	6
245356	350	358	417	3	6
246057	351	357	417	4	6
246759	352	357	417	5	6
247461	353	357	417	6	6
248162	354	356	417	7	6
248864	355	356	417	8	6
250334	357	422	418	1	6
249633	356	423	418	2	6
248931	355	423	418	3	6
248229	354	423	418	4	6
247528	353	424	418	5	6
246826	352	424	418	6	6
246124	351	424	418	7	6
245421	350	423	418	8	6
244718	349	422	418	9	6
244016	348	422	418	10	6
247293	353	189	419	1	5
247996	354	190	419	2	5
247997	354	191	419	3	5
247296	353	192	419	4	5
246595	352	193	419	5	5
245894	351	194	419	6	5
245895	351	195	419	7	5
245194	350	196	419	8	5
245195	350	197	419	9	5
245196	350	198	419	10	5
245197	350	199	419	11	5
245198	350	200	419	12	5
245199	350	201	419	13	5
245200	350	202	419	14	5
245201	350	203	419	15	5
245202	350	204	419	16	5
248711	355	203	420	1	5
248009	354	203	420	2	5
247308	353	204	420	3	5
246607	352	205	420	4	5
245905	351	205	420	5	5
246684	352	282	421	1	5
247386	353	282	421	2	5
248087	354	281	421	3	5
248789	355	281	421	4	5
249491	356	281	421	5	5
250192	357	280	421	6	5
250893	358	279	421	7	5
250892	358	278	421	8	5
251593	359	277	421	9	5
251592	359	276	421	10	5
252293	360	275	421	11	5
252994	361	274	421	12	5
253695	362	273	421	13	5
254397	363	273	421	14	5
255098	364	272	421	15	5
255799	365	271	421	16	5
256501	366	271	421	17	5
257202	367	270	421	18	5
247443	353	339	422	1	6
247444	353	340	422	2	6
247445	353	341	422	3	6
246744	352	342	422	4	6
246745	352	343	422	5	6
246746	352	344	422	6	6
248855	355	347	423	1	6
248153	354	347	423	2	6
247450	353	346	423	3	6
246747	352	345	423	4	6
246796	352	394	424	1	6
247497	353	393	424	2	6
247496	353	392	424	3	6
247495	353	391	424	4	6
247494	353	390	424	5	6
248195	354	389	424	6	6
248896	355	388	424	7	6
245879	351	179	425	1	5
245880	351	180	425	2	5
246582	352	180	425	3	5
247285	353	181	425	4	5
247987	354	181	425	5	5
248690	355	182	425	6	5
248691	355	183	425	7	5
248692	355	184	425	8	5
247991	354	185	425	9	5
247290	353	186	425	10	5
247291	353	187	425	11	5
247292	353	188	425	12	5
250958	358	344	426	1	6
250257	357	345	426	2	6
249555	356	345	426	3	6
248854	355	346	426	4	6
248895	355	387	427	1	6
249596	356	386	427	2	6
249595	356	385	427	3	6
249594	356	384	427	4	6
250295	357	383	427	5	6
250997	358	383	427	6	6
251698	359	382	427	7	6
248951	355	443	428	1	6
248952	355	444	428	2	6
248953	355	445	428	3	6
248954	355	446	428	4	6
248955	355	447	428	5	6
248956	355	448	429	1	6
249658	356	448	429	2	6
250361	357	449	429	3	6
251063	358	449	429	4	6
251765	359	449	429	5	6
252467	360	449	429	6	6
253170	361	450	429	7	6
249559	356	349	430	1	6
249558	356	348	430	2	6
249566	356	356	431	1	6
249565	356	355	431	2	6
249564	356	354	431	3	6
249563	356	353	431	4	6
249562	356	352	431	5	6
249561	356	351	431	6	6
249560	356	350	431	7	6
250270	357	358	432	1	6
249567	356	357	432	2	6
250282	357	370	433	1	6
250281	357	369	433	2	6
249578	356	368	433	3	6
249577	356	367	433	4	6
249576	356	366	433	5	6
250277	357	365	433	6	6
250276	357	364	433	7	6
250275	357	363	433	8	6
250976	358	362	433	9	6
250975	358	361	433	10	6
251697	359	381	434	1	6
251696	359	380	434	2	6
251695	359	379	434	3	6
251694	359	378	434	4	6
250991	358	377	434	5	6
250288	357	376	434	6	6
249585	356	375	434	7	6
249584	356	374	434	8	6
250285	357	373	434	9	6
250284	357	372	434	10	6
250283	357	371	434	11	6
250165	357	253	435	1	5
250867	358	253	435	2	5
251568	359	252	435	3	5
252270	360	252	435	4	5
252973	361	253	435	5	5
253675	362	253	435	6	5
254378	363	254	435	7	5
253068	361	348	436	1	6
252366	360	348	436	2	6
251664	359	348	436	3	6
250962	358	348	436	4	6
250261	357	349	436	5	6
252357	360	339	437	1	6
252358	360	340	437	2	6
251657	359	341	437	3	6
251658	359	342	437	4	6
250957	358	343	437	5	6
255884	365	356	438	1	6
255182	364	356	438	2	6
254480	363	356	438	3	6
253778	362	356	438	4	6
253076	361	356	438	5	6
252374	360	356	438	6	6
251673	359	357	438	7	6
250972	358	358	438	8	6
250974	358	360	439	1	6
250973	358	359	439	2	6
253063	361	343	440	1	6
252362	360	344	440	2	6
251660	359	344	440	3	6
258697	369	361	441	1	6
257995	368	361	441	2	6
257293	367	361	441	3	6
256591	366	361	441	4	6
255889	365	361	441	5	6
255187	364	361	441	6	6
254484	363	360	441	7	6
253782	362	360	441	8	6
253080	361	360	441	9	6
252378	360	360	441	10	6
251676	359	360	441	11	6
252324	360	306	442	1	5
253025	361	305	442	2	5
253726	362	304	442	3	5
258018	368	384	443	1	6
257316	367	384	443	2	6
256614	366	384	443	3	6
255913	365	385	443	4	6
255211	364	385	443	5	6
254510	363	386	443	6	6
253807	362	385	443	7	6
253806	362	384	443	8	6
253103	361	383	443	9	6
252400	360	382	443	10	6
252415	360	397	444	1	6
253116	361	396	444	2	6
253115	361	395	444	3	6
253816	362	394	444	4	6
254517	363	393	444	5	6
255218	364	392	444	6	6
255919	365	391	444	7	6
256620	366	390	444	8	6
253173	361	453	445	1	6
253172	361	452	445	2	6
253171	361	451	445	3	6
256433	366	203	446	1	5
256434	366	204	446	2	5
256435	366	205	446	3	5
256436	366	206	446	4	5
256437	366	207	446	5	5
256438	366	208	446	6	5
256439	366	209	446	7	5
256440	366	210	446	8	5
256441	366	211	446	9	5
255740	365	212	446	10	5
255038	364	212	446	11	5
254337	363	213	446	12	5
253636	362	214	446	13	5
253637	362	215	446	14	5
254340	363	216	446	15	5
254341	363	217	446	16	5
255044	364	218	446	17	5
255045	364	219	446	18	5
255748	365	220	446	19	5
256451	366	221	446	20	5
256452	366	222	446	21	5
254428	363	304	447	1	5
254427	363	303	447	2	5
254426	363	302	447	3	5
254425	363	301	447	4	5
253722	362	300	447	5	5
254423	363	299	447	6	5
254422	363	298	447	7	5
255123	364	297	447	8	5
255122	364	296	447	9	5
255823	365	295	447	10	5
255822	365	294	447	11	5
256523	366	293	447	12	5
257224	367	292	447	13	5
257926	368	292	447	14	5
258627	369	291	447	15	5
259329	370	291	447	16	5
260031	371	291	447	17	5
260734	372	292	447	18	5
261436	373	292	447	19	5
262138	374	292	447	20	5
262840	375	292	447	21	5
263542	376	292	447	22	5
264243	377	291	447	23	5
264945	378	291	447	24	5
265646	379	290	447	25	5
266348	380	290	447	26	5
267049	381	289	447	27	5
267750	382	288	447	28	5
268451	383	287	447	29	5
253873	362	451	448	1	6
254575	363	451	448	2	6
255277	364	451	448	3	6
255979	365	451	448	4	6
256681	366	451	448	5	6
257384	367	452	448	6	6
258646	369	310	449	1	5
258645	369	309	449	2	5
257942	368	308	449	3	5
257239	367	307	449	4	5
256537	366	307	449	5	5
255834	365	306	449	6	5
255132	364	306	449	7	5
254429	363	305	449	8	5
254532	363	408	450	1	6
255233	364	407	450	2	6
255934	365	406	450	3	6
255933	365	405	450	4	6
255932	365	404	450	5	6
255931	365	403	450	6	6
256632	366	402	450	7	6
257333	367	401	450	8	6
258035	368	401	450	9	6
255989	365	461	451	1	6
255988	365	460	451	2	6
255987	365	459	451	3	6
255986	365	458	451	4	6
256687	366	457	451	5	6
257388	367	456	451	6	6
257387	367	455	451	7	6
258088	368	454	451	8	6
258087	368	453	451	9	6
260794	372	352	452	1	6
260092	371	352	452	2	6
259391	370	353	452	3	6
258690	369	354	452	4	6
257988	368	354	452	5	6
257286	367	354	452	6	6
256585	366	355	452	7	6
260795	372	353	453	1	6
260093	371	353	453	2	6
259392	370	354	453	3	6
258691	369	355	453	4	6
257990	368	356	453	5	6
257288	367	356	453	6	6
256586	366	356	453	7	6
256623	366	393	454	1	6
256622	366	392	454	2	6
256621	366	391	454	3	6
257322	367	390	454	4	6
257321	367	389	455	1	6
258022	368	388	455	2	6
258723	369	387	455	3	6
258086	368	452	456	1	6
258788	369	452	456	2	6
259489	370	451	456	3	6
260191	371	451	456	4	6
260892	372	450	456	5	6
269236	384	370	457	1	6
268534	383	370	457	2	6
267832	382	370	457	3	6
267130	381	370	457	4	6
266428	380	370	457	5	6
265726	379	370	457	6	6
265024	378	370	457	7	6
264322	377	370	457	8	6
263621	376	371	457	9	6
262920	375	372	457	10	6
262219	374	373	457	11	6
261518	373	374	457	12	6
261519	373	375	457	13	6
261520	373	376	457	14	6
260819	372	377	457	15	6
260118	371	378	457	16	6
260119	371	379	457	17	6
260120	371	380	457	18	6
260121	371	381	457	19	6
260122	371	382	457	20	6
259421	370	383	457	21	6
258720	369	384	457	22	6
259424	370	386	458	1	6
258721	369	385	458	2	6
258737	369	401	459	1	6
258736	369	400	459	2	6
259437	370	399	459	3	6
259436	370	398	459	4	6
259435	370	397	459	5	6
260136	371	396	459	6	6
260135	371	395	459	7	6
260134	371	394	459	8	6
260133	371	393	459	9	6
260834	372	392	459	10	6
260833	372	391	459	11	6
261534	373	390	459	12	6
261533	373	389	459	13	6
260846	372	404	460	1	6
260143	371	403	460	2	6
259440	370	402	460	3	6
260173	371	433	461	1	6
259472	370	434	461	2	6
259473	370	435	461	3	6
259474	370	436	461	4	6
260177	371	437	461	5	6
260178	371	438	461	6	6
260179	371	439	461	7	6
260180	371	440	461	8	6
260181	371	441	461	9	6
260182	371	442	461	10	6
260885	372	443	461	11	6
260886	372	444	461	12	6
260887	372	445	461	13	6
261590	373	446	461	14	6
261591	373	447	461	15	6
261592	373	448	461	16	6
261593	373	449	461	17	6
261532	373	388	462	1	6
260830	372	388	462	2	6
260127	371	387	462	3	6
260655	372	213	463	1	5
260656	372	214	463	2	5
261359	373	215	463	3	5
262062	374	216	463	4	5
262764	375	216	463	5	5
263467	376	217	463	6	5
264170	377	218	463	7	5
264171	377	219	463	8	5
264172	377	220	463	9	5
264874	378	220	463	10	5
274126	391	346	464	1	5
274125	391	345	464	2	5
273422	390	344	464	3	5
272719	389	343	464	4	5
272016	388	342	464	5	5
272015	388	341	464	6	5
272014	388	340	464	7	5
271311	387	339	464	8	5
270609	386	339	464	9	5
269906	385	338	464	10	5
269203	384	337	464	11	5
269202	384	336	464	12	5
268499	383	335	464	13	5
267796	382	334	464	14	5
267094	381	334	464	15	5
266391	380	333	464	16	5
265688	379	332	464	17	5
264985	378	331	464	18	5
264282	377	330	464	19	5
264281	377	329	464	20	5
264280	377	328	464	21	5
263577	376	327	464	22	5
262875	375	327	464	23	5
262172	374	326	464	24	5
262171	374	325	464	25	5
261468	373	324	464	26	5
261467	373	323	464	27	5
261466	373	322	464	28	5
261465	373	321	464	29	5
262166	374	320	464	30	5
262867	375	319	464	31	5
263568	376	318	464	32	5
264269	377	317	464	33	5
264268	377	316	464	34	5
264267	377	315	464	35	5
264968	378	314	464	36	5
265669	379	313	464	37	5
266370	380	312	464	38	5
267071	381	311	464	39	5
267772	382	310	464	40	5
268473	383	309	464	41	5
269175	384	309	464	42	5
269876	385	308	464	43	5
270577	386	307	464	44	5
271278	387	306	464	45	5
271979	388	305	464	46	5
272681	389	305	464	47	5
273382	390	304	464	48	5
273381	390	303	464	49	5
273380	390	302	464	50	5
261594	373	450	465	1	6
262296	374	450	465	2	6
262999	375	451	465	3	6
263701	376	451	465	4	6
264404	377	452	465	5	6
264405	377	453	465	6	6
264406	377	454	465	7	6
265109	378	455	465	8	6
265811	379	455	465	9	6
266513	380	455	465	10	6
267216	381	456	465	11	6
267918	382	456	465	12	6
268620	383	456	465	13	6
269323	384	457	465	14	6
262234	374	388	466	1	6
273470	390	392	467	1	6
272768	389	392	467	2	6
272065	388	391	467	3	6
271364	387	392	467	4	6
270662	386	392	467	5	6
269960	385	392	467	6	6
269258	384	392	467	7	6
268556	383	392	467	8	6
267853	382	391	467	9	6
267852	382	390	467	10	6
267149	381	389	467	11	6
266446	380	388	467	12	6
265744	379	388	467	13	6
265041	378	387	467	14	6
265040	378	386	467	15	6
264338	377	386	467	16	6
263636	376	386	467	17	6
262935	375	387	467	18	6
262943	375	395	468	1	6
262942	375	394	468	2	6
263643	376	393	468	3	6
264344	377	392	468	4	6
265045	378	391	468	5	6
264342	377	390	468	6	6
263639	376	389	468	7	6
262936	375	388	468	8	6
264376	377	424	469	1	6
265079	378	425	469	2	6
265781	379	425	469	3	6
266484	380	426	469	4	6
267187	381	427	469	5	6
267889	382	427	469	6	6
268591	383	427	469	7	6
269293	384	427	469	8	6
269996	385	428	469	9	6
270698	386	428	469	10	6
271401	387	429	469	11	6
272103	388	429	469	12	6
272806	389	430	469	13	6
273508	390	430	469	14	6
274209	391	429	469	15	6
274911	392	429	469	16	6
275612	393	428	469	17	6
276314	394	428	469	18	6
277015	395	427	469	19	6
277716	396	426	469	20	6
278418	397	426	469	21	6
279119	398	425	469	22	6
279821	399	425	469	23	6
280522	400	424	469	24	6
280521	400	423	469	25	6
281222	401	422	469	26	6
281924	402	422	469	27	6
282626	403	422	469	28	6
253607	362	185	470	1	5
254310	363	186	470	2	5
255012	364	186	470	3	5
255715	365	187	470	4	5
256417	366	187	470	5	5
257119	367	187	470	6	5
257822	368	188	470	7	5
258525	369	189	470	8	5
259227	370	189	470	9	5
259929	371	189	470	10	5
260632	372	190	470	11	5
261335	373	191	470	12	5
262037	374	191	470	13	5
262739	375	191	470	14	5
263442	376	192	470	15	5
263443	376	193	470	16	5
264146	377	194	470	17	5
264147	377	195	470	18	5
264148	377	196	470	19	5
264851	378	197	470	20	5
265553	379	197	470	21	5
266255	380	197	470	22	5
266957	381	197	470	23	5
267660	382	198	470	24	5
268363	383	199	470	25	5
268364	383	200	470	26	5
268365	383	201	470	27	5
268366	383	202	470	28	5
267665	382	203	470	29	5
267666	382	204	470	30	5
267667	382	205	470	31	5
266966	381	206	470	32	5
266967	381	207	470	33	5
266266	380	208	470	34	5
266267	380	209	470	35	5
266268	380	210	470	36	5
266269	380	211	470	37	5
266270	380	212	470	38	5
266271	380	213	470	39	5
265570	379	214	470	40	5
265571	379	215	470	41	5
265572	379	216	470	42	5
265573	379	217	470	43	5
265574	379	218	470	44	5
265575	379	219	470	45	5
265576	379	220	470	46	5
265822	379	466	471	1	6
266523	380	465	471	2	6
266522	380	464	471	3	6
266521	380	463	471	4	6
267222	381	462	471	5	6
267923	382	461	471	6	6
267922	382	460	471	7	6
268623	383	459	471	8	6
269324	384	458	471	9	6
268445	383	281	472	1	5
267743	382	281	472	2	5
267041	381	281	472	3	5
269084	384	218	473	1	5
269085	384	219	473	2	5
269086	384	220	473	3	5
268385	383	221	473	4	5
268386	383	222	473	5	5
268450	383	286	474	1	5
268449	383	285	474	2	5
269150	384	284	474	3	5
269852	385	284	474	4	5
270554	386	284	474	5	5
271256	387	284	474	6	5
271957	388	283	474	7	5
272658	389	282	474	8	5
271955	388	281	474	9	5
271253	387	281	474	10	5
270551	386	281	474	11	5
269849	385	281	474	12	5
269147	384	281	474	13	5
272648	389	272	475	1	5
271947	388	273	475	2	5
271948	388	274	475	3	5
271247	387	275	475	4	5
271248	387	276	475	5	5
270547	386	277	475	6	5
270548	386	278	475	7	5
270549	386	279	475	8	5
270550	386	280	475	9	5
269848	385	280	475	10	5
269146	384	280	475	11	5
272670	389	294	476	1	5
271968	388	294	476	2	5
271265	387	293	476	3	5
270562	386	292	476	4	5
269859	385	291	476	5	5
269156	384	290	476	6	5
269155	384	289	476	7	5
269154	384	288	476	8	5
269153	384	287	476	9	5
269288	384	422	477	1	6
269990	385	422	477	2	6
270692	386	422	477	3	6
271394	387	422	477	4	6
272096	388	422	477	5	6
272798	389	422	477	6	6
273500	390	422	477	7	6
274202	391	422	477	8	6
274903	392	421	477	9	6
275605	393	421	477	10	6
276306	394	420	477	11	6
277007	395	419	477	12	6
277709	396	419	477	13	6
278410	397	418	477	14	6
279111	398	417	477	15	6
279813	399	417	477	16	6
280515	400	417	477	17	6
281216	401	416	477	18	6
281917	402	415	477	19	6
269306	384	440	478	1	6
270009	385	441	478	2	6
270010	385	442	478	3	6
270713	386	443	478	4	6
270714	386	444	478	5	6
270715	386	445	478	6	6
271418	387	446	478	7	6
271419	387	447	478	8	6
272122	388	448	478	9	6
272824	389	448	478	10	6
273527	390	449	478	11	6
274230	391	450	478	12	6
274932	392	450	478	13	6
275635	393	451	478	14	6
275636	393	452	478	15	6
276339	394	453	478	16	6
277041	395	453	478	17	6
277743	396	453	478	18	6
278445	397	453	478	19	6
279147	398	453	478	20	6
279850	399	454	478	21	6
280552	400	454	478	22	6
281254	401	454	478	23	6
281957	402	455	478	24	6
282658	403	454	478	25	6
283360	404	454	478	26	6
284062	405	454	478	27	6
284764	406	454	478	28	6
285466	407	454	478	29	6
286168	408	454	478	30	6
269889	385	321	479	1	5
269888	385	320	479	2	5
270589	386	319	479	3	5
270588	386	318	479	4	5
270587	386	317	479	5	5
270586	386	316	479	6	5
270585	386	315	479	7	5
271286	387	314	479	8	5
271987	388	313	479	9	5
271986	388	312	479	10	5
271985	388	311	479	11	5
272686	389	310	479	12	5
273387	390	309	479	13	5
273386	390	308	479	14	5
274087	391	307	479	15	5
274086	391	306	479	16	5
274787	392	305	479	17	5
274786	392	304	479	18	5
270025	385	457	480	1	6
270727	386	457	480	2	6
271429	387	457	480	3	6
272132	388	458	480	4	6
272834	389	458	480	5	6
273537	390	459	480	6	6
274240	391	460	480	7	6
274943	392	461	480	8	6
270033	385	465	481	1	6
270734	386	464	481	2	6
271436	387	464	481	3	6
272138	388	464	481	4	6
272840	389	464	481	5	6
273541	390	463	481	6	6
270040	385	472	482	1	6
270741	386	471	482	2	6
271443	387	471	482	3	6
272144	388	470	482	4	6
272143	388	469	482	5	6
272142	388	468	482	6	6
272843	389	467	482	7	6
273544	390	466	482	8	6
273543	390	465	482	9	6
273542	390	464	482	10	6
273332	390	254	483	1	5
273331	390	253	483	2	5
272628	389	252	483	3	5
271926	388	252	483	4	5
271223	387	251	483	5	5
273379	390	301	484	1	5
272676	389	300	484	2	5
272675	389	299	484	3	5
272674	389	298	484	4	5
271971	388	297	484	5	5
272672	389	296	484	6	5
272671	389	295	484	7	5
276877	395	289	485	1	5
276175	394	289	485	2	5
275474	393	290	485	3	5
274772	392	290	485	4	5
274071	391	291	485	5	5
273370	390	292	485	6	5
272669	389	293	485	7	5
275579	393	395	486	1	6
274876	392	394	486	2	6
274174	391	394	486	3	6
273471	390	393	486	4	6
274785	392	303	487	1	5
274082	391	302	487	2	5
276272	394	386	488	1	6
275571	393	387	488	2	6
274870	392	388	488	3	6
274871	392	389	488	4	6
274872	392	390	488	5	6
274171	391	391	488	6	6
274243	391	463	489	1	6
274944	392	462	489	2	6
275488	393	304	490	1	5
275585	393	401	491	1	6
275584	393	400	491	2	6
276285	394	399	491	3	6
276284	394	398	491	4	6
276283	394	397	491	5	6
276282	394	396	491	6	6
275646	393	462	492	1	6
276349	394	463	492	2	6
277051	395	463	492	3	6
277753	396	463	492	4	6
278455	397	463	492	5	6
279157	398	463	492	6	6
279859	399	463	492	7	6
280561	400	463	492	8	6
281263	401	463	492	9	6
281965	402	463	492	10	6
282668	403	464	492	11	6
283371	404	465	492	12	6
284073	405	465	492	13	6
283897	405	289	493	1	5
283196	404	290	493	2	5
282495	403	291	493	3	5
281794	402	292	493	4	5
281093	401	293	493	5	5
280392	400	294	493	6	5
279691	399	295	493	7	5
278990	398	296	493	8	5
278289	397	297	493	9	5
278290	397	298	493	10	5
277589	396	299	493	11	5
277590	396	300	493	12	5
277591	396	301	493	13	5
276890	395	302	493	14	5
276891	395	303	493	15	5
276190	394	304	493	16	5
276191	394	305	494	1	5
279004	398	310	495	1	3
278302	397	310	495	2	3
277599	396	309	495	3	3
276896	395	308	495	4	3
276895	395	307	495	5	3
276192	394	306	495	6	5
279793	399	397	496	1	6
279091	398	397	496	2	6
278388	397	396	496	3	6
277686	396	396	496	4	6
276984	395	396	496	5	6
276281	394	395	496	6	6
276366	394	480	497	1	6
277067	395	479	497	2	6
277768	396	478	497	3	6
278469	397	477	497	4	6
279170	398	476	497	5	6
279871	399	475	497	6	6
280573	400	475	497	7	6
281274	401	474	497	8	6
280401	400	303	498	1	5
279699	399	303	498	2	5
278998	398	304	498	3	5
278297	397	305	498	4	5
277595	396	305	498	5	5
276893	395	305	498	6	5
276921	395	333	499	1	3
277622	396	332	499	2	3
278323	397	331	499	3	3
279025	398	331	499	4	3
279726	399	330	499	5	3
280428	400	330	499	6	3
281130	401	330	499	7	3
281831	402	329	499	8	3
282533	403	329	499	9	3
283235	404	329	499	10	3
283937	405	329	499	11	3
284639	406	329	499	12	3
285341	407	329	499	13	3
286043	408	329	499	14	3
286746	409	330	499	15	3
287449	410	331	499	16	3
288151	411	331	499	17	3
288853	412	331	499	18	3
289556	413	332	499	19	3
278202	397	210	500	1	5
278203	397	211	500	2	5
278204	397	212	500	3	5
278205	397	213	500	4	5
278206	397	214	500	5	5
278207	397	215	500	6	5
277506	396	216	500	7	5
277507	396	217	500	8	5
277508	396	218	500	9	5
277509	396	219	500	10	5
277510	396	220	500	11	5
277511	396	221	500	12	5
278214	397	222	500	13	5
277513	396	223	500	14	5
277514	396	224	500	15	5
277515	396	225	500	16	5
277703	396	413	501	1	6
278405	397	413	501	2	6
279107	398	413	501	3	6
279809	399	413	501	4	6
280511	400	413	501	5	6
281213	401	413	501	6	6
277724	396	434	502	1	6
278425	397	433	502	2	6
279126	398	432	502	3	6
279827	399	431	502	4	6
280528	400	430	502	5	6
281229	401	429	502	6	6
281228	401	428	502	7	6
281929	402	427	502	8	6
282630	403	426	502	9	6
283332	404	426	502	10	6
284033	405	425	502	11	6
284734	406	424	502	12	6
278481	397	489	503	1	6
279182	398	488	503	2	6
279883	399	487	503	3	6
279882	399	486	503	4	6
279881	399	485	503	5	6
280582	400	484	503	6	6
280581	400	483	503	7	6
280580	400	482	503	8	6
280579	400	481	503	9	6
280578	400	480	503	10	6
281279	401	479	503	11	6
281980	402	478	503	12	6
281979	402	477	503	13	6
281978	402	476	503	14	6
281977	402	475	503	15	6
284615	406	305	504	1	3
283913	405	305	504	2	3
283211	404	305	504	3	3
282509	403	305	504	4	3
281808	402	306	504	5	3
281107	401	307	504	6	3
280406	400	308	504	7	3
279704	399	308	504	8	3
279003	398	309	504	9	3
279013	398	319	505	1	3
279714	399	318	505	2	3
279713	399	317	505	3	3
279712	399	316	505	4	3
279711	399	315	505	5	3
280412	400	314	505	6	3
280411	400	313	505	7	3
284524	406	214	506	1	5
283823	405	215	506	2	5
283824	405	216	506	3	5
283825	405	217	506	4	5
283124	404	218	506	5	5
283125	404	219	506	6	5
283126	404	220	506	7	5
282425	403	221	506	8	5
282426	403	222	506	9	5
282427	403	223	506	10	5
281726	402	224	506	11	5
281727	402	225	506	12	5
281026	401	226	506	13	5
280324	400	226	506	14	5
279623	399	227	506	15	5
281112	401	312	507	1	3
280409	400	311	507	2	3
279706	399	310	507	3	3
282600	403	396	508	1	6
281899	402	397	508	2	6
281197	401	397	508	3	6
280495	400	397	508	4	6
281199	401	399	509	1	6
280496	400	398	509	2	6
281159	401	359	510	1	3
281860	402	358	510	2	3
282562	403	358	510	3	3
283264	404	358	510	4	3
283966	405	358	510	5	3
284668	406	358	510	6	3
285369	407	357	510	7	3
286070	408	356	510	8	3
286771	409	355	510	9	3
287472	410	354	510	10	3
288174	411	354	510	11	3
288875	412	353	510	12	3
289577	413	353	510	13	3
290279	414	353	510	14	3
290980	415	352	510	15	3
287437	410	319	511	1	3
286734	409	318	511	2	3
286031	408	317	511	3	3
285328	407	316	511	4	3
284625	406	315	511	5	3
283922	405	314	511	6	3
283219	404	313	511	7	3
282516	403	312	511	8	3
281814	402	312	511	9	3
281841	402	339	512	1	3
282543	403	339	512	2	3
283244	404	338	512	3	3
283946	405	338	512	4	3
284648	406	338	512	5	3
285350	407	338	512	6	3
286052	408	338	512	7	3
286754	409	338	512	8	3
287456	410	338	512	9	3
288158	411	338	512	10	3
288860	412	338	512	11	3
289563	413	339	512	12	3
290265	414	339	512	13	3
290264	414	338	512	14	3
285409	407	397	513	1	6
284707	406	397	513	2	6
284005	405	397	513	3	6
283303	404	397	513	4	6
282602	403	398	513	5	6
281901	402	399	513	6	6
283313	404	407	514	1	6
283312	404	406	514	2	6
283311	404	405	514	3	6
283310	404	404	514	4	6
282607	403	403	514	5	6
281904	402	402	514	6	6
281903	402	401	514	7	6
281902	402	400	514	8	6
281916	402	414	515	1	6
282617	403	413	515	2	6
283318	404	412	515	3	6
283317	404	411	515	4	6
283316	404	410	515	5	6
283315	404	409	515	6	6
282612	403	408	515	7	6
281976	402	474	516	1	6
281975	402	473	516	2	6
282676	403	472	516	3	6
282675	403	471	516	4	6
282674	403	470	516	5	6
283375	404	469	516	6	6
283374	404	468	516	7	6
283373	404	467	516	8	6
284074	405	466	516	9	6
283327	404	421	517	1	6
283326	404	420	517	2	6
283325	404	419	517	3	6
283324	404	418	517	4	6
283323	404	417	517	5	6
282620	403	416	517	6	6
282619	403	415	517	7	6
283181	404	275	518	1	5
283180	404	274	518	2	5
283881	405	273	518	3	5
283880	405	272	518	4	5
284581	406	271	518	5	5
284580	406	270	518	6	5
285282	407	270	518	7	5
285983	408	269	518	8	5
285982	408	268	518	9	5
285279	407	267	518	10	5
284576	406	266	518	11	5
284575	406	265	518	12	5
283872	405	264	518	13	5
283170	404	264	518	14	5
282467	403	263	518	15	5
281764	402	262	518	16	5
281763	402	261	518	17	5
282464	403	260	518	18	5
281761	402	259	518	19	5
281760	402	258	518	20	5
281759	402	257	518	21	5
281758	402	256	518	22	5
282459	403	255	518	23	5
283256	404	350	519	1	3
283957	405	349	519	2	3
284659	406	349	519	3	3
285361	407	349	519	4	3
286063	408	349	519	5	3
286765	409	349	519	6	3
287467	410	349	519	7	3
288168	411	348	519	8	3
288870	412	348	519	9	3
289572	413	348	519	10	3
288741	412	219	520	1	5
288040	411	220	520	2	5
287339	410	221	520	3	5
286638	409	222	520	4	5
286639	409	223	520	5	5
286640	409	224	520	6	5
285939	408	225	520	7	5
285940	408	226	520	8	5
285239	407	227	520	9	5
284538	406	228	520	10	5
284539	406	229	520	11	5
283838	405	230	520	12	5
283839	405	231	520	13	5
283840	405	232	520	14	5
283981	405	373	521	1	3
284684	406	374	521	2	3
285387	407	375	521	3	3
286089	408	375	521	4	3
286791	409	375	521	5	3
287494	410	376	521	6	3
288195	411	375	521	7	3
288896	412	374	521	8	3
289597	413	373	521	9	3
290299	414	373	521	10	3
291000	415	372	521	11	3
291702	416	372	521	12	3
292404	417	372	521	13	3
293105	418	371	521	14	3
293807	419	371	521	15	3
294509	420	371	521	16	3
295211	421	371	521	17	3
295913	422	371	521	18	3
287526	410	408	522	1	6
286824	409	408	522	2	6
286121	408	407	522	3	6
285419	407	407	522	4	6
284717	406	407	522	5	6
284015	405	407	522	6	6
284733	406	423	523	1	6
284030	405	422	523	2	6
288072	411	252	524	1	5
287370	410	252	524	2	5
286668	409	252	524	3	5
285966	408	252	524	4	5
285265	407	253	524	5	5
284563	406	253	524	6	5
284756	406	446	525	1	6
285459	407	447	525	2	6
286162	408	448	525	3	6
286865	409	449	525	4	6
286866	409	450	525	5	6
286867	409	451	525	6	6
286868	409	452	525	7	6
286869	409	453	525	8	6
286870	409	454	525	9	6
284776	406	466	526	1	6
285477	407	465	526	2	6
286178	408	464	526	3	6
286664	409	248	527	1	5
285962	408	248	527	2	5
285260	407	248	527	3	5
286838	409	422	528	1	6
286137	408	423	528	2	6
285435	407	423	528	3	6
291061	415	433	529	1	6
290359	414	433	529	2	6
289656	413	432	529	3	6
288953	412	431	529	4	6
288250	411	430	529	5	6
287547	410	429	529	6	6
286844	409	428	529	7	6
286843	409	427	529	8	6
286140	408	426	529	9	6
285437	407	425	529	10	6
285436	407	424	529	11	6
288314	411	494	530	1	6
288313	411	493	530	2	6
288312	411	492	530	3	6
288311	411	491	530	4	6
289012	412	490	530	5	6
289011	412	489	530	6	6
289010	412	488	530	7	6
288307	411	487	530	8	6
288306	411	486	530	9	6
288305	411	485	530	10	6
287602	410	484	530	11	6
286899	409	483	530	12	6
286898	409	482	530	13	6
286195	408	481	530	14	6
286194	408	480	530	15	6
286895	409	479	530	16	6
287596	410	478	530	17	6
288297	411	477	530	18	6
288296	411	476	530	19	6
288997	412	475	530	20	6
288996	412	474	530	21	6
288995	412	473	530	22	6
288994	412	472	530	23	6
288291	411	471	530	24	6
287588	410	470	530	25	6
286885	409	469	530	26	6
286182	408	468	530	27	6
285479	407	467	530	28	6
300674	429	218	531	1	5
299972	428	218	531	2	5
299270	427	218	531	3	5
298567	426	217	531	4	5
297865	425	217	531	5	5
297163	424	217	531	6	5
296461	423	217	531	7	5
295760	422	218	531	8	5
295761	422	219	531	9	5
295060	421	220	531	10	5
294359	420	221	531	11	5
294360	420	222	531	12	5
294361	420	223	531	13	5
293660	419	224	531	14	5
293661	419	225	531	15	5
293662	419	226	531	16	5
292961	418	227	531	17	5
292962	418	228	531	18	5
292963	418	229	531	19	5
292964	418	230	531	20	5
292263	417	231	531	21	5
291562	416	232	531	22	5
291563	416	233	531	23	5
290862	415	234	531	24	5
290863	415	235	531	25	5
290162	414	236	531	26	5
290163	414	237	531	27	5
290164	414	238	531	28	5
290165	414	239	531	29	5
289464	413	240	531	30	5
288762	412	240	531	31	5
288060	411	240	531	32	5
287358	410	240	531	33	5
286656	409	240	531	34	5
286871	409	455	532	1	6
286879	409	463	533	1	6
286878	409	462	533	2	6
287579	410	461	533	3	6
287578	410	460	533	4	6
287577	410	459	533	5	6
287576	410	458	533	6	6
287575	410	457	533	7	6
296483	423	239	534	1	5
295782	422	240	534	2	5
295081	421	241	534	3	5
294380	420	242	534	4	5
293678	419	242	534	5	5
292977	418	243	534	6	5
292275	417	243	534	7	5
291574	416	244	534	8	5
290872	415	244	534	9	5
290171	414	245	534	10	5
289469	413	245	534	11	5
288768	412	246	534	12	5
288067	411	247	534	13	5
287365	410	247	534	14	5
292281	417	249	535	1	5
291579	416	249	535	2	5
290877	415	249	535	3	5
290175	414	249	535	4	5
289473	413	249	535	5	5
288770	412	248	535	6	5
288068	411	248	535	7	5
287366	410	248	535	8	5
287574	410	456	536	1	6
288275	411	455	536	2	6
288977	412	455	536	3	6
289679	413	455	536	4	6
290381	414	455	536	5	6
291083	415	455	536	6	6
291785	416	455	536	7	6
292486	417	454	536	8	6
293187	418	453	536	9	6
293888	419	452	536	10	6
299529	427	477	537	1	6
298826	426	476	537	2	6
298123	425	475	537	3	6
297420	424	474	537	4	6
297419	424	473	537	5	6
296716	423	472	537	6	6
296013	422	471	537	7	6
295311	421	471	537	8	6
294608	420	470	537	9	6
293905	419	469	537	10	6
293203	418	469	537	11	6
292500	417	468	537	12	6
291797	416	467	537	13	6
291094	415	466	537	14	6
290392	414	466	537	15	6
289690	413	466	537	16	6
288987	412	465	537	17	6
288284	411	464	537	18	6
287582	410	464	537	19	6
290238	414	312	538	1	3
290239	414	313	538	2	3
290240	414	314	538	3	3
290241	414	315	538	4	3
289540	413	316	538	5	3
289541	413	317	538	6	3
288840	412	318	538	7	3
288139	411	319	538	8	3
288843	412	321	539	1	3
288140	411	320	539	2	3
288774	412	252	540	1	5
297903	425	255	541	1	5
297200	424	254	541	2	5
296498	423	254	541	3	5
295796	422	254	541	4	5
295094	421	254	541	5	5
294392	420	254	541	6	5
293690	419	254	541	7	5
292987	418	253	541	8	5
292285	417	253	541	9	5
291583	416	253	541	10	5
290880	415	252	541	11	5
290178	414	252	541	12	5
289476	413	252	541	13	5
292294	417	262	542	1	5
292293	417	261	542	2	5
292292	417	260	542	3	5
292291	417	259	542	4	5
291588	416	258	542	5	5
291587	416	257	542	6	5
291586	416	256	542	7	5
291585	416	255	542	8	5
290882	415	254	542	9	5
290179	414	253	542	10	5
289477	413	253	542	11	5
290909	415	281	543	1	5
290206	414	280	543	2	5
289503	413	279	543	3	5
290204	414	278	543	4	5
290203	414	277	543	5	5
290904	415	276	543	6	5
291605	416	275	543	7	5
292306	417	274	543	8	5
292305	417	273	543	9	5
292304	417	272	543	10	5
291601	416	271	543	11	5
291600	416	270	543	12	5
291599	416	269	543	13	5
291598	416	268	543	14	5
290895	415	267	543	15	5
290894	415	266	543	16	5
290893	415	265	543	17	5
290892	415	264	543	18	5
290891	415	263	543	19	5
290890	415	262	543	20	5
290889	415	261	543	21	5
290186	414	260	543	22	5
290185	414	259	543	23	5
290184	414	258	543	24	5
290183	414	257	543	25	5
290182	414	256	543	26	5
290181	414	255	543	27	5
289478	413	254	543	28	5
288775	412	253	543	29	5
295158	421	318	544	1	3
294457	420	319	544	2	3
293756	419	320	544	3	3
293053	418	319	544	4	3
292351	417	319	544	5	3
291650	416	320	544	6	3
290948	415	320	544	7	3
290247	414	321	544	8	3
289544	413	320	544	9	3
290257	414	331	545	1	3
290256	414	330	545	2	3
290957	415	329	545	3	3
290956	415	328	545	4	3
290955	415	327	545	5	3
290252	414	326	545	6	3
289549	413	325	545	7	3
289548	413	324	545	8	3
289547	413	323	545	9	3
289546	413	322	545	10	3
290263	414	337	546	1	3
290262	414	336	546	2	3
290261	414	335	546	3	3
290260	414	334	546	4	3
290259	414	333	546	5	3
290258	414	332	546	6	3
290274	414	348	547	1	3
290273	414	347	547	2	3
290974	415	346	547	3	3
290973	415	345	547	4	3
290972	415	344	547	5	3
290971	415	343	547	6	3
290970	415	342	547	7	3
290969	415	341	547	8	3
290968	415	340	547	9	3
290967	415	339	547	10	3
290966	415	338	547	11	3
291682	416	352	548	1	3
291681	416	351	548	2	3
290978	415	350	548	3	3
290275	414	349	548	4	3
293065	418	331	549	1	3
292363	417	331	549	2	3
291661	416	331	549	3	3
290959	415	331	549	4	3
295270	421	430	550	1	6
294569	420	431	550	2	6
293867	419	431	550	3	6
293165	418	431	550	4	6
292464	417	432	550	5	6
291763	416	433	550	6	6
293879	419	443	551	1	6
293878	419	442	551	2	6
293877	419	441	551	3	6
293876	419	440	551	4	6
293173	418	439	551	5	6
293172	418	438	551	6	6
292469	417	437	551	7	6
292468	417	436	551	8	6
291765	416	435	551	9	6
291764	416	434	551	10	6
295193	421	353	552	1	3
294491	420	353	552	2	3
293789	419	353	552	3	3
293087	418	353	552	4	3
292384	417	352	552	5	3
294589	420	451	553	1	6
294588	420	450	553	2	6
293885	419	449	553	3	6
293884	419	448	553	4	6
293883	419	447	553	5	6
293882	419	446	553	6	6
293881	419	445	553	7	6
293880	419	444	553	8	6
296688	423	444	554	1	6
295986	422	444	554	2	6
295283	421	443	554	3	6
294581	420	443	554	4	6
295214	421	374	555	1	3
295915	422	373	555	2	3
296616	423	372	555	3	3
296615	423	371	555	4	3
302284	431	424	556	1	6
301582	430	424	556	2	6
300880	429	424	556	3	6
300178	428	424	556	4	6
299476	427	424	556	5	6
298775	426	425	556	6	6
298073	425	425	556	7	6
297371	424	425	556	8	6
296669	423	425	556	9	6
295968	422	426	556	10	6
295267	421	427	556	11	6
295268	421	428	556	12	6
295269	421	429	556	13	6
302183	431	323	557	1	3
301480	430	322	557	2	3
300777	429	321	557	3	3
300075	428	321	557	4	3
299373	427	321	557	5	3
298670	426	320	557	6	3
297968	425	320	557	7	3
297266	424	320	557	8	3
296563	423	319	557	9	3
295861	422	319	557	10	3
302899	432	337	558	1	3
302198	431	338	558	2	3
301497	430	339	558	3	3
300796	429	340	558	4	3
300095	428	341	558	5	3
299394	427	342	558	6	3
298693	426	343	558	7	3
297992	425	344	558	8	3
297291	424	345	558	9	3
296590	423	346	558	10	3
295889	422	347	558	11	3
295890	422	348	558	12	3
295891	422	349	558	13	3
295892	422	350	558	14	3
295893	422	351	558	15	3
295894	422	352	558	16	3
295895	422	353	558	17	3
297300	424	354	559	1	3
296598	423	354	559	2	3
295896	422	354	559	3	3
310725	443	441	560	1	6
310023	442	441	560	2	6
309321	441	441	560	3	6
308618	440	440	560	4	6
307916	439	440	560	5	6
307213	438	439	560	6	6
306511	437	439	560	7	6
305809	436	439	560	8	6
305107	435	439	560	9	6
304405	434	439	560	10	6
303703	433	439	560	11	6
303000	432	438	560	12	6
302297	431	437	560	13	6
301594	430	436	560	14	6
300892	429	436	560	15	6
300189	428	435	560	16	6
299486	427	434	560	17	6
298783	426	433	560	18	6
298080	425	432	560	19	6
297378	424	432	560	20	6
296675	423	431	560	21	6
295973	422	431	560	22	6
297181	424	235	561	1	5
296480	423	236	561	2	5
296481	423	237	561	3	5
296482	423	238	561	4	5
296533	423	289	562	1	5
297235	424	289	562	2	5
297937	425	289	562	3	5
298638	426	288	562	4	5
299339	427	287	562	5	5
299338	427	286	562	6	5
299337	427	285	562	7	5
299336	427	284	562	8	5
299335	427	283	562	9	5
300036	428	282	562	10	5
300737	429	281	562	11	5
301439	430	281	562	12	5
302141	431	281	562	13	5
302842	432	280	562	14	5
296614	423	370	563	1	3
297316	424	370	563	2	3
298017	425	369	563	3	3
298719	426	369	563	4	3
303503	433	239	564	1	5
302800	432	238	564	2	5
302098	431	238	564	3	5
301395	430	237	564	4	5
300693	429	237	564	5	5
299991	428	237	564	6	5
299290	427	238	564	7	5
298588	426	238	564	8	5
297887	425	239	564	9	5
297185	424	239	564	10	5
297439	424	493	565	1	6
297438	424	492	565	2	6
297437	424	491	565	3	6
297436	424	490	565	4	6
297435	424	489	565	5	6
297434	424	488	565	6	6
298135	425	487	565	7	6
298134	425	486	565	8	6
298835	426	485	565	9	6
298834	426	484	565	10	6
298833	426	483	565	11	6
299534	427	482	565	12	6
299533	427	481	565	13	6
299532	427	480	565	14	6
299531	427	479	565	15	6
299530	427	478	565	16	6
302911	432	349	566	1	3
302210	431	350	566	2	3
301509	430	351	566	3	3
300808	429	352	566	4	3
300107	428	353	566	5	3
300108	428	354	566	6	3
299406	427	354	566	7	3
298704	426	354	566	8	3
298002	425	354	566	9	3
302222	431	362	567	1	3
301519	430	361	567	2	3
300816	429	360	567	3	3
300815	429	359	567	4	3
300814	429	358	567	5	3
300111	428	357	567	6	3
299408	427	356	567	7	3
298705	426	355	567	8	3
298003	425	355	567	9	3
298036	425	388	568	1	3
298738	426	388	568	2	3
299439	427	387	568	3	3
300140	428	386	568	4	3
300841	429	385	568	5	3
301569	430	411	569	1	3
300867	429	411	569	2	3
300164	428	410	569	3	3
299461	427	409	569	4	3
298758	426	408	569	5	3
298757	426	407	569	6	3
298756	426	406	569	7	3
298053	425	405	569	8	3
298754	426	404	569	9	3
299455	427	403	569	10	3
300156	428	402	569	11	3
300857	429	401	569	12	3
300856	429	400	569	13	3
301557	430	399	569	14	3
302258	431	398	569	15	3
302257	431	397	569	16	3
302958	432	396	569	17	3
302957	432	395	569	18	3
302956	432	394	569	19	3
302253	431	393	569	20	3
302954	432	392	569	21	3
303655	433	391	569	22	3
303654	433	390	569	23	3
303653	433	389	569	24	3
302950	432	388	569	25	3
302247	431	387	569	26	3
301544	430	386	569	27	3
301412	430	254	570	1	5
300709	429	253	570	2	5
300007	428	253	570	3	5
299305	427	253	570	4	5
298604	426	254	570	5	5
298605	426	255	570	6	5
300714	429	258	571	1	5
300011	428	257	571	2	5
299308	427	256	571	3	5
298606	426	256	571	4	5
299420	427	368	572	1	3
300121	428	367	572	2	3
300822	429	366	572	3	3
301523	430	365	572	4	3
301522	430	364	572	5	3
302223	431	363	572	6	3
310768	443	484	573	1	6
310065	442	483	573	2	6
309363	441	483	573	3	6
308660	440	482	573	4	6
307958	439	482	573	5	6
307255	438	481	573	6	6
306553	437	481	573	7	6
305851	436	481	573	8	6
305148	435	480	573	9	6
305147	435	479	573	10	6
304444	434	478	573	11	6
303741	433	477	573	12	6
303039	432	477	573	13	6
302337	431	477	573	14	6
301635	430	477	573	15	6
300933	429	477	573	16	6
300231	428	477	573	17	6
300755	429	299	574	1	5
301456	430	298	574	2	5
302158	431	298	574	3	5
302859	432	297	574	4	5
303560	433	296	574	5	5
304261	434	295	574	6	5
304260	434	294	574	7	5
304961	435	293	574	8	5
305662	436	292	574	9	5
302821	432	259	575	1	5
302119	431	259	575	2	5
301416	430	258	575	3	5
303544	433	280	576	1	5
303543	433	279	576	2	5
303542	433	278	576	3	5
303541	433	277	576	4	5
303540	433	276	576	5	5
303539	433	275	576	6	5
302836	432	274	576	7	5
302133	431	273	576	8	5
302132	431	272	576	9	5
302131	431	271	576	10	5
301428	430	270	576	11	5
301427	430	269	576	12	5
301426	430	268	576	13	5
302127	431	267	576	14	5
302126	431	266	576	15	5
301423	430	265	576	16	5
300720	429	264	576	17	5
300719	429	263	576	18	5
300718	429	262	576	19	5
300717	429	261	576	20	5
300716	429	260	576	21	5
300715	429	259	576	22	5
301543	430	385	577	1	3
302244	431	384	577	2	3
302243	431	383	577	3	3
301540	430	382	577	4	3
301539	430	381	577	5	3
300836	429	380	577	6	3
300835	429	379	577	7	3
300132	428	378	577	8	3
300131	428	377	577	9	3
300130	428	376	577	10	3
299427	427	375	577	11	3
299426	427	374	577	12	3
299425	427	373	577	13	3
299424	427	372	577	14	3
299423	427	371	577	15	3
299422	427	370	577	16	3
299421	427	369	577	17	3
305624	436	254	578	1	5
304923	435	255	578	2	5
304222	434	256	578	3	5
303521	433	257	578	4	5
302820	432	258	578	5	5
307140	438	366	579	1	3
306437	437	365	579	2	3
305735	436	365	579	3	3
305032	435	364	579	4	3
305031	435	363	579	5	3
304328	434	362	579	6	3
303625	433	361	579	7	3
302923	432	361	579	8	3
307038	438	264	580	1	5
306335	437	263	580	2	5
305632	436	262	580	3	5
304930	435	262	580	4	5
304228	434	262	580	5	5
303525	433	261	580	6	5
303524	433	260	580	7	5
305661	436	291	581	1	5
305660	436	290	581	2	5
305659	436	289	581	3	5
304956	435	288	581	4	5
304955	435	287	581	5	5
304954	435	286	581	6	5
304953	435	285	581	7	5
304952	435	284	581	8	5
304249	434	283	581	9	5
304248	434	282	581	10	5
304247	434	281	581	11	5
311962	445	274	582	1	5
311961	445	273	582	2	5
311258	444	272	582	3	5
310556	443	272	582	4	5
309853	442	271	582	5	5
309150	441	270	582	6	5
308447	440	269	582	7	5
308446	440	268	582	8	5
307743	439	267	582	9	5
307742	439	266	582	10	5
307039	438	265	582	11	5
307143	438	369	583	1	3
307142	438	368	583	2	3
307843	439	367	583	3	3
307842	439	366	583	4	3
307977	439	501	584	1	6
307274	438	500	584	2	6
307975	439	499	584	3	6
307974	439	498	584	4	6
308675	440	497	584	5	6
308674	440	496	584	6	6
308673	440	495	584	7	6
307970	439	494	584	8	6
307267	438	493	584	9	6
307968	439	492	584	10	6
308669	440	491	584	11	6
308668	440	490	584	12	6
308667	440	489	584	13	6
308666	440	488	584	14	6
309367	441	487	584	15	6
310068	442	486	584	16	6
310769	443	485	584	17	6
307740	439	264	585	1	5
311350	444	364	586	1	3
310647	443	363	586	2	3
309945	442	363	586	3	3
309244	441	364	586	4	3
308543	440	365	586	5	3
307841	439	365	586	6	3
311247	444	261	587	1	5
310546	443	262	587	2	5
309844	442	262	587	3	5
309142	441	262	587	4	5
308441	440	263	587	5	5
313357	447	265	588	1	5
312655	446	265	588	2	5
311953	445	265	588	3	5
311251	444	265	588	4	5
310548	443	264	588	5	5
309846	442	264	588	6	5
309144	441	264	588	7	5
308442	440	264	588	8	5
309308	441	428	589	1	3
310010	442	428	589	2	3
310712	443	428	589	3	3
311414	444	428	589	4	3
312117	445	429	589	5	3
312819	446	429	589	6	3
313521	447	429	589	7	3
314223	448	429	589	8	3
314925	449	429	589	9	3
315627	450	429	589	10	3
317592	453	288	590	1	5
316890	452	288	590	2	5
316187	451	287	590	3	5
315485	450	287	590	4	5
314782	449	286	590	5	5
314079	448	285	590	6	5
313376	447	284	590	7	5
312673	446	283	590	8	5
312672	446	282	590	9	5
312671	446	281	590	10	5
312670	446	280	590	11	5
312669	446	279	590	12	5
311966	445	278	590	13	5
311965	445	277	590	14	5
311262	444	276	590	15	5
311963	445	275	590	16	5
315564	450	366	591	1	3
314862	449	366	591	2	3
314160	448	366	591	3	3
313458	447	366	591	4	3
312756	446	366	591	5	3
312053	445	365	591	6	3
311351	444	365	591	7	3
311471	444	485	592	1	6
317796	453	492	593	1	6
317093	452	491	593	2	6
316390	451	490	593	3	6
315687	450	489	593	4	6
314985	449	489	593	5	6
314283	448	489	593	6	6
314282	448	488	593	7	6
313579	447	487	593	8	6
312877	446	487	593	9	6
312175	445	487	593	10	6
311472	444	486	593	11	6
312741	446	351	594	1	3
313444	447	352	594	2	3
313445	447	353	594	3	3
313446	447	354	594	4	3
313447	447	355	594	5	3
313448	447	356	594	6	3
313449	447	357	594	7	3
313450	447	358	594	8	3
313451	447	359	594	9	3
313452	447	360	594	10	3
313453	447	361	594	11	3
312752	446	362	594	12	3
312753	446	363	594	13	3
312052	445	364	594	14	3
312169	445	481	595	1	6
312170	445	482	595	2	6
312171	445	483	595	3	6
312172	445	484	595	4	6
316176	451	276	596	1	5
315474	450	276	596	2	5
314772	449	276	596	3	5
314069	448	275	596	4	5
313367	447	275	596	5	5
312665	446	275	596	6	5
314123	448	329	597	1	3
314122	448	328	597	2	3
314121	448	327	597	3	3
314120	448	326	597	4	3
314821	449	325	597	5	3
314820	449	324	597	6	3
314819	449	323	597	7	3
314116	448	322	597	8	3
314115	448	321	597	9	3
313412	447	320	597	10	3
312709	446	319	597	11	3
312007	445	319	597	12	3
311304	444	318	597	13	3
310602	443	318	597	14	3
309899	442	317	597	15	3
309196	441	316	597	16	3
308493	440	315	597	17	3
307791	439	315	597	18	3
307089	438	315	597	19	3
306386	437	314	597	20	3
305683	436	313	597	21	3
304981	435	313	597	22	3
304278	434	312	597	23	3
303576	433	312	597	24	3
302875	432	313	597	25	3
302173	431	313	597	26	3
301471	430	313	597	27	3
300770	429	314	597	28	3
300068	428	314	597	29	3
299366	427	314	597	30	3
298664	426	314	597	31	3
297962	425	314	597	32	3
297261	424	315	597	33	3
296559	423	315	597	34	3
295858	422	316	597	35	3
295157	421	317	597	36	3
315599	450	401	598	1	3
316300	451	400	598	2	3
316299	451	399	598	3	3
316298	451	398	598	4	3
315595	450	397	598	5	3
315594	450	396	598	6	3
315593	450	395	598	7	3
315592	450	394	598	8	3
315591	450	393	598	9	3
315590	450	392	598	10	3
315589	450	391	598	11	3
315588	450	390	598	12	3
314885	449	389	598	13	3
314183	448	389	598	14	3
314182	448	388	598	15	3
314181	448	387	598	16	3
314180	448	386	598	17	3
314179	448	385	598	18	3
314880	449	384	598	19	3
315581	450	383	598	20	3
316282	451	382	598	21	3
316281	451	381	598	22	3
316280	451	380	598	23	3
316981	452	379	598	24	3
316980	452	378	598	25	3
317681	453	377	598	26	3
318383	454	377	598	27	3
319085	455	377	598	28	3
314217	448	423	599	1	3
314218	448	424	599	2	3
314219	448	425	599	3	3
314220	448	426	599	4	3
314923	449	427	599	5	3
315626	450	428	599	6	3
316259	451	359	600	1	3
316260	451	360	600	2	3
315559	450	361	600	3	3
315560	450	362	600	4	3
315561	450	363	600	5	3
315562	450	364	600	6	3
315563	450	365	600	7	3
315702	450	504	601	1	6
316403	451	503	601	2	6
317104	452	502	601	3	6
317805	453	501	601	4	6
317804	453	500	601	5	6
318505	454	499	601	6	6
316969	452	367	602	1	3
316267	451	367	602	2	3
316329	451	429	603	1	3
317031	452	429	603	2	3
317733	453	429	603	3	3
318436	454	430	603	4	3
319139	455	431	603	5	3
319841	456	431	603	6	3
320544	457	432	603	7	3
321246	458	432	603	8	3
321949	459	433	603	9	3
322651	460	433	603	10	3
323353	461	433	603	11	3
324056	462	434	603	12	3
324758	463	434	603	13	3
325460	464	434	603	14	3
326162	465	434	603	15	3
326864	466	434	603	16	3
327566	467	434	603	17	3
328268	468	434	603	18	3
328971	469	435	603	19	3
329674	470	436	603	20	3
330375	471	435	603	21	3
320395	457	283	604	1	5
319692	456	282	604	2	5
318989	455	281	604	3	5
318286	454	280	604	4	5
318285	454	279	604	5	5
317582	453	278	604	6	5
316879	452	277	604	7	5
321176	458	362	605	1	3
320474	457	362	605	2	3
319773	456	363	605	3	3
319071	455	363	605	4	3
318370	454	364	605	5	3
317669	453	365	605	6	3
316968	452	366	605	7	3
318523	454	517	606	1	6
317820	453	516	606	2	6
317819	453	515	606	3	6
317818	453	514	606	4	6
317817	453	513	606	5	6
317114	452	512	606	6	6
317113	452	511	606	7	6
317112	452	510	606	8	6
317111	452	509	606	9	6
317110	452	508	606	10	6
317109	452	507	606	11	6
317108	452	506	606	12	6
317107	452	505	606	13	6
317808	453	504	606	14	6
318509	454	503	606	15	6
319211	455	503	606	16	6
319913	456	503	606	17	6
320614	457	502	606	18	6
319081	455	373	607	1	3
318378	454	372	607	2	3
317675	453	371	607	3	3
317674	453	370	607	4	3
318375	454	369	607	5	3
318374	454	368	607	6	3
317671	453	367	607	7	3
319206	455	498	608	1	6
318503	454	497	608	2	6
318502	454	496	608	3	6
317799	453	495	608	4	6
317798	453	494	608	5	6
317797	453	493	608	6	6
325520	464	494	609	1	6
324818	463	494	609	2	6
324115	462	493	609	3	6
323412	461	492	609	4	6
322709	460	491	609	5	6
322006	459	490	609	6	6
321304	458	490	609	7	6
320603	457	491	609	8	6
319902	456	492	609	9	6
319201	455	493	609	10	6
318499	454	493	609	11	6
319154	455	446	610	1	6
319857	456	447	610	2	6
319858	456	448	610	3	6
319157	455	449	610	4	6
319860	456	450	610	5	6
319159	455	451	610	6	6
318458	454	452	610	7	6
317757	453	453	610	8	6
317056	452	454	610	9	6
316354	451	454	610	10	6
315652	450	454	610	11	6
314951	449	455	610	12	6
314249	448	455	610	13	6
313548	447	456	610	14	6
312846	446	456	610	15	6
312143	445	455	610	16	6
311441	444	455	610	17	6
310738	443	454	610	18	6
310036	442	454	610	19	6
309334	441	454	610	20	6
308632	440	454	610	21	6
307930	439	454	610	22	6
307229	438	455	610	23	6
306527	437	455	610	24	6
305825	436	455	610	25	6
305123	435	455	610	26	6
304421	434	455	610	27	6
303719	433	455	610	28	6
303017	432	455	610	29	6
302316	431	456	610	30	6
301614	430	456	610	31	6
300912	429	456	610	32	6
300209	428	455	610	33	6
299506	427	454	610	34	6
298803	426	453	610	35	6
298101	425	453	610	36	6
297398	424	452	610	37	6
296696	423	452	610	38	6
295993	422	451	610	39	6
295291	421	451	610	40	6
328903	469	367	611	1	3
328202	468	368	611	2	3
327500	467	368	611	3	3
326799	466	369	611	4	3
326097	465	369	611	5	3
325396	464	370	611	6	3
324694	463	370	611	7	3
323993	462	371	611	8	3
323291	461	371	611	9	3
322589	460	371	611	10	3
321888	459	372	611	11	3
321187	458	373	611	12	3
320485	457	373	611	13	3
319783	456	373	611	14	3
319786	456	376	612	1	3
319785	456	375	612	2	3
319784	456	374	612	3	3
319817	456	407	613	1	3
320518	457	406	613	2	3
320517	457	405	613	3	3
320516	457	404	613	4	3
321217	458	403	613	5	3
321918	459	402	613	6	3
322619	460	401	613	7	3
323320	461	400	613	8	3
324021	462	399	613	9	3
324020	462	398	613	10	3
324019	462	397	613	11	3
324018	462	396	613	12	3
324719	463	395	613	13	3
324718	463	394	613	14	3
325419	464	393	613	15	3
325418	464	392	613	16	3
326119	465	391	613	17	3
326118	465	390	613	18	3
326819	466	389	613	19	3
326818	466	388	613	20	3
326817	466	387	613	21	3
326816	466	386	613	22	3
327517	467	385	613	23	3
319876	456	466	614	1	6
320579	457	467	614	2	6
320580	457	468	614	3	6
321283	458	469	614	4	6
321986	459	470	614	5	6
322689	460	471	614	6	6
323391	461	471	614	7	6
324094	462	472	614	8	6
324797	463	473	614	9	6
325499	464	473	614	10	6
326201	465	473	614	11	6
326903	466	473	614	12	6
321315	458	501	615	1	6
320612	457	500	615	2	6
319909	456	499	615	3	6
321192	458	378	616	1	3
320489	457	377	616	2	3
320493	457	381	617	1	3
321194	458	380	617	2	3
321193	458	379	617	3	3
321131	458	317	618	1	5
321832	459	316	618	2	5
322533	460	315	618	3	5
322532	460	314	618	4	5
323234	461	314	618	5	5
323936	462	314	618	6	5
328218	468	384	619	1	3
327515	467	383	619	2	3
327514	467	382	619	3	3
326811	466	381	619	4	3
326108	465	380	619	5	3
325406	464	380	619	6	3
324704	463	380	619	7	3
324001	462	379	619	8	3
323298	461	378	619	9	3
322596	460	378	619	10	3
321894	459	378	619	11	3
322554	460	336	620	1	5
323255	461	335	620	2	5
323957	462	335	620	3	5
324658	463	334	620	4	5
325360	464	334	620	5	5
326062	465	334	620	6	5
326764	466	334	620	7	5
327465	467	333	620	8	5
328167	468	333	620	9	5
328868	469	332	620	10	5
329570	470	332	620	11	5
330271	471	331	620	12	5
330270	471	330	620	13	5
329567	470	329	620	14	5
329566	470	328	620	15	5
329565	470	327	620	16	5
329564	470	326	620	17	5
328861	469	325	620	18	5
328158	468	324	620	19	5
327456	467	324	620	20	5
326753	466	323	620	21	5
323950	462	328	621	1	5
324651	463	327	621	2	5
325352	464	326	621	3	5
326053	465	325	621	4	5
326052	465	324	621	5	5
326051	465	323	621	6	5
324638	463	314	622	1	5
325339	464	313	622	2	5
325338	464	312	622	3	5
326039	465	311	622	4	5
325336	464	310	622	5	5
324633	463	309	622	6	5
323930	462	308	622	7	5
323929	462	307	622	8	5
323226	461	306	622	9	5
322524	460	306	622	10	5
321822	459	306	622	11	5
321120	458	306	622	12	5
320418	457	306	622	13	5
320417	457	305	622	14	5
319714	456	304	622	15	5
319011	455	303	622	16	5
318309	454	303	622	17	5
317606	453	302	622	18	5
316904	452	302	622	19	5
316202	451	302	622	20	5
315499	450	301	622	21	5
314796	449	300	622	22	5
314094	448	300	622	23	5
313392	447	300	622	24	5
312690	446	300	622	25	5
311987	445	299	622	26	5
311285	444	299	622	27	5
310582	443	298	622	28	5
309879	442	297	622	29	5
309176	441	296	622	30	5
308473	440	295	622	31	5
307770	439	294	622	32	5
307769	439	293	622	33	5
307066	438	292	622	34	5
306364	437	292	622	35	5
326050	465	322	623	1	5
325347	464	321	623	2	5
325346	464	320	623	3	5
325345	464	319	623	4	5
324642	463	318	623	5	5
324641	463	317	623	6	5
324640	463	316	623	7	5
324639	463	315	623	8	5
324744	463	420	624	1	3
325447	464	421	624	2	3
326150	465	422	624	3	3
326853	466	423	624	4	3
327556	467	424	624	5	3
328259	468	425	624	6	3
328260	468	426	624	7	3
328963	469	427	624	8	3
329665	470	427	624	9	3
330366	471	426	624	10	3
328311	468	477	625	1	6
328312	468	478	625	2	6
327611	467	479	625	3	6
327612	467	480	625	4	6
327613	467	481	625	5	6
326912	466	482	625	6	6
326913	466	483	625	7	6
327616	467	484	625	8	6
326915	466	485	625	9	6
326916	466	486	625	10	6
326917	466	487	625	11	6
326918	466	488	625	12	6
326919	466	489	625	13	6
326218	465	490	625	14	6
326219	465	491	625	15	6
325518	464	492	625	16	6
325519	464	493	625	17	6
326882	466	452	626	1	6
327585	467	453	626	2	6
327586	467	454	626	3	6
327587	467	455	626	4	6
327588	467	456	626	5	6
327589	467	457	626	6	6
326888	466	458	626	7	6
326889	466	459	626	8	6
326188	465	460	626	9	6
326189	465	461	626	10	6
326190	465	462	626	11	6
326893	466	463	626	12	6
326894	466	464	626	13	6
329735	470	497	627	1	6
329032	469	496	627	2	6
328330	468	496	627	3	6
327627	467	495	627	4	6
326925	466	495	627	5	6
326222	465	494	627	6	6
326956	466	526	628	1	6
326253	465	525	628	2	6
326252	465	524	628	3	6
326953	466	523	628	4	6
326952	466	522	628	5	6
326951	466	521	628	6	6
327652	467	520	628	7	6
327651	467	519	628	8	6
327650	467	518	628	9	6
327649	467	517	628	10	6
327648	467	516	628	11	6
327647	467	515	628	12	6
326944	466	514	628	13	6
326241	465	513	628	14	6
325538	464	512	628	15	6
325537	464	511	628	16	6
325536	464	510	628	17	6
324833	463	509	628	18	6
324130	462	508	628	19	6
323427	461	507	628	20	6
322724	460	506	628	21	6
322723	460	505	628	22	6
322020	459	504	628	23	6
321317	458	503	628	24	6
321316	458	502	628	25	6
327562	467	430	629	1	3
328264	468	430	629	2	3
328967	469	431	629	3	3
329670	470	432	629	4	3
329671	470	433	629	5	3
330374	471	434	629	6	3
327597	467	465	630	1	6
327598	467	466	630	2	6
327599	467	467	630	3	6
327600	467	468	630	4	6
327601	467	469	630	5	6
327602	467	470	630	6	6
327603	467	471	630	7	6
327604	467	472	630	8	6
327605	467	473	631	1	6
328308	468	474	631	2	6
328309	468	475	631	3	6
328310	468	476	631	4	6
331099	472	457	632	1	6
331100	472	458	632	2	6
331101	472	459	632	3	6
331102	472	460	632	4	6
330401	471	461	632	5	6
329700	470	462	632	6	6
328999	469	463	632	7	6
328298	468	464	632	8	6
330323	471	383	633	1	3
329621	470	383	633	2	3
328919	469	383	633	3	3
336733	480	475	634	1	6
336031	479	475	634	2	6
335329	478	475	634	3	6
334627	477	475	634	4	6
333925	476	475	634	5	6
333222	475	474	634	6	6
332520	474	474	634	7	6
331818	473	474	634	8	6
331116	472	474	634	9	6
330414	471	474	634	10	6
329713	470	475	634	11	6
329012	469	476	634	12	6
329036	469	500	635	1	6
329737	470	499	635	2	6
329736	470	498	635	3	6
329525	470	287	636	1	5
330227	471	287	636	2	5
330226	471	286	636	3	5
330225	471	285	636	4	5
329522	470	284	636	5	5
328820	469	284	636	6	5
328117	468	283	636	7	5
327414	467	282	636	8	5
326711	466	281	636	9	5
326710	466	280	636	10	5
326007	465	279	636	11	5
325304	464	278	636	12	5
324602	463	278	636	13	5
323899	462	277	636	14	5
323197	461	277	636	15	5
322494	460	276	636	16	5
321792	459	276	636	17	5
321090	458	276	636	18	5
320388	457	276	636	19	5
319686	456	276	636	20	5
318984	455	276	636	21	5
318281	454	275	636	22	5
317578	453	274	636	23	5
316877	452	275	636	24	5
333248	475	500	637	1	6
332545	474	499	637	2	6
331843	473	499	637	3	6
331141	472	499	637	4	6
330438	471	498	637	5	6
335931	479	375	638	1	3
335230	478	376	638	2	3
334529	477	377	638	3	3
333828	476	378	638	4	3
333127	475	379	638	5	3
333128	475	380	638	6	3
332427	474	381	638	7	3
331726	473	382	638	8	3
331025	472	383	638	9	3
334538	477	386	639	1	3
333836	476	386	639	2	3
333133	475	385	639	3	3
332431	474	385	639	4	3
331728	473	384	639	5	3
331026	472	384	639	6	3
331762	473	418	640	1	3
331061	472	419	640	2	3
331062	472	420	640	3	3
331063	472	421	640	4	3
331064	472	422	640	5	3
331065	472	423	640	6	3
331066	472	424	640	7	3
331067	472	425	640	8	3
331068	472	426	640	9	3
331069	472	427	641	1	3
331772	473	428	641	2	3
332474	474	428	641	3	3
333177	475	429	641	4	3
333880	476	430	641	5	3
334582	477	430	641	6	3
335284	478	430	641	7	3
335987	479	431	641	8	3
336689	480	431	641	9	3
337392	481	432	641	10	3
337393	481	433	641	11	3
331077	472	435	642	1	3
331780	473	436	642	2	3
332482	474	436	642	3	3
333184	475	436	642	4	3
333885	476	435	642	5	3
334587	477	435	642	6	3
335288	478	434	642	7	3
335990	479	434	642	8	3
336692	480	434	642	9	3
337394	481	434	642	10	3
333261	475	513	643	1	6
333962	476	512	643	2	6
333961	476	511	643	3	6
334662	477	510	643	4	6
335363	478	509	643	5	6
336065	479	509	643	6	6
336767	480	509	643	7	6
340952	486	482	644	1	6
340251	485	483	644	2	6
339549	484	483	644	3	6
338848	483	484	644	4	6
338849	483	485	644	5	6
338148	482	486	644	6	6
337447	481	487	644	7	6
337448	481	488	644	8	6
336747	480	489	644	9	6
336748	480	490	644	10	6
336749	480	491	644	11	6
336048	479	492	644	12	6
336049	479	493	644	13	6
336050	479	494	644	14	6
336051	479	495	644	15	6
335350	478	496	644	16	6
334649	477	497	644	17	6
333948	476	498	644	18	6
333949	476	499	644	19	6
337465	481	505	645	1	6
336762	480	504	645	2	6
336761	480	503	645	3	6
336760	480	502	645	4	6
336057	479	501	645	5	6
335355	478	501	645	6	6
334652	477	500	645	7	6
333950	476	500	645	8	6
333977	476	527	646	1	6
333976	476	526	646	2	6
334677	477	525	646	3	6
335378	478	524	646	4	6
335377	478	523	646	5	6
335376	478	522	646	6	6
335375	478	521	646	7	6
335374	478	520	646	8	6
335373	478	519	646	9	6
335372	478	518	646	10	6
336073	479	517	646	11	6
336774	480	516	646	12	6
336773	480	515	646	13	6
336772	480	514	646	14	6
337473	481	513	646	15	6
337472	481	512	646	16	6
337471	481	511	646	17	6
337470	481	510	646	18	6
335247	478	393	647	1	3
335246	478	392	647	2	3
334543	477	391	647	3	3
334542	477	390	647	4	3
334541	477	389	647	5	3
334540	477	388	647	6	3
334539	477	387	647	7	3
337345	481	385	648	1	3
336643	480	385	648	2	3
335941	479	385	648	3	3
335240	478	386	648	4	3
337469	481	509	649	1	6
337468	481	508	649	2	6
337467	481	507	649	3	6
337466	481	506	649	4	6
342251	488	377	650	1	3
341550	487	378	650	2	3
340848	486	378	650	3	3
340147	485	379	650	4	3
339446	484	380	650	5	3
339447	484	381	650	6	3
339448	484	382	650	7	3
338747	483	383	650	8	3
338046	482	384	650	9	3
338047	482	385	650	10	3
346477	494	391	651	1	3
345775	493	391	651	2	3
345072	492	390	651	3	3
344369	491	389	651	4	3
343667	490	389	651	5	3
342965	489	389	651	6	3
342262	488	388	651	7	3
341560	487	388	651	8	3
340857	486	387	651	9	3
340155	485	387	651	10	3
339452	484	386	651	11	3
338750	483	386	651	12	3
338048	482	386	651	13	3
338096	482	434	652	1	3
338799	483	435	652	2	3
339502	484	436	652	3	3
343084	489	508	653	1	6
342381	488	507	653	2	6
341678	487	506	653	3	6
340976	486	506	653	4	6
340273	485	505	653	5	6
339571	484	505	653	6	6
338869	483	505	653	7	6
338168	482	506	653	8	6
338883	483	519	654	1	6
338882	483	518	654	2	6
338881	483	517	654	3	6
339582	484	516	654	4	6
339581	484	515	654	5	6
340282	485	514	654	6	6
340983	486	513	654	7	6
341685	487	513	654	8	6
342387	488	513	654	9	6
343088	489	512	654	10	6
342385	488	511	654	11	6
342384	488	510	654	12	6
343085	489	509	654	13	6
339495	484	429	655	1	3
339496	484	430	655	2	3
339497	484	431	655	3	3
340200	485	432	655	4	3
340201	485	433	655	5	3
340202	485	434	655	6	3
340173	485	405	656	1	3
340874	486	404	656	2	3
341576	487	404	656	3	3
342277	488	403	656	4	3
342276	488	402	656	5	3
342275	488	401	656	6	3
342976	489	400	656	7	3
342975	489	399	656	8	3
343676	490	398	656	9	3
343675	490	397	656	10	3
344376	491	396	656	11	3
345077	492	395	656	12	3
345778	493	394	656	13	3
346479	494	393	656	14	3
346478	494	392	656	15	3
340204	485	436	657	1	3
340205	485	437	657	2	3
340206	485	438	657	3	3
340207	485	439	657	4	3
340910	486	440	657	5	3
341613	487	441	657	6	3
342316	488	442	657	7	3
343018	489	442	657	8	3
343721	490	443	657	9	3
344423	491	443	657	10	3
345126	492	444	657	11	3
345828	493	444	657	12	3
346531	494	445	657	13	3
347233	495	445	657	14	3
347935	496	445	657	15	3
348638	497	446	657	16	3
349340	498	446	657	17	3
350043	499	447	657	18	3
350745	500	447	657	19	3
351448	501	448	657	20	3
352151	502	449	657	21	3
352853	503	449	657	22	3
353555	504	449	657	23	3
354258	505	450	657	24	3
354961	506	451	657	25	3
355662	507	450	657	26	3
356364	508	450	657	27	3
357066	509	450	657	28	3
357769	510	451	657	29	3
358471	511	451	657	30	3
359173	512	451	657	31	3
359876	513	452	657	32	3
360578	514	452	657	33	3
361280	515	452	657	34	3
361982	516	452	657	35	3
362684	517	452	657	36	3
363387	518	453	657	37	3
364090	519	454	657	38	3
364793	520	455	657	39	3
365495	521	455	657	40	3
366198	522	456	657	41	3
366199	522	457	657	42	3
366200	522	458	657	43	3
366201	522	459	657	44	3
366202	522	460	657	45	3
366203	522	461	657	46	3
340905	486	435	658	1	3
340896	486	426	659	1	3
340897	486	427	659	2	3
341600	487	428	659	3	3
341601	487	429	659	4	3
341602	487	430	659	5	3
342305	488	431	659	6	3
342306	488	432	659	7	3
343009	489	433	659	8	3
342308	488	434	659	9	3
342309	488	435	659	10	3
341607	487	435	659	11	3
341627	487	455	660	1	3
342330	488	456	660	2	3
343032	489	456	660	3	3
343735	490	457	660	4	3
344437	491	457	660	5	3
345140	492	458	660	6	3
345842	493	458	660	7	3
346544	494	458	660	8	3
347246	495	458	660	9	3
347949	496	459	660	10	3
342335	488	461	661	1	3
343036	489	460	661	2	3
343738	490	460	661	3	3
344441	491	461	661	4	3
345143	492	461	661	5	3
345844	493	460	661	6	3
346546	494	460	661	7	3
347248	495	460	661	8	3
347950	496	460	661	9	3
342933	489	357	662	1	3
343634	490	356	662	2	3
344336	491	356	662	3	3
345038	492	356	662	4	3
345740	493	356	662	5	3
346442	494	356	662	6	3
347145	495	357	662	7	3
347848	496	358	662	8	3
347849	496	359	662	9	3
348552	497	360	662	10	3
349254	498	360	662	11	3
349955	499	359	662	12	3
349954	499	358	662	13	3
349953	499	357	662	14	3
350654	500	356	662	15	3
351356	501	356	662	16	3
352057	502	355	662	17	3
352759	503	355	662	18	3
353462	504	356	662	19	3
354165	505	357	662	20	3
354868	506	358	662	21	3
354869	506	359	662	22	3
354870	506	360	662	23	3
354169	505	361	662	24	3
354170	505	362	662	25	3
354873	506	363	662	26	3
354874	506	364	662	27	3
354875	506	365	662	28	3
354876	506	366	662	29	3
354877	506	367	662	30	3
354878	506	368	662	31	3
355581	507	369	662	32	3
355582	507	370	662	33	3
343786	490	508	663	1	6
347294	495	506	664	1	6
346592	494	506	664	2	6
345890	493	506	664	3	6
345188	492	506	664	4	6
344487	491	507	664	5	6
347301	495	513	665	1	6
346598	494	512	665	2	6
346597	494	511	665	3	6
345894	493	510	665	4	6
345192	492	510	665	5	6
344489	491	509	665	6	6
344515	491	535	666	1	6
344514	491	534	666	2	6
345215	492	533	666	3	6
345917	493	533	666	4	6
346619	494	533	666	5	6
345751	493	367	667	1	3
346454	494	368	667	2	3
347156	495	368	667	3	3
347858	496	368	667	4	3
348560	497	368	667	5	3
349262	498	368	667	6	3
349965	499	369	667	7	3
350668	500	370	667	8	3
351371	501	371	667	9	3
352073	502	371	667	10	3
352775	503	371	667	11	3
353477	504	371	667	12	3
354179	505	371	667	13	3
354881	506	371	667	14	3
347321	495	533	668	1	6
347320	495	532	668	2	6
347319	495	531	668	3	6
347318	495	530	668	4	6
347317	495	529	668	5	6
347316	495	528	668	6	6
347315	495	527	668	7	6
346612	494	526	668	8	6
345909	493	525	668	9	6
345908	493	524	668	10	6
345907	493	523	668	11	6
346608	494	522	668	12	6
346607	494	521	668	13	6
347308	495	520	668	14	6
347307	495	519	668	15	6
347306	495	518	668	16	6
348007	496	517	668	17	6
346486	494	400	669	1	3
347187	495	399	669	2	3
347888	496	398	669	3	3
347887	496	397	669	4	3
347886	496	396	669	5	3
348587	497	395	669	6	3
348586	497	394	670	1	3
347883	496	393	670	2	3
347180	495	392	670	3	3
347955	496	465	671	1	3
347954	496	464	671	2	3
348655	497	463	671	3	3
349356	498	462	671	4	3
351510	501	510	672	1	6
350809	500	511	672	2	6
350108	499	512	672	3	6
349406	498	512	672	4	6
348705	497	513	672	5	6
348003	496	513	672	6	6
348708	497	516	673	1	6
348005	496	515	673	2	6
348004	496	514	673	3	6
348623	497	431	674	1	3
349326	498	432	674	2	3
350028	499	432	674	3	3
350731	500	433	674	4	3
351433	501	433	674	5	3
352136	502	434	674	6	3
352838	503	434	674	7	3
353540	504	434	674	8	3
354242	505	434	674	9	3
354945	506	435	674	10	3
355648	507	436	674	11	3
356350	508	436	674	12	3
357053	509	437	674	13	3
357756	510	438	674	14	3
358458	511	438	674	15	3
359161	512	439	674	16	3
359864	513	440	674	17	3
360566	514	440	674	18	3
361269	515	441	674	19	3
361971	516	441	674	20	3
362674	517	442	674	21	3
363377	518	443	674	22	3
364079	519	443	674	23	3
364781	520	443	674	24	3
365484	521	444	674	25	3
348652	497	460	675	1	3
349355	498	461	675	2	3
350695	500	397	676	1	3
349992	499	396	676	2	3
349289	498	395	676	3	3
350005	499	409	677	1	3
350004	499	408	677	2	3
350003	499	407	677	3	3
349300	498	406	677	4	3
349299	498	405	677	5	3
349298	498	404	677	6	3
349999	499	403	677	7	3
349998	499	402	677	8	3
349997	499	401	677	9	3
349996	499	400	677	10	3
350697	500	399	677	11	3
350696	500	398	677	12	3
361351	515	523	678	1	6
360649	514	523	678	2	6
359947	513	523	678	3	6
359244	512	522	678	4	6
358542	511	522	678	5	6
357840	510	522	678	6	6
357137	509	521	678	7	6
356435	508	521	678	8	6
355733	507	521	678	9	6
355031	506	521	678	10	6
354329	505	521	678	11	6
353626	504	520	678	12	6
352923	503	519	678	13	6
352221	502	519	678	14	6
351519	501	519	678	15	6
350816	500	518	678	16	6
350113	499	517	678	17	6
349411	498	517	678	18	6
350058	499	462	679	1	3
350761	500	463	679	2	3
351464	501	464	679	3	3
352166	502	464	679	4	3
352868	503	464	679	5	3
353571	504	465	679	6	3
354273	505	465	679	7	3
354976	506	466	679	8	3
355679	507	467	679	9	3
356381	508	467	679	10	3
357083	509	467	679	11	3
357784	510	466	679	12	3
350844	500	546	680	1	6
351546	501	546	680	2	6
352247	502	545	680	3	6
352246	502	544	680	4	6
352245	502	543	680	5	6
351542	501	542	680	6	6
350839	500	541	680	7	6
350136	499	540	680	8	6
350837	500	539	680	9	6
350836	500	538	680	10	6
350133	499	537	680	11	6
349430	498	536	680	12	6
348727	497	535	680	13	6
348024	496	534	680	14	6
351397	501	397	681	1	3
356304	508	390	682	1	3
355603	507	391	682	2	3
354902	506	392	682	3	3
354903	506	393	682	4	3
354202	505	394	682	5	3
353500	504	394	682	6	3
352799	503	395	682	7	3
352098	502	396	682	8	3
353508	504	402	683	1	3
353507	504	401	683	2	3
352804	503	400	683	3	3
352803	503	399	683	4	3
352100	502	398	683	5	3
352099	502	397	683	6	3
353599	504	493	684	1	3
353598	504	492	684	2	3
353597	504	491	684	3	3
354298	505	490	684	4	3
354297	505	489	684	5	3
354998	506	488	684	6	3
354997	506	487	684	7	3
354996	506	486	685	1	3
354995	506	485	685	2	3
354994	506	484	685	3	3
354993	506	483	685	4	3
354290	505	482	685	5	3
354289	505	481	685	6	3
354288	505	480	685	7	3
354989	506	479	685	8	3
354988	506	478	685	9	3
354987	506	477	685	10	3
355688	507	476	685	11	3
355687	507	475	685	12	3
355686	507	474	685	13	3
355685	507	473	685	14	3
355684	507	472	685	15	3
355583	507	371	686	1	3
356286	508	372	686	2	3
356287	508	373	686	3	3
356288	508	374	686	4	3
355587	507	375	686	5	3
355588	507	376	686	6	3
356291	508	377	686	7	3
356292	508	378	686	8	3
356293	508	379	686	9	3
356294	508	380	686	10	3
356997	509	381	686	11	3
356998	509	382	686	12	3
356999	509	383	686	13	3
357000	509	384	686	14	3
357001	509	385	686	15	3
357002	509	386	686	16	3
357003	509	387	686	17	3
357004	509	388	686	18	3
357005	509	389	686	19	3
357006	509	390	686	20	3
360617	514	491	687	1	3
360616	514	490	687	2	3
359913	513	489	687	3	3
359210	512	488	687	4	3
358509	511	489	687	5	3
357807	510	489	687	6	3
357104	509	488	687	7	3
356401	508	487	687	8	3
355699	507	487	687	9	3
356385	508	471	688	1	3
356384	508	470	688	2	3
356383	508	469	688	3	3
357084	509	468	688	4	3
357785	510	467	688	5	3
360603	514	477	689	1	3
359900	513	476	689	2	3
359198	512	476	689	3	3
358495	511	475	689	4	3
357792	510	474	689	5	3
357089	509	473	689	6	3
356386	508	472	689	7	3
369649	527	397	690	1	3
368947	526	397	690	2	3
368245	525	397	690	3	3
367543	524	397	690	4	3
366840	523	396	690	5	3
366137	522	395	690	6	3
365434	521	394	690	7	3
364733	520	395	690	8	3
364031	519	395	690	9	3
363329	518	395	690	10	3
362626	517	394	690	11	3
361923	516	393	690	12	3
361221	515	393	690	13	3
360518	514	392	690	14	3
359816	513	392	690	15	3
359113	512	391	690	16	3
358411	511	391	690	17	3
357709	510	391	690	18	3
357007	509	391	690	19	3
358486	511	466	691	1	3
359188	512	466	691	2	3
359889	513	465	691	3	3
360591	514	465	691	4	3
361293	515	465	691	5	3
361292	515	464	691	6	3
361993	516	463	691	7	3
362694	517	462	691	8	3
363396	518	462	691	9	3
364098	519	462	691	10	3
364800	520	462	691	11	3
365502	521	462	691	12	3
359858	513	434	692	1	3
360560	514	434	692	2	3
361262	515	434	692	3	3
361965	516	435	692	4	3
362667	517	435	692	5	3
363370	518	436	692	6	3
364073	519	437	692	7	3
364776	520	438	692	8	3
365479	521	439	692	9	3
366182	522	440	692	10	3
366183	522	441	692	11	3
366184	522	442	692	12	3
366185	522	443	692	13	3
362743	517	511	693	1	6
362744	517	512	693	2	6
363447	518	513	693	3	6
363448	518	514	693	4	6
363449	518	515	693	5	6
363450	518	516	693	6	6
363451	518	517	693	7	6
363452	518	518	693	8	6
362751	517	519	693	9	6
362752	517	520	693	10	6
362753	517	521	693	11	6
362052	516	522	693	12	6
369077	526	527	694	1	6
368375	525	527	694	2	6
367673	524	527	694	3	6
366971	523	527	694	4	6
366269	522	527	694	5	6
365566	521	526	694	6	6
364864	520	526	694	7	6
364161	519	525	694	8	6
363459	518	525	694	9	6
362756	517	524	694	10	6
362053	516	523	694	11	6
365454	521	414	695	1	3
366156	522	414	695	2	3
366858	523	414	695	3	3
367561	524	415	695	4	3
368263	525	415	695	5	3
368965	526	415	695	6	3
366186	522	444	696	1	3
366889	523	445	696	2	3
367592	524	446	696	3	3
368294	525	446	696	4	3
368996	526	446	696	5	3
369699	527	447	696	6	3
370401	528	447	696	7	3
371104	529	448	696	8	3
371806	530	448	696	9	3
372509	531	449	696	10	3
373211	532	449	696	11	3
373913	533	449	696	12	3
374615	534	449	696	13	3
375317	535	449	696	14	3
376019	536	449	696	15	3
376721	537	449	696	16	3
377424	538	450	696	17	3
378126	539	450	696	18	3
366204	522	462	697	1	3
366907	523	463	697	2	3
367610	524	464	697	3	3
368312	525	464	697	4	3
369015	526	465	697	5	3
369716	527	464	697	6	3
370419	528	465	697	7	3
371121	529	465	697	8	3
371824	530	466	697	9	3
372526	531	466	697	10	3
373229	532	467	697	11	3
366862	523	418	698	1	3
367564	524	418	698	2	3
368265	525	417	698	3	3
368966	526	416	698	4	3
373152	532	390	699	1	3
372450	531	390	699	2	3
371748	530	390	699	3	3
371046	529	390	699	4	3
370344	528	390	699	5	3
369642	527	390	699	6	3
368941	526	391	699	7	3
368942	526	392	699	8	3
368943	526	393	699	9	3
368944	526	394	699	10	3
369647	527	395	699	11	3
369648	527	396	699	12	3
369667	527	415	700	1	3
370369	528	415	700	2	3
371070	529	414	700	3	3
371130	529	474	701	1	3
371831	530	473	701	2	3
371830	530	472	701	3	3
372531	531	471	701	4	3
372530	531	470	701	5	3
373231	532	469	701	6	3
371772	530	414	702	1	3
371771	530	413	702	2	3
372472	531	412	702	3	3
371769	530	411	702	4	3
371768	530	410	702	5	3
372469	531	409	702	6	3
373170	532	408	702	7	3
373169	532	407	702	8	3
373168	532	406	702	9	3
373167	532	405	702	10	3
372464	531	404	702	11	3
372463	531	403	702	12	3
371760	530	402	702	13	3
371759	530	401	702	14	3
371056	529	400	702	15	3
371055	529	399	702	16	3
370352	528	398	702	17	3
371778	530	420	703	1	3
371777	530	419	703	2	3
372478	531	418	703	3	3
372477	531	417	703	4	3
373178	532	416	703	5	3
373177	532	415	704	1	3
372475	531	415	704	2	3
377389	538	415	705	1	3
376687	537	415	705	2	3
375985	536	415	705	3	3
375283	535	415	705	4	3
374582	534	416	705	5	3
373880	533	416	705	6	3
373932	533	468	706	1	3
374634	534	468	706	2	3
375337	535	469	706	3	3
376039	536	469	706	4	3
376741	537	469	706	5	3
377443	538	469	706	6	3
378146	539	470	706	7	3
378849	540	471	706	8	3
379552	541	472	706	9	3
380255	542	473	706	10	3
373954	533	490	707	1	3
374656	534	490	707	2	3
375357	535	489	707	3	3
376059	536	489	707	4	3
376760	537	488	707	5	3
377461	538	487	707	6	3
377460	538	486	707	7	3
378161	539	485	707	8	3
378862	540	484	707	9	3
378861	540	483	707	10	3
379562	541	482	707	11	3
380263	542	481	707	12	3
380965	543	481	707	13	3
381667	544	481	707	14	3
382368	545	480	707	15	3
382367	545	479	707	16	3
383068	546	478	707	17	3
373966	533	502	708	1	3
374668	534	502	708	2	3
375369	535	501	708	3	3
376071	536	501	708	4	3
376773	537	501	708	5	3
377475	538	501	708	6	3
378177	539	501	708	7	3
378880	540	502	708	8	3
379583	541	503	708	9	3
380286	542	504	708	10	3
380987	543	503	708	11	3
381688	544	502	708	12	3
382390	545	502	708	13	3
383091	546	501	708	14	3
383793	547	501	708	15	3
384494	548	500	708	16	3
385196	549	500	708	17	3
385897	550	499	708	18	3
386599	551	499	708	19	3
387302	552	500	708	20	3
388005	553	501	708	21	3
388708	554	502	708	22	3
375310	535	442	709	1	3
376013	536	443	709	2	3
376014	536	444	709	3	3
376717	537	445	709	4	3
376718	537	446	709	5	3
377421	538	447	709	6	3
378124	539	448	709	7	3
375348	535	480	710	1	3
376049	536	479	710	2	3
376751	537	479	710	3	3
377452	538	478	710	4	3
378153	539	477	710	5	3
378854	540	476	710	6	3
379555	541	475	710	7	3
380256	542	474	710	8	3
395671	564	445	711	1	3
395670	564	444	711	2	3
394967	563	443	711	3	3
394264	562	442	711	4	3
394263	562	441	711	5	3
393560	561	440	711	6	3
393559	561	439	711	7	3
392856	560	438	711	8	3
392155	559	439	711	9	3
391453	558	439	711	10	3
390750	557	438	711	11	3
390048	556	438	711	12	3
389346	555	438	711	13	3
388643	554	437	711	14	3
387941	553	437	711	15	3
387238	552	436	711	16	3
386536	551	436	711	17	3
385833	550	435	711	18	3
385130	549	434	711	19	3
384427	548	433	711	20	3
383724	547	432	711	21	3
383723	547	431	711	22	3
383722	547	430	711	23	3
383721	547	429	711	24	3
383018	546	428	711	25	3
383017	546	427	711	26	3
383016	546	426	711	27	3
382313	545	425	711	28	3
381610	544	424	711	29	3
380907	543	423	711	30	3
380906	543	422	711	31	3
380905	543	421	711	32	3
380904	543	420	711	33	3
380201	542	419	711	34	3
380200	542	418	711	35	3
379497	541	417	711	36	3
378796	540	418	711	37	3
378095	539	419	711	38	3
377392	538	418	711	39	3
377391	538	417	711	40	3
378092	539	416	711	41	3
430058	613	434	712	1	3
429356	612	434	712	2	3
428654	611	434	712	3	3
427951	610	433	712	4	3
427248	609	432	712	5	3
426546	608	432	712	6	3
425843	607	431	712	7	3
425141	606	431	712	8	3
424439	605	431	712	9	3
423738	604	432	712	10	3
423036	603	432	712	11	3
422335	602	433	712	12	3
421633	601	433	712	13	3
420930	600	432	712	14	3
420227	599	431	712	15	3
420226	599	430	712	16	3
419523	598	429	712	17	3
418820	597	428	712	18	3
418819	597	427	712	19	3
418117	596	427	712	20	3
417415	595	427	712	21	3
416712	594	426	712	22	3
416711	594	425	712	23	3
416008	593	424	712	24	3
415305	592	423	712	25	3
414603	591	423	712	26	3
413901	590	423	712	27	3
413199	589	423	712	28	3
412497	588	423	712	29	3
411794	587	422	712	30	3
411091	586	421	712	31	3
410389	585	421	712	32	3
409688	584	422	712	33	3
408987	583	423	712	34	3
408988	583	424	712	35	3
408286	582	424	712	36	3
407584	581	424	712	37	3
406883	580	425	712	38	3
406884	580	426	712	39	3
406183	579	427	712	40	3
405480	578	426	712	41	3
404777	577	425	712	42	3
404075	576	425	712	43	3
403373	575	425	712	44	3
402671	574	425	712	45	3
401969	573	425	712	46	3
401267	572	425	712	47	3
400565	571	425	712	48	3
399864	570	426	712	49	3
399163	569	427	712	50	3
398462	568	428	712	51	3
397760	567	428	712	52	3
397059	566	429	712	53	3
396357	565	429	712	54	3
396356	565	428	712	55	3
396355	565	427	712	56	3
396354	565	426	712	57	3
395651	564	425	712	58	3
394949	563	425	712	59	3
394247	562	425	712	60	3
393546	561	426	712	61	3
392844	560	426	712	62	3
392141	559	425	712	63	3
391439	558	425	712	64	3
390736	557	424	712	65	3
390033	556	423	712	66	3
389331	555	423	712	67	3
388628	554	422	712	68	3
387926	553	422	712	69	3
387223	552	421	712	70	3
386520	551	420	712	71	3
386519	551	419	712	72	3
385816	550	418	712	73	3
385113	549	417	712	74	3
384411	548	417	712	75	3
384410	548	416	712	76	3
384409	548	415	712	77	3
383707	547	415	712	78	3
383005	546	415	712	79	3
382304	545	416	712	80	3
381601	544	415	712	81	3
380899	543	415	712	82	3
380197	542	415	712	83	3
379494	541	414	712	84	3
378793	540	415	712	85	3
378091	539	415	712	86	3
378827	540	449	713	1	3
379529	541	449	713	2	3
380231	542	449	713	3	3
380933	543	449	713	4	3
381635	544	449	713	5	3
382337	545	449	713	6	3
383039	546	449	713	7	3
383740	547	448	713	8	3
384442	548	448	713	9	3
385144	549	448	713	10	3
380306	542	524	714	1	3
381008	543	524	714	2	3
381709	544	523	714	3	3
382411	545	523	714	4	3
383113	546	523	714	5	3
383816	547	524	714	6	3
384518	548	524	714	7	3
385221	549	525	714	8	3
385924	550	526	714	9	3
386626	551	526	714	10	3
387327	552	525	714	11	3
388029	553	525	714	12	3
388730	554	524	714	13	3
389431	555	523	714	14	3
390132	556	522	714	15	3
380958	543	474	715	1	3
381661	544	475	715	2	3
382364	545	476	715	3	3
381699	544	513	716	1	3
382401	545	513	716	2	3
383103	546	513	716	3	3
383805	547	513	716	4	3
384507	548	513	716	5	3
385209	549	513	716	6	3
385911	550	513	716	7	3
386613	551	513	716	8	3
387315	552	513	716	9	3
388016	553	512	716	10	3
388718	554	512	716	11	3
381719	544	533	717	1	3
382421	545	533	717	2	3
383123	546	533	717	3	3
383826	547	534	717	4	3
384528	548	534	717	5	3
385230	549	534	717	6	3
385932	550	534	717	7	3
386634	551	534	717	8	3
383067	546	477	718	1	3
383770	547	478	718	2	3
384472	548	478	718	3	3
385175	549	479	718	4	3
385877	550	479	718	5	3
386579	551	479	718	6	3
387282	552	480	718	7	3
387985	553	481	718	8	3
388687	554	481	718	9	3
389390	555	482	718	10	3
389391	555	483	718	11	3
389392	555	484	718	12	3
390095	556	485	718	13	3
390096	556	486	718	14	3
390097	556	487	718	15	3
390098	556	488	718	16	3
390801	557	489	718	17	3
385233	549	537	719	1	3
385934	550	536	719	2	3
386635	551	535	719	3	3
385847	550	449	720	1	3
386549	551	449	720	2	3
387251	552	449	720	3	3
387953	553	449	720	4	3
388655	554	449	720	5	3
389357	555	449	720	6	3
390059	556	449	720	7	3
390761	557	449	720	8	3
391463	558	449	720	9	3
392165	559	449	720	10	3
392866	560	448	720	11	3
393568	561	448	720	12	3
394270	562	448	720	13	3
385853	550	455	721	1	3
385852	550	454	721	2	3
385851	550	453	721	3	3
385850	550	452	721	4	3
385849	550	451	721	5	3
385848	550	450	721	6	3
387336	552	534	722	1	3
388037	553	533	722	2	3
388739	554	533	722	3	3
389441	555	533	722	4	3
390143	556	533	722	5	3
390845	557	533	722	6	3
391547	558	533	722	7	3
389419	555	511	723	1	3
389418	555	510	723	2	3
389417	555	509	723	3	3
388714	554	508	723	4	3
388713	554	507	723	5	3
388712	554	506	723	6	3
389413	555	505	723	7	3
389410	555	502	724	1	3
390111	556	501	724	2	3
390812	557	500	724	3	3
390811	557	499	724	4	3
390810	557	498	724	5	3
390809	557	497	724	6	3
389412	555	504	725	1	3
389411	555	503	725	2	3
395733	564	507	726	1	3
395031	563	507	726	2	3
394329	562	507	726	3	3
393626	561	506	726	4	3
392923	560	505	726	5	3
392220	559	504	726	6	3
391518	558	504	726	7	3
390816	557	504	726	8	3
390114	556	504	726	9	3
390834	557	522	727	1	3
390833	557	521	727	2	3
390832	557	520	727	3	3
390129	556	519	727	4	3
390830	557	518	727	5	3
390127	556	517	727	6	3
390126	556	516	727	7	3
390125	556	515	727	8	3
389422	555	514	727	9	3
389421	555	513	727	10	3
389420	555	512	727	11	3
391510	558	496	728	1	3
391509	558	495	728	2	3
390806	557	494	728	3	3
391507	558	493	728	4	3
391506	558	492	728	5	3
391505	558	491	728	6	3
391504	558	490	729	1	3
392206	559	490	729	2	3
392907	560	489	729	3	3
393609	561	489	729	4	3
394310	562	488	729	5	3
395012	563	488	729	6	3
395713	564	487	729	7	3
396414	565	486	729	8	3
397115	566	485	729	9	3
397816	567	484	729	10	3
398518	568	484	729	11	3
399221	569	485	729	12	3
395022	563	498	730	1	3
394320	562	498	730	2	3
393618	561	498	730	3	3
392916	560	498	730	4	3
392214	559	498	730	5	3
391511	558	497	730	6	3
392944	560	526	731	1	3
392241	559	525	731	2	3
392240	559	524	731	3	3
392239	559	523	731	4	3
391536	558	522	731	5	3
392249	559	533	732	1	3
392248	559	532	732	2	3
392247	559	531	732	3	3
392246	559	530	732	4	3
392947	560	529	732	5	3
392946	560	528	732	6	3
392945	560	527	732	7	3
392872	560	454	733	1	3
392871	560	453	733	2	3
393572	561	452	733	3	3
394273	562	451	733	4	3
397169	566	539	734	1	3
396466	565	538	734	2	3
395763	564	537	734	3	3
395060	563	536	734	4	3
394357	562	535	734	5	3
393654	561	534	734	6	3
392952	560	534	734	7	3
392964	560	546	735	1	3
393666	561	546	735	2	3
394368	562	546	735	3	3
395070	563	546	735	4	3
395771	564	545	735	5	3
395770	564	544	735	6	3
396471	565	543	735	7	3
396470	565	542	735	8	3
397171	566	541	735	9	3
397170	566	540	735	10	3
407689	581	529	736	1	3
406987	580	529	736	2	3
406284	579	528	736	3	3
405581	578	527	736	4	3
404878	577	526	736	5	3
404175	576	525	736	6	3
403473	575	525	736	7	3
402771	574	525	736	8	3
402069	573	525	736	9	3
401367	572	525	736	10	3
400665	571	525	736	11	3
399963	570	525	736	12	3
399261	569	525	736	13	3
398559	568	525	736	14	3
397858	567	526	736	15	3
397156	566	526	736	16	3
396454	565	526	736	17	3
395751	564	525	736	18	3
395049	563	525	736	19	3
394348	562	526	736	20	3
393646	561	526	736	21	3
394283	562	461	737	1	3
394282	562	460	737	2	3
394983	563	459	737	3	3
394982	563	458	737	4	3
394981	563	457	737	5	3
395682	564	456	737	6	3
395681	564	455	737	7	3
395680	564	454	737	8	3
395679	564	453	737	9	3
395678	564	452	737	10	3
394975	563	451	737	11	3
394972	563	448	738	1	3
395673	564	447	738	2	3
395672	564	446	738	3	3
394974	563	450	739	1	3
394973	563	449	739	2	3
398481	568	447	740	1	3
397778	567	446	740	2	3
397076	566	446	740	3	3
396374	565	446	740	4	3
396477	565	549	741	1	3
397178	566	548	741	2	3
397880	567	548	741	3	3
398582	568	548	741	4	3
399283	569	547	741	5	3
399984	570	546	741	6	3
400683	571	543	742	1	3
399980	570	542	742	2	3
399278	569	542	742	3	3
398575	568	541	742	4	3
397872	567	540	742	5	3
413219	589	443	743	1	3
412517	588	443	743	2	3
411815	587	443	743	3	3
411113	586	443	743	4	3
410411	585	443	743	5	3
409709	584	443	743	6	3
409007	583	443	743	7	3
408304	582	442	743	8	3
407602	581	442	743	9	3
406900	580	442	743	10	3
406198	579	442	743	11	3
405496	578	442	743	12	3
404794	577	442	743	13	3
404092	576	442	743	14	3
403390	575	442	743	15	3
402688	574	442	743	16	3
401987	573	443	743	17	3
401285	572	443	743	18	3
400584	571	444	743	19	3
399883	570	445	743	20	3
399182	569	446	743	21	3
411132	586	462	744	1	3
410429	585	461	744	2	3
409727	584	461	744	3	3
409025	583	461	744	4	3
408322	582	460	744	5	3
408321	582	459	744	6	3
407618	581	458	744	7	3
407617	581	457	744	8	3
406914	580	456	744	9	3
406211	579	455	744	10	3
405508	578	454	744	11	3
404805	577	453	744	12	3
404804	577	452	744	13	3
404803	577	451	744	14	3
404802	577	450	744	15	3
404099	576	449	744	16	3
403398	575	450	744	17	3
402696	574	450	744	18	3
401994	573	450	744	19	3
401292	572	450	744	20	3
400590	571	450	744	21	3
399887	570	449	744	22	3
399184	569	448	744	23	3
399293	569	557	745	1	3
399995	570	557	745	2	3
400697	571	557	745	3	3
401398	572	556	745	4	3
402099	573	555	745	5	3
402800	574	554	745	6	3
399922	570	484	746	1	3
400623	571	483	746	2	3
401324	572	482	746	3	3
402026	573	482	746	4	3
402727	574	481	746	5	3
403428	575	480	746	6	3
404129	576	479	746	7	3
402799	574	553	747	1	3
402097	573	553	747	2	3
401394	572	552	747	3	3
400691	571	551	747	4	3
400690	571	550	747	5	3
399987	570	549	747	6	3
399986	570	548	747	7	3
399985	570	547	747	8	3
400686	571	546	747	9	3
410471	585	503	748	1	3
409768	584	502	748	2	3
409065	583	501	748	3	3
409064	583	500	748	4	3
408361	582	499	748	5	3
407658	581	498	748	6	3
406955	580	497	748	7	3
406252	579	496	748	8	3
405549	578	495	748	9	3
404846	577	494	748	10	3
404143	576	493	748	11	3
404142	576	492	748	12	3
403439	575	491	748	13	3
402736	574	490	748	14	3
402033	573	489	748	15	3
402032	573	488	748	16	3
401329	572	487	748	17	3
401328	572	486	748	18	3
400625	571	485	748	19	3
400685	571	545	749	1	3
400684	571	544	749	2	3
402788	574	542	750	1	3
402087	573	543	750	2	3
401385	572	543	750	3	3
407715	581	555	751	1	3
407013	580	555	751	2	3
406311	579	555	751	3	3
405609	578	555	751	4	3
404906	577	554	751	5	3
404204	576	554	751	6	3
403502	575	554	751	7	3
404830	577	478	752	1	3
405532	578	478	752	2	3
406233	579	477	752	3	3
406232	579	476	752	4	3
406231	579	475	752	5	3
406932	580	474	752	6	3
407633	581	473	752	7	3
406940	580	482	753	1	3
406237	579	481	753	2	3
405534	578	480	753	3	3
404831	577	479	753	4	3
406225	579	469	754	1	3
406928	580	470	754	2	3
406929	580	471	754	3	3
407632	581	472	754	4	3
408334	582	472	755	1	3
409035	583	471	755	2	3
409737	584	471	755	3	3
410439	585	471	755	4	3
413340	589	564	756	1	3
412638	588	564	756	2	3
411936	587	564	756	3	3
411234	586	564	756	4	3
410531	585	563	756	5	3
409829	584	563	756	6	3
409126	583	562	756	7	3
409125	583	561	756	8	3
408422	582	560	756	9	3
408421	582	559	756	10	3
408420	582	558	756	11	3
408419	582	557	756	12	3
408418	582	556	756	13	3
411140	586	470	757	1	3
411139	586	469	757	2	3
410436	585	468	757	3	3
409733	584	467	757	4	3
409732	584	466	757	5	3
410433	585	465	757	6	3
411134	586	464	757	7	3
411133	586	463	757	8	3
410472	585	504	758	1	3
415404	592	522	759	1	3
414701	591	521	759	2	3
413998	590	520	759	3	3
413295	589	519	759	4	3
412593	588	519	759	5	3
411890	587	518	759	6	3
411187	586	517	759	7	3
411186	586	516	759	8	3
411185	586	515	759	9	3
410482	585	514	759	10	3
411183	586	513	759	11	3
411182	586	512	759	12	3
411181	586	511	759	13	3
410478	585	510	759	14	3
410477	585	509	759	15	3
410476	585	508	759	16	3
410475	585	507	759	17	3
410474	585	506	759	18	3
410473	585	505	759	19	3
412577	588	503	760	1	3
411875	587	503	760	2	3
411173	586	503	760	3	3
419606	598	512	761	1	3
418904	597	512	761	2	3
418201	596	511	761	3	3
417498	595	510	761	4	3
416796	594	510	761	5	3
416093	593	509	761	6	3
415391	592	509	761	7	3
414689	591	509	761	8	3
413986	590	508	761	9	3
413284	589	508	761	10	3
412581	588	507	761	11	3
411878	587	506	761	12	3
411175	586	505	761	13	3
413940	590	462	762	1	3
413238	589	462	762	2	3
412536	588	462	762	3	3
411834	587	462	762	4	3
413950	590	472	763	1	3
413247	589	471	763	2	3
412544	588	470	763	3	3
411842	587	470	763	4	3
411939	587	567	764	1	3
412641	588	567	764	2	3
413342	589	566	764	3	3
413341	589	565	764	4	3
422344	602	442	765	1	3
421641	601	441	765	2	3
420939	600	441	765	3	3
420237	599	441	765	4	3
419535	598	441	765	5	3
418833	597	441	765	6	3
418131	596	441	765	7	3
417429	595	441	765	8	3
416727	594	441	765	9	3
416026	593	442	765	10	3
415324	592	442	765	11	3
414622	591	442	765	12	3
413920	590	442	765	13	3
417438	595	450	766	1	3
417437	595	449	766	2	3
417436	595	448	766	3	3
417435	595	447	766	4	3
416732	594	446	766	5	3
416029	593	445	766	6	3
415326	592	444	766	7	3
414623	591	443	766	8	3
413921	590	443	766	9	3
424503	605	495	767	1	3
424502	605	494	767	2	3
423799	604	493	767	3	3
423096	603	492	767	4	3
423095	603	491	767	5	3
423094	603	490	767	6	3
422391	602	489	767	7	3
422390	602	488	767	8	3
421687	601	487	767	9	3
420985	600	487	767	10	3
420282	599	486	767	11	3
419579	598	485	767	12	3
418876	597	484	767	13	3
418875	597	483	767	14	3
418172	596	482	767	15	3
417469	595	481	767	16	3
416766	594	480	767	17	3
416063	593	479	767	18	3
415360	592	478	767	19	3
414657	591	477	767	20	3
414656	591	476	767	21	3
413953	590	475	767	22	3
413952	590	474	767	23	3
413951	590	473	767	24	3
418925	597	533	768	1	3
418926	597	534	768	2	3
418927	597	535	768	3	3
418226	596	536	768	4	3
417525	595	537	768	5	3
416824	594	538	768	6	3
416123	593	539	768	7	3
416124	593	540	768	8	3
415423	592	541	768	9	3
415424	592	542	768	10	3
415425	592	543	768	11	3
414724	591	544	768	12	3
414023	590	545	768	13	3
414024	590	546	768	14	3
414025	590	547	768	15	3
414026	590	548	768	16	3
414729	591	549	768	17	3
414730	591	550	768	18	3
415433	592	551	768	19	3
415434	592	552	768	20	3
416137	593	553	768	21	3
415436	592	554	768	22	3
414735	591	555	768	23	3
414033	590	555	768	24	3
413331	589	555	768	25	3
412629	588	555	768	26	3
411927	587	555	768	27	3
411225	586	555	768	28	3
410523	585	555	768	29	3
409821	584	555	768	30	3
409119	583	555	768	31	3
408417	582	555	768	32	3
423874	604	568	769	1	3
423173	603	569	769	2	3
422471	602	569	769	3	3
421769	601	569	769	4	3
421067	600	569	769	5	3
420365	599	569	769	6	3
419663	598	569	769	7	3
418961	597	569	769	8	3
418258	596	568	769	9	3
418257	596	567	769	10	3
417554	595	566	769	11	3
416852	594	566	769	12	3
416149	593	565	769	13	3
415447	592	565	769	14	3
414744	591	564	769	15	3
414042	590	564	769	16	3
423074	603	470	770	1	3
422372	602	470	770	2	3
421670	601	470	770	3	3
420969	600	471	770	4	3
420267	599	471	770	5	3
419566	598	472	770	6	3
418864	597	472	770	7	3
418161	596	471	770	8	3
417459	595	471	770	9	3
416757	594	471	770	10	3
416055	593	471	770	11	3
415353	592	471	770	12	3
414652	591	472	770	13	3
424556	605	548	771	1	3
424557	605	549	771	2	3
424558	605	550	771	3	3
424559	605	551	771	4	3
424560	605	552	771	5	3
423859	604	553	771	6	3
423860	604	554	771	7	3
423861	604	555	771	8	3
423862	604	556	771	9	3
423161	603	557	771	10	3
422460	602	558	771	11	3
422461	602	559	771	12	3
422462	602	560	771	13	3
421761	601	561	771	14	3
421762	601	562	771	15	3
421763	601	563	771	16	3
421764	601	564	771	17	3
422467	602	565	771	18	3
423170	603	566	771	19	3
428070	610	552	772	1	3
427369	609	553	772	2	3
427370	609	554	772	3	3
426669	608	555	772	4	3
425968	607	556	772	5	3
425267	606	557	772	6	3
425268	606	558	772	7	3
425269	606	559	772	8	3
425270	606	560	772	9	3
425271	606	561	772	10	3
425272	606	562	772	11	3
425273	606	563	772	12	3
425274	606	564	772	13	3
424573	605	565	772	14	3
423872	604	566	772	15	3
423873	604	567	773	1	3
425279	606	569	774	1	3
424577	605	569	774	2	3
431606	615	578	775	1	3
430904	614	578	775	2	3
430202	613	578	775	3	3
429500	612	578	775	4	3
428797	611	577	775	5	3
428094	610	576	775	6	3
427391	609	575	775	7	3
426688	608	574	775	8	3
426687	608	573	775	9	3
426686	608	572	775	10	3
425983	607	571	775	11	3
425280	606	570	775	12	3
431590	615	562	776	1	3
430889	614	563	776	2	3
430187	613	563	776	3	3
429485	612	563	776	4	3
428784	611	564	776	5	3
428083	610	565	776	6	3
427382	609	566	776	7	3
427383	609	567	776	8	3
427384	609	568	776	9	3
426683	608	569	776	10	3
425982	607	570	776	11	3
427274	609	458	777	1	3
427273	609	457	777	2	3
427974	610	456	777	3	3
427973	610	455	777	4	3
427972	610	454	777	5	3
427971	610	453	777	6	3
427970	610	452	777	7	3
428671	611	451	777	8	3
428670	611	450	777	9	3
428669	611	449	777	10	3
429370	612	448	777	11	3
428667	611	447	777	12	3
428666	611	446	777	13	3
429367	612	445	777	14	3
430069	613	445	777	15	3
430770	614	444	777	16	3
431471	615	443	777	17	3
432173	616	443	777	18	3
432874	617	442	777	19	3
432873	617	441	777	20	3
428743	611	523	778	1	3
429445	612	523	778	2	3
430147	613	523	778	3	3
432872	617	440	779	1	3
432169	616	439	779	2	3
432168	616	438	779	3	3
431465	615	437	779	4	3
430762	614	436	779	5	3
430059	613	435	779	6	3
449722	641	442	780	1	3
449020	640	442	780	2	3
448317	639	441	780	3	3
447614	638	440	780	4	3
446911	637	439	780	5	3
446208	636	438	780	6	3
445505	635	437	780	7	3
445504	635	436	780	8	3
444802	634	436	780	9	3
444099	633	435	780	10	3
443396	632	434	780	11	3
442695	631	435	780	12	3
441993	630	435	780	13	3
441291	629	435	780	14	3
440589	628	435	780	15	3
439887	627	435	780	16	3
439185	626	435	780	17	3
438483	625	435	780	18	3
437780	624	434	780	19	3
437078	623	434	780	20	3
436376	622	434	780	21	3
435674	621	434	780	22	3
434971	620	433	780	23	3
434269	619	433	780	24	3
433567	618	433	780	25	3
432865	617	433	780	26	3
432163	616	433	780	27	3
431461	615	433	780	28	3
430760	614	434	780	29	3
430849	614	523	781	1	3
430848	614	522	781	2	3
431549	615	521	781	3	3
432250	616	520	781	4	3
432951	617	519	781	5	3
433652	618	518	781	6	3
434353	619	517	781	7	3
435054	620	516	781	8	3
435053	620	515	781	9	3
435052	620	514	781	10	3
435753	621	513	781	11	3
435752	621	512	781	12	3
433661	618	527	782	1	3
433660	618	526	782	2	3
432957	617	525	782	3	3
432255	616	525	782	4	3
431552	615	524	782	5	3
434410	619	574	783	1	3
434411	619	575	783	2	3
434412	619	576	783	3	3
434413	619	577	783	4	3
433711	618	577	783	5	3
433010	617	578	783	6	3
432308	616	578	783	7	3
434421	619	585	784	1	3
434420	619	584	784	2	3
434419	619	583	784	3	3
434418	619	582	784	4	3
434417	619	581	784	5	3
433714	618	580	784	6	3
433011	617	579	784	7	3
432309	616	579	784	8	3
432962	617	530	785	1	3
432961	617	529	785	2	3
433662	618	528	785	3	3
435682	621	442	786	1	3
434980	620	442	786	2	3
434277	619	441	786	3	3
433575	618	441	786	4	3
433595	618	461	787	1	3
434296	619	460	787	2	3
434997	620	459	787	3	3
435698	621	458	787	4	3
436400	622	458	787	5	3
437101	623	457	787	6	3
437803	624	457	787	7	3
438504	625	456	787	8	3
439205	626	455	787	9	3
439907	627	455	787	10	3
440608	628	454	787	11	3
441310	629	454	787	12	3
442012	630	454	787	13	3
442715	631	455	787	14	3
443417	632	455	787	15	3
444118	633	454	787	16	3
444820	634	454	787	17	3
445521	635	453	787	18	3
446223	636	453	787	19	3
446924	637	452	787	20	3
446923	637	451	787	21	3
446922	637	450	787	22	3
447623	638	449	787	23	3
447622	638	448	787	24	3
447621	638	447	787	25	3
433722	618	588	788	1	3
434423	619	587	788	2	3
434422	619	586	788	3	3
434346	619	510	789	1	3
435048	620	510	789	2	3
435750	621	510	789	3	3
442799	631	539	790	1	3
442096	630	538	790	2	3
441393	629	537	790	3	3
440690	628	536	790	4	3
440689	628	535	790	5	3
440688	628	534	790	6	3
439985	627	533	790	7	3
439282	626	532	790	8	3
438579	625	531	790	9	3
438578	625	530	790	10	3
437876	624	530	790	11	3
437173	623	529	790	12	3
436471	622	529	790	13	3
435769	621	529	790	14	3
435066	620	528	790	15	3
434364	619	528	790	16	3
434433	619	597	791	1	3
435135	620	597	791	2	3
435836	621	596	791	3	3
436537	622	595	791	4	3
437238	623	594	791	5	3
437237	623	593	791	6	3
435827	621	587	792	1	3
435124	620	586	792	2	3
435717	621	477	793	1	3
436419	622	477	793	2	3
437121	623	477	793	3	3
437823	624	477	793	4	3
438525	625	477	793	5	3
439226	626	476	793	6	3
439927	627	475	793	7	3
440629	628	475	793	8	3
441331	629	475	793	9	3
442033	630	475	793	10	3
442735	631	475	793	11	3
443436	632	474	793	12	3
443435	632	473	793	13	3
443434	632	472	793	14	3
444135	633	471	793	15	3
444836	634	470	793	16	3
444835	634	469	793	17	3
445536	635	468	793	18	3
446237	636	467	793	19	3
435745	621	505	794	1	3
435746	621	506	794	2	3
436448	622	506	794	3	3
437151	623	507	794	4	3
436453	622	511	795	1	3
437154	623	510	795	2	3
437855	624	509	795	3	3
436529	622	587	796	1	3
437236	623	592	797	1	3
437235	623	591	797	2	3
437234	623	590	797	3	3
436531	622	589	797	4	3
436530	622	588	797	5	3
444942	634	576	798	1	3
444241	633	577	798	2	3
443539	632	577	798	3	3
442838	631	578	798	4	3
442839	631	579	798	5	3
442138	630	580	798	6	3
441437	629	581	798	7	3
440735	628	581	798	8	3
440034	627	582	798	9	3
439332	626	582	798	10	3
438631	625	583	798	11	3
437930	624	584	798	12	3
437931	624	585	798	13	3
437230	623	586	798	14	3
448465	639	589	799	1	3
447762	638	588	799	2	3
447761	638	587	799	3	3
447058	637	586	799	4	3
446356	636	586	799	5	3
445654	635	586	799	6	3
444952	634	586	799	7	3
444251	633	587	799	8	3
443550	632	588	799	9	3
442847	631	587	799	10	3
442144	630	586	799	11	3
441442	629	586	799	12	3
440740	628	586	799	13	3
440039	627	587	799	14	3
439337	626	587	799	15	3
438635	625	587	799	16	3
437933	624	587	799	17	3
437231	623	587	799	18	3
437840	624	494	800	1	3
438542	625	494	800	2	3
439244	626	494	800	3	3
439946	627	494	800	4	3
440649	628	495	800	5	3
441352	629	496	800	6	3
442055	630	497	800	7	3
437854	624	508	801	1	3
438555	625	507	801	2	3
439257	626	507	801	3	3
446372	636	602	802	1	3
445670	635	602	802	2	3
444967	634	601	802	3	3
444265	633	601	802	4	3
443562	632	600	802	5	3
442860	631	600	802	6	3
442157	630	599	802	7	3
441455	629	599	802	8	3
440752	628	598	802	9	3
440751	628	597	802	10	3
440048	627	596	802	11	3
439345	626	595	802	12	3
438642	625	594	802	13	3
437939	624	593	802	14	3
438600	625	552	803	1	3
438601	625	553	803	2	3
439304	626	554	803	3	3
439305	626	555	803	4	3
440008	627	556	803	5	3
440009	627	557	803	6	3
440010	627	558	803	7	3
440713	628	559	803	8	3
440714	628	560	803	9	3
440715	628	561	803	10	3
441418	629	562	803	11	3
441419	629	563	803	12	3
439958	627	506	804	1	3
439255	626	505	804	2	3
439956	627	504	804	3	3
440657	628	503	804	4	3
439943	627	491	805	1	3
440646	628	492	805	2	3
441348	629	492	805	3	3
442050	630	492	805	4	3
442752	631	492	805	5	3
443454	632	492	805	6	3
444157	633	493	805	7	3
444158	633	494	805	8	3
442774	631	514	806	1	3
442773	631	513	806	2	3
442772	631	512	806	3	3
442069	630	511	806	4	3
442068	630	510	806	5	3
441365	629	509	806	6	3
440662	628	508	806	7	3
439959	627	507	806	8	3
441358	629	502	807	1	3
441357	629	501	807	2	3
442058	630	500	807	3	3
442057	630	499	807	4	3
442758	631	498	807	5	3
441495	629	639	808	1	3
442197	630	639	808	2	3
442900	631	640	808	3	3
443603	632	641	808	4	3
444305	633	641	808	5	3
445008	634	642	808	6	3
445710	635	642	808	7	3
446413	636	643	808	8	3
445576	635	508	809	1	3
444873	634	507	809	2	3
444170	633	506	809	3	3
443467	632	505	809	4	3
442764	631	504	809	5	3
442061	630	503	809	6	3
444221	633	557	810	1	3
444222	633	558	810	2	3
444223	633	559	810	3	3
443522	632	560	810	4	3
443523	632	561	810	5	3
442822	631	562	810	6	3
442121	630	563	810	7	3
442122	630	564	811	1	3
442123	630	565	811	2	3
442124	630	566	811	3	3
442827	631	567	811	4	3
443530	632	568	811	5	3
443531	632	569	811	6	3
443532	632	570	811	7	3
443533	632	571	811	8	3
444236	633	572	811	9	3
444237	633	573	811	10	3
444940	634	574	811	11	3
445643	635	575	811	12	3
442757	631	497	812	1	3
443458	632	496	812	2	3
444159	633	495	812	3	3
452633	645	545	813	1	3
452634	645	546	813	2	3
451932	644	546	813	3	3
451230	643	546	813	4	3
450528	642	546	813	5	3
449826	641	546	813	6	3
449124	640	546	813	7	3
448423	639	547	813	8	3
447721	638	547	813	9	3
447019	637	547	813	10	3
446316	636	546	813	11	3
445613	635	545	813	12	3
445612	635	544	813	13	3
444910	634	544	813	14	3
444207	633	543	813	15	3
443504	632	542	813	16	3
442801	631	541	813	17	3
442800	631	540	813	18	3
442905	631	645	814	1	3
443607	632	645	814	2	3
444309	633	645	814	3	3
445010	634	644	814	4	3
445712	635	644	814	5	3
446414	636	644	814	6	3
449817	641	537	815	1	3
449116	640	538	815	2	3
448414	639	538	815	3	3
447712	638	538	815	4	3
447011	637	539	815	5	3
446309	636	539	815	6	3
445607	635	539	815	7	3
444906	634	540	815	8	3
444204	633	540	815	9	3
443501	632	539	815	10	3
444128	633	464	816	1	3
444831	634	465	816	2	3
445534	635	466	816	3	3
446236	636	466	816	4	3
444813	634	447	817	1	3
445515	635	447	817	2	3
446217	636	447	817	3	3
446919	637	447	817	4	3
444860	634	494	818	1	3
445561	635	493	818	2	3
445560	635	492	818	3	3
446261	636	491	818	4	3
446260	636	490	818	5	3
446259	636	489	818	6	3
446960	637	488	818	7	3
446959	637	487	818	8	3
446958	637	486	818	9	3
446957	637	485	818	10	3
447658	638	484	818	11	3
448359	639	483	818	12	3
449060	640	482	818	13	3
449762	641	482	818	14	3
450463	642	481	818	15	3
451164	643	480	818	16	3
451865	644	479	818	17	3
452567	645	479	818	18	3
453268	646	478	818	19	3
453267	646	477	818	20	3
453968	647	476	818	21	3
453967	647	475	818	22	3
454668	648	474	818	23	3
455369	649	473	818	24	3
455368	649	472	818	25	3
455367	649	471	818	26	3
456068	650	470	818	27	3
456769	651	469	818	28	3
456768	651	468	818	29	3
457469	652	467	818	30	3
458171	653	467	818	31	3
445644	635	576	819	1	3
455467	649	571	820	1	3
454766	648	572	820	2	3
454065	647	573	820	3	3
453364	646	574	820	4	3
452663	645	575	820	5	3
451961	644	575	820	6	3
451260	643	576	820	7	3
450559	642	577	820	8	3
449858	641	578	820	9	3
449156	640	578	820	10	3
448455	639	579	820	11	3
447753	638	579	820	12	3
447050	637	578	820	13	3
446347	636	577	820	14	3
445645	635	577	820	15	3
452645	645	557	821	1	3
452646	645	558	821	2	3
452647	645	559	821	3	3
453350	646	560	821	4	3
452649	645	561	821	5	3
452650	645	562	821	6	3
452651	645	563	821	7	3
452652	645	564	821	8	3
451951	644	565	821	9	3
451250	643	566	821	10	3
450549	642	567	821	11	3
449847	641	567	821	12	3
449146	640	568	821	13	3
448445	639	569	821	14	3
448446	639	570	821	15	3
448447	639	571	821	16	3
448448	639	572	821	17	3
447747	638	573	821	18	3
447046	637	574	821	19	3
446345	636	575	821	20	3
446938	637	466	822	1	3
447640	638	466	822	2	3
448341	639	465	822	3	3
449043	640	465	822	4	3
449744	641	464	822	5	3
450446	642	464	822	6	3
451148	643	464	822	7	3
451850	644	464	822	8	3
452552	645	464	822	9	3
453253	646	463	822	10	3
453956	647	464	822	11	3
454659	648	465	822	12	3
455361	649	465	822	13	3
456063	650	465	822	14	3
456765	651	465	822	15	3
447115	637	643	823	1	3
447817	638	643	823	2	3
448519	639	643	823	3	3
449220	640	642	823	4	3
449922	641	642	823	5	3
447620	638	446	824	1	3
448321	639	445	824	2	3
449022	640	444	824	3	3
449723	641	443	824	4	3
447812	638	638	825	1	3
448514	639	638	825	2	3
449216	640	638	825	3	3
449918	641	638	825	4	3
450620	642	638	825	5	3
451322	643	638	825	6	3
452024	644	638	825	7	3
452726	645	638	825	8	3
456881	651	581	826	1	3
456180	650	582	826	2	3
455479	649	583	826	3	3
454778	648	584	826	4	3
454077	647	585	826	5	3
453375	646	585	826	6	3
452674	645	586	826	7	3
451972	644	586	826	8	3
451271	643	587	826	9	3
450570	642	588	826	10	3
449869	641	589	826	11	3
449167	640	589	826	12	3
456898	651	598	827	1	3
456195	650	597	827	2	3
455492	649	596	827	3	3
455491	649	595	827	4	3
455490	649	594	827	5	3
455489	649	593	827	6	3
454786	648	592	827	7	3
454084	647	592	827	8	3
453382	646	592	827	9	3
452680	645	592	827	10	3
451978	644	592	827	11	3
451275	643	591	827	12	3
450574	642	592	827	13	3
449872	641	592	827	14	3
449169	640	591	827	15	3
449168	640	590	827	16	3
449902	641	622	828	1	3
450604	642	622	828	2	3
451306	643	622	828	3	3
452007	644	621	828	4	3
452709	645	621	828	5	3
453411	646	621	828	6	3
454113	647	621	828	7	3
454815	648	621	828	8	3
455517	649	621	828	9	3
456218	650	620	828	10	3
456919	651	619	828	11	3
457621	652	619	828	12	3
449929	641	649	829	1	3
450630	642	648	829	2	3
451332	643	648	829	3	3
456050	650	452	830	1	3
455347	649	451	830	2	3
454644	648	450	830	3	3
454643	648	449	830	4	3
453940	647	448	830	5	3
453237	646	447	830	6	3
452534	645	446	830	7	3
451831	644	445	830	8	3
451128	643	444	830	9	3
450425	642	443	830	10	3
450624	642	642	831	1	3
450623	642	641	831	2	3
451324	643	640	831	3	3
452026	644	640	831	4	3
452728	645	640	831	5	3
453429	646	639	831	6	3
451331	643	647	832	1	3
451330	643	646	832	2	3
450627	642	645	832	3	3
450626	642	644	832	4	3
450625	642	643	832	5	3
450640	642	658	833	1	3
451341	643	657	833	2	3
452042	644	656	833	3	3
452744	645	656	833	4	3
453445	646	655	834	1	3
453444	646	654	834	2	3
453443	646	653	834	3	3
453442	646	652	834	4	3
453441	646	651	834	5	3
452738	645	650	834	6	3
452737	645	649	834	7	3
452034	644	648	834	8	3
452060	644	674	835	1	3
452059	644	673	835	2	3
452058	644	672	835	3	3
452759	645	671	835	4	3
452758	645	670	835	5	3
452757	645	669	835	6	3
452756	645	668	835	7	3
452755	645	667	835	8	3
453456	646	666	835	9	3
453455	646	665	835	10	3
454156	647	664	835	11	3
454155	647	663	835	12	3
454154	647	662	835	13	3
454153	647	661	835	14	3
453246	646	456	836	1	3
453947	647	455	836	2	3
454648	648	454	836	3	3
455349	649	453	836	4	3
453428	646	638	837	1	3
454129	647	637	837	2	3
454128	647	636	837	3	3
454127	647	635	837	4	3
454829	648	635	837	5	3
455531	649	635	837	6	3
456233	650	635	837	7	3
454854	648	660	838	1	3
454151	647	659	838	2	3
453448	646	658	838	3	3
453447	646	657	838	4	3
453446	646	656	838	5	3
454719	648	525	839	1	3
455421	649	525	839	2	3
456123	650	525	839	3	3
456825	651	525	839	4	3
457526	652	524	839	5	3
458228	653	524	839	6	3
458931	654	525	839	7	3
459633	655	525	839	8	3
460335	656	525	839	9	3
461036	657	524	839	10	3
461737	658	523	839	11	3
462438	659	522	839	12	3
463140	660	522	839	13	3
463841	661	521	839	14	3
464543	662	521	839	15	3
465245	663	521	839	16	3
465946	664	520	839	17	3
466647	665	519	839	18	3
466646	665	518	839	19	3
467347	666	517	839	20	3
466644	665	516	839	21	3
467345	666	515	839	22	3
467344	666	514	839	23	3
468045	667	513	839	24	3
468044	667	512	839	25	3
468745	668	511	839	26	3
469446	669	510	839	27	3
470148	670	510	839	28	3
470850	671	510	839	29	3
471551	672	509	839	30	3
472253	673	509	839	31	3
472955	674	509	839	32	3
473656	675	508	839	33	3
461065	657	553	840	1	3
460364	656	554	840	2	3
459663	655	555	840	3	3
458961	654	555	840	4	3
458260	653	556	840	5	3
457558	652	556	840	6	3
456856	651	556	840	7	3
456155	650	557	840	8	3
456156	650	558	840	9	3
455455	649	559	840	10	3
455456	649	560	840	11	3
454755	648	561	840	12	3
454756	648	562	840	13	3
454757	648	563	840	14	3
454758	648	564	840	15	3
454759	648	565	840	16	3
454760	648	566	840	17	3
454761	648	567	840	18	3
454762	648	568	840	19	3
454763	648	569	840	20	3
455466	649	570	840	21	3
458372	653	668	841	1	3
457669	652	667	841	2	3
457668	652	666	841	3	3
456965	651	665	841	4	3
456262	650	664	841	5	3
456261	650	663	841	6	3
455558	649	662	841	7	3
455557	649	661	841	8	3
464588	662	566	842	1	3
463886	661	566	842	2	3
463184	660	566	842	3	3
462482	659	566	842	4	3
461780	658	566	842	5	3
461078	657	566	842	6	3
460376	656	566	842	7	3
459674	655	566	842	8	3
458973	654	567	842	9	3
458272	653	568	842	10	3
457571	652	569	842	11	3
456870	651	570	842	12	3
456168	650	570	842	13	3
458318	653	614	843	1	3
457615	652	613	843	2	3
456912	651	612	843	3	3
456911	651	611	843	4	3
456910	651	610	843	5	3
456207	650	609	843	6	3
456206	650	608	843	7	3
456907	651	607	843	8	3
456906	651	606	843	9	3
456934	651	634	844	1	3
457635	652	633	844	2	3
457634	652	632	844	3	3
457633	652	631	844	4	3
457632	652	630	844	5	3
458333	653	629	844	6	3
457467	652	465	845	1	3
457466	652	464	845	2	3
458167	653	463	845	3	3
458166	653	462	845	4	3
458165	653	461	845	5	3
458164	653	460	845	6	3
458163	653	459	845	7	3
458162	653	458	845	8	3
458161	653	457	845	9	3
457458	652	456	845	10	3
457457	652	455	845	11	3
457456	652	454	845	12	3
456753	651	453	845	13	3
457510	652	508	846	1	3
458211	653	507	846	2	3
458912	654	506	846	3	3
459613	655	505	846	4	3
460314	656	504	846	5	3
461015	657	503	846	6	3
461717	658	503	846	7	3
462418	659	502	846	8	3
463120	660	502	846	9	3
463822	661	502	846	10	3
464524	662	502	846	11	3
465225	663	501	846	12	3
465927	664	501	846	13	3
466628	665	500	846	14	3
470223	670	585	847	1	3
469521	669	585	847	2	3
468819	668	585	847	3	3
468117	667	585	847	4	3
467415	666	585	847	5	3
466714	665	586	847	6	3
466012	664	586	847	7	3
465310	663	586	847	8	3
464608	662	586	847	9	3
463907	661	587	847	10	3
463908	661	588	847	11	3
463909	661	589	847	12	3
464612	662	590	847	13	3
464613	662	591	847	14	3
464614	662	592	847	15	3
463913	661	593	847	16	3
463212	660	594	847	17	3
462510	659	594	847	18	3
461809	658	595	847	19	3
461108	657	596	847	20	3
460406	656	596	847	21	3
459705	655	597	847	22	3
459003	654	597	847	23	3
458302	653	598	847	24	3
457600	652	598	847	25	3
457607	652	605	848	1	3
458308	653	604	848	2	3
458307	653	603	848	3	3
458306	653	602	848	4	3
457603	652	601	848	5	3
457602	652	600	848	6	3
457601	652	599	848	7	3
472346	673	602	849	1	3
471644	672	602	849	2	3
470943	671	603	849	3	3
470241	670	603	849	4	3
469539	669	603	849	5	3
468838	668	604	849	6	3
468137	667	605	849	7	3
467436	666	606	849	8	3
467437	666	607	849	9	3
466736	665	608	849	10	3
466034	664	608	849	11	3
465333	663	609	849	12	3
464632	662	610	849	13	3
463931	661	611	849	14	3
463230	660	612	849	15	3
462528	659	612	849	16	3
461825	658	611	849	17	3
461122	657	610	849	18	3
460420	656	610	849	19	3
459717	655	609	849	20	3
459015	654	609	849	21	3
458312	653	608	849	22	3
457609	652	607	849	23	3
457608	652	606	849	24	3
458331	653	627	850	1	3
458330	653	626	850	2	3
457627	652	625	850	3	3
458328	653	624	850	4	3
458327	653	623	850	5	3
459028	654	622	850	6	3
459027	654	621	850	7	3
459026	654	620	850	8	3
457647	652	645	851	1	3
458348	653	644	851	2	3
457645	652	643	851	3	3
456942	651	642	851	4	3
456941	651	641	851	5	3
456940	651	640	851	6	3
456939	651	639	851	7	3
456938	651	638	851	8	3
456937	651	637	851	9	3
456936	651	636	851	10	3
456935	651	635	851	11	3
458170	653	466	852	1	3
458323	653	619	853	1	3
458322	653	618	853	2	3
459023	654	617	853	3	3
458320	653	616	853	4	3
458319	653	615	853	5	3
465904	664	478	854	1	3
465201	663	477	854	2	3
464498	662	476	854	3	3
463795	661	475	854	4	3
463092	660	474	854	5	3
462389	659	473	854	6	3
461686	658	472	854	7	3
461685	658	471	854	8	3
460982	657	470	854	9	3
460981	657	469	854	10	3
460278	656	468	854	11	3
459575	655	467	854	12	3
458873	654	467	854	13	3
474461	676	611	855	1	3
473759	675	611	855	2	3
473057	674	611	855	3	3
472356	673	612	855	4	3
471654	672	612	855	5	3
470952	671	612	855	6	3
470251	670	613	855	7	3
469550	669	614	855	8	3
468848	668	614	855	9	3
468146	667	614	855	10	3
467445	666	615	855	11	3
466743	665	615	855	12	3
466041	664	615	855	13	3
465339	663	615	855	14	3
464638	662	616	855	15	3
463936	661	616	855	16	3
463233	660	615	855	17	3
462531	659	615	855	18	3
461829	658	615	855	19	3
461127	657	615	855	20	3
460425	656	615	855	21	3
459724	655	616	855	22	3
459021	654	615	855	23	3
465354	663	630	856	1	3
464652	662	630	856	2	3
463950	661	630	856	3	3
463247	660	629	856	4	3
462545	659	629	856	5	3
461842	658	628	856	6	3
461140	657	628	856	7	3
460437	656	627	856	8	3
459735	655	627	856	9	3
459033	654	627	856	10	3
459034	654	628	857	1	3
459099	654	693	858	1	3
459098	654	692	858	2	3
459097	654	691	858	3	3
459096	654	690	858	4	3
459095	654	689	858	5	3
459094	654	688	858	6	3
459093	654	687	858	7	3
459794	655	686	858	8	3
459793	655	685	858	9	3
460494	656	684	858	10	3
461195	657	683	858	11	3
461896	658	682	858	12	3
461895	658	681	858	13	3
462596	659	680	858	14	3
463298	660	680	858	15	3
463999	661	679	858	16	3
464700	662	678	858	17	3
465402	663	678	858	18	3
466103	664	677	858	19	3
466102	664	676	858	20	3
466803	665	675	858	21	3
467504	666	674	858	22	3
468205	667	673	858	23	3
468906	668	672	858	24	3
469607	669	671	858	25	3
469606	669	670	858	26	3
469605	669	669	858	27	3
469604	669	668	858	28	3
469603	669	667	858	29	3
470304	670	666	858	30	3
470303	670	665	858	31	3
471004	671	664	858	32	3
471705	672	663	858	33	3
471704	672	662	858	34	3
472405	673	661	858	35	3
473106	674	660	858	36	3
473808	675	660	858	37	3
461146	657	634	859	1	3
461145	657	633	859	2	3
460442	656	632	859	3	3
460441	656	631	859	4	3
460440	656	630	859	5	3
459737	655	629	859	6	3
461043	657	531	860	1	3
461745	658	531	860	2	3
462446	659	530	860	3	3
463148	660	530	860	4	3
463850	661	530	860	5	3
464551	662	529	860	6	3
465253	663	529	860	7	3
465954	664	528	860	8	3
464665	662	643	861	1	3
463962	661	642	861	2	3
463260	660	642	861	3	3
462557	659	641	861	4	3
461854	658	640	861	5	3
461853	658	639	861	6	3
461852	658	638	861	7	3
461851	658	637	861	8	3
461850	658	636	861	9	3
461147	657	635	861	10	3
467466	666	636	862	1	3
466764	665	636	862	2	3
466062	664	636	862	3	3
465360	663	636	862	4	3
464658	662	636	862	5	3
463956	661	636	862	6	3
463253	660	635	862	7	3
462551	659	635	862	8	3
461848	658	634	862	9	3
463805	661	485	863	1	3
464506	662	484	863	2	3
465208	663	484	863	3	3
465909	664	483	863	4	3
465985	664	559	864	1	3
465986	664	560	864	2	3
465285	663	561	864	3	3
465286	663	562	864	4	3
464585	662	563	864	5	3
464586	662	564	864	6	3
464587	662	565	864	7	3
473712	675	564	865	1	3
473713	675	565	865	2	3
473011	674	565	865	3	3
472309	673	565	865	4	3
471608	672	566	865	5	3
470907	671	567	865	6	3
470205	670	567	865	7	3
469504	669	568	865	8	3
468802	668	568	865	9	3
468100	667	568	865	10	3
467398	666	568	865	11	3
466696	665	568	865	12	3
465994	664	568	865	13	3
465291	663	567	865	14	3
466611	665	483	866	1	3
466610	665	482	866	2	3
466609	665	481	866	3	3
465906	664	480	866	4	3
465905	664	479	866	5	3
465963	664	537	867	1	3
465962	664	536	867	2	3
465961	664	535	867	3	3
465960	664	534	867	4	3
465959	664	533	867	5	3
466660	665	532	867	6	3
466659	665	531	867	7	3
466658	665	530	867	8	3
466657	665	529	867	9	3
466656	665	528	867	10	3
470260	670	622	868	1	3
469559	669	623	868	2	3
468858	668	624	868	3	3
468859	668	625	868	4	3
468158	667	626	868	5	3
467457	666	627	868	6	3
466756	665	628	868	7	3
466055	664	629	868	8	3
484303	690	625	869	1	3
483601	689	625	869	2	3
482900	688	626	869	3	3
482198	687	626	869	4	3
481497	686	627	869	5	3
480795	685	627	869	6	3
480093	684	627	869	7	3
479391	683	627	869	8	3
478689	682	627	869	9	3
477987	681	627	869	10	3
477285	680	627	869	11	3
476583	679	627	869	12	3
475881	678	627	869	13	3
475179	677	627	869	14	3
474477	676	627	869	15	3
473775	675	627	869	16	3
473074	674	628	869	17	3
472372	673	628	869	18	3
471671	672	629	869	19	3
470969	671	629	869	20	3
470267	670	629	869	21	3
469565	669	629	869	22	3
468864	668	630	869	23	3
468162	667	630	869	24	3
467460	666	630	869	25	3
466758	665	630	869	26	3
466057	664	631	869	27	3
470813	671	473	870	1	3
470112	670	474	870	2	3
469411	669	475	870	3	3
468710	668	476	870	4	3
468009	667	477	870	5	3
467308	666	478	870	6	3
466606	665	478	870	7	3
466655	665	527	871	1	3
467356	666	526	871	2	3
467355	666	525	871	3	3
467354	666	524	871	4	3
468055	667	523	871	5	3
468756	668	522	871	6	3
469458	669	522	871	7	3
470160	670	522	871	8	3
470862	671	522	871	9	3
471564	672	522	871	10	3
472265	673	521	871	11	3
472967	674	521	871	12	3
473668	675	520	871	13	3
474370	676	520	871	14	3
467316	666	486	872	1	3
467315	666	485	872	2	3
467314	666	484	872	3	3
467330	666	500	873	1	3
467329	666	499	873	2	3
468030	667	498	873	3	3
468029	667	497	873	4	3
468028	667	496	873	5	3
468729	668	495	873	6	3
468728	668	494	873	7	3
468025	667	493	873	8	3
468024	667	492	873	9	3
468023	667	491	873	10	3
468724	668	490	873	11	3
468723	668	489	873	12	3
468020	667	488	873	13	3
467317	666	487	873	14	3
477843	681	483	874	1	3
477140	680	482	874	2	3
476438	679	482	874	3	3
475736	678	482	874	4	3
475035	677	483	874	5	3
474334	676	484	874	6	3
473632	675	484	874	7	3
472930	674	484	874	8	3
472229	673	485	874	9	3
471528	672	486	874	10	3
470827	671	487	874	11	3
470124	670	486	874	12	3
469422	669	486	874	13	3
468720	668	486	874	14	3
468018	667	486	874	15	3
472950	674	504	875	1	3
472248	673	504	875	2	3
471545	672	503	875	3	3
470843	671	503	875	4	3
470141	670	503	875	5	3
469439	669	503	875	6	3
468737	668	503	875	7	3
468034	667	502	875	8	3
468033	667	501	875	9	3
473079	674	633	876	1	3
472378	673	634	876	2	3
471677	672	635	876	3	3
470976	671	636	876	4	3
470274	670	636	876	5	3
469572	669	636	876	6	3
468870	668	636	876	7	3
468168	667	636	876	8	3
473092	674	646	877	1	3
472389	673	645	877	2	3
471686	672	644	877	3	3
470984	671	644	877	4	3
470281	670	643	877	5	3
469578	669	642	877	6	3
469577	669	641	877	7	3
469576	669	640	877	8	3
469575	669	639	877	9	3
468872	668	638	877	10	3
468169	667	637	877	11	3
471620	672	578	878	1	3
471621	672	579	878	2	3
470920	671	580	878	3	3
470921	671	581	878	4	3
470922	671	582	878	5	3
470923	671	583	878	6	3
470222	670	584	878	7	3
470326	670	688	879	1	3
471027	671	687	879	2	3
471728	672	686	879	3	3
472430	673	686	879	4	3
473132	674	686	879	5	3
473834	675	686	879	6	3
474536	676	686	879	7	3
475238	677	686	879	8	3
475940	678	686	879	9	3
476642	679	686	879	10	3
477345	680	687	879	11	3
478047	681	687	879	12	3
478749	682	687	879	13	3
479450	683	686	879	14	3
480151	684	685	879	15	3
480853	685	685	879	16	3
481555	686	685	879	17	3
482256	687	684	879	18	3
482255	687	683	879	19	3
474434	676	584	880	1	3
473733	675	585	880	2	3
473031	674	585	880	3	3
472329	673	585	880	4	3
471627	672	585	880	5	3
470925	671	585	880	6	3
472419	673	675	881	1	3
473120	674	674	881	2	3
473119	674	673	881	3	3
473820	675	672	881	4	3
473819	675	671	881	5	3
474520	676	670	881	6	3
474519	676	669	881	7	3
473816	675	668	881	8	3
473815	675	667	881	9	3
473814	675	666	881	10	3
473813	675	665	881	11	3
473812	675	664	881	12	3
473811	675	663	881	13	3
474512	676	662	881	14	3
474511	676	661	881	15	3
474510	676	660	881	16	3
474500	676	650	882	1	3
473797	675	649	882	2	3
473094	674	648	882	3	3
473093	674	647	882	4	3
477862	681	502	883	1	3
477160	680	502	883	2	3
476458	679	502	883	3	3
475757	678	503	883	4	3
475056	677	504	883	5	3
474354	676	504	883	6	3
473652	675	504	883	7	3
474358	676	508	884	1	3
474357	676	507	884	2	3
474356	676	506	884	3	3
473653	675	505	884	4	3
476602	679	646	885	1	3
475900	678	646	885	2	3
475198	677	646	885	3	3
474496	676	646	885	4	3
473794	675	646	885	5	3
473802	675	654	886	1	3
474504	676	654	886	2	3
474503	676	653	886	3	3
474502	676	652	886	4	3
474501	676	651	886	5	3
474395	676	545	887	1	3
475096	677	544	887	2	3
475797	678	543	887	3	3
476498	679	542	887	4	3
477200	680	542	887	5	3
477902	681	542	887	6	3
478604	682	542	887	7	3
479305	683	541	887	8	3
480007	684	541	887	9	3
480708	685	540	887	10	3
481409	686	539	887	11	3
482111	687	539	887	12	3
482813	688	539	887	13	3
483515	689	539	887	14	3
484217	690	539	887	15	3
474509	676	659	888	1	3
474508	676	658	888	2	3
475209	677	657	888	3	3
475208	677	656	888	4	3
475207	677	655	888	5	3
475206	677	654	888	6	3
475205	677	653	888	7	3
475204	677	652	888	8	3
477874	681	514	889	1	3
477873	681	513	889	2	3
477872	681	512	889	3	3
477871	681	511	889	4	3
477168	680	510	889	5	3
476466	679	510	889	6	3
475763	678	509	889	7	3
475061	677	509	889	8	3
475072	677	520	890	1	3
475071	677	519	890	2	3
475772	678	518	890	3	3
475771	678	517	890	4	3
476472	679	516	890	5	3
477173	680	515	890	6	3
477235	680	577	891	1	3
476534	679	578	891	2	3
475833	678	579	891	3	3
475131	677	579	891	4	3
475132	677	580	891	5	3
475133	677	581	891	6	3
475134	677	582	891	7	3
475135	677	583	891	8	3
480053	684	587	892	1	3
479350	683	586	892	2	3
478647	682	585	892	3	3
477945	681	585	892	4	3
477242	680	584	892	5	3
476540	679	584	892	6	3
475838	678	584	892	7	3
475136	677	584	892	8	3
475203	677	651	893	1	3
475781	678	527	894	1	3
476482	679	526	894	2	3
476481	679	525	894	3	3
476480	679	524	894	4	3
476479	679	523	894	5	3
475776	678	522	894	6	3
475073	677	521	894	7	3
479421	683	657	895	1	3
478718	682	656	895	2	3
478015	681	655	895	3	3
477312	680	654	895	4	3
476610	679	654	895	5	3
475907	678	653	895	6	3
475906	678	652	895	7	3
486299	693	515	896	1	3
485597	692	515	896	2	3
484895	691	515	896	3	3
484193	690	515	896	4	3
483491	689	515	896	5	3
482790	688	516	896	6	3
482088	687	516	896	7	3
481386	686	516	896	8	3
480683	685	515	896	9	3
479980	684	514	896	10	3
479277	683	513	896	11	3
478576	682	514	896	12	3
483639	689	663	897	1	3
482936	688	662	897	2	3
482233	687	661	897	3	3
481531	686	661	897	4	3
480829	685	661	897	5	3
480126	684	660	897	6	3
479423	683	659	897	7	3
479422	683	658	897	8	3
492051	701	651	898	1	3
491350	700	652	898	2	3
490649	699	653	898	3	3
489947	698	653	898	4	3
489246	697	654	898	5	3
488545	696	655	898	6	3
487844	695	656	898	7	3
487142	694	656	898	8	3
486441	693	657	898	9	3
485739	692	657	898	10	3
485038	691	658	898	11	3
484336	690	658	898	12	3
483633	689	657	898	13	3
482930	688	656	898	14	3
482227	687	655	898	15	3
481525	686	655	898	16	3
480824	685	656	898	17	3
480122	684	656	898	18	3
482254	687	682	899	1	3
482253	687	681	899	2	3
482954	688	680	899	3	3
483655	689	679	899	4	3
484356	690	678	899	5	3
484355	690	677	899	6	3
484354	690	676	899	7	3
484353	690	675	899	8	3
485054	691	674	899	9	3
484351	690	673	899	10	3
483648	689	672	899	11	3
483647	689	671	899	12	3
482959	688	685	900	1	3
482958	688	684	900	2	3
482957	688	683	900	3	3
483526	689	550	901	1	3
484227	690	549	901	2	3
484928	691	548	901	3	3
485629	692	547	901	4	3
486330	693	546	901	5	3
486329	693	545	901	6	3
486328	693	544	901	7	3
485625	692	543	901	8	3
485624	692	542	901	9	3
485623	692	541	901	10	3
485622	692	540	901	11	3
484919	691	539	901	12	3
483612	689	636	902	1	3
483611	689	635	902	2	3
483610	689	634	902	3	3
483609	689	633	902	4	3
483608	689	632	902	5	3
483607	689	631	902	6	3
484308	690	630	902	7	3
484307	690	629	902	8	3
485008	691	628	902	9	3
485007	691	627	902	10	3
484348	690	670	903	1	3
484347	690	669	903	2	3
483644	689	668	903	3	3
483643	689	667	903	4	3
483642	689	666	903	5	3
483641	689	665	903	6	3
483640	689	664	903	7	3
482881	688	607	904	1	3
482882	688	608	904	2	3
482883	688	609	904	3	3
482884	688	610	904	4	3
483587	689	611	904	5	3
483588	689	612	904	6	3
484291	690	613	904	7	3
484994	691	614	904	8	3
484995	691	615	904	9	3
484996	691	616	904	10	3
484997	691	617	904	11	3
484296	690	618	904	12	3
484297	690	619	904	13	3
485000	691	620	904	14	3
492765	702	663	905	1	3
492064	701	664	905	2	3
491363	700	665	905	3	3
491364	700	666	905	4	3
490662	699	666	905	5	3
489960	698	666	905	6	3
489258	697	666	905	7	3
488555	696	665	905	8	3
487852	695	664	905	9	3
487149	694	663	905	10	3
486447	693	663	905	11	3
485745	692	663	905	12	3
485043	691	663	905	13	3
484341	690	663	905	14	3
488564	696	674	906	1	3
487861	695	673	906	2	3
487159	694	673	906	3	3
486456	693	672	906	4	3
485754	692	672	906	5	3
485052	691	672	906	6	3
484349	690	671	906	7	3
484918	691	538	907	1	3
485619	692	537	907	2	3
485618	692	536	907	3	3
484915	691	535	907	4	3
485616	692	534	907	5	3
485615	692	533	907	6	3
486316	693	532	907	7	3
487017	694	531	907	8	3
487016	694	530	907	9	3
487015	694	529	907	10	3
487014	694	528	907	11	3
487013	694	527	907	12	3
487012	694	526	907	13	3
487011	694	525	907	14	3
487010	694	524	907	15	3
486307	693	523	907	16	3
486306	693	522	907	17	3
486305	693	521	907	18	3
486304	693	520	907	19	3
486303	693	519	907	20	3
486302	693	518	907	21	3
486301	693	517	907	22	3
486300	693	516	907	23	3
485703	692	621	908	1	3
485704	692	622	908	2	3
485003	691	623	908	3	3
485004	691	624	908	4	3
485006	691	626	909	1	3
485647	692	565	910	1	3
486349	693	565	910	2	3
487050	694	564	910	3	3
487752	695	564	910	4	3
488455	696	565	910	5	3
489157	697	565	910	6	3
489860	698	566	910	7	3
490563	699	567	910	8	3
490564	699	568	910	9	3
490565	699	569	910	10	3
491268	700	570	910	11	3
491269	700	571	910	12	3
491270	700	572	910	13	3
491271	700	573	910	14	3
491272	700	574	910	15	3
491975	701	575	910	16	3
492678	702	576	910	17	3
493381	703	577	910	18	3
494084	704	578	910	19	3
494787	705	579	910	20	3
495490	706	580	910	21	3
496193	707	581	910	22	3
496895	708	581	910	23	3
490609	699	613	911	1	3
489908	698	614	911	2	3
489206	697	614	911	3	3
488504	696	614	911	4	3
487803	695	615	911	5	3
487102	694	616	911	6	3
486401	693	617	911	7	3
486402	693	618	911	8	3
486403	693	619	911	9	3
485702	692	620	911	10	3
489220	697	628	912	1	3
488518	696	628	912	2	3
487816	695	628	912	3	3
487114	694	628	912	4	3
486411	693	627	912	5	3
485709	692	627	912	6	3
494023	704	517	913	1	3
493321	703	517	913	2	3
492618	702	516	913	3	3
491915	701	515	913	4	3
491213	700	515	913	5	3
490511	699	515	913	6	3
489809	698	515	913	7	3
489107	697	515	913	8	3
488405	696	515	913	9	3
487703	695	515	913	10	3
487001	694	515	913	11	3
492023	701	623	914	1	3
491322	700	624	914	2	3
490620	699	624	914	3	3
489918	698	624	914	4	3
489217	697	625	914	5	3
489218	697	626	914	6	3
489219	697	627	914	7	3
489897	698	603	915	1	3
489898	698	604	915	2	3
489899	698	605	915	3	3
489900	698	606	915	4	3
489901	698	607	915	5	3
489902	698	608	915	6	3
490605	699	609	915	7	3
490606	699	610	915	8	3
490607	699	611	915	9	3
490608	699	612	915	10	3
499055	711	635	916	1	3
498352	710	634	916	2	3
497649	709	633	916	3	3
496947	708	633	916	4	3
496244	707	632	916	5	3
495541	706	631	916	6	3
494839	705	631	916	7	3
494136	704	630	916	8	3
493434	703	630	916	9	3
492731	702	629	916	10	3
492029	701	629	916	11	3
491326	700	628	916	12	3
490624	699	628	916	13	3
489922	698	628	916	14	3
491280	700	582	917	1	3
491982	701	582	917	2	3
492685	702	583	917	3	3
493388	703	584	917	4	3
494091	704	585	917	5	3
494793	705	585	917	6	3
495495	706	585	917	7	3
496198	707	586	917	8	3
493416	703	612	918	1	3
492715	702	613	918	2	3
492013	701	613	918	3	3
491311	700	613	918	4	3
493364	703	560	919	1	3
494067	704	561	919	2	3
494769	705	561	919	3	3
495471	706	561	919	4	3
496173	707	561	919	5	3
496875	708	561	919	6	3
497577	709	561	919	7	3
498279	710	561	919	8	3
498981	711	561	919	9	3
499683	712	561	919	10	3
500384	713	560	919	11	3
495425	706	515	920	1	3
495426	706	516	920	2	3
494725	705	517	920	3	3
503858	718	524	921	1	3
503155	717	523	921	2	3
502452	716	522	921	3	3
501750	715	522	921	4	3
501048	714	522	921	5	3
500346	713	522	921	6	3
499643	712	521	921	7	3
499642	712	520	921	8	3
498939	711	519	921	9	3
498237	710	519	921	10	3
497534	709	518	921	11	3
496832	708	518	921	12	3
496130	707	518	921	13	3
495428	706	518	921	14	3
494726	705	518	921	15	3
495503	706	593	922	1	3
496205	707	593	922	2	3
496906	708	592	922	3	3
496166	707	554	923	1	3
496868	708	554	923	2	3
497569	709	553	923	3	3
498271	710	553	923	4	3
498973	711	553	923	5	3
499675	712	553	923	6	3
496900	708	586	924	1	3
496899	708	585	924	2	3
497600	709	584	924	3	3
497599	709	583	924	4	3
497608	709	592	925	1	3
497607	709	591	925	2	3
497606	709	590	925	3	3
496903	708	589	925	4	3
496902	708	588	925	5	3
496901	708	587	925	6	3
497598	709	582	926	1	3
498299	710	581	926	2	3
499000	711	580	926	3	3
499702	712	580	926	4	3
500403	713	579	926	5	3
501105	714	579	926	6	3
501807	715	579	926	7	3
502508	716	578	926	8	3
505338	720	600	927	1	3
504636	719	600	927	2	3
503933	718	599	927	3	3
503231	717	599	927	4	3
502528	716	598	927	5	3
501826	715	598	927	6	3
501123	714	597	927	7	3
500421	713	597	927	8	3
499718	712	596	927	9	3
499016	711	596	927	10	3
498313	710	595	927	11	3
497610	709	594	927	12	3
497609	709	593	927	13	3
497654	709	638	928	1	3
498355	710	637	928	2	3
499056	711	636	928	3	3
498252	710	534	929	1	3
498954	711	534	929	2	3
499656	712	534	929	3	3
500376	713	552	930	1	3
500375	713	551	930	2	3
499672	712	550	930	3	3
498969	711	549	930	4	3
498968	711	548	930	5	3
498967	711	547	930	6	3
498966	711	546	930	7	3
498965	711	545	930	8	3
498964	711	544	930	9	3
499665	712	543	930	10	3
499664	712	542	930	11	3
499663	712	541	930	12	3
498960	711	540	930	13	3
499661	712	539	930	14	3
499660	712	538	930	15	3
499659	712	537	930	16	3
500360	713	536	930	17	3
500359	713	535	930	18	3
498984	711	564	931	1	3
499686	712	564	931	2	3
500387	713	563	931	3	3
501089	714	563	931	4	3
500460	713	636	932	1	3
499757	712	635	932	2	3
500358	713	534	933	1	3
501059	714	533	933	2	3
501760	715	532	933	3	3
501759	715	531	933	4	3
501758	715	530	933	5	3
502459	716	529	933	6	3
502458	716	528	933	7	3
503159	717	527	933	8	3
503158	717	526	933	9	3
503859	718	525	933	10	3
501086	714	560	934	1	3
501085	714	559	934	2	3
500382	713	558	934	3	3
500381	713	557	934	4	3
500380	713	556	934	5	3
500379	713	555	934	6	3
500378	713	554	934	7	3
501079	714	553	934	8	3
501088	714	562	935	1	3
501087	714	561	935	2	3
503267	717	635	936	1	3
502565	716	635	936	2	3
501864	715	636	936	3	3
501162	714	636	936	4	3
504677	719	641	937	1	3
503974	718	640	937	2	3
503271	717	639	937	3	3
502569	716	639	937	4	3
501866	715	638	937	5	3
501163	714	637	937	6	3
503209	717	577	938	1	3
503208	717	576	938	2	3
503207	717	575	938	3	3
503206	717	574	938	4	3
503205	717	573	938	5	3
503204	717	572	938	6	3
503203	717	571	938	7	3
502500	716	570	938	8	3
502499	716	569	938	9	3
502498	716	568	938	10	3
502497	716	567	938	11	3
501794	715	566	938	12	3
501793	715	565	938	13	3
501792	715	564	938	14	3
501791	715	563	938	15	3
503950	718	616	939	1	3
503951	718	617	939	2	3
503250	717	618	939	3	3
503251	717	619	939	4	3
503252	717	620	939	5	3
503955	718	621	939	6	3
503956	718	622	939	7	3
504659	719	623	939	8	3
504660	719	624	939	9	3
504661	719	625	939	10	3
505364	720	626	939	11	3
505365	720	627	939	12	3
505366	720	628	939	13	3
504665	719	629	939	14	3
503964	718	630	939	15	3
503965	718	631	939	16	3
503264	717	632	939	17	3
502563	716	633	939	18	3
503266	717	634	939	19	3
506022	721	582	940	1	3
506021	721	581	940	2	3
505318	720	580	940	3	3
504615	719	579	940	4	3
503912	718	578	940	5	3
504671	719	635	941	1	3
503969	718	635	941	2	3
511584	729	528	942	1	3
510881	728	527	942	2	3
510179	727	527	942	3	3
509477	726	527	942	4	3
508775	725	527	942	5	3
508072	724	526	942	6	3
507370	723	526	942	7	3
506668	722	526	942	8	3
505966	721	526	942	9	3
505263	720	525	942	10	3
504561	719	525	942	11	3
512381	730	623	943	1	3
513084	731	624	943	2	3
513085	731	625	943	3	3
513086	731	626	943	4	3
512384	730	626	943	5	3
511683	729	627	943	6	3
510981	728	627	943	7	3
510280	727	628	943	8	3
509578	726	628	943	9	3
508877	725	629	943	10	3
508176	724	630	943	11	3
507475	723	631	943	12	3
506774	722	632	943	13	3
506073	721	633	943	14	3
506074	721	634	943	15	3
505373	720	635	943	16	3
521529	743	645	944	1	3
520827	742	645	944	2	3
520124	741	644	944	3	3
519421	740	643	944	4	3
518719	739	643	944	5	3
518017	738	643	944	6	3
517314	737	642	944	7	3
516611	736	641	944	8	3
515909	735	641	944	9	3
515207	734	641	944	10	3
514505	733	641	944	11	3
513803	732	641	944	12	3
513100	731	640	944	13	3
513099	731	639	944	14	3
512397	730	639	944	15	3
511694	729	638	944	16	3
510992	728	638	944	17	3
510289	727	637	944	18	3
509587	726	637	944	19	3
508885	725	637	944	20	3
508183	724	637	944	21	3
507481	723	637	944	22	3
506779	722	637	944	23	3
506076	721	636	944	24	3
505374	720	636	944	25	3
513701	732	539	945	1	3
513700	732	538	945	2	3
513699	732	537	945	3	3
513698	732	536	945	4	3
512995	731	535	945	5	3
512292	730	534	945	6	3
512291	730	533	945	7	3
512290	730	532	945	8	3
512289	730	531	945	9	3
512288	730	530	945	10	3
511585	729	529	945	11	3
512974	731	514	946	1	3
512975	731	515	946	2	3
513678	732	516	946	3	3
514381	733	517	946	4	3
515084	734	518	946	5	3
515085	734	519	946	6	3
515086	734	520	946	7	3
515087	734	521	946	8	3
514386	733	522	946	9	3
514387	733	523	946	10	3
513686	732	524	946	11	3
513687	732	525	946	12	3
512986	731	526	946	13	3
512285	730	527	946	14	3
512352	730	594	947	1	3
513053	731	593	947	2	3
513754	732	592	947	3	3
514455	733	591	947	4	3
514454	733	590	947	5	3
515155	734	589	947	6	3
515856	735	588	947	7	3
515855	735	587	947	8	3
515854	735	586	947	9	3
515151	734	585	947	10	3
515150	734	584	947	11	3
515149	734	583	947	12	3
515148	734	582	947	13	3
515147	734	581	947	14	3
515146	734	580	947	15	3
515145	734	579	947	16	3
515144	734	578	947	17	3
515845	735	577	947	18	3
515844	735	576	947	19	3
515843	735	575	947	20	3
515842	735	574	947	21	3
515841	735	573	947	22	3
515840	735	572	947	23	3
515839	735	571	947	24	3
515838	735	570	947	25	3
515837	735	569	947	26	3
515836	735	568	947	27	3
515835	735	567	947	28	3
515834	735	566	947	29	3
515833	735	565	947	30	3
515832	735	564	947	31	3
515831	735	563	947	32	3
515830	735	562	947	33	3
516531	736	561	947	34	3
516530	736	560	947	35	3
516529	736	559	947	36	3
516528	736	558	947	37	3
516527	736	557	947	38	3
517228	737	556	947	39	3
517227	737	555	947	40	3
517226	737	554	947	41	3
517225	737	553	947	42	3
517224	737	552	947	43	3
517223	737	551	947	44	3
516520	736	550	947	45	3
517221	737	549	947	46	3
517220	737	548	947	47	3
516518	736	548	947	48	3
515815	735	547	947	49	3
515113	734	547	947	50	3
514410	733	546	947	51	3
514409	733	545	947	52	3
514408	733	544	947	53	3
514407	733	543	947	54	3
514406	733	542	947	55	3
513703	732	541	947	56	3
513702	732	540	947	57	3
525632	749	536	948	1	3
524931	748	537	948	2	3
524229	747	537	948	3	3
523527	746	537	948	4	3
522825	745	537	948	5	3
522122	744	536	948	6	3
521420	743	536	948	7	3
520718	742	536	948	8	3
520016	741	536	948	9	3
519315	740	537	948	10	3
518613	739	537	948	11	3
517912	738	538	948	12	3
517211	737	539	948	13	3
516509	736	539	948	14	3
515807	735	539	948	15	3
515105	734	539	948	16	3
514403	733	539	948	17	3
523622	746	632	949	1	3
523623	746	633	949	2	3
523624	746	634	949	3	3
522923	745	635	949	4	3
522924	745	636	949	5	3
522223	744	637	949	6	3
522224	744	638	949	7	3
522225	744	639	949	8	3
522226	744	640	949	9	3
522227	744	641	949	10	3
522930	745	642	949	11	3
522931	745	643	950	1	3
522230	744	644	950	2	3
532064	758	650	951	1	3
531362	757	650	951	2	3
530660	756	650	951	3	3
529958	755	650	951	4	3
529255	754	649	951	5	3
528553	753	649	951	6	3
527850	752	648	951	7	3
527148	751	648	951	8	3
526445	750	647	951	9	3
526444	750	646	951	10	3
525742	749	646	951	11	3
525040	748	646	951	12	3
524338	747	646	951	13	3
523635	746	645	951	14	3
522933	745	645	951	15	3
522231	744	645	951	16	3
524332	747	640	952	1	3
523631	746	641	952	2	3
523632	746	642	952	3	3
146178	209	162	953	1	11
145477	208	163	953	2	11
127926	183	162	954	1	12
127923	183	159	955	1	12
