date,ymd,calaveras_reservoir,pond_f2,pond_f3e,pond_f3w,pond_f4,pond_f6,ready_mix_pond,san_antonio_reservoir
10/1/2010,20101001,703.2,-999,-999,-999,-999,-999,-999,464.9
10/2/2010,20101002,703,-999,-999,-999,-999,-999,-999,464.9
10/3/2010,20101003,702.8,-999,-999,-999,-999,-999,-999,464.9
10/4/2010,20101004,702.7,-999,-999,-999,-999,-999,-999,464.9
10/5/2010,20101005,702,-999,-999,-999,-999,-999,-999,464.9
10/6/2010,20101006,702,-999,-999,-999,-999,-999,-999,464.9
10/7/2010,20101007,701.9,-999,-999,-999,-999,-999,-999,464.8
10/8/2010,20101008,701.7,-999,-999,-999,-999,-999,-999,464.8
10/9/2010,20101009,701.5,-999,-999,-999,-999,-999,-999,464.8
10/10/2010,20101010,701.3,-999,-999,-999,-999,-999,-999,464.8
10/11/2010,20101011,701,-999,-999,-999,-999,-999,-999,464.8
10/12/2010,20101012,700.6,-999,-999,-999,-999,-999,-999,464.7
10/13/2010,20101013,700.3,-999,-999,-999,-999,-999,-999,464.7
10/14/2010,20101014,700.2,-999,-999,-999,-999,-999,-999,464.7
10/15/2010,20101015,700,-999,-999,-999,-999,-999,-999,464.7
10/16/2010,20101016,699.8,-999,-999,-999,-999,-999,-999,464.7
10/17/2010,20101017,699.4,-999,-999,-999,-999,-999,-999,464.7
10/18/2010,20101018,699.2,-999,-999,-999,-999,-999,-999,464.7
10/19/2010,20101019,698.9,-999,-999,-999,-999,-999,-999,464.7
10/20/2010,20101020,698.5,-999,-999,-999,-999,-999,-999,464.6
10/21/2010,20101021,698.3,-999,-999,-999,-999,-999,-999,464.6
10/22/2010,20101022,698.1,-999,-999,-999,-999,-999,-999,464.6
10/23/2010,20101023,697.9,-999,-999,-999,-999,-999,-999,464.6
10/24/2010,20101024,697.8,-999,-999,-999,-999,-999,-999,464.6
10/25/2010,20101025,697.8,-999,-999,-999,-999,-999,-999,464.6
10/26/2010,20101026,697.7,-999,-999,-999,-999,-999,-999,464.6
10/27/2010,20101027,697.6,-999,-999,-999,-999,-999,-999,464.6
10/28/2010,20101028,697.6,-999,-999,-999,-999,-999,-999,464.5
10/29/2010,20101029,697.6,-999,-999,-999,-999,-999,-999,464.4
10/30/2010,20101030,697.6,-999,-999,-999,-999,-999,-999,464.4
10/31/2010,20101031,697.6,-999,-999,-999,-999,-999,-999,464.2
11/1/2010,20101101,697.6,-999,-999,-999,-999,-999,-999,464.2
11/2/2010,20101102,697.4,-999,-999,-999,-999,-999,-999,464.1
11/3/2010,20101103,697.3,-999,-999,-999,-999,-999,-999,464
11/4/2010,20101104,697.6,-999,-999,-999,-999,-999,-999,463.9
11/5/2010,20101105,697.6,-999,-999,-999,-999,-999,-999,463.9
11/6/2010,20101106,697.6,-999,-999,-999,-999,-999,-999,464.1
11/7/2010,20101107,697.9,-999,-999,-999,-999,-999,-999,463.7
11/8/2010,20101108,697.7,-999,-999,-999,-999,-999,-999,463.7
11/9/2010,20101109,697.6,-999,-999,-999,-999,-999,-999,463.6
11/10/2010,20101110,697.7,-999,-999,-999,-999,-999,-999,463.6
11/11/2010,20101111,697.7,-999,-999,-999,-999,-999,-999,463.6
11/12/2010,20101112,697.7,-999,-999,-999,-999,-999,-999,463.5
11/13/2010,20101113,697.6,-999,-999,-999,-999,-999,-999,463.4
11/14/2010,20101114,697.6,-999,-999,-999,-999,-999,-999,463.3
11/15/2010,20101115,697.7,-999,-999,-999,-999,-999,-999,463.2
11/16/2010,20101116,697.7,-999,-999,-999,-999,-999,-999,463.1
11/17/2010,20101117,697.7,-999,-999,-999,-999,-999,-999,462.9
11/18/2010,20101118,697.7,-999,-999,-999,-999,-999,-999,462.7
11/19/2010,20101119,697.7,-999,-999,-999,-999,-999,-999,462.5
11/20/2010,20101120,697.8,-999,-999,-999,-999,-999,-999,462.5
11/21/2010,20101121,697.9,-999,-999,-999,-999,-999,-999,462.5
11/22/2010,20101122,698,-999,-999,-999,-999,-999,-999,462.4
11/23/2010,20101123,698,-999,-999,-999,-999,-999,-999,462.3
11/24/2010,20101124,698.1,-999,-999,-999,-999,-999,-999,462.3
11/25/2010,20101125,698.1,-999,-999,-999,-999,-999,-999,462.2
11/26/2010,20101126,698.2,-999,-999,-999,-999,-999,-999,462.1
11/27/2010,20101127,698.2,-999,-999,-999,-999,-999,-999,462
11/28/2010,20101128,698.2,-999,-999,-999,-999,-999,-999,461.9
11/29/2010,20101129,698.3,-999,-999,-999,-999,-999,-999,461.8
11/30/2010,20101130,698.3,-999,-999,-999,-999,-999,-999,461.7
12/1/2010,20101201,698.3,-999,-999,-999,-999,-999,-999,461.7
12/2/2010,20101202,698.4,-999,-999,-999,-999,-999,-999,461.7
12/3/2010,20101203,698.4,-999,-999,-999,-999,-999,-999,461.7
12/4/2010,20101204,698.4,-999,-999,-999,-999,-999,-999,461.6
12/5/2010,20101205,698.4,-999,-999,-999,-999,-999,-999,461.7
12/6/2010,20101206,698.4,-999,-999,-999,-999,-999,-999,461.7
12/7/2010,20101207,698.5,-999,-999,-999,-999,-999,-999,461.7
12/8/2010,20101208,698.5,-999,-999,-999,-999,-999,-999,461.7
12/9/2010,20101209,698.6,-999,-999,-999,-999,-999,-999,461.7
12/10/2010,20101210,698.7,-999,-999,-999,-999,-999,-999,461.7
12/11/2010,20101211,698.7,-999,-999,-999,-999,-999,-999,461.7
12/12/2010,20101212,698.8,-999,-999,-999,-999,-999,-999,461.7
12/13/2010,20101213,698.8,-999,-999,-999,-999,-999,-999,461.7
12/14/2010,20101214,698.9,-999,-999,-999,-999,-999,-999,461.7
12/15/2010,20101215,698.9,-999,-999,-999,-999,-999,-999,461.7
12/16/2010,20101216,699,-999,-999,-999,-999,-999,-999,461.7
12/17/2010,20101217,699,-999,-999,-999,-999,-999,-999,461.7
12/18/2010,20101218,699.1,-999,-999,-999,-999,-999,-999,461.6
12/19/2010,20101219,700,-999,-999,-999,-999,-999,-999,461.4
12/20/2010,20101220,702.2,-999,-999,-999,-999,-999,-999,461.6
12/21/2010,20101221,702.6,-999,-999,-999,-999,-999,-999,461.6
12/22/2010,20101222,703.1,-999,-999,-999,-999,-999,-999,461.3
12/23/2010,20101223,703.5,-999,-999,-999,-999,-999,-999,461.2
12/24/2010,20101224,703.8,-999,-999,-999,-999,-999,-999,461.1
12/25/2010,20101225,704,-999,-999,-999,-999,-999,-999,461
12/26/2010,20101226,704.3,-999,-999,-999,-999,-999,-999,460.8
12/27/2010,20101227,704.9,-999,-999,-999,-999,-999,-999,460.6
12/28/2010,20101228,704.9,-999,-999,-999,-999,-999,-999,460.6
12/29/2010,20101229,706.5,-999,-999,-999,-999,-999,-999,460.8
12/30/2010,20101230,708.5,-999,-999,-999,-999,-999,-999,460.9
12/31/2010,20101231,709,-999,-999,-999,-999,-999,-999,461
1/1/2011,20110101,709.2,-999,-999,-999,-999,-999,-999,460.9
1/2/2011,20110102,709.4,-999,-999,-999,-999,-999,-999,461.1
1/3/2011,20110103,709.8,-999,-999,-999,-999,-999,-999,461.2
1/4/2011,20110104,709.9,-999,-999,-999,-999,-999,-999,461.2
1/5/2011,20110105,710,-999,-999,-999,-999,-999,-999,461.2
1/6/2011,20110106,710.3,-999,-999,-999,-999,-999,-999,461.2
1/7/2011,20110107,710.4,-999,-999,-999,-999,-999,-999,461.2
1/8/2011,20110108,710.5,-999,-999,-999,-999,-999,-999,461.2
1/9/2011,20110109,710.5,-999,-999,-999,-999,-999,-999,461.2
1/10/2011,20110110,710.3,-999,-999,-999,-999,-999,-999,461.2
1/11/2011,20110111,710.1,-999,-999,-999,-999,-999,-999,461.3
1/12/2011,20110112,709.9,-999,-999,-999,-999,-999,-999,461.3
1/13/2011,20110113,709.9,-999,-999,-999,-999,-999,-999,461.3
1/14/2011,20110114,709.8,-999,-999,-999,-999,-999,-999,461.2
1/15/2011,20110115,709.8,-999,-999,-999,-999,-999,-999,461.3
1/16/2011,20110116,709.7,-999,-999,-999,-999,-999,-999,461.3
1/17/2011,20110117,709.6,-999,-999,-999,-999,-999,-999,461.3
1/18/2011,20110118,709.4,-999,-999,-999,-999,-999,-999,461.3
1/19/2011,20110119,709.3,-999,-999,-999,-999,-999,-999,461.4
1/20/2011,20110120,709.2,-999,-999,-999,-999,-999,-999,461.3
1/21/2011,20110121,709.1,-999,-999,-999,-999,-999,-999,461.3
1/22/2011,20110122,709,-999,-999,-999,-999,-999,-999,461.3
1/23/2011,20110123,709,-999,-999,-999,-999,-999,-999,461.3
1/24/2011,20110124,708.9,-999,-999,-999,-999,-999,-999,461.3
1/25/2011,20110125,708.7,-999,-999,-999,-999,-999,-999,461.3
1/26/2011,20110126,708.5,-999,-999,-999,-999,-999,-999,461.3
1/27/2011,20110127,708.5,-999,-999,-999,-999,-999,-999,461.3
1/28/2011,20110128,708.2,-999,-999,-999,-999,-999,-999,461.2
1/29/2011,20110129,708,-999,-999,-999,-999,-999,-999,461.2
1/30/2011,20110130,707.9,-999,-999,-999,-999,-999,-999,461.3
1/31/2011,20110131,707.8,-999,-999,-999,-999,-999,-999,461.3
2/1/2011,20110201,707.6,-999,-999,-999,-999,-999,-999,461.3
2/2/2011,20110202,707.4,-999,-999,-999,-999,-999,-999,461.3
2/3/2011,20110203,707.3,-999,-999,-999,-999,-999,-999,461.3
2/4/2011,20110204,706.9,-999,-999,-999,-999,-999,-999,461.3
2/5/2011,20110205,706.9,-999,-999,-999,-999,-999,-999,461.2
2/6/2011,20110206,706.7,-999,-999,-999,-999,-999,-999,461.3
2/7/2011,20110207,706.5,-999,-999,-999,-999,-999,-999,461.3
2/8/2011,20110208,706,-999,-999,-999,-999,-999,-999,461.3
2/9/2011,20110209,705.8,-999,-999,-999,-999,-999,-999,461.3
2/10/2011,20110210,705.6,-999,-999,-999,-999,-999,-999,461.3
2/11/2011,20110211,705.4,-999,-999,-999,-999,-999,-999,461.3
2/12/2011,20110212,704.9,-999,-999,-999,-999,-999,-999,461.3
2/13/2011,20110213,704.9,-999,-999,-999,-999,-999,-999,461.3
2/14/2011,20110214,704.6,-999,-999,-999,-999,-999,-999,461.3
2/15/2011,20110215,704.2,-999,-999,-999,-999,-999,-999,461.3
2/16/2011,20110216,704.3,-999,-999,-999,-999,-999,-999,461.4
2/17/2011,20110217,704.4,-999,-999,-999,-999,-999,-999,461.4
2/18/2011,20110218,705.7,-999,-999,-999,-999,-999,-999,461.6
2/19/2011,20110219,707.7,-999,-999,-999,-999,-999,-999,461.9
2/20/2011,20110220,709.2,-999,-999,-999,-999,-999,-999,462.2
2/21/2011,20110221,709.9,-999,-999,-999,-999,-999,-999,462.3
2/22/2011,20110222,710,-999,-999,-999,-999,-999,-999,462.4
2/23/2011,20110223,710.5,-999,-999,-999,-999,-999,-999,462.4
2/24/2011,20110224,710.6,-999,-999,-999,-999,-999,-999,462.4
2/25/2011,20110225,710.9,-999,-999,-999,-999,-999,-999,462.8
2/26/2011,20110226,715.1,-999,-999,-999,-999,-999,-999,463.5
2/27/2011,20110227,716.2,-999,-999,-999,-999,-999,-999,463.5
2/28/2011,20110228,716.7,-999,-999,-999,-999,-999,-999,463.7
3/1/2011,20110301,716.9,-999,-999,-999,-999,-999,-999,463.7
3/2/2011,20110302,717,-999,-999,-999,-999,-999,-999,463.7
3/3/2011,20110303,717.2,-999,203.9076,229.2381818,-999,-999,-999,463.8
3/4/2011,20110304,717.3,-999,204.0530208,229.3742708,-999,-999,-999,463.8
3/5/2011,20110305,717.4,-999,204.3211458,229.5509375,-999,-999,-999,463.8
3/6/2011,20110306,717.4,-999,204.5854167,229.6988542,-999,-999,-999,463.9
3/7/2011,20110307,717.4,-999,204.8409375,229.78375,-999,-999,-999,463.9
3/8/2011,20110308,717.4,-999,205.0805208,229.8207292,-999,-999,-999,464
3/9/2011,20110309,717.4,-999,205.3064583,229.7814583,-999,-999,-999,464
3/10/2011,20110310,717.4,-999,205.5386458,229.6973958,-999,-999,-999,464
3/11/2011,20110311,717.4,-999,205.734375,229.67875,-999,-999,-999,464.3
3/12/2011,20110312,717.2,-999,205.9478125,229.715,-999,-999,-999,464.1
3/13/2011,20110313,717.2,-999,206.1527083,229.7711458,-999,-999,-999,464.1
3/14/2011,20110314,717.2,-999,206.3696875,229.7995833,-999,-999,-999,464.1
3/15/2011,20110315,717.1,-999,206.5921875,229.8013542,-999,-999,-999,464.1
3/16/2011,20110316,717,-999,206.8339583,229.8577083,-999,-999,-999,464.2
3/17/2011,20110317,717.1,-999,207.1318391,229.9473864,-999,158.07375,257.5080556,464.2
3/18/2011,20110318,717.1,-999,207.5140625,229.9916667,-999,158.3371875,257.5379167,464.4
3/19/2011,20110319,717.4,-999,207.9572917,230.075625,-999,158.5202083,257.9278125,464.7
3/20/2011,20110320,719.2,-999,208.4964583,230.8030208,-999,158.8376042,258.2054167,465.3
3/21/2011,20110321,722.9,-999,209.0127083,231.3466667,-999,159.1877083,258.2370833,466
3/22/2011,20110322,724.1,-999,209.4402083,231.280625,-999,159.476875,258.2857292,466.6
3/23/2011,20110323,724.8,-999,209.8776042,231.2045833,-999,159.8221875,258.4940625,466.9
3/24/2011,20110324,727,-999,210.3558333,231.4733333,-999,160.4135417,258.8895833,467.5
3/25/2011,20110325,731.1,-999,210.7965625,232.4879167,-999,161.1483333,259.9121875,469
3/26/2011,20110326,732.4,-999,210.5309375,233.1302083,-999,161.6490625,260.0538542,469.1
3/27/2011,20110327,732.9,-999,210.1311458,233.5002083,-999,162.0664583,260.0973958,469
3/28/2011,20110328,732.6,-999,209.6940625,233.4669792,-999,162.5591667,260.0398958,468.9
3/29/2011,20110329,732,-999,209.2384375,233.2771875,-999,163.0852083,259.9657292,468.7
3/30/2011,20110330,731,-999,208.7698958,233.0646875,-999,163.6197917,259.9591667,468.6
3/31/2011,20110331,730.6,-999,208.3028125,232.9014583,-999,164.095625,259.8183333,468.6
4/1/2011,20110401,729.4,-999,207.9376042,232.780625,-999,164.6216667,259.4825,468.6
4/2/2011,20110402,728.3,-999,207.5239583,232.6820833,-999,165.1484375,259.0279167,468.5
4/3/2011,20110403,727.35,-999,207.0557292,232.5873958,-999,165.5522917,258.63375,468.4
4/4/2011,20110404,726.4,-999,206.6152083,232.4392708,-999,165.8864583,258.2902083,468.4
4/5/2011,20110405,725.4,-999,206.1728125,232.2988542,-999,166.3672917,258.15,468.4
4/6/2011,20110406,724.7,-999,205.7408333,232.22875,-999,166.7989583,258.1114583,468.4
4/7/2011,20110407,723.6,-999,205.3111458,232.1471875,-999,167.2520833,258.2071875,468.3
4/8/2011,20110408,723.4,-999,204.8921875,231.8760417,-999,167.6535417,258.1058333,468.4
4/9/2011,20110409,723,-999,204.4927083,231.5992708,-999,167.9709375,258.0638542,468.4
4/10/2011,20110410,722.8,-999,204.0716667,231.4090625,-999,168.2844792,258.0835417,468.3
4/11/2011,20110411,722.5,-999,203.6394792,231.2773958,-999,168.5960417,258.0320833,468.3
4/12/2011,20110412,722.2,-999,203.2394792,231.1745833,-999,168.9190625,257.9766667,468.3
4/13/2011,20110413,721.9,-999,202.8022917,231.075,-999,169.2360417,258.2441667,468.3
4/14/2011,20110414,721.6,-999,201.8385417,231.0275,-999,169.56125,258.2660417,468.3
4/15/2011,20110415,721.4,-999,200.6304167,230.988125,-999,169.8664583,258.30125,468.4
4/16/2011,20110416,721.1,-999,199.419375,230.940625,-999,170.1553125,258.4426042,468.4
4/17/2011,20110417,720.8,-999,198.21,230.9010417,-999,170.6730208,258.461875,468.4
4/18/2011,20110418,720.4,-999,196.9915625,230.7780208,-999,171.218125,258.4372917,468.1
4/19/2011,20110419,720.2,-999,195.7533333,230.58875,-999,171.7265625,258.2969792,468.1
4/20/2011,20110420,720,-999,194.4982292,230.4590625,-999,172.2116667,258.2366667,468
4/21/2011,20110421,719.8,-999,193.238125,230.3583333,-999,172.5707292,258.1926042,467.9
4/22/2011,20110422,719.5,-999,191.9492708,230.2914583,-999,173.0119792,258.3183333,467.9
4/23/2011,20110423,719.3,-999,190.6901042,230.2251042,-999,173.4725,258.2998958,467.9
4/24/2011,20110424,719.1,-999,189.3994792,230.1770833,-999,173.92375,258.2796875,467.8
4/25/2011,20110425,718.8,-999,188.1603125,230.1071875,-999,174.3919792,258.1938542,467.7
4/26/2011,20110426,718.7,-999,186.88625,230.0288542,-999,174.8567708,258.0859375,467.6
4/27/2011,20110427,718.4,-999,185.616875,230.1826042,-999,175.2939583,258.0608333,467.5
4/28/2011,20110428,718,-999,184.7281818,230.4165625,-999,175.7015625,258.0623958,467.3
4/29/2011,20110429,717.9,-999,-999,230.3319792,-999,176.1465625,258.01625,467.1
4/30/2011,20110430,717.6,-999,-999,230.0852083,-999,176.5146875,258.0847917,466.9
5/1/2011,20110501,717.4,-999,-999,229.9048958,-999,176.7476042,258.1345833,466.7
5/2/2011,20110502,717.1,-999,-999,229.8022917,-999,176.9441667,257.9998958,466.6
5/3/2011,20110503,716.9,-999,-999,229.706875,-999,177.1380208,257.89375,466.3
5/4/2011,20110504,716.5,-999,181.4366667,229.6340625,247.5845455,177.2391667,257.8891667,466
5/5/2011,20110505,716.3,-999,181.8535417,229.5627083,247.6641667,177.198125,257.845625,465.8
5/6/2011,20110506,716.1,-999,182.4351042,229.4845833,247.5196875,176.79125,257.903125,465.7
5/7/2011,20110507,715.9,-999,183.0035417,229.345,247.578125,176.5057292,257.9754167,465.3
5/8/2011,20110508,715.7,-999,183.5497917,229.1914583,247.8327083,176.4241667,258.0171875,465.2
5/9/2011,20110509,715.5,-999,184.1201042,229.0951042,247.8428125,176.3069792,257.9314583,465
5/10/2011,20110510,715.4,-999,184.6727083,228.9642708,247.6602083,176.3917708,257.8835417,464.7
5/11/2011,20110511,715.4,-999,185.2071875,228.7926042,247.4566667,176.4888542,257.776875,464.4
5/12/2011,20110512,715.3,-999,185.7323958,228.6053125,247.3589583,176.5809375,257.6461458,464.2
5/13/2011,20110513,715.2,-999,186.273125,228.4569792,247.3167708,176.5545833,257.6134375,464
5/14/2011,20110514,715,-999,186.8009375,228.3014583,247.3327083,176.486875,257.6620833,463.7
5/15/2011,20110515,715,-999,187.3573958,228.2029167,247.82875,176.1538542,257.7195833,463.4
5/16/2011,20110516,714.9,-999,187.895625,228.1776042,248.0660417,175.7142708,257.6347917,463.3
5/17/2011,20110517,715,-999,188.4435417,228.1476042,248.165,175.1352083,257.7410417,463.1
5/18/2011,20110518,714.9,-999,188.9910417,228.0870833,248.1922917,174.5907292,257.8026042,463
5/19/2011,20110519,714.9,-999,189.5059375,228.0459375,248.4486458,173.640625,257.8183333,462.9
5/20/2011,20110520,714.8,-999,190.0077083,228.0290625,248.7492708,172.4933333,257.8172917,462.8
5/21/2011,20110521,714.8,-999,190.5275,228.029375,248.8598958,171.3,257.8214583,462.6
5/22/2011,20110522,714.7,-999,191.0190625,228.03,249.0027083,170.0070833,257.7785417,462.4
5/23/2011,20110523,714.6,-999,191.5169792,227.9764583,248.7914583,168.9236458,257.7679167,462.3
5/24/2011,20110524,714.6,-999,192.0435417,227.8792708,248.74,167.7507292,257.7429167,462.2
5/25/2011,20110525,714.5,-999,192.5405208,227.7676042,248.838125,166.4542708,257.7278125,462
5/26/2011,20110526,714.5,-999,193.0721875,227.6741667,248.8305208,165.1044792,257.7060417,461.7
5/27/2011,20110527,714.5,-999,193.5485417,227.5780208,248.839375,163.76125,257.6120833,461.5
5/28/2011,20110528,714.5,-999,194.0171875,227.5125,248.9866667,162.185,257.5504167,461.4
5/29/2011,20110529,714.6,-999,194.4948958,227.4448958,249.0496875,160.6440625,257.5725,461.1
5/30/2011,20110530,714.6,-999,194.9736458,227.3857292,249.05375,159.030625,257.571875,460.8
5/31/2011,20110531,714.6,-999,195.4248958,227.2823958,248.9616667,157.3495833,257.5216667,460.7
6/1/2011,20110601,714.7,-999,195.8910417,227.1644792,248.8433333,155.7570833,257.5876042,460.4
6/2/2011,20110602,714.7,-999,196.3561458,227.0492708,248.7870833,154.245625,257.6,460.2
6/3/2011,20110603,714.7,-999,196.8080208,227.0180208,248.5907292,152.9721875,257.5569792,460
6/4/2011,20110604,714.8,-999,197.3054167,227.7175,248.624375,151.6416667,257.5932292,460
6/5/2011,20110605,714.8,-999,197.7735417,228.2935417,248.5905208,150.42,257.6351042,459.8
6/6/2011,20110606,714.9,-999,198.235,228.5784375,248.5147917,149.0709375,257.6214583,459.8
6/7/2011,20110607,714.8,-999,198.7070833,228.7688542,248.4021875,147.9122917,257.5846875,460
6/8/2011,20110608,714.5,-999,199.1483333,228.8590625,248.1590625,147.2309375,257.5061458,460
6/9/2011,20110609,714.3,-999,199.5966667,228.92,248.3796875,145.8196875,257.4425,460.7
6/10/2011,20110610,714.1,-999,200.0611458,228.9728125,248.2889583,144.6707292,257.5085417,460.9
6/11/2011,20110611,713.8,-999,200.4555208,228.9915625,248.4330208,143.195,257.56,461.2
6/12/2011,20110612,713.6,-999,200.7110417,229.0229167,248.6629167,141.1003125,257.5183333,461.4
6/13/2011,20110613,713.3,-999,201.1567708,229.0065625,248.5309375,139.2220833,257.40625,461.7
6/14/2011,20110614,713,-999,201.6153125,228.9629167,248.001875,138.2607292,257.4569792,462
6/15/2011,20110615,712.7,-999,202.0769792,228.8090625,247.5461458,137.9940625,257.4307292,462.3
6/16/2011,20110616,712.5,-999,202.5190625,228.5713542,247.6172917,136.8658333,257.2772917,462.4
6/17/2011,20110617,712.1,-999,202.9584375,228.4132292,247.5527083,135.7430208,257.3825,462.7
6/18/2011,20110618,711.8,-999,203.3840625,228.3495833,247.5782292,134.5792708,257.385,462.8
6/19/2011,20110619,711.3,-999,203.8161458,228.35375,247.7521875,133.4286458,257.3690625,463.2
6/20/2011,20110620,711.1,-999,204.2575,228.4038542,247.7602083,132.1007292,257.2875,463.4
6/21/2011,20110621,710.8,-999,204.661875,228.381875,247.3592708,131.7269792,257.2613542,463.7
6/22/2011,20110622,710.6,-999,205.0633333,228.3148958,247.0796875,131.5938542,257.1115625,463.9
6/23/2011,20110623,710.3,-999,205.4661458,228.1519792,246.7923958,131.2992708,257.0591667,464.1
6/24/2011,20110624,710.1,-999,205.8575,227.3344792,246.6792708,130.9688542,257.0545833,464.3
6/25/2011,20110625,709.9,-999,206.2239583,226.6566667,246.6176042,130.6959375,256.958125,464.5
6/26/2011,20110626,709.6,-999,206.5578125,226.1815625,246.6826042,130.4670833,256.9280208,464.6
6/27/2011,20110627,709.3,-999,206.8955208,225.81375,246.6446875,130.1820833,256.7960417,464.8
6/28/2011,20110628,708.9,-999,207.2290625,225.5171875,246.4453125,130.0701042,256.7383333,465.1
6/29/2011,20110629,708.7,-999,207.5655208,225.3103125,246.3438542,130.1984375,256.8390625,465.4
6/30/2011,20110630,708.4,-999,207.8507292,225.1322917,246.1530208,129.8711458,256.83625,465.6
7/1/2011,20110701,708.1,-999,208.1165625,224.94875,246.0938542,129.629661,256.9420833,465.8
7/2/2011,20110702,707.8,-999,208.3617708,224.7857292,246.1361458,-999,256.9302083,466.2
7/3/2011,20110703,707.9,-999,208.606875,224.6860417,246.2923958,-999,256.895625,466.4
7/4/2011,20110704,707.2,-999,208.8223958,224.54375,246.4269792,-999,256.8502083,466.6
7/5/2011,20110705,706.7,-999,209.0179167,224.4526042,246.4078125,-999,256.7461458,466.8
7/6/2011,20110706,706.4,-999,209.2052083,224.3283333,246.2926042,-999,256.5792708,467
7/7/2011,20110707,706.2,-999,209.3534375,224.2203125,246.1554167,-999,256.3604167,467.2
7/8/2011,20110708,705.9,-999,209.5033333,224.119375,246.0151042,-999,256.381875,467.5
7/9/2011,20110709,705.8,-999,209.64375,224.0704167,245.8916667,-999,256.5888542,467.5
7/10/2011,20110710,705.6,-999,209.7772917,224.0079167,245.9663542,-999,256.5867708,467.5
7/11/2011,20110711,705.5,-999,209.8701042,223.95,245.9327083,-999,256.4030208,467.4
7/12/2011,20110712,705.2,-999,209.9810417,223.8873958,245.7485417,-999,256.3389583,467.3
7/13/2011,20110713,705.1,-999,210.0876042,223.8027083,245.5883333,-999,256.4346875,467.2
7/14/2011,20110714,705.1,-999,209.9961458,223.7591667,245.3647917,-999,256.5482292,467.2
7/15/2011,20110715,704.9,-999,209.2409375,223.7363542,245.1779167,-999,256.6633333,467.3
7/16/2011,20110716,704.8,-999,208.4590625,223.7520833,245.0998958,-999,257.0123958,467.2
7/17/2011,20110717,704.6,-999,207.7111458,223.8030208,245.2695833,-999,257.41875,467.2
7/18/2011,20110718,704.6,-999,206.9703125,223.8064583,245.3054167,-999,257.5597917,467.2
7/19/2011,20110719,704.2,-999,206.2448958,223.8060417,245.15625,-999,257.5408333,467.1
7/20/2011,20110720,704.2,-999,205.5189583,223.795,245.0815625,-999,257.5692708,467.1
7/21/2011,20110721,704.3,-999,205.0427083,223.7863542,244.9184375,-999,257.7303125,467.1
7/22/2011,20110722,704.2,-999,205.2739583,223.73875,244.7976042,-999,257.9539583,467.2
7/23/2011,20110723,704.1,-999,205.5628125,223.6544792,244.7975,-999,258.3542708,467.1
7/24/2011,20110724,704,-999,205.8363542,223.5829167,244.9538542,-999,258.7790625,467.1
7/25/2011,20110725,703.9,-999,206.0953125,223.4965625,244.9967708,-999,258.9646875,467
7/26/2011,20110726,703.9,-999,206.3405208,223.4005208,244.8707292,-999,259.009375,467
7/27/2011,20110727,703.9,-999,206.57,223.3134375,244.7164583,-999,259.076875,466.9
7/28/2011,20110728,703.9,-999,206.72375,223.2659375,244.3566667,-999,258.8979167,466.8
7/29/2011,20110729,703.9,-999,206.1405208,223.2495833,243.8434375,-999,258.7886458,466.8
7/30/2011,20110730,703.8,-999,205.4182292,223.2508333,243.3420833,-999,258.7466667,466.6
7/31/2011,20110731,703.8,-999,204.7217708,223.2383333,242.8244792,-999,258.7348958,466.7
8/1/2011,20110801,703.8,-999,204.0410417,223.1697917,242.3347917,-999,258.6282292,466.6
8/2/2011,20110802,703.6,-999,203.3435417,223.0741667,241.7503125,-999,258.3625,466.5
8/3/2011,20110803,703.6,-999,202.6758333,222.9028125,241.5938542,-999,257.9602083,466.4
8/4/2011,20110804,703.8,-999,202.013125,222.7651042,241.5260417,-999,257.6488542,466.3
8/5/2011,20110805,703.4,-999,201.3538542,222.631875,241.3857292,-999,257.2875,466.3
8/6/2011,20110806,703.3,-999,200.6908333,222.5371875,241.3122917,-999,256.9858333,466.2
8/7/2011,20110807,703.6,-999,200.0382292,222.420625,240.9579167,-999,256.9254167,466.1
8/8/2011,20110808,703.1,-999,199.6097917,222.2841667,240.7403125,-999,256.7426042,466.1
8/9/2011,20110809,703.6,-999,199.8991667,222.1092708,240.4311458,-999,256.4325,466
8/10/2011,20110810,703.5,-999,200.2114583,221.9027083,239.8775,-999,256.3008333,466
8/11/2011,20110811,703.6,-999,200.5296875,221.6722917,239.4016667,-999,256.4297917,465.8
8/12/2011,20110812,703.6,-999,200.8359375,221.4892708,239.0325,-999,256.451875,465.7
8/13/2011,20110813,703.5,-999,201.1672917,221.3066667,238.7209375,-999,256.3819792,465.7
8/14/2011,20110814,703.5,-999,201.4609375,221.1159375,238.5882292,-999,256.6219792,465.6
8/15/2011,20110815,703.5,-999,201.7423958,220.9497917,238.5538542,-999,256.7339583,465.6
8/16/2011,20110816,703.5,-999,202.0453125,220.7513542,238.3408333,-999,256.6165625,465.4
8/17/2011,20110817,703.4,-999,202.3120833,220.5284375,238.1580208,-999,256.5176042,465.4
8/18/2011,20110818,703.4,-999,202.5896875,220.3419792,237.9153125,-999,256.5630208,465.4
8/19/2011,20110819,703.4,-999,202.8573958,220.1715625,237.5105208,-999,256.5860417,465.3
8/20/2011,20110820,703.5,-999,203.1403125,219.9621875,237.1838542,-999,256.4788542,465.2
8/21/2011,20110821,703.4,-999,203.3941667,219.746875,236.9115625,-999,256.6298958,465.1
8/22/2011,20110822,703.4,-999,203.6580208,219.53125,236.7326042,-999,256.6848958,465
8/23/2011,20110823,703.3,-999,203.9247917,219.1677083,236.56625,-999,256.6236458,464.8
8/24/2011,20110824,703.4,-999,204.1421875,218.91,236.343125,-999,256.4794792,464.8
8/25/2011,20110825,703.4,-999,204.3655208,218.6460417,236.2153125,-999,256.3738542,464.9
8/26/2011,20110826,703.4,-999,204.5877083,218.4191667,235.9944792,-999,256.3244792,464.9
8/27/2011,20110827,703.3,-999,204.8127083,218.1735417,235.7421875,-999,256.40125,464.9
8/28/2011,20110828,703.3,-999,205.0138542,217.9419792,235.4538542,-999,256.6845833,464.9
8/29/2011,20110829,703.3,-999,205.1990625,217.6710417,235.2578125,-999,256.7857292,464.8
8/30/2011,20110830,703.3,-999,205.4030208,217.3905208,235.0642708,-999,256.868125,464.8
8/31/2011,20110831,703.3,-999,205.5840625,217.075,234.8791667,-999,256.9292708,464.8
9/1/2011,20110901,703.1,-999,205.7638542,216.7580208,234.8013542,-999,256.8282292,465.1
9/2/2011,20110902,702.9,-999,205.9521875,216.4298958,234.611875,-999,256.7209375,465.1
9/3/2011,20110903,702.8,-999,206.0745833,216.1080208,234.3873958,-999,256.818125,465.1
9/4/2011,20110904,702.8,-999,206.224375,215.7580208,234.2664583,-999,257.0954167,465.3
9/5/2011,20110905,702.7,-999,206.3579167,215.4260417,234.1647917,-999,257.4180208,465.3
9/6/2011,20110906,702.7,-999,206.511875,215.07125,233.9966667,-999,257.5140625,465.3
9/7/2011,20110907,702.6,-999,206.6265625,214.6589583,233.689375,-999,257.3825,465.3
9/8/2011,20110908,702.6,-999,206.7452083,214.21125,233.6195833,-999,257.2938542,465.5
9/9/2011,20110909,702.3,-999,206.8480208,213.7643956,233.3544048,-999,257.1898851,465.5
9/10/2011,20110910,702.3,-999,206.9515625,213.3233333,233.0142708,-999,257.1876042,465.5
9/11/2011,20110911,702.2,-999,207.064375,212.854375,232.7605208,-999,257.3166667,465.5
9/12/2011,20110912,702.2,-999,207.1569792,212.354375,232.5703125,-999,257.3664583,465.5
9/13/2011,20110913,702.2,-999,207.2528125,211.8607292,232.3642708,-999,257.2440625,465.5
9/14/2011,20110914,702.2,-999,207.3326042,211.3248958,232.4064583,-999,257.1603125,465.5
9/15/2011,20110915,702.2,-999,207.4252083,210.7972917,232.0304167,-999,257.0576042,465.4
9/16/2011,20110916,702.2,-999,207.4814583,210.2378125,231.6304167,-999,257.079375,465.4
9/17/2011,20110917,702.2,-999,207.5827083,209.7215625,231.3521875,-999,257.0784375,465.4
9/18/2011,20110918,702.2,-999,207.6757292,209.1816667,231.3045833,-999,257.218125,465.4
9/19/2011,20110919,702.2,-999,207.734375,208.595,231.2260417,-999,257.23625,465.4
9/20/2011,20110920,702.2,-999,207.6976042,207.9460417,231.0042708,-999,256.9145833,465.3
9/21/2011,20110921,702.2,-999,207.2614583,207.2567708,230.8698958,-999,256.5495833,465.3
9/22/2011,20110922,702.2,-999,206.7654167,206.5155208,230.708125,-999,256.1232292,465.4
9/23/2011,20110923,702.2,-999,206.3158333,205.7508333,230.2510417,-999,255.7626042,465.4
9/24/2011,20110924,702.2,-999,205.7840625,205.6608333,230.08375,-999,255.4570833,465.4
9/25/2011,20110925,702,-999,204.974375,206.7308333,230.1029167,-999,255.3238542,465.3
9/26/2011,20110926,702,-999,204.3382292,207.7641667,230.0963542,-999,255.170625,465.2
9/27/2011,20110927,702,-999,204.190625,208.7535417,230.1784375,-999,255.17,465.2
9/28/2011,20110928,702,-999,204.0789583,209.7146875,230.2057292,-999,255.1466667,465.2
9/29/2011,20110929,702,-999,203.9310417,210.5590625,229.9634375,-999,255.2461458,465.2
9/30/2011,20110930,701.9,-999,203.7835417,211.3436458,229.8423958,-999,255.1926042,465.1
10/1/2011,20111001,701.9,-999,203.6678125,212.0769792,229.8495833,-999,254.9984375,465.2
10/2/2011,20111002,702,-999,203.5373958,212.7464583,229.8633333,-999,254.94375,465.1
10/3/2011,20111003,701.9,-999,203.3945833,213.4016667,229.7945833,-999,254.8009375,465.1
10/4/2011,20111004,701.9,-999,203.2577083,214.05,229.7133333,-999,254.8013542,465.1
10/5/2011,20111005,702.1,-999,203.1730208,214.6092708,229.6619792,-999,254.8040625,465.1
10/6/2011,20111006,702.2,-999,203.0805208,215.1317708,229.6888542,-999,254.7954167,465.1
10/7/2011,20111007,702.2,-999,202.9465625,215.6078125,229.5776042,-999,254.9678125,465.1
10/8/2011,20111008,702.2,-999,202.8266667,216.0575,229.4615625,-999,255.1755208,465.1
10/9/2011,20111009,702.1,-999,202.6970833,216.4248958,229.4514583,-999,255.4808333,465.1
10/10/2011,20111010,702.1,-999,202.5497917,216.8054167,229.44625,-999,255.5790625,465.1
10/11/2011,20111011,702.1,-999,202.440625,217.1423958,229.3809375,-999,255.458125,465.1
10/12/2011,20111012,702.2,-999,202.34,217.4235417,229.1658333,-999,255.3860417,465.1
10/13/2011,20111013,702.3,-999,202.2138542,217.6263542,229.0317708,-999,255.36,465.1
10/14/2011,20111014,702.2,-999,202.1016667,217.8390625,228.8165625,-999,255.2992708,465.1
10/15/2011,20111015,702.2,-999,201.9683333,218.0411458,228.7464583,-999,255.4121875,465.1
10/16/2011,20111016,702.1,-999,201.8445833,218.2161458,228.7298958,-999,255.6770833,465.1
10/17/2011,20111017,702.2,-999,201.7130208,218.3753125,228.6191667,-999,255.7570833,465
10/18/2011,20111018,702.2,-999,201.60125,218.5289583,228.463125,-999,255.5230208,465
10/19/2011,20111019,702.1,-999,201.4963542,218.6555208,228.2533333,-999,255.4921875,465
10/20/2011,20111020,702.2,-999,201.3726042,218.7709375,228.16375,-999,255.4857292,465
10/21/2011,20111021,702.2,-999,201.2596875,218.8490625,228.0813542,-999,255.4936458,465
10/22/2011,20111022,702.2,-999,201.1517708,218.9072917,228.0521875,-999,255.6886458,465.1
10/23/2011,20111023,701.5,-999,201.0475,218.9619792,228.074375,-999,255.9979167,465.3
10/24/2011,20111024,701.2,-999,200.9352083,218.9803125,228.039375,-999,256.0435417,465.7
10/25/2011,20111025,700.9,-999,200.8308333,219.0189583,228.0551042,-999,255.9015625,465.9
10/26/2011,20111026,700.6,-999,200.7378125,219.0251042,228.0666667,-999,255.8155208,466.1
10/27/2011,20111027,700.1,-999,200.6294792,219.033125,228.06375,-999,255.7722917,466.2
10/28/2011,20111028,699.9,-999,200.5286458,219.0101042,227.9377083,-999,255.8463542,466.3
10/29/2011,20111029,699.4,-999,200.4033333,219.0054167,227.8996875,-999,255.9204167,466.4
10/30/2011,20111030,699,-999,200.2982292,218.9758333,227.9107292,-999,256.0902083,466.5
10/31/2011,20111031,698.8,-999,200.1933333,218.936875,227.7885417,-999,256.1878125,466.7
11/1/2011,20111101,698.4,-999,199.59875,218.8941667,227.7060417,-999,256.1620833,466.8
11/2/2011,20111102,698.1,-999,198.988125,218.8464583,227.7901042,-999,256.1484375,466.9
11/3/2011,20111103,698,-999,198.93125,218.8122917,228.0085417,-999,256.0467708,466.9
11/4/2011,20111104,698,-999,198.8683333,218.8163542,228.2577083,-999,256.0140625,466.7
11/5/2011,20111105,697.9,-999,198.9919792,218.6111458,228.4728125,-999,256.138125,466.6
11/6/2011,20111106,698.1,-999,199.171875,218.416875,228.5139583,-999,256.4265625,466.5
11/7/2011,20111107,698.1,-999,199.3104167,218.2271875,228.5554167,-999,256.5104167,466.4
11/8/2011,20111108,698,-999,199.4344792,218.0665625,228.7520833,-999,256.4280208,466.2
11/9/2011,20111109,698,-999,199.5570833,218.0660417,228.7669792,-999,256.3710417,466
11/10/2011,20111110,697.9,-999,199.683125,217.89625,228.7770833,-999,256.2660417,466.2
11/11/2011,20111111,698,-999,199.8102083,217.700625,228.7786458,-999,255.9514583,466
11/12/2011,20111112,698.2,-999,199.9435417,217.5378125,228.7675,-999,255.7659375,465.8
11/13/2011,20111113,698.2,-999,200.0609375,217.3516667,228.7276042,-999,255.7623958,465.7
11/14/2011,20111114,698.3,-999,200.1573958,217.1811458,228.6980208,-999,255.6088542,465.6
11/15/2011,20111115,698.2,-999,200.2684375,217.0329167,228.7148958,-999,255.2582292,465.6
11/16/2011,20111116,698.2,-999,199.5066667,216.8121875,229.0067708,-999,254.8514583,465.5
11/17/2011,20111117,698.2,-999,198.5911458,216.8477083,229.506875,-999,254.4707292,465.3
11/18/2011,20111118,698.2,-999,198.6867708,216.8029167,229.4804167,-999,254.3886458,465.2
11/19/2011,20111119,698.2,-999,198.8094792,216.6952083,229.4421875,-999,254.5416667,464.9
11/20/2011,20111120,698.2,-999,198.910625,216.5035417,229.3844792,-999,254.8690625,464.7
11/21/2011,20111121,698.3,-999,198.9278125,216.3942708,229.4140625,-999,255.0308333,464.5
11/22/2011,20111122,698.2,-999,198.5910938,216.3084375,229.5597917,-999,255.0233333,464.5
11/23/2011,20111123,698.1,-999,-999,216.2395833,229.9,-999,254.7967708,464.5
11/24/2011,20111124,698.3,-999,-999,216.16625,229.8626042,-999,254.6848958,464
11/25/2011,20111125,698.2,-999,-999,216.1301042,229.80125,-999,254.6934375,464.1
11/26/2011,20111126,698.2,-999,-999,216.1339583,229.7472917,-999,254.6785417,463.8
11/27/2011,20111127,698.2,-999,-999,215.9888542,229.6761458,-999,254.6763542,463.7
11/28/2011,20111128,698.2,-999,-999,215.9436458,229.7242708,-999,254.58,463.6
11/29/2011,20111129,698.2,-999,-999,215.9220833,230.123125,-999,254.4529167,463.5
11/30/2011,20111130,697.8,-999,-999,216.0359375,230.1484375,-999,254.4008333,463.5
12/1/2011,20111201,697.5,-999,-999,216.1684375,230.081875,-999,254.3826042,463.7
12/2/2011,20111202,697.3,-999,-999,216.1190625,230.1057292,-999,254.4153125,463.8
12/3/2011,20111203,697,-999,-999,216.0765625,230.3913542,-999,254.5083333,463.9
12/4/2011,20111204,696.6,-999,-999,216.3035417,230.34625,-999,254.8013542,464.2
12/5/2011,20111205,696.2,-999,-999,216.4613542,230.2555208,-999,254.9546875,464.2
12/6/2011,20111206,696,-999,-999,215.9564583,230.1894792,-999,254.6404167,464.2
12/7/2011,20111207,695.8,-999,-999,216.4253125,230.1054167,-999,254.2515625,464
12/8/2011,20111208,695.5,-999,-999,216.2230208,230.0794792,-999,254.139375,463.9
12/9/2011,20111209,695.1,-999,-999,216.1401042,230.2963542,-999,254.1567708,463.9
12/10/2011,20111210,694.8,-999,-999,215.9347917,230.4863542,-999,254.3594792,463.8
12/11/2011,20111211,694.5,-999,-999,215.740625,230.4355208,-999,254.7196875,463.8
12/12/2011,20111212,694.2,-999,-999,215.7666667,230.4361458,-999,254.840625,463.7
12/13/2011,20111213,693.9,-999,-999,215.7029167,230.4621875,-999,254.7889583,463.7
12/14/2011,20111214,693.6,-999,-999,215.5223958,230.4548958,-999,254.7559375,463.5
12/15/2011,20111215,693.3,-999,-999,214.9172917,230.5082292,-999,254.7342708,463.3
12/16/2011,20111216,693,-999,-999,214.24875,230.8560417,-999,254.8702083,463.2
12/17/2011,20111217,692.7,-999,-999,213.6938542,230.8040625,-999,255.0672917,463.1
12/18/2011,20111218,692.5,-999,-999,213.011875,230.72,-999,255.3528125,463.1
12/19/2011,20111219,692.2,-999,-999,212.4169792,230.7321875,-999,255.4960417,463.1
12/20/2011,20111220,691.76,-999,-999,211.8101042,230.8514583,-999,255.1878125,463
12/21/2011,20111221,691.33,-999,-999,211.2138542,230.9011458,-999,254.8092708,463
12/22/2011,20111222,690.89,-999,-999,210.59625,230.9221875,-999,254.4348958,463
12/23/2011,20111223,690.46,-999,-999,209.9098958,230.8507292,-999,254.0954167,462.7
12/24/2011,20111224,690.02,-999,-999,209.2298958,230.7446875,-999,253.9561458,462.7
12/25/2011,20111225,689.58,-999,-999,208.5157292,230.6663542,-999,253.9654167,462.6
12/26/2011,20111226,689.15,-999,-999,207.8965625,230.595,-999,253.975625,462.5
12/27/2011,20111227,688.71,-999,-999,207.2023958,230.6585417,-999,253.8109375,462.4
12/28/2011,20111228,688.28,-999,-999,206.4823958,231.150625,-999,253.7634375,462.3
12/29/2011,20111229,687.84,-999,-999,205.8596875,231.2426042,-999,253.788125,462.3
12/30/2011,20111230,687.4,-999,-999,205.1076042,231.2466667,-999,253.6679167,462.2
12/31/2011,20111231,686.97,-999,-999,204.4025263,231.1340625,-999,253.6686458,462.1
1/1/2012,20120101,686.53,-999,-999,-999,231.040625,-999,253.68375,462
1/2/2012,20120102,686.1,-999,-999,-999,230.9417708,-999,253.6741667,461.8
1/3/2012,20120103,685.66,-999,-999,-999,230.9871875,-999,253.5455208,461.8
1/4/2012,20120104,685.22,-999,-999,-999,231.42,-999,253.5913542,461.8
1/5/2012,20120105,684.79,-999,-999,-999,231.3980208,-999,253.8428125,461.7
1/6/2012,20120106,684.35,-999,-999,-999,231.374375,-999,254.1267708,461.8
1/7/2012,20120107,683.92,-999,-999,-999,231.37875,-999,254.391875,461.8
1/8/2012,20120108,683.48,-999,-999,-999,231.2707292,-999,254.7007292,461.8
1/9/2012,20120109,683.04,-999,-999,-999,231.1973958,-999,254.9327083,461.7
1/10/2012,20120110,682.61,-999,-999,-999,231.494375,-999,255.0760417,461.7
1/11/2012,20120111,682.17,-999,-999,-999,231.5111458,-999,255.1005208,461.6
1/12/2012,20120112,681.74,-999,-999,204.048,231.5488542,-999,255.104375,461.9
1/13/2012,20120113,681.3,-999,-999,204.4238542,231.5685417,-999,254.8325,462.2
1/14/2012,20120114,680.9,-999,-999,205.0797917,231.5282292,-999,254.6601042,462.6
1/15/2012,20120115,680.4,-999,-999,205.6976042,231.4203125,-999,254.639375,462.9
1/16/2012,20120116,679.9,-999,-999,206.3523958,231.41625,-999,254.4610417,463
1/17/2012,20120117,679.8,-999,-999,206.9446875,231.7123958,-999,254.1261458,463.1
1/18/2012,20120118,679.9,-999,-999,207.5485417,231.7613542,-999,253.8176042,462.8
1/19/2012,20120119,679.7,-999,-999,208.1636458,231.868125,-999,253.618125,462.7
1/20/2012,20120120,679.5,-999,-999,208.7625,232.0297917,-999,253.535,462.5
1/21/2012,20120121,679.8,-999,-999,209.475625,232.0613542,-999,253.6325,462.5
1/22/2012,20120122,679.9,-999,-999,210.0222917,231.9527083,-999,253.6589583,462.4
1/23/2012,20120123,679.9,-999,-999,210.5661458,231.9467708,-999,253.5596875,462.2
1/24/2012,20120124,680,-999,-999,211.1230208,232.3804167,-999,253.541875,462.2
1/25/2012,20120125,680.5,-999,-999,211.6569792,232.4203125,-999,253.6123958,462
1/26/2012,20120126,680.6,-999,-999,212.1832292,232.3233333,-999,253.7232292,461.9
1/27/2012,20120127,680.6,-999,-999,212.6710417,232.2191667,-999,253.9522917,461.8
1/28/2012,20120128,680.7,-999,-999,213.1269792,232.0982292,-999,254.245,461.7
1/29/2012,20120129,680.8,-999,-999,213.5463542,231.9754167,-999,254.543125,461.6
1/30/2012,20120130,680.8,-999,-999,213.9692708,231.8732292,-999,254.8085417,461.6
1/31/2012,20120131,680.8,-999,-999,214.3044792,231.7920833,-999,254.7201042,461.4
2/1/2012,20120201,680.8,-999,-999,214.4970833,231.674375,-999,254.6141667,461.2
2/2/2012,20120202,680.9,-999,-999,214.5122917,231.5839583,-999,254.3809375,461
2/3/2012,20120203,680.9,-999,-999,214.4721875,231.4792708,-999,254.0744792,460.8
2/4/2012,20120204,680.9,-999,-999,214.6197917,231.3775,-999,254.1490625,460.8
2/5/2012,20120205,680.9,-999,-999,214.9041667,231.2871875,-999,254.495625,460.5
2/6/2012,20120206,680.9,-999,-999,214.9947917,231.2084375,-999,254.6754167,460.3
2/7/2012,20120207,681,-999,-999,215.1392708,231.1409375,-999,254.4135417,460.2
2/8/2012,20120208,681,-999,-999,215.38375,231.0529167,-999,254.0988542,460
2/9/2012,20120209,681,-999,-999,215.6223958,230.9707292,-999,253.9229167,459.9
2/10/2012,20120210,681,-999,-999,215.845,230.8978125,-999,253.7834375,459.8
2/11/2012,20120211,681,-999,-999,216.07125,230.8253125,-999,253.7178125,459.7
2/12/2012,20120212,681,-999,-999,216.2255208,230.7540625,-999,253.7166667,459.7
2/13/2012,20120213,681.1,-999,-999,216.4313542,230.7009375,-999,253.7589583,459.6
2/14/2012,20120214,681.2,-999,-999,216.5667708,230.6629167,-999,253.7370833,459.6
2/15/2012,20120215,681.2,-999,-999,216.7261458,230.618125,-999,253.5215625,459.5
2/16/2012,20120216,681.4,-999,-999,216.8830208,230.5542708,-999,253.2421875,459.5
2/17/2012,20120217,681.4,-999,-999,217.0115625,230.4803125,-999,252.8851042,459.5
2/18/2012,20120218,681.4,-999,-999,217.106875,230.4059375,-999,252.913125,459.4
2/19/2012,20120219,681.4,-999,-999,217.2061458,230.3397917,-999,253.2958333,459.3
2/20/2012,20120220,681.4,-999,-999,217.279375,230.2704167,-999,253.6855208,459.2
2/21/2012,20120221,681.5,-999,-999,217.346875,230.2216667,-999,254.0039583,459
2/22/2012,20120222,681.5,-999,-999,217.395625,230.1595833,-999,254.1208333,459
2/23/2012,20120223,681.6,-999,-999,217.4490625,230.1076042,-999,254.1335417,458.9
2/24/2012,20120224,681.6,-999,-999,217.478125,230.0351042,-999,254.1334375,458.8
2/25/2012,20120225,681.5,-999,-999,217.5319792,229.9609375,-999,254.2655208,458.7
2/26/2012,20120226,681.4,-999,-999,217.5505208,229.9029167,-999,254.6183333,458.5
2/27/2012,20120227,681.5,-999,-999,217.5335417,229.8376042,-999,254.9247917,458.5
2/28/2012,20120228,681.6,-999,-999,217.5426042,229.7683333,-999,255.0710417,458.4
2/29/2012,20120229,681.7,-999,-999,217.575625,229.7196875,-999,255.1491667,458.3
3/1/2012,20120301,681.7,-999,-999,217.5875,229.6828125,-999,255.3265625,458.3
3/2/2012,20120302,681.7,-999,-999,217.6108333,229.6425,-999,255.3416667,458.3
3/3/2012,20120303,681.7,-999,-999,217.4378125,229.5896875,-999,255.2928125,458.3
3/4/2012,20120304,681.8,-999,-999,216.673125,229.5296875,-999,255.3019792,458.2
3/5/2012,20120305,681.8,-999,-999,216.0780208,229.4633333,-999,255.1133333,458.1
3/6/2012,20120306,681.8,-999,-999,216.0520833,229.4192708,-999,254.7566667,458.1
3/7/2012,20120307,681.9,-999,-999,215.6117708,229.3878125,-999,254.3807292,458
3/8/2012,20120308,682,-999,-999,215.1507292,229.32125,-999,254.018125,458.6
3/9/2012,20120309,681.9,-999,-999,214.6754167,229.2930208,-999,253.6236458,457.8
3/10/2012,20120310,681.9,-999,-999,214.0066667,229.2286458,-999,253.3895833,457.8
3/11/2012,20120311,681.9,-999,-999,213.145625,229.1660417,-999,253.6291667,457.6
3/12/2012,20120312,682,-999,-999,212.2932292,229.1289583,-999,253.8663542,457.6
3/13/2012,20120313,682,-999,-999,211.4733333,229.0836458,-999,253.8323958,457.4
3/14/2012,20120314,681.7,-999,-999,211.4684375,229.0705208,-999,253.7865625,457.8
3/15/2012,20120315,681.3,-999,-999,211.5609375,229.025,-999,253.7594792,458.2
3/16/2012,20120316,680.8,-999,-999,211.7216667,228.9961458,-999,253.8145833,458.6
3/17/2012,20120317,681,-999,-999,212.0282292,229.04375,-999,254.0083333,459
3/18/2012,20120318,681.4,-999,-999,212.2320833,228.9892708,-999,254.0433333,459.3
3/19/2012,20120319,681.8,-999,-999,212.4052083,228.9526042,-999,253.9276042,459.7
3/20/2012,20120320,681.7,-999,-999,212.4875,228.8855208,-999,253.6844792,460.1
3/21/2012,20120321,681.4,-999,-999,211.9916667,228.8451042,-999,253.3685417,460.4
3/22/2012,20120322,680.8,-999,-999,211.474375,228.8183871,129.6218182,253.121383,460.7
3/23/2012,20120323,680.7,-999,-999,210.7476042,228.7711458,130.0195833,252.99375,461
3/24/2012,20120324,680.4,-999,-999,209.8527083,228.7060417,130.4184375,253.3125,461.3
3/25/2012,20120325,680,-999,-999,208.9839583,228.7342708,131.3195833,253.8280208,461.6
3/26/2012,20120326,679.8,-999,-999,207.9905208,228.7071875,132.4010417,254.1770833,461.9
3/27/2012,20120327,678.4,-999,-999,207.1038542,228.696875,133.3536458,254.4963542,462
3/28/2012,20120328,679.2,-999,-999,207.1605208,228.7638542,134.6921875,254.7742708,462.4
3/29/2012,20120329,679,-999,-999,207.3434375,228.9083333,135.9410417,255.0407292,462.2
3/30/2012,20120330,679.5,-999,-999,206.9809375,229.0841667,137.0690625,255.1934375,462.2
3/31/2012,20120331,679.8,-999,-999,207.3117708,229.2707292,138.1746875,255.4867708,462.2
4/1/2012,20120401,680.2,-999,-999,207.8119792,229.4463636,139.9353125,255.9278125,462.2
4/2/2012,20120402,680.7,-999,-999,208.8747917,-999,141.1455208,256.1786458,462.2
4/3/2012,20120403,681,-999,-999,210.1521875,-999,142.2579167,256.2572917,462.2
4/4/2012,20120404,681,-999,-999,211.35625,-999,143.533125,256.3134375,462.3
4/5/2012,20120405,681,-999,-999,212.39875,-999,144.5589583,256.3509375,462.3
4/6/2012,20120406,681.4,-999,-999,213.3009375,-999,145.6488542,256.5122917,462.2
4/7/2012,20120407,681.4,-999,-999,214.0289583,-999,146.4766667,256.835,462.2
4/8/2012,20120408,681.4,-999,-999,214.5941667,-999,147.3419792,257.1803125,462.3
4/9/2012,20120409,681.5,-999,-999,215.1029167,-999,148.12125,257.4732292,462.2
4/10/2012,20120410,681.5,-999,-999,215.5209375,-999,148.8854167,257.7127083,462.2
4/11/2012,20120411,681.4,-999,-999,215.9255208,-999,149.7846875,257.643125,462.4
4/12/2012,20120412,681.7,-999,-999,216.1741667,-999,150.6834375,257.4325,462.3
4/13/2012,20120413,682,-999,-999,216.3888542,-999,151.5582292,257.3104167,462
4/14/2012,20120414,684.4,-999,-999,217.008125,-999,152.7022917,257.2291667,463
4/15/2012,20120415,684.5,-999,-999,217.8569792,-999,153.764375,257.2746875,463.4
4/16/2012,20120416,684.4,-999,-999,218.64375,-999,154.6011458,257.2330208,463.7
4/17/2012,20120417,684.3,-999,-999,219.2953125,-999,155.3239583,257.0485417,464
4/18/2012,20120418,684.4,-999,-999,219.8539583,-999,156.0759375,256.759375,464.1
4/19/2012,20120419,683.8,-999,-999,220.2492708,-999,156.8232292,256.4582292,464.1
4/20/2012,20120420,683.7,-999,-999,220.59625,-999,157.4376042,256.2920833,464.2
4/21/2012,20120421,683.6,-999,-999,220.8542708,-999,158.0655208,256.2286458,464.2
4/22/2012,20120422,683.6,-999,-999,220.9785417,-999,158.7336458,256.2135417,464.2
4/23/2012,20120423,683.6,-999,-999,221.0703125,-999,159.469375,256.0459375,464.2
4/24/2012,20120424,683.5,-999,-999,221.0904167,-999,160.23125,255.8034375,464.2
4/25/2012,20120425,683.4,-999,-999,221.1513542,-999,160.715625,255.6215625,464.2
4/26/2012,20120426,683.3,-999,-999,221.1601042,-999,161.4985417,255.5936458,464.5
4/27/2012,20120427,683.2,-999,-999,221.1532292,-999,162.3126042,255.5298958,464.5
4/28/2012,20120428,683.4,-999,-999,221.1140625,-999,162.6870833,255.4922917,464.6
4/29/2012,20120429,683.4,-999,-999,221.1104167,-999,163.1498958,255.4534375,464.6
4/30/2012,20120430,683.4,-999,-999,221.1028125,-999,163.778125,255.2836458,464.6
5/1/2012,20120501,683.4,-999,-999,220.9419792,-999,164.301875,254.996875,464.5
5/2/2012,20120502,683.5,-999,-999,220.6897917,-999,164.8265625,254.6947917,464.6
5/3/2012,20120503,683.5,-999,-999,220.5321875,-999,165.378125,254.4370833,464.5
5/4/2012,20120504,683.5,-999,-999,220.5391667,-999,165.9795833,254.5701042,464.5
5/5/2012,20120505,683.5,-999,-999,220.5330208,-999,166.371875,254.8398958,464.5
5/6/2012,20120506,683.5,-999,-999,220.5601042,-999,166.6426042,255.1894792,464.5
5/7/2012,20120507,683.5,-999,-999,220.5434375,-999,166.9877083,255.498125,464.5
5/8/2012,20120508,683.5,-999,-999,220.4441667,-999,167.2864583,255.6638542,464.4
5/9/2012,20120509,683.6,-999,-999,220.215625,-999,167.618125,255.841875,464.4
5/10/2012,20120510,683.6,-999,-999,220.0635417,-999,167.9186458,256.1195833,464.5
5/11/2012,20120511,683.6,-999,-999,220.0305208,-999,168.265625,256.379375,464.5
5/12/2012,20120512,683.6,-999,-999,220.0091667,-999,168.6736458,256.6472917,464.3
5/13/2012,20120513,683.6,-999,-999,220.0078125,-999,169.0036458,256.971875,464.3
5/14/2012,20120514,683.6,-999,-999,219.949375,-999,169.30125,257.2339583,464.3
5/15/2012,20120515,683.6,-999,-999,219.8998958,-999,169.5297917,257.4814583,464.3
5/16/2012,20120516,683.5,-999,-999,219.6929167,-999,169.7389583,257.3514583,464.4
5/17/2012,20120517,683.6,-999,-999,219.3794792,-999,169.9115625,257.0127083,464.6
5/18/2012,20120518,683.6,-999,-999,219.145,-999,170.1792708,256.6913542,464.6
5/19/2012,20120519,683.6,-999,-999,219.0490625,-999,170.4361458,256.5057292,464.7
5/20/2012,20120520,683.6,-999,-999,219.055,-999,170.688125,256.4665625,464.8
5/21/2012,20120521,683.6,-999,-999,218.8514583,-999,171.0328125,256.2544792,464.9
5/22/2012,20120522,683.6,-999,-999,218.1802083,-999,171.2832292,255.9288542,464.7
5/23/2012,20120523,683.6,-999,-999,218.0096875,-999,171.3775,255.5845833,465
5/24/2012,20120524,683.6,-999,-999,217.8570833,-999,171.4159375,255.2751042,465.1
5/25/2012,20120525,683.5,-999,-999,217.8477083,-999,171.5280208,255.0934375,465.2
5/26/2012,20120526,683.6,-999,-999,217.9632292,-999,171.9465625,255.0445833,465.2
5/27/2012,20120527,683.6,-999,-999,218.0571875,-999,172.3082292,255.049375,465.2
5/28/2012,20120528,683.6,-999,-999,218.1005208,-999,172.4357292,255.0788542,465.2
5/29/2012,20120529,683.6,-999,-999,217.9464583,-999,172.59875,254.92875,464.9
5/30/2012,20120530,683.6,-999,-999,217.6909375,-999,172.8001042,254.8878125,465.1
5/31/2012,20120531,683.6,-999,-999,217.4552083,-999,172.8430208,254.9173958,465.3
6/1/2012,20120601,683.6,-999,-999,217.2286458,-999,172.8690625,254.9180208,464.3
6/2/2012,20120602,683.6,-999,-999,217.1914583,-999,173.1477083,255.0636458,465.3
6/3/2012,20120603,683.6,-999,-999,217.275,-999,173.3153125,255.3742708,465.4
6/4/2012,20120604,683.6,-999,-999,217.1035417,-999,173.555625,255.53375,465.6
6/5/2012,20120605,683.6,-999,-999,216.409375,-999,173.9189583,255.5469792,465.4
6/6/2012,20120606,683.6,-999,-999,216.1816667,-999,173.9457292,255.5503125,465.5
6/7/2012,20120607,683.6,-999,-999,216.0048958,-999,174.039375,255.558125,465.4
6/8/2012,20120608,683.6,-999,-999,216.0173958,-999,174.1534375,255.7277083,465.3
6/9/2012,20120609,683.6,-999,-999,216.1385417,-999,174.2354167,255.9885417,465.3
6/10/2012,20120610,683.5,-999,-999,216.2473958,-999,174.3019792,256.3167708,465.2
6/11/2012,20120611,683.5,-999,-999,216.1628125,-999,174.4801042,256.45625,465
6/12/2012,20120612,683.5,-999,-999,215.9205208,-999,174.6255208,256.4208333,464.8
6/13/2012,20120613,683.5,-999,-999,215.67875,-999,174.6502083,256.4536458,464.8
6/14/2012,20120614,683.05,-999,-999,215.5719792,-999,174.7186458,256.4592708,464.7
6/15/2012,20120615,683.5,-999,-999,215.5602083,-999,174.8354167,256.5366667,464.5
6/16/2012,20120616,683.5,-999,-999,215.6107292,-999,174.9696875,256.4502083,464.7
6/17/2012,20120617,683.5,-999,-999,215.7034375,-999,175.1253125,256.423125,464.3
6/18/2012,20120618,683.4,-999,-999,215.5410417,-999,175.2795833,256.2191667,464.2
6/19/2012,20120619,683.4,-999,-999,215.1759375,-999,175.39125,255.8398958,464.1
6/20/2012,20120620,683.4,-999,-999,214.8717708,-999,175.4572917,255.4386458,464.1
6/21/2012,20120621,683.4,-999,-999,214.5664583,-999,175.6772917,255.04375,463.8
6/22/2012,20120622,683.4,-999,-999,214.3773958,-999,175.8121875,254.7420833,463.7
6/23/2012,20120623,683.4,-999,-999,214.35125,-999,175.8771875,254.5801042,463.6
6/24/2012,20120624,683.3,-999,-999,214.4089583,-999,176.1071875,254.5521875,463.4
6/25/2012,20120625,683.3,-999,-999,214.2926042,-999,176.2703125,254.3586458,463.3
6/26/2012,20120626,683.3,-999,-999,213.9579167,-999,176.2805208,253.9614583,463.3
6/27/2012,20120627,683.3,-999,-999,213.7236458,-999,176.276875,253.6528125,463.1
6/28/2012,20120628,683.3,-999,-999,213.5567708,-999,176.5132292,253.5908333,462.9
6/29/2012,20120629,683.2,-999,-999,213.2958333,-999,176.6553125,253.5221875,462.7
6/30/2012,20120630,683.2,-999,-999,213.25875,-999,176.6603125,253.6013542,462.6
7/1/2012,20120701,683.2,-999,-999,213.3629167,-999,176.6709375,253.6101042,462.5
7/2/2012,20120702,683.2,-999,-999,213.1970833,-999,176.7145833,253.4727083,462.3
7/3/2012,20120703,683.2,-999,-999,212.8285417,-999,176.7848958,253.4083333,462.2
7/4/2012,20120704,683.2,-999,-999,212.7448958,-999,176.8061458,253.6207292,462.1
7/5/2012,20120705,683.2,-999,-999,212.68125,-999,177.0326042,253.5385417,462
7/6/2012,20120706,683.2,-999,-999,212.468125,-999,177.13375,253.5585417,461.7
7/7/2012,20120707,683,-999,-999,212.3961458,-999,177.1544792,253.674375,461.7
7/8/2012,20120708,683,-999,-999,212.5298958,-999,177.2475,253.7009375,461.2
7/9/2012,20120709,683,-999,-999,212.429375,-999,177.3316667,253.6247917,461.3
7/10/2012,20120710,683,-999,-999,212.1855208,-999,177.2655208,253.5827083,461.2
7/11/2012,20120711,683,-999,-999,211.8592708,-999,177.2670833,253.4955208,461
7/12/2012,20120712,682.9,-999,-999,211.6029167,-999,177.3321875,253.4653125,460.8
7/13/2012,20120713,682.9,-999,-999,211.3394792,-999,177.5142708,253.6130208,460.7
7/14/2012,20120714,682.9,-999,-999,210.4265625,-999,177.5917708,253.8569792,460.5
7/15/2012,20120715,682.9,-999,-999,209.4384375,-999,177.6184375,253.8886458,460.4
7/16/2012,20120716,683,-999,-999,208.558125,-999,177.6692708,253.7673958,460.2
7/17/2012,20120717,683,-999,-999,208.4120833,-999,177.8188542,253.8608333,460.1
7/18/2012,20120718,682.9,-999,-999,208.3738542,-999,177.9020833,253.9444792,459.9
7/19/2012,20120719,682.9,-999,-999,208.2575,-999,177.9958333,254.008125,459.8
7/20/2012,20120720,682.9,-999,-999,207.9852083,-999,178.0547917,253.9832292,459.7
7/21/2012,20120721,682.8,-999,-999,207.8564583,-999,177.9961458,254.085625,459.6
7/22/2012,20120722,682.9,-999,-999,207.729375,-999,177.9878125,254.1171875,459.5
7/23/2012,20120723,682.9,-999,-999,207.3827083,-999,178.0364583,253.9846875,459.3
7/24/2012,20120724,682.9,-999,-999,207.0342708,-999,178.1339583,253.925,459.1
7/25/2012,20120725,682.9,-999,-999,206.7640625,-999,178.1903125,253.9139583,460.4
7/26/2012,20120726,682.8,-999,-999,206.3786458,-999,178.2340625,253.9057292,458.8
7/27/2012,20120727,682.8,-999,-999,206.2633333,-999,178.3263542,253.9748958,458.7
7/28/2012,20120728,682.8,-999,-999,206.0789583,-999,178.4202083,254.0066667,458.6
7/29/2012,20120729,682.7,-999,-999,205.9780208,-999,178.435,253.9535417,458.6
7/30/2012,20120730,682.8,-999,-999,206.0696875,-999,178.3642708,253.9026042,458.4
7/31/2012,20120731,682.8,-999,-999,205.9035417,-999,178.42375,253.9342708,458.4
8/1/2012,20120801,682.8,-999,-999,205.4376042,-999,178.49875,253.9409375,458.3
8/2/2012,20120802,682.6,-999,-999,204.964375,-999,178.4560417,253.9623958,458.2
8/3/2012,20120803,682.6,-999,-999,204.910625,-999,178.3813542,254.2154167,458.1
8/4/2012,20120804,682.5,-999,-999,205.0166667,-999,178.4767708,254.5116667,457.9
8/5/2012,20120805,682.5,-999,-999,205.1608333,-999,178.6610417,254.549375,457.9
8/6/2012,20120806,682.5,-999,-999,205.323125,-999,178.7648958,254.4036458,457.8
8/7/2012,20120807,682.5,-999,-999,205.4954167,-999,178.7486458,254.4544792,457.7
8/8/2012,20120808,682.5,-999,-999,205.710625,-999,178.7211458,254.5801042,457.6
8/9/2012,20120809,682.5,-999,-999,205.9482292,-999,178.67125,254.5628125,457.6
8/10/2012,20120810,682.5,-999,-999,206.1564583,-999,178.6042708,254.6760417,457.5
8/11/2012,20120811,682.5,-999,-999,206.344375,-999,178.6079167,254.7546875,457.4
8/12/2012,20120812,682.5,-999,-999,206.5492708,-999,178.7188542,254.6985417,457.4
8/13/2012,20120813,682.5,-999,-999,206.7285417,-999,178.7409375,254.5153125,457.3
8/14/2012,20120814,682.4,-999,-999,206.8958333,-999,178.7453125,254.3966667,457.3
8/15/2012,20120815,682.4,-999,-999,207.0551042,-999,178.8229167,254.429375,457
8/16/2012,20120816,682.4,-999,-999,207.2555208,-999,178.9539583,254.429375,456.9
8/17/2012,20120817,682.4,-999,-999,207.4054167,-999,179.0288542,254.3895833,456.8
8/18/2012,20120818,682.4,-999,-999,207.5889583,-999,179.0170833,254.4076042,456.7
8/19/2012,20120819,682.4,-999,-999,207.7744792,-999,179.0369792,254.6065625,456.6
8/20/2012,20120820,682.4,-999,-999,207.9285417,-999,179.0279167,254.674375,456.5
8/21/2012,20120821,682.3,-999,-999,208.118125,-999,179.0567708,254.7186458,456.4
8/22/2012,20120822,682.3,-999,-999,208.2421875,-999,179.0892708,254.658125,456.3
8/23/2012,20120823,682.3,-999,-999,208.4027083,-999,179.0944792,254.6321875,456.2
8/24/2012,20120824,682.2,-999,-999,208.5329167,-999,179.089375,254.5908333,456.2
8/25/2012,20120825,682.2,-999,-999,208.6682292,-999,179.1070833,254.6201042,456.1
8/26/2012,20120826,682.2,-999,-999,208.8248958,-999,179.2626042,254.6523958,456.1
8/27/2012,20120827,682.2,-999,-999,208.950625,-999,179.3369792,254.4911458,455.9
8/28/2012,20120828,682.2,-999,-999,209.0886458,-999,179.3466667,254.4134375,455.83
8/29/2012,20120829,682.1,-999,-999,209.15,-999,179.2560417,254.45875,455.75
8/30/2012,20120830,682,-999,-999,209.2476042,-999,179.209375,254.67,455.68
8/31/2012,20120831,682,-999,-999,209.4319792,-999,179.37875,254.9903125,455.6
9/1/2012,20120901,682,-999,-999,209.5077083,-999,179.4773958,255.2919792,455.6
9/2/2012,20120902,682,-999,-999,209.54875,-999,179.4482292,255.3127083,455.6
9/3/2012,20120903,682,-999,-999,209.6132292,-999,179.47625,255.2970833,455.6
9/4/2012,20120904,682,-999,-999,209.7044792,-999,179.5408333,255.1689583,455.6
9/5/2012,20120905,682,-999,-999,209.8875,-999,179.5502083,255.27,455.8
9/6/2012,20120906,682,-999,-999,209.7458333,-999,179.5726042,255.3679167,455.9
9/7/2012,20120907,681.8,-999,-999,209.703125,-999,179.69,255.333125,456.1
9/8/2012,20120908,681.8,-999,-999,209.5507292,-999,179.7080208,255.3495833,456.2
9/9/2012,20120909,681.8,-999,-999,209.4296875,-999,179.6744792,255.3810417,456.3
9/10/2012,20120910,681.9,-999,-999,209.1620833,-999,179.5913542,255.3319792,456.5
9/11/2012,20120911,681.9,-999,-999,208.9657292,-999,179.6259375,255.3417708,456.6
9/12/2012,20120912,681.8,-999,-999,208.6354167,-999,179.781875,255.3691667,456.8
9/13/2012,20120913,681.8,-999,-999,208.1773958,-999,179.8410417,255.4113542,456.9
9/14/2012,20120914,681.8,-999,-999,208.1123958,-999,179.8670833,255.4142708,457
9/15/2012,20120915,681.8,-999,-999,207.5180208,-999,179.8555208,255.3996875,457
9/16/2012,20120916,681.8,-999,-999,206.726875,-999,179.8326042,255.3605208,457
9/17/2012,20120917,681.8,-999,-999,206.0559375,-999,179.8826042,255.2198958,456.9
9/18/2012,20120918,681.8,-999,-999,206.0839583,-999,179.976875,255.1464583,456.9
9/19/2012,20120919,681.8,-999,-999,206.1073958,-999,180.0059375,255.1194792,456.8
9/20/2012,20120920,681.8,-999,-999,206.2765625,-999,179.9825,255.1509375,456.8
9/21/2012,20120921,681.8,-999,-999,206.373125,-999,179.9023958,255.3070833,456.9
9/22/2012,20120922,681.8,-999,-999,206.4454167,-999,179.8857292,255.3072917,457.2
9/23/2012,20120923,681.8,-999,-999,206.548125,-999,179.9392708,255.27375,457.4
9/24/2012,20120924,681.8,-999,-999,206.673125,-999,179.951875,255.0764583,457.7
9/25/2012,20120925,681.8,-999,-999,206.781875,-999,179.9314583,255.0047917,457.9
9/26/2012,20120926,681.7,-999,-999,206.9352083,-999,179.936875,254.9423958,458.1
9/27/2012,20120927,681.7,-999,-999,207.0671875,-999,179.9695833,254.898125,458.4
9/28/2012,20120928,681.7,-999,-999,207.3330208,-999,180.0365625,254.9228125,458.6
9/29/2012,20120929,681.7,-999,-999,207.2721875,-999,180.0985417,255.0586458,458.8
9/30/2012,20120930,681.7,-999,-999,207.2508333,-999,180.1254167,255.0908333,459.1
10/1/2012,20121001,681.7,-999,-999,207.2457292,-999,180.0721875,254.9269792,459.3
10/2/2012,20121002,681.7,-999,-999,207.2905208,-999,179.99,254.6383333,459.3
10/3/2012,20121003,681.7,-999,-999,207.399375,-999,179.9947917,254.3664583,459.3
10/4/2012,20121004,681.7,-999,-999,207.5439583,-999,180.0941667,254.398125,459.3
10/5/2012,20121005,681.7,-999,-999,207.704375,-999,180.0708333,254.5641667,459.3
10/6/2012,20121006,681.7,-999,-999,207.8025,-999,180.0202083,254.6763542,459.4
10/7/2012,20121007,681.6,-999,-999,207.9509375,-999,180.0328125,254.6215625,459.3
10/8/2012,20121008,681.6,-999,-999,208.0952083,-999,180.1323958,254.5019792,459.3
10/9/2012,20121009,681.6,-999,-999,208.2610417,-999,180.3151042,254.4434375,459.3
10/10/2012,20121010,681.6,-999,-999,208.409375,-999,180.2613542,254.4564583,459.3
10/11/2012,20121011,681.6,-999,-999,208.4567708,-999,180.2822917,254.4534375,459.2
10/12/2012,20121012,681.6,-999,-999,208.56875,-999,180.5452083,254.4484375,459.1
10/13/2012,20121013,681.6,-999,-999,208.7014583,-999,180.7190625,254.4191667,458.8
10/14/2012,20121014,681.6,-999,-999,208.8052083,-999,180.6716667,254.3145833,458.9
10/15/2012,20121015,681.6,148.4927273,-999,208.9219277,223.7583333,180.5227083,254.3250617,458.8
10/16/2012,20121016,681.5,148.5235417,-999,209.1033333,223.7619792,180.4454167,254.4227083,458.6
10/17/2012,20121017,681.5,148.556875,-999,209.1685417,223.7454167,180.3588542,254.463125,458.6
10/18/2012,20121018,681.5,148.5910417,-999,209.275,223.7341667,180.45875,254.505,458.4
10/19/2012,20121019,681.5,148.643125,-999,209.256875,223.7188542,180.5161458,254.523125,458.3
10/20/2012,20121020,681.5,148.6775,-999,209.3613542,223.7041667,180.43625,254.6902083,458.1
10/21/2012,20121021,681.5,148.698125,-999,209.425,223.6761458,180.4453125,255.0116667,457.9
10/22/2012,20121022,681.5,148.7527083,-999,209.524375,223.6614583,180.4461458,255.2005208,458.4
10/23/2012,20121023,681.5,148.8225,-999,209.6403125,223.6639583,180.6821875,255.2623958,457.9
10/24/2012,20121024,681.5,148.8991667,-999,209.6609375,223.6561458,180.85,255.3317708,457.8
10/25/2012,20121025,681.5,148.9402083,-999,209.7277083,223.6484375,181.013125,255.3764583,458.6
10/26/2012,20121026,681.5,148.9585417,-999,209.9733333,223.6221875,181.0489583,255.2898958,458.5
10/27/2012,20121027,681.5,148.9964583,-999,210.2666667,223.6047917,180.9182292,255.4465625,457.5
10/28/2012,20121028,681.4,149.0327083,-999,210.390625,223.5988542,181.0715625,255.7946875,457.4
10/29/2012,20121029,681.4,149.0772917,-999,210.8338542,223.5877083,181.2210417,256.0855208,457.3
10/30/2012,20121030,681.4,149.125625,-999,212.306875,223.5640625,181.181875,256.1661458,457.3
10/31/2012,20121031,681.4,149.153125,-999,214.3259375,223.5503125,181.1782292,256.1625,457.2
11/1/2012,20121101,681.4,149.2008333,-999,214.505,223.548125,181.3870833,256.1842708,457.2
11/2/2012,20121102,681.4,149.211875,-999,213.2475,223.5201042,181.51,256.1657292,457.1
11/3/2012,20121103,681.4,149.2504167,-999,211.32625,223.5195833,181.6492708,256.2184375,457
11/4/2012,20121104,681.4,149.2758333,-999,211.226875,223.4944792,181.7321875,256.2441667,456.9
11/5/2012,20121105,681.4,149.301875,-999,211.193125,223.4628125,181.6847917,256.0783333,456.8
11/6/2012,20121106,681.4,149.351875,-999,211.1891667,223.4508333,181.6577083,255.8594792,456.7
11/7/2012,20121107,681.4,149.3870833,-999,211.4646875,223.4497917,181.6745833,255.5740625,456.6
11/8/2012,20121108,681.4,149.4020833,-999,211.62,223.435625,181.6567708,255.2770833,456.6
11/9/2012,20121109,681.5,149.4404167,-999,211.6589583,223.4258333,181.6764583,254.9415625,456.6
11/10/2012,20121110,681.5,149.4764583,-999,211.7260417,223.399375,181.8855208,254.6823958,456.4
11/11/2012,20121111,681.5,149.5433333,-999,211.0298958,223.4048958,182.1173958,254.8635417,456.3
11/12/2012,20121112,681.4,149.57125,-999,210.2455208,223.3719792,182.2001042,255.030625,456.2
11/13/2012,20121113,681.4,149.6095833,-999,210.3251042,223.3529167,182.0976042,255.0332292,456.2
11/14/2012,20121114,681.4,149.6320833,-999,210.3777083,223.345,182.0842708,255.064375,456
11/15/2012,20121115,681.4,149.646875,-999,210.4605208,223.3329167,182.1169792,255.0877083,456
11/16/2012,20121116,681.4,149.664375,-999,210.5494792,223.3116667,182.1833333,255.1401042,455.9
11/17/2012,20121117,681.4,149.7127083,-999,210.583125,223.3188542,182.1948958,255.4001042,455.8
11/18/2012,20121118,681.3,149.7658333,-999,209.505,223.3461458,182.5366667,255.8321875,455.8
11/19/2012,20121119,681.3,149.7925,-999,208.7201042,223.3066667,182.7072917,256.0190625,455.7
11/20/2012,20121120,681.3,149.8235417,-999,208.7382292,223.2997917,182.6721875,256.0010417,455.4
11/21/2012,20121121,681.3,149.856875,-999,208.7190625,223.2972917,182.7745833,255.715,455.4
11/22/2012,20121122,681.4,149.884375,-999,208.7903125,223.290625,182.9294792,255.5932292,455.4
11/23/2012,20121123,681.4,149.9085417,-999,208.8015625,223.2926042,183.0234375,255.6139583,455.4
11/24/2012,20121124,681.3,149.9314583,-999,209.2579167,223.2942708,182.9864583,255.6236458,455.3
11/25/2012,20121125,681.3,149.9510417,-999,209.8327083,223.2870833,182.908125,255.6727083,455.2
11/26/2012,20121126,681.3,149.97625,-999,209.2567708,223.2715625,183.0079167,255.5003125,455.1
11/27/2012,20121127,681.3,150.0070833,-999,208.7048958,223.27,183.1086458,255.2503125,454.9
11/28/2012,20121128,681.3,150.04125,-999,208.3484375,223.2523958,183.0401042,255.0353125,454.9
11/29/2012,20121129,681.3,150.0666667,-999,208.2153125,223.2567708,183.179375,254.7864583,454.8
11/30/2012,20121130,681.4,150.2491667,-999,208.5648958,223.3860417,183.333125,255.1866667,454.8
12/1/2012,20121201,681.8,150.3785417,-999,208.749375,223.4623958,183.6244792,255.6398958,454.8
12/2/2012,20121202,682.1,150.5366667,-999,209.1055208,223.786875,183.8376042,256.1764583,454.8
12/3/2012,20121203,685.8,150.6489583,-999,210.0014583,224.4935417,184.4115625,256.6215625,455.2
12/4/2012,20121204,685.9,150.7245833,-999,210.929375,224.7284375,184.7476042,256.7442708,455.2
12/5/2012,20121205,686.2,150.8672917,-999,211.7020833,224.9370833,185.0232292,256.51,454.8
12/6/2012,20121206,686.4,150.995625,-999,212.3398958,225.1402083,185.4061458,256.2773958,455.3
12/7/2012,20121207,686.3,151.111875,-999,212.7394792,225.3129167,185.7815625,256.0317708,455.5
12/8/2012,20121208,686.3,151.2291667,-999,212.4846875,225.5013542,186.1371875,255.8238542,455.6
12/9/2012,20121209,686.1,151.3227083,-999,212.9139583,225.6398958,186.609375,255.7359375,455.6
12/10/2012,20121210,686,151.435625,-999,213.2321875,225.7471875,187.060625,255.5610417,455.8
12/11/2012,20121211,686,151.554375,-999,213.5092708,225.8308333,187.2473958,255.2377083,455.8
12/12/2012,20121212,685.9,151.6316667,-999,213.8725,225.8846875,187.4686458,254.9578125,455.8
12/13/2012,20121213,685.8,151.70625,-999,214.1217708,225.9021875,187.8067708,254.6522917,455.8
12/14/2012,20121214,685.8,151.773125,-999,214.181875,225.8952083,188.095,254.3488542,455.8
12/15/2012,20121215,685.7,151.8414583,-999,214.1592708,225.9139583,188.5659375,254.3145833,455.9
12/16/2012,20121216,685.3,151.888125,-999,213.3646875,225.9140625,188.9248958,254.5772917,456.4
12/17/2012,20121217,684.9,151.9552083,-999,212.7336458,225.8957292,189.2070833,254.8426042,456.7
12/18/2012,20121218,684.6,152.0004167,-999,212.7733333,225.885625,189.5392708,254.955,457.2
12/19/2012,20121219,684.2,152.0464583,-999,212.1247917,225.9167708,190.06,255.1355208,457.3
12/20/2012,20121220,683.9,152.07625,-999,211.3404167,226.0116667,190.2341667,255.2807292,457.7
12/21/2012,20121221,683.5,152.135,-999,210.9272917,226.1134375,190.2764583,255.2845833,458.1
12/22/2012,20121222,683,152.2633333,-999,211.4544792,226.305625,190.7682292,255.31125,458.5
12/23/2012,20121223,683.5,152.4185417,-999,212.4160417,226.7714583,191.4352083,255.5039583,459.1
12/24/2012,20121224,687.4,152.6575,-999,214.8544792,228.6073958,192.4463542,255.8025,460.8
12/25/2012,20121225,688,152.77875,-999,216.6459375,229.07375,192.9007292,255.8539583,462.5
12/26/2012,20121226,688.3,152.956875,-999,217.8315625,229.3977083,193.5357292,255.86625,462
12/27/2012,20121227,688.9,153.1227083,-999,218.9275,229.6863542,194.2505208,255.6625,462.6
12/28/2012,20121228,688.9,153.294375,-999,219.6925,229.9715625,194.7604167,255.3371875,462.9
12/29/2012,20121229,688.7,153.4614583,-999,219.7836458,230.2201042,195.2467708,255.2417708,463
12/30/2012,20121230,688.5,153.6097917,-999,219.6755208,230.4691667,195.8840625,255.2682292,463
12/31/2012,20121231,688,153.7266667,-999,219.4608333,230.6598958,196.6444792,255.28375,463.1
1/1/2013,20130101,687.9,153.8560417,-999,219.6604167,230.8676042,197.2432292,255.3336458,463.1
1/2/2013,20130102,687.5,153.9697917,-999,219.4690625,231.0659375,197.713125,255.3344792,463.1
1/3/2013,20130103,686.8,154.106875,-999,219.5433333,231.2373958,198.2141667,255.2716667,463.1
1/4/2013,20130104,686.7,154.2852083,-999,219.6157292,231.4117708,198.7434375,255.2603125,463.1
1/5/2013,20130105,686.3,154.4922917,-999,219.7766667,231.5690625,199.1680208,255.2817708,463.2
1/6/2013,20130106,685.9,154.7279167,-999,219.9009375,231.7661458,199.7057292,255.3557292,463.2
1/7/2013,20130107,685.5,154.9241667,-999,220.0686458,231.9227083,200.3305208,255.3485417,463.2
1/8/2013,20130108,685,155.088125,-999,220.285,232.0758333,200.8341667,255.28,463.2
1/9/2013,20130109,684.6,155.2329167,-999,220.4227083,232.2291667,201.1733333,255.2861458,463.1
1/10/2013,20130110,684.2,155.4033333,-999,220.7113542,232.3617708,201.6870833,255.10625,463.2
1/11/2013,20130111,683.8,155.5545833,-999,220.9359375,232.504375,202.3484375,254.8265625,463.2
1/12/2013,20130112,683.4,155.7252083,-999,221.025625,232.6325,202.9067708,254.7892708,463.2
1/13/2013,20130113,682.9,155.8725,-999,221.105625,232.7584375,203.4722917,254.8020833,463.2
1/14/2013,20130114,682.4,156.0060417,-999,221.2370833,232.84125,204.1627083,254.660625,463.2
1/15/2013,20130115,682,156.1754167,-999,221.4640625,232.9491667,204.73125,254.3532292,463.2
1/16/2013,20130116,681.6,156.356875,-999,221.5551042,233.0326042,205.0215625,254.0384375,463.2
1/17/2013,20130117,681.2,156.500625,-999,221.6248958,233.091875,205.2470833,253.7325,463.2
1/18/2013,20130118,681,156.6316667,-999,221.8254167,233.1564583,205.5690625,253.606875,463.2
1/19/2013,20130119,680.9,156.7541667,-999,222.5776042,233.2152083,206.0042708,253.465625,463.2
1/20/2013,20130120,680.7,156.863125,-999,223.1466667,233.2720833,206.4928125,253.3727083,463.2
1/21/2013,20130121,680.5,156.9797917,-999,223.6048958,233.30875,206.9014583,253.2147917,463.2
1/22/2013,20130122,680.4,157.0970833,-999,223.9653125,233.3539583,207.1608333,252.9339583,463.2
1/23/2013,20130123,680.1,157.220625,-999,224.1772917,233.3908333,207.4526042,252.8873958,463.2
1/24/2013,20130124,680,157.3552083,-999,224.4052083,233.4548958,207.8991667,253.0234375,463.3
1/25/2013,20130125,680,157.491875,-999,223.65,233.5527083,208.22125,253.1394792,463.4
1/26/2013,20130126,679.8,157.605625,-999,222.740625,233.6208333,208.4204167,253.4194792,463.5
1/27/2013,20130127,679.8,157.7029167,-999,221.9915625,233.6834375,208.9328125,253.800625,463.5
1/28/2013,20130128,679.9,157.8022917,-999,221.4048958,233.7272917,209.4596875,253.9936458,463.5
1/29/2013,20130129,679.6,157.9004167,-999,221.1301042,233.7375,210.0035417,254.121875,463.5
1/30/2013,20130130,679.6,157.9914583,-999,220.6841667,233.7615625,210.3065625,254.3052083,463.5
1/31/2013,20130131,679.5,158.1365957,-999,220.4629167,233.7545263,210.46375,254.8255319,463.5
2/1/2013,20130201,679.4,158.2814583,-999,220.3459375,233.7670833,210.5728125,255.3588542,463.5
2/2/2013,20130202,679.4,158.366875,-999,220.2023958,233.7977083,210.9346875,255.561875,463.1
2/3/2013,20130203,679.4,158.4566667,-999,219.91375,233.7795833,211.2804167,255.8871875,462.7
2/4/2013,20130204,679.7,158.5377083,-999,219.73125,233.7370833,211.4605208,256.08875,462.3
2/5/2013,20130205,679.8,158.6095833,-999,219.5540625,233.6747917,211.546875,256.1429167,461.9
2/6/2013,20130206,679.8,158.6927083,-999,219.3752083,233.598125,211.7097917,256.15375,461.6
2/7/2013,20130207,679.9,158.754375,-999,219.1038542,233.5314583,211.8764583,256.3166667,461.3
2/8/2013,20130208,679.9,158.8535417,-999,218.9065625,233.4653125,212.1271875,256.4501042,461
2/9/2013,20130209,680,158.9020833,-999,218.7763542,233.4001042,212.5170833,256.6446875,460.7
2/10/2013,20130210,679.2,158.9714583,-999,219.193125,233.3472917,212.8559375,256.9932292,460.7
2/11/2013,20130211,679,159.0272917,-999,218.7311458,233.2507292,213.1646875,257.2,460.7
2/12/2013,20130212,677,159.09625,-999,218.1217708,233.1716667,213.4202083,257.2909375,460.9
2/13/2013,20130213,676,159.1477083,-999,218.1490625,233.0715625,213.4780208,257.3909375,461.3
2/14/2013,20130214,676,159.201875,-999,219.305625,232.9947917,213.3969792,257.431875,461.3
2/15/2013,20130215,676,159.2545833,-999,220.7611458,232.9510417,213.4058333,257.491875,461.1
2/16/2013,20130216,676,159.3252083,-999,221.7098958,232.9227083,213.4279167,257.4752083,460.7
2/17/2013,20130217,676,159.3691667,-999,222.136875,232.9094792,213.5133333,257.4426042,460.3
2/18/2013,20130218,676,159.4195833,-999,222.6313542,232.9044792,213.7603125,257.471875,459.9
2/19/2013,20130219,676,159.5039583,-999,223.0332292,232.8810417,213.7797917,257.3467708,459.6
2/20/2013,20130220,676,159.5997917,-999,223.1538542,232.8648958,214.0760417,257.0714583,459.2
2/21/2013,20130221,677,159.6735417,-999,221.9957292,232.8211458,214.2535417,256.7254167,458.8
2/22/2013,20130222,677,159.7404167,-999,219.3154167,232.7564583,214.376875,256.5595833,458.5
2/23/2013,20130223,677,159.7970833,-999,216.9291667,232.7227083,214.4852083,256.39,458.2
2/24/2013,20130224,677,159.861875,-999,214.554375,232.6485417,214.7276042,256.2801042,457.9
2/25/2013,20130225,676.9,159.92375,-999,212.0282292,232.5865625,214.8641667,256.1421875,457.6
2/26/2013,20130226,677,159.96625,-999,212.78625,232.4866667,214.8089583,256.1229167,457.3
2/27/2013,20130227,676.7,160.0391667,-999,214.4560417,232.4170833,214.941875,256.1678125,457
2/28/2013,20130228,676.7,160.1047917,-999,215.6163542,232.3625,215.1002083,256.2036458,456.9
3/1/2013,20130301,676.7,160.1939583,-999,216.8684375,232.3108333,215.0060417,256.3665625,456.7
3/2/2013,20130302,676.7,160.2770833,-999,217.9103125,232.2948958,214.7984375,256.7075,456.4
3/3/2013,20130303,676.7,160.34875,-999,219.2542708,232.2742708,214.941875,257.0557292,456.3
3/4/2013,20130304,676.7,160.4241667,-999,220.4339583,232.2471875,215.0870833,257.296875,456
3/5/2013,20130305,676.7,160.4858333,-999,221.3578125,232.2198958,214.9685417,257.378125,455.8
3/6/2013,20130306,677,160.46625,-999,222.1113542,232.2115625,215.06,257.483125,455.7
3/7/2013,20130307,677,160.3991667,-999,222.57125,232.2359375,215.1080208,257.6133333,455.3
3/8/2013,20130308,677,160.3764583,-999,223.2017708,232.305,215.1515625,257.6598958,454.8
3/9/2013,20130309,677,160.3170833,-999,224.1789583,232.3078125,215.6697917,257.8379167,454.9
3/10/2013,20130310,677,160.276875,-999,224.4529167,232.3408333,215.9998958,258.1589583,454.8
3/11/2013,20130311,677,160.2447917,-999,224.3009375,232.3869792,216.0442708,258.4420833,454.7
3/12/2013,20130312,677,160.2160417,-999,224.3054167,232.38375,215.9732292,258.5135417,454.4
3/13/2013,20130313,677,160.1964583,-999,224.7547917,232.4209375,215.9630208,258.5257292,454.3
3/14/2013,20130314,677,160.1945833,-999,224.6571875,232.438125,215.9905208,258.5227083,454.1
3/15/2013,20130315,677,160.1777083,-999,224.8627083,232.4961458,215.9708333,258.5925,453.9
3/16/2013,20130316,677,160.1764583,-999,225.2047917,232.5563542,216.0623958,258.7835417,453.7
3/17/2013,20130317,677,160.1710417,-999,225.1446875,232.5983333,216.3223958,259.0854167,453.7
3/18/2013,20130318,677,160.1639583,-999,225.3827083,232.6559375,216.3848958,259.3135417,453.2
3/19/2013,20130319,677,160.1552083,-999,225.248125,232.6996875,216.3807292,259.3973958,453
3/20/2013,20130320,677,160.1529167,-999,225.3169792,232.7589583,216.378125,259.4148958,452.9
3/21/2013,20130321,677,160.1597917,-999,225.435,232.8301042,216.3995833,259.4386458,452.7
3/22/2013,20130322,677,160.1533333,-999,225.7872917,232.8921875,216.3795833,259.4804167,452.5
3/23/2013,20130323,677,160.1535417,-999,225.6979167,232.9758333,216.4884375,259.7041667,452.3
3/24/2013,20130324,677,160.1633333,-999,225.6998958,233.0486458,216.6075,260.0376042,452.1
3/25/2013,20130325,677,160.166875,-999,225.7014583,233.0965625,216.6638542,260.1185417,451.9
3/26/2013,20130326,677.5,160.1725,-999,225.8508333,233.151875,216.6646875,259.8479167,451.7
3/27/2013,20130327,677.5,160.1708333,-999,225.8271875,233.2153125,216.6820833,259.5654167,451.6
3/28/2013,20130328,677.5,160.1822917,-999,225.804375,233.2725,216.7310417,259.2261458,451.3
3/29/2013,20130329,677,160.1995833,-999,225.8533333,233.3357292,216.711875,258.8751042,451.1
3/30/2013,20130330,677,160.2114583,-999,225.9020833,233.4077083,216.7905208,258.6964583,450.9
3/31/2013,20130331,677,160.225,-999,225.9664583,233.4670833,217.0209375,258.696875,450.7
4/1/2013,20130401,678,160.2529167,-999,225.98125,233.4991667,217.1875,258.5084375,450.1
4/2/2013,20130402,678.3,160.2610417,-999,225.9880208,233.5478125,217.1721875,258.2057292,450.4
4/3/2013,20130403,678.3,160.2529167,-999,226.0626042,233.5809375,217.0430208,257.8770833,450.2
4/4/2013,20130404,678.3,160.2752083,-999,226.1010417,233.6334375,216.9969792,257.6813542,450.2
4/5/2013,20130405,678,160.2902083,-999,226.1413542,233.678125,217.1001042,257.5730208,450.2
4/6/2013,20130406,678.3,160.3008333,-999,226.23625,233.7564583,217.1979167,257.5197917,450.2
4/7/2013,20130407,678.5,160.3166667,-999,226.2685417,233.8225,217.263125,257.4792708,450.2
4/8/2013,20130408,678.5,160.32875,-999,226.3047917,233.8588542,217.149375,257.2885417,449.8
4/9/2013,20130409,678.5,160.326875,-999,226.5523958,233.8496875,217.2464583,256.9533333,449.8
4/10/2013,20130410,678.5,160.3689583,-999,226.3446875,233.8929167,217.310625,256.7005208,449.5
4/11/2013,20130411,678.5,160.3891667,-999,226.4421875,233.9290625,217.1685417,256.4094792,449.6
4/12/2013,20130412,678,160.404375,-999,226.5276042,233.9602083,217.0954167,256.0348958,449.5
4/13/2013,20130413,678,160.4127083,-999,226.510625,233.9891667,217.1991667,255.7613542,449.3
4/14/2013,20130414,678,160.4166667,-999,226.5422917,234.0032292,217.3897917,255.6590625,449.2
4/15/2013,20130415,678,160.4477083,-999,226.4821875,234.0136458,217.4323958,255.4734375,449.2
4/16/2013,20130416,678,160.44125,-999,226.7685417,234.0009375,217.5402083,255.1105208,448.9
4/17/2013,20130417,678,160.4495833,-999,226.8851042,233.97875,217.6375,254.783125,448.9
4/18/2013,20130418,678,160.475,-999,226.9458333,233.9971875,217.64625,254.7770833,448.9
4/19/2013,20130419,678,160.5125,-999,226.6601042,234.0502083,217.6313542,254.8677083,448.9
4/20/2013,20130420,678,160.5275,-999,226.5513542,234.0767708,217.6677083,255.1080208,448.8
4/21/2013,20130421,678,160.5489583,-999,226.6142708,234.0803125,217.7711458,255.436875,448.7
4/22/2013,20130422,678,160.5614583,-999,226.7482292,234.0622917,217.7572917,255.6209375,448.7
4/23/2013,20130423,678,160.5677083,-999,227.0307292,234.01375,217.6569792,255.6329167,448.4
4/24/2013,20130424,678,160.6279167,-999,226.6835417,234.026875,217.5394792,255.7533333,448.2
4/25/2013,20130425,678,160.635625,-999,226.51,234.0096875,217.70875,255.84625,448.4
4/26/2013,20130426,678,160.6560417,-999,226.7252083,234.0064583,217.8989583,255.825,448.6
4/27/2013,20130427,678,160.661875,-999,226.8285417,234.0048958,218.0507292,255.8451042,448.8
4/28/2013,20130428,678,160.675625,-999,226.7163542,233.9865625,218.0108333,256.0992708,448.8
4/29/2013,20130429,678,160.68875,-999,227.0403125,233.9486458,217.911875,256.2625,449.2
4/30/2013,20130430,678,160.72625,-999,226.8135417,233.9177083,217.8160417,256.2328125,449.3
5/1/2013,20130501,678,160.695,-999,226.6136458,233.8357292,217.9236458,256.2228125,449.3
5/2/2013,20130502,678,160.7002083,-999,226.8242708,233.8176042,218.0057292,256.2122917,449.4
5/3/2013,20130503,677.8,160.7270833,-999,226.6127083,233.7889583,217.8515625,256.2272917,449.4
5/4/2013,20130504,678,160.7760417,-999,226.5334375,233.765,217.6594792,256.4115625,449.3
5/5/2013,20130505,678,160.8108333,-999,226.4851042,233.7408333,217.8633333,256.748125,449.4
5/6/2013,20130506,678,160.8225,-999,226.4286458,233.6880208,218.0709375,257.0723958,449.6
5/7/2013,20130507,678,160.8320833,-999,226.2357292,233.6259375,218.1233333,257.319375,449.8
5/8/2013,20130508,678,160.8641667,-999,227.2514583,233.594375,218.1661458,257.5715625,449.8
5/9/2013,20130509,678,160.8814583,-999,227.5797917,233.5615625,218.0702083,257.8141667,450
5/10/2013,20130510,678,160.8897917,-999,227.2857292,233.5538542,218.0489583,258.0820833,450.2
5/11/2013,20130511,678,160.8960417,-999,227.2677083,233.543125,217.9664583,258.2572917,450.3
5/12/2013,20130512,678,160.911875,-999,226.4939583,233.5434375,218.039375,258.5502083,450.3
5/13/2013,20130513,678,160.9120833,-999,226.7666667,233.5080208,218.0113542,258.6225,450.7
5/14/2013,20130514,678,160.9258333,-999,226.1865625,233.4526042,217.9001042,258.4672917,450.8
5/15/2013,20130515,678,160.9470833,-999,226.4638542,233.3994792,217.9194792,258.1503125,450.7
5/16/2013,20130516,678,160.9917021,-999,227.302,233.4131034,217.9110417,257.7958065,450.7
5/17/2013,20130517,678,161.0022917,-999,226.5164583,233.3854167,217.9901042,257.4476042,450.7
5/18/2013,20130518,678,161.00125,-999,226.4403125,233.3246875,218.0167708,257.1195833,450.6
5/19/2013,20130519,678,160.996875,-999,227.0930208,233.2605208,217.9739583,256.9663542,450.6
5/20/2013,20130520,678,160.9941667,-999,226.5840625,233.1919792,217.890625,256.9153125,450.7
5/21/2013,20130521,678,161.0385417,-999,226.4245833,233.1596875,217.8002083,256.6554167,450.7
5/22/2013,20130522,678,161.0189583,-999,226.6138542,233.12375,217.6982292,256.2319792,450.6
5/23/2013,20130523,678,161.0316667,-999,226.6038542,233.120625,217.5738542,255.7875,450.6
5/24/2013,20130524,678.3,161.0304167,-999,226.5366667,233.1186458,217.4877083,255.3405208,450.6
5/25/2013,20130525,678.3,161.0295833,-999,226.6933333,233.1436458,217.5517708,255.0219792,450.6
5/26/2013,20130526,678.3,161.0385417,-999,226.6273958,233.1504167,217.7697917,254.9413542,450.6
5/27/2013,20130527,678.3,161.08,-999,227.26125,233.1561458,217.91,254.955625,450.5
5/28/2013,20130528,678.3,161.0741667,-999,227.1832292,233.0920833,217.8421875,254.88,450.2
5/29/2013,20130529,678.3,161.0733333,-999,227.1396875,233.0246875,217.783125,254.7913542,450.1
5/30/2013,20130530,678.3,161.0822917,-999,227.0852083,232.9341667,217.7169792,254.6814583,450
5/31/2013,20130531,678.3,161.0777083,-999,226.7940625,232.894375,217.5919792,254.6045833,449.9
6/1/2013,20130601,678.3,161.07875,-999,227.0994792,232.8714583,217.3701042,254.598125,449.9
6/2/2013,20130602,678.3,161.084375,-999,227.005625,232.8817708,217.3079167,254.8321875,449.9
6/3/2013,20130603,678.2,161.0877083,-999,226.7144792,232.8523958,217.3559375,254.9436458,450.2
6/4/2013,20130604,678.2,161.0991667,-999,227.3227083,232.8305208,217.3826042,254.9264583,450.4
6/5/2013,20130605,678.2,161.0852083,-999,227.3180208,232.83,217.3701042,254.9497917,450.6
6/6/2013,20130606,678.2,161.075,-999,227.5959375,232.8613542,217.2505208,254.8669792,450.8
6/7/2013,20130607,678.2,161.0697917,-999,227.8772917,232.8814583,217.0479167,254.8358333,450.9
6/8/2013,20130608,678.2,161.0739583,-999,227.7941667,232.9115625,216.9434375,254.9270833,451
6/9/2013,20130609,678.2,161.0683333,-999,227.8577083,232.9211458,217.1913542,255.2282292,451.2
6/10/2013,20130610,678.2,161.059375,-999,227.7480208,232.8923958,217.2809375,255.3810417,451.3
6/11/2013,20130611,678.2,161.0610417,-999,227.8636458,232.8534375,217.2303125,255.3323958,451.5
6/12/2013,20130612,678.2,161.0297917,-999,228.3553125,232.8033333,217.1230208,255.3185417,451.6
6/13/2013,20130613,678.2,160.999375,-999,228.9855208,232.8058333,217.0253125,255.5130208,451.9
6/14/2013,20130614,678.7,160.9791667,-999,229.3630208,232.8366667,216.7027083,255.5772917,452.1
6/15/2013,20130615,678.2,161.004375,-999,229.6415625,232.9075,216.6159375,255.6096875,452.2
6/16/2013,20130616,678.2,160.985,-999,229.706875,232.9435417,216.8055208,255.8130208,452.2
6/17/2013,20130617,678.2,160.978125,-999,230.0864583,232.9707292,216.8265625,255.9255208,452.6
6/18/2013,20130618,678.3,160.9535417,-999,229.8491667,232.9901042,216.6657292,255.9429167,452.6
6/19/2013,20130619,678.3,160.95375,-999,229.5566667,232.9811458,216.5440625,255.9503125,452.6
6/20/2013,20130620,678.3,160.9504167,-999,229.3684375,233.0154167,216.3341667,255.9772917,452.6
6/21/2013,20130621,678.3,160.949375,-999,229.2960417,233.0639583,216.1041667,255.908125,452.6
6/22/2013,20130622,678.3,160.9354167,-999,229.3358333,233.1333333,215.9042708,256.019375,452.6
6/23/2013,20130623,678.3,160.94625,-999,229.0703125,233.258125,215.9052083,256.3563542,452.6
6/24/2013,20130624,678.9,160.960625,-999,228.9377083,233.3002083,215.8834375,256.49,452.6
6/25/2013,20130625,677.9,160.9525,-999,228.5139583,233.32375,215.8780208,256.4540625,452.5
6/26/2013,20130626,677.9,160.949375,-999,228.2089583,233.3464583,215.853125,256.393125,452.7
6/27/2013,20130627,677.9,160.9535417,-999,228.0841667,233.4017708,215.7696875,256.348125,452.9
6/28/2013,20130628,677.9,160.933125,-999,228.018125,233.430625,215.5539583,256.2771875,453.1
6/29/2013,20130629,677.9,160.9410417,-999,228.2076042,233.455625,215.3716667,256.3709375,453.3
6/30/2013,20130630,677.9,160.94625,-999,228.4014583,233.4945833,215.3419792,256.6501042,453.3
7/1/2013,20130701,677.9,160.93625,-999,228.760625,233.4978125,215.3003125,256.7385417,453.3
7/2/2013,20130702,677.9,160.9454167,-999,229.2582292,233.5291667,215.0641667,256.6715625,453.5
7/3/2013,20130703,677.9,160.9152083,-999,229.68,233.5765625,214.8914583,256.63375,453.6
7/4/2013,20130704,677.9,160.9033333,-999,230.3698958,233.6209375,214.80125,256.774375,453.7
7/5/2013,20130705,677.9,160.9027083,-999,231.5195833,233.6353125,214.9183333,256.9821875,453.7
7/6/2013,20130706,677.9,160.8870833,-999,231.5869792,233.600625,215.0153125,256.9773958,453.8
7/7/2013,20130707,677.9,160.8985417,-999,231.5971875,233.5260417,215.1526042,257.0015625,453.8
7/8/2013,20130708,677.9,160.8947917,-999,230.9765625,233.43875,215.2340625,256.8405208,454.1
7/9/2013,20130709,677.8,160.891875,-999,229.528125,233.3446875,215.1789583,256.7958333,454.2
7/10/2013,20130710,677.7,160.8622917,-999,228.2438542,233.2820833,214.9382292,256.8466667,454.3
7/11/2013,20130711,677.7,160.8389583,-999,227.1727083,233.2522917,214.8110417,256.7872917,454.4
7/12/2013,20130712,677.7,160.7852083,-999,227.9023958,233.1846875,214.7402083,256.4747917,454.6
7/13/2013,20130713,677.7,160.6808333,-999,228.2773958,233.1459375,214.5825,256.0736458,454.7
7/14/2013,20130714,677.7,160.6395833,-999,225.64125,233.0992708,214.5179167,255.9534375,454.8
7/15/2013,20130715,677.6,160.6177083,-999,224.92125,233.076875,214.349375,255.7401042,454.8
7/16/2013,20130716,677.6,160.5866667,-999,224.2403125,233.0639583,214.29375,255.4204167,454.9
7/17/2013,20130717,677.6,160.5558333,-999,223.9621875,233.0532292,214.2761458,255.1373958,455
7/18/2013,20130718,677.6,160.5116667,-999,223.8365625,233.0663542,214.0971875,254.8070833,455.2
7/19/2013,20130719,677.6,160.45625,-999,223.6883333,233.0855208,213.96,254.58125,455.3
7/20/2013,20130720,677.6,160.4225,-999,223.7815625,233.0715625,213.9627083,254.4801042,455.3
7/21/2013,20130721,677.6,160.36875,-999,224.0353125,233.029375,214.0539583,254.4414583,455.4
7/22/2013,20130722,677.5,160.3289583,-999,223.4021875,232.9227083,214.2159375,254.2064583,455.6
7/23/2013,20130723,677.4,160.2791667,-999,223.1733333,232.82875,-999,253.8555208,455.7
7/24/2013,20130724,677.4,160.195,-999,223,232.7591667,-999,253.6847917,455.8
7/25/2013,20130725,677.4,160.140625,-999,222.9416667,232.7502083,-999,253.6005208,455.8
7/26/2013,20130726,677.4,160.0916667,-999,223.0033333,232.7615625,-999,253.5040625,455.9
7/27/2013,20130727,677.4,158.408125,-999,223.1265625,232.8228125,-999,253.7142708,456
7/28/2013,20130728,677.4,160.0764583,-999,223.3817708,232.8784375,-999,254.0528125,456.1
7/29/2013,20130729,677.4,160.0216667,-999,223.31125,232.8355208,-999,254.1646875,456.2
7/30/2013,20130730,677.4,159.9766667,-999,223.3458333,232.7985417,-999,254.1291667,456.3
7/31/2013,20130731,677.4,159.9558333,-999,223.2108333,232.7767708,-999,254.0748958,456.3
8/1/2013,20130801,677.4,159.8860417,-999,223.0923958,232.7545833,-999,254.0160417,456.5
8/2/2013,20130802,677.3,159.7939583,-999,223.0147917,232.7578125,-999,254.01375,456.5
8/3/2013,20130803,677.3,159.7389583,-999,223.129375,232.7771875,-999,254.0582292,456.5
8/4/2013,20130804,677.3,159.6725,-999,222.9154167,232.7764583,-999,254.3125,456.3
8/5/2013,20130805,677.3,159.6360417,-999,223.035625,232.7067708,-999,254.4219792,456.3
8/6/2013,20130806,677.2,159.710625,-999,223.5611458,232.6369792,-999,254.3810417,456.5
8/7/2013,20130807,677.2,159.7647917,-999,223.96125,232.59875,-999,254.3354167,456.7
8/8/2013,20130808,677.2,159.8408333,-999,224.7575,232.6217708,-999,254.3370833,456.9
8/9/2013,20130809,677.2,159.8983333,-999,225.2455208,232.6659375,-999,254.5714583,457
8/10/2013,20130810,677.2,159.9589583,-999,225.6479167,232.736875,-999,254.8622917,457.2
8/11/2013,20130811,677.1,160.0239583,-999,225.8066667,232.8277083,-999,255.1485417,457.5
8/12/2013,20130812,677.1,160.0714583,-999,226.1948958,232.870625,-999,255.2142708,457.7
8/13/2013,20130813,677.1,160.1270833,-999,226.1111458,232.880625,-999,255.1335417,457.9
8/14/2013,20130814,677.1,160.2170833,-999,225.8932292,232.8692708,-999,255.0732292,458.1
8/15/2013,20130815,677,160.283125,-999,225.3954167,232.9279167,-999,255.0313542,458.3
8/16/2013,20130816,677,160.3358333,-999,225.6147917,233.0092708,-999,255.0369892,458.4
8/17/2013,20130817,677,160.3720833,-999,225.5753125,233.1125,-999,254.3565882,458.6
8/18/2013,20130818,677,160.4327083,-999,225.92,233.1957292,-999,254.3934375,458.7
8/19/2013,20130819,676.9,160.4927083,-999,225.9384375,233.216875,-999,254.5354167,458.8
8/20/2013,20130820,677,160.5491667,-999,226.006875,233.22375,-999,255.0052083,458.9
8/21/2013,20130821,676.9,160.6041667,-999,225.8084375,233.2611458,-999,254.9932292,458.9
8/22/2013,20130822,676.9,160.660625,-999,225.9265625,233.3330208,-999,255.0792708,458.9
8/23/2013,20130823,676.9,160.7102083,-999,226.3427083,233.4227083,-999,255.1166667,459
8/24/2013,20130824,676.9,160.7525,-999,226.3784375,233.5182292,-999,255.5194792,459
8/25/2013,20130825,676.9,160.826875,-999,226.4060417,233.5322917,-999,256.0064583,459.1
8/26/2013,20130826,676.9,160.89125,-999,226.45,233.5203125,-999,256.0951042,459.1
8/27/2013,20130827,676.9,160.928125,-999,226.8891667,233.4879167,-999,256.0805208,459.2
8/28/2013,20130828,676.8,160.980625,-999,226.815,233.4791667,-999,256.0194792,459.3
8/29/2013,20130829,676.8,161.0320833,-999,226.5786458,233.5317708,-999,255.6892708,459.4
8/30/2013,20130830,676.8,161.0766667,-999,227.0344792,233.596875,-999,255.3329167,459.6
8/31/2013,20130831,676.8,161.1420833,-999,227.331875,233.6602083,-999,255.1340625,459.6
9/1/2013,20130901,676.8,161.1885417,-999,227.4277083,233.6591667,-999,255.1877083,459.7
9/2/2013,20130902,676.9,161.2564583,-999,227.4757292,233.6480208,-999,255.2508333,459.7
9/3/2013,20130903,676.8,161.3466667,-999,227.3414583,233.588125,-999,255.2026042,459.9
9/4/2013,20130904,676.8,161.4308333,-999,226.9886458,233.5571875,-999,254.8682292,459.9
9/5/2013,20130905,676.8,161.4991667,-999,226.9994792,233.4689583,-999,254.5409375,460.3
9/6/2013,20130906,676.8,161.559375,-999,227.0310417,233.39875,-999,254.3783333,460.5
9/7/2013,20130907,676.7,161.6066667,-999,226.9078125,233.3230208,-999,254.4996875,460.6
9/8/2013,20130908,676.7,161.6983333,-999,226.8786458,233.2597917,-999,254.7478125,460.6
9/9/2013,20130909,676.6,161.7745833,-999,226.6601042,233.1905208,-999,254.98375,460.6
9/10/2013,20130910,676.6,161.865625,-999,226.6359375,233.1521875,-999,255.2591667,460.6
9/11/2013,20130911,676.6,161.9245833,-999,226.3446875,233.14875,-999,255.3163542,460.6
9/12/2013,20130912,676.7,161.9841667,-999,225.6453125,233.2088542,-999,255.2391667,460.4
9/13/2013,20130913,676.7,162.04875,-999,225.0729167,233.2989583,-999,255.1563542,460.3
9/14/2013,20130914,676.6,162.1172917,-999,224.6814583,233.4063542,-999,255.1386458,460.3
9/15/2013,20130915,676.6,162.17125,-999,224.2586458,233.4471875,-999,255.3580208,460.3
9/16/2013,20130916,676.7,162.24875,-999,223.76375,233.4375,-999,255.5171875,460.3
9/17/2013,20130917,676.7,162.3047917,-999,223.5482292,233.3929167,-999,255.4583333,460.3
9/18/2013,20130918,676.6,162.3660417,-999,223.3396875,233.3691667,-999,255.3829167,460.5
9/19/2013,20130919,676.6,162.4325,-999,223.123125,233.388125,-999,255.2651042,460.1
9/20/2013,20130920,676.6,162.504375,-999,222.8183333,233.4321875,-999,255.1946875,460
9/21/2013,20130921,676.5,162.55375,-999,222.6202083,233.5029167,-999,255.285625,459.9
9/22/2013,20130922,676.5,162.57375,-999,222.8216667,233.5373958,-999,255.5428125,460
9/23/2013,20130923,676.5,162.638125,-999,222.6677083,233.4979167,-999,255.6278125,460
9/24/2013,20130924,676.5,162.74,-999,222.5354167,233.4465625,-999,255.5978125,460.1
9/25/2013,20130925,676.5,162.8175,-999,222.6790625,233.3840625,-999,255.5394792,459.9
9/26/2013,20130926,676.5,162.8958333,-999,222.3813542,233.3775,-999,255.4035417,460
9/27/2013,20130927,676.5,162.9447917,-999,222.0848958,233.4103125,-999,255.2378125,459.9
9/28/2013,20130928,676.5,163.01375,-999,222.3732292,233.5044792,-999,255.3660417,459.9
9/29/2013,20130929,676.5,163.1208333,-999,222.1171875,233.59375,-999,255.6271875,459.9
9/30/2013,20130930,676.5,163.2110112,-999,222.95,233.6564286,-999,255.6573864,459.9
10/1/2013,20131001,676.5,163.296875,-999,223.9004167,233.6571875,-999,255.5297917,459.9
10/2/2013,20131002,676.5,163.3645833,-999,223.7360417,233.6310417,-999,255.4228125,459.9
10/3/2013,20131003,676.5,163.415,-999,222.8372917,233.6792708,-999,255.34125,459.7
10/4/2013,20131004,676.5,163.433125,-999,222.8691667,233.7766667,-999,255.2958333,459.6
10/5/2013,20131005,676.4,163.480625,-999,223.3596875,233.9440625,-999,255.4591667,459.6
10/6/2013,20131006,676.4,163.55,-999,223.2071875,234.1382292,-999,255.7275,459.6
10/7/2013,20131007,676.4,163.6241667,-999,223.5384375,234.2540625,-999,255.7890625,459.5
10/8/2013,20131008,676.3,163.6910417,-999,224.5209375,234.2791667,-999,255.7633333,459.2
10/9/2013,20131009,676.3,163.7672917,-999,225.38,234.2636458,-999,255.73875,459.1
10/10/2013,20131010,676.3,163.8385417,-999,223.9239583,234.1864583,-999,255.738125,459
10/11/2013,20131011,676.3,163.9175,-999,224.4220833,234.1134375,-999,255.6910417,458.9
10/12/2013,20131012,676.3,163.976875,-999,225.0621875,234.1597917,-999,255.7873958,458.9
10/13/2013,20131013,676.3,164.049375,-999,225.2752083,234.2048958,-999,256.0636458,458.9
10/14/2013,20131014,676.3,164.1204167,-999,225.7711458,234.2207292,-999,256.1140625,458.9
10/15/2013,20131015,676.1,164.2141667,-999,225.7317708,234.2405208,-999,256.0769792,458.9
10/16/2013,20131016,676.3,164.2829167,-999,225.4054167,234.2796875,-999,256.01875,458.9
10/17/2013,20131017,676.3,164.3529167,-999,225.9788542,234.3135417,-999,255.898125,458.8
10/18/2013,20131018,676.2,164.4233333,-999,226.2434375,234.3351042,-999,255.839375,458.8
10/19/2013,20131019,676.3,164.4875,-999,226.251875,234.3827083,-999,256.0441667,458.8
10/20/2013,20131020,676.3,164.5695833,-999,225.5130208,234.3989583,-999,256.3441667,458.8
10/21/2013,20131021,676.3,164.6597917,-999,225.3852083,234.37375,-999,256.5525,458.9
10/22/2013,20131022,676.3,164.7320833,-999,225.4157292,234.331875,-999,256.6484375,458.9
10/23/2013,20131023,676.3,164.8016667,-999,225.1955208,234.3276042,-999,256.5928125,458.8
10/24/2013,20131024,676.3,164.8652083,-999,225.6440625,234.3569792,-999,256.545625,458.8
10/25/2013,20131025,676.3,164.91625,-999,226.3327083,234.4489583,-999,256.5744792,458.8
10/26/2013,20131026,676.1,164.9860417,-999,226.3795833,234.544375,-999,256.6888542,458.8
10/27/2013,20131027,676.1,165.0720833,-999,225.965,234.5973958,-999,256.9345833,458.8
10/28/2013,20131028,676.1,165.0966667,-999,227.6794792,234.5532292,-999,256.9870833,458.7
10/29/2013,20131029,676.1,165.1879167,-999,228.2676042,234.4959375,-999,256.9325,458.7
10/30/2013,20131030,676.1,165.2416667,-999,228.1022917,234.4509375,-999,256.8867708,458.7
10/31/2013,20131031,676,165.2979167,-999,227.2045833,234.4445833,-999,256.7780208,458.7
11/1/2013,20131101,676,165.3770833,-999,226.9559375,234.4886458,-999,256.7639583,458.7
11/2/2013,20131102,676,165.4658333,-999,226.8548958,234.5465625,-999,256.8604167,458.6
11/3/2013,20131103,676,165.5277083,-999,227.0452083,234.5297917,-999,257.045625,458.6
11/4/2013,20131104,676,165.5758333,-999,226.8439583,234.4944792,-999,257.0923958,458.6
11/5/2013,20131105,676,165.6135417,-999,226.8817708,234.4363542,-999,256.8415625,458.5
11/6/2013,20131106,676,165.57875,-999,227.1730208,234.4070833,-999,256.8276042,458.4
11/7/2013,20131107,676,165.5239583,-999,227.2820833,234.4111458,-999,256.7827083,458.4
11/8/2013,20131108,676,165.4883333,-999,227.2794792,234.3896875,-999,256.7522917,458.3
11/9/2013,20131109,676,165.4358333,-999,227.14375,234.3430208,-999,256.70875,458.1
11/10/2013,20131110,675.9,165.3760417,-999,227.3129167,234.2769792,-999,256.8747917,457.9
11/11/2013,20131111,675.9,165.3260417,-999,226.9689583,234.174375,-999,256.9884375,457.7
11/12/2013,20131112,675.9,165.2679167,-999,227.0754167,234.051875,-999,256.9045833,457.5
11/13/2013,20131113,675.9,165.2404167,-999,227.9578125,233.9508333,-999,256.9245833,457.5
11/14/2013,20131114,675.8,165.3308333,-999,227.9227083,233.8380208,-999,256.8189583,457.3
11/15/2013,20131115,675.8,165.380625,-999,227.2263542,233.6969792,-999,256.7023958,457.2
11/16/2013,20131116,675.8,165.4589583,-999,228.4879167,233.5842708,-999,256.7064583,457
11/17/2013,20131117,675.8,165.5239583,-999,228.2722917,233.4661458,-999,256.9555208,456.8
11/18/2013,20131118,675.8,165.584375,-999,229.4210417,233.3642708,-999,257.0466667,456.7
11/19/2013,20131119,675.8,165.6566667,-999,229.3144792,233.246875,-999,256.9682292,456.5
11/20/2013,20131120,675.8,165.766875,-999,229.4073958,233.20875,-999,257.0610417,456.5
11/21/2013,20131121,675.9,165.8747917,-999,228.9875,233.2119792,-999,257.0203125,456.3
11/22/2013,20131122,675.9,165.8683333,-999,228.7954167,233.1535417,-999,256.9342708,456.1
11/23/2013,20131123,675.9,165.9325,-999,228.6795833,233.18,-999,256.9016667,456
11/24/2013,20131124,675.8,165.9945833,-999,228.5578125,233.2241667,-999,257.0708333,455.9
11/25/2013,20131125,675.8,166.05,-999,228.8045833,233.2504167,-999,257.2104167,455.8
11/26/2013,20131126,675.8,166.12,-999,228.9666667,233.280625,-999,257.3229167,455.7
11/27/2013,20131127,675.9,166.1733333,-999,229.1666667,233.2757292,-999,257.129375,455.7
11/28/2013,20131128,675.9,166.235,-999,229.28125,233.2869792,-999,256.9727083,455.7
11/29/2013,20131129,675.9,166.2791667,-999,229.1466667,233.3105208,-999,257.0019792,455.7
11/30/2013,20131130,675.9,166.329375,-999,229.1001042,233.3095833,-999,256.9746875,455.1
12/1/2013,20131201,675.9,166.3860417,-999,229.0580208,233.2819792,-999,256.92875,454.9
12/2/2013,20131202,675.9,166.4745833,-999,228.9409375,233.2728125,-999,256.7814583,454.8
12/3/2013,20131203,675.9,166.534375,-999,228.84,233.253125,-999,256.6142708,454.8
12/4/2013,20131204,675.9,166.5335417,-999,228.55375,233.2167708,-999,256.5204167,454.6
12/5/2013,20131205,675.9,166.5791667,-999,227.8342708,233.2226042,-999,256.4390625,454.4
12/6/2013,20131206,675.9,166.6279167,-999,227.4680208,233.2894792,-999,256.4589583,454.3
12/7/2013,20131207,675.9,166.7633333,-999,228.586875,233.4689583,-999,256.6172917,454.3
12/8/2013,20131208,676,166.790625,-999,228.38375,233.5404167,-999,256.8620833,454.1
12/9/2013,20131209,676,166.8158333,-999,226.5617708,233.5945833,-999,257.0607292,453.9
12/10/2013,20131210,676,166.881875,-999,225.9985417,233.6598958,-999,257.1597917,453.8
12/11/2013,20131211,676,166.9091667,-999,226.3197917,233.6801042,-999,257.1321875,453.8
12/12/2013,20131212,676,166.9689583,-999,226.0329167,233.6680208,-999,257.1438542,453.6
12/13/2013,20131213,676,166.9485417,-999,225.460625,233.63375,-999,257.1277083,453.6
12/14/2013,20131214,675.9,166.9116667,-999,225.3557292,233.6169792,-999,257.12,453.3
12/15/2013,20131215,675.9,166.974375,-999,225.2708333,233.6438542,-999,257.3492708,453.3
12/16/2013,20131216,675.9,166.998125,-999,225.3510417,233.6678125,-999,257.466875,453.2
12/17/2013,20131217,675.9,167.0622917,-999,225.5202083,233.695,-999,257.4353125,453.2
12/18/2013,20131218,675.9,167.1275,-999,225.4079167,233.7386458,-999,257.4292708,453
12/19/2013,20131219,675.9,167.1664583,-999,225.5441667,233.7645833,-999,257.3939583,452.9
12/20/2013,20131220,675.9,167.1675,-999,225.3976042,233.795625,-999,257.3011458,452.8
12/21/2013,20131221,675.9,167.2614583,-999,225.3308333,233.9716667,-999,257.1486458,452.8
12/22/2013,20131222,675.9,167.3172917,-999,226.048125,234.1034375,-999,257.0784375,452.9
12/23/2013,20131223,675.9,167.3620833,-999,226.5283333,234.22875,-999,257.0879167,453.2
12/24/2013,20131224,675.8,167.39125,-999,227.1954167,234.2789583,-999,257.12375,453.4
12/25/2013,20131225,675.8,167.4664583,-999,227.3709375,234.32,-999,257.13,453.5
12/26/2013,20131226,675.8,167.5158333,-999,227.36375,234.323125,-999,256.9184375,453.5
12/27/2013,20131227,675.8,167.5827083,-999,227.526087,234.2976042,-999,256.6407292,453.6
12/28/2013,20131228,675.8,167.610625,-999,226.7323529,234.1855208,-999,256.4954167,453.6
12/29/2013,20131229,675.8,167.5920833,-999,225.9025,234.0201042,-999,256.6704167,453.8
12/30/2013,20131230,675.8,167.7204167,-999,225.8601042,234.0003125,-999,256.9582292,453.8
12/31/2013,20131231,675.8,167.78,-999,225.6033333,233.9160417,-999,257.0469792,453.9
1/1/2014,20140101,675.8,167.8227083,-999,225.2361458,233.819375,-999,257.2489583,454.2
1/2/2014,20140102,675.8,167.8739583,-999,225.7751042,233.7494792,-999,257.3282292,454.3
1/3/2014,20140103,675.5,167.9025,-999,225.2930208,233.7067708,-999,257.2716667,454.5
1/4/2014,20140104,675.5,167.938125,-999,224.9171875,233.6339583,-999,257.215625,454.7
1/5/2014,20140105,675.5,167.9664583,-999,224.7454167,233.6063542,-999,257.1848958,454.2
1/6/2014,20140106,675.5,168.0464583,-999,224.7338542,233.6376042,-999,257.0251042,454.2
1/7/2014,20140107,675.5,168.0975,-999,224.6563542,233.6489583,-999,256.6604167,453.8
1/8/2014,20140108,675.5,168.1827083,-999,224.613125,233.696875,-999,256.3552083,453.5
1/9/2014,20140109,675.5,168.2572917,-999,224.5766667,233.7388542,-999,255.9954167,453.2
1/10/2014,20140110,675.6,168.330625,-999,224.7825,233.8179167,-999,255.6395833,452.8
1/11/2014,20140111,675.5,168.4285417,-999,225.05375,233.9572917,-999,255.4910417,452.4
1/12/2014,20140112,675.5,168.446875,-999,225.1916667,234.0475,-999,255.4702083,452.1
1/13/2014,20140113,675.5,168.4570833,-999,225.4291667,234.1175,-999,255.2845833,451.8
1/14/2014,20140114,675.4,168.445,-999,225.68125,234.1511458,-999,254.9535417,451.6
1/15/2014,20140115,675.4,168.548125,-999,226.05125,234.3002083,-999,254.6691667,450.9
1/16/2014,20140116,675.3,168.6129167,-999,226.256875,234.431875,-999,254.3636458,450.7
1/17/2014,20140117,675.2,168.6752083,-999,226.5111458,234.601875,-999,254.3001042,450.4
1/18/2014,20140118,675.2,168.713125,-999,226.7669792,234.7661458,-999,254.4338542,449.9
1/19/2014,20140119,675.2,168.78375,-999,227.2727083,234.9032292,-999,254.74,449.6
1/20/2014,20140120,675.2,168.8327083,-999,227.6108333,234.9614583,-999,255.0146875,449.3
1/21/2014,20140121,674.8,168.8914583,-999,227.7530208,235.0128125,-999,255.2195833,449.3
1/22/2014,20140122,674.8,168.9477083,-999,228.0777083,235.0373958,-999,255.4297917,447.9
1/23/2014,20140123,674.8,169.055625,-999,228.3697917,235.1516667,-999,255.691875,448
1/24/2014,20140124,674.5,169.1329167,-999,228.7552083,235.2589583,-999,255.8897917,447.7
1/25/2014,20140125,674.5,169.16125,-999,229.1834409,235.3742708,-999,255.8985417,448
1/26/2014,20140126,674.3,169.22125,-999,-999,235.4755208,-999,256.0939583,448.5
1/27/2014,20140127,674.3,169.3275,-999,230.7833333,235.5882292,-999,256.4155208,448.5
1/28/2014,20140128,673.7,169.3933333,-999,230.4810417,235.6140625,-999,256.5759375,448.5
1/29/2014,20140129,673.7,169.4852083,-999,230.6570833,235.6567708,-999,256.6115625,448.7
1/30/2014,20140130,673.7,169.5485417,-999,230.9742708,235.6519792,-999,256.3923958,448.8
1/31/2014,20140131,673.7,169.6377083,-999,230.8914583,235.6535417,-999,255.9816667,448.9
2/1/2014,20140201,673.5,169.6735417,-999,230.8019792,235.7455208,-999,255.8010417,448.9
2/2/2014,20140202,673.5,169.7745833,-999,230.9695833,235.8608333,-999,255.8684375,448.9
2/3/2014,20140203,673.3,169.8360417,-999,231.190625,235.9040625,-999,255.7465625,448.9
2/4/2014,20140204,673.8,169.873125,-999,231.3484375,235.935625,-999,255.3551042,449
2/5/2014,20140205,673.8,169.9115385,120.8596875,231.6223404,236.0053333,-999,255.1798925,449.2
2/6/2014,20140206,673.8,-999,121.0820833,231.7164583,236.0270833,-999,255.0760417,449.5
2/7/2014,20140207,673.8,-999,121.2953125,231.9677083,236.2429167,-999,254.9122917,449.6
2/8/2014,20140208,673.8,-999,121.4910417,232.2086458,236.4690625,-999,254.7547917,449.8
2/9/2014,20140209,673.8,-999,121.684375,232.3646875,236.5926042,-999,254.7335417,450.1
2/10/2014,20140210,673.9,-999,121.8892708,232.5479167,236.7509375,-999,254.670625,450.3
2/11/2014,20140211,674,-999,122.0397917,232.5538542,236.7779167,-999,254.6604167,450.6
2/12/2014,20140212,674,-999,122.2102083,232.5878125,236.8028125,-999,254.8541667,451
2/13/2014,20140213,674,-999,122.3394792,232.5721875,236.7810417,-999,254.8290625,451.2
2/14/2014,20140214,674.1,-999,122.5261458,232.59125,236.7977083,-999,254.7020833,451.3
2/15/2014,20140215,674.1,-999,122.6641667,232.5496875,236.7376042,-999,254.3354167,451.7
2/16/2014,20140216,674.1,-999,122.8341667,232.7078125,236.8883333,-999,254.3384375,451.9
2/17/2014,20140217,674,-999,122.9864583,232.7286458,236.9061458,-999,254.3710417,452.2
2/18/2014,20140218,674,-999,123.1152083,232.7084375,236.8516667,-999,254.2294792,452.4
2/19/2014,20140219,674,-999,123.1154167,232.7039583,236.79875,-999,253.7854167,452.7
2/20/2014,20140220,674,-999,121.07625,233.31,236.80375,-999,253.4614583,452.9
2/21/2014,20140221,674.1,-999,118.6229167,233.7066667,236.6621875,-999,253.2845833,453.1
2/22/2014,20140222,674.1,-999,118.2,233.4538542,236.6011458,-999,253.1047917,453.3
2/23/2014,20140223,674.1,-999,118.3583333,233.2508333,236.6179167,-999,253.2335417,453.6
2/24/2014,20140224,674.1,-999,118.5159375,233.0363542,236.5707292,-999,253.26375,453.9
2/25/2014,20140225,674.1,-999,118.6789583,232.8486458,236.5015625,-999,252.8451042,454.1
2/26/2014,20140226,674.1,-999,118.8816667,232.6482292,236.3940625,-999,252.3613542,454.3
2/27/2014,20140227,674.1,-999,119.1502083,232.5411458,236.380625,-999,252.2036458,454.6
2/28/2014,20140228,674.2,-999,119.5227083,232.1776042,236.0569792,-999,251.7832292,454.9
3/1/2014,20140301,675,-999,119.8289583,232.3835417,236.285,-999,252.0892708,455.3
3/2/2014,20140302,676,-999,120.0144792,232.9438542,236.8644792,-999,252.7730208,455.4
3/3/2014,20140303,676,-999,120.1242708,233.30125,237.2009375,-999,253.1195833,455.4
3/4/2014,20140304,675.9,-999,120.3372917,233.3385417,237.2236458,-999,253.2698958,455
3/5/2014,20140305,676,-999,120.5257292,233.3264583,237.2203125,-999,253.3852083,456.4
3/6/2014,20140306,676.2,-999,120.7777083,233.4209375,237.3398958,-999,253.4044792,456.6
3/7/2014,20140307,676.2,-999,120.9005208,233.4580208,237.37,-999,253.5451042,456.6
3/8/2014,20140308,676.2,-999,121.0821875,233.5725,237.3886458,-999,253.7395833,456.6
3/9/2014,20140309,676.2,-999,121.256875,233.5997917,237.3745833,-999,253.8084375,456.6
3/10/2014,20140310,676.3,-999,121.3997917,233.645625,237.394375,-999,254.0634375,456.6
3/11/2014,20140311,676.3,-999,121.4415625,233.5429167,237.2984375,-999,254.1357292,456.5
3/12/2014,20140312,676.3,-999,121.5765625,233.4295833,237.1802083,-999,254.0822917,456.5
3/13/2014,20140313,676.3,-999,121.7439583,233.3798958,237.125,-999,254.0425,456.5
3/14/2014,20140314,676.3,-999,121.9417708,233.4736458,237.19,-999,254.1086458,456.5
3/15/2014,20140315,676.3,-999,122.0863542,233.5894792,237.2775,-999,254.0073958,456.5
3/16/2014,20140316,676.3,-999,122.2508333,233.5686458,237.225625,-999,253.8826042,456.5
3/17/2014,20140317,676.3,-999,122.3939583,233.3533333,236.996875,-999,253.5386458,456.5
3/18/2014,20140318,676.3,-999,122.5169792,233.1053125,236.7279167,-999,253.2890625,456.6
3/19/2014,20140319,676.3,-999,122.6832292,232.85,236.7365625,-999,253.3605208,456.6
3/20/2014,20140320,676.4,-999,122.8459375,232.1527083,236.6214583,-999,253.2301042,456.5
3/21/2014,20140321,676.4,-999,123.0016667,231.2502083,236.4435417,-999,252.91,456.3
3/22/2014,20140322,676.4,-999,123.1723958,229.1797917,236.379375,-999,252.8763542,456.3
3/23/2014,20140323,676.4,-999,123.2982292,227.2497917,236.3159375,-999,252.9939583,456.2
3/24/2014,20140324,676.4,-999,123.4351042,225.255,236.0878125,-999,252.72375,456.2
3/25/2014,20140325,676.4,-999,123.5964583,223.1467708,235.7628125,-999,252.4639583,456.2
3/26/2014,20140326,676.4,-999,123.7821875,220.9489583,235.4810417,-999,252.4251042,456.2
3/27/2014,20140327,676.4,-999,123.948125,218.8990625,235.5353125,-999,252.66,456.3
3/28/2014,20140328,676.5,-999,124.0877083,216.9598958,235.4809375,-999,252.7460417,456.3
3/29/2014,20140329,676.5,-999,124.2511458,217.684375,235.3139583,-999,252.8660417,456.3
3/30/2014,20140330,676.7,-999,124.4490625,219.1526042,235.3045833,-999,253.340625,456.3
3/31/2014,20140331,676.7,-999,124.5811458,220.2665625,235.0544792,-999,253.5432292,456.3
4/1/2014,20140401,676.7,-999,124.7927083,221.421875,235.0082292,-999,253.9782292,456.4
4/2/2014,20140402,676.6,-999,125.0523958,222.6446875,235.0895833,-999,254.411875,456.3
4/3/2014,20140403,676.7,-999,125.131875,223.6667708,235.1098958,-999,254.5289583,456.3
4/4/2014,20140404,676.7,-999,125.3557292,224.5078125,235.0271875,-999,254.404375,456.3
4/5/2014,20140405,677,-999,125.5814583,225.478125,235.16125,-999,254.7019792,456.3
4/6/2014,20140406,677,-999,125.721875,226.2992708,235.2184375,-999,255.0839583,456.3
4/7/2014,20140407,677,-999,125.8886458,226.8671875,235.123125,-999,255.08625,456.3
4/8/2014,20140408,677.1,-999,126.075,227.3388542,235.0503125,-999,254.9573958,456.2
4/9/2014,20140409,677.1,-999,126.1702083,227.7548958,235.0020833,-999,254.6,456.2
4/10/2014,20140410,677.1,-999,126.2094792,228.1133333,234.9426042,-999,254.1648958,456.3
4/11/2014,20140411,677.1,-999,126.2246875,228.4908333,234.9236458,-999,253.7347917,456.3
4/12/2014,20140412,677.1,-999,126.3372917,229.285,235.0116667,-999,253.4479167,456.3
4/13/2014,20140413,677.1,-999,126.5630208,229.7221875,235.1939583,-999,253.4325,456.4
4/14/2014,20140414,677.1,-999,126.7466667,230.1546875,235.3182292,-999,253.3278125,456.4
4/15/2014,20140415,677.1,-999,126.79375,230.5957292,235.2551042,-999,253.0797917,456.3
4/16/2014,20140416,677.1,-999,126.7877083,230.6584375,235.1892708,-999,252.8890625,456.2
4/17/2014,20140417,677.2,-999,126.883125,231.075625,235.2315625,-999,252.8047917,456.2
4/18/2014,20140418,677.2,-999,127.0663542,231.1926042,235.436875,-999,252.8484375,456.2
4/19/2014,20140419,677.2,-999,127.3653125,231.3955208,235.7373958,-999,252.8542708,456.2
4/20/2014,20140420,677.2,-999,127.5054167,231.4673958,235.8934375,-999,252.824375,456.2
4/21/2014,20140421,677.1,-999,127.5588542,231.3497917,235.8477083,-999,252.5558333,456.2
4/22/2014,20140422,677.1,-999,127.7102083,231.414375,235.9029167,-999,252.2673958,456.2
4/23/2014,20140423,677.1,-999,127.8426042,231.8380208,235.9758333,-999,251.9810417,456.1
4/24/2014,20140424,677.1,-999,127.8983333,232.065625,235.9720833,-999,251.7586458,456
4/25/2014,20140425,677.1,-999,127.8175,231.7778125,235.841875,-999,251.5172917,456
4/26/2014,20140426,677.1,-999,128.078125,231.8777083,236.0378125,-999,251.9511458,456
4/27/2014,20140427,677.1,-999,128.3267708,232.2278125,236.1407292,-999,252.4234375,456
4/28/2014,20140428,677.1,-999,128.531875,232.3797917,236.1761458,-999,252.5960417,456
4/29/2014,20140429,677.1,-999,128.6019792,232.0388542,236.0792708,-999,252.5422917,456
4/30/2014,20140430,677.2,-999,128.6351042,231.6948958,235.9585417,-999,252.4857292,456.2
5/1/2014,20140501,677.2,-999,128.7767708,231.6095833,235.9778125,-999,252.503125,456.3
5/2/2014,20140502,677.2,-999,128.9007292,231.7489583,235.9882292,-999,252.4410417,456.6
5/3/2014,20140503,677.2,-999,129.0167708,232.1533333,236.0146875,-999,252.4690625,456.7
5/4/2014,20140504,677.2,-999,129.131875,232.5203125,236.1065625,-999,252.7257292,456.9
5/5/2014,20140505,677.2,-999,129.1994792,232.5863542,236.0958333,-999,252.8198958,456.9
5/6/2014,20140506,677.2,-999,129.176875,232.2272917,236.0171875,-999,252.7458333,457.2
5/7/2014,20140507,677.2,-999,129.3328125,232.2160417,236.0641667,-999,252.8240625,457.2
5/8/2014,20140508,677.2,-999,129.5272917,232.5733333,236.1840625,-999,252.9725,457.3
5/9/2014,20140509,677.2,-999,129.7338542,232.5739583,236.3601042,-999,253.0328125,457.4
5/10/2014,20140510,677.2,-999,129.7942708,232.4260417,236.4111458,-999,252.9904167,457.6
5/11/2014,20140511,677.2,-999,129.8586458,232.2823958,236.3930208,-999,253.1961458,457.8
5/12/2014,20140512,677.2,-999,129.9740625,232.20625,236.3663542,-999,253.3221875,458.2
5/13/2014,20140513,677.2,-999,130.1325,232.4307292,236.3746875,-999,253.2790625,458.4
5/14/2014,20140514,677.2,-999,130.2402083,232.6697917,236.38375,-999,253.1942708,458.6
5/15/2014,20140515,677.2,-999,130.3225,232.4992708,236.3542708,-999,253.0425,458.6
5/16/2014,20140516,677.2,-999,130.4227083,232.4047917,236.3421875,-999,252.7113542,458.7
5/17/2014,20140517,677.2,-999,130.4817708,232.2961458,236.3063542,-999,252.4136458,458.7
5/18/2014,20140518,677.2,-999,130.5564583,232.1677083,236.28375,-999,252.5629167,458.8
5/19/2014,20140519,677.2,-999,130.6153125,232.113125,236.1928125,-999,252.6991667,459.2
5/20/2014,20140520,677.2,-999,130.7161458,232.4189583,236.1516667,-999,252.7233333,459.3
5/21/2014,20140521,677.2,-999,130.7859375,232.4727083,236.1158333,-999,252.6321875,459.4
5/22/2014,20140522,677.2,-999,130.9127083,232.4758333,236.1846875,-999,252.6003125,459.7
5/23/2014,20140523,677.2,-999,131.0485417,232.6970833,236.3165625,-999,252.5726042,459.9
5/24/2014,20140524,677.2,-999,131.1434375,232.5142708,236.3542708,-999,252.3553125,460.1
5/25/2014,20140525,677.2,-999,131.2320833,232.2841667,236.301875,-999,252.2077083,460.3
5/26/2014,20140526,677.2,-999,131.3917708,232.0957292,236.2873958,-999,252.2904167,460.3
5/27/2014,20140527,677.2,-999,131.5340625,231.8659375,236.2077083,-999,252.1036458,460.8
5/28/2014,20140528,677.2,-999,131.6052083,231.7135417,236.0745833,-999,251.9221875,461
5/29/2014,20140529,677.2,-999,131.6185417,231.6241667,235.8330208,-999,251.7739583,461.2
5/30/2014,20140530,677.2,-999,131.7482292,231.3878125,235.706875,-999,251.70875,461.4
5/31/2014,20140531,677.2,-999,131.8303125,231.4716667,235.5869792,-999,251.8553125,461.5
6/1/2014,20140601,677.2,-999,131.8335417,231.2569792,235.3594792,-999,252.0540625,461.7
6/2/2014,20140602,677,-999,131.9440625,230.9188542,235.230625,-999,252.3079167,462.2
6/3/2014,20140603,677,-999,132.0438542,230.7007292,235.1527083,-999,252.6019792,462.2
6/4/2014,20140604,677,-999,132.1151042,230.7227083,235.0386458,-999,252.7884375,462.3
6/5/2014,20140605,677,-999,132.185625,230.4803125,234.95125,-999,252.9645833,462.6
6/6/2014,20140606,677,-999,132.263125,230.4528125,234.9155208,-999,253.131875,462.7
6/7/2014,20140607,677,-999,132.3598958,230.7627083,234.9290625,-999,253.4589583,462.9
6/8/2014,20140608,677,-999,132.425625,231.0176042,234.9326042,-999,253.6723958,463.2
6/9/2014,20140609,676.8,-999,132.4359375,231.0907292,234.9026042,-999,253.783125,463.3
6/10/2014,20140610,676.8,-999,132.5709375,230.9105208,234.9969792,-999,253.9152083,463.5
6/11/2014,20140611,676.8,-999,132.7670833,230.9604167,235.1414583,-999,253.666875,463.8
6/12/2014,20140612,676.8,-999,132.9853125,231.3035417,235.3614583,-999,253.5372917,463.9
6/13/2014,20140613,676.7,-999,133.0722917,231.3197917,235.4655208,-999,253.2489583,464.1
6/14/2014,20140614,676.7,-999,133.0953125,231.2953125,235.516875,-999,253.0960417,464.6
6/15/2014,20140615,676.7,-999,133.129375,231.37125,235.5758333,-999,252.9003125,464.7
6/16/2014,20140616,676.7,-999,133.28875,231.5608333,235.6972917,-999,252.9063542,464.8
6/17/2014,20140617,676.7,-999,133.3734375,231.9098958,235.7564583,-999,252.58625,464.9
6/18/2014,20140618,676.7,-999,133.4652083,232.1360417,235.8539583,-999,252.2438542,465.1
6/19/2014,20140619,676.7,-999,133.6261458,232.285625,236.015,-999,251.9092708,465.3
6/20/2014,20140620,676.5,-999,133.9828916,232.2255814,236.1575309,-999,251.8189412,465.3
6/21/2014,20140621,676.5,-999,134.1494792,232.0026042,236.0727083,-999,251.6205208,465.6
6/22/2014,20140622,676.5,-999,134.1019792,231.889375,236.0297917,-999,251.5263542,465.4
6/23/2014,20140623,676.5,-999,134.1258333,231.8338542,235.9658333,-999,251.2596875,466.1
6/24/2014,20140624,676.5,-999,134.2121875,232.1691667,235.9707292,-999,250.915625,466.3
6/25/2014,20140625,676.5,-999,134.2977083,232.4655208,236.0215625,-999,250.8769792,466.3
6/26/2014,20140626,676.5,-999,134.36,232.4659375,236.0951042,-999,251.065625,466.3
6/27/2014,20140627,676.5,-999,134.4540625,231.1957292,236.1778125,-999,251.0809375,466.3
6/28/2014,20140628,676.5,-999,134.565625,230.1254167,236.1491667,-999,250.9877083,466.3
6/29/2014,20140629,676.5,-999,134.638125,229.8570833,236.039375,-999,250.9419792,466.3
6/30/2014,20140630,676.5,-999,134.7495833,230.2345833,235.9313542,-999,250.6515625,466.2
7/1/2014,20140701,676.5,-999,134.87,229.436875,235.8461458,-999,250.5295833,466.2
7/2/2014,20140702,676.3,-999,134.9770833,228.2959375,235.8217708,-999,250.4254167,466.2
7/3/2014,20140703,676.3,-999,135.0530208,227.3723958,235.8265625,-999,250.3154167,466.1
7/4/2014,20140704,676.3,-999,135.1467708,227.4914583,235.8134375,-999,250.3085417,466.1
7/5/2014,20140705,676.3,-999,135.2146875,227.5460417,235.7261458,-999,250.4476042,466.1
7/6/2014,20140706,676.3,-999,135.3015625,227.4879167,235.6086458,-999,250.479375,466.1
7/7/2014,20140707,676.2,-999,135.4065625,228.2459375,235.5004167,-999,250.2723958,466.2
7/8/2014,20140708,676.2,-999,135.4891667,227.66125,235.3636458,-999,250.0959375,466.2
7/9/2014,20140709,676.2,-999,135.5451042,226.8690625,235.2559375,-999,249.8814583,466
7/10/2014,20140710,676.2,-999,135.6344792,226.5846875,235.2334375,-999,249.7403125,466
7/11/2014,20140711,676.2,-999,135.7330208,226.1458333,235.271875,-999,249.7425,466
7/12/2014,20140712,676.2,-999,135.8123958,224.8373958,235.3319792,-999,250.1133333,465.9
7/13/2014,20140713,676.2,-999,135.89625,223.6604167,235.3034375,-999,250.6092708,465.9
7/14/2014,20140714,676.2,-999,135.9713542,224.6423958,235.251875,-999,250.7091667,465.9
7/15/2014,20140715,676,-999,136.0838542,224.4591667,235.1971875,-999,250.6267708,465.8
7/16/2014,20140716,676,-999,136.1759375,223.9835417,235.1732292,-999,250.425625,465.8
7/17/2014,20140717,676,-999,136.2732292,223.5221875,235.1596875,-999,250.325625,465.8
7/18/2014,20140718,676,-999,136.3714583,223.2317708,235.195625,-999,250.2553125,465.8
7/19/2014,20140719,676,-999,136.4692708,223.1971875,235.2298958,-999,250.1411458,465.8
7/20/2014,20140720,676,-999,136.581875,224.1227083,235.1969792,-999,250.09375,465.7
7/21/2014,20140721,676,-999,136.670625,225.19375,235.1352083,-999,249.9086458,465.7
7/22/2014,20140722,675.8,-999,136.7719792,224.9833333,235.1030208,-999,249.6886458,465.7
7/23/2014,20140723,675.8,-999,136.8094792,224.5772917,235.0447917,-999,249.4771875,465.7
7/24/2014,20140724,675.8,-999,136.7678125,223.9422917,235.0407292,-999,249.2476042,465.7
7/25/2014,20140725,675.8,-999,136.7813542,223.7446875,235.0715625,-999,248.9340625,465.6
7/26/2014,20140726,675.8,-999,136.8477083,223.4686458,235.1172917,-999,248.8845833,465.6
7/27/2014,20140727,675.8,-999,136.9533333,224.6648958,235.0935417,-999,249.0664583,465.5
7/28/2014,20140728,675.8,-999,137.0227083,225.5109375,235.0217708,-999,249.1057292,465.5
7/29/2014,20140729,675.7,-999,137.0759375,224.8979167,234.9657292,-999,248.64,465.5
7/30/2014,20140730,675.7,-999,137.1826042,224.3180208,234.97875,-999,248.3663542,465.5
7/31/2014,20140731,675.7,-999,137.2464583,223.1428125,235.029375,-999,248.6928125,465.5
8/1/2014,20140801,675.7,-999,137.325625,221.4489583,235.0551042,-999,249.3153125,465.4
8/2/2014,20140802,675.7,-999,137.404375,220.358125,235.0644792,-999,249.7777083,465.4
8/3/2014,20140803,675.7,-999,137.47875,221.8039583,235.0019792,-999,250.105,465.4
8/4/2014,20140804,675.7,-999,137.5453125,223.6175,234.9145833,-999,250.2614583,465.3
8/5/2014,20140805,675.7,-999,137.6008333,223.7372917,234.8480208,-999,250.4352083,465.3
8/6/2014,20140806,675.5,-999,137.6710417,223.2816667,234.8066667,-999,250.5111458,465.3
8/7/2014,20140807,675.5,188.6724324,137.7671875,223.2858333,234.8461053,180.2485417,250.6296875,465.3
8/8/2014,20140808,675.5,188.7227083,137.8670833,222.7505208,234.8629167,180.4094792,250.8016667,465.3
8/9/2014,20140809,675.5,188.765,137.9382292,222.4048958,234.8371875,180.5488542,250.8357292,465.2
8/10/2014,20140810,675.5,188.8029167,138.0152083,223.4335417,234.7535417,180.6759375,250.7341667,465.2
8/11/2014,20140811,675.4,188.7990625,138.0785417,224.0858333,234.6341667,180.6976042,250.5459375,465.2
8/12/2014,20140812,675.4,188.8346875,138.1760417,223.3678125,234.5541667,180.4979167,250.41875,465.2
8/13/2014,20140813,675.4,188.8657292,138.23375,222.9484375,234.4209375,180.1504167,250.2744792,465.1
8/14/2014,20140814,675.4,188.8830208,138.3030208,222.2152083,234.3622917,179.8502083,250.2851042,465
8/15/2014,20140815,675.4,188.9013542,138.3716667,221.87,234.3653125,179.6270833,250.3634375,465.1
8/16/2014,20140816,675.4,188.9269792,138.455625,221.5751042,234.3605208,179.6995833,250.3269792,465.1
8/17/2014,20140817,675.4,188.9603125,138.5520833,222.0653125,234.3142708,179.7775,250.3319792,465
8/18/2014,20140818,675.4,188.9834375,138.6275,222.9475,234.2192708,179.8476042,250.1658333,464.9
8/19/2014,20140819,675.3,189.0169792,138.6794792,222.7911458,234.1479167,179.6432292,249.9748958,465
8/20/2014,20140820,675.3,189.0183333,138.6815625,221.9126042,234.0170833,179.3946875,249.7680208,465
8/21/2014,20140821,675.3,189.031875,138.746875,221.0523958,233.9265625,179.1360417,249.5704167,464.9
8/22/2014,20140822,675.2,189.0542708,138.8361458,220.5877083,233.9209375,178.8904167,249.7002083,464.9
8/23/2014,20140823,675.2,189.0607292,138.9058333,219.4209375,233.9344792,178.9430208,250.2207292,464.8
8/24/2014,20140824,675.2,189.086875,138.9776042,219.4775,233.8810417,179.0302083,250.58875,464.8
8/25/2014,20140825,675.1,189.1109375,139.0466667,220.2783333,233.785,179.0883333,250.6832292,464.8
8/26/2014,20140826,675.1,189.1228125,139.1079167,220.1236458,233.6809375,178.8701042,250.7865625,464.8
8/27/2014,20140827,675,189.1396875,139.1666667,219.6465625,233.5759375,178.59875,250.8873958,464.8
8/28/2014,20140828,675,189.175,139.2705208,218.4926042,233.5176042,178.3539583,250.9373958,464.7
8/29/2014,20140829,675,189.1757292,139.3619792,217.2421875,233.5242708,178.1045833,251.0941667,464.7
8/30/2014,20140830,675,189.1836458,139.4242708,216.8517708,233.4960417,178.1346875,251.145625,464.7
8/31/2014,20140831,675,189.2069792,139.5027083,217.7075,233.4577083,178.218125,251.1817708,464.7
9/1/2014,20140901,675,189.2063542,139.5444792,218.408125,233.3754167,178.2922917,251.1860417,464.7
9/2/2014,20140902,675,189.2414583,139.6440625,218.9161458,233.27,178.3385417,251.0153125,464.5
9/3/2014,20140903,675,189.2352083,139.7182292,218.415,233.1591667,178.0785417,250.8576042,464.5
9/4/2014,20140904,674.9,189.2561458,139.8057292,217.915625,233.0771875,177.8122917,250.8814583,464.5
9/5/2014,20140905,674.9,189.2919792,139.8920833,216.8085417,233.0348958,177.5622917,250.9494792,464.5
9/6/2014,20140906,674.9,189.3005208,139.9560417,216.3508333,233.0527083,177.3147917,251.1470833,464.5
9/7/2014,20140907,674.9,189.3103125,140.025625,217.1409375,233.056875,177.33,251.4041667,464.5
9/8/2014,20140908,674.8,189.3139583,140.0819792,217.9247917,233.0348958,177.3633333,251.5395833,464.5
9/9/2014,20140909,674.8,189.3225,140.1390625,217.8169792,232.9378125,177.125625,251.3992708,464.5
9/10/2014,20140910,674.8,189.3289583,140.1798958,218.1097917,232.8582292,177.0754167,250.995,464.5
9/11/2014,20140911,674.9,189.354375,140.2645833,218.5867708,232.8120833,176.8865625,250.5345833,464.4
9/12/2014,20140912,674.9,189.3651042,140.3344792,219.1416667,232.7934375,176.6433333,250.1939583,464.4
9/13/2014,20140913,674.8,189.3942708,140.4332292,220.3048958,232.815,176.6896875,249.8525,464.3
9/14/2014,20140914,674.8,189.3896875,140.3040625,220.8415625,232.7721875,176.7230208,249.891875,464.2
9/15/2014,20140915,674.8,189.4035417,140.2817708,221.1052083,232.7017708,176.77125,249.9734375,464.2
9/16/2014,20140916,674.8,189.4139583,140.3503125,220.1672917,232.6227083,176.5634375,250.0094792,463.9
9/17/2014,20140917,674.7,189.4259375,140.4157292,220.5913542,232.5692708,176.3048958,249.9648958,463.8
9/18/2014,20140918,674.7,189.4641667,140.4990625,221.7383333,232.6434375,176.1020833,249.7942708,463.4
9/19/2014,20140919,674.7,189.464375,140.6188542,222.9048958,232.7578125,175.8710417,249.7205208,463.2
9/20/2014,20140920,674.7,189.4888542,140.8984375,223.8960417,232.805625,175.91875,249.936875,463.2
9/21/2014,20140921,674.7,189.5054167,141.10375,224.2533333,232.7892708,175.9746875,250.2613542,463.2
9/22/2014,20140922,674.6,189.53875,141.2630208,224.434375,232.7320833,176.0273958,250.3958333,463.2
9/23/2014,20140923,674.6,189.5661458,141.3507292,224.7023958,232.6594792,175.7685417,250.3415625,463.2
9/24/2014,20140924,674.6,189.5648958,141.4052083,224.61375,232.6352083,175.4845833,250.2145833,463.2
9/25/2014,20140925,674.6,189.6264583,141.5326042,224.0820833,232.7589583,175.2557292,250.1134375,463.2
9/26/2014,20140926,674.6,189.629375,141.590625,223.6089583,232.9147917,174.9952083,249.9289583,463.2
9/27/2014,20140927,674.6,189.6415625,141.6513542,223.561875,232.9978125,175.0895833,249.8376042,463.1
9/28/2014,20140928,674.5,189.6757292,141.7397917,223.6435417,232.955625,175.1805208,250.11125,463.2
9/29/2014,20140929,674.5,189.6915625,141.7891667,223.8482292,232.9025,175.2244792,250.3082292,463.1
9/30/2014,20140930,674.5,189.7134375,141.8223958,223.2591667,232.8334375,174.9333333,250.4803125,463.1
