..\UZF_PP_List.txt
..\IUZFBND_MainCorridor_ZoneArray.txt
 546 376
 60
PET001
PET002
PET003
PET004
PET005
PET006
PET007
PET008
PET009
PET010
PET011
PET012
PET013
PET014
PET015
PET016
PET017
PET018
PET019
PET020
PET021
PET022
PET023
PET024
PET025
PET026
PET027
PET028
PET029
PET030
PET031
PET032
PET033
PET034
PET035
PET036
PET037
PET038
PET039
PET040
PET041
PET042
PET043
PET044
PET045
PET046
PET047
PET048
PET049
PET050
PET051
PET052
PET053
PET054
PET055
PET056
PET057
PET058
PET059
PET060
 92668 1 2 0.00000000E+00 59 0.547116220 60 0.452883780
 92669 1 2 0.00000000E+00 59 0.538278878 60 0.461721122
 93214 1 2 0.00000000E+00 59 0.545248687 60 0.454751283
 93215 1 2 0.00000000E+00 59 0.535823762 60 0.464176238
 93757 1 2 0.00000000E+00 59 0.582936287 60 0.417063683
 93758 1 2 0.00000000E+00 59 0.567228556 60 0.432771474
 93759 1 2 0.00000000E+00 59 0.553557336 60 0.446442664
 93760 1 2 0.00000000E+00 59 0.541854024 60 0.458146006
 93761 1 2 0.00000000E+00 59 0.531978667 60 0.468021333
 93762 1 2 0.00000000E+00 59 0.523753166 60 0.476246864
 94299 1 2 0.00000000E+00 59 0.672819495 60 0.327180475
 94300 1 2 0.00000000E+00 59 0.647124112 60 0.352875918
 94301 1 2 0.00000000E+00 59 0.622740030 60 0.377259940
 94302 1 2 0.00000000E+00 59 0.600451171 60 0.399548799
 94303 1 2 0.00000000E+00 59 0.580657184 60 0.419342816
 94304 1 2 0.00000000E+00 59 0.563479781 60 0.436520249
 94305 1 2 0.00000000E+00 59 0.548854887 60 0.451145142
 94306 1 2 0.00000000E+00 59 0.536605000 60 0.463395000
 94307 1 2 0.00000000E+00 59 0.526492417 60 0.473507583
 94308 1 2 0.00000000E+00 59 0.518255591 60 0.481744409
 94844 1 3 0.00000000E+00 59 0.659211159 60 0.195930496 58 0.144858330
 94845 1 3 0.00000000E+00 59 0.624369025 60 0.222222686 58 0.153408319
 94846 1 3 0.00000000E+00 59 0.589934051 60 0.246539980 58 0.163525954
 94847 1 2 0.00000000E+00 59 0.622250676 60 0.377749324
 94848 1 2 0.00000000E+00 59 0.597098887 60 0.402901083
 94849 1 2 0.00000000E+00 59 0.575342834 60 0.424657136
 94850 1 2 0.00000000E+00 59 0.556936979 60 0.443062991
 94851 1 2 0.00000000E+00 59 0.541653156 60 0.458346814
 94852 1 2 0.00000000E+00 59 0.529168010 60 0.470831960
 94853 1 2 0.00000000E+00 59 0.519121766 60 0.480878234
 94854 1 2 0.00000000E+00 59 0.511155605 60 0.488844395
 94855 1 2 0.00000000E+00 59 0.504933715 60 0.495066315
 95390 1 3 0.00000000E+00 59 0.678917348 60 0.197858125 58 0.123224534
 95391 1 3 0.00000000E+00 59 0.636154294 60 0.229938969 58 0.133906752
 95392 1 3 0.00000000E+00 59 0.595471144 60 0.258551836 58 0.145977050
 95393 1 3 0.00000000E+00 59 0.558434129 60 0.282696158 58 0.158869699
 95394 1 3 0.00000000E+00 59 0.525691152 60 0.302094549 58 0.172214314
 95395 1 2 0.00000000E+00 59 0.566172361 60 0.433827639
 95396 1 2 0.00000000E+00 59 0.546986699 60 0.453013271
 95397 1 2 0.00000000E+00 59 0.531507671 60 0.468492359
 95398 1 2 0.00000000E+00 59 0.519231021 60 0.480768979
 95399 1 2 0.00000000E+00 59 0.509655774 60 0.490344197
 95400 1 2 0.00000000E+00 59 0.502317190 60 0.497682840
 95401 1 2 0.00000000E+00 60 0.503197432 59 0.496802568
 95402 1 2 0.00000000E+00 60 0.507243156 59 0.492756814
 95403 1 2 0.00000000E+00 60 0.510119259 59 0.489880741
 95404 1 2 0.00000000E+00 60 0.512073576 59 0.487926453
 95936 1 3 0.00000000E+00 59 0.693065524 60 0.205182537 58 0.101751938
 95937 1 3 0.00000000E+00 59 0.641420066 60 0.243808389 58 0.114771523
 95938 1 3 0.00000000E+00 59 0.594434142 60 0.276762605 58 0.128803283
 95939 1 3 0.00000000E+00 59 0.553183258 60 0.303384751 58 0.143431991
 95940 1 3 0.00000000E+00 59 0.517820001 60 0.323791385 58 0.158388644
 95941 1 3 0.00000000E+00 59 0.488019854 60 0.338538557 58 0.173441604
 95942 1 3 0.00000000E+00 59 0.463227898 60 0.348401994 58 0.188370094
 95943 1 2 0.00000000E+00 59 0.518023014 60 0.481976956
 95944 1 2 0.00000000E+00 59 0.506543219 60 0.493456781
 95945 1 2 0.00000000E+00 60 0.502052784 59 0.497947246
 95946 1 2 0.00000000E+00 60 0.508335114 59 0.491664886
 95947 1 2 0.00000000E+00 60 0.512786925 59 0.487213045
 95948 1 2 0.00000000E+00 60 0.515808105 59 0.484191895
 95949 1 2 0.00000000E+00 60 0.517723799 59 0.482276171
 95950 1 2 0.00000000E+00 60 0.518795371 59 0.481204629
 96481 1 3 0.00000000E+00 59 0.763137460 60 0.169034138 58 6.78283721E-02
 96482 1 3 0.00000000E+00 59 0.696598887 60 0.221407592 58 8.19935352E-02
 96483 1 3 0.00000000E+00 59 0.636423945 60 0.266517103 58 9.70589742E-02
 96484 1 3 0.00000000E+00 59 0.584160209 60 0.303144366 58 0.112695418
 96485 1 3 0.00000000E+00 59 0.539911032 60 0.331299305 58 0.128789693
 96486 1 3 0.00000000E+00 59 0.503139317 60 0.351661652 58 0.145199060
 96487 1 3 0.00000000E+00 59 0.473015815 60 0.365271777 58 0.161712408
 96488 1 3 0.00000000E+00 59 0.448609680 60 0.373310685 58 0.178079620
 96489 1 3 0.00000000E+00 59 0.429002702 60 0.376943976 58 0.194053322
 96490 1 2 0.00000000E+00 60 0.509034812 59 0.490965158
 96491 1 2 0.00000000E+00 60 0.516050100 59 0.483949870
 96492 1 2 0.00000000E+00 60 0.520788908 59 0.479211092
 96493 1 2 0.00000000E+00 60 0.523788273 59 0.476211756
 96494 1 2 0.00000000E+00 60 0.525476038 59 0.474523991
 96495 1 2 0.00000000E+00 60 0.526188374 59 0.473811626
 96496 1 2 0.00000000E+00 60 0.526186883 59 0.473813117
 97026 1 3 0.00000000E+00 59 0.847120464 60 0.118744150 58 3.41353677E-02
 97027 1 3 0.00000000E+00 59 0.759885848 60 0.189891621 58 5.02225123E-02
 97028 1 3 0.00000000E+00 59 0.682897389 60 0.251079291 58 6.60233051E-02
 97029 1 3 0.00000000E+00 59 0.617071867 60 0.301020563 58 8.19075778E-02
 97030 1 3 0.00000000E+00 59 0.562047482 60 0.339657247 58 9.82952490E-02
 97031 1 3 0.00000000E+00 59 0.516942918 60 0.367711961 58 0.115345120
 97032 1 3 0.00000000E+00 59 0.480585396 60 0.386466891 58 0.132947698
 97033 1 3 0.00000000E+00 59 0.451678038 60 0.397506446 58 0.150815532
 97034 1 3 0.00000000E+00 60 0.402468115 59 0.428939462 58 0.168592438
 97035 1 3 0.00000000E+00 60 0.402861565 59 0.411200166 58 0.185938269
 97036 1 3 0.00000000E+00 60 0.399973035 59 0.397450775 58 0.202576175
 97037 1 2 0.00000000E+00 60 0.532241762 59 0.467758238
 97038 1 2 0.00000000E+00 60 0.534917057 59 0.465082943
 97039 1 2 0.00000000E+00 60 0.536062837 59 0.463937134
 97040 1 2 0.00000000E+00 60 0.536109984 59 0.463890016
 97041 1 2 0.00000000E+00 60 0.535384536 59 0.464615434
 97042 1 2 0.00000000E+00 60 0.534131587 59 0.465868443
 97568 1 4 0.00000000E+00 59 0.768339992 60 6.96382076E-02 58 7.55634308E-02 57 8.64583403E-02
 97569 1 4 0.00000000E+00 59 0.842762768 60 5.47332130E-02 58 4.98619117E-02 57 5.26421219E-02
 97570 1 4 0.00000000E+00 59 0.919686019 60 3.89095135E-02 58 2.19761375E-02 57 1.94283575E-02
 97571 1 4 0.00000000E+00 59 0.908275306 60 7.20886216E-02 58 1.01542892E-02 57 9.48176719E-03
 97572 1 4 0.00000000E+00 59 0.808842778 60 0.152666897 58 1.53193995E-02 57 2.31708977E-02
 97573 1 3 0.00000000E+00 59 0.724902153 60 0.233274385 58 4.18234654E-02
 97574 1 3 0.00000000E+00 59 0.646349490 60 0.298122644 58 5.55278435E-02
 97575 1 3 0.00000000E+00 59 0.580302298 60 0.349655807 58 7.00418800E-02
 97576 1 3 0.00000000E+00 59 0.526288211 60 0.387770981 58 8.59408230E-02
 97577 1 3 0.00000000E+00 59 0.483210176 60 0.413471848 58 0.103317961
 97578 1 3 0.00000000E+00 60 0.428570390 59 0.449577063 58 0.121852532
 97579 1 3 0.00000000E+00 60 0.435244709 59 0.423754245 58 0.141001061
 97580 1 3 0.00000000E+00 60 0.435637832 59 0.404177755 58 0.160184413
 97581 1 3 0.00000000E+00 60 0.431611300 59 0.389482260 58 0.178906426
 97582 1 3 0.00000000E+00 60 0.424655288 59 0.378544569 58 0.196800143
 97583 1 3 0.00000000E+00 60 0.415897697 59 0.370474696 58 0.213627607
 97584 1 2 0.00000000E+00 60 0.550454259 59 0.449545711
 97585 1 2 0.00000000E+00 60 0.549366832 59 0.450633138
 97586 1 2 0.00000000E+00 60 0.547493219 59 0.452506810
 97587 1 2 0.00000000E+00 60 0.545123935 59 0.454876095
 98113 1 4 0.00000000E+00 59 0.660213292 60 0.104990683 58 0.113386117 57 0.121409893
 98114 1 4 0.00000000E+00 59 0.714583397 60 0.103783175 58 9.25174132E-02 57 8.91159922E-02
 98115 1 4 0.00000000E+00 59 0.767833829 60 0.105271719 58 6.89115524E-02 57 5.79829141E-02
 98116 1 4 0.00000000E+00 59 0.803724110 60 0.117692888 58 4.61629406E-02 57 3.24200466E-02
 98117 1 4 0.00000000E+00 59 0.789381206 60 0.158177510 58 3.14788967E-02 57 2.09623910E-02
 98118 1 4 0.00000000E+00 59 0.725752056 60 0.224350780 58 2.59631928E-02 57 2.39339843E-02
 98119 1 4 0.00000000E+00 59 0.647755265 60 0.294347763 58 2.45037545E-02 57 3.33932377E-02
 98120 1 3 0.00000000E+00 59 0.586240172 60 0.363321483 58 5.04383110E-02
 98121 1 3 0.00000000E+00 59 0.525548160 60 0.413204879 58 6.12469763E-02
 98122 1 3 0.00000000E+00 59 0.476511687 60 0.448033392 58 7.54549429E-02
 98123 1 3 0.00000000E+00 60 0.468726397 59 0.438595176 58 9.26784202E-02
 98124 1 3 0.00000000E+00 60 0.477711052 59 0.410237789 58 0.112051152
 98125 1 3 0.00000000E+00 60 0.477925390 59 0.389542818 58 0.132531792
 98126 1 3 0.00000000E+00 60 0.472099036 59 0.374718219 58 0.153182745
 98127 1 3 0.00000000E+00 60 0.462429881 59 0.364272326 58 0.173297778
 98128 1 3 0.00000000E+00 60 0.450542629 59 0.357045263 58 0.192412108
 98129 1 3 0.00000000E+00 60 0.437574238 59 0.352166981 58 0.210258797
 98130 1 3 0.00000000E+00 60 0.424289942 59 0.348995805 58 0.226714253
 98131 1 2 0.00000000E+00 60 0.563345492 59 0.436654478
 98132 1 2 0.00000000E+00 60 0.559328377 59 0.440671593
 98658 1 4 0.00000000E+00 59 0.562721848 60 0.127001569 58 0.150819704 57 0.159456864
 98659 1 4 0.00000000E+00 59 0.602469206 60 0.134448498 58 0.135725036 57 0.127357259
 98660 1 4 0.00000000E+00 59 0.641110480 60 0.146015182 58 0.116825730 57 9.60485861E-02
 98661 1 4 0.00000000E+00 59 0.672463894 60 0.164753512 58 9.53077227E-02 57 6.74748719E-02
 98662 1 4 0.00000000E+00 59 0.685222089 60 0.196151495 58 7.37721771E-02 57 4.48542461E-02
 98663 1 4 0.00000000E+00 59 0.667432725 60 0.245437309 58 5.54946139E-02 57 3.16353403E-02
 98664 1 4 0.00000000E+00 59 0.620361507 60 0.309613913 58 4.18540947E-02 57 2.81704552E-02
 98665 1 4 0.00000000E+00 59 0.558566451 60 0.377387375 58 3.23149897E-02 57 3.17311436E-02
 98666 1 4 0.00000000E+00 59 0.495912820 60 0.437426567 58 2.68267430E-02 57 3.98338772E-02
 98667 1 3 0.00000000E+00 60 0.490841359 59 0.454839051 58 5.43195941E-02
 98668 1 3 0.00000000E+00 60 0.519972086 59 0.413869828 58 6.61580637E-02
 98669 1 3 0.00000000E+00 60 0.532721519 59 0.384053677 58 8.32248107E-02
 98670 1 3 0.00000000E+00 60 0.532762825 59 0.363532484 58 0.103704713
 98671 1 3 0.00000000E+00 60 0.524214983 59 0.350009531 58 0.125775486
 98672 1 3 0.00000000E+00 60 0.510501981 59 0.341468543 58 0.148029447
 98673 1 3 0.00000000E+00 60 0.494077653 59 0.336376607 58 0.169545740
 98674 1 3 0.00000000E+00 60 0.476562381 59 0.333641201 58 0.189796418
 98675 1 3 0.00000000E+00 60 0.458973110 59 0.332503021 58 0.208523855
 98676 1 3 0.00000000E+00 60 0.441920519 59 0.332438141 58 0.225641340
 99203 1 5 0.00000000E+00 59 0.473029673 60 0.131331891 58 0.176589936 57 0.170092687 56 4.89557907E-02
 99204 1 5 0.00000000E+00 59 0.503298581 60 0.143968508 58 0.170068964 57 0.143086493 56 3.95774432E-02
 99205 1 4 0.00000000E+00 59 0.536223829 60 0.164443597 58 0.164090604 57 0.135241941
 99206 1 4 0.00000000E+00 59 0.560301483 60 0.188092798 58 0.147248805 57 0.104356937
 99207 1 4 0.00000000E+00 59 0.575111806 60 0.221299559 58 0.126806065 57 7.67825544E-02
 99208 1 4 0.00000000E+00 59 0.574050844 60 0.267081410 58 0.104310691 57 5.45570850E-02
 99209 1 4 0.00000000E+00 59 0.552225947 60 0.326736718 58 8.16694200E-02 57 3.93678769E-02
 99210 1 4 0.00000000E+00 59 0.511071682 60 0.396858513 58 6.05011843E-02 57 3.15686502E-02
 99211 1 4 0.00000000E+00 60 0.468758017 59 0.458647966 58 4.23160754E-02 57 3.02779339E-02
 99212 1 4 0.00000000E+00 60 0.531057298 59 0.405246735 58 2.92341243E-02 57 3.44618298E-02
 99213 1 3 0.00000000E+00 60 0.581030607 59 0.371432513 58 4.75369059E-02
 99214 1 3 0.00000000E+00 60 0.602270484 59 0.340572059 58 5.71574979E-02
 99215 1 3 0.00000000E+00 60 0.603560984 59 0.321569830 58 7.48691559E-02
 99216 1 3 0.00000000E+00 60 0.591397405 59 0.311359107 58 9.72434729E-02
 99217 1 3 0.00000000E+00 60 0.571756840 59 0.306874394 58 0.121368751
 99218 1 3 0.00000000E+00 60 0.548736870 59 0.305894732 58 0.145368412
 99219 1 3 0.00000000E+00 60 0.524794519 59 0.306993514 58 0.168211937
 99220 1 3 0.00000000E+00 60 0.501303196 59 0.309288532 58 0.189408273
 99221 1 3 0.00000000E+00 60 0.478985935 59 0.312236637 58 0.208777443
 99222 1 3 0.00000000E+00 60 0.458189249 59 0.315501243 58 0.226309493
 99747 1 6 0.00000000E+00 59 0.370710284 58 0.194938108 57 0.213859618 60 0.114082702 56 1.98044274E-02 55 8.66048560E-02
 99748 1 6 0.00000000E+00 59 0.393927008 58 0.200361848 60 0.124477491 57 0.190363482 56 1.69749353E-02 55 7.38952532E-02
 99749 1 6 0.00000000E+00 59 0.417513520 58 0.202366352 60 0.138908058 57 0.165326074 56 1.39783239E-02 55 6.19076677E-02
 99750 1 5 0.00000000E+00 59 0.445375651 60 0.162263155 58 0.201950938 57 0.155416757 56 3.49935107E-02
 99751 1 5 0.00000000E+00 59 0.464181036 60 0.187958091 58 0.193985328 57 0.126914144 56 2.69614123E-02
 99752 1 5 0.00000000E+00 59 0.477296621 60 0.222445175 58 0.180470005 57 0.100078568 56 1.97096486E-02
 99753 1 4 0.00000000E+00 59 0.482501477 60 0.269205809 58 0.163769782 57 8.45229402E-02
 99754 1 4 0.00000000E+00 59 0.472000718 60 0.327114373 58 0.139369354 57 6.15155846E-02
 99755 1 4 0.00000000E+00 59 0.445789278 60 0.398243308 58 0.111719459 57 4.42479663E-02
 99756 1 4 0.00000000E+00 60 0.479420155 59 0.405139208 58 8.24685320E-02 57 3.29721160E-02
 99757 1 4 0.00000000E+00 60 0.562544882 59 0.355705738 58 5.42325526E-02 57 2.75168680E-02
 99758 1 4 0.00000000E+00 60 0.633735299 59 0.306791693 58 3.15187611E-02 57 2.79542562E-02
 99759 1 4 0.00000000E+00 60 0.676656127 59 0.268637329 58 1.99684352E-02 57 3.47381085E-02
 99760 1 3 0.00000000E+00 60 0.692646801 59 0.259471536 58 4.78816926E-02
 99761 1 3 0.00000000E+00 60 0.677498937 59 0.254277587 58 6.82234615E-02
 99762 1 3 0.00000000E+00 60 0.649497688 59 0.256721020 58 9.37812924E-02
 99763 1 3 0.00000000E+00 60 0.616896212 59 0.262679726 58 0.120424084
 99764 1 3 0.00000000E+00 60 0.583876908 59 0.270006627 58 0.146116450
 99765 1 3 0.00000000E+00 60 0.552346349 59 0.277662575 58 0.169991061
 99766 1 3 0.00000000E+00 60 0.523092806 59 0.285153657 58 0.191753566
 99767 1 3 0.00000000E+00 60 0.496368319 59 0.292250782 58 0.211380899
 100292 1 6 0.00000000E+00 59 0.314912647 57 0.260946900 58 0.204504877 60 0.106609732 56 1.74362157E-02 55 9.55896378E-02
 100293 1 6 0.00000000E+00 59 0.332454264 58 0.217379972 57 0.236968070 60 0.115908019 56 1.53138787E-02 55 8.19757879E-02
 100294 1 6 0.00000000E+00 59 0.350163311 58 0.228040308 60 0.129031673 57 0.210268334 56 1.30335400E-02 55 6.94628283E-02
 100295 1 6 0.00000000E+00 59 0.367153734 58 0.235185266 60 0.147119895 57 0.181996092 56 1.05761448E-02 55 5.79688773E-02
 100296 1 6 0.00000000E+00 59 0.382126212 58 0.237481251 60 0.171607777 57 0.153326958 56 8.00859928E-03 55 4.74492013E-02
 100297 1 5 0.00000000E+00 59 0.397099555 60 0.206996292 58 0.235184148 57 0.137175933 56 2.35440563E-02
 100298 1 5 0.00000000E+00 59 0.401084334 60 0.249132037 58 0.224088237 57 0.108424231 56 1.72711480E-02
 100299 1 5 0.00000000E+00 59 0.396072656 60 0.303495318 58 0.205585286 57 8.27371106E-02 56 1.21096373E-02
 100300 1 4 0.00000000E+00 60 0.372477144 59 0.380372584 58 0.181144774 57 6.60055056E-02
 100301 1 4 0.00000000E+00 60 0.454743356 59 0.350144804 58 0.148319691 57 4.67921719E-02
 100302 1 4 0.00000000E+00 60 0.549596429 59 0.307387680 58 0.110403165 57 3.26127298E-02
 100303 1 4 0.00000000E+00 60 0.650801420 59 0.255839288 58 7.00422749E-02 57 2.33170390E-02
 100304 1 4 0.00000000E+00 60 0.742000818 59 0.204696879 58 3.36620361E-02 57 1.96402539E-02
 100305 1 4 0.00000000E+00 60 0.790363789 59 0.171078995 58 1.42417299E-02 57 2.43155118E-02
 100306 1 4 0.00000000E+00 60 0.779627860 59 0.164003432 58 1.81650799E-02 57 3.82036306E-02
 100307 1 3 0.00000000E+00 60 0.746988595 59 0.187276572 58 6.57348260E-02
 100308 1 3 0.00000000E+00 60 0.700330675 59 0.204032883 58 9.56364721E-02
 100309 1 3 0.00000000E+00 60 0.654584110 59 0.220762536 58 0.124653369
 100310 1 3 0.00000000E+00 60 0.612348855 59 0.236219898 58 0.151431262
 100311 1 3 0.00000000E+00 60 0.574237347 59 0.250121355 58 0.175641298
 100312 1 3 0.00000000E+00 60 0.540180504 59 0.262496114 58 0.197323352
 100313 1 3 0.00000000E+00 60 0.509878337 59 0.273470610 58 0.216651037
 100836 1 6 0.00000000E+00 57 0.331169665 58 0.184566543 59 0.254253209 55 0.122468702 60 9.18438435E-02 56 1.56980474E-02
 100837 1 6 0.00000000E+00 57 0.313549995 58 0.203337759 59 0.266838640 60 9.66221467E-02 55 0.105464026 56 1.41874421E-02
 100838 1 6 0.00000000E+00 57 0.290309250 58 0.222777039 59 0.280026466 60 0.103924848 56 1.27934488E-02 55 9.01689455E-02
 100839 1 6 0.00000000E+00 58 0.241751954 57 0.262609154 59 0.293321878 60 0.114502564 56 1.13217495E-02 55 7.64926895E-02
 100840 1 6 0.00000000E+00 58 0.258856863 59 0.306048065 57 0.231830537 60 0.129348516 56 9.63481702E-03 55 6.42811880E-02
 100841 1 6 0.00000000E+00 58 0.272450536 59 0.317294568 60 0.149744257 57 0.199441284 56 7.69406324E-03 55 5.33752888E-02
 100842 1 6 0.00000000E+00 59 0.325854450 58 0.280739039 60 0.177280754 57 0.166895598 56 5.57604525E-03 55 4.36541252E-02
 100843 1 6 0.00000000E+00 59 0.330171227 58 0.281934559 60 0.213827923 57 0.135550067 56 3.45886475E-03 55 3.50573398E-02
 100844 1 5 0.00000000E+00 60 0.263429195 59 0.331149817 58 0.275566936 57 0.115141556 56 1.47124557E-02
 100845 1 5 0.00000000E+00 60 0.323596746 59 0.320440143 58 0.258209139 57 8.74733776E-02 56 1.02805896E-02
 100846 1 5 0.00000000E+00 60 0.398529828 59 0.299624681 58 0.230885923 57 6.39582276E-02 56 7.00134179E-03
 100847 1 4 0.00000000E+00 60 0.489669055 59 0.267869920 58 0.194750354 57 4.77106646E-02
 100848 1 4 0.00000000E+00 60 0.596007586 59 0.223457813 58 0.148926094 57 3.16085219E-02
 100849 1 4 0.00000000E+00 60 0.716545522 59 0.168166339 58 9.60119590E-02 57 1.92761626E-02
 100850 1 4 0.00000000E+00 60 0.843180597 59 0.106462635 58 3.98448370E-02 57 1.05119152E-02
 100851 1 4 0.00000000E+00 60 0.913678169 59 6.87084943E-02 58 5.83984563E-03 57 1.17734950E-02
 100852 1 4 0.00000000E+00 60 0.860639393 59 8.77147093E-02 58 2.13526078E-02 57 3.02932654E-02
 100853 1 3 0.00000000E+00 60 0.797316074 59 0.129283622 58 7.34003261E-02
 100854 1 3 0.00000000E+00 60 0.734459102 59 0.159087226 58 0.106453694
 100855 1 3 0.00000000E+00 60 0.679038048 59 0.184851930 58 0.136110023
 100856 1 3 0.00000000E+00 60 0.630547702 59 0.206993267 58 0.162459031
 100857 1 3 0.00000000E+00 60 0.588149011 59 0.226046488 58 0.185804486
 100858 1 3 0.00000000E+00 60 0.551027536 59 0.242495805 58 0.206476629
 100859 1 3 0.00000000E+00 60 0.518465698 59 0.256748408 58 0.224785909
 101380 1 6 0.00000000E+00 57 0.386584222 58 0.150894701 55 0.160276830 56 1.31525099E-02 59 0.207686439 60 8.14052969E-02
 101381 1 6 0.00000000E+00 57 0.382851332 58 0.169445664 55 0.137711987 59 0.215934813 56 1.12727219E-02 60 8.27834755E-02
 101382 1 6 0.00000000E+00 57 0.370642036 58 0.191106886 59 0.225104451 55 0.117292553 56 1.00745587E-02 60 8.57795030E-02
 101383 1 6 0.00000000E+00 57 0.350395232 58 0.215322763 59 0.234886721 60 9.08105671E-02 56 9.34784301E-03 55 9.92368832E-02
 101384 1 6 0.00000000E+00 57 0.323243499 58 0.241177350 59 0.244842246 60 9.84379500E-02 56 8.79013631E-03 55 8.35088119E-02
 101385 1 6 0.00000000E+00 58 0.267390728 57 0.290785313 59 0.254399806 60 0.109426036 56 8.09514336E-03 55 6.99029565E-02
 101386 1 6 0.00000000E+00 58 0.292315185 57 0.254842013 59 0.262851924 60 0.124805890 56 7.04347948E-03 55 5.81415258E-02
 101387 1 6 0.00000000E+00 58 0.313932747 59 0.269342035 60 0.145929679 57 0.217275709 56 5.56549663E-03 55 4.79543433E-02
 101388 1 6 0.00000000E+00 58 0.329897612 59 0.272845507 60 0.174488977 57 0.179876521 56 3.76232853E-03 55 3.91290449E-02
 101389 1 6 0.00000000E+00 58 0.337696522 60 0.212459460 59 0.272155046 57 0.144280747 56 1.87981210E-03 55 3.15284207E-02
 101390 1 6 0.00000000E+00 58 0.334992379 60 0.261934221 59 0.265891194 57 0.111870490 56 2.36024251E-04 55 2.50756796E-02
 101391 1 5 0.00000000E+00 60 0.326285690 58 0.320877135 59 0.254574448 57 8.97591859E-02 56 8.50354787E-03
 101392 1 5 0.00000000E+00 60 0.403810769 58 0.293050826 59 0.232322708 57 6.48347810E-02 56 5.98092284E-03
 101393 1 5 0.00000000E+00 60 0.497164458 58 0.253050953 59 0.200514197 57 4.47767153E-02 56 4.49369289E-03
 101394 1 4 0.00000000E+00 60 0.606849313 58 0.202897519 59 0.158917576 57 3.13356258E-02
 101395 1 4 0.00000000E+00 60 0.731545448 58 0.143113166 59 0.106598534 57 1.87428761E-02
 101396 1 4 0.00000000E+00 60 0.868548870 59 4.56052572E-02 58 7.69766122E-02 57 8.86925496E-03
 101399 1 4 0.00000000E+00 60 0.800318837 59 7.66795799E-02 58 7.07109496E-02 57 5.22906072E-02
 101400 1 3 0.00000000E+00 60 0.743080020 59 0.127286032 58 0.129633948
 101401 1 3 0.00000000E+00 60 0.685749114 59 0.157990813 58 0.156260073
 101402 1 3 0.00000000E+00 60 0.635928273 59 0.184230343 58 0.179841384
 101925 1 8 0.00000000E+00 57 0.412961721 55 0.128478080 58 0.114039712 56 -7.14858202E-03 59 0.153330281 60 5.59321456E-02 54 4.50410135E-02 52 9.73656252E-02
 101926 1 7 0.00000000E+00 57 0.427541137 55 0.115992703 58 0.138945669 56 -4.27115196E-03 59 0.170053989 60 6.44347668E-02 54 8.73029083E-02
 101927 1 6 0.00000000E+00 57 0.429375172 58 0.168857321 55 0.132776946 56 5.33194933E-03 59 0.188553676 60 7.51049444E-02
 101928 1 6 0.00000000E+00 57 0.415868402 58 0.195266709 55 0.110410817 56 4.95169731E-03 59 0.195529193 60 7.79731870E-02
 101929 1 6 0.00000000E+00 57 0.392159194 58 0.225540593 59 0.202890992 56 5.27126761E-03 55 9.13174823E-02 60 8.28204826E-02
 101930 1 6 0.00000000E+00 57 0.359924316 58 0.258696198 59 0.210113406 60 9.01454091E-02 56 5.80599206E-03 55 7.53146857E-02
 101931 1 6 0.00000000E+00 58 0.293322653 57 0.321404040 59 0.216560423 60 0.100649223 56 6.06297981E-03 55 6.20006770E-02
 101932 1 6 0.00000000E+00 58 0.327562869 57 0.278999001 59 0.221519008 60 0.115317442 56 5.69213973E-03 55 5.09095713E-02
 101933 1 6 0.00000000E+00 58 0.359040350 57 0.235034302 60 0.135496974 59 0.224225968 56 4.57996875E-03 55 4.16224487E-02
 101934 1 6 0.00000000E+00 58 0.384792626 60 0.162938178 59 0.223888487 57 0.191676959 56 2.87715346E-03 55 3.38265970E-02
 101935 1 6 0.00000000E+00 58 0.401365101 60 0.199740455 59 0.219696194 57 0.150908381 56 9.62310587E-04 55 2.73275711E-02
 101936 1 6 0.00000000E+00 58 0.405278176 60 0.248115197 59 0.210818067 57 0.114431933 56 -6.64971769E-04 55 2.20216066E-02
 101937 1 6 0.00000000E+00 58 0.393937647 60 0.309931606 59 0.196390584 57 8.34588334E-02 56 -1.55528355E-03 55 1.78366266E-02
 101938 1 5 0.00000000E+00 60 0.387244731 58 0.367172927 59 0.177047908 57 6.30290210E-02 56 5.50539000E-03
 101939 1 5 0.00000000E+00 60 0.477446795 58 0.325199872 59 0.148919150 57 4.30390947E-02 56 5.39508741E-03
 101940 1 5 0.00000000E+00 60 0.579810441 58 0.271900445 59 0.113802150 57 2.81840470E-02 56 6.30292483E-03
 101941 1 4 0.00000000E+00 60 0.689749300 58 0.213259906 59 7.43690282E-02 57 2.26217527E-02
 101942 1 4 0.00000000E+00 60 0.790457010 58 0.155366927 59 3.59086618E-02 57 1.82674099E-02
 102471 1 8 0.00000000E+00 57 0.461246639 55 0.135223955 56 -1.15495166E-02 58 0.105873436 59 0.131536245 60 4.92864214E-02 54 4.01670858E-02 52 8.82157534E-02
 102472 1 7 0.00000000E+00 57 0.479912758 55 0.117095098 58 0.132114574 56 -9.00862552E-03 59 0.145464122 60 5.67711629E-02 54 7.76509121E-02
 102473 1 7 0.00000000E+00 57 0.479334116 58 0.158262253 55 9.22514275E-02 56 -8.79681855E-03 59 0.151032373 60 5.86188100E-02 54 6.92978203E-02
 102474 1 6 0.00000000E+00 57 0.467611015 58 0.195928469 56 6.45853812E-04 55 0.101291038 59 0.165940642 60 6.85829967E-02
 102475 1 6 0.00000000E+00 57 0.439230084 58 0.232793018 56 2.40889192E-03 55 8.12985823E-02 59 0.171379745 60 7.28896931E-02
 102476 1 6 0.00000000E+00 57 0.400342405 58 0.274052560 59 0.176476300 56 4.41977521E-03 60 7.93767124E-02 55 6.53322563E-02
 102477 1 6 0.00000000E+00 57 0.354161084 58 0.318186224 60 8.85950997E-02 59 0.180512413 56 5.87947015E-03 55 5.26657142E-02
 102478 1 6 0.00000000E+00 58 0.363221705 57 0.303828806 60 0.101385668 59 0.182762593 56 6.24141376E-03 55 4.25598249E-02
 102479 1 6 0.00000000E+00 58 0.406554133 57 0.252151251 60 0.118993476 59 0.182558790 56 5.33445692E-03 55 3.44078876E-02
 102480 1 6 0.00000000E+00 58 0.444647729 60 0.143174961 57 0.201641575 59 0.179352134 56 3.38997832E-03 55 2.77936272E-02
 102481 1 6 0.00000000E+00 58 0.472855151 60 0.176218435 59 0.172765866 57 0.154660761 56 1.00474095E-03 55 2.24950537E-02
 102482 1 6 0.00000000E+00 58 0.485877216 60 0.220678702 59 0.162590280 57 0.113403849 56 -9.91706504E-04 55 1.84416603E-02
 102483 1 6 0.00000000E+00 58 0.479406893 60 0.278603166 59 0.148661032 57 7.95279816E-02 56 -1.82025798E-03 55 1.56211676E-02
 102484 1 5 0.00000000E+00 58 0.452937990 60 0.351447999 59 0.132135868 57 5.79239167E-02 56 5.55421738E-03
 102485 1 5 0.00000000E+00 60 0.435228199 58 0.408425182 59 0.109909460 57 3.90311219E-02 56 7.40603311E-03
 102486 1 5 0.00000000E+00 60 0.526524723 58 0.352355391 59 8.40863958E-02 57 2.62833107E-02 56 1.07501708E-02
 102487 1 5 0.00000000E+00 60 0.617105603 58 0.291955024 59 5.70907593E-02 57 1.84094477E-02 56 1.54391313E-02
 102488 1 4 0.00000000E+00 60 0.694683194 58 0.239399731 59 3.73280495E-02 57 2.85890121E-02
 102864 1 6 0.00000000E+00 34 0.506537020 33 0.323212892 32 1.87925696E-02 35 1.73523687E-02 31 7.90877119E-02 36 5.50174676E-02
 102865 1 6 0.00000000E+00 34 0.583776474 33 0.261607766 35 1.84914786E-02 32 1.51810432E-02 36 5.12740053E-02 31 6.96692616E-02
 102866 1 5 0.00000000E+00 34 0.665659785 33 0.204059288 35 2.78657544E-02 32 4.38196175E-02 36 5.85955456E-02
 103016 1 8 0.00000000E+00 57 0.480867237 55 0.176362947 56 -1.24969427E-02 58 7.79556930E-02 54 3.97811756E-02 59 0.106212229 52 8.95887241E-02 60 4.17289250E-02
 103017 1 8 0.00000000E+00 57 0.514871895 55 0.141736075 56 -1.46613410E-02 58 9.39743742E-02 59 0.109524973 54 3.47369760E-02 60 4.19735014E-02 52 7.78435394E-02
 103018 1 7 0.00000000E+00 57 0.539622128 55 0.116566956 56 -1.27860699E-02 58 0.120833695 59 0.120622091 60 4.82086875E-02 54 6.69325292E-02
 103019 1 7 0.00000000E+00 57 0.541396558 58 0.150024876 55 8.73525590E-02 56 -1.20584611E-02 59 0.124570623 60 4.95630242E-02 54 5.91508113E-02
 103020 1 7 0.00000000E+00 57 0.523915589 58 0.187101096 56 -9.03285947E-03 55 6.38106987E-02 59 0.129262492 60 5.22375666E-02 54 5.27054183E-02
 103021 1 6 0.00000000E+00 57 0.491710722 58 0.235760421 56 1.43873587E-03 55 6.87882826E-02 59 0.140816867 60 6.14849739E-02
 103022 1 6 0.00000000E+00 57 0.444047809 58 0.285750359 56 5.50245075E-03 55 5.34110367E-02 60 6.67913333E-02 59 0.144497007
 103023 1 6 0.00000000E+00 57 0.388331681 58 0.340204298 56 8.51095561E-03 60 7.41481557E-02 59 0.146877095 55 4.19278145E-02
 103024 1 6 0.00000000E+00 58 0.397204280 57 0.328586340 60 8.41380209E-02 59 0.147186115 56 9.65563674E-03 55 3.32295932E-02
 103025 1 6 0.00000000E+00 58 0.454240412 57 0.267977059 60 9.77644250E-02 59 0.144817203 56 8.70765466E-03 55 2.64932420E-02
 103026 1 6 0.00000000E+00 58 0.507540405 57 0.209159896 60 0.116662957 59 0.139426708 56 6.00519218E-03 55 2.12048348E-02
 103027 1 6 0.00000000E+00 58 0.551197171 60 0.143351108 57 0.154791564 59 0.131070122 56 2.44192150E-03 55 1.71481203E-02
 103028 1 6 0.00000000E+00 58 0.576949298 60 0.181194469 57 0.107818305 59 0.120280728 56 -6.07932976E-04 55 1.43651459E-02
 103029 1 6 0.00000000E+00 58 0.576758027 60 0.233251259 59 0.107805736 57 7.08874390E-02 56 -1.71634229E-03 55 1.30138909E-02
 103030 1 6 0.00000000E+00 58 0.548504829 60 0.299836457 59 9.39691514E-02 57 4.48004268E-02 56 -2.25744108E-04 55 1.31148482E-02
 103031 1 5 0.00000000E+00 58 0.498908579 60 0.378285050 59 8.00546706E-02 57 3.24312001E-02 56 1.03205051E-02
 103032 1 5 0.00000000E+00 60 0.460028410 58 0.436929047 59 6.36429638E-02 57 2.29542349E-02 56 1.64453331E-02
 103033 1 5 0.00000000E+00 60 0.537442863 58 0.372456133 59 4.78575155E-02 57 1.83682591E-02 56 2.38752477E-02
 103034 1 5 0.00000000E+00 60 0.600262225 58 0.313205749 59 3.62535194E-02 57 1.75635573E-02 56 3.27149555E-02
 103410 1 6 0.00000000E+00 34 0.508182228 33 0.363213629 32 1.22607779E-02 35 1.10324724E-02 31 6.25402406E-02 36 4.27706540E-02
 103411 1 6 0.00000000E+00 34 0.601226866 33 0.287487268 32 9.55007784E-03 35 1.03784073E-02 36 3.84176150E-02 31 5.29397503E-02
 103412 1 6 0.00000000E+00 34 0.697884917 33 0.206077904 35 1.05897635E-02 32 7.75977876E-03 36 3.36152762E-02 31 4.40723710E-02
 103413 1 5 0.00000000E+00 34 0.791345358 33 0.130427197 35 1.84016619E-02 32 2.44241636E-02 36 3.54016237E-02
 103414 1 5 0.00000000E+00 34 0.842823088 33 6.43690228E-02 35 3.87392268E-02 32 2.15371400E-02 36 3.25315073E-02
 103562 1 8 0.00000000E+00 57 0.526071668 55 0.191140056 56 -1.23542910E-02 58 6.29888847E-02 54 3.37648280E-02 52 7.78634772E-02 59 8.60701054E-02 60 3.44552882E-02
 103563 1 8 0.00000000E+00 57 0.573348224 55 0.147660092 56 -1.55857727E-02 58 7.79229254E-02 54 2.87042763E-02 59 8.75327364E-02 60 3.41630913E-02 52 6.62544519E-02
 103564 1 7 0.00000000E+00 57 0.607453108 55 0.113598034 56 -1.50705921E-02 58 0.104248203 59 9.57058072E-02 60 3.89438830E-02 54 5.51215783E-02
 103565 1 7 0.00000000E+00 57 0.612761676 58 0.135900483 56 -1.39444247E-02 55 7.91202709E-02 59 9.82918963E-02 60 3.97419222E-02 54 4.81282063E-02
 103566 1 7 0.00000000E+00 57 0.591157198 58 0.178034440 56 -8.88959318E-03 55 5.30615114E-02 60 4.18063961E-02 59 0.102035150 54 4.27949205E-02
 103567 1 6 0.00000000E+00 57 0.548946679 58 0.233203381 56 3.41746071E-03 55 5.35161570E-02 60 4.92675975E-02 59 0.111648738
 103568 1 6 0.00000000E+00 57 0.489654750 58 0.292279214 56 1.03675844E-02 55 3.96286137E-02 60 5.33357151E-02 59 0.114734113
 103569 1 6 0.00000000E+00 57 0.422420055 58 0.357294649 56 1.53404204E-02 60 5.86119667E-02 55 3.00651044E-02 59 0.116267808
 103570 1 6 0.00000000E+00 58 0.426612169 57 0.352108479 60 6.53206334E-02 56 1.72731299E-02 59 0.115399897 55 2.32856963E-02
 103571 1 6 0.00000000E+00 58 0.498355657 57 0.281855226 60 7.40470067E-02 56 1.59411915E-02 59 0.111532226 55 1.82686802E-02
 103572 1 6 0.00000000E+00 58 0.569395006 57 0.213960871 60 8.60131979E-02 59 0.104414277 56 1.17951157E-02 55 1.44215534E-02
 103573 1 6 0.00000000E+00 58 0.633395374 60 0.103702560 57 0.150958046 59 9.44006965E-02 56 5.99814858E-03 55 1.15451524E-02
 103574 1 6 0.00000000E+00 58 0.677965999 60 0.131821051 57 9.67769548E-02 59 8.28782469E-02 56 6.83941238E-04 55 9.87379812E-03
 103575 1 6 0.00000000E+00 58 0.686191797 60 0.176546916 57 5.64970523E-02 59 7.21277446E-02 56 -1.32968172E-03 55 9.96618904E-03
 103576 1 6 0.00000000E+00 58 0.652322531 60 0.239294291 59 6.32563084E-02 57 3.18584703E-02 56 1.23807206E-03 55 1.20303305E-02
 103577 1 5 0.00000000E+00 58 0.590978920 60 0.314271659 59 5.67422509E-02 57 2.36601960E-02 56 1.43469414E-02
 103578 1 5 0.00000000E+00 58 0.518535316 60 0.390262604 59 4.90248054E-02 57 1.87300108E-02 56 2.34472807E-02
 103579 1 5 0.00000000E+00 60 0.460031539 58 0.446672291 59 4.21325713E-02 57 1.78675484E-02 56 3.32960449E-02
 103580 1 5 0.00000000E+00 60 0.516552448 58 0.381799817 59 3.81160788E-02 57 1.97623875E-02 56 4.37692590E-02
 103955 1 6 0.00000000E+00 33 0.489179581 34 0.398577690 32 1.07344212E-02 35 9.44286864E-03 31 5.63945808E-02 36 3.56708840E-02
 103956 1 6 0.00000000E+00 34 0.492880046 33 0.410858661 32 7.73297856E-03 35 9.79208108E-03 31 4.65329476E-02 36 3.22032720E-02
 103957 1 6 0.00000000E+00 34 0.598059714 33 0.320416152 32 6.86726673E-03 35 9.27013438E-03 36 2.78246794E-02 31 3.75620611E-02
 103958 1 6 0.00000000E+00 34 0.712706923 33 0.223184213 35 7.36936042E-03 32 5.97685482E-03 36 2.21870579E-02 31 2.85756085E-02
 103959 1 5 0.00000000E+00 34 0.836641908 33 0.125280783 35 5.91893308E-03 32 1.35574602E-02 36 1.86009239E-02
 103960 1 5 0.00000000E+00 34 0.941301942 33 3.15089487E-02 35 9.83954687E-03 32 6.72220206E-03 36 1.06273340E-02
 103961 1 5 0.00000000E+00 34 0.882179916 35 8.29518214E-02 33 6.03292650E-03 32 1.20111713E-02 36 1.68241821E-02
 104023 1 5 0.00000000E+00 42 0.610852182 41 0.281224698 43 -4.78572771E-03 44 4.48680148E-02 40 6.78408071E-02
 104024 1 5 0.00000000E+00 42 0.713447273 41 0.208303228 43 -4.03380580E-03 44 3.41015756E-02 40 4.81817275E-02
 104025 1 5 0.00000000E+00 42 0.829741657 41 0.120159097 43 -3.83837172E-03 44 2.38767099E-02 40 3.00609153E-02
 104026 1 4 0.00000000E+00 42 0.942147136 41 3.41508202E-02 43 2.62138480E-03 44 2.10806672E-02
 104108 1 8 0.00000000E+00 57 0.569447339 55 0.207021445 56 -8.02531466E-03 58 5.44752702E-02 54 2.24908646E-02 52 6.59876466E-02 53 1.18296091E-02 59 7.67731369E-02
 104109 1 8 0.00000000E+00 57 0.634658992 55 0.152682364 56 -1.26804775E-02 58 5.77220619E-02 54 2.20797621E-02 59 6.58714175E-02 60 2.60867793E-02 52 5.35791330E-02
 104110 1 8 0.00000000E+00 57 0.683689594 55 0.105214708 56 -1.70953739E-02 58 8.08863193E-02 54 3.44805755E-02 60 2.83213835E-02 59 6.97602034E-02 53 1.47425607E-02
 104111 1 7 0.00000000E+00 57 0.694756746 56 -1.39412824E-02 55 6.62996769E-02 58 0.114810690 60 2.94623319E-02 59 7.23152757E-02 54 3.62965390E-02
 104112 1 7 0.00000000E+00 57 0.665742338 58 0.162212953 56 -5.66140469E-03 55 3.83385085E-02 60 3.11062634E-02 59 7.58085102E-02 54 3.24528068E-02
 104113 1 7 0.00000000E+00 57 0.606926382 58 0.221671492 56 6.34633377E-03 55 2.11054403E-02 60 3.38129178E-02 59 8.01727548E-02 54 2.99646519E-02
 104114 1 6 0.00000000E+00 57 0.533962309 58 0.292541981 56 2.10152585E-02 55 2.45135743E-02 60 4.01528813E-02 59 8.78140181E-02
 104115 1 6 0.00000000E+00 57 0.453659415 58 0.367437512 56 2.82567926E-02 55 1.77273899E-02 60 4.35752235E-02 59 8.93436968E-02
 104116 1 6 0.00000000E+00 58 0.447949648 57 0.372624367 56 3.08026094E-02 60 4.71632853E-02 55 1.33772623E-02 59 8.80828425E-02
 104117 1 6 0.00000000E+00 58 0.533363044 57 0.293218493 60 5.09745330E-02 56 2.86525264E-02 59 8.34265202E-02 55 1.03648547E-02
 104118 1 6 0.00000000E+00 58 0.622428477 57 0.216643170 60 5.54218404E-02 56 2.23781690E-02 59 7.50645176E-02 55 8.06380250E-03
 104119 1 6 0.00000000E+00 58 0.711184263 57 0.144275054 60 6.19589090E-02 59 6.32401258E-02 56 1.31121883E-02 55 6.22947328E-03
 104120 1 6 0.00000000E+00 58 0.785713494 60 7.57324696E-02 57 8.01545009E-02 59 4.97741513E-02 56 3.41791590E-03 55 5.20746177E-03
 104121 1 6 0.00000000E+00 58 0.807887852 60 0.110923454 57 3.53704393E-02 59 4.01071422E-02 56 -7.68704631E-04 55 6.47979137E-03
 104122 1 6 0.00000000E+00 58 0.757045925 60 0.174589857 57 1.58813726E-02 59 3.75653356E-02 56 4.01288411E-03 55 1.09046428E-02
 104123 1 5 0.00000000E+00 58 0.674805880 60 0.250782102 59 3.90036926E-02 57 1.48019399E-02 56 2.06063688E-02
 104124 1 5 0.00000000E+00 58 0.588634491 60 0.324446440 59 3.89988199E-02 57 1.53279584E-02 56 3.25922556E-02
 104125 1 5 0.00000000E+00 58 0.508566320 60 0.389964223 59 3.90469246E-02 57 1.81296077E-02 56 4.42928895E-02
 104499 1 5 0.00000000E+00 33 0.669386804 34 0.205550745 32 3.23926024E-02 31 6.87057972E-02 35 2.39640195E-02
 104500 1 5 0.00000000E+00 33 0.633252144 34 0.274231911 32 1.36941066E-02 35 2.48543434E-02 31 5.39674982E-02
 104501 1 6 0.00000000E+00 33 0.558020115 34 0.358439624 32 6.24283217E-03 35 1.13535123E-02 31 3.96407507E-02 36 2.63032019E-02
 104502 1 6 0.00000000E+00 33 0.463682652 34 0.458077401 32 7.24757789E-03 35 1.50279719E-02 31 3.18775661E-02 36 2.40868349E-02
 104503 1 6 0.00000000E+00 34 0.567265987 33 0.359869182 32 9.24130064E-03 35 1.82170067E-02 36 2.06587873E-02 31 2.47476995E-02
 104504 1 6 0.00000000E+00 34 0.684166849 33 0.252513200 35 2.05984730E-02 32 9.87771433E-03 36 1.56065691E-02 31 1.72372162E-02
 104505 1 6 0.00000000E+00 34 0.805891633 33 0.145061478 35 2.28392296E-02 32 8.41416512E-03 36 8.89754575E-03 31 8.89596902E-03
 104506 1 5 0.00000000E+00 34 0.906538367 33 4.87891324E-02 35 3.54276597E-02 32 6.53468585E-03 36 2.71017337E-03
 104507 1 5 0.00000000E+00 34 0.850589275 35 0.113695636 33 1.71898715E-02 32 1.08637996E-02 36 7.66142411E-03
 104508 1 5 0.00000000E+00 34 0.731457710 35 0.218763784 33 1.40378280E-02 36 1.74058080E-02 32 1.83348581E-02
 104509 1 6 0.00000000E+00 34 0.611482024 35 0.318741024 33 1.08642932E-02 36 1.19642187E-02 32 1.98679864E-02 37 2.70804130E-02
 104567 1 5 0.00000000E+00 41 0.443124682 42 0.406603158 43 -5.19492337E-03 40 0.101875581 44 5.35915084E-02
 104568 1 5 0.00000000E+00 42 0.476108581 41 0.409184754 43 -2.94556608E-03 40 7.59185627E-02 44 4.17336710E-02
 104569 1 5 0.00000000E+00 42 0.562198937 41 0.352007210 43 2.53055268E-03 44 2.99486313E-02 40 5.33146895E-02
 104570 1 5 0.00000000E+00 42 0.664822400 41 0.272663504 43 1.04375053E-02 44 1.83146633E-02 40 3.37619185E-02
 104571 1 5 0.00000000E+00 42 0.780888796 41 0.175740406 43 1.97651051E-02 44 7.16684898E-03 40 1.64388251E-02
 104572 1 5 0.00000000E+00 42 0.886977196 41 7.51543641E-02 43 3.59720737E-02 44 -1.53854926E-04 40 2.05021072E-03
 104573 1 4 0.00000000E+00 42 0.841312289 43 0.106416762 41 3.48951407E-02 44 1.73758026E-02
 104574 1 4 0.00000000E+00 42 0.720033467 43 0.200939938 41 2.81920712E-02 44 5.08345440E-02
 104575 1 4 0.00000000E+00 42 0.604277015 43 0.285215229 41 2.16651242E-02 44 8.88426378E-02
 104577 1 4 0.00000000E+00 43 0.393935859 42 0.413279623 44 0.183402136 41 9.38238017E-03
 104578 1 4 0.00000000E+00 43 0.410322785 42 0.339659452 44 0.243379220 41 6.63853670E-03
 104579 1 4 0.00000000E+00 43 0.401724100 42 0.279183596 44 0.312410593 41 6.68168254E-03
 104580 1 5 0.00000000E+00 43 0.366615683 44 0.373319328 42 0.224330693 41 8.95137608E-04 45 3.48391607E-02
 104631 1 8 0.00000000E+00 50 0.531637311 49 5.83421737E-02 52 0.301898479 51 1.60292629E-02 54 -4.57719481E-03 48 2.92544346E-02 53 2.46379878E-02 55 4.27775159E-02
 104632 1 8 0.00000000E+00 50 0.428786099 49 6.97469637E-02 52 0.390582293 51 2.24701818E-02 54 -6.03817776E-03 48 2.63264962E-02 53 2.38016993E-02 55 4.43244353E-02
 104633 1 8 0.00000000E+00 52 0.484054267 50 0.339201093 49 6.49736896E-02 51 2.27731410E-02 54 -6.49743201E-03 48 2.58729346E-02 53 2.30169538E-02 55 4.66053560E-02
 104634 1 8 0.00000000E+00 52 0.576618910 50 0.262721658 49 5.02775833E-02 51 1.63673908E-02 54 -4.99913609E-03 48 2.67377924E-02 55 5.01154847E-02 53 2.21603066E-02
 104654 1 8 0.00000000E+00 57 0.601998091 55 0.226806805 56 5.78757096E-03 58 3.37024368E-02 54 1.74887367E-02 52 5.24217561E-02 53 6.08477043E-03 59 5.57098165E-02
 104655 1 8 0.00000000E+00 57 0.697044730 55 0.157985330 56 -1.55783829E-03 58 4.01058272E-02 54 1.37152700E-02 53 9.10466537E-03 52 4.43530269E-02 60 3.92489992E-02
 104656 1 8 0.00000000E+00 57 0.767643332 55 9.49564725E-02 56 -1.22486847E-02 58 5.24035804E-02 54 2.39112899E-02 60 1.87584553E-02 59 4.56997901E-02 53 8.87574349E-03
 104657 1 8 0.00000000E+00 57 0.788599312 56 -1.27103310E-02 55 4.60648797E-02 58 8.53587314E-02 60 1.84511207E-02 54 1.88151821E-02 59 4.59884778E-02 53 9.43260454E-03
 104658 1 7 0.00000000E+00 57 0.744175017 56 2.89545138E-03 58 0.139692068 55 1.94932017E-02 60 2.07143594E-02 59 5.10290414E-02 54 2.20008586E-02
 104659 1 7 0.00000000E+00 57 0.662438095 58 0.207898170 56 2.20946912E-02 55 5.66068524E-03 60 2.33879182E-02 59 5.67606390E-02 54 2.17597876E-02
 104660 1 6 0.00000000E+00 57 0.570700169 58 0.286512613 56 4.04542163E-02 55 9.37304460E-03 60 2.84477379E-02 59 6.45122156E-02
 104661 1 6 0.00000000E+00 57 0.477562338 58 0.369339049 56 4.96239215E-02 55 6.02390757E-03 60 3.06498762E-02 59 6.68008998E-02
 104662 1 6 0.00000000E+00 58 0.457972467 57 0.387595922 56 5.21229021E-02 60 3.19805592E-02 55 4.41067107E-03 59 6.59174621E-02
 104663 1 6 0.00000000E+00 58 0.552840829 57 0.301505089 56 4.85975109E-02 60 3.21175568E-02 55 3.59473424E-03 59 6.13443069E-02
 104664 1 6 0.00000000E+00 58 0.654710889 57 0.218987092 60 3.06989942E-02 56 3.98866795E-02 59 5.27089871E-02 55 3.00733699E-03
 104665 1 6 0.00000000E+00 58 0.764254570 57 0.139466688 60 2.73553059E-02 56 2.68211532E-02 59 3.98015380E-02 55 2.30075512E-03
 104666 1 6 0.00000000E+00 58 0.879711628 60 2.25059092E-02 57 6.30273446E-02 56 1.04703493E-02 59 2.29119956E-02 55 1.37275818E-03
 104667 1 6 0.00000000E+00 58 0.939002037 60 3.94980498E-02 57 7.57084275E-03 59 1.09443571E-02 56 2.42847542E-04 55 2.74189049E-03
 105043 1 6 0.00000000E+00 33 0.660520375 32 0.137494564 34 8.06453079E-02 31 8.17049518E-02 35 1.58715155E-02 30 2.37632990E-02
 105044 1 6 0.00000000E+00 33 0.743512869 32 7.05976263E-02 34 9.98408273E-02 31 5.38168810E-02 35 1.23489192E-02 30 1.98828895E-02
 105045 1 6 0.00000000E+00 33 0.773086846 32 2.08378769E-02 34 0.141818270 31 3.38229910E-02 35 1.27421366E-02 30 1.76918544E-02
 105046 1 6 0.00000000E+00 33 0.723501623 34 0.213705987 32 4.62705968E-03 35 9.33501963E-03 31 3.02771609E-02 36 1.85531843E-02
 105047 1 6 0.00000000E+00 33 0.626354933 34 0.305719018 32 7.53623527E-03 35 1.73967723E-02 31 2.38549933E-02 36 1.91380735E-02
 105048 1 6 0.00000000E+00 33 0.513911128 34 0.406850308 32 1.42801479E-02 35 2.65134070E-02 31 1.94093511E-02 36 1.90356448E-02
 105049 1 6 0.00000000E+00 34 0.511625290 33 0.399831653 32 1.91964619E-02 35 3.66350487E-02 36 1.75021999E-02 31 1.52093396E-02
 105050 1 6 0.00000000E+00 34 0.615209639 33 0.289584100 35 4.90871668E-02 32 2.10991148E-02 36 1.44211100E-02 31 1.05988421E-02
 105051 1 6 0.00000000E+00 34 0.706835151 33 0.188194156 35 6.82237521E-02 32 2.04463601E-02 36 1.03970515E-02 31 5.90352435E-03
 105052 1 5 0.00000000E+00 34 0.757913589 33 0.107254602 35 0.106301703 32 2.04282012E-02 36 8.10190942E-03
 105053 1 5 0.00000000E+00 34 0.732361376 35 0.177610740 33 5.97291887E-02 32 2.07911078E-02 36 9.50758532E-03
 105054 1 5 0.00000000E+00 34 0.650837302 35 0.274038196 33 3.78467478E-02 36 1.40891457E-02 32 2.31886171E-02
 105055 1 6 0.00000000E+00 34 0.548225343 35 0.377137929 33 2.48887669E-02 36 8.65799654E-03 32 2.21483428E-02 37 1.89415868E-02
 105056 1 6 0.00000000E+00 35 0.480999082 34 0.444785953 36 1.08045321E-02 33 1.68417245E-02 32 2.15642862E-02 37 2.50044297E-02
 105112 1 4 0.00000000E+00 41 0.534892738 42 0.309182614 43 2.02731304E-02 40 0.135651514
 105113 1 5 0.00000000E+00 41 0.528512180 42 0.343205631 43 -4.80729202E-03 40 9.08822566E-02 44 4.22072597E-02
 105114 1 5 0.00000000E+00 41 0.501258492 42 0.403722137 43 2.15701666E-03 40 6.27037063E-02 44 3.01586390E-02
 105115 1 5 0.00000000E+00 42 0.480251402 41 0.444717944 43 1.61025580E-02 40 4.01020087E-02 44 1.88260935E-02
 105116 1 5 0.00000000E+00 42 0.568644822 41 0.362633973 43 3.73797640E-02 44 8.62456113E-03 40 2.27169152E-02
 105117 1 5 0.00000000E+00 42 0.656024933 41 0.266227275 43 6.74212575E-02 44 7.76384317E-04 40 9.55018494E-03
 105118 1 5 0.00000000E+00 42 0.710931957 41 0.174867064 43 0.113740332 44 -6.77793578E-04 40 1.13842450E-03
 105119 1 5 0.00000000E+00 42 0.691728890 43 0.187510252 41 0.110875212 44 1.03351809E-02 40 -4.49510029E-04
 105120 1 4 0.00000000E+00 42 0.614288151 43 0.279634595 41 7.27541149E-02 44 3.33231091E-02
 105121 1 4 0.00000000E+00 42 0.519601583 43 0.370036036 41 4.61997800E-02 44 6.41626343E-02
 105122 1 4 0.00000000E+00 43 0.444077522 42 0.427522302 41 2.56771520E-02 44 0.102723002
 105123 1 4 0.00000000E+00 43 0.490591705 42 0.346630394 44 0.151548192 41 1.12297190E-02
 105124 1 4 0.00000000E+00 43 0.503393173 42 0.280370474 44 0.212695986 41 3.54035036E-03
 105125 1 4 0.00000000E+00 43 0.484535068 42 0.227981955 44 0.285757959 41 1.72500790E-03
 105126 1 5 0.00000000E+00 43 0.436904132 44 0.354591578 42 0.181839690 41 -3.10368999E-03 45 2.97682788E-02
 105127 1 5 0.00000000E+00 44 0.443274915 43 0.378455311 42 0.146332562 41 -5.85303176E-04 45 3.25225107E-02
 105128 1 5 0.00000000E+00 44 0.538971722 43 0.310994893 42 0.115086220 41 2.09980365E-03 45 3.28473784E-02
 105175 1 8 0.00000000E+00 50 0.796310723 49 1.23257162E-02 52 0.119117849 51 -7.30117084E-04 48 1.65210981E-02 54 5.06593427E-03 47 3.25895883E-02 53 1.87992193E-02
 105176 1 7 0.00000000E+00 50 0.653703630 49 8.45338926E-02 52 0.197332859 51 1.76092405E-02 48 1.88551359E-02 54 5.31297503E-03 53 2.26522684E-02
 105177 1 8 0.00000000E+00 50 0.507385314 49 0.124367982 52 0.285314947 51 3.53273638E-02 54 -5.69172157E-03 48 1.11189121E-02 53 1.50944581E-02 55 2.70827301E-02
 105178 1 8 0.00000000E+00 50 0.392509758 49 0.126368567 52 0.387680709 51 4.69097421E-02 54 -7.31678773E-03 48 1.07086282E-02 53 1.48153063E-02 55 2.83240564E-02
 105179 1 8 0.00000000E+00 52 0.497356504 50 0.300120413 49 0.106936023 51 4.84321564E-02 54 -8.30923859E-03 48 1.16885509E-02 53 1.43673774E-02 55 2.94082258E-02
 105180 1 8 0.00000000E+00 52 0.611153126 50 0.222744152 49 7.79057518E-02 51 3.89081165E-02 54 -8.32413044E-03 48 1.32022379E-02 53 1.36674829E-02 55 3.07432711E-02
 105199 1 7 0.00000000E+00 57 0.510220349 55 0.337404013 56 3.59826088E-02 54 2.04210300E-02 58 3.19237784E-02 53 6.07124949E-03 52 5.79769984E-02
 105200 1 7 0.00000000E+00 57 0.617348075 55 0.252621353 56 3.62855233E-02 58 2.89539620E-02 54 1.37507962E-02 53 5.88338450E-03 52 4.51568849E-02
 105201 1 8 0.00000000E+00 57 0.733307242 55 0.163618520 56 2.32404675E-02 58 1.52776847E-02 54 8.15666374E-03 53 3.11839278E-03 52 2.98108682E-02 60 2.34701298E-02
 105202 1 8 0.00000000E+00 57 0.849566162 56 1.48667931E-03 55 8.05861428E-02 58 1.97066385E-02 54 1.29506616E-02 53 3.40287993E-03 60 9.50390846E-03 59 2.27969307E-02
 105203 1 8 0.00000000E+00 57 0.894859612 56 -5.70668140E-03 55 1.98297556E-02 58 4.83936928E-02 54 8.59141722E-03 60 8.42718035E-03 59 2.12048292E-02 53 4.40016622E-03
 105204 1 8 0.00000000E+00 57 0.811180055 56 2.23158281E-02 58 0.113327608 55 -1.73314172E-03 60 1.10778417E-02 59 2.84690987E-02 54 8.69356003E-03 53 6.66917255E-03
 105205 1 7 0.00000000E+00 57 0.698377728 56 5.19085564E-02 58 0.191431925 55 -8.52351356E-03 60 1.48174064E-02 59 3.72397676E-02 54 1.47481589E-02
 105206 1 7 0.00000000E+00 57 0.588999808 58 0.274262935 56 7.06175566E-02 55 -1.17278714E-02 60 1.74873415E-02 59 4.33833525E-02 54 1.69768929E-02
 105207 1 6 0.00000000E+00 57 0.488211453 58 0.363106579 56 8.18979144E-02 55 -3.59097798E-03 60 2.11135019E-02 59 4.92615327E-02
 105208 1 6 0.00000000E+00 58 0.455109864 57 0.393866718 56 8.27766210E-02 55 -2.62822211E-03 60 2.15029623E-02 59 4.93720546E-02
 105209 1 6 0.00000000E+00 58 0.552538276 57 0.305696487 56 7.70094693E-02 60 2.01906506E-02 55 -1.26265606E-03 59 4.58277799E-02
 105210 1 6 0.00000000E+00 58 0.656080067 57 0.222516194 56 6.59811050E-02 60 1.68820284E-02 55 8.04480878E-05 59 3.84601541E-02
 105211 1 6 0.00000000E+00 58 0.765605152 57 0.143496439 60 1.15114730E-02 56 5.09113409E-02 59 2.73174886E-02 55 1.15811080E-03
 105212 1 6 0.00000000E+00 58 0.875293851 57 6.96382970E-02 60 6.05255039E-03 56 3.35715264E-02 59 1.33651961E-02 55 2.07858137E-03
 105589 1 6 0.00000000E+00 33 0.685800552 32 0.187027678 34 3.85103114E-02 31 6.63066655E-02 35 8.47559981E-03 30 1.38791846E-02
 105590 1 6 0.00000000E+00 33 0.822133362 32 8.74689519E-02 34 4.06279862E-02 31 3.55793647E-02 35 4.65747155E-03 30 9.53283068E-03
 105591 1 6 0.00000000E+00 33 0.895625412 32 8.32200609E-03 34 6.81068003E-02 31 1.45097356E-02 35 6.06579240E-03 30 7.37024099E-03
 105592 1 7 0.00000000E+00 33 0.805053890 32 6.91698631E-03 34 0.150039688 35 1.26646478E-02 31 6.20896369E-03 36 1.01220878E-02 30 8.99370108E-03
 105593 1 6 0.00000000E+00 33 0.674920738 34 0.249099270 32 2.32215934E-02 35 2.71036401E-02 31 1.06017767E-02 36 1.50529994E-02
 105594 1 6 0.00000000E+00 33 0.547848463 34 0.347990394 32 3.40072811E-02 35 4.25404347E-02 31 1.00849550E-02 36 1.75284874E-02
 105595 1 6 0.00000000E+00 34 0.443104714 33 0.429620236 32 3.92773896E-02 35 6.05176389E-02 36 1.83216445E-02 31 9.15838219E-03
 105596 1 6 0.00000000E+00 34 0.529027402 33 0.321905941 35 8.34785402E-02 32 4.02941629E-02 36 1.76431630E-02 31 7.65081029E-03
 105597 1 6 0.00000000E+00 34 0.595477998 33 0.227670282 35 0.116100542 32 3.85171734E-02 36 1.61641240E-02 31 6.06987625E-03
 105598 1 6 0.00000000E+00 34 0.626366079 35 0.165517077 33 0.152144402 32 3.54099385E-02 36 1.50233116E-02 31 5.53918025E-03
 105599 1 5 0.00000000E+00 34 0.610418141 35 0.237795994 33 9.99678969E-02 32 3.55223976E-02 36 1.62955616E-02
 105600 1 6 0.00000000E+00 34 0.551468313 35 0.328673035 33 6.56265691E-02 36 1.15424758E-02 32 3.18240970E-02 37 1.08655263E-02
 105601 1 6 0.00000000E+00 34 0.468976915 35 0.433669418 33 4.39145491E-02 36 1.06662428E-02 32 2.87489649E-02 37 1.40239093E-02
 105602 1 6 0.00000000E+00 35 0.545668483 34 0.375360101 36 9.06977244E-03 33 2.86215264E-02 32 2.44898181E-02 37 1.67902671E-02
 105603 1 6 0.00000000E+00 35 0.657670140 34 0.279146314 36 8.16180278E-03 33 1.68028288E-02 32 1.90444402E-02 37 1.91744603E-02
 105604 1 6 0.00000000E+00 35 0.753823757 34 0.189148232 36 1.37649514E-02 33 7.53270043E-03 37 2.23609060E-02 32 1.33694531E-02
 105605 1 6 0.00000000E+00 35 0.794220567 34 0.121735141 36 4.21924777E-02 33 1.90213218E-03 37 2.96612550E-02 32 1.02884015E-02
 105606 1 6 0.00000000E+00 35 0.749424696 36 0.104989678 34 8.87067243E-02 37 4.39506061E-02 33 9.20547696E-04 32 1.20077441E-02
 105607 1 6 0.00000000E+00 35 0.658990383 36 0.183388442 34 7.57696927E-02 37 6.34182543E-02 33 2.42922944E-03 32 1.60040203E-02
 105608 1 5 0.00000000E+00 35 0.560813725 36 0.260711163 34 7.11625814E-02 37 8.90126824E-02 33 1.82998627E-02
 105609 1 6 0.00000000E+00 35 0.463743269 36 0.322161019 34 6.47144169E-02 37 9.99388397E-02 33 1.81541406E-02 38 3.12883034E-02
 105610 1 6 0.00000000E+00 36 0.369138032 35 0.378997296 37 0.132803023 34 6.19674511E-02 38 3.51090916E-02 33 2.19851062E-02
 105658 1 4 0.00000000E+00 41 0.615028024 42 0.242373496 43 1.46384388E-02 40 0.127960056
 105659 1 5 0.00000000E+00 41 0.627470553 42 0.264242828 43 -4.42876061E-03 40 8.02048892E-02 44 3.25104967E-02
 105660 1 5 0.00000000E+00 41 0.611850977 42 0.310906559 43 7.36139249E-03 40 4.91848737E-02 44 2.06961818E-02
 105661 1 5 0.00000000E+00 41 0.555929184 42 0.374567360 43 3.13698165E-02 40 2.74735708E-02 44 1.06600504E-02
 105662 1 5 0.00000000E+00 41 0.467709899 42 0.447380662 43 6.81442469E-02 44 2.80896830E-03 40 1.39562488E-02
 105663 1 5 0.00000000E+00 42 0.512625158 41 0.365680933 43 0.118034206 44 -2.11062399E-03 40 5.77034242E-03
 105664 1 5 0.00000000E+00 42 0.548542440 41 0.268179744 43 0.184020936 44 -2.11724336E-03 40 1.37411035E-03
 105665 1 5 0.00000000E+00 42 0.538688123 43 0.268546671 41 0.187504277 44 4.92566312E-03 40 3.35269899E-04
 105666 1 4 0.00000000E+00 42 0.487615436 43 0.366945773 41 0.125842750 44 1.95960607E-02
 105667 1 4 0.00000000E+00 43 0.467250556 42 0.413752049 41 7.79210851E-02 44 4.10762839E-02
 105668 1 4 0.00000000E+00 43 0.553733885 42 0.334553450 41 4.05945182E-02 44 7.11181536E-02
 105669 1 4 0.00000000E+00 43 0.607178926 42 0.263446510 44 0.114675649 41 1.46989077E-02
 105670 1 4 0.00000000E+00 43 0.613684058 42 0.208541319 44 0.176068410 41 1.70622231E-03
 105671 1 5 0.00000000E+00 43 0.574628353 44 0.243186846 42 0.165950909 41 -5.81478048E-03 45 2.20486727E-02
 105672 1 5 0.00000000E+00 43 0.512654424 44 0.327674747 42 0.135134831 41 -4.58119251E-03 45 2.91172005E-02
 105673 1 5 0.00000000E+00 43 0.438404143 44 0.419130683 42 0.109292187 41 -1.39399932E-03 45 3.45669687E-02
 105674 1 5 0.00000000E+00 44 0.515882134 43 0.358916014 42 8.57290998E-02 41 1.81762746E-03 45 3.76551375E-02
 105675 1 5 0.00000000E+00 44 0.617154002 43 0.277578026 42 6.30513504E-02 41 4.11100639E-03 45 3.81055996E-02
 105676 1 6 0.00000000E+00 44 0.719833910 43 0.195668519 42 3.97308804E-02 45 2.90621929E-02 41 3.82414251E-03 46 1.18803475E-02
 105677 1 6 0.00000000E+00 44 0.822203219 43 0.117665902 42 1.85044687E-02 45 2.88366005E-02 41 4.23266925E-03 46 8.55711289E-03
 105678 1 6 0.00000000E+00 44 0.887225688 43 5.61738424E-02 45 3.67309675E-02 42 3.14021809E-03 46 1.08688017E-02 41 5.86051308E-03
 105679 1 6 0.00000000E+00 44 0.854012012 43 3.44200954E-02 45 6.74314052E-02 42 2.66471435E-03 46 2.88102366E-02 41 1.26615297E-02
 105680 1 5 0.00000000E+00 44 0.780230582 43 3.62957828E-02 45 0.108772203 46 5.58650345E-02 42 1.88363791E-02
 105720 1 8 0.00000000E+00 50 0.888675570 49 3.07225157E-02 52 2.07027476E-02 51 -6.85577840E-03 48 3.27923447E-02 54 3.38484417E-03 47 2.05728300E-02 53 1.00049181E-02
 105721 1 8 0.00000000E+00 50 0.827803612 49 7.90332183E-02 52 6.83835223E-02 51 6.59716455E-03 48 -7.65629229E-04 54 1.05546927E-03 47 1.13325380E-02 53 6.56007789E-03
 105722 1 8 0.00000000E+00 50 0.571007967 49 0.221030727 52 0.158543602 51 3.71041149E-02 48 -7.61614926E-03 54 -4.47081140E-04 53 7.53413001E-03 47 1.28427213E-02
 105723 1 8 0.00000000E+00 50 0.422591478 49 0.235524386 52 0.260900527 51 6.77319840E-02 48 -2.24130810E-03 54 -5.12088044E-03 53 6.84308400E-03 55 1.37707191E-02
 105724 1 8 0.00000000E+00 50 0.322118342 49 0.203524247 52 0.372474313 51 8.65636989E-02 54 -5.81303984E-03 48 -6.39114995E-04 53 7.05240620E-03 55 1.47191407E-02
 105725 1 8 0.00000000E+00 52 0.492764562 50 0.242596999 49 0.157667249 51 9.01703462E-02 54 -5.71492733E-03 48 9.36147582E-04 53 6.93203881E-03 55 1.46475928E-02
 105726 1 8 0.00000000E+00 52 0.622466624 49 0.109239317 50 0.173460826 51 7.75239170E-02 54 -5.35039371E-03 48 2.39012553E-03 53 6.45400677E-03 55 1.38156023E-02
 105727 1 8 0.00000000E+00 52 0.760901570 49 6.25143722E-02 50 0.110220566 51 4.96134125E-02 54 -5.30670024E-03 53 5.53536043E-03 55 1.27673075E-02 48 3.75409331E-03
 105728 1 8 0.00000000E+00 52 0.895466208 49 2.03082394E-02 50 5.30274250E-02 51 1.13073681E-02 54 -3.02181533E-03 53 4.17477917E-03 55 1.35011123E-02 48 5.23665873E-03
 105744 1 7 0.00000000E+00 55 0.475098312 57 0.376738876 56 5.32562435E-02 54 2.13469341E-02 58 1.98358875E-02 53 2.98932777E-04 52 5.34248054E-02
 105745 1 7 0.00000000E+00 57 0.474586964 55 0.381784588 56 7.45375454E-02 54 1.24111511E-02 58 1.50215179E-02 53 1.27262509E-04 52 4.15309817E-02
 105746 1 7 0.00000000E+00 57 0.588016987 55 0.279868186 56 8.45560431E-02 58 1.01682367E-02 54 6.90674689E-03 53 -7.74600448E-06 52 3.04915663E-02
 105747 1 8 0.00000000E+00 57 0.716571987 55 0.176082298 56 7.69024566E-02 58 -5.18331537E-04 54 2.85489811E-03 53 -1.50547444E-03 52 1.79614127E-02 60 1.16507234E-02
 105748 1 8 0.00000000E+00 57 0.863279462 56 4.99085821E-02 55 7.59064481E-02 58 -1.19360501E-03 54 6.95864903E-04 53 -1.00308820E-03 60 4.89944592E-03 52 7.50687858E-03
 105749 1 8 0.00000000E+00 57 0.950466573 56 2.91205831E-02 55 -3.53897456E-04 58 1.80695578E-02 54 -2.03066938E-05 60 6.05872599E-04 53 3.81871680E-04 59 1.72975520E-03
 105750 1 8 0.00000000E+00 57 0.816031575 56 7.41579756E-02 55 -1.16529493E-02 58 9.61225182E-02 60 4.98794625E-03 54 3.06571089E-03 59 1.33166872E-02 53 3.97055922E-03
 105751 1 8 0.00000000E+00 57 0.691457987 56 0.103423193 58 0.177513853 55 -1.74142513E-02 60 8.66991561E-03 59 2.28338931E-02 54 6.02938328E-03 53 7.48601649E-03
 105752 1 7 0.00000000E+00 57 0.580022097 58 0.261913300 56 0.119959377 55 -1.84845012E-02 60 1.19997403E-02 59 3.04640140E-02 54 1.41259646E-02
 105753 1 6 0.00000000E+00 57 0.480243802 58 0.350307077 56 0.126639068 55 -9.83637106E-03 60 1.55938454E-02 59 3.70525867E-02
 105754 1 6 0.00000000E+00 58 0.440462172 57 0.388528168 56 0.123245209 55 -6.99770730E-03 60 1.63076110E-02 59 3.84545512E-02
 105755 1 6 0.00000000E+00 58 0.533583760 57 0.304026574 56 0.113813184 60 1.56969167E-02 55 -3.74514400E-03 59 3.66247259E-02
 105756 1 6 0.00000000E+00 58 0.628464222 57 0.225829750 56 0.100211360 60 1.41846845E-02 55 -4.46592108E-04 59 3.17565575E-02
 105757 1 6 0.00000000E+00 58 0.720587671 57 0.154279530 56 8.43380466E-02 60 1.33801857E-02 55 2.82734027E-03 59 2.45872345E-02
 106130 1 6 0.00000000E+00 32 0.352939487 31 0.326410741 33 0.220316157 30 3.26944748E-03 34 4.63146828E-02 29 5.07494807E-02
 106131 1 7 0.00000000E+00 32 0.389076382 33 0.262438804 31 0.257684976 34 2.95081064E-02 30 1.15924166E-03 29 4.01117653E-02 35 2.00206898E-02
 106133 1 7 0.00000000E+00 32 0.406563133 33 0.401437610 31 0.135342374 34 2.10296288E-02 30 -4.94861160E-04 35 1.00438641E-02 29 2.60782428E-02
 106134 1 7 0.00000000E+00 33 0.509006739 32 0.363803178 31 8.65741819E-02 34 1.58631448E-02 30 -9.89158289E-04 35 6.30059978E-03 29 1.94413066E-02
 106135 1 6 0.00000000E+00 33 0.647863626 32 0.279197454 34 1.07752867E-02 31 5.02133630E-02 35 5.09921787E-03 30 6.85105054E-03
 106136 1 6 0.00000000E+00 33 0.813058496 32 0.157346725 34 3.60540091E-03 31 1.95423793E-02 35 3.18623520E-03 30 3.26076872E-03
 106137 1 6 0.00000000E+00 33 0.940046549 32 4.11484018E-02 34 1.36373900E-02 31 -1.69090892E-03 35 5.66886086E-03 30 1.18969427E-03
 106138 1 7 0.00000000E+00 33 0.810000777 32 5.33775575E-02 34 0.105683714 35 2.09632497E-02 31 -4.47321637E-03 36 8.14423803E-03 30 6.30369736E-03
 106139 1 6 0.00000000E+00 33 0.674524903 32 6.62406534E-02 34 0.201589227 35 4.00534607E-02 31 2.32520304E-03 36 1.52665274E-02
 106140 1 6 0.00000000E+00 33 0.551111698 34 0.292008251 32 7.11149126E-02 35 6.09211624E-02 31 4.93267179E-03 36 1.99113190E-02
 106141 1 6 0.00000000E+00 33 0.439559430 34 0.374457181 32 7.08877221E-02 35 8.55003968E-02 36 2.28748024E-02 31 6.72045909E-03
 106142 1 6 0.00000000E+00 34 0.444136649 33 0.340019673 32 6.73671514E-02 35 0.116331257 36 2.44513489E-02 31 7.69392448E-03
 106146 1 6 0.00000000E+00 34 0.457105160 35 0.372613102 33 9.12346914E-02 36 2.14397702E-02 32 4.60531451E-02 37 1.15541536E-02
 106147 1 6 0.00000000E+00 35 0.475946397 34 0.389389545 33 6.32275194E-02 36 2.00773031E-02 32 3.92569974E-02 37 1.21022351E-02
 106148 1 6 0.00000000E+00 35 0.591226757 34 0.306411594 36 1.68817248E-02 33 4.21928577E-02 32 3.13831307E-02 37 1.19039435E-02
 106149 1 6 0.00000000E+00 35 0.716504276 34 0.214111388 36 1.13872280E-02 33 2.52763852E-02 32 2.20780447E-02 37 1.06426915E-02
 106150 1 6 0.00000000E+00 35 0.847509086 34 0.117315762 36 4.46464913E-03 33 1.07934596E-02 37 8.54407530E-03 32 1.13729527E-02
 106151 1 6 0.00000000E+00 35 0.928354204 36 1.93471145E-02 34 3.88948172E-02 33 3.64149397E-04 37 9.95592866E-03 32 3.08379717E-03
 106152 1 6 0.00000000E+00 35 0.821510315 36 0.114284404 34 3.16135325E-02 37 2.55675633E-02 33 1.44934631E-04 32 6.87925937E-03
 106153 1 6 0.00000000E+00 35 0.688589334 36 0.217622682 34 3.57539915E-02 37 4.46549766E-02 33 1.75539893E-03 32 1.16236368E-02
 106154 1 6 0.00000000E+00 35 0.564214468 36 0.310509354 34 3.81855741E-02 37 5.70306815E-02 33 1.07327858E-02 38 1.93271190E-02
 106155 1 6 0.00000000E+00 35 0.453191161 36 0.388574004 37 8.20774585E-02 34 4.01187129E-02 33 1.35343224E-02 38 2.25043483E-02
 106156 1 6 0.00000000E+00 36 0.444717795 35 0.357676744 37 0.115053572 34 4.11678515E-02 38 2.52607036E-02 33 1.61233377E-02
 106157 1 5 0.00000000E+00 36 0.475174874 35 0.281850159 37 0.159921646 34 5.20248339E-02 38 3.10284775E-02
 106158 1 5 0.00000000E+00 36 0.474940062 35 0.221566871 37 0.214560255 34 5.40310405E-02 38 3.49017680E-02
 106159 1 5 0.00000000E+00 36 0.449259311 37 0.278989196 35 0.176557153 34 5.58738485E-02 38 3.93204875E-02
 106202 1 5 0.00000000E+00 41 0.569107473 42 0.152152836 40 0.167036355 43 1.56805497E-02 39 9.60227847E-02
 106203 1 5 0.00000000E+00 41 0.628932118 42 0.156676754 43 7.91083649E-03 40 0.130377844 39 7.61024654E-02
 106204 1 4 0.00000000E+00 41 0.694547534 42 0.170937002 43 1.06896609E-02 40 0.123825833
 106205 1 5 0.00000000E+00 41 0.735319674 42 0.175221905 43 -5.32252155E-03 40 7.03606158E-02 44 2.44203415E-02
 106206 1 5 0.00000000E+00 41 0.739789307 42 0.203713581 43 9.25021991E-03 40 3.45064104E-02 44 1.27405021E-02
 106207 1 5 0.00000000E+00 41 0.679624498 42 0.257006258 43 4.37519923E-02 40 1.50665808E-02 44 4.55065444E-03
 106208 1 5 0.00000000E+00 41 0.574751616 42 0.321861804 43 9.61997733E-02 44 -5.55269420E-04 40 7.74206966E-03
 106209 1 5 0.00000000E+00 41 0.458624840 42 0.376852572 43 0.162669972 44 -3.30175157E-03 40 5.15438290E-03
 106210 1 5 0.00000000E+00 42 0.406182498 41 0.349404722 43 0.243346766 44 -3.17544932E-03 40 4.24145395E-03
 106211 1 5 0.00000000E+00 42 0.401520610 43 0.339102000 41 0.254674941 44 5.76458231E-04 40 4.12598671E-03
 106212 1 5 0.00000000E+00 43 0.447916955 42 0.364364028 41 0.175405264 44 8.09613615E-03 40 4.21762187E-03
 106213 1 4 0.00000000E+00 43 0.564029038 42 0.304492295 41 0.110899724 44 2.05789804E-02
 106214 1 4 0.00000000E+00 43 0.672601759 42 0.233271047 41 5.58629408E-02 44 3.82642783E-02
 106215 1 4 0.00000000E+00 43 0.743122399 42 0.168663844 41 1.63534041E-02 44 7.18603879E-02
 106216 1 4 0.00000000E+00 43 0.737962186 42 0.128340706 44 0.134061694 41 -3.64600564E-04
 106217 1 5 0.00000000E+00 43 0.671049058 44 0.207711399 42 0.104318671 41 -5.64835127E-03 45 2.25692149E-02
 106218 1 5 0.00000000E+00 43 0.585204899 44 0.295482308 42 8.85479897E-02 41 -2.59429193E-03 45 3.33591364E-02
 106219 1 5 0.00000000E+00 43 0.494872838 44 0.386921614 42 7.40680844E-02 41 1.67674653E-03 45 4.24606986E-02
 106220 1 5 0.00000000E+00 44 0.480077744 43 0.405504882 42 5.93124144E-02 41 5.52229630E-03 45 4.95826751E-02
 106221 1 5 0.00000000E+00 44 0.573178709 43 0.319259733 42 4.40191887E-02 41 8.39100871E-03 45 5.51513694E-02
 106222 1 6 0.00000000E+00 44 0.659993589 43 0.237192303 42 2.74823327E-02 45 5.14645688E-02 41 8.66602175E-03 46 1.52011923E-02
 106223 1 6 0.00000000E+00 44 0.735254347 43 0.164841324 42 1.37542579E-02 45 6.00512214E-02 41 1.03680147E-02 46 1.57308467E-02
 106224 1 6 0.00000000E+00 44 0.775532365 43 0.109051242 45 7.63101205E-02 42 4.71822591E-03 46 2.13322714E-02 41 1.30557530E-02
 106225 1 6 0.00000000E+00 44 0.764833033 43 7.56272227E-02 45 0.104065530 42 2.81851692E-03 46 3.48724350E-02 41 1.77832488E-02
 106226 1 6 0.00000000E+00 44 0.717879355 43 5.86582907E-02 45 0.139562964 46 5.43963201E-02 42 5.86976158E-03 41 2.36332882E-02
 106227 1 5 0.00000000E+00 44 0.658258438 45 0.179658145 43 5.72123639E-02 46 7.98202977E-02 42 2.50507370E-02
 106264 1 7 0.00000000E+00 50 0.446894914 49 0.290412068 48 0.178166568 51 2.02476010E-02 52 -4.35003219E-03 47 5.22568375E-02 54 1.63720455E-02
 106265 1 8 0.00000000E+00 50 0.489005476 49 0.356551915 51 1.31737543E-02 48 0.108300425 52 -1.00061912E-02 54 3.28135700E-03 47 2.84885820E-02 53 1.12046842E-02
 106266 1 8 0.00000000E+00 50 0.498243004 49 0.462054968 51 3.14092706E-03 52 -1.14514232E-02 48 3.58187817E-02 54 8.71288823E-04 47 8.09225999E-03 53 3.23019433E-03
 106267 1 8 0.00000000E+00 49 0.607867539 50 0.351830304 51 1.77657660E-02 52 3.14988941E-02 48 -7.18478858E-03 54 -8.10219906E-04 53 -3.13507684E-04 47 -6.53965631E-04
 106268 1 8 0.00000000E+00 49 0.480535537 50 0.323001623 52 0.128035843 51 7.54456967E-02 48 -7.61374971E-03 54 -2.14081141E-03 53 5.57789928E-04 47 2.17806594E-03
 106269 1 8 0.00000000E+00 49 0.375281811 50 0.276096523 52 0.232260451 51 0.120126545 48 -5.62635250E-03 54 -3.16264224E-03 53 7.03589234E-04 55 4.32005199E-03
 106270 1 8 0.00000000E+00 49 0.284969181 50 0.225589857 52 0.343762904 51 0.146591380 54 -1.34847942E-03 48 -5.20845084E-03 53 1.00844272E-03 55 4.63517522E-03
 106271 1 8 0.00000000E+00 52 0.463827729 49 0.206722215 50 0.174302965 51 0.152803645 54 2.57568690E-03 48 -5.05383546E-03 53 1.15508202E-03 55 3.66650801E-03
 106272 1 8 0.00000000E+00 52 0.593779802 49 0.138980538 50 0.122679323 51 0.138375267 54 8.17368645E-03 48 -4.72778594E-03 53 1.08122989E-03 55 1.65795197E-03
 106273 1 8 0.00000000E+00 52 0.733741939 49 8.03138241E-02 51 0.104942508 50 7.08008781E-02 54 1.46616772E-02 53 5.68930060E-04 48 -4.10573790E-03 55 -9.24027874E-04
 106274 1 8 0.00000000E+00 52 0.874796093 51 5.75730316E-02 49 3.01523134E-02 54 2.33106036E-02 50 2.03801692E-02 53 -5.94754878E-04 55 -2.47894740E-03 48 -3.13853449E-03
 106275 1 8 0.00000000E+00 52 0.885283351 54 7.31469616E-02 51 3.02789509E-02 49 2.00836873E-03 50 -2.31396710E-03 53 -1.59193296E-03 55 1.24351094E-02 48 7.53126049E-04
 106289 1 8 0.00000000E+00 55 0.638935089 57 0.235634863 56 4.56898771E-02 54 2.21345332E-02 53 -4.72803833E-03 52 4.25583273E-02 58 1.21238371E-02 51 7.65150087E-03
 106290 1 7 0.00000000E+00 55 0.542287707 57 0.316661119 56 9.01458934E-02 54 1.09304097E-02 53 -3.53306718E-03 58 8.21995828E-03 52 3.52879576E-02
 106291 1 7 0.00000000E+00 55 0.426751822 57 0.411288619 56 0.130733848 54 4.27446421E-03 58 3.75632546E-03 53 -3.43762198E-03 52 2.66325362E-02
 106292 1 7 0.00000000E+00 57 0.517305017 55 0.308172464 56 0.158582568 58 2.41175367E-04 54 6.90626737E-04 53 -3.58011131E-03 52 1.85882710E-02
 106293 1 7 0.00000000E+00 57 0.630987167 56 0.168129563 55 0.195643693 58 -5.48768730E-04 54 -1.31328683E-03 53 -3.70474835E-03 52 1.08063808E-02
 106294 1 8 0.00000000E+00 57 0.736562073 56 0.161000773 55 9.71319005E-02 58 5.96371666E-03 54 -2.35597370E-03 53 -3.26750823E-03 60 1.05958898E-03 52 3.90543533E-03
 106295 1 7 0.00000000E+00 57 0.779032648 56 0.157023698 55 2.82309819E-02 58 3.67930979E-02 54 -1.36820727E-03 53 -7.22155906E-04 60 1.00992329E-03
 106296 1 8 0.00000000E+00 57 0.723221421 56 0.170163214 55 -4.04654862E-03 58 9.64375213E-02 54 8.49522592E-04 60 2.98388232E-03 53 2.93194503E-03 59 7.45906401E-03
 106297 1 8 0.00000000E+00 57 0.632238507 56 0.181931317 58 0.170026228 55 -1.72988642E-02 60 6.24796562E-03 54 4.25311085E-03 59 1.53597211E-02 53 7.24200904E-03
 106298 1 7 0.00000000E+00 57 0.539187908 56 0.186101109 58 0.249501318 55 -2.08757520E-02 60 9.74893756E-03 59 2.27758102E-02 54 1.35607012E-02
 106299 1 6 0.00000000E+00 57 0.452036142 58 0.333146423 56 0.183198273 55 -1.23398034E-02 60 1.39761902E-02 59 2.99827754E-02
 106300 1 6 0.00000000E+00 57 0.370356351 58 0.417276412 56 0.172370464 55 -8.48629512E-03 60 1.58323180E-02 59 3.26507390E-02
 106302 1 6 0.00000000E+00 58 0.583736300 57 0.225538984 56 0.140159070 60 1.87699534E-02 55 1.16103038E-03 59 3.06346361E-02
 106303 1 6 0.00000000E+00 58 0.657325268 57 0.163664192 56 0.122486509 60 2.29128785E-02 55 6.32216875E-03 59 2.72889771E-02
 106675 1 6 0.00000000E+00 31 0.424077153 32 0.340690047 33 0.148329720 30 3.14398552E-03 29 4.56582233E-02 34 3.81008871E-02
 106676 1 6 0.00000000E+00 32 0.405860394 31 0.344810992 33 0.174142733 30 3.77038354E-03 34 3.31854410E-02 29 3.82300578E-02
 106677 1 7 0.00000000E+00 32 0.464655995 33 0.205333963 31 0.264804572 30 1.88718783E-03 34 1.85464937E-02 29 2.95984335E-02 35 1.51733421E-02
 106678 1 7 0.00000000E+00 32 0.512293637 33 0.249942243 31 0.189758688 34 1.38492873E-02 30 3.66187305E-04 29 2.35584490E-02 35 1.02315182E-02
 106679 1 7 0.00000000E+00 32 0.531560481 33 0.314423263 31 0.122897066 34 8.76383204E-03 30 -1.44019607E-03 35 6.01772452E-03 29 1.77778043E-02
 106680 1 7 0.00000000E+00 32 0.502887547 33 0.408926636 31 6.96094409E-02 34 4.23002243E-03 30 -2.29149358E-03 35 4.07940475E-03 29 1.25584416E-02
 106681 1 6 0.00000000E+00 33 0.534508467 32 0.419928730 34 2.31786328E-03 31 3.36683132E-02 35 6.22211024E-03 30 3.35451146E-03
 106682 1 6 0.00000000E+00 33 0.666221082 32 0.304211289 34 6.31301943E-03 31 9.11628548E-03 35 1.09231463E-02 30 3.21518397E-03
 106683 1 6 0.00000000E+00 33 0.739624739 32 0.204787359 34 3.28268707E-02 31 -4.28776769E-03 35 2.17396505E-02 30 5.30914031E-03
 106684 1 7 0.00000000E+00 33 0.703418374 32 0.157060698 34 9.32970345E-02 35 3.37888524E-02 31 -8.61659925E-03 30 8.73871520E-03 36 1.23129543E-02
 106685 1 7 0.00000000E+00 33 0.615832686 32 0.136646777 34 0.169093758 35 5.43734804E-02 31 -7.88459834E-03 36 1.85893383E-02 30 1.33485449E-02
 106686 1 6 0.00000000E+00 33 0.519783199 34 0.245554790 32 0.124449432 35 7.95956329E-02 31 4.50427597E-03 36 2.61126980E-02
 106687 1 6 0.00000000E+00 33 0.426485807 34 0.313658327 32 0.112486526 35 0.108556904 36 3.08291782E-02 31 7.98326731E-03
 106694 1 6 0.00000000E+00 35 0.603880465 34 0.248546243 36 3.80831547E-02 33 5.59230000E-02 32 4.24972251E-02 37 1.10699078E-02
 106695 1 6 0.00000000E+00 35 0.721909046 34 0.166889548 36 3.67810018E-02 33 3.60172689E-02 32 3.06813922E-02 37 7.72176683E-03
 106696 1 6 0.00000000E+00 35 0.844319582 34 7.94308260E-02 36 3.59249450E-02 33 1.90425534E-02 37 3.41620063E-03 32 1.78658664E-02
 106697 1 6 0.00000000E+00 35 0.913555205 36 5.97077161E-02 34 9.70949512E-03 33 6.67308224E-03 37 2.47956859E-03 32 7.87492003E-03
 106698 1 6 0.00000000E+00 35 0.806269765 36 0.160503313 34 5.31637250E-03 37 1.43844327E-02 33 4.25817585E-03 32 9.26792715E-03
 106699 1 6 0.00000000E+00 35 0.668172777 36 0.273744226 34 1.26494979E-02 37 2.94181108E-02 33 4.09706216E-03 32 1.19183306E-02
 106700 1 6 0.00000000E+00 35 0.536958754 36 0.379628628 34 1.80817135E-02 37 3.97953652E-02 33 1.10727521E-02 38 1.44627606E-02
 106701 1 6 0.00000000E+00 36 0.471430570 35 0.418239743 37 6.10194057E-02 34 2.20482275E-02 33 1.13641983E-02 38 1.58978365E-02
 106702 1 6 0.00000000E+00 36 0.538552642 35 0.316247582 37 9.16532129E-02 34 2.47032009E-02 38 1.70272142E-02 33 1.18161226E-02
 106703 1 5 0.00000000E+00 36 0.571018040 35 0.236974761 37 0.137348309 34 3.38978432E-02 38 2.07610335E-02
 106704 1 5 0.00000000E+00 36 0.562312484 35 0.178689867 37 0.198022917 34 3.70476507E-02 38 2.39270888E-02
 106705 1 5 0.00000000E+00 36 0.520842671 37 0.272261530 35 0.138830394 38 2.78532933E-02 34 4.02121209E-02
 106706 1 5 0.00000000E+00 36 0.458665580 37 0.355621427 35 0.111288637 38 3.17889340E-02 34 4.26354259E-02
 106707 1 5 0.00000000E+00 37 0.444002122 36 0.385623127 35 9.11726952E-02 38 3.54323797E-02 34 4.37696651E-02
 106708 1 5 0.00000000E+00 37 0.533525944 36 0.308243334 35 7.54656270E-02 38 3.93228680E-02 34 4.34422567E-02
 106746 1 5 0.00000000E+00 41 0.469606549 40 0.255074799 42 0.115985557 43 3.06740198E-02 39 0.128659070
 106747 1 5 0.00000000E+00 41 0.529853880 42 0.114875346 40 0.222535253 43 2.43059751E-02 39 0.108429544
 106748 1 5 0.00000000E+00 41 0.596730053 42 0.111871369 40 0.185411558 43 1.73929129E-02 39 8.85941088E-02
 106749 1 5 0.00000000E+00 41 0.670564711 42 0.106331244 40 0.144236222 43 1.01653244E-02 39 6.87024891E-02
 106750 1 5 0.00000000E+00 41 0.750989735 42 9.76742357E-02 43 3.24113201E-03 40 9.96451229E-02 39 4.84497435E-02
 106751 1 5 0.00000000E+00 41 0.835738420 42 8.67972821E-02 43 -5.92185697E-03 40 6.48639500E-02 44 1.85222179E-02
 106752 1 5 0.00000000E+00 41 0.883922398 42 8.75341445E-02 43 4.90319775E-03 40 1.78740509E-02 44 5.76619990E-03
 106753 1 5 0.00000000E+00 41 0.800828218 42 0.140876457 43 5.23120724E-02 40 5.39646624E-03 44 5.86795912E-04
 106754 1 5 0.00000000E+00 41 0.664374709 42 0.208526030 43 0.120613635 40 7.60738831E-03 44 -1.12174300E-03
 106755 1 5 0.00000000E+00 41 0.531912684 42 0.260349959 43 0.199478090 44 -2.03141361E-03 40 1.02906711E-02
 106756 1 5 0.00000000E+00 41 0.412719816 42 0.287536293 43 0.289782256 44 -1.92503084E-03 40 1.18866842E-02
 106758 1 5 0.00000000E+00 43 0.510025024 42 0.257743061 41 0.218613535 44 2.08579400E-03 40 1.15325535E-02
 106759 1 5 0.00000000E+00 43 0.639294505 42 0.206033066 41 0.140109003 44 5.37642138E-03 40 9.18702502E-03
 106760 1 4 0.00000000E+00 43 0.777822852 42 0.138512686 41 7.27615058E-02 44 1.09029468E-02
 106761 1 4 0.00000000E+00 43 0.895890415 42 6.75320104E-02 41 1.34547120E-02 44 2.31228396E-02
 106762 1 5 0.00000000E+00 43 0.857042611 42 4.73891199E-02 44 8.68690908E-02 41 -3.31237004E-03 45 1.20115643E-02
 106763 1 5 0.00000000E+00 43 0.748343527 44 0.174512133 42 4.89587598E-02 41 -1.27360065E-04 45 2.83129383E-02
 106764 1 5 0.00000000E+00 43 0.640284359 44 0.263530970 42 4.82666530E-02 41 4.87548346E-03 45 4.30425070E-02
 106765 1 5 0.00000000E+00 43 0.538629115 44 0.351665437 42 4.42708321E-02 41 9.56935808E-03 45 5.58652282E-02
 106766 1 5 0.00000000E+00 43 0.443903863 44 0.437780231 42 3.76390852E-02 41 1.34315584E-02 45 6.72452673E-02
 106767 1 5 0.00000000E+00 44 0.519774735 43 0.356377006 42 2.92822924E-02 41 1.63922925E-02 45 7.81736895E-02
 106768 1 6 0.00000000E+00 44 0.590041399 43 0.275973886 42 1.86956171E-02 45 7.78030679E-02 41 1.64052509E-02 46 2.10807547E-02
 106769 1 6 0.00000000E+00 44 0.646969259 43 0.207356334 45 9.28226933E-02 42 1.06903128E-02 41 1.84296668E-02 46 2.37317402E-02
 106770 1 6 0.00000000E+00 44 0.677035749 43 0.152812511 45 0.113780335 42 5.46782138E-03 46 2.99804080E-02 41 2.09231917E-02
 106771 1 6 0.00000000E+00 44 0.674639940 43 0.113973565 45 0.142040715 42 4.05319314E-03 46 4.10318188E-02 41 2.42607687E-02
 106772 1 6 0.00000000E+00 44 0.645164549 43 8.83490965E-02 45 0.176183194 46 5.64089976E-02 42 5.77273034E-03 41 2.81214565E-02
 106773 1 5 0.00000000E+00 44 0.601284504 45 0.216023922 43 7.98101872E-02 46 7.80480653E-02 42 2.48332974E-02
 106774 1 5 0.00000000E+00 44 0.548223078 45 0.253794521 43 6.88023791E-02 46 9.90952253E-02 42 3.00848130E-02
 106775 1 5 0.00000000E+00 44 0.492798507 45 0.289853990 46 0.122286573 43 6.04529195E-02 42 3.46079916E-02
 106779 1 5 0.00000000E+00 45 0.376290232 46 0.239741832 44 0.290989429 47 3.81200314E-02 43 5.48584908E-02
 106780 1 5 0.00000000E+00 45 0.373584002 46 0.290026307 44 0.248800382 47 3.69320177E-02 43 5.06572761E-02
 106809 1 7 0.00000000E+00 49 0.300806969 50 0.295869261 48 0.288305551 51 4.29209843E-02 52 -7.25889625E-03 47 6.26677051E-02 54 1.66884307E-02
 106810 1 7 0.00000000E+00 49 0.395529151 50 0.292517304 48 0.221018612 51 5.05471118E-02 52 -1.23814140E-02 47 4.17464748E-02 54 1.10227652E-02
 106811 1 8 0.00000000E+00 49 0.537767231 50 0.244112462 48 0.147697926 51 5.42625710E-02 52 -1.46939997E-02 54 6.16365578E-04 47 2.19407659E-02 53 8.29670299E-03
 106812 1 8 0.00000000E+00 49 0.764562428 50 9.68370959E-02 51 5.92696778E-02 48 7.69980848E-02 52 -6.20721886E-03 54 -1.22616708E-03 47 7.20648933E-03 53 2.55958294E-03
 106813 1 8 0.00000000E+00 49 0.851588786 50 1.42008171E-03 51 8.79061669E-02 52 3.36786248E-02 48 2.96099018E-02 54 -2.52773077E-03 53 -1.12370530E-03 47 -5.52135636E-04
 106814 1 8 0.00000000E+00 49 0.642295122 50 9.48258862E-02 51 0.147239864 52 0.110066906 48 1.28072910E-02 54 -3.00939125E-03 53 -2.62765563E-03 47 -1.59799401E-03
 106815 1 8 0.00000000E+00 49 0.468067437 50 0.132886454 51 0.198476762 52 0.201718971 48 3.64916003E-03 54 -7.62861164E-04 53 -3.11729056E-03 55 -9.18634003E-04
 106816 1 8 0.00000000E+00 49 0.338757485 50 0.130392045 52 0.302368551 51 0.230426550 54 4.96411556E-03 48 -2.18174607E-03 53 -3.12574347E-03 55 -1.60128262E-03
 106817 1 8 0.00000000E+00 52 0.410645515 49 0.238325998 50 0.108843692 51 0.238866359 54 1.52846333E-02 48 -6.09210320E-03 53 -2.70491024E-03 55 -3.16920248E-03
 106818 1 8 0.00000000E+00 52 0.524351239 51 0.223367006 49 0.158604175 50 7.80771077E-02 54 3.09930034E-02 48 -8.11745320E-03 53 -2.02488364E-03 55 -5.25016617E-03
 106819 1 8 0.00000000E+00 52 0.635800242 51 0.187952831 49 9.53001231E-02 50 4.38424088E-02 54 5.37024848E-02 53 -1.51349325E-03 48 -8.40671081E-03 55 -6.67790743E-03
 106820 1 8 0.00000000E+00 52 0.720301628 51 0.142689541 54 8.94455835E-02 49 4.73154560E-02 50 1.31060006E-02 53 -1.62643450E-03 55 -4.22545010E-03 48 -7.00634765E-03
 106821 1 8 0.00000000E+00 52 0.729029119 54 0.150982529 51 0.103865594 49 1.71202105E-02 50 -3.29174800E-03 53 -2.49623507E-03 55 8.28197226E-03 48 -3.49141960E-03
 106822 1 8 0.00000000E+00 52 0.661985815 54 0.234688237 51 7.62403905E-02 49 2.32224539E-03 50 -4.70442232E-03 53 -4.16486571E-03 55 3.20007056E-02 48 1.63191266E-03
 106834 1 8 0.00000000E+00 55 0.812837481 56 1.09554352E-02 57 0.104234792 54 3.08478810E-02 53 -3.18008405E-03 52 3.30323540E-02 58 8.03651102E-03 51 3.23562534E-03
 106835 1 8 0.00000000E+00 55 0.734922171 56 6.76705316E-02 57 0.164082095 54 8.01734626E-03 53 -5.19500347E-03 52 2.25274470E-02 58 3.79281607E-03 51 4.18256875E-03
 106836 1 8 0.00000000E+00 55 0.602650702 57 0.241957664 56 0.138648957 54 -5.82471475E-05 53 -4.31340933E-03 58 -5.41323061E-05 52 1.68549027E-02 51 4.31355555E-03
 106837 1 7 0.00000000E+00 55 0.461653054 57 0.327830791 56 0.205024436 54 -2.38102791E-03 53 -3.41144716E-03 58 -2.72835512E-03 52 1.40125575E-02
 106838 1 7 0.00000000E+00 57 0.417458624 55 0.327882499 56 0.256750852 54 -3.87593382E-03 58 -3.45489569E-03 53 -4.23742412E-03 52 9.47628729E-03
 106839 1 7 0.00000000E+00 57 0.505542696 56 0.287901074 55 0.209248155 58 1.31541456E-03 54 -4.44430998E-03 53 -4.90045454E-03 52 5.33742737E-03
 106840 1 8 0.00000000E+00 57 0.577815294 56 0.298108250 55 0.112717777 58 1.68826599E-02 54 -4.27427888E-03 53 -4.17033909E-03 52 2.61858129E-03 60 3.02026136E-04
 106841 1 7 0.00000000E+00 57 0.610277772 56 0.295716196 55 4.49215882E-02 58 5.02413213E-02 54 -1.95659325E-03 53 -1.06546632E-03 60 1.86516379E-03
 106842 1 7 0.00000000E+00 57 0.591988564 56 0.289023072 55 5.50834974E-03 58 0.102188736 54 1.12702663E-03 53 3.75488005E-03 60 6.40939130E-03
 106843 1 8 0.00000000E+00 57 0.539280176 56 0.278025597 58 0.165449649 55 -1.43555421E-02 60 6.35898253E-03 54 4.25756117E-03 53 8.39745160E-03 59 1.25860944E-02
 106844 1 8 0.00000000E+00 57 0.474009812 56 0.262481183 58 0.236442670 55 -2.24898681E-02 60 9.44903214E-03 54 8.04955512E-03 59 1.84801780E-02 53 1.35774137E-02
 106845 1 7 0.00000000E+00 57 0.406040192 56 0.245500132 58 0.311631620 55 -2.20455807E-02 60 1.33229243E-02 59 2.43699700E-02 54 2.11807396E-02
 106846 1 6 0.00000000E+00 57 0.340716213 58 0.389367998 56 0.227294922 55 -7.40194833E-03 60 1.89191177E-02 59 3.11037041E-02
 107218 1 8 0.00000000E+00 31 0.691301286 32 0.145512730 30 -7.05536921E-03 33 6.59166649E-02 29 4.54701819E-02 27 1.20468624E-02 34 2.79832017E-02 28 1.88244302E-02
 107219 1 7 0.00000000E+00 31 0.625714600 32 0.212364316 30 -6.28108438E-03 33 7.87068829E-02 29 3.75157073E-02 34 2.85364147E-02 27 2.34431885E-02
 107220 1 6 0.00000000E+00 31 0.543082595 32 0.289640009 33 9.40890983E-02 30 4.37236531E-03 29 3.78290936E-02 34 3.09868585E-02
 107221 1 6 0.00000000E+00 31 0.452739358 32 0.370337099 33 0.108875975 30 7.68396119E-03 29 3.18810008E-02 34 2.84826085E-02
 107222 1 6 0.00000000E+00 32 0.454400241 31 0.361093998 33 0.124694131 30 8.80774669E-03 29 2.67734267E-02 34 2.42304485E-02
 107223 1 7 0.00000000E+00 32 0.538109362 33 0.141232133 31 0.270005107 30 6.52712071E-03 34 1.14260353E-02 29 2.02365927E-02 35 1.24636712E-02
 107224 1 7 0.00000000E+00 32 0.618952334 33 0.164034918 31 0.183609635 30 3.48530989E-03 34 6.86928909E-03 29 1.54672153E-02 35 7.58126331E-03
 107225 1 7 0.00000000E+00 32 0.678303838 33 0.199996412 31 0.105562836 34 2.43821414E-03 30 -3.45632812E-04 29 1.07094822E-02 35 3.33485194E-03
 107226 1 7 0.00000000E+00 32 0.675509453 33 0.269403458 31 4.68124114E-02 34 4.64730430E-04 30 -2.27501756E-03 35 3.04244459E-03 29 7.04248995E-03
 107227 1 7 0.00000000E+00 32 0.586945415 33 0.379936188 31 1.46527896E-02 34 4.12764726E-03 30 -4.07140004E-04 35 9.35181323E-03 29 5.39329322E-03
 107228 1 6 0.00000000E+00 33 0.493057221 32 0.461533129 34 1.73873585E-02 31 1.99640170E-04 35 2.13246532E-02 30 6.49800152E-03
 107229 1 7 0.00000000E+00 33 0.561509490 32 0.348375797 34 4.48828377E-02 31 -7.50203431E-03 35 2.95898393E-02 30 9.61102266E-03 36 1.35330446E-02
 107230 1 7 0.00000000E+00 33 0.567103326 32 0.269405067 34 9.12579969E-02 35 4.74048480E-02 31 -9.14696418E-03 30 1.43405497E-02 36 1.96352154E-02
 107231 1 7 0.00000000E+00 33 0.526051700 32 0.218381643 34 0.148725986 35 6.93594515E-02 31 -7.79078016E-03 36 2.63970010E-02 30 1.88750289E-02
 107232 1 6 0.00000000E+00 33 0.464097917 32 0.185429305 34 0.209497675 35 9.68340933E-02 31 8.61375686E-03 36 3.55272517E-02
 107233 1 6 0.00000000E+00 33 0.394721389 34 0.263514966 32 0.159228817 35 0.127998084 36 4.16857451E-02 31 1.28509970E-02
 107243 1 6 0.00000000E+00 35 0.771292925 36 0.151369601 34 2.83929110E-02 33 1.92865226E-02 37 6.53059967E-03 32 2.31274385E-02
 107244 1 6 0.00000000E+00 35 0.709592462 36 0.237790659 34 9.67592467E-03 37 1.12899877E-02 33 1.27264913E-02 32 1.89244971E-02
 107245 1 6 0.00000000E+00 35 0.600790381 36 0.346333325 34 7.31765619E-03 37 1.92723926E-02 33 9.26071033E-03 32 1.70255397E-02
 107246 1 6 0.00000000E+00 35 0.479663044 36 0.459587932 34 9.03071463E-03 37 2.34849062E-02 33 1.51963001E-02 38 1.30371163E-02
 107247 1 6 0.00000000E+00 36 0.566275239 35 0.360937566 37 3.78297679E-02 34 1.12542706E-02 33 1.17696412E-02 38 1.19334878E-02
 107248 1 6 0.00000000E+00 36 0.649995387 35 0.255086422 37 6.21238835E-02 34 1.30903805E-02 38 1.06962612E-02 33 9.00765602E-03
 107249 1 5 0.00000000E+00 36 0.686854899 35 0.174944222 37 0.106241792 34 1.96591634E-02 38 1.22999409E-02
 107250 1 5 0.00000000E+00 36 0.663137019 35 0.124181546 37 0.173819602 34 2.34449748E-02 38 1.54168690E-02
 107251 1 5 0.00000000E+00 36 0.597764134 37 0.259329170 35 9.51567739E-02 38 1.98243819E-02 34 2.79255696E-02
 107252 1 5 0.00000000E+00 36 0.513148546 37 0.354822218 35 7.70275220E-02 38 2.36184672E-02 34 3.13832425E-02
 107253 1 5 0.00000000E+00 37 0.456052691 36 0.421309143 35 6.37860373E-02 38 2.59081498E-02 34 3.29439826E-02
 107254 1 5 0.00000000E+00 37 0.560759604 36 0.327566832 35 5.26773892E-02 38 2.66736206E-02 34 3.23225521E-02
 107255 1 5 0.00000000E+00 37 0.666079938 36 0.234838054 38 2.69472115E-02 35 4.25131321E-02 34 2.96216719E-02
 107258 1 4 0.00000000E+00 37 0.815145314 38 0.109032281 36 3.78849059E-02 35 3.79374735E-02
 107259 1 5 0.00000000E+00 37 0.732237160 38 0.178364843 36 2.16720384E-02 35 3.51290591E-02 39 3.25969048E-02
 107260 1 5 0.00000000E+00 37 0.633425593 38 0.268230170 36 1.85652878E-02 35 3.90207656E-02 39 4.07581776E-02
 107261 1 5 0.00000000E+00 37 0.533176661 38 0.357623875 36 1.81388892E-02 39 4.87855040E-02 35 4.22750898E-02
 107292 1 5 0.00000000E+00 41 0.469679356 40 0.285980433 42 9.13961902E-02 43 3.22541110E-02 39 0.120689884
 107293 1 5 0.00000000E+00 41 0.533608079 40 0.250662029 42 8.65615159E-02 43 2.78428327E-02 39 0.101325542
 107294 1 5 0.00000000E+00 41 0.604996860 42 7.87778199E-02 40 0.210616291 43 2.30674762E-02 39 8.25415477E-02
 107295 1 5 0.00000000E+00 41 0.684692264 42 6.70196414E-02 40 0.166430458 43 1.80932079E-02 39 6.37644082E-02
 107296 1 5 0.00000000E+00 41 0.773691177 42 4.99607995E-02 43 1.32754855E-02 40 0.118550807 39 4.45217378E-02
 107297 1 5 0.00000000E+00 41 0.874317229 42 2.58696079E-02 43 4.71793301E-03 40 7.73400143E-02 44 1.77552328E-02
 107298 1 5 0.00000000E+00 41 0.966688633 42 2.23559298E-04 43 1.01589626E-02 40 1.89039744E-02 44 4.02489444E-03
 107299 1 5 0.00000000E+00 41 0.854684770 42 5.88418916E-02 43 6.95392936E-02 40 1.46732731E-02 44 2.26076692E-03
 107300 1 5 0.00000000E+00 41 0.707183301 42 0.123903655 43 0.145623654 40 2.05803309E-02 44 2.70907045E-03
 107301 1 5 0.00000000E+00 41 0.572876811 42 0.170532778 43 0.229338214 44 2.90738372E-03 40 2.43447851E-02
 107302 1 5 0.00000000E+00 41 0.453020543 43 0.322516918 42 0.195187375 44 3.17369937E-03 40 2.61014625E-02
 107305 1 5 0.00000000E+00 43 0.671143532 42 0.132157996 41 0.170979992 44 4.66404436E-03 40 2.10544653E-02
 107306 1 4 0.00000000E+00 43 0.811510861 42 7.60774761E-02 41 0.103364907 44 9.04674269E-03
 107307 1 4 0.00000000E+00 43 0.936620712 42 1.19116362E-02 41 3.72532532E-02 44 1.42143937E-02
 107308 1 5 0.00000000E+00 43 0.887444377 42 2.06147251E-03 44 7.08910227E-02 41 1.60013251E-02 45 2.36017853E-02
 107309 1 5 0.00000000E+00 43 0.773138106 44 0.154686615 42 1.33967213E-02 41 1.70827638E-02 45 4.16958034E-02
 107310 1 5 0.00000000E+00 43 0.663367808 44 0.237873346 42 2.03353651E-02 41 1.99172217E-02 45 5.85062765E-02
 107311 1 5 0.00000000E+00 43 0.561780334 44 0.318492651 42 2.28336155E-02 41 2.28512511E-02 45 7.40421340E-02
 107312 1 5 0.00000000E+00 43 0.468494058 44 0.395155787 42 2.19679475E-02 41 2.54266057E-02 45 8.89556184E-02
 107313 1 5 0.00000000E+00 44 0.465593070 43 0.383628905 42 1.88955944E-02 41 2.75489781E-02 45 0.104333453
 107314 1 6 0.00000000E+00 44 0.521758497 43 0.306366712 42 1.26229031E-02 45 0.105075493 41 2.63232589E-02 46 2.78531443E-02
 107315 1 6 0.00000000E+00 44 0.566642702 43 0.240933821 45 0.124642394 42 8.65964219E-03 41 2.78315842E-02 46 3.12898345E-02
 107316 1 6 0.00000000E+00 44 0.590866804 43 0.187324494 45 0.149006441 42 6.08743820E-03 46 3.71787697E-02 41 2.95360703E-02
 107318 1 6 0.00000000E+00 44 0.572631896 45 0.213434741 43 0.115209036 46 5.82156107E-02 42 6.76895771E-03 41 3.37397791E-02
 107319 1 5 0.00000000E+00 44 0.540405393 45 0.254337192 43 0.102081768 46 7.64040798E-02 42 2.67715752E-02
 107320 1 5 0.00000000E+00 44 0.497117758 45 0.293736130 43 8.55637789E-02 46 9.33763608E-02 42 3.02059557E-02
 107321 1 5 0.00000000E+00 44 0.449152261 45 0.332693487 46 0.112549193 43 7.25271106E-02 42 3.30779478E-02
 107322 1 5 0.00000000E+00 44 0.400888562 45 0.366582185 46 0.120125718 43 7.55494460E-02 47 3.68540771E-02
 107323 1 5 0.00000000E+00 45 0.398996443 44 0.351860255 46 0.146923110 43 6.69592842E-02 47 3.52609083E-02
 107324 1 5 0.00000000E+00 45 0.424052805 44 0.304432124 46 0.179593503 43 5.90260439E-02 47 3.28955390E-02
 107325 1 5 0.00000000E+00 45 0.438254595 46 0.220180660 44 0.259710789 47 3.01291496E-02 43 5.17248176E-02
 107326 1 5 0.00000000E+00 45 0.437836766 46 0.270933360 44 0.218606353 47 2.74065826E-02 43 4.52169403E-02
 107354 1 7 0.00000000E+00 49 0.249675721 48 0.411218554 50 0.205600277 51 5.24643287E-02 52 -6.16845628E-03 47 7.08528236E-02 54 1.63567681E-02
 107355 1 7 0.00000000E+00 49 0.329445928 50 0.200898543 48 0.346854031 51 7.13669285E-02 52 -1.09524326E-02 47 5.03703803E-02 54 1.20165953E-02
 107356 1 8 0.00000000E+00 49 0.431641221 50 0.174231082 48 0.273813576 51 8.98943096E-02 52 -1.40446117E-02 47 3.17664184E-02 54 5.29868586E-04 53 1.21681085E-02
 107357 1 8 0.00000000E+00 49 0.559013963 50 0.115059540 48 0.200157315 51 0.113287501 52 -1.12500675E-02 54 -1.78731559E-03 47 1.78969223E-02 53 7.62212370E-03
 107358 1 8 0.00000000E+00 49 0.685284615 50 2.95034982E-02 51 0.143190444 48 0.132178053 52 3.20259784E-03 54 -3.64954560E-03 47 7.20774895E-03 53 3.08260345E-03
 107359 1 8 0.00000000E+00 49 0.713937759 50 -1.49910133E-02 51 0.188057959 52 3.79979424E-02 48 7.97077641E-02 54 -4.68191691E-03 53 -7.20353273E-04 47 6.91858702E-04
 107360 1 8 0.00000000E+00 49 0.611302376 50 1.16052795E-02 51 0.246184602 52 9.49692428E-02 48 4.54382151E-02 54 -4.00334690E-03 53 -3.51334992E-03 47 -1.98301487E-03
 107361 1 8 0.00000000E+00 49 0.470591068 50 4.59930412E-02 51 0.300903857 52 0.167672411 48 2.19123680E-02 54 8.21160444E-04 53 -5.02786227E-03 55 -2.86602275E-03
 107362 1 8 0.00000000E+00 49 0.343824625 51 0.337737799 50 6.06632270E-02 52 0.250501812 54 1.08218649E-02 48 6.46507414E-03 53 -5.49057126E-03 55 -4.52384632E-03
 107363 1 8 0.00000000E+00 51 0.347829670 52 0.340040684 49 0.240652457 50 5.76499477E-02 54 2.85106339E-02 48 -3.52260773E-03 53 -4.61810501E-03 55 -6.54265191E-03
 107364 1 8 0.00000000E+00 52 0.431143016 51 0.329306304 49 0.159998685 50 4.35857438E-02 54 5.58883995E-02 53 -2.60472624E-03 48 -8.84136651E-03 55 -8.47608130E-03
 107365 1 8 0.00000000E+00 52 0.513150871 51 0.287905067 49 9.88030061E-02 50 2.46660933E-02 54 9.52713415E-02 53 -2.78640306E-04 48 -1.04288794E-02 55 -9.08889621E-03
 107366 1 8 0.00000000E+00 52 0.567432702 51 0.234674692 54 0.150416985 49 5.45037501E-02 50 7.10102310E-03 53 1.24429888E-03 55 -6.08426612E-03 48 -9.28916875E-03
 107367 1 8 0.00000000E+00 52 0.574356198 54 0.224807858 51 0.181066990 49 2.53562815E-02 50 -3.65896500E-03 53 1.03949918E-03 55 3.25541035E-03 48 -6.22328185E-03
 107368 1 8 0.00000000E+00 52 0.533549845 54 0.315026134 51 0.132851228 49 8.47913977E-03 50 -6.51643844E-03 53 -1.34558964E-03 55 2.00112816E-02 48 -2.05561286E-03
 107369 1 8 0.00000000E+00 52 0.464264661 54 0.409504205 51 9.07081589E-02 53 -5.47388056E-03 49 2.51521473E-04 50 -4.20661364E-03 55 4.31183726E-02 56 1.83359184E-03
 107370 1 8 0.00000000E+00 54 0.492930114 52 0.385977924 51 5.44840023E-02 53 -9.10891686E-03 55 7.41379485E-02 49 -2.85880780E-03 50 2.40293870E-04 56 4.19742987E-03
 107380 1 8 0.00000000E+00 55 0.954539776 56 5.12985094E-03 57 2.49650627E-02 54 7.38453725E-03 53 -1.30420527E-03 52 7.27916369E-03 58 1.41581858E-03 51 5.89996111E-04
 107381 1 8 0.00000000E+00 55 0.803694844 56 0.100593552 57 9.17205065E-02 54 -2.67630746E-03 53 1.40873680E-03 52 5.12592541E-03 58 -1.52961863E-03 51 1.66239275E-03
 107382 1 8 0.00000000E+00 55 0.631684661 56 0.202360094 57 0.164988384 54 -4.55219112E-03 53 3.05336015E-03 58 -4.32582386E-03 52 4.77729272E-03 51 2.01423233E-03
 107383 1 7 0.00000000E+00 55 0.471777916 56 0.296031892 57 0.236855909 54 -5.12121292E-03 53 1.88314042E-03 58 -5.98094333E-03 52 4.55327425E-03
 107384 1 7 0.00000000E+00 56 0.374648422 55 0.327936471 57 0.306101650 54 -5.64993406E-03 58 -4.67609055E-03 53 -1.33604638E-03 52 2.97552906E-03
 107385 1 7 0.00000000E+00 56 0.428627223 57 0.370432884 55 0.205429927 58 3.46669974E-03 54 -5.64462133E-03 53 -4.02848842E-03 52 1.71635963E-03
 107386 1 7 0.00000000E+00 56 0.449908733 57 0.423668057 55 0.110384710 58 2.31524091E-02 54 -4.95666033E-03 53 -4.03542630E-03 52 1.87817065E-03
 107387 1 7 0.00000000E+00 57 0.455452472 56 0.441139251 55 4.56374511E-02 58 5.67489043E-02 54 -1.70813897E-03 53 -5.12063969E-04 60 3.24212410E-03
 107388 1 7 0.00000000E+00 57 0.458682120 56 0.414529592 55 6.97462959E-03 58 0.104186893 54 2.05648388E-03 53 5.35449153E-03 60 8.21579620E-03
 107389 1 7 0.00000000E+00 57 0.436935544 56 0.380887181 55 -1.30646899E-02 58 0.161995724 54 6.61056163E-03 60 1.44241713E-02 53 1.22115137E-02
 107390 1 7 0.00000000E+00 57 0.399133861 56 0.345525175 58 0.225947171 55 -2.16530766E-02 60 2.07907204E-02 54 1.13036847E-02 53 1.89524796E-02
 107391 1 8 0.00000000E+00 57 0.350679368 56 0.309617430 58 0.289391279 55 -2.48067211E-02 60 1.54696703E-02 54 1.38099352E-02 53 2.29841806E-02 59 2.28548609E-02
 107392 1 6 0.00000000E+00 57 0.303108245 58 0.359910637 56 0.283946425 55 -4.23541991E-03 60 2.43862458E-02 59 3.28838639E-02
 107764 1 8 0.00000000E+00 31 0.773117244 32 0.128091693 30 -5.38278464E-03 29 2.42455155E-02 33 4.14583534E-02 27 8.78050085E-03 28 1.21204043E-02 34 1.75690558E-02
 107765 1 8 0.00000000E+00 31 0.680559635 32 0.207565531 30 1.10959203E-03 33 5.16176447E-02 29 1.47716403E-02 34 1.88798532E-02 27 1.21127758E-02 28 1.33833494E-02
 107766 1 7 0.00000000E+00 31 0.577471852 32 0.295738608 33 6.20883070E-02 30 8.49140622E-03 29 1.42589426E-02 34 2.03773994E-02 27 2.15734765E-02
 107767 1 6 0.00000000E+00 31 0.474811107 32 0.391107589 33 7.23653138E-02 30 1.92246418E-02 29 1.97031870E-02 34 2.27881577E-02
 107768 1 6 0.00000000E+00 32 0.490087003 31 0.373559743 33 7.90378600E-02 30 2.01129317E-02 29 1.72968395E-02 34 1.99056361E-02
 107769 1 6 0.00000000E+00 32 0.595304728 31 0.275090963 33 8.26670304E-02 30 1.75424758E-02 34 1.50954956E-02 29 1.42993238E-02
 107770 1 7 0.00000000E+00 32 0.706461132 33 8.15026835E-02 31 0.178753853 30 1.13872541E-02 34 4.33178293E-03 29 9.44336597E-03 35 8.11989419E-03
 107771 1 7 0.00000000E+00 32 0.821796775 33 7.84541294E-02 31 8.69770274E-02 34 5.89478470E-04 30 4.06493433E-03 29 5.34614734E-03 35 2.77148373E-03
 107772 1 7 0.00000000E+00 32 0.874117136 33 0.106014542 31 1.62722450E-02 34 3.16356774E-04 30 -1.08874450E-03 35 1.95339136E-03 29 2.41509872E-03
 107773 1 7 0.00000000E+00 32 0.741557598 33 0.226640224 31 -9.41363862E-04 34 9.73341055E-03 30 3.48531082E-03 35 1.51793184E-02 29 4.34551667E-03
 107774 1 6 0.00000000E+00 32 0.588961124 33 0.341342449 34 2.74071917E-02 31 -4.26717196E-03 35 3.31709273E-02 30 1.33854896E-02
 107775 1 7 0.00000000E+00 32 0.459837705 33 0.414559692 34 5.29634431E-02 31 -6.90863701E-03 35 4.08309810E-02 30 1.73315182E-02 36 2.13852990E-02
 107776 1 7 0.00000000E+00 33 0.442431748 32 0.362624168 34 9.00740549E-02 35 6.00585751E-02 31 -6.40468299E-03 30 2.24191323E-02 36 2.87969820E-02
 107777 1 7 0.00000000E+00 33 0.432127982 32 0.292142749 34 0.134149671 35 8.28677043E-02 31 -4.48129280E-03 36 3.63862850E-02 30 2.68068966E-02
 107778 1 6 0.00000000E+00 33 0.398893386 32 0.243521392 34 0.181885481 35 0.111516900 31 1.68140139E-02 36 4.73688170E-02
 107779 1 6 0.00000000E+00 33 0.352373779 32 0.204933390 34 0.223693237 35 0.143121526 36 5.48138842E-02 31 2.10641921E-02
 107791 1 6 0.00000000E+00 35 0.514385939 36 0.417607516 34 1.16096502E-02 37 1.48808574E-02 33 1.59936026E-02 32 2.55224239E-02
 107792 1 6 0.00000000E+00 36 0.535695791 35 0.407285362 37 1.09310290E-02 34 8.21161363E-03 33 2.26324480E-02 38 1.52437789E-02
 107793 1 6 0.00000000E+00 36 0.658753037 35 0.291781694 37 1.62689630E-02 34 6.88540936E-03 38 1.13130091E-02 33 1.49978707E-02
 107794 1 6 0.00000000E+00 36 0.771525979 35 0.179795533 37 2.80941185E-02 34 6.03581546E-03 38 6.74370211E-03 33 7.80485570E-03
 107795 1 5 0.00000000E+00 36 0.823459625 35 9.67531055E-02 37 6.51964620E-02 34 8.91862717E-03 38 5.67218568E-03
 107796 1 5 0.00000000E+00 36 0.768515289 37 0.143943936 35 6.31741583E-02 34 1.38695044E-02 38 1.04971090E-02
 107797 1 5 0.00000000E+00 36 0.668508470 37 0.242655650 35 5.18141277E-02 38 1.69465207E-02 34 2.00752076E-02
 107798 1 5 0.00000000E+00 36 0.560319960 37 0.348147660 35 4.53550369E-02 38 2.16850676E-02 34 2.44922694E-02
 107799 1 5 0.00000000E+00 36 0.452264786 37 0.457983941 35 3.95373926E-02 38 2.38516536E-02 34 2.63622459E-02
 107800 1 5 0.00000000E+00 37 0.572287560 36 0.345916301 35 3.31495628E-02 38 2.31715608E-02 34 2.54750252E-02
 107801 1 5 0.00000000E+00 37 0.691728652 36 0.241174102 38 1.95703339E-02 35 2.57554650E-02 34 2.17714235E-02
 107802 1 4 0.00000000E+00 37 0.818044066 36 0.139361933 38 1.62276030E-02 35 2.63664052E-02
 107803 1 4 0.00000000E+00 37 0.935679615 36 4.04012837E-02 38 1.14586884E-02 35 1.24604153E-02
 107804 1 4 0.00000000E+00 37 0.895041227 38 8.20747688E-02 36 7.94490986E-03 35 1.49391079E-02
 107805 1 5 0.00000000E+00 37 0.768172503 38 0.182228461 36 8.15496780E-03 35 2.01946106E-02 39 2.12494247E-02
 107806 1 5 0.00000000E+00 37 0.646176577 38 0.287629128 36 1.06251771E-02 35 2.62237787E-02 39 2.93453690E-02
 107807 1 5 0.00000000E+00 37 0.531240106 38 0.390515208 36 1.22061362E-02 39 3.57860625E-02 35 3.02524548E-02
 107808 1 5 0.00000000E+00 38 0.488860786 37 0.424134284 36 1.28661366E-02 39 4.15627472E-02 35 3.25760692E-02
 107837 1 5 0.00000000E+00 41 0.400399894 40 0.355186760 42 7.53429234E-02 39 0.131682247 43 3.73881608E-02
 107838 1 5 0.00000000E+00 41 0.458187670 40 0.322694749 42 7.10261613E-02 43 3.57128642E-02 39 0.112378545
 107839 1 5 0.00000000E+00 41 0.522139430 40 0.284778595 42 6.43485487E-02 43 3.40369046E-02 39 9.46965292E-02
 107840 1 5 0.00000000E+00 41 0.592254758 40 0.242582217 42 5.46966940E-02 43 3.25587541E-02 39 7.79075548E-02
 107841 1 5 0.00000000E+00 41 0.668029189 42 4.15506661E-02 40 0.197169706 43 3.17798965E-02 39 6.14705458E-02
 107842 1 5 0.00000000E+00 41 0.747114360 42 2.50133667E-02 40 0.149835393 43 3.28707807E-02 39 4.51660901E-02
 107843 1 5 0.00000000E+00 41 0.822039127 42 7.26806000E-03 43 3.23136114E-02 40 0.114767432 44 2.36117784E-02
 107844 1 5 0.00000000E+00 41 0.854119182 42 3.29761975E-03 43 5.49940877E-02 40 7.22955838E-02 44 1.52935302E-02
 107845 1 5 0.00000000E+00 41 0.799361765 42 3.13937590E-02 43 0.104081944 40 5.33048585E-02 44 1.18576819E-02
 107846 1 5 0.00000000E+00 41 0.692828536 42 7.38078430E-02 43 0.172927156 40 4.89398427E-02 44 1.14966426E-02
 107847 1 5 0.00000000E+00 41 0.578210890 43 0.252901822 42 0.108932868 40 4.80327196E-02 44 1.19217029E-02
 107848 1 5 0.00000000E+00 41 0.469342858 43 0.342038810 42 0.128798351 44 1.26144970E-02 40 4.72054742E-02
 107854 1 5 0.00000000E+00 43 0.813545585 42 -2.82475702E-03 44 8.54161605E-02 41 5.68453036E-02 45 4.70177233E-02
 107855 1 5 0.00000000E+00 43 0.741392672 44 0.150451615 42 1.93171581E-04 41 4.57144752E-02 45 6.22480623E-02
 107865 1 5 0.00000000E+00 44 0.480929226 45 0.292380691 43 0.122028477 46 7.44804144E-02 42 3.01812049E-02
 107866 1 5 0.00000000E+00 44 0.445222229 45 0.334197015 43 0.101347543 46 8.72293338E-02 42 3.20038870E-02
 107867 1 5 0.00000000E+00 44 0.403659493 45 0.376877874 46 0.101823203 43 8.43852535E-02 42 3.32541801E-02
 107868 1 5 0.00000000E+00 45 0.416016459 44 0.360163003 46 0.104818709 43 8.32019225E-02 47 3.57999243E-02
 107869 1 5 0.00000000E+00 45 0.455219448 44 0.314494133 46 0.127093807 43 7.08047673E-02 47 3.23878415E-02
 107870 1 5 0.00000000E+00 45 0.488011420 46 0.155174583 44 0.269193381 43 5.94075136E-02 47 2.82130931E-02
 107871 1 5 0.00000000E+00 45 0.509701371 46 0.191720486 44 0.225783125 47 2.37555727E-02 43 4.90394272E-02
 107872 1 5 0.00000000E+00 45 0.514471710 46 0.240071952 44 0.185753763 47 1.96713191E-02 43 4.00312319E-02
 107873 1 5 0.00000000E+00 45 0.496914089 46 0.303452998 44 0.150310725 47 1.65653117E-02 43 3.27569097E-02
 107874 1 4 0.00000000E+00 45 0.459217548 46 0.386207163 44 0.134943515 47 1.96317602E-02
 107875 1 4 0.00000000E+00 46 0.482442975 45 0.393438190 47 1.76558457E-02 44 0.106463008
 107876 1 4 0.00000000E+00 46 0.593399405 45 0.309701681 47 1.57017708E-02 44 8.11971650E-02
 107877 1 4 0.00000000E+00 46 0.716915011 45 0.212932065 47 1.28673986E-02 44 5.72855398E-02
 107898 1 8 0.00000000E+00 48 0.578178525 49 0.129297122 50 0.134315565 47 8.95770788E-02 51 2.45582424E-02 52 -1.51324458E-03 46 3.19983624E-02 54 1.35883456E-02
 107899 1 7 0.00000000E+00 48 0.543633163 49 0.180378720 50 0.142041385 51 4.67759222E-02 47 7.61138946E-02 52 -3.79432854E-03 54 1.48512600E-02
 107900 1 7 0.00000000E+00 48 0.484037995 49 0.244268477 50 0.140927449 51 7.26060346E-02 47 5.44577092E-02 52 -8.31353106E-03 54 1.20158466E-02
 107901 1 7 0.00000000E+00 49 0.321155220 48 0.411362082 50 0.128856242 51 0.102875017 52 -1.16773825E-02 47 3.85526232E-02 54 8.87623336E-03
 107902 1 8 0.00000000E+00 49 0.409489155 50 0.100364186 48 0.332224250 51 0.135578021 52 -1.27646718E-02 47 2.45927107E-02 54 -1.40077411E-03 53 1.19171292E-02
 107903 1 8 0.00000000E+00 49 0.500604630 50 5.61160445E-02 48 0.255035311 51 0.176287428 52 -7.91531336E-03 54 -3.64683289E-03 47 1.48050683E-02 53 8.71363655E-03
 107904 1 8 0.00000000E+00 49 0.569061935 50 7.91975763E-03 51 0.225626662 48 0.184393987 52 6.29206700E-03 54 -5.55532798E-03 47 7.25893676E-03 53 5.00199664E-03
 107905 1 8 0.00000000E+00 49 0.576704621 50 -1.82769056E-02 51 0.286044151 48 0.125174209 52 3.36615667E-02 54 -6.54713204E-03 53 1.13840424E-03 47 2.10109423E-03
 107906 1 8 0.00000000E+00 49 0.513438821 50 -1.28040332E-02 51 0.354311407 52 7.50756785E-02 48 7.89319128E-02 54 -5.48101170E-03 53 -2.55120359E-03 47 -9.21596307E-04
 107907 1 8 0.00000000E+00 51 0.419179857 49 0.411130160 50 5.78402402E-03 52 0.128446728 48 4.29680496E-02 54 3.72999231E-04 53 -5.30372700E-03 55 -2.57808645E-03
 107908 1 8 0.00000000E+00 51 0.465159267 49 0.304428548 50 2.00235415E-02 52 0.191060796 54 1.35075264E-02 48 1.71469077E-02 53 -6.34337775E-03 55 -4.98322072E-03
 107909 1 8 0.00000000E+00 51 0.477565169 52 0.260270178 49 0.212046966 50 2.43291929E-02 54 3.76610123E-02 48 3.03289271E-04 53 -4.72444715E-03 55 -7.45135732E-03
 107910 1 8 0.00000000E+00 51 0.451734155 52 0.330691874 49 0.140146494 50 2.01237500E-02 54 7.56998435E-02 53 -4.15866030E-04 48 -8.41371156E-03 55 -9.56654642E-03
 107911 1 8 0.00000000E+00 52 0.391926795 51 0.396851242 54 0.129065052 49 8.74402970E-02 50 1.12263877E-02 53 5.02530020E-03 48 -1.11142360E-02 55 -1.04208384E-02
 107912 1 8 0.00000000E+00 52 0.430553466 51 0.327768862 54 0.198925912 49 5.02993949E-02 50 1.90868869E-03 53 9.43058170E-03 55 -8.66815168E-03 48 -1.02187460E-02
 107913 1 8 0.00000000E+00 52 0.436049253 54 0.285937399 51 0.256390065 49 2.55336706E-02 50 -4.47905809E-03 53 1.10031301E-02 55 -2.94976030E-03 48 -7.48469913E-03
 107914 1 8 0.00000000E+00 52 0.407411397 54 0.387860805 51 0.189005435 49 1.03329001E-02 53 8.61974247E-03 50 -6.74798712E-03 55 7.54152983E-03 48 -4.02381970E-03
 107915 1 8 0.00000000E+00 54 0.497740239 52 0.353275359 51 0.127643377 53 2.22464697E-03 49 1.80266844E-03 55 2.36099791E-02 50 -5.80074778E-03 56 -4.95520886E-04
 107916 1 8 0.00000000E+00 54 0.601793170 52 0.286430031 51 7.44359568E-02 53 -5.84585406E-03 55 4.62306850E-02 49 -1.48945651E-03 50 -2.57092086E-03 56 1.01640739E-03
 107917 1 8 0.00000000E+00 54 0.673857152 52 0.221032724 53 -8.95187259E-03 51 3.16122249E-02 55 8.08807909E-02 49 -2.41347495E-03 50 1.11027644E-03 56 2.87215295E-03
 107918 1 8 0.00000000E+00 54 0.681970417 52 0.170293719 55 0.134231731 53 2.22539390E-03 51 3.66499415E-03 49 -2.31333799E-03 56 5.45374351E-03 50 4.47334535E-03
 107925 1 8 0.00000000E+00 55 0.817000210 56 3.77195030E-02 54 9.11653265E-02 57 -8.88971239E-03 53 4.75292876E-02 52 1.54523076E-02 51 -4.18478018E-03 58 4.20786347E-03
 107926 1 8 0.00000000E+00 55 0.872682452 56 7.22396076E-02 57 -1.89442758E-03 54 2.88004298E-02 53 2.97545139E-02 52 5.42403177E-05 51 -1.58111239E-03 58 -5.57200983E-05
 107927 1 8 0.00000000E+00 55 0.763620734 56 0.166934937 57 4.35334183E-02 54 7.30164768E-03 53 2.43623089E-02 52 -2.71090050E-03 58 -2.99067027E-03 51 -5.14793319E-05
 107928 1 8 0.00000000E+00 55 0.604546666 56 0.282015949 57 9.88429263E-02 54 8.27344018E-04 53 2.04607733E-02 58 -5.47024654E-03 52 -1.86421187E-03 51 6.40761340E-04
 107929 1 7 0.00000000E+00 55 0.447511226 56 0.397838980 57 0.150690794 54 -2.19090609E-03 53 1.40654650E-02 58 -6.94160443E-03 52 -9.73982795E-04
 107930 1 7 0.00000000E+00 56 0.505205393 55 0.302610576 57 0.196721151 54 -3.98423709E-03 53 5.84577490E-03 58 -5.49003994E-03 52 -9.08637070E-04
 107931 1 7 0.00000000E+00 56 0.586569011 57 0.238243550 55 0.178700864 58 2.95345415E-03 54 -4.73566120E-03 53 -1.21111819E-03 52 -5.20098140E-04
 107932 1 7 0.00000000E+00 56 0.615863204 57 0.278930962 55 8.72007757E-02 58 2.38674916E-02 54 -4.32645902E-03 53 -3.07965372E-03 52 1.54367974E-03
 107933 1 6 0.00000000E+00 56 0.590495586 57 0.315630555 55 3.13564464E-02 58 6.03763983E-02 54 1.92130901E-04 53 1.94885267E-03
 107934 1 7 0.00000000E+00 56 0.537138462 57 0.335778236 55 -1.76258363E-05 58 0.102700442 54 4.10650019E-03 53 8.87425616E-03 60 1.14197060E-02
 107935 1 7 0.00000000E+00 56 0.478781432 57 0.336864114 55 -1.57623757E-02 58 0.155415818 53 1.71066392E-02 54 9.14757606E-03 60 1.84468068E-02
 107936 1 7 0.00000000E+00 56 0.423584700 57 0.321545571 58 0.212600082 55 -2.23473441E-02 60 2.55627166E-02 53 2.48208269E-02 54 1.42334504E-02
 107937 1 7 0.00000000E+00 56 0.373678774 57 0.295175642 58 0.271532953 55 -2.35179551E-02 60 3.24605964E-02 53 3.16023827E-02 54 1.90676004E-02
 107938 1 5 0.00000000E+00 56 0.340523273 57 0.266191036 58 0.337083995 55 5.37957018E-03 60 5.08221015E-02
 108308 1 7 0.00000000E+00 31 0.856542289 30 5.87649681E-02 29 5.57731651E-02 32 6.27468666E-03 33 1.70349162E-02 27 -6.07062320E-05 28 5.67069696E-03
 108309 1 7 0.00000000E+00 31 0.937547386 30 -9.87991691E-04 32 2.93288287E-02 29 1.36683276E-02 33 1.38123157E-02 27 2.39374652E-03 28 4.23741061E-03
 108310 1 8 0.00000000E+00 31 0.834970117 30 8.57660361E-03 32 0.109917708 29 2.58413563E-03 33 2.00523809E-02 27 7.51195475E-03 28 6.65071700E-03 34 9.73635633E-03
 108311 1 8 0.00000000E+00 31 0.711320043 32 0.202157065 30 2.23055203E-02 33 2.93272305E-02 29 -8.37923202E-04 27 1.24199344E-02 34 1.37937535E-02 28 9.51440074E-03
 108312 1 7 0.00000000E+00 31 0.594155669 32 0.298412263 30 3.04009207E-02 33 3.69056314E-02 29 1.53249910E-03 34 1.70159079E-02 27 2.15770993E-02
 108313 1 7 0.00000000E+00 31 0.483692408 32 0.398473233 33 4.13340181E-02 30 3.32989953E-02 29 1.69385248E-03 34 1.77349895E-02 27 2.37724949E-02
 108314 1 6 0.00000000E+00 32 0.506076574 31 0.380127043 33 4.36444506E-02 30 3.90650220E-02 29 1.07131284E-02 34 2.03737933E-02
 108315 1 6 0.00000000E+00 32 0.618562758 31 0.279942244 33 3.92542630E-02 30 3.45461033E-02 34 1.76559277E-02 29 1.00387000E-02
 108316 1 7 0.00000000E+00 32 0.738100708 33 2.68063117E-02 31 0.182339787 30 2.61321515E-02 34 6.16364926E-03 29 6.57842821E-03 35 1.38789611E-02
 108317 1 7 0.00000000E+00 32 0.866499066 33 8.60067829E-03 31 8.94295871E-02 30 1.69455558E-02 34 4.25998168E-03 29 4.15228400E-03 35 1.01128602E-02
 108318 1 7 0.00000000E+00 32 0.938133240 33 1.58255342E-02 31 1.67306978E-02 34 5.97600080E-03 30 9.91789903E-03 35 1.07318917E-02 29 2.68476200E-03
 108319 1 7 0.00000000E+00 32 0.803854585 33 0.127274275 31 3.30438674E-03 34 1.78563744E-02 30 1.40969427E-02 35 2.70205159E-02 29 6.59291493E-03
 108320 1 6 0.00000000E+00 32 0.655785263 33 0.232090428 34 3.64299491E-02 31 2.30036187E-03 35 4.77746017E-02 30 2.56193765E-02
 108321 1 7 0.00000000E+00 32 0.527607858 33 0.302980930 34 5.84752224E-02 31 -1.31738852E-04 35 5.15741184E-02 30 2.83274781E-02 36 3.11661456E-02
 108322 1 7 0.00000000E+00 32 0.426336378 33 0.340707690 34 8.85906816E-02 31 4.55983012E-04 35 7.13742599E-02 30 3.29912081E-02 36 3.95438187E-02
 108343 1 5 0.00000000E+00 36 0.710761547 37 0.229399681 35 2.02275459E-02 38 2.13853177E-02 34 1.82259399E-02
 108344 1 5 0.00000000E+00 36 0.589068770 37 0.338013440 35 2.24611182E-02 38 2.75698490E-02 34 2.28868369E-02
 108345 1 5 0.00000000E+00 36 0.473438829 37 0.448668450 35 2.20572855E-02 38 3.10742054E-02 34 2.47612223E-02
 108346 1 5 0.00000000E+00 37 0.562349677 36 0.362432748 38 3.20081897E-02 35 1.93905216E-02 34 2.38188766E-02
 108347 1 4 0.00000000E+00 37 0.681816757 36 0.257032514 38 3.44110094E-02 35 2.67396849E-02
 108348 1 4 0.00000000E+00 37 0.800050855 36 0.152240932 38 3.10674086E-02 35 1.66408103E-02
 108349 1 4 0.00000000E+00 37 0.899285674 36 5.81371486E-02 38 3.66650224E-02 35 5.91213582E-03
 108350 1 4 0.00000000E+00 37 0.866342187 38 0.105642930 36 2.00556964E-02 35 7.95920845E-03
 108351 1 5 0.00000000E+00 37 0.748314917 38 0.206128478 36 1.47463325E-02 35 1.29437186E-02 39 1.78665537E-02
 108352 1 5 0.00000000E+00 37 0.626925945 38 0.315993756 36 1.44304400E-02 35 1.87301226E-02 39 2.39197314E-02
 108353 1 5 0.00000000E+00 37 0.509481966 38 0.426575363 36 1.39418859E-02 39 2.77315192E-02 35 2.22692750E-02
 108354 1 5 0.00000000E+00 38 0.536514044 37 0.397355050 36 1.26737198E-02 39 2.98018809E-02 35 2.36553159E-02
 108355 1 4 0.00000000E+00 38 0.645023406 37 0.294500858 36 2.48917695E-02 39 3.55840027E-02
 108356 1 4 0.00000000E+00 38 0.737300932 37 0.199802220 39 4.06089872E-02 36 2.22878363E-02
 108357 1 4 0.00000000E+00 38 0.792774796 37 0.126947224 39 5.78155927E-02 36 2.24624053E-02
 108358 1 4 0.00000000E+00 38 0.789129674 37 8.65916088E-02 39 9.57605615E-02 36 2.85181273E-02
 108359 1 4 0.00000000E+00 38 0.742311895 37 7.03719854E-02 39 0.148905784 36 3.84103134E-02
 108382 1 5 0.00000000E+00 40 0.429007798 41 0.328370184 39 0.140959546 42 6.28619790E-02 43 3.88004705E-02
 108383 1 5 0.00000000E+00 40 0.400276512 41 0.379639387 42 5.98328337E-02 39 0.120730445 43 3.95208336E-02
 108384 1 5 0.00000000E+00 41 0.436102927 40 0.364639729 42 5.50970696E-02 39 0.103547245 43 4.06130515E-02
 108385 1 5 0.00000000E+00 41 0.497202158 40 0.323968053 42 4.82531488E-02 43 4.22073007E-02 39 8.83693323E-02
 108386 1 5 0.00000000E+00 41 0.561911643 40 0.279928178 42 3.90578695E-02 43 4.47084494E-02 39 7.43938461E-02
 108387 1 5 0.00000000E+00 41 0.628025591 40 0.234121412 42 2.77111009E-02 43 4.89967242E-02 39 6.11451827E-02
 108388 1 5 0.00000000E+00 41 0.690500081 42 1.55377295E-02 40 0.188506022 43 5.68464063E-02 39 4.86097597E-02
 108389 1 6 0.00000000E+00 41 0.736558676 42 1.43770967E-03 43 5.96548468E-02 40 0.142768219 39 3.30721661E-02 44 2.65083890E-02
 108390 1 5 0.00000000E+00 41 0.753461361 42 5.96996397E-03 43 9.10190195E-02 40 0.122651801 44 2.68978365E-02
 108391 1 5 0.00000000E+00 41 0.718582213 42 2.21068468E-02 43 0.136551782 40 9.86234322E-02 44 2.41357051E-02
 108392 1 5 0.00000000E+00 41 0.646198750 43 0.197372392 42 4.71734516E-02 40 8.56914073E-02 44 2.35640127E-02
 108393 1 5 0.00000000E+00 41 0.557367146 43 0.269441247 42 7.03949705E-02 40 7.85509050E-02 44 2.42457557E-02
 108394 1 5 0.00000000E+00 41 0.465943158 43 0.349941850 42 8.46369341E-02 44 2.57313829E-02 40 7.37466887E-02
 108412 1 5 0.00000000E+00 44 0.395548344 45 0.373001963 46 8.09722692E-02 43 0.115285426 42 3.51919979E-02
 108413 1 4 0.00000000E+00 45 0.423450112 44 0.365374535 46 9.53951254E-02 43 0.115780234
 108414 1 5 0.00000000E+00 45 0.465075523 44 0.319622546 46 8.76357853E-02 43 9.11180526E-02 47 3.65481004E-02
 108418 1 5 0.00000000E+00 45 0.603944182 46 0.196453840 44 0.150930732 47 1.38159813E-02 43 3.48552763E-02
 108419 1 5 0.00000000E+00 45 0.589838862 46 0.256742448 44 0.117003284 47 1.05333840E-02 43 2.58820355E-02
 108420 1 4 0.00000000E+00 45 0.545704782 46 0.340019166 44 0.100714281 47 1.35617666E-02
 108421 1 4 0.00000000E+00 45 0.468843192 46 0.440301716 47 1.41581995E-02 44 7.66968951E-02
 108422 1 4 0.00000000E+00 46 0.555545866 45 0.372692466 47 1.55431768E-02 44 5.62184975E-02
 108423 1 4 0.00000000E+00 46 0.681313217 45 0.265217394 47 1.67326257E-02 44 3.67367454E-02
 108443 1 7 0.00000000E+00 48 0.684751332 49 7.16206282E-02 50 8.71842057E-02 47 0.110283040 51 1.26089677E-02 52 6.25646254E-03 46 2.72953883E-02
 108444 1 8 0.00000000E+00 48 0.678220630 49 0.108334377 50 8.98870602E-02 47 6.78792149E-02 51 2.72508282E-02 52 -2.79232045E-03 46 2.21426971E-02 54 9.07748193E-03
 108445 1 7 0.00000000E+00 48 0.633171082 49 0.158561558 50 9.32836384E-02 51 5.64869456E-02 47 5.32315262E-02 52 -5.14055695E-03 54 1.04057835E-02
 108446 1 7 0.00000000E+00 48 0.560114920 49 0.219487503 50 8.98980796E-02 51 9.21891406E-02 47 3.78122926E-02 52 -8.71846266E-03 54 9.21653397E-03
 108447 1 8 0.00000000E+00 48 0.474834204 49 0.287629306 50 7.73653910E-02 51 0.131602407 52 -1.15572717E-02 47 2.61362121E-02 54 -4.54427296E-04 53 1.44441724E-02
 108448 1 8 0.00000000E+00 49 0.357671887 50 5.55224158E-02 48 0.388770521 51 0.179360241 52 -1.13616074E-02 47 1.88065451E-02 54 -2.46514636E-03 53 1.36951441E-02
 108449 1 8 0.00000000E+00 49 0.419769973 50 2.61153951E-02 48 0.306165487 51 0.234672248 52 -6.81222649E-03 54 -4.61483002E-03 47 1.28695704E-02 53 1.18343895E-02
 108450 1 8 0.00000000E+00 49 0.457510173 50 -2.39760359E-03 51 0.299634963 48 0.230710834 52 4.21450008E-03 54 -6.61475863E-03 47 8.00755993E-03 53 8.93432461E-03
 108451 1 8 0.00000000E+00 49 0.453956544 51 0.375380367 50 -1.88935287E-02 48 0.164798856 52 2.33204253E-02 54 -7.90051930E-03 53 5.15368395E-03 47 4.18416597E-03
 108452 1 8 0.00000000E+00 51 0.459480703 49 0.405305654 50 -1.92481056E-02 52 5.06763197E-02 48 0.109152317 54 -7.37568224E-03 53 7.40531832E-04 47 1.26825925E-03
 108453 1 8 0.00000000E+00 51 0.543175757 49 0.325439394 50 -9.79333930E-03 52 8.53269845E-02 48 6.29176199E-02 54 -2.71846354E-03 53 -3.64057207E-03 55 -7.07376224E-04
 108454 1 8 0.00000000E+00 51 0.607975543 49 0.236222520 50 5.88787603E-04 52 0.127233580 54 1.08063193E-02 48 2.66740602E-02 53 -5.83231589E-03 55 -3.66849476E-03
 108455 1 8 0.00000000E+00 51 0.626086295 52 0.177317962 49 0.158192798 50 6.41330844E-03 54 3.90134268E-02 48 2.90689548E-03 53 -3.30169639E-03 55 -6.62897620E-03
 108456 1 8 0.00000000E+00 51 0.585422397 52 0.232535258 49 0.101657391 50 6.60471572E-03 54 8.61365423E-02 53 4.92402958E-03 48 -8.03973339E-03 55 -9.24057327E-03
 108457 1 8 0.00000000E+00 51 0.507159948 52 0.281578898 54 0.150936320 49 6.32965714E-02 50 3.06121353E-03 53 1.55427931E-02 48 -1.06200278E-02 55 -1.09557146E-02
 108458 1 8 0.00000000E+00 51 0.416113317 52 0.312326640 54 0.231799886 49 3.70231904E-02 50 -1.50889007E-03 53 2.47153342E-02 55 -1.10642640E-02 48 -9.40518454E-03
 108459 1 8 0.00000000E+00 52 0.317329824 54 0.328660190 51 0.325493872 49 1.93065703E-02 50 -4.96648112E-03 53 2.99086459E-02 55 -8.89899023E-03 48 -6.83363341E-03
 108460 1 8 0.00000000E+00 54 0.441258222 52 0.295161426 51 0.240511149 53 2.93683819E-02 49 8.10098369E-03 50 -6.31356845E-03 55 -4.04892722E-03 48 -4.03766520E-03
 108461 1 8 0.00000000E+00 54 0.567568541 52 0.249692842 51 0.162215501 53 2.19077431E-02 49 1.44180038E-03 55 4.48970264E-03 50 -5.80532616E-03 56 -1.51078193E-03
 108462 1 8 0.00000000E+00 54 0.700832844 52 0.188213170 51 9.20444503E-02 53 7.71611370E-03 55 1.64087638E-02 49 -9.40234109E-04 50 -3.46484664E-03 56 -8.10284924E-04
 108463 1 8 0.00000000E+00 54 0.812664628 52 0.123728767 53 -5.75678097E-03 51 3.27026732E-02 55 3.81396078E-02 49 -1.35334593E-03 50 -6.25668094E-04 56 5.00127324E-04
 108464 1 8 0.00000000E+00 54 0.814636648 52 8.46531913E-02 53 1.00773768E-02 55 8.82059857E-02 51 -2.01580441E-03 56 3.69768660E-03 49 -1.29870058E-03 50 2.04363768E-03
 108465 1 8 0.00000000E+00 54 0.712793529 55 0.163772285 53 5.13339043E-02 52 7.18128383E-02 51 -1.41553609E-02 56 6.11486472E-03 57 6.21617679E-03 49 2.11176160E-03
 108468 1 8 0.00000000E+00 55 0.439402789 54 0.371084869 53 0.122925498 56 3.35607976E-02 52 4.47926819E-02 57 -1.31498708E-03 51 -1.68424509E-02 49 6.39081094E-03
 108469 1 8 0.00000000E+00 55 0.536286891 54 0.275383800 53 0.121365093 56 4.83265705E-02 57 -6.83205994E-03 52 3.29117775E-02 51 -1.40544744E-02 49 6.61238981E-03
 108470 1 8 0.00000000E+00 55 0.628515601 54 0.189771771 56 6.87436089E-02 53 0.110144943 57 -1.28018651E-02 52 2.02017799E-02 51 -1.06148887E-02 49 6.03903504E-03
 108471 1 8 0.00000000E+00 55 0.700326502 56 0.100152507 54 0.116123334 53 9.25982073E-02 57 -1.74641777E-02 52 9.22028534E-03 51 -5.59592014E-03 58 4.63928934E-03
 108472 1 8 0.00000000E+00 55 0.716531098 56 0.156968445 57 -8.69522057E-03 54 6.12595379E-02 53 7.48023167E-02 52 1.95295521E-04 51 -2.75184470E-03 58 1.69037934E-03
 108473 1 8 0.00000000E+00 55 0.650953829 56 0.248027295 57 1.61434058E-02 54 2.95218956E-02 53 6.04633391E-02 52 -3.33060045E-03 58 -1.04294892E-03 51 -7.36211368E-04
 108474 1 8 0.00000000E+00 55 0.532228887 56 0.364439309 57 4.85708751E-02 54 1.36598554E-02 53 4.76984754E-02 52 -3.47846001E-03 58 -3.50694614E-03 51 3.88003129E-04
 108475 1 7 0.00000000E+00 56 0.494822621 55 0.395253360 57 7.82822371E-02 54 5.48469415E-03 53 3.39817815E-02 58 -5.32520842E-03 52 -2.49947677E-03
 108476 1 7 0.00000000E+00 56 0.631449044 55 0.257021517 57 9.97789428E-02 54 7.04738253E-04 53 1.85303744E-02 58 -5.46036335E-03 52 -2.02425057E-03
 108477 1 7 0.00000000E+00 56 0.755144179 55 0.130454749 57 0.114607923 58 -4.59144881E-04 54 -2.01912876E-03 53 3.70251201E-03 52 -1.43110752E-03
 108478 1 7 0.00000000E+00 56 0.794629216 57 0.144116014 55 4.39158715E-02 58 1.96652710E-02 53 -1.46264012E-03 54 -2.56688753E-03 52 1.70313776E-03
 108479 1 6 0.00000000E+00 56 0.730237484 57 0.193374619 55 6.98067807E-03 58 5.95196486E-02 53 6.74637221E-03 54 3.14120972E-03
 108480 1 7 0.00000000E+00 56 0.642296076 57 0.230067760 55 -1.10433558E-02 58 9.94538888E-02 53 1.56574529E-02 54 7.41618359E-03 60 1.61520112E-02
 108481 1 7 0.00000000E+00 56 0.560518205 57 0.248718992 55 -1.96685996E-02 58 0.148280144 53 2.50222869E-02 54 1.28573030E-02 60 2.42716614E-02
 108853 1 8 0.00000000E+00 31 0.680258393 30 0.213646397 29 9.44931433E-02 32 2.32449820E-04 27 -7.53769325E-03 33 1.10220034E-02 28 -9.77801174E-05 26 7.98309781E-03
 108854 1 7 0.00000000E+00 31 0.820497513 30 0.132474706 29 3.79512161E-02 32 4.38435562E-03 33 4.20523528E-03 27 -5.35117928E-04 28 1.02209044E-03
 108855 1 7 0.00000000E+00 31 0.902492166 30 6.38160184E-02 32 2.99057458E-02 29 -1.20196631E-03 33 7.20411830E-04 27 3.51508008E-03 28 7.52540422E-04
 108856 1 7 0.00000000E+00 31 0.812118649 30 6.12016954E-02 32 0.110439390 29 -9.98536963E-03 33 1.06198089E-02 27 1.07016182E-02 28 4.90418496E-03
 108857 1 8 0.00000000E+00 31 0.694669425 32 0.201796874 30 6.51796684E-02 33 1.36461956E-02 29 -1.17842648E-02 27 1.57363415E-02 28 7.74689671E-03 34 1.30088702E-02
 108858 1 8 0.00000000E+00 31 0.582468331 32 0.297274530 30 6.56542704E-02 33 1.85185689E-02 29 -1.09782126E-02 27 1.98724847E-02 34 1.67196840E-02 28 1.04703261E-02
 108859 1 7 0.00000000E+00 31 0.477033585 32 0.396435142 30 6.29313290E-02 33 2.08478849E-02 29 -5.46152098E-03 34 1.97995771E-02 27 2.84140110E-02
 108860 1 7 0.00000000E+00 32 0.498847812 31 0.377261698 33 1.93395428E-02 30 5.74679002E-02 29 -3.21911392E-03 34 2.07750537E-02 27 2.95271017E-02
 108861 1 6 0.00000000E+00 32 0.606855571 31 0.284230441 33 1.60690527E-02 30 5.83617426E-02 29 9.23625287E-03 34 2.52469312E-02
 108862 1 7 0.00000000E+00 32 0.708827734 31 0.194206432 33 5.99783799E-03 30 4.76190448E-02 34 1.15091596E-02 29 7.07562082E-03 35 2.47641560E-02
 108863 1 7 0.00000000E+00 32 0.797086537 33 2.90174363E-03 31 0.115434833 30 3.87046188E-02 34 1.26033053E-02 29 7.45755527E-03 35 2.58114114E-02
 108864 1 7 0.00000000E+00 32 0.825051069 33 2.66781971E-02 31 5.77519238E-02 34 1.73747428E-02 30 3.26860175E-02 35 3.16230319E-02 29 8.83499812E-03
 108865 1 7 0.00000000E+00 32 0.762798727 33 9.10963491E-02 31 2.91788578E-02 34 2.79715285E-02 30 3.16478014E-02 35 4.50349711E-02 29 1.22717936E-02
 108891 1 5 0.00000000E+00 36 0.481194079 37 0.429900974 35 1.34316934E-02 38 4.72878888E-02 34 2.81853750E-02
 108892 1 5 0.00000000E+00 37 0.532893360 36 0.374789327 38 5.24158962E-02 35 1.25976736E-02 34 2.73037590E-02
 108893 1 4 0.00000000E+00 37 0.636000991 36 0.276329428 38 6.30311370E-02 35 2.46384554E-02
 108894 1 4 0.00000000E+00 37 0.724355936 36 0.183169007 38 7.38959312E-02 35 1.85791254E-02
 108895 1 4 0.00000000E+00 37 0.776778877 38 0.102141872 36 0.107375599 35 1.37036536E-02
 108896 1 5 0.00000000E+00 37 0.756879032 38 0.154928952 36 5.92369474E-02 35 9.57008079E-03 39 1.93849914E-02
 108897 1 5 0.00000000E+00 37 0.680371284 38 0.245087132 36 3.88081707E-02 35 1.31889479E-02 39 2.25444920E-02
 108898 1 5 0.00000000E+00 37 0.579490542 38 0.349022418 36 2.92350855E-02 35 1.68571007E-02 39 2.53948588E-02
 108899 1 5 0.00000000E+00 37 0.471480370 38 0.459956139 36 2.32749823E-02 39 2.63476688E-02 35 1.89408418E-02
 108900 1 5 0.00000000E+00 38 0.575821221 37 0.362166405 36 1.81989633E-02 39 2.49188412E-02 35 1.88945569E-02
 108901 1 4 0.00000000E+00 38 0.697308600 37 0.255511403 36 2.30671391E-02 39 2.41128262E-02
 108902 1 4 0.00000000E+00 38 0.816272080 37 0.149731442 39 1.90543029E-02 36 1.49421571E-02
 108903 1 4 0.00000000E+00 38 0.903721273 37 6.23477772E-02 39 2.46403161E-02 36 9.29065421E-03
 108904 1 4 0.00000000E+00 38 0.873921692 37 3.58298160E-02 39 7.26773217E-02 36 1.75711811E-02
 108905 1 4 0.00000000E+00 38 0.793428123 37 3.67397703E-02 39 0.139021188 36 3.08109317E-02
 108906 1 4 0.00000000E+00 38 0.710201740 39 0.206345037 37 4.08817828E-02 36 4.25714515E-02
 108914 1 4 0.00000000E+00 39 0.639593363 38 0.195280850 40 0.100761384 37 6.43643811E-02
 108927 1 5 0.00000000E+00 40 0.506323993 41 0.256718814 39 0.148758575 42 5.18201813E-02 43 3.63784246E-02
 108928 1 5 0.00000000E+00 40 0.483259261 41 0.301701277 39 0.125936076 42 5.01733199E-02 43 3.89300436E-02
 108929 1 5 0.00000000E+00 40 0.450370789 41 0.351657897 39 0.108250633 42 4.74424623E-02 43 4.22782116E-02
 108930 1 5 0.00000000E+00 41 0.405623019 40 0.410629809 42 4.32624593E-02 39 9.41027328E-02 43 4.63819951E-02
 108931 1 5 0.00000000E+00 41 0.462360740 40 0.366612583 42 3.74085605E-02 43 5.14278002E-02 39 8.21902975E-02
 108932 1 5 0.00000000E+00 41 0.520049036 40 0.320442736 42 2.99433544E-02 43 5.79457283E-02 39 7.16191456E-02
 108933 1 5 0.00000000E+00 41 0.575632691 40 0.274006903 42 2.14641746E-02 43 6.69650733E-02 39 6.19311780E-02
 108934 1 5 0.00000000E+00 41 0.623834670 40 0.229307547 42 1.34910578E-02 43 8.02376643E-02 39 5.31290583E-02
 108935 1 5 0.00000000E+00 41 0.656332791 42 8.79457034E-03 43 0.100412831 40 0.188770995 39 4.56888415E-02
 108936 1 5 0.00000000E+00 41 0.665260792 42 8.39982554E-03 43 0.118478380 40 0.169247851 44 3.86131518E-02
 108937 1 5 0.00000000E+00 41 0.640883207 43 0.161130324 42 1.82690807E-02 40 0.142577633 44 3.71397398E-02
 108938 1 5 0.00000000E+00 41 0.589979529 43 0.215175778 42 3.32203768E-02 40 0.124395154 44 3.72291468E-02
 108964 1 5 0.00000000E+00 45 0.705155194 46 0.140628576 44 0.114929073 47 9.73634887E-03 43 2.95508336E-02
 108965 1 4 0.00000000E+00 45 0.702507854 46 0.195070192 44 9.23834741E-02 47 1.00384913E-02
 108966 1 4 0.00000000E+00 45 0.646586239 46 0.275363833 47 1.14910854E-02 44 6.65588006E-02
 108967 1 4 0.00000000E+00 45 0.555048823 46 0.377278715 47 1.77266039E-02 44 4.99458835E-02
 108968 1 4 0.00000000E+00 46 0.489604563 45 0.446960658 47 2.64419615E-02 44 3.69928293E-02
 108969 1 4 0.00000000E+00 46 0.602274537 45 0.334965259 47 3.78371291E-02 44 2.49230582E-02
 108970 1 5 0.00000000E+00 46 0.698758066 45 0.228484944 47 5.18346913E-02 44 1.20426267E-02 48 8.87965970E-03
 108971 1 5 0.00000000E+00 46 0.748342097 45 0.146517709 47 9.01743174E-02 44 6.02107914E-03 48 8.94476380E-03
 108972 1 5 0.00000000E+00 46 0.722984254 45 0.100072175 47 0.156792939 48 1.26786185E-02 44 7.47200288E-03
 108973 1 4 0.00000000E+00 46 0.651583016 47 0.244826138 45 8.23501050E-02 48 2.12407745E-02
 108974 1 4 0.00000000E+00 46 0.561506927 47 0.340797871 45 7.05368966E-02 48 2.71583330E-02
 108975 1 4 0.00000000E+00 46 0.466838568 47 0.441466987 45 6.07402958E-02 48 3.09541300E-02
 108976 1 4 0.00000000E+00 47 0.545416117 46 0.371784270 45 5.04332222E-02 48 3.23664062E-02
 108977 1 4 0.00000000E+00 47 0.651449442 46 0.277979255 45 3.87155935E-02 48 3.18556875E-02
 108978 1 6 0.00000000E+00 47 0.752000868 46 0.184083387 48 1.79731306E-02 45 2.12555286E-02 49 7.30710058E-03 50 1.73799880E-02
 108979 1 6 0.00000000E+00 47 0.837477863 46 0.103905462 48 2.70485971E-02 45 9.77052376E-03 49 5.47601096E-03 50 1.63215138E-02
 108980 1 6 0.00000000E+00 47 0.848632395 46 5.52357025E-02 48 6.45599365E-02 45 5.93541982E-03 49 5.57660311E-03 50 2.00599413E-02
 108981 1 7 0.00000000E+00 47 0.777876914 48 0.131526470 46 3.98801304E-02 45 9.58047807E-03 49 4.06130776E-03 50 2.84298863E-02 51 8.64483789E-03
 108982 1 7 0.00000000E+00 47 0.683878899 48 0.210643277 46 3.57380137E-02 49 5.47046959E-03 50 3.77676263E-02 45 1.51351746E-02 51 1.13665173E-02
 108983 1 7 0.00000000E+00 47 0.587440014 48 0.293570638 46 3.38116884E-02 49 7.09819794E-03 50 4.58456576E-02 51 1.27976555E-02 45 1.94361508E-02
 108984 1 7 0.00000000E+00 47 0.493231237 48 0.379038066 46 3.19242142E-02 49 9.05857328E-03 50 5.21354452E-02 51 1.27203045E-02 45 2.18921658E-02
 108988 1 7 0.00000000E+00 48 0.733420491 47 0.151834100 49 2.73714773E-02 50 5.34147099E-02 51 1.28999248E-03 46 2.32347045E-02 52 9.43453796E-03
 108989 1 7 0.00000000E+00 48 0.793940663 49 4.40359153E-02 50 5.06699048E-02 47 8.37918594E-02 51 7.10675539E-03 52 3.93316010E-03 46 1.65217482E-02
 108990 1 8 0.00000000E+00 48 0.790732801 49 7.69289806E-02 50 5.04252836E-02 47 4.02023159E-02 51 2.64303256E-02 52 -2.88720336E-03 46 1.29880859E-02 54 5.17939264E-03
 108991 1 7 0.00000000E+00 48 0.723998129 49 0.126391768 50 5.33470027E-02 51 6.42984658E-02 47 2.96340324E-02 52 -5.17936563E-03 54 7.50995614E-03
 108992 1 7 0.00000000E+00 48 0.630625129 49 0.183489904 50 5.16651645E-02 51 0.110201150 47 2.34482717E-02 52 -7.96656124E-03 54 8.53694323E-03
 108993 1 8 0.00000000E+00 48 0.531796217 49 0.242050216 50 4.26932462E-02 51 0.159373179 52 -1.03548756E-02 47 1.83063447E-02 54 -7.21510092E-04 53 1.68571547E-02
 108994 1 8 0.00000000E+00 48 0.437525541 49 0.296317607 50 2.79794335E-02 51 0.217340887 52 -1.03294291E-02 47 1.56461522E-02 54 -2.37597176E-03 53 1.78957693E-02
 108995 1 8 0.00000000E+00 49 0.338520318 50 9.47434548E-03 48 0.349653542 51 0.283549458 52 -7.34106777E-03 54 -4.33503091E-03 47 1.30167203E-02 53 1.74617190E-02
 108996 1 8 0.00000000E+00 49 0.358703583 51 0.360080838 50 -7.65533932E-03 48 0.269741029 52 -4.28347965E-04 54 -6.35372754E-03 47 1.03336088E-02 53 1.55783547E-02
 108997 1 8 0.00000000E+00 51 0.448496610 49 0.348300368 50 -1.79612115E-02 48 0.198473051 52 1.07882172E-02 54 -8.01136158E-03 53 1.22715803E-02 47 7.64271757E-03
 108998 1 8 0.00000000E+00 51 0.548665464 49 0.305271655 50 -1.92409456E-02 52 2.57107615E-02 48 0.135662347 54 -8.56385008E-03 53 7.57225789E-03 47 4.92232479E-03
 108999 1 8 0.00000000E+00 51 0.656808376 49 0.236050427 50 -1.36753051E-02 52 4.28430587E-02 48 8.13418180E-02 54 -7.20659411E-03 53 1.39333669E-03 55 2.44489312E-03
 109000 1 8 0.00000000E+00 51 0.756949127 49 0.154408485 50 -5.96793136E-03 52 6.30014762E-02 54 2.25360179E-03 48 3.37747037E-02 53 -3.44607187E-03 55 -9.73411021E-04
 109001 1 8 0.00000000E+00 51 0.792030215 49 8.65298361E-02 52 9.45868418E-02 50 -4.09950793E-04 54 3.02147791E-02 48 2.28039501E-03 53 -7.78291200E-04 55 -4.45379177E-03
 109002 1 8 0.00000000E+00 51 0.718351424 52 0.142852902 49 5.19652516E-02 54 8.65555480E-02 50 7.51807180E-04 53 1.45503161E-02 48 -7.37442961E-03 55 -7.65283918E-03
 109003 1 8 0.00000000E+00 51 0.604959011 52 0.187255651 54 0.160683274 49 3.28686759E-02 50 -6.88360597E-04 53 3.30052078E-02 48 -7.71564990E-03 55 -1.03678089E-02
 109004 1 8 0.00000000E+00 51 0.490099400 54 0.247880444 52 0.214699402 49 1.93889905E-02 50 -2.89863604E-03 53 4.88826558E-02 55 -1.22620249E-02 48 -5.79024432E-03
 109005 1 8 0.00000000E+00 51 0.382611871 54 0.348663211 52 0.220245168 53 5.99937066E-02 49 9.69528779E-03 50 -4.66747116E-03 55 -1.29952421E-02 48 -3.54652130E-03
 109006 1 8 0.00000000E+00 54 0.464370161 51 0.284122258 52 0.202915788 53 6.46451339E-02 49 3.31351953E-03 50 -5.33783482E-03 55 -1.23808375E-02 48 -1.64820172E-03
 109007 1 8 0.00000000E+00 54 0.596293509 52 0.164534509 51 0.194063663 53 6.10464364E-02 55 -9.74407513E-03 49 -2.49217876E-04 50 -4.77196230E-03 56 -1.17286609E-03
 109008 1 8 0.00000000E+00 54 0.745756805 52 0.108288035 53 4.65150326E-02 51 0.111349784 55 -6.35063695E-03 49 -1.27375312E-03 50 -3.14745563E-03 56 -1.13782904E-03
 109009 1 8 0.00000000E+00 54 0.914438784 53 1.80735532E-02 52 3.76001522E-02 51 3.42099108E-02 55 -2.01144628E-03 49 -6.89753622E-04 50 -1.04569120E-03 56 -5.75495069E-04
 109010 1 8 0.00000000E+00 54 0.905603766 53 4.13212627E-02 52 1.02022877E-02 55 4.44908664E-02 51 -5.40955784E-03 56 3.38957994E-03 49 -5.08280180E-04 50 9.10099596E-04
 109011 1 8 0.00000000E+00 54 0.745208383 53 0.105261862 55 0.127995506 52 2.17110645E-02 51 -1.25721218E-02 56 1.11301662E-02 57 -2.05006349E-04 49 1.47015310E-03
 109012 1 8 0.00000000E+00 54 0.604521096 53 0.149564669 55 0.213000193 52 2.66353823E-02 51 -1.65440477E-02 56 2.16926169E-02 57 -1.90613454E-03 49 3.03623662E-03
 109013 1 8 0.00000000E+00 54 0.481547147 55 0.298994303 53 0.175097927 52 2.67452542E-02 56 3.56150083E-02 51 -1.78058371E-02 57 -4.85518808E-03 49 4.66136821E-03
 109014 1 8 0.00000000E+00 54 0.374214441 55 0.384401381 53 0.184079736 56 5.37672304E-02 52 2.33644750E-02 57 -8.94571748E-03 51 -1.69382356E-02 49 6.05670130E-03
 109015 1 8 0.00000000E+00 55 0.465622395 54 0.280758232 53 0.179664806 56 7.76576400E-02 57 -1.37254521E-02 52 1.76021494E-02 51 -1.45890582E-02 49 7.00929807E-03
 109016 1 8 0.00000000E+00 55 0.535362661 54 0.200345576 56 0.110154301 53 0.165510088 57 -1.79836191E-02 52 1.05881216E-02 51 -1.14108780E-02 49 7.43376324E-03
 109017 1 8 0.00000000E+00 55 0.580523908 56 0.155472696 54 0.133469686 53 0.145242587 57 -2.16073822E-02 52 5.57447877E-03 51 -5.74517110E-03 58 7.06920354E-03
 109018 1 8 0.00000000E+00 55 0.583650410 56 0.222511634 54 8.27515051E-02 53 0.123588361 57 -1.58825144E-02 52 5.58484055E-04 51 -2.56825844E-03 58 5.39036794E-03
 109019 1 8 0.00000000E+00 55 0.535809994 56 0.314416617 57 -2.88934284E-03 54 4.84430864E-02 53 0.102558203 52 -1.79916597E-03 58 3.53866629E-03 51 -7.80510745E-05
 109020 1 8 0.00000000E+00 55 0.446722806 56 0.429417163 57 1.31961675E-02 54 2.72804461E-02 53 8.22158009E-02 52 -2.06769537E-03 58 1.67513604E-03 51 1.56017207E-03
 109021 1 7 0.00000000E+00 56 0.563645363 55 0.333696216 57 2.58978475E-02 53 6.19071797E-02 54 1.50829405E-02 58 2.31950835E-04 52 -4.61483636E-04
 109022 1 7 0.00000000E+00 56 0.714928925 55 0.209552646 57 2.89714672E-02 53 3.98605689E-02 54 7.32119940E-03 58 -8.45666917E-04 52 2.10839644E-04
 109023 1 7 0.00000000E+00 56 0.883654594 55 8.13333094E-02 57 1.74312424E-02 53 1.59072001E-02 54 2.27510137E-03 58 -8.64068512E-04 52 2.62600224E-04
 109024 1 6 0.00000000E+00 56 0.947094202 57 3.22023034E-02 55 -3.08033009E-03 58 1.63107570E-02 53 5.35567990E-03 54 2.11741612E-03
 109025 1 6 0.00000000E+00 56 0.819404900 57 0.102238573 55 -1.09517546E-02 58 6.19257540E-02 53 1.90065503E-02 54 8.37600324E-03
 109026 1 6 0.00000000E+00 56 0.709833145 57 0.151286170 55 -1.63963083E-02 58 0.109656967 53 3.07588335E-02 54 1.48612009E-02
 109027 1 7 0.00000000E+00 56 0.614295006 57 0.177980140 55 -2.09116004E-02 58 0.142104656 53 3.69100124E-02 54 1.77530460E-02 60 3.18687484E-02
 109396 1 8 0.00000000E+00 30 0.398563683 29 0.326303422 31 0.272505373 28 -3.19368765E-03 27 -1.40258158E-02 32 -3.49819846E-03 26 9.11352970E-03 33 1.42316855E-02
 109397 1 8 0.00000000E+00 30 0.419509292 31 0.361107141 29 0.218816251 27 -1.41919469E-02 28 -3.44271329E-03 32 -2.43558292E-03 33 1.20227942E-02 26 8.61477945E-03
 109398 1 8 0.00000000E+00 31 0.467648864 30 0.392809391 29 0.135491803 32 1.50378502E-03 27 -1.11019453E-02 28 -3.17370333E-03 33 8.96540191E-03 26 7.85640255E-03
 109399 1 8 0.00000000E+00 31 0.583895862 30 0.329594761 29 7.28999451E-02 32 9.69337579E-03 27 -5.54107968E-03 28 -2.55678175E-03 33 5.19786775E-03 26 6.81603048E-03
 109400 1 8 0.00000000E+00 31 0.688867807 30 0.250768393 29 2.69358829E-02 32 2.65309028E-02 33 1.69764517E-03 27 9.18728358E-04 28 -1.64707238E-03 26 5.92770940E-03
 109401 1 7 0.00000000E+00 31 0.739671826 30 0.184252232 29 -2.09533656E-03 32 6.36234358E-02 33 1.89594261E-03 27 1.04614096E-02 28 2.19050259E-03
 109402 1 7 0.00000000E+00 31 0.709088743 30 0.147193089 32 0.127776608 29 -1.42074721E-02 33 6.88595464E-03 27 1.75688546E-02 28 5.69420122E-03
 109403 1 8 0.00000000E+00 31 0.632397652 30 0.126797095 32 0.206897631 29 -1.76843666E-02 33 4.84039402E-03 27 2.23676302E-02 28 8.09235591E-03 34 1.62915960E-02
 109404 1 8 0.00000000E+00 31 0.543549180 32 0.294170052 30 0.112478420 33 7.78603368E-03 29 -1.65718328E-02 27 2.67992541E-02 34 2.06129588E-02 28 1.11759109E-02
 109405 1 7 0.00000000E+00 31 0.453660101 32 0.385433108 30 0.100039557 33 9.17518791E-03 29 -9.73643921E-03 34 2.50211209E-02 27 3.64073850E-02
 109406 1 7 0.00000000E+00 32 0.477816820 31 0.366051108 33 8.04014597E-03 30 8.79255012E-02 29 -6.14972692E-03 34 2.78257653E-02 27 3.84903885E-02
 109407 1 6 0.00000000E+00 32 0.572015047 31 0.284708679 33 8.18986353E-03 30 8.72383490E-02 29 1.15456665E-02 34 3.63023877E-02
 109408 1 7 0.00000000E+00 32 0.650418401 31 0.205848575 33 3.58409365E-03 30 7.32221678E-02 34 1.86419375E-02 29 1.00735966E-02 35 3.82112414E-02
 109409 1 7 0.00000000E+00 32 0.710015714 33 1.01044616E-02 31 0.139655322 30 6.31585047E-02 34 2.17666645E-02 29 1.25407502E-02 35 4.27585952E-02
 109410 1 7 0.00000000E+00 32 0.727041185 33 3.38539816E-02 31 8.93006027E-02 30 5.56933135E-02 34 2.77525876E-02 35 5.08861542E-02 29 1.54721607E-02
 109438 1 4 0.00000000E+00 37 0.496051937 36 0.384133160 38 8.66159871E-02 35 3.31989303E-02
 109439 1 4 0.00000000E+00 37 0.575440228 36 0.294126719 38 0.100090921 35 3.03421021E-02
 109440 1 4 0.00000000E+00 37 0.638015509 36 0.213303477 38 0.121864624 35 2.68163886E-02
 109441 1 4 0.00000000E+00 37 0.669135094 38 0.159291431 36 0.147362277 35 2.42112037E-02
 109451 1 4 0.00000000E+00 38 0.806744337 37 1.96024850E-02 39 0.143132523 36 3.05206235E-02
 109452 1 5 0.00000000E+00 38 0.711677432 39 0.192942038 37 2.33686659E-02 36 3.46158147E-02 40 3.73960510E-02
 109453 1 4 0.00000000E+00 38 0.632282972 39 0.262897789 37 5.19632548E-02 40 5.28559573E-02
 109454 1 4 0.00000000E+00 38 0.553943753 39 0.328136355 37 5.83262444E-02 40 5.95936216E-02
 109455 1 4 0.00000000E+00 38 0.480351001 39 0.393608332 37 6.20338395E-02 40 6.40068054E-02
 109456 1 4 0.00000000E+00 39 0.459474206 38 0.410839498 37 6.32648021E-02 40 6.64215162E-02
 109457 1 4 0.00000000E+00 39 0.525470555 38 0.344940931 40 6.73584491E-02 37 6.22300841E-02
 109458 1 4 0.00000000E+00 39 0.590510190 38 0.282523125 40 6.77337423E-02 37 5.92329390E-02
 109459 1 4 0.00000000E+00 39 0.651879370 38 0.224065587 40 6.92649111E-02 37 5.47901429E-02
 109460 1 4 0.00000000E+00 39 0.703789234 38 0.171159595 40 7.52029642E-02 37 4.98482063E-02
 109461 1 4 0.00000000E+00 39 0.735962152 40 9.10445303E-02 38 0.126997933 37 4.59953956E-02
 109462 1 3 0.00000000E+00 39 0.743753731 40 0.132415339 38 0.123830944
 109472 1 5 0.00000000E+00 40 0.584279299 39 0.156458348 41 0.187413335 42 4.12262827E-02 43 3.06227431E-02
 109473 1 5 0.00000000E+00 40 0.571304023 41 0.225805253 39 0.128092632 42 4.06324677E-02 43 3.41656245E-02
 109474 1 5 0.00000000E+00 40 0.542972982 41 0.269956738 39 0.108234048 42 3.96650136E-02 43 3.91711965E-02
 109475 1 5 0.00000000E+00 40 0.504047394 41 0.318403482 39 9.43490490E-02 42 3.78727540E-02 43 4.53273542E-02
 109476 1 5 0.00000000E+00 40 0.458832085 41 0.369548261 42 3.49132344E-02 39 8.42063576E-02 43 5.25000691E-02
 109477 1 5 0.00000000E+00 41 0.421658546 40 0.410585195 42 3.06738913E-02 43 6.08664267E-02 39 7.62159303E-02
 109478 1 5 0.00000000E+00 41 0.472564250 40 0.361673385 42 2.53725592E-02 43 7.09761009E-02 39 6.94136992E-02
 109479 1 5 0.00000000E+00 41 0.519208372 40 0.313950151 42 1.96822658E-02 43 8.38065892E-02 39 6.33526295E-02
 109480 1 5 0.00000000E+00 41 0.557250559 40 0.269097090 42 1.48447799E-02 43 0.100804895 39 5.80027066E-02
 109511 1 4 0.00000000E+00 45 0.827584922 46 0.115286060 44 5.13387434E-02 47 5.79027506E-03
 109512 1 4 0.00000000E+00 45 0.754270732 46 0.198421344 47 1.30986795E-02 44 3.42092477E-02
 109513 1 4 0.00000000E+00 45 0.639802277 46 0.303946584 47 2.76302323E-02 44 2.86209267E-02
 109514 1 4 0.00000000E+00 45 0.519391000 46 0.410933971 47 4.51185592E-02 44 2.45564319E-02
 109515 1 4 0.00000000E+00 46 0.508552313 45 0.404688269 47 6.67204633E-02 44 2.00389754E-02
 109516 1 5 0.00000000E+00 46 0.582588971 45 0.300874740 47 8.89464915E-02 44 1.26092443E-02 48 1.49805536E-02
 109517 1 5 0.00000000E+00 46 0.620124638 45 0.219503433 47 0.133426264 48 1.63548626E-02 44 1.05907852E-02
 109518 1 5 0.00000000E+00 46 0.610771179 45 0.162162274 47 0.196210653 48 1.89941283E-02 44 1.18617918E-02
 109519 1 4 0.00000000E+00 46 0.566428185 47 0.277097613 45 0.130472064 48 2.60021295E-02
 109520 1 4 0.00000000E+00 46 0.497377098 47 0.367384523 45 0.105800092 48 2.94382833E-02
 109521 1 4 0.00000000E+00 47 0.465426326 46 0.417001635 45 8.65909457E-02 48 3.09811234E-02
 109522 1 4 0.00000000E+00 47 0.569903195 46 0.330946863 45 6.92350343E-02 48 2.99149081E-02
 109523 1 4 0.00000000E+00 47 0.680732727 46 0.241692439 45 5.17345630E-02 48 2.58402508E-02
 109524 1 6 0.00000000E+00 47 0.796072543 46 0.147987798 48 9.63921659E-03 45 2.99840476E-02 49 6.13876199E-03 50 1.01776216E-02
 109525 1 6 0.00000000E+00 47 0.922555089 46 5.54189906E-02 48 4.03631525E-03 45 1.07776420E-02 49 2.53896159E-03 50 4.67299065E-03
 109526 1 6 0.00000000E+00 47 0.941840172 46 6.38308004E-03 48 3.92691679E-02 45 3.88231501E-03 49 2.01932923E-03 50 6.60594925E-03
 109527 1 7 0.00000000E+00 47 0.821324050 48 0.125410065 46 1.27125466E-02 45 1.19829234E-02 49 1.67985284E-03 50 1.77823510E-02 51 9.10823513E-03
 109528 1 7 0.00000000E+00 47 0.708571851 48 0.212620750 46 1.74564123E-02 49 2.59299297E-03 50 2.71352641E-02 45 1.83771588E-02 51 1.32455770E-02
 109529 1 7 0.00000000E+00 47 0.602757096 48 0.300993145 46 2.03483310E-02 49 3.42721376E-03 50 3.42944823E-02 51 1.55344456E-02 45 2.26452798E-02
 109530 1 7 0.00000000E+00 47 0.502659917 48 0.391583532 46 2.15279963E-02 49 4.23441548E-03 50 3.91238779E-02 51 1.60782132E-02 45 2.47920211E-02
 109531 1 6 0.00000000E+00 48 0.487432092 47 0.410238713 49 5.48135862E-03 50 4.34070006E-02 46 3.55741978E-02 51 1.78666394E-02
 109532 1 7 0.00000000E+00 48 0.584981918 47 0.316559196 49 3.95327481E-03 50 3.80321369E-02 51 7.48451753E-03 46 3.03529259E-02 52 1.86360199E-02
 109533 1 7 0.00000000E+00 48 0.688390195 47 0.226656064 49 5.46116987E-03 50 3.49055342E-02 51 4.75537824E-03 46 2.49506067E-02 52 1.48810297E-02
 109534 1 7 0.00000000E+00 48 0.797137022 47 0.138482258 49 7.51557900E-03 50 2.84104459E-02 51 1.68031384E-03 46 1.71796400E-02 52 9.59473103E-03
 109535 1 7 0.00000000E+00 48 0.904044330 47 5.40978760E-02 49 1.17302369E-02 50 1.88170038E-02 51 3.67853383E-04 52 3.17293406E-03 46 7.76977092E-03
 109536 1 8 0.00000000E+00 48 0.906236708 49 3.93613912E-02 50 1.66892502E-02 47 9.23603121E-03 51 2.27828287E-02 52 -2.01064209E-03 46 5.29535348E-03 54 2.40905606E-03
 109537 1 7 0.00000000E+00 48 0.794920802 49 9.20607597E-02 50 2.34954916E-02 51 7.29069039E-02 47 1.30245127E-02 52 -3.98092531E-03 54 7.57247489E-03
 109538 1 7 0.00000000E+00 48 0.680801272 49 0.145248830 50 2.51573734E-02 51 0.127542809 47 1.65124554E-02 52 -6.20465074E-03 54 1.09419227E-02
 109539 1 8 0.00000000E+00 48 0.572066128 49 0.194816560 50 2.00814772E-02 51 0.183015615 52 -8.65912531E-03 47 1.61178689E-02 54 3.40510305E-04 53 2.22209524E-02
 109540 1 8 0.00000000E+00 48 0.473100841 49 0.236679196 51 0.247425869 50 1.13234082E-02 52 -9.29050893E-03 47 1.67254563E-02 54 -8.94169032E-04 53 2.49299090E-02
 109541 1 8 0.00000000E+00 48 0.382608235 51 0.319948733 49 0.265553325 50 2.85263086E-04 52 -8.19343049E-03 54 -2.50513759E-03 47 1.62999462E-02 53 2.60030627E-02
 109542 1 8 0.00000000E+00 51 0.402677298 49 0.275399148 50 -9.80143994E-03 48 0.300521344 52 -5.07624168E-03 54 -4.26664436E-03 53 2.54952200E-02 47 1.50513370E-02
 109543 1 8 0.00000000E+00 51 0.497532845 49 0.261425197 50 -1.59215108E-02 48 0.226487204 52 -1.93406653E-04 54 -5.86340623E-03 53 2.33973581E-02 47 1.31357173E-02
 109544 1 8 0.00000000E+00 51 0.606026769 49 0.222196102 50 -1.66886337E-02 48 0.159718096 52 5.38809365E-03 54 -6.85500167E-03 53 1.96124241E-02 47 1.06021315E-02
 109545 1 8 0.00000000E+00 51 0.729508162 49 0.160232872 50 -1.24127436E-02 52 9.30441916E-03 48 0.101739928 54 -8.39728490E-03 53 1.32249175E-02 55 6.79971417E-03
 109546 1 8 0.00000000E+00 51 0.867925167 49 8.04535598E-02 50 -6.01240154E-03 52 9.79493838E-03 54 -5.11604454E-03 48 4.40920666E-02 53 5.85827418E-03 55 3.00440984E-03
 109547 1 8 0.00000000E+00 51 0.963370323 49 6.68677548E-03 52 1.62480231E-02 50 -1.36083792E-04 54 1.23164840E-02 48 -1.09273230E-03 53 3.65857361E-03 55 -1.05139264E-03
 109548 1 8 0.00000000E+00 51 0.808760703 52 7.21148700E-02 54 8.36798325E-02 49 8.15838855E-03 50 -4.98432841E-04 53 3.31348740E-02 48 -6.68581342E-04 55 -4.68162820E-03
 109549 1 8 0.00000000E+00 51 0.666261375 54 0.162042931 52 0.114299417 49 6.49849372E-03 50 -1.43910036E-03 53 5.98544031E-02 48 7.59311311E-04 55 -8.27680994E-03
 109550 1 8 0.00000000E+00 51 0.537638664 54 0.248709470 52 0.139357239 53 8.30007195E-02 49 3.30212153E-03 50 -2.59288377E-03 55 -1.15522211E-02 48 2.13686610E-03
 109551 1 8 0.00000000E+00 51 0.421568990 54 0.345300347 52 0.145649076 53 0.101918980 49 1.57090573E-04 50 -3.50576011E-03 55 -1.42099829E-02 48 3.12125031E-03
 109552 1 8 0.00000000E+00 54 0.452841461 51 0.316682518 52 0.133123010 53 0.115664668 49 -2.07851199E-03 50 -3.83832818E-03 55 -1.59228314E-02 48 3.52801033E-03
 109553 1 8 0.00000000E+00 54 0.571066558 51 0.222549215 53 0.123442389 52 0.103570968 55 -1.59944724E-02 49 -2.25559669E-03 50 -2.91944901E-03 56 5.40371635E-04
 109554 1 8 0.00000000E+00 54 0.695154309 53 0.124212533 51 0.137034565 52 6.07356690E-02 55 -1.30450968E-02 49 -2.25688936E-03 50 -2.03710399E-03 56 2.02028852E-04
 109555 1 8 0.00000000E+00 54 0.798847795 53 0.124508172 52 1.49195185E-02 51 6.43968582E-02 55 -1.51687779E-03 49 -1.57993252E-03 50 -8.37496482E-04 56 1.26196153E-03
 109556 1 8 0.00000000E+00 54 0.793024778 53 0.151892126 52 -6.35965494E-03 55 3.75854410E-02 51 1.89216118E-02 56 5.62693924E-03 49 -1.11188716E-03 50 4.20641707E-04
 109557 1 8 0.00000000E+00 54 0.685444474 53 0.200829312 55 0.103969105 52 -2.42010597E-03 51 -9.44710744E-04 56 1.58297885E-02 49 8.56434403E-04 57 -3.56425927E-03
 109558 1 8 0.00000000E+00 54 0.563862205 53 0.238999099 55 0.177567974 52 4.01669461E-03 51 -1.06119476E-02 56 2.94195339E-02 57 -5.83885377E-03 49 2.58526998E-03
 109559 1 8 0.00000000E+00 54 0.452252507 53 0.258618563 55 0.252594590 52 7.75651494E-03 56 4.78784777E-02 51 -1.48749761E-02 57 -8.81426875E-03 49 4.58857883E-03
 109560 1 8 0.00000000E+00 54 0.354413390 55 0.325435281 53 0.260865867 56 7.20939487E-02 52 8.53698608E-03 57 -1.23800058E-02 51 -1.55878430E-02 49 6.62238523E-03
 109561 1 8 0.00000000E+00 55 0.391504139 54 0.270087957 53 0.249568179 56 0.103492536 57 -1.61121283E-02 52 7.03777047E-03 51 -1.40163880E-02 49 8.43793992E-03
 109562 1 7 0.00000000E+00 55 0.444321632 54 0.198457360 53 0.229703829 56 0.145052046 57 -1.82758886E-02 52 7.71498960E-03 51 -6.97395392E-03
 109563 1 8 0.00000000E+00 55 0.474112898 56 0.196993768 54 0.139422536 53 0.202915981 57 -2.37828605E-02 52 3.74494120E-03 51 -4.58147097E-03 58 1.11742094E-02
 109564 1 8 0.00000000E+00 55 0.472595751 56 0.267797977 53 0.175489306 54 9.36513990E-02 57 -2.11327821E-02 52 1.65449688E-03 51 -1.01172423E-03 58 1.09555870E-02
 109565 1 8 0.00000000E+00 55 0.435724705 56 0.357561231 57 -1.52163198E-02 53 0.148217663 54 6.03974946E-02 52 8.06459342E-04 58 1.04926992E-02 51 2.01607542E-03
 109566 1 8 0.00000000E+00 56 0.465653539 55 0.367896080 57 -8.46600346E-03 53 0.121753745 54 3.77007127E-02 52 1.11358659E-03 58 1.00378692E-02 51 4.31046868E-03
 109567 1 7 0.00000000E+00 56 0.589398921 55 0.278624147 57 -4.26041335E-03 53 9.70609486E-02 54 2.40696464E-02 58 1.05547821E-02 52 4.55196714E-03
 109568 1 7 0.00000000E+00 56 0.722579658 55 0.178363696 57 -5.74273011E-03 53 7.21052215E-02 54 1.46333473E-02 58 1.18675604E-02 52 6.19325973E-03
 109569 1 7 0.00000000E+00 56 0.845450878 55 8.03697705E-02 57 -9.51644778E-03 53 4.96485904E-02 54 8.73599946E-03 58 1.71430092E-02 52 8.16819351E-03
 109570 1 6 0.00000000E+00 56 0.884152234 55 1.64355207E-02 57 9.38705076E-03 53 3.98559086E-02 58 3.75728272E-02 54 1.25964722E-02
 109571 1 6 0.00000000E+00 56 0.815770090 57 5.56815714E-02 55 -5.15080243E-03 58 7.35863820E-02 53 4.34319079E-02 54 1.66808702E-02
 109572 1 6 0.00000000E+00 56 0.724033892 57 9.93672386E-02 55 -1.21727437E-02 58 0.115726516 53 5.07276282E-02 54 2.23174654E-02
 109941 1 8 0.00000000E+00 30 0.437070608 29 0.428997844 31 0.133811072 28 -5.18468488E-03 27 -1.64946890E-03 26 2.04105419E-03 32 -2.48711091E-04 25 5.16228564E-03
 109942 1 8 0.00000000E+00 30 0.533418000 29 0.284379303 31 0.189521953 27 -8.58706422E-03 28 -6.57844311E-03 32 -4.54219407E-04 26 2.66468734E-03 25 5.63575095E-03
 109943 1 8 0.00000000E+00 30 0.569709182 31 0.265002787 29 0.172000349 27 -1.18741794E-02 28 -5.08831674E-03 32 -9.35423130E-04 26 5.18127019E-03 33 6.00435538E-03
 109944 1 8 0.00000000E+00 30 0.536555946 31 0.361608654 29 9.54953954E-02 32 8.06903467E-03 27 -8.19369406E-03 28 -4.52492712E-03 33 4.76324325E-03 26 6.22636732E-03
 109945 1 8 0.00000000E+00 30 0.459729999 31 0.464082658 29 4.55469489E-02 32 2.35972945E-02 27 -5.57248655E-04 28 -3.24040418E-03 33 3.50741553E-03 26 7.33335037E-03
 109946 1 8 0.00000000E+00 31 0.549755096 30 0.371285588 29 1.24929454E-02 32 4.86852899E-02 27 7.70822866E-03 33 2.84165540E-03 28 -1.50717620E-03 26 8.73839576E-03
 109947 1 8 0.00000000E+00 31 0.595533609 30 0.293284684 29 -7.72596709E-03 32 8.82469267E-02 33 3.96850286E-03 27 1.50288194E-02 28 6.51917828E-04 26 1.10114738E-02
 109948 1 7 0.00000000E+00 31 0.592258632 30 0.235451445 32 0.145021722 29 -1.72300283E-02 33 8.32927600E-03 27 2.80194879E-02 28 8.14948883E-03
 109949 1 7 0.00000000E+00 31 0.550807357 30 0.194876969 32 0.214250222 29 -1.95110124E-02 33 1.30752772E-02 27 3.43423635E-02 28 1.21588316E-02
 109950 1 8 0.00000000E+00 31 0.487416029 32 0.288402766 30 0.163953438 33 3.04525974E-03 29 -1.95824020E-02 27 3.65123376E-02 28 1.32682053E-02 34 2.69843582E-02
 109951 1 8 0.00000000E+00 31 0.417445153 32 0.367922246 30 0.140325144 33 3.95544665E-03 29 -1.64862312E-02 27 3.93676199E-02 34 3.13954130E-02 28 1.60751902E-02
 109952 1 7 0.00000000E+00 32 0.447948694 31 0.346270472 30 0.120968029 33 4.76133591E-03 29 -6.96780859E-03 34 3.68904248E-02 27 5.01288697E-02
 109953 1 7 0.00000000E+00 32 0.523043931 31 0.276921034 33 5.45741292E-03 30 0.104068615 29 -2.47645378E-03 34 4.14168611E-02 27 5.15685901E-02
 109954 1 6 0.00000000E+00 32 0.591742039 31 0.215313777 33 1.26405377E-02 30 0.104340427 34 5.49415275E-02 29 2.10216790E-02
 109955 1 7 0.00000000E+00 32 0.629471958 33 1.78770293E-02 31 0.156281546 30 8.80538598E-02 34 3.06191910E-02 29 1.86773241E-02 35 5.90190887E-02
 109956 1 7 0.00000000E+00 32 0.642821252 33 3.87513675E-02 31 0.112007670 30 7.83690438E-02 34 3.70287970E-02 35 6.84293583E-02 29 2.25924999E-02
 109998 1 5 0.00000000E+00 38 0.690502465 39 0.208388001 37 2.26052273E-02 36 3.91846523E-02 40 3.93196791E-02
 109999 1 4 0.00000000E+00 38 0.617281437 39 0.278142184 37 5.09249046E-02 40 5.36514930E-02
 110000 1 4 0.00000000E+00 38 0.541539073 39 0.344131351 37 5.56659251E-02 40 5.86636625E-02
 110001 1 4 0.00000000E+00 38 0.468849540 39 0.411678821 37 5.82134649E-02 40 6.12581670E-02
 110002 1 4 0.00000000E+00 39 0.481092423 38 0.399031460 37 5.83817102E-02 40 6.14944287E-02
 110003 1 4 0.00000000E+00 39 0.552567065 38 0.331719071 40 5.95682934E-02 37 5.61455823E-02
 110004 1 4 0.00000000E+00 39 0.625846028 38 0.266627669 40 5.59321269E-02 37 5.15941493E-02
 110005 1 4 0.00000000E+00 39 0.699447155 38 0.203879803 40 5.16660735E-02 37 4.50069681E-02
 110006 1 4 0.00000000E+00 39 0.768458784 38 0.144795150 40 4.95852120E-02 37 3.71608622E-02
 110007 1 3 0.00000000E+00 39 0.823215008 40 6.36466593E-02 38 0.113138311
 110008 1 3 0.00000000E+00 39 0.826090336 40 9.51802135E-02 38 7.87294805E-02
 110018 1 5 0.00000000E+00 40 0.661538482 39 0.128619179 41 0.153110608 42 3.07342242E-02 43 2.59975139E-02
 110019 1 5 0.00000000E+00 40 0.643213987 41 0.190970674 39 0.103187256 42 3.09356116E-02 43 3.16924900E-02
 110020 1 5 0.00000000E+00 40 0.606327593 41 0.234824553 39 8.82484242E-02 42 3.11742015E-02 43 3.94252241E-02
 110021 1 5 0.00000000E+00 40 0.558857203 41 0.282155007 39 7.96675012E-02 42 3.08070835E-02 43 4.85132076E-02
 110022 1 5 0.00000000E+00 40 0.506653488 41 0.330777377 39 7.44572505E-02 42 2.94535402E-02 43 5.86583242E-02
 110059 1 4 0.00000000E+00 45 0.700496376 46 0.237339407 47 4.43046167E-02 44 1.78596023E-02
 110060 1 4 0.00000000E+00 45 0.574257553 46 0.336307436 47 6.87769800E-02 44 2.06580404E-02
 110061 1 4 0.00000000E+00 45 0.460557520 46 0.420509458 47 9.74192247E-02 44 2.15137862E-02
 110062 1 5 0.00000000E+00 46 0.479983479 45 0.358638406 47 0.121284522 44 1.65152960E-02 48 2.35783141E-02
 110063 1 5 0.00000000E+00 46 0.511935711 45 0.277573466 47 0.167845771 48 2.57428102E-02 44 1.69022363E-02
 110064 1 4 0.00000000E+00 46 0.514337778 45 0.222567096 47 0.230358824 48 3.27362940E-02
 110065 1 4 0.00000000E+00 46 0.483982384 47 0.303114474 45 0.177189618 48 3.57135162E-02
 110066 1 4 0.00000000E+00 46 0.432334960 47 0.386201382 45 0.143414184 48 3.80494557E-02
 110067 1 4 0.00000000E+00 47 0.477348179 46 0.367010415 45 0.116663389 48 3.89780067E-02
 110068 1 4 0.00000000E+00 47 0.574960113 46 0.293359697 45 9.36160535E-02 48 3.80641222E-02
 110069 1 4 0.00000000E+00 47 0.677617371 46 0.214828685 45 7.21746311E-02 48 3.53793092E-02
 110070 1 6 0.00000000E+00 47 0.779457808 46 0.132130638 48 2.26494595E-02 45 4.82222401E-02 49 8.08996148E-03 50 9.44991037E-03
 110071 1 6 0.00000000E+00 47 0.870874524 46 5.79393953E-02 48 2.93523241E-02 45 3.05445790E-02 49 5.48762316E-03 50 5.80157666E-03
 110072 1 6 0.00000000E+00 47 0.880807281 48 6.77580610E-02 46 1.62150506E-02 45 2.26744264E-02 49 5.06274262E-03 50 7.48242484E-03
 110073 1 7 0.00000000E+00 47 0.798251390 48 0.138418078 46 9.96087864E-03 45 2.37419270E-02 49 2.90659373E-04 50 1.39528895E-02 51 1.53841712E-02
 110074 1 7 0.00000000E+00 47 0.697386980 48 0.221535221 46 1.24583850E-02 49 6.17927406E-04 50 2.12603528E-02 45 2.74885353E-02 51 1.92525908E-02
 110075 1 7 0.00000000E+00 47 0.596741438 48 0.308312476 46 1.53040513E-02 49 7.80845236E-04 50 2.68179346E-02 51 2.18508113E-02 45 3.01924534E-02
 110076 1 7 0.00000000E+00 47 0.499431014 48 0.398279846 46 1.70613788E-02 49 7.47466227E-04 50 3.01517043E-02 51 2.30277311E-02 45 3.13008390E-02
 110077 1 6 0.00000000E+00 48 0.494452685 47 0.409489393 49 1.00479322E-03 50 3.34163047E-02 46 3.52525376E-02 51 2.63842959E-02
 110078 1 7 0.00000000E+00 48 0.592023790 47 0.316810608 49 -2.31094449E-03 50 2.58329641E-02 51 1.59897394E-02 46 3.02629471E-02 52 2.13909000E-02
 110079 1 7 0.00000000E+00 48 0.695640206 47 0.227901310 49 -2.70841154E-03 50 2.11941395E-02 51 1.45948529E-02 46 2.54904069E-02 52 1.78874843E-02
 110080 1 7 0.00000000E+00 48 0.804309368 47 0.140788823 49 -3.11498041E-03 50 1.33551704E-02 51 1.32333981E-02 46 1.84589643E-02 52 1.29692545E-02
 110081 1 7 0.00000000E+00 48 0.909063935 47 5.82358763E-02 49 -1.77151128E-03 50 2.93698977E-03 51 1.44183366E-02 52 7.07489485E-03 46 1.00414874E-02
 110082 1 8 0.00000000E+00 48 0.912093282 49 2.12828070E-02 50 4.67849441E-06 47 1.37873190E-02 51 3.74874398E-02 52 2.77188781E-04 46 7.83330388E-03 54 7.23399362E-03
 110083 1 7 0.00000000E+00 48 0.806509495 49 6.70759082E-02 50 6.77009067E-03 51 8.92186910E-02 47 1.84743218E-02 52 -1.25261617E-03 54 1.32040875E-02
 110084 1 8 0.00000000E+00 48 0.693455875 49 0.112361707 50 8.37374199E-03 51 0.142039254 47 1.94092467E-02 52 -4.25260607E-03 54 3.22794402E-03 53 2.53848378E-02
 110085 1 8 0.00000000E+00 48 0.588705480 49 0.152553231 51 0.202477738 50 6.85139420E-03 47 2.18776558E-02 52 -6.28204551E-03 54 2.87669501E-03 53 3.09398565E-02
 110086 1 8 0.00000000E+00 48 0.491992235 51 0.268857121 49 0.184433639 50 2.16726121E-03 52 -7.68036675E-03 47 2.31932849E-02 54 2.06651399E-03 53 3.49703357E-02
 110087 1 8 0.00000000E+00 48 0.403351426 51 0.342701554 49 0.204245389 50 -4.02812054E-03 52 -8.21950566E-03 54 9.75651026E-04 47 2.34060660E-02 53 3.75675261E-02
 110090 1 8 0.00000000E+00 51 0.621921957 49 0.159972712 50 -1.31897209E-02 48 0.182335898 52 -6.65867096E-03 54 -7.55423855E-04 53 3.76981124E-02 47 1.86751746E-02
 110091 1 8 0.00000000E+00 51 0.733815968 49 0.109493703 50 -1.03384741E-02 52 -7.51436083E-03 48 0.121794194 54 1.41402811E-03 53 3.57479379E-02 47 1.55870169E-02
 110092 1 8 0.00000000E+00 51 0.842451930 49 4.92947735E-02 50 -4.86663217E-03 52 -9.17210151E-03 54 6.69801468E-03 48 7.31054172E-02 53 3.40844765E-02 55 8.40411428E-03
 110093 1 8 0.00000000E+00 51 0.882866621 49 2.91195093E-03 52 1.16142549E-03 54 3.29781435E-02 50 -1.13667396E-03 53 4.24184315E-02 48 3.46603543E-02 55 4.13972372E-03
 110094 1 8 0.00000000E+00 51 0.795845211 54 8.92722532E-02 52 3.39094251E-02 49 -7.43550109E-03 50 -2.64864211E-04 53 6.74126372E-02 48 2.14120559E-02 55 -1.51215674E-04
 110095 1 8 0.00000000E+00 51 0.672684610 54 0.159629211 52 6.57977834E-02 49 -7.41995778E-03 53 9.70675349E-02 50 -5.34515071E-04 48 1.72658972E-02 55 -4.49059950E-03
 110096 1 8 0.00000000E+00 51 0.551485717 54 0.237727076 52 8.61286148E-02 53 0.126221150 49 -6.92890631E-03 50 -1.07818935E-03 48 1.51518313E-02 55 -8.70728400E-03
 110097 1 8 0.00000000E+00 51 0.438765347 54 0.322526366 52 9.22892541E-02 53 0.153738335 49 -6.72533270E-03 50 -1.57468335E-03 55 -1.24474801E-02 48 1.34282187E-02
 110098 1 8 0.00000000E+00 54 0.412792981 51 0.335629284 53 0.179185346 52 8.42185915E-02 49 -6.44303439E-03 50 -1.82665128E-03 55 -1.50967669E-02 48 1.15402425E-02
 110099 1 8 0.00000000E+00 54 0.504935920 53 0.203173608 51 0.244452685 52 6.39937073E-02 55 -1.61459483E-02 49 -3.52054392E-03 50 -3.21003463E-04 56 3.43155349E-03
 110100 1 8 0.00000000E+00 54 0.588734686 53 0.225707412 51 0.161571965 52 3.58734131E-02 55 -1.10987937E-02 49 -3.03642778E-03 50 -2.63981317E-04 56 2.51170131E-03
 110101 1 8 0.00000000E+00 54 0.641342640 53 0.251927197 51 9.30435061E-02 52 8.64984374E-03 55 3.99093097E-03 49 -2.36415211E-03 50 6.64274148E-06 56 3.40336771E-03
 110102 1 8 0.00000000E+00 54 0.633203387 53 0.287442297 51 4.38756384E-02 52 -6.96900906E-03 55 3.60272080E-02 56 7.67761422E-03 49 -1.75716577E-03 50 5.00024878E-04
 110103 1 8 0.00000000E+00 54 0.568330765 53 0.326150090 55 8.62007514E-02 52 -9.27077606E-03 51 1.39229344E-02 56 1.89045612E-02 49 3.68666893E-04 57 -4.60702600E-03
 110104 1 8 0.00000000E+00 54 0.480391026 53 0.352966189 55 0.145405382 52 -6.07673964E-03 51 -2.74778157E-03 56 3.48990224E-02 57 -7.24526774E-03 49 2.40818853E-03
 110105 1 8 0.00000000E+00 54 0.392410547 53 0.360743582 55 0.207782328 56 5.72140366E-02 52 -2.39265873E-03 51 -1.07964221E-02 57 -9.95965302E-03 49 4.99824993E-03
 110106 1 8 0.00000000E+00 53 0.350850731 54 0.312766641 55 0.268227965 56 8.63688514E-02 52 5.69292843E-06 51 -1.33269876E-02 57 -1.27573218E-02 49 7.86442962E-03
 110107 1 8 0.00000000E+00 53 0.328249454 55 0.321598500 54 0.243318647 56 0.123202041 57 -1.54260490E-02 52 9.13063122E-04 51 -1.25227803E-02 49 1.06671518E-02
 110108 1 7 0.00000000E+00 55 0.362471551 53 0.298874915 54 0.183915868 56 0.169992656 57 -1.63564216E-02 52 5.42970700E-03 51 -4.32828441E-03
 110109 1 7 0.00000000E+00 55 0.384066015 56 0.227281258 53 0.265297353 54 0.134745374 57 -1.69020351E-02 52 5.58126485E-03 51 -6.92063622E-05
 110110 1 8 0.00000000E+00 55 0.381288320 56 0.294177681 53 0.228993550 54 9.51083004E-02 57 -2.33805422E-02 52 3.78107047E-03 51 1.87608274E-03 58 1.81555413E-02
 110111 1 8 0.00000000E+00 55 0.353160590 56 0.377979249 53 0.195571005 54 6.52731359E-02 57 -2.12211329E-02 52 4.33312729E-03 51 5.49046835E-03 58 1.94135439E-02
 110112 1 8 0.00000000E+00 56 0.474122703 55 0.302094579 57 -1.87209230E-02 53 0.163957268 54 4.36398424E-02 52 5.47293806E-03 58 2.09074914E-02 51 8.52610637E-03
 110113 1 7 0.00000000E+00 56 0.578649223 55 0.234505668 57 -1.67782120E-02 53 0.136591300 54 3.09512336E-02 58 2.43783463E-02 52 1.17024137E-02
 110114 1 7 0.00000000E+00 56 0.681074262 55 0.159457535 57 -1.59968790E-02 53 0.110403642 54 2.12017205E-02 58 2.92481463E-02 52 1.46115832E-02
 110115 1 7 0.00000000E+00 56 0.761107743 55 8.90275314E-02 57 -1.15389796E-02 53 8.90453979E-02 54 1.50880367E-02 58 3.90531532E-02 52 1.82171427E-02
 110116 1 6 0.00000000E+00 56 0.789710224 55 3.99993919E-02 57 7.18527520E-03 53 7.82952458E-02 58 6.09129444E-02 54 2.38969158E-02
 110117 1 6 0.00000000E+00 56 0.759366989 57 3.73887122E-02 55 1.23997778E-02 58 8.99910182E-02 53 7.43483976E-02 54 2.65050940E-02
 110483 1 8 0.00000000E+00 29 0.805689752 30 3.85204442E-02 28 0.114358768 27 4.54688929E-02 31 -4.48349491E-03 26 -8.22555367E-03 25 6.89460989E-03 24 1.77658931E-03
 110484 1 8 0.00000000E+00 29 0.833265066 30 9.65949893E-02 28 4.61981371E-02 27 3.80866565E-02 31 -6.21841010E-03 26 -5.12971170E-03 25 -2.06421176E-03 24 -7.32542190E-04
 110485 1 8 0.00000000E+00 29 0.708009541 30 0.229560435 28 2.09076256E-02 31 1.41784856E-02 27 3.64926010E-02 26 -3.91250988E-03 25 -3.32542253E-03 32 -1.91077066E-03
 110486 1 8 0.00000000E+00 29 0.538880229 30 0.387801170 31 3.96147147E-02 28 1.02272406E-02 27 3.04255076E-02 26 -2.68523768E-03 25 -1.75330264E-03 32 -2.51034857E-03
 110487 1 8 0.00000000E+00 30 0.548039258 29 0.370234877 31 6.58663288E-02 27 1.75073575E-02 28 3.10174492E-03 26 -1.33931218E-03 32 -3.28477030E-03 25 -1.25483348E-04
 110488 1 8 0.00000000E+00 30 0.689181805 29 0.215724826 31 9.76339728E-02 27 1.22563692E-03 28 -2.08165497E-03 32 -3.00437724E-03 26 9.99329495E-05 25 1.21985644E-03
 110489 1 8 0.00000000E+00 30 0.748900115 29 0.101567909 31 0.154892921 27 -7.64761260E-03 28 -4.08287952E-03 32 1.26237620E-03 26 2.71462696E-03 33 2.39254092E-03
 110490 1 8 0.00000000E+00 30 0.688042700 31 0.248529911 29 4.42184657E-02 27 -1.45992939E-03 32 1.55374128E-02 28 -3.84639250E-03 26 5.71801886E-03 33 3.25980899E-03
 110491 1 8 0.00000000E+00 30 0.581470966 31 0.346671849 29 1.45549169E-02 32 3.69241722E-02 27 9.39886738E-03 28 -2.31646956E-03 33 4.42164531E-03 26 8.87407176E-03
 110492 1 8 0.00000000E+00 30 0.475179613 31 0.425620705 29 -3.97715718E-03 32 6.62876442E-02 27 1.91706978E-02 28 -2.32709834E-04 33 5.85150719E-03 26 1.20997159E-02
 110493 1 8 0.00000000E+00 31 0.472820938 30 0.383807093 29 -1.52073121E-02 32 0.105845131 27 2.68224105E-02 33 8.08646064E-03 28 2.20724102E-03 26 1.56180402E-02
 110494 1 8 0.00000000E+00 31 0.484405309 30 0.311405897 32 0.156387627 29 -2.03983430E-02 33 1.13556702E-02 27 3.24333571E-02 28 4.89138300E-03 26 1.95191186E-02
 110495 1 7 0.00000000E+00 31 0.466734231 30 0.256456435 32 0.217116416 29 -2.09232401E-02 33 1.68977547E-02 27 4.79299091E-02 28 1.57884900E-02
 110496 1 8 0.00000000E+00 31 0.425522804 30 0.212834865 32 0.279729962 33 2.56624701E-03 29 -2.07823496E-02 27 4.88442369E-02 28 1.63692795E-02 34 3.49149518E-02
 110497 1 8 0.00000000E+00 31 0.375113547 32 0.347489536 30 0.179695830 33 3.93280946E-03 29 -1.72367785E-02 27 5.13152555E-02 34 4.01432998E-02 28 1.95465107E-02
 110498 1 7 0.00000000E+00 32 0.414808512 31 0.320479125 30 0.153417543 33 6.30678795E-03 29 -6.00479264E-03 27 6.39232248E-02 34 4.70695905E-02
 110499 1 7 0.00000000E+00 32 0.476060063 31 0.265136331 33 9.33890510E-03 30 0.131477386 29 -7.91548344E-04 34 5.30301630E-02 27 6.57487214E-02
 110549 1 4 0.00000000E+00 39 0.571158648 38 0.316987246 40 5.74334748E-02 37 5.44206277E-02
 110550 1 4 0.00000000E+00 39 0.649534941 38 0.251375377 40 5.08410856E-02 37 4.82486077E-02
 110551 1 4 0.00000000E+00 39 0.732454836 38 0.186192825 40 4.17793542E-02 37 3.95729840E-02
 110552 1 4 0.00000000E+00 39 0.819196403 38 0.121403769 40 3.09199411E-02 37 2.84799021E-02
 110553 1 3 0.00000000E+00 39 0.904493392 40 2.59114783E-02 38 6.95951357E-02
 110554 1 3 0.00000000E+00 39 0.917387664 40 5.25583141E-02 38 3.00540067E-02
 110555 1 3 0.00000000E+00 39 0.829722226 40 0.135108903 38 3.51688825E-02
 110563 1 4 0.00000000E+00 40 0.742895544 39 0.135826588 41 9.19123441E-02 42 2.93655470E-02
 110564 1 4 0.00000000E+00 40 0.751197398 39 9.67568979E-02 41 0.120856598 42 3.11891101E-02
 110565 1 5 0.00000000E+00 40 0.719767392 41 0.153731793 39 7.47528374E-02 42 2.26986036E-02 43 2.90493742E-02
 110566 1 5 0.00000000E+00 40 0.669420838 41 0.198512986 39 6.74773827E-02 42 2.46791244E-02 43 3.99096459E-02
 110567 1 5 0.00000000E+00 40 0.610790372 41 0.245452955 39 6.57104030E-02 42 2.60684062E-02 43 5.19778877E-02
 110606 1 4 0.00000000E+00 45 0.601199865 46 0.276583999 47 9.57229063E-02 44 2.64932588E-02
 110607 1 4 0.00000000E+00 45 0.495847136 46 0.347185135 47 0.127598271 44 2.93694586E-02
 110608 1 5 0.00000000E+00 46 0.394984931 45 0.398544073 47 0.148011953 44 2.39244755E-02 48 3.45345810E-02
 110609 1 5 0.00000000E+00 46 0.422898859 45 0.320270270 47 0.194155127 48 3.72148678E-02 44 2.54608989E-02
 110610 1 4 0.00000000E+00 46 0.431347400 45 0.267757803 47 0.254334897 48 4.65598963E-02
 110611 1 4 0.00000000E+00 46 0.411580831 47 0.320636541 45 0.218326330 48 4.94562872E-02
 110612 1 4 0.00000000E+00 46 0.373367101 47 0.395345718 45 0.179350555 48 5.19366078E-02
 110613 1 4 0.00000000E+00 47 0.476542771 46 0.321909189 45 0.147758991 48 5.37890457E-02
 110614 1 4 0.00000000E+00 47 0.561890662 46 0.261867434 45 0.121034704 48 5.52072302E-02
 110615 1 4 0.00000000E+00 47 0.647763908 46 0.197400242 45 9.75597426E-02 48 5.72761148E-02
 110616 1 4 0.00000000E+00 47 0.726564944 46 0.133404210 48 6.31067529E-02 45 7.69240633E-02
 110617 1 6 0.00000000E+00 47 0.777853787 46 7.51395747E-02 48 6.78233504E-02 45 5.65136038E-02 49 1.08654462E-02 50 1.18042659E-02
 110618 1 6 0.00000000E+00 47 0.782883406 48 0.106897518 46 3.94367613E-02 45 4.72660325E-02 49 1.04944799E-02 50 1.30218035E-02
 110619 1 7 0.00000000E+00 47 0.733658254 48 0.161639675 46 2.25598887E-02 45 4.15342338E-02 49 -2.00832917E-04 50 1.50492769E-02 51 2.57595200E-02
 110620 1 7 0.00000000E+00 47 0.657837272 48 0.234610885 46 1.82796791E-02 49 -3.73120100E-04 50 1.96153838E-02 45 4.12702858E-02 51 2.87596174E-02
 110621 1 7 0.00000000E+00 47 0.572322249 48 0.314369887 46 1.78632475E-02 49 -6.69687230E-04 50 2.32506841E-02 51 3.13863717E-02 45 4.14772630E-02
 110622 1 7 0.00000000E+00 47 0.484879017 48 0.398540974 46 1.82288121E-02 49 -1.14451686E-03 50 2.51712222E-02 51 3.32768857E-02 45 4.10476066E-02
 110623 1 6 0.00000000E+00 48 0.489390552 47 0.403385639 49 -1.13043014E-03 50 2.81277001E-02 46 4.11974117E-02 51 3.90291102E-02
 110624 1 6 0.00000000E+00 48 0.579804778 47 0.318618178 49 -1.88278162E-03 50 2.53220461E-02 51 3.95101979E-02 46 3.86275873E-02
 110625 1 7 0.00000000E+00 48 0.670415699 47 0.234988227 49 -5.37503371E-03 50 1.41597101E-02 51 3.07433046E-02 46 3.17951813E-02 52 2.32729036E-02
 110626 1 7 0.00000000E+00 48 0.756665289 47 0.158108726 49 -3.86703340E-03 50 7.78672658E-03 51 3.51741314E-02 46 2.68121865E-02 52 1.93199441E-02
 110627 1 7 0.00000000E+00 48 0.818715394 47 9.26680788E-02 49 2.91759521E-03 50 1.44415128E-03 51 4.67175581E-02 52 1.51421996E-02 46 2.23950353E-02
 110628 1 8 0.00000000E+00 48 0.819117188 49 2.23284084E-02 47 4.99497168E-02 50 -1.67599460E-03 51 6.79679587E-02 52 3.78594245E-03 46 1.96449924E-02 54 1.88817922E-02
 110637 1 8 0.00000000E+00 51 0.688985348 49 7.93651491E-02 50 -7.22387247E-03 48 0.146114632 52 -1.19521469E-02 54 1.44120138E-02 53 6.41535372E-02 47 2.61453502E-02
 110638 1 8 0.00000000E+00 51 0.756837904 49 3.93137932E-02 50 -2.56912550E-03 52 -1.08529301E-02 54 2.40342300E-02 48 0.107799485 53 7.04711080E-02 55 1.49655547E-02
 110639 1 8 0.00000000E+00 51 0.773313522 49 8.28258879E-03 54 5.18593192E-02 52 -1.42511202E-03 50 -8.48097334E-05 53 8.54695886E-02 48 7.20705912E-02 55 1.05142882E-02
 110640 1 8 0.00000000E+00 51 0.724548161 54 9.66396630E-02 52 1.72075592E-02 49 -6.39230432E-03 53 0.110055663 50 1.18161459E-03 48 5.09672761E-02 55 5.79237845E-03
 110641 1 8 0.00000000E+00 51 0.636416197 54 0.153876558 52 3.74043286E-02 53 0.141043901 49 -1.05630625E-02 50 1.49856112E-03 48 3.94030772E-02 55 9.20472783E-04
 110642 1 8 0.00000000E+00 51 0.535908163 54 0.218427986 53 0.175163642 52 5.17307483E-02 49 -1.09186303E-02 50 1.35682616E-03 48 3.22266668E-02 55 -3.89537681E-03
 110643 1 8 0.00000000E+00 51 0.435590088 54 0.286998987 53 0.211119354 52 5.68094477E-02 49 -1.01420963E-02 50 1.04387640E-03 55 -8.24967399E-03 48 2.68300325E-02
 110644 1 8 0.00000000E+00 54 0.356217772 51 0.340495348 53 0.248792782 52 5.20995483E-02 49 -8.96834489E-03 50 7.12619221E-04 55 -1.13874897E-02 48 2.20377706E-02
 110645 1 8 0.00000000E+00 54 0.420826286 53 0.289723337 51 0.256911278 52 3.93928438E-02 55 -1.38266459E-02 49 -3.36977653E-03 50 3.01519316E-03 56 7.32751749E-03
 110646 1 8 0.00000000E+00 54 0.471145034 53 0.332925290 51 0.178122699 52 2.18399949E-02 55 -8.54489487E-03 49 -2.92206649E-03 50 2.16366048E-03 56 5.27030369E-03
 110647 1 8 0.00000000E+00 54 0.494291812 53 0.380126506 51 0.111643367 52 5.03548235E-03 55 4.90976684E-03 49 -2.42717960E-03 56 4.99612186E-03 50 1.42413401E-03
 110648 1 8 0.00000000E+00 54 0.480455577 53 0.428290755 51 6.01474829E-02 55 2.97734383E-02 52 -5.99555066E-03 56 8.25448893E-03 49 -1.92438543E-03 50 9.98189673E-04
 110649 1 8 0.00000000E+00 53 0.467295319 54 0.434668154 55 6.78344220E-02 51 2.46457141E-02 52 -9.65335686E-03 56 1.91864874E-02 49 1.82812088E-04 57 -4.15955763E-03
 110650 1 8 0.00000000E+00 53 0.484510452 54 0.373821437 55 0.114653707 52 -8.76092352E-03 51 3.22272116E-03 56 3.69888991E-02 57 -6.88631367E-03 49 2.45002168E-03
 110651 1 8 0.00000000E+00 53 0.476457000 54 0.311964631 55 0.165737689 56 6.26088083E-02 52 -6.12469018E-03 51 -7.39460811E-03 57 -9.05115809E-03 49 5.80231939E-03
 110652 1 8 0.00000000E+00 53 0.449253529 54 0.254879177 55 0.215717778 56 9.57183763E-02 52 -3.47816269E-03 51 -1.09231723E-02 57 -1.08796647E-02 49 9.71212890E-03
 110653 1 8 0.00000000E+00 53 0.411222160 54 0.203898713 55 0.259347200 56 0.136197045 57 -1.24478852E-02 52 -1.47370156E-03 51 -1.03721181E-02 49 1.36285713E-02
 110654 1 7 0.00000000E+00 53 0.369652361 55 0.292213202 54 0.159051791 56 0.185628891 57 -1.21236267E-02 52 5.99540630E-03 51 -4.18015901E-04
 110655 1 7 0.00000000E+00 55 0.309200764 53 0.326467663 56 0.243042246 54 0.120966196 57 -1.22058773E-02 52 8.07936210E-03 51 4.44966322E-03
 110656 1 8 0.00000000E+00 55 0.307188213 56 0.304927856 53 0.281770378 54 8.89868885E-02 57 -2.25885082E-02 52 7.02992408E-03 51 6.02779724E-03 58 2.66574528E-02
 110657 1 8 0.00000000E+00 56 0.380372763 55 0.286572784 53 0.242358401 54 6.41162172E-02 57 -2.20541675E-02 52 8.71444028E-03 51 1.02103939E-02 58 2.97091734E-02
 110658 1 8 0.00000000E+00 56 0.462704360 55 0.249028549 53 0.206194818 57 -2.09727436E-02 54 4.52271812E-02 52 1.06625911E-02 58 3.32142226E-02 51 1.39410170E-02
 110659 1 7 0.00000000E+00 56 0.547572553 55 0.199303046 57 -1.87694337E-02 53 0.176918879 54 3.51941101E-02 58 3.96189392E-02 52 2.01619323E-02
 110660 1 7 0.00000000E+00 56 0.624721050 55 0.144433945 57 -1.57397836E-02 53 0.149216294 54 2.61308048E-02 58 4.71477918E-02 52 2.40899008E-02
 110662 1 6 0.00000000E+00 56 0.705142796 55 5.55350259E-02 57 8.80322512E-03 53 0.114643618 54 3.44144404E-02 58 8.14609081E-02
 111028 1 8 0.00000000E+00 29 0.602556288 28 0.255918413 30 5.57111651E-02 27 9.38265100E-02 26 -1.61171295E-02 31 -5.12207532E-03 25 1.12907505E-02 24 1.93607912E-03
 111029 1 8 0.00000000E+00 29 0.660587430 30 9.89957601E-02 28 0.168661460 27 9.70135778E-02 31 -1.32587170E-02 26 -1.33008361E-02 25 1.36529584E-03 24 -6.39553764E-05
 111030 1 8 0.00000000E+00 29 0.659598708 30 0.177210987 28 0.100289673 27 9.37737450E-02 31 -1.48011278E-02 26 -1.07119279E-02 25 -4.32388065E-03 24 -1.03617564E-03
 111031 1 8 0.00000000E+00 29 0.579207540 30 0.299956709 28 5.73426671E-02 27 8.62385258E-02 31 -7.60446955E-03 26 -8.62552132E-03 25 -5.85055398E-03 24 -6.64905820E-04
 111032 1 8 0.00000000E+00 29 0.448220193 30 0.455465198 31 3.88817769E-03 27 7.26509690E-02 28 3.22404988E-02 26 -6.46834867E-03 25 -4.68745129E-03 32 -1.30922440E-03
 111033 1 8 0.00000000E+00 30 0.631148219 29 0.296835184 31 1.28561612E-02 27 5.12223095E-02 28 1.63278710E-02 26 -4.08383831E-03 32 -1.61180040E-03 25 -2.69409665E-03
 111034 1 8 0.00000000E+00 30 0.821752131 29 0.138627246 31 1.63912158E-02 27 2.23069452E-02 28 5.40473545E-03 26 -1.73105020E-03 32 -1.76293426E-03 25 -9.88310319E-04
 111035 1 8 0.00000000E+00 30 0.945419729 29 1.12358220E-02 31 4.00857218E-02 27 -4.68547107E-04 28 -1.58530707E-03 32 3.34429159E-03 26 8.30060220E-04 25 1.13825256E-03
 111036 1 8 0.00000000E+00 30 0.801420569 31 0.151559725 29 -1.77820621E-03 27 1.52680594E-02 28 -1.10392121E-03 32 2.37489305E-02 26 6.48239488E-03 33 4.40246426E-03
 111037 1 8 0.00000000E+00 30 0.665157557 31 0.249061257 29 -1.02684209E-02 27 2.79720481E-02 32 4.89385389E-02 28 1.57150964E-04 33 7.55952019E-03 26 1.14223389E-02
 111038 1 8 0.00000000E+00 30 0.547187150 31 0.324084252 29 -1.69304404E-02 32 7.98500553E-02 27 3.70981805E-02 28 2.10761093E-03 33 1.05156191E-02 26 1.60875954E-02
 111039 1 8 0.00000000E+00 30 0.448537141 31 0.372356683 29 -2.10543014E-02 32 0.117890015 27 4.34071347E-02 33 1.37061523E-02 28 4.51690145E-03 26 2.06402745E-02
 111040 1 8 0.00000000E+00 31 0.393001765 30 0.368657410 32 0.163396254 29 -2.23278012E-02 27 4.75433767E-02 33 1.73596535E-02 28 7.21331267E-03 26 2.51560342E-02
 111041 1 7 0.00000000E+00 31 0.390516073 30 0.305629402 32 0.216492206 29 -2.09353678E-02 33 2.34654341E-02 27 6.46027923E-02 28 2.02294607E-02
 111098 1 4 0.00000000E+00 39 0.828349411 38 0.110918857 40 3.29237096E-02 37 2.78080478E-02
 111099 1 3 0.00000000E+00 39 0.922793448 40 2.25024261E-02 38 5.47041073E-02
 111100 1 3 0.00000000E+00 39 0.941922307 40 4.58361544E-02 38 1.22415414E-02
 111101 1 3 0.00000000E+00 39 0.836916208 40 0.138374910 38 2.47089081E-02
 111102 1 4 0.00000000E+00 39 0.721873820 40 0.216791376 38 2.69908980E-02 41 3.43438871E-02
 111108 1 3 0.00000000E+00 40 0.772815585 39 0.168896675 41 5.82877584E-02
 111109 1 4 0.00000000E+00 40 0.838912785 39 9.29719880E-02 41 5.12129255E-02 42 1.69023145E-02
 111110 1 4 0.00000000E+00 40 0.846603394 39 5.52596189E-02 41 7.85617381E-02 42 1.95752773E-02
 111111 1 5 0.00000000E+00 40 0.793656647 39 4.61065769E-02 41 0.116934285 42 1.62997674E-02 43 2.70027313E-02
 111112 1 5 0.00000000E+00 40 0.724470258 41 0.164168403 39 4.94554862E-02 42 2.05005780E-02 43 4.14052792E-02
 111158 1 4 0.00000000E+00 47 0.395591885 46 0.323304832 45 0.211391881 48 6.97113946E-02
 111159 1 4 0.00000000E+00 47 0.465468556 46 0.283734202 45 0.177453861 48 7.33433589E-02
 111160 1 4 0.00000000E+00 47 0.536718309 46 0.236504793 45 0.148874134 48 7.79027417E-02
 111161 1 4 0.00000000E+00 47 0.604794800 46 0.185706988 45 0.124524876 48 8.49733576E-02
 111185 1 8 0.00000000E+00 51 0.677676201 54 6.24778084E-02 49 1.08611425E-02 52 -1.76061271E-03 50 2.94725248E-03 53 0.126003638 48 0.103912823 55 1.78817715E-02
 111186 1 8 0.00000000E+00 51 0.644948065 54 9.87835526E-02 53 0.152896255 52 9.54779238E-03 49 -2.71196943E-03 50 4.08951472E-03 48 7.95162469E-02 55 1.29305711E-02
 111187 1 8 0.00000000E+00 51 0.581628323 54 0.143747136 53 0.186336339 52 2.18945723E-02 49 -8.92237481E-03 50 4.58883494E-03 48 6.29757419E-02 55 7.75141129E-03
 111188 1 8 0.00000000E+00 51 0.502205551 54 0.193861991 53 0.225087941 52 3.12049966E-02 49 -1.08530605E-02 50 4.61564073E-03 48 5.13067991E-02 55 2.57012970E-03
 111189 1 8 0.00000000E+00 51 0.417393386 54 0.245426178 53 0.268635362 52 3.49067003E-02 49 -1.07295066E-02 50 4.33121622E-03 55 -2.21776753E-03 48 4.22544219E-02
 111190 1 8 0.00000000E+00 54 0.294215769 53 0.317343503 51 0.333436280 52 3.23235132E-02 49 -9.66997910E-03 50 3.83358169E-03 55 -5.92657272E-03 48 3.44439149E-02
 111191 1 8 0.00000000E+00 54 0.334923655 53 0.373518914 51 0.259955406 52 2.47523133E-02 55 -1.09732514E-02 49 -1.65843975E-03 50 7.12564029E-03 56 1.23557691E-02
 111192 1 8 0.00000000E+00 53 0.435249209 54 0.359804988 51 0.185918599 52 1.39380284E-02 55 -7.25201471E-03 49 -1.67676236E-03 50 5.32076880E-03 56 8.69717170E-03
 111193 1 8 0.00000000E+00 53 0.503156185 54 0.361985594 51 0.121106543 52 3.36410268E-03 55 2.24457658E-03 49 -1.63622561E-03 56 6.33165939E-03 50 3.44756013E-03
 111194 1 8 0.00000000E+00 53 0.570353627 54 0.339139193 51 6.77868426E-02 55 1.95063297E-02 52 -4.24856739E-03 56 7.17187859E-03 49 -1.53276045E-03 50 1.82342343E-03
 111195 1 8 0.00000000E+00 53 0.619179010 54 0.299439549 55 4.70272936E-02 51 2.85638664E-02 52 -7.61398207E-03 56 1.59811284E-02 49 2.19223904E-04 57 -2.79606530E-03
 111196 1 8 0.00000000E+00 53 0.628394425 54 0.257889211 55 8.41712505E-02 51 4.89026541E-03 52 -7.66355498E-03 56 3.50644998E-02 57 -5.38146542E-03 49 2.63537886E-03
 111197 1 8 0.00000000E+00 53 0.598687410 54 0.221577406 55 0.126922816 56 6.40067384E-02 51 -5.81760285E-03 52 -5.84104192E-03 57 -6.60570245E-03 49 7.06996955E-03
 111198 1 8 0.00000000E+00 53 0.548520982 54 0.188655093 55 0.169269472 56 0.100548789 52 -3.39042768E-03 51 -8.69130995E-03 57 -7.20751332E-03 49 1.22949397E-02
 111199 1 7 0.00000000E+00 53 0.493028820 54 0.157248616 55 0.206438556 56 0.144389957 57 -6.13238709E-03 52 5.19276457E-03 51 -1.66329555E-04
 111200 1 7 0.00000000E+00 53 0.436974376 55 0.233615577 54 0.127960891 56 0.193565786 57 -5.89626050E-03 52 8.94849282E-03 51 4.83112922E-03
 111201 1 7 0.00000000E+00 53 0.383902103 55 0.248180583 56 0.249090388 54 0.101456635 57 -5.26684988E-03 52 1.22685609E-02 51 1.03685772E-02
 111202 1 7 0.00000000E+00 55 0.248415485 56 0.310941547 53 0.334970325 54 7.84854144E-02 57 -4.01883246E-03 52 1.53353717E-02 51 1.58706866E-02
 111203 1 8 0.00000000E+00 56 0.370528102 55 0.233390749 53 0.286106318 54 5.85090742E-02 57 -1.92199536E-02 52 1.38477758E-02 51 1.60381477E-02 58 4.07997891E-02
 111204 1 8 0.00000000E+00 56 0.439769596 55 0.206518024 53 0.245981574 57 -1.83347836E-02 54 4.32900153E-02 52 1.64433774E-02 58 4.60284054E-02 51 2.03038007E-02
 111205 1 7 0.00000000E+00 56 0.508280814 55 0.170560151 53 0.215249285 57 -1.53331794E-02 54 3.69797871E-02 58 5.48736863E-02 52 2.93894447E-02
 111206 1 7 0.00000000E+00 56 0.567512572 55 0.130653203 57 -1.11704739E-02 53 0.185718969 54 2.92743407E-02 58 6.40036762E-02 52 3.40077020E-02
 111573 1 8 0.00000000E+00 29 0.423858434 28 0.408814728 27 0.127325460 30 5.12651429E-02 26 -1.98631715E-02 25 1.15856742E-02 31 -3.46600404E-03 24 4.79763927E-04
 111574 1 8 0.00000000E+00 29 0.484646350 28 0.305557966 27 0.150439560 30 8.77702087E-02 26 -1.84614770E-02 25 2.02312949E-03 31 -1.14034163E-02 24 -5.72323217E-04
 111575 1 8 0.00000000E+00 29 0.519921303 28 0.214100271 30 0.144118086 27 0.161068961 26 -1.69028826E-02 31 -1.73398312E-02 25 -3.90104903E-03 24 -1.06486562E-03
 111576 1 8 0.00000000E+00 29 0.512235940 30 0.228316694 28 0.141218528 27 0.160153493 31 -1.94212925E-02 26 -1.49248438E-02 25 -6.79643545E-03 24 -7.82061717E-04
 111577 1 8 0.00000000E+00 29 0.454285592 30 0.343845785 27 0.149518088 28 8.89901072E-02 31 -1.73023343E-02 26 -1.24833109E-02 25 -7.10736914E-03 24 2.53441336E-04
 111578 1 8 0.00000000E+00 30 0.485754728 29 0.356205523 27 0.130090460 28 5.38171120E-02 31 -1.49332043E-02 26 -9.34104528E-03 25 -5.34827542E-03 32 3.75469751E-03
 111579 1 8 0.00000000E+00 30 0.645497680 29 0.235353589 31 -1.20079080E-02 27 0.103503741 28 3.05042248E-02 26 -5.75479679E-03 25 -2.61588837E-03 32 5.51932678E-03
 111580 1 8 0.00000000E+00 30 0.805128336 29 0.108602799 31 -8.41012876E-03 27 7.27186278E-02 28 1.48973837E-02 26 -2.07395037E-03 32 8.87652952E-03 25 2.60400760E-04
 111581 1 8 0.00000000E+00 30 0.882496059 29 1.49258580E-02 31 2.12599859E-02 27 5.15420474E-02 28 5.20702032E-03 32 1.87556725E-02 26 1.86541583E-03 25 3.94794950E-03
 111582 1 8 0.00000000E+00 30 0.802289426 31 0.100040704 29 -1.17888646E-02 27 5.24214990E-02 28 3.92262498E-03 32 3.50993499E-02 26 9.11729690E-03 33 8.89797043E-03
 111583 1 8 0.00000000E+00 30 0.686621308 31 0.181801736 29 -1.87854245E-02 27 5.80022782E-02 32 6.03643954E-02 28 3.95143032E-03 26 1.51857696E-02 33 1.28585212E-02
 111584 1 8 0.00000000E+00 30 0.577998757 31 0.248054370 29 -2.17698142E-02 32 9.05137062E-02 27 6.23200238E-02 28 5.29602636E-03 33 1.67115517E-02 26 2.08753757E-02
 111585 1 8 0.00000000E+00 30 0.483517379 31 0.294003278 29 -2.26926748E-02 32 0.125945747 27 6.49552718E-02 28 7.41685415E-03 33 2.06288416E-02 26 2.62253098E-02
 111646 1 3 0.00000000E+00 39 0.849685967 40 0.102191336 38 4.81226891E-02
 111647 1 3 0.00000000E+00 39 0.787751019 40 0.170828164 38 4.14208099E-02
 111648 1 4 0.00000000E+00 39 0.692069173 40 0.238540500 38 3.48680913E-02 41 3.45222391E-02
 111649 1 4 0.00000000E+00 39 0.596725702 40 0.325066417 38 3.74369845E-02 41 4.07708921E-02
 111650 1 4 0.00000000E+00 39 0.501703799 40 0.415241510 38 3.86183187E-02 41 4.44363505E-02
 111651 1 4 0.00000000E+00 40 0.509054482 39 0.408334047 41 4.50708307E-02 38 3.75406630E-02
 111653 1 3 0.00000000E+00 40 0.716110110 39 0.239628538 41 4.42613661E-02
 111654 1 3 0.00000000E+00 40 0.823445022 39 0.144690514 41 3.18644680E-02
 111655 1 3 0.00000000E+00 40 0.933315217 39 5.01766987E-02 41 1.65080894E-02
 111656 1 4 0.00000000E+00 40 0.934967518 39 1.54030910E-02 41 3.90114710E-02 42 1.06179090E-02
 111657 1 4 0.00000000E+00 40 0.847200513 39 3.09718624E-02 41 9.49153379E-02 42 2.69122832E-02
 111658 1 5 0.00000000E+00 40 0.758940876 41 0.136085793 39 4.02056538E-02 42 1.94001682E-02 43 4.53675129E-02
 111732 1 8 0.00000000E+00 51 0.570466220 54 9.56567377E-02 53 0.192576438 52 6.73590740E-03 49 4.10122710E-04 50 8.17854702E-03 48 0.104873925 55 2.11021081E-02
 111733 1 8 0.00000000E+00 51 0.523098946 54 0.129954442 53 0.228806138 52 1.42583074E-02 49 -6.05093688E-03 50 8.62205401E-03 48 8.55124816E-02 55 1.57985408E-02
 111734 1 8 0.00000000E+00 51 0.460593462 54 0.166941255 53 0.271571279 52 2.00923216E-02 49 -8.92510545E-03 50 8.64280388E-03 48 7.06568360E-02 55 1.04271704E-02
 111735 1 8 0.00000000E+00 51 0.390435040 53 0.321133316 54 0.203181803 52 2.25977879E-02 49 -9.59031843E-03 50 8.29384942E-03 55 5.31208096E-03 48 5.86364344E-02
 111736 1 8 0.00000000E+00 53 0.378366262 54 0.234536842 51 0.318142027 52 2.12194603E-02 49 -9.01835598E-03 50 7.61060044E-03 55 9.54092771E-04 48 4.81890552E-02
 111737 1 8 0.00000000E+00 53 0.446309984 54 0.256352097 51 0.255847842 52 1.68639850E-02 55 -7.83614535E-03 49 1.40219845E-03 50 1.20963054E-02 56 1.89637449E-02
 111738 1 8 0.00000000E+00 53 0.523015678 54 0.262293160 51 0.187143326 52 1.02068651E-02 55 -6.45667873E-03 49 6.92508009E-04 50 9.42003634E-03 56 1.36851091E-02
 111739 1 8 0.00000000E+00 53 0.610713243 54 0.247927547 51 0.124296866 52 3.49304406E-03 55 -1.68462005E-03 56 8.76739901E-03 49 8.59750071E-05 50 6.40053069E-03
 111740 1 8 0.00000000E+00 53 0.704435110 54 0.212483123 51 6.90166429E-02 55 7.45691778E-03 52 -1.69789407E-03 56 5.56498719E-03 49 -4.92636696E-04 50 3.23376153E-03
 111741 1 8 0.00000000E+00 53 0.779477179 54 0.167163968 55 2.39459537E-02 51 2.53309570E-02 52 -4.43050079E-03 56 9.07901023E-03 49 3.39976250E-04 57 -9.06553469E-04
 111742 1 8 0.00000000E+00 53 0.779136896 54 0.140584394 55 5.40104173E-02 51 1.71439874E-03 56 2.93048844E-02 52 -4.64519532E-03 57 -3.09519935E-03 49 2.98940670E-03
 111743 1 8 0.00000000E+00 53 0.714749217 54 0.132033572 55 9.24105197E-02 56 6.28421530E-02 51 -5.40197268E-03 52 -3.18837445E-03 57 -2.70800944E-03 49 9.26288869E-03
 111744 1 8 0.00000000E+00 53 0.636827469 54 0.123297714 55 0.129930407 56 0.102554910 51 -5.85330697E-03 52 -9.54538875E-04 57 -1.84415153E-03 49 1.60414744E-02
 111745 1 7 0.00000000E+00 53 0.563182354 54 0.110483177 55 0.162414178 56 0.147787169 51 5.88748371E-03 52 9.43013281E-03 57 8.15497478E-04
 111746 1 7 0.00000000E+00 53 0.494913459 55 0.185998902 54 9.54133123E-02 56 0.196051553 57 2.06676498E-03 52 1.38182677E-02 51 1.17377350E-02
 111747 1 7 0.00000000E+00 53 0.433511823 55 0.199253872 56 0.248402447 54 7.96776265E-02 57 3.49364872E-03 52 1.78689416E-02 51 1.77916456E-02
 111748 1 7 0.00000000E+00 53 0.378759474 56 0.304522187 55 0.201254740 54 6.47072196E-02 57 5.37862908E-03 52 2.16746535E-02 51 2.37030722E-02
 112117 1 8 0.00000000E+00 28 0.701372683 29 0.196838111 27 7.55442679E-02 26 -1.81972329E-02 25 2.36576218E-02 30 1.68143194E-02 24 -4.52561129E-04 31 4.42280527E-03
 112118 1 8 0.00000000E+00 28 0.579141617 29 0.262548506 27 0.135464773 26 -1.62778087E-02 30 3.58974859E-02 25 7.02862069E-03 24 -1.78970315E-03 31 -2.01349426E-03
 112119 1 8 0.00000000E+00 28 0.453115970 29 0.324179798 27 0.186522603 30 6.49282932E-02 26 -1.63940135E-02 25 -1.49374874E-03 24 -2.46722251E-03 31 -8.39169417E-03
 112120 1 8 0.00000000E+00 29 0.372229695 28 0.338769943 27 0.221638083 30 0.107667588 26 -1.76910646E-02 25 -6.17287727E-03 31 -1.40580423E-02 24 -2.38333084E-03
 112121 1 8 0.00000000E+00 29 0.397086322 28 0.242238805 27 0.238553286 30 0.168556064 26 -1.84254330E-02 31 -1.80379115E-02 25 -8.44098162E-03 24 -1.53014541E-03
 112122 1 8 0.00000000E+00 29 0.390214741 30 0.251197755 27 0.238482714 28 0.165920630 26 -1.76212657E-02 31 -1.94325522E-02 25 -8.80893972E-03 24 4.69151819E-05
 112123 1 8 0.00000000E+00 29 0.348847538 30 0.355831861 27 0.224625111 28 0.109293878 31 -1.79911572E-02 26 -1.52070764E-02 25 -7.60244811E-03 24 2.20230175E-03
 112124 1 8 0.00000000E+00 30 0.477436036 29 0.278611571 27 0.200755566 28 6.93350062E-02 31 -1.40192341E-02 26 -1.15888445E-02 25 -5.23511274E-03 24 4.70500067E-03
 112125 1 8 0.00000000E+00 30 0.602996111 29 0.190580592 27 0.169821933 31 -1.44995917E-02 28 4.15121540E-02 26 -6.09045150E-03 25 -5.52380749E-04 32 1.62316319E-02
 112126 1 8 0.00000000E+00 30 0.710932255 29 0.102470770 31 -2.19050259E-03 27 0.139099732 28 2.31169891E-02 26 -1.00494130E-03 32 2.38921661E-02 25 3.68355680E-03
 112127 1 8 0.00000000E+00 30 0.759326518 29 3.54429670E-02 31 2.86549740E-02 27 0.115583859 28 1.14327865E-02 26 4.16278467E-03 32 3.68776917E-02 25 8.51841178E-03
 112128 1 8 0.00000000E+00 30 0.729534149 31 8.10615793E-02 29 5.78708656E-04 27 0.102557011 28 9.62129701E-03 32 4.75813597E-02 26 1.34228431E-02 33 1.56430472E-02
 112129 1 8 0.00000000E+00 30 0.655982971 31 0.141370282 29 -1.35085089E-02 27 9.68437046E-02 32 7.10074976E-02 28 8.28351267E-03 26 2.02071927E-02 33 1.98133700E-02
 112130 1 8 0.00000000E+00 30 0.571569920 31 0.195063695 29 -1.86400991E-02 27 9.34378356E-02 32 9.89795029E-02 28 8.88639316E-03 26 2.65743900E-02 33 2.41283365E-02
 112131 1 8 0.00000000E+00 30 0.490797848 31 0.235544607 29 -1.97100230E-02 32 0.131160125 27 9.05495435E-02 28 1.06282961E-02 33 2.85499673E-02 26 3.24796401E-02
 112193 1 3 0.00000000E+00 39 0.720099211 40 0.211338356 38 6.85624406E-02
 112194 1 3 0.00000000E+00 39 0.652534664 40 0.283770680 38 6.36946484E-02
 112195 1 4 0.00000000E+00 39 0.563187778 40 0.343362212 38 4.94425334E-02 41 4.40074690E-02
 112196 1 4 0.00000000E+00 39 0.478279412 40 0.428684682 38 4.77380268E-02 41 4.52979058E-02
 112197 1 4 0.00000000E+00 40 0.518861949 39 0.392040730 41 4.41100523E-02 38 4.49872725E-02
 112198 1 4 0.00000000E+00 40 0.613774002 39 0.305700421 41 4.00688574E-02 38 4.04567420E-02
 112199 1 3 0.00000000E+00 40 0.720292866 39 0.236784384 41 4.29227799E-02
 112200 1 3 0.00000000E+00 40 0.821154952 39 0.147711724 41 3.11333369E-02
 112201 1 3 0.00000000E+00 40 0.911531270 39 6.62054941E-02 41 2.22632419E-02
 112202 1 3 0.00000000E+00 40 0.918107212 39 3.34228128E-02 41 4.84700054E-02
 112282 1 8 0.00000000E+00 53 0.426871300 54 0.181881979 51 0.298397571 52 1.60688646E-02 49 -7.56365666E-03 55 9.42439027E-03 50 1.20987156E-02 48 6.28208295E-02
 112283 1 8 0.00000000E+00 53 0.501323283 54 0.190126285 51 0.247616008 52 1.36296805E-02 55 -3.88951181E-03 49 5.46767795E-03 50 1.80208981E-02 56 2.77057067E-02
 112288 1 8 0.00000000E+00 53 0.908114672 54 3.70752439E-02 55 2.77029779E-02 51 -1.94162352E-03 56 2.38217395E-02 52 -5.14620158E-04 57 7.67099613E-04 49 4.97451331E-03
 112289 1 8 0.00000000E+00 53 0.796541929 54 5.88816851E-02 55 6.53321743E-02 56 6.33098781E-02 51 -2.16413452E-03 52 9.08830727E-04 57 3.37461079E-03 49 1.38150211E-02
 112290 1 7 0.00000000E+00 53 0.699245214 54 6.85845315E-02 55 9.96287614E-02 56 0.105815396 51 8.78127571E-03 52 1.06958468E-02 57 7.24899117E-03
 112291 1 7 0.00000000E+00 53 0.613294423 54 6.99147880E-02 55 0.127709463 56 0.149446875 51 1.46017326E-02 52 1.55404210E-02 57 9.49229393E-03
 112292 1 7 0.00000000E+00 53 0.537919879 54 6.58294931E-02 55 0.148440674 56 0.195383117 57 1.15253478E-02 51 2.07176302E-02 52 2.01838780E-02
 112293 1 7 0.00000000E+00 53 0.471732467 55 0.160747096 56 0.243674025 54 5.87870963E-02 57 1.36407167E-02 51 2.68354639E-02 52 2.45831497E-02
 112663 1 8 0.00000000E+00 28 0.769974053 27 0.106395468 29 0.114947617 26 -9.70085384E-04 25 -2.37279804E-03 30 1.71607025E-02 24 -3.20579414E-03 31 -1.92916521E-03
 112664 1 8 0.00000000E+00 28 0.608920991 27 0.193021432 29 0.179149598 26 -2.90267781E-05 25 -8.18775035E-03 30 3.82397175E-02 24 -4.68804641E-03 31 -6.42692065E-03
 112665 1 8 0.00000000E+00 28 0.466109186 27 0.263135016 29 0.233569652 26 -5.72216371E-03 30 6.93213195E-02 25 -1.08901029E-02 24 -4.81130928E-03 31 -1.07115991E-02
 112666 1 8 0.00000000E+00 28 0.345410198 27 0.309999198 29 0.273491204 30 0.113610156 26 -1.29234195E-02 25 -1.17698107E-02 31 -1.41321486E-02 24 -3.68536380E-03
 112667 1 8 0.00000000E+00 27 0.331152201 29 0.293930680 28 0.247665480 30 0.173798889 26 -1.77697577E-02 25 -1.13027710E-02 31 -1.59541983E-02 24 -1.52052508E-03
 112668 1 8 0.00000000E+00 29 0.290826321 27 0.329073638 30 0.250837922 28 0.171931699 26 -1.88390277E-02 31 -1.55496206E-02 25 -9.71841626E-03 24 1.43747870E-03
 112669 1 8 0.00000000E+00 30 0.342678636 29 0.263397455 27 0.309549421 28 0.115690053 26 -1.66101567E-02 31 -1.24622304E-02 25 -7.18290173E-03 24 4.93969768E-03
 112670 1 8 0.00000000E+00 30 0.443207711 29 0.215627238 27 0.279163390 28 7.54293948E-02 31 -6.05387148E-03 26 -1.22773247E-02 25 -3.88674065E-03 24 8.79019406E-03
 112671 1 8 0.00000000E+00 30 0.538731277 29 0.154655576 27 0.242061630 28 4.66170497E-02 31 -7.87600968E-03 26 -4.85000340E-03 25 2.78092665E-03 32 2.78795622E-02
 112672 1 8 0.00000000E+00 30 0.615772307 29 9.41572189E-02 27 0.207052380 31 7.54660321E-03 28 2.75123008E-02 26 1.48329034E-03 32 3.84287722E-02 25 8.04712065E-03
 112673 1 8 0.00000000E+00 30 0.653226435 29 4.50519882E-02 27 0.177531287 31 3.47814485E-02 28 1.50818378E-02 26 7.66118849E-03 32 5.30109778E-02 25 1.36548271E-02
 112674 1 8 0.00000000E+00 30 0.644181848 29 1.33143021E-02 31 7.38694444E-02 27 0.155695438 28 7.48518901E-03 26 1.35049531E-02 32 7.23804832E-02 25 1.95683576E-02
 112743 1 4 0.00000000E+00 40 0.517548025 39 0.375011235 41 5.00311293E-02 38 5.74095808E-02
 112744 1 4 0.00000000E+00 40 0.602900028 39 0.298027784 41 4.65583615E-02 38 5.25138043E-02
 112745 1 3 0.00000000E+00 40 0.698481143 39 0.245833710 41 5.56851476E-02
 112746 1 3 0.00000000E+00 40 0.777406335 39 0.171760559 41 5.08330874E-02
 112747 1 3 0.00000000E+00 40 0.834059715 39 0.111596458 41 5.43438233E-02
 112748 1 3 0.00000000E+00 40 0.843598008 39 7.93457404E-02 41 7.70562664E-02
 112837 1 7 0.00000000E+00 53 0.637709320 54 3.97948660E-02 55 0.101901352 56 0.151141152 51 2.66027637E-02 52 2.30852272E-02 57 1.97653174E-02
 112838 1 7 0.00000000E+00 53 0.562783897 54 4.22031954E-02 55 0.119819537 56 0.193389043 57 2.21987106E-02 51 3.19375135E-02 52 2.76680831E-02
 113207 1 8 0.00000000E+00 28 0.804153681 26 7.43525550E-02 25 0.109937735 27 1.44372545E-02 24 4.82212333E-03 29 -1.49460719E-03 30 -2.87010148E-03 23 -3.33861704E-03
 113208 1 8 0.00000000E+00 28 0.870854139 27 6.05023541E-02 26 5.04286811E-02 25 1.60809942E-02 29 5.35568874E-03 24 6.93324255E-04 30 5.72654535E-04 23 -4.48782369E-03
 113209 1 8 0.00000000E+00 28 0.732256532 27 0.165390700 26 4.69905660E-02 29 5.81268892E-02 25 -6.12804852E-03 24 -3.02259112E-03 30 1.18452357E-02 23 -5.45928907E-03
 113210 1 8 0.00000000E+00 28 0.574753344 27 0.272089839 26 3.35232690E-02 29 0.113007084 25 -1.21186990E-02 30 3.44895199E-02 24 -7.05988193E-03 31 -8.68447963E-03
 113211 1 8 0.00000000E+00 28 0.435166806 27 0.360471994 29 0.158061683 26 1.38541562E-02 30 6.42126873E-02 25 -1.39788305E-02 24 -6.69884915E-03 31 -1.10896491E-02
 113212 1 8 0.00000000E+00 27 0.418141097 28 0.319074929 29 0.191068754 26 -4.42507118E-03 30 0.106616221 25 -1.35779111E-02 24 -4.53058677E-03 31 -1.23674432E-02
 113213 1 8 0.00000000E+00 27 0.440002799 28 0.227507651 29 0.209368929 30 0.163385764 26 -1.55805564E-02 25 -1.18157743E-02 31 -1.18634971E-02 24 -1.00530556E-03
 113214 1 8 0.00000000E+00 27 0.430829823 29 0.210768089 30 0.233630821 28 0.158365443 26 -1.88101307E-02 31 -9.07867774E-03 25 -9.12646204E-03 24 3.42110102E-03
 113215 1 8 0.00000000E+00 27 0.400990009 30 0.313639641 29 0.194961980 28 0.107735835 26 -1.64347105E-02 31 -3.53377452E-03 25 -5.71994158E-03 24 8.36094655E-03
 113216 1 8 0.00000000E+00 30 0.396982938 27 0.360554308 29 0.164670512 28 7.15090632E-02 26 -1.11341029E-02 31 5.58350375E-03 25 -1.73805002E-03 24 1.35718463E-02
 113217 1 8 0.00000000E+00 30 0.474454194 27 0.317061156 29 0.125580505 28 4.61675860E-02 31 1.97960064E-02 26 -4.75016423E-03 25 2.69950507E-03 24 1.89912040E-02
 113218 1 8 0.00000000E+00 30 0.530372024 27 0.272171259 29 8.28273520E-02 31 1.67035740E-02 28 2.73425486E-02 26 5.83395828E-03 25 1.30723240E-02 32 5.16769588E-02
 113749 1 8 0.00000000E+00 25 0.707815588 28 0.194923356 24 2.63261758E-02 26 7.60390908E-02 27 -7.44262990E-03 22 -4.58225654E-03 23 5.72334866E-05 29 6.86346460E-03
 113750 1 8 0.00000000E+00 25 0.538452148 28 0.311920196 26 0.125221387 24 3.71835530E-02 27 -7.15735508E-03 29 3.04105901E-03 22 -6.97194785E-03 23 -1.68904546E-03
 113751 1 8 0.00000000E+00 28 0.431302696 25 0.384523094 26 0.162334785 24 3.52749862E-02 27 7.68988277E-04 29 -2.94460799E-03 22 -7.53009785E-03 23 -3.72986053E-03
 113752 1 8 0.00000000E+00 28 0.547734141 25 0.247291759 26 0.180726677 27 2.08787452E-02 24 2.62180101E-02 29 -9.96080413E-03 23 -5.82822738E-03 22 -7.06026796E-03
 113753 1 8 0.00000000E+00 28 0.642093003 26 0.177124709 25 0.131459430 27 6.22149035E-02 24 1.35451360E-02 29 -1.02928495E-02 30 -5.54257119E-03 23 -1.06017329E-02
 113754 1 8 0.00000000E+00 28 0.665927470 26 0.156837165 27 0.135756180 25 5.03784753E-02 29 2.12876985E-05 24 4.21932200E-03 30 -2.15016934E-03 23 -1.09897461E-02
 113755 1 8 0.00000000E+00 28 0.594514191 27 0.245665208 26 0.127035782 25 9.95750818E-03 29 2.92396676E-02 24 -2.06687045E-03 30 6.32350054E-03 23 -1.06689828E-02
 113756 1 8 0.00000000E+00 28 0.478604704 27 0.369161934 26 8.68065059E-02 29 6.48832172E-02 25 -6.22748118E-03 30 2.13436317E-02 24 -5.04945405E-03 23 -9.52304993E-03
 113757 1 8 0.00000000E+00 27 0.478276104 28 0.360865295 26 4.11427617E-02 29 9.85970795E-02 30 5.05771078E-02 25 -1.12838326E-02 24 -8.11549928E-03 31 -1.00590354E-02
 113758 1 8 0.00000000E+00 27 0.547741652 28 0.259897739 26 5.44517022E-03 29 0.124275938 30 8.86480138E-02 25 -1.17672076E-02 24 -4.82063415E-03 31 -9.42069944E-03
 113759 1 8 0.00000000E+00 27 0.564661264 28 0.182674319 29 0.141109288 26 -1.33649940E-02 30 0.141286105 25 -9.99804679E-03 24 1.78759656E-04 31 -6.54669944E-03
 113760 1 8 0.00000000E+00 27 0.540006518 28 0.126968920 30 0.205746293 29 0.146901757 26 -1.75701994E-02 25 -7.02854525E-03 31 -1.18741568E-03 24 6.16269745E-03
 113761 1 8 0.00000000E+00 27 0.493417382 30 0.276567668 29 0.140578464 28 8.72025117E-02 26 -1.39122279E-02 31 6.85883919E-03 25 -3.25824041E-03 24 1.25456080E-02
 113762 1 8 0.00000000E+00 27 0.439135671 30 0.347417742 29 0.123559333 28 5.88186346E-02 26 -7.23409746E-03 31 1.81881357E-02 25 1.10020163E-03 24 1.90143883E-02
 113763 1 8 0.00000000E+00 30 0.411295295 27 0.385113418 29 9.95215774E-02 28 3.87713499E-02 26 7.91227285E-05 31 3.38407718E-02 25 5.89247327E-03 24 2.54859850E-02
 114293 1 8 0.00000000E+00 25 0.856716990 24 0.114018209 28 -1.59170816E-03 26 6.55353907E-03 22 2.58061523E-03 27 8.81213113E-04 21 2.41363794E-02 23 -3.29525955E-03
 114294 1 8 0.00000000E+00 25 0.829670191 24 8.90707970E-02 28 4.37130220E-02 26 5.30406609E-02 27 -5.23196766E-03 22 -4.20021918E-03 23 -3.07028345E-03 21 -2.99221021E-03
 114295 1 8 0.00000000E+00 25 0.666709721 24 0.100048997 28 0.139176771 26 0.122807421 27 -8.71147215E-03 22 -7.69546861E-03 23 -3.20497202E-03 21 -9.13097244E-03
 114296 1 8 0.00000000E+00 25 0.506101727 28 0.240206644 26 0.192321017 24 9.32242423E-02 27 -5.00281947E-03 22 -1.34696877E-02 23 -4.00475506E-03 29 -9.37635079E-03
 114297 1 8 0.00000000E+00 25 0.363043278 28 0.334725201 26 0.252174586 24 7.45517462E-02 27 7.80744152E-03 29 -1.34270154E-02 22 -1.28561854E-02 23 -6.01905724E-03
 114298 1 8 0.00000000E+00 28 0.417213500 26 0.292496115 25 0.238963008 27 3.78256366E-02 24 5.02626076E-02 29 -1.70319211E-02 23 -8.70049000E-03 22 -1.10284798E-02
 114299 1 8 0.00000000E+00 28 0.473002970 26 0.303789824 27 9.62096155E-02 25 0.137867793 24 2.48274691E-02 29 -1.25933886E-02 23 -1.54839531E-02 30 -7.62032950E-03
 114300 1 8 0.00000000E+00 28 0.481472850 26 0.281181335 27 0.188902378 25 6.56232014E-02 24 8.08241963E-03 29 -4.70018899E-03 30 -5.37681160E-03 23 -1.51851792E-02
 114301 1 8 0.00000000E+00 28 0.435444951 27 0.317315459 26 0.228207305 25 2.26691905E-02 29 1.17235668E-02 24 -1.59578642E-03 30 -1.20007775E-04 23 -1.36446655E-02
 114302 1 8 0.00000000E+00 27 0.467349440 28 0.352091014 26 0.154050440 25 1.65059255E-03 29 3.20856571E-02 24 -5.35741216E-03 30 9.50429961E-03 23 -1.13740424E-02
 114303 1 8 0.00000000E+00 27 0.610977530 28 0.256840408 26 7.39233345E-02 29 5.15601113E-02 25 -6.43685460E-03 30 2.67383829E-02 24 -5.27086668E-03 23 -8.33204109E-03
 114304 1 8 0.00000000E+00 27 0.699703515 28 0.174160853 26 1.18789459E-02 29 7.03771189E-02 30 6.17093332E-02 25 -7.74502801E-03 24 -4.23384458E-03 31 -5.85089996E-03
 114305 1 8 0.00000000E+00 27 0.700462043 28 0.118482463 26 -1.24319317E-02 29 8.65738541E-02 30 0.111555040 25 -6.52550021E-03 24 2.41877721E-03 31 -5.34749823E-04
 114306 1 8 0.00000000E+00 27 0.646984637 28 8.30351412E-02 30 0.172942385 26 -1.35220727E-02 29 9.68543068E-02 25 -3.81606072E-03 31 7.47828558E-03 24 1.00433584E-02
 114307 1 8 0.00000000E+00 27 0.577412426 30 0.237560779 28 5.83462454E-02 29 9.81986374E-02 26 -7.01728556E-03 31 1.77725498E-02 25 -4.53970461E-05 24 1.77720282E-02
 114308 1 8 0.00000000E+00 27 0.507526755 30 0.299690485 29 9.10575613E-02 28 4.03138883E-02 26 9.72115668E-04 31 3.06967795E-02 25 4.45458386E-03 24 2.52878070E-02
 114309 1 8 0.00000000E+00 27 0.442970127 30 0.354431599 29 7.79008269E-02 28 2.71882601E-02 26 8.57588649E-03 31 4.69504409E-02 25 9.43396706E-03 24 3.25489007E-02
 114838 1 8 0.00000000E+00 25 0.612706363 24 0.308194667 26 -9.79527831E-04 28 -3.36976745E-03 22 1.49334772E-02 21 7.42182061E-02 23 -9.72195435E-03 27 4.01853444E-03
 114839 1 8 0.00000000E+00 25 0.660854042 24 0.280574858 26 3.52559872E-02 28 3.44522111E-03 22 1.41844619E-03 23 -8.32350645E-03 21 2.94878129E-02 27 -2.71283998E-03
 114840 1 8 0.00000000E+00 25 0.639137685 24 0.247202054 26 9.54201967E-02 28 3.81537750E-02 22 -7.21897371E-03 27 -8.51563830E-03 23 -5.56785846E-03 21 1.38876471E-03
 114841 1 8 0.00000000E+00 25 0.545870721 24 0.214731991 26 0.176775858 28 9.94656011E-02 27 -1.17861880E-02 22 -1.09749716E-02 23 -3.11209541E-03 21 -1.09709175E-02
 114842 1 8 0.00000000E+00 25 0.427557617 26 0.267000347 24 0.172491595 28 0.173338830 27 -6.55955216E-03 22 -1.75476409E-02 23 -2.13196431E-03 29 -1.41492290E-02
 114843 1 8 0.00000000E+00 26 0.354196489 25 0.312085629 28 0.238488585 24 0.125474706 27 6.83120918E-03 23 -4.24231309E-03 22 -1.60763599E-02 29 -1.67579371E-02
 114844 1 8 0.00000000E+00 26 0.423489451 28 0.290171117 25 0.208549500 27 3.91254872E-02 24 7.82476440E-02 23 -8.29448085E-03 22 -1.30663123E-02 29 -1.82224121E-02
 114845 1 8 0.00000000E+00 26 0.454179943 28 0.320015937 27 0.102607563 25 0.123596862 24 3.83182168E-02 29 -1.70171671E-02 23 -1.19434018E-02 22 -9.75797046E-03
 114846 1 8 0.00000000E+00 26 0.428462178 28 0.320463061 27 0.210072339 25 6.22118227E-02 24 9.86634754E-03 29 -7.57044042E-03 23 -1.61012001E-02 30 -7.40410667E-03
 114847 1 8 0.00000000E+00 27 0.358765721 26 0.349180937 28 0.287460804 25 2.44806614E-02 24 -2.71765050E-03 29 6.47205045E-04 30 -5.00978250E-03 23 -1.28079178E-02
 114848 1 8 0.00000000E+00 27 0.539909720 26 0.236431450 28 0.224991143 25 5.12907887E-03 29 9.86999739E-03 24 -6.25539897E-03 30 -1.01393834E-03 23 -9.06204712E-03
 114849 1 8 0.00000000E+00 27 0.736253202 26 0.110188119 28 0.143771365 29 1.72201041E-02 25 -2.17600213E-03 30 5.80763444E-03 24 -4.87304479E-03 23 -6.19137054E-03
 114850 1 8 0.00000000E+00 27 0.875160038 26 8.17759428E-03 28 7.06116110E-02 29 2.56682876E-02 30 2.65151635E-02 25 -3.11471778E-03 24 -1.62361737E-03 23 -1.39433681E-03
 114851 1 8 0.00000000E+00 27 0.825657487 26 -7.77857145E-03 28 4.67968807E-02 29 4.46634814E-02 30 8.02387372E-02 25 -2.45921779E-03 24 6.54990505E-03 31 6.33129803E-03
 114852 1 8 0.00000000E+00 27 0.730148673 28 3.64318080E-02 26 -4.67104837E-04 30 0.141604707 29 5.97243458E-02 25 -1.63943623E-04 24 1.57431327E-02 31 1.69783775E-02
 114853 1 8 0.00000000E+00 27 0.638914824 30 0.201648146 28 2.76638232E-02 26 7.98915792E-03 29 6.67543933E-02 25 3.53401760E-03 31 2.90136617E-02 24 2.44820081E-02
 115382 1 8 0.00000000E+00 24 0.385418028 25 0.380309701 21 0.198069513 22 6.38254657E-02 26 -2.93370616E-02 23 -1.33195752E-02 28 1.94019452E-03 27 1.30937360E-02
 115383 1 8 0.00000000E+00 24 0.437114209 25 0.416531146 22 4.36951295E-02 21 0.132050797 26 -1.86216086E-02 23 -1.49850706E-02 28 -3.11497715E-03 27 7.33037200E-03
 115384 1 8 0.00000000E+00 24 0.468738496 25 0.447687924 26 5.68618858E-03 22 2.01099869E-02 28 -3.63386702E-03 21 7.45267048E-02 23 -1.45022403E-02 27 1.38680183E-03
 115385 1 8 0.00000000E+00 24 0.463009298 25 0.463798761 26 5.20642102E-02 28 5.69562661E-03 22 5.40418725E-04 23 -1.05780549E-02 21 3.01917400E-02 27 -4.72200150E-03
 115386 1 8 0.00000000E+00 25 0.449440688 24 0.416480482 26 0.125979424 28 3.01215034E-02 22 -1.00906761E-02 23 -3.54228099E-03 27 -1.04771564E-02 21 2.08799494E-03
 115387 1 8 0.00000000E+00 25 0.399287075 24 0.345004767 26 0.223948866 28 6.79411590E-02 27 -1.44450106E-02 22 -1.32494261E-02 23 3.28104943E-03 21 -1.17684966E-02
 115388 1 8 0.00000000E+00 25 0.325218707 26 0.337206006 24 0.264356464 28 0.110166416 27 -1.41971251E-02 22 -1.26207601E-02 23 6.28707744E-03 21 -1.64167788E-02
 115389 1 8 0.00000000E+00 26 0.455977768 25 0.240974396 24 0.180878177 28 0.152553588 27 -2.26750807E-03 23 4.45284462E-03 22 -1.70072652E-02 29 -1.55620081E-02
 115390 1 8 0.00000000E+00 26 0.565505266 28 0.177305207 25 0.160217643 24 0.105315745 27 2.25455053E-02 23 -2.42925133E-03 22 -1.29143987E-02 29 -1.55457538E-02
 115391 1 8 0.00000000E+00 26 0.630852342 28 0.186609671 27 7.95299038E-02 25 9.12534222E-02 24 4.38718013E-02 23 -9.54511017E-03 22 -8.62422306E-03 29 -1.39477756E-02
 115392 1 8 0.00000000E+00 26 0.601369202 27 0.191135243 28 0.182953522 25 4.31374907E-02 24 7.90851004E-03 29 -1.11030843E-02 23 -1.00540156E-02 22 -5.34687378E-03
 115393 1 8 0.00000000E+00 26 0.486514121 27 0.356299967 28 0.162685558 25 1.59404334E-02 24 -5.82679268E-03 29 -4.36317315E-03 23 -5.91563154E-03 30 -5.33447275E-03
 115394 1 8 0.00000000E+00 27 0.552638769 26 0.336448640 28 0.119791858 25 2.86780577E-03 24 -7.27467332E-03 29 -1.67912408E-03 30 -3.58058722E-03 23 7.87277124E-04
 115395 1 8 0.00000000E+00 27 0.767883062 26 0.177994460 28 5.67814857E-02 25 -1.17073534E-03 29 -1.07073097E-03 24 -4.25110338E-03 30 -1.22201256E-03 23 5.05553884E-03
 115396 1 8 0.00000000E+00 27 0.940821052 26 4.36421260E-02 28 -5.48729254E-03 29 5.97068982E-04 30 1.09837893E-02 25 -1.89045459E-04 24 2.12358063E-04 23 9.41996742E-03
 115397 1 8 0.00000000E+00 27 0.860854745 26 2.56933589E-02 28 -4.55977488E-03 30 6.78417459E-02 29 2.10525561E-02 25 7.57562113E-04 24 3.07372143E-03 23 2.52861045E-02
 115398 1 8 0.00000000E+00 27 0.758059144 26 3.18993628E-02 28 8.64354733E-05 30 0.118709780 29 3.59658971E-02 25 3.20852036E-03 24 2.41441485E-02 31 2.79267263E-02
 115399 1 8 0.00000000E+00 27 0.664172769 26 3.46371494E-02 28 1.94757897E-03 30 0.172638521 29 4.56018485E-02 25 7.12289894E-03 24 3.31353620E-02 31 4.07438911E-02
 115927 1 8 0.00000000E+00 24 0.376728624 25 0.261188447 21 0.282199442 22 0.107673123 23 -1.63583234E-02 26 -2.62466520E-02 28 7.45241577E-03 20 7.36291381E-03
 115928 1 8 0.00000000E+00 24 0.463764012 25 0.276485264 22 9.50263888E-02 21 0.204490349 23 -1.69798210E-02 26 -3.01488061E-02 28 -1.93728972E-03 27 9.29990318E-03
 115929 1 8 0.00000000E+00 24 0.557040691 25 0.283077061 22 6.64254650E-02 21 0.131944835 26 -2.12269351E-02 23 -1.74062140E-02 28 -4.69211908E-03 27 4.83719725E-03
 115930 1 8 0.00000000E+00 24 0.638332367 25 0.280296713 22 2.96077188E-02 26 1.25135854E-03 23 -1.61311906E-02 21 6.96852654E-02 28 -3.34394514E-03 27 3.01702967E-04
 115931 1 8 0.00000000E+00 24 0.659014046 25 0.275978684 26 5.12715168E-02 22 -3.84986895E-04 23 -9.17075947E-03 28 4.40983102E-03 21 2.36830413E-02 27 -4.80139349E-03
 115932 1 8 0.00000000E+00 24 0.586632848 25 0.274184227 26 0.138816565 22 -1.17881503E-02 28 1.98043548E-02 23 5.37595246E-03 27 -1.05306571E-02 21 -2.49510165E-03
 115933 1 8 0.00000000E+00 24 0.469381839 25 0.257698268 26 0.254416436 28 4.11883108E-02 22 -1.26275644E-02 23 1.94994025E-02 27 -1.53767345E-02 21 -1.41799552E-02
 115934 1 8 0.00000000E+00 26 0.388119370 24 0.348327130 25 0.219637275 28 6.32031932E-02 27 -1.75495222E-02 23 2.65186168E-02 22 -1.08398488E-02 21 -1.74162388E-02
 115935 1 8 0.00000000E+00 26 0.535411179 24 0.234865859 25 0.166120544 28 7.87621364E-02 27 -1.51532078E-02 23 2.42940467E-02 22 -8.51965975E-03 21 -1.57808941E-02
 115936 1 8 0.00000000E+00 26 0.691507101 24 0.129019722 25 0.104735434 28 8.48844871E-02 27 -2.82713608E-03 23 1.35348728E-02 22 -1.05758235E-02 29 -1.02786571E-02
 115937 1 8 0.00000000E+00 26 0.828776538 27 2.70467512E-02 28 7.23829493E-02 24 3.94804291E-02 25 4.71475087E-02 23 -2.25055008E-03 22 -5.23231179E-03 29 -7.35129323E-03
 115938 1 8 0.00000000E+00 26 0.787563026 27 0.139938414 28 6.96421340E-02 24 -2.05076928E-03 25 1.40221762E-02 23 -1.65370479E-03 22 -1.98346749E-03 29 -5.47782984E-03
 115939 1 8 0.00000000E+00 26 0.614518881 27 0.317189187 28 6.74535707E-02 24 -7.47157075E-03 25 2.08123075E-03 23 1.07118012E-02 29 -4.15970758E-03 22 -3.23404354E-04
 115940 1 8 0.00000000E+00 27 0.504139304 26 0.437335521 28 4.62789275E-02 25 -2.71956483E-03 24 -5.94824087E-03 29 -3.79100721E-03 23 2.09105723E-02 30 3.79452156E-03
 115941 1 8 0.00000000E+00 27 0.677642643 26 0.278051645 28 1.20220622E-02 25 -2.97598238E-03 24 -2.28499947E-03 29 -2.75433250E-03 30 1.18466029E-02 23 2.84523908E-02
 115942 1 8 0.00000000E+00 27 0.785408318 26 0.159308031 28 -1.68920085E-02 29 2.25104624E-03 25 -6.71242189E-04 30 3.23717929E-02 24 1.82041805E-03 23 3.64036746E-02
 115943 1 8 0.00000000E+00 27 0.782500207 26 9.89965573E-02 28 -2.38602050E-02 30 7.23836496E-02 29 1.42115904E-02 25 2.52697570E-03 24 5.44679724E-03 23 4.77944575E-02
 116471 1 8 0.00000000E+00 21 0.483161449 24 0.235510886 22 0.127672374 25 0.164243847 23 -1.41234286E-02 26 -1.80100426E-02 20 7.68482033E-03 28 1.38600767E-02
 116472 1 8 0.00000000E+00 24 0.310030013 21 0.388751090 22 0.152167693 25 0.177245364 23 -1.70366652E-02 26 -2.32224185E-02 28 8.16732831E-03 20 3.89758917E-03
 116473 1 8 0.00000000E+00 24 0.400500506 21 0.295700461 22 0.159611776 25 0.184416234 23 -1.71974935E-02 26 -2.66361572E-02 28 2.88237724E-03 20 7.22320750E-04
 116474 1 8 0.00000000E+00 24 0.509804487 25 0.181740686 22 0.145283878 21 0.208405241 23 -1.49609270E-02 26 -2.71964930E-02 28 -1.48899609E-03 20 -1.58786634E-03
 116475 1 8 0.00000000E+00 24 0.640423954 25 0.164156660 22 0.107105650 21 0.128348619 23 -1.28180198E-02 26 -2.48256270E-02 28 -5.43948403E-03 27 3.04821832E-03
 116476 1 8 0.00000000E+00 24 0.787759125 25 0.128086224 22 5.01520000E-02 26 -1.16157876E-02 23 -1.07456679E-02 21 5.95497191E-02 28 -3.65703716E-03 27 4.71405685E-04
 116477 1 8 0.00000000E+00 24 0.870143592 25 9.70734134E-02 26 2.98027918E-02 22 -1.90971163E-03 23 -3.01461038E-03 21 8.73292238E-03 28 1.80928048E-03 27 -2.63767038E-03
 116478 1 8 0.00000000E+00 24 0.728824914 25 0.124133006 26 0.135995135 22 -6.45327056E-03 23 2.65712701E-02 28 9.79921035E-03 27 -8.40567145E-03 21 -1.04645640E-02
 116479 1 8 0.00000000E+00 24 0.559731901 26 0.265597969 25 0.138837084 22 -4.46771411E-03 23 5.08630574E-02 28 1.99464541E-02 27 -1.32012879E-02 21 -1.73074584E-02
 116480 1 8 0.00000000E+00 24 0.408824623 26 0.408827871 25 0.128627405 28 2.87105478E-02 23 6.26259968E-02 22 -3.90347140E-03 27 -1.56667531E-02 21 -1.80462170E-02
 116481 1 8 0.00000000E+00 26 0.565428555 24 0.275934488 25 9.94756892E-02 28 3.10684070E-02 27 -1.50704607E-02 23 6.16015717E-02 22 -3.62680736E-03 21 -1.48114134E-02
 116482 1 8 0.00000000E+00 26 0.735307217 24 0.155912295 27 -9.99350008E-03 25 5.75818606E-02 28 2.31894292E-02 23 4.89581153E-02 22 -6.80767139E-03 29 -4.14775684E-03
 116483 1 8 0.00000000E+00 26 0.906549156 27 3.05376342E-03 24 5.14111705E-02 28 -5.16004628E-04 25 1.31127751E-02 23 2.80414261E-02 22 -1.75768160E-03 29 1.05405263E-04
 116484 1 8 0.00000000E+00 26 0.860960007 27 0.109389424 28 -1.37458241E-03 24 6.16949424E-03 25 -6.73598843E-03 23 2.80024465E-02 22 1.14881434E-03 29 2.44038040E-03
 116485 1 8 0.00000000E+00 26 0.675206840 27 0.276677698 28 7.06813205E-03 24 9.60163015E-04 25 -8.08062311E-03 23 4.11272757E-02 22 2.79917195E-03 29 4.24135011E-03
 116486 1 8 0.00000000E+00 26 0.502689183 27 0.435259700 28 6.56685792E-04 24 1.34635600E-03 25 -7.30969664E-03 23 5.19769415E-02 29 -8.20972258E-04 30 1.62017737E-02
 116487 1 8 0.00000000E+00 27 0.570946813 26 0.355270386 28 -1.40907429E-02 24 3.24972183E-03 25 -4.47685551E-03 23 5.95264770E-02 29 1.13867444E-03 30 2.84355413E-02
 116488 1 8 0.00000000E+00 27 0.656554520 26 0.242414027 28 -2.72340775E-02 24 6.07022364E-03 25 -4.14302107E-04 30 4.97283414E-02 29 6.13797689E-03 23 6.67432845E-02
 117017 1 8 0.00000000E+00 21 0.518523157 22 0.174175456 24 0.218383566 25 0.114254281 23 -1.74880661E-02 26 -1.75300185E-02 20 2.25426606E-03 28 7.42738228E-03
 117018 1 8 0.00000000E+00 21 0.407190174 24 0.295429915 22 0.214567184 25 0.121094085 23 -1.89107228E-02 26 -2.20763125E-02 20 -7.31313543E-04 28 3.43699055E-03
 117019 1 8 0.00000000E+00 24 0.389360249 22 0.232747048 21 0.302158237 25 0.120183423 23 -1.53777078E-02 26 -2.47764029E-02 20 -4.04191576E-03 28 -2.52930098E-04
 117020 1 8 0.00000000E+00 24 0.503955722 22 0.221801445 21 0.207430109 25 0.107911289 23 -6.49608439E-03 26 -2.46534925E-02 28 -3.22924228E-03 20 -6.71977410E-03
 117021 1 8 0.00000000E+00 24 0.642688751 22 0.177511305 25 7.98491538E-02 23 3.82969552E-03 21 0.122339435 26 -2.13402398E-02 28 -6.17005583E-03 27 1.29194069E-03
 117022 1 8 0.00000000E+00 24 0.802587032 22 0.108514793 25 3.40257362E-02 23 1.64646357E-02 26 -9.32620931E-03 21 5.26337698E-02 28 -4.95103141E-03 27 5.12641018E-05
 117023 1 8 0.00000000E+00 24 0.903545022 25 -4.63263504E-03 22 3.98965254E-02 23 3.34789194E-02 26 2.87722852E-02 21 2.08793441E-03 28 -1.83403608E-03 27 -1.31404039E-03
 117024 1 8 0.00000000E+00 24 0.752155662 26 0.136215046 25 3.09553575E-02 22 2.52589919E-02 23 7.33457133E-02 28 1.30048255E-03 21 -1.38368281E-02 27 -5.39441779E-03
 117025 1 8 0.00000000E+00 24 0.580999851 26 0.262855977 25 5.71868271E-02 23 0.103495285 22 1.70215275E-02 28 4.76871477E-03 27 -7.88566470E-03 21 -1.84425022E-02
 117026 1 8 0.00000000E+00 24 0.429855525 26 0.398947507 25 6.21774048E-02 23 0.117933974 22 9.54138488E-03 28 6.38217619E-03 27 -7.29202805E-03 21 -1.75459255E-02
 117027 1 8 0.00000000E+00 26 0.540863335 24 0.298445940 25 5.03108948E-02 23 0.117948771 27 -1.98389078E-03 28 3.35696083E-03 22 4.14152257E-03 21 -1.30835315E-02
 117028 1 8 0.00000000E+00 26 0.677889764 24 0.185575500 27 1.23057216E-02 25 2.80952193E-02 28 -5.78370690E-03 23 0.107191905 22 1.19761308E-03 21 -6.47203950E-03
 117029 1 8 0.00000000E+00 26 0.773633361 27 4.74412292E-02 24 9.60978419E-02 28 -1.97990965E-02 25 4.02197428E-03 23 9.23980474E-02 22 2.41081379E-05 29 6.18253741E-03
 117030 1 8 0.00000000E+00 26 0.758376300 27 0.131810188 24 4.37606685E-02 28 -2.40338836E-02 25 -8.63235816E-03 23 8.58096555E-02 22 2.70908047E-03 29 1.02003776E-02
 117031 1 8 0.00000000E+00 26 0.649012327 27 0.254371911 28 -2.20012572E-02 24 2.17792112E-02 25 -1.04085030E-02 23 8.72040242E-02 22 5.47530176E-03 29 1.45669645E-02
 117032 1 8 0.00000000E+00 26 0.516676426 27 0.381216317 28 -2.33473685E-02 24 1.30078848E-02 25 -7.67276064E-03 23 8.99313465E-02 22 8.99917819E-03 29 2.11889856E-02
 117033 1 8 0.00000000E+00 27 0.481190205 26 0.393426329 28 -2.92737894E-02 24 1.23382071E-02 25 -4.09052102E-03 23 9.63124484E-02 29 6.56919274E-03 30 4.35279310E-02
 117562 1 8 0.00000000E+00 21 0.674320698 22 0.155744329 24 0.124539040 23 -1.53792510E-02 25 6.39350191E-02 20 -2.00328926E-04 26 -9.51538514E-03 19 6.55588554E-03
 117563 1 8 0.00000000E+00 21 0.539895952 22 0.233353466 24 0.185161576 23 -2.03193501E-02 25 7.21420348E-02 20 3.18744034E-03 26 -1.60128754E-02 28 2.59172823E-03
 117564 1 8 0.00000000E+00 21 0.412057757 22 0.295278430 24 0.256684333 23 -2.04244368E-02 25 7.60480836E-02 26 -1.94962695E-02 20 -3.33393516E-04 28 1.85480443E-04
 117565 1 8 0.00000000E+00 22 0.330056518 24 0.342143476 21 0.296743214 23 -1.23861954E-02 25 7.20238984E-02 26 -2.07264107E-02 20 -5.63335977E-03 28 -2.22115684E-03
 117566 1 8 0.00000000E+00 24 0.443828672 22 0.327194035 21 0.197376981 23 6.48254575E-03 25 5.82157634E-02 26 -1.82708949E-02 20 -1.05444575E-02 28 -4.28266125E-03
 117567 1 8 0.00000000E+00 24 0.558701813 22 0.283631921 23 3.58524621E-02 21 0.115912020 25 3.40993814E-02 26 -9.40652844E-03 28 -5.57221007E-03 20 -1.32188657E-02
 117568 1 8 0.00000000E+00 24 0.667303920 22 0.207684100 23 6.83225393E-02 25 3.79322493E-03 26 1.18923346E-02 21 4.91970554E-02 28 -6.73930300E-03 27 -1.45388232E-03
 117569 1 8 0.00000000E+00 24 0.710526347 22 0.133798569 23 0.108553395 25 -1.29387695E-02 26 5.99410236E-02 21 8.03494081E-03 28 -5.88940410E-03 27 -2.02611089E-03
 117570 1 8 0.00000000E+00 24 0.646308959 22 8.22453797E-02 23 0.149386585 26 0.143884182 25 -3.13757034E-03 21 -1.13469120E-02 28 -5.03172353E-03 27 -2.30890978E-03
 117571 1 8 0.00000000E+00 24 0.529816747 26 0.250840425 23 0.179336399 22 4.90291528E-02 25 1.33352093E-02 28 -4.74766968E-03 27 -6.01419131E-04 21 -1.70088261E-02
 117572 1 8 0.00000000E+00 24 0.408001304 26 0.367571294 23 0.192629680 22 2.70228572E-02 25 2.13698186E-02 27 5.07924613E-03 28 -6.07721042E-03 21 -1.55969812E-02
 117573 1 8 0.00000000E+00 26 0.484041333 24 0.296091586 23 0.190843970 25 1.89731251E-02 22 1.31474584E-02 27 1.73012335E-02 28 -1.00798244E-02 21 -1.03188679E-02
 117574 1 8 0.00000000E+00 26 0.585391760 24 0.199567571 23 0.178936571 27 4.09060754E-02 25 9.49827954E-03 28 -1.65619962E-02 22 5.24335867E-03 21 -2.98160012E-03
 117575 1 8 0.00000000E+00 26 0.646700680 24 0.123198703 27 8.43300819E-02 23 0.163523301 25 -1.40220148E-03 28 -2.28742715E-02 22 1.35125150E-03 21 5.17246919E-03
 117576 1 8 0.00000000E+00 26 0.644113719 27 0.150141358 24 7.27226585E-02 23 0.149662957 28 -3.24628837E-02 25 -7.98805058E-03 22 4.67799557E-03 29 1.91322584E-02
 117577 1 8 0.00000000E+00 26 0.582778275 27 0.241238296 24 4.31497134E-02 28 -3.33953127E-02 23 0.141199842 25 -8.56961682E-03 22 8.02401081E-03 29 2.55748220E-02
 117578 1 8 0.00000000E+00 26 0.492615312 27 0.337381810 28 -3.39957215E-02 24 2.74814498E-02 23 0.135609791 25 -5.41935349E-03 22 1.23813562E-02 29 3.39453556E-02
 118107 1 8 0.00000000E+00 21 0.851149380 22 9.28104147E-02 24 4.08440381E-02 23 -8.29960126E-03 20 8.72022007E-03 25 1.77289080E-02 19 1.52482768E-03 26 -4.47818451E-03
 118108 1 8 0.00000000E+00 21 0.686732590 22 0.202378571 24 8.87945220E-02 23 -1.68341715E-02 20 1.48100397E-02 25 3.15639190E-02 26 -9.62148421E-03 19 2.17604218E-03
 118109 1 8 0.00000000E+00 21 0.534811854 22 0.305031776 24 0.140886918 23 -2.25783493E-02 25 4.00920138E-02 20 1.37545401E-02 26 -1.39884390E-02 19 1.98965543E-03
 118110 1 8 0.00000000E+00 22 0.392921209 21 0.396707624 24 0.199264243 23 -2.24762205E-02 25 4.31659333E-02 20 7.96102360E-03 26 -1.60837006E-02 28 -1.46010763E-03
 118111 1 8 0.00000000E+00 22 0.451559991 24 0.266778052 21 0.274679601 23 -1.11512709E-02 25 3.92028019E-02 26 -1.57170445E-02 20 -2.34382041E-03 28 -3.00829438E-03
 118112 1 8 0.00000000E+00 22 0.461216658 24 0.345423549 23 1.90585591E-02 21 0.173628718 25 2.81300191E-02 26 -1.09394072E-02 20 -1.19927088E-02 28 -4.52536857E-03
 118113 1 8 0.00000000E+00 22 0.411987484 24 0.430608362 23 7.10856095E-02 21 9.70378444E-02 25 1.13924788E-02 26 1.44333707E-03 20 -1.77961849E-02 28 -5.75893000E-03
 118114 1 8 0.00000000E+00 24 0.503415167 22 0.321005017 23 0.136309415 25 -5.99147333E-03 21 4.39120680E-02 26 2.71015372E-02 20 -1.92454439E-02 28 -6.50629355E-03
 118115 1 8 0.00000000E+00 24 0.534608960 22 0.217534840 23 0.195480958 26 7.30945915E-02 25 -1.65501013E-02 21 5.54052088E-03 28 -8.09723232E-03 27 -1.61250634E-03
 118116 1 8 0.00000000E+00 24 0.507373810 23 0.246171817 22 0.136108935 26 0.142377242 25 -1.42397368E-02 21 -1.04656247E-02 28 -8.54989514E-03 27 1.22347963E-03
 118117 1 8 0.00000000E+00 24 0.439084351 23 0.275954664 26 0.229494974 22 7.88216814E-02 25 -6.07332634E-03 27 7.22177280E-03 28 -9.52902064E-03 21 -1.49751082E-02
 118118 1 8 0.00000000E+00 24 0.354761362 26 0.324696243 23 0.284339786 22 4.20485772E-02 25 2.95263832E-04 27 1.80219151E-02 28 -1.15534663E-02 21 -1.26097109E-02
 118119 1 8 0.00000000E+00 26 0.417035371 24 0.270361453 23 0.276152670 22 2.00723913E-02 25 1.79807970E-03 27 3.59069109E-02 28 -1.49015523E-02 21 -6.42534951E-03
 118120 1 8 0.00000000E+00 26 0.493388236 24 0.194389030 23 0.258073539 27 6.42894432E-02 22 7.94196967E-03 25 -7.22530531E-04 28 -1.90779399E-02 21 1.71823415E-03
 118121 1 8 0.00000000E+00 26 0.538838923 24 0.131913185 23 0.236468047 27 0.107235432 22 1.99456559E-03 25 -4.49656323E-03 28 -2.26295665E-02 21 1.06759509E-02
 118122 1 8 0.00000000E+00 26 0.543033481 27 0.166642874 24 8.54446068E-02 23 0.216071889 28 -2.40213498E-02 25 -6.73203869E-03 22 -2.44163588E-04 21 1.98047068E-02
 118652 1 8 0.00000000E+00 21 0.866124630 22 6.30582571E-02 24 -3.91094759E-03 20 4.87635210E-02 23 -1.27241691E-03 25 1.70798413E-03 19 2.17449311E-02 26 3.78402020E-03
 118653 1 8 0.00000000E+00 21 0.784509778 22 0.147518590 24 2.03937292E-02 23 -8.62463191E-03 20 4.61944155E-02 25 3.92010668E-03 19 9.32466704E-03 26 -3.23666516E-03
 118654 1 8 0.00000000E+00 21 0.643258035 22 0.261760533 24 5.52072376E-02 23 -1.63633358E-02 20 4.64277267E-02 25 1.25896074E-02 19 5.24006179E-03 26 -8.11986532E-03
 118655 1 8 0.00000000E+00 21 0.497464031 22 0.382090598 24 9.27762538E-02 23 -2.25005113E-02 20 4.00718562E-02 25 1.89170167E-02 26 -1.16578778E-02 19 2.83862418E-03
 118656 1 8 0.00000000E+00 22 0.498250961 21 0.358942389 24 0.132248968 23 -2.42902879E-02 20 2.63259336E-02 25 2.08271593E-02 26 -1.33726280E-02 19 1.06751884E-03
 118657 1 8 0.00000000E+00 22 0.592056215 21 0.233940467 24 0.175410941 23 -1.43734049E-02 25 1.77410096E-02 20 7.72868702E-03 26 -1.22849755E-02 19 -2.18929141E-04
 118658 1 8 0.00000000E+00 22 0.623595417 24 0.227215171 23 2.43200604E-02 21 0.132732704 25 1.13316299E-02 20 -1.00423479E-02 26 -5.35681145E-03 28 -3.79578723E-03
 118659 1 8 0.00000000E+00 22 0.556299150 24 0.289459616 23 0.106116250 21 6.50334954E-02 25 7.55345565E-04 26 7.31481379E-03 20 -1.99226979E-02 28 -5.05596306E-03
 118660 1 8 0.00000000E+00 22 0.423589319 24 0.346113682 23 0.211325958 21 2.56797709E-02 26 3.14649343E-02 25 -9.56525747E-03 20 -2.25419421E-02 28 -6.06647832E-03
 118661 1 8 0.00000000E+00 22 0.284998775 24 0.375988364 23 0.306063831 26 7.22152516E-02 25 -1.56124616E-02 21 3.78997088E-03 20 -2.10035425E-02 28 -6.44017942E-03
 118662 1 8 0.00000000E+00 23 0.364323288 24 0.371462345 22 0.169134423 26 0.128617361 25 -1.66131128E-02 21 -1.20341387E-02 27 4.59146174E-03 28 -9.48164146E-03
 118663 1 8 0.00000000E+00 23 0.391655445 24 0.336936653 22 9.36631113E-02 26 0.199804842 25 -1.26029411E-02 21 -1.31081203E-02 27 1.43365907E-02 28 -1.06855659E-02
 118664 1 8 0.00000000E+00 23 0.389604509 24 0.285688192 26 0.277120382 22 4.75586131E-02 25 -8.18235893E-03 27 2.93776095E-02 28 -1.23777725E-02 21 -8.78920592E-03
 118665 1 8 0.00000000E+00 23 0.369301021 26 0.350916177 24 0.228755310 22 2.14387495E-02 25 -5.49305184E-03 27 5.10453023E-02 28 -1.46176144E-02 21 -1.34590652E-03
 118666 1 8 0.00000000E+00 26 0.410994440 23 0.340241194 24 0.173900977 22 7.68469134E-03 27 8.11818913E-02 25 -4.69114911E-03 28 -1.70095228E-02 21 7.69748772E-03
 118667 1 8 0.00000000E+00 26 0.448086023 23 0.309036702 24 0.126126051 27 0.121482037 22 1.26733235E-03 25 -4.65125078E-03 28 -1.87473930E-02 21 1.74004771E-02
 119197 1 8 0.00000000E+00 21 0.731658101 22 7.32619390E-02 20 0.111849733 23 3.48775112E-03 24 -1.38815921E-02 19 6.68185204E-02 25 1.19354464E-02 26 1.48700783E-02
 119198 1 8 0.00000000E+00 21 0.729868293 22 0.123800099 20 0.105131455 23 -1.27329689E-03 24 -8.00123904E-03 19 4.14509699E-02 25 2.93757743E-03 26 6.08613249E-03
 119199 1 8 0.00000000E+00 21 0.668845057 22 0.206592008 20 0.100387320 23 -6.42352970E-03 24 6.32657157E-03 19 2.39752010E-02 25 1.08648464E-03 26 -7.89101119E-04
 119200 1 8 0.00000000E+00 21 0.561944067 22 0.317386210 23 -1.16347037E-02 24 2.65615061E-02 20 9.40531716E-02 25 3.98813887E-03 19 1.34470435E-02 26 -5.74541138E-03
 119201 1 8 0.00000000E+00 22 0.446246803 21 0.436072260 23 -1.62896942E-02 24 4.78600785E-02 20 8.08754712E-02 25 7.24749872E-03 19 6.94318721E-03 26 -8.95561464E-03
 119202 1 8 0.00000000E+00 22 0.586750805 21 0.306180388 23 -1.95779912E-02 24 6.68707713E-02 20 5.85606918E-02 25 8.45627114E-03 26 -1.01004587E-02 19 2.85952026E-03
 119203 1 8 0.00000000E+00 22 0.728827536 23 -1.78976208E-02 21 0.180176303 24 8.21416378E-02 20 2.78772991E-02 25 6.81318296E-03 26 -8.40234943E-03 19 4.64005308E-04
 119204 1 8 0.00000000E+00 22 0.815711677 23 1.38163241E-02 24 0.101749010 21 7.37641677E-02 20 -3.44335451E-03 25 2.34192377E-03 26 -3.10998620E-03 19 -8.29759054E-04
 119205 1 8 0.00000000E+00 22 0.699941754 23 0.141007721 24 0.152181342 21 2.28329208E-02 25 -3.24950530E-03 20 -1.67625137E-02 26 7.50923622E-03 28 -3.46096163E-03
 119206 1 8 0.00000000E+00 22 0.493184835 23 0.304780632 24 0.205729708 21 4.16124240E-03 26 2.60839947E-02 25 -9.37817805E-03 20 -1.98083650E-02 28 -4.75388160E-03
 119207 1 8 0.00000000E+00 23 0.438919723 22 0.307068169 24 0.238202602 26 5.68827875E-02 21 -5.05082496E-03 25 -1.50668574E-02 20 -2.05212124E-02 27 -4.34392074E-04
 119208 1 8 0.00000000E+00 23 0.513213992 22 0.170954183 24 0.247529522 26 0.103537671 25 -1.61778349E-02 21 -8.86463933E-03 20 -1.61536448E-02 27 5.96073829E-03
 119209 1 8 0.00000000E+00 23 0.526416957 22 8.62222388E-02 24 0.237520814 26 0.162750989 25 -1.50837675E-02 21 -8.86772666E-03 27 1.73888989E-02 20 -6.34842739E-03
 119210 1 8 0.00000000E+00 23 0.502958834 24 0.212923124 22 3.94539088E-02 26 0.229134753 25 -9.25455242E-03 27 3.85299474E-02 21 -3.63528705E-03 28 -1.01107350E-02
 119211 1 8 0.00000000E+00 23 0.464093417 26 0.290133446 24 0.179860964 22 1.57308895E-02 27 6.25665933E-02 25 -6.40724413E-03 28 -1.11783221E-02 21 5.20024402E-03
 119212 1 8 0.00000000E+00 23 0.420287043 26 0.339758992 24 0.144305527 22 4.04235907E-03 27 9.28792953E-02 25 -4.19284590E-03 28 -1.21616786E-02 21 1.50812920E-02
 119743 1 8 0.00000000E+00 21 0.624102175 22 0.106362194 20 0.165178686 23 6.06756005E-03 19 7.87439644E-02 24 -1.21031730E-02 25 1.54524744E-02 18 1.61960945E-02
 119744 1 8 0.00000000E+00 21 0.609216332 22 0.163447693 20 0.166715309 23 1.34955428E-03 24 -1.30654750E-02 19 6.00956306E-02 25 4.31685243E-03 26 7.92409480E-03
 119745 1 8 0.00000000E+00 21 0.556735218 22 0.244501010 20 0.163863078 23 -3.35647608E-04 24 -5.77648263E-03 19 3.86069603E-02 25 9.57979937E-04 26 1.44789577E-03
 119746 1 8 0.00000000E+00 21 0.471983612 22 0.349516124 20 0.155080363 23 -6.91794092E-04 24 3.69238784E-03 19 2.29699761E-02 25 8.19622073E-04 26 -3.37031484E-03
 119747 1 8 0.00000000E+00 22 0.475208491 21 0.367232293 23 6.08054164E-04 20 0.137157232 24 1.20656900E-02 19 1.23343654E-02 25 1.85310817E-03 26 -6.45923149E-03
 119748 1 8 0.00000000E+00 22 0.619193256 21 0.252851695 23 3.65614425E-03 24 1.56931579E-02 20 0.108145736 25 2.42496072E-03 19 5.61061315E-03 26 -7.57558737E-03
 119749 1 8 0.00000000E+00 22 0.780810475 23 8.29701219E-03 21 0.134904787 24 1.07902829E-02 20 6.77262098E-02 25 1.81272696E-03 26 -6.18689694E-03 19 1.84542499E-03
 119750 1 8 0.00000000E+00 22 0.949168086 23 1.92110240E-02 24 -4.34890762E-03 21 1.91768967E-02 20 1.81214213E-02 25 6.35465040E-05 26 -1.57430209E-03 19 1.82207135E-04
 119751 1 8 0.00000000E+00 22 0.749146402 23 0.208693743 24 4.57570478E-02 21 -5.89092402E-03 20 5.23577956E-03 26 2.56319973E-03 25 -4.12967335E-03 19 -1.37556915E-03
 119752 1 8 0.00000000E+00 22 0.486126989 23 0.428997725 24 9.41829979E-02 21 -8.55731033E-03 20 -4.45437571E-03 26 1.37453349E-02 25 -7.81503599E-03 27 -2.22633127E-03
 119753 1 8 0.00000000E+00 23 0.608619869 22 0.266076595 24 0.123131998 26 3.47126797E-02 21 -8.94450676E-03 20 -1.31132696E-02 25 -1.00536803E-02 27 -4.29693580E-04
 119754 1 8 0.00000000E+00 23 0.687695324 22 0.121740229 24 0.140412778 26 7.28620514E-02 21 -7.88045768E-03 25 -1.08431149E-02 20 -1.15278903E-02 27 7.54111120E-03
 119755 1 8 0.00000000E+00 23 0.667342186 22 5.04585765E-02 24 0.148912296 26 0.125824302 25 -1.05266692E-02 21 -5.53916767E-03 20 1.20567484E-03 27 2.23227702E-02
 119756 1 8 0.00000000E+00 23 0.608602703 22 1.56525169E-02 24 0.145595983 26 0.182439432 25 -9.38349776E-03 27 4.17542644E-02 21 -1.59211992E-03 20 1.69307105E-02
 119757 1 8 0.00000000E+00 23 0.551110685 26 0.236728981 24 0.130954325 22 5.07082790E-03 27 7.15088025E-02 25 -3.41011304E-03 28 -5.65739023E-03 21 1.36938868E-02
 119758 1 8 0.00000000E+00 23 0.491534114 26 0.279488415 24 0.111507110 22 -1.50157150E-03 27 0.101135649 25 -7.00884149E-04 28 -5.53790852E-03 21 2.40750853E-02
 120289 1 8 0.00000000E+00 21 0.524391770 20 0.224362567 22 0.125039130 19 0.100506991 23 7.79399415E-03 24 -1.37002580E-02 25 1.62787773E-02 18 1.53270550E-02
 120290 1 8 0.00000000E+00 21 0.502905071 22 0.181352124 20 0.233658969 23 7.08516967E-03 19 7.43046775E-02 24 -1.47226518E-02 25 7.93662481E-03 18 7.48005509E-03
 120291 1 8 0.00000000E+00 21 0.456637204 22 0.256488383 20 0.236154512 23 8.76624882E-03 24 -1.49089592E-02 19 5.19724563E-02 25 1.72020169E-03 26 3.16995662E-03
 120292 1 8 0.00000000E+00 21 0.387574285 22 0.350061715 20 0.228528202 23 1.56315509E-02 24 -1.23135401E-02 19 3.16935964E-02 25 2.00571434E-04 26 -1.37637078E-03
 120293 1 8 0.00000000E+00 22 0.459313482 21 0.302564859 23 2.77958736E-02 20 0.208938703 24 -1.16157178E-02 19 1.73281673E-02 25 3.95462121E-05 26 -4.36491845E-03
 120294 1 8 0.00000000E+00 22 0.577960432 21 0.209212258 23 4.80373316E-02 20 0.176875114 24 -1.48181766E-02 19 8.24051257E-03 25 2.28468038E-04 26 -5.73592680E-03
 120295 1 8 0.00000000E+00 22 0.689225495 23 8.42156261E-02 21 0.115954071 20 0.134645939 24 -2.19389834E-02 19 3.26855038E-03 25 1.22549522E-04 26 -5.49324369E-03
 120296 1 8 0.00000000E+00 22 0.733805001 23 0.164266467 21 3.93217802E-02 24 -2.41510421E-02 20 9.05914456E-02 26 -4.13540285E-03 25 -6.43016130E-04 19 9.44773667E-04
 120297 1 8 0.00000000E+00 22 0.615705013 23 0.333347231 24 -4.85839928E-03 21 3.11624352E-03 20 5.77515922E-02 26 -2.62924912E-03 25 -2.20259838E-03 19 -2.29870100E-04
 120298 1 8 0.00000000E+00 23 0.563115001 22 0.395980358 24 1.99683011E-02 21 -5.62463142E-03 20 3.08970008E-02 26 1.73444991E-04 25 -3.59452795E-03 19 -9.14943055E-04
 120299 1 8 0.00000000E+00 23 0.803686976 22 0.162494987 24 3.28523926E-02 20 3.18681332E-03 21 -5.23536000E-03 26 7.73382792E-03 25 -3.75461834E-03 27 -9.65026964E-04
 120300 1 8 0.00000000E+00 23 0.877913177 22 3.05530466E-02 24 5.18796965E-02 26 3.91274914E-02 20 -9.04439541E-04 21 -2.96714436E-03 25 -3.86791630E-03 27 8.26607086E-03
 120301 1 8 0.00000000E+00 23 0.785209000 22 3.89803853E-03 24 7.72755593E-02 26 9.26105678E-02 20 1.78691447E-02 21 -4.15993622E-04 25 -4.00219113E-03 27 2.75558550E-02
 120302 1 8 0.00000000E+00 23 0.690034986 22 -9.17830318E-03 24 8.90875086E-02 26 0.144712359 25 -3.14194267E-03 20 3.53845879E-02 27 4.92636412E-02 21 3.83719336E-03
 120835 1 8 0.00000000E+00 21 0.434043705 20 0.287060410 22 0.128972158 19 0.124226846 23 9.50758345E-03 24 -1.42749744E-02 18 1.34786852E-02 25 1.69856083E-02
 120836 1 8 0.00000000E+00 21 0.409888625 20 0.307151973 22 0.179901734 19 9.24856216E-02 23 1.19238356E-02 24 -1.68867502E-02 18 6.19921042E-03 25 9.33575723E-03
 120837 1 8 0.00000000E+00 21 0.368742704 20 0.317451864 22 0.244756803 23 1.92328468E-02 19 6.30683154E-02 24 -1.89840961E-02 25 3.96789610E-03 18 1.76367082E-03
 120838 1 8 0.00000000E+00 22 0.322370619 21 0.312344402 20 0.313958615 23 3.33592445E-02 19 3.85356881E-02 24 -2.14329436E-02 25 6.80054072E-04 26 1.84351738E-04
 120839 1 8 0.00000000E+00 22 0.408049852 20 0.294799656 21 0.245196089 23 5.78483194E-02 24 -2.42557414E-02 19 2.07845420E-02 25 8.55418984E-05 26 -2.50824564E-03
 120840 1 8 0.00000000E+00 22 0.491586775 23 9.67470109E-02 20 0.261023104 21 0.173364654 24 -2.91461330E-02 19 1.00403707E-02 25 2.44361465E-04 26 -3.86015675E-03
 120841 1 8 0.00000000E+00 22 0.551777899 23 0.159753039 20 0.216965035 21 0.104742542 24 -3.45018245E-02 19 4.76411963E-03 25 6.20141742E-04 26 -4.12092637E-03
 120842 1 8 0.00000000E+00 22 0.551797688 23 0.263919592 20 0.169722468 21 4.99121174E-02 24 -3.55021320E-02 19 3.01261176E-03 26 -3.74420732E-03 25 8.81897868E-04
 120843 1 8 0.00000000E+00 22 0.461358190 23 0.423355162 20 0.125612125 24 -2.85255946E-02 21 1.72347967E-02 26 -3.10146948E-03 19 3.05635436E-03 25 1.01042574E-03
 120844 1 8 0.00000000E+00 23 0.629358172 22 0.297244698 24 -1.90596096E-02 20 8.52087513E-02 21 3.88955255E-03 26 -1.83794065E-03 25 1.40339299E-03 19 3.79300979E-03
 120845 1 8 0.00000000E+00 23 0.848931313 22 0.105520435 24 -1.42296823E-02 20 4.78785671E-02 21 1.57129415E-03 26 2.67029810E-03 25 2.53733061E-03 19 5.12044551E-03
 120846 1 8 0.00000000E+00 23 0.913485885 22 -2.59407656E-03 24 2.81436858E-03 20 3.89152095E-02 26 2.51118168E-02 21 3.20140366E-03 25 2.69304099E-03 27 1.63723398E-02
 120847 1 8 0.00000000E+00 23 0.820076883 22 -1.77145340E-02 24 3.03030387E-02 26 7.15039521E-02 20 5.11566177E-02 21 5.66832954E-03 25 2.99974019E-03 27 3.60059589E-02
 120848 1 8 0.00000000E+00 23 0.722344995 22 -2.28159092E-02 24 4.79044840E-02 26 0.116723344 20 6.40456155E-02 25 4.08207532E-03 21 9.97310225E-03 27 5.77422753E-02
 121381 1 8 0.00000000E+00 20 0.351514757 21 0.352863580 22 0.120284423 19 0.150948375 23 1.01063801E-02 24 -1.36107020E-02 18 1.06529268E-02 25 1.72402449E-02
 121382 1 8 0.00000000E+00 20 0.386046767 21 0.327755034 22 0.162741393 19 0.111373045 23 1.50243538E-02 24 -1.69849787E-02 18 3.87131167E-03 25 1.01730553E-02
 121383 1 8 0.00000000E+00 20 0.408029228 21 0.291347951 22 0.215035081 19 7.39653632E-02 23 2.66651791E-02 24 -2.03884952E-02 18 2.58321001E-04 25 5.08736586E-03
 121384 1 8 0.00000000E+00 20 0.411088049 22 0.275351197 21 0.245494261 23 4.77517098E-02 19 4.29941975E-02 24 -2.43181996E-02 18 -3.34210636E-04 25 1.97300687E-03
 121385 1 8 0.00000000E+00 22 0.338329583 20 0.392573714 21 0.193587676 23 8.16235393E-02 19 2.08860077E-02 24 -2.91271266E-02 25 5.59788721E-04 18 1.56683160E-03
 121386 1 8 0.00000000E+00 22 0.393433422 20 0.355737746 23 0.133546829 21 0.140495300 24 -3.39180753E-02 19 1.06087066E-02 25 1.47572032E-03 26 -1.37966033E-03
 121387 1 8 0.00000000E+00 22 0.424165219 23 0.208719268 20 0.306469530 21 9.11789015E-02 24 -3.84852029E-02 19 6.45349268E-03 26 -1.01088895E-03 25 2.50968873E-03
 121388 1 8 0.00000000E+00 22 0.410806000 23 0.314724088 20 0.252558500 21 5.15804626E-02 24 -4.02944088E-02 19 6.62669400E-03 26 2.39838992E-04 25 3.75883072E-03
 121389 1 8 0.00000000E+00 23 0.453428894 22 0.342487305 20 0.200031921 24 -3.81970443E-02 21 2.54903249E-02 19 9.01191309E-03 26 2.61245016E-03 25 5.13423840E-03
 121390 1 8 0.00000000E+00 23 0.611704111 22 0.230365232 20 0.152385980 24 -3.35344560E-02 21 1.22133279E-02 26 7.57283811E-03 19 1.25347748E-02 25 6.75821677E-03
 121391 1 8 0.00000000E+00 23 0.750594974 22 0.108875580 20 0.113351479 24 -2.66819205E-02 21 7.82666821E-03 26 1.97592415E-02 25 8.78649019E-03 19 1.74875073E-02
 121392 1 8 0.00000000E+00 23 0.806070685 22 2.56298427E-02 24 -1.34318760E-02 20 8.94142538E-02 26 4.75308225E-02 21 8.07744917E-03 25 1.12348255E-02 19 2.54740044E-02
 121927 1 8 0.00000000E+00 20 0.414477110 21 0.280015588 19 0.182516366 22 0.102144033 23 8.74511991E-03 18 7.00458186E-03 24 -1.17587298E-02 25 1.68559086E-02
 121928 1 8 0.00000000E+00 20 0.468526006 21 0.254530817 19 0.131925657 22 0.134388298 23 1.48070240E-02 24 -1.51509615E-02 18 6.85425475E-04 25 1.02877039E-02
 121929 1 8 0.00000000E+00 20 0.507486761 22 0.173414931 21 0.222038835 19 8.32506120E-02 23 2.89163720E-02 24 -1.87684130E-02 18 -1.94440305E-03 25 5.60530974E-03
 121930 1 8 0.00000000E+00 20 0.519827008 22 0.217845127 21 0.184874922 23 5.44909872E-02 19 4.39168140E-02 24 -2.29841340E-02 18 -9.01806983E-04 25 2.93109310E-03
 121931 1 8 0.00000000E+00 20 0.500757217 22 0.263003409 23 9.47506353E-02 21 0.145886555 19 1.80607047E-02 24 -2.78761722E-02 18 3.28379986E-03 25 2.13387446E-03
 121932 1 8 0.00000000E+00 20 0.455986619 22 0.299966067 23 0.152098268 21 0.108098246 19 4.61818650E-03 24 -3.19949016E-02 18 9.56071261E-03 26 1.66679639E-03
 121933 1 8 0.00000000E+00 22 0.316946149 20 0.396604031 23 0.229036018 21 7.38774985E-02 19 -4.32415109E-04 24 -3.57997306E-02 26 3.32045928E-03 18 1.64480004E-02
 121934 1 8 0.00000000E+00 22 0.303222418 23 0.328160435 20 0.334977478 21 4.71343882E-02 24 -3.99908461E-02 19 1.22495610E-02 26 6.81570824E-03 25 7.43084680E-03
 121935 1 8 0.00000000E+00 23 0.442702204 22 0.255230367 20 0.274250329 24 -3.97359617E-02 21 2.82025896E-02 19 1.76505428E-02 26 1.18513284E-02 25 9.84861236E-03
 121936 1 8 0.00000000E+00 23 0.560363114 22 0.181696534 20 0.220254749 24 -3.66951041E-02 21 1.75814629E-02 19 2.39582937E-02 26 2.03929320E-02 25 1.24480389E-02
 122474 1 8 0.00000000E+00 20 0.550231576 19 0.156156078 21 0.188761160 22 9.93833020E-02 23 1.05961207E-02 18 -2.91002705E-03 24 -1.18170250E-02 25 9.59878322E-03
 122475 1 8 0.00000000E+00 20 0.614868343 19 9.07590091E-02 22 0.125101015 21 0.158798218 23 2.45028362E-02 18 -4.50256048E-03 24 -1.48474360E-02 25 5.32059046E-03
 122476 1 8 0.00000000E+00 20 0.640755117 22 0.155964851 19 3.98869477E-02 21 0.128478050 23 5.17022721E-02 24 -1.86201315E-02 18 -1.44768390E-03 25 3.28058191E-03
 122477 1 8 0.00000000E+00 20 0.616942883 22 0.189241156 23 9.49572772E-02 19 1.14119146E-02 21 0.101028115 24 -2.27017682E-02 18 5.87404100E-03 26 3.24635278E-03
 122478 1 8 0.00000000E+00 20 0.557522655 22 0.216864571 23 0.154833883 19 6.35047676E-04 21 7.64996111E-02 24 -2.72053480E-02 18 1.55974608E-02 26 5.25214057E-03
 122479 1 8 0.00000000E+00 20 0.483273834 22 0.229460716 23 0.229230464 19 -9.19473532E-04 21 5.51912040E-02 24 -3.07788756E-02 18 2.56789103E-02 26 8.86320416E-03
 122480 1 8 0.00000000E+00 20 0.407701135 23 0.315773338 22 0.220549390 21 3.79875526E-02 19 1.41063228E-03 24 -3.25457156E-02 18 3.50177959E-02 26 1.41058816E-02
 122481 1 8 0.00000000E+00 23 0.409062952 22 0.189288706 20 0.337680131 21 2.58225333E-02 24 -3.19347382E-02 19 5.17548202E-03 26 2.15744227E-02 18 4.33305055E-02
 122482 1 8 0.00000000E+00 23 0.502361596 22 0.141887441 20 0.281342626 24 -3.51500399E-02 21 2.04229373E-02 19 3.79361548E-02 26 3.27865370E-02 25 1.84127614E-02
 122483 1 8 0.00000000E+00 23 0.574007988 22 8.99112597E-02 20 0.231603339 24 -3.03801578E-02 21 1.79762430E-02 19 4.64425124E-02 26 4.84757796E-02 25 2.19630450E-02
 123019 1 8 0.00000000E+00 20 0.506772757 19 0.274269283 21 0.157366991 22 5.23050427E-02 18 -1.21971071E-02 23 -1.23871796E-04 24 9.54648829E-04 17 2.06522848E-02
 123020 1 8 0.00000000E+00 20 0.620188653 19 0.188244477 22 6.23159967E-02 21 0.130169764 23 2.84809410E-03 18 -1.31053645E-02 24 -3.74311232E-03 17 1.30814761E-02
 123021 1 8 0.00000000E+00 20 0.725754440 19 9.70674679E-02 22 7.42309168E-02 21 0.100394093 23 1.31821167E-02 18 -1.10950470E-02 24 -7.53698684E-03 17 8.00297316E-03
 123027 1 8 0.00000000E+00 23 0.370387584 20 0.391056061 22 0.138197869 19 1.20639820E-02 21 2.26070806E-02 24 -2.56247167E-02 18 6.00447990E-02 26 3.12673226E-02
 123028 1 8 0.00000000E+00 23 0.441539586 20 0.324771315 22 0.108350992 19 1.65454280E-02 24 -2.29618028E-02 21 1.95640977E-02 26 4.33751345E-02 18 6.88152611E-02
 123029 1 8 0.00000000E+00 23 0.497926325 22 7.40884542E-02 20 0.269878805 24 -1.79633852E-02 19 2.08277553E-02 21 1.92390550E-02 26 5.91751151E-02 18 7.68278986E-02
 123565 1 8 0.00000000E+00 20 0.510073483 19 0.348684371 21 0.108258888 22 2.93243174E-02 18 -1.18300617E-02 23 -3.79079045E-03 24 2.86813593E-03 17 1.64116751E-02
 123566 1 8 0.00000000E+00 20 0.654281318 19 0.240578890 22 2.96839457E-02 21 8.08546171E-02 18 -1.05396202E-02 23 -3.65582900E-03 24 -3.69372545E-04 17 9.16604698E-03
 123567 1 8 0.00000000E+00 20 0.816506505 19 0.113012895 22 2.71332022E-02 21 4.92635965E-02 23 -2.29662357E-04 18 -7.51968008E-03 24 -2.26267730E-03 17 4.09581652E-03
 124110 1 8 0.00000000E+00 19 0.536572754 20 0.341476589 18 -8.17753933E-03 21 9.00475606E-02 22 1.42092863E-02 23 -2.70629046E-03 17 2.10913122E-02 24 7.48633407E-03
 124111 1 8 0.00000000E+00 20 0.465344071 19 0.450445354 18 -7.97199737E-03 22 1.25771174E-02 21 6.84503168E-02 23 -4.44971770E-03 17 1.17735630E-02 24 3.83126899E-03
 124112 1 8 0.00000000E+00 20 0.618657827 19 0.326014072 18 -1.03008805E-03 22 8.23792536E-03 21 4.44090553E-02 23 -4.11114376E-03 17 5.84244309E-03 24 1.97988446E-03
 124656 1 8 0.00000000E+00 19 0.671695590 20 0.254577577 18 -6.15232950E-03 21 5.49337491E-02 22 5.88862039E-03 23 -2.08042120E-03 17 1.49667179E-02 24 6.17050845E-03
 124657 1 8 0.00000000E+00 19 0.575941741 20 0.374388754 18 1.02513004E-03 22 2.85194162E-03 21 3.72601710E-02 23 -1.90876273E-03 17 6.78001717E-03 24 3.66100576E-03
 125202 1 8 0.00000000E+00 19 0.829513311 20 0.136313558 18 -3.63789918E-03 22 2.26826244E-03 21 2.41668522E-02 17 3.38621391E-03 23 -5.90490527E-04 16 8.58018920E-03
 125203 1 8 0.00000000E+00 19 0.703560233 20 0.258096904 18 2.02852674E-02 22 -1.69306633E-03 21 1.31559875E-02 17 1.67641300E-03 23 2.22267606E-03 24 2.69558164E-03
 125748 1 8 0.00000000E+00 19 0.972440541 20 1.28487907E-02 18 1.46916136E-02 17 -1.13692986E-04 22 -3.67780071E-04 21 -6.07530761E-04 23 8.50497454E-04 16 2.57553649E-04
 125749 1 8 0.00000000E+00 19 0.767052650 20 0.158541590 18 7.15986192E-02 17 -1.09870941E-03 22 -2.67702970E-03 21 -1.59107137E-03 23 7.56666344E-03 16 6.07270282E-04
 126294 1 8 0.00000000E+00 19 0.799129725 18 0.157158092 20 2.64818575E-02 17 3.55784060E-03 22 -1.16690900E-03 21 -3.26643058E-05 23 6.22116169E-03 16 8.65087286E-03
 126295 1 8 0.00000000E+00 19 0.700703084 20 0.113265753 18 0.177428752 17 7.64912766E-05 22 -2.85482616E-03 23 1.29031539E-02 21 -5.14161494E-03 16 3.61921499E-03
 126839 1 8 0.00000000E+00 19 0.633229017 18 0.300232589 20 -5.86524366E-05 17 1.89755317E-02 16 2.87114736E-02 22 5.24273783E-04 21 1.15296599E-02 23 6.85611134E-03
 126840 1 8 0.00000000E+00 19 0.632330358 18 0.304369837 20 3.26759741E-02 17 6.23809686E-03 22 -1.18754187E-03 21 1.33482111E-03 23 9.77047812E-03 16 1.44680077E-02
 126841 1 8 0.00000000E+00 19 0.576323152 18 0.310248137 20 9.28225443E-02 17 1.82782405E-03 22 -2.30268436E-03 23 1.70337874E-02 21 -3.71169555E-03 16 7.75891636E-03
 126842 1 8 0.00000000E+00 19 0.488461107 18 0.312372923 20 0.166028500 17 4.74103633E-03 22 -2.55304482E-03 23 2.86837369E-02 21 -4.79113124E-03 16 7.05688866E-03
 127384 1 8 0.00000000E+00 19 0.470385432 18 0.409605831 20 -1.02384118E-02 17 4.82001193E-02 16 5.20324595E-02 21 2.06526741E-02 22 2.07748241E-03 23 7.28439400E-03
 127385 1 8 0.00000000E+00 19 0.484264523 18 0.440018445 20 2.85424967E-03 17 2.37410311E-02 16 3.12615409E-02 22 3.87752167E-04 21 1.00338608E-02 23 7.43858842E-03
 127386 1 8 0.00000000E+00 19 0.475667983 18 0.455252945 20 3.17468606E-02 17 7.60683045E-03 16 1.70395803E-02 22 -8.65815033E-04 23 1.11629944E-02 21 2.38861633E-03
 127387 1 8 0.00000000E+00 19 0.441816300 18 0.451905847 20 7.70868510E-02 17 3.08034569E-03 22 -1.48907478E-03 23 1.90999117E-02 16 9.95886605E-03 21 -1.45906454E-03
 127388 1 8 0.00000000E+00 19 0.390145272 18 0.432747930 20 0.131843045 17 8.37238505E-03 22 -1.32761663E-03 23 3.11652608E-02 21 -1.91967969E-03 16 8.97339359E-03
 127929 1 8 0.00000000E+00 18 0.453680873 19 0.342740804 17 9.87550244E-02 20 -1.45577583E-02 16 8.05212334E-02 21 2.70766187E-02 22 3.47382738E-03 23 8.30937549E-03
 127930 1 8 0.00000000E+00 18 0.522526860 19 0.346454531 17 6.38724864E-02 20 -1.06112659E-02 16 5.29298335E-02 22 1.78320834E-03 21 1.70085821E-02 23 6.03577215E-03
 127931 1 8 0.00000000E+00 18 0.582454383 19 0.340066016 17 2.96848118E-02 20 1.79671578E-03 16 3.08373738E-02 22 4.01953323E-04 21 8.49671476E-03 23 6.26202067E-03
 127932 1 8 0.00000000E+00 18 0.611584127 19 0.326302886 17 7.44764041E-03 20 2.59280931E-02 16 1.61098242E-02 22 -4.64091805E-04 23 1.03374179E-02 21 2.75414414E-03
 127933 1 8 0.00000000E+00 18 0.596782446 19 0.308618456 20 6.19609766E-02 17 4.26525762E-03 16 9.47641302E-03 22 -6.42322702E-04 23 1.90781839E-02 21 4.60611074E-04
 127934 1 8 0.00000000E+00 18 0.551918387 19 0.285651028 20 0.105213240 17 1.47931622E-02 22 -9.65770887E-05 16 9.41398554E-03 23 3.19118276E-02 21 1.19493576E-03
 128474 1 6 0.00000000E+00 18 0.430311888 19 0.253839165 17 0.169261858 16 0.118536301 20 -9.58583876E-03 21 3.76366191E-02
 128475 1 7 0.00000000E+00 18 0.517418325 19 0.248141706 17 0.135943070 20 -1.43439295E-02 16 8.27215239E-02 21 2.25886237E-02 22 7.53068086E-03
 128476 1 8 0.00000000E+00 18 0.618475735 19 0.231178805 17 9.07626227E-02 20 -1.18831471E-02 16 5.19688800E-02 22 1.58884015E-03 21 1.38295898E-02 23 4.07867925E-03
 128477 1 8 0.00000000E+00 18 0.720434725 19 0.203962147 17 4.00309749E-02 20 -2.40439316E-03 16 2.73605604E-02 22 4.30071988E-04 21 6.61872793E-03 23 3.56718036E-03
 128478 1 8 0.00000000E+00 18 0.775380909 19 0.181765243 17 5.40539343E-03 20 1.66317504E-02 16 1.14279324E-02 22 -1.40973047E-04 23 7.32192630E-03 21 2.20779632E-03
 128479 1 8 0.00000000E+00 18 0.736731470 19 0.181882679 17 8.40399601E-03 20 4.71016876E-02 16 6.49131695E-03 22 1.48775551E-04 23 1.74170602E-02 21 1.82303600E-03
 128480 1 8 0.00000000E+00 18 0.655466497 19 0.186408341 17 2.87795644E-02 20 8.36234763E-02 16 8.72976705E-03 22 1.11401686E-03 23 3.16283889E-02 21 4.24996903E-03
 128481 1 8 0.00000000E+00 18 0.573589623 19 0.183011785 20 0.120347425 17 4.95317467E-02 16 1.46565875E-02 23 4.79876436E-02 22 2.58301757E-03 21 8.29215627E-03
 129021 1 5 0.00000000E+00 18 0.546565652 17 0.196091861 19 0.171322569 16 8.83852690E-02 20 -2.36537587E-03
 129022 1 6 0.00000000E+00 18 0.670145154 17 0.141756356 19 0.137875468 20 -1.04138087E-02 16 5.13932668E-02 22 9.24355257E-03
 129023 1 7 0.00000000E+00 18 0.819421172 19 8.94296691E-02 17 7.02568218E-02 20 -6.20289659E-03 16 2.29861476E-02 22 3.00610601E-03 23 1.10295683E-03
 129024 1 7 0.00000000E+00 18 0.948556900 19 4.01141308E-02 17 1.05113210E-03 20 4.85507073E-03 16 2.85624294E-03 22 3.30316252E-04 23 2.23618164E-03
 129025 1 8 0.00000000E+00 18 0.836803973 19 7.55809322E-02 17 3.00463606E-02 20 3.44344713E-02 16 3.03644012E-03 22 9.84444981E-04 23 1.58201549E-02 21 3.29320459E-03
 129026 1 8 0.00000000E+00 18 0.717551351 19 0.105065003 17 6.03996217E-02 20 6.69850707E-02 16 8.37744307E-03 23 3.16379033E-02 22 2.38309195E-03 21 7.60049140E-03
 129027 1 8 0.00000000E+00 18 0.617815375 19 0.120182410 17 8.22129697E-02 20 9.85942259E-02 16 1.60748623E-02 23 4.82981652E-02 22 4.07503219E-03 21 1.27469562E-02
 129564 1 5 0.00000000E+00 17 0.302945167 18 0.285889357 16 0.235027462 19 0.157418862 20 1.87191684E-02
 129567 1 5 0.00000000E+00 18 0.525331914 17 0.279202878 19 0.111017048 16 8.73381868E-02 20 -2.88999802E-03
 129568 1 5 0.00000000E+00 18 0.647720993 17 0.229398340 19 7.64427632E-02 16 5.09739257E-02 20 -4.53601545E-03
 129569 1 5 0.00000000E+00 18 0.785807729 17 0.160755411 19 3.20619047E-02 20 -1.75351487E-03 16 2.31284648E-02
 129570 1 6 0.00000000E+00 18 0.878346384 17 0.101891533 19 -2.21172639E-04 20 6.89740665E-03 16 5.84653579E-03 22 7.23929843E-03
 129571 1 7 0.00000000E+00 18 0.814540029 17 0.104024351 19 2.26775557E-02 20 2.99086459E-02 16 4.87112161E-03 22 5.60085615E-03 23 1.83774531E-02
 129572 1 7 0.00000000E+00 18 0.712673962 17 0.120280437 19 5.41491099E-02 20 5.79796024E-02 16 1.13402726E-02 23 3.38466577E-02 22 9.72993392E-03
 130109 1 5 0.00000000E+00 17 0.327666253 18 0.210837826 16 0.312543750 19 0.125548020 20 2.34041400E-02
 130110 1 5 0.00000000E+00 17 0.364184380 18 0.251348823 16 0.250279009 19 0.119546548 20 1.46412477E-02
 130111 1 5 0.00000000E+00 17 0.391289860 18 0.304001927 16 0.188798457 19 0.108948208 20 6.96155149E-03
 130112 1 5 0.00000000E+00 17 0.401716620 18 0.372302264 19 9.27193463E-02 16 0.132123709 20 1.13803765E-03
 130113 1 5 0.00000000E+00 18 0.458694249 17 0.388496518 19 7.03261495E-02 16 8.42658728E-02 20 -1.78280321E-03
 130114 1 5 0.00000000E+00 18 0.560261130 17 0.349578917 19 4.27115150E-02 16 4.80535962E-02 20 -6.05180277E-04
 130115 1 5 0.00000000E+00 18 0.660349846 17 0.293747872 19 1.51101220E-02 16 2.44943257E-02 20 6.29784772E-03
 130116 1 5 0.00000000E+00 18 0.719700396 17 0.243336260 19 1.13815407E-03 20 2.18158476E-02 16 1.40093509E-02
 130117 1 5 0.00000000E+00 18 0.708820999 17 0.217019409 19 1.09194210E-02 20 4.74684425E-02 16 1.57716963E-02
 130654 1 5 0.00000000E+00 16 0.408494860 17 0.314980209 18 0.149754256 19 9.99584645E-02 20 2.68122293E-02
 130655 1 5 0.00000000E+00 17 0.372102648 16 0.339626819 18 0.173669562 19 9.57250893E-02 20 1.88758951E-02
 130656 1 5 0.00000000E+00 17 0.428946108 18 0.203872621 16 0.267293215 19 8.83624107E-02 20 1.15256626E-02
 130657 1 5 0.00000000E+00 17 0.479313076 18 0.242685750 16 0.195672169 19 7.71664456E-02 20 5.16255898E-03
 130658 1 5 0.00000000E+00 17 0.513505578 18 0.293698281 16 0.130092561 19 6.19667657E-02 20 7.36832211E-04
 130659 1 5 0.00000000E+00 17 0.519228339 18 0.360460222 19 4.35528606E-02 16 7.70177841E-02 20 -2.59246124E-04
 130660 1 5 0.00000000E+00 17 0.490025550 18 0.440767705 19 2.41785236E-02 16 4.12914976E-02 20 3.73672019E-03
 130661 1 5 0.00000000E+00 18 0.519611537 17 0.435690641 19 8.21377244E-03 16 2.26948559E-02 20 1.37891909E-02
 131198 1 6 0.00000000E+00 16 0.558273852 17 0.202938676 18 8.79269019E-02 19 7.44042397E-02 15 5.11290692E-02 20 2.53272336E-02
 131199 1 6 0.00000000E+00 16 0.504455268 17 0.262211472 18 9.95111465E-02 19 7.38457888E-02 20 1.98178980E-02 15 4.01584469E-02
 131200 1 6 0.00000000E+00 16 0.436479867 17 0.331142932 18 0.113381073 19 7.20555335E-02 20 1.48163475E-02 15 3.21242735E-02
 131201 1 5 0.00000000E+00 17 0.410978645 16 0.370749831 18 0.131932124 19 7.08553642E-02 20 1.54840294E-02
 131202 1 5 0.00000000E+00 17 0.490220994 16 0.286936402 18 0.149775580 19 6.34623766E-02 20 9.60464496E-03
 131203 1 5 0.00000000E+00 17 0.568672955 18 0.171137854 16 0.203015760 19 5.28976098E-02 20 4.27584443E-03
 131204 1 5 0.00000000E+00 17 0.635352790 18 0.199619874 16 0.124940559 19 3.95526476E-02 20 5.34112274E-04
 131205 1 5 0.00000000E+00 17 0.667126000 18 0.243717492 16 6.33787811E-02 19 2.51503922E-02 20 6.27341331E-04
 131742 1 5 0.00000000E+00 16 0.683177054 17 0.101124711 18 5.85013069E-02 15 8.00759122E-02 19 7.71210045E-02
 131743 1 5 0.00000000E+00 16 0.673423290 17 0.137608513 18 6.15517832E-02 19 7.08393902E-02 15 5.65770082E-02
 131744 1 5 0.00000000E+00 16 0.633478999 17 0.191618174 18 6.70280531E-02 19 6.66758344E-02 15 4.11989316E-02
 131745 1 6 0.00000000E+00 16 0.567131042 17 0.260569870 18 7.27730468E-02 19 5.36720566E-02 15 3.03003024E-02 20 1.55536970E-02
 131746 1 6 0.00000000E+00 16 0.486169666 17 0.342944831 18 8.11406001E-02 19 5.20889349E-02 20 1.23399580E-02 15 2.53159888E-02
 131747 1 6 0.00000000E+00 17 0.434973180 16 0.396717995 18 8.91400799E-02 19 4.85960171E-02 20 9.19341110E-03 15 2.13792883E-02
 131748 1 5 0.00000000E+00 17 0.537797153 16 0.310844541 18 9.74121094E-02 19 4.43981215E-02 20 9.54810437E-03
 131749 1 5 0.00000000E+00 17 0.644229114 16 0.214338899 18 0.101187654 19 3.51122171E-02 20 5.13210474E-03
 131750 1 5 0.00000000E+00 17 0.752089262 18 0.103305034 16 0.120032363 19 2.34381426E-02 20 1.13519991E-03
 132288 1 5 0.00000000E+00 16 0.765504301 17 7.14333877E-02 18 4.07312885E-02 15 6.72687665E-02 19 5.50622754E-02
 132289 1 5 0.00000000E+00 16 0.763733923 17 0.107045583 18 4.09846529E-02 15 4.06268835E-02 19 4.76089604E-02
 132290 1 5 0.00000000E+00 16 0.715384364 17 0.168090284 18 4.43362445E-02 19 4.46536951E-02 15 2.75354385E-02
 132291 1 5 0.00000000E+00 16 0.633850276 17 0.249216661 18 4.92745899E-02 19 4.40383591E-02 15 2.36200988E-02
 132292 1 6 0.00000000E+00 16 0.536528468 17 0.342411846 18 5.25794737E-02 19 3.58329900E-02 15 2.14735810E-02 20 1.11736683E-02
 132293 1 6 0.00000000E+00 17 0.445739657 16 0.434963554 18 5.49161211E-02 19 3.35040241E-02 20 9.96469706E-03 15 2.09119599E-02
 132294 1 6 0.00000000E+00 17 0.558146119 16 0.332190782 18 5.34825288E-02 19 2.88640056E-02 20 8.25569965E-03 15 1.90608911E-02
 132295 1 5 0.00000000E+00 17 0.683113337 16 0.236204460 18 4.78274599E-02 19 2.34849341E-02 20 9.36978776E-03
 132296 1 5 0.00000000E+00 17 0.817296624 18 3.17802206E-02 16 0.131391689 19 1.37902293E-02 20 5.74125815E-03
 132835 1 5 0.00000000E+00 16 0.867340922 17 6.45438880E-02 18 2.09668688E-02 15 2.23227907E-02 19 2.48255283E-02
 132836 1 5 0.00000000E+00 16 0.799119830 17 0.136131868 18 2.40025911E-02 15 1.55239245E-02 19 2.52217669E-02
 132837 1 5 0.00000000E+00 16 0.692958355 17 0.229874760 18 2.85825133E-02 19 2.88645979E-02 15 1.97197702E-02
 132838 1 5 0.00000000E+00 16 0.581041276 17 0.331908762 18 3.14634852E-02 19 3.11033782E-02 15 2.44831033E-02
 132839 1 6 0.00000000E+00 16 0.469849557 17 0.438859999 18 3.00230645E-02 19 2.27067322E-02 15 2.57808752E-02 20 1.27797863E-02
 132840 1 6 0.00000000E+00 17 0.551973820 16 0.362943321 18 2.58673746E-02 19 1.97870638E-02 20 1.29227219E-02 15 2.65056826E-02
 133380 1 5 0.00000000E+00 16 0.905482233 17 9.10414662E-03 15 5.47871664E-02 18 1.08295558E-02 19 1.97968725E-02
 133381 1 5 0.00000000E+00 16 0.983431995 17 1.04922000E-02 18 2.01101345E-03 15 1.68447045E-03 19 2.38032313E-03
 133382 1 5 0.00000000E+00 16 0.853262782 17 0.110095084 18 9.13612358E-03 15 1.50537994E-02 19 1.24521879E-02
 133383 1 5 0.00000000E+00 16 0.726526976 17 0.212415352 18 1.43584860E-02 15 2.64335219E-02 19 2.02656444E-02
 133384 1 5 0.00000000E+00 16 0.607828438 17 0.315634489 18 1.69427898E-02 19 2.51556691E-02 15 3.44385877E-02
 133385 1 5 0.00000000E+00 16 0.496394485 17 0.420026213 18 1.66894309E-02 19 2.73547117E-02 15 3.95351388E-02
 133926 1 5 0.00000000E+00 16 0.868622363 17 1.96235590E-02 15 8.52030218E-02 18 7.04931840E-03 19 1.95017643E-02
 133927 1 5 0.00000000E+00 16 0.896801353 17 4.29559834E-02 18 2.04115454E-03 15 4.80521210E-02 19 1.01493876E-02
 133928 1 5 0.00000000E+00 16 0.825507522 17 0.114551328 18 4.06317692E-03 15 4.26044688E-02 19 1.32735008E-02
 133929 1 5 0.00000000E+00 16 0.718841970 17 0.205414891 18 7.63539271E-03 15 4.82361875E-02 19 1.98715366E-02
 134471 1 4 0.00000000E+00 16 0.747030258 17 3.75312567E-02 15 0.179413840 18 3.60246450E-02
 134472 1 4 0.00000000E+00 16 0.791551352 17 4.84359153E-02 15 0.135084242 18 2.49284543E-02
 135016 1 4 0.00000000E+00 16 0.636715412 15 0.266644090 17 4.77987342E-02 18 4.88417558E-02
 135017 1 4 0.00000000E+00 16 0.681528330 15 0.222019956 17 5.60926870E-02 18 4.03590016E-02
 135018 1 4 0.00000000E+00 16 0.710681200 17 7.34139159E-02 15 0.182753667 18 3.31512392E-02
 135562 1 5 0.00000000E+00 16 0.571645021 15 0.274553180 17 5.42528145E-02 18 4.14060988E-02 14 5.81428558E-02
 135563 1 4 0.00000000E+00 16 0.615433693 15 0.264944583 17 7.31878206E-02 18 4.64338884E-02
 136108 1 5 0.00000000E+00 16 0.515108287 15 0.311808884 17 6.55279309E-02 18 4.48413268E-02 14 6.27135411E-02
 136653 1 4 0.00000000E+00 16 0.436200321 15 0.396682888 17 9.34100226E-02 14 7.37067759E-02
 136654 1 5 0.00000000E+00 16 0.461669475 15 0.346502990 17 7.49793351E-02 14 6.78150803E-02 18 4.90331389E-02
 137197 1 4 0.00000000E+00 15 0.533432364 16 0.317714423 14 6.97707757E-02 17 7.90824667E-02
 137198 1 4 0.00000000E+00 15 0.479827523 16 0.356337339 17 8.98783207E-02 14 7.39568174E-02
 137199 1 4 0.00000000E+00 15 0.429362357 16 0.390995473 17 0.101898789 14 7.77433887E-02
 137200 1 4 0.00000000E+00 16 0.420146853 15 0.382858783 17 0.115884289 14 8.11100826E-02
 137742 1 4 0.00000000E+00 15 0.627367437 16 0.240539044 14 6.21886067E-02 17 6.99049160E-02
 137743 1 4 0.00000000E+00 15 0.566179514 16 0.280819714 14 7.02435747E-02 17 8.27571899E-02
 137744 1 4 0.00000000E+00 15 0.509065628 16 0.317682773 14 7.73654282E-02 17 9.58861932E-02
 138283 1 3 0.00000000E+00 15 0.862415433 14 9.37875882E-02 16 4.37970012E-02
 138284 1 3 0.00000000E+00 15 0.922867477 14 3.23012322E-02 16 4.48312722E-02
 138288 1 4 0.00000000E+00 15 0.653967500 16 0.209354833 14 6.41656145E-02 17 7.25120530E-02
 138824 1 4 0.00000000E+00 14 0.500136316 15 0.395428807 13 4.56948914E-02 16 5.87399602E-02
 138825 1 4 0.00000000E+00 15 0.478142738 14 0.423539996 16 5.55452369E-02 13 4.27720211E-02
 138826 1 4 0.00000000E+00 15 0.567507446 14 0.343413264 16 5.02273440E-02 13 3.88519652E-02
 138827 1 3 0.00000000E+00 15 0.670417786 14 0.277709961 16 5.18722646E-02
 138828 1 3 0.00000000E+00 15 0.771626830 14 0.190001562 16 3.83715928E-02
 138829 1 3 0.00000000E+00 15 0.879219711 14 9.98928025E-02 16 2.08874829E-02
 138830 1 3 0.00000000E+00 15 0.971492290 14 1.97928268E-02 16 8.71487800E-03
 138831 1 3 0.00000000E+00 15 0.902920842 14 3.23689021E-02 16 6.47102669E-02
 138833 1 3 0.00000000E+00 15 0.745593548 16 0.181320608 14 7.30858669E-02
 138834 1 4 0.00000000E+00 15 0.664225698 16 0.184873506 14 7.34619051E-02 17 7.74389058E-02
 139368 1 3 0.00000000E+00 14 0.708401561 15 0.238313854 13 5.32845668E-02
 139369 1 3 0.00000000E+00 14 0.637092888 15 0.310536921 13 5.23701683E-02
 139370 1 3 0.00000000E+00 14 0.555701673 15 0.390752196 13 5.35461344E-02
 139371 1 4 0.00000000E+00 14 0.460758626 15 0.453712553 13 4.00299653E-02 16 4.54988517E-02
 139372 1 4 0.00000000E+00 15 0.543403924 14 0.375377357 16 4.21853140E-02 13 3.90333794E-02
 139373 1 4 0.00000000E+00 15 0.636407733 14 0.290930539 16 3.66214067E-02 13 3.60403173E-02
 139374 1 3 0.00000000E+00 15 0.736924708 14 0.224415019 16 3.86602432E-02
 139377 1 3 0.00000000E+00 15 0.850336671 14 7.57220089E-02 16 7.39413127E-02
 139378 1 3 0.00000000E+00 15 0.794684768 14 8.26317295E-02 16 0.122683488
 139379 1 3 0.00000000E+00 15 0.732222140 14 9.50484797E-02 16 0.172729403
 139380 1 3 0.00000000E+00 15 0.671544433 16 0.220351785 14 0.108103804
 139909 1 3 0.00000000E+00 14 0.686264515 13 0.211421728 15 0.102313742
 139910 1 3 0.00000000E+00 14 0.750070810 15 9.08076167E-02 13 0.159121588
 139911 1 3 0.00000000E+00 14 0.811915994 15 8.21684524E-02 13 0.105915576
 139913 1 3 0.00000000E+00 14 0.843304098 15 0.120918624 13 3.57772820E-02
 139914 1 3 0.00000000E+00 14 0.775172651 15 0.189084128 13 3.57432403E-02
 140454 1 4 0.00000000E+00 14 0.611671388 13 0.229087755 15 7.42886811E-02 11 8.49521756E-02
 140455 1 3 0.00000000E+00 14 0.695478201 13 0.224110022 15 8.04118067E-02
 140456 1 3 0.00000000E+00 14 0.770229042 13 0.165934473 15 6.38364702E-02
 140457 1 3 0.00000000E+00 14 0.851818979 15 4.50547561E-02 13 0.103126273
 140458 1 3 0.00000000E+00 14 0.935620546 15 2.65000258E-02 13 3.78794484E-02
 140459 1 3 0.00000000E+00 14 0.928142190 15 5.95631488E-02 13 1.22946687E-02
 141000 1 4 0.00000000E+00 14 0.600363374 13 0.258543581 15 6.33177757E-02 11 7.77752846E-02
 141545 1 4 0.00000000E+00 14 0.510878682 13 0.339186639 15 6.49735481E-02 11 8.49611163E-02
 141546 1 4 0.00000000E+00 14 0.574334860 13 0.294914693 15 5.83724566E-02 11 7.23779872E-02
 142090 1 5 0.00000000E+00 13 0.415573657 14 0.413363159 11 4.48179245E-02 15 5.50148264E-02 12 7.12304488E-02
 142091 1 4 0.00000000E+00 14 0.477353483 13 0.383013338 15 6.15091473E-02 11 7.81240314E-02
 142636 1 5 0.00000000E+00 13 0.467778683 14 0.376604229 11 3.96549329E-02 15 5.18822111E-02 12 6.40799552E-02
 142637 1 4 0.00000000E+00 14 0.437147796 13 0.430403829 11 7.17627332E-02 15 6.06856421E-02
 143182 1 5 0.00000000E+00 13 0.522575736 14 0.335900486 11 3.43238562E-02 15 5.02413660E-02 12 5.69585674E-02
 143183 1 4 0.00000000E+00 13 0.478998721 14 0.393330574 11 6.60172030E-02 15 6.16535023E-02
 143728 1 5 0.00000000E+00 13 0.576876760 14 0.293755680 11 2.94195730E-02 15 4.98154014E-02 12 5.01325577E-02
 143729 1 5 0.00000000E+00 13 0.518951714 14 0.343285084 11 3.00944429E-02 15 5.71186170E-02 12 5.05501591E-02
 144251 1 8 0.00000000E+00 10 0.502914369 12 0.402936786 9 6.57585636E-02 11 5.14232041E-03 8 -9.23851039E-03 7 5.77306515E-03 6 9.43702459E-03 13 1.72763653E-02
 144252 1 8 0.00000000E+00 12 0.532111466 10 0.374866605 9 6.43038601E-02 11 5.41530456E-03 8 -8.55651591E-03 7 6.09207759E-03 6 9.08373483E-03 13 1.66834649E-02
 144253 1 8 0.00000000E+00 12 0.669104517 10 0.254321188 9 5.02172299E-02 11 4.06229077E-03 8 -6.33058092E-03 7 5.47966734E-03 13 1.50647527E-02 6 8.08093138E-03
 144254 1 8 0.00000000E+00 12 0.812518835 10 0.140522003 11 8.59337626E-04 9 2.61523854E-02 8 -2.93415156E-03 7 3.61470203E-03 13 1.28332060E-02 6 6.43371185E-03
 144255 1 8 0.00000000E+00 12 0.933157146 11 6.72559766E-03 10 4.19080816E-02 9 -1.56768132E-03 8 9.66961496E-04 13 1.28997425E-02 7 9.93119320E-04 6 4.91704466E-03
 144271 1 4 0.00000000E+00 13 0.793670356 14 0.126567826 11 3.70777659E-02 12 4.26840708E-02
 144272 1 4 0.00000000E+00 13 0.756610274 14 0.171925947 11 2.81028524E-02 12 4.33609560E-02
 144275 1 5 0.00000000E+00 13 0.560326397 14 0.301241845 11 2.98236944E-02 15 6.09670132E-02 12 4.76410426E-02
 144276 1 4 0.00000000E+00 13 0.504901469 14 0.351885289 11 6.48768842E-02 15 7.83363432E-02
 144795 1 7 0.00000000E+00 10 0.777468741 12 0.137999803 9 8.22743028E-02 8 -6.12182077E-03 11 5.68868453E-03 7 9.37654695E-04 6 1.75264117E-03
 144796 1 7 0.00000000E+00 10 0.623402476 12 0.255677760 9 0.114273310 8 -1.08778514E-02 11 1.11845154E-02 7 3.24320397E-03 6 3.09655815E-03
 144797 1 8 0.00000000E+00 10 0.482412577 12 0.377641886 9 0.125691161 11 1.43253356E-02 8 -1.36574972E-02 7 5.14328247E-03 6 2.87522632E-03 13 5.56802470E-03
 144798 1 8 0.00000000E+00 12 0.506462753 10 0.353744626 9 0.119283840 11 2.00173371E-02 8 -1.36222150E-02 7 6.91672973E-03 6 2.68525979E-03 13 4.51166043E-03
 144799 1 8 0.00000000E+00 12 0.641869962 10 0.234319329 9 9.85130519E-02 11 2.54473966E-02 8 -1.15107475E-02 7 7.47042941E-03 6 1.80331478E-03 13 2.08727387E-03
 144800 1 8 0.00000000E+00 12 0.781650424 10 0.122730769 11 3.09407003E-02 9 6.72506168E-02 8 -7.92561006E-03 7 6.34621456E-03 13 -1.27086043E-03 6 2.77723069E-04
 144801 1 8 0.00000000E+00 12 0.893231690 11 4.90301773E-02 10 2.80170906E-02 9 3.29258963E-02 8 -3.74474004E-03 7 4.03116969E-03 13 -2.45841336E-03 6 -1.03288773E-03
 144802 1 8 0.00000000E+00 12 0.820569873 11 0.142708749 10 6.92812842E-04 9 1.87310167E-02 8 -9.74835595E-04 13 1.20613957E-02 7 4.18406306E-03 6 2.02693581E-03
 144803 1 8 0.00000000E+00 12 0.682618916 11 0.260009140 10 4.87036305E-04 9 1.11779245E-02 13 3.37894522E-02 8 1.25833973E-03 7 4.29141428E-03 6 6.36778772E-03
 144817 1 4 0.00000000E+00 13 0.887213707 11 1.68899745E-02 14 7.34838471E-02 12 2.24124510E-02
 144818 1 4 0.00000000E+00 13 0.822986841 14 0.128794685 11 1.79295298E-02 12 3.02889142E-02
 144819 1 4 0.00000000E+00 13 0.745911717 14 0.188413367 11 2.55154539E-02 12 4.01594453E-02
 144821 1 5 0.00000000E+00 13 0.591397524 14 0.263628691 11 3.26581001E-02 15 6.60816953E-02 12 4.62340005E-02
 144822 1 4 0.00000000E+00 13 0.532931387 14 0.311956823 11 6.96040988E-02 15 8.55077207E-02
 145341 1 7 0.00000000E+00 10 0.683489263 9 0.183958784 12 0.126762226 8 1.45752309E-03 11 8.45755823E-03 7 -2.84024328E-03 6 -1.28511805E-03
 145346 1 8 0.00000000E+00 12 0.668857753 10 0.121817812 11 9.22706723E-02 9 0.125623077 8 -1.28238862E-02 7 1.38461646E-02 13 -6.71562133E-03 6 -2.87596835E-03
 145347 1 8 0.00000000E+00 12 0.720096409 11 0.143443868 10 5.10513708E-02 9 8.92298594E-02 8 -8.93328898E-03 7 1.31151797E-02 13 -5.28898742E-03 6 -2.71438016E-03
 145348 1 8 0.00000000E+00 12 0.683155715 11 0.232594728 10 1.44025562E-02 9 6.11460991E-02 8 -5.45935240E-03 13 3.12043820E-03 7 1.18165147E-02 6 -7.76715169E-04
 145349 1 8 0.00000000E+00 12 0.584612906 11 0.346496731 10 2.31173006E-03 9 3.98870222E-02 13 1.73478294E-02 8 -2.51374906E-03 7 9.61800944E-03 6 2.23947992E-03
 145350 1 8 0.00000000E+00 12 0.468781948 11 0.462104023 10 9.02789761E-05 9 2.15632170E-02 13 3.58388349E-02 8 1.12080452E-04 7 6.21181261E-03 6 5.29780751E-03
 145351 1 8 0.00000000E+00 11 0.560685992 12 0.358068049 10 1.50324672E-03 9 5.76864043E-03 13 6.07954562E-02 8 2.49908259E-03 7 2.48462870E-03 6 8.19493178E-03
 145352 1 7 0.00000000E+00 11 0.622100294 12 0.266363740 13 9.80697572E-02 9 -6.28065132E-03 10 4.94332705E-03 8 7.87847955E-03 7 6.92502642E-03
 145359 1 6 0.00000000E+00 13 0.618535459 11 0.259702772 12 5.23465239E-02 14 4.20494527E-02 9 1.09343268E-02 10 1.64314602E-02
 145360 1 5 0.00000000E+00 13 0.718700707 11 0.186747149 12 4.24213856E-02 14 3.58562060E-02 9 1.62745360E-02
 145361 1 4 0.00000000E+00 13 0.826390147 11 0.115928344 12 3.11880112E-02 14 2.64934711E-02
 145362 1 4 0.00000000E+00 13 0.939861238 11 3.98591645E-02 14 9.54198185E-03 12 1.07376110E-02
 145363 1 4 0.00000000E+00 13 0.948042989 11 8.61515105E-03 14 3.48524041E-02 12 8.48944299E-03
 145365 1 4 0.00000000E+00 13 0.767828166 14 0.162971929 11 3.17133665E-02 12 3.74865197E-02
 145366 1 4 0.00000000E+00 13 0.690050960 14 0.219879791 11 4.08572368E-02 12 4.92120311E-02
 145367 1 5 0.00000000E+00 13 0.608388007 14 0.232294977 11 3.96868996E-02 15 7.27443397E-02 12 4.68857735E-02
 145887 1 7 0.00000000E+00 10 0.551765859 9 0.311851948 12 0.118066899 8 1.18653765E-02 11 1.37446932E-02 7 -5.64286485E-03 6 -1.65193353E-03
 145888 1 7 0.00000000E+00 10 0.461552411 9 0.320856661 12 0.201154619 8 -8.04541167E-03 11 2.64587253E-02 7 1.70444814E-03 6 -3.68145132E-03
 145898 1 8 0.00000000E+00 11 0.758649707 12 0.171935722 13 6.04875870E-02 9 -8.47366988E-04 10 1.34409976E-03 8 2.29877746E-03 7 -6.65946500E-05 6 6.19805045E-03
 145905 1 6 0.00000000E+00 13 0.604830861 11 0.286879450 12 3.77860554E-02 14 3.69617008E-02 9 1.65049173E-02 10 1.70370303E-02
 145906 1 5 0.00000000E+00 13 0.700077772 11 0.212209597 12 3.23468782E-02 14 3.23717445E-02 9 2.29940023E-02
 146433 1 7 0.00000000E+00 9 0.454230130 10 0.415069163 12 0.101698287 8 1.98795144E-02 7 -7.19910813E-03 11 1.79185830E-02 6 -1.59657781E-03
 146434 1 7 0.00000000E+00 9 0.452157229 10 0.351833612 12 0.168208122 8 -7.29140593E-03 11 3.54652777E-02 7 4.17462783E-03 6 -4.54748143E-03
 146443 1 8 0.00000000E+00 11 0.787645817 12 0.162780032 9 3.15869674E-02 10 1.14416680E-03 13 5.88211464E-03 7 1.21342074E-02 8 -1.84716855E-03 6 6.73855306E-04
 146444 1 8 0.00000000E+00 11 0.915025890 12 6.22573867E-02 13 1.80309564E-02 9 2.15044292E-03 10 1.30371176E-04 7 3.34325188E-04 8 4.13195143E-04 6 1.65744312E-03
 146452 1 5 0.00000000E+00 13 0.658990920 11 0.240898743 12 2.65672673E-02 14 3.93700786E-02 9 3.41730192E-02
 146453 1 4 0.00000000E+00 13 0.736810029 11 0.183470726 12 3.46833915E-02 14 4.50358503E-02
 146979 1 8 0.00000000E+00 9 0.609137535 10 0.280799687 8 2.26507597E-02 12 7.69064128E-02 7 -7.74255395E-03 11 1.83702074E-02 6 -2.69722147E-03 5 2.57515302E-03
 146989 1 8 0.00000000E+00 11 0.810305536 12 0.100902073 9 5.20883240E-02 13 4.39397804E-03 10 4.17525508E-03 7 2.95861661E-02 8 -2.42245686E-03 6 9.71106521E-04
 146998 1 5 0.00000000E+00 13 0.608807027 11 0.267041832 12 2.40699686E-02 14 5.19043729E-02 9 4.81767952E-02
 146999 1 4 0.00000000E+00 13 0.672876835 11 0.218886077 12 4.29870822E-02 14 6.52499795E-02
 147525 1 8 0.00000000E+00 9 0.777850688 10 0.150429636 8 1.72557849E-02 12 4.57508117E-02 7 -5.28747961E-03 6 -2.34916341E-03 11 1.43494084E-02 5 2.00031465E-03
 147526 1 8 0.00000000E+00 9 0.731083095 10 0.131982312 8 -1.46172335E-02 12 9.14310217E-02 7 2.11482961E-02 11 4.30885702E-02 6 -6.22460991E-03 5 2.10854760E-03
 147535 1 8 0.00000000E+00 11 0.752045393 12 7.75679201E-02 9 7.74125010E-02 13 2.50235256E-02 10 8.45330115E-03 7 5.69384284E-02 8 -1.80940831E-03 6 4.36836062E-03
 147536 1 8 0.00000000E+00 11 0.815377355 12 2.51377020E-02 9 4.73284647E-02 13 4.91521545E-02 10 7.90537335E-03 7 4.67595272E-02 8 7.51536107E-04 6 7.58790132E-03
 147537 1 8 0.00000000E+00 11 0.801720977 12 2.87135481E-03 13 9.72442031E-02 9 2.96550263E-02 10 9.90216341E-03 7 4.27912027E-02 8 3.41473916E-03 6 1.24003459E-02
 147538 1 8 0.00000000E+00 11 0.735300720 12 1.63557974E-03 13 0.161974564 9 2.08395589E-02 10 1.33280018E-02 7 4.29586954E-02 8 6.01091748E-03 6 1.79519337E-02
 147539 1 7 0.00000000E+00 11 0.653389275 13 0.234047577 12 6.58710441E-03 9 1.54046565E-02 10 1.80306174E-02 7 5.76895215E-02 8 1.48512423E-02
 147543 1 6 0.00000000E+00 13 0.498391062 11 0.349509686 12 1.33933118E-02 9 4.89696413E-02 14 5.94665073E-02 10 3.02697998E-02
 147544 1 5 0.00000000E+00 13 0.558115304 11 0.287241310 12 2.41422281E-02 14 6.67104051E-02 9 6.37907684E-02
 148072 1 8 0.00000000E+00 9 0.819862247 8 -5.40332217E-03 10 4.31878157E-02 7 4.67802957E-02 12 5.70652597E-02 11 4.37864624E-02 6 -7.77800148E-03 5 2.49927118E-03
 148085 1 8 0.00000000E+00 11 0.614580631 13 0.231759921 12 3.77671234E-03 9 2.81972531E-02 7 6.25679642E-02 10 2.16378085E-02 8 9.46655404E-03 6 2.80131511E-02
 148086 1 7 0.00000000E+00 11 0.547401786 13 0.296546876 12 7.20158638E-03 9 2.19218750E-02 7 7.96974972E-02 10 2.64921729E-02 8 2.07382198E-02
 148089 1 6 0.00000000E+00 13 0.453374654 11 0.345688403 12 1.91957280E-02 9 3.65575068E-02 14 6.39548078E-02 7 8.12288970E-02
 148090 1 5 0.00000000E+00 13 0.510921240 11 0.300410450 12 2.63184104E-02 14 8.21386799E-02 9 8.02112594E-02
 148617 1 8 0.00000000E+00 9 0.829457760 8 0.103738807 7 6.11105375E-02 10 -9.12101194E-03 6 -8.10099021E-03 12 6.41461601E-03 11 1.63066164E-02 5 1.93644926E-04
 148618 1 8 0.00000000E+00 9 0.769440711 8 5.04661277E-02 7 0.101548471 10 -1.20547519E-03 12 3.84055562E-02 6 -1.25652403E-02 11 5.05055822E-02 5 3.40425107E-03
 148632 1 7 0.00000000E+00 11 0.515245378 13 0.289170176 12 8.20754748E-03 9 3.08477413E-02 7 0.100415230 10 3.20642851E-02 8 2.40496732E-02
 148633 1 7 0.00000000E+00 11 0.458886623 13 0.343555629 12 1.03910444E-02 9 2.57262122E-02 7 9.85508338E-02 10 3.56566682E-02 8 2.72329692E-02
 148634 1 6 0.00000000E+00 11 0.402986526 13 0.397837102 12 1.27136661E-02 9 3.55189554E-02 7 0.108736426 10 4.22073230E-02
 148635 1 6 0.00000000E+00 13 0.417033881 11 0.343243331 12 2.10138075E-02 9 4.52159680E-02 7 9.76531953E-02 14 7.58398175E-02
 148636 1 5 0.00000000E+00 13 0.468705148 11 0.306866139 12 3.01826876E-02 9 9.68487710E-02 14 9.73972380E-02
 149163 1 8 0.00000000E+00 9 0.638079524 8 0.212992221 7 0.141764507 6 -1.35443937E-02 10 -1.66656747E-02 12 9.21742804E-03 11 2.86074840E-02 5 -4.51125612E-04
 149164 1 8 0.00000000E+00 9 0.635759771 8 0.123438939 7 0.180104524 10 -1.55746276E-02 6 -1.76977068E-02 12 3.03672869E-02 11 5.90807609E-02 5 4.52108076E-03
 149179 1 7 0.00000000E+00 11 0.433712989 13 0.329844326 12 1.32542718E-02 9 3.23062465E-02 7 0.117941216 10 4.18101437E-02 8 3.11308187E-02
 149180 1 6 0.00000000E+00 11 0.387597024 13 0.376977444 12 1.52785284E-02 9 4.29319479E-02 7 0.128187463 10 4.90275808E-02
 149181 1 5 0.00000000E+00 13 0.424315095 11 0.343269080 12 3.73134688E-02 9 6.41599372E-02 7 0.130942419
 149706 1 8 0.00000000E+00 8 0.835020840 9 0.131790072 7 3.02411020E-02 6 -4.70047770E-03 10 1.03406878E-02 12 -1.90823467E-03 4 -3.09177383E-04 5 -4.74836095E-04
 149707 1 8 0.00000000E+00 8 0.623078704 9 0.275030941 7 0.108523101 6 -1.64651393E-03 10 -2.38443445E-03 12 -2.90577300E-03 5 -5.23834210E-03 11 5.54233696E-03
 149708 1 8 0.00000000E+00 8 0.431349903 9 0.396963358 7 0.179030076 6 -4.56916587E-03 10 -1.42647913E-02 12 8.62623623E-04 11 1.62386671E-02 5 -5.61069092E-03
 149709 1 8 0.00000000E+00 9 0.473464012 8 0.280817986 7 0.235118091 6 -1.19833434E-02 10 -2.11261921E-02 12 1.02609955E-02 11 3.53106745E-02 5 -1.86221185E-03
 149710 1 8 0.00000000E+00 9 0.495927125 8 0.174911112 7 0.274330646 6 -1.98315904E-02 10 -2.00953651E-02 12 2.52632033E-02 11 6.39358610E-02 5 5.55900997E-03
 150252 1 8 0.00000000E+00 8 0.823101938 9 5.20698838E-02 7 8.85371789E-02 6 4.96531241E-02 10 -7.66245276E-03 4 -3.48343514E-04 5 -6.03558822E-03 12 6.84250146E-04
 150253 1 8 0.00000000E+00 8 0.625202060 9 0.170119047 7 0.188436076 6 3.93632874E-02 10 -1.37605406E-02 5 -7.69014889E-03 12 3.71645484E-03 4 -5.38624451E-03
 150254 1 8 0.00000000E+00 8 0.442768246 9 0.269527793 7 0.277916253 6 1.84092503E-02 10 -1.96900051E-02 12 2.64978362E-03 5 -9.72123072E-03 11 1.81399193E-02
 150255 1 8 0.00000000E+00 8 0.298018157 9 0.337923706 7 0.345167726 6 -2.43924907E-03 10 -2.19209790E-02 12 9.97488573E-03 11 3.69888395E-02 5 -3.71306716E-03
 150256 1 8 0.00000000E+00 9 0.370855421 7 0.383669078 8 0.192131341 6 -1.86648909E-02 10 -2.00017635E-02 12 2.10616719E-02 11 6.41377419E-02 5 6.81139715E-03
 150257 1 8 0.00000000E+00 9 0.373382419 7 0.395299911 8 0.119991064 6 -2.78290901E-02 10 -1.46130724E-02 11 9.89816636E-02 12 3.43621932E-02 5 2.04249173E-02
 150798 1 8 0.00000000E+00 8 0.652408004 7 0.171521381 6 0.155170158 9 3.42593156E-02 10 -8.07833299E-03 5 -1.32631026E-02 4 6.33140001E-03 12 1.65118848E-03
 150800 1 8 0.00000000E+00 8 0.388283342 7 0.397178233 9 0.176435649 6 5.87446317E-02 10 -1.75909549E-02 5 -9.70234722E-03 4 -5.89610031E-03 12 1.25475321E-02
 150801 1 8 0.00000000E+00 7 0.474490196 8 0.265926987 9 0.229390040 6 1.21806031E-02 10 -1.92368012E-02 5 -5.51006524E-03 12 8.64636526E-03 11 3.41126733E-02
 150802 1 8 0.00000000E+00 7 0.508344710 8 0.174231365 9 0.264481813 6 -1.63995679E-02 10 -1.68578047E-02 5 8.99607688E-03 11 5.99868968E-02 12 1.72165018E-02
 150803 1 8 0.00000000E+00 7 0.503494561 9 0.279781044 8 0.110675037 6 -2.96278037E-02 10 -1.22100087E-02 11 9.31262672E-02 12 2.75450442E-02 5 2.72158496E-02
 151346 1 8 0.00000000E+00 7 0.527344108 8 0.289837837 6 0.103443570 9 0.103466801 5 -1.38638671E-02 10 -1.35099441E-02 4 -5.49738714E-03 12 8.77890643E-03
 151347 1 8 0.00000000E+00 7 0.627444744 8 0.197186202 6 2.63678022E-02 9 0.145149246 5 -1.79997925E-03 10 -1.24241356E-02 4 -3.55906249E-03 12 2.16351841E-02
 151348 1 8 0.00000000E+00 7 0.646022379 8 0.127806425 6 -1.68323889E-02 9 0.175446823 5 1.35168508E-02 10 -1.16733536E-02 11 5.21538705E-02 12 1.35594076E-02
 151349 1 8 0.00000000E+00 7 0.612916768 8 8.21154937E-02 9 0.198853791 6 -3.09366602E-02 5 3.78890075E-02 11 8.46672505E-02 10 -7.72819854E-03 12 2.22225673E-02
 151892 1 8 0.00000000E+00 7 0.656680405 6 0.149428308 8 0.173976466 9 4.58548069E-02 5 -1.38635384E-02 4 -5.13288006E-03 10 -6.85913535E-03 3 -8.44177048E-05
 151893 1 8 0.00000000E+00 7 0.798342347 6 2.46238057E-02 8 0.103571020 9 6.83447272E-02 5 -3.42516671E-03 4 -3.56959156E-03 10 -5.80002414E-03 11 1.79129019E-02
 151894 1 8 0.00000000E+00 7 0.783779860 6 -2.03976892E-02 8 6.47318065E-02 9 0.103321873 5 2.43409537E-02 10 -1.92519685E-03 4 -5.03427349E-04 11 4.66518030E-02
 151895 1 8 0.00000000E+00 7 0.705166638 6 -2.80115176E-02 8 4.32578623E-02 9 0.132382512 5 5.59889376E-02 11 7.53425881E-02 10 -2.31511542E-03 12 1.81880891E-02
 152437 1 8 0.00000000E+00 7 0.458607614 6 0.428115308 8 0.127409711 9 2.53249868E-03 5 -4.44854423E-03 4 -5.27220173E-03 3 -2.02629622E-03 10 -4.91809240E-03
 152438 1 8 0.00000000E+00 7 0.722619176 6 0.212381691 8 6.89529777E-02 9 4.52282000E-03 5 1.81269797E-03 4 -4.70410846E-03 3 -1.64353719E-03 10 -3.94169474E-03
 152439 1 8 0.00000000E+00 7 0.992379963 6 -8.78121995E-04 8 1.32247084E-03 9 3.67843406E-03 5 2.36459915E-03 4 1.13536160E-04 3 4.56950133E-04 10 5.62183617E-04
 152440 1 8 0.00000000E+00 7 0.864987791 6 -6.66399905E-03 8 6.71156868E-03 9 5.93538620E-02 5 4.89655547E-02 4 3.84752499E-03 3 9.53222159E-03 10 1.32655036E-02
 152441 1 8 0.00000000E+00 7 0.746517956 6 -1.15551008E-02 8 6.37590420E-03 9 8.52812007E-02 5 8.60155895E-02 4 5.27859293E-03 11 7.43353143E-02 10 7.75053585E-03
 152980 1 8 0.00000000E+00 6 0.744572639 7 -1.12662381E-02 8 0.142784983 4 0.109308496 5 6.84468495E-03 9 -9.04495642E-03 3 3.75791918E-03 10 1.30424732E-02
 152981 1 8 0.00000000E+00 6 0.865125179 7 1.95706096E-02 8 8.48882496E-02 4 3.53654847E-02 5 -4.89295227E-03 9 -4.80170082E-03 3 9.22001724E-04 10 3.82311456E-03
 152982 1 8 0.00000000E+00 6 0.800459802 7 0.156009629 8 4.84669469E-02 5 3.69931594E-03 4 -2.73682177E-03 9 -3.34354118E-03 3 -1.21151772E-03 10 -1.34383712E-03
 152983 1 8 0.00000000E+00 6 0.553911924 7 0.394861102 8 3.40932235E-02 5 3.09248008E-02 9 -5.59539720E-03 4 -3.90730007E-03 3 -2.20231479E-03 10 -2.08604499E-03
 152984 1 8 0.00000000E+00 7 0.634418011 6 0.317222923 8 6.06026780E-03 5 5.09821586E-02 9 -6.16365299E-03 4 -1.29603595E-03 3 -1.50290085E-03 10 2.79225438E-04
 152985 1 8 0.00000000E+00 7 0.796940923 6 0.137965605 8 -2.01479197E-02 5 7.07427934E-02 9 3.70430457E-03 4 2.29574088E-03 3 2.08088127E-03 10 6.41768519E-03
 152986 1 8 0.00000000E+00 7 0.793581367 6 5.84931076E-02 8 -2.25908011E-02 5 0.102094769 9 3.55059020E-02 4 6.02771062E-03 3 9.73955076E-03 10 1.71483960E-02
 152987 1 8 0.00000000E+00 7 0.713071525 6 2.67993528E-02 8 -1.63106378E-02 5 0.127473310 9 5.96169420E-02 4 4.84086061E-03 3 1.28443968E-02 11 7.16642663E-02
 153525 1 8 0.00000000E+00 6 0.631708622 7 -3.20516899E-02 4 0.227639496 8 0.113153353 5 4.12463397E-02 9 -8.52891151E-03 3 7.10335094E-03 10 1.97294373E-02
 153526 1 8 0.00000000E+00 6 0.756084859 7 -2.42083464E-02 8 7.06981346E-02 4 0.146566868 5 4.28109542E-02 9 -7.37502612E-03 3 4.63137170E-03 10 1.07912049E-02
 153527 1 8 0.00000000E+00 6 0.878832042 7 -2.60147895E-03 8 1.50550306E-02 5 4.10542563E-02 4 6.60591274E-02 9 -4.05227160E-03 3 1.98735995E-03 10 3.66592081E-03
 153528 1 8 0.00000000E+00 6 0.824953258 7 0.113631986 8 -1.46966251E-02 5 5.89929819E-02 4 2.09175628E-02 9 -3.70827550E-03 3 -3.61980317E-04 10 2.71104480E-04
 153529 1 8 0.00000000E+00 6 0.600378990 7 0.315960884 8 -1.70653332E-02 5 9.49714407E-02 4 1.24313990E-02 9 -6.02300419E-03 3 -1.60625519E-03 10 9.51852882E-04
 153530 1 8 0.00000000E+00 7 0.502012610 6 0.389818519 8 -2.56263334E-02 5 0.124803908 9 -4.16763686E-03 4 9.38757509E-03 3 -7.76869245E-04 10 4.54822462E-03
 153531 1 8 0.00000000E+00 7 0.625806570 6 0.228247672 5 0.150175512 8 -3.38291712E-02 9 6.46824948E-03 4 8.68762471E-03 3 3.12713860E-03 10 1.13164308E-02
 153532 1 8 0.00000000E+00 7 0.656506181 6 0.127065063 5 0.171313256 8 -3.34536806E-02 9 2.18038801E-02 4 6.55632187E-03 3 6.45621354E-03 11 4.37527262E-02
 153533 1 8 0.00000000E+00 7 0.629938126 6 7.06709921E-02 5 0.190086901 8 -2.75652371E-02 9 4.42536324E-02 3 1.39849093E-02 4 7.34532811E-03 11 7.12853372E-02
 154071 1 8 0.00000000E+00 6 0.578954458 4 0.283937454 7 -2.62895897E-02 5 7.88491517E-02 8 6.69900626E-02 3 9.64490883E-03 9 -7.61582004E-03 10 1.55293960E-02
 154072 1 8 0.00000000E+00 6 0.671383739 7 -1.09008346E-02 4 0.200078011 5 9.69229192E-02 8 3.28871794E-02 3 8.04867875E-03 9 -7.27674738E-03 10 8.85706674E-03
 154073 1 8 0.00000000E+00 6 0.727461100 7 3.00867110E-02 5 0.117586419 4 0.124328002 8 -2.81968573E-03 3 5.27024874E-03 9 -6.08881703E-03 10 4.17602202E-03
 154074 1 8 0.00000000E+00 6 0.686197340 7 0.122684054 5 0.147012681 8 -2.58354526E-02 4 7.11065605E-02 3 2.04560673E-03 9 -5.54819545E-03 10 2.33738427E-03
 154075 1 8 0.00000000E+00 6 0.552633226 7 0.258325577 5 0.182791054 8 -3.42993811E-02 4 4.20941822E-02 3 -2.61278823E-04 9 -4.95557580E-03 10 3.67216254E-03
 154076 1 8 0.00000000E+00 6 0.397683650 7 0.392347604 5 0.215013608 8 -3.83062586E-02 4 2.65458934E-02 3 -1.25306935E-04 9 -1.09745818E-03 10 7.93826208E-03
 154077 1 8 0.00000000E+00 7 0.490280569 6 0.264196455 5 0.239867434 8 -3.99817489E-02 4 1.83186103E-02 9 8.69673677E-03 3 3.59203783E-03 10 1.50299007E-02
 154078 1 8 0.00000000E+00 7 0.530921578 6 0.166671649 5 0.254224330 8 -3.70284691E-02 9 1.91812590E-02 3 6.91974396E-03 4 1.15944529E-02 11 4.75154556E-02
 154079 1 8 0.00000000E+00 7 0.532327950 6 0.102392681 5 0.263145119 8 -3.12268864E-02 9 3.61642800E-02 3 1.54354293E-02 4 1.01457927E-02 11 7.16156214E-02
 154615 1 8 0.00000000E+00 4 0.516555488 6 0.340800166 5 6.04892373E-02 7 -2.50257850E-02 8 7.42645487E-02 3 1.13358870E-02 9 -3.41201760E-03 10 2.49924753E-02
 154616 1 8 0.00000000E+00 4 0.434953302 6 0.416050822 5 8.87487605E-02 7 -2.38032378E-02 8 5.82362339E-02 3 1.43178878E-02 9 -5.87702589E-03 10 1.73732527E-02
 154617 1 8 0.00000000E+00 6 0.491764396 4 0.344793320 7 -1.58319194E-02 5 0.121486165 8 3.72602306E-02 3 1.64054409E-02 9 -7.15602515E-03 10 1.12783881E-02
 154618 1 8 0.00000000E+00 6 0.554160774 4 0.255631596 7 4.54164296E-03 5 0.157855093 8 1.27435550E-02 3 1.57835502E-02 9 -7.37519842E-03 10 6.65898481E-03
 154619 1 8 0.00000000E+00 6 0.580890596 7 4.64643873E-02 5 0.197889566 4 0.176439032 8 -1.08462246E-02 3 1.22087710E-02 9 -6.87044021E-03 10 3.82428523E-03
 154620 1 8 0.00000000E+00 6 0.550257504 7 0.117537305 5 0.241075099 4 0.114583433 8 -2.77463160E-02 3 6.91049034E-03 9 -5.88417426E-03 10 3.26667307E-03
 154621 1 8 0.00000000E+00 6 0.466673315 7 0.211085185 5 0.283147812 4 7.17679933E-02 8 -3.64412889E-02 3 2.17480026E-03 9 -3.73859983E-03 10 5.33080427E-03
 154622 1 8 0.00000000E+00 6 0.359972924 7 0.306310743 5 0.317325562 8 -3.97189558E-02 4 4.43444364E-02 3 5.25655982E-04 9 1.13881566E-03 10 1.01008145E-02
 154623 1 8 0.00000000E+00 7 0.382848680 6 0.258173823 5 0.339303702 8 -3.96342874E-02 3 3.66293313E-03 4 2.80589741E-02 9 1.00911036E-02 10 1.74950492E-02
 154624 1 8 0.00000000E+00 7 0.422899991 6 0.175736144 5 0.345516771 8 -3.57047468E-02 3 7.51435664E-03 4 1.64277498E-02 9 1.80980582E-02 11 4.95116860E-02
 154625 1 8 0.00000000E+00 7 0.438261628 5 0.343197018 6 0.115546308 8 -3.01850569E-02 3 1.75540727E-02 9 3.17030661E-02 4 1.24530280E-02 11 7.14699253E-02
 155161 1 7 0.00000000E+00 4 0.603330791 6 0.269681334 5 7.44217113E-02 7 -1.80403274E-02 3 1.69153679E-02 8 4.75748070E-02 9 6.11633295E-03
 155162 1 7 0.00000000E+00 4 0.506027520 6 0.333922088 5 0.115467735 7 -1.59665868E-02 3 2.53050681E-02 8 3.44432630E-02 9 8.00914015E-04
 155163 1 8 0.00000000E+00 4 0.402126104 6 0.393339366 5 0.163501382 7 -7.22575001E-03 3 3.01739480E-02 8 1.78414006E-02 9 -6.76715840E-03 10 7.01069366E-03
 155164 1 8 0.00000000E+00 6 0.436618716 4 0.303910434 5 0.218193606 7 1.26146590E-02 3 3.05569768E-02 8 1.17411569E-03 9 -7.18780281E-03 10 4.11929889E-03
 155165 1 8 0.00000000E+00 6 0.450975776 5 0.277372807 4 0.217273459 7 4.78686579E-02 3 2.51047164E-02 8 -1.44066950E-02 9 -6.82803430E-03 10 2.63933395E-03
 155166 1 8 0.00000000E+00 6 0.428255200 5 0.337292641 7 0.100601070 4 0.146707624 3 1.57809593E-02 8 -2.61115897E-02 9 -5.53511782E-03 10 3.00920196E-03
 155167 1 8 0.00000000E+00 6 0.372534066 5 0.390817910 7 0.166465595 4 9.37333927E-02 3 6.38502976E-03 8 -3.28635089E-02 9 -2.73422664E-03 10 5.66175394E-03
 155168 1 8 0.00000000E+00 5 0.429311961 6 0.299202293 7 0.235088423 3 1.34074688E-03 4 5.71598038E-02 8 -3.54360454E-02 9 2.45467946E-03 10 1.08781252E-02
 155169 1 8 0.00000000E+00 5 0.445418686 6 0.225140378 7 0.290426701 3 8.54796672E-04 4 3.22544090E-02 8 -3.41774411E-02 9 7.88144860E-03 11 3.22010405E-02
 155170 1 8 0.00000000E+00 5 0.443228722 7 0.331553757 6 0.161254555 3 8.71049147E-03 8 -3.10272239E-02 4 1.89841706E-02 9 1.75644215E-02 11 4.97310944E-02
 155171 1 8 0.00000000E+00 5 0.427053332 7 0.353647947 6 0.111481018 3 2.11211797E-02 8 -2.61029713E-02 4 1.31868683E-02 9 2.91130133E-02 11 7.04996213E-02
 155707 1 7 0.00000000E+00 4 0.685900867 6 0.191985592 5 8.22787657E-02 3 2.65339073E-02 7 -1.20186610E-02 8 2.38267053E-02 9 1.49283744E-03
 155708 1 8 0.00000000E+00 4 0.566465497 6 0.249252766 5 0.136857569 3 4.49472219E-02 7 -1.00899516E-02 8 1.56488344E-02 9 -1.78853713E-03 2 -1.29339355E-03
 155709 1 8 0.00000000E+00 4 0.448420405 6 0.297861457 5 0.200894237 3 5.71450479E-02 7 -2.21166993E-03 8 5.92014659E-03 9 -3.68106784E-03 2 -4.34855511E-03
 155710 1 8 0.00000000E+00 4 0.339861125 6 0.329588592 5 0.273445159 3 5.90143874E-02 7 1.38319451E-02 8 -4.70820302E-03 9 -4.75878036E-03 2 -6.27422426E-03
 155711 1 8 0.00000000E+00 5 0.352756351 6 0.337821543 4 0.244963959 7 4.01096642E-02 3 5.02118878E-02 8 -1.45440027E-02 9 -4.79712896E-03 2 -6.52226992E-03
 155712 1 8 0.00000000E+00 5 0.433356404 6 0.319919854 4 0.166190267 7 7.70726502E-02 3 3.31266113E-02 8 -2.19825432E-02 9 -3.33888293E-03 2 -4.34435159E-03
 155713 1 8 0.00000000E+00 5 0.504023135 6 0.280100942 7 0.122507416 3 1.34525513E-02 4 0.104790516 8 -2.63116695E-02 9 3.24720662E-04 2 1.11239962E-03
 155714 1 8 0.00000000E+00 5 0.549775481 6 0.228644639 7 0.171818584 3 -9.19684710E-04 4 6.08760230E-02 8 -2.78201401E-02 9 7.00314064E-03 2 1.06219612E-02
 155715 1 8 0.00000000E+00 5 0.561530828 6 0.176636159 7 0.219073594 3 -4.56929952E-03 4 3.29949446E-02 8 -2.71612145E-02 9 1.71589050E-02 2 2.43361071E-02
 155716 1 8 0.00000000E+00 5 0.544037521 7 0.258379608 6 0.131026134 3 1.53956795E-03 4 1.78956091E-02 8 -2.47867443E-02 9 3.05209011E-02 2 4.13874127E-02
 155717 1 8 0.00000000E+00 5 0.509649992 7 0.285988420 6 9.42422450E-02 3 1.27893779E-02 4 1.17269158E-02 8 -2.09830478E-02 9 4.62164506E-02 2 6.03696294E-02
 156252 1 8 0.00000000E+00 4 0.889944911 6 6.08912632E-02 5 3.01264506E-02 3 1.36135677E-02 7 -4.63372609E-03 8 8.42707977E-03 9 6.42875559E-04 2 9.87604493E-04
 156253 1 8 0.00000000E+00 4 0.745523810 6 0.119979940 5 8.63197595E-02 3 5.13323136E-02 7 -6.98561361E-03 8 6.79838518E-03 9 -1.14633550E-03 2 -1.82223285E-03
 156254 1 8 0.00000000E+00 4 0.603318632 5 0.152100861 6 0.172912970 3 8.15204903E-02 7 -6.19563647E-03 8 3.36200302E-03 9 -2.55575124E-03 2 -4.46355157E-03
 156255 1 8 0.00000000E+00 4 0.473119289 5 0.228144303 6 0.213385627 3 9.91474092E-02 7 -9.63962404E-04 8 -1.88757561E-03 9 -3.81968985E-03 2 -7.12538976E-03
 156256 1 8 0.00000000E+00 4 0.356881917 5 0.316033423 6 0.237168297 3 0.101746410 7 9.84316692E-03 8 -7.90053792E-03 9 -4.66730585E-03 2 -9.10538528E-03
 156257 1 8 0.00000000E+00 5 0.415632486 4 0.255761474 6 0.241101310 3 8.82679746E-02 7 2.69250292E-02 8 -1.33914119E-02 9 -4.72397823E-03 2 -9.57289524E-03
 156258 1 8 0.00000000E+00 5 0.522061408 6 0.224837437 3 6.06243610E-02 4 0.170711160 7 5.02038337E-02 8 -1.72873884E-02 9 -3.49351135E-03 2 -7.65732490E-03
 156259 1 8 0.00000000E+00 5 0.620248318 6 0.192864746 3 2.64731422E-02 7 7.91964307E-02 4 0.102919981 8 -1.91771779E-02 9 -2.50026817E-04 2 -2.27543293E-03
 156260 1 8 0.00000000E+00 5 0.681172669 6 0.154934153 3 9.44387051E-04 7 0.114023909 4 5.43303750E-02 8 -1.94951203E-02 9 6.00444339E-03 2 8.08516517E-03
 156261 1 8 0.00000000E+00 5 0.683182180 6 0.120721668 7 0.153370947 3 -3.75360483E-03 4 2.53116991E-02 8 -1.88871492E-02 9 1.58944521E-02 2 2.41598245E-02
 156262 1 8 0.00000000E+00 5 0.641859889 7 0.191221580 6 9.27419439E-02 3 7.12435041E-03 4 1.13383513E-02 8 -1.73222069E-02 9 2.88150553E-02 2 4.42210399E-02
 156263 1 8 0.00000000E+00 5 0.584250033 7 0.221626729 6 6.99019358E-02 3 2.26783771E-02 4 6.66344818E-03 8 -1.45793287E-02 9 4.36246283E-02 2 6.58341572E-02
 156799 1 8 0.00000000E+00 4 0.742974639 3 0.102272309 5 9.04978886E-02 6 6.90882653E-02 7 -3.67766153E-03 8 -1.57555752E-03 9 2.15891574E-04 2 2.04224707E-04
 156800 1 8 0.00000000E+00 4 0.601295412 5 0.159344345 3 0.138646349 6 0.112855300 7 -4.28302540E-03 8 -2.97261006E-03 9 -1.32940500E-03 2 -3.55636165E-03
 156801 1 8 0.00000000E+00 4 0.470683813 5 0.240955204 3 0.161206767 6 0.144762903 7 -1.90370751E-03 8 -5.56275295E-03 9 -2.78736977E-03 2 -7.35486019E-03
 156802 1 8 0.00000000E+00 5 0.338514656 4 0.353310108 3 0.165500507 6 0.161718607 7 3.81008186E-03 8 -8.57004710E-03 9 -3.91027611E-03 2 -1.03736408E-02
 156803 1 8 0.00000000E+00 5 0.454597086 3 0.147930071 4 0.250145465 6 0.161694527 7 1.27181243E-02 8 -1.10477498E-02 9 -4.35871910E-03 2 -1.16787916E-02
 156804 1 8 0.00000000E+00 5 0.588596344 3 0.107505828 4 0.161674768 6 0.144528016 7 2.41350215E-02 8 -1.21897887E-02 9 -3.75417946E-03 2 -1.04960082E-02
 156805 1 8 0.00000000E+00 5 0.729034126 3 5.01396954E-02 6 0.113631427 4 8.86434019E-02 7 3.78166474E-02 8 -1.16857905E-02 9 -1.55014789E-03 2 -6.02937397E-03
 156806 1 8 0.00000000E+00 5 0.824213922 3 2.45315838E-03 6 8.10550451E-02 7 5.88087104E-02 4 3.58772427E-02 8 -1.04793869E-02 9 3.71217378E-03 2 4.35915496E-03
 156807 1 8 0.00000000E+00 5 0.801516414 3 1.88172376E-03 6 6.33529574E-02 7 9.51820910E-02 4 1.02475462E-02 8 -1.02752130E-02 9 1.38836037E-02 2 2.42108628E-02
 156808 1 8 0.00000000E+00 5 0.721890330 3 2.28152592E-02 6 5.31578511E-02 7 0.134843349 4 1.36468548E-03 8 -9.81864519E-03 9 2.70901490E-02 2 4.86570150E-02
 157347 1 8 0.00000000E+00 4 0.442018270 5 0.234750241 3 0.244668201 6 9.31583419E-02 7 -3.42763565E-03 8 -6.07944978E-03 2 -4.53860778E-03 9 -5.49358490E-04
 157348 1 8 0.00000000E+00 5 0.332598567 3 0.254262358 4 0.330359131 6 0.103904247 7 -1.66459649E-03 8 -7.53013557E-03 2 -9.52817127E-03 9 -2.40139337E-03
 157349 1 8 0.00000000E+00 5 0.454247922 3 0.237212390 4 0.230158404 6 0.100749850 7 1.29348820E-03 8 -8.23983364E-03 2 -1.19725494E-02 9 -3.44968098E-03
 157350 1 8 0.00000000E+00 5 0.603722155 3 0.188351378 4 0.142875627 6 8.28935653E-02 7 4.31003654E-03 8 -7.61444587E-03 2 -1.10794697E-02 9 -3.45884939E-03
 157351 1 8 0.00000000E+00 5 0.782760203 3 0.107110113 4 6.81328773E-02 6 5.08903712E-02 7 5.64256031E-03 8 -5.21150744E-03 2 -6.99842349E-03 9 -2.32622051E-03
 157352 1 8 0.00000000E+00 5 0.979884863 3 2.51655607E-03 6 8.37776344E-03 4 5.47002116E-03 7 4.83263051E-03 8 -1.07123994E-03 2 -1.74115019E-04 9 1.63512072E-04
 157353 1 8 0.00000000E+00 5 0.868969619 3 3.35603617E-02 6 1.56146865E-02 7 5.00909872E-02 4 -5.99320466E-03 8 -2.80660717E-03 2 2.80825738E-02 9 1.24815824E-02
 157354 1 8 0.00000000E+00 5 0.754343927 3 6.11507297E-02 6 2.04905234E-02 7 9.20740142E-02 4 -8.11010506E-03 8 -3.34960618E-03 2 5.72413281E-02 9 2.61591841E-02
 157893 1 8 0.00000000E+00 3 0.346433103 4 0.394718111 5 0.207143053 6 5.66908531E-02 7 -4.28603403E-03 8 -4.60634893E-03 2 1.34693086E-03 9 2.56033661E-03
 157894 1 8 0.00000000E+00 3 0.368408173 5 0.293890834 4 0.292308688 6 6.25441521E-02 7 -4.89609130E-03 8 -5.55979786E-03 2 -6.41324231E-03 9 -2.82695546E-04
 157895 1 8 0.00000000E+00 5 0.405064166 3 0.360665292 4 0.198912248 6 5.80407493E-02 7 -4.99883946E-03 8 -5.58176450E-03 2 -1.01393638E-02 9 -1.96248828E-03
 157896 1 8 0.00000000E+00 5 0.543614626 3 0.314766794 4 0.118504532 6 4.27308753E-02 7 -5.08110831E-03 8 -4.35190415E-03 2 -8.06924608E-03 9 -2.11457605E-03
 157897 1 8 0.00000000E+00 5 0.700392187 3 0.235004187 4 5.28426990E-02 6 1.86455194E-02 7 -4.80541121E-03 2 1.84519886E-04 8 -1.83828489E-03 9 -4.25439910E-04
 157898 1 8 0.00000000E+00 5 0.817861140 3 0.155286029 4 6.65397802E-03 6 -3.47573217E-03 7 2.75366101E-03 2 1.58570297E-02 8 7.75115856E-04 9 4.28880844E-03
 157899 1 8 0.00000000E+00 5 0.795398891 3 0.131451711 6 -4.87557193E-03 4 -1.07900919E-02 7 3.10273673E-02 2 4.23792340E-02 8 1.18492509E-03 9 1.42235551E-02
 158440 1 8 0.00000000E+00 3 0.502662838 5 0.225595161 4 0.244507059 6 3.48348208E-02 7 -5.51077351E-03 2 -9.80586279E-04 8 -3.24893394E-03 9 2.14043027E-03
 158441 1 8 0.00000000E+00 3 0.515273690 5 0.312345684 4 0.158712134 6 3.05811595E-02 7 -6.44171750E-03 2 -6.84064906E-03 8 -3.34709324E-03 9 -2.83231318E-04
 158442 1 8 0.00000000E+00 3 0.479061484 5 0.424338162 4 8.84119198E-02 6 1.96603090E-02 7 -6.27398724E-03 2 -2.62823468E-03 8 -2.26063980E-03 9 -3.09006311E-04
 158443 1 8 0.00000000E+00 5 0.545610189 3 0.401372075 4 3.67711149E-02 6 4.97702369E-03 7 -3.33740958E-03 2 1.23318397E-02 8 -2.28600125E-04 9 2.50374759E-03
 158444 1 8 0.00000000E+00 5 0.633784235 3 0.317141950 4 3.81354848E-03 6 -6.89145038E-03 7 6.45246217E-03 2 3.54529805E-02 8 1.87202287E-03 9 8.37427098E-03
 158445 1 8 0.00000000E+00 5 0.654334784 3 0.256622374 4 -1.14965728E-02 6 -1.02320323E-02 7 2.60609630E-02 2 6.40722811E-02 8 3.28550092E-03 9 1.73527226E-02
 158446 1 8 0.00000000E+00 5 0.624274254 3 0.219485492 6 -7.64115015E-03 7 5.12283407E-02 4 -1.46612367E-02 2 9.44611803E-02 8 4.39396501E-03 9 2.84591801E-02
 158986 1 7 0.00000000E+00 3 0.643630922 5 0.139055759 4 0.192951098 6 1.71162952E-02 7 -3.07072559E-03 2 8.39262456E-03 8 1.92400243E-03
 158987 1 7 0.00000000E+00 3 0.692583263 5 0.190729395 4 0.111218996 6 1.39337583E-02 7 -4.65127733E-03 2 -2.88164220E-03 8 -9.32475552E-04
 158988 1 7 0.00000000E+00 3 0.665418088 5 0.276801080 4 5.12302034E-02 6 6.78871479E-03 7 -3.61670996E-03 2 3.59619269E-03 8 -2.17598776E-04
 158989 1 8 0.00000000E+00 3 0.568006754 5 0.384123057 4 1.57153625E-02 6 -1.97449303E-03 7 4.01189580E-04 2 2.76819449E-02 8 1.00911316E-03 9 5.03704790E-03
 158990 1 8 0.00000000E+00 5 0.470587552 3 0.459489703 4 -4.33684234E-03 6 -8.98326933E-03 7 9.64571629E-03 2 5.87778836E-02 8 3.11008631E-03 9 1.17091481E-02
 158991 1 8 0.00000000E+00 5 0.513905764 3 0.370239913 4 -1.36203365E-02 6 -1.17679341E-02 7 2.45922059E-02 2 9.12723169E-02 8 4.98871272E-03 9 2.03893762E-02
 158992 1 8 0.00000000E+00 5 0.517800987 3 0.304617345 4 -1.50630027E-02 6 -1.07921297E-02 7 4.34253179E-02 2 0.122739807 8 6.71989564E-03 9 3.05518135E-02
 159533 1 7 0.00000000E+00 3 0.872744262 5 5.90998940E-02 4 6.06046990E-02 6 4.33733920E-03 2 3.64187500E-03 7 -1.54830387E-03 8 1.12022529E-03
 159534 1 7 0.00000000E+00 3 0.851563752 5 0.125024155 4 9.90985520E-03 6 -2.28226563E-04 2 1.23769976E-02 7 -2.03268087E-07 8 1.35367538E-03
 159535 1 8 0.00000000E+00 3 0.700477779 5 0.243265182 4 -4.55930689E-03 2 4.85034660E-02 6 -6.04686607E-03 7 5.33626974E-03 8 6.08191919E-03 1 6.94155926E-03
 159536 1 8 0.00000000E+00 3 0.563982904 5 0.335385084 4 -1.29009914E-02 2 8.40167701E-02 6 -1.07655954E-02 7 1.45401098E-02 8 1.17275398E-02 1 1.40141714E-02
 159537 1 8 0.00000000E+00 3 0.454410166 5 0.391888797 4 -1.67252198E-02 2 0.115858659 6 -1.31775783E-02 7 2.76064035E-02 8 1.77944545E-02 1 2.23443191E-02
 159538 1 8 0.00000000E+00 5 0.416018814 3 0.370335519 2 0.143603325 4 -1.63793135E-02 6 -1.32679846E-02 7 4.35476117E-02 8 2.42695939E-02 1 3.18724439E-02
 159539 1 7 0.00000000E+00 5 0.418567210 3 0.310094416 2 0.190336317 4 -8.14177655E-03 6 -1.11207869E-02 7 6.37588575E-02 8 3.65057737E-02
 160081 1 8 0.00000000E+00 3 0.747751951 5 0.150492236 4 -1.10665970E-02 2 8.94734561E-02 6 -8.07765871E-03 7 9.22151096E-03 8 9.92712472E-03 1 1.22779831E-02
 160082 1 8 0.00000000E+00 3 0.613079906 5 0.236204252 2 0.126094162 4 -1.49205532E-02 6 -1.11227082E-02 7 1.71458945E-02 8 1.51031148E-02 1 1.84159186E-02
 160083 1 8 0.00000000E+00 3 0.500876307 5 0.295311421 2 0.158168212 4 -1.59905907E-02 6 -1.27780428E-02 7 2.78112683E-02 8 2.07731687E-02 1 2.58282404E-02
 160084 1 8 0.00000000E+00 3 0.411009878 5 0.329120249 2 0.185177252 4 -1.43964775E-02 6 -1.29302302E-02 7 4.06106748E-02 1 3.45091224E-02 8 2.68995315E-02
 160085 1 8 0.00000000E+00 3 0.340480477 5 0.342575163 2 0.206987604 4 -1.04934797E-02 6 -1.19205751E-02 7 5.45430519E-02 1 4.43524532E-02 8 3.34753096E-02
 160627 1 8 0.00000000E+00 3 0.712012589 5 0.104498960 2 0.148315370 4 -3.50028975E-03 6 -9.02844407E-03 7 1.26720844E-02 1 2.01941933E-02 8 1.48355644E-02
 160628 1 8 0.00000000E+00 3 0.607532084 5 0.171038017 2 0.180500925 4 -1.00009516E-02 6 -1.09129427E-02 7 1.92269683E-02 1 2.38318983E-02 8 1.87839903E-02
 160629 1 8 0.00000000E+00 3 0.508939385 5 0.223670602 2 0.209982097 4 -1.17711928E-02 6 -1.19516160E-02 7 2.79377028E-02 1 2.95463614E-02 8 2.36466415E-02
 160630 1 7 0.00000000E+00 3 0.425048709 5 0.258732438 2 0.236396775 4 -7.58610480E-03 6 -2.67074211E-03 7 5.04110046E-02 1 3.96679342E-02
 160631 1 7 0.00000000E+00 3 0.355432898 5 0.278373808 2 0.255861700 4 -3.47281736E-03 6 9.72691123E-05 7 6.44125417E-02 1 4.92946059E-02
 161174 1 7 0.00000000E+00 3 0.567532659 5 0.128746480 2 0.245101735 4 6.43669453E-04 6 -3.17732710E-03 7 2.98204795E-02 1 3.13323028E-02
 161175 1 7 0.00000000E+00 3 0.488036901 5 0.171634004 2 0.271596253 4 -2.67339172E-03 6 -2.49995594E-03 7 3.85347567E-02 1 3.53714339E-02
 161176 1 7 0.00000000E+00 3 0.414585859 5 0.204120994 2 0.293316364 4 -2.20526312E-03 6 -8.54291313E-04 7 4.91022952E-02 1 4.19340357E-02
 161720 1 7 0.00000000E+00 3 0.509856164 2 0.314166546 5 9.99504477E-02 4 9.50831361E-03 6 -1.37287308E-03 1 3.63249406E-02 7 3.15664560E-02
 161721 1 7 0.00000000E+00 3 0.447357863 2 0.338311106 5 0.133789718 4 4.43756254E-03 6 -6.59908867E-04 1 3.81942205E-02 7 3.85694578E-02
 161722 1 7 0.00000000E+00 3 0.386429965 2 0.356781095 5 0.161739632 4 3.45287775E-03 1 4.33207080E-02 6 8.93518736E-04 7 4.73821983E-02
 162266 1 7 0.00000000E+00 3 0.445154727 2 0.387183070 5 7.85071701E-02 4 1.67741384E-02 1 4.00564000E-02 6 2.96726910E-04 7 3.20277698E-02
 162267 1 7 0.00000000E+00 3 0.395760536 2 0.410485208 5 0.104974277 4 1.05813723E-02 1 3.96804921E-02 6 9.60013364E-04 7 3.75580974E-02
 162268 1 7 0.00000000E+00 2 0.426166743 3 0.346269488 5 0.128317207 4 8.44786316E-03 1 4.34498601E-02 6 2.40976922E-03 7 4.49390598E-02
 162813 1 7 0.00000000E+00 2 0.487700939 3 0.338314265 5 8.19149464E-02 1 3.95274386E-02 4 1.49917966E-02 6 2.22880952E-03 7 3.53217945E-02
 162814 1 7 0.00000000E+00 2 0.501208901 3 0.298377126 5 0.101184316 1 4.20189053E-02 4 1.21070417E-02 6 3.56937735E-03 7 4.15343456E-02
 163359 1 7 0.00000000E+00 2 0.570002675 3 0.277849674 5 6.25030324E-02 1 3.75621133E-02 4 1.73121467E-02 6 3.04328767E-03 7 3.17270495E-02
 163360 1 6 0.00000000E+00 2 0.583979189 3 0.246147707 5 8.40131268E-02 1 4.14813869E-02 4 1.49524631E-02 6 2.94261090E-02
 163905 1 6 0.00000000E+00 2 0.659072876 3 0.216252789 1 3.56715955E-02 5 4.94511276E-02 4 1.80880819E-02 6 2.14635506E-02
 163906 1 5 0.00000000E+00 2 0.672426641 3 0.190570086 1 3.89750376E-02 5 7.33865872E-02 4 2.46416237E-02
 164451 1 5 0.00000000E+00 2 0.752952754 3 0.153705895 1 3.17233242E-02 5 3.93601544E-02 4 2.22578552E-02
 164452 1 5 0.00000000E+00 2 0.764739454 3 0.132135972 1 3.07464954E-02 5 5.20921685E-02 4 2.02859007E-02
 164997 1 5 0.00000000E+00 2 0.848252475 1 2.45880578E-02 3 9.08126757E-02 5 2.08403841E-02 4 1.55064166E-02
 164998 1 5 0.00000000E+00 2 0.862243414 1 2.09751651E-02 3 7.22898394E-02 5 3.12034152E-02 4 1.32881813E-02
 165544 1 5 0.00000000E+00 2 0.947074533 1 1.88562237E-02 3 1.64151117E-02 5 1.22285662E-02 4 5.42555097E-03
 166090 1 4 0.00000000E+00 2 0.884062290 1 9.44742933E-02 3 7.16973655E-03 5 1.42936846E-02
 166635 1 4 0.00000000E+00 2 0.754607975 1 0.206265643 3 2.37922277E-02 5 1.53341601E-02
 166636 1 4 0.00000000E+00 2 0.765921175 1 0.199151948 3 1.32846292E-02 5 2.16422305E-02
 167180 1 4 0.00000000E+00 2 0.606071472 1 0.328243375 3 4.38734628E-02 5 2.18116865E-02
 167181 1 4 0.00000000E+00 2 0.639702618 1 0.312889308 3 2.61485633E-02 5 2.12595128E-02
 167182 1 4 0.00000000E+00 2 0.650108039 1 0.304464817 3 1.81331187E-02 5 2.72940323E-02
 167726 1 4 0.00000000E+00 2 0.504888475 1 0.430524230 3 4.00884375E-02 5 2.44988911E-02
 167727 1 4 0.00000000E+00 2 0.528144598 1 0.420378298 3 2.67492607E-02 5 2.47278474E-02
 168272 1 4 0.00000000E+00 1 0.536189437 2 0.403019428 3 3.57604101E-02 5 2.50307359E-02
 168273 1 4 0.00000000E+00 1 0.529327750 2 0.419800043 3 2.53190193E-02 5 2.55531557E-02
 168819 1 3 0.00000000E+00 1 0.644062042 2 0.316992462 3 3.89454961E-02
 168820 1 3 0.00000000E+00 1 0.622963488 2 0.334731221 3 4.23053056E-02
 169366 1 3 0.00000000E+00 1 0.724286258 2 0.237770498 3 3.79432291E-02
 169367 1 3 0.00000000E+00 1 0.677481532 2 0.267834783 3 5.46837039E-02
 169910 1 3 0.00000000E+00 1 0.872289062 2 0.103486732 3 2.42241994E-02
 169912 1 3 0.00000000E+00 1 0.813971698 2 0.151691571 3 3.43367495E-02
 169913 1 3 0.00000000E+00 1 0.747281075 2 0.196017295 3 5.67016080E-02
 170455 1 3 0.00000000E+00 1 0.866593301 2 7.94693083E-02 3 5.39374165E-02
 170456 1 3 0.00000000E+00 1 0.950168908 2 2.95718294E-02 3 2.02592574E-02
 170457 1 3 0.00000000E+00 1 0.956767082 2 2.98590697E-02 3 1.33738648E-02
 170458 1 2 0.00000000E+00 1 0.881789744 2 0.118210241
 170459 1 2 0.00000000E+00 1 0.813709080 2 0.186290920
 171000 1 2 0.00000000E+00 1 0.839123845 2 0.160876155
 171001 1 2 0.00000000E+00 1 0.891076267 2 0.108923703
 171545 1 2 0.00000000E+00 1 0.791311026 2 0.208689004
 171546 1 2 0.00000000E+00 1 0.831221581 2 0.168778449
 172089 1 2 0.00000000E+00 1 0.718972623 2 0.281027377
 172090 1 2 0.00000000E+00 1 0.749052942 2 0.250947058
 172091 1 2 0.00000000E+00 1 0.780818820 2 0.219181180
 172635 1 2 0.00000000E+00 1 0.712655127 2 0.287344903
 173180 1 2 0.00000000E+00 1 0.681527913 2 0.318472087
 173181 1 2 0.00000000E+00 1 0.702666104 2 0.297333926
 173725 1 2 0.00000000E+00 1 0.654966891 2 0.345033139
 173726 1 2 0.00000000E+00 1 0.672446549 2 0.327553481
 173727 1 2 0.00000000E+00 1 0.690500915 2 0.309499115
 174270 1 2 0.00000000E+00 1 0.632315457 2 0.367684543
 174271 1 2 0.00000000E+00 1 0.646852136 2 0.353147864
 174272 1 2 0.00000000E+00 1 0.661975026 2 0.338024974
 174815 1 2 0.00000000E+00 1 0.612998188 2 0.387001783
 174816 1 2 0.00000000E+00 1 0.625139296 2 0.374860704
