 "GAGE No.    6:  K,I,J Coord. =     2,  329,  301;  STREAM SEGMENT =   393;  REACH =    12 "
     "DATA: Time           Stage           Depth         GW-Head    Midpt-Flow       Stream-Loss        GW-Rech.  Chnge-UZ-Stor.   Vol.-UZ-Stor."
     1.0000000E+00   9.3900000E+02   0.0000000E+00   9.3900000E+02   0.0000000E+00   0.0000000E+00   0.0000000E+00   0.0000000E+00   0.0000000E+00
     2.0000000E+00   9.3900000E+02   0.0000000E+00   9.3900000E+02   0.0000000E+00   0.0000000E+00   0.0000000E+00   0.0000000E+00   0.0000000E+00
     3.0000000E+00   9.3900055E+02   5.6882959E-04   9.3900055E+02   2.5860162E+02   0.0000000E+00   0.0000000E+00   0.0000000E+00   0.0000000E+00
     4.0000000E+00   9.3900031E+02   3.1476966E-04   9.3900031E+02   9.6452988E+01   0.0000000E+00   0.0000000E+00   0.0000000E+00   0.0000000E+00
     5.0000000E+00   9.3900000E+02   0.0000000E+00   9.3900000E+02   0.0000000E+00   0.0000000E+00   0.0000000E+00   0.0000000E+00   0.0000000E+00
     6.0000000E+00   9.3900000E+02   0.0000000E+00   9.3900000E+02   0.0000000E+00   0.0000000E+00   0.0000000E+00   0.0000000E+00   0.0000000E+00
     7.0000000E+00   9.3900000E+02   0.0000000E+00   9.3900000E+02   0.0000000E+00   0.0000000E+00   0.0000000E+00   0.0000000E+00   0.0000000E+00
     8.0000000E+00   9.3900000E+02   0.0000000E+00   9.3900000E+02   0.0000000E+00   0.0000000E+00   0.0000000E+00   0.0000000E+00   0.0000000E+00
     9.0000000E+00   9.3900000E+02   0.0000000E+00   9.3900000E+02   0.0000000E+00   0.0000000E+00   0.0000000E+00   0.0000000E+00   0.0000000E+00
     1.0000000E+01   9.3900000E+02   0.0000000E+00   9.3900000E+02   0.0000000E+00   0.0000000E+00   0.0000000E+00   0.0000000E+00   0.0000000E+00
     1.1000000E+01   9.3900000E+02   0.0000000E+00   9.3900000E+02   0.0000000E+00   0.0000000E+00   0.0000000E+00   0.0000000E+00   0.0000000E+00
     1.2000000E+01   9.3900000E+02   0.0000000E+00   9.3900000E+02   0.0000000E+00   0.0000000E+00   0.0000000E+00   0.0000000E+00   0.0000000E+00
     1.3000000E+01   9.3900000E+02   0.0000000E+00   9.3900000E+02   0.0000000E+00   0.0000000E+00   0.0000000E+00   0.0000000E+00   0.0000000E+00
     1.4000000E+01   9.3900000E+02   0.0000000E+00   9.3900000E+02   0.0000000E+00   0.0000000E+00   0.0000000E+00   0.0000000E+00   0.0000000E+00
     1.5000000E+01   9.3900000E+02   0.0000000E+00   9.3900000E+02   0.0000000E+00   0.0000000E+00   0.0000000E+00   0.0000000E+00   0.0000000E+00
     1.6000000E+01   9.3900000E+02   0.0000000E+00   9.3900000E+02   0.0000000E+00   0.0000000E+00   0.0000000E+00   0.0000000E+00   0.0000000E+00
     1.7000000E+01   9.3900000E+02   0.0000000E+00   9.3900000E+02   0.0000000E+00   0.0000000E+00   0.0000000E+00   0.0000000E+00   0.0000000E+00
     1.8000000E+01   9.3900000E+02   0.0000000E+00   9.3900000E+02   0.0000000E+00   0.0000000E+00   0.0000000E+00   0.0000000E+00   0.0000000E+00
     1.9000000E+01   9.3900000E+02   0.0000000E+00   9.3900000E+02   0.0000000E+00   0.0000000E+00   0.0000000E+00   0.0000000E+00   0.0000000E+00
     2.0000000E+01   9.3900000E+02   0.0000000E+00   9.3900000E+02   0.0000000E+00   0.0000000E+00   0.0000000E+00   0.0000000E+00   0.0000000E+00
     2.1000000E+01   9.3900000E+02   0.0000000E+00   9.3900000E+02   0.0000000E+00   0.0000000E+00   0.0000000E+00   0.0000000E+00   0.0000000E+00
     2.2000000E+01   9.3900000E+02   0.0000000E+00   9.3900000E+02   0.0000000E+00   0.0000000E+00   0.0000000E+00   0.0000000E+00   0.0000000E+00
     2.3000000E+01   9.3900000E+02   0.0000000E+00   9.3900000E+02   0.0000000E+00   0.0000000E+00   0.0000000E+00   0.0000000E+00   0.0000000E+00
     2.4000000E+01   9.3900000E+02   0.0000000E+00   9.3900000E+02   0.0000000E+00   0.0000000E+00   0.0000000E+00   0.0000000E+00   0.0000000E+00
     2.5000000E+01   9.3900000E+02   0.0000000E+00   9.3900000E+02   0.0000000E+00   0.0000000E+00   0.0000000E+00   0.0000000E+00   0.0000000E+00
     2.6000000E+01   9.3900000E+02   0.0000000E+00   9.3900000E+02   0.0000000E+00   0.0000000E+00   0.0000000E+00   0.0000000E+00   0.0000000E+00
     2.7000000E+01   9.3900000E+02   0.0000000E+00   9.3900000E+02   0.0000000E+00   0.0000000E+00   0.0000000E+00   0.0000000E+00   0.0000000E+00
     2.8000000E+01   9.3900000E+02   0.0000000E+00   9.3900000E+02   0.0000000E+00   0.0000000E+00   0.0000000E+00   0.0000000E+00   0.0000000E+00
     2.9000000E+01   9.3900000E+02   0.0000000E+00   9.3900000E+02   0.0000000E+00   0.0000000E+00   0.0000000E+00   0.0000000E+00   0.0000000E+00
     3.0000000E+01   9.3900012E+02   1.1944838E-04   9.3900012E+02   1.9184978E+01   0.0000000E+00   0.0000000E+00   0.0000000E+00   0.0000000E+00
     3.1000000E+01   9.3900000E+02   0.0000000E+00   9.3900000E+02   0.0000000E+00   0.0000000E+00   0.0000000E+00   0.0000000E+00   0.0000000E+00
     3.2000000E+01   9.3900134E+02   1.3700341E-03   9.3900134E+02   1.1191282E+03   0.0000000E+00   0.0000000E+00   0.0000000E+00   0.0000000E+00
     3.3000000E+01   9.3900043E+02   4.4224216E-04   9.3900043E+02   1.6999174E+02   0.0000000E+00   0.0000000E+00   0.0000000E+00   0.0000000E+00
     3.4000000E+01   9.3900049E+02   5.1042356E-04   9.3900049E+02   2.1587985E+02   0.0000000E+00   0.0000000E+00   0.0000000E+00   0.0000000E+00
     3.5000000E+01   9.3900000E+02   0.0000000E+00   9.3900000E+02   0.0000000E+00   0.0000000E+00   0.0000000E+00   0.0000000E+00   0.0000000E+00
     3.6000000E+01   9.3900000E+02   0.0000000E+00   9.3900000E+02   0.0000000E+00   0.0000000E+00   0.0000000E+00   0.0000000E+00   0.0000000E+00
     3.7000000E+01   9.3900000E+02   0.0000000E+00   9.3900000E+02   0.0000000E+00   0.0000000E+00   0.0000000E+00   0.0000000E+00   0.0000000E+00
     3.8000000E+01   9.3900000E+02   0.0000000E+00   9.3900000E+02   0.0000000E+00   0.0000000E+00   0.0000000E+00   0.0000000E+00   0.0000000E+00
     3.9000000E+01   9.3900043E+02   4.0139095E-04   9.3900043E+02   1.4463504E+02   0.0000000E+00   0.0000000E+00   0.0000000E+00   0.0000000E+00
     4.0000000E+01   9.3900000E+02   0.0000000E+00   9.3900000E+02   0.0000000E+00   0.0000000E+00   0.0000000E+00   0.0000000E+00   0.0000000E+00
     4.1000000E+01   9.3900000E+02   0.0000000E+00   9.3900000E+02   0.0000000E+00   0.0000000E+00   0.0000000E+00   0.0000000E+00   0.0000000E+00
     4.2000000E+01   9.3900000E+02   0.0000000E+00   9.3900000E+02   0.0000000E+00   0.0000000E+00   0.0000000E+00   0.0000000E+00   0.0000000E+00
     4.3000000E+01   9.3900000E+02   0.0000000E+00   9.3900000E+02   0.0000000E+00   0.0000000E+00   0.0000000E+00   0.0000000E+00   0.0000000E+00
     4.4000000E+01   9.3900000E+02   0.0000000E+00   9.3900000E+02   0.0000000E+00   0.0000000E+00   0.0000000E+00   0.0000000E+00   0.0000000E+00
     4.5000000E+01   9.3900000E+02   0.0000000E+00   9.3900000E+02   0.0000000E+00   0.0000000E+00   0.0000000E+00   0.0000000E+00   0.0000000E+00
     4.6000000E+01   9.3900000E+02   0.0000000E+00   9.3900000E+02   0.0000000E+00   0.0000000E+00   0.0000000E+00   0.0000000E+00   0.0000000E+00
     4.7000000E+01   9.3900000E+02   0.0000000E+00   9.3900000E+02   0.0000000E+00   0.0000000E+00   0.0000000E+00   0.0000000E+00   0.0000000E+00
     4.8000000E+01   9.3900000E+02   0.0000000E+00   9.3900000E+02   0.0000000E+00   0.0000000E+00   0.0000000E+00   0.0000000E+00   0.0000000E+00
     4.9000000E+01   9.3900000E+02   0.0000000E+00   9.3900000E+02   0.0000000E+00   0.0000000E+00   0.0000000E+00   0.0000000E+00   0.0000000E+00
     5.0000000E+01   9.3900000E+02   0.0000000E+00   9.3900000E+02   0.0000000E+00   0.0000000E+00   0.0000000E+00   0.0000000E+00   0.0000000E+00
     5.1000000E+01   9.3900000E+02   0.0000000E+00   9.3900000E+02   0.0000000E+00   0.0000000E+00   0.0000000E+00   0.0000000E+00   0.0000000E+00
     5.2000000E+01   9.3900000E+02   0.0000000E+00   9.3900000E+02   0.0000000E+00   0.0000000E+00   0.0000000E+00   0.0000000E+00   0.0000000E+00
     5.3000000E+01   9.3900000E+02   0.0000000E+00   9.3900000E+02   0.0000000E+00   0.0000000E+00   0.0000000E+00   0.0000000E+00   0.0000000E+00
     5.4000000E+01   9.3900000E+02   0.0000000E+00   9.3900000E+02   0.0000000E+00   0.0000000E+00   0.0000000E+00   0.0000000E+00   0.0000000E+00
     5.5000000E+01   9.3900000E+02   0.0000000E+00   9.3900000E+02   0.0000000E+00   0.0000000E+00   0.0000000E+00   0.0000000E+00   0.0000000E+00
     5.6000000E+01   9.3900000E+02   0.0000000E+00   9.3900000E+02   0.0000000E+00   0.0000000E+00   0.0000000E+00   0.0000000E+00   0.0000000E+00
     5.7000000E+01   9.3900055E+02   5.7403976E-04   9.3900055E+02   2.6256140E+02   0.0000000E+00   0.0000000E+00   0.0000000E+00   0.0000000E+00
     5.8000000E+01   9.3900000E+02   0.0000000E+00   9.3900000E+02   0.0000000E+00   0.0000000E+00   0.0000000E+00   0.0000000E+00   0.0000000E+00
     5.9000000E+01   9.3900000E+02   0.0000000E+00   9.3900000E+02   0.0000000E+00   0.0000000E+00   0.0000000E+00   0.0000000E+00   0.0000000E+00
     6.0000000E+01   9.3900000E+02   0.0000000E+00   9.3900000E+02   0.0000000E+00   0.0000000E+00   0.0000000E+00   0.0000000E+00   0.0000000E+00
     6.1000000E+01   9.3900000E+02   0.0000000E+00   9.3900000E+02   0.0000000E+00   0.0000000E+00   0.0000000E+00   0.0000000E+00   0.0000000E+00
     6.2000000E+01   9.3900000E+02   0.0000000E+00   9.3900000E+02   0.0000000E+00   0.0000000E+00   0.0000000E+00   0.0000000E+00   0.0000000E+00
     6.3000000E+01   9.3900000E+02   0.0000000E+00   9.3900000E+02   0.0000000E+00   0.0000000E+00   0.0000000E+00   0.0000000E+00   0.0000000E+00
     6.4000000E+01   9.3900000E+02   0.0000000E+00   9.3900000E+02   0.0000000E+00   0.0000000E+00   0.0000000E+00   0.0000000E+00   0.0000000E+00
     6.5000000E+01   9.3900000E+02   0.0000000E+00   9.3900000E+02   0.0000000E+00   0.0000000E+00   0.0000000E+00   0.0000000E+00   0.0000000E+00
     6.6000000E+01   9.3900000E+02   0.0000000E+00   9.3900000E+02   0.0000000E+00   0.0000000E+00   0.0000000E+00   0.0000000E+00   0.0000000E+00
     6.7000000E+01   9.3900000E+02   0.0000000E+00   9.3900000E+02   0.0000000E+00   0.0000000E+00   0.0000000E+00   0.0000000E+00   0.0000000E+00
     6.8000000E+01   9.3900000E+02   0.0000000E+00   9.3900000E+02   0.0000000E+00   0.0000000E+00   0.0000000E+00   0.0000000E+00   0.0000000E+00
     6.9000000E+01   9.3900000E+02   0.0000000E+00   9.3900000E+02   0.0000000E+00   0.0000000E+00   0.0000000E+00   0.0000000E+00   0.0000000E+00
     7.0000000E+01   9.3900000E+02   0.0000000E+00   9.3900000E+02   0.0000000E+00   0.0000000E+00   0.0000000E+00   0.0000000E+00   0.0000000E+00
     7.1000000E+01   9.3900000E+02   0.0000000E+00   9.3900000E+02   0.0000000E+00   0.0000000E+00   0.0000000E+00   0.0000000E+00   0.0000000E+00
     7.2000000E+01   9.3900000E+02   0.0000000E+00   9.3900000E+02   0.0000000E+00   0.0000000E+00   0.0000000E+00   0.0000000E+00   0.0000000E+00
     7.3000000E+01   9.3900012E+02   1.4765706E-04   9.3900012E+02   2.7316053E+01   0.0000000E+00   0.0000000E+00   0.0000000E+00   0.0000000E+00
     7.4000000E+01   9.3900000E+02   0.0000000E+00   9.3900000E+02   0.0000000E+00   0.0000000E+00   0.0000000E+00   0.0000000E+00   0.0000000E+00
     7.5000000E+01   9.3900104E+02   1.0461289E-03   9.3900104E+02   7.1389813E+02   0.0000000E+00   0.0000000E+00   0.0000000E+00   0.0000000E+00
     7.6000000E+01   9.3900079E+02   7.7593565E-04   9.3900079E+02   4.3388077E+02   0.0000000E+00   0.0000000E+00   0.0000000E+00   0.0000000E+00
     7.7000000E+01   9.3900104E+02   1.0183526E-03   9.3900104E+02   6.8258673E+02   0.0000000E+00   0.0000000E+00   0.0000000E+00   0.0000000E+00
     7.8000000E+01   9.3900000E+02   0.0000000E+00   9.3900000E+02   0.0000000E+00   0.0000000E+00   0.0000000E+00   0.0000000E+00   0.0000000E+00
     7.9000000E+01   9.3900079E+02   8.1895408E-04   9.3900079E+02   4.7470828E+02   0.0000000E+00   0.0000000E+00   0.0000000E+00   0.0000000E+00
     8.0000000E+01   9.3900037E+02   3.8715178E-04   9.3900037E+02   1.3618513E+02   0.0000000E+00   0.0000000E+00   0.0000000E+00   0.0000000E+00
     8.1000000E+01   9.3900000E+02   0.0000000E+00   9.3900000E+02   0.0000000E+00   0.0000000E+00   0.0000000E+00   0.0000000E+00   0.0000000E+00
     8.2000000E+01   9.3900153E+02   1.5477240E-03   9.3900153E+02   1.3713557E+03   0.0000000E+00   0.0000000E+00   0.0000000E+00   0.0000000E+00
     8.3000000E+01   9.3900079E+02   7.8809657E-04   9.3900079E+02   4.4527328E+02   0.0000000E+00   0.0000000E+00   0.0000000E+00   0.0000000E+00
     8.4000000E+01   9.3900055E+02   5.3413113E-04   9.3900055E+02   2.3284883E+02   0.0000000E+00   0.0000000E+00   0.0000000E+00   0.0000000E+00
     8.5000000E+01   9.3900201E+02   2.0346623E-03   9.3900201E+02   2.1634563E+03   0.0000000E+00   0.0000000E+00   0.0000000E+00   0.0000000E+00
     8.6000000E+01   9.3900098E+02   9.4948092E-04   9.3900098E+02   6.0739514E+02   0.0000000E+00   0.0000000E+00   0.0000000E+00   0.0000000E+00
     8.7000000E+01   9.3900012E+02   1.0393721E-04   9.3900012E+02   1.5215259E+01   0.0000000E+00   0.0000000E+00   0.0000000E+00   0.0000000E+00
     8.8000000E+01   9.3900006E+02   4.8224607E-05   9.3900006E+02   4.2309909E+00   0.0000000E+00   0.0000000E+00   0.0000000E+00   0.0000000E+00
     8.9000000E+01   9.3900000E+02   1.4308556E-05   9.3900000E+02   5.5845380E-01   0.0000000E+00   0.0000000E+00   0.0000000E+00   0.0000000E+00
     9.0000000E+01   9.3900000E+02   0.0000000E+00   9.3900000E+02   0.0000000E+00   0.0000000E+00   0.0000000E+00   0.0000000E+00   0.0000000E+00
     9.1000000E+01   9.3900000E+02   0.0000000E+00   9.3900000E+02   0.0000000E+00   0.0000000E+00   0.0000000E+00   0.0000000E+00   0.0000000E+00
     9.2000000E+01   9.3900000E+02   0.0000000E+00   9.3900000E+02   0.0000000E+00   0.0000000E+00   0.0000000E+00   0.0000000E+00   0.0000000E+00
     9.3000000E+01   9.3900024E+02   2.4879241E-04   9.3900024E+02   6.5171265E+01   0.0000000E+00   0.0000000E+00   0.0000000E+00   0.0000000E+00
     9.4000000E+01   9.3900140E+02   1.3903984E-03   9.3900140E+02   1.1469900E+03   0.0000000E+00   0.0000000E+00   0.0000000E+00   0.0000000E+00
     9.5000000E+01   9.3900012E+02   1.2044299E-04   9.3900012E+02   1.9451965E+01   0.0000000E+00   0.0000000E+00   0.0000000E+00   0.0000000E+00
     9.6000000E+01   9.3900006E+02   5.9526457E-05   9.3900006E+02   6.0095825E+00   0.0000000E+00   0.0000000E+00   0.0000000E+00   0.0000000E+00
     9.7000000E+01   9.3900061E+02   6.0259283E-04   9.3900061E+02   2.8468692E+02   0.0000000E+00   0.0000000E+00   0.0000000E+00   0.0000000E+00
     9.8000000E+01   9.3900000E+02   2.6850557E-05   9.3900000E+02   1.5943478E+00   0.0000000E+00   0.0000000E+00   0.0000000E+00   0.0000000E+00
     9.9000000E+01   9.3900000E+02   0.0000000E+00   9.3900000E+02   0.0000000E+00   0.0000000E+00   0.0000000E+00   0.0000000E+00   0.0000000E+00
     1.0000000E+02   9.3900000E+02   0.0000000E+00   9.3900000E+02   0.0000000E+00   0.0000000E+00   0.0000000E+00   0.0000000E+00   0.0000000E+00
     1.0100000E+02   9.3900000E+02   0.0000000E+00   9.3900000E+02   0.0000000E+00   0.0000000E+00   0.0000000E+00   0.0000000E+00   0.0000000E+00
     1.0200000E+02   9.3900000E+02   0.0000000E+00   9.3900000E+02   0.0000000E+00   0.0000000E+00   0.0000000E+00   0.0000000E+00   0.0000000E+00
     1.0300000E+02   9.3900000E+02   0.0000000E+00   9.3900000E+02   0.0000000E+00   0.0000000E+00   0.0000000E+00   0.0000000E+00   0.0000000E+00
     1.0400000E+02   9.3900000E+02   0.0000000E+00   9.3900000E+02   0.0000000E+00   0.0000000E+00   0.0000000E+00   0.0000000E+00   0.0000000E+00
     1.0500000E+02   9.3900000E+02   0.0000000E+00   9.3900000E+02   0.0000000E+00   0.0000000E+00   0.0000000E+00   0.0000000E+00   0.0000000E+00
     1.0600000E+02   9.3900000E+02   0.0000000E+00   9.3900000E+02   0.0000000E+00   0.0000000E+00   0.0000000E+00   0.0000000E+00   0.0000000E+00
     1.0700000E+02   9.3900000E+02   0.0000000E+00   9.3900000E+02   0.0000000E+00   0.0000000E+00   0.0000000E+00   0.0000000E+00   0.0000000E+00
     1.0800000E+02   9.3900000E+02   0.0000000E+00   9.3900000E+02   0.0000000E+00   0.0000000E+00   0.0000000E+00   0.0000000E+00   0.0000000E+00
     1.0900000E+02   9.3900000E+02   0.0000000E+00   9.3900000E+02   0.0000000E+00   0.0000000E+00   0.0000000E+00   0.0000000E+00   0.0000000E+00
     1.1000000E+02   9.3900000E+02   0.0000000E+00   9.3900000E+02   0.0000000E+00   0.0000000E+00   0.0000000E+00   0.0000000E+00   0.0000000E+00
     1.1100000E+02   9.3900000E+02   0.0000000E+00   9.3900000E+02   0.0000000E+00   0.0000000E+00   0.0000000E+00   0.0000000E+00   0.0000000E+00
     1.1200000E+02   9.3900000E+02   0.0000000E+00   9.3900000E+02   0.0000000E+00   0.0000000E+00   0.0000000E+00   0.0000000E+00   0.0000000E+00
     1.1300000E+02   9.3900232E+02   2.3214745E-03   9.3900232E+02   2.6952605E+03   0.0000000E+00   0.0000000E+00   0.0000000E+00   0.0000000E+00
     1.1400000E+02   9.3900134E+02   1.3218250E-03   9.3900134E+02   1.0542675E+03   0.0000000E+00   0.0000000E+00   0.0000000E+00   0.0000000E+00
     1.1500000E+02   9.3900122E+02   1.2427811E-03   9.3900122E+02   9.5130243E+02   0.0000000E+00   0.0000000E+00   0.0000000E+00   0.0000000E+00
     1.1600000E+02   9.3900024E+02   2.4018750E-04   9.3900024E+02   6.1457973E+01   0.0000000E+00   0.0000000E+00   0.0000000E+00   0.0000000E+00
     1.1700000E+02   9.3900012E+02   1.1383280E-04   9.3900012E+02   1.7705435E+01   0.0000000E+00   0.0000000E+00   0.0000000E+00   0.0000000E+00
     1.1800000E+02   9.3900006E+02   4.3025866E-05   9.3900006E+02   3.4984601E+00   0.0000000E+00   0.0000000E+00   0.0000000E+00   0.0000000E+00
     1.1900000E+02   9.3900000E+02   4.8721522E-06   9.3900000E+02   5.3656157E-02   0.0000000E+00   0.0000000E+00   0.0000000E+00   0.0000000E+00
     1.2000000E+02   9.3900000E+02   0.0000000E+00   9.3900000E+02   0.0000000E+00   0.0000000E+00   0.0000000E+00   0.0000000E+00   0.0000000E+00
     1.2100000E+02   9.3900000E+02   0.0000000E+00   9.3900000E+02   0.0000000E+00   0.0000000E+00   0.0000000E+00   0.0000000E+00   0.0000000E+00
     1.2200000E+02   9.3900000E+02   0.0000000E+00   9.3900000E+02   0.0000000E+00   0.0000000E+00   0.0000000E+00   0.0000000E+00   0.0000000E+00
     1.2300000E+02   9.3900000E+02   0.0000000E+00   9.3900000E+02   0.0000000E+00   0.0000000E+00   0.0000000E+00   0.0000000E+00   0.0000000E+00
     1.2400000E+02   9.3900000E+02   0.0000000E+00   9.3900000E+02   0.0000000E+00   0.0000000E+00   0.0000000E+00   0.0000000E+00   0.0000000E+00
     1.2500000E+02   9.3900000E+02   0.0000000E+00   9.3900000E+02   0.0000000E+00   0.0000000E+00   0.0000000E+00   0.0000000E+00   0.0000000E+00
     1.2600000E+02   9.3900000E+02   0.0000000E+00   9.3900000E+02   0.0000000E+00   0.0000000E+00   0.0000000E+00   0.0000000E+00   0.0000000E+00
     1.2700000E+02   9.3900085E+02   8.2912139E-04   9.3900085E+02   4.8457141E+02   0.0000000E+00   0.0000000E+00   0.0000000E+00   0.0000000E+00
     1.2800000E+02   9.3900140E+02   1.4230197E-03   9.3900140E+02   1.1921908E+03   0.0000000E+00   0.0000000E+00   0.0000000E+00   0.0000000E+00
     1.2900000E+02   9.3900128E+02   1.2976370E-03   9.3900128E+02   1.0223107E+03   0.0000000E+00   0.0000000E+00   0.0000000E+00   0.0000000E+00
     1.3000000E+02   9.3900018E+02   1.9917003E-04   9.3900018E+02   4.4981529E+01   0.0000000E+00   0.0000000E+00   0.0000000E+00   0.0000000E+00
     1.3100000E+02   9.3900256E+02   2.5908817E-03   9.3900256E+02   3.2364846E+03   0.0000000E+00   0.0000000E+00   0.0000000E+00   0.0000000E+00
     1.3200000E+02   9.3900073E+02   7.4303924E-04   9.3900073E+02   4.0365826E+02   0.0000000E+00   0.0000000E+00   0.0000000E+00   0.0000000E+00
     1.3300000E+02   9.3900092E+02   9.2796498E-04   9.3900092E+02   5.8462885E+02   0.0000000E+00   0.0000000E+00   0.0000000E+00   0.0000000E+00
     1.3400000E+02   9.3900214E+02   2.1182697E-03   9.3900214E+02   2.3136428E+03   0.0000000E+00   0.0000000E+00   0.0000000E+00   0.0000000E+00
     1.3500000E+02   9.3900342E+02   3.4022860E-03   9.3900342E+02   5.0965811E+03   0.0000000E+00   0.0000000E+00   0.0000000E+00   0.0000000E+00
     1.3600000E+02   9.3900403E+02   4.0567005E-03   9.3900403E+02   6.8330688E+03   0.0000000E+00   0.0000000E+00   0.0000000E+00   0.0000000E+00
     1.3700000E+02   9.3900208E+02   2.0703324E-03   9.3900208E+02   2.2270383E+03   0.0000000E+00   0.0000000E+00   0.0000000E+00   0.0000000E+00
     1.3800000E+02   9.3900702E+02   7.0277215E-03   9.3900702E+02   1.7074650E+04   0.0000000E+00   0.0000000E+00   0.0000000E+00   0.0000000E+00
     1.3900000E+02   9.3901514E+02   1.5144470E-02   9.3901514E+02   6.1388125E+04   0.0000000E+00   0.0000000E+00   0.0000000E+00   0.0000000E+00
     1.4000000E+02   9.3901202E+02   1.2040330E-02   9.3901202E+02   4.1884973E+04   0.0000000E+00   0.0000000E+00   0.0000000E+00   0.0000000E+00
     1.4100000E+02   9.3900464E+02   4.6132347E-03   9.3900464E+02   8.4658418E+03   0.0000000E+00   0.0000000E+00   0.0000000E+00   0.0000000E+00
     1.4200000E+02   9.3900317E+02   3.1473653E-03   9.3900317E+02   4.4761655E+03   0.0000000E+00   0.0000000E+00   0.0000000E+00   0.0000000E+00
     1.4300000E+02   9.3900214E+02   2.1537088E-03   9.3900214E+02   2.3785151E+03   0.0000000E+00   0.0000000E+00   0.0000000E+00   0.0000000E+00
     1.4400000E+02   9.3900171E+02   1.6974661E-03   9.3900171E+02   1.5995436E+03   0.0000000E+00   0.0000000E+00   0.0000000E+00   0.0000000E+00
     1.4500000E+02   9.3900275E+02   2.7478093E-03   9.3900275E+02   3.5697561E+03   0.0000000E+00   0.0000000E+00   0.0000000E+00   0.0000000E+00
     1.4600000E+02   9.3900159E+02   1.5980112E-03   9.3900159E+02   1.4464185E+03   0.0000000E+00   0.0000000E+00   0.0000000E+00   0.0000000E+00
     1.4700000E+02   9.3900134E+02   1.3696414E-03   9.3900134E+02   1.1185936E+03   0.0000000E+00   0.0000000E+00   0.0000000E+00   0.0000000E+00
     1.4800000E+02   9.3900195E+02   1.9411682E-03   9.3900195E+02   2.0003203E+03   0.0000000E+00   0.0000000E+00   0.0000000E+00   0.0000000E+00
     1.4900000E+02   9.3900116E+02   1.1484555E-03   9.3900116E+02   8.3403558E+02   0.0000000E+00   0.0000000E+00   0.0000000E+00   0.0000000E+00
     1.5000000E+02   9.3900098E+02   9.5443771E-04   9.3900098E+02   6.1268921E+02   0.0000000E+00   0.0000000E+00   0.0000000E+00   0.0000000E+00
     1.5100000E+02   9.3900092E+02   9.2970784E-04   9.3900092E+02   5.8646002E+02   0.0000000E+00   0.0000000E+00   0.0000000E+00   0.0000000E+00
     1.5200000E+02   9.3900165E+02   1.6579696E-03   9.3900165E+02   1.5379958E+03   0.0000000E+00   0.0000000E+00   0.0000000E+00   0.0000000E+00
     1.5300000E+02   9.3900714E+02   7.1693757E-03   9.3900714E+02   1.7652104E+04   0.0000000E+00   0.0000000E+00   0.0000000E+00   0.0000000E+00
     1.5400000E+02   9.3905554E+02   5.5569831E-02   9.3905554E+02   5.3586994E+05   0.0000000E+00   0.0000000E+00   0.0000000E+00   0.0000000E+00
     1.5500000E+02   9.3901306E+02   1.3033997E-02   9.3901306E+02   4.7803199E+04   0.0000000E+00   0.0000000E+00   0.0000000E+00   0.0000000E+00
     1.5600000E+02   9.3900812E+02   8.1353728E-03   9.3900812E+02   2.1791643E+04   0.0000000E+00   0.0000000E+00   0.0000000E+00   0.0000000E+00
     1.5700000E+02   9.3900647E+02   6.4528775E-03   9.3900647E+02   1.4810962E+04   0.0000000E+00   0.0000000E+00   0.0000000E+00   0.0000000E+00
     1.5800000E+02   9.3900562E+02   5.5998079E-03   9.3900562E+02   1.1693634E+04   0.0000000E+00   0.0000000E+00   0.0000000E+00   0.0000000E+00
     1.5900000E+02   9.3900513E+02   5.1217158E-03   9.3900513E+02   1.0077513E+04   0.0000000E+00   0.0000000E+00   0.0000000E+00   0.0000000E+00
     1.6000000E+02   9.3900500E+02   5.0243586E-03   9.3900500E+02   9.7602725E+03   0.0000000E+00   0.0000000E+00   0.0000000E+00   0.0000000E+00
     1.6100000E+02   9.3900549E+02   5.4635615E-03   9.3900549E+02   1.1223302E+04   0.0000000E+00   0.0000000E+00   0.0000000E+00   0.0000000E+00
     1.6200000E+02   9.3900568E+02   5.6816349E-03   9.3900568E+02   1.1979806E+04   0.0000000E+00   0.0000000E+00   0.0000000E+00   0.0000000E+00
     1.6300000E+02   9.3900574E+02   5.7334481E-03   9.3900574E+02   1.2162439E+04   0.0000000E+00   0.0000000E+00   0.0000000E+00   0.0000000E+00
     1.6400000E+02   9.3900580E+02   5.7969904E-03   9.3900580E+02   1.2387924E+04   0.0000000E+00   0.0000000E+00   0.0000000E+00   0.0000000E+00
     1.6500000E+02   9.3900604E+02   6.0520046E-03   9.3900604E+02   1.3309436E+04   0.0000000E+00   0.0000000E+00   0.0000000E+00   0.0000000E+00
     1.6600000E+02   9.3900629E+02   6.2775477E-03   9.3900629E+02   1.4146346E+04   0.0000000E+00   0.0000000E+00   0.0000000E+00   0.0000000E+00
     1.6700000E+02   9.3900653E+02   6.5355571E-03   9.3900653E+02   1.5128595E+04   0.0000000E+00   0.0000000E+00   0.0000000E+00   0.0000000E+00
     1.6800000E+02   9.3900671E+02   6.7035896E-03   9.3900671E+02   1.5782407E+04   0.0000000E+00   0.0000000E+00   0.0000000E+00   0.0000000E+00
     1.6900000E+02   9.3900677E+02   6.7657707E-03   9.3900677E+02   1.6027153E+04   0.0000000E+00   0.0000000E+00   0.0000000E+00   0.0000000E+00
     1.7000000E+02   9.3900671E+02   6.7044338E-03   9.3900671E+02   1.5785722E+04   0.0000000E+00   0.0000000E+00   0.0000000E+00   0.0000000E+00
     1.7100000E+02   9.3900671E+02   6.6910405E-03   9.3900671E+02   1.5733198E+04   0.0000000E+00   0.0000000E+00   0.0000000E+00   0.0000000E+00
     1.7200000E+02   9.3901056E+02   1.0538084E-02   9.3901056E+02   3.3542621E+04   0.0000000E+00   0.0000000E+00   0.0000000E+00   0.0000000E+00
     1.7300000E+02   9.3900696E+02   6.9795754E-03   9.3900696E+02   1.6880135E+04   0.0000000E+00   0.0000000E+00   0.0000000E+00   0.0000000E+00
     1.7400000E+02   9.3900653E+02   6.5225540E-03   9.3900653E+02   1.5078462E+04   0.0000000E+00   0.0000000E+00   0.0000000E+00   0.0000000E+00
     1.7500000E+02   9.3900610E+02   6.1100968E-03   9.3900610E+02   1.3523042E+04   0.0000000E+00   0.0000000E+00   0.0000000E+00   0.0000000E+00
     1.7600000E+02   9.3900580E+02   5.8120992E-03   9.3900580E+02   1.2441783E+04   0.0000000E+00   0.0000000E+00   0.0000000E+00   0.0000000E+00
     1.7700000E+02   9.3900787E+02   7.8797005E-03   9.3900787E+02   2.0662225E+04   0.0000000E+00   0.0000000E+00   0.0000000E+00   0.0000000E+00
     1.7800000E+02   9.3900708E+02   7.0822346E-03   9.3900708E+02   1.7295963E+04   0.0000000E+00   0.0000000E+00   0.0000000E+00   0.0000000E+00
     1.7900000E+02   9.3900610E+02   6.1296052E-03   9.3900610E+02   1.3595080E+04   0.0000000E+00   0.0000000E+00   0.0000000E+00   0.0000000E+00
     1.8000000E+02   9.3900580E+02   5.7917573E-03   9.3900580E+02   1.2369292E+04   0.0000000E+00   0.0000000E+00   0.0000000E+00   0.0000000E+00
     1.8100000E+02   9.3900580E+02   5.8042277E-03   9.3900580E+02   1.2413711E+04   0.0000000E+00   0.0000000E+00   0.0000000E+00   0.0000000E+00
     1.8200000E+02   9.3900549E+02   5.4676216E-03   9.3900549E+02   1.1237206E+04   0.0000000E+00   0.0000000E+00   0.0000000E+00   0.0000000E+00
     1.8300000E+02   9.3900543E+02   5.4288143E-03   9.3900543E+02   1.1104591E+04   0.0000000E+00   0.0000000E+00   0.0000000E+00   0.0000000E+00
     1.8400000E+02   9.3900549E+02   5.4632248E-03   9.3900549E+02   1.1222149E+04   0.0000000E+00   0.0000000E+00   0.0000000E+00   0.0000000E+00
     1.8500000E+02   9.3900525E+02   5.2336035E-03   9.3900525E+02   1.0447097E+04   0.0000000E+00   0.0000000E+00   0.0000000E+00   0.0000000E+00
     1.8600000E+02   9.3900513E+02   5.1292921E-03   9.3900513E+02   1.0102371E+04   0.0000000E+00   0.0000000E+00   0.0000000E+00   0.0000000E+00
     1.8700000E+02   9.3900500E+02   5.0129290E-03   9.3900500E+02   9.7232949E+03   0.0000000E+00   0.0000000E+00   0.0000000E+00   0.0000000E+00
     1.8800000E+02   9.3900488E+02   4.8687109E-03   9.3900488E+02   9.2615615E+03   0.0000000E+00   0.0000000E+00   0.0000000E+00   0.0000000E+00
     1.8900000E+02   9.3900519E+02   5.2101053E-03   9.3900519E+02   1.0369036E+04   0.0000000E+00   0.0000000E+00   0.0000000E+00   0.0000000E+00
     1.9000000E+02   9.3900494E+02   4.9574524E-03   9.3900494E+02   9.5446172E+03   0.0000000E+00   0.0000000E+00   0.0000000E+00   0.0000000E+00
     1.9100000E+02   9.3900635E+02   6.3552223E-03   9.3900635E+02   1.4439278E+04   0.0000000E+00   0.0000000E+00   0.0000000E+00   0.0000000E+00
     1.9200000E+02   9.3900629E+02   6.2705735E-03   9.3900629E+02   1.4120161E+04   0.0000000E+00   0.0000000E+00   0.0000000E+00   0.0000000E+00
     1.9300000E+02   9.3900549E+02   5.4920940E-03   9.3900549E+02   1.1321158E+04   0.0000000E+00   0.0000000E+00   0.0000000E+00   0.0000000E+00
     1.9400000E+02   9.3900525E+02   5.2741282E-03   9.3900525E+02   1.0582267E+04   0.0000000E+00   0.0000000E+00   0.0000000E+00   0.0000000E+00
     1.9500000E+02   9.3900427E+02   4.2935233E-03   9.3900427E+02   7.5107607E+03   0.0000000E+00   0.0000000E+00   0.0000000E+00   0.0000000E+00
     1.9600000E+02   9.3900427E+02   4.2436775E-03   9.3900427E+02   7.3659966E+03   0.0000000E+00   0.0000000E+00   0.0000000E+00   0.0000000E+00
     1.9700000E+02   9.3900409E+02   4.1060052E-03   9.3900409E+02   6.9720435E+03   0.0000000E+00   0.0000000E+00   0.0000000E+00   0.0000000E+00
     1.9800000E+02   9.3900397E+02   3.9567784E-03   9.3900397E+02   6.5548662E+03   0.0000000E+00   0.0000000E+00   0.0000000E+00   0.0000000E+00
     1.9900000E+02   9.3900385E+02   3.8418933E-03   9.3900385E+02   6.2407446E+03   0.0000000E+00   0.0000000E+00   0.0000000E+00   0.0000000E+00
     2.0000000E+02   9.3900378E+02   3.7796900E-03   9.3900378E+02   6.0732510E+03   0.0000000E+00   0.0000000E+00   0.0000000E+00   0.0000000E+00
     2.0100000E+02   9.3900366E+02   3.6391784E-03   9.3900366E+02   5.7016401E+03   0.0000000E+00   0.0000000E+00   0.0000000E+00   0.0000000E+00
     2.0200000E+02   9.3900354E+02   3.5462962E-03   9.3900354E+02   5.4611729E+03   0.0000000E+00   0.0000000E+00   0.0000000E+00   0.0000000E+00
     2.0300000E+02   9.3900342E+02   3.4430809E-03   9.3900342E+02   5.1988379E+03   0.0000000E+00   0.0000000E+00   0.0000000E+00   0.0000000E+00
     2.0400000E+02   9.3900336E+02   3.3575897E-03   9.3900336E+02   4.9854795E+03   0.0000000E+00   0.0000000E+00   0.0000000E+00   0.0000000E+00
     2.0500000E+02   9.3900336E+02   3.3467913E-03   9.3900336E+02   4.9587852E+03   0.0000000E+00   0.0000000E+00   0.0000000E+00   0.0000000E+00
     2.0600000E+02   9.3900317E+02   3.1921656E-03   9.3900317E+02   4.5828604E+03   0.0000000E+00   0.0000000E+00   0.0000000E+00   0.0000000E+00
     2.0700000E+02   9.3900323E+02   3.2228658E-03   9.3900323E+02   4.6565537E+03   0.0000000E+00   0.0000000E+00   0.0000000E+00   0.0000000E+00
     2.0800000E+02   9.3900305E+02   3.0688120E-03   9.3900305E+02   4.2915225E+03   0.0000000E+00   0.0000000E+00   0.0000000E+00   0.0000000E+00
     2.0900000E+02   9.3900305E+02   3.0558435E-03   9.3900305E+02   4.2613389E+03   0.0000000E+00   0.0000000E+00   0.0000000E+00   0.0000000E+00
     2.1000000E+02   9.3900299E+02   2.9923066E-03   9.3900299E+02   4.1146958E+03   0.0000000E+00   0.0000000E+00   0.0000000E+00   0.0000000E+00
     2.1100000E+02   9.3900293E+02   2.9571780E-03   9.3900293E+02   4.0345029E+03   0.0000000E+00   0.0000000E+00   0.0000000E+00   0.0000000E+00
     2.1200000E+02   9.3900287E+02   2.8596933E-03   9.3900287E+02   3.8152822E+03   0.0000000E+00   0.0000000E+00   0.0000000E+00   0.0000000E+00
     2.1300000E+02   9.3900342E+02   3.3894342E-03   9.3900342E+02   5.0645352E+03   0.0000000E+00   0.0000000E+00   0.0000000E+00   0.0000000E+00
     2.1400000E+02   9.3900311E+02   3.1266632E-03   9.3900311E+02   4.4272026E+03   0.0000000E+00   0.0000000E+00   0.0000000E+00   0.0000000E+00
     2.1500000E+02   9.3900299E+02   3.0002384E-03   9.3900299E+02   4.1328901E+03   0.0000000E+00   0.0000000E+00   0.0000000E+00   0.0000000E+00
     2.1600000E+02   9.3900317E+02   3.1867528E-03   9.3900317E+02   4.5699160E+03   0.0000000E+00   0.0000000E+00   0.0000000E+00   0.0000000E+00
     2.1700000E+02   9.3900287E+02   2.8892760E-03   9.3900287E+02   3.8812888E+03   0.0000000E+00   0.0000000E+00   0.0000000E+00   0.0000000E+00
     2.1800000E+02   9.3900275E+02   2.7292466E-03   9.3900275E+02   3.5296545E+03   0.0000000E+00   0.0000000E+00   0.0000000E+00   0.0000000E+00
     2.1900000E+02   9.3900256E+02   2.5427912E-03   9.3900256E+02   3.1369822E+03   0.0000000E+00   0.0000000E+00   0.0000000E+00   0.0000000E+00
     2.2000000E+02   9.3900244E+02   2.4467595E-03   9.3900244E+02   2.9420249E+03   0.0000000E+00   0.0000000E+00   0.0000000E+00   0.0000000E+00
     2.2100000E+02   9.3900238E+02   2.3631782E-03   9.3900238E+02   2.7764402E+03   0.0000000E+00   0.0000000E+00   0.0000000E+00   0.0000000E+00
     2.2200000E+02   9.3900232E+02   2.2907492E-03   9.3900232E+02   2.6360691E+03   0.0000000E+00   0.0000000E+00   0.0000000E+00   0.0000000E+00
     2.2300000E+02   9.3900220E+02   2.2217943E-03   9.3900220E+02   2.5051516E+03   0.0000000E+00   0.0000000E+00   0.0000000E+00   0.0000000E+00
     2.2400000E+02   9.3900220E+02   2.1829221E-03   9.3900220E+02   2.4325288E+03   0.0000000E+00   0.0000000E+00   0.0000000E+00   0.0000000E+00
     2.2500000E+02   9.3900214E+02   2.1392305E-03   9.3900214E+02   2.3519255E+03   0.0000000E+00   0.0000000E+00   0.0000000E+00   0.0000000E+00
     2.2600000E+02   9.3900208E+02   2.0868380E-03   9.3900208E+02   2.2567085E+03   0.0000000E+00   0.0000000E+00   0.0000000E+00   0.0000000E+00
     2.2700000E+02   9.3900201E+02   2.0323035E-03   9.3900201E+02   2.1592776E+03   0.0000000E+00   0.0000000E+00   0.0000000E+00   0.0000000E+00
     2.2800000E+02   9.3900195E+02   1.9395431E-03   9.3900195E+02   1.9975298E+03   0.0000000E+00   0.0000000E+00   0.0000000E+00   0.0000000E+00
     2.2900000E+02   9.3900183E+02   1.8318546E-03   9.3900183E+02   1.8161256E+03   0.0000000E+00   0.0000000E+00   0.0000000E+00   0.0000000E+00
     2.3000000E+02   9.3900177E+02   1.7991777E-03   9.3900177E+02   1.7624535E+03   0.0000000E+00   0.0000000E+00   0.0000000E+00   0.0000000E+00
     2.3100000E+02   9.3900183E+02   1.8316654E-03   9.3900183E+02   1.8158131E+03   0.0000000E+00   0.0000000E+00   0.0000000E+00   0.0000000E+00
     2.3200000E+02   9.3900189E+02   1.8781769E-03   9.3900189E+02   1.8933101E+03   0.0000000E+00   0.0000000E+00   0.0000000E+00   0.0000000E+00
     2.3300000E+02   9.3900189E+02   1.8782078E-03   9.3900189E+02   1.8933619E+03   0.0000000E+00   0.0000000E+00   0.0000000E+00   0.0000000E+00
     2.3400000E+02   9.3900183E+02   1.8528297E-03   9.3900183E+02   1.8509161E+03   0.0000000E+00   0.0000000E+00   0.0000000E+00   0.0000000E+00
     2.3500000E+02   9.3900183E+02   1.8263020E-03   9.3900183E+02   1.8069602E+03   0.0000000E+00   0.0000000E+00   0.0000000E+00   0.0000000E+00
     2.3600000E+02   9.3900183E+02   1.8151534E-03   9.3900183E+02   1.7886134E+03   0.0000000E+00   0.0000000E+00   0.0000000E+00   0.0000000E+00
     2.3700000E+02   9.3900177E+02   1.7868605E-03   9.3900177E+02   1.7423899E+03   0.0000000E+00   0.0000000E+00   0.0000000E+00   0.0000000E+00
     2.3800000E+02   9.3900171E+02   1.7391169E-03   9.3900171E+02   1.6654905E+03   0.0000000E+00   0.0000000E+00   0.0000000E+00   0.0000000E+00
     2.3900000E+02   9.3900171E+02   1.6833163E-03   9.3900171E+02   1.5773829E+03   0.0000000E+00   0.0000000E+00   0.0000000E+00   0.0000000E+00
     2.4000000E+02   9.3900165E+02   1.6245228E-03   9.3900165E+02   1.4866335E+03   0.0000000E+00   0.0000000E+00   0.0000000E+00   0.0000000E+00
     2.4100000E+02   9.3900159E+02   1.5841732E-03   9.3900159E+02   1.4256031E+03   0.0000000E+00   0.0000000E+00   0.0000000E+00   0.0000000E+00
     2.4200000E+02   9.3900159E+02   1.5585106E-03   9.3900159E+02   1.3873217E+03   0.0000000E+00   0.0000000E+00   0.0000000E+00   0.0000000E+00
     2.4300000E+02   9.3900153E+02   1.5459186E-03   9.3900153E+02   1.3686906E+03   0.0000000E+00   0.0000000E+00   0.0000000E+00   0.0000000E+00
     2.4400000E+02   9.3900153E+02   1.5407332E-03   9.3900153E+02   1.3610475E+03   0.0000000E+00   0.0000000E+00   0.0000000E+00   0.0000000E+00
     2.4500000E+02   9.3900153E+02   1.5349902E-03   9.3900153E+02   1.3526027E+03   0.0000000E+00   0.0000000E+00   0.0000000E+00   0.0000000E+00
     2.4600000E+02   9.3900153E+02   1.5312533E-03   9.3900153E+02   1.3471191E+03   0.0000000E+00   0.0000000E+00   0.0000000E+00   0.0000000E+00
     2.4700000E+02   9.3900153E+02   1.5101348E-03   9.3900153E+02   1.3162965E+03   0.0000000E+00   0.0000000E+00   0.0000000E+00   0.0000000E+00
     2.4800000E+02   9.3900153E+02   1.5203641E-03   9.3900153E+02   1.3311907E+03   0.0000000E+00   0.0000000E+00   0.0000000E+00   0.0000000E+00
     2.4900000E+02   9.3900146E+02   1.4949283E-03   9.3900146E+02   1.2942798E+03   0.0000000E+00   0.0000000E+00   0.0000000E+00   0.0000000E+00
     2.5000000E+02   9.3900146E+02   1.4637085E-03   9.3900146E+02   1.2495449E+03   0.0000000E+00   0.0000000E+00   0.0000000E+00   0.0000000E+00
     2.5100000E+02   9.3900140E+02   1.4342531E-03   9.3900140E+02   1.2079174E+03   0.0000000E+00   0.0000000E+00   0.0000000E+00   0.0000000E+00
     2.5200000E+02   9.3900140E+02   1.4062966E-03   9.3900140E+02   1.1689316E+03   0.0000000E+00   0.0000000E+00   0.0000000E+00   0.0000000E+00
     2.5300000E+02   9.3900140E+02   1.4024082E-03   9.3900140E+02   1.1635499E+03   0.0000000E+00   0.0000000E+00   0.0000000E+00   0.0000000E+00
     2.5400000E+02   9.3900140E+02   1.3908269E-03   9.3900140E+02   1.1475793E+03   0.0000000E+00   0.0000000E+00   0.0000000E+00   0.0000000E+00
     2.5500000E+02   9.3900134E+02   1.3648190E-03   9.3900134E+02   1.1120372E+03   0.0000000E+00   0.0000000E+00   0.0000000E+00   0.0000000E+00
     2.5600000E+02   9.3900134E+02   1.3347513E-03   9.3900134E+02   1.0715065E+03   0.0000000E+00   0.0000000E+00   0.0000000E+00   0.0000000E+00
     2.5700000E+02   9.3900128E+02   1.3052028E-03   9.3900128E+02   1.0322643E+03   0.0000000E+00   0.0000000E+00   0.0000000E+00   0.0000000E+00
     2.5800000E+02   9.3900128E+02   1.2615783E-03   9.3900128E+02   9.7540417E+02   0.0000000E+00   0.0000000E+00   0.0000000E+00   0.0000000E+00
     2.5900000E+02   9.3900122E+02   1.2266083E-03   9.3900122E+02   9.3075934E+02   0.0000000E+00   0.0000000E+00   0.0000000E+00   0.0000000E+00
     2.6000000E+02   9.3900116E+02   1.1789006E-03   9.3900116E+02   8.7121002E+02   0.0000000E+00   0.0000000E+00   0.0000000E+00   0.0000000E+00
     2.6100000E+02   9.3900116E+02   1.1307789E-03   9.3900116E+02   8.1275018E+02   0.0000000E+00   0.0000000E+00   0.0000000E+00   0.0000000E+00
     2.6200000E+02   9.3900110E+02   1.0814458E-03   9.3900110E+02   7.5451672E+02   0.0000000E+00   0.0000000E+00   0.0000000E+00   0.0000000E+00
     2.6300000E+02   9.3900110E+02   1.0895086E-03   9.3900110E+02   7.6391553E+02   0.0000000E+00   0.0000000E+00   0.0000000E+00   0.0000000E+00
     2.6400000E+02   9.3900110E+02   1.0762803E-03   9.3900110E+02   7.4851965E+02   0.0000000E+00   0.0000000E+00   0.0000000E+00   0.0000000E+00
     2.6500000E+02   9.3900104E+02   1.0412764E-03   9.3900104E+02   7.0838757E+02   0.0000000E+00   0.0000000E+00   0.0000000E+00   0.0000000E+00
     2.6600000E+02   9.3900098E+02   9.8219595E-04   9.3900098E+02   6.4267462E+02   0.0000000E+00   0.0000000E+00   0.0000000E+00   0.0000000E+00
     2.6700000E+02   9.3900092E+02   9.2152366E-04   9.3900092E+02   5.7788098E+02   0.0000000E+00   0.0000000E+00   0.0000000E+00   0.0000000E+00
     2.6800000E+02   9.3900085E+02   8.8486576E-04   9.3900085E+02   5.4007806E+02   0.0000000E+00   0.0000000E+00   0.0000000E+00   0.0000000E+00
     2.6900000E+02   9.3900085E+02   8.4530259E-04   9.3900085E+02   5.0043524E+02   0.0000000E+00   0.0000000E+00   0.0000000E+00   0.0000000E+00
     2.7000000E+02   9.3900079E+02   7.7281124E-04   9.3900079E+02   4.3097287E+02   0.0000000E+00   0.0000000E+00   0.0000000E+00   0.0000000E+00
     2.7100000E+02   9.3900067E+02   6.9722917E-04   9.3900067E+02   3.6303915E+02   0.0000000E+00   0.0000000E+00   0.0000000E+00   0.0000000E+00
     2.7200000E+02   9.3900067E+02   6.4447807E-04   9.3900067E+02   3.1842548E+02   0.0000000E+00   0.0000000E+00   0.0000000E+00   0.0000000E+00
     2.7300000E+02   9.3900061E+02   6.0972123E-04   9.3900061E+02   2.9032187E+02   0.0000000E+00   0.0000000E+00   0.0000000E+00   0.0000000E+00
     2.7400000E+02   9.3900055E+02   5.7719846E-04   9.3900055E+02   2.6497372E+02   0.0000000E+00   0.0000000E+00   0.0000000E+00   0.0000000E+00
     2.7500000E+02   9.3900055E+02   5.6865858E-04   9.3900055E+02   2.5847202E+02   0.0000000E+00   0.0000000E+00   0.0000000E+00   0.0000000E+00
     2.7600000E+02   9.3900055E+02   5.5073434E-04   9.3900055E+02   2.4503671E+02   0.0000000E+00   0.0000000E+00   0.0000000E+00   0.0000000E+00
     2.7700000E+02   9.3900055E+02   5.4411433E-04   9.3900055E+02   2.4014737E+02   0.0000000E+00   0.0000000E+00   0.0000000E+00   0.0000000E+00
     2.7800000E+02   9.3900055E+02   5.4053625E-04   9.3900055E+02   2.3752113E+02   0.0000000E+00   0.0000000E+00   0.0000000E+00   0.0000000E+00
     2.7900000E+02   9.3900055E+02   5.5821706E-04   9.3900055E+02   2.5061058E+02   0.0000000E+00   0.0000000E+00   0.0000000E+00   0.0000000E+00
     2.8000000E+02   9.3900055E+02   5.6433014E-04   9.3900055E+02   2.5520135E+02   0.0000000E+00   0.0000000E+00   0.0000000E+00   0.0000000E+00
     2.8100000E+02   9.3900055E+02   5.6064065E-04   9.3900055E+02   2.5242667E+02   0.0000000E+00   0.0000000E+00   0.0000000E+00   0.0000000E+00
     2.8200000E+02   9.3900055E+02   5.5144046E-04   9.3900055E+02   2.4556055E+02   0.0000000E+00   0.0000000E+00   0.0000000E+00   0.0000000E+00
     2.8300000E+02   9.3900055E+02   5.4724724E-04   9.3900055E+02   2.4245634E+02   0.0000000E+00   0.0000000E+00   0.0000000E+00   0.0000000E+00
     2.8400000E+02   9.3900055E+02   5.2895170E-04   9.3900055E+02   2.2909781E+02   0.0000000E+00   0.0000000E+00   0.0000000E+00   0.0000000E+00
     2.8500000E+02   9.3900049E+02   5.1748380E-04   9.3900049E+02   2.2087953E+02   0.0000000E+00   0.0000000E+00   0.0000000E+00   0.0000000E+00
     2.8600000E+02   9.3900049E+02   4.9094082E-04   9.3900049E+02   2.0232187E+02   0.0000000E+00   0.0000000E+00   0.0000000E+00   0.0000000E+00
     2.8700000E+02   9.3900043E+02   4.5137882E-04   9.3900043E+02   1.7588530E+02   0.0000000E+00   0.0000000E+00   0.0000000E+00   0.0000000E+00
     2.8800000E+02   9.3900043E+02   4.1117106E-04   9.3900043E+02   1.5055614E+02   0.0000000E+00   0.0000000E+00   0.0000000E+00   0.0000000E+00
     2.8900000E+02   9.3900037E+02   3.8172925E-04   9.3900037E+02   1.3302092E+02   0.0000000E+00   0.0000000E+00   0.0000000E+00   0.0000000E+00
     2.9000000E+02   9.3900037E+02   3.4629571E-04   9.3900037E+02   1.1308529E+02   0.0000000E+00   0.0000000E+00   0.0000000E+00   0.0000000E+00
     2.9100000E+02   9.3900031E+02   3.1291414E-04   9.3900031E+02   9.5507217E+01   0.0000000E+00   0.0000000E+00   0.0000000E+00   0.0000000E+00
     2.9200000E+02   9.3900031E+02   2.8164007E-04   9.3900031E+02   8.0134270E+01   0.0000000E+00   0.0000000E+00   0.0000000E+00   0.0000000E+00
     2.9300000E+02   9.3900024E+02   2.4725337E-04   9.3900024E+02   6.4500725E+01   0.0000000E+00   0.0000000E+00   0.0000000E+00   0.0000000E+00
     2.9400000E+02   9.3900024E+02   2.3154316E-04   9.3900024E+02   5.7815929E+01   0.0000000E+00   0.0000000E+00   0.0000000E+00   0.0000000E+00
     2.9500000E+02   9.3900024E+02   2.1844999E-04   9.3900024E+02   5.2470390E+01   0.0000000E+00   0.0000000E+00   0.0000000E+00   0.0000000E+00
     2.9600000E+02   9.3900018E+02   2.1104765E-04   9.3900018E+02   4.9540657E+01   0.0000000E+00   0.0000000E+00   0.0000000E+00   0.0000000E+00
     2.9700000E+02   9.3900018E+02   2.0282471E-04   9.3900018E+02   4.6365578E+01   0.0000000E+00   0.0000000E+00   0.0000000E+00   0.0000000E+00
     2.9800000E+02   9.3900018E+02   1.8941282E-04   9.3900018E+02   4.1369144E+01   0.0000000E+00   0.0000000E+00   0.0000000E+00   0.0000000E+00
     2.9900000E+02   9.3900018E+02   1.6796176E-04   9.3900018E+02   3.3859322E+01   0.0000000E+00   0.0000000E+00   0.0000000E+00   0.0000000E+00
     3.0000000E+02   9.3900012E+02   1.4194382E-04   9.3900012E+02   2.5577320E+01   0.0000000E+00   0.0000000E+00   0.0000000E+00   0.0000000E+00
     3.0100000E+02   9.3900012E+02   1.2216037E-04   9.3900012E+02   1.9916431E+01   0.0000000E+00   0.0000000E+00   0.0000000E+00   0.0000000E+00
     3.0200000E+02   9.3900012E+02   1.0731962E-04   9.3900012E+02   1.6049423E+01   0.0000000E+00   0.0000000E+00   0.0000000E+00   0.0000000E+00
     3.0300000E+02   9.3900012E+02   9.5341165E-05   9.3900012E+02   1.3176347E+01   0.0000000E+00   0.0000000E+00   0.0000000E+00   0.0000000E+00
     3.0400000E+02   9.3900006E+02   8.1984050E-05   9.3900006E+02   1.0245736E+01   0.0000000E+00   0.0000000E+00   0.0000000E+00   0.0000000E+00
     3.0500000E+02   9.3900006E+02   7.3240895E-05   9.3900006E+02   8.4901819E+00   0.0000000E+00   0.0000000E+00   0.0000000E+00   0.0000000E+00
     3.0600000E+02   9.3900006E+02   6.7110683E-05   9.3900006E+02   7.3391705E+00   0.0000000E+00   0.0000000E+00   0.0000000E+00   0.0000000E+00
     3.0700000E+02   9.3900006E+02   6.3875334E-05   9.3900006E+02   6.7590070E+00   0.0000000E+00   0.0000000E+00   0.0000000E+00   0.0000000E+00
     3.0800000E+02   9.3900006E+02   6.3536208E-05   9.3900006E+02   6.6993041E+00   0.0000000E+00   0.0000000E+00   0.0000000E+00   0.0000000E+00
     3.0900000E+02   9.3900018E+02   1.5278236E-04   9.3900018E+02   2.8914537E+01   0.0000000E+00   0.0000000E+00   0.0000000E+00   0.0000000E+00
     3.1000000E+02   9.3900018E+02   1.7352303E-04   9.3900018E+02   3.5748360E+01   0.0000000E+00   0.0000000E+00   0.0000000E+00   0.0000000E+00
     3.1100000E+02   9.3900012E+02   1.0736276E-04   9.3900012E+02   1.6060179E+01   0.0000000E+00   0.0000000E+00   0.0000000E+00   0.0000000E+00
     3.1200000E+02   9.3900012E+02   1.0000915E-04   9.3900012E+02   1.4269009E+01   0.0000000E+00   0.0000000E+00   0.0000000E+00   0.0000000E+00
     3.1300000E+02   9.3900006E+02   7.8819794E-05   9.3900006E+02   9.5951786E+00   0.0000000E+00   0.0000000E+00   0.0000000E+00   0.0000000E+00
     3.1400000E+02   9.3900006E+02   5.0276190E-05   9.3900006E+02   4.5352182E+00   0.0000000E+00   0.0000000E+00   0.0000000E+00   0.0000000E+00
     3.1500000E+02   9.3900000E+02   2.2999817E-05   9.3900000E+02   1.2317849E+00   0.0000000E+00   0.0000000E+00   0.0000000E+00   0.0000000E+00
     3.1600000E+02   9.3900000E+02   6.6200573E-06   9.3900000E+02   1.2911929E-01   0.0000000E+00   0.0000000E+00   0.0000000E+00   0.0000000E+00
     3.1700000E+02   9.3900000E+02   0.0000000E+00   9.3900000E+02   0.0000000E+00   0.0000000E+00   0.0000000E+00   0.0000000E+00   0.0000000E+00
     3.1800000E+02   9.3900000E+02   0.0000000E+00   9.3900000E+02   0.0000000E+00   0.0000000E+00   0.0000000E+00   0.0000000E+00   0.0000000E+00
     3.1900000E+02   9.3900000E+02   0.0000000E+00   9.3900000E+02   0.0000000E+00   0.0000000E+00   0.0000000E+00   0.0000000E+00   0.0000000E+00
     3.2000000E+02   9.3900000E+02   0.0000000E+00   9.3900000E+02   0.0000000E+00   0.0000000E+00   0.0000000E+00   0.0000000E+00   0.0000000E+00
     3.2100000E+02   9.3900000E+02   0.0000000E+00   9.3900000E+02   0.0000000E+00   0.0000000E+00   0.0000000E+00   0.0000000E+00   0.0000000E+00
     3.2200000E+02   9.3900000E+02   0.0000000E+00   9.3900000E+02   0.0000000E+00   0.0000000E+00   0.0000000E+00   0.0000000E+00   0.0000000E+00
     3.2300000E+02   9.3900000E+02   0.0000000E+00   9.3900000E+02   0.0000000E+00   0.0000000E+00   0.0000000E+00   0.0000000E+00   0.0000000E+00
     3.2400000E+02   9.3900000E+02   0.0000000E+00   9.3900000E+02   0.0000000E+00   0.0000000E+00   0.0000000E+00   0.0000000E+00   0.0000000E+00
     3.2500000E+02   9.3900000E+02   0.0000000E+00   9.3900000E+02   0.0000000E+00   0.0000000E+00   0.0000000E+00   0.0000000E+00   0.0000000E+00
     3.2600000E+02   9.3900000E+02   0.0000000E+00   9.3900000E+02   0.0000000E+00   0.0000000E+00   0.0000000E+00   0.0000000E+00   0.0000000E+00
     3.2700000E+02   9.3900000E+02   0.0000000E+00   9.3900000E+02   0.0000000E+00   0.0000000E+00   0.0000000E+00   0.0000000E+00   0.0000000E+00
     3.2800000E+02   9.3900000E+02   0.0000000E+00   9.3900000E+02   0.0000000E+00   0.0000000E+00   0.0000000E+00   0.0000000E+00   0.0000000E+00
     3.2900000E+02   9.3900000E+02   0.0000000E+00   9.3900000E+02   0.0000000E+00   0.0000000E+00   0.0000000E+00   0.0000000E+00   0.0000000E+00
     3.3000000E+02   9.3900000E+02   0.0000000E+00   9.3900000E+02   0.0000000E+00   0.0000000E+00   0.0000000E+00   0.0000000E+00   0.0000000E+00
     3.3100000E+02   9.3900000E+02   0.0000000E+00   9.3900000E+02   0.0000000E+00   0.0000000E+00   0.0000000E+00   0.0000000E+00   0.0000000E+00
     3.3200000E+02   9.3900000E+02   0.0000000E+00   9.3900000E+02   0.0000000E+00   0.0000000E+00   0.0000000E+00   0.0000000E+00   0.0000000E+00
     3.3300000E+02   9.3900000E+02   0.0000000E+00   9.3900000E+02   0.0000000E+00   0.0000000E+00   0.0000000E+00   0.0000000E+00   0.0000000E+00
     3.3400000E+02   9.3900000E+02   0.0000000E+00   9.3900000E+02   0.0000000E+00   0.0000000E+00   0.0000000E+00   0.0000000E+00   0.0000000E+00
     3.3500000E+02   9.3900000E+02   0.0000000E+00   9.3900000E+02   0.0000000E+00   0.0000000E+00   0.0000000E+00   0.0000000E+00   0.0000000E+00
     3.3600000E+02   9.3900000E+02   0.0000000E+00   9.3900000E+02   0.0000000E+00   0.0000000E+00   0.0000000E+00   0.0000000E+00   0.0000000E+00
     3.3700000E+02   9.3900000E+02   0.0000000E+00   9.3900000E+02   0.0000000E+00   0.0000000E+00   0.0000000E+00   0.0000000E+00   0.0000000E+00
     3.3800000E+02   9.3900000E+02   0.0000000E+00   9.3900000E+02   0.0000000E+00   0.0000000E+00   0.0000000E+00   0.0000000E+00   0.0000000E+00
     3.3900000E+02   9.3900000E+02   0.0000000E+00   9.3900000E+02   0.0000000E+00   0.0000000E+00   0.0000000E+00   0.0000000E+00   0.0000000E+00
     3.4000000E+02   9.3900000E+02   0.0000000E+00   9.3900000E+02   0.0000000E+00   0.0000000E+00   0.0000000E+00   0.0000000E+00   0.0000000E+00
     3.4100000E+02   9.3900000E+02   0.0000000E+00   9.3900000E+02   0.0000000E+00   0.0000000E+00   0.0000000E+00   0.0000000E+00   0.0000000E+00
     3.4200000E+02   9.3900000E+02   0.0000000E+00   9.3900000E+02   0.0000000E+00   0.0000000E+00   0.0000000E+00   0.0000000E+00   0.0000000E+00
     3.4300000E+02   9.3900000E+02   0.0000000E+00   9.3900000E+02   0.0000000E+00   0.0000000E+00   0.0000000E+00   0.0000000E+00   0.0000000E+00
     3.4400000E+02   9.3900000E+02   0.0000000E+00   9.3900000E+02   0.0000000E+00   0.0000000E+00   0.0000000E+00   0.0000000E+00   0.0000000E+00
     3.4500000E+02   9.3900000E+02   0.0000000E+00   9.3900000E+02   0.0000000E+00   0.0000000E+00   0.0000000E+00   0.0000000E+00   0.0000000E+00
     3.4600000E+02   9.3900000E+02   0.0000000E+00   9.3900000E+02   0.0000000E+00   0.0000000E+00   0.0000000E+00   0.0000000E+00   0.0000000E+00
     3.4700000E+02   9.3900000E+02   0.0000000E+00   9.3900000E+02   0.0000000E+00   0.0000000E+00   0.0000000E+00   0.0000000E+00   0.0000000E+00
     3.4800000E+02   9.3900061E+02   5.9599156E-04   9.3900061E+02   2.7950812E+02   0.0000000E+00   0.0000000E+00   0.0000000E+00   0.0000000E+00
     3.4900000E+02   9.3900000E+02   0.0000000E+00   9.3900000E+02   0.0000000E+00   0.0000000E+00   0.0000000E+00   0.0000000E+00   0.0000000E+00
     3.5000000E+02   9.3900000E+02   0.0000000E+00   9.3900000E+02   0.0000000E+00   0.0000000E+00   0.0000000E+00   0.0000000E+00   0.0000000E+00
     3.5100000E+02   9.3900000E+02   0.0000000E+00   9.3900000E+02   0.0000000E+00   0.0000000E+00   0.0000000E+00   0.0000000E+00   0.0000000E+00
     3.5200000E+02   9.3900000E+02   0.0000000E+00   9.3900000E+02   0.0000000E+00   0.0000000E+00   0.0000000E+00   0.0000000E+00   0.0000000E+00
     3.5300000E+02   9.3900000E+02   0.0000000E+00   9.3900000E+02   0.0000000E+00   0.0000000E+00   0.0000000E+00   0.0000000E+00   0.0000000E+00
     3.5400000E+02   9.3900000E+02   0.0000000E+00   9.3900000E+02   0.0000000E+00   0.0000000E+00   0.0000000E+00   0.0000000E+00   0.0000000E+00
     3.5500000E+02   9.3900000E+02   0.0000000E+00   9.3900000E+02   0.0000000E+00   0.0000000E+00   0.0000000E+00   0.0000000E+00   0.0000000E+00
     3.5600000E+02   9.3900000E+02   0.0000000E+00   9.3900000E+02   0.0000000E+00   0.0000000E+00   0.0000000E+00   0.0000000E+00   0.0000000E+00
     3.5700000E+02   9.3900000E+02   0.0000000E+00   9.3900000E+02   0.0000000E+00   0.0000000E+00   0.0000000E+00   0.0000000E+00   0.0000000E+00
     3.5800000E+02   9.3900000E+02   0.0000000E+00   9.3900000E+02   0.0000000E+00   0.0000000E+00   0.0000000E+00   0.0000000E+00   0.0000000E+00
     3.5900000E+02   9.3900000E+02   0.0000000E+00   9.3900000E+02   0.0000000E+00   0.0000000E+00   0.0000000E+00   0.0000000E+00   0.0000000E+00
     3.6000000E+02   9.3900000E+02   0.0000000E+00   9.3900000E+02   0.0000000E+00   0.0000000E+00   0.0000000E+00   0.0000000E+00   0.0000000E+00
     3.6100000E+02   9.3900000E+02   0.0000000E+00   9.3900000E+02   0.0000000E+00   0.0000000E+00   0.0000000E+00   0.0000000E+00   0.0000000E+00
     3.6200000E+02   9.3900000E+02   0.0000000E+00   9.3900000E+02   0.0000000E+00   0.0000000E+00   0.0000000E+00   0.0000000E+00   0.0000000E+00
     3.6300000E+02   9.3900000E+02   0.0000000E+00   9.3900000E+02   0.0000000E+00   0.0000000E+00   0.0000000E+00   0.0000000E+00   0.0000000E+00
     3.6400000E+02   9.3900000E+02   0.0000000E+00   9.3900000E+02   0.0000000E+00   0.0000000E+00   0.0000000E+00   0.0000000E+00   0.0000000E+00
     3.6500000E+02   9.3900000E+02   0.0000000E+00   9.3900000E+02   0.0000000E+00   0.0000000E+00   0.0000000E+00   0.0000000E+00   0.0000000E+00
     3.6600000E+02   9.3900000E+02   0.0000000E+00   9.3900000E+02   0.0000000E+00   0.0000000E+00   0.0000000E+00   0.0000000E+00   0.0000000E+00
     3.6700000E+02   9.3900000E+02   0.0000000E+00   9.3900000E+02   0.0000000E+00   0.0000000E+00   0.0000000E+00   0.0000000E+00   0.0000000E+00
     3.6800000E+02   9.3900000E+02   0.0000000E+00   9.3900000E+02   0.0000000E+00   0.0000000E+00   0.0000000E+00   0.0000000E+00   0.0000000E+00
     3.6900000E+02   9.3900000E+02   0.0000000E+00   9.3900000E+02   0.0000000E+00   0.0000000E+00   0.0000000E+00   0.0000000E+00   0.0000000E+00
     3.7000000E+02   9.3900000E+02   0.0000000E+00   9.3900000E+02   0.0000000E+00   0.0000000E+00   0.0000000E+00   0.0000000E+00   0.0000000E+00
     3.7100000E+02   9.3900000E+02   0.0000000E+00   9.3900000E+02   0.0000000E+00   0.0000000E+00   0.0000000E+00   0.0000000E+00   0.0000000E+00
     3.7200000E+02   9.3900000E+02   0.0000000E+00   9.3900000E+02   0.0000000E+00   0.0000000E+00   0.0000000E+00   0.0000000E+00   0.0000000E+00
     3.7300000E+02   9.3900000E+02   0.0000000E+00   9.3900000E+02   0.0000000E+00   0.0000000E+00   0.0000000E+00   0.0000000E+00   0.0000000E+00
     3.7400000E+02   9.3900000E+02   0.0000000E+00   9.3900000E+02   0.0000000E+00   0.0000000E+00   0.0000000E+00   0.0000000E+00   0.0000000E+00
     3.7500000E+02   9.3900000E+02   0.0000000E+00   9.3900000E+02   0.0000000E+00   0.0000000E+00   0.0000000E+00   0.0000000E+00   0.0000000E+00
     3.7600000E+02   9.3900000E+02   0.0000000E+00   9.3900000E+02   0.0000000E+00   0.0000000E+00   0.0000000E+00   0.0000000E+00   0.0000000E+00
     3.7700000E+02   9.3900018E+02   1.8303847E-04   9.3900018E+02   3.9074932E+01   0.0000000E+00   0.0000000E+00   0.0000000E+00   0.0000000E+00
     3.7800000E+02   9.3900262E+02   2.6242239E-03   9.3900262E+02   3.3061997E+03   0.0000000E+00   0.0000000E+00   0.0000000E+00   0.0000000E+00
     3.7900000E+02   9.3900024E+02   2.5732879E-04   9.3900024E+02   6.8940575E+01   0.0000000E+00   0.0000000E+00   0.0000000E+00   0.0000000E+00
     3.8000000E+02   9.3900000E+02   0.0000000E+00   9.3900000E+02   0.0000000E+00   0.0000000E+00   0.0000000E+00   0.0000000E+00   0.0000000E+00
     3.8100000E+02   9.3900000E+02   0.0000000E+00   9.3900000E+02   0.0000000E+00   0.0000000E+00   0.0000000E+00   0.0000000E+00   0.0000000E+00
     3.8200000E+02   9.3900000E+02   0.0000000E+00   9.3900000E+02   0.0000000E+00   0.0000000E+00   0.0000000E+00   0.0000000E+00   0.0000000E+00
     3.8300000E+02   9.3900000E+02   0.0000000E+00   9.3900000E+02   0.0000000E+00   0.0000000E+00   0.0000000E+00   0.0000000E+00   0.0000000E+00
     3.8400000E+02   9.3900098E+02   9.9322514E-04   9.3900098E+02   6.5474731E+02   0.0000000E+00   0.0000000E+00   0.0000000E+00   0.0000000E+00
     3.8500000E+02   9.3900000E+02   5.2291603E-06   9.3900000E+02   6.6783600E-02   0.0000000E+00   0.0000000E+00   0.0000000E+00   0.0000000E+00
     3.8600000E+02   9.3900000E+02   2.4025917E-06   9.3900000E+02   4.1489131E-03   0.0000000E+00   0.0000000E+00   0.0000000E+00   0.0000000E+00
     3.8700000E+02   9.3900000E+02   0.0000000E+00   9.3900000E+02   0.0000000E+00   0.0000000E+00   0.0000000E+00   0.0000000E+00   0.0000000E+00
     3.8800000E+02   9.3900000E+02   0.0000000E+00   9.3900000E+02   0.0000000E+00   0.0000000E+00   0.0000000E+00   0.0000000E+00   0.0000000E+00
     3.8900000E+02   9.3900000E+02   0.0000000E+00   9.3900000E+02   0.0000000E+00   0.0000000E+00   0.0000000E+00   0.0000000E+00   0.0000000E+00
     3.9000000E+02   9.3900000E+02   0.0000000E+00   9.3900000E+02   0.0000000E+00   0.0000000E+00   0.0000000E+00   0.0000000E+00   0.0000000E+00
     3.9100000E+02   9.3900000E+02   0.0000000E+00   9.3900000E+02   0.0000000E+00   0.0000000E+00   0.0000000E+00   0.0000000E+00   0.0000000E+00
     3.9200000E+02   9.3900000E+02   0.0000000E+00   9.3900000E+02   0.0000000E+00   0.0000000E+00   0.0000000E+00   0.0000000E+00   0.0000000E+00
     3.9300000E+02   9.3900000E+02   0.0000000E+00   9.3900000E+02   0.0000000E+00   0.0000000E+00   0.0000000E+00   0.0000000E+00   0.0000000E+00
     3.9400000E+02   9.3900000E+02   0.0000000E+00   9.3900000E+02   0.0000000E+00   0.0000000E+00   0.0000000E+00   0.0000000E+00   0.0000000E+00
     3.9500000E+02   9.3900000E+02   0.0000000E+00   9.3900000E+02   0.0000000E+00   0.0000000E+00   0.0000000E+00   0.0000000E+00   0.0000000E+00
     3.9600000E+02   9.3900000E+02   0.0000000E+00   9.3900000E+02   0.0000000E+00   0.0000000E+00   0.0000000E+00   0.0000000E+00   0.0000000E+00
     3.9700000E+02   9.3900000E+02   0.0000000E+00   9.3900000E+02   0.0000000E+00   0.0000000E+00   0.0000000E+00   0.0000000E+00   0.0000000E+00
     3.9800000E+02   9.3900000E+02   0.0000000E+00   9.3900000E+02   0.0000000E+00   0.0000000E+00   0.0000000E+00   0.0000000E+00   0.0000000E+00
     3.9900000E+02   9.3900000E+02   0.0000000E+00   9.3900000E+02   0.0000000E+00   0.0000000E+00   0.0000000E+00   0.0000000E+00   0.0000000E+00
     4.0000000E+02   9.3900000E+02   0.0000000E+00   9.3900000E+02   0.0000000E+00   0.0000000E+00   0.0000000E+00   0.0000000E+00   0.0000000E+00
     4.0100000E+02   9.3900000E+02   0.0000000E+00   9.3900000E+02   0.0000000E+00   0.0000000E+00   0.0000000E+00   0.0000000E+00   0.0000000E+00
     4.0200000E+02   9.3900000E+02   0.0000000E+00   9.3900000E+02   0.0000000E+00   0.0000000E+00   0.0000000E+00   0.0000000E+00   0.0000000E+00
     4.0300000E+02   9.3900000E+02   0.0000000E+00   9.3900000E+02   0.0000000E+00   0.0000000E+00   0.0000000E+00   0.0000000E+00   0.0000000E+00
     4.0400000E+02   9.3900000E+02   0.0000000E+00   9.3900000E+02   0.0000000E+00   0.0000000E+00   0.0000000E+00   0.0000000E+00   0.0000000E+00
     4.0500000E+02   9.3900000E+02   0.0000000E+00   9.3900000E+02   0.0000000E+00   0.0000000E+00   0.0000000E+00   0.0000000E+00   0.0000000E+00
     4.0600000E+02   9.3900000E+02   0.0000000E+00   9.3900000E+02   0.0000000E+00   0.0000000E+00   0.0000000E+00   0.0000000E+00   0.0000000E+00
     4.0700000E+02   9.3900000E+02   0.0000000E+00   9.3900000E+02   0.0000000E+00   0.0000000E+00   0.0000000E+00   0.0000000E+00   0.0000000E+00
     4.0800000E+02   9.3900000E+02   0.0000000E+00   9.3900000E+02   0.0000000E+00   0.0000000E+00   0.0000000E+00   0.0000000E+00   0.0000000E+00
     4.0900000E+02   9.3900012E+02   1.2972101E-04   9.3900012E+02   2.2012943E+01   0.0000000E+00   0.0000000E+00   0.0000000E+00   0.0000000E+00
     4.1000000E+02   9.3900024E+02   2.4448810E-04   9.3900024E+02   6.3302921E+01   0.0000000E+00   0.0000000E+00   0.0000000E+00   0.0000000E+00
     4.1100000E+02   9.3900000E+02   0.0000000E+00   9.3900000E+02   0.0000000E+00   0.0000000E+00   0.0000000E+00   0.0000000E+00   0.0000000E+00
     4.1200000E+02   9.3900000E+02   0.0000000E+00   9.3900000E+02   0.0000000E+00   0.0000000E+00   0.0000000E+00   0.0000000E+00   0.0000000E+00
     4.1300000E+02   9.3900012E+02   1.3020332E-04   9.3900012E+02   2.2149519E+01   0.0000000E+00   0.0000000E+00   0.0000000E+00   0.0000000E+00
     4.1400000E+02   9.3900000E+02   0.0000000E+00   9.3900000E+02   0.0000000E+00   0.0000000E+00   0.0000000E+00   0.0000000E+00   0.0000000E+00
     4.1500000E+02   9.3900000E+02   0.0000000E+00   9.3900000E+02   0.0000000E+00   0.0000000E+00   0.0000000E+00   0.0000000E+00   0.0000000E+00
     4.1600000E+02   9.3900055E+02   5.6151865E-04   9.3900055E+02   2.5308588E+02   0.0000000E+00   0.0000000E+00   0.0000000E+00   0.0000000E+00
     4.1700000E+02   9.3900000E+02   0.0000000E+00   9.3900000E+02   0.0000000E+00   0.0000000E+00   0.0000000E+00   0.0000000E+00   0.0000000E+00
     4.1800000E+02   9.3900000E+02   0.0000000E+00   9.3900000E+02   0.0000000E+00   0.0000000E+00   0.0000000E+00   0.0000000E+00   0.0000000E+00
     4.1900000E+02   9.3900000E+02   0.0000000E+00   9.3900000E+02   0.0000000E+00   0.0000000E+00   0.0000000E+00   0.0000000E+00   0.0000000E+00
     4.2000000E+02   9.3900000E+02   0.0000000E+00   9.3900000E+02   0.0000000E+00   0.0000000E+00   0.0000000E+00   0.0000000E+00   0.0000000E+00
     4.2100000E+02   9.3900000E+02   0.0000000E+00   9.3900000E+02   0.0000000E+00   0.0000000E+00   0.0000000E+00   0.0000000E+00   0.0000000E+00
     4.2200000E+02   9.3900000E+02   0.0000000E+00   9.3900000E+02   0.0000000E+00   0.0000000E+00   0.0000000E+00   0.0000000E+00   0.0000000E+00
     4.2300000E+02   9.3900061E+02   6.1015046E-04   9.3900061E+02   2.9066260E+02   0.0000000E+00   0.0000000E+00   0.0000000E+00   0.0000000E+00
     4.2400000E+02   9.3900000E+02   0.0000000E+00   9.3900000E+02   0.0000000E+00   0.0000000E+00   0.0000000E+00   0.0000000E+00   0.0000000E+00
     4.2500000E+02   9.3900000E+02   0.0000000E+00   9.3900000E+02   0.0000000E+00   0.0000000E+00   0.0000000E+00   0.0000000E+00   0.0000000E+00
     4.2600000E+02   9.3900000E+02   0.0000000E+00   9.3900000E+02   0.0000000E+00   0.0000000E+00   0.0000000E+00   0.0000000E+00   0.0000000E+00
     4.2700000E+02   9.3900000E+02   0.0000000E+00   9.3900000E+02   0.0000000E+00   0.0000000E+00   0.0000000E+00   0.0000000E+00   0.0000000E+00
     4.2800000E+02   9.3900000E+02   0.0000000E+00   9.3900000E+02   0.0000000E+00   0.0000000E+00   0.0000000E+00   0.0000000E+00   0.0000000E+00
     4.2900000E+02   9.3900000E+02   0.0000000E+00   9.3900000E+02   0.0000000E+00   0.0000000E+00   0.0000000E+00   0.0000000E+00   0.0000000E+00
     4.3000000E+02   9.3900000E+02   0.0000000E+00   9.3900000E+02   0.0000000E+00   0.0000000E+00   0.0000000E+00   0.0000000E+00   0.0000000E+00
     4.3100000E+02   9.3900000E+02   0.0000000E+00   9.3900000E+02   0.0000000E+00   0.0000000E+00   0.0000000E+00   0.0000000E+00   0.0000000E+00
     4.3200000E+02   9.3900067E+02   6.6122983E-04   9.3900067E+02   3.3233926E+02   0.0000000E+00   0.0000000E+00   0.0000000E+00   0.0000000E+00
     4.3300000E+02   9.3900031E+02   2.8277567E-04   9.3900031E+02   8.0673508E+01   0.0000000E+00   0.0000000E+00   0.0000000E+00   0.0000000E+00
     4.3400000E+02   9.3900006E+02   4.3902324E-05   9.3900006E+02   3.6180403E+00   0.0000000E+00   0.0000000E+00   0.0000000E+00   0.0000000E+00
     4.3500000E+02   9.3900006E+02   5.3744665E-05   9.3900006E+02   5.0685821E+00   0.0000000E+00   0.0000000E+00   0.0000000E+00   0.0000000E+00
     4.3600000E+02   9.3900177E+02   1.7591806E-03   9.3900177E+02   1.6976375E+03   0.0000000E+00   0.0000000E+00   0.0000000E+00   0.0000000E+00
     4.3700000E+02   9.3900098E+02   9.6873380E-04   9.3900098E+02   6.2806079E+02   0.0000000E+00   0.0000000E+00   0.0000000E+00   0.0000000E+00
     4.3800000E+02   9.3900262E+02   2.6165247E-03   9.3900262E+02   3.2900486E+03   0.0000000E+00   0.0000000E+00   0.0000000E+00   0.0000000E+00
     4.3900000E+02   9.3900116E+02   1.1834268E-03   9.3900116E+02   8.7679205E+02   0.0000000E+00   0.0000000E+00   0.0000000E+00   0.0000000E+00
     4.4000000E+02   9.3900085E+02   8.3944027E-04   9.3900085E+02   4.9466428E+02   0.0000000E+00   0.0000000E+00   0.0000000E+00   0.0000000E+00
     4.4100000E+02   9.3900092E+02   9.3401584E-04   9.3900092E+02   5.9099615E+02   0.0000000E+00   0.0000000E+00   0.0000000E+00   0.0000000E+00
     4.4200000E+02   9.3900067E+02   6.7442021E-04   9.3900067E+02   3.4346185E+02   0.0000000E+00   0.0000000E+00   0.0000000E+00   0.0000000E+00
     4.4300000E+02   9.3900061E+02   5.9561658E-04   9.3900061E+02   2.7921509E+02   0.0000000E+00   0.0000000E+00   0.0000000E+00   0.0000000E+00
     4.4400000E+02   9.3900055E+02   5.2782899E-04   9.3900055E+02   2.2828793E+02   0.0000000E+00   0.0000000E+00   0.0000000E+00   0.0000000E+00
     4.4500000E+02   9.3900049E+02   4.6692186E-04   9.3900049E+02   1.8609496E+02   0.0000000E+00   0.0000000E+00   0.0000000E+00   0.0000000E+00
     4.4600000E+02   9.3900061E+02   6.2690862E-04   9.3900061E+02   3.0408942E+02   0.0000000E+00   0.0000000E+00   0.0000000E+00   0.0000000E+00
     4.4700000E+02   9.3900104E+02   1.0453499E-03   9.3900104E+02   7.1301227E+02   0.0000000E+00   0.0000000E+00   0.0000000E+00   0.0000000E+00
     4.4800000E+02   9.3900049E+02   4.8826120E-04   9.3900049E+02   2.0048471E+02   0.0000000E+00   0.0000000E+00   0.0000000E+00   0.0000000E+00
     4.4900000E+02   9.3900043E+02   4.5275106E-04   9.3900043E+02   1.7677737E+02   0.0000000E+00   0.0000000E+00   0.0000000E+00   0.0000000E+00
     4.5000000E+02   9.3900043E+02   4.1155177E-04   9.3900043E+02   1.5078854E+02   0.0000000E+00   0.0000000E+00   0.0000000E+00   0.0000000E+00
     4.5100000E+02   9.3900037E+02   3.7386824E-04   9.3900037E+02   1.2848680E+02   0.0000000E+00   0.0000000E+00   0.0000000E+00   0.0000000E+00
     4.5200000E+02   9.3900128E+02   1.2981233E-03   9.3900128E+02   1.0229493E+03   0.0000000E+00   0.0000000E+00   0.0000000E+00   0.0000000E+00
     4.5300000E+02   9.3900049E+02   4.7774243E-04   9.3900049E+02   1.9333803E+02   0.0000000E+00   0.0000000E+00   0.0000000E+00   0.0000000E+00
     4.5400000E+02   9.3900092E+02   8.9090352E-04   9.3900092E+02   5.4623395E+02   0.0000000E+00   0.0000000E+00   0.0000000E+00   0.0000000E+00
     4.5500000E+02   9.3900079E+02   7.9947698E-04   9.3900079E+02   4.5604132E+02   0.0000000E+00   0.0000000E+00   0.0000000E+00   0.0000000E+00
     4.5600000E+02   9.3900049E+02   4.8339475E-04   9.3900049E+02   1.9716544E+02   0.0000000E+00   0.0000000E+00   0.0000000E+00   0.0000000E+00
     4.5700000E+02   9.3900043E+02   4.4062111E-04   9.3900043E+02   1.6895448E+02   0.0000000E+00   0.0000000E+00   0.0000000E+00   0.0000000E+00
     4.5800000E+02   9.3900043E+02   3.9886407E-04   9.3900043E+02   1.4312070E+02   0.0000000E+00   0.0000000E+00   0.0000000E+00   0.0000000E+00
     4.5900000E+02   9.3900037E+02   3.5526624E-04   9.3900037E+02   1.1800964E+02   0.0000000E+00   0.0000000E+00   0.0000000E+00   0.0000000E+00
     4.6000000E+02   9.3900031E+02   3.1419547E-04   9.3900031E+02   9.6159927E+01   0.0000000E+00   0.0000000E+00   0.0000000E+00   0.0000000E+00
     4.6100000E+02   9.3900031E+02   2.7550006E-04   9.3900031E+02   7.7243820E+01   0.0000000E+00   0.0000000E+00   0.0000000E+00   0.0000000E+00
     4.6200000E+02   9.3900024E+02   2.4625356E-04   9.3900024E+02   6.4066612E+01   0.0000000E+00   0.0000000E+00   0.0000000E+00   0.0000000E+00
     4.6300000E+02   9.3900024E+02   2.1678122E-04   9.3900024E+02   5.1804043E+01   0.0000000E+00   0.0000000E+00   0.0000000E+00   0.0000000E+00
     4.6400000E+02   9.3900018E+02   1.9253657E-04   9.3900018E+02   4.2512463E+01   0.0000000E+00   0.0000000E+00   0.0000000E+00   0.0000000E+00
     4.6500000E+02   9.3900031E+02   3.2245208E-04   9.3900031E+02   1.0040829E+02   0.0000000E+00   0.0000000E+00   0.0000000E+00   0.0000000E+00
     4.6600000E+02   9.3900018E+02   1.6448802E-04   9.3900018E+02   3.2700272E+01   0.0000000E+00   0.0000000E+00   0.0000000E+00   0.0000000E+00
     4.6700000E+02   9.3900012E+02   1.4509507E-04   9.3900012E+02   2.6530697E+01   0.0000000E+00   0.0000000E+00   0.0000000E+00   0.0000000E+00
     4.6800000E+02   9.3900122E+02   1.2288870E-03   9.3900122E+02   9.3364294E+02   0.0000000E+00   0.0000000E+00   0.0000000E+00   0.0000000E+00
     4.6900000E+02   9.3900293E+02   2.9234032E-03   9.3900293E+02   3.9579968E+03   0.0000000E+00   0.0000000E+00   0.0000000E+00   0.0000000E+00
     4.7000000E+02   9.3900079E+02   7.9531473E-04   9.3900079E+02   4.5209109E+02   0.0000000E+00   0.0000000E+00   0.0000000E+00   0.0000000E+00
     4.7100000E+02   9.3900067E+02   6.4307370E-04   9.3900067E+02   3.1726987E+02   0.0000000E+00   0.0000000E+00   0.0000000E+00   0.0000000E+00
     4.7200000E+02   9.3900055E+02   5.3481181E-04   9.3900055E+02   2.3334358E+02   0.0000000E+00   0.0000000E+00   0.0000000E+00   0.0000000E+00
     4.7300000E+02   9.3900049E+02   4.5921913E-04   9.3900049E+02   1.8100650E+02   0.0000000E+00   0.0000000E+00   0.0000000E+00   0.0000000E+00
     4.7400000E+02   9.3900092E+02   9.1878383E-04   9.3900092E+02   5.7502026E+02   0.0000000E+00   0.0000000E+00   0.0000000E+00   0.0000000E+00
     4.7500000E+02   9.3901117E+02   1.1163509E-02   9.3901117E+02   3.6925699E+04   0.0000000E+00   0.0000000E+00   0.0000000E+00   0.0000000E+00
     4.7600000E+02   9.3901727E+02   1.7270727E-02   9.3901727E+02   7.6414992E+04   0.0000000E+00   0.0000000E+00   0.0000000E+00   0.0000000E+00
     4.7700000E+02   9.3901062E+02   1.0649490E-02   9.3901062E+02   3.4135711E+04   0.0000000E+00   0.0000000E+00   0.0000000E+00   0.0000000E+00
     4.7800000E+02   9.3901617E+02   1.6188046E-02   9.3901617E+02   6.8599078E+04   0.0000000E+00   0.0000000E+00   0.0000000E+00   0.0000000E+00
     4.7900000E+02   9.3901227E+02   1.2257564E-02   9.3901227E+02   4.3152023E+04   0.0000000E+00   0.0000000E+00   0.0000000E+00   0.0000000E+00
     4.8000000E+02   9.3900586E+02   5.8354205E-03   9.3900586E+02   1.2525099E+04   0.0000000E+00   0.0000000E+00   0.0000000E+00   0.0000000E+00
     4.8100000E+02   9.3900385E+02   3.8452435E-03   9.3900385E+02   6.2498169E+03   0.0000000E+00   0.0000000E+00   0.0000000E+00   0.0000000E+00
     4.8200000E+02   9.3900287E+02   2.8678966E-03   9.3900287E+02   3.8335405E+03   0.0000000E+00   0.0000000E+00   0.0000000E+00   0.0000000E+00
     4.8300000E+02   9.3900250E+02   2.5180252E-03   9.3900250E+02   3.0862258E+03   0.0000000E+00   0.0000000E+00   0.0000000E+00   0.0000000E+00
     4.8400000E+02   9.3900183E+02   1.8208337E-03   9.3900183E+02   1.7979518E+03   0.0000000E+00   0.0000000E+00   0.0000000E+00   0.0000000E+00
     4.8500000E+02   9.3900140E+02   1.3866900E-03   9.3900140E+02   1.1418960E+03   0.0000000E+00   0.0000000E+00   0.0000000E+00   0.0000000E+00
     4.8600000E+02   9.3900256E+02   2.5687425E-03   9.3900256E+02   3.1905227E+03   0.0000000E+00   0.0000000E+00   0.0000000E+00   0.0000000E+00
     4.8700000E+02   9.3900134E+02   1.3179496E-03   9.3900134E+02   1.0491210E+03   0.0000000E+00   0.0000000E+00   0.0000000E+00   0.0000000E+00
     4.8800000E+02   9.3900104E+02   1.0475836E-03   9.3900104E+02   7.1555341E+02   0.0000000E+00   0.0000000E+00   0.0000000E+00   0.0000000E+00
     4.8900000E+02   9.3900085E+02   8.3720678E-04   9.3900085E+02   4.9247266E+02   0.0000000E+00   0.0000000E+00   0.0000000E+00   0.0000000E+00
     4.9000000E+02   9.3900122E+02   1.2464997E-03   9.3900122E+02   9.5605127E+02   0.0000000E+00   0.0000000E+00   0.0000000E+00   0.0000000E+00
     4.9100000E+02   9.3900079E+02   7.9506100E-04   9.3900079E+02   4.5185074E+02   0.0000000E+00   0.0000000E+00   0.0000000E+00   0.0000000E+00
     4.9200000E+02   9.3900250E+02   2.4899102E-03   9.3900250E+02   3.0290076E+03   0.0000000E+00   0.0000000E+00   0.0000000E+00   0.0000000E+00
     4.9300000E+02   9.3900275E+02   2.7601444E-03   9.3900275E+02   3.5965042E+03   0.0000000E+00   0.0000000E+00   0.0000000E+00   0.0000000E+00
     4.9400000E+02   9.3900177E+02   1.7475497E-03   9.3900177E+02   1.6789720E+03   0.0000000E+00   0.0000000E+00   0.0000000E+00   0.0000000E+00
     4.9500000E+02   9.3900134E+02   1.3544209E-03   9.3900134E+02   1.0979528E+03   0.0000000E+00   0.0000000E+00   0.0000000E+00   0.0000000E+00
     4.9600000E+02   9.3900275E+02   2.7244273E-03   9.3900275E+02   3.5192727E+03   0.0000000E+00   0.0000000E+00   0.0000000E+00   0.0000000E+00
     4.9700000E+02   9.3900153E+02   1.5351203E-03   9.3900153E+02   1.3527938E+03   0.0000000E+00   0.0000000E+00   0.0000000E+00   0.0000000E+00
     4.9800000E+02   9.3900134E+02   1.3226309E-03   9.3900134E+02   1.0553391E+03   0.0000000E+00   0.0000000E+00   0.0000000E+00   0.0000000E+00
     4.9900000E+02   9.3900122E+02   1.2096609E-03   9.3900122E+02   9.0942517E+02   0.0000000E+00   0.0000000E+00   0.0000000E+00   0.0000000E+00
     5.0000000E+02   9.3900116E+02   1.1819660E-03   9.3900116E+02   8.7498895E+02   0.0000000E+00   0.0000000E+00   0.0000000E+00   0.0000000E+00
     5.0100000E+02   9.3900128E+02   1.2525526E-03   9.3900128E+02   9.6380133E+02   0.0000000E+00   0.0000000E+00   0.0000000E+00   0.0000000E+00
     5.0200000E+02   9.3900140E+02   1.4176078E-03   9.3900140E+02   1.1846437E+03   0.0000000E+00   0.0000000E+00   0.0000000E+00   0.0000000E+00
     5.0300000E+02   9.3900171E+02   1.7261362E-03   9.3900171E+02   1.6448236E+03   0.0000000E+00   0.0000000E+00   0.0000000E+00   0.0000000E+00
     5.0400000E+02   9.3900201E+02   2.0316718E-03   9.3900201E+02   2.1581594E+03   0.0000000E+00   0.0000000E+00   0.0000000E+00   0.0000000E+00
     5.0500000E+02   9.3900220E+02   2.1982405E-03   9.3900220E+02   2.4610452E+03   0.0000000E+00   0.0000000E+00   0.0000000E+00   0.0000000E+00
     5.0600000E+02   9.3900262E+02   2.6524721E-03   9.3900262E+02   3.3657273E+03   0.0000000E+00   0.0000000E+00   0.0000000E+00   0.0000000E+00
     5.0700000E+02   9.3900281E+02   2.7961473E-03   9.3900281E+02   3.6750305E+03   0.0000000E+00   0.0000000E+00   0.0000000E+00   0.0000000E+00
     5.0800000E+02   9.3900305E+02   3.0756458E-03   9.3900305E+02   4.3074619E+03   0.0000000E+00   0.0000000E+00   0.0000000E+00   0.0000000E+00
     5.0900000E+02   9.3900385E+02   3.8696008E-03   9.3900385E+02   6.3159380E+03   0.0000000E+00   0.0000000E+00   0.0000000E+00   0.0000000E+00
     5.1000000E+02   9.3900354E+02   3.5520711E-03   9.3900354E+02   5.4760024E+03   0.0000000E+00   0.0000000E+00   0.0000000E+00   0.0000000E+00
     5.1100000E+02   9.3900623E+02   6.2350077E-03   9.3900623E+02   1.3986936E+04   0.0000000E+00   0.0000000E+00   0.0000000E+00   0.0000000E+00
     5.1200000E+02   9.3900531E+02   5.2957665E-03   9.3900531E+02   1.0654727E+04   0.0000000E+00   0.0000000E+00   0.0000000E+00   0.0000000E+00
     5.1300000E+02   9.3900476E+02   4.7794115E-03   9.3900476E+02   8.9801777E+03   0.0000000E+00   0.0000000E+00   0.0000000E+00   0.0000000E+00
     5.1400000E+02   9.3900690E+02   6.8751769E-03   9.3900690E+02   1.6461422E+04   0.0000000E+00   0.0000000E+00   0.0000000E+00   0.0000000E+00
     5.1500000E+02   9.3900592E+02   5.9352336E-03   9.3900592E+02   1.2884193E+04   0.0000000E+00   0.0000000E+00   0.0000000E+00   0.0000000E+00
     5.1600000E+02   9.3900476E+02   4.7496855E-03   9.3900476E+02   8.8872832E+03   0.0000000E+00   0.0000000E+00   0.0000000E+00   0.0000000E+00
     5.1700000E+02   9.3900458E+02   4.5920233E-03   9.3900458E+02   8.4010654E+03   0.0000000E+00   0.0000000E+00   0.0000000E+00   0.0000000E+00
     5.1800000E+02   9.3902112E+02   2.1100713E-02   9.3902112E+02   1.0669797E+05   0.0000000E+00   0.0000000E+00   0.0000000E+00   0.0000000E+00
     5.1900000E+02   9.3901959E+02   1.9610630E-02   9.3901959E+02   9.4438016E+04   0.0000000E+00   0.0000000E+00   0.0000000E+00   0.0000000E+00
     5.2000000E+02   9.3900702E+02   6.9888933E-03   9.3900702E+02   1.6917711E+04   0.0000000E+00   0.0000000E+00   0.0000000E+00   0.0000000E+00
     5.2100000E+02   9.3900610E+02   6.1146440E-03   9.3900610E+02   1.3539819E+04   0.0000000E+00   0.0000000E+00   0.0000000E+00   0.0000000E+00
     5.2200000E+02   9.3900555E+02   5.5697416E-03   9.3900555E+02   1.1589178E+04   0.0000000E+00   0.0000000E+00   0.0000000E+00   0.0000000E+00
     5.2300000E+02   9.3900586E+02   5.8422587E-03   9.3900586E+02   1.2549571E+04   0.0000000E+00   0.0000000E+00   0.0000000E+00   0.0000000E+00
     5.2400000E+02   9.3900970E+02   9.7030057E-03   9.3900970E+02   2.9230621E+04   0.0000000E+00   0.0000000E+00   0.0000000E+00   0.0000000E+00
     5.2500000E+02   9.3901184E+02   1.1862576E-02   9.3901184E+02   4.0859457E+04   0.0000000E+00   0.0000000E+00   0.0000000E+00   0.0000000E+00
     5.2600000E+02   9.3900720E+02   7.1829818E-03   9.3900720E+02   1.7707973E+04   0.0000000E+00   0.0000000E+00   0.0000000E+00   0.0000000E+00
     5.2700000E+02   9.3900696E+02   6.9388431E-03   9.3900696E+02   1.6716270E+04   0.0000000E+00   0.0000000E+00   0.0000000E+00   0.0000000E+00
     5.2800000E+02   9.3901788E+02   1.7902598E-02   9.3901788E+02   8.1131156E+04   0.0000000E+00   0.0000000E+00   0.0000000E+00   0.0000000E+00
     5.2900000E+02   9.3900775E+02   7.7549485E-03   9.3900775E+02   2.0119898E+04   0.0000000E+00   0.0000000E+00   0.0000000E+00   0.0000000E+00
     5.3000000E+02   9.3900745E+02   7.4325898E-03   9.3900745E+02   1.8745391E+04   0.0000000E+00   0.0000000E+00   0.0000000E+00   0.0000000E+00
     5.3100000E+02   9.3900977E+02   9.7527923E-03   9.3900977E+02   2.9481020E+04   0.0000000E+00   0.0000000E+00   0.0000000E+00   0.0000000E+00
     5.3200000E+02   9.3900885E+02   8.8361325E-03   9.3900885E+02   2.5009092E+04   0.0000000E+00   0.0000000E+00   0.0000000E+00   0.0000000E+00
     5.3300000E+02   9.3900806E+02   8.0320863E-03   9.3900806E+02   2.1332486E+04   0.0000000E+00   0.0000000E+00   0.0000000E+00   0.0000000E+00
     5.3400000E+02   9.3900928E+02   9.2582386E-03   9.3900928E+02   2.7031793E+04   0.0000000E+00   0.0000000E+00   0.0000000E+00   0.0000000E+00
     5.3500000E+02   9.3900946E+02   9.4657764E-03   9.3900946E+02   2.8049254E+04   0.0000000E+00   0.0000000E+00   0.0000000E+00   0.0000000E+00
     5.3600000E+02   9.3900879E+02   8.7846611E-03   9.3900879E+02   2.4766762E+04   0.0000000E+00   0.0000000E+00   0.0000000E+00   0.0000000E+00
     5.3700000E+02   9.3900830E+02   8.2746660E-03   9.3900830E+02   2.2417047E+04   0.0000000E+00   0.0000000E+00   0.0000000E+00   0.0000000E+00
     5.3800000E+02   9.3900793E+02   7.9447581E-03   9.3900793E+02   2.0947330E+04   0.0000000E+00   0.0000000E+00   0.0000000E+00   0.0000000E+00
     5.3900000E+02   9.3900781E+02   7.7997176E-03   9.3900781E+02   2.0313855E+04   0.0000000E+00   0.0000000E+00   0.0000000E+00   0.0000000E+00
     5.4000000E+02   9.3900769E+02   7.6663857E-03   9.3900769E+02   1.9738402E+04   0.0000000E+00   0.0000000E+00   0.0000000E+00   0.0000000E+00
     5.4100000E+02   9.3900745E+02   7.4764327E-03   9.3900745E+02   1.8930043E+04   0.0000000E+00   0.0000000E+00   0.0000000E+00   0.0000000E+00
     5.4200000E+02   9.3900739E+02   7.4001527E-03   9.3900739E+02   1.8609244E+04   0.0000000E+00   0.0000000E+00   0.0000000E+00   0.0000000E+00
     5.4300000E+02   9.3900720E+02   7.2236601E-03   9.3900720E+02   1.7875426E+04   0.0000000E+00   0.0000000E+00   0.0000000E+00   0.0000000E+00
     5.4400000E+02   9.3900708E+02   7.0640547E-03   9.3900708E+02   1.7222029E+04   0.0000000E+00   0.0000000E+00   0.0000000E+00   0.0000000E+00
     5.4500000E+02   9.3900702E+02   7.0122080E-03   9.3900702E+02   1.7011877E+04   0.0000000E+00   0.0000000E+00   0.0000000E+00   0.0000000E+00
     5.4600000E+02   9.3900757E+02   7.5619374E-03   9.3900757E+02   1.9292242E+04   0.0000000E+00   0.0000000E+00   0.0000000E+00   0.0000000E+00
     5.4700000E+02   9.3900671E+02   6.7056078E-03   9.3900671E+02   1.5790327E+04   0.0000000E+00   0.0000000E+00   0.0000000E+00   0.0000000E+00
     5.4800000E+02   9.3900647E+02   6.4476454E-03   9.3900647E+02   1.4790952E+04   0.0000000E+00   0.0000000E+00   0.0000000E+00   0.0000000E+00
     5.4900000E+02   9.3900647E+02   6.4867581E-03   9.3900647E+02   1.4940796E+04   0.0000000E+00   0.0000000E+00   0.0000000E+00   0.0000000E+00
     5.5000000E+02   9.3900616E+02   6.1342116E-03   9.3900616E+02   1.3612110E+04   0.0000000E+00   0.0000000E+00   0.0000000E+00   0.0000000E+00
     5.5100000E+02   9.3901526E+02   1.5242057E-02   9.3901526E+02   6.2048824E+04   0.0000000E+00   0.0000000E+00   0.0000000E+00   0.0000000E+00
     5.5200000E+02   9.3900647E+02   6.4635961E-03   9.3900647E+02   1.4851987E+04   0.0000000E+00   0.0000000E+00   0.0000000E+00   0.0000000E+00
     5.5300000E+02   9.3900592E+02   5.8982838E-03   9.3900592E+02   1.2750787E+04   0.0000000E+00   0.0000000E+00   0.0000000E+00   0.0000000E+00
     5.5400000E+02   9.3900555E+02   5.5762813E-03   9.3900555E+02   1.1611867E+04   0.0000000E+00   0.0000000E+00   0.0000000E+00   0.0000000E+00
     5.5500000E+02   9.3900543E+02   5.4435953E-03   9.3900543E+02   1.1155026E+04   0.0000000E+00   0.0000000E+00   0.0000000E+00   0.0000000E+00
     5.5600000E+02   9.3900537E+02   5.3873677E-03   9.3900537E+02   1.0963653E+04   0.0000000E+00   0.0000000E+00   0.0000000E+00   0.0000000E+00
     5.5700000E+02   9.3900543E+02   5.4140715E-03   9.3900543E+02   1.1054376E+04   0.0000000E+00   0.0000000E+00   0.0000000E+00   0.0000000E+00
     5.5800000E+02   9.3901453E+02   1.4525695E-02   9.3901453E+02   5.7264977E+04   0.0000000E+00   0.0000000E+00   0.0000000E+00   0.0000000E+00
     5.5900000E+02   9.3902228E+02   2.2288240E-02   9.3902228E+02   1.1689265E+05   0.0000000E+00   0.0000000E+00   0.0000000E+00   0.0000000E+00
     5.6000000E+02   9.3900720E+02   7.1916711E-03   9.3900720E+02   1.7743689E+04   0.0000000E+00   0.0000000E+00   0.0000000E+00   0.0000000E+00
     5.6100000E+02   9.3900647E+02   6.4887907E-03   9.3900647E+02   1.4948600E+04   0.0000000E+00   0.0000000E+00   0.0000000E+00   0.0000000E+00
     5.6200000E+02   9.3900592E+02   5.8952942E-03   9.3900592E+02   1.2740018E+04   0.0000000E+00   0.0000000E+00   0.0000000E+00   0.0000000E+00
     5.6300000E+02   9.3900549E+02   5.4925126E-03   9.3900549E+02   1.1322597E+04   0.0000000E+00   0.0000000E+00   0.0000000E+00   0.0000000E+00
     5.6400000E+02   9.3900543E+02   5.4116547E-03   9.3900543E+02   1.1046153E+04   0.0000000E+00   0.0000000E+00   0.0000000E+00   0.0000000E+00
     5.6500000E+02   9.3900543E+02   5.4471456E-03   9.3900543E+02   1.1167155E+04   0.0000000E+00   0.0000000E+00   0.0000000E+00   0.0000000E+00
     5.6600000E+02   9.3900647E+02   6.4931996E-03   9.3900647E+02   1.4965532E+04   0.0000000E+00   0.0000000E+00   0.0000000E+00   0.0000000E+00
     5.6700000E+02   9.3900757E+02   7.5605088E-03   9.3900757E+02   1.9286168E+04   0.0000000E+00   0.0000000E+00   0.0000000E+00   0.0000000E+00
     5.6800000E+02   9.3901007E+02   1.0080328E-02   9.3901007E+02   3.1149566E+04   0.0000000E+00   0.0000000E+00   0.0000000E+00   0.0000000E+00
     5.6900000E+02   9.3900726E+02   7.2384882E-03   9.3900726E+02   1.7936623E+04   0.0000000E+00   0.0000000E+00   0.0000000E+00   0.0000000E+00
     5.7000000E+02   9.3900659E+02   6.6104145E-03   9.3900659E+02   1.5418497E+04   0.0000000E+00   0.0000000E+00   0.0000000E+00   0.0000000E+00
     5.7100000E+02   9.3900854E+02   8.5145459E-03   9.3900854E+02   2.3510582E+04   0.0000000E+00   0.0000000E+00   0.0000000E+00   0.0000000E+00
     5.7200000E+02   9.3900824E+02   8.2239872E-03   9.3900824E+02   2.2188688E+04   0.0000000E+00   0.0000000E+00   0.0000000E+00   0.0000000E+00
     5.7300000E+02   9.3900739E+02   7.3591662E-03   9.3900739E+02   1.8437777E+04   0.0000000E+00   0.0000000E+00   0.0000000E+00   0.0000000E+00
     5.7400000E+02   9.3900824E+02   8.2126865E-03   9.3900824E+02   2.2137893E+04   0.0000000E+00   0.0000000E+00   0.0000000E+00   0.0000000E+00
     5.7500000E+02   9.3900745E+02   7.4485312E-03   9.3900745E+02   1.8812447E+04   0.0000000E+00   0.0000000E+00   0.0000000E+00   0.0000000E+00
     5.7600000E+02   9.3900690E+02   6.9215125E-03   9.3900690E+02   1.6646742E+04   0.0000000E+00   0.0000000E+00   0.0000000E+00   0.0000000E+00
     5.7700000E+02   9.3900659E+02   6.6091432E-03   9.3900659E+02   1.5413556E+04   0.0000000E+00   0.0000000E+00   0.0000000E+00   0.0000000E+00
     5.7800000E+02   9.3900635E+02   6.3777878E-03   9.3900635E+02   1.4524829E+04   0.0000000E+00   0.0000000E+00   0.0000000E+00   0.0000000E+00
     5.7900000E+02   9.3900629E+02   6.3066552E-03   9.3900629E+02   1.4255838E+04   0.0000000E+00   0.0000000E+00   0.0000000E+00   0.0000000E+00
     5.8000000E+02   9.3900635E+02   6.3546491E-03   9.3900635E+02   1.4437108E+04   0.0000000E+00   0.0000000E+00   0.0000000E+00   0.0000000E+00
     5.8100000E+02   9.3900647E+02   6.4894049E-03   9.3900647E+02   1.4950959E+04   0.0000000E+00   0.0000000E+00   0.0000000E+00   0.0000000E+00
     5.8200000E+02   9.3900647E+02   6.4670085E-03   9.3900647E+02   1.4865059E+04   0.0000000E+00   0.0000000E+00   0.0000000E+00   0.0000000E+00
     5.8300000E+02   9.3900647E+02   6.4867800E-03   9.3900647E+02   1.4940880E+04   0.0000000E+00   0.0000000E+00   0.0000000E+00   0.0000000E+00
     5.8400000E+02   9.3900647E+02   6.4695026E-03   9.3900647E+02   1.4874614E+04   0.0000000E+00   0.0000000E+00   0.0000000E+00   0.0000000E+00
     5.8500000E+02   9.3900635E+02   6.3426187E-03   9.3900635E+02   1.4391583E+04   0.0000000E+00   0.0000000E+00   0.0000000E+00   0.0000000E+00
     5.8600000E+02   9.3900641E+02   6.4016120E-03   9.3900641E+02   1.4615370E+04   0.0000000E+00   0.0000000E+00   0.0000000E+00   0.0000000E+00
     5.8700000E+02   9.3900739E+02   7.4087828E-03   9.3900739E+02   1.8645428E+04   0.0000000E+00   0.0000000E+00   0.0000000E+00   0.0000000E+00
     5.8800000E+02   9.3900623E+02   6.2171090E-03   9.3900623E+02   1.3920079E+04   0.0000000E+00   0.0000000E+00   0.0000000E+00   0.0000000E+00
     5.8900000E+02   9.3900604E+02   6.0174074E-03   9.3900604E+02   1.3182869E+04   0.0000000E+00   0.0000000E+00   0.0000000E+00   0.0000000E+00
     5.9000000E+02   9.3900592E+02   5.8968458E-03   9.3900592E+02   1.2745606E+04   0.0000000E+00   0.0000000E+00   0.0000000E+00   0.0000000E+00
     5.9100000E+02   9.3900562E+02   5.5978992E-03   9.3900562E+02   1.1686991E+04   0.0000000E+00   0.0000000E+00   0.0000000E+00   0.0000000E+00
     5.9200000E+02   9.3900549E+02   5.5065984E-03   9.3900549E+02   1.1371033E+04   0.0000000E+00   0.0000000E+00   0.0000000E+00   0.0000000E+00
     5.9300000E+02   9.3900549E+02   5.5139130E-03   9.3900549E+02   1.1396219E+04   0.0000000E+00   0.0000000E+00   0.0000000E+00   0.0000000E+00
     5.9400000E+02   9.3900555E+02   5.5573825E-03   9.3900555E+02   1.1546350E+04   0.0000000E+00   0.0000000E+00   0.0000000E+00   0.0000000E+00
     5.9500000E+02   9.3900549E+02   5.4986277E-03   9.3900549E+02   1.1343614E+04   0.0000000E+00   0.0000000E+00   0.0000000E+00   0.0000000E+00
     5.9600000E+02   9.3900537E+02   5.3708395E-03   9.3900537E+02   1.0907649E+04   0.0000000E+00   0.0000000E+00   0.0000000E+00   0.0000000E+00
     5.9700000E+02   9.3900519E+02   5.2054073E-03   9.3900519E+02   1.0353458E+04   0.0000000E+00   0.0000000E+00   0.0000000E+00   0.0000000E+00
     5.9800000E+02   9.3900500E+02   5.0106430E-03   9.3900500E+02   9.7159062E+03   0.0000000E+00   0.0000000E+00   0.0000000E+00   0.0000000E+00
     5.9900000E+02   9.3900488E+02   4.9123410E-03   9.3900488E+02   9.4003008E+03   0.0000000E+00   0.0000000E+00   0.0000000E+00   0.0000000E+00
     6.0000000E+02   9.3900488E+02   4.8610936E-03   9.3900488E+02   9.2374238E+03   0.0000000E+00   0.0000000E+00   0.0000000E+00   0.0000000E+00
     6.0100000E+02   9.3900470E+02   4.6905973E-03   9.3900470E+02   8.7037783E+03   0.0000000E+00   0.0000000E+00   0.0000000E+00   0.0000000E+00
     6.0200000E+02   9.3900488E+02   4.8757819E-03   9.3900488E+02   9.2839912E+03   0.0000000E+00   0.0000000E+00   0.0000000E+00   0.0000000E+00
     6.0300000E+02   9.3900464E+02   4.6295244E-03   9.3900464E+02   8.5157236E+03   0.0000000E+00   0.0000000E+00   0.0000000E+00   0.0000000E+00
     6.0400000E+02   9.3900714E+02   7.1327053E-03   9.3900714E+02   1.7501881E+04   0.0000000E+00   0.0000000E+00   0.0000000E+00   0.0000000E+00
     6.0500000E+02   9.3900616E+02   6.1528780E-03   9.3900616E+02   1.3681217E+04   0.0000000E+00   0.0000000E+00   0.0000000E+00   0.0000000E+00
     6.0600000E+02   9.3900500E+02   4.9922522E-03   9.3900500E+02   9.6565449E+03   0.0000000E+00   0.0000000E+00   0.0000000E+00   0.0000000E+00
     6.0700000E+02   9.3900482E+02   4.8109605E-03   9.3900482E+02   9.0791924E+03   0.0000000E+00   0.0000000E+00   0.0000000E+00   0.0000000E+00
     6.0800000E+02   9.3900421E+02   4.1979416E-03   9.3900421E+02   7.2341626E+03   0.0000000E+00   0.0000000E+00   0.0000000E+00   0.0000000E+00
     6.0900000E+02   9.3900378E+02   3.7966373E-03   9.3900378E+02   6.1187036E+03   0.0000000E+00   0.0000000E+00   0.0000000E+00   0.0000000E+00
     6.1000000E+02   9.3900385E+02   3.8242450E-03   9.3900385E+02   6.1930381E+03   0.0000000E+00   0.0000000E+00   0.0000000E+00   0.0000000E+00
     6.1100000E+02   9.3900385E+02   3.8237043E-03   9.3900385E+02   6.1915791E+03   0.0000000E+00   0.0000000E+00   0.0000000E+00   0.0000000E+00
     6.1200000E+02   9.3900378E+02   3.7655886E-03   9.3900378E+02   6.0355342E+03   0.0000000E+00   0.0000000E+00   0.0000000E+00   0.0000000E+00
     6.1300000E+02   9.3900366E+02   3.6798809E-03   9.3900366E+02   5.8083193E+03   0.0000000E+00   0.0000000E+00   0.0000000E+00   0.0000000E+00
     6.1400000E+02   9.3900372E+02   3.7017213E-03   9.3900372E+02   5.8658882E+03   0.0000000E+00   0.0000000E+00   0.0000000E+00   0.0000000E+00
     6.1500000E+02   9.3900366E+02   3.6770604E-03   9.3900366E+02   5.8009019E+03   0.0000000E+00   0.0000000E+00   0.0000000E+00   0.0000000E+00
     6.1600000E+02   9.3900360E+02   3.5852534E-03   9.3900360E+02   5.5615264E+03   0.0000000E+00   0.0000000E+00   0.0000000E+00   0.0000000E+00
     6.1700000E+02   9.3900354E+02   3.5136805E-03   9.3900354E+02   5.3777183E+03   0.0000000E+00   0.0000000E+00   0.0000000E+00   0.0000000E+00
     6.1800000E+02   9.3900348E+02   3.4499685E-03   9.3900348E+02   5.2161826E+03   0.0000000E+00   0.0000000E+00   0.0000000E+00   0.0000000E+00
     6.1900000E+02   9.3900330E+02   3.2894334E-03   9.3900330E+02   4.8179551E+03   0.0000000E+00   0.0000000E+00   0.0000000E+00   0.0000000E+00
     6.2000000E+02   9.3900317E+02   3.2023406E-03   9.3900317E+02   4.6072324E+03   0.0000000E+00   0.0000000E+00   0.0000000E+00   0.0000000E+00
     6.2100000E+02   9.3900311E+02   3.0839997E-03   9.3900311E+02   4.3269790E+03   0.0000000E+00   0.0000000E+00   0.0000000E+00   0.0000000E+00
     6.2200000E+02   9.3900293E+02   2.9533815E-03   9.3900293E+02   4.0258738E+03   0.0000000E+00   0.0000000E+00   0.0000000E+00   0.0000000E+00
     6.2300000E+02   9.3900293E+02   2.9414590E-03   9.3900293E+02   3.9988232E+03   0.0000000E+00   0.0000000E+00   0.0000000E+00   0.0000000E+00
     6.2400000E+02   9.3900287E+02   2.8858441E-03   9.3900287E+02   3.8736079E+03   0.0000000E+00   0.0000000E+00   0.0000000E+00   0.0000000E+00
     6.2500000E+02   9.3900281E+02   2.8214967E-03   9.3900281E+02   3.7307273E+03   0.0000000E+00   0.0000000E+00   0.0000000E+00   0.0000000E+00
     6.2600000E+02   9.3900275E+02   2.7694809E-03   9.3900275E+02   3.6168030E+03   0.0000000E+00   0.0000000E+00   0.0000000E+00   0.0000000E+00
     6.2700000E+02   9.3900275E+02   2.7408893E-03   9.3900275E+02   3.5547854E+03   0.0000000E+00   0.0000000E+00   0.0000000E+00   0.0000000E+00
     6.2800000E+02   9.3900269E+02   2.6787999E-03   9.3900269E+02   3.4215906E+03   0.0000000E+00   0.0000000E+00   0.0000000E+00   0.0000000E+00
     6.2900000E+02   9.3900262E+02   2.5966989E-03   9.3900262E+02   3.2486050E+03   0.0000000E+00   0.0000000E+00   0.0000000E+00   0.0000000E+00
     6.3000000E+02   9.3900250E+02   2.5048484E-03   9.3900250E+02   3.0593560E+03   0.0000000E+00   0.0000000E+00   0.0000000E+00   0.0000000E+00
     6.3100000E+02   9.3900244E+02   2.4197167E-03   9.3900244E+02   2.8880305E+03   0.0000000E+00   0.0000000E+00   0.0000000E+00   0.0000000E+00
     6.3200000E+02   9.3900238E+02   2.3646848E-03   9.3900238E+02   2.7793914E+03   0.0000000E+00   0.0000000E+00   0.0000000E+00   0.0000000E+00
     6.3300000E+02   9.3900232E+02   2.3022781E-03   9.3900232E+02   2.6582175E+03   0.0000000E+00   0.0000000E+00   0.0000000E+00   0.0000000E+00
     6.3400000E+02   9.3900220E+02   2.2232663E-03   9.3900220E+02   2.5079185E+03   0.0000000E+00   0.0000000E+00   0.0000000E+00   0.0000000E+00
     6.3500000E+02   9.3900214E+02   2.1190420E-03   9.3900214E+02   2.3150491E+03   0.0000000E+00   0.0000000E+00   0.0000000E+00   0.0000000E+00
     6.3600000E+02   9.3900201E+02   2.0237351E-03   9.3900201E+02   2.1441262E+03   0.0000000E+00   0.0000000E+00   0.0000000E+00   0.0000000E+00
     6.3700000E+02   9.3900195E+02   1.9751396E-03   9.3900195E+02   2.0590044E+03   0.0000000E+00   0.0000000E+00   0.0000000E+00   0.0000000E+00
     6.3800000E+02   9.3900195E+02   1.9658057E-03   9.3900195E+02   2.0428126E+03   0.0000000E+00   0.0000000E+00   0.0000000E+00   0.0000000E+00
     6.3900000E+02   9.3900195E+02   1.9717396E-03   9.3900195E+02   2.0531003E+03   0.0000000E+00   0.0000000E+00   0.0000000E+00   0.0000000E+00
     6.4000000E+02   9.3900195E+02   1.9651910E-03   9.3900195E+02   2.0417483E+03   0.0000000E+00   0.0000000E+00   0.0000000E+00   0.0000000E+00
     6.4100000E+02   9.3900195E+02   1.9343670E-03   9.3900195E+02   1.9886531E+03   0.0000000E+00   0.0000000E+00   0.0000000E+00   0.0000000E+00
     6.4200000E+02   9.3900189E+02   1.8801295E-03   9.3900189E+02   1.8965917E+03   0.0000000E+00   0.0000000E+00   0.0000000E+00   0.0000000E+00
     6.4300000E+02   9.3900183E+02   1.8378705E-03   9.3900183E+02   1.8260769E+03   0.0000000E+00   0.0000000E+00   0.0000000E+00   0.0000000E+00
     6.4400000E+02   9.3900183E+02   1.8085081E-03   9.3900183E+02   1.7777130E+03   0.0000000E+00   0.0000000E+00   0.0000000E+00   0.0000000E+00
     6.4500000E+02   9.3900177E+02   1.7783248E-03   9.3900177E+02   1.7285399E+03   0.0000000E+00   0.0000000E+00   0.0000000E+00   0.0000000E+00
     6.4600000E+02   9.3900171E+02   1.7323367E-03   9.3900171E+02   1.6546827E+03   0.0000000E+00   0.0000000E+00   0.0000000E+00   0.0000000E+00
     6.4700000E+02   9.3900165E+02   1.6642116E-03   9.3900165E+02   1.5476586E+03   0.0000000E+00   0.0000000E+00   0.0000000E+00   0.0000000E+00
     6.4800000E+02   9.3900159E+02   1.6046111E-03   9.3900159E+02   1.4563883E+03   0.0000000E+00   0.0000000E+00   0.0000000E+00   0.0000000E+00
     6.4900000E+02   9.3900153E+02   1.5453846E-03   9.3900153E+02   1.3679027E+03   0.0000000E+00   0.0000000E+00   0.0000000E+00   0.0000000E+00
     6.5000000E+02   9.3900153E+02   1.4968209E-03   9.3900153E+02   1.2970120E+03   0.0000000E+00   0.0000000E+00   0.0000000E+00   0.0000000E+00
     6.5100000E+02   9.3900146E+02   1.4621753E-03   9.3900146E+02   1.2473643E+03   0.0000000E+00   0.0000000E+00   0.0000000E+00   0.0000000E+00
     6.5200000E+02   9.3900146E+02   1.4408145E-03   9.3900146E+02   1.2171412E+03   0.0000000E+00   0.0000000E+00   0.0000000E+00   0.0000000E+00
     6.5300000E+02   9.3900140E+02   1.3802592E-03   9.3900140E+02   1.1330836E+03   0.0000000E+00   0.0000000E+00   0.0000000E+00   0.0000000E+00
     6.5400000E+02   9.3900134E+02   1.3332835E-03   9.3900134E+02   1.0695433E+03   0.0000000E+00   0.0000000E+00   0.0000000E+00   0.0000000E+00
     6.5500000E+02   9.3900128E+02   1.3036280E-03   9.3900128E+02   1.0301893E+03   0.0000000E+00   0.0000000E+00   0.0000000E+00   0.0000000E+00
     6.5600000E+02   9.3900128E+02   1.2677113E-03   9.3900128E+02   9.8331995E+02   0.0000000E+00   0.0000000E+00   0.0000000E+00   0.0000000E+00
     6.5700000E+02   9.3900122E+02   1.2421035E-03   9.3900122E+02   9.5043823E+02   0.0000000E+00   0.0000000E+00   0.0000000E+00   0.0000000E+00
     6.5800000E+02   9.3900122E+02   1.2310629E-03   9.3900122E+02   9.3639984E+02   0.0000000E+00   0.0000000E+00   0.0000000E+00   0.0000000E+00
     6.5900000E+02   9.3900122E+02   1.2182111E-03   9.3900122E+02   9.2016388E+02   0.0000000E+00   0.0000000E+00   0.0000000E+00   0.0000000E+00
     6.6000000E+02   9.3900122E+02   1.2135106E-03   9.3900122E+02   9.1425409E+02   0.0000000E+00   0.0000000E+00   0.0000000E+00   0.0000000E+00
     6.6100000E+02   9.3900116E+02   1.1842197E-03   9.3900116E+02   8.7777130E+02   0.0000000E+00   0.0000000E+00   0.0000000E+00   0.0000000E+00
     6.6200000E+02   9.3900116E+02   1.1438626E-03   9.3900116E+02   8.2848383E+02   0.0000000E+00   0.0000000E+00   0.0000000E+00   0.0000000E+00
     6.6300000E+02   9.3900110E+02   1.1258016E-03   9.3900110E+02   8.0679651E+02   0.0000000E+00   0.0000000E+00   0.0000000E+00   0.0000000E+00
     6.6400000E+02   9.3900110E+02   1.1098493E-03   9.3900110E+02   7.8783313E+02   0.0000000E+00   0.0000000E+00   0.0000000E+00   0.0000000E+00
     6.6500000E+02   9.3900116E+02   1.1607850E-03   9.3900116E+02   8.4901208E+02   0.0000000E+00   0.0000000E+00   0.0000000E+00   0.0000000E+00
     6.6600000E+02   9.3900122E+02   1.2183397E-03   9.3900122E+02   9.2032562E+02   0.0000000E+00   0.0000000E+00   0.0000000E+00   0.0000000E+00
     6.6700000E+02   9.3900116E+02   1.1361160E-03   9.3900116E+02   8.1915369E+02   0.0000000E+00   0.0000000E+00   0.0000000E+00   0.0000000E+00
     6.6800000E+02   9.3900110E+02   1.0803889E-03   9.3900110E+02   7.5328809E+02   0.0000000E+00   0.0000000E+00   0.0000000E+00   0.0000000E+00
     6.6900000E+02   9.3900104E+02   1.0405857E-03   9.3900104E+02   7.0760461E+02   0.0000000E+00   0.0000000E+00   0.0000000E+00   0.0000000E+00
     6.7000000E+02   9.3900098E+02   9.8558736E-04   9.3900098E+02   6.4637738E+02   0.0000000E+00   0.0000000E+00   0.0000000E+00   0.0000000E+00
     6.7100000E+02   9.3900092E+02   9.4036676E-04   9.3900092E+02   5.9770886E+02   0.0000000E+00   0.0000000E+00   0.0000000E+00   0.0000000E+00
     6.7200000E+02   9.3900092E+02   9.0271543E-04   9.3900092E+02   5.5835748E+02   0.0000000E+00   0.0000000E+00   0.0000000E+00   0.0000000E+00
     6.7300000E+02   9.3900085E+02   8.7460148E-04   9.3900085E+02   5.2967719E+02   0.0000000E+00   0.0000000E+00   0.0000000E+00   0.0000000E+00
     6.7400000E+02   9.3900085E+02   8.6662784E-04   9.3900085E+02   5.2165332E+02   0.0000000E+00   0.0000000E+00   0.0000000E+00   0.0000000E+00
     6.7500000E+02   9.3900079E+02   8.2101190E-04   9.3900079E+02   4.7669797E+02   0.0000000E+00   0.0000000E+00   0.0000000E+00   0.0000000E+00
     6.7600000E+02   9.3900079E+02   7.7753578E-04   9.3900079E+02   4.3537308E+02   0.0000000E+00   0.0000000E+00   0.0000000E+00   0.0000000E+00
     6.7700000E+02   9.3900073E+02   7.5132435E-04   9.3900073E+02   4.1118759E+02   0.0000000E+00   0.0000000E+00   0.0000000E+00   0.0000000E+00
     6.7800000E+02   9.3900073E+02   7.3945709E-04   9.3900073E+02   4.0042010E+02   0.0000000E+00   0.0000000E+00   0.0000000E+00   0.0000000E+00
     6.7900000E+02   9.3900073E+02   7.1334536E-04   9.3900073E+02   3.7713251E+02   0.0000000E+00   0.0000000E+00   0.0000000E+00   0.0000000E+00
     6.8000000E+02   9.3900067E+02   7.0111034E-04   9.3900067E+02   3.6641357E+02   0.0000000E+00   0.0000000E+00   0.0000000E+00   0.0000000E+00
     6.8100000E+02   9.3900067E+02   6.8310444E-04   9.3900067E+02   3.5086450E+02   0.0000000E+00   0.0000000E+00   0.0000000E+00   0.0000000E+00
     6.8200000E+02   9.3900067E+02   6.5158133E-04   9.3900067E+02   3.2429630E+02   0.0000000E+00   0.0000000E+00   0.0000000E+00   0.0000000E+00
     6.8300000E+02   9.3900061E+02   6.2864018E-04   9.3900061E+02   3.0549054E+02   0.0000000E+00   0.0000000E+00   0.0000000E+00   0.0000000E+00
     6.8400000E+02   9.3900061E+02   6.0189440E-04   9.3900061E+02   2.8413718E+02   0.0000000E+00   0.0000000E+00   0.0000000E+00   0.0000000E+00
     6.8500000E+02   9.3900055E+02   5.6238245E-04   9.3900055E+02   2.5373506E+02   0.0000000E+00   0.0000000E+00   0.0000000E+00   0.0000000E+00
     6.8600000E+02   9.3900055E+02   5.3052290E-04   9.3900055E+02   2.3023314E+02   0.0000000E+00   0.0000000E+00   0.0000000E+00   0.0000000E+00
     6.8700000E+02   9.3900049E+02   5.0043553E-04   9.3900049E+02   2.0888527E+02   0.0000000E+00   0.0000000E+00   0.0000000E+00   0.0000000E+00
     6.8800000E+02   9.3900049E+02   4.7999338E-04   9.3900049E+02   1.9485863E+02   0.0000000E+00   0.0000000E+00   0.0000000E+00   0.0000000E+00
     6.8900000E+02   9.3900049E+02   4.6172709E-04   9.3900049E+02   1.8265707E+02   0.0000000E+00   0.0000000E+00   0.0000000E+00   0.0000000E+00
     6.9000000E+02   9.3900049E+02   4.6877231E-04   9.3900049E+02   1.8732576E+02   0.0000000E+00   0.0000000E+00   0.0000000E+00   0.0000000E+00
     6.9100000E+02   9.3900043E+02   4.5151703E-04   9.3900043E+02   1.7597507E+02   0.0000000E+00   0.0000000E+00   0.0000000E+00   0.0000000E+00
     6.9200000E+02   9.3900043E+02   4.1689206E-04   9.3900043E+02   1.5406369E+02   0.0000000E+00   0.0000000E+00   0.0000000E+00   0.0000000E+00
     6.9300000E+02   9.3900037E+02   3.6680591E-04   9.3900037E+02   1.2446716E+02   0.0000000E+00   0.0000000E+00   0.0000000E+00   0.0000000E+00
     6.9400000E+02   9.3900031E+02   3.2741070E-04   9.3900031E+02   1.0299489E+02   0.0000000E+00   0.0000000E+00   0.0000000E+00   0.0000000E+00
     6.9500000E+02   9.3900031E+02   3.0093995E-04   9.3900031E+02   8.9494011E+01   0.0000000E+00   0.0000000E+00   0.0000000E+00   0.0000000E+00
     6.9600000E+02   9.3900031E+02   3.1793935E-04   9.3900031E+02   9.8077194E+01   0.0000000E+00   0.0000000E+00   0.0000000E+00   0.0000000E+00
     6.9700000E+02   9.3900037E+02   3.3826067E-04   9.3900037E+02   1.0874603E+02   0.0000000E+00   0.0000000E+00   0.0000000E+00   0.0000000E+00
     6.9800000E+02   9.3900037E+02   3.7951194E-04   9.3900037E+02   1.3173566E+02   0.0000000E+00   0.0000000E+00   0.0000000E+00   0.0000000E+00
     6.9900000E+02   9.3900037E+02   3.7678590E-04   9.3900037E+02   1.3016232E+02   0.0000000E+00   0.0000000E+00   0.0000000E+00   0.0000000E+00
     7.0000000E+02   9.3900037E+02   3.7638913E-04   9.3900037E+02   1.2993396E+02   0.0000000E+00   0.0000000E+00   0.0000000E+00   0.0000000E+00
     7.0100000E+02   9.3900037E+02   3.3958745E-04   9.3900037E+02   1.0945786E+02   0.0000000E+00   0.0000000E+00   0.0000000E+00   0.0000000E+00
     7.0200000E+02   9.3900031E+02   3.1506945E-04   9.3900031E+02   9.6606148E+01   0.0000000E+00   0.0000000E+00   0.0000000E+00   0.0000000E+00
     7.0300000E+02   9.3900031E+02   2.9433495E-04   9.3900031E+02   8.6244347E+01   0.0000000E+00   0.0000000E+00   0.0000000E+00   0.0000000E+00
     7.0400000E+02   9.3900024E+02   2.6407815E-04   9.3900024E+02   7.1980530E+01   0.0000000E+00   0.0000000E+00   0.0000000E+00   0.0000000E+00
     7.0500000E+02   9.3900024E+02   2.4730127E-04   9.3900024E+02   6.4521553E+01   0.0000000E+00   0.0000000E+00   0.0000000E+00   0.0000000E+00
     7.0600000E+02   9.3900024E+02   2.2955032E-04   9.3900024E+02   5.6988964E+01   0.0000000E+00   0.0000000E+00   0.0000000E+00   0.0000000E+00
     7.0700000E+02   9.3900024E+02   2.2585962E-04   9.3900024E+02   5.5470051E+01   0.0000000E+00   0.0000000E+00   0.0000000E+00   0.0000000E+00
     7.0800000E+02   9.3900024E+02   2.3879003E-04   9.3900024E+02   6.0863171E+01   0.0000000E+00   0.0000000E+00   0.0000000E+00   0.0000000E+00
     7.0900000E+02   9.3900024E+02   2.6087428E-04   9.3900024E+02   7.0530937E+01   0.0000000E+00   0.0000000E+00   0.0000000E+00   0.0000000E+00
     7.1000000E+02   9.3900024E+02   2.4906237E-04   9.3900024E+02   6.5289162E+01   0.0000000E+00   0.0000000E+00   0.0000000E+00   0.0000000E+00
     7.1100000E+02   9.3900024E+02   2.3134275E-04   9.3900024E+02   5.7732548E+01   0.0000000E+00   0.0000000E+00   0.0000000E+00   0.0000000E+00
     7.1200000E+02   9.3900024E+02   2.1769675E-04   9.3900024E+02   5.2169197E+01   0.0000000E+00   0.0000000E+00   0.0000000E+00   0.0000000E+00
     7.1300000E+02   9.3900018E+02   2.1097015E-04   9.3900018E+02   4.9510338E+01   0.0000000E+00   0.0000000E+00   0.0000000E+00   0.0000000E+00
     7.1400000E+02   9.3900018E+02   2.1326245E-04   9.3900018E+02   5.0410179E+01   0.0000000E+00   0.0000000E+00   0.0000000E+00   0.0000000E+00
     7.1500000E+02   9.3900018E+02   2.0799156E-04   9.3900018E+02   4.8350811E+01   0.0000000E+00   0.0000000E+00   0.0000000E+00   0.0000000E+00
     7.1600000E+02   9.3900018E+02   1.9830621E-04   9.3900018E+02   4.4656853E+01   0.0000000E+00   0.0000000E+00   0.0000000E+00   0.0000000E+00
     7.1700000E+02   9.3900018E+02   1.8550859E-04   9.3900018E+02   3.9957741E+01   0.0000000E+00   0.0000000E+00   0.0000000E+00   0.0000000E+00
     7.1800000E+02   9.3900018E+02   1.8398135E-04   9.3900018E+02   3.9410980E+01   0.0000000E+00   0.0000000E+00   0.0000000E+00   0.0000000E+00
     7.1900000E+02   9.3900018E+02   1.8603180E-04   9.3900018E+02   4.0145748E+01   0.0000000E+00   0.0000000E+00   0.0000000E+00   0.0000000E+00
     7.2000000E+02   9.3900018E+02   1.8563541E-04   9.3900018E+02   4.0003277E+01   0.0000000E+00   0.0000000E+00   0.0000000E+00   0.0000000E+00
     7.2100000E+02   9.3900018E+02   1.8802551E-04   9.3900018E+02   4.0865379E+01   0.0000000E+00   0.0000000E+00   0.0000000E+00   0.0000000E+00
     7.2200000E+02   9.3900018E+02   2.0321656E-04   9.3900018E+02   4.6514973E+01   0.0000000E+00   0.0000000E+00   0.0000000E+00   0.0000000E+00
     7.2300000E+02   9.3900018E+02   1.9799471E-04   9.3900018E+02   4.4540001E+01   0.0000000E+00   0.0000000E+00   0.0000000E+00   0.0000000E+00
     7.2400000E+02   9.3900018E+02   1.8541007E-04   9.3900018E+02   3.9922379E+01   0.0000000E+00   0.0000000E+00   0.0000000E+00   0.0000000E+00
     7.2500000E+02   9.3900018E+02   1.5306451E-04   9.3900018E+02   2.9003592E+01   0.0000000E+00   0.0000000E+00   0.0000000E+00   0.0000000E+00
     7.2600000E+02   9.3900012E+02   1.2164584E-04   9.3900012E+02   1.9776815E+01   0.0000000E+00   0.0000000E+00   0.0000000E+00   0.0000000E+00
     7.2700000E+02   9.3900006E+02   9.0876791E-05   9.3900006E+02   1.2164172E+01   0.0000000E+00   0.0000000E+00   0.0000000E+00   0.0000000E+00
     7.2800000E+02   9.3900006E+02   6.0183138E-05   9.3900006E+02   6.1204820E+00   0.0000000E+00   0.0000000E+00   0.0000000E+00   0.0000000E+00
     7.2900000E+02   9.3900006E+02   3.2503638E-05   9.3900006E+02   2.1922033E+00   0.0000000E+00   0.0000000E+00   0.0000000E+00   0.0000000E+00
     7.3000000E+02   9.3900000E+02   1.0669554E-05   9.3900000E+02   3.4242967E-01   0.0000000E+00   0.0000000E+00   0.0000000E+00   0.0000000E+00
     7.3100000E+02   9.3900000E+02   0.0000000E+00   9.3900000E+02   0.0000000E+00   0.0000000E+00   0.0000000E+00   0.0000000E+00   0.0000000E+00
     7.3200000E+02   9.3900000E+02   0.0000000E+00   9.3900000E+02   0.0000000E+00   0.0000000E+00   0.0000000E+00   0.0000000E+00   0.0000000E+00
     7.3300000E+02   9.3900000E+02   0.0000000E+00   9.3900000E+02   0.0000000E+00   0.0000000E+00   0.0000000E+00   0.0000000E+00   0.0000000E+00
     7.3400000E+02   9.3900000E+02   0.0000000E+00   9.3900000E+02   0.0000000E+00   0.0000000E+00   0.0000000E+00   0.0000000E+00   0.0000000E+00
     7.3500000E+02   9.3900000E+02   0.0000000E+00   9.3900000E+02   0.0000000E+00   0.0000000E+00   0.0000000E+00   0.0000000E+00   0.0000000E+00
     7.3600000E+02   9.3900049E+02   4.5942489E-04   9.3900049E+02   1.8114169E+02   0.0000000E+00   0.0000000E+00   0.0000000E+00   0.0000000E+00
     7.3700000E+02   9.3900006E+02   8.1599574E-05   9.3900006E+02   1.0165781E+01   0.0000000E+00   0.0000000E+00   0.0000000E+00   0.0000000E+00
     7.3800000E+02   9.3900006E+02   8.5361251E-05   9.3900006E+02   1.0958779E+01   0.0000000E+00   0.0000000E+00   0.0000000E+00   0.0000000E+00
     7.3900000E+02   9.3900006E+02   7.7758821E-05   9.3900006E+02   9.3808823E+00   0.0000000E+00   0.0000000E+00   0.0000000E+00   0.0000000E+00
     7.4000000E+02   9.3900006E+02   6.9176902E-05   9.3900006E+02   7.7196236E+00   0.0000000E+00   0.0000000E+00   0.0000000E+00   0.0000000E+00
     7.4100000E+02   9.3900006E+02   5.3486405E-05   9.3900006E+02   5.0280538E+00   0.0000000E+00   0.0000000E+00   0.0000000E+00   0.0000000E+00
     7.4200000E+02   9.3900006E+02   3.5267632E-05   9.3900006E+02   2.5116248E+00   0.0000000E+00   0.0000000E+00   0.0000000E+00   0.0000000E+00
     7.4300000E+02   9.3900000E+02   1.7951474E-05   9.3900000E+02   8.1500649E-01   0.0000000E+00   0.0000000E+00   0.0000000E+00   0.0000000E+00
     7.4400000E+02   9.3900000E+02   5.6693561E-06   9.3900000E+02   8.4781699E-02   0.0000000E+00   0.0000000E+00   0.0000000E+00   0.0000000E+00
     7.4500000E+02   9.3900000E+02   0.0000000E+00   9.3900000E+02   0.0000000E+00   0.0000000E+00   0.0000000E+00   0.0000000E+00   0.0000000E+00
     7.4600000E+02   9.3900000E+02   0.0000000E+00   9.3900000E+02   0.0000000E+00   0.0000000E+00   0.0000000E+00   0.0000000E+00   0.0000000E+00
     7.4700000E+02   9.3900037E+02   3.5276916E-04   9.3900037E+02   1.1663044E+02   0.0000000E+00   0.0000000E+00   0.0000000E+00   0.0000000E+00
     7.4800000E+02   9.3900006E+02   4.0664632E-05   9.3900006E+02   3.1843610E+00   0.0000000E+00   0.0000000E+00   0.0000000E+00   0.0000000E+00
     7.4900000E+02   9.3900006E+02   3.5335088E-05   9.3900006E+02   2.5196362E+00   0.0000000E+00   0.0000000E+00   0.0000000E+00   0.0000000E+00
     7.5000000E+02   9.3900006E+02   3.2504286E-05   9.3900006E+02   2.1922762E+00   0.0000000E+00   0.0000000E+00   0.0000000E+00   0.0000000E+00
     7.5100000E+02   9.3900018E+02   1.7789332E-04   9.3900018E+02   3.7261497E+01   0.0000000E+00   0.0000000E+00   0.0000000E+00   0.0000000E+00
     7.5200000E+02   9.3900018E+02   2.0826889E-04   9.3900018E+02   4.8458305E+01   0.0000000E+00   0.0000000E+00   0.0000000E+00   0.0000000E+00
     7.5300000E+02   9.3900043E+02   4.2265409E-04   9.3900043E+02   1.5762897E+02   0.0000000E+00   0.0000000E+00   0.0000000E+00   0.0000000E+00
     7.5400000E+02   9.3900189E+02   1.8965591E-03   9.3900189E+02   1.9242947E+03   0.0000000E+00   0.0000000E+00   0.0000000E+00   0.0000000E+00
     7.5500000E+02   9.3900067E+02   6.8007584E-04   9.3900067E+02   3.4827570E+02   0.0000000E+00   0.0000000E+00   0.0000000E+00   0.0000000E+00
     7.5600000E+02   9.3900061E+02   6.1991584E-04   9.3900061E+02   2.9845724E+02   0.0000000E+00   0.0000000E+00   0.0000000E+00   0.0000000E+00
     7.5700000E+02   9.3900055E+02   5.5773382E-04   9.3900055E+02   2.5024908E+02   0.0000000E+00   0.0000000E+00   0.0000000E+00   0.0000000E+00
     7.5800000E+02   9.3900049E+02   5.0104933E-04   9.3900049E+02   2.0931245E+02   0.0000000E+00   0.0000000E+00   0.0000000E+00   0.0000000E+00
     7.5900000E+02   9.3900073E+02   7.4120995E-04   9.3900073E+02   4.0200333E+02   0.0000000E+00   0.0000000E+00   0.0000000E+00   0.0000000E+00
     7.6000000E+02   9.3900055E+02   5.3351093E-04   9.3900055E+02   2.3239841E+02   0.0000000E+00   0.0000000E+00   0.0000000E+00   0.0000000E+00
     7.6100000E+02   9.3900049E+02   4.8656709E-04   9.3900049E+02   1.9932669E+02   0.0000000E+00   0.0000000E+00   0.0000000E+00   0.0000000E+00
     7.6200000E+02   9.3900043E+02   4.3348290E-04   9.3900043E+02   1.6441731E+02   0.0000000E+00   0.0000000E+00   0.0000000E+00   0.0000000E+00
     7.6300000E+02   9.3900037E+02   3.8476806E-04   9.3900037E+02   1.3479050E+02   0.0000000E+00   0.0000000E+00   0.0000000E+00   0.0000000E+00
     7.6400000E+02   9.3900037E+02   3.3784067E-04   9.3900037E+02   1.0852108E+02   0.0000000E+00   0.0000000E+00   0.0000000E+00   0.0000000E+00
     7.6500000E+02   9.3900031E+02   2.9111066E-04   9.3900031E+02   8.4675499E+01   0.0000000E+00   0.0000000E+00   0.0000000E+00   0.0000000E+00
     7.6600000E+02   9.3900024E+02   2.2437885E-04   9.3900024E+02   5.4865261E+01   0.0000000E+00   0.0000000E+00   0.0000000E+00   0.0000000E+00
     7.6700000E+02   9.3900049E+02   4.6810744E-04   9.3900049E+02   1.8688315E+02   0.0000000E+00   0.0000000E+00   0.0000000E+00   0.0000000E+00
     7.6800000E+02   9.3900153E+02   1.5127046E-03   9.3900153E+02   1.3200320E+03   0.0000000E+00   0.0000000E+00   0.0000000E+00   0.0000000E+00
     7.6900000E+02   9.3900061E+02   6.1873725E-04   9.3900061E+02   2.9751215E+02   0.0000000E+00   0.0000000E+00   0.0000000E+00   0.0000000E+00
     7.7000000E+02   9.3900079E+02   7.8502094E-04   9.3900079E+02   4.4238083E+02   0.0000000E+00   0.0000000E+00   0.0000000E+00   0.0000000E+00
     7.7100000E+02   9.3900061E+02   5.9077813E-04   9.3900061E+02   2.7544504E+02   0.0000000E+00   0.0000000E+00   0.0000000E+00   0.0000000E+00
     7.7200000E+02   9.3900055E+02   5.3140050E-04   9.3900055E+02   2.3086823E+02   0.0000000E+00   0.0000000E+00   0.0000000E+00   0.0000000E+00
     7.7300000E+02   9.3900049E+02   4.8010985E-04   9.3900049E+02   1.9493744E+02   0.0000000E+00   0.0000000E+00   0.0000000E+00   0.0000000E+00
     7.7400000E+02   9.3900043E+02   4.3716957E-04   9.3900043E+02   1.6675446E+02   0.0000000E+00   0.0000000E+00   0.0000000E+00   0.0000000E+00
     7.7500000E+02   9.3900043E+02   3.9880676E-04   9.3900043E+02   1.4308643E+02   0.0000000E+00   0.0000000E+00   0.0000000E+00   0.0000000E+00
     7.7600000E+02   9.3900031E+02   3.3091099E-04   9.3900031E+02   1.0483659E+02   0.0000000E+00   0.0000000E+00   0.0000000E+00   0.0000000E+00
     7.7700000E+02   9.3900037E+02   3.3690024E-04   9.3900037E+02   1.0801807E+02   0.0000000E+00   0.0000000E+00   0.0000000E+00   0.0000000E+00
     7.7800000E+02   9.3900031E+02   3.0779565E-04   9.3900031E+02   9.2917679E+01   0.0000000E+00   0.0000000E+00   0.0000000E+00   0.0000000E+00
     7.7900000E+02   9.3900031E+02   2.8693964E-04   9.3900031E+02   8.2663124E+01   0.0000000E+00   0.0000000E+00   0.0000000E+00   0.0000000E+00
     7.8000000E+02   9.3900146E+02   1.4697693E-03   9.3900146E+02   1.2581802E+03   0.0000000E+00   0.0000000E+00   0.0000000E+00   0.0000000E+00
     7.8100000E+02   9.3900378E+02   3.7822742E-03   9.3900378E+02   6.0801729E+03   0.0000000E+00   0.0000000E+00   0.0000000E+00   0.0000000E+00
     7.8200000E+02   9.3900208E+02   2.0855432E-03   9.3900208E+02   2.2543752E+03   0.0000000E+00   0.0000000E+00   0.0000000E+00   0.0000000E+00
     7.8300000E+02   9.3900232E+02   2.2941695E-03   9.3900232E+02   2.6426323E+03   0.0000000E+00   0.0000000E+00   0.0000000E+00   0.0000000E+00
     7.8400000E+02   9.3900183E+02   1.8540227E-03   9.3900183E+02   1.8529030E+03   0.0000000E+00   0.0000000E+00   0.0000000E+00   0.0000000E+00
     7.8500000E+02   9.3900140E+02   1.4248419E-03   9.3900140E+02   1.1947362E+03   0.0000000E+00   0.0000000E+00   0.0000000E+00   0.0000000E+00
     7.8600000E+02   9.3900122E+02   1.2456159E-03   9.3900122E+02   9.5492181E+02   0.0000000E+00   0.0000000E+00   0.0000000E+00   0.0000000E+00
     7.8700000E+02   9.3900122E+02   1.2411326E-03   9.3900122E+02   9.4920038E+02   0.0000000E+00   0.0000000E+00   0.0000000E+00   0.0000000E+00
     7.8800000E+02   9.3900226E+02   2.2600850E-03   9.3900226E+02   2.5775210E+03   0.0000000E+00   0.0000000E+00   0.0000000E+00   0.0000000E+00
     7.8900000E+02   9.3900128E+02   1.2587523E-03   9.3900128E+02   9.7176520E+02   0.0000000E+00   0.0000000E+00   0.0000000E+00   0.0000000E+00
     7.9000000E+02   9.3900110E+02   1.1101891E-03   9.3900110E+02   7.8823523E+02   0.0000000E+00   0.0000000E+00   0.0000000E+00   0.0000000E+00
     7.9100000E+02   9.3900098E+02   9.8145544E-04   9.3900098E+02   6.4186719E+02   0.0000000E+00   0.0000000E+00   0.0000000E+00   0.0000000E+00
     7.9200000E+02   9.3900085E+02   8.6425542E-04   9.3900085E+02   5.1927539E+02   0.0000000E+00   0.0000000E+00   0.0000000E+00   0.0000000E+00
     7.9300000E+02   9.3900079E+02   7.7036774E-04   9.3900079E+02   4.2870419E+02   0.0000000E+00   0.0000000E+00   0.0000000E+00   0.0000000E+00
     7.9400000E+02   9.3900067E+02   6.9355016E-04   9.3900067E+02   3.5985208E+02   0.0000000E+00   0.0000000E+00   0.0000000E+00   0.0000000E+00
     7.9500000E+02   9.3900085E+02   8.2651648E-04   9.3900085E+02   4.8203671E+02   0.0000000E+00   0.0000000E+00   0.0000000E+00   0.0000000E+00
     7.9600000E+02   9.3900171E+02   1.7126829E-03   9.3900171E+02   1.6235133E+03   0.0000000E+00   0.0000000E+00   0.0000000E+00   0.0000000E+00
     7.9700000E+02   9.3900079E+02   8.0376299E-04   9.3900079E+02   4.6012332E+02   0.0000000E+00   0.0000000E+00   0.0000000E+00   0.0000000E+00
     7.9800000E+02   9.3900104E+02   1.0232237E-03   9.3900104E+02   6.8803723E+02   0.0000000E+00   0.0000000E+00   0.0000000E+00   0.0000000E+00
     7.9900000E+02   9.3900287E+02   2.8574842E-03   9.3900287E+02   3.8103713E+03   0.0000000E+00   0.0000000E+00   0.0000000E+00   0.0000000E+00
     8.0000000E+02   9.3900122E+02   1.2392700E-03   9.3900122E+02   9.4682733E+02   0.0000000E+00   0.0000000E+00   0.0000000E+00   0.0000000E+00
     8.0100000E+02   9.3900098E+02   9.6157670E-04   9.3900098E+02   6.2034619E+02   0.0000000E+00   0.0000000E+00   0.0000000E+00   0.0000000E+00
     8.0200000E+02   9.3900079E+02   8.0318010E-04   9.3900079E+02   4.5956729E+02   0.0000000E+00   0.0000000E+00   0.0000000E+00   0.0000000E+00
     8.0300000E+02   9.3900067E+02   6.9233280E-04   9.3900067E+02   3.5879999E+02   0.0000000E+00   0.0000000E+00   0.0000000E+00   0.0000000E+00
     8.0400000E+02   9.3900104E+02   1.0127919E-03   9.3900104E+02   6.7638593E+02   0.0000000E+00   0.0000000E+00   0.0000000E+00   0.0000000E+00
     8.0500000E+02   9.3900183E+02   1.8286551E-03   9.3900183E+02   1.8108422E+03   0.0000000E+00   0.0000000E+00   0.0000000E+00   0.0000000E+00
     8.0600000E+02   9.3900085E+02   8.7946147E-04   9.3900085E+02   5.3459180E+02   0.0000000E+00   0.0000000E+00   0.0000000E+00   0.0000000E+00
     8.0700000E+02   9.3900183E+02   1.8153200E-03   9.3900183E+02   1.7888868E+03   0.0000000E+00   0.0000000E+00   0.0000000E+00   0.0000000E+00
     8.0800000E+02   9.3900366E+02   3.6793947E-03   9.3900366E+02   5.8070405E+03   0.0000000E+00   0.0000000E+00   0.0000000E+00   0.0000000E+00
     8.0900000E+02   9.3900989E+02   9.9171661E-03   9.3900989E+02   3.0313787E+04   0.0000000E+00   0.0000000E+00   0.0000000E+00   0.0000000E+00
     8.1000000E+02   9.3900421E+02   4.1992101E-03   9.3900421E+02   7.2378052E+03   0.0000000E+00   0.0000000E+00   0.0000000E+00   0.0000000E+00
     8.1100000E+02   9.3900281E+02   2.8339243E-03   9.3900281E+02   3.7581545E+03   0.0000000E+00   0.0000000E+00   0.0000000E+00   0.0000000E+00
     8.1200000E+02   9.3900385E+02   3.8352252E-03   9.3900385E+02   6.2227026E+03   0.0000000E+00   0.0000000E+00   0.0000000E+00   0.0000000E+00
     8.1300000E+02   9.3900214E+02   2.1662263E-03   9.3900214E+02   2.4015996E+03   0.0000000E+00   0.0000000E+00   0.0000000E+00   0.0000000E+00
     8.1400000E+02   9.3900171E+02   1.6885222E-03   9.3900171E+02   1.5855217E+03   0.0000000E+00   0.0000000E+00   0.0000000E+00   0.0000000E+00
     8.1500000E+02   9.3900134E+02   1.3299187E-03   9.3900134E+02   1.0650486E+03   0.0000000E+00   0.0000000E+00   0.0000000E+00   0.0000000E+00
     8.1600000E+02   9.3900385E+02   3.8305437E-03   9.3900385E+02   6.2100479E+03   0.0000000E+00   0.0000000E+00   0.0000000E+00   0.0000000E+00
     8.1700000E+02   9.3900177E+02   1.7862917E-03   9.3900177E+02   1.7414655E+03   0.0000000E+00   0.0000000E+00   0.0000000E+00   0.0000000E+00
     8.1800000E+02   9.3900140E+02   1.4149137E-03   9.3900140E+02   1.1808938E+03   0.0000000E+00   0.0000000E+00   0.0000000E+00   0.0000000E+00
     8.1900000E+02   9.3902289E+02   2.2899795E-02   9.3902289E+02   1.2228699E+05   0.0000000E+00   0.0000000E+00   0.0000000E+00   0.0000000E+00
     8.2000000E+02   9.3900452E+02   4.5202430E-03   9.3900452E+02   8.1833394E+03   0.0000000E+00   0.0000000E+00   0.0000000E+00   0.0000000E+00
     8.2100000E+02   9.3900317E+02   3.1653920E-03   9.3900317E+02   4.5189761E+03   0.0000000E+00   0.0000000E+00   0.0000000E+00   0.0000000E+00
     8.2200000E+02   9.3900262E+02   2.6157412E-03   9.3900262E+02   3.2884067E+03   0.0000000E+00   0.0000000E+00   0.0000000E+00   0.0000000E+00
     8.2300000E+02   9.3900262E+02   2.5960184E-03   9.3900262E+02   3.2471860E+03   0.0000000E+00   0.0000000E+00   0.0000000E+00   0.0000000E+00
     8.2400000E+02   9.3900232E+02   2.2952051E-03   9.3900232E+02   2.6446208E+03   0.0000000E+00   0.0000000E+00   0.0000000E+00   0.0000000E+00
     8.2500000E+02   9.3900171E+02   1.6809698E-03   9.3900171E+02   1.5737200E+03   0.0000000E+00   0.0000000E+00   0.0000000E+00   0.0000000E+00
     8.2600000E+02   9.3900134E+02   1.3403546E-03   9.3900134E+02   1.0790139E+03   0.0000000E+00   0.0000000E+00   0.0000000E+00   0.0000000E+00
     8.2700000E+02   9.3900110E+02   1.0754383E-03   9.3900110E+02   7.4754407E+02   0.0000000E+00   0.0000000E+00   0.0000000E+00   0.0000000E+00
     8.2800000E+02   9.3900110E+02   1.0881069E-03   9.3900110E+02   7.6227820E+02   0.0000000E+00   0.0000000E+00   0.0000000E+00   0.0000000E+00
     8.2900000E+02   9.3900079E+02   7.8618422E-04   9.3900079E+02   4.4347397E+02   0.0000000E+00   0.0000000E+00   0.0000000E+00   0.0000000E+00
     8.3000000E+02   9.3900073E+02   7.0641970E-04   9.3900073E+02   3.7104984E+02   0.0000000E+00   0.0000000E+00   0.0000000E+00   0.0000000E+00
     8.3100000E+02   9.3900061E+02   6.3859706E-04   9.3900061E+02   3.1359738E+02   0.0000000E+00   0.0000000E+00   0.0000000E+00   0.0000000E+00
     8.3200000E+02   9.3900061E+02   6.1079446E-04   9.3900061E+02   2.9117410E+02   0.0000000E+00   0.0000000E+00   0.0000000E+00   0.0000000E+00
     8.3300000E+02   9.3900085E+02   8.5548306E-04   9.3900085E+02   5.1052057E+02   0.0000000E+00   0.0000000E+00   0.0000000E+00   0.0000000E+00
     8.3400000E+02   9.3900073E+02   7.3305558E-04   9.3900073E+02   3.9465936E+02   0.0000000E+00   0.0000000E+00   0.0000000E+00   0.0000000E+00
     8.3500000E+02   9.3900110E+02   1.0719908E-03   9.3900110E+02   7.4355432E+02   0.0000000E+00   0.0000000E+00   0.0000000E+00   0.0000000E+00
     8.3600000E+02   9.3900110E+02   1.0839894E-03   9.3900110E+02   7.5747668E+02   0.0000000E+00   0.0000000E+00   0.0000000E+00   0.0000000E+00
     8.3700000E+02   9.3900122E+02   1.2111038E-03   9.3900122E+02   9.1123383E+02   0.0000000E+00   0.0000000E+00   0.0000000E+00   0.0000000E+00
     8.3800000E+02   9.3900177E+02   1.7529659E-03   9.3900177E+02   1.6876537E+03   0.0000000E+00   0.0000000E+00   0.0000000E+00   0.0000000E+00
     8.3900000E+02   9.3900201E+02   1.9947845E-03   9.3900201E+02   2.0932490E+03   0.0000000E+00   0.0000000E+00   0.0000000E+00   0.0000000E+00
     8.4000000E+02   9.3900214E+02   2.1157581E-03   9.3900214E+02   2.3090725E+03   0.0000000E+00   0.0000000E+00   0.0000000E+00   0.0000000E+00
     8.4100000E+02   9.3900232E+02   2.2928261E-03   9.3900232E+02   2.6400535E+03   0.0000000E+00   0.0000000E+00   0.0000000E+00   0.0000000E+00
     8.4200000E+02   9.3900244E+02   2.4188233E-03   9.3900244E+02   2.8862534E+03   0.0000000E+00   0.0000000E+00   0.0000000E+00   0.0000000E+00
     8.4300000E+02   9.3900250E+02   2.4933547E-03   9.3900250E+02   3.0359949E+03   0.0000000E+00   0.0000000E+00   0.0000000E+00   0.0000000E+00
     8.4400000E+02   9.3900269E+02   2.7146386E-03   9.3900269E+02   3.4982239E+03   0.0000000E+00   0.0000000E+00   0.0000000E+00   0.0000000E+00
     8.4500000E+02   9.3900275E+02   2.7459054E-03   9.3900275E+02   3.5656350E+03   0.0000000E+00   0.0000000E+00   0.0000000E+00   0.0000000E+00
     8.4600000E+02   9.3900275E+02   2.7724449E-03   9.3900275E+02   3.6232566E+03   0.0000000E+00   0.0000000E+00   0.0000000E+00   0.0000000E+00
     8.4700000E+02   9.3900281E+02   2.7826075E-03   9.3900281E+02   3.6454194E+03   0.0000000E+00   0.0000000E+00   0.0000000E+00   0.0000000E+00
     8.4800000E+02   9.3900275E+02   2.7580149E-03   9.3900275E+02   3.5918811E+03   0.0000000E+00   0.0000000E+00   0.0000000E+00   0.0000000E+00
     8.4900000E+02   9.3900281E+02   2.7903153E-03   9.3900281E+02   3.6622644E+03   0.0000000E+00   0.0000000E+00   0.0000000E+00   0.0000000E+00
     8.5000000E+02   9.3900287E+02   2.8444333E-03   9.3900287E+02   3.7814106E+03   0.0000000E+00   0.0000000E+00   0.0000000E+00   0.0000000E+00
     8.5100000E+02   9.3900397E+02   3.9643394E-03   9.3900397E+02   6.5757549E+03   0.0000000E+00   0.0000000E+00   0.0000000E+00   0.0000000E+00
     8.5200000E+02   9.3900372E+02   3.7213210E-03   9.3900372E+02   5.9177432E+03   0.0000000E+00   0.0000000E+00   0.0000000E+00   0.0000000E+00
     8.5300000E+02   9.3900330E+02   3.2654153E-03   9.3900330E+02   4.7594663E+03   0.0000000E+00   0.0000000E+00   0.0000000E+00   0.0000000E+00
     8.5400000E+02   9.3900317E+02   3.1531237E-03   9.3900317E+02   4.4898232E+03   0.0000000E+00   0.0000000E+00   0.0000000E+00   0.0000000E+00
     8.5500000E+02   9.3900311E+02   3.0946592E-03   9.3900311E+02   4.3519341E+03   0.0000000E+00   0.0000000E+00   0.0000000E+00   0.0000000E+00
     8.5600000E+02   9.3900305E+02   3.0492854E-03   9.3900305E+02   4.2461079E+03   0.0000000E+00   0.0000000E+00   0.0000000E+00   0.0000000E+00
     8.5700000E+02   9.3900299E+02   2.9696948E-03   9.3900299E+02   4.0630042E+03   0.0000000E+00   0.0000000E+00   0.0000000E+00   0.0000000E+00
     8.5800000E+02   9.3900293E+02   2.9257576E-03   9.3900293E+02   3.9633105E+03   0.0000000E+00   0.0000000E+00   0.0000000E+00   0.0000000E+00
     8.5900000E+02   9.3900287E+02   2.8950537E-03   9.3900287E+02   3.8942332E+03   0.0000000E+00   0.0000000E+00   0.0000000E+00   0.0000000E+00
     8.6000000E+02   9.3900293E+02   2.9276256E-03   9.3900293E+02   3.9675291E+03   0.0000000E+00   0.0000000E+00   0.0000000E+00   0.0000000E+00
     8.6100000E+02   9.3900293E+02   2.9325883E-03   9.3900293E+02   3.9787449E+03   0.0000000E+00   0.0000000E+00   0.0000000E+00   0.0000000E+00
     8.6200000E+02   9.3900305E+02   3.0313162E-03   9.3900305E+02   4.2044868E+03   0.0000000E+00   0.0000000E+00   0.0000000E+00   0.0000000E+00
     8.6300000E+02   9.3900299E+02   3.0180304E-03   9.3900299E+02   4.1738188E+03   0.0000000E+00   0.0000000E+00   0.0000000E+00   0.0000000E+00
     8.6400000E+02   9.3900293E+02   2.9586484E-03   9.3900293E+02   4.0378467E+03   0.0000000E+00   0.0000000E+00   0.0000000E+00   0.0000000E+00
     8.6500000E+02   9.3900293E+02   2.9256556E-03   9.3900293E+02   3.9630806E+03   0.0000000E+00   0.0000000E+00   0.0000000E+00   0.0000000E+00
     8.6600000E+02   9.3900287E+02   2.8857046E-03   9.3900287E+02   3.8732959E+03   0.0000000E+00   0.0000000E+00   0.0000000E+00   0.0000000E+00
     8.6700000E+02   9.3900293E+02   2.9222821E-03   9.3900293E+02   3.9554675E+03   0.0000000E+00   0.0000000E+00   0.0000000E+00   0.0000000E+00
     8.6800000E+02   9.3900519E+02   5.1606395E-03   9.3900519E+02   1.0205480E+04   0.0000000E+00   0.0000000E+00   0.0000000E+00   0.0000000E+00
     8.6900000E+02   9.3900415E+02   4.1481867E-03   9.3900415E+02   7.0918252E+03   0.0000000E+00   0.0000000E+00   0.0000000E+00   0.0000000E+00
     8.7000000E+02   9.3900787E+02   7.9007940E-03   9.3900787E+02   2.0754494E+04   0.0000000E+00   0.0000000E+00   0.0000000E+00   0.0000000E+00
     8.7100000E+02   9.3901996E+02   1.9960120E-02   9.3901996E+02   9.7259672E+04   0.0000000E+00   0.0000000E+00   0.0000000E+00   0.0000000E+00
     8.7200000E+02   9.3900873E+02   8.7540820E-03   9.3900873E+02   2.4623244E+04   0.0000000E+00   0.0000000E+00   0.0000000E+00   0.0000000E+00
     8.7300000E+02   9.3900525E+02   5.2220789E-03   9.3900525E+02   1.0408782E+04   0.0000000E+00   0.0000000E+00   0.0000000E+00   0.0000000E+00
     8.7400000E+02   9.3900427E+02   4.2935237E-03   9.3900427E+02   7.5107622E+03   0.0000000E+00   0.0000000E+00   0.0000000E+00   0.0000000E+00
     8.7500000E+02   9.3900366E+02   3.6407786E-03   9.3900366E+02   5.7058193E+03   0.0000000E+00   0.0000000E+00   0.0000000E+00   0.0000000E+00
     8.7600000E+02   9.3900342E+02   3.4047933E-03   9.3900342E+02   5.1028423E+03   0.0000000E+00   0.0000000E+00   0.0000000E+00   0.0000000E+00
     8.7700000E+02   9.3902722E+02   2.7194625E-02   9.3902722E+02   1.6285434E+05   0.0000000E+00   0.0000000E+00   0.0000000E+00   0.0000000E+00
     8.7800000E+02   9.3902997E+02   2.9953992E-02   9.3902997E+02   1.9131634E+05   0.0000000E+00   0.0000000E+00   0.0000000E+00   0.0000000E+00
     8.7900000E+02   9.3901184E+02   1.1849249E-02   9.3901184E+02   4.0782977E+04   0.0000000E+00   0.0000000E+00   0.0000000E+00   0.0000000E+00
     8.8000000E+02   9.3900684E+02   6.8270219E-03   9.3900684E+02   1.6269708E+04   0.0000000E+00   0.0000000E+00   0.0000000E+00   0.0000000E+00
     8.8100000E+02   9.3900568E+02   5.6720143E-03   9.3900568E+02   1.1946017E+04   0.0000000E+00   0.0000000E+00   0.0000000E+00   0.0000000E+00
     8.8200000E+02   9.3900543E+02   5.4374430E-03   9.3900543E+02   1.1134023E+04   0.0000000E+00   0.0000000E+00   0.0000000E+00   0.0000000E+00
     8.8300000E+02   9.3900555E+02   5.5323127E-03   9.3900555E+02   1.1459669E+04   0.0000000E+00   0.0000000E+00   0.0000000E+00   0.0000000E+00
     8.8400000E+02   9.3900568E+02   5.6469557E-03   9.3900568E+02   1.1858185E+04   0.0000000E+00   0.0000000E+00   0.0000000E+00   0.0000000E+00
     8.8500000E+02   9.3900610E+02   6.1077783E-03   9.3900610E+02   1.3514491E+04   0.0000000E+00   0.0000000E+00   0.0000000E+00   0.0000000E+00
     8.8600000E+02   9.3900745E+02   7.4290894E-03   9.3900745E+02   1.8730680E+04   0.0000000E+00   0.0000000E+00   0.0000000E+00   0.0000000E+00
     8.8700000E+02   9.3900806E+02   8.0546737E-03   9.3900806E+02   2.1432564E+04   0.0000000E+00   0.0000000E+00   0.0000000E+00   0.0000000E+00
     8.8800000E+02   9.3900769E+02   7.7147805E-03   9.3900769E+02   1.9946508E+04   0.0000000E+00   0.0000000E+00   0.0000000E+00   0.0000000E+00
     8.8900000E+02   9.3900757E+02   7.5754393E-03   9.3900757E+02   1.9349688E+04   0.0000000E+00   0.0000000E+00   0.0000000E+00   0.0000000E+00
     8.9000000E+02   9.3900751E+02   7.5287349E-03   9.3900751E+02   1.9151270E+04   0.0000000E+00   0.0000000E+00   0.0000000E+00   0.0000000E+00
     8.9100000E+02   9.3900775E+02   7.7471496E-03   9.3900775E+02   2.0086186E+04   0.0000000E+00   0.0000000E+00   0.0000000E+00   0.0000000E+00
     8.9200000E+02   9.3900800E+02   8.0037462E-03   9.3900800E+02   2.1207189E+04   0.0000000E+00   0.0000000E+00   0.0000000E+00   0.0000000E+00
     8.9300000E+02   9.3900818E+02   8.1749614E-03   9.3900818E+02   2.1968668E+04   0.0000000E+00   0.0000000E+00   0.0000000E+00   0.0000000E+00
     8.9400000E+02   9.3900836E+02   8.3448254E-03   9.3900836E+02   2.2734725E+04   0.0000000E+00   0.0000000E+00   0.0000000E+00   0.0000000E+00
     8.9500000E+02   9.3900818E+02   8.1986580E-03   9.3900818E+02   2.2074906E+04   0.0000000E+00   0.0000000E+00   0.0000000E+00   0.0000000E+00
     8.9600000E+02   9.3900867E+02   8.6692600E-03   9.3900867E+02   2.4226887E+04   0.0000000E+00   0.0000000E+00   0.0000000E+00   0.0000000E+00
     8.9700000E+02   9.3900793E+02   7.9343766E-03   9.3900793E+02   2.0901730E+04   0.0000000E+00   0.0000000E+00   0.0000000E+00   0.0000000E+00
     8.9800000E+02   9.3900775E+02   7.7225138E-03   9.3900775E+02   1.9979842E+04   0.0000000E+00   0.0000000E+00   0.0000000E+00   0.0000000E+00
     8.9900000E+02   9.3902106E+02   2.1029886E-02   9.3902106E+02   1.0610173E+05   0.0000000E+00   0.0000000E+00   0.0000000E+00   0.0000000E+00
     9.0000000E+02   9.3902216E+02   2.2164872E-02   9.3902216E+02   1.1581629E+05   0.0000000E+00   0.0000000E+00   0.0000000E+00   0.0000000E+00
     9.0100000E+02   9.3902234E+02   2.2321798E-02   9.3902234E+02   1.1718613E+05   0.0000000E+00   0.0000000E+00   0.0000000E+00   0.0000000E+00
     9.0200000E+02   9.3901318E+02   1.3209029E-02   9.3901318E+02   4.8877883E+04   0.0000000E+00   0.0000000E+00   0.0000000E+00   0.0000000E+00
     9.0300000E+02   9.3902454E+02   2.4538562E-02   9.3902454E+02   1.3721747E+05   0.0000000E+00   0.0000000E+00   0.0000000E+00   0.0000000E+00
     9.0400000E+02   9.3901605E+02   1.6078321E-02   9.3901605E+02   6.7825875E+04   0.0000000E+00   0.0000000E+00   0.0000000E+00   0.0000000E+00
     9.0500000E+02   9.3904877E+02   4.8769895E-02   9.3904877E+02   4.3110256E+05   0.0000000E+00   0.0000000E+00   0.0000000E+00   0.0000000E+00
     9.0600000E+02   9.3902362E+02   2.3638077E-02   9.3902362E+02   1.2892816E+05   0.0000000E+00   0.0000000E+00   0.0000000E+00   0.0000000E+00
     9.0700000E+02   9.3901379E+02   1.3791265E-02   9.3901379E+02   5.2521172E+04   0.0000000E+00   0.0000000E+00   0.0000000E+00   0.0000000E+00
     9.0800000E+02   9.3901245E+02   1.2441285E-02   9.3901245E+02   4.4235367E+04   0.0000000E+00   0.0000000E+00   0.0000000E+00   0.0000000E+00
     9.0900000E+02   9.3901068E+02   1.0667575E-02   9.3901068E+02   3.4232375E+04   0.0000000E+00   0.0000000E+00   0.0000000E+00   0.0000000E+00
     9.1000000E+02   9.3901025E+02   1.0223933E-02   9.3901025E+02   3.1892668E+04   0.0000000E+00   0.0000000E+00   0.0000000E+00   0.0000000E+00
     9.1100000E+02   9.3901007E+02   1.0091951E-02   9.3901007E+02   3.1209451E+04   0.0000000E+00   0.0000000E+00   0.0000000E+00   0.0000000E+00
     9.1200000E+02   9.3901019E+02   1.0181855E-02   9.3901019E+02   3.1674209E+04   0.0000000E+00   0.0000000E+00   0.0000000E+00   0.0000000E+00
     9.1300000E+02   9.3901038E+02   1.0347150E-02   9.3901038E+02   3.2535850E+04   0.0000000E+00   0.0000000E+00   0.0000000E+00   0.0000000E+00
     9.1400000E+02   9.3901050E+02   1.0520521E-02   9.3901050E+02   3.3449500E+04   0.0000000E+00   0.0000000E+00   0.0000000E+00   0.0000000E+00
     9.1500000E+02   9.3901050E+02   1.0511769E-02   9.3901050E+02   3.3403137E+04   0.0000000E+00   0.0000000E+00   0.0000000E+00   0.0000000E+00
     9.1600000E+02   9.3901031E+02   1.0290357E-02   9.3901031E+02   3.2238758E+04   0.0000000E+00   0.0000000E+00   0.0000000E+00   0.0000000E+00
     9.1700000E+02   9.3901001E+02   1.0020976E-02   9.3901001E+02   3.0844492E+04   0.0000000E+00   0.0000000E+00   0.0000000E+00   0.0000000E+00
     9.1800000E+02   9.3901007E+02   1.0061630E-02   9.3901007E+02   3.1053330E+04   0.0000000E+00   0.0000000E+00   0.0000000E+00   0.0000000E+00
     9.1900000E+02   9.3900983E+02   9.8325899E-03   9.3900983E+02   2.9884143E+04   0.0000000E+00   0.0000000E+00   0.0000000E+00   0.0000000E+00
     9.2000000E+02   9.3900946E+02   9.4702141E-03   9.3900946E+02   2.8071176E+04   0.0000000E+00   0.0000000E+00   0.0000000E+00   0.0000000E+00
     9.2100000E+02   9.3900897E+02   8.9541823E-03   9.3900897E+02   2.5568436E+04   0.0000000E+00   0.0000000E+00   0.0000000E+00   0.0000000E+00
     9.2200000E+02   9.3900861E+02   8.5935183E-03   9.3900861E+02   2.3875141E+04   0.0000000E+00   0.0000000E+00   0.0000000E+00   0.0000000E+00
     9.2300000E+02   9.3900836E+02   8.3545558E-03   9.3900836E+02   2.2778922E+04   0.0000000E+00   0.0000000E+00   0.0000000E+00   0.0000000E+00
     9.2400000E+02   9.3900793E+02   7.9558492E-03   9.3900793E+02   2.0996092E+04   0.0000000E+00   0.0000000E+00   0.0000000E+00   0.0000000E+00
     9.2500000E+02   9.3900775E+02   7.7572176E-03   9.3900775E+02   2.0129711E+04   0.0000000E+00   0.0000000E+00   0.0000000E+00   0.0000000E+00
     9.2600000E+02   9.3900745E+02   7.4593369E-03   9.3900745E+02   1.8857955E+04   0.0000000E+00   0.0000000E+00   0.0000000E+00   0.0000000E+00
     9.2700000E+02   9.3900720E+02   7.1829520E-03   9.3900720E+02   1.7707850E+04   0.0000000E+00   0.0000000E+00   0.0000000E+00   0.0000000E+00
     9.2800000E+02   9.3900690E+02   6.8832948E-03   9.3900690E+02   1.6493830E+04   0.0000000E+00   0.0000000E+00   0.0000000E+00   0.0000000E+00
     9.2900000E+02   9.3900665E+02   6.6551408E-03   9.3900665E+02   1.5592759E+04   0.0000000E+00   0.0000000E+00   0.0000000E+00   0.0000000E+00
     9.3000000E+02   9.3900653E+02   6.5592863E-03   9.3900653E+02   1.5220253E+04   0.0000000E+00   0.0000000E+00   0.0000000E+00   0.0000000E+00
     9.3100000E+02   9.3900635E+02   6.3593113E-03   9.3900635E+02   1.4454766E+04   0.0000000E+00   0.0000000E+00   0.0000000E+00   0.0000000E+00
     9.3200000E+02   9.3900610E+02   6.1307400E-03   9.3900610E+02   1.3599275E+04   0.0000000E+00   0.0000000E+00   0.0000000E+00   0.0000000E+00
     9.3300000E+02   9.3900610E+02   6.1017354E-03   9.3900610E+02   1.3492213E+04   0.0000000E+00   0.0000000E+00   0.0000000E+00   0.0000000E+00
     9.3400000E+02   9.3900574E+02   5.7561337E-03   9.3900574E+02   1.2242752E+04   0.0000000E+00   0.0000000E+00   0.0000000E+00   0.0000000E+00
     9.3500000E+02   9.3900555E+02   5.5743535E-03   9.3900555E+02   1.1605177E+04   0.0000000E+00   0.0000000E+00   0.0000000E+00   0.0000000E+00
     9.3600000E+02   9.3900555E+02   5.5722119E-03   9.3900555E+02   1.1597747E+04   0.0000000E+00   0.0000000E+00   0.0000000E+00   0.0000000E+00
     9.3700000E+02   9.3900519E+02   5.2141277E-03   9.3900519E+02   1.0382382E+04   0.0000000E+00   0.0000000E+00   0.0000000E+00   0.0000000E+00
     9.3800000E+02   9.3900507E+02   5.0904895E-03   9.3900507E+02   9.9753203E+03   0.0000000E+00   0.0000000E+00   0.0000000E+00   0.0000000E+00
     9.3900000E+02   9.3900500E+02   5.0204783E-03   9.3900500E+02   9.7477129E+03   0.0000000E+00   0.0000000E+00   0.0000000E+00   0.0000000E+00
     9.4000000E+02   9.3900476E+02   4.7704647E-03   9.3900476E+02   8.9521777E+03   0.0000000E+00   0.0000000E+00   0.0000000E+00   0.0000000E+00
     9.4100000E+02   9.3900470E+02   4.7143828E-03   9.3900470E+02   8.7774619E+03   0.0000000E+00   0.0000000E+00   0.0000000E+00   0.0000000E+00
     9.4200000E+02   9.3900464E+02   4.6563977E-03   9.3900464E+02   8.5982695E+03   0.0000000E+00   0.0000000E+00   0.0000000E+00   0.0000000E+00
     9.4300000E+02   9.3900446E+02   4.4580293E-03   9.3900446E+02   7.9964839E+03   0.0000000E+00   0.0000000E+00   0.0000000E+00   0.0000000E+00
     9.4400000E+02   9.3900439E+02   4.3852483E-03   9.3900439E+02   7.7800884E+03   0.0000000E+00   0.0000000E+00   0.0000000E+00   0.0000000E+00
     9.4500000E+02   9.3900427E+02   4.2829001E-03   9.3900427E+02   7.4798145E+03   0.0000000E+00   0.0000000E+00   0.0000000E+00   0.0000000E+00
     9.4600000E+02   9.3900415E+02   4.1241930E-03   9.3900415E+02   7.0235913E+03   0.0000000E+00   0.0000000E+00   0.0000000E+00   0.0000000E+00
     9.4700000E+02   9.3900397E+02   3.9480962E-03   9.3900397E+02   6.5309111E+03   0.0000000E+00   0.0000000E+00   0.0000000E+00   0.0000000E+00
     9.4800000E+02   9.3900378E+02   3.8065752E-03   9.3900378E+02   6.1454204E+03   0.0000000E+00   0.0000000E+00   0.0000000E+00   0.0000000E+00
     9.4900000E+02   9.3900385E+02   3.8182458E-03   9.3900385E+02   6.1768550E+03   0.0000000E+00   0.0000000E+00   0.0000000E+00   0.0000000E+00
     9.5000000E+02   9.3900372E+02   3.6939108E-03   9.3900372E+02   5.8452744E+03   0.0000000E+00   0.0000000E+00   0.0000000E+00   0.0000000E+00
     9.5100000E+02   9.3900366E+02   3.6569848E-03   9.3900366E+02   5.7482129E+03   0.0000000E+00   0.0000000E+00   0.0000000E+00   0.0000000E+00
     9.5200000E+02   9.3900354E+02   3.5455781E-03   9.3900354E+02   5.4593296E+03   0.0000000E+00   0.0000000E+00   0.0000000E+00   0.0000000E+00
     9.5300000E+02   9.3900342E+02   3.4243737E-03   9.3900342E+02   5.1518452E+03   0.0000000E+00   0.0000000E+00   0.0000000E+00   0.0000000E+00
     9.5400000E+02   9.3900336E+02   3.3462748E-03   9.3900336E+02   4.9575098E+03   0.0000000E+00   0.0000000E+00   0.0000000E+00   0.0000000E+00
     9.5500000E+02   9.3900323E+02   3.2493218E-03   9.3900323E+02   4.7204360E+03   0.0000000E+00   0.0000000E+00   0.0000000E+00   0.0000000E+00
     9.5600000E+02   9.3900409E+02   4.1153831E-03   9.3900409E+02   6.9986025E+03   0.0000000E+00   0.0000000E+00   0.0000000E+00   0.0000000E+00
     9.5700000E+02   9.3900397E+02   3.9417665E-03   9.3900397E+02   6.5134697E+03   0.0000000E+00   0.0000000E+00   0.0000000E+00   0.0000000E+00
     9.5800000E+02   9.3900366E+02   3.6525994E-03   9.3900366E+02   5.7367290E+03   0.0000000E+00   0.0000000E+00   0.0000000E+00   0.0000000E+00
     9.5900000E+02   9.3900421E+02   4.2389259E-03   9.3900421E+02   7.3522563E+03   0.0000000E+00   0.0000000E+00   0.0000000E+00   0.0000000E+00
     9.6000000E+02   9.3900342E+02   3.4006797E-03   9.3900342E+02   5.0925713E+03   0.0000000E+00   0.0000000E+00   0.0000000E+00   0.0000000E+00
     9.6100000E+02   9.3900311E+02   3.1170342E-03   9.3900311E+02   4.4045024E+03   0.0000000E+00   0.0000000E+00   0.0000000E+00   0.0000000E+00
     9.6200000E+02   9.3900293E+02   2.9041548E-03   9.3900293E+02   3.9146580E+03   0.0000000E+00   0.0000000E+00   0.0000000E+00   0.0000000E+00
     9.6300000E+02   9.3900275E+02   2.7620504E-03   9.3900275E+02   3.6006443E+03   0.0000000E+00   0.0000000E+00   0.0000000E+00   0.0000000E+00
     9.6400000E+02   9.3900269E+02   2.6822970E-03   9.3900269E+02   3.4290383E+03   0.0000000E+00   0.0000000E+00   0.0000000E+00   0.0000000E+00
     9.6500000E+02   9.3900262E+02   2.6234409E-03   9.3900262E+02   3.3045554E+03   0.0000000E+00   0.0000000E+00   0.0000000E+00   0.0000000E+00
     9.6600000E+02   9.3900256E+02   2.5461977E-03   9.3900256E+02   3.1439895E+03   0.0000000E+00   0.0000000E+00   0.0000000E+00   0.0000000E+00
     9.6700000E+02   9.3900275E+02   2.7350462E-03   9.3900275E+02   3.5421643E+03   0.0000000E+00   0.0000000E+00   0.0000000E+00   0.0000000E+00
     9.6800000E+02   9.3900256E+02   2.5474636E-03   9.3900256E+02   3.1465955E+03   0.0000000E+00   0.0000000E+00   0.0000000E+00   0.0000000E+00
     9.6900000E+02   9.3900244E+02   2.4514871E-03   9.3900244E+02   2.9515054E+03   0.0000000E+00   0.0000000E+00   0.0000000E+00   0.0000000E+00
     9.7000000E+02   9.3900275E+02   2.7602746E-03   9.3900275E+02   3.5967869E+03   0.0000000E+00   0.0000000E+00   0.0000000E+00   0.0000000E+00
     9.7100000E+02   9.3900262E+02   2.6479259E-03   9.3900262E+02   3.3561187E+03   0.0000000E+00   0.0000000E+00   0.0000000E+00   0.0000000E+00
     9.7200000E+02   9.3900256E+02   2.5642060E-03   9.3900256E+02   3.1811375E+03   0.0000000E+00   0.0000000E+00   0.0000000E+00   0.0000000E+00
     9.7300000E+02   9.3900256E+02   2.5875946E-03   9.3900256E+02   3.2296438E+03   0.0000000E+00   0.0000000E+00   0.0000000E+00   0.0000000E+00
     9.7400000E+02   9.3900342E+02   3.4101538E-03   9.3900342E+02   5.1162393E+03   0.0000000E+00   0.0000000E+00   0.0000000E+00   0.0000000E+00
     9.7500000E+02   9.3900275E+02   2.7242452E-03   9.3900275E+02   3.5188806E+03   0.0000000E+00   0.0000000E+00   0.0000000E+00   0.0000000E+00
     9.7600000E+02   9.3900403E+02   4.0567829E-03   9.3900403E+02   6.8333003E+03   0.0000000E+00   0.0000000E+00   0.0000000E+00   0.0000000E+00
     9.7700000E+02   9.3900305E+02   3.0779962E-03   9.3900305E+02   4.3129497E+03   0.0000000E+00   0.0000000E+00   0.0000000E+00   0.0000000E+00
     9.7800000E+02   9.3900275E+02   2.7643831E-03   9.3900275E+02   3.6057141E+03   0.0000000E+00   0.0000000E+00   0.0000000E+00   0.0000000E+00
     9.7900000E+02   9.3900250E+02   2.5319296E-03   9.3900250E+02   3.1146812E+03   0.0000000E+00   0.0000000E+00   0.0000000E+00   0.0000000E+00
     9.8000000E+02   9.3900238E+02   2.3821869E-03   9.3900238E+02   2.8137615E+03   0.0000000E+00   0.0000000E+00   0.0000000E+00   0.0000000E+00
     9.8100000E+02   9.3900220E+02   2.2014359E-03   9.3900220E+02   2.4670103E+03   0.0000000E+00   0.0000000E+00   0.0000000E+00   0.0000000E+00
     9.8200000E+02   9.3900208E+02   2.0736016E-03   9.3900208E+02   2.2329026E+03   0.0000000E+00   0.0000000E+00   0.0000000E+00   0.0000000E+00
     9.8300000E+02   9.3900201E+02   1.9851234E-03   9.3900201E+02   2.0763796E+03   0.0000000E+00   0.0000000E+00   0.0000000E+00   0.0000000E+00
     9.8400000E+02   9.3900189E+02   1.8898812E-03   9.3900189E+02   1.9130153E+03   0.0000000E+00   0.0000000E+00   0.0000000E+00   0.0000000E+00
     9.8500000E+02   9.3900183E+02   1.8481018E-03   9.3900183E+02   1.8430511E+03   0.0000000E+00   0.0000000E+00   0.0000000E+00   0.0000000E+00
     9.8600000E+02   9.3900183E+02   1.8260591E-03   9.3900183E+02   1.8065594E+03   0.0000000E+00   0.0000000E+00   0.0000000E+00   0.0000000E+00
     9.8700000E+02   9.3900183E+02   1.8300080E-03   9.3900183E+02   1.8130754E+03   0.0000000E+00   0.0000000E+00   0.0000000E+00   0.0000000E+00
     9.8800000E+02   9.3900183E+02   1.8056595E-03   9.3900183E+02   1.7730487E+03   0.0000000E+00   0.0000000E+00   0.0000000E+00   0.0000000E+00
     9.8900000E+02   9.3900183E+02   1.8019760E-03   9.3900183E+02   1.7670245E+03   0.0000000E+00   0.0000000E+00   0.0000000E+00   0.0000000E+00
     9.9000000E+02   9.3900183E+02   1.8075402E-03   9.3900183E+02   1.7761277E+03   0.0000000E+00   0.0000000E+00   0.0000000E+00   0.0000000E+00
     9.9100000E+02   9.3900177E+02   1.7851295E-03   9.3900177E+02   1.7395775E+03   0.0000000E+00   0.0000000E+00   0.0000000E+00   0.0000000E+00
     9.9200000E+02   9.3900171E+02   1.7323884E-03   9.3900171E+02   1.6547650E+03   0.0000000E+00   0.0000000E+00   0.0000000E+00   0.0000000E+00
     9.9300000E+02   9.3900165E+02   1.6539046E-03   9.3900165E+02   1.5317162E+03   0.0000000E+00   0.0000000E+00   0.0000000E+00   0.0000000E+00
     9.9400000E+02   9.3900153E+02   1.5550667E-03   9.3900153E+02   1.3822161E+03   0.0000000E+00   0.0000000E+00   0.0000000E+00   0.0000000E+00
     9.9500000E+02   9.3900146E+02   1.4873900E-03   9.3900146E+02   1.2834207E+03   0.0000000E+00   0.0000000E+00   0.0000000E+00   0.0000000E+00
     9.9600000E+02   9.3900146E+02   1.4505988E-03   9.3900146E+02   1.2309482E+03   0.0000000E+00   0.0000000E+00   0.0000000E+00   0.0000000E+00
     9.9700000E+02   9.3900146E+02   1.4444601E-03   9.3900146E+02   1.2222786E+03   0.0000000E+00   0.0000000E+00   0.0000000E+00   0.0000000E+00
     9.9800000E+02   9.3900140E+02   1.4168170E-03   9.3900140E+02   1.1835424E+03   0.0000000E+00   0.0000000E+00   0.0000000E+00   0.0000000E+00
     9.9900000E+02   9.3900140E+02   1.3868965E-03   9.3900140E+02   1.1421793E+03   0.0000000E+00   0.0000000E+00   0.0000000E+00   0.0000000E+00
     1.0000000E+03   9.3900134E+02   1.3716603E-03   9.3900134E+02   1.1213430E+03   0.0000000E+00   0.0000000E+00   0.0000000E+00   0.0000000E+00
     1.0010000E+03   9.3900336E+02   3.3555289E-03   9.3900336E+02   4.9803809E+03   0.0000000E+00   0.0000000E+00   0.0000000E+00   0.0000000E+00
     1.0020000E+03   9.3900201E+02   1.9989249E-03   9.3900201E+02   2.1004951E+03   0.0000000E+00   0.0000000E+00   0.0000000E+00   0.0000000E+00
     1.0030000E+03   9.3900183E+02   1.8138033E-03   9.3900183E+02   1.7863967E+03   0.0000000E+00   0.0000000E+00   0.0000000E+00   0.0000000E+00
     1.0040000E+03   9.3900165E+02   1.6499895E-03   9.3900165E+02   1.5256780E+03   0.0000000E+00   0.0000000E+00   0.0000000E+00   0.0000000E+00
     1.0050000E+03   9.3900153E+02   1.5152723E-03   9.3900153E+02   1.3237686E+03   0.0000000E+00   0.0000000E+00   0.0000000E+00   0.0000000E+00
     1.0060000E+03   9.3900140E+02   1.4075522E-03   9.3900140E+02   1.1706715E+03   0.0000000E+00   0.0000000E+00   0.0000000E+00   0.0000000E+00
     1.0070000E+03   9.3900128E+02   1.3000389E-03   9.3900128E+02   1.0254666E+03   0.0000000E+00   0.0000000E+00   0.0000000E+00   0.0000000E+00
     1.0080000E+03   9.3900122E+02   1.2340967E-03   9.3900122E+02   9.4024896E+02   0.0000000E+00   0.0000000E+00   0.0000000E+00   0.0000000E+00
     1.0090000E+03   9.3900116E+02   1.1794897E-03   9.3900116E+02   8.7193567E+02   0.0000000E+00   0.0000000E+00   0.0000000E+00   0.0000000E+00
     1.0100000E+03   9.3900116E+02   1.1400150E-03   9.3900116E+02   8.2384436E+02   0.0000000E+00   0.0000000E+00   0.0000000E+00   0.0000000E+00
     1.0110000E+03   9.3900110E+02   1.1055116E-03   9.3900110E+02   7.8270789E+02   0.0000000E+00   0.0000000E+00   0.0000000E+00   0.0000000E+00
     1.0120000E+03   9.3900110E+02   1.0779024E-03   9.3900110E+02   7.5040076E+02   0.0000000E+00   0.0000000E+00   0.0000000E+00   0.0000000E+00
     1.0130000E+03   9.3900110E+02   1.0773233E-03   9.3900110E+02   7.4972906E+02   0.0000000E+00   0.0000000E+00   0.0000000E+00   0.0000000E+00
     1.0140000E+03   9.3900110E+02   1.0732029E-03   9.3900110E+02   7.4495599E+02   0.0000000E+00   0.0000000E+00   0.0000000E+00   0.0000000E+00
     1.0150000E+03   9.3900110E+02   1.1009106E-03   9.3900110E+02   7.7728632E+02   0.0000000E+00   0.0000000E+00   0.0000000E+00   0.0000000E+00
     1.0160000E+03   9.3900110E+02   1.1053674E-03   9.3900110E+02   7.8253790E+02   0.0000000E+00   0.0000000E+00   0.0000000E+00   0.0000000E+00
     1.0170000E+03   9.3900116E+02   1.1327202E-03   9.3900116E+02   8.1507703E+02   0.0000000E+00   0.0000000E+00   0.0000000E+00   0.0000000E+00
     1.0180000E+03   9.3900116E+02   1.1349925E-03   9.3900116E+02   8.1780389E+02   0.0000000E+00   0.0000000E+00   0.0000000E+00   0.0000000E+00
     1.0190000E+03   9.3900110E+02   1.1206984E-03   9.3900110E+02   8.0071045E+02   0.0000000E+00   0.0000000E+00   0.0000000E+00   0.0000000E+00
     1.0200000E+03   9.3900110E+02   1.1032060E-03   9.3900110E+02   7.7998914E+02   0.0000000E+00   0.0000000E+00   0.0000000E+00   0.0000000E+00
     1.0210000E+03   9.3900110E+02   1.0857036E-03   9.3900110E+02   7.5947418E+02   0.0000000E+00   0.0000000E+00   0.0000000E+00   0.0000000E+00
     1.0220000E+03   9.3900104E+02   1.0289295E-03   9.3900104E+02   6.9444348E+02   0.0000000E+00   0.0000000E+00   0.0000000E+00   0.0000000E+00
     1.0230000E+03   9.3900098E+02   9.7445416E-04   9.3900098E+02   6.3425409E+02   0.0000000E+00   0.0000000E+00   0.0000000E+00   0.0000000E+00
     1.0240000E+03   9.3900092E+02   9.1064442E-04   9.3900092E+02   5.6655530E+02   0.0000000E+00   0.0000000E+00   0.0000000E+00   0.0000000E+00
     1.0250000E+03   9.3900085E+02   8.6733903E-04   9.3900085E+02   5.2236700E+02   0.0000000E+00   0.0000000E+00   0.0000000E+00   0.0000000E+00
     1.0260000E+03   9.3900085E+02   8.3298108E-04   9.3900085E+02   4.8833682E+02   0.0000000E+00   0.0000000E+00   0.0000000E+00   0.0000000E+00
     1.0270000E+03   9.3900079E+02   8.0852193E-04   9.3900079E+02   4.6467282E+02   0.0000000E+00   0.0000000E+00   0.0000000E+00   0.0000000E+00
     1.0280000E+03   9.3900079E+02   7.9230493E-04   9.3900079E+02   4.4924319E+02   0.0000000E+00   0.0000000E+00   0.0000000E+00   0.0000000E+00
     1.0290000E+03   9.3900079E+02   7.6983072E-04   9.3900079E+02   4.2820621E+02   0.0000000E+00   0.0000000E+00   0.0000000E+00   0.0000000E+00
     1.0300000E+03   9.3900073E+02   7.3822134E-04   9.3900073E+02   3.9930542E+02   0.0000000E+00   0.0000000E+00   0.0000000E+00   0.0000000E+00
     1.0310000E+03   9.3900073E+02   7.0751604E-04   9.3900073E+02   3.7201007E+02   0.0000000E+00   0.0000000E+00   0.0000000E+00   0.0000000E+00
     1.0320000E+03   9.3900067E+02   6.7068491E-04   9.3900067E+02   3.4029727E+02   0.0000000E+00   0.0000000E+00   0.0000000E+00   0.0000000E+00
     1.0330000E+03   9.3900061E+02   6.3610228E-04   9.3900061E+02   3.1155820E+02   0.0000000E+00   0.0000000E+00   0.0000000E+00   0.0000000E+00
     1.0340000E+03   9.3900061E+02   6.1727996E-04   9.3900061E+02   2.9634518E+02   0.0000000E+00   0.0000000E+00   0.0000000E+00   0.0000000E+00
     1.0350000E+03   9.3900061E+02   6.0214027E-04   9.3900061E+02   2.8433066E+02   0.0000000E+00   0.0000000E+00   0.0000000E+00   0.0000000E+00
     1.0360000E+03   9.3900061E+02   5.8383285E-04   9.3900061E+02   2.7006924E+02   0.0000000E+00   0.0000000E+00   0.0000000E+00   0.0000000E+00
     1.0370000E+03   9.3900055E+02   5.7219912E-04   9.3900055E+02   2.6115973E+02   0.0000000E+00   0.0000000E+00   0.0000000E+00   0.0000000E+00
     1.0380000E+03   9.3900055E+02   5.6490389E-04   9.3900055E+02   2.5563393E+02   0.0000000E+00   0.0000000E+00   0.0000000E+00   0.0000000E+00
     1.0390000E+03   9.3900055E+02   5.5717886E-04   9.3900055E+02   2.4983426E+02   0.0000000E+00   0.0000000E+00   0.0000000E+00   0.0000000E+00
     1.0400000E+03   9.3900055E+02   5.4467545E-04   9.3900055E+02   2.4056029E+02   0.0000000E+00   0.0000000E+00   0.0000000E+00   0.0000000E+00
     1.0410000E+03   9.3900055E+02   5.2678102E-04   9.3900055E+02   2.2753304E+02   0.0000000E+00   0.0000000E+00   0.0000000E+00   0.0000000E+00
     1.0420000E+03   9.3900049E+02   5.1839522E-04   9.3900049E+02   2.2152832E+02   0.0000000E+00   0.0000000E+00   0.0000000E+00   0.0000000E+00
     1.0430000E+03   9.3900049E+02   4.9903372E-04   9.3900049E+02   2.0791098E+02   0.0000000E+00   0.0000000E+00   0.0000000E+00   0.0000000E+00
     1.0440000E+03   9.3900049E+02   4.8504339E-04   9.3900049E+02   1.9828745E+02   0.0000000E+00   0.0000000E+00   0.0000000E+00   0.0000000E+00
     1.0450000E+03   9.3900049E+02   4.7025669E-04   9.3900049E+02   1.8831543E+02   0.0000000E+00   0.0000000E+00   0.0000000E+00   0.0000000E+00
     1.0460000E+03   9.3900043E+02   4.5594384E-04   9.3900043E+02   1.7885997E+02   0.0000000E+00   0.0000000E+00   0.0000000E+00   0.0000000E+00
     1.0470000E+03   9.3900043E+02   4.3804137E-04   9.3900043E+02   1.6730907E+02   0.0000000E+00   0.0000000E+00   0.0000000E+00   0.0000000E+00
     1.0480000E+03   9.3900043E+02   4.2828912E-04   9.3900043E+02   1.6114716E+02   0.0000000E+00   0.0000000E+00   0.0000000E+00   0.0000000E+00
     1.0490000E+03   9.3900043E+02   4.1805147E-04   9.3900043E+02   1.5477846E+02   0.0000000E+00   0.0000000E+00   0.0000000E+00   0.0000000E+00
     1.0500000E+03   9.3900043E+02   4.0167570E-04   9.3900043E+02   1.4480609E+02   0.0000000E+00   0.0000000E+00   0.0000000E+00   0.0000000E+00
     1.0510000E+03   9.3900037E+02   3.8538416E-04   9.3900037E+02   1.3515041E+02   0.0000000E+00   0.0000000E+00   0.0000000E+00   0.0000000E+00
     1.0520000E+03   9.3900037E+02   3.7511150E-04   9.3900037E+02   1.2919971E+02   0.0000000E+00   0.0000000E+00   0.0000000E+00   0.0000000E+00
     1.0530000E+03   9.3900037E+02   3.7099145E-04   9.3900037E+02   1.2684325E+02   0.0000000E+00   0.0000000E+00   0.0000000E+00   0.0000000E+00
     1.0540000E+03   9.3900037E+02   3.5816853E-04   9.3900037E+02   1.1962078E+02   0.0000000E+00   0.0000000E+00   0.0000000E+00   0.0000000E+00
     1.0550000E+03   9.3900037E+02   3.4755250E-04   9.3900037E+02   1.1377013E+02   0.0000000E+00   0.0000000E+00   0.0000000E+00   0.0000000E+00
     1.0560000E+03   9.3900031E+02   3.3288923E-04   9.3900031E+02   1.0588322E+02   0.0000000E+00   0.0000000E+00   0.0000000E+00   0.0000000E+00
     1.0570000E+03   9.3900031E+02   3.1508258E-04   9.3900031E+02   9.6612854E+01   0.0000000E+00   0.0000000E+00   0.0000000E+00   0.0000000E+00
     1.0580000E+03   9.3900031E+02   2.9950685E-04   9.3900031E+02   8.8784851E+01   0.0000000E+00   0.0000000E+00   0.0000000E+00   0.0000000E+00
     1.0590000E+03   9.3900031E+02   2.7868003E-04   9.3900031E+02   7.8735512E+01   0.0000000E+00   0.0000000E+00   0.0000000E+00   0.0000000E+00
     1.0600000E+03   9.3900024E+02   2.5911370E-04   9.3900024E+02   6.9739395E+01   0.0000000E+00   0.0000000E+00   0.0000000E+00   0.0000000E+00
     1.0610000E+03   9.3900024E+02   2.4024150E-04   9.3900024E+02   6.1481003E+01   0.0000000E+00   0.0000000E+00   0.0000000E+00   0.0000000E+00
     1.0620000E+03   9.3900024E+02   2.2218321E-04   9.3900024E+02   5.3973385E+01   0.0000000E+00   0.0000000E+00   0.0000000E+00   0.0000000E+00
     1.0630000E+03   9.3900018E+02   2.1288414E-04   9.3900018E+02   5.0261230E+01   0.0000000E+00   0.0000000E+00   0.0000000E+00   0.0000000E+00
     1.0640000E+03   9.3900018E+02   2.0142540E-04   9.3900018E+02   4.5833668E+01   0.0000000E+00   0.0000000E+00   0.0000000E+00   0.0000000E+00
     1.0650000E+03   9.3900018E+02   1.9420871E-04   9.3900018E+02   4.3129601E+01   0.0000000E+00   0.0000000E+00   0.0000000E+00   0.0000000E+00
     1.0660000E+03   9.3900018E+02   1.8709125E-04   9.3900018E+02   4.0527523E+01   0.0000000E+00   0.0000000E+00   0.0000000E+00   0.0000000E+00
     1.0670000E+03   9.3900018E+02   1.7196992E-04   9.3900018E+02   3.5216679E+01   0.0000000E+00   0.0000000E+00   0.0000000E+00   0.0000000E+00
     1.0680000E+03   9.3900018E+02   1.5721533E-04   9.3900018E+02   3.0326271E+01   0.0000000E+00   0.0000000E+00   0.0000000E+00   0.0000000E+00
     1.0690000E+03   9.3900012E+02   1.3916806E-04   9.3900012E+02   2.4749144E+01   0.0000000E+00   0.0000000E+00   0.0000000E+00   0.0000000E+00
     1.0700000E+03   9.3900012E+02   1.2906884E-04   9.3900012E+02   2.1828800E+01   0.0000000E+00   0.0000000E+00   0.0000000E+00   0.0000000E+00
     1.0710000E+03   9.3900012E+02   1.1186951E-04   9.3900012E+02   1.7199419E+01   0.0000000E+00   0.0000000E+00   0.0000000E+00   0.0000000E+00
     1.0720000E+03   9.3900012E+02   9.9066470E-05   9.3900012E+02   1.4045548E+01   0.0000000E+00   0.0000000E+00   0.0000000E+00   0.0000000E+00
     1.0730000E+03   9.3900006E+02   8.0700658E-05   9.3900006E+02   9.9798193E+00   0.0000000E+00   0.0000000E+00   0.0000000E+00   0.0000000E+00
     1.0740000E+03   9.3900006E+02   6.6414854E-05   9.3900006E+02   7.2127843E+00   0.0000000E+00   0.0000000E+00   0.0000000E+00   0.0000000E+00
     1.0750000E+03   9.3900006E+02   5.5429562E-05   9.3900006E+02   5.3361740E+00   0.0000000E+00   0.0000000E+00   0.0000000E+00   0.0000000E+00
     1.0760000E+03   9.3900006E+02   4.3977550E-05   9.3900006E+02   3.6283791E+00   0.0000000E+00   0.0000000E+00   0.0000000E+00   0.0000000E+00
     1.0770000E+03   9.3900006E+02   4.0533258E-05   9.3900006E+02   3.1672335E+00   0.0000000E+00   0.0000000E+00   0.0000000E+00   0.0000000E+00
     1.0780000E+03   9.3900006E+02   3.8697108E-05   9.3900006E+02   2.9317377E+00   0.0000000E+00   0.0000000E+00   0.0000000E+00   0.0000000E+00
     1.0790000E+03   9.3900006E+02   3.8444789E-05   9.3900006E+02   2.8999467E+00   0.0000000E+00   0.0000000E+00   0.0000000E+00   0.0000000E+00
     1.0800000E+03   9.3900006E+02   4.2978892E-05   9.3900006E+02   3.4920967E+00   0.0000000E+00   0.0000000E+00   0.0000000E+00   0.0000000E+00
     1.0810000E+03   9.3900006E+02   4.0612660E-05   9.3900006E+02   3.1775811E+00   0.0000000E+00   0.0000000E+00   0.0000000E+00   0.0000000E+00
     1.0820000E+03   9.3900006E+02   4.2053322E-05   9.3900006E+02   3.3676589E+00   0.0000000E+00   0.0000000E+00   0.0000000E+00   0.0000000E+00
     1.0830000E+03   9.3900006E+02   3.2282216E-05   9.3900006E+02   2.1673706E+00   0.0000000E+00   0.0000000E+00   0.0000000E+00   0.0000000E+00
     1.0840000E+03   9.3900000E+02   1.8033417E-05   9.3900000E+02   8.2121646E-01   0.0000000E+00   0.0000000E+00   0.0000000E+00   0.0000000E+00
     1.0850000E+03   9.3900000E+02   9.7522152E-06   9.3900000E+02   2.9459471E-01   0.0000000E+00   0.0000000E+00   0.0000000E+00   0.0000000E+00
     1.0860000E+03   9.3900000E+02   0.0000000E+00   9.3900000E+02   0.0000000E+00   0.0000000E+00   0.0000000E+00   0.0000000E+00   0.0000000E+00
     1.0870000E+03   9.3900000E+02   0.0000000E+00   9.3900000E+02   0.0000000E+00   0.0000000E+00   0.0000000E+00   0.0000000E+00   0.0000000E+00
     1.0880000E+03   9.3900000E+02   0.0000000E+00   9.3900000E+02   0.0000000E+00   0.0000000E+00   0.0000000E+00   0.0000000E+00   0.0000000E+00
     1.0890000E+03   9.3900000E+02   0.0000000E+00   9.3900000E+02   0.0000000E+00   0.0000000E+00   0.0000000E+00   0.0000000E+00   0.0000000E+00
     1.0900000E+03   9.3900000E+02   0.0000000E+00   9.3900000E+02   0.0000000E+00   0.0000000E+00   0.0000000E+00   0.0000000E+00   0.0000000E+00
     1.0910000E+03   9.3900000E+02   0.0000000E+00   9.3900000E+02   0.0000000E+00   0.0000000E+00   0.0000000E+00   0.0000000E+00   0.0000000E+00
     1.0920000E+03   9.3900000E+02   0.0000000E+00   9.3900000E+02   0.0000000E+00   0.0000000E+00   0.0000000E+00   0.0000000E+00   0.0000000E+00
     1.0930000E+03   9.3900000E+02   0.0000000E+00   9.3900000E+02   0.0000000E+00   0.0000000E+00   0.0000000E+00   0.0000000E+00   0.0000000E+00
     1.0940000E+03   9.3900000E+02   0.0000000E+00   9.3900000E+02   0.0000000E+00   0.0000000E+00   0.0000000E+00   0.0000000E+00   0.0000000E+00
     1.0950000E+03   9.3900000E+02   0.0000000E+00   9.3900000E+02   0.0000000E+00   0.0000000E+00   0.0000000E+00   0.0000000E+00   0.0000000E+00
     1.0960000E+03   9.3900000E+02   0.0000000E+00   9.3900000E+02   0.0000000E+00   0.0000000E+00   0.0000000E+00   0.0000000E+00   0.0000000E+00
     1.0970000E+03   9.3900000E+02   0.0000000E+00   9.3900000E+02   0.0000000E+00   0.0000000E+00   0.0000000E+00   0.0000000E+00   0.0000000E+00
     1.0980000E+03   9.3900024E+02   2.6552434E-04   9.3900024E+02   7.2638710E+01   0.0000000E+00   0.0000000E+00   0.0000000E+00   0.0000000E+00
     1.0990000E+03   9.3900153E+02   1.5160005E-03   9.3900153E+02   1.3248290E+03   0.0000000E+00   0.0000000E+00   0.0000000E+00   0.0000000E+00
     1.1000000E+03   9.3900092E+02   9.2707208E-04   9.3900092E+02   5.8369153E+02   0.0000000E+00   0.0000000E+00   0.0000000E+00   0.0000000E+00
     1.1010000E+03   9.3900092E+02   9.0395997E-04   9.3900092E+02   5.5964105E+02   0.0000000E+00   0.0000000E+00   0.0000000E+00   0.0000000E+00
     1.1020000E+03   9.3900067E+02   6.4700178E-04   9.3900067E+02   3.2050638E+02   0.0000000E+00   0.0000000E+00   0.0000000E+00   0.0000000E+00
     1.1030000E+03   9.3900055E+02   5.7321973E-04   9.3900055E+02   2.6193658E+02   0.0000000E+00   0.0000000E+00   0.0000000E+00   0.0000000E+00
     1.1040000E+03   9.3900049E+02   5.0759612E-04   9.3900049E+02   2.1389047E+02   0.0000000E+00   0.0000000E+00   0.0000000E+00   0.0000000E+00
     1.1050000E+03   9.3900098E+02   9.7302173E-04   9.3900098E+02   6.3270093E+02   0.0000000E+00   0.0000000E+00   0.0000000E+00   0.0000000E+00
     1.1060000E+03   9.3900067E+02   6.4190623E-04   9.3900067E+02   3.1631046E+02   0.0000000E+00   0.0000000E+00   0.0000000E+00   0.0000000E+00
     1.1070000E+03   9.3900055E+02   5.4323243E-04   9.3900055E+02   2.3949899E+02   0.0000000E+00   0.0000000E+00   0.0000000E+00   0.0000000E+00
     1.1080000E+03   9.3900049E+02   4.6855464E-04   9.3900049E+02   1.8718080E+02   0.0000000E+00   0.0000000E+00   0.0000000E+00   0.0000000E+00
     1.1090000E+03   9.3900043E+02   4.0186732E-04   9.3900043E+02   1.4492125E+02   0.0000000E+00   0.0000000E+00   0.0000000E+00   0.0000000E+00
     1.1100000E+03   9.3900031E+02   3.0844958E-04   9.3900031E+02   9.3246925E+01   0.0000000E+00   0.0000000E+00   0.0000000E+00   0.0000000E+00
     1.1110000E+03   9.3900024E+02   2.7430133E-04   9.3900024E+02   7.6684479E+01   0.0000000E+00   0.0000000E+00   0.0000000E+00   0.0000000E+00
     1.1120000E+03   9.3900024E+02   2.4317064E-04   9.3900024E+02   6.2735420E+01   0.0000000E+00   0.0000000E+00   0.0000000E+00   0.0000000E+00
     1.1130000E+03   9.3900024E+02   2.6224175E-04   9.3900024E+02   7.1148209E+01   0.0000000E+00   0.0000000E+00   0.0000000E+00   0.0000000E+00
     1.1140000E+03   9.3900024E+02   2.3248105E-04   9.3900024E+02   5.8206768E+01   0.0000000E+00   0.0000000E+00   0.0000000E+00   0.0000000E+00
     1.1150000E+03   9.3900024E+02   2.1606304E-04   9.3900024E+02   5.1518322E+01   0.0000000E+00   0.0000000E+00   0.0000000E+00   0.0000000E+00
     1.1160000E+03   9.3900018E+02   1.9559816E-04   9.3900018E+02   4.3645103E+01   0.0000000E+00   0.0000000E+00   0.0000000E+00   0.0000000E+00
     1.1170000E+03   9.3900018E+02   1.7596182E-04   9.3900018E+02   3.6589653E+01   0.0000000E+00   0.0000000E+00   0.0000000E+00   0.0000000E+00
     1.1180000E+03   9.3900012E+02   1.5123510E-04   9.3900012E+02   2.8428150E+01   0.0000000E+00   0.0000000E+00   0.0000000E+00   0.0000000E+00
     1.1190000E+03   9.3900006E+02   7.9585392E-05   9.3900006E+02   9.7510157E+00   0.0000000E+00   0.0000000E+00   0.0000000E+00   0.0000000E+00
     1.1200000E+03   9.3900006E+02   8.4047271E-05   9.3900006E+02   1.0679074E+01   0.0000000E+00   0.0000000E+00   0.0000000E+00   0.0000000E+00
     1.1210000E+03   9.3900006E+02   8.4817337E-05   9.3900006E+02   1.0842646E+01   0.0000000E+00   0.0000000E+00   0.0000000E+00   0.0000000E+00
     1.1220000E+03   9.3900006E+02   6.3281281E-05   9.3900006E+02   6.6545649E+00   0.0000000E+00   0.0000000E+00   0.0000000E+00   0.0000000E+00
     1.1230000E+03   9.3900006E+02   7.3877840E-05   9.3900006E+02   8.6135969E+00   0.0000000E+00   0.0000000E+00   0.0000000E+00   0.0000000E+00
     1.1240000E+03   9.3900006E+02   6.6166256E-05   9.3900006E+02   7.1678438E+00   0.0000000E+00   0.0000000E+00   0.0000000E+00   0.0000000E+00
     1.1250000E+03   9.3900006E+02   4.2500484E-05   9.3900006E+02   3.4275520E+00   0.0000000E+00   0.0000000E+00   0.0000000E+00   0.0000000E+00
     1.1260000E+03   9.3900006E+02   4.8403661E-05   9.3900006E+02   4.2572055E+00   0.0000000E+00   0.0000000E+00   0.0000000E+00   0.0000000E+00
     1.1270000E+03   9.3900006E+02   3.0924002E-05   9.3900006E+02   2.0175319E+00   0.0000000E+00   0.0000000E+00   0.0000000E+00   0.0000000E+00
     1.1280000E+03   9.3900000E+02   2.7831726E-05   9.3900000E+02   1.6926265E+00   0.0000000E+00   0.0000000E+00   0.0000000E+00   0.0000000E+00
     1.1290000E+03   9.3900037E+02   3.6326761E-04   9.3900037E+02   1.2247253E+02   0.0000000E+00   0.0000000E+00   0.0000000E+00   0.0000000E+00
     1.1300000E+03   9.3900012E+02   1.2779114E-04   9.3900012E+02   2.1469837E+01   0.0000000E+00   0.0000000E+00   0.0000000E+00   0.0000000E+00
     1.1310000E+03   9.3900153E+02   1.4979475E-03   9.3900153E+02   1.2986393E+03   0.0000000E+00   0.0000000E+00   0.0000000E+00   0.0000000E+00
     1.1320000E+03   9.3900055E+02   5.2895601E-04   9.3900055E+02   2.2910094E+02   0.0000000E+00   0.0000000E+00   0.0000000E+00   0.0000000E+00
     1.1330000E+03   9.3900049E+02   5.0236128E-04   9.3900049E+02   2.1022667E+02   0.0000000E+00   0.0000000E+00   0.0000000E+00   0.0000000E+00
     1.1340000E+03   9.3900043E+02   4.5663695E-04   9.3900043E+02   1.7931337E+02   0.0000000E+00   0.0000000E+00   0.0000000E+00   0.0000000E+00
     1.1350000E+03   9.3900043E+02   4.1684177E-04   9.3900043E+02   1.5403271E+02   0.0000000E+00   0.0000000E+00   0.0000000E+00   0.0000000E+00
     1.1360000E+03   9.3900037E+02   3.8608813E-04   9.3900037E+02   1.3556210E+02   0.0000000E+00   0.0000000E+00   0.0000000E+00   0.0000000E+00
     1.1370000E+03   9.3900049E+02   4.7366408E-04   9.3900049E+02   1.9059506E+02   0.0000000E+00   0.0000000E+00   0.0000000E+00   0.0000000E+00
     1.1380000E+03   9.3900037E+02   3.5560018E-04   9.3900037E+02   1.1819456E+02   0.0000000E+00   0.0000000E+00   0.0000000E+00   0.0000000E+00
     1.1390000E+03   9.3900037E+02   3.4116616E-04   9.3900037E+02   1.1030727E+02   0.0000000E+00   0.0000000E+00   0.0000000E+00   0.0000000E+00
     1.1400000E+03   9.3900037E+02   3.6185689E-04   9.3900037E+02   1.2168087E+02   0.0000000E+00   0.0000000E+00   0.0000000E+00   0.0000000E+00
     1.1410000E+03   9.3900031E+02   3.3338435E-04   9.3900031E+02   1.0614583E+02   0.0000000E+00   0.0000000E+00   0.0000000E+00   0.0000000E+00
     1.1420000E+03   9.3900031E+02   3.1276030E-04   9.3900031E+02   9.5428970E+01   0.0000000E+00   0.0000000E+00   0.0000000E+00   0.0000000E+00
     1.1430000E+03   9.3900043E+02   4.0332635E-04   9.3900043E+02   1.4579922E+02   0.0000000E+00   0.0000000E+00   0.0000000E+00   0.0000000E+00
     1.1440000E+03   9.3900061E+02   5.8598770E-04   9.3900061E+02   2.7173257E+02   0.0000000E+00   0.0000000E+00   0.0000000E+00   0.0000000E+00
     1.1450000E+03   9.3900079E+02   8.0804480E-04   9.3900079E+02   4.6421585E+02   0.0000000E+00   0.0000000E+00   0.0000000E+00   0.0000000E+00
     1.1460000E+03   9.3900092E+02   8.9924439E-04   9.3900092E+02   5.5478381E+02   0.0000000E+00   0.0000000E+00   0.0000000E+00   0.0000000E+00
     1.1470000E+03   9.3900061E+02   5.8998243E-04   9.3900061E+02   2.7482700E+02   0.0000000E+00   0.0000000E+00   0.0000000E+00   0.0000000E+00
     1.1480000E+03   9.3900055E+02   5.4090645E-04   9.3900055E+02   2.3779233E+02   0.0000000E+00   0.0000000E+00   0.0000000E+00   0.0000000E+00
     1.1490000E+03   9.3900061E+02   5.9115031E-04   9.3900061E+02   2.7573428E+02   0.0000000E+00   0.0000000E+00   0.0000000E+00   0.0000000E+00
     1.1500000E+03   9.3900055E+02   5.5580027E-04   9.3900055E+02   2.4880484E+02   0.0000000E+00   0.0000000E+00   0.0000000E+00   0.0000000E+00
     1.1510000E+03   9.3900049E+02   4.7782436E-04   9.3900049E+02   1.9339328E+02   0.0000000E+00   0.0000000E+00   0.0000000E+00   0.0000000E+00
     1.1520000E+03   9.3900043E+02   4.2335005E-04   9.3900043E+02   1.5806180E+02   0.0000000E+00   0.0000000E+00   0.0000000E+00   0.0000000E+00
     1.1530000E+03   9.3900037E+02   3.5026431E-04   9.3900037E+02   1.1525349E+02   0.0000000E+00   0.0000000E+00   0.0000000E+00   0.0000000E+00
     1.1540000E+03   9.3900037E+02   3.4895967E-04   9.3900037E+02   1.1453889E+02   0.0000000E+00   0.0000000E+00   0.0000000E+00   0.0000000E+00
     1.1550000E+03   9.3900031E+02   3.2372266E-04   9.3900031E+02   1.0106857E+02   0.0000000E+00   0.0000000E+00   0.0000000E+00   0.0000000E+00
     1.1560000E+03   9.3900031E+02   3.0511591E-04   9.3900031E+02   9.1573326E+01   0.0000000E+00   0.0000000E+00   0.0000000E+00   0.0000000E+00
     1.1570000E+03   9.3900031E+02   2.9223779E-04   9.3900031E+02   8.5222610E+01   0.0000000E+00   0.0000000E+00   0.0000000E+00   0.0000000E+00
     1.1580000E+03   9.3900024E+02   2.5180785E-04   9.3900024E+02   6.6493065E+01   0.0000000E+00   0.0000000E+00   0.0000000E+00   0.0000000E+00
     1.1590000E+03   9.3900024E+02   2.4076880E-04   9.3900024E+02   6.1706078E+01   0.0000000E+00   0.0000000E+00   0.0000000E+00   0.0000000E+00
     1.1600000E+03   9.3900024E+02   2.3777464E-04   9.3900024E+02   6.0432438E+01   0.0000000E+00   0.0000000E+00   0.0000000E+00   0.0000000E+00
     1.1610000E+03   9.3900024E+02   2.5864542E-04   9.3900024E+02   6.9529472E+01   0.0000000E+00   0.0000000E+00   0.0000000E+00   0.0000000E+00
     1.1620000E+03   9.3900024E+02   2.5442007E-04   9.3900024E+02   6.7646690E+01   0.0000000E+00   0.0000000E+00   0.0000000E+00   0.0000000E+00
     1.1630000E+03   9.3900024E+02   2.4443204E-04   9.3900024E+02   6.3278736E+01   0.0000000E+00   0.0000000E+00   0.0000000E+00   0.0000000E+00
     1.1640000E+03   9.3900024E+02   2.3324593E-04   9.3900024E+02   5.8526291E+01   0.0000000E+00   0.0000000E+00   0.0000000E+00   0.0000000E+00
     1.1650000E+03   9.3900024E+02   2.1771218E-04   9.3900024E+02   5.2175362E+01   0.0000000E+00   0.0000000E+00   0.0000000E+00   0.0000000E+00
     1.1660000E+03   9.3900018E+02   1.8432013E-04   9.3900018E+02   3.9532005E+01   0.0000000E+00   0.0000000E+00   0.0000000E+00   0.0000000E+00
     1.1670000E+03   9.3900018E+02   1.7952056E-04   9.3900018E+02   3.7831299E+01   0.0000000E+00   0.0000000E+00   0.0000000E+00   0.0000000E+00
     1.1680000E+03   9.3900018E+02   1.8304706E-04   9.3900018E+02   3.9077984E+01   0.0000000E+00   0.0000000E+00   0.0000000E+00   0.0000000E+00
     1.1690000E+03   9.3900024E+02   2.1553019E-04   9.3900024E+02   5.1306740E+01   0.0000000E+00   0.0000000E+00   0.0000000E+00   0.0000000E+00
     1.1700000E+03   9.3900049E+02   4.5937856E-04   9.3900049E+02   1.8111125E+02   0.0000000E+00   0.0000000E+00   0.0000000E+00   0.0000000E+00
     1.1710000E+03   9.3900024E+02   2.6955656E-04   9.3900024E+02   7.4486481E+01   0.0000000E+00   0.0000000E+00   0.0000000E+00   0.0000000E+00
     1.1720000E+03   9.3900024E+02   2.6744785E-04   9.3900024E+02   7.3517838E+01   0.0000000E+00   0.0000000E+00   0.0000000E+00   0.0000000E+00
     1.1730000E+03   9.3900024E+02   2.5331671E-04   9.3900024E+02   6.7158447E+01   0.0000000E+00   0.0000000E+00   0.0000000E+00   0.0000000E+00
     1.1740000E+03   9.3900024E+02   2.1529903E-04   9.3900024E+02   5.1215065E+01   0.0000000E+00   0.0000000E+00   0.0000000E+00   0.0000000E+00
     1.1750000E+03   9.3900024E+02   2.3450212E-04   9.3900024E+02   5.9052578E+01   0.0000000E+00   0.0000000E+00   0.0000000E+00   0.0000000E+00
     1.1760000E+03   9.3900018E+02   2.0005362E-04   9.3900018E+02   4.5314610E+01   0.0000000E+00   0.0000000E+00   0.0000000E+00   0.0000000E+00
     1.1770000E+03   9.3900018E+02   1.6670988E-04   9.3900018E+02   3.3439758E+01   0.0000000E+00   0.0000000E+00   0.0000000E+00   0.0000000E+00
     1.1780000E+03   9.3900018E+02   1.6860079E-04   9.3900018E+02   3.4074299E+01   0.0000000E+00   0.0000000E+00   0.0000000E+00   0.0000000E+00
     1.1790000E+03   9.3900018E+02   1.6256615E-04   9.3900018E+02   3.2065975E+01   0.0000000E+00   0.0000000E+00   0.0000000E+00   0.0000000E+00
     1.1800000E+03   9.3900012E+02   1.5048299E-04   9.3900012E+02   2.8192911E+01   0.0000000E+00   0.0000000E+00   0.0000000E+00   0.0000000E+00
     1.1810000E+03   9.3900012E+02   1.4061188E-04   9.3900012E+02   2.5178562E+01   0.0000000E+00   0.0000000E+00   0.0000000E+00   0.0000000E+00
     1.1820000E+03   9.3900012E+02   1.3116564E-04   9.3900012E+02   2.2423033E+01   0.0000000E+00   0.0000000E+00   0.0000000E+00   0.0000000E+00
     1.1830000E+03   9.3900012E+02   1.2388542E-04   9.3900012E+02   2.0387371E+01   0.0000000E+00   0.0000000E+00   0.0000000E+00   0.0000000E+00
     1.1840000E+03   9.3900012E+02   1.1238092E-04   9.3900012E+02   1.7330664E+01   0.0000000E+00   0.0000000E+00   0.0000000E+00   0.0000000E+00
     1.1850000E+03   9.3900012E+02   1.0244827E-04   9.3900012E+02   1.4853722E+01   0.0000000E+00   0.0000000E+00   0.0000000E+00   0.0000000E+00
     1.1860000E+03   9.3900012E+02   9.6623735E-05   9.3900012E+02   1.3473092E+01   0.0000000E+00   0.0000000E+00   0.0000000E+00   0.0000000E+00
     1.1870000E+03   9.3900006E+02   8.6196815E-05   9.3900006E+02   1.1138146E+01   0.0000000E+00   0.0000000E+00   0.0000000E+00   0.0000000E+00
     1.1880000E+03   9.3900006E+02   7.4074407E-05   9.3900006E+02   8.6518278E+00   0.0000000E+00   0.0000000E+00   0.0000000E+00   0.0000000E+00
     1.1890000E+03   9.3900006E+02   6.0651953E-05   9.3900006E+02   6.2001505E+00   0.0000000E+00   0.0000000E+00   0.0000000E+00   0.0000000E+00
     1.1900000E+03   9.3900006E+02   4.8896476E-05   9.3900006E+02   4.3296905E+00   0.0000000E+00   0.0000000E+00   0.0000000E+00   0.0000000E+00
     1.1910000E+03   9.3900006E+02   3.5605746E-05   9.3900006E+02   2.5518849E+00   0.0000000E+00   0.0000000E+00   0.0000000E+00   0.0000000E+00
     1.1920000E+03   9.3900000E+02   2.4249783E-05   9.3900000E+02   1.3453666E+00   0.0000000E+00   0.0000000E+00   0.0000000E+00   0.0000000E+00
     1.1930000E+03   9.3900000E+02   1.5435488E-05   9.3900000E+02   6.3366759E-01   0.0000000E+00   0.0000000E+00   0.0000000E+00   0.0000000E+00
     1.1940000E+03   9.3900000E+02   9.9944627E-06   9.3900000E+02   3.0708587E-01   0.0000000E+00   0.0000000E+00   0.0000000E+00   0.0000000E+00
     1.1950000E+03   9.3900000E+02   6.0307166E-06   9.3900000E+02   1.0086088E-01   0.0000000E+00   0.0000000E+00   0.0000000E+00   0.0000000E+00
     1.1960000E+03   9.3900000E+02   0.0000000E+00   9.3900000E+02   0.0000000E+00   0.0000000E+00   0.0000000E+00   0.0000000E+00   0.0000000E+00
     1.1970000E+03   9.3900000E+02   0.0000000E+00   9.3900000E+02   0.0000000E+00   0.0000000E+00   0.0000000E+00   0.0000000E+00   0.0000000E+00
     1.1980000E+03   9.3900000E+02   0.0000000E+00   9.3900000E+02   0.0000000E+00   0.0000000E+00   0.0000000E+00   0.0000000E+00   0.0000000E+00
     1.1990000E+03   9.3900000E+02   0.0000000E+00   9.3900000E+02   0.0000000E+00   0.0000000E+00   0.0000000E+00   0.0000000E+00   0.0000000E+00
     1.2000000E+03   9.3900000E+02   0.0000000E+00   9.3900000E+02   0.0000000E+00   0.0000000E+00   0.0000000E+00   0.0000000E+00   0.0000000E+00
     1.2010000E+03   9.3900000E+02   0.0000000E+00   9.3900000E+02   0.0000000E+00   0.0000000E+00   0.0000000E+00   0.0000000E+00   0.0000000E+00
     1.2020000E+03   9.3900000E+02   0.0000000E+00   9.3900000E+02   0.0000000E+00   0.0000000E+00   0.0000000E+00   0.0000000E+00   0.0000000E+00
     1.2030000E+03   9.3900000E+02   0.0000000E+00   9.3900000E+02   0.0000000E+00   0.0000000E+00   0.0000000E+00   0.0000000E+00   0.0000000E+00
     1.2040000E+03   9.3900000E+02   0.0000000E+00   9.3900000E+02   0.0000000E+00   0.0000000E+00   0.0000000E+00   0.0000000E+00   0.0000000E+00
     1.2050000E+03   9.3900000E+02   0.0000000E+00   9.3900000E+02   0.0000000E+00   0.0000000E+00   0.0000000E+00   0.0000000E+00   0.0000000E+00
     1.2060000E+03   9.3900018E+02   2.0572018E-04   9.3900018E+02   4.7473991E+01   0.0000000E+00   0.0000000E+00   0.0000000E+00   0.0000000E+00
     1.2070000E+03   9.3900293E+02   2.9523713E-03   9.3900293E+02   4.0235791E+03   0.0000000E+00   0.0000000E+00   0.0000000E+00   0.0000000E+00
     1.2080000E+03   9.3900085E+02   8.5759233E-04   9.3900085E+02   5.1262018E+02   0.0000000E+00   0.0000000E+00   0.0000000E+00   0.0000000E+00
     1.2090000E+03   9.3900128E+02   1.2669333E-03   9.3900128E+02   9.8231433E+02   0.0000000E+00   0.0000000E+00   0.0000000E+00   0.0000000E+00
     1.2100000E+03   9.3900134E+02   1.3180253E-03   9.3900134E+02   1.0492214E+03   0.0000000E+00   0.0000000E+00   0.0000000E+00   0.0000000E+00
     1.2110000E+03   9.3900079E+02   7.9761964E-04   9.3900079E+02   4.5427689E+02   0.0000000E+00   0.0000000E+00   0.0000000E+00   0.0000000E+00
     1.2120000E+03   9.3900067E+02   6.8488484E-04   9.3900067E+02   3.5238992E+02   0.0000000E+00   0.0000000E+00   0.0000000E+00   0.0000000E+00
     1.2130000E+03   9.3900061E+02   5.9576787E-04   9.3900061E+02   2.7933328E+02   0.0000000E+00   0.0000000E+00   0.0000000E+00   0.0000000E+00
     1.2140000E+03   9.3900055E+02   5.2295299E-04   9.3900055E+02   2.2478395E+02   0.0000000E+00   0.0000000E+00   0.0000000E+00   0.0000000E+00
     1.2150000E+03   9.3900043E+02   4.5727886E-04   9.3900043E+02   1.7973367E+02   0.0000000E+00   0.0000000E+00   0.0000000E+00   0.0000000E+00
     1.2160000E+03   9.3900043E+02   3.9801747E-04   9.3900043E+02   1.4261476E+02   0.0000000E+00   0.0000000E+00   0.0000000E+00   0.0000000E+00
     1.2170000E+03   9.3900037E+02   3.5207946E-04   9.3900037E+02   1.1625065E+02   0.0000000E+00   0.0000000E+00   0.0000000E+00   0.0000000E+00
     1.2180000E+03   9.3900031E+02   3.1429320E-04   9.3900031E+02   9.6209778E+01   0.0000000E+00   0.0000000E+00   0.0000000E+00   0.0000000E+00
     1.2190000E+03   9.3900024E+02   2.6085632E-04   9.3900024E+02   7.0522850E+01   0.0000000E+00   0.0000000E+00   0.0000000E+00   0.0000000E+00
     1.2200000E+03   9.3900024E+02   2.3868465E-04   9.3900024E+02   6.0818405E+01   0.0000000E+00   0.0000000E+00   0.0000000E+00   0.0000000E+00
     1.2210000E+03   9.3900024E+02   2.3596892E-04   9.3900024E+02   5.9669479E+01   0.0000000E+00   0.0000000E+00   0.0000000E+00   0.0000000E+00
     1.2220000E+03   9.3900018E+02   2.0841022E-04   9.3900018E+02   4.8513126E+01   0.0000000E+00   0.0000000E+00   0.0000000E+00   0.0000000E+00
     1.2230000E+03   9.3900018E+02   1.8308136E-04   9.3900018E+02   3.9090187E+01   0.0000000E+00   0.0000000E+00   0.0000000E+00   0.0000000E+00
     1.2240000E+03   9.3900037E+02   3.3854318E-04   9.3900037E+02   1.0889744E+02   0.0000000E+00   0.0000000E+00   0.0000000E+00   0.0000000E+00
     1.2250000E+03   9.3900018E+02   2.0928877E-04   9.3900018E+02   4.8854450E+01   0.0000000E+00   0.0000000E+00   0.0000000E+00   0.0000000E+00
     1.2260000E+03   9.3900012E+02   1.4688069E-04   9.3900012E+02   2.7077093E+01   0.0000000E+00   0.0000000E+00   0.0000000E+00   0.0000000E+00
     1.2270000E+03   9.3900012E+02   1.2624971E-04   9.3900012E+02   2.1039959E+01   0.0000000E+00   0.0000000E+00   0.0000000E+00   0.0000000E+00
     1.2280000E+03   9.3900043E+02   4.3870969E-04   9.3900043E+02   1.6773471E+02   0.0000000E+00   0.0000000E+00   0.0000000E+00   0.0000000E+00
     1.2290000E+03   9.3900024E+02   2.3609209E-04   9.3900024E+02   5.9721397E+01   0.0000000E+00   0.0000000E+00   0.0000000E+00   0.0000000E+00
     1.2300000E+03   9.3900085E+02   8.4283011E-04   9.3900085E+02   4.9799808E+02   0.0000000E+00   0.0000000E+00   0.0000000E+00   0.0000000E+00
     1.2310000E+03   9.3900214E+02   2.1328067E-03   9.3900214E+02   2.3401663E+03   0.0000000E+00   0.0000000E+00   0.0000000E+00   0.0000000E+00
     1.2320000E+03   9.3900098E+02   9.5402793E-04   9.3900098E+02   6.1225085E+02   0.0000000E+00   0.0000000E+00   0.0000000E+00   0.0000000E+00
     1.2330000E+03   9.3900067E+02   6.5641978E-04   9.3900067E+02   3.2831976E+02   0.0000000E+00   0.0000000E+00   0.0000000E+00   0.0000000E+00
     1.2340000E+03   9.3900055E+02   5.7311245E-04   9.3900055E+02   2.6185489E+02   0.0000000E+00   0.0000000E+00   0.0000000E+00   0.0000000E+00
     1.2350000E+03   9.3900049E+02   5.0111039E-04   9.3900049E+02   2.0935495E+02   0.0000000E+00   0.0000000E+00   0.0000000E+00   0.0000000E+00
     1.2360000E+03   9.3900043E+02   4.3826169E-04   9.3900043E+02   1.6744933E+02   0.0000000E+00   0.0000000E+00   0.0000000E+00   0.0000000E+00
     1.2370000E+03   9.3900037E+02   3.7093839E-04   9.3900037E+02   1.2681303E+02   0.0000000E+00   0.0000000E+00   0.0000000E+00   0.0000000E+00
     1.2380000E+03   9.3900031E+02   3.3298126E-04   9.3900031E+02   1.0593201E+02   0.0000000E+00   0.0000000E+00   0.0000000E+00   0.0000000E+00
     1.2390000E+03   9.3900031E+02   2.9384333E-04   9.3900031E+02   8.6004387E+01   0.0000000E+00   0.0000000E+00   0.0000000E+00   0.0000000E+00
     1.2400000E+03   9.3900024E+02   2.4985062E-04   9.3900024E+02   6.5633919E+01   0.0000000E+00   0.0000000E+00   0.0000000E+00   0.0000000E+00
     1.2410000E+03   9.3900018E+02   2.0606081E-04   9.3900018E+02   4.7605076E+01   0.0000000E+00   0.0000000E+00   0.0000000E+00   0.0000000E+00
     1.2420000E+03   9.3900018E+02   1.7407311E-04   9.3900018E+02   3.5937431E+01   0.0000000E+00   0.0000000E+00   0.0000000E+00   0.0000000E+00
     1.2430000E+03   9.3900012E+02   1.4429496E-04   9.3900012E+02   2.6287310E+01   0.0000000E+00   0.0000000E+00   0.0000000E+00   0.0000000E+00
     1.2440000E+03   9.3900012E+02   1.2734365E-04   9.3900012E+02   2.1344683E+01   0.0000000E+00   0.0000000E+00   0.0000000E+00   0.0000000E+00
     1.2450000E+03   9.3900012E+02   1.3039113E-04   9.3900012E+02   2.2202793E+01   0.0000000E+00   0.0000000E+00   0.0000000E+00   0.0000000E+00
     1.2460000E+03   9.3900110E+02   1.1172913E-03   9.3900110E+02   7.9665741E+02   0.0000000E+00   0.0000000E+00   0.0000000E+00   0.0000000E+00
     1.2470000E+03   9.3900055E+02   5.5603177E-04   9.3900055E+02   2.4897757E+02   0.0000000E+00   0.0000000E+00   0.0000000E+00   0.0000000E+00
     1.2480000E+03   9.3900140E+02   1.4102698E-03   9.3900140E+02   1.1744410E+03   0.0000000E+00   0.0000000E+00   0.0000000E+00   0.0000000E+00
     1.2490000E+03   9.3900049E+02   5.0942239E-04   9.3900049E+02   2.1517456E+02   0.0000000E+00   0.0000000E+00   0.0000000E+00   0.0000000E+00
     1.2500000E+03   9.3900043E+02   4.3124103E-04   9.3900043E+02   1.6300253E+02   0.0000000E+00   0.0000000E+00   0.0000000E+00   0.0000000E+00
     1.2510000E+03   9.3900037E+02   3.5557515E-04   9.3900037E+02   1.1818071E+02   0.0000000E+00   0.0000000E+00   0.0000000E+00   0.0000000E+00
     1.2520000E+03   9.3900079E+02   7.9026271E-04   9.3900079E+02   4.4731491E+02   0.0000000E+00   0.0000000E+00   0.0000000E+00   0.0000000E+00
     1.2530000E+03   9.3900031E+02   3.3420348E-04   9.3900031E+02   1.0658086E+02   0.0000000E+00   0.0000000E+00   0.0000000E+00   0.0000000E+00
     1.2540000E+03   9.3900031E+02   3.0048072E-04   9.3900031E+02   8.9266525E+01   0.0000000E+00   0.0000000E+00   0.0000000E+00   0.0000000E+00
     1.2550000E+03   9.3900024E+02   2.5728732E-04   9.3900024E+02   6.8922050E+01   0.0000000E+00   0.0000000E+00   0.0000000E+00   0.0000000E+00
     1.2560000E+03   9.3900018E+02   2.1044210E-04   9.3900018E+02   4.9303978E+01   0.0000000E+00   0.0000000E+00   0.0000000E+00   0.0000000E+00
     1.2570000E+03   9.3900018E+02   1.7093547E-04   9.3900018E+02   3.4864323E+01   0.0000000E+00   0.0000000E+00   0.0000000E+00   0.0000000E+00
     1.2580000E+03   9.3900012E+02   1.4318095E-04   9.3900012E+02   2.5949938E+01   0.0000000E+00   0.0000000E+00   0.0000000E+00   0.0000000E+00
     1.2590000E+03   9.3900012E+02   1.0496692E-04   9.3900012E+02   1.5467316E+01   0.0000000E+00   0.0000000E+00   0.0000000E+00   0.0000000E+00
     1.2600000E+03   9.3900122E+02   1.1943566E-03   9.3900122E+02   8.9032990E+02   0.0000000E+00   0.0000000E+00   0.0000000E+00   0.0000000E+00
     1.2610000E+03   9.3900079E+02   7.6979445E-04   9.3900079E+02   4.2817261E+02   0.0000000E+00   0.0000000E+00   0.0000000E+00   0.0000000E+00
     1.2620000E+03   9.3900043E+02   4.3615719E-04   9.3900043E+02   1.6611134E+02   0.0000000E+00   0.0000000E+00   0.0000000E+00   0.0000000E+00
     1.2630000E+03   9.3900366E+02   3.6730615E-03   9.3900366E+02   5.7903911E+03   0.0000000E+00   0.0000000E+00   0.0000000E+00   0.0000000E+00
     1.2640000E+03   9.3900159E+02   1.5775791E-03   9.3900159E+02   1.4157268E+03   0.0000000E+00   0.0000000E+00   0.0000000E+00   0.0000000E+00
     1.2650000E+03   9.3900110E+02   1.0866191E-03   9.3900110E+02   7.6054193E+02   0.0000000E+00   0.0000000E+00   0.0000000E+00   0.0000000E+00
     1.2660000E+03   9.3900092E+02   9.2242385E-04   9.3900092E+02   5.7882208E+02   0.0000000E+00   0.0000000E+00   0.0000000E+00   0.0000000E+00
     1.2670000E+03   9.3900079E+02   7.7007624E-04   9.3900079E+02   4.2843387E+02   0.0000000E+00   0.0000000E+00   0.0000000E+00   0.0000000E+00
     1.2680000E+03   9.3900067E+02   6.4303516E-04   9.3900067E+02   3.1723816E+02   0.0000000E+00   0.0000000E+00   0.0000000E+00   0.0000000E+00
     1.2690000E+03   9.3900055E+02   5.4056488E-04   9.3900055E+02   2.3754210E+02   0.0000000E+00   0.0000000E+00   0.0000000E+00   0.0000000E+00
     1.2700000E+03   9.3900049E+02   4.6764745E-04   9.3900049E+02   1.8657718E+02   0.0000000E+00   0.0000000E+00   0.0000000E+00   0.0000000E+00
     1.2710000E+03   9.3900403E+02   4.0073926E-03   9.3900403E+02   6.6952075E+03   0.0000000E+00   0.0000000E+00   0.0000000E+00   0.0000000E+00
     1.2720000E+03   9.3900153E+02   1.5116981E-03   9.3900153E+02   1.3185685E+03   0.0000000E+00   0.0000000E+00   0.0000000E+00   0.0000000E+00
     1.2730000E+03   9.3900116E+02   1.1876557E-03   9.3900116E+02   8.8202020E+02   0.0000000E+00   0.0000000E+00   0.0000000E+00   0.0000000E+00
     1.2740000E+03   9.3900201E+02   2.0420090E-03   9.3900201E+02   2.1764915E+03   0.0000000E+00   0.0000000E+00   0.0000000E+00   0.0000000E+00
     1.2750000E+03   9.3900116E+02   1.1428292E-03   9.3900116E+02   8.2723669E+02   0.0000000E+00   0.0000000E+00   0.0000000E+00   0.0000000E+00
     1.2760000E+03   9.3900085E+02   8.3380146E-04   9.3900085E+02   4.8913864E+02   0.0000000E+00   0.0000000E+00   0.0000000E+00   0.0000000E+00
     1.2770000E+03   9.3900067E+02   6.8148592E-04   9.3900067E+02   3.4948004E+02   0.0000000E+00   0.0000000E+00   0.0000000E+00   0.0000000E+00
     1.2780000E+03   9.3900494E+02   4.9315114E-03   9.3900494E+02   9.4615215E+03   0.0000000E+00   0.0000000E+00   0.0000000E+00   0.0000000E+00
     1.2790000E+03   9.3900177E+02   1.7424916E-03   9.3900177E+02   1.6708806E+03   0.0000000E+00   0.0000000E+00   0.0000000E+00   0.0000000E+00
     1.2800000E+03   9.3900128E+02   1.2544630E-03   9.3900128E+02   9.6625250E+02   0.0000000E+00   0.0000000E+00   0.0000000E+00   0.0000000E+00
     1.2810000E+03   9.3900128E+02   1.3106019E-03   9.3900128E+02   1.0393910E+03   0.0000000E+00   0.0000000E+00   0.0000000E+00   0.0000000E+00
     1.2820000E+03   9.3900085E+02   8.6932146E-04   9.3900085E+02   5.2435840E+02   0.0000000E+00   0.0000000E+00   0.0000000E+00   0.0000000E+00
     1.2830000E+03   9.3900073E+02   7.2180363E-04   9.3900073E+02   3.8461484E+02   0.0000000E+00   0.0000000E+00   0.0000000E+00   0.0000000E+00
     1.2840000E+03   9.3900061E+02   6.0437882E-04   9.3900061E+02   2.8609457E+02   0.0000000E+00   0.0000000E+00   0.0000000E+00   0.0000000E+00
     1.2850000E+03   9.3900049E+02   4.9688620E-04   9.3900049E+02   2.0642191E+02   0.0000000E+00   0.0000000E+00   0.0000000E+00   0.0000000E+00
     1.2860000E+03   9.3900037E+02   3.9491738E-04   9.3900037E+02   1.4076823E+02   0.0000000E+00   0.0000000E+00   0.0000000E+00   0.0000000E+00
     1.2870000E+03   9.3900031E+02   3.0791078E-04   9.3900031E+02   9.2975624E+01   0.0000000E+00   0.0000000E+00   0.0000000E+00   0.0000000E+00
     1.2880000E+03   9.3900171E+02   1.7324579E-03   9.3900171E+02   1.6548757E+03   0.0000000E+00   0.0000000E+00   0.0000000E+00   0.0000000E+00
     1.2890000E+03   9.3900476E+02   4.7458741E-03   9.3900476E+02   8.8753994E+03   0.0000000E+00   0.0000000E+00   0.0000000E+00   0.0000000E+00
     1.2900000E+03   9.3901324E+02   1.3231120E-02   9.3901324E+02   4.9014199E+04   0.0000000E+00   0.0000000E+00   0.0000000E+00   0.0000000E+00
     1.2910000E+03   9.3900439E+02   4.4000037E-03   9.3900439E+02   7.8237686E+03   0.0000000E+00   0.0000000E+00   0.0000000E+00   0.0000000E+00
     1.2920000E+03   9.3900299E+02   2.9972047E-03   9.3900299E+02   4.1259272E+03   0.0000000E+00   0.0000000E+00   0.0000000E+00   0.0000000E+00
     1.2930000E+03   9.3900214E+02   2.1107262E-03   9.3900214E+02   2.2999270E+03   0.0000000E+00   0.0000000E+00   0.0000000E+00   0.0000000E+00
     1.2940000E+03   9.3900140E+02   1.4050414E-03   9.3900140E+02   1.1671934E+03   0.0000000E+00   0.0000000E+00   0.0000000E+00   0.0000000E+00
     1.2950000E+03   9.3900098E+02   9.4790553E-04   9.3900098E+02   6.0571643E+02   0.0000000E+00   0.0000000E+00   0.0000000E+00   0.0000000E+00
     1.2960000E+03   9.3900067E+02   6.8408879E-04   9.3900067E+02   3.5170755E+02   0.0000000E+00   0.0000000E+00   0.0000000E+00   0.0000000E+00
     1.2970000E+03   9.3900049E+02   5.0320401E-04   9.3900049E+02   2.1081479E+02   0.0000000E+00   0.0000000E+00   0.0000000E+00   0.0000000E+00
     1.2980000E+03   9.3900037E+02   3.5953420E-04   9.3900037E+02   1.2038191E+02   0.0000000E+00   0.0000000E+00   0.0000000E+00   0.0000000E+00
     1.2990000E+03   9.3900024E+02   2.2755023E-04   9.3900024E+02   5.6163784E+01   0.0000000E+00   0.0000000E+00   0.0000000E+00   0.0000000E+00
     1.3000000E+03   9.3900012E+02   1.1067921E-04   9.3900012E+02   1.6895498E+01   0.0000000E+00   0.0000000E+00   0.0000000E+00   0.0000000E+00
     1.3010000E+03   9.3900006E+02   3.8875347E-05   9.3900006E+02   2.9542782E+00   0.0000000E+00   0.0000000E+00   0.0000000E+00   0.0000000E+00
     1.3020000E+03   9.3900000E+02   5.8929209E-06   9.3900000E+02   9.4603293E-02   0.0000000E+00   0.0000000E+00   0.0000000E+00   0.0000000E+00
     1.3030000E+03   9.3900153E+02   1.5322755E-03   9.3900153E+02   1.3486182E+03   0.0000000E+00   0.0000000E+00   0.0000000E+00   0.0000000E+00
     1.3040000E+03   9.3900049E+02   4.9966958E-04   9.3900049E+02   2.0835269E+02   0.0000000E+00   0.0000000E+00   0.0000000E+00   0.0000000E+00
     1.3050000E+03   9.3900012E+02   1.4653293E-04   9.3900012E+02   2.6970331E+01   0.0000000E+00   0.0000000E+00   0.0000000E+00   0.0000000E+00
     1.3060000E+03   9.3900012E+02   9.3256764E-05   9.3900012E+02   1.2699739E+01   0.0000000E+00   0.0000000E+00   0.0000000E+00   0.0000000E+00
     1.3070000E+03   9.3900006E+02   4.3341377E-05   9.3900006E+02   3.5413218E+00   0.0000000E+00   0.0000000E+00   0.0000000E+00   0.0000000E+00
     1.3080000E+03   9.3900000E+02   7.6170991E-06   9.3900000E+02   1.8073758E-01   0.0000000E+00   0.0000000E+00   0.0000000E+00   0.0000000E+00
     1.3090000E+03   9.3900000E+02   0.0000000E+00   9.3900000E+02   0.0000000E+00   0.0000000E+00   0.0000000E+00   0.0000000E+00   0.0000000E+00
     1.3100000E+03   9.3900000E+02   0.0000000E+00   9.3900000E+02   0.0000000E+00   0.0000000E+00   0.0000000E+00   0.0000000E+00   0.0000000E+00
     1.3110000E+03   9.3900000E+02   0.0000000E+00   9.3900000E+02   0.0000000E+00   0.0000000E+00   0.0000000E+00   0.0000000E+00   0.0000000E+00
     1.3120000E+03   9.3900000E+02   0.0000000E+00   9.3900000E+02   0.0000000E+00   0.0000000E+00   0.0000000E+00   0.0000000E+00   0.0000000E+00
     1.3130000E+03   9.3900000E+02   0.0000000E+00   9.3900000E+02   0.0000000E+00   0.0000000E+00   0.0000000E+00   0.0000000E+00   0.0000000E+00
     1.3140000E+03   9.3900000E+02   0.0000000E+00   9.3900000E+02   0.0000000E+00   0.0000000E+00   0.0000000E+00   0.0000000E+00   0.0000000E+00
     1.3150000E+03   9.3900000E+02   0.0000000E+00   9.3900000E+02   0.0000000E+00   0.0000000E+00   0.0000000E+00   0.0000000E+00   0.0000000E+00
     1.3160000E+03   9.3900000E+02   0.0000000E+00   9.3900000E+02   0.0000000E+00   0.0000000E+00   0.0000000E+00   0.0000000E+00   0.0000000E+00
     1.3170000E+03   9.3900000E+02   0.0000000E+00   9.3900000E+02   0.0000000E+00   0.0000000E+00   0.0000000E+00   0.0000000E+00   0.0000000E+00
     1.3180000E+03   9.3900000E+02   0.0000000E+00   9.3900000E+02   0.0000000E+00   0.0000000E+00   0.0000000E+00   0.0000000E+00   0.0000000E+00
     1.3190000E+03   9.3900000E+02   0.0000000E+00   9.3900000E+02   0.0000000E+00   0.0000000E+00   0.0000000E+00   0.0000000E+00   0.0000000E+00
     1.3200000E+03   9.3900000E+02   0.0000000E+00   9.3900000E+02   0.0000000E+00   0.0000000E+00   0.0000000E+00   0.0000000E+00   0.0000000E+00
     1.3210000E+03   9.3900000E+02   0.0000000E+00   9.3900000E+02   0.0000000E+00   0.0000000E+00   0.0000000E+00   0.0000000E+00   0.0000000E+00
     1.3220000E+03   9.3900000E+02   0.0000000E+00   9.3900000E+02   0.0000000E+00   0.0000000E+00   0.0000000E+00   0.0000000E+00   0.0000000E+00
     1.3230000E+03   9.3900000E+02   0.0000000E+00   9.3900000E+02   0.0000000E+00   0.0000000E+00   0.0000000E+00   0.0000000E+00   0.0000000E+00
     1.3240000E+03   9.3900000E+02   0.0000000E+00   9.3900000E+02   0.0000000E+00   0.0000000E+00   0.0000000E+00   0.0000000E+00   0.0000000E+00
     1.3250000E+03   9.3900000E+02   0.0000000E+00   9.3900000E+02   0.0000000E+00   0.0000000E+00   0.0000000E+00   0.0000000E+00   0.0000000E+00
     1.3260000E+03   9.3900000E+02   0.0000000E+00   9.3900000E+02   0.0000000E+00   0.0000000E+00   0.0000000E+00   0.0000000E+00   0.0000000E+00
     1.3270000E+03   9.3900000E+02   0.0000000E+00   9.3900000E+02   0.0000000E+00   0.0000000E+00   0.0000000E+00   0.0000000E+00   0.0000000E+00
     1.3280000E+03   9.3900006E+02   6.2829444E-05   9.3900006E+02   6.5755625E+00   0.0000000E+00   0.0000000E+00   0.0000000E+00   0.0000000E+00
     1.3290000E+03   9.3900012E+02   1.2062380E-04   9.3900012E+02   1.9500658E+01   0.0000000E+00   0.0000000E+00   0.0000000E+00   0.0000000E+00
     1.3300000E+03   9.3900024E+02   2.1529441E-04   9.3900024E+02   5.1213226E+01   0.0000000E+00   0.0000000E+00   0.0000000E+00   0.0000000E+00
     1.3310000E+03   9.3900031E+02   2.9343416E-04   9.3900031E+02   8.5804893E+01   0.0000000E+00   0.0000000E+00   0.0000000E+00   0.0000000E+00
     1.3320000E+03   9.3900037E+02   3.8050945E-04   9.3900037E+02   1.3231325E+02   0.0000000E+00   0.0000000E+00   0.0000000E+00   0.0000000E+00
     1.3330000E+03   9.3900043E+02   4.5443955E-04   9.3900043E+02   1.7787753E+02   0.0000000E+00   0.0000000E+00   0.0000000E+00   0.0000000E+00
     1.3340000E+03   9.3900055E+02   5.3119869E-04   9.3900055E+02   2.3072212E+02   0.0000000E+00   0.0000000E+00   0.0000000E+00   0.0000000E+00
     1.3350000E+03   9.3900061E+02   5.8999658E-04   9.3900061E+02   2.7483798E+02   0.0000000E+00   0.0000000E+00   0.0000000E+00   0.0000000E+00
     1.3360000E+03   9.3900067E+02   6.4134464E-04   9.3900067E+02   3.1584937E+02   0.0000000E+00   0.0000000E+00   0.0000000E+00   0.0000000E+00
     1.3370000E+03   9.3900067E+02   6.7608239E-04   9.3900067E+02   3.4487387E+02   0.0000000E+00   0.0000000E+00   0.0000000E+00   0.0000000E+00
     1.3380000E+03   9.3900067E+02   6.8239402E-04   9.3900067E+02   3.5025656E+02   0.0000000E+00   0.0000000E+00   0.0000000E+00   0.0000000E+00
     1.3390000E+03   9.3900067E+02   6.7327265E-04   9.3900067E+02   3.4248837E+02   0.0000000E+00   0.0000000E+00   0.0000000E+00   0.0000000E+00
     1.3400000E+03   9.3900067E+02   6.5943541E-04   9.3900067E+02   3.3083746E+02   0.0000000E+00   0.0000000E+00   0.0000000E+00   0.0000000E+00
     1.3410000E+03   9.3900067E+02   6.6756847E-04   9.3900067E+02   3.3766595E+02   0.0000000E+00   0.0000000E+00   0.0000000E+00   0.0000000E+00
     1.3420000E+03   9.3900073E+02   7.0572132E-04   9.3900073E+02   3.7043866E+02   0.0000000E+00   0.0000000E+00   0.0000000E+00   0.0000000E+00
     1.3430000E+03   9.3900140E+02   1.3736059E-03   9.3900140E+02   1.1239952E+03   0.0000000E+00   0.0000000E+00   0.0000000E+00   0.0000000E+00
     1.3440000E+03   9.3900098E+02   9.8999834E-04   9.3900098E+02   6.5120599E+02   0.0000000E+00   0.0000000E+00   0.0000000E+00   0.0000000E+00
     1.3450000E+03   9.3900098E+02   9.6022960E-04   9.3900098E+02   6.1889844E+02   0.0000000E+00   0.0000000E+00   0.0000000E+00   0.0000000E+00
     1.3460000E+03   9.3900092E+02   9.1391482E-04   9.3900092E+02   5.6995044E+02   0.0000000E+00   0.0000000E+00   0.0000000E+00   0.0000000E+00
     1.3470000E+03   9.3900092E+02   8.8927086E-04   9.3900092E+02   5.4456659E+02   0.0000000E+00   0.0000000E+00   0.0000000E+00   0.0000000E+00
     1.3480000E+03   9.3900085E+02   8.5939490E-04   9.3900085E+02   5.1441724E+02   0.0000000E+00   0.0000000E+00   0.0000000E+00   0.0000000E+00
     1.3490000E+03   9.3900079E+02   8.1865577E-04   9.3900079E+02   4.7442014E+02   0.0000000E+00   0.0000000E+00   0.0000000E+00   0.0000000E+00
     1.3500000E+03   9.3900073E+02   7.5212790E-04   9.3900073E+02   4.1192081E+02   0.0000000E+00   0.0000000E+00   0.0000000E+00   0.0000000E+00
     1.3510000E+03   9.3900073E+02   7.1974820E-04   9.3900073E+02   3.8279114E+02   0.0000000E+00   0.0000000E+00   0.0000000E+00   0.0000000E+00
     1.3520000E+03   9.3900067E+02   6.7431742E-04   9.3900067E+02   3.4337460E+02   0.0000000E+00   0.0000000E+00   0.0000000E+00   0.0000000E+00
     1.3530000E+03   9.3900067E+02   6.5355492E-04   9.3900067E+02   3.2593503E+02   0.0000000E+00   0.0000000E+00   0.0000000E+00   0.0000000E+00
     1.3540000E+03   9.3900061E+02   6.1807706E-04   9.3900061E+02   2.9698325E+02   0.0000000E+00   0.0000000E+00   0.0000000E+00   0.0000000E+00
     1.3550000E+03   9.3900061E+02   5.8881723E-04   9.3900061E+02   2.7392294E+02   0.0000000E+00   0.0000000E+00   0.0000000E+00   0.0000000E+00
     1.3560000E+03   9.3900055E+02   5.3659338E-04   9.3900055E+02   2.3464058E+02   0.0000000E+00   0.0000000E+00   0.0000000E+00   0.0000000E+00
     1.3570000E+03   9.3900049E+02   5.0928118E-04   9.3900049E+02   2.1507516E+02   0.0000000E+00   0.0000000E+00   0.0000000E+00   0.0000000E+00
     1.3580000E+03   9.3900049E+02   5.0950958E-04   9.3900049E+02   2.1523598E+02   0.0000000E+00   0.0000000E+00   0.0000000E+00   0.0000000E+00
     1.3590000E+03   9.3900055E+02   5.2232225E-04   9.3900055E+02   2.2433231E+02   0.0000000E+00   0.0000000E+00   0.0000000E+00   0.0000000E+00
     1.3600000E+03   9.3900049E+02   5.1252212E-04   9.3900049E+02   2.1736116E+02   0.0000000E+00   0.0000000E+00   0.0000000E+00   0.0000000E+00
     1.3610000E+03   9.3900055E+02   5.4472021E-04   9.3900055E+02   2.4059323E+02   0.0000000E+00   0.0000000E+00   0.0000000E+00   0.0000000E+00
     1.3620000E+03   9.3900055E+02   5.7038938E-04   9.3900055E+02   2.5978452E+02   0.0000000E+00   0.0000000E+00   0.0000000E+00   0.0000000E+00
     1.3630000E+03   9.3900061E+02   5.9335993E-04   9.3900061E+02   2.7745416E+02   0.0000000E+00   0.0000000E+00   0.0000000E+00   0.0000000E+00
     1.3640000E+03   9.3900061E+02   5.9231889E-04   9.3900061E+02   2.7664334E+02   0.0000000E+00   0.0000000E+00   0.0000000E+00   0.0000000E+00
     1.3650000E+03   9.3900061E+02   5.8586488E-04   9.3900061E+02   2.7163766E+02   0.0000000E+00   0.0000000E+00   0.0000000E+00   0.0000000E+00
     1.3660000E+03   9.3900055E+02   5.6529860E-04   9.3900055E+02   2.5593169E+02   0.0000000E+00   0.0000000E+00   0.0000000E+00   0.0000000E+00
     1.3670000E+03   9.3900055E+02   5.5222458E-04   9.3900055E+02   2.4614281E+02   0.0000000E+00   0.0000000E+00   0.0000000E+00   0.0000000E+00
     1.3680000E+03   9.3900055E+02   5.3540192E-04   9.3900055E+02   2.3377287E+02   0.0000000E+00   0.0000000E+00   0.0000000E+00   0.0000000E+00
     1.3690000E+03   9.3900055E+02   5.3322420E-04   9.3900055E+02   2.3219025E+02   0.0000000E+00   0.0000000E+00   0.0000000E+00   0.0000000E+00
     1.3700000E+03   9.3900049E+02   5.1555393E-04   9.3900049E+02   2.1950838E+02   0.0000000E+00   0.0000000E+00   0.0000000E+00   0.0000000E+00
     1.3710000E+03   9.3900049E+02   5.0001330E-04   9.3900049E+02   2.0859160E+02   0.0000000E+00   0.0000000E+00   0.0000000E+00   0.0000000E+00
     1.3720000E+03   9.3900049E+02   4.7446275E-04   9.3900049E+02   1.9113100E+02   0.0000000E+00   0.0000000E+00   0.0000000E+00   0.0000000E+00
     1.3730000E+03   9.3900049E+02   4.6190963E-04   9.3900049E+02   1.8277744E+02   0.0000000E+00   0.0000000E+00   0.0000000E+00   0.0000000E+00
     1.3740000E+03   9.3900043E+02   4.4790108E-04   9.3900043E+02   1.7363254E+02   0.0000000E+00   0.0000000E+00   0.0000000E+00   0.0000000E+00
     1.3750000E+03   9.3900043E+02   4.2696050E-04   9.3900043E+02   1.6031483E+02   0.0000000E+00   0.0000000E+00   0.0000000E+00   0.0000000E+00
     1.3760000E+03   9.3900043E+02   3.9855408E-04   9.3900043E+02   1.4293536E+02   0.0000000E+00   0.0000000E+00   0.0000000E+00   0.0000000E+00
     1.3770000E+03   9.3900037E+02   3.7278104E-04   9.3900037E+02   1.2786469E+02   0.0000000E+00   0.0000000E+00   0.0000000E+00   0.0000000E+00
     1.3780000E+03   9.3900037E+02   3.5267134E-04   9.3900037E+02   1.1657655E+02   0.0000000E+00   0.0000000E+00   0.0000000E+00   0.0000000E+00
     1.3790000E+03   9.3900031E+02   3.2481144E-04   9.3900031E+02   1.0163573E+02   0.0000000E+00   0.0000000E+00   0.0000000E+00   0.0000000E+00
     1.3800000E+03   9.3900031E+02   2.9328407E-04   9.3900031E+02   8.5731750E+01   0.0000000E+00   0.0000000E+00   0.0000000E+00   0.0000000E+00
     1.3810000E+03   9.3900024E+02   2.6322386E-04   9.3900024E+02   7.1592857E+01   0.0000000E+00   0.0000000E+00   0.0000000E+00   0.0000000E+00
     1.3820000E+03   9.3900024E+02   2.4406565E-04   9.3900024E+02   6.3120731E+01   0.0000000E+00   0.0000000E+00   0.0000000E+00   0.0000000E+00
     1.3830000E+03   9.3900024E+02   2.4244057E-04   9.3900024E+02   6.2421818E+01   0.0000000E+00   0.0000000E+00   0.0000000E+00   0.0000000E+00
     1.3840000E+03   9.3900024E+02   2.3068648E-04   9.3900024E+02   5.7459846E+01   0.0000000E+00   0.0000000E+00   0.0000000E+00   0.0000000E+00
     1.3850000E+03   9.3900024E+02   2.3589350E-04   9.3900024E+02   5.9637699E+01   0.0000000E+00   0.0000000E+00   0.0000000E+00   0.0000000E+00
     1.3860000E+03   9.3900024E+02   2.6043548E-04   9.3900024E+02   7.0333328E+01   0.0000000E+00   0.0000000E+00   0.0000000E+00   0.0000000E+00
     1.3870000E+03   9.3900024E+02   2.6851971E-04   9.3900024E+02   7.4009567E+01   0.0000000E+00   0.0000000E+00   0.0000000E+00   0.0000000E+00
     1.3880000E+03   9.3900024E+02   2.6600860E-04   9.3900024E+02   7.2859642E+01   0.0000000E+00   0.0000000E+00   0.0000000E+00   0.0000000E+00
     1.3890000E+03   9.3900024E+02   2.5008793E-04   9.3900024E+02   6.5737846E+01   0.0000000E+00   0.0000000E+00   0.0000000E+00   0.0000000E+00
     1.3900000E+03   9.3900024E+02   2.2496002E-04   9.3900024E+02   5.5102314E+01   0.0000000E+00   0.0000000E+00   0.0000000E+00   0.0000000E+00
     1.3910000E+03   9.3900018E+02   1.9625458E-04   9.3900018E+02   4.3889496E+01   0.0000000E+00   0.0000000E+00   0.0000000E+00   0.0000000E+00
     1.3920000E+03   9.3900018E+02   1.7182453E-04   9.3900018E+02   3.5167072E+01   0.0000000E+00   0.0000000E+00   0.0000000E+00   0.0000000E+00
     1.3930000E+03   9.3900018E+02   1.5948487E-04   9.3900018E+02   3.1059425E+01   0.0000000E+00   0.0000000E+00   0.0000000E+00   0.0000000E+00
     1.3940000E+03   9.3900012E+02   1.4640206E-04   9.3900012E+02   2.6930199E+01   0.0000000E+00   0.0000000E+00   0.0000000E+00   0.0000000E+00
     1.3950000E+03   9.3900012E+02   1.3722580E-04   9.3900012E+02   2.4176151E+01   0.0000000E+00   0.0000000E+00   0.0000000E+00   0.0000000E+00
     1.3960000E+03   9.3900012E+02   1.2798772E-04   9.3900012E+02   2.1524912E+01   0.0000000E+00   0.0000000E+00   0.0000000E+00   0.0000000E+00
     1.3970000E+03   9.3900012E+02   1.2082089E-04   9.3900012E+02   1.9553791E+01   0.0000000E+00   0.0000000E+00   0.0000000E+00   0.0000000E+00
     1.3980000E+03   9.3900012E+02   1.0764298E-04   9.3900012E+02   1.6130100E+01   0.0000000E+00   0.0000000E+00   0.0000000E+00   0.0000000E+00
     1.3990000E+03   9.3900006E+02   8.9513589E-05   9.3900006E+02   1.1861580E+01   0.0000000E+00   0.0000000E+00   0.0000000E+00   0.0000000E+00
     1.4000000E+03   9.3900006E+02   6.2596329E-05   9.3900006E+02   6.5349512E+00   0.0000000E+00   0.0000000E+00   0.0000000E+00   0.0000000E+00
     1.4010000E+03   9.3900006E+02   3.9332830E-05   9.3900006E+02   3.0124478E+00   0.0000000E+00   0.0000000E+00   0.0000000E+00   0.0000000E+00
     1.4020000E+03   9.3900000E+02   1.6064701E-05   9.3900000E+02   6.7730147E-01   0.0000000E+00   0.0000000E+00   0.0000000E+00   0.0000000E+00
     1.4030000E+03   9.3900000E+02   0.0000000E+00   9.3900000E+02   0.0000000E+00   0.0000000E+00   0.0000000E+00   0.0000000E+00   0.0000000E+00
     1.4040000E+03   9.3900000E+02   0.0000000E+00   9.3900000E+02   0.0000000E+00   0.0000000E+00   0.0000000E+00   0.0000000E+00   0.0000000E+00
     1.4050000E+03   9.3900000E+02   0.0000000E+00   9.3900000E+02   0.0000000E+00   0.0000000E+00   0.0000000E+00   0.0000000E+00   0.0000000E+00
     1.4060000E+03   9.3900000E+02   0.0000000E+00   9.3900000E+02   0.0000000E+00   0.0000000E+00   0.0000000E+00   0.0000000E+00   0.0000000E+00
     1.4070000E+03   9.3900000E+02   0.0000000E+00   9.3900000E+02   0.0000000E+00   0.0000000E+00   0.0000000E+00   0.0000000E+00   0.0000000E+00
     1.4080000E+03   9.3900000E+02   0.0000000E+00   9.3900000E+02   0.0000000E+00   0.0000000E+00   0.0000000E+00   0.0000000E+00   0.0000000E+00
     1.4090000E+03   9.3900000E+02   0.0000000E+00   9.3900000E+02   0.0000000E+00   0.0000000E+00   0.0000000E+00   0.0000000E+00   0.0000000E+00
     1.4100000E+03   9.3900000E+02   0.0000000E+00   9.3900000E+02   0.0000000E+00   0.0000000E+00   0.0000000E+00   0.0000000E+00   0.0000000E+00
     1.4110000E+03   9.3900000E+02   0.0000000E+00   9.3900000E+02   0.0000000E+00   0.0000000E+00   0.0000000E+00   0.0000000E+00   0.0000000E+00
     1.4120000E+03   9.3900000E+02   0.0000000E+00   9.3900000E+02   0.0000000E+00   0.0000000E+00   0.0000000E+00   0.0000000E+00   0.0000000E+00
     1.4130000E+03   9.3900000E+02   0.0000000E+00   9.3900000E+02   0.0000000E+00   0.0000000E+00   0.0000000E+00   0.0000000E+00   0.0000000E+00
     1.4140000E+03   9.3900000E+02   0.0000000E+00   9.3900000E+02   0.0000000E+00   0.0000000E+00   0.0000000E+00   0.0000000E+00   0.0000000E+00
     1.4150000E+03   9.3900000E+02   0.0000000E+00   9.3900000E+02   0.0000000E+00   0.0000000E+00   0.0000000E+00   0.0000000E+00   0.0000000E+00
     1.4160000E+03   9.3900000E+02   0.0000000E+00   9.3900000E+02   0.0000000E+00   0.0000000E+00   0.0000000E+00   0.0000000E+00   0.0000000E+00
     1.4170000E+03   9.3900000E+02   0.0000000E+00   9.3900000E+02   0.0000000E+00   0.0000000E+00   0.0000000E+00   0.0000000E+00   0.0000000E+00
     1.4180000E+03   9.3900000E+02   0.0000000E+00   9.3900000E+02   0.0000000E+00   0.0000000E+00   0.0000000E+00   0.0000000E+00   0.0000000E+00
     1.4190000E+03   9.3900000E+02   0.0000000E+00   9.3900000E+02   0.0000000E+00   0.0000000E+00   0.0000000E+00   0.0000000E+00   0.0000000E+00
     1.4200000E+03   9.3900000E+02   0.0000000E+00   9.3900000E+02   0.0000000E+00   0.0000000E+00   0.0000000E+00   0.0000000E+00   0.0000000E+00
     1.4210000E+03   9.3900000E+02   0.0000000E+00   9.3900000E+02   0.0000000E+00   0.0000000E+00   0.0000000E+00   0.0000000E+00   0.0000000E+00
     1.4220000E+03   9.3900000E+02   0.0000000E+00   9.3900000E+02   0.0000000E+00   0.0000000E+00   0.0000000E+00   0.0000000E+00   0.0000000E+00
     1.4230000E+03   9.3900000E+02   0.0000000E+00   9.3900000E+02   0.0000000E+00   0.0000000E+00   0.0000000E+00   0.0000000E+00   0.0000000E+00
     1.4240000E+03   9.3900000E+02   0.0000000E+00   9.3900000E+02   0.0000000E+00   0.0000000E+00   0.0000000E+00   0.0000000E+00   0.0000000E+00
     1.4250000E+03   9.3900000E+02   0.0000000E+00   9.3900000E+02   0.0000000E+00   0.0000000E+00   0.0000000E+00   0.0000000E+00   0.0000000E+00
     1.4260000E+03   9.3900000E+02   0.0000000E+00   9.3900000E+02   0.0000000E+00   0.0000000E+00   0.0000000E+00   0.0000000E+00   0.0000000E+00
     1.4270000E+03   9.3900000E+02   0.0000000E+00   9.3900000E+02   0.0000000E+00   0.0000000E+00   0.0000000E+00   0.0000000E+00   0.0000000E+00
     1.4280000E+03   9.3900000E+02   0.0000000E+00   9.3900000E+02   0.0000000E+00   0.0000000E+00   0.0000000E+00   0.0000000E+00   0.0000000E+00
     1.4290000E+03   9.3900000E+02   0.0000000E+00   9.3900000E+02   0.0000000E+00   0.0000000E+00   0.0000000E+00   0.0000000E+00   0.0000000E+00
     1.4300000E+03   9.3900000E+02   0.0000000E+00   9.3900000E+02   0.0000000E+00   0.0000000E+00   0.0000000E+00   0.0000000E+00   0.0000000E+00
     1.4310000E+03   9.3900000E+02   0.0000000E+00   9.3900000E+02   0.0000000E+00   0.0000000E+00   0.0000000E+00   0.0000000E+00   0.0000000E+00
     1.4320000E+03   9.3900000E+02   0.0000000E+00   9.3900000E+02   0.0000000E+00   0.0000000E+00   0.0000000E+00   0.0000000E+00   0.0000000E+00
     1.4330000E+03   9.3900000E+02   0.0000000E+00   9.3900000E+02   0.0000000E+00   0.0000000E+00   0.0000000E+00   0.0000000E+00   0.0000000E+00
     1.4340000E+03   9.3900000E+02   0.0000000E+00   9.3900000E+02   0.0000000E+00   0.0000000E+00   0.0000000E+00   0.0000000E+00   0.0000000E+00
     1.4350000E+03   9.3900000E+02   0.0000000E+00   9.3900000E+02   0.0000000E+00   0.0000000E+00   0.0000000E+00   0.0000000E+00   0.0000000E+00
     1.4360000E+03   9.3900000E+02   0.0000000E+00   9.3900000E+02   0.0000000E+00   0.0000000E+00   0.0000000E+00   0.0000000E+00   0.0000000E+00
     1.4370000E+03   9.3900000E+02   0.0000000E+00   9.3900000E+02   0.0000000E+00   0.0000000E+00   0.0000000E+00   0.0000000E+00   0.0000000E+00
     1.4380000E+03   9.3900000E+02   0.0000000E+00   9.3900000E+02   0.0000000E+00   0.0000000E+00   0.0000000E+00   0.0000000E+00   0.0000000E+00
     1.4390000E+03   9.3900000E+02   0.0000000E+00   9.3900000E+02   0.0000000E+00   0.0000000E+00   0.0000000E+00   0.0000000E+00   0.0000000E+00
     1.4400000E+03   9.3900000E+02   0.0000000E+00   9.3900000E+02   0.0000000E+00   0.0000000E+00   0.0000000E+00   0.0000000E+00   0.0000000E+00
     1.4410000E+03   9.3900000E+02   0.0000000E+00   9.3900000E+02   0.0000000E+00   0.0000000E+00   0.0000000E+00   0.0000000E+00   0.0000000E+00
     1.4420000E+03   9.3900000E+02   0.0000000E+00   9.3900000E+02   0.0000000E+00   0.0000000E+00   0.0000000E+00   0.0000000E+00   0.0000000E+00
     1.4430000E+03   9.3900000E+02   0.0000000E+00   9.3900000E+02   0.0000000E+00   0.0000000E+00   0.0000000E+00   0.0000000E+00   0.0000000E+00
     1.4440000E+03   9.3900000E+02   0.0000000E+00   9.3900000E+02   0.0000000E+00   0.0000000E+00   0.0000000E+00   0.0000000E+00   0.0000000E+00
     1.4450000E+03   9.3900000E+02   0.0000000E+00   9.3900000E+02   0.0000000E+00   0.0000000E+00   0.0000000E+00   0.0000000E+00   0.0000000E+00
     1.4460000E+03   9.3900000E+02   0.0000000E+00   9.3900000E+02   0.0000000E+00   0.0000000E+00   0.0000000E+00   0.0000000E+00   0.0000000E+00
     1.4470000E+03   9.3900000E+02   0.0000000E+00   9.3900000E+02   0.0000000E+00   0.0000000E+00   0.0000000E+00   0.0000000E+00   0.0000000E+00
     1.4480000E+03   9.3900000E+02   0.0000000E+00   9.3900000E+02   0.0000000E+00   0.0000000E+00   0.0000000E+00   0.0000000E+00   0.0000000E+00
     1.4490000E+03   9.3900000E+02   0.0000000E+00   9.3900000E+02   0.0000000E+00   0.0000000E+00   0.0000000E+00   0.0000000E+00   0.0000000E+00
     1.4500000E+03   9.3900000E+02   0.0000000E+00   9.3900000E+02   0.0000000E+00   0.0000000E+00   0.0000000E+00   0.0000000E+00   0.0000000E+00
     1.4510000E+03   9.3900000E+02   0.0000000E+00   9.3900000E+02   0.0000000E+00   0.0000000E+00   0.0000000E+00   0.0000000E+00   0.0000000E+00
     1.4520000E+03   9.3900000E+02   0.0000000E+00   9.3900000E+02   0.0000000E+00   0.0000000E+00   0.0000000E+00   0.0000000E+00   0.0000000E+00
     1.4530000E+03   9.3900000E+02   0.0000000E+00   9.3900000E+02   0.0000000E+00   0.0000000E+00   0.0000000E+00   0.0000000E+00   0.0000000E+00
     1.4540000E+03   9.3900000E+02   0.0000000E+00   9.3900000E+02   0.0000000E+00   0.0000000E+00   0.0000000E+00   0.0000000E+00   0.0000000E+00
     1.4550000E+03   9.3900000E+02   0.0000000E+00   9.3900000E+02   0.0000000E+00   0.0000000E+00   0.0000000E+00   0.0000000E+00   0.0000000E+00
     1.4560000E+03   9.3900000E+02   0.0000000E+00   9.3900000E+02   0.0000000E+00   0.0000000E+00   0.0000000E+00   0.0000000E+00   0.0000000E+00
     1.4570000E+03   9.3900000E+02   0.0000000E+00   9.3900000E+02   0.0000000E+00   0.0000000E+00   0.0000000E+00   0.0000000E+00   0.0000000E+00
     1.4580000E+03   9.3900000E+02   0.0000000E+00   9.3900000E+02   0.0000000E+00   0.0000000E+00   0.0000000E+00   0.0000000E+00   0.0000000E+00
     1.4590000E+03   9.3900000E+02   0.0000000E+00   9.3900000E+02   0.0000000E+00   0.0000000E+00   0.0000000E+00   0.0000000E+00   0.0000000E+00
     1.4600000E+03   9.3900000E+02   0.0000000E+00   9.3900000E+02   0.0000000E+00   0.0000000E+00   0.0000000E+00   0.0000000E+00   0.0000000E+00
     1.4610000E+03   9.3900000E+02   0.0000000E+00   9.3900000E+02   0.0000000E+00   0.0000000E+00   0.0000000E+00   0.0000000E+00   0.0000000E+00
     1.4620000E+03   9.3900000E+02   0.0000000E+00   9.3900000E+02   0.0000000E+00   0.0000000E+00   0.0000000E+00   0.0000000E+00   0.0000000E+00
     1.4630000E+03   9.3900000E+02   0.0000000E+00   9.3900000E+02   0.0000000E+00   0.0000000E+00   0.0000000E+00   0.0000000E+00   0.0000000E+00
     1.4640000E+03   9.3900000E+02   0.0000000E+00   9.3900000E+02   0.0000000E+00   0.0000000E+00   0.0000000E+00   0.0000000E+00   0.0000000E+00
     1.4650000E+03   9.3900000E+02   0.0000000E+00   9.3900000E+02   0.0000000E+00   0.0000000E+00   0.0000000E+00   0.0000000E+00   0.0000000E+00
     1.4660000E+03   9.3900000E+02   0.0000000E+00   9.3900000E+02   0.0000000E+00   0.0000000E+00   0.0000000E+00   0.0000000E+00   0.0000000E+00
     1.4670000E+03   9.3900000E+02   0.0000000E+00   9.3900000E+02   0.0000000E+00   0.0000000E+00   0.0000000E+00   0.0000000E+00   0.0000000E+00
     1.4680000E+03   9.3900000E+02   0.0000000E+00   9.3900000E+02   0.0000000E+00   0.0000000E+00   0.0000000E+00   0.0000000E+00   0.0000000E+00
     1.4690000E+03   9.3900000E+02   0.0000000E+00   9.3900000E+02   0.0000000E+00   0.0000000E+00   0.0000000E+00   0.0000000E+00   0.0000000E+00
     1.4700000E+03   9.3900000E+02   0.0000000E+00   9.3900000E+02   0.0000000E+00   0.0000000E+00   0.0000000E+00   0.0000000E+00   0.0000000E+00
     1.4710000E+03   9.3900000E+02   0.0000000E+00   9.3900000E+02   0.0000000E+00   0.0000000E+00   0.0000000E+00   0.0000000E+00   0.0000000E+00
     1.4720000E+03   9.3900000E+02   0.0000000E+00   9.3900000E+02   0.0000000E+00   0.0000000E+00   0.0000000E+00   0.0000000E+00   0.0000000E+00
     1.4730000E+03   9.3900000E+02   0.0000000E+00   9.3900000E+02   0.0000000E+00   0.0000000E+00   0.0000000E+00   0.0000000E+00   0.0000000E+00
     1.4740000E+03   9.3900000E+02   0.0000000E+00   9.3900000E+02   0.0000000E+00   0.0000000E+00   0.0000000E+00   0.0000000E+00   0.0000000E+00
     1.4750000E+03   9.3900000E+02   0.0000000E+00   9.3900000E+02   0.0000000E+00   0.0000000E+00   0.0000000E+00   0.0000000E+00   0.0000000E+00
     1.4760000E+03   9.3900000E+02   0.0000000E+00   9.3900000E+02   0.0000000E+00   0.0000000E+00   0.0000000E+00   0.0000000E+00   0.0000000E+00
     1.4770000E+03   9.3900000E+02   0.0000000E+00   9.3900000E+02   0.0000000E+00   0.0000000E+00   0.0000000E+00   0.0000000E+00   0.0000000E+00
     1.4780000E+03   9.3900000E+02   0.0000000E+00   9.3900000E+02   0.0000000E+00   0.0000000E+00   0.0000000E+00   0.0000000E+00   0.0000000E+00
     1.4790000E+03   9.3900000E+02   0.0000000E+00   9.3900000E+02   0.0000000E+00   0.0000000E+00   0.0000000E+00   0.0000000E+00   0.0000000E+00
     1.4800000E+03   9.3900000E+02   0.0000000E+00   9.3900000E+02   0.0000000E+00   0.0000000E+00   0.0000000E+00   0.0000000E+00   0.0000000E+00
     1.4810000E+03   9.3900000E+02   0.0000000E+00   9.3900000E+02   0.0000000E+00   0.0000000E+00   0.0000000E+00   0.0000000E+00   0.0000000E+00
     1.4820000E+03   9.3900037E+02   3.4534701E-04   9.3900037E+02   1.1256942E+02   0.0000000E+00   0.0000000E+00   0.0000000E+00   0.0000000E+00
     1.4830000E+03   9.3900037E+02   3.9403656E-04   9.3900037E+02   1.4024535E+02   0.0000000E+00   0.0000000E+00   0.0000000E+00   0.0000000E+00
     1.4840000E+03   9.3900043E+02   4.0659375E-04   9.3900043E+02   1.4777312E+02   0.0000000E+00   0.0000000E+00   0.0000000E+00   0.0000000E+00
     1.4850000E+03   9.3900043E+02   4.1937002E-04   9.3900043E+02   1.5559293E+02   0.0000000E+00   0.0000000E+00   0.0000000E+00   0.0000000E+00
     1.4860000E+03   9.3900018E+02   1.6941993E-04   9.3900018E+02   3.4350658E+01   0.0000000E+00   0.0000000E+00   0.0000000E+00   0.0000000E+00
     1.4870000E+03   9.3900000E+02   0.0000000E+00   9.3900000E+02   0.0000000E+00   0.0000000E+00   0.0000000E+00   0.0000000E+00   0.0000000E+00
     1.4880000E+03   9.3900000E+02   0.0000000E+00   9.3900000E+02   0.0000000E+00   0.0000000E+00   0.0000000E+00   0.0000000E+00   0.0000000E+00
     1.4890000E+03   9.3900000E+02   0.0000000E+00   9.3900000E+02   0.0000000E+00   0.0000000E+00   0.0000000E+00   0.0000000E+00   0.0000000E+00
     1.4900000E+03   9.3900000E+02   0.0000000E+00   9.3900000E+02   0.0000000E+00   0.0000000E+00   0.0000000E+00   0.0000000E+00   0.0000000E+00
     1.4910000E+03   9.3900000E+02   0.0000000E+00   9.3900000E+02   0.0000000E+00   0.0000000E+00   0.0000000E+00   0.0000000E+00   0.0000000E+00
     1.4920000E+03   9.3900043E+02   4.4035597E-04   9.3900043E+02   1.6878508E+02   0.0000000E+00   0.0000000E+00   0.0000000E+00   0.0000000E+00
     1.4930000E+03   9.3900012E+02   1.2841042E-04   9.3900012E+02   2.1643526E+01   0.0000000E+00   0.0000000E+00   0.0000000E+00   0.0000000E+00
     1.4940000E+03   9.3900000E+02   0.0000000E+00   9.3900000E+02   0.0000000E+00   0.0000000E+00   0.0000000E+00   0.0000000E+00   0.0000000E+00
     1.4950000E+03   9.3900000E+02   0.0000000E+00   9.3900000E+02   0.0000000E+00   0.0000000E+00   0.0000000E+00   0.0000000E+00   0.0000000E+00
     1.4960000E+03   9.3900000E+02   0.0000000E+00   9.3900000E+02   0.0000000E+00   0.0000000E+00   0.0000000E+00   0.0000000E+00   0.0000000E+00
     1.4970000E+03   9.3900000E+02   0.0000000E+00   9.3900000E+02   0.0000000E+00   0.0000000E+00   0.0000000E+00   0.0000000E+00   0.0000000E+00
     1.4980000E+03   9.3900000E+02   0.0000000E+00   9.3900000E+02   0.0000000E+00   0.0000000E+00   0.0000000E+00   0.0000000E+00   0.0000000E+00
     1.4990000E+03   9.3900000E+02   0.0000000E+00   9.3900000E+02   0.0000000E+00   0.0000000E+00   0.0000000E+00   0.0000000E+00   0.0000000E+00
     1.5000000E+03   9.3900043E+02   4.5445337E-04   9.3900043E+02   1.7788655E+02   0.0000000E+00   0.0000000E+00   0.0000000E+00   0.0000000E+00
     1.5010000E+03   9.3900024E+02   2.2525979E-04   9.3900024E+02   5.5224743E+01   0.0000000E+00   0.0000000E+00   0.0000000E+00   0.0000000E+00
     1.5020000E+03   9.3900000E+02   0.0000000E+00   9.3900000E+02   0.0000000E+00   0.0000000E+00   0.0000000E+00   0.0000000E+00   0.0000000E+00
     1.5030000E+03   9.3900000E+02   0.0000000E+00   9.3900000E+02   0.0000000E+00   0.0000000E+00   0.0000000E+00   0.0000000E+00   0.0000000E+00
     1.5040000E+03   9.3900000E+02   0.0000000E+00   9.3900000E+02   0.0000000E+00   0.0000000E+00   0.0000000E+00   0.0000000E+00   0.0000000E+00
     1.5050000E+03   9.3900000E+02   0.0000000E+00   9.3900000E+02   0.0000000E+00   0.0000000E+00   0.0000000E+00   0.0000000E+00   0.0000000E+00
     1.5060000E+03   9.3900000E+02   0.0000000E+00   9.3900000E+02   0.0000000E+00   0.0000000E+00   0.0000000E+00   0.0000000E+00   0.0000000E+00
     1.5070000E+03   9.3900006E+02   7.0447139E-05   9.3900006E+02   7.9573145E+00   0.0000000E+00   0.0000000E+00   0.0000000E+00   0.0000000E+00
     1.5080000E+03   9.3900043E+02   3.9845836E-04   9.3900043E+02   1.4287814E+02   0.0000000E+00   0.0000000E+00   0.0000000E+00   0.0000000E+00
     1.5090000E+03   9.3900098E+02   9.7992865E-04   9.3900098E+02   6.4020392E+02   0.0000000E+00   0.0000000E+00   0.0000000E+00   0.0000000E+00
     1.5100000E+03   9.3900085E+02   8.2758465E-04   9.3900085E+02   4.8307541E+02   0.0000000E+00   0.0000000E+00   0.0000000E+00   0.0000000E+00
     1.5110000E+03   9.3900018E+02   1.5634269E-04   9.3900018E+02   3.0046244E+01   0.0000000E+00   0.0000000E+00   0.0000000E+00   0.0000000E+00
     1.5120000E+03   9.3900085E+02   8.6676708E-04   9.3900085E+02   5.2179303E+02   0.0000000E+00   0.0000000E+00   0.0000000E+00   0.0000000E+00
     1.5130000E+03   9.3900031E+02   3.2265065E-04   9.3900031E+02   1.0051136E+02   0.0000000E+00   0.0000000E+00   0.0000000E+00   0.0000000E+00
     1.5140000E+03   9.3900000E+02   0.0000000E+00   9.3900000E+02   0.0000000E+00   0.0000000E+00   0.0000000E+00   0.0000000E+00   0.0000000E+00
     1.5150000E+03   9.3900000E+02   0.0000000E+00   9.3900000E+02   0.0000000E+00   0.0000000E+00   0.0000000E+00   0.0000000E+00   0.0000000E+00
     1.5160000E+03   9.3900000E+02   0.0000000E+00   9.3900000E+02   0.0000000E+00   0.0000000E+00   0.0000000E+00   0.0000000E+00   0.0000000E+00
     1.5170000E+03   9.3900000E+02   0.0000000E+00   9.3900000E+02   0.0000000E+00   0.0000000E+00   0.0000000E+00   0.0000000E+00   0.0000000E+00
     1.5180000E+03   9.3900000E+02   0.0000000E+00   9.3900000E+02   0.0000000E+00   0.0000000E+00   0.0000000E+00   0.0000000E+00   0.0000000E+00
     1.5190000E+03   9.3900000E+02   0.0000000E+00   9.3900000E+02   0.0000000E+00   0.0000000E+00   0.0000000E+00   0.0000000E+00   0.0000000E+00
     1.5200000E+03   9.3900024E+02   2.2832825E-04   9.3900024E+02   5.6484203E+01   0.0000000E+00   0.0000000E+00   0.0000000E+00   0.0000000E+00
     1.5210000E+03   9.3900208E+02   2.1025436E-03   9.3900208E+02   2.2850862E+03   0.0000000E+00   0.0000000E+00   0.0000000E+00   0.0000000E+00
     1.5220000E+03   9.3900293E+02   2.9463458E-03   9.3900293E+02   4.0099021E+03   0.0000000E+00   0.0000000E+00   0.0000000E+00   0.0000000E+00
     1.5230000E+03   9.3900183E+02   1.8493669E-03   9.3900183E+02   1.8451544E+03   0.0000000E+00   0.0000000E+00   0.0000000E+00   0.0000000E+00
     1.5240000E+03   9.3901062E+02   1.0617642E-02   9.3901062E+02   3.3965734E+04   0.0000000E+00   0.0000000E+00   0.0000000E+00   0.0000000E+00
     1.5250000E+03   9.3900305E+02   3.0387135E-03   9.3900305E+02   4.2216006E+03   0.0000000E+00   0.0000000E+00   0.0000000E+00   0.0000000E+00
     1.5260000E+03   9.3900238E+02   2.3983561E-03   9.3900238E+02   2.8456643E+03   0.0000000E+00   0.0000000E+00   0.0000000E+00   0.0000000E+00
     1.5270000E+03   9.3900421E+02   4.1868002E-03   9.3900421E+02   7.2021904E+03   0.0000000E+00   0.0000000E+00   0.0000000E+00   0.0000000E+00
     1.5280000E+03   9.3900195E+02   1.9823269E-03   9.3900195E+02   2.0715066E+03   0.0000000E+00   0.0000000E+00   0.0000000E+00   0.0000000E+00
     1.5290000E+03   9.3900134E+02   1.3465028E-03   9.3900134E+02   1.0872756E+03   0.0000000E+00   0.0000000E+00   0.0000000E+00   0.0000000E+00
     1.5300000E+03   9.3900098E+02   9.9529233E-04   9.3900098E+02   6.5702014E+02   0.0000000E+00   0.0000000E+00   0.0000000E+00   0.0000000E+00
     1.5310000E+03   9.3900073E+02   7.1647740E-04   9.3900073E+02   3.7989630E+02   0.0000000E+00   0.0000000E+00   0.0000000E+00   0.0000000E+00
     1.5320000E+03   9.3900055E+02   5.4554472E-04   9.3900055E+02   2.4120049E+02   0.0000000E+00   0.0000000E+00   0.0000000E+00   0.0000000E+00
     1.5330000E+03   9.3900104E+02   1.0570153E-03   9.3900104E+02   7.2632281E+02   0.0000000E+00   0.0000000E+00   0.0000000E+00   0.0000000E+00
     1.5340000E+03   9.3900061E+02   6.1595754E-04   9.3900061E+02   2.9528784E+02   0.0000000E+00   0.0000000E+00   0.0000000E+00   0.0000000E+00
     1.5350000E+03   9.3900049E+02   4.6326124E-04   9.3900049E+02   1.8366971E+02   0.0000000E+00   0.0000000E+00   0.0000000E+00   0.0000000E+00
     1.5360000E+03   9.3900061E+02   6.3718308E-04   9.3900061E+02   3.1244098E+02   0.0000000E+00   0.0000000E+00   0.0000000E+00   0.0000000E+00
     1.5370000E+03   9.3900128E+02   1.2773122E-03   9.3900128E+02   9.9576300E+02   0.0000000E+00   0.0000000E+00   0.0000000E+00   0.0000000E+00
     1.5380000E+03   9.3900165E+02   1.6362793E-03   9.3900165E+02   1.5046077E+03   0.0000000E+00   0.0000000E+00   0.0000000E+00   0.0000000E+00
     1.5390000E+03   9.3900183E+02   1.8556745E-03   9.3900183E+02   1.8556550E+03   0.0000000E+00   0.0000000E+00   0.0000000E+00   0.0000000E+00
     1.5400000E+03   9.3900085E+02   8.5513759E-04   9.3900085E+02   5.1017703E+02   0.0000000E+00   0.0000000E+00   0.0000000E+00   0.0000000E+00
     1.5410000E+03   9.3900073E+02   7.0511439E-04   9.3900073E+02   3.6990784E+02   0.0000000E+00   0.0000000E+00   0.0000000E+00   0.0000000E+00
     1.5420000E+03   9.3900061E+02   5.9562176E-04   9.3900061E+02   2.7921915E+02   0.0000000E+00   0.0000000E+00   0.0000000E+00   0.0000000E+00
     1.5430000E+03   9.3900299E+02   2.9900167E-03   9.3900299E+02   4.1094492E+03   0.0000000E+00   0.0000000E+00   0.0000000E+00   0.0000000E+00
     1.5440000E+03   9.3900476E+02   4.7428273E-03   9.3900476E+02   8.8659053E+03   0.0000000E+00   0.0000000E+00   0.0000000E+00   0.0000000E+00
     1.5450000E+03   9.3903259E+02   3.2583967E-02   9.3903259E+02   2.2012405E+05   0.0000000E+00   0.0000000E+00   0.0000000E+00   0.0000000E+00
     1.5460000E+03   9.3900513E+02   5.1044617E-03   9.3900513E+02   1.0020994E+04   0.0000000E+00   0.0000000E+00   0.0000000E+00   0.0000000E+00
     1.5470000E+03   9.3900916E+02   9.1325492E-03   9.3900916E+02   2.6422928E+04   0.0000000E+00   0.0000000E+00   0.0000000E+00   0.0000000E+00
     1.5480000E+03   9.3900500E+02   5.0147632E-03   9.3900500E+02   9.7292266E+03   0.0000000E+00   0.0000000E+00   0.0000000E+00   0.0000000E+00
     1.5490000E+03   9.3900323E+02   3.2247023E-03   9.3900323E+02   4.6609771E+03   0.0000000E+00   0.0000000E+00   0.0000000E+00   0.0000000E+00
     1.5500000E+03   9.3900275E+02   2.7347493E-03   9.3900275E+02   3.5415232E+03   0.0000000E+00   0.0000000E+00   0.0000000E+00   0.0000000E+00
     1.5510000E+03   9.3900183E+02   1.8260326E-03   9.3900183E+02   1.8065160E+03   0.0000000E+00   0.0000000E+00   0.0000000E+00   0.0000000E+00
     1.5520000E+03   9.3900140E+02   1.4029124E-03   9.3900140E+02   1.1642472E+03   0.0000000E+00   0.0000000E+00   0.0000000E+00   0.0000000E+00
     1.5530000E+03   9.3900110E+02   1.0824460E-03   9.3900110E+02   7.5567999E+02   0.0000000E+00   0.0000000E+00   0.0000000E+00   0.0000000E+00
     1.5540000E+03   9.3900085E+02   8.4108126E-04   9.3900085E+02   4.9627701E+02   0.0000000E+00   0.0000000E+00   0.0000000E+00   0.0000000E+00
     1.5550000E+03   9.3900067E+02   6.6641526E-04   9.3900067E+02   3.3669431E+02   0.0000000E+00   0.0000000E+00   0.0000000E+00   0.0000000E+00
     1.5560000E+03   9.3900055E+02   5.7458080E-04   9.3900055E+02   2.6297397E+02   0.0000000E+00   0.0000000E+00   0.0000000E+00   0.0000000E+00
     1.5570000E+03   9.3900055E+02   5.3852517E-04   9.3900055E+02   2.3605013E+02   0.0000000E+00   0.0000000E+00   0.0000000E+00   0.0000000E+00
     1.5580000E+03   9.3900208E+02   2.0607978E-03   9.3900208E+02   2.2099707E+03   0.0000000E+00   0.0000000E+00   0.0000000E+00   0.0000000E+00
     1.5590000E+03   9.3900128E+02   1.2586850E-03   9.3900128E+02   9.7167871E+02   0.0000000E+00   0.0000000E+00   0.0000000E+00   0.0000000E+00
     1.5600000E+03   9.3900128E+02   1.2797952E-03   9.3900128E+02   9.9899133E+02   0.0000000E+00   0.0000000E+00   0.0000000E+00   0.0000000E+00
     1.5610000E+03   9.3900177E+02   1.7437171E-03   9.3900177E+02   1.6728396E+03   0.0000000E+00   0.0000000E+00   0.0000000E+00   0.0000000E+00
     1.5620000E+03   9.3900232E+02   2.3332019E-03   9.3900232E+02   2.7179915E+03   0.0000000E+00   0.0000000E+00   0.0000000E+00   0.0000000E+00
     1.5630000E+03   9.3900269E+02   2.6640610E-03   9.3900269E+02   3.3902720E+03   0.0000000E+00   0.0000000E+00   0.0000000E+00   0.0000000E+00
     1.5640000E+03   9.3900305E+02   3.0220447E-03   9.3900305E+02   4.1830757E+03   0.0000000E+00   0.0000000E+00   0.0000000E+00   0.0000000E+00
     1.5650000E+03   9.3900305E+02   3.0392120E-03   9.3900305E+02   4.2227549E+03   0.0000000E+00   0.0000000E+00   0.0000000E+00   0.0000000E+00
     1.5660000E+03   9.3900317E+02   3.1457532E-03   9.3900317E+02   4.4723452E+03   0.0000000E+00   0.0000000E+00   0.0000000E+00   0.0000000E+00
     1.5670000E+03   9.3900317E+02   3.1909309E-03   9.3900317E+02   4.5799062E+03   0.0000000E+00   0.0000000E+00   0.0000000E+00   0.0000000E+00
     1.5680000E+03   9.3900323E+02   3.2274311E-03   9.3900323E+02   4.6675522E+03   0.0000000E+00   0.0000000E+00   0.0000000E+00   0.0000000E+00
     1.5690000E+03   9.3900342E+02   3.3973756E-03   9.3900342E+02   5.0843271E+03   0.0000000E+00   0.0000000E+00   0.0000000E+00   0.0000000E+00
     1.5700000E+03   9.3900354E+02   3.5170766E-03   9.3900354E+02   5.3863838E+03   0.0000000E+00   0.0000000E+00   0.0000000E+00   0.0000000E+00
     1.5710000E+03   9.3900366E+02   3.6778983E-03   9.3900366E+02   5.8031050E+03   0.0000000E+00   0.0000000E+00   0.0000000E+00   0.0000000E+00
     1.5720000E+03   9.3900378E+02   3.7571350E-03   9.3900378E+02   6.0129683E+03   0.0000000E+00   0.0000000E+00   0.0000000E+00   0.0000000E+00
     1.5730000E+03   9.3900385E+02   3.8333985E-03   9.3900385E+02   6.2177632E+03   0.0000000E+00   0.0000000E+00   0.0000000E+00   0.0000000E+00
     1.5740000E+03   9.3900391E+02   3.9022667E-03   9.3900391E+02   6.4050493E+03   0.0000000E+00   0.0000000E+00   0.0000000E+00   0.0000000E+00
     1.5750000E+03   9.3900403E+02   4.0272796E-03   9.3900403E+02   6.7506748E+03   0.0000000E+00   0.0000000E+00   0.0000000E+00   0.0000000E+00
     1.5760000E+03   9.3900427E+02   4.2962059E-03   9.3900427E+02   7.5185840E+03   0.0000000E+00   0.0000000E+00   0.0000000E+00   0.0000000E+00
     1.5770000E+03   9.3900543E+02   5.4521514E-03   9.3900543E+02   1.1184265E+04   0.0000000E+00   0.0000000E+00   0.0000000E+00   0.0000000E+00
     1.5780000E+03   9.3900458E+02   4.5678923E-03   9.3900458E+02   8.3276152E+03   0.0000000E+00   0.0000000E+00   0.0000000E+00   0.0000000E+00
     1.5790000E+03   9.3900439E+02   4.3840227E-03   9.3900439E+02   7.7764653E+03   0.0000000E+00   0.0000000E+00   0.0000000E+00   0.0000000E+00
     1.5800000E+03   9.3900433E+02   4.3144166E-03   9.3900433E+02   7.5717744E+03   0.0000000E+00   0.0000000E+00   0.0000000E+00   0.0000000E+00
     1.5810000E+03   9.3900421E+02   4.2412262E-03   9.3900421E+02   7.3589067E+03   0.0000000E+00   0.0000000E+00   0.0000000E+00   0.0000000E+00
     1.5820000E+03   9.3900421E+02   4.2042350E-03   9.3900421E+02   7.2522461E+03   0.0000000E+00   0.0000000E+00   0.0000000E+00   0.0000000E+00
     1.5830000E+03   9.3900415E+02   4.1802395E-03   9.3900415E+02   7.1833911E+03   0.0000000E+00   0.0000000E+00   0.0000000E+00   0.0000000E+00
     1.5840000E+03   9.3900415E+02   4.1451948E-03   9.3900415E+02   7.0833032E+03   0.0000000E+00   0.0000000E+00   0.0000000E+00   0.0000000E+00
     1.5850000E+03   9.3900549E+02   5.5096056E-03   9.3900549E+02   1.1381385E+04   0.0000000E+00   0.0000000E+00   0.0000000E+00   0.0000000E+00
     1.5860000E+03   9.3900433E+02   4.3225428E-03   9.3900433E+02   7.5955591E+03   0.0000000E+00   0.0000000E+00   0.0000000E+00   0.0000000E+00
     1.5870000E+03   9.3900421E+02   4.2104986E-03   9.3900421E+02   7.2702627E+03   0.0000000E+00   0.0000000E+00   0.0000000E+00   0.0000000E+00
     1.5880000E+03   9.3900415E+02   4.1500330E-03   9.3900415E+02   7.0970874E+03   0.0000000E+00   0.0000000E+00   0.0000000E+00   0.0000000E+00
     1.5890000E+03   9.3900409E+02   4.0615927E-03   9.3900409E+02   6.8468091E+03   0.0000000E+00   0.0000000E+00   0.0000000E+00   0.0000000E+00
     1.5900000E+03   9.3900397E+02   3.9931107E-03   9.3900397E+02   6.6554873E+03   0.0000000E+00   0.0000000E+00   0.0000000E+00   0.0000000E+00
     1.5910000E+03   9.3900409E+02   4.0955823E-03   9.3900409E+02   6.9425708E+03   0.0000000E+00   0.0000000E+00   0.0000000E+00   0.0000000E+00
     1.5920000E+03   9.3900403E+02   4.0078694E-03   9.3900403E+02   6.6965356E+03   0.0000000E+00   0.0000000E+00   0.0000000E+00   0.0000000E+00
     1.5930000E+03   9.3900403E+02   4.0012044E-03   9.3900403E+02   6.6779854E+03   0.0000000E+00   0.0000000E+00   0.0000000E+00   0.0000000E+00
     1.5940000E+03   9.3900397E+02   3.9952528E-03   9.3900397E+02   6.6614385E+03   0.0000000E+00   0.0000000E+00   0.0000000E+00   0.0000000E+00
     1.5950000E+03   9.3900397E+02   3.9779930E-03   9.3900397E+02   6.6135444E+03   0.0000000E+00   0.0000000E+00   0.0000000E+00   0.0000000E+00
     1.5960000E+03   9.3900397E+02   3.9920635E-03   9.3900397E+02   6.6525776E+03   0.0000000E+00   0.0000000E+00   0.0000000E+00   0.0000000E+00
     1.5970000E+03   9.3900397E+02   3.9555468E-03   9.3900397E+02   6.5514653E+03   0.0000000E+00   0.0000000E+00   0.0000000E+00   0.0000000E+00
     1.5980000E+03   9.3900385E+02   3.8387848E-03   9.3900385E+02   6.2323311E+03   0.0000000E+00   0.0000000E+00   0.0000000E+00   0.0000000E+00
     1.5990000E+03   9.3900372E+02   3.7516411E-03   9.3900372E+02   5.9983213E+03   0.0000000E+00   0.0000000E+00   0.0000000E+00   0.0000000E+00
     1.6000000E+03   9.3900372E+02   3.7174956E-03   9.3900372E+02   5.9076079E+03   0.0000000E+00   0.0000000E+00   0.0000000E+00   0.0000000E+00
     1.6010000E+03   9.3900372E+02   3.7175240E-03   9.3900372E+02   5.9076831E+03   0.0000000E+00   0.0000000E+00   0.0000000E+00   0.0000000E+00
     1.6020000E+03   9.3900372E+02   3.7032175E-03   9.3900372E+02   5.8698398E+03   0.0000000E+00   0.0000000E+00   0.0000000E+00   0.0000000E+00
     1.6030000E+03   9.3900439E+02   4.4100378E-03   9.3900439E+02   7.8535273E+03   0.0000000E+00   0.0000000E+00   0.0000000E+00   0.0000000E+00
     1.6040000E+03   9.3900385E+02   3.8588098E-03   9.3900385E+02   6.2866104E+03   0.0000000E+00   0.0000000E+00   0.0000000E+00   0.0000000E+00
     1.6050000E+03   9.3900372E+02   3.7300764E-03   9.3900372E+02   5.9409663E+03   0.0000000E+00   0.0000000E+00   0.0000000E+00   0.0000000E+00
     1.6060000E+03   9.3900372E+02   3.7206060E-03   9.3900372E+02   5.9158486E+03   0.0000000E+00   0.0000000E+00   0.0000000E+00   0.0000000E+00
     1.6070000E+03   9.3900354E+02   3.5228177E-03   9.3900354E+02   5.4010459E+03   0.0000000E+00   0.0000000E+00   0.0000000E+00   0.0000000E+00
     1.6080000E+03   9.3900342E+02   3.4314003E-03   9.3900342E+02   5.1694761E+03   0.0000000E+00   0.0000000E+00   0.0000000E+00   0.0000000E+00
     1.6090000E+03   9.3900336E+02   3.3618335E-03   9.3900336E+02   4.9959863E+03   0.0000000E+00   0.0000000E+00   0.0000000E+00   0.0000000E+00
     1.6100000E+03   9.3900323E+02   3.2335313E-03   9.3900323E+02   4.6822651E+03   0.0000000E+00   0.0000000E+00   0.0000000E+00   0.0000000E+00
     1.6110000E+03   9.3900317E+02   3.1647901E-03   9.3900317E+02   4.5175444E+03   0.0000000E+00   0.0000000E+00   0.0000000E+00   0.0000000E+00
     1.6120000E+03   9.3900317E+02   3.1542806E-03   9.3900317E+02   4.4925693E+03   0.0000000E+00   0.0000000E+00   0.0000000E+00   0.0000000E+00
     1.6130000E+03   9.3900317E+02   3.1515788E-03   9.3900317E+02   4.4861577E+03   0.0000000E+00   0.0000000E+00   0.0000000E+00   0.0000000E+00
     1.6140000E+03   9.3900311E+02   3.1087792E-03   9.3900311E+02   4.3850786E+03   0.0000000E+00   0.0000000E+00   0.0000000E+00   0.0000000E+00
     1.6150000E+03   9.3900305E+02   3.0652436E-03   9.3900305E+02   4.2832085E+03   0.0000000E+00   0.0000000E+00   0.0000000E+00   0.0000000E+00
     1.6160000E+03   9.3900305E+02   3.0775447E-03   9.3900305E+02   4.3118950E+03   0.0000000E+00   0.0000000E+00   0.0000000E+00   0.0000000E+00
     1.6170000E+03   9.3900323E+02   3.2267706E-03   9.3900323E+02   4.6659604E+03   0.0000000E+00   0.0000000E+00   0.0000000E+00   0.0000000E+00
     1.6180000E+03   9.3900305E+02   3.0448551E-03   9.3900305E+02   4.2358311E+03   0.0000000E+00   0.0000000E+00   0.0000000E+00   0.0000000E+00
     1.6190000E+03   9.3900385E+02   3.8350532E-03   9.3900385E+02   6.2222373E+03   0.0000000E+00   0.0000000E+00   0.0000000E+00   0.0000000E+00
     1.6200000E+03   9.3900323E+02   3.2191700E-03   9.3900323E+02   4.6476572E+03   0.0000000E+00   0.0000000E+00   0.0000000E+00   0.0000000E+00
     1.6210000E+03   9.3900305E+02   3.0548982E-03   9.3900305E+02   4.2591421E+03   0.0000000E+00   0.0000000E+00   0.0000000E+00   0.0000000E+00
     1.6220000E+03   9.3900287E+02   2.8702691E-03   9.3900287E+02   3.8388276E+03   0.0000000E+00   0.0000000E+00   0.0000000E+00   0.0000000E+00
     1.6230000E+03   9.3900275E+02   2.7462819E-03   9.3900275E+02   3.5664497E+03   0.0000000E+00   0.0000000E+00   0.0000000E+00   0.0000000E+00
     1.6240000E+03   9.3900262E+02   2.6445442E-03   9.3900262E+02   3.3489780E+03   0.0000000E+00   0.0000000E+00   0.0000000E+00   0.0000000E+00
     1.6250000E+03   9.3900256E+02   2.5571426E-03   9.3900256E+02   3.1665464E+03   0.0000000E+00   0.0000000E+00   0.0000000E+00   0.0000000E+00
     1.6260000E+03   9.3900250E+02   2.4828911E-03   9.3900250E+02   3.0147898E+03   0.0000000E+00   0.0000000E+00   0.0000000E+00   0.0000000E+00
     1.6270000E+03   9.3900244E+02   2.4446188E-03   9.3900244E+02   2.9377363E+03   0.0000000E+00   0.0000000E+00   0.0000000E+00   0.0000000E+00
     1.6280000E+03   9.3900238E+02   2.3942860E-03   9.3900238E+02   2.8376204E+03   0.0000000E+00   0.0000000E+00   0.0000000E+00   0.0000000E+00
     1.6290000E+03   9.3900238E+02   2.3547169E-03   9.3900238E+02   2.7598921E+03   0.0000000E+00   0.0000000E+00   0.0000000E+00   0.0000000E+00
     1.6300000E+03   9.3900232E+02   2.3103380E-03   9.3900232E+02   2.6737456E+03   0.0000000E+00   0.0000000E+00   0.0000000E+00   0.0000000E+00
     1.6310000E+03   9.3900269E+02   2.6595630E-03   9.3900269E+02   3.3807368E+03   0.0000000E+00   0.0000000E+00   0.0000000E+00   0.0000000E+00
     1.6320000E+03   9.3900244E+02   2.4168233E-03   9.3900244E+02   2.8822771E+03   0.0000000E+00   0.0000000E+00   0.0000000E+00   0.0000000E+00
     1.6330000E+03   9.3900232E+02   2.3385677E-03   9.3900232E+02   2.7284175E+03   0.0000000E+00   0.0000000E+00   0.0000000E+00   0.0000000E+00
     1.6340000E+03   9.3900232E+02   2.3046602E-03   9.3900232E+02   2.6628030E+03   0.0000000E+00   0.0000000E+00   0.0000000E+00   0.0000000E+00
     1.6350000E+03   9.3900226E+02   2.2327323E-03   9.3900226E+02   2.5257402E+03   0.0000000E+00   0.0000000E+00   0.0000000E+00   0.0000000E+00
     1.6360000E+03   9.3900220E+02   2.1692209E-03   9.3900220E+02   2.4071357E+03   0.0000000E+00   0.0000000E+00   0.0000000E+00   0.0000000E+00
     1.6370000E+03   9.3900214E+02   2.1298255E-03   9.3900214E+02   2.3347173E+03   0.0000000E+00   0.0000000E+00   0.0000000E+00   0.0000000E+00
     1.6380000E+03   9.3900208E+02   2.0974339E-03   9.3900208E+02   2.2758381E+03   0.0000000E+00   0.0000000E+00   0.0000000E+00   0.0000000E+00
     1.6390000E+03   9.3900208E+02   2.0614420E-03   9.3900208E+02   2.2111223E+03   0.0000000E+00   0.0000000E+00   0.0000000E+00   0.0000000E+00
     1.6400000E+03   9.3900201E+02   2.0140540E-03   9.3900201E+02   2.1270583E+03   0.0000000E+00   0.0000000E+00   0.0000000E+00   0.0000000E+00
     1.6410000E+03   9.3900195E+02   1.9632210E-03   9.3900195E+02   2.0383380E+03   0.0000000E+00   0.0000000E+00   0.0000000E+00   0.0000000E+00
     1.6420000E+03   9.3900208E+02   2.0863719E-03   9.3900208E+02   2.2558687E+03   0.0000000E+00   0.0000000E+00   0.0000000E+00   0.0000000E+00
     1.6430000E+03   9.3900232E+02   2.3079833E-03   9.3900232E+02   2.6692056E+03   0.0000000E+00   0.0000000E+00   0.0000000E+00   0.0000000E+00
     1.6440000E+03   9.3900201E+02   2.0380511E-03   9.3900201E+02   2.1694653E+03   0.0000000E+00   0.0000000E+00   0.0000000E+00   0.0000000E+00
     1.6450000E+03   9.3900195E+02   1.9690772E-03   9.3900195E+02   2.0484819E+03   0.0000000E+00   0.0000000E+00   0.0000000E+00   0.0000000E+00
     1.6460000E+03   9.3900244E+02   2.4440237E-03   9.3900244E+02   2.9365444E+03   0.0000000E+00   0.0000000E+00   0.0000000E+00   0.0000000E+00
     1.6470000E+03   9.3900208E+02   2.0616157E-03   9.3900208E+02   2.2114329E+03   0.0000000E+00   0.0000000E+00   0.0000000E+00   0.0000000E+00
     1.6480000E+03   9.3900195E+02   1.9255765E-03   9.3900195E+02   1.9736139E+03   0.0000000E+00   0.0000000E+00   0.0000000E+00   0.0000000E+00
     1.6490000E+03   9.3900189E+02   1.8731945E-03   9.3900189E+02   1.8849464E+03   0.0000000E+00   0.0000000E+00   0.0000000E+00   0.0000000E+00
     1.6500000E+03   9.3900214E+02   2.1496238E-03   9.3900214E+02   2.3710005E+03   0.0000000E+00   0.0000000E+00   0.0000000E+00   0.0000000E+00
     1.6510000E+03   9.3900195E+02   1.9357580E-03   9.3900195E+02   1.9910371E+03   0.0000000E+00   0.0000000E+00   0.0000000E+00   0.0000000E+00
     1.6520000E+03   9.3900183E+02   1.8555028E-03   9.3900183E+02   1.8553689E+03   0.0000000E+00   0.0000000E+00   0.0000000E+00   0.0000000E+00
     1.6530000E+03   9.3900177E+02   1.7480939E-03   9.3900177E+02   1.6798435E+03   0.0000000E+00   0.0000000E+00   0.0000000E+00   0.0000000E+00
     1.6540000E+03   9.3900122E+02   1.1931069E-03   9.3900122E+02   8.8877777E+02   0.0000000E+00   0.0000000E+00   0.0000000E+00   0.0000000E+00
     1.6550000E+03   9.3900128E+02   1.2583898E-03   9.3900128E+02   9.7129889E+02   0.0000000E+00   0.0000000E+00   0.0000000E+00   0.0000000E+00
     1.6560000E+03   9.3900128E+02   1.3029588E-03   9.3900128E+02   1.0293081E+03   0.0000000E+00   0.0000000E+00   0.0000000E+00   0.0000000E+00
     1.6570000E+03   9.3900134E+02   1.3525003E-03   9.3900134E+02   1.0953591E+03   0.0000000E+00   0.0000000E+00   0.0000000E+00   0.0000000E+00
     1.6580000E+03   9.3900140E+02   1.3858960E-03   9.3900140E+02   1.1408065E+03   0.0000000E+00   0.0000000E+00   0.0000000E+00   0.0000000E+00
     1.6590000E+03   9.3900140E+02   1.4139662E-03   9.3900140E+02   1.1795760E+03   0.0000000E+00   0.0000000E+00   0.0000000E+00   0.0000000E+00
     1.6600000E+03   9.3900140E+02   1.3987151E-03   9.3900140E+02   1.1584474E+03   0.0000000E+00   0.0000000E+00   0.0000000E+00   0.0000000E+00
     1.6610000E+03   9.3900140E+02   1.3737392E-03   9.3900140E+02   1.1241771E+03   0.0000000E+00   0.0000000E+00   0.0000000E+00   0.0000000E+00
     1.6620000E+03   9.3900171E+02   1.6926597E-03   9.3900171E+02   1.5920022E+03   0.0000000E+00   0.0000000E+00   0.0000000E+00   0.0000000E+00
     1.6630000E+03   9.3900153E+02   1.5029337E-03   9.3900153E+02   1.3058519E+03   0.0000000E+00   0.0000000E+00   0.0000000E+00   0.0000000E+00
     1.6640000E+03   9.3900140E+02   1.3733886E-03   9.3900140E+02   1.1236990E+03   0.0000000E+00   0.0000000E+00   0.0000000E+00   0.0000000E+00
     1.6650000E+03   9.3900128E+02   1.2833026E-03   9.3900128E+02   1.0035584E+03   0.0000000E+00   0.0000000E+00   0.0000000E+00   0.0000000E+00
     1.6660000E+03   9.3900122E+02   1.2052970E-03   9.3900122E+02   9.0396368E+02   0.0000000E+00   0.0000000E+00   0.0000000E+00   0.0000000E+00
     1.6670000E+03   9.3900116E+02   1.1719371E-03   9.3900116E+02   8.6265027E+02   0.0000000E+00   0.0000000E+00   0.0000000E+00   0.0000000E+00
     1.6680000E+03   9.3900110E+02   1.1194217E-03   9.3900110E+02   7.9919067E+02   0.0000000E+00   0.0000000E+00   0.0000000E+00   0.0000000E+00
     1.6690000E+03   9.3900104E+02   1.0661210E-03   9.3900104E+02   7.3678101E+02   0.0000000E+00   0.0000000E+00   0.0000000E+00   0.0000000E+00
     1.6700000E+03   9.3900098E+02   9.9637941E-04   9.3900098E+02   6.5821655E+02   0.0000000E+00   0.0000000E+00   0.0000000E+00   0.0000000E+00
     1.6710000E+03   9.3900092E+02   9.4105792E-04   9.3900092E+02   5.9844122E+02   0.0000000E+00   0.0000000E+00   0.0000000E+00   0.0000000E+00
     1.6720000E+03   9.3900092E+02   8.9844642E-04   9.3900092E+02   5.5396356E+02   0.0000000E+00   0.0000000E+00   0.0000000E+00   0.0000000E+00
     1.6730000E+03   9.3900085E+02   8.6692965E-04   9.3900085E+02   5.2195612E+02   0.0000000E+00   0.0000000E+00   0.0000000E+00   0.0000000E+00
     1.6740000E+03   9.3900085E+02   8.4040011E-04   9.3900085E+02   4.9560733E+02   0.0000000E+00   0.0000000E+00   0.0000000E+00   0.0000000E+00
     1.6750000E+03   9.3900079E+02   8.1495027E-04   9.3900079E+02   4.7084656E+02   0.0000000E+00   0.0000000E+00   0.0000000E+00   0.0000000E+00
     1.6760000E+03   9.3900079E+02   7.7858428E-04   9.3900079E+02   4.3635196E+02   0.0000000E+00   0.0000000E+00   0.0000000E+00   0.0000000E+00
     1.6770000E+03   9.3900079E+02   7.7654159E-04   9.3900079E+02   4.3444565E+02   0.0000000E+00   0.0000000E+00   0.0000000E+00   0.0000000E+00
     1.6780000E+03   9.3900079E+02   7.6485908E-04   9.3900079E+02   4.2360715E+02   0.0000000E+00   0.0000000E+00   0.0000000E+00   0.0000000E+00
     1.6790000E+03   9.3900079E+02   7.7995955E-04   9.3900079E+02   4.3763736E+02   0.0000000E+00   0.0000000E+00   0.0000000E+00   0.0000000E+00
     1.6800000E+03   9.3900079E+02   7.8988931E-04   9.3900079E+02   4.4696274E+02   0.0000000E+00   0.0000000E+00   0.0000000E+00   0.0000000E+00
     1.6810000E+03   9.3900079E+02   7.8560261E-04   9.3900079E+02   4.4292728E+02   0.0000000E+00   0.0000000E+00   0.0000000E+00   0.0000000E+00
     1.6820000E+03   9.3900079E+02   7.7302003E-04   9.3900079E+02   4.3116699E+02   0.0000000E+00   0.0000000E+00   0.0000000E+00   0.0000000E+00
     1.6830000E+03   9.3900073E+02   7.4121926E-04   9.3900073E+02   4.0201175E+02   0.0000000E+00   0.0000000E+00   0.0000000E+00   0.0000000E+00
     1.6840000E+03   9.3900067E+02   7.0135423E-04   9.3900067E+02   3.6662601E+02   0.0000000E+00   0.0000000E+00   0.0000000E+00   0.0000000E+00
     1.6850000E+03   9.3900067E+02   6.6391728E-04   9.3900067E+02   3.3459351E+02   0.0000000E+00   0.0000000E+00   0.0000000E+00   0.0000000E+00
     1.6860000E+03   9.3900067E+02   6.4592384E-04   9.3900067E+02   3.1961691E+02   0.0000000E+00   0.0000000E+00   0.0000000E+00   0.0000000E+00
     1.6870000E+03   9.3900061E+02   6.3518574E-04   9.3900061E+02   3.1081033E+02   0.0000000E+00   0.0000000E+00   0.0000000E+00   0.0000000E+00
     1.6880000E+03   9.3900061E+02   6.2329153E-04   9.3900061E+02   3.0117087E+02   0.0000000E+00   0.0000000E+00   0.0000000E+00   0.0000000E+00
     1.6890000E+03   9.3900061E+02   6.3160533E-04   9.3900061E+02   3.0789587E+02   0.0000000E+00   0.0000000E+00   0.0000000E+00   0.0000000E+00
     1.6900000E+03   9.3900061E+02   6.3840585E-04   9.3900061E+02   3.1344092E+02   0.0000000E+00   0.0000000E+00   0.0000000E+00   0.0000000E+00
     1.6910000E+03   9.3900061E+02   6.3185522E-04   9.3900061E+02   3.0809894E+02   0.0000000E+00   0.0000000E+00   0.0000000E+00   0.0000000E+00
     1.6920000E+03   9.3900061E+02   6.0718140E-04   9.3900061E+02   2.8830908E+02   0.0000000E+00   0.0000000E+00   0.0000000E+00   0.0000000E+00
     1.6930000E+03   9.3900055E+02   5.7754229E-04   9.3900055E+02   2.6523685E+02   0.0000000E+00   0.0000000E+00   0.0000000E+00   0.0000000E+00
     1.6940000E+03   9.3900055E+02   5.6738377E-04   9.3900055E+02   2.5750705E+02   0.0000000E+00   0.0000000E+00   0.0000000E+00   0.0000000E+00
     1.6950000E+03   9.3900055E+02   5.7932729E-04   9.3900055E+02   2.6660455E+02   0.0000000E+00   0.0000000E+00   0.0000000E+00   0.0000000E+00
     1.6960000E+03   9.3900061E+02   5.8950309E-04   9.3900061E+02   2.7445493E+02   0.0000000E+00   0.0000000E+00   0.0000000E+00   0.0000000E+00
     1.6970000E+03   9.3900061E+02   5.8342982E-04   9.3900061E+02   2.6975858E+02   0.0000000E+00   0.0000000E+00   0.0000000E+00   0.0000000E+00
     1.6980000E+03   9.3900055E+02   5.6705682E-04   9.3900055E+02   2.5725977E+02   0.0000000E+00   0.0000000E+00   0.0000000E+00   0.0000000E+00
     1.6990000E+03   9.3900055E+02   5.6234316E-04   9.3900055E+02   2.5370554E+02   0.0000000E+00   0.0000000E+00   0.0000000E+00   0.0000000E+00
     1.7000000E+03   9.3900061E+02   5.9327192E-04   9.3900061E+02   2.7738559E+02   0.0000000E+00   0.0000000E+00   0.0000000E+00   0.0000000E+00
     1.7010000E+03   9.3900061E+02   6.0812786E-04   9.3900061E+02   2.8905847E+02   0.0000000E+00   0.0000000E+00   0.0000000E+00   0.0000000E+00
     1.7020000E+03   9.3900055E+02   5.6058425E-04   9.3900055E+02   2.5238434E+02   0.0000000E+00   0.0000000E+00   0.0000000E+00   0.0000000E+00
     1.7030000E+03   9.3900055E+02   5.2702602E-04   9.3900055E+02   2.2770943E+02   0.0000000E+00   0.0000000E+00   0.0000000E+00   0.0000000E+00
     1.7040000E+03   9.3900049E+02   4.9252290E-04   9.3900049E+02   2.0340970E+02   0.0000000E+00   0.0000000E+00   0.0000000E+00   0.0000000E+00
     1.7050000E+03   9.3900043E+02   4.3626520E-04   9.3900043E+02   1.6617990E+02   0.0000000E+00   0.0000000E+00   0.0000000E+00   0.0000000E+00
     1.7060000E+03   9.3900037E+02   3.8469041E-04   9.3900037E+02   1.3474516E+02   0.0000000E+00   0.0000000E+00   0.0000000E+00   0.0000000E+00
     1.7070000E+03   9.3900037E+02   3.6864317E-04   9.3900037E+02   1.2550795E+02   0.0000000E+00   0.0000000E+00   0.0000000E+00   0.0000000E+00
     1.7080000E+03   9.3900037E+02   3.3988728E-04   9.3900037E+02   1.0961898E+02   0.0000000E+00   0.0000000E+00   0.0000000E+00   0.0000000E+00
     1.7090000E+03   9.3900031E+02   3.2110728E-04   9.3900031E+02   9.9711319E+01   0.0000000E+00   0.0000000E+00   0.0000000E+00   0.0000000E+00
     1.7100000E+03   9.3900031E+02   2.9547230E-04   9.3900031E+02   8.6800491E+01   0.0000000E+00   0.0000000E+00   0.0000000E+00   0.0000000E+00
     1.7110000E+03   9.3900024E+02   2.5702332E-04   9.3900024E+02   6.8804222E+01   0.0000000E+00   0.0000000E+00   0.0000000E+00   0.0000000E+00
     1.7120000E+03   9.3900024E+02   2.1613114E-04   9.3900024E+02   5.1545391E+01   0.0000000E+00   0.0000000E+00   0.0000000E+00   0.0000000E+00
     1.7130000E+03   9.3900018E+02   1.9264538E-04   9.3900018E+02   4.2552517E+01   0.0000000E+00   0.0000000E+00   0.0000000E+00   0.0000000E+00
     1.7140000E+03   9.3900018E+02   1.8332324E-04   9.3900018E+02   3.9176300E+01   0.0000000E+00   0.0000000E+00   0.0000000E+00   0.0000000E+00
     1.7150000E+03   9.3900018E+02   1.8596135E-04   9.3900018E+02   4.0120415E+01   0.0000000E+00   0.0000000E+00   0.0000000E+00   0.0000000E+00
     1.7160000E+03   9.3900018E+02   1.7587859E-04   9.3900018E+02   3.6560818E+01   0.0000000E+00   0.0000000E+00   0.0000000E+00   0.0000000E+00
     1.7170000E+03   9.3900018E+02   1.6770292E-04   9.3900018E+02   3.3772404E+01   0.0000000E+00   0.0000000E+00   0.0000000E+00   0.0000000E+00
     1.7180000E+03   9.3900018E+02   1.5849118E-04   9.3900018E+02   3.0737562E+01   0.0000000E+00   0.0000000E+00   0.0000000E+00   0.0000000E+00
     1.7190000E+03   9.3900012E+02   1.4518743E-04   9.3900012E+02   2.6558849E+01   0.0000000E+00   0.0000000E+00   0.0000000E+00   0.0000000E+00
     1.7200000E+03   9.3900012E+02   1.3766215E-04   9.3900012E+02   2.4304413E+01   0.0000000E+00   0.0000000E+00   0.0000000E+00   0.0000000E+00
     1.7210000E+03   9.3900012E+02   1.4270646E-04   9.3900012E+02   2.5806767E+01   0.0000000E+00   0.0000000E+00   0.0000000E+00   0.0000000E+00
     1.7220000E+03   9.3900012E+02   1.4363030E-04   9.3900012E+02   2.6085812E+01   0.0000000E+00   0.0000000E+00   0.0000000E+00   0.0000000E+00
     1.7230000E+03   9.3900018E+02   1.5645778E-04   9.3900018E+02   3.0083120E+01   0.0000000E+00   0.0000000E+00   0.0000000E+00   0.0000000E+00
     1.7240000E+03   9.3900012E+02   1.4568980E-04   9.3900012E+02   2.6712191E+01   0.0000000E+00   0.0000000E+00   0.0000000E+00   0.0000000E+00
     1.7250000E+03   9.3900012E+02   1.3024326E-04   9.3900012E+02   2.2160849E+01   0.0000000E+00   0.0000000E+00   0.0000000E+00   0.0000000E+00
     1.7260000E+03   9.3900012E+02   1.1655516E-04   9.3900012E+02   1.8416767E+01   0.0000000E+00   0.0000000E+00   0.0000000E+00   0.0000000E+00
     1.7270000E+03   9.3900012E+02   1.4649960E-04   9.3900012E+02   2.6960110E+01   0.0000000E+00   0.0000000E+00   0.0000000E+00   0.0000000E+00
     1.7280000E+03   9.3900012E+02   1.4070085E-04   9.3900012E+02   2.5205120E+01   0.0000000E+00   0.0000000E+00   0.0000000E+00   0.0000000E+00
     1.7290000E+03   9.3900012E+02   9.6319418E-05   9.3900012E+02   1.3402443E+01   0.0000000E+00   0.0000000E+00   0.0000000E+00   0.0000000E+00
     1.7300000E+03   9.3900006E+02   8.3906947E-05   9.3900006E+02   1.0649375E+01   0.0000000E+00   0.0000000E+00   0.0000000E+00   0.0000000E+00
     1.7310000E+03   9.3900006E+02   5.8599060E-05   9.3900006E+02   5.8543496E+00   0.0000000E+00   0.0000000E+00   0.0000000E+00   0.0000000E+00
     1.7320000E+03   9.3900000E+02   1.7067903E-05   9.3900000E+02   7.4925190E-01   0.0000000E+00   0.0000000E+00   0.0000000E+00   0.0000000E+00
     1.7330000E+03   9.3900000E+02   0.0000000E+00   9.3900000E+02   0.0000000E+00   0.0000000E+00   0.0000000E+00   0.0000000E+00   0.0000000E+00
     1.7340000E+03   9.3900000E+02   0.0000000E+00   9.3900000E+02   0.0000000E+00   0.0000000E+00   0.0000000E+00   0.0000000E+00   0.0000000E+00
     1.7350000E+03   9.3900000E+02   0.0000000E+00   9.3900000E+02   0.0000000E+00   0.0000000E+00   0.0000000E+00   0.0000000E+00   0.0000000E+00
     1.7360000E+03   9.3900000E+02   0.0000000E+00   9.3900000E+02   0.0000000E+00   0.0000000E+00   0.0000000E+00   0.0000000E+00   0.0000000E+00
     1.7370000E+03   9.3900000E+02   0.0000000E+00   9.3900000E+02   0.0000000E+00   0.0000000E+00   0.0000000E+00   0.0000000E+00   0.0000000E+00
     1.7380000E+03   9.3900000E+02   0.0000000E+00   9.3900000E+02   0.0000000E+00   0.0000000E+00   0.0000000E+00   0.0000000E+00   0.0000000E+00
     1.7390000E+03   9.3900000E+02   0.0000000E+00   9.3900000E+02   0.0000000E+00   0.0000000E+00   0.0000000E+00   0.0000000E+00   0.0000000E+00
     1.7400000E+03   9.3900000E+02   0.0000000E+00   9.3900000E+02   0.0000000E+00   0.0000000E+00   0.0000000E+00   0.0000000E+00   0.0000000E+00
     1.7410000E+03   9.3900000E+02   0.0000000E+00   9.3900000E+02   0.0000000E+00   0.0000000E+00   0.0000000E+00   0.0000000E+00   0.0000000E+00
     1.7420000E+03   9.3900000E+02   0.0000000E+00   9.3900000E+02   0.0000000E+00   0.0000000E+00   0.0000000E+00   0.0000000E+00   0.0000000E+00
     1.7430000E+03   9.3900000E+02   0.0000000E+00   9.3900000E+02   0.0000000E+00   0.0000000E+00   0.0000000E+00   0.0000000E+00   0.0000000E+00
     1.7440000E+03   9.3900000E+02   0.0000000E+00   9.3900000E+02   0.0000000E+00   0.0000000E+00   0.0000000E+00   0.0000000E+00   0.0000000E+00
     1.7450000E+03   9.3900000E+02   0.0000000E+00   9.3900000E+02   0.0000000E+00   0.0000000E+00   0.0000000E+00   0.0000000E+00   0.0000000E+00
     1.7460000E+03   9.3900000E+02   0.0000000E+00   9.3900000E+02   0.0000000E+00   0.0000000E+00   0.0000000E+00   0.0000000E+00   0.0000000E+00
     1.7470000E+03   9.3900000E+02   0.0000000E+00   9.3900000E+02   0.0000000E+00   0.0000000E+00   0.0000000E+00   0.0000000E+00   0.0000000E+00
     1.7480000E+03   9.3900000E+02   0.0000000E+00   9.3900000E+02   0.0000000E+00   0.0000000E+00   0.0000000E+00   0.0000000E+00   0.0000000E+00
     1.7490000E+03   9.3900000E+02   0.0000000E+00   9.3900000E+02   0.0000000E+00   0.0000000E+00   0.0000000E+00   0.0000000E+00   0.0000000E+00
     1.7500000E+03   9.3900000E+02   0.0000000E+00   9.3900000E+02   0.0000000E+00   0.0000000E+00   0.0000000E+00   0.0000000E+00   0.0000000E+00
     1.7510000E+03   9.3900000E+02   0.0000000E+00   9.3900000E+02   0.0000000E+00   0.0000000E+00   0.0000000E+00   0.0000000E+00   0.0000000E+00
     1.7520000E+03   9.3900000E+02   0.0000000E+00   9.3900000E+02   0.0000000E+00   0.0000000E+00   0.0000000E+00   0.0000000E+00   0.0000000E+00
     1.7530000E+03   9.3900000E+02   0.0000000E+00   9.3900000E+02   0.0000000E+00   0.0000000E+00   0.0000000E+00   0.0000000E+00   0.0000000E+00
     1.7540000E+03   9.3900000E+02   0.0000000E+00   9.3900000E+02   0.0000000E+00   0.0000000E+00   0.0000000E+00   0.0000000E+00   0.0000000E+00
     1.7550000E+03   9.3900000E+02   0.0000000E+00   9.3900000E+02   0.0000000E+00   0.0000000E+00   0.0000000E+00   0.0000000E+00   0.0000000E+00
     1.7560000E+03   9.3900000E+02   0.0000000E+00   9.3900000E+02   0.0000000E+00   0.0000000E+00   0.0000000E+00   0.0000000E+00   0.0000000E+00
     1.7570000E+03   9.3900000E+02   0.0000000E+00   9.3900000E+02   0.0000000E+00   0.0000000E+00   0.0000000E+00   0.0000000E+00   0.0000000E+00
     1.7580000E+03   9.3900000E+02   0.0000000E+00   9.3900000E+02   0.0000000E+00   0.0000000E+00   0.0000000E+00   0.0000000E+00   0.0000000E+00
     1.7590000E+03   9.3900000E+02   0.0000000E+00   9.3900000E+02   0.0000000E+00   0.0000000E+00   0.0000000E+00   0.0000000E+00   0.0000000E+00
     1.7600000E+03   9.3900000E+02   0.0000000E+00   9.3900000E+02   0.0000000E+00   0.0000000E+00   0.0000000E+00   0.0000000E+00   0.0000000E+00
     1.7610000E+03   9.3900000E+02   0.0000000E+00   9.3900000E+02   0.0000000E+00   0.0000000E+00   0.0000000E+00   0.0000000E+00   0.0000000E+00
     1.7620000E+03   9.3900000E+02   0.0000000E+00   9.3900000E+02   0.0000000E+00   0.0000000E+00   0.0000000E+00   0.0000000E+00   0.0000000E+00
     1.7630000E+03   9.3900000E+02   0.0000000E+00   9.3900000E+02   0.0000000E+00   0.0000000E+00   0.0000000E+00   0.0000000E+00   0.0000000E+00
     1.7640000E+03   9.3900000E+02   0.0000000E+00   9.3900000E+02   0.0000000E+00   0.0000000E+00   0.0000000E+00   0.0000000E+00   0.0000000E+00
     1.7650000E+03   9.3900000E+02   0.0000000E+00   9.3900000E+02   0.0000000E+00   0.0000000E+00   0.0000000E+00   0.0000000E+00   0.0000000E+00
     1.7660000E+03   9.3900000E+02   0.0000000E+00   9.3900000E+02   0.0000000E+00   0.0000000E+00   0.0000000E+00   0.0000000E+00   0.0000000E+00
     1.7670000E+03   9.3900000E+02   0.0000000E+00   9.3900000E+02   0.0000000E+00   0.0000000E+00   0.0000000E+00   0.0000000E+00   0.0000000E+00
     1.7680000E+03   9.3900000E+02   0.0000000E+00   9.3900000E+02   0.0000000E+00   0.0000000E+00   0.0000000E+00   0.0000000E+00   0.0000000E+00
     1.7690000E+03   9.3900000E+02   0.0000000E+00   9.3900000E+02   0.0000000E+00   0.0000000E+00   0.0000000E+00   0.0000000E+00   0.0000000E+00
     1.7700000E+03   9.3900000E+02   0.0000000E+00   9.3900000E+02   0.0000000E+00   0.0000000E+00   0.0000000E+00   0.0000000E+00   0.0000000E+00
     1.7710000E+03   9.3900000E+02   0.0000000E+00   9.3900000E+02   0.0000000E+00   0.0000000E+00   0.0000000E+00   0.0000000E+00   0.0000000E+00
     1.7720000E+03   9.3900000E+02   0.0000000E+00   9.3900000E+02   0.0000000E+00   0.0000000E+00   0.0000000E+00   0.0000000E+00   0.0000000E+00
     1.7730000E+03   9.3900000E+02   0.0000000E+00   9.3900000E+02   0.0000000E+00   0.0000000E+00   0.0000000E+00   0.0000000E+00   0.0000000E+00
     1.7740000E+03   9.3900000E+02   0.0000000E+00   9.3900000E+02   0.0000000E+00   0.0000000E+00   0.0000000E+00   0.0000000E+00   0.0000000E+00
     1.7750000E+03   9.3900000E+02   0.0000000E+00   9.3900000E+02   0.0000000E+00   0.0000000E+00   0.0000000E+00   0.0000000E+00   0.0000000E+00
     1.7760000E+03   9.3900000E+02   0.0000000E+00   9.3900000E+02   0.0000000E+00   0.0000000E+00   0.0000000E+00   0.0000000E+00   0.0000000E+00
     1.7770000E+03   9.3900000E+02   0.0000000E+00   9.3900000E+02   0.0000000E+00   0.0000000E+00   0.0000000E+00   0.0000000E+00   0.0000000E+00
     1.7780000E+03   9.3900000E+02   0.0000000E+00   9.3900000E+02   0.0000000E+00   0.0000000E+00   0.0000000E+00   0.0000000E+00   0.0000000E+00
     1.7790000E+03   9.3900000E+02   0.0000000E+00   9.3900000E+02   0.0000000E+00   0.0000000E+00   0.0000000E+00   0.0000000E+00   0.0000000E+00
     1.7800000E+03   9.3900000E+02   0.0000000E+00   9.3900000E+02   0.0000000E+00   0.0000000E+00   0.0000000E+00   0.0000000E+00   0.0000000E+00
     1.7810000E+03   9.3900000E+02   0.0000000E+00   9.3900000E+02   0.0000000E+00   0.0000000E+00   0.0000000E+00   0.0000000E+00   0.0000000E+00
     1.7820000E+03   9.3900000E+02   0.0000000E+00   9.3900000E+02   0.0000000E+00   0.0000000E+00   0.0000000E+00   0.0000000E+00   0.0000000E+00
     1.7830000E+03   9.3900000E+02   0.0000000E+00   9.3900000E+02   0.0000000E+00   0.0000000E+00   0.0000000E+00   0.0000000E+00   0.0000000E+00
     1.7840000E+03   9.3900000E+02   0.0000000E+00   9.3900000E+02   0.0000000E+00   0.0000000E+00   0.0000000E+00   0.0000000E+00   0.0000000E+00
     1.7850000E+03   9.3900000E+02   0.0000000E+00   9.3900000E+02   0.0000000E+00   0.0000000E+00   0.0000000E+00   0.0000000E+00   0.0000000E+00
     1.7860000E+03   9.3900000E+02   0.0000000E+00   9.3900000E+02   0.0000000E+00   0.0000000E+00   0.0000000E+00   0.0000000E+00   0.0000000E+00
     1.7870000E+03   9.3900000E+02   0.0000000E+00   9.3900000E+02   0.0000000E+00   0.0000000E+00   0.0000000E+00   0.0000000E+00   0.0000000E+00
     1.7880000E+03   9.3900000E+02   0.0000000E+00   9.3900000E+02   0.0000000E+00   0.0000000E+00   0.0000000E+00   0.0000000E+00   0.0000000E+00
     1.7890000E+03   9.3900000E+02   0.0000000E+00   9.3900000E+02   0.0000000E+00   0.0000000E+00   0.0000000E+00   0.0000000E+00   0.0000000E+00
     1.7900000E+03   9.3900000E+02   0.0000000E+00   9.3900000E+02   0.0000000E+00   0.0000000E+00   0.0000000E+00   0.0000000E+00   0.0000000E+00
     1.7910000E+03   9.3900000E+02   0.0000000E+00   9.3900000E+02   0.0000000E+00   0.0000000E+00   0.0000000E+00   0.0000000E+00   0.0000000E+00
     1.7920000E+03   9.3900000E+02   0.0000000E+00   9.3900000E+02   0.0000000E+00   0.0000000E+00   0.0000000E+00   0.0000000E+00   0.0000000E+00
     1.7930000E+03   9.3900000E+02   0.0000000E+00   9.3900000E+02   0.0000000E+00   0.0000000E+00   0.0000000E+00   0.0000000E+00   0.0000000E+00
     1.7940000E+03   9.3900000E+02   0.0000000E+00   9.3900000E+02   0.0000000E+00   0.0000000E+00   0.0000000E+00   0.0000000E+00   0.0000000E+00
     1.7950000E+03   9.3900000E+02   0.0000000E+00   9.3900000E+02   0.0000000E+00   0.0000000E+00   0.0000000E+00   0.0000000E+00   0.0000000E+00
     1.7960000E+03   9.3900000E+02   0.0000000E+00   9.3900000E+02   0.0000000E+00   0.0000000E+00   0.0000000E+00   0.0000000E+00   0.0000000E+00
     1.7970000E+03   9.3900000E+02   0.0000000E+00   9.3900000E+02   0.0000000E+00   0.0000000E+00   0.0000000E+00   0.0000000E+00   0.0000000E+00
     1.7980000E+03   9.3900000E+02   0.0000000E+00   9.3900000E+02   0.0000000E+00   0.0000000E+00   0.0000000E+00   0.0000000E+00   0.0000000E+00
     1.7990000E+03   9.3900000E+02   0.0000000E+00   9.3900000E+02   0.0000000E+00   0.0000000E+00   0.0000000E+00   0.0000000E+00   0.0000000E+00
     1.8000000E+03   9.3900000E+02   0.0000000E+00   9.3900000E+02   0.0000000E+00   0.0000000E+00   0.0000000E+00   0.0000000E+00   0.0000000E+00
     1.8010000E+03   9.3900000E+02   0.0000000E+00   9.3900000E+02   0.0000000E+00   0.0000000E+00   0.0000000E+00   0.0000000E+00   0.0000000E+00
     1.8020000E+03   9.3900000E+02   0.0000000E+00   9.3900000E+02   0.0000000E+00   0.0000000E+00   0.0000000E+00   0.0000000E+00   0.0000000E+00
     1.8030000E+03   9.3900000E+02   0.0000000E+00   9.3900000E+02   0.0000000E+00   0.0000000E+00   0.0000000E+00   0.0000000E+00   0.0000000E+00
     1.8040000E+03   9.3900000E+02   0.0000000E+00   9.3900000E+02   0.0000000E+00   0.0000000E+00   0.0000000E+00   0.0000000E+00   0.0000000E+00
     1.8050000E+03   9.3900000E+02   0.0000000E+00   9.3900000E+02   0.0000000E+00   0.0000000E+00   0.0000000E+00   0.0000000E+00   0.0000000E+00
     1.8060000E+03   9.3900000E+02   0.0000000E+00   9.3900000E+02   0.0000000E+00   0.0000000E+00   0.0000000E+00   0.0000000E+00   0.0000000E+00
     1.8070000E+03   9.3900000E+02   0.0000000E+00   9.3900000E+02   0.0000000E+00   0.0000000E+00   0.0000000E+00   0.0000000E+00   0.0000000E+00
     1.8080000E+03   9.3900000E+02   0.0000000E+00   9.3900000E+02   0.0000000E+00   0.0000000E+00   0.0000000E+00   0.0000000E+00   0.0000000E+00
     1.8090000E+03   9.3900000E+02   0.0000000E+00   9.3900000E+02   0.0000000E+00   0.0000000E+00   0.0000000E+00   0.0000000E+00   0.0000000E+00
     1.8100000E+03   9.3900000E+02   0.0000000E+00   9.3900000E+02   0.0000000E+00   0.0000000E+00   0.0000000E+00   0.0000000E+00   0.0000000E+00
     1.8110000E+03   9.3900000E+02   0.0000000E+00   9.3900000E+02   0.0000000E+00   0.0000000E+00   0.0000000E+00   0.0000000E+00   0.0000000E+00
     1.8120000E+03   9.3900000E+02   0.0000000E+00   9.3900000E+02   0.0000000E+00   0.0000000E+00   0.0000000E+00   0.0000000E+00   0.0000000E+00
     1.8130000E+03   9.3900000E+02   0.0000000E+00   9.3900000E+02   0.0000000E+00   0.0000000E+00   0.0000000E+00   0.0000000E+00   0.0000000E+00
     1.8140000E+03   9.3900000E+02   0.0000000E+00   9.3900000E+02   0.0000000E+00   0.0000000E+00   0.0000000E+00   0.0000000E+00   0.0000000E+00
     1.8150000E+03   9.3900000E+02   0.0000000E+00   9.3900000E+02   0.0000000E+00   0.0000000E+00   0.0000000E+00   0.0000000E+00   0.0000000E+00
     1.8160000E+03   9.3900000E+02   0.0000000E+00   9.3900000E+02   0.0000000E+00   0.0000000E+00   0.0000000E+00   0.0000000E+00   0.0000000E+00
     1.8170000E+03   9.3900098E+02   9.7992085E-04   9.3900098E+02   6.4019543E+02   0.0000000E+00   0.0000000E+00   0.0000000E+00   0.0000000E+00
     1.8180000E+03   9.3900000E+02   0.0000000E+00   9.3900000E+02   0.0000000E+00   0.0000000E+00   0.0000000E+00   0.0000000E+00   0.0000000E+00
     1.8190000E+03   9.3900000E+02   0.0000000E+00   9.3900000E+02   0.0000000E+00   0.0000000E+00   0.0000000E+00   0.0000000E+00   0.0000000E+00
     1.8200000E+03   9.3900000E+02   0.0000000E+00   9.3900000E+02   0.0000000E+00   0.0000000E+00   0.0000000E+00   0.0000000E+00   0.0000000E+00
     1.8210000E+03   9.3900000E+02   0.0000000E+00   9.3900000E+02   0.0000000E+00   0.0000000E+00   0.0000000E+00   0.0000000E+00   0.0000000E+00
     1.8220000E+03   9.3900000E+02   0.0000000E+00   9.3900000E+02   0.0000000E+00   0.0000000E+00   0.0000000E+00   0.0000000E+00   0.0000000E+00
     1.8230000E+03   9.3900000E+02   0.0000000E+00   9.3900000E+02   0.0000000E+00   0.0000000E+00   0.0000000E+00   0.0000000E+00   0.0000000E+00
     1.8240000E+03   9.3900000E+02   0.0000000E+00   9.3900000E+02   0.0000000E+00   0.0000000E+00   0.0000000E+00   0.0000000E+00   0.0000000E+00
     1.8250000E+03   9.3900000E+02   0.0000000E+00   9.3900000E+02   0.0000000E+00   0.0000000E+00   0.0000000E+00   0.0000000E+00   0.0000000E+00
     1.8260000E+03   9.3900000E+02   0.0000000E+00   9.3900000E+02   0.0000000E+00   0.0000000E+00   0.0000000E+00   0.0000000E+00   0.0000000E+00
     1.8270000E+03   9.3900000E+02   0.0000000E+00   9.3900000E+02   0.0000000E+00   0.0000000E+00   0.0000000E+00   0.0000000E+00   0.0000000E+00
     1.8280000E+03   9.3900000E+02   0.0000000E+00   9.3900000E+02   0.0000000E+00   0.0000000E+00   0.0000000E+00   0.0000000E+00   0.0000000E+00
     1.8290000E+03   9.3900000E+02   0.0000000E+00   9.3900000E+02   0.0000000E+00   0.0000000E+00   0.0000000E+00   0.0000000E+00   0.0000000E+00
     1.8300000E+03   9.3900000E+02   0.0000000E+00   9.3900000E+02   0.0000000E+00   0.0000000E+00   0.0000000E+00   0.0000000E+00   0.0000000E+00
     1.8310000E+03   9.3900000E+02   0.0000000E+00   9.3900000E+02   0.0000000E+00   0.0000000E+00   0.0000000E+00   0.0000000E+00   0.0000000E+00
     1.8320000E+03   9.3900000E+02   0.0000000E+00   9.3900000E+02   0.0000000E+00   0.0000000E+00   0.0000000E+00   0.0000000E+00   0.0000000E+00
     1.8330000E+03   9.3900000E+02   0.0000000E+00   9.3900000E+02   0.0000000E+00   0.0000000E+00   0.0000000E+00   0.0000000E+00   0.0000000E+00
     1.8340000E+03   9.3900000E+02   0.0000000E+00   9.3900000E+02   0.0000000E+00   0.0000000E+00   0.0000000E+00   0.0000000E+00   0.0000000E+00
     1.8350000E+03   9.3900000E+02   0.0000000E+00   9.3900000E+02   0.0000000E+00   0.0000000E+00   0.0000000E+00   0.0000000E+00   0.0000000E+00
     1.8360000E+03   9.3900000E+02   0.0000000E+00   9.3900000E+02   0.0000000E+00   0.0000000E+00   0.0000000E+00   0.0000000E+00   0.0000000E+00
     1.8370000E+03   9.3900000E+02   0.0000000E+00   9.3900000E+02   0.0000000E+00   0.0000000E+00   0.0000000E+00   0.0000000E+00   0.0000000E+00
     1.8380000E+03   9.3900000E+02   0.0000000E+00   9.3900000E+02   0.0000000E+00   0.0000000E+00   0.0000000E+00   0.0000000E+00   0.0000000E+00
     1.8390000E+03   9.3900000E+02   0.0000000E+00   9.3900000E+02   0.0000000E+00   0.0000000E+00   0.0000000E+00   0.0000000E+00   0.0000000E+00
     1.8400000E+03   9.3900000E+02   0.0000000E+00   9.3900000E+02   0.0000000E+00   0.0000000E+00   0.0000000E+00   0.0000000E+00   0.0000000E+00
     1.8410000E+03   9.3900000E+02   0.0000000E+00   9.3900000E+02   0.0000000E+00   0.0000000E+00   0.0000000E+00   0.0000000E+00   0.0000000E+00
     1.8420000E+03   9.3900000E+02   0.0000000E+00   9.3900000E+02   0.0000000E+00   0.0000000E+00   0.0000000E+00   0.0000000E+00   0.0000000E+00
     1.8430000E+03   9.3900000E+02   0.0000000E+00   9.3900000E+02   0.0000000E+00   0.0000000E+00   0.0000000E+00   0.0000000E+00   0.0000000E+00
     1.8440000E+03   9.3900000E+02   0.0000000E+00   9.3900000E+02   0.0000000E+00   0.0000000E+00   0.0000000E+00   0.0000000E+00   0.0000000E+00
     1.8450000E+03   9.3900000E+02   0.0000000E+00   9.3900000E+02   0.0000000E+00   0.0000000E+00   0.0000000E+00   0.0000000E+00   0.0000000E+00
     1.8460000E+03   9.3900000E+02   0.0000000E+00   9.3900000E+02   0.0000000E+00   0.0000000E+00   0.0000000E+00   0.0000000E+00   0.0000000E+00
     1.8470000E+03   9.3900000E+02   0.0000000E+00   9.3900000E+02   0.0000000E+00   0.0000000E+00   0.0000000E+00   0.0000000E+00   0.0000000E+00
     1.8480000E+03   9.3900000E+02   0.0000000E+00   9.3900000E+02   0.0000000E+00   0.0000000E+00   0.0000000E+00   0.0000000E+00   0.0000000E+00
     1.8490000E+03   9.3900000E+02   0.0000000E+00   9.3900000E+02   0.0000000E+00   0.0000000E+00   0.0000000E+00   0.0000000E+00   0.0000000E+00
     1.8500000E+03   9.3900000E+02   0.0000000E+00   9.3900000E+02   0.0000000E+00   0.0000000E+00   0.0000000E+00   0.0000000E+00   0.0000000E+00
     1.8510000E+03   9.3900000E+02   0.0000000E+00   9.3900000E+02   0.0000000E+00   0.0000000E+00   0.0000000E+00   0.0000000E+00   0.0000000E+00
     1.8520000E+03   9.3900000E+02   0.0000000E+00   9.3900000E+02   0.0000000E+00   0.0000000E+00   0.0000000E+00   0.0000000E+00   0.0000000E+00
     1.8530000E+03   9.3900000E+02   0.0000000E+00   9.3900000E+02   0.0000000E+00   0.0000000E+00   0.0000000E+00   0.0000000E+00   0.0000000E+00
     1.8540000E+03   9.3900000E+02   0.0000000E+00   9.3900000E+02   0.0000000E+00   0.0000000E+00   0.0000000E+00   0.0000000E+00   0.0000000E+00
     1.8550000E+03   9.3900000E+02   0.0000000E+00   9.3900000E+02   0.0000000E+00   0.0000000E+00   0.0000000E+00   0.0000000E+00   0.0000000E+00
     1.8560000E+03   9.3900000E+02   0.0000000E+00   9.3900000E+02   0.0000000E+00   0.0000000E+00   0.0000000E+00   0.0000000E+00   0.0000000E+00
     1.8570000E+03   9.3900000E+02   0.0000000E+00   9.3900000E+02   0.0000000E+00   0.0000000E+00   0.0000000E+00   0.0000000E+00   0.0000000E+00
     1.8580000E+03   9.3900000E+02   0.0000000E+00   9.3900000E+02   0.0000000E+00   0.0000000E+00   0.0000000E+00   0.0000000E+00   0.0000000E+00
     1.8590000E+03   9.3900000E+02   0.0000000E+00   9.3900000E+02   0.0000000E+00   0.0000000E+00   0.0000000E+00   0.0000000E+00   0.0000000E+00
     1.8600000E+03   9.3900000E+02   0.0000000E+00   9.3900000E+02   0.0000000E+00   0.0000000E+00   0.0000000E+00   0.0000000E+00   0.0000000E+00
     1.8610000E+03   9.3900000E+02   0.0000000E+00   9.3900000E+02   0.0000000E+00   0.0000000E+00   0.0000000E+00   0.0000000E+00   0.0000000E+00
     1.8620000E+03   9.3900000E+02   0.0000000E+00   9.3900000E+02   0.0000000E+00   0.0000000E+00   0.0000000E+00   0.0000000E+00   0.0000000E+00
     1.8630000E+03   9.3900000E+02   0.0000000E+00   9.3900000E+02   0.0000000E+00   0.0000000E+00   0.0000000E+00   0.0000000E+00   0.0000000E+00
     1.8640000E+03   9.3900000E+02   0.0000000E+00   9.3900000E+02   0.0000000E+00   0.0000000E+00   0.0000000E+00   0.0000000E+00   0.0000000E+00
     1.8650000E+03   9.3900000E+02   0.0000000E+00   9.3900000E+02   0.0000000E+00   0.0000000E+00   0.0000000E+00   0.0000000E+00   0.0000000E+00
     1.8660000E+03   9.3900000E+02   0.0000000E+00   9.3900000E+02   0.0000000E+00   0.0000000E+00   0.0000000E+00   0.0000000E+00   0.0000000E+00
     1.8670000E+03   9.3900000E+02   0.0000000E+00   9.3900000E+02   0.0000000E+00   0.0000000E+00   0.0000000E+00   0.0000000E+00   0.0000000E+00
     1.8680000E+03   9.3900000E+02   0.0000000E+00   9.3900000E+02   0.0000000E+00   0.0000000E+00   0.0000000E+00   0.0000000E+00   0.0000000E+00
     1.8690000E+03   9.3900000E+02   0.0000000E+00   9.3900000E+02   0.0000000E+00   0.0000000E+00   0.0000000E+00   0.0000000E+00   0.0000000E+00
     1.8700000E+03   9.3900000E+02   0.0000000E+00   9.3900000E+02   0.0000000E+00   0.0000000E+00   0.0000000E+00   0.0000000E+00   0.0000000E+00
     1.8710000E+03   9.3900000E+02   0.0000000E+00   9.3900000E+02   0.0000000E+00   0.0000000E+00   0.0000000E+00   0.0000000E+00   0.0000000E+00
     1.8720000E+03   9.3900000E+02   0.0000000E+00   9.3900000E+02   0.0000000E+00   0.0000000E+00   0.0000000E+00   0.0000000E+00   0.0000000E+00
     1.8730000E+03   9.3900000E+02   0.0000000E+00   9.3900000E+02   0.0000000E+00   0.0000000E+00   0.0000000E+00   0.0000000E+00   0.0000000E+00
     1.8740000E+03   9.3900000E+02   0.0000000E+00   9.3900000E+02   0.0000000E+00   0.0000000E+00   0.0000000E+00   0.0000000E+00   0.0000000E+00
     1.8750000E+03   9.3900000E+02   0.0000000E+00   9.3900000E+02   0.0000000E+00   0.0000000E+00   0.0000000E+00   0.0000000E+00   0.0000000E+00
     1.8760000E+03   9.3900055E+02   5.4030860E-04   9.3900055E+02   2.3735443E+02   0.0000000E+00   0.0000000E+00   0.0000000E+00   0.0000000E+00
     1.8770000E+03   9.3900128E+02   1.2952694E-03   9.3900128E+02   1.0192038E+03   0.0000000E+00   0.0000000E+00   0.0000000E+00   0.0000000E+00
     1.8780000E+03   9.3900000E+02   0.0000000E+00   9.3900000E+02   0.0000000E+00   0.0000000E+00   0.0000000E+00   0.0000000E+00   0.0000000E+00
     1.8790000E+03   9.3900000E+02   0.0000000E+00   9.3900000E+02   0.0000000E+00   0.0000000E+00   0.0000000E+00   0.0000000E+00   0.0000000E+00
     1.8800000E+03   9.3900000E+02   0.0000000E+00   9.3900000E+02   0.0000000E+00   0.0000000E+00   0.0000000E+00   0.0000000E+00   0.0000000E+00
     1.8810000E+03   9.3900000E+02   0.0000000E+00   9.3900000E+02   0.0000000E+00   0.0000000E+00   0.0000000E+00   0.0000000E+00   0.0000000E+00
     1.8820000E+03   9.3900000E+02   0.0000000E+00   9.3900000E+02   0.0000000E+00   0.0000000E+00   0.0000000E+00   0.0000000E+00   0.0000000E+00
     1.8830000E+03   9.3900000E+02   0.0000000E+00   9.3900000E+02   0.0000000E+00   0.0000000E+00   0.0000000E+00   0.0000000E+00   0.0000000E+00
     1.8840000E+03   9.3900000E+02   0.0000000E+00   9.3900000E+02   0.0000000E+00   0.0000000E+00   0.0000000E+00   0.0000000E+00   0.0000000E+00
     1.8850000E+03   9.3900000E+02   0.0000000E+00   9.3900000E+02   0.0000000E+00   0.0000000E+00   0.0000000E+00   0.0000000E+00   0.0000000E+00
     1.8860000E+03   9.3900000E+02   0.0000000E+00   9.3900000E+02   0.0000000E+00   0.0000000E+00   0.0000000E+00   0.0000000E+00   0.0000000E+00
     1.8870000E+03   9.3900000E+02   0.0000000E+00   9.3900000E+02   0.0000000E+00   0.0000000E+00   0.0000000E+00   0.0000000E+00   0.0000000E+00
     1.8880000E+03   9.3900000E+02   0.0000000E+00   9.3900000E+02   0.0000000E+00   0.0000000E+00   0.0000000E+00   0.0000000E+00   0.0000000E+00
     1.8890000E+03   9.3900018E+02   1.6215662E-04   9.3900018E+02   3.1931456E+01   0.0000000E+00   0.0000000E+00   0.0000000E+00   0.0000000E+00
     1.8900000E+03   9.3900000E+02   0.0000000E+00   9.3900000E+02   0.0000000E+00   0.0000000E+00   0.0000000E+00   0.0000000E+00   0.0000000E+00
     1.8910000E+03   9.3900000E+02   0.0000000E+00   9.3900000E+02   0.0000000E+00   0.0000000E+00   0.0000000E+00   0.0000000E+00   0.0000000E+00
     1.8920000E+03   9.3900000E+02   0.0000000E+00   9.3900000E+02   0.0000000E+00   0.0000000E+00   0.0000000E+00   0.0000000E+00   0.0000000E+00
     1.8930000E+03   9.3900092E+02   9.1620180E-04   9.3900092E+02   5.7232953E+02   0.0000000E+00   0.0000000E+00   0.0000000E+00   0.0000000E+00
     1.8940000E+03   9.3900000E+02   0.0000000E+00   9.3900000E+02   0.0000000E+00   0.0000000E+00   0.0000000E+00   0.0000000E+00   0.0000000E+00
     1.8950000E+03   9.3900000E+02   0.0000000E+00   9.3900000E+02   0.0000000E+00   0.0000000E+00   0.0000000E+00   0.0000000E+00   0.0000000E+00
     1.8960000E+03   9.3900000E+02   0.0000000E+00   9.3900000E+02   0.0000000E+00   0.0000000E+00   0.0000000E+00   0.0000000E+00   0.0000000E+00
     1.8970000E+03   9.3900000E+02   0.0000000E+00   9.3900000E+02   0.0000000E+00   0.0000000E+00   0.0000000E+00   0.0000000E+00   0.0000000E+00
     1.8980000E+03   9.3900000E+02   0.0000000E+00   9.3900000E+02   0.0000000E+00   0.0000000E+00   0.0000000E+00   0.0000000E+00   0.0000000E+00
     1.8990000E+03   9.3900000E+02   0.0000000E+00   9.3900000E+02   0.0000000E+00   0.0000000E+00   0.0000000E+00   0.0000000E+00   0.0000000E+00
     1.9000000E+03   9.3900000E+02   0.0000000E+00   9.3900000E+02   0.0000000E+00   0.0000000E+00   0.0000000E+00   0.0000000E+00   0.0000000E+00
     1.9010000E+03   9.3900000E+02   0.0000000E+00   9.3900000E+02   0.0000000E+00   0.0000000E+00   0.0000000E+00   0.0000000E+00   0.0000000E+00
     1.9020000E+03   9.3900000E+02   0.0000000E+00   9.3900000E+02   0.0000000E+00   0.0000000E+00   0.0000000E+00   0.0000000E+00   0.0000000E+00
     1.9030000E+03   9.3900000E+02   0.0000000E+00   9.3900000E+02   0.0000000E+00   0.0000000E+00   0.0000000E+00   0.0000000E+00   0.0000000E+00
     1.9040000E+03   9.3900000E+02   0.0000000E+00   9.3900000E+02   0.0000000E+00   0.0000000E+00   0.0000000E+00   0.0000000E+00   0.0000000E+00
     1.9050000E+03   9.3900000E+02   0.0000000E+00   9.3900000E+02   0.0000000E+00   0.0000000E+00   0.0000000E+00   0.0000000E+00   0.0000000E+00
     1.9060000E+03   9.3900000E+02   0.0000000E+00   9.3900000E+02   0.0000000E+00   0.0000000E+00   0.0000000E+00   0.0000000E+00   0.0000000E+00
     1.9070000E+03   9.3900000E+02   0.0000000E+00   9.3900000E+02   0.0000000E+00   0.0000000E+00   0.0000000E+00   0.0000000E+00   0.0000000E+00
     1.9080000E+03   9.3900000E+02   0.0000000E+00   9.3900000E+02   0.0000000E+00   0.0000000E+00   0.0000000E+00   0.0000000E+00   0.0000000E+00
     1.9090000E+03   9.3900000E+02   0.0000000E+00   9.3900000E+02   0.0000000E+00   0.0000000E+00   0.0000000E+00   0.0000000E+00   0.0000000E+00
     1.9100000E+03   9.3900000E+02   0.0000000E+00   9.3900000E+02   0.0000000E+00   0.0000000E+00   0.0000000E+00   0.0000000E+00   0.0000000E+00
     1.9110000E+03   9.3900000E+02   0.0000000E+00   9.3900000E+02   0.0000000E+00   0.0000000E+00   0.0000000E+00   0.0000000E+00   0.0000000E+00
     1.9120000E+03   9.3900000E+02   0.0000000E+00   9.3900000E+02   0.0000000E+00   0.0000000E+00   0.0000000E+00   0.0000000E+00   0.0000000E+00
     1.9130000E+03   9.3900000E+02   0.0000000E+00   9.3900000E+02   0.0000000E+00   0.0000000E+00   0.0000000E+00   0.0000000E+00   0.0000000E+00
     1.9140000E+03   9.3900000E+02   0.0000000E+00   9.3900000E+02   0.0000000E+00   0.0000000E+00   0.0000000E+00   0.0000000E+00   0.0000000E+00
     1.9150000E+03   9.3900000E+02   0.0000000E+00   9.3900000E+02   0.0000000E+00   0.0000000E+00   0.0000000E+00   0.0000000E+00   0.0000000E+00
     1.9160000E+03   9.3900000E+02   0.0000000E+00   9.3900000E+02   0.0000000E+00   0.0000000E+00   0.0000000E+00   0.0000000E+00   0.0000000E+00
     1.9170000E+03   9.3900000E+02   0.0000000E+00   9.3900000E+02   0.0000000E+00   0.0000000E+00   0.0000000E+00   0.0000000E+00   0.0000000E+00
     1.9180000E+03   9.3900000E+02   0.0000000E+00   9.3900000E+02   0.0000000E+00   0.0000000E+00   0.0000000E+00   0.0000000E+00   0.0000000E+00
     1.9190000E+03   9.3900000E+02   0.0000000E+00   9.3900000E+02   0.0000000E+00   0.0000000E+00   0.0000000E+00   0.0000000E+00   0.0000000E+00
     1.9200000E+03   9.3900000E+02   0.0000000E+00   9.3900000E+02   0.0000000E+00   0.0000000E+00   0.0000000E+00   0.0000000E+00   0.0000000E+00
     1.9210000E+03   9.3900000E+02   0.0000000E+00   9.3900000E+02   0.0000000E+00   0.0000000E+00   0.0000000E+00   0.0000000E+00   0.0000000E+00
     1.9220000E+03   9.3900000E+02   0.0000000E+00   9.3900000E+02   0.0000000E+00   0.0000000E+00   0.0000000E+00   0.0000000E+00   0.0000000E+00
     1.9230000E+03   9.3900000E+02   0.0000000E+00   9.3900000E+02   0.0000000E+00   0.0000000E+00   0.0000000E+00   0.0000000E+00   0.0000000E+00
     1.9240000E+03   9.3900000E+02   0.0000000E+00   9.3900000E+02   0.0000000E+00   0.0000000E+00   0.0000000E+00   0.0000000E+00   0.0000000E+00
     1.9250000E+03   9.3900000E+02   0.0000000E+00   9.3900000E+02   0.0000000E+00   0.0000000E+00   0.0000000E+00   0.0000000E+00   0.0000000E+00
     1.9260000E+03   9.3900000E+02   0.0000000E+00   9.3900000E+02   0.0000000E+00   0.0000000E+00   0.0000000E+00   0.0000000E+00   0.0000000E+00
     1.9270000E+03   9.3900000E+02   0.0000000E+00   9.3900000E+02   0.0000000E+00   0.0000000E+00   0.0000000E+00   0.0000000E+00   0.0000000E+00
     1.9280000E+03   9.3900000E+02   0.0000000E+00   9.3900000E+02   0.0000000E+00   0.0000000E+00   0.0000000E+00   0.0000000E+00   0.0000000E+00
     1.9290000E+03   9.3900012E+02   1.5226324E-04   9.3900012E+02   2.8750982E+01   0.0000000E+00   0.0000000E+00   0.0000000E+00   0.0000000E+00
     1.9300000E+03   9.3900000E+02   0.0000000E+00   9.3900000E+02   0.0000000E+00   0.0000000E+00   0.0000000E+00   0.0000000E+00   0.0000000E+00
     1.9310000E+03   9.3900000E+02   0.0000000E+00   9.3900000E+02   0.0000000E+00   0.0000000E+00   0.0000000E+00   0.0000000E+00   0.0000000E+00
     1.9320000E+03   9.3900000E+02   0.0000000E+00   9.3900000E+02   0.0000000E+00   0.0000000E+00   0.0000000E+00   0.0000000E+00   0.0000000E+00
     1.9330000E+03   9.3900000E+02   0.0000000E+00   9.3900000E+02   0.0000000E+00   0.0000000E+00   0.0000000E+00   0.0000000E+00   0.0000000E+00
     1.9340000E+03   9.3900000E+02   0.0000000E+00   9.3900000E+02   0.0000000E+00   0.0000000E+00   0.0000000E+00   0.0000000E+00   0.0000000E+00
     1.9350000E+03   9.3900000E+02   0.0000000E+00   9.3900000E+02   0.0000000E+00   0.0000000E+00   0.0000000E+00   0.0000000E+00   0.0000000E+00
     1.9360000E+03   9.3900000E+02   0.0000000E+00   9.3900000E+02   0.0000000E+00   0.0000000E+00   0.0000000E+00   0.0000000E+00   0.0000000E+00
     1.9370000E+03   9.3900000E+02   0.0000000E+00   9.3900000E+02   0.0000000E+00   0.0000000E+00   0.0000000E+00   0.0000000E+00   0.0000000E+00
     1.9380000E+03   9.3900000E+02   0.0000000E+00   9.3900000E+02   0.0000000E+00   0.0000000E+00   0.0000000E+00   0.0000000E+00   0.0000000E+00
     1.9390000E+03   9.3900000E+02   0.0000000E+00   9.3900000E+02   0.0000000E+00   0.0000000E+00   0.0000000E+00   0.0000000E+00   0.0000000E+00
     1.9400000E+03   9.3900000E+02   0.0000000E+00   9.3900000E+02   0.0000000E+00   0.0000000E+00   0.0000000E+00   0.0000000E+00   0.0000000E+00
     1.9410000E+03   9.3900000E+02   0.0000000E+00   9.3900000E+02   0.0000000E+00   0.0000000E+00   0.0000000E+00   0.0000000E+00   0.0000000E+00
     1.9420000E+03   9.3900000E+02   0.0000000E+00   9.3900000E+02   0.0000000E+00   0.0000000E+00   0.0000000E+00   0.0000000E+00   0.0000000E+00
     1.9430000E+03   9.3900000E+02   0.0000000E+00   9.3900000E+02   0.0000000E+00   0.0000000E+00   0.0000000E+00   0.0000000E+00   0.0000000E+00
     1.9440000E+03   9.3900000E+02   0.0000000E+00   9.3900000E+02   0.0000000E+00   0.0000000E+00   0.0000000E+00   0.0000000E+00   0.0000000E+00
     1.9450000E+03   9.3900000E+02   0.0000000E+00   9.3900000E+02   0.0000000E+00   0.0000000E+00   0.0000000E+00   0.0000000E+00   0.0000000E+00
     1.9460000E+03   9.3900006E+02   6.3462387E-05   9.3900006E+02   6.6863370E+00   0.0000000E+00   0.0000000E+00   0.0000000E+00   0.0000000E+00
     1.9470000E+03   9.3900037E+02   3.9296373E-04   9.3900037E+02   1.3960951E+02   0.0000000E+00   0.0000000E+00   0.0000000E+00   0.0000000E+00
     1.9480000E+03   9.3900000E+02   0.0000000E+00   9.3900000E+02   0.0000000E+00   0.0000000E+00   0.0000000E+00   0.0000000E+00   0.0000000E+00
     1.9490000E+03   9.3900049E+02   4.8392950E-04   9.3900049E+02   1.9752908E+02   0.0000000E+00   0.0000000E+00   0.0000000E+00   0.0000000E+00
     1.9500000E+03   9.3900000E+02   0.0000000E+00   9.3900000E+02   0.0000000E+00   0.0000000E+00   0.0000000E+00   0.0000000E+00   0.0000000E+00
     1.9510000E+03   9.3900012E+02   1.2553256E-04   9.3900012E+02   2.0841143E+01   0.0000000E+00   0.0000000E+00   0.0000000E+00   0.0000000E+00
     1.9520000E+03   9.3900000E+02   0.0000000E+00   9.3900000E+02   0.0000000E+00   0.0000000E+00   0.0000000E+00   0.0000000E+00   0.0000000E+00
     1.9530000E+03   9.3900000E+02   0.0000000E+00   9.3900000E+02   0.0000000E+00   0.0000000E+00   0.0000000E+00   0.0000000E+00   0.0000000E+00
     1.9540000E+03   9.3900104E+02   1.0104533E-03   9.3900104E+02   6.7378497E+02   0.0000000E+00   0.0000000E+00   0.0000000E+00   0.0000000E+00
     1.9550000E+03   9.3900031E+02   3.3084690E-04   9.3900031E+02   1.0480275E+02   0.0000000E+00   0.0000000E+00   0.0000000E+00   0.0000000E+00
     1.9560000E+03   9.3900061E+02   5.8036216E-04   9.3900061E+02   2.6739874E+02   0.0000000E+00   0.0000000E+00   0.0000000E+00   0.0000000E+00
     1.9570000E+03   9.3900018E+02   2.1287020E-04   9.3900018E+02   5.0255745E+01   0.0000000E+00   0.0000000E+00   0.0000000E+00   0.0000000E+00
     1.9580000E+03   9.3900043E+02   4.5599532E-04   9.3900043E+02   1.7889363E+02   0.0000000E+00   0.0000000E+00   0.0000000E+00   0.0000000E+00
     1.9590000E+03   9.3900012E+02   9.4360599E-05   9.3900012E+02   1.2951262E+01   0.0000000E+00   0.0000000E+00   0.0000000E+00   0.0000000E+00
     1.9600000E+03   9.3900000E+02   0.0000000E+00   9.3900000E+02   0.0000000E+00   0.0000000E+00   0.0000000E+00   0.0000000E+00   0.0000000E+00
     1.9610000E+03   9.3900000E+02   0.0000000E+00   9.3900000E+02   0.0000000E+00   0.0000000E+00   0.0000000E+00   0.0000000E+00   0.0000000E+00
     1.9620000E+03   9.3900000E+02   0.0000000E+00   9.3900000E+02   0.0000000E+00   0.0000000E+00   0.0000000E+00   0.0000000E+00   0.0000000E+00
     1.9630000E+03   9.3900000E+02   0.0000000E+00   9.3900000E+02   0.0000000E+00   0.0000000E+00   0.0000000E+00   0.0000000E+00   0.0000000E+00
     1.9640000E+03   9.3900024E+02   2.4955047E-04   9.3900024E+02   6.5502556E+01   0.0000000E+00   0.0000000E+00   0.0000000E+00   0.0000000E+00
     1.9650000E+03   9.3900000E+02   0.0000000E+00   9.3900000E+02   0.0000000E+00   0.0000000E+00   0.0000000E+00   0.0000000E+00   0.0000000E+00
     1.9660000E+03   9.3900000E+02   0.0000000E+00   9.3900000E+02   0.0000000E+00   0.0000000E+00   0.0000000E+00   0.0000000E+00   0.0000000E+00
     1.9670000E+03   9.3900012E+02   1.3981957E-04   9.3900012E+02   2.4942549E+01   0.0000000E+00   0.0000000E+00   0.0000000E+00   0.0000000E+00
     1.9680000E+03   9.3900000E+02   0.0000000E+00   9.3900000E+02   0.0000000E+00   0.0000000E+00   0.0000000E+00   0.0000000E+00   0.0000000E+00
     1.9690000E+03   9.3900000E+02   0.0000000E+00   9.3900000E+02   0.0000000E+00   0.0000000E+00   0.0000000E+00   0.0000000E+00   0.0000000E+00
     1.9700000E+03   9.3900000E+02   0.0000000E+00   9.3900000E+02   0.0000000E+00   0.0000000E+00   0.0000000E+00   0.0000000E+00   0.0000000E+00
     1.9710000E+03   9.3900000E+02   0.0000000E+00   9.3900000E+02   0.0000000E+00   0.0000000E+00   0.0000000E+00   0.0000000E+00   0.0000000E+00
     1.9720000E+03   9.3900000E+02   0.0000000E+00   9.3900000E+02   0.0000000E+00   0.0000000E+00   0.0000000E+00   0.0000000E+00   0.0000000E+00
     1.9730000E+03   9.3900000E+02   0.0000000E+00   9.3900000E+02   0.0000000E+00   0.0000000E+00   0.0000000E+00   0.0000000E+00   0.0000000E+00
     1.9740000E+03   9.3900000E+02   0.0000000E+00   9.3900000E+02   0.0000000E+00   0.0000000E+00   0.0000000E+00   0.0000000E+00   0.0000000E+00
     1.9750000E+03   9.3900067E+02   6.6216075E-04   9.3900067E+02   3.3311945E+02   0.0000000E+00   0.0000000E+00   0.0000000E+00   0.0000000E+00
     1.9760000E+03   9.3900128E+02   1.2785329E-03   9.3900128E+02   9.9734955E+02   0.0000000E+00   0.0000000E+00   0.0000000E+00   0.0000000E+00
     1.9770000E+03   9.3900055E+02   5.4726930E-04   9.3900055E+02   2.4247261E+02   0.0000000E+00   0.0000000E+00   0.0000000E+00   0.0000000E+00
     1.9780000E+03   9.3900000E+02   0.0000000E+00   9.3900000E+02   0.0000000E+00   0.0000000E+00   0.0000000E+00   0.0000000E+00   0.0000000E+00
     1.9790000E+03   9.3900024E+02   2.5926827E-04   9.3900024E+02   6.9808754E+01   0.0000000E+00   0.0000000E+00   0.0000000E+00   0.0000000E+00
     1.9800000E+03   9.3900049E+02   5.1060627E-04   9.3900049E+02   2.1600864E+02   0.0000000E+00   0.0000000E+00   0.0000000E+00   0.0000000E+00
     1.9810000E+03   9.3900000E+02   0.0000000E+00   9.3900000E+02   0.0000000E+00   0.0000000E+00   0.0000000E+00   0.0000000E+00   0.0000000E+00
     1.9820000E+03   9.3900055E+02   5.2936474E-04   9.3900055E+02   2.2939603E+02   0.0000000E+00   0.0000000E+00   0.0000000E+00   0.0000000E+00
     1.9830000E+03   9.3900000E+02   0.0000000E+00   9.3900000E+02   0.0000000E+00   0.0000000E+00   0.0000000E+00   0.0000000E+00   0.0000000E+00
     1.9840000E+03   9.3900000E+02   0.0000000E+00   9.3900000E+02   0.0000000E+00   0.0000000E+00   0.0000000E+00   0.0000000E+00   0.0000000E+00
     1.9850000E+03   9.3900000E+02   0.0000000E+00   9.3900000E+02   0.0000000E+00   0.0000000E+00   0.0000000E+00   0.0000000E+00   0.0000000E+00
     1.9860000E+03   9.3900018E+02   1.6275981E-04   9.3900018E+02   3.2129665E+01   0.0000000E+00   0.0000000E+00   0.0000000E+00   0.0000000E+00
     1.9870000E+03   9.3900000E+02   0.0000000E+00   9.3900000E+02   0.0000000E+00   0.0000000E+00   0.0000000E+00   0.0000000E+00   0.0000000E+00
     1.9880000E+03   9.3900000E+02   0.0000000E+00   9.3900000E+02   0.0000000E+00   0.0000000E+00   0.0000000E+00   0.0000000E+00   0.0000000E+00
     1.9890000E+03   9.3900000E+02   0.0000000E+00   9.3900000E+02   0.0000000E+00   0.0000000E+00   0.0000000E+00   0.0000000E+00   0.0000000E+00
     1.9900000E+03   9.3900000E+02   0.0000000E+00   9.3900000E+02   0.0000000E+00   0.0000000E+00   0.0000000E+00   0.0000000E+00   0.0000000E+00
     1.9910000E+03   9.3900000E+02   0.0000000E+00   9.3900000E+02   0.0000000E+00   0.0000000E+00   0.0000000E+00   0.0000000E+00   0.0000000E+00
     1.9920000E+03   9.3900000E+02   0.0000000E+00   9.3900000E+02   0.0000000E+00   0.0000000E+00   0.0000000E+00   0.0000000E+00   0.0000000E+00
     1.9930000E+03   9.3900000E+02   0.0000000E+00   9.3900000E+02   0.0000000E+00   0.0000000E+00   0.0000000E+00   0.0000000E+00   0.0000000E+00
     1.9940000E+03   9.3900000E+02   0.0000000E+00   9.3900000E+02   0.0000000E+00   0.0000000E+00   0.0000000E+00   0.0000000E+00   0.0000000E+00
     1.9950000E+03   9.3900000E+02   0.0000000E+00   9.3900000E+02   0.0000000E+00   0.0000000E+00   0.0000000E+00   0.0000000E+00   0.0000000E+00
     1.9960000E+03   9.3900000E+02   0.0000000E+00   9.3900000E+02   0.0000000E+00   0.0000000E+00   0.0000000E+00   0.0000000E+00   0.0000000E+00
     1.9970000E+03   9.3900000E+02   0.0000000E+00   9.3900000E+02   0.0000000E+00   0.0000000E+00   0.0000000E+00   0.0000000E+00   0.0000000E+00
     1.9980000E+03   9.3900000E+02   0.0000000E+00   9.3900000E+02   0.0000000E+00   0.0000000E+00   0.0000000E+00   0.0000000E+00   0.0000000E+00
     1.9990000E+03   9.3900000E+02   0.0000000E+00   9.3900000E+02   0.0000000E+00   0.0000000E+00   0.0000000E+00   0.0000000E+00   0.0000000E+00
     2.0000000E+03   9.3900000E+02   0.0000000E+00   9.3900000E+02   0.0000000E+00   0.0000000E+00   0.0000000E+00   0.0000000E+00   0.0000000E+00
     2.0010000E+03   9.3900000E+02   0.0000000E+00   9.3900000E+02   0.0000000E+00   0.0000000E+00   0.0000000E+00   0.0000000E+00   0.0000000E+00
     2.0020000E+03   9.3900043E+02   4.0190702E-04   9.3900043E+02   1.4494510E+02   0.0000000E+00   0.0000000E+00   0.0000000E+00   0.0000000E+00
     2.0030000E+03   9.3900085E+02   8.5662649E-04   9.3900085E+02   5.1165836E+02   0.0000000E+00   0.0000000E+00   0.0000000E+00   0.0000000E+00
     2.0040000E+03   9.3900000E+02   0.0000000E+00   9.3900000E+02   0.0000000E+00   0.0000000E+00   0.0000000E+00   0.0000000E+00   0.0000000E+00
     2.0050000E+03   9.3900000E+02   0.0000000E+00   9.3900000E+02   0.0000000E+00   0.0000000E+00   0.0000000E+00   0.0000000E+00   0.0000000E+00
     2.0060000E+03   9.3900110E+02   1.1045084E-03   9.3900110E+02   7.8152454E+02   0.0000000E+00   0.0000000E+00   0.0000000E+00   0.0000000E+00
     2.0070000E+03   9.3900000E+02   0.0000000E+00   9.3900000E+02   0.0000000E+00   0.0000000E+00   0.0000000E+00   0.0000000E+00   0.0000000E+00
     2.0080000E+03   9.3900134E+02   1.3219342E-03   9.3900134E+02   1.0544126E+03   0.0000000E+00   0.0000000E+00   0.0000000E+00   0.0000000E+00
     2.0090000E+03   9.3900085E+02   8.7001245E-04   9.3900085E+02   5.2505322E+02   0.0000000E+00   0.0000000E+00   0.0000000E+00   0.0000000E+00
     2.0100000E+03   9.3900000E+02   0.0000000E+00   9.3900000E+02   0.0000000E+00   0.0000000E+00   0.0000000E+00   0.0000000E+00   0.0000000E+00
     2.0110000E+03   9.3900037E+02   3.6531180E-04   9.3900037E+02   1.2362332E+02   0.0000000E+00   0.0000000E+00   0.0000000E+00   0.0000000E+00
     2.0120000E+03   9.3900049E+02   4.7347843E-04   9.3900049E+02   1.9047058E+02   0.0000000E+00   0.0000000E+00   0.0000000E+00   0.0000000E+00
     2.0130000E+03   9.3900000E+02   0.0000000E+00   9.3900000E+02   0.0000000E+00   0.0000000E+00   0.0000000E+00   0.0000000E+00   0.0000000E+00
     2.0140000E+03   9.3900000E+02   0.0000000E+00   9.3900000E+02   0.0000000E+00   0.0000000E+00   0.0000000E+00   0.0000000E+00   0.0000000E+00
     2.0150000E+03   9.3900000E+02   0.0000000E+00   9.3900000E+02   0.0000000E+00   0.0000000E+00   0.0000000E+00   0.0000000E+00   0.0000000E+00
     2.0160000E+03   9.3900000E+02   0.0000000E+00   9.3900000E+02   0.0000000E+00   0.0000000E+00   0.0000000E+00   0.0000000E+00   0.0000000E+00
     2.0170000E+03   9.3900000E+02   0.0000000E+00   9.3900000E+02   0.0000000E+00   0.0000000E+00   0.0000000E+00   0.0000000E+00   0.0000000E+00
     2.0180000E+03   9.3900000E+02   0.0000000E+00   9.3900000E+02   0.0000000E+00   0.0000000E+00   0.0000000E+00   0.0000000E+00   0.0000000E+00
     2.0190000E+03   9.3900000E+02   0.0000000E+00   9.3900000E+02   0.0000000E+00   0.0000000E+00   0.0000000E+00   0.0000000E+00   0.0000000E+00
     2.0200000E+03   9.3900000E+02   0.0000000E+00   9.3900000E+02   0.0000000E+00   0.0000000E+00   0.0000000E+00   0.0000000E+00   0.0000000E+00
     2.0210000E+03   9.3900000E+02   0.0000000E+00   9.3900000E+02   0.0000000E+00   0.0000000E+00   0.0000000E+00   0.0000000E+00   0.0000000E+00
     2.0220000E+03   9.3900000E+02   0.0000000E+00   9.3900000E+02   0.0000000E+00   0.0000000E+00   0.0000000E+00   0.0000000E+00   0.0000000E+00
     2.0230000E+03   9.3900000E+02   0.0000000E+00   9.3900000E+02   0.0000000E+00   0.0000000E+00   0.0000000E+00   0.0000000E+00   0.0000000E+00
     2.0240000E+03   9.3900000E+02   0.0000000E+00   9.3900000E+02   0.0000000E+00   0.0000000E+00   0.0000000E+00   0.0000000E+00   0.0000000E+00
     2.0250000E+03   9.3900000E+02   0.0000000E+00   9.3900000E+02   0.0000000E+00   0.0000000E+00   0.0000000E+00   0.0000000E+00   0.0000000E+00
     2.0260000E+03   9.3900000E+02   0.0000000E+00   9.3900000E+02   0.0000000E+00   0.0000000E+00   0.0000000E+00   0.0000000E+00   0.0000000E+00
     2.0270000E+03   9.3900000E+02   0.0000000E+00   9.3900000E+02   0.0000000E+00   0.0000000E+00   0.0000000E+00   0.0000000E+00   0.0000000E+00
     2.0280000E+03   9.3900000E+02   0.0000000E+00   9.3900000E+02   0.0000000E+00   0.0000000E+00   0.0000000E+00   0.0000000E+00   0.0000000E+00
     2.0290000E+03   9.3900012E+02   9.6651776E-05   9.3900012E+02   1.3479609E+01   0.0000000E+00   0.0000000E+00   0.0000000E+00   0.0000000E+00
     2.0300000E+03   9.3900000E+02   0.0000000E+00   9.3900000E+02   0.0000000E+00   0.0000000E+00   0.0000000E+00   0.0000000E+00   0.0000000E+00
     2.0310000E+03   9.3900000E+02   0.0000000E+00   9.3900000E+02   0.0000000E+00   0.0000000E+00   0.0000000E+00   0.0000000E+00   0.0000000E+00
     2.0320000E+03   9.3900037E+02   3.7640601E-04   9.3900037E+02   1.2994368E+02   0.0000000E+00   0.0000000E+00   0.0000000E+00   0.0000000E+00
     2.0330000E+03   9.3900146E+02   1.4445784E-03   9.3900146E+02   1.2224453E+03   0.0000000E+00   0.0000000E+00   0.0000000E+00   0.0000000E+00
     2.0340000E+03   9.3900000E+02   0.0000000E+00   9.3900000E+02   0.0000000E+00   0.0000000E+00   0.0000000E+00   0.0000000E+00   0.0000000E+00
     2.0350000E+03   9.3900000E+02   0.0000000E+00   9.3900000E+02   0.0000000E+00   0.0000000E+00   0.0000000E+00   0.0000000E+00   0.0000000E+00
     2.0360000E+03   9.3900000E+02   0.0000000E+00   9.3900000E+02   0.0000000E+00   0.0000000E+00   0.0000000E+00   0.0000000E+00   0.0000000E+00
     2.0370000E+03   9.3900000E+02   0.0000000E+00   9.3900000E+02   0.0000000E+00   0.0000000E+00   0.0000000E+00   0.0000000E+00   0.0000000E+00
     2.0380000E+03   9.3900000E+02   0.0000000E+00   9.3900000E+02   0.0000000E+00   0.0000000E+00   0.0000000E+00   0.0000000E+00   0.0000000E+00
     2.0390000E+03   9.3900000E+02   0.0000000E+00   9.3900000E+02   0.0000000E+00   0.0000000E+00   0.0000000E+00   0.0000000E+00   0.0000000E+00
     2.0400000E+03   9.3900000E+02   0.0000000E+00   9.3900000E+02   0.0000000E+00   0.0000000E+00   0.0000000E+00   0.0000000E+00   0.0000000E+00
     2.0410000E+03   9.3900000E+02   0.0000000E+00   9.3900000E+02   0.0000000E+00   0.0000000E+00   0.0000000E+00   0.0000000E+00   0.0000000E+00
     2.0420000E+03   9.3900000E+02   0.0000000E+00   9.3900000E+02   0.0000000E+00   0.0000000E+00   0.0000000E+00   0.0000000E+00   0.0000000E+00
     2.0430000E+03   9.3900000E+02   0.0000000E+00   9.3900000E+02   0.0000000E+00   0.0000000E+00   0.0000000E+00   0.0000000E+00   0.0000000E+00
     2.0440000E+03   9.3900000E+02   0.0000000E+00   9.3900000E+02   0.0000000E+00   0.0000000E+00   0.0000000E+00   0.0000000E+00   0.0000000E+00
     2.0450000E+03   9.3900000E+02   0.0000000E+00   9.3900000E+02   0.0000000E+00   0.0000000E+00   0.0000000E+00   0.0000000E+00   0.0000000E+00
     2.0460000E+03   9.3900024E+02   2.4277408E-04   9.3900024E+02   6.2564999E+01   0.0000000E+00   0.0000000E+00   0.0000000E+00   0.0000000E+00
     2.0470000E+03   9.3900000E+02   0.0000000E+00   9.3900000E+02   0.0000000E+00   0.0000000E+00   0.0000000E+00   0.0000000E+00   0.0000000E+00
     2.0480000E+03   9.3900000E+02   0.0000000E+00   9.3900000E+02   0.0000000E+00   0.0000000E+00   0.0000000E+00   0.0000000E+00   0.0000000E+00
     2.0490000E+03   9.3900000E+02   0.0000000E+00   9.3900000E+02   0.0000000E+00   0.0000000E+00   0.0000000E+00   0.0000000E+00   0.0000000E+00
     2.0500000E+03   9.3900000E+02   0.0000000E+00   9.3900000E+02   0.0000000E+00   0.0000000E+00   0.0000000E+00   0.0000000E+00   0.0000000E+00
     2.0510000E+03   9.3900000E+02   0.0000000E+00   9.3900000E+02   0.0000000E+00   0.0000000E+00   0.0000000E+00   0.0000000E+00   0.0000000E+00
     2.0520000E+03   9.3900000E+02   0.0000000E+00   9.3900000E+02   0.0000000E+00   0.0000000E+00   0.0000000E+00   0.0000000E+00   0.0000000E+00
     2.0530000E+03   9.3900000E+02   0.0000000E+00   9.3900000E+02   0.0000000E+00   0.0000000E+00   0.0000000E+00   0.0000000E+00   0.0000000E+00
     2.0540000E+03   9.3900000E+02   0.0000000E+00   9.3900000E+02   0.0000000E+00   0.0000000E+00   0.0000000E+00   0.0000000E+00   0.0000000E+00
     2.0550000E+03   9.3900000E+02   0.0000000E+00   9.3900000E+02   0.0000000E+00   0.0000000E+00   0.0000000E+00   0.0000000E+00   0.0000000E+00
     2.0560000E+03   9.3900000E+02   0.0000000E+00   9.3900000E+02   0.0000000E+00   0.0000000E+00   0.0000000E+00   0.0000000E+00   0.0000000E+00
     2.0570000E+03   9.3900000E+02   0.0000000E+00   9.3900000E+02   0.0000000E+00   0.0000000E+00   0.0000000E+00   0.0000000E+00   0.0000000E+00
     2.0580000E+03   9.3900000E+02   0.0000000E+00   9.3900000E+02   0.0000000E+00   0.0000000E+00   0.0000000E+00   0.0000000E+00   0.0000000E+00
     2.0590000E+03   9.3900000E+02   0.0000000E+00   9.3900000E+02   0.0000000E+00   0.0000000E+00   0.0000000E+00   0.0000000E+00   0.0000000E+00
     2.0600000E+03   9.3900000E+02   0.0000000E+00   9.3900000E+02   0.0000000E+00   0.0000000E+00   0.0000000E+00   0.0000000E+00   0.0000000E+00
     2.0610000E+03   9.3900000E+02   0.0000000E+00   9.3900000E+02   0.0000000E+00   0.0000000E+00   0.0000000E+00   0.0000000E+00   0.0000000E+00
     2.0620000E+03   9.3900000E+02   0.0000000E+00   9.3900000E+02   0.0000000E+00   0.0000000E+00   0.0000000E+00   0.0000000E+00   0.0000000E+00
     2.0630000E+03   9.3900000E+02   0.0000000E+00   9.3900000E+02   0.0000000E+00   0.0000000E+00   0.0000000E+00   0.0000000E+00   0.0000000E+00
     2.0640000E+03   9.3900000E+02   0.0000000E+00   9.3900000E+02   0.0000000E+00   0.0000000E+00   0.0000000E+00   0.0000000E+00   0.0000000E+00
     2.0650000E+03   9.3900000E+02   0.0000000E+00   9.3900000E+02   0.0000000E+00   0.0000000E+00   0.0000000E+00   0.0000000E+00   0.0000000E+00
     2.0660000E+03   9.3900000E+02   0.0000000E+00   9.3900000E+02   0.0000000E+00   0.0000000E+00   0.0000000E+00   0.0000000E+00   0.0000000E+00
     2.0670000E+03   9.3900000E+02   0.0000000E+00   9.3900000E+02   0.0000000E+00   0.0000000E+00   0.0000000E+00   0.0000000E+00   0.0000000E+00
     2.0680000E+03   9.3900000E+02   0.0000000E+00   9.3900000E+02   0.0000000E+00   0.0000000E+00   0.0000000E+00   0.0000000E+00   0.0000000E+00
     2.0690000E+03   9.3900000E+02   0.0000000E+00   9.3900000E+02   0.0000000E+00   0.0000000E+00   0.0000000E+00   0.0000000E+00   0.0000000E+00
     2.0700000E+03   9.3900000E+02   0.0000000E+00   9.3900000E+02   0.0000000E+00   0.0000000E+00   0.0000000E+00   0.0000000E+00   0.0000000E+00
     2.0710000E+03   9.3900000E+02   0.0000000E+00   9.3900000E+02   0.0000000E+00   0.0000000E+00   0.0000000E+00   0.0000000E+00   0.0000000E+00
     2.0720000E+03   9.3900000E+02   0.0000000E+00   9.3900000E+02   0.0000000E+00   0.0000000E+00   0.0000000E+00   0.0000000E+00   0.0000000E+00
     2.0730000E+03   9.3900000E+02   0.0000000E+00   9.3900000E+02   0.0000000E+00   0.0000000E+00   0.0000000E+00   0.0000000E+00   0.0000000E+00
     2.0740000E+03   9.3900000E+02   0.0000000E+00   9.3900000E+02   0.0000000E+00   0.0000000E+00   0.0000000E+00   0.0000000E+00   0.0000000E+00
     2.0750000E+03   9.3900000E+02   0.0000000E+00   9.3900000E+02   0.0000000E+00   0.0000000E+00   0.0000000E+00   0.0000000E+00   0.0000000E+00
     2.0760000E+03   9.3900000E+02   0.0000000E+00   9.3900000E+02   0.0000000E+00   0.0000000E+00   0.0000000E+00   0.0000000E+00   0.0000000E+00
     2.0770000E+03   9.3900000E+02   0.0000000E+00   9.3900000E+02   0.0000000E+00   0.0000000E+00   0.0000000E+00   0.0000000E+00   0.0000000E+00
     2.0780000E+03   9.3900000E+02   0.0000000E+00   9.3900000E+02   0.0000000E+00   0.0000000E+00   0.0000000E+00   0.0000000E+00   0.0000000E+00
     2.0790000E+03   9.3900000E+02   0.0000000E+00   9.3900000E+02   0.0000000E+00   0.0000000E+00   0.0000000E+00   0.0000000E+00   0.0000000E+00
     2.0800000E+03   9.3900000E+02   0.0000000E+00   9.3900000E+02   0.0000000E+00   0.0000000E+00   0.0000000E+00   0.0000000E+00   0.0000000E+00
     2.0810000E+03   9.3900000E+02   0.0000000E+00   9.3900000E+02   0.0000000E+00   0.0000000E+00   0.0000000E+00   0.0000000E+00   0.0000000E+00
     2.0820000E+03   9.3900000E+02   0.0000000E+00   9.3900000E+02   0.0000000E+00   0.0000000E+00   0.0000000E+00   0.0000000E+00   0.0000000E+00
     2.0830000E+03   9.3900000E+02   0.0000000E+00   9.3900000E+02   0.0000000E+00   0.0000000E+00   0.0000000E+00   0.0000000E+00   0.0000000E+00
     2.0840000E+03   9.3900000E+02   0.0000000E+00   9.3900000E+02   0.0000000E+00   0.0000000E+00   0.0000000E+00   0.0000000E+00   0.0000000E+00
     2.0850000E+03   9.3900000E+02   0.0000000E+00   9.3900000E+02   0.0000000E+00   0.0000000E+00   0.0000000E+00   0.0000000E+00   0.0000000E+00
     2.0860000E+03   9.3900000E+02   0.0000000E+00   9.3900000E+02   0.0000000E+00   0.0000000E+00   0.0000000E+00   0.0000000E+00   0.0000000E+00
     2.0870000E+03   9.3900000E+02   0.0000000E+00   9.3900000E+02   0.0000000E+00   0.0000000E+00   0.0000000E+00   0.0000000E+00   0.0000000E+00
     2.0880000E+03   9.3900000E+02   0.0000000E+00   9.3900000E+02   0.0000000E+00   0.0000000E+00   0.0000000E+00   0.0000000E+00   0.0000000E+00
     2.0890000E+03   9.3900000E+02   0.0000000E+00   9.3900000E+02   0.0000000E+00   0.0000000E+00   0.0000000E+00   0.0000000E+00   0.0000000E+00
     2.0900000E+03   9.3900000E+02   0.0000000E+00   9.3900000E+02   0.0000000E+00   0.0000000E+00   0.0000000E+00   0.0000000E+00   0.0000000E+00
     2.0910000E+03   9.3900000E+02   0.0000000E+00   9.3900000E+02   0.0000000E+00   0.0000000E+00   0.0000000E+00   0.0000000E+00   0.0000000E+00
     2.0920000E+03   9.3900000E+02   0.0000000E+00   9.3900000E+02   0.0000000E+00   0.0000000E+00   0.0000000E+00   0.0000000E+00   0.0000000E+00
     2.0930000E+03   9.3900000E+02   0.0000000E+00   9.3900000E+02   0.0000000E+00   0.0000000E+00   0.0000000E+00   0.0000000E+00   0.0000000E+00
     2.0940000E+03   9.3900000E+02   0.0000000E+00   9.3900000E+02   0.0000000E+00   0.0000000E+00   0.0000000E+00   0.0000000E+00   0.0000000E+00
     2.0950000E+03   9.3900000E+02   0.0000000E+00   9.3900000E+02   0.0000000E+00   0.0000000E+00   0.0000000E+00   0.0000000E+00   0.0000000E+00
     2.0960000E+03   9.3900000E+02   0.0000000E+00   9.3900000E+02   0.0000000E+00   0.0000000E+00   0.0000000E+00   0.0000000E+00   0.0000000E+00
     2.0970000E+03   9.3900000E+02   0.0000000E+00   9.3900000E+02   0.0000000E+00   0.0000000E+00   0.0000000E+00   0.0000000E+00   0.0000000E+00
     2.0980000E+03   9.3900000E+02   0.0000000E+00   9.3900000E+02   0.0000000E+00   0.0000000E+00   0.0000000E+00   0.0000000E+00   0.0000000E+00
     2.0990000E+03   9.3900000E+02   0.0000000E+00   9.3900000E+02   0.0000000E+00   0.0000000E+00   0.0000000E+00   0.0000000E+00   0.0000000E+00
     2.1000000E+03   9.3900000E+02   0.0000000E+00   9.3900000E+02   0.0000000E+00   0.0000000E+00   0.0000000E+00   0.0000000E+00   0.0000000E+00
     2.1010000E+03   9.3900000E+02   0.0000000E+00   9.3900000E+02   0.0000000E+00   0.0000000E+00   0.0000000E+00   0.0000000E+00   0.0000000E+00
     2.1020000E+03   9.3900000E+02   0.0000000E+00   9.3900000E+02   0.0000000E+00   0.0000000E+00   0.0000000E+00   0.0000000E+00   0.0000000E+00
     2.1030000E+03   9.3900000E+02   0.0000000E+00   9.3900000E+02   0.0000000E+00   0.0000000E+00   0.0000000E+00   0.0000000E+00   0.0000000E+00
     2.1040000E+03   9.3900000E+02   0.0000000E+00   9.3900000E+02   0.0000000E+00   0.0000000E+00   0.0000000E+00   0.0000000E+00   0.0000000E+00
     2.1050000E+03   9.3900000E+02   0.0000000E+00   9.3900000E+02   0.0000000E+00   0.0000000E+00   0.0000000E+00   0.0000000E+00   0.0000000E+00
     2.1060000E+03   9.3900000E+02   0.0000000E+00   9.3900000E+02   0.0000000E+00   0.0000000E+00   0.0000000E+00   0.0000000E+00   0.0000000E+00
     2.1070000E+03   9.3900000E+02   0.0000000E+00   9.3900000E+02   0.0000000E+00   0.0000000E+00   0.0000000E+00   0.0000000E+00   0.0000000E+00
     2.1080000E+03   9.3900000E+02   0.0000000E+00   9.3900000E+02   0.0000000E+00   0.0000000E+00   0.0000000E+00   0.0000000E+00   0.0000000E+00
     2.1090000E+03   9.3900000E+02   0.0000000E+00   9.3900000E+02   0.0000000E+00   0.0000000E+00   0.0000000E+00   0.0000000E+00   0.0000000E+00
     2.1100000E+03   9.3900000E+02   0.0000000E+00   9.3900000E+02   0.0000000E+00   0.0000000E+00   0.0000000E+00   0.0000000E+00   0.0000000E+00
     2.1110000E+03   9.3900000E+02   0.0000000E+00   9.3900000E+02   0.0000000E+00   0.0000000E+00   0.0000000E+00   0.0000000E+00   0.0000000E+00
     2.1120000E+03   9.3900000E+02   0.0000000E+00   9.3900000E+02   0.0000000E+00   0.0000000E+00   0.0000000E+00   0.0000000E+00   0.0000000E+00
     2.1130000E+03   9.3900000E+02   0.0000000E+00   9.3900000E+02   0.0000000E+00   0.0000000E+00   0.0000000E+00   0.0000000E+00   0.0000000E+00
     2.1140000E+03   9.3900000E+02   0.0000000E+00   9.3900000E+02   0.0000000E+00   0.0000000E+00   0.0000000E+00   0.0000000E+00   0.0000000E+00
     2.1150000E+03   9.3900000E+02   0.0000000E+00   9.3900000E+02   0.0000000E+00   0.0000000E+00   0.0000000E+00   0.0000000E+00   0.0000000E+00
     2.1160000E+03   9.3900000E+02   0.0000000E+00   9.3900000E+02   0.0000000E+00   0.0000000E+00   0.0000000E+00   0.0000000E+00   0.0000000E+00
     2.1170000E+03   9.3900000E+02   0.0000000E+00   9.3900000E+02   0.0000000E+00   0.0000000E+00   0.0000000E+00   0.0000000E+00   0.0000000E+00
     2.1180000E+03   9.3900000E+02   0.0000000E+00   9.3900000E+02   0.0000000E+00   0.0000000E+00   0.0000000E+00   0.0000000E+00   0.0000000E+00
     2.1190000E+03   9.3900000E+02   0.0000000E+00   9.3900000E+02   0.0000000E+00   0.0000000E+00   0.0000000E+00   0.0000000E+00   0.0000000E+00
     2.1200000E+03   9.3900006E+02   7.0919785E-05   9.3900006E+02   8.0464926E+00   0.0000000E+00   0.0000000E+00   0.0000000E+00   0.0000000E+00
     2.1210000E+03   9.3900000E+02   0.0000000E+00   9.3900000E+02   0.0000000E+00   0.0000000E+00   0.0000000E+00   0.0000000E+00   0.0000000E+00
     2.1220000E+03   9.3900000E+02   0.0000000E+00   9.3900000E+02   0.0000000E+00   0.0000000E+00   0.0000000E+00   0.0000000E+00   0.0000000E+00
     2.1230000E+03   9.3900000E+02   0.0000000E+00   9.3900000E+02   0.0000000E+00   0.0000000E+00   0.0000000E+00   0.0000000E+00   0.0000000E+00
     2.1240000E+03   9.3900000E+02   0.0000000E+00   9.3900000E+02   0.0000000E+00   0.0000000E+00   0.0000000E+00   0.0000000E+00   0.0000000E+00
     2.1250000E+03   9.3900000E+02   0.0000000E+00   9.3900000E+02   0.0000000E+00   0.0000000E+00   0.0000000E+00   0.0000000E+00   0.0000000E+00
     2.1260000E+03   9.3900000E+02   0.0000000E+00   9.3900000E+02   0.0000000E+00   0.0000000E+00   0.0000000E+00   0.0000000E+00   0.0000000E+00
     2.1270000E+03   9.3900000E+02   0.0000000E+00   9.3900000E+02   0.0000000E+00   0.0000000E+00   0.0000000E+00   0.0000000E+00   0.0000000E+00
     2.1280000E+03   9.3900000E+02   0.0000000E+00   9.3900000E+02   0.0000000E+00   0.0000000E+00   0.0000000E+00   0.0000000E+00   0.0000000E+00
     2.1290000E+03   9.3900000E+02   0.0000000E+00   9.3900000E+02   0.0000000E+00   0.0000000E+00   0.0000000E+00   0.0000000E+00   0.0000000E+00
     2.1300000E+03   9.3900000E+02   0.0000000E+00   9.3900000E+02   0.0000000E+00   0.0000000E+00   0.0000000E+00   0.0000000E+00   0.0000000E+00
     2.1310000E+03   9.3900000E+02   0.0000000E+00   9.3900000E+02   0.0000000E+00   0.0000000E+00   0.0000000E+00   0.0000000E+00   0.0000000E+00
     2.1320000E+03   9.3900000E+02   0.0000000E+00   9.3900000E+02   0.0000000E+00   0.0000000E+00   0.0000000E+00   0.0000000E+00   0.0000000E+00
     2.1330000E+03   9.3900000E+02   0.0000000E+00   9.3900000E+02   0.0000000E+00   0.0000000E+00   0.0000000E+00   0.0000000E+00   0.0000000E+00
     2.1340000E+03   9.3900000E+02   0.0000000E+00   9.3900000E+02   0.0000000E+00   0.0000000E+00   0.0000000E+00   0.0000000E+00   0.0000000E+00
     2.1350000E+03   9.3900000E+02   0.0000000E+00   9.3900000E+02   0.0000000E+00   0.0000000E+00   0.0000000E+00   0.0000000E+00   0.0000000E+00
     2.1360000E+03   9.3900000E+02   0.0000000E+00   9.3900000E+02   0.0000000E+00   0.0000000E+00   0.0000000E+00   0.0000000E+00   0.0000000E+00
     2.1370000E+03   9.3900000E+02   0.0000000E+00   9.3900000E+02   0.0000000E+00   0.0000000E+00   0.0000000E+00   0.0000000E+00   0.0000000E+00
     2.1380000E+03   9.3900000E+02   0.0000000E+00   9.3900000E+02   0.0000000E+00   0.0000000E+00   0.0000000E+00   0.0000000E+00   0.0000000E+00
     2.1390000E+03   9.3900000E+02   0.0000000E+00   9.3900000E+02   0.0000000E+00   0.0000000E+00   0.0000000E+00   0.0000000E+00   0.0000000E+00
     2.1400000E+03   9.3900000E+02   0.0000000E+00   9.3900000E+02   0.0000000E+00   0.0000000E+00   0.0000000E+00   0.0000000E+00   0.0000000E+00
     2.1410000E+03   9.3900000E+02   0.0000000E+00   9.3900000E+02   0.0000000E+00   0.0000000E+00   0.0000000E+00   0.0000000E+00   0.0000000E+00
     2.1420000E+03   9.3900000E+02   0.0000000E+00   9.3900000E+02   0.0000000E+00   0.0000000E+00   0.0000000E+00   0.0000000E+00   0.0000000E+00
     2.1430000E+03   9.3900000E+02   0.0000000E+00   9.3900000E+02   0.0000000E+00   0.0000000E+00   0.0000000E+00   0.0000000E+00   0.0000000E+00
     2.1440000E+03   9.3900000E+02   0.0000000E+00   9.3900000E+02   0.0000000E+00   0.0000000E+00   0.0000000E+00   0.0000000E+00   0.0000000E+00
     2.1450000E+03   9.3900000E+02   0.0000000E+00   9.3900000E+02   0.0000000E+00   0.0000000E+00   0.0000000E+00   0.0000000E+00   0.0000000E+00
     2.1460000E+03   9.3900000E+02   0.0000000E+00   9.3900000E+02   0.0000000E+00   0.0000000E+00   0.0000000E+00   0.0000000E+00   0.0000000E+00
     2.1470000E+03   9.3900000E+02   0.0000000E+00   9.3900000E+02   0.0000000E+00   0.0000000E+00   0.0000000E+00   0.0000000E+00   0.0000000E+00
     2.1480000E+03   9.3900000E+02   0.0000000E+00   9.3900000E+02   0.0000000E+00   0.0000000E+00   0.0000000E+00   0.0000000E+00   0.0000000E+00
     2.1490000E+03   9.3900000E+02   0.0000000E+00   9.3900000E+02   0.0000000E+00   0.0000000E+00   0.0000000E+00   0.0000000E+00   0.0000000E+00
     2.1500000E+03   9.3900000E+02   0.0000000E+00   9.3900000E+02   0.0000000E+00   0.0000000E+00   0.0000000E+00   0.0000000E+00   0.0000000E+00
     2.1510000E+03   9.3900000E+02   0.0000000E+00   9.3900000E+02   0.0000000E+00   0.0000000E+00   0.0000000E+00   0.0000000E+00   0.0000000E+00
     2.1520000E+03   9.3900000E+02   0.0000000E+00   9.3900000E+02   0.0000000E+00   0.0000000E+00   0.0000000E+00   0.0000000E+00   0.0000000E+00
     2.1530000E+03   9.3900000E+02   0.0000000E+00   9.3900000E+02   0.0000000E+00   0.0000000E+00   0.0000000E+00   0.0000000E+00   0.0000000E+00
     2.1540000E+03   9.3900000E+02   0.0000000E+00   9.3900000E+02   0.0000000E+00   0.0000000E+00   0.0000000E+00   0.0000000E+00   0.0000000E+00
     2.1550000E+03   9.3900000E+02   0.0000000E+00   9.3900000E+02   0.0000000E+00   0.0000000E+00   0.0000000E+00   0.0000000E+00   0.0000000E+00
     2.1560000E+03   9.3900000E+02   0.0000000E+00   9.3900000E+02   0.0000000E+00   0.0000000E+00   0.0000000E+00   0.0000000E+00   0.0000000E+00
     2.1570000E+03   9.3900000E+02   0.0000000E+00   9.3900000E+02   0.0000000E+00   0.0000000E+00   0.0000000E+00   0.0000000E+00   0.0000000E+00
     2.1580000E+03   9.3900000E+02   0.0000000E+00   9.3900000E+02   0.0000000E+00   0.0000000E+00   0.0000000E+00   0.0000000E+00   0.0000000E+00
     2.1590000E+03   9.3900000E+02   0.0000000E+00   9.3900000E+02   0.0000000E+00   0.0000000E+00   0.0000000E+00   0.0000000E+00   0.0000000E+00
     2.1600000E+03   9.3900000E+02   0.0000000E+00   9.3900000E+02   0.0000000E+00   0.0000000E+00   0.0000000E+00   0.0000000E+00   0.0000000E+00
     2.1610000E+03   9.3900000E+02   0.0000000E+00   9.3900000E+02   0.0000000E+00   0.0000000E+00   0.0000000E+00   0.0000000E+00   0.0000000E+00
     2.1620000E+03   9.3900000E+02   0.0000000E+00   9.3900000E+02   0.0000000E+00   0.0000000E+00   0.0000000E+00   0.0000000E+00   0.0000000E+00
     2.1630000E+03   9.3900000E+02   0.0000000E+00   9.3900000E+02   0.0000000E+00   0.0000000E+00   0.0000000E+00   0.0000000E+00   0.0000000E+00
     2.1640000E+03   9.3900000E+02   0.0000000E+00   9.3900000E+02   0.0000000E+00   0.0000000E+00   0.0000000E+00   0.0000000E+00   0.0000000E+00
     2.1650000E+03   9.3900000E+02   0.0000000E+00   9.3900000E+02   0.0000000E+00   0.0000000E+00   0.0000000E+00   0.0000000E+00   0.0000000E+00
     2.1660000E+03   9.3900000E+02   0.0000000E+00   9.3900000E+02   0.0000000E+00   0.0000000E+00   0.0000000E+00   0.0000000E+00   0.0000000E+00
     2.1670000E+03   9.3900000E+02   0.0000000E+00   9.3900000E+02   0.0000000E+00   0.0000000E+00   0.0000000E+00   0.0000000E+00   0.0000000E+00
     2.1680000E+03   9.3900000E+02   0.0000000E+00   9.3900000E+02   0.0000000E+00   0.0000000E+00   0.0000000E+00   0.0000000E+00   0.0000000E+00
     2.1690000E+03   9.3900000E+02   0.0000000E+00   9.3900000E+02   0.0000000E+00   0.0000000E+00   0.0000000E+00   0.0000000E+00   0.0000000E+00
     2.1700000E+03   9.3900000E+02   0.0000000E+00   9.3900000E+02   0.0000000E+00   0.0000000E+00   0.0000000E+00   0.0000000E+00   0.0000000E+00
     2.1710000E+03   9.3900000E+02   0.0000000E+00   9.3900000E+02   0.0000000E+00   0.0000000E+00   0.0000000E+00   0.0000000E+00   0.0000000E+00
     2.1720000E+03   9.3900000E+02   0.0000000E+00   9.3900000E+02   0.0000000E+00   0.0000000E+00   0.0000000E+00   0.0000000E+00   0.0000000E+00
     2.1730000E+03   9.3900000E+02   0.0000000E+00   9.3900000E+02   0.0000000E+00   0.0000000E+00   0.0000000E+00   0.0000000E+00   0.0000000E+00
     2.1740000E+03   9.3900000E+02   0.0000000E+00   9.3900000E+02   0.0000000E+00   0.0000000E+00   0.0000000E+00   0.0000000E+00   0.0000000E+00
     2.1750000E+03   9.3900000E+02   0.0000000E+00   9.3900000E+02   0.0000000E+00   0.0000000E+00   0.0000000E+00   0.0000000E+00   0.0000000E+00
     2.1760000E+03   9.3900000E+02   0.0000000E+00   9.3900000E+02   0.0000000E+00   0.0000000E+00   0.0000000E+00   0.0000000E+00   0.0000000E+00
     2.1770000E+03   9.3900000E+02   0.0000000E+00   9.3900000E+02   0.0000000E+00   0.0000000E+00   0.0000000E+00   0.0000000E+00   0.0000000E+00
     2.1780000E+03   9.3900000E+02   0.0000000E+00   9.3900000E+02   0.0000000E+00   0.0000000E+00   0.0000000E+00   0.0000000E+00   0.0000000E+00
     2.1790000E+03   9.3900000E+02   0.0000000E+00   9.3900000E+02   0.0000000E+00   0.0000000E+00   0.0000000E+00   0.0000000E+00   0.0000000E+00
     2.1800000E+03   9.3900000E+02   0.0000000E+00   9.3900000E+02   0.0000000E+00   0.0000000E+00   0.0000000E+00   0.0000000E+00   0.0000000E+00
     2.1810000E+03   9.3900000E+02   0.0000000E+00   9.3900000E+02   0.0000000E+00   0.0000000E+00   0.0000000E+00   0.0000000E+00   0.0000000E+00
     2.1820000E+03   9.3900000E+02   0.0000000E+00   9.3900000E+02   0.0000000E+00   0.0000000E+00   0.0000000E+00   0.0000000E+00   0.0000000E+00
     2.1830000E+03   9.3900000E+02   0.0000000E+00   9.3900000E+02   0.0000000E+00   0.0000000E+00   0.0000000E+00   0.0000000E+00   0.0000000E+00
     2.1840000E+03   9.3900000E+02   0.0000000E+00   9.3900000E+02   0.0000000E+00   0.0000000E+00   0.0000000E+00   0.0000000E+00   0.0000000E+00
     2.1850000E+03   9.3900055E+02   5.7335640E-04   9.3900055E+02   2.6204068E+02   0.0000000E+00   0.0000000E+00   0.0000000E+00   0.0000000E+00
     2.1860000E+03   9.3900031E+02   3.2993298E-04   9.3900031E+02   1.0432069E+02   0.0000000E+00   0.0000000E+00   0.0000000E+00   0.0000000E+00
     2.1870000E+03   9.3900000E+02   0.0000000E+00   9.3900000E+02   0.0000000E+00   0.0000000E+00   0.0000000E+00   0.0000000E+00   0.0000000E+00
     2.1880000E+03   9.3900000E+02   0.0000000E+00   9.3900000E+02   0.0000000E+00   0.0000000E+00   0.0000000E+00   0.0000000E+00   0.0000000E+00
     2.1890000E+03   9.3900000E+02   0.0000000E+00   9.3900000E+02   0.0000000E+00   0.0000000E+00   0.0000000E+00   0.0000000E+00   0.0000000E+00
     2.1900000E+03   9.3900000E+02   0.0000000E+00   9.3900000E+02   0.0000000E+00   0.0000000E+00   0.0000000E+00   0.0000000E+00   0.0000000E+00
     2.1910000E+03   9.3900000E+02   0.0000000E+00   9.3900000E+02   0.0000000E+00   0.0000000E+00   0.0000000E+00   0.0000000E+00   0.0000000E+00
