 "GAGE No.    5:  K,I,J Coord. =     1,  320,  236;  STREAM SEGMENT =   368;  REACH =     6 "
     "DATA: Time           Stage           Depth         GW-Head    Midpt-Flow       Stream-Loss        GW-Rech.  Chnge-UZ-Stor.   Vol.-UZ-Stor."
     1.0000000E+00   4.9200113E+02   1.1397196E-03   4.9200113E+02   2.5920000E+03   0.0000000E+00   0.0000000E+00   0.0000000E+00   0.0000000E+00
     2.0000000E+00   4.9200000E+02   0.0000000E+00   4.9200000E+02   0.0000000E+00   0.0000000E+00   0.0000000E+00   0.0000000E+00   0.0000000E+00
     3.0000000E+00   4.9200156E+02   1.5484859E-03   4.9200156E+02   4.3200000E+03   0.0000000E+00   0.0000000E+00   0.0000000E+00   0.0000000E+00
     4.0000000E+00   4.9200156E+02   1.5484859E-03   4.9200156E+02   4.3200000E+03   0.0000000E+00   0.0000000E+00   0.0000000E+00   0.0000000E+00
     5.0000000E+00   4.9200156E+02   1.5484859E-03   4.9200156E+02   4.3200000E+03   0.0000000E+00   0.0000000E+00   0.0000000E+00   0.0000000E+00
     6.0000000E+00   4.9200162E+02   1.6090490E-03   4.9200162E+02   4.6052559E+03   0.0000000E+00   0.0000000E+00   0.0000000E+00   0.0000000E+00
     7.0000000E+00   4.9200156E+02   1.5714770E-03   4.9200156E+02   4.4274297E+03   0.0000000E+00   0.0000000E+00   0.0000000E+00   0.0000000E+00
     8.0000000E+00   4.9200156E+02   1.5685825E-03   4.9200156E+02   4.4138462E+03   0.0000000E+00   0.0000000E+00   0.0000000E+00   0.0000000E+00
     9.0000000E+00   4.9200473E+02   4.7289040E-03   4.9200473E+02   2.7769783E+04   0.0000000E+00   0.0000000E+00   0.0000000E+00   0.0000000E+00
     1.0000000E+01   4.9200162E+02   1.6228014E-03   4.9200162E+02   4.6710439E+03   0.0000000E+00   0.0000000E+00   0.0000000E+00   0.0000000E+00
     1.1000000E+01   4.9200461E+02   4.5964038E-03   4.9200461E+02   2.6485117E+04   0.0000000E+00   0.0000000E+00   0.0000000E+00   0.0000000E+00
     1.2000000E+01   4.9200156E+02   1.5622234E-03   4.9200156E+02   4.3840635E+03   0.0000000E+00   0.0000000E+00   0.0000000E+00   0.0000000E+00
     1.3000000E+01   4.9200156E+02   1.5609489E-03   4.9200156E+02   4.3781045E+03   0.0000000E+00   0.0000000E+00   0.0000000E+00   0.0000000E+00
     1.4000000E+01   4.9200156E+02   1.5598456E-03   4.9200156E+02   4.3729482E+03   0.0000000E+00   0.0000000E+00   0.0000000E+00   0.0000000E+00
     1.5000000E+01   4.9200156E+02   1.5588850E-03   4.9200156E+02   4.3684609E+03   0.0000000E+00   0.0000000E+00   0.0000000E+00   0.0000000E+00
     1.6000000E+01   4.9200156E+02   1.5580436E-03   4.9200156E+02   4.3645317E+03   0.0000000E+00   0.0000000E+00   0.0000000E+00   0.0000000E+00
     1.7000000E+01   4.9200180E+02   1.8050345E-03   4.9200180E+02   5.5776016E+03   0.0000000E+00   0.0000000E+00   0.0000000E+00   0.0000000E+00
     1.8000000E+01   4.9200159E+02   1.5726618E-03   4.9200159E+02   4.4329946E+03   0.0000000E+00   0.0000000E+00   0.0000000E+00   0.0000000E+00
     1.9000000E+01   4.9200156E+02   1.5702511E-03   4.9200156E+02   4.4216748E+03   0.0000000E+00   0.0000000E+00   0.0000000E+00   0.0000000E+00
     2.0000000E+01   4.9200156E+02   1.5682217E-03   4.9200156E+02   4.4121548E+03   0.0000000E+00   0.0000000E+00   0.0000000E+00   0.0000000E+00
     2.1000000E+01   4.9200174E+02   1.7382477E-03   4.9200174E+02   5.2379062E+03   0.0000000E+00   0.0000000E+00   0.0000000E+00   0.0000000E+00
     2.2000000E+01   4.9200171E+02   1.7133281E-03   4.9200171E+02   5.1133535E+03   0.0000000E+00   0.0000000E+00   0.0000000E+00   0.0000000E+00
     2.3000000E+01   4.9200177E+02   1.7611504E-03   4.9200177E+02   5.3534336E+03   0.0000000E+00   0.0000000E+00   0.0000000E+00   0.0000000E+00
     2.4000000E+01   4.9200290E+02   2.8912991E-03   4.9200290E+02   1.2230944E+04   0.0000000E+00   0.0000000E+00   0.0000000E+00   0.0000000E+00
     2.5000000E+01   4.9200186E+02   1.8700426E-03   4.9200186E+02   5.9163994E+03   0.0000000E+00   0.0000000E+00   0.0000000E+00   0.0000000E+00
     2.6000000E+01   4.9200183E+02   1.8206956E-03   4.9200183E+02   5.6584902E+03   0.0000000E+00   0.0000000E+00   0.0000000E+00   0.0000000E+00
     2.7000000E+01   4.9200177E+02   1.7846656E-03   4.9200177E+02   5.4730957E+03   0.0000000E+00   0.0000000E+00   0.0000000E+00   0.0000000E+00
     2.8000000E+01   4.9200177E+02   1.7567667E-03   4.9200177E+02   5.3312427E+03   0.0000000E+00   0.0000000E+00   0.0000000E+00   0.0000000E+00
     2.9000000E+01   4.9200201E+02   1.9999999E-03   4.9200201E+02   6.6174131E+03   0.0000000E+00   0.0000000E+00   0.0000000E+00   0.0000000E+00
     3.0000000E+01   4.9200177E+02   1.7580407E-03   4.9200177E+02   5.3376880E+03   0.0000000E+00   0.0000000E+00   0.0000000E+00   0.0000000E+00
     3.1000000E+01   4.9200174E+02   1.7356214E-03   4.9200174E+02   5.2247231E+03   0.0000000E+00   0.0000000E+00   0.0000000E+00   0.0000000E+00
     3.2000000E+01   4.9200171E+02   1.7169105E-03   4.9200171E+02   5.1311855E+03   0.0000000E+00   0.0000000E+00   0.0000000E+00   0.0000000E+00
     3.3000000E+01   4.9200171E+02   1.7009993E-03   4.9200171E+02   5.0521768E+03   0.0000000E+00   0.0000000E+00   0.0000000E+00   0.0000000E+00
     3.4000000E+01   4.9200168E+02   1.6872813E-03   4.9200168E+02   4.9844526E+03   0.0000000E+00   0.0000000E+00   0.0000000E+00   0.0000000E+00
     3.5000000E+01   4.9200168E+02   1.6753280E-03   4.9200168E+02   4.9257388E+03   0.0000000E+00   0.0000000E+00   0.0000000E+00   0.0000000E+00
     3.6000000E+01   4.9200168E+02   1.6648269E-03   4.9200168E+02   4.8743882E+03   0.0000000E+00   0.0000000E+00   0.0000000E+00   0.0000000E+00
     3.7000000E+01   4.9200186E+02   1.8518210E-03   4.9200186E+02   5.8206299E+03   0.0000000E+00   0.0000000E+00   0.0000000E+00   0.0000000E+00
     3.8000000E+01   4.9200272E+02   2.7031924E-03   4.9200272E+02   1.0933686E+04   0.0000000E+00   0.0000000E+00   0.0000000E+00   0.0000000E+00
     3.9000000E+01   4.9200192E+02   1.9208315E-03   4.9200192E+02   6.1866240E+03   0.0000000E+00   0.0000000E+00   0.0000000E+00   0.0000000E+00
     4.0000000E+01   4.9200214E+02   2.1499835E-03   4.9200214E+02   7.4650063E+03   0.0000000E+00   0.0000000E+00   0.0000000E+00   0.0000000E+00
     4.1000000E+01   4.9200186E+02   1.8750608E-03   4.9200186E+02   5.9428838E+03   0.0000000E+00   0.0000000E+00   0.0000000E+00   0.0000000E+00
     4.2000000E+01   4.9200183E+02   1.8331498E-03   4.9200183E+02   5.7231470E+03   0.0000000E+00   0.0000000E+00   0.0000000E+00   0.0000000E+00
     4.3000000E+01   4.9200180E+02   1.7992735E-03   4.9200180E+02   5.5479639E+03   0.0000000E+00   0.0000000E+00   0.0000000E+00   0.0000000E+00
     4.4000000E+01   4.9200177E+02   1.7712521E-03   4.9200177E+02   5.4047085E+03   0.0000000E+00   0.0000000E+00   0.0000000E+00   0.0000000E+00
     4.5000000E+01   4.9200174E+02   1.7476875E-03   4.9200174E+02   5.2854004E+03   0.0000000E+00   0.0000000E+00   0.0000000E+00   0.0000000E+00
     4.6000000E+01   4.9200174E+02   1.7276222E-03   4.9200174E+02   5.1846523E+03   0.0000000E+00   0.0000000E+00   0.0000000E+00   0.0000000E+00
     4.7000000E+01   4.9200171E+02   1.7103687E-03   4.9200171E+02   5.0986421E+03   0.0000000E+00   0.0000000E+00   0.0000000E+00   0.0000000E+00
     4.8000000E+01   4.9200171E+02   1.6954119E-03   4.9200171E+02   5.0245479E+03   0.0000000E+00   0.0000000E+00   0.0000000E+00   0.0000000E+00
     4.9000000E+01   4.9200168E+02   1.6823577E-03   4.9200168E+02   4.9602344E+03   0.0000000E+00   0.0000000E+00   0.0000000E+00   0.0000000E+00
     5.0000000E+01   4.9200262E+02   2.6181368E-03   4.9200262E+02   1.0366343E+04   0.0000000E+00   0.0000000E+00   0.0000000E+00   0.0000000E+00
     5.1000000E+01   4.9200528E+02   5.2924668E-03   4.9200528E+02   3.3501828E+04   0.0000000E+00   0.0000000E+00   0.0000000E+00   0.0000000E+00
     5.2000000E+01   4.9200323E+02   3.2315694E-03   4.9200323E+02   1.4722926E+04   0.0000000E+00   0.0000000E+00   0.0000000E+00   0.0000000E+00
     5.3000000E+01   4.9200330E+02   3.2923303E-03   4.9200330E+02   1.5187185E+04   0.0000000E+00   0.0000000E+00   0.0000000E+00   0.0000000E+00
     5.4000000E+01   4.9200293E+02   2.9446797E-03   4.9200293E+02   1.2609611E+04   0.0000000E+00   0.0000000E+00   0.0000000E+00   0.0000000E+00
     5.5000000E+01   4.9200235E+02   2.3650478E-03   4.9200235E+02   8.7506064E+03   0.0000000E+00   0.0000000E+00   0.0000000E+00   0.0000000E+00
     5.6000000E+01   4.9200223E+02   2.2126159E-03   4.9200223E+02   7.8309604E+03   0.0000000E+00   0.0000000E+00   0.0000000E+00   0.0000000E+00
     5.7000000E+01   4.9200235E+02   2.3462891E-03   4.9200235E+02   8.6352354E+03   0.0000000E+00   0.0000000E+00   0.0000000E+00   0.0000000E+00
     5.8000000E+01   4.9200287E+02   2.8737846E-03   4.9200287E+02   1.2107709E+04   0.0000000E+00   0.0000000E+00   0.0000000E+00   0.0000000E+00
     5.9000000E+01   4.9200220E+02   2.1864197E-03   4.9200220E+02   7.6770464E+03   0.0000000E+00   0.0000000E+00   0.0000000E+00   0.0000000E+00
     6.0000000E+01   4.9200208E+02   2.0839602E-03   4.9200208E+02   7.0868628E+03   0.0000000E+00   0.0000000E+00   0.0000000E+00   0.0000000E+00
     6.1000000E+01   4.9200201E+02   2.0051182E-03   4.9200201E+02   6.6456621E+03   0.0000000E+00   0.0000000E+00   0.0000000E+00   0.0000000E+00
     6.2000000E+01   4.9200195E+02   1.9428149E-03   4.9200195E+02   6.3050811E+03   0.0000000E+00   0.0000000E+00   0.0000000E+00   0.0000000E+00
     6.3000000E+01   4.9200189E+02   1.8923795E-03   4.9200189E+02   6.0346489E+03   0.0000000E+00   0.0000000E+00   0.0000000E+00   0.0000000E+00
     6.4000000E+01   4.9200186E+02   1.8509555E-03   4.9200186E+02   5.8160967E+03   0.0000000E+00   0.0000000E+00   0.0000000E+00   0.0000000E+00
     6.5000000E+01   4.9200204E+02   2.0327612E-03   4.9200204E+02   6.7990605E+03   0.0000000E+00   0.0000000E+00   0.0000000E+00   0.0000000E+00
     6.6000000E+01   4.9200241E+02   2.4103499E-03   4.9200241E+02   9.0317471E+03   0.0000000E+00   0.0000000E+00   0.0000000E+00   0.0000000E+00
     6.7000000E+01   4.9200192E+02   1.9365940E-03   4.9200192E+02   6.2714688E+03   0.0000000E+00   0.0000000E+00   0.0000000E+00   0.0000000E+00
     6.8000000E+01   4.9200214E+02   2.1326058E-03   4.9200214E+02   7.3647144E+03   0.0000000E+00   0.0000000E+00   0.0000000E+00   0.0000000E+00
     6.9000000E+01   4.9200284E+02   2.8492985E-03   4.9200284E+02   1.1936260E+04   0.0000000E+00   0.0000000E+00   0.0000000E+00   0.0000000E+00
     7.0000000E+01   4.9200229E+02   2.2817077E-03   4.9200229E+02   8.2427402E+03   0.0000000E+00   0.0000000E+00   0.0000000E+00   0.0000000E+00
     7.1000000E+01   4.9200204E+02   2.0379885E-03   4.9200204E+02   6.8282256E+03   0.0000000E+00   0.0000000E+00   0.0000000E+00   0.0000000E+00
     7.2000000E+01   4.9200198E+02   1.9718776E-03   4.9200198E+02   6.4630610E+03   0.0000000E+00   0.0000000E+00   0.0000000E+00   0.0000000E+00
     7.3000000E+01   4.9200192E+02   1.9183665E-03   4.9200192E+02   6.1733979E+03   0.0000000E+00   0.0000000E+00   0.0000000E+00   0.0000000E+00
     7.4000000E+01   4.9200211E+02   2.1132699E-03   4.9200211E+02   7.2537612E+03   0.0000000E+00   0.0000000E+00   0.0000000E+00   0.0000000E+00
     7.5000000E+01   4.9200244E+02   2.4493430E-03   4.9200244E+02   9.2765742E+03   0.0000000E+00   0.0000000E+00   0.0000000E+00   0.0000000E+00
     7.6000000E+01   4.9200201E+02   2.0023920E-03   4.9200201E+02   6.6306099E+03   0.0000000E+00   0.0000000E+00   0.0000000E+00   0.0000000E+00
     7.7000000E+01   4.9200244E+02   2.4401094E-03   4.9200244E+02   9.2183623E+03   0.0000000E+00   0.0000000E+00   0.0000000E+00   0.0000000E+00
     7.8000000E+01   4.9200311E+02   3.1068663E-03   4.9200311E+02   1.3788252E+04   0.0000000E+00   0.0000000E+00   0.0000000E+00   0.0000000E+00
     7.9000000E+01   4.9200504E+02   5.0478438E-03   4.9200504E+02   3.0960986E+04   0.0000000E+00   0.0000000E+00   0.0000000E+00   0.0000000E+00
     8.0000000E+01   4.9200320E+02   3.2091720E-03   4.9200320E+02   1.4553249E+04   0.0000000E+00   0.0000000E+00   0.0000000E+00   0.0000000E+00
     8.1000000E+01   4.9200259E+02   2.5918505E-03   4.9200259E+02   1.0193458E+04   0.0000000E+00   0.0000000E+00   0.0000000E+00   0.0000000E+00
     8.2000000E+01   4.9200317E+02   3.1791343E-03   4.9200317E+02   1.4326928E+04   0.0000000E+00   0.0000000E+00   0.0000000E+00   0.0000000E+00
     8.3000000E+01   4.9200247E+02   2.4767967E-03   4.9200247E+02   9.4505166E+03   0.0000000E+00   0.0000000E+00   0.0000000E+00   0.0000000E+00
     8.4000000E+01   4.9200232E+02   2.3276787E-03   4.9200232E+02   8.5213818E+03   0.0000000E+00   0.0000000E+00   0.0000000E+00   0.0000000E+00
     8.5000000E+01   4.9200220E+02   2.2125195E-03   4.9200220E+02   7.8303911E+03   0.0000000E+00   0.0000000E+00   0.0000000E+00   0.0000000E+00
     8.6000000E+01   4.9200323E+02   3.2220359E-03   4.9200323E+02   1.4650605E+04   0.0000000E+00   0.0000000E+00   0.0000000E+00   0.0000000E+00
     8.7000000E+01   4.9200235E+02   2.3574987E-03   4.9200235E+02   8.7041045E+03   0.0000000E+00   0.0000000E+00   0.0000000E+00   0.0000000E+00
     8.8000000E+01   4.9200223E+02   2.2379949E-03   4.9200223E+02   7.9812354E+03   0.0000000E+00   0.0000000E+00   0.0000000E+00   0.0000000E+00
     8.9000000E+01   4.9200647E+02   6.4659505E-03   4.9200647E+02   4.6776270E+04   0.0000000E+00   0.0000000E+00   0.0000000E+00   0.0000000E+00
     9.0000000E+01   4.9200284E+02   2.8410139E-03   4.9200284E+02   1.1878472E+04   0.0000000E+00   0.0000000E+00   0.0000000E+00   0.0000000E+00
     9.1000000E+01   4.9200262E+02   2.6153985E-03   4.9200262E+02   1.0348277E+04   0.0000000E+00   0.0000000E+00   0.0000000E+00   0.0000000E+00
     9.2000000E+01   4.9200290E+02   2.8902034E-03   4.9200290E+02   1.2223221E+04   0.0000000E+00   0.0000000E+00   0.0000000E+00   0.0000000E+00
     9.3000000E+01   4.9200293E+02   2.9259375E-03   4.9200293E+02   1.2476135E+04   0.0000000E+00   0.0000000E+00   0.0000000E+00   0.0000000E+00
     9.4000000E+01   4.9200284E+02   2.8434596E-03   4.9200284E+02   1.1895520E+04   0.0000000E+00   0.0000000E+00   0.0000000E+00   0.0000000E+00
     9.5000000E+01   4.9200238E+02   2.3778821E-03   4.9200238E+02   8.8298945E+03   0.0000000E+00   0.0000000E+00   0.0000000E+00   0.0000000E+00
     9.6000000E+01   4.9200226E+02   2.2633485E-03   4.9200226E+02   8.1324990E+03   0.0000000E+00   0.0000000E+00   0.0000000E+00   0.0000000E+00
     9.7000000E+01   4.9200217E+02   2.1710047E-03   4.9200217E+02   7.5870483E+03   0.0000000E+00   0.0000000E+00   0.0000000E+00   0.0000000E+00
     9.8000000E+01   4.9200232E+02   2.3190686E-03   4.9200232E+02   8.4689121E+03   0.0000000E+00   0.0000000E+00   0.0000000E+00   0.0000000E+00
     9.9000000E+01   4.9200204E+02   2.0538699E-03   4.9200204E+02   6.9171387E+03   0.0000000E+00   0.0000000E+00   0.0000000E+00   0.0000000E+00
     1.0000000E+02   4.9200198E+02   1.9987898E-03   4.9200198E+02   6.6107422E+03   0.0000000E+00   0.0000000E+00   0.0000000E+00   0.0000000E+00
     1.0100000E+02   4.9200195E+02   1.9519388E-03   4.9200195E+02   6.3545083E+03   0.0000000E+00   0.0000000E+00   0.0000000E+00   0.0000000E+00
     1.0200000E+02   4.9200192E+02   1.9119903E-03   4.9200192E+02   6.1392378E+03   0.0000000E+00   0.0000000E+00   0.0000000E+00   0.0000000E+00
     1.0300000E+02   4.9200208E+02   2.0842934E-03   4.9200208E+02   7.0887505E+03   0.0000000E+00   0.0000000E+00   0.0000000E+00   0.0000000E+00
     1.0400000E+02   4.9200186E+02   1.8690407E-03   4.9200186E+02   5.9111167E+03   0.0000000E+00   0.0000000E+00   0.0000000E+00   0.0000000E+00
     1.0500000E+02   4.9200204E+02   2.0338700E-03   4.9200204E+02   6.8052427E+03   0.0000000E+00   0.0000000E+00   0.0000000E+00   0.0000000E+00
     1.0600000E+02   4.9200183E+02   1.8390103E-03   4.9200183E+02   5.7536738E+03   0.0000000E+00   0.0000000E+00   0.0000000E+00   0.0000000E+00
     1.0700000E+02   4.9200180E+02   1.8141905E-03   4.9200180E+02   5.6248350E+03   0.0000000E+00   0.0000000E+00   0.0000000E+00   0.0000000E+00
     1.0800000E+02   4.9200180E+02   1.7904752E-03   4.9200180E+02   5.5028223E+03   0.0000000E+00   0.0000000E+00   0.0000000E+00   0.0000000E+00
     1.0900000E+02   4.9200177E+02   1.7696099E-03   4.9200177E+02   5.3963594E+03   0.0000000E+00   0.0000000E+00   0.0000000E+00   0.0000000E+00
     1.1000000E+02   4.9200174E+02   1.7506237E-03   4.9200174E+02   5.3002085E+03   0.0000000E+00   0.0000000E+00   0.0000000E+00   0.0000000E+00
     1.1100000E+02   4.9200174E+02   1.7336481E-03   4.9200174E+02   5.2148271E+03   0.0000000E+00   0.0000000E+00   0.0000000E+00   0.0000000E+00
     1.1200000E+02   4.9200171E+02   1.7184386E-03   4.9200171E+02   5.1387988E+03   0.0000000E+00   0.0000000E+00   0.0000000E+00   0.0000000E+00
     1.1300000E+02   4.9200171E+02   1.7048526E-03   4.9200171E+02   5.0712656E+03   0.0000000E+00   0.0000000E+00   0.0000000E+00   0.0000000E+00
     1.1400000E+02   4.9200168E+02   1.6923239E-03   4.9200168E+02   5.0093047E+03   0.0000000E+00   0.0000000E+00   0.0000000E+00   0.0000000E+00
     1.1500000E+02   4.9200168E+02   1.6808560E-03   4.9200168E+02   4.9528569E+03   0.0000000E+00   0.0000000E+00   0.0000000E+00   0.0000000E+00
     1.1600000E+02   4.9200168E+02   1.6705550E-03   4.9200168E+02   4.9023716E+03   0.0000000E+00   0.0000000E+00   0.0000000E+00   0.0000000E+00
     1.1700000E+02   4.9200165E+02   1.6611628E-03   4.9200165E+02   4.8565210E+03   0.0000000E+00   0.0000000E+00   0.0000000E+00   0.0000000E+00
     1.1800000E+02   4.9200165E+02   1.6526406E-03   4.9200165E+02   4.8150674E+03   0.0000000E+00   0.0000000E+00   0.0000000E+00   0.0000000E+00
     1.1900000E+02   4.9200165E+02   1.6450951E-03   4.9200165E+02   4.7784819E+03   0.0000000E+00   0.0000000E+00   0.0000000E+00   0.0000000E+00
     1.2000000E+02   4.9200165E+02   1.6381766E-03   4.9200165E+02   4.7450361E+03   0.0000000E+00   0.0000000E+00   0.0000000E+00   0.0000000E+00
     1.2100000E+02   4.9200235E+02   2.3548193E-03   4.9200235E+02   8.6876230E+03   0.0000000E+00   0.0000000E+00   0.0000000E+00   0.0000000E+00
     1.2200000E+02   4.9200235E+02   2.3502712E-03   4.9200235E+02   8.6596748E+03   0.0000000E+00   0.0000000E+00   0.0000000E+00   0.0000000E+00
     1.2300000E+02   4.9200192E+02   1.9257092E-03   4.9200192E+02   6.2128296E+03   0.0000000E+00   0.0000000E+00   0.0000000E+00   0.0000000E+00
     1.2400000E+02   4.9200189E+02   1.8799078E-03   4.9200189E+02   5.9685093E+03   0.0000000E+00   0.0000000E+00   0.0000000E+00   0.0000000E+00
     1.2500000E+02   4.9200183E+02   1.8420344E-03   4.9200183E+02   5.7694512E+03   0.0000000E+00   0.0000000E+00   0.0000000E+00   0.0000000E+00
     1.2600000E+02   4.9200180E+02   1.8110923E-03   4.9200180E+02   5.6088340E+03   0.0000000E+00   0.0000000E+00   0.0000000E+00   0.0000000E+00
     1.2700000E+02   4.9200177E+02   1.7845747E-03   4.9200177E+02   5.4726313E+03   0.0000000E+00   0.0000000E+00   0.0000000E+00   0.0000000E+00
     1.2800000E+02   4.9200177E+02   1.7611791E-03   4.9200177E+02   5.3535786E+03   0.0000000E+00   0.0000000E+00   0.0000000E+00   0.0000000E+00
     1.2900000E+02   4.9200174E+02   1.7401539E-03   4.9200174E+02   5.2474834E+03   0.0000000E+00   0.0000000E+00   0.0000000E+00   0.0000000E+00
     1.3000000E+02   4.9200171E+02   1.7222012E-03   4.9200171E+02   5.1575659E+03   0.0000000E+00   0.0000000E+00   0.0000000E+00   0.0000000E+00
     1.3100000E+02   4.9200171E+02   1.7063646E-03   4.9200171E+02   5.0787637E+03   0.0000000E+00   0.0000000E+00   0.0000000E+00   0.0000000E+00
     1.3200000E+02   4.9200168E+02   1.6927469E-03   4.9200168E+02   5.0113916E+03   0.0000000E+00   0.0000000E+00   0.0000000E+00   0.0000000E+00
     1.3300000E+02   4.9200168E+02   1.6807565E-03   4.9200168E+02   4.9523687E+03   0.0000000E+00   0.0000000E+00   0.0000000E+00   0.0000000E+00
     1.3400000E+02   4.9200168E+02   1.6701464E-03   4.9200168E+02   4.9003735E+03   0.0000000E+00   0.0000000E+00   0.0000000E+00   0.0000000E+00
     1.3500000E+02   4.9200165E+02   1.6606618E-03   4.9200165E+02   4.8540801E+03   0.0000000E+00   0.0000000E+00   0.0000000E+00   0.0000000E+00
     1.3600000E+02   4.9200165E+02   1.6521036E-03   4.9200165E+02   4.8124595E+03   0.0000000E+00   0.0000000E+00   0.0000000E+00   0.0000000E+00
     1.3700000E+02   4.9200180E+02   1.8109778E-03   4.9200180E+02   5.6082432E+03   0.0000000E+00   0.0000000E+00   0.0000000E+00   0.0000000E+00
     1.3800000E+02   4.9200339E+02   3.4009458E-03   4.9200339E+02   1.6031389E+04   0.0000000E+00   0.0000000E+00   0.0000000E+00   0.0000000E+00
     1.3900000E+02   4.9200287E+02   2.8721958E-03   4.9200287E+02   1.2096554E+04   0.0000000E+00   0.0000000E+00   0.0000000E+00   0.0000000E+00
     1.4000000E+02   4.9200403E+02   4.0428941E-03   4.9200403E+02   2.1385805E+04   0.0000000E+00   0.0000000E+00   0.0000000E+00   0.0000000E+00
     1.4100000E+02   4.9200494E+02   4.9406020E-03   4.9200494E+02   2.9872488E+04   0.0000000E+00   0.0000000E+00   0.0000000E+00   0.0000000E+00
     1.4200000E+02   4.9200360E+02   3.5953405E-03   4.9200360E+02   1.7587535E+04   0.0000000E+00   0.0000000E+00   0.0000000E+00   0.0000000E+00
     1.4300000E+02   4.9200281E+02   2.8128375E-03   4.9200281E+02   1.1682775E+04   0.0000000E+00   0.0000000E+00   0.0000000E+00   0.0000000E+00
     1.4400000E+02   4.9200259E+02   2.5830930E-03   4.9200259E+02   1.0136119E+04   0.0000000E+00   0.0000000E+00   0.0000000E+00   0.0000000E+00
     1.4500000E+02   4.9200241E+02   2.4076167E-03   4.9200241E+02   9.0146855E+03   0.0000000E+00   0.0000000E+00   0.0000000E+00   0.0000000E+00
     1.4600000E+02   4.9200253E+02   2.5187402E-03   4.9200253E+02   9.7187549E+03   0.0000000E+00   0.0000000E+00   0.0000000E+00   0.0000000E+00
     1.4700000E+02   4.9200513E+02   5.1357173E-03   4.9200513E+02   3.1864477E+04   0.0000000E+00   0.0000000E+00   0.0000000E+00   0.0000000E+00
     1.4800000E+02   4.9200540E+02   5.4035820E-03   4.9200540E+02   3.4682297E+04   0.0000000E+00   0.0000000E+00   0.0000000E+00   0.0000000E+00
     1.4900000E+02   4.9200381E+02   3.8068148E-03   4.9200381E+02   1.9345258E+04   0.0000000E+00   0.0000000E+00   0.0000000E+00   0.0000000E+00
     1.5000000E+02   4.9200296E+02   2.9675493E-03   4.9200296E+02   1.2773253E+04   0.0000000E+00   0.0000000E+00   0.0000000E+00   0.0000000E+00
     1.5100000E+02   4.9200272E+02   2.7035589E-03   4.9200272E+02   1.0936156E+04   0.0000000E+00   0.0000000E+00   0.0000000E+00   0.0000000E+00
     1.5200000E+02   4.9200275E+02   2.7576715E-03   4.9200275E+02   1.1303401E+04   0.0000000E+00   0.0000000E+00   0.0000000E+00   0.0000000E+00
     1.5300000E+02   4.9200256E+02   2.5622968E-03   4.9200256E+02   1.0000477E+04   0.0000000E+00   0.0000000E+00   0.0000000E+00   0.0000000E+00
     1.5400000E+02   4.9200226E+02   2.2462031E-03   4.9200226E+02   8.0300830E+03   0.0000000E+00   0.0000000E+00   0.0000000E+00   0.0000000E+00
     1.5500000E+02   4.9200214E+02   2.1473875E-03   4.9200214E+02   7.4499888E+03   0.0000000E+00   0.0000000E+00   0.0000000E+00   0.0000000E+00
     1.5600000E+02   4.9200256E+02   2.5491577E-03   4.9200256E+02   9.9151543E+03   0.0000000E+00   0.0000000E+00   0.0000000E+00   0.0000000E+00
     1.5700000E+02   4.9200259E+02   2.5876896E-03   4.9200259E+02   1.0166199E+04   0.0000000E+00   0.0000000E+00   0.0000000E+00   0.0000000E+00
     1.5800000E+02   4.9200235E+02   2.3592340E-03   4.9200235E+02   8.7147842E+03   0.0000000E+00   0.0000000E+00   0.0000000E+00   0.0000000E+00
     1.5900000E+02   4.9200211E+02   2.1074780E-03   4.9200211E+02   7.2206562E+03   0.0000000E+00   0.0000000E+00   0.0000000E+00   0.0000000E+00
     1.6000000E+02   4.9200204E+02   2.0308229E-03   4.9200204E+02   6.7882593E+03   0.0000000E+00   0.0000000E+00   0.0000000E+00   0.0000000E+00
     1.6100000E+02   4.9200211E+02   2.1066878E-03   4.9200211E+02   7.2161445E+03   0.0000000E+00   0.0000000E+00   0.0000000E+00   0.0000000E+00
     1.6200000E+02   4.9200192E+02   1.9203612E-03   4.9200192E+02   6.1840996E+03   0.0000000E+00   0.0000000E+00   0.0000000E+00   0.0000000E+00
     1.6300000E+02   4.9200186E+02   1.8744940E-03   4.9200186E+02   5.9398896E+03   0.0000000E+00   0.0000000E+00   0.0000000E+00   0.0000000E+00
     1.6400000E+02   4.9200201E+02   2.0023522E-03   4.9200201E+02   6.6303892E+03   0.0000000E+00   0.0000000E+00   0.0000000E+00   0.0000000E+00
     1.6500000E+02   4.9200195E+02   1.9504972E-03   4.9200195E+02   6.3466880E+03   0.0000000E+00   0.0000000E+00   0.0000000E+00   0.0000000E+00
     1.6600000E+02   4.9200238E+02   2.3867369E-03   4.9200238E+02   8.8847637E+03   0.0000000E+00   0.0000000E+00   0.0000000E+00   0.0000000E+00
     1.6700000E+02   4.9200195E+02   1.9486222E-03   4.9200195E+02   6.3365234E+03   0.0000000E+00   0.0000000E+00   0.0000000E+00   0.0000000E+00
     1.6800000E+02   4.9200189E+02   1.8954278E-03   4.9200189E+02   6.0508594E+03   0.0000000E+00   0.0000000E+00   0.0000000E+00   0.0000000E+00
     1.6900000E+02   4.9200415E+02   4.1444432E-03   4.9200415E+02   2.2288559E+04   0.0000000E+00   0.0000000E+00   0.0000000E+00   0.0000000E+00
     1.7000000E+02   4.9200415E+02   4.1562659E-03   4.9200415E+02   2.2394629E+04   0.0000000E+00   0.0000000E+00   0.0000000E+00   0.0000000E+00
     1.7100000E+02   4.9200418E+02   4.1926526E-03   4.9200418E+02   2.2722342E+04   0.0000000E+00   0.0000000E+00   0.0000000E+00   0.0000000E+00
     1.7200000E+02   4.9200342E+02   3.4063202E-03   4.9200342E+02   1.6073635E+04   0.0000000E+00   0.0000000E+00   0.0000000E+00   0.0000000E+00
     1.7300000E+02   4.9200436E+02   4.3783397E-03   4.9200436E+02   2.4424223E+04   0.0000000E+00   0.0000000E+00   0.0000000E+00   0.0000000E+00
     1.7400000E+02   4.9200372E+02   3.7229252E-03   4.9200372E+02   1.8639982E+04   0.0000000E+00   0.0000000E+00   0.0000000E+00   0.0000000E+00
     1.7500000E+02   4.9200702E+02   7.0308056E-03   4.9200702E+02   5.3783219E+04   0.0000000E+00   0.0000000E+00   0.0000000E+00   0.0000000E+00
     1.7600000E+02   4.9200464E+02   4.6364819E-03   4.9200464E+02   2.6871129E+04   0.0000000E+00   0.0000000E+00   0.0000000E+00   0.0000000E+00
     1.7700000E+02   4.9200366E+02   3.6516127E-03   4.9200366E+02   1.8048709E+04   0.0000000E+00   0.0000000E+00   0.0000000E+00   0.0000000E+00
     1.7800000E+02   4.9200333E+02   3.3177363E-03   4.9200333E+02   1.5383014E+04   0.0000000E+00   0.0000000E+00   0.0000000E+00   0.0000000E+00
     1.7900000E+02   4.9200275E+02   2.7401664E-03   4.9200275E+02   1.1184070E+04   0.0000000E+00   0.0000000E+00   0.0000000E+00   0.0000000E+00
     1.8000000E+02   4.9200253E+02   2.5214984E-03   4.9200253E+02   9.7364980E+03   0.0000000E+00   0.0000000E+00   0.0000000E+00   0.0000000E+00
     1.8100000E+02   4.9200235E+02   2.3445128E-03   4.9200235E+02   8.6243428E+03   0.0000000E+00   0.0000000E+00   0.0000000E+00   0.0000000E+00
     1.8200000E+02   4.9200220E+02   2.2042994E-03   4.9200220E+02   7.7819653E+03   0.0000000E+00   0.0000000E+00   0.0000000E+00   0.0000000E+00
     1.8300000E+02   4.9200211E+02   2.0948271E-03   4.9200211E+02   7.1485605E+03   0.0000000E+00   0.0000000E+00   0.0000000E+00   0.0000000E+00
     1.8400000E+02   4.9200201E+02   2.0068684E-03   4.9200201E+02   6.6553330E+03   0.0000000E+00   0.0000000E+00   0.0000000E+00   0.0000000E+00
     1.8500000E+02   4.9200195E+02   1.9383773E-03   4.9200195E+02   6.2810967E+03   0.0000000E+00   0.0000000E+00   0.0000000E+00   0.0000000E+00
     1.8600000E+02   4.9200189E+02   1.8838835E-03   4.9200189E+02   5.9895615E+03   0.0000000E+00   0.0000000E+00   0.0000000E+00   0.0000000E+00
     1.8700000E+02   4.9200183E+02   1.8401153E-03   4.9200183E+02   5.7594370E+03   0.0000000E+00   0.0000000E+00   0.0000000E+00   0.0000000E+00
     1.8800000E+02   4.9200223E+02   2.2229468E-03   4.9200223E+02   7.8919951E+03   0.0000000E+00   0.0000000E+00   0.0000000E+00   0.0000000E+00
     1.8900000E+02   4.9200214E+02   2.1258288E-03   4.9200214E+02   7.3257500E+03   0.0000000E+00   0.0000000E+00   0.0000000E+00   0.0000000E+00
     1.9000000E+02   4.9200186E+02   1.8547559E-03   4.9200186E+02   5.8360127E+03   0.0000000E+00   0.0000000E+00   0.0000000E+00   0.0000000E+00
     1.9100000E+02   4.9200183E+02   1.8183662E-03   4.9200183E+02   5.6464292E+03   0.0000000E+00   0.0000000E+00   0.0000000E+00   0.0000000E+00
     1.9200000E+02   4.9200180E+02   1.7877507E-03   4.9200180E+02   5.4888735E+03   0.0000000E+00   0.0000000E+00   0.0000000E+00   0.0000000E+00
     1.9300000E+02   4.9200177E+02   1.7618634E-03   4.9200177E+02   5.3570454E+03   0.0000000E+00   0.0000000E+00   0.0000000E+00   0.0000000E+00
     1.9400000E+02   4.9200174E+02   1.7398022E-03   4.9200174E+02   5.2457158E+03   0.0000000E+00   0.0000000E+00   0.0000000E+00   0.0000000E+00
     1.9500000E+02   4.9200192E+02   1.9112867E-03   4.9200192E+02   6.1354727E+03   0.0000000E+00   0.0000000E+00   0.0000000E+00   0.0000000E+00
     1.9600000E+02   4.9200171E+02   1.7166220E-03   4.9200171E+02   5.1297490E+03   0.0000000E+00   0.0000000E+00   0.0000000E+00   0.0000000E+00
     1.9700000E+02   4.9200171E+02   1.7012266E-03   4.9200171E+02   5.0533018E+03   0.0000000E+00   0.0000000E+00   0.0000000E+00   0.0000000E+00
     1.9800000E+02   4.9200168E+02   1.6877210E-03   4.9200168E+02   4.9866172E+03   0.0000000E+00   0.0000000E+00   0.0000000E+00   0.0000000E+00
     1.9900000E+02   4.9200168E+02   1.6758189E-03   4.9200168E+02   4.9281450E+03   0.0000000E+00   0.0000000E+00   0.0000000E+00   0.0000000E+00
     2.0000000E+02   4.9200183E+02   1.8303986E-03   4.9200183E+02   5.7088384E+03   0.0000000E+00   0.0000000E+00   0.0000000E+00   0.0000000E+00
     2.0100000E+02   4.9200168E+02   1.6664015E-03   4.9200168E+02   4.8820742E+03   0.0000000E+00   0.0000000E+00   0.0000000E+00   0.0000000E+00
     2.0200000E+02   4.9200180E+02   1.8027547E-03   4.9200180E+02   5.5658657E+03   0.0000000E+00   0.0000000E+00   0.0000000E+00   0.0000000E+00
     2.0300000E+02   4.9200165E+02   1.6592562E-03   4.9200165E+02   4.8472349E+03   0.0000000E+00   0.0000000E+00   0.0000000E+00   0.0000000E+00
     2.0400000E+02   4.9200165E+02   1.6510440E-03   4.9200165E+02   4.8073164E+03   0.0000000E+00   0.0000000E+00   0.0000000E+00   0.0000000E+00
     2.0500000E+02   4.9200165E+02   1.6436251E-03   4.9200165E+02   4.7713682E+03   0.0000000E+00   0.0000000E+00   0.0000000E+00   0.0000000E+00
     2.0600000E+02   4.9200177E+02   1.7664223E-03   4.9200177E+02   5.3801680E+03   0.0000000E+00   0.0000000E+00   0.0000000E+00   0.0000000E+00
     2.0700000E+02   4.9200165E+02   1.6402758E-03   4.9200165E+02   4.7551743E+03   0.0000000E+00   0.0000000E+00   0.0000000E+00   0.0000000E+00
     2.0800000E+02   4.9200165E+02   1.6340171E-03   4.9200165E+02   4.7249722E+03   0.0000000E+00   0.0000000E+00   0.0000000E+00   0.0000000E+00
     2.0900000E+02   4.9200162E+02   1.6283120E-03   4.9200162E+02   4.6975098E+03   0.0000000E+00   0.0000000E+00   0.0000000E+00   0.0000000E+00
     2.1000000E+02   4.9200162E+02   1.6231021E-03   4.9200162E+02   4.6724858E+03   0.0000000E+00   0.0000000E+00   0.0000000E+00   0.0000000E+00
     2.1100000E+02   4.9200162E+02   1.6183357E-03   4.9200162E+02   4.6496401E+03   0.0000000E+00   0.0000000E+00   0.0000000E+00   0.0000000E+00
     2.1200000E+02   4.9200162E+02   1.6139675E-03   4.9200162E+02   4.6287412E+03   0.0000000E+00   0.0000000E+00   0.0000000E+00   0.0000000E+00
     2.1300000E+02   4.9200162E+02   1.6099587E-03   4.9200162E+02   4.6095957E+03   0.0000000E+00   0.0000000E+00   0.0000000E+00   0.0000000E+00
     2.1400000E+02   4.9200162E+02   1.6062737E-03   4.9200162E+02   4.5920244E+03   0.0000000E+00   0.0000000E+00   0.0000000E+00   0.0000000E+00
     2.1500000E+02   4.9200162E+02   1.6028810E-03   4.9200162E+02   4.5758711E+03   0.0000000E+00   0.0000000E+00   0.0000000E+00   0.0000000E+00
     2.1600000E+02   4.9200159E+02   1.5997537E-03   4.9200159E+02   4.5610010E+03   0.0000000E+00   0.0000000E+00   0.0000000E+00   0.0000000E+00
     2.1700000E+02   4.9200159E+02   1.5968668E-03   4.9200159E+02   4.5472910E+03   0.0000000E+00   0.0000000E+00   0.0000000E+00   0.0000000E+00
     2.1800000E+02   4.9200159E+02   1.5941974E-03   4.9200159E+02   4.5346289E+03   0.0000000E+00   0.0000000E+00   0.0000000E+00   0.0000000E+00
     2.1900000E+02   4.9200159E+02   1.5917268E-03   4.9200159E+02   4.5229224E+03   0.0000000E+00   0.0000000E+00   0.0000000E+00   0.0000000E+00
     2.2000000E+02   4.9200159E+02   1.5894364E-03   4.9200159E+02   4.5120811E+03   0.0000000E+00   0.0000000E+00   0.0000000E+00   0.0000000E+00
     2.2100000E+02   4.9200159E+02   1.5873109E-03   4.9200159E+02   4.5020288E+03   0.0000000E+00   0.0000000E+00   0.0000000E+00   0.0000000E+00
     2.2200000E+02   4.9200159E+02   1.5853352E-03   4.9200159E+02   4.4926938E+03   0.0000000E+00   0.0000000E+00   0.0000000E+00   0.0000000E+00
     2.2300000E+02   4.9200159E+02   1.5834969E-03   4.9200159E+02   4.4840142E+03   0.0000000E+00   0.0000000E+00   0.0000000E+00   0.0000000E+00
     2.2400000E+02   4.9200159E+02   1.5817841E-03   4.9200159E+02   4.4759336E+03   0.0000000E+00   0.0000000E+00   0.0000000E+00   0.0000000E+00
     2.2500000E+02   4.9200159E+02   1.5801869E-03   4.9200159E+02   4.4684033E+03   0.0000000E+00   0.0000000E+00   0.0000000E+00   0.0000000E+00
     2.2600000E+02   4.9200208E+02   2.0774596E-03   4.9200208E+02   7.0500571E+03   0.0000000E+00   0.0000000E+00   0.0000000E+00   0.0000000E+00
     2.2700000E+02   4.9200211E+02   2.1197696E-03   4.9200211E+02   7.2909829E+03   0.0000000E+00   0.0000000E+00   0.0000000E+00   0.0000000E+00
     2.2800000E+02   4.9200208E+02   2.0769332E-03   4.9200208E+02   7.0470791E+03   0.0000000E+00   0.0000000E+00   0.0000000E+00   0.0000000E+00
     2.2900000E+02   4.9200244E+02   2.4521393E-03   4.9200244E+02   9.2942324E+03   0.0000000E+00   0.0000000E+00   0.0000000E+00   0.0000000E+00
     2.3000000E+02   4.9200195E+02   1.9481336E-03   4.9200195E+02   6.3338755E+03   0.0000000E+00   0.0000000E+00   0.0000000E+00   0.0000000E+00
     2.3100000E+02   4.9200189E+02   1.8883470E-03   4.9200189E+02   6.0132319E+03   0.0000000E+00   0.0000000E+00   0.0000000E+00   0.0000000E+00
     2.3200000E+02   4.9200183E+02   1.8429562E-03   4.9200183E+02   5.7742637E+03   0.0000000E+00   0.0000000E+00   0.0000000E+00   0.0000000E+00
     2.3300000E+02   4.9200180E+02   1.8069126E-03   4.9200180E+02   5.5872773E+03   0.0000000E+00   0.0000000E+00   0.0000000E+00   0.0000000E+00
     2.3400000E+02   4.9200177E+02   1.7774324E-03   4.9200177E+02   5.4361748E+03   0.0000000E+00   0.0000000E+00   0.0000000E+00   0.0000000E+00
     2.3500000E+02   4.9200174E+02   1.7528223E-03   4.9200174E+02   5.3113076E+03   0.0000000E+00   0.0000000E+00   0.0000000E+00   0.0000000E+00
     2.3600000E+02   4.9200174E+02   1.7319709E-03   4.9200174E+02   5.2064209E+03   0.0000000E+00   0.0000000E+00   0.0000000E+00   0.0000000E+00
     2.3700000E+02   4.9200192E+02   1.9120998E-03   4.9200192E+02   6.1398232E+03   0.0000000E+00   0.0000000E+00   0.0000000E+00   0.0000000E+00
     2.3800000E+02   4.9200174E+02   1.7255667E-03   4.9200174E+02   5.1743745E+03   0.0000000E+00   0.0000000E+00   0.0000000E+00   0.0000000E+00
     2.3900000E+02   4.9200171E+02   1.7087661E-03   4.9200171E+02   5.0906821E+03   0.0000000E+00   0.0000000E+00   0.0000000E+00   0.0000000E+00
     2.4000000E+02   4.9200195E+02   1.9514993E-03   4.9200195E+02   6.3521240E+03   0.0000000E+00   0.0000000E+00   0.0000000E+00   0.0000000E+00
     2.4100000E+02   4.9200174E+02   1.7349805E-03   4.9200174E+02   5.2215083E+03   0.0000000E+00   0.0000000E+00   0.0000000E+00   0.0000000E+00
     2.4200000E+02   4.9200171E+02   1.7165870E-03   4.9200171E+02   5.1295742E+03   0.0000000E+00   0.0000000E+00   0.0000000E+00   0.0000000E+00
     2.4300000E+02   4.9200183E+02   1.8251482E-03   4.9200183E+02   5.6815723E+03   0.0000000E+00   0.0000000E+00   0.0000000E+00   0.0000000E+00
     2.4400000E+02   4.9200211E+02   2.1092566E-03   4.9200211E+02   7.2308159E+03   0.0000000E+00   0.0000000E+00   0.0000000E+00   0.0000000E+00
     2.4500000E+02   4.9200180E+02   1.7927994E-03   4.9200180E+02   5.5147329E+03   0.0000000E+00   0.0000000E+00   0.0000000E+00   0.0000000E+00
     2.4600000E+02   4.9200247E+02   2.4835789E-03   4.9200247E+02   9.4936865E+03   0.0000000E+00   0.0000000E+00   0.0000000E+00   0.0000000E+00
     2.4700000E+02   4.9200223E+02   2.2156327E-03   4.9200223E+02   7.8487632E+03   0.0000000E+00   0.0000000E+00   0.0000000E+00   0.0000000E+00
     2.4800000E+02   4.9200195E+02   1.9378944E-03   4.9200195E+02   6.2784888E+03   0.0000000E+00   0.0000000E+00   0.0000000E+00   0.0000000E+00
     2.4900000E+02   4.9200189E+02   1.8834330E-03   4.9200189E+02   5.9871743E+03   0.0000000E+00   0.0000000E+00   0.0000000E+00   0.0000000E+00
     2.5000000E+02   4.9200183E+02   1.8404232E-03   4.9200183E+02   5.7610430E+03   0.0000000E+00   0.0000000E+00   0.0000000E+00   0.0000000E+00
     2.5100000E+02   4.9200180E+02   1.8054605E-03   4.9200180E+02   5.5797954E+03   0.0000000E+00   0.0000000E+00   0.0000000E+00   0.0000000E+00
     2.5200000E+02   4.9200177E+02   1.7764670E-03   4.9200177E+02   5.4312549E+03   0.0000000E+00   0.0000000E+00   0.0000000E+00   0.0000000E+00
     2.5300000E+02   4.9200174E+02   1.7520677E-03   4.9200174E+02   5.3074971E+03   0.0000000E+00   0.0000000E+00   0.0000000E+00   0.0000000E+00
     2.5400000E+02   4.9200174E+02   1.7313008E-03   4.9200174E+02   5.2030645E+03   0.0000000E+00   0.0000000E+00   0.0000000E+00   0.0000000E+00
     2.5500000E+02   4.9200171E+02   1.7134619E-03   4.9200171E+02   5.1140195E+03   0.0000000E+00   0.0000000E+00   0.0000000E+00   0.0000000E+00
     2.5600000E+02   4.9200171E+02   1.6980198E-03   4.9200171E+02   5.0374360E+03   0.0000000E+00   0.0000000E+00   0.0000000E+00   0.0000000E+00
     2.5700000E+02   4.9200168E+02   1.6845624E-03   4.9200168E+02   4.9710732E+03   0.0000000E+00   0.0000000E+00   0.0000000E+00   0.0000000E+00
     2.5800000E+02   4.9200168E+02   1.6727662E-03   4.9200168E+02   4.9131919E+03   0.0000000E+00   0.0000000E+00   0.0000000E+00   0.0000000E+00
     2.5900000E+02   4.9200165E+02   1.6623717E-03   4.9200165E+02   4.8624131E+03   0.0000000E+00   0.0000000E+00   0.0000000E+00   0.0000000E+00
     2.6000000E+02   4.9200165E+02   1.6531682E-03   4.9200165E+02   4.8176289E+03   0.0000000E+00   0.0000000E+00   0.0000000E+00   0.0000000E+00
     2.6100000E+02   4.9200165E+02   1.6449840E-03   4.9200165E+02   4.7779448E+03   0.0000000E+00   0.0000000E+00   0.0000000E+00   0.0000000E+00
     2.6200000E+02   4.9200165E+02   1.6376771E-03   4.9200165E+02   4.7426245E+03   0.0000000E+00   0.0000000E+00   0.0000000E+00   0.0000000E+00
     2.6300000E+02   4.9200162E+02   1.6311294E-03   4.9200162E+02   4.7110640E+03   0.0000000E+00   0.0000000E+00   0.0000000E+00   0.0000000E+00
     2.6400000E+02   4.9200162E+02   1.6252421E-03   4.9200162E+02   4.6827583E+03   0.0000000E+00   0.0000000E+00   0.0000000E+00   0.0000000E+00
     2.6500000E+02   4.9200162E+02   1.6199308E-03   4.9200162E+02   4.6572808E+03   0.0000000E+00   0.0000000E+00   0.0000000E+00   0.0000000E+00
     2.6600000E+02   4.9200162E+02   1.6151257E-03   4.9200162E+02   4.6342788E+03   0.0000000E+00   0.0000000E+00   0.0000000E+00   0.0000000E+00
     2.6700000E+02   4.9200162E+02   1.6107662E-03   4.9200162E+02   4.6134497E+03   0.0000000E+00   0.0000000E+00   0.0000000E+00   0.0000000E+00
     2.6800000E+02   4.9200162E+02   1.6068000E-03   4.9200162E+02   4.5945327E+03   0.0000000E+00   0.0000000E+00   0.0000000E+00   0.0000000E+00
     2.6900000E+02   4.9200162E+02   1.6031830E-03   4.9200162E+02   4.5773076E+03   0.0000000E+00   0.0000000E+00   0.0000000E+00   0.0000000E+00
     2.7000000E+02   4.9200159E+02   1.5998763E-03   4.9200159E+02   4.5615840E+03   0.0000000E+00   0.0000000E+00   0.0000000E+00   0.0000000E+00
     2.7100000E+02   4.9200250E+02   2.4988500E-03   4.9200250E+02   9.5911777E+03   0.0000000E+00   0.0000000E+00   0.0000000E+00   0.0000000E+00
     2.7200000E+02   4.9200180E+02   1.8118919E-03   4.9200180E+02   5.6129619E+03   0.0000000E+00   0.0000000E+00   0.0000000E+00   0.0000000E+00
     2.7300000E+02   4.9200177E+02   1.7779139E-03   4.9200177E+02   5.4386299E+03   0.0000000E+00   0.0000000E+00   0.0000000E+00   0.0000000E+00
     2.7400000E+02   4.9200174E+02   1.7512324E-03   4.9200174E+02   5.3032808E+03   0.0000000E+00   0.0000000E+00   0.0000000E+00   0.0000000E+00
     2.7500000E+02   4.9200174E+02   1.7295212E-03   4.9200174E+02   5.1941533E+03   0.0000000E+00   0.0000000E+00   0.0000000E+00   0.0000000E+00
     2.7600000E+02   4.9200171E+02   1.7114036E-03   4.9200171E+02   5.1037847E+03   0.0000000E+00   0.0000000E+00   0.0000000E+00   0.0000000E+00
     2.7700000E+02   4.9200171E+02   1.6960055E-03   4.9200171E+02   5.0274805E+03   0.0000000E+00   0.0000000E+00   0.0000000E+00   0.0000000E+00
     2.7800000E+02   4.9200168E+02   1.6827385E-03   4.9200168E+02   4.9621060E+03   0.0000000E+00   0.0000000E+00   0.0000000E+00   0.0000000E+00
     2.7900000E+02   4.9200168E+02   1.6711868E-03   4.9200168E+02   4.9054624E+03   0.0000000E+00   0.0000000E+00   0.0000000E+00   0.0000000E+00
     2.8000000E+02   4.9200165E+02   1.6610443E-03   4.9200165E+02   4.8559438E+03   0.0000000E+00   0.0000000E+00   0.0000000E+00   0.0000000E+00
     2.8100000E+02   4.9200165E+02   1.6520781E-03   4.9200165E+02   4.8123359E+03   0.0000000E+00   0.0000000E+00   0.0000000E+00   0.0000000E+00
     2.8200000E+02   4.9200165E+02   1.6441063E-03   4.9200165E+02   4.7736963E+03   0.0000000E+00   0.0000000E+00   0.0000000E+00   0.0000000E+00
     2.8300000E+02   4.9200165E+02   1.6369843E-03   4.9200165E+02   4.7392812E+03   0.0000000E+00   0.0000000E+00   0.0000000E+00   0.0000000E+00
     2.8400000E+02   4.9200162E+02   1.6305944E-03   4.9200162E+02   4.7084883E+03   0.0000000E+00   0.0000000E+00   0.0000000E+00   0.0000000E+00
     2.8500000E+02   4.9200162E+02   1.6248389E-03   4.9200162E+02   4.6808223E+03   0.0000000E+00   0.0000000E+00   0.0000000E+00   0.0000000E+00
     2.8600000E+02   4.9200162E+02   1.6196382E-03   4.9200162E+02   4.6558784E+03   0.0000000E+00   0.0000000E+00   0.0000000E+00   0.0000000E+00
     2.8700000E+02   4.9200162E+02   1.6149235E-03   4.9200162E+02   4.6333120E+03   0.0000000E+00   0.0000000E+00   0.0000000E+00   0.0000000E+00
     2.8800000E+02   4.9200162E+02   1.6106379E-03   4.9200162E+02   4.6128374E+03   0.0000000E+00   0.0000000E+00   0.0000000E+00   0.0000000E+00
     2.8900000E+02   4.9200162E+02   1.6067318E-03   4.9200162E+02   4.5942075E+03   0.0000000E+00   0.0000000E+00   0.0000000E+00   0.0000000E+00
     2.9000000E+02   4.9200162E+02   1.6031626E-03   4.9200162E+02   4.5772109E+03   0.0000000E+00   0.0000000E+00   0.0000000E+00   0.0000000E+00
     2.9100000E+02   4.9200159E+02   1.5998945E-03   4.9200159E+02   4.5616699E+03   0.0000000E+00   0.0000000E+00   0.0000000E+00   0.0000000E+00
     2.9200000E+02   4.9200159E+02   1.5968956E-03   4.9200159E+02   4.5474282E+03   0.0000000E+00   0.0000000E+00   0.0000000E+00   0.0000000E+00
     2.9300000E+02   4.9200159E+02   1.5941373E-03   4.9200159E+02   4.5343442E+03   0.0000000E+00   0.0000000E+00   0.0000000E+00   0.0000000E+00
     2.9400000E+02   4.9200159E+02   1.5915963E-03   4.9200159E+02   4.5223052E+03   0.0000000E+00   0.0000000E+00   0.0000000E+00   0.0000000E+00
     2.9500000E+02   4.9200159E+02   1.5892513E-03   4.9200159E+02   4.5112056E+03   0.0000000E+00   0.0000000E+00   0.0000000E+00   0.0000000E+00
     2.9600000E+02   4.9200159E+02   1.5870825E-03   4.9200159E+02   4.5009497E+03   0.0000000E+00   0.0000000E+00   0.0000000E+00   0.0000000E+00
     2.9700000E+02   4.9200159E+02   1.5850744E-03   4.9200159E+02   4.4914614E+03   0.0000000E+00   0.0000000E+00   0.0000000E+00   0.0000000E+00
     2.9800000E+02   4.9200159E+02   1.5832118E-03   4.9200159E+02   4.4826689E+03   0.0000000E+00   0.0000000E+00   0.0000000E+00   0.0000000E+00
     2.9900000E+02   4.9200159E+02   1.5814811E-03   4.9200159E+02   4.4745049E+03   0.0000000E+00   0.0000000E+00   0.0000000E+00   0.0000000E+00
     3.0000000E+02   4.9200159E+02   1.5798706E-03   4.9200159E+02   4.4669131E+03   0.0000000E+00   0.0000000E+00   0.0000000E+00   0.0000000E+00
     3.0100000E+02   4.9200159E+02   1.5783707E-03   4.9200159E+02   4.4598472E+03   0.0000000E+00   0.0000000E+00   0.0000000E+00   0.0000000E+00
     3.0200000E+02   4.9200159E+02   1.5769709E-03   4.9200159E+02   4.4532568E+03   0.0000000E+00   0.0000000E+00   0.0000000E+00   0.0000000E+00
     3.0300000E+02   4.9200159E+02   1.5756638E-03   4.9200159E+02   4.4471069E+03   0.0000000E+00   0.0000000E+00   0.0000000E+00   0.0000000E+00
     3.0400000E+02   4.9200159E+02   1.5744406E-03   4.9200159E+02   4.4413545E+03   0.0000000E+00   0.0000000E+00   0.0000000E+00   0.0000000E+00
     3.0500000E+02   4.9200159E+02   1.5732957E-03   4.9200159E+02   4.4359727E+03   0.0000000E+00   0.0000000E+00   0.0000000E+00   0.0000000E+00
     3.0600000E+02   4.9200159E+02   1.5720467E-03   4.9200159E+02   4.4301050E+03   0.0000000E+00   0.0000000E+00   0.0000000E+00   0.0000000E+00
     3.0700000E+02   4.9200156E+02   1.5709462E-03   4.9200156E+02   4.4249380E+03   0.0000000E+00   0.0000000E+00   0.0000000E+00   0.0000000E+00
     3.0800000E+02   4.9200156E+02   1.5699203E-03   4.9200156E+02   4.4201226E+03   0.0000000E+00   0.0000000E+00   0.0000000E+00   0.0000000E+00
     3.0900000E+02   4.9200156E+02   1.5689615E-03   4.9200156E+02   4.4156245E+03   0.0000000E+00   0.0000000E+00   0.0000000E+00   0.0000000E+00
     3.1000000E+02   4.9200156E+02   1.5662811E-03   4.9200156E+02   4.4030586E+03   0.0000000E+00   0.0000000E+00   0.0000000E+00   0.0000000E+00
     3.1100000E+02   4.9200156E+02   1.5566633E-03   4.9200156E+02   4.3580894E+03   0.0000000E+00   0.0000000E+00   0.0000000E+00   0.0000000E+00
     3.1200000E+02   4.9200156E+02   1.5490288E-03   4.9200156E+02   4.3225244E+03   0.0000000E+00   0.0000000E+00   0.0000000E+00   0.0000000E+00
     3.1300000E+02   4.9200156E+02   1.5489763E-03   4.9200156E+02   4.3222803E+03   0.0000000E+00   0.0000000E+00   0.0000000E+00   0.0000000E+00
     3.1400000E+02   4.9200156E+02   1.5489289E-03   4.9200156E+02   4.3220601E+03   0.0000000E+00   0.0000000E+00   0.0000000E+00   0.0000000E+00
     3.1500000E+02   4.9200156E+02   1.5488862E-03   4.9200156E+02   4.3218613E+03   0.0000000E+00   0.0000000E+00   0.0000000E+00   0.0000000E+00
     3.1600000E+02   4.9200156E+02   1.5488475E-03   4.9200156E+02   4.3216812E+03   0.0000000E+00   0.0000000E+00   0.0000000E+00   0.0000000E+00
     3.1700000E+02   4.9200156E+02   1.5488128E-03   4.9200156E+02   4.3215200E+03   0.0000000E+00   0.0000000E+00   0.0000000E+00   0.0000000E+00
     3.1800000E+02   4.9200156E+02   1.5487816E-03   4.9200156E+02   4.3213750E+03   0.0000000E+00   0.0000000E+00   0.0000000E+00   0.0000000E+00
     3.1900000E+02   4.9200156E+02   1.5487534E-03   4.9200156E+02   4.3212432E+03   0.0000000E+00   0.0000000E+00   0.0000000E+00   0.0000000E+00
     3.2000000E+02   4.9200156E+02   1.5487274E-03   4.9200156E+02   4.3211226E+03   0.0000000E+00   0.0000000E+00   0.0000000E+00   0.0000000E+00
     3.2100000E+02   4.9200156E+02   1.5487042E-03   4.9200156E+02   4.3210151E+03   0.0000000E+00   0.0000000E+00   0.0000000E+00   0.0000000E+00
     3.2200000E+02   4.9200156E+02   1.5486835E-03   4.9200156E+02   4.3209185E+03   0.0000000E+00   0.0000000E+00   0.0000000E+00   0.0000000E+00
     3.2300000E+02   4.9200156E+02   1.5486644E-03   4.9200156E+02   4.3208301E+03   0.0000000E+00   0.0000000E+00   0.0000000E+00   0.0000000E+00
     3.2400000E+02   4.9200156E+02   1.5486476E-03   4.9200156E+02   4.3207520E+03   0.0000000E+00   0.0000000E+00   0.0000000E+00   0.0000000E+00
     3.2500000E+02   4.9200156E+02   1.5486320E-03   4.9200156E+02   4.3206792E+03   0.0000000E+00   0.0000000E+00   0.0000000E+00   0.0000000E+00
     3.2600000E+02   4.9200156E+02   1.5486182E-03   4.9200156E+02   4.3206147E+03   0.0000000E+00   0.0000000E+00   0.0000000E+00   0.0000000E+00
     3.2700000E+02   4.9200156E+02   1.5486055E-03   4.9200156E+02   4.3205557E+03   0.0000000E+00   0.0000000E+00   0.0000000E+00   0.0000000E+00
     3.2800000E+02   4.9200156E+02   1.5485940E-03   4.9200156E+02   4.3205024E+03   0.0000000E+00   0.0000000E+00   0.0000000E+00   0.0000000E+00
     3.2900000E+02   4.9200156E+02   1.5485836E-03   4.9200156E+02   4.3204541E+03   0.0000000E+00   0.0000000E+00   0.0000000E+00   0.0000000E+00
     3.3000000E+02   4.9200156E+02   1.5485743E-03   4.9200156E+02   4.3204111E+03   0.0000000E+00   0.0000000E+00   0.0000000E+00   0.0000000E+00
     3.3100000E+02   4.9200156E+02   1.5485657E-03   4.9200156E+02   4.3203706E+03   0.0000000E+00   0.0000000E+00   0.0000000E+00   0.0000000E+00
     3.3200000E+02   4.9200156E+02   1.5485581E-03   4.9200156E+02   4.3203359E+03   0.0000000E+00   0.0000000E+00   0.0000000E+00   0.0000000E+00
     3.3300000E+02   4.9200156E+02   1.5485513E-03   4.9200156E+02   4.3203037E+03   0.0000000E+00   0.0000000E+00   0.0000000E+00   0.0000000E+00
     3.3400000E+02   4.9200156E+02   1.5485454E-03   4.9200156E+02   4.3202764E+03   0.0000000E+00   0.0000000E+00   0.0000000E+00   0.0000000E+00
     3.3500000E+02   4.9200156E+02   1.5485396E-03   4.9200156E+02   4.3202495E+03   0.0000000E+00   0.0000000E+00   0.0000000E+00   0.0000000E+00
     3.3600000E+02   4.9200156E+02   1.5485345E-03   4.9200156E+02   4.3202256E+03   0.0000000E+00   0.0000000E+00   0.0000000E+00   0.0000000E+00
     3.3700000E+02   4.9200156E+02   1.5485298E-03   4.9200156E+02   4.3202041E+03   0.0000000E+00   0.0000000E+00   0.0000000E+00   0.0000000E+00
     3.3800000E+02   4.9200156E+02   1.5485258E-03   4.9200156E+02   4.3201851E+03   0.0000000E+00   0.0000000E+00   0.0000000E+00   0.0000000E+00
     3.3900000E+02   4.9200156E+02   1.5485218E-03   4.9200156E+02   4.3201665E+03   0.0000000E+00   0.0000000E+00   0.0000000E+00   0.0000000E+00
     3.4000000E+02   4.9200156E+02   1.5485183E-03   4.9200156E+02   4.3201504E+03   0.0000000E+00   0.0000000E+00   0.0000000E+00   0.0000000E+00
     3.4100000E+02   4.9200156E+02   1.5485154E-03   4.9200156E+02   4.3201367E+03   0.0000000E+00   0.0000000E+00   0.0000000E+00   0.0000000E+00
     3.4200000E+02   4.9200156E+02   1.5485125E-03   4.9200156E+02   4.3201235E+03   0.0000000E+00   0.0000000E+00   0.0000000E+00   0.0000000E+00
     3.4300000E+02   4.9200156E+02   1.5485102E-03   4.9200156E+02   4.3201128E+03   0.0000000E+00   0.0000000E+00   0.0000000E+00   0.0000000E+00
     3.4400000E+02   4.9200156E+02   1.5485078E-03   4.9200156E+02   4.3201021E+03   0.0000000E+00   0.0000000E+00   0.0000000E+00   0.0000000E+00
     3.4500000E+02   4.9200156E+02   1.5485056E-03   4.9200156E+02   4.3200913E+03   0.0000000E+00   0.0000000E+00   0.0000000E+00   0.0000000E+00
     3.4600000E+02   4.9200156E+02   1.5485039E-03   4.9200156E+02   4.3200830E+03   0.0000000E+00   0.0000000E+00   0.0000000E+00   0.0000000E+00
     3.4700000E+02   4.9200156E+02   1.5485021E-03   4.9200156E+02   4.3200752E+03   0.0000000E+00   0.0000000E+00   0.0000000E+00   0.0000000E+00
     3.4800000E+02   4.9200156E+02   1.5485004E-03   4.9200156E+02   4.3200674E+03   0.0000000E+00   0.0000000E+00   0.0000000E+00   0.0000000E+00
     3.4900000E+02   4.9200156E+02   1.5484992E-03   4.9200156E+02   4.3200615E+03   0.0000000E+00   0.0000000E+00   0.0000000E+00   0.0000000E+00
     3.5000000E+02   4.9200156E+02   1.5484981E-03   4.9200156E+02   4.3200562E+03   0.0000000E+00   0.0000000E+00   0.0000000E+00   0.0000000E+00
     3.5100000E+02   4.9200156E+02   1.5484969E-03   4.9200156E+02   4.3200508E+03   0.0000000E+00   0.0000000E+00   0.0000000E+00   0.0000000E+00
     3.5200000E+02   4.9200156E+02   1.5484957E-03   4.9200156E+02   4.3200454E+03   0.0000000E+00   0.0000000E+00   0.0000000E+00   0.0000000E+00
     3.5300000E+02   4.9200156E+02   1.5484947E-03   4.9200156E+02   4.3200405E+03   0.0000000E+00   0.0000000E+00   0.0000000E+00   0.0000000E+00
     3.5400000E+02   4.9200156E+02   1.5484940E-03   4.9200156E+02   4.3200376E+03   0.0000000E+00   0.0000000E+00   0.0000000E+00   0.0000000E+00
     3.5500000E+02   4.9200156E+02   1.5484934E-03   4.9200156E+02   4.3200347E+03   0.0000000E+00   0.0000000E+00   0.0000000E+00   0.0000000E+00
     3.5600000E+02   4.9200156E+02   1.5484923E-03   4.9200156E+02   4.3200298E+03   0.0000000E+00   0.0000000E+00   0.0000000E+00   0.0000000E+00
     3.5700000E+02   4.9200156E+02   1.5484918E-03   4.9200156E+02   4.3200269E+03   0.0000000E+00   0.0000000E+00   0.0000000E+00   0.0000000E+00
     3.5800000E+02   4.9200156E+02   1.5484912E-03   4.9200156E+02   4.3200244E+03   0.0000000E+00   0.0000000E+00   0.0000000E+00   0.0000000E+00
     3.5900000E+02   4.9200156E+02   1.5484906E-03   4.9200156E+02   4.3200215E+03   0.0000000E+00   0.0000000E+00   0.0000000E+00   0.0000000E+00
     3.6000000E+02   4.9200156E+02   1.5484906E-03   4.9200156E+02   4.3200215E+03   0.0000000E+00   0.0000000E+00   0.0000000E+00   0.0000000E+00
     3.6100000E+02   4.9200156E+02   1.5484900E-03   4.9200156E+02   4.3200186E+03   0.0000000E+00   0.0000000E+00   0.0000000E+00   0.0000000E+00
     3.6200000E+02   4.9200156E+02   1.5484894E-03   4.9200156E+02   4.3200161E+03   0.0000000E+00   0.0000000E+00   0.0000000E+00   0.0000000E+00
     3.6300000E+02   4.9200156E+02   1.5484894E-03   4.9200156E+02   4.3200161E+03   0.0000000E+00   0.0000000E+00   0.0000000E+00   0.0000000E+00
     3.6400000E+02   4.9200156E+02   1.5484889E-03   4.9200156E+02   4.3200137E+03   0.0000000E+00   0.0000000E+00   0.0000000E+00   0.0000000E+00
     3.6500000E+02   4.9200156E+02   1.5484889E-03   4.9200156E+02   4.3200132E+03   0.0000000E+00   0.0000000E+00   0.0000000E+00   0.0000000E+00
     3.6600000E+02   4.9200156E+02   1.5484883E-03   4.9200156E+02   4.3200107E+03   0.0000000E+00   0.0000000E+00   0.0000000E+00   0.0000000E+00
     3.6700000E+02   4.9200156E+02   1.5484883E-03   4.9200156E+02   4.3200107E+03   0.0000000E+00   0.0000000E+00   0.0000000E+00   0.0000000E+00
     3.6800000E+02   4.9200177E+02   1.7665228E-03   4.9200177E+02   5.3806782E+03   0.0000000E+00   0.0000000E+00   0.0000000E+00   0.0000000E+00
     3.6900000E+02   4.9200281E+02   2.8024656E-03   4.9200281E+02   1.1611066E+04   0.0000000E+00   0.0000000E+00   0.0000000E+00   0.0000000E+00
     3.7000000E+02   4.9200235E+02   2.3481722E-03   4.9200235E+02   8.6467900E+03   0.0000000E+00   0.0000000E+00   0.0000000E+00   0.0000000E+00
     3.7100000E+02   4.9200232E+02   2.3123033E-03   4.9200232E+02   8.4277754E+03   0.0000000E+00   0.0000000E+00   0.0000000E+00   0.0000000E+00
     3.7200000E+02   4.9200195E+02   1.9395233E-03   4.9200195E+02   6.2872866E+03   0.0000000E+00   0.0000000E+00   0.0000000E+00   0.0000000E+00
     3.7300000E+02   4.9200189E+02   1.8837132E-03   4.9200189E+02   5.9886592E+03   0.0000000E+00   0.0000000E+00   0.0000000E+00   0.0000000E+00
     3.7400000E+02   4.9200183E+02   1.8404026E-03   4.9200183E+02   5.7609355E+03   0.0000000E+00   0.0000000E+00   0.0000000E+00   0.0000000E+00
     3.7500000E+02   4.9200223E+02   2.2352345E-03   4.9200223E+02   7.9648350E+03   0.0000000E+00   0.0000000E+00   0.0000000E+00   0.0000000E+00
     3.7600000E+02   4.9200204E+02   2.0412244E-03   4.9200204E+02   6.8463047E+03   0.0000000E+00   0.0000000E+00   0.0000000E+00   0.0000000E+00
     3.7700000E+02   4.9200183E+02   1.8412183E-03   4.9200183E+02   5.7651919E+03   0.0000000E+00   0.0000000E+00   0.0000000E+00   0.0000000E+00
     3.7800000E+02   4.9200180E+02   1.8066209E-03   4.9200180E+02   5.5857734E+03   0.0000000E+00   0.0000000E+00   0.0000000E+00   0.0000000E+00
     3.7900000E+02   4.9200177E+02   1.7778432E-03   4.9200177E+02   5.4382695E+03   0.0000000E+00   0.0000000E+00   0.0000000E+00   0.0000000E+00
     3.8000000E+02   4.9200174E+02   1.7535519E-03   4.9200174E+02   5.3149922E+03   0.0000000E+00   0.0000000E+00   0.0000000E+00   0.0000000E+00
     3.8100000E+02   4.9200174E+02   1.7328182E-03   4.9200174E+02   5.2106670E+03   0.0000000E+00   0.0000000E+00   0.0000000E+00   0.0000000E+00
     3.8200000E+02   4.9200171E+02   1.7149645E-03   4.9200171E+02   5.1214961E+03   0.0000000E+00   0.0000000E+00   0.0000000E+00   0.0000000E+00
     3.8300000E+02   4.9200171E+02   1.6994772E-03   4.9200171E+02   5.0446440E+03   0.0000000E+00   0.0000000E+00   0.0000000E+00   0.0000000E+00
     3.8400000E+02   4.9200168E+02   1.6859578E-03   4.9200168E+02   4.9779375E+03   0.0000000E+00   0.0000000E+00   0.0000000E+00   0.0000000E+00
     3.8500000E+02   4.9200168E+02   1.6740896E-03   4.9200168E+02   4.9196719E+03   0.0000000E+00   0.0000000E+00   0.0000000E+00   0.0000000E+00
     3.8600000E+02   4.9200168E+02   1.6636192E-03   4.9200168E+02   4.8684961E+03   0.0000000E+00   0.0000000E+00   0.0000000E+00   0.0000000E+00
     3.8700000E+02   4.9200165E+02   1.6543401E-03   4.9200165E+02   4.8233228E+03   0.0000000E+00   0.0000000E+00   0.0000000E+00   0.0000000E+00
     3.8800000E+02   4.9200165E+02   1.6460823E-03   4.9200165E+02   4.7832622E+03   0.0000000E+00   0.0000000E+00   0.0000000E+00   0.0000000E+00
     3.8900000E+02   4.9200165E+02   1.6387050E-03   4.9200165E+02   4.7475874E+03   0.0000000E+00   0.0000000E+00   0.0000000E+00   0.0000000E+00
     3.9000000E+02   4.9200162E+02   1.6320905E-03   4.9200162E+02   4.7156914E+03   0.0000000E+00   0.0000000E+00   0.0000000E+00   0.0000000E+00
     3.9100000E+02   4.9200162E+02   1.6261411E-03   4.9200162E+02   4.6870767E+03   0.0000000E+00   0.0000000E+00   0.0000000E+00   0.0000000E+00
     3.9200000E+02   4.9200162E+02   1.6207724E-03   4.9200162E+02   4.6613140E+03   0.0000000E+00   0.0000000E+00   0.0000000E+00   0.0000000E+00
     3.9300000E+02   4.9200162E+02   1.6159135E-03   4.9200162E+02   4.6380469E+03   0.0000000E+00   0.0000000E+00   0.0000000E+00   0.0000000E+00
     3.9400000E+02   4.9200162E+02   1.6115041E-03   4.9200162E+02   4.6169731E+03   0.0000000E+00   0.0000000E+00   0.0000000E+00   0.0000000E+00
     3.9500000E+02   4.9200162E+02   1.6074924E-03   4.9200162E+02   4.5978335E+03   0.0000000E+00   0.0000000E+00   0.0000000E+00   0.0000000E+00
     3.9600000E+02   4.9200162E+02   1.6038335E-03   4.9200162E+02   4.5804043E+03   0.0000000E+00   0.0000000E+00   0.0000000E+00   0.0000000E+00
     3.9700000E+02   4.9200159E+02   1.6004888E-03   4.9200159E+02   4.5644946E+03   0.0000000E+00   0.0000000E+00   0.0000000E+00   0.0000000E+00
     3.9800000E+02   4.9200159E+02   1.5974236E-03   4.9200159E+02   4.5499341E+03   0.0000000E+00   0.0000000E+00   0.0000000E+00   0.0000000E+00
     3.9900000E+02   4.9200180E+02   1.8000180E-03   4.9200180E+02   5.5517905E+03   0.0000000E+00   0.0000000E+00   0.0000000E+00   0.0000000E+00
     4.0000000E+02   4.9200162E+02   1.6165578E-03   4.9200162E+02   4.6411299E+03   0.0000000E+00   0.0000000E+00   0.0000000E+00   0.0000000E+00
     4.0100000E+02   4.9200272E+02   2.7053016E-03   4.9200272E+02   1.0947908E+04   0.0000000E+00   0.0000000E+00   0.0000000E+00   0.0000000E+00
     4.0200000E+02   4.9200186E+02   1.8711934E-03   4.9200186E+02   5.9224683E+03   0.0000000E+00   0.0000000E+00   0.0000000E+00   0.0000000E+00
     4.0300000E+02   4.9200183E+02   1.8266691E-03   4.9200183E+02   5.6894648E+03   0.0000000E+00   0.0000000E+00   0.0000000E+00   0.0000000E+00
     4.0400000E+02   4.9200180E+02   1.7922530E-03   4.9200180E+02   5.5119316E+03   0.0000000E+00   0.0000000E+00   0.0000000E+00   0.0000000E+00
     4.0500000E+02   4.9200177E+02   1.7645499E-03   4.9200177E+02   5.3706665E+03   0.0000000E+00   0.0000000E+00   0.0000000E+00   0.0000000E+00
     4.0600000E+02   4.9200174E+02   1.7416261E-03   4.9200174E+02   5.2548848E+03   0.0000000E+00   0.0000000E+00   0.0000000E+00   0.0000000E+00
     4.0700000E+02   4.9200192E+02   1.9347096E-03   4.9200192E+02   6.2613013E+03   0.0000000E+00   0.0000000E+00   0.0000000E+00   0.0000000E+00
     4.0800000E+02   4.9200171E+02   1.7232372E-03   4.9200171E+02   5.1627378E+03   0.0000000E+00   0.0000000E+00   0.0000000E+00   0.0000000E+00
     4.0900000E+02   4.9200171E+02   1.7069075E-03   4.9200171E+02   5.0814575E+03   0.0000000E+00   0.0000000E+00   0.0000000E+00   0.0000000E+00
     4.1000000E+02   4.9200168E+02   1.6927207E-03   4.9200168E+02   5.0112622E+03   0.0000000E+00   0.0000000E+00   0.0000000E+00   0.0000000E+00
     4.1100000E+02   4.9200168E+02   1.6802938E-03   4.9200168E+02   4.9500967E+03   0.0000000E+00   0.0000000E+00   0.0000000E+00   0.0000000E+00
     4.1200000E+02   4.9200168E+02   1.6693373E-03   4.9200168E+02   4.8964175E+03   0.0000000E+00   0.0000000E+00   0.0000000E+00   0.0000000E+00
     4.1300000E+02   4.9200183E+02   1.8281188E-03   4.9200183E+02   5.6969927E+03   0.0000000E+00   0.0000000E+00   0.0000000E+00   0.0000000E+00
     4.1400000E+02   4.9200189E+02   1.9032175E-03   4.9200189E+02   6.0923613E+03   0.0000000E+00   0.0000000E+00   0.0000000E+00   0.0000000E+00
     4.1500000E+02   4.9200204E+02   2.0470731E-03   4.9200204E+02   6.8790308E+03   0.0000000E+00   0.0000000E+00   0.0000000E+00   0.0000000E+00
     4.1600000E+02   4.9200214E+02   2.1432426E-03   4.9200214E+02   7.4260391E+03   0.0000000E+00   0.0000000E+00   0.0000000E+00   0.0000000E+00
     4.1700000E+02   4.9200183E+02   1.8372500E-03   4.9200183E+02   5.7444971E+03   0.0000000E+00   0.0000000E+00   0.0000000E+00   0.0000000E+00
     4.1800000E+02   4.9200180E+02   1.8009045E-03   4.9200180E+02   5.5563477E+03   0.0000000E+00   0.0000000E+00   0.0000000E+00   0.0000000E+00
     4.1900000E+02   4.9200192E+02   1.9145575E-03   4.9200192E+02   6.1529824E+03   0.0000000E+00   0.0000000E+00   0.0000000E+00   0.0000000E+00
     4.2000000E+02   4.9200189E+02   1.8811282E-03   4.9200189E+02   5.9749683E+03   0.0000000E+00   0.0000000E+00   0.0000000E+00   0.0000000E+00
     4.2100000E+02   4.9200174E+02   1.7464574E-03   4.9200174E+02   5.2792021E+03   0.0000000E+00   0.0000000E+00   0.0000000E+00   0.0000000E+00
     4.2200000E+02   4.9200174E+02   1.7270079E-03   4.9200174E+02   5.1815796E+03   0.0000000E+00   0.0000000E+00   0.0000000E+00   0.0000000E+00
     4.2300000E+02   4.9200171E+02   1.7102363E-03   4.9200171E+02   5.0979844E+03   0.0000000E+00   0.0000000E+00   0.0000000E+00   0.0000000E+00
     4.2400000E+02   4.9200171E+02   1.6956413E-03   4.9200171E+02   5.0256812E+03   0.0000000E+00   0.0000000E+00   0.0000000E+00   0.0000000E+00
     4.2500000E+02   4.9200168E+02   1.6828484E-03   4.9200168E+02   4.9626460E+03   0.0000000E+00   0.0000000E+00   0.0000000E+00   0.0000000E+00
     4.2600000E+02   4.9200168E+02   1.6715694E-03   4.9200168E+02   4.9073345E+03   0.0000000E+00   0.0000000E+00   0.0000000E+00   0.0000000E+00
     4.2700000E+02   4.9200165E+02   1.6615756E-03   4.9200165E+02   4.8585327E+03   0.0000000E+00   0.0000000E+00   0.0000000E+00   0.0000000E+00
     4.2800000E+02   4.9200165E+02   1.6526816E-03   4.9200165E+02   4.8152661E+03   0.0000000E+00   0.0000000E+00   0.0000000E+00   0.0000000E+00
     4.2900000E+02   4.9200165E+02   1.6447356E-03   4.9200165E+02   4.7767417E+03   0.0000000E+00   0.0000000E+00   0.0000000E+00   0.0000000E+00
     4.3000000E+02   4.9200165E+02   1.6376108E-03   4.9200165E+02   4.7423052E+03   0.0000000E+00   0.0000000E+00   0.0000000E+00   0.0000000E+00
     4.3100000E+02   4.9200162E+02   1.6312019E-03   4.9200162E+02   4.7114131E+03   0.0000000E+00   0.0000000E+00   0.0000000E+00   0.0000000E+00
     4.3200000E+02   4.9200162E+02   1.6254188E-03   4.9200162E+02   4.6836069E+03   0.0000000E+00   0.0000000E+00   0.0000000E+00   0.0000000E+00
     4.3300000E+02   4.9200162E+02   1.6201864E-03   4.9200162E+02   4.6585049E+03   0.0000000E+00   0.0000000E+00   0.0000000E+00   0.0000000E+00
     4.3400000E+02   4.9200162E+02   1.6154384E-03   4.9200162E+02   4.6357744E+03   0.0000000E+00   0.0000000E+00   0.0000000E+00   0.0000000E+00
     4.3500000E+02   4.9200162E+02   1.6111200E-03   4.9200162E+02   4.6151387E+03   0.0000000E+00   0.0000000E+00   0.0000000E+00   0.0000000E+00
     4.3600000E+02   4.9200162E+02   1.6071827E-03   4.9200162E+02   4.5963564E+03   0.0000000E+00   0.0000000E+00   0.0000000E+00   0.0000000E+00
     4.3700000E+02   4.9200162E+02   1.6035847E-03   4.9200162E+02   4.5792197E+03   0.0000000E+00   0.0000000E+00   0.0000000E+00   0.0000000E+00
     4.3800000E+02   4.9200159E+02   1.6002895E-03   4.9200159E+02   4.5635469E+03   0.0000000E+00   0.0000000E+00   0.0000000E+00   0.0000000E+00
     4.3900000E+02   4.9200159E+02   1.5972657E-03   4.9200159E+02   4.5491846E+03   0.0000000E+00   0.0000000E+00   0.0000000E+00   0.0000000E+00
     4.4000000E+02   4.9200177E+02   1.7616196E-03   4.9200177E+02   5.3558101E+03   0.0000000E+00   0.0000000E+00   0.0000000E+00   0.0000000E+00
     4.4100000E+02   4.9200162E+02   1.6189638E-03   4.9200162E+02   4.6526479E+03   0.0000000E+00   0.0000000E+00   0.0000000E+00   0.0000000E+00
     4.4200000E+02   4.9200162E+02   1.6141612E-03   4.9200162E+02   4.6296675E+03   0.0000000E+00   0.0000000E+00   0.0000000E+00   0.0000000E+00
     4.4300000E+02   4.9200162E+02   1.6098541E-03   4.9200162E+02   4.6090962E+03   0.0000000E+00   0.0000000E+00   0.0000000E+00   0.0000000E+00
     4.4400000E+02   4.9200162E+02   1.6059665E-03   4.9200162E+02   4.5905610E+03   0.0000000E+00   0.0000000E+00   0.0000000E+00   0.0000000E+00
     4.4500000E+02   4.9200162E+02   1.6024401E-03   4.9200162E+02   4.5737734E+03   0.0000000E+00   0.0000000E+00   0.0000000E+00   0.0000000E+00
     4.4600000E+02   4.9200159E+02   1.5992264E-03   4.9200159E+02   4.5584951E+03   0.0000000E+00   0.0000000E+00   0.0000000E+00   0.0000000E+00
     4.4700000E+02   4.9200159E+02   1.5962868E-03   4.9200159E+02   4.5445386E+03   0.0000000E+00   0.0000000E+00   0.0000000E+00   0.0000000E+00
     4.4800000E+02   4.9200159E+02   1.5935899E-03   4.9200159E+02   4.5317500E+03   0.0000000E+00   0.0000000E+00   0.0000000E+00   0.0000000E+00
     4.4900000E+02   4.9200159E+02   1.5911080E-03   4.9200159E+02   4.5199927E+03   0.0000000E+00   0.0000000E+00   0.0000000E+00   0.0000000E+00
     4.5000000E+02   4.9200159E+02   1.5888182E-03   4.9200159E+02   4.5091562E+03   0.0000000E+00   0.0000000E+00   0.0000000E+00   0.0000000E+00
     4.5100000E+02   4.9200159E+02   1.5867013E-03   4.9200159E+02   4.4991475E+03   0.0000000E+00   0.0000000E+00   0.0000000E+00   0.0000000E+00
     4.5200000E+02   4.9200159E+02   1.5847399E-03   4.9200159E+02   4.4898823E+03   0.0000000E+00   0.0000000E+00   0.0000000E+00   0.0000000E+00
     4.5300000E+02   4.9200159E+02   1.5829199E-03   4.9200159E+02   4.4812910E+03   0.0000000E+00   0.0000000E+00   0.0000000E+00   0.0000000E+00
     4.5400000E+02   4.9200159E+02   1.5812272E-03   4.9200159E+02   4.4733071E+03   0.0000000E+00   0.0000000E+00   0.0000000E+00   0.0000000E+00
     4.5500000E+02   4.9200159E+02   1.5796511E-03   4.9200159E+02   4.4658789E+03   0.0000000E+00   0.0000000E+00   0.0000000E+00   0.0000000E+00
     4.5600000E+02   4.9200159E+02   1.5781814E-03   4.9200159E+02   4.4589556E+03   0.0000000E+00   0.0000000E+00   0.0000000E+00   0.0000000E+00
     4.5700000E+02   4.9200159E+02   1.5768089E-03   4.9200159E+02   4.4524941E+03   0.0000000E+00   0.0000000E+00   0.0000000E+00   0.0000000E+00
     4.5800000E+02   4.9200159E+02   1.5755256E-03   4.9200159E+02   4.4464570E+03   0.0000000E+00   0.0000000E+00   0.0000000E+00   0.0000000E+00
     4.5900000E+02   4.9200159E+02   1.5743241E-03   4.9200159E+02   4.4408066E+03   0.0000000E+00   0.0000000E+00   0.0000000E+00   0.0000000E+00
     4.6000000E+02   4.9200159E+02   1.5731973E-03   4.9200159E+02   4.4355107E+03   0.0000000E+00   0.0000000E+00   0.0000000E+00   0.0000000E+00
     4.6100000E+02   4.9200159E+02   1.5721404E-03   4.9200159E+02   4.4305454E+03   0.0000000E+00   0.0000000E+00   0.0000000E+00   0.0000000E+00
     4.6200000E+02   4.9200156E+02   1.5711476E-03   4.9200156E+02   4.4258828E+03   0.0000000E+00   0.0000000E+00   0.0000000E+00   0.0000000E+00
     4.6300000E+02   4.9200156E+02   1.5702134E-03   4.9200156E+02   4.4214976E+03   0.0000000E+00   0.0000000E+00   0.0000000E+00   0.0000000E+00
     4.6400000E+02   4.9200156E+02   1.5693342E-03   4.9200156E+02   4.4173726E+03   0.0000000E+00   0.0000000E+00   0.0000000E+00   0.0000000E+00
     4.6500000E+02   4.9200156E+02   1.5685057E-03   4.9200156E+02   4.4134863E+03   0.0000000E+00   0.0000000E+00   0.0000000E+00   0.0000000E+00
     4.6600000E+02   4.9200156E+02   1.5677239E-03   4.9200156E+02   4.4098208E+03   0.0000000E+00   0.0000000E+00   0.0000000E+00   0.0000000E+00
     4.6700000E+02   4.9200156E+02   1.5669854E-03   4.9200156E+02   4.4063594E+03   0.0000000E+00   0.0000000E+00   0.0000000E+00   0.0000000E+00
     4.6800000E+02   4.9200156E+02   1.5662879E-03   4.9200156E+02   4.4030908E+03   0.0000000E+00   0.0000000E+00   0.0000000E+00   0.0000000E+00
     4.6900000E+02   4.9200156E+02   1.5656281E-03   4.9200156E+02   4.4000000E+03   0.0000000E+00   0.0000000E+00   0.0000000E+00   0.0000000E+00
     4.7000000E+02   4.9200156E+02   1.5649056E-03   4.9200156E+02   4.3966162E+03   0.0000000E+00   0.0000000E+00   0.0000000E+00   0.0000000E+00
     4.7100000E+02   4.9200156E+02   1.5642598E-03   4.9200156E+02   4.3935923E+03   0.0000000E+00   0.0000000E+00   0.0000000E+00   0.0000000E+00
     4.7200000E+02   4.9200156E+02   1.5623514E-03   4.9200156E+02   4.3846626E+03   0.0000000E+00   0.0000000E+00   0.0000000E+00   0.0000000E+00
     4.7300000E+02   4.9200156E+02   1.5618191E-03   4.9200156E+02   4.3821729E+03   0.0000000E+00   0.0000000E+00   0.0000000E+00   0.0000000E+00
     4.7400000E+02   4.9200156E+02   1.5593541E-03   4.9200156E+02   4.3706523E+03   0.0000000E+00   0.0000000E+00   0.0000000E+00   0.0000000E+00
     4.7500000E+02   4.9200156E+02   1.5541785E-03   4.9200156E+02   4.3465010E+03   0.0000000E+00   0.0000000E+00   0.0000000E+00   0.0000000E+00
     4.7600000E+02   4.9200168E+02   1.6708800E-03   4.9200168E+02   4.9039614E+03   0.0000000E+00   0.0000000E+00   0.0000000E+00   0.0000000E+00
     4.7700000E+02   4.9200488E+02   4.8833131E-03   4.9200488E+02   2.9297412E+04   0.0000000E+00   0.0000000E+00   0.0000000E+00   0.0000000E+00
     4.7800000E+02   4.9200241E+02   2.3991887E-03   4.9200241E+02   8.9621523E+03   0.0000000E+00   0.0000000E+00   0.0000000E+00   0.0000000E+00
     4.7900000E+02   4.9200266E+02   2.6416522E-03   4.9200266E+02   1.0521986E+04   0.0000000E+00   0.0000000E+00   0.0000000E+00   0.0000000E+00
     4.8000000E+02   4.9200269E+02   2.6946589E-03   4.9200269E+02   1.0876221E+04   0.0000000E+00   0.0000000E+00   0.0000000E+00   0.0000000E+00
     4.8100000E+02   4.9200217E+02   2.1668239E-03   4.9200217E+02   7.5627144E+03   0.0000000E+00   0.0000000E+00   0.0000000E+00   0.0000000E+00
     4.8200000E+02   4.9200208E+02   2.0644474E-03   4.9200208E+02   6.9766128E+03   0.0000000E+00   0.0000000E+00   0.0000000E+00   0.0000000E+00
     4.8300000E+02   4.9200198E+02   1.9857397E-03   4.9200198E+02   6.5389624E+03   0.0000000E+00   0.0000000E+00   0.0000000E+00   0.0000000E+00
     4.8400000E+02   4.9200192E+02   1.9236287E-03   4.9200192E+02   6.2016470E+03   0.0000000E+00   0.0000000E+00   0.0000000E+00   0.0000000E+00
     4.8500000E+02   4.9200186E+02   1.8736522E-03   4.9200186E+02   5.9354448E+03   0.0000000E+00   0.0000000E+00   0.0000000E+00   0.0000000E+00
     4.8600000E+02   4.9200183E+02   1.8328117E-03   4.9200183E+02   5.7213882E+03   0.0000000E+00   0.0000000E+00   0.0000000E+00   0.0000000E+00
     4.8700000E+02   4.9200180E+02   1.7990049E-03   4.9200180E+02   5.5465835E+03   0.0000000E+00   0.0000000E+00   0.0000000E+00   0.0000000E+00
     4.8800000E+02   4.9200177E+02   1.7707108E-03   4.9200177E+02   5.4019556E+03   0.0000000E+00   0.0000000E+00   0.0000000E+00   0.0000000E+00
     4.8900000E+02   4.9200174E+02   1.7468012E-03   4.9200174E+02   5.2809346E+03   0.0000000E+00   0.0000000E+00   0.0000000E+00   0.0000000E+00
     4.9000000E+02   4.9200174E+02   1.7264247E-03   4.9200174E+02   5.1786631E+03   0.0000000E+00   0.0000000E+00   0.0000000E+00   0.0000000E+00
     4.9100000E+02   4.9200171E+02   1.7089251E-03   4.9200171E+02   5.0914717E+03   0.0000000E+00   0.0000000E+00   0.0000000E+00   0.0000000E+00
     4.9200000E+02   4.9200171E+02   1.6937932E-03   4.9200171E+02   5.0165557E+03   0.0000000E+00   0.0000000E+00   0.0000000E+00   0.0000000E+00
     4.9300000E+02   4.9200168E+02   1.6806263E-03   4.9200168E+02   4.9517290E+03   0.0000000E+00   0.0000000E+00   0.0000000E+00   0.0000000E+00
     4.9400000E+02   4.9200186E+02   1.8759164E-03   4.9200186E+02   5.9474038E+03   0.0000000E+00   0.0000000E+00   0.0000000E+00   0.0000000E+00
     4.9500000E+02   4.9200183E+02   1.8323250E-03   4.9200183E+02   5.7188555E+03   0.0000000E+00   0.0000000E+00   0.0000000E+00   0.0000000E+00
     4.9600000E+02   4.9200168E+02   1.6646734E-03   4.9200168E+02   4.8736392E+03   0.0000000E+00   0.0000000E+00   0.0000000E+00   0.0000000E+00
     4.9700000E+02   4.9200165E+02   1.6557474E-03   4.9200165E+02   4.8301626E+03   0.0000000E+00   0.0000000E+00   0.0000000E+00   0.0000000E+00
     4.9800000E+02   4.9200186E+02   1.8497327E-03   4.9200186E+02   5.8096943E+03   0.0000000E+00   0.0000000E+00   0.0000000E+00   0.0000000E+00
     4.9900000E+02   4.9200180E+02   1.8066927E-03   4.9200180E+02   5.5861440E+03   0.0000000E+00   0.0000000E+00   0.0000000E+00   0.0000000E+00
     5.0000000E+02   4.9200208E+02   2.0806093E-03   4.9200208E+02   7.0678809E+03   0.0000000E+00   0.0000000E+00   0.0000000E+00   0.0000000E+00
     5.0100000E+02   4.9200342E+02   3.4263895E-03   4.9200342E+02   1.6231781E+04   0.0000000E+00   0.0000000E+00   0.0000000E+00   0.0000000E+00
     5.0200000E+02   4.9200250E+02   2.5031026E-03   4.9200250E+02   9.6183984E+03   0.0000000E+00   0.0000000E+00   0.0000000E+00   0.0000000E+00
     5.0300000E+02   4.9200211E+02   2.1114498E-03   4.9200211E+02   7.2433521E+03   0.0000000E+00   0.0000000E+00   0.0000000E+00   0.0000000E+00
     5.0400000E+02   4.9200201E+02   2.0220901E-03   4.9200201E+02   6.7396777E+03   0.0000000E+00   0.0000000E+00   0.0000000E+00   0.0000000E+00
     5.0500000E+02   4.9200195E+02   1.9531942E-03   4.9200195E+02   6.3613218E+03   0.0000000E+00   0.0000000E+00   0.0000000E+00   0.0000000E+00
     5.0600000E+02   4.9200189E+02   1.8983912E-03   4.9200189E+02   6.0666343E+03   0.0000000E+00   0.0000000E+00   0.0000000E+00   0.0000000E+00
     5.0700000E+02   4.9200186E+02   1.8539707E-03   4.9200186E+02   5.8318955E+03   0.0000000E+00   0.0000000E+00   0.0000000E+00   0.0000000E+00
     5.0800000E+02   4.9200183E+02   1.8173116E-03   4.9200183E+02   5.6409722E+03   0.0000000E+00   0.0000000E+00   0.0000000E+00   0.0000000E+00
     5.0900000E+02   4.9200180E+02   1.7866825E-03   4.9200180E+02   5.4834082E+03   0.0000000E+00   0.0000000E+00   0.0000000E+00   0.0000000E+00
     5.1000000E+02   4.9200177E+02   1.7607491E-03   4.9200177E+02   5.3514004E+03   0.0000000E+00   0.0000000E+00   0.0000000E+00   0.0000000E+00
     5.1100000E+02   4.9200174E+02   1.7386178E-03   4.9200174E+02   5.2397651E+03   0.0000000E+00   0.0000000E+00   0.0000000E+00   0.0000000E+00
     5.1200000E+02   4.9200171E+02   1.7196140E-03   4.9200171E+02   5.1446592E+03   0.0000000E+00   0.0000000E+00   0.0000000E+00   0.0000000E+00
     5.1300000E+02   4.9200171E+02   1.7032118E-03   4.9200171E+02   5.0631338E+03   0.0000000E+00   0.0000000E+00   0.0000000E+00   0.0000000E+00
     5.1400000E+02   4.9200168E+02   1.6889608E-03   4.9200168E+02   4.9927241E+03   0.0000000E+00   0.0000000E+00   0.0000000E+00   0.0000000E+00
     5.1500000E+02   4.9200168E+02   1.6765076E-03   4.9200168E+02   4.9315205E+03   0.0000000E+00   0.0000000E+00   0.0000000E+00   0.0000000E+00
     5.1600000E+02   4.9200226E+02   2.2638077E-03   4.9200226E+02   8.1352490E+03   0.0000000E+00   0.0000000E+00   0.0000000E+00   0.0000000E+00
     5.1700000E+02   4.9200208E+02   2.0624923E-03   4.9200208E+02   6.9656045E+03   0.0000000E+00   0.0000000E+00   0.0000000E+00   0.0000000E+00
     5.1800000E+02   4.9200259E+02   2.5808499E-03   4.9200259E+02   1.0121453E+04   0.0000000E+00   0.0000000E+00   0.0000000E+00   0.0000000E+00
     5.1900000E+02   4.9200198E+02   1.9809487E-03   4.9200198E+02   6.5126899E+03   0.0000000E+00   0.0000000E+00   0.0000000E+00   0.0000000E+00
     5.2000000E+02   4.9200192E+02   1.9183726E-03   4.9200192E+02   6.1734302E+03   0.0000000E+00   0.0000000E+00   0.0000000E+00   0.0000000E+00
     5.2100000E+02   4.9200186E+02   1.8693880E-03   4.9200186E+02   5.9129482E+03   0.0000000E+00   0.0000000E+00   0.0000000E+00   0.0000000E+00
     5.2200000E+02   4.9200217E+02   2.1686919E-03   4.9200217E+02   7.5735830E+03   0.0000000E+00   0.0000000E+00   0.0000000E+00   0.0000000E+00
     5.2300000E+02   4.9200186E+02   1.8656184E-03   4.9200186E+02   5.8930889E+03   0.0000000E+00   0.0000000E+00   0.0000000E+00   0.0000000E+00
     5.2400000E+02   4.9200183E+02   1.8269619E-03   4.9200183E+02   5.6909854E+03   0.0000000E+00   0.0000000E+00   0.0000000E+00   0.0000000E+00
     5.2500000E+02   4.9200180E+02   1.7949133E-03   4.9200180E+02   5.5255742E+03   0.0000000E+00   0.0000000E+00   0.0000000E+00   0.0000000E+00
     5.2600000E+02   4.9200177E+02   1.7679237E-03   4.9200177E+02   5.3877925E+03   0.0000000E+00   0.0000000E+00   0.0000000E+00   0.0000000E+00
     5.2700000E+02   4.9200174E+02   1.7449394E-03   4.9200174E+02   5.2715562E+03   0.0000000E+00   0.0000000E+00   0.0000000E+00   0.0000000E+00
     5.2800000E+02   4.9200174E+02   1.7252270E-03   4.9200174E+02   5.1726772E+03   0.0000000E+00   0.0000000E+00   0.0000000E+00   0.0000000E+00
     5.2900000E+02   4.9200171E+02   1.7082257E-03   4.9200171E+02   5.0879990E+03   0.0000000E+00   0.0000000E+00   0.0000000E+00   0.0000000E+00
     5.3000000E+02   4.9200232E+02   2.3321381E-03   4.9200232E+02   8.5486084E+03   0.0000000E+00   0.0000000E+00   0.0000000E+00   0.0000000E+00
     5.3100000E+02   4.9200220E+02   2.2120050E-03   4.9200220E+02   7.8273564E+03   0.0000000E+00   0.0000000E+00   0.0000000E+00   0.0000000E+00
     5.3200000E+02   4.9200204E+02   2.0599146E-03   4.9200204E+02   6.9511025E+03   0.0000000E+00   0.0000000E+00   0.0000000E+00   0.0000000E+00
     5.3300000E+02   4.9200482E+02   4.8209084E-03   4.9200482E+02   2.8676080E+04   0.0000000E+00   0.0000000E+00   0.0000000E+00   0.0000000E+00
     5.3400000E+02   4.9200293E+02   2.9196548E-03   4.9200293E+02   1.2431517E+04   0.0000000E+00   0.0000000E+00   0.0000000E+00   0.0000000E+00
     5.3500000E+02   4.9200235E+02   2.3554014E-03   4.9200235E+02   8.6912021E+03   0.0000000E+00   0.0000000E+00   0.0000000E+00   0.0000000E+00
     5.3600000E+02   4.9200223E+02   2.2138427E-03   4.9200223E+02   7.8381982E+03   0.0000000E+00   0.0000000E+00   0.0000000E+00   0.0000000E+00
     5.3700000E+02   4.9200211E+02   2.1049299E-03   4.9200211E+02   7.2061113E+03   0.0000000E+00   0.0000000E+00   0.0000000E+00   0.0000000E+00
     5.3800000E+02   4.9200201E+02   2.0198959E-03   4.9200201E+02   6.7274932E+03   0.0000000E+00   0.0000000E+00   0.0000000E+00   0.0000000E+00
     5.3900000E+02   4.9200195E+02   1.9518448E-03   4.9200195E+02   6.3539980E+03   0.0000000E+00   0.0000000E+00   0.0000000E+00   0.0000000E+00
     5.4000000E+02   4.9200189E+02   1.8971151E-03   4.9200189E+02   6.0598398E+03   0.0000000E+00   0.0000000E+00   0.0000000E+00   0.0000000E+00
     5.4100000E+02   4.9200388E+02   3.8720553E-03   4.9200388E+02   1.9900969E+04   0.0000000E+00   0.0000000E+00   0.0000000E+00   0.0000000E+00
     5.4200000E+02   4.9200259E+02   2.6004317E-03   4.9200259E+02   1.0249768E+04   0.0000000E+00   0.0000000E+00   0.0000000E+00   0.0000000E+00
     5.4300000E+02   4.9200241E+02   2.4087760E-03   4.9200241E+02   9.0219199E+03   0.0000000E+00   0.0000000E+00   0.0000000E+00   0.0000000E+00
     5.4400000E+02   4.9200275E+02   2.7446293E-03   4.9200275E+02   1.1214445E+04   0.0000000E+00   0.0000000E+00   0.0000000E+00   0.0000000E+00
     5.4500000E+02   4.9200235E+02   2.3600203E-03   4.9200235E+02   8.7196260E+03   0.0000000E+00   0.0000000E+00   0.0000000E+00   0.0000000E+00
     5.4600000E+02   4.9200208E+02   2.0902299E-03   4.9200208E+02   7.1224326E+03   0.0000000E+00   0.0000000E+00   0.0000000E+00   0.0000000E+00
     5.4700000E+02   4.9200201E+02   2.0084933E-03   4.9200201E+02   6.6643159E+03   0.0000000E+00   0.0000000E+00   0.0000000E+00   0.0000000E+00
     5.4800000E+02   4.9200372E+02   3.7168241E-03   4.9200372E+02   1.8589098E+04   0.0000000E+00   0.0000000E+00   0.0000000E+00   0.0000000E+00
     5.4900000E+02   4.9200232E+02   2.3210188E-03   4.9200232E+02   8.4807852E+03   0.0000000E+00   0.0000000E+00   0.0000000E+00   0.0000000E+00
     5.5000000E+02   4.9200220E+02   2.1843098E-03   4.9200220E+02   7.6647036E+03   0.0000000E+00   0.0000000E+00   0.0000000E+00   0.0000000E+00
     5.5100000E+02   4.9200238E+02   2.3732397E-03   4.9200238E+02   8.8011807E+03   0.0000000E+00   0.0000000E+00   0.0000000E+00   0.0000000E+00
     5.5200000E+02   4.9200204E+02   2.0395161E-03   4.9200204E+02   6.8367573E+03   0.0000000E+00   0.0000000E+00   0.0000000E+00   0.0000000E+00
     5.5300000E+02   4.9200195E+02   1.9679125E-03   4.9200195E+02   6.4414155E+03   0.0000000E+00   0.0000000E+00   0.0000000E+00   0.0000000E+00
     5.5400000E+02   4.9200192E+02   1.9102766E-03   4.9200192E+02   6.1300693E+03   0.0000000E+00   0.0000000E+00   0.0000000E+00   0.0000000E+00
     5.5500000E+02   4.9200186E+02   1.8631346E-03   4.9200186E+02   5.8800181E+03   0.0000000E+00   0.0000000E+00   0.0000000E+00   0.0000000E+00
     5.5600000E+02   4.9200183E+02   1.8240771E-03   4.9200183E+02   5.6760161E+03   0.0000000E+00   0.0000000E+00   0.0000000E+00   0.0000000E+00
     5.5700000E+02   4.9200180E+02   1.7914156E-03   4.9200180E+02   5.5076401E+03   0.0000000E+00   0.0000000E+00   0.0000000E+00   0.0000000E+00
     5.5800000E+02   4.9200247E+02   2.4756724E-03   4.9200247E+02   9.4433682E+03   0.0000000E+00   0.0000000E+00   0.0000000E+00   0.0000000E+00
     5.5900000E+02   4.9200354E+02   3.5453525E-03   4.9200354E+02   1.7181879E+04   0.0000000E+00   0.0000000E+00   0.0000000E+00   0.0000000E+00
     5.6000000E+02   4.9200522E+02   5.2207243E-03   4.9200522E+02   3.2748361E+04   0.0000000E+00   0.0000000E+00   0.0000000E+00   0.0000000E+00
     5.6100000E+02   4.9200305E+02   3.0616780E-03   4.9200305E+02   1.3455635E+04   0.0000000E+00   0.0000000E+00   0.0000000E+00   0.0000000E+00
     5.6200000E+02   4.9200250E+02   2.4876781E-03   4.9200250E+02   9.5198174E+03   0.0000000E+00   0.0000000E+00   0.0000000E+00   0.0000000E+00
     5.6300000E+02   4.9200232E+02   2.3064220E-03   4.9200232E+02   8.3920791E+03   0.0000000E+00   0.0000000E+00   0.0000000E+00   0.0000000E+00
     5.6400000E+02   4.9200217E+02   2.1719113E-03   4.9200217E+02   7.5923306E+03   0.0000000E+00   0.0000000E+00   0.0000000E+00   0.0000000E+00
     5.6500000E+02   4.9200208E+02   2.0689790E-03   4.9200208E+02   7.0021548E+03   0.0000000E+00   0.0000000E+00   0.0000000E+00   0.0000000E+00
     5.6600000E+02   4.9200198E+02   1.9886566E-03   4.9200198E+02   6.5549795E+03   0.0000000E+00   0.0000000E+00   0.0000000E+00   0.0000000E+00
     5.6700000E+02   4.9200192E+02   1.9247256E-03   4.9200192E+02   6.2075420E+03   0.0000000E+00   0.0000000E+00   0.0000000E+00   0.0000000E+00
     5.6800000E+02   4.9200186E+02   1.8731243E-03   4.9200186E+02   5.9326572E+03   0.0000000E+00   0.0000000E+00   0.0000000E+00   0.0000000E+00
     5.6900000E+02   4.9200183E+02   1.8311946E-03   4.9200183E+02   5.7129771E+03   0.0000000E+00   0.0000000E+00   0.0000000E+00   0.0000000E+00
     5.7000000E+02   4.9200180E+02   1.7968487E-03   4.9200180E+02   5.5355078E+03   0.0000000E+00   0.0000000E+00   0.0000000E+00   0.0000000E+00
     5.7100000E+02   4.9200177E+02   1.7682653E-03   4.9200177E+02   5.3895269E+03   0.0000000E+00   0.0000000E+00   0.0000000E+00   0.0000000E+00
     5.7200000E+02   4.9200174E+02   1.7442288E-03   4.9200174E+02   5.2679795E+03   0.0000000E+00   0.0000000E+00   0.0000000E+00   0.0000000E+00
     5.7300000E+02   4.9200250E+02   2.4960504E-03   4.9200250E+02   9.5732754E+03   0.0000000E+00   0.0000000E+00   0.0000000E+00   0.0000000E+00
     5.7400000E+02   4.9200220E+02   2.1844567E-03   4.9200220E+02   7.6655630E+03   0.0000000E+00   0.0000000E+00   0.0000000E+00   0.0000000E+00
     5.7500000E+02   4.9200186E+02   1.8652643E-03   4.9200186E+02   5.8912246E+03   0.0000000E+00   0.0000000E+00   0.0000000E+00   0.0000000E+00
     5.7600000E+02   4.9200183E+02   1.8261843E-03   4.9200183E+02   5.6869487E+03   0.0000000E+00   0.0000000E+00   0.0000000E+00   0.0000000E+00
     5.7700000E+02   4.9200180E+02   1.7939621E-03   4.9200180E+02   5.5206948E+03   0.0000000E+00   0.0000000E+00   0.0000000E+00   0.0000000E+00
     5.7800000E+02   4.9200177E+02   1.7669740E-03   4.9200177E+02   5.3829688E+03   0.0000000E+00   0.0000000E+00   0.0000000E+00   0.0000000E+00
     5.7900000E+02   4.9200174E+02   1.7440971E-03   4.9200174E+02   5.2673159E+03   0.0000000E+00   0.0000000E+00   0.0000000E+00   0.0000000E+00
     5.8000000E+02   4.9200174E+02   1.7245197E-03   4.9200174E+02   5.1691431E+03   0.0000000E+00   0.0000000E+00   0.0000000E+00   0.0000000E+00
     5.8100000E+02   4.9200171E+02   1.7076310E-03   4.9200171E+02   5.0850479E+03   0.0000000E+00   0.0000000E+00   0.0000000E+00   0.0000000E+00
     5.8200000E+02   4.9200168E+02   1.6929613E-03   4.9200168E+02   5.0124492E+03   0.0000000E+00   0.0000000E+00   0.0000000E+00   0.0000000E+00
     5.8300000E+02   4.9200168E+02   1.6801412E-03   4.9200168E+02   4.9493472E+03   0.0000000E+00   0.0000000E+00   0.0000000E+00   0.0000000E+00
     5.8400000E+02   4.9200168E+02   1.6688770E-03   4.9200168E+02   4.8941675E+03   0.0000000E+00   0.0000000E+00   0.0000000E+00   0.0000000E+00
     5.8500000E+02   4.9200165E+02   1.6589308E-03   4.9200165E+02   4.8456504E+03   0.0000000E+00   0.0000000E+00   0.0000000E+00   0.0000000E+00
     5.8600000E+02   4.9200165E+02   1.6501092E-03   4.9200165E+02   4.8027808E+03   0.0000000E+00   0.0000000E+00   0.0000000E+00   0.0000000E+00
     5.8700000E+02   4.9200165E+02   1.6422526E-03   4.9200165E+02   4.7647295E+03   0.0000000E+00   0.0000000E+00   0.0000000E+00   0.0000000E+00
     5.8800000E+02   4.9200165E+02   1.6352283E-03   4.9200165E+02   4.7308110E+03   0.0000000E+00   0.0000000E+00   0.0000000E+00   0.0000000E+00
     5.8900000E+02   4.9200162E+02   1.6289264E-03   4.9200162E+02   4.7004639E+03   0.0000000E+00   0.0000000E+00   0.0000000E+00   0.0000000E+00
     5.9000000E+02   4.9200162E+02   1.6232526E-03   4.9200162E+02   4.6732085E+03   0.0000000E+00   0.0000000E+00   0.0000000E+00   0.0000000E+00
     5.9100000E+02   4.9200162E+02   1.6181299E-03   4.9200162E+02   4.6486543E+03   0.0000000E+00   0.0000000E+00   0.0000000E+00   0.0000000E+00
     5.9200000E+02   4.9200162E+02   1.6134898E-03   4.9200162E+02   4.6264585E+03   0.0000000E+00   0.0000000E+00   0.0000000E+00   0.0000000E+00
     5.9300000E+02   4.9200162E+02   1.6092765E-03   4.9200162E+02   4.6063413E+03   0.0000000E+00   0.0000000E+00   0.0000000E+00   0.0000000E+00
     5.9400000E+02   4.9200162E+02   1.6054404E-03   4.9200162E+02   4.5880552E+03   0.0000000E+00   0.0000000E+00   0.0000000E+00   0.0000000E+00
     5.9500000E+02   4.9200159E+02   1.6019387E-03   4.9200159E+02   4.5713887E+03   0.0000000E+00   0.0000000E+00   0.0000000E+00   0.0000000E+00
     5.9600000E+02   4.9200159E+02   1.5987356E-03   4.9200159E+02   4.5561646E+03   0.0000000E+00   0.0000000E+00   0.0000000E+00   0.0000000E+00
     5.9700000E+02   4.9200159E+02   1.5957988E-03   4.9200159E+02   4.5422236E+03   0.0000000E+00   0.0000000E+00   0.0000000E+00   0.0000000E+00
     5.9800000E+02   4.9200159E+02   1.5931010E-03   4.9200159E+02   4.5294321E+03   0.0000000E+00   0.0000000E+00   0.0000000E+00   0.0000000E+00
     5.9900000E+02   4.9200159E+02   1.5906168E-03   4.9200159E+02   4.5176670E+03   0.0000000E+00   0.0000000E+00   0.0000000E+00   0.0000000E+00
     6.0000000E+02   4.9200159E+02   1.5883259E-03   4.9200159E+02   4.5068281E+03   0.0000000E+00   0.0000000E+00   0.0000000E+00   0.0000000E+00
     6.0100000E+02   4.9200159E+02   1.5862091E-03   4.9200159E+02   4.4968218E+03   0.0000000E+00   0.0000000E+00   0.0000000E+00   0.0000000E+00
     6.0200000E+02   4.9200159E+02   1.5842501E-03   4.9200159E+02   4.4875698E+03   0.0000000E+00   0.0000000E+00   0.0000000E+00   0.0000000E+00
     6.0300000E+02   4.9200159E+02   1.5824332E-03   4.9200159E+02   4.4789951E+03   0.0000000E+00   0.0000000E+00   0.0000000E+00   0.0000000E+00
     6.0400000E+02   4.9200159E+02   1.5807464E-03   4.9200159E+02   4.4710405E+03   0.0000000E+00   0.0000000E+00   0.0000000E+00   0.0000000E+00
     6.0500000E+02   4.9200159E+02   1.5791774E-03   4.9200159E+02   4.4636475E+03   0.0000000E+00   0.0000000E+00   0.0000000E+00   0.0000000E+00
     6.0600000E+02   4.9200159E+02   1.5777166E-03   4.9200159E+02   4.4567666E+03   0.0000000E+00   0.0000000E+00   0.0000000E+00   0.0000000E+00
     6.0700000E+02   4.9200159E+02   1.5763534E-03   4.9200159E+02   4.4503511E+03   0.0000000E+00   0.0000000E+00   0.0000000E+00   0.0000000E+00
     6.0800000E+02   4.9200159E+02   1.5748770E-03   4.9200159E+02   4.4434062E+03   0.0000000E+00   0.0000000E+00   0.0000000E+00   0.0000000E+00
     6.0900000E+02   4.9200159E+02   1.5735802E-03   4.9200159E+02   4.4373101E+03   0.0000000E+00   0.0000000E+00   0.0000000E+00   0.0000000E+00
     6.1000000E+02   4.9200159E+02   1.5723753E-03   4.9200159E+02   4.4316489E+03   0.0000000E+00   0.0000000E+00   0.0000000E+00   0.0000000E+00
     6.1100000E+02   4.9200156E+02   1.5712540E-03   4.9200156E+02   4.4263828E+03   0.0000000E+00   0.0000000E+00   0.0000000E+00   0.0000000E+00
     6.1200000E+02   4.9200156E+02   1.5682331E-03   4.9200156E+02   4.4122085E+03   0.0000000E+00   0.0000000E+00   0.0000000E+00   0.0000000E+00
     6.1300000E+02   4.9200195E+02   1.9587108E-03   4.9200195E+02   6.3912949E+03   0.0000000E+00   0.0000000E+00   0.0000000E+00   0.0000000E+00
     6.1400000E+02   4.9200162E+02   1.6255229E-03   4.9200162E+02   4.6841064E+03   0.0000000E+00   0.0000000E+00   0.0000000E+00   0.0000000E+00
     6.1500000E+02   4.9200162E+02   1.6189744E-03   4.9200162E+02   4.6526987E+03   0.0000000E+00   0.0000000E+00   0.0000000E+00   0.0000000E+00
     6.1600000E+02   4.9200162E+02   1.6134527E-03   4.9200162E+02   4.6262812E+03   0.0000000E+00   0.0000000E+00   0.0000000E+00   0.0000000E+00
     6.1700000E+02   4.9200162E+02   1.6087102E-03   4.9200162E+02   4.6036392E+03   0.0000000E+00   0.0000000E+00   0.0000000E+00   0.0000000E+00
     6.1800000E+02   4.9200162E+02   1.6045737E-03   4.9200162E+02   4.5839272E+03   0.0000000E+00   0.0000000E+00   0.0000000E+00   0.0000000E+00
     6.1900000E+02   4.9200159E+02   1.6009205E-03   4.9200159E+02   4.5665469E+03   0.0000000E+00   0.0000000E+00   0.0000000E+00   0.0000000E+00
     6.2000000E+02   4.9200159E+02   1.5976606E-03   4.9200159E+02   4.5510591E+03   0.0000000E+00   0.0000000E+00   0.0000000E+00   0.0000000E+00
     6.2100000E+02   4.9200159E+02   1.5947275E-03   4.9200159E+02   4.5371426E+03   0.0000000E+00   0.0000000E+00   0.0000000E+00   0.0000000E+00
     6.2200000E+02   4.9200159E+02   1.5920687E-03   4.9200159E+02   4.5245420E+03   0.0000000E+00   0.0000000E+00   0.0000000E+00   0.0000000E+00
     6.2300000E+02   4.9200159E+02   1.5896459E-03   4.9200159E+02   4.5130718E+03   0.0000000E+00   0.0000000E+00   0.0000000E+00   0.0000000E+00
     6.2400000E+02   4.9200159E+02   1.5874262E-03   4.9200159E+02   4.5025742E+03   0.0000000E+00   0.0000000E+00   0.0000000E+00   0.0000000E+00
     6.2500000E+02   4.9200159E+02   1.5853847E-03   4.9200159E+02   4.4929277E+03   0.0000000E+00   0.0000000E+00   0.0000000E+00   0.0000000E+00
     6.2600000E+02   4.9200159E+02   1.5835003E-03   4.9200159E+02   4.4840308E+03   0.0000000E+00   0.0000000E+00   0.0000000E+00   0.0000000E+00
     6.2700000E+02   4.9200159E+02   1.5817562E-03   4.9200159E+02   4.4758022E+03   0.0000000E+00   0.0000000E+00   0.0000000E+00   0.0000000E+00
     6.2800000E+02   4.9200159E+02   1.5801373E-03   4.9200159E+02   4.4681699E+03   0.0000000E+00   0.0000000E+00   0.0000000E+00   0.0000000E+00
     6.2900000E+02   4.9200159E+02   1.5786313E-03   4.9200159E+02   4.4610747E+03   0.0000000E+00   0.0000000E+00   0.0000000E+00   0.0000000E+00
     6.3000000E+02   4.9200159E+02   1.5772276E-03   4.9200159E+02   4.4544653E+03   0.0000000E+00   0.0000000E+00   0.0000000E+00   0.0000000E+00
     6.3100000E+02   4.9200159E+02   1.5759168E-03   4.9200159E+02   4.4482969E+03   0.0000000E+00   0.0000000E+00   0.0000000E+00   0.0000000E+00
     6.3200000E+02   4.9200159E+02   1.5746908E-03   4.9200159E+02   4.4425308E+03   0.0000000E+00   0.0000000E+00   0.0000000E+00   0.0000000E+00
     6.3300000E+02   4.9200159E+02   1.5735425E-03   4.9200159E+02   4.4371328E+03   0.0000000E+00   0.0000000E+00   0.0000000E+00   0.0000000E+00
     6.3400000E+02   4.9200159E+02   1.5724651E-03   4.9200159E+02   4.4320703E+03   0.0000000E+00   0.0000000E+00   0.0000000E+00   0.0000000E+00
     6.3500000E+02   4.9200156E+02   1.5714531E-03   4.9200156E+02   4.4273174E+03   0.0000000E+00   0.0000000E+00   0.0000000E+00   0.0000000E+00
     6.3600000E+02   4.9200156E+02   1.5705017E-03   4.9200156E+02   4.4228511E+03   0.0000000E+00   0.0000000E+00   0.0000000E+00   0.0000000E+00
     6.3700000E+02   4.9200156E+02   1.5696061E-03   4.9200156E+02   4.4186479E+03   0.0000000E+00   0.0000000E+00   0.0000000E+00   0.0000000E+00
     6.3800000E+02   4.9200156E+02   1.5687617E-03   4.9200156E+02   4.4146870E+03   0.0000000E+00   0.0000000E+00   0.0000000E+00   0.0000000E+00
     6.3900000E+02   4.9200156E+02   1.5679656E-03   4.9200156E+02   4.4109541E+03   0.0000000E+00   0.0000000E+00   0.0000000E+00   0.0000000E+00
     6.4000000E+02   4.9200156E+02   1.5672134E-03   4.9200156E+02   4.4074282E+03   0.0000000E+00   0.0000000E+00   0.0000000E+00   0.0000000E+00
     6.4100000E+02   4.9200156E+02   1.5665030E-03   4.9200156E+02   4.4040981E+03   0.0000000E+00   0.0000000E+00   0.0000000E+00   0.0000000E+00
     6.4200000E+02   4.9200156E+02   1.5658310E-03   4.9200156E+02   4.4009502E+03   0.0000000E+00   0.0000000E+00   0.0000000E+00   0.0000000E+00
     6.4300000E+02   4.9200156E+02   1.5650914E-03   4.9200156E+02   4.3974858E+03   0.0000000E+00   0.0000000E+00   0.0000000E+00   0.0000000E+00
     6.4400000E+02   4.9200156E+02   1.5644312E-03   4.9200156E+02   4.3943950E+03   0.0000000E+00   0.0000000E+00   0.0000000E+00   0.0000000E+00
     6.4500000E+02   4.9200156E+02   1.5638088E-03   4.9200156E+02   4.3914814E+03   0.0000000E+00   0.0000000E+00   0.0000000E+00   0.0000000E+00
     6.4600000E+02   4.9200156E+02   1.5632223E-03   4.9200156E+02   4.3887363E+03   0.0000000E+00   0.0000000E+00   0.0000000E+00   0.0000000E+00
     6.4700000E+02   4.9200156E+02   1.5613901E-03   4.9200156E+02   4.3801670E+03   0.0000000E+00   0.0000000E+00   0.0000000E+00   0.0000000E+00
     6.4800000E+02   4.9200156E+02   1.5542753E-03   4.9200156E+02   4.3469521E+03   0.0000000E+00   0.0000000E+00   0.0000000E+00   0.0000000E+00
     6.4900000E+02   4.9200156E+02   1.5490282E-03   4.9200156E+02   4.3225220E+03   0.0000000E+00   0.0000000E+00   0.0000000E+00   0.0000000E+00
     6.5000000E+02   4.9200156E+02   1.5489757E-03   4.9200156E+02   4.3222773E+03   0.0000000E+00   0.0000000E+00   0.0000000E+00   0.0000000E+00
     6.5100000E+02   4.9200156E+02   1.5489283E-03   4.9200156E+02   4.3220571E+03   0.0000000E+00   0.0000000E+00   0.0000000E+00   0.0000000E+00
     6.5200000E+02   4.9200156E+02   1.5488856E-03   4.9200156E+02   4.3218584E+03   0.0000000E+00   0.0000000E+00   0.0000000E+00   0.0000000E+00
     6.5300000E+02   4.9200156E+02   1.5488474E-03   4.9200156E+02   4.3216812E+03   0.0000000E+00   0.0000000E+00   0.0000000E+00   0.0000000E+00
     6.5400000E+02   4.9200156E+02   1.5488128E-03   4.9200156E+02   4.3215200E+03   0.0000000E+00   0.0000000E+00   0.0000000E+00   0.0000000E+00
     6.5500000E+02   4.9200156E+02   1.5487811E-03   4.9200156E+02   4.3213726E+03   0.0000000E+00   0.0000000E+00   0.0000000E+00   0.0000000E+00
     6.5600000E+02   4.9200156E+02   1.5487528E-03   4.9200156E+02   4.3212407E+03   0.0000000E+00   0.0000000E+00   0.0000000E+00   0.0000000E+00
     6.5700000E+02   4.9200156E+02   1.5487274E-03   4.9200156E+02   4.3211226E+03   0.0000000E+00   0.0000000E+00   0.0000000E+00   0.0000000E+00
     6.5800000E+02   4.9200156E+02   1.5487042E-03   4.9200156E+02   4.3210151E+03   0.0000000E+00   0.0000000E+00   0.0000000E+00   0.0000000E+00
     6.5900000E+02   4.9200156E+02   1.5486835E-03   4.9200156E+02   4.3209185E+03   0.0000000E+00   0.0000000E+00   0.0000000E+00   0.0000000E+00
     6.6000000E+02   4.9200156E+02   1.5486644E-03   4.9200156E+02   4.3208296E+03   0.0000000E+00   0.0000000E+00   0.0000000E+00   0.0000000E+00
     6.6100000E+02   4.9200156E+02   1.5486471E-03   4.9200156E+02   4.3207495E+03   0.0000000E+00   0.0000000E+00   0.0000000E+00   0.0000000E+00
     6.6200000E+02   4.9200156E+02   1.5486320E-03   4.9200156E+02   4.3206792E+03   0.0000000E+00   0.0000000E+00   0.0000000E+00   0.0000000E+00
     6.6300000E+02   4.9200156E+02   1.5486176E-03   4.9200156E+02   4.3206123E+03   0.0000000E+00   0.0000000E+00   0.0000000E+00   0.0000000E+00
     6.6400000E+02   4.9200156E+02   1.5486055E-03   4.9200156E+02   4.3205557E+03   0.0000000E+00   0.0000000E+00   0.0000000E+00   0.0000000E+00
     6.6500000E+02   4.9200156E+02   1.5485940E-03   4.9200156E+02   4.3205020E+03   0.0000000E+00   0.0000000E+00   0.0000000E+00   0.0000000E+00
     6.6600000E+02   4.9200156E+02   1.5485836E-03   4.9200156E+02   4.3204541E+03   0.0000000E+00   0.0000000E+00   0.0000000E+00   0.0000000E+00
     6.6700000E+02   4.9200156E+02   1.5485743E-03   4.9200156E+02   4.3204106E+03   0.0000000E+00   0.0000000E+00   0.0000000E+00   0.0000000E+00
     6.6800000E+02   4.9200156E+02   1.5485657E-03   4.9200156E+02   4.3203706E+03   0.0000000E+00   0.0000000E+00   0.0000000E+00   0.0000000E+00
     6.6900000E+02   4.9200156E+02   1.5485581E-03   4.9200156E+02   4.3203359E+03   0.0000000E+00   0.0000000E+00   0.0000000E+00   0.0000000E+00
     6.7000000E+02   4.9200156E+02   1.5485513E-03   4.9200156E+02   4.3203037E+03   0.0000000E+00   0.0000000E+00   0.0000000E+00   0.0000000E+00
     6.7100000E+02   4.9200156E+02   1.5485449E-03   4.9200156E+02   4.3202739E+03   0.0000000E+00   0.0000000E+00   0.0000000E+00   0.0000000E+00
     6.7200000E+02   4.9200156E+02   1.5485396E-03   4.9200156E+02   4.3202495E+03   0.0000000E+00   0.0000000E+00   0.0000000E+00   0.0000000E+00
     6.7300000E+02   4.9200156E+02   1.5485345E-03   4.9200156E+02   4.3202256E+03   0.0000000E+00   0.0000000E+00   0.0000000E+00   0.0000000E+00
     6.7400000E+02   4.9200156E+02   1.5485298E-03   4.9200156E+02   4.3202041E+03   0.0000000E+00   0.0000000E+00   0.0000000E+00   0.0000000E+00
     6.7500000E+02   4.9200156E+02   1.5485258E-03   4.9200156E+02   4.3201851E+03   0.0000000E+00   0.0000000E+00   0.0000000E+00   0.0000000E+00
     6.7600000E+02   4.9200156E+02   1.5485218E-03   4.9200156E+02   4.3201665E+03   0.0000000E+00   0.0000000E+00   0.0000000E+00   0.0000000E+00
     6.7700000E+02   4.9200156E+02   1.5485183E-03   4.9200156E+02   4.3201504E+03   0.0000000E+00   0.0000000E+00   0.0000000E+00   0.0000000E+00
     6.7800000E+02   4.9200156E+02   1.5485154E-03   4.9200156E+02   4.3201367E+03   0.0000000E+00   0.0000000E+00   0.0000000E+00   0.0000000E+00
     6.7900000E+02   4.9200156E+02   1.5485125E-03   4.9200156E+02   4.3201235E+03   0.0000000E+00   0.0000000E+00   0.0000000E+00   0.0000000E+00
     6.8000000E+02   4.9200156E+02   1.5485102E-03   4.9200156E+02   4.3201128E+03   0.0000000E+00   0.0000000E+00   0.0000000E+00   0.0000000E+00
     6.8100000E+02   4.9200156E+02   1.5485078E-03   4.9200156E+02   4.3201021E+03   0.0000000E+00   0.0000000E+00   0.0000000E+00   0.0000000E+00
     6.8200000E+02   4.9200156E+02   1.5485056E-03   4.9200156E+02   4.3200913E+03   0.0000000E+00   0.0000000E+00   0.0000000E+00   0.0000000E+00
     6.8300000E+02   4.9200156E+02   1.5485039E-03   4.9200156E+02   4.3200830E+03   0.0000000E+00   0.0000000E+00   0.0000000E+00   0.0000000E+00
     6.8400000E+02   4.9200156E+02   1.5485021E-03   4.9200156E+02   4.3200752E+03   0.0000000E+00   0.0000000E+00   0.0000000E+00   0.0000000E+00
     6.8500000E+02   4.9200156E+02   1.5485004E-03   4.9200156E+02   4.3200674E+03   0.0000000E+00   0.0000000E+00   0.0000000E+00   0.0000000E+00
     6.8600000E+02   4.9200156E+02   1.5484992E-03   4.9200156E+02   4.3200615E+03   0.0000000E+00   0.0000000E+00   0.0000000E+00   0.0000000E+00
     6.8700000E+02   4.9200156E+02   1.5484981E-03   4.9200156E+02   4.3200562E+03   0.0000000E+00   0.0000000E+00   0.0000000E+00   0.0000000E+00
     6.8800000E+02   4.9200156E+02   1.5484969E-03   4.9200156E+02   4.3200508E+03   0.0000000E+00   0.0000000E+00   0.0000000E+00   0.0000000E+00
     6.8900000E+02   4.9200156E+02   1.5484957E-03   4.9200156E+02   4.3200454E+03   0.0000000E+00   0.0000000E+00   0.0000000E+00   0.0000000E+00
     6.9000000E+02   4.9200156E+02   1.5484947E-03   4.9200156E+02   4.3200405E+03   0.0000000E+00   0.0000000E+00   0.0000000E+00   0.0000000E+00
     6.9100000E+02   4.9200156E+02   1.5484940E-03   4.9200156E+02   4.3200376E+03   0.0000000E+00   0.0000000E+00   0.0000000E+00   0.0000000E+00
     6.9200000E+02   4.9200156E+02   1.5484934E-03   4.9200156E+02   4.3200347E+03   0.0000000E+00   0.0000000E+00   0.0000000E+00   0.0000000E+00
     6.9300000E+02   4.9200156E+02   1.5484923E-03   4.9200156E+02   4.3200298E+03   0.0000000E+00   0.0000000E+00   0.0000000E+00   0.0000000E+00
     6.9400000E+02   4.9200156E+02   1.5484918E-03   4.9200156E+02   4.3200269E+03   0.0000000E+00   0.0000000E+00   0.0000000E+00   0.0000000E+00
     6.9500000E+02   4.9200156E+02   1.5484912E-03   4.9200156E+02   4.3200244E+03   0.0000000E+00   0.0000000E+00   0.0000000E+00   0.0000000E+00
     6.9600000E+02   4.9200156E+02   1.5484906E-03   4.9200156E+02   4.3200215E+03   0.0000000E+00   0.0000000E+00   0.0000000E+00   0.0000000E+00
     6.9700000E+02   4.9200156E+02   1.5484906E-03   4.9200156E+02   4.3200215E+03   0.0000000E+00   0.0000000E+00   0.0000000E+00   0.0000000E+00
     6.9800000E+02   4.9200156E+02   1.5484900E-03   4.9200156E+02   4.3200186E+03   0.0000000E+00   0.0000000E+00   0.0000000E+00   0.0000000E+00
     6.9900000E+02   4.9200156E+02   1.5484894E-03   4.9200156E+02   4.3200161E+03   0.0000000E+00   0.0000000E+00   0.0000000E+00   0.0000000E+00
     7.0000000E+02   4.9200156E+02   1.5484894E-03   4.9200156E+02   4.3200161E+03   0.0000000E+00   0.0000000E+00   0.0000000E+00   0.0000000E+00
     7.0100000E+02   4.9200156E+02   1.5484889E-03   4.9200156E+02   4.3200137E+03   0.0000000E+00   0.0000000E+00   0.0000000E+00   0.0000000E+00
     7.0200000E+02   4.9200156E+02   1.5484889E-03   4.9200156E+02   4.3200132E+03   0.0000000E+00   0.0000000E+00   0.0000000E+00   0.0000000E+00
     7.0300000E+02   4.9200156E+02   1.5484883E-03   4.9200156E+02   4.3200107E+03   0.0000000E+00   0.0000000E+00   0.0000000E+00   0.0000000E+00
     7.0400000E+02   4.9200156E+02   1.5484883E-03   4.9200156E+02   4.3200107E+03   0.0000000E+00   0.0000000E+00   0.0000000E+00   0.0000000E+00
     7.0500000E+02   4.9200156E+02   1.5484877E-03   4.9200156E+02   4.3200083E+03   0.0000000E+00   0.0000000E+00   0.0000000E+00   0.0000000E+00
     7.0600000E+02   4.9200156E+02   1.5484877E-03   4.9200156E+02   4.3200083E+03   0.0000000E+00   0.0000000E+00   0.0000000E+00   0.0000000E+00
     7.0700000E+02   4.9200156E+02   1.5484877E-03   4.9200156E+02   4.3200078E+03   0.0000000E+00   0.0000000E+00   0.0000000E+00   0.0000000E+00
     7.0800000E+02   4.9200156E+02   1.5484877E-03   4.9200156E+02   4.3200078E+03   0.0000000E+00   0.0000000E+00   0.0000000E+00   0.0000000E+00
     7.0900000E+02   4.9200156E+02   1.5484871E-03   4.9200156E+02   4.3200054E+03   0.0000000E+00   0.0000000E+00   0.0000000E+00   0.0000000E+00
     7.1000000E+02   4.9200156E+02   1.5484871E-03   4.9200156E+02   4.3200054E+03   0.0000000E+00   0.0000000E+00   0.0000000E+00   0.0000000E+00
     7.1100000E+02   4.9200156E+02   1.5484871E-03   4.9200156E+02   4.3200054E+03   0.0000000E+00   0.0000000E+00   0.0000000E+00   0.0000000E+00
     7.1200000E+02   4.9200156E+02   1.5484871E-03   4.9200156E+02   4.3200054E+03   0.0000000E+00   0.0000000E+00   0.0000000E+00   0.0000000E+00
     7.1300000E+02   4.9200156E+02   1.5484871E-03   4.9200156E+02   4.3200054E+03   0.0000000E+00   0.0000000E+00   0.0000000E+00   0.0000000E+00
     7.1400000E+02   4.9200156E+02   1.5484865E-03   4.9200156E+02   4.3200029E+03   0.0000000E+00   0.0000000E+00   0.0000000E+00   0.0000000E+00
     7.1500000E+02   4.9200156E+02   1.5484865E-03   4.9200156E+02   4.3200029E+03   0.0000000E+00   0.0000000E+00   0.0000000E+00   0.0000000E+00
     7.1600000E+02   4.9200156E+02   1.5484865E-03   4.9200156E+02   4.3200029E+03   0.0000000E+00   0.0000000E+00   0.0000000E+00   0.0000000E+00
     7.1700000E+02   4.9200156E+02   1.5484865E-03   4.9200156E+02   4.3200029E+03   0.0000000E+00   0.0000000E+00   0.0000000E+00   0.0000000E+00
     7.1800000E+02   4.9200156E+02   1.5484865E-03   4.9200156E+02   4.3200024E+03   0.0000000E+00   0.0000000E+00   0.0000000E+00   0.0000000E+00
     7.1900000E+02   4.9200156E+02   1.5484865E-03   4.9200156E+02   4.3200024E+03   0.0000000E+00   0.0000000E+00   0.0000000E+00   0.0000000E+00
     7.2000000E+02   4.9200156E+02   1.5484865E-03   4.9200156E+02   4.3200024E+03   0.0000000E+00   0.0000000E+00   0.0000000E+00   0.0000000E+00
     7.2100000E+02   4.9200156E+02   1.5484865E-03   4.9200156E+02   4.3200024E+03   0.0000000E+00   0.0000000E+00   0.0000000E+00   0.0000000E+00
     7.2200000E+02   4.9200156E+02   1.5484865E-03   4.9200156E+02   4.3200024E+03   0.0000000E+00   0.0000000E+00   0.0000000E+00   0.0000000E+00
     7.2300000E+02   4.9200156E+02   1.5484865E-03   4.9200156E+02   4.3200024E+03   0.0000000E+00   0.0000000E+00   0.0000000E+00   0.0000000E+00
     7.2400000E+02   4.9200156E+02   1.5484865E-03   4.9200156E+02   4.3200024E+03   0.0000000E+00   0.0000000E+00   0.0000000E+00   0.0000000E+00
     7.2500000E+02   4.9200156E+02   1.5484859E-03   4.9200156E+02   4.3200000E+03   0.0000000E+00   0.0000000E+00   0.0000000E+00   0.0000000E+00
     7.2600000E+02   4.9200156E+02   1.5484859E-03   4.9200156E+02   4.3200000E+03   0.0000000E+00   0.0000000E+00   0.0000000E+00   0.0000000E+00
     7.2700000E+02   4.9200156E+02   1.5484859E-03   4.9200156E+02   4.3200000E+03   0.0000000E+00   0.0000000E+00   0.0000000E+00   0.0000000E+00
     7.2800000E+02   4.9200156E+02   1.5484859E-03   4.9200156E+02   4.3200000E+03   0.0000000E+00   0.0000000E+00   0.0000000E+00   0.0000000E+00
     7.2900000E+02   4.9200156E+02   1.5484859E-03   4.9200156E+02   4.3200000E+03   0.0000000E+00   0.0000000E+00   0.0000000E+00   0.0000000E+00
     7.3000000E+02   4.9200156E+02   1.5484859E-03   4.9200156E+02   4.3200000E+03   0.0000000E+00   0.0000000E+00   0.0000000E+00   0.0000000E+00
     7.3100000E+02   4.9200156E+02   1.5484859E-03   4.9200156E+02   4.3200000E+03   0.0000000E+00   0.0000000E+00   0.0000000E+00   0.0000000E+00
     7.3200000E+02   4.9200156E+02   1.5484859E-03   4.9200156E+02   4.3200000E+03   0.0000000E+00   0.0000000E+00   0.0000000E+00   0.0000000E+00
     7.3300000E+02   4.9200156E+02   1.5484859E-03   4.9200156E+02   4.3200000E+03   0.0000000E+00   0.0000000E+00   0.0000000E+00   0.0000000E+00
     7.3400000E+02   4.9200156E+02   1.5484859E-03   4.9200156E+02   4.3200000E+03   0.0000000E+00   0.0000000E+00   0.0000000E+00   0.0000000E+00
     7.3500000E+02   4.9200156E+02   1.5484859E-03   4.9200156E+02   4.3200000E+03   0.0000000E+00   0.0000000E+00   0.0000000E+00   0.0000000E+00
     7.3600000E+02   4.9200156E+02   1.5484859E-03   4.9200156E+02   4.3200000E+03   0.0000000E+00   0.0000000E+00   0.0000000E+00   0.0000000E+00
     7.3700000E+02   4.9200156E+02   1.5484859E-03   4.9200156E+02   4.3200000E+03   0.0000000E+00   0.0000000E+00   0.0000000E+00   0.0000000E+00
     7.3800000E+02   4.9200156E+02   1.5484859E-03   4.9200156E+02   4.3200000E+03   0.0000000E+00   0.0000000E+00   0.0000000E+00   0.0000000E+00
     7.3900000E+02   4.9200156E+02   1.5484859E-03   4.9200156E+02   4.3200000E+03   0.0000000E+00   0.0000000E+00   0.0000000E+00   0.0000000E+00
     7.4000000E+02   4.9200156E+02   1.5484859E-03   4.9200156E+02   4.3200000E+03   0.0000000E+00   0.0000000E+00   0.0000000E+00   0.0000000E+00
     7.4100000E+02   4.9200156E+02   1.5484859E-03   4.9200156E+02   4.3200000E+03   0.0000000E+00   0.0000000E+00   0.0000000E+00   0.0000000E+00
     7.4200000E+02   4.9200156E+02   1.5484859E-03   4.9200156E+02   4.3200000E+03   0.0000000E+00   0.0000000E+00   0.0000000E+00   0.0000000E+00
     7.4300000E+02   4.9200156E+02   1.5484859E-03   4.9200156E+02   4.3200000E+03   0.0000000E+00   0.0000000E+00   0.0000000E+00   0.0000000E+00
     7.4400000E+02   4.9200156E+02   1.5484859E-03   4.9200156E+02   4.3200000E+03   0.0000000E+00   0.0000000E+00   0.0000000E+00   0.0000000E+00
     7.4500000E+02   4.9200156E+02   1.5484859E-03   4.9200156E+02   4.3200000E+03   0.0000000E+00   0.0000000E+00   0.0000000E+00   0.0000000E+00
     7.4600000E+02   4.9200156E+02   1.5484859E-03   4.9200156E+02   4.3200000E+03   0.0000000E+00   0.0000000E+00   0.0000000E+00   0.0000000E+00
     7.4700000E+02   4.9200156E+02   1.5484859E-03   4.9200156E+02   4.3200000E+03   0.0000000E+00   0.0000000E+00   0.0000000E+00   0.0000000E+00
     7.4800000E+02   4.9200156E+02   1.5484859E-03   4.9200156E+02   4.3200000E+03   0.0000000E+00   0.0000000E+00   0.0000000E+00   0.0000000E+00
     7.4900000E+02   4.9200156E+02   1.5484859E-03   4.9200156E+02   4.3200000E+03   0.0000000E+00   0.0000000E+00   0.0000000E+00   0.0000000E+00
     7.5000000E+02   4.9200156E+02   1.5484859E-03   4.9200156E+02   4.3200000E+03   0.0000000E+00   0.0000000E+00   0.0000000E+00   0.0000000E+00
     7.5100000E+02   4.9200156E+02   1.5484859E-03   4.9200156E+02   4.3200000E+03   0.0000000E+00   0.0000000E+00   0.0000000E+00   0.0000000E+00
     7.5200000E+02   4.9200183E+02   1.8318810E-03   4.9200183E+02   5.7165459E+03   0.0000000E+00   0.0000000E+00   0.0000000E+00   0.0000000E+00
     7.5300000E+02   4.9200189E+02   1.8868559E-03   4.9200189E+02   6.0053203E+03   0.0000000E+00   0.0000000E+00   0.0000000E+00   0.0000000E+00
     7.5400000E+02   4.9200192E+02   1.9340836E-03   4.9200192E+02   6.2579258E+03   0.0000000E+00   0.0000000E+00   0.0000000E+00   0.0000000E+00
     7.5500000E+02   4.9200198E+02   1.9829629E-03   4.9200198E+02   6.5237300E+03   0.0000000E+00   0.0000000E+00   0.0000000E+00   0.0000000E+00
     7.5600000E+02   4.9200189E+02   1.8874087E-03   4.9200189E+02   6.0082529E+03   0.0000000E+00   0.0000000E+00   0.0000000E+00   0.0000000E+00
     7.5700000E+02   4.9200171E+02   1.7150934E-03   4.9200171E+02   5.1221377E+03   0.0000000E+00   0.0000000E+00   0.0000000E+00   0.0000000E+00
     7.5800000E+02   4.9200171E+02   1.6971120E-03   4.9200171E+02   5.0329482E+03   0.0000000E+00   0.0000000E+00   0.0000000E+00   0.0000000E+00
     7.5900000E+02   4.9200168E+02   1.6826474E-03   4.9200168E+02   4.9616577E+03   0.0000000E+00   0.0000000E+00   0.0000000E+00   0.0000000E+00
     7.6000000E+02   4.9200168E+02   1.6706164E-03   4.9200168E+02   4.9026724E+03   0.0000000E+00   0.0000000E+00   0.0000000E+00   0.0000000E+00
     7.6100000E+02   4.9200165E+02   1.6603613E-03   4.9200165E+02   4.8526162E+03   0.0000000E+00   0.0000000E+00   0.0000000E+00   0.0000000E+00
     7.6200000E+02   4.9200192E+02   1.9110664E-03   4.9200192E+02   6.1342939E+03   0.0000000E+00   0.0000000E+00   0.0000000E+00   0.0000000E+00
     7.6300000E+02   4.9200183E+02   1.8321675E-03   4.9200183E+02   5.7180366E+03   0.0000000E+00   0.0000000E+00   0.0000000E+00   0.0000000E+00
     7.6400000E+02   4.9200171E+02   1.6938400E-03   4.9200171E+02   5.0167866E+03   0.0000000E+00   0.0000000E+00   0.0000000E+00   0.0000000E+00
     7.6500000E+02   4.9200168E+02   1.6807230E-03   4.9200168E+02   4.9522046E+03   0.0000000E+00   0.0000000E+00   0.0000000E+00   0.0000000E+00
     7.6600000E+02   4.9200168E+02   1.6694565E-03   4.9200168E+02   4.8970005E+03   0.0000000E+00   0.0000000E+00   0.0000000E+00   0.0000000E+00
     7.6700000E+02   4.9200165E+02   1.6596345E-03   4.9200165E+02   4.8490771E+03   0.0000000E+00   0.0000000E+00   0.0000000E+00   0.0000000E+00
     7.6800000E+02   4.9200165E+02   1.6509782E-03   4.9200165E+02   4.8069971E+03   0.0000000E+00   0.0000000E+00   0.0000000E+00   0.0000000E+00
     7.6900000E+02   4.9200165E+02   1.6432848E-03   4.9200165E+02   4.7697217E+03   0.0000000E+00   0.0000000E+00   0.0000000E+00   0.0000000E+00
     7.7000000E+02   4.9200189E+02   1.9058891E-03   4.9200189E+02   6.1066216E+03   0.0000000E+00   0.0000000E+00   0.0000000E+00   0.0000000E+00
     7.7100000E+02   4.9200186E+02   1.8510263E-03   4.9200186E+02   5.8164673E+03   0.0000000E+00   0.0000000E+00   0.0000000E+00   0.0000000E+00
     7.7200000E+02   4.9200171E+02   1.7033002E-03   4.9200171E+02   5.0635718E+03   0.0000000E+00   0.0000000E+00   0.0000000E+00   0.0000000E+00
     7.7300000E+02   4.9200168E+02   1.6885705E-03   4.9200168E+02   4.9908013E+03   0.0000000E+00   0.0000000E+00   0.0000000E+00   0.0000000E+00
     7.7400000E+02   4.9200168E+02   1.6760600E-03   4.9200168E+02   4.9293267E+03   0.0000000E+00   0.0000000E+00   0.0000000E+00   0.0000000E+00
     7.7500000E+02   4.9200168E+02   1.6652573E-03   4.9200168E+02   4.8764883E+03   0.0000000E+00   0.0000000E+00   0.0000000E+00   0.0000000E+00
     7.7600000E+02   4.9200165E+02   1.6558125E-03   4.9200165E+02   4.8304795E+03   0.0000000E+00   0.0000000E+00   0.0000000E+00   0.0000000E+00
     7.7700000E+02   4.9200174E+02   1.7452588E-03   4.9200174E+02   5.2731650E+03   0.0000000E+00   0.0000000E+00   0.0000000E+00   0.0000000E+00
     7.7800000E+02   4.9200186E+02   1.8511278E-03   4.9200186E+02   5.8169990E+03   0.0000000E+00   0.0000000E+00   0.0000000E+00   0.0000000E+00
     7.7900000E+02   4.9200256E+02   2.5768997E-03   4.9200256E+02   1.0095646E+04   0.0000000E+00   0.0000000E+00   0.0000000E+00   0.0000000E+00
     7.8000000E+02   4.9200262E+02   2.6144832E-03   4.9200262E+02   1.0342242E+04   0.0000000E+00   0.0000000E+00   0.0000000E+00   0.0000000E+00
     7.8100000E+02   4.9200220E+02   2.2047334E-03   4.9200220E+02   7.7845195E+03   0.0000000E+00   0.0000000E+00   0.0000000E+00   0.0000000E+00
     7.8200000E+02   4.9200266E+02   2.6692215E-03   4.9200266E+02   1.0705640E+04   0.0000000E+00   0.0000000E+00   0.0000000E+00   0.0000000E+00
     7.8300000E+02   4.9200232E+02   2.3244168E-03   4.9200232E+02   8.5014883E+03   0.0000000E+00   0.0000000E+00   0.0000000E+00   0.0000000E+00
     7.8400000E+02   4.9200204E+02   2.0488962E-03   4.9200204E+02   6.8892437E+03   0.0000000E+00   0.0000000E+00   0.0000000E+00   0.0000000E+00
     7.8500000E+02   4.9200198E+02   1.9723845E-03   4.9200198E+02   6.4658301E+03   0.0000000E+00   0.0000000E+00   0.0000000E+00   0.0000000E+00
     7.8600000E+02   4.9200192E+02   1.9126547E-03   4.9200192E+02   6.1427935E+03   0.0000000E+00   0.0000000E+00   0.0000000E+00   0.0000000E+00
     7.8700000E+02   4.9200186E+02   1.8647781E-03   4.9200186E+02   5.8886655E+03   0.0000000E+00   0.0000000E+00   0.0000000E+00   0.0000000E+00
     7.8800000E+02   4.9200183E+02   1.8256684E-03   4.9200183E+02   5.6842710E+03   0.0000000E+00   0.0000000E+00   0.0000000E+00   0.0000000E+00
     7.8900000E+02   4.9200180E+02   1.7932493E-03   4.9200180E+02   5.5170396E+03   0.0000000E+00   0.0000000E+00   0.0000000E+00   0.0000000E+00
     7.9000000E+02   4.9200192E+02   1.9154674E-03   4.9200192E+02   6.1578569E+03   0.0000000E+00   0.0000000E+00   0.0000000E+00   0.0000000E+00
     7.9100000E+02   4.9200424E+02   4.2560725E-03   4.9200424E+02   2.3298072E+04   0.0000000E+00   0.0000000E+00   0.0000000E+00   0.0000000E+00
     7.9200000E+02   4.9200552E+02   5.5130101E-03   4.9200552E+02   3.5860770E+04   0.0000000E+00   0.0000000E+00   0.0000000E+00   0.0000000E+00
     7.9300000E+02   4.9200360E+02   3.6003331E-03   4.9200360E+02   1.7628260E+04   0.0000000E+00   0.0000000E+00   0.0000000E+00   0.0000000E+00
     7.9400000E+02   4.9200623E+02   6.2329955E-03   4.9200623E+02   4.4001383E+04   0.0000000E+00   0.0000000E+00   0.0000000E+00   0.0000000E+00
     7.9500000E+02   4.9200293E+02   2.9207354E-03   4.9200293E+02   1.2439187E+04   0.0000000E+00   0.0000000E+00   0.0000000E+00   0.0000000E+00
     7.9600000E+02   4.9200311E+02   3.1150947E-03   4.9200311E+02   1.3849169E+04   0.0000000E+00   0.0000000E+00   0.0000000E+00   0.0000000E+00
     7.9700000E+02   4.9200363E+02   3.6277741E-03   4.9200363E+02   1.7852758E+04   0.0000000E+00   0.0000000E+00   0.0000000E+00   0.0000000E+00
     7.9800000E+02   4.9200284E+02   2.8474820E-03   4.9200284E+02   1.1923578E+04   0.0000000E+00   0.0000000E+00   0.0000000E+00   0.0000000E+00
     7.9900000E+02   4.9200241E+02   2.4003175E-03   4.9200241E+02   8.9691816E+03   0.0000000E+00   0.0000000E+00   0.0000000E+00   0.0000000E+00
     8.0000000E+02   4.9200226E+02   2.2514972E-03   4.9200226E+02   8.0616514E+03   0.0000000E+00   0.0000000E+00   0.0000000E+00   0.0000000E+00
     8.0100000E+02   4.9200214E+02   2.1386461E-03   4.9200214E+02   7.3995137E+03   0.0000000E+00   0.0000000E+00   0.0000000E+00   0.0000000E+00
     8.0200000E+02   4.9200204E+02   2.0505749E-03   4.9200204E+02   6.8986543E+03   0.0000000E+00   0.0000000E+00   0.0000000E+00   0.0000000E+00
     8.0300000E+02   4.9200235E+02   2.3624175E-03   4.9200235E+02   8.7343926E+03   0.0000000E+00   0.0000000E+00   0.0000000E+00   0.0000000E+00
     8.0400000E+02   4.9200220E+02   2.2062063E-03   4.9200220E+02   7.7931885E+03   0.0000000E+00   0.0000000E+00   0.0000000E+00   0.0000000E+00
     8.0500000E+02   4.9200195E+02   1.9546540E-03   4.9200195E+02   6.3692471E+03   0.0000000E+00   0.0000000E+00   0.0000000E+00   0.0000000E+00
     8.0600000E+02   4.9200211E+02   2.0981741E-03   4.9200211E+02   7.1676064E+03   0.0000000E+00   0.0000000E+00   0.0000000E+00   0.0000000E+00
     8.0700000E+02   4.9200229E+02   2.2861362E-03   4.9200229E+02   8.2694219E+03   0.0000000E+00   0.0000000E+00   0.0000000E+00   0.0000000E+00
     8.0800000E+02   4.9200247E+02   2.4653373E-03   4.9200247E+02   9.3777549E+03   0.0000000E+00   0.0000000E+00   0.0000000E+00   0.0000000E+00
     8.0900000E+02   4.9200259E+02   2.5876851E-03   4.9200259E+02   1.0166169E+04   0.0000000E+00   0.0000000E+00   0.0000000E+00   0.0000000E+00
     8.1000000E+02   4.9200214E+02   2.1397716E-03   4.9200214E+02   7.4060049E+03   0.0000000E+00   0.0000000E+00   0.0000000E+00   0.0000000E+00
     8.1100000E+02   4.9200208E+02   2.0610520E-03   4.9200208E+02   6.9575000E+03   0.0000000E+00   0.0000000E+00   0.0000000E+00   0.0000000E+00
     8.1200000E+02   4.9200198E+02   1.9980054E-03   4.9200198E+02   6.6064185E+03   0.0000000E+00   0.0000000E+00   0.0000000E+00   0.0000000E+00
     8.1300000E+02   4.9200287E+02   2.8705357E-03   4.9200287E+02   1.2084904E+04   0.0000000E+00   0.0000000E+00   0.0000000E+00   0.0000000E+00
     8.1400000E+02   4.9200351E+02   3.5033268E-03   4.9200351E+02   1.6843773E+04   0.0000000E+00   0.0000000E+00   0.0000000E+00   0.0000000E+00
     8.1500000E+02   4.9200745E+02   7.4524153E-03   4.9200745E+02   5.9265242E+04   0.0000000E+00   0.0000000E+00   0.0000000E+00   0.0000000E+00
     8.1600000E+02   4.9200299E+02   2.9760636E-03   4.9200299E+02   1.2834393E+04   0.0000000E+00   0.0000000E+00   0.0000000E+00   0.0000000E+00
     8.1700000E+02   4.9200443E+02   4.4266535E-03   4.9200443E+02   2.4875062E+04   0.0000000E+00   0.0000000E+00   0.0000000E+00   0.0000000E+00
     8.1800000E+02   4.9200351E+02   3.5163357E-03   4.9200351E+02   1.6948145E+04   0.0000000E+00   0.0000000E+00   0.0000000E+00   0.0000000E+00
     8.1900000E+02   4.9200281E+02   2.8150047E-03   4.9200281E+02   1.1697781E+04   0.0000000E+00   0.0000000E+00   0.0000000E+00   0.0000000E+00
     8.2000000E+02   4.9200302E+02   3.0361735E-03   4.9200302E+02   1.3269338E+04   0.0000000E+00   0.0000000E+00   0.0000000E+00   0.0000000E+00
     8.2100000E+02   4.9200253E+02   2.5282642E-03   4.9200253E+02   9.7800801E+03   0.0000000E+00   0.0000000E+00   0.0000000E+00   0.0000000E+00
     8.2200000E+02   4.9200238E+02   2.3835939E-03   4.9200238E+02   8.8652725E+03   0.0000000E+00   0.0000000E+00   0.0000000E+00   0.0000000E+00
     8.2300000E+02   4.9200226E+02   2.2685528E-03   4.9200226E+02   8.1636890E+03   0.0000000E+00   0.0000000E+00   0.0000000E+00   0.0000000E+00
     8.2400000E+02   4.9200217E+02   2.1754922E-03   4.9200217E+02   7.6132056E+03   0.0000000E+00   0.0000000E+00   0.0000000E+00   0.0000000E+00
     8.2500000E+02   4.9200211E+02   2.0987098E-03   4.9200211E+02   7.1706567E+03   0.0000000E+00   0.0000000E+00   0.0000000E+00   0.0000000E+00
     8.2600000E+02   4.9200204E+02   2.0344714E-03   4.9200204E+02   6.8085972E+03   0.0000000E+00   0.0000000E+00   0.0000000E+00   0.0000000E+00
     8.2700000E+02   4.9200198E+02   1.9804155E-03   4.9200198E+02   6.5097681E+03   0.0000000E+00   0.0000000E+00   0.0000000E+00   0.0000000E+00
     8.2800000E+02   4.9200269E+02   2.6798123E-03   4.9200269E+02   1.0776529E+04   0.0000000E+00   0.0000000E+00   0.0000000E+00   0.0000000E+00
     8.2900000E+02   4.9200241E+02   2.4170643E-03   4.9200241E+02   9.0737188E+03   0.0000000E+00   0.0000000E+00   0.0000000E+00   0.0000000E+00
     8.3000000E+02   4.9200211E+02   2.0913938E-03   4.9200211E+02   7.1290444E+03   0.0000000E+00   0.0000000E+00   0.0000000E+00   0.0000000E+00
     8.3100000E+02   4.9200204E+02   2.0297898E-03   4.9200204E+02   6.7825039E+03   0.0000000E+00   0.0000000E+00   0.0000000E+00   0.0000000E+00
     8.3200000E+02   4.9200220E+02   2.2031988E-03   4.9200220E+02   7.7754902E+03   0.0000000E+00   0.0000000E+00   0.0000000E+00   0.0000000E+00
     8.3300000E+02   4.9200195E+02   1.9611421E-03   4.9200195E+02   6.4045215E+03   0.0000000E+00   0.0000000E+00   0.0000000E+00   0.0000000E+00
     8.3400000E+02   4.9200223E+02   2.2279408E-03   4.9200223E+02   7.9215654E+03   0.0000000E+00   0.0000000E+00   0.0000000E+00   0.0000000E+00
     8.3500000E+02   4.9200195E+02   1.9556491E-03   4.9200195E+02   6.3746528E+03   0.0000000E+00   0.0000000E+00   0.0000000E+00   0.0000000E+00
     8.3600000E+02   4.9200192E+02   1.9161726E-03   4.9200192E+02   6.1616353E+03   0.0000000E+00   0.0000000E+00   0.0000000E+00   0.0000000E+00
     8.3700000E+02   4.9200189E+02   1.8818753E-03   4.9200189E+02   5.9789238E+03   0.0000000E+00   0.0000000E+00   0.0000000E+00   0.0000000E+00
     8.3800000E+02   4.9200186E+02   1.8520282E-03   4.9200186E+02   5.8217148E+03   0.0000000E+00   0.0000000E+00   0.0000000E+00   0.0000000E+00
     8.3900000E+02   4.9200183E+02   1.8247911E-03   4.9200183E+02   5.6797192E+03   0.0000000E+00   0.0000000E+00   0.0000000E+00   0.0000000E+00
     8.4000000E+02   4.9200180E+02   1.8005483E-03   4.9200180E+02   5.5545166E+03   0.0000000E+00   0.0000000E+00   0.0000000E+00   0.0000000E+00
     8.4100000E+02   4.9200177E+02   1.7787286E-03   4.9200177E+02   5.4427842E+03   0.0000000E+00   0.0000000E+00   0.0000000E+00   0.0000000E+00
     8.4200000E+02   4.9200177E+02   1.7591571E-03   4.9200177E+02   5.3433384E+03   0.0000000E+00   0.0000000E+00   0.0000000E+00   0.0000000E+00
     8.4300000E+02   4.9200174E+02   1.7418483E-03   4.9200174E+02   5.2560020E+03   0.0000000E+00   0.0000000E+00   0.0000000E+00   0.0000000E+00
     8.4400000E+02   4.9200174E+02   1.7261636E-03   4.9200174E+02   5.1773584E+03   0.0000000E+00   0.0000000E+00   0.0000000E+00   0.0000000E+00
     8.4500000E+02   4.9200171E+02   1.7120260E-03   4.9200171E+02   5.1068784E+03   0.0000000E+00   0.0000000E+00   0.0000000E+00   0.0000000E+00
     8.4600000E+02   4.9200189E+02   1.8770769E-03   4.9200189E+02   5.9535376E+03   0.0000000E+00   0.0000000E+00   0.0000000E+00   0.0000000E+00
     8.4700000E+02   4.9200262E+02   2.6358583E-03   4.9200262E+02   1.0483550E+04   0.0000000E+00   0.0000000E+00   0.0000000E+00   0.0000000E+00
     8.4800000E+02   4.9200214E+02   2.1395262E-03   4.9200214E+02   7.4045894E+03   0.0000000E+00   0.0000000E+00   0.0000000E+00   0.0000000E+00
     8.4900000E+02   4.9200192E+02   1.9270249E-03   4.9200192E+02   6.2199062E+03   0.0000000E+00   0.0000000E+00   0.0000000E+00   0.0000000E+00
     8.5000000E+02   4.9200189E+02   1.8880859E-03   4.9200189E+02   6.0118462E+03   0.0000000E+00   0.0000000E+00   0.0000000E+00   0.0000000E+00
     8.5100000E+02   4.9200186E+02   1.8538114E-03   4.9200186E+02   5.8310605E+03   0.0000000E+00   0.0000000E+00   0.0000000E+00   0.0000000E+00
     8.5200000E+02   4.9200183E+02   1.8234623E-03   4.9200183E+02   5.6728281E+03   0.0000000E+00   0.0000000E+00   0.0000000E+00   0.0000000E+00
     8.5300000E+02   4.9200180E+02   1.7971416E-03   4.9200180E+02   5.5370117E+03   0.0000000E+00   0.0000000E+00   0.0000000E+00   0.0000000E+00
     8.5400000E+02   4.9200177E+02   1.7739376E-03   4.9200177E+02   5.4183726E+03   0.0000000E+00   0.0000000E+00   0.0000000E+00   0.0000000E+00
     8.5500000E+02   4.9200281E+02   2.8067203E-03   4.9200281E+02   1.1640461E+04   0.0000000E+00   0.0000000E+00   0.0000000E+00   0.0000000E+00
     8.5600000E+02   4.9200204E+02   2.0356653E-03   4.9200204E+02   6.8152573E+03   0.0000000E+00   0.0000000E+00   0.0000000E+00   0.0000000E+00
     8.5700000E+02   4.9200198E+02   1.9759086E-03   4.9200198E+02   6.4850962E+03   0.0000000E+00   0.0000000E+00   0.0000000E+00   0.0000000E+00
     8.5800000E+02   4.9200192E+02   1.9251043E-03   4.9200192E+02   6.2095776E+03   0.0000000E+00   0.0000000E+00   0.0000000E+00   0.0000000E+00
     8.5900000E+02   4.9200189E+02   1.8821751E-03   4.9200189E+02   5.9805112E+03   0.0000000E+00   0.0000000E+00   0.0000000E+00   0.0000000E+00
     8.6000000E+02   4.9200186E+02   1.8469159E-03   4.9200186E+02   5.7949561E+03   0.0000000E+00   0.0000000E+00   0.0000000E+00   0.0000000E+00
     8.6100000E+02   4.9200208E+02   2.0648253E-03   4.9200208E+02   6.9787422E+03   0.0000000E+00   0.0000000E+00   0.0000000E+00   0.0000000E+00
     8.6200000E+02   4.9200183E+02   1.8269857E-03   4.9200183E+02   5.6911084E+03   0.0000000E+00   0.0000000E+00   0.0000000E+00   0.0000000E+00
     8.6300000E+02   4.9200180E+02   1.8008392E-03   4.9200180E+02   5.5560122E+03   0.0000000E+00   0.0000000E+00   0.0000000E+00   0.0000000E+00
     8.6400000E+02   4.9200177E+02   1.7770551E-03   4.9200177E+02   5.4342520E+03   0.0000000E+00   0.0000000E+00   0.0000000E+00   0.0000000E+00
     8.6500000E+02   4.9200177E+02   1.7557694E-03   4.9200177E+02   5.3261992E+03   0.0000000E+00   0.0000000E+00   0.0000000E+00   0.0000000E+00
     8.6600000E+02   4.9200174E+02   1.7367826E-03   4.9200174E+02   5.2305508E+03   0.0000000E+00   0.0000000E+00   0.0000000E+00   0.0000000E+00
     8.6700000E+02   4.9200171E+02   1.7198591E-03   4.9200171E+02   5.1458809E+03   0.0000000E+00   0.0000000E+00   0.0000000E+00   0.0000000E+00
     8.6800000E+02   4.9200171E+02   1.7043878E-03   4.9200171E+02   5.0689614E+03   0.0000000E+00   0.0000000E+00   0.0000000E+00   0.0000000E+00
     8.6900000E+02   4.9200168E+02   1.6904839E-03   4.9200168E+02   5.0002305E+03   0.0000000E+00   0.0000000E+00   0.0000000E+00   0.0000000E+00
     8.7000000E+02   4.9200168E+02   1.6780924E-03   4.9200168E+02   4.9392925E+03   0.0000000E+00   0.0000000E+00   0.0000000E+00   0.0000000E+00
     8.7100000E+02   4.9200168E+02   1.6671538E-03   4.9200168E+02   4.8857480E+03   0.0000000E+00   0.0000000E+00   0.0000000E+00   0.0000000E+00
     8.7200000E+02   4.9200165E+02   1.6576141E-03   4.9200165E+02   4.8392422E+03   0.0000000E+00   0.0000000E+00   0.0000000E+00   0.0000000E+00
     8.7300000E+02   4.9200223E+02   2.2175089E-03   4.9200223E+02   7.8598438E+03   0.0000000E+00   0.0000000E+00   0.0000000E+00   0.0000000E+00
     8.7400000E+02   4.9200177E+02   1.7820977E-03   4.9200177E+02   5.4599771E+03   0.0000000E+00   0.0000000E+00   0.0000000E+00   0.0000000E+00
     8.7500000E+02   4.9200177E+02   1.7571399E-03   4.9200177E+02   5.3331304E+03   0.0000000E+00   0.0000000E+00   0.0000000E+00   0.0000000E+00
     8.7600000E+02   4.9200189E+02   1.9060199E-03   4.9200189E+02   6.1073198E+03   0.0000000E+00   0.0000000E+00   0.0000000E+00   0.0000000E+00
     8.7700000E+02   4.9200171E+02   1.7236794E-03   4.9200171E+02   5.1649458E+03   0.0000000E+00   0.0000000E+00   0.0000000E+00   0.0000000E+00
     8.7800000E+02   4.9200171E+02   1.7078383E-03   4.9200171E+02   5.0860762E+03   0.0000000E+00   0.0000000E+00   0.0000000E+00   0.0000000E+00
     8.7900000E+02   4.9200171E+02   1.6940408E-03   4.9200171E+02   5.0177778E+03   0.0000000E+00   0.0000000E+00   0.0000000E+00   0.0000000E+00
     8.8000000E+02   4.9200168E+02   1.6818171E-03   4.9200168E+02   4.9575786E+03   0.0000000E+00   0.0000000E+00   0.0000000E+00   0.0000000E+00
     8.8100000E+02   4.9200168E+02   1.6709320E-03   4.9200168E+02   4.9042163E+03   0.0000000E+00   0.0000000E+00   0.0000000E+00   0.0000000E+00
     8.8200000E+02   4.9200165E+02   1.6612042E-03   4.9200165E+02   4.8567227E+03   0.0000000E+00   0.0000000E+00   0.0000000E+00   0.0000000E+00
     8.8300000E+02   4.9200165E+02   1.6525096E-03   4.9200165E+02   4.8144307E+03   0.0000000E+00   0.0000000E+00   0.0000000E+00   0.0000000E+00
     8.8400000E+02   4.9200165E+02   1.6447206E-03   4.9200165E+02   4.7766694E+03   0.0000000E+00   0.0000000E+00   0.0000000E+00   0.0000000E+00
     8.8500000E+02   4.9200165E+02   1.6377138E-03   4.9200165E+02   4.7428018E+03   0.0000000E+00   0.0000000E+00   0.0000000E+00   0.0000000E+00
     8.8600000E+02   4.9200162E+02   1.6313911E-03   4.9200162E+02   4.7123237E+03   0.0000000E+00   0.0000000E+00   0.0000000E+00   0.0000000E+00
     8.8700000E+02   4.9200180E+02   1.8058390E-03   4.9200180E+02   5.5817451E+03   0.0000000E+00   0.0000000E+00   0.0000000E+00   0.0000000E+00
     8.8800000E+02   4.9200165E+02   1.6368774E-03   4.9200165E+02   4.7387656E+03   0.0000000E+00   0.0000000E+00   0.0000000E+00   0.0000000E+00
     8.8900000E+02   4.9200220E+02   2.1916712E-03   4.9200220E+02   7.7078037E+03   0.0000000E+00   0.0000000E+00   0.0000000E+00   0.0000000E+00
     8.9000000E+02   4.9200177E+02   1.7667334E-03   4.9200177E+02   5.3817471E+03   0.0000000E+00   0.0000000E+00   0.0000000E+00   0.0000000E+00
     8.9100000E+02   4.9200174E+02   1.7419412E-03   4.9200174E+02   5.2564692E+03   0.0000000E+00   0.0000000E+00   0.0000000E+00   0.0000000E+00
     8.9200000E+02   4.9200171E+02   1.7217712E-03   4.9200171E+02   5.1554199E+03   0.0000000E+00   0.0000000E+00   0.0000000E+00   0.0000000E+00
     8.9300000E+02   4.9200171E+02   1.7049095E-03   4.9200171E+02   5.0715474E+03   0.0000000E+00   0.0000000E+00   0.0000000E+00   0.0000000E+00
     8.9400000E+02   4.9200168E+02   1.6905372E-03   4.9200168E+02   5.0004937E+03   0.0000000E+00   0.0000000E+00   0.0000000E+00   0.0000000E+00
     8.9500000E+02   4.9200168E+02   1.6781115E-03   4.9200168E+02   4.9393867E+03   0.0000000E+00   0.0000000E+00   0.0000000E+00   0.0000000E+00
     8.9600000E+02   4.9200168E+02   1.6672527E-03   4.9200168E+02   4.8862314E+03   0.0000000E+00   0.0000000E+00   0.0000000E+00   0.0000000E+00
     8.9700000E+02   4.9200165E+02   1.6576832E-03   4.9200165E+02   4.8395781E+03   0.0000000E+00   0.0000000E+00   0.0000000E+00   0.0000000E+00
     8.9800000E+02   4.9200165E+02   1.6491933E-03   4.9200165E+02   4.7983389E+03   0.0000000E+00   0.0000000E+00   0.0000000E+00   0.0000000E+00
     8.9900000E+02   4.9200165E+02   1.6416200E-03   4.9200165E+02   4.7616704E+03   0.0000000E+00   0.0000000E+00   0.0000000E+00   0.0000000E+00
     9.0000000E+02   4.9200165E+02   1.6348321E-03   4.9200165E+02   4.7289014E+03   0.0000000E+00   0.0000000E+00   0.0000000E+00   0.0000000E+00
     9.0100000E+02   4.9200189E+02   1.9031853E-03   4.9200189E+02   6.0921895E+03   0.0000000E+00   0.0000000E+00   0.0000000E+00   0.0000000E+00
     9.0200000E+02   4.9200168E+02   1.6719969E-03   4.9200168E+02   4.9094263E+03   0.0000000E+00   0.0000000E+00   0.0000000E+00   0.0000000E+00
     9.0300000E+02   4.9200165E+02   1.6615547E-03   4.9200165E+02   4.8584307E+03   0.0000000E+00   0.0000000E+00   0.0000000E+00   0.0000000E+00
     9.0400000E+02   4.9200165E+02   1.6524581E-03   4.9200165E+02   4.8141807E+03   0.0000000E+00   0.0000000E+00   0.0000000E+00   0.0000000E+00
     9.0500000E+02   4.9200165E+02   1.6444470E-03   4.9200165E+02   4.7753452E+03   0.0000000E+00   0.0000000E+00   0.0000000E+00   0.0000000E+00
     9.0600000E+02   4.9200165E+02   1.6373320E-03   4.9200165E+02   4.7409595E+03   0.0000000E+00   0.0000000E+00   0.0000000E+00   0.0000000E+00
     9.0700000E+02   4.9200162E+02   1.6309704E-03   4.9200162E+02   4.7102983E+03   0.0000000E+00   0.0000000E+00   0.0000000E+00   0.0000000E+00
     9.0800000E+02   4.9200162E+02   1.6252510E-03   4.9200162E+02   4.6828013E+03   0.0000000E+00   0.0000000E+00   0.0000000E+00   0.0000000E+00
     9.0900000E+02   4.9200162E+02   1.6200860E-03   4.9200162E+02   4.6580244E+03   0.0000000E+00   0.0000000E+00   0.0000000E+00   0.0000000E+00
     9.1000000E+02   4.9200162E+02   1.6154031E-03   4.9200162E+02   4.6356055E+03   0.0000000E+00   0.0000000E+00   0.0000000E+00   0.0000000E+00
     9.1100000E+02   4.9200162E+02   1.6111430E-03   4.9200162E+02   4.6152490E+03   0.0000000E+00   0.0000000E+00   0.0000000E+00   0.0000000E+00
     9.1200000E+02   4.9200177E+02   1.7715214E-03   4.9200177E+02   5.4060781E+03   0.0000000E+00   0.0000000E+00   0.0000000E+00   0.0000000E+00
     9.1300000E+02   4.9200192E+02   1.9082372E-03   4.9200192E+02   6.1191660E+03   0.0000000E+00   0.0000000E+00   0.0000000E+00   0.0000000E+00
     9.1400000E+02   4.9200168E+02   1.6736186E-03   4.9200168E+02   4.9173647E+03   0.0000000E+00   0.0000000E+00   0.0000000E+00   0.0000000E+00
     9.1500000E+02   4.9200165E+02   1.6623999E-03   4.9200165E+02   4.8625503E+03   0.0000000E+00   0.0000000E+00   0.0000000E+00   0.0000000E+00
     9.1600000E+02   4.9200198E+02   1.9982676E-03   4.9200198E+02   6.6078628E+03   0.0000000E+00   0.0000000E+00   0.0000000E+00   0.0000000E+00
     9.1700000E+02   4.9200186E+02   1.8531966E-03   4.9200186E+02   5.8278379E+03   0.0000000E+00   0.0000000E+00   0.0000000E+00   0.0000000E+00
     9.1800000E+02   4.9200171E+02   1.7124937E-03   4.9200171E+02   5.1092041E+03   0.0000000E+00   0.0000000E+00   0.0000000E+00   0.0000000E+00
     9.1900000E+02   4.9200171E+02   1.6965877E-03   4.9200171E+02   5.0303564E+03   0.0000000E+00   0.0000000E+00   0.0000000E+00   0.0000000E+00
     9.2000000E+02   4.9200192E+02   1.9100787E-03   4.9200192E+02   6.1290112E+03   0.0000000E+00   0.0000000E+00   0.0000000E+00   0.0000000E+00
     9.2100000E+02   4.9200171E+02   1.7188308E-03   4.9200171E+02   5.1407539E+03   0.0000000E+00   0.0000000E+00   0.0000000E+00   0.0000000E+00
     9.2200000E+02   4.9200171E+02   1.7023211E-03   4.9200171E+02   5.0587212E+03   0.0000000E+00   0.0000000E+00   0.0000000E+00   0.0000000E+00
     9.2300000E+02   4.9200168E+02   1.6883214E-03   4.9200168E+02   4.9895742E+03   0.0000000E+00   0.0000000E+00   0.0000000E+00   0.0000000E+00
     9.2400000E+02   4.9200168E+02   1.6762419E-03   4.9200168E+02   4.9302178E+03   0.0000000E+00   0.0000000E+00   0.0000000E+00   0.0000000E+00
     9.2500000E+02   4.9200168E+02   1.6656875E-03   4.9200168E+02   4.8785884E+03   0.0000000E+00   0.0000000E+00   0.0000000E+00   0.0000000E+00
     9.2600000E+02   4.9200165E+02   1.6563780E-03   4.9200165E+02   4.8332295E+03   0.0000000E+00   0.0000000E+00   0.0000000E+00   0.0000000E+00
     9.2700000E+02   4.9200165E+02   1.6481077E-03   4.9200165E+02   4.7930752E+03   0.0000000E+00   0.0000000E+00   0.0000000E+00   0.0000000E+00
     9.2800000E+02   4.9200165E+02   1.6407170E-03   4.9200165E+02   4.7573062E+03   0.0000000E+00   0.0000000E+00   0.0000000E+00   0.0000000E+00
     9.2900000E+02   4.9200165E+02   1.6340807E-03   4.9200165E+02   4.7252788E+03   0.0000000E+00   0.0000000E+00   0.0000000E+00   0.0000000E+00
     9.3000000E+02   4.9200162E+02   1.6280976E-03   4.9200162E+02   4.6964790E+03   0.0000000E+00   0.0000000E+00   0.0000000E+00   0.0000000E+00
     9.3100000E+02   4.9200162E+02   1.6226850E-03   4.9200162E+02   4.6704854E+03   0.0000000E+00   0.0000000E+00   0.0000000E+00   0.0000000E+00
     9.3200000E+02   4.9200162E+02   1.6177726E-03   4.9200162E+02   4.6469438E+03   0.0000000E+00   0.0000000E+00   0.0000000E+00   0.0000000E+00
     9.3300000E+02   4.9200162E+02   1.6133026E-03   4.9200162E+02   4.6255640E+03   0.0000000E+00   0.0000000E+00   0.0000000E+00   0.0000000E+00
     9.3400000E+02   4.9200162E+02   1.6092241E-03   4.9200162E+02   4.6060913E+03   0.0000000E+00   0.0000000E+00   0.0000000E+00   0.0000000E+00
     9.3500000E+02   4.9200162E+02   1.6054946E-03   4.9200162E+02   4.5883130E+03   0.0000000E+00   0.0000000E+00   0.0000000E+00   0.0000000E+00
     9.3600000E+02   4.9200159E+02   1.6020770E-03   4.9200159E+02   4.5720464E+03   0.0000000E+00   0.0000000E+00   0.0000000E+00   0.0000000E+00
     9.3700000E+02   4.9200159E+02   1.5989380E-03   4.9200159E+02   4.5571260E+03   0.0000000E+00   0.0000000E+00   0.0000000E+00   0.0000000E+00
     9.3800000E+02   4.9200159E+02   1.5960501E-03   4.9200159E+02   4.5434160E+03   0.0000000E+00   0.0000000E+00   0.0000000E+00   0.0000000E+00
     9.3900000E+02   4.9200159E+02   1.5933883E-03   4.9200159E+02   4.5307939E+03   0.0000000E+00   0.0000000E+00   0.0000000E+00   0.0000000E+00
     9.4000000E+02   4.9200159E+02   1.5909305E-03   4.9200159E+02   4.5191523E+03   0.0000000E+00   0.0000000E+00   0.0000000E+00   0.0000000E+00
     9.4100000E+02   4.9200159E+02   1.5886575E-03   4.9200159E+02   4.5083965E+03   0.0000000E+00   0.0000000E+00   0.0000000E+00   0.0000000E+00
     9.4200000E+02   4.9200159E+02   1.5865524E-03   4.9200159E+02   4.4984438E+03   0.0000000E+00   0.0000000E+00   0.0000000E+00   0.0000000E+00
     9.4300000E+02   4.9200159E+02   1.5845988E-03   4.9200159E+02   4.4892163E+03   0.0000000E+00   0.0000000E+00   0.0000000E+00   0.0000000E+00
     9.4400000E+02   4.9200159E+02   1.5827839E-03   4.9200159E+02   4.4806494E+03   0.0000000E+00   0.0000000E+00   0.0000000E+00   0.0000000E+00
     9.4500000E+02   4.9200159E+02   1.5810955E-03   4.9200159E+02   4.4726865E+03   0.0000000E+00   0.0000000E+00   0.0000000E+00   0.0000000E+00
     9.4600000E+02   4.9200159E+02   1.5795224E-03   4.9200159E+02   4.4652720E+03   0.0000000E+00   0.0000000E+00   0.0000000E+00   0.0000000E+00
     9.4700000E+02   4.9200159E+02   1.5780553E-03   4.9200159E+02   4.4583618E+03   0.0000000E+00   0.0000000E+00   0.0000000E+00   0.0000000E+00
     9.4800000E+02   4.9200159E+02   1.5766850E-03   4.9200159E+02   4.4519111E+03   0.0000000E+00   0.0000000E+00   0.0000000E+00   0.0000000E+00
     9.4900000E+02   4.9200159E+02   1.5754029E-03   4.9200159E+02   4.4458799E+03   0.0000000E+00   0.0000000E+00   0.0000000E+00   0.0000000E+00
     9.5000000E+02   4.9200159E+02   1.5742030E-03   4.9200159E+02   4.4402373E+03   0.0000000E+00   0.0000000E+00   0.0000000E+00   0.0000000E+00
     9.5100000E+02   4.9200159E+02   1.5730785E-03   4.9200159E+02   4.4349521E+03   0.0000000E+00   0.0000000E+00   0.0000000E+00   0.0000000E+00
     9.5200000E+02   4.9200159E+02   1.5720226E-03   4.9200159E+02   4.4299922E+03   0.0000000E+00   0.0000000E+00   0.0000000E+00   0.0000000E+00
     9.5300000E+02   4.9200156E+02   1.5708776E-03   4.9200156E+02   4.4246152E+03   0.0000000E+00   0.0000000E+00   0.0000000E+00   0.0000000E+00
     9.5400000E+02   4.9200156E+02   1.5698625E-03   4.9200156E+02   4.4198516E+03   0.0000000E+00   0.0000000E+00   0.0000000E+00   0.0000000E+00
     9.5500000E+02   4.9200156E+02   1.5689140E-03   4.9200156E+02   4.4154014E+03   0.0000000E+00   0.0000000E+00   0.0000000E+00   0.0000000E+00
     9.5600000E+02   4.9200156E+02   1.5663195E-03   4.9200156E+02   4.4032383E+03   0.0000000E+00   0.0000000E+00   0.0000000E+00   0.0000000E+00
     9.5700000E+02   4.9200156E+02   1.5655502E-03   4.9200156E+02   4.3996348E+03   0.0000000E+00   0.0000000E+00   0.0000000E+00   0.0000000E+00
     9.5800000E+02   4.9200156E+02   1.5560761E-03   4.9200156E+02   4.3553496E+03   0.0000000E+00   0.0000000E+00   0.0000000E+00   0.0000000E+00
     9.5900000E+02   4.9200156E+02   1.5489947E-03   4.9200156E+02   4.3223657E+03   0.0000000E+00   0.0000000E+00   0.0000000E+00   0.0000000E+00
     9.6000000E+02   4.9200156E+02   1.5489457E-03   4.9200156E+02   4.3221377E+03   0.0000000E+00   0.0000000E+00   0.0000000E+00   0.0000000E+00
     9.6100000E+02   4.9200156E+02   1.5489012E-03   4.9200156E+02   4.3219312E+03   0.0000000E+00   0.0000000E+00   0.0000000E+00   0.0000000E+00
     9.6200000E+02   4.9200156E+02   1.5488614E-03   4.9200156E+02   4.3217456E+03   0.0000000E+00   0.0000000E+00   0.0000000E+00   0.0000000E+00
     9.6300000E+02   4.9200156E+02   1.5488249E-03   4.9200156E+02   4.3215767E+03   0.0000000E+00   0.0000000E+00   0.0000000E+00   0.0000000E+00
     9.6400000E+02   4.9200156E+02   1.5487926E-03   4.9200156E+02   4.3214258E+03   0.0000000E+00   0.0000000E+00   0.0000000E+00   0.0000000E+00
     9.6500000E+02   4.9200156E+02   1.5487631E-03   4.9200156E+02   4.3212891E+03   0.0000000E+00   0.0000000E+00   0.0000000E+00   0.0000000E+00
     9.6600000E+02   4.9200156E+02   1.5487366E-03   4.9200156E+02   4.3211655E+03   0.0000000E+00   0.0000000E+00   0.0000000E+00   0.0000000E+00
     9.6700000E+02   4.9200156E+02   1.5487124E-03   4.9200156E+02   4.3210527E+03   0.0000000E+00   0.0000000E+00   0.0000000E+00   0.0000000E+00
     9.6800000E+02   4.9200156E+02   1.5486910E-03   4.9200156E+02   4.3209531E+03   0.0000000E+00   0.0000000E+00   0.0000000E+00   0.0000000E+00
     9.6900000E+02   4.9200156E+02   1.5486713E-03   4.9200156E+02   4.3208618E+03   0.0000000E+00   0.0000000E+00   0.0000000E+00   0.0000000E+00
     9.7000000E+02   4.9200168E+02   1.6712769E-03   4.9200168E+02   4.9059033E+03   0.0000000E+00   0.0000000E+00   0.0000000E+00   0.0000000E+00
     9.7100000E+02   4.9200156E+02   1.5669379E-03   4.9200156E+02   4.4061362E+03   0.0000000E+00   0.0000000E+00   0.0000000E+00   0.0000000E+00
     9.7200000E+02   4.9200156E+02   1.5663005E-03   4.9200156E+02   4.4031499E+03   0.0000000E+00   0.0000000E+00   0.0000000E+00   0.0000000E+00
     9.7300000E+02   4.9200156E+02   1.5656924E-03   4.9200156E+02   4.4003008E+03   0.0000000E+00   0.0000000E+00   0.0000000E+00   0.0000000E+00
     9.7400000E+02   4.9200156E+02   1.5651120E-03   4.9200156E+02   4.3975825E+03   0.0000000E+00   0.0000000E+00   0.0000000E+00   0.0000000E+00
     9.7500000E+02   4.9200156E+02   1.5645574E-03   4.9200156E+02   4.3949858E+03   0.0000000E+00   0.0000000E+00   0.0000000E+00   0.0000000E+00
     9.7600000E+02   4.9200156E+02   1.5639252E-03   4.9200156E+02   4.3920264E+03   0.0000000E+00   0.0000000E+00   0.0000000E+00   0.0000000E+00
     9.7700000E+02   4.9200156E+02   1.5633606E-03   4.9200156E+02   4.3893838E+03   0.0000000E+00   0.0000000E+00   0.0000000E+00   0.0000000E+00
     9.7800000E+02   4.9200156E+02   1.5628251E-03   4.9200156E+02   4.3868784E+03   0.0000000E+00   0.0000000E+00   0.0000000E+00   0.0000000E+00
     9.7900000E+02   4.9200156E+02   1.5591512E-03   4.9200156E+02   4.3697041E+03   0.0000000E+00   0.0000000E+00   0.0000000E+00   0.0000000E+00
     9.8000000E+02   4.9200156E+02   1.5587872E-03   4.9200156E+02   4.3680039E+03   0.0000000E+00   0.0000000E+00   0.0000000E+00   0.0000000E+00
     9.8100000E+02   4.9200156E+02   1.5584399E-03   4.9200156E+02   4.3663823E+03   0.0000000E+00   0.0000000E+00   0.0000000E+00   0.0000000E+00
     9.8200000E+02   4.9200156E+02   1.5534570E-03   4.9200156E+02   4.3431387E+03   0.0000000E+00   0.0000000E+00   0.0000000E+00   0.0000000E+00
     9.8300000E+02   4.9200156E+02   1.5532933E-03   4.9200156E+02   4.3423760E+03   0.0000000E+00   0.0000000E+00   0.0000000E+00   0.0000000E+00
     9.8400000E+02   4.9200156E+02   1.5531377E-03   4.9200156E+02   4.3416509E+03   0.0000000E+00   0.0000000E+00   0.0000000E+00   0.0000000E+00
     9.8500000E+02   4.9200156E+02   1.5529884E-03   4.9200156E+02   4.3409556E+03   0.0000000E+00   0.0000000E+00   0.0000000E+00   0.0000000E+00
     9.8600000E+02   4.9200156E+02   1.5487389E-03   4.9200156E+02   4.3211763E+03   0.0000000E+00   0.0000000E+00   0.0000000E+00   0.0000000E+00
     9.8700000E+02   4.9200156E+02   1.5487146E-03   4.9200156E+02   4.3210635E+03   0.0000000E+00   0.0000000E+00   0.0000000E+00   0.0000000E+00
     9.8800000E+02   4.9200156E+02   1.5486927E-03   4.9200156E+02   4.3209614E+03   0.0000000E+00   0.0000000E+00   0.0000000E+00   0.0000000E+00
     9.8900000E+02   4.9200156E+02   1.5486726E-03   4.9200156E+02   4.3208677E+03   0.0000000E+00   0.0000000E+00   0.0000000E+00   0.0000000E+00
     9.9000000E+02   4.9200156E+02   1.5486546E-03   4.9200156E+02   4.3207842E+03   0.0000000E+00   0.0000000E+00   0.0000000E+00   0.0000000E+00
     9.9100000E+02   4.9200156E+02   1.5486385E-03   4.9200156E+02   4.3207090E+03   0.0000000E+00   0.0000000E+00   0.0000000E+00   0.0000000E+00
     9.9200000E+02   4.9200156E+02   1.5486240E-03   4.9200156E+02   4.3206421E+03   0.0000000E+00   0.0000000E+00   0.0000000E+00   0.0000000E+00
     9.9300000E+02   4.9200156E+02   1.5486107E-03   4.9200156E+02   4.3205801E+03   0.0000000E+00   0.0000000E+00   0.0000000E+00   0.0000000E+00
     9.9400000E+02   4.9200156E+02   1.5485991E-03   4.9200156E+02   4.3205264E+03   0.0000000E+00   0.0000000E+00   0.0000000E+00   0.0000000E+00
     9.9500000E+02   4.9200156E+02   1.5485882E-03   4.9200156E+02   4.3204751E+03   0.0000000E+00   0.0000000E+00   0.0000000E+00   0.0000000E+00
     9.9600000E+02   4.9200156E+02   1.5485784E-03   4.9200156E+02   4.3204297E+03   0.0000000E+00   0.0000000E+00   0.0000000E+00   0.0000000E+00
     9.9700000E+02   4.9200165E+02   1.6498916E-03   4.9200165E+02   4.8017256E+03   0.0000000E+00   0.0000000E+00   0.0000000E+00   0.0000000E+00
     9.9800000E+02   4.9200165E+02   1.6395609E-03   4.9200165E+02   4.7517202E+03   0.0000000E+00   0.0000000E+00   0.0000000E+00   0.0000000E+00
     9.9900000E+02   4.9200156E+02   1.5614050E-03   4.9200156E+02   4.3802368E+03   0.0000000E+00   0.0000000E+00   0.0000000E+00   0.0000000E+00
     1.0000000E+03   4.9200156E+02   1.5610632E-03   4.9200156E+02   4.3786392E+03   0.0000000E+00   0.0000000E+00   0.0000000E+00   0.0000000E+00
     1.0010000E+03   4.9200156E+02   1.5607324E-03   4.9200156E+02   4.3770923E+03   0.0000000E+00   0.0000000E+00   0.0000000E+00   0.0000000E+00
     1.0020000E+03   4.9200156E+02   1.5604118E-03   4.9200156E+02   4.3755938E+03   0.0000000E+00   0.0000000E+00   0.0000000E+00   0.0000000E+00
     1.0030000E+03   4.9200156E+02   1.5600267E-03   4.9200156E+02   4.3737939E+03   0.0000000E+00   0.0000000E+00   0.0000000E+00   0.0000000E+00
     1.0040000E+03   4.9200156E+02   1.5596830E-03   4.9200156E+02   4.3721880E+03   0.0000000E+00   0.0000000E+00   0.0000000E+00   0.0000000E+00
     1.0050000E+03   4.9200156E+02   1.5593525E-03   4.9200156E+02   4.3706440E+03   0.0000000E+00   0.0000000E+00   0.0000000E+00   0.0000000E+00
     1.0060000E+03   4.9200156E+02   1.5565413E-03   4.9200156E+02   4.3575195E+03   0.0000000E+00   0.0000000E+00   0.0000000E+00   0.0000000E+00
     1.0070000E+03   4.9200156E+02   1.5563202E-03   4.9200156E+02   4.3564883E+03   0.0000000E+00   0.0000000E+00   0.0000000E+00   0.0000000E+00
     1.0080000E+03   4.9200156E+02   1.5525774E-03   4.9200156E+02   4.3390405E+03   0.0000000E+00   0.0000000E+00   0.0000000E+00   0.0000000E+00
     1.0090000E+03   4.9200156E+02   1.5524729E-03   4.9200156E+02   4.3385542E+03   0.0000000E+00   0.0000000E+00   0.0000000E+00   0.0000000E+00
     1.0100000E+03   4.9200156E+02   1.5523715E-03   4.9200156E+02   4.3380815E+03   0.0000000E+00   0.0000000E+00   0.0000000E+00   0.0000000E+00
     1.0110000E+03   4.9200156E+02   1.5522729E-03   4.9200156E+02   4.3376226E+03   0.0000000E+00   0.0000000E+00   0.0000000E+00   0.0000000E+00
     1.0120000E+03   4.9200156E+02   1.5521778E-03   4.9200156E+02   4.3371797E+03   0.0000000E+00   0.0000000E+00   0.0000000E+00   0.0000000E+00
     1.0130000E+03   4.9200156E+02   1.5487291E-03   4.9200156E+02   4.3211304E+03   0.0000000E+00   0.0000000E+00   0.0000000E+00   0.0000000E+00
     1.0140000E+03   4.9200156E+02   1.5487054E-03   4.9200156E+02   4.3210205E+03   0.0000000E+00   0.0000000E+00   0.0000000E+00   0.0000000E+00
     1.0150000E+03   4.9200156E+02   1.5486847E-03   4.9200156E+02   4.3209238E+03   0.0000000E+00   0.0000000E+00   0.0000000E+00   0.0000000E+00
     1.0160000E+03   4.9200156E+02   1.5486656E-03   4.9200156E+02   4.3208350E+03   0.0000000E+00   0.0000000E+00   0.0000000E+00   0.0000000E+00
     1.0170000E+03   4.9200156E+02   1.5486482E-03   4.9200156E+02   4.3207549E+03   0.0000000E+00   0.0000000E+00   0.0000000E+00   0.0000000E+00
     1.0180000E+03   4.9200156E+02   1.5486326E-03   4.9200156E+02   4.3206821E+03   0.0000000E+00   0.0000000E+00   0.0000000E+00   0.0000000E+00
     1.0190000E+03   4.9200156E+02   1.5486188E-03   4.9200156E+02   4.3206177E+03   0.0000000E+00   0.0000000E+00   0.0000000E+00   0.0000000E+00
     1.0200000E+03   4.9200156E+02   1.5486061E-03   4.9200156E+02   4.3205586E+03   0.0000000E+00   0.0000000E+00   0.0000000E+00   0.0000000E+00
     1.0210000E+03   4.9200156E+02   1.5485946E-03   4.9200156E+02   4.3205049E+03   0.0000000E+00   0.0000000E+00   0.0000000E+00   0.0000000E+00
     1.0220000E+03   4.9200156E+02   1.5485842E-03   4.9200156E+02   4.3204565E+03   0.0000000E+00   0.0000000E+00   0.0000000E+00   0.0000000E+00
     1.0230000E+03   4.9200156E+02   1.5485749E-03   4.9200156E+02   4.3204136E+03   0.0000000E+00   0.0000000E+00   0.0000000E+00   0.0000000E+00
     1.0240000E+03   4.9200156E+02   1.5485663E-03   4.9200156E+02   4.3203735E+03   0.0000000E+00   0.0000000E+00   0.0000000E+00   0.0000000E+00
     1.0250000E+03   4.9200156E+02   1.5485587E-03   4.9200156E+02   4.3203384E+03   0.0000000E+00   0.0000000E+00   0.0000000E+00   0.0000000E+00
     1.0260000E+03   4.9200156E+02   1.5485518E-03   4.9200156E+02   4.3203062E+03   0.0000000E+00   0.0000000E+00   0.0000000E+00   0.0000000E+00
     1.0270000E+03   4.9200156E+02   1.5485454E-03   4.9200156E+02   4.3202769E+03   0.0000000E+00   0.0000000E+00   0.0000000E+00   0.0000000E+00
     1.0280000E+03   4.9200156E+02   1.5485397E-03   4.9200156E+02   4.3202500E+03   0.0000000E+00   0.0000000E+00   0.0000000E+00   0.0000000E+00
     1.0290000E+03   4.9200156E+02   1.5485345E-03   4.9200156E+02   4.3202256E+03   0.0000000E+00   0.0000000E+00   0.0000000E+00   0.0000000E+00
     1.0300000E+03   4.9200156E+02   1.5485298E-03   4.9200156E+02   4.3202041E+03   0.0000000E+00   0.0000000E+00   0.0000000E+00   0.0000000E+00
     1.0310000E+03   4.9200156E+02   1.5485258E-03   4.9200156E+02   4.3201855E+03   0.0000000E+00   0.0000000E+00   0.0000000E+00   0.0000000E+00
     1.0320000E+03   4.9200156E+02   1.5485218E-03   4.9200156E+02   4.3201665E+03   0.0000000E+00   0.0000000E+00   0.0000000E+00   0.0000000E+00
     1.0330000E+03   4.9200156E+02   1.5485183E-03   4.9200156E+02   4.3201504E+03   0.0000000E+00   0.0000000E+00   0.0000000E+00   0.0000000E+00
     1.0340000E+03   4.9200156E+02   1.5485154E-03   4.9200156E+02   4.3201372E+03   0.0000000E+00   0.0000000E+00   0.0000000E+00   0.0000000E+00
     1.0350000E+03   4.9200156E+02   1.5485125E-03   4.9200156E+02   4.3201235E+03   0.0000000E+00   0.0000000E+00   0.0000000E+00   0.0000000E+00
     1.0360000E+03   4.9200156E+02   1.5485102E-03   4.9200156E+02   4.3201128E+03   0.0000000E+00   0.0000000E+00   0.0000000E+00   0.0000000E+00
     1.0370000E+03   4.9200156E+02   1.5485079E-03   4.9200156E+02   4.3201021E+03   0.0000000E+00   0.0000000E+00   0.0000000E+00   0.0000000E+00
     1.0380000E+03   4.9200156E+02   1.5485056E-03   4.9200156E+02   4.3200913E+03   0.0000000E+00   0.0000000E+00   0.0000000E+00   0.0000000E+00
     1.0390000E+03   4.9200156E+02   1.5485039E-03   4.9200156E+02   4.3200830E+03   0.0000000E+00   0.0000000E+00   0.0000000E+00   0.0000000E+00
     1.0400000E+03   4.9200156E+02   1.5485021E-03   4.9200156E+02   4.3200752E+03   0.0000000E+00   0.0000000E+00   0.0000000E+00   0.0000000E+00
     1.0410000E+03   4.9200156E+02   1.5485004E-03   4.9200156E+02   4.3200674E+03   0.0000000E+00   0.0000000E+00   0.0000000E+00   0.0000000E+00
     1.0420000E+03   4.9200156E+02   1.5484992E-03   4.9200156E+02   4.3200615E+03   0.0000000E+00   0.0000000E+00   0.0000000E+00   0.0000000E+00
     1.0430000E+03   4.9200156E+02   1.5484981E-03   4.9200156E+02   4.3200562E+03   0.0000000E+00   0.0000000E+00   0.0000000E+00   0.0000000E+00
     1.0440000E+03   4.9200156E+02   1.5484969E-03   4.9200156E+02   4.3200508E+03   0.0000000E+00   0.0000000E+00   0.0000000E+00   0.0000000E+00
     1.0450000E+03   4.9200156E+02   1.5484957E-03   4.9200156E+02   4.3200454E+03   0.0000000E+00   0.0000000E+00   0.0000000E+00   0.0000000E+00
     1.0460000E+03   4.9200156E+02   1.5484947E-03   4.9200156E+02   4.3200405E+03   0.0000000E+00   0.0000000E+00   0.0000000E+00   0.0000000E+00
     1.0470000E+03   4.9200156E+02   1.5484940E-03   4.9200156E+02   4.3200376E+03   0.0000000E+00   0.0000000E+00   0.0000000E+00   0.0000000E+00
     1.0480000E+03   4.9200156E+02   1.5484934E-03   4.9200156E+02   4.3200347E+03   0.0000000E+00   0.0000000E+00   0.0000000E+00   0.0000000E+00
     1.0490000E+03   4.9200156E+02   1.5484923E-03   4.9200156E+02   4.3200298E+03   0.0000000E+00   0.0000000E+00   0.0000000E+00   0.0000000E+00
     1.0500000E+03   4.9200156E+02   1.5484918E-03   4.9200156E+02   4.3200269E+03   0.0000000E+00   0.0000000E+00   0.0000000E+00   0.0000000E+00
     1.0510000E+03   4.9200156E+02   1.5484912E-03   4.9200156E+02   4.3200244E+03   0.0000000E+00   0.0000000E+00   0.0000000E+00   0.0000000E+00
     1.0520000E+03   4.9200156E+02   1.5484906E-03   4.9200156E+02   4.3200215E+03   0.0000000E+00   0.0000000E+00   0.0000000E+00   0.0000000E+00
     1.0530000E+03   4.9200156E+02   1.5484906E-03   4.9200156E+02   4.3200215E+03   0.0000000E+00   0.0000000E+00   0.0000000E+00   0.0000000E+00
     1.0540000E+03   4.9200156E+02   1.5484900E-03   4.9200156E+02   4.3200186E+03   0.0000000E+00   0.0000000E+00   0.0000000E+00   0.0000000E+00
     1.0550000E+03   4.9200156E+02   1.5484894E-03   4.9200156E+02   4.3200161E+03   0.0000000E+00   0.0000000E+00   0.0000000E+00   0.0000000E+00
     1.0560000E+03   4.9200156E+02   1.5484894E-03   4.9200156E+02   4.3200161E+03   0.0000000E+00   0.0000000E+00   0.0000000E+00   0.0000000E+00
     1.0570000E+03   4.9200156E+02   1.5484889E-03   4.9200156E+02   4.3200137E+03   0.0000000E+00   0.0000000E+00   0.0000000E+00   0.0000000E+00
     1.0580000E+03   4.9200156E+02   1.5484889E-03   4.9200156E+02   4.3200132E+03   0.0000000E+00   0.0000000E+00   0.0000000E+00   0.0000000E+00
     1.0590000E+03   4.9200156E+02   1.5484883E-03   4.9200156E+02   4.3200107E+03   0.0000000E+00   0.0000000E+00   0.0000000E+00   0.0000000E+00
     1.0600000E+03   4.9200156E+02   1.5484883E-03   4.9200156E+02   4.3200107E+03   0.0000000E+00   0.0000000E+00   0.0000000E+00   0.0000000E+00
     1.0610000E+03   4.9200156E+02   1.5484877E-03   4.9200156E+02   4.3200083E+03   0.0000000E+00   0.0000000E+00   0.0000000E+00   0.0000000E+00
     1.0620000E+03   4.9200156E+02   1.5484877E-03   4.9200156E+02   4.3200083E+03   0.0000000E+00   0.0000000E+00   0.0000000E+00   0.0000000E+00
     1.0630000E+03   4.9200156E+02   1.5484877E-03   4.9200156E+02   4.3200078E+03   0.0000000E+00   0.0000000E+00   0.0000000E+00   0.0000000E+00
     1.0640000E+03   4.9200156E+02   1.5484877E-03   4.9200156E+02   4.3200078E+03   0.0000000E+00   0.0000000E+00   0.0000000E+00   0.0000000E+00
     1.0650000E+03   4.9200156E+02   1.5484871E-03   4.9200156E+02   4.3200054E+03   0.0000000E+00   0.0000000E+00   0.0000000E+00   0.0000000E+00
     1.0660000E+03   4.9200156E+02   1.5484871E-03   4.9200156E+02   4.3200054E+03   0.0000000E+00   0.0000000E+00   0.0000000E+00   0.0000000E+00
     1.0670000E+03   4.9200156E+02   1.5484871E-03   4.9200156E+02   4.3200054E+03   0.0000000E+00   0.0000000E+00   0.0000000E+00   0.0000000E+00
     1.0680000E+03   4.9200156E+02   1.5484871E-03   4.9200156E+02   4.3200054E+03   0.0000000E+00   0.0000000E+00   0.0000000E+00   0.0000000E+00
     1.0690000E+03   4.9200156E+02   1.5484871E-03   4.9200156E+02   4.3200054E+03   0.0000000E+00   0.0000000E+00   0.0000000E+00   0.0000000E+00
     1.0700000E+03   4.9200156E+02   1.5484865E-03   4.9200156E+02   4.3200029E+03   0.0000000E+00   0.0000000E+00   0.0000000E+00   0.0000000E+00
     1.0710000E+03   4.9200156E+02   1.5484865E-03   4.9200156E+02   4.3200029E+03   0.0000000E+00   0.0000000E+00   0.0000000E+00   0.0000000E+00
     1.0720000E+03   4.9200156E+02   1.5484865E-03   4.9200156E+02   4.3200029E+03   0.0000000E+00   0.0000000E+00   0.0000000E+00   0.0000000E+00
     1.0730000E+03   4.9200156E+02   1.5484865E-03   4.9200156E+02   4.3200029E+03   0.0000000E+00   0.0000000E+00   0.0000000E+00   0.0000000E+00
     1.0740000E+03   4.9200156E+02   1.5484865E-03   4.9200156E+02   4.3200024E+03   0.0000000E+00   0.0000000E+00   0.0000000E+00   0.0000000E+00
     1.0750000E+03   4.9200156E+02   1.5484865E-03   4.9200156E+02   4.3200024E+03   0.0000000E+00   0.0000000E+00   0.0000000E+00   0.0000000E+00
     1.0760000E+03   4.9200156E+02   1.5484865E-03   4.9200156E+02   4.3200024E+03   0.0000000E+00   0.0000000E+00   0.0000000E+00   0.0000000E+00
     1.0770000E+03   4.9200156E+02   1.5484865E-03   4.9200156E+02   4.3200024E+03   0.0000000E+00   0.0000000E+00   0.0000000E+00   0.0000000E+00
     1.0780000E+03   4.9200156E+02   1.5484865E-03   4.9200156E+02   4.3200024E+03   0.0000000E+00   0.0000000E+00   0.0000000E+00   0.0000000E+00
     1.0790000E+03   4.9200156E+02   1.5484865E-03   4.9200156E+02   4.3200024E+03   0.0000000E+00   0.0000000E+00   0.0000000E+00   0.0000000E+00
     1.0800000E+03   4.9200156E+02   1.5484865E-03   4.9200156E+02   4.3200024E+03   0.0000000E+00   0.0000000E+00   0.0000000E+00   0.0000000E+00
     1.0810000E+03   4.9200156E+02   1.5484859E-03   4.9200156E+02   4.3200000E+03   0.0000000E+00   0.0000000E+00   0.0000000E+00   0.0000000E+00
     1.0820000E+03   4.9200156E+02   1.5484859E-03   4.9200156E+02   4.3200000E+03   0.0000000E+00   0.0000000E+00   0.0000000E+00   0.0000000E+00
     1.0830000E+03   4.9200156E+02   1.5484859E-03   4.9200156E+02   4.3200000E+03   0.0000000E+00   0.0000000E+00   0.0000000E+00   0.0000000E+00
     1.0840000E+03   4.9200156E+02   1.5484859E-03   4.9200156E+02   4.3200000E+03   0.0000000E+00   0.0000000E+00   0.0000000E+00   0.0000000E+00
     1.0850000E+03   4.9200156E+02   1.5484859E-03   4.9200156E+02   4.3200000E+03   0.0000000E+00   0.0000000E+00   0.0000000E+00   0.0000000E+00
     1.0860000E+03   4.9200156E+02   1.5484859E-03   4.9200156E+02   4.3200000E+03   0.0000000E+00   0.0000000E+00   0.0000000E+00   0.0000000E+00
     1.0870000E+03   4.9200226E+02   2.2657833E-03   4.9200226E+02   8.1470840E+03   0.0000000E+00   0.0000000E+00   0.0000000E+00   0.0000000E+00
     1.0880000E+03   4.9200174E+02   1.7259030E-03   4.9200174E+02   5.1760557E+03   0.0000000E+00   0.0000000E+00   0.0000000E+00   0.0000000E+00
     1.0890000E+03   4.9200171E+02   1.7024615E-03   4.9200171E+02   5.0594170E+03   0.0000000E+00   0.0000000E+00   0.0000000E+00   0.0000000E+00
     1.0900000E+03   4.9200168E+02   1.6847694E-03   4.9200168E+02   4.9720908E+03   0.0000000E+00   0.0000000E+00   0.0000000E+00   0.0000000E+00
     1.0910000E+03   4.9200168E+02   1.6708097E-03   4.9200168E+02   4.9036177E+03   0.0000000E+00   0.0000000E+00   0.0000000E+00   0.0000000E+00
     1.0920000E+03   4.9200165E+02   1.6594090E-03   4.9200165E+02   4.8479785E+03   0.0000000E+00   0.0000000E+00   0.0000000E+00   0.0000000E+00
     1.0930000E+03   4.9200165E+02   1.6498478E-03   4.9200165E+02   4.8015132E+03   0.0000000E+00   0.0000000E+00   0.0000000E+00   0.0000000E+00
     1.0940000E+03   4.9200165E+02   1.6416627E-03   4.9200165E+02   4.7618770E+03   0.0000000E+00   0.0000000E+00   0.0000000E+00   0.0000000E+00
     1.0950000E+03   4.9200165E+02   1.6345436E-03   4.9200165E+02   4.7275103E+03   0.0000000E+00   0.0000000E+00   0.0000000E+00   0.0000000E+00
     1.0960000E+03   4.9200162E+02   1.6282741E-03   4.9200162E+02   4.6973276E+03   0.0000000E+00   0.0000000E+00   0.0000000E+00   0.0000000E+00
     1.0970000E+03   4.9200162E+02   1.6226996E-03   4.9200162E+02   4.6705552E+03   0.0000000E+00   0.0000000E+00   0.0000000E+00   0.0000000E+00
     1.0980000E+03   4.9200162E+02   1.6177165E-03   4.9200162E+02   4.6466753E+03   0.0000000E+00   0.0000000E+00   0.0000000E+00   0.0000000E+00
     1.0990000E+03   4.9200162E+02   1.6132183E-03   4.9200162E+02   4.6251616E+03   0.0000000E+00   0.0000000E+00   0.0000000E+00   0.0000000E+00
     1.1000000E+03   4.9200162E+02   1.6091409E-03   4.9200162E+02   4.6056938E+03   0.0000000E+00   0.0000000E+00   0.0000000E+00   0.0000000E+00
     1.1010000E+03   4.9200162E+02   1.6054286E-03   4.9200162E+02   4.5879985E+03   0.0000000E+00   0.0000000E+00   0.0000000E+00   0.0000000E+00
     1.1020000E+03   4.9200159E+02   1.6020359E-03   4.9200159E+02   4.5718506E+03   0.0000000E+00   0.0000000E+00   0.0000000E+00   0.0000000E+00
     1.1030000E+03   4.9200159E+02   1.5989267E-03   4.9200159E+02   4.5570718E+03   0.0000000E+00   0.0000000E+00   0.0000000E+00   0.0000000E+00
     1.1040000E+03   4.9200159E+02   1.5960683E-03   4.9200159E+02   4.5435020E+03   0.0000000E+00   0.0000000E+00   0.0000000E+00   0.0000000E+00
     1.1050000E+03   4.9200159E+02   1.5934347E-03   4.9200159E+02   4.5310142E+03   0.0000000E+00   0.0000000E+00   0.0000000E+00   0.0000000E+00
     1.1060000E+03   4.9200159E+02   1.5910036E-03   4.9200159E+02   4.5194985E+03   0.0000000E+00   0.0000000E+00   0.0000000E+00   0.0000000E+00
     1.1070000E+03   4.9200159E+02   1.5887535E-03   4.9200159E+02   4.5088506E+03   0.0000000E+00   0.0000000E+00   0.0000000E+00   0.0000000E+00
     1.1080000E+03   4.9200159E+02   1.5866688E-03   4.9200159E+02   4.4989941E+03   0.0000000E+00   0.0000000E+00   0.0000000E+00   0.0000000E+00
     1.1090000E+03   4.9200159E+02   1.5847330E-03   4.9200159E+02   4.4898501E+03   0.0000000E+00   0.0000000E+00   0.0000000E+00   0.0000000E+00
     1.1100000E+03   4.9200159E+02   1.5829329E-03   4.9200159E+02   4.4813530E+03   0.0000000E+00   0.0000000E+00   0.0000000E+00   0.0000000E+00
     1.1110000E+03   4.9200159E+02   1.5812567E-03   4.9200159E+02   4.4734468E+03   0.0000000E+00   0.0000000E+00   0.0000000E+00   0.0000000E+00
     1.1120000E+03   4.9200159E+02   1.5796939E-03   4.9200159E+02   4.4660806E+03   0.0000000E+00   0.0000000E+00   0.0000000E+00   0.0000000E+00
     1.1130000E+03   4.9200159E+02   1.5782350E-03   4.9200159E+02   4.4592080E+03   0.0000000E+00   0.0000000E+00   0.0000000E+00   0.0000000E+00
     1.1140000E+03   4.9200159E+02   1.5768704E-03   4.9200159E+02   4.4527842E+03   0.0000000E+00   0.0000000E+00   0.0000000E+00   0.0000000E+00
     1.1150000E+03   4.9200159E+02   1.5755936E-03   4.9200159E+02   4.4467769E+03   0.0000000E+00   0.0000000E+00   0.0000000E+00   0.0000000E+00
     1.1160000E+03   4.9200159E+02   1.5743972E-03   4.9200159E+02   4.4411504E+03   0.0000000E+00   0.0000000E+00   0.0000000E+00   0.0000000E+00
     1.1170000E+03   4.9200159E+02   1.5732751E-03   4.9200159E+02   4.4358760E+03   0.0000000E+00   0.0000000E+00   0.0000000E+00   0.0000000E+00
     1.1180000E+03   4.9200159E+02   1.5722211E-03   4.9200159E+02   4.4309238E+03   0.0000000E+00   0.0000000E+00   0.0000000E+00   0.0000000E+00
     1.1190000E+03   4.9200156E+02   1.5712300E-03   4.9200156E+02   4.4262700E+03   0.0000000E+00   0.0000000E+00   0.0000000E+00   0.0000000E+00
     1.1200000E+03   4.9200156E+02   1.5702980E-03   4.9200156E+02   4.4218950E+03   0.0000000E+00   0.0000000E+00   0.0000000E+00   0.0000000E+00
     1.1210000E+03   4.9200156E+02   1.5694195E-03   4.9200156E+02   4.4177725E+03   0.0000000E+00   0.0000000E+00   0.0000000E+00   0.0000000E+00
     1.1220000E+03   4.9200156E+02   1.5685911E-03   4.9200156E+02   4.4138867E+03   0.0000000E+00   0.0000000E+00   0.0000000E+00   0.0000000E+00
     1.1230000E+03   4.9200156E+02   1.5678098E-03   4.9200156E+02   4.4102236E+03   0.0000000E+00   0.0000000E+00   0.0000000E+00   0.0000000E+00
     1.1240000E+03   4.9200156E+02   1.5670714E-03   4.9200156E+02   4.4067622E+03   0.0000000E+00   0.0000000E+00   0.0000000E+00   0.0000000E+00
     1.1250000E+03   4.9200156E+02   1.5662548E-03   4.9200156E+02   4.4029351E+03   0.0000000E+00   0.0000000E+00   0.0000000E+00   0.0000000E+00
     1.1260000E+03   4.9200156E+02   1.5655295E-03   4.9200156E+02   4.3995381E+03   0.0000000E+00   0.0000000E+00   0.0000000E+00   0.0000000E+00
     1.1270000E+03   4.9200156E+02   1.5648477E-03   4.9200156E+02   4.3963447E+03   0.0000000E+00   0.0000000E+00   0.0000000E+00   0.0000000E+00
     1.1280000E+03   4.9200156E+02   1.5642041E-03   4.9200156E+02   4.3933315E+03   0.0000000E+00   0.0000000E+00   0.0000000E+00   0.0000000E+00
     1.1290000E+03   4.9200156E+02   1.5572112E-03   4.9200156E+02   4.3606460E+03   0.0000000E+00   0.0000000E+00   0.0000000E+00   0.0000000E+00
     1.1300000E+03   4.9200156E+02   1.5547274E-03   4.9200156E+02   4.3490601E+03   0.0000000E+00   0.0000000E+00   0.0000000E+00   0.0000000E+00
     1.1310000E+03   4.9200156E+02   1.5488735E-03   4.9200156E+02   4.3218018E+03   0.0000000E+00   0.0000000E+00   0.0000000E+00   0.0000000E+00
     1.1320000E+03   4.9200156E+02   1.5488360E-03   4.9200156E+02   4.3216274E+03   0.0000000E+00   0.0000000E+00   0.0000000E+00   0.0000000E+00
     1.1330000E+03   4.9200156E+02   1.5488025E-03   4.9200156E+02   4.3214717E+03   0.0000000E+00   0.0000000E+00   0.0000000E+00   0.0000000E+00
     1.1340000E+03   4.9200156E+02   1.5487719E-03   4.9200156E+02   4.3213296E+03   0.0000000E+00   0.0000000E+00   0.0000000E+00   0.0000000E+00
     1.1350000E+03   4.9200156E+02   1.5487447E-03   4.9200156E+02   4.3212031E+03   0.0000000E+00   0.0000000E+00   0.0000000E+00   0.0000000E+00
     1.1360000E+03   4.9200156E+02   1.5487198E-03   4.9200156E+02   4.3210874E+03   0.0000000E+00   0.0000000E+00   0.0000000E+00   0.0000000E+00
     1.1370000E+03   4.9200156E+02   1.5486974E-03   4.9200156E+02   4.3209829E+03   0.0000000E+00   0.0000000E+00   0.0000000E+00   0.0000000E+00
     1.1380000E+03   4.9200156E+02   1.5486771E-03   4.9200156E+02   4.3208892E+03   0.0000000E+00   0.0000000E+00   0.0000000E+00   0.0000000E+00
     1.1390000E+03   4.9200156E+02   1.5486587E-03   4.9200156E+02   4.3208032E+03   0.0000000E+00   0.0000000E+00   0.0000000E+00   0.0000000E+00
     1.1400000E+03   4.9200156E+02   1.5486424E-03   4.9200156E+02   4.3207275E+03   0.0000000E+00   0.0000000E+00   0.0000000E+00   0.0000000E+00
     1.1410000E+03   4.9200156E+02   1.5486274E-03   4.9200156E+02   4.3206577E+03   0.0000000E+00   0.0000000E+00   0.0000000E+00   0.0000000E+00
     1.1420000E+03   4.9200156E+02   1.5486137E-03   4.9200156E+02   4.3205938E+03   0.0000000E+00   0.0000000E+00   0.0000000E+00   0.0000000E+00
     1.1430000E+03   4.9200156E+02   1.5486014E-03   4.9200156E+02   4.3205371E+03   0.0000000E+00   0.0000000E+00   0.0000000E+00   0.0000000E+00
     1.1440000E+03   4.9200156E+02   1.5485905E-03   4.9200156E+02   4.3204863E+03   0.0000000E+00   0.0000000E+00   0.0000000E+00   0.0000000E+00
     1.1450000E+03   4.9200156E+02   1.5485807E-03   4.9200156E+02   4.3204404E+03   0.0000000E+00   0.0000000E+00   0.0000000E+00   0.0000000E+00
     1.1460000E+03   4.9200192E+02   1.9280456E-03   4.9200192E+02   6.2253979E+03   0.0000000E+00   0.0000000E+00   0.0000000E+00   0.0000000E+00
     1.1470000E+03   4.9200339E+02   3.3899443E-03   4.9200339E+02   1.5945051E+04   0.0000000E+00   0.0000000E+00   0.0000000E+00   0.0000000E+00
     1.1480000E+03   4.9200201E+02   2.0051289E-03   4.9200201E+02   6.6457212E+03   0.0000000E+00   0.0000000E+00   0.0000000E+00   0.0000000E+00
     1.1490000E+03   4.9200192E+02   1.9338261E-03   4.9200192E+02   6.2565371E+03   0.0000000E+00   0.0000000E+00   0.0000000E+00   0.0000000E+00
     1.1500000E+03   4.9200189E+02   1.8801874E-03   4.9200189E+02   5.9699893E+03   0.0000000E+00   0.0000000E+00   0.0000000E+00   0.0000000E+00
     1.1510000E+03   4.9200183E+02   1.8378941E-03   4.9200183E+02   5.7478540E+03   0.0000000E+00   0.0000000E+00   0.0000000E+00   0.0000000E+00
     1.1520000E+03   4.9200180E+02   1.8035166E-03   4.9200180E+02   5.5697866E+03   0.0000000E+00   0.0000000E+00   0.0000000E+00   0.0000000E+00
     1.1530000E+03   4.9200177E+02   1.7749872E-03   4.9200177E+02   5.4237168E+03   0.0000000E+00   0.0000000E+00   0.0000000E+00   0.0000000E+00
     1.1540000E+03   4.9200174E+02   1.7509526E-03   4.9200174E+02   5.3018682E+03   0.0000000E+00   0.0000000E+00   0.0000000E+00   0.0000000E+00
     1.1550000E+03   4.9200174E+02   1.7304691E-03   4.9200174E+02   5.1988989E+03   0.0000000E+00   0.0000000E+00   0.0000000E+00   0.0000000E+00
     1.1560000E+03   4.9200171E+02   1.7128506E-03   4.9200171E+02   5.1109795E+03   0.0000000E+00   0.0000000E+00   0.0000000E+00   0.0000000E+00
     1.1570000E+03   4.9200171E+02   1.6975797E-03   4.9200171E+02   5.0352603E+03   0.0000000E+00   0.0000000E+00   0.0000000E+00   0.0000000E+00
     1.1580000E+03   4.9200168E+02   1.6842555E-03   4.9200168E+02   4.9695640E+03   0.0000000E+00   0.0000000E+00   0.0000000E+00   0.0000000E+00
     1.1590000E+03   4.9200189E+02   1.8947433E-03   4.9200189E+02   6.0472178E+03   0.0000000E+00   0.0000000E+00   0.0000000E+00   0.0000000E+00
     1.1600000E+03   4.9200168E+02   1.6713822E-03   4.9200168E+02   4.9064189E+03   0.0000000E+00   0.0000000E+00   0.0000000E+00   0.0000000E+00
     1.1610000E+03   4.9200165E+02   1.6616246E-03   4.9200165E+02   4.8587720E+03   0.0000000E+00   0.0000000E+00   0.0000000E+00   0.0000000E+00
     1.1620000E+03   4.9200165E+02   1.6528962E-03   4.9200165E+02   4.8163076E+03   0.0000000E+00   0.0000000E+00   0.0000000E+00   0.0000000E+00
     1.1630000E+03   4.9200247E+02   2.4815178E-03   4.9200247E+02   9.4805596E+03   0.0000000E+00   0.0000000E+00   0.0000000E+00   0.0000000E+00
     1.1640000E+03   4.9200183E+02   1.8431243E-03   4.9200183E+02   5.7751421E+03   0.0000000E+00   0.0000000E+00   0.0000000E+00   0.0000000E+00
     1.1650000E+03   4.9200180E+02   1.8057785E-03   4.9200180E+02   5.5814336E+03   0.0000000E+00   0.0000000E+00   0.0000000E+00   0.0000000E+00
     1.1660000E+03   4.9200177E+02   1.7758730E-03   4.9200177E+02   5.4282285E+03   0.0000000E+00   0.0000000E+00   0.0000000E+00   0.0000000E+00
     1.1670000E+03   4.9200174E+02   1.7512271E-03   4.9200174E+02   5.3032539E+03   0.0000000E+00   0.0000000E+00   0.0000000E+00   0.0000000E+00
     1.1680000E+03   4.9200174E+02   1.7305040E-03   4.9200174E+02   5.1990737E+03   0.0000000E+00   0.0000000E+00   0.0000000E+00   0.0000000E+00
     1.1690000E+03   4.9200171E+02   1.7128236E-03   4.9200171E+02   5.1108452E+03   0.0000000E+00   0.0000000E+00   0.0000000E+00   0.0000000E+00
     1.1700000E+03   4.9200171E+02   1.6975706E-03   4.9200171E+02   5.0352148E+03   0.0000000E+00   0.0000000E+00   0.0000000E+00   0.0000000E+00
     1.1710000E+03   4.9200168E+02   1.6842971E-03   4.9200168E+02   4.9697681E+03   0.0000000E+00   0.0000000E+00   0.0000000E+00   0.0000000E+00
     1.1720000E+03   4.9200168E+02   1.6726624E-03   4.9200168E+02   4.9126841E+03   0.0000000E+00   0.0000000E+00   0.0000000E+00   0.0000000E+00
     1.1730000E+03   4.9200165E+02   1.6624031E-03   4.9200165E+02   4.8625664E+03   0.0000000E+00   0.0000000E+00   0.0000000E+00   0.0000000E+00
     1.1740000E+03   4.9200165E+02   1.6533092E-03   4.9200165E+02   4.8183140E+03   0.0000000E+00   0.0000000E+00   0.0000000E+00   0.0000000E+00
     1.1750000E+03   4.9200165E+02   1.6452121E-03   4.9200165E+02   4.7790483E+03   0.0000000E+00   0.0000000E+00   0.0000000E+00   0.0000000E+00
     1.1760000E+03   4.9200165E+02   1.6379714E-03   4.9200165E+02   4.7440454E+03   0.0000000E+00   0.0000000E+00   0.0000000E+00   0.0000000E+00
     1.1770000E+03   4.9200162E+02   1.6314737E-03   4.9200162E+02   4.7127207E+03   0.0000000E+00   0.0000000E+00   0.0000000E+00   0.0000000E+00
     1.1780000E+03   4.9200162E+02   1.6256218E-03   4.9200162E+02   4.6845820E+03   0.0000000E+00   0.0000000E+00   0.0000000E+00   0.0000000E+00
     1.1790000E+03   4.9200162E+02   1.6203360E-03   4.9200162E+02   4.6592222E+03   0.0000000E+00   0.0000000E+00   0.0000000E+00   0.0000000E+00
     1.1800000E+03   4.9200162E+02   1.6155468E-03   4.9200162E+02   4.6362930E+03   0.0000000E+00   0.0000000E+00   0.0000000E+00   0.0000000E+00
     1.1810000E+03   4.9200162E+02   1.6111960E-03   4.9200162E+02   4.6155015E+03   0.0000000E+00   0.0000000E+00   0.0000000E+00   0.0000000E+00
     1.1820000E+03   4.9200162E+02   1.6072333E-03   4.9200162E+02   4.5965977E+03   0.0000000E+00   0.0000000E+00   0.0000000E+00   0.0000000E+00
     1.1830000E+03   4.9200162E+02   1.6036152E-03   4.9200162E+02   4.5793647E+03   0.0000000E+00   0.0000000E+00   0.0000000E+00   0.0000000E+00
     1.1840000E+03   4.9200159E+02   1.6003046E-03   4.9200159E+02   4.5636196E+03   0.0000000E+00   0.0000000E+00   0.0000000E+00   0.0000000E+00
     1.1850000E+03   4.9200159E+02   1.5972691E-03   4.9200159E+02   4.5492007E+03   0.0000000E+00   0.0000000E+00   0.0000000E+00   0.0000000E+00
     1.1860000E+03   4.9200159E+02   1.5944788E-03   4.9200159E+02   4.5359639E+03   0.0000000E+00   0.0000000E+00   0.0000000E+00   0.0000000E+00
     1.1870000E+03   4.9200159E+02   1.5919105E-03   4.9200159E+02   4.5237930E+03   0.0000000E+00   0.0000000E+00   0.0000000E+00   0.0000000E+00
     1.1880000E+03   4.9200159E+02   1.5895414E-03   4.9200159E+02   4.5125781E+03   0.0000000E+00   0.0000000E+00   0.0000000E+00   0.0000000E+00
     1.1890000E+03   4.9200159E+02   1.5873524E-03   4.9200159E+02   4.5022251E+03   0.0000000E+00   0.0000000E+00   0.0000000E+00   0.0000000E+00
     1.1900000E+03   4.9200159E+02   1.5853262E-03   4.9200159E+02   4.4926509E+03   0.0000000E+00   0.0000000E+00   0.0000000E+00   0.0000000E+00
     1.1910000E+03   4.9200159E+02   1.5834474E-03   4.9200159E+02   4.4837808E+03   0.0000000E+00   0.0000000E+00   0.0000000E+00   0.0000000E+00
     1.1920000E+03   4.9200159E+02   1.5817032E-03   4.9200159E+02   4.4755522E+03   0.0000000E+00   0.0000000E+00   0.0000000E+00   0.0000000E+00
     1.1930000E+03   4.9200159E+02   1.5800808E-03   4.9200159E+02   4.4679038E+03   0.0000000E+00   0.0000000E+00   0.0000000E+00   0.0000000E+00
     1.1940000E+03   4.9200159E+02   1.5785703E-03   4.9200159E+02   4.4607871E+03   0.0000000E+00   0.0000000E+00   0.0000000E+00   0.0000000E+00
     1.1950000E+03   4.9200159E+02   1.5771620E-03   4.9200159E+02   4.4541562E+03   0.0000000E+00   0.0000000E+00   0.0000000E+00   0.0000000E+00
     1.1960000E+03   4.9200159E+02   1.5758465E-03   4.9200159E+02   4.4479663E+03   0.0000000E+00   0.0000000E+00   0.0000000E+00   0.0000000E+00
     1.1970000E+03   4.9200159E+02   1.5746165E-03   4.9200159E+02   4.4421816E+03   0.0000000E+00   0.0000000E+00   0.0000000E+00   0.0000000E+00
     1.1980000E+03   4.9200159E+02   1.5734648E-03   4.9200159E+02   4.4367676E+03   0.0000000E+00   0.0000000E+00   0.0000000E+00   0.0000000E+00
     1.1990000E+03   4.9200180E+02   1.7863548E-03   4.9200180E+02   5.4817324E+03   0.0000000E+00   0.0000000E+00   0.0000000E+00   0.0000000E+00
     1.2000000E+03   4.9200159E+02   1.5767700E-03   4.9200159E+02   4.4523115E+03   0.0000000E+00   0.0000000E+00   0.0000000E+00   0.0000000E+00
     1.2010000E+03   4.9200159E+02   1.5755793E-03   4.9200159E+02   4.4467095E+03   0.0000000E+00   0.0000000E+00   0.0000000E+00   0.0000000E+00
     1.2020000E+03   4.9200159E+02   1.5744561E-03   4.9200159E+02   4.4414272E+03   0.0000000E+00   0.0000000E+00   0.0000000E+00   0.0000000E+00
     1.2030000E+03   4.9200159E+02   1.5733963E-03   4.9200159E+02   4.4364453E+03   0.0000000E+00   0.0000000E+00   0.0000000E+00   0.0000000E+00
     1.2040000E+03   4.9200159E+02   1.5723953E-03   4.9200159E+02   4.4317427E+03   0.0000000E+00   0.0000000E+00   0.0000000E+00   0.0000000E+00
     1.2050000E+03   4.9200156E+02   1.5714484E-03   4.9200156E+02   4.4272959E+03   0.0000000E+00   0.0000000E+00   0.0000000E+00   0.0000000E+00
     1.2060000E+03   4.9200156E+02   1.5705526E-03   4.9200156E+02   4.4230898E+03   0.0000000E+00   0.0000000E+00   0.0000000E+00   0.0000000E+00
     1.2070000E+03   4.9200156E+02   1.5697040E-03   4.9200156E+02   4.4191074E+03   0.0000000E+00   0.0000000E+00   0.0000000E+00   0.0000000E+00
     1.2080000E+03   4.9200156E+02   1.5689002E-03   4.9200156E+02   4.4153369E+03   0.0000000E+00   0.0000000E+00   0.0000000E+00   0.0000000E+00
     1.2090000E+03   4.9200156E+02   1.5681376E-03   4.9200156E+02   4.4117598E+03   0.0000000E+00   0.0000000E+00   0.0000000E+00   0.0000000E+00
     1.2100000E+03   4.9200156E+02   1.5674145E-03   4.9200156E+02   4.4083706E+03   0.0000000E+00   0.0000000E+00   0.0000000E+00   0.0000000E+00
     1.2110000E+03   4.9200156E+02   1.5667275E-03   4.9200156E+02   4.4051504E+03   0.0000000E+00   0.0000000E+00   0.0000000E+00   0.0000000E+00
     1.2120000E+03   4.9200156E+02   1.5660748E-03   4.9200156E+02   4.4020918E+03   0.0000000E+00   0.0000000E+00   0.0000000E+00   0.0000000E+00
     1.2130000E+03   4.9200156E+02   1.5654544E-03   4.9200156E+02   4.3991860E+03   0.0000000E+00   0.0000000E+00   0.0000000E+00   0.0000000E+00
     1.2140000E+03   4.9200156E+02   1.5648649E-03   4.9200156E+02   4.3964253E+03   0.0000000E+00   0.0000000E+00   0.0000000E+00   0.0000000E+00
     1.2150000E+03   4.9200156E+02   1.5643033E-03   4.9200156E+02   4.3937959E+03   0.0000000E+00   0.0000000E+00   0.0000000E+00   0.0000000E+00
     1.2160000E+03   4.9200174E+02   1.7331499E-03   4.9200174E+02   5.2123291E+03   0.0000000E+00   0.0000000E+00   0.0000000E+00   0.0000000E+00
     1.2170000E+03   4.9200183E+02   1.8258749E-03   4.9200183E+02   5.6853428E+03   0.0000000E+00   0.0000000E+00   0.0000000E+00   0.0000000E+00
     1.2180000E+03   4.9200162E+02   1.6047666E-03   4.9200162E+02   4.5848457E+03   0.0000000E+00   0.0000000E+00   0.0000000E+00   0.0000000E+00
     1.2190000E+03   4.9200192E+02   1.9347558E-03   4.9200192E+02   6.2615508E+03   0.0000000E+00   0.0000000E+00   0.0000000E+00   0.0000000E+00
     1.2200000E+03   4.9200168E+02   1.6655709E-03   4.9200168E+02   4.8780190E+03   0.0000000E+00   0.0000000E+00   0.0000000E+00   0.0000000E+00
     1.2210000E+03   4.9200180E+02   1.7980405E-03   4.9200180E+02   5.5416284E+03   0.0000000E+00   0.0000000E+00   0.0000000E+00   0.0000000E+00
     1.2220000E+03   4.9200165E+02   1.6502398E-03   4.9200165E+02   4.8034146E+03   0.0000000E+00   0.0000000E+00   0.0000000E+00   0.0000000E+00
     1.2230000E+03   4.9200165E+02   1.6415871E-03   4.9200165E+02   4.7615117E+03   0.0000000E+00   0.0000000E+00   0.0000000E+00   0.0000000E+00
     1.2240000E+03   4.9200269E+02   2.6930068E-03   4.9200269E+02   1.0865107E+04   0.0000000E+00   0.0000000E+00   0.0000000E+00   0.0000000E+00
     1.2250000E+03   4.9200217E+02   2.1731958E-03   4.9200217E+02   7.5998154E+03   0.0000000E+00   0.0000000E+00   0.0000000E+00   0.0000000E+00
     1.2260000E+03   4.9200238E+02   2.3691193E-03   4.9200238E+02   8.7757285E+03   0.0000000E+00   0.0000000E+00   0.0000000E+00   0.0000000E+00
     1.2270000E+03   4.9200217E+02   2.1554159E-03   4.9200217E+02   7.4964702E+03   0.0000000E+00   0.0000000E+00   0.0000000E+00   0.0000000E+00
     1.2280000E+03   4.9200226E+02   2.2550460E-03   4.9200226E+02   8.0828403E+03   0.0000000E+00   0.0000000E+00   0.0000000E+00   0.0000000E+00
     1.2290000E+03   4.9200208E+02   2.0799586E-03   4.9200208E+02   7.0641968E+03   0.0000000E+00   0.0000000E+00   0.0000000E+00   0.0000000E+00
     1.2300000E+03   4.9200189E+02   1.9049426E-03   4.9200189E+02   6.1015679E+03   0.0000000E+00   0.0000000E+00   0.0000000E+00   0.0000000E+00
     1.2310000E+03   4.9200186E+02   1.8587413E-03   4.9200186E+02   5.8569277E+03   0.0000000E+00   0.0000000E+00   0.0000000E+00   0.0000000E+00
     1.2320000E+03   4.9200183E+02   1.8210761E-03   4.9200183E+02   5.6604609E+03   0.0000000E+00   0.0000000E+00   0.0000000E+00   0.0000000E+00
     1.2330000E+03   4.9200180E+02   1.7898135E-03   4.9200180E+02   5.4994331E+03   0.0000000E+00   0.0000000E+00   0.0000000E+00   0.0000000E+00
     1.2340000E+03   4.9200192E+02   1.9136835E-03   4.9200192E+02   6.1483013E+03   0.0000000E+00   0.0000000E+00   0.0000000E+00   0.0000000E+00
     1.2350000E+03   4.9200177E+02   1.7622178E-03   4.9200177E+02   5.3588418E+03   0.0000000E+00   0.0000000E+00   0.0000000E+00   0.0000000E+00
     1.2360000E+03   4.9200174E+02   1.7402340E-03   4.9200174E+02   5.2478857E+03   0.0000000E+00   0.0000000E+00   0.0000000E+00   0.0000000E+00
     1.2370000E+03   4.9200183E+02   1.8288550E-03   4.9200183E+02   5.7008169E+03   0.0000000E+00   0.0000000E+00   0.0000000E+00   0.0000000E+00
     1.2380000E+03   4.9200171E+02   1.7121178E-03   4.9200171E+02   5.1073350E+03   0.0000000E+00   0.0000000E+00   0.0000000E+00   0.0000000E+00
     1.2390000E+03   4.9200171E+02   1.6971978E-03   4.9200171E+02   5.0333726E+03   0.0000000E+00   0.0000000E+00   0.0000000E+00   0.0000000E+00
     1.2400000E+03   4.9200168E+02   1.6841174E-03   4.9200168E+02   4.9688848E+03   0.0000000E+00   0.0000000E+00   0.0000000E+00   0.0000000E+00
     1.2410000E+03   4.9200168E+02   1.6725924E-03   4.9200168E+02   4.9123403E+03   0.0000000E+00   0.0000000E+00   0.0000000E+00   0.0000000E+00
     1.2420000E+03   4.9200165E+02   1.6623926E-03   4.9200165E+02   4.8625156E+03   0.0000000E+00   0.0000000E+00   0.0000000E+00   0.0000000E+00
     1.2430000E+03   4.9200165E+02   1.6533285E-03   4.9200165E+02   4.8184082E+03   0.0000000E+00   0.0000000E+00   0.0000000E+00   0.0000000E+00
     1.2440000E+03   4.9200165E+02   1.6452431E-03   4.9200165E+02   4.7791992E+03   0.0000000E+00   0.0000000E+00   0.0000000E+00   0.0000000E+00
     1.2450000E+03   4.9200208E+02   2.0809183E-03   4.9200208E+02   7.0696294E+03   0.0000000E+00   0.0000000E+00   0.0000000E+00   0.0000000E+00
     1.2460000E+03   4.9200323E+02   3.2446613E-03   4.9200323E+02   1.4822471E+04   0.0000000E+00   0.0000000E+00   0.0000000E+00   0.0000000E+00
     1.2470000E+03   4.9200253E+02   2.5277103E-03   4.9200253E+02   9.7765078E+03   0.0000000E+00   0.0000000E+00   0.0000000E+00   0.0000000E+00
     1.2480000E+03   4.9200211E+02   2.0994898E-03   4.9200211E+02   7.1750986E+03   0.0000000E+00   0.0000000E+00   0.0000000E+00   0.0000000E+00
     1.2490000E+03   4.9200220E+02   2.2069826E-03   4.9200220E+02   7.7977593E+03   0.0000000E+00   0.0000000E+00   0.0000000E+00   0.0000000E+00
     1.2500000E+03   4.9200232E+02   2.3091217E-03   4.9200232E+02   8.4084580E+03   0.0000000E+00   0.0000000E+00   0.0000000E+00   0.0000000E+00
     1.2510000E+03   4.9200198E+02   1.9881520E-03   4.9200198E+02   6.5522080E+03   0.0000000E+00   0.0000000E+00   0.0000000E+00   0.0000000E+00
     1.2520000E+03   4.9200226E+02   2.2478623E-03   4.9200226E+02   8.0399712E+03   0.0000000E+00   0.0000000E+00   0.0000000E+00   0.0000000E+00
     1.2530000E+03   4.9200195E+02   1.9510533E-03   4.9200195E+02   6.3497041E+03   0.0000000E+00   0.0000000E+00   0.0000000E+00   0.0000000E+00
     1.2540000E+03   4.9200189E+02   1.8956074E-03   4.9200189E+02   6.0518154E+03   0.0000000E+00   0.0000000E+00   0.0000000E+00   0.0000000E+00
     1.2550000E+03   4.9200186E+02   1.8509515E-03   4.9200186E+02   5.8160752E+03   0.0000000E+00   0.0000000E+00   0.0000000E+00   0.0000000E+00
     1.2560000E+03   4.9200195E+02   1.9522774E-03   4.9200195E+02   6.3563457E+03   0.0000000E+00   0.0000000E+00   0.0000000E+00   0.0000000E+00
     1.2570000E+03   4.9200180E+02   1.7927251E-03   4.9200180E+02   5.5143511E+03   0.0000000E+00   0.0000000E+00   0.0000000E+00   0.0000000E+00
     1.2580000E+03   4.9200177E+02   1.7660238E-03   4.9200177E+02   5.3781455E+03   0.0000000E+00   0.0000000E+00   0.0000000E+00   0.0000000E+00
     1.2590000E+03   4.9200174E+02   1.7433099E-03   4.9200174E+02   5.2633545E+03   0.0000000E+00   0.0000000E+00   0.0000000E+00   0.0000000E+00
     1.2600000E+03   4.9200171E+02   1.7238315E-03   4.9200171E+02   5.1657056E+03   0.0000000E+00   0.0000000E+00   0.0000000E+00   0.0000000E+00
     1.2610000E+03   4.9200171E+02   1.7070097E-03   4.9200171E+02   5.0819648E+03   0.0000000E+00   0.0000000E+00   0.0000000E+00   0.0000000E+00
     1.2620000E+03   4.9200168E+02   1.6923903E-03   4.9200168E+02   5.0096323E+03   0.0000000E+00   0.0000000E+00   0.0000000E+00   0.0000000E+00
     1.2630000E+03   4.9200168E+02   1.6796122E-03   4.9200168E+02   4.9467505E+03   0.0000000E+00   0.0000000E+00   0.0000000E+00   0.0000000E+00
     1.2640000E+03   4.9200168E+02   1.6683857E-03   4.9200168E+02   4.8917661E+03   0.0000000E+00   0.0000000E+00   0.0000000E+00   0.0000000E+00
     1.2650000E+03   4.9200165E+02   1.6584744E-03   4.9200165E+02   4.8434292E+03   0.0000000E+00   0.0000000E+00   0.0000000E+00   0.0000000E+00
     1.2660000E+03   4.9200165E+02   1.6496857E-03   4.9200165E+02   4.8007266E+03   0.0000000E+00   0.0000000E+00   0.0000000E+00   0.0000000E+00
     1.2670000E+03   4.9200165E+02   1.6418605E-03   4.9200165E+02   4.7628335E+03   0.0000000E+00   0.0000000E+00   0.0000000E+00   0.0000000E+00
     1.2680000E+03   4.9200165E+02   1.6348667E-03   4.9200165E+02   4.7290679E+03   0.0000000E+00   0.0000000E+00   0.0000000E+00   0.0000000E+00
     1.2690000E+03   4.9200162E+02   1.6285935E-03   4.9200162E+02   4.6988633E+03   0.0000000E+00   0.0000000E+00   0.0000000E+00   0.0000000E+00
     1.2700000E+03   4.9200162E+02   1.6229476E-03   4.9200162E+02   4.6717446E+03   0.0000000E+00   0.0000000E+00   0.0000000E+00   0.0000000E+00
     1.2710000E+03   4.9200162E+02   1.6178506E-03   4.9200162E+02   4.6473174E+03   0.0000000E+00   0.0000000E+00   0.0000000E+00   0.0000000E+00
     1.2720000E+03   4.9200183E+02   1.8447376E-03   4.9200183E+02   5.7835693E+03   0.0000000E+00   0.0000000E+00   0.0000000E+00   0.0000000E+00
     1.2730000E+03   4.9200238E+02   2.3935060E-03   4.9200238E+02   8.9267998E+03   0.0000000E+00   0.0000000E+00   0.0000000E+00   0.0000000E+00
     1.2740000E+03   4.9200183E+02   1.8398883E-03   4.9200183E+02   5.7582524E+03   0.0000000E+00   0.0000000E+00   0.0000000E+00   0.0000000E+00
     1.2750000E+03   4.9200180E+02   1.8010325E-03   4.9200180E+02   5.5570059E+03   0.0000000E+00   0.0000000E+00   0.0000000E+00   0.0000000E+00
     1.2760000E+03   4.9200290E+02   2.9025828E-03   4.9200290E+02   1.2310604E+04   0.0000000E+00   0.0000000E+00   0.0000000E+00   0.0000000E+00
     1.2770000E+03   4.9200204E+02   2.0309624E-03   4.9200204E+02   6.7890356E+03   0.0000000E+00   0.0000000E+00   0.0000000E+00   0.0000000E+00
     1.2780000E+03   4.9200336E+02   3.3664352E-03   4.9200336E+02   1.5761180E+04   0.0000000E+00   0.0000000E+00   0.0000000E+00   0.0000000E+00
     1.2790000E+03   4.9200296E+02   2.9525766E-03   4.9200296E+02   1.2666023E+04   0.0000000E+00   0.0000000E+00   0.0000000E+00   0.0000000E+00
     1.2800000E+03   4.9200229E+02   2.2742141E-03   4.9200229E+02   8.1976719E+03   0.0000000E+00   0.0000000E+00   0.0000000E+00   0.0000000E+00
     1.2810000E+03   4.9200241E+02   2.4160796E-03   4.9200241E+02   9.0675576E+03   0.0000000E+00   0.0000000E+00   0.0000000E+00   0.0000000E+00
     1.2820000E+03   4.9200241E+02   2.3973810E-03   4.9200241E+02   8.9509004E+03   0.0000000E+00   0.0000000E+00   0.0000000E+00   0.0000000E+00
     1.2830000E+03   4.9200204E+02   2.0581747E-03   4.9200204E+02   6.9413193E+03   0.0000000E+00   0.0000000E+00   0.0000000E+00   0.0000000E+00
     1.2840000E+03   4.9200198E+02   1.9807073E-03   4.9200198E+02   6.5113657E+03   0.0000000E+00   0.0000000E+00   0.0000000E+00   0.0000000E+00
     1.2850000E+03   4.9200192E+02   1.9195599E-03   4.9200192E+02   6.1798003E+03   0.0000000E+00   0.0000000E+00   0.0000000E+00   0.0000000E+00
     1.2860000E+03   4.9200186E+02   1.8703314E-03   4.9200186E+02   5.9179219E+03   0.0000000E+00   0.0000000E+00   0.0000000E+00   0.0000000E+00
     1.2870000E+03   4.9200183E+02   1.8300489E-03   4.9200183E+02   5.7070205E+03   0.0000000E+00   0.0000000E+00   0.0000000E+00   0.0000000E+00
     1.2880000E+03   4.9200180E+02   1.7966907E-03   4.9200180E+02   5.5346973E+03   0.0000000E+00   0.0000000E+00   0.0000000E+00   0.0000000E+00
     1.2890000E+03   4.9200177E+02   1.7687542E-03   4.9200177E+02   5.3920112E+03   0.0000000E+00   0.0000000E+00   0.0000000E+00   0.0000000E+00
     1.2900000E+03   4.9200174E+02   1.7451319E-03   4.9200174E+02   5.2725259E+03   0.0000000E+00   0.0000000E+00   0.0000000E+00   0.0000000E+00
     1.2910000E+03   4.9200174E+02   1.7249873E-03   4.9200174E+02   5.1714795E+03   0.0000000E+00   0.0000000E+00   0.0000000E+00   0.0000000E+00
     1.2920000E+03   4.9200171E+02   1.7076787E-03   4.9200171E+02   5.0852842E+03   0.0000000E+00   0.0000000E+00   0.0000000E+00   0.0000000E+00
     1.2930000E+03   4.9200168E+02   1.6927033E-03   4.9200168E+02   5.0111768E+03   0.0000000E+00   0.0000000E+00   0.0000000E+00   0.0000000E+00
     1.2940000E+03   4.9200168E+02   1.6796668E-03   4.9200168E+02   4.9470186E+03   0.0000000E+00   0.0000000E+00   0.0000000E+00   0.0000000E+00
     1.2950000E+03   4.9200168E+02   1.6682532E-03   4.9200168E+02   4.8911191E+03   0.0000000E+00   0.0000000E+00   0.0000000E+00   0.0000000E+00
     1.2960000E+03   4.9200165E+02   1.6582080E-03   4.9200165E+02   4.8421323E+03   0.0000000E+00   0.0000000E+00   0.0000000E+00   0.0000000E+00
     1.2970000E+03   4.9200165E+02   1.6493251E-03   4.9200165E+02   4.7989780E+03   0.0000000E+00   0.0000000E+00   0.0000000E+00   0.0000000E+00
     1.2980000E+03   4.9200165E+02   1.6414355E-03   4.9200165E+02   4.7607788E+03   0.0000000E+00   0.0000000E+00   0.0000000E+00   0.0000000E+00
     1.2990000E+03   4.9200180E+02   1.8011546E-03   4.9200180E+02   5.5576343E+03   0.0000000E+00   0.0000000E+00   0.0000000E+00   0.0000000E+00
     1.3000000E+03   4.9200162E+02   1.6312387E-03   4.9200162E+02   4.7115903E+03   0.0000000E+00   0.0000000E+00   0.0000000E+00   0.0000000E+00
     1.3010000E+03   4.9200162E+02   1.6255374E-03   4.9200162E+02   4.6841763E+03   0.0000000E+00   0.0000000E+00   0.0000000E+00   0.0000000E+00
     1.3020000E+03   4.9200183E+02   1.8438066E-03   4.9200183E+02   5.7787056E+03   0.0000000E+00   0.0000000E+00   0.0000000E+00   0.0000000E+00
     1.3030000E+03   4.9200317E+02   3.1706949E-03   4.9200317E+02   1.4263598E+04   0.0000000E+00   0.0000000E+00   0.0000000E+00   0.0000000E+00
     1.3040000E+03   4.9200198E+02   1.9970487E-03   4.9200198E+02   6.6011465E+03   0.0000000E+00   0.0000000E+00   0.0000000E+00   0.0000000E+00
     1.3050000E+03   4.9200192E+02   1.9294975E-03   4.9200192E+02   6.2332134E+03   0.0000000E+00   0.0000000E+00   0.0000000E+00   0.0000000E+00
     1.3060000E+03   4.9200189E+02   1.8774356E-03   4.9200189E+02   5.9554336E+03   0.0000000E+00   0.0000000E+00   0.0000000E+00   0.0000000E+00
     1.3070000E+03   4.9200183E+02   1.8358334E-03   4.9200183E+02   5.7371172E+03   0.0000000E+00   0.0000000E+00   0.0000000E+00   0.0000000E+00
     1.3080000E+03   4.9200180E+02   1.8017760E-03   4.9200180E+02   5.5608301E+03   0.0000000E+00   0.0000000E+00   0.0000000E+00   0.0000000E+00
     1.3090000E+03   4.9200177E+02   1.7734100E-03   4.9200177E+02   5.4156870E+03   0.0000000E+00   0.0000000E+00   0.0000000E+00   0.0000000E+00
     1.3100000E+03   4.9200174E+02   1.7494733E-03   4.9200174E+02   5.2944053E+03   0.0000000E+00   0.0000000E+00   0.0000000E+00   0.0000000E+00
     1.3110000E+03   4.9200174E+02   1.7290636E-03   4.9200174E+02   5.1918628E+03   0.0000000E+00   0.0000000E+00   0.0000000E+00   0.0000000E+00
     1.3120000E+03   4.9200171E+02   1.7115106E-03   4.9200171E+02   5.1043164E+03   0.0000000E+00   0.0000000E+00   0.0000000E+00   0.0000000E+00
     1.3130000E+03   4.9200171E+02   1.6963023E-03   4.9200171E+02   5.0289468E+03   0.0000000E+00   0.0000000E+00   0.0000000E+00   0.0000000E+00
     1.3140000E+03   4.9200168E+02   1.6830408E-03   4.9200168E+02   4.9635913E+03   0.0000000E+00   0.0000000E+00   0.0000000E+00   0.0000000E+00
     1.3150000E+03   4.9200168E+02   1.6714103E-03   4.9200168E+02   4.9065557E+03   0.0000000E+00   0.0000000E+00   0.0000000E+00   0.0000000E+00
     1.3160000E+03   4.9200189E+02   1.8827409E-03   4.9200189E+02   5.9835083E+03   0.0000000E+00   0.0000000E+00   0.0000000E+00   0.0000000E+00
     1.3170000E+03   4.9200168E+02   1.6639115E-03   4.9200168E+02   4.8699219E+03   0.0000000E+00   0.0000000E+00   0.0000000E+00   0.0000000E+00
     1.3180000E+03   4.9200165E+02   1.6549430E-03   4.9200165E+02   4.8262524E+03   0.0000000E+00   0.0000000E+00   0.0000000E+00   0.0000000E+00
     1.3190000E+03   4.9200165E+02   1.6469033E-03   4.9200165E+02   4.7872393E+03   0.0000000E+00   0.0000000E+00   0.0000000E+00   0.0000000E+00
     1.3200000E+03   4.9200165E+02   1.6396737E-03   4.9200165E+02   4.7522656E+03   0.0000000E+00   0.0000000E+00   0.0000000E+00   0.0000000E+00
     1.3210000E+03   4.9200165E+02   1.6331543E-03   4.9200165E+02   4.7208154E+03   0.0000000E+00   0.0000000E+00   0.0000000E+00   0.0000000E+00
     1.3220000E+03   4.9200162E+02   1.6272601E-03   4.9200162E+02   4.6924531E+03   0.0000000E+00   0.0000000E+00   0.0000000E+00   0.0000000E+00
     1.3230000E+03   4.9200162E+02   1.6219168E-03   4.9200162E+02   4.6668008E+03   0.0000000E+00   0.0000000E+00   0.0000000E+00   0.0000000E+00
     1.3240000E+03   4.9200162E+02   1.6170618E-03   4.9200162E+02   4.6435410E+03   0.0000000E+00   0.0000000E+00   0.0000000E+00   0.0000000E+00
     1.3250000E+03   4.9200162E+02   1.6126400E-03   4.9200162E+02   4.6223979E+03   0.0000000E+00   0.0000000E+00   0.0000000E+00   0.0000000E+00
     1.3260000E+03   4.9200162E+02   1.6086043E-03   4.9200162E+02   4.6031348E+03   0.0000000E+00   0.0000000E+00   0.0000000E+00   0.0000000E+00
     1.3270000E+03   4.9200162E+02   1.6049137E-03   4.9200162E+02   4.5855469E+03   0.0000000E+00   0.0000000E+00   0.0000000E+00   0.0000000E+00
     1.3280000E+03   4.9200159E+02   1.6015311E-03   4.9200159E+02   4.5694497E+03   0.0000000E+00   0.0000000E+00   0.0000000E+00   0.0000000E+00
     1.3290000E+03   4.9200159E+02   1.5984257E-03   4.9200159E+02   4.5546924E+03   0.0000000E+00   0.0000000E+00   0.0000000E+00   0.0000000E+00
     1.3300000E+03   4.9200159E+02   1.5955684E-03   4.9200159E+02   4.5411309E+03   0.0000000E+00   0.0000000E+00   0.0000000E+00   0.0000000E+00
     1.3310000E+03   4.9200159E+02   1.5929360E-03   4.9200159E+02   4.5286509E+03   0.0000000E+00   0.0000000E+00   0.0000000E+00   0.0000000E+00
     1.3320000E+03   4.9200159E+02   1.5905056E-03   4.9200159E+02   4.5171406E+03   0.0000000E+00   0.0000000E+00   0.0000000E+00   0.0000000E+00
     1.3330000E+03   4.9200159E+02   1.5882583E-03   4.9200159E+02   4.5065088E+03   0.0000000E+00   0.0000000E+00   0.0000000E+00   0.0000000E+00
     1.3340000E+03   4.9200159E+02   1.5861777E-03   4.9200159E+02   4.4966738E+03   0.0000000E+00   0.0000000E+00   0.0000000E+00   0.0000000E+00
     1.3350000E+03   4.9200159E+02   1.5842473E-03   4.9200159E+02   4.4875566E+03   0.0000000E+00   0.0000000E+00   0.0000000E+00   0.0000000E+00
     1.3360000E+03   4.9200159E+02   1.5824548E-03   4.9200159E+02   4.4790972E+03   0.0000000E+00   0.0000000E+00   0.0000000E+00   0.0000000E+00
     1.3370000E+03   4.9200159E+02   1.5807874E-03   4.9200159E+02   4.4712339E+03   0.0000000E+00   0.0000000E+00   0.0000000E+00   0.0000000E+00
     1.3380000E+03   4.9200159E+02   1.5792339E-03   4.9200159E+02   4.4639131E+03   0.0000000E+00   0.0000000E+00   0.0000000E+00   0.0000000E+00
     1.3390000E+03   4.9200159E+02   1.5777850E-03   4.9200159E+02   4.4570889E+03   0.0000000E+00   0.0000000E+00   0.0000000E+00   0.0000000E+00
     1.3400000E+03   4.9200159E+02   1.5764316E-03   4.9200159E+02   4.4507192E+03   0.0000000E+00   0.0000000E+00   0.0000000E+00   0.0000000E+00
     1.3410000E+03   4.9200159E+02   1.5751660E-03   4.9200159E+02   4.4447651E+03   0.0000000E+00   0.0000000E+00   0.0000000E+00   0.0000000E+00
     1.3420000E+03   4.9200159E+02   1.5739814E-03   4.9200159E+02   4.4391953E+03   0.0000000E+00   0.0000000E+00   0.0000000E+00   0.0000000E+00
     1.3430000E+03   4.9200159E+02   1.5726943E-03   4.9200159E+02   4.4331475E+03   0.0000000E+00   0.0000000E+00   0.0000000E+00   0.0000000E+00
     1.3440000E+03   4.9200156E+02   1.5715588E-03   4.9200156E+02   4.4278140E+03   0.0000000E+00   0.0000000E+00   0.0000000E+00   0.0000000E+00
     1.3450000E+03   4.9200156E+02   1.5705000E-03   4.9200156E+02   4.4228428E+03   0.0000000E+00   0.0000000E+00   0.0000000E+00   0.0000000E+00
     1.3460000E+03   4.9200156E+02   1.5676643E-03   4.9200156E+02   4.4095415E+03   0.0000000E+00   0.0000000E+00   0.0000000E+00   0.0000000E+00
     1.3470000E+03   4.9200156E+02   1.5639798E-03   4.9200156E+02   4.3922812E+03   0.0000000E+00   0.0000000E+00   0.0000000E+00   0.0000000E+00
     1.3480000E+03   4.9200156E+02   1.5566379E-03   4.9200156E+02   4.3579707E+03   0.0000000E+00   0.0000000E+00   0.0000000E+00   0.0000000E+00
     1.3490000E+03   4.9200156E+02   1.5489636E-03   4.9200156E+02   4.3222207E+03   0.0000000E+00   0.0000000E+00   0.0000000E+00   0.0000000E+00
     1.3500000E+03   4.9200156E+02   1.5489174E-03   4.9200156E+02   4.3220063E+03   0.0000000E+00   0.0000000E+00   0.0000000E+00   0.0000000E+00
     1.3510000E+03   4.9200156E+02   1.5488758E-03   4.9200156E+02   4.3218130E+03   0.0000000E+00   0.0000000E+00   0.0000000E+00   0.0000000E+00
     1.3520000E+03   4.9200156E+02   1.5488382E-03   4.9200156E+02   4.3216382E+03   0.0000000E+00   0.0000000E+00   0.0000000E+00   0.0000000E+00
     1.3530000E+03   4.9200156E+02   1.5488042E-03   4.9200156E+02   4.3214800E+03   0.0000000E+00   0.0000000E+00   0.0000000E+00   0.0000000E+00
     1.3540000E+03   4.9200156E+02   1.5487736E-03   4.9200156E+02   4.3213374E+03   0.0000000E+00   0.0000000E+00   0.0000000E+00   0.0000000E+00
     1.3550000E+03   4.9200156E+02   1.5487464E-03   4.9200156E+02   4.3212109E+03   0.0000000E+00   0.0000000E+00   0.0000000E+00   0.0000000E+00
     1.3560000E+03   4.9200156E+02   1.5487210E-03   4.9200156E+02   4.3210933E+03   0.0000000E+00   0.0000000E+00   0.0000000E+00   0.0000000E+00
     1.3570000E+03   4.9200156E+02   1.5486985E-03   4.9200156E+02   4.3209883E+03   0.0000000E+00   0.0000000E+00   0.0000000E+00   0.0000000E+00
     1.3580000E+03   4.9200156E+02   1.5486783E-03   4.9200156E+02   4.3208945E+03   0.0000000E+00   0.0000000E+00   0.0000000E+00   0.0000000E+00
     1.3590000E+03   4.9200156E+02   1.5486598E-03   4.9200156E+02   4.3208086E+03   0.0000000E+00   0.0000000E+00   0.0000000E+00   0.0000000E+00
     1.3600000E+03   4.9200156E+02   1.5486431E-03   4.9200156E+02   4.3207305E+03   0.0000000E+00   0.0000000E+00   0.0000000E+00   0.0000000E+00
     1.3610000E+03   4.9200156E+02   1.5486281E-03   4.9200156E+02   4.3206606E+03   0.0000000E+00   0.0000000E+00   0.0000000E+00   0.0000000E+00
     1.3620000E+03   4.9200156E+02   1.5486147E-03   4.9200156E+02   4.3205986E+03   0.0000000E+00   0.0000000E+00   0.0000000E+00   0.0000000E+00
     1.3630000E+03   4.9200156E+02   1.5486026E-03   4.9200156E+02   4.3205425E+03   0.0000000E+00   0.0000000E+00   0.0000000E+00   0.0000000E+00
     1.3640000E+03   4.9200156E+02   1.5485911E-03   4.9200156E+02   4.3204888E+03   0.0000000E+00   0.0000000E+00   0.0000000E+00   0.0000000E+00
     1.3650000E+03   4.9200156E+02   1.5485813E-03   4.9200156E+02   4.3204429E+03   0.0000000E+00   0.0000000E+00   0.0000000E+00   0.0000000E+00
     1.3660000E+03   4.9200156E+02   1.5485720E-03   4.9200156E+02   4.3204004E+03   0.0000000E+00   0.0000000E+00   0.0000000E+00   0.0000000E+00
     1.3670000E+03   4.9200156E+02   1.5485639E-03   4.9200156E+02   4.3203623E+03   0.0000000E+00   0.0000000E+00   0.0000000E+00   0.0000000E+00
     1.3680000E+03   4.9200156E+02   1.5485564E-03   4.9200156E+02   4.3203276E+03   0.0000000E+00   0.0000000E+00   0.0000000E+00   0.0000000E+00
     1.3690000E+03   4.9200156E+02   1.5485495E-03   4.9200156E+02   4.3202954E+03   0.0000000E+00   0.0000000E+00   0.0000000E+00   0.0000000E+00
     1.3700000E+03   4.9200156E+02   1.5485437E-03   4.9200156E+02   4.3202686E+03   0.0000000E+00   0.0000000E+00   0.0000000E+00   0.0000000E+00
     1.3710000E+03   4.9200156E+02   1.5485380E-03   4.9200156E+02   4.3202417E+03   0.0000000E+00   0.0000000E+00   0.0000000E+00   0.0000000E+00
     1.3720000E+03   4.9200156E+02   1.5485333E-03   4.9200156E+02   4.3202202E+03   0.0000000E+00   0.0000000E+00   0.0000000E+00   0.0000000E+00
     1.3730000E+03   4.9200156E+02   1.5485287E-03   4.9200156E+02   4.3201987E+03   0.0000000E+00   0.0000000E+00   0.0000000E+00   0.0000000E+00
     1.3740000E+03   4.9200156E+02   1.5485246E-03   4.9200156E+02   4.3201797E+03   0.0000000E+00   0.0000000E+00   0.0000000E+00   0.0000000E+00
     1.3750000E+03   4.9200156E+02   1.5485211E-03   4.9200156E+02   4.3201636E+03   0.0000000E+00   0.0000000E+00   0.0000000E+00   0.0000000E+00
     1.3760000E+03   4.9200156E+02   1.5485177E-03   4.9200156E+02   4.3201475E+03   0.0000000E+00   0.0000000E+00   0.0000000E+00   0.0000000E+00
     1.3770000E+03   4.9200156E+02   1.5485148E-03   4.9200156E+02   4.3201343E+03   0.0000000E+00   0.0000000E+00   0.0000000E+00   0.0000000E+00
     1.3780000E+03   4.9200156E+02   1.5485119E-03   4.9200156E+02   4.3201206E+03   0.0000000E+00   0.0000000E+00   0.0000000E+00   0.0000000E+00
     1.3790000E+03   4.9200156E+02   1.5485096E-03   4.9200156E+02   4.3201099E+03   0.0000000E+00   0.0000000E+00   0.0000000E+00   0.0000000E+00
     1.3800000E+03   4.9200156E+02   1.5485073E-03   4.9200156E+02   4.3200991E+03   0.0000000E+00   0.0000000E+00   0.0000000E+00   0.0000000E+00
     1.3810000E+03   4.9200156E+02   1.5485050E-03   4.9200156E+02   4.3200889E+03   0.0000000E+00   0.0000000E+00   0.0000000E+00   0.0000000E+00
     1.3820000E+03   4.9200156E+02   1.5485033E-03   4.9200156E+02   4.3200806E+03   0.0000000E+00   0.0000000E+00   0.0000000E+00   0.0000000E+00
     1.3830000E+03   4.9200156E+02   1.5485015E-03   4.9200156E+02   4.3200728E+03   0.0000000E+00   0.0000000E+00   0.0000000E+00   0.0000000E+00
     1.3840000E+03   4.9200156E+02   1.5485004E-03   4.9200156E+02   4.3200669E+03   0.0000000E+00   0.0000000E+00   0.0000000E+00   0.0000000E+00
     1.3850000E+03   4.9200156E+02   1.5484986E-03   4.9200156E+02   4.3200591E+03   0.0000000E+00   0.0000000E+00   0.0000000E+00   0.0000000E+00
     1.3860000E+03   4.9200156E+02   1.5484975E-03   4.9200156E+02   4.3200537E+03   0.0000000E+00   0.0000000E+00   0.0000000E+00   0.0000000E+00
     1.3870000E+03   4.9200156E+02   1.5484963E-03   4.9200156E+02   4.3200483E+03   0.0000000E+00   0.0000000E+00   0.0000000E+00   0.0000000E+00
     1.3880000E+03   4.9200156E+02   1.5484953E-03   4.9200156E+02   4.3200430E+03   0.0000000E+00   0.0000000E+00   0.0000000E+00   0.0000000E+00
     1.3890000E+03   4.9200156E+02   1.5484946E-03   4.9200156E+02   4.3200400E+03   0.0000000E+00   0.0000000E+00   0.0000000E+00   0.0000000E+00
     1.3900000E+03   4.9200174E+02   1.7358591E-03   4.9200174E+02   5.2259155E+03   0.0000000E+00   0.0000000E+00   0.0000000E+00   0.0000000E+00
     1.3910000E+03   4.9200156E+02   1.5677171E-03   4.9200156E+02   4.4097886E+03   0.0000000E+00   0.0000000E+00   0.0000000E+00   0.0000000E+00
     1.3920000E+03   4.9200156E+02   1.5670828E-03   4.9200156E+02   4.4068154E+03   0.0000000E+00   0.0000000E+00   0.0000000E+00   0.0000000E+00
     1.3930000E+03   4.9200156E+02   1.5664730E-03   4.9200156E+02   4.4039585E+03   0.0000000E+00   0.0000000E+00   0.0000000E+00   0.0000000E+00
     1.3940000E+03   4.9200156E+02   1.5657640E-03   4.9200156E+02   4.4006362E+03   0.0000000E+00   0.0000000E+00   0.0000000E+00   0.0000000E+00
     1.3950000E+03   4.9200156E+02   1.5651326E-03   4.9200156E+02   4.3976792E+03   0.0000000E+00   0.0000000E+00   0.0000000E+00   0.0000000E+00
     1.3960000E+03   4.9200156E+02   1.5645316E-03   4.9200156E+02   4.3948652E+03   0.0000000E+00   0.0000000E+00   0.0000000E+00   0.0000000E+00
     1.3970000E+03   4.9200156E+02   1.5603848E-03   4.9200156E+02   4.3754673E+03   0.0000000E+00   0.0000000E+00   0.0000000E+00   0.0000000E+00
     1.3980000E+03   4.9200156E+02   1.5599830E-03   4.9200156E+02   4.3735898E+03   0.0000000E+00   0.0000000E+00   0.0000000E+00   0.0000000E+00
     1.3990000E+03   4.9200156E+02   1.5595985E-03   4.9200156E+02   4.3717935E+03   0.0000000E+00   0.0000000E+00   0.0000000E+00   0.0000000E+00
     1.4000000E+03   4.9200156E+02   1.5541301E-03   4.9200156E+02   4.3462754E+03   0.0000000E+00   0.0000000E+00   0.0000000E+00   0.0000000E+00
     1.4010000E+03   4.9200156E+02   1.5539537E-03   4.9200156E+02   4.3454536E+03   0.0000000E+00   0.0000000E+00   0.0000000E+00   0.0000000E+00
     1.4020000E+03   4.9200156E+02   1.5537838E-03   4.9200156E+02   4.3446611E+03   0.0000000E+00   0.0000000E+00   0.0000000E+00   0.0000000E+00
     1.4030000E+03   4.9200156E+02   1.5536201E-03   4.9200156E+02   4.3438984E+03   0.0000000E+00   0.0000000E+00   0.0000000E+00   0.0000000E+00
     1.4040000E+03   4.9200156E+02   1.5487360E-03   4.9200156E+02   4.3211631E+03   0.0000000E+00   0.0000000E+00   0.0000000E+00   0.0000000E+00
     1.4050000E+03   4.9200156E+02   1.5487124E-03   4.9200156E+02   4.3210527E+03   0.0000000E+00   0.0000000E+00   0.0000000E+00   0.0000000E+00
     1.4060000E+03   4.9200156E+02   1.5486904E-03   4.9200156E+02   4.3209507E+03   0.0000000E+00   0.0000000E+00   0.0000000E+00   0.0000000E+00
     1.4070000E+03   4.9200156E+02   1.5486708E-03   4.9200156E+02   4.3208594E+03   0.0000000E+00   0.0000000E+00   0.0000000E+00   0.0000000E+00
     1.4080000E+03   4.9200156E+02   1.5486535E-03   4.9200156E+02   4.3207788E+03   0.0000000E+00   0.0000000E+00   0.0000000E+00   0.0000000E+00
     1.4090000E+03   4.9200156E+02   1.5486373E-03   4.9200156E+02   4.3207036E+03   0.0000000E+00   0.0000000E+00   0.0000000E+00   0.0000000E+00
     1.4100000E+03   4.9200156E+02   1.5486229E-03   4.9200156E+02   4.3206362E+03   0.0000000E+00   0.0000000E+00   0.0000000E+00   0.0000000E+00
     1.4110000E+03   4.9200156E+02   1.5486096E-03   4.9200156E+02   4.3205747E+03   0.0000000E+00   0.0000000E+00   0.0000000E+00   0.0000000E+00
     1.4120000E+03   4.9200156E+02   1.5485979E-03   4.9200156E+02   4.3205210E+03   0.0000000E+00   0.0000000E+00   0.0000000E+00   0.0000000E+00
     1.4130000E+03   4.9200156E+02   1.5485870E-03   4.9200156E+02   4.3204702E+03   0.0000000E+00   0.0000000E+00   0.0000000E+00   0.0000000E+00
     1.4140000E+03   4.9200156E+02   1.5485772E-03   4.9200156E+02   4.3204243E+03   0.0000000E+00   0.0000000E+00   0.0000000E+00   0.0000000E+00
     1.4150000E+03   4.9200156E+02   1.5485686E-03   4.9200156E+02   4.3203843E+03   0.0000000E+00   0.0000000E+00   0.0000000E+00   0.0000000E+00
     1.4160000E+03   4.9200156E+02   1.5485610E-03   4.9200156E+02   4.3203491E+03   0.0000000E+00   0.0000000E+00   0.0000000E+00   0.0000000E+00
     1.4170000E+03   4.9200156E+02   1.5485536E-03   4.9200156E+02   4.3203145E+03   0.0000000E+00   0.0000000E+00   0.0000000E+00   0.0000000E+00
     1.4180000E+03   4.9200156E+02   1.5485472E-03   4.9200156E+02   4.3202847E+03   0.0000000E+00   0.0000000E+00   0.0000000E+00   0.0000000E+00
     1.4190000E+03   4.9200156E+02   1.5485414E-03   4.9200156E+02   4.3202578E+03   0.0000000E+00   0.0000000E+00   0.0000000E+00   0.0000000E+00
     1.4200000E+03   4.9200156E+02   1.5485362E-03   4.9200156E+02   4.3202334E+03   0.0000000E+00   0.0000000E+00   0.0000000E+00   0.0000000E+00
     1.4210000E+03   4.9200156E+02   1.5485316E-03   4.9200156E+02   4.3202119E+03   0.0000000E+00   0.0000000E+00   0.0000000E+00   0.0000000E+00
     1.4220000E+03   4.9200156E+02   1.5485269E-03   4.9200156E+02   4.3201909E+03   0.0000000E+00   0.0000000E+00   0.0000000E+00   0.0000000E+00
     1.4230000E+03   4.9200156E+02   1.5485230E-03   4.9200156E+02   4.3201719E+03   0.0000000E+00   0.0000000E+00   0.0000000E+00   0.0000000E+00
     1.4240000E+03   4.9200156E+02   1.5485195E-03   4.9200156E+02   4.3201558E+03   0.0000000E+00   0.0000000E+00   0.0000000E+00   0.0000000E+00
     1.4250000E+03   4.9200156E+02   1.5485166E-03   4.9200156E+02   4.3201421E+03   0.0000000E+00   0.0000000E+00   0.0000000E+00   0.0000000E+00
     1.4260000E+03   4.9200156E+02   1.5485137E-03   4.9200156E+02   4.3201289E+03   0.0000000E+00   0.0000000E+00   0.0000000E+00   0.0000000E+00
     1.4270000E+03   4.9200156E+02   1.5485107E-03   4.9200156E+02   4.3201157E+03   0.0000000E+00   0.0000000E+00   0.0000000E+00   0.0000000E+00
     1.4280000E+03   4.9200156E+02   1.5485085E-03   4.9200156E+02   4.3201045E+03   0.0000000E+00   0.0000000E+00   0.0000000E+00   0.0000000E+00
     1.4290000E+03   4.9200156E+02   1.5485062E-03   4.9200156E+02   4.3200942E+03   0.0000000E+00   0.0000000E+00   0.0000000E+00   0.0000000E+00
     1.4300000E+03   4.9200156E+02   1.5485045E-03   4.9200156E+02   4.3200859E+03   0.0000000E+00   0.0000000E+00   0.0000000E+00   0.0000000E+00
     1.4310000E+03   4.9200156E+02   1.5485027E-03   4.9200156E+02   4.3200776E+03   0.0000000E+00   0.0000000E+00   0.0000000E+00   0.0000000E+00
     1.4320000E+03   4.9200156E+02   1.5485010E-03   4.9200156E+02   4.3200698E+03   0.0000000E+00   0.0000000E+00   0.0000000E+00   0.0000000E+00
     1.4330000E+03   4.9200156E+02   1.5484998E-03   4.9200156E+02   4.3200645E+03   0.0000000E+00   0.0000000E+00   0.0000000E+00   0.0000000E+00
     1.4340000E+03   4.9200156E+02   1.5484981E-03   4.9200156E+02   4.3200566E+03   0.0000000E+00   0.0000000E+00   0.0000000E+00   0.0000000E+00
     1.4350000E+03   4.9200156E+02   1.5484969E-03   4.9200156E+02   4.3200513E+03   0.0000000E+00   0.0000000E+00   0.0000000E+00   0.0000000E+00
     1.4360000E+03   4.9200156E+02   1.5484958E-03   4.9200156E+02   4.3200459E+03   0.0000000E+00   0.0000000E+00   0.0000000E+00   0.0000000E+00
     1.4370000E+03   4.9200156E+02   1.5484951E-03   4.9200156E+02   4.3200430E+03   0.0000000E+00   0.0000000E+00   0.0000000E+00   0.0000000E+00
     1.4380000E+03   4.9200156E+02   1.5484941E-03   4.9200156E+02   4.3200376E+03   0.0000000E+00   0.0000000E+00   0.0000000E+00   0.0000000E+00
     1.4390000E+03   4.9200156E+02   1.5484935E-03   4.9200156E+02   4.3200347E+03   0.0000000E+00   0.0000000E+00   0.0000000E+00   0.0000000E+00
     1.4400000E+03   4.9200156E+02   1.5484928E-03   4.9200156E+02   4.3200322E+03   0.0000000E+00   0.0000000E+00   0.0000000E+00   0.0000000E+00
     1.4410000E+03   4.9200156E+02   1.5484922E-03   4.9200156E+02   4.3200293E+03   0.0000000E+00   0.0000000E+00   0.0000000E+00   0.0000000E+00
     1.4420000E+03   4.9200156E+02   1.5484917E-03   4.9200156E+02   4.3200269E+03   0.0000000E+00   0.0000000E+00   0.0000000E+00   0.0000000E+00
     1.4430000E+03   4.9200156E+02   1.5484912E-03   4.9200156E+02   4.3200239E+03   0.0000000E+00   0.0000000E+00   0.0000000E+00   0.0000000E+00
     1.4440000E+03   4.9200156E+02   1.5484906E-03   4.9200156E+02   4.3200215E+03   0.0000000E+00   0.0000000E+00   0.0000000E+00   0.0000000E+00
     1.4450000E+03   4.9200156E+02   1.5484900E-03   4.9200156E+02   4.3200190E+03   0.0000000E+00   0.0000000E+00   0.0000000E+00   0.0000000E+00
     1.4460000E+03   4.9200156E+02   1.5484894E-03   4.9200156E+02   4.3200161E+03   0.0000000E+00   0.0000000E+00   0.0000000E+00   0.0000000E+00
     1.4470000E+03   4.9200156E+02   1.5484894E-03   4.9200156E+02   4.3200161E+03   0.0000000E+00   0.0000000E+00   0.0000000E+00   0.0000000E+00
     1.4480000E+03   4.9200156E+02   1.5484889E-03   4.9200156E+02   4.3200137E+03   0.0000000E+00   0.0000000E+00   0.0000000E+00   0.0000000E+00
     1.4490000E+03   4.9200156E+02   1.5484889E-03   4.9200156E+02   4.3200132E+03   0.0000000E+00   0.0000000E+00   0.0000000E+00   0.0000000E+00
     1.4500000E+03   4.9200156E+02   1.5484883E-03   4.9200156E+02   4.3200107E+03   0.0000000E+00   0.0000000E+00   0.0000000E+00   0.0000000E+00
     1.4510000E+03   4.9200156E+02   1.5484883E-03   4.9200156E+02   4.3200107E+03   0.0000000E+00   0.0000000E+00   0.0000000E+00   0.0000000E+00
     1.4520000E+03   4.9200156E+02   1.5484883E-03   4.9200156E+02   4.3200107E+03   0.0000000E+00   0.0000000E+00   0.0000000E+00   0.0000000E+00
     1.4530000E+03   4.9200156E+02   1.5484877E-03   4.9200156E+02   4.3200083E+03   0.0000000E+00   0.0000000E+00   0.0000000E+00   0.0000000E+00
     1.4540000E+03   4.9200156E+02   1.5484877E-03   4.9200156E+02   4.3200078E+03   0.0000000E+00   0.0000000E+00   0.0000000E+00   0.0000000E+00
     1.4550000E+03   4.9200192E+02   1.9286708E-03   4.9200192E+02   6.2287632E+03   0.0000000E+00   0.0000000E+00   0.0000000E+00   0.0000000E+00
     1.4560000E+03   4.9200186E+02   1.8725122E-03   4.9200186E+02   5.9294268E+03   0.0000000E+00   0.0000000E+00   0.0000000E+00   0.0000000E+00
     1.4570000E+03   4.9200165E+02   1.6609181E-03   4.9200165E+02   4.8553291E+03   0.0000000E+00   0.0000000E+00   0.0000000E+00   0.0000000E+00
     1.4580000E+03   4.9200165E+02   1.6489596E-03   4.9200165E+02   4.7972056E+03   0.0000000E+00   0.0000000E+00   0.0000000E+00   0.0000000E+00
     1.4590000E+03   4.9200165E+02   1.6394258E-03   4.9200165E+02   4.7510679E+03   0.0000000E+00   0.0000000E+00   0.0000000E+00   0.0000000E+00
     1.4600000E+03   4.9200162E+02   1.6315880E-03   4.9200162E+02   4.7132715E+03   0.0000000E+00   0.0000000E+00   0.0000000E+00   0.0000000E+00
     1.4610000E+03   4.9200162E+02   1.6249826E-03   4.9200162E+02   4.6815122E+03   0.0000000E+00   0.0000000E+00   0.0000000E+00   0.0000000E+00
