 "GAGE No.   13:  K,I,J Coord. =     3,  181,  156;  STREAM SEGMENT =   964;  REACH =     1 "
     "DATA: Time           Stage           Depth         GW-Head    Midpt-Flow       Stream-Loss        GW-Rech.  Chnge-UZ-Stor.   Vol.-UZ-Stor."
     7.3100000E+02   1.6075348E+02   7.5347424E-01   2.2346758E+02   1.0129809E+06   0.0000000E+00   0.0000000E+00   0.0000000E+00   0.0000000E+00
     7.3200000E+02   1.6075322E+02   7.5322258E-01   2.2346747E+02   1.0121011E+06   0.0000000E+00   0.0000000E+00   0.0000000E+00   0.0000000E+00
     7.3300000E+02   1.6075334E+02   7.5334692E-01   2.2346738E+02   1.0125961E+06   0.0000000E+00   0.0000000E+00   0.0000000E+00   0.0000000E+00
     7.3400000E+02   1.6075421E+02   7.5421596E-01   2.2346729E+02   1.0145901E+06   0.0000000E+00   0.0000000E+00   0.0000000E+00   0.0000000E+00
     7.3500000E+02   1.6075397E+02   7.5396597E-01   2.2346721E+02   1.0139463E+06   0.0000000E+00   0.0000000E+00   0.0000000E+00   0.0000000E+00
     7.3600000E+02   1.6075346E+02   7.5346828E-01   2.2346713E+02   1.0128665E+06   0.0000000E+00   0.0000000E+00   0.0000000E+00   0.0000000E+00
     7.3700000E+02   1.6075322E+02   7.5321913E-01   2.2346704E+02   1.0123424E+06   0.0000000E+00   0.0000000E+00   0.0000000E+00   0.0000000E+00
     7.3800000E+02   1.6075284E+02   7.5284475E-01   2.2346696E+02   1.0113934E+06   0.0000000E+00   0.0000000E+00   0.0000000E+00   0.0000000E+00
     7.3900000E+02   1.6075197E+02   7.5197560E-01   2.2346689E+02   1.0096922E+06   0.0000000E+00   0.0000000E+00   0.0000000E+00   0.0000000E+00
     7.4000000E+02   1.6075122E+02   7.5122774E-01   2.2346680E+02   1.0077783E+06   0.0000000E+00   0.0000000E+00   0.0000000E+00   0.0000000E+00
     7.4100000E+02   1.6075011E+02   7.5010890E-01   2.2346671E+02   1.0053341E+06   0.0000000E+00   0.0000000E+00   0.0000000E+00   0.0000000E+00
     7.4200000E+02   1.6074998E+02   7.4998379E-01   2.2346661E+02   1.0050811E+06   0.0000000E+00   0.0000000E+00   0.0000000E+00   0.0000000E+00
     7.4300000E+02   1.6074948E+02   7.4948668E-01   2.2346652E+02   1.0041066E+06   0.0000000E+00   0.0000000E+00   0.0000000E+00   0.0000000E+00
     7.4400000E+02   1.6074911E+02   7.4911171E-01   2.2346643E+02   1.0030470E+06   0.0000000E+00   0.0000000E+00   0.0000000E+00   0.0000000E+00
     7.4500000E+02   1.6074899E+02   7.4898589E-01   2.2346635E+02   1.0026582E+06   0.0000000E+00   0.0000000E+00   0.0000000E+00   0.0000000E+00
     7.4600000E+02   1.6074924E+02   7.4923307E-01   2.2346628E+02   1.0031476E+06   0.0000000E+00   0.0000000E+00   0.0000000E+00   0.0000000E+00
     7.4700000E+02   1.6075446E+02   7.5445175E-01   2.2346625E+02   1.0150688E+06   0.0000000E+00   0.0000000E+00   0.0000000E+00   0.0000000E+00
     7.4800000E+02   1.6075221E+02   7.5221628E-01   2.2346622E+02   1.0102438E+06   0.0000000E+00   0.0000000E+00   0.0000000E+00   0.0000000E+00
     7.4900000E+02   1.6075072E+02   7.5072294E-01   2.2346617E+02   1.0065561E+06   0.0000000E+00   0.0000000E+00   0.0000000E+00   0.0000000E+00
     7.5000000E+02   1.6074973E+02   7.4972916E-01   2.2346611E+02   1.0044530E+06   0.0000000E+00   0.0000000E+00   0.0000000E+00   0.0000000E+00
     7.5100000E+02   1.6075047E+02   7.5047362E-01   2.2346606E+02   1.0060661E+06   0.0000000E+00   0.0000000E+00   0.0000000E+00   0.0000000E+00
     7.5200000E+02   1.6075320E+02   7.5320768E-01   2.2346603E+02   1.0124205E+06   0.0000000E+00   0.0000000E+00   0.0000000E+00   0.0000000E+00
     7.5300000E+02   1.6075458E+02   7.5457335E-01   2.2346603E+02   1.0153368E+06   0.0000000E+00   0.0000000E+00   0.0000000E+00   0.0000000E+00
     7.5400000E+02   1.6076651E+02   7.6650345E-01   2.2346613E+02   1.0421596E+06   0.0000000E+00   0.0000000E+00   0.0000000E+00   0.0000000E+00
     7.5500000E+02   1.6075893E+02   7.5892425E-01   2.2346619E+02   1.0251689E+06   0.0000000E+00   0.0000000E+00   0.0000000E+00   0.0000000E+00
     7.5600000E+02   1.6075507E+02   7.5507200E-01   2.2346620E+02   1.0164099E+06   0.0000000E+00   0.0000000E+00   0.0000000E+00   0.0000000E+00
     7.5700000E+02   1.6075308E+02   7.5308394E-01   2.2346619E+02   1.0119371E+06   0.0000000E+00   0.0000000E+00   0.0000000E+00   0.0000000E+00
     7.5800000E+02   1.6075122E+02   7.5121999E-01   2.2346614E+02   1.0077638E+06   0.0000000E+00   0.0000000E+00   0.0000000E+00   0.0000000E+00
     7.5900000E+02   1.6075620E+02   7.5619036E-01   2.2346614E+02   1.0190882E+06   0.0000000E+00   0.0000000E+00   0.0000000E+00   0.0000000E+00
     7.6000000E+02   1.6075345E+02   7.5345540E-01   2.2346613E+02   1.0126618E+06   0.0000000E+00   0.0000000E+00   0.0000000E+00   0.0000000E+00
     7.6100000E+02   1.6075146E+02   7.5146854E-01   2.2346609E+02   1.0084352E+06   0.0000000E+00   0.0000000E+00   0.0000000E+00   0.0000000E+00
     7.6200000E+02   1.6075035E+02   7.5034946E-01   2.2346603E+02   1.0058430E+06   0.0000000E+00   0.0000000E+00   0.0000000E+00   0.0000000E+00
     7.6300000E+02   1.6074948E+02   7.4947965E-01   2.2346599E+02   1.0039792E+06   0.0000000E+00   0.0000000E+00   0.0000000E+00   0.0000000E+00
     7.6400000E+02   1.6074886E+02   7.4885756E-01   2.2346593E+02   1.0025351E+06   0.0000000E+00   0.0000000E+00   0.0000000E+00   0.0000000E+00
     7.6500000E+02   1.6074823E+02   7.4823618E-01   2.2346587E+02   1.0012163E+06   0.0000000E+00   0.0000000E+00   0.0000000E+00   0.0000000E+00
     7.6600000E+02   1.6074799E+02   7.4798703E-01   2.2346581E+02   1.0006588E+06   0.0000000E+00   0.0000000E+00   0.0000000E+00   0.0000000E+00
     7.6700000E+02   1.6075084E+02   7.5084317E-01   2.2346576E+02   1.0069698E+06   0.0000000E+00   0.0000000E+00   0.0000000E+00   0.0000000E+00
     7.6800000E+02   1.6076936E+02   7.6935977E-01   2.2346590E+02   1.0487072E+06   0.0000000E+00   0.0000000E+00   0.0000000E+00   0.0000000E+00
     7.6900000E+02   1.6076016E+02   7.6016384E-01   2.2346605E+02   1.0277441E+06   0.0000000E+00   0.0000000E+00   0.0000000E+00   0.0000000E+00
     7.7000000E+02   1.6075893E+02   7.5892228E-01   2.2346613E+02   1.0249361E+06   0.0000000E+00   0.0000000E+00   0.0000000E+00   0.0000000E+00
     7.7100000E+02   1.6075446E+02   7.5444996E-01   2.2346616E+02   1.0149228E+06   0.0000000E+00   0.0000000E+00   0.0000000E+00   0.0000000E+00
     7.7200000E+02   1.6075221E+02   7.5221401E-01   2.2346616E+02   1.0099776E+06   0.0000000E+00   0.0000000E+00   0.0000000E+00   0.0000000E+00
     7.7300000E+02   1.6075060E+02   7.5059879E-01   2.2346613E+02   1.0063884E+06   0.0000000E+00   0.0000000E+00   0.0000000E+00   0.0000000E+00
     7.7400000E+02   1.6074948E+02   7.4948090E-01   2.2346608E+02   1.0039796E+06   0.0000000E+00   0.0000000E+00   0.0000000E+00   0.0000000E+00
     7.7500000E+02   1.6074849E+02   7.4848580E-01   2.2346602E+02   1.0016198E+06   0.0000000E+00   0.0000000E+00   0.0000000E+00   0.0000000E+00
     7.7600000E+02   1.6074799E+02   7.4798471E-01   2.2346559E+02   1.0006336E+06   0.0000000E+00   0.0000000E+00   0.0000000E+00   0.0000000E+00
     7.7700000E+02   1.6074809E+02   7.4808586E-01   2.2346370E+02   1.0007641E+06   0.0000000E+00   0.0000000E+00   0.0000000E+00   0.0000000E+00
     7.7800000E+02   1.6074818E+02   7.4819130E-01   2.2346207E+02   1.0010694E+06   0.0000000E+00   0.0000000E+00   0.0000000E+00   0.0000000E+00
     7.7900000E+02   1.6074817E+02   7.4817377E-01   2.2346063E+02   1.0009451E+06   0.0000000E+00   0.0000000E+00   0.0000000E+00   0.0000000E+00
     7.8000000E+02   1.6077077E+02   7.7077460E-01   2.2345963E+02   1.0517880E+06   0.0000000E+00   0.0000000E+00   0.0000000E+00   0.0000000E+00
     7.8100000E+02   1.6080310E+02   8.0310643E-01   2.2345930E+02   1.1265615E+06   0.0000000E+00   0.0000000E+00   0.0000000E+00   0.0000000E+00
     7.8200000E+02   1.6079390E+02   7.9389822E-01   2.2345923E+02   1.1049950E+06   0.0000000E+00   0.0000000E+00   0.0000000E+00   0.0000000E+00
     7.8300000E+02   1.6078992E+02   7.8991705E-01   2.2345923E+02   1.0956474E+06   0.0000000E+00   0.0000000E+00   0.0000000E+00   0.0000000E+00
     7.8400000E+02   1.6078059E+02   7.8059047E-01   2.2345917E+02   1.0742996E+06   0.0000000E+00   0.0000000E+00   0.0000000E+00   0.0000000E+00
     7.8500000E+02   1.6077263E+02   7.7263290E-01   2.2345906E+02   1.0561372E+06   0.0000000E+00   0.0000000E+00   0.0000000E+00   0.0000000E+00
     7.8600000E+02   1.6076753E+02   7.6753974E-01   2.2345923E+02   1.0446891E+06   0.0000000E+00   0.0000000E+00   0.0000000E+00   0.0000000E+00
     7.8700000E+02   1.6076791E+02   7.6791930E-01   2.2367632E+02   1.0453047E+06   0.0000000E+00   0.0000000E+00   0.0000000E+00   0.0000000E+00
     7.8800000E+02   1.6081131E+02   8.1131023E-01   2.5564876E+02   1.1457011E+06   0.0000000E+00   0.0000000E+00   0.0000000E+00   0.0000000E+00
     7.8900000E+02   1.6087300E+02   8.7300789E-01   2.2417523E+02   1.2946155E+06   0.0000000E+00   0.0000000E+00   0.0000000E+00   0.0000000E+00
     7.9000000E+02   1.6088486E+02   8.8486081E-01   2.2383838E+02   1.3237840E+06   0.0000000E+00   0.0000000E+00   0.0000000E+00   0.0000000E+00
     7.9100000E+02   1.6087067E+02   8.7065989E-01   2.2379074E+02   1.2885656E+06   0.0000000E+00   0.0000000E+00   0.0000000E+00   0.0000000E+00
     7.9200000E+02   1.6085205E+02   8.5204798E-01   2.2374825E+02   1.2432110E+06   0.0000000E+00   0.0000000E+00   0.0000000E+00   0.0000000E+00
     7.9300000E+02   1.6083778E+02   8.3778691E-01   2.2371083E+02   1.2086342E+06   0.0000000E+00   0.0000000E+00   0.0000000E+00   0.0000000E+00
     7.9400000E+02   1.6083061E+02   8.3060884E-01   2.2367807E+02   1.1917108E+06   0.0000000E+00   0.0000000E+00   0.0000000E+00   0.0000000E+00
     7.9500000E+02   1.6082637E+02   8.2636434E-01   2.2364961E+02   1.1813665E+06   0.0000000E+00   0.0000000E+00   0.0000000E+00   0.0000000E+00
     7.9600000E+02   1.6084465E+02   8.4465420E-01   2.2362515E+02   1.2252075E+06   0.0000000E+00   0.0000000E+00   0.0000000E+00   0.0000000E+00
     7.9700000E+02   1.6083539E+02   8.3538455E-01   2.2360397E+02   1.2031479E+06   0.0000000E+00   0.0000000E+00   0.0000000E+00   0.0000000E+00
     7.9800000E+02   1.6083565E+02   8.3564049E-01   2.2358557E+02   1.2035499E+06   0.0000000E+00   0.0000000E+00   0.0000000E+00   0.0000000E+00
     7.9900000E+02   1.6086415E+02   8.6414850E-01   2.2356999E+02   1.2725402E+06   0.0000000E+00   0.0000000E+00   0.0000000E+00   0.0000000E+00
     8.0000000E+02   1.6085298E+02   8.5298061E-01   2.2355664E+02   1.2453290E+06   0.0000000E+00   0.0000000E+00   0.0000000E+00   0.0000000E+00
     8.0100000E+02   1.6084833E+02   8.4833276E-01   2.2354503E+02   1.2341581E+06   0.0000000E+00   0.0000000E+00   0.0000000E+00   0.0000000E+00
     8.0200000E+02   1.6084845E+02   8.4844995E-01   2.2353503E+02   1.2346426E+06   0.0000000E+00   0.0000000E+00   0.0000000E+00   0.0000000E+00
     8.0300000E+02   1.6085158E+02   8.5158378E-01   2.2352686E+02   1.2421684E+06   0.0000000E+00   0.0000000E+00   0.0000000E+00   0.0000000E+00
     8.0400000E+02   1.6085910E+02   8.5909784E-01   2.2351968E+02   1.2604350E+06   0.0000000E+00   0.0000000E+00   0.0000000E+00   0.0000000E+00
     8.0500000E+02   1.6087163E+02   8.7162071E-01   2.2351358E+02   1.2912284E+06   0.0000000E+00   0.0000000E+00   0.0000000E+00   0.0000000E+00
     8.0600000E+02   1.6086880E+02   8.6880219E-01   2.2350822E+02   1.2844288E+06   0.0000000E+00   0.0000000E+00   0.0000000E+00   0.0000000E+00
     8.0700000E+02   1.6087735E+02   8.7735039E-01   2.2350365E+02   1.3054859E+06   0.0000000E+00   0.0000000E+00   0.0000000E+00   0.0000000E+00
     8.0800000E+02   1.6094899E+02   9.4899732E-01   2.2350558E+02   1.4879298E+06   0.0000000E+00   0.0000000E+00   0.0000000E+00   0.0000000E+00
     8.0900000E+02   1.6108878E+02   1.0887823E+00   2.2353006E+02   1.8706729E+06   0.0000000E+00   0.0000000E+00   0.0000000E+00   0.0000000E+00
     8.1000000E+02   1.6113828E+02   1.1382715E+00   2.2355507E+02   2.0145241E+06   0.0000000E+00   0.0000000E+00   0.0000000E+00   0.0000000E+00
     8.1100000E+02   1.6115579E+02   1.1557987E+00   2.2357492E+02   2.0664875E+06   0.0000000E+00   0.0000000E+00   0.0000000E+00   0.0000000E+00
     8.1200000E+02   1.6116974E+02   1.1697314E+00   2.2359360E+02   2.1081730E+06   0.0000000E+00   0.0000000E+00   0.0000000E+00   0.0000000E+00
     8.1300000E+02   1.6116592E+02   1.1659188E+00   2.2375952E+02   2.0967330E+06   0.0000000E+00   0.0000000E+00   0.0000000E+00   0.0000000E+00
     8.1400000E+02   1.6115709E+02   1.1570860E+00   2.5703320E+02   2.0702998E+06   0.0000000E+00   0.0000000E+00   0.0000000E+00   0.0000000E+00
     8.1500000E+02   1.6114389E+02   1.1438847E+00   2.2431071E+02   2.0311081E+06   0.0000000E+00   0.0000000E+00   0.0000000E+00   0.0000000E+00
     8.1600000E+02   1.6117827E+02   1.1782695E+00   2.2386647E+02   2.1338818E+06   0.0000000E+00   0.0000000E+00   0.0000000E+00   0.0000000E+00
     8.1700000E+02   1.6117848E+02   1.1784875E+00   2.2384558E+02   2.1345405E+06   0.0000000E+00   0.0000000E+00   0.0000000E+00   0.0000000E+00
     8.1800000E+02   1.6117690E+02   1.1768880E+00   2.2382735E+02   2.1297132E+06   0.0000000E+00   0.0000000E+00   0.0000000E+00   0.0000000E+00
     8.1900000E+02   1.6125632E+02   1.2563099E+00   2.2381877E+02   2.3746015E+06   0.0000000E+00   0.0000000E+00   0.0000000E+00   0.0000000E+00
     8.2000000E+02   1.6124542E+02   1.2454270E+00   2.2380801E+02   2.3404170E+06   0.0000000E+00   0.0000000E+00   0.0000000E+00   0.0000000E+00
     8.2100000E+02   1.6123499E+02   1.2349907E+00   2.2379674E+02   2.3078220E+06   0.0000000E+00   0.0000000E+00   0.0000000E+00   0.0000000E+00
     8.2200000E+02   1.6123265E+02   1.2326449E+00   2.2378735E+02   2.3005192E+06   0.0000000E+00   0.0000000E+00   0.0000000E+00   0.0000000E+00
     8.2300000E+02   1.6123798E+02   1.2379776E+00   2.2377936E+02   2.3171320E+06   0.0000000E+00   0.0000000E+00   0.0000000E+00   0.0000000E+00
     8.2400000E+02   1.6123802E+02   1.2380234E+00   2.2377228E+02   2.3172750E+06   0.0000000E+00   0.0000000E+00   0.0000000E+00   0.0000000E+00
     8.2500000E+02   1.6123203E+02   1.2320251E+00   2.2376566E+02   2.2985922E+06   0.0000000E+00   0.0000000E+00   0.0000000E+00   0.0000000E+00
     8.2600000E+02   1.6122745E+02   1.2274417E+00   2.2375974E+02   2.2843580E+06   0.0000000E+00   0.0000000E+00   0.0000000E+00   0.0000000E+00
     8.2700000E+02   1.6122375E+02   1.2237568E+00   2.2375449E+02   2.2729400E+06   0.0000000E+00   0.0000000E+00   0.0000000E+00   0.0000000E+00
     8.2800000E+02   1.6122237E+02   1.2223597E+00   2.2374977E+02   2.2686160E+06   0.0000000E+00   0.0000000E+00   0.0000000E+00   0.0000000E+00
     8.2900000E+02   1.6121883E+02   1.2188337E+00   2.2374551E+02   2.2577212E+06   0.0000000E+00   0.0000000E+00   0.0000000E+00   0.0000000E+00
     8.3000000E+02   1.6121597E+02   1.2159674E+00   2.2374181E+02   2.2488738E+06   0.0000000E+00   0.0000000E+00   0.0000000E+00   0.0000000E+00
     8.3100000E+02   1.6121355E+02   1.2135526E+00   2.2373856E+02   2.2414292E+06   0.0000000E+00   0.0000000E+00   0.0000000E+00   0.0000000E+00
     8.3200000E+02   1.6121111E+02   1.2111073E+00   2.2373564E+02   2.2339140E+06   0.0000000E+00   0.0000000E+00   0.0000000E+00   0.0000000E+00
     8.3300000E+02   1.6121736E+02   1.2173678E+00   2.2373376E+02   2.2531980E+06   0.0000000E+00   0.0000000E+00   0.0000000E+00   0.0000000E+00
     8.3400000E+02   1.6122005E+02   1.2200419E+00   2.2373228E+02   2.2614538E+06   0.0000000E+00   0.0000000E+00   0.0000000E+00   0.0000000E+00
     8.3500000E+02   1.6122525E+02   1.2252573E+00   2.2373091E+02   2.2775780E+06   0.0000000E+00   0.0000000E+00   0.0000000E+00   0.0000000E+00
     8.3600000E+02   1.6122354E+02   1.2235386E+00   2.2372968E+02   2.2722772E+06   0.0000000E+00   0.0000000E+00   0.0000000E+00   0.0000000E+00
     8.3700000E+02   1.6122212E+02   1.2221277E+00   2.2372855E+02   2.2678685E+06   0.0000000E+00   0.0000000E+00   0.0000000E+00   0.0000000E+00
     8.3800000E+02   1.6122090E+02   1.2209047E+00   2.2372751E+02   2.2640820E+06   0.0000000E+00   0.0000000E+00   0.0000000E+00   0.0000000E+00
     8.3900000E+02   1.6121964E+02   1.2196409E+00   2.2372656E+02   2.2600480E+06   0.0000000E+00   0.0000000E+00   0.0000000E+00   0.0000000E+00
     8.4000000E+02   1.6121837E+02   1.2183747E+00   2.2372566E+02   2.2562678E+06   0.0000000E+00   0.0000000E+00   0.0000000E+00   0.0000000E+00
     8.4100000E+02   1.6121712E+02   1.2171232E+00   2.2372478E+02   2.2523898E+06   0.0000000E+00   0.0000000E+00   0.0000000E+00   0.0000000E+00
     8.4200000E+02   1.6121606E+02   1.2160641E+00   2.2372395E+02   2.2491408E+06   0.0000000E+00   0.0000000E+00   0.0000000E+00   0.0000000E+00
     8.4300000E+02   1.6121468E+02   1.2146821E+00   2.2372318E+02   2.2449148E+06   0.0000000E+00   0.0000000E+00   0.0000000E+00   0.0000000E+00
     8.4400000E+02   1.6121333E+02   1.2133341E+00   2.2372243E+02   2.2407552E+06   0.0000000E+00   0.0000000E+00   0.0000000E+00   0.0000000E+00
     8.4500000E+02   1.6121239E+02   1.2123942E+00   2.2375519E+02   2.2378335E+06   0.0000000E+00   0.0000000E+00   0.0000000E+00   0.0000000E+00
     8.4600000E+02   1.6121124E+02   1.2112424E+00   2.2378723E+02   2.2343215E+06   0.0000000E+00   0.0000000E+00   0.0000000E+00   0.0000000E+00
     8.4700000E+02   1.6121027E+02   1.2102734E+00   2.2381448E+02   2.2313192E+06   0.0000000E+00   0.0000000E+00   0.0000000E+00   0.0000000E+00
     8.4800000E+02   1.6120958E+02   1.2095836E+00   2.2383765E+02   2.2292315E+06   0.0000000E+00   0.0000000E+00   0.0000000E+00   0.0000000E+00
     8.4900000E+02   1.6120863E+02   1.2086332E+00   2.2385735E+02   2.2262815E+06   0.0000000E+00   0.0000000E+00   0.0000000E+00   0.0000000E+00
     8.5000000E+02   1.6120758E+02   1.2075769E+00   2.2387408E+02   2.2230370E+06   0.0000000E+00   0.0000000E+00   0.0000000E+00   0.0000000E+00
     8.5100000E+02   1.6121463E+02   1.2146326E+00   2.2388857E+02   2.2447780E+06   0.0000000E+00   0.0000000E+00   0.0000000E+00   0.0000000E+00
     8.5200000E+02   1.6121706E+02   1.2170550E+00   2.2417078E+02   2.2522292E+06   0.0000000E+00   0.0000000E+00   0.0000000E+00   0.0000000E+00
     8.5300000E+02   1.6121353E+02   1.2135366E+00   2.2386819E+02   2.2413660E+06   0.0000000E+00   0.0000000E+00   0.0000000E+00   0.0000000E+00
     8.5400000E+02   1.6121103E+02   1.2110260E+00   2.2384796E+02   2.2336642E+06   0.0000000E+00   0.0000000E+00   0.0000000E+00   0.0000000E+00
     8.5500000E+02   1.6120976E+02   1.2097689E+00   2.2383040E+02   2.2297768E+06   0.0000000E+00   0.0000000E+00   0.0000000E+00   0.0000000E+00
     8.5600000E+02   1.6120825E+02   1.2082489E+00   2.2381508E+02   2.2251012E+06   0.0000000E+00   0.0000000E+00   0.0000000E+00   0.0000000E+00
     8.5700000E+02   1.6120291E+02   1.2029152E+00   2.2380130E+02   2.2087892E+06   0.0000000E+00   0.0000000E+00   0.0000000E+00   0.0000000E+00
     8.5800000E+02   1.6119960E+02   1.1995958E+00   2.2378958E+02   2.1986445E+06   0.0000000E+00   0.0000000E+00   0.0000000E+00   0.0000000E+00
     8.5900000E+02   1.6119945E+02   1.1994474E+00   2.2377950E+02   2.1982042E+06   0.0000000E+00   0.0000000E+00   0.0000000E+00   0.0000000E+00
     8.6000000E+02   1.6119955E+02   1.1995507E+00   2.2377078E+02   2.1985008E+06   0.0000000E+00   0.0000000E+00   0.0000000E+00   0.0000000E+00
     8.6100000E+02   1.6120026E+02   1.2002599E+00   2.2376317E+02   2.2007002E+06   0.0000000E+00   0.0000000E+00   0.0000000E+00   0.0000000E+00
     8.6200000E+02   1.6120079E+02   1.2007875E+00   2.2375661E+02   2.2022798E+06   0.0000000E+00   0.0000000E+00   0.0000000E+00   0.0000000E+00
     8.6300000E+02   1.6120030E+02   1.2003002E+00   2.2375084E+02   2.2006965E+06   0.0000000E+00   0.0000000E+00   0.0000000E+00   0.0000000E+00
     8.6400000E+02   1.6119920E+02   1.1992024E+00   2.2374579E+02   2.1974290E+06   0.0000000E+00   0.0000000E+00   0.0000000E+00   0.0000000E+00
     8.6500000E+02   1.6119757E+02   1.1975706E+00   2.2374348E+02   2.1924448E+06   0.0000000E+00   0.0000000E+00   0.0000000E+00   0.0000000E+00
     8.6600000E+02   1.6119635E+02   1.1963526E+00   2.2376028E+02   2.1886955E+06   0.0000000E+00   0.0000000E+00   0.0000000E+00   0.0000000E+00
     8.6700000E+02   1.6119603E+02   1.1960236E+00   2.2377440E+02   2.1877392E+06   0.0000000E+00   0.0000000E+00   0.0000000E+00   0.0000000E+00
     8.6800000E+02   1.6122118E+02   1.2211814E+00   2.2378743E+02   2.2649708E+06   0.0000000E+00   0.0000000E+00   0.0000000E+00   0.0000000E+00
     8.6900000E+02   1.6122099E+02   1.2209882E+00   2.2379865E+02   2.2643045E+06   0.0000000E+00   0.0000000E+00   0.0000000E+00   0.0000000E+00
     8.7000000E+02   1.6126266E+02   1.2626653E+00   2.2381093E+02   2.3946560E+06   0.0000000E+00   0.0000000E+00   0.0000000E+00   0.0000000E+00
     8.7100000E+02   1.6130949E+02   1.3094908E+00   2.2382504E+02   2.5444865E+06   0.0000000E+00   0.0000000E+00   0.0000000E+00   0.0000000E+00
     8.7200000E+02   1.6129715E+02   1.2971482E+00   2.2383409E+02   2.5046405E+06   0.0000000E+00   0.0000000E+00   0.0000000E+00   0.0000000E+00
     8.7300000E+02   1.6128365E+02   1.2836419E+00   2.2383984E+02   2.4613265E+06   0.0000000E+00   0.0000000E+00   0.0000000E+00   0.0000000E+00
     8.7400000E+02   1.6127542E+02   1.2754210E+00   2.6301428E+02   2.4351082E+06   0.0000000E+00   0.0000000E+00   0.0000000E+00   0.0000000E+00
     8.7500000E+02   1.6126622E+02   1.2662224E+00   2.2454741E+02   2.4059100E+06   0.0000000E+00   0.0000000E+00   0.0000000E+00   0.0000000E+00
     8.7600000E+02   1.6126059E+02   1.2605864E+00   2.2387054E+02   2.3881028E+06   0.0000000E+00   0.0000000E+00   0.0000000E+00   0.0000000E+00
     8.7700000E+02   1.6131076E+02   1.3107616E+00   2.2385643E+02   2.5486055E+06   0.0000000E+00   0.0000000E+00   0.0000000E+00   0.0000000E+00
     8.7800000E+02   1.6132378E+02   1.3237810E+00   2.2384703E+02   2.5909340E+06   0.0000000E+00   0.0000000E+00   0.0000000E+00   0.0000000E+00
     8.7900000E+02   1.6131169E+02   1.3116950E+00   2.2383414E+02   2.5516280E+06   0.0000000E+00   0.0000000E+00   0.0000000E+00   0.0000000E+00
     8.8000000E+02   1.6129643E+02   1.2964306E+00   2.2382135E+02   2.5023310E+06   0.0000000E+00   0.0000000E+00   0.0000000E+00   0.0000000E+00
     8.8100000E+02   1.6128484E+02   1.2848386E+00   2.2380975E+02   2.4651518E+06   0.0000000E+00   0.0000000E+00   0.0000000E+00   0.0000000E+00
     8.8200000E+02   1.6127814E+02   1.2781399E+00   2.2379977E+02   2.4437685E+06   0.0000000E+00   0.0000000E+00   0.0000000E+00   0.0000000E+00
     8.8300000E+02   1.6127245E+02   1.2724476E+00   2.2379080E+02   2.4256560E+06   0.0000000E+00   0.0000000E+00   0.0000000E+00   0.0000000E+00
     8.8400000E+02   1.6126772E+02   1.2677084E+00   2.2378268E+02   2.4106210E+06   0.0000000E+00   0.0000000E+00   0.0000000E+00   0.0000000E+00
     8.8500000E+02   1.6126277E+02   1.2627683E+00   2.2377533E+02   2.3949810E+06   0.0000000E+00   0.0000000E+00   0.0000000E+00   0.0000000E+00
     8.8600000E+02   1.6126497E+02   1.2649757E+00   2.2376904E+02   2.4019635E+06   0.0000000E+00   0.0000000E+00   0.0000000E+00   0.0000000E+00
     8.8700000E+02   1.6126607E+02   1.2660745E+00   2.2376366E+02   2.4054488E+06   0.0000000E+00   0.0000000E+00   0.0000000E+00   0.0000000E+00
     8.8800000E+02   1.6126045E+02   1.2604454E+00   2.2375868E+02   2.3876480E+06   0.0000000E+00   0.0000000E+00   0.0000000E+00   0.0000000E+00
     8.8900000E+02   1.6125391E+02   1.2539096E+00   2.2375417E+02   2.3670445E+06   0.0000000E+00   0.0000000E+00   0.0000000E+00   0.0000000E+00
     8.9000000E+02   1.6124829E+02   1.2482949E+00   2.2375005E+02   2.3494058E+06   0.0000000E+00   0.0000000E+00   0.0000000E+00   0.0000000E+00
     8.9100000E+02   1.6124431E+02   1.2443050E+00   2.2374634E+02   2.3369038E+06   0.0000000E+00   0.0000000E+00   0.0000000E+00   0.0000000E+00
     8.9200000E+02   1.6123929E+02   1.2392898E+00   2.2374297E+02   2.3212262E+06   0.0000000E+00   0.0000000E+00   0.0000000E+00   0.0000000E+00
     8.9300000E+02   1.6123442E+02   1.2344242E+00   2.2373990E+02   2.3060575E+06   0.0000000E+00   0.0000000E+00   0.0000000E+00   0.0000000E+00
     8.9400000E+02   1.6123845E+02   1.2384437E+00   2.2373717E+02   2.3185865E+06   0.0000000E+00   0.0000000E+00   0.0000000E+00   0.0000000E+00
     8.9500000E+02   1.6123106E+02   1.2310680E+00   2.2373463E+02   2.2956172E+06   0.0000000E+00   0.0000000E+00   0.0000000E+00   0.0000000E+00
     8.9600000E+02   1.6125481E+02   1.2548045E+00   2.2373349E+02   2.3698582E+06   0.0000000E+00   0.0000000E+00   0.0000000E+00   0.0000000E+00
     8.9700000E+02   1.6124879E+02   1.2487903E+00   2.2373286E+02   2.3509600E+06   0.0000000E+00   0.0000000E+00   0.0000000E+00   0.0000000E+00
     8.9800000E+02   1.6124643E+02   1.2464303E+00   2.2373215E+02   2.3435550E+06   0.0000000E+00   0.0000000E+00   0.0000000E+00   0.0000000E+00
     8.9900000E+02   1.6132253E+02   1.3225197E+00   2.2373586E+02   2.5868208E+06   0.0000000E+00   0.0000000E+00   0.0000000E+00   0.0000000E+00
     9.0000000E+02   1.6136946E+02   1.3694645E+00   2.2374287E+02   2.7416638E+06   0.0000000E+00   0.0000000E+00   0.0000000E+00   0.0000000E+00
     9.0100000E+02   1.6138680E+02   1.3867995E+00   2.2375005E+02   2.7997475E+06   0.0000000E+00   0.0000000E+00   0.0000000E+00   0.0000000E+00
     9.0200000E+02   1.6137672E+02   1.3767170E+00   2.2375525E+02   2.7659042E+06   0.0000000E+00   0.0000000E+00   0.0000000E+00   0.0000000E+00
     9.0300000E+02   1.6138750E+02   1.3875026E+00   2.6318817E+02   2.8019672E+06   0.0000000E+00   0.0000000E+00   0.0000000E+00   0.0000000E+00
     9.0400000E+02   1.6138602E+02   1.3860178E+00   2.2460741E+02   2.7971170E+06   0.0000000E+00   0.0000000E+00   0.0000000E+00   0.0000000E+00
     9.0500000E+02   1.6161325E+02   1.6132470E+00   2.2388829E+02   3.6024452E+06   0.0000000E+00   0.0000000E+00   0.0000000E+00   0.0000000E+00
     9.0600000E+02   1.6156166E+02   1.5616553E+00   2.2388464E+02   3.4124892E+06   0.0000000E+00   0.0000000E+00   0.0000000E+00   0.0000000E+00
     9.0700000E+02   1.6152217E+02   1.5221709E+00   2.2388219E+02   3.2699048E+06   0.0000000E+00   0.0000000E+00   0.0000000E+00   0.0000000E+00
     9.0800000E+02   1.6150223E+02   1.5022203E+00   2.2387865E+02   3.1987875E+06   0.0000000E+00   0.0000000E+00   0.0000000E+00   0.0000000E+00
     9.0900000E+02   1.6148637E+02   1.4863702E+00   2.2387413E+02   3.1427350E+06   0.0000000E+00   0.0000000E+00   0.0000000E+00   0.0000000E+00
     9.1000000E+02   1.6147255E+02   1.4725488E+00   2.2386897E+02   3.0941808E+06   0.0000000E+00   0.0000000E+00   0.0000000E+00   0.0000000E+00
     9.1100000E+02   1.6145868E+02   1.4586782E+00   2.2386360E+02   3.0457572E+06   0.0000000E+00   0.0000000E+00   0.0000000E+00   0.0000000E+00
     9.1200000E+02   1.6144765E+02   1.4476511E+00   2.2385826E+02   3.0074788E+06   0.0000000E+00   0.0000000E+00   0.0000000E+00   0.0000000E+00
     9.1300000E+02   1.6143785E+02   1.4378505E+00   2.2385323E+02   2.9736212E+06   0.0000000E+00   0.0000000E+00   0.0000000E+00   0.0000000E+00
     9.1400000E+02   1.6142973E+02   1.4297274E+00   2.2384827E+02   2.9456750E+06   0.0000000E+00   0.0000000E+00   0.0000000E+00   0.0000000E+00
     9.1500000E+02   1.6142200E+02   1.4219944E+00   2.2384334E+02   2.9191690E+06   0.0000000E+00   0.0000000E+00   0.0000000E+00   0.0000000E+00
     9.1600000E+02   1.6141306E+02   1.4130541E+00   2.2383836E+02   2.8886442E+06   0.0000000E+00   0.0000000E+00   0.0000000E+00   0.0000000E+00
     9.1700000E+02   1.6140511E+02   1.4051118E+00   2.2383365E+02   2.8616350E+06   0.0000000E+00   0.0000000E+00   0.0000000E+00   0.0000000E+00
     9.1800000E+02   1.6140024E+02   1.4002353E+00   2.2382935E+02   2.8451018E+06   0.0000000E+00   0.0000000E+00   0.0000000E+00   0.0000000E+00
     9.1900000E+02   1.6139008E+02   1.3900692E+00   2.2382272E+02   2.8107575E+06   0.0000000E+00   0.0000000E+00   0.0000000E+00   0.0000000E+00
     9.2000000E+02   1.6137512E+02   1.3751286E+00   2.2381583E+02   2.7605880E+06   0.0000000E+00   0.0000000E+00   0.0000000E+00   0.0000000E+00
     9.2100000E+02   1.6136342E+02   1.3634216E+00   2.2380945E+02   2.7215292E+06   0.0000000E+00   0.0000000E+00   0.0000000E+00   0.0000000E+00
     9.2200000E+02   1.6135498E+02   1.3549742E+00   2.2380368E+02   2.6934840E+06   0.0000000E+00   0.0000000E+00   0.0000000E+00   0.0000000E+00
     9.2300000E+02   1.6134909E+02   1.3490859E+00   2.2384184E+02   2.6740042E+06   0.0000000E+00   0.0000000E+00   0.0000000E+00   0.0000000E+00
     9.2400000E+02   1.6134416E+02   1.3441693E+00   2.2408733E+02   2.6577820E+06   0.0000000E+00   0.0000000E+00   0.0000000E+00   0.0000000E+00
     9.2500000E+02   1.6134526E+02   1.3452644E+00   2.2387428E+02   2.6613918E+06   0.0000000E+00   0.0000000E+00   0.0000000E+00   0.0000000E+00
     9.2600000E+02   1.6133907E+02   1.3390710E+00   2.2385944E+02   2.6410022E+06   0.0000000E+00   0.0000000E+00   0.0000000E+00   0.0000000E+00
     9.2700000E+02   1.6133377E+02   1.3337697E+00   2.2384639E+02   2.6235988E+06   0.0000000E+00   0.0000000E+00   0.0000000E+00   0.0000000E+00
     9.2800000E+02   1.6132811E+02   1.3281163E+00   2.2383490E+02   2.6050908E+06   0.0000000E+00   0.0000000E+00   0.0000000E+00   0.0000000E+00
     9.2900000E+02   1.6131754E+02   1.3175374E+00   2.2382471E+02   2.5705990E+06   0.0000000E+00   0.0000000E+00   0.0000000E+00   0.0000000E+00
     9.3000000E+02   1.6130705E+02   1.3070486E+00   2.2381505E+02   2.5365820E+06   0.0000000E+00   0.0000000E+00   0.0000000E+00   0.0000000E+00
     9.3100000E+02   1.6129800E+02   1.2980072E+00   2.2380641E+02   2.5074058E+06   0.0000000E+00   0.0000000E+00   0.0000000E+00   0.0000000E+00
     9.3200000E+02   1.6129453E+02   1.2945267E+00   2.2382068E+02   2.4962225E+06   0.0000000E+00   0.0000000E+00   0.0000000E+00   0.0000000E+00
     9.3300000E+02   1.6128964E+02   1.2896360E+00   2.2384261E+02   2.4805172E+06   0.0000000E+00   0.0000000E+00   0.0000000E+00   0.0000000E+00
     9.3400000E+02   1.6128610E+02   1.2860999E+00   2.2386116E+02   2.4691908E+06   0.0000000E+00   0.0000000E+00   0.0000000E+00   0.0000000E+00
     9.3500000E+02   1.6128383E+02   1.2838227E+00   2.2387686E+02   2.4619122E+06   0.0000000E+00   0.0000000E+00   0.0000000E+00   0.0000000E+00
     9.3600000E+02   1.6128337E+02   1.2833748E+00   2.2389415E+02   2.4604748E+06   0.0000000E+00   0.0000000E+00   0.0000000E+00   0.0000000E+00
     9.3700000E+02   1.6127989E+02   1.2798887E+00   2.2387135E+02   2.4493438E+06   0.0000000E+00   0.0000000E+00   0.0000000E+00   0.0000000E+00
     9.3800000E+02   1.6127693E+02   1.2769248E+00   2.2385464E+02   2.4399030E+06   0.0000000E+00   0.0000000E+00   0.0000000E+00   0.0000000E+00
     9.3900000E+02   1.6127435E+02   1.2743579E+00   2.2384007E+02   2.4317295E+06   0.0000000E+00   0.0000000E+00   0.0000000E+00   0.0000000E+00
     9.4000000E+02   1.6127322E+02   1.2732220E+00   2.2382738E+02   2.4281170E+06   0.0000000E+00   0.0000000E+00   0.0000000E+00   0.0000000E+00
     9.4100000E+02   1.6127090E+02   1.2709111E+00   2.2381631E+02   2.4207765E+06   0.0000000E+00   0.0000000E+00   0.0000000E+00   0.0000000E+00
     9.4200000E+02   1.6126942E+02   1.2694279E+00   2.2380669E+02   2.4160698E+06   0.0000000E+00   0.0000000E+00   0.0000000E+00   0.0000000E+00
     9.4300000E+02   1.6126797E+02   1.2679679E+00   2.2379829E+02   2.4114405E+06   0.0000000E+00   0.0000000E+00   0.0000000E+00   0.0000000E+00
     9.4400000E+02   1.6126630E+02   1.2662921E+00   2.2379095E+02   2.4061310E+06   0.0000000E+00   0.0000000E+00   0.0000000E+00   0.0000000E+00
     9.4500000E+02   1.6126498E+02   1.2649815E+00   2.2378456E+02   2.4019818E+06   0.0000000E+00   0.0000000E+00   0.0000000E+00   0.0000000E+00
     9.4600000E+02   1.6126205E+02   1.2620578E+00   2.2377863E+02   2.3927360E+06   0.0000000E+00   0.0000000E+00   0.0000000E+00   0.0000000E+00
     9.4700000E+02   1.6125870E+02   1.2586935E+00   2.2377332E+02   2.3821148E+06   0.0000000E+00   0.0000000E+00   0.0000000E+00   0.0000000E+00
     9.4800000E+02   1.6125554E+02   1.2555368E+00   2.2377899E+02   2.3721665E+06   0.0000000E+00   0.0000000E+00   0.0000000E+00   0.0000000E+00
     9.4900000E+02   1.6125362E+02   1.2536089E+00   2.2379359E+02   2.3660988E+06   0.0000000E+00   0.0000000E+00   0.0000000E+00   0.0000000E+00
     9.5000000E+02   1.6125226E+02   1.2522560E+00   2.2379936E+02   2.3618448E+06   0.0000000E+00   0.0000000E+00   0.0000000E+00   0.0000000E+00
     9.5100000E+02   1.6125104E+02   1.2510352E+00   2.2380394E+02   2.3580085E+06   0.0000000E+00   0.0000000E+00   0.0000000E+00   0.0000000E+00
     9.5200000E+02   1.6124785E+02   1.2478460E+00   2.2380740E+02   2.3479982E+06   0.0000000E+00   0.0000000E+00   0.0000000E+00   0.0000000E+00
     9.5300000E+02   1.6124580E+02   1.2457982E+00   2.2381018E+02   2.3415798E+06   0.0000000E+00   0.0000000E+00   0.0000000E+00   0.0000000E+00
     9.5400000E+02   1.6124284E+02   1.2428501E+00   2.2381218E+02   2.3323512E+06   0.0000000E+00   0.0000000E+00   0.0000000E+00   0.0000000E+00
     9.5500000E+02   1.6124036E+02   1.2403497E+00   2.2381367E+02   2.3245362E+06   0.0000000E+00   0.0000000E+00   0.0000000E+00   0.0000000E+00
     9.5600000E+02   1.6125151E+02   1.2515149E+00   2.2381508E+02   2.3595158E+06   0.0000000E+00   0.0000000E+00   0.0000000E+00   0.0000000E+00
     9.5700000E+02   1.6125005E+02   1.2500484E+00   2.2382281E+02   2.3549090E+06   0.0000000E+00   0.0000000E+00   0.0000000E+00   0.0000000E+00
     9.5800000E+02   1.6125104E+02   1.2510443E+00   2.2383034E+02   2.3580362E+06   0.0000000E+00   0.0000000E+00   0.0000000E+00   0.0000000E+00
     9.5900000E+02   1.6125444E+02   1.2544453E+00   2.2383679E+02   2.3687712E+06   0.0000000E+00   0.0000000E+00   0.0000000E+00   0.0000000E+00
     9.6000000E+02   1.6124387E+02   1.2438637E+00   2.2384183E+02   2.3355228E+06   0.0000000E+00   0.0000000E+00   0.0000000E+00   0.0000000E+00
     9.6100000E+02   1.6123473E+02   1.2347289E+00   2.2385847E+02   2.3070062E+06   0.0000000E+00   0.0000000E+00   0.0000000E+00   0.0000000E+00
     9.6200000E+02   1.6122673E+02   1.2267320E+00   2.2385965E+02   2.2821570E+06   0.0000000E+00   0.0000000E+00   0.0000000E+00   0.0000000E+00
     9.6300000E+02   1.6122044E+02   1.2204481E+00   2.2386047E+02   2.2627068E+06   0.0000000E+00   0.0000000E+00   0.0000000E+00   0.0000000E+00
     9.6400000E+02   1.6121602E+02   1.2160207E+00   2.2386105E+02   2.2490425E+06   0.0000000E+00   0.0000000E+00   0.0000000E+00   0.0000000E+00
     9.6500000E+02   1.6120428E+02   1.2042860E+00   2.2385489E+02   2.2129865E+06   0.0000000E+00   0.0000000E+00   0.0000000E+00   0.0000000E+00
     9.6600000E+02   1.6118788E+02   1.1878793E+00   2.2384395E+02   2.1629672E+06   0.0000000E+00   0.0000000E+00   0.0000000E+00   0.0000000E+00
     9.6700000E+02   1.6116742E+02   1.1674181E+00   2.2382759E+02   2.1012295E+06   0.0000000E+00   0.0000000E+00   0.0000000E+00   0.0000000E+00
     9.6800000E+02   1.6113487E+02   1.1348675E+00   2.2380904E+02   2.0044939E+06   0.0000000E+00   0.0000000E+00   0.0000000E+00   0.0000000E+00
     9.6900000E+02   1.6110564E+02   1.1056376E+00   2.2379073E+02   1.9191874E+06   0.0000000E+00   0.0000000E+00   0.0000000E+00   0.0000000E+00
     9.7000000E+02   1.6108383E+02   1.0838360E+00   2.2377380E+02   1.8565304E+06   0.0000000E+00   0.0000000E+00   0.0000000E+00   0.0000000E+00
     9.7100000E+02   1.6106821E+02   1.0682101E+00   2.2375868E+02   1.8121350E+06   0.0000000E+00   0.0000000E+00   0.0000000E+00   0.0000000E+00
     9.7200000E+02   1.6105629E+02   1.0562838E+00   2.2378018E+02   1.7785408E+06   0.0000000E+00   0.0000000E+00   0.0000000E+00   0.0000000E+00
     9.7300000E+02   1.6104794E+02   1.0479499E+00   2.2381596E+02   1.7552151E+06   0.0000000E+00   0.0000000E+00   0.0000000E+00   0.0000000E+00
     9.7400000E+02   1.6104630E+02   1.0462955E+00   2.2384624E+02   1.7507788E+06   0.0000000E+00   0.0000000E+00   0.0000000E+00   0.0000000E+00
     9.7500000E+02   1.6104111E+02   1.0411067E+00   2.2386664E+02   1.7360866E+06   0.0000000E+00   0.0000000E+00   0.0000000E+00   0.0000000E+00
     9.7600000E+02   1.6107385E+02   1.0738542E+00   2.2388037E+02   1.8282124E+06   0.0000000E+00   0.0000000E+00   0.0000000E+00   0.0000000E+00
     9.7700000E+02   1.6109416E+02   1.0941666E+00   2.2388661E+02   1.8863220E+06   0.0000000E+00   0.0000000E+00   0.0000000E+00   0.0000000E+00
     9.7800000E+02   1.6109314E+02   1.0931344E+00   2.2388928E+02   1.8832951E+06   0.0000000E+00   0.0000000E+00   0.0000000E+00   0.0000000E+00
     9.7900000E+02   1.6108771E+02   1.0877112E+00   2.2388586E+02   1.8675959E+06   0.0000000E+00   0.0000000E+00   0.0000000E+00   0.0000000E+00
     9.8000000E+02   1.6107623E+02   1.0762404E+00   2.2388164E+02   1.8349048E+06   0.0000000E+00   0.0000000E+00   0.0000000E+00   0.0000000E+00
     9.8100000E+02   1.6106152E+02   1.0615208E+00   2.2386900E+02   1.7932628E+06   0.0000000E+00   0.0000000E+00   0.0000000E+00   0.0000000E+00
     9.8200000E+02   1.6104482E+02   1.0448202E+00   2.2385747E+02   1.7464870E+06   0.0000000E+00   0.0000000E+00   0.0000000E+00   0.0000000E+00
     9.8300000E+02   1.6103044E+02   1.0304408E+00   2.2384700E+02   1.7066210E+06   0.0000000E+00   0.0000000E+00   0.0000000E+00   0.0000000E+00
     9.8400000E+02   1.6101886E+02   1.0188553E+00   2.2383223E+02   1.6748731E+06   0.0000000E+00   0.0000000E+00   0.0000000E+00   0.0000000E+00
     9.8500000E+02   1.6100801E+02   1.0080144E+00   2.2381624E+02   1.6451530E+06   0.0000000E+00   0.0000000E+00   0.0000000E+00   0.0000000E+00
     9.8600000E+02   1.6099924E+02   9.9923074E-01   2.2380234E+02   1.6212989E+06   0.0000000E+00   0.0000000E+00   0.0000000E+00   0.0000000E+00
     9.8700000E+02   1.6099049E+02   9.9048924E-01   2.2382323E+02   1.5976126E+06   0.0000000E+00   0.0000000E+00   0.0000000E+00   0.0000000E+00
     9.8800000E+02   1.6098361E+02   9.8361689E-01   2.2786159E+02   1.5795464E+06   0.0000000E+00   0.0000000E+00   0.0000000E+00   0.0000000E+00
     9.8900000E+02   1.6097829E+02   9.7829294E-01   2.2384880E+02   1.5652064E+06   0.0000000E+00   0.0000000E+00   0.0000000E+00   0.0000000E+00
     9.9000000E+02   1.6097430E+02   9.7430104E-01   2.2380179E+02   1.5545346E+06   0.0000000E+00   0.0000000E+00   0.0000000E+00   0.0000000E+00
     9.9100000E+02   1.6097003E+02   9.7002965E-01   2.2376089E+02   1.5430821E+06   0.0000000E+00   0.0000000E+00   0.0000000E+00   0.0000000E+00
     9.9200000E+02   1.6096472E+02   9.6471441E-01   2.2372530E+02   1.5291022E+06   0.0000000E+00   0.0000000E+00   0.0000000E+00   0.0000000E+00
     9.9300000E+02   1.6095935E+02   9.5934987E-01   2.2369431E+02   1.5151846E+06   0.0000000E+00   0.0000000E+00   0.0000000E+00   0.0000000E+00
     9.9400000E+02   1.6095454E+02   9.5454931E-01   2.2366730E+02   1.5022538E+06   0.0000000E+00   0.0000000E+00   0.0000000E+00   0.0000000E+00
     9.9500000E+02   1.6095131E+02   9.5131159E-01   2.2364377E+02   1.4937421E+06   0.0000000E+00   0.0000000E+00   0.0000000E+00   0.0000000E+00
     9.9600000E+02   1.6094905E+02   9.4905710E-01   2.2362708E+02   1.4880276E+06   0.0000000E+00   0.0000000E+00   0.0000000E+00   0.0000000E+00
     9.9700000E+02   1.6094644E+02   9.4644016E-01   2.2367044E+02   1.4808606E+06   0.0000000E+00   0.0000000E+00   0.0000000E+00   0.0000000E+00
     9.9800000E+02   1.6094365E+02   9.4364721E-01   2.2368501E+02   1.4738525E+06   0.0000000E+00   0.0000000E+00   0.0000000E+00   0.0000000E+00
     9.9900000E+02   1.6093982E+02   9.3981922E-01   2.2368916E+02   1.4638634E+06   0.0000000E+00   0.0000000E+00   0.0000000E+00   0.0000000E+00
     1.0000000E+03   1.6093648E+02   9.3648380E-01   2.2369260E+02   1.4553992E+06   0.0000000E+00   0.0000000E+00   0.0000000E+00   0.0000000E+00
     1.0010000E+03   1.6097545E+02   9.7544914E-01   2.2369595E+02   1.5577468E+06   0.0000000E+00   0.0000000E+00   0.0000000E+00   0.0000000E+00
     1.0020000E+03   1.6095564E+02   9.5565033E-01   2.2369876E+02   1.5053989E+06   0.0000000E+00   0.0000000E+00   0.0000000E+00   0.0000000E+00
     1.0030000E+03   1.6094339E+02   9.4338262E-01   2.2370094E+02   1.4733926E+06   0.0000000E+00   0.0000000E+00   0.0000000E+00   0.0000000E+00
     1.0040000E+03   1.6093588E+02   9.3587613E-01   2.2370264E+02   1.4534488E+06   0.0000000E+00   0.0000000E+00   0.0000000E+00   0.0000000E+00
     1.0050000E+03   1.6093013E+02   9.3012595E-01   2.2370393E+02   1.4388139E+06   0.0000000E+00   0.0000000E+00   0.0000000E+00   0.0000000E+00
     1.0060000E+03   1.6092613E+02   9.2612618E-01   2.2370496E+02   1.4284058E+06   0.0000000E+00   0.0000000E+00   0.0000000E+00   0.0000000E+00
     1.0070000E+03   1.6092313E+02   9.2312902E-01   2.2370573E+02   1.4209805E+06   0.0000000E+00   0.0000000E+00   0.0000000E+00   0.0000000E+00
     1.0080000E+03   1.6092012E+02   9.2012477E-01   2.2370628E+02   1.4128589E+06   0.0000000E+00   0.0000000E+00   0.0000000E+00   0.0000000E+00
     1.0090000E+03   1.6091762E+02   9.1762364E-01   2.2370668E+02   1.4066485E+06   0.0000000E+00   0.0000000E+00   0.0000000E+00   0.0000000E+00
     1.0100000E+03   1.6091562E+02   9.1562206E-01   2.2370694E+02   1.4016946E+06   0.0000000E+00   0.0000000E+00   0.0000000E+00   0.0000000E+00
     1.0110000E+03   1.6091362E+02   9.1361874E-01   2.2370708E+02   1.3967051E+06   0.0000000E+00   0.0000000E+00   0.0000000E+00   0.0000000E+00
     1.0120000E+03   1.6091211E+02   9.1211343E-01   2.2370712E+02   1.3926094E+06   0.0000000E+00   0.0000000E+00   0.0000000E+00   0.0000000E+00
     1.0130000E+03   1.6091061E+02   9.1060942E-01   2.2370714E+02   1.3888458E+06   0.0000000E+00   0.0000000E+00   0.0000000E+00   0.0000000E+00
     1.0140000E+03   1.6090898E+02   9.0897900E-01   2.2370711E+02   1.3846326E+06   0.0000000E+00   0.0000000E+00   0.0000000E+00   0.0000000E+00
     1.0150000E+03   1.6090688E+02   9.0688205E-01   2.2374461E+02   1.3795889E+06   0.0000000E+00   0.0000000E+00   0.0000000E+00   0.0000000E+00
     1.0160000E+03   1.6090494E+02   9.0494174E-01   2.2378482E+02   1.3742958E+06   0.0000000E+00   0.0000000E+00   0.0000000E+00   0.0000000E+00
     1.0170000E+03   1.6090291E+02   9.0291464E-01   2.2381882E+02   1.3693521E+06   0.0000000E+00   0.0000000E+00   0.0000000E+00   0.0000000E+00
     1.0180000E+03   1.6090025E+02   9.0025973E-01   2.2382654E+02   1.3623791E+06   0.0000000E+00   0.0000000E+00   0.0000000E+00   0.0000000E+00
     1.0190000E+03   1.6089728E+02   8.9727592E-01   2.2382857E+02   1.3549538E+06   0.0000000E+00   0.0000000E+00   0.0000000E+00   0.0000000E+00
     1.0200000E+03   1.6089453E+02   8.9453793E-01   2.2383022E+02   1.3481899E+06   0.0000000E+00   0.0000000E+00   0.0000000E+00   0.0000000E+00
     1.0210000E+03   1.6089142E+02   8.9141828E-01   2.2383151E+02   1.3403875E+06   0.0000000E+00   0.0000000E+00   0.0000000E+00   0.0000000E+00
     1.0220000E+03   1.6088779E+02   8.8779241E-01   2.2383250E+02   1.3313422E+06   0.0000000E+00   0.0000000E+00   0.0000000E+00   0.0000000E+00
     1.0230000E+03   1.6088391E+02   8.8391078E-01   2.2383315E+02   1.3216632E+06   0.0000000E+00   0.0000000E+00   0.0000000E+00   0.0000000E+00
     1.0240000E+03   1.6088049E+02   8.8049364E-01   2.2381279E+02   1.3132655E+06   0.0000000E+00   0.0000000E+00   0.0000000E+00   0.0000000E+00
     1.0250000E+03   1.6087811E+02   8.7812030E-01   2.2379536E+02   1.3071660E+06   0.0000000E+00   0.0000000E+00   0.0000000E+00   0.0000000E+00
     1.0260000E+03   1.6087553E+02   8.7553185E-01   2.2378043E+02   1.3006054E+06   0.0000000E+00   0.0000000E+00   0.0000000E+00   0.0000000E+00
     1.0270000E+03   1.6087309E+02   8.7310004E-01   2.2376762E+02   1.2945300E+06   0.0000000E+00   0.0000000E+00   0.0000000E+00   0.0000000E+00
     1.0280000E+03   1.6087070E+02   8.7069458E-01   2.2375661E+02   1.2886449E+06   0.0000000E+00   0.0000000E+00   0.0000000E+00   0.0000000E+00
     1.0290000E+03   1.6086781E+02   8.6780947E-01   2.2374715E+02   1.2815522E+06   0.0000000E+00   0.0000000E+00   0.0000000E+00   0.0000000E+00
     1.0300000E+03   1.6086444E+02   8.6444235E-01   2.2373898E+02   1.2733216E+06   0.0000000E+00   0.0000000E+00   0.0000000E+00   0.0000000E+00
     1.0310000E+03   1.6086159E+02   8.6159259E-01   2.2373193E+02   1.2663870E+06   0.0000000E+00   0.0000000E+00   0.0000000E+00   0.0000000E+00
     1.0320000E+03   1.6085922E+02   8.5921574E-01   2.2372284E+02   1.2604674E+06   0.0000000E+00   0.0000000E+00   0.0000000E+00   0.0000000E+00
     1.0330000E+03   1.6085704E+02   8.5703528E-01   2.2370950E+02   1.2554244E+06   0.0000000E+00   0.0000000E+00   0.0000000E+00   0.0000000E+00
     1.0340000E+03   1.6085487E+02   8.5488015E-01   2.2369804E+02   1.2502976E+06   0.0000000E+00   0.0000000E+00   0.0000000E+00   0.0000000E+00
     1.0350000E+03   1.6085274E+02   8.5274416E-01   2.2368819E+02   1.2447022E+06   0.0000000E+00   0.0000000E+00   0.0000000E+00   0.0000000E+00
     1.0360000E+03   1.6084962E+02   8.4963071E-01   2.2367969E+02   1.2374200E+06   0.0000000E+00   0.0000000E+00   0.0000000E+00   0.0000000E+00
     1.0370000E+03   1.6084727E+02   8.4728068E-01   2.2367236E+02   1.2314310E+06   0.0000000E+00   0.0000000E+00   0.0000000E+00   0.0000000E+00
     1.0380000E+03   1.6084544E+02   8.4544617E-01   2.2366605E+02   1.2269226E+06   0.0000000E+00   0.0000000E+00   0.0000000E+00   0.0000000E+00
     1.0390000E+03   1.6084238E+02   8.4237552E-01   2.2366057E+02   1.2198278E+06   0.0000000E+00   0.0000000E+00   0.0000000E+00   0.0000000E+00
     1.0400000E+03   1.6084006E+02   8.4006399E-01   2.2365582E+02   1.2143436E+06   0.0000000E+00   0.0000000E+00   0.0000000E+00   0.0000000E+00
     1.0410000E+03   1.6083838E+02   8.3838445E-01   2.2365172E+02   1.2101419E+06   0.0000000E+00   0.0000000E+00   0.0000000E+00   0.0000000E+00
     1.0420000E+03   1.6083618E+02   8.3618903E-01   2.2364636E+02   1.2047156E+06   0.0000000E+00   0.0000000E+00   0.0000000E+00   0.0000000E+00
     1.0430000E+03   1.6083328E+02   8.3328205E-01   2.2363416E+02   1.1979485E+06   0.0000000E+00   0.0000000E+00   0.0000000E+00   0.0000000E+00
     1.0440000E+03   1.6083115E+02   8.3114570E-01   2.2362364E+02   1.1927035E+06   0.0000000E+00   0.0000000E+00   0.0000000E+00   0.0000000E+00
     1.0450000E+03   1.6082953E+02   8.2952917E-01   2.2361461E+02   1.1887902E+06   0.0000000E+00   0.0000000E+00   0.0000000E+00   0.0000000E+00
     1.0460000E+03   1.6082718E+02   8.2718194E-01   2.2360681E+02   1.1833961E+06   0.0000000E+00   0.0000000E+00   0.0000000E+00   0.0000000E+00
     1.0470000E+03   1.6082484E+02   8.2484609E-01   2.2360007E+02   1.1775079E+06   0.0000000E+00   0.0000000E+00   0.0000000E+00   0.0000000E+00
     1.0480000E+03   1.6082277E+02   8.2277429E-01   2.2359425E+02   1.1725982E+06   0.0000000E+00   0.0000000E+00   0.0000000E+00   0.0000000E+00
     1.0490000E+03   1.6082071E+02   8.2071489E-01   2.2358922E+02   1.1680234E+06   0.0000000E+00   0.0000000E+00   0.0000000E+00   0.0000000E+00
     1.0500000E+03   1.6081866E+02   8.1866169E-01   2.2358485E+02   1.1629930E+06   0.0000000E+00   0.0000000E+00   0.0000000E+00   0.0000000E+00
     1.0510000E+03   1.6081686E+02   8.1686586E-01   2.2358107E+02   1.1585841E+06   0.0000000E+00   0.0000000E+00   0.0000000E+00   0.0000000E+00
     1.0520000E+03   1.6081496E+02   8.1495434E-01   2.2357779E+02   1.1543106E+06   0.0000000E+00   0.0000000E+00   0.0000000E+00   0.0000000E+00
     1.0530000E+03   1.6081380E+02   8.1379634E-01   2.2357492E+02   1.1517309E+06   0.0000000E+00   0.0000000E+00   0.0000000E+00   0.0000000E+00
     1.0540000E+03   1.6081227E+02   8.1226605E-01   2.2357243E+02   1.1477579E+06   0.0000000E+00   0.0000000E+00   0.0000000E+00   0.0000000E+00
     1.0550000E+03   1.6081050E+02   8.1049436E-01   2.2357025E+02   1.1438682E+06   0.0000000E+00   0.0000000E+00   0.0000000E+00   0.0000000E+00
     1.0560000E+03   1.6080859E+02   8.0859929E-01   2.2356833E+02   1.1393255E+06   0.0000000E+00   0.0000000E+00   0.0000000E+00   0.0000000E+00
     1.0570000E+03   1.6080521E+02   8.0521107E-01   2.2356662E+02   1.1312559E+06   0.0000000E+00   0.0000000E+00   0.0000000E+00   0.0000000E+00
     1.0580000E+03   1.6080319E+02   8.0319875E-01   2.2356511E+02   1.1267365E+06   0.0000000E+00   0.0000000E+00   0.0000000E+00   0.0000000E+00
     1.0590000E+03   1.6080206E+02   8.0205959E-01   2.2356377E+02   1.1239796E+06   0.0000000E+00   0.0000000E+00   0.0000000E+00   0.0000000E+00
     1.0600000E+03   1.6080017E+02   8.0017555E-01   2.2356258E+02   1.1196369E+06   0.0000000E+00   0.0000000E+00   0.0000000E+00   0.0000000E+00
     1.0610000E+03   1.6079892E+02   7.9891717E-01   2.2356151E+02   1.1168866E+06   0.0000000E+00   0.0000000E+00   0.0000000E+00   0.0000000E+00
     1.0620000E+03   1.6079716E+02   7.9715949E-01   2.2356056E+02   1.1125920E+06   0.0000000E+00   0.0000000E+00   0.0000000E+00   0.0000000E+00
     1.0630000E+03   1.6079665E+02   7.9664946E-01   2.2355971E+02   1.1112250E+06   0.0000000E+00   0.0000000E+00   0.0000000E+00   0.0000000E+00
     1.0640000E+03   1.6079564E+02   7.9564440E-01   2.2355894E+02   1.1090948E+06   0.0000000E+00   0.0000000E+00   0.0000000E+00   0.0000000E+00
     1.0650000E+03   1.6079463E+02   7.9463780E-01   2.2355826E+02   1.1065350E+06   0.0000000E+00   0.0000000E+00   0.0000000E+00   0.0000000E+00
     1.0660000E+03   1.6079262E+02   7.9261667E-01   2.2355597E+02   1.1019742E+06   0.0000000E+00   0.0000000E+00   0.0000000E+00   0.0000000E+00
     1.0670000E+03   1.6079053E+02   7.9052556E-01   2.2354800E+02   1.0973306E+06   0.0000000E+00   0.0000000E+00   0.0000000E+00   0.0000000E+00
     1.0680000E+03   1.6078944E+02   7.8944230E-01   2.2354112E+02   1.0945698E+06   0.0000000E+00   0.0000000E+00   0.0000000E+00   0.0000000E+00
     1.0690000E+03   1.6078862E+02   7.8862351E-01   2.2353520E+02   1.0930021E+06   0.0000000E+00   0.0000000E+00   0.0000000E+00   0.0000000E+00
     1.0700000E+03   1.6078781E+02   7.8781116E-01   2.2353009E+02   1.0907982E+06   0.0000000E+00   0.0000000E+00   0.0000000E+00   0.0000000E+00
     1.0710000E+03   1.6078526E+02   7.8526700E-01   2.2352567E+02   1.0850319E+06   0.0000000E+00   0.0000000E+00   0.0000000E+00   0.0000000E+00
     1.0720000E+03   1.6078372E+02   7.8372693E-01   2.2352182E+02   1.0816749E+06   0.0000000E+00   0.0000000E+00   0.0000000E+00   0.0000000E+00
     1.0730000E+03   1.6078319E+02   7.8318602E-01   2.2351849E+02   1.0800675E+06   0.0000000E+00   0.0000000E+00   0.0000000E+00   0.0000000E+00
     1.0740000E+03   1.6078116E+02   7.8115970E-01   2.2351561E+02   1.0755126E+06   0.0000000E+00   0.0000000E+00   0.0000000E+00   0.0000000E+00
     1.0750000E+03   1.6078014E+02   7.8013283E-01   2.2351309E+02   1.0730712E+06   0.0000000E+00   0.0000000E+00   0.0000000E+00   0.0000000E+00
     1.0760000E+03   1.6077986E+02   7.7985716E-01   2.2351093E+02   1.0724128E+06   0.0000000E+00   0.0000000E+00   0.0000000E+00   0.0000000E+00
     1.0770000E+03   1.6077896E+02   7.7896404E-01   2.2350903E+02   1.0705499E+06   0.0000000E+00   0.0000000E+00   0.0000000E+00   0.0000000E+00
     1.0780000E+03   1.6077757E+02   7.7757668E-01   2.2350739E+02   1.0676374E+06   0.0000000E+00   0.0000000E+00   0.0000000E+00   0.0000000E+00
     1.0790000E+03   1.6077705E+02   7.7705938E-01   2.2350594E+02   1.0661061E+06   0.0000000E+00   0.0000000E+00   0.0000000E+00   0.0000000E+00
     1.0800000E+03   1.6077655E+02   7.7654779E-01   2.2350468E+02   1.0651755E+06   0.0000000E+00   0.0000000E+00   0.0000000E+00   0.0000000E+00
     1.0810000E+03   1.6077629E+02   7.7628398E-01   2.2350359E+02   1.0642982E+06   0.0000000E+00   0.0000000E+00   0.0000000E+00   0.0000000E+00
     1.0820000E+03   1.6077502E+02   7.7502847E-01   2.2350262E+02   1.0614856E+06   0.0000000E+00   0.0000000E+00   0.0000000E+00   0.0000000E+00
     1.0830000E+03   1.6077341E+02   7.7340156E-01   2.2350175E+02   1.0578999E+06   0.0000000E+00   0.0000000E+00   0.0000000E+00   0.0000000E+00
     1.0840000E+03   1.6077177E+02   7.7177602E-01   2.2350098E+02   1.0543526E+06   0.0000000E+00   0.0000000E+00   0.0000000E+00   0.0000000E+00
     1.0850000E+03   1.6077002E+02   7.7002621E-01   2.2350027E+02   1.0503611E+06   0.0000000E+00   0.0000000E+00   0.0000000E+00   0.0000000E+00
     1.0860000E+03   1.6076877E+02   7.6877505E-01   2.2349965E+02   1.0475397E+06   0.0000000E+00   0.0000000E+00   0.0000000E+00   0.0000000E+00
     1.0870000E+03   1.6076778E+02   7.6777184E-01   2.2349908E+02   1.0450232E+06   0.0000000E+00   0.0000000E+00   0.0000000E+00   0.0000000E+00
     1.0880000E+03   1.6076614E+02   7.6614934E-01   2.2349855E+02   1.0414142E+06   0.0000000E+00   0.0000000E+00   0.0000000E+00   0.0000000E+00
     1.0890000E+03   1.6076602E+02   7.6601881E-01   2.2349809E+02   1.0410159E+06   0.0000000E+00   0.0000000E+00   0.0000000E+00   0.0000000E+00
     1.0900000E+03   1.6076701E+02   7.6700860E-01   2.2349770E+02   1.0432157E+06   0.0000000E+00   0.0000000E+00   0.0000000E+00   0.0000000E+00
     1.0910000E+03   1.6076651E+02   7.6650804E-01   2.2349734E+02   1.0422798E+06   0.0000000E+00   0.0000000E+00   0.0000000E+00   0.0000000E+00
     1.0920000E+03   1.6076550E+02   7.6550943E-01   2.2349701E+02   1.0400417E+06   0.0000000E+00   0.0000000E+00   0.0000000E+00   0.0000000E+00
     1.0930000E+03   1.6076401E+02   7.6401365E-01   2.2349669E+02   1.0366812E+06   0.0000000E+00   0.0000000E+00   0.0000000E+00   0.0000000E+00
     1.0940000E+03   1.6076326E+02   7.6326269E-01   2.2349640E+02   1.0347426E+06   0.0000000E+00   0.0000000E+00   0.0000000E+00   0.0000000E+00
     1.0950000E+03   1.6076302E+02   7.6301295E-01   2.2349614E+02   1.0345286E+06   0.0000000E+00   0.0000000E+00   0.0000000E+00   0.0000000E+00
     1.0960000E+03   1.6076302E+02   7.6300824E-01   2.2349590E+02   1.0342022E+06   0.0000000E+00   0.0000000E+00   0.0000000E+00   0.0000000E+00
     1.0970000E+03   1.6076300E+02   7.6300514E-01   2.2349568E+02   1.0340237E+06   0.0000000E+00   0.0000000E+00   0.0000000E+00   0.0000000E+00
     1.0980000E+03   1.6077022E+02   7.7021778E-01   2.2349554E+02   1.0508381E+06   0.0000000E+00   0.0000000E+00   0.0000000E+00   0.0000000E+00
     1.0990000E+03   1.6079013E+02   7.9012346E-01   2.2349564E+02   1.0964604E+06   0.0000000E+00   0.0000000E+00   0.0000000E+00   0.0000000E+00
     1.1000000E+03   1.6079672E+02   7.9672164E-01   2.2349586E+02   1.1115725E+06   0.0000000E+00   0.0000000E+00   0.0000000E+00   0.0000000E+00
     1.1010000E+03   1.6079037E+02   7.9037887E-01   2.2349614E+02   1.0970862E+06   0.0000000E+00   0.0000000E+00   0.0000000E+00   0.0000000E+00
     1.1020000E+03   1.6077843E+02   7.7843285E-01   2.2349623E+02   1.0691338E+06   0.0000000E+00   0.0000000E+00   0.0000000E+00   0.0000000E+00
     1.1030000E+03   1.6077122E+02   7.7122074E-01   2.2349622E+02   1.0531228E+06   0.0000000E+00   0.0000000E+00   0.0000000E+00   0.0000000E+00
     1.1040000E+03   1.6076724E+02   7.6723808E-01   2.2349612E+02   1.0436855E+06   0.0000000E+00   0.0000000E+00   0.0000000E+00   0.0000000E+00
     1.1050000E+03   1.6077483E+02   7.7482474E-01   2.2349608E+02   1.0611241E+06   0.0000000E+00   0.0000000E+00   0.0000000E+00   0.0000000E+00
     1.1060000E+03   1.6077022E+02   7.7022302E-01   2.2349600E+02   1.0507842E+06   0.0000000E+00   0.0000000E+00   0.0000000E+00   0.0000000E+00
     1.1070000E+03   1.6076649E+02   7.6648962E-01   2.2349591E+02   1.0420417E+06   0.0000000E+00   0.0000000E+00   0.0000000E+00   0.0000000E+00
     1.1080000E+03   1.6076387E+02   7.6387751E-01   2.2349579E+02   1.0362276E+06   0.0000000E+00   0.0000000E+00   0.0000000E+00   0.0000000E+00
     1.1090000E+03   1.6076225E+02   7.6225871E-01   2.2349565E+02   1.0324219E+06   0.0000000E+00   0.0000000E+00   0.0000000E+00   0.0000000E+00
     1.1100000E+03   1.6076126E+02   7.6126254E-01   2.2349551E+02   1.0301932E+06   0.0000000E+00   0.0000000E+00   0.0000000E+00   0.0000000E+00
     1.1110000E+03   1.6076076E+02   7.6076347E-01   2.2349538E+02   1.0290370E+06   0.0000000E+00   0.0000000E+00   0.0000000E+00   0.0000000E+00
     1.1120000E+03   1.6076003E+02   7.6001805E-01   2.2349529E+02   1.0276354E+06   0.0000000E+00   0.0000000E+00   0.0000000E+00   0.0000000E+00
     1.1130000E+03   1.6075952E+02   7.5951898E-01   2.2349521E+02   1.0263417E+06   0.0000000E+00   0.0000000E+00   0.0000000E+00   0.0000000E+00
     1.1140000E+03   1.6075977E+02   7.5976813E-01   2.2349519E+02   1.0270369E+06   0.0000000E+00   0.0000000E+00   0.0000000E+00   0.0000000E+00
     1.1150000E+03   1.6075984E+02   7.5984454E-01   2.2351201E+02   1.0271048E+06   0.0000000E+00   0.0000000E+00   0.0000000E+00   0.0000000E+00
     1.1160000E+03   1.6075952E+02   7.5952441E-01   2.2357881E+02   1.0265789E+06   0.0000000E+00   0.0000000E+00   0.0000000E+00   0.0000000E+00
     1.1170000E+03   1.6075909E+02   7.5909966E-01   2.2366843E+02   1.0256731E+06   0.0000000E+00   0.0000000E+00   0.0000000E+00   0.0000000E+00
     1.1180000E+03   1.6075864E+02   7.5862896E-01   2.2371272E+02   1.0244461E+06   0.0000000E+00   0.0000000E+00   0.0000000E+00   0.0000000E+00
     1.1190000E+03   1.6075844E+02   7.5843757E-01   2.2374907E+02   1.0239596E+06   0.0000000E+00   0.0000000E+00   0.0000000E+00   0.0000000E+00
     1.1200000E+03   1.6075868E+02   7.5867921E-01   2.2377989E+02   1.0244942E+06   0.0000000E+00   0.0000000E+00   0.0000000E+00   0.0000000E+00
     1.1210000E+03   1.6075879E+02   7.5878447E-01   2.2378864E+02   1.0249766E+06   0.0000000E+00   0.0000000E+00   0.0000000E+00   0.0000000E+00
     1.1220000E+03   1.6075883E+02   7.5883001E-01   2.2380304E+02   1.0248414E+06   0.0000000E+00   0.0000000E+00   0.0000000E+00   0.0000000E+00
     1.1230000E+03   1.6075853E+02   7.5852287E-01   2.2380867E+02   1.0243179E+06   0.0000000E+00   0.0000000E+00   0.0000000E+00   0.0000000E+00
     1.1240000E+03   1.6075804E+02   7.5803888E-01   2.2381017E+02   1.0228484E+06   0.0000000E+00   0.0000000E+00   0.0000000E+00   0.0000000E+00
     1.1250000E+03   1.6075743E+02   7.5743079E-01   2.2381142E+02   1.0217347E+06   0.0000000E+00   0.0000000E+00   0.0000000E+00   0.0000000E+00
     1.1260000E+03   1.6075682E+02   7.5681490E-01   2.2380164E+02   1.0203503E+06   0.0000000E+00   0.0000000E+00   0.0000000E+00   0.0000000E+00
     1.1270000E+03   1.6075644E+02   7.5644279E-01   2.2379132E+02   1.0194953E+06   0.0000000E+00   0.0000000E+00   0.0000000E+00   0.0000000E+00
     1.1280000E+03   1.6075647E+02   7.5646371E-01   2.2378253E+02   1.0195805E+06   0.0000000E+00   0.0000000E+00   0.0000000E+00   0.0000000E+00
     1.1290000E+03   1.6076324E+02   7.6324213E-01   2.2377509E+02   1.0348618E+06   0.0000000E+00   0.0000000E+00   0.0000000E+00   0.0000000E+00
     1.1300000E+03   1.6076054E+02   7.6054490E-01   2.2376874E+02   1.0287960E+06   0.0000000E+00   0.0000000E+00   0.0000000E+00   0.0000000E+00
     1.1310000E+03   1.6078346E+02   7.8346264E-01   2.2375359E+02   1.0809222E+06   0.0000000E+00   0.0000000E+00   0.0000000E+00   0.0000000E+00
     1.1320000E+03   1.6077141E+02   7.7141285E-01   2.2373814E+02   1.0535415E+06   0.0000000E+00   0.0000000E+00   0.0000000E+00   0.0000000E+00
     1.1330000E+03   1.6076526E+02   7.6526034E-01   2.2372490E+02   1.0391810E+06   0.0000000E+00   0.0000000E+00   0.0000000E+00   0.0000000E+00
     1.1340000E+03   1.6076189E+02   7.6188159E-01   2.2371353E+02   1.0317370E+06   0.0000000E+00   0.0000000E+00   0.0000000E+00   0.0000000E+00
     1.1350000E+03   1.6076003E+02   7.6001930E-01   2.2370381E+02   1.0274949E+06   0.0000000E+00   0.0000000E+00   0.0000000E+00   0.0000000E+00
     1.1360000E+03   1.6075854E+02   7.5854850E-01   2.2369550E+02   1.0242538E+06   0.0000000E+00   0.0000000E+00   0.0000000E+00   0.0000000E+00
     1.1370000E+03   1.6076158E+02   7.6157975E-01   2.2368840E+02   1.0308422E+06   0.0000000E+00   0.0000000E+00   0.0000000E+00   0.0000000E+00
     1.1380000E+03   1.6075926E+02   7.5926483E-01   2.2368234E+02   1.0257054E+06   0.0000000E+00   0.0000000E+00   0.0000000E+00   0.0000000E+00
     1.1390000E+03   1.6075758E+02   7.5758201E-01   2.2367714E+02   1.0220486E+06   0.0000000E+00   0.0000000E+00   0.0000000E+00   0.0000000E+00
     1.1400000E+03   1.6075703E+02   7.5704110E-01   2.2366309E+02   1.0208129E+06   0.0000000E+00   0.0000000E+00   0.0000000E+00   0.0000000E+00
     1.1410000E+03   1.6075638E+02   7.5638521E-01   2.2364981E+02   1.0194775E+06   0.0000000E+00   0.0000000E+00   0.0000000E+00   0.0000000E+00
     1.1420000E+03   1.6075575E+02   7.5575066E-01   2.2363844E+02   1.0178497E+06   0.0000000E+00   0.0000000E+00   0.0000000E+00   0.0000000E+00
     1.1430000E+03   1.6075739E+02   7.5737828E-01   2.2362872E+02   1.0213944E+06   0.0000000E+00   0.0000000E+00   0.0000000E+00   0.0000000E+00
     1.1440000E+03   1.6076649E+02   7.6649934E-01   2.2362051E+02   1.0421758E+06   0.0000000E+00   0.0000000E+00   0.0000000E+00   0.0000000E+00
     1.1450000E+03   1.6077139E+02   7.7139992E-01   2.2361363E+02   1.0534059E+06   0.0000000E+00   0.0000000E+00   0.0000000E+00   0.0000000E+00
     1.1460000E+03   1.6077400E+02   7.7399653E-01   2.2362228E+02   1.0591645E+06   0.0000000E+00   0.0000000E+00   0.0000000E+00   0.0000000E+00
     1.1470000E+03   1.6076607E+02   7.6606876E-01   2.2366751E+02   1.0412990E+06   0.0000000E+00   0.0000000E+00   0.0000000E+00   0.0000000E+00
     1.1480000E+03   1.6076198E+02   7.6197541E-01   2.2370061E+02   1.0317981E+06   0.0000000E+00   0.0000000E+00   0.0000000E+00   0.0000000E+00
     1.1490000E+03   1.6076199E+02   7.6199448E-01   2.2372287E+02   1.0322328E+06   0.0000000E+00   0.0000000E+00   0.0000000E+00   0.0000000E+00
     1.1500000E+03   1.6076001E+02   7.6001316E-01   2.2373471E+02   1.0274769E+06   0.0000000E+00   0.0000000E+00   0.0000000E+00   0.0000000E+00
     1.1510000E+03   1.6075876E+02   7.5875908E-01   2.2374475E+02   1.0246322E+06   0.0000000E+00   0.0000000E+00   0.0000000E+00   0.0000000E+00
     1.1520000E+03   1.6075812E+02   7.5811368E-01   2.2375328E+02   1.0233243E+06   0.0000000E+00   0.0000000E+00   0.0000000E+00   0.0000000E+00
     1.1530000E+03   1.6075789E+02   7.5789160E-01   2.2375568E+02   1.0225786E+06   0.0000000E+00   0.0000000E+00   0.0000000E+00   0.0000000E+00
     1.1540000E+03   1.6075768E+02   7.5766772E-01   2.2375771E+02   1.0224059E+06   0.0000000E+00   0.0000000E+00   0.0000000E+00   0.0000000E+00
     1.1550000E+03   1.6075755E+02   7.5755769E-01   2.2387488E+02   1.0217684E+06   0.0000000E+00   0.0000000E+00   0.0000000E+00   0.0000000E+00
     1.1560000E+03   1.6075679E+02   7.5678337E-01   2.2434035E+02   1.0203440E+06   0.0000000E+00   0.0000000E+00   0.0000000E+00   0.0000000E+00
     1.1570000E+03   1.6075645E+02   7.5644904E-01   2.2382341E+02   1.0195987E+06   0.0000000E+00   0.0000000E+00   0.0000000E+00   0.0000000E+00
     1.1580000E+03   1.6075610E+02   7.5610662E-01   2.2377356E+02   1.0185123E+06   0.0000000E+00   0.0000000E+00   0.0000000E+00   0.0000000E+00
     1.1590000E+03   1.6075620E+02   7.5619984E-01   2.2372876E+02   1.0189196E+06   0.0000000E+00   0.0000000E+00   0.0000000E+00   0.0000000E+00
     1.1600000E+03   1.6075613E+02   7.5613308E-01   2.2369165E+02   1.0187084E+06   0.0000000E+00   0.0000000E+00   0.0000000E+00   0.0000000E+00
     1.1610000E+03   1.6075644E+02   7.5644499E-01   2.2369713E+02   1.0192530E+06   0.0000000E+00   0.0000000E+00   0.0000000E+00   0.0000000E+00
     1.1620000E+03   1.6075641E+02   7.5640380E-01   2.2374593E+02   1.0191563E+06   0.0000000E+00   0.0000000E+00   0.0000000E+00   0.0000000E+00
     1.1630000E+03   1.6075635E+02   7.5634205E-01   2.2377232E+02   1.0191598E+06   0.0000000E+00   0.0000000E+00   0.0000000E+00   0.0000000E+00
     1.1640000E+03   1.6075621E+02   7.5620347E-01   2.2376057E+02   1.0190136E+06   0.0000000E+00   0.0000000E+00   0.0000000E+00   0.0000000E+00
     1.1650000E+03   1.6075597E+02   7.5595951E-01   2.2375055E+02   1.0184674E+06   0.0000000E+00   0.0000000E+00   0.0000000E+00   0.0000000E+00
     1.1660000E+03   1.6075562E+02   7.5560820E-01   2.2374199E+02   1.0175630E+06   0.0000000E+00   0.0000000E+00   0.0000000E+00   0.0000000E+00
     1.1670000E+03   1.6075540E+02   7.5539720E-01   2.2373474E+02   1.0168293E+06   0.0000000E+00   0.0000000E+00   0.0000000E+00   0.0000000E+00
     1.1680000E+03   1.6075545E+02   7.5544894E-01   2.2372856E+02   1.0170678E+06   0.0000000E+00   0.0000000E+00   0.0000000E+00   0.0000000E+00
     1.1690000E+03   1.6075500E+02   7.5501174E-01   2.2372324E+02   1.0162459E+06   0.0000000E+00   0.0000000E+00   0.0000000E+00   0.0000000E+00
     1.1700000E+03   1.6075819E+02   7.5820035E-01   2.2371872E+02   1.0233194E+06   0.0000000E+00   0.0000000E+00   0.0000000E+00   0.0000000E+00
     1.1710000E+03   1.6075665E+02   7.5665861E-01   2.2371489E+02   1.0197683E+06   0.0000000E+00   0.0000000E+00   0.0000000E+00   0.0000000E+00
     1.1720000E+03   1.6075562E+02   7.5562203E-01   2.2371159E+02   1.0173141E+06   0.0000000E+00   0.0000000E+00   0.0000000E+00   0.0000000E+00
     1.1730000E+03   1.6075484E+02   7.5483894E-01   2.2370876E+02   1.0156443E+06   0.0000000E+00   0.0000000E+00   0.0000000E+00   0.0000000E+00
     1.1740000E+03   1.6075432E+02   7.5431234E-01   2.2370630E+02   1.0144279E+06   0.0000000E+00   0.0000000E+00   0.0000000E+00   0.0000000E+00
     1.1750000E+03   1.6075378E+02   7.5378829E-01   2.2370418E+02   1.0135332E+06   0.0000000E+00   0.0000000E+00   0.0000000E+00   0.0000000E+00
     1.1760000E+03   1.6075352E+02   7.5351793E-01   2.2370238E+02   1.0130075E+06   0.0000000E+00   0.0000000E+00   0.0000000E+00   0.0000000E+00
     1.1770000E+03   1.6075301E+02   7.5300121E-01   2.2370081E+02   1.0118716E+06   0.0000000E+00   0.0000000E+00   0.0000000E+00   0.0000000E+00
     1.1780000E+03   1.6075323E+02   7.5323397E-01   2.2369948E+02   1.0120701E+06   0.0000000E+00   0.0000000E+00   0.0000000E+00   0.0000000E+00
     1.1790000E+03   1.6075322E+02   7.5321990E-01   2.2369836E+02   1.0120006E+06   0.0000000E+00   0.0000000E+00   0.0000000E+00   0.0000000E+00
     1.1800000E+03   1.6075320E+02   7.5320995E-01   2.2369737E+02   1.0121429E+06   0.0000000E+00   0.0000000E+00   0.0000000E+00   0.0000000E+00
     1.1810000E+03   1.6075294E+02   7.5295049E-01   2.2369656E+02   1.0115324E+06   0.0000000E+00   0.0000000E+00   0.0000000E+00   0.0000000E+00
     1.1820000E+03   1.6075256E+02   7.5256771E-01   2.2369582E+02   1.0105786E+06   0.0000000E+00   0.0000000E+00   0.0000000E+00   0.0000000E+00
     1.1830000E+03   1.6075223E+02   7.5222313E-01   2.2368777E+02   1.0098238E+06   0.0000000E+00   0.0000000E+00   0.0000000E+00   0.0000000E+00
     1.1840000E+03   1.6075154E+02   7.5154865E-01   2.2366238E+02   1.0084029E+06   0.0000000E+00   0.0000000E+00   0.0000000E+00   0.0000000E+00
     1.1850000E+03   1.6075104E+02   7.5104171E-01   2.2364038E+02   1.0072991E+06   0.0000000E+00   0.0000000E+00   0.0000000E+00   0.0000000E+00
     1.1860000E+03   1.6075107E+02   7.5106871E-01   2.2362161E+02   1.0074004E+06   0.0000000E+00   0.0000000E+00   0.0000000E+00   0.0000000E+00
     1.1870000E+03   1.6075113E+02   7.5113177E-01   2.2360596E+02   1.0074941E+06   0.0000000E+00   0.0000000E+00   0.0000000E+00   0.0000000E+00
     1.1880000E+03   1.6075098E+02   7.5097328E-01   2.2359251E+02   1.0071668E+06   0.0000000E+00   0.0000000E+00   0.0000000E+00   0.0000000E+00
     1.1890000E+03   1.6075060E+02   7.5058967E-01   2.2358099E+02   1.0065741E+06   0.0000000E+00   0.0000000E+00   0.0000000E+00   0.0000000E+00
     1.1900000E+03   1.6075047E+02   7.5046933E-01   2.2357091E+02   1.0058950E+06   0.0000000E+00   0.0000000E+00   0.0000000E+00   0.0000000E+00
     1.1910000E+03   1.6075000E+02   7.4999648E-01   2.2356247E+02   1.0049934E+06   0.0000000E+00   0.0000000E+00   0.0000000E+00   0.0000000E+00
     1.1920000E+03   1.6074954E+02   7.4953693E-01   2.2355522E+02   1.0038502E+06   0.0000000E+00   0.0000000E+00   0.0000000E+00   0.0000000E+00
     1.1930000E+03   1.6074948E+02   7.4948776E-01   2.2355103E+02   1.0037990E+06   0.0000000E+00   0.0000000E+00   0.0000000E+00   0.0000000E+00
     1.1940000E+03   1.6074898E+02   7.4897665E-01   2.2354980E+02   1.0027974E+06   0.0000000E+00   0.0000000E+00   0.0000000E+00   0.0000000E+00
     1.1950000E+03   1.6074896E+02   7.4896485E-01   2.2354875E+02   1.0028781E+06   0.0000000E+00   0.0000000E+00   0.0000000E+00   0.0000000E+00
     1.1960000E+03   1.6074895E+02   7.4895447E-01   2.2354784E+02   1.0028616E+06   0.0000000E+00   0.0000000E+00   0.0000000E+00   0.0000000E+00
     1.1970000E+03   1.6074895E+02   7.4894440E-01   2.2354704E+02   1.0026363E+06   0.0000000E+00   0.0000000E+00   0.0000000E+00   0.0000000E+00
     1.1980000E+03   1.6074881E+02   7.4881130E-01   2.2354636E+02   1.0022405E+06   0.0000000E+00   0.0000000E+00   0.0000000E+00   0.0000000E+00
     1.1990000E+03   1.6074869E+02   7.4868029E-01   2.2354578E+02   1.0020987E+06   0.0000000E+00   0.0000000E+00   0.0000000E+00   0.0000000E+00
     1.2000000E+03   1.6074867E+02   7.4867338E-01   2.2354526E+02   1.0018015E+06   0.0000000E+00   0.0000000E+00   0.0000000E+00   0.0000000E+00
     1.2010000E+03   1.6074841E+02   7.4841923E-01   2.2354482E+02   1.0012134E+06   0.0000000E+00   0.0000000E+00   0.0000000E+00   0.0000000E+00
     1.2020000E+03   1.6074854E+02   7.4854016E-01   2.2354445E+02   1.0016741E+06   0.0000000E+00   0.0000000E+00   0.0000000E+00   0.0000000E+00
     1.2030000E+03   1.6074854E+02   7.4853683E-01   2.2354413E+02   1.0018352E+06   0.0000000E+00   0.0000000E+00   0.0000000E+00   0.0000000E+00
     1.2040000E+03   1.6074854E+02   7.4853331E-01   2.2354384E+02   1.0016790E+06   0.0000000E+00   0.0000000E+00   0.0000000E+00   0.0000000E+00
     1.2050000E+03   1.6074815E+02   7.4815810E-01   2.2354359E+02   1.0009939E+06   0.0000000E+00   0.0000000E+00   0.0000000E+00   0.0000000E+00
     1.2060000E+03   1.6075214E+02   7.5213379E-01   2.2354341E+02   1.0096760E+06   0.0000000E+00   0.0000000E+00   0.0000000E+00   0.0000000E+00
     1.2070000E+03   1.6080267E+02   8.0267996E-01   2.2354387E+02   1.1253088E+06   0.0000000E+00   0.0000000E+00   0.0000000E+00   0.0000000E+00
     1.2080000E+03   1.6078027E+02   7.8026867E-01   2.2354434E+02   1.0735624E+06   0.0000000E+00   0.0000000E+00   0.0000000E+00   0.0000000E+00
     1.2090000E+03   1.6077605E+02   7.7603996E-01   2.2354459E+02   1.0640466E+06   0.0000000E+00   0.0000000E+00   0.0000000E+00   0.0000000E+00
     1.2100000E+03   1.6077281E+02   7.7280486E-01   2.2354478E+02   1.0564675E+06   0.0000000E+00   0.0000000E+00   0.0000000E+00   0.0000000E+00
     1.2110000E+03   1.6076285E+02   7.6284975E-01   2.2354488E+02   1.0337781E+06   0.0000000E+00   0.0000000E+00   0.0000000E+00   0.0000000E+00
     1.2120000E+03   1.6075713E+02   7.5712872E-01   2.2354489E+02   1.0211971E+06   0.0000000E+00   0.0000000E+00   0.0000000E+00   0.0000000E+00
     1.2130000E+03   1.6075389E+02   7.5389385E-01   2.2354482E+02   1.0139429E+06   0.0000000E+00   0.0000000E+00   0.0000000E+00   0.0000000E+00
     1.2140000E+03   1.6075269E+02   7.5268459E-01   2.2353734E+02   1.0110339E+06   0.0000000E+00   0.0000000E+00   0.0000000E+00   0.0000000E+00
     1.2150000E+03   1.6075224E+02   7.5223619E-01   2.2353093E+02   1.0101470E+06   0.0000000E+00   0.0000000E+00   0.0000000E+00   0.0000000E+00
     1.2160000E+03   1.6075168E+02   7.5167632E-01   2.2352562E+02   1.0089369E+06   0.0000000E+00   0.0000000E+00   0.0000000E+00   0.0000000E+00
     1.2170000E+03   1.6075148E+02   7.5148076E-01   2.2361444E+02   1.0082673E+06   0.0000000E+00   0.0000000E+00   0.0000000E+00   0.0000000E+00
     1.2180000E+03   1.6075128E+02   7.5128937E-01   2.2376726E+02   1.0078708E+06   0.0000000E+00   0.0000000E+00   0.0000000E+00   0.0000000E+00
     1.2190000E+03   1.6075122E+02   7.5121653E-01   2.2386714E+02   1.0077482E+06   0.0000000E+00   0.0000000E+00   0.0000000E+00   0.0000000E+00
     1.2200000E+03   1.6075095E+02   7.5094008E-01   2.2470467E+02   1.0073540E+06   0.0000000E+00   0.0000000E+00   0.0000000E+00   0.0000000E+00
     1.2210000E+03   1.6075121E+02   7.5120389E-01   2.2383420E+02   1.0077340E+06   0.0000000E+00   0.0000000E+00   0.0000000E+00   0.0000000E+00
     1.2220000E+03   1.6075098E+02   7.5097102E-01   2.2378264E+02   1.0070961E+06   0.0000000E+00   0.0000000E+00   0.0000000E+00   0.0000000E+00
     1.2230000E+03   1.6075044E+02   7.5044745E-01   2.2373814E+02   1.0059635E+06   0.0000000E+00   0.0000000E+00   0.0000000E+00   0.0000000E+00
     1.2240000E+03   1.6075449E+02   7.5448287E-01   2.2369966E+02   1.0150754E+06   0.0000000E+00   0.0000000E+00   0.0000000E+00   0.0000000E+00
     1.2250000E+03   1.6075307E+02   7.5306535E-01   2.2367468E+02   1.0119141E+06   0.0000000E+00   0.0000000E+00   0.0000000E+00   0.0000000E+00
     1.2260000E+03   1.6075131E+02   7.5131536E-01   2.2371649E+02   1.0080461E+06   0.0000000E+00   0.0000000E+00   0.0000000E+00   0.0000000E+00
     1.2270000E+03   1.6075011E+02   7.5010377E-01   2.2374071E+02   1.0052871E+06   0.0000000E+00   0.0000000E+00   0.0000000E+00   0.0000000E+00
     1.2280000E+03   1.6074911E+02   7.4911505E-01   2.2375221E+02   1.0028826E+06   0.0000000E+00   0.0000000E+00   0.0000000E+00   0.0000000E+00
     1.2290000E+03   1.6075023E+02   7.5022858E-01   2.2376198E+02   1.0054566E+06   0.0000000E+00   0.0000000E+00   0.0000000E+00   0.0000000E+00
     1.2300000E+03   1.6075333E+02   7.5332212E-01   2.2377029E+02   1.0124272E+06   0.0000000E+00   0.0000000E+00   0.0000000E+00   0.0000000E+00
     1.2310000E+03   1.6077089E+02   7.7089071E-01   2.2377756E+02   1.0523786E+06   0.0000000E+00   0.0000000E+00   0.0000000E+00   0.0000000E+00
     1.2320000E+03   1.6077217E+02   7.7217197E-01   2.2378035E+02   1.0550054E+06   0.0000000E+00   0.0000000E+00   0.0000000E+00   0.0000000E+00
     1.2330000E+03   1.6076173E+02   7.6173919E-01   2.2376433E+02   1.0313037E+06   0.0000000E+00   0.0000000E+00   0.0000000E+00   0.0000000E+00
     1.2340000E+03   1.6075609E+02   7.5608420E-01   2.2375058E+02   1.0186698E+06   0.0000000E+00   0.0000000E+00   0.0000000E+00   0.0000000E+00
     1.2350000E+03   1.6075345E+02   7.5344837E-01   2.2373880E+02   1.0125836E+06   0.0000000E+00   0.0000000E+00   0.0000000E+00   0.0000000E+00
     1.2360000E+03   1.6075183E+02   7.5183356E-01   2.2372873E+02   1.0091353E+06   0.0000000E+00   0.0000000E+00   0.0000000E+00   0.0000000E+00
     1.2370000E+03   1.6075098E+02   7.5098336E-01   2.2372012E+02   1.0071743E+06   0.0000000E+00   0.0000000E+00   0.0000000E+00   0.0000000E+00
     1.2380000E+03   1.6075066E+02   7.5064862E-01   2.2371278E+02   1.0066133E+06   0.0000000E+00   0.0000000E+00   0.0000000E+00   0.0000000E+00
     1.2390000E+03   1.6074957E+02   7.4957836E-01   2.2370659E+02   1.0042734E+06   0.0000000E+00   0.0000000E+00   0.0000000E+00   0.0000000E+00
     1.2400000E+03   1.6074887E+02   7.4886882E-01   2.2370987E+02   1.0026654E+06   0.0000000E+00   0.0000000E+00   0.0000000E+00   0.0000000E+00
     1.2410000E+03   1.6074823E+02   7.4823505E-01   2.2383665E+02   1.0011767E+06   0.0000000E+00   0.0000000E+00   0.0000000E+00   0.0000000E+00
     1.2420000E+03   1.6074808E+02   7.4807644E-01   2.2536121E+02   1.0010026E+06   0.0000000E+00   0.0000000E+00   0.0000000E+00   0.0000000E+00
     1.2430000E+03   1.6074860E+02   7.4859190E-01   2.2383510E+02   1.0020427E+06   0.0000000E+00   0.0000000E+00   0.0000000E+00   0.0000000E+00
     1.2440000E+03   1.6074898E+02   7.4898195E-01   2.2378333E+02   1.0027029E+06   0.0000000E+00   0.0000000E+00   0.0000000E+00   0.0000000E+00
     1.2450000E+03   1.6074921E+02   7.4920779E-01   2.2373877E+02   1.0033118E+06   0.0000000E+00   0.0000000E+00   0.0000000E+00   0.0000000E+00
     1.2460000E+03   1.6075400E+02   7.5399095E-01   2.2370018E+02   1.0140738E+06   0.0000000E+00   0.0000000E+00   0.0000000E+00   0.0000000E+00
     1.2470000E+03   1.6075793E+02   7.5793356E-01   2.2367537E+02   1.0226664E+06   0.0000000E+00   0.0000000E+00   0.0000000E+00   0.0000000E+00
     1.2480000E+03   1.6077443E+02   7.7442855E-01   2.2371922E+02   1.0603992E+06   0.0000000E+00   0.0000000E+00   0.0000000E+00   0.0000000E+00
     1.2490000E+03   1.6076340E+02   7.6339388E-01   2.2375650E+02   1.0351626E+06   0.0000000E+00   0.0000000E+00   0.0000000E+00   0.0000000E+00
     1.2500000E+03   1.6075728E+02   7.5727677E-01   2.2378798E+02   1.0213151E+06   0.0000000E+00   0.0000000E+00   0.0000000E+00   0.0000000E+00
     1.2510000E+03   1.6075360E+02   7.5359648E-01   2.2381461E+02   1.0131674E+06   0.0000000E+00   0.0000000E+00   0.0000000E+00   0.0000000E+00
     1.2520000E+03   1.6075487E+02   7.5486410E-01   2.2383722E+02   1.0161846E+06   0.0000000E+00   0.0000000E+00   0.0000000E+00   0.0000000E+00
     1.2530000E+03   1.6075362E+02   7.5362223E-01   2.2383807E+02   1.0130524E+06   0.0000000E+00   0.0000000E+00   0.0000000E+00   0.0000000E+00
     1.2540000E+03   1.6075345E+02   7.5344491E-01   2.2380182E+02   1.0127663E+06   0.0000000E+00   0.0000000E+00   0.0000000E+00   0.0000000E+00
     1.2550000E+03   1.6075333E+02   7.5332910E-01   2.2377084E+02   1.0125168E+06   0.0000000E+00   0.0000000E+00   0.0000000E+00   0.0000000E+00
     1.2560000E+03   1.6075327E+02   7.5326544E-01   2.2374442E+02   1.0122671E+06   0.0000000E+00   0.0000000E+00   0.0000000E+00   0.0000000E+00
     1.2570000E+03   1.6075375E+02   7.5374705E-01   2.2372186E+02   1.0133192E+06   0.0000000E+00   0.0000000E+00   0.0000000E+00   0.0000000E+00
     1.2580000E+03   1.6075502E+02   7.5501829E-01   2.2370268E+02   1.0166593E+06   0.0000000E+00   0.0000000E+00   0.0000000E+00   0.0000000E+00
     1.2590000E+03   1.6075523E+02   7.5523871E-01   2.2372131E+02   1.0169378E+06   0.0000000E+00   0.0000000E+00   0.0000000E+00   0.0000000E+00
     1.2600000E+03   1.6076988E+02   7.6988530E-01   2.2375642E+02   1.0499385E+06   0.0000000E+00   0.0000000E+00   0.0000000E+00   0.0000000E+00
     1.2610000E+03   1.6077586E+02   7.7586812E-01   2.2378636E+02   1.0635165E+06   0.0000000E+00   0.0000000E+00   0.0000000E+00   0.0000000E+00
     1.2620000E+03   1.6077031E+02   7.7030414E-01   2.2381181E+02   1.0508898E+06   0.0000000E+00   0.0000000E+00   0.0000000E+00   0.0000000E+00
     1.2630000E+03   1.6088789E+02   8.8789755E-01   2.2384015E+02   1.3314236E+06   0.0000000E+00   0.0000000E+00   0.0000000E+00   0.0000000E+00
     1.2640000E+03   1.6087987E+02   8.7986028E-01   2.2385791E+02   1.3115766E+06   0.0000000E+00   0.0000000E+00   0.0000000E+00   0.0000000E+00
     1.2650000E+03   1.6086038E+02   8.6038953E-01   2.2386559E+02   1.2636145E+06   0.0000000E+00   0.0000000E+00   0.0000000E+00   0.0000000E+00
     1.2660000E+03   1.6084428E+02   8.4428811E-01   2.5787720E+02   1.2242195E+06   0.0000000E+00   0.0000000E+00   0.0000000E+00   0.0000000E+00
     1.2670000E+03   1.6083821E+02   8.3821481E-01   2.2418411E+02   1.2095502E+06   0.0000000E+00   0.0000000E+00   0.0000000E+00   0.0000000E+00
     1.2680000E+03   1.6084933E+02   8.4932727E-01   2.2383548E+02   1.2365871E+06   0.0000000E+00   0.0000000E+00   0.0000000E+00   0.0000000E+00
     1.2690000E+03   1.6086913E+02   8.6911887E-01   2.2378799E+02   1.2849138E+06   0.0000000E+00   0.0000000E+00   0.0000000E+00   0.0000000E+00
     1.2700000E+03   1.6087958E+02   8.7958294E-01   2.2374693E+02   1.3103280E+06   0.0000000E+00   0.0000000E+00   0.0000000E+00   0.0000000E+00
     1.2710000E+03   1.6101152E+02   1.0115211E+00   2.2373543E+02   1.6548775E+06   0.0000000E+00   0.0000000E+00   0.0000000E+00   0.0000000E+00
     1.2720000E+03   1.6106221E+02   1.0622034E+00   2.2372987E+02   1.7951834E+06   0.0000000E+00   0.0000000E+00   0.0000000E+00   0.0000000E+00
     1.2730000E+03   1.6109218E+02   1.0921799E+00   2.2372568E+02   1.8803755E+06   0.0000000E+00   0.0000000E+00   0.0000000E+00   0.0000000E+00
     1.2740000E+03   1.6113226E+02   1.1322576E+00   2.2372295E+02   1.9968110E+06   0.0000000E+00   0.0000000E+00   0.0000000E+00   0.0000000E+00
     1.2750000E+03   1.6113400E+02   1.1340046E+00   2.2372052E+02   2.0019604E+06   0.0000000E+00   0.0000000E+00   0.0000000E+00   0.0000000E+00
     1.2760000E+03   1.6113501E+02   1.1350110E+00   2.2371828E+02   2.0049021E+06   0.0000000E+00   0.0000000E+00   0.0000000E+00   0.0000000E+00
     1.2770000E+03   1.6113741E+02   1.1373998E+00   2.2371648E+02   2.0119498E+06   0.0000000E+00   0.0000000E+00   0.0000000E+00   0.0000000E+00
     1.2780000E+03   1.6117299E+02   1.1729958E+00   2.2371774E+02   2.1179862E+06   0.0000000E+00   0.0000000E+00   0.0000000E+00   0.0000000E+00
     1.2790000E+03   1.6117639E+02   1.1763885E+00   2.2371844E+02   2.1282245E+06   0.0000000E+00   0.0000000E+00   0.0000000E+00   0.0000000E+00
     1.2800000E+03   1.6117758E+02   1.1775857E+00   2.2371819E+02   2.1318178E+06   0.0000000E+00   0.0000000E+00   0.0000000E+00   0.0000000E+00
     1.2810000E+03   1.6117816E+02   1.1781681E+00   2.2371761E+02   2.1335728E+06   0.0000000E+00   0.0000000E+00   0.0000000E+00   0.0000000E+00
     1.2820000E+03   1.6117523E+02   1.1752266E+00   2.2371674E+02   2.1247040E+06   0.0000000E+00   0.0000000E+00   0.0000000E+00   0.0000000E+00
     1.2830000E+03   1.6117197E+02   1.1719705E+00   2.2371574E+02   2.1149025E+06   0.0000000E+00   0.0000000E+00   0.0000000E+00   0.0000000E+00
     1.2840000E+03   1.6116840E+02   1.1683971E+00   2.2371480E+02   2.1041665E+06   0.0000000E+00   0.0000000E+00   0.0000000E+00   0.0000000E+00
     1.2850000E+03   1.6116045E+02   1.1604519E+00   2.2370999E+02   2.0803728E+06   0.0000000E+00   0.0000000E+00   0.0000000E+00   0.0000000E+00
     1.2860000E+03   1.6114474E+02   1.1447393E+00   2.2369862E+02   2.0336378E+06   0.0000000E+00   0.0000000E+00   0.0000000E+00   0.0000000E+00
     1.2870000E+03   1.6112643E+02   1.1264309E+00   2.2368314E+02   1.9797190E+06   0.0000000E+00   0.0000000E+00   0.0000000E+00   0.0000000E+00
     1.2880000E+03   1.6115968E+02   1.1596897E+00   2.2368414E+02   2.0780960E+06   0.0000000E+00   0.0000000E+00   0.0000000E+00   0.0000000E+00
     1.2890000E+03   1.6118883E+02   1.1888324E+00   2.2368874E+02   2.1658540E+06   0.0000000E+00   0.0000000E+00   0.0000000E+00   0.0000000E+00
     1.2900000E+03   1.6125867E+02   1.2586718E+00   2.2369739E+02   2.3820462E+06   0.0000000E+00   0.0000000E+00   0.0000000E+00   0.0000000E+00
     1.2910000E+03   1.6124890E+02   1.2489073E+00   2.2370312E+02   2.3513275E+06   0.0000000E+00   0.0000000E+00   0.0000000E+00   0.0000000E+00
     1.2920000E+03   1.6124068E+02   1.2406785E+00   2.2370685E+02   2.3256070E+06   0.0000000E+00   0.0000000E+00   0.0000000E+00   0.0000000E+00
     1.2930000E+03   1.6123386E+02   1.2338487E+00   2.2371376E+02   2.3042425E+06   0.0000000E+00   0.0000000E+00   0.0000000E+00   0.0000000E+00
     1.2940000E+03   1.6123045E+02   1.2304460E+00   2.5733212E+02   2.2937835E+06   0.0000000E+00   0.0000000E+00   0.0000000E+00   0.0000000E+00
     1.2950000E+03   1.6122302E+02   1.2230222E+00   2.2441832E+02   2.2706652E+06   0.0000000E+00   0.0000000E+00   0.0000000E+00   0.0000000E+00
     1.2960000E+03   1.6121588E+02   1.2158797E+00   2.2386882E+02   2.2486070E+06   0.0000000E+00   0.0000000E+00   0.0000000E+00   0.0000000E+00
     1.2970000E+03   1.6120917E+02   1.2091715E+00   2.2384862E+02   2.2279692E+06   0.0000000E+00   0.0000000E+00   0.0000000E+00   0.0000000E+00
     1.2980000E+03   1.6120290E+02   1.2028950E+00   2.2383084E+02   2.2087282E+06   0.0000000E+00   0.0000000E+00   0.0000000E+00   0.0000000E+00
     1.2990000E+03   1.6119713E+02   1.1971357E+00   2.2381520E+02   2.1911312E+06   0.0000000E+00   0.0000000E+00   0.0000000E+00   0.0000000E+00
     1.3000000E+03   1.6119228E+02   1.1922796E+00   2.2380148E+02   2.1763372E+06   0.0000000E+00   0.0000000E+00   0.0000000E+00   0.0000000E+00
     1.3010000E+03   1.6118867E+02   1.1886721E+00   2.2378941E+02   2.1653732E+06   0.0000000E+00   0.0000000E+00   0.0000000E+00   0.0000000E+00
     1.3020000E+03   1.6118492E+02   1.1849238E+00   2.2377884E+02   2.1540050E+06   0.0000000E+00   0.0000000E+00   0.0000000E+00   0.0000000E+00
     1.3030000E+03   1.6119801E+02   1.1980137E+00   2.2377008E+02   2.1938082E+06   0.0000000E+00   0.0000000E+00   0.0000000E+00   0.0000000E+00
     1.3040000E+03   1.6119528E+02   1.1952778E+00   2.2376242E+02   2.1854642E+06   0.0000000E+00   0.0000000E+00   0.0000000E+00   0.0000000E+00
     1.3050000E+03   1.6119061E+02   1.1906053E+00   2.2375560E+02   2.1712315E+06   0.0000000E+00   0.0000000E+00   0.0000000E+00   0.0000000E+00
     1.3060000E+03   1.6118600E+02   1.1859988E+00   2.2374953E+02   2.1572630E+06   0.0000000E+00   0.0000000E+00   0.0000000E+00   0.0000000E+00
     1.3070000E+03   1.6117473E+02   1.1747242E+00   2.2373799E+02   2.1231922E+06   0.0000000E+00   0.0000000E+00   0.0000000E+00   0.0000000E+00
     1.3080000E+03   1.6115918E+02   1.1591817E+00   2.2372240E+02   2.0765821E+06   0.0000000E+00   0.0000000E+00   0.0000000E+00   0.0000000E+00
     1.3090000E+03   1.6114375E+02   1.1437459E+00   2.2370436E+02   2.0306854E+06   0.0000000E+00   0.0000000E+00   0.0000000E+00   0.0000000E+00
     1.3100000E+03   1.6112781E+02   1.1278013E+00   2.2368608E+02   1.9837410E+06   0.0000000E+00   0.0000000E+00   0.0000000E+00   0.0000000E+00
     1.3110000E+03   1.6111632E+02   1.1163185E+00   2.2366861E+02   1.9501462E+06   0.0000000E+00   0.0000000E+00   0.0000000E+00   0.0000000E+00
     1.3120000E+03   1.6110086E+02   1.1008613E+00   2.2365201E+02   1.9053955E+06   0.0000000E+00   0.0000000E+00   0.0000000E+00   0.0000000E+00
     1.3130000E+03   1.6108487E+02   1.0848620E+00   2.2363617E+02   1.8594608E+06   0.0000000E+00   0.0000000E+00   0.0000000E+00   0.0000000E+00
     1.3140000E+03   1.6106917E+02   1.0691730E+00   2.2362135E+02   1.8148585E+06   0.0000000E+00   0.0000000E+00   0.0000000E+00   0.0000000E+00
     1.3150000E+03   1.6105318E+02   1.0531771E+00   2.2360771E+02   1.7698311E+06   0.0000000E+00   0.0000000E+00   0.0000000E+00   0.0000000E+00
     1.3160000E+03   1.6103793E+02   1.0379386E+00   2.2359523E+02   1.7273260E+06   0.0000000E+00   0.0000000E+00   0.0000000E+00   0.0000000E+00
     1.3170000E+03   1.6102457E+02   1.0245613E+00   2.2358388E+02   1.6904364E+06   0.0000000E+00   0.0000000E+00   0.0000000E+00   0.0000000E+00
     1.3180000E+03   1.6101271E+02   1.0127167E+00   2.2357358E+02   1.6578415E+06   0.0000000E+00   0.0000000E+00   0.0000000E+00   0.0000000E+00
     1.3190000E+03   1.6100078E+02   1.0007735E+00   2.2356427E+02   1.6257306E+06   0.0000000E+00   0.0000000E+00   0.0000000E+00   0.0000000E+00
     1.3200000E+03   1.6099023E+02   9.9022806E-01   2.2355585E+02   1.5970438E+06   0.0000000E+00   0.0000000E+00   0.0000000E+00   0.0000000E+00
     1.3210000E+03   1.6098146E+02   9.8145825E-01   2.2354822E+02   1.5735902E+06   0.0000000E+00   0.0000000E+00   0.0000000E+00   0.0000000E+00
     1.3220000E+03   1.6097484E+02   9.7483313E-01   2.2354135E+02   1.5556242E+06   0.0000000E+00   0.0000000E+00   0.0000000E+00   0.0000000E+00
     1.3230000E+03   1.6096848E+02   9.6847534E-01   2.2353519E+02   1.5390185E+06   0.0000000E+00   0.0000000E+00   0.0000000E+00   0.0000000E+00
     1.3240000E+03   1.6096263E+02   9.6262842E-01   2.2352963E+02   1.5234931E+06   0.0000000E+00   0.0000000E+00   0.0000000E+00   0.0000000E+00
     1.3250000E+03   1.6095804E+02   9.5804530E-01   2.2352466E+02   1.5114872E+06   0.0000000E+00   0.0000000E+00   0.0000000E+00   0.0000000E+00
     1.3260000E+03   1.6095348E+02   9.5347065E-01   2.2352020E+02   1.4994394E+06   0.0000000E+00   0.0000000E+00   0.0000000E+00   0.0000000E+00
     1.3270000E+03   1.6094841E+02   9.4840395E-01   2.2351619E+02   1.4862409E+06   0.0000000E+00   0.0000000E+00   0.0000000E+00   0.0000000E+00
     1.3280000E+03   1.6094359E+02   9.4359577E-01   2.2351257E+02   1.4739032E+06   0.0000000E+00   0.0000000E+00   0.0000000E+00   0.0000000E+00
     1.3290000E+03   1.6094054E+02   9.4054180E-01   2.2350932E+02   1.4655176E+06   0.0000000E+00   0.0000000E+00   0.0000000E+00   0.0000000E+00
     1.3300000E+03   1.6093750E+02   9.3749732E-01   2.2350639E+02   1.4578185E+06   0.0000000E+00   0.0000000E+00   0.0000000E+00   0.0000000E+00
     1.3310000E+03   1.6093471E+02   9.3470508E-01   2.2350375E+02   1.4503769E+06   0.0000000E+00   0.0000000E+00   0.0000000E+00   0.0000000E+00
     1.3320000E+03   1.6093192E+02   9.3191934E-01   2.2350134E+02   1.4433479E+06   0.0000000E+00   0.0000000E+00   0.0000000E+00   0.0000000E+00
     1.3330000E+03   1.6092964E+02   9.2963547E-01   2.2349918E+02   1.4372989E+06   0.0000000E+00   0.0000000E+00   0.0000000E+00   0.0000000E+00
     1.3340000E+03   1.6092661E+02   9.2660797E-01   2.2349719E+02   1.4298884E+06   0.0000000E+00   0.0000000E+00   0.0000000E+00   0.0000000E+00
     1.3350000E+03   1.6092358E+02   9.2357963E-01   2.2349538E+02   1.4218722E+06   0.0000000E+00   0.0000000E+00   0.0000000E+00   0.0000000E+00
     1.3360000E+03   1.6092105E+02   9.2105746E-01   2.2349373E+02   1.4157255E+06   0.0000000E+00   0.0000000E+00   0.0000000E+00   0.0000000E+00
     1.3370000E+03   1.6091803E+02   9.1803497E-01   2.2349222E+02   1.4078901E+06   0.0000000E+00   0.0000000E+00   0.0000000E+00   0.0000000E+00
     1.3380000E+03   1.6091426E+02   9.1426408E-01   2.2349080E+02   1.3980648E+06   0.0000000E+00   0.0000000E+00   0.0000000E+00   0.0000000E+00
     1.3390000E+03   1.6090950E+02   9.0949637E-01   2.2348946E+02   1.3858971E+06   0.0000000E+00   0.0000000E+00   0.0000000E+00   0.0000000E+00
     1.3400000E+03   1.6090598E+02   9.0598184E-01   2.2348820E+02   1.3772308E+06   0.0000000E+00   0.0000000E+00   0.0000000E+00   0.0000000E+00
     1.3410000E+03   1.6090396E+02   9.0396494E-01   2.2348705E+02   1.3718591E+06   0.0000000E+00   0.0000000E+00   0.0000000E+00   0.0000000E+00
     1.3420000E+03   1.6090120E+02   9.0120339E-01   2.2348596E+02   1.3651988E+06   0.0000000E+00   0.0000000E+00   0.0000000E+00   0.0000000E+00
     1.3430000E+03   1.6090993E+02   9.0993208E-01   2.2348502E+02   1.3869369E+06   0.0000000E+00   0.0000000E+00   0.0000000E+00   0.0000000E+00
     1.3440000E+03   1.6090367E+02   9.0367305E-01   2.2348413E+02   1.3710141E+06   0.0000000E+00   0.0000000E+00   0.0000000E+00   0.0000000E+00
     1.3450000E+03   1.6089867E+02   8.9866734E-01   2.2348328E+02   1.3587638E+06   0.0000000E+00   0.0000000E+00   0.0000000E+00   0.0000000E+00
     1.3460000E+03   1.6089465E+02   8.9465749E-01   2.2348244E+02   1.3483469E+06   0.0000000E+00   0.0000000E+00   0.0000000E+00   0.0000000E+00
     1.3470000E+03   1.6089203E+02   8.9202470E-01   2.2348163E+02   1.3418069E+06   0.0000000E+00   0.0000000E+00   0.0000000E+00   0.0000000E+00
     1.3480000E+03   1.6088814E+02   8.8814300E-01   2.2348083E+02   1.3320260E+06   0.0000000E+00   0.0000000E+00   0.0000000E+00   0.0000000E+00
     1.3490000E+03   1.6088438E+02   8.8438874E-01   2.2348007E+02   1.3227944E+06   0.0000000E+00   0.0000000E+00   0.0000000E+00   0.0000000E+00
     1.3500000E+03   1.6088063E+02   8.8063341E-01   2.2347932E+02   1.3134172E+06   0.0000000E+00   0.0000000E+00   0.0000000E+00   0.0000000E+00
     1.3510000E+03   1.6087813E+02   8.7812662E-01   2.2347859E+02   1.3070719E+06   0.0000000E+00   0.0000000E+00   0.0000000E+00   0.0000000E+00
     1.3520000E+03   1.6087575E+02   8.7574726E-01   2.2347789E+02   1.3013715E+06   0.0000000E+00   0.0000000E+00   0.0000000E+00   0.0000000E+00
     1.3530000E+03   1.6087387E+02   8.7386483E-01   2.2347722E+02   1.2964452E+06   0.0000000E+00   0.0000000E+00   0.0000000E+00   0.0000000E+00
     1.3540000E+03   1.6087012E+02   8.7011492E-01   2.2347655E+02   1.2874542E+06   0.0000000E+00   0.0000000E+00   0.0000000E+00   0.0000000E+00
     1.3550000E+03   1.6086549E+02   8.6548960E-01   2.2347586E+02   1.2760806E+06   0.0000000E+00   0.0000000E+00   0.0000000E+00   0.0000000E+00
     1.3560000E+03   1.6086285E+02   8.6286044E-01   2.2347519E+02   1.2694802E+06   0.0000000E+00   0.0000000E+00   0.0000000E+00   0.0000000E+00
     1.3570000E+03   1.6086136E+02   8.6135525E-01   2.2347455E+02   1.2657605E+06   0.0000000E+00   0.0000000E+00   0.0000000E+00   0.0000000E+00
     1.3580000E+03   1.6085886E+02   8.5885340E-01   2.2347392E+02   1.2595305E+06   0.0000000E+00   0.0000000E+00   0.0000000E+00   0.0000000E+00
     1.3590000E+03   1.6085585E+02   8.5585111E-01   2.2347331E+02   1.2522402E+06   0.0000000E+00   0.0000000E+00   0.0000000E+00   0.0000000E+00
     1.3600000E+03   1.6085359E+02   8.5359859E-01   2.2347270E+02   1.2467006E+06   0.0000000E+00   0.0000000E+00   0.0000000E+00   0.0000000E+00
     1.3610000E+03   1.6085222E+02   8.5222119E-01   2.2347214E+02   1.2435974E+06   0.0000000E+00   0.0000000E+00   0.0000000E+00   0.0000000E+00
     1.3620000E+03   1.6085109E+02   8.5109079E-01   2.2347157E+02   1.2403524E+06   0.0000000E+00   0.0000000E+00   0.0000000E+00   0.0000000E+00
     1.3630000E+03   1.6084885E+02   8.4884095E-01   2.2347104E+02   1.2353860E+06   0.0000000E+00   0.0000000E+00   0.0000000E+00   0.0000000E+00
     1.3640000E+03   1.6084683E+02   8.4683836E-01   2.2347052E+02   1.2303542E+06   0.0000000E+00   0.0000000E+00   0.0000000E+00   0.0000000E+00
     1.3650000E+03   1.6084409E+02   8.4408963E-01   2.2346999E+02   1.2237755E+06   0.0000000E+00   0.0000000E+00   0.0000000E+00   0.0000000E+00
     1.3660000E+03   1.6084047E+02   8.4046954E-01   2.2346945E+02   1.2151865E+06   0.0000000E+00   0.0000000E+00   0.0000000E+00   0.0000000E+00
     1.3670000E+03   1.6083823E+02   8.3821923E-01   2.2346893E+02   1.2096525E+06   0.0000000E+00   0.0000000E+00   0.0000000E+00   0.0000000E+00
     1.3680000E+03   1.6083609E+02   8.3609492E-01   2.2346843E+02   1.2046468E+06   0.0000000E+00   0.0000000E+00   0.0000000E+00   0.0000000E+00
     1.3690000E+03   1.6083385E+02   8.3384413E-01   2.2346793E+02   1.1989868E+06   0.0000000E+00   0.0000000E+00   0.0000000E+00   0.0000000E+00
     1.3700000E+03   1.6083209E+02   8.3209634E-01   2.2346744E+02   1.1950652E+06   0.0000000E+00   0.0000000E+00   0.0000000E+00   0.0000000E+00
     1.3710000E+03   1.6083034E+02   8.3034384E-01   2.2346696E+02   1.1906564E+06   0.0000000E+00   0.0000000E+00   0.0000000E+00   0.0000000E+00
     1.3720000E+03   1.6082747E+02   8.2747382E-01   2.2346649E+02   1.1839620E+06   0.0000000E+00   0.0000000E+00   0.0000000E+00   0.0000000E+00
     1.3730000E+03   1.6082498E+02   8.2497686E-01   2.2346602E+02   1.1780370E+06   0.0000000E+00   0.0000000E+00   0.0000000E+00   0.0000000E+00
     1.3740000E+03   1.6082361E+02   8.2360256E-01   2.2346556E+02   1.1749475E+06   0.0000000E+00   0.0000000E+00   0.0000000E+00   0.0000000E+00
     1.3750000E+03   1.6082135E+02   8.2135260E-01   2.2346512E+02   1.1692128E+06   0.0000000E+00   0.0000000E+00   0.0000000E+00   0.0000000E+00
     1.3760000E+03   1.6081786E+02   8.1786263E-01   2.2346466E+02   1.1613531E+06   0.0000000E+00   0.0000000E+00   0.0000000E+00   0.0000000E+00
     1.3770000E+03   1.6081636E+02   8.1636220E-01   2.2346420E+02   1.1576042E+06   0.0000000E+00   0.0000000E+00   0.0000000E+00   0.0000000E+00
     1.3780000E+03   1.6081487E+02   8.1486350E-01   2.2346378E+02   1.1542630E+06   0.0000000E+00   0.0000000E+00   0.0000000E+00   0.0000000E+00
     1.3790000E+03   1.6081137E+02   8.1136996E-01   2.2346333E+02   1.1456660E+06   0.0000000E+00   0.0000000E+00   0.0000000E+00   0.0000000E+00
     1.3800000E+03   1.6080788E+02   8.0788028E-01   2.2346288E+02   1.1376622E+06   0.0000000E+00   0.0000000E+00   0.0000000E+00   0.0000000E+00
     1.3810000E+03   1.6080614E+02   8.0613136E-01   2.2346243E+02   1.1333172E+06   0.0000000E+00   0.0000000E+00   0.0000000E+00   0.0000000E+00
     1.3820000E+03   1.6080588E+02   8.0587697E-01   2.2346201E+02   1.1324781E+06   0.0000000E+00   0.0000000E+00   0.0000000E+00   0.0000000E+00
     1.3830000E+03   1.6080463E+02   8.0462807E-01   2.2346161E+02   1.1299139E+06   0.0000000E+00   0.0000000E+00   0.0000000E+00   0.0000000E+00
     1.3840000E+03   1.6080263E+02   8.0263376E-01   2.2346123E+02   1.1255318E+06   0.0000000E+00   0.0000000E+00   0.0000000E+00   0.0000000E+00
     1.3850000E+03   1.6080164E+02   8.0163318E-01   2.2346085E+02   1.1228901E+06   0.0000000E+00   0.0000000E+00   0.0000000E+00   0.0000000E+00
     1.3860000E+03   1.6080087E+02   8.0088025E-01   2.2346049E+02   1.1211760E+06   0.0000000E+00   0.0000000E+00   0.0000000E+00   0.0000000E+00
     1.3870000E+03   1.6079926E+02   7.9925948E-01   2.2346016E+02   1.1174114E+06   0.0000000E+00   0.0000000E+00   0.0000000E+00   0.0000000E+00
     1.3880000E+03   1.6079788E+02   7.9788685E-01   2.2345984E+02   1.1140490E+06   0.0000000E+00   0.0000000E+00   0.0000000E+00   0.0000000E+00
     1.3890000E+03   1.6079501E+02   7.9502088E-01   2.2345949E+02   1.1075639E+06   0.0000000E+00   0.0000000E+00   0.0000000E+00   0.0000000E+00
     1.3900000E+03   1.6079166E+02   7.9165852E-01   2.2345912E+02   1.0999101E+06   0.0000000E+00   0.0000000E+00   0.0000000E+00   0.0000000E+00
     1.3910000E+03   1.6078979E+02   7.8978777E-01   2.2345876E+02   1.0954206E+06   0.0000000E+00   0.0000000E+00   0.0000000E+00   0.0000000E+00
     1.3920000E+03   1.6078891E+02   7.8891283E-01   2.2345840E+02   1.0934072E+06   0.0000000E+00   0.0000000E+00   0.0000000E+00   0.0000000E+00
     1.3930000E+03   1.6078792E+02   7.8791344E-01   2.2345807E+02   1.0911142E+06   0.0000000E+00   0.0000000E+00   0.0000000E+00   0.0000000E+00
     1.3940000E+03   1.6078717E+02   7.8716445E-01   2.2345773E+02   1.0893760E+06   0.0000000E+00   0.0000000E+00   0.0000000E+00   0.0000000E+00
     1.3950000E+03   1.6078667E+02   7.8666186E-01   2.2345744E+02   1.0879762E+06   0.0000000E+00   0.0000000E+00   0.0000000E+00   0.0000000E+00
     1.3960000E+03   1.6078517E+02   7.8516579E-01   2.2345714E+02   1.0845845E+06   0.0000000E+00   0.0000000E+00   0.0000000E+00   0.0000000E+00
     1.3970000E+03   1.6078368E+02   7.8367102E-01   2.2345683E+02   1.0815075E+06   0.0000000E+00   0.0000000E+00   0.0000000E+00   0.0000000E+00
     1.3980000E+03   1.6078242E+02   7.8242254E-01   2.2345654E+02   1.0781576E+06   0.0000000E+00   0.0000000E+00   0.0000000E+00   0.0000000E+00
     1.3990000E+03   1.6077931E+02   7.7931088E-01   2.2345622E+02   1.0713349E+06   0.0000000E+00   0.0000000E+00   0.0000000E+00   0.0000000E+00
     1.4000000E+03   1.6077769E+02   7.7769178E-01   2.2345592E+02   1.0677421E+06   0.0000000E+00   0.0000000E+00   0.0000000E+00   0.0000000E+00
     1.4010000E+03   1.6077620E+02   7.7619451E-01   2.2345563E+02   1.0640148E+06   0.0000000E+00   0.0000000E+00   0.0000000E+00   0.0000000E+00
     1.4020000E+03   1.6077458E+02   7.7457589E-01   2.2345532E+02   1.0604641E+06   0.0000000E+00   0.0000000E+00   0.0000000E+00   0.0000000E+00
     1.4030000E+03   1.6077396E+02   7.7395117E-01   2.2345503E+02   1.0589571E+06   0.0000000E+00   0.0000000E+00   0.0000000E+00   0.0000000E+00
     1.4040000E+03   1.6077345E+02   7.7345043E-01   2.2345477E+02   1.0579596E+06   0.0000000E+00   0.0000000E+00   0.0000000E+00   0.0000000E+00
     1.4050000E+03   1.6077295E+02   7.7295154E-01   2.2345451E+02   1.0570572E+06   0.0000000E+00   0.0000000E+00   0.0000000E+00   0.0000000E+00
     1.4060000E+03   1.6077097E+02   7.7095860E-01   2.2345425E+02   1.0521291E+06   0.0000000E+00   0.0000000E+00   0.0000000E+00   0.0000000E+00
     1.4070000E+03   1.6077034E+02   7.7033418E-01   2.2345399E+02   1.0507235E+06   0.0000000E+00   0.0000000E+00   0.0000000E+00   0.0000000E+00
     1.4080000E+03   1.6076822E+02   7.6821882E-01   2.2345375E+02   1.0461507E+06   0.0000000E+00   0.0000000E+00   0.0000000E+00   0.0000000E+00
     1.4090000E+03   1.6076598E+02   7.6597792E-01   2.2345349E+02   1.0409554E+06   0.0000000E+00   0.0000000E+00   0.0000000E+00   0.0000000E+00
     1.4100000E+03   1.6076474E+02   7.6473260E-01   2.2345323E+02   1.0382069E+06   0.0000000E+00   0.0000000E+00   0.0000000E+00   0.0000000E+00
     1.4110000E+03   1.6076324E+02   7.6323742E-01   2.2345297E+02   1.0346380E+06   0.0000000E+00   0.0000000E+00   0.0000000E+00   0.0000000E+00
     1.4120000E+03   1.6076175E+02   7.6174474E-01   2.2345273E+02   1.0314996E+06   0.0000000E+00   0.0000000E+00   0.0000000E+00   0.0000000E+00
     1.4130000E+03   1.6076025E+02   7.6024926E-01   2.2345247E+02   1.0278248E+06   0.0000000E+00   0.0000000E+00   0.0000000E+00   0.0000000E+00
     1.4140000E+03   1.6075999E+02   7.5999933E-01   2.2345224E+02   1.0274682E+06   0.0000000E+00   0.0000000E+00   0.0000000E+00   0.0000000E+00
     1.4150000E+03   1.6076024E+02   7.6024461E-01   2.2345203E+02   1.0279874E+06   0.0000000E+00   0.0000000E+00   0.0000000E+00   0.0000000E+00
     1.4160000E+03   1.6075949E+02   7.5949663E-01   2.2345181E+02   1.0261247E+06   0.0000000E+00   0.0000000E+00   0.0000000E+00   0.0000000E+00
     1.4170000E+03   1.6075874E+02   7.5874895E-01   2.2345161E+02   1.0245832E+06   0.0000000E+00   0.0000000E+00   0.0000000E+00   0.0000000E+00
     1.4180000E+03   1.6075800E+02   7.5800294E-01   2.2345143E+02   1.0231651E+06   0.0000000E+00   0.0000000E+00   0.0000000E+00   0.0000000E+00
     1.4190000E+03   1.6075826E+02   7.5824839E-01   2.2345125E+02   1.0234812E+06   0.0000000E+00   0.0000000E+00   0.0000000E+00   0.0000000E+00
     1.4200000E+03   1.6075751E+02   7.5750035E-01   2.2345108E+02   1.0216635E+06   0.0000000E+00   0.0000000E+00   0.0000000E+00   0.0000000E+00
     1.4210000E+03   1.6075676E+02   7.5675452E-01   2.2345091E+02   1.0203667E+06   0.0000000E+00   0.0000000E+00   0.0000000E+00   0.0000000E+00
     1.4220000E+03   1.6075626E+02   7.5625551E-01   2.2345076E+02   1.0192105E+06   0.0000000E+00   0.0000000E+00   0.0000000E+00   0.0000000E+00
     1.4230000E+03   1.6075551E+02   7.5550723E-01   2.2345059E+02   1.0172307E+06   0.0000000E+00   0.0000000E+00   0.0000000E+00   0.0000000E+00
     1.4240000E+03   1.6075452E+02   7.5451243E-01   2.2345042E+02   1.0151778E+06   0.0000000E+00   0.0000000E+00   0.0000000E+00   0.0000000E+00
     1.4250000E+03   1.6075426E+02   7.5426191E-01   2.2345029E+02   1.0146492E+06   0.0000000E+00   0.0000000E+00   0.0000000E+00   0.0000000E+00
     1.4260000E+03   1.6075476E+02   7.5475729E-01   2.2345015E+02   1.0157784E+06   0.0000000E+00   0.0000000E+00   0.0000000E+00   0.0000000E+00
     1.4270000E+03   1.6075302E+02   7.5301737E-01   2.2345000E+02   1.0119849E+06   0.0000000E+00   0.0000000E+00   0.0000000E+00   0.0000000E+00
     1.4280000E+03   1.6075215E+02   7.5214517E-01   2.2344986E+02   1.0098673E+06   0.0000000E+00   0.0000000E+00   0.0000000E+00   0.0000000E+00
     1.4290000E+03   1.6075027E+02   7.5028116E-01   2.2344969E+02   1.0058135E+06   0.0000000E+00   0.0000000E+00   0.0000000E+00   0.0000000E+00
     1.4300000E+03   1.6074991E+02   7.4990600E-01   2.2344955E+02   1.0047525E+06   0.0000000E+00   0.0000000E+00   0.0000000E+00   0.0000000E+00
     1.4310000E+03   1.6075052E+02   7.5052458E-01   2.2344942E+02   1.0060200E+06   0.0000000E+00   0.0000000E+00   0.0000000E+00   0.0000000E+00
     1.4320000E+03   1.6075078E+02   7.5077224E-01   2.2344930E+02   1.0066942E+06   0.0000000E+00   0.0000000E+00   0.0000000E+00   0.0000000E+00
     1.4330000E+03   1.6074977E+02   7.4977630E-01   2.2344917E+02   1.0043356E+06   0.0000000E+00   0.0000000E+00   0.0000000E+00   0.0000000E+00
     1.4340000E+03   1.6074841E+02   7.4841005E-01   2.2344905E+02   1.0015221E+06   0.0000000E+00   0.0000000E+00   0.0000000E+00   0.0000000E+00
     1.4350000E+03   1.6074791E+02   7.4791175E-01   2.2344893E+02   1.0003876E+06   0.0000000E+00   0.0000000E+00   0.0000000E+00   0.0000000E+00
     1.4360000E+03   1.6074803E+02   7.4803364E-01   2.2344881E+02   1.0004986E+06   0.0000000E+00   0.0000000E+00   0.0000000E+00   0.0000000E+00
     1.4370000E+03   1.6074779E+02   7.4778426E-01   2.2344870E+02   9.9993025E+05   0.0000000E+00   0.0000000E+00   0.0000000E+00   0.0000000E+00
     1.4380000E+03   1.6074728E+02   7.4728739E-01   2.2344859E+02   9.9904938E+05   0.0000000E+00   0.0000000E+00   0.0000000E+00   0.0000000E+00
     1.4390000E+03   1.6074741E+02   7.4741024E-01   2.2344850E+02   9.9926569E+05   0.0000000E+00   0.0000000E+00   0.0000000E+00   0.0000000E+00
     1.4400000E+03   1.6074753E+02   7.4753416E-01   2.2344841E+02   9.9965831E+05   0.0000000E+00   0.0000000E+00   0.0000000E+00   0.0000000E+00
     1.4410000E+03   1.6074678E+02   7.4678683E-01   2.2344832E+02   9.9779256E+05   0.0000000E+00   0.0000000E+00   0.0000000E+00   0.0000000E+00
     1.4420000E+03   1.6074617E+02   7.4616516E-01   2.2344824E+02   9.9644838E+05   0.0000000E+00   0.0000000E+00   0.0000000E+00   0.0000000E+00
     1.4430000E+03   1.6074554E+02   7.4554259E-01   2.2344815E+02   9.9501138E+05   0.0000000E+00   0.0000000E+00   0.0000000E+00   0.0000000E+00
     1.4440000E+03   1.6074455E+02   7.4454957E-01   2.2344804E+02   9.9304331E+05   0.0000000E+00   0.0000000E+00   0.0000000E+00   0.0000000E+00
     1.4450000E+03   1.6074467E+02   7.4467170E-01   2.2344795E+02   9.9315031E+05   0.0000000E+00   0.0000000E+00   0.0000000E+00   0.0000000E+00
     1.4460000E+03   1.6074429E+02   7.4429876E-01   2.2344786E+02   9.9241812E+05   0.0000000E+00   0.0000000E+00   0.0000000E+00   0.0000000E+00
     1.4470000E+03   1.6074405E+02   7.4404943E-01   2.2344778E+02   9.9181862E+05   0.0000000E+00   0.0000000E+00   0.0000000E+00   0.0000000E+00
     1.4480000E+03   1.6074429E+02   7.4429768E-01   2.2344771E+02   9.9253231E+05   0.0000000E+00   0.0000000E+00   0.0000000E+00   0.0000000E+00
     1.4490000E+03   1.6074454E+02   7.4454296E-01   2.2344763E+02   9.9268494E+05   0.0000000E+00   0.0000000E+00   0.0000000E+00   0.0000000E+00
     1.4500000E+03   1.6074467E+02   7.4466741E-01   2.2344757E+02   9.9314081E+05   0.0000000E+00   0.0000000E+00   0.0000000E+00   0.0000000E+00
     1.4510000E+03   1.6074429E+02   7.4429399E-01   2.2344751E+02   9.9231575E+05   0.0000000E+00   0.0000000E+00   0.0000000E+00   0.0000000E+00
     1.4520000E+03   1.6074355E+02   7.4354774E-01   2.2344743E+02   9.9051625E+05   0.0000000E+00   0.0000000E+00   0.0000000E+00   0.0000000E+00
     1.4530000E+03   1.6074255E+02   7.4255371E-01   2.2344736E+02   9.8837875E+05   0.0000000E+00   0.0000000E+00   0.0000000E+00   0.0000000E+00
     1.4540000E+03   1.6074207E+02   7.4205798E-01   2.2344728E+02   9.8755188E+05   0.0000000E+00   0.0000000E+00   0.0000000E+00   0.0000000E+00
     1.4550000E+03   1.6074231E+02   7.4230349E-01   2.2344722E+02   9.8775731E+05   0.0000000E+00   0.0000000E+00   0.0000000E+00   0.0000000E+00
     1.4560000E+03   1.6074181E+02   7.4180740E-01   2.2344714E+02   9.8690425E+05   0.0000000E+00   0.0000000E+00   0.0000000E+00   0.0000000E+00
     1.4570000E+03   1.6074156E+02   7.4155831E-01   2.2344708E+02   9.8634175E+05   0.0000000E+00   0.0000000E+00   0.0000000E+00   0.0000000E+00
     1.4580000E+03   1.6074081E+02   7.4081278E-01   2.2344701E+02   9.8471944E+05   0.0000000E+00   0.0000000E+00   0.0000000E+00   0.0000000E+00
     1.4590000E+03   1.6074094E+02   7.4093539E-01   2.2344695E+02   9.8485581E+05   0.0000000E+00   0.0000000E+00   0.0000000E+00   0.0000000E+00
     1.4600000E+03   1.6074055E+02   7.4056137E-01   2.2344687E+02   9.8391162E+05   0.0000000E+00   0.0000000E+00   0.0000000E+00   0.0000000E+00
     1.4610000E+03   1.6073956E+02   7.3956740E-01   2.2344679E+02   9.8172506E+05   0.0000000E+00   0.0000000E+00   0.0000000E+00   0.0000000E+00
     1.4620000E+03   1.6073907E+02   7.3907143E-01   2.2344672E+02   9.8087531E+05   0.0000000E+00   0.0000000E+00   0.0000000E+00   0.0000000E+00
     1.4630000E+03   1.6073857E+02   7.3857373E-01   2.2344666E+02   9.7971038E+05   0.0000000E+00   0.0000000E+00   0.0000000E+00   0.0000000E+00
     1.4640000E+03   1.6073845E+02   7.3844874E-01   2.2344658E+02   9.7943281E+05   0.0000000E+00   0.0000000E+00   0.0000000E+00   0.0000000E+00
     1.4650000E+03   1.6073907E+02   7.3906803E-01   2.2344652E+02   9.8063956E+05   0.0000000E+00   0.0000000E+00   0.0000000E+00   0.0000000E+00
     1.4660000E+03   1.6073981E+02   7.3981172E-01   2.2344647E+02   9.8218631E+05   0.0000000E+00   0.0000000E+00   0.0000000E+00   0.0000000E+00
     1.4670000E+03   1.6074019E+02   7.4018449E-01   2.2344644E+02   9.8316244E+05   0.0000000E+00   0.0000000E+00   0.0000000E+00   0.0000000E+00
     1.4680000E+03   1.6074007E+02   7.4006009E-01   2.2344640E+02   9.8293131E+05   0.0000000E+00   0.0000000E+00   0.0000000E+00   0.0000000E+00
     1.4690000E+03   1.6074031E+02   7.4030715E-01   2.2344637E+02   9.8332712E+05   0.0000000E+00   0.0000000E+00   0.0000000E+00   0.0000000E+00
     1.4700000E+03   1.6074007E+02   7.4005985E-01   2.2344632E+02   9.8299425E+05   0.0000000E+00   0.0000000E+00   0.0000000E+00   0.0000000E+00
     1.4710000E+03   1.6073956E+02   7.3956293E-01   2.2344629E+02   9.8193844E+05   0.0000000E+00   0.0000000E+00   0.0000000E+00   0.0000000E+00
     1.4720000E+03   1.6074031E+02   7.4030751E-01   2.2344626E+02   9.8362594E+05   0.0000000E+00   0.0000000E+00   0.0000000E+00   0.0000000E+00
     1.4730000E+03   1.6074106E+02   7.4105084E-01   2.2344623E+02   9.8506856E+05   0.0000000E+00   0.0000000E+00   0.0000000E+00   0.0000000E+00
     1.4740000E+03   1.6074019E+02   7.4018192E-01   2.2344620E+02   9.8318825E+05   0.0000000E+00   0.0000000E+00   0.0000000E+00   0.0000000E+00
     1.4750000E+03   1.6073932E+02   7.3931324E-01   2.2344617E+02   9.8140850E+05   0.0000000E+00   0.0000000E+00   0.0000000E+00   0.0000000E+00
     1.4760000E+03   1.6073845E+02   7.3844326E-01   2.2344611E+02   9.7939444E+05   0.0000000E+00   0.0000000E+00   0.0000000E+00   0.0000000E+00
     1.4770000E+03   1.6073807E+02   7.3807055E-01   2.2344606E+02   9.7861362E+05   0.0000000E+00   0.0000000E+00   0.0000000E+00   0.0000000E+00
     1.4780000E+03   1.6073782E+02   7.3782212E-01   2.2344601E+02   9.7813444E+05   0.0000000E+00   0.0000000E+00   0.0000000E+00   0.0000000E+00
     1.4790000E+03   1.6073708E+02   7.3707616E-01   2.2344595E+02   9.7639319E+05   0.0000000E+00   0.0000000E+00   0.0000000E+00   0.0000000E+00
     1.4800000E+03   1.6073708E+02   7.3707616E-01   2.2344591E+02   9.7648456E+05   0.0000000E+00   0.0000000E+00   0.0000000E+00   0.0000000E+00
     1.4810000E+03   1.6073782E+02   7.3781890E-01   2.2344586E+02   9.7786662E+05   0.0000000E+00   0.0000000E+00   0.0000000E+00   0.0000000E+00
     1.4820000E+03   1.6074527E+02   7.4526727E-01   2.2344588E+02   9.9432094E+05   0.0000000E+00   0.0000000E+00   0.0000000E+00   0.0000000E+00
     1.4830000E+03   1.6077136E+02   7.7135700E-01   2.2344614E+02   1.0532165E+06   0.0000000E+00   0.0000000E+00   0.0000000E+00   0.0000000E+00
     1.4840000E+03   1.6075943E+02   7.5943357E-01   2.2344640E+02   1.0264184E+06   0.0000000E+00   0.0000000E+00   0.0000000E+00   0.0000000E+00
     1.4850000E+03   1.6075397E+02   7.5396907E-01   2.2344656E+02   1.0139370E+06   0.0000000E+00   0.0000000E+00   0.0000000E+00   0.0000000E+00
     1.4860000E+03   1.6074863E+02   7.4862981E-01   2.2344662E+02   1.0019614E+06   0.0000000E+00   0.0000000E+00   0.0000000E+00   0.0000000E+00
     1.4870000E+03   1.6074442E+02   7.4440837E-01   2.2344664E+02   9.9263181E+05   0.0000000E+00   0.0000000E+00   0.0000000E+00   0.0000000E+00
     1.4880000E+03   1.6074181E+02   7.4180114E-01   2.2344661E+02   9.8689781E+05   0.0000000E+00   0.0000000E+00   0.0000000E+00   0.0000000E+00
     1.4890000E+03   1.6074031E+02   7.4031073E-01   2.2344656E+02   9.8355112E+05   0.0000000E+00   0.0000000E+00   0.0000000E+00   0.0000000E+00
     1.4900000E+03   1.6073956E+02   7.3956597E-01   2.2344652E+02   9.8197712E+05   0.0000000E+00   0.0000000E+00   0.0000000E+00   0.0000000E+00
     1.4910000E+03   1.6073894E+02   7.3894376E-01   2.2344646E+02   9.8050412E+05   0.0000000E+00   0.0000000E+00   0.0000000E+00   0.0000000E+00
     1.4920000E+03   1.6075397E+02   7.5396895E-01   2.2344652E+02   1.0140329E+06   0.0000000E+00   0.0000000E+00   0.0000000E+00   0.0000000E+00
     1.4930000E+03   1.6074802E+02   7.4800879E-01   2.2344656E+02   1.0007156E+06   0.0000000E+00   0.0000000E+00   0.0000000E+00   0.0000000E+00
     1.4940000E+03   1.6074403E+02   7.4403584E-01   2.2344659E+02   9.9184256E+05   0.0000000E+00   0.0000000E+00   0.0000000E+00   0.0000000E+00
     1.4950000E+03   1.6074181E+02   7.4180037E-01   2.2344656E+02   9.8680006E+05   0.0000000E+00   0.0000000E+00   0.0000000E+00   0.0000000E+00
     1.4960000E+03   1.6074043E+02   7.4043435E-01   2.2344653E+02   9.8380538E+05   0.0000000E+00   0.0000000E+00   0.0000000E+00   0.0000000E+00
     1.4970000E+03   1.6074043E+02   7.4043423E-01   2.2344646E+02   9.8239375E+05   0.0000000E+00   0.0000000E+00   0.0000000E+00   0.0000000E+00
     1.4980000E+03   1.6073906E+02   7.3906684E-01   2.2344641E+02   9.8070125E+05   0.0000000E+00   0.0000000E+00   0.0000000E+00   0.0000000E+00
     1.4990000E+03   1.6073869E+02   7.3869449E-01   2.2344637E+02   9.7997056E+05   0.0000000E+00   0.0000000E+00   0.0000000E+00   0.0000000E+00
     1.5000000E+03   1.6075198E+02   7.5197989E-01   2.2344643E+02   1.0094236E+06   0.0000000E+00   0.0000000E+00   0.0000000E+00   0.0000000E+00
     1.5010000E+03   1.6074850E+02   7.4850315E-01   2.2344649E+02   1.0015627E+06   0.0000000E+00   0.0000000E+00   0.0000000E+00   0.0000000E+00
     1.5020000E+03   1.6074478E+02   7.4477977E-01   2.2344653E+02   9.9348125E+05   0.0000000E+00   0.0000000E+00   0.0000000E+00   0.0000000E+00
     1.5030000E+03   1.6074304E+02   7.4304157E-01   2.2344655E+02   9.8955044E+05   0.0000000E+00   0.0000000E+00   0.0000000E+00   0.0000000E+00
     1.5040000E+03   1.6074304E+02   7.4304134E-01   2.2344655E+02   9.8740700E+05   0.0000000E+00   0.0000000E+00   0.0000000E+00   0.0000000E+00
     1.5050000E+03   1.6074106E+02   7.4105513E-01   2.2344656E+02   9.8513319E+05   0.0000000E+00   0.0000000E+00   0.0000000E+00   0.0000000E+00
     1.5060000E+03   1.6074080E+02   7.4080640E-01   2.2344662E+02   9.8431094E+05   0.0000000E+00   0.0000000E+00   0.0000000E+00   0.0000000E+00
     1.5070000E+03   1.6074068E+02   7.4068385E-01   2.2344667E+02   9.8429838E+05   0.0000000E+00   0.0000000E+00   0.0000000E+00   0.0000000E+00
     1.5080000E+03   1.6074329E+02   7.4329144E-01   2.2344672E+02   9.9010000E+05   0.0000000E+00   0.0000000E+00   0.0000000E+00   0.0000000E+00
     1.5090000E+03   1.6076317E+02   7.6316541E-01   2.2344693E+02   1.0346784E+06   0.0000000E+00   0.0000000E+00   0.0000000E+00   0.0000000E+00
     1.5100000E+03   1.6075298E+02   7.5298244E-01   2.2344714E+02   1.0117345E+06   0.0000000E+00   0.0000000E+00   0.0000000E+00   0.0000000E+00
     1.5110000E+03   1.6074702E+02   7.4702305E-01   2.2344727E+02   9.9844494E+05   0.0000000E+00   0.0000000E+00   0.0000000E+00   0.0000000E+00
     1.5120000E+03   1.6075522E+02   7.5522095E-01   2.2344739E+02   1.0167511E+06   0.0000000E+00   0.0000000E+00   0.0000000E+00   0.0000000E+00
     1.5130000E+03   1.6075075E+02   7.5075185E-01   2.2344753E+02   1.0068089E+06   0.0000000E+00   0.0000000E+00   0.0000000E+00   0.0000000E+00
     1.5140000E+03   1.6074678E+02   7.4677879E-01   2.2344765E+02   9.9781781E+05   0.0000000E+00   0.0000000E+00   0.0000000E+00   0.0000000E+00
     1.5150000E+03   1.6074455E+02   7.4454600E-01   2.2344774E+02   9.9304406E+05   0.0000000E+00   0.0000000E+00   0.0000000E+00   0.0000000E+00
     1.5160000E+03   1.6074353E+02   7.4353129E-01   2.2346716E+02   9.9058425E+05   0.0000000E+00   0.0000000E+00   0.0000000E+00   0.0000000E+00
     1.5170000E+03   1.6074309E+02   7.4308467E-01   2.2351398E+02   9.8947181E+05   0.0000000E+00   0.0000000E+00   0.0000000E+00   0.0000000E+00
     1.5180000E+03   1.6074266E+02   7.4265707E-01   2.2360503E+02   9.8863556E+05   0.0000000E+00   0.0000000E+00   0.0000000E+00   0.0000000E+00
     1.5190000E+03   1.6074236E+02   7.4235606E-01   2.2372865E+02   9.8824144E+05   0.0000000E+00   0.0000000E+00   0.0000000E+00   0.0000000E+00
     1.5200000E+03   1.6075453E+02   7.5452900E-01   2.2380901E+02   1.0151763E+06   0.0000000E+00   0.0000000E+00   0.0000000E+00   0.0000000E+00
     1.5210000E+03   1.6079562E+02   7.9561889E-01   2.2387688E+02   1.1092288E+06   0.0000000E+00   0.0000000E+00   0.0000000E+00   0.0000000E+00
     1.5220000E+03   1.6093306E+02   9.3305421E-01   2.3510147E+02   1.4462820E+06   0.0000000E+00   0.0000000E+00   0.0000000E+00   0.0000000E+00
     1.5230000E+03   1.6100645E+02   1.0064552E+00   2.2392522E+02   1.6409390E+06   0.0000000E+00   0.0000000E+00   0.0000000E+00   0.0000000E+00
     1.5240000E+03   1.6111858E+02   1.1185702E+00   2.2387076E+02   1.9567479E+06   0.0000000E+00   0.0000000E+00   0.0000000E+00   0.0000000E+00
     1.5250000E+03   1.6112498E+02   1.1249887E+00   2.2385063E+02   1.9754966E+06   0.0000000E+00   0.0000000E+00   0.0000000E+00   0.0000000E+00
     1.5260000E+03   1.6112477E+02   1.1247637E+00   2.6654935E+02   1.9746741E+06   0.0000000E+00   0.0000000E+00   0.0000000E+00   0.0000000E+00
     1.5270000E+03   1.6114055E+02   1.1405517E+00   2.2460141E+02   2.0212539E+06   0.0000000E+00   0.0000000E+00   0.0000000E+00   0.0000000E+00
     1.5280000E+03   1.6112773E+02   1.1277370E+00   2.2386774E+02   1.9835464E+06   0.0000000E+00   0.0000000E+00   0.0000000E+00   0.0000000E+00
     1.5290000E+03   1.6111252E+02   1.1125194E+00   2.2384042E+02   1.9391371E+06   0.0000000E+00   0.0000000E+00   0.0000000E+00   0.0000000E+00
     1.5300000E+03   1.6108060E+02   1.0806019E+00   2.2380568E+02   1.8473062E+06   0.0000000E+00   0.0000000E+00   0.0000000E+00   0.0000000E+00
     1.5310000E+03   1.6104478E+02   1.0447848E+00   2.2377011E+02   1.7463881E+06   0.0000000E+00   0.0000000E+00   0.0000000E+00   0.0000000E+00
     1.5320000E+03   1.6101355E+02   1.0135512E+00   2.2373650E+02   1.6603535E+06   0.0000000E+00   0.0000000E+00   0.0000000E+00   0.0000000E+00
     1.5330000E+03   1.6099924E+02   9.9923420E-01   2.2370615E+02   1.6214568E+06   0.0000000E+00   0.0000000E+00   0.0000000E+00   0.0000000E+00
     1.5340000E+03   1.6098662E+02   9.8662317E-01   2.2367929E+02   1.5874062E+06   0.0000000E+00   0.0000000E+00   0.0000000E+00   0.0000000E+00
     1.5350000E+03   1.6097935E+02   9.7935152E-01   2.2365564E+02   1.5681421E+06   0.0000000E+00   0.0000000E+00   0.0000000E+00   0.0000000E+00
     1.5360000E+03   1.6097627E+02   9.7627115E-01   2.2363495E+02   1.5597980E+06   0.0000000E+00   0.0000000E+00   0.0000000E+00   0.0000000E+00
     1.5370000E+03   1.6100037E+02   1.0003728E+00   2.2361858E+02   1.6246432E+06   0.0000000E+00   0.0000000E+00   0.0000000E+00   0.0000000E+00
     1.5380000E+03   1.6103845E+02   1.0384448E+00   2.2361082E+02   1.7288806E+06   0.0000000E+00   0.0000000E+00   0.0000000E+00   0.0000000E+00
     1.5390000E+03   1.6109010E+02   1.0900979E+00   2.2362036E+02   1.8744415E+06   0.0000000E+00   0.0000000E+00   0.0000000E+00   0.0000000E+00
     1.5400000E+03   1.6111874E+02   1.1187466E+00   2.2363104E+02   1.9572658E+06   0.0000000E+00   0.0000000E+00   0.0000000E+00   0.0000000E+00
     1.5410000E+03   1.6113319E+02   1.1331973E+00   2.2364047E+02   1.9995928E+06   0.0000000E+00   0.0000000E+00   0.0000000E+00   0.0000000E+00
     1.5420000E+03   1.6112852E+02   1.1285183E+00   2.2364023E+02   1.9858081E+06   0.0000000E+00   0.0000000E+00   0.0000000E+00   0.0000000E+00
     1.5430000E+03   1.6116953E+02   1.1695251E+00   2.2364963E+02   2.1075535E+06   0.0000000E+00   0.0000000E+00   0.0000000E+00   0.0000000E+00
     1.5440000E+03   1.6120607E+02   1.2060710E+00   2.2366156E+02   2.2184562E+06   0.0000000E+00   0.0000000E+00   0.0000000E+00   0.0000000E+00
     1.5450000E+03   1.6134944E+02   1.3494446E+00   2.2368269E+02   2.6751892E+06   0.0000000E+00   0.0000000E+00   0.0000000E+00   0.0000000E+00
     1.5460000E+03   1.6131821E+02   1.3182079E+00   2.2369424E+02   2.5727795E+06   0.0000000E+00   0.0000000E+00   0.0000000E+00   0.0000000E+00
     1.5470000E+03   1.6133261E+02   1.3326181E+00   2.2370468E+02   2.6198258E+06   0.0000000E+00   0.0000000E+00   0.0000000E+00   0.0000000E+00
     1.5480000E+03   1.6132208E+02   1.3220799E+00   2.2371359E+02   2.5853882E+06   0.0000000E+00   0.0000000E+00   0.0000000E+00   0.0000000E+00
     1.5490000E+03   1.6130975E+02   1.3097507E+00   2.2372058E+02   2.5453332E+06   0.0000000E+00   0.0000000E+00   0.0000000E+00   0.0000000E+00
     1.5500000E+03   1.6130814E+02   1.3081396E+00   2.5977731E+02   2.5403440E+06   0.0000000E+00   0.0000000E+00   0.0000000E+00   0.0000000E+00
     1.5510000E+03   1.6129936E+02   1.2993578E+00   2.2450948E+02   2.5117732E+06   0.0000000E+00   0.0000000E+00   0.0000000E+00   0.0000000E+00
     1.5520000E+03   1.6129439E+02   1.2943815E+00   2.2387442E+02   2.4957525E+06   0.0000000E+00   0.0000000E+00   0.0000000E+00   0.0000000E+00
     1.5530000E+03   1.6129030E+02   1.2902975E+00   2.2385886E+02   2.4826348E+06   0.0000000E+00   0.0000000E+00   0.0000000E+00   0.0000000E+00
     1.5540000E+03   1.6128714E+02   1.2871403E+00   2.2384520E+02   2.4725168E+06   0.0000000E+00   0.0000000E+00   0.0000000E+00   0.0000000E+00
     1.5550000E+03   1.6128499E+02   1.2849873E+00   2.2383318E+02   2.4656308E+06   0.0000000E+00   0.0000000E+00   0.0000000E+00   0.0000000E+00
     1.5560000E+03   1.6128223E+02   1.2822291E+00   2.2382259E+02   2.4568130E+06   0.0000000E+00   0.0000000E+00   0.0000000E+00   0.0000000E+00
     1.5570000E+03   1.6127960E+02   1.2796085E+00   2.2381331E+02   2.4484435E+06   0.0000000E+00   0.0000000E+00   0.0000000E+00   0.0000000E+00
     1.5580000E+03   1.6129625E+02   1.2962461E+00   2.2380559E+02   2.5017408E+06   0.0000000E+00   0.0000000E+00   0.0000000E+00   0.0000000E+00
     1.5590000E+03   1.6128740E+02   1.2874058E+00   2.2379875E+02   2.4733698E+06   0.0000000E+00   0.0000000E+00   0.0000000E+00   0.0000000E+00
     1.5600000E+03   1.6128079E+02   1.2807885E+00   2.2379263E+02   2.4522145E+06   0.0000000E+00   0.0000000E+00   0.0000000E+00   0.0000000E+00
     1.5610000E+03   1.6127692E+02   1.2769200E+00   2.2378719E+02   2.4398870E+06   0.0000000E+00   0.0000000E+00   0.0000000E+00   0.0000000E+00
     1.5620000E+03   1.6127695E+02   1.2769436E+00   2.2378241E+02   2.4399575E+06   0.0000000E+00   0.0000000E+00   0.0000000E+00   0.0000000E+00
     1.5630000E+03   1.6127391E+02   1.2739033E+00   2.2377820E+02   2.4302692E+06   0.0000000E+00   0.0000000E+00   0.0000000E+00   0.0000000E+00
     1.5640000E+03   1.6127475E+02   1.2747463E+00   2.2377452E+02   2.4329528E+06   0.0000000E+00   0.0000000E+00   0.0000000E+00   0.0000000E+00
     1.5650000E+03   1.6127190E+02   1.2719004E+00   2.2377122E+02   2.4238938E+06   0.0000000E+00   0.0000000E+00   0.0000000E+00   0.0000000E+00
     1.5660000E+03   1.6126993E+02   1.2699354E+00   2.2376836E+02   2.4176915E+06   0.0000000E+00   0.0000000E+00   0.0000000E+00   0.0000000E+00
     1.5670000E+03   1.6126799E+02   1.2679868E+00   2.2376558E+02   2.4114935E+06   0.0000000E+00   0.0000000E+00   0.0000000E+00   0.0000000E+00
     1.5680000E+03   1.6126604E+02   1.2660433E+00   2.2376297E+02   2.4052755E+06   0.0000000E+00   0.0000000E+00   0.0000000E+00   0.0000000E+00
     1.5690000E+03   1.6126228E+02   1.2622863E+00   2.2375996E+02   2.3934090E+06   0.0000000E+00   0.0000000E+00   0.0000000E+00   0.0000000E+00
     1.5700000E+03   1.6125888E+02   1.2588776E+00   2.2375717E+02   2.3830485E+06   0.0000000E+00   0.0000000E+00   0.0000000E+00   0.0000000E+00
     1.5710000E+03   1.6125323E+02   1.2532395E+00   2.2375381E+02   2.3649948E+06   0.0000000E+00   0.0000000E+00   0.0000000E+00   0.0000000E+00
     1.5720000E+03   1.6124809E+02   1.2480876E+00   2.2375050E+02   2.3487555E+06   0.0000000E+00   0.0000000E+00   0.0000000E+00   0.0000000E+00
     1.5730000E+03   1.6124440E+02   1.2444036E+00   2.2374747E+02   2.3371948E+06   0.0000000E+00   0.0000000E+00   0.0000000E+00   0.0000000E+00
     1.5740000E+03   1.6124187E+02   1.2418689E+00   2.2374472E+02   2.3292695E+06   0.0000000E+00   0.0000000E+00   0.0000000E+00   0.0000000E+00
     1.5750000E+03   1.6123961E+02   1.2396013E+00   2.2374220E+02   2.3221825E+06   0.0000000E+00   0.0000000E+00   0.0000000E+00   0.0000000E+00
     1.5760000E+03   1.6124277E+02   1.2427657E+00   2.2374002E+02   2.3320860E+06   0.0000000E+00   0.0000000E+00   0.0000000E+00   0.0000000E+00
     1.5770000E+03   1.6125264E+02   1.2526394E+00   2.2373871E+02   2.3630748E+06   0.0000000E+00   0.0000000E+00   0.0000000E+00   0.0000000E+00
     1.5780000E+03   1.6124602E+02   1.2460244E+00   2.2373726E+02   2.3422552E+06   0.0000000E+00   0.0000000E+00   0.0000000E+00   0.0000000E+00
     1.5790000E+03   1.6124199E+02   1.2419841E+00   2.2373584E+02   2.3296212E+06   0.0000000E+00   0.0000000E+00   0.0000000E+00   0.0000000E+00
     1.5800000E+03   1.6123985E+02   1.2398506E+00   2.2373457E+02   2.3229595E+06   0.0000000E+00   0.0000000E+00   0.0000000E+00   0.0000000E+00
     1.5810000E+03   1.6123697E+02   1.2369710E+00   2.2373314E+02   2.3139912E+06   0.0000000E+00   0.0000000E+00   0.0000000E+00   0.0000000E+00
     1.5820000E+03   1.6123387E+02   1.2338789E+00   2.2373175E+02   2.3043600E+06   0.0000000E+00   0.0000000E+00   0.0000000E+00   0.0000000E+00
     1.5830000E+03   1.6122913E+02   1.2291228E+00   2.2373015E+02   2.2895745E+06   0.0000000E+00   0.0000000E+00   0.0000000E+00   0.0000000E+00
     1.5840000E+03   1.6122401E+02   1.2240114E+00   2.2372853E+02   2.2737275E+06   0.0000000E+00   0.0000000E+00   0.0000000E+00   0.0000000E+00
     1.5850000E+03   1.6122017E+02   1.2201630E+00   2.2372710E+02   2.2618252E+06   0.0000000E+00   0.0000000E+00   0.0000000E+00   0.0000000E+00
     1.5860000E+03   1.6121468E+02   1.2146746E+00   2.2372542E+02   2.2448945E+06   0.0000000E+00   0.0000000E+00   0.0000000E+00   0.0000000E+00
     1.5870000E+03   1.6120929E+02   1.2092843E+00   2.2372377E+02   2.2283155E+06   0.0000000E+00   0.0000000E+00   0.0000000E+00   0.0000000E+00
     1.5880000E+03   1.6120413E+02   1.2041379E+00   2.2372220E+02   2.2125330E+06   0.0000000E+00   0.0000000E+00   0.0000000E+00   0.0000000E+00
     1.5890000E+03   1.6120053E+02   1.2005385E+00   2.2372069E+02   2.2015212E+06   0.0000000E+00   0.0000000E+00   0.0000000E+00   0.0000000E+00
     1.5900000E+03   1.6119421E+02   1.1942130E+00   2.2371626E+02   2.1822230E+06   0.0000000E+00   0.0000000E+00   0.0000000E+00   0.0000000E+00
     1.5910000E+03   1.6119879E+02   1.1987880E+00   2.2371410E+02   2.1961740E+06   0.0000000E+00   0.0000000E+00   0.0000000E+00   0.0000000E+00
     1.5920000E+03   1.6119073E+02   1.1907326E+00   2.2370874E+02   2.1716332E+06   0.0000000E+00   0.0000000E+00   0.0000000E+00   0.0000000E+00
     1.5930000E+03   1.6118195E+02   1.1819476E+00   2.2370053E+02   2.1449955E+06   0.0000000E+00   0.0000000E+00   0.0000000E+00   0.0000000E+00
     1.5940000E+03   1.6117290E+02   1.1729012E+00   2.2369087E+02   2.1177032E+06   0.0000000E+00   0.0000000E+00   0.0000000E+00   0.0000000E+00
     1.5950000E+03   1.6116336E+02   1.1633569E+00   2.2367993E+02   2.0890605E+06   0.0000000E+00   0.0000000E+00   0.0000000E+00   0.0000000E+00
     1.5960000E+03   1.6115384E+02   1.1538337E+00   2.2366800E+02   2.0606369E+06   0.0000000E+00   0.0000000E+00   0.0000000E+00   0.0000000E+00
     1.5970000E+03   1.6114395E+02   1.1439580E+00   2.2365575E+02   2.0313258E+06   0.0000000E+00   0.0000000E+00   0.0000000E+00   0.0000000E+00
     1.5980000E+03   1.6113319E+02   1.1331873E+00   2.2364357E+02   1.9995500E+06   0.0000000E+00   0.0000000E+00   0.0000000E+00   0.0000000E+00
     1.5990000E+03   1.6112141E+02   1.1214197E+00   2.2363167E+02   1.9650626E+06   0.0000000E+00   0.0000000E+00   0.0000000E+00   0.0000000E+00
     1.6000000E+03   1.6110941E+02   1.1094093E+00   2.2362012E+02   1.9301119E+06   0.0000000E+00   0.0000000E+00   0.0000000E+00   0.0000000E+00
     1.6010000E+03   1.6109789E+02   1.0978780E+00   2.2360899E+02   1.8967914E+06   0.0000000E+00   0.0000000E+00   0.0000000E+00   0.0000000E+00
     1.6020000E+03   1.6108702E+02   1.0870175E+00   2.2359837E+02   1.8656235E+06   0.0000000E+00   0.0000000E+00   0.0000000E+00   0.0000000E+00
     1.6030000E+03   1.6112764E+02   1.1276425E+00   2.2359264E+02   1.9832880E+06   0.0000000E+00   0.0000000E+00   0.0000000E+00   0.0000000E+00
     1.6040000E+03   1.6112515E+02   1.1251599E+00   2.2358847E+02   1.9759756E+06   0.0000000E+00   0.0000000E+00   0.0000000E+00   0.0000000E+00
     1.6050000E+03   1.6111859E+02   1.1185906E+00   2.2358406E+02   1.9567382E+06   0.0000000E+00   0.0000000E+00   0.0000000E+00   0.0000000E+00
     1.6060000E+03   1.6111218E+02   1.1121818E+00   2.2357925E+02   1.9375044E+06   0.0000000E+00   0.0000000E+00   0.0000000E+00   0.0000000E+00
     1.6070000E+03   1.6109935E+02   1.0993559E+00   2.2357372E+02   1.9010216E+06   0.0000000E+00   0.0000000E+00   0.0000000E+00   0.0000000E+00
     1.6080000E+03   1.6108676E+02   1.0867628E+00   2.2356779E+02   1.8648299E+06   0.0000000E+00   0.0000000E+00   0.0000000E+00   0.0000000E+00
     1.6090000E+03   1.6107463E+02   1.0746237E+00   2.2356190E+02   1.8303112E+06   0.0000000E+00   0.0000000E+00   0.0000000E+00   0.0000000E+00
     1.6100000E+03   1.6106262E+02   1.0626191E+00   2.2355621E+02   1.7962818E+06   0.0000000E+00   0.0000000E+00   0.0000000E+00   0.0000000E+00
     1.6110000E+03   1.6105074E+02   1.0507410E+00   2.2355080E+02   1.7630204E+06   0.0000000E+00   0.0000000E+00   0.0000000E+00   0.0000000E+00
     1.6120000E+03   1.6104042E+02   1.0404249E+00   2.2354568E+02   1.7342695E+06   0.0000000E+00   0.0000000E+00   0.0000000E+00   0.0000000E+00
     1.6130000E+03   1.6103178E+02   1.0317788E+00   2.2354097E+02   1.7102578E+06   0.0000000E+00   0.0000000E+00   0.0000000E+00   0.0000000E+00
     1.6140000E+03   1.6102393E+02   1.0239260E+00   2.2353659E+02   1.6888538E+06   0.0000000E+00   0.0000000E+00   0.0000000E+00   0.0000000E+00
     1.6150000E+03   1.6101733E+02   1.0173334E+00   2.2353258E+02   1.6704670E+06   0.0000000E+00   0.0000000E+00   0.0000000E+00   0.0000000E+00
     1.6160000E+03   1.6101100E+02   1.0110035E+00   2.2352892E+02   1.6534988E+06   0.0000000E+00   0.0000000E+00   0.0000000E+00   0.0000000E+00
     1.6170000E+03   1.6101295E+02   1.0129591E+00   2.2352568E+02   1.6588718E+06   0.0000000E+00   0.0000000E+00   0.0000000E+00   0.0000000E+00
     1.6180000E+03   1.6100702E+02   1.0070155E+00   2.2352274E+02   1.6423234E+06   0.0000000E+00   0.0000000E+00   0.0000000E+00   0.0000000E+00
     1.6190000E+03   1.6102191E+02   1.0219126E+00   2.2352066E+02   1.6833641E+06   0.0000000E+00   0.0000000E+00   0.0000000E+00   0.0000000E+00
     1.6200000E+03   1.6102440E+02   1.0243959E+00   2.2351915E+02   1.6894072E+06   0.0000000E+00   0.0000000E+00   0.0000000E+00   0.0000000E+00
     1.6210000E+03   1.6102412E+02   1.0241241E+00   2.2351787E+02   1.6890894E+06   0.0000000E+00   0.0000000E+00   0.0000000E+00   0.0000000E+00
     1.6220000E+03   1.6102058E+02   1.0205913E+00   2.2351656E+02   1.6794626E+06   0.0000000E+00   0.0000000E+00   0.0000000E+00   0.0000000E+00
     1.6230000E+03   1.6101430E+02   1.0142962E+00   2.2351515E+02   1.6624066E+06   0.0000000E+00   0.0000000E+00   0.0000000E+00   0.0000000E+00
     1.6240000E+03   1.6100725E+02   1.0072491E+00   2.2351366E+02   1.6432881E+06   0.0000000E+00   0.0000000E+00   0.0000000E+00   0.0000000E+00
     1.6250000E+03   1.6099969E+02   9.9970108E-01   2.2351208E+02   1.6228309E+06   0.0000000E+00   0.0000000E+00   0.0000000E+00   0.0000000E+00
     1.6260000E+03   1.6099290E+02   9.9290413E-01   2.2351047E+02   1.6041080E+06   0.0000000E+00   0.0000000E+00   0.0000000E+00   0.0000000E+00
     1.6270000E+03   1.6098636E+02   9.8636347E-01   2.2350882E+02   1.5868062E+06   0.0000000E+00   0.0000000E+00   0.0000000E+00   0.0000000E+00
     1.6280000E+03   1.6098058E+02   9.8057508E-01   2.2350720E+02   1.5713432E+06   0.0000000E+00   0.0000000E+00   0.0000000E+00   0.0000000E+00
     1.6290000E+03   1.6097559E+02   9.7559124E-01   2.2350893E+02   1.5581539E+06   0.0000000E+00   0.0000000E+00   0.0000000E+00   0.0000000E+00
     1.6300000E+03   1.6097104E+02   9.7103268E-01   2.2353851E+02   1.5459268E+06   0.0000000E+00   0.0000000E+00   0.0000000E+00   0.0000000E+00
     1.6310000E+03   1.6097241E+02   9.7241765E-01   2.2356363E+02   1.5493296E+06   0.0000000E+00   0.0000000E+00   0.0000000E+00   0.0000000E+00
     1.6320000E+03   1.6096724E+02   9.6723241E-01   2.2358534E+02   1.5354981E+06   0.0000000E+00   0.0000000E+00   0.0000000E+00   0.0000000E+00
     1.6330000E+03   1.6096251E+02   9.6250600E-01   2.2360428E+02   1.5232550E+06   0.0000000E+00   0.0000000E+00   0.0000000E+00   0.0000000E+00
     1.6340000E+03   1.6095869E+02   9.5868713E-01   2.2361700E+02   1.5134345E+06   0.0000000E+00   0.0000000E+00   0.0000000E+00   0.0000000E+00
     1.6350000E+03   1.6095567E+02   9.5567727E-01   2.2362541E+02   1.5052791E+06   0.0000000E+00   0.0000000E+00   0.0000000E+00   0.0000000E+00
     1.6360000E+03   1.6095222E+02   9.5222843E-01   2.2363792E+02   1.4963155E+06   0.0000000E+00   0.0000000E+00   0.0000000E+00   0.0000000E+00
     1.6370000E+03   1.6094937E+02   9.4937736E-01   2.2366536E+02   1.4888606E+06   0.0000000E+00   0.0000000E+00   0.0000000E+00   0.0000000E+00
     1.6380000E+03   1.6094646E+02   9.4646174E-01   2.2368863E+02   1.4812888E+06   0.0000000E+00   0.0000000E+00   0.0000000E+00   0.0000000E+00
     1.6390000E+03   1.6094350E+02   9.4349074E-01   2.2370830E+02   1.4735255E+06   0.0000000E+00   0.0000000E+00   0.0000000E+00   0.0000000E+00
     1.6400000E+03   1.6094098E+02   9.4097394E-01   2.2372491E+02   1.4668011E+06   0.0000000E+00   0.0000000E+00   0.0000000E+00   0.0000000E+00
     1.6410000E+03   1.6093767E+02   9.3766600E-01   2.2373894E+02   1.4582698E+06   0.0000000E+00   0.0000000E+00   0.0000000E+00   0.0000000E+00
     1.6420000E+03   1.6093909E+02   9.3908972E-01   2.2374181E+02   1.4620291E+06   0.0000000E+00   0.0000000E+00   0.0000000E+00   0.0000000E+00
     1.6430000E+03   1.6093970E+02   9.3969107E-01   2.2374007E+02   1.4634751E+06   0.0000000E+00   0.0000000E+00   0.0000000E+00   0.0000000E+00
     1.6440000E+03   1.6093465E+02   9.3464547E-01   2.2373849E+02   1.4502400E+06   0.0000000E+00   0.0000000E+00   0.0000000E+00   0.0000000E+00
     1.6450000E+03   1.6093036E+02   9.3035972E-01   2.2373705E+02   1.4396322E+06   0.0000000E+00   0.0000000E+00   0.0000000E+00   0.0000000E+00
     1.6460000E+03   1.6093585E+02   9.3585402E-01   2.2373517E+02   1.4537228E+06   0.0000000E+00   0.0000000E+00   0.0000000E+00   0.0000000E+00
     1.6470000E+03   1.6092972E+02   9.2972380E-01   2.2372794E+02   1.4378630E+06   0.0000000E+00   0.0000000E+00   0.0000000E+00   0.0000000E+00
     1.6480000E+03   1.6092511E+02   9.2511576E-01   2.2372168E+02   1.4259545E+06   0.0000000E+00   0.0000000E+00   0.0000000E+00   0.0000000E+00
     1.6490000E+03   1.6092191E+02   9.2190051E-01   2.2371626E+02   1.4176076E+06   0.0000000E+00   0.0000000E+00   0.0000000E+00   0.0000000E+00
     1.6500000E+03   1.6093098E+02   9.3099076E-01   2.2371167E+02   1.4409178E+06   0.0000000E+00   0.0000000E+00   0.0000000E+00   0.0000000E+00
     1.6510000E+03   1.6092331E+02   9.2330891E-01   2.2370099E+02   1.4210860E+06   0.0000000E+00   0.0000000E+00   0.0000000E+00   0.0000000E+00
     1.6520000E+03   1.6091801E+02   9.1801596E-01   2.2369037E+02   1.4077259E+06   0.0000000E+00   0.0000000E+00   0.0000000E+00   0.0000000E+00
     1.6530000E+03   1.6091374E+02   9.1374904E-01   2.2368120E+02   1.3970419E+06   0.0000000E+00   0.0000000E+00   0.0000000E+00   0.0000000E+00
     1.6540000E+03   1.6091164E+02   9.1162920E-01   2.2367331E+02   1.3913649E+06   0.0000000E+00   0.0000000E+00   0.0000000E+00   0.0000000E+00
     1.6550000E+03   1.6090915E+02   9.0915143E-01   2.2366650E+02   1.3850891E+06   0.0000000E+00   0.0000000E+00   0.0000000E+00   0.0000000E+00
     1.6560000E+03   1.6090768E+02   9.0768898E-01   2.2366063E+02   1.3812680E+06   0.0000000E+00   0.0000000E+00   0.0000000E+00   0.0000000E+00
     1.6570000E+03   1.6090787E+02   9.0786934E-01   2.2365558E+02   1.3820441E+06   0.0000000E+00   0.0000000E+00   0.0000000E+00   0.0000000E+00
     1.6580000E+03   1.6090605E+02   9.0605158E-01   2.2365120E+02   1.3770198E+06   0.0000000E+00   0.0000000E+00   0.0000000E+00   0.0000000E+00
     1.6590000E+03   1.6090324E+02   9.0324318E-01   2.2364742E+02   1.3700771E+06   0.0000000E+00   0.0000000E+00   0.0000000E+00   0.0000000E+00
     1.6600000E+03   1.6090120E+02   9.0119469E-01   2.2364410E+02   1.3651588E+06   0.0000000E+00   0.0000000E+00   0.0000000E+00   0.0000000E+00
     1.6610000E+03   1.6089865E+02   8.9864874E-01   2.2364130E+02   1.3583992E+06   0.0000000E+00   0.0000000E+00   0.0000000E+00   0.0000000E+00
     1.6620000E+03   1.6089577E+02   8.9576703E-01   2.2365001E+02   1.3511411E+06   0.0000000E+00   0.0000000E+00   0.0000000E+00   0.0000000E+00
     1.6630000E+03   1.6089325E+02   8.9324266E-01   2.2371980E+02   1.3451704E+06   0.0000000E+00   0.0000000E+00   0.0000000E+00   0.0000000E+00
     1.6640000E+03   1.6089040E+02   8.9039624E-01   2.2376740E+02   1.3376554E+06   0.0000000E+00   0.0000000E+00   0.0000000E+00   0.0000000E+00
     1.6650000E+03   1.6088731E+02   8.8732117E-01   2.2380766E+02   1.3301310E+06   0.0000000E+00   0.0000000E+00   0.0000000E+00   0.0000000E+00
     1.6660000E+03   1.6088567E+02   8.8566017E-01   2.2384174E+02   1.3257985E+06   0.0000000E+00   0.0000000E+00   0.0000000E+00   0.0000000E+00
     1.6670000E+03   1.6088371E+02   8.8371843E-01   2.2384654E+02   1.3209404E+06   0.0000000E+00   0.0000000E+00   0.0000000E+00   0.0000000E+00
     1.6680000E+03   1.6088188E+02   8.8188386E-01   2.2384084E+02   1.3166068E+06   0.0000000E+00   0.0000000E+00   0.0000000E+00   0.0000000E+00
     1.6690000E+03   1.6087956E+02   8.7955719E-01   2.2383591E+02   1.3108379E+06   0.0000000E+00   0.0000000E+00   0.0000000E+00   0.0000000E+00
     1.6700000E+03   1.6087674E+02   8.7673742E-01   2.2383163E+02   1.3037210E+06   0.0000000E+00   0.0000000E+00   0.0000000E+00   0.0000000E+00
     1.6710000E+03   1.6087314E+02   8.7314451E-01   2.2382578E+02   1.2947909E+06   0.0000000E+00   0.0000000E+00   0.0000000E+00   0.0000000E+00
     1.6720000E+03   1.6087006E+02   8.7006027E-01   2.2382030E+02   1.2873055E+06   0.0000000E+00   0.0000000E+00   0.0000000E+00   0.0000000E+00
     1.6730000E+03   1.6086711E+02   8.6711138E-01   2.2381554E+02   1.2800160E+06   0.0000000E+00   0.0000000E+00   0.0000000E+00   0.0000000E+00
     1.6740000E+03   1.6086530E+02   8.6530036E-01   2.2381142E+02   1.2756045E+06   0.0000000E+00   0.0000000E+00   0.0000000E+00   0.0000000E+00
     1.6750000E+03   1.6086237E+02   8.6236715E-01   2.2380780E+02   1.2682372E+06   0.0000000E+00   0.0000000E+00   0.0000000E+00   0.0000000E+00
     1.6760000E+03   1.6085907E+02   8.5906780E-01   2.2380464E+02   1.2605084E+06   0.0000000E+00   0.0000000E+00   0.0000000E+00   0.0000000E+00
     1.6770000E+03   1.6085649E+02   8.5649747E-01   2.2378122E+02   1.2542160E+06   0.0000000E+00   0.0000000E+00   0.0000000E+00   0.0000000E+00
     1.6780000E+03   1.6085468E+02   8.5467422E-01   2.2375745E+02   1.2495476E+06   0.0000000E+00   0.0000000E+00   0.0000000E+00   0.0000000E+00
     1.6790000E+03   1.6085353E+02   8.5352516E-01   2.2373711E+02   1.2467500E+06   0.0000000E+00   0.0000000E+00   0.0000000E+00   0.0000000E+00
     1.6800000E+03   1.6085167E+02   8.5166353E-01   2.2371967E+02   1.2420096E+06   0.0000000E+00   0.0000000E+00   0.0000000E+00   0.0000000E+00
     1.6810000E+03   1.6084972E+02   8.4971386E-01   2.2370470E+02   1.2375546E+06   0.0000000E+00   0.0000000E+00   0.0000000E+00   0.0000000E+00
     1.6820000E+03   1.6084779E+02   8.4779167E-01   2.2369186E+02   1.2328975E+06   0.0000000E+00   0.0000000E+00   0.0000000E+00   0.0000000E+00
     1.6830000E+03   1.6084540E+02   8.4539425E-01   2.2368083E+02   1.2271076E+06   0.0000000E+00   0.0000000E+00   0.0000000E+00   0.0000000E+00
     1.6840000E+03   1.6084152E+02   8.4151721E-01   2.2367133E+02   1.2176375E+06   0.0000000E+00   0.0000000E+00   0.0000000E+00   0.0000000E+00
     1.6850000E+03   1.6083891E+02   8.3890980E-01   2.2366315E+02   1.2114065E+06   0.0000000E+00   0.0000000E+00   0.0000000E+00   0.0000000E+00
     1.6860000E+03   1.6083682E+02   8.3681822E-01   2.2365610E+02   1.2064820E+06   0.0000000E+00   0.0000000E+00   0.0000000E+00   0.0000000E+00
     1.6870000E+03   1.6083548E+02   8.3548713E-01   2.2365002E+02   1.2029680E+06   0.0000000E+00   0.0000000E+00   0.0000000E+00   0.0000000E+00
     1.6880000E+03   1.6083380E+02   8.3379567E-01   2.2364479E+02   1.1991248E+06   0.0000000E+00   0.0000000E+00   0.0000000E+00   0.0000000E+00
     1.6890000E+03   1.6083211E+02   8.3211255E-01   2.2364026E+02   1.1950781E+06   0.0000000E+00   0.0000000E+00   0.0000000E+00   0.0000000E+00
     1.6900000E+03   1.6083057E+02   8.3056229E-01   2.2363634E+02   1.1913089E+06   0.0000000E+00   0.0000000E+00   0.0000000E+00   0.0000000E+00
     1.6910000E+03   1.6082828E+02   8.2827127E-01   2.2363293E+02   1.1860374E+06   0.0000000E+00   0.0000000E+00   0.0000000E+00   0.0000000E+00
     1.6920000E+03   1.6082549E+02   8.2548475E-01   2.2362996E+02   1.1792452E+06   0.0000000E+00   0.0000000E+00   0.0000000E+00   0.0000000E+00
     1.6930000E+03   1.6082220E+02   8.2220590E-01   2.2362735E+02   1.1715964E+06   0.0000000E+00   0.0000000E+00   0.0000000E+00   0.0000000E+00
     1.6940000E+03   1.6082118E+02   8.2117605E-01   2.2362508E+02   1.1688448E+06   0.0000000E+00   0.0000000E+00   0.0000000E+00   0.0000000E+00
     1.6950000E+03   1.6082028E+02   8.2027799E-01   2.2362309E+02   1.1669178E+06   0.0000000E+00   0.0000000E+00   0.0000000E+00   0.0000000E+00
     1.6960000E+03   1.6081914E+02   8.1913209E-01   2.2362137E+02   1.1641530E+06   0.0000000E+00   0.0000000E+00   0.0000000E+00   0.0000000E+00
     1.6970000E+03   1.6081712E+02   8.1711662E-01   2.2361983E+02   1.1595791E+06   0.0000000E+00   0.0000000E+00   0.0000000E+00   0.0000000E+00
     1.6980000E+03   1.6081535E+02   8.1535101E-01   2.2361847E+02   1.1552389E+06   0.0000000E+00   0.0000000E+00   0.0000000E+00   0.0000000E+00
     1.6990000E+03   1.6081334E+02   8.1334013E-01   2.2361725E+02   1.1506996E+06   0.0000000E+00   0.0000000E+00   0.0000000E+00   0.0000000E+00
     1.7000000E+03   1.6081532E+02   8.1532270E-01   2.2361618E+02   1.1553274E+06   0.0000000E+00   0.0000000E+00   0.0000000E+00   0.0000000E+00
     1.7010000E+03   1.6081181E+02   8.1181604E-01   2.2361522E+02   1.1469712E+06   0.0000000E+00   0.0000000E+00   0.0000000E+00   0.0000000E+00
     1.7020000E+03   1.6080981E+02   8.0980772E-01   2.2361433E+02   1.1420822E+06   0.0000000E+00   0.0000000E+00   0.0000000E+00   0.0000000E+00
     1.7030000E+03   1.6080730E+02   8.0730331E-01   2.2361354E+02   1.1363426E+06   0.0000000E+00   0.0000000E+00   0.0000000E+00   0.0000000E+00
     1.7040000E+03   1.6080385E+02   8.0384427E-01   2.2360637E+02   1.1281579E+06   0.0000000E+00   0.0000000E+00   0.0000000E+00   0.0000000E+00
     1.7050000E+03   1.6080090E+02   8.0090886E-01   2.2359109E+02   1.1213832E+06   0.0000000E+00   0.0000000E+00   0.0000000E+00   0.0000000E+00
     1.7060000E+03   1.6079912E+02   7.9912347E-01   2.2357796E+02   1.1173012E+06   0.0000000E+00   0.0000000E+00   0.0000000E+00   0.0000000E+00
     1.7070000E+03   1.6079848E+02   7.9848266E-01   2.2356665E+02   1.1157641E+06   0.0000000E+00   0.0000000E+00   0.0000000E+00   0.0000000E+00
     1.7080000E+03   1.6079787E+02   7.9786217E-01   2.2355693E+02   1.1143198E+06   0.0000000E+00   0.0000000E+00   0.0000000E+00   0.0000000E+00
     1.7090000E+03   1.6079677E+02   7.9676110E-01   2.2354855E+02   1.1118802E+06   0.0000000E+00   0.0000000E+00   0.0000000E+00   0.0000000E+00
     1.7100000E+03   1.6079480E+02   7.9480046E-01   2.2354132E+02   1.1070629E+06   0.0000000E+00   0.0000000E+00   0.0000000E+00   0.0000000E+00
     1.7110000E+03   1.6079086E+02   7.9086280E-01   2.2353505E+02   1.0981616E+06   0.0000000E+00   0.0000000E+00   0.0000000E+00   0.0000000E+00
     1.7120000E+03   1.6078806E+02   7.8805590E-01   2.2352960E+02   1.0916774E+06   0.0000000E+00   0.0000000E+00   0.0000000E+00   0.0000000E+00
     1.7130000E+03   1.6078725E+02   7.8724843E-01   2.2352490E+02   1.0894389E+06   0.0000000E+00   0.0000000E+00   0.0000000E+00   0.0000000E+00
     1.7140000E+03   1.6078757E+02   7.8757280E-01   2.2352086E+02   1.0903619E+06   0.0000000E+00   0.0000000E+00   0.0000000E+00   0.0000000E+00
     1.7150000E+03   1.6078653E+02   7.8653383E-01   2.2351735E+02   1.0880134E+06   0.0000000E+00   0.0000000E+00   0.0000000E+00   0.0000000E+00
     1.7160000E+03   1.6078563E+02   7.8562564E-01   2.2351431E+02   1.0860345E+06   0.0000000E+00   0.0000000E+00   0.0000000E+00   0.0000000E+00
     1.7170000E+03   1.6078435E+02   7.8434724E-01   2.2351167E+02   1.0828929E+06   0.0000000E+00   0.0000000E+00   0.0000000E+00   0.0000000E+00
     1.7180000E+03   1.6078233E+02   7.8232741E-01   2.2350937E+02   1.0782201E+06   0.0000000E+00   0.0000000E+00   0.0000000E+00   0.0000000E+00
     1.7190000E+03   1.6078156E+02   7.8155649E-01   2.2350735E+02   1.0765238E+06   0.0000000E+00   0.0000000E+00   0.0000000E+00   0.0000000E+00
     1.7200000E+03   1.6078004E+02   7.8004074E-01   2.2350558E+02   1.0728820E+06   0.0000000E+00   0.0000000E+00   0.0000000E+00   0.0000000E+00
     1.7210000E+03   1.6077928E+02   7.7927619E-01   2.2350406E+02   1.0712742E+06   0.0000000E+00   0.0000000E+00   0.0000000E+00   0.0000000E+00
     1.7220000E+03   1.6077888E+02   7.7888662E-01   2.2350272E+02   1.0703996E+06   0.0000000E+00   0.0000000E+00   0.0000000E+00   0.0000000E+00
     1.7230000E+03   1.6077776E+02   7.7775210E-01   2.2350153E+02   1.0677412E+06   0.0000000E+00   0.0000000E+00   0.0000000E+00   0.0000000E+00
     1.7240000E+03   1.6077626E+02   7.7626395E-01   2.2350183E+02   1.0645081E+06   0.0000000E+00   0.0000000E+00   0.0000000E+00   0.0000000E+00
     1.7250000E+03   1.6077408E+02   7.7408081E-01   2.2350647E+02   1.0594431E+06   0.0000000E+00   0.0000000E+00   0.0000000E+00   0.0000000E+00
     1.7260000E+03   1.6077185E+02   7.7185798E-01   2.2350790E+02   1.0541528E+06   0.0000000E+00   0.0000000E+00   0.0000000E+00   0.0000000E+00
     1.7270000E+03   1.6077159E+02   7.7158880E-01   2.2350610E+02   1.0538195E+06   0.0000000E+00   0.0000000E+00   0.0000000E+00   0.0000000E+00
     1.7280000E+03   1.6077158E+02   7.7156878E-01   2.2350453E+02   1.0536079E+06   0.0000000E+00   0.0000000E+00   0.0000000E+00   0.0000000E+00
     1.7290000E+03   1.6076981E+02   7.6981080E-01   2.2350314E+02   1.0496284E+06   0.0000000E+00   0.0000000E+00   0.0000000E+00   0.0000000E+00
     1.7300000E+03   1.6076756E+02   7.6755881E-01   2.2350192E+02   1.0447828E+06   0.0000000E+00   0.0000000E+00   0.0000000E+00   0.0000000E+00
     1.7310000E+03   1.6076530E+02   7.6530677E-01   2.2350082E+02   1.0396089E+06   0.0000000E+00   0.0000000E+00   0.0000000E+00   0.0000000E+00
     1.7320000E+03   1.6076292E+02   7.6293170E-01   2.2349983E+02   1.0341348E+06   0.0000000E+00   0.0000000E+00   0.0000000E+00   0.0000000E+00
     1.7330000E+03   1.6076106E+02   7.6105511E-01   2.2349895E+02   1.0297364E+06   0.0000000E+00   0.0000000E+00   0.0000000E+00   0.0000000E+00
     1.7340000E+03   1.6076006E+02   7.6005250E-01   2.2349815E+02   1.0277152E+06   0.0000000E+00   0.0000000E+00   0.0000000E+00   0.0000000E+00
     1.7350000E+03   1.6075830E+02   7.5830400E-01   2.2349745E+02   1.0238572E+06   0.0000000E+00   0.0000000E+00   0.0000000E+00   0.0000000E+00
     1.7360000E+03   1.6075743E+02   7.5742549E-01   2.2349681E+02   1.0217542E+06   0.0000000E+00   0.0000000E+00   0.0000000E+00   0.0000000E+00
     1.7370000E+03   1.6075580E+02   7.5580150E-01   2.2349623E+02   1.0179169E+06   0.0000000E+00   0.0000000E+00   0.0000000E+00   0.0000000E+00
     1.7380000E+03   1.6075554E+02   7.5554645E-01   2.2349571E+02   1.0172937E+06   0.0000000E+00   0.0000000E+00   0.0000000E+00   0.0000000E+00
     1.7390000E+03   1.6075542E+02   7.5541776E-01   2.2349527E+02   1.0171743E+06   0.0000000E+00   0.0000000E+00   0.0000000E+00   0.0000000E+00
     1.7400000E+03   1.6075653E+02   7.5653243E-01   2.2349487E+02   1.0197813E+06   0.0000000E+00   0.0000000E+00   0.0000000E+00   0.0000000E+00
     1.7410000E+03   1.6075603E+02   7.5603151E-01   2.2349452E+02   1.0187352E+06   0.0000000E+00   0.0000000E+00   0.0000000E+00   0.0000000E+00
     1.7420000E+03   1.6075516E+02   7.5515687E-01   2.2349420E+02   1.0166581E+06   0.0000000E+00   0.0000000E+00   0.0000000E+00   0.0000000E+00
     1.7430000E+03   1.6075316E+02   7.5316435E-01   2.2349388E+02   1.0121721E+06   0.0000000E+00   0.0000000E+00   0.0000000E+00   0.0000000E+00
     1.7440000E+03   1.6075304E+02   7.5303560E-01   2.2349359E+02   1.0116971E+06   0.0000000E+00   0.0000000E+00   0.0000000E+00   0.0000000E+00
     1.7450000E+03   1.6075328E+02   7.5328267E-01   2.2349335E+02   1.0124949E+06   0.0000000E+00   0.0000000E+00   0.0000000E+00   0.0000000E+00
     1.7460000E+03   1.6075278E+02   7.5278360E-01   2.2349312E+02   1.0115132E+06   0.0000000E+00   0.0000000E+00   0.0000000E+00   0.0000000E+00
     1.7470000E+03   1.6075154E+02   7.5153762E-01   2.2349289E+02   1.0086477E+06   0.0000000E+00   0.0000000E+00   0.0000000E+00   0.0000000E+00
     1.7480000E+03   1.6075104E+02   7.5103718E-01   2.2349268E+02   1.0073997E+06   0.0000000E+00   0.0000000E+00   0.0000000E+00   0.0000000E+00
     1.7490000E+03   1.6075104E+02   7.5103581E-01   2.2349248E+02   1.0075569E+06   0.0000000E+00   0.0000000E+00   0.0000000E+00   0.0000000E+00
     1.7500000E+03   1.6075078E+02   7.5078416E-01   2.2349229E+02   1.0068252E+06   0.0000000E+00   0.0000000E+00   0.0000000E+00   0.0000000E+00
     1.7510000E+03   1.6075029E+02   7.5028461E-01   2.2349213E+02   1.0056420E+06   0.0000000E+00   0.0000000E+00   0.0000000E+00   0.0000000E+00
     1.7520000E+03   1.6074904E+02   7.4904156E-01   2.2349196E+02   1.0031376E+06   0.0000000E+00   0.0000000E+00   0.0000000E+00   0.0000000E+00
     1.7530000E+03   1.6074805E+02   7.4804538E-01   2.2349179E+02   1.0009081E+06   0.0000000E+00   0.0000000E+00   0.0000000E+00   0.0000000E+00
     1.7540000E+03   1.6074730E+02   7.4729609E-01   2.2349162E+02   9.9892619E+05   0.0000000E+00   0.0000000E+00   0.0000000E+00   0.0000000E+00
     1.7550000E+03   1.6074655E+02   7.4654871E-01   2.2349146E+02   9.9726469E+05   0.0000000E+00   0.0000000E+00   0.0000000E+00   0.0000000E+00
     1.7560000E+03   1.6074580E+02   7.4580199E-01   2.2349130E+02   9.9570106E+05   0.0000000E+00   0.0000000E+00   0.0000000E+00   0.0000000E+00
     1.7570000E+03   1.6074542E+02   7.4542755E-01   2.2349117E+02   9.9486444E+05   0.0000000E+00   0.0000000E+00   0.0000000E+00   0.0000000E+00
     1.7580000E+03   1.6074419E+02   7.4418330E-01   2.2349101E+02   9.9209269E+05   0.0000000E+00   0.0000000E+00   0.0000000E+00   0.0000000E+00
     1.7590000E+03   1.6074405E+02   7.4405181E-01   2.2349031E+02   9.9196538E+05   0.0000000E+00   0.0000000E+00   0.0000000E+00   0.0000000E+00
     1.7600000E+03   1.6074379E+02   7.4378407E-01   2.2348868E+02   9.9135594E+05   0.0000000E+00   0.0000000E+00   0.0000000E+00   0.0000000E+00
     1.7610000E+03   1.6074352E+02   7.4351937E-01   2.2348726E+02   9.9082581E+05   0.0000000E+00   0.0000000E+00   0.0000000E+00   0.0000000E+00
     1.7620000E+03   1.6074388E+02   7.4387693E-01   2.2348604E+02   9.9147988E+05   0.0000000E+00   0.0000000E+00   0.0000000E+00   0.0000000E+00
     1.7630000E+03   1.6074399E+02   7.4398732E-01   2.2348499E+02   9.9146631E+05   0.0000000E+00   0.0000000E+00   0.0000000E+00   0.0000000E+00
     1.7640000E+03   1.6074324E+02   7.4323362E-01   2.2348407E+02   9.9021044E+05   0.0000000E+00   0.0000000E+00   0.0000000E+00   0.0000000E+00
     1.7650000E+03   1.6074323E+02   7.4322224E-01   2.2348328E+02   9.8982781E+05   0.0000000E+00   0.0000000E+00   0.0000000E+00   0.0000000E+00
     1.7660000E+03   1.6074347E+02   7.4346268E-01   2.2348259E+02   9.9036750E+05   0.0000000E+00   0.0000000E+00   0.0000000E+00   0.0000000E+00
     1.7670000E+03   1.6074258E+02   7.4258691E-01   2.2348198E+02   9.8857150E+05   0.0000000E+00   0.0000000E+00   0.0000000E+00   0.0000000E+00
     1.7680000E+03   1.6074196E+02   7.4195915E-01   2.2348145E+02   9.8710431E+05   0.0000000E+00   0.0000000E+00   0.0000000E+00   0.0000000E+00
     1.7690000E+03   1.6074146E+02   7.4145800E-01   2.2348097E+02   9.8620019E+05   0.0000000E+00   0.0000000E+00   0.0000000E+00   0.0000000E+00
     1.7700000E+03   1.6074121E+02   7.4120373E-01   2.2348056E+02   9.8546581E+05   0.0000000E+00   0.0000000E+00   0.0000000E+00   0.0000000E+00
     1.7710000E+03   1.6074095E+02   7.4095172E-01   2.2348019E+02   9.8501369E+05   0.0000000E+00   0.0000000E+00   0.0000000E+00   0.0000000E+00
     1.7720000E+03   1.6074083E+02   7.4082237E-01   2.2347980E+02   9.8464812E+05   0.0000000E+00   0.0000000E+00   0.0000000E+00   0.0000000E+00
     1.7730000E+03   1.6074045E+02   7.4044627E-01   2.2347942E+02   9.8399250E+05   0.0000000E+00   0.0000000E+00   0.0000000E+00   0.0000000E+00
     1.7740000E+03   1.6073994E+02   7.3994529E-01   2.2347908E+02   9.8284588E+05   0.0000000E+00   0.0000000E+00   0.0000000E+00   0.0000000E+00
     1.7750000E+03   1.6073956E+02   7.3956817E-01   2.2347878E+02   9.8183675E+05   0.0000000E+00   0.0000000E+00   0.0000000E+00   0.0000000E+00
     1.7760000E+03   1.6073920E+02   7.3919362E-01   2.2347850E+02   9.8121294E+05   0.0000000E+00   0.0000000E+00   0.0000000E+00   0.0000000E+00
     1.7770000E+03   1.6073882E+02   7.3881716E-01   2.2347826E+02   9.8020631E+05   0.0000000E+00   0.0000000E+00   0.0000000E+00   0.0000000E+00
     1.7780000E+03   1.6073732E+02   7.3732424E-01   2.2347803E+02   9.7691281E+05   0.0000000E+00   0.0000000E+00   0.0000000E+00   0.0000000E+00
     1.7790000E+03   1.6073695E+02   7.3694813E-01   2.2347781E+02   9.7589562E+05   0.0000000E+00   0.0000000E+00   0.0000000E+00   0.0000000E+00
     1.7800000E+03   1.6073657E+02   7.3657435E-01   2.2347763E+02   9.7523844E+05   0.0000000E+00   0.0000000E+00   0.0000000E+00   0.0000000E+00
     1.7810000E+03   1.6073621E+02   7.3619908E-01   2.2347745E+02   9.7429962E+05   0.0000000E+00   0.0000000E+00   0.0000000E+00   0.0000000E+00
     1.7820000E+03   1.6073645E+02   7.3644739E-01   2.2347729E+02   9.7513775E+05   0.0000000E+00   0.0000000E+00   0.0000000E+00   0.0000000E+00
     1.7830000E+03   1.6073447E+02   7.3445898E-01   2.2347714E+02   9.7080612E+05   0.0000000E+00   0.0000000E+00   0.0000000E+00   0.0000000E+00
     1.7840000E+03   1.6073346E+02   7.3346215E-01   2.2347697E+02   9.6833162E+05   0.0000000E+00   0.0000000E+00   0.0000000E+00   0.0000000E+00
     1.7850000E+03   1.6073396E+02   7.3395711E-01   2.2347685E+02   9.6939244E+05   0.0000000E+00   0.0000000E+00   0.0000000E+00   0.0000000E+00
     1.7860000E+03   1.6073445E+02   7.3445404E-01   2.2347673E+02   9.7075844E+05   0.0000000E+00   0.0000000E+00   0.0000000E+00   0.0000000E+00
     1.7870000E+03   1.6073520E+02   7.3519647E-01   2.2347664E+02   9.7212875E+05   0.0000000E+00   0.0000000E+00   0.0000000E+00   0.0000000E+00
     1.7880000E+03   1.6073520E+02   7.3519671E-01   2.2347656E+02   9.7233275E+05   0.0000000E+00   0.0000000E+00   0.0000000E+00   0.0000000E+00
     1.7890000E+03   1.6073470E+02   7.3469752E-01   2.2347647E+02   9.7097206E+05   0.0000000E+00   0.0000000E+00   0.0000000E+00   0.0000000E+00
     1.7900000E+03   1.6073395E+02   7.3395205E-01   2.2347639E+02   9.6941962E+05   0.0000000E+00   0.0000000E+00   0.0000000E+00   0.0000000E+00
     1.7910000E+03   1.6073419E+02   7.3419917E-01   2.2347632E+02   9.6991125E+05   0.0000000E+00   0.0000000E+00   0.0000000E+00   0.0000000E+00
     1.7920000E+03   1.6073370E+02   7.3370165E-01   2.2347624E+02   9.6881438E+05   0.0000000E+00   0.0000000E+00   0.0000000E+00   0.0000000E+00
     1.7930000E+03   1.6073320E+02   7.3320562E-01   2.2347617E+02   9.6798512E+05   0.0000000E+00   0.0000000E+00   0.0000000E+00   0.0000000E+00
     1.7940000E+03   1.6073318E+02   7.3319113E-01   2.2347508E+02   9.6762069E+05   0.0000000E+00   0.0000000E+00   0.0000000E+00   0.0000000E+00
     1.7950000E+03   1.6073181E+02   7.3180830E-01   2.2347350E+02   9.6479206E+05   0.0000000E+00   0.0000000E+00   0.0000000E+00   0.0000000E+00
     1.7960000E+03   1.6073192E+02   7.3191756E-01   2.2347214E+02   9.6516819E+05   0.0000000E+00   0.0000000E+00   0.0000000E+00   0.0000000E+00
     1.7970000E+03   1.6073154E+02   7.3153079E-01   2.2347095E+02   9.6419138E+05   0.0000000E+00   0.0000000E+00   0.0000000E+00   0.0000000E+00
     1.7980000E+03   1.6073152E+02   7.3151869E-01   2.2346992E+02   9.6411438E+05   0.0000000E+00   0.0000000E+00   0.0000000E+00   0.0000000E+00
     1.7990000E+03   1.6073163E+02   7.3163402E-01   2.2346906E+02   9.6459069E+05   0.0000000E+00   0.0000000E+00   0.0000000E+00   0.0000000E+00
     1.8000000E+03   1.6073175E+02   7.3174834E-01   2.2346829E+02   9.6464844E+05   0.0000000E+00   0.0000000E+00   0.0000000E+00   0.0000000E+00
     1.8010000E+03   1.6073212E+02   7.3211390E-01   2.2346765E+02   9.6556238E+05   0.0000000E+00   0.0000000E+00   0.0000000E+00   0.0000000E+00
     1.8020000E+03   1.6073161E+02   7.3160982E-01   2.2346707E+02   9.6429600E+05   0.0000000E+00   0.0000000E+00   0.0000000E+00   0.0000000E+00
     1.8030000E+03   1.6073024E+02   7.3023856E-01   2.2346655E+02   9.6131862E+05   0.0000000E+00   0.0000000E+00   0.0000000E+00   0.0000000E+00
     1.8040000E+03   1.6072911E+02   7.2911662E-01   2.2346609E+02   9.5896394E+05   0.0000000E+00   0.0000000E+00   0.0000000E+00   0.0000000E+00
     1.8050000E+03   1.6072861E+02   7.2861397E-01   2.2346568E+02   9.5760875E+05   0.0000000E+00   0.0000000E+00   0.0000000E+00   0.0000000E+00
     1.8060000E+03   1.6072935E+02   7.2935528E-01   2.2346535E+02   9.5931962E+05   0.0000000E+00   0.0000000E+00   0.0000000E+00   0.0000000E+00
     1.8070000E+03   1.6072984E+02   7.2984952E-01   2.2346504E+02   9.6059625E+05   0.0000000E+00   0.0000000E+00   0.0000000E+00   0.0000000E+00
     1.8080000E+03   1.6073009E+02   7.3009288E-01   2.2346480E+02   9.6079000E+05   0.0000000E+00   0.0000000E+00   0.0000000E+00   0.0000000E+00
     1.8090000E+03   1.6072984E+02   7.2984457E-01   2.2346457E+02   9.6067675E+05   0.0000000E+00   0.0000000E+00   0.0000000E+00   0.0000000E+00
     1.8100000E+03   1.6073059E+02   7.3058474E-01   2.2346439E+02   9.6187706E+05   0.0000000E+00   0.0000000E+00   0.0000000E+00   0.0000000E+00
     1.8110000E+03   1.6073009E+02   7.3008615E-01   2.2346420E+02   9.6077400E+05   0.0000000E+00   0.0000000E+00   0.0000000E+00   0.0000000E+00
     1.8120000E+03   1.6072946E+02   7.2946483E-01   2.2346405E+02   9.5960994E+05   0.0000000E+00   0.0000000E+00   0.0000000E+00   0.0000000E+00
     1.8130000E+03   1.6073009E+02   7.3008513E-01   2.2346391E+02   9.6116625E+05   0.0000000E+00   0.0000000E+00   0.0000000E+00   0.0000000E+00
     1.8140000E+03   1.6072983E+02   7.2983515E-01   2.2346381E+02   9.6055856E+05   0.0000000E+00   0.0000000E+00   0.0000000E+00   0.0000000E+00
     1.8150000E+03   1.6072910E+02   7.2908819E-01   2.2346368E+02   9.5877338E+05   0.0000000E+00   0.0000000E+00   0.0000000E+00   0.0000000E+00
     1.8160000E+03   1.6072859E+02   7.2858953E-01   2.2346358E+02   9.5753425E+05   0.0000000E+00   0.0000000E+00   0.0000000E+00   0.0000000E+00
     1.8170000E+03   1.6076462E+02   7.6461196E-01   2.2346382E+02   1.0379695E+06   0.0000000E+00   0.0000000E+00   0.0000000E+00   0.0000000E+00
     1.8180000E+03   1.6074921E+02   7.4920762E-01   2.2346405E+02   1.0032443E+06   0.0000000E+00   0.0000000E+00   0.0000000E+00   0.0000000E+00
     1.8190000E+03   1.6074051E+02   7.4051440E-01   2.2346413E+02   9.8380144E+05   0.0000000E+00   0.0000000E+00   0.0000000E+00   0.0000000E+00
     1.8200000E+03   1.6073618E+02   7.3616976E-01   2.2346413E+02   9.7440931E+05   0.0000000E+00   0.0000000E+00   0.0000000E+00   0.0000000E+00
     1.8210000E+03   1.6073456E+02   7.3455536E-01   2.2346410E+02   9.7084381E+05   0.0000000E+00   0.0000000E+00   0.0000000E+00   0.0000000E+00
     1.8220000E+03   1.6073331E+02   7.3331231E-01   2.2346405E+02   9.6794475E+05   0.0000000E+00   0.0000000E+00   0.0000000E+00   0.0000000E+00
     1.8230000E+03   1.6073183E+02   7.3182184E-01   2.2346397E+02   9.6467600E+05   0.0000000E+00   0.0000000E+00   0.0000000E+00   0.0000000E+00
     1.8240000E+03   1.6073083E+02   7.3082930E-01   2.2346388E+02   9.6275538E+05   0.0000000E+00   0.0000000E+00   0.0000000E+00   0.0000000E+00
     1.8250000E+03   1.6073033E+02   7.3033077E-01   2.2346381E+02   9.6148281E+05   0.0000000E+00   0.0000000E+00   0.0000000E+00   0.0000000E+00
     1.8260000E+03   1.6073033E+02   7.3033035E-01   2.2346373E+02   9.6156394E+05   0.0000000E+00   0.0000000E+00   0.0000000E+00   0.0000000E+00
     1.8270000E+03   1.6073058E+02   7.3057777E-01   2.2346365E+02   9.6208369E+05   0.0000000E+00   0.0000000E+00   0.0000000E+00   0.0000000E+00
     1.8280000E+03   1.6073058E+02   7.3057586E-01   2.2346359E+02   9.6189144E+05   0.0000000E+00   0.0000000E+00   0.0000000E+00   0.0000000E+00
     1.8290000E+03   1.6073009E+02   7.3008025E-01   2.2346353E+02   9.6108512E+05   0.0000000E+00   0.0000000E+00   0.0000000E+00   0.0000000E+00
     1.8300000E+03   1.6073009E+02   7.3008013E-01   2.2346347E+02   9.6118156E+05   0.0000000E+00   0.0000000E+00   0.0000000E+00   0.0000000E+00
     1.8310000E+03   1.6073007E+02   7.3007762E-01   2.2346341E+02   9.6086500E+05   0.0000000E+00   0.0000000E+00   0.0000000E+00   0.0000000E+00
     1.8320000E+03   1.6072958E+02   7.2958153E-01   2.2346335E+02   9.5997506E+05   0.0000000E+00   0.0000000E+00   0.0000000E+00   0.0000000E+00
     1.8330000E+03   1.6072908E+02   7.2908431E-01   2.2346329E+02   9.5889012E+05   0.0000000E+00   0.0000000E+00   0.0000000E+00   0.0000000E+00
     1.8340000E+03   1.6072932E+02   7.2933024E-01   2.2346323E+02   9.5913650E+05   0.0000000E+00   0.0000000E+00   0.0000000E+00   0.0000000E+00
     1.8350000E+03   1.6072958E+02   7.2957909E-01   2.2346318E+02   9.5989606E+05   0.0000000E+00   0.0000000E+00   0.0000000E+00   0.0000000E+00
     1.8360000E+03   1.6072958E+02   7.2957832E-01   2.2346313E+02   9.5983750E+05   0.0000000E+00   0.0000000E+00   0.0000000E+00   0.0000000E+00
     1.8370000E+03   1.6072971E+02   7.2970206E-01   2.2346309E+02   9.6010781E+05   0.0000000E+00   0.0000000E+00   0.0000000E+00   0.0000000E+00
     1.8380000E+03   1.6072958E+02   7.2957695E-01   2.2346306E+02   9.5976506E+05   0.0000000E+00   0.0000000E+00   0.0000000E+00   0.0000000E+00
     1.8390000E+03   1.6072958E+02   7.2957641E-01   2.2346301E+02   9.5972500E+05   0.0000000E+00   0.0000000E+00   0.0000000E+00   0.0000000E+00
     1.8400000E+03   1.6072932E+02   7.2932875E-01   2.2346298E+02   9.5937588E+05   0.0000000E+00   0.0000000E+00   0.0000000E+00   0.0000000E+00
     1.8410000E+03   1.6072908E+02   7.2908098E-01   2.2346294E+02   9.5897131E+05   0.0000000E+00   0.0000000E+00   0.0000000E+00   0.0000000E+00
     1.8420000E+03   1.6072871E+02   7.2870684E-01   2.2346289E+02   9.5793131E+05   0.0000000E+00   0.0000000E+00   0.0000000E+00   0.0000000E+00
     1.8430000E+03   1.6072833E+02   7.2833532E-01   2.2346286E+02   9.5735850E+05   0.0000000E+00   0.0000000E+00   0.0000000E+00   0.0000000E+00
     1.8440000E+03   1.6072809E+02   7.2808629E-01   2.2346281E+02   9.5675238E+05   0.0000000E+00   0.0000000E+00   0.0000000E+00   0.0000000E+00
     1.8450000E+03   1.6072809E+02   7.2808504E-01   2.2346277E+02   9.5662275E+05   0.0000000E+00   0.0000000E+00   0.0000000E+00   0.0000000E+00
     1.8460000E+03   1.6072809E+02   7.2808498E-01   2.2346275E+02   9.5619631E+05   0.0000000E+00   0.0000000E+00   0.0000000E+00   0.0000000E+00
     1.8470000E+03   1.6072783E+02   7.2783613E-01   2.2346275E+02   9.5602550E+05   0.0000000E+00   0.0000000E+00   0.0000000E+00   0.0000000E+00
     1.8480000E+03   1.6072783E+02   7.2783613E-01   2.2346274E+02   9.5612688E+05   0.0000000E+00   0.0000000E+00   0.0000000E+00   0.0000000E+00
     1.8490000E+03   1.6072758E+02   7.2758776E-01   2.2346271E+02   9.5551206E+05   0.0000000E+00   0.0000000E+00   0.0000000E+00   0.0000000E+00
     1.8500000E+03   1.6072809E+02   7.2808409E-01   2.2346268E+02   9.5663338E+05   0.0000000E+00   0.0000000E+00   0.0000000E+00   0.0000000E+00
     1.8510000E+03   1.6072783E+02   7.2783530E-01   2.2346265E+02   9.5605331E+05   0.0000000E+00   0.0000000E+00   0.0000000E+00   0.0000000E+00
     1.8520000E+03   1.6072758E+02   7.2758555E-01   2.2346263E+02   9.5530394E+05   0.0000000E+00   0.0000000E+00   0.0000000E+00   0.0000000E+00
     1.8530000E+03   1.6072734E+02   7.2733873E-01   2.2346260E+02   9.5505319E+05   0.0000000E+00   0.0000000E+00   0.0000000E+00   0.0000000E+00
     1.8540000E+03   1.6072758E+02   7.2758561E-01   2.2346257E+02   9.5541800E+05   0.0000000E+00   0.0000000E+00   0.0000000E+00   0.0000000E+00
     1.8550000E+03   1.6072798E+02   7.2797972E-01   2.2347533E+02   9.5618288E+05   0.0000000E+00   0.0000000E+00   0.0000000E+00   0.0000000E+00
     1.8560000E+03   1.6072791E+02   7.2791070E-01   2.2349092E+02   9.5613669E+05   0.0000000E+00   0.0000000E+00   0.0000000E+00   0.0000000E+00
     1.8570000E+03   1.6072757E+02   7.2756761E-01   2.2350423E+02   9.5557612E+05   0.0000000E+00   0.0000000E+00   0.0000000E+00   0.0000000E+00
     1.8580000E+03   1.6072720E+02   7.2720069E-01   2.2351558E+02   9.5477912E+05   0.0000000E+00   0.0000000E+00   0.0000000E+00   0.0000000E+00
     1.8590000E+03   1.6072681E+02   7.2681415E-01   2.2352527E+02   9.5380788E+05   0.0000000E+00   0.0000000E+00   0.0000000E+00   0.0000000E+00
     1.8600000E+03   1.6072713E+02   7.2712708E-01   2.2353093E+02   9.5441900E+05   0.0000000E+00   0.0000000E+00   0.0000000E+00   0.0000000E+00
     1.8610000E+03   1.6072664E+02   7.2664559E-01   2.2353229E+02   9.5340088E+05   0.0000000E+00   0.0000000E+00   0.0000000E+00   0.0000000E+00
     1.8620000E+03   1.6072665E+02   7.2665823E-01   2.2353343E+02   9.5336219E+05   0.0000000E+00   0.0000000E+00   0.0000000E+00   0.0000000E+00
     1.8630000E+03   1.6072643E+02   7.2642225E-01   2.2353441E+02   9.5305756E+05   0.0000000E+00   0.0000000E+00   0.0000000E+00   0.0000000E+00
     1.8640000E+03   1.6072606E+02   7.2605860E-01   2.2353523E+02   9.5219400E+05   0.0000000E+00   0.0000000E+00   0.0000000E+00   0.0000000E+00
     1.8650000E+03   1.6072581E+02   7.2581804E-01   2.2353593E+02   9.5157938E+05   0.0000000E+00   0.0000000E+00   0.0000000E+00   0.0000000E+00
     1.8660000E+03   1.6072571E+02   7.2570086E-01   2.2353653E+02   9.5147744E+05   0.0000000E+00   0.0000000E+00   0.0000000E+00   0.0000000E+00
     1.8670000E+03   1.6072571E+02   7.2570670E-01   2.2353703E+02   9.5134062E+05   0.0000000E+00   0.0000000E+00   0.0000000E+00   0.0000000E+00
     1.8680000E+03   1.6072546E+02   7.2546268E-01   2.2353746E+02   9.5089294E+05   0.0000000E+00   0.0000000E+00   0.0000000E+00   0.0000000E+00
     1.8690000E+03   1.6072522E+02   7.2521925E-01   2.2353781E+02   9.5051606E+05   0.0000000E+00   0.0000000E+00   0.0000000E+00   0.0000000E+00
     1.8700000E+03   1.6072498E+02   7.2497183E-01   2.2353812E+02   9.4958469E+05   0.0000000E+00   0.0000000E+00   0.0000000E+00   0.0000000E+00
     1.8710000E+03   1.6072498E+02   7.2497630E-01   2.2353836E+02   9.4973700E+05   0.0000000E+00   0.0000000E+00   0.0000000E+00   0.0000000E+00
     1.8720000E+03   1.6072498E+02   7.2497916E-01   2.2353857E+02   9.4997175E+05   0.0000000E+00   0.0000000E+00   0.0000000E+00   0.0000000E+00
     1.8730000E+03   1.6072520E+02   7.2520417E-01   2.2353665E+02   9.5008312E+05   0.0000000E+00   0.0000000E+00   0.0000000E+00   0.0000000E+00
     1.8740000E+03   1.6072517E+02   7.2516686E-01   2.2353334E+02   9.5011181E+05   0.0000000E+00   0.0000000E+00   0.0000000E+00   0.0000000E+00
     1.8750000E+03   1.6072513E+02   7.2513539E-01   2.2353050E+02   9.5014500E+05   0.0000000E+00   0.0000000E+00   0.0000000E+00   0.0000000E+00
     1.8760000E+03   1.6073529E+02   7.3529750E-01   2.2352821E+02   9.7247025E+05   0.0000000E+00   0.0000000E+00   0.0000000E+00   0.0000000E+00
     1.8770000E+03   1.6076312E+02   7.6312846E-01   2.2352660E+02   1.0344876E+06   0.0000000E+00   0.0000000E+00   0.0000000E+00   0.0000000E+00
     1.8780000E+03   1.6074695E+02   7.4694812E-01   2.2352528E+02   9.9844619E+05   0.0000000E+00   0.0000000E+00   0.0000000E+00   0.0000000E+00
     1.8790000E+03   1.6073824E+02   7.3823065E-01   2.2352400E+02   9.7885044E+05   0.0000000E+00   0.0000000E+00   0.0000000E+00   0.0000000E+00
     1.8800000E+03   1.6073375E+02   7.3374295E-01   2.2352283E+02   9.6887494E+05   0.0000000E+00   0.0000000E+00   0.0000000E+00   0.0000000E+00
     1.8810000E+03   1.6073100E+02   7.3099917E-01   2.2352176E+02   9.6320638E+05   0.0000000E+00   0.0000000E+00   0.0000000E+00   0.0000000E+00
     1.8820000E+03   1.6072975E+02   7.2974497E-01   2.2352084E+02   9.6024419E+05   0.0000000E+00   0.0000000E+00   0.0000000E+00   0.0000000E+00
     1.8830000E+03   1.6072899E+02   7.2899121E-01   2.2352002E+02   9.5872744E+05   0.0000000E+00   0.0000000E+00   0.0000000E+00   0.0000000E+00
     1.8840000E+03   1.6072849E+02   7.2848570E-01   2.2351929E+02   9.5760750E+05   0.0000000E+00   0.0000000E+00   0.0000000E+00   0.0000000E+00
     1.8850000E+03   1.6072798E+02   7.2798026E-01   2.2351866E+02   9.5630288E+05   0.0000000E+00   0.0000000E+00   0.0000000E+00   0.0000000E+00
     1.8860000E+03   1.6072748E+02   7.2747844E-01   2.2351808E+02   9.5543644E+05   0.0000000E+00   0.0000000E+00   0.0000000E+00   0.0000000E+00
     1.8870000E+03   1.6072748E+02   7.2747064E-01   2.2351761E+02   9.5503731E+05   0.0000000E+00   0.0000000E+00   0.0000000E+00   0.0000000E+00
     1.8880000E+03   1.6072710E+02   7.2709399E-01   2.2351718E+02   9.5437525E+05   0.0000000E+00   0.0000000E+00   0.0000000E+00   0.0000000E+00
     1.8890000E+03   1.6072672E+02   7.2671753E-01   2.2351682E+02   9.5363856E+05   0.0000000E+00   0.0000000E+00   0.0000000E+00   0.0000000E+00
     1.8900000E+03   1.6072720E+02   7.2720939E-01   2.2351651E+02   9.5440494E+05   0.0000000E+00   0.0000000E+00   0.0000000E+00   0.0000000E+00
     1.8910000E+03   1.6072758E+02   7.2758037E-01   2.2351622E+02   9.5547425E+05   0.0000000E+00   0.0000000E+00   0.0000000E+00   0.0000000E+00
     1.8920000E+03   1.6072768E+02   7.2766912E-01   2.2351308E+02   9.5597619E+05   0.0000000E+00   0.0000000E+00   0.0000000E+00   0.0000000E+00
     1.8930000E+03   1.6075696E+02   7.5695723E-01   2.2350963E+02   1.0208043E+06   0.0000000E+00   0.0000000E+00   0.0000000E+00   0.0000000E+00
     1.8940000E+03   1.6074431E+02   7.4430090E-01   2.2355399E+02   9.9260025E+05   0.0000000E+00   0.0000000E+00   0.0000000E+00   0.0000000E+00
     1.8950000E+03   1.6073801E+02   7.3800218E-01   2.2360068E+02   9.7840225E+05   0.0000000E+00   0.0000000E+00   0.0000000E+00   0.0000000E+00
     1.8960000E+03   1.6073465E+02   7.3465514E-01   2.2363403E+02   9.7098375E+05   0.0000000E+00   0.0000000E+00   0.0000000E+00   0.0000000E+00
     1.8970000E+03   1.6073276E+02   7.3275596E-01   2.2365289E+02   9.6677788E+05   0.0000000E+00   0.0000000E+00   0.0000000E+00   0.0000000E+00
     1.8980000E+03   1.6073169E+02   7.3169273E-01   2.2366866E+02   9.6437269E+05   0.0000000E+00   0.0000000E+00   0.0000000E+00   0.0000000E+00
     1.8990000E+03   1.6073085E+02   7.3085159E-01   2.2368228E+02   9.6248831E+05   0.0000000E+00   0.0000000E+00   0.0000000E+00   0.0000000E+00
     1.9000000E+03   1.6073024E+02   7.3023826E-01   2.2369386E+02   9.6135869E+05   0.0000000E+00   0.0000000E+00   0.0000000E+00   0.0000000E+00
     1.9010000E+03   1.6073000E+02   7.2998971E-01   2.2369389E+02   9.6090388E+05   0.0000000E+00   0.0000000E+00   0.0000000E+00   0.0000000E+00
     1.9020000E+03   1.6072969E+02   7.2969025E-01   2.2368961E+02   9.6001588E+05   0.0000000E+00   0.0000000E+00   0.0000000E+00   0.0000000E+00
     1.9030000E+03   1.6072940E+02   7.2939980E-01   2.2368596E+02   9.5944781E+05   0.0000000E+00   0.0000000E+00   0.0000000E+00   0.0000000E+00
     1.9040000E+03   1.6072911E+02   7.2911531E-01   2.2368291E+02   9.5876794E+05   0.0000000E+00   0.0000000E+00   0.0000000E+00   0.0000000E+00
     1.9050000E+03   1.6072884E+02   7.2884309E-01   2.2370262E+02   9.5824206E+05   0.0000000E+00   0.0000000E+00   0.0000000E+00   0.0000000E+00
     1.9060000E+03   1.6072876E+02   7.2875488E-01   2.2376031E+02   9.5801319E+05   0.0000000E+00   0.0000000E+00   0.0000000E+00   0.0000000E+00
     1.9070000E+03   1.6072882E+02   7.2882384E-01   2.2378824E+02   9.5802600E+05   0.0000000E+00   0.0000000E+00   0.0000000E+00   0.0000000E+00
     1.9080000E+03   1.6072859E+02   7.2859663E-01   2.2381194E+02   9.5772381E+05   0.0000000E+00   0.0000000E+00   0.0000000E+00   0.0000000E+00
     1.9090000E+03   1.6072858E+02   7.2857529E-01   2.2383199E+02   9.5758081E+05   0.0000000E+00   0.0000000E+00   0.0000000E+00   0.0000000E+00
     1.9100000E+03   1.6072852E+02   7.2851872E-01   2.2384891E+02   9.5745638E+05   0.0000000E+00   0.0000000E+00   0.0000000E+00   0.0000000E+00
     1.9110000E+03   1.6072818E+02   7.2818488E-01   2.2386334E+02   9.5697062E+05   0.0000000E+00   0.0000000E+00   0.0000000E+00   0.0000000E+00
     1.9120000E+03   1.6072818E+02   7.2818512E-01   2.2385585E+02   9.5729656E+05   0.0000000E+00   0.0000000E+00   0.0000000E+00   0.0000000E+00
     1.9130000E+03   1.6072833E+02   7.2833192E-01   2.2383255E+02   9.5703575E+05   0.0000000E+00   0.0000000E+00   0.0000000E+00   0.0000000E+00
     1.9140000E+03   1.6072833E+02   7.2833192E-01   2.2381288E+02   9.5725988E+05   0.0000000E+00   0.0000000E+00   0.0000000E+00   0.0000000E+00
     1.9150000E+03   1.6072836E+02   7.2835803E-01   2.2379608E+02   9.5625662E+05   0.0000000E+00   0.0000000E+00   0.0000000E+00   0.0000000E+00
     1.9160000E+03   1.6072792E+02   7.2791660E-01   2.2378177E+02   9.5643444E+05   0.0000000E+00   0.0000000E+00   0.0000000E+00   0.0000000E+00
     1.9170000E+03   1.6072786E+02   7.2786307E-01   2.2376953E+02   9.5599681E+05   0.0000000E+00   0.0000000E+00   0.0000000E+00   0.0000000E+00
     1.9180000E+03   1.6072774E+02   7.2774351E-01   2.2375899E+02   9.5603031E+05   0.0000000E+00   0.0000000E+00   0.0000000E+00   0.0000000E+00
     1.9190000E+03   1.6072765E+02   7.2763914E-01   2.2375003E+02   9.5523900E+05   0.0000000E+00   0.0000000E+00   0.0000000E+00   0.0000000E+00
     1.9200000E+03   1.6072731E+02   7.2730297E-01   2.2374234E+02   9.5482469E+05   0.0000000E+00   0.0000000E+00   0.0000000E+00   0.0000000E+00
     1.9210000E+03   1.6072710E+02   7.2710407E-01   2.2373582E+02   9.5426412E+05   0.0000000E+00   0.0000000E+00   0.0000000E+00   0.0000000E+00
     1.9220000E+03   1.6072697E+02   7.2698009E-01   2.2373027E+02   9.5410306E+05   0.0000000E+00   0.0000000E+00   0.0000000E+00   0.0000000E+00
     1.9230000E+03   1.6072687E+02   7.2686261E-01   2.2372554E+02   9.5390744E+05   0.0000000E+00   0.0000000E+00   0.0000000E+00   0.0000000E+00
     1.9240000E+03   1.6072656E+02   7.2656745E-01   2.2372145E+02   9.5345375E+05   0.0000000E+00   0.0000000E+00   0.0000000E+00   0.0000000E+00
     1.9250000E+03   1.6072752E+02   7.2752285E-01   2.2371799E+02   9.5524444E+05   0.0000000E+00   0.0000000E+00   0.0000000E+00   0.0000000E+00
     1.9260000E+03   1.6072672E+02   7.2671634E-01   2.2371263E+02   9.5364050E+05   0.0000000E+00   0.0000000E+00   0.0000000E+00   0.0000000E+00
     1.9270000E+03   1.6072643E+02   7.2642654E-01   2.2368736E+02   9.5281675E+05   0.0000000E+00   0.0000000E+00   0.0000000E+00   0.0000000E+00
     1.9280000E+03   1.6072643E+02   7.2642583E-01   2.2366574E+02   9.5214594E+05   0.0000000E+00   0.0000000E+00   0.0000000E+00   0.0000000E+00
     1.9290000E+03   1.6072784E+02   7.2784024E-01   2.2364758E+02   9.5610369E+05   0.0000000E+00   0.0000000E+00   0.0000000E+00   0.0000000E+00
     1.9300000E+03   1.6072679E+02   7.2679049E-01   2.2363202E+02   9.5377662E+05   0.0000000E+00   0.0000000E+00   0.0000000E+00   0.0000000E+00
     1.9310000E+03   1.6072614E+02   7.2614020E-01   2.2361868E+02   9.5230688E+05   0.0000000E+00   0.0000000E+00   0.0000000E+00   0.0000000E+00
     1.9320000E+03   1.6072575E+02   7.2575957E-01   2.2360712E+02   9.5114606E+05   0.0000000E+00   0.0000000E+00   0.0000000E+00   0.0000000E+00
     1.9330000E+03   1.6072540E+02   7.2540069E-01   2.2359734E+02   9.5078775E+05   0.0000000E+00   0.0000000E+00   0.0000000E+00   0.0000000E+00
     1.9340000E+03   1.6072531E+02   7.2530431E-01   2.2358890E+02   9.5045381E+05   0.0000000E+00   0.0000000E+00   0.0000000E+00   0.0000000E+00
     1.9350000E+03   1.6072522E+02   7.2522271E-01   2.2358171E+02   9.5042031E+05   0.0000000E+00   0.0000000E+00   0.0000000E+00   0.0000000E+00
     1.9360000E+03   1.6072514E+02   7.2515035E-01   2.2357555E+02   9.4981525E+05   0.0000000E+00   0.0000000E+00   0.0000000E+00   0.0000000E+00
     1.9370000E+03   1.6072490E+02   7.2490382E-01   2.2357031E+02   9.4986081E+05   0.0000000E+00   0.0000000E+00   0.0000000E+00   0.0000000E+00
     1.9380000E+03   1.6072479E+02   7.2479141E-01   2.2356581E+02   9.4919144E+05   0.0000000E+00   0.0000000E+00   0.0000000E+00   0.0000000E+00
     1.9390000E+03   1.6072450E+02   7.2450066E-01   2.2356204E+02   9.4884725E+05   0.0000000E+00   0.0000000E+00   0.0000000E+00   0.0000000E+00
     1.9400000E+03   1.6072409E+02   7.2409004E-01   2.2355875E+02   9.4769531E+05   0.0000000E+00   0.0000000E+00   0.0000000E+00   0.0000000E+00
     1.9410000E+03   1.6072406E+02   7.2405815E-01   2.2355595E+02   9.4776994E+05   0.0000000E+00   0.0000000E+00   0.0000000E+00   0.0000000E+00
     1.9420000E+03   1.6072366E+02   7.2365886E-01   2.2355357E+02   9.4703456E+05   0.0000000E+00   0.0000000E+00   0.0000000E+00   0.0000000E+00
     1.9430000E+03   1.6072339E+02   7.2338635E-01   2.2355151E+02   9.4619925E+05   0.0000000E+00   0.0000000E+00   0.0000000E+00   0.0000000E+00
     1.9440000E+03   1.6072311E+02   7.2311741E-01   2.2354974E+02   9.4561044E+05   0.0000000E+00   0.0000000E+00   0.0000000E+00   0.0000000E+00
     1.9450000E+03   1.6072285E+02   7.2285098E-01   2.2354822E+02   9.4485356E+05   0.0000000E+00   0.0000000E+00   0.0000000E+00   0.0000000E+00
     1.9460000E+03   1.6072197E+02   7.2196680E-01   2.2354694E+02   9.4318244E+05   0.0000000E+00   0.0000000E+00   0.0000000E+00   0.0000000E+00
     1.9470000E+03   1.6072456E+02   7.2456408E-01   2.2354584E+02   9.4891550E+05   0.0000000E+00   0.0000000E+00   0.0000000E+00   0.0000000E+00
     1.9480000E+03   1.6072368E+02   7.2368342E-01   2.2354491E+02   9.4690719E+05   0.0000000E+00   0.0000000E+00   0.0000000E+00   0.0000000E+00
     1.9490000E+03   1.6072328E+02   7.2327751E-01   2.2354199E+02   9.4606975E+05   0.0000000E+00   0.0000000E+00   0.0000000E+00   0.0000000E+00
     1.9500000E+03   1.6072298E+02   7.2298199E-01   2.2353792E+02   9.4531850E+05   0.0000000E+00   0.0000000E+00   0.0000000E+00   0.0000000E+00
     1.9510000E+03   1.6073611E+02   7.3611689E-01   2.2353453E+02   9.7442219E+05   0.0000000E+00   0.0000000E+00   0.0000000E+00   0.0000000E+00
     1.9520000E+03   1.6073036E+02   7.3036671E-01   2.2353163E+02   9.6173519E+05   0.0000000E+00   0.0000000E+00   0.0000000E+00   0.0000000E+00
     1.9530000E+03   1.6072736E+02   7.2735506E-01   2.2352913E+02   9.5496331E+05   0.0000000E+00   0.0000000E+00   0.0000000E+00   0.0000000E+00
     1.9540000E+03   1.6074870E+02   7.4870920E-01   2.2352719E+02   1.0020331E+06   0.0000000E+00   0.0000000E+00   0.0000000E+00   0.0000000E+00
     1.9550000E+03   1.6074248E+02   7.4247670E-01   2.2352560E+02   9.8850394E+05   0.0000000E+00   0.0000000E+00   0.0000000E+00   0.0000000E+00
     1.9560000E+03   1.6074631E+02   7.4631399E-01   2.2352429E+02   9.9687225E+05   0.0000000E+00   0.0000000E+00   0.0000000E+00   0.0000000E+00
     1.9570000E+03   1.6073872E+02   7.3871851E-01   2.2352316E+02   9.8000038E+05   0.0000000E+00   0.0000000E+00   0.0000000E+00   0.0000000E+00
     1.9580000E+03   1.6073535E+02   7.3535120E-01   2.2352214E+02   9.7252481E+05   0.0000000E+00   0.0000000E+00   0.0000000E+00   0.0000000E+00
     1.9590000E+03   1.6073123E+02   7.3123926E-01   2.2352122E+02   9.6332994E+05   0.0000000E+00   0.0000000E+00   0.0000000E+00   0.0000000E+00
     1.9600000E+03   1.6072850E+02   7.2849768E-01   2.2352040E+02   9.5751762E+05   0.0000000E+00   0.0000000E+00   0.0000000E+00   0.0000000E+00
     1.9610000E+03   1.6072675E+02   7.2674972E-01   2.2351967E+02   9.5363381E+05   0.0000000E+00   0.0000000E+00   0.0000000E+00   0.0000000E+00
     1.9620000E+03   1.6072513E+02   7.2512758E-01   2.2351900E+02   9.5014025E+05   0.0000000E+00   0.0000000E+00   0.0000000E+00   0.0000000E+00
     1.9630000E+03   1.6072499E+02   7.2499633E-01   2.2351843E+02   9.4977281E+05   0.0000000E+00   0.0000000E+00   0.0000000E+00   0.0000000E+00
     1.9640000E+03   1.6072871E+02   7.2872043E-01   2.2351810E+02   9.5814881E+05   0.0000000E+00   0.0000000E+00   0.0000000E+00   0.0000000E+00
     1.9650000E+03   1.6072723E+02   7.2723943E-01   2.2354071E+02   9.5465719E+05   0.0000000E+00   0.0000000E+00   0.0000000E+00   0.0000000E+00
     1.9660000E+03   1.6072629E+02   7.2628284E-01   2.2365291E+02   9.5266638E+05   0.0000000E+00   0.0000000E+00   0.0000000E+00   0.0000000E+00
     1.9670000E+03   1.6072812E+02   7.2811264E-01   2.2374779E+02   9.5655212E+05   0.0000000E+00   0.0000000E+00   0.0000000E+00   0.0000000E+00
     1.9680000E+03   1.6072665E+02   7.2665721E-01   2.2379512E+02   9.5329481E+05   0.0000000E+00   0.0000000E+00   0.0000000E+00   0.0000000E+00
     1.9690000E+03   1.6072574E+02   7.2573566E-01   2.2382367E+02   9.5156069E+05   0.0000000E+00   0.0000000E+00   0.0000000E+00   0.0000000E+00
     1.9700000E+03   1.6072493E+02   7.2493339E-01   2.2386301E+02   9.4963838E+05   0.0000000E+00   0.0000000E+00   0.0000000E+00   0.0000000E+00
     1.9710000E+03   1.6072432E+02   7.2432160E-01   2.2388609E+02   9.4840844E+05   0.0000000E+00   0.0000000E+00   0.0000000E+00   0.0000000E+00
     1.9720000E+03   1.6072404E+02   7.2404802E-01   2.2409413E+02   9.4770556E+05   0.0000000E+00   0.0000000E+00   0.0000000E+00   0.0000000E+00
     1.9730000E+03   1.6072374E+02   7.2374338E-01   2.2384618E+02   9.4701338E+05   0.0000000E+00   0.0000000E+00   0.0000000E+00   0.0000000E+00
     1.9740000E+03   1.6072424E+02   7.2424257E-01   2.2380202E+02   9.4842825E+05   0.0000000E+00   0.0000000E+00   0.0000000E+00   0.0000000E+00
     1.9750000E+03   1.6075264E+02   7.5263608E-01   2.2375450E+02   1.0108319E+06   0.0000000E+00   0.0000000E+00   0.0000000E+00   0.0000000E+00
     1.9760000E+03   1.6078622E+02   7.8622192E-01   2.2371399E+02   1.0872675E+06   0.0000000E+00   0.0000000E+00   0.0000000E+00   0.0000000E+00
     1.9770000E+03   1.6076770E+02   7.6770276E-01   2.2367905E+02   1.0448029E+06   0.0000000E+00   0.0000000E+00   0.0000000E+00   0.0000000E+00
     1.9780000E+03   1.6085605E+02   8.5605186E-01   2.2367355E+02   1.2530700E+06   0.0000000E+00   0.0000000E+00   0.0000000E+00   0.0000000E+00
     1.9790000E+03   1.6087106E+02   8.7106770E-01   2.2369215E+02   1.2899096E+06   0.0000000E+00   0.0000000E+00   0.0000000E+00   0.0000000E+00
     1.9800000E+03   1.6085577E+02   8.5577166E-01   2.2387683E+02   1.2520536E+06   0.0000000E+00   0.0000000E+00   0.0000000E+00   0.0000000E+00
     1.9810000E+03   1.6083018E+02   8.3018351E-01   2.5705099E+02   1.1906501E+06   0.0000000E+00   0.0000000E+00   0.0000000E+00   0.0000000E+00
     1.9820000E+03   1.6081799E+02   8.1799984E-01   2.2415889E+02   1.1617024E+06   0.0000000E+00   0.0000000E+00   0.0000000E+00   0.0000000E+00
     1.9830000E+03   1.6079608E+02   7.9607755E-01   2.2383353E+02   1.1099196E+06   0.0000000E+00   0.0000000E+00   0.0000000E+00   0.0000000E+00
     1.9840000E+03   1.6078246E+02   7.8245270E-01   2.2378334E+02   1.0784158E+06   0.0000000E+00   0.0000000E+00   0.0000000E+00   0.0000000E+00
     1.9850000E+03   1.6077318E+02   7.7317792E-01   2.2373959E+02   1.0575498E+06   0.0000000E+00   0.0000000E+00   0.0000000E+00   0.0000000E+00
     1.9860000E+03   1.6076973E+02   7.6972222E-01   2.2370152E+02   1.0497150E+06   0.0000000E+00   0.0000000E+00   0.0000000E+00   0.0000000E+00
     1.9870000E+03   1.6076596E+02   7.6595485E-01   2.2366843E+02   1.0409913E+06   0.0000000E+00   0.0000000E+00   0.0000000E+00   0.0000000E+00
     1.9880000E+03   1.6076424E+02   7.6423877E-01   2.2363977E+02   1.0370155E+06   0.0000000E+00   0.0000000E+00   0.0000000E+00   0.0000000E+00
     1.9890000E+03   1.6076395E+02   7.6394039E-01   2.2361496E+02   1.0362647E+06   0.0000000E+00   0.0000000E+00   0.0000000E+00   0.0000000E+00
     1.9900000E+03   1.6076405E+02   7.6405644E-01   2.2359344E+02   1.0366746E+06   0.0000000E+00   0.0000000E+00   0.0000000E+00   0.0000000E+00
     1.9910000E+03   1.6076495E+02   7.6495224E-01   2.2357474E+02   1.0387377E+06   0.0000000E+00   0.0000000E+00   0.0000000E+00   0.0000000E+00
     1.9920000E+03   1.6076575E+02   7.6575160E-01   2.2355849E+02   1.0404186E+06   0.0000000E+00   0.0000000E+00   0.0000000E+00   0.0000000E+00
     1.9930000E+03   1.6076659E+02   7.6657921E-01   2.2354442E+02   1.0425574E+06   0.0000000E+00   0.0000000E+00   0.0000000E+00   0.0000000E+00
     1.9940000E+03   1.6076854E+02   7.6854634E-01   2.2353226E+02   1.0467914E+06   0.0000000E+00   0.0000000E+00   0.0000000E+00   0.0000000E+00
     1.9950000E+03   1.6077103E+02   7.7103144E-01   2.2352176E+02   1.0523845E+06   0.0000000E+00   0.0000000E+00   0.0000000E+00   0.0000000E+00
     1.9960000E+03   1.6077217E+02   7.7216643E-01   2.2351265E+02   1.0552192E+06   0.0000000E+00   0.0000000E+00   0.0000000E+00   0.0000000E+00
     1.9970000E+03   1.6077368E+02   7.7368611E-01   2.2350473E+02   1.0584878E+06   0.0000000E+00   0.0000000E+00   0.0000000E+00   0.0000000E+00
     1.9980000E+03   1.6077498E+02   7.7497202E-01   2.2349788E+02   1.0616331E+06   0.0000000E+00   0.0000000E+00   0.0000000E+00   0.0000000E+00
     1.9990000E+03   1.6077614E+02   7.7614230E-01   2.2349196E+02   1.0640828E+06   0.0000000E+00   0.0000000E+00   0.0000000E+00   0.0000000E+00
     2.0000000E+03   1.6077707E+02   7.7707398E-01   2.2348683E+02   1.0660858E+06   0.0000000E+00   0.0000000E+00   0.0000000E+00   0.0000000E+00
     2.0010000E+03   1.6077727E+02   7.7727062E-01   2.2348241E+02   1.0668910E+06   0.0000000E+00   0.0000000E+00   0.0000000E+00   0.0000000E+00
     2.0020000E+03   1.6078096E+02   7.8095281E-01   2.2347859E+02   1.0749531E+06   0.0000000E+00   0.0000000E+00   0.0000000E+00   0.0000000E+00
     2.0030000E+03   1.6080542E+02   8.0542731E-01   2.2347554E+02   1.1320034E+06   0.0000000E+00   0.0000000E+00   0.0000000E+00   0.0000000E+00
     2.0040000E+03   1.6079431E+02   7.9431897E-01   2.2347290E+02   1.1060978E+06   0.0000000E+00   0.0000000E+00   0.0000000E+00   0.0000000E+00
     2.0050000E+03   1.6078807E+02   7.8806883E-01   2.2347058E+02   1.0914982E+06   0.0000000E+00   0.0000000E+00   0.0000000E+00   0.0000000E+00
     2.0060000E+03   1.6080846E+02   8.0845225E-01   2.2346873E+02   1.1389130E+06   0.0000000E+00   0.0000000E+00   0.0000000E+00   0.0000000E+00
     2.0070000E+03   1.6079773E+02   7.9772967E-01   2.2346721E+02   1.1137469E+06   0.0000000E+00   0.0000000E+00   0.0000000E+00   0.0000000E+00
     2.0080000E+03   1.6082884E+02   8.2884115E-01   2.2346626E+02   1.1872635E+06   0.0000000E+00   0.0000000E+00   0.0000000E+00   0.0000000E+00
     2.0090000E+03   1.6083606E+02   8.3605933E-01   2.2346585E+02   1.2043306E+06   0.0000000E+00   0.0000000E+00   0.0000000E+00   0.0000000E+00
     2.0100000E+03   1.6081787E+02   8.1787270E-01   2.2346548E+02   1.1612670E+06   0.0000000E+00   0.0000000E+00   0.0000000E+00   0.0000000E+00
     2.0110000E+03   1.6081464E+02   8.1463081E-01   2.2346519E+02   1.1534870E+06   0.0000000E+00   0.0000000E+00   0.0000000E+00   0.0000000E+00
     2.0120000E+03   1.6081613E+02   8.1613028E-01   2.2346558E+02   1.1570605E+06   0.0000000E+00   0.0000000E+00   0.0000000E+00   0.0000000E+00
     2.0130000E+03   1.6081364E+02   8.1364280E-01   2.2346579E+02   1.1511306E+06   0.0000000E+00   0.0000000E+00   0.0000000E+00   0.0000000E+00
     2.0140000E+03   1.6081326E+02   8.1326950E-01   2.2346577E+02   1.1503125E+06   0.0000000E+00   0.0000000E+00   0.0000000E+00   0.0000000E+00
     2.0150000E+03   1.6081451E+02   8.1451309E-01   2.2346567E+02   1.1532536E+06   0.0000000E+00   0.0000000E+00   0.0000000E+00   0.0000000E+00
     2.0160000E+03   1.6081638E+02   8.1637728E-01   2.2346552E+02   1.1574299E+06   0.0000000E+00   0.0000000E+00   0.0000000E+00   0.0000000E+00
     2.0170000E+03   1.6081912E+02   8.1911492E-01   2.2346539E+02   1.1639321E+06   0.0000000E+00   0.0000000E+00   0.0000000E+00   0.0000000E+00
     2.0180000E+03   1.6082051E+02   8.2051486E-01   2.2347717E+02   1.1676836E+06   0.0000000E+00   0.0000000E+00   0.0000000E+00   0.0000000E+00
     2.0190000E+03   1.6082269E+02   8.2268822E-01   2.2362608E+02   1.1726641E+06   0.0000000E+00   0.0000000E+00   0.0000000E+00   0.0000000E+00
     2.0200000E+03   1.6082498E+02   8.2497871E-01   2.2374532E+02   1.1778471E+06   0.0000000E+00   0.0000000E+00   0.0000000E+00   0.0000000E+00
     2.0210000E+03   1.6082651E+02   8.2650787E-01   2.2385367E+02   1.1817495E+06   0.0000000E+00   0.0000000E+00   0.0000000E+00   0.0000000E+00
     2.0220000E+03   1.6082741E+02   8.2740408E-01   2.2513702E+02   1.1839500E+06   0.0000000E+00   0.0000000E+00   0.0000000E+00   0.0000000E+00
     2.0230000E+03   1.6082829E+02   8.2829869E-01   2.2383719E+02   1.1860255E+06   0.0000000E+00   0.0000000E+00   0.0000000E+00   0.0000000E+00
     2.0240000E+03   1.6082828E+02   8.2827914E-01   2.2378748E+02   1.1859215E+06   0.0000000E+00   0.0000000E+00   0.0000000E+00   0.0000000E+00
     2.0250000E+03   1.6082848E+02   8.2847047E-01   2.2374434E+02   1.1864908E+06   0.0000000E+00   0.0000000E+00   0.0000000E+00   0.0000000E+00
     2.0260000E+03   1.6082861E+02   8.2860839E-01   2.2370694E+02   1.1866445E+06   0.0000000E+00   0.0000000E+00   0.0000000E+00   0.0000000E+00
     2.0270000E+03   1.6082858E+02   8.2858461E-01   2.2369559E+02   1.1864035E+06   0.0000000E+00   0.0000000E+00   0.0000000E+00   0.0000000E+00
     2.0280000E+03   1.6082713E+02   8.2712978E-01   2.2371829E+02   1.1829619E+06   0.0000000E+00   0.0000000E+00   0.0000000E+00   0.0000000E+00
     2.0290000E+03   1.6082764E+02   8.2762998E-01   2.2373756E+02   1.1841570E+06   0.0000000E+00   0.0000000E+00   0.0000000E+00   0.0000000E+00
     2.0300000E+03   1.6082684E+02   8.2684374E-01   2.2375392E+02   1.1825770E+06   0.0000000E+00   0.0000000E+00   0.0000000E+00   0.0000000E+00
     2.0310000E+03   1.6082520E+02   8.2520092E-01   2.2376239E+02   1.1784789E+06   0.0000000E+00   0.0000000E+00   0.0000000E+00   0.0000000E+00
     2.0320000E+03   1.6082748E+02   8.2748389E-01   2.2376486E+02   1.1838130E+06   0.0000000E+00   0.0000000E+00   0.0000000E+00   0.0000000E+00
     2.0330000E+03   1.6085130E+02   8.5129780E-01   2.2376721E+02   1.2412084E+06   0.0000000E+00   0.0000000E+00   0.0000000E+00   0.0000000E+00
     2.0340000E+03   1.6083705E+02   8.3705145E-01   2.2376907E+02   1.2070135E+06   0.0000000E+00   0.0000000E+00   0.0000000E+00   0.0000000E+00
     2.0350000E+03   1.6082912E+02   8.2911813E-01   2.2375569E+02   1.1880116E+06   0.0000000E+00   0.0000000E+00   0.0000000E+00   0.0000000E+00
     2.0360000E+03   1.6082396E+02   8.2396442E-01   2.2374419E+02   1.1755384E+06   0.0000000E+00   0.0000000E+00   0.0000000E+00   0.0000000E+00
     2.0370000E+03   1.6081958E+02   8.1958497E-01   2.2373428E+02   1.1651082E+06   0.0000000E+00   0.0000000E+00   0.0000000E+00   0.0000000E+00
     2.0380000E+03   1.6081598E+02   8.1597573E-01   2.2372578E+02   1.1566129E+06   0.0000000E+00   0.0000000E+00   0.0000000E+00   0.0000000E+00
     2.0390000E+03   1.6081339E+02   8.1338179E-01   2.2371846E+02   1.1503756E+06   0.0000000E+00   0.0000000E+00   0.0000000E+00   0.0000000E+00
     2.0400000E+03   1.6081155E+02   8.1155205E-01   2.2371216E+02   1.1460732E+06   0.0000000E+00   0.0000000E+00   0.0000000E+00   0.0000000E+00
     2.0410000E+03   1.6081049E+02   8.1048399E-01   2.2370673E+02   1.1436368E+06   0.0000000E+00   0.0000000E+00   0.0000000E+00   0.0000000E+00
     2.0420000E+03   1.6080968E+02   8.0967575E-01   2.2370206E+02   1.1417992E+06   0.0000000E+00   0.0000000E+00   0.0000000E+00   0.0000000E+00
     2.0430000E+03   1.6080887E+02   8.0887550E-01   2.2369804E+02   1.1400181E+06   0.0000000E+00   0.0000000E+00   0.0000000E+00   0.0000000E+00
     2.0440000E+03   1.6080771E+02   8.0770737E-01   2.2369458E+02   1.1372314E+06   0.0000000E+00   0.0000000E+00   0.0000000E+00   0.0000000E+00
     2.0450000E+03   1.6080605E+02   8.0604649E-01   2.2369160E+02   1.1334156E+06   0.0000000E+00   0.0000000E+00   0.0000000E+00   0.0000000E+00
     2.0460000E+03   1.6080501E+02   8.0501342E-01   2.2368909E+02   1.1306235E+06   0.0000000E+00   0.0000000E+00   0.0000000E+00   0.0000000E+00
     2.0470000E+03   1.6080360E+02   8.0360663E-01   2.2367644E+02   1.1276134E+06   0.0000000E+00   0.0000000E+00   0.0000000E+00   0.0000000E+00
     2.0480000E+03   1.6080214E+02   8.0214560E-01   2.2370915E+02   1.1242036E+06   0.0000000E+00   0.0000000E+00   0.0000000E+00   0.0000000E+00
     2.0490000E+03   1.6080005E+02   8.0005366E-01   2.2375136E+02   1.1195136E+06   0.0000000E+00   0.0000000E+00   0.0000000E+00   0.0000000E+00
     2.0500000E+03   1.6079774E+02   7.9774553E-01   2.2376682E+02   1.1138095E+06   0.0000000E+00   0.0000000E+00   0.0000000E+00   0.0000000E+00
     2.0510000E+03   1.6079472E+02   7.9471880E-01   2.2377463E+02   1.1068765E+06   0.0000000E+00   0.0000000E+00   0.0000000E+00   0.0000000E+00
     2.0520000E+03   1.6079193E+02   7.9192704E-01   2.2378122E+02   1.1006289E+06   0.0000000E+00   0.0000000E+00   0.0000000E+00   0.0000000E+00
     2.0530000E+03   1.6078999E+02   7.8999364E-01   2.2378676E+02   1.0958006E+06   0.0000000E+00   0.0000000E+00   0.0000000E+00   0.0000000E+00
     2.0540000E+03   1.6078856E+02   7.8855205E-01   2.2379140E+02   1.0926219E+06   0.0000000E+00   0.0000000E+00   0.0000000E+00   0.0000000E+00
     2.0550000E+03   1.6078798E+02   7.8797513E-01   2.2379530E+02   1.0912182E+06   0.0000000E+00   0.0000000E+00   0.0000000E+00   0.0000000E+00
     2.0560000E+03   1.6078738E+02   7.8738701E-01   2.2377811E+02   1.0897534E+06   0.0000000E+00   0.0000000E+00   0.0000000E+00   0.0000000E+00
     2.0570000E+03   1.6078658E+02   7.8657681E-01   2.2376299E+02   1.0880435E+06   0.0000000E+00   0.0000000E+00   0.0000000E+00   0.0000000E+00
     2.0580000E+03   1.6078529E+02   7.8529286E-01   2.2375005E+02   1.0851045E+06   0.0000000E+00   0.0000000E+00   0.0000000E+00   0.0000000E+00
     2.0590000E+03   1.6078316E+02   7.8315765E-01   2.2373897E+02   1.0801460E+06   0.0000000E+00   0.0000000E+00   0.0000000E+00   0.0000000E+00
     2.0600000E+03   1.6078130E+02   7.8129333E-01   2.2372946E+02   1.0758845E+06   0.0000000E+00   0.0000000E+00   0.0000000E+00   0.0000000E+00
     2.0610000E+03   1.6077919E+02   7.7919716E-01   2.2372131E+02   1.0712665E+06   0.0000000E+00   0.0000000E+00   0.0000000E+00   0.0000000E+00
     2.0620000E+03   1.6077762E+02   7.7761233E-01   2.2371432E+02   1.0674151E+06   0.0000000E+00   0.0000000E+00   0.0000000E+00   0.0000000E+00
     2.0630000E+03   1.6077504E+02   7.7504396E-01   2.2370830E+02   1.0616990E+06   0.0000000E+00   0.0000000E+00   0.0000000E+00   0.0000000E+00
     2.0640000E+03   1.6077319E+02   7.7319902E-01   2.2370029E+02   1.0573490E+06   0.0000000E+00   0.0000000E+00   0.0000000E+00   0.0000000E+00
     2.0650000E+03   1.6077255E+02   7.7254772E-01   2.2368771E+02   1.0559346E+06   0.0000000E+00   0.0000000E+00   0.0000000E+00   0.0000000E+00
     2.0660000E+03   1.6077155E+02   7.7154434E-01   2.2367696E+02   1.0536081E+06   0.0000000E+00   0.0000000E+00   0.0000000E+00   0.0000000E+00
     2.0670000E+03   1.6077007E+02   7.7005976E-01   2.2366772E+02   1.0500574E+06   0.0000000E+00   0.0000000E+00   0.0000000E+00   0.0000000E+00
     2.0680000E+03   1.6076897E+02   7.6896876E-01   2.2365982E+02   1.0478457E+06   0.0000000E+00   0.0000000E+00   0.0000000E+00   0.0000000E+00
     2.0690000E+03   1.6076740E+02   7.6739043E-01   2.2365302E+02   1.0443397E+06   0.0000000E+00   0.0000000E+00   0.0000000E+00   0.0000000E+00
     2.0700000E+03   1.6076508E+02   7.6507628E-01   2.2364716E+02   1.0390736E+06   0.0000000E+00   0.0000000E+00   0.0000000E+00   0.0000000E+00
     2.0710000E+03   1.6076402E+02   7.6401931E-01   2.2364212E+02   1.0365647E+06   0.0000000E+00   0.0000000E+00   0.0000000E+00   0.0000000E+00
     2.0720000E+03   1.6076285E+02   7.6284480E-01   2.2363779E+02   1.0339384E+06   0.0000000E+00   0.0000000E+00   0.0000000E+00   0.0000000E+00
     2.0730000E+03   1.6076044E+02   7.6043224E-01   2.2363405E+02   1.0284208E+06   0.0000000E+00   0.0000000E+00   0.0000000E+00   0.0000000E+00
     2.0740000E+03   1.6075888E+02   7.5887978E-01   2.2362921E+02   1.0248987E+06   0.0000000E+00   0.0000000E+00   0.0000000E+00   0.0000000E+00
     2.0750000E+03   1.6075774E+02   7.5774288E-01   2.2361731E+02   1.0226233E+06   0.0000000E+00   0.0000000E+00   0.0000000E+00   0.0000000E+00
     2.0760000E+03   1.6075587E+02   7.5587541E-01   2.2360707E+02   1.0180257E+06   0.0000000E+00   0.0000000E+00   0.0000000E+00   0.0000000E+00
     2.0770000E+03   1.6075304E+02   7.5303376E-01   2.2359827E+02   1.0119721E+06   0.0000000E+00   0.0000000E+00   0.0000000E+00   0.0000000E+00
     2.0780000E+03   1.6075121E+02   7.5120121E-01   2.2359070E+02   1.0078009E+06   0.0000000E+00   0.0000000E+00   0.0000000E+00   0.0000000E+00
     2.0790000E+03   1.6075063E+02   7.5062698E-01   2.2358420E+02   1.0065779E+06   0.0000000E+00   0.0000000E+00   0.0000000E+00   0.0000000E+00
     2.0800000E+03   1.6075131E+02   7.5130713E-01   2.2357863E+02   1.0079518E+06   0.0000000E+00   0.0000000E+00   0.0000000E+00   0.0000000E+00
     2.0810000E+03   1.6075175E+02   7.5174874E-01   2.2357385E+02   1.0089701E+06   0.0000000E+00   0.0000000E+00   0.0000000E+00   0.0000000E+00
     2.0820000E+03   1.6075021E+02   7.5020665E-01   2.2356975E+02   1.0054640E+06   0.0000000E+00   0.0000000E+00   0.0000000E+00   0.0000000E+00
     2.0830000E+03   1.6074843E+02   7.4842352E-01   2.2356619E+02   1.0016040E+06   0.0000000E+00   0.0000000E+00   0.0000000E+00   0.0000000E+00
     2.0840000E+03   1.6074814E+02   7.4813849E-01   2.2356313E+02   1.0007934E+06   0.0000000E+00   0.0000000E+00   0.0000000E+00   0.0000000E+00
     2.0850000E+03   1.6074873E+02   7.4872965E-01   2.2356050E+02   1.0022475E+06   0.0000000E+00   0.0000000E+00   0.0000000E+00   0.0000000E+00
     2.0860000E+03   1.6074759E+02   7.4758428E-01   2.2355823E+02   9.9984162E+05   0.0000000E+00   0.0000000E+00   0.0000000E+00   0.0000000E+00
     2.0870000E+03   1.6074532E+02   7.4532181E-01   2.2355624E+02   9.9476675E+05   0.0000000E+00   0.0000000E+00   0.0000000E+00   0.0000000E+00
     2.0880000E+03   1.6074380E+02   7.4380732E-01   2.2355450E+02   9.9109331E+05   0.0000000E+00   0.0000000E+00   0.0000000E+00   0.0000000E+00
     2.0890000E+03   1.6074254E+02   7.4254602E-01   2.2355299E+02   9.8830662E+05   0.0000000E+00   0.0000000E+00   0.0000000E+00   0.0000000E+00
     2.0900000E+03   1.6074278E+02   7.4278134E-01   2.2355168E+02   9.8905688E+05   0.0000000E+00   0.0000000E+00   0.0000000E+00   0.0000000E+00
     2.0910000E+03   1.6074240E+02   7.4239445E-01   2.2355055E+02   9.8816781E+05   0.0000000E+00   0.0000000E+00   0.0000000E+00   0.0000000E+00
     2.0920000E+03   1.6074077E+02   7.4076670E-01   2.2354956E+02   9.8462538E+05   0.0000000E+00   0.0000000E+00   0.0000000E+00   0.0000000E+00
     2.0930000E+03   1.6074026E+02   7.4025887E-01   2.2354869E+02   9.8344844E+05   0.0000000E+00   0.0000000E+00   0.0000000E+00   0.0000000E+00
     2.0940000E+03   1.6074025E+02   7.4025029E-01   2.2354793E+02   9.8338656E+05   0.0000000E+00   0.0000000E+00   0.0000000E+00   0.0000000E+00
     2.0950000E+03   1.6073950E+02   7.3949730E-01   2.2354727E+02   9.8191794E+05   0.0000000E+00   0.0000000E+00   0.0000000E+00   0.0000000E+00
     2.0960000E+03   1.6073886E+02   7.3886770E-01   2.2354669E+02   9.8032700E+05   0.0000000E+00   0.0000000E+00   0.0000000E+00   0.0000000E+00
     2.0970000E+03   1.6073824E+02   7.3823875E-01   2.2354616E+02   9.7872262E+05   0.0000000E+00   0.0000000E+00   0.0000000E+00   0.0000000E+00
     2.0980000E+03   1.6073573E+02   7.3573077E-01   2.2354420E+02   9.7337394E+05   0.0000000E+00   0.0000000E+00   0.0000000E+00   0.0000000E+00
     2.0990000E+03   1.6073390E+02   7.3389959E-01   2.2353633E+02   9.6932988E+05   0.0000000E+00   0.0000000E+00   0.0000000E+00   0.0000000E+00
     2.1000000E+03   1.6073431E+02   7.3431975E-01   2.2352959E+02   9.7043025E+05   0.0000000E+00   0.0000000E+00   0.0000000E+00   0.0000000E+00
     2.1010000E+03   1.6073462E+02   7.3462504E-01   2.2352379E+02   9.7100700E+05   0.0000000E+00   0.0000000E+00   0.0000000E+00   0.0000000E+00
     2.1020000E+03   1.6073431E+02   7.3431855E-01   2.2351881E+02   9.7025300E+05   0.0000000E+00   0.0000000E+00   0.0000000E+00   0.0000000E+00
     2.1030000E+03   1.6073364E+02   7.3364693E-01   2.2351453E+02   9.6864312E+05   0.0000000E+00   0.0000000E+00   0.0000000E+00   0.0000000E+00
     2.1040000E+03   1.6073212E+02   7.3211521E-01   2.2351082E+02   9.6560281E+05   0.0000000E+00   0.0000000E+00   0.0000000E+00   0.0000000E+00
     2.1050000E+03   1.6073059E+02   7.3058593E-01   2.2350761E+02   9.6195675E+05   0.0000000E+00   0.0000000E+00   0.0000000E+00   0.0000000E+00
     2.1060000E+03   1.6073006E+02   7.3005849E-01   2.2350484E+02   9.6100256E+05   0.0000000E+00   0.0000000E+00   0.0000000E+00   0.0000000E+00
     2.1070000E+03   1.6073029E+02   7.3027873E-01   2.2350246E+02   9.6135744E+05   0.0000000E+00   0.0000000E+00   0.0000000E+00   0.0000000E+00
     2.1080000E+03   1.6073038E+02   7.3037970E-01   2.2350041E+02   9.6162244E+05   0.0000000E+00   0.0000000E+00   0.0000000E+00   0.0000000E+00
     2.1090000E+03   1.6073024E+02   7.3023534E-01   2.2349866E+02   9.6132669E+05   0.0000000E+00   0.0000000E+00   0.0000000E+00   0.0000000E+00
     2.1100000E+03   1.6073047E+02   7.3046726E-01   2.2349715E+02   9.6198044E+05   0.0000000E+00   0.0000000E+00   0.0000000E+00   0.0000000E+00
     2.1110000E+03   1.6073045E+02   7.3045152E-01   2.2349583E+02   9.6183369E+05   0.0000000E+00   0.0000000E+00   0.0000000E+00   0.0000000E+00
     2.1120000E+03   1.6072882E+02   7.2882378E-01   2.2349469E+02   9.5825519E+05   0.0000000E+00   0.0000000E+00   0.0000000E+00   0.0000000E+00
     2.1130000E+03   1.6072670E+02   7.2670203E-01   2.2349367E+02   9.5377850E+05   0.0000000E+00   0.0000000E+00   0.0000000E+00   0.0000000E+00
     2.1140000E+03   1.6072668E+02   7.2669119E-01   2.2349280E+02   9.5361206E+05   0.0000000E+00   0.0000000E+00   0.0000000E+00   0.0000000E+00
     2.1150000E+03   1.6072705E+02   7.2705483E-01   2.2349203E+02   9.5436431E+05   0.0000000E+00   0.0000000E+00   0.0000000E+00   0.0000000E+00
     2.1160000E+03   1.6072742E+02   7.2741985E-01   2.2349138E+02   9.5515088E+05   0.0000000E+00   0.0000000E+00   0.0000000E+00   0.0000000E+00
     2.1170000E+03   1.6072742E+02   7.2741354E-01   2.2349083E+02   9.5514781E+05   0.0000000E+00   0.0000000E+00   0.0000000E+00   0.0000000E+00
     2.1180000E+03   1.6072641E+02   7.2641391E-01   2.2349033E+02   9.5288319E+05   0.0000000E+00   0.0000000E+00   0.0000000E+00   0.0000000E+00
     2.1190000E+03   1.6072591E+02   7.2591352E-01   2.2348988E+02   9.5201512E+05   0.0000000E+00   0.0000000E+00   0.0000000E+00   0.0000000E+00
     2.1200000E+03   1.6072591E+02   7.2590864E-01   2.2348950E+02   9.5192225E+05   0.0000000E+00   0.0000000E+00   0.0000000E+00   0.0000000E+00
     2.1210000E+03   1.6072552E+02   7.2553205E-01   2.2348917E+02   9.5105619E+05   0.0000000E+00   0.0000000E+00   0.0000000E+00   0.0000000E+00
     2.1220000E+03   1.6072552E+02   7.2552842E-01   2.2348886E+02   9.5096906E+05   0.0000000E+00   0.0000000E+00   0.0000000E+00   0.0000000E+00
     2.1230000E+03   1.6072466E+02   7.2465599E-01   2.2348859E+02   9.4907731E+05   0.0000000E+00   0.0000000E+00   0.0000000E+00   0.0000000E+00
     2.1240000E+03   1.6072241E+02   7.2241873E-01   2.2348831E+02   9.4428794E+05   0.0000000E+00   0.0000000E+00   0.0000000E+00   0.0000000E+00
     2.1250000E+03   1.6072067E+02   7.2067648E-01   2.2348804E+02   9.4029044E+05   0.0000000E+00   0.0000000E+00   0.0000000E+00   0.0000000E+00
     2.1260000E+03   1.6072005E+02   7.2005367E-01   2.2348779E+02   9.3906512E+05   0.0000000E+00   0.0000000E+00   0.0000000E+00   0.0000000E+00
     2.1270000E+03   1.6071968E+02   7.1967924E-01   2.2348755E+02   9.3836725E+05   0.0000000E+00   0.0000000E+00   0.0000000E+00   0.0000000E+00
     2.1280000E+03   1.6071893E+02   7.1893156E-01   2.2348734E+02   9.3666494E+05   0.0000000E+00   0.0000000E+00   0.0000000E+00   0.0000000E+00
     2.1290000E+03   1.6071843E+02   7.1843225E-01   2.2348712E+02   9.3549288E+05   0.0000000E+00   0.0000000E+00   0.0000000E+00   0.0000000E+00
     2.1300000E+03   1.6071756E+02   7.1756124E-01   2.2348692E+02   9.3362550E+05   0.0000000E+00   0.0000000E+00   0.0000000E+00   0.0000000E+00
     2.1310000E+03   1.6071693E+02   7.1693927E-01   2.2348674E+02   9.3240619E+05   0.0000000E+00   0.0000000E+00   0.0000000E+00   0.0000000E+00
     2.1320000E+03   1.6071693E+02   7.1693575E-01   2.2348657E+02   9.3211419E+05   0.0000000E+00   0.0000000E+00   0.0000000E+00   0.0000000E+00
     2.1330000E+03   1.6071780E+02   7.1780390E-01   2.2348643E+02   9.3414800E+05   0.0000000E+00   0.0000000E+00   0.0000000E+00   0.0000000E+00
     2.1340000E+03   1.6071817E+02   7.1817631E-01   2.2348631E+02   9.3519512E+05   0.0000000E+00   0.0000000E+00   0.0000000E+00   0.0000000E+00
     2.1350000E+03   1.6071742E+02   7.1742982E-01   2.2348621E+02   9.3350256E+05   0.0000000E+00   0.0000000E+00   0.0000000E+00   0.0000000E+00
     2.1360000E+03   1.6071718E+02   7.1718055E-01   2.2348610E+02   9.3299494E+05   0.0000000E+00   0.0000000E+00   0.0000000E+00   0.0000000E+00
     2.1370000E+03   1.6071718E+02   7.1717954E-01   2.2348599E+02   9.3300212E+05   0.0000000E+00   0.0000000E+00   0.0000000E+00   0.0000000E+00
     2.1380000E+03   1.6071718E+02   7.1717799E-01   2.2348592E+02   9.3287588E+05   0.0000000E+00   0.0000000E+00   0.0000000E+00   0.0000000E+00
     2.1390000E+03   1.6071742E+02   7.1742499E-01   2.2348584E+02   9.3338106E+05   0.0000000E+00   0.0000000E+00   0.0000000E+00   0.0000000E+00
     2.1400000E+03   1.6071718E+02   7.1717525E-01   2.2348576E+02   9.3271500E+05   0.0000000E+00   0.0000000E+00   0.0000000E+00   0.0000000E+00
     2.1410000E+03   1.6071667E+02   7.1667743E-01   2.2348569E+02   9.3154888E+05   0.0000000E+00   0.0000000E+00   0.0000000E+00   0.0000000E+00
     2.1420000E+03   1.6071643E+02   7.1643007E-01   2.2348561E+02   9.3126481E+05   0.0000000E+00   0.0000000E+00   0.0000000E+00   0.0000000E+00
     2.1430000E+03   1.6071619E+02   7.1618080E-01   2.2348555E+02   9.3072738E+05   0.0000000E+00   0.0000000E+00   0.0000000E+00   0.0000000E+00
     2.1440000E+03   1.6071568E+02   7.1568412E-01   2.2348547E+02   9.2974694E+05   0.0000000E+00   0.0000000E+00   0.0000000E+00   0.0000000E+00
     2.1450000E+03   1.6071469E+02   7.1469063E-01   2.2348540E+02   9.2763806E+05   0.0000000E+00   0.0000000E+00   0.0000000E+00   0.0000000E+00
     2.1460000E+03   1.6071419E+02   7.1419114E-01   2.2348531E+02   9.2618644E+05   0.0000000E+00   0.0000000E+00   0.0000000E+00   0.0000000E+00
     2.1470000E+03   1.6071382E+02   7.1381873E-01   2.2348523E+02   9.2553894E+05   0.0000000E+00   0.0000000E+00   0.0000000E+00   0.0000000E+00
     2.1480000E+03   1.6071407E+02   7.1406627E-01   2.2348515E+02   9.2610775E+05   0.0000000E+00   0.0000000E+00   0.0000000E+00   0.0000000E+00
     2.1490000E+03   1.6071419E+02   7.1418941E-01   2.2348508E+02   9.2634000E+05   0.0000000E+00   0.0000000E+00   0.0000000E+00   0.0000000E+00
     2.1500000E+03   1.6071431E+02   7.1431291E-01   2.2348502E+02   9.2662862E+05   0.0000000E+00   0.0000000E+00   0.0000000E+00   0.0000000E+00
     2.1510000E+03   1.6071344E+02   7.1344358E-01   2.2348495E+02   9.2477750E+05   0.0000000E+00   0.0000000E+00   0.0000000E+00   0.0000000E+00
     2.1520000E+03   1.6071344E+02   7.1344298E-01   2.2348488E+02   9.2478369E+05   0.0000000E+00   0.0000000E+00   0.0000000E+00   0.0000000E+00
     2.1530000E+03   1.6071320E+02   7.1319288E-01   2.2348482E+02   9.2405338E+05   0.0000000E+00   0.0000000E+00   0.0000000E+00   0.0000000E+00
     2.1540000E+03   1.6071281E+02   7.1282065E-01   2.2348476E+02   9.2338438E+05   0.0000000E+00   0.0000000E+00   0.0000000E+00   0.0000000E+00
     2.1550000E+03   1.6071344E+02   7.1343958E-01   2.2348470E+02   9.2454762E+05   0.0000000E+00   0.0000000E+00   0.0000000E+00   0.0000000E+00
     2.1560000E+03   1.6071269E+02   7.1269500E-01   2.2348463E+02   9.2303112E+05   0.0000000E+00   0.0000000E+00   0.0000000E+00   0.0000000E+00
     2.1570000E+03   1.6071121E+02   7.1120560E-01   2.2348456E+02   9.1995006E+05   0.0000000E+00   0.0000000E+00   0.0000000E+00   0.0000000E+00
     2.1580000E+03   1.6071046E+02   7.1045882E-01   2.2348448E+02   9.1811450E+05   0.0000000E+00   0.0000000E+00   0.0000000E+00   0.0000000E+00
     2.1590000E+03   1.6071046E+02   7.1045846E-01   2.2348441E+02   9.1819825E+05   0.0000000E+00   0.0000000E+00   0.0000000E+00   0.0000000E+00
     2.1600000E+03   1.6070972E+02   7.0971346E-01   2.2348431E+02   9.1667188E+05   0.0000000E+00   0.0000000E+00   0.0000000E+00   0.0000000E+00
     2.1610000E+03   1.6070946E+02   7.0946389E-01   2.2348424E+02   9.1602775E+05   0.0000000E+00   0.0000000E+00   0.0000000E+00   0.0000000E+00
     2.1620000E+03   1.6070822E+02   7.0822316E-01   2.2348413E+02   9.1358506E+05   0.0000000E+00   0.0000000E+00   0.0000000E+00   0.0000000E+00
     2.1630000E+03   1.6070847E+02   7.0847088E-01   2.2348405E+02   9.1419619E+05   0.0000000E+00   0.0000000E+00   0.0000000E+00   0.0000000E+00
     2.1640000E+03   1.6070871E+02   7.0871615E-01   2.2348398E+02   9.1437438E+05   0.0000000E+00   0.0000000E+00   0.0000000E+00   0.0000000E+00
     2.1650000E+03   1.6070847E+02   7.0846939E-01   2.2348390E+02   9.1422731E+05   0.0000000E+00   0.0000000E+00   0.0000000E+00   0.0000000E+00
     2.1660000E+03   1.6070871E+02   7.0871675E-01   2.2348384E+02   9.1472669E+05   0.0000000E+00   0.0000000E+00   0.0000000E+00   0.0000000E+00
     2.1670000E+03   1.6070871E+02   7.0871621E-01   2.2348380E+02   9.1473088E+05   0.0000000E+00   0.0000000E+00   0.0000000E+00   0.0000000E+00
     2.1680000E+03   1.6070871E+02   7.0871431E-01   2.2348373E+02   9.1451244E+05   0.0000000E+00   0.0000000E+00   0.0000000E+00   0.0000000E+00
     2.1690000E+03   1.6070929E+02   7.0929110E-01   2.2347980E+02   9.1581494E+05   0.0000000E+00   0.0000000E+00   0.0000000E+00   0.0000000E+00
     2.1700000E+03   1.6070888E+02   7.0887518E-01   2.2347586E+02   9.1495512E+05   0.0000000E+00   0.0000000E+00   0.0000000E+00   0.0000000E+00
     2.1710000E+03   1.6070784E+02   7.0784503E-01   2.2347247E+02   9.1280119E+05   0.0000000E+00   0.0000000E+00   0.0000000E+00   0.0000000E+00
     2.1720000E+03   1.6070633E+02   7.0632410E-01   2.2346953E+02   9.0959044E+05   0.0000000E+00   0.0000000E+00   0.0000000E+00   0.0000000E+00
     2.1730000E+03   1.6070531E+02   7.0530158E-01   2.2346696E+02   9.0702388E+05   0.0000000E+00   0.0000000E+00   0.0000000E+00   0.0000000E+00
     2.1740000E+03   1.6070479E+02   7.0478064E-01   2.2346475E+02   9.0591538E+05   0.0000000E+00   0.0000000E+00   0.0000000E+00   0.0000000E+00
     2.1750000E+03   1.6070488E+02   7.0488441E-01   2.2346284E+02   9.0632231E+05   0.0000000E+00   0.0000000E+00   0.0000000E+00   0.0000000E+00
     2.1760000E+03   1.6070549E+02   7.0548636E-01   2.2346121E+02   9.0761494E+05   0.0000000E+00   0.0000000E+00   0.0000000E+00   0.0000000E+00
     2.1770000E+03   1.6070522E+02   7.0522267E-01   2.2345979E+02   9.0707156E+05   0.0000000E+00   0.0000000E+00   0.0000000E+00   0.0000000E+00
     2.1780000E+03   1.6070447E+02   7.0446521E-01   2.2345856E+02   9.0549656E+05   0.0000000E+00   0.0000000E+00   0.0000000E+00   0.0000000E+00
     2.1790000E+03   1.6070496E+02   7.0494938E-01   2.2345750E+02   9.0651781E+05   0.0000000E+00   0.0000000E+00   0.0000000E+00   0.0000000E+00
     2.1800000E+03   1.6070482E+02   7.0481497E-01   2.2345659E+02   9.0619200E+05   0.0000000E+00   0.0000000E+00   0.0000000E+00   0.0000000E+00
     2.1810000E+03   1.6070468E+02   7.0468199E-01   2.2345580E+02   9.0588388E+05   0.0000000E+00   0.0000000E+00   0.0000000E+00   0.0000000E+00
     2.1820000E+03   1.6070493E+02   7.0492357E-01   2.2345511E+02   9.0658406E+05   0.0000000E+00   0.0000000E+00   0.0000000E+00   0.0000000E+00
     2.1830000E+03   1.6070467E+02   7.0466763E-01   2.2345451E+02   9.0583081E+05   0.0000000E+00   0.0000000E+00   0.0000000E+00   0.0000000E+00
     2.1840000E+03   1.6070392E+02   7.0391870E-01   2.2345399E+02   9.0438044E+05   0.0000000E+00   0.0000000E+00   0.0000000E+00   0.0000000E+00
     2.1850000E+03   1.6071036E+02   7.1036333E-01   2.2345358E+02   9.1828681E+05   0.0000000E+00   0.0000000E+00   0.0000000E+00   0.0000000E+00
     2.1860000E+03   1.6071606E+02   7.1606439E-01   2.2345332E+02   9.3027988E+05   0.0000000E+00   0.0000000E+00   0.0000000E+00   0.0000000E+00
     2.1870000E+03   1.6071147E+02   7.1147317E-01   2.2345309E+02   9.2051669E+05   0.0000000E+00   0.0000000E+00   0.0000000E+00   0.0000000E+00
     2.1880000E+03   1.6070912E+02   7.0911485E-01   2.2345287E+02   9.1556175E+05   0.0000000E+00   0.0000000E+00   0.0000000E+00   0.0000000E+00
     2.1890000E+03   1.6070811E+02   7.0811909E-01   2.2345265E+02   9.1313169E+05   0.0000000E+00   0.0000000E+00   0.0000000E+00   0.0000000E+00
     2.1900000E+03   1.6070724E+02   7.0724928E-01   2.2345245E+02   9.1144169E+05   0.0000000E+00   0.0000000E+00   0.0000000E+00   0.0000000E+00
     2.1910000E+03   1.6070662E+02   7.0662618E-01   2.2345226E+02   9.0993144E+05   0.0000000E+00   0.0000000E+00   0.0000000E+00   0.0000000E+00
