 "GAGE No.    8:  K,I,J Coord. =     1,  317,  227;  STREAM SEGMENT =   351;  REACH =     6 "
     "DATA: Time           Stage           Depth         GW-Head    Midpt-Flow       Stream-Loss        GW-Rech.  Chnge-UZ-Stor.   Vol.-UZ-Stor."
     1.0000000E+00   4.5000146E+02   1.4753517E-03   4.4166473E+02   3.3131851E+03   8.3654993E+02   0.0000000E+00   0.0000000E+00   0.0000000E+00
     2.0000000E+00   4.5000189E+02   1.8995571E-03   4.4156125E+02   5.0491055E+03   8.3796112E+02   0.0000000E+00   0.0000000E+00   0.0000000E+00
     3.0000000E+00   4.5000266E+02   2.6516845E-03   4.4154202E+02   8.8368779E+03   8.4046307E+02   0.0000000E+00   0.0000000E+00   0.0000000E+00
     4.0000000E+00   4.5000308E+02   3.0951824E-03   4.4157611E+02   1.1352196E+04   8.4193842E+02   0.0000000E+00   0.0000000E+00   0.0000000E+00
     5.0000000E+00   4.5000259E+02   2.5867147E-03   4.4155688E+02   8.4480332E+03   8.4024695E+02   0.0000000E+00   0.0000000E+00   0.0000000E+00
     6.0000000E+00   4.5000250E+02   2.5109779E-03   4.4151813E+02   7.9165933E+03   8.3999506E+02   0.0000000E+00   0.0000000E+00   0.0000000E+00
     7.0000000E+00   4.5000244E+02   2.4300837E-03   4.4146979E+02   7.6048296E+03   8.3972595E+02   0.0000000E+00   0.0000000E+00   0.0000000E+00
     8.0000000E+00   4.5000223E+02   2.2232330E-03   4.4140457E+02   6.5523511E+03   8.3903784E+02   0.0000000E+00   0.0000000E+00   0.0000000E+00
     9.0000000E+00   4.5000183E+02   1.8316064E-03   4.4130206E+02   4.7516538E+03   8.3773505E+02   0.0000000E+00   0.0000000E+00   0.0000000E+00
     1.0000000E+01   4.5000220E+02   2.1823251E-03   4.4124075E+02   6.3632104E+03   8.3890173E+02   0.0000000E+00   0.0000000E+00   0.0000000E+00
     1.1000000E+01   4.5000235E+02   2.3356618E-03   4.4120096E+02   7.1253896E+03   8.3941180E+02   0.0000000E+00   0.0000000E+00   0.0000000E+00
     1.2000000E+01   4.5000247E+02   2.4818031E-03   4.4117728E+02   7.8631011E+03   8.3989795E+02   0.0000000E+00   0.0000000E+00   0.0000000E+00
     1.3000000E+01   4.5000244E+02   2.4538005E-03   4.4115652E+02   7.7062329E+03   8.3980481E+02   0.0000000E+00   0.0000000E+00   0.0000000E+00
     1.4000000E+01   4.5000226E+02   2.2520556E-03   4.4111716E+02   6.6692681E+03   8.3913373E+02   0.0000000E+00   0.0000000E+00   0.0000000E+00
     1.5000000E+01   4.5000223E+02   2.2228903E-03   4.4107364E+02   6.5391016E+03   8.3903668E+02   0.0000000E+00   0.0000000E+00   0.0000000E+00
     1.6000000E+01   4.5000220E+02   2.2060149E-03   4.4103128E+02   6.4623057E+03   8.3898053E+02   0.0000000E+00   0.0000000E+00   0.0000000E+00
     1.7000000E+01   4.5000235E+02   2.3589246E-03   4.4100262E+02   7.2258662E+03   8.3948920E+02   0.0000000E+00   0.0000000E+00   0.0000000E+00
     1.8000000E+01   4.5000235E+02   2.3529476E-03   4.4097937E+02   7.2107705E+03   8.3946936E+02   0.0000000E+00   0.0000000E+00   0.0000000E+00
     1.9000000E+01   4.5000253E+02   2.5178085E-03   4.4096661E+02   8.0836616E+03   8.4001776E+02   0.0000000E+00   0.0000000E+00   0.0000000E+00
     2.0000000E+01   4.5000253E+02   2.5223843E-03   4.4095621E+02   8.0909741E+03   8.4003296E+02   0.0000000E+00   0.0000000E+00   0.0000000E+00
     2.1000000E+01   4.5000250E+02   2.4988162E-03   4.4094424E+02   8.0055073E+03   8.3995459E+02   0.0000000E+00   0.0000000E+00   0.0000000E+00
     2.2000000E+01   4.5000250E+02   2.4997555E-03   4.4093073E+02   7.9823042E+03   8.3995770E+02   0.0000000E+00   0.0000000E+00   0.0000000E+00
     2.3000000E+01   4.5000250E+02   2.4888641E-03   4.4091806E+02   7.9068970E+03   8.3992145E+02   0.0000000E+00   0.0000000E+00   0.0000000E+00
     2.4000000E+01   4.5000232E+02   2.3125920E-03   4.4089151E+02   7.0089478E+03   8.3933508E+02   0.0000000E+00   0.0000000E+00   0.0000000E+00
     2.5000000E+01   4.5000214E+02   2.1305224E-03   4.4084814E+02   6.1063325E+03   8.3872943E+02   0.0000000E+00   0.0000000E+00   0.0000000E+00
     2.6000000E+01   4.5000229E+02   2.2930449E-03   4.4081638E+02   6.8896016E+03   8.3927008E+02   0.0000000E+00   0.0000000E+00   0.0000000E+00
     2.7000000E+01   4.5000229E+02   2.2835443E-03   4.4079138E+02   6.8675503E+03   8.3923846E+02   0.0000000E+00   0.0000000E+00   0.0000000E+00
     2.8000000E+01   4.5000211E+02   2.0916034E-03   4.4076575E+02   5.9500122E+03   8.3859998E+02   0.0000000E+00   0.0000000E+00   0.0000000E+00
     2.9000000E+01   4.5000208E+02   2.0816044E-03   4.4072128E+02   5.8603848E+03   8.3856671E+02   0.0000000E+00   0.0000000E+00   0.0000000E+00
     3.0000000E+01   4.5000226E+02   2.2640689E-03   4.4069312E+02   6.7694966E+03   8.3917365E+02   0.0000000E+00   0.0000000E+00   0.0000000E+00
     3.1000000E+01   4.5000226E+02   2.2603329E-03   4.4067117E+02   6.7409619E+03   8.3916125E+02   0.0000000E+00   0.0000000E+00   0.0000000E+00
     3.2000000E+01   4.5001279E+02   1.2773343E-02   4.4081097E+02   1.2099713E+05   8.7413348E+02   0.0000000E+00   0.0000000E+00   0.0000000E+00
     3.3000000E+01   4.5000839E+02   8.3958078E-03   4.4097794E+02   6.0120859E+04   8.5957135E+02   0.0000000E+00   0.0000000E+00   0.0000000E+00
     3.4000000E+01   4.5000549E+02   5.5003571E-03   4.4113351E+02   2.9602354E+04   8.4993939E+02   0.0000000E+00   0.0000000E+00   0.0000000E+00
     3.5000000E+01   4.5000446E+02   4.4409619E-03   4.4126105E+02   2.0797654E+04   8.4641528E+02   0.0000000E+00   0.0000000E+00   0.0000000E+00
     3.6000000E+01   4.5000412E+02   4.1207871E-03   4.4136615E+02   1.8364789E+04   8.4535016E+02   0.0000000E+00   0.0000000E+00   0.0000000E+00
     3.7000000E+01   4.5000363E+02   3.6275582E-03   4.4145078E+02   1.4869655E+04   8.4370941E+02   0.0000000E+00   0.0000000E+00   0.0000000E+00
     3.8000000E+01   4.5000327E+02   3.2756214E-03   4.4151358E+02   1.2480423E+04   8.4253870E+02   0.0000000E+00   0.0000000E+00   0.0000000E+00
     3.9000000E+01   4.5000345E+02   3.4581656E-03   4.4156281E+02   1.3724591E+04   8.4314594E+02   0.0000000E+00   0.0000000E+00   0.0000000E+00
     4.0000000E+01   4.5000330E+02   3.3095386E-03   4.4160065E+02   1.2511284E+04   8.4265149E+02   0.0000000E+00   0.0000000E+00   0.0000000E+00
     4.1000000E+01   4.5000314E+02   3.1362777E-03   4.4162503E+02   1.1550900E+04   8.4207513E+02   0.0000000E+00   0.0000000E+00   0.0000000E+00
     4.2000000E+01   4.5000299E+02   2.9794283E-03   4.4162930E+02   1.0698717E+04   8.4155334E+02   0.0000000E+00   0.0000000E+00   0.0000000E+00
     4.3000000E+01   4.5000272E+02   2.7127350E-03   4.4161380E+02   9.2527803E+03   8.4066620E+02   0.0000000E+00   0.0000000E+00   0.0000000E+00
     4.4000000E+01   4.5000262E+02   2.6142590E-03   4.4157742E+02   8.7119043E+03   8.4033862E+02   0.0000000E+00   0.0000000E+00   0.0000000E+00
     4.5000000E+01   4.5000238E+02   2.3764316E-03   4.4153262E+02   7.4198413E+03   8.3954742E+02   0.0000000E+00   0.0000000E+00   0.0000000E+00
     4.6000000E+01   4.5000247E+02   2.4731150E-03   4.4147296E+02   7.9114155E+03   8.3986908E+02   0.0000000E+00   0.0000000E+00   0.0000000E+00
     4.7000000E+01   4.5000226E+02   2.2433910E-03   4.4142090E+02   6.7276230E+03   8.3910486E+02   0.0000000E+00   0.0000000E+00   0.0000000E+00
     4.8000000E+01   4.5000235E+02   2.3567022E-03   4.4135867E+02   7.2932788E+03   8.3948181E+02   0.0000000E+00   0.0000000E+00   0.0000000E+00
     4.9000000E+01   4.5000229E+02   2.2940638E-03   4.4130621E+02   6.9822183E+03   8.3927344E+02   0.0000000E+00   0.0000000E+00   0.0000000E+00
     5.0000000E+01   4.5000226E+02   2.2465023E-03   4.4125488E+02   6.7237773E+03   8.3911523E+02   0.0000000E+00   0.0000000E+00   0.0000000E+00
     5.1000000E+01   4.5000220E+02   2.1956908E-03   4.4120413E+02   6.4765723E+03   8.3894623E+02   0.0000000E+00   0.0000000E+00   0.0000000E+00
     5.2000000E+01   4.5000195E+02   1.9656857E-03   4.4115375E+02   5.3889062E+03   8.3818109E+02   0.0000000E+00   0.0000000E+00   0.0000000E+00
     5.3000000E+01   4.5000211E+02   2.0968255E-03   4.4108868E+02   6.0062651E+03   8.3861731E+02   0.0000000E+00   0.0000000E+00   0.0000000E+00
     5.4000000E+01   4.5000208E+02   2.0613654E-03   4.4103934E+02   5.8200186E+03   8.3849939E+02   0.0000000E+00   0.0000000E+00   0.0000000E+00
     5.5000000E+01   4.5000201E+02   2.0218338E-03   4.4099057E+02   5.6420679E+03   8.3836786E+02   0.0000000E+00   0.0000000E+00   0.0000000E+00
     5.6000000E+01   4.5000198E+02   1.9890978E-03   4.4094263E+02   5.4873384E+03   8.3825897E+02   0.0000000E+00   0.0000000E+00   0.0000000E+00
     5.7000000E+01   4.5000293E+02   2.9341830E-03   4.4098404E+02   1.0456754E+04   8.4140283E+02   0.0000000E+00   0.0000000E+00   0.0000000E+00
     5.8000000E+01   4.5000235E+02   2.3461194E-03   4.4097748E+02   7.1791631E+03   8.3944659E+02   0.0000000E+00   0.0000000E+00   0.0000000E+00
     5.9000000E+01   4.5000241E+02   2.4055014E-03   4.4096631E+02   7.4799087E+03   8.3964417E+02   0.0000000E+00   0.0000000E+00   0.0000000E+00
     6.0000000E+01   4.5000235E+02   2.3514561E-03   4.4094778E+02   7.1549839E+03   8.3946436E+02   0.0000000E+00   0.0000000E+00   0.0000000E+00
     6.1000000E+01   4.5000232E+02   2.3041451E-03   4.4092697E+02   6.9905103E+03   8.3930701E+02   0.0000000E+00   0.0000000E+00   0.0000000E+00
     6.2000000E+01   4.5000226E+02   2.2726464E-03   4.4090240E+02   6.8354331E+03   8.3920221E+02   0.0000000E+00   0.0000000E+00   0.0000000E+00
     6.3000000E+01   4.5000226E+02   2.2561578E-03   4.4087537E+02   6.7346265E+03   8.3914734E+02   0.0000000E+00   0.0000000E+00   0.0000000E+00
     6.4000000E+01   4.5000223E+02   2.2383973E-03   4.4084711E+02   6.6466436E+03   8.3908826E+02   0.0000000E+00   0.0000000E+00   0.0000000E+00
     6.5000000E+01   4.5000238E+02   2.3920042E-03   4.4081824E+02   7.4235439E+03   8.3959924E+02   0.0000000E+00   0.0000000E+00   0.0000000E+00
     6.6000000E+01   4.5000220E+02   2.2015190E-03   4.4079953E+02   6.4727417E+03   8.3896558E+02   0.0000000E+00   0.0000000E+00   0.0000000E+00
     6.7000000E+01   4.5000235E+02   2.3529823E-03   4.4077271E+02   7.2340161E+03   8.3946942E+02   0.0000000E+00   0.0000000E+00   0.0000000E+00
     6.8000000E+01   4.5000266E+02   2.6559895E-03   4.4075403E+02   8.8516924E+03   8.4047742E+02   0.0000000E+00   0.0000000E+00   0.0000000E+00
     6.9000000E+01   4.5000266E+02   2.6476698E-03   4.4075613E+02   8.7901797E+03   8.4044977E+02   0.0000000E+00   0.0000000E+00   0.0000000E+00
     7.0000000E+01   4.5000247E+02   2.4745744E-03   4.4076050E+02   7.8613120E+03   8.3987390E+02   0.0000000E+00   0.0000000E+00   0.0000000E+00
     7.1000000E+01   4.5000174E+02   1.7245922E-03   4.4075366E+02   4.3267197E+03   8.3737909E+02   0.0000000E+00   0.0000000E+00   0.0000000E+00
     7.2000000E+01   4.5000189E+02   1.9020018E-03   4.4068991E+02   5.0869912E+03   8.3796924E+02   0.0000000E+00   0.0000000E+00   0.0000000E+00
     7.3000000E+01   4.5000189E+02   1.9060574E-03   4.4063205E+02   5.0632017E+03   8.3798273E+02   0.0000000E+00   0.0000000E+00   0.0000000E+00
     7.4000000E+01   4.5000189E+02   1.8922174E-03   4.4058087E+02   5.0072783E+03   8.3793671E+02   0.0000000E+00   0.0000000E+00   0.0000000E+00
     7.5000000E+01   4.5000739E+02   7.3997863E-03   4.4072025E+02   4.8709598E+04   8.5625800E+02   0.0000000E+00   0.0000000E+00   0.0000000E+00
     7.6000000E+01   4.5000674E+02   6.7474423E-03   4.4089865E+02   4.1870461E+04   8.5408789E+02   0.0000000E+00   0.0000000E+00   0.0000000E+00
     7.7000000E+01   4.5001093E+02   1.0933562E-02   4.4107388E+02   9.3368703E+04   8.6801331E+02   0.0000000E+00   0.0000000E+00   0.0000000E+00
     7.8000000E+01   4.5000540E+02   5.4097883E-03   4.4121225E+02   2.8897979E+04   8.4963812E+02   0.0000000E+00   0.0000000E+00   0.0000000E+00
     7.9000000E+01   4.5000702E+02   7.0291897E-03   4.4133014E+02   5.5071387E+04   8.5502515E+02   0.0000000E+00   0.0000000E+00   0.0000000E+00
     8.0000000E+01   4.5000687E+02   6.8551991E-03   4.4142670E+02   4.2882137E+04   8.5444635E+02   0.0000000E+00   0.0000000E+00   0.0000000E+00
     8.1000000E+01   4.5000552E+02   5.5280016E-03   4.4150333E+02   2.9954131E+04   8.5003137E+02   0.0000000E+00   0.0000000E+00   0.0000000E+00
     8.2000000E+01   4.5002206E+02   2.2056788E-02   4.4159723E+02   3.0075172E+05   9.0501550E+02   0.0000000E+00   0.0000000E+00   0.0000000E+00
     8.3000000E+01   4.5001202E+02   1.2030724E-02   4.4165540E+02   1.0950121E+05   8.7166315E+02   0.0000000E+00   0.0000000E+00   0.0000000E+00
     8.4000000E+01   4.5000992E+02   9.9141151E-03   4.4170367E+02   7.9318289E+04   8.6462207E+02   0.0000000E+00   0.0000000E+00   0.0000000E+00
     8.5000000E+01   4.5003873E+02   3.8716007E-02   4.4179846E+02   7.6816644E+05   9.6043353E+02   0.0000000E+00   0.0000000E+00   0.0000000E+00
     8.6000000E+01   4.5001559E+02   1.5606353E-02   4.4183817E+02   1.6896927E+05   8.8355768E+02   0.0000000E+00   0.0000000E+00   0.0000000E+00
     8.7000000E+01   4.5000958E+02   9.5767565E-03   4.4186826E+02   7.4866859E+04   8.6349982E+02   0.0000000E+00   0.0000000E+00   0.0000000E+00
     8.8000000E+01   4.5000858E+02   8.5675241E-03   4.4189285E+02   6.2184273E+04   8.6014252E+02   0.0000000E+00   0.0000000E+00   0.0000000E+00
     8.9000000E+01   4.5000790E+02   7.9091005E-03   4.4191437E+02   5.4424895E+04   8.5795227E+02   0.0000000E+00   0.0000000E+00   0.0000000E+00
     9.0000000E+01   4.5000726E+02   7.2662313E-03   4.4194040E+02   4.7256215E+04   8.5581372E+02   0.0000000E+00   0.0000000E+00   0.0000000E+00
     9.1000000E+01   4.5000708E+02   7.0686857E-03   4.4198050E+02   3.9782977E+04   8.5515656E+02   0.0000000E+00   0.0000000E+00   0.0000000E+00
     9.2000000E+01   4.5000656E+02   6.5475237E-03   4.4202078E+02   4.0938586E+04   8.5342285E+02   0.0000000E+00   0.0000000E+00   0.0000000E+00
     9.3000000E+01   4.5000668E+02   6.6703861E-03   4.4207492E+02   4.0998840E+04   8.5383160E+02   0.0000000E+00   0.0000000E+00   0.0000000E+00
     9.4000000E+01   4.5001587E+02   1.5874524E-02   4.4214014E+02   1.7383584E+05   8.8444977E+02   0.0000000E+00   0.0000000E+00   0.0000000E+00
     9.5000000E+01   4.5000760E+02   7.5851204E-03   4.4217560E+02   5.0759902E+04   8.5687451E+02   0.0000000E+00   0.0000000E+00   0.0000000E+00
     9.6000000E+01   4.5000742E+02   7.4163200E-03   4.4220544E+02   5.0279312E+04   8.5631299E+02   0.0000000E+00   0.0000000E+00   0.0000000E+00
     9.7000000E+01   4.5000821E+02   8.2125636E-03   4.4223077E+02   5.9150508E+04   8.5896173E+02   0.0000000E+00   0.0000000E+00   0.0000000E+00
     9.8000000E+01   4.5000824E+02   8.2466453E-03   4.4225568E+02   4.8508664E+04   8.5907513E+02   0.0000000E+00   0.0000000E+00   0.0000000E+00
     9.9000000E+01   4.5000751E+02   7.5123911E-03   4.4228101E+02   4.4130754E+04   8.5663257E+02   0.0000000E+00   0.0000000E+00   0.0000000E+00
     1.0000000E+02   4.5000684E+02   6.8360255E-03   4.4230151E+02   4.6138426E+04   8.5438257E+02   0.0000000E+00   0.0000000E+00   0.0000000E+00
     1.0100000E+02   4.5000693E+02   6.9122966E-03   4.4231885E+02   4.0200094E+04   8.5463629E+02   0.0000000E+00   0.0000000E+00   0.0000000E+00
     1.0200000E+02   4.5000662E+02   6.6086431E-03   4.4233951E+02   3.7220859E+04   8.5362622E+02   0.0000000E+00   0.0000000E+00   0.0000000E+00
     1.0300000E+02   4.5000650E+02   6.5019885E-03   4.4236441E+02   3.9268684E+04   8.5327142E+02   0.0000000E+00   0.0000000E+00   0.0000000E+00
     1.0400000E+02   4.5000635E+02   6.3602268E-03   4.4238745E+02   3.3563137E+04   8.5279980E+02   0.0000000E+00   0.0000000E+00   0.0000000E+00
     1.0500000E+02   4.5000632E+02   6.3093468E-03   4.4240503E+02   3.3226219E+04   8.5263055E+02   0.0000000E+00   0.0000000E+00   0.0000000E+00
     1.0600000E+02   4.5000613E+02   6.1292006E-03   4.4241821E+02   3.6316094E+04   8.5203131E+02   0.0000000E+00   0.0000000E+00   0.0000000E+00
     1.0700000E+02   4.5000610E+02   6.1183227E-03   4.4243140E+02   3.6224086E+04   8.5199512E+02   0.0000000E+00   0.0000000E+00   0.0000000E+00
     1.0800000E+02   4.5000613E+02   6.1380588E-03   4.4244070E+02   3.6223438E+04   8.5206079E+02   0.0000000E+00   0.0000000E+00   0.0000000E+00
     1.0900000E+02   4.5000595E+02   5.9434301E-03   4.4244675E+02   3.3887914E+04   8.5141333E+02   0.0000000E+00   0.0000000E+00   0.0000000E+00
     1.1000000E+02   4.5000586E+02   5.8488762E-03   4.4244901E+02   3.3386547E+04   8.5109875E+02   0.0000000E+00   0.0000000E+00   0.0000000E+00
     1.1100000E+02   4.5000592E+02   5.9351162E-03   4.4244873E+02   2.9976662E+04   8.5138568E+02   0.0000000E+00   0.0000000E+00   0.0000000E+00
     1.1200000E+02   4.5000595E+02   5.9412974E-03   4.4244675E+02   3.4128477E+04   8.5140625E+02   0.0000000E+00   0.0000000E+00   0.0000000E+00
     1.1300000E+02   4.5002567E+02   2.5666788E-02   4.4247876E+02   3.8718947E+05   9.1702441E+02   0.0000000E+00   0.0000000E+00   0.0000000E+00
     1.1400000E+02   4.5001624E+02   1.6239896E-02   4.4248212E+02   1.8055592E+05   8.8566522E+02   0.0000000E+00   0.0000000E+00   0.0000000E+00
     1.1500000E+02   4.5001685E+02   1.6836051E-02   4.4250284E+02   1.9173700E+05   8.8764838E+02   0.0000000E+00   0.0000000E+00   0.0000000E+00
     1.1600000E+02   4.5001059E+02   1.0600622E-02   4.4250937E+02   8.8677703E+04   8.6690576E+02   0.0000000E+00   0.0000000E+00   0.0000000E+00
     1.1700000E+02   4.5000983E+02   9.8147523E-03   4.4250070E+02   7.7995102E+04   8.6429150E+02   0.0000000E+00   0.0000000E+00   0.0000000E+00
     1.1800000E+02   4.5000961E+02   9.6125090E-03   4.4249518E+02   6.7794820E+04   8.6361877E+02   0.0000000E+00   0.0000000E+00   0.0000000E+00
     1.1900000E+02   4.5000903E+02   9.0286909E-03   4.4249164E+02   6.7893023E+04   8.6167664E+02   0.0000000E+00   0.0000000E+00   0.0000000E+00
     1.2000000E+02   4.5000864E+02   8.6348169E-03   4.4250711E+02   6.3084945E+04   8.6036639E+02   0.0000000E+00   0.0000000E+00   0.0000000E+00
     1.2100000E+02   4.5000833E+02   8.3348425E-03   4.4253125E+02   5.9423684E+04   8.5936853E+02   0.0000000E+00   0.0000000E+00   0.0000000E+00
     1.2200000E+02   4.5000836E+02   8.3636073E-03   4.4255313E+02   6.0859238E+04   8.5946417E+02   0.0000000E+00   0.0000000E+00   0.0000000E+00
     1.2300000E+02   4.5000818E+02   8.1715556E-03   4.4257489E+02   5.1948156E+04   8.5882532E+02   0.0000000E+00   0.0000000E+00   0.0000000E+00
     1.2400000E+02   4.5000790E+02   7.8948652E-03   4.4258795E+02   5.4251262E+04   8.5790491E+02   0.0000000E+00   0.0000000E+00   0.0000000E+00
     1.2500000E+02   4.5000766E+02   7.6620844E-03   4.4259470E+02   5.2667309E+04   8.5713055E+02   0.0000000E+00   0.0000000E+00   0.0000000E+00
     1.2600000E+02   4.5000732E+02   7.3137437E-03   4.4259821E+02   5.1779656E+04   8.5597174E+02   0.0000000E+00   0.0000000E+00   0.0000000E+00
     1.2700000E+02   4.5000897E+02   8.9775994E-03   4.4260519E+02   7.5133898E+04   8.6150671E+02   0.0000000E+00   0.0000000E+00   0.0000000E+00
     1.2800000E+02   4.5001678E+02   1.6791295E-02   4.4262671E+02   1.9088794E+05   8.8749945E+02   0.0000000E+00   0.0000000E+00   0.0000000E+00
     1.2900000E+02   4.5001721E+02   1.7211277E-02   4.4264197E+02   1.9891817E+05   8.8889661E+02   0.0000000E+00   0.0000000E+00   0.0000000E+00
     1.3000000E+02   4.5001068E+02   1.0676354E-02   4.4264331E+02   8.9738070E+04   8.6715771E+02   0.0000000E+00   0.0000000E+00   0.0000000E+00
     1.3100000E+02   4.5002863E+02   2.8638422E-02   4.4268140E+02   4.6475050E+05   9.2690973E+02   0.0000000E+00   0.0000000E+00   0.0000000E+00
     1.3200000E+02   4.5001260E+02   1.2604025E-02   4.4268665E+02   1.1833573E+05   8.7357025E+02   0.0000000E+00   0.0000000E+00   0.0000000E+00
     1.3300000E+02   4.5001486E+02   1.4847388E-02   4.4275790E+02   1.5560550E+05   8.8103296E+02   0.0000000E+00   0.0000000E+00   0.0000000E+00
     1.3400000E+02   4.5002643E+02   2.6416827E-02   4.4281335E+02   4.0623372E+05   9.1951947E+02   0.0000000E+00   0.0000000E+00   0.0000000E+00
     1.3500000E+02   4.5004025E+02   4.0250849E-02   4.4293103E+02   8.1958906E+05   9.6553931E+02   0.0000000E+00   0.0000000E+00   0.0000000E+00
     1.3600000E+02   4.5004803E+02   4.8021220E-02   4.4314883E+02   1.0999455E+06   9.9138794E+02   0.0000000E+00   0.0000000E+00   0.0000000E+00
     1.3700000E+02   4.5002631E+02   2.6314296E-02   4.4339984E+02   4.0360569E+05   9.1917841E+02   0.0000000E+00   0.0000000E+00   0.0000000E+00
     1.3800000E+02   4.5008493E+02   8.4924355E-02   4.4371268E+02   2.8446225E+06   1.1141488E+03   0.0000000E+00   0.0000000E+00   0.0000000E+00
     1.3900000E+02   4.5012256E+02   1.2255060E-01   4.4421912E+02   5.2419640E+06   1.2393151E+03   0.0000000E+00   0.0000000E+00   0.0000000E+00
     1.4000000E+02   4.5008768E+02   8.7667152E-02   4.4476224E+02   2.9993342E+06   1.1232728E+03   0.0000000E+00   0.0000000E+00   0.0000000E+00
     1.4100000E+02   4.5004532E+02   4.5328900E-02   4.4513614E+02   9.9907431E+05   9.8243176E+02   0.0000000E+00   0.0000000E+00   0.0000000E+00
     1.4200000E+02   4.5005038E+02   5.0395072E-02   4.4556805E+02   1.1920269E+06   9.9928473E+02   0.0000000E+00   0.0000000E+00   0.0000000E+00
     1.4300000E+02   4.5004797E+02   4.7964621E-02   4.4568262E+02   1.0977568E+06   9.9119971E+02   0.0000000E+00   0.0000000E+00   0.0000000E+00
     1.4400000E+02   4.5004584E+02   4.5823723E-02   4.4569397E+02   1.0173139E+06   9.8407782E+02   0.0000000E+00   0.0000000E+00   0.0000000E+00
     1.4500000E+02   4.5005453E+02   5.4545540E-02   4.4567874E+02   1.3600966E+06   1.0130916E+03   0.0000000E+00   0.0000000E+00   0.0000000E+00
     1.4600000E+02   4.5003818E+02   3.8172219E-02   4.4560278E+02   7.5026850E+05   9.5862457E+02   0.0000000E+00   0.0000000E+00   0.0000000E+00
     1.4700000E+02   4.5003842E+02   3.8425550E-02   4.4552927E+02   7.5858550E+05   9.5946729E+02   0.0000000E+00   0.0000000E+00   0.0000000E+00
     1.4800000E+02   4.5004544E+02   4.5449615E-02   4.4545673E+02   1.0035101E+06   9.8283331E+02   0.0000000E+00   0.0000000E+00   0.0000000E+00
     1.4900000E+02   4.5003799E+02   3.7989013E-02   4.4535550E+02   7.4427669E+05   9.5801514E+02   0.0000000E+00   0.0000000E+00   0.0000000E+00
     1.5000000E+02   4.5005844E+02   5.8432531E-02   4.4527872E+02   1.5254419E+06   1.0260219E+03   0.0000000E+00   0.0000000E+00   0.0000000E+00
     1.5100000E+02   4.5008868E+02   8.8692360E-02   4.4524954E+02   3.0580745E+06   1.1266832E+03   0.0000000E+00   0.0000000E+00   0.0000000E+00
     1.5200000E+02   4.5013547E+02   1.3547057E-01   4.4528900E+02   6.1950665E+06   1.2822942E+03   0.0000000E+00   0.0000000E+00   0.0000000E+00
     1.5300000E+02   4.5030353E+02   3.0354017E-01   4.4555197E+02   2.3768294E+07   1.8413892E+03   0.0000000E+00   0.0000000E+00   0.0000000E+00
     1.5400000E+02   4.5054431E+02   5.4431164E-01   4.4613266E+02   6.2909620E+07   2.6423318E+03   0.0000000E+00   0.0000000E+00   0.0000000E+00
     1.5500000E+02   4.5040097E+02   4.0096280E-01   4.4651257E+02   3.7798788E+07   2.1654722E+03   0.0000000E+00   0.0000000E+00   0.0000000E+00
     1.5600000E+02   4.5020795E+02   2.0795497E-01   4.4651801E+02   1.2654740E+07   1.5234185E+03   0.0000000E+00   0.0000000E+00   0.0000000E+00
     1.5700000E+02   4.5015662E+02   1.5660383E-01   4.4668939E+02   7.8881480E+06   1.3525955E+03   0.0000000E+00   0.0000000E+00   0.0000000E+00
     1.5800000E+02   4.5012579E+02   1.2579338E-01   4.4665729E+02   5.4756310E+06   1.2501024E+03   0.0000000E+00   0.0000000E+00   0.0000000E+00
     1.5900000E+02   4.5010849E+02   1.0850006E-01   4.4658157E+02   4.2791190E+06   1.1925750E+03   0.0000000E+00   0.0000000E+00   0.0000000E+00
     1.6000000E+02   4.5009668E+02   9.6672848E-02   4.4645819E+02   3.5303085E+06   1.1532310E+03   0.0000000E+00   0.0000000E+00   0.0000000E+00
     1.6100000E+02   4.5008948E+02   8.9465000E-02   4.4630722E+02   3.1029732E+06   1.1292535E+03   0.0000000E+00   0.0000000E+00   0.0000000E+00
     1.6200000E+02   4.5008350E+02   8.3489507E-02   4.4615515E+02   2.7649748E+06   1.1093756E+03   0.0000000E+00   0.0000000E+00   0.0000000E+00
     1.6300000E+02   4.5007858E+02   7.8578614E-02   4.4600812E+02   2.4992610E+06   1.0930392E+03   0.0000000E+00   0.0000000E+00   0.0000000E+00
     1.6400000E+02   4.5007468E+02   7.4672483E-02   4.4585239E+02   2.2956482E+06   1.0800452E+03   0.0000000E+00   0.0000000E+00   0.0000000E+00
     1.6500000E+02   4.5007135E+02   7.1339913E-02   4.4568839E+02   2.1274705E+06   1.0689592E+03   0.0000000E+00   0.0000000E+00   0.0000000E+00
     1.6600000E+02   4.5006900E+02   6.9011889E-02   4.4553333E+02   2.0130021E+06   1.0612148E+03   0.0000000E+00   0.0000000E+00   0.0000000E+00
     1.6700000E+02   4.5006647E+02   6.6452526E-02   4.4537018E+02   1.8901231E+06   1.0527009E+03   0.0000000E+00   0.0000000E+00   0.0000000E+00
     1.6800000E+02   4.5006412E+02   6.4130984E-02   4.4520065E+02   1.7813584E+06   1.0449781E+03   0.0000000E+00   0.0000000E+00   0.0000000E+00
     1.6900000E+02   4.5006131E+02   6.1322514E-02   4.4502985E+02   1.6535541E+06   1.0356356E+03   0.0000000E+00   0.0000000E+00   0.0000000E+00
     1.7000000E+02   4.5005899E+02   5.8984146E-02   4.4487436E+02   1.5495439E+06   1.0278569E+03   0.0000000E+00   0.0000000E+00   0.0000000E+00
     1.7100000E+02   4.5005704E+02   5.7024740E-02   4.4471854E+02   1.4646815E+06   1.0213388E+03   0.0000000E+00   0.0000000E+00   0.0000000E+00
     1.7200000E+02   4.5008823E+02   8.8215515E-02   4.4464160E+02   3.0307552E+06   1.1250970E+03   0.0000000E+00   0.0000000E+00   0.0000000E+00
     1.7300000E+02   4.5008191E+02   8.1904851E-02   4.4453369E+02   2.6780645E+06   1.1041041E+03   0.0000000E+00   0.0000000E+00   0.0000000E+00
     1.7400000E+02   4.5007217E+02   7.2187588E-02   4.4442389E+02   2.1697445E+06   1.0717791E+03   0.0000000E+00   0.0000000E+00   0.0000000E+00
     1.7500000E+02   4.5006400E+02   6.3997775E-02   4.4431927E+02   1.7751940E+06   1.0445350E+03   0.0000000E+00   0.0000000E+00   0.0000000E+00
     1.7600000E+02   4.5005988E+02   5.9861489E-02   4.4421631E+02   1.5881209E+06   1.0307754E+03   0.0000000E+00   0.0000000E+00   0.0000000E+00
     1.7700000E+02   4.5005740E+02   5.7401933E-02   4.4411862E+02   1.4808641E+06   1.0225936E+03   0.0000000E+00   0.0000000E+00   0.0000000E+00
     1.7800000E+02   4.5005545E+02   5.5443808E-02   4.4403912E+02   1.3976310E+06   1.0160797E+03   0.0000000E+00   0.0000000E+00   0.0000000E+00
     1.7900000E+02   4.5005341E+02   5.3413831E-02   4.4395990E+02   1.3133936E+06   1.0093268E+03   0.0000000E+00   0.0000000E+00   0.0000000E+00
     1.8000000E+02   4.5005164E+02   5.1628388E-02   4.4390024E+02   1.2410482E+06   1.0033875E+03   0.0000000E+00   0.0000000E+00   0.0000000E+00
     1.8100000E+02   4.5005008E+02   5.0065476E-02   4.4383963E+02   1.1790600E+06   9.9818829E+02   0.0000000E+00   0.0000000E+00   0.0000000E+00
     1.8200000E+02   4.5004871E+02   4.8710812E-02   4.4379062E+02   1.1263909E+06   9.9368195E+02   0.0000000E+00   0.0000000E+00   0.0000000E+00
     1.8300000E+02   4.5004709E+02   4.7080897E-02   4.4373447E+02   1.0763542E+06   9.8825989E+02   0.0000000E+00   0.0000000E+00   0.0000000E+00
     1.8400000E+02   4.5004605E+02   4.6041753E-02   4.4368063E+02   1.0254020E+06   9.8480310E+02   0.0000000E+00   0.0000000E+00   0.0000000E+00
     1.8500000E+02   4.5004492E+02   4.4922605E-02   4.4362561E+02   1.0157216E+06   9.8108020E+02   0.0000000E+00   0.0000000E+00   0.0000000E+00
     1.8600000E+02   4.5004495E+02   4.4961076E-02   4.4357608E+02   9.4255844E+05   9.8120819E+02   0.0000000E+00   0.0000000E+00   0.0000000E+00
     1.8700000E+02   4.5004239E+02   4.2381600E-02   4.4351459E+02   8.9327388E+05   9.7262738E+02   0.0000000E+00   0.0000000E+00   0.0000000E+00
     1.8800000E+02   4.5004160E+02   4.1602660E-02   4.4346097E+02   8.6598006E+05   9.7003619E+02   0.0000000E+00   0.0000000E+00   0.0000000E+00
     1.8900000E+02   4.5004358E+02   4.3591734E-02   4.4341461E+02   9.3607869E+05   9.7665295E+02   0.0000000E+00   0.0000000E+00   0.0000000E+00
     1.9000000E+02   4.5004269E+02   4.2700488E-02   4.4336411E+02   9.0041300E+05   9.7368817E+02   0.0000000E+00   0.0000000E+00   0.0000000E+00
     1.9100000E+02   4.5004227E+02   4.2255186E-02   4.4332004E+02   9.0517100E+05   9.7220685E+02   0.0000000E+00   0.0000000E+00   0.0000000E+00
     1.9200000E+02   4.5004282E+02   4.2811040E-02   4.4327539E+02   8.6463356E+05   9.7405597E+02   0.0000000E+00   0.0000000E+00   0.0000000E+00
     1.9300000E+02   4.5004028E+02   4.0270913E-02   4.4323157E+02   8.2028112E+05   9.6560602E+02   0.0000000E+00   0.0000000E+00   0.0000000E+00
     1.9400000E+02   4.5003851E+02   3.8509037E-02   4.4318640E+02   7.6133450E+05   9.5974506E+02   0.0000000E+00   0.0000000E+00   0.0000000E+00
     1.9500000E+02   4.5003751E+02   3.7518293E-02   4.4314474E+02   7.2907738E+05   9.5644928E+02   0.0000000E+00   0.0000000E+00   0.0000000E+00
     1.9600000E+02   4.5003714E+02   3.7148695E-02   4.4310431E+02   7.1689762E+05   9.5521979E+02   0.0000000E+00   0.0000000E+00   0.0000000E+00
     1.9700000E+02   4.5003696E+02   3.6970064E-02   4.4306781E+02   6.8928169E+05   9.5462555E+02   0.0000000E+00   0.0000000E+00   0.0000000E+00
     1.9800000E+02   4.5003564E+02   3.5645433E-02   4.4303290E+02   6.6474800E+05   9.5021906E+02   0.0000000E+00   0.0000000E+00   0.0000000E+00
     1.9900000E+02   4.5003467E+02   3.4658331E-02   4.4299985E+02   6.5831888E+05   9.4693542E+02   0.0000000E+00   0.0000000E+00   0.0000000E+00
     2.0000000E+02   4.5003400E+02   3.3988219E-02   4.4296472E+02   6.2127738E+05   9.4470624E+02   0.0000000E+00   0.0000000E+00   0.0000000E+00
     2.0100000E+02   4.5003375E+02   3.3754628E-02   4.4293140E+02   5.8202400E+05   9.4392914E+02   0.0000000E+00   0.0000000E+00   0.0000000E+00
     2.0200000E+02   4.5003125E+02   3.1251259E-02   4.4290195E+02   5.3755725E+05   9.3560156E+02   0.0000000E+00   0.0000000E+00   0.0000000E+00
     2.0300000E+02   4.5003036E+02   3.0358491E-02   4.4287552E+02   5.1213031E+05   9.3263171E+02   0.0000000E+00   0.0000000E+00   0.0000000E+00
     2.0400000E+02   4.5003018E+02   3.0179303E-02   4.4285019E+02   4.9071056E+05   9.3203558E+02   0.0000000E+00   0.0000000E+00   0.0000000E+00
     2.0500000E+02   4.5002908E+02   2.9093638E-02   4.4282632E+02   4.8620672E+05   9.2842407E+02   0.0000000E+00   0.0000000E+00   0.0000000E+00
     2.0600000E+02   4.5002841E+02   2.8397487E-02   4.4280338E+02   4.5428459E+05   9.2610828E+02   0.0000000E+00   0.0000000E+00   0.0000000E+00
     2.0700000E+02   4.5002762E+02   2.7627870E-02   4.4277954E+02   4.3775334E+05   9.2354810E+02   0.0000000E+00   0.0000000E+00   0.0000000E+00
     2.0800000E+02   4.5002756E+02   2.7557408E-02   4.4275653E+02   4.2137075E+05   9.2331372E+02   0.0000000E+00   0.0000000E+00   0.0000000E+00
     2.0900000E+02   4.5002643E+02   2.6430503E-02   4.4273520E+02   4.3208469E+05   9.1956494E+02   0.0000000E+00   0.0000000E+00   0.0000000E+00
     2.1000000E+02   4.5002637E+02   2.6380140E-02   4.4271454E+02   4.0816566E+05   9.1939746E+02   0.0000000E+00   0.0000000E+00   0.0000000E+00
     2.1100000E+02   4.5002594E+02   2.5950696E-02   4.4269699E+02   4.1417594E+05   9.1796887E+02   0.0000000E+00   0.0000000E+00   0.0000000E+00
     2.1200000E+02   4.5002570E+02   2.5686884E-02   4.4267755E+02   4.0016156E+05   9.1709125E+02   0.0000000E+00   0.0000000E+00   0.0000000E+00
     2.1300000E+02   4.5002991E+02   2.9917059E-02   4.4266684E+02   4.9994844E+05   9.3116321E+02   0.0000000E+00   0.0000000E+00   0.0000000E+00
     2.1400000E+02   4.5003201E+02   3.2008443E-02   4.4265887E+02   5.5985881E+05   9.3812036E+02   0.0000000E+00   0.0000000E+00   0.0000000E+00
     2.1500000E+02   4.5003101E+02   3.0991016E-02   4.4264981E+02   5.3054912E+05   9.3473584E+02   0.0000000E+00   0.0000000E+00   0.0000000E+00
     2.1600000E+02   4.5003079E+02   3.0802943E-02   4.4264056E+02   5.2474262E+05   9.3411017E+02   0.0000000E+00   0.0000000E+00   0.0000000E+00
     2.1700000E+02   4.5002939E+02   2.9392704E-02   4.4262869E+02   4.8513294E+05   9.2941895E+02   0.0000000E+00   0.0000000E+00   0.0000000E+00
     2.1800000E+02   4.5002811E+02   2.8099252E-02   4.4261334E+02   4.5025903E+05   9.2511615E+02   0.0000000E+00   0.0000000E+00   0.0000000E+00
     2.1900000E+02   4.5002792E+02   2.7938321E-02   4.4259961E+02   4.4623891E+05   9.2458081E+02   0.0000000E+00   0.0000000E+00   0.0000000E+00
     2.2000000E+02   4.5002673E+02   2.6721720E-02   4.4258273E+02   3.9197316E+05   9.2053369E+02   0.0000000E+00   0.0000000E+00   0.0000000E+00
     2.2100000E+02   4.5002530E+02   2.5304902E-02   4.4256693E+02   3.4886588E+05   9.1582056E+02   0.0000000E+00   0.0000000E+00   0.0000000E+00
     2.2200000E+02   4.5002332E+02   2.3307206E-02   4.4255014E+02   3.2970281E+05   9.0917511E+02   0.0000000E+00   0.0000000E+00   0.0000000E+00
     2.2300000E+02   4.5002325E+02   2.3240611E-02   4.4253589E+02   3.1847316E+05   9.0895355E+02   0.0000000E+00   0.0000000E+00   0.0000000E+00
     2.2400000E+02   4.5002231E+02   2.2311851E-02   4.4252164E+02   3.0851316E+05   9.0586401E+02   0.0000000E+00   0.0000000E+00   0.0000000E+00
     2.2500000E+02   4.5002151E+02   2.1529811E-02   4.4250519E+02   2.6235144E+05   9.0326245E+02   0.0000000E+00   0.0000000E+00   0.0000000E+00
     2.2600000E+02   4.5002112E+02   2.1126144E-02   4.4249091E+02   2.7092859E+05   9.0191968E+02   0.0000000E+00   0.0000000E+00   0.0000000E+00
     2.2700000E+02   4.5002054E+02   2.0537576E-02   4.4247714E+02   2.7503297E+05   8.9996173E+02   0.0000000E+00   0.0000000E+00   0.0000000E+00
     2.2800000E+02   4.5001968E+02   1.9687703E-02   4.4246143E+02   2.4854934E+05   8.9713458E+02   0.0000000E+00   0.0000000E+00   0.0000000E+00
     2.2900000E+02   4.5001923E+02   1.9211574E-02   4.4244650E+02   2.4620572E+05   8.9555072E+02   0.0000000E+00   0.0000000E+00   0.0000000E+00
     2.3000000E+02   4.5001904E+02   1.9028157E-02   4.4243054E+02   2.3460673E+05   8.9494055E+02   0.0000000E+00   0.0000000E+00   0.0000000E+00
     2.3100000E+02   4.5001889E+02   1.8892165E-02   4.4241534E+02   2.1650433E+05   8.9448816E+02   0.0000000E+00   0.0000000E+00   0.0000000E+00
     2.3200000E+02   4.5001849E+02   1.8490287E-02   4.4240088E+02   2.0871412E+05   8.9315131E+02   0.0000000E+00   0.0000000E+00   0.0000000E+00
     2.3300000E+02   4.5001749E+02   1.7471543E-02   4.4238861E+02   2.0524656E+05   8.8976239E+02   0.0000000E+00   0.0000000E+00   0.0000000E+00
     2.3400000E+02   4.5001706E+02   1.7057868E-02   4.4237701E+02   2.1014522E+05   8.8838623E+02   0.0000000E+00   0.0000000E+00   0.0000000E+00
     2.3500000E+02   4.5001694E+02   1.6948082E-02   4.4236658E+02   1.9727580E+05   8.8802106E+02   0.0000000E+00   0.0000000E+00   0.0000000E+00
     2.3600000E+02   4.5001669E+02   1.6694581E-02   4.4235754E+02   1.9665450E+05   8.8717773E+02   0.0000000E+00   0.0000000E+00   0.0000000E+00
     2.3700000E+02   4.5001700E+02   1.7000781E-02   4.4234518E+02   1.8165942E+05   8.8819635E+02   0.0000000E+00   0.0000000E+00   0.0000000E+00
     2.3800000E+02   4.5001688E+02   1.6873777E-02   4.4233246E+02   1.7943855E+05   8.8777386E+02   0.0000000E+00   0.0000000E+00   0.0000000E+00
     2.3900000E+02   4.5001657E+02   1.6578153E-02   4.4232230E+02   1.7401050E+05   8.8679047E+02   0.0000000E+00   0.0000000E+00   0.0000000E+00
     2.4000000E+02   4.5001529E+02   1.5286136E-02   4.4231293E+02   1.6236667E+05   8.8249249E+02   0.0000000E+00   0.0000000E+00   0.0000000E+00
     2.4100000E+02   4.5001486E+02   1.4857383E-02   4.4230463E+02   1.6684248E+05   8.8106616E+02   0.0000000E+00   0.0000000E+00   0.0000000E+00
     2.4200000E+02   4.5001547E+02   1.5461439E-02   4.4229547E+02   1.5508033E+05   8.8307562E+02   0.0000000E+00   0.0000000E+00   0.0000000E+00
     2.4300000E+02   4.5001535E+02   1.5362715E-02   4.4228735E+02   1.5351706E+05   8.8274719E+02   0.0000000E+00   0.0000000E+00   0.0000000E+00
     2.4400000E+02   4.5001526E+02   1.5263001E-02   4.4227966E+02   1.5209173E+05   8.8241553E+02   0.0000000E+00   0.0000000E+00   0.0000000E+00
     2.4500000E+02   4.5001517E+02   1.5162715E-02   4.4227225E+02   1.5058459E+05   8.8208191E+02   0.0000000E+00   0.0000000E+00   0.0000000E+00
     2.4600000E+02   4.5001508E+02   1.5060580E-02   4.4226514E+02   1.4907322E+05   8.8174213E+02   0.0000000E+00   0.0000000E+00   0.0000000E+00
     2.4700000E+02   4.5001495E+02   1.4961148E-02   4.4225897E+02   1.4760678E+05   8.8141138E+02   0.0000000E+00   0.0000000E+00   0.0000000E+00
     2.4800000E+02   4.5001431E+02   1.4312511E-02   4.4225430E+02   1.5236002E+05   8.7925366E+02   0.0000000E+00   0.0000000E+00   0.0000000E+00
     2.4900000E+02   4.5001440E+02   1.4410771E-02   4.4225046E+02   1.6272858E+05   8.7958051E+02   0.0000000E+00   0.0000000E+00   0.0000000E+00
     2.5000000E+02   4.5001523E+02   1.5242964E-02   4.4224487E+02   1.5335295E+05   8.8234888E+02   0.0000000E+00   0.0000000E+00   0.0000000E+00
     2.5100000E+02   4.5001511E+02   1.5111662E-02   4.4223993E+02   1.5116050E+05   8.8191205E+02   0.0000000E+00   0.0000000E+00   0.0000000E+00
     2.5200000E+02   4.5001501E+02   1.5025441E-02   4.4223511E+02   1.4991162E+05   8.8162524E+02   0.0000000E+00   0.0000000E+00   0.0000000E+00
     2.5300000E+02   4.5001447E+02   1.4459698E-02   4.4223203E+02   1.5138089E+05   8.7974329E+02   0.0000000E+00   0.0000000E+00   0.0000000E+00
     2.5400000E+02   4.5001440E+02   1.4393517E-02   4.4222928E+02   1.5561445E+05   8.7952313E+02   0.0000000E+00   0.0000000E+00   0.0000000E+00
     2.5500000E+02   4.5001385E+02   1.3862440E-02   4.4222473E+02   1.5460638E+05   8.7775647E+02   0.0000000E+00   0.0000000E+00   0.0000000E+00
     2.5600000E+02   4.5001361E+02   1.3624163E-02   4.4222150E+02   1.5048945E+05   8.7696381E+02   0.0000000E+00   0.0000000E+00   0.0000000E+00
     2.5700000E+02   4.5001413E+02   1.4134160E-02   4.4221561E+02   1.3574058E+05   8.7866034E+02   0.0000000E+00   0.0000000E+00   0.0000000E+00
     2.5800000E+02   4.5001389E+02   1.3884828E-02   4.4221027E+02   1.3165928E+05   8.7783093E+02   0.0000000E+00   0.0000000E+00   0.0000000E+00
     2.5900000E+02   4.5001364E+02   1.3626554E-02   4.4220422E+02   1.2765927E+05   8.7697174E+02   0.0000000E+00   0.0000000E+00   0.0000000E+00
     2.6000000E+02   4.5001370E+02   1.3715841E-02   4.4219971E+02   1.2939604E+05   8.7726880E+02   0.0000000E+00   0.0000000E+00   0.0000000E+00
     2.6100000E+02   4.5001309E+02   1.3104350E-02   4.4219168E+02   1.1960134E+05   8.7523462E+02   0.0000000E+00   0.0000000E+00   0.0000000E+00
     2.6200000E+02   4.5001242E+02   1.2415474E-02   4.4218484E+02   1.0903628E+05   8.7294299E+02   0.0000000E+00   0.0000000E+00   0.0000000E+00
     2.6300000E+02   4.5001181E+02   1.1812237E-02   4.4217896E+02   1.0000849E+05   8.7093628E+02   0.0000000E+00   0.0000000E+00   0.0000000E+00
     2.6400000E+02   4.5001154E+02   1.1546122E-02   4.4217303E+02   9.6533203E+04   8.7005103E+02   0.0000000E+00   0.0000000E+00   0.0000000E+00
     2.6500000E+02   4.5001169E+02   1.1683619E-02   4.4216702E+02   9.8623203E+04   8.7050842E+02   0.0000000E+00   0.0000000E+00   0.0000000E+00
     2.6600000E+02   4.5001123E+02   1.1215977E-02   4.4216068E+02   9.1828000E+04   8.6895282E+02   0.0000000E+00   0.0000000E+00   0.0000000E+00
     2.6700000E+02   4.5001086E+02   1.0854620E-02   4.4215363E+02   8.6867758E+04   8.6775073E+02   0.0000000E+00   0.0000000E+00   0.0000000E+00
     2.6800000E+02   4.5001013E+02   1.0141890E-02   4.4214722E+02   7.7204641E+04   8.6537976E+02   0.0000000E+00   0.0000000E+00   0.0000000E+00
     2.6900000E+02   4.5000970E+02   9.6925423E-03   4.4213956E+02   7.1499031E+04   8.6388501E+02   0.0000000E+00   0.0000000E+00   0.0000000E+00
     2.7000000E+02   4.5000940E+02   9.3984054E-03   4.4213046E+02   6.7808508E+04   8.6290656E+02   0.0000000E+00   0.0000000E+00   0.0000000E+00
     2.7100000E+02   4.5000854E+02   8.5486304E-03   4.4212045E+02   5.7276367E+04   8.6007971E+02   0.0000000E+00   0.0000000E+00   0.0000000E+00
     2.7200000E+02   4.5000793E+02   7.9478929E-03   4.4211209E+02   5.0458883E+04   8.5808130E+02   0.0000000E+00   0.0000000E+00   0.0000000E+00
     2.7300000E+02   4.5000766E+02   7.6728063E-03   4.4210529E+02   4.7667629E+04   8.5716620E+02   0.0000000E+00   0.0000000E+00   0.0000000E+00
     2.7400000E+02   4.5000702E+02   7.0083779E-03   4.4209897E+02   4.0664996E+04   8.5495593E+02   0.0000000E+00   0.0000000E+00   0.0000000E+00
     2.7500000E+02   4.5000696E+02   6.9493945E-03   4.4209335E+02   4.0216910E+04   8.5475970E+02   0.0000000E+00   0.0000000E+00   0.0000000E+00
     2.7600000E+02   4.5000699E+02   6.9790869E-03   4.4208801E+02   4.0738730E+04   8.5485852E+02   0.0000000E+00   0.0000000E+00   0.0000000E+00
     2.7700000E+02   4.5000684E+02   6.8413075E-03   4.4208350E+02   3.9399730E+04   8.5440015E+02   0.0000000E+00   0.0000000E+00   0.0000000E+00
     2.7800000E+02   4.5000565E+02   5.6362548E-03   4.4208237E+02   4.2137066E+04   8.5039148E+02   0.0000000E+00   0.0000000E+00   0.0000000E+00
     2.7900000E+02   4.5000702E+02   7.0088357E-03   4.4208072E+02   3.3348484E+04   8.5495746E+02   0.0000000E+00   0.0000000E+00   0.0000000E+00
     2.8000000E+02   4.5000751E+02   7.5067258E-03   4.4208020E+02   3.8627055E+04   8.5661371E+02   0.0000000E+00   0.0000000E+00   0.0000000E+00
     2.8100000E+02   4.5000748E+02   7.4859522E-03   4.4207916E+02   3.8419590E+04   8.5654462E+02   0.0000000E+00   0.0000000E+00   0.0000000E+00
     2.8200000E+02   4.5000745E+02   7.4437559E-03   4.4207858E+02   3.8050422E+04   8.5640424E+02   0.0000000E+00   0.0000000E+00   0.0000000E+00
     2.8300000E+02   4.5000739E+02   7.3959171E-03   4.4207666E+02   3.7629375E+04   8.5624512E+02   0.0000000E+00   0.0000000E+00   0.0000000E+00
     2.8400000E+02   4.5000735E+02   7.3513184E-03   4.4207520E+02   3.7261535E+04   8.5609674E+02   0.0000000E+00   0.0000000E+00   0.0000000E+00
     2.8500000E+02   4.5000729E+02   7.3078666E-03   4.4207388E+02   3.6830246E+04   8.5595221E+02   0.0000000E+00   0.0000000E+00   0.0000000E+00
     2.8600000E+02   4.5000726E+02   7.2486801E-03   4.4207172E+02   3.6352656E+04   8.5575531E+02   0.0000000E+00   0.0000000E+00   0.0000000E+00
     2.8700000E+02   4.5000589E+02   5.8759609E-03   4.4206717E+02   4.3562895E+04   8.5118890E+02   0.0000000E+00   0.0000000E+00   0.0000000E+00
     2.8800000E+02   4.5000519E+02   5.1881485E-03   4.4206067E+02   3.7180316E+04   8.4890082E+02   0.0000000E+00   0.0000000E+00   0.0000000E+00
     2.8900000E+02   4.5000510E+02   5.0924639E-03   4.4205685E+02   3.6063102E+04   8.4858252E+02   0.0000000E+00   0.0000000E+00   0.0000000E+00
     2.9000000E+02   4.5000610E+02   6.0996204E-03   4.4205096E+02   3.3650074E+04   8.5193292E+02   0.0000000E+00   0.0000000E+00   0.0000000E+00
     2.9100000E+02   4.5000601E+02   6.0178717E-03   4.4204602E+02   3.2922559E+04   8.5166095E+02   0.0000000E+00   0.0000000E+00   0.0000000E+00
     2.9200000E+02   4.5000565E+02   5.6355852E-03   4.4204117E+02   2.9543643E+04   8.5038922E+02   0.0000000E+00   0.0000000E+00   0.0000000E+00
     2.9300000E+02   4.5000409E+02   4.0876688E-03   4.4203970E+02   2.7535463E+04   8.4523999E+02   0.0000000E+00   0.0000000E+00   0.0000000E+00
     2.9400000E+02   4.5000583E+02   5.8357050E-03   4.4203940E+02   2.3351000E+04   8.5105493E+02   0.0000000E+00   0.0000000E+00   0.0000000E+00
     2.9500000E+02   4.5000580E+02   5.8127865E-03   4.4203970E+02   2.3218533E+04   8.5097870E+02   0.0000000E+00   0.0000000E+00   0.0000000E+00
     2.9600000E+02   4.5000580E+02   5.8094473E-03   4.4203848E+02   2.8728408E+04   8.5096759E+02   0.0000000E+00   0.0000000E+00   0.0000000E+00
     2.9700000E+02   4.5000568E+02   5.6790495E-03   4.4203928E+02   3.2129451E+04   8.5053381E+02   0.0000000E+00   0.0000000E+00   0.0000000E+00
     2.9800000E+02   4.5000467E+02   4.6713958E-03   4.4203830E+02   3.1710285E+04   8.4718182E+02   0.0000000E+00   0.0000000E+00   0.0000000E+00
     2.9900000E+02   4.5000461E+02   4.6213297E-03   4.4203604E+02   3.1211010E+04   8.4701526E+02   0.0000000E+00   0.0000000E+00   0.0000000E+00
     3.0000000E+02   4.5000558E+02   5.5841045E-03   4.4203195E+02   2.9691061E+04   8.5021802E+02   0.0000000E+00   0.0000000E+00   0.0000000E+00
     3.0100000E+02   4.5000449E+02   4.4771219E-03   4.4203116E+02   2.9819893E+04   8.4653552E+02   0.0000000E+00   0.0000000E+00   0.0000000E+00
     3.0200000E+02   4.5000546E+02   5.4772790E-03   4.4203128E+02   2.0758945E+04   8.4986261E+02   0.0000000E+00   0.0000000E+00   0.0000000E+00
     3.0300000E+02   4.5000443E+02   4.4146851E-03   4.4203165E+02   2.9219662E+04   8.4632782E+02   0.0000000E+00   0.0000000E+00   0.0000000E+00
     3.0400000E+02   4.5000439E+02   4.3870485E-03   4.4203094E+02   2.8940453E+04   8.4623590E+02   0.0000000E+00   0.0000000E+00   0.0000000E+00
     3.0500000E+02   4.5000537E+02   5.3673238E-03   4.4203070E+02   2.0014932E+04   8.4949689E+02   0.0000000E+00   0.0000000E+00   0.0000000E+00
     3.0600000E+02   4.5000531E+02   5.3242175E-03   4.4203049E+02   1.9677633E+04   8.4935345E+02   0.0000000E+00   0.0000000E+00   0.0000000E+00
     3.0700000E+02   4.5000537E+02   5.3858222E-03   4.4203024E+02   2.0290275E+04   8.4955841E+02   0.0000000E+00   0.0000000E+00   0.0000000E+00
     3.0800000E+02   4.5000525E+02   5.2524111E-03   4.4202982E+02   1.9217086E+04   8.4911462E+02   0.0000000E+00   0.0000000E+00   0.0000000E+00
     3.0900000E+02   4.5000522E+02   5.2275355E-03   4.4202942E+02   1.9053363E+04   8.4903186E+02   0.0000000E+00   0.0000000E+00   0.0000000E+00
     3.1000000E+02   4.5000522E+02   5.2127177E-03   4.4202933E+02   1.8983160E+04   8.4898254E+02   0.0000000E+00   0.0000000E+00   0.0000000E+00
     3.1100000E+02   4.5000522E+02   5.2077305E-03   4.4202997E+02   1.8944621E+04   8.4896594E+02   0.0000000E+00   0.0000000E+00   0.0000000E+00
     3.1200000E+02   4.5000415E+02   4.1646976E-03   4.4202853E+02   2.6683141E+04   8.4549622E+02   0.0000000E+00   0.0000000E+00   0.0000000E+00
     3.1300000E+02   4.5000409E+02   4.1001253E-03   4.4202609E+02   2.6251188E+04   8.4528143E+02   0.0000000E+00   0.0000000E+00   0.0000000E+00
     3.1400000E+02   4.5000504E+02   5.0419415E-03   4.4202408E+02   1.7679768E+04   8.4841443E+02   0.0000000E+00   0.0000000E+00   0.0000000E+00
     3.1500000E+02   4.5000497E+02   4.9802763E-03   4.4202316E+02   1.7383451E+04   8.4820929E+02   0.0000000E+00   0.0000000E+00   0.0000000E+00
     3.1600000E+02   4.5000482E+02   4.8352745E-03   4.4202151E+02   1.6290746E+04   8.4772699E+02   0.0000000E+00   0.0000000E+00   0.0000000E+00
     3.1700000E+02   4.5000482E+02   4.8130807E-03   4.4202063E+02   1.6206979E+04   8.4765314E+02   0.0000000E+00   0.0000000E+00   0.0000000E+00
     3.1800000E+02   4.5000482E+02   4.8174113E-03   4.4202081E+02   1.6157952E+04   8.4766754E+02   0.0000000E+00   0.0000000E+00   0.0000000E+00
     3.1900000E+02   4.5000479E+02   4.7912593E-03   4.4202020E+02   1.6162411E+04   8.4758057E+02   0.0000000E+00   0.0000000E+00   0.0000000E+00
     3.2000000E+02   4.5000476E+02   4.7696312E-03   4.4201886E+02   1.6035084E+04   8.4750861E+02   0.0000000E+00   0.0000000E+00   0.0000000E+00
     3.2100000E+02   4.5000391E+02   3.8934601E-03   4.4201828E+02   2.4085412E+04   8.4459393E+02   0.0000000E+00   0.0000000E+00   0.0000000E+00
     3.2200000E+02   4.5000360E+02   3.6130645E-03   4.4201700E+02   2.2022994E+04   8.4366119E+02   0.0000000E+00   0.0000000E+00   0.0000000E+00
     3.2300000E+02   4.5000470E+02   4.6916553E-03   4.4201642E+02   1.5500288E+04   8.4724921E+02   0.0000000E+00   0.0000000E+00   0.0000000E+00
     3.2400000E+02   4.5000467E+02   4.6692723E-03   4.4201614E+02   1.5428891E+04   8.4717474E+02   0.0000000E+00   0.0000000E+00   0.0000000E+00
     3.2500000E+02   4.5000415E+02   4.1510654E-03   4.4201431E+02   1.1597901E+04   8.4545087E+02   0.0000000E+00   0.0000000E+00   0.0000000E+00
     3.2600000E+02   4.5000397E+02   3.9780741E-03   4.4201242E+02   1.0356118E+04   8.4487543E+02   0.0000000E+00   0.0000000E+00   0.0000000E+00
     3.2700000E+02   4.5000446E+02   4.4462471E-03   4.4201181E+02   1.3862271E+04   8.4643286E+02   0.0000000E+00   0.0000000E+00   0.0000000E+00
     3.2800000E+02   4.5000446E+02   4.4442834E-03   4.4201181E+02   1.3995756E+04   8.4642633E+02   0.0000000E+00   0.0000000E+00   0.0000000E+00
     3.2900000E+02   4.5000452E+02   4.5287404E-03   4.4201163E+02   2.1502092E+04   8.4670728E+02   0.0000000E+00   0.0000000E+00   0.0000000E+00
     3.3000000E+02   4.5000452E+02   4.5241807E-03   4.4201126E+02   2.1465119E+04   8.4669208E+02   0.0000000E+00   0.0000000E+00   0.0000000E+00
     3.3100000E+02   4.5000369E+02   3.6884593E-03   4.4200751E+02   2.1974672E+04   8.4391199E+02   0.0000000E+00   0.0000000E+00   0.0000000E+00
     3.3200000E+02   4.5000452E+02   4.5280727E-03   4.4200592E+02   1.4903914E+04   8.4670502E+02   0.0000000E+00   0.0000000E+00   0.0000000E+00
     3.3300000E+02   4.5000436E+02   4.3502292E-03   4.4200455E+02   1.3604452E+04   8.4611340E+02   0.0000000E+00   0.0000000E+00   0.0000000E+00
     3.3400000E+02   4.5000443E+02   4.4286326E-03   4.4200415E+02   1.4320127E+04   8.4637427E+02   0.0000000E+00   0.0000000E+00   0.0000000E+00
     3.3500000E+02   4.5000443E+02   4.4302028E-03   4.4200461E+02   1.4370145E+04   8.4637946E+02   0.0000000E+00   0.0000000E+00   0.0000000E+00
     3.3600000E+02   4.5000412E+02   4.1167410E-03   4.4200439E+02   2.0548180E+04   8.4533673E+02   0.0000000E+00   0.0000000E+00   0.0000000E+00
     3.3700000E+02   4.5000427E+02   4.2577870E-03   4.4200244E+02   1.3150660E+04   8.4580591E+02   0.0000000E+00   0.0000000E+00   0.0000000E+00
     3.3800000E+02   4.5000433E+02   4.3399096E-03   4.4200198E+02   2.0010387E+04   8.4607910E+02   0.0000000E+00   0.0000000E+00   0.0000000E+00
     3.3900000E+02   4.5000433E+02   4.3477104E-03   4.4200229E+02   1.3953539E+04   8.4610504E+02   0.0000000E+00   0.0000000E+00   0.0000000E+00
     3.4000000E+02   4.5000433E+02   4.3385630E-03   4.4200284E+02   1.4042058E+04   8.4607465E+02   0.0000000E+00   0.0000000E+00   0.0000000E+00
     3.4100000E+02   4.5000403E+02   4.0365499E-03   4.4200372E+02   2.0063045E+04   8.4506995E+02   0.0000000E+00   0.0000000E+00   0.0000000E+00
     3.4200000E+02   4.5000430E+02   4.3041995E-03   4.4200269E+02   1.9756455E+04   8.4596033E+02   0.0000000E+00   0.0000000E+00   0.0000000E+00
     3.4300000E+02   4.5000418E+02   4.1830577E-03   4.4200186E+02   1.6596035E+04   8.4555731E+02   0.0000000E+00   0.0000000E+00   0.0000000E+00
     3.4400000E+02   4.5000427E+02   4.2655230E-03   4.4200116E+02   1.9408500E+04   8.4583167E+02   0.0000000E+00   0.0000000E+00   0.0000000E+00
     3.4500000E+02   4.5000412E+02   4.1249851E-03   4.4199557E+02   1.6012071E+04   8.4536414E+02   0.0000000E+00   0.0000000E+00   0.0000000E+00
     3.4600000E+02   4.5000418E+02   4.1793971E-03   4.4199338E+02   1.8743232E+04   8.4554517E+02   0.0000000E+00   0.0000000E+00   0.0000000E+00
     3.4700000E+02   4.5000418E+02   4.1750991E-03   4.4199280E+02   1.3166223E+04   8.4553082E+02   0.0000000E+00   0.0000000E+00   0.0000000E+00
     3.4800000E+02   4.5000476E+02   4.7598532E-03   4.4199747E+02   2.3339609E+04   8.4747607E+02   0.0000000E+00   0.0000000E+00   0.0000000E+00
     3.4900000E+02   4.5000464E+02   4.6381936E-03   4.4200113E+02   1.9337023E+04   8.4707135E+02   0.0000000E+00   0.0000000E+00   0.0000000E+00
     3.5000000E+02   4.5000433E+02   4.3359920E-03   4.4200171E+02   1.9966625E+04   8.4606604E+02   0.0000000E+00   0.0000000E+00   0.0000000E+00
     3.5100000E+02   4.5000430E+02   4.3042051E-03   4.4200174E+02   1.9783734E+04   8.4596033E+02   0.0000000E+00   0.0000000E+00   0.0000000E+00
     3.5200000E+02   4.5000424E+02   4.2504878E-03   4.4200156E+02   1.3908771E+04   8.4578162E+02   0.0000000E+00   0.0000000E+00   0.0000000E+00
     3.5300000E+02   4.5000418E+02   4.1718422E-03   4.4200092E+02   1.3567470E+04   8.4552002E+02   0.0000000E+00   0.0000000E+00   0.0000000E+00
     3.5400000E+02   4.5000409E+02   4.0961029E-03   4.4200076E+02   1.5733705E+04   8.4526807E+02   0.0000000E+00   0.0000000E+00   0.0000000E+00
     3.5500000E+02   4.5000467E+02   4.6609873E-03   4.4200153E+02   2.2543691E+04   8.4714716E+02   0.0000000E+00   0.0000000E+00   0.0000000E+00
     3.5600000E+02   4.5000427E+02   4.2644059E-03   4.4200104E+02   1.9445484E+04   8.4582794E+02   0.0000000E+00   0.0000000E+00   0.0000000E+00
     3.5700000E+02   4.5000409E+02   4.0981416E-03   4.4199973E+02   1.8190406E+04   8.4527484E+02   0.0000000E+00   0.0000000E+00   0.0000000E+00
     3.5800000E+02   4.5000409E+02   4.0887701E-03   4.4199930E+02   1.8045834E+04   8.4524365E+02   0.0000000E+00   0.0000000E+00   0.0000000E+00
     3.5900000E+02   4.5000406E+02   4.0588025E-03   4.4199930E+02   1.2708720E+04   8.4514398E+02   0.0000000E+00   0.0000000E+00   0.0000000E+00
     3.6000000E+02   4.5000360E+02   3.5861915E-03   4.4199887E+02   9.7850410E+03   8.4357178E+02   0.0000000E+00   0.0000000E+00   0.0000000E+00
     3.6100000E+02   4.5000323E+02   3.2459423E-03   4.4199600E+02   8.1291074E+03   8.4243994E+02   0.0000000E+00   0.0000000E+00   0.0000000E+00
     3.6200000E+02   4.5000317E+02   3.1760377E-03   4.4198795E+02   8.0684536E+03   8.4220740E+02   0.0000000E+00   0.0000000E+00   0.0000000E+00
     3.6300000E+02   4.5000308E+02   3.0755277E-03   4.4197079E+02   1.1423266E+04   8.4187305E+02   0.0000000E+00   0.0000000E+00   0.0000000E+00
     3.6400000E+02   4.5000299E+02   2.9977115E-03   4.4194012E+02   1.0819062E+04   8.4161420E+02   0.0000000E+00   0.0000000E+00   0.0000000E+00
     3.6500000E+02   4.5000366E+02   3.6547128E-03   4.4193579E+02   1.5030862E+04   8.4379974E+02   0.0000000E+00   0.0000000E+00   0.0000000E+00
     3.6600000E+02   4.5000363E+02   3.6328121E-03   4.4193936E+02   1.2229371E+04   8.4372687E+02   0.0000000E+00   0.0000000E+00   0.0000000E+00
     3.6700000E+02   4.5000323E+02   3.2384600E-03   4.4193893E+02   1.2288968E+04   8.4241504E+02   0.0000000E+00   0.0000000E+00   0.0000000E+00
     3.6800000E+02   4.5000323E+02   3.2427786E-03   4.4193542E+02   1.2337335E+04   8.4242944E+02   0.0000000E+00   0.0000000E+00   0.0000000E+00
     3.6900000E+02   4.5000275E+02   2.7552724E-03   4.4188745E+02   1.1605515E+04   8.4080768E+02   0.0000000E+00   0.0000000E+00   0.0000000E+00
     3.7000000E+02   4.5000363E+02   3.6385427E-03   4.4188687E+02   1.4919332E+04   8.4374597E+02   0.0000000E+00   0.0000000E+00   0.0000000E+00
     3.7100000E+02   4.5000363E+02   3.6188939E-03   4.4189874E+02   1.4782524E+04   8.4368060E+02   0.0000000E+00   0.0000000E+00   0.0000000E+00
     3.7200000E+02   4.5000275E+02   2.7615705E-03   4.4186810E+02   1.2712505E+04   8.4082861E+02   0.0000000E+00   0.0000000E+00   0.0000000E+00
     3.7300000E+02   4.5000317E+02   3.1739776E-03   4.4186310E+02   9.4552646E+03   8.4220056E+02   0.0000000E+00   0.0000000E+00   0.0000000E+00
     3.7400000E+02   4.5000348E+02   3.4699277E-03   4.4187012E+02   1.3784809E+04   8.4318506E+02   0.0000000E+00   0.0000000E+00   0.0000000E+00
     3.7500000E+02   4.5000345E+02   3.4490090E-03   4.4187854E+02   1.3647651E+04   8.4311548E+02   0.0000000E+00   0.0000000E+00   0.0000000E+00
     3.7600000E+02   4.5000293E+02   2.9154567E-03   4.4185931E+02   1.2786745E+04   8.4134058E+02   0.0000000E+00   0.0000000E+00   0.0000000E+00
     3.7700000E+02   4.5000323E+02   3.2406978E-03   4.4185992E+02   1.2302597E+04   8.4242249E+02   0.0000000E+00   0.0000000E+00   0.0000000E+00
     3.7800000E+02   4.5003094E+02   3.0935684E-02   4.4192407E+02   5.2853119E+05   9.3455176E+02   0.0000000E+00   0.0000000E+00   0.0000000E+00
     3.7900000E+02   4.5000684E+02   6.8338709E-03   4.4193668E+02   4.2660336E+04   8.5437543E+02   0.0000000E+00   0.0000000E+00   0.0000000E+00
     3.8000000E+02   4.5000577E+02   5.7530268E-03   4.4195242E+02   3.2018316E+04   8.5077991E+02   0.0000000E+00   0.0000000E+00   0.0000000E+00
     3.8100000E+02   4.5000513E+02   5.1383111E-03   4.4196509E+02   2.6525514E+04   8.4873505E+02   0.0000000E+00   0.0000000E+00   0.0000000E+00
     3.8200000E+02   4.5000424E+02   4.2446251E-03   4.4197485E+02   2.2174205E+04   8.4576215E+02   0.0000000E+00   0.0000000E+00   0.0000000E+00
     3.8300000E+02   4.5000430E+02   4.2954045E-03   4.4198242E+02   1.9678441E+04   8.4593103E+02   0.0000000E+00   0.0000000E+00   0.0000000E+00
     3.8400000E+02   4.5000653E+02   6.5448494E-03   4.4199286E+02   3.9695812E+04   8.5341400E+02   0.0000000E+00   0.0000000E+00   0.0000000E+00
     3.8500000E+02   4.5000467E+02   4.6548401E-03   4.4199768E+02   2.2494486E+04   8.4712671E+02   0.0000000E+00   0.0000000E+00   0.0000000E+00
     3.8600000E+02   4.5000430E+02   4.3172841E-03   4.4200131E+02   1.9840898E+04   8.4600385E+02   0.0000000E+00   0.0000000E+00   0.0000000E+00
     3.8700000E+02   4.5000418E+02   4.1867043E-03   4.4200421E+02   1.8833607E+04   8.4556946E+02   0.0000000E+00   0.0000000E+00   0.0000000E+00
     3.8800000E+02   4.5000394E+02   3.9429157E-03   4.4200525E+02   1.7036846E+04   8.4475848E+02   0.0000000E+00   0.0000000E+00   0.0000000E+00
     3.8900000E+02   4.5000336E+02   3.3676687E-03   4.4200540E+02   1.5814767E+04   8.4284485E+02   0.0000000E+00   0.0000000E+00   0.0000000E+00
     3.9000000E+02   4.5000363E+02   3.6273750E-03   4.4200565E+02   1.2364866E+04   8.4370880E+02   0.0000000E+00   0.0000000E+00   0.0000000E+00
     3.9100000E+02   4.5000351E+02   3.5057238E-03   4.4200546E+02   1.2036078E+04   8.4330414E+02   0.0000000E+00   0.0000000E+00   0.0000000E+00
     3.9200000E+02   4.5000330E+02   3.2814925E-03   4.4200485E+02   1.3911270E+04   8.4255823E+02   0.0000000E+00   0.0000000E+00   0.0000000E+00
     3.9300000E+02   4.5000308E+02   3.0853904E-03   4.4199829E+02   1.2682172E+04   8.4190582E+02   0.0000000E+00   0.0000000E+00   0.0000000E+00
     3.9400000E+02   4.5000348E+02   3.4854200E-03   4.4199234E+02   1.2606424E+04   8.4323657E+02   0.0000000E+00   0.0000000E+00   0.0000000E+00
     3.9500000E+02   4.5000357E+02   3.5564837E-03   4.4198734E+02   1.3129593E+04   8.4347296E+02   0.0000000E+00   0.0000000E+00   0.0000000E+00
     3.9600000E+02   4.5000351E+02   3.5040118E-03   4.4198352E+02   1.2852065E+04   8.4329840E+02   0.0000000E+00   0.0000000E+00   0.0000000E+00
     3.9700000E+02   4.5000345E+02   3.4395761E-03   4.4197998E+02   1.2558812E+04   8.4308405E+02   0.0000000E+00   0.0000000E+00   0.0000000E+00
     3.9800000E+02   4.5000336E+02   3.3507340E-03   4.4197452E+02   1.1774595E+04   8.4278851E+02   0.0000000E+00   0.0000000E+00   0.0000000E+00
     3.9900000E+02   4.5000323E+02   3.2407821E-03   4.4197034E+02   1.2289004E+04   8.4242279E+02   0.0000000E+00   0.0000000E+00   0.0000000E+00
     4.0000000E+02   4.5000339E+02   3.3943001E-03   4.4196240E+02   1.5871585E+04   8.4293347E+02   0.0000000E+00   0.0000000E+00   0.0000000E+00
     4.0100000E+02   4.5000375E+02   3.7671237E-03   4.4196069E+02   1.3238085E+04   8.4417371E+02   0.0000000E+00   0.0000000E+00   0.0000000E+00
     4.0200000E+02   4.5000323E+02   3.2317822E-03   4.4195932E+02   1.2965253E+04   8.4239282E+02   0.0000000E+00   0.0000000E+00   0.0000000E+00
     4.0300000E+02   4.5000293E+02   2.9356231E-03   4.4195078E+02   1.0358101E+04   8.4140765E+02   0.0000000E+00   0.0000000E+00   0.0000000E+00
     4.0400000E+02   4.5000275E+02   2.7398868E-03   4.4191342E+02   9.6504717E+03   8.4075653E+02   0.0000000E+00   0.0000000E+00   0.0000000E+00
     4.0500000E+02   4.5000272E+02   2.7222019E-03   4.4186780E+02   9.0587373E+03   8.4069769E+02   0.0000000E+00   0.0000000E+00   0.0000000E+00
     4.0600000E+02   4.5000256E+02   2.5676643E-03   4.4181818E+02   8.2760537E+03   8.4018359E+02   0.0000000E+00   0.0000000E+00   0.0000000E+00
     4.0700000E+02   4.5000244E+02   2.4333396E-03   4.4173959E+02   8.3187959E+03   8.3973676E+02   0.0000000E+00   0.0000000E+00   0.0000000E+00
     4.0800000E+02   4.5000259E+02   2.5808080E-03   4.4169022E+02   8.5346768E+03   8.4022729E+02   0.0000000E+00   0.0000000E+00   0.0000000E+00
     4.0900000E+02   4.5000296E+02   2.9657194E-03   4.4166776E+02   1.0479145E+04   8.4150775E+02   0.0000000E+00   0.0000000E+00   0.0000000E+00
     4.1000000E+02   4.5000281E+02   2.8200676E-03   4.4165964E+02   8.7886328E+03   8.4102325E+02   0.0000000E+00   0.0000000E+00   0.0000000E+00
     4.1100000E+02   4.5000269E+02   2.6997125E-03   4.4163358E+02   9.0154766E+03   8.4062286E+02   0.0000000E+00   0.0000000E+00   0.0000000E+00
     4.1200000E+02   4.5000256E+02   2.5740564E-03   4.4158484E+02   7.9002803E+03   8.4020483E+02   0.0000000E+00   0.0000000E+00   0.0000000E+00
     4.1300000E+02   4.5000256E+02   2.5591287E-03   4.4154910E+02   8.2938496E+03   8.4015521E+02   0.0000000E+00   0.0000000E+00   0.0000000E+00
     4.1400000E+02   4.5000214E+02   2.1427406E-03   4.4150690E+02   6.2358984E+03   8.3877008E+02   0.0000000E+00   0.0000000E+00   0.0000000E+00
     4.1500000E+02   4.5000235E+02   2.3387927E-03   4.4144110E+02   4.6974116E+03   8.3942224E+02   0.0000000E+00   0.0000000E+00   0.0000000E+00
     4.1600000E+02   4.5000339E+02   3.3754327E-03   4.4147165E+02   1.3183198E+04   8.4287073E+02   0.0000000E+00   0.0000000E+00   0.0000000E+00
     4.1700000E+02   4.5000278E+02   2.7721161E-03   4.4148129E+02   9.5868682E+03   8.4086371E+02   0.0000000E+00   0.0000000E+00   0.0000000E+00
     4.1800000E+02   4.5000293E+02   2.9211300E-03   4.4148840E+02   1.0365874E+04   8.4135944E+02   0.0000000E+00   0.0000000E+00   0.0000000E+00
     4.1900000E+02   4.5000262E+02   2.6134162E-03   4.4146689E+02   8.5465752E+03   8.4033582E+02   0.0000000E+00   0.0000000E+00   0.0000000E+00
     4.2000000E+02   4.5000247E+02   2.4588904E-03   4.4143597E+02   7.9697158E+03   8.3982178E+02   0.0000000E+00   0.0000000E+00   0.0000000E+00
     4.2100000E+02   4.5000253E+02   2.5277322E-03   4.4139645E+02   8.3153408E+03   8.4005078E+02   0.0000000E+00   0.0000000E+00   0.0000000E+00
     4.2200000E+02   4.5000244E+02   2.4466494E-03   4.4136148E+02   7.8617251E+03   8.3978101E+02   0.0000000E+00   0.0000000E+00   0.0000000E+00
     4.2300000E+02   4.5000296E+02   2.9700550E-03   4.4136633E+02   1.1168946E+04   8.4152216E+02   0.0000000E+00   0.0000000E+00   0.0000000E+00
     4.2400000E+02   4.5000262E+02   2.6271124E-03   4.4136673E+02   8.7167168E+03   8.4038135E+02   0.0000000E+00   0.0000000E+00   0.0000000E+00
     4.2500000E+02   4.5000250E+02   2.5010223E-03   4.4134039E+02   8.0674673E+03   8.3996191E+02   0.0000000E+00   0.0000000E+00   0.0000000E+00
     4.2600000E+02   4.5000259E+02   2.5880253E-03   4.4131122E+02   8.3168203E+03   8.4025134E+02   0.0000000E+00   0.0000000E+00   0.0000000E+00
     4.2700000E+02   4.5000266E+02   2.6647330E-03   4.4128455E+02   8.9425674E+03   8.4050653E+02   0.0000000E+00   0.0000000E+00   0.0000000E+00
     4.2800000E+02   4.5000259E+02   2.5848239E-03   4.4125711E+02   8.4013135E+03   8.4024066E+02   0.0000000E+00   0.0000000E+00   0.0000000E+00
     4.2900000E+02   4.5000253E+02   2.5447828E-03   4.4123087E+02   7.3294873E+03   8.4010748E+02   0.0000000E+00   0.0000000E+00   0.0000000E+00
     4.3000000E+02   4.5000235E+02   2.3358762E-03   4.4118790E+02   7.0995181E+03   8.3941254E+02   0.0000000E+00   0.0000000E+00   0.0000000E+00
     4.3100000E+02   4.5000235E+02   2.3621905E-03   4.4115115E+02   7.2221328E+03   8.3950006E+02   0.0000000E+00   0.0000000E+00   0.0000000E+00
     4.3200000E+02   4.5000363E+02   3.6271049E-03   4.4121912E+02   1.4841399E+04   8.4370789E+02   0.0000000E+00   0.0000000E+00   0.0000000E+00
     4.3300000E+02   4.5000305E+02   3.0667735E-03   4.4128427E+02   1.1202966E+04   8.4184393E+02   0.0000000E+00   0.0000000E+00   0.0000000E+00
     4.3400000E+02   4.5000272E+02   2.7276571E-03   4.4129745E+02   9.2286699E+03   8.4071582E+02   0.0000000E+00   0.0000000E+00   0.0000000E+00
     4.3500000E+02   4.5000284E+02   2.8313545E-03   4.4130670E+02   9.8217695E+03   8.4106079E+02   0.0000000E+00   0.0000000E+00   0.0000000E+00
     4.3600000E+02   4.5001147E+02   1.1463280E-02   4.4139334E+02   1.0102921E+05   8.6977545E+02   0.0000000E+00   0.0000000E+00   0.0000000E+00
     4.3700000E+02   4.5000684E+02   6.8331612E-03   4.4148035E+02   4.2652887E+04   8.5437305E+02   0.0000000E+00   0.0000000E+00   0.0000000E+00
     4.3800000E+02   4.5003168E+02   3.1667117E-02   4.4160721E+02   5.4952225E+05   9.3698492E+02   0.0000000E+00   0.0000000E+00   0.0000000E+00
     4.3900000E+02   4.5000891E+02   8.9084115E-03   4.4166937E+02   6.6362492E+04   8.6127655E+02   0.0000000E+00   0.0000000E+00   0.0000000E+00
     4.4000000E+02   4.5000684E+02   6.8257055E-03   4.4172052E+02   4.2575371E+04   8.5434827E+02   0.0000000E+00   0.0000000E+00   0.0000000E+00
     4.4100000E+02   4.5000665E+02   6.6390121E-03   4.4176144E+02   4.0658781E+04   8.5372723E+02   0.0000000E+00   0.0000000E+00   0.0000000E+00
     4.4200000E+02   4.5000549E+02   5.4973112E-03   4.4179333E+02   2.9682318E+04   8.4992926E+02   0.0000000E+00   0.0000000E+00   0.0000000E+00
     4.4300000E+02   4.5000525E+02   5.2406588E-03   4.4182031E+02   2.7442729E+04   8.4907550E+02   0.0000000E+00   0.0000000E+00   0.0000000E+00
     4.4400000E+02   4.5000473E+02   4.7410959E-03   4.4184283E+02   2.3240957E+04   8.4741370E+02   0.0000000E+00   0.0000000E+00   0.0000000E+00
     4.4500000E+02   4.5000446E+02   4.4603422E-03   4.4186157E+02   2.1023502E+04   8.4647974E+02   0.0000000E+00   0.0000000E+00   0.0000000E+00
     4.4600000E+02   4.5000446E+02   4.4412641E-03   4.4187750E+02   2.0933744E+04   8.4641626E+02   0.0000000E+00   0.0000000E+00   0.0000000E+00
     4.4700000E+02   4.5000641E+02   6.4217420E-03   4.4190393E+02   3.8571289E+04   8.5300446E+02   0.0000000E+00   0.0000000E+00   0.0000000E+00
     4.4800000E+02   4.5000464E+02   4.6446915E-03   4.4192172E+02   2.2410131E+04   8.4709296E+02   0.0000000E+00   0.0000000E+00   0.0000000E+00
     4.4900000E+02   4.5000467E+02   4.6745115E-03   4.4193698E+02   2.2759363E+04   8.4719220E+02   0.0000000E+00   0.0000000E+00   0.0000000E+00
     4.5000000E+02   4.5000461E+02   4.5955502E-03   4.4194983E+02   2.2106504E+04   8.4692950E+02   0.0000000E+00   0.0000000E+00   0.0000000E+00
     4.5100000E+02   4.5000449E+02   4.4898381E-03   4.4196573E+02   2.1274422E+04   8.4657782E+02   0.0000000E+00   0.0000000E+00   0.0000000E+00
     4.5200000E+02   4.5000830E+02   8.3141439E-03   4.4199048E+02   5.9149234E+04   8.5929968E+02   0.0000000E+00   0.0000000E+00   0.0000000E+00
     4.5300000E+02   4.5000507E+02   5.0617512E-03   4.4201224E+02   2.5866295E+04   8.4848035E+02   0.0000000E+00   0.0000000E+00   0.0000000E+00
     4.5400000E+02   4.5000613E+02   6.1300709E-03   4.4204086E+02   3.5609562E+04   8.5203418E+02   0.0000000E+00   0.0000000E+00   0.0000000E+00
     4.5500000E+02   4.5000613E+02   6.1228946E-03   4.4206659E+02   3.1771494E+04   8.5201031E+02   0.0000000E+00   0.0000000E+00   0.0000000E+00
     4.5600000E+02   4.5000580E+02   5.8071017E-03   4.4209116E+02   3.2093377E+04   8.5095984E+02   0.0000000E+00   0.0000000E+00   0.0000000E+00
     4.5700000E+02   4.5000504E+02   5.0273975E-03   4.4211127E+02   2.7468998E+04   8.4836609E+02   0.0000000E+00   0.0000000E+00   0.0000000E+00
     4.5800000E+02   4.5000525E+02   5.2359230E-03   4.4212680E+02   2.4509668E+04   8.4905975E+02   0.0000000E+00   0.0000000E+00   0.0000000E+00
     4.5900000E+02   4.5000516E+02   5.1670531E-03   4.4213837E+02   2.6825359E+04   8.4883063E+02   0.0000000E+00   0.0000000E+00   0.0000000E+00
     4.6000000E+02   4.5000510E+02   5.1109036E-03   4.4215173E+02   2.6304430E+04   8.4864386E+02   0.0000000E+00   0.0000000E+00   0.0000000E+00
     4.6100000E+02   4.5000497E+02   4.9708388E-03   4.4216592E+02   2.5109338E+04   8.4817792E+02   0.0000000E+00   0.0000000E+00   0.0000000E+00
     4.6200000E+02   4.5000482E+02   4.8369579E-03   4.4217825E+02   2.4014201E+04   8.4773254E+02   0.0000000E+00   0.0000000E+00   0.0000000E+00
     4.6300000E+02   4.5000485E+02   4.8383302E-03   4.4218726E+02   2.4002986E+04   8.4773712E+02   0.0000000E+00   0.0000000E+00   0.0000000E+00
     4.6400000E+02   4.5000491E+02   4.8994711E-03   4.4219962E+02   2.2912375E+04   8.4794049E+02   0.0000000E+00   0.0000000E+00   0.0000000E+00
     4.6500000E+02   4.5000461E+02   4.6091573E-03   4.4221555E+02   2.3907533E+04   8.4697479E+02   0.0000000E+00   0.0000000E+00   0.0000000E+00
     4.6600000E+02   4.5000473E+02   4.7329268E-03   4.4222699E+02   2.1149035E+04   8.4738647E+02   0.0000000E+00   0.0000000E+00   0.0000000E+00
     4.6700000E+02   4.5000470E+02   4.7124354E-03   4.4223233E+02   2.2985328E+04   8.4731830E+02   0.0000000E+00   0.0000000E+00   0.0000000E+00
     4.6800000E+02   4.5000812E+02   8.1264116E-03   4.4224432E+02   5.6940168E+04   8.5867517E+02   0.0000000E+00   0.0000000E+00   0.0000000E+00
     4.6900000E+02   4.5002255E+02   2.2562278E-02   4.4227869E+02   3.1232681E+05   9.0669708E+02   0.0000000E+00   0.0000000E+00   0.0000000E+00
     4.7000000E+02   4.5000745E+02   7.4445498E-03   4.4227606E+02   4.9201672E+04   8.5640692E+02   0.0000000E+00   0.0000000E+00   0.0000000E+00
     4.7100000E+02   4.5000656E+02   6.5651694E-03   4.4227408E+02   3.9901445E+04   8.5348157E+02   0.0000000E+00   0.0000000E+00   0.0000000E+00
     4.7200000E+02   4.5000601E+02   6.0127559E-03   4.4227078E+02   3.4480270E+04   8.5164392E+02   0.0000000E+00   0.0000000E+00   0.0000000E+00
     4.7300000E+02   4.5000589E+02   5.8885263E-03   4.4227451E+02   2.8415494E+04   8.5123065E+02   0.0000000E+00   0.0000000E+00   0.0000000E+00
     4.7400000E+02   4.5000610E+02   6.0991421E-03   4.4227777E+02   3.4581309E+04   8.5193127E+02   0.0000000E+00   0.0000000E+00   0.0000000E+00
     4.7500000E+02   4.5010083E+02   1.0081875E-01   4.4245758E+02   3.7862260E+06   1.1670226E+03   0.0000000E+00   0.0000000E+00   0.0000000E+00
     4.7600000E+02   4.5016989E+02   1.6989897E-01   4.4276376E+02   9.0355960E+06   1.3968226E+03   0.0000000E+00   0.0000000E+00   0.0000000E+00
     4.7700000E+02   4.5014633E+02   1.4631839E-01   4.4310559E+02   7.0437240E+06   1.3183802E+03   0.0000000E+00   0.0000000E+00   0.0000000E+00
     4.7800000E+02   4.5009314E+02   9.3126446E-02   4.4356165E+02   3.3170002E+06   1.1414336E+03   0.0000000E+00   0.0000000E+00   0.0000000E+00
     4.7900000E+02   4.5011700E+02   1.1700878E-01   4.4413287E+02   4.8529070E+06   1.2208798E+03   0.0000000E+00   0.0000000E+00   0.0000000E+00
     4.8000000E+02   4.5015790E+02   1.5791191E-01   4.4470950E+02   7.9982670E+06   1.3569469E+03   0.0000000E+00   0.0000000E+00   0.0000000E+00
     4.8100000E+02   4.5011642E+02   1.1641465E-01   4.4503571E+02   4.8119060E+06   1.2189034E+03   0.0000000E+00   0.0000000E+00   0.0000000E+00
     4.8200000E+02   4.5010104E+02   1.0105876E-01   4.4524582E+02   3.8012622E+06   1.1678209E+03   0.0000000E+00   0.0000000E+00   0.0000000E+00
     4.8300000E+02   4.5010849E+02   1.0847587E-01   4.4544681E+02   4.2775315E+06   1.1924945E+03   0.0000000E+00   0.0000000E+00   0.0000000E+00
     4.8400000E+02   4.5010486E+02   1.0486283E-01   4.4549847E+02   4.0427440E+06   1.1804755E+03   0.0000000E+00   0.0000000E+00   0.0000000E+00
     4.8500000E+02   4.5008286E+02   8.2859181E-02   4.4549820E+02   2.7302700E+06   1.1072788E+03   0.0000000E+00   0.0000000E+00   0.0000000E+00
     4.8600000E+02   4.5008096E+02   8.0971003E-02   4.4548550E+02   2.6273638E+06   1.1009977E+03   0.0000000E+00   0.0000000E+00   0.0000000E+00
     4.8700000E+02   4.5007626E+02   7.6257497E-02   4.4544403E+02   2.3774555E+06   1.0853179E+03   0.0000000E+00   0.0000000E+00   0.0000000E+00
     4.8800000E+02   4.5007129E+02   7.1302377E-02   4.4537845E+02   2.1255815E+06   1.0688344E+03   0.0000000E+00   0.0000000E+00   0.0000000E+00
     4.8900000E+02   4.5006503E+02   6.5038577E-02   4.4528085E+02   1.8235715E+06   1.0479973E+03   0.0000000E+00   0.0000000E+00   0.0000000E+00
     4.9000000E+02   4.5006436E+02   6.4357191E-02   4.4519171E+02   1.7918490E+06   1.0457307E+03   0.0000000E+00   0.0000000E+00   0.0000000E+00
     4.9100000E+02   4.5006091E+02   6.0898736E-02   4.4509567E+02   1.6342489E+06   1.0342260E+03   0.0000000E+00   0.0000000E+00   0.0000000E+00
     4.9200000E+02   4.5006650E+02   6.6507086E-02   4.4501129E+02   1.8927468E+06   1.0528824E+03   0.0000000E+00   0.0000000E+00   0.0000000E+00
     4.9300000E+02   4.5007309E+02   7.3079474E-02   4.4495721E+02   2.2146072E+06   1.0747460E+03   0.0000000E+00   0.0000000E+00   0.0000000E+00
     4.9400000E+02   4.5007428E+02   7.4288450E-02   4.4495642E+02   2.2760052E+06   1.0787677E+03   0.0000000E+00   0.0000000E+00   0.0000000E+00
     4.9500000E+02   4.5007562E+02   7.5629935E-02   4.4494012E+02   2.3449160E+06   1.0832302E+03   0.0000000E+00   0.0000000E+00   0.0000000E+00
     4.9600000E+02   4.5007996E+02   7.9969510E-02   4.4491916E+02   2.5734265E+06   1.0976661E+03   0.0000000E+00   0.0000000E+00   0.0000000E+00
     4.9700000E+02   4.5007468E+02   7.4675269E-02   4.4491904E+02   2.2957915E+06   1.0800544E+03   0.0000000E+00   0.0000000E+00   0.0000000E+00
     4.9800000E+02   4.5007150E+02   7.1501009E-02   4.4492163E+02   2.1354598E+06   1.0694951E+03   0.0000000E+00   0.0000000E+00   0.0000000E+00
     4.9900000E+02   4.5006720E+02   6.7213081E-02   4.4489697E+02   1.9263154E+06   1.0552310E+03   0.0000000E+00   0.0000000E+00   0.0000000E+00
     5.0000000E+02   4.5006512E+02   6.5121457E-02   4.4487250E+02   1.8274488E+06   1.0482731E+03   0.0000000E+00   0.0000000E+00   0.0000000E+00
     5.0100000E+02   4.5006314E+02   6.3147254E-02   4.4483768E+02   1.7360485E+06   1.0417058E+03   0.0000000E+00   0.0000000E+00   0.0000000E+00
     5.0200000E+02   4.5006116E+02   6.1159953E-02   4.4477618E+02   1.6459498E+06   1.0350948E+03   0.0000000E+00   0.0000000E+00   0.0000000E+00
     5.0300000E+02   4.5006036E+02   6.0372792E-02   4.4471777E+02   1.6107968E+06   1.0324763E+03   0.0000000E+00   0.0000000E+00   0.0000000E+00
     5.0400000E+02   4.5006146E+02   6.1475296E-02   4.4464584E+02   1.6601178E+06   1.0361439E+03   0.0000000E+00   0.0000000E+00   0.0000000E+00
     5.0500000E+02   4.5006061E+02   6.0595512E-02   4.4457922E+02   1.6207249E+06   1.0332172E+03   0.0000000E+00   0.0000000E+00   0.0000000E+00
     5.0600000E+02   4.5005789E+02   5.7894804E-02   4.4448776E+02   1.5021168E+06   1.0242332E+03   0.0000000E+00   0.0000000E+00   0.0000000E+00
     5.0700000E+02   4.5005484E+02   5.4827876E-02   4.4439581E+02   1.3718505E+06   1.0140308E+03   0.0000000E+00   0.0000000E+00   0.0000000E+00
     5.0800000E+02   4.5005466E+02   5.4647695E-02   4.4431714E+02   1.3643510E+06   1.0134314E+03   0.0000000E+00   0.0000000E+00   0.0000000E+00
     5.0900000E+02   4.5005789E+02   5.7898119E-02   4.4423407E+02   1.5022615E+06   1.0242441E+03   0.0000000E+00   0.0000000E+00   0.0000000E+00
     5.1000000E+02   4.5005838E+02   5.8378622E-02   4.4415930E+02   1.5230966E+06   1.0258425E+03   0.0000000E+00   0.0000000E+00   0.0000000E+00
     5.1100000E+02   4.5014468E+02   1.4469174E-01   4.4424622E+02   6.9137040E+06   1.3129691E+03   0.0000000E+00   0.0000000E+00   0.0000000E+00
     5.1200000E+02   4.5020383E+02   2.0383400E-01   4.4440338E+02   1.2239551E+07   1.5097098E+03   0.0000000E+00   0.0000000E+00   0.0000000E+00
     5.1300000E+02   4.5015405E+02   1.5406018E-01   4.4443088E+02   7.6757670E+06   1.3441338E+03   0.0000000E+00   0.0000000E+00   0.0000000E+00
     5.1400000E+02   4.5023181E+02   2.3181833E-01   4.4460205E+02   1.5166449E+07   1.6028016E+03   0.0000000E+00   0.0000000E+00   0.0000000E+00
     5.1500000E+02   4.5022818E+02   2.2818454E-01   4.4477002E+02   1.4772106E+07   1.5907135E+03   0.0000000E+00   0.0000000E+00   0.0000000E+00
     5.1600000E+02   4.5015372E+02   1.5371668E-01   4.4483249E+02   7.6472640E+06   1.3429912E+03   0.0000000E+00   0.0000000E+00   0.0000000E+00
     5.1700000E+02   4.5012363E+02   1.2363433E-01   4.4482388E+02   5.3194895E+06   1.2429202E+03   0.0000000E+00   0.0000000E+00   0.0000000E+00
     5.1800000E+02   4.5020160E+02   2.0160539E-01   4.4496677E+02   1.2017330E+07   1.5022963E+03   0.0000000E+00   0.0000000E+00   0.0000000E+00
     5.1900000E+02   4.5025577E+02   2.5577810E-01   4.4538144E+02   1.7868030E+07   1.6825054E+03   0.0000000E+00   0.0000000E+00   0.0000000E+00
     5.2000000E+02   4.5020319E+02   2.0318133E-01   4.4570624E+02   1.2174302E+07   1.5075387E+03   0.0000000E+00   0.0000000E+00   0.0000000E+00
     5.2100000E+02   4.5015277E+02   1.5276018E-01   4.4587671E+02   7.5681195E+06   1.3398092E+03   0.0000000E+00   0.0000000E+00   0.0000000E+00
     5.2200000E+02   4.5012817E+02   1.2816925E-01   4.4599167E+02   5.6486435E+06   1.2580059E+03   0.0000000E+00   0.0000000E+00   0.0000000E+00
     5.2300000E+02   4.5011441E+02   1.1442409E-01   4.4602295E+02   4.6755870E+06   1.2122816E+03   0.0000000E+00   0.0000000E+00   0.0000000E+00
     5.2400000E+02   4.5011505E+02   1.1505978E-01   4.4601639E+02   4.7189225E+06   1.2143964E+03   0.0000000E+00   0.0000000E+00   0.0000000E+00
     5.2500000E+02   4.5011957E+02   1.1957849E-01   4.4600079E+02   5.0318320E+06   1.2294281E+03   0.0000000E+00   0.0000000E+00   0.0000000E+00
     5.2600000E+02   4.5011087E+02   1.1085591E-01   4.4599911E+02   4.4352765E+06   1.2004119E+03   0.0000000E+00   0.0000000E+00   0.0000000E+00
     5.2700000E+02   4.5011148E+02   1.1148132E-01   4.4597208E+02   4.4786630E+06   1.2024923E+03   0.0000000E+00   0.0000000E+00   0.0000000E+00
     5.2800000E+02   4.5016364E+02   1.6363601E-01   4.4601166E+02   8.4876840E+06   1.3759885E+03   0.0000000E+00   0.0000000E+00   0.0000000E+00
     5.2900000E+02   4.5015292E+02   1.5292057E-01   4.4609753E+02   7.5813940E+06   1.3403429E+03   0.0000000E+00   0.0000000E+00   0.0000000E+00
     5.3000000E+02   4.5012399E+02   1.2399629E-01   4.4606555E+02   5.3454650E+06   1.2441241E+03   0.0000000E+00   0.0000000E+00   0.0000000E+00
     5.3100000E+02   4.5011255E+02   1.1256385E-01   4.4603445E+02   4.5495605E+06   1.2060934E+03   0.0000000E+00   0.0000000E+00   0.0000000E+00
     5.3200000E+02   4.5010349E+02   1.0348376E-01   4.4598978E+02   3.9545080E+06   1.1758879E+03   0.0000000E+00   0.0000000E+00   0.0000000E+00
     5.3300000E+02   4.5009799E+02   9.7997114E-02   4.4592670E+02   3.6113020E+06   1.1576362E+03   0.0000000E+00   0.0000000E+00   0.0000000E+00
     5.3400000E+02   4.5009338E+02   9.3380161E-02   4.4583081E+02   3.3321845E+06   1.1422776E+03   0.0000000E+00   0.0000000E+00   0.0000000E+00
     5.3500000E+02   4.5008887E+02   8.8878341E-02   4.4572174E+02   3.0687695E+06   1.1273020E+03   0.0000000E+00   0.0000000E+00   0.0000000E+00
     5.3600000E+02   4.5008566E+02   8.5664630E-02   4.4558896E+02   2.8860705E+06   1.1166113E+03   0.0000000E+00   0.0000000E+00   0.0000000E+00
     5.3700000E+02   4.5008243E+02   8.2421243E-02   4.4545639E+02   2.7062610E+06   1.1058220E+03   0.0000000E+00   0.0000000E+00   0.0000000E+00
     5.3800000E+02   4.5008029E+02   8.0284804E-02   4.4531149E+02   2.5903592E+06   1.0987150E+03   0.0000000E+00   0.0000000E+00   0.0000000E+00
     5.3900000E+02   4.5007825E+02   7.8243077E-02   4.4516122E+02   2.4815018E+06   1.0919231E+03   0.0000000E+00   0.0000000E+00   0.0000000E+00
     5.4000000E+02   4.5007581E+02   7.5792775E-02   4.4500748E+02   2.3533368E+06   1.0837720E+03   0.0000000E+00   0.0000000E+00   0.0000000E+00
     5.4100000E+02   4.5007303E+02   7.3028229E-02   4.4487177E+02   2.2120198E+06   1.0745754E+03   0.0000000E+00   0.0000000E+00   0.0000000E+00
     5.4200000E+02   4.5007129E+02   7.1279526E-02   4.4472800E+02   2.1244510E+06   1.0687583E+03   0.0000000E+00   0.0000000E+00   0.0000000E+00
     5.4300000E+02   4.5006976E+02   6.9776237E-02   4.4459937E+02   2.0502979E+06   1.0637576E+03   0.0000000E+00   0.0000000E+00   0.0000000E+00
     5.4400000E+02   4.5006778E+02   6.7769475E-02   4.4447601E+02   1.9529656E+06   1.0570819E+03   0.0000000E+00   0.0000000E+00   0.0000000E+00
     5.4500000E+02   4.5006851E+02   6.8521813E-02   4.4436115E+02   1.9892342E+06   1.0595846E+03   0.0000000E+00   0.0000000E+00   0.0000000E+00
     5.4600000E+02   4.5007452E+02   7.4537955E-02   4.4426608E+02   2.2887595E+06   1.0795977E+03   0.0000000E+00   0.0000000E+00   0.0000000E+00
     5.4700000E+02   4.5007227E+02   7.2279491E-02   4.4417807E+02   2.1743505E+06   1.0720847E+03   0.0000000E+00   0.0000000E+00   0.0000000E+00
     5.4800000E+02   4.5006918E+02   6.9184184E-02   4.4408298E+02   2.0213852E+06   1.0617880E+03   0.0000000E+00   0.0000000E+00   0.0000000E+00
     5.4900000E+02   4.5006976E+02   6.9772653E-02   4.4400299E+02   2.0497031E+06   1.0637456E+03   0.0000000E+00   0.0000000E+00   0.0000000E+00
     5.5000000E+02   4.5006894E+02   6.8929225E-02   4.4392877E+02   2.0089855E+06   1.0609398E+03   0.0000000E+00   0.0000000E+00   0.0000000E+00
     5.5100000E+02   4.5014886E+02   1.4886655E-01   4.4400507E+02   7.2493590E+06   1.3268568E+03   0.0000000E+00   0.0000000E+00   0.0000000E+00
     5.5200000E+02   4.5017273E+02   1.7272308E-01   4.4410501E+02   9.2872770E+06   1.4062173E+03   0.0000000E+00   0.0000000E+00   0.0000000E+00
     5.5300000E+02   4.5010837E+02   1.0835306E-01   4.4406027E+02   4.2694605E+06   1.1920859E+03   0.0000000E+00   0.0000000E+00   0.0000000E+00
     5.5400000E+02   4.5009027E+02   9.0273209E-02   4.4402078E+02   3.1494582E+06   1.1319421E+03   0.0000000E+00   0.0000000E+00   0.0000000E+00
     5.5500000E+02   4.5008273E+02   8.2723416E-02   4.4398447E+02   2.7228182E+06   1.1068271E+03   0.0000000E+00   0.0000000E+00   0.0000000E+00
     5.5600000E+02   4.5007730E+02   7.7294663E-02   4.4395853E+02   2.4315705E+06   1.0887681E+03   0.0000000E+00   0.0000000E+00   0.0000000E+00
     5.5700000E+02   4.5007516E+02   7.5157613E-02   4.4394482E+02   2.3205595E+06   1.0816591E+03   0.0000000E+00   0.0000000E+00   0.0000000E+00
     5.5800000E+02   4.5015680E+02   1.5678993E-01   4.4411569E+02   7.9037895E+06   1.3532145E+03   0.0000000E+00   0.0000000E+00   0.0000000E+00
     5.5900000E+02   4.5023447E+02   2.3447497E-01   4.4439926E+02   1.5457237E+07   1.6116392E+03   0.0000000E+00   0.0000000E+00   0.0000000E+00
     5.6000000E+02   4.5016418E+02   1.6417766E-01   4.4460776E+02   8.5341670E+06   1.3777903E+03   0.0000000E+00   0.0000000E+00   0.0000000E+00
     5.6100000E+02   4.5012531E+02   1.2531602E-01   4.4477637E+02   5.4406240E+06   1.2485144E+03   0.0000000E+00   0.0000000E+00   0.0000000E+00
     5.6200000E+02   4.5010928E+02   1.0929035E-01   4.4490411E+02   4.3311920E+06   1.1952040E+03   0.0000000E+00   0.0000000E+00   0.0000000E+00
     5.6300000E+02   4.5009921E+02   9.9223919E-02   4.4500552E+02   3.6868875E+06   1.1617173E+03   0.0000000E+00   0.0000000E+00   0.0000000E+00
     5.6400000E+02   4.5009222E+02   9.2219710E-02   4.4505725E+02   3.2634528E+06   1.1384172E+03   0.0000000E+00   0.0000000E+00   0.0000000E+00
     5.6500000E+02   4.5008691E+02   8.6899467E-02   4.4505902E+02   2.9556868E+06   1.1207191E+03   0.0000000E+00   0.0000000E+00   0.0000000E+00
     5.6600000E+02   4.5009143E+02   9.1421895E-02   4.4503674E+02   3.2165338E+06   1.1357633E+03   0.0000000E+00   0.0000000E+00   0.0000000E+00
     5.6700000E+02   4.5009912E+02   9.9122435E-02   4.4500491E+02   3.6806500E+06   1.1613796E+03   0.0000000E+00   0.0000000E+00   0.0000000E+00
     5.6800000E+02   4.5010928E+02   1.0928237E-01   4.4497672E+02   4.3306710E+06   1.1951774E+03   0.0000000E+00   0.0000000E+00   0.0000000E+00
     5.6900000E+02   4.5010052E+02   1.0051354E-01   4.4492203E+02   3.7671420E+06   1.1660072E+03   0.0000000E+00   0.0000000E+00   0.0000000E+00
     5.7000000E+02   4.5008957E+02   8.9570016E-02   4.4483997E+02   3.1086758E+06   1.1296029E+03   0.0000000E+00   0.0000000E+00   0.0000000E+00
     5.7100000E+02   4.5008414E+02   8.4149852E-02   4.4478021E+02   2.8015988E+06   1.1115724E+03   0.0000000E+00   0.0000000E+00   0.0000000E+00
     5.7200000E+02   4.5007895E+02   7.8934900E-02   4.4473050E+02   2.5181768E+06   1.0942245E+03   0.0000000E+00   0.0000000E+00   0.0000000E+00
     5.7300000E+02   4.5007471E+02   7.4713349E-02   4.4469406E+02   2.2977428E+06   1.0801812E+03   0.0000000E+00   0.0000000E+00   0.0000000E+00
     5.7400000E+02   4.5008353E+02   8.3535694E-02   4.4464423E+02   2.7675228E+06   1.1095293E+03   0.0000000E+00   0.0000000E+00   0.0000000E+00
     5.7500000E+02   4.5008020E+02   8.0203809E-02   4.4457278E+02   2.5860052E+06   1.0984456E+03   0.0000000E+00   0.0000000E+00   0.0000000E+00
     5.7600000E+02   4.5007562E+02   7.5607792E-02   4.4450903E+02   2.3437720E+06   1.0831566E+03   0.0000000E+00   0.0000000E+00   0.0000000E+00
     5.7700000E+02   4.5007144E+02   7.1437865E-02   4.4442316E+02   2.1323172E+06   1.0692850E+03   0.0000000E+00   0.0000000E+00   0.0000000E+00
     5.7800000E+02   4.5006815E+02   6.8144456E-02   4.4433371E+02   1.9710090E+06   1.0583293E+03   0.0000000E+00   0.0000000E+00   0.0000000E+00
     5.7900000E+02   4.5006415E+02   6.4140894E-02   4.4426678E+02   1.7818154E+06   1.0450111E+03   0.0000000E+00   0.0000000E+00   0.0000000E+00
     5.8000000E+02   4.5006155E+02   6.1561875E-02   4.4419717E+02   1.6640159E+06   1.0364319E+03   0.0000000E+00   0.0000000E+00   0.0000000E+00
     5.8100000E+02   4.5005966E+02   5.9667993E-02   4.4413867E+02   1.5795745E+06   1.0301317E+03   0.0000000E+00   0.0000000E+00   0.0000000E+00
     5.8200000E+02   4.5005856E+02   5.8576960E-02   4.4409146E+02   1.5317742E+06   1.0265023E+03   0.0000000E+00   0.0000000E+00   0.0000000E+00
     5.8300000E+02   4.5005670E+02   5.6702454E-02   4.4402960E+02   1.4509110E+06   1.0202667E+03   0.0000000E+00   0.0000000E+00   0.0000000E+00
     5.8400000E+02   4.5005579E+02   5.5793941E-02   4.4396497E+02   1.4123760E+06   1.0172444E+03   0.0000000E+00   0.0000000E+00   0.0000000E+00
     5.8500000E+02   4.5005478E+02   5.4794073E-02   4.4389798E+02   1.3704320E+06   1.0139183E+03   0.0000000E+00   0.0000000E+00   0.0000000E+00
     5.8600000E+02   4.5005521E+02   5.5200167E-02   4.4383716E+02   1.3874106E+06   1.0152692E+03   0.0000000E+00   0.0000000E+00   0.0000000E+00
     5.8700000E+02   4.5006326E+02   6.3265257E-02   4.4378461E+02   1.7414660E+06   1.0420983E+03   0.0000000E+00   0.0000000E+00   0.0000000E+00
     5.8800000E+02   4.5005920E+02   5.9218273E-02   4.4372687E+02   1.5597821E+06   1.0286357E+03   0.0000000E+00   0.0000000E+00   0.0000000E+00
     5.8900000E+02   4.5005511E+02   5.5115726E-02   4.4367010E+02   1.3838752E+06   1.0149883E+03   0.0000000E+00   0.0000000E+00   0.0000000E+00
     5.9000000E+02   4.5005267E+02   5.2658778E-02   4.4360596E+02   1.2825986E+06   1.0068151E+03   0.0000000E+00   0.0000000E+00   0.0000000E+00
     5.9100000E+02   4.5005099E+02   5.1008515E-02   4.4354712E+02   1.2163042E+06   1.0013254E+03   0.0000000E+00   0.0000000E+00   0.0000000E+00
     5.9200000E+02   4.5004959E+02   4.9598694E-02   4.4349319E+02   1.1607931E+06   9.9663556E+02   0.0000000E+00   0.0000000E+00   0.0000000E+00
     5.9300000E+02   4.5004837E+02   4.8357811E-02   4.4343686E+02   1.1127959E+06   9.9250763E+02   0.0000000E+00   0.0000000E+00   0.0000000E+00
     5.9400000E+02   4.5004678E+02   4.6769209E-02   4.4338589E+02   1.1026154E+06   9.8722308E+02   0.0000000E+00   0.0000000E+00   0.0000000E+00
     5.9500000E+02   4.5004730E+02   4.7300875E-02   4.4334079E+02   1.0725661E+06   9.8899170E+02   0.0000000E+00   0.0000000E+00   0.0000000E+00
     5.9600000E+02   4.5004654E+02   4.6550591E-02   4.4329294E+02   1.0444254E+06   9.8649579E+02   0.0000000E+00   0.0000000E+00   0.0000000E+00
     5.9700000E+02   4.5004581E+02   4.5810599E-02   4.4325098E+02   1.0168326E+06   9.8403418E+02   0.0000000E+00   0.0000000E+00   0.0000000E+00
     5.9800000E+02   4.5004480E+02   4.4798698E-02   4.4320789E+02   9.7940281E+05   9.8066803E+02   0.0000000E+00   0.0000000E+00   0.0000000E+00
     5.9900000E+02   4.5004425E+02   4.4257428E-02   4.4317020E+02   9.6002056E+05   9.7886743E+02   0.0000000E+00   0.0000000E+00   0.0000000E+00
     6.0000000E+02   4.5004361E+02   4.3617714E-02   4.4313135E+02   9.3683156E+05   9.7673938E+02   0.0000000E+00   0.0000000E+00   0.0000000E+00
     6.0100000E+02   4.5004300E+02   4.2991254E-02   4.4309772E+02   9.1468444E+05   9.7465546E+02   0.0000000E+00   0.0000000E+00   0.0000000E+00
     6.0200000E+02   4.5004462E+02   4.4628542E-02   4.4306763E+02   9.7347662E+05   9.8010199E+02   0.0000000E+00   0.0000000E+00   0.0000000E+00
     6.0300000E+02   4.5004407E+02   4.4068679E-02   4.4303964E+02   9.5320812E+05   9.7823956E+02   0.0000000E+00   0.0000000E+00   0.0000000E+00
     6.0400000E+02   4.5005038E+02   5.0384015E-02   4.4302365E+02   1.1915868E+06   9.9924799E+02   0.0000000E+00   0.0000000E+00   0.0000000E+00
     6.0500000E+02   4.5004391E+02   4.3924794E-02   4.4299649E+02   9.4802794E+05   9.7776093E+02   0.0000000E+00   0.0000000E+00   0.0000000E+00
     6.0600000E+02   4.5004205E+02   4.2039458E-02   4.4296750E+02   8.8118319E+05   9.7148920E+02   0.0000000E+00   0.0000000E+00   0.0000000E+00
     6.0700000E+02   4.5004019E+02   4.0199298E-02   4.4293942E+02   8.1784025E+05   9.6536780E+02   0.0000000E+00   0.0000000E+00   0.0000000E+00
     6.0800000E+02   4.5003897E+02   3.8961235E-02   4.4291046E+02   7.7629431E+05   9.6124933E+02   0.0000000E+00   0.0000000E+00   0.0000000E+00
     6.0900000E+02   4.5003827E+02   3.8266361E-02   4.4288519E+02   7.5338444E+05   9.5893774E+02   0.0000000E+00   0.0000000E+00   0.0000000E+00
     6.1000000E+02   4.5003729E+02   3.7283242E-02   4.4286060E+02   7.2109681E+05   9.5566736E+02   0.0000000E+00   0.0000000E+00   0.0000000E+00
     6.1100000E+02   4.5003616E+02   3.6148224E-02   4.4283722E+02   6.8514525E+05   9.5189160E+02   0.0000000E+00   0.0000000E+00   0.0000000E+00
     6.1200000E+02   4.5003549E+02   3.5484008E-02   4.4281357E+02   6.6429188E+05   9.4968207E+02   0.0000000E+00   0.0000000E+00   0.0000000E+00
     6.1300000E+02   4.5003537E+02   3.5383150E-02   4.4279333E+02   6.4449969E+05   9.4934656E+02   0.0000000E+00   0.0000000E+00   0.0000000E+00
     6.1400000E+02   4.5003436E+02   3.4363225E-02   4.4277200E+02   5.9204356E+05   9.4595367E+02   0.0000000E+00   0.0000000E+00   0.0000000E+00
     6.1500000E+02   4.5003278E+02   3.2779515E-02   4.4275024E+02   5.8190044E+05   9.4068536E+02   0.0000000E+00   0.0000000E+00   0.0000000E+00
     6.1600000E+02   4.5003232E+02   3.2305114E-02   4.4273053E+02   5.6809775E+05   9.3910724E+02   0.0000000E+00   0.0000000E+00   0.0000000E+00
     6.1700000E+02   4.5003137E+02   3.1364199E-02   4.4271228E+02   5.5523144E+05   9.3597723E+02   0.0000000E+00   0.0000000E+00   0.0000000E+00
     6.1800000E+02   4.5003088E+02   3.0879498E-02   4.4269376E+02   5.4109256E+05   9.3436487E+02   0.0000000E+00   0.0000000E+00   0.0000000E+00
     6.1900000E+02   4.5003070E+02   3.0713856E-02   4.4267679E+02   5.2372550E+05   9.3381384E+02   0.0000000E+00   0.0000000E+00   0.0000000E+00
     6.2000000E+02   4.5002979E+02   2.9769905E-02   4.4265906E+02   4.9535347E+05   9.3067371E+02   0.0000000E+00   0.0000000E+00   0.0000000E+00
     6.2100000E+02   4.5002905E+02   2.9049819E-02   4.4264075E+02   4.7593084E+05   9.2827832E+02   0.0000000E+00   0.0000000E+00   0.0000000E+00
     6.2200000E+02   4.5002832E+02   2.8327042E-02   4.4262238E+02   4.5665388E+05   9.2587396E+02   0.0000000E+00   0.0000000E+00   0.0000000E+00
     6.2300000E+02   4.5002734E+02   2.7358156E-02   4.4260629E+02   4.4394153E+05   9.2265088E+02   0.0000000E+00   0.0000000E+00   0.0000000E+00
     6.2400000E+02   4.5002744E+02   2.7432073E-02   4.4258881E+02   4.3264312E+05   9.2289673E+02   0.0000000E+00   0.0000000E+00   0.0000000E+00
     6.2500000E+02   4.5002643E+02   2.6418405E-02   4.4257309E+02   4.1912003E+05   9.1952472E+02   0.0000000E+00   0.0000000E+00   0.0000000E+00
     6.2600000E+02   4.5002682E+02   2.6833717E-02   4.4255649E+02   3.9441075E+05   9.2090631E+02   0.0000000E+00   0.0000000E+00   0.0000000E+00
     6.2700000E+02   4.5002524E+02   2.5224624E-02   4.4254218E+02   4.0457978E+05   9.1555353E+02   0.0000000E+00   0.0000000E+00   0.0000000E+00
     6.2800000E+02   4.5002487E+02   2.4865197E-02   4.4252774E+02   3.9501000E+05   9.1435785E+02   0.0000000E+00   0.0000000E+00   0.0000000E+00
     6.2900000E+02   4.5002502E+02   2.5036542E-02   4.4251233E+02   3.7139806E+05   9.1492786E+02   0.0000000E+00   0.0000000E+00   0.0000000E+00
     6.3000000E+02   4.5002472E+02   2.4725135E-02   4.4249689E+02   3.6370422E+05   9.1389197E+02   0.0000000E+00   0.0000000E+00   0.0000000E+00
     6.3100000E+02   4.5002371E+02   2.3713553E-02   4.4248398E+02   3.5104147E+05   9.1052686E+02   0.0000000E+00   0.0000000E+00   0.0000000E+00
     6.3200000E+02   4.5002408E+02   2.4083434E-02   4.4247043E+02   3.2765562E+05   9.1175726E+02   0.0000000E+00   0.0000000E+00   0.0000000E+00
     6.3300000E+02   4.5002359E+02   2.3590600E-02   4.4245779E+02   3.1626516E+05   9.1011786E+02   0.0000000E+00   0.0000000E+00   0.0000000E+00
     6.3400000E+02   4.5002222E+02   2.2219487E-02   4.4244437E+02   3.1500938E+05   9.0555670E+02   0.0000000E+00   0.0000000E+00   0.0000000E+00
     6.3500000E+02   4.5002194E+02   2.1948967E-02   4.4242987E+02   2.9798016E+05   9.0465680E+02   0.0000000E+00   0.0000000E+00   0.0000000E+00
     6.3600000E+02   4.5002124E+02   2.1234486E-02   4.4241620E+02   2.8217359E+05   9.0228009E+02   0.0000000E+00   0.0000000E+00   0.0000000E+00
     6.3700000E+02   4.5002097E+02   2.0965559E-02   4.4240408E+02   2.7644044E+05   9.0138544E+02   0.0000000E+00   0.0000000E+00   0.0000000E+00
     6.3800000E+02   4.5001987E+02   1.9875070E-02   4.4239413E+02   2.7476566E+05   8.9775787E+02   0.0000000E+00   0.0000000E+00   0.0000000E+00
     6.3900000E+02   4.5001938E+02   1.9378670E-02   4.4238461E+02   2.6394512E+05   8.9610657E+02   0.0000000E+00   0.0000000E+00   0.0000000E+00
     6.4000000E+02   4.5001901E+02   1.8999027E-02   4.4237457E+02   2.5567608E+05   8.9484363E+02   0.0000000E+00   0.0000000E+00   0.0000000E+00
     6.4100000E+02   4.5001874E+02   1.8740222E-02   4.4236441E+02   2.4996448E+05   8.9398273E+02   0.0000000E+00   0.0000000E+00   0.0000000E+00
     6.4200000E+02   4.5001868E+02   1.8681642E-02   4.4235300E+02   2.2803155E+05   8.9378784E+02   0.0000000E+00   0.0000000E+00   0.0000000E+00
     6.4300000E+02   4.5001862E+02   1.8624406E-02   4.4234305E+02   2.0665239E+05   8.9359747E+02   0.0000000E+00   0.0000000E+00   0.0000000E+00
     6.4400000E+02   4.5001749E+02   1.7484441E-02   4.4233383E+02   2.1788794E+05   8.8980530E+02   0.0000000E+00   0.0000000E+00   0.0000000E+00
     6.4500000E+02   4.5001712E+02   1.7111847E-02   4.4232623E+02   2.1629903E+05   8.8856580E+02   0.0000000E+00   0.0000000E+00   0.0000000E+00
     6.4600000E+02   4.5001688E+02   1.6869035E-02   4.4231866E+02   2.1138217E+05   8.8775806E+02   0.0000000E+00   0.0000000E+00   0.0000000E+00
     6.4700000E+02   4.5001678E+02   1.6780972E-02   4.4231000E+02   2.0029095E+05   8.8746515E+02   0.0000000E+00   0.0000000E+00   0.0000000E+00
     6.4800000E+02   4.5001721E+02   1.7210482E-02   4.4230136E+02   1.8003884E+05   8.8889392E+02   0.0000000E+00   0.0000000E+00   0.0000000E+00
     6.4900000E+02   4.5001633E+02   1.6320026E-02   4.4229248E+02   1.8824030E+05   8.8593176E+02   0.0000000E+00   0.0000000E+00   0.0000000E+00
     6.5000000E+02   4.5001590E+02   1.5897322E-02   4.4228467E+02   1.8050917E+05   8.8452563E+02   0.0000000E+00   0.0000000E+00   0.0000000E+00
     6.5100000E+02   4.5001578E+02   1.5771313E-02   4.4227750E+02   1.7805802E+05   8.8410645E+02   0.0000000E+00   0.0000000E+00   0.0000000E+00
     6.5200000E+02   4.5001584E+02   1.5839083E-02   4.4226974E+02   1.6701341E+05   8.8433191E+02   0.0000000E+00   0.0000000E+00   0.0000000E+00
     6.5300000E+02   4.5001529E+02   1.5290487E-02   4.4226022E+02   1.5661780E+05   8.8250696E+02   0.0000000E+00   0.0000000E+00   0.0000000E+00
     6.5400000E+02   4.5001465E+02   1.4659708E-02   4.4225201E+02   1.4573109E+05   8.8040863E+02   0.0000000E+00   0.0000000E+00   0.0000000E+00
     6.5500000E+02   4.5001416E+02   1.4168403E-02   4.4224380E+02   1.2721428E+05   8.7877423E+02   0.0000000E+00   0.0000000E+00   0.0000000E+00
     6.5600000E+02   4.5001331E+02   1.3298173E-02   4.4223587E+02   1.3301519E+05   8.7587939E+02   0.0000000E+00   0.0000000E+00   0.0000000E+00
     6.5700000E+02   4.5001315E+02   1.3140048E-02   4.4222891E+02   1.3221559E+05   8.7535333E+02   0.0000000E+00   0.0000000E+00   0.0000000E+00
     6.5800000E+02   4.5001312E+02   1.3112900E-02   4.4222330E+02   1.3172255E+05   8.7526306E+02   0.0000000E+00   0.0000000E+00   0.0000000E+00
     6.5900000E+02   4.5001303E+02   1.3039562E-02   4.4221896E+02   1.3053362E+05   8.7501910E+02   0.0000000E+00   0.0000000E+00   0.0000000E+00
     6.6000000E+02   4.5001279E+02   1.2780983E-02   4.4221317E+02   1.2638282E+05   8.7415887E+02   0.0000000E+00   0.0000000E+00   0.0000000E+00
     6.6100000E+02   4.5001233E+02   1.2319295E-02   4.4220688E+02   1.1899409E+05   8.7262305E+02   0.0000000E+00   0.0000000E+00   0.0000000E+00
     6.6200000E+02   4.5001221E+02   1.2197352E-02   4.4220145E+02   1.1700866E+05   8.7221741E+02   0.0000000E+00   0.0000000E+00   0.0000000E+00
     6.6300000E+02   4.5001190E+02   1.1915406E-02   4.4219559E+02   1.1266709E+05   8.7127948E+02   0.0000000E+00   0.0000000E+00   0.0000000E+00
     6.6400000E+02   4.5001144E+02   1.1450260E-02   4.4219061E+02   1.0567320E+05   8.6973218E+02   0.0000000E+00   0.0000000E+00   0.0000000E+00
     6.6500000E+02   4.5001169E+02   1.1698907E-02   4.4218552E+02   9.0008445E+04   8.7055933E+02   0.0000000E+00   0.0000000E+00   0.0000000E+00
     6.6600000E+02   4.5001132E+02   1.1310495E-02   4.4218134E+02   1.0340613E+05   8.6926721E+02   0.0000000E+00   0.0000000E+00   0.0000000E+00
     6.6700000E+02   4.5001123E+02   1.1237883E-02   4.4217633E+02   1.0240021E+05   8.6902570E+02   0.0000000E+00   0.0000000E+00   0.0000000E+00
     6.6800000E+02   4.5001096E+02   1.0941649E-02   4.4217154E+02   9.7953117E+04   8.6804022E+02   0.0000000E+00   0.0000000E+00   0.0000000E+00
     6.6900000E+02   4.5001047E+02   1.0468097E-02   4.4216678E+02   9.1233539E+04   8.6646490E+02   0.0000000E+00   0.0000000E+00   0.0000000E+00
     6.7000000E+02   4.5001077E+02   1.0782502E-02   4.4216196E+02   8.6689477E+04   8.6751080E+02   0.0000000E+00   0.0000000E+00   0.0000000E+00
     6.7100000E+02   4.5001047E+02   1.0461018E-02   4.4215622E+02   8.1952602E+04   8.6644141E+02   0.0000000E+00   0.0000000E+00   0.0000000E+00
     6.7200000E+02   4.5001001E+02   1.0012483E-02   4.4215051E+02   7.5973781E+04   8.6494928E+02   0.0000000E+00   0.0000000E+00   0.0000000E+00
     6.7300000E+02   4.5000992E+02   9.9270884E-03   4.4214526E+02   7.4880195E+04   8.6466522E+02   0.0000000E+00   0.0000000E+00   0.0000000E+00
     6.7400000E+02   4.5000986E+02   9.8469742E-03   4.4214114E+02   7.3951023E+04   8.6439874E+02   0.0000000E+00   0.0000000E+00   0.0000000E+00
     6.7500000E+02   4.5000980E+02   9.7844172E-03   4.4213644E+02   7.3119688E+04   8.6419061E+02   0.0000000E+00   0.0000000E+00   0.0000000E+00
     6.7600000E+02   4.5000970E+02   9.7190710E-03   4.4213260E+02   7.2265750E+04   8.6397327E+02   0.0000000E+00   0.0000000E+00   0.0000000E+00
     6.7700000E+02   4.5000964E+02   9.6439179E-03   4.4212952E+02   7.1399539E+04   8.6372327E+02   0.0000000E+00   0.0000000E+00   0.0000000E+00
     6.7800000E+02   4.5000958E+02   9.5828148E-03   4.4212604E+02   7.0664875E+04   8.6351996E+02   0.0000000E+00   0.0000000E+00   0.0000000E+00
     6.7900000E+02   4.5000925E+02   9.2360359E-03   4.4212247E+02   6.6210219E+04   8.6236639E+02   0.0000000E+00   0.0000000E+00   0.0000000E+00
     6.8000000E+02   4.5000870E+02   8.7113893E-03   4.4211984E+02   5.9816332E+04   8.6062109E+02   0.0000000E+00   0.0000000E+00   0.0000000E+00
     6.8100000E+02   4.5000864E+02   8.6483974E-03   4.4211514E+02   5.9100910E+04   8.6041156E+02   0.0000000E+00   0.0000000E+00   0.0000000E+00
     6.8200000E+02   4.5000861E+02   8.5923253E-03   4.4211102E+02   5.8396348E+04   8.6022504E+02   0.0000000E+00   0.0000000E+00   0.0000000E+00
     6.8300000E+02   4.5000851E+02   8.5107563E-03   4.4210736E+02   5.7548848E+04   8.5995367E+02   0.0000000E+00   0.0000000E+00   0.0000000E+00
     6.8400000E+02   4.5000845E+02   8.4595215E-03   4.4210413E+02   5.6901293E+04   8.5978326E+02   0.0000000E+00   0.0000000E+00   0.0000000E+00
     6.8500000E+02   4.5000839E+02   8.4005501E-03   4.4210049E+02   5.6216316E+04   8.5958710E+02   0.0000000E+00   0.0000000E+00   0.0000000E+00
     6.8600000E+02   4.5000833E+02   8.3329203E-03   4.4209738E+02   5.5444793E+04   8.5936212E+02   0.0000000E+00   0.0000000E+00   0.0000000E+00
     6.8700000E+02   4.5000827E+02   8.2608778E-03   4.4209488E+02   5.4708879E+04   8.5912244E+02   0.0000000E+00   0.0000000E+00   0.0000000E+00
     6.8800000E+02   4.5000821E+02   8.2026804E-03   4.4209164E+02   5.4069590E+04   8.5892889E+02   0.0000000E+00   0.0000000E+00   0.0000000E+00
     6.8900000E+02   4.5000815E+02   8.1460811E-03   4.4208960E+02   5.3406996E+04   8.5874060E+02   0.0000000E+00   0.0000000E+00   0.0000000E+00
     6.9000000E+02   4.5000809E+02   8.0774222E-03   4.4208823E+02   5.2724562E+04   8.5851221E+02   0.0000000E+00   0.0000000E+00   0.0000000E+00
     6.9100000E+02   4.5000772E+02   7.7177798E-03   4.4208630E+02   5.5645730E+04   8.5731580E+02   0.0000000E+00   0.0000000E+00   0.0000000E+00
     6.9200000E+02   4.5000797E+02   7.9689855E-03   4.4208347E+02   5.1677098E+04   8.5815149E+02   0.0000000E+00   0.0000000E+00   0.0000000E+00
     6.9300000E+02   4.5000793E+02   7.9213940E-03   4.4207935E+02   5.0947941E+04   8.5799316E+02   0.0000000E+00   0.0000000E+00   0.0000000E+00
     6.9400000E+02   4.5000754E+02   7.5235046E-03   4.4207660E+02   5.3210945E+04   8.5666956E+02   0.0000000E+00   0.0000000E+00   0.0000000E+00
     6.9500000E+02   4.5000775E+02   7.7372757E-03   4.4207532E+02   4.9327102E+04   8.5738068E+02   0.0000000E+00   0.0000000E+00   0.0000000E+00
     6.9600000E+02   4.5000745E+02   7.4552153E-03   4.4207526E+02   4.6055164E+04   8.5644238E+02   0.0000000E+00   0.0000000E+00   0.0000000E+00
     6.9700000E+02   4.5000714E+02   7.1544903E-03   4.4207397E+02   4.4606586E+04   8.5544202E+02   0.0000000E+00   0.0000000E+00   0.0000000E+00
     6.9800000E+02   4.5000763E+02   7.6401839E-03   4.4207455E+02   5.1372906E+04   8.5705768E+02   0.0000000E+00   0.0000000E+00   0.0000000E+00
     6.9900000E+02   4.5000763E+02   7.6357923E-03   4.4207446E+02   4.8119762E+04   8.5704309E+02   0.0000000E+00   0.0000000E+00   0.0000000E+00
     7.0000000E+02   4.5000760E+02   7.5991075E-03   4.4207294E+02   4.7603293E+04   8.5692102E+02   0.0000000E+00   0.0000000E+00   0.0000000E+00
     7.0100000E+02   4.5000754E+02   7.5438474E-03   4.4207062E+02   4.6970012E+04   8.5673724E+02   0.0000000E+00   0.0000000E+00   0.0000000E+00
     7.0200000E+02   4.5000717E+02   7.1611786E-03   4.4206622E+02   4.5153441E+04   8.5546423E+02   0.0000000E+00   0.0000000E+00   0.0000000E+00
     7.0300000E+02   4.5000659E+02   6.5910621E-03   4.4206393E+02   3.7124359E+04   8.5356769E+02   0.0000000E+00   0.0000000E+00   0.0000000E+00
     7.0400000E+02   4.5000562E+02   5.6059635E-03   4.4206232E+02   3.9438898E+04   8.5029071E+02   0.0000000E+00   0.0000000E+00   0.0000000E+00
     7.0500000E+02   4.5000558E+02   5.5697486E-03   4.4206064E+02   3.9016492E+04   8.5017023E+02   0.0000000E+00   0.0000000E+00   0.0000000E+00
     7.0600000E+02   4.5000552E+02   5.5271494E-03   4.4205872E+02   3.8526547E+04   8.5002850E+02   0.0000000E+00   0.0000000E+00   0.0000000E+00
     7.0700000E+02   4.5000610E+02   6.1127297E-03   4.4205618E+02   2.6749254E+04   8.5197650E+02   0.0000000E+00   0.0000000E+00   0.0000000E+00
     7.0800000E+02   4.5000482E+02   4.8146588E-03   4.4205548E+02   3.2174260E+04   8.4765839E+02   0.0000000E+00   0.0000000E+00   0.0000000E+00
     7.0900000E+02   4.5000635E+02   6.3462737E-03   4.4205490E+02   2.9247412E+04   8.5275342E+02   0.0000000E+00   0.0000000E+00   0.0000000E+00
     7.1000000E+02   4.5000632E+02   6.3235229E-03   4.4205408E+02   3.4633664E+04   8.5267773E+02   0.0000000E+00   0.0000000E+00   0.0000000E+00
     7.1100000E+02   4.5000629E+02   6.2878327E-03   4.4205313E+02   3.6799105E+04   8.5255902E+02   0.0000000E+00   0.0000000E+00   0.0000000E+00
     7.1200000E+02   4.5000598E+02   5.9717498E-03   4.4205219E+02   2.5703438E+04   8.5150751E+02   0.0000000E+00   0.0000000E+00   0.0000000E+00
     7.1300000E+02   4.5000531E+02   5.3214356E-03   4.4205164E+02   1.9912354E+04   8.4934424E+02   0.0000000E+00   0.0000000E+00   0.0000000E+00
     7.1400000E+02   4.5000528E+02   5.2927211E-03   4.4204764E+02   2.4850416E+04   8.4924872E+02   0.0000000E+00   0.0000000E+00   0.0000000E+00
     7.1500000E+02   4.5000525E+02   5.2405423E-03   4.4204630E+02   2.4581518E+04   8.4907513E+02   0.0000000E+00   0.0000000E+00   0.0000000E+00
     7.1600000E+02   4.5000519E+02   5.1901243E-03   4.4204407E+02   2.4194320E+04   8.4890741E+02   0.0000000E+00   0.0000000E+00   0.0000000E+00
     7.1700000E+02   4.5000507E+02   5.0529833E-03   4.4204221E+02   2.3061984E+04   8.4845117E+02   0.0000000E+00   0.0000000E+00   0.0000000E+00
     7.1800000E+02   4.5000491E+02   4.9143587E-03   4.4204080E+02   2.1971158E+04   8.4799005E+02   0.0000000E+00   0.0000000E+00   0.0000000E+00
     7.1900000E+02   4.5000391E+02   3.8956965E-03   4.4203940E+02   2.4301883E+04   8.4460138E+02   0.0000000E+00   0.0000000E+00   0.0000000E+00
     7.2000000E+02   4.5000485E+02   4.8667216E-03   4.4203827E+02   2.4211996E+04   8.4783154E+02   0.0000000E+00   0.0000000E+00   0.0000000E+00
     7.2100000E+02   4.5000485E+02   4.8563452E-03   4.4203549E+02   2.1377023E+04   8.4779706E+02   0.0000000E+00   0.0000000E+00   0.0000000E+00
     7.2200000E+02   4.5000580E+02   5.7881456E-03   4.4203619E+02   2.9750795E+04   8.5089673E+02   0.0000000E+00   0.0000000E+00   0.0000000E+00
     7.2300000E+02   4.5000577E+02   5.7709510E-03   4.4203680E+02   2.9540105E+04   8.5083954E+02   0.0000000E+00   0.0000000E+00   0.0000000E+00
     7.2400000E+02   4.5000543E+02   5.4337047E-03   4.4203687E+02   2.6428689E+04   8.4971765E+02   0.0000000E+00   0.0000000E+00   0.0000000E+00
     7.2500000E+02   4.5000473E+02   4.7218930E-03   4.4203586E+02   2.0439514E+04   8.4734979E+02   0.0000000E+00   0.0000000E+00   0.0000000E+00
     7.2600000E+02   4.5000467E+02   4.6685343E-03   4.4203339E+02   1.9957852E+04   8.4717230E+02   0.0000000E+00   0.0000000E+00   0.0000000E+00
     7.2700000E+02   4.5000461E+02   4.6092775E-03   4.4203101E+02   1.9579443E+04   8.4697516E+02   0.0000000E+00   0.0000000E+00   0.0000000E+00
     7.2800000E+02   4.5000455E+02   4.5561516E-03   4.4202789E+02   1.9156830E+04   8.4679846E+02   0.0000000E+00   0.0000000E+00   0.0000000E+00
     7.2900000E+02   4.5000452E+02   4.5021810E-03   4.4202576E+02   1.8804951E+04   8.4661890E+02   0.0000000E+00   0.0000000E+00   0.0000000E+00
     7.3000000E+02   4.5000446E+02   4.4526872E-03   4.4202518E+02   2.0949090E+04   8.4645428E+02   0.0000000E+00   0.0000000E+00   0.0000000E+00
     7.3100000E+02   4.5000443E+02   4.4357702E-03   4.4202481E+02   1.5964985E+04   8.4639801E+02   0.0000000E+00   0.0000000E+00   0.0000000E+00
     7.3200000E+02   4.5000409E+02   4.0773046E-03   4.4202322E+02   1.5742367E+04   8.4520551E+02   0.0000000E+00   0.0000000E+00   0.0000000E+00
     7.3300000E+02   4.5000406E+02   4.0637297E-03   4.4202280E+02   1.7993418E+04   8.4516034E+02   0.0000000E+00   0.0000000E+00   0.0000000E+00
     7.3400000E+02   4.5000409E+02   4.0821987E-03   4.4202240E+02   1.7946750E+04   8.4522180E+02   0.0000000E+00   0.0000000E+00   0.0000000E+00
     7.3500000E+02   4.5000409E+02   4.0950375E-03   4.4202155E+02   1.8104209E+04   8.4526453E+02   0.0000000E+00   0.0000000E+00   0.0000000E+00
     7.3600000E+02   4.5000339E+02   3.4018115E-03   4.4202020E+02   1.9830799E+04   8.4295844E+02   0.0000000E+00   0.0000000E+00   0.0000000E+00
     7.3700000E+02   4.5000424E+02   4.2269588E-03   4.4202054E+02   1.2684992E+04   8.4570337E+02   0.0000000E+00   0.0000000E+00   0.0000000E+00
     7.3800000E+02   4.5000443E+02   4.4333274E-03   4.4202017E+02   1.4185675E+04   8.4638983E+02   0.0000000E+00   0.0000000E+00   0.0000000E+00
     7.3900000E+02   4.5000446E+02   4.4495706E-03   4.4201984E+02   1.4427276E+04   8.4644391E+02   0.0000000E+00   0.0000000E+00   0.0000000E+00
     7.4000000E+02   4.5000439E+02   4.3970947E-03   4.4201935E+02   1.4078405E+04   8.4626935E+02   0.0000000E+00   0.0000000E+00   0.0000000E+00
     7.4100000E+02   4.5000424E+02   4.2291079E-03   4.4201862E+02   1.2940335E+04   8.4571051E+02   0.0000000E+00   0.0000000E+00   0.0000000E+00
     7.4200000E+02   4.5000418E+02   4.1936794E-03   4.4201804E+02   1.2718674E+04   8.4559265E+02   0.0000000E+00   0.0000000E+00   0.0000000E+00
     7.4300000E+02   4.5000403E+02   4.0419740E-03   4.4201736E+02   1.1695939E+04   8.4508801E+02   0.0000000E+00   0.0000000E+00   0.0000000E+00
     7.4400000E+02   4.5000391E+02   3.8958376E-03   4.4201648E+02   1.0713077E+04   8.4460187E+02   0.0000000E+00   0.0000000E+00   0.0000000E+00
     7.4500000E+02   4.5000388E+02   3.8722348E-03   4.4201559E+02   1.0587529E+04   8.4452332E+02   0.0000000E+00   0.0000000E+00   0.0000000E+00
     7.4600000E+02   4.5000400E+02   3.9826683E-03   4.4201501E+02   1.1429156E+04   8.4489069E+02   0.0000000E+00   0.0000000E+00   0.0000000E+00
     7.4700000E+02   4.5000430E+02   4.3066544E-03   4.4201743E+02   1.9758709E+04   8.4596844E+02   0.0000000E+00   0.0000000E+00   0.0000000E+00
     7.4800000E+02   4.5000449E+02   4.4858842E-03   4.4201917E+02   2.1204033E+04   8.4656470E+02   0.0000000E+00   0.0000000E+00   0.0000000E+00
     7.4900000E+02   4.5000436E+02   4.3720687E-03   4.4201941E+02   2.0252330E+04   8.4618610E+02   0.0000000E+00   0.0000000E+00   0.0000000E+00
     7.5000000E+02   4.5000436E+02   4.3564853E-03   4.4201950E+02   2.0118432E+04   8.4613422E+02   0.0000000E+00   0.0000000E+00   0.0000000E+00
     7.5100000E+02   4.5000394E+02   3.9240643E-03   4.4202036E+02   1.9357754E+04   8.4469574E+02   0.0000000E+00   0.0000000E+00   0.0000000E+00
     7.5200000E+02   4.5000372E+02   3.7138395E-03   4.4201852E+02   1.7931461E+04   8.4399646E+02   0.0000000E+00   0.0000000E+00   0.0000000E+00
     7.5300000E+02   4.5000522E+02   5.2198004E-03   4.4201938E+02   2.6775910E+04   8.4900610E+02   0.0000000E+00   0.0000000E+00   0.0000000E+00
     7.5400000E+02   4.5001031E+02   1.0324037E-02   4.4203165E+02   8.4853805E+04   8.6598572E+02   0.0000000E+00   0.0000000E+00   0.0000000E+00
     7.5500000E+02   4.5000583E+02   5.8339601E-03   4.4203311E+02   3.2776309E+04   8.5104913E+02   0.0000000E+00   0.0000000E+00   0.0000000E+00
     7.5600000E+02   4.5000583E+02   5.8313948E-03   4.4203534E+02   2.9628766E+04   8.5104065E+02   0.0000000E+00   0.0000000E+00   0.0000000E+00
     7.5700000E+02   4.5000552E+02   5.5301576E-03   4.4203659E+02   2.6743678E+04   8.5003851E+02   0.0000000E+00   0.0000000E+00   0.0000000E+00
     7.5800000E+02   4.5000504E+02   5.0329408E-03   4.4203503E+02   2.5423418E+04   8.4838452E+02   0.0000000E+00   0.0000000E+00   0.0000000E+00
     7.5900000E+02   4.5000494E+02   4.9505420E-03   4.4203458E+02   2.4897377E+04   8.4811041E+02   0.0000000E+00   0.0000000E+00   0.0000000E+00
     7.6000000E+02   4.5000504E+02   5.0481670E-03   4.4203543E+02   2.4646006E+04   8.4843518E+02   0.0000000E+00   0.0000000E+00   0.0000000E+00
     7.6100000E+02   4.5000513E+02   5.1342477E-03   4.4203580E+02   2.3922291E+04   8.4872150E+02   0.0000000E+00   0.0000000E+00   0.0000000E+00
     7.6200000E+02   4.5000507E+02   5.0664293E-03   4.4203598E+02   2.3331475E+04   8.4849591E+02   0.0000000E+00   0.0000000E+00   0.0000000E+00
     7.6300000E+02   4.5000500E+02   4.9977712E-03   4.4203580E+02   2.5308004E+04   8.4826752E+02   0.0000000E+00   0.0000000E+00   0.0000000E+00
     7.6400000E+02   4.5000485E+02   4.8553972E-03   4.4203540E+02   1.8782734E+04   8.4779388E+02   0.0000000E+00   0.0000000E+00   0.0000000E+00
     7.6500000E+02   4.5000470E+02   4.6987245E-03   4.4203491E+02   1.7652805E+04   8.4727271E+02   0.0000000E+00   0.0000000E+00   0.0000000E+00
     7.6600000E+02   4.5000467E+02   4.6577812E-03   4.4203436E+02   1.7369477E+04   8.4713654E+02   0.0000000E+00   0.0000000E+00   0.0000000E+00
     7.6700000E+02   4.5000458E+02   4.5907260E-03   4.4203378E+02   1.9641232E+04   8.4691345E+02   0.0000000E+00   0.0000000E+00   0.0000000E+00
     7.6800000E+02   4.5001001E+02   1.0012313E-02   4.4204504E+02   8.0627812E+04   8.6494873E+02   0.0000000E+00   0.0000000E+00   0.0000000E+00
     7.6900000E+02   4.5000665E+02   6.6420143E-03   4.4204755E+02   4.0683332E+04   8.5373718E+02   0.0000000E+00   0.0000000E+00   0.0000000E+00
     7.7000000E+02   4.5000671E+02   6.7120041E-03   4.4205045E+02   4.1432293E+04   8.5397003E+02   0.0000000E+00   0.0000000E+00   0.0000000E+00
     7.7100000E+02   4.5000662E+02   6.6166678E-03   4.4205215E+02   3.5687297E+04   8.5365289E+02   0.0000000E+00   0.0000000E+00   0.0000000E+00
     7.7200000E+02   4.5000604E+02   6.0393279E-03   4.4205310E+02   3.4449141E+04   8.5173230E+02   0.0000000E+00   0.0000000E+00   0.0000000E+00
     7.7300000E+02   4.5000540E+02   5.3910892E-03   4.4205368E+02   3.3840402E+04   8.4957593E+02   0.0000000E+00   0.0000000E+00   0.0000000E+00
     7.7400000E+02   4.5000497E+02   4.9751662E-03   4.4205347E+02   3.0207951E+04   8.4819232E+02   0.0000000E+00   0.0000000E+00   0.0000000E+00
     7.7500000E+02   4.5000537E+02   5.3699031E-03   4.4205316E+02   2.3489801E+04   8.4950543E+02   0.0000000E+00   0.0000000E+00   0.0000000E+00
     7.7600000E+02   4.5000528E+02   5.2934745E-03   4.4205264E+02   2.2950834E+04   8.4925122E+02   0.0000000E+00   0.0000000E+00   0.0000000E+00
     7.7700000E+02   4.5000525E+02   5.2405512E-03   4.4205212E+02   2.2537078E+04   8.4907513E+02   0.0000000E+00   0.0000000E+00   0.0000000E+00
     7.7800000E+02   4.5000510E+02   5.1060515E-03   4.4205157E+02   2.1430789E+04   8.4862775E+02   0.0000000E+00   0.0000000E+00   0.0000000E+00
     7.7900000E+02   4.5000504E+02   5.0265766E-03   4.4205069E+02   2.2944418E+04   8.4836334E+02   0.0000000E+00   0.0000000E+00   0.0000000E+00
     7.8000000E+02   4.5000989E+02   9.8877968E-03   4.4205917E+02   7.8966617E+04   8.6453455E+02   0.0000000E+00   0.0000000E+00   0.0000000E+00
     7.8100000E+02   4.5004266E+02   4.2669922E-02   4.4212552E+02   9.0331844E+05   9.7358649E+02   0.0000000E+00   0.0000000E+00   0.0000000E+00
     7.8200000E+02   4.5001767E+02   1.7668510E-02   4.4213086E+02   2.0779625E+05   8.9041760E+02   0.0000000E+00   0.0000000E+00   0.0000000E+00
     7.8300000E+02   4.5001840E+02   1.8411933E-02   4.4214157E+02   2.2255961E+05   8.9289062E+02   0.0000000E+00   0.0000000E+00   0.0000000E+00
     7.8400000E+02   4.5007239E+02   7.2391436E-02   4.4224713E+02   2.1799660E+06   1.0724572E+03   0.0000000E+00   0.0000000E+00   0.0000000E+00
     7.8500000E+02   4.5005542E+02   5.5433482E-02   4.4229700E+02   1.3971818E+06   1.0160453E+03   0.0000000E+00   0.0000000E+00   0.0000000E+00
     7.8600000E+02   4.5002692E+02   2.6910618E-02   4.4229028E+02   4.1896447E+05   9.2116211E+02   0.0000000E+00   0.0000000E+00   0.0000000E+00
     7.8700000E+02   4.5002115E+02   2.1154588E-02   4.4228113E+02   2.8047156E+05   9.0201428E+02   0.0000000E+00   0.0000000E+00   0.0000000E+00
     7.8800000E+02   4.5005566E+02   5.5651937E-02   4.4233667E+02   1.4063871E+06   1.0167721E+03   0.0000000E+00   0.0000000E+00   0.0000000E+00
     7.8900000E+02   4.5005908E+02   5.9085160E-02   4.4238379E+02   1.5539429E+06   1.0281929E+03   0.0000000E+00   0.0000000E+00   0.0000000E+00
     7.9000000E+02   4.5002975E+02   2.9742531E-02   4.4237613E+02   4.9499512E+05   9.3058264E+02   0.0000000E+00   0.0000000E+00   0.0000000E+00
     7.9100000E+02   4.5002179E+02   2.1793045E-02   4.4236682E+02   2.9478372E+05   9.0413812E+02   0.0000000E+00   0.0000000E+00   0.0000000E+00
     7.9200000E+02   4.5002008E+02   2.0087268E-02   4.4236459E+02   2.5733928E+05   8.9846375E+02   0.0000000E+00   0.0000000E+00   0.0000000E+00
     7.9300000E+02   4.5001755E+02   1.7550226E-02   4.4237360E+02   2.0548292E+05   8.9002411E+02   0.0000000E+00   0.0000000E+00   0.0000000E+00
     7.9400000E+02   4.5001642E+02   1.6428426E-02   4.4238358E+02   1.8406431E+05   8.8629236E+02   0.0000000E+00   0.0000000E+00   0.0000000E+00
     7.9500000E+02   4.5001587E+02   1.5882138E-02   4.4238974E+02   1.7398088E+05   8.8447510E+02   0.0000000E+00   0.0000000E+00   0.0000000E+00
     7.9600000E+02   4.5002060E+02   2.0614561E-02   4.4240015E+02   2.6869641E+05   9.0021783E+02   0.0000000E+00   0.0000000E+00   0.0000000E+00
     7.9700000E+02   4.5001669E+02   1.6683064E-02   4.4239966E+02   1.8884148E+05   8.8713947E+02   0.0000000E+00   0.0000000E+00   0.0000000E+00
     7.9800000E+02   4.5001959E+02   1.9585803E-02   4.4241068E+02   2.4685623E+05   8.9679559E+02   0.0000000E+00   0.0000000E+00   0.0000000E+00
     7.9900000E+02   4.5002655E+02   2.6554175E-02   4.4244595E+02   4.0975647E+05   9.1997638E+02   0.0000000E+00   0.0000000E+00   0.0000000E+00
     8.0000000E+02   4.5002060E+02   2.0592973E-02   4.4246692E+02   2.6822759E+05   9.0014600E+02   0.0000000E+00   0.0000000E+00   0.0000000E+00
     8.0100000E+02   4.5002002E+02   2.0008655E-02   4.4248376E+02   2.5566330E+05   8.9820227E+02   0.0000000E+00   0.0000000E+00   0.0000000E+00
     8.0200000E+02   4.5001993E+02   1.9939231E-02   4.4250134E+02   2.5418197E+05   8.9797131E+02   0.0000000E+00   0.0000000E+00   0.0000000E+00
     8.0300000E+02   4.5001981E+02   1.9818898E-02   4.4252496E+02   2.5169925E+05   8.9757098E+02   0.0000000E+00   0.0000000E+00   0.0000000E+00
     8.0400000E+02   4.5002026E+02   2.0259017E-02   4.4255753E+02   2.6128464E+05   8.9903510E+02   0.0000000E+00   0.0000000E+00   0.0000000E+00
     8.0500000E+02   4.5002341E+02   2.3418659E-02   4.4259024E+02   3.3233381E+05   9.0954584E+02   0.0000000E+00   0.0000000E+00   0.0000000E+00
     8.0600000E+02   4.5002060E+02   2.0607835E-02   4.4261093E+02   2.6853500E+05   9.0019543E+02   0.0000000E+00   0.0000000E+00   0.0000000E+00
     8.0700000E+02   4.5002328E+02   2.3293866E-02   4.4263638E+02   3.2939828E+05   9.0913074E+02   0.0000000E+00   0.0000000E+00   0.0000000E+00
     8.0800000E+02   4.5002963E+02   2.9620232E-02   4.4267801E+02   4.9160772E+05   9.3017584E+02   0.0000000E+00   0.0000000E+00   0.0000000E+00
     8.0900000E+02   4.5007309E+02   7.3075891E-02   4.4282211E+02   2.2144265E+06   1.0747340E+03   0.0000000E+00   0.0000000E+00   0.0000000E+00
     8.1000000E+02   4.5014294E+02   1.4293228E-01   4.4313254E+02   6.7741520E+06   1.3071161E+03   0.0000000E+00   0.0000000E+00   0.0000000E+00
     8.1100000E+02   4.5001746E+02   1.7453723E-02   4.4331186E+02   2.0360339E+05   8.8970306E+02   0.0000000E+00   0.0000000E+00   0.0000000E+00
     8.1200000E+02   4.5002579E+02   2.5782626E-02   4.4351840E+02   3.9010669E+05   9.1740973E+02   0.0000000E+00   0.0000000E+00   0.0000000E+00
     8.1300000E+02   4.5001688E+02   1.6861837E-02   4.4363272E+02   1.9222617E+05   8.8773413E+02   0.0000000E+00   0.0000000E+00   0.0000000E+00
     8.1400000E+02   4.5001602E+02   1.6034788E-02   4.4374258E+02   1.7695425E+05   8.8498291E+02   0.0000000E+00   0.0000000E+00   0.0000000E+00
     8.1500000E+02   4.5001578E+02   1.5776014E-02   4.4379050E+02   1.7204161E+05   8.8412207E+02   0.0000000E+00   0.0000000E+00   0.0000000E+00
     8.1600000E+02   4.5003232E+02   3.2328252E-02   4.4383481E+02   5.6877200E+05   9.3918427E+02   0.0000000E+00   0.0000000E+00   0.0000000E+00
     8.1700000E+02   4.5001868E+02   1.8674105E-02   4.4384308E+02   2.2787906E+05   8.9376276E+02   0.0000000E+00   0.0000000E+00   0.0000000E+00
     8.1800000E+02   4.5001813E+02   1.8138170E-02   4.4386526E+02   2.1708369E+05   8.9197998E+02   0.0000000E+00   0.0000000E+00   0.0000000E+00
     8.1900000E+02   4.5027979E+02   2.7979043E-01   4.4441531E+02   2.0750460E+07   1.7623840E+03   0.0000000E+00   0.0000000E+00   0.0000000E+00
     8.2000000E+02   4.5012613E+02   1.2613055E-01   4.4475522E+02   5.4996900E+06   1.2512240E+03   0.0000000E+00   0.0000000E+00   0.0000000E+00
     8.2100000E+02   4.5002579E+02   2.5786189E-02   4.4480173E+02   3.9019612E+05   9.1742163E+02   0.0000000E+00   0.0000000E+00   0.0000000E+00
     8.2200000E+02   4.5002698E+02   2.6978333E-02   4.4489343E+02   4.2078853E+05   9.2138733E+02   0.0000000E+00   0.0000000E+00   0.0000000E+00
     8.2300000E+02   4.5003024E+02   3.0253513E-02   4.4501425E+02   5.0925928E+05   9.3228247E+02   0.0000000E+00   0.0000000E+00   0.0000000E+00
     8.2400000E+02   4.5003107E+02   3.1071734E-02   4.4508951E+02   5.3241069E+05   9.3500433E+02   0.0000000E+00   0.0000000E+00   0.0000000E+00
     8.2500000E+02   4.5002808E+02   2.8066454E-02   4.4511533E+02   4.4938647E+05   9.2500708E+02   0.0000000E+00   0.0000000E+00   0.0000000E+00
     8.2600000E+02   4.5002820E+02   2.8194217E-02   4.4511090E+02   4.5281178E+05   9.2543207E+02   0.0000000E+00   0.0000000E+00   0.0000000E+00
     8.2700000E+02   4.5002869E+02   2.8680386E-02   4.4508151E+02   4.6588631E+05   9.2704938E+02   0.0000000E+00   0.0000000E+00   0.0000000E+00
     8.2800000E+02   4.5002942E+02   2.9423071E-02   4.4503436E+02   4.8640294E+05   9.2951996E+02   0.0000000E+00   0.0000000E+00   0.0000000E+00
     8.2900000E+02   4.5002902E+02   2.9015282E-02   4.4496188E+02   4.7499722E+05   9.2816339E+02   0.0000000E+00   0.0000000E+00   0.0000000E+00
     8.3000000E+02   4.5002914E+02   2.9138472E-02   4.4487335E+02   4.7835419E+05   9.2857318E+02   0.0000000E+00   0.0000000E+00   0.0000000E+00
     8.3100000E+02   4.5002899E+02   2.8981222E-02   4.4477594E+02   4.7407903E+05   9.2805011E+02   0.0000000E+00   0.0000000E+00   0.0000000E+00
     8.3200000E+02   4.5002850E+02   2.8509241E-02   4.4467105E+02   4.6125400E+05   9.2648004E+02   0.0000000E+00   0.0000000E+00   0.0000000E+00
     8.3300000E+02   4.5008173E+02   8.1725568E-02   4.4466190E+02   2.6682978E+06   1.1035078E+03   0.0000000E+00   0.0000000E+00   0.0000000E+00
     8.3400000E+02   4.5008350E+02   8.3505809E-02   4.4462341E+02   2.7660222E+06   1.1094299E+03   0.0000000E+00   0.0000000E+00   0.0000000E+00
     8.3500000E+02   4.5007169E+02   7.1692869E-02   4.4455161E+02   2.1450252E+06   1.0701333E+03   0.0000000E+00   0.0000000E+00   0.0000000E+00
     8.3600000E+02   4.5007501E+02   7.4998990E-02   4.4449542E+02   2.3124022E+06   1.0811313E+03   0.0000000E+00   0.0000000E+00   0.0000000E+00
     8.3700000E+02   4.5007416E+02   7.4159332E-02   4.4442926E+02   2.2954785E+06   1.0783381E+03   0.0000000E+00   0.0000000E+00   0.0000000E+00
     8.3800000E+02   4.5007437E+02   7.4383035E-02   4.4436734E+02   2.2808375E+06   1.0790824E+03   0.0000000E+00   0.0000000E+00   0.0000000E+00
     8.3900000E+02   4.5007355E+02   7.3551856E-02   4.4430820E+02   2.2660765E+06   1.0763174E+03   0.0000000E+00   0.0000000E+00   0.0000000E+00
     8.4000000E+02   4.5007333E+02   7.3321082E-02   4.4424207E+02   2.2557488E+06   1.0755497E+03   0.0000000E+00   0.0000000E+00   0.0000000E+00
     8.4100000E+02   4.5007367E+02   7.3680349E-02   4.4417700E+02   2.2367748E+06   1.0767448E+03   0.0000000E+00   0.0000000E+00   0.0000000E+00
     8.4200000E+02   4.5007352E+02   7.3513918E-02   4.4411636E+02   2.2366042E+06   1.0761912E+03   0.0000000E+00   0.0000000E+00   0.0000000E+00
     8.4300000E+02   4.5007336E+02   7.3368579E-02   4.4406253E+02   2.2292425E+06   1.0757076E+03   0.0000000E+00   0.0000000E+00   0.0000000E+00
     8.4400000E+02   4.5007257E+02   7.2558403E-02   4.4400156E+02   2.2187800E+06   1.0730126E+03   0.0000000E+00   0.0000000E+00   0.0000000E+00
     8.4500000E+02   4.5007242E+02   7.2426297E-02   4.4395163E+02   2.2127278E+06   1.0725731E+03   0.0000000E+00   0.0000000E+00   0.0000000E+00
     8.4600000E+02   4.5007227E+02   7.2277784E-02   4.4389972E+02   2.2062600E+06   1.0720791E+03   0.0000000E+00   0.0000000E+00   0.0000000E+00
     8.4700000E+02   4.5007275E+02   7.2758414E-02   4.4386075E+02   2.1985445E+06   1.0736780E+03   0.0000000E+00   0.0000000E+00   0.0000000E+00
     8.4800000E+02   4.5007260E+02   7.2614588E-02   4.4381097E+02   2.1592118E+06   1.0731995E+03   0.0000000E+00   0.0000000E+00   0.0000000E+00
     8.4900000E+02   4.5007248E+02   7.2493479E-02   4.4377173E+02   2.1658982E+06   1.0727966E+03   0.0000000E+00   0.0000000E+00   0.0000000E+00
     8.5000000E+02   4.5007239E+02   7.2401725E-02   4.4372870E+02   2.1804825E+06   1.0724913E+03   0.0000000E+00   0.0000000E+00   0.0000000E+00
     8.5100000E+02   4.5007516E+02   7.5166322E-02   4.4370306E+02   2.3210072E+06   1.0816880E+03   0.0000000E+00   0.0000000E+00   0.0000000E+00
     8.5200000E+02   4.5007465E+02   7.4653171E-02   4.4366534E+02   2.2946595E+06   1.0799810E+03   0.0000000E+00   0.0000000E+00   0.0000000E+00
     8.5300000E+02   4.5007303E+02   7.3033825E-02   4.4363565E+02   2.2123020E+06   1.0745941E+03   0.0000000E+00   0.0000000E+00   0.0000000E+00
     8.5400000E+02   4.5007272E+02   7.2731942E-02   4.4360593E+02   2.1972250E+06   1.0735898E+03   0.0000000E+00   0.0000000E+00   0.0000000E+00
     8.5500000E+02   4.5007092E+02   7.0933759E-02   4.4357977E+02   2.1072988E+06   1.0676080E+03   0.0000000E+00   0.0000000E+00   0.0000000E+00
     8.5600000E+02   4.5007065E+02   7.0653200E-02   4.4354956E+02   2.0940564E+06   1.0666748E+03   0.0000000E+00   0.0000000E+00   0.0000000E+00
     8.5700000E+02   4.5004349E+02   4.3494709E-02   4.4347711E+02   9.3260938E+05   9.7633020E+02   0.0000000E+00   0.0000000E+00   0.0000000E+00
     8.5800000E+02   4.5006821E+02   6.8212569E-02   4.4346085E+02   1.9744541E+06   1.0585559E+03   0.0000000E+00   0.0000000E+00   0.0000000E+00
     8.5900000E+02   4.5007013E+02   7.0128597E-02   4.4344821E+02   2.0680344E+06   1.0649297E+03   0.0000000E+00   0.0000000E+00   0.0000000E+00
     8.6000000E+02   4.5006998E+02   6.9991149E-02   4.4343149E+02   2.0608506E+06   1.0644724E+03   0.0000000E+00   0.0000000E+00   0.0000000E+00
     8.6100000E+02   4.5006985E+02   6.9850452E-02   4.4341843E+02   2.0537465E+06   1.0640044E+03   0.0000000E+00   0.0000000E+00   0.0000000E+00
     8.6200000E+02   4.5006973E+02   6.9730110E-02   4.4340079E+02   2.0478371E+06   1.0636041E+03   0.0000000E+00   0.0000000E+00   0.0000000E+00
     8.6300000E+02   4.5006680E+02   6.6810817E-02   4.4338116E+02   1.9071390E+06   1.0538928E+03   0.0000000E+00   0.0000000E+00   0.0000000E+00
     8.6400000E+02   4.5006497E+02   6.4978883E-02   4.4335632E+02   1.8207830E+06   1.0477988E+03   0.0000000E+00   0.0000000E+00   0.0000000E+00
     8.6500000E+02   4.5006479E+02   6.4802401E-02   4.4333463E+02   1.8125030E+06   1.0472117E+03   0.0000000E+00   0.0000000E+00   0.0000000E+00
     8.6600000E+02   4.5006491E+02   6.4911000E-02   4.4331067E+02   1.8176454E+06   1.0475730E+03   0.0000000E+00   0.0000000E+00   0.0000000E+00
     8.6700000E+02   4.5005466E+02   5.4658014E-02   4.4327866E+02   1.3647792E+06   1.0134657E+03   0.0000000E+00   0.0000000E+00   0.0000000E+00
     8.6800000E+02   4.5007016E+02   7.0168987E-02   4.4327390E+02   2.0695680E+06   1.0650640E+03   0.0000000E+00   0.0000000E+00   0.0000000E+00
     8.6900000E+02   4.5006738E+02   6.7395985E-02   4.4326617E+02   1.9350600E+06   1.0558395E+03   0.0000000E+00   0.0000000E+00   0.0000000E+00
     8.7000000E+02   4.5010468E+02   1.0466921E-01   4.4337283E+02   4.0302870E+06   1.1798313E+03   0.0000000E+00   0.0000000E+00   0.0000000E+00
     8.7100000E+02   4.5021613E+02   2.1613565E-01   4.4382449E+02   1.3495302E+07   1.5506321E+03   0.0000000E+00   0.0000000E+00   0.0000000E+00
     8.7200000E+02   4.5008395E+02   8.3957300E-02   4.4411182E+02   2.7908435E+06   1.1109318E+03   0.0000000E+00   0.0000000E+00   0.0000000E+00
     8.7300000E+02   4.5006982E+02   6.9834158E-02   4.4427676E+02   2.0531395E+06   1.0639502E+03   0.0000000E+00   0.0000000E+00   0.0000000E+00
     8.7400000E+02   4.5006799E+02   6.8004072E-02   4.4441815E+02   1.9642518E+06   1.0578623E+03   0.0000000E+00   0.0000000E+00   0.0000000E+00
     8.7500000E+02   4.5006143E+02   6.1438348E-02   4.4459378E+02   1.6584551E+06   1.0360210E+03   0.0000000E+00   0.0000000E+00   0.0000000E+00
     8.7600000E+02   4.5005933E+02   5.9340872E-02   4.4472455E+02   1.5651679E+06   1.0290436E+03   0.0000000E+00   0.0000000E+00   0.0000000E+00
     8.7700000E+02   4.5021799E+02   2.1799345E-01   4.4512244E+02   1.3689159E+07   1.5568123E+03   0.0000000E+00   0.0000000E+00   0.0000000E+00
     8.7800000E+02   4.5042148E+02   4.2149159E-01   4.4588892E+02   4.1078944E+07   2.2337627E+03   0.0000000E+00   0.0000000E+00   0.0000000E+00
     8.7900000E+02   4.5010333E+02   1.0332501E-01   4.4612262E+02   3.9443925E+06   1.1753597E+03   0.0000000E+00   0.0000000E+00   0.0000000E+00
     8.8000000E+02   4.5006787E+02   6.7867972E-02   4.4634418E+02   1.9576986E+06   1.0574095E+03   0.0000000E+00   0.0000000E+00   0.0000000E+00
     8.8100000E+02   4.5006052E+02   6.0525212E-02   4.4642819E+02   1.6175816E+06   1.0329834E+03   0.0000000E+00   0.0000000E+00   0.0000000E+00
     8.8200000E+02   4.5005945E+02   5.9444278E-02   4.4641644E+02   1.5701750E+06   1.0293876E+03   0.0000000E+00   0.0000000E+00   0.0000000E+00
     8.8300000E+02   4.5005899E+02   5.8984388E-02   4.4634052E+02   1.5505980E+06   1.0278577E+03   0.0000000E+00   0.0000000E+00   0.0000000E+00
     8.8400000E+02   4.5005264E+02   5.2644107E-02   4.4622205E+02   1.2820056E+06   1.0067663E+03   0.0000000E+00   0.0000000E+00   0.0000000E+00
     8.8500000E+02   4.5004965E+02   4.9644720E-02   4.4609335E+02   1.1625901E+06   9.9678864E+02   0.0000000E+00   0.0000000E+00   0.0000000E+00
     8.8600000E+02   4.5005560E+02   5.5601314E-02   4.4596289E+02   1.4042555E+06   1.0166036E+03   0.0000000E+00   0.0000000E+00   0.0000000E+00
     8.8700000E+02   4.5005637E+02   5.6367293E-02   4.4582043E+02   1.4368285E+06   1.0191517E+03   0.0000000E+00   0.0000000E+00   0.0000000E+00
     8.8800000E+02   4.5005261E+02   5.2599687E-02   4.4566354E+02   1.2801955E+06   1.0066185E+03   0.0000000E+00   0.0000000E+00   0.0000000E+00
     8.8900000E+02   4.5005109E+02   5.1098648E-02   4.4549695E+02   1.2198914E+06   1.0016252E+03   0.0000000E+00   0.0000000E+00   0.0000000E+00
     8.9000000E+02   4.5005008E+02   5.0068993E-02   4.4533902E+02   1.1792624E+06   9.9820001E+02   0.0000000E+00   0.0000000E+00   0.0000000E+00
     8.9100000E+02   4.5004922E+02   4.9210463E-02   4.4518570E+02   1.1456894E+06   9.9534406E+02   0.0000000E+00   0.0000000E+00   0.0000000E+00
     8.9200000E+02   4.5004788E+02   4.7876213E-02   4.4503857E+02   1.0943864E+06   9.9090558E+02   0.0000000E+00   0.0000000E+00   0.0000000E+00
     8.9300000E+02   4.5004648E+02   4.6480067E-02   4.4491302E+02   1.0417636E+06   9.8626123E+02   0.0000000E+00   0.0000000E+00   0.0000000E+00
     8.9400000E+02   4.5004568E+02   4.5670662E-02   4.4477750E+02   1.0116798E+06   9.8356866E+02   0.0000000E+00   0.0000000E+00   0.0000000E+00
     8.9500000E+02   4.5004410E+02   4.4103697E-02   4.4464728E+02   9.5447106E+05   9.7835608E+02   0.0000000E+00   0.0000000E+00   0.0000000E+00
     8.9600000E+02   4.5008243E+02   8.2415342E-02   4.4458960E+02   2.7059380E+06   1.1058024E+03   0.0000000E+00   0.0000000E+00   0.0000000E+00
     8.9700000E+02   4.5011218E+02   1.1217509E-01   4.4457913E+02   4.5234020E+06   1.2048002E+03   0.0000000E+00   0.0000000E+00   0.0000000E+00
     8.9800000E+02   4.5009961E+02   9.9599935E-02   4.4452081E+02   3.7102470E+06   1.1629681E+03   0.0000000E+00   0.0000000E+00   0.0000000E+00
     8.9900000E+02   4.5020914E+02   2.0912689E-01   4.4468942E+02   1.2773822E+07   1.5273170E+03   0.0000000E+00   0.0000000E+00   0.0000000E+00
     9.0000000E+02   4.5037225E+02   3.7225944E-01   4.4513226E+02   3.3397498E+07   2.0699885E+03   0.0000000E+00   0.0000000E+00   0.0000000E+00
     9.0100000E+02   4.5042648E+02   4.2648971E-01   4.4568893E+02   4.1894016E+07   2.2503892E+03   0.0000000E+00   0.0000000E+00   0.0000000E+00
     9.0200000E+02   4.5032373E+02   3.2371756E-01   4.4595447E+02   2.6459490E+07   1.9085106E+03   0.0000000E+00   0.0000000E+00   0.0000000E+00
     9.0300000E+02   4.5026938E+02   2.6938489E-01   4.4623996E+02   1.9480188E+07   1.7277694E+03   0.0000000E+00   0.0000000E+00   0.0000000E+00
     9.0400000E+02   4.5034805E+02   3.4804717E-01   4.4669260E+02   2.9856204E+07   1.9894448E+03   0.0000000E+00   0.0000000E+00   0.0000000E+00
     9.0500000E+02   4.5060620E+02   6.0619646E-01   4.4742380E+02   7.5276608E+07   2.8481960E+03   0.0000000E+00   0.0000000E+00   0.0000000E+00
     9.0600000E+02   4.5064346E+02   6.4344883E-01   4.4802615E+02   8.3143400E+07   2.9721187E+03   0.0000000E+00   0.0000000E+00   0.0000000E+00
     9.0700000E+02   4.5071896E+02   7.1896023E-01   4.4837418E+02   1.0003358E+08   3.2233123E+03   0.0000000E+00   0.0000000E+00   0.0000000E+00
     9.0800000E+02   4.5066470E+02   6.6469193E-01   4.4840738E+02   8.7768440E+07   3.0427852E+03   0.0000000E+00   0.0000000E+00   0.0000000E+00
     9.0900000E+02   4.5064462E+02   6.4461178E-01   4.4834723E+02   8.3394000E+07   2.9759873E+03   0.0000000E+00   0.0000000E+00   0.0000000E+00
     9.1000000E+02   4.5062500E+02   6.2500942E-01   4.4822415E+02   7.9210352E+07   2.9107786E+03   0.0000000E+00   0.0000000E+00   0.0000000E+00
     9.1100000E+02   4.5060800E+02   6.0801560E-01   4.4808994E+02   7.5653480E+07   2.8542476E+03   0.0000000E+00   0.0000000E+00   0.0000000E+00
     9.1200000E+02   4.5059540E+02   5.9539372E-01   4.4795178E+02   7.3054176E+07   2.8122600E+03   0.0000000E+00   0.0000000E+00   0.0000000E+00
     9.1300000E+02   4.5058984E+02   5.8984309E-01   4.4781891E+02   7.1922672E+07   2.7937954E+03   0.0000000E+00   0.0000000E+00   0.0000000E+00
     9.1400000E+02   4.5057321E+02   5.7321763E-01   4.4767612E+02   6.8575712E+07   2.7384897E+03   0.0000000E+00   0.0000000E+00   0.0000000E+00
     9.1500000E+02   4.5054767E+02   5.4765487E-01   4.4754483E+02   6.3555112E+07   2.6534534E+03   0.0000000E+00   0.0000000E+00   0.0000000E+00
     9.1600000E+02   4.5051703E+02   5.1703805E-01   4.4740308E+02   5.7744436E+07   2.5516045E+03   0.0000000E+00   0.0000000E+00   0.0000000E+00
     9.1700000E+02   4.5050751E+02   5.0749719E-01   4.4727863E+02   5.5979780E+07   2.5198662E+03   0.0000000E+00   0.0000000E+00   0.0000000E+00
     9.1800000E+02   4.5050409E+02   5.0410062E-01   4.4717126E+02   5.5356492E+07   2.5085674E+03   0.0000000E+00   0.0000000E+00   0.0000000E+00
     9.1900000E+02   4.5032529E+02   3.2529315E-01   4.4688980E+02   2.6674478E+07   1.9137520E+03   0.0000000E+00   0.0000000E+00   0.0000000E+00
     9.2000000E+02   4.5029398E+02   2.9397050E-01   4.4668451E+02   2.2532610E+07   1.8095551E+03   0.0000000E+00   0.0000000E+00   0.0000000E+00
     9.2100000E+02   4.5029169E+02   2.9169616E-01   4.4652335E+02   2.2242486E+07   1.8019893E+03   0.0000000E+00   0.0000000E+00   0.0000000E+00
     9.2200000E+02   4.5028882E+02   2.8883156E-01   4.4639163E+02   2.1876764E+07   1.7924601E+03   0.0000000E+00   0.0000000E+00   0.0000000E+00
     9.2300000E+02   4.5028717E+02   2.8717461E-01   4.4627615E+02   2.1671094E+07   1.7869481E+03   0.0000000E+00   0.0000000E+00   0.0000000E+00
     9.2400000E+02   4.5028613E+02   2.8612879E-01   4.4618509E+02   2.1538048E+07   1.7834691E+03   0.0000000E+00   0.0000000E+00   0.0000000E+00
     9.2500000E+02   4.5028522E+02   2.8522903E-01   4.4610037E+02   2.1425934E+07   1.7804760E+03   0.0000000E+00   0.0000000E+00   0.0000000E+00
     9.2600000E+02   4.5028360E+02   2.8361103E-01   4.4603143E+02   2.1224764E+07   1.7750935E+03   0.0000000E+00   0.0000000E+00   0.0000000E+00
     9.2700000E+02   4.5028214E+02   2.8213155E-01   4.4596506E+02   2.1093464E+07   1.7701720E+03   0.0000000E+00   0.0000000E+00   0.0000000E+00
     9.2800000E+02   4.5028046E+02   2.8044212E-01   4.4590027E+02   2.0830948E+07   1.7645520E+03   0.0000000E+00   0.0000000E+00   0.0000000E+00
     9.2900000E+02   4.5027975E+02   2.7974594E-01   4.4584070E+02   2.0742732E+07   1.7622361E+03   0.0000000E+00   0.0000000E+00   0.0000000E+00
     9.3000000E+02   4.5023871E+02   2.3870105E-01   4.4574548E+02   1.5924345E+07   1.6256974E+03   0.0000000E+00   0.0000000E+00   0.0000000E+00
     9.3100000E+02   4.5023611E+02   2.3612335E-01   4.4566666E+02   1.5666243E+07   1.6171226E+03   0.0000000E+00   0.0000000E+00   0.0000000E+00
     9.3200000E+02   4.5023544E+02   2.3543969E-01   4.4560062E+02   1.5561693E+07   1.6148483E+03   0.0000000E+00   0.0000000E+00   0.0000000E+00
     9.3300000E+02   4.5023499E+02   2.3497486E-01   4.4554031E+02   1.5534227E+07   1.6133020E+03   0.0000000E+00   0.0000000E+00   0.0000000E+00
     9.3400000E+02   4.5023456E+02   2.3454899E-01   4.4548886E+02   1.5519091E+07   1.6118854E+03   0.0000000E+00   0.0000000E+00   0.0000000E+00
     9.3500000E+02   4.5023334E+02   2.3333849E-01   4.4543454E+02   1.5279289E+07   1.6078585E+03   0.0000000E+00   0.0000000E+00   0.0000000E+00
     9.3600000E+02   4.5023242E+02   2.3241554E-01   4.4538541E+02   1.5230397E+07   1.6047882E+03   0.0000000E+00   0.0000000E+00   0.0000000E+00
     9.3700000E+02   4.5023178E+02   2.3178817E-01   4.4533527E+02   1.5145266E+07   1.6027013E+03   0.0000000E+00   0.0000000E+00   0.0000000E+00
     9.3800000E+02   4.5023087E+02   2.3085022E-01   4.4528961E+02   1.5059817E+07   1.5995812E+03   0.0000000E+00   0.0000000E+00   0.0000000E+00
     9.3900000E+02   4.5023001E+02   2.3000038E-01   4.4524371E+02   1.4969131E+07   1.5967540E+03   0.0000000E+00   0.0000000E+00   0.0000000E+00
     9.4000000E+02   4.5022919E+02   2.2917284E-01   4.4520355E+02   1.4847765E+07   1.5940012E+03   0.0000000E+00   0.0000000E+00   0.0000000E+00
     9.4100000E+02   4.5022839E+02   2.2838652E-01   4.4516306E+02   1.4794467E+07   1.5913855E+03   0.0000000E+00   0.0000000E+00   0.0000000E+00
     9.4200000E+02   4.5022791E+02   2.2789980E-01   4.4512723E+02   1.4788694E+07   1.5897664E+03   0.0000000E+00   0.0000000E+00   0.0000000E+00
     9.4300000E+02   4.5022711E+02   2.2712696E-01   4.4509015E+02   1.4657118E+07   1.5871954E+03   0.0000000E+00   0.0000000E+00   0.0000000E+00
     9.4400000E+02   4.5022635E+02   2.2633639E-01   4.4505499E+02   1.4573360E+07   1.5845656E+03   0.0000000E+00   0.0000000E+00   0.0000000E+00
     9.4500000E+02   4.5022598E+02   2.2599052E-01   4.4502188E+02   1.4535460E+07   1.5834150E+03   0.0000000E+00   0.0000000E+00   0.0000000E+00
     9.4600000E+02   4.5020322E+02   2.0322438E-01   4.4495172E+02   1.2178604E+07   1.5076819E+03   0.0000000E+00   0.0000000E+00   0.0000000E+00
     9.4700000E+02   4.5020093E+02   2.0093367E-01   4.4489124E+02   1.1950389E+07   1.5000616E+03   0.0000000E+00   0.0000000E+00   0.0000000E+00
     9.4800000E+02   4.5017441E+02   1.7440017E-01   4.4479630E+02   9.4380560E+06   1.4117961E+03   0.0000000E+00   0.0000000E+00   0.0000000E+00
     9.4900000E+02   4.5017407E+02   1.7407529E-01   4.4471555E+02   9.4080680E+06   1.4107155E+03   0.0000000E+00   0.0000000E+00   0.0000000E+00
     9.5000000E+02   4.5017416E+02   1.7417586E-01   4.4464801E+02   9.3779920E+06   1.4110500E+03   0.0000000E+00   0.0000000E+00   0.0000000E+00
     9.5100000E+02   4.5017419E+02   1.7418528E-01   4.4458954E+02   9.4180470E+06   1.4110813E+03   0.0000000E+00   0.0000000E+00   0.0000000E+00
     9.5200000E+02   4.5014975E+02   1.4974053E-01   4.4449731E+02   7.3204310E+06   1.3297642E+03   0.0000000E+00   0.0000000E+00   0.0000000E+00
     9.5300000E+02   4.5014597E+02   1.4595148E-01   4.4441656E+02   7.0143185E+06   1.3171597E+03   0.0000000E+00   0.0000000E+00   0.0000000E+00
     9.5400000E+02   4.5012732E+02   1.2730497E-01   4.4431729E+02   5.5875980E+06   1.2551307E+03   0.0000000E+00   0.0000000E+00   0.0000000E+00
     9.5500000E+02   4.5012106E+02   1.2105161E-01   4.4422318E+02   5.1356075E+06   1.2343285E+03   0.0000000E+00   0.0000000E+00   0.0000000E+00
     9.5600000E+02   4.5012268E+02   1.2268408E-01   4.4415152E+02   5.2513470E+06   1.2397590E+03   0.0000000E+00   0.0000000E+00   0.0000000E+00
     9.5700000E+02   4.5012448E+02   1.2447105E-01   4.4409186E+02   5.3795135E+06   1.2457036E+03   0.0000000E+00   0.0000000E+00   0.0000000E+00
     9.5800000E+02   4.5010278E+02   1.0278745E-01   4.4400287E+02   3.9102500E+06   1.1735715E+03   0.0000000E+00   0.0000000E+00   0.0000000E+00
     9.5900000E+02   4.5010214E+02   1.0213980E-01   4.4392914E+02   3.9821948E+06   1.1714171E+03   0.0000000E+00   0.0000000E+00   0.0000000E+00
     9.6000000E+02   4.5008527E+02   8.5278228E-02   4.4383655E+02   2.8644190E+06   1.1153259E+03   0.0000000E+00   0.0000000E+00   0.0000000E+00
     9.6100000E+02   4.5008069E+02   8.0676600E-02   4.4375174E+02   2.6114622E+06   1.1000183E+03   0.0000000E+00   0.0000000E+00   0.0000000E+00
     9.6200000E+02   4.5006686E+02   6.6867471E-02   4.4365622E+02   1.9098352E+06   1.0540813E+03   0.0000000E+00   0.0000000E+00   0.0000000E+00
     9.6300000E+02   4.5006516E+02   6.5152191E-02   4.4357245E+02   1.8286950E+06   1.0483754E+03   0.0000000E+00   0.0000000E+00   0.0000000E+00
     9.6400000E+02   4.5006427E+02   6.4285263E-02   4.4349979E+02   1.7885048E+06   1.0454915E+03   0.0000000E+00   0.0000000E+00   0.0000000E+00
     9.6500000E+02   4.5004611E+02   4.6103593E-02   4.4340353E+02   1.0276904E+06   9.8500885E+02   0.0000000E+00   0.0000000E+00   0.0000000E+00
     9.6600000E+02   4.5004446E+02   4.4459384E-02   4.4332303E+02   9.7596838E+05   9.7953925E+02   0.0000000E+00   0.0000000E+00   0.0000000E+00
     9.6700000E+02   4.5003519E+02   3.5179388E-02   4.4323459E+02   6.5481425E+05   9.4866870E+02   0.0000000E+00   0.0000000E+00   0.0000000E+00
     9.6800000E+02   4.5003430E+02   3.4296919E-02   4.4315826E+02   6.0065862E+05   9.4573315E+02   0.0000000E+00   0.0000000E+00   0.0000000E+00
     9.6900000E+02   4.5003323E+02   3.3229329E-02   4.4308896E+02   5.9544294E+05   9.4218170E+02   0.0000000E+00   0.0000000E+00   0.0000000E+00
     9.7000000E+02   4.5003442E+02   3.4416649E-02   4.4303241E+02   6.3132169E+05   9.4613141E+02   0.0000000E+00   0.0000000E+00   0.0000000E+00
     9.7100000E+02   4.5003317E+02   3.3175208E-02   4.4298102E+02   6.1785519E+05   9.4200171E+02   0.0000000E+00   0.0000000E+00   0.0000000E+00
     9.7200000E+02   4.5003311E+02   3.3097997E-02   4.4293402E+02   5.9156519E+05   9.4174481E+02   0.0000000E+00   0.0000000E+00   0.0000000E+00
     9.7300000E+02   4.5003229E+02   3.2287944E-02   4.4289218E+02   5.9124531E+05   9.3905017E+02   0.0000000E+00   0.0000000E+00   0.0000000E+00
     9.7400000E+02   4.5003339E+02   3.3391833E-02   4.4285715E+02   6.2706575E+05   9.4272229E+02   0.0000000E+00   0.0000000E+00   0.0000000E+00
     9.7500000E+02   4.5003323E+02   3.3242527E-02   4.4282352E+02   5.9583744E+05   9.4222565E+02   0.0000000E+00   0.0000000E+00   0.0000000E+00
     9.7600000E+02   4.5003659E+02   3.6595296E-02   4.4279968E+02   6.9932625E+05   9.5337885E+02   0.0000000E+00   0.0000000E+00   0.0000000E+00
     9.7700000E+02   4.5003809E+02   3.8074467E-02   4.4277933E+02   7.4707775E+05   9.5829944E+02   0.0000000E+00   0.0000000E+00   0.0000000E+00
     9.7800000E+02   4.5003943E+02   3.9426629E-02   4.4276288E+02   7.9180906E+05   9.6279749E+02   0.0000000E+00   0.0000000E+00   0.0000000E+00
     9.7900000E+02   4.5003540E+02   3.5392892E-02   4.4273999E+02   6.6119275E+05   9.4937897E+02   0.0000000E+00   0.0000000E+00   0.0000000E+00
     9.8000000E+02   4.5003351E+02   3.3501744E-02   4.4271649E+02   6.0360156E+05   9.4308795E+02   0.0000000E+00   0.0000000E+00   0.0000000E+00
     9.8100000E+02   4.5003162E+02   3.1614773E-02   4.4269199E+02   5.4800906E+05   9.3681079E+02   0.0000000E+00   0.0000000E+00   0.0000000E+00
     9.8200000E+02   4.5003036E+02   3.0370291E-02   4.4266879E+02   5.1224831E+05   9.3267096E+02   0.0000000E+00   0.0000000E+00   0.0000000E+00
     9.8300000E+02   4.5003012E+02   3.0133149E-02   4.4264554E+02   4.8442478E+05   9.3188208E+02   0.0000000E+00   0.0000000E+00   0.0000000E+00
     9.8400000E+02   4.5002850E+02   2.8510388E-02   4.4262427E+02   4.8176688E+05   9.2648383E+02   0.0000000E+00   0.0000000E+00   0.0000000E+00
     9.8500000E+02   4.5002835E+02   2.8345624E-02   4.4260132E+02   4.6080244E+05   9.2593573E+02   0.0000000E+00   0.0000000E+00   0.0000000E+00
     9.8600000E+02   4.5002786E+02   2.7867608E-02   4.4258066E+02   4.3563797E+05   9.2434558E+02   0.0000000E+00   0.0000000E+00   0.0000000E+00
     9.8700000E+02   4.5002701E+02   2.7001282E-02   4.4255914E+02   4.1758809E+05   9.2146368E+02   0.0000000E+00   0.0000000E+00   0.0000000E+00
     9.8800000E+02   4.5002591E+02   2.5916265E-02   4.4253833E+02   3.9347831E+05   9.1785431E+02   0.0000000E+00   0.0000000E+00   0.0000000E+00
     9.8900000E+02   4.5002512E+02   2.5121382E-02   4.4251990E+02   3.9180228E+05   9.1521008E+02   0.0000000E+00   0.0000000E+00   0.0000000E+00
     9.9000000E+02   4.5002548E+02   2.5476012E-02   4.4250403E+02   3.7531959E+05   9.1638977E+02   0.0000000E+00   0.0000000E+00   0.0000000E+00
     9.9100000E+02   4.5002509E+02   2.5077824E-02   4.4248813E+02   3.6502366E+05   9.1506519E+02   0.0000000E+00   0.0000000E+00   0.0000000E+00
     9.9200000E+02   4.5002463E+02   2.4641046E-02   4.4247223E+02   3.5132356E+05   9.1361224E+02   0.0000000E+00   0.0000000E+00   0.0000000E+00
     9.9300000E+02   4.5002390E+02   2.3900421E-02   4.4245642E+02   3.3691159E+05   9.1114850E+02   0.0000000E+00   0.0000000E+00   0.0000000E+00
     9.9400000E+02   4.5002283E+02   2.2825122E-02   4.4243997E+02   3.2468366E+05   9.0757141E+02   0.0000000E+00   0.0000000E+00   0.0000000E+00
     9.9500000E+02   4.5002182E+02   2.1820264E-02   4.4242401E+02   2.9502334E+05   9.0422870E+02   0.0000000E+00   0.0000000E+00   0.0000000E+00
     9.9600000E+02   4.5002145E+02   2.1463295E-02   4.4241058E+02   2.8747806E+05   9.0304120E+02   0.0000000E+00   0.0000000E+00   0.0000000E+00
     9.9700000E+02   4.5002124E+02   2.1239026E-02   4.4239749E+02   2.8192000E+05   9.0229517E+02   0.0000000E+00   0.0000000E+00   0.0000000E+00
     9.9800000E+02   4.5002081E+02   2.0808425E-02   4.4238599E+02   2.7568725E+05   9.0086273E+02   0.0000000E+00   0.0000000E+00   0.0000000E+00
     9.9900000E+02   4.5002081E+02   2.0798827E-02   4.4237366E+02   2.6406950E+05   9.0083081E+02   0.0000000E+00   0.0000000E+00   0.0000000E+00
     1.0000000E+03   4.5002042E+02   2.0417525E-02   4.4236301E+02   2.4863155E+05   8.9956238E+02   0.0000000E+00   0.0000000E+00   0.0000000E+00
     1.0010000E+03   4.5002591E+02   2.5907829E-02   4.4236810E+02   3.9327134E+05   9.1782623E+02   0.0000000E+00   0.0000000E+00   0.0000000E+00
     1.0020000E+03   4.5002179E+02   2.1787008E-02   4.4236185E+02   2.9467203E+05   9.0411804E+02   0.0000000E+00   0.0000000E+00   0.0000000E+00
     1.0030000E+03   4.5002216E+02   2.2156332E-02   4.4235388E+02   3.0314709E+05   9.0534662E+02   0.0000000E+00   0.0000000E+00   0.0000000E+00
     1.0040000E+03   4.5002136E+02   2.1357611E-02   4.4234625E+02   3.0006916E+05   9.0268964E+02   0.0000000E+00   0.0000000E+00   0.0000000E+00
     1.0050000E+03   4.5002054E+02   2.0548809E-02   4.4233609E+02   2.6729597E+05   8.9999908E+02   0.0000000E+00   0.0000000E+00   0.0000000E+00
     1.0060000E+03   4.5002042E+02   2.0421129E-02   4.4232596E+02   2.5757542E+05   8.9957434E+02   0.0000000E+00   0.0000000E+00   0.0000000E+00
     1.0070000E+03   4.5001971E+02   1.9719917E-02   4.4231625E+02   2.4293233E+05   8.9724176E+02   0.0000000E+00   0.0000000E+00   0.0000000E+00
     1.0080000E+03   4.5001901E+02   1.9005761E-02   4.4230685E+02   2.3953342E+05   8.9486603E+02   0.0000000E+00   0.0000000E+00   0.0000000E+00
     1.0090000E+03   4.5001913E+02   1.9139741E-02   4.4229877E+02   2.3243767E+05   8.9531177E+02   0.0000000E+00   0.0000000E+00   0.0000000E+00
     1.0100000E+03   4.5001788E+02   1.7893907E-02   4.4229190E+02   2.0721944E+05   8.9116742E+02   0.0000000E+00   0.0000000E+00   0.0000000E+00
     1.0110000E+03   4.5001779E+02   1.7787976E-02   4.4228366E+02   2.0514661E+05   8.9081500E+02   0.0000000E+00   0.0000000E+00   0.0000000E+00
     1.0120000E+03   4.5001764E+02   1.7644411E-02   4.4227695E+02   2.0240558E+05   8.9033740E+02   0.0000000E+00   0.0000000E+00   0.0000000E+00
     1.0130000E+03   4.5001733E+02   1.7328775E-02   4.4227121E+02   1.9636466E+05   8.8928741E+02   0.0000000E+00   0.0000000E+00   0.0000000E+00
     1.0140000E+03   4.5001715E+02   1.7150821E-02   4.4226602E+02   1.9294998E+05   8.8869550E+02   0.0000000E+00   0.0000000E+00   0.0000000E+00
     1.0150000E+03   4.5001688E+02   1.6881000E-02   4.4226120E+02   1.8785088E+05   8.8779791E+02   0.0000000E+00   0.0000000E+00   0.0000000E+00
     1.0160000E+03   4.5001663E+02   1.6628828E-02   4.4225769E+02   1.9008325E+05   8.8695905E+02   0.0000000E+00   0.0000000E+00   0.0000000E+00
     1.0170000E+03   4.5001672E+02   1.6713092E-02   4.4225305E+02   1.8455303E+05   8.8723932E+02   0.0000000E+00   0.0000000E+00   0.0000000E+00
     1.0180000E+03   4.5001630E+02   1.6300261E-02   4.4224756E+02   1.7692570E+05   8.8586603E+02   0.0000000E+00   0.0000000E+00   0.0000000E+00
     1.0190000E+03   4.5001556E+02   1.5578256E-02   4.4224240E+02   1.6588627E+05   8.8346423E+02   0.0000000E+00   0.0000000E+00   0.0000000E+00
     1.0200000E+03   4.5001553E+02   1.5523085E-02   4.4223724E+02   1.6297503E+05   8.8328070E+02   0.0000000E+00   0.0000000E+00   0.0000000E+00
     1.0210000E+03   4.5001532E+02   1.5324182E-02   4.4223151E+02   1.5948952E+05   8.8261902E+02   0.0000000E+00   0.0000000E+00   0.0000000E+00
     1.0220000E+03   4.5001492E+02   1.4928835E-02   4.4222543E+02   1.5250591E+05   8.8130389E+02   0.0000000E+00   0.0000000E+00   0.0000000E+00
     1.0230000E+03   4.5001459E+02   1.4595696E-02   4.4221890E+02   1.5049942E+05   8.8019568E+02   0.0000000E+00   0.0000000E+00   0.0000000E+00
     1.0240000E+03   4.5001456E+02   1.4555971E-02   4.4221136E+02   1.4680759E+05   8.8006354E+02   0.0000000E+00   0.0000000E+00   0.0000000E+00
     1.0250000E+03   4.5001419E+02   1.4193459E-02   4.4220499E+02   1.4082117E+05   8.7885760E+02   0.0000000E+00   0.0000000E+00   0.0000000E+00
     1.0260000E+03   4.5001343E+02   1.3433469E-02   4.4219928E+02   1.2565254E+05   8.7632947E+02   0.0000000E+00   0.0000000E+00   0.0000000E+00
     1.0270000E+03   4.5001318E+02   1.3194603E-02   4.4219385E+02   1.2381955E+05   8.7553485E+02   0.0000000E+00   0.0000000E+00   0.0000000E+00
     1.0280000E+03   4.5001300E+02   1.2991806E-02   4.4218945E+02   1.2615517E+05   8.7486023E+02   0.0000000E+00   0.0000000E+00   0.0000000E+00
     1.0290000E+03   4.5001306E+02   1.3063045E-02   4.4218365E+02   1.2312088E+05   8.7509723E+02   0.0000000E+00   0.0000000E+00   0.0000000E+00
     1.0300000E+03   4.5001282E+02   1.2812274E-02   4.4217868E+02   1.1934177E+05   8.7426300E+02   0.0000000E+00   0.0000000E+00   0.0000000E+00
     1.0310000E+03   4.5001273E+02   1.2713137E-02   4.4217447E+02   1.1864726E+05   8.7393323E+02   0.0000000E+00   0.0000000E+00   0.0000000E+00
     1.0320000E+03   4.5001263E+02   1.2640141E-02   4.4216925E+02   1.1690735E+05   8.7369037E+02   0.0000000E+00   0.0000000E+00   0.0000000E+00
     1.0330000E+03   4.5001208E+02   1.2099558E-02   4.4216428E+02   1.0865276E+05   8.7189209E+02   0.0000000E+00   0.0000000E+00   0.0000000E+00
     1.0340000E+03   4.5001193E+02   1.1942958E-02   4.4215979E+02   1.0644788E+05   8.7137115E+02   0.0000000E+00   0.0000000E+00   0.0000000E+00
     1.0350000E+03   4.5001184E+02   1.1849350E-02   4.4215567E+02   1.0517018E+05   8.7105975E+02   0.0000000E+00   0.0000000E+00   0.0000000E+00
     1.0360000E+03   4.5001181E+02   1.1812206E-02   4.4215125E+02   1.0470427E+05   8.7093622E+02   0.0000000E+00   0.0000000E+00   0.0000000E+00
     1.0370000E+03   4.5001166E+02   1.1659602E-02   4.4214731E+02   1.0253580E+05   8.7042853E+02   0.0000000E+00   0.0000000E+00   0.0000000E+00
     1.0380000E+03   4.5001151E+02   1.1504711E-02   4.4214404E+02   1.0036403E+05   8.6991327E+02   0.0000000E+00   0.0000000E+00   0.0000000E+00
     1.0390000E+03   4.5001123E+02   1.1236980E-02   4.4213983E+02   9.6559312E+04   8.6902264E+02   0.0000000E+00   0.0000000E+00   0.0000000E+00
     1.0400000E+03   4.5001102E+02   1.1019615E-02   4.4213593E+02   9.3508133E+04   8.6829962E+02   0.0000000E+00   0.0000000E+00   0.0000000E+00
     1.0410000E+03   4.5001086E+02   1.0857310E-02   4.4213281E+02   9.1300891E+04   8.6775964E+02   0.0000000E+00   0.0000000E+00   0.0000000E+00
     1.0420000E+03   4.5001065E+02   1.0640314E-02   4.4212921E+02   8.8385766E+04   8.6703784E+02   0.0000000E+00   0.0000000E+00   0.0000000E+00
     1.0430000E+03   4.5001050E+02   1.0491494E-02   4.4212524E+02   8.6311523E+04   8.6654279E+02   0.0000000E+00   0.0000000E+00   0.0000000E+00
     1.0440000E+03   4.5001013E+02   1.0143159E-02   4.4212125E+02   8.1584234E+04   8.6538397E+02   0.0000000E+00   0.0000000E+00   0.0000000E+00
     1.0450000E+03   4.5000964E+02   9.6567040E-03   4.4211746E+02   7.5171328E+04   8.6376575E+02   0.0000000E+00   0.0000000E+00   0.0000000E+00
     1.0460000E+03   4.5000928E+02   9.2925252E-03   4.4211301E+02   7.0530398E+04   8.6255432E+02   0.0000000E+00   0.0000000E+00   0.0000000E+00
     1.0470000E+03   4.5000919E+02   9.1915205E-03   4.4210880E+02   6.9318398E+04   8.6221832E+02   0.0000000E+00   0.0000000E+00   0.0000000E+00
     1.0480000E+03   4.5000894E+02   8.9498768E-03   4.4210461E+02   6.6335078E+04   8.6141449E+02   0.0000000E+00   0.0000000E+00   0.0000000E+00
     1.0490000E+03   4.5000848E+02   8.4960451E-03   4.4210031E+02   6.0839848E+04   8.5990479E+02   0.0000000E+00   0.0000000E+00   0.0000000E+00
     1.0500000E+03   4.5000797E+02   7.9552568E-03   4.4209521E+02   5.4529074E+04   8.5810577E+02   0.0000000E+00   0.0000000E+00   0.0000000E+00
     1.0510000E+03   4.5000769E+02   7.6957541E-03   4.4209085E+02   5.1642828E+04   8.5724255E+02   0.0000000E+00   0.0000000E+00   0.0000000E+00
     1.0520000E+03   4.5001138E+02   1.1383866E-02   4.4209265E+02   9.9571562E+04   8.6951129E+02   0.0000000E+00   0.0000000E+00   0.0000000E+00
     1.0530000E+03   4.5000793E+02   7.9442365E-03   4.4209052E+02   5.4588445E+04   8.5806915E+02   0.0000000E+00   0.0000000E+00   0.0000000E+00
     1.0540000E+03   4.5000739E+02   7.3789270E-03   4.4208578E+02   4.8280113E+04   8.5618860E+02   0.0000000E+00   0.0000000E+00   0.0000000E+00
     1.0550000E+03   4.5000772E+02   7.7157659E-03   4.4208423E+02   5.2226711E+04   8.5730914E+02   0.0000000E+00   0.0000000E+00   0.0000000E+00
     1.0560000E+03   4.5000894E+02   8.9440588E-03   4.4208401E+02   6.6787688E+04   8.6139514E+02   0.0000000E+00   0.0000000E+00   0.0000000E+00
     1.0570000E+03   4.5000769E+02   7.6866075E-03   4.4207837E+02   5.1777434E+04   8.5721210E+02   0.0000000E+00   0.0000000E+00   0.0000000E+00
     1.0580000E+03   4.5000757E+02   7.5766183E-03   4.4207462E+02   5.0573430E+04   8.5684625E+02   0.0000000E+00   0.0000000E+00   0.0000000E+00
     1.0590000E+03   4.5000699E+02   6.9761709E-03   4.4207199E+02   3.8269070E+04   8.5484882E+02   0.0000000E+00   0.0000000E+00   0.0000000E+00
     1.0600000E+03   4.5000662E+02   6.6234930E-03   4.4206906E+02   4.0473559E+04   8.5367560E+02   0.0000000E+00   0.0000000E+00   0.0000000E+00
     1.0610000E+03   4.5000653E+02   6.5214890E-03   4.4206522E+02   3.9369820E+04   8.5333624E+02   0.0000000E+00   0.0000000E+00   0.0000000E+00
     1.0620000E+03   4.5000647E+02   6.4815753E-03   4.4206161E+02   3.8959070E+04   8.5320349E+02   0.0000000E+00   0.0000000E+00   0.0000000E+00
     1.0630000E+03   4.5000629E+02   6.2929466E-03   4.4205896E+02   3.7107934E+04   8.5257599E+02   0.0000000E+00   0.0000000E+00   0.0000000E+00
     1.0640000E+03   4.5000620E+02   6.1920211E-03   4.4205640E+02   3.6105918E+04   8.5224030E+02   0.0000000E+00   0.0000000E+00   0.0000000E+00
     1.0650000E+03   4.5000601E+02   6.0053361E-03   4.4205374E+02   3.4303461E+04   8.5161926E+02   0.0000000E+00   0.0000000E+00   0.0000000E+00
     1.0660000E+03   4.5000607E+02   6.0682567E-03   4.4205069E+02   3.4893879E+04   8.5182855E+02   0.0000000E+00   0.0000000E+00   0.0000000E+00
     1.0670000E+03   4.5000629E+02   6.2981616E-03   4.4204825E+02   3.7140594E+04   8.5259338E+02   0.0000000E+00   0.0000000E+00   0.0000000E+00
     1.0680000E+03   4.5000626E+02   6.2656300E-03   4.4204626E+02   3.6826977E+04   8.5248511E+02   0.0000000E+00   0.0000000E+00   0.0000000E+00
     1.0690000E+03   4.5000589E+02   5.8924179E-03   4.4204434E+02   3.3235332E+04   8.5124359E+02   0.0000000E+00   0.0000000E+00   0.0000000E+00
     1.0700000E+03   4.5000571E+02   5.6944820E-03   4.4204214E+02   3.1384393E+04   8.5058514E+02   0.0000000E+00   0.0000000E+00   0.0000000E+00
     1.0710000E+03   4.5000568E+02   5.6681889E-03   4.4203912E+02   3.1117334E+04   8.5049768E+02   0.0000000E+00   0.0000000E+00   0.0000000E+00
     1.0720000E+03   4.5000571E+02   5.7156254E-03   4.4203787E+02   2.8433244E+04   8.5065552E+02   0.0000000E+00   0.0000000E+00   0.0000000E+00
     1.0730000E+03   4.5000558E+02   5.5910568E-03   4.4203741E+02   2.8045168E+04   8.5024115E+02   0.0000000E+00   0.0000000E+00   0.0000000E+00
     1.0740000E+03   4.5000528E+02   5.2921246E-03   4.4203387E+02   2.7744357E+04   8.4924670E+02   0.0000000E+00   0.0000000E+00   0.0000000E+00
     1.0750000E+03   4.5000516E+02   5.1683830E-03   4.4203110E+02   2.6690635E+04   8.4883508E+02   0.0000000E+00   0.0000000E+00   0.0000000E+00
     1.0760000E+03   4.5000513E+02   5.1419628E-03   4.4202951E+02   2.6483236E+04   8.4874719E+02   0.0000000E+00   0.0000000E+00   0.0000000E+00
     1.0770000E+03   4.5000522E+02   5.2310145E-03   4.4202820E+02   2.7244717E+04   8.4904340E+02   0.0000000E+00   0.0000000E+00   0.0000000E+00
     1.0780000E+03   4.5000522E+02   5.2202917E-03   4.4202664E+02   2.7143162E+04   8.4900775E+02   0.0000000E+00   0.0000000E+00   0.0000000E+00
     1.0790000E+03   4.5000531E+02   5.2970303E-03   4.4202612E+02   2.7836125E+04   8.4926300E+02   0.0000000E+00   0.0000000E+00   0.0000000E+00
     1.0800000E+03   4.5000528E+02   5.2825552E-03   4.4202594E+02   2.7711486E+04   8.4921484E+02   0.0000000E+00   0.0000000E+00   0.0000000E+00
     1.0810000E+03   4.5000528E+02   5.2801874E-03   4.4202594E+02   2.7693111E+04   8.4920697E+02   0.0000000E+00   0.0000000E+00   0.0000000E+00
     1.0820000E+03   4.5000528E+02   5.2693137E-03   4.4202499E+02   2.7575559E+04   8.4917084E+02   0.0000000E+00   0.0000000E+00   0.0000000E+00
     1.0830000E+03   4.5000525E+02   5.2451841E-03   4.4202362E+02   2.7359514E+04   8.4909058E+02   0.0000000E+00   0.0000000E+00   0.0000000E+00
     1.0840000E+03   4.5000522E+02   5.2054171E-03   4.4202200E+02   2.7012734E+04   8.4895825E+02   0.0000000E+00   0.0000000E+00   0.0000000E+00
     1.0850000E+03   4.5000507E+02   5.0677750E-03   4.4202011E+02   2.5820930E+04   8.4850037E+02   0.0000000E+00   0.0000000E+00   0.0000000E+00
     1.0860000E+03   4.5000482E+02   4.8308279E-03   4.4201807E+02   2.3839771E+04   8.4771216E+02   0.0000000E+00   0.0000000E+00   0.0000000E+00
     1.0870000E+03   4.5000479E+02   4.8013409E-03   4.4201614E+02   2.3604402E+04   8.4761407E+02   0.0000000E+00   0.0000000E+00   0.0000000E+00
     1.0880000E+03   4.5000476E+02   4.7637108E-03   4.4201389E+02   2.3259127E+04   8.4748889E+02   0.0000000E+00   0.0000000E+00   0.0000000E+00
     1.0890000E+03   4.5000464E+02   4.6366635E-03   4.4201291E+02   2.2288174E+04   8.4706628E+02   0.0000000E+00   0.0000000E+00   0.0000000E+00
     1.0900000E+03   4.5000391E+02   3.9027138E-03   4.4201389E+02   2.2405979E+04   8.4462476E+02   0.0000000E+00   0.0000000E+00   0.0000000E+00
     1.0910000E+03   4.5000391E+02   3.9076852E-03   4.4201523E+02   2.2483951E+04   8.4464130E+02   0.0000000E+00   0.0000000E+00   0.0000000E+00
     1.0920000E+03   4.5000391E+02   3.9075422E-03   4.4201498E+02   2.2471580E+04   8.4464081E+02   0.0000000E+00   0.0000000E+00   0.0000000E+00
     1.0930000E+03   4.5000400E+02   3.9952104E-03   4.4201486E+02   2.3014502E+04   8.4493243E+02   0.0000000E+00   0.0000000E+00   0.0000000E+00
     1.0940000E+03   4.5000397E+02   3.9747008E-03   4.4201447E+02   2.2778365E+04   8.4486420E+02   0.0000000E+00   0.0000000E+00   0.0000000E+00
     1.0950000E+03   4.5000385E+02   3.8483839E-03   4.4201523E+02   2.1860174E+04   8.4444403E+02   0.0000000E+00   0.0000000E+00   0.0000000E+00
     1.0960000E+03   4.5000372E+02   3.7289381E-03   4.4201407E+02   2.0944268E+04   8.4404663E+02   0.0000000E+00   0.0000000E+00   0.0000000E+00
     1.0970000E+03   4.5000446E+02   4.4537839E-03   4.4201443E+02   1.5420313E+04   8.4645789E+02   0.0000000E+00   0.0000000E+00   0.0000000E+00
     1.0980000E+03   4.5000391E+02   3.9176056E-03   4.4201736E+02   2.2338439E+04   8.4467426E+02   0.0000000E+00   0.0000000E+00   0.0000000E+00
     1.0990000E+03   4.5000925E+02   9.2373434E-03   4.4202924E+02   7.0500609E+04   8.6237073E+02   0.0000000E+00   0.0000000E+00   0.0000000E+00
     1.1000000E+03   4.5000876E+02   8.7577133E-03   4.4203781E+02   6.4501531E+04   8.6077521E+02   0.0000000E+00   0.0000000E+00   0.0000000E+00
     1.1010000E+03   4.5000781E+02   7.8190509E-03   4.4204410E+02   5.3406234E+04   8.5765271E+02   0.0000000E+00   0.0000000E+00   0.0000000E+00
     1.1020000E+03   4.5000665E+02   6.6520758E-03   4.4204681E+02   4.0709965E+04   8.5377069E+02   0.0000000E+00   0.0000000E+00   0.0000000E+00
     1.1030000E+03   4.5000607E+02   6.0769478E-03   4.4204636E+02   3.5073289E+04   8.5185748E+02   0.0000000E+00   0.0000000E+00   0.0000000E+00
     1.1040000E+03   4.5000601E+02   6.0077868E-03   4.4204578E+02   3.4418191E+04   8.5162738E+02   0.0000000E+00   0.0000000E+00   0.0000000E+00
     1.1050000E+03   4.5000656E+02   6.5500690E-03   4.4204767E+02   3.9766816E+04   8.5343134E+02   0.0000000E+00   0.0000000E+00   0.0000000E+00
     1.1060000E+03   4.5000635E+02   6.3593681E-03   4.4204803E+02   3.7466457E+04   8.5279694E+02   0.0000000E+00   0.0000000E+00   0.0000000E+00
     1.1070000E+03   4.5000543E+02   5.4411511E-03   4.4204788E+02   3.4643480E+04   8.4974243E+02   0.0000000E+00   0.0000000E+00   0.0000000E+00
     1.1080000E+03   4.5000580E+02   5.7978355E-03   4.4204718E+02   3.2391977E+04   8.5092902E+02   0.0000000E+00   0.0000000E+00   0.0000000E+00
     1.1090000E+03   4.5000571E+02   5.7096886E-03   4.4204520E+02   3.1573781E+04   8.5063574E+02   0.0000000E+00   0.0000000E+00   0.0000000E+00
     1.1100000E+03   4.5000491E+02   4.9064085E-03   4.4204428E+02   2.9956082E+04   8.4796362E+02   0.0000000E+00   0.0000000E+00   0.0000000E+00
     1.1110000E+03   4.5000476E+02   4.7483929E-03   4.4204349E+02   2.8580730E+04   8.4743793E+02   0.0000000E+00   0.0000000E+00   0.0000000E+00
     1.1120000E+03   4.5000461E+02   4.5990776E-03   4.4204248E+02   2.7322680E+04   8.4694122E+02   0.0000000E+00   0.0000000E+00   0.0000000E+00
     1.1130000E+03   4.5000528E+02   5.2878205E-03   4.4204169E+02   2.2563496E+04   8.4923236E+02   0.0000000E+00   0.0000000E+00   0.0000000E+00
     1.1140000E+03   4.5000455E+02   4.5353444E-03   4.4204129E+02   2.6747598E+04   8.4672925E+02   0.0000000E+00   0.0000000E+00   0.0000000E+00
     1.1150000E+03   4.5000439E+02   4.4047805E-03   4.4204053E+02   2.5637689E+04   8.4629492E+02   0.0000000E+00   0.0000000E+00   0.0000000E+00
     1.1160000E+03   4.5000491E+02   4.9155136E-03   4.4203995E+02   1.9521617E+04   8.4799390E+02   0.0000000E+00   0.0000000E+00   0.0000000E+00
     1.1170000E+03   4.5000436E+02   4.3593878E-03   4.4203922E+02   2.5222828E+04   8.4614392E+02   0.0000000E+00   0.0000000E+00   0.0000000E+00
     1.1180000E+03   4.5000433E+02   4.3308656E-03   4.4203821E+02   2.4936205E+04   8.4604901E+02   0.0000000E+00   0.0000000E+00   0.0000000E+00
     1.1190000E+03   4.5000494E+02   4.9326648E-03   4.4203775E+02   1.9751461E+04   8.4805096E+02   0.0000000E+00   0.0000000E+00   0.0000000E+00
     1.1200000E+03   4.5000482E+02   4.8081065E-03   4.4203757E+02   1.8823816E+04   8.4763660E+02   0.0000000E+00   0.0000000E+00   0.0000000E+00
     1.1210000E+03   4.5000479E+02   4.7945939E-03   4.4203729E+02   1.8759418E+04   8.4759161E+02   0.0000000E+00   0.0000000E+00   0.0000000E+00
     1.1220000E+03   4.5000479E+02   4.7778841E-03   4.4203699E+02   1.8654979E+04   8.4753607E+02   0.0000000E+00   0.0000000E+00   0.0000000E+00
     1.1230000E+03   4.5000476E+02   4.7651255E-03   4.4203668E+02   1.8587254E+04   8.4749359E+02   0.0000000E+00   0.0000000E+00   0.0000000E+00
     1.1240000E+03   4.5000473E+02   4.7395015E-03   4.4203613E+02   1.8433350E+04   8.4740839E+02   0.0000000E+00   0.0000000E+00   0.0000000E+00
     1.1250000E+03   4.5000473E+02   4.7149924E-03   4.4203564E+02   1.8265439E+04   8.4732684E+02   0.0000000E+00   0.0000000E+00   0.0000000E+00
     1.1260000E+03   4.5000470E+02   4.6881698E-03   4.4203506E+02   1.8096523E+04   8.4723761E+02   0.0000000E+00   0.0000000E+00   0.0000000E+00
     1.1270000E+03   4.5000467E+02   4.6602269E-03   4.4203452E+02   1.7936865E+04   8.4714465E+02   0.0000000E+00   0.0000000E+00   0.0000000E+00
     1.1280000E+03   4.5000455E+02   4.5383638E-03   4.4203418E+02   1.6978846E+04   8.4673926E+02   0.0000000E+00   0.0000000E+00   0.0000000E+00
     1.1290000E+03   4.5000479E+02   4.7985092E-03   4.4203430E+02   2.3667516E+04   8.4760468E+02   0.0000000E+00   0.0000000E+00   0.0000000E+00
     1.1300000E+03   4.5000476E+02   4.7582085E-03   4.4203452E+02   2.0745783E+04   8.4747058E+02   0.0000000E+00   0.0000000E+00   0.0000000E+00
     1.1310000E+03   4.5000955E+02   9.5660146E-03   4.4204504E+02   7.4726977E+04   8.6346411E+02   0.0000000E+00   0.0000000E+00   0.0000000E+00
     1.1320000E+03   4.5000687E+02   6.8557905E-03   4.4204819E+02   4.2888895E+04   8.5444836E+02   0.0000000E+00   0.0000000E+00   0.0000000E+00
     1.1330000E+03   4.5000610E+02   6.1016432E-03   4.4204990E+02   3.5314660E+04   8.5193964E+02   0.0000000E+00   0.0000000E+00   0.0000000E+00
     1.1340000E+03   4.5000580E+02   5.8113043E-03   4.4205075E+02   3.2502961E+04   8.5097382E+02   0.0000000E+00   0.0000000E+00   0.0000000E+00
     1.1350000E+03   4.5000586E+02   5.8527282E-03   4.4205151E+02   3.2947402E+04   8.5111157E+02   0.0000000E+00   0.0000000E+00   0.0000000E+00
     1.1360000E+03   4.5000528E+02   5.2740173E-03   4.4205197E+02   3.2153154E+04   8.4918646E+02   0.0000000E+00   0.0000000E+00   0.0000000E+00
     1.1370000E+03   4.5000528E+02   5.2672806E-03   4.4205179E+02   3.2063781E+04   8.4916406E+02   0.0000000E+00   0.0000000E+00   0.0000000E+00
     1.1380000E+03   4.5000537E+02   5.3819013E-03   4.4205209E+02   3.1149791E+04   8.4954535E+02   0.0000000E+00   0.0000000E+00   0.0000000E+00
     1.1390000E+03   4.5000565E+02   5.6429375E-03   4.4205112E+02   2.8256969E+04   8.5041370E+02   0.0000000E+00   0.0000000E+00   0.0000000E+00
     1.1400000E+03   4.5000488E+02   4.8725107E-03   4.4205106E+02   2.6255971E+04   8.4785083E+02   0.0000000E+00   0.0000000E+00   0.0000000E+00
     1.1410000E+03   4.5000519E+02   5.1901266E-03   4.4205136E+02   3.1181270E+04   8.4890741E+02   0.0000000E+00   0.0000000E+00   0.0000000E+00
     1.1420000E+03   4.5000558E+02   5.5744736E-03   4.4205115E+02   3.0284734E+04   8.5018597E+02   0.0000000E+00   0.0000000E+00   0.0000000E+00
     1.1430000E+03   4.5000568E+02   5.6836265E-03   4.4205112E+02   3.1418246E+04   8.5054907E+02   0.0000000E+00   0.0000000E+00   0.0000000E+00
     1.1440000E+03   4.5000632E+02   6.3104662E-03   4.4205276E+02   3.7354309E+04   8.5263428E+02   0.0000000E+00   0.0000000E+00   0.0000000E+00
     1.1450000E+03   4.5000699E+02   7.0022228E-03   4.4205551E+02   4.4426594E+04   8.5493549E+02   0.0000000E+00   0.0000000E+00   0.0000000E+00
     1.1460000E+03   4.5000760E+02   7.5984816E-03   4.4205875E+02   5.0920164E+04   8.5691895E+02   0.0000000E+00   0.0000000E+00   0.0000000E+00
     1.1470000E+03   4.5000690E+02   6.8970155E-03   4.4206015E+02   4.3319648E+04   8.5458551E+02   0.0000000E+00   0.0000000E+00   0.0000000E+00
     1.1480000E+03   4.5000684E+02   6.8294960E-03   4.4206143E+02   3.9879816E+04   8.5436090E+02   0.0000000E+00   0.0000000E+00   0.0000000E+00
     1.1490000E+03   4.5000677E+02   6.7633647E-03   4.4206210E+02   3.9545781E+04   8.5414087E+02   0.0000000E+00   0.0000000E+00   0.0000000E+00
     1.1500000E+03   4.5000681E+02   6.8156803E-03   4.4206302E+02   4.1682176E+04   8.5431494E+02   0.0000000E+00   0.0000000E+00   0.0000000E+00
     1.1510000E+03   4.5000626E+02   6.2643341E-03   4.4206296E+02   4.1125730E+04   8.5248083E+02   0.0000000E+00   0.0000000E+00   0.0000000E+00
     1.1520000E+03   4.5000650E+02   6.4905095E-03   4.4206332E+02   4.1483902E+04   8.5323322E+02   0.0000000E+00   0.0000000E+00   0.0000000E+00
     1.1530000E+03   4.5000668E+02   6.6955886E-03   4.4206287E+02   3.8587082E+04   8.5391541E+02   0.0000000E+00   0.0000000E+00   0.0000000E+00
     1.1540000E+03   4.5000623E+02   6.2268414E-03   4.4206323E+02   3.8255602E+04   8.5235608E+02   0.0000000E+00   0.0000000E+00   0.0000000E+00
     1.1550000E+03   4.5000629E+02   6.2788608E-03   4.4206342E+02   3.8727602E+04   8.5252917E+02   0.0000000E+00   0.0000000E+00   0.0000000E+00
     1.1560000E+03   4.5000626E+02   6.2480387E-03   4.4206372E+02   3.8391867E+04   8.5242664E+02   0.0000000E+00   0.0000000E+00   0.0000000E+00
     1.1570000E+03   4.5000613E+02   6.1341259E-03   4.4206393E+02   3.7207336E+04   8.5204767E+02   0.0000000E+00   0.0000000E+00   0.0000000E+00
     1.1580000E+03   4.5000610E+02   6.1057904E-03   4.4206384E+02   3.6920590E+04   8.5195343E+02   0.0000000E+00   0.0000000E+00   0.0000000E+00
     1.1590000E+03   4.5000641E+02   6.4186240E-03   4.4207037E+02   3.5191105E+04   8.5299408E+02   0.0000000E+00   0.0000000E+00   0.0000000E+00
     1.1600000E+03   4.5000659E+02   6.5828990E-03   4.4207422E+02   3.5334395E+04   8.5354053E+02   0.0000000E+00   0.0000000E+00   0.0000000E+00
     1.1610000E+03   4.5000623E+02   6.2395106E-03   4.4207593E+02   3.2725447E+04   8.5239825E+02   0.0000000E+00   0.0000000E+00   0.0000000E+00
     1.1620000E+03   4.5000632E+02   6.3193380E-03   4.4207620E+02   3.8998684E+04   8.5266382E+02   0.0000000E+00   0.0000000E+00   0.0000000E+00
     1.1630000E+03   4.5000507E+02   5.0682868E-03   4.4207687E+02   2.7256209E+04   8.4850208E+02   0.0000000E+00   0.0000000E+00   0.0000000E+00
     1.1640000E+03   4.5000461E+02   4.6200501E-03   4.4207486E+02   2.5765535E+04   8.4701099E+02   0.0000000E+00   0.0000000E+00   0.0000000E+00
     1.1650000E+03   4.5000504E+02   5.0303843E-03   4.4207227E+02   2.1918432E+04   8.4837598E+02   0.0000000E+00   0.0000000E+00   0.0000000E+00
     1.1660000E+03   4.5000497E+02   4.9793371E-03   4.4206918E+02   2.5162061E+04   8.4820618E+02   0.0000000E+00   0.0000000E+00   0.0000000E+00
     1.1670000E+03   4.5000461E+02   4.6051820E-03   4.4206656E+02   2.4357756E+04   8.4696155E+02   0.0000000E+00   0.0000000E+00   0.0000000E+00
     1.1680000E+03   4.5000500E+02   5.0003785E-03   4.4206494E+02   2.3067105E+04   8.4827618E+02   0.0000000E+00   0.0000000E+00   0.0000000E+00
     1.1690000E+03   4.5000467E+02   4.6658991E-03   4.4206555E+02   2.3914018E+04   8.4716351E+02   0.0000000E+00   0.0000000E+00   0.0000000E+00
     1.1700000E+03   4.5000534E+02   5.3444137E-03   4.4206708E+02   2.3463535E+04   8.4942065E+02   0.0000000E+00   0.0000000E+00   0.0000000E+00
     1.1710000E+03   4.5000528E+02   5.2681975E-03   4.4206845E+02   2.3410645E+04   8.4916711E+02   0.0000000E+00   0.0000000E+00   0.0000000E+00
     1.1720000E+03   4.5000510E+02   5.0950497E-03   4.4207004E+02   2.2512822E+04   8.4859113E+02   0.0000000E+00   0.0000000E+00   0.0000000E+00
     1.1730000E+03   4.5000491E+02   4.8988019E-03   4.4207050E+02   2.0844797E+04   8.4793829E+02   0.0000000E+00   0.0000000E+00   0.0000000E+00
     1.1740000E+03   4.5000467E+02   4.6648718E-03   4.4207065E+02   1.9769566E+04   8.4716010E+02   0.0000000E+00   0.0000000E+00   0.0000000E+00
     1.1750000E+03   4.5000482E+02   4.8129698E-03   4.4207071E+02   2.4655752E+04   8.4765277E+02   0.0000000E+00   0.0000000E+00   0.0000000E+00
     1.1760000E+03   4.5000528E+02   5.2919965E-03   4.4207230E+02   2.2122141E+04   8.4924628E+02   0.0000000E+00   0.0000000E+00   0.0000000E+00
     1.1770000E+03   4.5000497E+02   4.9672914E-03   4.4207297E+02   2.1051863E+04   8.4816614E+02   0.0000000E+00   0.0000000E+00   0.0000000E+00
     1.1780000E+03   4.5000479E+02   4.7975024E-03   4.4207339E+02   2.1004619E+04   8.4760132E+02   0.0000000E+00   0.0000000E+00   0.0000000E+00
     1.1790000E+03   4.5000479E+02   4.7879433E-03   4.4207346E+02   1.9983994E+04   8.4756952E+02   0.0000000E+00   0.0000000E+00   0.0000000E+00
     1.1800000E+03   4.5000476E+02   4.7746520E-03   4.4207321E+02   2.0952582E+04   8.4752527E+02   0.0000000E+00   0.0000000E+00   0.0000000E+00
     1.1810000E+03   4.5000449E+02   4.4804430E-03   4.4207230E+02   1.8456756E+04   8.4654657E+02   0.0000000E+00   0.0000000E+00   0.0000000E+00
     1.1820000E+03   4.5000415E+02   4.1353148E-03   4.4207077E+02   2.0157426E+04   8.4539850E+02   0.0000000E+00   0.0000000E+00   0.0000000E+00
     1.1830000E+03   4.5000436E+02   4.3558688E-03   4.4206970E+02   2.1296445E+04   8.4613220E+02   0.0000000E+00   0.0000000E+00   0.0000000E+00
     1.1840000E+03   4.5000449E+02   4.5006452E-03   4.4206900E+02   2.1927115E+04   8.4661377E+02   0.0000000E+00   0.0000000E+00   0.0000000E+00
     1.1850000E+03   4.5000473E+02   4.7291270E-03   4.4206888E+02   2.3255295E+04   8.4737384E+02   0.0000000E+00   0.0000000E+00   0.0000000E+00
     1.1860000E+03   4.5000458E+02   4.5814845E-03   4.4206857E+02   2.1932215E+04   8.4688269E+02   0.0000000E+00   0.0000000E+00   0.0000000E+00
     1.1870000E+03   4.5000552E+02   5.5288645E-03   4.4206885E+02   2.6008908E+04   8.5003424E+02   0.0000000E+00   0.0000000E+00   0.0000000E+00
     1.1880000E+03   4.5000476E+02   4.7675911E-03   4.4206900E+02   2.7118533E+04   8.4750183E+02   0.0000000E+00   0.0000000E+00   0.0000000E+00
     1.1890000E+03   4.5000476E+02   4.7562253E-03   4.4206888E+02   2.3316521E+04   8.4746399E+02   0.0000000E+00   0.0000000E+00   0.0000000E+00
     1.1900000E+03   4.5000464E+02   4.6497486E-03   4.4206876E+02   2.2443342E+04   8.4710980E+02   0.0000000E+00   0.0000000E+00   0.0000000E+00
     1.1910000E+03   4.5000476E+02   4.7667217E-03   4.4206961E+02   2.0904010E+04   8.4749890E+02   0.0000000E+00   0.0000000E+00   0.0000000E+00
     1.1920000E+03   4.5000476E+02   4.7602071E-03   4.4206924E+02   2.3323762E+04   8.4747723E+02   0.0000000E+00   0.0000000E+00   0.0000000E+00
     1.1930000E+03   4.5000464E+02   4.6492754E-03   4.4206873E+02   2.2442654E+04   8.4710822E+02   0.0000000E+00   0.0000000E+00   0.0000000E+00
     1.1940000E+03   4.5000467E+02   4.6737632E-03   4.4206824E+02   2.3514527E+04   8.4718970E+02   0.0000000E+00   0.0000000E+00   0.0000000E+00
     1.1950000E+03   4.5000479E+02   4.7933487E-03   4.4206808E+02   2.0204082E+04   8.4758746E+02   0.0000000E+00   0.0000000E+00   0.0000000E+00
     1.1960000E+03   4.5000415E+02   4.1362247E-03   4.4206744E+02   1.9908527E+04   8.4540155E+02   0.0000000E+00   0.0000000E+00   0.0000000E+00
     1.1970000E+03   4.5000473E+02   4.7257058E-03   4.4206665E+02   2.3447688E+04   8.4736249E+02   0.0000000E+00   0.0000000E+00   0.0000000E+00
     1.1980000E+03   4.5000507E+02   5.0595603E-03   4.4206711E+02   2.0772555E+04   8.4847308E+02   0.0000000E+00   0.0000000E+00   0.0000000E+00
     1.1990000E+03   4.5000473E+02   4.7218888E-03   4.4206631E+02   2.0021742E+04   8.4734979E+02   0.0000000E+00   0.0000000E+00   0.0000000E+00
     1.2000000E+03   4.5000458E+02   4.5886575E-03   4.4206616E+02   2.1908926E+04   8.4690656E+02   0.0000000E+00   0.0000000E+00   0.0000000E+00
     1.2010000E+03   4.5000449E+02   4.5008352E-03   4.4206561E+02   2.1285742E+04   8.4661444E+02   0.0000000E+00   0.0000000E+00   0.0000000E+00
     1.2020000E+03   4.5000452E+02   4.5232968E-03   4.4206497E+02   1.9106762E+04   8.4668915E+02   0.0000000E+00   0.0000000E+00   0.0000000E+00
     1.2030000E+03   4.5000424E+02   4.2568673E-03   4.4206418E+02   1.9411387E+04   8.4580286E+02   0.0000000E+00   0.0000000E+00   0.0000000E+00
     1.2040000E+03   4.5000522E+02   5.2320790E-03   4.4206577E+02   2.3970637E+04   8.4904694E+02   0.0000000E+00   0.0000000E+00   0.0000000E+00
     1.2050000E+03   4.5000485E+02   4.8466558E-03   4.4206619E+02   2.4061660E+04   8.4776483E+02   0.0000000E+00   0.0000000E+00   0.0000000E+00
     1.2060000E+03   4.5000494E+02   4.9463054E-03   4.4206717E+02   2.4937539E+04   8.4809631E+02   0.0000000E+00   0.0000000E+00   0.0000000E+00
     1.2070000E+03   4.5002930E+02   2.9285928E-02   4.4211322E+02   4.8239456E+05   9.2906372E+02   0.0000000E+00   0.0000000E+00   0.0000000E+00
     1.2080000E+03   4.5000876E+02   8.7649291E-03   4.4211069E+02   6.4591043E+04   8.6079926E+02   0.0000000E+00   0.0000000E+00   0.0000000E+00
     1.2090000E+03   4.5001059E+02   1.0587303E-02   4.4211563E+02   8.8534453E+04   8.6686145E+02   0.0000000E+00   0.0000000E+00   0.0000000E+00
     1.2100000E+03   4.5001157E+02   1.1573379E-02   4.4212106E+02   1.0267070E+05   8.7014172E+02   0.0000000E+00   0.0000000E+00   0.0000000E+00
     1.2110000E+03   4.5000839E+02   8.3883842E-03   4.4211969E+02   6.0032293E+04   8.5954663E+02   0.0000000E+00   0.0000000E+00   0.0000000E+00
     1.2120000E+03   4.5000757E+02   7.5638425E-03   4.4211774E+02   5.0512023E+04   8.5680371E+02   0.0000000E+00   0.0000000E+00   0.0000000E+00
     1.2130000E+03   4.5000705E+02   7.0400205E-03   4.4211496E+02   4.1835668E+04   8.5506122E+02   0.0000000E+00   0.0000000E+00   0.0000000E+00
     1.2140000E+03   4.5000665E+02   6.6434024E-03   4.4211215E+02   4.0694656E+04   8.5374182E+02   0.0000000E+00   0.0000000E+00   0.0000000E+00
     1.2150000E+03   4.5000638E+02   6.3769384E-03   4.4210895E+02   3.5249633E+04   8.5285541E+02   0.0000000E+00   0.0000000E+00   0.0000000E+00
     1.2160000E+03   4.5000604E+02   6.0395384E-03   4.4210608E+02   3.6587117E+04   8.5173303E+02   0.0000000E+00   0.0000000E+00   0.0000000E+00
     1.2170000E+03   4.5000616E+02   6.1683324E-03   4.4210355E+02   3.3293746E+04   8.5216150E+02   0.0000000E+00   0.0000000E+00   0.0000000E+00
     1.2180000E+03   4.5000586E+02   5.8643986E-03   4.4210110E+02   3.4989215E+04   8.5115039E+02   0.0000000E+00   0.0000000E+00   0.0000000E+00
     1.2190000E+03   4.5000601E+02   6.0235169E-03   4.4209903E+02   3.4566691E+04   8.5167975E+02   0.0000000E+00   0.0000000E+00   0.0000000E+00
     1.2200000E+03   4.5000595E+02   5.9541571E-03   4.4209744E+02   3.1120723E+04   8.5144897E+02   0.0000000E+00   0.0000000E+00   0.0000000E+00
     1.2210000E+03   4.5000562E+02   5.6018080E-03   4.4209479E+02   3.3466348E+04   8.5027692E+02   0.0000000E+00   0.0000000E+00   0.0000000E+00
     1.2220000E+03   4.5000589E+02   5.8772080E-03   4.4209247E+02   3.3192793E+04   8.5119305E+02   0.0000000E+00   0.0000000E+00   0.0000000E+00
     1.2230000E+03   4.5000586E+02   5.8677881E-03   4.4209103E+02   3.3065203E+04   8.5116168E+02   0.0000000E+00   0.0000000E+00   0.0000000E+00
     1.2240000E+03   4.5000589E+02   5.9009292E-03   4.4208945E+02   3.0613770E+04   8.5127191E+02   0.0000000E+00   0.0000000E+00   0.0000000E+00
     1.2250000E+03   4.5000616E+02   6.1599477E-03   4.4208945E+02   3.5917156E+04   8.5213361E+02   0.0000000E+00   0.0000000E+00   0.0000000E+00
     1.2260000E+03   4.5000665E+02   6.6426583E-03   4.4209491E+02   4.0704902E+04   8.5373932E+02   0.0000000E+00   0.0000000E+00   0.0000000E+00
     1.2270000E+03   4.5000662E+02   6.6360771E-03   4.4209814E+02   4.0670547E+04   8.5371747E+02   0.0000000E+00   0.0000000E+00   0.0000000E+00
     1.2280000E+03   4.5000635E+02   6.3558873E-03   4.4209879E+02   4.1676508E+04   8.5278540E+02   0.0000000E+00   0.0000000E+00   0.0000000E+00
     1.2290000E+03   4.5000729E+02   7.2989971E-03   4.4209991E+02   4.7717770E+04   8.5592273E+02   0.0000000E+00   0.0000000E+00   0.0000000E+00
     1.2300000E+03   4.5000858E+02   8.5631385E-03   4.4210297E+02   6.4052309E+04   8.6012793E+02   0.0000000E+00   0.0000000E+00   0.0000000E+00
     1.2310000E+03   4.5002094E+02   2.0929107E-02   4.4212943E+02   2.7556362E+05   9.0126422E+02   0.0000000E+00   0.0000000E+00   0.0000000E+00
     1.2320000E+03   4.5002765E+02   2.7652988E-02   4.4216318E+02   4.3842588E+05   9.2363165E+02   0.0000000E+00   0.0000000E+00   0.0000000E+00
     1.2330000E+03   4.5002133E+02   2.1326570E-02   4.4217911E+02   2.8434100E+05   9.0258636E+02   0.0000000E+00   0.0000000E+00   0.0000000E+00
     1.2340000E+03   4.5002121E+02   2.1204317E-02   4.4219540E+02   2.8164956E+05   9.0217969E+02   0.0000000E+00   0.0000000E+00   0.0000000E+00
     1.2350000E+03   4.5002100E+02   2.0982910E-02   4.4220850E+02   2.1041630E+05   9.0144318E+02   0.0000000E+00   0.0000000E+00   0.0000000E+00
     1.2360000E+03   4.5001785E+02   1.7851470E-02   4.4221341E+02   1.6439158E+05   8.9102625E+02   0.0000000E+00   0.0000000E+00   0.0000000E+00
     1.2370000E+03   4.5001526E+02   1.5243851E-02   4.4221301E+02   1.6245047E+05   8.8235181E+02   0.0000000E+00   0.0000000E+00   0.0000000E+00
     1.2380000E+03   4.5001251E+02   1.2499330E-02   4.4220837E+02   1.1670173E+05   8.7322198E+02   0.0000000E+00   0.0000000E+00   0.0000000E+00
     1.2390000E+03   4.5001248E+02   1.2487266E-02   4.4220581E+02   1.1357330E+05   8.7318182E+02   0.0000000E+00   0.0000000E+00   0.0000000E+00
     1.2400000E+03   4.5001196E+02   1.1961118E-02   4.4220868E+02   1.0845035E+05   8.7143158E+02   0.0000000E+00   0.0000000E+00   0.0000000E+00
     1.2410000E+03   4.5001190E+02   1.1901485E-02   4.4221301E+02   1.0753620E+05   8.7123322E+02   0.0000000E+00   0.0000000E+00   0.0000000E+00
     1.2420000E+03   4.5001187E+02   1.1858912E-02   4.4221555E+02   1.0689832E+05   8.7109155E+02   0.0000000E+00   0.0000000E+00   0.0000000E+00
     1.2430000E+03   4.5001141E+02   1.1427172E-02   4.4221628E+02   1.0053445E+05   8.6965533E+02   0.0000000E+00   0.0000000E+00   0.0000000E+00
     1.2440000E+03   4.5001086E+02   1.0864482E-02   4.4221848E+02   9.5227031E+04   8.6778351E+02   0.0000000E+00   0.0000000E+00   0.0000000E+00
     1.2450000E+03   4.5001093E+02   1.0939215E-02   4.4222495E+02   9.0607305E+04   8.6803217E+02   0.0000000E+00   0.0000000E+00   0.0000000E+00
     1.2460000E+03   4.5001587E+02   1.5880821E-02   4.4224316E+02   1.7401364E+05   8.8447070E+02   0.0000000E+00   0.0000000E+00   0.0000000E+00
     1.2470000E+03   4.5001355E+02   1.3556578E-02   4.4225159E+02   1.3361728E+05   8.7673895E+02   0.0000000E+00   0.0000000E+00   0.0000000E+00
     1.2480000E+03   4.5001706E+02   1.7045552E-02   4.4226401E+02   1.9580880E+05   8.8834528E+02   0.0000000E+00   0.0000000E+00   0.0000000E+00
     1.2490000E+03   4.5001334E+02   1.3346672E-02   4.4226617E+02   1.3018136E+05   8.7604071E+02   0.0000000E+00   0.0000000E+00   0.0000000E+00
     1.2500000E+03   4.5001321E+02   1.3210112E-02   4.4226819E+02   1.2800186E+05   8.7558643E+02   0.0000000E+00   0.0000000E+00   0.0000000E+00
     1.2510000E+03   4.5001227E+02   1.2279307E-02   4.4226779E+02   1.1638841E+05   8.7249005E+02   0.0000000E+00   0.0000000E+00   0.0000000E+00
     1.2520000E+03   4.5001248E+02   1.2495126E-02   4.4226724E+02   1.1757984E+05   8.7320801E+02   0.0000000E+00   0.0000000E+00   0.0000000E+00
     1.2530000E+03   4.5001260E+02   1.2598588E-02   4.4226608E+02   1.1836995E+05   8.7355212E+02   0.0000000E+00   0.0000000E+00   0.0000000E+00
     1.2540000E+03   4.5001208E+02   1.2078587E-02   4.4226459E+02   1.1295656E+05   8.7182233E+02   0.0000000E+00   0.0000000E+00   0.0000000E+00
     1.2550000E+03   4.5001178E+02   1.1791647E-02   4.4226227E+02   1.0902570E+05   8.7086780E+02   0.0000000E+00   0.0000000E+00   0.0000000E+00
     1.2560000E+03   4.5001160E+02   1.1593796E-02   4.4225906E+02   1.0295423E+05   8.7020966E+02   0.0000000E+00   0.0000000E+00   0.0000000E+00
     1.2570000E+03   4.5001132E+02   1.1325696E-02   4.4225623E+02   1.0208669E+05   8.6931781E+02   0.0000000E+00   0.0000000E+00   0.0000000E+00
     1.2580000E+03   4.5001117E+02   1.1172918E-02   4.4225580E+02   9.9776734E+04   8.6880957E+02   0.0000000E+00   0.0000000E+00   0.0000000E+00
     1.2590000E+03   4.5001096E+02   1.0966623E-02   4.4225720E+02   9.6844672E+04   8.6812329E+02   0.0000000E+00   0.0000000E+00   0.0000000E+00
     1.2600000E+03   4.5001419E+02   1.4190406E-02   4.4226395E+02   1.4418766E+05   8.7884747E+02   0.0000000E+00   0.0000000E+00   0.0000000E+00
     1.2610000E+03   4.5001276E+02   1.2762229E-02   4.4226575E+02   1.2082338E+05   8.7409650E+02   0.0000000E+00   0.0000000E+00   0.0000000E+00
     1.2620000E+03   4.5001205E+02   1.2040199E-02   4.4226578E+02   1.0964512E+05   8.7169464E+02   0.0000000E+00   0.0000000E+00   0.0000000E+00
     1.2630000E+03   4.5005997E+02   5.9956327E-02   4.4235608E+02   1.5923166E+06   1.0310909E+03   0.0000000E+00   0.0000000E+00   0.0000000E+00
     1.2640000E+03   4.5001813E+02   1.8132100E-02   4.4234796E+02   2.1696247E+05   8.9195978E+02   0.0000000E+00   0.0000000E+00   0.0000000E+00
     1.2650000E+03   4.5001407E+02   1.4067314E-02   4.4234729E+02   1.4210909E+05   8.7843799E+02   0.0000000E+00   0.0000000E+00   0.0000000E+00
     1.2660000E+03   4.5001303E+02   1.3022572E-02   4.4235565E+02   1.2495760E+05   8.7496259E+02   0.0000000E+00   0.0000000E+00   0.0000000E+00
     1.2670000E+03   4.5005063E+02   5.0617859E-02   4.4244916E+02   1.2008185E+06   1.0000259E+03   0.0000000E+00   0.0000000E+00   0.0000000E+00
     1.2680000E+03   4.5003986E+02   3.9867479E-02   4.4251065E+02   8.0659300E+05   9.6426398E+02   0.0000000E+00   0.0000000E+00   0.0000000E+00
     1.2690000E+03   4.5003360E+02   3.3610284E-02   4.4254315E+02   6.0686400E+05   9.4344897E+02   0.0000000E+00   0.0000000E+00   0.0000000E+00
     1.2700000E+03   4.5003366E+02   3.3665452E-02   4.4256760E+02   6.0849550E+05   9.4363251E+02   0.0000000E+00   0.0000000E+00   0.0000000E+00
     1.2710000E+03   4.5004886E+02   4.8857100E-02   4.4260965E+02   1.1320106E+06   9.9416858E+02   0.0000000E+00   0.0000000E+00   0.0000000E+00
     1.2720000E+03   4.5005865E+02   5.8640111E-02   4.4265884E+02   1.5344840E+06   1.0267124E+03   0.0000000E+00   0.0000000E+00   0.0000000E+00
     1.2730000E+03   4.5005273E+02   5.2745163E-02   4.4270233E+02   1.2860821E+06   1.0071025E+03   0.0000000E+00   0.0000000E+00   0.0000000E+00
     1.2740000E+03   4.5004996E+02   4.9953207E-02   4.4274094E+02   1.1746541E+06   9.9781482E+02   0.0000000E+00   0.0000000E+00   0.0000000E+00
     1.2750000E+03   4.5005255E+02   5.2565910E-02   4.4281866E+02   1.2788256E+06   1.0065062E+03   0.0000000E+00   0.0000000E+00   0.0000000E+00
     1.2760000E+03   4.5004892E+02   4.8916854E-02   4.4289923E+02   1.1342722E+06   9.9436737E+02   0.0000000E+00   0.0000000E+00   0.0000000E+00
     1.2770000E+03   4.5004895E+02   4.8954099E-02   4.4299933E+02   1.1281152E+06   9.9449127E+02   0.0000000E+00   0.0000000E+00   0.0000000E+00
     1.2780000E+03   4.5012469E+02   1.2470436E-01   4.4322321E+02   5.3964370E+06   1.2464796E+03   0.0000000E+00   0.0000000E+00   0.0000000E+00
     1.2790000E+03   4.5012482E+02   1.2482642E-01   4.4338925E+02   5.4052435E+06   1.2468857E+03   0.0000000E+00   0.0000000E+00   0.0000000E+00
     1.2800000E+03   4.5012463E+02   1.2462552E-01   4.4357410E+02   5.3771320E+06   1.2462174E+03   0.0000000E+00   0.0000000E+00   0.0000000E+00
     1.2810000E+03   4.5006342E+02   6.3411258E-02   4.4358420E+02   1.7481620E+06   1.0425840E+03   0.0000000E+00   0.0000000E+00   0.0000000E+00
     1.2820000E+03   4.5005392E+02   5.3912714E-02   4.4361270E+02   1.3338994E+06   1.0109864E+03   0.0000000E+00   0.0000000E+00   0.0000000E+00
     1.2830000E+03   4.5004593E+02   4.5942198E-02   4.4363354E+02   1.0217015E+06   9.8447198E+02   0.0000000E+00   0.0000000E+00   0.0000000E+00
     1.2840000E+03   4.5004108E+02   4.1084856E-02   4.4363138E+02   8.4785950E+05   9.6831366E+02   0.0000000E+00   0.0000000E+00   0.0000000E+00
     1.2850000E+03   4.5004092E+02   4.0939279E-02   4.4360760E+02   8.4410956E+05   9.6782941E+02   0.0000000E+00   0.0000000E+00   0.0000000E+00
     1.2860000E+03   4.5003525E+02   3.5257343E-02   4.4356985E+02   6.5723462E+05   9.4892804E+02   0.0000000E+00   0.0000000E+00   0.0000000E+00
     1.2870000E+03   4.5003519E+02   3.5174403E-02   4.4352829E+02   5.8705000E+05   9.4865216E+02   0.0000000E+00   0.0000000E+00   0.0000000E+00
     1.2880000E+03   4.5003708E+02   3.7088610E-02   4.4350311E+02   7.1510856E+05   9.5501990E+02   0.0000000E+00   0.0000000E+00   0.0000000E+00
     1.2890000E+03   4.5005652E+02   5.6520663E-02   4.4349500E+02   1.4431709E+06   1.0196619E+03   0.0000000E+00   0.0000000E+00   0.0000000E+00
     1.2900000E+03   4.5016354E+02   1.6353470E-01   4.4370245E+02   8.4785410E+06   1.3756515E+03   0.0000000E+00   0.0000000E+00   0.0000000E+00
     1.2910000E+03   4.5015955E+02   1.5953599E-01   4.4400381E+02   8.1358370E+06   1.3623495E+03   0.0000000E+00   0.0000000E+00   0.0000000E+00
     1.2920000E+03   4.5010556E+02   1.0556417E-01   4.4416025E+02   4.0878855E+06   1.1828085E+03   0.0000000E+00   0.0000000E+00   0.0000000E+00
     1.2930000E+03   4.5007751E+02   7.7507474E-02   4.4430081E+02   2.4427390E+06   1.0894760E+03   0.0000000E+00   0.0000000E+00   0.0000000E+00
     1.2940000E+03   4.5006415E+02   6.4158812E-02   4.4448135E+02   1.7826452E+06   1.0450708E+03   0.0000000E+00   0.0000000E+00   0.0000000E+00
     1.2950000E+03   4.5005640E+02   5.6383245E-02   4.4448492E+02   1.4373234E+06   1.0192048E+03   0.0000000E+00   0.0000000E+00   0.0000000E+00
     1.2960000E+03   4.5005045E+02   5.0455164E-02   4.4443469E+02   1.1943926E+06   9.9948462E+02   0.0000000E+00   0.0000000E+00   0.0000000E+00
     1.2970000E+03   4.5004724E+02   4.7246572E-02   4.4436627E+02   1.0705038E+06   9.8881104E+02   0.0000000E+00   0.0000000E+00   0.0000000E+00
     1.2980000E+03   4.5004712E+02   4.7130384E-02   4.4429898E+02   9.6116094E+05   9.8842456E+02   0.0000000E+00   0.0000000E+00   0.0000000E+00
     1.2990000E+03   4.5004236E+02   4.2361390E-02   4.4421829E+02   8.9247150E+05   9.7256012E+02   0.0000000E+00   0.0000000E+00   0.0000000E+00
     1.3000000E+03   4.5004175E+02   4.1759558E-02   4.4413541E+02   8.8874306E+05   9.7055811E+02   0.0000000E+00   0.0000000E+00   0.0000000E+00
     1.3010000E+03   4.5004074E+02   4.0727641E-02   4.4405179E+02   8.3503338E+05   9.6712537E+02   0.0000000E+00   0.0000000E+00   0.0000000E+00
     1.3020000E+03   4.5003854E+02   3.8538195E-02   4.4395969E+02   7.6230869E+05   9.5984204E+02   0.0000000E+00   0.0000000E+00   0.0000000E+00
     1.3030000E+03   4.5004224E+02   4.2231105E-02   4.4387839E+02   8.8788856E+05   9.7212677E+02   0.0000000E+00   0.0000000E+00   0.0000000E+00
     1.3040000E+03   4.5004587E+02   4.5862570E-02   4.4381134E+02   1.0187491E+06   9.8420709E+02   0.0000000E+00   0.0000000E+00   0.0000000E+00
     1.3050000E+03   4.5004150E+02   4.1503087E-02   4.4373111E+02   8.6243119E+05   9.6970496E+02   0.0000000E+00   0.0000000E+00   0.0000000E+00
     1.3060000E+03   4.5003824E+02   3.8243450E-02   4.4365128E+02   7.5260344E+05   9.5886151E+02   0.0000000E+00   0.0000000E+00   0.0000000E+00
     1.3070000E+03   4.5003738E+02   3.7377506E-02   4.4358121E+02   7.3940006E+05   9.5598090E+02   0.0000000E+00   0.0000000E+00   0.0000000E+00
     1.3080000E+03   4.5003430E+02   3.4295276E-02   4.4350421E+02   6.2761756E+05   9.4572766E+02   0.0000000E+00   0.0000000E+00   0.0000000E+00
     1.3090000E+03   4.5003409E+02   3.4097560E-02   4.4343408E+02   6.0535719E+05   9.4506995E+02   0.0000000E+00   0.0000000E+00   0.0000000E+00
     1.3100000E+03   4.5003253E+02   3.2520913E-02   4.4336890E+02   5.7448306E+05   9.3982513E+02   0.0000000E+00   0.0000000E+00   0.0000000E+00
     1.3110000E+03   4.5003192E+02   3.1930484E-02   4.4330634E+02   5.5721669E+05   9.3786102E+02   0.0000000E+00   0.0000000E+00   0.0000000E+00
     1.3120000E+03   4.5003110E+02   3.1092176E-02   4.4324982E+02   5.5059306E+05   9.3507233E+02   0.0000000E+00   0.0000000E+00   0.0000000E+00
     1.3130000E+03   4.5003064E+02   3.0631742E-02   4.4319189E+02   5.1990375E+05   9.3354065E+02   0.0000000E+00   0.0000000E+00   0.0000000E+00
     1.3140000E+03   4.5003030E+02   3.0299861E-02   4.4313922E+02   4.9632153E+05   9.3243665E+02   0.0000000E+00   0.0000000E+00   0.0000000E+00
     1.3150000E+03   4.5002969E+02   2.9689718E-02   4.4308731E+02   4.9293506E+05   9.3040698E+02   0.0000000E+00   0.0000000E+00   0.0000000E+00
     1.3160000E+03   4.5002835E+02   2.8360385E-02   4.4304303E+02   4.7392550E+05   9.2598486E+02   0.0000000E+00   0.0000000E+00   0.0000000E+00
     1.3170000E+03   4.5002768E+02   2.7683530E-02   4.4299741E+02   4.3948862E+05   9.2373322E+02   0.0000000E+00   0.0000000E+00   0.0000000E+00
     1.3180000E+03   4.5002750E+02   2.7500169E-02   4.4295645E+02   4.1469850E+05   9.2312329E+02   0.0000000E+00   0.0000000E+00   0.0000000E+00
     1.3190000E+03   4.5002682E+02   2.6833063E-02   4.4291586E+02   4.1286984E+05   9.2090411E+02   0.0000000E+00   0.0000000E+00   0.0000000E+00
     1.3200000E+03   4.5002603E+02   2.6020935E-02   4.4287820E+02   3.7589019E+05   9.1820251E+02   0.0000000E+00   0.0000000E+00   0.0000000E+00
     1.3210000E+03   4.5002524E+02   2.5248028E-02   4.4284021E+02   3.7682247E+05   9.1563141E+02   0.0000000E+00   0.0000000E+00   0.0000000E+00
     1.3220000E+03   4.5002521E+02   2.5199994E-02   4.4280685E+02   3.7028731E+05   9.1547162E+02   0.0000000E+00   0.0000000E+00   0.0000000E+00
     1.3230000E+03   4.5002487E+02   2.4872256E-02   4.4277490E+02   3.6727894E+05   9.1438135E+02   0.0000000E+00   0.0000000E+00   0.0000000E+00
     1.3240000E+03   4.5002478E+02   2.4772033E-02   4.4274524E+02   3.5923488E+05   9.1404797E+02   0.0000000E+00   0.0000000E+00   0.0000000E+00
     1.3250000E+03   4.5002441E+02   2.4421379E-02   4.4271533E+02   3.5025872E+05   9.1288147E+02   0.0000000E+00   0.0000000E+00   0.0000000E+00
     1.3260000E+03   4.5002298E+02   2.2989955E-02   4.4268909E+02   3.4272353E+05   9.0811975E+02   0.0000000E+00   0.0000000E+00   0.0000000E+00
     1.3270000E+03   4.5002350E+02   2.3495287E-02   4.4266342E+02   3.2247209E+05   9.0980078E+02   0.0000000E+00   0.0000000E+00   0.0000000E+00
     1.3280000E+03   4.5002261E+02   2.2604823E-02   4.4264011E+02   3.2394809E+05   9.0683856E+02   0.0000000E+00   0.0000000E+00   0.0000000E+00
     1.3290000E+03   4.5002243E+02   2.2439070E-02   4.4261624E+02   3.1300175E+05   9.0628717E+02   0.0000000E+00   0.0000000E+00   0.0000000E+00
     1.3300000E+03   4.5002252E+02   2.2534210E-02   4.4259570E+02   3.0139322E+05   9.0660370E+02   0.0000000E+00   0.0000000E+00   0.0000000E+00
     1.3310000E+03   4.5002200E+02   2.2008121E-02   4.4257422E+02   3.0495316E+05   9.0485358E+02   0.0000000E+00   0.0000000E+00   0.0000000E+00
     1.3320000E+03   4.5002216E+02   2.2147974E-02   4.4255563E+02   2.9291178E+05   9.0531885E+02   0.0000000E+00   0.0000000E+00   0.0000000E+00
     1.3330000E+03   4.5002203E+02   2.2026405E-02   4.4253802E+02   2.7817106E+05   9.0491443E+02   0.0000000E+00   0.0000000E+00   0.0000000E+00
     1.3340000E+03   4.5002179E+02   2.1782126E-02   4.4252176E+02   2.9458872E+05   9.0410181E+02   0.0000000E+00   0.0000000E+00   0.0000000E+00
     1.3350000E+03   4.5002173E+02   2.1733079E-02   4.4250409E+02   2.8623147E+05   9.0393866E+02   0.0000000E+00   0.0000000E+00   0.0000000E+00
     1.3360000E+03   4.5002151E+02   2.1515733E-02   4.4248911E+02   2.8113584E+05   9.0321564E+02   0.0000000E+00   0.0000000E+00   0.0000000E+00
     1.3370000E+03   4.5002118E+02   2.1167226E-02   4.4247241E+02   2.7329794E+05   9.0205634E+02   0.0000000E+00   0.0000000E+00   0.0000000E+00
     1.3380000E+03   4.5002072E+02   2.0730561E-02   4.4245660E+02   2.6362116E+05   9.0060370E+02   0.0000000E+00   0.0000000E+00   0.0000000E+00
     1.3390000E+03   4.5002051E+02   2.0510167E-02   4.4244046E+02   2.5790205E+05   8.9987054E+02   0.0000000E+00   0.0000000E+00   0.0000000E+00
     1.3400000E+03   4.5002002E+02   2.0027170E-02   4.4242599E+02   2.5883933E+05   8.9826385E+02   0.0000000E+00   0.0000000E+00   0.0000000E+00
     1.3410000E+03   4.5002029E+02   2.0282349E-02   4.4241287E+02   2.5403900E+05   8.9911273E+02   0.0000000E+00   0.0000000E+00   0.0000000E+00
     1.3420000E+03   4.5001993E+02   1.9942749E-02   4.4240033E+02   2.4692789E+05   8.9798303E+02   0.0000000E+00   0.0000000E+00   0.0000000E+00
     1.3430000E+03   4.5002179E+02   2.1792853E-02   4.4239453E+02   2.9490800E+05   9.0413751E+02   0.0000000E+00   0.0000000E+00   0.0000000E+00
     1.3440000E+03   4.5002133E+02   2.1337338E-02   4.4239029E+02   2.7472047E+05   9.0262219E+02   0.0000000E+00   0.0000000E+00   0.0000000E+00
     1.3450000E+03   4.5002039E+02   2.0379277E-02   4.4238187E+02   2.5506233E+05   8.9943512E+02   0.0000000E+00   0.0000000E+00   0.0000000E+00
     1.3460000E+03   4.5001981E+02   1.9795243E-02   4.4237213E+02   2.5142631E+05   8.9749231E+02   0.0000000E+00   0.0000000E+00   0.0000000E+00
     1.3470000E+03   4.5001929E+02   1.9282082E-02   4.4236258E+02   2.3515891E+05   8.9578528E+02   0.0000000E+00   0.0000000E+00   0.0000000E+00
     1.3480000E+03   4.5001868E+02   1.8663589E-02   4.4235251E+02   2.3469242E+05   8.9372778E+02   0.0000000E+00   0.0000000E+00   0.0000000E+00
     1.3490000E+03   4.5001938E+02   1.9376565E-02   4.4234274E+02   2.4217623E+05   8.9609955E+02   0.0000000E+00   0.0000000E+00   0.0000000E+00
     1.3500000E+03   4.5001834E+02   1.8353850E-02   4.4233258E+02   2.1277180E+05   8.9269745E+02   0.0000000E+00   0.0000000E+00   0.0000000E+00
     1.3510000E+03   4.5001773E+02   1.7724909E-02   4.4232260E+02   2.1132952E+05   8.9060522E+02   0.0000000E+00   0.0000000E+00   0.0000000E+00
     1.3520000E+03   4.5001782E+02   1.7808732E-02   4.4231396E+02   2.0449258E+05   8.9088403E+02   0.0000000E+00   0.0000000E+00   0.0000000E+00
     1.3530000E+03   4.5001767E+02   1.7673651E-02   4.4230600E+02   2.0216250E+05   8.9043469E+02   0.0000000E+00   0.0000000E+00   0.0000000E+00
     1.3540000E+03   4.5001782E+02   1.7812792E-02   4.4229755E+02   2.0502345E+05   8.9089758E+02   0.0000000E+00   0.0000000E+00   0.0000000E+00
     1.3550000E+03   4.5001730E+02   1.7304847E-02   4.4228851E+02   1.9531105E+05   8.8920782E+02   0.0000000E+00   0.0000000E+00   0.0000000E+00
     1.3560000E+03   4.5001703E+02   1.7016599E-02   4.4228134E+02   1.9316823E+05   8.8824896E+02   0.0000000E+00   0.0000000E+00   0.0000000E+00
     1.3570000E+03   4.5001669E+02   1.6692497E-02   4.4227460E+02   1.8403375E+05   8.8717084E+02   0.0000000E+00   0.0000000E+00   0.0000000E+00
     1.3580000E+03   4.5001648E+02   1.6476735E-02   4.4226761E+02   1.8039561E+05   8.8645306E+02   0.0000000E+00   0.0000000E+00   0.0000000E+00
     1.3590000E+03   4.5001624E+02   1.6227422E-02   4.4226047E+02   1.7598291E+05   8.8562372E+02   0.0000000E+00   0.0000000E+00   0.0000000E+00
     1.3600000E+03   4.5001620E+02   1.6196465E-02   4.4225491E+02   1.7552391E+05   8.8552075E+02   0.0000000E+00   0.0000000E+00   0.0000000E+00
     1.3610000E+03   4.5001526E+02   1.5270100E-02   4.4224905E+02   1.5895689E+05   8.8243915E+02   0.0000000E+00   0.0000000E+00   0.0000000E+00
     1.3620000E+03   4.5001532E+02   1.5309200E-02   4.4224503E+02   1.5995731E+05   8.8256921E+02   0.0000000E+00   0.0000000E+00   0.0000000E+00
     1.3630000E+03   4.5001550E+02   1.5501232E-02   4.4224100E+02   1.6348070E+05   8.8320801E+02   0.0000000E+00   0.0000000E+00   0.0000000E+00
     1.3640000E+03   4.5001529E+02   1.5299129E-02   4.4223764E+02   1.5817059E+05   8.8253571E+02   0.0000000E+00   0.0000000E+00   0.0000000E+00
     1.3650000E+03   4.5001483E+02   1.4829586E-02   4.4223337E+02   1.6021102E+05   8.8097369E+02   0.0000000E+00   0.0000000E+00   0.0000000E+00
     1.3660000E+03   4.5001477E+02   1.4768085E-02   4.4222757E+02   1.5393328E+05   8.8076917E+02   0.0000000E+00   0.0000000E+00   0.0000000E+00
     1.3670000E+03   4.5001389E+02   1.3889330E-02   4.4222238E+02   1.5118520E+05   8.7784589E+02   0.0000000E+00   0.0000000E+00   0.0000000E+00
     1.3680000E+03   4.5001312E+02   1.3135241E-02   4.4221671E+02   1.3881408E+05   8.7533734E+02   0.0000000E+00   0.0000000E+00   0.0000000E+00
     1.3690000E+03   4.5001349E+02   1.3478927E-02   4.4220981E+02   1.2980870E+05   8.7648065E+02   0.0000000E+00   0.0000000E+00   0.0000000E+00
     1.3700000E+03   4.5001337E+02   1.3375523E-02   4.4220496E+02   1.2652769E+05   8.7613666E+02   0.0000000E+00   0.0000000E+00   0.0000000E+00
     1.3710000E+03   4.5001321E+02   1.3216576E-02   4.4220026E+02   1.3099358E+05   8.7560791E+02   0.0000000E+00   0.0000000E+00   0.0000000E+00
     1.3720000E+03   4.5001355E+02   1.3556561E-02   4.4219516E+02   1.3152623E+05   8.7673889E+02   0.0000000E+00   0.0000000E+00   0.0000000E+00
     1.3730000E+03   4.5001401E+02   1.4011146E-02   4.4219119E+02   1.3921752E+05   8.7825110E+02   0.0000000E+00   0.0000000E+00   0.0000000E+00
     1.3740000E+03   4.5001358E+02   1.3587341E-02   4.4218793E+02   1.3235502E+05   8.7684131E+02   0.0000000E+00   0.0000000E+00   0.0000000E+00
     1.3750000E+03   4.5001334E+02   1.3323524E-02   4.4218326E+02   1.2821520E+05   8.7596368E+02   0.0000000E+00   0.0000000E+00   0.0000000E+00
     1.3760000E+03   4.5001306E+02   1.3051949E-02   4.4217767E+02   1.2400257E+05   8.7506030E+02   0.0000000E+00   0.0000000E+00   0.0000000E+00
     1.3770000E+03   4.5001282E+02   1.2824412E-02   4.4217282E+02   1.2047344E+05   8.7430341E+02   0.0000000E+00   0.0000000E+00   0.0000000E+00
     1.3780000E+03   4.5001233E+02   1.2327729E-02   4.4216809E+02   1.1283562E+05   8.7265112E+02   0.0000000E+00   0.0000000E+00   0.0000000E+00
     1.3790000E+03   4.5001208E+02   1.2091722E-02   4.4216159E+02   1.0655249E+05   8.7186603E+02   0.0000000E+00   0.0000000E+00   0.0000000E+00
     1.3800000E+03   4.5001196E+02   1.1978028E-02   4.4215518E+02   1.0691878E+05   8.7148779E+02   0.0000000E+00   0.0000000E+00   0.0000000E+00
     1.3810000E+03   4.5001196E+02   1.1964915E-02   4.4214972E+02   1.0765504E+05   8.7144421E+02   0.0000000E+00   0.0000000E+00   0.0000000E+00
     1.3820000E+03   4.5001190E+02   1.1908512E-02   4.4214679E+02   1.0697268E+05   8.7125659E+02   0.0000000E+00   0.0000000E+00   0.0000000E+00
     1.3830000E+03   4.5001205E+02   1.2041800E-02   4.4214432E+02   1.0913509E+05   8.7169995E+02   0.0000000E+00   0.0000000E+00   0.0000000E+00
     1.3840000E+03   4.5001175E+02   1.1756686E-02   4.4214166E+02   1.0300650E+05   8.7075153E+02   0.0000000E+00   0.0000000E+00   0.0000000E+00
     1.3850000E+03   4.5001187E+02   1.1863534E-02   4.4213925E+02   1.0656952E+05   8.7110693E+02   0.0000000E+00   0.0000000E+00   0.0000000E+00
     1.3860000E+03   4.5001114E+02   1.1140550E-02   4.4213864E+02   1.0575521E+05   8.6870190E+02   0.0000000E+00   0.0000000E+00   0.0000000E+00
     1.3870000E+03   4.5001093E+02   1.0935551E-02   4.4213672E+02   1.0267680E+05   8.6801996E+02   0.0000000E+00   0.0000000E+00   0.0000000E+00
     1.3880000E+03   4.5001166E+02   1.1668684E-02   4.4213452E+02   9.4776391E+04   8.7045874E+02   0.0000000E+00   0.0000000E+00   0.0000000E+00
     1.3890000E+03   4.5001111E+02   1.1121949E-02   4.4213147E+02   1.0524077E+05   8.6864001E+02   0.0000000E+00   0.0000000E+00   0.0000000E+00
     1.3900000E+03   4.5001114E+02   1.1142412E-02   4.4212662E+02   1.0537953E+05   8.6870807E+02   0.0000000E+00   0.0000000E+00   0.0000000E+00
     1.3910000E+03   4.5001111E+02   1.1109672E-02   4.4212381E+02   1.0476852E+05   8.6859918E+02   0.0000000E+00   0.0000000E+00   0.0000000E+00
     1.3920000E+03   4.5001151E+02   1.1489987E-02   4.4212128E+02   1.0122330E+05   8.6986432E+02   0.0000000E+00   0.0000000E+00   0.0000000E+00
     1.3930000E+03   4.5001154E+02   1.1528051E-02   4.4211929E+02   1.0180611E+05   8.6999097E+02   0.0000000E+00   0.0000000E+00   0.0000000E+00
     1.3940000E+03   4.5001080E+02   1.0804021E-02   4.4211829E+02   1.0002372E+05   8.6758240E+02   0.0000000E+00   0.0000000E+00   0.0000000E+00
     1.3950000E+03   4.5001138E+02   1.1382543E-02   4.4211728E+02   9.1319688E+04   8.6950690E+02   0.0000000E+00   0.0000000E+00   0.0000000E+00
     1.3960000E+03   4.5001129E+02   1.1304071E-02   4.4211569E+02   9.0282547E+04   8.6924585E+02   0.0000000E+00   0.0000000E+00   0.0000000E+00
     1.3970000E+03   4.5000992E+02   9.9248318E-03   4.4211160E+02   7.1085250E+04   8.6465771E+02   0.0000000E+00   0.0000000E+00   0.0000000E+00
     1.3980000E+03   4.5001025E+02   1.0244361E-02   4.4210986E+02   9.1969094E+04   8.6572064E+02   0.0000000E+00   0.0000000E+00   0.0000000E+00
     1.3990000E+03   4.5001016E+02   1.0153175E-02   4.4210611E+02   9.0571562E+04   8.6541730E+02   0.0000000E+00   0.0000000E+00   0.0000000E+00
     1.4000000E+03   4.5001077E+02   1.0776442E-02   4.4210355E+02   8.3026344E+04   8.6749066E+02   0.0000000E+00   0.0000000E+00   0.0000000E+00
     1.4010000E+03   4.5001031E+02   1.0328650E-02   4.4210135E+02   9.2772719E+04   8.6600104E+02   0.0000000E+00   0.0000000E+00   0.0000000E+00
     1.4020000E+03   4.5001025E+02   1.0239220E-02   4.4209912E+02   9.1372609E+04   8.6570355E+02   0.0000000E+00   0.0000000E+00   0.0000000E+00
     1.4030000E+03   4.5001047E+02   1.0467232E-02   4.4209726E+02   7.9115477E+04   8.6646204E+02   0.0000000E+00   0.0000000E+00   0.0000000E+00
     1.4040000E+03   4.5001031E+02   1.0306155E-02   4.4209619E+02   7.7041258E+04   8.6592621E+02   0.0000000E+00   0.0000000E+00   0.0000000E+00
     1.4050000E+03   4.5001035E+02   1.0346158E-02   4.4209552E+02   7.7750305E+04   8.6605927E+02   0.0000000E+00   0.0000000E+00   0.0000000E+00
     1.4060000E+03   4.5001038E+02   1.0383230E-02   4.4209354E+02   7.8341969E+04   8.6618262E+02   0.0000000E+00   0.0000000E+00   0.0000000E+00
     1.4070000E+03   4.5001031E+02   1.0300744E-02   4.4209225E+02   7.7259547E+04   8.6590820E+02   0.0000000E+00   0.0000000E+00   0.0000000E+00
     1.4080000E+03   4.5001025E+02   1.0264950E-02   4.4208969E+02   7.6863812E+04   8.6578912E+02   0.0000000E+00   0.0000000E+00   0.0000000E+00
     1.4090000E+03   4.5001004E+02   1.0035406E-02   4.4208624E+02   7.3936227E+04   8.6502557E+02   0.0000000E+00   0.0000000E+00   0.0000000E+00
     1.4100000E+03   4.5001007E+02   1.0062189E-02   4.4208435E+02   7.4365477E+04   8.6511462E+02   0.0000000E+00   0.0000000E+00   0.0000000E+00
     1.4110000E+03   4.5000995E+02   9.9581201E-03   4.4208194E+02   7.3132562E+04   8.6476843E+02   0.0000000E+00   0.0000000E+00   0.0000000E+00
     1.4120000E+03   4.5000992E+02   9.9219074E-03   4.4207950E+02   7.2822383E+04   8.6464801E+02   0.0000000E+00   0.0000000E+00   0.0000000E+00
     1.4130000E+03   4.5000995E+02   9.9374754E-03   4.4207739E+02   7.3127914E+04   8.6469977E+02   0.0000000E+00   0.0000000E+00   0.0000000E+00
     1.4140000E+03   4.5000964E+02   9.6486788E-03   4.4207617E+02   6.9442586E+04   8.6373907E+02   0.0000000E+00   0.0000000E+00   0.0000000E+00
     1.4150000E+03   4.5000925E+02   9.2315869E-03   4.4207590E+02   6.4162160E+04   8.6235162E+02   0.0000000E+00   0.0000000E+00   0.0000000E+00
     1.4160000E+03   4.5000922E+02   9.2084063E-03   4.4207455E+02   6.4053957E+04   8.6227448E+02   0.0000000E+00   0.0000000E+00   0.0000000E+00
     1.4170000E+03   4.5000928E+02   9.2661129E-03   4.4207370E+02   6.4807863E+04   8.6246643E+02   0.0000000E+00   0.0000000E+00   0.0000000E+00
     1.4180000E+03   4.5000925E+02   9.2465291E-03   4.4207297E+02   6.4640379E+04   8.6240131E+02   0.0000000E+00   0.0000000E+00   0.0000000E+00
     1.4190000E+03   4.5000931E+02   9.3034199E-03   4.4207330E+02   6.5447672E+04   8.6259058E+02   0.0000000E+00   0.0000000E+00   0.0000000E+00
     1.4200000E+03   4.5000928E+02   9.2846397E-03   4.4207281E+02   6.5330676E+04   8.6252808E+02   0.0000000E+00   0.0000000E+00   0.0000000E+00
     1.4210000E+03   4.5000586E+02   5.8579766E-03   4.4206604E+02   2.7314170E+04   8.5112903E+02   0.0000000E+00   0.0000000E+00   0.0000000E+00
     1.4220000E+03   4.5000827E+02   8.2692401E-03   4.4206476E+02   5.2987336E+04   8.5915027E+02   0.0000000E+00   0.0000000E+00   0.0000000E+00
     1.4230000E+03   4.5000803E+02   8.0279177E-03   4.4206375E+02   5.0275000E+04   8.5834753E+02   0.0000000E+00   0.0000000E+00   0.0000000E+00
     1.4240000E+03   4.5000729E+02   7.2931340E-03   4.4206244E+02   5.2965258E+04   8.5590320E+02   0.0000000E+00   0.0000000E+00   0.0000000E+00
     1.4250000E+03   4.5000601E+02   6.0147285E-03   4.4205972E+02   3.9734406E+04   8.5165051E+02   0.0000000E+00   0.0000000E+00   0.0000000E+00
     1.4260000E+03   4.5000662E+02   6.6371737E-03   4.4205829E+02   3.5350406E+04   8.5372113E+02   0.0000000E+00   0.0000000E+00   0.0000000E+00
     1.4270000E+03   4.5000592E+02   5.9062615E-03   4.4205402E+02   2.8283633E+04   8.5128967E+02   0.0000000E+00   0.0000000E+00   0.0000000E+00
     1.4280000E+03   4.5000571E+02   5.7003377E-03   4.4205136E+02   3.6678344E+04   8.5060468E+02   0.0000000E+00   0.0000000E+00   0.0000000E+00
     1.4290000E+03   4.5000595E+02   5.9361849E-03   4.4204819E+02   3.8686109E+04   8.5138922E+02   0.0000000E+00   0.0000000E+00   0.0000000E+00
     1.4300000E+03   4.5000644E+02   6.4295619E-03   4.4204620E+02   3.3548488E+04   8.5303046E+02   0.0000000E+00   0.0000000E+00   0.0000000E+00
     1.4310000E+03   4.5000650E+02   6.5026898E-03   4.4204572E+02   3.4358637E+04   8.5327374E+02   0.0000000E+00   0.0000000E+00   0.0000000E+00
     1.4320000E+03   4.5000650E+02   6.4945575E-03   4.4204529E+02   3.4423539E+04   8.5324670E+02   0.0000000E+00   0.0000000E+00   0.0000000E+00
     1.4330000E+03   4.5000638E+02   6.3929707E-03   4.4204361E+02   3.3444922E+04   8.5290875E+02   0.0000000E+00   0.0000000E+00   0.0000000E+00
     1.4340000E+03   4.5000629E+02   6.2793684E-03   4.4204135E+02   3.2341221E+04   8.5253082E+02   0.0000000E+00   0.0000000E+00   0.0000000E+00
     1.4350000E+03   4.5000665E+02   6.6480101E-03   4.4204160E+02   4.5340723E+04   8.5375714E+02   0.0000000E+00   0.0000000E+00   0.0000000E+00
     1.4360000E+03   4.5000778E+02   7.7702319E-03   4.4204303E+02   5.2792230E+04   8.5749030E+02   0.0000000E+00   0.0000000E+00   0.0000000E+00
     1.4370000E+03   4.5000766E+02   7.6731015E-03   4.4204449E+02   5.1746355E+04   8.5716718E+02   0.0000000E+00   0.0000000E+00   0.0000000E+00
     1.4380000E+03   4.5000726E+02   7.2741648E-03   4.4204456E+02   4.7265992E+04   8.5584009E+02   0.0000000E+00   0.0000000E+00   0.0000000E+00
     1.4390000E+03   4.5000677E+02   6.7866626E-03   4.4204523E+02   4.2219184E+04   8.5421838E+02   0.0000000E+00   0.0000000E+00   0.0000000E+00
     1.4400000E+03   4.5000681E+02   6.7929951E-03   4.4204510E+02   4.0043820E+04   8.5423944E+02   0.0000000E+00   0.0000000E+00   0.0000000E+00
     1.4410000E+03   4.5000647E+02   6.4660115E-03   4.4204337E+02   4.1092320E+04   8.5315173E+02   0.0000000E+00   0.0000000E+00   0.0000000E+00
     1.4420000E+03   4.5000598E+02   5.9918803E-03   4.4204202E+02   3.8147582E+04   8.5157446E+02   0.0000000E+00   0.0000000E+00   0.0000000E+00
     1.4430000E+03   4.5000616E+02   6.1603487E-03   4.4204083E+02   3.9454785E+04   8.5213489E+02   0.0000000E+00   0.0000000E+00   0.0000000E+00
     1.4440000E+03   4.5000604E+02   6.0571679E-03   4.4203940E+02   3.8332594E+04   8.5179169E+02   0.0000000E+00   0.0000000E+00   0.0000000E+00
     1.4450000E+03   4.5000684E+02   6.8319733E-03   4.4203986E+02   4.5798098E+04   8.5436914E+02   0.0000000E+00   0.0000000E+00   0.0000000E+00
     1.4460000E+03   4.5000800E+02   7.9949265E-03   4.4204169E+02   5.2053129E+04   8.5823773E+02   0.0000000E+00   0.0000000E+00   0.0000000E+00
     1.4470000E+03   4.5000806E+02   8.0693904E-03   4.4204337E+02   5.3022938E+04   8.5848547E+02   0.0000000E+00   0.0000000E+00   0.0000000E+00
     1.4480000E+03   4.5000821E+02   8.2192635E-03   4.4204565E+02   5.4847238E+04   8.5898401E+02   0.0000000E+00   0.0000000E+00   0.0000000E+00
     1.4490000E+03   4.5000830E+02   8.2907220E-03   4.4204773E+02   5.5750156E+04   8.5922174E+02   0.0000000E+00   0.0000000E+00   0.0000000E+00
     1.4500000E+03   4.5000803E+02   8.0284532E-03   4.4204984E+02   5.8913789E+04   8.5834930E+02   0.0000000E+00   0.0000000E+00   0.0000000E+00
     1.4510000E+03   4.5000827E+02   8.2747871E-03   4.4205118E+02   5.8684043E+04   8.5916876E+02   0.0000000E+00   0.0000000E+00   0.0000000E+00
     1.4520000E+03   4.5000812E+02   8.1222635E-03   4.4205151E+02   5.6825816E+04   8.5866138E+02   0.0000000E+00   0.0000000E+00   0.0000000E+00
     1.4530000E+03   4.5000760E+02   7.5887302E-03   4.4205139E+02   5.0725391E+04   8.5688654E+02   0.0000000E+00   0.0000000E+00   0.0000000E+00
     1.4540000E+03   4.5000769E+02   7.6946300E-03   4.4205069E+02   5.4002418E+04   8.5723883E+02   0.0000000E+00   0.0000000E+00   0.0000000E+00
     1.4550000E+03   4.5000787E+02   7.8659160E-03   4.4205106E+02   5.3996430E+04   8.5780859E+02   0.0000000E+00   0.0000000E+00   0.0000000E+00
     1.4560000E+03   4.5000772E+02   7.7245384E-03   4.4205121E+02   5.2282969E+04   8.5733832E+02   0.0000000E+00   0.0000000E+00   0.0000000E+00
     1.4570000E+03   4.5000763E+02   7.6304055E-03   4.4205115E+02   5.3103059E+04   8.5702515E+02   0.0000000E+00   0.0000000E+00   0.0000000E+00
     1.4580000E+03   4.5000754E+02   7.5422525E-03   4.4205066E+02   5.1314164E+04   8.5673193E+02   0.0000000E+00   0.0000000E+00   0.0000000E+00
     1.4590000E+03   4.5000790E+02   7.9017663E-03   4.4205130E+02   5.3324375E+04   8.5792786E+02   0.0000000E+00   0.0000000E+00   0.0000000E+00
     1.4600000E+03   4.5000690E+02   6.8909931E-03   4.4204974E+02   4.3385848E+04   8.5456543E+02   0.0000000E+00   0.0000000E+00   0.0000000E+00
     1.4610000E+03   4.5000760E+02   7.5961328E-03   4.4204907E+02   5.1430910E+04   8.5691113E+02   0.0000000E+00   0.0000000E+00   0.0000000E+00
     1.4620000E+03   4.5000781E+02   7.8269532E-03   4.4204880E+02   5.2895672E+04   8.5767896E+02   0.0000000E+00   0.0000000E+00   0.0000000E+00
     1.4630000E+03   4.5000797E+02   7.9579744E-03   4.4204883E+02   5.4754414E+04   8.5811481E+02   0.0000000E+00   0.0000000E+00   0.0000000E+00
     1.4640000E+03   4.5000803E+02   8.0136154E-03   4.4204944E+02   5.5723684E+04   8.5829993E+02   0.0000000E+00   0.0000000E+00   0.0000000E+00
     1.4650000E+03   4.5000803E+02   8.0227815E-03   4.4205109E+02   5.5834605E+04   8.5833044E+02   0.0000000E+00   0.0000000E+00   0.0000000E+00
     1.4660000E+03   4.5000793E+02   7.9273237E-03   4.4205243E+02   5.4258527E+04   8.5801288E+02   0.0000000E+00   0.0000000E+00   0.0000000E+00
     1.4670000E+03   4.5000824E+02   8.2376786E-03   4.4205444E+02   5.7646879E+04   8.5904529E+02   0.0000000E+00   0.0000000E+00   0.0000000E+00
     1.4680000E+03   4.5000812E+02   8.1060398E-03   4.4205560E+02   5.6702227E+04   8.5860736E+02   0.0000000E+00   0.0000000E+00   0.0000000E+00
     1.4690000E+03   4.5000842E+02   8.4364023E-03   4.4205646E+02   5.7968758E+04   8.5970636E+02   0.0000000E+00   0.0000000E+00   0.0000000E+00
     1.4700000E+03   4.5000839E+02   8.3956672E-03   4.4205783E+02   6.0303340E+04   8.5957086E+02   0.0000000E+00   0.0000000E+00   0.0000000E+00
     1.4710000E+03   4.5000851E+02   8.5085351E-03   4.4205899E+02   6.1472621E+04   8.5994629E+02   0.0000000E+00   0.0000000E+00   0.0000000E+00
     1.4720000E+03   4.5000848E+02   8.4877191E-03   4.4206079E+02   6.0232938E+04   8.5987708E+02   0.0000000E+00   0.0000000E+00   0.0000000E+00
     1.4730000E+03   4.5000854E+02   8.5358908E-03   4.4206268E+02   6.1785363E+04   8.6003729E+02   0.0000000E+00   0.0000000E+00   0.0000000E+00
     1.4740000E+03   4.5000833E+02   8.3309757E-03   4.4206293E+02   5.9325781E+04   8.5935565E+02   0.0000000E+00   0.0000000E+00   0.0000000E+00
     1.4750000E+03   4.5000845E+02   8.4494837E-03   4.4206293E+02   6.0829832E+04   8.5974988E+02   0.0000000E+00   0.0000000E+00   0.0000000E+00
     1.4760000E+03   4.5000839E+02   8.3833532E-03   4.4206256E+02   5.9977164E+04   8.5952991E+02   0.0000000E+00   0.0000000E+00   0.0000000E+00
     1.4770000E+03   4.5000806E+02   8.0682533E-03   4.4206204E+02   5.5717043E+04   8.5848169E+02   0.0000000E+00   0.0000000E+00   0.0000000E+00
     1.4780000E+03   4.5000809E+02   8.0914609E-03   4.4206171E+02   5.2358922E+04   8.5855890E+02   0.0000000E+00   0.0000000E+00   0.0000000E+00
     1.4790000E+03   4.5000787E+02   7.8846151E-03   4.4206039E+02   5.3608336E+04   8.5787079E+02   0.0000000E+00   0.0000000E+00   0.0000000E+00
     1.4800000E+03   4.5000787E+02   7.8780157E-03   4.4206015E+02   5.3352535E+04   8.5784888E+02   0.0000000E+00   0.0000000E+00   0.0000000E+00
     1.4810000E+03   4.5000781E+02   7.8119207E-03   4.4206076E+02   5.3316883E+04   8.5762897E+02   0.0000000E+00   0.0000000E+00   0.0000000E+00
     1.4820000E+03   4.5000812E+02   8.1239427E-03   4.4206332E+02   5.9972836E+04   8.5866693E+02   0.0000000E+00   0.0000000E+00   0.0000000E+00
     1.4830000E+03   4.5000891E+02   8.9186663E-03   4.4206726E+02   6.6494609E+04   8.6131067E+02   0.0000000E+00   0.0000000E+00   0.0000000E+00
     1.4840000E+03   4.5000894E+02   8.9563988E-03   4.4207068E+02   6.6993133E+04   8.6143616E+02   0.0000000E+00   0.0000000E+00   0.0000000E+00
     1.4850000E+03   4.5000909E+02   9.1007184E-03   4.4207364E+02   6.8762391E+04   8.6191626E+02   0.0000000E+00   0.0000000E+00   0.0000000E+00
     1.4860000E+03   4.5000854E+02   8.5506449E-03   4.4207526E+02   6.1994664E+04   8.6008636E+02   0.0000000E+00   0.0000000E+00   0.0000000E+00
     1.4870000E+03   4.5000848E+02   8.4757134E-03   4.4207532E+02   5.7708184E+04   8.5983716E+02   0.0000000E+00   0.0000000E+00   0.0000000E+00
     1.4880000E+03   4.5000851E+02   8.5001988E-03   4.4207504E+02   6.1501938E+04   8.5991858E+02   0.0000000E+00   0.0000000E+00   0.0000000E+00
     1.4890000E+03   4.5000851E+02   8.5051553E-03   4.4207428E+02   6.1349008E+04   8.5993506E+02   0.0000000E+00   0.0000000E+00   0.0000000E+00
     1.4900000E+03   4.5000827E+02   8.2598412E-03   4.4207327E+02   5.7011582E+04   8.5911902E+02   0.0000000E+00   0.0000000E+00   0.0000000E+00
     1.4910000E+03   4.5000812E+02   8.1280814E-03   4.4207254E+02   5.8423926E+04   8.5868073E+02   0.0000000E+00   0.0000000E+00   0.0000000E+00
     1.4920000E+03   4.5000861E+02   8.5993558E-03   4.4207428E+02   6.2638945E+04   8.6024841E+02   0.0000000E+00   0.0000000E+00   0.0000000E+00
     1.4930000E+03   4.5000864E+02   8.6319176E-03   4.4207507E+02   6.2964684E+04   8.6035675E+02   0.0000000E+00   0.0000000E+00   0.0000000E+00
     1.4940000E+03   4.5000851E+02   8.5101649E-03   4.4207587E+02   6.1492355E+04   8.5995172E+02   0.0000000E+00   0.0000000E+00   0.0000000E+00
     1.4950000E+03   4.5000815E+02   8.1452215E-03   4.4207605E+02   5.7042652E+04   8.5873773E+02   0.0000000E+00   0.0000000E+00   0.0000000E+00
     1.4960000E+03   4.5000806E+02   8.0672689E-03   4.4207504E+02   6.0548484E+04   8.5847839E+02   0.0000000E+00   0.0000000E+00   0.0000000E+00
     1.4970000E+03   4.5000827E+02   8.2558254E-03   4.4207458E+02   6.0565609E+04   8.5910565E+02   0.0000000E+00   0.0000000E+00   0.0000000E+00
     1.4980000E+03   4.5000827E+02   8.2616340E-03   4.4207413E+02   5.6820285E+04   8.5912500E+02   0.0000000E+00   0.0000000E+00   0.0000000E+00
     1.4990000E+03   4.5000812E+02   8.1168674E-03   4.4207370E+02   5.5955574E+04   8.5864343E+02   0.0000000E+00   0.0000000E+00   0.0000000E+00
     1.5000000E+03   4.5000928E+02   9.2706932E-03   4.4207684E+02   7.0924953E+04   8.6248169E+02   0.0000000E+00   0.0000000E+00   0.0000000E+00
     1.5010000E+03   4.5000946E+02   9.4564948E-03   4.4208002E+02   6.9565391E+04   8.6309979E+02   0.0000000E+00   0.0000000E+00   0.0000000E+00
     1.5020000E+03   4.5000903E+02   9.0181995E-03   4.4208154E+02   6.7736930E+04   8.6164172E+02   0.0000000E+00   0.0000000E+00   0.0000000E+00
     1.5030000E+03   4.5000858E+02   8.5873008E-03   4.4208276E+02   6.2249156E+04   8.6020831E+02   0.0000000E+00   0.0000000E+00   0.0000000E+00
     1.5040000E+03   4.5000845E+02   8.4550790E-03   4.4208267E+02   6.0837832E+04   8.5976849E+02   0.0000000E+00   0.0000000E+00   0.0000000E+00
     1.5050000E+03   4.5000845E+02   8.4441835E-03   4.4208203E+02   5.8421289E+04   8.5973224E+02   0.0000000E+00   0.0000000E+00   0.0000000E+00
     1.5060000E+03   4.5000842E+02   8.4143076E-03   4.4208167E+02   5.8418652E+04   8.5963287E+02   0.0000000E+00   0.0000000E+00   0.0000000E+00
     1.5070000E+03   4.5000858E+02   8.5681900E-03   4.4208096E+02   6.2556617E+04   8.6014478E+02   0.0000000E+00   0.0000000E+00   0.0000000E+00
     1.5080000E+03   4.5000861E+02   8.6017465E-03   4.4208109E+02   6.5704484E+04   8.6025641E+02   0.0000000E+00   0.0000000E+00   0.0000000E+00
     1.5090000E+03   4.5001212E+02   1.2103787E-02   4.4208893E+02   1.1061169E+05   8.7190619E+02   0.0000000E+00   0.0000000E+00   0.0000000E+00
     1.5100000E+03   4.5001218E+02   1.2191765E-02   4.4209543E+02   1.1194895E+05   8.7219885E+02   0.0000000E+00   0.0000000E+00   0.0000000E+00
     1.5110000E+03   4.5001102E+02   1.1011749E-02   4.4209879E+02   9.4481008E+04   8.6827344E+02   0.0000000E+00   0.0000000E+00   0.0000000E+00
     1.5120000E+03   4.5001349E+02   1.3500716E-02   4.4210645E+02   1.3269700E+05   8.7655316E+02   0.0000000E+00   0.0000000E+00   0.0000000E+00
     1.5130000E+03   4.5001428E+02   1.4271735E-02   4.4211392E+02   1.4556786E+05   8.7911798E+02   0.0000000E+00   0.0000000E+00   0.0000000E+00
     1.5140000E+03   4.5001697E+02   1.6957877E-02   4.4212509E+02   1.9405455E+05   8.8805365E+02   0.0000000E+00   0.0000000E+00   0.0000000E+00
     1.5150000E+03   4.5001807E+02   1.8054374E-02   4.4213605E+02   2.1541467E+05   8.9170117E+02   0.0000000E+00   0.0000000E+00   0.0000000E+00
     1.5160000E+03   4.5001862E+02   1.8613569E-02   4.4214606E+02   2.2664886E+05   8.9356140E+02   0.0000000E+00   0.0000000E+00   0.0000000E+00
     1.5170000E+03   4.5001956E+02   1.9554744E-02   4.4215579E+02   2.4603627E+05   8.9669226E+02   0.0000000E+00   0.0000000E+00   0.0000000E+00
     1.5180000E+03   4.5002063E+02   2.0634154E-02   4.4216599E+02   2.6914184E+05   9.0028302E+02   0.0000000E+00   0.0000000E+00   0.0000000E+00
     1.5190000E+03   4.5002173E+02   2.1722106E-02   4.4217670E+02   2.9593756E+05   9.0390216E+02   0.0000000E+00   0.0000000E+00   0.0000000E+00
     1.5200000E+03   4.5002454E+02   2.4525328E-02   4.4219046E+02   3.5891847E+05   9.1322729E+02   0.0000000E+00   0.0000000E+00   0.0000000E+00
     1.5210000E+03   4.5003787E+02   3.7858363E-02   4.4222568E+02   7.4001569E+05   9.5758051E+02   0.0000000E+00   0.0000000E+00   0.0000000E+00
     1.5220000E+03   4.5010754E+02   1.0755647E-01   4.4237778E+02   4.2172755E+06   1.1894360E+03   0.0000000E+00   0.0000000E+00   0.0000000E+00
     1.5230000E+03   4.5009000E+02   9.0003088E-02   4.4246140E+02   3.1337680E+06   1.1310435E+03   0.0000000E+00   0.0000000E+00   0.0000000E+00
     1.5240000E+03   4.5035074E+02   3.5072571E-01   4.4300150E+02   3.0240134E+07   1.9983551E+03   0.0000000E+00   0.0000000E+00   0.0000000E+00
     1.5250000E+03   4.5007620E+02   7.6191917E-02   4.4291360E+02   2.3740282E+06   1.0850997E+03   0.0000000E+00   0.0000000E+00   0.0000000E+00
     1.5260000E+03   4.5004874E+02   4.8725493E-02   4.4286194E+02   1.1269331E+06   9.9373077E+02   0.0000000E+00   0.0000000E+00   0.0000000E+00
     1.5270000E+03   4.5006436E+02   6.4375848E-02   4.4287665E+02   1.7927075E+06   1.0457927E+03   0.0000000E+00   0.0000000E+00   0.0000000E+00
     1.5280000E+03   4.5005566E+02   5.5665724E-02   4.4293405E+02   1.4069596E+06   1.0168179E+03   0.0000000E+00   0.0000000E+00   0.0000000E+00
     1.5290000E+03   4.5004041E+02   4.0399898E-02   4.4304364E+02   8.2465344E+05   9.6603510E+02   0.0000000E+00   0.0000000E+00   0.0000000E+00
     1.5300000E+03   4.5003329E+02   3.3294063E-02   4.4316571E+02   5.9737775E+05   9.4239709E+02   0.0000000E+00   0.0000000E+00   0.0000000E+00
     1.5310000E+03   4.5002899E+02   2.9001186E-02   4.4325754E+02   4.7460319E+05   9.2811652E+02   0.0000000E+00   0.0000000E+00   0.0000000E+00
     1.5320000E+03   4.5002722E+02   2.7210830E-02   4.4330243E+02   4.2678372E+05   9.2216077E+02   0.0000000E+00   0.0000000E+00   0.0000000E+00
     1.5330000E+03   4.5002689E+02   2.6891489E-02   4.4331564E+02   4.1841750E+05   9.2109845E+02   0.0000000E+00   0.0000000E+00   0.0000000E+00
     1.5340000E+03   4.5002689E+02   2.6873985E-02   4.4330499E+02   4.1811322E+05   9.2104022E+02   0.0000000E+00   0.0000000E+00   0.0000000E+00
     1.5350000E+03   4.5002802E+02   2.8009789E-02   4.4328799E+02   4.4790916E+05   9.2481854E+02   0.0000000E+00   0.0000000E+00   0.0000000E+00
     1.5360000E+03   4.5002658E+02   2.6581651E-02   4.4327332E+02   4.1046366E+05   9.2006775E+02   0.0000000E+00   0.0000000E+00   0.0000000E+00
     1.5370000E+03   4.5002753E+02   2.7538437E-02   4.4326419E+02   4.3538150E+05   9.2325061E+02   0.0000000E+00   0.0000000E+00   0.0000000E+00
     1.5380000E+03   4.5002875E+02   2.8754734E-02   4.4325397E+02   4.6794700E+05   9.2729669E+02   0.0000000E+00   0.0000000E+00   0.0000000E+00
     1.5390000E+03   4.5005862E+02   5.8629815E-02   4.4331241E+02   1.5340351E+06   1.0266782E+03   0.0000000E+00   0.0000000E+00   0.0000000E+00
     1.5400000E+03   4.5005396E+02   5.3943962E-02   4.4334863E+02   1.3351880E+06   1.0110904E+03   0.0000000E+00   0.0000000E+00   0.0000000E+00
     1.5410000E+03   4.5004108E+02   4.1074708E-02   4.4339319E+02   8.4768175E+05   9.6827991E+02   0.0000000E+00   0.0000000E+00   0.0000000E+00
     1.5420000E+03   4.5003619E+02   3.6202237E-02   4.4341257E+02   6.8685244E+05   9.5207129E+02   0.0000000E+00   0.0000000E+00   0.0000000E+00
     1.5430000E+03   4.5012082E+02   1.2081048E-01   4.4358554E+02   5.1185315E+06   1.2335264E+03   0.0000000E+00   0.0000000E+00   0.0000000E+00
     1.5440000E+03   4.5023999E+02   2.3998617E-01   4.4395370E+02   1.6067491E+07   1.6299724E+03   0.0000000E+00   0.0000000E+00   0.0000000E+00
     1.5450000E+03   4.5061450E+02   6.1448687E-01   4.4511172E+02   7.7000232E+07   2.8757747E+03   0.0000000E+00   0.0000000E+00   0.0000000E+00
     1.5460000E+03   4.5026572E+02   2.6570201E-01   4.4557974E+02   1.9038338E+07   1.7155181E+03   0.0000000E+00   0.0000000E+00   0.0000000E+00
     1.5470000E+03   4.5025449E+02   2.5447944E-01   4.4597849E+02   1.7717082E+07   1.6781853E+03   0.0000000E+00   0.0000000E+00   0.0000000E+00
     1.5480000E+03   4.5029190E+02   2.9191256E-01   4.4642685E+02   2.2270302E+07   1.8027092E+03   0.0000000E+00   0.0000000E+00   0.0000000E+00
     1.5490000E+03   4.5027023E+02   2.7024508E-01   4.4666183E+02   1.9583968E+07   1.7306307E+03   0.0000000E+00   0.0000000E+00   0.0000000E+00
     1.5500000E+03   4.5027774E+02   2.7772647E-01   4.4680838E+02   2.0495880E+07   1.7555182E+03   0.0000000E+00   0.0000000E+00   0.0000000E+00
     1.5510000E+03   4.5027826E+02   2.7826610E-01   4.4679037E+02   2.0562294E+07   1.7573132E+03   0.0000000E+00   0.0000000E+00   0.0000000E+00
     1.5520000E+03   4.5027130E+02   2.7129939E-01   4.4674155E+02   1.9711478E+07   1.7341381E+03   0.0000000E+00   0.0000000E+00   0.0000000E+00
     1.5530000E+03   4.5026718E+02   2.6717246E-01   4.4666980E+02   1.9214268E+07   1.7204095E+03   0.0000000E+00   0.0000000E+00   0.0000000E+00
     1.5540000E+03   4.5026447E+02   2.6445892E-01   4.4658987E+02   1.8890258E+07   1.7113828E+03   0.0000000E+00   0.0000000E+00   0.0000000E+00
     1.5550000E+03   4.5026190E+02   2.6190308E-01   4.4650571E+02   1.8586856E+07   1.7028805E+03   0.0000000E+00   0.0000000E+00   0.0000000E+00
     1.5560000E+03   4.5025937E+02   2.5935403E-01   4.4642471E+02   1.8286268E+07   1.6944010E+03   0.0000000E+00   0.0000000E+00   0.0000000E+00
     1.5570000E+03   4.5025806E+02   2.5807014E-01   4.4634695E+02   1.8135664E+07   1.6901300E+03   0.0000000E+00   0.0000000E+00   0.0000000E+00
     1.5580000E+03   4.5025891E+02   2.5890434E-01   4.4629007E+02   1.8233580E+07   1.6929050E+03   0.0000000E+00   0.0000000E+00   0.0000000E+00
     1.5590000E+03   4.5025809E+02   2.5809911E-01   4.4621725E+02   1.8139078E+07   1.6902263E+03   0.0000000E+00   0.0000000E+00   0.0000000E+00
     1.5600000E+03   4.5025592E+02   2.5591034E-01   4.4615591E+02   1.7883840E+07   1.6829453E+03   0.0000000E+00   0.0000000E+00   0.0000000E+00
     1.5610000E+03   4.5025266E+02   2.5264868E-01   4.4611560E+02   1.7505162E+07   1.6720952E+03   0.0000000E+00   0.0000000E+00   0.0000000E+00
     1.5620000E+03   4.5025052E+02   2.5050467E-01   4.4605539E+02   1.7258352E+07   1.6649630E+03   0.0000000E+00   0.0000000E+00   0.0000000E+00
     1.5630000E+03   4.5025003E+02   2.5002775E-01   4.4600266E+02   1.7203702E+07   1.6633765E+03   0.0000000E+00   0.0000000E+00   0.0000000E+00
     1.5640000E+03   4.5024884E+02   2.4883822E-01   4.4595892E+02   1.7031618E+07   1.6594194E+03   0.0000000E+00   0.0000000E+00   0.0000000E+00
     1.5650000E+03   4.5024646E+02   2.4646011E-01   4.4592523E+02   1.6796370E+07   1.6515084E+03   0.0000000E+00   0.0000000E+00   0.0000000E+00
     1.5660000E+03   4.5024799E+02   2.4798506E-01   4.4588965E+02   1.6969794E+07   1.6565814E+03   0.0000000E+00   0.0000000E+00   0.0000000E+00
     1.5670000E+03   4.5022815E+02   2.2816344E-01   4.4584320E+02   1.4770022E+07   1.5906433E+03   0.0000000E+00   0.0000000E+00   0.0000000E+00
     1.5680000E+03   4.5022229E+02   2.2227529E-01   4.4578601E+02   1.4102451E+07   1.5710560E+03   0.0000000E+00   0.0000000E+00   0.0000000E+00
     1.5690000E+03   4.5017825E+02   1.7824045E-01   4.4568597E+02   9.7869680E+06   1.4245712E+03   0.0000000E+00   0.0000000E+00   0.0000000E+00
     1.5700000E+03   4.5017383E+02   1.7383577E-01   4.4558810E+02   9.3485880E+06   1.4099186E+03   0.0000000E+00   0.0000000E+00   0.0000000E+00
     1.5710000E+03   4.5012372E+02   1.2372322E-01   4.4543436E+02   5.3258600E+06   1.2432158E+03   0.0000000E+00   0.0000000E+00   0.0000000E+00
     1.5720000E+03   4.5011353E+02   1.1354019E-01   4.4528076E+02   4.6155180E+06   1.2093413E+03   0.0000000E+00   0.0000000E+00   0.0000000E+00
     1.5730000E+03   4.5011310E+02   1.1310529E-01   4.4514874E+02   4.5860935E+06   1.2078945E+03   0.0000000E+00   0.0000000E+00   0.0000000E+00
     1.5740000E+03   4.5011270E+02   1.1270414E-01   4.4502258E+02   4.5590920E+06   1.2065601E+03   0.0000000E+00   0.0000000E+00   0.0000000E+00
     1.5750000E+03   4.5011157E+02   1.1156420E-01   4.4490833E+02   4.4647770E+06   1.2027681E+03   0.0000000E+00   0.0000000E+00   0.0000000E+00
     1.5760000E+03   4.5011066E+02   1.1064807E-01   4.4480875E+02   4.4587645E+06   1.1997205E+03   0.0000000E+00   0.0000000E+00   0.0000000E+00
     1.5770000E+03   4.5011438E+02   1.1438467E-01   4.4471869E+02   4.6728965E+06   1.2121505E+03   0.0000000E+00   0.0000000E+00   0.0000000E+00
     1.5780000E+03   4.5010580E+02   1.0580271E-01   4.4463837E+02   4.1032915E+06   1.1836021E+03   0.0000000E+00   0.0000000E+00   0.0000000E+00
     1.5790000E+03   4.5010510E+02   1.0509218E-01   4.4455682E+02   4.1456355E+06   1.1812384E+03   0.0000000E+00   0.0000000E+00   0.0000000E+00
     1.5800000E+03   4.5010550E+02   1.0549855E-01   4.4449591E+02   4.0836372E+06   1.1825902E+03   0.0000000E+00   0.0000000E+00   0.0000000E+00
     1.5810000E+03   4.5008777E+02   8.7760054E-02   4.4440518E+02   3.0046865E+06   1.1235819E+03   0.0000000E+00   0.0000000E+00   0.0000000E+00
     1.5820000E+03   4.5008539E+02   8.5381538E-02   4.4432761E+02   2.8333310E+06   1.1156697E+03   0.0000000E+00   0.0000000E+00   0.0000000E+00
     1.5830000E+03   4.5006470E+02   6.4708859E-02   4.4421506E+02   1.8081919E+06   1.0469005E+03   0.0000000E+00   0.0000000E+00   0.0000000E+00
     1.5840000E+03   4.5006152E+02   6.1514795E-02   4.4412216E+02   1.6992550E+06   1.0362753E+03   0.0000000E+00   0.0000000E+00   0.0000000E+00
     1.5850000E+03   4.5005054E+02   5.0526176E-02   4.4401071E+02   1.1971955E+06   9.9972089E+02   0.0000000E+00   0.0000000E+00   0.0000000E+00
     1.5860000E+03   4.5003992E+02   3.9918810E-02   4.4391980E+02   8.0216831E+05   9.6443475E+02   0.0000000E+00   0.0000000E+00   0.0000000E+00
     1.5870000E+03   4.5003748E+02   3.7476990E-02   4.4382452E+02   7.2763269E+05   9.5631183E+02   0.0000000E+00   0.0000000E+00   0.0000000E+00
     1.5880000E+03   4.5003708E+02   3.7089761E-02   4.4375885E+02   6.7985494E+05   9.5502374E+02   0.0000000E+00   0.0000000E+00   0.0000000E+00
     1.5890000E+03   4.5003641E+02   3.6406044E-02   4.4369864E+02   6.9333319E+05   9.5274927E+02   0.0000000E+00   0.0000000E+00   0.0000000E+00
     1.5900000E+03   4.5003500E+02   3.5014711E-02   4.4364471E+02   6.8432581E+05   9.4812091E+02   0.0000000E+00   0.0000000E+00   0.0000000E+00
     1.5910000E+03   4.5003540E+02   3.5385545E-02   4.4359711E+02   6.6441675E+05   9.4935449E+02   0.0000000E+00   0.0000000E+00   0.0000000E+00
     1.5920000E+03   4.5003400E+02   3.4010958E-02   4.4355173E+02   6.5675506E+05   9.4478186E+02   0.0000000E+00   0.0000000E+00   0.0000000E+00
     1.5930000E+03   4.5003439E+02   3.4408361E-02   4.4351950E+02   6.3109075E+05   9.4610388E+02   0.0000000E+00   0.0000000E+00   0.0000000E+00
     1.5940000E+03   4.5003302E+02   3.3009537E-02   4.4347891E+02   6.2326981E+05   9.4145056E+02   0.0000000E+00   0.0000000E+00   0.0000000E+00
     1.5950000E+03   4.5003351E+02   3.3515878E-02   4.4345081E+02   6.0402800E+05   9.4313495E+02   0.0000000E+00   0.0000000E+00   0.0000000E+00
     1.5960000E+03   4.5003217E+02   3.2159403E-02   4.4342181E+02   5.9616188E+05   9.3862256E+02   0.0000000E+00   0.0000000E+00   0.0000000E+00
     1.5970000E+03   4.5003275E+02   3.2730579E-02   4.4339066E+02   5.8480219E+05   9.4052258E+02   0.0000000E+00   0.0000000E+00   0.0000000E+00
     1.5980000E+03   4.5003168E+02   3.1679124E-02   4.4336871E+02   5.4987312E+05   9.3702484E+02   0.0000000E+00   0.0000000E+00   0.0000000E+00
     1.5990000E+03   4.5003036E+02   3.0379409E-02   4.4333408E+02   5.4271706E+05   9.3270129E+02   0.0000000E+00   0.0000000E+00   0.0000000E+00
     1.6000000E+03   4.5003107E+02   3.1077137E-02   4.4330646E+02   5.3259362E+05   9.3502234E+02   0.0000000E+00   0.0000000E+00   0.0000000E+00
     1.6010000E+03   4.5003082E+02   3.0813273E-02   4.4327606E+02   5.2496900E+05   9.3414453E+02   0.0000000E+00   0.0000000E+00   0.0000000E+00
     1.6020000E+03   4.5003061E+02   3.0619474E-02   4.4325162E+02   4.9037294E+05   9.3349988E+02   0.0000000E+00   0.0000000E+00   0.0000000E+00
     1.6030000E+03   4.5003519E+02   3.5188429E-02   4.4322983E+02   6.5509519E+05   9.4869879E+02   0.0000000E+00   0.0000000E+00   0.0000000E+00
     1.6040000E+03   4.5003278E+02   3.2788694E-02   4.4320551E+02   5.8234206E+05   9.4071594E+02   0.0000000E+00   0.0000000E+00   0.0000000E+00
     1.6050000E+03   4.5003171E+02   3.1700861E-02   4.4317816E+02   5.5712412E+05   9.3709717E+02   0.0000000E+00   0.0000000E+00   0.0000000E+00
     1.6060000E+03   4.5003116E+02   3.1169441E-02   4.4314972E+02   5.3520269E+05   9.3532935E+02   0.0000000E+00   0.0000000E+00   0.0000000E+00
     1.6070000E+03   4.5003079E+02   3.0805731E-02   4.4312137E+02   5.2692600E+05   9.3411945E+02   0.0000000E+00   0.0000000E+00   0.0000000E+00
     1.6080000E+03   4.5002933E+02   2.9313875E-02   4.4309503E+02   5.1024694E+05   9.2915668E+02   0.0000000E+00   0.0000000E+00   0.0000000E+00
     1.6090000E+03   4.5002957E+02   2.9558415E-02   4.4306979E+02   4.8989919E+05   9.2997015E+02   0.0000000E+00   0.0000000E+00   0.0000000E+00
     1.6100000E+03   4.5002762E+02   2.7613277E-02   4.4304391E+02   4.6361994E+05   9.2349957E+02   0.0000000E+00   0.0000000E+00   0.0000000E+00
     1.6110000E+03   4.5002805E+02   2.8054465E-02   4.4302100E+02   4.6481750E+05   9.2496716E+02   0.0000000E+00   0.0000000E+00   0.0000000E+00
     1.6120000E+03   4.5002811E+02   2.8097818E-02   4.4300085E+02   4.5023275E+05   9.2511139E+02   0.0000000E+00   0.0000000E+00   0.0000000E+00
     1.6130000E+03   4.5002814E+02   2.8148707E-02   4.4298090E+02   4.7032147E+05   9.2528070E+02   0.0000000E+00   0.0000000E+00   0.0000000E+00
     1.6140000E+03   4.5002789E+02   2.7889943E-02   4.4296124E+02   4.5953103E+05   9.2441986E+02   0.0000000E+00   0.0000000E+00   0.0000000E+00
     1.6150000E+03   4.5002713E+02   2.7142314E-02   4.4293918E+02   4.3946159E+05   9.2193286E+02   0.0000000E+00   0.0000000E+00   0.0000000E+00
     1.6160000E+03   4.5002716E+02   2.7171917E-02   4.4291769E+02   4.2564584E+05   9.2203131E+02   0.0000000E+00   0.0000000E+00   0.0000000E+00
     1.6170000E+03   4.5002759E+02   2.7594801E-02   4.4289752E+02   4.3687322E+05   9.2343811E+02   0.0000000E+00   0.0000000E+00   0.0000000E+00
     1.6180000E+03   4.5002734E+02   2.7341170E-02   4.4287653E+02   4.1539797E+05   9.2259436E+02   0.0000000E+00   0.0000000E+00   0.0000000E+00
     1.6190000E+03   4.5003143E+02   3.1421348E-02   4.4286450E+02   5.4243269E+05   9.3616736E+02   0.0000000E+00   0.0000000E+00   0.0000000E+00
     1.6200000E+03   4.5002884E+02   2.8826060E-02   4.4284589E+02   4.7982431E+05   9.2753394E+02   0.0000000E+00   0.0000000E+00   0.0000000E+00
     1.6210000E+03   4.5002917E+02   2.9187571E-02   4.4282809E+02   4.7969822E+05   9.2873651E+02   0.0000000E+00   0.0000000E+00   0.0000000E+00
     1.6220000E+03   4.5002838E+02   2.8395778E-02   4.4281000E+02   4.5762841E+05   9.2610260E+02   0.0000000E+00   0.0000000E+00   0.0000000E+00
     1.6230000E+03   4.5002762E+02   2.7603362E-02   4.4279144E+02   4.4600622E+05   9.2346655E+02   0.0000000E+00   0.0000000E+00   0.0000000E+00
     1.6240000E+03   4.5002722E+02   2.7213374E-02   4.4277545E+02   4.3905997E+05   9.2216925E+02   0.0000000E+00   0.0000000E+00   0.0000000E+00
     1.6250000E+03   4.5002664E+02   2.6635772E-02   4.4275903E+02   4.1150838E+05   9.2024780E+02   0.0000000E+00   0.0000000E+00   0.0000000E+00
     1.6260000E+03   4.5002655E+02   2.6548112E-02   4.4274295E+02   3.8541616E+05   9.1995618E+02   0.0000000E+00   0.0000000E+00   0.0000000E+00
     1.6270000E+03   4.5002563E+02   2.5638057E-02   4.4272977E+02   3.9391859E+05   9.1692883E+02   0.0000000E+00   0.0000000E+00   0.0000000E+00
     1.6280000E+03   4.5002545E+02   2.5454065E-02   4.4271942E+02   3.9305388E+05   9.1631677E+02   0.0000000E+00   0.0000000E+00   0.0000000E+00
     1.6290000E+03   4.5002554E+02   2.5550859E-02   4.4271027E+02   3.7310350E+05   9.1663879E+02   0.0000000E+00   0.0000000E+00   0.0000000E+00
     1.6300000E+03   4.5002475E+02   2.4757937E-02   4.4269766E+02   3.6468872E+05   9.1400104E+02   0.0000000E+00   0.0000000E+00   0.0000000E+00
     1.6310000E+03   4.5002524E+02   2.5234060E-02   4.4268552E+02   3.6738556E+05   9.1558490E+02   0.0000000E+00   0.0000000E+00   0.0000000E+00
     1.6320000E+03   4.5002475E+02   2.4760112E-02   4.4267157E+02   3.6466388E+05   9.1400830E+02   0.0000000E+00   0.0000000E+00   0.0000000E+00
     1.6330000E+03   4.5002469E+02   2.4679080E-02   4.4265710E+02   3.6304638E+05   9.1373871E+02   0.0000000E+00   0.0000000E+00   0.0000000E+00
     1.6340000E+03   4.5002405E+02   2.4042591E-02   4.4264246E+02   3.4707428E+05   9.1162140E+02   0.0000000E+00   0.0000000E+00   0.0000000E+00
     1.6350000E+03   4.5002362E+02   2.3609079E-02   4.4262784E+02   3.4643259E+05   9.1017932E+02   0.0000000E+00   0.0000000E+00   0.0000000E+00
     1.6360000E+03   4.5002386E+02   2.3871707E-02   4.4261395E+02   3.3334122E+05   9.1105298E+02   0.0000000E+00   0.0000000E+00   0.0000000E+00
     1.6370000E+03   4.5002377E+02   2.3765003E-02   4.4259918E+02   3.3066091E+05   9.1069800E+02   0.0000000E+00   0.0000000E+00   0.0000000E+00
     1.6380000E+03   4.5002332E+02   2.3318525E-02   4.4258612E+02   3.3889506E+05   9.0921277E+02   0.0000000E+00   0.0000000E+00   0.0000000E+00
     1.6390000E+03   4.5002319E+02   2.3185086E-02   4.4257434E+02   3.3550059E+05   9.0876886E+02   0.0000000E+00   0.0000000E+00   0.0000000E+00
     1.6400000E+03   4.5002332E+02   2.3327602E-02   4.4256158E+02   3.2113597E+05   9.0924298E+02   0.0000000E+00   0.0000000E+00   0.0000000E+00
     1.6410000E+03   4.5002304E+02   2.3040384E-02   4.4254941E+02   3.1420291E+05   9.0828748E+02   0.0000000E+00   0.0000000E+00   0.0000000E+00
     1.6420000E+03   4.5002295E+02   2.2956936E-02   4.4253668E+02   3.1288228E+05   9.0800989E+02   0.0000000E+00   0.0000000E+00   0.0000000E+00
     1.6430000E+03   4.5002341E+02   2.3416428E-02   4.4252606E+02   3.2490988E+05   9.0953845E+02   0.0000000E+00   0.0000000E+00   0.0000000E+00
     1.6440000E+03   4.5002316E+02   2.3159958E-02   4.4251700E+02   3.1530994E+05   9.0868530E+02   0.0000000E+00   0.0000000E+00   0.0000000E+00
     1.6450000E+03   4.5002264E+02   2.2637598E-02   4.4250717E+02   3.0493719E+05   9.0694763E+02   0.0000000E+00   0.0000000E+00   0.0000000E+00
     1.6460000E+03   4.5002301E+02   2.3007838E-02   4.4250064E+02   3.3250262E+05   9.0817926E+02   0.0000000E+00   0.0000000E+00   0.0000000E+00
     1.6470000E+03   4.5002264E+02   2.2637166E-02   4.4249146E+02   3.1407209E+05   9.0694617E+02   0.0000000E+00   0.0000000E+00   0.0000000E+00
     1.6480000E+03   4.5002216E+02   2.2167742E-02   4.4248239E+02   3.0334875E+05   9.0538458E+02   0.0000000E+00   0.0000000E+00   0.0000000E+00
     1.6490000E+03   4.5002213E+02   2.2121951E-02   4.4247375E+02   2.9383534E+05   9.0523230E+02   0.0000000E+00   0.0000000E+00   0.0000000E+00
     1.6500000E+03   4.5002252E+02   2.2526920E-02   4.4246671E+02   3.1157947E+05   9.0657941E+02   0.0000000E+00   0.0000000E+00   0.0000000E+00
     1.6510000E+03   4.5002167E+02   2.1658683E-02   4.4246002E+02   2.9155500E+05   9.0369116E+02   0.0000000E+00   0.0000000E+00   0.0000000E+00
     1.6520000E+03   4.5002078E+02   2.0786295E-02   4.4245117E+02   2.7247234E+05   9.0078912E+02   0.0000000E+00   0.0000000E+00   0.0000000E+00
     1.6530000E+03   4.5002075E+02   2.0752542E-02   4.4244342E+02   2.7183203E+05   9.0067682E+02   0.0000000E+00   0.0000000E+00   0.0000000E+00
     1.6540000E+03   4.5002158E+02   2.1585505E-02   4.4243591E+02   2.8026494E+05   9.0344775E+02   0.0000000E+00   0.0000000E+00   0.0000000E+00
     1.6550000E+03   4.5002057E+02   2.0573635E-02   4.4242908E+02   2.7192581E+05   9.0008167E+02   0.0000000E+00   0.0000000E+00   0.0000000E+00
     1.6560000E+03   4.5002039E+02   2.0379150E-02   4.4242224E+02   2.6237616E+05   8.9943475E+02   0.0000000E+00   0.0000000E+00   0.0000000E+00
     1.6570000E+03   4.5002014E+02   2.0134581E-02   4.4241306E+02   2.4946603E+05   8.9862115E+02   0.0000000E+00   0.0000000E+00   0.0000000E+00
     1.6580000E+03   4.5001990E+02   1.9908285E-02   4.4240411E+02   2.4480175E+05   8.9786835E+02   0.0000000E+00   0.0000000E+00   0.0000000E+00
     1.6590000E+03   4.5001984E+02   1.9845165E-02   4.4239642E+02   2.4363072E+05   8.9765839E+02   0.0000000E+00   0.0000000E+00   0.0000000E+00
     1.6600000E+03   4.5001981E+02   1.9818088E-02   4.4238940E+02   2.4325123E+05   8.9756830E+02   0.0000000E+00   0.0000000E+00   0.0000000E+00
     1.6610000E+03   4.5001941E+02   1.9413413E-02   4.4238235E+02   2.3480384E+05   8.9622217E+02   0.0000000E+00   0.0000000E+00   0.0000000E+00
     1.6620000E+03   4.5001907E+02   1.9080015E-02   4.4237454E+02   2.2813177E+05   8.9511304E+02   0.0000000E+00   0.0000000E+00   0.0000000E+00
     1.6630000E+03   4.5001865E+02   1.8655047E-02   4.4236627E+02   2.1952352E+05   8.9369940E+02   0.0000000E+00   0.0000000E+00   0.0000000E+00
     1.6640000E+03   4.5001828E+02   1.8266276E-02   4.4235828E+02   2.1183008E+05   8.9240613E+02   0.0000000E+00   0.0000000E+00   0.0000000E+00
     1.6650000E+03   4.5001767E+02   1.7665554E-02   4.4235202E+02   2.0605730E+05   8.9040778E+02   0.0000000E+00   0.0000000E+00   0.0000000E+00
     1.6660000E+03   4.5001746E+02   1.7462965E-02   4.4234586E+02   2.0840767E+05   8.8973383E+02   0.0000000E+00   0.0000000E+00   0.0000000E+00
     1.6670000E+03   4.5001733E+02   1.7321551E-02   4.4233786E+02   1.9596748E+05   8.8926343E+02   0.0000000E+00   0.0000000E+00   0.0000000E+00
     1.6680000E+03   4.5001709E+02   1.7097531E-02   4.4233105E+02   2.0532406E+05   8.8851819E+02   0.0000000E+00   0.0000000E+00   0.0000000E+00
     1.6690000E+03   4.5001749E+02   1.7491141E-02   4.4232355E+02   1.9745088E+05   8.8982758E+02   0.0000000E+00   0.0000000E+00   0.0000000E+00
     1.6700000E+03   4.5001743E+02   1.7425006E-02   4.4231546E+02   1.9632080E+05   8.8960754E+02   0.0000000E+00   0.0000000E+00   0.0000000E+00
     1.6710000E+03   4.5001697E+02   1.6965630E-02   4.4230869E+02   1.9119188E+05   8.8807941E+02   0.0000000E+00   0.0000000E+00   0.0000000E+00
     1.6720000E+03   4.5001663E+02   1.6629240E-02   4.4230203E+02   1.8193316E+05   8.8696039E+02   0.0000000E+00   0.0000000E+00   0.0000000E+00
     1.6730000E+03   4.5001624E+02   1.6245222E-02   4.4229559E+02   1.8044381E+05   8.8568292E+02   0.0000000E+00   0.0000000E+00   0.0000000E+00
     1.6740000E+03   4.5001627E+02   1.6272556E-02   4.4228818E+02   1.7536566E+05   8.8577386E+02   0.0000000E+00   0.0000000E+00   0.0000000E+00
     1.6750000E+03   4.5001602E+02   1.6018869E-02   4.4228101E+02   1.7083534E+05   8.8492993E+02   0.0000000E+00   0.0000000E+00   0.0000000E+00
     1.6760000E+03   4.5001517E+02   1.5177962E-02   4.4227478E+02   1.5956370E+05   8.8213263E+02   0.0000000E+00   0.0000000E+00   0.0000000E+00
     1.6770000E+03   4.5001495E+02   1.4958310E-02   4.4226929E+02   1.5221562E+05   8.8140192E+02   0.0000000E+00   0.0000000E+00   0.0000000E+00
     1.6780000E+03   4.5001477E+02   1.4775285E-02   4.4226520E+02   1.5826484E+05   8.8079309E+02   0.0000000E+00   0.0000000E+00   0.0000000E+00
     1.6790000E+03   4.5001517E+02   1.5166806E-02   4.4225934E+02   1.5618803E+05   8.8209552E+02   0.0000000E+00   0.0000000E+00   0.0000000E+00
     1.6800000E+03   4.5001511E+02   1.5091968E-02   4.4225510E+02   1.6209519E+05   8.8184656E+02   0.0000000E+00   0.0000000E+00   0.0000000E+00
     1.6810000E+03   4.5001471E+02   1.4708327E-02   4.4225095E+02   1.5347591E+05   8.8057037E+02   0.0000000E+00   0.0000000E+00   0.0000000E+00
     1.6820000E+03   4.5001483E+02   1.4837112E-02   4.4224509E+02   1.5066936E+05   8.8099878E+02   0.0000000E+00   0.0000000E+00   0.0000000E+00
     1.6830000E+03   4.5001443E+02   1.4425334E-02   4.4224066E+02   1.4691059E+05   8.7962897E+02   0.0000000E+00   0.0000000E+00   0.0000000E+00
     1.6840000E+03   4.5001437E+02   1.4372765E-02   4.4223465E+02   1.5054267E+05   8.7945410E+02   0.0000000E+00   0.0000000E+00   0.0000000E+00
     1.6850000E+03   4.5001450E+02   1.4504835E-02   4.4222794E+02   1.4547959E+05   8.7989343E+02   0.0000000E+00   0.0000000E+00   0.0000000E+00
     1.6860000E+03   4.5001379E+02   1.3795379E-02   4.4222214E+02   1.3338905E+05   8.7753339E+02   0.0000000E+00   0.0000000E+00   0.0000000E+00
     1.6870000E+03   4.5001367E+02   1.3657337E-02   4.4221777E+02   1.3791692E+05   8.7707416E+02   0.0000000E+00   0.0000000E+00   0.0000000E+00
     1.6880000E+03   4.5001376E+02   1.3777532E-02   4.4221246E+02   1.3385333E+05   8.7747400E+02   0.0000000E+00   0.0000000E+00   0.0000000E+00
     1.6890000E+03   4.5001337E+02   1.3363463E-02   4.4220905E+02   1.3448983E+05   8.7609656E+02   0.0000000E+00   0.0000000E+00   0.0000000E+00
     1.6900000E+03   4.5001367E+02   1.3670562E-02   4.4220599E+02   1.3135077E+05   8.7711816E+02   0.0000000E+00   0.0000000E+00   0.0000000E+00
     1.6910000E+03   4.5001364E+02   1.3645495E-02   4.4220248E+02   1.3074512E+05   8.7703479E+02   0.0000000E+00   0.0000000E+00   0.0000000E+00
     1.6920000E+03   4.5001349E+02   1.3498783E-02   4.4219827E+02   1.2833820E+05   8.7654669E+02   0.0000000E+00   0.0000000E+00   0.0000000E+00
     1.6930000E+03   4.5001318E+02   1.3173806E-02   4.4219342E+02   1.2655572E+05   8.7546564E+02   0.0000000E+00   0.0000000E+00   0.0000000E+00
     1.6940000E+03   4.5001312E+02   1.3127020E-02   4.4218878E+02   1.2407078E+05   8.7531000E+02   0.0000000E+00   0.0000000E+00   0.0000000E+00
     1.6950000E+03   4.5001282E+02   1.2804054E-02   4.4218494E+02   1.1912017E+05   8.7423566E+02   0.0000000E+00   0.0000000E+00   0.0000000E+00
     1.6960000E+03   4.5001294E+02   1.2933076E-02   4.4218176E+02   1.2143973E+05   8.7466486E+02   0.0000000E+00   0.0000000E+00   0.0000000E+00
     1.6970000E+03   4.5001279E+02   1.2776836E-02   4.4217932E+02   1.1911175E+05   8.7414508E+02   0.0000000E+00   0.0000000E+00   0.0000000E+00
     1.6980000E+03   4.5001276E+02   1.2748125E-02   4.4217700E+02   1.1667731E+05   8.7404962E+02   0.0000000E+00   0.0000000E+00   0.0000000E+00
     1.6990000E+03   4.5001254E+02   1.2547977E-02   4.4217447E+02   1.1994672E+05   8.7338379E+02   0.0000000E+00   0.0000000E+00   0.0000000E+00
     1.7000000E+03   4.5001279E+02   1.2798365E-02   4.4217380E+02   1.1980836E+05   8.7421674E+02   0.0000000E+00   0.0000000E+00   0.0000000E+00
     1.7010000E+03   4.5001263E+02   1.2623476E-02   4.4217154E+02   1.1477482E+05   8.7363495E+02   0.0000000E+00   0.0000000E+00   0.0000000E+00
     1.7020000E+03   4.5001245E+02   1.2443988E-02   4.4216901E+02   1.1552804E+05   8.7303784E+02   0.0000000E+00   0.0000000E+00   0.0000000E+00
     1.7030000E+03   4.5001236E+02   1.2372180E-02   4.4216412E+02   1.1331970E+05   8.7279901E+02   0.0000000E+00   0.0000000E+00   0.0000000E+00
     1.7040000E+03   4.5001218E+02   1.2174881E-02   4.4215887E+02   1.0499038E+05   8.7214264E+02   0.0000000E+00   0.0000000E+00   0.0000000E+00
     1.7050000E+03   4.5001190E+02   1.1895514E-02   4.4215363E+02   1.0498070E+05   8.7121332E+02   0.0000000E+00   0.0000000E+00   0.0000000E+00
     1.7060000E+03   4.5001169E+02   1.1679569E-02   4.4214777E+02   1.0311009E+05   8.7049500E+02   0.0000000E+00   0.0000000E+00   0.0000000E+00
     1.7070000E+03   4.5001138E+02   1.1386706E-02   4.4214438E+02   9.3149445E+04   8.6952075E+02   0.0000000E+00   0.0000000E+00   0.0000000E+00
     1.7080000E+03   4.5001108E+02   1.1068810E-02   4.4214160E+02   9.4182359E+04   8.6846326E+02   0.0000000E+00   0.0000000E+00   0.0000000E+00
     1.7090000E+03   4.5001099E+02   1.0981318E-02   4.4213748E+02   9.3363391E+04   8.6817218E+02   0.0000000E+00   0.0000000E+00   0.0000000E+00
     1.7100000E+03   4.5001089E+02   1.0904628E-02   4.4213345E+02   9.0243773E+04   8.6791705E+02   0.0000000E+00   0.0000000E+00   0.0000000E+00
     1.7110000E+03   4.5001080E+02   1.0797041E-02   4.4212790E+02   9.0016969E+04   8.6755920E+02   0.0000000E+00   0.0000000E+00   0.0000000E+00
     1.7120000E+03   4.5001065E+02   1.0656898E-02   4.4212134E+02   8.8953867E+04   8.6709302E+02   0.0000000E+00   0.0000000E+00   0.0000000E+00
     1.7130000E+03   4.5001071E+02   1.0717039E-02   4.4211755E+02   8.9918273E+04   8.6729303E+02   0.0000000E+00   0.0000000E+00   0.0000000E+00
     1.7140000E+03   4.5001074E+02   1.0728661E-02   4.4211703E+02   8.6921656E+04   8.6733173E+02   0.0000000E+00   0.0000000E+00   0.0000000E+00
     1.7150000E+03   4.5001065E+02   1.0665847E-02   4.4211606E+02   8.8856359E+04   8.6712274E+02   0.0000000E+00   0.0000000E+00   0.0000000E+00
     1.7160000E+03   4.5001053E+02   1.0536084E-02   4.4211469E+02   8.5794500E+04   8.6669110E+02   0.0000000E+00   0.0000000E+00   0.0000000E+00
     1.7170000E+03   4.5001065E+02   1.0636877E-02   4.4211362E+02   8.8457602E+04   8.6702637E+02   0.0000000E+00   0.0000000E+00   0.0000000E+00
     1.7180000E+03   4.5001044E+02   1.0446054E-02   4.4210992E+02   8.6329570E+04   8.6639160E+02   0.0000000E+00   0.0000000E+00   0.0000000E+00
     1.7190000E+03   4.5001038E+02   1.0360877E-02   4.4210767E+02   8.5184383E+04   8.6610828E+02   0.0000000E+00   0.0000000E+00   0.0000000E+00
     1.7200000E+03   4.5001035E+02   1.0334768E-02   4.4210516E+02   8.4831641E+04   8.6602142E+02   0.0000000E+00   0.0000000E+00   0.0000000E+00
     1.7210000E+03   4.5001025E+02   1.0247774E-02   4.4210443E+02   8.0258867E+04   8.6573199E+02   0.0000000E+00   0.0000000E+00   0.0000000E+00
     1.7220000E+03   4.5001016E+02   1.0167913E-02   4.4210431E+02   8.1988148E+04   8.6546637E+02   0.0000000E+00   0.0000000E+00   0.0000000E+00
     1.7230000E+03   4.5001016E+02   1.0172822E-02   4.4210233E+02   8.2644984E+04   8.6548267E+02   0.0000000E+00   0.0000000E+00   0.0000000E+00
     1.7240000E+03   4.5001010E+02   1.0092794E-02   4.4209991E+02   8.1553953E+04   8.6521643E+02   0.0000000E+00   0.0000000E+00   0.0000000E+00
     1.7250000E+03   4.5001001E+02   1.0001356E-02   4.4209695E+02   8.0303734E+04   8.6491229E+02   0.0000000E+00   0.0000000E+00   0.0000000E+00
     1.7260000E+03   4.5000995E+02   9.9611683E-03   4.4209290E+02   7.9768430E+04   8.6477863E+02   0.0000000E+00   0.0000000E+00   0.0000000E+00
     1.7270000E+03   4.5001013E+02   1.0123563E-02   4.4209116E+02   8.1996094E+04   8.6531879E+02   0.0000000E+00   0.0000000E+00   0.0000000E+00
     1.7280000E+03   4.5000998E+02   9.9735083E-03   4.4208994E+02   7.9999469E+04   8.6481964E+02   0.0000000E+00   0.0000000E+00   0.0000000E+00
     1.7290000E+03   4.5000995E+02   9.9612689E-03   4.4208850E+02   7.9801484E+04   8.6477893E+02   0.0000000E+00   0.0000000E+00   0.0000000E+00
     1.7300000E+03   4.5000974E+02   9.7349472E-03   4.4208496E+02   7.6772445E+04   8.6402606E+02   0.0000000E+00   0.0000000E+00   0.0000000E+00
     1.7310000E+03   4.5000977E+02   9.7604450E-03   4.4208109E+02   7.7132773E+04   8.6411090E+02   0.0000000E+00   0.0000000E+00   0.0000000E+00
     1.7320000E+03   4.5000983E+02   9.8378826E-03   4.4207748E+02   7.8147617E+04   8.6436847E+02   0.0000000E+00   0.0000000E+00   0.0000000E+00
     1.7330000E+03   4.5000974E+02   9.7223595E-03   4.4207391E+02   7.6626883E+04   8.6398419E+02   0.0000000E+00   0.0000000E+00   0.0000000E+00
     1.7340000E+03   4.5000967E+02   9.6761202E-03   4.4207162E+02   7.5983594E+04   8.6383038E+02   0.0000000E+00   0.0000000E+00   0.0000000E+00
     1.7350000E+03   4.5000949E+02   9.5054647E-03   4.4206842E+02   7.3776633E+04   8.6326270E+02   0.0000000E+00   0.0000000E+00   0.0000000E+00
     1.7360000E+03   4.5000940E+02   9.3977489E-03   4.4206693E+02   7.0280211E+04   8.6290436E+02   0.0000000E+00   0.0000000E+00   0.0000000E+00
     1.7370000E+03   4.5000943E+02   9.4295265E-03   4.4206506E+02   7.2981859E+04   8.6301007E+02   0.0000000E+00   0.0000000E+00   0.0000000E+00
     1.7380000E+03   4.5000928E+02   9.2850020E-03   4.4206335E+02   7.0997234E+04   8.6252930E+02   0.0000000E+00   0.0000000E+00   0.0000000E+00
     1.7390000E+03   4.5000784E+02   7.8349328E-03   4.4206174E+02   5.0600129E+04   8.5770551E+02   0.0000000E+00   0.0000000E+00   0.0000000E+00
     1.7400000E+03   4.5000906E+02   9.0729725E-03   4.4206378E+02   6.6259070E+04   8.6182397E+02   0.0000000E+00   0.0000000E+00   0.0000000E+00
     1.7410000E+03   4.5000928E+02   9.2750788E-03   4.4206488E+02   7.1021703E+04   8.6249628E+02   0.0000000E+00   0.0000000E+00   0.0000000E+00
     1.7420000E+03   4.5000922E+02   9.2057725E-03   4.4206369E+02   6.9988523E+04   8.6226575E+02   0.0000000E+00   0.0000000E+00   0.0000000E+00
     1.7430000E+03   4.5000922E+02   9.2300689E-03   4.4206229E+02   6.7334023E+04   8.6234656E+02   0.0000000E+00   0.0000000E+00   0.0000000E+00
     1.7440000E+03   4.5000906E+02   9.0717450E-03   4.4206223E+02   6.8476852E+04   8.6181989E+02   0.0000000E+00   0.0000000E+00   0.0000000E+00
     1.7450000E+03   4.5000906E+02   9.0638958E-03   4.4206229E+02   6.8237523E+04   8.6179376E+02   0.0000000E+00   0.0000000E+00   0.0000000E+00
     1.7460000E+03   4.5000900E+02   8.9982385E-03   4.4206165E+02   6.7386719E+04   8.6157532E+02   0.0000000E+00   0.0000000E+00   0.0000000E+00
     1.7470000E+03   4.5000812E+02   8.1306696E-03   4.4205887E+02   5.6876129E+04   8.5868933E+02   0.0000000E+00   0.0000000E+00   0.0000000E+00
     1.7480000E+03   4.5000803E+02   8.0252513E-03   4.4205765E+02   5.2735246E+04   8.5833862E+02   0.0000000E+00   0.0000000E+00   0.0000000E+00
     1.7490000E+03   4.5000793E+02   7.9415841E-03   4.4205750E+02   5.2612512E+04   8.5806030E+02   0.0000000E+00   0.0000000E+00   0.0000000E+00
     1.7500000E+03   4.5000775E+02   7.7477884E-03   4.4205692E+02   5.4776434E+04   8.5741565E+02   0.0000000E+00   0.0000000E+00   0.0000000E+00
     1.7510000E+03   4.5000793E+02   7.9271719E-03   4.4205554E+02   5.4213965E+04   8.5801239E+02   0.0000000E+00   0.0000000E+00   0.0000000E+00
     1.7520000E+03   4.5000735E+02   7.3534455E-03   4.4205426E+02   5.3837148E+04   8.5610382E+02   0.0000000E+00   0.0000000E+00   0.0000000E+00
     1.7530000E+03   4.5000809E+02   8.0943918E-03   4.4205252E+02   5.6513613E+04   8.5856866E+02   0.0000000E+00   0.0000000E+00   0.0000000E+00
     1.7540000E+03   4.5000754E+02   7.5348192E-03   4.4204993E+02   5.0128387E+04   8.5670715E+02   0.0000000E+00   0.0000000E+00   0.0000000E+00
     1.7550000E+03   4.5000702E+02   7.0311707E-03   4.4204675E+02   4.4654133E+04   8.5503174E+02   0.0000000E+00   0.0000000E+00   0.0000000E+00
     1.7560000E+03   4.5000668E+02   6.6773589E-03   4.4204346E+02   4.0956043E+04   8.5385480E+02   0.0000000E+00   0.0000000E+00   0.0000000E+00
     1.7570000E+03   4.5000665E+02   6.6659828E-03   4.4204166E+02   3.8817336E+04   8.5381696E+02   0.0000000E+00   0.0000000E+00   0.0000000E+00
     1.7580000E+03   4.5000668E+02   6.6884398E-03   4.4203952E+02   4.1237879E+04   8.5389166E+02   0.0000000E+00   0.0000000E+00   0.0000000E+00
     1.7590000E+03   4.5000677E+02   6.7620613E-03   4.4203763E+02   4.1803645E+04   8.5413654E+02   0.0000000E+00   0.0000000E+00   0.0000000E+00
     1.7600000E+03   4.5000769E+02   7.7005853E-03   4.4203668E+02   5.6217070E+04   8.5725861E+02   0.0000000E+00   0.0000000E+00   0.0000000E+00
     1.7610000E+03   4.5000974E+02   9.7429762E-03   4.4204214E+02   8.0662562E+04   8.6405280E+02   0.0000000E+00   0.0000000E+00   0.0000000E+00
     1.7620000E+03   4.5001007E+02   1.0059337E-02   4.4204507E+02   8.4976312E+04   8.6510516E+02   0.0000000E+00   0.0000000E+00   0.0000000E+00
     1.7630000E+03   4.5000955E+02   9.5467791E-03   4.4204822E+02   7.4478008E+04   8.6340009E+02   0.0000000E+00   0.0000000E+00   0.0000000E+00
     1.7640000E+03   4.5000864E+02   8.6419247E-03   4.4204895E+02   6.3093105E+04   8.6039001E+02   0.0000000E+00   0.0000000E+00   0.0000000E+00
     1.7650000E+03   4.5000821E+02   8.1973691E-03   4.4204913E+02   5.7771074E+04   8.5891119E+02   0.0000000E+00   0.0000000E+00   0.0000000E+00
     1.7660000E+03   4.5000821E+02   8.2028070E-03   4.4204962E+02   5.7835449E+04   8.5892926E+02   0.0000000E+00   0.0000000E+00   0.0000000E+00
     1.7670000E+03   4.5000793E+02   7.9196282E-03   4.4204883E+02   5.7386590E+04   8.5798724E+02   0.0000000E+00   0.0000000E+00   0.0000000E+00
     1.7680000E+03   4.5000784E+02   7.8457268E-03   4.4204825E+02   5.6172211E+04   8.5774146E+02   0.0000000E+00   0.0000000E+00   0.0000000E+00
     1.7690000E+03   4.5001041E+02   1.0415576E-02   4.4205127E+02   8.6019523E+04   8.6629022E+02   0.0000000E+00   0.0000000E+00   0.0000000E+00
     1.7700000E+03   4.5000848E+02   8.4723756E-03   4.4205185E+02   6.1044949E+04   8.5982605E+02   0.0000000E+00   0.0000000E+00   0.0000000E+00
     1.7710000E+03   4.5000577E+02   5.7705170E-03   4.4204709E+02   3.3869035E+04   8.5083813E+02   0.0000000E+00   0.0000000E+00   0.0000000E+00
     1.7720000E+03   4.5000681E+02   6.7919930E-03   4.4204547E+02   4.2247258E+04   8.5423615E+02   0.0000000E+00   0.0000000E+00   0.0000000E+00
     1.7730000E+03   4.5000696E+02   6.9557237E-03   4.4204425E+02   4.4073219E+04   8.5478076E+02   0.0000000E+00   0.0000000E+00   0.0000000E+00
     1.7740000E+03   4.5000699E+02   6.9749858E-03   4.4204291E+02   4.2397137E+04   8.5484485E+02   0.0000000E+00   0.0000000E+00   0.0000000E+00
     1.7750000E+03   4.5000696E+02   6.9567696E-03   4.4204166E+02   4.4441051E+04   8.5478424E+02   0.0000000E+00   0.0000000E+00   0.0000000E+00
     1.7760000E+03   4.5000705E+02   7.0359879E-03   4.4204108E+02   4.5664602E+04   8.5504779E+02   0.0000000E+00   0.0000000E+00   0.0000000E+00
     1.7770000E+03   4.5000650E+02   6.5067993E-03   4.4203937E+02   3.9812473E+04   8.5328741E+02   0.0000000E+00   0.0000000E+00   0.0000000E+00
     1.7780000E+03   4.5000644E+02   6.4536757E-03   4.4203632E+02   3.9530578E+04   8.5311066E+02   0.0000000E+00   0.0000000E+00   0.0000000E+00
     1.7790000E+03   4.5000656E+02   6.5632607E-03   4.4203461E+02   3.9867453E+04   8.5347522E+02   0.0000000E+00   0.0000000E+00   0.0000000E+00
     1.7800000E+03   4.5000659E+02   6.6012354E-03   4.4203329E+02   4.0382477E+04   8.5360156E+02   0.0000000E+00   0.0000000E+00   0.0000000E+00
     1.7810000E+03   4.5000659E+02   6.5933247E-03   4.4203220E+02   4.0533246E+04   8.5357526E+02   0.0000000E+00   0.0000000E+00   0.0000000E+00
     1.7820000E+03   4.5000641E+02   6.4193178E-03   4.4203165E+02   3.8958984E+04   8.5299640E+02   0.0000000E+00   0.0000000E+00   0.0000000E+00
     1.7830000E+03   4.5000613E+02   6.1314115E-03   4.4202847E+02   3.6133168E+04   8.5203864E+02   0.0000000E+00   0.0000000E+00   0.0000000E+00
     1.7840000E+03   4.5000586E+02   5.8481996E-03   4.4202530E+02   3.3298406E+04   8.5109650E+02   0.0000000E+00   0.0000000E+00   0.0000000E+00
     1.7850000E+03   4.5000580E+02   5.7907733E-03   4.4202411E+02   3.2201801E+04   8.5090552E+02   0.0000000E+00   0.0000000E+00   0.0000000E+00
     1.7860000E+03   4.5000577E+02   5.7694870E-03   4.4202362E+02   3.1909975E+04   8.5083466E+02   0.0000000E+00   0.0000000E+00   0.0000000E+00
     1.7870000E+03   4.5000589E+02   5.9024971E-03   4.4202377E+02   3.3625141E+04   8.5127716E+02   0.0000000E+00   0.0000000E+00   0.0000000E+00
     1.7880000E+03   4.5000726E+02   7.2656577E-03   4.4202631E+02   4.7455559E+04   8.5581177E+02   0.0000000E+00   0.0000000E+00   0.0000000E+00
     1.7890000E+03   4.5000854E+02   8.5442374E-03   4.4202991E+02   6.2105172E+04   8.6006506E+02   0.0000000E+00   0.0000000E+00   0.0000000E+00
     1.7900000E+03   4.5000870E+02   8.6879749E-03   4.4203275E+02   6.3718531E+04   8.6054321E+02   0.0000000E+00   0.0000000E+00   0.0000000E+00
     1.7910000E+03   4.5000876E+02   8.7659545E-03   4.4203598E+02   6.4607172E+04   8.6080261E+02   0.0000000E+00   0.0000000E+00   0.0000000E+00
     1.7920000E+03   4.5000891E+02   8.9006806E-03   4.4203839E+02   6.6266602E+04   8.6125079E+02   0.0000000E+00   0.0000000E+00   0.0000000E+00
     1.7930000E+03   4.5000876E+02   8.7587126E-03   4.4203995E+02   6.4515355E+04   8.6077856E+02   0.0000000E+00   0.0000000E+00   0.0000000E+00
     1.7940000E+03   4.5000818E+02   8.1839841E-03   4.4204044E+02   5.7583832E+04   8.5886670E+02   0.0000000E+00   0.0000000E+00   0.0000000E+00
     1.7950000E+03   4.5000723E+02   7.2469334E-03   4.4203989E+02   4.7103832E+04   8.5574951E+02   0.0000000E+00   0.0000000E+00   0.0000000E+00
     1.7960000E+03   4.5000659E+02   6.5924916E-03   4.4203799E+02   4.0177371E+04   8.5357245E+02   0.0000000E+00   0.0000000E+00   0.0000000E+00
     1.7970000E+03   4.5000668E+02   6.6778571E-03   4.4203607E+02   4.0951277E+04   8.5385645E+02   0.0000000E+00   0.0000000E+00   0.0000000E+00
     1.7980000E+03   4.5000684E+02   6.8309507E-03   4.4203500E+02   4.2640723E+04   8.5436572E+02   0.0000000E+00   0.0000000E+00   0.0000000E+00
     1.7990000E+03   4.5000739E+02   7.3947008E-03   4.4203464E+02   4.8661020E+04   8.5624109E+02   0.0000000E+00   0.0000000E+00   0.0000000E+00
     1.8000000E+03   4.5000830E+02   8.2949856E-03   4.4203525E+02   5.8949418E+04   8.5923590E+02   0.0000000E+00   0.0000000E+00   0.0000000E+00
     1.8010000E+03   4.5000830E+02   8.2914382E-03   4.4203714E+02   5.8903465E+04   8.5922412E+02   0.0000000E+00   0.0000000E+00   0.0000000E+00
     1.8020000E+03   4.5000806E+02   8.0542676E-03   4.4203827E+02   5.6169180E+04   8.5843518E+02   0.0000000E+00   0.0000000E+00   0.0000000E+00
     1.8030000E+03   4.5000711E+02   7.1047144E-03   4.4203836E+02   4.5606941E+04   8.5527643E+02   0.0000000E+00   0.0000000E+00   0.0000000E+00
     1.8040000E+03   4.5000684E+02   6.8407087E-03   4.4203604E+02   4.2742785E+04   8.5439819E+02   0.0000000E+00   0.0000000E+00   0.0000000E+00
     1.8050000E+03   4.5000708E+02   7.0861825E-03   4.4203427E+02   4.5143055E+04   8.5521478E+02   0.0000000E+00   0.0000000E+00   0.0000000E+00
     1.8060000E+03   4.5000739E+02   7.3915175E-03   4.4203424E+02   4.8609203E+04   8.5623047E+02   0.0000000E+00   0.0000000E+00   0.0000000E+00
     1.8070000E+03   4.5000723E+02   7.2335894E-03   4.4203503E+02   4.6894094E+04   8.5570514E+02   0.0000000E+00   0.0000000E+00   0.0000000E+00
     1.8080000E+03   4.5000665E+02   6.6517051E-03   4.4203522E+02   4.0810039E+04   8.5376947E+02   0.0000000E+00   0.0000000E+00   0.0000000E+00
     1.8090000E+03   4.5000623E+02   6.2182406E-03   4.4203384E+02   3.6428441E+04   8.5232751E+02   0.0000000E+00   0.0000000E+00   0.0000000E+00
     1.8100000E+03   4.5000638E+02   6.3925637E-03   4.4203345E+02   3.8162180E+04   8.5290741E+02   0.0000000E+00   0.0000000E+00   0.0000000E+00
     1.8110000E+03   4.5000647E+02   6.4705787E-03   4.4203296E+02   3.8975422E+04   8.5316693E+02   0.0000000E+00   0.0000000E+00   0.0000000E+00
     1.8120000E+03   4.5000690E+02   6.8853744E-03   4.4203299E+02   4.3183258E+04   8.5454675E+02   0.0000000E+00   0.0000000E+00   0.0000000E+00
     1.8130000E+03   4.5000681E+02   6.8095117E-03   4.4203378E+02   4.2381410E+04   8.5429437E+02   0.0000000E+00   0.0000000E+00   0.0000000E+00
     1.8140000E+03   4.5000674E+02   6.7400490E-03   4.4203394E+02   4.0825312E+04   8.5406329E+02   0.0000000E+00   0.0000000E+00   0.0000000E+00
     1.8150000E+03   4.5000665E+02   6.6610724E-03   4.4203336E+02   4.0877340E+04   8.5380060E+02   0.0000000E+00   0.0000000E+00   0.0000000E+00
     1.8160000E+03   4.5000690E+02   6.9027976E-03   4.4203348E+02   4.3376633E+04   8.5460474E+02   0.0000000E+00   0.0000000E+00   0.0000000E+00
     1.8170000E+03   4.5000833E+02   8.3417185E-03   4.4204007E+02   5.9476762E+04   8.5939136E+02   0.0000000E+00   0.0000000E+00   0.0000000E+00
     1.8180000E+03   4.5000494E+02   4.9494598E-03   4.4203833E+02   2.4916797E+04   8.4810681E+02   0.0000000E+00   0.0000000E+00   0.0000000E+00
     1.8190000E+03   4.5000500E+02   5.0194105E-03   4.4203543E+02   2.5236615E+04   8.4833948E+02   0.0000000E+00   0.0000000E+00   0.0000000E+00
     1.8200000E+03   4.5000610E+02   6.0986662E-03   4.4203494E+02   3.5256672E+04   8.5192975E+02   0.0000000E+00   0.0000000E+00   0.0000000E+00
     1.8210000E+03   4.5000598E+02   5.9944857E-03   4.4203528E+02   3.4287000E+04   8.5158313E+02   0.0000000E+00   0.0000000E+00   0.0000000E+00
     1.8220000E+03   4.5000598E+02   5.9728818E-03   4.4203506E+02   3.4125434E+04   8.5151129E+02   0.0000000E+00   0.0000000E+00   0.0000000E+00
     1.8230000E+03   4.5000586E+02   5.8627450E-03   4.4203403E+02   3.2987105E+04   8.5114490E+02   0.0000000E+00   0.0000000E+00   0.0000000E+00
     1.8240000E+03   4.5000555E+02   5.5539617E-03   4.4203265E+02   3.0194574E+04   8.5011774E+02   0.0000000E+00   0.0000000E+00   0.0000000E+00
     1.8250000E+03   4.5000552E+02   5.5387784E-03   4.4203152E+02   3.0036049E+04   8.5006720E+02   0.0000000E+00   0.0000000E+00   0.0000000E+00
     1.8260000E+03   4.5000543E+02   5.4302942E-03   4.4203104E+02   2.9096627E+04   8.4970636E+02   0.0000000E+00   0.0000000E+00   0.0000000E+00
     1.8270000E+03   4.5000543E+02   5.4260613E-03   4.4203067E+02   2.9031223E+04   8.4969226E+02   0.0000000E+00   0.0000000E+00   0.0000000E+00
     1.8280000E+03   4.5000522E+02   5.2169999E-03   4.4203030E+02   2.7227371E+04   8.4899683E+02   0.0000000E+00   0.0000000E+00   0.0000000E+00
     1.8290000E+03   4.5000513E+02   5.1365318E-03   4.4202921E+02   3.0797336E+04   8.4872913E+02   0.0000000E+00   0.0000000E+00   0.0000000E+00
     1.8300000E+03   4.5000635E+02   6.3532507E-03   4.4203085E+02   3.7777219E+04   8.5277661E+02   0.0000000E+00   0.0000000E+00   0.0000000E+00
     1.8310000E+03   4.5000668E+02   6.6871489E-03   4.4203253E+02   4.1127684E+04   8.5388733E+02   0.0000000E+00   0.0000000E+00   0.0000000E+00
     1.8320000E+03   4.5000659E+02   6.5922132E-03   4.4203323E+02   4.0174324E+04   8.5357153E+02   0.0000000E+00   0.0000000E+00   0.0000000E+00
     1.8330000E+03   4.5000650E+02   6.5007741E-03   4.4203366E+02   3.9257012E+04   8.5326733E+02   0.0000000E+00   0.0000000E+00   0.0000000E+00
     1.8340000E+03   4.5000684E+02   6.8370085E-03   4.4203427E+02   4.2684066E+04   8.5438586E+02   0.0000000E+00   0.0000000E+00   0.0000000E+00
     1.8350000E+03   4.5000763E+02   7.6328167E-03   4.4203763E+02   5.1312555E+04   8.5703320E+02   0.0000000E+00   0.0000000E+00   0.0000000E+00
     1.8360000E+03   4.5000800E+02   8.0077881E-03   4.4204099E+02   5.5562043E+04   8.5828052E+02   0.0000000E+00   0.0000000E+00   0.0000000E+00
     1.8370000E+03   4.5000793E+02   7.9411678E-03   4.4204367E+02   5.4781496E+04   8.5805890E+02   0.0000000E+00   0.0000000E+00   0.0000000E+00
     1.8380000E+03   4.5000848E+02   8.4716910E-03   4.4204700E+02   6.1028719E+04   8.5982373E+02   0.0000000E+00   0.0000000E+00   0.0000000E+00
     1.8390000E+03   4.5000803E+02   8.0208294E-03   4.4204868E+02   5.5755352E+04   8.5832391E+02   0.0000000E+00   0.0000000E+00   0.0000000E+00
     1.8400000E+03   4.5000824E+02   8.2398234E-03   4.4205057E+02   5.8270648E+04   8.5905243E+02   0.0000000E+00   0.0000000E+00   0.0000000E+00
     1.8410000E+03   4.5000793E+02   7.9400344E-03   4.4205139E+02   5.4776871E+04   8.5805518E+02   0.0000000E+00   0.0000000E+00   0.0000000E+00
     1.8420000E+03   4.5000739E+02   7.3966989E-03   4.4205157E+02   4.8686199E+04   8.5624774E+02   0.0000000E+00   0.0000000E+00   0.0000000E+00
     1.8430000E+03   4.5000732E+02   7.3157959E-03   4.4205090E+02   4.7762684E+04   8.5597858E+02   0.0000000E+00   0.0000000E+00   0.0000000E+00
     1.8440000E+03   4.5000708E+02   7.0659751E-03   4.4205054E+02   4.5118492E+04   8.5514752E+02   0.0000000E+00   0.0000000E+00   0.0000000E+00
     1.8450000E+03   4.5000699E+02   6.9951634E-03   4.4204984E+02   4.1755535E+04   8.5491199E+02   0.0000000E+00   0.0000000E+00   0.0000000E+00
     1.8460000E+03   4.5000607E+02   6.0673738E-03   4.4204761E+02   3.4987090E+04   8.5182562E+02   0.0000000E+00   0.0000000E+00   0.0000000E+00
     1.8470000E+03   4.5000577E+02   5.7781250E-03   4.4204639E+02   3.2249139E+04   8.5086340E+02   0.0000000E+00   0.0000000E+00   0.0000000E+00
     1.8480000E+03   4.5000586E+02   5.8613778E-03   4.4204468E+02   3.3031801E+04   8.5114038E+02   0.0000000E+00   0.0000000E+00   0.0000000E+00
     1.8490000E+03   4.5000623E+02   6.2141502E-03   4.4204379E+02   3.6397422E+04   8.5231390E+02   0.0000000E+00   0.0000000E+00   0.0000000E+00
     1.8500000E+03   4.5000613E+02   6.1320872E-03   4.4204364E+02   3.6469387E+04   8.5204089E+02   0.0000000E+00   0.0000000E+00   0.0000000E+00
     1.8510000E+03   4.5000626E+02   6.2477840E-03   4.4204346E+02   3.6738059E+04   8.5242578E+02   0.0000000E+00   0.0000000E+00   0.0000000E+00
     1.8520000E+03   4.5000699E+02   6.9964989E-03   4.4204312E+02   4.4352531E+04   8.5491644E+02   0.0000000E+00   0.0000000E+00   0.0000000E+00
     1.8530000E+03   4.5000894E+02   8.9401063E-03   4.4204813E+02   6.6758633E+04   8.6138196E+02   0.0000000E+00   0.0000000E+00   0.0000000E+00
     1.8540000E+03   4.5001001E+02   1.0010990E-02   4.4205432E+02   8.0609953E+04   8.6494434E+02   0.0000000E+00   0.0000000E+00   0.0000000E+00
     1.8550000E+03   4.5000983E+02   9.8198876E-03   4.4205923E+02   7.8060492E+04   8.6430859E+02   0.0000000E+00   0.0000000E+00   0.0000000E+00
     1.8560000E+03   4.5000989E+02   9.8821949E-03   4.4206320E+02   7.8883078E+04   8.6451587E+02   0.0000000E+00   0.0000000E+00   0.0000000E+00
     1.8570000E+03   4.5000983E+02   9.8217903E-03   4.4206613E+02   7.8082883E+04   8.6431494E+02   0.0000000E+00   0.0000000E+00   0.0000000E+00
     1.8580000E+03   4.5000977E+02   9.7737918E-03   4.4206845E+02   7.7452250E+04   8.6415527E+02   0.0000000E+00   0.0000000E+00   0.0000000E+00
     1.8590000E+03   4.5001004E+02   1.0026286E-02   4.4206955E+02   8.0790883E+04   8.6499524E+02   0.0000000E+00   0.0000000E+00   0.0000000E+00
     1.8600000E+03   4.5000995E+02   9.9574197E-03   4.4207214E+02   9.1975359E+04   8.6476611E+02   0.0000000E+00   0.0000000E+00   0.0000000E+00
     1.8610000E+03   4.5001135E+02   1.1351866E-02   4.4207657E+02   9.9400977E+04   8.6940485E+02   0.0000000E+00   0.0000000E+00   0.0000000E+00
     1.8620000E+03   4.5001147E+02   1.1464711E-02   4.4208047E+02   1.0099879E+05   8.6978021E+02   0.0000000E+00   0.0000000E+00   0.0000000E+00
     1.8630000E+03   4.5001117E+02   1.1156038E-02   4.4208270E+02   9.6564977E+04   8.6875342E+02   0.0000000E+00   0.0000000E+00   0.0000000E+00
     1.8640000E+03   4.5001102E+02   1.1025902E-02   4.4208423E+02   9.4714469E+04   8.6832050E+02   0.0000000E+00   0.0000000E+00   0.0000000E+00
     1.8650000E+03   4.5001071E+02   1.0713686E-02   4.4208545E+02   9.0292273E+04   8.6728192E+02   0.0000000E+00   0.0000000E+00   0.0000000E+00
     1.8660000E+03   4.5001007E+02   1.0081654E-02   4.4208572E+02   8.1566273E+04   8.6517938E+02   0.0000000E+00   0.0000000E+00   0.0000000E+00
     1.8670000E+03   4.5000888E+02   8.8762548E-03   4.4208438E+02   6.5941133E+04   8.6116956E+02   0.0000000E+00   0.0000000E+00   0.0000000E+00
     1.8680000E+03   4.5000858E+02   8.5827764E-03   4.4208313E+02   6.2400359E+04   8.6019330E+02   0.0000000E+00   0.0000000E+00   0.0000000E+00
     1.8690000E+03   4.5000769E+02   7.6920521E-03   4.4208176E+02   5.1986637E+04   8.5723022E+02   0.0000000E+00   0.0000000E+00   0.0000000E+00
     1.8700000E+03   4.5000739E+02   7.3766327E-03   4.4207791E+02   4.8427844E+04   8.5618097E+02   0.0000000E+00   0.0000000E+00   0.0000000E+00
     1.8710000E+03   4.5000690E+02   6.8881293E-03   4.4207431E+02   4.3213164E+04   8.5455591E+02   0.0000000E+00   0.0000000E+00   0.0000000E+00
     1.8720000E+03   4.5000662E+02   6.6348775E-03   4.4207114E+02   4.0606203E+04   8.5371344E+02   0.0000000E+00   0.0000000E+00   0.0000000E+00
     1.8730000E+03   4.5000629E+02   6.2894551E-03   4.4206802E+02   3.7145578E+04   8.5256439E+02   0.0000000E+00   0.0000000E+00   0.0000000E+00
     1.8740000E+03   4.5000555E+02   5.5607455E-03   4.4206421E+02   3.0258955E+04   8.5014032E+02   0.0000000E+00   0.0000000E+00   0.0000000E+00
     1.8750000E+03   4.5000555E+02   5.5631278E-03   4.4206195E+02   3.0267932E+04   8.5014819E+02   0.0000000E+00   0.0000000E+00   0.0000000E+00
     1.8760000E+03   4.5000684E+02   6.8232319E-03   4.4206149E+02   4.2552324E+04   8.5434003E+02   0.0000000E+00   0.0000000E+00   0.0000000E+00
     1.8770000E+03   4.5001468E+02   1.4667594E-02   4.4207727E+02   1.5237105E+05   8.8043481E+02   0.0000000E+00   0.0000000E+00   0.0000000E+00
     1.8780000E+03   4.5001038E+02   1.0371290E-02   4.4208145E+02   8.5503305E+04   8.6614288E+02   0.0000000E+00   0.0000000E+00   0.0000000E+00
     1.8790000E+03   4.5000928E+02   9.2836553E-03   4.4208365E+02   7.1086211E+04   8.6252478E+02   0.0000000E+00   0.0000000E+00   0.0000000E+00
     1.8800000E+03   4.5001007E+02   1.0073320E-02   4.4208691E+02   8.1502312E+04   8.6515167E+02   0.0000000E+00   0.0000000E+00   0.0000000E+00
     1.8810000E+03   4.5000983E+02   9.8157786E-03   4.4208890E+02   8.0001047E+04   8.6429492E+02   0.0000000E+00   0.0000000E+00   0.0000000E+00
     1.8820000E+03   4.5000931E+02   9.3035484E-03   4.4209000E+02   6.9273180E+04   8.6259100E+02   0.0000000E+00   0.0000000E+00   0.0000000E+00
     1.8830000E+03   4.5000818E+02   8.1834821E-03   4.4208878E+02   5.8025480E+04   8.5886499E+02   0.0000000E+00   0.0000000E+00   0.0000000E+00
     1.8840000E+03   4.5000815E+02   8.1628533E-03   4.4208710E+02   5.7435961E+04   8.5879639E+02   0.0000000E+00   0.0000000E+00   0.0000000E+00
     1.8850000E+03   4.5000870E+02   8.7088905E-03   4.4208609E+02   6.3949512E+04   8.6061279E+02   0.0000000E+00   0.0000000E+00   0.0000000E+00
     1.8860000E+03   4.5000836E+02   8.3571272E-03   4.4208569E+02   5.9813562E+04   8.5944263E+02   0.0000000E+00   0.0000000E+00   0.0000000E+00
     1.8870000E+03   4.5000845E+02   8.4579112E-03   4.4208490E+02   6.1007148E+04   8.5977789E+02   0.0000000E+00   0.0000000E+00   0.0000000E+00
     1.8880000E+03   4.5000790E+02   7.9181911E-03   4.4208450E+02   5.4614418E+04   8.5798248E+02   0.0000000E+00   0.0000000E+00   0.0000000E+00
     1.8890000E+03   4.5000800E+02   8.0107497E-03   4.4208304E+02   5.5751594E+04   8.5829041E+02   0.0000000E+00   0.0000000E+00   0.0000000E+00
     1.8900000E+03   4.5000775E+02   7.7423779E-03   4.4208191E+02   5.2566105E+04   8.5739764E+02   0.0000000E+00   0.0000000E+00   0.0000000E+00
     1.8910000E+03   4.5000732E+02   7.3161409E-03   4.4208133E+02   4.7886680E+04   8.5597974E+02   0.0000000E+00   0.0000000E+00   0.0000000E+00
     1.8920000E+03   4.5000729E+02   7.2823819E-03   4.4208023E+02   4.7463625E+04   8.5586743E+02   0.0000000E+00   0.0000000E+00   0.0000000E+00
     1.8930000E+03   4.5001028E+02   1.0282485E-02   4.4208481E+02   8.4286484E+04   8.6584747E+02   0.0000000E+00   0.0000000E+00   0.0000000E+00
     1.8940000E+03   4.5000848E+02   8.4862914E-03   4.4208496E+02   6.1204766E+04   8.5987231E+02   0.0000000E+00   0.0000000E+00   0.0000000E+00
     1.8950000E+03   4.5000839E+02   8.3917221E-03   4.4208521E+02   6.0073543E+04   8.5955774E+02   0.0000000E+00   0.0000000E+00   0.0000000E+00
     1.8960000E+03   4.5000821E+02   8.2138348E-03   4.4208514E+02   5.7983367E+04   8.5896594E+02   0.0000000E+00   0.0000000E+00   0.0000000E+00
     1.8970000E+03   4.5000793E+02   7.9325242E-03   4.4208414E+02   5.4709859E+04   8.5803015E+02   0.0000000E+00   0.0000000E+00   0.0000000E+00
     1.8980000E+03   4.5000732E+02   7.3111230E-03   4.4208307E+02   4.9972852E+04   8.5596301E+02   0.0000000E+00   0.0000000E+00   0.0000000E+00
     1.8990000E+03   4.5000742E+02   7.4070562E-03   4.4208224E+02   4.6552559E+04   8.5628217E+02   0.0000000E+00   0.0000000E+00   0.0000000E+00
     1.9000000E+03   4.5000729E+02   7.3030498E-03   4.4208133E+02   4.5455613E+04   8.5593616E+02   0.0000000E+00   0.0000000E+00   0.0000000E+00
     1.9010000E+03   4.5000720E+02   7.1930429E-03   4.4207996E+02   4.6465121E+04   8.5557025E+02   0.0000000E+00   0.0000000E+00   0.0000000E+00
     1.9020000E+03   4.5000732E+02   7.3299352E-03   4.4207898E+02   4.7951539E+04   8.5602563E+02   0.0000000E+00   0.0000000E+00   0.0000000E+00
     1.9030000E+03   4.5000732E+02   7.3163239E-03   4.4207822E+02   4.7802254E+04   8.5598035E+02   0.0000000E+00   0.0000000E+00   0.0000000E+00
     1.9040000E+03   4.5000711E+02   7.1062949E-03   4.4207755E+02   4.7558055E+04   8.5528168E+02   0.0000000E+00   0.0000000E+00   0.0000000E+00
     1.9050000E+03   4.5000720E+02   7.2048050E-03   4.4207681E+02   4.6575750E+04   8.5560938E+02   0.0000000E+00   0.0000000E+00   0.0000000E+00
     1.9060000E+03   4.5000742E+02   7.4264491E-03   4.4207642E+02   4.6982332E+04   8.5634668E+02   0.0000000E+00   0.0000000E+00   0.0000000E+00
     1.9070000E+03   4.5000748E+02   7.4905837E-03   4.4207620E+02   4.9754785E+04   8.5656006E+02   0.0000000E+00   0.0000000E+00   0.0000000E+00
     1.9080000E+03   4.5000723E+02   7.2343647E-03   4.4207550E+02   4.8920414E+04   8.5570770E+02   0.0000000E+00   0.0000000E+00   0.0000000E+00
     1.9090000E+03   4.5000766E+02   7.6734833E-03   4.4207578E+02   5.1745523E+04   8.5716846E+02   0.0000000E+00   0.0000000E+00   0.0000000E+00
     1.9100000E+03   4.5000757E+02   7.5667426E-03   4.4207571E+02   5.0555465E+04   8.5681335E+02   0.0000000E+00   0.0000000E+00   0.0000000E+00
     1.9110000E+03   4.5000754E+02   7.5530368E-03   4.4207626E+02   5.0406375E+04   8.5676776E+02   0.0000000E+00   0.0000000E+00   0.0000000E+00
     1.9120000E+03   4.5000745E+02   7.4472940E-03   4.4207880E+02   4.6787766E+04   8.5641602E+02   0.0000000E+00   0.0000000E+00   0.0000000E+00
     1.9130000E+03   4.5000681E+02   6.7979801E-03   4.4208057E+02   4.4179750E+04   8.5425604E+02   0.0000000E+00   0.0000000E+00   0.0000000E+00
     1.9140000E+03   4.5000491E+02   4.9205944E-03   4.4208081E+02   2.6720918E+04   8.4801080E+02   0.0000000E+00   0.0000000E+00   0.0000000E+00
     1.9150000E+03   4.5000735E+02   7.3478878E-03   4.4207852E+02   4.6016203E+04   8.5608533E+02   0.0000000E+00   0.0000000E+00   0.0000000E+00
     1.9160000E+03   4.5000726E+02   7.2753564E-03   4.4207919E+02   4.7771191E+04   8.5584406E+02   0.0000000E+00   0.0000000E+00   0.0000000E+00
     1.9170000E+03   4.5000754E+02   7.5291828E-03   4.4207974E+02   5.0570961E+04   8.5668842E+02   0.0000000E+00   0.0000000E+00   0.0000000E+00
     1.9180000E+03   4.5000778E+02   7.7717067E-03   4.4208057E+02   5.2411863E+04   8.5749518E+02   0.0000000E+00   0.0000000E+00   0.0000000E+00
     1.9190000E+03   4.5000784E+02   7.8534121E-03   4.4208112E+02   5.4605332E+04   8.5776703E+02   0.0000000E+00   0.0000000E+00   0.0000000E+00
     1.9200000E+03   4.5000833E+02   8.3186021E-03   4.4208240E+02   5.9216090E+04   8.5931451E+02   0.0000000E+00   0.0000000E+00   0.0000000E+00
     1.9210000E+03   4.5000824E+02   8.2345968E-03   4.4208319E+02   5.7324676E+04   8.5903503E+02   0.0000000E+00   0.0000000E+00   0.0000000E+00
     1.9220000E+03   4.5000818E+02   8.1865098E-03   4.4208365E+02   5.4996449E+04   8.5887506E+02   0.0000000E+00   0.0000000E+00   0.0000000E+00
     1.9230000E+03   4.5000806E+02   8.0609471E-03   4.4208414E+02   5.3365273E+04   8.5845740E+02   0.0000000E+00   0.0000000E+00   0.0000000E+00
     1.9240000E+03   4.5000800E+02   8.0048935E-03   4.4208655E+02   5.3514246E+04   8.5827094E+02   0.0000000E+00   0.0000000E+00   0.0000000E+00
     1.9250000E+03   4.5000797E+02   7.9581635E-03   4.4208838E+02   5.4968156E+04   8.5811548E+02   0.0000000E+00   0.0000000E+00   0.0000000E+00
     1.9260000E+03   4.5000766E+02   7.6470594E-03   4.4208896E+02   5.4075094E+04   8.5708057E+02   0.0000000E+00   0.0000000E+00   0.0000000E+00
     1.9270000E+03   4.5000809E+02   8.0894222E-03   4.4208936E+02   5.7113227E+04   8.5855212E+02   0.0000000E+00   0.0000000E+00   0.0000000E+00
     1.9280000E+03   4.5000781E+02   7.8117475E-03   4.4208960E+02   5.5644848E+04   8.5762842E+02   0.0000000E+00   0.0000000E+00   0.0000000E+00
     1.9290000E+03   4.5000800E+02   7.9859924E-03   4.4208994E+02   5.5672574E+04   8.5820801E+02   0.0000000E+00   0.0000000E+00   0.0000000E+00
     1.9300000E+03   4.5000824E+02   8.2326485E-03   4.4209143E+02   5.4402473E+04   8.5902856E+02   0.0000000E+00   0.0000000E+00   0.0000000E+00
     1.9310000E+03   4.5000812E+02   8.1095397E-03   4.4209265E+02   5.4300703E+04   8.5861902E+02   0.0000000E+00   0.0000000E+00   0.0000000E+00
     1.9320000E+03   4.5000784E+02   7.8295600E-03   4.4209241E+02   5.1770426E+04   8.5768768E+02   0.0000000E+00   0.0000000E+00   0.0000000E+00
     1.9330000E+03   4.5000754E+02   7.5410088E-03   4.4209186E+02   5.3601125E+04   8.5672778E+02   0.0000000E+00   0.0000000E+00   0.0000000E+00
     1.9340000E+03   4.5000778E+02   7.7730720E-03   4.4209149E+02   5.1119023E+04   8.5749976E+02   0.0000000E+00   0.0000000E+00   0.0000000E+00
     1.9350000E+03   4.5000766E+02   7.6685147E-03   4.4209103E+02   5.0790770E+04   8.5715192E+02   0.0000000E+00   0.0000000E+00   0.0000000E+00
     1.9360000E+03   4.5000772E+02   7.7172825E-03   4.4209109E+02   5.2529035E+04   8.5731415E+02   0.0000000E+00   0.0000000E+00   0.0000000E+00
     1.9370000E+03   4.5000787E+02   7.8878105E-03   4.4209210E+02   5.4180957E+04   8.5788141E+02   0.0000000E+00   0.0000000E+00   0.0000000E+00
     1.9380000E+03   4.5000790E+02   7.9189539E-03   4.4209219E+02   5.4549512E+04   8.5798505E+02   0.0000000E+00   0.0000000E+00   0.0000000E+00
     1.9390000E+03   4.5000760E+02   7.6039108E-03   4.4209198E+02   5.3458203E+04   8.5693701E+02   0.0000000E+00   0.0000000E+00   0.0000000E+00
     1.9400000E+03   4.5000772E+02   7.7155377E-03   4.4209180E+02   5.2222934E+04   8.5730835E+02   0.0000000E+00   0.0000000E+00   0.0000000E+00
     1.9410000E+03   4.5000769E+02   7.6969462E-03   4.4209167E+02   5.1988461E+04   8.5724652E+02   0.0000000E+00   0.0000000E+00   0.0000000E+00
     1.9420000E+03   4.5000754E+02   7.5349864E-03   4.4209146E+02   5.2000242E+04   8.5670776E+02   0.0000000E+00   0.0000000E+00   0.0000000E+00
     1.9430000E+03   4.5000763E+02   7.6201623E-03   4.4209091E+02   5.4607543E+04   8.5699109E+02   0.0000000E+00   0.0000000E+00   0.0000000E+00
     1.9440000E+03   4.5000760E+02   7.5853732E-03   4.4209094E+02   5.1345984E+04   8.5687537E+02   0.0000000E+00   0.0000000E+00   0.0000000E+00
     1.9450000E+03   4.5000772E+02   7.7291373E-03   4.4209055E+02   5.0596387E+04   8.5735358E+02   0.0000000E+00   0.0000000E+00   0.0000000E+00
     1.9460000E+03   4.5000726E+02   7.2745336E-03   4.4208951E+02   4.9541668E+04   8.5584131E+02   0.0000000E+00   0.0000000E+00   0.0000000E+00
     1.9470000E+03   4.5000745E+02   7.4435426E-03   4.4208887E+02   5.1941773E+04   8.5640356E+02   0.0000000E+00   0.0000000E+00   0.0000000E+00
     1.9480000E+03   4.5000772E+02   7.7326484E-03   4.4208945E+02   5.2819219E+04   8.5736530E+02   0.0000000E+00   0.0000000E+00   0.0000000E+00
     1.9490000E+03   4.5000781E+02   7.8223879E-03   4.4209045E+02   5.2349070E+04   8.5766382E+02   0.0000000E+00   0.0000000E+00   0.0000000E+00
     1.9500000E+03   4.5000769E+02   7.7052964E-03   4.4209103E+02   4.9040715E+04   8.5727429E+02   0.0000000E+00   0.0000000E+00   0.0000000E+00
     1.9510000E+03   4.5000815E+02   8.1525519E-03   4.4209247E+02   5.7246777E+04   8.5876208E+02   0.0000000E+00   0.0000000E+00   0.0000000E+00
     1.9520000E+03   4.5000787E+02   7.8637199E-03   4.4209293E+02   5.3905910E+04   8.5780127E+02   0.0000000E+00   0.0000000E+00   0.0000000E+00
     1.9530000E+03   4.5000772E+02   7.7288984E-03   4.4209323E+02   5.2380883E+04   8.5735278E+02   0.0000000E+00   0.0000000E+00   0.0000000E+00
     1.9540000E+03   4.5001129E+02   1.1289762E-02   4.4210043E+02   9.8493008E+04   8.6919824E+02   0.0000000E+00   0.0000000E+00   0.0000000E+00
     1.9550000E+03   4.5000967E+02   9.6767945E-03   4.4210297E+02   7.6174891E+04   8.6383258E+02   0.0000000E+00   0.0000000E+00   0.0000000E+00
     1.9560000E+03   4.5001035E+02   1.0356046E-02   4.4210669E+02   8.5294820E+04   8.6609216E+02   0.0000000E+00   0.0000000E+00   0.0000000E+00
     1.9570000E+03   4.5000967E+02   9.6728634E-03   4.4210840E+02   7.6125250E+04   8.6381952E+02   0.0000000E+00   0.0000000E+00   0.0000000E+00
     1.9580000E+03   4.5001035E+02   1.0341338E-02   4.4211087E+02   8.5110141E+04   8.6604327E+02   0.0000000E+00   0.0000000E+00   0.0000000E+00
     1.9590000E+03   4.5001010E+02   1.0102890E-02   4.4211276E+02   8.1848414E+04   8.6525006E+02   0.0000000E+00   0.0000000E+00   0.0000000E+00
     1.9600000E+03   4.5000925E+02   9.2456844E-03   4.4211304E+02   7.0595945E+04   8.6239850E+02   0.0000000E+00   0.0000000E+00   0.0000000E+00
     1.9610000E+03   4.5000912E+02   9.1195488E-03   4.4211313E+02   7.1122305E+04   8.6197888E+02   0.0000000E+00   0.0000000E+00   0.0000000E+00
     1.9620000E+03   4.5000897E+02   8.9811673E-03   4.4211310E+02   6.7099062E+04   8.6151855E+02   0.0000000E+00   0.0000000E+00   0.0000000E+00
     1.9630000E+03   4.5000876E+02   8.7518087E-03   4.4211218E+02   6.6244672E+04   8.6075555E+02   0.0000000E+00   0.0000000E+00   0.0000000E+00
     1.9640000E+03   4.5000861E+02   8.6047398E-03   4.4211151E+02   6.4745578E+04   8.6026636E+02   0.0000000E+00   0.0000000E+00   0.0000000E+00
     1.9650000E+03   4.5000842E+02   8.4136538E-03   4.4211063E+02   6.2296023E+04   8.5963068E+02   0.0000000E+00   0.0000000E+00   0.0000000E+00
     1.9660000E+03   4.5000848E+02   8.4730182E-03   4.4210928E+02   6.0961273E+04   8.5982819E+02   0.0000000E+00   0.0000000E+00   0.0000000E+00
     1.9670000E+03   4.5000845E+02   8.4535694E-03   4.4210861E+02   6.0864484E+04   8.5976349E+02   0.0000000E+00   0.0000000E+00   0.0000000E+00
     1.9680000E+03   4.5000839E+02   8.3900215E-03   4.4210773E+02   5.7863324E+04   8.5955206E+02   0.0000000E+00   0.0000000E+00   0.0000000E+00
     1.9690000E+03   4.5000839E+02   8.3947079E-03   4.4210693E+02   5.8780414E+04   8.5956769E+02   0.0000000E+00   0.0000000E+00   0.0000000E+00
     1.9700000E+03   4.5000845E+02   8.4650954E-03   4.4210632E+02   5.7753230E+04   8.5980182E+02   0.0000000E+00   0.0000000E+00   0.0000000E+00
     1.9710000E+03   4.5000833E+02   8.3433436E-03   4.4210547E+02   5.9654734E+04   8.5939679E+02   0.0000000E+00   0.0000000E+00   0.0000000E+00
     1.9720000E+03   4.5000864E+02   8.6514214E-03   4.4210492E+02   6.4003848E+04   8.6042163E+02   0.0000000E+00   0.0000000E+00   0.0000000E+00
     1.9730000E+03   4.5000891E+02   8.9146020E-03   4.4210898E+02   6.6649844E+04   8.6129712E+02   0.0000000E+00   0.0000000E+00   0.0000000E+00
     1.9740000E+03   4.5000909E+02   9.0845162E-03   4.4211438E+02   7.0752391E+04   8.6186237E+02   0.0000000E+00   0.0000000E+00   0.0000000E+00
     1.9750000E+03   4.5001041E+02   1.0420830E-02   4.4211948E+02   8.6185547E+04   8.6630768E+02   0.0000000E+00   0.0000000E+00   0.0000000E+00
     1.9760000E+03   4.5001721E+02   1.7214719E-02   4.4213525E+02   1.9897644E+05   8.8890802E+02   0.0000000E+00   0.0000000E+00   0.0000000E+00
     1.9770000E+03   4.5011954E+02   1.1954404E-01   4.4233032E+02   5.0294160E+06   1.2293135E+03   0.0000000E+00   0.0000000E+00   0.0000000E+00
     1.9780000E+03   4.5011923E+02   1.1922782E-01   4.4247406E+02   5.0073020E+06   1.2282616E+03   0.0000000E+00   0.0000000E+00   0.0000000E+00
     1.9790000E+03   4.5004916E+02   4.9149405E-02   4.4247159E+02   1.1433210E+06   9.9514093E+02   0.0000000E+00   0.0000000E+00   0.0000000E+00
     1.9800000E+03   4.5003027E+02   3.0278761E-02   4.4245001E+02   5.0995812E+05   9.3236646E+02   0.0000000E+00   0.0000000E+00   0.0000000E+00
     1.9810000E+03   4.5002676E+02   2.6756927E-02   4.4243039E+02   4.1498406E+05   9.2065082E+02   0.0000000E+00   0.0000000E+00   0.0000000E+00
     1.9820000E+03   4.5002399E+02   2.3979815E-02   4.4241223E+02   3.4569178E+05   9.1141260E+02   0.0000000E+00   0.0000000E+00   0.0000000E+00
     1.9830000E+03   4.5002176E+02   2.1754516E-02   4.4239551E+02   2.9391381E+05   9.0400995E+02   0.0000000E+00   0.0000000E+00   0.0000000E+00
     1.9840000E+03   4.5002069E+02   2.0693144E-02   4.4238116E+02   2.7039662E+05   9.0047925E+02   0.0000000E+00   0.0000000E+00   0.0000000E+00
     1.9850000E+03   4.5001852E+02   1.8538374E-02   4.4236594E+02   2.2512100E+05   8.9331128E+02   0.0000000E+00   0.0000000E+00   0.0000000E+00
     1.9860000E+03   4.5001746E+02   1.7465407E-02   4.4235202E+02   2.0383648E+05   8.8974194E+02   0.0000000E+00   0.0000000E+00   0.0000000E+00
     1.9870000E+03   4.5001648E+02   1.6491348E-02   4.4233774E+02   1.8523631E+05   8.8650171E+02   0.0000000E+00   0.0000000E+00   0.0000000E+00
     1.9880000E+03   4.5001608E+02   1.6085280E-02   4.4232617E+02   1.7772583E+05   8.8515088E+02   0.0000000E+00   0.0000000E+00   0.0000000E+00
     1.9890000E+03   4.5001596E+02   1.5955754E-02   4.4231610E+02   1.6941144E+05   8.8471997E+02   0.0000000E+00   0.0000000E+00   0.0000000E+00
     1.9900000E+03   4.5001566E+02   1.5660306E-02   4.4230850E+02   1.6995194E+05   8.8373718E+02   0.0000000E+00   0.0000000E+00   0.0000000E+00
     1.9910000E+03   4.5001566E+02   1.5642058E-02   4.4230118E+02   1.6960023E+05   8.8367645E+02   0.0000000E+00   0.0000000E+00   0.0000000E+00
     1.9920000E+03   4.5001529E+02   1.5284397E-02   4.4229480E+02   1.6318386E+05   8.8248669E+02   0.0000000E+00   0.0000000E+00   0.0000000E+00
     1.9930000E+03   4.5001465E+02   1.4648017E-02   4.4229175E+02   1.5432002E+05   8.8036975E+02   0.0000000E+00   0.0000000E+00   0.0000000E+00
     1.9940000E+03   4.5001453E+02   1.4516921E-02   4.4228680E+02   1.4758598E+05   8.7993359E+02   0.0000000E+00   0.0000000E+00   0.0000000E+00
     1.9950000E+03   4.5001447E+02   1.4457066E-02   4.4228159E+02   1.4877252E+05   8.7973450E+02   0.0000000E+00   0.0000000E+00   0.0000000E+00
     1.9960000E+03   4.5001431E+02   1.4319729E-02   4.4227628E+02   1.4852552E+05   8.7927765E+02   0.0000000E+00   0.0000000E+00   0.0000000E+00
     1.9970000E+03   4.5001431E+02   1.4306371E-02   4.4227316E+02   1.4832961E+05   8.7923322E+02   0.0000000E+00   0.0000000E+00   0.0000000E+00
     1.9980000E+03   4.5001425E+02   1.4244912E-02   4.4227203E+02   1.4720012E+05   8.7902875E+02   0.0000000E+00   0.0000000E+00   0.0000000E+00
     1.9990000E+03   4.5001407E+02   1.4079906E-02   4.4226996E+02   1.4442841E+05   8.7847986E+02   0.0000000E+00   0.0000000E+00   0.0000000E+00
     2.0000000E+03   4.5001398E+02   1.3969842E-02   4.4226874E+02   1.4251734E+05   8.7811371E+02   0.0000000E+00   0.0000000E+00   0.0000000E+00
     2.0010000E+03   4.5001376E+02   1.3748741E-02   4.4226694E+02   1.3884381E+05   8.7737823E+02   0.0000000E+00   0.0000000E+00   0.0000000E+00
     2.0020000E+03   4.5001382E+02   1.3811718E-02   4.4226419E+02   1.3783122E+05   8.7758771E+02   0.0000000E+00   0.0000000E+00   0.0000000E+00
     2.0030000E+03   4.5001633E+02   1.6339375E-02   4.4226590E+02   1.8240228E+05   8.8599615E+02   0.0000000E+00   0.0000000E+00   0.0000000E+00
     2.0040000E+03   4.5001392E+02   1.3900843E-02   4.4226175E+02   1.3931720E+05   8.7788422E+02   0.0000000E+00   0.0000000E+00   0.0000000E+00
     2.0050000E+03   4.5001382E+02   1.3819232E-02   4.4225818E+02   1.3457255E+05   8.7761273E+02   0.0000000E+00   0.0000000E+00   0.0000000E+00
     2.0060000E+03   4.5001871E+02   1.8695828E-02   4.4226343E+02   2.2832105E+05   8.9383502E+02   0.0000000E+00   0.0000000E+00   0.0000000E+00
     2.0070000E+03   4.5001492E+02   1.4938232E-02   4.4225925E+02   1.5708561E+05   8.8133514E+02   0.0000000E+00   0.0000000E+00   0.0000000E+00
     2.0080000E+03   4.5002316E+02   2.3149181E-02   4.4227118E+02   3.2598475E+05   9.0864941E+02   0.0000000E+00   0.0000000E+00   0.0000000E+00
     2.0090000E+03   4.5002533E+02   2.5342362E-02   4.4228351E+02   3.7906722E+05   9.1594519E+02   0.0000000E+00   0.0000000E+00   0.0000000E+00
     2.0100000E+03   4.5003998E+02   3.9964713E-02   4.4231827E+02   8.0990156E+05   9.6458746E+02   0.0000000E+00   0.0000000E+00   0.0000000E+00
     2.0110000E+03   4.5002658E+02   2.6579194E-02   4.4232724E+02   4.1014094E+05   9.2005957E+02   0.0000000E+00   0.0000000E+00   0.0000000E+00
     2.0120000E+03   4.5002231E+02   2.2298841E-02   4.4232098E+02   3.0627259E+05   9.0582068E+02   0.0000000E+00   0.0000000E+00   0.0000000E+00
     2.0130000E+03   4.5001968E+02   1.9687010E-02   4.4231592E+02   2.4879827E+05   8.9713226E+02   0.0000000E+00   0.0000000E+00   0.0000000E+00
     2.0140000E+03   4.5001852E+02   1.8520836E-02   4.4230951E+02   2.2477380E+05   8.9325293E+02   0.0000000E+00   0.0000000E+00   0.0000000E+00
     2.0150000E+03   4.5001828E+02   1.8293157E-02   4.4230276E+02   2.0572344E+05   8.9249554E+02   0.0000000E+00   0.0000000E+00   0.0000000E+00
     2.0160000E+03   4.5001663E+02   1.6621605E-02   4.4229416E+02   1.8768105E+05   8.8693500E+02   0.0000000E+00   0.0000000E+00   0.0000000E+00
     2.0170000E+03   4.5001654E+02   1.6535502E-02   4.4228708E+02   1.8605614E+05   8.8664856E+02   0.0000000E+00   0.0000000E+00   0.0000000E+00
     2.0180000E+03   4.5001590E+02   1.5908578E-02   4.4228006E+02   1.7635622E+05   8.8456305E+02   0.0000000E+00   0.0000000E+00   0.0000000E+00
     2.0190000E+03   4.5001572E+02   1.5712237E-02   4.4227399E+02   1.7087614E+05   8.8390991E+02   0.0000000E+00   0.0000000E+00   0.0000000E+00
     2.0200000E+03   4.5001566E+02   1.5664168E-02   4.4226770E+02   1.7000608E+05   8.8375000E+02   0.0000000E+00   0.0000000E+00   0.0000000E+00
     2.0210000E+03   4.5001550E+02   1.5491225E-02   4.4226202E+02   1.6688797E+05   8.8317468E+02   0.0000000E+00   0.0000000E+00   0.0000000E+00
     2.0220000E+03   4.5001529E+02   1.5275770E-02   4.4225677E+02   1.6303739E+05   8.8245801E+02   0.0000000E+00   0.0000000E+00   0.0000000E+00
     2.0230000E+03   4.5001492E+02   1.4919743E-02   4.4225159E+02   1.5674827E+05   8.8127362E+02   0.0000000E+00   0.0000000E+00   0.0000000E+00
     2.0240000E+03   4.5001495E+02   1.4946152E-02   4.4224701E+02   1.5721636E+05   8.8136151E+02   0.0000000E+00   0.0000000E+00   0.0000000E+00
     2.0250000E+03   4.5001477E+02   1.4782435E-02   4.4224246E+02   1.5435328E+05   8.8081689E+02   0.0000000E+00   0.0000000E+00   0.0000000E+00
     2.0260000E+03   4.5001456E+02   1.4569653E-02   4.4223792E+02   1.5065652E+05   8.8010901E+02   0.0000000E+00   0.0000000E+00   0.0000000E+00
     2.0270000E+03   4.5001450E+02   1.4508246E-02   4.4223251E+02   1.4959880E+05   8.7990479E+02   0.0000000E+00   0.0000000E+00   0.0000000E+00
     2.0280000E+03   4.5001440E+02   1.4393539E-02   4.4222723E+02   1.4763325E+05   8.7952319E+02   0.0000000E+00   0.0000000E+00   0.0000000E+00
     2.0290000E+03   4.5001385E+02   1.3847042E-02   4.4222018E+02   1.4068108E+05   8.7770520E+02   0.0000000E+00   0.0000000E+00   0.0000000E+00
     2.0300000E+03   4.5001343E+02   1.3424574E-02   4.4221472E+02   1.3367166E+05   8.7629987E+02   0.0000000E+00   0.0000000E+00   0.0000000E+00
     2.0310000E+03   4.5001340E+02   1.3406900E-02   4.4220901E+02   1.3336661E+05   8.7624103E+02   0.0000000E+00   0.0000000E+00   0.0000000E+00
     2.0320000E+03   4.5001349E+02   1.3484289E-02   4.4220401E+02   1.3467736E+05   8.7649847E+02   0.0000000E+00   0.0000000E+00   0.0000000E+00
     2.0330000E+03   4.5002020E+02   2.0209966E-02   4.4221576E+02   2.5996453E+05   8.9887195E+02   0.0000000E+00   0.0000000E+00   0.0000000E+00
     2.0340000E+03   4.5001440E+02   1.4403389E-02   4.4221408E+02   1.4781266E+05   8.7955597E+02   0.0000000E+00   0.0000000E+00   0.0000000E+00
     2.0350000E+03   4.5001376E+02   1.3774841E-02   4.4221271E+02   1.3720917E+05   8.7746503E+02   0.0000000E+00   0.0000000E+00   0.0000000E+00
     2.0360000E+03   4.5001355E+02   1.3550729E-02   4.4221097E+02   1.3570719E+05   8.7671954E+02   0.0000000E+00   0.0000000E+00   0.0000000E+00
     2.0370000E+03   4.5001337E+02   1.3359227E-02   4.4220901E+02   1.3038974E+05   8.7608246E+02   0.0000000E+00   0.0000000E+00   0.0000000E+00
     2.0380000E+03   4.5001288E+02   1.2864309E-02   4.4220670E+02   1.2443166E+05   8.7443610E+02   0.0000000E+00   0.0000000E+00   0.0000000E+00
     2.0390000E+03   4.5001260E+02   1.2615421E-02   4.4220401E+02   1.1850328E+05   8.7360815E+02   0.0000000E+00   0.0000000E+00   0.0000000E+00
     2.0400000E+03   4.5001248E+02   1.2477451E-02   4.4219901E+02   1.1635360E+05   8.7314917E+02   0.0000000E+00   0.0000000E+00   0.0000000E+00
     2.0410000E+03   4.5001227E+02   1.2256941E-02   4.4219165E+02   1.1295012E+05   8.7241565E+02   0.0000000E+00   0.0000000E+00   0.0000000E+00
     2.0420000E+03   4.5001205E+02   1.2057710E-02   4.4218527E+02   1.0990502E+05   8.7175287E+02   0.0000000E+00   0.0000000E+00   0.0000000E+00
     2.0430000E+03   4.5001199E+02   1.1986257E-02   4.4218008E+02   1.0882134E+05   8.7151520E+02   0.0000000E+00   0.0000000E+00   0.0000000E+00
     2.0440000E+03   4.5001190E+02   1.1915043E-02   4.4217542E+02   1.0774495E+05   8.7127832E+02   0.0000000E+00   0.0000000E+00   0.0000000E+00
     2.0450000E+03   4.5001196E+02   1.1957752E-02   4.4217102E+02   1.0838903E+05   8.7142035E+02   0.0000000E+00   0.0000000E+00   0.0000000E+00
     2.0460000E+03   4.5001175E+02   1.1748917E-02   4.4216867E+02   1.0525134E+05   8.7072565E+02   0.0000000E+00   0.0000000E+00   0.0000000E+00
     2.0470000E+03   4.5001160E+02   1.1584980E-02   4.4216574E+02   1.0286494E+05   8.7018030E+02   0.0000000E+00   0.0000000E+00   0.0000000E+00
     2.0480000E+03   4.5001160E+02   1.1610558E-02   4.4216205E+02   9.9723461E+04   8.7026538E+02   0.0000000E+00   0.0000000E+00   0.0000000E+00
     2.0490000E+03   4.5001135E+02   1.1348022E-02   4.4215771E+02   9.6740578E+04   8.6939209E+02   0.0000000E+00   0.0000000E+00   0.0000000E+00
     2.0500000E+03   4.5001132E+02   1.1308585E-02   4.4215262E+02   9.6226250E+04   8.6926086E+02   0.0000000E+00   0.0000000E+00   0.0000000E+00
     2.0510000E+03   4.5001102E+02   1.1021900E-02   4.4214651E+02   9.4616320E+04   8.6830719E+02   0.0000000E+00   0.0000000E+00   0.0000000E+00
     2.0520000E+03   4.5001074E+02   1.0738454E-02   4.4214032E+02   9.0589258E+04   8.6736432E+02   0.0000000E+00   0.0000000E+00   0.0000000E+00
     2.0530000E+03   4.5001047E+02   1.0453738E-02   4.4213449E+02   8.6618336E+04   8.6641718E+02   0.0000000E+00   0.0000000E+00   0.0000000E+00
     2.0540000E+03   4.5001031E+02   1.0302908E-02   4.4212973E+02   8.4545508E+04   8.6591541E+02   0.0000000E+00   0.0000000E+00   0.0000000E+00
     2.0550000E+03   4.5001041E+02   1.0411385E-02   4.4212677E+02   8.6038188E+04   8.6627625E+02   0.0000000E+00   0.0000000E+00   0.0000000E+00
     2.0560000E+03   4.5001035E+02   1.0347807E-02   4.4212442E+02   8.5162289E+04   8.6606476E+02   0.0000000E+00   0.0000000E+00   0.0000000E+00
     2.0570000E+03   4.5001041E+02   1.0405410E-02   4.4212262E+02   8.5957305E+04   8.6625641E+02   0.0000000E+00   0.0000000E+00   0.0000000E+00
     2.0580000E+03   4.5001028E+02   1.0288413E-02   4.4212064E+02   8.6654969E+04   8.6586719E+02   0.0000000E+00   0.0000000E+00   0.0000000E+00
     2.0590000E+03   4.5001031E+02   1.0309987E-02   4.4211789E+02   8.2993945E+04   8.6593896E+02   0.0000000E+00   0.0000000E+00   0.0000000E+00
     2.0600000E+03   4.5001038E+02   1.0361354E-02   4.4211502E+02   8.3485055E+04   8.6610986E+02   0.0000000E+00   0.0000000E+00   0.0000000E+00
     2.0610000E+03   4.5001035E+02   1.0336412E-02   4.4211218E+02   8.3167102E+04   8.6602686E+02   0.0000000E+00   0.0000000E+00   0.0000000E+00
     2.0620000E+03   4.5001007E+02   1.0057905E-02   4.4210956E+02   8.2976688E+04   8.6510040E+02   0.0000000E+00   0.0000000E+00   0.0000000E+00
     2.0630000E+03   4.5000977E+02   9.7740265E-03   4.4210568E+02   7.9164352E+04   8.6415607E+02   0.0000000E+00   0.0000000E+00   0.0000000E+00
     2.0640000E+03   4.5000983E+02   9.8223398E-03   4.4210187E+02   7.6334617E+04   8.6431677E+02   0.0000000E+00   0.0000000E+00   0.0000000E+00
     2.0650000E+03   4.5000949E+02   9.4795078E-03   4.4209955E+02   7.5242695E+04   8.6317633E+02   0.0000000E+00   0.0000000E+00   0.0000000E+00
     2.0660000E+03   4.5000940E+02   9.4040651E-03   4.4209726E+02   7.4266000E+04   8.6292535E+02   0.0000000E+00   0.0000000E+00   0.0000000E+00
     2.0670000E+03   4.5000946E+02   9.4589721E-03   4.4209457E+02   7.1689586E+04   8.6310803E+02   0.0000000E+00   0.0000000E+00   0.0000000E+00
     2.0680000E+03   4.5000925E+02   9.2548216E-03   4.4209241E+02   6.9057844E+04   8.6242889E+02   0.0000000E+00   0.0000000E+00   0.0000000E+00
     2.0690000E+03   4.5000931E+02   9.3042497E-03   4.4208960E+02   6.9712945E+04   8.6259332E+02   0.0000000E+00   0.0000000E+00   0.0000000E+00
     2.0700000E+03   4.5000903E+02   9.0247374E-03   4.4208618E+02   6.9418727E+04   8.6166351E+02   0.0000000E+00   0.0000000E+00   0.0000000E+00
     2.0710000E+03   4.5000888E+02   8.8756299E-03   4.4208383E+02   6.7530648E+04   8.6116748E+02   0.0000000E+00   0.0000000E+00   0.0000000E+00
     2.0720000E+03   4.5000912E+02   9.1227544E-03   4.4208154E+02   6.7425578E+04   8.6198956E+02   0.0000000E+00   0.0000000E+00   0.0000000E+00
     2.0730000E+03   4.5000876E+02   8.7722959E-03   4.4207779E+02   6.6232375E+04   8.6082373E+02   0.0000000E+00   0.0000000E+00   0.0000000E+00
     2.0740000E+03   4.5000876E+02   8.7544518E-03   4.4207486E+02   6.6000344E+04   8.6076434E+02   0.0000000E+00   0.0000000E+00   0.0000000E+00
     2.0750000E+03   4.5000870E+02   8.7117711E-03   4.4207196E+02   6.2365684E+04   8.6062238E+02   0.0000000E+00   0.0000000E+00   0.0000000E+00
     2.0760000E+03   4.5000854E+02   8.5466029E-03   4.4206863E+02   6.0442691E+04   8.6007294E+02   0.0000000E+00   0.0000000E+00   0.0000000E+00
     2.0770000E+03   4.5000919E+02   9.1705788E-03   4.4206610E+02   7.1120500E+04   8.6214862E+02   0.0000000E+00   0.0000000E+00   0.0000000E+00
     2.0780000E+03   4.5000980E+02   9.8093143E-03   4.4206442E+02   7.9341734E+04   8.6427344E+02   0.0000000E+00   0.0000000E+00   0.0000000E+00
     2.0790000E+03   4.5000818E+02   8.1891771E-03   4.4206104E+02   5.6216703E+04   8.5888397E+02   0.0000000E+00   0.0000000E+00   0.0000000E+00
     2.0800000E+03   4.5000797E+02   7.9692611E-03   4.4206018E+02   5.3715363E+04   8.5815240E+02   0.0000000E+00   0.0000000E+00   0.0000000E+00
     2.0810000E+03   4.5000784E+02   7.8328922E-03   4.4205954E+02   5.2196691E+04   8.5769873E+02   0.0000000E+00   0.0000000E+00   0.0000000E+00
     2.0820000E+03   4.5000784E+02   7.8327237E-03   4.4205777E+02   5.2223551E+04   8.5769818E+02   0.0000000E+00   0.0000000E+00   0.0000000E+00
     2.0830000E+03   4.5000769E+02   7.6751793E-03   4.4205496E+02   5.0405586E+04   8.5717407E+02   0.0000000E+00   0.0000000E+00   0.0000000E+00
     2.0840000E+03   4.5000766E+02   7.6640989E-03   4.4205356E+02   5.0321988E+04   8.5713727E+02   0.0000000E+00   0.0000000E+00   0.0000000E+00
     2.0850000E+03   4.5000760E+02   7.5962269E-03   4.4205362E+02   4.9501945E+04   8.5691144E+02   0.0000000E+00   0.0000000E+00   0.0000000E+00
     2.0860000E+03   4.5000751E+02   7.5130966E-03   4.4205206E+02   4.8628664E+04   8.5663495E+02   0.0000000E+00   0.0000000E+00   0.0000000E+00
     2.0870000E+03   4.5000757E+02   7.5706425E-03   4.4204919E+02   4.9283289E+04   8.5682635E+02   0.0000000E+00   0.0000000E+00   0.0000000E+00
     2.0880000E+03   4.5000754E+02   7.5487285E-03   4.4204651E+02   4.8975969E+04   8.5675348E+02   0.0000000E+00   0.0000000E+00   0.0000000E+00
     2.0890000E+03   4.5000739E+02   7.3957522E-03   4.4204440E+02   4.9967652E+04   8.5624457E+02   0.0000000E+00   0.0000000E+00   0.0000000E+00
     2.0900000E+03   4.5000723E+02   7.2391224E-03   4.4204382E+02   4.8223203E+04   8.5572351E+02   0.0000000E+00   0.0000000E+00   0.0000000E+00
     2.0910000E+03   4.5000723E+02   7.2341757E-03   4.4204303E+02   4.8185613E+04   8.5570709E+02   0.0000000E+00   0.0000000E+00   0.0000000E+00
     2.0920000E+03   4.5000720E+02   7.1953884E-03   4.4204095E+02   4.6972430E+04   8.5557806E+02   0.0000000E+00   0.0000000E+00   0.0000000E+00
     2.0930000E+03   4.5000720E+02   7.2027892E-03   4.4203989E+02   4.6267422E+04   8.5560266E+02   0.0000000E+00   0.0000000E+00   0.0000000E+00
     2.0940000E+03   4.5000745E+02   7.4363677E-03   4.4203979E+02   4.8245988E+04   8.5637970E+02   0.0000000E+00   0.0000000E+00   0.0000000E+00
     2.0950000E+03   4.5000732E+02   7.3159267E-03   4.4203922E+02   4.7272445E+04   8.5597900E+02   0.0000000E+00   0.0000000E+00   0.0000000E+00
     2.0960000E+03   4.5000729E+02   7.2993357E-03   4.4203845E+02   4.7634121E+04   8.5592383E+02   0.0000000E+00   0.0000000E+00   0.0000000E+00
     2.0970000E+03   4.5000723E+02   7.2462903E-03   4.4203738E+02   4.7518480E+04   8.5574738E+02   0.0000000E+00   0.0000000E+00   0.0000000E+00
     2.0980000E+03   4.5000714E+02   7.1452167E-03   4.4203430E+02   4.6364508E+04   8.5541113E+02   0.0000000E+00   0.0000000E+00   0.0000000E+00
     2.0990000E+03   4.5000714E+02   7.1329568E-03   4.4203122E+02   4.5768875E+04   8.5537036E+02   0.0000000E+00   0.0000000E+00   0.0000000E+00
     2.1000000E+03   4.5000717E+02   7.1826377E-03   4.4203073E+02   4.6351684E+04   8.5553564E+02   0.0000000E+00   0.0000000E+00   0.0000000E+00
     2.1010000E+03   4.5000793E+02   7.9332907E-03   4.4203177E+02   5.4710246E+04   8.5803271E+02   0.0000000E+00   0.0000000E+00   0.0000000E+00
     2.1020000E+03   4.5000784E+02   7.8329286E-03   4.4203262E+02   5.3568348E+04   8.5769885E+02   0.0000000E+00   0.0000000E+00   0.0000000E+00
     2.1030000E+03   4.5000711E+02   7.1048429E-03   4.4203177E+02   4.5531637E+04   8.5527686E+02   0.0000000E+00   0.0000000E+00   0.0000000E+00
     2.1040000E+03   4.5000690E+02   6.9119977E-03   4.4202985E+02   4.3493406E+04   8.5463531E+02   0.0000000E+00   0.0000000E+00   0.0000000E+00
     2.1050000E+03   4.5000696E+02   6.9616162E-03   4.4202704E+02   4.4015824E+04   8.5480035E+02   0.0000000E+00   0.0000000E+00   0.0000000E+00
     2.1060000E+03   4.5000775E+02   7.7398699E-03   4.4202701E+02   5.2497512E+04   8.5738928E+02   0.0000000E+00   0.0000000E+00   0.0000000E+00
     2.1070000E+03   4.5000797E+02   7.9592327E-03   4.4202805E+02   5.5000918E+04   8.5811902E+02   0.0000000E+00   0.0000000E+00   0.0000000E+00
     2.1080000E+03   4.5000797E+02   7.9538552E-03   4.4202917E+02   5.4922324E+04   8.5810114E+02   0.0000000E+00   0.0000000E+00   0.0000000E+00
     2.1090000E+03   4.5000809E+02   8.0956472E-03   4.4203049E+02   5.6549320E+04   8.5857281E+02   0.0000000E+00   0.0000000E+00   0.0000000E+00
     2.1100000E+03   4.5000803E+02   8.0125444E-03   4.4203180E+02   5.5617590E+04   8.5829639E+02   0.0000000E+00   0.0000000E+00   0.0000000E+00
     2.1110000E+03   4.5000815E+02   8.1592025E-03   4.4203284E+02   5.7222047E+04   8.5878424E+02   0.0000000E+00   0.0000000E+00   0.0000000E+00
     2.1120000E+03   4.5000821E+02   8.2239322E-03   4.4203198E+02   5.7801715E+04   8.5899957E+02   0.0000000E+00   0.0000000E+00   0.0000000E+00
     2.1130000E+03   4.5000809E+02   8.1012603E-03   4.4203012E+02   5.6657984E+04   8.5859149E+02   0.0000000E+00   0.0000000E+00   0.0000000E+00
     2.1140000E+03   4.5000809E+02   8.1002992E-03   4.4203012E+02   5.6609633E+04   8.5858832E+02   0.0000000E+00   0.0000000E+00   0.0000000E+00
     2.1150000E+03   4.5000787E+02   7.8738108E-03   4.4203061E+02   5.4018090E+04   8.5783484E+02   0.0000000E+00   0.0000000E+00   0.0000000E+00
     2.1160000E+03   4.5000702E+02   7.0090699E-03   4.4203015E+02   4.4498930E+04   8.5495825E+02   0.0000000E+00   0.0000000E+00   0.0000000E+00
     2.1170000E+03   4.5000699E+02   6.9996938E-03   4.4202927E+02   4.4403434E+04   8.5492706E+02   0.0000000E+00   0.0000000E+00   0.0000000E+00
     2.1180000E+03   4.5000699E+02   6.9819400E-03   4.4202765E+02   4.4222320E+04   8.5486798E+02   0.0000000E+00   0.0000000E+00   0.0000000E+00
     2.1190000E+03   4.5000705E+02   7.0541990E-03   4.4202658E+02   4.4980395E+04   8.5510834E+02   0.0000000E+00   0.0000000E+00   0.0000000E+00
     2.1200000E+03   4.5000705E+02   7.0533436E-03   4.4202625E+02   4.4967645E+04   8.5510553E+02   0.0000000E+00   0.0000000E+00   0.0000000E+00
     2.1210000E+03   4.5000720E+02   7.2090891E-03   4.4202640E+02   4.6635590E+04   8.5562360E+02   0.0000000E+00   0.0000000E+00   0.0000000E+00
     2.1220000E+03   4.5000720E+02   7.1976166E-03   4.4202631E+02   4.6518379E+04   8.5558545E+02   0.0000000E+00   0.0000000E+00   0.0000000E+00
     2.1230000E+03   4.5000717E+02   7.1793818E-03   4.4202527E+02   4.6326289E+04   8.5552478E+02   0.0000000E+00   0.0000000E+00   0.0000000E+00
     2.1240000E+03   4.5000714E+02   7.1521108E-03   4.4202258E+02   4.6034961E+04   8.5543408E+02   0.0000000E+00   0.0000000E+00   0.0000000E+00
     2.1250000E+03   4.5000705E+02   7.0510395E-03   4.4201971E+02   4.4947719E+04   8.5509784E+02   0.0000000E+00   0.0000000E+00   0.0000000E+00
     2.1260000E+03   4.5000705E+02   7.0419740E-03   4.4201819E+02   4.4848410E+04   8.5506769E+02   0.0000000E+00   0.0000000E+00   0.0000000E+00
     2.1270000E+03   4.5000705E+02   7.0353760E-03   4.4201761E+02   4.4777266E+04   8.5504578E+02   0.0000000E+00   0.0000000E+00   0.0000000E+00
     2.1280000E+03   4.5000711E+02   7.1158195E-03   4.4201660E+02   4.5533957E+04   8.5531335E+02   0.0000000E+00   0.0000000E+00   0.0000000E+00
     2.1290000E+03   4.5000732E+02   7.3355753E-03   4.4201611E+02   4.8008785E+04   8.5604437E+02   0.0000000E+00   0.0000000E+00   0.0000000E+00
     2.1300000E+03   4.5000717E+02   7.1645919E-03   4.4201520E+02   4.6154555E+04   8.5547559E+02   0.0000000E+00   0.0000000E+00   0.0000000E+00
     2.1310000E+03   4.5000723E+02   7.2356290E-03   4.4201459E+02   4.6920895E+04   8.5571191E+02   0.0000000E+00   0.0000000E+00   0.0000000E+00
     2.1320000E+03   4.5000739E+02   7.3914398E-03   4.4201486E+02   4.8591262E+04   8.5623022E+02   0.0000000E+00   0.0000000E+00   0.0000000E+00
     2.1330000E+03   4.5000732E+02   7.3110466E-03   4.4201651E+02   4.7783215E+04   8.5596277E+02   0.0000000E+00   0.0000000E+00   0.0000000E+00
     2.1340000E+03   4.5000748E+02   7.4747941E-03   4.4201797E+02   4.9517898E+04   8.5650751E+02   0.0000000E+00   0.0000000E+00   0.0000000E+00
     2.1350000E+03   4.5000748E+02   7.4621239E-03   4.4201843E+02   4.9397973E+04   8.5646533E+02   0.0000000E+00   0.0000000E+00   0.0000000E+00
     2.1360000E+03   4.5000769E+02   7.6930779E-03   4.4201892E+02   5.1906879E+04   8.5723364E+02   0.0000000E+00   0.0000000E+00   0.0000000E+00
     2.1370000E+03   4.5000784E+02   7.8381188E-03   4.4201968E+02   5.3619754E+04   8.5771613E+02   0.0000000E+00   0.0000000E+00   0.0000000E+00
     2.1380000E+03   4.5000775E+02   7.7587352E-03   4.4202100E+02   5.2710789E+04   8.5745203E+02   0.0000000E+00   0.0000000E+00   0.0000000E+00
     2.1390000E+03   4.5000745E+02   7.4487543E-03   4.4202213E+02   4.9248176E+04   8.5642090E+02   0.0000000E+00   0.0000000E+00   0.0000000E+00
     2.1400000E+03   4.5000754E+02   7.5230189E-03   4.4202234E+02   5.0071230E+04   8.5666791E+02   0.0000000E+00   0.0000000E+00   0.0000000E+00
     2.1410000E+03   4.5000775E+02   7.7449167E-03   4.4202310E+02   5.2558551E+04   8.5740607E+02   0.0000000E+00   0.0000000E+00   0.0000000E+00
     2.1420000E+03   4.5000745E+02   7.4337181E-03   4.4202350E+02   4.9084391E+04   8.5637085E+02   0.0000000E+00   0.0000000E+00   0.0000000E+00
     2.1430000E+03   4.5000745E+02   7.4322983E-03   4.4202380E+02   4.9033020E+04   8.5636615E+02   0.0000000E+00   0.0000000E+00   0.0000000E+00
     2.1440000E+03   4.5000742E+02   7.4261809E-03   4.4202377E+02   4.9009246E+04   8.5634576E+02   0.0000000E+00   0.0000000E+00   0.0000000E+00
     2.1450000E+03   4.5000735E+02   7.3475544E-03   4.4202335E+02   4.8003594E+04   8.5608423E+02   0.0000000E+00   0.0000000E+00   0.0000000E+00
     2.1460000E+03   4.5000726E+02   7.2500911E-03   4.4202313E+02   4.7095148E+04   8.5576001E+02   0.0000000E+00   0.0000000E+00   0.0000000E+00
     2.1470000E+03   4.5000726E+02   7.2491462E-03   4.4202298E+02   4.7075758E+04   8.5575690E+02   0.0000000E+00   0.0000000E+00   0.0000000E+00
     2.1480000E+03   4.5000726E+02   7.2498098E-03   4.4202319E+02   4.7070414E+04   8.5575909E+02   0.0000000E+00   0.0000000E+00   0.0000000E+00
     2.1490000E+03   4.5000717E+02   7.1868170E-03   4.4202347E+02   4.7257781E+04   8.5554950E+02   0.0000000E+00   0.0000000E+00   0.0000000E+00
     2.1500000E+03   4.5000726E+02   7.2701951E-03   4.4202393E+02   4.7306770E+04   8.5582690E+02   0.0000000E+00   0.0000000E+00   0.0000000E+00
     2.1510000E+03   4.5000726E+02   7.2486009E-03   4.4202365E+02   4.7063125E+04   8.5575507E+02   0.0000000E+00   0.0000000E+00   0.0000000E+00
     2.1520000E+03   4.5000732E+02   7.3181703E-03   4.4202377E+02   4.7825055E+04   8.5598651E+02   0.0000000E+00   0.0000000E+00   0.0000000E+00
     2.1530000E+03   4.5000739E+02   7.3902137E-03   4.4202423E+02   4.8600625E+04   8.5622614E+02   0.0000000E+00   0.0000000E+00   0.0000000E+00
     2.1540000E+03   4.5000739E+02   7.3875915E-03   4.4202463E+02   4.8518578E+04   8.5621741E+02   0.0000000E+00   0.0000000E+00   0.0000000E+00
     2.1550000E+03   4.5000748E+02   7.4616112E-03   4.4202536E+02   4.9382918E+04   8.5646362E+02   0.0000000E+00   0.0000000E+00   0.0000000E+00
     2.1560000E+03   4.5000754E+02   7.5377049E-03   4.4202536E+02   5.0238188E+04   8.5671680E+02   0.0000000E+00   0.0000000E+00   0.0000000E+00
     2.1570000E+03   4.5000751E+02   7.5170435E-03   4.4202463E+02   4.9999059E+04   8.5664807E+02   0.0000000E+00   0.0000000E+00   0.0000000E+00
     2.1580000E+03   4.5000757E+02   7.5834855E-03   4.4202408E+02   5.0745461E+04   8.5686908E+02   0.0000000E+00   0.0000000E+00   0.0000000E+00
     2.1590000E+03   4.5000766E+02   7.6607359E-03   4.4202451E+02   5.1639047E+04   8.5712604E+02   0.0000000E+00   0.0000000E+00   0.0000000E+00
     2.1600000E+03   4.5000760E+02   7.6029757E-03   4.4202490E+02   5.0095395E+04   8.5693390E+02   0.0000000E+00   0.0000000E+00   0.0000000E+00
     2.1610000E+03   4.5000760E+02   7.5978064E-03   4.4202509E+02   5.0918508E+04   8.5691669E+02   0.0000000E+00   0.0000000E+00   0.0000000E+00
     2.1620000E+03   4.5000726E+02   7.2669615E-03   4.4202481E+02   4.7266773E+04   8.5581616E+02   0.0000000E+00   0.0000000E+00   0.0000000E+00
     2.1630000E+03   4.5000711E+02   7.1012932E-03   4.4202475E+02   4.5473914E+04   8.5526501E+02   0.0000000E+00   0.0000000E+00   0.0000000E+00
     2.1640000E+03   4.5000717E+02   7.1801771E-03   4.4202457E+02   4.6319508E+04   8.5552747E+02   0.0000000E+00   0.0000000E+00   0.0000000E+00
     2.1650000E+03   4.5000711E+02   7.1128025E-03   4.4202454E+02   4.4738309E+04   8.5530328E+02   0.0000000E+00   0.0000000E+00   0.0000000E+00
     2.1660000E+03   4.5000720E+02   7.2070034E-03   4.4202487E+02   4.6612824E+04   8.5561670E+02   0.0000000E+00   0.0000000E+00   0.0000000E+00
     2.1670000E+03   4.5000720E+02   7.1963621E-03   4.4202478E+02   4.6494812E+04   8.5558130E+02   0.0000000E+00   0.0000000E+00   0.0000000E+00
     2.1680000E+03   4.5000720E+02   7.1902471E-03   4.4202451E+02   4.6429691E+04   8.5556091E+02   0.0000000E+00   0.0000000E+00   0.0000000E+00
     2.1690000E+03   4.5000726E+02   7.2691604E-03   4.4202457E+02   4.7274703E+04   8.5582343E+02   0.0000000E+00   0.0000000E+00   0.0000000E+00
     2.1700000E+03   4.5000735E+02   7.3466022E-03   4.4202448E+02   4.8127445E+04   8.5608105E+02   0.0000000E+00   0.0000000E+00   0.0000000E+00
     2.1710000E+03   4.5000735E+02   7.3419749E-03   4.4202344E+02   4.8085344E+04   8.5606567E+02   0.0000000E+00   0.0000000E+00   0.0000000E+00
     2.1720000E+03   4.5000732E+02   7.3366412E-03   4.4202155E+02   4.8031590E+04   8.5604791E+02   0.0000000E+00   0.0000000E+00   0.0000000E+00
     2.1730000E+03   4.5000726E+02   7.2532678E-03   4.4201926E+02   4.7123336E+04   8.5577057E+02   0.0000000E+00   0.0000000E+00   0.0000000E+00
     2.1740000E+03   4.5000726E+02   7.2531821E-03   4.4201712E+02   4.7110488E+04   8.5577032E+02   0.0000000E+00   0.0000000E+00   0.0000000E+00
     2.1750000E+03   4.5000720E+02   7.1899719E-03   4.4201410E+02   4.6429176E+04   8.5556000E+02   0.0000000E+00   0.0000000E+00   0.0000000E+00
     2.1760000E+03   4.5000729E+02   7.2854036E-03   4.4201123E+02   4.7461059E+04   8.5587750E+02   0.0000000E+00   0.0000000E+00   0.0000000E+00
     2.1770000E+03   4.5000720E+02   7.1960506E-03   4.4200854E+02   4.6493707E+04   8.5558026E+02   0.0000000E+00   0.0000000E+00   0.0000000E+00
     2.1780000E+03   4.5000720E+02   7.1881493E-03   4.4200525E+02   4.6413539E+04   8.5555396E+02   0.0000000E+00   0.0000000E+00   0.0000000E+00
     2.1790000E+03   4.5000717E+02   7.1868831E-03   4.4200247E+02   4.6387621E+04   8.5554974E+02   0.0000000E+00   0.0000000E+00   0.0000000E+00
     2.1800000E+03   4.5000711E+02   7.1190535E-03   4.4199805E+02   4.5668441E+04   8.5532410E+02   0.0000000E+00   0.0000000E+00   0.0000000E+00
     2.1810000E+03   4.5000729E+02   7.2930572E-03   4.4199359E+02   4.7544188E+04   8.5590295E+02   0.0000000E+00   0.0000000E+00   0.0000000E+00
     2.1820000E+03   4.5000729E+02   7.2822240E-03   4.4199063E+02   4.7420332E+04   8.5586688E+02   0.0000000E+00   0.0000000E+00   0.0000000E+00
     2.1830000E+03   4.5000720E+02   7.1958331E-03   4.4198724E+02   4.6492777E+04   8.5557953E+02   0.0000000E+00   0.0000000E+00   0.0000000E+00
     2.1840000E+03   4.5000702E+02   7.0290309E-03   4.4198349E+02   4.4713391E+04   8.5502466E+02   0.0000000E+00   0.0000000E+00   0.0000000E+00
     2.1850000E+03   4.5000693E+02   6.9348011E-03   4.4197922E+02   4.3713957E+04   8.5471118E+02   0.0000000E+00   0.0000000E+00   0.0000000E+00
     2.1860000E+03   4.5000702E+02   7.0215315E-03   4.4197888E+02   4.4618531E+04   8.5499969E+02   0.0000000E+00   0.0000000E+00   0.0000000E+00
     2.1870000E+03   4.5000693E+02   6.9321096E-03   4.4197845E+02   4.3686090E+04   8.5470221E+02   0.0000000E+00   0.0000000E+00   0.0000000E+00
     2.1880000E+03   4.5000693E+02   6.9183535E-03   4.4197745E+02   4.3552938E+04   8.5465649E+02   0.0000000E+00   0.0000000E+00   0.0000000E+00
     2.1890000E+03   4.5000684E+02   6.8309768E-03   4.4197626E+02   4.2491078E+04   8.5436578E+02   0.0000000E+00   0.0000000E+00   0.0000000E+00
     2.1900000E+03   4.5000681E+02   6.8107350E-03   4.4197501E+02   4.2404309E+04   8.5429846E+02   0.0000000E+00   0.0000000E+00   0.0000000E+00
     2.1910000E+03   4.5000003E+02   0.0000000E+00   4.4156451E+02   0.0000000E+00   2.2989412E+02   0.0000000E+00   0.0000000E+00   0.0000000E+00
