 "GAGE No.    9:  K,I,J Coord. =     1,  249,  180;  STREAM SEGMENT =   282;  REACH =    10 "
     "DATA: Time           Stage           Depth         GW-Head    Midpt-Flow       Stream-Loss        GW-Rech.  Chnge-UZ-Stor.   Vol.-UZ-Stor."
     1.0000000E+00   3.1500427E+02   4.2653088E-03   3.1500653E+02   2.1618533E+04  -9.0396570E+02   0.0000000E+00   0.0000000E+00   0.0000000E+00
     2.0000000E+00   3.1500449E+02   4.4729887E-03   3.1500677E+02   2.3439893E+04  -9.2541858E+02   0.0000000E+00   0.0000000E+00   0.0000000E+00
     3.0000000E+00   3.1500592E+02   5.9186299E-03   3.1500833E+02   3.7587895E+04  -9.6925494E+02   0.0000000E+00   0.0000000E+00   0.0000000E+00
     4.0000000E+00   3.1500653E+02   6.5407995E-03   3.1500919E+02   4.4050246E+04  -1.0663088E+03   0.0000000E+00   0.0000000E+00   0.0000000E+00
     5.0000000E+00   3.1500580E+02   5.7891868E-03   3.1500845E+02   3.5967395E+04  -1.0639685E+03   0.0000000E+00   0.0000000E+00   0.0000000E+00
     6.0000000E+00   3.1500510E+02   5.0893803E-03   3.1500760E+02   2.9013883E+04  -1.0013969E+03   0.0000000E+00   0.0000000E+00   0.0000000E+00
     7.0000000E+00   3.1500455E+02   4.5543802E-03   3.1500696E+02   2.3967838E+04  -9.6906824E+02   0.0000000E+00   0.0000000E+00   0.0000000E+00
     8.0000000E+00   3.1500381E+02   3.8066288E-03   3.1500687E+02   1.9597551E+04  -1.2234481E+03   0.0000000E+00   0.0000000E+00   0.0000000E+00
     9.0000000E+00   3.1500403E+02   4.0253098E-03   3.1500644E+02   2.0395215E+04  -9.6871228E+02   0.0000000E+00   0.0000000E+00   0.0000000E+00
     1.0000000E+01   3.1500427E+02   4.2813611E-03   3.1500681E+02   2.1741258E+04  -1.0121431E+03   0.0000000E+00   0.0000000E+00   0.0000000E+00
     1.1000000E+01   3.1500443E+02   4.4222684E-03   3.1500693E+02   1.8359824E+04  -1.0015705E+03   0.0000000E+00   0.0000000E+00   0.0000000E+00
     1.2000000E+01   3.1500430E+02   4.2937994E-03   3.1500687E+02   2.1778100E+04  -1.0267194E+03   0.0000000E+00   0.0000000E+00   0.0000000E+00
     1.3000000E+01   3.1500406E+02   4.0460485E-03   3.1500674E+02   2.1573758E+04  -1.0890991E+03   0.0000000E+00   0.0000000E+00   0.0000000E+00
     1.4000000E+01   3.1500397E+02   3.9780410E-03   3.1500644E+02   2.0255932E+04  -9.9087714E+02   0.0000000E+00   0.0000000E+00   0.0000000E+00
     1.5000000E+01   3.1500375E+02   3.7509745E-03   3.1500626E+02   1.8408662E+04  -1.0108096E+03   0.0000000E+00   0.0000000E+00   0.0000000E+00
     1.6000000E+01   3.1500366E+02   3.6767521E-03   3.1500613E+02   1.7853701E+04  -9.8071161E+02   0.0000000E+00   0.0000000E+00   0.0000000E+00
     1.7000000E+01   3.1500354E+02   3.5547519E-03   3.1500601E+02   1.6855973E+04  -9.8960284E+02   0.0000000E+00   0.0000000E+00   0.0000000E+00
     1.8000000E+01   3.1500354E+02   3.5374674E-03   3.1500580E+02   1.5255068E+04  -9.0158386E+02   0.0000000E+00   0.0000000E+00   0.0000000E+00
     1.9000000E+01   3.1500357E+02   3.5670660E-03   3.1500623E+02   1.6804469E+04  -1.0713781E+03   0.0000000E+00   0.0000000E+00   0.0000000E+00
     2.0000000E+01   3.1500360E+02   3.6161812E-03   3.1500592E+02   1.5939316E+04  -9.2208636E+02   0.0000000E+00   0.0000000E+00   0.0000000E+00
     2.1000000E+01   3.1500372E+02   3.7339281E-03   3.1500610E+02   1.5956180E+04  -9.5140314E+02   0.0000000E+00   0.0000000E+00   0.0000000E+00
     2.2000000E+01   3.1500366E+02   3.6668270E-03   3.1500610E+02   1.5335620E+04  -9.8131580E+02   0.0000000E+00   0.0000000E+00   0.0000000E+00
     2.3000000E+01   3.1500360E+02   3.6107292E-03   3.1500604E+02   1.4777924E+04  -9.7065686E+02   0.0000000E+00   0.0000000E+00   0.0000000E+00
     2.4000000E+01   3.1500354E+02   3.5339610E-03   3.1500595E+02   1.4220463E+04  -9.7178912E+02   0.0000000E+00   0.0000000E+00   0.0000000E+00
     2.5000000E+01   3.1500348E+02   3.4711824E-03   3.1500589E+02   1.3894524E+04  -9.7478888E+02   0.0000000E+00   0.0000000E+00   0.0000000E+00
     2.6000000E+01   3.1500345E+02   3.4519611E-03   3.1500583E+02   1.3642475E+04  -9.5938971E+02   0.0000000E+00   0.0000000E+00   0.0000000E+00
     2.7000000E+01   3.1500342E+02   3.4069933E-03   3.1500583E+02   1.3561934E+04  -9.7168713E+02   0.0000000E+00   0.0000000E+00   0.0000000E+00
     2.8000000E+01   3.1500342E+02   3.4067545E-03   3.1500580E+02   1.3350027E+04  -9.5931281E+02   0.0000000E+00   0.0000000E+00   0.0000000E+00
     2.9000000E+01   3.1500330E+02   3.2894230E-03   3.1500574E+02   1.2670672E+04  -9.8127740E+02   0.0000000E+00   0.0000000E+00   0.0000000E+00
     3.0000000E+01   3.1500327E+02   3.2734401E-03   3.1500568E+02   1.2959849E+04  -9.6487903E+02   0.0000000E+00   0.0000000E+00   0.0000000E+00
     3.1000000E+01   3.1500330E+02   3.2995588E-03   3.1500604E+02   1.4778574E+04  -1.1003187E+03   0.0000000E+00   0.0000000E+00   0.0000000E+00
     3.2000000E+01   3.1502435E+02   2.4367705E-02   3.1502710E+02   3.9469528E+05  -1.1020894E+03   0.0000000E+00   0.0000000E+00   0.0000000E+00
     3.3000000E+01   3.1500955E+02   9.5543619E-03   3.1501257E+02   8.2904133E+04  -1.2090859E+03   0.0000000E+00   0.0000000E+00   0.0000000E+00
     3.4000000E+01   3.1501065E+02   1.0649948E-02   3.1501355E+02   9.9343336E+04  -1.1646670E+03   0.0000000E+00   0.0000000E+00   0.0000000E+00
     3.5000000E+01   3.1500897E+02   8.9723337E-03   3.1501187E+02   7.4748883E+04  -1.1659026E+03   0.0000000E+00   0.0000000E+00   0.0000000E+00
     3.6000000E+01   3.1500833E+02   8.3351424E-03   3.1501135E+02   6.5789188E+04  -1.2136841E+03   0.0000000E+00   0.0000000E+00   0.0000000E+00
     3.7000000E+01   3.1500720E+02   7.2172265E-03   3.1501080E+02   5.2697109E+04  -1.4425372E+03   0.0000000E+00   0.0000000E+00   0.0000000E+00
     3.8000000E+01   3.1500751E+02   7.4940855E-03   3.1501047E+02   5.5338715E+04  -1.1937109E+03   0.0000000E+00   0.0000000E+00   0.0000000E+00
     3.9000000E+01   3.1500784E+02   7.8491084E-03   3.1501035E+02   5.1961512E+04  -1.0014180E+03   0.0000000E+00   0.0000000E+00   0.0000000E+00
     4.0000000E+01   3.1500790E+02   7.8952126E-03   3.1501074E+02   5.1089441E+04  -1.1444606E+03   0.0000000E+00   0.0000000E+00   0.0000000E+00
     4.1000000E+01   3.1500748E+02   7.4803880E-03   3.1501044E+02   5.5787984E+04  -1.1826631E+03   0.0000000E+00   0.0000000E+00   0.0000000E+00
     4.2000000E+01   3.1500720E+02   7.2051166E-03   3.1501004E+02   4.2928199E+04  -1.1342690E+03   0.0000000E+00   0.0000000E+00   0.0000000E+00
     4.3000000E+01   3.1500693E+02   6.9412291E-03   3.1500961E+02   4.8216008E+04  -1.0698467E+03   0.0000000E+00   0.0000000E+00   0.0000000E+00
     4.4000000E+01   3.1500641E+02   6.4187902E-03   3.1500980E+02   4.5652711E+04  -1.3579600E+03   0.0000000E+00   0.0000000E+00   0.0000000E+00
     4.5000000E+01   3.1500629E+02   6.2905480E-03   3.1500961E+02   4.4042707E+04  -1.3284789E+03   0.0000000E+00   0.0000000E+00   0.0000000E+00
     4.6000000E+01   3.1500604E+02   6.0424395E-03   3.1500946E+02   4.1804414E+04  -1.3659364E+03   0.0000000E+00   0.0000000E+00   0.0000000E+00
     4.7000000E+01   3.1500595E+02   5.9481445E-03   3.1500925E+02   4.0383137E+04  -1.3217562E+03   0.0000000E+00   0.0000000E+00   0.0000000E+00
     4.8000000E+01   3.1500589E+02   5.8772992E-03   3.1500909E+02   3.9654379E+04  -1.2930453E+03   0.0000000E+00   0.0000000E+00   0.0000000E+00
     4.9000000E+01   3.1500577E+02   5.7583866E-03   3.1500900E+02   3.8220410E+04  -1.3081260E+03   0.0000000E+00   0.0000000E+00   0.0000000E+00
     5.0000000E+01   3.1500558E+02   5.5974750E-03   3.1500888E+02   3.6987238E+04  -1.3193464E+03   0.0000000E+00   0.0000000E+00   0.0000000E+00
     5.1000000E+01   3.1500565E+02   5.6515890E-03   3.1500879E+02   3.6760695E+04  -1.2566708E+03   0.0000000E+00   0.0000000E+00   0.0000000E+00
     5.2000000E+01   3.1500552E+02   5.5091316E-03   3.1500873E+02   3.6031980E+04  -1.2980359E+03   0.0000000E+00   0.0000000E+00   0.0000000E+00
     5.3000000E+01   3.1500549E+02   5.4896157E-03   3.1500867E+02   3.5405582E+04  -1.2776823E+03   0.0000000E+00   0.0000000E+00   0.0000000E+00
     5.4000000E+01   3.1500546E+02   5.4753660E-03   3.1500851E+02   3.5142922E+04  -1.2254331E+03   0.0000000E+00   0.0000000E+00   0.0000000E+00
     5.5000000E+01   3.1500534E+02   5.3470065E-03   3.1500848E+02   3.4168871E+04  -1.2605424E+03   0.0000000E+00   0.0000000E+00   0.0000000E+00
     5.6000000E+01   3.1500528E+02   5.2894168E-03   3.1500839E+02   3.3349535E+04  -1.2405818E+03   0.0000000E+00   0.0000000E+00   0.0000000E+00
     5.7000000E+01   3.1500870E+02   8.6982446E-03   3.1501157E+02   7.1024555E+04  -1.1457311E+03   0.0000000E+00   0.0000000E+00   0.0000000E+00
     5.8000000E+01   3.1500766E+02   7.6505793E-03   3.1501056E+02   5.6269871E+04  -1.1623784E+03   0.0000000E+00   0.0000000E+00   0.0000000E+00
     5.9000000E+01   3.1500684E+02   6.8500601E-03   3.1500977E+02   4.7384301E+04  -1.1703022E+03   0.0000000E+00   0.0000000E+00   0.0000000E+00
     6.0000000E+01   3.1500681E+02   6.7937491E-03   3.1500970E+02   4.5343797E+04  -1.1714152E+03   0.0000000E+00   0.0000000E+00   0.0000000E+00
     6.1000000E+01   3.1500629E+02   6.2768613E-03   3.1500894E+02   4.1036027E+04  -1.0717692E+03   0.0000000E+00   0.0000000E+00   0.0000000E+00
     6.2000000E+01   3.1500607E+02   6.0754744E-03   3.1500851E+02   3.7660457E+04  -9.8100555E+02   0.0000000E+00   0.0000000E+00   0.0000000E+00
     6.3000000E+01   3.1500565E+02   5.6571090E-03   3.1500888E+02   3.6990617E+04  -1.2917943E+03   0.0000000E+00   0.0000000E+00   0.0000000E+00
     6.4000000E+01   3.1500571E+02   5.7044527E-03   3.1500882E+02   3.6722477E+04  -1.2478806E+03   0.0000000E+00   0.0000000E+00   0.0000000E+00
     6.5000000E+01   3.1500555E+02   5.5625541E-03   3.1500876E+02   3.5549227E+04  -1.2838838E+03   0.0000000E+00   0.0000000E+00   0.0000000E+00
     6.6000000E+01   3.1500546E+02   5.4751569E-03   3.1500864E+02   3.4744281E+04  -1.2747448E+03   0.0000000E+00   0.0000000E+00   0.0000000E+00
     6.7000000E+01   3.1500555E+02   5.5407360E-03   3.1500854E+02   3.4209477E+04  -1.2114009E+03   0.0000000E+00   0.0000000E+00   0.0000000E+00
     6.8000000E+01   3.1500537E+02   5.3724069E-03   3.1500851E+02   3.2710389E+04  -1.2573805E+03   0.0000000E+00   0.0000000E+00   0.0000000E+00
     6.9000000E+01   3.1500531E+02   5.3020408E-03   3.1500836E+02   3.1612139E+04  -1.2310201E+03   0.0000000E+00   0.0000000E+00   0.0000000E+00
     7.0000000E+01   3.1500540E+02   5.3867367E-03   3.1500827E+02   3.2190795E+04  -1.1599401E+03   0.0000000E+00   0.0000000E+00   0.0000000E+00
     7.1000000E+01   3.1500525E+02   5.2433237E-03   3.1500824E+02   3.0840008E+04  -1.2054923E+03   0.0000000E+00   0.0000000E+00   0.0000000E+00
     7.2000000E+01   3.1500516E+02   5.1675141E-03   3.1500812E+02   2.9444857E+04  -1.1813837E+03   0.0000000E+00   0.0000000E+00   0.0000000E+00
     7.3000000E+01   3.1500507E+02   5.0557498E-03   3.1500797E+02   2.9334805E+04  -1.1621161E+03   0.0000000E+00   0.0000000E+00   0.0000000E+00
     7.4000000E+01   3.1500513E+02   5.1326156E-03   3.1500757E+02   2.9274428E+04  -9.8139246E+02   0.0000000E+00   0.0000000E+00   0.0000000E+00
     7.5000000E+01   3.1501419E+02   1.4187051E-02   3.1501700E+02   1.5993908E+05  -1.1300525E+03   0.0000000E+00   0.0000000E+00   0.0000000E+00
     7.6000000E+01   3.1501266E+02   1.2676167E-02   3.1501559E+02   1.3284744E+05  -1.1687129E+03   0.0000000E+00   0.0000000E+00   0.0000000E+00
     7.7000000E+01   3.1501788E+02   1.7879725E-02   3.1502072E+02   2.3568566E+05  -1.1426053E+03   0.0000000E+00   0.0000000E+00   0.0000000E+00
     7.8000000E+01   3.1501154E+02   1.1532489E-02   3.1501450E+02   1.1344496E+05  -1.1904371E+03   0.0000000E+00   0.0000000E+00   0.0000000E+00
     7.9000000E+01   3.1501257E+02   1.2579535E-02   3.1501447E+02   1.4288862E+05  -7.5270020E+02   0.0000000E+00   0.0000000E+00   0.0000000E+00
     8.0000000E+01   3.1501321E+02   1.3214575E-02   3.1501633E+02   1.4091284E+05  -1.2508873E+03   0.0000000E+00   0.0000000E+00   0.0000000E+00
     8.1000000E+01   3.1501126E+02   1.1269270E-02   3.1501425E+02   1.0907896E+05  -1.2012095E+03   0.0000000E+00   0.0000000E+00   0.0000000E+00
     8.2000000E+01   3.1503110E+02   3.1093813E-02   3.1503400E+02   5.9250606E+05  -1.1616848E+03   0.0000000E+00   0.0000000E+00   0.0000000E+00
     8.3000000E+01   3.1502158E+02   2.1578480E-02   3.1502466E+02   3.2227741E+05  -1.2306099E+03   0.0000000E+00   0.0000000E+00   0.0000000E+00
     8.4000000E+01   3.1501920E+02   1.9194882E-02   3.1502255E+02   2.6314388E+05  -1.3417032E+03   0.0000000E+00   0.0000000E+00   0.0000000E+00
     8.5000000E+01   3.1505557E+02   5.5561464E-02   3.1505841E+02   1.5590985E+06  -1.1408831E+03   0.0000000E+00   0.0000000E+00   0.0000000E+00
     8.6000000E+01   3.1502936E+02   2.9345037E-02   3.1503262E+02   5.3812200E+05  -1.3203326E+03   0.0000000E+00   0.0000000E+00   0.0000000E+00
     8.7000000E+01   3.1502136E+02   2.1350631E-02   3.1502444E+02   3.1666503E+05  -1.2393608E+03   0.0000000E+00   0.0000000E+00   0.0000000E+00
     8.8000000E+01   3.1501874E+02   1.8735008E-02   3.1502188E+02   2.5351600E+05  -1.2574930E+03   0.0000000E+00   0.0000000E+00   0.0000000E+00
     8.9000000E+01   3.1501706E+02   1.7071800E-02   3.1502008E+02   2.1849442E+05  -1.2129835E+03   0.0000000E+00   0.0000000E+00   0.0000000E+00
     9.0000000E+01   3.1501633E+02   1.6323408E-02   3.1501938E+02   1.8941420E+05  -1.2221896E+03   0.0000000E+00   0.0000000E+00   0.0000000E+00
     9.1000000E+01   3.1501529E+02   1.5284216E-02   3.1501822E+02   1.6885919E+05  -1.1782482E+03   0.0000000E+00   0.0000000E+00   0.0000000E+00
     9.2000000E+01   3.1501361E+02   1.3622180E-02   3.1501660E+02   1.5030494E+05  -1.1941520E+03   0.0000000E+00   0.0000000E+00   0.0000000E+00
     9.3000000E+01   3.1501309E+02   1.3078116E-02   3.1501593E+02   1.3918252E+05  -1.1504080E+03   0.0000000E+00   0.0000000E+00   0.0000000E+00
     9.4000000E+01   3.1502274E+02   2.2747003E-02   3.1502567E+02   3.5192512E+05  -1.1671418E+03   0.0000000E+00   0.0000000E+00   0.0000000E+00
     9.5000000E+01   3.1501498E+02   1.4992467E-02   3.1501801E+02   1.7567250E+05  -1.2137009E+03   0.0000000E+00   0.0000000E+00   0.0000000E+00
     9.6000000E+01   3.1501465E+02   1.4654621E-02   3.1501761E+02   1.5642039E+05  -1.1838783E+03   0.0000000E+00   0.0000000E+00   0.0000000E+00
     9.7000000E+01   3.1501437E+02   1.4379736E-02   3.1501709E+02   1.5398795E+05  -1.0899197E+03   0.0000000E+00   0.0000000E+00   0.0000000E+00
     9.8000000E+01   3.1501407E+02   1.4066921E-02   3.1501700E+02   1.4768991E+05  -1.1709668E+03   0.0000000E+00   0.0000000E+00   0.0000000E+00
     9.9000000E+01   3.1501404E+02   1.4025917E-02   3.1501694E+02   1.5822123E+05  -1.1637083E+03   0.0000000E+00   0.0000000E+00   0.0000000E+00
     1.0000000E+02   3.1501324E+02   1.3245007E-02   3.1501639E+02   1.5038766E+05  -1.2570588E+03   0.0000000E+00   0.0000000E+00   0.0000000E+00
     1.0100000E+02   3.1501218E+02   1.2168122E-02   3.1501520E+02   1.3121681E+05  -1.2207341E+03   0.0000000E+00   0.0000000E+00   0.0000000E+00
     1.0200000E+02   3.1501193E+02   1.1930975E-02   3.1501492E+02   1.1852762E+05  -1.2060956E+03   0.0000000E+00   0.0000000E+00   0.0000000E+00
     1.0300000E+02   3.1501129E+02   1.1300004E-02   3.1501434E+02   1.0094975E+05  -1.2235608E+03   0.0000000E+00   0.0000000E+00   0.0000000E+00
     1.0400000E+02   3.1501108E+02   1.1086164E-02   3.1501392E+02   9.5850883E+04  -1.1411216E+03   0.0000000E+00   0.0000000E+00   0.0000000E+00
     1.0500000E+02   3.1501068E+02   1.0668424E-02   3.1501364E+02   9.1052000E+04  -1.1891155E+03   0.0000000E+00   0.0000000E+00   0.0000000E+00
     1.0600000E+02   3.1501041E+02   1.0408808E-02   3.1501331E+02   9.5788594E+04  -1.1677871E+03   0.0000000E+00   0.0000000E+00   0.0000000E+00
     1.0700000E+02   3.1501013E+02   1.0142459E-02   3.1501315E+02   9.3066664E+04  -1.2138677E+03   0.0000000E+00   0.0000000E+00   0.0000000E+00
     1.0800000E+02   3.1501007E+02   1.0079445E-02   3.1501291E+02   8.7869617E+04  -1.1416761E+03   0.0000000E+00   0.0000000E+00   0.0000000E+00
     1.0900000E+02   3.1500977E+02   9.7772172E-03   3.1501279E+02   8.6707133E+04  -1.2108835E+03   0.0000000E+00   0.0000000E+00   0.0000000E+00
     1.1000000E+02   3.1500974E+02   9.7219553E-03   3.1501273E+02   8.7617484E+04  -1.2114536E+03   0.0000000E+00   0.0000000E+00   0.0000000E+00
     1.1100000E+02   3.1500961E+02   9.6161328E-03   3.1501251E+02   7.3864938E+04  -1.1650057E+03   0.0000000E+00   0.0000000E+00   0.0000000E+00
     1.1200000E+02   3.1500952E+02   9.5102061E-03   3.1501227E+02   7.1768422E+04  -1.1129885E+03   0.0000000E+00   0.0000000E+00   0.0000000E+00
     1.1300000E+02   3.1504114E+02   4.1138913E-02   3.1504391E+02   9.4478300E+05  -1.1142170E+03   0.0000000E+00   0.0000000E+00   0.0000000E+00
     1.1400000E+02   3.1502728E+02   2.7280614E-02   3.1503040E+02   4.7643828E+05  -1.2547925E+03   0.0000000E+00   0.0000000E+00   0.0000000E+00
     1.1500000E+02   3.1502701E+02   2.6994728E-02   3.1502966E+02   4.6989197E+05  -1.0676899E+03   0.0000000E+00   0.0000000E+00   0.0000000E+00
     1.1600000E+02   3.1501956E+02   1.9547297E-02   3.1502258E+02   2.7335519E+05  -1.2202080E+03   0.0000000E+00   0.0000000E+00   0.0000000E+00
     1.1700000E+02   3.1501807E+02   1.8058809E-02   3.1502103E+02   2.3460553E+05  -1.1894404E+03   0.0000000E+00   0.0000000E+00   0.0000000E+00
     1.1800000E+02   3.1501749E+02   1.7476019E-02   3.1502048E+02   2.1288536E+05  -1.2072167E+03   0.0000000E+00   0.0000000E+00   0.0000000E+00
     1.1900000E+02   3.1501602E+02   1.6029285E-02   3.1501917E+02   1.9304945E+05  -1.2596206E+03   0.0000000E+00   0.0000000E+00   0.0000000E+00
     1.2000000E+02   3.1501529E+02   1.5298317E-02   3.1501822E+02   1.8113141E+05  -1.1784814E+03   0.0000000E+00   0.0000000E+00   0.0000000E+00
     1.2100000E+02   3.1501501E+02   1.5021661E-02   3.1501801E+02   1.6403931E+05  -1.1997987E+03   0.0000000E+00   0.0000000E+00   0.0000000E+00
     1.2200000E+02   3.1501434E+02   1.4328747E-02   3.1501755E+02   1.5430816E+05  -1.2916967E+03   0.0000000E+00   0.0000000E+00   0.0000000E+00
     1.2300000E+02   3.1501352E+02   1.3514571E-02   3.1501651E+02   1.5488916E+05  -1.2066162E+03   0.0000000E+00   0.0000000E+00   0.0000000E+00
     1.2400000E+02   3.1501343E+02   1.3442773E-02   3.1501642E+02   1.4784438E+05  -1.1965913E+03   0.0000000E+00   0.0000000E+00   0.0000000E+00
     1.2500000E+02   3.1501312E+02   1.3135509E-02   3.1501624E+02   1.4023997E+05  -1.2420687E+03   0.0000000E+00   0.0000000E+00   0.0000000E+00
     1.2600000E+02   3.1501291E+02   1.2910667E-02   3.1501584E+02   1.3100499E+05  -1.1740619E+03   0.0000000E+00   0.0000000E+00   0.0000000E+00
     1.2700000E+02   3.1501242E+02   1.2421482E-02   3.1501566E+02   1.3941709E+05  -1.2932975E+03   0.0000000E+00   0.0000000E+00   0.0000000E+00
     1.2800000E+02   3.1502905E+02   2.9061435E-02   3.1503195E+02   5.2944231E+05  -1.1636128E+03   0.0000000E+00   0.0000000E+00   0.0000000E+00
     1.2900000E+02   3.1503082E+02   3.0813424E-02   3.1503384E+02   5.8436825E+05  -1.2131885E+03   0.0000000E+00   0.0000000E+00   0.0000000E+00
     1.3000000E+02   3.1502057E+02   2.0577826E-02   3.1502368E+02   2.9779181E+05  -1.2477238E+03   0.0000000E+00   0.0000000E+00   0.0000000E+00
     1.3100000E+02   3.1504596E+02   4.5969315E-02   3.1504889E+02   1.1368265E+06  -1.1755348E+03   0.0000000E+00   0.0000000E+00   0.0000000E+00
     1.3200000E+02   3.1502454E+02   2.4539394E-02   3.1502777E+02   3.9935122E+05  -1.3011289E+03   0.0000000E+00   0.0000000E+00   0.0000000E+00
     1.3300000E+02   3.1502808E+02   2.8082488E-02   3.1503113E+02   5.0000947E+05  -1.2209727E+03   0.0000000E+00   0.0000000E+00   0.0000000E+00
     1.3400000E+02   3.1504324E+02   4.3250181E-02   3.1504630E+02   1.0269960E+06  -1.2204048E+03   0.0000000E+00   0.0000000E+00   0.0000000E+00
     1.3500000E+02   3.1506912E+02   6.9117084E-02   3.1507330E+02   2.2433262E+06  -1.6847372E+03   0.0000000E+00   0.0000000E+00   0.0000000E+00
     1.3600000E+02   3.1507483E+02   7.4819319E-02   3.1508020E+02   2.5600312E+06  -2.1578506E+03   0.0000000E+00   0.0000000E+00   0.0000000E+00
     1.3700000E+02   3.1504980E+02   4.9791098E-02   3.1505490E+02   1.2986162E+06  -2.0501985E+03   0.0000000E+00   0.0000000E+00   0.0000000E+00
     1.3800000E+02   3.1514938E+02   1.4937356E-01   3.1515744E+02   8.1042085E+06  -3.2386760E+03   0.0000000E+00   0.0000000E+00   0.0000000E+00
     1.3900000E+02   3.1521280E+02   2.1278954E-01   3.1522488E+02   1.4616037E+07  -4.8577822E+03   0.0000000E+00   0.0000000E+00   0.0000000E+00
     1.4000000E+02   3.1515042E+02   1.5042119E-01   3.1516101E+02   8.1994085E+06  -4.2517163E+03   0.0000000E+00   0.0000000E+00   0.0000000E+00
     1.4100000E+02   3.1507892E+02   7.8933328E-02   3.1508752E+02   2.7990988E+06  -3.4517390E+03   0.0000000E+00   0.0000000E+00   0.0000000E+00
     1.4200000E+02   3.1507831E+02   7.8307189E-02   3.1508548E+02   2.7621990E+06  -2.8738462E+03   0.0000000E+00   0.0000000E+00   0.0000000E+00
     1.4300000E+02   3.1507422E+02   7.4232906E-02   3.1508078E+02   2.5267400E+06  -2.6259839E+03   0.0000000E+00   0.0000000E+00   0.0000000E+00
     1.4400000E+02   3.1507172E+02   7.1702912E-02   3.1507782E+02   2.3846322E+06  -2.4545872E+03   0.0000000E+00   0.0000000E+00   0.0000000E+00
     1.4500000E+02   3.1510339E+02   1.0338852E-01   3.1511020E+02   4.3890275E+06  -2.7370667E+03   0.0000000E+00   0.0000000E+00   0.0000000E+00
     1.4600000E+02   3.1507169E+02   7.1687862E-02   3.1507822E+02   2.3841258E+06  -2.6187090E+03   0.0000000E+00   0.0000000E+00   0.0000000E+00
     1.4700000E+02   3.1506976E+02   6.9754764E-02   3.1507523E+02   2.2781022E+06  -2.1970454E+03   0.0000000E+00   0.0000000E+00   0.0000000E+00
     1.4800000E+02   3.1507864E+02   7.8635007E-02   3.1508374E+02   2.7815335E+06  -2.0518564E+03   0.0000000E+00   0.0000000E+00   0.0000000E+00
     1.4900000E+02   3.1506601E+02   6.6005737E-02   3.1507120E+02   2.0775551E+06  -2.0847363E+03   0.0000000E+00   0.0000000E+00   0.0000000E+00
     1.5000000E+02   3.1507797E+02   7.7958450E-02   3.1508286E+02   2.7417125E+06  -1.9694440E+03   0.0000000E+00   0.0000000E+00   0.0000000E+00
     1.5100000E+02   3.1510022E+02   1.0022549E-01   3.1510501E+02   4.1675395E+06  -1.9224844E+03   0.0000000E+00   0.0000000E+00   0.0000000E+00
     1.5200000E+02   3.1514844E+02   1.4845179E-01   3.1515399E+02   8.0208910E+06  -2.2264978E+03   0.0000000E+00   0.0000000E+00   0.0000000E+00
     1.5300000E+02   3.1531943E+02   3.1943151E-01   3.1532874E+02   2.8765858E+07  -3.7403481E+03   0.0000000E+00   0.0000000E+00   0.0000000E+00
     1.5400000E+02   3.1566611E+02   6.6610277E-01   3.1567163E+02   9.7908064E+07  -2.2185308E+03   0.0000000E+00   0.0000000E+00   0.0000000E+00
     1.5500000E+02   3.1539584E+02   3.9583036E-01   3.1541257E+02   4.1124268E+07  -6.7142637E+03   0.0000000E+00   0.0000000E+00   0.0000000E+00
     1.5600000E+02   3.1521600E+02   2.1600823E-01   3.1522806E+02   1.4986496E+07  -4.8322744E+03   0.0000000E+00   0.0000000E+00   0.0000000E+00
     1.5700000E+02   3.1516983E+02   1.6984071E-01   3.1517926E+02   1.0038129E+07  -3.7795083E+03   0.0000000E+00   0.0000000E+00   0.0000000E+00
     1.5800000E+02   3.1514194E+02   1.4193076E-01   3.1515021E+02   7.4423505E+06  -3.3241987E+03   0.0000000E+00   0.0000000E+00   0.0000000E+00
     1.5900000E+02   3.1512537E+02   1.2536199E-01   3.1513275E+02   6.0516435E+06  -2.9684583E+03   0.0000000E+00   0.0000000E+00   0.0000000E+00
     1.6000000E+02   3.1511374E+02   1.1372633E-01   3.1512045E+02   5.1445170E+06  -2.7003811E+03   0.0000000E+00   0.0000000E+00   0.0000000E+00
     1.6100000E+02   3.1511090E+02   1.1089740E-01   3.1511716E+02   4.6456870E+06  -2.5159280E+03   0.0000000E+00   0.0000000E+00   0.0000000E+00
     1.6200000E+02   3.1509937E+02   9.9364325E-02   3.1510519E+02   4.1080250E+06  -2.3368955E+03   0.0000000E+00   0.0000000E+00   0.0000000E+00
     1.6300000E+02   3.1509363E+02   9.3635730E-02   3.1509909E+02   3.7209355E+06  -2.1856348E+03   0.0000000E+00   0.0000000E+00   0.0000000E+00
     1.6400000E+02   3.1508871E+02   8.8714518E-02   3.1509393E+02   3.4007140E+06  -2.0891089E+03   0.0000000E+00   0.0000000E+00   0.0000000E+00
     1.6500000E+02   3.1508456E+02   8.4577389E-02   3.1508957E+02   3.1406120E+06  -2.0042128E+03   0.0000000E+00   0.0000000E+00   0.0000000E+00
     1.6600000E+02   3.1508139E+02   8.1385508E-02   3.1508621E+02   2.9454955E+06  -1.9348862E+03   0.0000000E+00   0.0000000E+00   0.0000000E+00
     1.6700000E+02   3.1507794E+02   7.7944957E-02   3.1508261E+02   2.7408822E+06  -1.8788022E+03   0.0000000E+00   0.0000000E+00   0.0000000E+00
     1.6800000E+02   3.1507462E+02   7.4609585E-02   3.1507919E+02   2.5482315E+06  -1.8388667E+03   0.0000000E+00   0.0000000E+00   0.0000000E+00
     1.6900000E+02   3.1507123E+02   7.1242839E-02   3.1507571E+02   2.3595815E+06  -1.7908350E+03   0.0000000E+00   0.0000000E+00   0.0000000E+00
     1.7000000E+02   3.1506821E+02   6.8197198E-02   3.1507257E+02   2.1938452E+06  -1.7609039E+03   0.0000000E+00   0.0000000E+00   0.0000000E+00
     1.7100000E+02   3.1506558E+02   6.5582789E-02   3.1506989E+02   2.0554976E+06  -1.7231946E+03   0.0000000E+00   0.0000000E+00   0.0000000E+00
     1.7200000E+02   3.1512842E+02   1.2841243E-01   3.1513245E+02   6.2988585E+06  -1.6186572E+03   0.0000000E+00   0.0000000E+00   0.0000000E+00
     1.7300000E+02   3.1509311E+02   9.3117900E-02   3.1509781E+02   3.6866970E+06  -1.8796544E+03   0.0000000E+00   0.0000000E+00   0.0000000E+00
     1.7400000E+02   3.1508331E+02   8.3317652E-02   3.1508768E+02   3.0629722E+06  -1.7512693E+03   0.0000000E+00   0.0000000E+00   0.0000000E+00
     1.7500000E+02   3.1507562E+02   7.5630315E-02   3.1507990E+02   2.6066052E+06  -1.7082457E+03   0.0000000E+00   0.0000000E+00   0.0000000E+00
     1.7600000E+02   3.1507095E+02   7.0966735E-02   3.1507513E+02   2.3443295E+06  -1.6673547E+03   0.0000000E+00   0.0000000E+00   0.0000000E+00
     1.7700000E+02   3.1506772E+02   6.7704432E-02   3.1507181E+02   2.1673885E+06  -1.6462806E+03   0.0000000E+00   0.0000000E+00   0.0000000E+00
     1.7800000E+02   3.1506485E+02   6.4864397E-02   3.1506897E+02   2.0180402E+06  -1.6439900E+03   0.0000000E+00   0.0000000E+00   0.0000000E+00
     1.7900000E+02   3.1506223E+02   6.2211722E-02   3.1506628E+02   1.8835650E+06  -1.6383695E+03   0.0000000E+00   0.0000000E+00   0.0000000E+00
     1.8000000E+02   3.1505981E+02   5.9829097E-02   3.1506378E+02   1.7641620E+06  -1.5833181E+03   0.0000000E+00   0.0000000E+00   0.0000000E+00
     1.8100000E+02   3.1505771E+02   5.7711191E-02   3.1506165E+02   1.6608826E+06  -1.5793951E+03   0.0000000E+00   0.0000000E+00   0.0000000E+00
     1.8200000E+02   3.1505563E+02   5.5625949E-02   3.1505948E+02   1.5621049E+06  -1.5471744E+03   0.0000000E+00   0.0000000E+00   0.0000000E+00
     1.8300000E+02   3.1505499E+02   5.4996200E-02   3.1505878E+02   1.5327276E+06  -1.5156144E+03   0.0000000E+00   0.0000000E+00   0.0000000E+00
     1.8400000E+02   3.1505191E+02   5.1899053E-02   3.1505573E+02   1.3913772E+06  -1.5318203E+03   0.0000000E+00   0.0000000E+00   0.0000000E+00
     1.8500000E+02   3.1505115E+02   5.1159602E-02   3.1505536E+02   1.3578680E+06  -1.6875702E+03   0.0000000E+00   0.0000000E+00   0.0000000E+00
     1.8600000E+02   3.1505060E+02   5.0602153E-02   3.1505396E+02   1.2834044E+06  -1.3454720E+03   0.0000000E+00   0.0000000E+00   0.0000000E+00
     1.8700000E+02   3.1504810E+02   4.8099034E-02   3.1505170E+02   1.1881862E+06  -1.4382711E+03   0.0000000E+00   0.0000000E+00   0.0000000E+00
     1.8800000E+02   3.1504623E+02   4.6221897E-02   3.1504938E+02   1.1100072E+06  -1.2680948E+03   0.0000000E+00   0.0000000E+00   0.0000000E+00
     1.8900000E+02   3.1504950E+02   4.9489047E-02   3.1505307E+02   1.2858082E+06  -1.4378945E+03   0.0000000E+00   0.0000000E+00   0.0000000E+00
     1.9000000E+02   3.1504892E+02   4.8925340E-02   3.1505267E+02   1.2621961E+06  -1.4984001E+03   0.0000000E+00   0.0000000E+00   0.0000000E+00
     1.9100000E+02   3.1505072E+02   5.0706767E-02   3.1505377E+02   1.3183505E+06  -1.2270610E+03   0.0000000E+00   0.0000000E+00   0.0000000E+00
     1.9200000E+02   3.1504730E+02   4.7310185E-02   3.1505096E+02   1.1927511E+06  -1.4657941E+03   0.0000000E+00   0.0000000E+00   0.0000000E+00
     1.9300000E+02   3.1504703E+02   4.7028989E-02   3.1505063E+02   1.1595702E+06  -1.4402631E+03   0.0000000E+00   0.0000000E+00   0.0000000E+00
     1.9400000E+02   3.1504575E+02   4.5747407E-02   3.1504996E+02   1.1198019E+06  -1.6883911E+03   0.0000000E+00   0.0000000E+00   0.0000000E+00
     1.9500000E+02   3.1504147E+02   4.1470025E-02   3.1504507E+02   9.5753688E+05  -1.4491641E+03   0.0000000E+00   0.0000000E+00   0.0000000E+00
     1.9600000E+02   3.1504080E+02   4.0810186E-02   3.1504449E+02   9.4282019E+05  -1.4799878E+03   0.0000000E+00   0.0000000E+00   0.0000000E+00
     1.9700000E+02   3.1504047E+02   4.0457129E-02   3.1504401E+02   8.9665256E+05  -1.4288340E+03   0.0000000E+00   0.0000000E+00   0.0000000E+00
     1.9800000E+02   3.1503976E+02   3.9757047E-02   3.1504361E+02   8.9444050E+05  -1.5451791E+03   0.0000000E+00   0.0000000E+00   0.0000000E+00
     1.9900000E+02   3.1503915E+02   3.9164383E-02   3.1504242E+02   8.5478256E+05  -1.3116454E+03   0.0000000E+00   0.0000000E+00   0.0000000E+00
     2.0000000E+02   3.1503915E+02   3.9167471E-02   3.1504242E+02   8.2848806E+05  -1.3054480E+03   0.0000000E+00   0.0000000E+00   0.0000000E+00
     2.0100000E+02   3.1503482E+02   3.4815811E-02   3.1503836E+02   7.1534512E+05  -1.4226068E+03   0.0000000E+00   0.0000000E+00   0.0000000E+00
     2.0200000E+02   3.1503464E+02   3.4648094E-02   3.1503812E+02   6.9369650E+05  -1.3978645E+03   0.0000000E+00   0.0000000E+00   0.0000000E+00
     2.0300000E+02   3.1503418E+02   3.4177281E-02   3.1503793E+02   6.8355550E+05  -1.5089502E+03   0.0000000E+00   0.0000000E+00   0.0000000E+00
     2.0400000E+02   3.1503375E+02   3.3738215E-02   3.1503714E+02   6.2603006E+05  -1.3668571E+03   0.0000000E+00   0.0000000E+00   0.0000000E+00
     2.0500000E+02   3.1503079E+02   3.0792322E-02   3.1503433E+02   5.8279969E+05  -1.4179274E+03   0.0000000E+00   0.0000000E+00   0.0000000E+00
     2.0600000E+02   3.1503076E+02   3.0747501E-02   3.1503412E+02   5.6765106E+05  -1.3527280E+03   0.0000000E+00   0.0000000E+00   0.0000000E+00
     2.0700000E+02   3.1503043E+02   3.0432727E-02   3.1503406E+02   5.6461438E+05  -1.4583983E+03   0.0000000E+00   0.0000000E+00   0.0000000E+00
     2.0800000E+02   3.1503000E+02   3.0010400E-02   3.1503381E+02   5.6632788E+05  -1.5303010E+03   0.0000000E+00   0.0000000E+00   0.0000000E+00
     2.0900000E+02   3.1502908E+02   2.9088683E-02   3.1503290E+02   5.1844134E+05  -1.5259287E+03   0.0000000E+00   0.0000000E+00   0.0000000E+00
     2.1000000E+02   3.1502792E+02   2.7911127E-02   3.1503152E+02   5.0547778E+05  -1.4536029E+03   0.0000000E+00   0.0000000E+00   0.0000000E+00
     2.1100000E+02   3.1502753E+02   2.7514439E-02   3.1503140E+02   4.8536934E+05  -1.5550619E+03   0.0000000E+00   0.0000000E+00   0.0000000E+00
     2.1200000E+02   3.1502759E+02   2.7583236E-02   3.1503122E+02   4.7767275E+05  -1.4618771E+03   0.0000000E+00   0.0000000E+00   0.0000000E+00
     2.1300000E+02   3.1503418E+02   3.4176324E-02   3.1503754E+02   6.9374844E+05  -1.3495344E+03   0.0000000E+00   0.0000000E+00   0.0000000E+00
     2.1400000E+02   3.1503345E+02   3.3434574E-02   3.1503644E+02   6.6915438E+05  -1.2061605E+03   0.0000000E+00   0.0000000E+00   0.0000000E+00
     2.1500000E+02   3.1503357E+02   3.3563301E-02   3.1503687E+02   6.6672744E+05  -1.3264941E+03   0.0000000E+00   0.0000000E+00   0.0000000E+00
     2.1600000E+02   3.1503293E+02   3.2913834E-02   3.1503619E+02   6.5500556E+05  -1.3115490E+03   0.0000000E+00   0.0000000E+00   0.0000000E+00
     2.1700000E+02   3.1503143E+02   3.1423915E-02   3.1503531E+02   6.0345588E+05  -1.5651014E+03   0.0000000E+00   0.0000000E+00   0.0000000E+00
     2.1800000E+02   3.1503015E+02   3.0151580E-02   3.1503351E+02   5.4167856E+05  -1.3510377E+03   0.0000000E+00   0.0000000E+00   0.0000000E+00
     2.1900000E+02   3.1502869E+02   2.8673835E-02   3.1503256E+02   5.1816950E+05  -1.5606667E+03   0.0000000E+00   0.0000000E+00   0.0000000E+00
     2.2000000E+02   3.1502698E+02   2.6979117E-02   3.1503070E+02   4.5862869E+05  -1.4972227E+03   0.0000000E+00   0.0000000E+00   0.0000000E+00
     2.2100000E+02   3.1502597E+02   2.5979305E-02   3.1502924E+02   4.4704725E+05  -1.3038230E+03   0.0000000E+00   0.0000000E+00   0.0000000E+00
     2.2200000E+02   3.1502600E+02   2.5995839E-02   3.1502933E+02   4.2670006E+05  -1.3342054E+03   0.0000000E+00   0.0000000E+00   0.0000000E+00
     2.2300000E+02   3.1502454E+02   2.4527989E-02   3.1502820E+02   4.0190928E+05  -1.4787229E+03   0.0000000E+00   0.0000000E+00   0.0000000E+00
     2.2400000E+02   3.1502463E+02   2.4617776E-02   3.1502728E+02   3.7348169E+05  -1.0668163E+03   0.0000000E+00   0.0000000E+00   0.0000000E+00
     2.2500000E+02   3.1502286E+02   2.2867490E-02   3.1502631E+02   3.5754331E+05  -1.3760547E+03   0.0000000E+00   0.0000000E+00   0.0000000E+00
     2.2600000E+02   3.1502112E+02   2.1128511E-02   3.1502469E+02   3.3348256E+05  -1.4308407E+03   0.0000000E+00   0.0000000E+00   0.0000000E+00
     2.2700000E+02   3.1502121E+02   2.1206023E-02   3.1502454E+02   3.1011491E+05  -1.3423711E+03   0.0000000E+00   0.0000000E+00   0.0000000E+00
     2.2800000E+02   3.1502075E+02   2.0755535E-02   3.1502390E+02   3.0522134E+05  -1.2628470E+03   0.0000000E+00   0.0000000E+00   0.0000000E+00
     2.2900000E+02   3.1502029E+02   2.0301593E-02   3.1502283E+02   2.9280694E+05  -1.0187319E+03   0.0000000E+00   0.0000000E+00   0.0000000E+00
     2.3000000E+02   3.1501990E+02   1.9902460E-02   3.1502261E+02   2.6950772E+05  -1.0940964E+03   0.0000000E+00   0.0000000E+00   0.0000000E+00
     2.3100000E+02   3.1501941E+02   1.9399121E-02   3.1502176E+02   2.5733877E+05  -9.4685297E+02   0.0000000E+00   0.0000000E+00   0.0000000E+00
     2.3200000E+02   3.1501898E+02   1.8967625E-02   3.1502200E+02   2.6430750E+05  -1.2229417E+03   0.0000000E+00   0.0000000E+00   0.0000000E+00
     2.3300000E+02   3.1501846E+02   1.8474074E-02   3.1502148E+02   2.4035478E+05  -1.2119907E+03   0.0000000E+00   0.0000000E+00   0.0000000E+00
     2.3400000E+02   3.1501807E+02   1.8071162E-02   3.1502084E+02   2.4676972E+05  -1.1073875E+03   0.0000000E+00   0.0000000E+00   0.0000000E+00
     2.3500000E+02   3.1501779E+02   1.7806711E-02   3.1502057E+02   2.3827506E+05  -1.1032206E+03   0.0000000E+00   0.0000000E+00   0.0000000E+00
     2.3600000E+02   3.1501782E+02   1.7823417E-02   3.1502020E+02   2.2856267E+05  -9.5141522E+02   0.0000000E+00   0.0000000E+00   0.0000000E+00
     2.3700000E+02   3.1501730E+02   1.7288929E-02   3.1502048E+02   2.2406247E+05  -1.2775747E+03   0.0000000E+00   0.0000000E+00   0.0000000E+00
     2.3800000E+02   3.1501691E+02   1.6908702E-02   3.1501968E+02   2.1311928E+05  -1.1129049E+03   0.0000000E+00   0.0000000E+00   0.0000000E+00
     2.3900000E+02   3.1501633E+02   1.6313484E-02   3.1501935E+02   2.0487650E+05  -1.2224355E+03   0.0000000E+00   0.0000000E+00   0.0000000E+00
     2.4000000E+02   3.1501523E+02   1.5222010E-02   3.1501804E+02   1.9721333E+05  -1.1320701E+03   0.0000000E+00   0.0000000E+00   0.0000000E+00
     2.4100000E+02   3.1501511E+02   1.5096858E-02   3.1501782E+02   1.8948334E+05  -1.0978319E+03   0.0000000E+00   0.0000000E+00   0.0000000E+00
     2.4200000E+02   3.1501465E+02   1.4652848E-02   3.1501788E+02   1.8055244E+05  -1.3027402E+03   0.0000000E+00   0.0000000E+00   0.0000000E+00
     2.4300000E+02   3.1501514E+02   1.5144564E-02   3.1501767E+02   1.7439769E+05  -1.0171823E+03   0.0000000E+00   0.0000000E+00   0.0000000E+00
     2.4400000E+02   3.1501471E+02   1.4712306E-02   3.1501773E+02   1.7291014E+05  -1.2136403E+03   0.0000000E+00   0.0000000E+00   0.0000000E+00
     2.4500000E+02   3.1501459E+02   1.4575323E-02   3.1501758E+02   1.7012395E+05  -1.2029373E+03   0.0000000E+00   0.0000000E+00   0.0000000E+00
     2.4600000E+02   3.1501440E+02   1.4415728E-02   3.1501736E+02   1.6688483E+05  -1.1889540E+03   0.0000000E+00   0.0000000E+00   0.0000000E+00
     2.4700000E+02   3.1501425E+02   1.4244602E-02   3.1501724E+02   1.6367469E+05  -1.1974550E+03   0.0000000E+00   0.0000000E+00   0.0000000E+00
     2.4800000E+02   3.1501422E+02   1.4226726E-02   3.1501685E+02   1.5419833E+05  -1.0518025E+03   0.0000000E+00   0.0000000E+00   0.0000000E+00
     2.4900000E+02   3.1501407E+02   1.4055673E-02   3.1501654E+02   1.6243592E+05  -9.9837634E+02   0.0000000E+00   0.0000000E+00   0.0000000E+00
     2.5000000E+02   3.1501407E+02   1.4070555E-02   3.1501633E+02   1.6350331E+05  -9.0277783E+02   0.0000000E+00   0.0000000E+00   0.0000000E+00
     2.5100000E+02   3.1501440E+02   1.4392149E-02   3.1501636E+02   1.5980442E+05  -7.9123737E+02   0.0000000E+00   0.0000000E+00   0.0000000E+00
     2.5200000E+02   3.1501413E+02   1.4123339E-02   3.1501712E+02   1.6069159E+05  -1.1969585E+03   0.0000000E+00   0.0000000E+00   0.0000000E+00
     2.5300000E+02   3.1501410E+02   1.4083981E-02   3.1501663E+02   1.5192359E+05  -1.0279208E+03   0.0000000E+00   0.0000000E+00   0.0000000E+00
     2.5400000E+02   3.1501395E+02   1.3949321E-02   3.1501651E+02   1.6497384E+05  -1.0290847E+03   0.0000000E+00   0.0000000E+00   0.0000000E+00
     2.5500000E+02   3.1501382E+02   1.3833571E-02   3.1501599E+02   1.5501836E+05  -8.6126550E+02   0.0000000E+00   0.0000000E+00   0.0000000E+00
     2.5600000E+02   3.1501373E+02   1.3729979E-02   3.1501636E+02   1.5801900E+05  -1.0515011E+03   0.0000000E+00   0.0000000E+00   0.0000000E+00
     2.5700000E+02   3.1501385E+02   1.3855571E-02   3.1501584E+02   1.4753675E+05  -7.9828333E+02   0.0000000E+00   0.0000000E+00   0.0000000E+00
     2.5800000E+02   3.1501358E+02   1.3586163E-02   3.1501562E+02   1.3874709E+05  -8.2116937E+02   0.0000000E+00   0.0000000E+00   0.0000000E+00
     2.5900000E+02   3.1501291E+02   1.2921504E-02   3.1501566E+02   1.3571736E+05  -1.1010791E+03   0.0000000E+00   0.0000000E+00   0.0000000E+00
     2.6000000E+02   3.1501263E+02   1.2625906E-02   3.1501544E+02   1.3119084E+05  -1.1359266E+03   0.0000000E+00   0.0000000E+00   0.0000000E+00
     2.6100000E+02   3.1501227E+02   1.2273176E-02   3.1501486E+02   1.2759054E+05  -1.0340383E+03   0.0000000E+00   0.0000000E+00   0.0000000E+00
     2.6200000E+02   3.1501218E+02   1.2163374E-02   3.1501474E+02   1.1939502E+05  -1.0384460E+03   0.0000000E+00   0.0000000E+00   0.0000000E+00
     2.6300000E+02   3.1501157E+02   1.1561306E-02   3.1501434E+02   1.0903932E+05  -1.1149303E+03   0.0000000E+00   0.0000000E+00   0.0000000E+00
     2.6400000E+02   3.1501102E+02   1.1029051E-02   3.1501376E+02   9.9938086E+04  -1.1003802E+03   0.0000000E+00   0.0000000E+00   0.0000000E+00
     2.6500000E+02   3.1501044E+02   1.0428737E-02   3.1501306E+02   9.4010836E+04  -1.0521118E+03   0.0000000E+00   0.0000000E+00   0.0000000E+00
     2.6600000E+02   3.1500995E+02   9.9589182E-03   3.1501224E+02   9.0706883E+04  -9.1142395E+02   0.0000000E+00   0.0000000E+00   0.0000000E+00
     2.6700000E+02   3.1500986E+02   9.8722149E-03   3.1501227E+02   8.4316438E+04  -9.6376172E+02   0.0000000E+00   0.0000000E+00   0.0000000E+00
     2.6800000E+02   3.1500940E+02   9.4086649E-03   3.1501196E+02   7.9722766E+04  -1.0264183E+03   0.0000000E+00   0.0000000E+00   0.0000000E+00
     2.6900000E+02   3.1500906E+02   9.0537295E-03   3.1501151E+02   7.0342234E+04  -9.8837531E+02   0.0000000E+00   0.0000000E+00   0.0000000E+00
     2.7000000E+02   3.1500821E+02   8.2183145E-03   3.1501059E+02   6.0289773E+04  -9.4759131E+02   0.0000000E+00   0.0000000E+00   0.0000000E+00
     2.7100000E+02   3.1500742E+02   7.4216039E-03   3.1500970E+02   5.2530898E+04  -9.1524292E+02   0.0000000E+00   0.0000000E+00   0.0000000E+00
     2.7200000E+02   3.1500693E+02   6.9210539E-03   3.1500925E+02   4.3763309E+04  -9.3471698E+02   0.0000000E+00   0.0000000E+00   0.0000000E+00
     2.7300000E+02   3.1500607E+02   6.0735699E-03   3.1500851E+02   3.5898941E+04  -9.7442841E+02   0.0000000E+00   0.0000000E+00   0.0000000E+00
     2.7400000E+02   3.1500555E+02   5.5637932E-03   3.1500806E+02   3.2683771E+04  -9.9709808E+02   0.0000000E+00   0.0000000E+00   0.0000000E+00
     2.7500000E+02   3.1500537E+02   5.3809504E-03   3.1500781E+02   2.9325262E+04  -9.7371912E+02   0.0000000E+00   0.0000000E+00   0.0000000E+00
     2.7600000E+02   3.1500479E+02   4.7908695E-03   3.1500726E+02   2.6478910E+04  -9.9725256E+02   0.0000000E+00   0.0000000E+00   0.0000000E+00
     2.7700000E+02   3.1500467E+02   4.6652458E-03   3.1500711E+02   2.5747248E+04  -9.8318860E+02   0.0000000E+00   0.0000000E+00   0.0000000E+00
     2.7800000E+02   3.1500504E+02   5.0467178E-03   3.1500668E+02   2.5750871E+04  -6.5615057E+02   0.0000000E+00   0.0000000E+00   0.0000000E+00
     2.7900000E+02   3.1500406E+02   4.0675006E-03   3.1500705E+02   2.7526844E+04  -1.1916919E+03   0.0000000E+00   0.0000000E+00   0.0000000E+00
     2.8000000E+02   3.1500452E+02   4.5033977E-03   3.1500674E+02   2.3172248E+04  -9.0336664E+02   0.0000000E+00   0.0000000E+00   0.0000000E+00
     2.8100000E+02   3.1500439E+02   4.3986100E-03   3.1500717E+02   2.7509191E+04  -1.1156941E+03   0.0000000E+00   0.0000000E+00   0.0000000E+00
     2.8200000E+02   3.1500430E+02   4.3174210E-03   3.1500693E+02   3.1924404E+04  -1.0425049E+03   0.0000000E+00   0.0000000E+00   0.0000000E+00
     2.8300000E+02   3.1500473E+02   4.7332966E-03   3.1500693E+02   3.3478125E+04  -8.8505261E+02   0.0000000E+00   0.0000000E+00   0.0000000E+00
     2.8400000E+02   3.1500464E+02   4.6430347E-03   3.1500699E+02   3.2175145E+04  -9.4251617E+02   0.0000000E+00   0.0000000E+00   0.0000000E+00
     2.8500000E+02   3.1500461E+02   4.6134908E-03   3.1500711E+02   3.2630473E+04  -9.9794702E+02   0.0000000E+00   0.0000000E+00   0.0000000E+00
     2.8600000E+02   3.1500455E+02   4.5552216E-03   3.1500690E+02   3.1181459E+04  -9.3876587E+02   0.0000000E+00   0.0000000E+00   0.0000000E+00
     2.8700000E+02   3.1500497E+02   4.9853795E-03   3.1500616E+02   2.0611248E+04  -4.7223212E+02   0.0000000E+00   0.0000000E+00   0.0000000E+00
     2.8800000E+02   3.1500461E+02   4.6187877E-03   3.1500647E+02   1.9089234E+04  -7.3865564E+02   0.0000000E+00   0.0000000E+00   0.0000000E+00
     2.8900000E+02   3.1500342E+02   3.4247935E-03   3.1500568E+02   2.1191812E+04  -9.0538348E+02   0.0000000E+00   0.0000000E+00   0.0000000E+00
     2.9000000E+02   3.1500296E+02   2.9742159E-03   3.1500473E+02   1.0413490E+04  -6.9899023E+02   0.0000000E+00   0.0000000E+00   0.0000000E+00
     2.9100000E+02   3.1500244E+02   2.4462824E-03   3.1500406E+02   6.7506533E+03  -6.4411932E+02   0.0000000E+00   0.0000000E+00   0.0000000E+00
     2.9200000E+02   3.1500204E+02   2.0340055E-03   3.1500394E+02   6.5077280E+03  -7.6740973E+02   0.0000000E+00   0.0000000E+00   0.0000000E+00
     2.9300000E+02   3.1500204E+02   2.0506913E-03   3.1500403E+02   6.3778486E+03  -7.9442487E+02   0.0000000E+00   0.0000000E+00   0.0000000E+00
     2.9400000E+02   3.1500208E+02   2.0868571E-03   3.1500418E+02   6.5663472E+03  -8.4376630E+02   0.0000000E+00   0.0000000E+00   0.0000000E+00
     2.9500000E+02   3.1500211E+02   2.1046728E-03   3.1500424E+02   8.9868096E+03  -8.5334973E+02   0.0000000E+00   0.0000000E+00   0.0000000E+00
     2.9600000E+02   3.1500232E+02   2.3256373E-03   3.1500449E+02   1.0802567E+04  -8.6638116E+02   0.0000000E+00   0.0000000E+00   0.0000000E+00
     2.9700000E+02   3.1500244E+02   2.4326968E-03   3.1500516E+02   9.6351992E+03  -1.0937202E+03   0.0000000E+00   0.0000000E+00   0.0000000E+00
     2.9800000E+02   3.1500284E+02   2.8486662E-03   3.1500504E+02   1.2357141E+04  -8.7430896E+02   0.0000000E+00   0.0000000E+00   0.0000000E+00
     2.9900000E+02   3.1500266E+02   2.6659032E-03   3.1500446E+02   1.0762071E+04  -7.1672125E+02   0.0000000E+00   0.0000000E+00   0.0000000E+00
     3.0000000E+02   3.1500226E+02   2.2469366E-03   3.1500427E+02   8.1291372E+03  -8.1002319E+02   0.0000000E+00   0.0000000E+00   0.0000000E+00
     3.0100000E+02   3.1500217E+02   2.1789377E-03   3.1500418E+02   6.6749414E+03  -8.0074298E+02   0.0000000E+00   0.0000000E+00   0.0000000E+00
     3.0200000E+02   3.1500262E+02   2.6374336E-03   3.1500452E+02   7.6301436E+03  -7.5651801E+02   0.0000000E+00   0.0000000E+00   0.0000000E+00
     3.0300000E+02   3.1500540E+02   5.3864559E-03   3.1500439E+02   1.0720243E+04   4.0209036E+02   0.0000000E+00   0.0000000E+00   0.0000000E+00
     3.0400000E+02   3.1500284E+02   2.8466904E-03   3.1500900E+02   1.1388364E+04  -2.4715283E+03   0.0000000E+00   0.0000000E+00   0.0000000E+00
     3.0500000E+02   3.1500266E+02   2.6569015E-03   3.1500491E+02   1.0543287E+04  -9.0202271E+02   0.0000000E+00   0.0000000E+00   0.0000000E+00
     3.0600000E+02   3.1500253E+02   2.5481384E-03   3.1500461E+02   8.7518027E+03  -8.2257361E+02   0.0000000E+00   0.0000000E+00   0.0000000E+00
     3.0700000E+02   3.1500250E+02   2.5010330E-03   3.1500476E+02   8.7869922E+03  -9.1140027E+02   0.0000000E+00   0.0000000E+00   0.0000000E+00
     3.0800000E+02   3.1500247E+02   2.4613831E-03   3.1500470E+02   8.0927930E+03  -9.0101837E+02   0.0000000E+00   0.0000000E+00   0.0000000E+00
     3.0900000E+02   3.1500238E+02   2.3686506E-03   3.1500458E+02   7.5126343E+03  -8.9016345E+02   0.0000000E+00   0.0000000E+00   0.0000000E+00
     3.1000000E+02   3.1500235E+02   2.3394867E-03   3.1500455E+02   7.4182598E+03  -8.8163977E+02   0.0000000E+00   0.0000000E+00   0.0000000E+00
     3.1100000E+02   3.1500238E+02   2.3651803E-03   3.1500452E+02   7.4939146E+03  -8.6400763E+02   0.0000000E+00   0.0000000E+00   0.0000000E+00
     3.1200000E+02   3.1500217E+02   2.1754154E-03   3.1500439E+02   7.0570532E+03  -8.9157764E+02   0.0000000E+00   0.0000000E+00   0.0000000E+00
     3.1300000E+02   3.1500208E+02   2.0695881E-03   3.1500412E+02   6.4760605E+03  -8.2240228E+02   0.0000000E+00   0.0000000E+00   0.0000000E+00
     3.1400000E+02   3.1500201E+02   2.0257605E-03   3.1500400E+02   6.2491108E+03  -7.8978387E+02   0.0000000E+00   0.0000000E+00   0.0000000E+00
     3.1500000E+02   3.1500201E+02   2.0215437E-03   3.1500403E+02   6.2273765E+03  -8.1089386E+02   0.0000000E+00   0.0000000E+00   0.0000000E+00
     3.1600000E+02   3.1500198E+02   1.9833313E-03   3.1500394E+02   6.0324238E+03  -7.8425476E+02   0.0000000E+00   0.0000000E+00   0.0000000E+00
     3.1700000E+02   3.1500198E+02   1.9777666E-03   3.1500400E+02   6.0041655E+03  -8.0628723E+02   0.0000000E+00   0.0000000E+00   0.0000000E+00
     3.1800000E+02   3.1500201E+02   2.0080858E-03   3.1500415E+02   6.1582739E+03  -8.5490131E+02   0.0000000E+00   0.0000000E+00   0.0000000E+00
     3.1900000E+02   3.1500198E+02   1.9988441E-03   3.1500409E+02   6.1111348E+03  -8.4004462E+02   0.0000000E+00   0.0000000E+00   0.0000000E+00
     3.2000000E+02   3.1500195E+02   1.9680746E-03   3.1500400E+02   5.9551646E+03  -8.1324933E+02   0.0000000E+00   0.0000000E+00   0.0000000E+00
     3.2100000E+02   3.1500198E+02   1.9731794E-03   3.1500406E+02   5.9808667E+03  -8.3760095E+02   0.0000000E+00   0.0000000E+00   0.0000000E+00
     3.2200000E+02   3.1500195E+02   1.9586750E-03   3.1500403E+02   5.9077583E+03  -8.3144446E+02   0.0000000E+00   0.0000000E+00   0.0000000E+00
     3.2300000E+02   3.1500195E+02   1.9614962E-03   3.1500406E+02   5.9219053E+03  -8.4682581E+02   0.0000000E+00   0.0000000E+00   0.0000000E+00
     3.2400000E+02   3.1500198E+02   1.9702793E-03   3.1500412E+02   5.9661411E+03  -8.6129089E+02   0.0000000E+00   0.0000000E+00   0.0000000E+00
     3.2500000E+02   3.1500192E+02   1.9105907E-03   3.1500391E+02   5.6680103E+03  -7.9926056E+02   0.0000000E+00   0.0000000E+00   0.0000000E+00
     3.2600000E+02   3.1500189E+02   1.8879116E-03   3.1500388E+02   5.5562578E+03  -8.0196899E+02   0.0000000E+00   0.0000000E+00   0.0000000E+00
     3.2700000E+02   3.1500192E+02   1.9178103E-03   3.1500403E+02   5.7035947E+03  -8.5258325E+02   0.0000000E+00   0.0000000E+00   0.0000000E+00
     3.2800000E+02   3.1500192E+02   1.9344911E-03   3.1500409E+02   5.7865103E+03  -8.6710742E+02   0.0000000E+00   0.0000000E+00   0.0000000E+00
     3.2900000E+02   3.1500253E+02   2.5281361E-03   3.1500568E+02   8.3250234E+03  -1.2637709E+03   0.0000000E+00   0.0000000E+00   0.0000000E+00
     3.3000000E+02   3.1500211E+02   2.1205952E-03   3.1500421E+02   6.5078110E+03  -8.4108453E+02   0.0000000E+00   0.0000000E+00   0.0000000E+00
     3.3100000E+02   3.1500201E+02   2.0162105E-03   3.1500394E+02   5.8632266E+03  -7.7414282E+02   0.0000000E+00   0.0000000E+00   0.0000000E+00
     3.3200000E+02   3.1500189E+02   1.8906221E-03   3.1500385E+02   5.5696143E+03  -7.8696552E+02   0.0000000E+00   0.0000000E+00   0.0000000E+00
     3.3300000E+02   3.1500183E+02   1.8426463E-03   3.1500378E+02   5.3359570E+03  -7.8251428E+02   0.0000000E+00   0.0000000E+00   0.0000000E+00
     3.3400000E+02   3.1500183E+02   1.8329184E-03   3.1500385E+02   5.2889961E+03  -8.0310217E+02   0.0000000E+00   0.0000000E+00   0.0000000E+00
     3.3500000E+02   3.1500186E+02   1.8626833E-03   3.1500397E+02   5.4328462E+03  -8.4648975E+02   0.0000000E+00   0.0000000E+00   0.0000000E+00
     3.3600000E+02   3.1500186E+02   1.8486890E-03   3.1500391E+02   5.3650127E+03  -8.2868140E+02   0.0000000E+00   0.0000000E+00   0.0000000E+00
     3.3700000E+02   3.1500180E+02   1.7967498E-03   3.1500378E+02   5.1161279E+03  -7.9509302E+02   0.0000000E+00   0.0000000E+00   0.0000000E+00
     3.3800000E+02   3.1500180E+02   1.7969388E-03   3.1500381E+02   5.1169565E+03  -8.1466809E+02   0.0000000E+00   0.0000000E+00   0.0000000E+00
     3.3900000E+02   3.1500183E+02   1.8204578E-03   3.1500394E+02   5.2290259E+03  -8.4370905E+02   0.0000000E+00   0.0000000E+00   0.0000000E+00
     3.4000000E+02   3.1500186E+02   1.8502505E-03   3.1500400E+02   5.3724307E+03  -8.6767297E+02   0.0000000E+00   0.0000000E+00   0.0000000E+00
     3.4100000E+02   3.1500189E+02   1.8861998E-03   3.1500409E+02   5.5475601E+03  -8.8819147E+02   0.0000000E+00   0.0000000E+00   0.0000000E+00
     3.4200000E+02   3.1500192E+02   1.9074470E-03   3.1500415E+02   1.4651460E+04  -9.0080200E+02   0.0000000E+00   0.0000000E+00   0.0000000E+00
     3.4300000E+02   3.1500189E+02   1.8882182E-03   3.1500406E+02   5.5575176E+03  -8.7339771E+02   0.0000000E+00   0.0000000E+00   0.0000000E+00
     3.4400000E+02   3.1500189E+02   1.8784927E-03   3.1500403E+02   5.5098823E+03  -8.6831158E+02   0.0000000E+00   0.0000000E+00   0.0000000E+00
     3.4500000E+02   3.1500186E+02   1.8524786E-03   3.1500397E+02   5.3832969E+03  -8.4777625E+02   0.0000000E+00   0.0000000E+00   0.0000000E+00
     3.4600000E+02   3.1500183E+02   1.8234514E-03   3.1500391E+02   5.2434092E+03  -8.3420831E+02   0.0000000E+00   0.0000000E+00   0.0000000E+00
     3.4700000E+02   3.1500183E+02   1.8277294E-03   3.1500397E+02   5.2638672E+03  -8.5406720E+02   0.0000000E+00   0.0000000E+00   0.0000000E+00
     3.4800000E+02   3.1500244E+02   2.4363089E-03   3.1500586E+02   8.5661133E+03  -1.3687195E+03   0.0000000E+00   0.0000000E+00   0.0000000E+00
     3.4900000E+02   3.1500238E+02   2.3660643E-03   3.1500519E+02   7.9903423E+03  -1.1379747E+03   0.0000000E+00   0.0000000E+00   0.0000000E+00
     3.5000000E+02   3.1500214E+02   2.1220113E-03   3.1500439E+02   6.7515933E+03  -9.1722931E+02   0.0000000E+00   0.0000000E+00   0.0000000E+00
     3.5100000E+02   3.1500372E+02   3.7094846E-03   3.1500433E+02   1.1440911E+05  -2.4926320E+02   0.0000000E+00   0.0000000E+00   0.0000000E+00
     3.5200000E+02   3.1500208E+02   2.0601151E-03   3.1500436E+02   6.4263955E+03  -9.2599756E+02   0.0000000E+00   0.0000000E+00   0.0000000E+00
     3.5300000E+02   3.1500204E+02   2.0391350E-03   3.1500427E+02   6.3177271E+03  -8.9780682E+02   0.0000000E+00   0.0000000E+00   0.0000000E+00
     3.5400000E+02   3.1500204E+02   2.0345235E-03   3.1500427E+02   6.2939038E+03  -9.0325354E+02   0.0000000E+00   0.0000000E+00   0.0000000E+00
     3.5500000E+02   3.1500204E+02   2.0345235E-03   3.1500421E+02   6.1144600E+03  -8.7734576E+02   0.0000000E+00   0.0000000E+00   0.0000000E+00
     3.5600000E+02   3.1500195E+02   1.9549357E-03   3.1500412E+02   5.8888369E+03  -8.7029327E+02   0.0000000E+00   0.0000000E+00   0.0000000E+00
     3.5700000E+02   3.1500192E+02   1.9194037E-03   3.1500400E+02   5.6102612E+03  -8.3679041E+02   0.0000000E+00   0.0000000E+00   0.0000000E+00
     3.5800000E+02   3.1500192E+02   1.9109356E-03   3.1500412E+02   5.6694341E+03  -8.8321478E+02   0.0000000E+00   0.0000000E+00   0.0000000E+00
     3.5900000E+02   3.1500192E+02   1.9206057E-03   3.1500418E+02   5.7343315E+03  -9.0613129E+02   0.0000000E+00   0.0000000E+00   0.0000000E+00
     3.6000000E+02   3.1500192E+02   1.9088398E-03   3.1500412E+02   5.6590518E+03  -8.8784058E+02   0.0000000E+00   0.0000000E+00   0.0000000E+00
     3.6100000E+02   3.1500186E+02   1.8763109E-03   3.1500403E+02   5.4992368E+03  -8.6193201E+02   0.0000000E+00   0.0000000E+00   0.0000000E+00
     3.6200000E+02   3.1500186E+02   1.8602641E-03   3.1500400E+02   5.4210332E+03  -8.6067004E+02   0.0000000E+00   0.0000000E+00   0.0000000E+00
     3.6300000E+02   3.1500189E+02   1.8781266E-03   3.1500409E+02   5.5080068E+03  -8.9120123E+02   0.0000000E+00   0.0000000E+00   0.0000000E+00
     3.6400000E+02   3.1500189E+02   1.8781266E-03   3.1500436E+02   5.9138604E+03  -1.0007612E+03   0.0000000E+00   0.0000000E+00   0.0000000E+00
     3.6500000E+02   3.1500198E+02   1.9724397E-03   3.1500436E+02   5.9766890E+03  -9.6442749E+02   0.0000000E+00   0.0000000E+00   0.0000000E+00
     3.6600000E+02   3.1500198E+02   1.9870647E-03   3.1500439E+02   6.0507661E+03  -9.6707623E+02   0.0000000E+00   0.0000000E+00   0.0000000E+00
     3.6700000E+02   3.1500198E+02   1.9793913E-03   3.1500433E+02   6.0119136E+03  -9.4988190E+02   0.0000000E+00   0.0000000E+00   0.0000000E+00
     3.6800000E+02   3.1500198E+02   1.9793913E-03   3.1500443E+02   6.1388042E+03  -9.8260718E+02   0.0000000E+00   0.0000000E+00   0.0000000E+00
     3.6900000E+02   3.1500208E+02   2.0852180E-03   3.1500467E+02   6.5571289E+03  -1.0324504E+03   0.0000000E+00   0.0000000E+00   0.0000000E+00
     3.7000000E+02   3.1500211E+02   2.0941785E-03   3.1500461E+02   6.6042549E+03  -1.0134753E+03   0.0000000E+00   0.0000000E+00   0.0000000E+00
     3.7100000E+02   3.1500211E+02   2.1005569E-03   3.1500461E+02   6.6378633E+03  -1.0048514E+03   0.0000000E+00   0.0000000E+00   0.0000000E+00
     3.7200000E+02   3.1500211E+02   2.1005569E-03   3.1500455E+02   6.6258877E+03  -9.7596179E+02   0.0000000E+00   0.0000000E+00   0.0000000E+00
     3.7300000E+02   3.1500275E+02   2.7378625E-03   3.1500522E+02   1.0325075E+04  -9.9454266E+02   0.0000000E+00   0.0000000E+00   0.0000000E+00
     3.7400000E+02   3.1500266E+02   2.6644380E-03   3.1500507E+02   1.2290735E+04  -9.6627216E+02   0.0000000E+00   0.0000000E+00   0.0000000E+00
     3.7500000E+02   3.1500287E+02   2.8781935E-03   3.1500537E+02   1.0722479E+04  -9.9674310E+02   0.0000000E+00   0.0000000E+00   0.0000000E+00
     3.7600000E+02   3.1500281E+02   2.8121322E-03   3.1500540E+02   9.6728789E+03  -1.0348914E+03   0.0000000E+00   0.0000000E+00   0.0000000E+00
     3.7700000E+02   3.1500644E+02   6.4523923E-03   3.1500943E+02   4.2783441E+04  -1.1970044E+03   0.0000000E+00   0.0000000E+00   0.0000000E+00
     3.7800000E+02   3.1506366E+02   6.3652873E-02   3.1506638E+02   1.9555606E+06  -1.0949430E+03   0.0000000E+00   0.0000000E+00   0.0000000E+00
     3.7900000E+02   3.1501395E+02   1.3952726E-02   3.1501743E+02   1.5583670E+05  -1.3897142E+03   0.0000000E+00   0.0000000E+00   0.0000000E+00
     3.8000000E+02   3.1501056E+02   1.0544060E-02   3.1501367E+02   9.7544258E+04  -1.2583300E+03   0.0000000E+00   0.0000000E+00   0.0000000E+00
     3.8100000E+02   3.1500925E+02   9.2368312E-03   3.1501224E+02   7.8155516E+04  -1.2046534E+03   0.0000000E+00   0.0000000E+00   0.0000000E+00
     3.8200000E+02   3.1500815E+02   8.1505775E-03   3.1501108E+02   6.3687586E+04  -1.1727250E+03   0.0000000E+00   0.0000000E+00   0.0000000E+00
     3.8300000E+02   3.1500784E+02   7.8515606E-03   3.1501102E+02   5.8759691E+04  -1.2723165E+03   0.0000000E+00   0.0000000E+00   0.0000000E+00
     3.8400000E+02   3.1501318E+02   1.3168699E-02   3.1501611E+02   1.4153792E+05  -1.1777427E+03   0.0000000E+00   0.0000000E+00   0.0000000E+00
     3.8500000E+02   3.1500983E+02   9.8353494E-03   3.1501303E+02   8.6420203E+04  -1.2835714E+03   0.0000000E+00   0.0000000E+00   0.0000000E+00
     3.8600000E+02   3.1500873E+02   8.7328311E-03   3.1501172E+02   7.1379359E+04  -1.1989034E+03   0.0000000E+00   0.0000000E+00   0.0000000E+00
     3.8700000E+02   3.1500836E+02   8.3627822E-03   3.1501138E+02   6.5668281E+04  -1.2163799E+03   0.0000000E+00   0.0000000E+00   0.0000000E+00
     3.8800000E+02   3.1500772E+02   7.7087376E-03   3.1501077E+02   5.8633207E+04  -1.2254526E+03   0.0000000E+00   0.0000000E+00   0.0000000E+00
     3.8900000E+02   3.1500739E+02   7.3986771E-03   3.1501025E+02   5.2752344E+04  -1.1428674E+03   0.0000000E+00   0.0000000E+00   0.0000000E+00
     3.9000000E+02   3.1500681E+02   6.8165087E-03   3.1501031E+02   5.0206629E+04  -1.4095591E+03   0.0000000E+00   0.0000000E+00   0.0000000E+00
     3.9100000E+02   3.1500650E+02   6.5055746E-03   3.1501010E+02   4.6714883E+04  -1.4399521E+03   0.0000000E+00   0.0000000E+00   0.0000000E+00
     3.9200000E+02   3.1500629E+02   6.2901173E-03   3.1500980E+02   4.4395824E+04  -1.4055449E+03   0.0000000E+00   0.0000000E+00   0.0000000E+00
     3.9300000E+02   3.1500632E+02   6.3087423E-03   3.1500925E+02   4.4324082E+04  -1.1808214E+03   0.0000000E+00   0.0000000E+00   0.0000000E+00
     3.9400000E+02   3.1500610E+02   6.0987077E-03   3.1500946E+02   4.1829250E+04  -1.3521053E+03   0.0000000E+00   0.0000000E+00   0.0000000E+00
     3.9500000E+02   3.1500604E+02   6.0483059E-03   3.1500946E+02   4.2108438E+04  -1.3727639E+03   0.0000000E+00   0.0000000E+00   0.0000000E+00
     3.9600000E+02   3.1500595E+02   5.9482092E-03   3.1500937E+02   4.0856000E+04  -1.3693929E+03   0.0000000E+00   0.0000000E+00   0.0000000E+00
     3.9700000E+02   3.1500595E+02   5.9524239E-03   3.1500888E+02   4.0145422E+04  -1.1764402E+03   0.0000000E+00   0.0000000E+00   0.0000000E+00
     3.9800000E+02   3.1500565E+02   5.6415503E-03   3.1500906E+02   3.6777461E+04  -1.3787087E+03   0.0000000E+00   0.0000000E+00   0.0000000E+00
     3.9900000E+02   3.1500555E+02   5.5672261E-03   3.1500903E+02   3.6776191E+04  -1.3900607E+03   0.0000000E+00   0.0000000E+00   0.0000000E+00
     4.0000000E+02   3.1500555E+02   5.5646570E-03   3.1500888E+02   3.6600984E+04  -1.3313018E+03   0.0000000E+00   0.0000000E+00   0.0000000E+00
     4.0100000E+02   3.1500543E+02   5.4349797E-03   3.1500882E+02   3.5510207E+04  -1.3591807E+03   0.0000000E+00   0.0000000E+00   0.0000000E+00
     4.0200000E+02   3.1500574E+02   5.7260520E-03   3.1500867E+02   2.6363137E+04  -1.1783298E+03   0.0000000E+00   0.0000000E+00   0.0000000E+00
     4.0300000E+02   3.1500552E+02   5.5195643E-03   3.1500839E+02   2.4753000E+04  -1.1529554E+03   0.0000000E+00   0.0000000E+00   0.0000000E+00
     4.0400000E+02   3.1500543E+02   5.4415544E-03   3.1500775E+02   3.7504656E+04  -9.3256036E+02   0.0000000E+00   0.0000000E+00   0.0000000E+00
     4.0500000E+02   3.1500610E+02   6.1096661E-03   3.1500919E+02   3.0175686E+04  -1.2290996E+03   0.0000000E+00   0.0000000E+00   0.0000000E+00
     4.0600000E+02   3.1500476E+02   4.7540381E-03   3.1500836E+02   2.5982740E+04  -1.4523234E+03   0.0000000E+00   0.0000000E+00   0.0000000E+00
     4.0700000E+02   3.1500650E+02   6.5017031E-03   3.1500830E+02   4.3981137E+04  -7.2098584E+02   0.0000000E+00   0.0000000E+00   0.0000000E+00
     4.0800000E+02   3.1500668E+02   6.6886451E-03   3.1500983E+02   3.3693289E+04  -1.2572091E+03   0.0000000E+00   0.0000000E+00   0.0000000E+00
     4.0900000E+02   3.1500552E+02   5.5323686E-03   3.1500781E+02   4.0422340E+04  -9.1376263E+02   0.0000000E+00   0.0000000E+00   0.0000000E+00
     4.1000000E+02   3.1500635E+02   6.3434877E-03   3.1500940E+02   4.5479719E+04  -1.2327081E+03   0.0000000E+00   0.0000000E+00   0.0000000E+00
     4.1100000E+02   3.1500702E+02   7.0100906E-03   3.1501001E+02   4.8973797E+04  -1.1996838E+03   0.0000000E+00   0.0000000E+00   0.0000000E+00
     4.1200000E+02   3.1500702E+02   7.0307353E-03   3.1500998E+02   3.5189648E+04  -1.1786847E+03   0.0000000E+00   0.0000000E+00   0.0000000E+00
     4.1300000E+02   3.1500507E+02   5.0538518E-03   3.1500781E+02   2.6792578E+04  -1.1030278E+03   0.0000000E+00   0.0000000E+00   0.0000000E+00
     4.1400000E+02   3.1500470E+02   4.7136904E-03   3.1500751E+02   2.6511029E+04  -1.1253330E+03   0.0000000E+00   0.0000000E+00   0.0000000E+00
     4.1500000E+02   3.1500510E+02   5.0920220E-03   3.1500800E+02   2.9530258E+04  -1.1613916E+03   0.0000000E+00   0.0000000E+00   0.0000000E+00
     4.1600000E+02   3.1500797E+02   7.9660127E-03   3.1501086E+02   6.1288090E+04  -1.1574180E+03   0.0000000E+00   0.0000000E+00   0.0000000E+00
     4.1700000E+02   3.1500693E+02   6.9366680E-03   3.1500992E+02   4.8008137E+04  -1.1962971E+03   0.0000000E+00   0.0000000E+00   0.0000000E+00
     4.1800000E+02   3.1500668E+02   6.6816458E-03   3.1500977E+02   4.5779965E+04  -1.2432740E+03   0.0000000E+00   0.0000000E+00   0.0000000E+00
     4.1900000E+02   3.1500595E+02   5.9469617E-03   3.1500882E+02   2.8292969E+04  -1.1561722E+03   0.0000000E+00   0.0000000E+00   0.0000000E+00
     4.2000000E+02   3.1500552E+02   5.5243238E-03   3.1500830E+02   3.2923016E+04  -1.1160236E+03   0.0000000E+00   0.0000000E+00   0.0000000E+00
     4.2100000E+02   3.1500558E+02   5.5807000E-03   3.1500842E+02   2.5403963E+04  -1.1451366E+03   0.0000000E+00   0.0000000E+00   0.0000000E+00
     4.2200000E+02   3.1500430E+02   4.3123439E-03   3.1500717E+02   2.3199705E+04  -1.1432096E+03   0.0000000E+00   0.0000000E+00   0.0000000E+00
     4.2300000E+02   3.1500705E+02   7.0343986E-03   3.1500928E+02   4.0917441E+04  -9.0253729E+02   0.0000000E+00   0.0000000E+00   0.0000000E+00
     4.2400000E+02   3.1500626E+02   6.2426869E-03   3.1500922E+02   4.1159258E+04  -1.1890315E+03   0.0000000E+00   0.0000000E+00   0.0000000E+00
     4.2500000E+02   3.1500623E+02   6.2218318E-03   3.1500919E+02   3.8493625E+04  -1.1939377E+03   0.0000000E+00   0.0000000E+00   0.0000000E+00
     4.2600000E+02   3.1500555E+02   5.5656033E-03   3.1500845E+02   3.3691809E+04  -1.1601301E+03   0.0000000E+00   0.0000000E+00   0.0000000E+00
     4.2700000E+02   3.1500525E+02   5.2392301E-03   3.1500797E+02   2.9742529E+04  -1.0997231E+03   0.0000000E+00   0.0000000E+00   0.0000000E+00
     4.2800000E+02   3.1500534E+02   5.3294362E-03   3.1500830E+02   2.4556773E+04  -1.1867302E+03   0.0000000E+00   0.0000000E+00   0.0000000E+00
     4.2900000E+02   3.1500513E+02   5.1388973E-03   3.1500806E+02   2.8807227E+04  -1.1672749E+03   0.0000000E+00   0.0000000E+00   0.0000000E+00
     4.3000000E+02   3.1500699E+02   6.9850199E-03   3.1501068E+02   4.8868340E+04  -1.4812385E+03   0.0000000E+00   0.0000000E+00   0.0000000E+00
     4.3100000E+02   3.1500687E+02   6.8563833E-03   3.1501001E+02   4.6246613E+04  -1.2609963E+03   0.0000000E+00   0.0000000E+00   0.0000000E+00
     4.3200000E+02   3.1501031E+02   1.0320212E-02   3.1501324E+02   9.4273875E+04  -1.1771239E+03   0.0000000E+00   0.0000000E+00   0.0000000E+00
     4.3300000E+02   3.1500760E+02   7.5982530E-03   3.1501056E+02   5.6611035E+04  -1.1930006E+03   0.0000000E+00   0.0000000E+00   0.0000000E+00
     4.3400000E+02   3.1500690E+02   6.9050714E-03   3.1500986E+02   4.8247629E+04  -1.1878113E+03   0.0000000E+00   0.0000000E+00   0.0000000E+00
     4.3500000E+02   3.1500665E+02   6.6525517E-03   3.1500958E+02   4.5152980E+04  -1.1785265E+03   0.0000000E+00   0.0000000E+00   0.0000000E+00
     4.3600000E+02   3.1501776E+02   1.7757928E-02   3.1502066E+02   2.3294902E+05  -1.1672378E+03   0.0000000E+00   0.0000000E+00   0.0000000E+00
     4.3700000E+02   3.1501303E+02   1.3022592E-02   3.1501605E+02   1.3889853E+05  -1.2198223E+03   0.0000000E+00   0.0000000E+00   0.0000000E+00
     4.3800000E+02   3.1504480E+02   4.4813991E-02   3.1504770E+02   1.0897208E+06  -1.1527614E+03   0.0000000E+00   0.0000000E+00   0.0000000E+00
     4.3900000E+02   3.1501953E+02   1.9541441E-02   3.1502283E+02   2.7321716E+05  -1.3173920E+03   0.0000000E+00   0.0000000E+00   0.0000000E+00
     4.4000000E+02   3.1501581E+02   1.5812039E-02   3.1501889E+02   1.9177717E+05  -1.2408781E+03   0.0000000E+00   0.0000000E+00   0.0000000E+00
     4.4100000E+02   3.1501477E+02   1.4763485E-02   3.1501779E+02   1.7156855E+05  -1.2121267E+03   0.0000000E+00   0.0000000E+00   0.0000000E+00
     4.4200000E+02   3.1501288E+02   1.2892530E-02   3.1501593E+02   1.3659298E+05  -1.2203473E+03   0.0000000E+00   0.0000000E+00   0.0000000E+00
     4.4300000E+02   3.1501245E+02   1.2460455E-02   3.1501544E+02   1.2817609E+05  -1.2027677E+03   0.0000000E+00   0.0000000E+00   0.0000000E+00
     4.4400000E+02   3.1501151E+02   1.1505756E-02   3.1501459E+02   1.0287966E+05  -1.2376550E+03   0.0000000E+00   0.0000000E+00   0.0000000E+00
     4.4500000E+02   3.1501080E+02   1.0808836E-02   3.1501404E+02   1.0260206E+05  -1.2957576E+03   0.0000000E+00   0.0000000E+00   0.0000000E+00
     4.4600000E+02   3.1501041E+02   1.0399691E-02   3.1501352E+02   9.6780242E+04  -1.2479078E+03   0.0000000E+00   0.0000000E+00   0.0000000E+00
     4.4700000E+02   3.1501266E+02   1.2665133E-02   3.1501514E+02   1.3237797E+05  -9.9167450E+02   0.0000000E+00   0.0000000E+00   0.0000000E+00
     4.4800000E+02   3.1501144E+02   1.1455278E-02   3.1501447E+02   1.1184673E+05  -1.2102465E+03   0.0000000E+00   0.0000000E+00   0.0000000E+00
     4.4900000E+02   3.1501089E+02   1.0897602E-02   3.1501413E+02   1.0277698E+05  -1.3013861E+03   0.0000000E+00   0.0000000E+00   0.0000000E+00
     4.5000000E+02   3.1501019E+02   1.0193005E-02   3.1501340E+02   9.2887164E+04  -1.2813269E+03   0.0000000E+00   0.0000000E+00   0.0000000E+00
     4.5100000E+02   3.1500977E+02   9.7754132E-03   3.1501288E+02   8.6669430E+04  -1.2488583E+03   0.0000000E+00   0.0000000E+00   0.0000000E+00
     4.5200000E+02   3.1501599E+02   1.6003780E-02   3.1501895E+02   1.9602708E+05  -1.1818936E+03   0.0000000E+00   0.0000000E+00   0.0000000E+00
     4.5300000E+02   3.1501138E+02   1.1377445E-02   3.1501443E+02   1.1088541E+05  -1.2279498E+03   0.0000000E+00   0.0000000E+00   0.0000000E+00
     4.5400000E+02   3.1501199E+02   1.1999670E-02   3.1501486E+02   1.2244706E+05  -1.1434813E+03   0.0000000E+00   0.0000000E+00   0.0000000E+00
     4.5500000E+02   3.1501215E+02   1.2150033E-02   3.1501517E+02   1.2137698E+05  -1.2155677E+03   0.0000000E+00   0.0000000E+00   0.0000000E+00
     4.5600000E+02   3.1501151E+02   1.1495230E-02   3.1501511E+02   1.1421715E+05  -1.4528749E+03   0.0000000E+00   0.0000000E+00   0.0000000E+00
     4.5700000E+02   3.1501108E+02   1.1087371E-02   3.1501385E+02   1.0554481E+05  -1.1137548E+03   0.0000000E+00   0.0000000E+00   0.0000000E+00
     4.5800000E+02   3.1501025E+02   1.0267905E-02   3.1501337E+02   8.2702344E+04  -1.2453722E+03   0.0000000E+00   0.0000000E+00   0.0000000E+00
     4.5900000E+02   3.1500964E+02   9.6368771E-03   3.1501285E+02   8.6132102E+04  -1.2891774E+03   0.0000000E+00   0.0000000E+00   0.0000000E+00
     4.6000000E+02   3.1500934E+02   9.3328943E-03   3.1501248E+02   8.0604836E+04  -1.2669594E+03   0.0000000E+00   0.0000000E+00   0.0000000E+00
     4.6100000E+02   3.1500925E+02   9.2349593E-03   3.1501224E+02   7.7891641E+04  -1.2043551E+03   0.0000000E+00   0.0000000E+00   0.0000000E+00
     4.6200000E+02   3.1500897E+02   8.9571495E-03   3.1501190E+02   7.5035477E+04  -1.1851266E+03   0.0000000E+00   0.0000000E+00   0.0000000E+00
     4.6300000E+02   3.1500900E+02   9.0112416E-03   3.1501199E+02   7.3891492E+04  -1.1934608E+03   0.0000000E+00   0.0000000E+00   0.0000000E+00
     4.6400000E+02   3.1500845E+02   8.4399227E-03   3.1501196E+02   7.1414711E+04  -1.4165151E+03   0.0000000E+00   0.0000000E+00   0.0000000E+00
     4.6500000E+02   3.1500861E+02   8.5942848E-03   3.1501132E+02   6.9596820E+04  -1.0974266E+03   0.0000000E+00   0.0000000E+00   0.0000000E+00
     4.6600000E+02   3.1500864E+02   8.6318925E-03   3.1501154E+02   6.2062688E+04  -1.1610020E+03   0.0000000E+00   0.0000000E+00   0.0000000E+00
     4.6700000E+02   3.1500851E+02   8.5087055E-03   3.1501123E+02   6.7338500E+04  -1.0920780E+03   0.0000000E+00   0.0000000E+00   0.0000000E+00
     4.6800000E+02   3.1501236E+02   1.2372224E-02   3.1501520E+02   1.3215259E+05  -1.1400002E+03   0.0000000E+00   0.0000000E+00   0.0000000E+00
     4.6900000E+02   3.1503546E+02   3.5460416E-02   3.1503839E+02   7.3759100E+05  -1.1801343E+03   0.0000000E+00   0.0000000E+00   0.0000000E+00
     4.7000000E+02   3.1502380E+02   2.3812588E-02   3.1502701E+02   3.7983431E+05  -1.2871960E+03   0.0000000E+00   0.0000000E+00   0.0000000E+00
     4.7100000E+02   3.1501602E+02   1.6028164E-02   3.1501917E+02   1.9634431E+05  -1.2619390E+03   0.0000000E+00   0.0000000E+00   0.0000000E+00
     4.7200000E+02   3.1501523E+02   1.5233569E-02   3.1501877E+02   1.7709652E+05  -1.4209603E+03   0.0000000E+00   0.0000000E+00   0.0000000E+00
     4.7300000E+02   3.1501318E+02   1.3177110E-02   3.1501691E+02   1.3928992E+05  -1.4928439E+03   0.0000000E+00   0.0000000E+00   0.0000000E+00
     4.7400000E+02   3.1501682E+02   1.6801775E-02   3.1501990E+02   2.1307044E+05  -1.2418556E+03   0.0000000E+00   0.0000000E+00   0.0000000E+00
     4.7500000E+02   3.1515231E+02   1.5232393E-01   3.1516080E+02   8.3726635E+06  -3.3954351E+03   0.0000000E+00   0.0000000E+00   0.0000000E+00
     4.7600000E+02   3.1523230E+02   2.3229633E-01   3.1524335E+02   1.6916420E+07  -4.4370298E+03   0.0000000E+00   0.0000000E+00   0.0000000E+00
     4.7700000E+02   3.1516125E+02   1.6124438E-01   3.1517206E+02   9.2056300E+06  -4.3419561E+03   0.0000000E+00   0.0000000E+00   0.0000000E+00
     4.7800000E+02   3.1514227E+02   1.4226700E-01   3.1515387E+02   7.4712705E+06  -4.6601411E+03   0.0000000E+00   0.0000000E+00   0.0000000E+00
     4.7900000E+02   3.1514069E+02   1.4068025E-01   3.1515115E+02   7.3330445E+06  -4.2035293E+03   0.0000000E+00   0.0000000E+00   0.0000000E+00
     4.8000000E+02   3.1516119E+02   1.6118921E-01   3.1517200E+02   9.2004120E+06  -4.3329678E+03   0.0000000E+00   0.0000000E+00   0.0000000E+00
     4.8100000E+02   3.1512350E+02   1.2349652E-01   3.1513440E+02   5.9020710E+06  -4.3756353E+03   0.0000000E+00   0.0000000E+00   0.0000000E+00
     4.8200000E+02   3.1510999E+02   1.0999277E-01   3.1512012E+02   4.8661775E+06  -4.0594053E+03   0.0000000E+00   0.0000000E+00   0.0000000E+00
     4.8300000E+02   3.1511731E+02   1.1731043E-01   3.1512704E+02   5.4176350E+06  -3.9069124E+03   0.0000000E+00   0.0000000E+00   0.0000000E+00
     4.8400000E+02   3.1511160E+02   1.1160112E-01   3.1512170E+02   4.9765225E+06  -4.0553928E+03   0.0000000E+00   0.0000000E+00   0.0000000E+00
     4.8500000E+02   3.1509174E+02   9.1722511E-02   3.1509958E+02   3.5950890E+06  -3.1508484E+03   0.0000000E+00   0.0000000E+00   0.0000000E+00
     4.8600000E+02   3.1509836E+02   9.8354183E-02   3.1510635E+02   4.0386680E+06  -3.2078518E+03   0.0000000E+00   0.0000000E+00   0.0000000E+00
     4.8700000E+02   3.1508661E+02   8.6617738E-02   3.1509393E+02   3.2678785E+06  -2.9393701E+03   0.0000000E+00   0.0000000E+00   0.0000000E+00
     4.8800000E+02   3.1508179E+02   8.1794590E-02   3.1508817E+02   2.9705698E+06  -2.5565042E+03   0.0000000E+00   0.0000000E+00   0.0000000E+00
     4.8900000E+02   3.1507565E+02   7.5656049E-02   3.1508160E+02   2.6080888E+06  -2.3900017E+03   0.0000000E+00   0.0000000E+00   0.0000000E+00
     4.9000000E+02   3.1507669E+02   7.6688036E-02   3.1508228E+02   2.6676250E+06  -2.2437129E+03   0.0000000E+00   0.0000000E+00   0.0000000E+00
     4.9100000E+02   3.1507181E+02   7.1797363E-02   3.1507724E+02   2.3901755E+06  -2.1822034E+03   0.0000000E+00   0.0000000E+00   0.0000000E+00
     4.9200000E+02   3.1510849E+02   1.0847618E-01   3.1511737E+02   4.7549070E+06  -3.5763596E+03   0.0000000E+00   0.0000000E+00   0.0000000E+00
     4.9300000E+02   3.1510144E+02   1.0143792E-01   3.1510922E+02   4.2519050E+06  -3.1270823E+03   0.0000000E+00   0.0000000E+00   0.0000000E+00
     4.9400000E+02   3.1509027E+02   9.0267852E-02   3.1509726E+02   3.5005775E+06  -2.8026836E+03   0.0000000E+00   0.0000000E+00   0.0000000E+00
     4.9500000E+02   3.1508948E+02   8.9464173E-02   3.1509659E+02   3.4491888E+06  -2.8643708E+03   0.0000000E+00   0.0000000E+00   0.0000000E+00
     4.9600000E+02   3.1510532E+02   1.0532068E-01   3.1511276E+02   4.5265995E+06  -2.9862136E+03   0.0000000E+00   0.0000000E+00   0.0000000E+00
     4.9700000E+02   3.1508975E+02   8.9747719E-02   3.1509702E+02   3.4670180E+06  -2.9209475E+03   0.0000000E+00   0.0000000E+00   0.0000000E+00
     4.9800000E+02   3.1508618E+02   8.6190537E-02   3.1509286E+02   3.2410145E+06  -2.6838472E+03   0.0000000E+00   0.0000000E+00   0.0000000E+00
     4.9900000E+02   3.1508163E+02   8.1625596E-02   3.1508789E+02   2.9599995E+06  -2.5162229E+03   0.0000000E+00   0.0000000E+00   0.0000000E+00
     5.0000000E+02   3.1507874E+02   7.8741103E-02   3.1508484E+02   2.7873250E+06  -2.4531606E+03   0.0000000E+00   0.0000000E+00   0.0000000E+00
     5.0100000E+02   3.1507602E+02   7.6016486E-02   3.1508188E+02   2.6284035E+06  -2.3538599E+03   0.0000000E+00   0.0000000E+00   0.0000000E+00
     5.0200000E+02   3.1507333E+02   7.3326252E-02   3.1507901E+02   2.4751590E+06  -2.2841394E+03   0.0000000E+00   0.0000000E+00   0.0000000E+00
     5.0300000E+02   3.1507156E+02   7.1569189E-02   3.1507700E+02   2.3776130E+06  -2.1752766E+03   0.0000000E+00   0.0000000E+00   0.0000000E+00
     5.0400000E+02   3.1507138E+02   7.1370870E-02   3.1507632E+02   2.3669715E+06  -1.9852770E+03   0.0000000E+00   0.0000000E+00   0.0000000E+00
     5.0500000E+02   3.1506976E+02   6.9758475E-02   3.1507489E+02   2.2780460E+06  -2.0578948E+03   0.0000000E+00   0.0000000E+00   0.0000000E+00
     5.0600000E+02   3.1506693E+02   6.6930249E-02   3.1507193E+02   2.1262365E+06  -2.0117443E+03   0.0000000E+00   0.0000000E+00   0.0000000E+00
     5.0700000E+02   3.1506351E+02   6.3493758E-02   3.1506839E+02   1.9473941E+06  -1.9666097E+03   0.0000000E+00   0.0000000E+00   0.0000000E+00
     5.0800000E+02   3.1506268E+02   6.2687904E-02   3.1506729E+02   1.9067862E+06  -1.8501183E+03   0.0000000E+00   0.0000000E+00   0.0000000E+00
     5.0900000E+02   3.1507056E+02   7.0558019E-02   3.1507520E+02   2.3218980E+06  -1.8581067E+03   0.0000000E+00   0.0000000E+00   0.0000000E+00
     5.1000000E+02   3.1506665E+02   6.6653378E-02   3.1507129E+02   2.1116688E+06  -1.8629896E+03   0.0000000E+00   0.0000000E+00   0.0000000E+00
     5.1100000E+02   3.1516074E+02   1.6073425E-01   3.1516739E+02   9.1572020E+06  -2.6736538E+03   0.0000000E+00   0.0000000E+00   0.0000000E+00
     5.1200000E+02   3.1519843E+02   1.9841826E-01   3.1520416E+02   1.3008229E+07  -2.3068489E+03   0.0000000E+00   0.0000000E+00   0.0000000E+00
     5.1300000E+02   3.1515283E+02   1.5282641E-01   3.1515851E+02   8.4186920E+06  -2.2803447E+03   0.0000000E+00   0.0000000E+00   0.0000000E+00
     5.1400000E+02   3.1524194E+02   2.4195826E-01   3.1524954E+02   1.8105758E+07  -3.0454492E+03   0.0000000E+00   0.0000000E+00   0.0000000E+00
     5.1500000E+02   3.1523245E+02   2.3244208E-01   3.1524063E+02   1.6934546E+07  -3.2820007E+03   0.0000000E+00   0.0000000E+00   0.0000000E+00
     5.1600000E+02   3.1515826E+02   1.5825558E-01   3.1516556E+02   8.9230780E+06  -2.9263135E+03   0.0000000E+00   0.0000000E+00   0.0000000E+00
     5.1700000E+02   3.1513144E+02   1.3143922E-01   3.1513864E+02   6.5482360E+06  -2.8869153E+03   0.0000000E+00   0.0000000E+00   0.0000000E+00
     5.1800000E+02   3.1525528E+02   2.5528404E-01   3.1526456E+02   1.9798100E+07  -3.7279055E+03   0.0000000E+00   0.0000000E+00   0.0000000E+00
     5.1900000E+02   3.1530835E+02   3.0835494E-01   3.1532178E+02   2.7122870E+07  -5.3830068E+03   0.0000000E+00   0.0000000E+00   0.0000000E+00
     5.2000000E+02   3.1521060E+02   2.1059322E-01   3.1522491E+02   1.4365614E+07  -5.7465068E+03   0.0000000E+00   0.0000000E+00   0.0000000E+00
     5.2100000E+02   3.1516553E+02   1.6551633E-01   3.1517847E+02   9.6154790E+06  -5.1992817E+03   0.0000000E+00   0.0000000E+00   0.0000000E+00
     5.2200000E+02   3.1514291E+02   1.4291705E-01   3.1515494E+02   7.5287570E+06  -4.8276387E+03   0.0000000E+00   0.0000000E+00   0.0000000E+00
     5.2300000E+02   3.1513147E+02   1.3146378E-01   3.1514224E+02   6.5503310E+06  -4.3270327E+03   0.0000000E+00   0.0000000E+00   0.0000000E+00
     5.2400000E+02   3.1514133E+02   1.4133379E-01   3.1515128E+02   7.3902065E+06  -3.9857122E+03   0.0000000E+00   0.0000000E+00   0.0000000E+00
     5.2500000E+02   3.1515134E+02   1.5133077E-01   3.1516147E+02   8.2821090E+06  -4.0637842E+03   0.0000000E+00   0.0000000E+00   0.0000000E+00
     5.2600000E+02   3.1512781E+02   1.2781441E-01   3.1513718E+02   6.2505640E+06  -3.7521135E+03   0.0000000E+00   0.0000000E+00   0.0000000E+00
     5.2700000E+02   3.1512686E+02   1.2685737E-01   3.1513513E+02   6.1740505E+06  -3.3169116E+03   0.0000000E+00   0.0000000E+00   0.0000000E+00
     5.2800000E+02   3.1521448E+02   2.1447684E-01   3.1522449E+02   1.4812092E+07  -4.0235903E+03   0.0000000E+00   0.0000000E+00   0.0000000E+00
     5.2900000E+02   3.1516440E+02   1.6438983E-01   3.1517340E+02   9.5069960E+06  -3.6122163E+03   0.0000000E+00   0.0000000E+00   0.0000000E+00
     5.3000000E+02   3.1513882E+02   1.3882439E-01   3.1514737E+02   7.1729080E+06  -3.4273604E+03   0.0000000E+00   0.0000000E+00   0.0000000E+00
     5.3100000E+02   3.1512720E+02   1.2719691E-01   3.1513562E+02   6.2032540E+06  -3.3768948E+03   0.0000000E+00   0.0000000E+00   0.0000000E+00
     5.3200000E+02   3.1511786E+02   1.1785986E-01   3.1512604E+02   5.4606615E+06  -3.2785444E+03   0.0000000E+00   0.0000000E+00   0.0000000E+00
     5.3300000E+02   3.1511127E+02   1.1127131E-01   3.1511920E+02   4.9610340E+06  -3.1851067E+03   0.0000000E+00   0.0000000E+00   0.0000000E+00
     5.3400000E+02   3.1510553E+02   1.0551862E-01   3.1511313E+02   4.5407295E+06  -3.0532537E+03   0.0000000E+00   0.0000000E+00   0.0000000E+00
     5.3500000E+02   3.1510022E+02   1.0023044E-01   3.1510745E+02   4.1678828E+06  -2.8947554E+03   0.0000000E+00   0.0000000E+00   0.0000000E+00
     5.3600000E+02   3.1509586E+02   9.5846146E-02   3.1510266E+02   3.8684600E+06  -2.7303145E+03   0.0000000E+00   0.0000000E+00   0.0000000E+00
     5.3700000E+02   3.1509210E+02   9.2100009E-02   3.1509848E+02   3.6212028E+06  -2.5552004E+03   0.0000000E+00   0.0000000E+00   0.0000000E+00
     5.3800000E+02   3.1508908E+02   8.9093223E-02   3.1509518E+02   3.4254828E+06  -2.4503630E+03   0.0000000E+00   0.0000000E+00   0.0000000E+00
     5.3900000E+02   3.1508630E+02   8.6288862E-02   3.1509216E+02   3.2472880E+06  -2.3550818E+03   0.0000000E+00   0.0000000E+00   0.0000000E+00
     5.4000000E+02   3.1508334E+02   8.3349638E-02   3.1508908E+02   3.0648990E+06  -2.2967168E+03   0.0000000E+00   0.0000000E+00   0.0000000E+00
     5.4100000E+02   3.1508005E+02   8.0047436E-02   3.1508560E+02   2.8652320E+06  -2.2271467E+03   0.0000000E+00   0.0000000E+00   0.0000000E+00
     5.4200000E+02   3.1507776E+02   7.7761896E-02   3.1508313E+02   2.7309850E+06  -2.1499163E+03   0.0000000E+00   0.0000000E+00   0.0000000E+00
     5.4300000E+02   3.1507587E+02   7.5869732E-02   3.1508109E+02   2.6204872E+06  -2.0915271E+03   0.0000000E+00   0.0000000E+00   0.0000000E+00
     5.4400000E+02   3.1507321E+02   7.3198967E-02   3.1507831E+02   2.4684692E+06  -2.0539021E+03   0.0000000E+00   0.0000000E+00   0.0000000E+00
     5.4500000E+02   3.1507648E+02   7.6468617E-02   3.1508124E+02   2.6555065E+06  -1.9091968E+03   0.0000000E+00   0.0000000E+00   0.0000000E+00
     5.4600000E+02   3.1508801E+02   8.8004939E-02   3.1509290E+02   3.3556060E+06  -1.9684990E+03   0.0000000E+00   0.0000000E+00   0.0000000E+00
     5.4700000E+02   3.1508081E+02   8.0796696E-02   3.1508578E+02   2.9101342E+06  -1.9972784E+03   0.0000000E+00   0.0000000E+00   0.0000000E+00
     5.4800000E+02   3.1507639E+02   7.6386593E-02   3.1508127E+02   2.6502405E+06  -1.9576577E+03   0.0000000E+00   0.0000000E+00   0.0000000E+00
     5.4900000E+02   3.1507916E+02   7.9153895E-02   3.1508392E+02   2.8121432E+06  -1.9177574E+03   0.0000000E+00   0.0000000E+00   0.0000000E+00
     5.5000000E+02   3.1507590E+02   7.5888000E-02   3.1508066E+02   2.6215548E+06  -1.9115059E+03   0.0000000E+00   0.0000000E+00   0.0000000E+00
     5.5100000E+02   3.1521057E+02   2.1057776E-01   3.1521741E+02   1.4363877E+07  -2.7452971E+03   0.0000000E+00   0.0000000E+00   0.0000000E+00
     5.5200000E+02   3.1517361E+02   1.7361686E-01   3.1518097E+02   1.0412836E+07  -2.9470164E+03   0.0000000E+00   0.0000000E+00   0.0000000E+00
     5.5300000E+02   3.1511618E+02   1.1617979E-01   3.1512247E+02   5.3308890E+06  -2.5194304E+03   0.0000000E+00   0.0000000E+00   0.0000000E+00
     5.5400000E+02   3.1509924E+02   9.9248879E-02   3.1510498E+02   4.1000722E+06  -2.2989521E+03   0.0000000E+00   0.0000000E+00   0.0000000E+00
     5.5500000E+02   3.1509146E+02   9.1471776E-02   3.1509708E+02   3.5787262E+06  -2.2531792E+03   0.0000000E+00   0.0000000E+00   0.0000000E+00
     5.5600000E+02   3.1508572E+02   8.5732386E-02   3.1509134E+02   3.2123612E+06  -2.2473052E+03   0.0000000E+00   0.0000000E+00   0.0000000E+00
     5.5700000E+02   3.1508279E+02   8.2781531E-02   3.1508841E+02   3.0302015E+06  -2.2618928E+03   0.0000000E+00   0.0000000E+00   0.0000000E+00
     5.5800000E+02   3.1522604E+02   2.2603913E-01   3.1523538E+02   1.6164304E+07  -3.7482937E+03   0.0000000E+00   0.0000000E+00   0.0000000E+00
     5.5900000E+02   3.1528104E+02   2.8103787E-01   3.1529141E+02   2.3237592E+07  -4.1641313E+03   0.0000000E+00   0.0000000E+00   0.0000000E+00
     5.6000000E+02   3.1517401E+02   1.7401758E-01   3.1518555E+02   1.0453162E+07  -4.6322139E+03   0.0000000E+00   0.0000000E+00   0.0000000E+00
     5.6100000E+02   3.1513913E+02   1.3912712E-01   3.1515445E+02   7.1987580E+06  -6.1490215E+03   0.0000000E+00   0.0000000E+00   0.0000000E+00
     5.6200000E+02   3.1512335E+02   1.2334993E-01   3.1513562E+02   5.8903500E+06  -4.9301182E+03   0.0000000E+00   0.0000000E+00   0.0000000E+00
     5.6300000E+02   3.1512021E+02   1.2019655E-01   3.1513123E+02   5.1637960E+06  -4.4242769E+03   0.0000000E+00   0.0000000E+00   0.0000000E+00
     5.6400000E+02   3.1510510E+02   1.0511760E-01   3.1511511E+02   4.5117875E+06  -4.0140620E+03   0.0000000E+00   0.0000000E+00   0.0000000E+00
     5.6500000E+02   3.1510251E+02   1.0250332E-01   3.1511154E+02   4.1177768E+06  -3.6283789E+03   0.0000000E+00   0.0000000E+00   0.0000000E+00
     5.6600000E+02   3.1511935E+02   1.1936166E-01   3.1512750E+02   5.5774840E+06  -3.2718071E+03   0.0000000E+00   0.0000000E+00   0.0000000E+00
     5.6700000E+02   3.1512149E+02   1.2150142E-01   3.1512939E+02   5.7447970E+06  -3.1736267E+03   0.0000000E+00   0.0000000E+00   0.0000000E+00
     5.6800000E+02   3.1514038E+02   1.4037615E-01   3.1514914E+02   7.3070090E+06  -3.5133557E+03   0.0000000E+00   0.0000000E+00   0.0000000E+00
     5.6900000E+02   3.1511566E+02   1.1565797E-01   3.1512363E+02   5.2910545E+06  -3.1968801E+03   0.0000000E+00   0.0000000E+00   0.0000000E+00
     5.7000000E+02   3.1510474E+02   1.0472491E-01   3.1511215E+02   4.4837135E+06  -2.9758813E+03   0.0000000E+00   0.0000000E+00   0.0000000E+00
     5.7100000E+02   3.1510089E+02   1.0089065E-01   3.1510815E+02   4.0275525E+06  -2.9211404E+03   0.0000000E+00   0.0000000E+00   0.0000000E+00
     5.7200000E+02   3.1509158E+02   9.1581993E-02   3.1509854E+02   3.5859485E+06  -2.7915718E+03   0.0000000E+00   0.0000000E+00   0.0000000E+00
     5.7300000E+02   3.1508865E+02   8.8653281E-02   3.1509570E+02   3.4363905E+06  -2.8256130E+03   0.0000000E+00   0.0000000E+00   0.0000000E+00
     5.7400000E+02   3.1510876E+02   1.0876425E-01   3.1511517E+02   4.7759665E+06  -2.5785474E+03   0.0000000E+00   0.0000000E+00   0.0000000E+00
     5.7500000E+02   3.1509869E+02   9.8688386E-02   3.1510507E+02   4.0616790E+06  -2.5656899E+03   0.0000000E+00   0.0000000E+00   0.0000000E+00
     5.7600000E+02   3.1509390E+02   9.3901731E-02   3.1510010E+02   3.7385632E+06  -2.4875906E+03   0.0000000E+00   0.0000000E+00   0.0000000E+00
     5.7700000E+02   3.1508676E+02   8.6755849E-02   3.1509305E+02   3.2762458E+06  -2.5276824E+03   0.0000000E+00   0.0000000E+00   0.0000000E+00
     5.7800000E+02   3.1508231E+02   8.2307830E-02   3.1508841E+02   3.0008562E+06  -2.4477634E+03   0.0000000E+00   0.0000000E+00   0.0000000E+00
     5.7900000E+02   3.1507703E+02   7.7012882E-02   3.1508273E+02   2.6865092E+06  -2.2950386E+03   0.0000000E+00   0.0000000E+00   0.0000000E+00
     5.8000000E+02   3.1507391E+02   7.3905736E-02   3.1508011E+02   2.5468640E+06  -2.4953579E+03   0.0000000E+00   0.0000000E+00   0.0000000E+00
     5.8100000E+02   3.1507016E+02   7.0172787E-02   3.1507565E+02   2.3006788E+06  -2.1964797E+03   0.0000000E+00   0.0000000E+00   0.0000000E+00
     5.8200000E+02   3.1506851E+02   6.8517312E-02   3.1507361E+02   2.1657358E+06  -2.0401279E+03   0.0000000E+00   0.0000000E+00   0.0000000E+00
     5.8300000E+02   3.1506540E+02   6.5410085E-02   3.1507065E+02   2.0465941E+06  -2.1046023E+03   0.0000000E+00   0.0000000E+00   0.0000000E+00
     5.8400000E+02   3.1506436E+02   6.4349085E-02   3.1506982E+02   1.9500442E+06  -2.1918223E+03   0.0000000E+00   0.0000000E+00   0.0000000E+00
     5.8500000E+02   3.1506177E+02   6.1772488E-02   3.1506689E+02   1.8602652E+06  -2.0537595E+03   0.0000000E+00   0.0000000E+00   0.0000000E+00
     5.8600000E+02   3.1506577E+02   6.5768711E-02   3.1507053E+02   2.0655049E+06  -1.9070488E+03   0.0000000E+00   0.0000000E+00   0.0000000E+00
     5.8700000E+02   3.1507791E+02   7.7918112E-02   3.1508286E+02   2.7397668E+06  -1.9852017E+03   0.0000000E+00   0.0000000E+00   0.0000000E+00
     5.8800000E+02   3.1506784E+02   6.7834340E-02   3.1507288E+02   2.1743710E+06  -2.0231194E+03   0.0000000E+00   0.0000000E+00   0.0000000E+00
     5.8900000E+02   3.1506314E+02   6.3148148E-02   3.1506808E+02   1.9297971E+06  -1.9778453E+03   0.0000000E+00   0.0000000E+00   0.0000000E+00
     5.9000000E+02   3.1505981E+02   5.9814807E-02   3.1506470E+02   1.7630402E+06  -1.9610612E+03   0.0000000E+00   0.0000000E+00   0.0000000E+00
     5.9100000E+02   3.1505731E+02   5.7321224E-02   3.1506213E+02   1.6421810E+06  -1.9326251E+03   0.0000000E+00   0.0000000E+00   0.0000000E+00
     5.9200000E+02   3.1505524E+02   5.5227045E-02   3.1505997E+02   1.5434848E+06  -1.9081710E+03   0.0000000E+00   0.0000000E+00   0.0000000E+00
     5.9300000E+02   3.1505411E+02   5.4106489E-02   3.1505869E+02   1.4518028E+06  -1.8349744E+03   0.0000000E+00   0.0000000E+00   0.0000000E+00
     5.9400000E+02   3.1505258E+02   5.2593946E-02   3.1505722E+02   1.4230628E+06  -1.8527898E+03   0.0000000E+00   0.0000000E+00   0.0000000E+00
     5.9500000E+02   3.1505167E+02   5.1667113E-02   3.1505612E+02   1.3823564E+06  -1.7853093E+03   0.0000000E+00   0.0000000E+00   0.0000000E+00
     5.9600000E+02   3.1505054E+02   5.0524298E-02   3.1505557E+02   1.3513336E+06  -2.0311989E+03   0.0000000E+00   0.0000000E+00   0.0000000E+00
     5.9700000E+02   3.1504990E+02   4.9908217E-02   3.1505466E+02   1.2841728E+06  -1.9067192E+03   0.0000000E+00   0.0000000E+00   0.0000000E+00
     5.9800000E+02   3.1504788E+02   4.7892280E-02   3.1505286E+02   1.2239618E+06  -1.9906761E+03   0.0000000E+00   0.0000000E+00   0.0000000E+00
     5.9900000E+02   3.1504709E+02   4.7087651E-02   3.1505148E+02   1.1835376E+06  -1.7672672E+03   0.0000000E+00   0.0000000E+00   0.0000000E+00
     6.0000000E+02   3.1504645E+02   4.6455387E-02   3.1505081E+02   1.1301188E+06  -1.7514918E+03   0.0000000E+00   0.0000000E+00   0.0000000E+00
     6.0100000E+02   3.1504596E+02   4.5954186E-02   3.1505035E+02   1.1291496E+06  -1.7676930E+03   0.0000000E+00   0.0000000E+00   0.0000000E+00
     6.0200000E+02   3.1504910E+02   4.9104203E-02   3.1505353E+02   1.2689634E+06  -1.7743081E+03   0.0000000E+00   0.0000000E+00   0.0000000E+00
     6.0300000E+02   3.1504660E+02   4.6589743E-02   3.1505090E+02   1.1626176E+06  -1.7279750E+03   0.0000000E+00   0.0000000E+00   0.0000000E+00
     6.0400000E+02   3.1505814E+02   5.8142573E-02   3.1506250E+02   1.6816774E+06  -1.7494865E+03   0.0000000E+00   0.0000000E+00   0.0000000E+00
     6.0500000E+02   3.1504767E+02   4.7663696E-02   3.1505215E+02   1.2075241E+06  -1.7987830E+03   0.0000000E+00   0.0000000E+00   0.0000000E+00
     6.0600000E+02   3.1504636E+02   4.6343602E-02   3.1505066E+02   1.1195786E+06  -1.7357034E+03   0.0000000E+00   0.0000000E+00   0.0000000E+00
     6.0700000E+02   3.1504282E+02   4.2815648E-02   3.1504721E+02   1.0097122E+06  -1.7656707E+03   0.0000000E+00   0.0000000E+00   0.0000000E+00
     6.0800000E+02   3.1504202E+02   4.2013176E-02   3.1504626E+02   9.7914944E+05  -1.7087706E+03   0.0000000E+00   0.0000000E+00   0.0000000E+00
     6.0900000E+02   3.1504099E+02   4.0977899E-02   3.1504520E+02   9.3080306E+05  -1.6894492E+03   0.0000000E+00   0.0000000E+00   0.0000000E+00
     6.1000000E+02   3.1503958E+02   3.9583996E-02   3.1504388E+02   8.8619500E+05  -1.7205741E+03   0.0000000E+00   0.0000000E+00   0.0000000E+00
     6.1100000E+02   3.1503772E+02   3.7719302E-02   3.1504199E+02   8.1743019E+05  -1.7189192E+03   0.0000000E+00   0.0000000E+00   0.0000000E+00
     6.1200000E+02   3.1503729E+02   3.7283782E-02   3.1504141E+02   8.0266094E+05  -1.6526151E+03   0.0000000E+00   0.0000000E+00   0.0000000E+00
     6.1300000E+02   3.1503571E+02   3.5706278E-02   3.1504031E+02   7.4539175E+05  -1.8511268E+03   0.0000000E+00   0.0000000E+00   0.0000000E+00
     6.1400000E+02   3.1503448E+02   3.4493979E-02   3.1503864E+02   7.0440369E+05  -1.6660807E+03   0.0000000E+00   0.0000000E+00   0.0000000E+00
     6.1500000E+02   3.1503442E+02   3.4410167E-02   3.1503848E+02   6.8754819E+05  -1.6323475E+03   0.0000000E+00   0.0000000E+00   0.0000000E+00
     6.1600000E+02   3.1503394E+02   3.3935424E-02   3.1503821E+02   6.7883694E+05  -1.7151509E+03   0.0000000E+00   0.0000000E+00   0.0000000E+00
     6.1700000E+02   3.1503281E+02   3.2798003E-02   3.1503790E+02   6.6964781E+05  -2.0526487E+03   0.0000000E+00   0.0000000E+00   0.0000000E+00
     6.1800000E+02   3.1503232E+02   3.2303270E-02   3.1503732E+02   6.5237719E+05  -2.0099401E+03   0.0000000E+00   0.0000000E+00   0.0000000E+00
     6.1900000E+02   3.1503149E+02   3.1508129E-02   3.1503564E+02   6.0562575E+05  -1.6616707E+03   0.0000000E+00   0.0000000E+00   0.0000000E+00
     6.2000000E+02   3.1503107E+02   3.1070655E-02   3.1503506E+02   5.9296625E+05  -1.6058307E+03   0.0000000E+00   0.0000000E+00   0.0000000E+00
     6.2100000E+02   3.1503000E+02   3.0003252E-02   3.1503406E+02   5.5932769E+05  -1.6313021E+03   0.0000000E+00   0.0000000E+00   0.0000000E+00
     6.2200000E+02   3.1502930E+02   2.9289173E-02   3.1503275E+02   5.1437675E+05  -1.3912253E+03   0.0000000E+00   0.0000000E+00   0.0000000E+00
     6.2300000E+02   3.1502869E+02   2.8683230E-02   3.1503226E+02   5.1814416E+05  -1.4355042E+03   0.0000000E+00   0.0000000E+00   0.0000000E+00
     6.2400000E+02   3.1502811E+02   2.8106205E-02   3.1503159E+02   5.0219853E+05  -1.3990858E+03   0.0000000E+00   0.0000000E+00   0.0000000E+00
     6.2500000E+02   3.1502747E+02   2.7472546E-02   3.1503110E+02   4.8475303E+05  -1.4591404E+03   0.0000000E+00   0.0000000E+00   0.0000000E+00
     6.2600000E+02   3.1502713E+02   2.7123349E-02   3.1503055E+02   4.6762719E+05  -1.3734597E+03   0.0000000E+00   0.0000000E+00   0.0000000E+00
     6.2700000E+02   3.1502640E+02   2.6410241E-02   3.1503000E+02   4.6052222E+05  -1.4446229E+03   0.0000000E+00   0.0000000E+00   0.0000000E+00
     6.2800000E+02   3.1502649E+02   2.6502397E-02   3.1502948E+02   4.3761897E+05  -1.1923440E+03   0.0000000E+00   0.0000000E+00   0.0000000E+00
     6.2900000E+02   3.1502560E+02   2.5605222E-02   3.1502899E+02   4.3137619E+05  -1.3624999E+03   0.0000000E+00   0.0000000E+00   0.0000000E+00
     6.3000000E+02   3.1502509E+02   2.5078245E-02   3.1502832E+02   4.0926462E+05  -1.2987496E+03   0.0000000E+00   0.0000000E+00   0.0000000E+00
     6.3100000E+02   3.1502466E+02   2.4652144E-02   3.1502789E+02   4.0259534E+05  -1.3059382E+03   0.0000000E+00   0.0000000E+00   0.0000000E+00
     6.3200000E+02   3.1502423E+02   2.4218556E-02   3.1502725E+02   3.9084603E+05  -1.2186578E+03   0.0000000E+00   0.0000000E+00   0.0000000E+00
     6.3300000E+02   3.1502341E+02   2.3411548E-02   3.1502704E+02   3.8602484E+05  -1.4528152E+03   0.0000000E+00   0.0000000E+00   0.0000000E+00
     6.3400000E+02   3.1502310E+02   2.3091851E-02   3.1502625E+02   3.5507775E+05  -1.2655258E+03   0.0000000E+00   0.0000000E+00   0.0000000E+00
     6.3500000E+02   3.1502228E+02   2.2271566E-02   3.1502527E+02   3.4041859E+05  -1.2063403E+03   0.0000000E+00   0.0000000E+00   0.0000000E+00
     6.3600000E+02   3.1502158E+02   2.1590622E-02   3.1502466E+02   3.1950872E+05  -1.2273633E+03   0.0000000E+00   0.0000000E+00   0.0000000E+00
     6.3700000E+02   3.1502097E+02   2.0960497E-02   3.1502390E+02   3.0560916E+05  -1.1837959E+03   0.0000000E+00   0.0000000E+00   0.0000000E+00
     6.3800000E+02   3.1502075E+02   2.0745987E-02   3.1502313E+02   2.9063275E+05  -9.6216010E+02   0.0000000E+00   0.0000000E+00   0.0000000E+00
     6.3900000E+02   3.1501999E+02   1.9989336E-02   3.1502338E+02   2.9841372E+05  -1.3561794E+03   0.0000000E+00   0.0000000E+00   0.0000000E+00
     6.4000000E+02   3.1501950E+02   1.9505067E-02   3.1502289E+02   2.8603212E+05  -1.3538903E+03   0.0000000E+00   0.0000000E+00   0.0000000E+00
     6.4100000E+02   3.1501901E+02   1.9018764E-02   3.1502225E+02   2.7423528E+05  -1.2958770E+03   0.0000000E+00   0.0000000E+00   0.0000000E+00
     6.4200000E+02   3.1501917E+02   1.9169590E-02   3.1502164E+02   2.5347972E+05  -9.9331976E+02   0.0000000E+00   0.0000000E+00   0.0000000E+00
     6.4300000E+02   3.1501852E+02   1.8512683E-02   3.1502060E+02   2.4053081E+05  -8.4157953E+02   0.0000000E+00   0.0000000E+00   0.0000000E+00
     6.4400000E+02   3.1501758E+02   1.7583078E-02   3.1502087E+02   2.3278892E+05  -1.3212272E+03   0.0000000E+00   0.0000000E+00   0.0000000E+00
     6.4500000E+02   3.1501761E+02   1.7607749E-02   3.1502014E+02   2.2869528E+05  -1.0225922E+03   0.0000000E+00   0.0000000E+00   0.0000000E+00
     6.4600000E+02   3.1501666E+02   1.6663736E-02   3.1502020E+02   2.2688566E+05  -1.4213014E+03   0.0000000E+00   0.0000000E+00   0.0000000E+00
     6.4700000E+02   3.1501709E+02   1.7096953E-02   3.1501984E+02   2.1075820E+05  -1.0968718E+03   0.0000000E+00   0.0000000E+00   0.0000000E+00
     6.4800000E+02   3.1501627E+02   1.6281037E-02   3.1501917E+02   2.0833494E+05  -1.1570741E+03   0.0000000E+00   0.0000000E+00   0.0000000E+00
     6.4900000E+02   3.1501605E+02   1.6046373E-02   3.1501892E+02   1.9662152E+05  -1.1519235E+03   0.0000000E+00   0.0000000E+00   0.0000000E+00
     6.5000000E+02   3.1501559E+02   1.5597596E-02   3.1501810E+02   1.8800583E+05  -1.0091141E+03   0.0000000E+00   0.0000000E+00   0.0000000E+00
     6.5100000E+02   3.1501486E+02   1.4850516E-02   3.1501846E+02   1.7802892E+05  -1.4450792E+03   0.0000000E+00   0.0000000E+00   0.0000000E+00
     6.5200000E+02   3.1501492E+02   1.4910628E-02   3.1501770E+02   1.7708347E+05  -1.1258615E+03   0.0000000E+00   0.0000000E+00   0.0000000E+00
     6.5300000E+02   3.1501492E+02   1.4929255E-02   3.1501736E+02   1.6307091E+05  -9.7972284E+02   0.0000000E+00   0.0000000E+00   0.0000000E+00
     6.5400000E+02   3.1501428E+02   1.4280926E-02   3.1501721E+02   1.5327998E+05  -1.1820786E+03   0.0000000E+00   0.0000000E+00   0.0000000E+00
     6.5500000E+02   3.1501343E+02   1.3441629E-02   3.1501675E+02   1.4877127E+05  -1.3267360E+03   0.0000000E+00   0.0000000E+00   0.0000000E+00
     6.5600000E+02   3.1501297E+02   1.2959604E-02   3.1501614E+02   1.3910512E+05  -1.2742239E+03   0.0000000E+00   0.0000000E+00   0.0000000E+00
     6.5700000E+02   3.1501254E+02   1.2527502E-02   3.1501517E+02   1.2749695E+05  -1.0545475E+03   0.0000000E+00   0.0000000E+00   0.0000000E+00
     6.5800000E+02   3.1501196E+02   1.1968620E-02   3.1501569E+02   1.2501770E+05  -1.4957529E+03   0.0000000E+00   0.0000000E+00   0.0000000E+00
     6.5900000E+02   3.1501187E+02   1.1870735E-02   3.1501495E+02   1.2393300E+05  -1.2323400E+03   0.0000000E+00   0.0000000E+00   0.0000000E+00
     6.6000000E+02   3.1501178E+02   1.1781897E-02   3.1501477E+02   1.2124328E+05  -1.1966914E+03   0.0000000E+00   0.0000000E+00   0.0000000E+00
     6.6100000E+02   3.1501151E+02   1.1510198E-02   3.1501462E+02   1.1625372E+05  -1.2437189E+03   0.0000000E+00   0.0000000E+00   0.0000000E+00
     6.6200000E+02   3.1501111E+02   1.1093526E-02   3.1501425E+02   1.0981591E+05  -1.2686556E+03   0.0000000E+00   0.0000000E+00   0.0000000E+00
     6.6300000E+02   3.1501083E+02   1.0837829E-02   3.1501379E+02   1.0597249E+05  -1.1875228E+03   0.0000000E+00   0.0000000E+00   0.0000000E+00
     6.6400000E+02   3.1501068E+02   1.0688066E-02   3.1501385E+02   1.0352378E+05  -1.2661614E+03   0.0000000E+00   0.0000000E+00   0.0000000E+00
     6.6500000E+02   3.1501056E+02   1.0569858E-02   3.1501331E+02   1.0181558E+05  -1.0940133E+03   0.0000000E+00   0.0000000E+00   0.0000000E+00
     6.6600000E+02   3.1501028E+02   1.0271350E-02   3.1501367E+02   9.3840742E+04  -1.3631061E+03   0.0000000E+00   0.0000000E+00   0.0000000E+00
     6.6700000E+02   3.1501013E+02   1.0130231E-02   3.1501349E+02   9.4122375E+04  -1.3470095E+03   0.0000000E+00   0.0000000E+00   0.0000000E+00
     6.6800000E+02   3.1500989E+02   9.8945359E-03   3.1501294E+02   9.1488891E+04  -1.2196652E+03   0.0000000E+00   0.0000000E+00   0.0000000E+00
     6.6900000E+02   3.1500967E+02   9.6804425E-03   3.1501288E+02   8.8401453E+04  -1.2864435E+03   0.0000000E+00   0.0000000E+00   0.0000000E+00
     6.7000000E+02   3.1500925E+02   9.2402175E-03   3.1501248E+02   8.1598469E+04  -1.2968315E+03   0.0000000E+00   0.0000000E+00   0.0000000E+00
     6.7100000E+02   3.1500897E+02   8.9842575E-03   3.1501202E+02   7.8387805E+04  -1.2222383E+03   0.0000000E+00   0.0000000E+00   0.0000000E+00
     6.7200000E+02   3.1500864E+02   8.6471159E-03   3.1501184E+02   7.3418656E+04  -1.2760348E+03   0.0000000E+00   0.0000000E+00   0.0000000E+00
     6.7300000E+02   3.1500827E+02   8.2586519E-03   3.1501154E+02   6.8189477E+04  -1.3214480E+03   0.0000000E+00   0.0000000E+00   0.0000000E+00
     6.7400000E+02   3.1500809E+02   8.0805048E-03   3.1501120E+02   6.6560008E+04  -1.2577933E+03   0.0000000E+00   0.0000000E+00   0.0000000E+00
     6.7500000E+02   3.1500800E+02   7.9822391E-03   3.1501108E+02   6.4915375E+04  -1.2467334E+03   0.0000000E+00   0.0000000E+00   0.0000000E+00
     6.7600000E+02   3.1500787E+02   7.8816125E-03   3.1501105E+02   6.3690512E+04  -1.2659119E+03   0.0000000E+00   0.0000000E+00   0.0000000E+00
     6.7700000E+02   3.1500784E+02   7.8282636E-03   3.1501102E+02   6.3254273E+04  -1.2758762E+03   0.0000000E+00   0.0000000E+00   0.0000000E+00
     6.7800000E+02   3.1500821E+02   8.2157794E-03   3.1501105E+02   5.7965918E+04  -1.1398104E+03   0.0000000E+00   0.0000000E+00   0.0000000E+00
     6.7900000E+02   3.1500845E+02   8.4384354E-03   3.1501050E+02   5.3952453E+04  -8.2239386E+02   0.0000000E+00   0.0000000E+00   0.0000000E+00
     6.8000000E+02   3.1500800E+02   7.9979068E-03   3.1501105E+02   5.8369035E+04  -1.2206748E+03   0.0000000E+00   0.0000000E+00   0.0000000E+00
     6.8100000E+02   3.1500760E+02   7.5869751E-03   3.1501062E+02   5.3837844E+04  -1.2190072E+03   0.0000000E+00   0.0000000E+00   0.0000000E+00
     6.8200000E+02   3.1500717E+02   7.1782027E-03   3.1501013E+02   4.7986391E+04  -1.1854568E+03   0.0000000E+00   0.0000000E+00   0.0000000E+00
     6.8300000E+02   3.1500693E+02   6.9277352E-03   3.1500992E+02   4.5500336E+04  -1.2060005E+03   0.0000000E+00   0.0000000E+00   0.0000000E+00
     6.8400000E+02   3.1500699E+02   6.9923722E-03   3.1500986E+02   4.5653660E+04  -1.1467579E+03   0.0000000E+00   0.0000000E+00   0.0000000E+00
     6.8500000E+02   3.1500674E+02   6.7573683E-03   3.1500970E+02   4.3145910E+04  -1.1774872E+03   0.0000000E+00   0.0000000E+00   0.0000000E+00
     6.8600000E+02   3.1500674E+02   6.7315814E-03   3.1500955E+02   4.2325680E+04  -1.1275417E+03   0.0000000E+00   0.0000000E+00   0.0000000E+00
     6.8700000E+02   3.1500656E+02   6.5568928E-03   3.1500949E+02   4.0909707E+04  -1.1807365E+03   0.0000000E+00   0.0000000E+00   0.0000000E+00
     6.8800000E+02   3.1500650E+02   6.4960667E-03   3.1500925E+02   3.9613109E+04  -1.1012614E+03   0.0000000E+00   0.0000000E+00   0.0000000E+00
     6.8900000E+02   3.1500629E+02   6.2880786E-03   3.1500916E+02   3.7556418E+04  -1.1520559E+03   0.0000000E+00   0.0000000E+00   0.0000000E+00
     6.9000000E+02   3.1500638E+02   6.3781277E-03   3.1500916E+02   3.8398566E+04  -1.1135179E+03   0.0000000E+00   0.0000000E+00   0.0000000E+00
     6.9100000E+02   3.1500592E+02   5.9146439E-03   3.1500894E+02   3.8035691E+04  -1.2165620E+03   0.0000000E+00   0.0000000E+00   0.0000000E+00
     6.9200000E+02   3.1500656E+02   6.5739579E-03   3.1500867E+02   3.2931703E+04  -8.3630548E+02   0.0000000E+00   0.0000000E+00   0.0000000E+00
     6.9300000E+02   3.1500623E+02   6.2344717E-03   3.1500797E+02   2.9247422E+04  -6.9487512E+02   0.0000000E+00   0.0000000E+00   0.0000000E+00
     6.9400000E+02   3.1500565E+02   5.6340788E-03   3.1500781E+02   3.3721281E+04  -8.7770862E+02   0.0000000E+00   0.0000000E+00   0.0000000E+00
     6.9500000E+02   3.1500583E+02   5.8227340E-03   3.1500830E+02   2.6630318E+04  -9.9475336E+02   0.0000000E+00   0.0000000E+00   0.0000000E+00
     6.9600000E+02   3.1500592E+02   5.9329905E-03   3.1500821E+02   2.9006633E+04  -9.1653522E+02   0.0000000E+00   0.0000000E+00   0.0000000E+00
     6.9700000E+02   3.1500555E+02   5.5396147E-03   3.1500870E+02   3.5542293E+04  -1.2673193E+03   0.0000000E+00   0.0000000E+00   0.0000000E+00
     6.9800000E+02   3.1500623E+02   6.2354361E-03   3.1500858E+02   3.0985725E+04  -9.4152435E+02   0.0000000E+00   0.0000000E+00   0.0000000E+00
     6.9900000E+02   3.1500607E+02   6.0803662E-03   3.1500870E+02   3.8909738E+04  -1.0529259E+03   0.0000000E+00   0.0000000E+00   0.0000000E+00
     7.0000000E+02   3.1500641E+02   6.3954722E-03   3.1500903E+02   3.2146570E+04  -1.0534648E+03   0.0000000E+00   0.0000000E+00   0.0000000E+00
     7.0100000E+02   3.1500616E+02   6.1667883E-03   3.1500851E+02   3.0420020E+04  -9.3803027E+02   0.0000000E+00   0.0000000E+00   0.0000000E+00
     7.0200000E+02   3.1500552E+02   5.5244723E-03   3.1500824E+02   2.8467035E+04  -1.0901868E+03   0.0000000E+00   0.0000000E+00   0.0000000E+00
     7.0300000E+02   3.1500537E+02   5.3601745E-03   3.1500806E+02   2.7114602E+04  -1.0772833E+03   0.0000000E+00   0.0000000E+00   0.0000000E+00
     7.0400000E+02   3.1500500E+02   5.0009014E-03   3.1500787E+02   2.4339105E+04  -1.1544517E+03   0.0000000E+00   0.0000000E+00   0.0000000E+00
     7.0500000E+02   3.1500452E+02   4.5056157E-03   3.1500742E+02   1.9843332E+04  -1.1706362E+03   0.0000000E+00   0.0000000E+00   0.0000000E+00
     7.0600000E+02   3.1500443E+02   4.4310056E-03   3.1500711E+02   1.8569463E+04  -1.0706968E+03   0.0000000E+00   0.0000000E+00   0.0000000E+00
     7.0700000E+02   3.1500424E+02   4.2353044E-03   3.1500699E+02   1.7261066E+04  -1.1077097E+03   0.0000000E+00   0.0000000E+00   0.0000000E+00
     7.0800000E+02   3.1500458E+02   4.5669605E-03   3.1500720E+02   1.9768844E+04  -1.0535104E+03   0.0000000E+00   0.0000000E+00   0.0000000E+00
     7.0900000E+02   3.1500436E+02   4.3564066E-03   3.1500729E+02   1.8631211E+04  -1.1785873E+03   0.0000000E+00   0.0000000E+00   0.0000000E+00
     7.1000000E+02   3.1500421E+02   4.2129364E-03   3.1500699E+02   1.5566201E+04  -1.1180127E+03   0.0000000E+00   0.0000000E+00   0.0000000E+00
     7.1100000E+02   3.1500443E+02   4.4196676E-03   3.1500693E+02   1.7743820E+04  -1.0053834E+03   0.0000000E+00   0.0000000E+00   0.0000000E+00
     7.1200000E+02   3.1500433E+02   4.3253247E-03   3.1500711E+02   1.7686615E+04  -1.1151459E+03   0.0000000E+00   0.0000000E+00   0.0000000E+00
     7.1300000E+02   3.1500424E+02   4.2326497E-03   3.1500708E+02   1.6461777E+04  -1.1429667E+03   0.0000000E+00   0.0000000E+00   0.0000000E+00
     7.1400000E+02   3.1500409E+02   4.0781694E-03   3.1500681E+02   1.3594648E+04  -1.0910078E+03   0.0000000E+00   0.0000000E+00   0.0000000E+00
     7.1500000E+02   3.1500339E+02   3.3836754E-03   3.1500610E+02   1.6918723E+04  -1.0887756E+03   0.0000000E+00   0.0000000E+00   0.0000000E+00
     7.1600000E+02   3.1500385E+02   3.8500708E-03   3.1500641E+02   1.2230791E+04  -1.0293230E+03   0.0000000E+00   0.0000000E+00   0.0000000E+00
     7.1700000E+02   3.1500378E+02   3.7698825E-03   3.1500632E+02   1.1511477E+04  -1.0176595E+03   0.0000000E+00   0.0000000E+00   0.0000000E+00
     7.1800000E+02   3.1500372E+02   3.7177750E-03   3.1500632E+02   1.1656295E+04  -1.0436167E+03   0.0000000E+00   0.0000000E+00   0.0000000E+00
     7.1900000E+02   3.1500345E+02   3.4458318E-03   3.1500604E+02   1.5621476E+04  -1.0429504E+03   0.0000000E+00   0.0000000E+00   0.0000000E+00
     7.2000000E+02   3.1500345E+02   3.4469757E-03   3.1500601E+02   1.6055931E+04  -1.0308293E+03   0.0000000E+00   0.0000000E+00   0.0000000E+00
     7.2100000E+02   3.1500360E+02   3.6104999E-03   3.1500623E+02   1.6414344E+04  -1.0491832E+03   0.0000000E+00   0.0000000E+00   0.0000000E+00
     7.2200000E+02   3.1500385E+02   3.8326967E-03   3.1500650E+02   1.8343584E+04  -1.0715890E+03   0.0000000E+00   0.0000000E+00   0.0000000E+00
     7.2300000E+02   3.1500412E+02   4.1248756E-03   3.1500687E+02   2.0422936E+04  -1.0990942E+03   0.0000000E+00   0.0000000E+00   0.0000000E+00
     7.2400000E+02   3.1500357E+02   3.5666805E-03   3.1500595E+02   1.8980191E+04  -9.5472131E+02   0.0000000E+00   0.0000000E+00   0.0000000E+00
     7.2500000E+02   3.1500397E+02   3.9558443E-03   3.1500656E+02   1.2372394E+04  -1.0406073E+03   0.0000000E+00   0.0000000E+00   0.0000000E+00
     7.2600000E+02   3.1500360E+02   3.5880548E-03   3.1500613E+02   1.8589281E+04  -1.0215851E+03   0.0000000E+00   0.0000000E+00   0.0000000E+00
     7.2700000E+02   3.1500327E+02   3.2782035E-03   3.1500595E+02   1.4899721E+04  -1.0678025E+03   0.0000000E+00   0.0000000E+00   0.0000000E+00
     7.2800000E+02   3.1500302E+02   3.0125256E-03   3.1500531E+02   9.1421221E+03  -9.2789648E+02   0.0000000E+00   0.0000000E+00   0.0000000E+00
     7.2900000E+02   3.1500299E+02   2.9959814E-03   3.1500662E+02   8.9222656E+03  -1.4604690E+03   0.0000000E+00   0.0000000E+00   0.0000000E+00
     7.3000000E+02   3.1500327E+02   3.2662251E-03   3.1500620E+02   1.2184943E+04  -1.1739104E+03   0.0000000E+00   0.0000000E+00   0.0000000E+00
     7.3100000E+02   3.1500287E+02   2.8718794E-03   3.1500568E+02   1.0780021E+04  -1.1226132E+03   0.0000000E+00   0.0000000E+00   0.0000000E+00
     7.3200000E+02   3.1500403E+02   4.0159361E-03   3.1500723E+02   1.4951063E+04  -1.2912836E+03   0.0000000E+00   0.0000000E+00   0.0000000E+00
     7.3300000E+02   3.1500314E+02   3.1574352E-03   3.1500629E+02   1.1701055E+04  -1.2596230E+03   0.0000000E+00   0.0000000E+00   0.0000000E+00
     7.3400000E+02   3.1500598E+02   5.9746145E-03   3.1500589E+02   1.2856175E+04   3.9295845E+01   0.0000000E+00   0.0000000E+00   0.0000000E+00
     7.3500000E+02   3.1500345E+02   3.4480072E-03   3.1500623E+02   1.5179620E+04  -1.1201876E+03   0.0000000E+00   0.0000000E+00   0.0000000E+00
     7.3600000E+02   3.1500336E+02   3.3579138E-03   3.1500613E+02   1.4755537E+04  -1.1124573E+03   0.0000000E+00   0.0000000E+00   0.0000000E+00
     7.3700000E+02   3.1500336E+02   3.3566505E-03   3.1500613E+02   1.5283277E+04  -1.1102295E+03   0.0000000E+00   0.0000000E+00   0.0000000E+00
     7.3800000E+02   3.1500360E+02   3.5930993E-03   3.1500632E+02   1.5082178E+04  -1.0966372E+03   0.0000000E+00   0.0000000E+00   0.0000000E+00
     7.3900000E+02   3.1500360E+02   3.5956646E-03   3.1500641E+02   1.4877453E+04  -1.1308339E+03   0.0000000E+00   0.0000000E+00   0.0000000E+00
     7.4000000E+02   3.1500348E+02   3.4821711E-03   3.1500623E+02   1.3725260E+04  -1.0994585E+03   0.0000000E+00   0.0000000E+00   0.0000000E+00
     7.4100000E+02   3.1500333E+02   3.3175976E-03   3.1500598E+02   1.2402513E+04  -1.0674570E+03   0.0000000E+00   0.0000000E+00   0.0000000E+00
     7.4200000E+02   3.1500314E+02   3.1520496E-03   3.1500583E+02   1.1517951E+04  -1.0737126E+03   0.0000000E+00   0.0000000E+00   0.0000000E+00
     7.4300000E+02   3.1500311E+02   3.0977444E-03   3.1500571E+02   1.1131919E+04  -1.0426039E+03   0.0000000E+00   0.0000000E+00   0.0000000E+00
     7.4400000E+02   3.1500302E+02   3.0064643E-03   3.1500562E+02   1.0616787E+04  -1.0427145E+03   0.0000000E+00   0.0000000E+00   0.0000000E+00
     7.4500000E+02   3.1500293E+02   2.9384312E-03   3.1500555E+02   1.0313179E+04  -1.0489417E+03   0.0000000E+00   0.0000000E+00   0.0000000E+00
     7.4600000E+02   3.1500296E+02   2.9571792E-03   3.1500558E+02   1.0603928E+04  -1.0494688E+03   0.0000000E+00   0.0000000E+00   0.0000000E+00
     7.4700000E+02   3.1500439E+02   4.3925978E-03   3.1500748E+02   2.2704328E+04  -1.2343158E+03   0.0000000E+00   0.0000000E+00   0.0000000E+00
     7.4800000E+02   3.1500430E+02   4.3047830E-03   3.1500735E+02   2.2131656E+04  -1.2216674E+03   0.0000000E+00   0.0000000E+00   0.0000000E+00
     7.4900000E+02   3.1500412E+02   4.1125976E-03   3.1500720E+02   1.8270293E+04  -1.2441188E+03   0.0000000E+00   0.0000000E+00   0.0000000E+00
     7.5000000E+02   3.1500378E+02   3.7782646E-03   3.1500684E+02   1.5792696E+04  -1.2250259E+03   0.0000000E+00   0.0000000E+00   0.0000000E+00
     7.5100000E+02   3.1500360E+02   3.6067977E-03   3.1500656E+02   1.4649838E+04  -1.1875289E+03   0.0000000E+00   0.0000000E+00   0.0000000E+00
     7.5200000E+02   3.1500369E+02   3.7027425E-03   3.1500656E+02   1.5771755E+04  -1.1483826E+03   0.0000000E+00   0.0000000E+00   0.0000000E+00
     7.5300000E+02   3.1500406E+02   4.0579373E-03   3.1500674E+02   1.8872539E+04  -1.0802391E+03   0.0000000E+00   0.0000000E+00   0.0000000E+00
     7.5400000E+02   3.1501648E+02   1.6478710E-02   3.1501956E+02   2.0564273E+05  -1.2407869E+03   0.0000000E+00   0.0000000E+00   0.0000000E+00
     7.5500000E+02   3.1500732E+02   7.3333620E-03   3.1501065E+02   5.3327125E+04  -1.3286124E+03   0.0000000E+00   0.0000000E+00   0.0000000E+00
     7.5600000E+02   3.1500665E+02   6.6654119E-03   3.1500995E+02   3.5784109E+04  -1.3207653E+03   0.0000000E+00   0.0000000E+00   0.0000000E+00
     7.5700000E+02   3.1500604E+02   6.0372129E-03   3.1500937E+02   4.0712219E+04  -1.3401184E+03   0.0000000E+00   0.0000000E+00   0.0000000E+00
     7.5800000E+02   3.1500574E+02   5.7433429E-03   3.1500900E+02   3.6481422E+04  -1.3051475E+03   0.0000000E+00   0.0000000E+00   0.0000000E+00
     7.5900000E+02   3.1500571E+02   5.7212133E-03   3.1500891E+02   3.9535719E+04  -1.2856675E+03   0.0000000E+00   0.0000000E+00   0.0000000E+00
     7.6000000E+02   3.1500647E+02   6.4848517E-03   3.1500958E+02   4.7006355E+04  -1.2438735E+03   0.0000000E+00   0.0000000E+00   0.0000000E+00
     7.6100000E+02   3.1500647E+02   6.4813821E-03   3.1500974E+02   4.3728941E+04  -1.3093264E+03   0.0000000E+00   0.0000000E+00   0.0000000E+00
     7.6200000E+02   3.1500543E+02   5.4464429E-03   3.1500888E+02   3.2797113E+04  -1.3801445E+03   0.0000000E+00   0.0000000E+00   0.0000000E+00
     7.6300000E+02   3.1500598E+02   5.9815999E-03   3.1500931E+02   3.7186457E+04  -1.3377290E+03   0.0000000E+00   0.0000000E+00   0.0000000E+00
     7.6400000E+02   3.1500595E+02   5.9403824E-03   3.1500903E+02   2.8089834E+04  -1.2464673E+03   0.0000000E+00   0.0000000E+00   0.0000000E+00
     7.6500000E+02   3.1500546E+02   5.4598842E-03   3.1500851E+02   2.4130338E+04  -1.2238612E+03   0.0000000E+00   0.0000000E+00   0.0000000E+00
     7.6600000E+02   3.1500528E+02   5.2648555E-03   3.1500778E+02   3.5232199E+04  -1.0051177E+03   0.0000000E+00   0.0000000E+00   0.0000000E+00
     7.6700000E+02   3.1500555E+02   5.5561806E-03   3.1500885E+02   3.7190914E+04  -1.3192883E+03   0.0000000E+00   0.0000000E+00   0.0000000E+00
     7.6800000E+02   3.1501520E+02   1.5205494E-02   3.1501843E+02   1.8014970E+05  -1.3013231E+03   0.0000000E+00   0.0000000E+00   0.0000000E+00
     7.6900000E+02   3.1500955E+02   9.5369313E-03   3.1501294E+02   8.2622180E+04  -1.3647234E+03   0.0000000E+00   0.0000000E+00   0.0000000E+00
     7.7000000E+02   3.1500922E+02   9.2277108E-03   3.1501263E+02   7.9000570E+04  -1.3647603E+03   0.0000000E+00   0.0000000E+00   0.0000000E+00
     7.7100000E+02   3.1500919E+02   9.1887647E-03   3.1501251E+02   7.6311383E+04  -1.3377786E+03   0.0000000E+00   0.0000000E+00   0.0000000E+00
     7.7200000E+02   3.1500836E+02   8.3653992E-03   3.1501248E+02   7.0184562E+04  -1.6493181E+03   0.0000000E+00   0.0000000E+00   0.0000000E+00
     7.7300000E+02   3.1500836E+02   8.3543323E-03   3.1501138E+02   6.6162102E+04  -1.2102679E+03   0.0000000E+00   0.0000000E+00   0.0000000E+00
     7.7400000E+02   3.1500766E+02   7.6649692E-03   3.1501123E+02   5.9977691E+04  -1.4322203E+03   0.0000000E+00   0.0000000E+00   0.0000000E+00
     7.7500000E+02   3.1500748E+02   7.4715246E-03   3.1501062E+02   5.6152180E+04  -1.2647892E+03   0.0000000E+00   0.0000000E+00   0.0000000E+00
     7.7600000E+02   3.1500677E+02   6.7883525E-03   3.1501068E+02   5.2026113E+04  -1.5657299E+03   0.0000000E+00   0.0000000E+00   0.0000000E+00
     7.7700000E+02   3.1500720E+02   7.1883760E-03   3.1501047E+02   3.8794277E+04  -1.3215662E+03   0.0000000E+00   0.0000000E+00   0.0000000E+00
     7.7800000E+02   3.1500626E+02   6.2515708E-03   3.1500882E+02   5.1345246E+04  -1.0322694E+03   0.0000000E+00   0.0000000E+00   0.0000000E+00
     7.7900000E+02   3.1500778E+02   7.7920048E-03   3.1501038E+02   5.9974457E+04  -1.0347269E+03   0.0000000E+00   0.0000000E+00   0.0000000E+00
     7.8000000E+02   3.1501672E+02   1.6711479E-02   3.1501993E+02   2.1076272E+05  -1.2926476E+03   0.0000000E+00   0.0000000E+00   0.0000000E+00
     7.8100000E+02   3.1506055E+02   6.0559168E-02   3.1506381E+02   1.7997820E+06  -1.3004407E+03   0.0000000E+00   0.0000000E+00   0.0000000E+00
     7.8200000E+02   3.1502927E+02   2.9271038E-02   3.1503305E+02   5.3577169E+05  -1.5153380E+03   0.0000000E+00   0.0000000E+00   0.0000000E+00
     7.8300000E+02   3.1502975E+02   2.9768534E-02   3.1503326E+02   5.5027981E+05  -1.4076979E+03   0.0000000E+00   0.0000000E+00   0.0000000E+00
     7.8400000E+02   3.1507181E+02   7.1795329E-02   3.1507516E+02   2.3900662E+06  -1.3512319E+03   0.0000000E+00   0.0000000E+00   0.0000000E+00
     7.8500000E+02   3.1505566E+02   5.5651862E-02   3.1505948E+02   1.5633248E+06  -1.5354238E+03   0.0000000E+00   0.0000000E+00   0.0000000E+00
     7.8600000E+02   3.1503043E+02   3.0431259E-02   3.1503421E+02   5.7163250E+05  -1.5177502E+03   0.0000000E+00   0.0000000E+00   0.0000000E+00
     7.8700000E+02   3.1502994E+02   2.9938137E-02   3.1503363E+02   5.6019950E+05  -1.4872083E+03   0.0000000E+00   0.0000000E+00   0.0000000E+00
     7.8800000E+02   3.1505716E+02   5.7152491E-02   3.1506058E+02   1.6342108E+06  -1.3807748E+03   0.0000000E+00   0.0000000E+00   0.0000000E+00
     7.8900000E+02   3.1505823E+02   5.8236200E-02   3.1506192E+02   1.6861829E+06  -1.4811656E+03   0.0000000E+00   0.0000000E+00   0.0000000E+00
     7.9000000E+02   3.1503220E+02   3.2181837E-02   3.1503598E+02   6.2748150E+05  -1.5259832E+03   0.0000000E+00   0.0000000E+00   0.0000000E+00
     7.9100000E+02   3.1503159E+02   3.1587802E-02   3.1503485E+02   6.0764938E+05  -1.3062694E+03   0.0000000E+00   0.0000000E+00   0.0000000E+00
     7.9200000E+02   3.1502310E+02   2.3106832E-02   3.1502667E+02   3.6125753E+05  -1.4327437E+03   0.0000000E+00   0.0000000E+00   0.0000000E+00
     7.9300000E+02   3.1502060E+02   2.0601312E-02   3.1502411E+02   2.9832878E+05  -1.4028218E+03   0.0000000E+00   0.0000000E+00   0.0000000E+00
     7.9400000E+02   3.1501938E+02   1.9377878E-02   3.1502286E+02   2.6937547E+05  -1.3972402E+03   0.0000000E+00   0.0000000E+00   0.0000000E+00
     7.9500000E+02   3.1501923E+02   1.9221660E-02   3.1502277E+02   2.6826150E+05  -1.4252791E+03   0.0000000E+00   0.0000000E+00   0.0000000E+00
     7.9600000E+02   3.1502728E+02   2.7274102E-02   3.1503070E+02   4.7623481E+05  -1.3710494E+03   0.0000000E+00   0.0000000E+00   0.0000000E+00
     7.9700000E+02   3.1502060E+02   2.0590529E-02   3.1502411E+02   2.9810012E+05  -1.4101047E+03   0.0000000E+00   0.0000000E+00   0.0000000E+00
     7.9800000E+02   3.1502054E+02   2.0544672E-02   3.1502393E+02   2.9749931E+05  -1.3534431E+03   0.0000000E+00   0.0000000E+00   0.0000000E+00
     7.9900000E+02   3.1503494E+02   3.4936853E-02   3.1503833E+02   7.1953088E+05  -1.3638177E+03   0.0000000E+00   0.0000000E+00   0.0000000E+00
     8.0000000E+02   3.1502515E+02   2.5140395E-02   3.1502872E+02   4.1578597E+05  -1.4333907E+03   0.0000000E+00   0.0000000E+00   0.0000000E+00
     8.0100000E+02   3.1502359E+02   2.3577217E-02   3.1502722E+02   3.7621716E+05  -1.4674684E+03   0.0000000E+00   0.0000000E+00   0.0000000E+00
     8.0200000E+02   3.1502301E+02   2.2997297E-02   3.1502643E+02   3.5885384E+05  -1.3776580E+03   0.0000000E+00   0.0000000E+00   0.0000000E+00
     8.0300000E+02   3.1502246E+02   2.2472581E-02   3.1502603E+02   3.4621916E+05  -1.4239478E+03   0.0000000E+00   0.0000000E+00   0.0000000E+00
     8.0400000E+02   3.1502249E+02   2.2503711E-02   3.1502557E+02   3.4653194E+05  -1.2310311E+03   0.0000000E+00   0.0000000E+00   0.0000000E+00
     8.0500000E+02   3.1502832E+02   2.8322645E-02   3.1503174E+02   5.0722231E+05  -1.3768501E+03   0.0000000E+00   0.0000000E+00   0.0000000E+00
     8.0600000E+02   3.1502560E+02   2.5611375E-02   3.1502911E+02   4.2884803E+05  -1.4089633E+03   0.0000000E+00   0.0000000E+00   0.0000000E+00
     8.0700000E+02   3.1502725E+02   2.7250972E-02   3.1503021E+02   4.8272053E+05  -1.1906129E+03   0.0000000E+00   0.0000000E+00   0.0000000E+00
     8.0800000E+02   3.1504074E+02   4.0735777E-02   3.1504419E+02   9.2941450E+05  -1.3857153E+03   0.0000000E+00   0.0000000E+00   0.0000000E+00
     8.0900000E+02   3.1510699E+02   1.0700375E-01   3.1511154E+02   4.6475885E+06  -1.8196592E+03   0.0000000E+00   0.0000000E+00   0.0000000E+00
     8.1000000E+02   3.1513925E+02   1.3924550E-01   3.1514413E+02   7.2091650E+06  -1.9683148E+03   0.0000000E+00   0.0000000E+00   0.0000000E+00
     8.1100000E+02   3.1503125E+02   3.1243984E-02   3.1503635E+02   5.9730281E+05  -2.0430536E+03   0.0000000E+00   0.0000000E+00   0.0000000E+00
     8.1200000E+02   3.1504068E+02   4.0664762E-02   3.1504541E+02   9.2668725E+05  -1.9046349E+03   0.0000000E+00   0.0000000E+00   0.0000000E+00
     8.1300000E+02   3.1502905E+02   2.9039441E-02   3.1503360E+02   5.2872319E+05  -1.8351472E+03   0.0000000E+00   0.0000000E+00   0.0000000E+00
     8.1400000E+02   3.1502707E+02   2.7076818E-02   3.1503125E+02   4.7078006E+05  -1.6766665E+03   0.0000000E+00   0.0000000E+00   0.0000000E+00
     8.1500000E+02   3.1502591E+02   2.5904898E-02   3.1503015E+02   4.3787025E+05  -1.6988199E+03   0.0000000E+00   0.0000000E+00   0.0000000E+00
     8.1600000E+02   3.1505014E+02   5.0125491E-02   3.1505658E+02   1.3132071E+06  -2.5946777E+03   0.0000000E+00   0.0000000E+00   0.0000000E+00
     8.1700000E+02   3.1503137E+02   3.1358078E-02   3.1503656E+02   6.0094131E+05  -2.0893296E+03   0.0000000E+00   0.0000000E+00   0.0000000E+00
     8.1800000E+02   3.1502997E+02   2.9954445E-02   3.1503430E+02   5.5695394E+05  -1.7506071E+03   0.0000000E+00   0.0000000E+00   0.0000000E+00
     8.1900000E+02   3.1531741E+02   3.1740147E-01   3.1532709E+02   2.8462582E+07  -3.8856848E+03   0.0000000E+00   0.0000000E+00   0.0000000E+00
     8.2000000E+02   3.1512848E+02   1.2846929E-01   3.1513596E+02   6.3035005E+06  -3.0107314E+03   0.0000000E+00   0.0000000E+00   0.0000000E+00
     8.2100000E+02   3.1504572E+02   4.5713037E-02   3.1505212E+02   1.1262898E+06  -2.5776804E+03   0.0000000E+00   0.0000000E+00   0.0000000E+00
     8.2200000E+02   3.1504620E+02   4.6214618E-02   3.1505197E+02   1.1472712E+06  -2.3131721E+03   0.0000000E+00   0.0000000E+00   0.0000000E+00
     8.2300000E+02   3.1505362E+02   5.3612977E-02   3.1506027E+02   1.4690511E+06  -2.6693081E+03   0.0000000E+00   0.0000000E+00   0.0000000E+00
     8.2400000E+02   3.1505298E+02   5.2989483E-02   3.1505984E+02   1.4407938E+06  -2.7576980E+03   0.0000000E+00   0.0000000E+00   0.0000000E+00
     8.2500000E+02   3.1504764E+02   4.7626995E-02   3.1505374E+02   1.2059792E+06  -2.4601753E+03   0.0000000E+00   0.0000000E+00   0.0000000E+00
     8.2600000E+02   3.1504663E+02   4.6632513E-02   3.1505234E+02   1.1644275E+06  -2.2911951E+03   0.0000000E+00   0.0000000E+00   0.0000000E+00
     8.2700000E+02   3.1504602E+02   4.6011262E-02   3.1505148E+02   1.1386261E+06  -2.1954998E+03   0.0000000E+00   0.0000000E+00   0.0000000E+00
     8.2800000E+02   3.1504645E+02   4.6437841E-02   3.1505191E+02   1.1562090E+06  -2.1967529E+03   0.0000000E+00   0.0000000E+00   0.0000000E+00
     8.2900000E+02   3.1504501E+02   4.5019008E-02   3.1505032E+02   1.0979446E+06  -2.1238108E+03   0.0000000E+00   0.0000000E+00   0.0000000E+00
     8.3000000E+02   3.1504434E+02   4.4352036E-02   3.1504941E+02   1.0710149E+06  -2.0301443E+03   0.0000000E+00   0.0000000E+00   0.0000000E+00
     8.3100000E+02   3.1504272E+02   4.2737965E-02   3.1504813E+02   1.0254851E+06  -2.1660388E+03   0.0000000E+00   0.0000000E+00   0.0000000E+00
     8.3200000E+02   3.1504227E+02   4.2280808E-02   3.1504691E+02   9.7787025E+05  -1.8525709E+03   0.0000000E+00   0.0000000E+00   0.0000000E+00
     8.3300000E+02   3.1508517E+02   8.5182689E-02   3.1508972E+02   3.1781050E+06  -1.8257969E+03   0.0000000E+00   0.0000000E+00   0.0000000E+00
     8.3400000E+02   3.1508521E+02   8.5218020E-02   3.1508966E+02   3.2096200E+06  -1.7809312E+03   0.0000000E+00   0.0000000E+00   0.0000000E+00
     8.3500000E+02   3.1507666E+02   7.6645657E-02   3.1508163E+02   2.6651940E+06  -1.9976315E+03   0.0000000E+00   0.0000000E+00   0.0000000E+00
     8.3600000E+02   3.1507846E+02   7.8448020E-02   3.1508344E+02   2.7705522E+06  -1.9967305E+03   0.0000000E+00   0.0000000E+00   0.0000000E+00
     8.3700000E+02   3.1507712E+02   7.7103756E-02   3.1508258E+02   2.7099395E+06  -2.2018555E+03   0.0000000E+00   0.0000000E+00   0.0000000E+00
     8.3800000E+02   3.1507687E+02   7.6883592E-02   3.1508145E+02   2.6831710E+06  -1.8282865E+03   0.0000000E+00   0.0000000E+00   0.0000000E+00
     8.3900000E+02   3.1507617E+02   7.6158263E-02   3.1508069E+02   2.6490020E+06  -1.8202421E+03   0.0000000E+00   0.0000000E+00   0.0000000E+00
     8.4000000E+02   3.1507574E+02   7.5756133E-02   3.1508014E+02   2.6088038E+06  -1.7570012E+03   0.0000000E+00   0.0000000E+00   0.0000000E+00
     8.4100000E+02   3.1507523E+02   7.5234912E-02   3.1507956E+02   2.5624092E+06  -1.7356501E+03   0.0000000E+00   0.0000000E+00   0.0000000E+00
     8.4200000E+02   3.1507477E+02   7.4777484E-02   3.1507901E+02   2.5597405E+06  -1.7030796E+03   0.0000000E+00   0.0000000E+00   0.0000000E+00
     8.4300000E+02   3.1507419E+02   7.4175015E-02   3.1507855E+02   2.5327580E+06  -1.7559717E+03   0.0000000E+00   0.0000000E+00   0.0000000E+00
     8.4400000E+02   3.1507394E+02   7.3959135E-02   3.1507828E+02   2.4823702E+06  -1.7391237E+03   0.0000000E+00   0.0000000E+00   0.0000000E+00
     8.4500000E+02   3.1507352E+02   7.3525913E-02   3.1507779E+02   2.4601912E+06  -1.7092036E+03   0.0000000E+00   0.0000000E+00   0.0000000E+00
     8.4600000E+02   3.1507309E+02   7.3087431E-02   3.1507733E+02   2.4620982E+06  -1.7049290E+03   0.0000000E+00   0.0000000E+00   0.0000000E+00
     8.4700000E+02   3.1507288E+02   7.2889879E-02   3.1507700E+02   2.4427952E+06  -1.6474990E+03   0.0000000E+00   0.0000000E+00   0.0000000E+00
     8.4800000E+02   3.1507233E+02   7.2325207E-02   3.1507642E+02   2.3990200E+06  -1.6376698E+03   0.0000000E+00   0.0000000E+00   0.0000000E+00
     8.4900000E+02   3.1507166E+02   7.1643963E-02   3.1507614E+02   2.3942932E+06  -1.8099370E+03   0.0000000E+00   0.0000000E+00   0.0000000E+00
     8.5000000E+02   3.1507153E+02   7.1547680E-02   3.1507568E+02   2.3822702E+06  -1.6616355E+03   0.0000000E+00   0.0000000E+00   0.0000000E+00
     8.5100000E+02   3.1507825E+02   7.8239493E-02   3.1508237E+02   2.7582055E+06  -1.6521921E+03   0.0000000E+00   0.0000000E+00   0.0000000E+00
     8.5200000E+02   3.1507666E+02   7.6662526E-02   3.1508118E+02   2.6834738E+06  -1.8121373E+03   0.0000000E+00   0.0000000E+00   0.0000000E+00
     8.5300000E+02   3.1507376E+02   7.3769972E-02   3.1507794E+02   2.5006270E+06  -1.6709402E+03   0.0000000E+00   0.0000000E+00   0.0000000E+00
     8.5400000E+02   3.1507306E+02   7.3061623E-02   3.1507721E+02   2.4605390E+06  -1.6624128E+03   0.0000000E+00   0.0000000E+00   0.0000000E+00
     8.5500000E+02   3.1507101E+02   7.1024746E-02   3.1507495E+02   2.3484520E+06  -1.5769117E+03   0.0000000E+00   0.0000000E+00   0.0000000E+00
     8.5600000E+02   3.1507053E+02   7.0535317E-02   3.1507449E+02   2.3213790E+06  -1.5924440E+03   0.0000000E+00   0.0000000E+00   0.0000000E+00
     8.5700000E+02   3.1504669E+02   4.6699878E-02   3.1505087E+02   1.1671035E+06  -1.6691710E+03   0.0000000E+00   0.0000000E+00   0.0000000E+00
     8.5800000E+02   3.1506772E+02   6.7713149E-02   3.1507156E+02   2.1678910E+06  -1.5481729E+03   0.0000000E+00   0.0000000E+00   0.0000000E+00
     8.5900000E+02   3.1506918E+02   6.9177173E-02   3.1507214E+02   2.2503405E+06  -1.1958269E+03   0.0000000E+00   0.0000000E+00   0.0000000E+00
     8.6000000E+02   3.1506897E+02   6.8968251E-02   3.1507288E+02   2.2182175E+06  -1.5659031E+03   0.0000000E+00   0.0000000E+00   0.0000000E+00
     8.6100000E+02   3.1506870E+02   6.8700783E-02   3.1507288E+02   2.2110115E+06  -1.6761251E+03   0.0000000E+00   0.0000000E+00   0.0000000E+00
     8.6200000E+02   3.1506851E+02   6.8524778E-02   3.1507245E+02   2.2127732E+06  -1.5761936E+03   0.0000000E+00   0.0000000E+00   0.0000000E+00
     8.6300000E+02   3.1506824E+02   6.8235323E-02   3.1507233E+02   2.0760821E+06  -1.6433022E+03   0.0000000E+00   0.0000000E+00   0.0000000E+00
     8.6400000E+02   3.1506396E+02   6.3950337E-02   3.1506796E+02   1.9708540E+06  -1.6071017E+03   0.0000000E+00   0.0000000E+00   0.0000000E+00
     8.6500000E+02   3.1506366E+02   6.3670427E-02   3.1506760E+02   1.9439241E+06  -1.5766108E+03   0.0000000E+00   0.0000000E+00   0.0000000E+00
     8.6600000E+02   3.1506354E+02   6.3537695E-02   3.1506735E+02   1.9334898E+06  -1.5337727E+03   0.0000000E+00   0.0000000E+00   0.0000000E+00
     8.6700000E+02   3.1505432E+02   5.4318860E-02   3.1505829E+02   1.5014152E+06  -1.5881281E+03   0.0000000E+00   0.0000000E+00   0.0000000E+00
     8.6800000E+02   3.1508398E+02   8.3974533E-02   3.1508774E+02   3.1035255E+06  -1.5138833E+03   0.0000000E+00   0.0000000E+00   0.0000000E+00
     8.6900000E+02   3.1507605E+02   7.6053284E-02   3.1508035E+02   2.6309490E+06  -1.7215914E+03   0.0000000E+00   0.0000000E+00   0.0000000E+00
     8.7000000E+02   3.1515262E+02   1.5261064E-01   3.1516083E+02   8.3988980E+06  -3.2972686E+03   0.0000000E+00   0.0000000E+00   0.0000000E+00
     8.7100000E+02   3.1527133E+02   2.7133036E-01   3.1528296E+02   2.1915268E+07  -4.6665332E+03   0.0000000E+00   0.0000000E+00   0.0000000E+00
     8.7200000E+02   3.1511423E+02   1.1423972E-01   3.1512418E+02   5.1834235E+06  -3.9835515E+03   0.0000000E+00   0.0000000E+00   0.0000000E+00
     8.7300000E+02   3.1509253E+02   9.2543617E-02   3.1510147E+02   3.6488858E+06  -3.5879314E+03   0.0000000E+00   0.0000000E+00   0.0000000E+00
     8.7400000E+02   3.1508920E+02   8.9204207E-02   3.1509821E+02   3.4321232E+06  -3.6086331E+03   0.0000000E+00   0.0000000E+00   0.0000000E+00
     8.7500000E+02   3.1508279E+02   8.2795344E-02   3.1509137E+02   3.0311215E+06  -3.4458511E+03   0.0000000E+00   0.0000000E+00   0.0000000E+00
     8.7600000E+02   3.1507993E+02   7.9919241E-02   3.1508807E+02   2.8576648E+06  -3.2734827E+03   0.0000000E+00   0.0000000E+00   0.0000000E+00
     8.7700000E+02   3.1529349E+02   2.9349589E-01   3.1530475E+02   2.4979594E+07  -4.5193716E+03   0.0000000E+00   0.0000000E+00   0.0000000E+00
     8.7800000E+02   3.1543692E+02   4.3690905E-01   3.1544919E+02   4.8480976E+07  -4.9264868E+03   0.0000000E+00   0.0000000E+00   0.0000000E+00
     8.7900000E+02   3.1513409E+02   1.3408849E-01   3.1514749E+02   6.7696860E+06  -5.3746221E+03   0.0000000E+00   0.0000000E+00   0.0000000E+00
     8.8000000E+02   3.1510086E+02   1.0085648E-01   3.1511188E+02   4.2113765E+06  -4.4210869E+03   0.0000000E+00   0.0000000E+00   0.0000000E+00
     8.8100000E+02   3.1509332E+02   9.3308762E-02   3.1510345E+02   3.6998980E+06  -4.0770964E+03   0.0000000E+00   0.0000000E+00   0.0000000E+00
     8.8200000E+02   3.1509256E+02   9.2546083E-02   3.1510187E+02   3.6520622E+06  -3.7474121E+03   0.0000000E+00   0.0000000E+00   0.0000000E+00
     8.8300000E+02   3.1508752E+02   8.7517060E-02   3.1509631E+02   3.3276698E+06  -3.5352820E+03   0.0000000E+00   0.0000000E+00   0.0000000E+00
     8.8400000E+02   3.1508060E+02   8.0595598E-02   3.1508899E+02   2.8980862E+06  -3.3647495E+03   0.0000000E+00   0.0000000E+00   0.0000000E+00
     8.8500000E+02   3.1507611E+02   7.6121397E-02   3.1508377E+02   2.6354898E+06  -3.0739421E+03   0.0000000E+00   0.0000000E+00   0.0000000E+00
     8.8600000E+02   3.1508563E+02   8.5638270E-02   3.1509290E+02   3.2064892E+06  -2.9103218E+03   0.0000000E+00   0.0000000E+00   0.0000000E+00
     8.8700000E+02   3.1508633E+02   8.6338393E-02   3.1509329E+02   3.2958885E+06  -2.7909670E+03   0.0000000E+00   0.0000000E+00   0.0000000E+00
     8.8800000E+02   3.1507782E+02   7.7818274E-02   3.1508438E+02   2.7335435E+06  -2.6395073E+03   0.0000000E+00   0.0000000E+00   0.0000000E+00
     8.8900000E+02   3.1507425E+02   7.4257225E-02   3.1508029E+02   2.5295125E+06  -2.4231487E+03   0.0000000E+00   0.0000000E+00   0.0000000E+00
     8.9000000E+02   3.1507175E+02   7.1758367E-02   3.1507751E+02   2.3890258E+06  -2.3124614E+03   0.0000000E+00   0.0000000E+00   0.0000000E+00
     8.9100000E+02   3.1506927E+02   6.9267564E-02   3.1507486E+02   2.2520585E+06  -2.2399932E+03   0.0000000E+00   0.0000000E+00   0.0000000E+00
     8.9200000E+02   3.1506662E+02   6.6616721E-02   3.1507214E+02   2.1098138E+06  -2.2221069E+03   0.0000000E+00   0.0000000E+00   0.0000000E+00
     8.9300000E+02   3.1506387E+02   6.3874051E-02   3.1506921E+02   1.9672089E+06  -2.1397024E+03   0.0000000E+00   0.0000000E+00   0.0000000E+00
     8.9400000E+02   3.1506204E+02   6.2054571E-02   3.1506799E+02   1.9074579E+06  -2.3854426E+03   0.0000000E+00   0.0000000E+00   0.0000000E+00
     8.9500000E+02   3.1506000E+02   5.9997492E-02   3.1506512E+02   1.7720905E+06  -2.0571699E+03   0.0000000E+00   0.0000000E+00   0.0000000E+00
     8.9600000E+02   3.1510242E+02   1.0241849E-01   3.1510736E+02   4.3207090E+06  -1.9797405E+03   0.0000000E+00   0.0000000E+00   0.0000000E+00
     8.9700000E+02   3.1511685E+02   1.1684106E-01   3.1512222E+02   5.3812450E+06  -2.1632559E+03   0.0000000E+00   0.0000000E+00   0.0000000E+00
     8.9800000E+02   3.1511594E+02   1.1594009E-01   3.1512109E+02   5.2486225E+06  -2.0660454E+03   0.0000000E+00   0.0000000E+00   0.0000000E+00
     8.9900000E+02   3.1527518E+02   2.7518815E-01   3.1528659E+02   2.2437052E+07  -4.5774785E+03   0.0000000E+00   0.0000000E+00   0.0000000E+00
     9.0000000E+02   3.1540906E+02   4.0905645E-01   3.1542175E+02   4.3439820E+07  -5.0920200E+03   0.0000000E+00   0.0000000E+00   0.0000000E+00
     9.0100000E+02   3.1543567E+02   4.3567827E-01   3.1545715E+02   4.8253268E+07  -8.6223145E+03   0.0000000E+00   0.0000000E+00   0.0000000E+00
     9.0200000E+02   3.1532617E+02   3.2616052E-01   3.1534494E+02   2.9783010E+07  -7.5424570E+03   0.0000000E+00   0.0000000E+00   0.0000000E+00
     9.0300000E+02   3.1532596E+02   3.2595101E-01   3.1534735E+02   2.9751122E+07  -8.5937129E+03   0.0000000E+00   0.0000000E+00   0.0000000E+00
     9.0400000E+02   3.1535715E+02   3.5713586E-01   3.1537744E+02   3.4644836E+07  -8.1493662E+03   0.0000000E+00   0.0000000E+00   0.0000000E+00
     9.0500000E+02   3.1571014E+02   7.1013820E-01   3.1572858E+02   1.0893175E+08  -7.4038110E+03   0.0000000E+00   0.0000000E+00   0.0000000E+00
     9.0600000E+02   3.1564438E+02   6.4437503E-01   3.1566760E+02   9.2643392E+07  -9.3286133E+03   0.0000000E+00   0.0000000E+00   0.0000000E+00
     9.0700000E+02   3.1569101E+02   6.9101930E-01   3.1571646E+02   1.0408781E+08  -1.0216486E+04   0.0000000E+00   0.0000000E+00   0.0000000E+00
     9.0800000E+02   3.1564078E+02   6.4077455E-01   3.1566925E+02   9.1782200E+07  -1.1429898E+04   0.0000000E+00   0.0000000E+00   0.0000000E+00
     9.0900000E+02   3.1561829E+02   6.1828429E-01   3.1564417E+02   8.6476104E+07  -1.0392820E+04   0.0000000E+00   0.0000000E+00   0.0000000E+00
     9.1000000E+02   3.1559866E+02   5.9866887E-01   3.1562238E+02   8.1952224E+07  -9.5126152E+03   0.0000000E+00   0.0000000E+00   0.0000000E+00
     9.1100000E+02   3.1558118E+02   5.8118999E-01   3.1560193E+02   7.8003240E+07  -8.3240059E+03   0.0000000E+00   0.0000000E+00   0.0000000E+00
     9.1200000E+02   3.1556793E+02   5.6792831E-01   3.1558514E+02   7.5059440E+07  -6.9157764E+03   0.0000000E+00   0.0000000E+00   0.0000000E+00
     9.1300000E+02   3.1556165E+02   5.6164372E-01   3.1557693E+02   7.3680192E+07  -6.1342251E+03   0.0000000E+00   0.0000000E+00   0.0000000E+00
     9.1400000E+02   3.1554526E+02   5.4526269E-01   3.1555936E+02   7.0133528E+07  -5.6580757E+03   0.0000000E+00   0.0000000E+00   0.0000000E+00
     9.1500000E+02   3.1552078E+02   5.2078879E-01   3.1553391E+02   6.4966032E+07  -5.2656357E+03   0.0000000E+00   0.0000000E+00   0.0000000E+00
     9.1600000E+02   3.1549158E+02   4.9157292E-01   3.1550385E+02   5.9006008E+07  -4.9226885E+03   0.0000000E+00   0.0000000E+00   0.0000000E+00
     9.1700000E+02   3.1548199E+02   4.8200187E-01   3.1549341E+02   5.7100388E+07  -4.5812139E+03   0.0000000E+00   0.0000000E+00   0.0000000E+00
     9.1800000E+02   3.1547903E+02   4.7902256E-01   3.1548984E+02   5.6514776E+07  -4.3405576E+03   0.0000000E+00   0.0000000E+00   0.0000000E+00
     9.1900000E+02   3.1531360E+02   3.1361118E-01   3.1532452E+02   2.7897728E+07  -4.3825830E+03   0.0000000E+00   0.0000000E+00   0.0000000E+00
     9.2000000E+02   3.1528329E+02   2.8328654E-01   3.1529239E+02   2.3548484E+07  -3.6504033E+03   0.0000000E+00   0.0000000E+00   0.0000000E+00
     9.2100000E+02   3.1528043E+02   2.8043407E-01   3.1528888E+02   2.3151990E+07  -3.3892744E+03   0.0000000E+00   0.0000000E+00   0.0000000E+00
     9.2200000E+02   3.1527707E+02   2.7708432E-01   3.1528534E+02   2.2692144E+07  -3.3099668E+03   0.0000000E+00   0.0000000E+00   0.0000000E+00
     9.2300000E+02   3.1527502E+02   2.7501327E-01   3.1528287E+02   2.2413284E+07  -3.1466392E+03   0.0000000E+00   0.0000000E+00   0.0000000E+00
     9.2400000E+02   3.1527322E+02   2.7321360E-01   3.1528152E+02   2.2217310E+07  -3.3357341E+03   0.0000000E+00   0.0000000E+00   0.0000000E+00
     9.2500000E+02   3.1527359E+02   2.7358782E-01   3.1528113E+02   2.2185804E+07  -3.0324038E+03   0.0000000E+00   0.0000000E+00   0.0000000E+00
     9.2600000E+02   3.1527127E+02   2.7125809E-01   3.1527914E+02   2.1954540E+07  -3.1702854E+03   0.0000000E+00   0.0000000E+00   0.0000000E+00
     9.2700000E+02   3.1526941E+02   2.6939493E-01   3.1527655E+02   2.1583214E+07  -2.8699453E+03   0.0000000E+00   0.0000000E+00   0.0000000E+00
     9.2800000E+02   3.1526797E+02   2.6796594E-01   3.1527524E+02   2.1413246E+07  -2.9186560E+03   0.0000000E+00   0.0000000E+00   0.0000000E+00
     9.2900000E+02   3.1526636E+02   2.6636159E-01   3.1527332E+02   2.1248694E+07  -2.7951150E+03   0.0000000E+00   0.0000000E+00   0.0000000E+00
     9.3000000E+02   3.1522772E+02   2.2772092E-01   3.1523474E+02   1.6365194E+07  -2.8139893E+03   0.0000000E+00   0.0000000E+00   0.0000000E+00
     9.3100000E+02   3.1522546E+02   2.2547381E-01   3.1523309E+02   1.6110491E+07  -3.0632090E+03   0.0000000E+00   0.0000000E+00   0.0000000E+00
     9.3200000E+02   3.1522488E+02   2.2488424E-01   3.1523111E+02   1.6035189E+07  -2.5013071E+03   0.0000000E+00   0.0000000E+00   0.0000000E+00
     9.3300000E+02   3.1522336E+02   2.2336753E-01   3.1523001E+02   1.5867409E+07  -2.6696992E+03   0.0000000E+00   0.0000000E+00   0.0000000E+00
     9.3400000E+02   3.1522308E+02   2.2308616E-01   3.1522968E+02   1.5843684E+07  -2.6406992E+03   0.0000000E+00   0.0000000E+00   0.0000000E+00
     9.3500000E+02   3.1522153E+02   2.2154075E-01   3.1522769E+02   1.5575897E+07  -2.4685586E+03   0.0000000E+00   0.0000000E+00   0.0000000E+00
     9.3600000E+02   3.1522058E+02   2.2059368E-01   3.1522702E+02   1.5547078E+07  -2.5810791E+03   0.0000000E+00   0.0000000E+00   0.0000000E+00
     9.3700000E+02   3.1521973E+02   2.1971160E-01   3.1522626E+02   1.5461870E+07  -2.6260994E+03   0.0000000E+00   0.0000000E+00   0.0000000E+00
     9.3800000E+02   3.1521860E+02   2.1858719E-01   3.1522507E+02   1.5296599E+07  -2.5965166E+03   0.0000000E+00   0.0000000E+00   0.0000000E+00
     9.3900000E+02   3.1521814E+02   2.1812780E-01   3.1522406E+02   1.5181421E+07  -2.3849888E+03   0.0000000E+00   0.0000000E+00   0.0000000E+00
     9.4000000E+02   3.1521707E+02   2.1707271E-01   3.1522330E+02   1.5122705E+07  -2.4976201E+03   0.0000000E+00   0.0000000E+00   0.0000000E+00
     9.4100000E+02   3.1521637E+02   2.1637724E-01   3.1522235E+02   1.5005075E+07  -2.3952524E+03   0.0000000E+00   0.0000000E+00   0.0000000E+00
     9.4200000E+02   3.1521582E+02   2.1583389E-01   3.1522171E+02   1.4966626E+07  -2.3586497E+03   0.0000000E+00   0.0000000E+00   0.0000000E+00
     9.4300000E+02   3.1521497E+02   2.1497521E-01   3.1522070E+02   1.4869547E+07  -2.3020623E+03   0.0000000E+00   0.0000000E+00   0.0000000E+00
     9.4400000E+02   3.1521414E+02   2.1414466E-01   3.1521997E+02   1.4771433E+07  -2.3406821E+03   0.0000000E+00   0.0000000E+00   0.0000000E+00
     9.4500000E+02   3.1521353E+02   2.1352245E-01   3.1521933E+02   1.4680308E+07  -2.3296992E+03   0.0000000E+00   0.0000000E+00   0.0000000E+00
     9.4600000E+02   3.1519205E+02   1.9203706E-01   3.1519791E+02   1.2318592E+07  -2.3558621E+03   0.0000000E+00   0.0000000E+00   0.0000000E+00
     9.4700000E+02   3.1519019E+02   1.9017483E-01   3.1519583E+02   1.2103023E+07  -2.2705583E+03   0.0000000E+00   0.0000000E+00   0.0000000E+00
     9.4800000E+02   3.1516504E+02   1.6504043E-01   3.1517072E+02   9.5691810E+06  -2.2808003E+03   0.0000000E+00   0.0000000E+00   0.0000000E+00
     9.4900000E+02   3.1516455E+02   1.6455430E-01   3.1517023E+02   9.5338210E+06  -2.2784829E+03   0.0000000E+00   0.0000000E+00   0.0000000E+00
     9.5000000E+02   3.1516449E+02   1.6448629E-01   3.1516953E+02   9.5185820E+06  -2.0179749E+03   0.0000000E+00   0.0000000E+00   0.0000000E+00
     9.5100000E+02   3.1516440E+02   1.6439447E-01   3.1516943E+02   9.4856640E+06  -2.0213147E+03   0.0000000E+00   0.0000000E+00   0.0000000E+00
     9.5200000E+02   3.1514182E+02   1.4181408E-01   3.1514722E+02   7.4321630E+06  -2.1652849E+03   0.0000000E+00   0.0000000E+00   0.0000000E+00
     9.5300000E+02   3.1513818E+02   1.3818388E-01   3.1514337E+02   7.1175635E+06  -2.0787312E+03   0.0000000E+00   0.0000000E+00   0.0000000E+00
     9.5400000E+02   3.1512088E+02   1.2087208E-01   3.1512607E+02   5.6944710E+06  -2.0811309E+03   0.0000000E+00   0.0000000E+00   0.0000000E+00
     9.5500000E+02   3.1512070E+02   1.2068204E-01   3.1512570E+02   5.2883260E+06  -2.0113245E+03   0.0000000E+00   0.0000000E+00   0.0000000E+00
     9.5600000E+02   3.1511722E+02   1.1721962E-01   3.1512204E+02   5.4186120E+06  -1.9387800E+03   0.0000000E+00   0.0000000E+00   0.0000000E+00
     9.5700000E+02   3.1512106E+02   1.2106705E-01   3.1512595E+02   5.7138085E+06  -1.9598416E+03   0.0000000E+00   0.0000000E+00   0.0000000E+00
     9.5800000E+02   3.1509991E+02   9.9919707E-02   3.1510492E+02   4.1464058E+06  -2.0120992E+03   0.0000000E+00   0.0000000E+00   0.0000000E+00
     9.5900000E+02   3.1510037E+02   1.0036774E-01   3.1510529E+02   4.2083805E+06  -1.9754814E+03   0.0000000E+00   0.0000000E+00   0.0000000E+00
     9.6000000E+02   3.1508325E+02   8.3254717E-02   3.1508810E+02   3.0592658E+06  -1.9504954E+03   0.0000000E+00   0.0000000E+00   0.0000000E+00
     9.6100000E+02   3.1508240E+02   8.2389951E-02   3.1508707E+02   2.9932775E+06  -1.8819626E+03   0.0000000E+00   0.0000000E+00   0.0000000E+00
     9.6200000E+02   3.1506552E+02   6.5514848E-02   3.1507025E+02   2.0518662E+06  -1.9028374E+03   0.0000000E+00   0.0000000E+00   0.0000000E+00
     9.6300000E+02   3.1506464E+02   6.4635500E-02   3.1506918E+02   1.9819700E+06  -1.8220503E+03   0.0000000E+00   0.0000000E+00   0.0000000E+00
     9.6400000E+02   3.1506259E+02   6.2593512E-02   3.1506738E+02   1.9015415E+06  -1.9198352E+03   0.0000000E+00   0.0000000E+00   0.0000000E+00
     9.6500000E+02   3.1504623E+02   4.6219897E-02   3.1505081E+02   1.1472332E+06  -1.8383452E+03   0.0000000E+00   0.0000000E+00   0.0000000E+00
     9.6600000E+02   3.1504507E+02   4.5069437E-02   3.1504953E+02   1.1000114E+06  -1.7850923E+03   0.0000000E+00   0.0000000E+00   0.0000000E+00
     9.6700000E+02   3.1504468E+02   4.4663671E-02   3.1504901E+02   1.0948020E+06  -1.7501205E+03   0.0000000E+00   0.0000000E+00   0.0000000E+00
     9.6800000E+02   3.1503485E+02   3.4851998E-02   3.1503928E+02   7.1662112E+05  -1.7721727E+03   0.0000000E+00   0.0000000E+00   0.0000000E+00
     9.6900000E+02   3.1503415E+02   3.4145251E-02   3.1503845E+02   6.9225575E+05  -1.7281304E+03   0.0000000E+00   0.0000000E+00   0.0000000E+00
     9.7000000E+02   3.1503421E+02   3.4216512E-02   3.1503842E+02   7.0336725E+05  -1.6933547E+03   0.0000000E+00   0.0000000E+00   0.0000000E+00
     9.7100000E+02   3.1503482E+02   3.4824912E-02   3.1503897E+02   7.1654694E+05  -1.6673591E+03   0.0000000E+00   0.0000000E+00   0.0000000E+00
     9.7200000E+02   3.1503455E+02   3.4558501E-02   3.1503867E+02   6.8772456E+05  -1.6441733E+03   0.0000000E+00   0.0000000E+00   0.0000000E+00
     9.7300000E+02   3.1503348E+02   3.3471700E-02   3.1503745E+02   6.6980344E+05  -1.5927291E+03   0.0000000E+00   0.0000000E+00   0.0000000E+00
     9.7400000E+02   3.1503375E+02   3.3745263E-02   3.1503796E+02   6.9619344E+05  -1.6965554E+03   0.0000000E+00   0.0000000E+00   0.0000000E+00
     9.7500000E+02   3.1503381E+02   3.3809703E-02   3.1503799E+02   6.8129650E+05  -1.6853177E+03   0.0000000E+00   0.0000000E+00   0.0000000E+00
     9.7600000E+02   3.1504288E+02   4.2862091E-02   3.1504703E+02   1.0116694E+06  -1.6724731E+03   0.0000000E+00   0.0000000E+00   0.0000000E+00
     9.7700000E+02   3.1504010E+02   4.0086444E-02   3.1504434E+02   9.0456069E+05  -1.7078109E+03   0.0000000E+00   0.0000000E+00   0.0000000E+00
     9.7800000E+02   3.1504010E+02   4.0107764E-02   3.1504401E+02   9.0601300E+05  -1.5707200E+03   0.0000000E+00   0.0000000E+00   0.0000000E+00
     9.7900000E+02   3.1503964E+02   3.9646160E-02   3.1504385E+02   8.8064769E+05  -1.6846073E+03   0.0000000E+00   0.0000000E+00   0.0000000E+00
     9.8000000E+02   3.1503418E+02   3.4184277E-02   3.1503845E+02   6.9387525E+05  -1.7112228E+03   0.0000000E+00   0.0000000E+00   0.0000000E+00
     9.8100000E+02   3.1503391E+02   3.3914894E-02   3.1503806E+02   6.8580788E+05  -1.6664840E+03   0.0000000E+00   0.0000000E+00   0.0000000E+00
     9.8200000E+02   3.1503363E+02   3.3615746E-02   3.1503778E+02   6.5333262E+05  -1.6750809E+03   0.0000000E+00   0.0000000E+00   0.0000000E+00
     9.8300000E+02   3.1503104E+02   3.1041287E-02   3.1503543E+02   6.0643212E+05  -1.7612700E+03   0.0000000E+00   0.0000000E+00   0.0000000E+00
     9.8400000E+02   3.1502975E+02   2.9751254E-02   3.1503387E+02   5.4475519E+05  -1.6601176E+03   0.0000000E+00   0.0000000E+00   0.0000000E+00
     9.8500000E+02   3.1502930E+02   2.9300177E-02   3.1503293E+02   5.3467531E+05  -1.4582915E+03   0.0000000E+00   0.0000000E+00   0.0000000E+00
     9.8600000E+02   3.1502866E+02   2.8654527E-02   3.1503241E+02   5.1437138E+05  -1.5027205E+03   0.0000000E+00   0.0000000E+00   0.0000000E+00
     9.8700000E+02   3.1502774E+02   2.7748315E-02   3.1503140E+02   4.8610172E+05  -1.4655994E+03   0.0000000E+00   0.0000000E+00   0.0000000E+00
     9.8800000E+02   3.1502670E+02   2.6712427E-02   3.1503040E+02   4.6123659E+05  -1.4800363E+03   0.0000000E+00   0.0000000E+00   0.0000000E+00
     9.8900000E+02   3.1502588E+02   2.5876740E-02   3.1502951E+02   4.3448272E+05  -1.4578107E+03   0.0000000E+00   0.0000000E+00   0.0000000E+00
     9.9000000E+02   3.1502533E+02   2.5342610E-02   3.1502878E+02   4.2283703E+05  -1.3838167E+03   0.0000000E+00   0.0000000E+00   0.0000000E+00
     9.9100000E+02   3.1502539E+02   2.5385994E-02   3.1502890E+02   4.1081709E+05  -1.4122257E+03   0.0000000E+00   0.0000000E+00   0.0000000E+00
     9.9200000E+02   3.1502478E+02   2.4766453E-02   3.1502844E+02   3.9760575E+05  -1.4737911E+03   0.0000000E+00   0.0000000E+00   0.0000000E+00
     9.9300000E+02   3.1502417E+02   2.4172120E-02   3.1502756E+02   3.8389528E+05  -1.3565121E+03   0.0000000E+00   0.0000000E+00   0.0000000E+00
     9.9400000E+02   3.1502328E+02   2.3283228E-02   3.1502719E+02   3.6332562E+05  -1.5632611E+03   0.0000000E+00   0.0000000E+00   0.0000000E+00
     9.9500000E+02   3.1502216E+02   2.2166755E-02   3.1502563E+02   3.4434506E+05  -1.3871136E+03   0.0000000E+00   0.0000000E+00   0.0000000E+00
     9.9600000E+02   3.1502151E+02   2.1516971E-02   3.1502493E+02   3.2194253E+05  -1.3675570E+03   0.0000000E+00   0.0000000E+00   0.0000000E+00
     9.9700000E+02   3.1502118E+02   2.1169586E-02   3.1502457E+02   3.1176981E+05  -1.3620298E+03   0.0000000E+00   0.0000000E+00   0.0000000E+00
     9.9800000E+02   3.1502090E+02   2.0901892E-02   3.1502423E+02   3.0643872E+05  -1.3388883E+03   0.0000000E+00   0.0000000E+00   0.0000000E+00
     9.9900000E+02   3.1501996E+02   1.9945178E-02   3.1502411E+02   2.9224703E+05  -1.6770551E+03   0.0000000E+00   0.0000000E+00   0.0000000E+00
     1.0000000E+03   3.1502045E+02   2.0438604E-02   3.1502365E+02   2.8260959E+05  -1.2870526E+03   0.0000000E+00   0.0000000E+00   0.0000000E+00
     1.0010000E+03   3.1503488E+02   3.4884479E-02   3.1503867E+02   7.1795394E+05  -1.5164053E+03   0.0000000E+00   0.0000000E+00   0.0000000E+00
     1.0020000E+03   3.1502380E+02   2.3815522E-02   3.1502780E+02   3.7992728E+05  -1.6002472E+03   0.0000000E+00   0.0000000E+00   0.0000000E+00
     1.0030000E+03   3.1502286E+02   2.2848414E-02   3.1502673E+02   3.5448488E+05  -1.5606074E+03   0.0000000E+00   0.0000000E+00   0.0000000E+00
     1.0040000E+03   3.1502261E+02   2.2605853E-02   3.1502579E+02   3.4840872E+05  -1.2808834E+03   0.0000000E+00   0.0000000E+00   0.0000000E+00
     1.0050000E+03   3.1502158E+02   2.1567540E-02   3.1502496E+02   3.2249712E+05  -1.3647010E+03   0.0000000E+00   0.0000000E+00   0.0000000E+00
     1.0060000E+03   3.1502087E+02   2.0883670E-02   3.1502451E+02   3.0391100E+05  -1.4583550E+03   0.0000000E+00   0.0000000E+00   0.0000000E+00
     1.0070000E+03   3.1502042E+02   2.0407649E-02   3.1502359E+02   2.8283394E+05  -1.2791836E+03   0.0000000E+00   0.0000000E+00   0.0000000E+00
     1.0080000E+03   3.1501938E+02   1.9385517E-02   3.1502249E+02   2.6986419E+05  -1.2456710E+03   0.0000000E+00   0.0000000E+00   0.0000000E+00
     1.0090000E+03   3.1501880E+02   1.8813018E-02   3.1502209E+02   2.4847445E+05  -1.3184353E+03   0.0000000E+00   0.0000000E+00   0.0000000E+00
     1.0100000E+03   3.1501871E+02   1.8713141E-02   3.1502164E+02   2.4359234E+05  -1.1789124E+03   0.0000000E+00   0.0000000E+00   0.0000000E+00
     1.0110000E+03   3.1501816E+02   1.8158920E-02   3.1502158E+02   2.4117436E+05  -1.3676520E+03   0.0000000E+00   0.0000000E+00   0.0000000E+00
     1.0120000E+03   3.1501700E+02   1.6989274E-02   3.1502057E+02   2.1586222E+05  -1.4359939E+03   0.0000000E+00   0.0000000E+00   0.0000000E+00
     1.0130000E+03   3.1501691E+02   1.6904868E-02   3.1502032E+02   2.1356080E+05  -1.3747800E+03   0.0000000E+00   0.0000000E+00   0.0000000E+00
     1.0140000E+03   3.1501675E+02   1.6754100E-02   3.1502026E+02   2.1044616E+05  -1.4068767E+03   0.0000000E+00   0.0000000E+00   0.0000000E+00
     1.0150000E+03   3.1501685E+02   1.6858885E-02   3.1502002E+02   2.0579869E+05  -1.2657976E+03   0.0000000E+00   0.0000000E+00   0.0000000E+00
     1.0160000E+03   3.1501675E+02   1.6740203E-02   3.1501987E+02   1.9309434E+05  -1.2576046E+03   0.0000000E+00   0.0000000E+00   0.0000000E+00
     1.0170000E+03   3.1501636E+02   1.6369199E-02   3.1501978E+02   2.0870661E+05  -1.3729070E+03   0.0000000E+00   0.0000000E+00   0.0000000E+00
     1.0180000E+03   3.1501624E+02   1.6242579E-02   3.1501944E+02   2.0331934E+05  -1.2829950E+03   0.0000000E+00   0.0000000E+00   0.0000000E+00
     1.0190000E+03   3.1501587E+02   1.5861591E-02   3.1501917E+02   1.8476194E+05  -1.3319100E+03   0.0000000E+00   0.0000000E+00   0.0000000E+00
     1.0200000E+03   3.1501569E+02   1.5690269E-02   3.1501855E+02   1.6926155E+05  -1.1511238E+03   0.0000000E+00   0.0000000E+00   0.0000000E+00
     1.0210000E+03   3.1501514E+02   1.5141791E-02   3.1501822E+02   1.7008522E+05  -1.2293495E+03   0.0000000E+00   0.0000000E+00   0.0000000E+00
     1.0220000E+03   3.1501486E+02   1.4875703E-02   3.1501785E+02   1.5541320E+05  -1.1919440E+03   0.0000000E+00   0.0000000E+00   0.0000000E+00
     1.0230000E+03   3.1501440E+02   1.4410285E-02   3.1501755E+02   1.6962628E+05  -1.2598218E+03   0.0000000E+00   0.0000000E+00   0.0000000E+00
     1.0240000E+03   3.1501407E+02   1.4079849E-02   3.1501697E+02   1.3951914E+05  -1.1579032E+03   0.0000000E+00   0.0000000E+00   0.0000000E+00
     1.0250000E+03   3.1501346E+02   1.3471753E-02   3.1501663E+02   1.5257998E+05  -1.2676681E+03   0.0000000E+00   0.0000000E+00   0.0000000E+00
     1.0260000E+03   3.1501328E+02   1.3286534E-02   3.1501617E+02   1.2791691E+05  -1.1635699E+03   0.0000000E+00   0.0000000E+00   0.0000000E+00
     1.0270000E+03   3.1501294E+02   1.2930306E-02   3.1501572E+02   1.1983660E+05  -1.1182538E+03   0.0000000E+00   0.0000000E+00   0.0000000E+00
     1.0280000E+03   3.1501239E+02   1.2382696E-02   3.1501535E+02   1.2154215E+05  -1.1916625E+03   0.0000000E+00   0.0000000E+00   0.0000000E+00
     1.0290000E+03   3.1501215E+02   1.2146978E-02   3.1501520E+02   1.2531655E+05  -1.2198397E+03   0.0000000E+00   0.0000000E+00   0.0000000E+00
     1.0300000E+03   3.1501196E+02   1.1971105E-02   3.1501495E+02   1.1354751E+05  -1.1915237E+03   0.0000000E+00   0.0000000E+00   0.0000000E+00
     1.0310000E+03   3.1501172E+02   1.1710932E-02   3.1501465E+02   1.2145711E+05  -1.1757965E+03   0.0000000E+00   0.0000000E+00   0.0000000E+00
     1.0320000E+03   3.1501160E+02   1.1585048E-02   3.1501450E+02   1.1624737E+05  -1.1637161E+03   0.0000000E+00   0.0000000E+00   0.0000000E+00
     1.0330000E+03   3.1501151E+02   1.1517464E-02   3.1501437E+02   1.1165297E+05  -1.1506793E+03   0.0000000E+00   0.0000000E+00   0.0000000E+00
     1.0340000E+03   3.1501141E+02   1.1407140E-02   3.1501440E+02   1.0470618E+05  -1.1993171E+03   0.0000000E+00   0.0000000E+00   0.0000000E+00
     1.0350000E+03   3.1501093E+02   1.0937197E-02   3.1501398E+02   1.0112219E+05  -1.2194437E+03   0.0000000E+00   0.0000000E+00   0.0000000E+00
     1.0360000E+03   3.1501074E+02   1.0748462E-02   3.1501370E+02   9.8599367E+04  -1.1808931E+03   0.0000000E+00   0.0000000E+00   0.0000000E+00
     1.0370000E+03   3.1501059E+02   1.0594247E-02   3.1501352E+02   9.6871109E+04  -1.1752827E+03   0.0000000E+00   0.0000000E+00   0.0000000E+00
     1.0380000E+03   3.1501053E+02   1.0530807E-02   3.1501349E+02   9.4935398E+04  -1.1871033E+03   0.0000000E+00   0.0000000E+00   0.0000000E+00
     1.0390000E+03   3.1501038E+02   1.0385593E-02   3.1501328E+02   9.2165234E+04  -1.1567131E+03   0.0000000E+00   0.0000000E+00   0.0000000E+00
     1.0400000E+03   3.1501019E+02   1.0194508E-02   3.1501309E+02   8.8475266E+04  -1.1676147E+03   0.0000000E+00   0.0000000E+00   0.0000000E+00
     1.0410000E+03   3.1500992E+02   9.9204835E-03   3.1501288E+02   8.5579156E+04  -1.1874341E+03   0.0000000E+00   0.0000000E+00   0.0000000E+00
     1.0420000E+03   3.1500974E+02   9.7443257E-03   3.1501266E+02   8.3311188E+04  -1.1676864E+03   0.0000000E+00   0.0000000E+00   0.0000000E+00
     1.0430000E+03   3.1500955E+02   9.5539261E-03   3.1501239E+02   7.9221281E+04  -1.1424960E+03   0.0000000E+00   0.0000000E+00   0.0000000E+00
     1.0440000E+03   3.1500925E+02   9.2596635E-03   3.1501215E+02   7.5939812E+04  -1.1544930E+03   0.0000000E+00   0.0000000E+00   0.0000000E+00
     1.0450000E+03   3.1500909E+02   9.0988660E-03   3.1501199E+02   7.2200633E+04  -1.1598982E+03   0.0000000E+00   0.0000000E+00   0.0000000E+00
     1.0460000E+03   3.1500879E+02   8.7928576E-03   3.1501166E+02   6.6610750E+04  -1.1537504E+03   0.0000000E+00   0.0000000E+00   0.0000000E+00
     1.0470000E+03   3.1500830E+02   8.2988543E-03   3.1501117E+02   6.1021199E+04  -1.1502933E+03   0.0000000E+00   0.0000000E+00   0.0000000E+00
     1.0480000E+03   3.1500769E+02   7.6980679E-03   3.1501068E+02   5.1662766E+04  -1.1931230E+03   0.0000000E+00   0.0000000E+00   0.0000000E+00
     1.0490000E+03   3.1500742E+02   7.4200677E-03   3.1501041E+02   5.9441246E+04  -1.1988375E+03   0.0000000E+00   0.0000000E+00   0.0000000E+00
     1.0500000E+03   3.1500711E+02   7.1025309E-03   3.1501016E+02   5.2354082E+04  -1.2267570E+03   0.0000000E+00   0.0000000E+00   0.0000000E+00
     1.0510000E+03   3.1500674E+02   6.7315637E-03   3.1500970E+02   4.4990664E+04  -1.1920469E+03   0.0000000E+00   0.0000000E+00   0.0000000E+00
     1.0520000E+03   3.1500644E+02   6.4273109E-03   3.1500928E+02   4.0011539E+04  -1.1412687E+03   0.0000000E+00   0.0000000E+00   0.0000000E+00
     1.0530000E+03   3.1500620E+02   6.1844746E-03   3.1500906E+02   3.8681660E+04  -1.1569702E+03   0.0000000E+00   0.0000000E+00   0.0000000E+00
     1.0540000E+03   3.1501065E+02   1.0646996E-02   3.1501263E+02   9.4709844E+04  -7.9197888E+02   0.0000000E+00   0.0000000E+00   0.0000000E+00
     1.0550000E+03   3.1500668E+02   6.6701397E-03   3.1500952E+02   4.5631359E+04  -1.1457678E+03   0.0000000E+00   0.0000000E+00   0.0000000E+00
     1.0560000E+03   3.1500659E+02   6.5874252E-03   3.1500937E+02   4.4851805E+04  -1.1219365E+03   0.0000000E+00   0.0000000E+00   0.0000000E+00
     1.0570000E+03   3.1500629E+02   6.2793149E-03   3.1500885E+02   4.0429023E+04  -1.0347786E+03   0.0000000E+00   0.0000000E+00   0.0000000E+00
     1.0580000E+03   3.1500714E+02   7.1375761E-03   3.1500955E+02   5.0366000E+04  -9.7348035E+02   0.0000000E+00   0.0000000E+00   0.0000000E+00
     1.0590000E+03   3.1500574E+02   5.7419701E-03   3.1500876E+02   2.9689969E+04  -1.2082948E+03   0.0000000E+00   0.0000000E+00   0.0000000E+00
     1.0600000E+03   3.1500531E+02   5.3030723E-03   3.1500830E+02   3.4433926E+04  -1.1975615E+03   0.0000000E+00   0.0000000E+00   0.0000000E+00
     1.0610000E+03   3.1500482E+02   4.8174802E-03   3.1500781E+02   2.8329873E+04  -1.2077872E+03   0.0000000E+00   0.0000000E+00   0.0000000E+00
     1.0620000E+03   3.1500467E+02   4.6569486E-03   3.1500729E+02   2.4649977E+04  -1.0531848E+03   0.0000000E+00   0.0000000E+00   0.0000000E+00
     1.0630000E+03   3.1500455E+02   4.5575723E-03   3.1500735E+02   2.3757584E+04  -1.1210039E+03   0.0000000E+00   0.0000000E+00   0.0000000E+00
     1.0640000E+03   3.1500461E+02   4.6193893E-03   3.1500742E+02   2.3427920E+04  -1.1176605E+03   0.0000000E+00   0.0000000E+00   0.0000000E+00
     1.0650000E+03   3.1500455E+02   4.5499280E-03   3.1500735E+02   2.2389623E+04  -1.1222048E+03   0.0000000E+00   0.0000000E+00   0.0000000E+00
     1.0660000E+03   3.1500439E+02   4.4072084E-03   3.1500714E+02   2.1269139E+04  -1.0974976E+03   0.0000000E+00   0.0000000E+00   0.0000000E+00
     1.0670000E+03   3.1500409E+02   4.1008336E-03   3.1500684E+02   1.9786684E+04  -1.1007178E+03   0.0000000E+00   0.0000000E+00   0.0000000E+00
     1.0680000E+03   3.1500403E+02   4.0373299E-03   3.1500647E+02   2.1530725E+04  -9.7301880E+02   0.0000000E+00   0.0000000E+00   0.0000000E+00
     1.0690000E+03   3.1500443E+02   4.4280230E-03   3.1500723E+02   2.4201480E+04  -1.1269299E+03   0.0000000E+00   0.0000000E+00   0.0000000E+00
     1.0700000E+03   3.1500406E+02   4.0643159E-03   3.1500662E+02   2.0421963E+04  -1.0272545E+03   0.0000000E+00   0.0000000E+00   0.0000000E+00
     1.0710000E+03   3.1500391E+02   3.8938266E-03   3.1500653E+02   1.7942500E+04  -1.0618718E+03   0.0000000E+00   0.0000000E+00   0.0000000E+00
     1.0720000E+03   3.1500284E+02   2.8327540E-03   3.1500623E+02   1.0390313E+04  -1.3632688E+03   0.0000000E+00   0.0000000E+00   0.0000000E+00
     1.0730000E+03   3.1500354E+02   3.5548171E-03   3.1500610E+02   1.6649561E+04  -1.0197007E+03   0.0000000E+00   0.0000000E+00   0.0000000E+00
     1.0740000E+03   3.1500336E+02   3.3667139E-03   3.1500595E+02   1.4344108E+04  -1.0419365E+03   0.0000000E+00   0.0000000E+00   0.0000000E+00
     1.0750000E+03   3.1500302E+02   3.0219001E-03   3.1500574E+02   1.3446942E+04  -1.0883351E+03   0.0000000E+00   0.0000000E+00   0.0000000E+00
     1.0760000E+03   3.1500302E+02   3.0087072E-03   3.1500577E+02   1.3427862E+04  -1.1112822E+03   0.0000000E+00   0.0000000E+00   0.0000000E+00
     1.0770000E+03   3.1500308E+02   3.0869027E-03   3.1500583E+02   1.3811866E+04  -1.0945349E+03   0.0000000E+00   0.0000000E+00   0.0000000E+00
     1.0780000E+03   3.1500308E+02   3.0731338E-03   3.1500580E+02   1.3667782E+04  -1.0883657E+03   0.0000000E+00   0.0000000E+00   0.0000000E+00
     1.0790000E+03   3.1500305E+02   3.0612645E-03   3.1500583E+02   1.3773109E+04  -1.1064331E+03   0.0000000E+00   0.0000000E+00   0.0000000E+00
     1.0800000E+03   3.1500314E+02   3.1486826E-03   3.1500592E+02   1.4459606E+04  -1.1180996E+03   0.0000000E+00   0.0000000E+00   0.0000000E+00
     1.0810000E+03   3.1500333E+02   3.3151731E-03   3.1500610E+02   1.5644345E+04  -1.1244075E+03   0.0000000E+00   0.0000000E+00   0.0000000E+00
     1.0820000E+03   3.1500339E+02   3.3871343E-03   3.1500613E+02   1.5871552E+04  -1.1069062E+03   0.0000000E+00   0.0000000E+00   0.0000000E+00
     1.0830000E+03   3.1500330E+02   3.3003031E-03   3.1500604E+02   1.5102359E+04  -1.0998418E+03   0.0000000E+00   0.0000000E+00   0.0000000E+00
     1.0840000E+03   3.1500311E+02   3.1035284E-03   3.1500583E+02   1.3748952E+04  -1.0930450E+03   0.0000000E+00   0.0000000E+00   0.0000000E+00
     1.0850000E+03   3.1500290E+02   2.8983909E-03   3.1500562E+02   1.2269134E+04  -1.0915540E+03   0.0000000E+00   0.0000000E+00   0.0000000E+00
     1.0860000E+03   3.1500272E+02   2.7044669E-03   3.1500540E+02   1.1111747E+04  -1.0780931E+03   0.0000000E+00   0.0000000E+00   0.0000000E+00
     1.0870000E+03   3.1500259E+02   2.5858905E-03   3.1500528E+02   1.0288087E+04  -1.0798549E+03   0.0000000E+00   0.0000000E+00   0.0000000E+00
     1.0880000E+03   3.1500247E+02   2.4571104E-03   3.1500510E+02   9.9696660E+03  -1.0545253E+03   0.0000000E+00   0.0000000E+00   0.0000000E+00
     1.0890000E+03   3.1500253E+02   2.5333832E-03   3.1500528E+02   9.1602031E+03  -1.0997999E+03   0.0000000E+00   0.0000000E+00   0.0000000E+00
     1.0900000E+03   3.1500278E+02   2.7790782E-03   3.1500543E+02   1.0150658E+04  -1.0606890E+03   0.0000000E+00   0.0000000E+00   0.0000000E+00
     1.0910000E+03   3.1500293E+02   2.9430890E-03   3.1500595E+02   1.2358457E+04  -1.2077299E+03   0.0000000E+00   0.0000000E+00   0.0000000E+00
     1.0920000E+03   3.1500296E+02   2.9635259E-03   3.1500565E+02   1.1236373E+04  -1.0750544E+03   0.0000000E+00   0.0000000E+00   0.0000000E+00
     1.0930000E+03   3.1500281E+02   2.8201148E-03   3.1500571E+02   1.1151224E+04  -1.1551794E+03   0.0000000E+00   0.0000000E+00   0.0000000E+00
     1.0940000E+03   3.1500269E+02   2.6884966E-03   3.1500546E+02   9.4520996E+03  -1.1120547E+03   0.0000000E+00   0.0000000E+00   0.0000000E+00
     1.0950000E+03   3.1500290E+02   2.8931603E-03   3.1500580E+02   1.1227305E+04  -1.1681023E+03   0.0000000E+00   0.0000000E+00   0.0000000E+00
     1.0960000E+03   3.1500287E+02   2.8614949E-03   3.1500568E+02   1.0911450E+04  -1.1286736E+03   0.0000000E+00   0.0000000E+00   0.0000000E+00
     1.0970000E+03   3.1500296E+02   2.9557045E-03   3.1500580E+02   1.0691141E+04  -1.1380924E+03   0.0000000E+00   0.0000000E+00   0.0000000E+00
     1.0980000E+03   3.1500327E+02   3.2721164E-03   3.1500641E+02   1.6445549E+04  -1.2549635E+03   0.0000000E+00   0.0000000E+00   0.0000000E+00
     1.0990000E+03   3.1501520E+02   1.5196509E-02   3.1501840E+02   1.7967408E+05  -1.2892963E+03   0.0000000E+00   0.0000000E+00   0.0000000E+00
     1.1000000E+03   3.1501041E+02   1.0412146E-02   3.1501376E+02   9.5699312E+04  -1.3454191E+03   0.0000000E+00   0.0000000E+00   0.0000000E+00
     1.1010000E+03   3.1501038E+02   1.0387621E-02   3.1501364E+02   9.6188047E+04  -1.3104099E+03   0.0000000E+00   0.0000000E+00   0.0000000E+00
     1.1020000E+03   3.1500964E+02   9.6384129E-03   3.1501303E+02   8.2244086E+04  -1.3585734E+03   0.0000000E+00   0.0000000E+00   0.0000000E+00
     1.1030000E+03   3.1500763E+02   7.6431944E-03   3.1501089E+02   5.7032590E+04  -1.3043829E+03   0.0000000E+00   0.0000000E+00   0.0000000E+00
     1.1040000E+03   3.1500677E+02   6.7803571E-03   3.1500992E+02   4.6914684E+04  -1.2642772E+03   0.0000000E+00   0.0000000E+00   0.0000000E+00
     1.1050000E+03   3.1500717E+02   7.1628313E-03   3.1501016E+02   4.5233270E+04  -1.2017603E+03   0.0000000E+00   0.0000000E+00   0.0000000E+00
     1.1060000E+03   3.1500760E+02   7.6018958E-03   3.1501074E+02   6.0063176E+04  -1.2586674E+03   0.0000000E+00   0.0000000E+00   0.0000000E+00
     1.1070000E+03   3.1500739E+02   7.3880511E-03   3.1501083E+02   5.5542871E+04  -1.3795938E+03   0.0000000E+00   0.0000000E+00   0.0000000E+00
     1.1080000E+03   3.1500616E+02   6.1743301E-03   3.1500967E+02   4.7128152E+04  -1.4072620E+03   0.0000000E+00   0.0000000E+00   0.0000000E+00
     1.1090000E+03   3.1500684E+02   6.8502943E-03   3.1500986E+02   4.4104352E+04  -1.2121968E+03   0.0000000E+00   0.0000000E+00   0.0000000E+00
     1.1100000E+03   3.1500601E+02   5.9973113E-03   3.1500992E+02   4.2956223E+04  -1.5792245E+03   0.0000000E+00   0.0000000E+00   0.0000000E+00
     1.1110000E+03   3.1500613E+02   6.1238888E-03   3.1500897E+02   3.9287246E+04  -1.1383461E+03   0.0000000E+00   0.0000000E+00   0.0000000E+00
     1.1120000E+03   3.1500589E+02   5.8796233E-03   3.1500851E+02   3.4173465E+04  -1.0629390E+03   0.0000000E+00   0.0000000E+00   0.0000000E+00
     1.1130000E+03   3.1500534E+02   5.3372150E-03   3.1500885E+02   3.3759043E+04  -1.4113312E+03   0.0000000E+00   0.0000000E+00   0.0000000E+00
     1.1140000E+03   3.1500522E+02   5.2063433E-03   3.1500888E+02   3.2885793E+04  -1.4778447E+03   0.0000000E+00   0.0000000E+00   0.0000000E+00
     1.1150000E+03   3.1500510E+02   5.1105586E-03   3.1500876E+02   3.3078328E+04  -1.4616744E+03   0.0000000E+00   0.0000000E+00   0.0000000E+00
     1.1160000E+03   3.1500516E+02   5.1522851E-03   3.1500864E+02   3.2954730E+04  -1.3924780E+03   0.0000000E+00   0.0000000E+00   0.0000000E+00
     1.1170000E+03   3.1500537E+02   5.3677456E-03   3.1500815E+02   3.1795639E+04  -1.1194678E+03   0.0000000E+00   0.0000000E+00   0.0000000E+00
     1.1180000E+03   3.1500525E+02   5.2527376E-03   3.1500781E+02   2.9863283E+04  -1.0303068E+03   0.0000000E+00   0.0000000E+00   0.0000000E+00
     1.1190000E+03   3.1500485E+02   4.8625725E-03   3.1500830E+02   2.9719068E+04  -1.3803799E+03   0.0000000E+00   0.0000000E+00   0.0000000E+00
     1.1200000E+03   3.1500497E+02   4.9828435E-03   3.1500836E+02   2.9744436E+04  -1.3513496E+03   0.0000000E+00   0.0000000E+00   0.0000000E+00
     1.1210000E+03   3.1500482E+02   4.8333630E-03   3.1500836E+02   2.9870152E+04  -1.4163333E+03   0.0000000E+00   0.0000000E+00   0.0000000E+00
     1.1220000E+03   3.1500497E+02   4.9651484E-03   3.1500833E+02   3.0507674E+04  -1.3560499E+03   0.0000000E+00   0.0000000E+00   0.0000000E+00
     1.1230000E+03   3.1500485E+02   4.8674284E-03   3.1500839E+02   3.0123770E+04  -1.4142177E+03   0.0000000E+00   0.0000000E+00   0.0000000E+00
     1.1240000E+03   3.1500488E+02   4.8957048E-03   3.1500833E+02   2.9849379E+04  -1.3767583E+03   0.0000000E+00   0.0000000E+00   0.0000000E+00
     1.1250000E+03   3.1500476E+02   4.7535552E-03   3.1500827E+02   2.8850529E+04  -1.4169720E+03   0.0000000E+00   0.0000000E+00   0.0000000E+00
     1.1260000E+03   3.1500473E+02   4.7188336E-03   3.1500818E+02   2.8174906E+04  -1.3879718E+03   0.0000000E+00   0.0000000E+00   0.0000000E+00
     1.1270000E+03   3.1500458E+02   4.5732525E-03   3.1500809E+02   2.7209945E+04  -1.4151190E+03   0.0000000E+00   0.0000000E+00   0.0000000E+00
     1.1280000E+03   3.1500461E+02   4.6100542E-03   3.1500803E+02   2.7183711E+04  -1.3724851E+03   0.0000000E+00   0.0000000E+00   0.0000000E+00
     1.1290000E+03   3.1500574E+02   5.7244962E-03   3.1500873E+02   3.9231957E+04  -1.2040919E+03   0.0000000E+00   0.0000000E+00   0.0000000E+00
     1.1300000E+03   3.1500540E+02   5.3987373E-03   3.1500943E+02   3.2999914E+04  -1.6134122E+03   0.0000000E+00   0.0000000E+00   0.0000000E+00
     1.1310000E+03   3.1501526E+02   1.5245759E-02   3.1501862E+02   1.8064917E+05  -1.3541604E+03   0.0000000E+00   0.0000000E+00   0.0000000E+00
     1.1320000E+03   3.1500955E+02   9.5386449E-03   3.1501303E+02   8.2656711E+04  -1.4065353E+03   0.0000000E+00   0.0000000E+00   0.0000000E+00
     1.1330000E+03   3.1500909E+02   9.0921838E-03   3.1501254E+02   7.2899133E+04  -1.3846111E+03   0.0000000E+00   0.0000000E+00   0.0000000E+00
     1.1340000E+03   3.1500858E+02   8.5673789E-03   3.1501199E+02   6.6604039E+04  -1.3723090E+03   0.0000000E+00   0.0000000E+00   0.0000000E+00
     1.1350000E+03   3.1500757E+02   7.5730882E-03   3.1501187E+02   5.9660117E+04  -1.7215574E+03   0.0000000E+00   0.0000000E+00   0.0000000E+00
     1.1360000E+03   3.1500763E+02   7.6440289E-03   3.1501074E+02   5.7478898E+04  -1.2426312E+03   0.0000000E+00   0.0000000E+00   0.0000000E+00
     1.1370000E+03   3.1500760E+02   7.5964364E-03   3.1501035E+02   5.3175602E+04  -1.1029884E+03   0.0000000E+00   0.0000000E+00   0.0000000E+00
     1.1380000E+03   3.1500693E+02   6.9278022E-03   3.1501108E+02   5.2505535E+04  -1.6685093E+03   0.0000000E+00   0.0000000E+00   0.0000000E+00
     1.1390000E+03   3.1500766E+02   7.6671001E-03   3.1501080E+02   4.2043656E+04  -1.2632299E+03   0.0000000E+00   0.0000000E+00   0.0000000E+00
     1.1400000E+03   3.1500714E+02   7.1499115E-03   3.1501010E+02   4.0605867E+04  -1.1805557E+03   0.0000000E+00   0.0000000E+00   0.0000000E+00
     1.1410000E+03   3.1500705E+02   7.0478152E-03   3.1500949E+02   3.7910922E+04  -9.8154108E+02   0.0000000E+00   0.0000000E+00   0.0000000E+00
     1.1420000E+03   3.1500656E+02   6.5763318E-03   3.1500943E+02   4.5652957E+04  -1.1501229E+03   0.0000000E+00   0.0000000E+00   0.0000000E+00
     1.1430000E+03   3.1500662E+02   6.6138562E-03   3.1500992E+02   4.6366742E+04  -1.3319469E+03   0.0000000E+00   0.0000000E+00   0.0000000E+00
     1.1440000E+03   3.1500952E+02   9.5079849E-03   3.1501291E+02   8.1746789E+04  -1.3675353E+03   0.0000000E+00   0.0000000E+00   0.0000000E+00
     1.1450000E+03   3.1501291E+02   1.2922838E-02   3.1501636E+02   1.3714225E+05  -1.3757115E+03   0.0000000E+00   0.0000000E+00   0.0000000E+00
     1.1460000E+03   3.1501294E+02   1.2946363E-02   3.1501639E+02   1.3782394E+05  -1.3875811E+03   0.0000000E+00   0.0000000E+00   0.0000000E+00
     1.1470000E+03   3.1501105E+02   1.1034399E-02   3.1501456E+02   1.0298643E+05  -1.4153782E+03   0.0000000E+00   0.0000000E+00   0.0000000E+00
     1.1480000E+03   3.1501047E+02   1.0470991E-02   3.1501395E+02   8.4572750E+04  -1.3980364E+03   0.0000000E+00   0.0000000E+00   0.0000000E+00
     1.1490000E+03   3.1501001E+02   1.0001096E-02   3.1501334E+02   7.8924047E+04  -1.3331805E+03   0.0000000E+00   0.0000000E+00   0.0000000E+00
     1.1500000E+03   3.1500958E+02   9.5674237E-03   3.1501303E+02   8.2561633E+04  -1.3913673E+03   0.0000000E+00   0.0000000E+00   0.0000000E+00
     1.1510000E+03   3.1500943E+02   9.4289975E-03   3.1501254E+02   7.8290883E+04  -1.2557142E+03   0.0000000E+00   0.0000000E+00   0.0000000E+00
     1.1520000E+03   3.1500854E+02   8.5385991E-03   3.1501276E+02   7.3488461E+04  -1.6912875E+03   0.0000000E+00   0.0000000E+00   0.0000000E+00
     1.1530000E+03   3.1500909E+02   9.0842275E-03   3.1501257E+02   6.1687699E+04  -1.4030010E+03   0.0000000E+00   0.0000000E+00   0.0000000E+00
     1.1540000E+03   3.1500870E+02   8.6877141E-03   3.1501184E+02   6.0040449E+04  -1.2602498E+03   0.0000000E+00   0.0000000E+00   0.0000000E+00
     1.1550000E+03   3.1500870E+02   8.7043066E-03   3.1501154E+02   5.8527285E+04  -1.1327091E+03   0.0000000E+00   0.0000000E+00   0.0000000E+00
     1.1560000E+03   3.1500873E+02   8.7288078E-03   3.1501129E+02   5.4764887E+04  -1.0293503E+03   0.0000000E+00   0.0000000E+00   0.0000000E+00
     1.1570000E+03   3.1500830E+02   8.3002243E-03   3.1501117E+02   5.2536730E+04  -1.1540186E+03   0.0000000E+00   0.0000000E+00   0.0000000E+00
     1.1580000E+03   3.1500821E+02   8.2217054E-03   3.1501154E+02   5.2726199E+04  -1.3356188E+03   0.0000000E+00   0.0000000E+00   0.0000000E+00
     1.1590000E+03   3.1500809E+02   8.0974158E-03   3.1501096E+02   5.1838961E+04  -1.1435494E+03   0.0000000E+00   0.0000000E+00   0.0000000E+00
     1.1600000E+03   3.1500751E+02   7.5189015E-03   3.1501093E+02   6.0797328E+04  -1.3657755E+03   0.0000000E+00   0.0000000E+00   0.0000000E+00
     1.1610000E+03   3.1500735E+02   7.3593473E-03   3.1501044E+02   5.9433762E+04  -1.2350781E+03   0.0000000E+00   0.0000000E+00   0.0000000E+00
     1.1620000E+03   3.1500696E+02   6.9523859E-03   3.1501035E+02   4.1912406E+04  -1.3601478E+03   0.0000000E+00   0.0000000E+00   0.0000000E+00
     1.1630000E+03   3.1500757E+02   7.5736507E-03   3.1501022E+02   6.6602883E+04  -1.0622568E+03   0.0000000E+00   0.0000000E+00   0.0000000E+00
     1.1640000E+03   3.1500732E+02   7.3178275E-03   3.1501022E+02   5.7883488E+04  -1.1639688E+03   0.0000000E+00   0.0000000E+00   0.0000000E+00
     1.1650000E+03   3.1500775E+02   7.7566952E-03   3.1501215E+02   6.1580059E+04  -1.7577635E+03   0.0000000E+00   0.0000000E+00   0.0000000E+00
     1.1660000E+03   3.1500760E+02   7.5966050E-03   3.1501086E+02   5.4542664E+04  -1.3151837E+03   0.0000000E+00   0.0000000E+00   0.0000000E+00
     1.1670000E+03   3.1500748E+02   7.4694296E-03   3.1501086E+02   5.3637648E+04  -1.3650173E+03   0.0000000E+00   0.0000000E+00   0.0000000E+00
     1.1680000E+03   3.1500739E+02   7.3781577E-03   3.1501077E+02   5.1573668E+04  -1.3606709E+03   0.0000000E+00   0.0000000E+00   0.0000000E+00
     1.1690000E+03   3.1500711E+02   7.1106018E-03   3.1501047E+02   3.9146602E+04  -1.3530388E+03   0.0000000E+00   0.0000000E+00   0.0000000E+00
     1.1700000E+03   3.1500534E+02   5.3304564E-03   3.1500854E+02   3.2179211E+04  -1.2940986E+03   0.0000000E+00   0.0000000E+00   0.0000000E+00
     1.1710000E+03   3.1500607E+02   6.0860775E-03   3.1500867E+02   4.0778906E+04  -1.0349196E+03   0.0000000E+00   0.0000000E+00   0.0000000E+00
     1.1720000E+03   3.1500790E+02   7.9123927E-03   3.1500974E+02   6.9069086E+04  -7.3091400E+02   0.0000000E+00   0.0000000E+00   0.0000000E+00
     1.1730000E+03   3.1500751E+02   7.5175180E-03   3.1501093E+02   5.5529578E+04  -1.3683638E+03   0.0000000E+00   0.0000000E+00   0.0000000E+00
     1.1740000E+03   3.1500723E+02   7.2241216E-03   3.1501050E+02   5.1958410E+04  -1.3111855E+03   0.0000000E+00   0.0000000E+00   0.0000000E+00
     1.1750000E+03   3.1500720E+02   7.1910885E-03   3.1501059E+02   5.0268602E+04  -1.3606696E+03   0.0000000E+00   0.0000000E+00   0.0000000E+00
     1.1760000E+03   3.1500711E+02   7.1009565E-03   3.1501050E+02   3.9996238E+04  -1.3634973E+03   0.0000000E+00   0.0000000E+00   0.0000000E+00
     1.1770000E+03   3.1500662E+02   6.6110436E-03   3.1501004E+02   3.4931527E+04  -1.3736465E+03   0.0000000E+00   0.0000000E+00   0.0000000E+00
     1.1780000E+03   3.1500690E+02   6.8954285E-03   3.1500970E+02   5.0761523E+04  -1.1276812E+03   0.0000000E+00   0.0000000E+00   0.0000000E+00
     1.1790000E+03   3.1500708E+02   7.0863958E-03   3.1501038E+02   4.0272785E+04  -1.3172163E+03   0.0000000E+00   0.0000000E+00   0.0000000E+00
     1.1800000E+03   3.1500665E+02   6.6606831E-03   3.1500980E+02   4.4714980E+04  -1.2639580E+03   0.0000000E+00   0.0000000E+00   0.0000000E+00
     1.1810000E+03   3.1500674E+02   6.7513394E-03   3.1501016E+02   3.6200703E+04  -1.3741357E+03   0.0000000E+00   0.0000000E+00   0.0000000E+00
     1.1820000E+03   3.1500552E+02   5.5198353E-03   3.1500974E+02   2.9100793E+04  -1.6964443E+03   0.0000000E+00   0.0000000E+00   0.0000000E+00
     1.1830000E+03   3.1500708E+02   7.0671975E-03   3.1500989E+02   5.3753340E+04  -1.1377701E+03   0.0000000E+00   0.0000000E+00   0.0000000E+00
     1.1840000E+03   3.1500653E+02   6.5239919E-03   3.1500992E+02   4.3999039E+04  -1.3682118E+03   0.0000000E+00   0.0000000E+00   0.0000000E+00
     1.1850000E+03   3.1500653E+02   6.5433453E-03   3.1500992E+02   4.2753551E+04  -1.3547223E+03   0.0000000E+00   0.0000000E+00   0.0000000E+00
     1.1860000E+03   3.1500647E+02   6.4756498E-03   3.1500986E+02   3.3120164E+04  -1.3525966E+03   0.0000000E+00   0.0000000E+00   0.0000000E+00
     1.1870000E+03   3.1500604E+02   6.0370211E-03   3.1500940E+02   2.9154170E+04  -1.3483611E+03   0.0000000E+00   0.0000000E+00   0.0000000E+00
     1.1880000E+03   3.1500592E+02   5.9206327E-03   3.1500854E+02   4.2403562E+04  -1.0547345E+03   0.0000000E+00   0.0000000E+00   0.0000000E+00
     1.1890000E+03   3.1500656E+02   6.5687117E-03   3.1501004E+02   3.4194270E+04  -1.3994409E+03   0.0000000E+00   0.0000000E+00   0.0000000E+00
     1.1900000E+03   3.1500632E+02   6.3291704E-03   3.1500964E+02   4.4552355E+04  -1.3341538E+03   0.0000000E+00   0.0000000E+00   0.0000000E+00
     1.1910000E+03   3.1500485E+02   4.8415074E-03   3.1500974E+02   2.6644984E+04  -1.9700363E+03   0.0000000E+00   0.0000000E+00   0.0000000E+00
     1.1920000E+03   3.1500613E+02   6.1382912E-03   3.1500845E+02   4.6675078E+04  -9.3359711E+02   0.0000000E+00   0.0000000E+00   0.0000000E+00
     1.1930000E+03   3.1500659E+02   6.6012959E-03   3.1500983E+02   4.9993988E+04  -1.2982159E+03   0.0000000E+00   0.0000000E+00   0.0000000E+00
     1.1940000E+03   3.1500613E+02   6.1345110E-03   3.1501016E+02   4.1834996E+04  -1.6179901E+03   0.0000000E+00   0.0000000E+00   0.0000000E+00
     1.1950000E+03   3.1500571E+02   5.7070134E-03   3.1500974E+02   3.8606020E+04  -1.6174384E+03   0.0000000E+00   0.0000000E+00   0.0000000E+00
     1.1960000E+03   3.1500601E+02   5.9998082E-03   3.1500922E+02   2.7715111E+04  -1.2911318E+03   0.0000000E+00   0.0000000E+00   0.0000000E+00
     1.1970000E+03   3.1500565E+02   5.6346199E-03   3.1500885E+02   3.6962418E+04  -1.2933878E+03   0.0000000E+00   0.0000000E+00   0.0000000E+00
     1.1980000E+03   3.1500452E+02   4.5113829E-03   3.1500894E+02   2.3309576E+04  -1.7832773E+03   0.0000000E+00   0.0000000E+00   0.0000000E+00
     1.1990000E+03   3.1500589E+02   5.8905594E-03   3.1500809E+02   4.3138871E+04  -8.8025037E+02   0.0000000E+00   0.0000000E+00   0.0000000E+00
     1.2000000E+03   3.1500650E+02   6.5032705E-03   3.1500955E+02   4.8481617E+04  -1.2178569E+03   0.0000000E+00   0.0000000E+00   0.0000000E+00
     1.2010000E+03   3.1500595E+02   5.9596938E-03   3.1501001E+02   4.0015668E+04  -1.6238165E+03   0.0000000E+00   0.0000000E+00   0.0000000E+00
     1.2020000E+03   3.1500620E+02   6.1865733E-03   3.1500940E+02   2.8836357E+04  -1.2928925E+03   0.0000000E+00   0.0000000E+00   0.0000000E+00
     1.2030000E+03   3.1500568E+02   5.6661838E-03   3.1500894E+02   2.5318178E+04  -1.3161992E+03   0.0000000E+00   0.0000000E+00   0.0000000E+00
     1.2040000E+03   3.1500552E+02   5.5375798E-03   3.1500818E+02   3.8535258E+04  -1.0544613E+03   0.0000000E+00   0.0000000E+00   0.0000000E+00
     1.2050000E+03   3.1500580E+02   5.8058333E-03   3.1500916E+02   3.9230762E+04  -1.3457292E+03   0.0000000E+00   0.0000000E+00   0.0000000E+00
     1.2060000E+03   3.1500565E+02   5.6607560E-03   3.1500937E+02   3.8084457E+04  -1.4853868E+03   0.0000000E+00   0.0000000E+00   0.0000000E+00
     1.2070000E+03   3.1504477E+02   4.4771016E-02   3.1504800E+02   1.0878959E+06  -1.2931842E+03   0.0000000E+00   0.0000000E+00   0.0000000E+00
     1.2080000E+03   3.1501514E+02   1.5140546E-02   3.1501886E+02   1.7857391E+05  -1.4906914E+03   0.0000000E+00   0.0000000E+00   0.0000000E+00
     1.2090000E+03   3.1501855E+02   1.8561499E-02   3.1502197E+02   2.5079625E+05  -1.3723132E+03   0.0000000E+00   0.0000000E+00   0.0000000E+00
     1.2100000E+03   3.1501923E+02   1.9219443E-02   3.1502267E+02   2.6626275E+05  -1.3902103E+03   0.0000000E+00   0.0000000E+00   0.0000000E+00
     1.2110000E+03   3.1501462E+02   1.4610294E-02   3.1501813E+02   1.6824462E+05  -1.4092208E+03   0.0000000E+00   0.0000000E+00   0.0000000E+00
     1.2120000E+03   3.1501334E+02   1.3327422E-02   3.1501685E+02   1.4403384E+05  -1.4133348E+03   0.0000000E+00   0.0000000E+00   0.0000000E+00
     1.2130000E+03   3.1501202E+02   1.2039005E-02   3.1501605E+02   1.1932655E+05  -1.6161517E+03   0.0000000E+00   0.0000000E+00   0.0000000E+00
     1.2140000E+03   3.1501114E+02   1.1142840E-02   3.1501477E+02   1.0771258E+05  -1.4588347E+03   0.0000000E+00   0.0000000E+00   0.0000000E+00
     1.2150000E+03   3.1501016E+02   1.0151892E-02   3.1501395E+02   9.8051484E+04  -1.5223643E+03   0.0000000E+00   0.0000000E+00   0.0000000E+00
     1.2160000E+03   3.1500980E+02   9.7908909E-03   3.1501385E+02   8.4593562E+04  -1.6342357E+03   0.0000000E+00   0.0000000E+00   0.0000000E+00
     1.2170000E+03   3.1500998E+02   9.9902395E-03   3.1501337E+02   7.9354312E+04  -1.3610155E+03   0.0000000E+00   0.0000000E+00   0.0000000E+00
     1.2180000E+03   3.1500961E+02   9.5986789E-03   3.1501288E+02   8.2356359E+04  -1.3135641E+03   0.0000000E+00   0.0000000E+00   0.0000000E+00
     1.2190000E+03   3.1500900E+02   8.9915525E-03   3.1501303E+02   8.0652938E+04  -1.6270581E+03   0.0000000E+00   0.0000000E+00   0.0000000E+00
     1.2200000E+03   3.1500867E+02   8.6702630E-03   3.1501276E+02   7.6652219E+04  -1.6408009E+03   0.0000000E+00   0.0000000E+00   0.0000000E+00
     1.2210000E+03   3.1500894E+02   8.9505417E-03   3.1501199E+02   7.2529711E+04  -1.2156803E+03   0.0000000E+00   0.0000000E+00   0.0000000E+00
     1.2220000E+03   3.1500873E+02   8.7141562E-03   3.1501208E+02   7.1963625E+04  -1.3563260E+03   0.0000000E+00   0.0000000E+00   0.0000000E+00
     1.2230000E+03   3.1500885E+02   8.8432152E-03   3.1501224E+02   7.0856352E+04  -1.3634768E+03   0.0000000E+00   0.0000000E+00   0.0000000E+00
     1.2240000E+03   3.1500827E+02   8.2712453E-03   3.1501224E+02   6.9884648E+04  -1.5877843E+03   0.0000000E+00   0.0000000E+00   0.0000000E+00
     1.2250000E+03   3.1500864E+02   8.6256405E-03   3.1501193E+02   7.1748992E+04  -1.3318615E+03   0.0000000E+00   0.0000000E+00   0.0000000E+00
     1.2260000E+03   3.1500876E+02   8.7572047E-03   3.1501212E+02   7.1867938E+04  -1.3428895E+03   0.0000000E+00   0.0000000E+00   0.0000000E+00
     1.2270000E+03   3.1500873E+02   8.7368665E-03   3.1501215E+02   6.8891227E+04  -1.3711183E+03   0.0000000E+00   0.0000000E+00   0.0000000E+00
     1.2280000E+03   3.1500833E+02   8.3222762E-03   3.1501208E+02   7.0253750E+04  -1.5045624E+03   0.0000000E+00   0.0000000E+00   0.0000000E+00
     1.2290000E+03   3.1500891E+02   8.9250915E-03   3.1501196E+02   7.5808336E+04  -1.2196262E+03   0.0000000E+00   0.0000000E+00   0.0000000E+00
     1.2300000E+03   3.1500912E+02   9.1221659E-03   3.1501242E+02   7.9655727E+04  -1.3268651E+03   0.0000000E+00   0.0000000E+00   0.0000000E+00
     1.2310000E+03   3.1502972E+02   2.9714117E-02   3.1503305E+02   5.4941112E+05  -1.3338613E+03   0.0000000E+00   0.0000000E+00   0.0000000E+00
     1.2320000E+03   3.1502979E+02   2.9784875E-02   3.1503326E+02   5.5336481E+05  -1.3924948E+03   0.0000000E+00   0.0000000E+00   0.0000000E+00
     1.2330000E+03   3.1502365E+02   2.3639137E-02   3.1502719E+02   3.7523116E+05  -1.4293583E+03   0.0000000E+00   0.0000000E+00   0.0000000E+00
     1.2340000E+03   3.1502338E+02   2.3367170E-02   3.1502704E+02   3.6754750E+05  -1.4712334E+03   0.0000000E+00   0.0000000E+00   0.0000000E+00
     1.2350000E+03   3.1502267E+02   2.2685353E-02   3.1502634E+02   3.3557778E+05  -1.4687993E+03   0.0000000E+00   0.0000000E+00   0.0000000E+00
     1.2360000E+03   3.1502209E+02   2.2094555E-02   3.1502591E+02   3.3815525E+05  -1.5269977E+03   0.0000000E+00   0.0000000E+00   0.0000000E+00
     1.2370000E+03   3.1501999E+02   1.9983562E-02   3.1502539E+02   2.7931409E+05  -2.1717991E+03   0.0000000E+00   0.0000000E+00   0.0000000E+00
     1.2380000E+03   3.1501498E+02   1.4972843E-02   3.1501880E+02   1.7378434E+05  -1.5298324E+03   0.0000000E+00   0.0000000E+00   0.0000000E+00
     1.2390000E+03   3.1501462E+02   1.4619947E-02   3.1501819E+02   1.6786856E+05  -1.4316085E+03   0.0000000E+00   0.0000000E+00   0.0000000E+00
     1.2400000E+03   3.1501419E+02   1.4205921E-02   3.1501773E+02   1.5024031E+05  -1.4156029E+03   0.0000000E+00   0.0000000E+00   0.0000000E+00
     1.2410000E+03   3.1501407E+02   1.4076402E-02   3.1501743E+02   1.4490008E+05  -1.3448774E+03   0.0000000E+00   0.0000000E+00   0.0000000E+00
     1.2420000E+03   3.1501346E+02   1.3466533E-02   3.1501709E+02   1.4635816E+05  -1.4498362E+03   0.0000000E+00   0.0000000E+00   0.0000000E+00
     1.2430000E+03   3.1501324E+02   1.3244010E-02   3.1501672E+02   1.4367789E+05  -1.4020985E+03   0.0000000E+00   0.0000000E+00   0.0000000E+00
     1.2440000E+03   3.1501328E+02   1.3260080E-02   3.1501624E+02   1.3929670E+05  -1.1990588E+03   0.0000000E+00   0.0000000E+00   0.0000000E+00
     1.2450000E+03   3.1501248E+02   1.2488966E-02   3.1501630E+02   1.3658994E+05  -1.5333483E+03   0.0000000E+00   0.0000000E+00   0.0000000E+00
     1.2460000E+03   3.1501907E+02   1.9086991E-02   3.1502249E+02   2.6271581E+05  -1.3637928E+03   0.0000000E+00   0.0000000E+00   0.0000000E+00
     1.2470000E+03   3.1501724E+02   1.7228052E-02   3.1502106E+02   2.2079747E+05  -1.5415392E+03   0.0000000E+00   0.0000000E+00   0.0000000E+00
     1.2480000E+03   3.1501999E+02   1.9996550E-02   3.1502289E+02   2.9458925E+05  -1.1576646E+03   0.0000000E+00   0.0000000E+00   0.0000000E+00
     1.2490000E+03   3.1501740E+02   1.7409213E-02   3.1502100E+02   2.1814906E+05  -1.4452869E+03   0.0000000E+00   0.0000000E+00   0.0000000E+00
     1.2500000E+03   3.1501544E+02   1.5428430E-02   3.1501901E+02   1.8510916E+05  -1.4392151E+03   0.0000000E+00   0.0000000E+00   0.0000000E+00
     1.2510000E+03   3.1501508E+02   1.5079866E-02   3.1501886E+02   1.7652683E+05  -1.5118027E+03   0.0000000E+00   0.0000000E+00   0.0000000E+00
     1.2520000E+03   3.1501489E+02   1.4894641E-02   3.1501782E+02   1.7780814E+05  -1.1707870E+03   0.0000000E+00   0.0000000E+00   0.0000000E+00
     1.2530000E+03   3.1501501E+02   1.5024998E-02   3.1501828E+02   1.7909486E+05  -1.3089518E+03   0.0000000E+00   0.0000000E+00   0.0000000E+00
     1.2540000E+03   3.1501465E+02   1.4663395E-02   3.1501791E+02   1.7103359E+05  -1.3032603E+03   0.0000000E+00   0.0000000E+00   0.0000000E+00
     1.2550000E+03   3.1501443E+02   1.4449653E-02   3.1501743E+02   1.6168877E+05  -1.1906362E+03   0.0000000E+00   0.0000000E+00   0.0000000E+00
     1.2560000E+03   3.1501379E+02   1.3801806E-02   3.1501706E+02   1.5459222E+05  -1.3077806E+03   0.0000000E+00   0.0000000E+00   0.0000000E+00
     1.2570000E+03   3.1501346E+02   1.3455856E-02   3.1501654E+02   1.4736912E+05  -1.2369430E+03   0.0000000E+00   0.0000000E+00   0.0000000E+00
     1.2580000E+03   3.1501276E+02   1.2769568E-02   3.1501611E+02   1.3756598E+05  -1.3379705E+03   0.0000000E+00   0.0000000E+00   0.0000000E+00
     1.2590000E+03   3.1501254E+02   1.2539298E-02   3.1501575E+02   1.3402442E+05  -1.2898290E+03   0.0000000E+00   0.0000000E+00   0.0000000E+00
     1.2600000E+03   3.1501880E+02   1.8793071E-02   3.1502216E+02   2.5600730E+05  -1.3554817E+03   0.0000000E+00   0.0000000E+00   0.0000000E+00
     1.2610000E+03   3.1501880E+02   1.8793233E-02   3.1502225E+02   2.5605105E+05  -1.3874501E+03   0.0000000E+00   0.0000000E+00   0.0000000E+00
     1.2620000E+03   3.1501569E+02   1.5687896E-02   3.1501920E+02   1.8924380E+05  -1.4019940E+03   0.0000000E+00   0.0000000E+00   0.0000000E+00
     1.2630000E+03   3.1508478E+02   8.4772207E-02   3.1508795E+02   3.1526668E+06  -1.2822726E+03   0.0000000E+00   0.0000000E+00   0.0000000E+00
     1.2640000E+03   3.1502866E+02   2.8642170E-02   3.1503268E+02   5.1672506E+05  -1.6241813E+03   0.0000000E+00   0.0000000E+00   0.0000000E+00
     1.2650000E+03   3.1502307E+02   2.3065872E-02   3.1502664E+02   3.6019034E+05  -1.4316777E+03   0.0000000E+00   0.0000000E+00   0.0000000E+00
     1.2660000E+03   3.1502051E+02   2.0492977E-02   3.1502408E+02   2.9557488E+05  -1.4333459E+03   0.0000000E+00   0.0000000E+00   0.0000000E+00
     1.2670000E+03   3.1505014E+02   5.0151169E-02   3.1505353E+02   1.3143571E+06  -1.3591104E+03   0.0000000E+00   0.0000000E+00   0.0000000E+00
     1.2680000E+03   3.1504980E+02   4.9812011E-02   3.1505341E+02   1.3007154E+06  -1.4395198E+03   0.0000000E+00   0.0000000E+00   0.0000000E+00
     1.2690000E+03   3.1503467E+02   3.4661476E-02   3.1503839E+02   7.1011400E+05  -1.4939285E+03   0.0000000E+00   0.0000000E+00   0.0000000E+00
     1.2700000E+03   3.1503427E+02   3.4266312E-02   3.1503751E+02   6.9658725E+05  -1.3020990E+03   0.0000000E+00   0.0000000E+00   0.0000000E+00
     1.2710000E+03   3.1506812E+02   6.8127118E-02   3.1507159E+02   2.1900512E+06  -1.3872897E+03   0.0000000E+00   0.0000000E+00   0.0000000E+00
     1.2720000E+03   3.1505994E+02   5.9922263E-02   3.1506372E+02   1.7683374E+06  -1.5285638E+03   0.0000000E+00   0.0000000E+00   0.0000000E+00
     1.2730000E+03   3.1505466E+02   5.4657772E-02   3.1506229E+02   1.5045699E+06  -3.0655457E+03   0.0000000E+00   0.0000000E+00   0.0000000E+00
     1.2740000E+03   3.1505972E+02   5.9728231E-02   3.1506348E+02   1.7588105E+06  -1.5026398E+03   0.0000000E+00   0.0000000E+00   0.0000000E+00
     1.2750000E+03   3.1505460E+02   5.4593280E-02   3.1505838E+02   1.5140780E+06  -1.5171377E+03   0.0000000E+00   0.0000000E+00   0.0000000E+00
     1.2760000E+03   3.1505353E+02   5.3533085E-02   3.1505725E+02   1.4660129E+06  -1.4892817E+03   0.0000000E+00   0.0000000E+00   0.0000000E+00
     1.2770000E+03   3.1505292E+02   5.2914910E-02   3.1505673E+02   1.3099790E+06  -1.5273342E+03   0.0000000E+00   0.0000000E+00   0.0000000E+00
     1.2780000E+03   3.1513492E+02   1.3491917E-01   3.1513843E+02   6.8396805E+06  -1.4060154E+03   0.0000000E+00   0.0000000E+00   0.0000000E+00
     1.2790000E+03   3.1512103E+02   1.2101948E-01   3.1512543E+02   5.7061275E+06  -1.7748101E+03   0.0000000E+00   0.0000000E+00   0.0000000E+00
     1.2800000E+03   3.1512048E+02   1.2047360E-01   3.1512485E+02   5.6355100E+06  -1.7613561E+03   0.0000000E+00   0.0000000E+00   0.0000000E+00
     1.2810000E+03   3.1506601E+02   6.5999158E-02   3.1507050E+02   2.0772094E+06  -1.8008589E+03   0.0000000E+00   0.0000000E+00   0.0000000E+00
     1.2820000E+03   3.1505627E+02   5.6259479E-02   3.1506036E+02   1.5918605E+06  -1.6461309E+03   0.0000000E+00   0.0000000E+00   0.0000000E+00
     1.2830000E+03   3.1504886E+02   4.8872761E-02   3.1505310E+02   1.2590049E+06  -1.6937198E+03   0.0000000E+00   0.0000000E+00   0.0000000E+00
     1.2840000E+03   3.1504791E+02   4.7904108E-02   3.1505219E+02   1.2283231E+06  -1.7205360E+03   0.0000000E+00   0.0000000E+00   0.0000000E+00
     1.2850000E+03   3.1504785E+02   4.7860455E-02   3.1505215E+02   1.2112411E+06  -1.7194546E+03   0.0000000E+00   0.0000000E+00   0.0000000E+00
     1.2860000E+03   3.1503836E+02   3.8363867E-02   3.1504251E+02   8.4098062E+05  -1.6668304E+03   0.0000000E+00   0.0000000E+00   0.0000000E+00
     1.2870000E+03   3.1503796E+02   3.7966106E-02   3.1504199E+02   8.1962400E+05  -1.6182885E+03   0.0000000E+00   0.0000000E+00   0.0000000E+00
     1.2880000E+03   3.1504678E+02   4.6769578E-02   3.1505075E+02   1.1700104E+06  -1.6001503E+03   0.0000000E+00   0.0000000E+00   0.0000000E+00
     1.2890000E+03   3.1508136E+02   8.1372052E-02   3.1508743E+02   2.9447430E+06  -2.4365527E+03   0.0000000E+00   0.0000000E+00   0.0000000E+00
     1.2900000E+03   3.1523257E+02   2.3257254E-01   3.1524326E+02   1.6950788E+07  -4.2831641E+03   0.0000000E+00   0.0000000E+00   0.0000000E+00
     1.2910000E+03   3.1516061E+02   1.6062821E-01   3.1516821E+02   9.1471500E+06  -3.0492593E+03   0.0000000E+00   0.0000000E+00   0.0000000E+00
     1.2920000E+03   3.1511023E+02   1.1022844E-01   3.1511676E+02   4.8835830E+06  -2.6254883E+03   0.0000000E+00   0.0000000E+00   0.0000000E+00
     1.2930000E+03   3.1508450E+02   8.4496655E-02   3.1509039E+02   3.1355615E+06  -2.3620508E+03   0.0000000E+00   0.0000000E+00   0.0000000E+00
     1.2940000E+03   3.1507175E+02   7.1740374E-02   3.1507733E+02   2.3869530E+06  -2.2420645E+03   0.0000000E+00   0.0000000E+00   0.0000000E+00
     1.2950000E+03   3.1506409E+02   6.4076252E-02   3.1506931E+02   1.9773040E+06  -2.1034014E+03   0.0000000E+00   0.0000000E+00   0.0000000E+00
     1.2960000E+03   3.1505820E+02   5.8192674E-02   3.1506323E+02   1.6840728E+06  -2.0202670E+03   0.0000000E+00   0.0000000E+00   0.0000000E+00
     1.2970000E+03   3.1505457E+02   5.4572105E-02   3.1505942E+02   1.5130931E+06  -1.9397515E+03   0.0000000E+00   0.0000000E+00   0.0000000E+00
     1.2980000E+03   3.1505356E+02   5.3543456E-02   3.1505853E+02   1.4358282E+06  -2.0019938E+03   0.0000000E+00   0.0000000E+00   0.0000000E+00
     1.2990000E+03   3.1504877E+02   4.8774254E-02   3.1505334E+02   1.2547024E+06  -1.8398765E+03   0.0000000E+00   0.0000000E+00   0.0000000E+00
     1.3000000E+03   3.1504788E+02   4.7873560E-02   3.1505219E+02   1.2167981E+06  -1.7318779E+03   0.0000000E+00   0.0000000E+00   0.0000000E+00
     1.3010000E+03   3.1504572E+02   4.5711342E-02   3.1504999E+02   1.1387298E+06  -1.7166696E+03   0.0000000E+00   0.0000000E+00   0.0000000E+00
     1.3020000E+03   3.1504443E+02   4.4421852E-02   3.1504858E+02   1.0659889E+06  -1.6687383E+03   0.0000000E+00   0.0000000E+00   0.0000000E+00
     1.3030000E+03   3.1505539E+02   5.5392317E-02   3.1505954E+02   1.5511920E+06  -1.6640472E+03   0.0000000E+00   0.0000000E+00   0.0000000E+00
     1.3040000E+03   3.1505243E+02   5.2417628E-02   3.1505661E+02   1.4148574E+06  -1.6868866E+03   0.0000000E+00   0.0000000E+00   0.0000000E+00
     1.3050000E+03   3.1504758E+02   4.7571108E-02   3.1505179E+02   1.2035240E+06  -1.6911182E+03   0.0000000E+00   0.0000000E+00   0.0000000E+00
     1.3060000E+03   3.1504663E+02   4.6616644E-02   3.1505075E+02   1.1368559E+06  -1.6629011E+03   0.0000000E+00   0.0000000E+00   0.0000000E+00
     1.3070000E+03   3.1504132E+02   4.1332748E-02   3.1504538E+02   9.5221450E+05  -1.6266641E+03   0.0000000E+00   0.0000000E+00   0.0000000E+00
     1.3080000E+03   3.1504028E+02   4.0289752E-02   3.1504416E+02   9.1368138E+05  -1.5495629E+03   0.0000000E+00   0.0000000E+00   0.0000000E+00
     1.3090000E+03   3.1503857E+02   3.8563106E-02   3.1504291E+02   8.4860238E+05  -1.7490421E+03   0.0000000E+00   0.0000000E+00   0.0000000E+00
     1.3100000E+03   3.1503680E+02   3.6813706E-02   3.1504074E+02   7.8514588E+05  -1.5703132E+03   0.0000000E+00   0.0000000E+00   0.0000000E+00
     1.3110000E+03   3.1503604E+02   3.6033049E-02   3.1504037E+02   7.6702038E+05  -1.7394949E+03   0.0000000E+00   0.0000000E+00   0.0000000E+00
     1.3120000E+03   3.1503537E+02   3.5382256E-02   3.1503882E+02   7.3939062E+05  -1.3770692E+03   0.0000000E+00   0.0000000E+00   0.0000000E+00
     1.3130000E+03   3.1503412E+02   3.4123991E-02   3.1503809E+02   6.9170919E+05  -1.5897430E+03   0.0000000E+00   0.0000000E+00   0.0000000E+00
     1.3140000E+03   3.1503366E+02   3.3668336E-02   3.1503741E+02   6.7023631E+05  -1.4996689E+03   0.0000000E+00   0.0000000E+00   0.0000000E+00
     1.3150000E+03   3.1503320E+02   3.3188663E-02   3.1503705E+02   6.4507769E+05  -1.5543053E+03   0.0000000E+00   0.0000000E+00   0.0000000E+00
     1.3160000E+03   3.1503223E+02   3.2220297E-02   3.1503650E+02   6.0133006E+05  -1.7127360E+03   0.0000000E+00   0.0000000E+00   0.0000000E+00
     1.3170000E+03   3.1503012E+02   3.0123347E-02   3.1503430E+02   5.7116444E+05  -1.6776533E+03   0.0000000E+00   0.0000000E+00   0.0000000E+00
     1.3180000E+03   3.1502997E+02   2.9983021E-02   3.1503397E+02   5.5711062E+05  -1.6029547E+03   0.0000000E+00   0.0000000E+00   0.0000000E+00
     1.3190000E+03   3.1502869E+02   2.8683426E-02   3.1503326E+02   5.2490744E+05  -1.8375245E+03   0.0000000E+00   0.0000000E+00   0.0000000E+00
     1.3200000E+03   3.1502850E+02   2.8511597E-02   3.1503207E+02   4.9542075E+05  -1.4283608E+03   0.0000000E+00   0.0000000E+00   0.0000000E+00
     1.3210000E+03   3.1502740E+02   2.7397988E-02   3.1503152E+02   4.7608941E+05  -1.6547725E+03   0.0000000E+00   0.0000000E+00   0.0000000E+00
     1.3220000E+03   3.1502673E+02   2.6742734E-02   3.1503033E+02   4.6172256E+05  -1.4363503E+03   0.0000000E+00   0.0000000E+00   0.0000000E+00
     1.3230000E+03   3.1502652E+02   2.6506159E-02   3.1503015E+02   4.4084772E+05  -1.4601674E+03   0.0000000E+00   0.0000000E+00   0.0000000E+00
     1.3240000E+03   3.1502625E+02   2.6231265E-02   3.1503003E+02   4.3648662E+05  -1.5281768E+03   0.0000000E+00   0.0000000E+00   0.0000000E+00
     1.3250000E+03   3.1502570E+02   2.5698617E-02   3.1502966E+02   4.3776425E+05  -1.5898730E+03   0.0000000E+00   0.0000000E+00   0.0000000E+00
     1.3260000E+03   3.1502557E+02   2.5559710E-02   3.1502917E+02   4.1479331E+05  -1.4454000E+03   0.0000000E+00   0.0000000E+00   0.0000000E+00
     1.3270000E+03   3.1502460E+02   2.4609527E-02   3.1502869E+02   3.8947678E+05  -1.6365006E+03   0.0000000E+00   0.0000000E+00   0.0000000E+00
     1.3280000E+03   3.1502341E+02   2.3414295E-02   3.1502789E+02   3.8384297E+05  -1.7943685E+03   0.0000000E+00   0.0000000E+00   0.0000000E+00
     1.3290000E+03   3.1502322E+02   2.3238165E-02   3.1502759E+02   3.8347259E+05  -1.7489425E+03   0.0000000E+00   0.0000000E+00   0.0000000E+00
     1.3300000E+03   3.1502292E+02   2.2907922E-02   3.1502713E+02   3.5247603E+05  -1.7005493E+03   0.0000000E+00   0.0000000E+00   0.0000000E+00
     1.3310000E+03   3.1502213E+02   2.2118099E-02   3.1502618E+02   3.5040966E+05  -1.6289021E+03   0.0000000E+00   0.0000000E+00   0.0000000E+00
     1.3320000E+03   3.1502216E+02   2.2147387E-02   3.1502606E+02   3.5571766E+05  -1.5725654E+03   0.0000000E+00   0.0000000E+00   0.0000000E+00
     1.3330000E+03   3.1502271E+02   2.2697685E-02   3.1502567E+02   3.3243997E+05  -1.1937645E+03   0.0000000E+00   0.0000000E+00   0.0000000E+00
     1.3340000E+03   3.1502249E+02   2.2480147E-02   3.1502557E+02   3.3656634E+05  -1.2397876E+03   0.0000000E+00   0.0000000E+00   0.0000000E+00
     1.3350000E+03   3.1502213E+02   2.2114757E-02   3.1502527E+02   3.3109284E+05  -1.2695557E+03   0.0000000E+00   0.0000000E+00   0.0000000E+00
     1.3360000E+03   3.1502170E+02   2.1710217E-02   3.1502490E+02   3.2266512E+05  -1.2827205E+03   0.0000000E+00   0.0000000E+00   0.0000000E+00
     1.3370000E+03   3.1502155E+02   2.1558287E-02   3.1502469E+02   3.1602350E+05  -1.2576531E+03   0.0000000E+00   0.0000000E+00   0.0000000E+00
     1.3380000E+03   3.1502094E+02   2.0934293E-02   3.1502426E+02   2.9643081E+05  -1.3295732E+03   0.0000000E+00   0.0000000E+00   0.0000000E+00
     1.3390000E+03   3.1502042E+02   2.0422511E-02   3.1502313E+02   2.9002903E+05  -1.0832756E+03   0.0000000E+00   0.0000000E+00   0.0000000E+00
     1.3400000E+03   3.1502014E+02   2.0152224E-02   3.1502301E+02   2.8865212E+05  -1.1413883E+03   0.0000000E+00   0.0000000E+00   0.0000000E+00
     1.3410000E+03   3.1501990E+02   1.9895038E-02   3.1502240E+02   2.7500122E+05  -1.0072520E+03   0.0000000E+00   0.0000000E+00   0.0000000E+00
     1.3420000E+03   3.1501965E+02   1.9662749E-02   3.1502249E+02   2.6910875E+05  -1.1359868E+03   0.0000000E+00   0.0000000E+00   0.0000000E+00
     1.3430000E+03   3.1502185E+02   2.1853138E-02   3.1502390E+02   3.2180975E+05  -8.2340527E+02   0.0000000E+00   0.0000000E+00   0.0000000E+00
     1.3440000E+03   3.1502182E+02   2.1818999E-02   3.1502518E+02   3.2876194E+05  -1.3454290E+03   0.0000000E+00   0.0000000E+00   0.0000000E+00
     1.3450000E+03   3.1502145E+02   2.1452952E-02   3.1502438E+02   3.0331712E+05  -1.1753157E+03   0.0000000E+00   0.0000000E+00   0.0000000E+00
     1.3460000E+03   3.1502042E+02   2.0429531E-02   3.1502347E+02   2.9091481E+05  -1.2167883E+03   0.0000000E+00   0.0000000E+00   0.0000000E+00
     1.3470000E+03   3.1502011E+02   2.0113537E-02   3.1502307E+02   2.7945897E+05  -1.1837651E+03   0.0000000E+00   0.0000000E+00   0.0000000E+00
     1.3480000E+03   3.1501913E+02   1.9141613E-02   3.1502234E+02   2.5422820E+05  -1.2838741E+03   0.0000000E+00   0.0000000E+00   0.0000000E+00
     1.3490000E+03   3.1501862E+02   1.8609814E-02   3.1502164E+02   2.5709764E+05  -1.2119127E+03   0.0000000E+00   0.0000000E+00   0.0000000E+00
     1.3500000E+03   3.1501828E+02   1.8278567E-02   3.1502087E+02   2.2964769E+05  -1.0435239E+03   0.0000000E+00   0.0000000E+00   0.0000000E+00
     1.3510000E+03   3.1501822E+02   1.8220138E-02   3.1502124E+02   2.3935267E+05  -1.2150018E+03   0.0000000E+00   0.0000000E+00   0.0000000E+00
     1.3520000E+03   3.1501724E+02   1.7238420E-02   3.1502029E+02   2.2495452E+05  -1.2267148E+03   0.0000000E+00   0.0000000E+00   0.0000000E+00
     1.3530000E+03   3.1501697E+02   1.6965047E-02   3.1501965E+02   2.1113058E+05  -1.0843140E+03   0.0000000E+00   0.0000000E+00   0.0000000E+00
     1.3540000E+03   3.1501660E+02   1.6609063E-02   3.1501932E+02   2.0480298E+05  -1.0814945E+03   0.0000000E+00   0.0000000E+00   0.0000000E+00
     1.3550000E+03   3.1501630E+02   1.6304512E-02   3.1501883E+02   2.0010625E+05  -1.0175827E+03   0.0000000E+00   0.0000000E+00   0.0000000E+00
     1.3560000E+03   3.1501624E+02   1.6226295E-02   3.1501880E+02   1.9687031E+05  -1.0325565E+03   0.0000000E+00   0.0000000E+00   0.0000000E+00
     1.3570000E+03   3.1501596E+02   1.5968621E-02   3.1501865E+02   1.9083064E+05  -1.0767594E+03   0.0000000E+00   0.0000000E+00   0.0000000E+00
     1.3580000E+03   3.1501572E+02   1.5731316E-02   3.1501837E+02   1.8348855E+05  -1.0549088E+03   0.0000000E+00   0.0000000E+00   0.0000000E+00
     1.3590000E+03   3.1501517E+02   1.5159068E-02   3.1501776E+02   1.7384097E+05  -1.0433418E+03   0.0000000E+00   0.0000000E+00   0.0000000E+00
     1.3600000E+03   3.1501489E+02   1.4894536E-02   3.1501752E+02   1.7046294E+05  -1.0469838E+03   0.0000000E+00   0.0000000E+00   0.0000000E+00
     1.3610000E+03   3.1501471E+02   1.4701158E-02   3.1501743E+02   1.6818273E+05  -1.0922139E+03   0.0000000E+00   0.0000000E+00   0.0000000E+00
     1.3620000E+03   3.1501477E+02   1.4770363E-02   3.1501755E+02   1.6515169E+05  -1.1112192E+03   0.0000000E+00   0.0000000E+00   0.0000000E+00
     1.3630000E+03   3.1501404E+02   1.4027623E-02   3.1501682E+02   1.5636462E+05  -1.1168485E+03   0.0000000E+00   0.0000000E+00   0.0000000E+00
     1.3640000E+03   3.1501410E+02   1.4098276E-02   3.1501675E+02   1.5249931E+05  -1.0673876E+03   0.0000000E+00   0.0000000E+00   0.0000000E+00
     1.3650000E+03   3.1501419E+02   1.4182208E-02   3.1501672E+02   1.5287145E+05  -1.0201152E+03   0.0000000E+00   0.0000000E+00   0.0000000E+00
     1.3660000E+03   3.1501404E+02   1.4032911E-02   3.1501645E+02   1.3799492E+05  -9.7133844E+02   0.0000000E+00   0.0000000E+00   0.0000000E+00
     1.3670000E+03   3.1501358E+02   1.3585411E-02   3.1501627E+02   1.4858144E+05  -1.0702529E+03   0.0000000E+00   0.0000000E+00   0.0000000E+00
     1.3680000E+03   3.1501349E+02   1.3483379E-02   3.1501569E+02   1.4309333E+05  -8.8403229E+02   0.0000000E+00   0.0000000E+00   0.0000000E+00
     1.3690000E+03   3.1501312E+02   1.3115503E-02   3.1501532E+02   1.3845864E+05  -8.8216003E+02   0.0000000E+00   0.0000000E+00   0.0000000E+00
     1.3700000E+03   3.1501251E+02   1.2521626E-02   3.1501483E+02   1.2780957E+05  -9.3024396E+02   0.0000000E+00   0.0000000E+00   0.0000000E+00
     1.3710000E+03   3.1501215E+02   1.2149711E-02   3.1501443E+02   1.1830745E+05  -9.1694812E+02   0.0000000E+00   0.0000000E+00   0.0000000E+00
     1.3720000E+03   3.1501205E+02   1.2060756E-02   3.1501456E+02   1.1850770E+05  -1.0017108E+03   0.0000000E+00   0.0000000E+00   0.0000000E+00
     1.3730000E+03   3.1501184E+02   1.1837535E-02   3.1501431E+02   1.1655816E+05  -9.9540558E+02   0.0000000E+00   0.0000000E+00   0.0000000E+00
     1.3740000E+03   3.1501196E+02   1.1973985E-02   3.1501453E+02   1.1758040E+05  -1.0220383E+03   0.0000000E+00   0.0000000E+00   0.0000000E+00
     1.3750000E+03   3.1501239E+02   1.2395926E-02   3.1501483E+02   1.2128145E+05  -9.7673553E+02   0.0000000E+00   0.0000000E+00   0.0000000E+00
     1.3760000E+03   3.1501196E+02   1.1961260E-02   3.1501431E+02   1.1453776E+05  -9.3881427E+02   0.0000000E+00   0.0000000E+00   0.0000000E+00
     1.3770000E+03   3.1501160E+02   1.1604043E-02   3.1501401E+02   1.1164416E+05  -9.6834692E+02   0.0000000E+00   0.0000000E+00   0.0000000E+00
     1.3780000E+03   3.1501135E+02   1.1340296E-02   3.1501379E+02   1.0718738E+05  -9.8446100E+02   0.0000000E+00   0.0000000E+00   0.0000000E+00
     1.3790000E+03   3.1501065E+02   1.0646155E-02   3.1501334E+02   9.0901680E+04  -1.0774664E+03   0.0000000E+00   0.0000000E+00   0.0000000E+00
     1.3800000E+03   3.1501010E+02   1.0092586E-02   3.1501260E+02   9.4719938E+04  -1.0025869E+03   0.0000000E+00   0.0000000E+00   0.0000000E+00
     1.3810000E+03   3.1500986E+02   9.8674921E-03   3.1501224E+02   8.9483133E+04  -9.5254724E+02   0.0000000E+00   0.0000000E+00   0.0000000E+00
     1.3820000E+03   3.1500986E+02   9.8666176E-03   3.1501230E+02   8.5976234E+04  -9.7304901E+02   0.0000000E+00   0.0000000E+00   0.0000000E+00
     1.3830000E+03   3.1501001E+02   1.0007018E-02   3.1501236E+02   8.6215922E+04  -9.3961041E+02   0.0000000E+00   0.0000000E+00   0.0000000E+00
     1.3840000E+03   3.1500986E+02   9.8537710E-03   3.1501245E+02   8.3018891E+04  -1.0386302E+03   0.0000000E+00   0.0000000E+00   0.0000000E+00
     1.3850000E+03   3.1501022E+02   1.0209059E-02   3.1501251E+02   8.9517008E+04  -9.2283173E+02   0.0000000E+00   0.0000000E+00   0.0000000E+00
     1.3860000E+03   3.1501004E+02   1.0054111E-02   3.1501215E+02   8.9218195E+04  -8.3423492E+02   0.0000000E+00   0.0000000E+00   0.0000000E+00
     1.3870000E+03   3.1501016E+02   1.0166387E-02   3.1501190E+02   9.1414984E+04  -6.9432178E+02   0.0000000E+00   0.0000000E+00   0.0000000E+00
     1.3880000E+03   3.1500983E+02   9.8283524E-03   3.1501270E+02   9.1762078E+04  -1.1509937E+03   0.0000000E+00   0.0000000E+00   0.0000000E+00
     1.3890000E+03   3.1501013E+02   1.0130549E-02   3.1501248E+02   9.0556172E+04  -9.4591632E+02   0.0000000E+00   0.0000000E+00   0.0000000E+00
     1.3900000E+03   3.1500977E+02   9.7794589E-03   3.1501160E+02   8.6044383E+04  -7.3495856E+02   0.0000000E+00   0.0000000E+00   0.0000000E+00
     1.3910000E+03   3.1500970E+02   9.6985968E-03   3.1501144E+02   8.4259758E+04  -7.0507031E+02   0.0000000E+00   0.0000000E+00   0.0000000E+00
     1.3920000E+03   3.1500925E+02   9.2464415E-03   3.1501154E+02   8.5109602E+04  -9.2177740E+02   0.0000000E+00   0.0000000E+00   0.0000000E+00
     1.3930000E+03   3.1500961E+02   9.6253539E-03   3.1501169E+02   8.3684820E+04  -8.2422272E+02   0.0000000E+00   0.0000000E+00   0.0000000E+00
     1.3940000E+03   3.1500922E+02   9.2299785E-03   3.1501151E+02   8.2464617E+04  -9.1776379E+02   0.0000000E+00   0.0000000E+00   0.0000000E+00
     1.3950000E+03   3.1500888E+02   8.8866102E-03   3.1501151E+02   8.2898906E+04  -1.0554692E+03   0.0000000E+00   0.0000000E+00   0.0000000E+00
     1.3960000E+03   3.1500922E+02   9.2033362E-03   3.1501126E+02   7.8168664E+04  -8.2580652E+02   0.0000000E+00   0.0000000E+00   0.0000000E+00
     1.3970000E+03   3.1500903E+02   9.0313470E-03   3.1501135E+02   8.2679203E+04  -9.3632477E+02   0.0000000E+00   0.0000000E+00   0.0000000E+00
     1.3980000E+03   3.1500940E+02   9.3887029E-03   3.1501132E+02   7.5735820E+04  -7.7965002E+02   0.0000000E+00   0.0000000E+00   0.0000000E+00
     1.3990000E+03   3.1500842E+02   8.4214630E-03   3.1501010E+02   5.9890371E+04  -6.7880286E+02   0.0000000E+00   0.0000000E+00   0.0000000E+00
     1.4000000E+03   3.1500809E+02   8.0995038E-03   3.1501007E+02   6.4229332E+04  -7.8818732E+02   0.0000000E+00   0.0000000E+00   0.0000000E+00
     1.4010000E+03   3.1500812E+02   8.1167659E-03   3.1501004E+02   6.3768504E+04  -7.7610938E+02   0.0000000E+00   0.0000000E+00   0.0000000E+00
     1.4020000E+03   3.1500793E+02   7.9484601E-03   3.1501001E+02   6.7654531E+04  -8.2928601E+02   0.0000000E+00   0.0000000E+00   0.0000000E+00
     1.4030000E+03   3.1500800E+02   8.0007296E-03   3.1501004E+02   6.8059500E+04  -8.1407019E+02   0.0000000E+00   0.0000000E+00   0.0000000E+00
     1.4040000E+03   3.1500809E+02   8.0869114E-03   3.1501025E+02   6.8594055E+04  -8.6923669E+02   0.0000000E+00   0.0000000E+00   0.0000000E+00
     1.4050000E+03   3.1500797E+02   7.9593305E-03   3.1501035E+02   6.6624445E+04  -9.5334875E+02   0.0000000E+00   0.0000000E+00   0.0000000E+00
     1.4060000E+03   3.1500781E+02   7.8161648E-03   3.1500995E+02   6.4371867E+04  -8.5215112E+02   0.0000000E+00   0.0000000E+00   0.0000000E+00
     1.4070000E+03   3.1500763E+02   7.6320558E-03   3.1500980E+02   6.3361824E+04  -8.7005713E+02   0.0000000E+00   0.0000000E+00   0.0000000E+00
     1.4080000E+03   3.1500760E+02   7.6036020E-03   3.1500961E+02   6.2701273E+04  -8.0576691E+02   0.0000000E+00   0.0000000E+00   0.0000000E+00
     1.4090000E+03   3.1500745E+02   7.4466509E-03   3.1500940E+02   6.0425160E+04  -7.8943262E+02   0.0000000E+00   0.0000000E+00   0.0000000E+00
     1.4100000E+03   3.1500723E+02   7.2308192E-03   3.1500928E+02   5.7842934E+04  -8.2043878E+02   0.0000000E+00   0.0000000E+00   0.0000000E+00
     1.4110000E+03   3.1500702E+02   7.0332144E-03   3.1500903E+02   5.4474613E+04  -8.0546423E+02   0.0000000E+00   0.0000000E+00   0.0000000E+00
     1.4120000E+03   3.1500684E+02   6.8413359E-03   3.1500873E+02   5.3150938E+04  -7.5650452E+02   0.0000000E+00   0.0000000E+00   0.0000000E+00
     1.4130000E+03   3.1500674E+02   6.7384797E-03   3.1500861E+02   5.1222238E+04  -7.4554279E+02   0.0000000E+00   0.0000000E+00   0.0000000E+00
     1.4140000E+03   3.1500656E+02   6.5592118E-03   3.1500858E+02   4.9987750E+04  -8.1074121E+02   0.0000000E+00   0.0000000E+00   0.0000000E+00
     1.4150000E+03   3.1500671E+02   6.6999518E-03   3.1500891E+02   5.1682566E+04  -8.8454761E+02   0.0000000E+00   0.0000000E+00   0.0000000E+00
     1.4160000E+03   3.1500659E+02   6.6051451E-03   3.1500882E+02   5.0073840E+04  -8.8781348E+02   0.0000000E+00   0.0000000E+00   0.0000000E+00
     1.4170000E+03   3.1500629E+02   6.2725921E-03   3.1500870E+02   4.6108340E+04  -9.7342859E+02   0.0000000E+00   0.0000000E+00   0.0000000E+00
     1.4180000E+03   3.1500620E+02   6.1914003E-03   3.1500836E+02   4.5759113E+04  -8.6918555E+02   0.0000000E+00   0.0000000E+00   0.0000000E+00
     1.4190000E+03   3.1500629E+02   6.2765125E-03   3.1500836E+02   4.6923992E+04  -8.3596814E+02   0.0000000E+00   0.0000000E+00   0.0000000E+00
     1.4200000E+03   3.1500641E+02   6.4026359E-03   3.1500845E+02   4.7977645E+04  -8.2494427E+02   0.0000000E+00   0.0000000E+00   0.0000000E+00
     1.4210000E+03   3.1500647E+02   6.4644162E-03   3.1500851E+02   4.9057422E+04  -8.2898114E+02   0.0000000E+00   0.0000000E+00   0.0000000E+00
     1.4220000E+03   3.1500653E+02   6.5281857E-03   3.1500867E+02   4.9521297E+04  -8.5968341E+02   0.0000000E+00   0.0000000E+00   0.0000000E+00
     1.4230000E+03   3.1500473E+02   4.7341720E-03   3.1500864E+02   2.4909986E+04  -1.5719293E+03   0.0000000E+00   0.0000000E+00   0.0000000E+00
     1.4240000E+03   3.1500516E+02   5.1584844E-03   3.1500644E+02   3.0003141E+04  -5.1990265E+02   0.0000000E+00   0.0000000E+00   0.0000000E+00
     1.4250000E+03   3.1500574E+02   5.7300199E-03   3.1500751E+02   3.2699975E+04  -7.1257056E+02   0.0000000E+00   0.0000000E+00   0.0000000E+00
     1.4260000E+03   3.1500525E+02   5.2363542E-03   3.1500757E+02   3.2280566E+04  -9.3408502E+02   0.0000000E+00   0.0000000E+00   0.0000000E+00
     1.4270000E+03   3.1500461E+02   4.6005649E-03   3.1500711E+02   2.4156641E+04  -1.0103942E+03   0.0000000E+00   0.0000000E+00   0.0000000E+00
     1.4280000E+03   3.1500427E+02   4.2825914E-03   3.1500607E+02   1.9219234E+04  -7.1965240E+02   0.0000000E+00   0.0000000E+00   0.0000000E+00
     1.4290000E+03   3.1500354E+02   3.5346174E-03   3.1500519E+02   1.2573800E+04  -6.5896301E+02   0.0000000E+00   0.0000000E+00   0.0000000E+00
     1.4300000E+03   3.1500278E+02   2.7859081E-03   3.1500479E+02   1.2157104E+04  -8.0006903E+02   0.0000000E+00   0.0000000E+00   0.0000000E+00
     1.4310000E+03   3.1500299E+02   2.9903303E-03   3.1500491E+02   1.5285086E+04  -7.7629205E+02   0.0000000E+00   0.0000000E+00   0.0000000E+00
     1.4320000E+03   3.1500333E+02   3.3363909E-03   3.1500543E+02   1.8354494E+04  -8.4274481E+02   0.0000000E+00   0.0000000E+00   0.0000000E+00
     1.4330000E+03   3.1500351E+02   3.5036199E-03   3.1500537E+02   1.9300404E+04  -7.4934839E+02   0.0000000E+00   0.0000000E+00   0.0000000E+00
     1.4340000E+03   3.1500345E+02   3.4383927E-03   3.1500540E+02   1.8771826E+04  -7.8242865E+02   0.0000000E+00   0.0000000E+00   0.0000000E+00
     1.4350000E+03   3.1500369E+02   3.6881424E-03   3.1500549E+02   1.5481106E+04  -7.2626306E+02   0.0000000E+00   0.0000000E+00   0.0000000E+00
     1.4360000E+03   3.1500342E+02   3.4045132E-03   3.1500595E+02   1.7240855E+04  -1.0162491E+03   0.0000000E+00   0.0000000E+00   0.0000000E+00
     1.4370000E+03   3.1500583E+02   5.8315750E-03   3.1500824E+02   3.6480367E+04  -9.6307330E+02   0.0000000E+00   0.0000000E+00   0.0000000E+00
     1.4380000E+03   3.1500586E+02   5.8488310E-03   3.1500827E+02   3.5873242E+04  -9.6973596E+02   0.0000000E+00   0.0000000E+00   0.0000000E+00
     1.4390000E+03   3.1500522E+02   5.2077118E-03   3.1500757E+02   3.4059648E+04  -9.4225421E+02   0.0000000E+00   0.0000000E+00   0.0000000E+00
     1.4400000E+03   3.1500500E+02   5.0118221E-03   3.1500739E+02   3.1715643E+04  -9.4871851E+02   0.0000000E+00   0.0000000E+00   0.0000000E+00
     1.4410000E+03   3.1500455E+02   4.5396890E-03   3.1500696E+02   2.7306863E+04  -9.6950043E+02   0.0000000E+00   0.0000000E+00   0.0000000E+00
     1.4420000E+03   3.1500412E+02   4.1255280E-03   3.1500629E+02   2.4373354E+04  -8.6357489E+02   0.0000000E+00   0.0000000E+00   0.0000000E+00
     1.4430000E+03   3.1500397E+02   3.9618798E-03   3.1500607E+02   2.2475789E+04  -8.5308575E+02   0.0000000E+00   0.0000000E+00   0.0000000E+00
     1.4440000E+03   3.1500363E+02   3.6349990E-03   3.1500577E+02   1.9785068E+04  -8.5606372E+02   0.0000000E+00   0.0000000E+00   0.0000000E+00
     1.4450000E+03   3.1500351E+02   3.5018662E-03   3.1500552E+02   1.9469551E+04  -8.1640564E+02   0.0000000E+00   0.0000000E+00   0.0000000E+00
     1.4460000E+03   3.1500357E+02   3.5624851E-03   3.1500562E+02   1.9522068E+04  -8.2888873E+02   0.0000000E+00   0.0000000E+00   0.0000000E+00
     1.4470000E+03   3.1500394E+02   3.9445353E-03   3.1500558E+02   2.4380248E+04  -6.6182471E+02   0.0000000E+00   0.0000000E+00   0.0000000E+00
     1.4480000E+03   3.1500491E+02   4.9084136E-03   3.1500656E+02   3.3955422E+04  -6.5774377E+02   0.0000000E+00   0.0000000E+00   0.0000000E+00
     1.4490000E+03   3.1500552E+02   5.5355746E-03   3.1500766E+02   3.8661809E+04  -8.5199756E+02   0.0000000E+00   0.0000000E+00   0.0000000E+00
     1.4500000E+03   3.1500580E+02   5.7943929E-03   3.1500797E+02   4.1631770E+04  -8.7281073E+02   0.0000000E+00   0.0000000E+00   0.0000000E+00
     1.4510000E+03   3.1500681E+02   6.8079880E-03   3.1500940E+02   4.6952469E+04  -1.0410194E+03   0.0000000E+00   0.0000000E+00   0.0000000E+00
     1.4520000E+03   3.1500681E+02   6.8124570E-03   3.1500928E+02   4.6911344E+04  -9.9216882E+02   0.0000000E+00   0.0000000E+00   0.0000000E+00
     1.4530000E+03   3.1500656E+02   6.5520601E-03   3.1500845E+02   3.4004469E+04  -7.6918335E+02   0.0000000E+00   0.0000000E+00   0.0000000E+00
     1.4540000E+03   3.1500620E+02   6.1865007E-03   3.1500867E+02   4.0580238E+04  -9.9382898E+02   0.0000000E+00   0.0000000E+00   0.0000000E+00
     1.4550000E+03   3.1500629E+02   6.2771221E-03   3.1500876E+02   4.1063031E+04  -1.0007373E+03   0.0000000E+00   0.0000000E+00   0.0000000E+00
     1.4560000E+03   3.1500626E+02   6.2617450E-03   3.1500870E+02   3.0910252E+04  -9.7512988E+02   0.0000000E+00   0.0000000E+00   0.0000000E+00
     1.4570000E+03   3.1500500E+02   5.0159846E-03   3.1500821E+02   3.1124998E+04  -1.2808673E+03   0.0000000E+00   0.0000000E+00   0.0000000E+00
     1.4580000E+03   3.1500613E+02   6.1280723E-03   3.1500790E+02   3.7598363E+04  -7.0918964E+02   0.0000000E+00   0.0000000E+00   0.0000000E+00
     1.4590000E+03   3.1500586E+02   5.8463141E-03   3.1500830E+02   2.8884650E+04  -9.8806458E+02   0.0000000E+00   0.0000000E+00   0.0000000E+00
     1.4600000E+03   3.1500571E+02   5.7200608E-03   3.1500830E+02   3.9791180E+04  -1.0313809E+03   0.0000000E+00   0.0000000E+00   0.0000000E+00
     1.4610000E+03   3.1500610E+02   6.0903737E-03   3.1500784E+02   3.8102113E+04  -7.0702789E+02   0.0000000E+00   0.0000000E+00   0.0000000E+00
     1.4620000E+03   3.1500476E+02   4.7682486E-03   3.1500726E+02   2.8857619E+04  -9.9942194E+02   0.0000000E+00   0.0000000E+00   0.0000000E+00
     1.4630000E+03   3.1500458E+02   4.5871884E-03   3.1500632E+02   2.8037902E+04  -6.9082635E+02   0.0000000E+00   0.0000000E+00   0.0000000E+00
     1.4640000E+03   3.1500494E+02   4.9328473E-03   3.1500677E+02   3.2140213E+04  -7.3521027E+02   0.0000000E+00   0.0000000E+00   0.0000000E+00
     1.4650000E+03   3.1500528E+02   5.2827103E-03   3.1500739E+02   3.5693062E+04  -8.3839105E+02   0.0000000E+00   0.0000000E+00   0.0000000E+00
     1.4660000E+03   3.1500510E+02   5.0921137E-03   3.1500858E+02   3.5939641E+04  -1.4002091E+03   0.0000000E+00   0.0000000E+00   0.0000000E+00
     1.4670000E+03   3.1500616E+02   6.1503109E-03   3.1500882E+02   4.1229637E+04  -1.0683906E+03   0.0000000E+00   0.0000000E+00   0.0000000E+00
     1.4680000E+03   3.1500540E+02   5.3889989E-03   3.1500793E+02   3.6979848E+04  -1.0170897E+03   0.0000000E+00   0.0000000E+00   0.0000000E+00
     1.4690000E+03   3.1500644E+02   6.4350623E-03   3.1500922E+02   3.2191986E+04  -1.1113446E+03   0.0000000E+00   0.0000000E+00   0.0000000E+00
     1.4700000E+03   3.1500519E+02   5.1930887E-03   3.1500787E+02   3.1674934E+04  -1.0737606E+03   0.0000000E+00   0.0000000E+00   0.0000000E+00
     1.4710000E+03   3.1500760E+02   7.5933537E-03   3.1500873E+02   6.6780641E+04  -4.5186932E+02   0.0000000E+00   0.0000000E+00   0.0000000E+00
     1.4720000E+03   3.1500803E+02   8.0167986E-03   3.1501044E+02   6.2470125E+04  -9.6628387E+02   0.0000000E+00   0.0000000E+00   0.0000000E+00
     1.4730000E+03   3.1500781E+02   7.8260936E-03   3.1501025E+02   6.1553121E+04  -9.6858136E+02   0.0000000E+00   0.0000000E+00   0.0000000E+00
     1.4740000E+03   3.1500803E+02   8.0125462E-03   3.1501059E+02   6.1210191E+04  -1.0294929E+03   0.0000000E+00   0.0000000E+00   0.0000000E+00
     1.4750000E+03   3.1500751E+02   7.5071226E-03   3.1501016E+02   5.6209141E+04  -1.0702948E+03   0.0000000E+00   0.0000000E+00   0.0000000E+00
     1.4760000E+03   3.1500748E+02   7.4866191E-03   3.1501004E+02   5.4389824E+04  -1.0282538E+03   0.0000000E+00   0.0000000E+00   0.0000000E+00
     1.4770000E+03   3.1500745E+02   7.4524209E-03   3.1501004E+02   5.3436773E+04  -1.0441385E+03   0.0000000E+00   0.0000000E+00   0.0000000E+00
     1.4780000E+03   3.1500735E+02   7.3504634E-03   3.1500995E+02   4.1333805E+04  -1.0436127E+03   0.0000000E+00   0.0000000E+00   0.0000000E+00
     1.4790000E+03   3.1500540E+02   5.4128147E-03   3.1500775E+02   3.4695715E+04  -9.3639056E+02   0.0000000E+00   0.0000000E+00   0.0000000E+00
     1.4800000E+03   3.1500620E+02   6.1934208E-03   3.1500851E+02   4.2079543E+04  -9.3444763E+02   0.0000000E+00   0.0000000E+00   0.0000000E+00
     1.4810000E+03   3.1500677E+02   6.7875236E-03   3.1500931E+02   5.9806445E+04  -1.0085792E+03   0.0000000E+00   0.0000000E+00   0.0000000E+00
     1.4820000E+03   3.1500903E+02   9.0404935E-03   3.1501193E+02   7.6179141E+04  -1.1568730E+03   0.0000000E+00   0.0000000E+00   0.0000000E+00
     1.4830000E+03   3.1501276E+02   1.2744564E-02   3.1501566E+02   1.3416161E+05  -1.1733170E+03   0.0000000E+00   0.0000000E+00   0.0000000E+00
     1.4840000E+03   3.1501065E+02   1.0657748E-02   3.1501373E+02   9.9477688E+04  -1.2340348E+03   0.0000000E+00   0.0000000E+00   0.0000000E+00
     1.4850000E+03   3.1501038E+02   1.0368966E-02   3.1501340E+02   9.3091867E+04  -1.2181410E+03   0.0000000E+00   0.0000000E+00   0.0000000E+00
     1.4860000E+03   3.1501022E+02   1.0233030E-02   3.1501346E+02   9.3266656E+04  -1.2894042E+03   0.0000000E+00   0.0000000E+00   0.0000000E+00
     1.4870000E+03   3.1501001E+02   9.9982936E-03   3.1501257E+02   8.7442438E+04  -1.0298159E+03   0.0000000E+00   0.0000000E+00   0.0000000E+00
     1.4880000E+03   3.1500876E+02   8.7513095E-03   3.1501273E+02   7.2876008E+04  -1.5948381E+03   0.0000000E+00   0.0000000E+00   0.0000000E+00
     1.4890000E+03   3.1500842E+02   8.4350593E-03   3.1501135E+02   6.7286227E+04  -1.1708983E+03   0.0000000E+00   0.0000000E+00   0.0000000E+00
     1.4900000E+03   3.1500839E+02   8.4058391E-03   3.1501135E+02   6.6550891E+04  -1.1843882E+03   0.0000000E+00   0.0000000E+00   0.0000000E+00
     1.4910000E+03   3.1500760E+02   7.6115257E-03   3.1501132E+02   5.9960645E+04  -1.4888014E+03   0.0000000E+00   0.0000000E+00   0.0000000E+00
     1.4920000E+03   3.1500989E+02   9.8953722E-03   3.1501288E+02   8.7994719E+04  -1.2008109E+03   0.0000000E+00   0.0000000E+00   0.0000000E+00
     1.4930000E+03   3.1500946E+02   9.4695697E-03   3.1501248E+02   8.1824289E+04  -1.2105642E+03   0.0000000E+00   0.0000000E+00   0.0000000E+00
     1.4940000E+03   3.1500903E+02   9.0347230E-03   3.1501218E+02   7.4458031E+04  -1.2587278E+03   0.0000000E+00   0.0000000E+00   0.0000000E+00
     1.4950000E+03   3.1500891E+02   8.9021120E-03   3.1501205E+02   7.4355008E+04  -1.2598903E+03   0.0000000E+00   0.0000000E+00   0.0000000E+00
     1.4960000E+03   3.1500882E+02   8.8215470E-03   3.1501178E+02   7.2241648E+04  -1.1856332E+03   0.0000000E+00   0.0000000E+00   0.0000000E+00
     1.4970000E+03   3.1500793E+02   7.9403808E-03   3.1501083E+02   6.1358402E+04  -1.1573916E+03   0.0000000E+00   0.0000000E+00   0.0000000E+00
     1.4980000E+03   3.1500742E+02   7.4086413E-03   3.1501138E+02   4.4607875E+04  -1.5927008E+03   0.0000000E+00   0.0000000E+00   0.0000000E+00
     1.4990000E+03   3.1500684E+02   6.8298406E-03   3.1500967E+02   6.4148648E+04  -1.1374049E+03   0.0000000E+00   0.0000000E+00   0.0000000E+00
     1.5000000E+03   3.1500946E+02   9.4563616E-03   3.1501254E+02   8.2964102E+04  -1.2409252E+03   0.0000000E+00   0.0000000E+00   0.0000000E+00
     1.5010000E+03   3.1501028E+02   1.0297378E-02   3.1501328E+02   9.3966297E+04  -1.1989889E+03   0.0000000E+00   0.0000000E+00   0.0000000E+00
     1.5020000E+03   3.1501019E+02   1.0177932E-02   3.1501334E+02   7.9713344E+04  -1.2737994E+03   0.0000000E+00   0.0000000E+00   0.0000000E+00
     1.5030000E+03   3.1500943E+02   9.4280159E-03   3.1501257E+02   8.1023711E+04  -1.2565643E+03   0.0000000E+00   0.0000000E+00   0.0000000E+00
     1.5040000E+03   3.1500842E+02   8.4238974E-03   3.1501230E+02   6.9756617E+04  -1.5601567E+03   0.0000000E+00   0.0000000E+00   0.0000000E+00
     1.5050000E+03   3.1500888E+02   8.8733193E-03   3.1501199E+02   6.2495293E+04  -1.2506647E+03   0.0000000E+00   0.0000000E+00   0.0000000E+00
     1.5060000E+03   3.1500873E+02   8.7186024E-03   3.1501160E+02   6.1077242E+04  -1.1551166E+03   0.0000000E+00   0.0000000E+00   0.0000000E+00
     1.5070000E+03   3.1500845E+02   8.4654409E-03   3.1501117E+02   6.6379891E+04  -1.0853196E+03   0.0000000E+00   0.0000000E+00   0.0000000E+00
     1.5080000E+03   3.1500803E+02   8.0405762E-03   3.1501086E+02   6.9724047E+04  -1.1383994E+03   0.0000000E+00   0.0000000E+00   0.0000000E+00
     1.5090000E+03   3.1501581E+02   1.5814845E-02   3.1501883E+02   1.9338317E+05  -1.2069713E+03   0.0000000E+00   0.0000000E+00   0.0000000E+00
     1.5100000E+03   3.1501474E+02   1.4752460E-02   3.1501794E+02   1.6848092E+05  -1.2847002E+03   0.0000000E+00   0.0000000E+00   0.0000000E+00
     1.5110000E+03   3.1501279E+02   1.2779121E-02   3.1501605E+02   1.3414277E+05  -1.3185214E+03   0.0000000E+00   0.0000000E+00   0.0000000E+00
     1.5120000E+03   3.1501596E+02   1.5974440E-02   3.1501877E+02   1.9963181E+05  -1.1233522E+03   0.0000000E+00   0.0000000E+00   0.0000000E+00
     1.5130000E+03   3.1501608E+02   1.6079687E-02   3.1501929E+02   1.9734784E+05  -1.2828438E+03   0.0000000E+00   0.0000000E+00   0.0000000E+00
     1.5140000E+03   3.1501721E+02   1.7216308E-02   3.1502032E+02   2.2220838E+05  -1.2524790E+03   0.0000000E+00   0.0000000E+00   0.0000000E+00
     1.5150000E+03   3.1501840E+02   1.8403586E-02   3.1502139E+02   2.4767014E+05  -1.2016735E+03   0.0000000E+00   0.0000000E+00   0.0000000E+00
     1.5160000E+03   3.1501837E+02   1.8371118E-02   3.1502167E+02   2.4668786E+05  -1.3203539E+03   0.0000000E+00   0.0000000E+00   0.0000000E+00
     1.5170000E+03   3.1501917E+02   1.9152902E-02   3.1502170E+02   2.6329069E+05  -1.0194637E+03   0.0000000E+00   0.0000000E+00   0.0000000E+00
     1.5180000E+03   3.1501935E+02   1.9362008E-02   3.1502258E+02   2.6783156E+05  -1.2939409E+03   0.0000000E+00   0.0000000E+00   0.0000000E+00
     1.5190000E+03   3.1501932E+02   1.9309321E-02   3.1502249E+02   2.6656344E+05  -1.2769314E+03   0.0000000E+00   0.0000000E+00   0.0000000E+00
     1.5200000E+03   3.1502393E+02   2.3923358E-02   3.1502710E+02   3.8284744E+05  -1.2729005E+03   0.0000000E+00   0.0000000E+00   0.0000000E+00
     1.5210000E+03   3.1505618E+02   5.6193128E-02   3.1505933E+02   1.5887170E+06  -1.2589073E+03   0.0000000E+00   0.0000000E+00   0.0000000E+00
     1.5220000E+03   3.1511841E+02   1.1841232E-01   3.1512164E+02   5.5027200E+06  -1.2998898E+03   0.0000000E+00   0.0000000E+00   0.0000000E+00
     1.5230000E+03   3.1509589E+02   9.5877193E-02   3.1509982E+02   3.8705715E+06  -1.5800814E+03   0.0000000E+00   0.0000000E+00   0.0000000E+00
     1.5240000E+03   3.1534958E+02   3.4959152E-01   3.1535236E+02   3.3433514E+07  -1.1152723E+03   0.0000000E+00   0.0000000E+00   0.0000000E+00
     1.5250000E+03   3.1507956E+02   7.9573192E-02   3.1508591E+02   2.8370105E+06  -2.5399180E+03   0.0000000E+00   0.0000000E+00   0.0000000E+00
     1.5260000E+03   3.1505771E+02   5.7717469E-02   3.1506186E+02   1.6612024E+06  -1.6669017E+03   0.0000000E+00   0.0000000E+00   0.0000000E+00
     1.5270000E+03   3.1506998E+02   6.9973327E-02   3.1507440E+02   2.2898348E+06  -1.7790757E+03   0.0000000E+00   0.0000000E+00   0.0000000E+00
     1.5280000E+03   3.1505865E+02   5.8655530E-02   3.1506290E+02   1.7064669E+06  -1.7013944E+03   0.0000000E+00   0.0000000E+00   0.0000000E+00
     1.5290000E+03   3.1504443E+02   4.4425368E-02   3.1504840E+02   1.0739202E+06  -1.6015023E+03   0.0000000E+00   0.0000000E+00   0.0000000E+00
     1.5300000E+03   3.1503745E+02   3.7440255E-02   3.1504123E+02   8.0745925E+05  -1.5216934E+03   0.0000000E+00   0.0000000E+00   0.0000000E+00
     1.5310000E+03   3.1503644E+02   3.6432173E-02   3.1504019E+02   7.7188169E+05  -1.5053593E+03   0.0000000E+00   0.0000000E+00   0.0000000E+00
     1.5320000E+03   3.1503098E+02   3.0985165E-02   3.1503485E+02   5.8906469E+05  -1.5566110E+03   0.0000000E+00   0.0000000E+00   0.0000000E+00
     1.5330000E+03   3.1503101E+02   3.1014631E-02   3.1503488E+02   5.8936719E+05  -1.5473242E+03   0.0000000E+00   0.0000000E+00   0.0000000E+00
     1.5340000E+03   3.1503055E+02   3.0540353E-02   3.1503436E+02   5.7463781E+05  -1.5390574E+03   0.0000000E+00   0.0000000E+00   0.0000000E+00
     1.5350000E+03   3.1503000E+02   2.9992791E-02   3.1503378E+02   5.5464719E+05  -1.5255411E+03   0.0000000E+00   0.0000000E+00   0.0000000E+00
     1.5360000E+03   3.1503094E+02   3.0958928E-02   3.1503461E+02   5.8511850E+05  -1.4601539E+03   0.0000000E+00   0.0000000E+00   0.0000000E+00
     1.5370000E+03   3.1503253E+02   3.2526154E-02   3.1503635E+02   6.3784231E+05  -1.5379229E+03   0.0000000E+00   0.0000000E+00   0.0000000E+00
     1.5380000E+03   3.1503314E+02   3.3139467E-02   3.1503726E+02   6.6287062E+05  -1.6520594E+03   0.0000000E+00   0.0000000E+00   0.0000000E+00
     1.5390000E+03   3.1505948E+02   5.9463713E-02   3.1506360E+02   1.7458342E+06  -1.6539164E+03   0.0000000E+00   0.0000000E+00   0.0000000E+00
     1.5400000E+03   3.1505716E+02   5.7154808E-02   3.1506137E+02   1.5289384E+06  -1.6869645E+03   0.0000000E+00   0.0000000E+00   0.0000000E+00
     1.5410000E+03   3.1504282E+02   4.2830192E-02   3.1504672E+02   1.0104148E+06  -1.5613834E+03   0.0000000E+00   0.0000000E+00   0.0000000E+00
     1.5420000E+03   3.1504251E+02   4.2508245E-02   3.1504620E+02   9.9383112E+05  -1.4809835E+03   0.0000000E+00   0.0000000E+00   0.0000000E+00
     1.5430000E+03   3.1512210E+02   1.2211488E-01   3.1512927E+02   5.7924210E+06  -2.8703555E+03   0.0000000E+00   0.0000000E+00   0.0000000E+00
     1.5440000E+03   3.1523282E+02   2.3280860E-01   3.1523993E+02   1.6978904E+07  -2.8544451E+03   0.0000000E+00   0.0000000E+00   0.0000000E+00
     1.5450000E+03   3.1565836E+02   6.5835530E-01   3.1566248E+02   9.6017288E+07  -1.6515459E+03   0.0000000E+00   0.0000000E+00   0.0000000E+00
     1.5460000E+03   3.1525674E+02   2.5674686E-01   3.1527316E+02   1.9987520E+07  -6.5851816E+03   0.0000000E+00   0.0000000E+00   0.0000000E+00
     1.5470000E+03   3.1526019E+02   2.6020589E-01   3.1527280E+02   2.0438272E+07  -5.0500977E+03   0.0000000E+00   0.0000000E+00   0.0000000E+00
     1.5480000E+03   3.1528333E+02   2.8334039E-01   3.1529480E+02   2.3555832E+07  -4.6037344E+03   0.0000000E+00   0.0000000E+00   0.0000000E+00
     1.5490000E+03   3.1526163E+02   2.6163891E-01   3.1527176E+02   2.0626248E+07  -4.0581418E+03   0.0000000E+00   0.0000000E+00   0.0000000E+00
     1.5500000E+03   3.1526947E+02   2.6947066E-01   3.1527890E+02   2.1665510E+07  -3.7859763E+03   0.0000000E+00   0.0000000E+00   0.0000000E+00
     1.5510000E+03   3.1526834E+02   2.6834556E-01   3.1527704E+02   2.1514952E+07  -3.4840945E+03   0.0000000E+00   0.0000000E+00   0.0000000E+00
     1.5520000E+03   3.1526151E+02   2.6151100E-01   3.1526959E+02   2.0609344E+07  -3.2395181E+03   0.0000000E+00   0.0000000E+00   0.0000000E+00
     1.5530000E+03   3.1525732E+02   2.5731596E-01   3.1526489E+02   2.0061364E+07  -3.0397991E+03   0.0000000E+00   0.0000000E+00   0.0000000E+00
     1.5540000E+03   3.1525439E+02   2.5439242E-01   3.1526166E+02   1.9683536E+07  -2.9210439E+03   0.0000000E+00   0.0000000E+00   0.0000000E+00
     1.5550000E+03   3.1525165E+02   2.5163323E-01   3.1525891E+02   1.9328462E+07  -2.9176453E+03   0.0000000E+00   0.0000000E+00   0.0000000E+00
     1.5560000E+03   3.1525000E+02   2.5000152E-01   3.1525668E+02   1.8987866E+07  -2.6793423E+03   0.0000000E+00   0.0000000E+00   0.0000000E+00
     1.5570000E+03   3.1524802E+02   2.4801603E-01   3.1525439E+02   1.8852840E+07  -2.5615645E+03   0.0000000E+00   0.0000000E+00   0.0000000E+00
     1.5580000E+03   3.1525220E+02   2.5220391E-01   3.1525949E+02   1.9401646E+07  -2.9198145E+03   0.0000000E+00   0.0000000E+00   0.0000000E+00
     1.5590000E+03   3.1524857E+02   2.4855374E-01   3.1525537E+02   1.8935962E+07  -2.7420952E+03   0.0000000E+00   0.0000000E+00   0.0000000E+00
     1.5600000E+03   3.1524771E+02   2.4771643E-01   3.1525424E+02   1.8637124E+07  -2.6193994E+03   0.0000000E+00   0.0000000E+00   0.0000000E+00
     1.5610000E+03   3.1524237E+02   2.4238083E-01   3.1524884E+02   1.8158320E+07  -2.5925532E+03   0.0000000E+00   0.0000000E+00   0.0000000E+00
     1.5620000E+03   3.1524045E+02   2.4045932E-01   3.1524670E+02   1.7918674E+07  -2.5065261E+03   0.0000000E+00   0.0000000E+00   0.0000000E+00
     1.5630000E+03   3.1523914E+02   2.3912506E-01   3.1524500E+02   1.7728900E+07  -2.3610366E+03   0.0000000E+00   0.0000000E+00   0.0000000E+00
     1.5640000E+03   3.1523883E+02   2.3884004E-01   3.1524490E+02   1.7748018E+07  -2.4380925E+03   0.0000000E+00   0.0000000E+00   0.0000000E+00
     1.5650000E+03   3.1523645E+02   2.3645042E-01   3.1524240E+02   1.7414218E+07  -2.3884705E+03   0.0000000E+00   0.0000000E+00   0.0000000E+00
     1.5660000E+03   3.1523746E+02   2.3747161E-01   3.1524283E+02   1.7517678E+07  -2.1531392E+03   0.0000000E+00   0.0000000E+00   0.0000000E+00
     1.5670000E+03   3.1521869E+02   2.1868497E-01   3.1522458E+02   1.5297430E+07  -2.3640535E+03   0.0000000E+00   0.0000000E+00   0.0000000E+00
     1.5680000E+03   3.1521283E+02   2.1284194E-01   3.1521857E+02   1.4622171E+07  -2.2920144E+03   0.0000000E+00   0.0000000E+00   0.0000000E+00
     1.5690000E+03   3.1517236E+02   1.7235589E-01   3.1517807E+02   1.0287124E+07  -2.2913191E+03   0.0000000E+00   0.0000000E+00   0.0000000E+00
     1.5700000E+03   3.1517200E+02   1.7198816E-01   3.1517725E+02   1.0229504E+07  -2.1129050E+03   0.0000000E+00   0.0000000E+00   0.0000000E+00
     1.5710000E+03   3.1512201E+02   1.2199946E-01   3.1512735E+02   5.7833505E+06  -2.1531560E+03   0.0000000E+00   0.0000000E+00   0.0000000E+00
     1.5720000E+03   3.1512180E+02   1.2178170E-01   3.1512662E+02   5.7598395E+06  -1.9392144E+03   0.0000000E+00   0.0000000E+00   0.0000000E+00
     1.5730000E+03   3.1511154E+02   1.1154025E-01   3.1511633E+02   4.9808885E+06  -1.9234857E+03   0.0000000E+00   0.0000000E+00   0.0000000E+00
     1.5740000E+03   3.1511151E+02   1.1150572E-01   3.1511621E+02   4.9678890E+06  -1.8837305E+03   0.0000000E+00   0.0000000E+00   0.0000000E+00
     1.5750000E+03   3.1511087E+02   1.1087260E-01   3.1511548E+02   4.9417110E+06  -1.8523951E+03   0.0000000E+00   0.0000000E+00   0.0000000E+00
     1.5760000E+03   3.1511111E+02   1.1111139E-01   3.1511578E+02   4.9023090E+06  -1.8787167E+03   0.0000000E+00   0.0000000E+00   0.0000000E+00
     1.5770000E+03   3.1512329E+02   1.2330620E-01   3.1513010E+02   5.8871555E+06  -2.7215366E+03   0.0000000E+00   0.0000000E+00   0.0000000E+00
     1.5780000E+03   3.1510715E+02   1.0714857E-01   3.1511276E+02   4.6584745E+06  -2.2555898E+03   0.0000000E+00   0.0000000E+00   0.0000000E+00
     1.5790000E+03   3.1510608E+02   1.0608168E-01   3.1511130E+02   4.5558505E+06  -2.0909360E+03   0.0000000E+00   0.0000000E+00   0.0000000E+00
     1.5800000E+03   3.1510565E+02   1.0565010E-01   3.1511023E+02   4.4850250E+06  -1.8433057E+03   0.0000000E+00   0.0000000E+00   0.0000000E+00
     1.5810000E+03   3.1508945E+02   8.9462079E-02   3.1509412E+02   3.4486408E+06  -1.8709725E+03   0.0000000E+00   0.0000000E+00   0.0000000E+00
     1.5820000E+03   3.1508670E+02   8.6699978E-02   3.1509128E+02   3.2730150E+06  -1.8387388E+03   0.0000000E+00   0.0000000E+00   0.0000000E+00
     1.5830000E+03   3.1506848E+02   6.8473980E-02   3.1507309E+02   2.2086430E+06  -1.8576083E+03   0.0000000E+00   0.0000000E+00   0.0000000E+00
     1.5840000E+03   3.1506561E+02   6.5615542E-02   3.1507016E+02   2.0571271E+06  -1.8219630E+03   0.0000000E+00   0.0000000E+00   0.0000000E+00
     1.5850000E+03   3.1506451E+02   6.4501479E-02   3.1506894E+02   2.0009886E+06  -1.7809928E+03   0.0000000E+00   0.0000000E+00   0.0000000E+00
     1.5860000E+03   3.1504730E+02   4.7316432E-02   3.1505185E+02   1.1929058E+06  -1.8218854E+03   0.0000000E+00   0.0000000E+00   0.0000000E+00
     1.5870000E+03   3.1504663E+02   4.6645597E-02   3.1505090E+02   1.1638641E+06  -1.7114502E+03   0.0000000E+00   0.0000000E+00   0.0000000E+00
     1.5880000E+03   3.1504590E+02   4.5893185E-02   3.1505032E+02   1.1375190E+06  -1.7758346E+03   0.0000000E+00   0.0000000E+00   0.0000000E+00
     1.5890000E+03   3.1504410E+02   4.4097677E-02   3.1504825E+02   1.0611718E+06  -1.6606040E+03   0.0000000E+00   0.0000000E+00   0.0000000E+00
     1.5900000E+03   3.1504379E+02   4.3782931E-02   3.1504788E+02   1.0488234E+06  -1.6446188E+03   0.0000000E+00   0.0000000E+00   0.0000000E+00
     1.5910000E+03   3.1504358E+02   4.3570001E-02   3.1504736E+02   1.0487294E+06  -1.5208907E+03   0.0000000E+00   0.0000000E+00   0.0000000E+00
     1.5920000E+03   3.1504214E+02   4.2159643E-02   3.1504666E+02   1.0065702E+06  -1.8113624E+03   0.0000000E+00   0.0000000E+00   0.0000000E+00
     1.5930000E+03   3.1504202E+02   4.2031035E-02   3.1504663E+02   9.9399588E+05  -1.8462683E+03   0.0000000E+00   0.0000000E+00   0.0000000E+00
     1.5940000E+03   3.1504205E+02   4.2054404E-02   3.1504605E+02   9.4698800E+05  -1.6051851E+03   0.0000000E+00   0.0000000E+00   0.0000000E+00
     1.5950000E+03   3.1504007E+02   4.0063657E-02   3.1504425E+02   9.1908931E+05  -1.6858727E+03   0.0000000E+00   0.0000000E+00   0.0000000E+00
     1.5960000E+03   3.1503958E+02   3.9567493E-02   3.1504370E+02   8.9000056E+05  -1.6626785E+03   0.0000000E+00   0.0000000E+00   0.0000000E+00
     1.5970000E+03   3.1503885E+02   3.8838699E-02   3.1504355E+02   8.8330431E+05  -1.8947804E+03   0.0000000E+00   0.0000000E+00   0.0000000E+00
     1.5980000E+03   3.1503876E+02   3.8750120E-02   3.1504294E+02   8.2665794E+05  -1.6812946E+03   0.0000000E+00   0.0000000E+00   0.0000000E+00
     1.5990000E+03   3.1503708E+02   3.7077047E-02   3.1504092E+02   7.9460050E+05  -1.5487631E+03   0.0000000E+00   0.0000000E+00   0.0000000E+00
     1.6000000E+03   3.1503622E+02   3.6209162E-02   3.1504016E+02   7.7215844E+05  -1.5855426E+03   0.0000000E+00   0.0000000E+00   0.0000000E+00
     1.6010000E+03   3.1503604E+02   3.6041319E-02   3.1503989E+02   7.4469100E+05  -1.5477740E+03   0.0000000E+00   0.0000000E+00   0.0000000E+00
     1.6020000E+03   3.1503583E+02   3.5831336E-02   3.1503922E+02   7.3310931E+05  -1.3582694E+03   0.0000000E+00   0.0000000E+00   0.0000000E+00
     1.6030000E+03   3.1504544E+02   4.5436770E-02   3.1504922E+02   1.1149806E+06  -1.5211313E+03   0.0000000E+00   0.0000000E+00   0.0000000E+00
     1.6040000E+03   3.1503918E+02   3.9193641E-02   3.1504309E+02   8.7153569E+05  -1.5608719E+03   0.0000000E+00   0.0000000E+00   0.0000000E+00
     1.6050000E+03   3.1503836E+02   3.8352307E-02   3.1504218E+02   8.4262888E+05  -1.5327507E+03   0.0000000E+00   0.0000000E+00   0.0000000E+00
     1.6060000E+03   3.1503760E+02   3.7610810E-02   3.1504175E+02   8.3611550E+05  -1.6583906E+03   0.0000000E+00   0.0000000E+00   0.0000000E+00
     1.6070000E+03   3.1503610E+02   3.6102079E-02   3.1503992E+02   7.5997825E+05  -1.5324611E+03   0.0000000E+00   0.0000000E+00   0.0000000E+00
     1.6080000E+03   3.1503555E+02   3.5565056E-02   3.1503903E+02   7.4334825E+05  -1.3959812E+03   0.0000000E+00   0.0000000E+00   0.0000000E+00
     1.6090000E+03   3.1503485E+02   3.4848578E-02   3.1503848E+02   7.1741506E+05  -1.4645161E+03   0.0000000E+00   0.0000000E+00   0.0000000E+00
     1.6100000E+03   3.1503397E+02   3.3963297E-02   3.1503784E+02   6.8788288E+05  -1.5528103E+03   0.0000000E+00   0.0000000E+00   0.0000000E+00
     1.6110000E+03   3.1503278E+02   3.2769989E-02   3.1503659E+02   6.4653756E+05  -1.5297234E+03   0.0000000E+00   0.0000000E+00   0.0000000E+00
     1.6120000E+03   3.1503253E+02   3.2531414E-02   3.1503647E+02   6.4009931E+05  -1.5756215E+03   0.0000000E+00   0.0000000E+00   0.0000000E+00
     1.6130000E+03   3.1503250E+02   3.2491907E-02   3.1503583E+02   6.2548912E+05  -1.3389951E+03   0.0000000E+00   0.0000000E+00   0.0000000E+00
     1.6140000E+03   3.1503189E+02   3.1883929E-02   3.1503589E+02   6.1797381E+05  -1.6067759E+03   0.0000000E+00   0.0000000E+00   0.0000000E+00
     1.6150000E+03   3.1503134E+02   3.1334274E-02   3.1503543E+02   6.0290725E+05  -1.6445338E+03   0.0000000E+00   0.0000000E+00   0.0000000E+00
     1.6160000E+03   3.1503052E+02   3.0505165E-02   3.1503406E+02   5.6443294E+05  -1.4279076E+03   0.0000000E+00   0.0000000E+00   0.0000000E+00
     1.6170000E+03   3.1503204E+02   3.2052033E-02   3.1503555E+02   6.2353488E+05  -1.4100049E+03   0.0000000E+00   0.0000000E+00   0.0000000E+00
     1.6180000E+03   3.1503131E+02   3.1303581E-02   3.1503506E+02   5.8162912E+05  -1.5075763E+03   0.0000000E+00   0.0000000E+00   0.0000000E+00
     1.6190000E+03   3.1503464E+02   3.4638397E-02   3.1503683E+02   7.3044094E+05  -8.7880225E+02   0.0000000E+00   0.0000000E+00   0.0000000E+00
     1.6200000E+03   3.1503387E+02   3.3869766E-02   3.1503754E+02   6.8332338E+05  -1.4659443E+03   0.0000000E+00   0.0000000E+00   0.0000000E+00
     1.6210000E+03   3.1503354E+02   3.3525337E-02   3.1503723E+02   6.7288412E+05  -1.4862070E+03   0.0000000E+00   0.0000000E+00   0.0000000E+00
     1.6220000E+03   3.1503308E+02   3.3088882E-02   3.1503696E+02   6.5029888E+05  -1.5507390E+03   0.0000000E+00   0.0000000E+00   0.0000000E+00
     1.6230000E+03   3.1503134E+02   3.1341705E-02   3.1503528E+02   6.1757969E+05  -1.5859258E+03   0.0000000E+00   0.0000000E+00   0.0000000E+00
     1.6240000E+03   3.1503040E+02   3.0381570E-02   3.1503482E+02   5.7569500E+05  -1.7763281E+03   0.0000000E+00   0.0000000E+00   0.0000000E+00
     1.6250000E+03   3.1502997E+02   2.9981513E-02   3.1503403E+02   5.6003812E+05  -1.6237578E+03   0.0000000E+00   0.0000000E+00   0.0000000E+00
     1.6260000E+03   3.1502924E+02   2.9222533E-02   3.1503311E+02   5.3714756E+05  -1.5618011E+03   0.0000000E+00   0.0000000E+00   0.0000000E+00
     1.6270000E+03   3.1502814E+02   2.8130343E-02   3.1503232E+02   5.1080197E+05  -1.6783601E+03   0.0000000E+00   0.0000000E+00   0.0000000E+00
     1.6280000E+03   3.1502789E+02   2.7890371E-02   3.1503152E+02   5.0148359E+05  -1.4545112E+03   0.0000000E+00   0.0000000E+00   0.0000000E+00
     1.6290000E+03   3.1502750E+02   2.7498342E-02   3.1503116E+02   4.7501047E+05  -1.4637620E+03   0.0000000E+00   0.0000000E+00   0.0000000E+00
     1.6300000E+03   3.1502710E+02   2.7111441E-02   3.1503036E+02   4.5883916E+05  -1.3102493E+03   0.0000000E+00   0.0000000E+00   0.0000000E+00
     1.6310000E+03   3.1502765E+02   2.7638370E-02   3.1503076E+02   4.5780278E+05  -1.2591091E+03   0.0000000E+00   0.0000000E+00   0.0000000E+00
     1.6320000E+03   3.1502707E+02   2.7083898E-02   3.1503043E+02   4.5411438E+05  -1.3449049E+03   0.0000000E+00   0.0000000E+00   0.0000000E+00
     1.6330000E+03   3.1502667E+02   2.6680347E-02   3.1502997E+02   4.5961931E+05  -1.3212015E+03   0.0000000E+00   0.0000000E+00   0.0000000E+00
     1.6340000E+03   3.1502634E+02   2.6346765E-02   3.1502979E+02   4.3312447E+05  -1.3830862E+03   0.0000000E+00   0.0000000E+00   0.0000000E+00
     1.6350000E+03   3.1502600E+02   2.5989342E-02   3.1502924E+02   4.1218150E+05  -1.2995238E+03   0.0000000E+00   0.0000000E+00   0.0000000E+00
     1.6360000E+03   3.1502487E+02   2.4858562E-02   3.1502875E+02   4.1540206E+05  -1.5669240E+03   0.0000000E+00   0.0000000E+00   0.0000000E+00
     1.6370000E+03   3.1502432E+02   2.4336746E-02   3.1502820E+02   4.0040003E+05  -1.5551819E+03   0.0000000E+00   0.0000000E+00   0.0000000E+00
     1.6380000E+03   3.1502423E+02   2.4243746E-02   3.1502740E+02   3.8636359E+05  -1.2644780E+03   0.0000000E+00   0.0000000E+00   0.0000000E+00
     1.6390000E+03   3.1502368E+02   2.3687568E-02   3.1502740E+02   3.8722172E+05  -1.4964531E+03   0.0000000E+00   0.0000000E+00   0.0000000E+00
     1.6400000E+03   3.1502383E+02   2.3846470E-02   3.1502710E+02   3.7706119E+05  -1.3007472E+03   0.0000000E+00   0.0000000E+00   0.0000000E+00
     1.6410000E+03   3.1502380E+02   2.3796158E-02   3.1502667E+02   3.5943503E+05  -1.1486410E+03   0.0000000E+00   0.0000000E+00   0.0000000E+00
     1.6420000E+03   3.1502310E+02   2.3104439E-02   3.1502673E+02   3.6794484E+05  -1.4581685E+03   0.0000000E+00   0.0000000E+00   0.0000000E+00
     1.6430000E+03   3.1502325E+02   2.3254901E-02   3.1502689E+02   3.7280378E+05  -1.4545496E+03   0.0000000E+00   0.0000000E+00   0.0000000E+00
     1.6440000E+03   3.1502356E+02   2.3569766E-02   3.1502719E+02   3.7869331E+05  -1.4538409E+03   0.0000000E+00   0.0000000E+00   0.0000000E+00
     1.6450000E+03   3.1502319E+02   2.3185495E-02   3.1502698E+02   3.6457062E+05  -1.5220624E+03   0.0000000E+00   0.0000000E+00   0.0000000E+00
     1.6460000E+03   3.1502377E+02   2.3768254E-02   3.1502716E+02   3.8449919E+05  -1.3600243E+03   0.0000000E+00   0.0000000E+00   0.0000000E+00
     1.6470000E+03   3.1502365E+02   2.3647344E-02   3.1502689E+02   3.7954619E+05  -1.2997017E+03   0.0000000E+00   0.0000000E+00   0.0000000E+00
     1.6480000E+03   3.1502319E+02   2.3188997E-02   3.1502637E+02   3.6406516E+05  -1.2764539E+03   0.0000000E+00   0.0000000E+00   0.0000000E+00
     1.6490000E+03   3.1502249E+02   2.2495197E-02   3.1502548E+02   3.5897969E+05  -1.2012357E+03   0.0000000E+00   0.0000000E+00   0.0000000E+00
     1.6500000E+03   3.1502377E+02   2.3773594E-02   3.1502658E+02   3.6668762E+05  -1.1243997E+03   0.0000000E+00   0.0000000E+00   0.0000000E+00
     1.6510000E+03   3.1502316E+02   2.3160957E-02   3.1502667E+02   3.6167203E+05  -1.4087075E+03   0.0000000E+00   0.0000000E+00   0.0000000E+00
     1.6520000E+03   3.1502194E+02   2.1951262E-02   3.1502548E+02   3.3125344E+05  -1.4157920E+03   0.0000000E+00   0.0000000E+00   0.0000000E+00
     1.6530000E+03   3.1502167E+02   2.1659946E-02   3.1502502E+02   3.1774106E+05  -1.3523805E+03   0.0000000E+00   0.0000000E+00   0.0000000E+00
     1.6540000E+03   3.1502139E+02   2.1389287E-02   3.1502481E+02   3.1655316E+05  -1.3722404E+03   0.0000000E+00   0.0000000E+00   0.0000000E+00
     1.6550000E+03   3.1502124E+02   2.1237981E-02   3.1502466E+02   3.0639784E+05  -1.3714634E+03   0.0000000E+00   0.0000000E+00   0.0000000E+00
     1.6560000E+03   3.1502155E+02   2.1547096E-02   3.1502512E+02   3.2153900E+05  -1.4376906E+03   0.0000000E+00   0.0000000E+00   0.0000000E+00
     1.6570000E+03   3.1502118E+02   2.1191191E-02   3.1502460E+02   3.0153262E+05  -1.3730363E+03   0.0000000E+00   0.0000000E+00   0.0000000E+00
     1.6580000E+03   3.1502054E+02   2.0545570E-02   3.1502426E+02   3.0094547E+05  -1.4935444E+03   0.0000000E+00   0.0000000E+00   0.0000000E+00
     1.6590000E+03   3.1502017E+02   2.0179002E-02   3.1502365E+02   2.9219403E+05  -1.3950520E+03   0.0000000E+00   0.0000000E+00   0.0000000E+00
     1.6600000E+03   3.1502023E+02   2.0245299E-02   3.1502332E+02   2.8379828E+05  -1.2315020E+03   0.0000000E+00   0.0000000E+00   0.0000000E+00
     1.6610000E+03   3.1501987E+02   1.9873932E-02   3.1502350E+02   2.7922441E+05  -1.4564873E+03   0.0000000E+00   0.0000000E+00   0.0000000E+00
     1.6620000E+03   3.1501974E+02   1.9758692E-02   3.1502341E+02   2.7454391E+05  -1.4591565E+03   0.0000000E+00   0.0000000E+00   0.0000000E+00
     1.6630000E+03   3.1501932E+02   1.9319311E-02   3.1502298E+02   2.6440697E+05  -1.4723043E+03   0.0000000E+00   0.0000000E+00   0.0000000E+00
     1.6640000E+03   3.1501892E+02   1.8930431E-02   3.1502258E+02   2.5134914E+05  -1.4701364E+03   0.0000000E+00   0.0000000E+00   0.0000000E+00
     1.6650000E+03   3.1501843E+02   1.8434694E-02   3.1502209E+02   2.4403620E+05  -1.4689517E+03   0.0000000E+00   0.0000000E+00   0.0000000E+00
     1.6660000E+03   3.1501801E+02   1.8013364E-02   3.1502164E+02   2.3689708E+05  -1.4603774E+03   0.0000000E+00   0.0000000E+00   0.0000000E+00
     1.6670000E+03   3.1501773E+02   1.7737940E-02   3.1502136E+02   2.3012766E+05  -1.4561141E+03   0.0000000E+00   0.0000000E+00   0.0000000E+00
     1.6680000E+03   3.1501749E+02   1.7498937E-02   3.1502112E+02   2.2514119E+05  -1.4477856E+03   0.0000000E+00   0.0000000E+00   0.0000000E+00
     1.6690000E+03   3.1501730E+02   1.7314255E-02   3.1502090E+02   2.1850414E+05  -1.4407596E+03   0.0000000E+00   0.0000000E+00   0.0000000E+00
     1.6700000E+03   3.1501706E+02   1.7047560E-02   3.1502063E+02   2.1811056E+05  -1.4409893E+03   0.0000000E+00   0.0000000E+00   0.0000000E+00
     1.6710000E+03   3.1501694E+02   1.6943971E-02   3.1502039E+02   2.0798259E+05  -1.3795206E+03   0.0000000E+00   0.0000000E+00   0.0000000E+00
     1.6720000E+03   3.1501706E+02   1.7052943E-02   3.1502005E+02   1.9608981E+05  -1.2045668E+03   0.0000000E+00   0.0000000E+00   0.0000000E+00
     1.6730000E+03   3.1501605E+02   1.6067280E-02   3.1501990E+02   1.9702856E+05  -1.5367069E+03   0.0000000E+00   0.0000000E+00   0.0000000E+00
     1.6740000E+03   3.1501608E+02   1.6088670E-02   3.1501898E+02   1.8830570E+05  -1.1596812E+03   0.0000000E+00   0.0000000E+00   0.0000000E+00
     1.6750000E+03   3.1501566E+02   1.5644655E-02   3.1501871E+02   1.9044611E+05  -1.2246353E+03   0.0000000E+00   0.0000000E+00   0.0000000E+00
     1.6760000E+03   3.1501547E+02   1.5482090E-02   3.1501837E+02   1.7694739E+05  -1.1648162E+03   0.0000000E+00   0.0000000E+00   0.0000000E+00
     1.6770000E+03   3.1501517E+02   1.5152181E-02   3.1501779E+02   1.5871450E+05  -1.0590065E+03   0.0000000E+00   0.0000000E+00   0.0000000E+00
     1.6780000E+03   3.1501468E+02   1.4690979E-02   3.1501749E+02   1.5795491E+05  -1.1260940E+03   0.0000000E+00   0.0000000E+00   0.0000000E+00
     1.6790000E+03   3.1501428E+02   1.4285470E-02   3.1501736E+02   1.6495972E+05  -1.2340187E+03   0.0000000E+00   0.0000000E+00   0.0000000E+00
     1.6800000E+03   3.1501431E+02   1.4299424E-02   3.1501733E+02   1.5835391E+05  -1.2188805E+03   0.0000000E+00   0.0000000E+00   0.0000000E+00
     1.6810000E+03   3.1501443E+02   1.4430214E-02   3.1501730E+02   1.7664522E+05  -1.1528317E+03   0.0000000E+00   0.0000000E+00   0.0000000E+00
     1.6820000E+03   3.1501471E+02   1.4704273E-02   3.1501746E+02   1.7318466E+05  -1.1026357E+03   0.0000000E+00   0.0000000E+00   0.0000000E+00
     1.6830000E+03   3.1501407E+02   1.4062620E-02   3.1501712E+02   1.5236744E+05  -1.2313265E+03   0.0000000E+00   0.0000000E+00   0.0000000E+00
     1.6840000E+03   3.1501352E+02   1.3520169E-02   3.1501620E+02   1.5272528E+05  -1.0715364E+03   0.0000000E+00   0.0000000E+00   0.0000000E+00
     1.6850000E+03   3.1501379E+02   1.3794945E-02   3.1501624E+02   1.5080086E+05  -9.7799597E+02   0.0000000E+00   0.0000000E+00   0.0000000E+00
     1.6860000E+03   3.1501361E+02   1.3625059E-02   3.1501614E+02   1.3723022E+05  -1.0101519E+03   0.0000000E+00   0.0000000E+00   0.0000000E+00
     1.6870000E+03   3.1501306E+02   1.3069871E-02   3.1501611E+02   1.4432742E+05  -1.2225803E+03   0.0000000E+00   0.0000000E+00   0.0000000E+00
     1.6880000E+03   3.1501285E+02   1.2857161E-02   3.1501575E+02   1.3947445E+05  -1.1646549E+03   0.0000000E+00   0.0000000E+00   0.0000000E+00
     1.6890000E+03   3.1501248E+02   1.2489718E-02   3.1501572E+02   1.2445080E+05  -1.2926531E+03   0.0000000E+00   0.0000000E+00   0.0000000E+00
     1.6900000E+03   3.1501254E+02   1.2554403E-02   3.1501572E+02   1.2808362E+05  -1.2695404E+03   0.0000000E+00   0.0000000E+00   0.0000000E+00
     1.6910000E+03   3.1501285E+02   1.2841904E-02   3.1501529E+02   1.2271972E+05  -9.8404083E+02   0.0000000E+00   0.0000000E+00   0.0000000E+00
     1.6920000E+03   3.1501236E+02   1.2372652E-02   3.1501538E+02   1.2455140E+05  -1.2034056E+03   0.0000000E+00   0.0000000E+00   0.0000000E+00
     1.6930000E+03   3.1501251E+02   1.2509324E-02   3.1501505E+02   1.2423666E+05  -1.0195029E+03   0.0000000E+00   0.0000000E+00   0.0000000E+00
     1.6940000E+03   3.1501224E+02   1.2223138E-02   3.1501508E+02   1.2745928E+05  -1.1423331E+03   0.0000000E+00   0.0000000E+00   0.0000000E+00
     1.6950000E+03   3.1501212E+02   1.2104992E-02   3.1501480E+02   1.2031881E+05  -1.0834974E+03   0.0000000E+00   0.0000000E+00   0.0000000E+00
     1.6960000E+03   3.1501202E+02   1.2011538E-02   3.1501486E+02   1.1712140E+05  -1.1471282E+03   0.0000000E+00   0.0000000E+00   0.0000000E+00
     1.6970000E+03   3.1501172E+02   1.1725394E-02   3.1501453E+02   1.1093871E+05  -1.1230632E+03   0.0000000E+00   0.0000000E+00   0.0000000E+00
     1.6980000E+03   3.1501208E+02   1.2099535E-02   3.1501443E+02   1.0495145E+05  -9.4060986E+02   0.0000000E+00   0.0000000E+00   0.0000000E+00
     1.6990000E+03   3.1501178E+02   1.1766692E-02   3.1501440E+02   1.1235436E+05  -1.0531428E+03   0.0000000E+00   0.0000000E+00   0.0000000E+00
     1.7000000E+03   3.1501172E+02   1.1723832E-02   3.1501474E+02   1.2107104E+05  -1.2078541E+03   0.0000000E+00   0.0000000E+00   0.0000000E+00
     1.7010000E+03   3.1501166E+02   1.1668868E-02   3.1501462E+02   1.1012281E+05  -1.1898698E+03   0.0000000E+00   0.0000000E+00   0.0000000E+00
     1.7020000E+03   3.1501160E+02   1.1593635E-02   3.1501440E+02   1.1892777E+05  -1.1304033E+03   0.0000000E+00   0.0000000E+00   0.0000000E+00
     1.7030000E+03   3.1501144E+02   1.1437954E-02   3.1501413E+02   1.1396709E+05  -1.0840309E+03   0.0000000E+00   0.0000000E+00   0.0000000E+00
     1.7040000E+03   3.1501102E+02   1.1017407E-02   3.1501367E+02   9.7376914E+04  -1.0653402E+03   0.0000000E+00   0.0000000E+00   0.0000000E+00
     1.7050000E+03   3.1501065E+02   1.0641330E-02   3.1501318E+02   1.0359573E+05  -1.0176168E+03   0.0000000E+00   0.0000000E+00   0.0000000E+00
     1.7060000E+03   3.1501022E+02   1.0236084E-02   3.1501291E+02   9.5075328E+04  -1.0689082E+03   0.0000000E+00   0.0000000E+00   0.0000000E+00
     1.7070000E+03   3.1501007E+02   1.0065590E-02   3.1501266E+02   8.3267250E+04  -1.0415627E+03   0.0000000E+00   0.0000000E+00   0.0000000E+00
     1.7080000E+03   3.1500980E+02   9.7874068E-03   3.1501254E+02   9.2012281E+04  -1.0999248E+03   0.0000000E+00   0.0000000E+00   0.0000000E+00
     1.7090000E+03   3.1500961E+02   9.6159754E-03   3.1501239E+02   8.5856586E+04  -1.1115126E+03   0.0000000E+00   0.0000000E+00   0.0000000E+00
     1.7100000E+03   3.1500937E+02   9.3719540E-03   3.1501196E+02   7.3038844E+04  -1.0357213E+03   0.0000000E+00   0.0000000E+00   0.0000000E+00
     1.7110000E+03   3.1500903E+02   9.0267332E-03   3.1501138E+02   7.9241922E+04  -9.5090125E+02   0.0000000E+00   0.0000000E+00   0.0000000E+00
     1.7120000E+03   3.1500873E+02   8.7405834E-03   3.1501102E+02   7.3154914E+04  -9.0882446E+02   0.0000000E+00   0.0000000E+00   0.0000000E+00
     1.7130000E+03   3.1500854E+02   8.5557215E-03   3.1501083E+02   6.7513219E+04  -9.1147931E+02   0.0000000E+00   0.0000000E+00   0.0000000E+00
     1.7140000E+03   3.1500845E+02   8.4436508E-03   3.1501102E+02   6.3302590E+04  -1.0371407E+03   0.0000000E+00   0.0000000E+00   0.0000000E+00
     1.7150000E+03   3.1500864E+02   8.6270729E-03   3.1501117E+02   7.6096242E+04  -1.0211453E+03   0.0000000E+00   0.0000000E+00   0.0000000E+00
     1.7160000E+03   3.1500894E+02   8.9325700E-03   3.1501126E+02   6.0607055E+04  -9.2893152E+02   0.0000000E+00   0.0000000E+00   0.0000000E+00
     1.7170000E+03   3.1500873E+02   8.7199900E-03   3.1501126E+02   7.5237344E+04  -1.0170108E+03   0.0000000E+00   0.0000000E+00   0.0000000E+00
     1.7180000E+03   3.1500864E+02   8.6355042E-03   3.1501102E+02   7.1872266E+04  -9.5276935E+02   0.0000000E+00   0.0000000E+00   0.0000000E+00
     1.7190000E+03   3.1500873E+02   8.7345019E-03   3.1501108E+02   7.0965477E+04  -9.3838208E+02   0.0000000E+00   0.0000000E+00   0.0000000E+00
     1.7200000E+03   3.1500858E+02   8.5748052E-03   3.1501099E+02   6.5975703E+04  -9.7043469E+02   0.0000000E+00   0.0000000E+00   0.0000000E+00
     1.7210000E+03   3.1500839E+02   8.3927978E-03   3.1501096E+02   6.0653074E+04  -1.0319375E+03   0.0000000E+00   0.0000000E+00   0.0000000E+00
     1.7220000E+03   3.1500836E+02   8.3617773E-03   3.1501096E+02   7.2073742E+04  -1.0452578E+03   0.0000000E+00   0.0000000E+00   0.0000000E+00
     1.7230000E+03   3.1500839E+02   8.3979415E-03   3.1501093E+02   6.8826703E+04  -1.0190032E+03   0.0000000E+00   0.0000000E+00   0.0000000E+00
     1.7240000E+03   3.1500845E+02   8.4429141E-03   3.1501080E+02   6.6043656E+04  -9.5211365E+02   0.0000000E+00   0.0000000E+00   0.0000000E+00
     1.7250000E+03   3.1500833E+02   8.3440719E-03   3.1501068E+02   6.4536605E+04  -9.3543042E+02   0.0000000E+00   0.0000000E+00   0.0000000E+00
     1.7260000E+03   3.1500809E+02   8.1002377E-03   3.1501038E+02   6.0718480E+04  -9.1228198E+02   0.0000000E+00   0.0000000E+00   0.0000000E+00
     1.7270000E+03   3.1500787E+02   7.8846375E-03   3.1501025E+02   5.8229691E+04  -9.5098889E+02   0.0000000E+00   0.0000000E+00   0.0000000E+00
     1.7280000E+03   3.1500790E+02   7.9064891E-03   3.1501028E+02   5.9431160E+04  -9.5310022E+02   0.0000000E+00   0.0000000E+00   0.0000000E+00
     1.7290000E+03   3.1500827E+02   8.2677081E-03   3.1501065E+02   6.2921484E+04  -9.5591266E+02   0.0000000E+00   0.0000000E+00   0.0000000E+00
     1.7300000E+03   3.1500800E+02   8.0018938E-03   3.1501028E+02   5.9372867E+04  -9.1247394E+02   0.0000000E+00   0.0000000E+00   0.0000000E+00
     1.7310000E+03   3.1500772E+02   7.7196830E-03   3.1500989E+02   5.5914355E+04  -8.7077350E+02   0.0000000E+00   0.0000000E+00   0.0000000E+00
     1.7320000E+03   3.1500720E+02   7.2092731E-03   3.1500931E+02   4.9544090E+04  -8.4629779E+02   0.0000000E+00   0.0000000E+00   0.0000000E+00
     1.7330000E+03   3.1500696E+02   6.9547403E-03   3.1500894E+02   4.6325754E+04  -8.0306476E+02   0.0000000E+00   0.0000000E+00   0.0000000E+00
     1.7340000E+03   3.1500690E+02   6.9004558E-03   3.1500888E+02   4.5913488E+04  -7.9722583E+02   0.0000000E+00   0.0000000E+00   0.0000000E+00
     1.7350000E+03   3.1500671E+02   6.6997842E-03   3.1500864E+02   4.2816777E+04  -7.7704596E+02   0.0000000E+00   0.0000000E+00   0.0000000E+00
     1.7360000E+03   3.1500638E+02   6.3821576E-03   3.1500851E+02   3.5900707E+04  -8.5689337E+02   0.0000000E+00   0.0000000E+00   0.0000000E+00
     1.7370000E+03   3.1500607E+02   6.0653202E-03   3.1500812E+02   4.4446949E+04  -8.2631830E+02   0.0000000E+00   0.0000000E+00   0.0000000E+00
     1.7380000E+03   3.1500604E+02   6.0576159E-03   3.1500809E+02   4.0431262E+04  -8.1528778E+02   0.0000000E+00   0.0000000E+00   0.0000000E+00
     1.7390000E+03   3.1500623E+02   6.2356177E-03   3.1500839E+02   3.4078484E+04  -8.6777185E+02   0.0000000E+00   0.0000000E+00   0.0000000E+00
     1.7400000E+03   3.1500580E+02   5.7861088E-03   3.1500854E+02   2.4950623E+04  -1.1030065E+03   0.0000000E+00   0.0000000E+00   0.0000000E+00
     1.7410000E+03   3.1500504E+02   5.0429204E-03   3.1500729E+02   3.6707859E+04  -9.0054272E+02   0.0000000E+00   0.0000000E+00   0.0000000E+00
     1.7420000E+03   3.1500653E+02   6.5455330E-03   3.1500861E+02   3.4565344E+04  -8.2346033E+02   0.0000000E+00   0.0000000E+00   0.0000000E+00
     1.7430000E+03   3.1500650E+02   6.4954697E-03   3.1500858E+02   4.5925832E+04  -8.3933966E+02   0.0000000E+00   0.0000000E+00   0.0000000E+00
     1.7440000E+03   3.1500632E+02   6.3293073E-03   3.1500851E+02   4.3854230E+04  -8.8033502E+02   0.0000000E+00   0.0000000E+00   0.0000000E+00
     1.7450000E+03   3.1500653E+02   6.5265489E-03   3.1500867E+02   4.3875414E+04  -8.5930481E+02   0.0000000E+00   0.0000000E+00   0.0000000E+00
     1.7460000E+03   3.1500659E+02   6.5818341E-03   3.1500879E+02   4.3361297E+04  -8.8946729E+02   0.0000000E+00   0.0000000E+00   0.0000000E+00
     1.7470000E+03   3.1500659E+02   6.5965503E-03   3.1500876E+02   4.2899082E+04  -8.6714435E+02   0.0000000E+00   0.0000000E+00   0.0000000E+00
     1.7480000E+03   3.1500562E+02   5.6057889E-03   3.1500806E+02   3.5807801E+04  -9.7920917E+02   0.0000000E+00   0.0000000E+00   0.0000000E+00
     1.7490000E+03   3.1500571E+02   5.7007843E-03   3.1500784E+02   3.2942312E+04  -8.5752521E+02   0.0000000E+00   0.0000000E+00   0.0000000E+00
     1.7500000E+03   3.1500546E+02   5.4540797E-03   3.1500745E+02   3.3140262E+04  -8.0445337E+02   0.0000000E+00   0.0000000E+00   0.0000000E+00
     1.7510000E+03   3.1500552E+02   5.5210581E-03   3.1500766E+02   3.3743723E+04  -8.5598169E+02   0.0000000E+00   0.0000000E+00   0.0000000E+00
     1.7520000E+03   3.1500534E+02   5.3317188E-03   3.1500711E+02   3.3343238E+04  -7.1755127E+02   0.0000000E+00   0.0000000E+00   0.0000000E+00
     1.7530000E+03   3.1500531E+02   5.3249304E-03   3.1500693E+02   3.1531537E+04  -6.4097766E+02   0.0000000E+00   0.0000000E+00   0.0000000E+00
     1.7540000E+03   3.1500507E+02   5.0798501E-03   3.1500699E+02   2.9363260E+04  -7.6780811E+02   0.0000000E+00   0.0000000E+00   0.0000000E+00
     1.7550000E+03   3.1500504E+02   5.0282604E-03   3.1500665E+02   3.0782158E+04  -6.4771661E+02   0.0000000E+00   0.0000000E+00   0.0000000E+00
     1.7560000E+03   3.1500476E+02   4.7516767E-03   3.1500641E+02   2.5878613E+04  -6.6891650E+02   0.0000000E+00   0.0000000E+00   0.0000000E+00
     1.7570000E+03   3.1500418E+02   4.1834600E-03   3.1500626E+02   1.2336150E+04  -8.2904883E+02   0.0000000E+00   0.0000000E+00   0.0000000E+00
     1.7580000E+03   3.1500348E+02   3.4795231E-03   3.1500571E+02   1.7959721E+04  -8.9643829E+02   0.0000000E+00   0.0000000E+00   0.0000000E+00
     1.7590000E+03   3.1500330E+02   3.3089200E-03   3.1500552E+02   1.6437982E+04  -8.8551056E+02   0.0000000E+00   0.0000000E+00   0.0000000E+00
     1.7600000E+03   3.1500345E+02   3.4634492E-03   3.1500485E+02   1.5008339E+04  -5.5812488E+02   0.0000000E+00   0.0000000E+00   0.0000000E+00
     1.7610000E+03   3.1500357E+02   3.5563381E-03   3.1500513E+02   1.6675521E+04  -6.3340314E+02   0.0000000E+00   0.0000000E+00   0.0000000E+00
     1.7620000E+03   3.1500421E+02   4.2192317E-03   3.1500494E+02   2.5626805E+04  -2.9491174E+02   0.0000000E+00   0.0000000E+00   0.0000000E+00
     1.7630000E+03   3.1500745E+02   7.4485373E-03   3.1500967E+02   5.4717773E+04  -8.9879340E+02   0.0000000E+00   0.0000000E+00   0.0000000E+00
     1.7640000E+03   3.1500684E+02   6.8459283E-03   3.1500909E+02   4.7655137E+04  -8.9969574E+02   0.0000000E+00   0.0000000E+00   0.0000000E+00
     1.7650000E+03   3.1500659E+02   6.6013858E-03   3.1500903E+02   4.5371902E+04  -9.7731958E+02   0.0000000E+00   0.0000000E+00   0.0000000E+00
     1.7660000E+03   3.1500607E+02   6.0711498E-03   3.1500809E+02   4.3144938E+04  -8.0724969E+02   0.0000000E+00   0.0000000E+00   0.0000000E+00
     1.7670000E+03   3.1500574E+02   5.7249181E-03   3.1500793E+02   3.8829109E+04  -8.8640479E+02   0.0000000E+00   0.0000000E+00   0.0000000E+00
     1.7680000E+03   3.1500537E+02   5.3703538E-03   3.1500742E+02   3.6607984E+04  -8.2637506E+02   0.0000000E+00   0.0000000E+00   0.0000000E+00
     1.7690000E+03   3.1500525E+02   5.2358760E-03   3.1500726E+02   3.5154254E+04  -8.0879456E+02   0.0000000E+00   0.0000000E+00   0.0000000E+00
     1.7700000E+03   3.1500516E+02   5.1645669E-03   3.1500720E+02   3.4408273E+04  -8.1920825E+02   0.0000000E+00   0.0000000E+00   0.0000000E+00
     1.7710000E+03   3.1500665E+02   6.6610822E-03   3.1500717E+02   5.5761445E+04  -1.9900578E+02   0.0000000E+00   0.0000000E+00   0.0000000E+00
     1.7720000E+03   3.1500647E+02   6.4822799E-03   3.1500967E+02   4.5936164E+04  -1.2777493E+03   0.0000000E+00   0.0000000E+00   0.0000000E+00
     1.7730000E+03   3.1500446E+02   4.4628303E-03   3.1500778E+02   2.2671762E+04  -1.3264214E+03   0.0000000E+00   0.0000000E+00   0.0000000E+00
     1.7740000E+03   3.1500400E+02   4.0102601E-03   3.1500562E+02   1.9758594E+04  -6.4308893E+02   0.0000000E+00   0.0000000E+00   0.0000000E+00
     1.7750000E+03   3.1500439E+02   4.3882434E-03   3.1500583E+02   2.1728535E+04  -5.8146667E+02   0.0000000E+00   0.0000000E+00   0.0000000E+00
     1.7760000E+03   3.1500433E+02   4.3426482E-03   3.1500616E+02   2.3537174E+04  -7.3303186E+02   0.0000000E+00   0.0000000E+00   0.0000000E+00
     1.7770000E+03   3.1500439E+02   4.4052224E-03   3.1500598E+02   2.2644209E+04  -6.2885742E+02   0.0000000E+00   0.0000000E+00   0.0000000E+00
     1.7780000E+03   3.1500400E+02   3.9856629E-03   3.1500577E+02   2.2221814E+04  -7.1845343E+02   0.0000000E+00   0.0000000E+00   0.0000000E+00
     1.7790000E+03   3.1500345E+02   3.4621514E-03   3.1500555E+02   1.7505494E+04  -8.3992133E+02   0.0000000E+00   0.0000000E+00   0.0000000E+00
     1.7800000E+03   3.1500339E+02   3.3846148E-03   3.1500519E+02   1.4715311E+04  -7.2247156E+02   0.0000000E+00   0.0000000E+00   0.0000000E+00
     1.7810000E+03   3.1500363E+02   3.6187558E-03   3.1500500E+02   1.5370632E+04  -5.5200854E+02   0.0000000E+00   0.0000000E+00   0.0000000E+00
     1.7820000E+03   3.1500314E+02   3.1484466E-03   3.1500500E+02   1.6222435E+04  -7.4881073E+02   0.0000000E+00   0.0000000E+00   0.0000000E+00
     1.7830000E+03   3.1500314E+02   3.1458561E-03   3.1500464E+02   1.5697868E+04  -5.9493378E+02   0.0000000E+00   0.0000000E+00   0.0000000E+00
     1.7840000E+03   3.1500266E+02   2.6546610E-03   3.1500439E+02   1.2039688E+04  -6.9571429E+02   0.0000000E+00   0.0000000E+00   0.0000000E+00
     1.7850000E+03   3.1500247E+02   2.4690742E-03   3.1500467E+02   9.2319229E+03  -8.8689532E+02   0.0000000E+00   0.0000000E+00   0.0000000E+00
     1.7860000E+03   3.1500241E+02   2.4149653E-03   3.1500461E+02   8.1556416E+03  -8.8226337E+02   0.0000000E+00   0.0000000E+00   0.0000000E+00
     1.7870000E+03   3.1500217E+02   2.1770366E-03   3.1500439E+02   8.5286836E+03  -8.9019562E+02   0.0000000E+00   0.0000000E+00   0.0000000E+00
     1.7880000E+03   3.1500223E+02   2.2347784E-03   3.1500485E+02   6.9580332E+03  -1.0459719E+03   0.0000000E+00   0.0000000E+00   0.0000000E+00
     1.7890000E+03   3.1500232E+02   2.3317777E-03   3.1500455E+02   1.1263096E+04  -8.8925867E+02   0.0000000E+00   0.0000000E+00   0.0000000E+00
     1.7900000E+03   3.1500632E+02   6.3206656E-03   3.1500879E+02   4.1655883E+04  -9.9618896E+02   0.0000000E+00   0.0000000E+00   0.0000000E+00
     1.7910000E+03   3.1500641E+02   6.4195613E-03   3.1500873E+02   4.2918422E+04  -9.2159528E+02   0.0000000E+00   0.0000000E+00   0.0000000E+00
     1.7920000E+03   3.1500677E+02   6.7641707E-03   3.1500894E+02   4.6630527E+04  -8.7677991E+02   0.0000000E+00   0.0000000E+00   0.0000000E+00
     1.7930000E+03   3.1500662E+02   6.6318614E-03   3.1500888E+02   4.5095852E+04  -8.9884235E+02   0.0000000E+00   0.0000000E+00   0.0000000E+00
     1.7940000E+03   3.1500662E+02   6.6232686E-03   3.1500888E+02   4.4473965E+04  -9.0076312E+02   0.0000000E+00   0.0000000E+00   0.0000000E+00
     1.7950000E+03   3.1500528E+02   5.2846130E-03   3.1500732E+02   3.0668635E+04  -8.1422644E+02   0.0000000E+00   0.0000000E+00   0.0000000E+00
     1.7960000E+03   3.1500433E+02   4.3364954E-03   3.1500653E+02   2.6730635E+04  -8.7514319E+02   0.0000000E+00   0.0000000E+00   0.0000000E+00
     1.7970000E+03   3.1500455E+02   4.5411079E-03   3.1500687E+02   2.2843906E+04  -9.3938593E+02   0.0000000E+00   0.0000000E+00   0.0000000E+00
     1.7980000E+03   3.1500372E+02   3.7250603E-03   3.1500665E+02   2.0333215E+04  -1.1758547E+03   0.0000000E+00   0.0000000E+00   0.0000000E+00
     1.7990000E+03   3.1500360E+02   3.5889787E-03   3.1500644E+02   2.0320029E+04  -1.1419391E+03   0.0000000E+00   0.0000000E+00   0.0000000E+00
     1.8000000E+03   3.1500378E+02   3.7724439E-03   3.1500638E+02   2.0657725E+04  -1.0444015E+03   0.0000000E+00   0.0000000E+00   0.0000000E+00
     1.8010000E+03   3.1500418E+02   4.1906079E-03   3.1500647E+02   2.5333699E+04  -9.1972473E+02   0.0000000E+00   0.0000000E+00   0.0000000E+00
     1.8020000E+03   3.1500507E+02   5.0626919E-03   3.1500687E+02   3.2158562E+04  -7.2315253E+02   0.0000000E+00   0.0000000E+00   0.0000000E+00
     1.8030000E+03   3.1500546E+02   5.4581519E-03   3.1500748E+02   3.6260023E+04  -8.1083185E+02   0.0000000E+00   0.0000000E+00   0.0000000E+00
     1.8040000E+03   3.1500565E+02   5.6374841E-03   3.1500760E+02   2.4616482E+04  -7.9100146E+02   0.0000000E+00   0.0000000E+00   0.0000000E+00
     1.8050000E+03   3.1500464E+02   4.6429341E-03   3.1500647E+02   2.4693059E+04  -7.3746600E+02   0.0000000E+00   0.0000000E+00   0.0000000E+00
     1.8060000E+03   3.1500476E+02   4.7658994E-03   3.1500696E+02   2.7423398E+04  -8.7822266E+02   0.0000000E+00   0.0000000E+00   0.0000000E+00
     1.8070000E+03   3.1500504E+02   5.0340178E-03   3.1500717E+02   2.8426109E+04  -8.5983954E+02   0.0000000E+00   0.0000000E+00   0.0000000E+00
     1.8080000E+03   3.1500464E+02   4.6305135E-03   3.1500735E+02   2.8790340E+04  -1.0906501E+03   0.0000000E+00   0.0000000E+00   0.0000000E+00
     1.8090000E+03   3.1500452E+02   4.5314464E-03   3.1500739E+02   2.8575850E+04  -1.1488971E+03   0.0000000E+00   0.0000000E+00   0.0000000E+00
     1.8100000E+03   3.1500427E+02   4.2638481E-03   3.1500742E+02   2.5179781E+04  -1.2663816E+03   0.0000000E+00   0.0000000E+00   0.0000000E+00
     1.8110000E+03   3.1500424E+02   4.2507458E-03   3.1500616E+02   2.1223305E+04  -7.6776678E+02   0.0000000E+00   0.0000000E+00   0.0000000E+00
     1.8120000E+03   3.1500415E+02   4.1354699E-03   3.1500574E+02   1.9625268E+04  -6.3747498E+02   0.0000000E+00   0.0000000E+00   0.0000000E+00
     1.8130000E+03   3.1500430E+02   4.3023443E-03   3.1500635E+02   2.2445799E+04  -8.1952008E+02   0.0000000E+00   0.0000000E+00   0.0000000E+00
     1.8140000E+03   3.1500461E+02   4.5980685E-03   3.1500595E+02   2.4553266E+04  -5.4696625E+02   0.0000000E+00   0.0000000E+00   0.0000000E+00
     1.8150000E+03   3.1500443E+02   4.4140620E-03   3.1500690E+02   2.6931094E+04  -1.0004897E+03   0.0000000E+00   0.0000000E+00   0.0000000E+00
     1.8160000E+03   3.1500467E+02   4.6738177E-03   3.1500659E+02   2.4979115E+04  -7.7248669E+02   0.0000000E+00   0.0000000E+00   0.0000000E+00
     1.8170000E+03   3.1501254E+02   1.2528810E-02   3.1501529E+02   1.3099486E+05  -1.1122947E+03   0.0000000E+00   0.0000000E+00   0.0000000E+00
     1.8180000E+03   3.1500677E+02   6.7735030E-03   3.1500974E+02   4.6746027E+04  -1.1907769E+03   0.0000000E+00   0.0000000E+00   0.0000000E+00
     1.8190000E+03   3.1500537E+02   5.3828196E-03   3.1500800E+02   3.1999156E+04  -1.0465380E+03   0.0000000E+00   0.0000000E+00   0.0000000E+00
     1.8200000E+03   3.1500516E+02   5.1679788E-03   3.1500784E+02   2.9675018E+04  -1.0720547E+03   0.0000000E+00   0.0000000E+00   0.0000000E+00
     1.8210000E+03   3.1500470E+02   4.7001191E-03   3.1500729E+02   2.0471801E+04  -1.0404633E+03   0.0000000E+00   0.0000000E+00   0.0000000E+00
     1.8220000E+03   3.1500519E+02   5.1910239E-03   3.1500714E+02   2.9251732E+04  -7.7983801E+02   0.0000000E+00   0.0000000E+00   0.0000000E+00
     1.8230000E+03   3.1500507E+02   5.0539533E-03   3.1500735E+02   2.8767678E+04  -9.2038458E+02   0.0000000E+00   0.0000000E+00   0.0000000E+00
     1.8240000E+03   3.1500400E+02   4.0052296E-03   3.1500739E+02   2.0676549E+04  -1.3614298E+03   0.0000000E+00   0.0000000E+00   0.0000000E+00
     1.8250000E+03   3.1500449E+02   4.4927783E-03   3.1500708E+02   2.3527111E+04  -1.0372314E+03   0.0000000E+00   0.0000000E+00   0.0000000E+00
     1.8260000E+03   3.1500449E+02   4.4861436E-03   3.1500705E+02   2.3083281E+04  -1.0328459E+03   0.0000000E+00   0.0000000E+00   0.0000000E+00
     1.8270000E+03   3.1500433E+02   4.3374985E-03   3.1500674E+02   2.2542744E+04  -9.6157349E+02   0.0000000E+00   0.0000000E+00   0.0000000E+00
     1.8280000E+03   3.1500412E+02   4.1332101E-03   3.1500626E+02   1.9882678E+04  -8.5134717E+02   0.0000000E+00   0.0000000E+00   0.0000000E+00
     1.8290000E+03   3.1500375E+02   3.7674417E-03   3.1500665E+02   2.0209662E+04  -1.1617102E+03   0.0000000E+00   0.0000000E+00   0.0000000E+00
     1.8300000E+03   3.1500412E+02   4.1265497E-03   3.1500677E+02   1.2250226E+04  -1.0600157E+03   0.0000000E+00   0.0000000E+00   0.0000000E+00
     1.8310000E+03   3.1500696E+02   6.9522206E-03   3.1500946E+02   4.8982020E+04  -1.0057551E+03   0.0000000E+00   0.0000000E+00   0.0000000E+00
     1.8320000E+03   3.1500638E+02   6.3928538E-03   3.1500867E+02   4.2986395E+04  -9.1308740E+02   0.0000000E+00   0.0000000E+00   0.0000000E+00
     1.8330000E+03   3.1500589E+02   5.8899005E-03   3.1500809E+02   3.7496629E+04  -8.8789081E+02   0.0000000E+00   0.0000000E+00   0.0000000E+00
     1.8340000E+03   3.1500558E+02   5.5958433E-03   3.1500833E+02   3.6521957E+04  -1.0925376E+03   0.0000000E+00   0.0000000E+00   0.0000000E+00
     1.8350000E+03   3.1500589E+02   5.8989548E-03   3.1500861E+02   3.7955828E+04  -1.0877405E+03   0.0000000E+00   0.0000000E+00   0.0000000E+00
     1.8360000E+03   3.1500589E+02   5.8759009E-03   3.1500800E+02   3.6160117E+04  -8.5538159E+02   0.0000000E+00   0.0000000E+00   0.0000000E+00
     1.8370000E+03   3.1500635E+02   6.3624457E-03   3.1500858E+02   4.3674012E+04  -8.9390649E+02   0.0000000E+00   0.0000000E+00   0.0000000E+00
     1.8380000E+03   3.1500693E+02   6.9177304E-03   3.1500946E+02   4.0372098E+04  -1.0212598E+03   0.0000000E+00   0.0000000E+00   0.0000000E+00
     1.8390000E+03   3.1500696E+02   6.9532199E-03   3.1500964E+02   5.4472816E+04  -1.0855410E+03   0.0000000E+00   0.0000000E+00   0.0000000E+00
     1.8400000E+03   3.1500739E+02   7.3873084E-03   3.1500998E+02   5.4465801E+04  -1.0437823E+03   0.0000000E+00   0.0000000E+00   0.0000000E+00
     1.8410000E+03   3.1500705E+02   7.0575848E-03   3.1500970E+02   4.3028625E+04  -1.0654091E+03   0.0000000E+00   0.0000000E+00   0.0000000E+00
     1.8420000E+03   3.1500717E+02   7.1851439E-03   3.1500940E+02   5.0692434E+04  -8.8527753E+02   0.0000000E+00   0.0000000E+00   0.0000000E+00
     1.8430000E+03   3.1500604E+02   6.0338881E-03   3.1500952E+02   3.8839082E+04  -1.4029869E+03   0.0000000E+00   0.0000000E+00   0.0000000E+00
     1.8440000E+03   3.1500644E+02   6.4337123E-03   3.1500909E+02   4.3333129E+04  -1.0636742E+03   0.0000000E+00   0.0000000E+00   0.0000000E+00
     1.8450000E+03   3.1500562E+02   5.6255977E-03   3.1500821E+02   3.5673934E+04  -1.0353046E+03   0.0000000E+00   0.0000000E+00   0.0000000E+00
     1.8460000E+03   3.1500674E+02   6.7312149E-03   3.1500937E+02   4.6221656E+04  -1.0580413E+03   0.0000000E+00   0.0000000E+00   0.0000000E+00
     1.8470000E+03   3.1500665E+02   6.6492767E-03   3.1500931E+02   3.3424188E+04  -1.0716912E+03   0.0000000E+00   0.0000000E+00   0.0000000E+00
     1.8480000E+03   3.1500574E+02   5.7272734E-03   3.1500839E+02   2.5550145E+04  -1.0664923E+03   0.0000000E+00   0.0000000E+00   0.0000000E+00
     1.8490000E+03   3.1500485E+02   4.8493673E-03   3.1500742E+02   3.0620254E+04  -1.0270828E+03   0.0000000E+00   0.0000000E+00   0.0000000E+00
     1.8500000E+03   3.1500717E+02   7.1827518E-03   3.1500989E+02   5.1610414E+04  -1.0841530E+03   0.0000000E+00   0.0000000E+00   0.0000000E+00
     1.8510000E+03   3.1500720E+02   7.1918578E-03   3.1500989E+02   5.1612586E+04  -1.0845969E+03   0.0000000E+00   0.0000000E+00   0.0000000E+00
     1.8520000E+03   3.1500800E+02   7.9879425E-03   3.1501065E+02   6.1615828E+04  -1.0720096E+03   0.0000000E+00   0.0000000E+00   0.0000000E+00
     1.8530000E+03   3.1500800E+02   8.0004623E-03   3.1501074E+02   6.1805793E+04  -1.0948262E+03   0.0000000E+00   0.0000000E+00   0.0000000E+00
     1.8540000E+03   3.1501074E+02   1.0728976E-02   3.1501346E+02   1.0064857E+05  -1.0955486E+03   0.0000000E+00   0.0000000E+00   0.0000000E+00
     1.8550000E+03   3.1501010E+02   1.0108133E-02   3.1501294E+02   9.0704180E+04  -1.1374086E+03   0.0000000E+00   0.0000000E+00   0.0000000E+00
     1.8560000E+03   3.1500989E+02   9.8755192E-03   3.1501279E+02   8.7968328E+04  -1.1637764E+03   0.0000000E+00   0.0000000E+00   0.0000000E+00
     1.8570000E+03   3.1500876E+02   8.7480498E-03   3.1501147E+02   7.3809133E+04  -1.0919557E+03   0.0000000E+00   0.0000000E+00   0.0000000E+00
     1.8580000E+03   3.1500937E+02   9.3594640E-03   3.1501208E+02   8.0850711E+04  -1.0997255E+03   0.0000000E+00   0.0000000E+00   0.0000000E+00
     1.8590000E+03   3.1500925E+02   9.2509165E-03   3.1501193E+02   7.7551484E+04  -1.0717687E+03   0.0000000E+00   0.0000000E+00   0.0000000E+00
     1.8600000E+03   3.1500864E+02   8.6322334E-03   3.1501196E+02   7.5085492E+04  -1.3376085E+03   0.0000000E+00   0.0000000E+00   0.0000000E+00
     1.8610000E+03   3.1500879E+02   8.7768463E-03   3.1501190E+02   7.7337219E+04  -1.2505299E+03   0.0000000E+00   0.0000000E+00   0.0000000E+00
     1.8620000E+03   3.1500974E+02   9.7445752E-03   3.1501212E+02   8.6865930E+04  -9.5179749E+02   0.0000000E+00   0.0000000E+00   0.0000000E+00
     1.8630000E+03   3.1501031E+02   1.0316317E-02   3.1501282E+02   9.4986719E+04  -1.0012501E+03   0.0000000E+00   0.0000000E+00   0.0000000E+00
     1.8640000E+03   3.1501056E+02   1.0549633E-02   3.1501266E+02   9.6899195E+04  -8.4709155E+02   0.0000000E+00   0.0000000E+00   0.0000000E+00
     1.8650000E+03   3.1500970E+02   9.7012827E-03   3.1501294E+02   9.1726375E+04  -1.2943522E+03   0.0000000E+00   0.0000000E+00   0.0000000E+00
     1.8660000E+03   3.1500964E+02   9.6429316E-03   3.1501245E+02   8.4220141E+04  -1.1277168E+03   0.0000000E+00   0.0000000E+00   0.0000000E+00
     1.8670000E+03   3.1500958E+02   9.5896171E-03   3.1501242E+02   8.1913875E+04  -1.1378159E+03   0.0000000E+00   0.0000000E+00   0.0000000E+00
     1.8680000E+03   3.1500900E+02   8.9893024E-03   3.1501230E+02   7.9997258E+04  -1.3319567E+03   0.0000000E+00   0.0000000E+00   0.0000000E+00
     1.8690000E+03   3.1500833E+02   8.3240056E-03   3.1501215E+02   7.0739758E+04  -1.5363547E+03   0.0000000E+00   0.0000000E+00   0.0000000E+00
     1.8700000E+03   3.1500778E+02   7.7743870E-03   3.1501154E+02   6.4272637E+04  -1.5098287E+03   0.0000000E+00   0.0000000E+00   0.0000000E+00
     1.8710000E+03   3.1500714E+02   7.1357796E-03   3.1500980E+02   5.5036504E+04  -1.0709980E+03   0.0000000E+00   0.0000000E+00   0.0000000E+00
     1.8720000E+03   3.1500681E+02   6.8159574E-03   3.1500946E+02   4.9068668E+04  -1.0577380E+03   0.0000000E+00   0.0000000E+00   0.0000000E+00
     1.8730000E+03   3.1500650E+02   6.4968267E-03   3.1500937E+02   4.3528711E+04  -1.1508438E+03   0.0000000E+00   0.0000000E+00   0.0000000E+00
     1.8740000E+03   3.1500546E+02   5.4745316E-03   3.1500903E+02   3.4680945E+04  -1.4303778E+03   0.0000000E+00   0.0000000E+00   0.0000000E+00
     1.8750000E+03   3.1500601E+02   6.0047102E-03   3.1500888E+02   3.7228293E+04  -1.1559685E+03   0.0000000E+00   0.0000000E+00   0.0000000E+00
     1.8760000E+03   3.1500726E+02   7.2696707E-03   3.1500980E+02   5.4144066E+04  -1.0112229E+03   0.0000000E+00   0.0000000E+00   0.0000000E+00
     1.8770000E+03   3.1502472E+02   2.4705645E-02   3.1502765E+02   4.0386281E+05  -1.1839591E+03   0.0000000E+00   0.0000000E+00   0.0000000E+00
     1.8780000E+03   3.1501331E+02   1.3313122E-02   3.1501648E+02   1.4411727E+05  -1.2725653E+03   0.0000000E+00   0.0000000E+00   0.0000000E+00
     1.8790000E+03   3.1501169E+02   1.1691631E-02   3.1501486E+02   1.1445132E+05  -1.2670221E+03   0.0000000E+00   0.0000000E+00   0.0000000E+00
     1.8800000E+03   3.1501120E+02   1.1205868E-02   3.1501425E+02   1.0562150E+05  -1.2264298E+03   0.0000000E+00   0.0000000E+00   0.0000000E+00
     1.8810000E+03   3.1501065E+02   1.0646937E-02   3.1501370E+02   9.7642227E+04  -1.2241287E+03   0.0000000E+00   0.0000000E+00   0.0000000E+00
     1.8820000E+03   3.1501004E+02   1.0029684E-02   3.1501389E+02   9.3572922E+04  -1.5528562E+03   0.0000000E+00   0.0000000E+00   0.0000000E+00
     1.8830000E+03   3.1501031E+02   1.0327463E-02   3.1501370E+02   9.5397648E+04  -1.3543121E+03   0.0000000E+00   0.0000000E+00   0.0000000E+00
     1.8840000E+03   3.1500992E+02   9.9241761E-03   3.1501306E+02   8.7264391E+04  -1.2534459E+03   0.0000000E+00   0.0000000E+00   0.0000000E+00
     1.8850000E+03   3.1500925E+02   9.2606274E-03   3.1501218E+02   7.6416961E+04  -1.1757332E+03   0.0000000E+00   0.0000000E+00   0.0000000E+00
     1.8860000E+03   3.1500894E+02   8.9303572E-03   3.1501196E+02   6.2349090E+04  -1.2201255E+03   0.0000000E+00   0.0000000E+00   0.0000000E+00
     1.8870000E+03   3.1500906E+02   9.0674041E-03   3.1501172E+02   7.6859133E+04  -1.0634847E+03   0.0000000E+00   0.0000000E+00   0.0000000E+00
     1.8880000E+03   3.1500897E+02   8.9870011E-03   3.1501199E+02   7.5153445E+04  -1.2063240E+03   0.0000000E+00   0.0000000E+00   0.0000000E+00
     1.8890000E+03   3.1500897E+02   8.9685144E-03   3.1501193E+02   7.3375906E+04  -1.1941750E+03   0.0000000E+00   0.0000000E+00   0.0000000E+00
     1.8900000E+03   3.1500864E+02   8.6411331E-03   3.1501163E+02   6.2052910E+04  -1.1937733E+03   0.0000000E+00   0.0000000E+00   0.0000000E+00
     1.8910000E+03   3.1500870E+02   8.7088766E-03   3.1501132E+02   6.9251484E+04  -1.0444569E+03   0.0000000E+00   0.0000000E+00   0.0000000E+00
     1.8920000E+03   3.1500815E+02   8.1438869E-03   3.1501157E+02   6.8321359E+04  -1.3682554E+03   0.0000000E+00   0.0000000E+00   0.0000000E+00
     1.8930000E+03   3.1501828E+02   1.8290536E-02   3.1502130E+02   2.4471798E+05  -1.2030378E+03   0.0000000E+00   0.0000000E+00   0.0000000E+00
     1.8940000E+03   3.1501172E+02   1.1731382E-02   3.1501486E+02   1.1672557E+05  -1.2544814E+03   0.0000000E+00   0.0000000E+00   0.0000000E+00
     1.8950000E+03   3.1501089E+02   1.0896004E-02   3.1501395E+02   1.0322501E+05  -1.2303365E+03   0.0000000E+00   0.0000000E+00   0.0000000E+00
     1.8960000E+03   3.1501056E+02   1.0574167E-02   3.1501373E+02   9.8039984E+04  -1.2652555E+03   0.0000000E+00   0.0000000E+00   0.0000000E+00
     1.8970000E+03   3.1501022E+02   1.0221110E-02   3.1501334E+02   9.2112812E+04  -1.2559807E+03   0.0000000E+00   0.0000000E+00   0.0000000E+00
     1.8980000E+03   3.1501004E+02   1.0051588E-02   3.1501276E+02   8.8569164E+04  -1.0897368E+03   0.0000000E+00   0.0000000E+00   0.0000000E+00
     1.8990000E+03   3.1500928E+02   9.2731519E-03   3.1501285E+02   8.4332453E+04  -1.4303947E+03   0.0000000E+00   0.0000000E+00   0.0000000E+00
     1.9000000E+03   3.1500894E+02   8.9299912E-03   3.1501270E+02   7.7440891E+04  -1.5157565E+03   0.0000000E+00   0.0000000E+00   0.0000000E+00
     1.9010000E+03   3.1500861E+02   8.6119575E-03   3.1501236E+02   7.4955844E+04  -1.5040476E+03   0.0000000E+00   0.0000000E+00   0.0000000E+00
     1.9020000E+03   3.1500867E+02   8.6784875E-03   3.1501163E+02   7.1858688E+04  -1.1889080E+03   0.0000000E+00   0.0000000E+00   0.0000000E+00
     1.9030000E+03   3.1500876E+02   8.7451013E-03   3.1501175E+02   7.1255734E+04  -1.2040781E+03   0.0000000E+00   0.0000000E+00   0.0000000E+00
     1.9040000E+03   3.1500861E+02   8.6055417E-03   3.1501144E+02   6.8676367E+04  -1.1420253E+03   0.0000000E+00   0.0000000E+00   0.0000000E+00
     1.9050000E+03   3.1500851E+02   8.5113607E-03   3.1501169E+02   7.0000016E+04  -1.2770504E+03   0.0000000E+00   0.0000000E+00   0.0000000E+00
     1.9060000E+03   3.1500833E+02   8.3374530E-03   3.1501138E+02   5.7425594E+04  -1.2242322E+03   0.0000000E+00   0.0000000E+00   0.0000000E+00
     1.9070000E+03   3.1500815E+02   8.1534907E-03   3.1501129E+02   6.8383219E+04  -1.2613330E+03   0.0000000E+00   0.0000000E+00   0.0000000E+00
     1.9080000E+03   3.1500769E+02   7.7016507E-03   3.1501068E+02   6.0573648E+04  -1.1940015E+03   0.0000000E+00   0.0000000E+00   0.0000000E+00
     1.9090000E+03   3.1500970E+02   9.7011626E-03   3.1501248E+02   8.5011523E+04  -1.1198258E+03   0.0000000E+00   0.0000000E+00   0.0000000E+00
     1.9100000E+03   3.1500922E+02   9.2041064E-03   3.1501233E+02   7.7870828E+04  -1.2517938E+03   0.0000000E+00   0.0000000E+00   0.0000000E+00
     1.9110000E+03   3.1500912E+02   9.1202101E-03   3.1501224E+02   7.5233602E+04  -1.2512572E+03   0.0000000E+00   0.0000000E+00   0.0000000E+00
     1.9120000E+03   3.1500836E+02   8.3663790E-03   3.1501212E+02   7.1124320E+04  -1.5036453E+03   0.0000000E+00   0.0000000E+00   0.0000000E+00
     1.9130000E+03   3.1500812E+02   8.1319632E-03   3.1501181E+02   6.8069359E+04  -1.4800762E+03   0.0000000E+00   0.0000000E+00   0.0000000E+00
     1.9140000E+03   3.1500797E+02   7.9583591E-03   3.1501157E+02   6.6406188E+04  -1.4459941E+03   0.0000000E+00   0.0000000E+00   0.0000000E+00
     1.9150000E+03   3.1500754E+02   7.5500733E-03   3.1501132E+02   6.1549609E+04  -1.5121379E+03   0.0000000E+00   0.0000000E+00   0.0000000E+00
     1.9160000E+03   3.1500781E+02   7.8170793E-03   3.1501080E+02   4.8237117E+04  -1.1927622E+03   0.0000000E+00   0.0000000E+00   0.0000000E+00
     1.9170000E+03   3.1500668E+02   6.6685821E-03   3.1500958E+02   5.0010289E+04  -1.1665750E+03   0.0000000E+00   0.0000000E+00   0.0000000E+00
     1.9180000E+03   3.1500568E+02   5.6613060E-03   3.1500961E+02   3.7054012E+04  -1.5905942E+03   0.0000000E+00   0.0000000E+00   0.0000000E+00
     1.9190000E+03   3.1500925E+02   9.2367213E-03   3.1501141E+02   6.6711141E+04  -8.7333484E+02   0.0000000E+00   0.0000000E+00   0.0000000E+00
     1.9200000E+03   3.1500906E+02   9.0560718E-03   3.1501205E+02   7.5747578E+04  -1.2033162E+03   0.0000000E+00   0.0000000E+00   0.0000000E+00
     1.9210000E+03   3.1500885E+02   8.8532735E-03   3.1501187E+02   7.1768516E+04  -1.2175330E+03   0.0000000E+00   0.0000000E+00   0.0000000E+00
     1.9220000E+03   3.1500885E+02   8.8476669E-03   3.1501187E+02   7.1773922E+04  -1.2103546E+03   0.0000000E+00   0.0000000E+00   0.0000000E+00
     1.9230000E+03   3.1500882E+02   8.8307764E-03   3.1501184E+02   7.1478797E+04  -1.2097548E+03   0.0000000E+00   0.0000000E+00   0.0000000E+00
     1.9240000E+03   3.1500867E+02   8.6668599E-03   3.1501166E+02   5.7761297E+04  -1.2033069E+03   0.0000000E+00   0.0000000E+00   0.0000000E+00
     1.9250000E+03   3.1500693E+02   6.9213025E-03   3.1500977E+02   5.0573949E+04  -1.1421049E+03   0.0000000E+00   0.0000000E+00   0.0000000E+00
     1.9260000E+03   3.1500766E+02   7.6727699E-03   3.1501056E+02   6.1190777E+04  -1.1541846E+03   0.0000000E+00   0.0000000E+00   0.0000000E+00
     1.9270000E+03   3.1500912E+02   9.1345375E-03   3.1501117E+02   8.9422609E+04  -8.1937573E+02   0.0000000E+00   0.0000000E+00   0.0000000E+00
     1.9280000E+03   3.1500891E+02   8.9261075E-03   3.1501245E+02   8.2138078E+04  -1.4150042E+03   0.0000000E+00   0.0000000E+00   0.0000000E+00
     1.9290000E+03   3.1500894E+02   8.9375498E-03   3.1501190E+02   7.5806281E+04  -1.1889514E+03   0.0000000E+00   0.0000000E+00   0.0000000E+00
     1.9300000E+03   3.1500894E+02   8.9491447E-03   3.1501190E+02   7.4559328E+04  -1.1882148E+03   0.0000000E+00   0.0000000E+00   0.0000000E+00
     1.9310000E+03   3.1500897E+02   8.9738155E-03   3.1501199E+02   7.4686977E+04  -1.2105270E+03   0.0000000E+00   0.0000000E+00   0.0000000E+00
     1.9320000E+03   3.1500888E+02   8.8884123E-03   3.1501187E+02   7.2656430E+04  -1.2018123E+03   0.0000000E+00   0.0000000E+00   0.0000000E+00
     1.9330000E+03   3.1500867E+02   8.6645093E-03   3.1501163E+02   5.8512129E+04  -1.1948562E+03   0.0000000E+00   0.0000000E+00   0.0000000E+00
     1.9340000E+03   3.1500699E+02   6.9745299E-03   3.1500980E+02   5.1544172E+04  -1.1369198E+03   0.0000000E+00   0.0000000E+00   0.0000000E+00
     1.9350000E+03   3.1500763E+02   7.6213009E-03   3.1501001E+02   5.8339418E+04  -9.5904541E+02   0.0000000E+00   0.0000000E+00   0.0000000E+00
     1.9360000E+03   3.1500806E+02   8.0475472E-03   3.1501102E+02   6.4354816E+04  -1.1894197E+03   0.0000000E+00   0.0000000E+00   0.0000000E+00
     1.9370000E+03   3.1500909E+02   9.0853861E-03   3.1501205E+02   8.6121500E+04  -1.1965198E+03   0.0000000E+00   0.0000000E+00   0.0000000E+00
     1.9380000E+03   3.1500824E+02   8.2438225E-03   3.1501013E+02   7.9894375E+04  -7.5858289E+02   0.0000000E+00   0.0000000E+00   0.0000000E+00
     1.9390000E+03   3.1500931E+02   9.3163820E-03   3.1501221E+02   7.8705711E+04  -1.1560870E+03   0.0000000E+00   0.0000000E+00   0.0000000E+00
     1.9400000E+03   3.1500919E+02   9.1739604E-03   3.1501202E+02   7.6741078E+04  -1.1413138E+03   0.0000000E+00   0.0000000E+00   0.0000000E+00
     1.9410000E+03   3.1500784E+02   7.8358958E-03   3.1501178E+02   4.7726559E+04  -1.5835554E+03   0.0000000E+00   0.0000000E+00   0.0000000E+00
     1.9420000E+03   3.1500870E+02   8.7051727E-03   3.1501071E+02   7.1403703E+04  -7.9985602E+02   0.0000000E+00   0.0000000E+00   0.0000000E+00
     1.9430000E+03   3.1500830E+02   8.2974555E-03   3.1501108E+02   6.5132414E+04  -1.1144597E+03   0.0000000E+00   0.0000000E+00   0.0000000E+00
     1.9440000E+03   3.1500717E+02   7.1656844E-03   3.1500989E+02   5.4376309E+04  -1.0959152E+03   0.0000000E+00   0.0000000E+00   0.0000000E+00
     1.9450000E+03   3.1500793E+02   7.9396516E-03   3.1501077E+02   6.0116301E+04  -1.1390653E+03   0.0000000E+00   0.0000000E+00   0.0000000E+00
     1.9460000E+03   3.1500668E+02   6.6972389E-03   3.1500922E+02   5.7611234E+04  -1.0124221E+03   0.0000000E+00   0.0000000E+00   0.0000000E+00
     1.9470000E+03   3.1500751E+02   7.5147427E-03   3.1501028E+02   6.2889539E+04  -1.1171431E+03   0.0000000E+00   0.0000000E+00   0.0000000E+00
     1.9480000E+03   3.1500754E+02   7.5483541E-03   3.1501013E+02   5.9359430E+04  -1.0425543E+03   0.0000000E+00   0.0000000E+00   0.0000000E+00
     1.9490000E+03   3.1500699E+02   7.0013050E-03   3.1501086E+02   5.7151691E+04  -1.5556689E+03   0.0000000E+00   0.0000000E+00   0.0000000E+00
     1.9500000E+03   3.1500797E+02   7.9728700E-03   3.1501083E+02   6.0207695E+04  -1.1447699E+03   0.0000000E+00   0.0000000E+00   0.0000000E+00
     1.9510000E+03   3.1501013E+02   1.0145944E-02   3.1501315E+02   9.2556938E+04  -1.2049431E+03   0.0000000E+00   0.0000000E+00   0.0000000E+00
     1.9520000E+03   3.1500946E+02   9.4643738E-03   3.1501248E+02   8.1247703E+04  -1.2120939E+03   0.0000000E+00   0.0000000E+00   0.0000000E+00
     1.9530000E+03   3.1500894E+02   8.9338245E-03   3.1501193E+02   7.3934633E+04  -1.2031581E+03   0.0000000E+00   0.0000000E+00   0.0000000E+00
     1.9540000E+03   3.1501654E+02   1.6534608E-02   3.1501950E+02   2.0713498E+05  -1.1954564E+03   0.0000000E+00   0.0000000E+00   0.0000000E+00
     1.9550000E+03   3.1501212E+02   1.2120436E-02   3.1501520E+02   1.2324667E+05  -1.2301188E+03   0.0000000E+00   0.0000000E+00   0.0000000E+00
     1.9560000E+03   3.1501389E+02   1.3874453E-02   3.1501688E+02   1.5675184E+05  -1.2013750E+03   0.0000000E+00   0.0000000E+00   0.0000000E+00
     1.9570000E+03   3.1501266E+02   1.2650851E-02   3.1501569E+02   1.3135642E+05  -1.2156044E+03   0.0000000E+00   0.0000000E+00   0.0000000E+00
     1.9580000E+03   3.1501248E+02   1.2478267E-02   3.1501544E+02   1.3039284E+05  -1.1857070E+03   0.0000000E+00   0.0000000E+00   0.0000000E+00
     1.9590000E+03   3.1501212E+02   1.2124872E-02   3.1501523E+02   1.2200079E+05  -1.2438079E+03   0.0000000E+00   0.0000000E+00   0.0000000E+00
     1.9600000E+03   3.1501172E+02   1.1706219E-02   3.1501471E+02   1.1651617E+05  -1.2006019E+03   0.0000000E+00   0.0000000E+00   0.0000000E+00
     1.9610000E+03   3.1501093E+02   1.0922181E-02   3.1501398E+02   1.0378178E+05  -1.2235602E+03   0.0000000E+00   0.0000000E+00   0.0000000E+00
     1.9620000E+03   3.1501086E+02   1.0857525E-02   3.1501382E+02   1.0221065E+05  -1.1850780E+03   0.0000000E+00   0.0000000E+00   0.0000000E+00
     1.9630000E+03   3.1500989E+02   9.9014128E-03   3.1501282E+02   8.9514727E+04  -1.1764390E+03   0.0000000E+00   0.0000000E+00   0.0000000E+00
     1.9640000E+03   3.1500958E+02   9.5924847E-03   3.1501331E+02   8.7455000E+04  -1.4917365E+03   0.0000000E+00   0.0000000E+00   0.0000000E+00
     1.9650000E+03   3.1500949E+02   9.4819861E-03   3.1501334E+02   8.4983414E+04  -1.5424098E+03   0.0000000E+00   0.0000000E+00   0.0000000E+00
     1.9660000E+03   3.1500995E+02   9.9469228E-03   3.1501285E+02   8.6356258E+04  -1.1584133E+03   0.0000000E+00   0.0000000E+00   0.0000000E+00
     1.9670000E+03   3.1500992E+02   9.9230055E-03   3.1501294E+02   8.7947836E+04  -1.2065923E+03   0.0000000E+00   0.0000000E+00   0.0000000E+00
     1.9680000E+03   3.1500992E+02   9.9061094E-03   3.1501291E+02   8.7218750E+04  -1.2013075E+03   0.0000000E+00   0.0000000E+00   0.0000000E+00
     1.9690000E+03   3.1500974E+02   9.7207390E-03   3.1501270E+02   7.4494500E+04  -1.1942773E+03   0.0000000E+00   0.0000000E+00   0.0000000E+00
     1.9700000E+03   3.1500836E+02   8.3539430E-03   3.1501147E+02   6.8079992E+04  -1.2532736E+03   0.0000000E+00   0.0000000E+00   0.0000000E+00
     1.9710000E+03   3.1500879E+02   8.7842857E-03   3.1501178E+02   7.3733180E+04  -1.2078289E+03   0.0000000E+00   0.0000000E+00   0.0000000E+00
     1.9720000E+03   3.1501001E+02   1.0008754E-02   3.1501309E+02   1.0042993E+05  -1.2424520E+03   0.0000000E+00   0.0000000E+00   0.0000000E+00
     1.9730000E+03   3.1500870E+02   8.7031806E-03   3.1501163E+02   6.9162516E+04  -1.1697589E+03   0.0000000E+00   0.0000000E+00   0.0000000E+00
     1.9740000E+03   3.1501083E+02   1.0845260E-02   3.1501160E+02   1.0519057E+05  -3.0697281E+02   0.0000000E+00   0.0000000E+00   0.0000000E+00
     1.9750000E+03   3.1501788E+02   1.7869305E-02   3.1502081E+02   2.3543016E+05  -1.1796625E+03   0.0000000E+00   0.0000000E+00   0.0000000E+00
     1.9760000E+03   3.1503360E+02   3.3598706E-02   3.1503659E+02   6.7422806E+05  -1.1996418E+03   0.0000000E+00   0.0000000E+00   0.0000000E+00
     1.9770000E+03   3.1511407E+02   1.1408082E-01   3.1511691E+02   5.1713500E+06  -1.1417850E+03   0.0000000E+00   0.0000000E+00   0.0000000E+00
     1.9780000E+03   3.1511310E+02   1.1310662E-01   3.1511676E+02   5.0979605E+06  -1.4686017E+03   0.0000000E+00   0.0000000E+00   0.0000000E+00
     1.9790000E+03   3.1504907E+02   4.9065255E-02   3.1505298E+02   1.2672812E+06  -1.5736262E+03   0.0000000E+00   0.0000000E+00   0.0000000E+00
     1.9800000E+03   3.1504895E+02   4.8965074E-02   3.1505228E+02   1.2662399E+06  -1.3341179E+03   0.0000000E+00   0.0000000E+00   0.0000000E+00
     1.9810000E+03   3.1502878E+02   2.8789463E-02   3.1503217E+02   5.2116134E+05  -1.3606783E+03   0.0000000E+00   0.0000000E+00   0.0000000E+00
     1.9820000E+03   3.1502945E+02   2.9438490E-02   3.1503259E+02   5.4405212E+05  -1.2623837E+03   0.0000000E+00   0.0000000E+00   0.0000000E+00
     1.9830000E+03   3.1502405E+02   2.4039136E-02   3.1502725E+02   3.8587409E+05  -1.2837493E+03   0.0000000E+00   0.0000000E+00   0.0000000E+00
     1.9840000E+03   3.1502338E+02   2.3377327E-02   3.1502652E+02   3.6635922E+05  -1.2570157E+03   0.0000000E+00   0.0000000E+00   0.0000000E+00
     1.9850000E+03   3.1502203E+02   2.2038590E-02   3.1502524E+02   3.3426978E+05  -1.2805953E+03   0.0000000E+00   0.0000000E+00   0.0000000E+00
     1.9860000E+03   3.1502011E+02   2.0107470E-02   3.1502335E+02   2.7306378E+05  -1.3005828E+03   0.0000000E+00   0.0000000E+00   0.0000000E+00
     1.9870000E+03   3.1501840E+02   1.8397875E-02   3.1502191E+02   2.4508555E+05  -1.4159332E+03   0.0000000E+00   0.0000000E+00   0.0000000E+00
     1.9880000E+03   3.1501779E+02   1.7784726E-02   3.1502078E+02   2.3350678E+05  -1.2015913E+03   0.0000000E+00   0.0000000E+00   0.0000000E+00
     1.9890000E+03   3.1501733E+02   1.7346743E-02   3.1502051E+02   2.2191102E+05  -1.2631019E+03   0.0000000E+00   0.0000000E+00   0.0000000E+00
     1.9900000E+03   3.1501700E+02   1.6991653E-02   3.1502014E+02   2.0586619E+05  -1.2630537E+03   0.0000000E+00   0.0000000E+00   0.0000000E+00
     1.9910000E+03   3.1501672E+02   1.6732913E-02   3.1501971E+02   1.9892216E+05  -1.1945004E+03   0.0000000E+00   0.0000000E+00   0.0000000E+00
     1.9920000E+03   3.1501617E+02   1.6180163E-02   3.1501913E+02   1.9779209E+05  -1.1891603E+03   0.0000000E+00   0.0000000E+00   0.0000000E+00
     1.9930000E+03   3.1501605E+02   1.6039116E-02   3.1501910E+02   1.9340894E+05  -1.2324219E+03   0.0000000E+00   0.0000000E+00   0.0000000E+00
     1.9940000E+03   3.1501559E+02   1.5603567E-02   3.1501859E+02   1.8683630E+05  -1.1932638E+03   0.0000000E+00   0.0000000E+00   0.0000000E+00
     1.9950000E+03   3.1501532E+02   1.5322265E-02   3.1501834E+02   1.7954389E+05  -1.2078107E+03   0.0000000E+00   0.0000000E+00   0.0000000E+00
     1.9960000E+03   3.1501514E+02   1.5122878E-02   3.1501813E+02   1.7337923E+05  -1.2025583E+03   0.0000000E+00   0.0000000E+00   0.0000000E+00
     1.9970000E+03   3.1501489E+02   1.4882390E-02   3.1501752E+02   1.7316191E+05  -1.0535118E+03   0.0000000E+00   0.0000000E+00   0.0000000E+00
     1.9980000E+03   3.1501462E+02   1.4632599E-02   3.1501736E+02   1.6932869E+05  -1.0915739E+03   0.0000000E+00   0.0000000E+00   0.0000000E+00
     1.9990000E+03   3.1501459E+02   1.4580933E-02   3.1501724E+02   1.6678764E+05  -1.0677870E+03   0.0000000E+00   0.0000000E+00   0.0000000E+00
     2.0000000E+03   3.1501440E+02   1.4395180E-02   3.1501678E+02   1.6475475E+05  -9.5468213E+02   0.0000000E+00   0.0000000E+00   0.0000000E+00
     2.0010000E+03   3.1501413E+02   1.4122969E-02   3.1501648E+02   1.5918475E+05  -9.4689899E+02   0.0000000E+00   0.0000000E+00   0.0000000E+00
     2.0020000E+03   3.1501425E+02   1.4248393E-02   3.1501682E+02   1.5104748E+05  -1.0261879E+03   0.0000000E+00   0.0000000E+00   0.0000000E+00
     2.0030000E+03   3.1502026E+02   2.0277129E-02   3.1502322E+02   2.9068481E+05  -1.1781603E+03   0.0000000E+00   0.0000000E+00   0.0000000E+00
     2.0040000E+03   3.1501572E+02   1.5702175E-02   3.1501889E+02   1.8889478E+05  -1.2779423E+03   0.0000000E+00   0.0000000E+00   0.0000000E+00
     2.0050000E+03   3.1501501E+02   1.5012174E-02   3.1501801E+02   1.7606464E+05  -1.1964061E+03   0.0000000E+00   0.0000000E+00   0.0000000E+00
     2.0060000E+03   3.1502728E+02   2.7277788E-02   3.1503024E+02   4.7630206E+05  -1.1922886E+03   0.0000000E+00   0.0000000E+00   0.0000000E+00
     2.0070000E+03   3.1501840E+02   1.8387938E-02   3.1502151E+02   2.4687162E+05  -1.2545078E+03   0.0000000E+00   0.0000000E+00   0.0000000E+00
     2.0080000E+03   3.1503717E+02   3.7182249E-02   3.1504016E+02   7.9834119E+05  -1.1931787E+03   0.0000000E+00   0.0000000E+00   0.0000000E+00
     2.0090000E+03   3.1503732E+02   3.7320852E-02   3.1504037E+02   8.0345456E+05  -1.2268190E+03   0.0000000E+00   0.0000000E+00   0.0000000E+00
     2.0100000E+03   3.1504260E+02   4.2588055E-02   3.1504575E+02   1.0008301E+06  -1.2715840E+03   0.0000000E+00   0.0000000E+00   0.0000000E+00
     2.0110000E+03   3.1504175E+02   4.1741740E-02   3.1504498E+02   9.6585675E+05  -1.3026908E+03   0.0000000E+00   0.0000000E+00   0.0000000E+00
     2.0120000E+03   3.1502722E+02   2.7233684E-02   3.1503052E+02   4.7506722E+05  -1.3150120E+03   0.0000000E+00   0.0000000E+00   0.0000000E+00
     2.0130000E+03   3.1502551E+02   2.5499804E-02   3.1502884E+02   4.2440447E+05  -1.3392510E+03   0.0000000E+00   0.0000000E+00   0.0000000E+00
     2.0140000E+03   3.1502267E+02   2.2685552E-02   3.1502591E+02   3.4916825E+05  -1.2995533E+03   0.0000000E+00   0.0000000E+00   0.0000000E+00
     2.0150000E+03   3.1502118E+02   2.1181881E-02   3.1502454E+02   3.1164372E+05  -1.3446770E+03   0.0000000E+00   0.0000000E+00   0.0000000E+00
     2.0160000E+03   3.1501990E+02   1.9890798E-02   3.1502301E+02   2.8075581E+05  -1.2561382E+03   0.0000000E+00   0.0000000E+00   0.0000000E+00
     2.0170000E+03   3.1501874E+02   1.8738393E-02   3.1502158E+02   2.5422895E+05  -1.1335166E+03   0.0000000E+00   0.0000000E+00   0.0000000E+00
     2.0180000E+03   3.1501813E+02   1.8132055E-02   3.1502094E+02   2.4380409E+05  -1.1311793E+03   0.0000000E+00   0.0000000E+00   0.0000000E+00
     2.0190000E+03   3.1501776E+02   1.7775103E-02   3.1502097E+02   2.3255202E+05  -1.2855931E+03   0.0000000E+00   0.0000000E+00   0.0000000E+00
     2.0200000E+03   3.1501736E+02   1.7371019E-02   3.1502039E+02   2.2296538E+05  -1.2135394E+03   0.0000000E+00   0.0000000E+00   0.0000000E+00
     2.0210000E+03   3.1501694E+02   1.6937759E-02   3.1502002E+02   2.1175233E+05  -1.2318434E+03   0.0000000E+00   0.0000000E+00   0.0000000E+00
     2.0220000E+03   3.1501669E+02   1.6702684E-02   3.1501971E+02   2.0572152E+05  -1.2102650E+03   0.0000000E+00   0.0000000E+00   0.0000000E+00
     2.0230000E+03   3.1501639E+02   1.6400388E-02   3.1501941E+02   1.9837881E+05  -1.2046112E+03   0.0000000E+00   0.0000000E+00   0.0000000E+00
     2.0240000E+03   3.1501605E+02   1.6048430E-02   3.1501904E+02   1.8915598E+05  -1.1998412E+03   0.0000000E+00   0.0000000E+00   0.0000000E+00
     2.0250000E+03   3.1501559E+02   1.5593381E-02   3.1501855E+02   1.8276295E+05  -1.1894891E+03   0.0000000E+00   0.0000000E+00   0.0000000E+00
     2.0260000E+03   3.1501544E+02   1.5449831E-02   3.1501840E+02   1.8101742E+05  -1.1802080E+03   0.0000000E+00   0.0000000E+00   0.0000000E+00
     2.0270000E+03   3.1501517E+02   1.5152654E-02   3.1501779E+02   1.7371427E+05  -1.0538455E+03   0.0000000E+00   0.0000000E+00   0.0000000E+00
     2.0280000E+03   3.1501474E+02   1.4728491E-02   3.1501730E+02   1.6623323E+05  -1.0312742E+03   0.0000000E+00   0.0000000E+00   0.0000000E+00
     2.0290000E+03   3.1501450E+02   1.4495474E-02   3.1501666E+02   1.6562875E+05  -8.7362878E+02   0.0000000E+00   0.0000000E+00   0.0000000E+00
     2.0300000E+03   3.1501428E+02   1.4281499E-02   3.1501669E+02   1.6300880E+05  -9.7069812E+02   0.0000000E+00   0.0000000E+00   0.0000000E+00
     2.0310000E+03   3.1501392E+02   1.3907149E-02   3.1501620E+02   1.5483144E+05  -9.2135040E+02   0.0000000E+00   0.0000000E+00   0.0000000E+00
     2.0320000E+03   3.1501343E+02   1.3434730E-02   3.1501578E+02   1.4802908E+05  -9.3846674E+02   0.0000000E+00   0.0000000E+00   0.0000000E+00
     2.0330000E+03   3.1502826E+02   2.8274346E-02   3.1503119E+02   5.0568903E+05  -1.1740548E+03   0.0000000E+00   0.0000000E+00   0.0000000E+00
     2.0340000E+03   3.1501724E+02   1.7255975E-02   3.1502036E+02   2.2206597E+05  -1.2481732E+03   0.0000000E+00   0.0000000E+00   0.0000000E+00
     2.0350000E+03   3.1501627E+02   1.6262477E-02   3.1501932E+02   2.0109900E+05  -1.2223768E+03   0.0000000E+00   0.0000000E+00   0.0000000E+00
     2.0360000E+03   3.1501529E+02   1.5275354E-02   3.1501892E+02   1.7752605E+05  -1.4669733E+03   0.0000000E+00   0.0000000E+00   0.0000000E+00
     2.0370000E+03   3.1501514E+02   1.5139855E-02   3.1501813E+02   1.7751114E+05  -1.1996753E+03   0.0000000E+00   0.0000000E+00   0.0000000E+00
     2.0380000E+03   3.1501440E+02   1.4395402E-02   3.1501712E+02   1.5332073E+05  -1.0907225E+03   0.0000000E+00   0.0000000E+00   0.0000000E+00
     2.0390000E+03   3.1501382E+02   1.3814743E-02   3.1501654E+02   1.5456561E+05  -1.0894034E+03   0.0000000E+00   0.0000000E+00   0.0000000E+00
     2.0400000E+03   3.1501334E+02   1.3331027E-02   3.1501596E+02   1.4382972E+05  -1.0587108E+03   0.0000000E+00   0.0000000E+00   0.0000000E+00
     2.0410000E+03   3.1501288E+02   1.2865943E-02   3.1501553E+02   1.3280075E+05  -1.0681752E+03   0.0000000E+00   0.0000000E+00   0.0000000E+00
     2.0420000E+03   3.1501254E+02   1.2533394E-02   3.1501505E+02   1.2585287E+05  -1.0022971E+03   0.0000000E+00   0.0000000E+00   0.0000000E+00
     2.0430000E+03   3.1501230E+02   1.2304425E-02   3.1501483E+02   1.2223638E+05  -1.0088385E+03   0.0000000E+00   0.0000000E+00   0.0000000E+00
     2.0440000E+03   3.1501208E+02   1.2082884E-02   3.1501459E+02   1.1899196E+05  -1.0042636E+03   0.0000000E+00   0.0000000E+00   0.0000000E+00
     2.0450000E+03   3.1501193E+02   1.1947423E-02   3.1501440E+02   1.1777647E+05  -9.8796497E+02   0.0000000E+00   0.0000000E+00   0.0000000E+00
     2.0460000E+03   3.1501178E+02   1.1787827E-02   3.1501425E+02   1.1587233E+05  -9.8434680E+02   0.0000000E+00   0.0000000E+00   0.0000000E+00
     2.0470000E+03   3.1501187E+02   1.1875409E-02   3.1501437E+02   1.1488905E+05  -1.0040024E+03   0.0000000E+00   0.0000000E+00   0.0000000E+00
     2.0480000E+03   3.1501144E+02   1.1439951E-02   3.1501410E+02   1.0375379E+05  -1.0651066E+03   0.0000000E+00   0.0000000E+00   0.0000000E+00
     2.0490000E+03   3.1501147E+02   1.1466469E-02   3.1501370E+02   9.9634180E+04  -8.9226019E+02   0.0000000E+00   0.0000000E+00   0.0000000E+00
     2.0500000E+03   3.1501105E+02   1.1038513E-02   3.1501349E+02   1.0552892E+05  -9.7790265E+02   0.0000000E+00   0.0000000E+00   0.0000000E+00
     2.0510000E+03   3.1501059E+02   1.0595069E-02   3.1501300E+02   9.8356414E+04  -9.6213324E+02   0.0000000E+00   0.0000000E+00   0.0000000E+00
     2.0520000E+03   3.1501019E+02   1.0194567E-02   3.1501251E+02   8.9301328E+04  -9.2754395E+02   0.0000000E+00   0.0000000E+00   0.0000000E+00
     2.0530000E+03   3.1500980E+02   9.7899577E-03   3.1501196E+02   8.2083172E+04  -8.7156659E+02   0.0000000E+00   0.0000000E+00   0.0000000E+00
     2.0540000E+03   3.1500940E+02   9.3912994E-03   3.1501160E+02   7.6214305E+04  -8.8069312E+02   0.0000000E+00   0.0000000E+00   0.0000000E+00
     2.0550000E+03   3.1500909E+02   9.1015333E-03   3.1501135E+02   7.3768578E+04  -9.0848944E+02   0.0000000E+00   0.0000000E+00   0.0000000E+00
     2.0560000E+03   3.1500903E+02   9.0342164E-03   3.1501132E+02   7.5085438E+04  -9.2293115E+02   0.0000000E+00   0.0000000E+00   0.0000000E+00
     2.0570000E+03   3.1500922E+02   9.2186285E-03   3.1501154E+02   7.5564945E+04  -9.3154340E+02   0.0000000E+00   0.0000000E+00   0.0000000E+00
     2.0580000E+03   3.1500861E+02   8.6068837E-03   3.1501141E+02   7.1697062E+04  -1.1226201E+03   0.0000000E+00   0.0000000E+00   0.0000000E+00
     2.0590000E+03   3.1500906E+02   9.0496279E-03   3.1501154E+02   7.7612242E+04  -9.9841229E+02   0.0000000E+00   0.0000000E+00   0.0000000E+00
     2.0600000E+03   3.1500861E+02   8.5969102E-03   3.1501065E+02   7.4186000E+04  -8.1872083E+02   0.0000000E+00   0.0000000E+00   0.0000000E+00
     2.0610000E+03   3.1500845E+02   8.4534921E-03   3.1501050E+02   7.2529227E+04  -8.2669965E+02   0.0000000E+00   0.0000000E+00   0.0000000E+00
     2.0620000E+03   3.1500821E+02   8.1996797E-03   3.1501025E+02   7.0473406E+04  -8.2258026E+02   0.0000000E+00   0.0000000E+00   0.0000000E+00
     2.0630000E+03   3.1500851E+02   8.5193478E-03   3.1501019E+02   6.7364781E+04  -6.7047156E+02   0.0000000E+00   0.0000000E+00   0.0000000E+00
     2.0640000E+03   3.1500833E+02   8.3326455E-03   3.1500998E+02   6.4208340E+04  -6.5486914E+02   0.0000000E+00   0.0000000E+00   0.0000000E+00
     2.0650000E+03   3.1500763E+02   7.6141874E-03   3.1500986E+02   6.0672660E+04  -8.9948340E+02   0.0000000E+00   0.0000000E+00   0.0000000E+00
     2.0660000E+03   3.1500751E+02   7.5108819E-03   3.1500946E+02   5.9535191E+04  -7.8634869E+02   0.0000000E+00   0.0000000E+00   0.0000000E+00
     2.0670000E+03   3.1500729E+02   7.3028035E-03   3.1500946E+02   5.8690621E+04  -8.6703119E+02   0.0000000E+00   0.0000000E+00   0.0000000E+00
     2.0680000E+03   3.1500717E+02   7.1816561E-03   3.1500925E+02   5.6978258E+04  -8.3319244E+02   0.0000000E+00   0.0000000E+00   0.0000000E+00
     2.0690000E+03   3.1500711E+02   7.1025849E-03   3.1500912E+02   5.5828375E+04  -8.1156683E+02   0.0000000E+00   0.0000000E+00   0.0000000E+00
     2.0700000E+03   3.1500696E+02   6.9429176E-03   3.1500888E+02   5.2898645E+04  -7.7578729E+02   0.0000000E+00   0.0000000E+00   0.0000000E+00
     2.0710000E+03   3.1500659E+02   6.6015106E-03   3.1500867E+02   5.0962016E+04  -8.3123492E+02   0.0000000E+00   0.0000000E+00   0.0000000E+00
     2.0720000E+03   3.1500659E+02   6.5973783E-03   3.1500858E+02   4.9401723E+04  -7.9378925E+02   0.0000000E+00   0.0000000E+00   0.0000000E+00
     2.0730000E+03   3.1500677E+02   6.7722509E-03   3.1500836E+02   4.5606039E+04  -6.3276013E+02   0.0000000E+00   0.0000000E+00   0.0000000E+00
     2.0740000E+03   3.1500668E+02   6.6784346E-03   3.1500800E+02   4.4391875E+04  -5.3158502E+02   0.0000000E+00   0.0000000E+00   0.0000000E+00
     2.0750000E+03   3.1500604E+02   6.0308781E-03   3.1500806E+02   4.2034477E+04  -8.1709686E+02   0.0000000E+00   0.0000000E+00   0.0000000E+00
     2.0760000E+03   3.1500586E+02   5.8518765E-03   3.1500748E+02   4.0298570E+04  -6.5786487E+02   0.0000000E+00   0.0000000E+00   0.0000000E+00
     2.0770000E+03   3.1500592E+02   5.9181666E-03   3.1500723E+02   3.6088707E+04  -5.3226459E+02   0.0000000E+00   0.0000000E+00   0.0000000E+00
     2.0780000E+03   3.1500552E+02   5.5255070E-03   3.1500674E+02   3.1682465E+04  -4.9099603E+02   0.0000000E+00   0.0000000E+00   0.0000000E+00
     2.0790000E+03   3.1500552E+02   5.5364091E-03   3.1500717E+02   3.8057680E+04  -6.5524316E+02   0.0000000E+00   0.0000000E+00   0.0000000E+00
     2.0800000E+03   3.1500626E+02   6.2469156E-03   3.1500809E+02   4.6696113E+04  -7.3325977E+02   0.0000000E+00   0.0000000E+00   0.0000000E+00
     2.0810000E+03   3.1500558E+02   5.5953227E-03   3.1500864E+02   3.6638828E+04  -1.2250127E+03   0.0000000E+00   0.0000000E+00   0.0000000E+00
     2.0820000E+03   3.1500504E+02   5.0240108E-03   3.1500681E+02   3.2365502E+04  -7.2077820E+02   0.0000000E+00   0.0000000E+00   0.0000000E+00
     2.0830000E+03   3.1500467E+02   4.6811430E-03   3.1500650E+02   2.9656066E+04  -7.2746045E+02   0.0000000E+00   0.0000000E+00   0.0000000E+00
     2.0840000E+03   3.1500446E+02   4.4630626E-03   3.1500638E+02   2.8225238E+04  -7.6281506E+02   0.0000000E+00   0.0000000E+00   0.0000000E+00
     2.0850000E+03   3.1500449E+02   4.4829482E-03   3.1500650E+02   2.8234459E+04  -8.1489734E+02   0.0000000E+00   0.0000000E+00   0.0000000E+00
     2.0860000E+03   3.1500464E+02   4.6257898E-03   3.1500638E+02   2.9344859E+04  -7.0548102E+02   0.0000000E+00   0.0000000E+00   0.0000000E+00
     2.0870000E+03   3.1500455E+02   4.5462102E-03   3.1500623E+02   2.8319059E+04  -6.7184814E+02   0.0000000E+00   0.0000000E+00   0.0000000E+00
     2.0880000E+03   3.1500415E+02   4.1391985E-03   3.1500598E+02   2.4977262E+04  -7.3439441E+02   0.0000000E+00   0.0000000E+00   0.0000000E+00
     2.0890000E+03   3.1500391E+02   3.9075715E-03   3.1500558E+02   2.3045689E+04  -6.7127008E+02   0.0000000E+00   0.0000000E+00   0.0000000E+00
     2.0900000E+03   3.1500385E+02   3.8572235E-03   3.1500568E+02   2.2962648E+04  -7.3015936E+02   0.0000000E+00   0.0000000E+00   0.0000000E+00
     2.0910000E+03   3.1500400E+02   4.0079146E-03   3.1500571E+02   2.3858988E+04  -6.8594287E+02   0.0000000E+00   0.0000000E+00   0.0000000E+00
     2.0920000E+03   3.1500397E+02   3.9692381E-03   3.1500562E+02   2.3071430E+04  -6.5875183E+02   0.0000000E+00   0.0000000E+00   0.0000000E+00
     2.0930000E+03   3.1500372E+02   3.7314633E-03   3.1500552E+02   2.1754934E+04  -7.2052991E+02   0.0000000E+00   0.0000000E+00   0.0000000E+00
     2.0940000E+03   3.1500375E+02   3.7579525E-03   3.1500552E+02   2.1405836E+04  -7.1146088E+02   0.0000000E+00   0.0000000E+00   0.0000000E+00
     2.0950000E+03   3.1500385E+02   3.8312986E-03   3.1500546E+02   2.1916973E+04  -6.6073199E+02   0.0000000E+00   0.0000000E+00   0.0000000E+00
     2.0960000E+03   3.1500394E+02   3.9229332E-03   3.1500549E+02   2.3396246E+04  -6.3232416E+02   0.0000000E+00   0.0000000E+00   0.0000000E+00
     2.0970000E+03   3.1500394E+02   3.9335615E-03   3.1500568E+02   2.2811463E+04  -6.9777155E+02   0.0000000E+00   0.0000000E+00   0.0000000E+00
     2.0980000E+03   3.1500415E+02   4.1618990E-03   3.1500540E+02   2.0780961E+04  -4.9612424E+02   0.0000000E+00   0.0000000E+00   0.0000000E+00
     2.0990000E+03   3.1500378E+02   3.7864489E-03   3.1500479E+02   1.7089449E+04  -4.0047281E+02   0.0000000E+00   0.0000000E+00   0.0000000E+00
     2.1000000E+03   3.1500293E+02   2.9290393E-03   3.1500485E+02   1.5153384E+04  -7.7492255E+02   0.0000000E+00   0.0000000E+00   0.0000000E+00
     2.1010000E+03   3.1500305E+02   3.0503636E-03   3.1500458E+02   1.5568290E+04  -6.0819720E+02   0.0000000E+00   0.0000000E+00   0.0000000E+00
     2.1020000E+03   3.1500323E+02   3.2288737E-03   3.1500464E+02   1.7270312E+04  -5.6814130E+02   0.0000000E+00   0.0000000E+00   0.0000000E+00
     2.1030000E+03   3.1500385E+02   3.8523076E-03   3.1500482E+02   2.3244779E+04  -3.9034976E+02   0.0000000E+00   0.0000000E+00   0.0000000E+00
     2.1040000E+03   3.1500415E+02   4.1644960E-03   3.1500562E+02   2.4503354E+04  -5.8357709E+02   0.0000000E+00   0.0000000E+00   0.0000000E+00
     2.1050000E+03   3.1500348E+02   3.4808381E-03   3.1500537E+02   1.7891178E+04  -7.6351862E+02   0.0000000E+00   0.0000000E+00   0.0000000E+00
     2.1060000E+03   3.1500302E+02   3.0126951E-03   3.1500443E+02   1.2401141E+04  -5.6972601E+02   0.0000000E+00   0.0000000E+00   0.0000000E+00
     2.1070000E+03   3.1500320E+02   3.2089096E-03   3.1500418E+02   1.9142473E+04  -3.8592191E+02   0.0000000E+00   0.0000000E+00   0.0000000E+00
     2.1080000E+03   3.1500464E+02   4.6335054E-03   3.1500650E+02   2.5759707E+04  -7.5540417E+02   0.0000000E+00   0.0000000E+00   0.0000000E+00
     2.1090000E+03   3.1500525E+02   5.2417805E-03   3.1500714E+02   3.0628100E+04  -7.6676654E+02   0.0000000E+00   0.0000000E+00   0.0000000E+00
     2.1100000E+03   3.1500534E+02   5.3384742E-03   3.1500735E+02   3.0923926E+04  -8.0878198E+02   0.0000000E+00   0.0000000E+00   0.0000000E+00
     2.1110000E+03   3.1500473E+02   4.7390033E-03   3.1500662E+02   2.9854566E+04  -7.5009607E+02   0.0000000E+00   0.0000000E+00   0.0000000E+00
     2.1120000E+03   3.1500525E+02   5.2360552E-03   3.1500693E+02   3.0368518E+04  -6.8408563E+02   0.0000000E+00   0.0000000E+00   0.0000000E+00
     2.1130000E+03   3.1500516E+02   5.1581953E-03   3.1500681E+02   2.9408596E+04  -6.6444446E+02   0.0000000E+00   0.0000000E+00   0.0000000E+00
     2.1140000E+03   3.1500433E+02   4.3350090E-03   3.1500620E+02   2.6417543E+04  -7.4116211E+02   0.0000000E+00   0.0000000E+00   0.0000000E+00
     2.1150000E+03   3.1500427E+02   4.2869211E-03   3.1500592E+02   2.5694607E+04  -6.5979138E+02   0.0000000E+00   0.0000000E+00   0.0000000E+00
     2.1160000E+03   3.1500443E+02   4.4110422E-03   3.1500598E+02   2.7203463E+04  -6.2994531E+02   0.0000000E+00   0.0000000E+00   0.0000000E+00
     2.1170000E+03   3.1500443E+02   4.4340445E-03   3.1500616E+02   2.6992398E+04  -6.9504852E+02   0.0000000E+00   0.0000000E+00   0.0000000E+00
     2.1180000E+03   3.1500381E+02   3.8136302E-03   3.1500589E+02   2.0323562E+04  -8.3300269E+02   0.0000000E+00   0.0000000E+00   0.0000000E+00
     2.1190000E+03   3.1500320E+02   3.1893402E-03   3.1500485E+02   1.6684244E+04  -6.6543311E+02   0.0000000E+00   0.0000000E+00   0.0000000E+00
     2.1200000E+03   3.1500308E+02   3.0912154E-03   3.1500467E+02   1.6050263E+04  -6.3113019E+02   0.0000000E+00   0.0000000E+00   0.0000000E+00
     2.1210000E+03   3.1500327E+02   3.2686749E-03   3.1500461E+02   1.7553498E+04  -5.3926312E+02   0.0000000E+00   0.0000000E+00   0.0000000E+00
     2.1220000E+03   3.1500336E+02   3.3438504E-03   3.1500491E+02   1.8211438E+04  -6.2891150E+02   0.0000000E+00   0.0000000E+00   0.0000000E+00
     2.1230000E+03   3.1500345E+02   3.4556414E-03   3.1500482E+02   1.9019264E+04  -5.4492419E+02   0.0000000E+00   0.0000000E+00   0.0000000E+00
     2.1240000E+03   3.1500330E+02   3.3005320E-03   3.1500461E+02   1.7506623E+04  -5.2639252E+02   0.0000000E+00   0.0000000E+00   0.0000000E+00
     2.1250000E+03   3.1500278E+02   2.7908562E-03   3.1500415E+02   1.3910158E+04  -5.4698297E+02   0.0000000E+00   0.0000000E+00   0.0000000E+00
     2.1260000E+03   3.1500290E+02   2.9129491E-03   3.1500436E+02   5.6928984E+03  -5.8325446E+02   0.0000000E+00   0.0000000E+00   0.0000000E+00
     2.1270000E+03   3.1500327E+02   3.2744235E-03   3.1500436E+02   5.6947222E+03  -4.3636420E+02   0.0000000E+00   0.0000000E+00   0.0000000E+00
     2.1280000E+03   3.1500275E+02   2.7565572E-03   3.1500439E+02   1.1067259E+04  -6.5857892E+02   0.0000000E+00   0.0000000E+00   0.0000000E+00
     2.1290000E+03   3.1500293E+02   2.9206888E-03   3.1500470E+02   1.2023002E+04  -7.1112000E+02   0.0000000E+00   0.0000000E+00   0.0000000E+00
     2.1300000E+03   3.1500272E+02   2.7271914E-03   3.1500363E+02   9.2970371E+03  -3.6560928E+02   0.0000000E+00   0.0000000E+00   0.0000000E+00
     2.1310000E+03   3.1500198E+02   1.9806270E-03   3.1500427E+02   6.8810483E+03  -9.2287439E+02   0.0000000E+00   0.0000000E+00   0.0000000E+00
     2.1320000E+03   3.1500302E+02   3.0313008E-03   3.1500461E+02   1.3141843E+04  -6.3713928E+02   0.0000000E+00   0.0000000E+00   0.0000000E+00
     2.1330000E+03   3.1500317E+02   3.1729306E-03   3.1500427E+02   1.2947218E+04  -4.3557153E+02   0.0000000E+00   0.0000000E+00   0.0000000E+00
     2.1340000E+03   3.1500363E+02   3.6338917E-03   3.1500473E+02   1.0734145E+04  -4.3661572E+02   0.0000000E+00   0.0000000E+00   0.0000000E+00
     2.1350000E+03   3.1500375E+02   3.7408874E-03   3.1500562E+02   1.9803744E+04  -7.5133344E+02   0.0000000E+00   0.0000000E+00   0.0000000E+00
     2.1360000E+03   3.1500400E+02   3.9832569E-03   3.1500525E+02   1.8513496E+04  -5.0909171E+02   0.0000000E+00   0.0000000E+00   0.0000000E+00
     2.1370000E+03   3.1500491E+02   4.9270010E-03   3.1500681E+02   2.7526170E+04  -7.5245685E+02   0.0000000E+00   0.0000000E+00   0.0000000E+00
     2.1380000E+03   3.1500479E+02   4.7902316E-03   3.1500687E+02   2.7244633E+04  -8.2902484E+02   0.0000000E+00   0.0000000E+00   0.0000000E+00
     2.1390000E+03   3.1500473E+02   4.7210339E-03   3.1500677E+02   2.5658656E+04  -8.2946948E+02   0.0000000E+00   0.0000000E+00   0.0000000E+00
     2.1400000E+03   3.1500464E+02   4.6374467E-03   3.1500668E+02   2.5110672E+04  -8.2147498E+02   0.0000000E+00   0.0000000E+00   0.0000000E+00
     2.1410000E+03   3.1500476E+02   4.7725700E-03   3.1500626E+02   2.5878180E+04  -5.9132214E+02   0.0000000E+00   0.0000000E+00   0.0000000E+00
     2.1420000E+03   3.1500455E+02   4.5493683E-03   3.1500653E+02   2.4034145E+04  -7.9080975E+02   0.0000000E+00   0.0000000E+00   0.0000000E+00
     2.1430000E+03   3.1500455E+02   4.5495541E-03   3.1500650E+02   2.4387254E+04  -7.8410150E+02   0.0000000E+00   0.0000000E+00   0.0000000E+00
     2.1440000E+03   3.1500369E+02   3.6976461E-03   3.1500552E+02   2.3221479E+04  -7.3638275E+02   0.0000000E+00   0.0000000E+00   0.0000000E+00
     2.1450000E+03   3.1500436E+02   4.3661525E-03   3.1500641E+02   2.3770633E+04  -8.1440100E+02   0.0000000E+00   0.0000000E+00   0.0000000E+00
     2.1460000E+03   3.1500452E+02   4.5318580E-03   3.1500635E+02   1.4056272E+04  -7.2420361E+02   0.0000000E+00   0.0000000E+00   0.0000000E+00
     2.1470000E+03   3.1500433E+02   4.3425891E-03   3.1500549E+02   1.0245542E+04  -4.5912442E+02   0.0000000E+00   0.0000000E+00   0.0000000E+00
     2.1480000E+03   3.1500317E+02   3.1704372E-03   3.1500534E+02   2.3746121E+04  -8.7477991E+02   0.0000000E+00   0.0000000E+00   0.0000000E+00
     2.1490000E+03   3.1500327E+02   3.2794536E-03   3.1500525E+02   1.4403431E+04  -7.9541364E+02   0.0000000E+00   0.0000000E+00   0.0000000E+00
     2.1500000E+03   3.1500327E+02   3.2799838E-03   3.1500607E+02   7.6704233E+03  -1.1269225E+03   0.0000000E+00   0.0000000E+00   0.0000000E+00
     2.1510000E+03   3.1500500E+02   5.0124745E-03   3.1500571E+02   2.7932875E+04  -2.8457892E+02   0.0000000E+00   0.0000000E+00   0.0000000E+00
     2.1520000E+03   3.1500491E+02   4.9281158E-03   3.1500699E+02   2.7726061E+04  -8.2955890E+02   0.0000000E+00   0.0000000E+00   0.0000000E+00
     2.1530000E+03   3.1500494E+02   4.9528191E-03   3.1500693E+02   2.8153455E+04  -7.9457593E+02   0.0000000E+00   0.0000000E+00   0.0000000E+00
     2.1540000E+03   3.1500629E+02   6.2948023E-03   3.1500827E+02   4.1344000E+04  -7.9908875E+02   0.0000000E+00   0.0000000E+00   0.0000000E+00
     2.1550000E+03   3.1500632E+02   6.3273022E-03   3.1500845E+02   4.1019070E+04  -8.4802606E+02   0.0000000E+00   0.0000000E+00   0.0000000E+00
     2.1560000E+03   3.1500519E+02   5.1774625E-03   3.1500833E+02   2.9984766E+04  -1.2619983E+03   0.0000000E+00   0.0000000E+00   0.0000000E+00
     2.1570000E+03   3.1500397E+02   3.9718654E-03   3.1500723E+02   2.3194918E+04  -1.3068007E+03   0.0000000E+00   0.0000000E+00   0.0000000E+00
     2.1580000E+03   3.1500381E+02   3.8189020E-03   3.1500690E+02   1.9750227E+04  -1.2402642E+03   0.0000000E+00   0.0000000E+00   0.0000000E+00
     2.1590000E+03   3.1500336E+02   3.3720471E-03   3.1500674E+02   1.8881598E+04  -1.3537200E+03   0.0000000E+00   0.0000000E+00   0.0000000E+00
     2.1600000E+03   3.1500439E+02   4.4077616E-03   3.1500549E+02   2.3758406E+04  -4.4042557E+02   0.0000000E+00   0.0000000E+00   0.0000000E+00
     2.1610000E+03   3.1500458E+02   4.5814118E-03   3.1500650E+02   2.3369633E+04  -7.6528955E+02   0.0000000E+00   0.0000000E+00   0.0000000E+00
     2.1620000E+03   3.1500452E+02   4.5148521E-03   3.1500574E+02   2.3080686E+04  -4.9475055E+02   0.0000000E+00   0.0000000E+00   0.0000000E+00
     2.1630000E+03   3.1500430E+02   4.2913193E-03   3.1500613E+02   2.2334695E+04  -7.4435986E+02   0.0000000E+00   0.0000000E+00   0.0000000E+00
     2.1640000E+03   3.1500430E+02   4.3078419E-03   3.1500623E+02   2.2401756E+04  -7.7558289E+02   0.0000000E+00   0.0000000E+00   0.0000000E+00
     2.1650000E+03   3.1500424E+02   4.2439047E-03   3.1500580E+02   2.0600896E+04  -6.1955652E+02   0.0000000E+00   0.0000000E+00   0.0000000E+00
     2.1660000E+03   3.1500336E+02   3.3610410E-03   3.1500571E+02   1.7515408E+04  -9.3701605E+02   0.0000000E+00   0.0000000E+00   0.0000000E+00
     2.1670000E+03   3.1500449E+02   4.4717710E-03   3.1500656E+02   2.3392178E+04  -8.3583881E+02   0.0000000E+00   0.0000000E+00   0.0000000E+00
     2.1680000E+03   3.1500449E+02   4.4799144E-03   3.1500653E+02   2.3818949E+04  -8.2844922E+02   0.0000000E+00   0.0000000E+00   0.0000000E+00
     2.1690000E+03   3.1500647E+02   6.4718896E-03   3.1500864E+02   4.3302164E+04  -8.6867181E+02   0.0000000E+00   0.0000000E+00   0.0000000E+00
     2.1700000E+03   3.1500607E+02   6.0667624E-03   3.1500861E+02   3.8975090E+04  -1.0224707E+03   0.0000000E+00   0.0000000E+00   0.0000000E+00
     2.1710000E+03   3.1500604E+02   6.0389708E-03   3.1500821E+02   3.7192074E+04  -8.7155188E+02   0.0000000E+00   0.0000000E+00   0.0000000E+00
     2.1720000E+03   3.1500488E+02   4.8783645E-03   3.1500787E+02   3.1543627E+04  -1.1994789E+03   0.0000000E+00   0.0000000E+00   0.0000000E+00
     2.1730000E+03   3.1500436E+02   4.3743718E-03   3.1500729E+02   2.6857129E+04  -1.1692216E+03   0.0000000E+00   0.0000000E+00   0.0000000E+00
     2.1740000E+03   3.1500403E+02   4.0428271E-03   3.1500684E+02   2.3869080E+04  -1.1241310E+03   0.0000000E+00   0.0000000E+00   0.0000000E+00
     2.1750000E+03   3.1500446E+02   4.4660643E-03   3.1500644E+02   1.2912386E+04  -7.8969495E+02   0.0000000E+00   0.0000000E+00   0.0000000E+00
     2.1760000E+03   3.1500592E+02   5.9301881E-03   3.1500803E+02   3.9216680E+04  -8.4713330E+02   0.0000000E+00   0.0000000E+00   0.0000000E+00
     2.1770000E+03   3.1500620E+02   6.1883684E-03   3.1500818E+02   3.9479555E+04  -7.9642932E+02   0.0000000E+00   0.0000000E+00   0.0000000E+00
     2.1780000E+03   3.1500616E+02   6.1647207E-03   3.1500815E+02   2.7710391E+04  -8.0107880E+02   0.0000000E+00   0.0000000E+00   0.0000000E+00
     2.1790000E+03   3.1500610E+02   6.1121951E-03   3.1500827E+02   3.9603211E+04  -8.6256970E+02   0.0000000E+00   0.0000000E+00   0.0000000E+00
     2.1800000E+03   3.1500616E+02   6.1696339E-03   3.1500827E+02   4.1926141E+04  -8.4283459E+02   0.0000000E+00   0.0000000E+00   0.0000000E+00
     2.1810000E+03   3.1500690E+02   6.8857977E-03   3.1500897E+02   4.8066496E+04  -8.3832520E+02   0.0000000E+00   0.0000000E+00   0.0000000E+00
     2.1820000E+03   3.1500690E+02   6.9084475E-03   3.1500906E+02   4.7386055E+04  -8.6039911E+02   0.0000000E+00   0.0000000E+00   0.0000000E+00
     2.1830000E+03   3.1500568E+02   5.6634978E-03   3.1500903E+02   3.9738012E+04  -1.3497653E+03   0.0000000E+00   0.0000000E+00   0.0000000E+00
     2.1840000E+03   3.1500516E+02   5.1517831E-03   3.1500836E+02   3.4242395E+04  -1.2908956E+03   0.0000000E+00   0.0000000E+00   0.0000000E+00
     2.1850000E+03   3.1500662E+02   6.6197035E-03   3.1500769E+02   4.4530488E+04  -4.3554166E+02   0.0000000E+00   0.0000000E+00   0.0000000E+00
     2.1860000E+03   3.1500626E+02   6.2409919E-03   3.1500906E+02   4.1884562E+04  -1.1270709E+03   0.0000000E+00   0.0000000E+00   0.0000000E+00
     2.1870000E+03   3.1500641E+02   6.4176433E-03   3.1500873E+02   3.1632189E+04  -9.2693402E+02   0.0000000E+00   0.0000000E+00   0.0000000E+00
     2.1880000E+03   3.1500598E+02   5.9942366E-03   3.1500812E+02   2.7743830E+04  -8.5555292E+02   0.0000000E+00   0.0000000E+00   0.0000000E+00
     2.1890000E+03   3.1500568E+02   5.6729424E-03   3.1500739E+02   3.4783891E+04  -6.9130328E+02   0.0000000E+00   0.0000000E+00   0.0000000E+00
     2.1900000E+03   3.1500528E+02   5.2944915E-03   3.1500757E+02   3.1499951E+04  -9.1518280E+02   0.0000000E+00   0.0000000E+00   0.0000000E+00
     2.1910000E+03   3.1500534E+02   5.3378358E-03   3.1500763E+02   3.1064309E+04  -9.1477869E+02   0.0000000E+00   0.0000000E+00   0.0000000E+00
