 "GAGE No.   10:  K,I,J Coord. =     2,  162,   32;  STREAM SEGMENT =   144;  REACH =     2 "
     "DATA: Time           Stage           Depth         GW-Head    Midpt-Flow       Stream-Loss        GW-Rech.  Chnge-UZ-Stor.   Vol.-UZ-Stor."
     1.0000000E+00   9.4753807E+01   5.3811155E-02   9.4773987E+01   3.6434050E+06  -2.1015171E+03   0.0000000E+00   0.0000000E+00   0.0000000E+00
     2.0000000E+00   9.4750046E+01   5.0051834E-02   9.4764938E+01   3.2292120E+06  -1.5501469E+03   0.0000000E+00   0.0000000E+00   0.0000000E+00
     3.0000000E+00   9.4771355E+01   7.1354024E-02   9.4783249E+01   5.8311780E+06  -1.2389534E+03   0.0000000E+00   0.0000000E+00   0.0000000E+00
     4.0000000E+00   9.4795563E+01   9.5567040E-02   9.4806305E+01   9.4893740E+06  -1.1183029E+03   0.0000000E+00   0.0000000E+00   0.0000000E+00
     5.0000000E+00   9.4756462E+01   5.6466922E-02   9.4769051E+01   3.9480302E+06  -1.3108922E+03   0.0000000E+00   0.0000000E+00   0.0000000E+00
     6.0000000E+00   9.4748962E+01   4.8964780E-02   9.4760216E+01   3.1131142E+06  -1.1715250E+03   0.0000000E+00   0.0000000E+00   0.0000000E+00
     7.0000000E+00   9.4745255E+01   4.5257445E-02   9.4756195E+01   2.7302950E+06  -1.1390509E+03   0.0000000E+00   0.0000000E+00   0.0000000E+00
     8.0000000E+00   9.4742737E+01   4.2736854E-02   9.4753555E+01   2.4815900E+06  -1.1265164E+03   0.0000000E+00   0.0000000E+00   0.0000000E+00
     9.0000000E+00   9.4740959E+01   4.0960867E-02   9.4751709E+01   2.3120958E+06  -1.1193348E+03   0.0000000E+00   0.0000000E+00   0.0000000E+00
     1.0000000E+01   9.4739014E+01   3.9015003E-02   9.4749741E+01   2.1319500E+06  -1.1167833E+03   0.0000000E+00   0.0000000E+00   0.0000000E+00
     1.1000000E+01   9.4737122E+01   3.7121780E-02   9.4747803E+01   1.9623458E+06  -1.1126879E+03   0.0000000E+00   0.0000000E+00   0.0000000E+00
     1.2000000E+01   9.4735580E+01   3.5581682E-02   9.4746201E+01   1.8285245E+06  -1.1059871E+03   0.0000000E+00   0.0000000E+00   0.0000000E+00
     1.3000000E+01   9.4735344E+01   3.5349507E-02   9.4745857E+01   1.8086811E+06  -1.0946060E+03   0.0000000E+00   0.0000000E+00   0.0000000E+00
     1.4000000E+01   9.4734573E+01   3.4574743E-02   9.4744926E+01   1.7430916E+06  -1.0784385E+03   0.0000000E+00   0.0000000E+00   0.0000000E+00
     1.5000000E+01   9.4733559E+01   3.3562921E-02   9.4743500E+01   1.6589076E+06  -1.0352679E+03   0.0000000E+00   0.0000000E+00   0.0000000E+00
     1.6000000E+01   9.4734863E+01   3.4868486E-02   9.4744118E+01   1.7678570E+06  -9.6370685E+02   0.0000000E+00   0.0000000E+00   0.0000000E+00
     1.7000000E+01   9.4735596E+01   3.5599064E-02   9.4744118E+01   1.8300315E+06  -8.8742383E+02   0.0000000E+00   0.0000000E+00   0.0000000E+00
     1.8000000E+01   9.4733246E+01   3.3249553E-02   9.4741058E+01   1.6331802E+06  -8.1342938E+02   0.0000000E+00   0.0000000E+00   0.0000000E+00
     1.9000000E+01   9.4733261E+01   3.3260956E-02   9.4740158E+01   1.6341035E+06  -7.1851898E+02   0.0000000E+00   0.0000000E+00   0.0000000E+00
     2.0000000E+01   9.4733864E+01   3.3867527E-02   9.4739960E+01   1.6840775E+06  -6.3451312E+02   0.0000000E+00   0.0000000E+00   0.0000000E+00
     2.1000000E+01   9.4735130E+01   3.5131712E-02   9.4740486E+01   1.7901430E+06  -5.5793451E+02   0.0000000E+00   0.0000000E+00   0.0000000E+00
     2.2000000E+01   9.4733070E+01   3.3072747E-02   9.4737923E+01   1.6187410E+06  -5.0503665E+02   0.0000000E+00   0.0000000E+00   0.0000000E+00
     2.3000000E+01   9.4733643E+01   3.3649314E-02   9.4737854E+01   1.6660321E+06  -4.3779489E+02   0.0000000E+00   0.0000000E+00   0.0000000E+00
     2.4000000E+01   9.4734047E+01   3.4048442E-02   9.4737770E+01   1.6991072E+06  -3.8809830E+02   0.0000000E+00   0.0000000E+00   0.0000000E+00
     2.5000000E+01   9.4735077E+01   3.5081323E-02   9.4738365E+01   1.7858645E+06  -3.4230798E+02   0.0000000E+00   0.0000000E+00   0.0000000E+00
     2.6000000E+01   9.4735107E+01   3.5111707E-02   9.4738075E+01   1.7884395E+06  -3.0855847E+02   0.0000000E+00   0.0000000E+00   0.0000000E+00
     2.7000000E+01   9.4736015E+01   3.6016982E-02   9.4738632E+01   1.8659488E+06  -2.7279462E+02   0.0000000E+00   0.0000000E+00   0.0000000E+00
     2.8000000E+01   9.4736153E+01   3.6157232E-02   9.4738533E+01   1.8780666E+06  -2.4738684E+02   0.0000000E+00   0.0000000E+00   0.0000000E+00
     2.9000000E+01   9.4735573E+01   3.5576738E-02   9.4737740E+01   1.8280821E+06  -2.2570316E+02   0.0000000E+00   0.0000000E+00   0.0000000E+00
     3.0000000E+01   9.4738823E+01   3.8826823E-02   9.4740929E+01   2.1148185E+06  -2.1890376E+02   0.0000000E+00   0.0000000E+00   0.0000000E+00
     3.1000000E+01   9.4745522E+01   4.5525014E-02   9.4747437E+01   2.7572208E+06  -1.9915944E+02   0.0000000E+00   0.0000000E+00   0.0000000E+00
     3.2000000E+01   9.4996117E+01   2.9612207E-01   9.4992134E+01   6.2494632E+07   4.1471368E+02   0.0000000E+00   0.0000000E+00   0.0000000E+00
     3.3000000E+01   9.4818161E+01   1.1816477E-01   9.4831894E+01   1.3516704E+07  -1.4298875E+03   0.0000000E+00   0.0000000E+00   0.0000000E+00
     3.4000000E+01   9.4801376E+01   1.0137694E-01   9.4810867E+01   1.0470240E+07  -9.8840161E+02   0.0000000E+00   0.0000000E+00   0.0000000E+00
     3.5000000E+01   9.4760429E+01   6.0433377E-02   9.4770668E+01   4.4209900E+06  -1.0659613E+03   0.0000000E+00   0.0000000E+00   0.0000000E+00
     3.6000000E+01   9.4744301E+01   4.4301234E-02   9.4753174E+01   2.6348128E+06  -9.2381909E+02   0.0000000E+00   0.0000000E+00   0.0000000E+00
     3.7000000E+01   9.4739899E+01   3.9900497E-02   9.4747688E+01   2.2132188E+06  -8.1117542E+02   0.0000000E+00   0.0000000E+00   0.0000000E+00
     3.8000000E+01   9.4736008E+01   3.6009803E-02   9.4743172E+01   1.8653472E+06  -7.4613806E+02   0.0000000E+00   0.0000000E+00   0.0000000E+00
     3.9000000E+01   9.4748497E+01   4.8497368E-02   9.4755013E+01   3.0637492E+06  -6.7851172E+02   0.0000000E+00   0.0000000E+00   0.0000000E+00
     4.0000000E+01   9.4744270E+01   4.4275191E-02   9.4751129E+01   2.6322275E+06  -7.1401154E+02   0.0000000E+00   0.0000000E+00   0.0000000E+00
     4.1000000E+01   9.4736389E+01   3.6392488E-02   9.4743065E+01   1.8984940E+06  -6.9491864E+02   0.0000000E+00   0.0000000E+00   0.0000000E+00
     4.2000000E+01   9.4734962E+01   3.4962710E-02   9.4741013E+01   1.7758145E+06  -6.3052966E+02   0.0000000E+00   0.0000000E+00   0.0000000E+00
     4.3000000E+01   9.4732735E+01   3.2736789E-02   9.4738403E+01   1.5914029E+06  -5.9023376E+02   0.0000000E+00   0.0000000E+00   0.0000000E+00
     4.4000000E+01   9.4731735E+01   3.1741370E-02   9.4736946E+01   1.5115828E+06  -5.4233582E+02   0.0000000E+00   0.0000000E+00   0.0000000E+00
     4.5000000E+01   9.4730751E+01   3.0752402E-02   9.4735550E+01   1.4339135E+06  -4.9953235E+02   0.0000000E+00   0.0000000E+00   0.0000000E+00
     4.6000000E+01   9.4732048E+01   3.2052759E-02   9.4736366E+01   1.5363804E+06  -4.4969351E+02   0.0000000E+00   0.0000000E+00   0.0000000E+00
     4.7000000E+01   9.4730446E+01   3.0450311E-02   9.4734497E+01   1.4105202E+06  -4.2188788E+02   0.0000000E+00   0.0000000E+00   0.0000000E+00
     4.8000000E+01   9.4730446E+01   3.0447578E-02   9.4734093E+01   1.4102958E+06  -3.8006421E+02   0.0000000E+00   0.0000000E+00   0.0000000E+00
     4.9000000E+01   9.4730591E+01   3.0595893E-02   9.4733917E+01   1.4217602E+06  -3.4603384E+02   0.0000000E+00   0.0000000E+00   0.0000000E+00
     5.0000000E+01   9.4731476E+01   3.1477295E-02   9.4734474E+01   1.4906532E+06  -3.1277106E+02   0.0000000E+00   0.0000000E+00   0.0000000E+00
     5.1000000E+01   9.4731483E+01   3.1484976E-02   9.4734253E+01   1.4912720E+06  -2.8838055E+02   0.0000000E+00   0.0000000E+00   0.0000000E+00
     5.2000000E+01   9.4731255E+01   3.1254474E-02   9.4733788E+01   1.4731220E+06  -2.6435135E+02   0.0000000E+00   0.0000000E+00   0.0000000E+00
     5.3000000E+01   9.4731041E+01   3.1046923E-02   9.4733368E+01   1.4568555E+06  -2.4164322E+02   0.0000000E+00   0.0000000E+00   0.0000000E+00
     5.4000000E+01   9.4730904E+01   3.0903276E-02   9.4733025E+01   1.4456408E+06  -2.2095721E+02   0.0000000E+00   0.0000000E+00   0.0000000E+00
     5.5000000E+01   9.4730171E+01   3.0170886E-02   9.4732132E+01   1.3889916E+06  -2.0480736E+02   0.0000000E+00   0.0000000E+00   0.0000000E+00
     5.6000000E+01   9.4729630E+01   2.9634446E-02   9.4731430E+01   1.3480760E+06  -1.8755748E+02   0.0000000E+00   0.0000000E+00   0.0000000E+00
     5.7000000E+01   9.4796486E+01   9.6486814E-02   9.4797752E+01   9.6420870E+06  -1.3233076E+02   0.0000000E+00   0.0000000E+00   0.0000000E+00
     5.8000000E+01   9.4753197E+01   5.3202659E-02   9.4758911E+01   3.5750328E+06  -5.9486566E+02   0.0000000E+00   0.0000000E+00   0.0000000E+00
     5.9000000E+01   9.4738258E+01   3.8264006E-02   9.4743004E+01   2.0639939E+06  -4.9415860E+02   0.0000000E+00   0.0000000E+00   0.0000000E+00
     6.0000000E+01   9.4735016E+01   3.5018396E-02   9.4739052E+01   1.7805390E+06  -4.2027725E+02   0.0000000E+00   0.0000000E+00   0.0000000E+00
     6.1000000E+01   9.4733238E+01   3.3241201E-02   9.4736916E+01   1.6324961E+06  -3.8253607E+02   0.0000000E+00   0.0000000E+00   0.0000000E+00
     6.2000000E+01   9.4731674E+01   3.1678017E-02   9.4735062E+01   1.5065625E+06  -3.5233124E+02   0.0000000E+00   0.0000000E+00   0.0000000E+00
     6.3000000E+01   9.4731277E+01   3.1281326E-02   9.4734375E+01   1.4752508E+06  -3.2230582E+02   0.0000000E+00   0.0000000E+00   0.0000000E+00
     6.4000000E+01   9.4730476E+01   3.0480875E-02   9.4733383E+01   1.4128492E+06  -3.0215878E+02   0.0000000E+00   0.0000000E+00   0.0000000E+00
     6.5000000E+01   9.4731010E+01   3.1016486E-02   9.4733688E+01   1.4544705E+06  -2.7879575E+02   0.0000000E+00   0.0000000E+00   0.0000000E+00
     6.6000000E+01   9.4730171E+01   3.0175893E-02   9.4732750E+01   1.3893694E+06  -2.6799127E+02   0.0000000E+00   0.0000000E+00   0.0000000E+00
     6.7000000E+01   9.4730118E+01   3.0118447E-02   9.4732521E+01   1.3849668E+06  -2.5070815E+02   0.0000000E+00   0.0000000E+00   0.0000000E+00
     6.8000000E+01   9.4729897E+01   2.9899124E-02   9.4732178E+01   1.3681995E+06  -2.3766174E+02   0.0000000E+00   0.0000000E+00   0.0000000E+00
     6.9000000E+01   9.4731041E+01   3.1043842E-02   9.4733147E+01   1.4566165E+06  -2.1937349E+02   0.0000000E+00   0.0000000E+00   0.0000000E+00
     7.0000000E+01   9.4730797E+01   3.0798189E-02   9.4732826E+01   1.4374570E+06  -2.1186189E+02   0.0000000E+00   0.0000000E+00   0.0000000E+00
     7.1000000E+01   9.4731186E+01   3.1187402E-02   9.4733078E+01   1.4678619E+06  -1.9724771E+02   0.0000000E+00   0.0000000E+00   0.0000000E+00
     7.2000000E+01   9.4730072E+01   3.0074414E-02   9.4731903E+01   1.3815980E+06  -1.9096054E+02   0.0000000E+00   0.0000000E+00   0.0000000E+00
     7.3000000E+01   9.4729706E+01   2.9712168E-02   9.4731636E+01   1.3539719E+06  -2.0103929E+02   0.0000000E+00   0.0000000E+00   0.0000000E+00
     7.4000000E+01   9.4729836E+01   2.9842226E-02   9.4731750E+01   1.3638655E+06  -1.9903481E+02   0.0000000E+00   0.0000000E+00   0.0000000E+00
     7.5000000E+01   9.4845062E+01   1.4506474E-01   9.4845879E+01   1.9025114E+07  -8.4673866E+01   0.0000000E+00   0.0000000E+00   0.0000000E+00
     7.6000000E+01   9.4831177E+01   1.3118210E-01   9.4839149E+01   1.6088487E+07  -8.3033148E+02   0.0000000E+00   0.0000000E+00   0.0000000E+00
     7.7000000E+01   9.4791908E+01   9.1911681E-02   9.4802490E+01   8.8921940E+06  -1.1018485E+03   0.0000000E+00   0.0000000E+00   0.0000000E+00
     7.8000000E+01   9.4748459E+01   4.8461892E-02   9.4759987E+01   3.0600222E+06  -1.2004309E+03   0.0000000E+00   0.0000000E+00   0.0000000E+00
     7.9000000E+01   9.4758339E+01   5.8345418E-02   9.4768280E+01   4.1693538E+06  -1.0345991E+03   0.0000000E+00   0.0000000E+00   0.0000000E+00
     8.0000000E+01   9.4784531E+01   8.4533624E-02   9.4793968E+01   7.7346380E+06  -9.8271399E+02   0.0000000E+00   0.0000000E+00   0.0000000E+00
     8.1000000E+01   9.4744362E+01   4.4361360E-02   9.4756310E+01   2.6407840E+06  -1.2443362E+03   0.0000000E+00   0.0000000E+00   0.0000000E+00
     8.2000000E+01   9.4810043E+01   1.1004817E-01   9.4818207E+01   1.2005006E+07  -8.5006079E+02   0.0000000E+00   0.0000000E+00   0.0000000E+00
     8.3000000E+01   9.4788147E+01   8.8146381E-02   9.4799469E+01   8.2933765E+06  -1.1790643E+03   0.0000000E+00   0.0000000E+00   0.0000000E+00
     8.4000000E+01   9.4767258E+01   6.7263901E-02   9.4778694E+01   5.2847855E+06  -1.1902570E+03   0.0000000E+00   0.0000000E+00   0.0000000E+00
     8.5000000E+01   9.4920769E+01   2.2076847E-01   9.4925827E+01   3.8307604E+07  -5.2735046E+02   0.0000000E+00   0.0000000E+00   0.0000000E+00
     8.6000000E+01   9.4860870E+01   1.6087614E-01   9.4873650E+01   2.2605304E+07  -1.3305164E+03   0.0000000E+00   0.0000000E+00   0.0000000E+00
     8.7000000E+01   9.4762856E+01   6.2855378E-02   9.4777321E+01   4.7202155E+06  -1.5064619E+03   0.0000000E+00   0.0000000E+00   0.0000000E+00
     8.8000000E+01   9.4750000E+01   5.0003175E-02   9.4761330E+01   3.2239390E+06  -1.1795765E+03   0.0000000E+00   0.0000000E+00   0.0000000E+00
     8.9000000E+01   9.4744591E+01   4.4591486E-02   9.4755493E+01   2.6636562E+06  -1.1351561E+03   0.0000000E+00   0.0000000E+00   0.0000000E+00
     9.0000000E+01   9.4746689E+01   4.6691466E-02   9.4757263E+01   2.8759880E+06  -1.1008807E+03   0.0000000E+00   0.0000000E+00   0.0000000E+00
     9.1000000E+01   9.4747459E+01   4.7463100E-02   9.4758026E+01   2.9556385E+06  -1.1006262E+03   0.0000000E+00   0.0000000E+00   0.0000000E+00
     9.2000000E+01   9.4742577E+01   4.2583127E-02   9.4753311E+01   2.4667220E+06  -1.1177432E+03   0.0000000E+00   0.0000000E+00   0.0000000E+00
     9.3000000E+01   9.4738419E+01   3.8422804E-02   9.4749084E+01   2.0782914E+06  -1.1101694E+03   0.0000000E+00   0.0000000E+00   0.0000000E+00
     9.4000000E+01   9.4767891E+01   6.7895882E-02   9.4777298E+01   5.3678075E+06  -9.7947900E+02   0.0000000E+00   0.0000000E+00   0.0000000E+00
     9.5000000E+01   9.4745430E+01   4.5434985E-02   9.4756706E+01   2.7481575E+06  -1.1740664E+03   0.0000000E+00   0.0000000E+00   0.0000000E+00
     9.6000000E+01   9.4738480E+01   3.8480587E-02   9.4749214E+01   2.0835015E+06  -1.1176450E+03   0.0000000E+00   0.0000000E+00   0.0000000E+00
     9.7000000E+01   9.4746162E+01   4.6162963E-02   9.4756294E+01   2.8219350E+06  -1.0549670E+03   0.0000000E+00   0.0000000E+00   0.0000000E+00
     9.8000000E+01   9.4746971E+01   4.6976540E-02   9.4757034E+01   2.9053122E+06  -1.0475664E+03   0.0000000E+00   0.0000000E+00   0.0000000E+00
     9.9000000E+01   9.4745056E+01   4.5056533E-02   9.4754662E+01   2.7101122E+06  -1.0006172E+03   0.0000000E+00   0.0000000E+00   0.0000000E+00
     1.0000000E+02   9.4743927E+01   4.3932121E-02   9.4752800E+01   2.5983318E+06  -9.2391559E+02   0.0000000E+00   0.0000000E+00   0.0000000E+00
     1.0100000E+02   9.4742630E+01   4.2631768E-02   9.4750748E+01   2.4714222E+06  -8.4503027E+02   0.0000000E+00   0.0000000E+00   0.0000000E+00
     1.0200000E+02   9.4739174E+01   3.9176796E-02   9.4746620E+01   2.1467068E+06  -7.7508698E+02   0.0000000E+00   0.0000000E+00   0.0000000E+00
     1.0300000E+02   9.4732986E+01   3.2987002E-02   9.4739822E+01   1.6117516E+06  -7.1225934E+02   0.0000000E+00   0.0000000E+00   0.0000000E+00
     1.0400000E+02   9.4739655E+01   3.9654978E-02   9.4745369E+01   2.1905485E+06  -5.9522809E+02   0.0000000E+00   0.0000000E+00   0.0000000E+00
     1.0500000E+02   9.4742950E+01   4.2953297E-02   9.4748184E+01   2.5025580E+06  -5.4518988E+02   0.0000000E+00   0.0000000E+00   0.0000000E+00
     1.0600000E+02   9.4739830E+01   3.9833337E-02   9.4744781E+01   2.2070038E+06  -5.1547034E+02   0.0000000E+00   0.0000000E+00   0.0000000E+00
     1.0700000E+02   9.4739075E+01   3.9075881E-02   9.4743469E+01   2.1374978E+06  -4.5812616E+02   0.0000000E+00   0.0000000E+00   0.0000000E+00
     1.0800000E+02   9.4744797E+01   4.4800434E-02   9.4748535E+01   2.6844875E+06  -3.8890918E+02   0.0000000E+00   0.0000000E+00   0.0000000E+00
     1.0900000E+02   9.4740501E+01   4.0502921E-02   9.4744225E+01   2.2691760E+06  -3.8753870E+02   0.0000000E+00   0.0000000E+00   0.0000000E+00
     1.1000000E+02   9.4733688E+01   3.3687871E-02   9.4737175E+01   1.6692204E+06  -3.6371420E+02   0.0000000E+00   0.0000000E+00   0.0000000E+00
     1.1100000E+02   9.4739403E+01   3.9404783E-02   9.4742134E+01   2.1675450E+06  -2.8452545E+02   0.0000000E+00   0.0000000E+00   0.0000000E+00
     1.1200000E+02   9.4742958E+01   4.2959150E-02   9.4745483E+01   2.5031132E+06  -2.6325024E+02   0.0000000E+00   0.0000000E+00   0.0000000E+00
     1.1300000E+02   9.4887634E+01   1.8763933E-01   9.4887856E+01   2.9214448E+07  -2.2444086E+01   0.0000000E+00   0.0000000E+00   0.0000000E+00
     1.1400000E+02   9.4889542E+01   1.8954495E-01   9.4897179E+01   2.9710600E+07  -7.9501721E+02   0.0000000E+00   0.0000000E+00   0.0000000E+00
     1.1500000E+02   9.4826866E+01   1.2686919E-01   9.4838455E+01   1.5216616E+07  -1.2070167E+03   0.0000000E+00   0.0000000E+00   0.0000000E+00
     1.1600000E+02   9.4778069E+01   7.8072749E-02   9.4789925E+01   6.7746940E+06  -1.2346696E+03   0.0000000E+00   0.0000000E+00   0.0000000E+00
     1.1700000E+02   9.4753883E+01   5.3889398E-02   9.4765114E+01   3.6522665E+06  -1.1688179E+03   0.0000000E+00   0.0000000E+00   0.0000000E+00
     1.1800000E+02   9.4747307E+01   4.7312688E-02   9.4757950E+01   2.9400458E+06  -1.1081633E+03   0.0000000E+00   0.0000000E+00   0.0000000E+00
     1.1900000E+02   9.4741463E+01   4.1465230E-02   9.4752075E+01   2.3597490E+06  -1.1048318E+03   0.0000000E+00   0.0000000E+00   0.0000000E+00
     1.2000000E+02   9.4738708E+01   3.8710266E-02   9.4749084E+01   2.1042845E+06  -1.0803094E+03   0.0000000E+00   0.0000000E+00   0.0000000E+00
     1.2100000E+02   9.4737129E+01   3.7132565E-02   9.4747177E+01   1.9632736E+06  -1.0461112E+03   0.0000000E+00   0.0000000E+00   0.0000000E+00
     1.2200000E+02   9.4736229E+01   3.6234204E-02   9.4745865E+01   1.8847586E+06  -1.0033445E+03   0.0000000E+00   0.0000000E+00   0.0000000E+00
     1.2300000E+02   9.4735451E+01   3.5453748E-02   9.4744583E+01   1.8176010E+06  -9.5080927E+02   0.0000000E+00   0.0000000E+00   0.0000000E+00
     1.2400000E+02   9.4734871E+01   3.4872226E-02   9.4743401E+01   1.7681584E+06  -8.8809961E+02   0.0000000E+00   0.0000000E+00   0.0000000E+00
     1.2500000E+02   9.4734367E+01   3.4370966E-02   9.4742241E+01   1.7260110E+06  -8.2006183E+02   0.0000000E+00   0.0000000E+00   0.0000000E+00
     1.2600000E+02   9.4734276E+01   3.4281228E-02   9.4741470E+01   1.7185082E+06  -7.4884845E+02   0.0000000E+00   0.0000000E+00   0.0000000E+00
     1.2700000E+02   9.4737473E+01   3.7476361E-02   9.4744453E+01   1.9936690E+06  -7.2691260E+02   0.0000000E+00   0.0000000E+00   0.0000000E+00
     1.2800000E+02   9.4762405E+01   6.2406942E-02   9.4769814E+01   4.6642080E+06  -7.7117078E+02   0.0000000E+00   0.0000000E+00   0.0000000E+00
     1.2900000E+02   9.4827835E+01   1.2783860E-01   9.4834709E+01   1.5410899E+07  -7.1538025E+02   0.0000000E+00   0.0000000E+00   0.0000000E+00
     1.3000000E+02   9.4767067E+01   6.7070164E-02   9.4779129E+01   5.2594425E+06  -1.2562063E+03   0.0000000E+00   0.0000000E+00   0.0000000E+00
     1.3100000E+02   9.4829887E+01   1.2988850E-01   9.4837868E+01   1.5824983E+07  -8.3149481E+02   0.0000000E+00   0.0000000E+00   0.0000000E+00
     1.3200000E+02   9.4769897E+01   6.9903240E-02   9.4782471E+01   5.6349080E+06  -1.3085790E+03   0.0000000E+00   0.0000000E+00   0.0000000E+00
     1.3300000E+02   9.4771240E+01   7.1246766E-02   9.4781799E+01   5.8165575E+06  -1.0987855E+03   0.0000000E+00   0.0000000E+00   0.0000000E+00
     1.3400000E+02   9.4808723E+01   1.0872742E-01   9.4817917E+01   1.1765803E+07  -9.5759576E+02   0.0000000E+00   0.0000000E+00   0.0000000E+00
     1.3500000E+02   9.4902031E+01   2.0203252E-01   9.4909210E+01   3.3044194E+07  -7.4748688E+02   0.0000000E+00   0.0000000E+00   0.0000000E+00
     1.3600000E+02   9.4908707E+01   2.0871304E-01   9.4919083E+01   3.4885104E+07  -1.0803032E+03   0.0000000E+00   0.0000000E+00   0.0000000E+00
     1.3700000E+02   9.4796471E+01   9.6471265E-02   9.4811394E+01   9.6395150E+06  -1.5543230E+03   0.0000000E+00   0.0000000E+00   0.0000000E+00
     1.3800000E+02   9.5035042E+01   3.3504590E-01   9.5037224E+01   7.6777296E+07  -2.2703958E+02   0.0000000E+00   0.0000000E+00   0.0000000E+00
     1.3900000E+02   9.5034225E+01   3.3423153E-01   9.5044868E+01   7.6466048E+07  -1.1075598E+03   0.0000000E+00   0.0000000E+00   0.0000000E+00
     1.4000000E+02   9.5065338E+01   3.6534289E-01   9.5075172E+01   8.8693536E+07  -1.0239883E+03   0.0000000E+00   0.0000000E+00   0.0000000E+00
     1.4100000E+02   9.4850983E+01   1.5098654E-01   9.4869881E+01   2.0337058E+07  -1.9676118E+03   0.0000000E+00   0.0000000E+00   0.0000000E+00
     1.4200000E+02   9.4802216E+01   1.0221919E-01   9.4815216E+01   1.0615618E+07  -1.3537599E+03   0.0000000E+00   0.0000000E+00   0.0000000E+00
     1.4300000E+02   9.4784470E+01   8.4470317E-02   9.4796021E+01   7.7249930E+06  -1.2030334E+03   0.0000000E+00   0.0000000E+00   0.0000000E+00
     1.4400000E+02   9.4777641E+01   7.7645399E-02   9.4788681E+01   6.7130065E+06  -1.1497661E+03   0.0000000E+00   0.0000000E+00   0.0000000E+00
     1.4500000E+02   9.4882568E+01   1.8256864E-01   9.4889420E+01   2.7910532E+07  -7.1393237E+02   0.0000000E+00   0.0000000E+00   0.0000000E+00
     1.4600000E+02   9.4831940E+01   1.3193958E-01   9.4844421E+01   1.6243619E+07  -1.3001207E+03   0.0000000E+00   0.0000000E+00   0.0000000E+00
     1.4700000E+02   9.4804031E+01   1.0403091E-01   9.4815872E+01   1.0931019E+07  -1.2334772E+03   0.0000000E+00   0.0000000E+00   0.0000000E+00
     1.4800000E+02   9.4803169E+01   1.0316921E-01   9.4813980E+01   1.0780591E+07  -1.1259183E+03   0.0000000E+00   0.0000000E+00   0.0000000E+00
     1.4900000E+02   9.4786789E+01   8.6789437E-02   9.4798126E+01   8.0816975E+06  -1.1805162E+03   0.0000000E+00   0.0000000E+00   0.0000000E+00
     1.5000000E+02   9.4778168E+01   7.8174189E-02   9.4789223E+01   6.7893835E+06  -1.1508260E+03   0.0000000E+00   0.0000000E+00   0.0000000E+00
     1.5100000E+02   9.4781166E+01   8.1166066E-02   9.4791756E+01   7.2279795E+06  -1.1033627E+03   0.0000000E+00   0.0000000E+00   0.0000000E+00
     1.5200000E+02   9.4863289E+01   1.6329332E-01   9.4870926E+01   2.3174224E+07  -7.9544336E+02   0.0000000E+00   0.0000000E+00   0.0000000E+00
     1.5300000E+02   9.5002914E+01   3.0292049E-01   9.5008347E+01   6.4904076E+07  -5.6563135E+02   0.0000000E+00   0.0000000E+00   0.0000000E+00
     1.5400000E+02   9.5434242E+01   7.3424560E-01   9.5429115E+01   2.8387446E+08   5.3385675E+02   0.0000000E+00   0.0000000E+00   0.0000000E+00
     1.5500000E+02   9.5065979E+01   3.6597908E-01   9.5090218E+01   8.8951120E+07  -2.5245461E+03   0.0000000E+00   0.0000000E+00   0.0000000E+00
     1.5600000E+02   9.4888344E+01   1.8834732E-01   9.4906509E+01   2.9398388E+07  -1.8913899E+03   0.0000000E+00   0.0000000E+00   0.0000000E+00
     1.5700000E+02   9.4834778E+01   1.3477963E-01   9.4847977E+01   1.6830536E+07  -1.3742834E+03   0.0000000E+00   0.0000000E+00   0.0000000E+00
     1.5800000E+02   9.4808502E+01   1.0850176E-01   9.4820396E+01   1.1725187E+07  -1.2390873E+03   0.0000000E+00   0.0000000E+00   0.0000000E+00
     1.5900000E+02   9.4795509E+01   9.5510863E-02   9.4806801E+01   9.4800820E+06  -1.1758391E+03   0.0000000E+00   0.0000000E+00   0.0000000E+00
     1.6000000E+02   9.4789650E+01   8.9656614E-02   9.4800613E+01   8.5315340E+06  -1.1415096E+03   0.0000000E+00   0.0000000E+00   0.0000000E+00
     1.6100000E+02   9.4786148E+01   8.6148217E-02   9.4796967E+01   7.9824490E+06  -1.1272028E+03   0.0000000E+00   0.0000000E+00   0.0000000E+00
     1.6200000E+02   9.4781334E+01   8.1338130E-02   9.4792160E+01   7.2535150E+06  -1.1270286E+03   0.0000000E+00   0.0000000E+00   0.0000000E+00
     1.6300000E+02   9.4776703E+01   7.6702476E-02   9.4787460E+01   6.5776965E+06  -1.1207111E+03   0.0000000E+00   0.0000000E+00   0.0000000E+00
     1.6400000E+02   9.4770493E+01   7.0492856E-02   9.4781250E+01   5.7143655E+06  -1.1201584E+03   0.0000000E+00   0.0000000E+00   0.0000000E+00
     1.6500000E+02   9.4761848E+01   6.1851613E-02   9.4772530E+01   4.5952800E+06  -1.1118390E+03   0.0000000E+00   0.0000000E+00   0.0000000E+00
     1.6600000E+02   9.4760216E+01   6.0219575E-02   9.4770241E+01   4.3949540E+06  -1.0437125E+03   0.0000000E+00   0.0000000E+00   0.0000000E+00
     1.6700000E+02   9.4764137E+01   6.4140849E-02   9.4773407E+01   4.8821705E+06  -9.6492548E+02   0.0000000E+00   0.0000000E+00   0.0000000E+00
     1.6800000E+02   9.4765060E+01   6.5065399E-02   9.4773735E+01   5.0000435E+06  -9.0310913E+02   0.0000000E+00   0.0000000E+00   0.0000000E+00
     1.6900000E+02   9.4764008E+01   6.4011507E-02   9.4771965E+01   4.8657730E+06  -8.2854401E+02   0.0000000E+00   0.0000000E+00   0.0000000E+00
     1.7000000E+02   9.4756149E+01   5.6152083E-02   9.4763550E+01   3.9114068E+06  -7.7025201E+02   0.0000000E+00   0.0000000E+00   0.0000000E+00
     1.7100000E+02   9.4751755E+01   5.1759459E-02   9.4758255E+01   3.4148822E+06  -6.7629633E+02   0.0000000E+00   0.0000000E+00   0.0000000E+00
     1.7200000E+02   9.4845604E+01   1.4560743E-01   9.4849937E+01   1.9143906E+07  -4.5116696E+02   0.0000000E+00   0.0000000E+00   0.0000000E+00
     1.7300000E+02   9.4797569E+01   9.7570933E-02   9.4808304E+01   9.8233300E+06  -1.1175530E+03   0.0000000E+00   0.0000000E+00   0.0000000E+00
     1.7400000E+02   9.4768585E+01   6.8590209E-02   9.4779358E+01   5.4596250E+06  -1.1214745E+03   0.0000000E+00   0.0000000E+00   0.0000000E+00
     1.7500000E+02   9.4765800E+01   6.5802895E-02   9.4775497E+01   5.0948480E+06  -1.0101216E+03   0.0000000E+00   0.0000000E+00   0.0000000E+00
     1.7600000E+02   9.4758896E+01   5.8895592E-02   9.4768234E+01   4.2350850E+06  -9.7266370E+02   0.0000000E+00   0.0000000E+00   0.0000000E+00
     1.7700000E+02   9.4751762E+01   5.1765956E-02   9.4760475E+01   3.4155735E+06  -9.0719550E+02   0.0000000E+00   0.0000000E+00   0.0000000E+00
     1.7800000E+02   9.4749100E+01   4.9103491E-02   9.4756989E+01   3.1278318E+06  -8.2100293E+02   0.0000000E+00   0.0000000E+00   0.0000000E+00
     1.7900000E+02   9.4747025E+01   4.7029305E-02   9.4754265E+01   2.9107532E+06  -7.5335327E+02   0.0000000E+00   0.0000000E+00   0.0000000E+00
     1.8000000E+02   9.4745270E+01   4.5269191E-02   9.4751923E+01   2.7314658E+06  -6.9301117E+02   0.0000000E+00   0.0000000E+00   0.0000000E+00
     1.8100000E+02   9.4743324E+01   4.3330729E-02   9.4749474E+01   2.5393585E+06  -6.3960510E+02   0.0000000E+00   0.0000000E+00   0.0000000E+00
     1.8200000E+02   9.4742386E+01   4.2385522E-02   9.4748001E+01   2.4476568E+06  -5.8541547E+02   0.0000000E+00   0.0000000E+00   0.0000000E+00
     1.8300000E+02   9.4741364E+01   4.1365746E-02   9.4746529E+01   2.3502992E+06  -5.3807428E+02   0.0000000E+00   0.0000000E+00   0.0000000E+00
     1.8400000E+02   9.4740692E+01   4.0695120E-02   9.4745415E+01   2.2871570E+06  -4.9203772E+02   0.0000000E+00   0.0000000E+00   0.0000000E+00
     1.8500000E+02   9.4740807E+01   4.0806763E-02   9.4745094E+01   2.2976300E+06  -4.4712503E+02   0.0000000E+00   0.0000000E+00   0.0000000E+00
     1.8600000E+02   9.4739410E+01   3.9411630E-02   9.4743385E+01   2.1682182E+06  -4.1397336E+02   0.0000000E+00   0.0000000E+00   0.0000000E+00
     1.8700000E+02   9.4737869E+01   3.7870705E-02   9.4741508E+01   2.0287829E+06  -3.7891464E+02   0.0000000E+00   0.0000000E+00   0.0000000E+00
     1.8800000E+02   9.4736778E+01   3.6778368E-02   9.4740082E+01   1.9321642E+06  -3.4434692E+02   0.0000000E+00   0.0000000E+00   0.0000000E+00
     1.8900000E+02   9.4756805E+01   5.6810457E-02   9.4759583E+01   3.9881402E+06  -2.8875815E+02   0.0000000E+00   0.0000000E+00   0.0000000E+00
     1.9000000E+02   9.4754509E+01   5.4511651E-02   9.4758034E+01   3.7228338E+06  -3.6692764E+02   0.0000000E+00   0.0000000E+00   0.0000000E+00
     1.9100000E+02   9.4759537E+01   5.9543230E-02   9.4763947E+01   4.3129890E+06  -4.5901578E+02   0.0000000E+00   0.0000000E+00   0.0000000E+00
     1.9200000E+02   9.4752052E+01   5.2057028E-02   9.4757133E+01   3.4476568E+06  -5.2880872E+02   0.0000000E+00   0.0000000E+00   0.0000000E+00
     1.9300000E+02   9.4742439E+01   4.2439751E-02   9.4747475E+01   2.4528798E+06  -5.2481641E+02   0.0000000E+00   0.0000000E+00   0.0000000E+00
     1.9400000E+02   9.4739227E+01   3.9228048E-02   9.4743767E+01   2.1513902E+06  -4.7271835E+02   0.0000000E+00   0.0000000E+00   0.0000000E+00
     1.9500000E+02   9.4738419E+01   3.8423166E-02   9.4742561E+01   2.0783235E+06  -4.3082855E+02   0.0000000E+00   0.0000000E+00   0.0000000E+00
     1.9600000E+02   9.4738564E+01   3.8565945E-02   9.4742409E+01   2.0912105E+06  -4.0073227E+02   0.0000000E+00   0.0000000E+00   0.0000000E+00
     1.9700000E+02   9.4742317E+01   4.2323496E-02   9.4745789E+01   2.4417128E+06  -3.6092001E+02   0.0000000E+00   0.0000000E+00   0.0000000E+00
     1.9800000E+02   9.4736320E+01   3.6321647E-02   9.4739914E+01   1.8923454E+06  -3.7433026E+02   0.0000000E+00   0.0000000E+00   0.0000000E+00
     1.9900000E+02   9.4734390E+01   3.4396078E-02   9.4737640E+01   1.7280982E+06  -3.3828882E+02   0.0000000E+00   0.0000000E+00   0.0000000E+00
     2.0000000E+02   9.4734894E+01   3.4895573E-02   9.4737854E+01   1.7701531E+06  -3.0851428E+02   0.0000000E+00   0.0000000E+00   0.0000000E+00
     2.0100000E+02   9.4735550E+01   3.5554234E-02   9.4738327E+01   1.8261328E+06  -2.8901556E+02   0.0000000E+00   0.0000000E+00   0.0000000E+00
     2.0200000E+02   9.4733780E+01   3.3779733E-02   9.4736473E+01   1.6768196E+06  -2.8096692E+02   0.0000000E+00   0.0000000E+00   0.0000000E+00
     2.0300000E+02   9.4732689E+01   3.2694146E-02   9.4735207E+01   1.5879676E+06  -2.6212222E+02   0.0000000E+00   0.0000000E+00   0.0000000E+00
     2.0400000E+02   9.4732048E+01   3.2053214E-02   9.4734398E+01   1.5364606E+06  -2.4455119E+02   0.0000000E+00   0.0000000E+00   0.0000000E+00
     2.0500000E+02   9.4730675E+01   3.0681377E-02   9.4732910E+01   1.4283701E+06  -2.3226433E+02   0.0000000E+00   0.0000000E+00   0.0000000E+00
     2.0600000E+02   9.4730713E+01   3.0713532E-02   9.4732750E+01   1.4308724E+06  -2.1254739E+02   0.0000000E+00   0.0000000E+00   0.0000000E+00
     2.0700000E+02   9.4731087E+01   3.1088842E-02   9.4732979E+01   1.4601420E+06  -1.9743399E+02   0.0000000E+00   0.0000000E+00   0.0000000E+00
     2.0800000E+02   9.4732391E+01   3.2392085E-02   9.4734123E+01   1.5635832E+06  -1.8093895E+02   0.0000000E+00   0.0000000E+00   0.0000000E+00
     2.0900000E+02   9.4732857E+01   3.2857656E-02   9.4734505E+01   1.6012130E+06  -1.7196573E+02   0.0000000E+00   0.0000000E+00   0.0000000E+00
     2.1000000E+02   9.4735809E+01   3.5810843E-02   9.4737259E+01   1.8481952E+06  -1.5117336E+02   0.0000000E+00   0.0000000E+00   0.0000000E+00
     2.1100000E+02   9.4733765E+01   3.3767808E-02   9.4735298E+01   1.6758206E+06  -1.5956926E+02   0.0000000E+00   0.0000000E+00   0.0000000E+00
     2.1200000E+02   9.4732925E+01   3.2931603E-02   9.4734329E+01   1.6072681E+06  -1.4583803E+02   0.0000000E+00   0.0000000E+00   0.0000000E+00
     2.1300000E+02   9.4787605E+01   8.7611631E-02   9.4790199E+01   8.2096995E+06  -2.6949619E+02   0.0000000E+00   0.0000000E+00   0.0000000E+00
     2.1400000E+02   9.4768135E+01   6.8136707E-02   9.4774864E+01   5.3995790E+06  -7.0044812E+02   0.0000000E+00   0.0000000E+00   0.0000000E+00
     2.1500000E+02   9.4770218E+01   7.0219114E-02   9.4777100E+01   5.6774060E+06  -7.1643341E+02   0.0000000E+00   0.0000000E+00   0.0000000E+00
     2.1600000E+02   9.4754417E+01   5.4418880E-02   9.4762383E+01   3.7122768E+06  -8.2947046E+02   0.0000000E+00   0.0000000E+00   0.0000000E+00
     2.1700000E+02   9.4769623E+01   6.9628723E-02   9.4776237E+01   5.5980655E+06  -6.8869702E+02   0.0000000E+00   0.0000000E+00   0.0000000E+00
     2.1800000E+02   9.4744850E+01   4.4855054E-02   9.4752464E+01   2.6899562E+06  -7.9271820E+02   0.0000000E+00   0.0000000E+00   0.0000000E+00
     2.1900000E+02   9.4739471E+01   3.9474063E-02   9.4745941E+01   2.1739155E+06  -6.7382904E+02   0.0000000E+00   0.0000000E+00   0.0000000E+00
     2.2000000E+02   9.4738472E+01   3.8476162E-02   9.4744331E+01   2.0830962E+06  -6.0971082E+02   0.0000000E+00   0.0000000E+00   0.0000000E+00
     2.2100000E+02   9.4733231E+01   3.3230688E-02   9.4738861E+01   1.6316405E+06  -5.8640497E+02   0.0000000E+00   0.0000000E+00   0.0000000E+00
     2.2200000E+02   9.4731255E+01   3.1261042E-02   9.4736443E+01   1.4736595E+06  -5.3949658E+02   0.0000000E+00   0.0000000E+00   0.0000000E+00
     2.2300000E+02   9.4731201E+01   3.1207349E-02   9.4736000E+01   1.4694306E+06  -4.9973361E+02   0.0000000E+00   0.0000000E+00   0.0000000E+00
     2.2400000E+02   9.4730293E+01   3.0299328E-02   9.4734833E+01   1.3988985E+06  -4.7264404E+02   0.0000000E+00   0.0000000E+00   0.0000000E+00
     2.2500000E+02   9.4729294E+01   2.9296897E-02   9.4733559E+01   1.3225971E+06  -4.4402353E+02   0.0000000E+00   0.0000000E+00   0.0000000E+00
     2.2600000E+02   9.4731339E+01   3.1344846E-02   9.4735222E+01   1.4802414E+06  -4.0374756E+02   0.0000000E+00   0.0000000E+00   0.0000000E+00
     2.2700000E+02   9.4732559E+01   3.2559346E-02   9.4736191E+01   1.5770298E+06  -3.7858365E+02   0.0000000E+00   0.0000000E+00   0.0000000E+00
     2.2800000E+02   9.4730881E+01   3.0884432E-02   9.4734367E+01   1.4441666E+06  -3.6262720E+02   0.0000000E+00   0.0000000E+00   0.0000000E+00
     2.2900000E+02   9.4729721E+01   2.9725218E-02   9.4732941E+01   1.3549774E+06  -3.3475818E+02   0.0000000E+00   0.0000000E+00   0.0000000E+00
     2.3000000E+02   9.4728882E+01   2.8883830E-02   9.4731842E+01   1.2916345E+06  -3.0831976E+02   0.0000000E+00   0.0000000E+00   0.0000000E+00
     2.3100000E+02   9.4728676E+01   2.8680921E-02   9.4731384E+01   1.2765501E+06  -2.8206448E+02   0.0000000E+00   0.0000000E+00   0.0000000E+00
     2.3200000E+02   9.4731583E+01   3.1585779E-02   9.4733963E+01   1.4992391E+06  -2.4775815E+02   0.0000000E+00   0.0000000E+00   0.0000000E+00
     2.3300000E+02   9.4731575E+01   3.1575020E-02   9.4733856E+01   1.4984075E+06  -2.3798842E+02   0.0000000E+00   0.0000000E+00   0.0000000E+00
     2.3400000E+02   9.4728798E+01   2.8804500E-02   9.4731010E+01   1.2857321E+06  -2.3004692E+02   0.0000000E+00   0.0000000E+00   0.0000000E+00
     2.3500000E+02   9.4727104E+01   2.7106611E-02   9.4729111E+01   1.1619194E+06  -2.0893053E+02   0.0000000E+00   0.0000000E+00   0.0000000E+00
     2.3600000E+02   9.4729820E+01   2.9820561E-02   9.4731506E+01   1.3622169E+06  -1.7588963E+02   0.0000000E+00   0.0000000E+00   0.0000000E+00
     2.3700000E+02   9.4732742E+01   3.2746550E-02   9.4734283E+01   1.5921904E+06  -1.6000070E+02   0.0000000E+00   0.0000000E+00   0.0000000E+00
     2.3800000E+02   9.4733154E+01   3.3159766E-02   9.4734657E+01   1.6258589E+06  -1.5658788E+02   0.0000000E+00   0.0000000E+00   0.0000000E+00
     2.3900000E+02   9.4731056E+01   3.1057684E-02   9.4732544E+01   1.4576660E+06  -1.5472018E+02   0.0000000E+00   0.0000000E+00   0.0000000E+00
     2.4000000E+02   9.4729561E+01   2.9564286E-02   9.4730927E+01   1.3427956E+06  -1.4202715E+02   0.0000000E+00   0.0000000E+00   0.0000000E+00
     2.4100000E+02   9.4729759E+01   2.9762376E-02   9.4730965E+01   1.3577688E+06  -1.2563066E+02   0.0000000E+00   0.0000000E+00   0.0000000E+00
     2.4200000E+02   9.4727577E+01   2.7577197E-02   9.4728783E+01   1.1957468E+06  -1.2577751E+02   0.0000000E+00   0.0000000E+00   0.0000000E+00
     2.4300000E+02   9.4727379E+01   2.7385548E-02   9.4728439E+01   1.1819469E+06  -1.1040897E+02   0.0000000E+00   0.0000000E+00   0.0000000E+00
     2.4400000E+02   9.4730217E+01   3.0217661E-02   9.4731087E+01   1.3925848E+06  -9.1182472E+01   0.0000000E+00   0.0000000E+00   0.0000000E+00
     2.4500000E+02   9.4727180E+01   2.7181644E-02   9.4728203E+01   1.1672739E+06  -1.0670907E+02   0.0000000E+00   0.0000000E+00   0.0000000E+00
     2.4600000E+02   9.4729019E+01   2.9021010E-02   9.4729813E+01   1.3018688E+06  -8.2741051E+01   0.0000000E+00   0.0000000E+00   0.0000000E+00
     2.4700000E+02   9.4735184E+01   3.5189133E-02   9.4735764E+01   1.7950232E+06  -5.9890171E+01   0.0000000E+00   0.0000000E+00   0.0000000E+00
     2.4800000E+02   9.4729057E+01   2.9059161E-02   9.4730034E+01   1.3047518E+06  -1.0167397E+02   0.0000000E+00   0.0000000E+00   0.0000000E+00
     2.4900000E+02   9.4729950E+01   2.9950105E-02   9.4730637E+01   1.3720999E+06  -7.1764038E+01   0.0000000E+00   0.0000000E+00   0.0000000E+00
     2.5000000E+02   9.4729469E+01   2.9468821E-02   9.4730156E+01   1.3355459E+06  -7.1893661E+01   0.0000000E+00   0.0000000E+00   0.0000000E+00
     2.5100000E+02   9.4728439E+01   2.8442454E-02   9.4729118E+01   1.2589282E+06  -7.0302437E+01   0.0000000E+00   0.0000000E+00   0.0000000E+00
     2.5200000E+02   9.4729248E+01   2.9247643E-02   9.4729820E+01   1.3189566E+06  -5.9791245E+01   0.0000000E+00   0.0000000E+00   0.0000000E+00
     2.5300000E+02   9.4738708E+01   3.8714893E-02   9.4739075E+01   2.1046812E+06  -3.8060505E+01   0.0000000E+00   0.0000000E+00   0.0000000E+00
     2.5400000E+02   9.4737953E+01   3.7957221E-02   9.4738724E+01   2.0364721E+06  -8.0384666E+01   0.0000000E+00   0.0000000E+00   0.0000000E+00
     2.5500000E+02   9.4732475E+01   3.2480508E-02   9.4733444E+01   1.5706990E+06  -1.0062918E+02   0.0000000E+00   0.0000000E+00   0.0000000E+00
     2.5600000E+02   9.4729500E+01   2.9504934E-02   9.4730370E+01   1.3382709E+06  -9.0451462E+01   0.0000000E+00   0.0000000E+00   0.0000000E+00
     2.5700000E+02   9.4727966E+01   2.7971219E-02   9.4728760E+01   1.2244025E+06  -8.2352188E+01   0.0000000E+00   0.0000000E+00   0.0000000E+00
     2.5800000E+02   9.4734421E+01   3.4421690E-02   9.4734886E+01   1.7302499E+06  -4.8633064E+01   0.0000000E+00   0.0000000E+00   0.0000000E+00
     2.5900000E+02   9.4734108E+01   3.4108326E-02   9.4734787E+01   1.7040725E+06  -7.0757240E+01   0.0000000E+00   0.0000000E+00   0.0000000E+00
     2.6000000E+02   9.4729942E+01   2.9942667E-02   9.4730743E+01   1.3715315E+06  -8.3820312E+01   0.0000000E+00   0.0000000E+00   0.0000000E+00
     2.6100000E+02   9.4729767E+01   2.9766215E-02   9.4730400E+01   1.3581102E+06  -6.6476814E+01   0.0000000E+00   0.0000000E+00   0.0000000E+00
     2.6200000E+02   9.4729042E+01   2.9044600E-02   9.4729675E+01   1.3036664E+06  -6.5689690E+01   0.0000000E+00   0.0000000E+00   0.0000000E+00
     2.6300000E+02   9.4729492E+01   2.9491790E-02   9.4730057E+01   1.3372792E+06  -5.9042469E+01   0.0000000E+00   0.0000000E+00   0.0000000E+00
     2.6400000E+02   9.4729622E+01   2.9622769E-02   9.4730179E+01   1.3471964E+06  -5.8018250E+01   0.0000000E+00   0.0000000E+00   0.0000000E+00
     2.6500000E+02   9.4729462E+01   2.9462000E-02   9.4730011E+01   1.3350119E+06  -5.7255356E+01   0.0000000E+00   0.0000000E+00   0.0000000E+00
     2.6600000E+02   9.4728249E+01   2.8254060E-02   9.4728821E+01   1.2450981E+06  -5.9549400E+01   0.0000000E+00   0.0000000E+00   0.0000000E+00
     2.6700000E+02   9.4728577E+01   2.8578201E-02   9.4729073E+01   1.2689415E+06  -5.1994591E+01   0.0000000E+00   0.0000000E+00   0.0000000E+00
     2.6800000E+02   9.4727585E+01   2.7589284E-02   9.4728119E+01   1.1966098E+06  -5.5165138E+01   0.0000000E+00   0.0000000E+00   0.0000000E+00
     2.6900000E+02   9.4729179E+01   2.9183181E-02   9.4729599E+01   1.3140265E+06  -4.3718323E+01   0.0000000E+00   0.0000000E+00   0.0000000E+00
     2.7000000E+02   9.4727837E+01   2.7837595E-02   9.4728348E+01   1.2145949E+06  -5.3091927E+01   0.0000000E+00   0.0000000E+00   0.0000000E+00
     2.7100000E+02   9.4725922E+01   2.5922891E-02   9.4726440E+01   1.0785676E+06  -5.4149548E+01   0.0000000E+00   0.0000000E+00   0.0000000E+00
     2.7200000E+02   9.4725433E+01   2.5438003E-02   9.4725891E+01   1.0452494E+06  -4.7280209E+01   0.0000000E+00   0.0000000E+00   0.0000000E+00
     2.7300000E+02   9.4725197E+01   2.5197912E-02   9.4725624E+01   1.0287724E+06  -4.4622440E+01   0.0000000E+00   0.0000000E+00   0.0000000E+00
     2.7400000E+02   9.4728622E+01   2.8629085E-02   9.4728905E+01   1.2727135E+06  -2.9031294E+01   0.0000000E+00   0.0000000E+00   0.0000000E+00
     2.7500000E+02   9.4728394E+01   2.8399413E-02   9.4728790E+01   1.2557599E+06  -4.1250061E+01   0.0000000E+00   0.0000000E+00   0.0000000E+00
     2.7600000E+02   9.4726646E+01   2.6652250E-02   9.4727097E+01   1.1296308E+06  -4.6241734E+01   0.0000000E+00   0.0000000E+00   0.0000000E+00
     2.7700000E+02   9.4725960E+01   2.5962498E-02   9.4726357E+01   1.0813514E+06  -4.1133175E+01   0.0000000E+00   0.0000000E+00   0.0000000E+00
     2.7800000E+02   9.4726425E+01   2.6426325E-02   9.4726761E+01   1.1137465E+06  -3.5336380E+01   0.0000000E+00   0.0000000E+00   0.0000000E+00
     2.7900000E+02   9.4727135E+01   2.7139818E-02   9.4727455E+01   1.1642851E+06  -3.3023357E+01   0.0000000E+00   0.0000000E+00   0.0000000E+00
     2.8000000E+02   9.4726692E+01   2.6693614E-02   9.4727036E+01   1.1325726E+06  -3.6306698E+01   0.0000000E+00   0.0000000E+00   0.0000000E+00
     2.8100000E+02   9.4726204E+01   2.6205756E-02   9.4726547E+01   1.0983264E+06  -3.5560398E+01   0.0000000E+00   0.0000000E+00   0.0000000E+00
     2.8200000E+02   9.4725105E+01   2.5107967E-02   9.4725456E+01   1.0226789E+06  -3.6867977E+01   0.0000000E+00   0.0000000E+00   0.0000000E+00
     2.8300000E+02   9.4725777E+01   2.5781613E-02   9.4726059E+01   1.0688582E+06  -2.9126209E+01   0.0000000E+00   0.0000000E+00   0.0000000E+00
     2.8400000E+02   9.4725471E+01   2.5475224E-02   9.4725777E+01   1.0477720E+06  -3.1690653E+01   0.0000000E+00   0.0000000E+00   0.0000000E+00
     2.8500000E+02   9.4726013E+01   2.6016904E-02   9.4726280E+01   1.0851220E+06  -2.7607420E+01   0.0000000E+00   0.0000000E+00   0.0000000E+00
     2.8600000E+02   9.4726830E+01   2.6829300E-02   9.4727074E+01   1.1421674E+06  -2.5550041E+01   0.0000000E+00   0.0000000E+00   0.0000000E+00
     2.8700000E+02   9.4726089E+01   2.6090192E-02   9.4726379E+01   1.0902530E+06  -3.0688354E+01   0.0000000E+00   0.0000000E+00   0.0000000E+00
     2.8800000E+02   9.4724533E+01   2.4536669E-02   9.4724854E+01   9.8417931E+05  -3.3203526E+01   0.0000000E+00   0.0000000E+00   0.0000000E+00
     2.8900000E+02   9.4723610E+01   2.3614857E-02   9.4723900E+01   9.2330969E+05  -3.0123226E+01   0.0000000E+00   0.0000000E+00   0.0000000E+00
     2.9000000E+02   9.4723251E+01   2.3257190E-02   9.4723518E+01   9.0013100E+05  -2.7118557E+01   0.0000000E+00   0.0000000E+00   0.0000000E+00
     2.9100000E+02   9.4721962E+01   2.1967242E-02   9.4722252E+01   8.1846519E+05  -2.9925222E+01   0.0000000E+00   0.0000000E+00   0.0000000E+00
     2.9200000E+02   9.4721634E+01   2.1638563E-02   9.4721886E+01   7.9814375E+05  -2.5675032E+01   0.0000000E+00   0.0000000E+00   0.0000000E+00
     2.9300000E+02   9.4721977E+01   2.1981623E-02   9.4722191E+01   8.1941462E+05  -2.2345554E+01   0.0000000E+00   0.0000000E+00   0.0000000E+00
     2.9400000E+02   9.4721489E+01   2.1489231E-02   9.4721725E+01   7.8900756E+05  -2.4828564E+01   0.0000000E+00   0.0000000E+00   0.0000000E+00
     2.9500000E+02   9.4723473E+01   2.3476785E-02   9.4723618E+01   9.1435631E+05  -1.4809163E+01   0.0000000E+00   0.0000000E+00   0.0000000E+00
     2.9600000E+02   9.4725037E+01   2.5037648E-02   9.4725182E+01   1.0179631E+06  -1.5556746E+01   0.0000000E+00   0.0000000E+00   0.0000000E+00
     2.9700000E+02   9.4724236E+01   2.4236577E-02   9.4724464E+01   9.6420250E+05  -2.4158680E+01   0.0000000E+00   0.0000000E+00   0.0000000E+00
     2.9800000E+02   9.4724419E+01   2.4422577E-02   9.4724617E+01   9.7659531E+05  -2.0189142E+01   0.0000000E+00   0.0000000E+00   0.0000000E+00
     2.9900000E+02   9.4725464E+01   2.5463289E-02   9.4725616E+01   1.0468910E+06  -1.6235516E+01   0.0000000E+00   0.0000000E+00   0.0000000E+00
     3.0000000E+02   9.4725220E+01   2.5219383E-02   9.4725410E+01   1.0302248E+06  -2.0594397E+01   0.0000000E+00   0.0000000E+00   0.0000000E+00
     3.0100000E+02   9.4724327E+01   2.4328444E-02   9.4724548E+01   9.7036131E+05  -2.2835102E+01   0.0000000E+00   0.0000000E+00   0.0000000E+00
     3.0200000E+02   9.4733116E+01   3.3118211E-02   9.4732971E+01   1.6224259E+06   1.4808486E+01   0.0000000E+00   0.0000000E+00   0.0000000E+00
     3.0300000E+02   9.4731117E+01   3.1119952E-02   9.4731354E+01   1.4625671E+06  -2.4970442E+01   0.0000000E+00   0.0000000E+00   0.0000000E+00
     3.0400000E+02   9.4728767E+01   2.8773667E-02   9.4729034E+01   1.2834329E+06  -2.7418837E+01   0.0000000E+00   0.0000000E+00   0.0000000E+00
     3.0500000E+02   9.4729729E+01   2.9728591E-02   9.4729866E+01   1.3552074E+06  -1.4384447E+01   0.0000000E+00   0.0000000E+00   0.0000000E+00
     3.0600000E+02   9.4732124E+01   3.2129366E-02   9.4732201E+01   1.5425309E+06  -7.9971223E+00   0.0000000E+00   0.0000000E+00   0.0000000E+00
     3.0700000E+02   9.4732727E+01   3.2729596E-02   9.4732864E+01   1.5908416E+06  -1.4400620E+01   0.0000000E+00   0.0000000E+00   0.0000000E+00
     3.0800000E+02   9.4732101E+01   3.2102481E-02   9.4732285E+01   1.5403190E+06  -1.9031004E+01   0.0000000E+00   0.0000000E+00   0.0000000E+00
     3.0900000E+02   9.4726807E+01   2.6806321E-02   9.4727173E+01   1.1405248E+06  -3.8371223E+01   0.0000000E+00   0.0000000E+00   0.0000000E+00
     3.1000000E+02   9.4726814E+01   2.6820963E-02   9.4727005E+01   1.1415535E+06  -1.9179287E+01   0.0000000E+00   0.0000000E+00   0.0000000E+00
     3.1100000E+02   9.4729820E+01   2.9823530E-02   9.4729889E+01   1.3624846E+06  -7.0371399E+00   0.0000000E+00   0.0000000E+00   0.0000000E+00
     3.1200000E+02   9.4736481E+01   3.6480460E-02   9.4736404E+01   1.9061332E+06   7.5825520E+00   0.0000000E+00   0.0000000E+00   0.0000000E+00
     3.1300000E+02   9.4733818E+01   3.3818759E-02   9.4734085E+01   1.6800120E+06  -2.7675291E+01   0.0000000E+00   0.0000000E+00   0.0000000E+00
     3.1400000E+02   9.4732605E+01   3.2608081E-02   9.4732826E+01   1.5809925E+06  -2.3184616E+01   0.0000000E+00   0.0000000E+00   0.0000000E+00
     3.1500000E+02   9.4728004E+01   2.8009389E-02   9.4728348E+01   1.2271381E+06  -3.5792629E+01   0.0000000E+00   0.0000000E+00   0.0000000E+00
     3.1600000E+02   9.4728470E+01   2.8469276E-02   9.4728622E+01   1.2609440E+06  -1.6463499E+01   0.0000000E+00   0.0000000E+00   0.0000000E+00
     3.1700000E+02   9.4731445E+01   3.1449910E-02   9.4731499E+01   1.4885108E+06  -5.7545009E+00   0.0000000E+00   0.0000000E+00   0.0000000E+00
     3.1800000E+02   9.4732185E+01   3.2189332E-02   9.4732315E+01   1.5473055E+06  -1.3716884E+01   0.0000000E+00   0.0000000E+00   0.0000000E+00
     3.1900000E+02   9.4731247E+01   3.1250339E-02   9.4731438E+01   1.4728040E+06  -2.0217989E+01   0.0000000E+00   0.0000000E+00   0.0000000E+00
     3.2000000E+02   9.4724113E+01   2.4112921E-02   9.4724533E+01   9.5601838E+05  -4.4081196E+01   0.0000000E+00   0.0000000E+00   0.0000000E+00
     3.2100000E+02   9.4727165E+01   2.7169058E-02   9.4727219E+01   1.1663898E+06  -5.4423418E+00   0.0000000E+00   0.0000000E+00   0.0000000E+00
     3.2200000E+02   9.4733070E+01   3.3071991E-02   9.4733002E+01   1.6186535E+06   7.2186027E+00   0.0000000E+00   0.0000000E+00   0.0000000E+00
     3.2300000E+02   9.4732193E+01   3.2199357E-02   9.4732368E+01   1.5481040E+06  -1.8246445E+01   0.0000000E+00   0.0000000E+00   0.0000000E+00
     3.2400000E+02   9.4731789E+01   3.1792060E-02   9.4731956E+01   1.5156088E+06  -1.7162886E+01   0.0000000E+00   0.0000000E+00   0.0000000E+00
     3.2500000E+02   9.4732529E+01   3.2531273E-02   9.4732651E+01   1.5747719E+06  -1.2491541E+01   0.0000000E+00   0.0000000E+00   0.0000000E+00
     3.2600000E+02   9.4726639E+01   2.6641119E-02   9.4726997E+01   1.1288469E+06  -3.7638103E+01   0.0000000E+00   0.0000000E+00   0.0000000E+00
     3.2700000E+02   9.4723770E+01   2.3774004E-02   9.4724030E+01   9.3373656E+05  -2.6744396E+01   0.0000000E+00   0.0000000E+00   0.0000000E+00
     3.2800000E+02   9.4723854E+01   2.3856184E-02   9.4723991E+01   9.3911531E+05  -1.4755340E+01   0.0000000E+00   0.0000000E+00   0.0000000E+00
     3.2900000E+02   9.4731110E+01   3.1112226E-02   9.4730980E+01   1.4619670E+06   1.3524990E+01   0.0000000E+00   0.0000000E+00   0.0000000E+00
     3.3000000E+02   9.4731758E+01   3.1761240E-02   9.4731857E+01   1.5131448E+06  -1.0716011E+01   0.0000000E+00   0.0000000E+00   0.0000000E+00
     3.3100000E+02   9.4732658E+01   3.2661382E-02   9.4732758E+01   1.5853054E+06  -1.0461128E+01   0.0000000E+00   0.0000000E+00   0.0000000E+00
     3.3200000E+02   9.4731430E+01   3.1435128E-02   9.4731613E+01   1.4873232E+06  -1.8471006E+01   0.0000000E+00   0.0000000E+00   0.0000000E+00
     3.3300000E+02   9.4726234E+01   2.6237745E-02   9.4726562E+01   1.1004919E+06  -3.3876335E+01   0.0000000E+00   0.0000000E+00   0.0000000E+00
     3.3400000E+02   9.4723129E+01   2.3130257E-02   9.4723381E+01   8.9197862E+05  -2.6255985E+01   0.0000000E+00   0.0000000E+00   0.0000000E+00
     3.3500000E+02   9.4725578E+01   2.5580982E-02   9.4725616E+01   1.0549852E+06  -4.3607645E+00   0.0000000E+00   0.0000000E+00   0.0000000E+00
     3.3600000E+02   9.4738388E+01   3.8389709E-02   9.4738037E+01   2.0753018E+06   3.6522507E+01   0.0000000E+00   0.0000000E+00   0.0000000E+00
     3.3700000E+02   9.4733597E+01   3.3597887E-02   9.4733879E+01   1.6617850E+06  -2.9655970E+01   0.0000000E+00   0.0000000E+00   0.0000000E+00
     3.3800000E+02   9.4728539E+01   2.8544160E-02   9.4728859E+01   1.2664335E+06  -3.2940487E+01   0.0000000E+00   0.0000000E+00   0.0000000E+00
     3.3900000E+02   9.4727531E+01   2.7537365E-02   9.4727699E+01   1.1928744E+06  -1.7333216E+01   0.0000000E+00   0.0000000E+00   0.0000000E+00
     3.4000000E+02   9.4724953E+01   2.4957025E-02   9.4725174E+01   1.0124574E+06  -2.2655949E+01   0.0000000E+00   0.0000000E+00   0.0000000E+00
     3.4100000E+02   9.4723778E+01   2.3778614E-02   9.4723938E+01   9.3404162E+05  -1.7301609E+01   0.0000000E+00   0.0000000E+00   0.0000000E+00
     3.4200000E+02   9.4724846E+01   2.4852546E-02   9.4724930E+01   1.0054031E+06  -8.1085911E+00   0.0000000E+00   0.0000000E+00   0.0000000E+00
     3.4300000E+02   9.4727753E+01   2.7753698E-02   9.4727753E+01   1.2085275E+06  -2.0573932E-01   0.0000000E+00   0.0000000E+00   0.0000000E+00
     3.4400000E+02   9.4732529E+01   3.2530114E-02   9.4732452E+01   1.5747194E+06   7.8917565E+00   0.0000000E+00   0.0000000E+00   0.0000000E+00
     3.4500000E+02   9.4729729E+01   2.9735297E-02   9.4729927E+01   1.3557266E+06  -2.0483652E+01   0.0000000E+00   0.0000000E+00   0.0000000E+00
     3.4600000E+02   9.4727684E+01   2.7683431E-02   9.4727852E+01   1.2034341E+06  -1.8247095E+01   0.0000000E+00   0.0000000E+00   0.0000000E+00
     3.4700000E+02   9.4724915E+01   2.4916800E-02   9.4725113E+01   1.0097326E+06  -2.0629673E+01   0.0000000E+00   0.0000000E+00   0.0000000E+00
     3.4800000E+02   9.4736229E+01   3.6228735E-02   9.4737335E+01   1.8842731E+06  -1.1581687E+02   0.0000000E+00   0.0000000E+00   0.0000000E+00
     3.4900000E+02   9.4754311E+01   5.4310404E-02   9.4755547E+01   3.6999372E+06  -1.2929745E+02   0.0000000E+00   0.0000000E+00   0.0000000E+00
     3.5000000E+02   9.4734764E+01   3.4768283E-02   9.4737419E+01   1.7593804E+06  -2.7596933E+02   0.0000000E+00   0.0000000E+00   0.0000000E+00
     3.5100000E+02   9.4730942E+01   3.0941049E-02   9.4732941E+01   1.4485778E+06  -2.0836916E+02   0.0000000E+00   0.0000000E+00   0.0000000E+00
     3.5200000E+02   9.4730431E+01   3.0436389E-02   9.4732132E+01   1.4094296E+06  -1.7653383E+02   0.0000000E+00   0.0000000E+00   0.0000000E+00
     3.5300000E+02   9.4729782E+01   2.9785169E-02   9.4731323E+01   1.3595245E+06  -1.6014830E+02   0.0000000E+00   0.0000000E+00   0.0000000E+00
     3.5400000E+02   9.4726799E+01   2.6798690E-02   9.4728287E+01   1.1400134E+06  -1.5559138E+02   0.0000000E+00   0.0000000E+00   0.0000000E+00
     3.5500000E+02   9.4725914E+01   2.5914719E-02   9.4727234E+01   1.0780298E+06  -1.3761824E+02   0.0000000E+00   0.0000000E+00   0.0000000E+00
     3.5600000E+02   9.4725159E+01   2.5163157E-02   9.4726402E+01   1.0264234E+06  -1.2958681E+02   0.0000000E+00   0.0000000E+00   0.0000000E+00
     3.5700000E+02   9.4725060E+01   2.5064237E-02   9.4726234E+01   1.0197061E+06  -1.2191560E+02   0.0000000E+00   0.0000000E+00   0.0000000E+00
     3.5800000E+02   9.4728935E+01   2.8938254E-02   9.4729919E+01   1.2957085E+06  -1.0274345E+02   0.0000000E+00   0.0000000E+00   0.0000000E+00
     3.5900000E+02   9.4730309E+01   3.0313529E-02   9.4731354E+01   1.3999594E+06  -1.0873191E+02   0.0000000E+00   0.0000000E+00   0.0000000E+00
     3.6000000E+02   9.4731064E+01   3.1068541E-02   9.4732109E+01   1.4585491E+06  -1.0863777E+02   0.0000000E+00   0.0000000E+00   0.0000000E+00
     3.6100000E+02   9.4727516E+01   2.7517537E-02   9.4728691E+01   1.1914315E+06  -1.2244890E+02   0.0000000E+00   0.0000000E+00   0.0000000E+00
     3.6200000E+02   9.4725639E+01   2.5644617E-02   9.4726730E+01   1.0593651E+06  -1.1347072E+02   0.0000000E+00   0.0000000E+00   0.0000000E+00
     3.6300000E+02   9.4725487E+01   2.5491346E-02   9.4726479E+01   1.0488400E+06  -1.0327354E+02   0.0000000E+00   0.0000000E+00   0.0000000E+00
     3.6400000E+02   9.4726051E+01   2.6052874E-02   9.4726974E+01   1.0876291E+06  -9.6657356E+01   0.0000000E+00   0.0000000E+00   0.0000000E+00
     3.6500000E+02   9.4730133E+01   3.0134965E-02   9.4730896E+01   1.3862450E+06  -7.9193100E+01   0.0000000E+00   0.0000000E+00   0.0000000E+00
     3.6600000E+02   9.4731041E+01   3.1047411E-02   9.4731880E+01   1.4569032E+06  -8.7022377E+01   0.0000000E+00   0.0000000E+00   0.0000000E+00
     3.6700000E+02   9.4729225E+01   2.9227426E-02   9.4730125E+01   1.3173638E+06  -9.4122971E+01   0.0000000E+00   0.0000000E+00   0.0000000E+00
     3.6800000E+02   9.4728531E+01   2.8531102E-02   9.4729355E+01   1.2654715E+06  -8.6410942E+01   0.0000000E+00   0.0000000E+00   0.0000000E+00
     3.6900000E+02   9.4728119E+01   2.8118560E-02   9.4728897E+01   1.2351215E+06  -8.1452484E+01   0.0000000E+00   0.0000000E+00   0.0000000E+00
     3.7000000E+02   9.4727646E+01   2.7650977E-02   9.4728394E+01   1.2010805E+06  -7.7961563E+01   0.0000000E+00   0.0000000E+00   0.0000000E+00
     3.7100000E+02   9.4728546E+01   2.8549880E-02   9.4729210E+01   1.2667524E+06  -6.9237587E+01   0.0000000E+00   0.0000000E+00   0.0000000E+00
     3.7200000E+02   9.4728531E+01   2.8537659E-02   9.4729195E+01   1.2659570E+06  -6.8975685E+01   0.0000000E+00   0.0000000E+00   0.0000000E+00
     3.7300000E+02   9.4728661E+01   2.8667105E-02   9.4729294E+01   1.2755420E+06  -6.5208549E+01   0.0000000E+00   0.0000000E+00   0.0000000E+00
     3.7400000E+02   9.4728813E+01   2.8818816E-02   9.4729408E+01   1.2867466E+06  -6.1973732E+01   0.0000000E+00   0.0000000E+00   0.0000000E+00
     3.7500000E+02   9.4729111E+01   2.9116053E-02   9.4729675E+01   1.3090092E+06  -5.8319336E+01   0.0000000E+00   0.0000000E+00   0.0000000E+00
     3.7600000E+02   9.4730171E+01   3.0174160E-02   9.4730675E+01   1.3892434E+06  -5.2495609E+01   0.0000000E+00   0.0000000E+00   0.0000000E+00
     3.7700000E+02   9.4731598E+01   3.1597927E-02   9.4732445E+01   1.5002124E+06  -8.8342743E+01   0.0000000E+00   0.0000000E+00   0.0000000E+00
     3.7800000E+02   9.5372429E+01   6.7242831E-01   9.5353340E+01   2.4517035E+08   1.9871040E+03   0.0000000E+00   0.0000000E+00   0.0000000E+00
     3.7900000E+02   9.4834358E+01   1.3435753E-01   9.4860428E+01   1.6742802E+07  -2.7146165E+03   0.0000000E+00   0.0000000E+00   0.0000000E+00
     3.8000000E+02   9.4770760E+01   7.0766211E-02   9.4781540E+01   5.7513205E+06  -1.1225626E+03   0.0000000E+00   0.0000000E+00   0.0000000E+00
     3.8100000E+02   9.4750938E+01   5.0941091E-02   9.4759232E+01   3.3253555E+06  -8.6373993E+02   0.0000000E+00   0.0000000E+00   0.0000000E+00
     3.8200000E+02   9.4740982E+01   4.0984910E-02   9.4748192E+01   2.3143600E+06  -7.5066144E+02   0.0000000E+00   0.0000000E+00   0.0000000E+00
     3.8300000E+02   9.4735786E+01   3.5793267E-02   9.4742142E+01   1.8466869E+06  -6.6165826E+02   0.0000000E+00   0.0000000E+00   0.0000000E+00
     3.8400000E+02   9.4849358E+01   1.4936179E-01   9.4852837E+01   1.9973624E+07  -3.6220044E+02   0.0000000E+00   0.0000000E+00   0.0000000E+00
     3.8500000E+02   9.4764488E+01   6.4488962E-02   9.4776451E+01   4.9264480E+06  -1.2459835E+03   0.0000000E+00   0.0000000E+00   0.0000000E+00
     3.8600000E+02   9.4742569E+01   4.2570043E-02   9.4753189E+01   2.4654600E+06  -1.1056780E+03   0.0000000E+00   0.0000000E+00   0.0000000E+00
     3.8700000E+02   9.4736099E+01   3.6100622E-02   9.4746170E+01   1.8731912E+06  -1.0487428E+03   0.0000000E+00   0.0000000E+00   0.0000000E+00
     3.8800000E+02   9.4734924E+01   3.4930162E-02   9.4744560E+01   1.7730734E+06  -1.0027213E+03   0.0000000E+00   0.0000000E+00   0.0000000E+00
     3.8900000E+02   9.4733528E+01   3.3528581E-02   9.4742729E+01   1.6560879E+06  -9.5812372E+02   0.0000000E+00   0.0000000E+00   0.0000000E+00
     3.9000000E+02   9.4732956E+01   3.2957703E-02   9.4741585E+01   1.6093606E+06  -8.9836700E+02   0.0000000E+00   0.0000000E+00   0.0000000E+00
     3.9100000E+02   9.4731972E+01   3.1974781E-02   9.4740021E+01   1.5301600E+06  -8.3820380E+02   0.0000000E+00   0.0000000E+00   0.0000000E+00
     3.9200000E+02   9.4730247E+01   3.0248841E-02   9.4737717E+01   1.3949935E+06  -7.7829834E+02   0.0000000E+00   0.0000000E+00   0.0000000E+00
     3.9300000E+02   9.4730354E+01   3.0358234E-02   9.4737167E+01   1.4034120E+06  -7.0930103E+02   0.0000000E+00   0.0000000E+00   0.0000000E+00
     3.9400000E+02   9.4730804E+01   3.0808216E-02   9.4737022E+01   1.4382532E+06  -6.4766510E+02   0.0000000E+00   0.0000000E+00   0.0000000E+00
     3.9500000E+02   9.4730148E+01   3.0147947E-02   9.4735855E+01   1.3872475E+06  -5.9450922E+02   0.0000000E+00   0.0000000E+00   0.0000000E+00
     3.9600000E+02   9.4729752E+01   2.9752562E-02   9.4734932E+01   1.3570574E+06  -5.3946722E+02   0.0000000E+00   0.0000000E+00   0.0000000E+00
     3.9700000E+02   9.4728905E+01   2.8906606E-02   9.4733612E+01   1.2933601E+06  -4.9062250E+02   0.0000000E+00   0.0000000E+00   0.0000000E+00
     3.9800000E+02   9.4728271E+01   2.8276796E-02   9.4732529E+01   1.2467365E+06  -4.4319058E+02   0.0000000E+00   0.0000000E+00   0.0000000E+00
     3.9900000E+02   9.4724884E+01   2.4889665E-02   9.4728836E+01   1.0079121E+06  -4.1115579E+02   0.0000000E+00   0.0000000E+00   0.0000000E+00
     4.0000000E+02   9.4725494E+01   2.5493916E-02   9.4728928E+01   1.0490236E+06  -3.5746692E+02   0.0000000E+00   0.0000000E+00   0.0000000E+00
     4.0100000E+02   9.4726601E+01   2.6602907E-02   9.4729675E+01   1.1261495E+06  -3.2015533E+02   0.0000000E+00   0.0000000E+00   0.0000000E+00
     4.0200000E+02   9.4727104E+01   2.7106306E-02   9.4729897E+01   1.1618932E+06  -2.9124466E+02   0.0000000E+00   0.0000000E+00   0.0000000E+00
     4.0300000E+02   9.4726768E+01   2.6774310E-02   9.4729332E+01   1.1382741E+06  -2.6676151E+02   0.0000000E+00   0.0000000E+00   0.0000000E+00
     4.0400000E+02   9.4726685E+01   2.6685391E-02   9.4728996E+01   1.1319826E+06  -2.4121198E+02   0.0000000E+00   0.0000000E+00   0.0000000E+00
     4.0500000E+02   9.4725937E+01   2.5937095E-02   9.4728065E+01   1.0795754E+06  -2.2174300E+02   0.0000000E+00   0.0000000E+00   0.0000000E+00
     4.0600000E+02   9.4727364E+01   2.7363760E-02   9.4729225E+01   1.1803529E+06  -1.9391859E+02   0.0000000E+00   0.0000000E+00   0.0000000E+00
     4.0700000E+02   9.4727539E+01   2.7543722E-02   9.4729279E+01   1.1933200E+06  -1.8107814E+02   0.0000000E+00   0.0000000E+00   0.0000000E+00
     4.0800000E+02   9.4728058E+01   2.8062427E-02   9.4729637E+01   1.2310108E+06  -1.6452061E+02   0.0000000E+00   0.0000000E+00   0.0000000E+00
     4.0900000E+02   9.4727913E+01   2.7916333E-02   9.4729439E+01   1.2203465E+06  -1.5895050E+02   0.0000000E+00   0.0000000E+00   0.0000000E+00
     4.1000000E+02   9.4729004E+01   2.9004488E-02   9.4730515E+01   1.3006554E+06  -1.5744373E+02   0.0000000E+00   0.0000000E+00   0.0000000E+00
     4.1100000E+02   9.4728073E+01   2.8076658E-02   9.4729630E+01   1.2320522E+06  -1.6203783E+02   0.0000000E+00   0.0000000E+00   0.0000000E+00
     4.1200000E+02   9.4727654E+01   2.7659981E-02   9.4729141E+01   1.2017285E+06  -1.5454886E+02   0.0000000E+00   0.0000000E+00   0.0000000E+00
     4.1300000E+02   9.4728180E+01   2.8183186E-02   9.4729561E+01   1.2398541E+06  -1.4373225E+02   0.0000000E+00   0.0000000E+00   0.0000000E+00
     4.1400000E+02   9.4728683E+01   2.8687976E-02   9.4729988E+01   1.2770869E+06  -1.3602039E+02   0.0000000E+00   0.0000000E+00   0.0000000E+00
     4.1500000E+02   9.4727776E+01   2.7775597E-02   9.4729057E+01   1.2101134E+06  -1.3385573E+02   0.0000000E+00   0.0000000E+00   0.0000000E+00
     4.1600000E+02   9.4762291E+01   6.2291585E-02   9.4762321E+01   4.6498520E+06  -3.3759999E+00   0.0000000E+00   0.0000000E+00   0.0000000E+00
     4.1700000E+02   9.4739998E+01   4.0000830E-02   9.4742081E+01   2.2224715E+06  -2.1725475E+02   0.0000000E+00   0.0000000E+00   0.0000000E+00
     4.1800000E+02   9.4729851E+01   2.9852035E-02   9.4731529E+01   1.3646141E+06  -1.7526154E+02   0.0000000E+00   0.0000000E+00   0.0000000E+00
     4.1900000E+02   9.4727921E+01   2.7924245E-02   9.4729240E+01   1.2209260E+06  -1.3751378E+02   0.0000000E+00   0.0000000E+00   0.0000000E+00
     4.2000000E+02   9.4726364E+01   2.6364611E-02   9.4727608E+01   1.1094024E+06  -1.2956674E+02   0.0000000E+00   0.0000000E+00   0.0000000E+00
     4.2100000E+02   9.4726364E+01   2.6366269E-02   9.4727493E+01   1.1095192E+06  -1.1794978E+02   0.0000000E+00   0.0000000E+00   0.0000000E+00
     4.2200000E+02   9.4725769E+01   2.5768438E-02   9.4726913E+01   1.0679078E+06  -1.1916853E+02   0.0000000E+00   0.0000000E+00   0.0000000E+00
     4.2300000E+02   9.4731987E+01   3.1992454E-02   9.4733131E+01   1.5315600E+06  -1.1887589E+02   0.0000000E+00   0.0000000E+00   0.0000000E+00
     4.2400000E+02   9.4733162E+01   3.3167202E-02   9.4734573E+01   1.6264312E+06  -1.4668073E+02   0.0000000E+00   0.0000000E+00   0.0000000E+00
     4.2500000E+02   9.4726875E+01   2.6876535E-02   9.4728577E+01   1.1455350E+06  -1.7745529E+02   0.0000000E+00   0.0000000E+00   0.0000000E+00
     4.2600000E+02   9.4726234E+01   2.6238875E-02   9.4727715E+01   1.1005968E+06  -1.5378265E+02   0.0000000E+00   0.0000000E+00   0.0000000E+00
     4.2700000E+02   9.4725693E+01   2.5697893E-02   9.4727112E+01   1.0630378E+06  -1.4747546E+02   0.0000000E+00   0.0000000E+00   0.0000000E+00
     4.2800000E+02   9.4726021E+01   2.6026530E-02   9.4727348E+01   1.0857929E+06  -1.3801782E+02   0.0000000E+00   0.0000000E+00   0.0000000E+00
     4.2900000E+02   9.4725594E+01   2.5593553E-02   9.4726883E+01   1.0558546E+06  -1.3465158E+02   0.0000000E+00   0.0000000E+00   0.0000000E+00
     4.3000000E+02   9.4725418E+01   2.5421357E-02   9.4726646E+01   1.0440416E+06  -1.2783489E+02   0.0000000E+00   0.0000000E+00   0.0000000E+00
     4.3100000E+02   9.4725906E+01   2.5908012E-02   9.4727058E+01   1.0775656E+06  -1.1973007E+02   0.0000000E+00   0.0000000E+00   0.0000000E+00
     4.3200000E+02   9.4800682E+01   1.0068223E-01   9.4802505E+01   1.0350925E+07  -1.9052794E+02   0.0000000E+00   0.0000000E+00   0.0000000E+00
     4.3300000E+02   9.4814568E+01   1.1456738E-01   9.4820808E+01   1.2837862E+07  -6.4980023E+02   0.0000000E+00   0.0000000E+00   0.0000000E+00
     4.3400000E+02   9.4737587E+01   3.7590370E-02   9.4748039E+01   2.0037888E+06  -1.0886295E+03   0.0000000E+00   0.0000000E+00   0.0000000E+00
     4.3500000E+02   9.4729973E+01   2.9977832E-02   9.4737885E+01   1.3742255E+06  -8.2324707E+02   0.0000000E+00   0.0000000E+00   0.0000000E+00
     4.3600000E+02   9.4757233E+01   5.7233691E-02   9.4764809E+01   4.0377762E+06  -7.8909033E+02   0.0000000E+00   0.0000000E+00   0.0000000E+00
     4.3700000E+02   9.4796059E+01   9.6063107E-02   9.4804047E+01   9.5716160E+06  -8.3153918E+02   0.0000000E+00   0.0000000E+00   0.0000000E+00
     4.3800000E+02   9.4935425E+01   2.3542465E-01   9.4940254E+01   4.2639392E+07  -5.0303802E+02   0.0000000E+00   0.0000000E+00   0.0000000E+00
     4.3900000E+02   9.4874588E+01   1.7459166E-01   9.4887054E+01   2.5907778E+07  -1.2977023E+03   0.0000000E+00   0.0000000E+00   0.0000000E+00
     4.4000000E+02   9.4756981E+01   5.6987289E-02   9.4771988E+01   4.0088642E+06  -1.5623798E+03   0.0000000E+00   0.0000000E+00   0.0000000E+00
     4.4100000E+02   9.4742798E+01   4.2803127E-02   9.4754097E+01   2.4880005E+06  -1.1766848E+03   0.0000000E+00   0.0000000E+00   0.0000000E+00
     4.4200000E+02   9.4737610E+01   3.7612837E-02   9.4748428E+01   2.0057852E+06  -1.1266670E+03   0.0000000E+00   0.0000000E+00   0.0000000E+00
     4.4300000E+02   9.4733902E+01   3.3904240E-02   9.4744621E+01   1.6871265E+06  -1.1158857E+03   0.0000000E+00   0.0000000E+00   0.0000000E+00
     4.4400000E+02   9.4731537E+01   3.1537235E-02   9.4742157E+01   1.4954224E+06  -1.1059292E+03   0.0000000E+00   0.0000000E+00   0.0000000E+00
     4.4500000E+02   9.4729935E+01   2.9936587E-02   9.4740479E+01   1.3710748E+06  -1.0977601E+03   0.0000000E+00   0.0000000E+00   0.0000000E+00
     4.4600000E+02   9.4729546E+01   2.9546659E-02   9.4739990E+01   1.3414426E+06  -1.0881593E+03   0.0000000E+00   0.0000000E+00   0.0000000E+00
     4.4700000E+02   9.4735031E+01   3.5032913E-02   9.4745239E+01   1.7817646E+06  -1.0628016E+03   0.0000000E+00   0.0000000E+00   0.0000000E+00
     4.4800000E+02   9.4732788E+01   3.2792367E-02   9.4743248E+01   1.5959214E+06  -1.0890812E+03   0.0000000E+00   0.0000000E+00   0.0000000E+00
     4.4900000E+02   9.4729538E+01   2.9537385E-02   9.4739784E+01   1.3407390E+06  -1.0673877E+03   0.0000000E+00   0.0000000E+00   0.0000000E+00
     4.5000000E+02   9.4728088E+01   2.8092217E-02   9.4737793E+01   1.2332020E+06  -1.0105385E+03   0.0000000E+00   0.0000000E+00   0.0000000E+00
     4.5100000E+02   9.4727005E+01   2.7009010E-02   9.4736046E+01   1.1549779E+06  -9.4132349E+02   0.0000000E+00   0.0000000E+00   0.0000000E+00
     4.5200000E+02   9.4822182E+01   1.2218221E-01   9.4828110E+01   1.4291275E+07  -6.1736694E+02   0.0000000E+00   0.0000000E+00   0.0000000E+00
     4.5300000E+02   9.4774269E+01   7.4270897E-02   9.4785828E+01   6.2338335E+06  -1.2033077E+03   0.0000000E+00   0.0000000E+00   0.0000000E+00
     4.5400000E+02   9.4744583E+01   4.4587426E-02   9.4755920E+01   2.6632482E+06  -1.1805240E+03   0.0000000E+00   0.0000000E+00   0.0000000E+00
     4.5500000E+02   9.4742920E+01   4.2922366E-02   9.4753326E+01   2.4995575E+06  -1.0839939E+03   0.0000000E+00   0.0000000E+00   0.0000000E+00
     4.5600000E+02   9.4740044E+01   4.0042948E-02   9.4750496E+01   2.2263895E+06  -1.0891660E+03   0.0000000E+00   0.0000000E+00   0.0000000E+00
     4.5700000E+02   9.4734230E+01   3.4234937E-02   9.4744637E+01   1.7146414E+06  -1.0834343E+03   0.0000000E+00   0.0000000E+00   0.0000000E+00
     4.5800000E+02   9.4728767E+01   2.8771803E-02   9.4738731E+01   1.2833235E+06  -1.0377083E+03   0.0000000E+00   0.0000000E+00   0.0000000E+00
     4.5900000E+02   9.4727684E+01   2.7689409E-02   9.4736900E+01   1.2038721E+06  -9.5905457E+02   0.0000000E+00   0.0000000E+00   0.0000000E+00
     4.6000000E+02   9.4726936E+01   2.6942033E-02   9.4735474E+01   1.1502039E+06  -8.8904987E+02   0.0000000E+00   0.0000000E+00   0.0000000E+00
     4.6100000E+02   9.4733749E+01   3.3750989E-02   9.4741348E+01   1.6744422E+06  -7.9134485E+02   0.0000000E+00   0.0000000E+00   0.0000000E+00
     4.6200000E+02   9.4739677E+01   3.9678898E-02   9.4746666E+01   2.1927562E+06  -7.2784015E+02   0.0000000E+00   0.0000000E+00   0.0000000E+00
     4.6300000E+02   9.4739334E+01   3.9340451E-02   9.4745964E+01   2.1616775E+06  -6.8986584E+02   0.0000000E+00   0.0000000E+00   0.0000000E+00
     4.6400000E+02   9.4738823E+01   3.8822975E-02   9.4744896E+01   2.1144900E+06  -6.3290649E+02   0.0000000E+00   0.0000000E+00   0.0000000E+00
     4.6500000E+02   9.4731155E+01   3.1161504E-02   9.4737000E+01   1.4658459E+06  -6.0858618E+02   0.0000000E+00   0.0000000E+00   0.0000000E+00
     4.6600000E+02   9.4728592E+01   2.8596720E-02   9.4733780E+01   1.2703339E+06  -5.4040656E+02   0.0000000E+00   0.0000000E+00   0.0000000E+00
     4.6700000E+02   9.4727921E+01   2.7923379E-02   9.4732590E+01   1.2208760E+06  -4.8600668E+02   0.0000000E+00   0.0000000E+00   0.0000000E+00
     4.6800000E+02   9.4741692E+01   4.1693386E-02   9.4747795E+01   2.3814185E+06  -6.3554065E+02   0.0000000E+00   0.0000000E+00   0.0000000E+00
     4.6900000E+02   9.4825333E+01   1.2533556E-01   9.4830574E+01   1.4911307E+07  -5.4582263E+02   0.0000000E+00   0.0000000E+00   0.0000000E+00
     4.7000000E+02   9.4791527E+01   9.1527119E-02   9.4802071E+01   8.8302590E+06  -1.0978690E+03   0.0000000E+00   0.0000000E+00   0.0000000E+00
     4.7100000E+02   9.4747795E+01   4.7799353E-02   9.4759369E+01   2.9906170E+06  -1.2054214E+03   0.0000000E+00   0.0000000E+00   0.0000000E+00
     4.7200000E+02   9.4745598E+01   4.5599323E-02   9.4755516E+01   2.7647458E+06  -1.0326416E+03   0.0000000E+00   0.0000000E+00   0.0000000E+00
     4.7300000E+02   9.4741257E+01   4.1261658E-02   9.4750702E+01   2.3404732E+06  -9.8293542E+02   0.0000000E+00   0.0000000E+00   0.0000000E+00
     4.7400000E+02   9.4744629E+01   4.4633269E-02   9.4754135E+01   2.6678162E+06  -9.8935046E+02   0.0000000E+00   0.0000000E+00   0.0000000E+00
     4.7500000E+02   9.5070625E+01   3.7062681E-01   9.5068665E+01   9.0841992E+07   2.0408302E+02   0.0000000E+00   0.0000000E+00   0.0000000E+00
     4.7600000E+02   9.5211739E+01   5.1174164E-01   9.5216690E+01   1.5552806E+08  -5.1578345E+02   0.0000000E+00   0.0000000E+00   0.0000000E+00
     4.7700000E+02   9.5278236E+01   5.7823837E-01   9.5286446E+01   1.9064966E+08  -8.5490424E+02   0.0000000E+00   0.0000000E+00   0.0000000E+00
     4.7800000E+02   9.5146797E+01   4.4679934E-01   9.5162636E+01   1.2404486E+08  -1.6495793E+03   0.0000000E+00   0.0000000E+00   0.0000000E+00
     4.7900000E+02   9.5045654E+01   3.4565789E-01   9.5060707E+01   8.0872640E+07  -1.5675370E+03   0.0000000E+00   0.0000000E+00   0.0000000E+00
     4.8000000E+02   9.4896866E+01   1.9686693E-01   9.4913582E+01   3.1647964E+07  -1.7407690E+03   0.0000000E+00   0.0000000E+00   0.0000000E+00
     4.8100000E+02   9.4844070E+01   1.4407039E-01   9.4857185E+01   1.8808266E+07  -1.3656328E+03   0.0000000E+00   0.0000000E+00   0.0000000E+00
     4.8200000E+02   9.4860062E+01   1.6006315E-01   9.4870415E+01   2.2415232E+07  -1.0779388E+03   0.0000000E+00   0.0000000E+00   0.0000000E+00
     4.8300000E+02   9.4905205E+01   2.0520516E-01   9.4914360E+01   3.3913428E+07  -9.5384448E+02   0.0000000E+00   0.0000000E+00   0.0000000E+00
     4.8400000E+02   9.4817650E+01   1.1765198E-01   9.4831673E+01   1.3419099E+07  -1.4602230E+03   0.0000000E+00   0.0000000E+00   0.0000000E+00
     4.8500000E+02   9.4796761E+01   9.6765779E-02   9.4808449E+01   9.6885870E+06  -1.2171401E+03   0.0000000E+00   0.0000000E+00   0.0000000E+00
     4.8600000E+02   9.4858673E+01   1.5867735E-01   9.4867218E+01   2.2092732E+07  -8.8934894E+02   0.0000000E+00   0.0000000E+00   0.0000000E+00
     4.8700000E+02   9.4807739E+01   1.0774463E-01   9.4820343E+01   1.1589121E+07  -1.3119824E+03   0.0000000E+00   0.0000000E+00   0.0000000E+00
     4.8800000E+02   9.4796227E+01   9.6232928E-02   9.4807495E+01   9.5998560E+06  -1.1728358E+03   0.0000000E+00   0.0000000E+00   0.0000000E+00
     4.8900000E+02   9.4786331E+01   8.6333759E-02   9.4797462E+01   8.0111075E+06  -1.1593279E+03   0.0000000E+00   0.0000000E+00   0.0000000E+00
     4.9000000E+02   9.4794067E+01   9.4074234E-02   9.4804535E+01   9.2436160E+06  -1.0894431E+03   0.0000000E+00   0.0000000E+00   0.0000000E+00
     4.9100000E+02   9.4791245E+01   9.1250278E-02   9.4802071E+01   8.7858140E+06  -1.1271744E+03   0.0000000E+00   0.0000000E+00   0.0000000E+00
     4.9200000E+02   9.4902245E+01   2.0224383E-01   9.4908913E+01   3.3101692E+07  -6.9461633E+02   0.0000000E+00   0.0000000E+00   0.0000000E+00
     4.9300000E+02   9.4891670E+01   1.9167574E-01   9.4902809E+01   3.0269352E+07  -1.1596859E+03   0.0000000E+00   0.0000000E+00   0.0000000E+00
     4.9400000E+02   9.4843864E+01   1.4386635E-01   9.4856552E+01   1.8763894E+07  -1.3212341E+03   0.0000000E+00   0.0000000E+00   0.0000000E+00
     4.9500000E+02   9.4809288E+01   1.0929076E-01   9.4821533E+01   1.1867666E+07  -1.2748092E+03   0.0000000E+00   0.0000000E+00   0.0000000E+00
     4.9600000E+02   9.4839638E+01   1.3963875E-01   9.4849472E+01   1.7853958E+07  -1.0244005E+03   0.0000000E+00   0.0000000E+00   0.0000000E+00
     4.9700000E+02   9.4830315E+01   1.3031583E-01   9.4841545E+01   1.5911811E+07  -1.1692786E+03   0.0000000E+00   0.0000000E+00   0.0000000E+00
     4.9800000E+02   9.4801880E+01   1.0188382E-01   9.4813873E+01   1.0557647E+07  -1.2484545E+03   0.0000000E+00   0.0000000E+00   0.0000000E+00
     4.9900000E+02   9.4795349E+01   9.5354669E-02   9.4806541E+01   9.4542460E+06  -1.1649984E+03   0.0000000E+00   0.0000000E+00   0.0000000E+00
     5.0000000E+02   9.4790573E+01   9.0576224E-02   9.4801643E+01   8.6779000E+06  -1.1523545E+03   0.0000000E+00   0.0000000E+00   0.0000000E+00
     5.0100000E+02   9.4788048E+01   8.8054493E-02   9.4799004E+01   8.2789855E+06  -1.1402316E+03   0.0000000E+00   0.0000000E+00   0.0000000E+00
     5.0200000E+02   9.4783577E+01   8.3579049E-02   9.4794579E+01   7.5896230E+06  -1.1453583E+03   0.0000000E+00   0.0000000E+00   0.0000000E+00
     5.0300000E+02   9.4779404E+01   7.9403847E-02   9.4790367E+01   6.9683175E+06  -1.1416434E+03   0.0000000E+00   0.0000000E+00   0.0000000E+00
     5.0400000E+02   9.4774254E+01   7.4254803E-02   9.4785210E+01   6.2316070E+06  -1.1408383E+03   0.0000000E+00   0.0000000E+00   0.0000000E+00
     5.0500000E+02   9.4767159E+01   6.7158438E-02   9.4778130E+01   5.2709855E+06  -1.1426216E+03   0.0000000E+00   0.0000000E+00   0.0000000E+00
     5.0600000E+02   9.4762581E+01   6.2584616E-02   9.4773407E+01   4.6863560E+06  -1.1275311E+03   0.0000000E+00   0.0000000E+00   0.0000000E+00
     5.0700000E+02   9.4759460E+01   5.9463952E-02   9.4770172E+01   4.3034260E+06  -1.1149587E+03   0.0000000E+00   0.0000000E+00   0.0000000E+00
     5.0800000E+02   9.4756889E+01   5.6892317E-02   9.4767189E+01   3.9977350E+06  -1.0724098E+03   0.0000000E+00   0.0000000E+00   0.0000000E+00
     5.0900000E+02   9.4852638E+01   1.5264077E-01   9.4859398E+01   2.0709760E+07  -7.0409369E+02   0.0000000E+00   0.0000000E+00   0.0000000E+00
     5.1000000E+02   9.4786026E+01   8.6030722E-02   9.4798805E+01   7.9642940E+06  -1.3305751E+03   0.0000000E+00   0.0000000E+00   0.0000000E+00
     5.1100000E+02   9.5007545E+01   3.0754542E-01   9.5010010E+01   6.6564052E+07  -2.5669800E+02   0.0000000E+00   0.0000000E+00   0.0000000E+00
     5.1200000E+02   9.4909660E+01   2.0966280E-01   9.4923706E+01   3.5150128E+07  -1.4625542E+03   0.0000000E+00   0.0000000E+00   0.0000000E+00
     5.1300000E+02   9.4837532E+01   1.3753444E-01   9.4851082E+01   1.7407778E+07  -1.4110282E+03   0.0000000E+00   0.0000000E+00   0.0000000E+00
     5.1400000E+02   9.5033104E+01   3.3310428E-01   9.5036728E+01   7.6036992E+07  -3.7760028E+02   0.0000000E+00   0.0000000E+00   0.0000000E+00
     5.1500000E+02   9.4940163E+01   2.4016473E-01   9.4954193E+01   4.4079820E+07  -1.4613605E+03   0.0000000E+00   0.0000000E+00   0.0000000E+00
     5.1600000E+02   9.4959030E+01   2.5903568E-01   9.4969330E+01   5.0002352E+07  -1.0719838E+03   0.0000000E+00   0.0000000E+00   0.0000000E+00
     5.1700000E+02   9.4949402E+01   2.4940568E-01   9.4960617E+01   4.6942720E+07  -1.1679170E+03   0.0000000E+00   0.0000000E+00   0.0000000E+00
     5.1800000E+02   9.5127609E+01   4.2761034E-01   9.5132080E+01   1.1529348E+08  -4.6550684E+02   0.0000000E+00   0.0000000E+00   0.0000000E+00
     5.1900000E+02   9.5209358E+01   5.0935769E-01   9.5217232E+01   1.5432238E+08  -8.2022510E+02   0.0000000E+00   0.0000000E+00   0.0000000E+00
     5.2000000E+02   9.4989365E+01   2.8936732E-01   9.5008560E+01   6.0136772E+07  -1.9990729E+03   0.0000000E+00   0.0000000E+00   0.0000000E+00
     5.2100000E+02   9.4870544E+01   1.7054859E-01   9.4886322E+01   2.4915608E+07  -1.6427019E+03   0.0000000E+00   0.0000000E+00   0.0000000E+00
     5.2200000E+02   9.4831581E+01   1.3158041E-01   9.4844162E+01   1.6169996E+07  -1.3103394E+03   0.0000000E+00   0.0000000E+00   0.0000000E+00
     5.2300000E+02   9.4810371E+01   1.1037803E-01   9.4822113E+01   1.2065012E+07  -1.2220378E+03   0.0000000E+00   0.0000000E+00   0.0000000E+00
     5.2400000E+02   9.4813263E+01   1.1326292E-01   9.4824028E+01   1.2595165E+07  -1.1215106E+03   0.0000000E+00   0.0000000E+00   0.0000000E+00
     5.2500000E+02   9.4831825E+01   1.3182516E-01   9.4841972E+01   1.6220184E+07  -1.0566094E+03   0.0000000E+00   0.0000000E+00   0.0000000E+00
     5.2600000E+02   9.4802422E+01   1.0242259E-01   9.4814316E+01   1.0650847E+07  -1.2391320E+03   0.0000000E+00   0.0000000E+00   0.0000000E+00
     5.2700000E+02   9.4790512E+01   9.0512857E-02   9.4801811E+01   8.6677860E+06  -1.1768937E+03   0.0000000E+00   0.0000000E+00   0.0000000E+00
     5.2800000E+02   9.4963890E+01   2.6389441E-01   9.4968361E+01   5.1575268E+07  -4.6557736E+02   0.0000000E+00   0.0000000E+00   0.0000000E+00
     5.2900000E+02   9.4826385E+01   1.2639096E-01   9.4842155E+01   1.5121113E+07  -1.6414790E+03   0.0000000E+00   0.0000000E+00   0.0000000E+00
     5.3000000E+02   9.4798203E+01   9.8204412E-02   9.4810280E+01   9.9298370E+06  -1.2576990E+03   0.0000000E+00   0.0000000E+00   0.0000000E+00
     5.3100000E+02   9.4789536E+01   8.9541666E-02   9.4800705E+01   8.5133140E+06  -1.1628177E+03   0.0000000E+00   0.0000000E+00   0.0000000E+00
     5.3200000E+02   9.4782837E+01   8.2841985E-02   9.4793861E+01   7.4783695E+06  -1.1476827E+03   0.0000000E+00   0.0000000E+00   0.0000000E+00
     5.3300000E+02   9.4778336E+01   7.8338839E-02   9.4789230E+01   6.8132560E+06  -1.1342816E+03   0.0000000E+00   0.0000000E+00   0.0000000E+00
     5.3400000E+02   9.4774269E+01   7.4270725E-02   9.4785088E+01   6.2337880E+06  -1.1268319E+03   0.0000000E+00   0.0000000E+00   0.0000000E+00
     5.3500000E+02   9.4766495E+01   6.6501103E-02   9.4777397E+01   5.1852580E+06  -1.1350559E+03   0.0000000E+00   0.0000000E+00   0.0000000E+00
     5.3600000E+02   9.4762192E+01   6.2195249E-02   9.4772903E+01   4.6378825E+06  -1.1157035E+03   0.0000000E+00   0.0000000E+00   0.0000000E+00
     5.3700000E+02   9.4759628E+01   5.9631091E-02   9.4770020E+01   4.3235795E+06  -1.0821754E+03   0.0000000E+00   0.0000000E+00   0.0000000E+00
     5.3800000E+02   9.4761230E+01   6.1234828E-02   9.4771095E+01   4.5191315E+06  -1.0270437E+03   0.0000000E+00   0.0000000E+00   0.0000000E+00
     5.3900000E+02   9.4761665E+01   6.1671786E-02   9.4771088E+01   4.5729975E+06  -9.8048749E+02   0.0000000E+00   0.0000000E+00   0.0000000E+00
     5.4000000E+02   9.4757790E+01   5.7793099E-02   9.4767036E+01   4.1037640E+06  -9.6272552E+02   0.0000000E+00   0.0000000E+00   0.0000000E+00
     5.4100000E+02   9.4763199E+01   6.3200422E-02   9.4771515E+01   4.7634655E+06  -8.6620886E+02   0.0000000E+00   0.0000000E+00   0.0000000E+00
     5.4200000E+02   9.4756447E+01   5.6451518E-02   9.4764511E+01   3.9462325E+06  -8.3927063E+02   0.0000000E+00   0.0000000E+00   0.0000000E+00
     5.4300000E+02   9.4750961E+01   5.0967939E-02   9.4758255E+01   3.3283358E+06  -7.5936426E+02   0.0000000E+00   0.0000000E+00   0.0000000E+00
     5.4400000E+02   9.4749352E+01   4.9354345E-02   9.4755775E+01   3.1545332E+06  -6.6931891E+02   0.0000000E+00   0.0000000E+00   0.0000000E+00
     5.4500000E+02   9.4769005E+01   6.9004185E-02   9.4775719E+01   5.5146570E+06  -6.9910248E+02   0.0000000E+00   0.0000000E+00   0.0000000E+00
     5.4600000E+02   9.4838310E+01   1.3831596E-01   9.4844505E+01   1.7572940E+07  -6.4480609E+02   0.0000000E+00   0.0000000E+00   0.0000000E+00
     5.4700000E+02   9.4814766E+01   1.1476737E-01   9.4825233E+01   1.2875203E+07  -1.0897874E+03   0.0000000E+00   0.0000000E+00   0.0000000E+00
     5.4800000E+02   9.4783104E+01   8.3106592E-02   9.4794472E+01   7.5182495E+06  -1.1837856E+03   0.0000000E+00   0.0000000E+00   0.0000000E+00
     5.4900000E+02   9.4798996E+01   9.8995492E-02   9.4808876E+01   1.0063538E+07  -1.0292362E+03   0.0000000E+00   0.0000000E+00   0.0000000E+00
     5.5000000E+02   9.4776764E+01   7.6769926E-02   9.4788124E+01   6.5873255E+06  -1.1823250E+03   0.0000000E+00   0.0000000E+00   0.0000000E+00
     5.5100000E+02   9.5010323E+01   3.1032911E-01   9.5012421E+01   6.7571232E+07  -2.1846561E+02   0.0000000E+00   0.0000000E+00   0.0000000E+00
     5.5200000E+02   9.4857155E+01   1.5715706E-01   9.4873383E+01   2.1741104E+07  -1.6901844E+03   0.0000000E+00   0.0000000E+00   0.0000000E+00
     5.5300000E+02   9.4792946E+01   9.2946589E-02   9.4806412E+01   9.0596900E+06  -1.4025504E+03   0.0000000E+00   0.0000000E+00   0.0000000E+00
     5.5400000E+02   9.4776321E+01   7.6323658E-02   9.4787857E+01   6.5236875E+06  -1.2012716E+03   0.0000000E+00   0.0000000E+00   0.0000000E+00
     5.5500000E+02   9.4768219E+01   6.8219803E-02   9.4779297E+01   5.4105610E+06  -1.1537299E+03   0.0000000E+00   0.0000000E+00   0.0000000E+00
     5.5600000E+02   9.4763474E+01   6.3475482E-02   9.4774345E+01   4.7980685E+06  -1.1324164E+03   0.0000000E+00   0.0000000E+00   0.0000000E+00
     5.5700000E+02   9.4759895E+01   5.9896722E-02   9.4770660E+01   4.3557495E+06  -1.1214199E+03   0.0000000E+00   0.0000000E+00   0.0000000E+00
     5.5800000E+02   9.4992851E+01   2.9285067E-01   9.4994911E+01   6.1348352E+07  -2.1485143E+02   0.0000000E+00   0.0000000E+00   0.0000000E+00
     5.5900000E+02   9.4990143E+01   2.9014853E-01   9.5000755E+01   6.0407668E+07  -1.1045798E+03   0.0000000E+00   0.0000000E+00   0.0000000E+00
     5.6000000E+02   9.4842865E+01   1.4286755E-01   9.4859215E+01   1.8547308E+07  -1.7029094E+03   0.0000000E+00   0.0000000E+00   0.0000000E+00
     5.6100000E+02   9.4818787E+01   1.1878649E-01   9.4830772E+01   1.3635431E+07  -1.2482006E+03   0.0000000E+00   0.0000000E+00   0.0000000E+00
     5.6200000E+02   9.4811287E+01   1.1129161E-01   9.4822479E+01   1.2231941E+07  -1.1652059E+03   0.0000000E+00   0.0000000E+00   0.0000000E+00
     5.6300000E+02   9.4807678E+01   1.0768390E-01   9.4818680E+01   1.1578228E+07  -1.1452543E+03   0.0000000E+00   0.0000000E+00   0.0000000E+00
     5.6400000E+02   9.4804565E+01   1.0456633E-01   9.4815506E+01   1.1024928E+07  -1.1398302E+03   0.0000000E+00   0.0000000E+00   0.0000000E+00
     5.6500000E+02   9.4801369E+01   1.0137375E-01   9.4812279E+01   1.0469673E+07  -1.1360140E+03   0.0000000E+00   0.0000000E+00   0.0000000E+00
     5.6600000E+02   9.4826035E+01   1.2603875E-01   9.4835915E+01   1.5050991E+07  -1.0286033E+03   0.0000000E+00   0.0000000E+00   0.0000000E+00
     5.6700000E+02   9.4874352E+01   1.7435247E-01   9.4883331E+01   2.5848598E+07  -9.3509973E+02   0.0000000E+00   0.0000000E+00   0.0000000E+00
     5.6800000E+02   9.4838806E+01   1.3880908E-01   9.4850891E+01   1.7677530E+07  -1.2585300E+03   0.0000000E+00   0.0000000E+00   0.0000000E+00
     5.6900000E+02   9.4816261E+01   1.1626220E-01   9.4827980E+01   1.3155931E+07  -1.2207935E+03   0.0000000E+00   0.0000000E+00   0.0000000E+00
     5.7000000E+02   9.4792610E+01   9.2613563E-02   9.4804344E+01   9.0056340E+06  -1.2216951E+03   0.0000000E+00   0.0000000E+00   0.0000000E+00
     5.7100000E+02   9.4781754E+01   8.1755601E-02   9.4792969E+01   7.3155750E+06  -1.1681790E+03   0.0000000E+00   0.0000000E+00   0.0000000E+00
     5.7200000E+02   9.4777504E+01   7.7507265E-02   9.4788406E+01   6.6931680E+06  -1.1354569E+03   0.0000000E+00   0.0000000E+00   0.0000000E+00
     5.7300000E+02   9.4774940E+01   7.4945331E-02   9.4785721E+01   6.3284775E+06  -1.1220549E+03   0.0000000E+00   0.0000000E+00   0.0000000E+00
     5.7400000E+02   9.4798798E+01   9.8803446E-02   9.4808586E+01   1.0030982E+07  -1.0190451E+03   0.0000000E+00   0.0000000E+00   0.0000000E+00
     5.7500000E+02   9.4797554E+01   9.7555511E-02   9.4808258E+01   9.8207360E+06  -1.1149871E+03   0.0000000E+00   0.0000000E+00   0.0000000E+00
     5.7600000E+02   9.4773079E+01   7.3081650E-02   9.4784676E+01   6.0684135E+06  -1.2075692E+03   0.0000000E+00   0.0000000E+00   0.0000000E+00
     5.7700000E+02   9.4765160E+01   6.5165296E-02   9.4776131E+01   5.0129285E+06  -1.1423226E+03   0.0000000E+00   0.0000000E+00   0.0000000E+00
     5.7800000E+02   9.4759651E+01   5.9650768E-02   9.4770439E+01   4.3260115E+06  -1.1239485E+03   0.0000000E+00   0.0000000E+00   0.0000000E+00
     5.7900000E+02   9.4755951E+01   5.5955254E-02   9.4766426E+01   3.8886372E+06  -1.0902521E+03   0.0000000E+00   0.0000000E+00   0.0000000E+00
     5.8000000E+02   9.4753609E+01   5.3610798E-02   9.4763542E+01   3.6208562E+06  -1.0342640E+03   0.0000000E+00   0.0000000E+00   0.0000000E+00
     5.8100000E+02   9.4752029E+01   5.2029196E-02   9.4761284E+01   3.4445960E+06  -9.6363715E+02   0.0000000E+00   0.0000000E+00   0.0000000E+00
     5.8200000E+02   9.4751160E+01   5.1161658E-02   9.4759659E+01   3.3493728E+06  -8.8550848E+02   0.0000000E+00   0.0000000E+00   0.0000000E+00
     5.8300000E+02   9.4750397E+01   5.0399069E-02   9.4758163E+01   3.2666535E+06  -8.0875421E+02   0.0000000E+00   0.0000000E+00   0.0000000E+00
     5.8400000E+02   9.4748970E+01   4.8970137E-02   9.4756058E+01   3.1137058E+06  -7.3854803E+02   0.0000000E+00   0.0000000E+00   0.0000000E+00
     5.8500000E+02   9.4747841E+01   4.7840279E-02   9.4754272E+01   2.9948892E+06  -6.6991882E+02   0.0000000E+00   0.0000000E+00   0.0000000E+00
     5.8600000E+02   9.4765068E+01   6.5073743E-02   9.4772263E+01   5.0011300E+06  -7.4914319E+02   0.0000000E+00   0.0000000E+00   0.0000000E+00
     5.8700000E+02   9.4797874E+01   9.7877696E-02   9.4805725E+01   9.8748440E+06  -8.1772601E+02   0.0000000E+00   0.0000000E+00   0.0000000E+00
     5.8800000E+02   9.4762871E+01   6.2872469E-02   9.4773941E+01   4.7223945E+06  -1.1531631E+03   0.0000000E+00   0.0000000E+00   0.0000000E+00
     5.8900000E+02   9.4751724E+01   5.1729657E-02   9.4762169E+01   3.4116098E+06  -1.0875004E+03   0.0000000E+00   0.0000000E+00   0.0000000E+00
     5.9000000E+02   9.4748535E+01   4.8535053E-02   9.4758316E+01   3.0677598E+06  -1.0186317E+03   0.0000000E+00   0.0000000E+00   0.0000000E+00
     5.9100000E+02   9.4746323E+01   4.6323564E-02   9.4755455E+01   2.8383352E+06  -9.5147577E+02   0.0000000E+00   0.0000000E+00   0.0000000E+00
     5.9200000E+02   9.4745392E+01   4.5397408E-02   9.4753807E+01   2.7443665E+06  -8.7623602E+02   0.0000000E+00   0.0000000E+00   0.0000000E+00
     5.9300000E+02   9.4743591E+01   4.3592103E-02   9.4751381E+01   2.5649000E+06  -8.1120911E+02   0.0000000E+00   0.0000000E+00   0.0000000E+00
     5.9400000E+02   9.4745598E+01   4.5602266E-02   9.4752769E+01   2.7650370E+06  -7.4630933E+02   0.0000000E+00   0.0000000E+00   0.0000000E+00
     5.9500000E+02   9.4747704E+01   4.7706749E-02   9.4754372E+01   2.9809720E+06  -6.9408191E+02   0.0000000E+00   0.0000000E+00   0.0000000E+00
     5.9600000E+02   9.4747581E+01   4.7586482E-02   9.4753891E+01   2.9684335E+06  -6.5706158E+02   0.0000000E+00   0.0000000E+00   0.0000000E+00
     5.9700000E+02   9.4743011E+01   4.3012701E-02   9.4749046E+01   2.5083372E+06  -6.2867041E+02   0.0000000E+00   0.0000000E+00   0.0000000E+00
     5.9800000E+02   9.4740929E+01   4.0935345E-02   9.4746452E+01   2.3096922E+06  -5.7457800E+02   0.0000000E+00   0.0000000E+00   0.0000000E+00
     5.9900000E+02   9.4740593E+01   4.0595338E-02   9.4745621E+01   2.2778120E+06  -5.2395557E+02   0.0000000E+00   0.0000000E+00   0.0000000E+00
     6.0000000E+02   9.4739403E+01   3.9407697E-02   9.4744064E+01   2.1678210E+06  -4.8537933E+02   0.0000000E+00   0.0000000E+00   0.0000000E+00
     6.0100000E+02   9.4740135E+01   4.0137168E-02   9.4744347E+01   2.2351290E+06  -4.3867725E+02   0.0000000E+00   0.0000000E+00   0.0000000E+00
     6.0200000E+02   9.4793442E+01   9.3443446E-02   9.4797539E+01   9.1405670E+06  -4.2659595E+02   0.0000000E+00   0.0000000E+00   0.0000000E+00
     6.0300000E+02   9.4775284E+01   7.5285718E-02   9.4782257E+01   6.3764245E+06  -7.2659479E+02   0.0000000E+00   0.0000000E+00   0.0000000E+00
     6.0400000E+02   9.4780807E+01   8.0810674E-02   9.4787354E+01   7.1752865E+06  -6.8182153E+02   0.0000000E+00   0.0000000E+00   0.0000000E+00
     6.0500000E+02   9.4752411E+01   5.2411556E-02   9.4760010E+01   3.4868515E+06  -7.9124969E+02   0.0000000E+00   0.0000000E+00   0.0000000E+00
     6.0600000E+02   9.4743134E+01   4.3137137E-02   9.4749687E+01   2.5204530E+06  -6.8208508E+02   0.0000000E+00   0.0000000E+00   0.0000000E+00
     6.0700000E+02   9.4740158E+01   4.0162716E-02   9.4746010E+01   2.2375698E+06  -6.0927600E+02   0.0000000E+00   0.0000000E+00   0.0000000E+00
     6.0800000E+02   9.4738594E+01   3.8594864E-02   9.4743950E+01   2.0937904E+06  -5.5790771E+02   0.0000000E+00   0.0000000E+00   0.0000000E+00
     6.0900000E+02   9.4738876E+01   3.8877178E-02   9.4743767E+01   2.1194130E+06  -5.0939697E+02   0.0000000E+00   0.0000000E+00   0.0000000E+00
     6.1000000E+02   9.4739891E+01   3.9897151E-02   9.4744400E+01   2.2129020E+06  -4.6941409E+02   0.0000000E+00   0.0000000E+00   0.0000000E+00
     6.1100000E+02   9.4736679E+01   3.6684457E-02   9.4741028E+01   1.9239414E+06  -4.5248785E+02   0.0000000E+00   0.0000000E+00   0.0000000E+00
     6.1200000E+02   9.4738121E+01   3.8122077E-02   9.4742012E+01   2.0512429E+06  -4.0503064E+02   0.0000000E+00   0.0000000E+00   0.0000000E+00
     6.1300000E+02   9.4735352E+01   3.5354268E-02   9.4739120E+01   1.8091328E+06  -3.9276740E+02   0.0000000E+00   0.0000000E+00   0.0000000E+00
     6.1400000E+02   9.4731773E+01   3.1774100E-02   9.4735329E+01   1.5141631E+06  -3.7029007E+02   0.0000000E+00   0.0000000E+00   0.0000000E+00
     6.1500000E+02   9.4731743E+01   3.1747129E-02   9.4734932E+01   1.5120386E+06  -3.3208420E+02   0.0000000E+00   0.0000000E+00   0.0000000E+00
     6.1600000E+02   9.4734909E+01   3.4911394E-02   9.4737755E+01   1.7714545E+06  -2.9601846E+02   0.0000000E+00   0.0000000E+00   0.0000000E+00
     6.1700000E+02   9.4732849E+01   3.2851126E-02   9.4735672E+01   1.6006696E+06  -2.9377231E+02   0.0000000E+00   0.0000000E+00   0.0000000E+00
     6.1800000E+02   9.4731033E+01   3.1034580E-02   9.4733650E+01   1.4558839E+06  -2.7291968E+02   0.0000000E+00   0.0000000E+00   0.0000000E+00
     6.1900000E+02   9.4730682E+01   3.0682828E-02   9.4733063E+01   1.4284978E+06  -2.4792886E+02   0.0000000E+00   0.0000000E+00   0.0000000E+00
     6.2000000E+02   9.4728836E+01   2.8842036E-02   9.4731102E+01   1.2885322E+06  -2.3553073E+02   0.0000000E+00   0.0000000E+00   0.0000000E+00
     6.2100000E+02   9.4728622E+01   2.8627478E-02   9.4730667E+01   1.2725741E+06  -2.1277562E+02   0.0000000E+00   0.0000000E+00   0.0000000E+00
     6.2200000E+02   9.4729431E+01   2.9432494E-02   9.4731285E+01   1.3328262E+06  -1.9309798E+02   0.0000000E+00   0.0000000E+00   0.0000000E+00
     6.2300000E+02   9.4730644E+01   3.0646157E-02   9.4732346E+01   1.4256770E+06  -1.7706181E+02   0.0000000E+00   0.0000000E+00   0.0000000E+00
     6.2400000E+02   9.4733139E+01   3.3138286E-02   9.4734665E+01   1.6240241E+06  -1.5900331E+02   0.0000000E+00   0.0000000E+00   0.0000000E+00
     6.2500000E+02   9.4729774E+01   2.9780472E-02   9.4731407E+01   1.3592844E+06  -1.6956012E+02   0.0000000E+00   0.0000000E+00   0.0000000E+00
     6.2600000E+02   9.4728455E+01   2.8459076E-02   9.4729912E+01   1.2601489E+06  -1.5152319E+02   0.0000000E+00   0.0000000E+00   0.0000000E+00
     6.2700000E+02   9.4728477E+01   2.8478259E-02   9.4729774E+01   1.2615679E+06  -1.3564513E+02   0.0000000E+00   0.0000000E+00   0.0000000E+00
     6.2800000E+02   9.4729477E+01   2.9483711E-02   9.4730652E+01   1.3366588E+06  -1.2205902E+02   0.0000000E+00   0.0000000E+00   0.0000000E+00
     6.2900000E+02   9.4731453E+01   3.1453475E-02   9.4732506E+01   1.4887972E+06  -1.0987846E+02   0.0000000E+00   0.0000000E+00   0.0000000E+00
     6.3000000E+02   9.4733391E+01   3.3393286E-02   9.4734375E+01   1.6449682E+06  -1.0259868E+02   0.0000000E+00   0.0000000E+00   0.0000000E+00
     6.3100000E+02   9.4734283E+01   3.4284119E-02   9.4735245E+01   1.7187591E+06  -1.0015278E+02   0.0000000E+00   0.0000000E+00   0.0000000E+00
     6.3200000E+02   9.4732315E+01   3.2316197E-02   9.4733322E+01   1.5574614E+06  -1.0529996E+02   0.0000000E+00   0.0000000E+00   0.0000000E+00
     6.3300000E+02   9.4729980E+01   2.9985197E-02   9.4730957E+01   1.3747614E+06  -1.0147270E+02   0.0000000E+00   0.0000000E+00   0.0000000E+00
     6.3400000E+02   9.4728683E+01   2.8689446E-02   9.4729568E+01   1.2772180E+06  -9.1947792E+01   0.0000000E+00   0.0000000E+00   0.0000000E+00
     6.3500000E+02   9.4727882E+01   2.7888237E-02   9.4728699E+01   1.2182929E+06  -8.4500069E+01   0.0000000E+00   0.0000000E+00   0.0000000E+00
     6.3600000E+02   9.4726791E+01   2.6797730E-02   9.4727570E+01   1.1399820E+06  -8.0941284E+01   0.0000000E+00   0.0000000E+00   0.0000000E+00
     6.3700000E+02   9.4726318E+01   2.6318777E-02   9.4727036E+01   1.1062319E+06  -7.4742599E+01   0.0000000E+00   0.0000000E+00   0.0000000E+00
     6.3800000E+02   9.4728180E+01   2.8186228E-02   9.4728783E+01   1.2401060E+06  -6.2271549E+01   0.0000000E+00   0.0000000E+00   0.0000000E+00
     6.3900000E+02   9.4727844E+01   2.7850239E-02   9.4728493E+01   1.2155256E+06  -6.7364494E+01   0.0000000E+00   0.0000000E+00   0.0000000E+00
     6.4000000E+02   9.4727173E+01   2.7173717E-02   9.4727806E+01   1.1667070E+06  -6.6116562E+01   0.0000000E+00   0.0000000E+00   0.0000000E+00
     6.4100000E+02   9.4726601E+01   2.6601996E-02   9.4727203E+01   1.1261145E+06  -6.3102554E+01   0.0000000E+00   0.0000000E+00   0.0000000E+00
     6.4200000E+02   9.4725876E+01   2.5881004E-02   9.4726463E+01   1.0756872E+06  -6.1043381E+01   0.0000000E+00   0.0000000E+00   0.0000000E+00
     6.4300000E+02   9.4725220E+01   2.5226530E-02   9.4725784E+01   1.0307562E+06  -5.8416252E+01   0.0000000E+00   0.0000000E+00   0.0000000E+00
     6.4400000E+02   9.4733665E+01   3.3667762E-02   9.4733864E+01   1.6675419E+06  -2.1030725E+01   0.0000000E+00   0.0000000E+00   0.0000000E+00
     6.4500000E+02   9.4735023E+01   3.5027597E-02   9.4735458E+01   1.7813032E+06  -4.4926102E+01   0.0000000E+00   0.0000000E+00   0.0000000E+00
     6.4600000E+02   9.4735107E+01   3.5107538E-02   9.4735573E+01   1.7880850E+06  -4.8816738E+01   0.0000000E+00   0.0000000E+00   0.0000000E+00
     6.4700000E+02   9.4739555E+01   3.9556105E-02   9.4739845E+01   2.1814375E+06  -3.0316532E+01   0.0000000E+00   0.0000000E+00   0.0000000E+00
     6.4800000E+02   9.4734787E+01   3.4788899E-02   9.4735397E+01   1.7611529E+06  -6.3531635E+01   0.0000000E+00   0.0000000E+00   0.0000000E+00
     6.4900000E+02   9.4729393E+01   2.9393863E-02   9.4730019E+01   1.3298730E+06  -6.5591354E+01   0.0000000E+00   0.0000000E+00   0.0000000E+00
     6.5000000E+02   9.4737839E+01   3.7844148E-02   9.4737946E+01   2.0263750E+06  -1.0778375E+01   0.0000000E+00   0.0000000E+00   0.0000000E+00
     6.5100000E+02   9.4740555E+01   4.0556621E-02   9.4740837E+01   2.2742128E+06  -2.9537203E+01   0.0000000E+00   0.0000000E+00   0.0000000E+00
     6.5200000E+02   9.4733406E+01   3.3408739E-02   9.4734047E+01   1.6462099E+06  -6.6943588E+01   0.0000000E+00   0.0000000E+00   0.0000000E+00
     6.5300000E+02   9.4732079E+01   3.2078456E-02   9.4732506E+01   1.5384468E+06  -4.4532154E+01   0.0000000E+00   0.0000000E+00   0.0000000E+00
     6.5400000E+02   9.4731438E+01   3.1437378E-02   9.4731812E+01   1.4875694E+06  -3.9130394E+01   0.0000000E+00   0.0000000E+00   0.0000000E+00
     6.5500000E+02   9.4730492E+01   3.0490894E-02   9.4730850E+01   1.4136301E+06  -3.7922493E+01   0.0000000E+00   0.0000000E+00   0.0000000E+00
     6.5600000E+02   9.4729004E+01   2.9005041E-02   9.4729370E+01   1.3007436E+06  -3.8009567E+01   0.0000000E+00   0.0000000E+00   0.0000000E+00
     6.5700000E+02   9.4728973E+01   2.8975865E-02   9.4729271E+01   1.2985072E+06  -3.0738461E+01   0.0000000E+00   0.0000000E+00   0.0000000E+00
     6.5800000E+02   9.4729706E+01   2.9711919E-02   9.4729958E+01   1.3540042E+06  -2.6167236E+01   0.0000000E+00   0.0000000E+00   0.0000000E+00
     6.5900000E+02   9.4735542E+01   3.5546295E-02   9.4735596E+01   1.8254944E+06  -5.2831903E+00   0.0000000E+00   0.0000000E+00   0.0000000E+00
     6.6000000E+02   9.4733017E+01   3.3021200E-02   9.4733360E+01   1.6145015E+06  -3.5648361E+01   0.0000000E+00   0.0000000E+00   0.0000000E+00
     6.6100000E+02   9.4736237E+01   3.6240462E-02   9.4736374E+01   1.8852872E+06  -1.3872849E+01   0.0000000E+00   0.0000000E+00   0.0000000E+00
     6.6200000E+02   9.4735390E+01   3.5393100E-02   9.4735657E+01   1.8124379E+06  -2.7889853E+01   0.0000000E+00   0.0000000E+00   0.0000000E+00
     6.6300000E+02   9.4729134E+01   2.9137533E-02   9.4729599E+01   1.3106120E+06  -4.8601841E+01   0.0000000E+00   0.0000000E+00   0.0000000E+00
     6.6400000E+02   9.4737671E+01   3.7670277E-02   9.4737587E+01   2.0108839E+06   8.4150314E+00   0.0000000E+00   0.0000000E+00   0.0000000E+00
     6.6500000E+02   9.4737984E+01   3.7988879E-02   9.4738182E+01   2.0392984E+06  -2.0609703E+01   0.0000000E+00   0.0000000E+00   0.0000000E+00
     6.6600000E+02   9.4738853E+01   3.8853399E-02   9.4739037E+01   2.1172312E+06  -1.9497120E+01   0.0000000E+00   0.0000000E+00   0.0000000E+00
     6.6700000E+02   9.4734810E+01   3.4812272E-02   9.4735184E+01   1.7631300E+06  -3.8715244E+01   0.0000000E+00   0.0000000E+00   0.0000000E+00
     6.6800000E+02   9.4732948E+01   3.2948397E-02   9.4733246E+01   1.6085821E+06  -3.1199923E+01   0.0000000E+00   0.0000000E+00   0.0000000E+00
     6.6900000E+02   9.4731682E+01   3.1683631E-02   9.4731949E+01   1.5069939E+06  -2.8135958E+01   0.0000000E+00   0.0000000E+00   0.0000000E+00
     6.7000000E+02   9.4731079E+01   3.1084167E-02   9.4731316E+01   1.4598161E+06  -2.4568335E+01   0.0000000E+00   0.0000000E+00   0.0000000E+00
     6.7100000E+02   9.4733421E+01   3.3422861E-02   9.4733536E+01   1.6474129E+06  -1.2148725E+01   0.0000000E+00   0.0000000E+00   0.0000000E+00
     6.7200000E+02   9.4734077E+01   3.4082435E-02   9.4734245E+01   1.7019634E+06  -1.7316105E+01   0.0000000E+00   0.0000000E+00   0.0000000E+00
     6.7300000E+02   9.4732887E+01   3.2891672E-02   9.4733116E+01   1.6039989E+06  -2.3986217E+01   0.0000000E+00   0.0000000E+00   0.0000000E+00
     6.7400000E+02   9.4733780E+01   3.3780444E-02   9.4733925E+01   1.6768615E+06  -1.5517632E+01   0.0000000E+00   0.0000000E+00   0.0000000E+00
     6.7500000E+02   9.4734329E+01   3.4329563E-02   9.4734482E+01   1.7225518E+06  -1.6093946E+01   0.0000000E+00   0.0000000E+00   0.0000000E+00
     6.7600000E+02   9.4729744E+01   2.9744217E-02   9.4730080E+01   1.3564042E+06  -3.5361729E+01   0.0000000E+00   0.0000000E+00   0.0000000E+00
     6.7700000E+02   9.4731300E+01   3.1305116E-02   9.4731415E+01   1.4771394E+06  -1.2104721E+01   0.0000000E+00   0.0000000E+00   0.0000000E+00
     6.7800000E+02   9.4732002E+01   3.2008298E-02   9.4732140E+01   1.5328156E+06  -1.4086002E+01   0.0000000E+00   0.0000000E+00   0.0000000E+00
     6.7900000E+02   9.4734505E+01   3.4507915E-02   9.4734573E+01   1.7374664E+06  -6.9880590E+00   0.0000000E+00   0.0000000E+00   0.0000000E+00
     6.8000000E+02   9.4733482E+01   3.3486061E-02   9.4733673E+01   1.6525740E+06  -1.9885630E+01   0.0000000E+00   0.0000000E+00   0.0000000E+00
     6.8100000E+02   9.4732925E+01   3.2930467E-02   9.4733101E+01   1.6071170E+06  -1.8363577E+01   0.0000000E+00   0.0000000E+00   0.0000000E+00
     6.8200000E+02   9.4733345E+01   3.3351704E-02   9.4733482E+01   1.6415266E+06  -1.4276663E+01   0.0000000E+00   0.0000000E+00   0.0000000E+00
     6.8300000E+02   9.4734604E+01   3.4607869E-02   9.4734711E+01   1.7458632E+06  -1.0959435E+01   0.0000000E+00   0.0000000E+00   0.0000000E+00
     6.8400000E+02   9.4729980E+01   2.9980931E-02   9.4730293E+01   1.3744422E+06  -3.3208824E+01   0.0000000E+00   0.0000000E+00   0.0000000E+00
     6.8500000E+02   9.4732719E+01   3.2722212E-02   9.4732773E+01   1.5902146E+06  -5.3595710E+00   0.0000000E+00   0.0000000E+00   0.0000000E+00
     6.8600000E+02   9.4733658E+01   3.3658892E-02   9.4733765E+01   1.6668661E+06  -1.1131123E+01   0.0000000E+00   0.0000000E+00   0.0000000E+00
     6.8700000E+02   9.4736725E+01   3.6730919E-02   9.4736755E+01   1.9280039E+06  -2.7013669E+00   0.0000000E+00   0.0000000E+00   0.0000000E+00
     6.8800000E+02   9.4734718E+01   3.4720205E-02   9.4734924E+01   1.7553235E+06  -2.1806128E+01   0.0000000E+00   0.0000000E+00   0.0000000E+00
     6.8900000E+02   9.4732788E+01   3.2793183E-02   9.4733002E+01   1.5959784E+06  -2.1871166E+01   0.0000000E+00   0.0000000E+00   0.0000000E+00
     6.9000000E+02   9.4728607E+01   2.8611073E-02   9.4728897E+01   1.2713912E+06  -3.0410421E+01   0.0000000E+00   0.0000000E+00   0.0000000E+00
     6.9100000E+02   9.4728027E+01   2.8030094E-02   9.4728188E+01   1.2286436E+06  -1.6540834E+01   0.0000000E+00   0.0000000E+00   0.0000000E+00
     6.9200000E+02   9.4727699E+01   2.7700450E-02   9.4727844E+01   1.2046811E+06  -1.4960922E+01   0.0000000E+00   0.0000000E+00   0.0000000E+00
     6.9300000E+02   9.4728859E+01   2.8864766E-02   9.4728951E+01   1.2901979E+06  -8.8530273E+00   0.0000000E+00   0.0000000E+00   0.0000000E+00
     6.9400000E+02   9.4727661E+01   2.7664917E-02   9.4727829E+01   1.2020540E+06  -1.7628740E+01   0.0000000E+00   0.0000000E+00   0.0000000E+00
     6.9500000E+02   9.4726707E+01   2.6711699E-02   9.4726868E+01   1.1338631E+06  -1.6764622E+01   0.0000000E+00   0.0000000E+00   0.0000000E+00
     6.9600000E+02   9.4729973E+01   2.9977165E-02   9.4729980E+01   1.3741759E+06  -3.9226639E-01   0.0000000E+00   0.0000000E+00   0.0000000E+00
     6.9700000E+02   9.4735321E+01   3.5322938E-02   9.4735245E+01   1.8063845E+06   8.1514807E+00   0.0000000E+00   0.0000000E+00   0.0000000E+00
     6.9800000E+02   9.4736061E+01   3.6062617E-02   9.4736145E+01   1.8699066E+06  -8.9868011E+00   0.0000000E+00   0.0000000E+00   0.0000000E+00
     6.9900000E+02   9.4736458E+01   3.6463287E-02   9.4736565E+01   1.9046639E+06  -1.0631289E+01   0.0000000E+00   0.0000000E+00   0.0000000E+00
     7.0000000E+02   9.4733109E+01   3.3108428E-02   9.4733345E+01   1.6216371E+06  -2.5090416E+01   0.0000000E+00   0.0000000E+00   0.0000000E+00
     7.0100000E+02   9.4732033E+01   3.2036033E-02   9.4732193E+01   1.5350384E+06  -1.6582569E+01   0.0000000E+00   0.0000000E+00   0.0000000E+00
     7.0200000E+02   9.4733063E+01   3.3069454E-02   9.4733147E+01   1.6184581E+06  -8.1473532E+00   0.0000000E+00   0.0000000E+00   0.0000000E+00
     7.0300000E+02   9.4733398E+01   3.3401169E-02   9.4733498E+01   1.6455998E+06  -1.0337580E+01   0.0000000E+00   0.0000000E+00   0.0000000E+00
     7.0400000E+02   9.4732079E+01   3.2081362E-02   9.4732239E+01   1.5386641E+06  -1.6737015E+01   0.0000000E+00   0.0000000E+00   0.0000000E+00
     7.0500000E+02   9.4733810E+01   3.3816323E-02   9.4733864E+01   1.6798332E+06  -5.0018659E+00   0.0000000E+00   0.0000000E+00   0.0000000E+00
     7.0600000E+02   9.4734184E+01   3.4190334E-02   9.4734283E+01   1.7109052E+06  -9.7783699E+00   0.0000000E+00   0.0000000E+00   0.0000000E+00
     7.0700000E+02   9.4729614E+01   2.9618738E-02   9.4729889E+01   1.3468864E+06  -2.8837852E+01   0.0000000E+00   0.0000000E+00   0.0000000E+00
     7.0800000E+02   9.4733856E+01   3.3857476E-02   9.4733810E+01   1.6832449E+06   4.4678507E+00   0.0000000E+00   0.0000000E+00   0.0000000E+00
     7.0900000E+02   9.4737938E+01   3.7937496E-02   9.4737885E+01   2.0347179E+06   5.2820530E+00   0.0000000E+00   0.0000000E+00   0.0000000E+00
     7.1000000E+02   9.4738449E+01   3.8452007E-02   9.4738533E+01   2.0809165E+06  -8.4190044E+00   0.0000000E+00   0.0000000E+00   0.0000000E+00
     7.1100000E+02   9.4738632E+01   3.8636491E-02   9.4738731E+01   2.0975828E+06  -1.0019268E+01   0.0000000E+00   0.0000000E+00   0.0000000E+00
     7.1200000E+02   9.4738358E+01   3.8362086E-02   9.4738472E+01   2.0728066E+06  -1.1842046E+01   0.0000000E+00   0.0000000E+00   0.0000000E+00
     7.1300000E+02   9.4734650E+01   3.4654018E-02   9.4734894E+01   1.7497608E+06  -2.4967058E+01   0.0000000E+00   0.0000000E+00   0.0000000E+00
     7.1400000E+02   9.4732254E+01   3.2258097E-02   9.4732452E+01   1.5528151E+06  -2.0392145E+01   0.0000000E+00   0.0000000E+00   0.0000000E+00
     7.1500000E+02   9.4731926E+01   3.1930625E-02   9.4732040E+01   1.5266484E+06  -1.2121995E+01   0.0000000E+00   0.0000000E+00   0.0000000E+00
     7.1600000E+02   9.4728477E+01   2.8478563E-02   9.4728745E+01   1.2612922E+06  -2.8244911E+01   0.0000000E+00   0.0000000E+00   0.0000000E+00
     7.1700000E+02   9.4734718E+01   3.4723278E-02   9.4734596E+01   1.7556086E+06   1.3134814E+01   0.0000000E+00   0.0000000E+00   0.0000000E+00
     7.1800000E+02   9.4741966E+01   4.1969456E-02   9.4741791E+01   2.4076992E+06   1.8208475E+01   0.0000000E+00   0.0000000E+00   0.0000000E+00
     7.1900000E+02   9.4740364E+01   4.0369574E-02   9.4740517E+01   2.2567440E+06  -1.5237332E+01   0.0000000E+00   0.0000000E+00   0.0000000E+00
     7.2000000E+02   9.4736885E+01   3.6891341E-02   9.4737343E+01   1.9416328E+06  -4.6988216E+01   0.0000000E+00   0.0000000E+00   0.0000000E+00
     7.2100000E+02   9.4734993E+01   3.4998339E-02   9.4735535E+01   1.7733889E+06  -5.6147663E+01   0.0000000E+00   0.0000000E+00   0.0000000E+00
     7.2200000E+02   9.4740944E+01   4.0949270E-02   9.4740906E+01   2.3097572E+06   3.8552907E+00   0.0000000E+00   0.0000000E+00   0.0000000E+00
     7.2300000E+02   9.4733406E+01   3.3406381E-02   9.4733772E+01   1.6460259E+06  -3.8583752E+01   0.0000000E+00   0.0000000E+00   0.0000000E+00
     7.2400000E+02   9.4739662E+01   3.9663583E-02   9.4739532E+01   2.1913468E+06   1.3209044E+01   0.0000000E+00   0.0000000E+00   0.0000000E+00
     7.2500000E+02   9.4734352E+01   3.4352899E-02   9.4734634E+01   1.7244939E+06  -2.9307600E+01   0.0000000E+00   0.0000000E+00   0.0000000E+00
     7.2600000E+02   9.4728569E+01   2.8572438E-02   9.4728882E+01   1.2685292E+06  -3.2727043E+01   0.0000000E+00   0.0000000E+00   0.0000000E+00
     7.2700000E+02   9.4735054E+01   3.5058007E-02   9.4734917E+01   1.7838836E+06   1.4601489E+01   0.0000000E+00   0.0000000E+00   0.0000000E+00
     7.2800000E+02   9.4735924E+01   3.5928130E-02   9.4735977E+01   1.8582970E+06  -5.3286033E+00   0.0000000E+00   0.0000000E+00   0.0000000E+00
     7.2900000E+02   9.4734581E+01   3.4583956E-02   9.4734718E+01   1.7438771E+06  -1.4482259E+01   0.0000000E+00   0.0000000E+00   0.0000000E+00
     7.3000000E+02   9.4733902E+01   3.3903223E-02   9.4734016E+01   1.6870489E+06  -1.2034922E+01   0.0000000E+00   0.0000000E+00   0.0000000E+00
     7.3100000E+02   9.4738091E+01   3.8092401E-02   9.4738022E+01   2.0485809E+06   7.0671563E+00   0.0000000E+00   0.0000000E+00   0.0000000E+00
     7.3200000E+02   9.4741394E+01   4.1396242E-02   9.4741348E+01   2.3532050E+06   4.4891534E+00   0.0000000E+00   0.0000000E+00   0.0000000E+00
     7.3300000E+02   9.4741165E+01   4.1167747E-02   9.4741348E+01   2.3303810E+06  -1.9362957E+01   0.0000000E+00   0.0000000E+00   0.0000000E+00
     7.3400000E+02   9.4743080E+01   4.3081220E-02   9.4744141E+01   2.5017345E+06  -1.1078817E+02   0.0000000E+00   0.0000000E+00   0.0000000E+00
     7.3500000E+02   9.4743423E+01   4.3422863E-02   9.4743607E+01   2.5442120E+06  -1.9300350E+01   0.0000000E+00   0.0000000E+00   0.0000000E+00
     7.3600000E+02   9.4742683E+01   4.2682759E-02   9.4742790E+01   2.4763348E+06  -1.1756950E+01   0.0000000E+00   0.0000000E+00   0.0000000E+00
     7.3700000E+02   9.4741905E+01   4.1911621E-02   9.4742020E+01   2.4021740E+06  -1.1957959E+01   0.0000000E+00   0.0000000E+00   0.0000000E+00
     7.3800000E+02   9.4737968E+01   3.7973862E-02   9.4738197E+01   2.0379705E+06  -2.3736530E+01   0.0000000E+00   0.0000000E+00   0.0000000E+00
     7.3900000E+02   9.4734032E+01   3.4037445E-02   9.4734268E+01   1.6981824E+06  -2.4085680E+01   0.0000000E+00   0.0000000E+00   0.0000000E+00
     7.4000000E+02   9.4735138E+01   3.5139322E-02   9.4735184E+01   1.7907926E+06  -4.6504583E+00   0.0000000E+00   0.0000000E+00   0.0000000E+00
     7.4100000E+02   9.4736687E+01   3.6687803E-02   9.4736702E+01   1.9242394E+06  -2.1462638E+00   0.0000000E+00   0.0000000E+00   0.0000000E+00
     7.4200000E+02   9.4734673E+01   3.4678541E-02   9.4734825E+01   1.7518256E+06  -1.5750278E+01   0.0000000E+00   0.0000000E+00   0.0000000E+00
     7.4300000E+02   9.4732964E+01   3.2967899E-02   9.4733109E+01   1.6101814E+06  -1.5041045E+01   0.0000000E+00   0.0000000E+00   0.0000000E+00
     7.4400000E+02   9.4733330E+01   3.3336181E-02   9.4733398E+01   1.6402722E+06  -6.9826741E+00   0.0000000E+00   0.0000000E+00   0.0000000E+00
     7.4500000E+02   9.4732574E+01   3.2580994E-02   9.4732681E+01   1.5788105E+06  -1.0953011E+01   0.0000000E+00   0.0000000E+00   0.0000000E+00
     7.4600000E+02   9.4737564E+01   3.7563976E-02   9.4737457E+01   2.0013891E+06   1.0948769E+01   0.0000000E+00   0.0000000E+00   0.0000000E+00
     7.4700000E+02   9.4744820E+01   4.4819463E-02   9.4744850E+01   2.6863812E+06  -3.1318793E+00   0.0000000E+00   0.0000000E+00   0.0000000E+00
     7.4800000E+02   9.4745850E+01   4.5850575E-02   9.4746201E+01   2.7901698E+06  -3.6800159E+01   0.0000000E+00   0.0000000E+00   0.0000000E+00
     7.4900000E+02   9.4741913E+01   4.1912522E-02   9.4742493E+01   2.4023102E+06  -6.0665764E+01   0.0000000E+00   0.0000000E+00   0.0000000E+00
     7.5000000E+02   9.4739021E+01   3.9025616E-02   9.4739578E+01   2.1329090E+06  -5.7990852E+01   0.0000000E+00   0.0000000E+00   0.0000000E+00
     7.5100000E+02   9.4736488E+01   3.6491018E-02   9.4737106E+01   1.9060615E+06  -6.4173660E+01   0.0000000E+00   0.0000000E+00   0.0000000E+00
     7.5200000E+02   9.4739639E+01   3.9638862E-02   9.4740204E+01   2.1890615E+06  -5.9401047E+01   0.0000000E+00   0.0000000E+00   0.0000000E+00
     7.5300000E+02   9.4747375E+01   4.7374792E-02   9.4748123E+01   2.9464682E+06  -7.8520088E+01   0.0000000E+00   0.0000000E+00   0.0000000E+00
     7.5400000E+02   9.4874077E+01   1.7407802E-01   9.4873917E+01   2.5780868E+07   1.6771807E+01   0.0000000E+00   0.0000000E+00   0.0000000E+00
     7.5500000E+02   9.4758675E+01   5.8676172E-02   9.4768112E+01   4.2088280E+06  -9.8294659E+02   0.0000000E+00   0.0000000E+00   0.0000000E+00
     7.5600000E+02   9.4743454E+01   4.3457530E-02   9.4749359E+01   2.5517185E+06  -6.1475592E+02   0.0000000E+00   0.0000000E+00   0.0000000E+00
     7.5700000E+02   9.4738762E+01   3.8765702E-02   9.4743713E+01   2.1092940E+06  -5.1536261E+02   0.0000000E+00   0.0000000E+00   0.0000000E+00
     7.5800000E+02   9.4733795E+01   3.3801705E-02   9.4738266E+01   1.6786314E+06  -4.6511990E+02   0.0000000E+00   0.0000000E+00   0.0000000E+00
     7.5900000E+02   9.4734573E+01   3.4577873E-02   9.4739174E+01   1.7433642E+06  -4.7857001E+02   0.0000000E+00   0.0000000E+00   0.0000000E+00
     7.6000000E+02   9.4745102E+01   4.5105483E-02   9.4749306E+01   2.7150218E+06  -4.3738269E+02   0.0000000E+00   0.0000000E+00   0.0000000E+00
     7.6100000E+02   9.4733040E+01   3.3039093E-02   9.4737923E+01   1.6159874E+06  -5.0857599E+02   0.0000000E+00   0.0000000E+00   0.0000000E+00
     7.6200000E+02   9.4731956E+01   3.1955816E-02   9.4736290E+01   1.5286456E+06  -4.5125171E+02   0.0000000E+00   0.0000000E+00   0.0000000E+00
     7.6300000E+02   9.4735397E+01   3.5401974E-02   9.4739365E+01   1.8131630E+06  -4.1312515E+02   0.0000000E+00   0.0000000E+00   0.0000000E+00
     7.6400000E+02   9.4732132E+01   3.2138072E-02   9.4736160E+01   1.5432064E+06  -4.1892914E+02   0.0000000E+00   0.0000000E+00   0.0000000E+00
     7.6500000E+02   9.4728683E+01   2.8683284E-02   9.4732529E+01   1.2767496E+06  -4.0098718E+02   0.0000000E+00   0.0000000E+00   0.0000000E+00
     7.6600000E+02   9.4728920E+01   2.8920786E-02   9.4732445E+01   1.2944179E+06  -3.6700861E+02   0.0000000E+00   0.0000000E+00   0.0000000E+00
     7.6700000E+02   9.4728928E+01   2.8927865E-02   9.4732529E+01   1.2949460E+06  -3.7536206E+02   0.0000000E+00   0.0000000E+00   0.0000000E+00
     7.6800000E+02   9.4786858E+01   8.6860925E-02   9.4790894E+01   8.0928050E+06  -4.1994330E+02   0.0000000E+00   0.0000000E+00   0.0000000E+00
     7.6900000E+02   9.4744057E+01   4.4062905E-02   9.4753181E+01   2.6112295E+06  -9.4957434E+02   0.0000000E+00   0.0000000E+00   0.0000000E+00
     7.7000000E+02   9.4736732E+01   3.6735713E-02   9.4745743E+01   1.9284355E+06  -9.3782794E+02   0.0000000E+00   0.0000000E+00   0.0000000E+00
     7.7100000E+02   9.4738556E+01   3.8555536E-02   9.4747215E+01   2.0902658E+06  -9.0197729E+02   0.0000000E+00   0.0000000E+00   0.0000000E+00
     7.7200000E+02   9.4731575E+01   3.1574439E-02   9.4740128E+01   1.4983629E+06  -8.9089398E+02   0.0000000E+00   0.0000000E+00   0.0000000E+00
     7.7300000E+02   9.4731262E+01   3.1265177E-02   9.4739014E+01   1.4739834E+06  -8.0701251E+02   0.0000000E+00   0.0000000E+00   0.0000000E+00
     7.7400000E+02   9.4729782E+01   2.9783370E-02   9.4736992E+01   1.3594006E+06  -7.5064075E+02   0.0000000E+00   0.0000000E+00   0.0000000E+00
     7.7500000E+02   9.4729469E+01   2.9475393E-02   9.4736107E+01   1.3360471E+06  -6.9076648E+02   0.0000000E+00   0.0000000E+00   0.0000000E+00
     7.7600000E+02   9.4729622E+01   2.9627772E-02   9.4735756E+01   1.3475845E+06  -6.3867267E+02   0.0000000E+00   0.0000000E+00   0.0000000E+00
     7.7700000E+02   9.4730202E+01   3.0202914E-02   9.4735878E+01   1.3914654E+06  -5.9106464E+02   0.0000000E+00   0.0000000E+00   0.0000000E+00
     7.7800000E+02   9.4732681E+01   3.2684166E-02   9.4737877E+01   1.5871580E+06  -5.4086108E+02   0.0000000E+00   0.0000000E+00   0.0000000E+00
     7.7900000E+02   9.4732460E+01   3.2466803E-02   9.4737366E+01   1.5696045E+06  -5.1043896E+02   0.0000000E+00   0.0000000E+00   0.0000000E+00
     7.8000000E+02   9.4777466E+01   7.7472031E-02   9.4782730E+01   6.6880455E+06  -5.4763123E+02   0.0000000E+00   0.0000000E+00   0.0000000E+00
     7.8100000E+02   9.4956917E+01   2.5691935E-01   9.4958870E+01   4.9323344E+07  -2.0328917E+02   0.0000000E+00   0.0000000E+00   0.0000000E+00
     7.8200000E+02   9.4808304E+01   1.0830950E-01   9.4823273E+01   1.1690558E+07  -1.5582909E+03   0.0000000E+00   0.0000000E+00   0.0000000E+00
     7.8300000E+02   9.4784302E+01   8.4307045E-02   9.4795609E+01   7.7001240E+06  -1.1770477E+03   0.0000000E+00   0.0000000E+00   0.0000000E+00
     7.8400000E+02   9.4823433E+01   1.2343958E-01   9.4832489E+01   1.4537222E+07  -9.4222437E+02   0.0000000E+00   0.0000000E+00   0.0000000E+00
     7.8500000E+02   9.4771622E+01   7.1626090E-02   9.4784073E+01   5.8682675E+06  -1.2965880E+03   0.0000000E+00   0.0000000E+00   0.0000000E+00
     7.8600000E+02   9.4758965E+01   5.8965564E-02   9.4770126E+01   4.2434765E+06  -1.1626115E+03   0.0000000E+00   0.0000000E+00   0.0000000E+00
     7.8700000E+02   9.4757217E+01   5.7224099E-02   9.4767937E+01   4.0366672E+06  -1.1161499E+03   0.0000000E+00   0.0000000E+00   0.0000000E+00
     7.8800000E+02   9.4816696E+01   1.1670003E-01   9.4825142E+01   1.3238610E+07  -8.7956396E+02   0.0000000E+00   0.0000000E+00   0.0000000E+00
     7.8900000E+02   9.4771996E+01   7.1995452E-02   9.4784241E+01   5.9187895E+06  -1.2751667E+03   0.0000000E+00   0.0000000E+00   0.0000000E+00
     7.9000000E+02   9.4754433E+01   5.4434516E-02   9.4765808E+01   3.7140595E+06  -1.1844399E+03   0.0000000E+00   0.0000000E+00   0.0000000E+00
     7.9100000E+02   9.4752487E+01   5.2493352E-02   9.4763229E+01   3.4959462E+06  -1.1178997E+03   0.0000000E+00   0.0000000E+00   0.0000000E+00
     7.9200000E+02   9.4748474E+01   4.8478510E-02   9.4759224E+01   3.0617722E+06  -1.1193146E+03   0.0000000E+00   0.0000000E+00   0.0000000E+00
     7.9300000E+02   9.4744774E+01   4.4780400E-02   9.4755470E+01   2.6824875E+06  -1.1130474E+03   0.0000000E+00   0.0000000E+00   0.0000000E+00
     7.9400000E+02   9.4744568E+01   4.4570982E-02   9.4755074E+01   2.6616115E+06  -1.0943113E+03   0.0000000E+00   0.0000000E+00   0.0000000E+00
     7.9500000E+02   9.4743019E+01   4.3022133E-02   9.4753525E+01   2.5092588E+06  -1.0940603E+03   0.0000000E+00   0.0000000E+00   0.0000000E+00
     7.9600000E+02   9.4801064E+01   1.0106767E-01   9.4809395E+01   1.0417041E+07  -8.6713385E+02   0.0000000E+00   0.0000000E+00   0.0000000E+00
     7.9700000E+02   9.4769699E+01   6.9704071E-02   9.4781303E+01   5.6081690E+06  -1.2082935E+03   0.0000000E+00   0.0000000E+00   0.0000000E+00
     7.9800000E+02   9.4753113E+01   5.3118385E-02   9.4764313E+01   3.5655915E+06  -1.1659060E+03   0.0000000E+00   0.0000000E+00   0.0000000E+00
     7.9900000E+02   9.4866302E+01   1.6630457E-01   9.4872726E+01   2.3890830E+07  -6.6938446E+02   0.0000000E+00   0.0000000E+00   0.0000000E+00
     8.0000000E+02   9.4772865E+01   7.2866611E-02   9.4786827E+01   6.0386510E+06  -1.4543834E+03   0.0000000E+00   0.0000000E+00   0.0000000E+00
     8.0100000E+02   9.4757065E+01   5.7069540E-02   9.4768433E+01   4.0185092E+06  -1.1838101E+03   0.0000000E+00   0.0000000E+00   0.0000000E+00
     8.0200000E+02   9.4752167E+01   5.2168205E-02   9.4763016E+01   3.4599370E+06  -1.1298230E+03   0.0000000E+00   0.0000000E+00   0.0000000E+00
     8.0300000E+02   9.4749931E+01   4.9935412E-02   9.4760635E+01   3.2166620E+06  -1.1142859E+03   0.0000000E+00   0.0000000E+00   0.0000000E+00
     8.0400000E+02   9.4751175E+01   5.1174633E-02   9.4761711E+01   3.3508012E+06  -1.0977976E+03   0.0000000E+00   0.0000000E+00   0.0000000E+00
     8.0500000E+02   9.4795380E+01   9.5379688E-02   9.4804329E+01   9.4583930E+06  -9.3201288E+02   0.0000000E+00   0.0000000E+00   0.0000000E+00
     8.0600000E+02   9.4768913E+01   6.8914667E-02   9.4780434E+01   5.5027100E+06  -1.1999877E+03   0.0000000E+00   0.0000000E+00   0.0000000E+00
     8.0700000E+02   9.4770721E+01   7.0726454E-02   9.4781303E+01   5.7459440E+06  -1.1019586E+03   0.0000000E+00   0.0000000E+00   0.0000000E+00
     8.0800000E+02   9.4843040E+01   1.4304291E-01   9.4850998E+01   1.8585262E+07  -8.2832129E+02   0.0000000E+00   0.0000000E+00   0.0000000E+00
     8.0900000E+02   9.5021347E+01   3.2134765E-01   9.5025475E+01   7.1616936E+07  -4.2983835E+02   0.0000000E+00   0.0000000E+00   0.0000000E+00
     8.1000000E+02   9.5118858E+01   4.1886482E-01   9.5125877E+01   1.1139034E+08  -7.3028210E+02   0.0000000E+00   0.0000000E+00   0.0000000E+00
     8.1100000E+02   9.4829659E+01   1.2965946E-01   9.4851143E+01   1.5778459E+07  -2.2375933E+03   0.0000000E+00   0.0000000E+00   0.0000000E+00
     8.1200000E+02   9.4800217E+01   1.0021901E-01   9.4812531E+01   1.0271663E+07  -1.2823948E+03   0.0000000E+00   0.0000000E+00   0.0000000E+00
     8.1300000E+02   9.4787125E+01   8.7127753E-02   9.4798431E+01   8.1342655E+06  -1.1770977E+03   0.0000000E+00   0.0000000E+00   0.0000000E+00
     8.1400000E+02   9.4768028E+01   6.8030328E-02   9.4779472E+01   5.3855340E+06  -1.1921095E+03   0.0000000E+00   0.0000000E+00   0.0000000E+00
     8.1500000E+02   9.4762115E+01   6.2119506E-02   9.4773041E+01   4.6284760E+06  -1.1375012E+03   0.0000000E+00   0.0000000E+00   0.0000000E+00
     8.1600000E+02   9.4909927E+01   2.0993087E-01   9.4915146E+01   3.5225024E+07  -5.4327484E+02   0.0000000E+00   0.0000000E+00   0.0000000E+00
     8.1700000E+02   9.4792732E+01   9.2733219E-02   9.4807602E+01   9.0250620E+06  -1.5483274E+03   0.0000000E+00   0.0000000E+00   0.0000000E+00
     8.1800000E+02   9.4768578E+01   6.8584114E-02   9.4780342E+01   5.4587965E+06  -1.2246389E+03   0.0000000E+00   0.0000000E+00   0.0000000E+00
     8.1900000E+02   9.5211189E+01   5.1118994E-01   9.5205711E+01   1.5524864E+08   5.7034131E+02   0.0000000E+00   0.0000000E+00   0.0000000E+00
     8.2000000E+02   9.4916939E+01   2.1693996E-01   9.4938225E+01   3.7206904E+07  -2.2164458E+03   0.0000000E+00   0.0000000E+00   0.0000000E+00
     8.2100000E+02   9.4797905E+01   9.7905144E-02   9.4813606E+01   9.8794690E+06  -1.6353130E+03   0.0000000E+00   0.0000000E+00   0.0000000E+00
     8.2200000E+02   9.4777657E+01   7.7659652E-02   9.4789398E+01   6.7150655E+06  -1.2222642E+03   0.0000000E+00   0.0000000E+00   0.0000000E+00
     8.2300000E+02   9.4833710E+01   1.3371544E-01   9.4842422E+01   1.6609624E+07  -9.0676898E+02   0.0000000E+00   0.0000000E+00   0.0000000E+00
     8.2400000E+02   9.4799812E+01   9.9816561E-02   9.4811737E+01   1.0203021E+07  -1.2415063E+03   0.0000000E+00   0.0000000E+00   0.0000000E+00
     8.2500000E+02   9.4774719E+01   7.4718915E-02   9.4786415E+01   6.2966345E+06  -1.2179735E+03   0.0000000E+00   0.0000000E+00   0.0000000E+00
     8.2600000E+02   9.4770035E+01   7.0036702E-02   9.4780945E+01   5.6528495E+06  -1.1361989E+03   0.0000000E+00   0.0000000E+00   0.0000000E+00
     8.2700000E+02   9.4765839E+01   6.5843999E-02   9.4776703E+01   5.1001675E+06  -1.1306993E+03   0.0000000E+00   0.0000000E+00   0.0000000E+00
     8.2800000E+02   9.4765015E+01   6.5014221E-02   9.4775749E+01   4.9934990E+06  -1.1179166E+03   0.0000000E+00   0.0000000E+00   0.0000000E+00
     8.2900000E+02   9.4763130E+01   6.3131295E-02   9.4773903E+01   4.7548055E+06  -1.1220685E+03   0.0000000E+00   0.0000000E+00   0.0000000E+00
     8.3000000E+02   9.4761490E+01   6.1492838E-02   9.4772247E+01   4.5509145E+06  -1.1204655E+03   0.0000000E+00   0.0000000E+00   0.0000000E+00
     8.3100000E+02   9.4759964E+01   5.9966095E-02   9.4770691E+01   4.3641595E+06  -1.1171309E+03   0.0000000E+00   0.0000000E+00   0.0000000E+00
     8.3200000E+02   9.4756096E+01   5.6099247E-02   9.4766869E+01   3.9052848E+06  -1.1219012E+03   0.0000000E+00   0.0000000E+00   0.0000000E+00
     8.3300000E+02   9.4776237E+01   7.6236978E-02   9.4786087E+01   6.5112905E+06  -1.0260240E+03   0.0000000E+00   0.0000000E+00   0.0000000E+00
     8.3400000E+02   9.4771385E+01   7.1388125E-02   9.4782104E+01   5.8358110E+06  -1.1159252E+03   0.0000000E+00   0.0000000E+00   0.0000000E+00
     8.3500000E+02   9.4777344E+01   7.7350534E-02   9.4787682E+01   6.6705495E+06  -1.0763290E+03   0.0000000E+00   0.0000000E+00   0.0000000E+00
     8.3600000E+02   9.4772102E+01   7.2105721E-02   9.4782822E+01   5.9339170E+06  -1.1158861E+03   0.0000000E+00   0.0000000E+00   0.0000000E+00
     8.3700000E+02   9.4765388E+01   6.5388329E-02   9.4775948E+01   5.0414815E+06  -1.0997561E+03   0.0000000E+00   0.0000000E+00   0.0000000E+00
     8.3800000E+02   9.4761353E+01   6.1358444E-02   9.4771317E+01   4.5343525E+06  -1.0374237E+03   0.0000000E+00   0.0000000E+00   0.0000000E+00
     8.3900000E+02   9.4761147E+01   6.1147105E-02   9.4770309E+01   4.5083530E+06  -9.5452478E+02   0.0000000E+00   0.0000000E+00   0.0000000E+00
     8.4000000E+02   9.4761787E+01   6.1790809E-02   9.4770203E+01   4.5877345E+06  -8.7660614E+02   0.0000000E+00   0.0000000E+00   0.0000000E+00
     8.4100000E+02   9.4760010E+01   6.0011577E-02   9.4767822E+01   4.3696685E+06  -8.1402417E+02   0.0000000E+00   0.0000000E+00   0.0000000E+00
     8.4200000E+02   9.4758888E+01   5.8890674E-02   9.4766037E+01   4.2344895E+06  -7.4476208E+02   0.0000000E+00   0.0000000E+00   0.0000000E+00
     8.4300000E+02   9.4760010E+01   6.0010217E-02   9.4766472E+01   4.3695055E+06  -6.7294305E+02   0.0000000E+00   0.0000000E+00   0.0000000E+00
     8.4400000E+02   9.4759956E+01   5.9960257E-02   9.4765900E+01   4.3634540E+06  -6.1854688E+02   0.0000000E+00   0.0000000E+00   0.0000000E+00
     8.4500000E+02   9.4758888E+01   5.8892526E-02   9.4764351E+01   4.2347280E+06  -5.6869220E+02   0.0000000E+00   0.0000000E+00   0.0000000E+00
     8.4600000E+02   9.4758430E+01   5.8431402E-02   9.4763397E+01   4.1795952E+06  -5.1710901E+02   0.0000000E+00   0.0000000E+00   0.0000000E+00
     8.4700000E+02   9.4757835E+01   5.7836752E-02   9.4762367E+01   4.1089522E+06  -4.7233255E+02   0.0000000E+00   0.0000000E+00   0.0000000E+00
     8.4800000E+02   9.4757553E+01   5.7556044E-02   9.4761681E+01   4.0757578E+06  -4.2972623E+02   0.0000000E+00   0.0000000E+00   0.0000000E+00
     8.4900000E+02   9.4759735E+01   5.9735987E-02   9.4763405E+01   4.3362865E+06  -3.8248859E+02   0.0000000E+00   0.0000000E+00   0.0000000E+00
     8.5000000E+02   9.4760529E+01   6.0534313E-02   9.4763924E+01   4.4333015E+06  -3.5316727E+02   0.0000000E+00   0.0000000E+00   0.0000000E+00
     8.5100000E+02   9.4777626E+01   7.7632293E-02   9.4781097E+01   6.7111445E+06  -3.6096268E+02   0.0000000E+00   0.0000000E+00   0.0000000E+00
     8.5200000E+02   9.4839058E+01   1.3906389E-01   9.4841774E+01   1.7731618E+07  -2.8265347E+02   0.0000000E+00   0.0000000E+00   0.0000000E+00
     8.5300000E+02   9.4771088E+01   7.1088277E-02   9.4778709E+01   5.7950150E+06  -7.9360986E+02   0.0000000E+00   0.0000000E+00   0.0000000E+00
     8.5400000E+02   9.4760994E+01   6.0996730E-02   9.4766502E+01   4.4898795E+06  -5.7343091E+02   0.0000000E+00   0.0000000E+00   0.0000000E+00
     8.5500000E+02   9.4757149E+01   5.7155162E-02   9.4762077E+01   4.0285650E+06  -5.1305768E+02   0.0000000E+00   0.0000000E+00   0.0000000E+00
     8.5600000E+02   9.4755692E+01   5.5692192E-02   9.4760201E+01   3.8581740E+06  -4.6983667E+02   0.0000000E+00   0.0000000E+00   0.0000000E+00
     8.5700000E+02   9.4744606E+01   4.4605590E-02   9.4749153E+01   2.6650658E+06  -4.7419150E+02   0.0000000E+00   0.0000000E+00   0.0000000E+00
     8.5800000E+02   9.4752190E+01   5.2191310E-02   9.4755775E+01   3.4624938E+06  -3.7337381E+02   0.0000000E+00   0.0000000E+00   0.0000000E+00
     8.5900000E+02   9.4752342E+01   5.2347790E-02   9.4755920E+01   3.4798075E+06  -3.7225223E+02   0.0000000E+00   0.0000000E+00   0.0000000E+00
     8.6000000E+02   9.4752571E+01   5.2575141E-02   9.4755920E+01   3.5050300E+06  -3.4840128E+02   0.0000000E+00   0.0000000E+00   0.0000000E+00
     8.6100000E+02   9.4751640E+01   5.1642928E-02   9.4754814E+01   3.4020672E+06  -3.3015311E+02   0.0000000E+00   0.0000000E+00   0.0000000E+00
     8.6200000E+02   9.4751167E+01   5.1166955E-02   9.4754112E+01   3.3499675E+06  -3.0737030E+02   0.0000000E+00   0.0000000E+00   0.0000000E+00
     8.6300000E+02   9.4751862E+01   5.1863462E-02   9.4754578E+01   3.4262935E+06  -2.8302014E+02   0.0000000E+00   0.0000000E+00   0.0000000E+00
     8.6400000E+02   9.4750313E+01   5.0314117E-02   9.4752930E+01   3.2574030E+06  -2.7299704E+02   0.0000000E+00   0.0000000E+00   0.0000000E+00
     8.6500000E+02   9.4750137E+01   5.0138932E-02   9.4752541E+01   3.2385265E+06  -2.5058385E+02   0.0000000E+00   0.0000000E+00   0.0000000E+00
     8.6600000E+02   9.4748398E+01   4.8402831E-02   9.4750702E+01   3.0537960E+06  -2.3999869E+02   0.0000000E+00   0.0000000E+00   0.0000000E+00
     8.6700000E+02   9.4749664E+01   4.9665459E-02   9.4751846E+01   3.1877170E+06  -2.2726170E+02   0.0000000E+00   0.0000000E+00   0.0000000E+00
     8.6800000E+02   9.4863266E+01   1.6326579E-01   9.4864357E+01   2.3167714E+07  -1.1406890E+02   0.0000000E+00   0.0000000E+00   0.0000000E+00
     8.6900000E+02   9.4882561E+01   1.8256143E-01   9.4889427E+01   2.7908668E+07  -7.1490875E+02   0.0000000E+00   0.0000000E+00   0.0000000E+00
     8.7000000E+02   9.5041466E+01   3.4146631E-01   9.5044815E+01   7.9244584E+07  -3.4879694E+02   0.0000000E+00   0.0000000E+00   0.0000000E+00
     8.7100000E+02   9.5112381E+01   4.1238630E-01   9.5119797E+01   1.0853397E+08  -7.7202295E+02   0.0000000E+00   0.0000000E+00   0.0000000E+00
     8.7200000E+02   9.4958298E+01   2.5829917E-01   9.4974579E+01   4.9765660E+07  -1.6954558E+03   0.0000000E+00   0.0000000E+00   0.0000000E+00
     8.7300000E+02   9.4844955E+01   1.4496003E-01   9.4860161E+01   1.9002238E+07  -1.5833508E+03   0.0000000E+00   0.0000000E+00   0.0000000E+00
     8.7400000E+02   9.4801125E+01   1.0112604E-01   9.4813713E+01   1.0427086E+07  -1.3107982E+03   0.0000000E+00   0.0000000E+00   0.0000000E+00
     8.7500000E+02   9.4781349E+01   8.1355438E-02   9.4792931E+01   7.2560900E+06  -1.2053146E+03   0.0000000E+00   0.0000000E+00   0.0000000E+00
     8.7600000E+02   9.4771973E+01   7.1979396E-02   9.4783104E+01   5.9165800E+06  -1.1587762E+03   0.0000000E+00   0.0000000E+00   0.0000000E+00
     8.7700000E+02   9.5052063E+01   3.5206816E-01   9.5052589E+01   8.3387752E+07  -5.4567551E+01   0.0000000E+00   0.0000000E+00   0.0000000E+00
     8.7800000E+02   9.5155586E+01   4.5558578E-01   9.5162308E+01   1.2813715E+08  -7.0011932E+02   0.0000000E+00   0.0000000E+00   0.0000000E+00
     8.7900000E+02   9.4856636E+01   1.5663965E-01   9.4878555E+01   2.1621902E+07  -2.2824031E+03   0.0000000E+00   0.0000000E+00   0.0000000E+00
     8.8000000E+02   9.4797279E+01   9.7285539E-02   9.4810799E+01   9.7754820E+06  -1.4077289E+03   0.0000000E+00   0.0000000E+00   0.0000000E+00
     8.8100000E+02   9.4784920E+01   8.4925458E-02   9.4796310E+01   7.7944965E+06  -1.1859941E+03   0.0000000E+00   0.0000000E+00   0.0000000E+00
     8.8200000E+02   9.4775848E+01   7.5852416E-02   9.4786987E+01   6.4566530E+06  -1.1599170E+03   0.0000000E+00   0.0000000E+00   0.0000000E+00
     8.8300000E+02   9.4775146E+01   7.5151429E-02   9.4785934E+01   6.3575195E+06  -1.1228323E+03   0.0000000E+00   0.0000000E+00   0.0000000E+00
     8.8400000E+02   9.4767441E+01   6.7445725E-02   9.4778435E+01   5.3086520E+06  -1.1445640E+03   0.0000000E+00   0.0000000E+00   0.0000000E+00
     8.8500000E+02   9.4763901E+01   6.3902065E-02   9.4774696E+01   4.8519550E+06  -1.1243005E+03   0.0000000E+00   0.0000000E+00   0.0000000E+00
     8.8600000E+02   9.4770432E+01   7.0434697E-02   9.4780823E+01   5.7064970E+06  -1.0820533E+03   0.0000000E+00   0.0000000E+00   0.0000000E+00
     8.8700000E+02   9.4858673E+01   1.5867968E-01   9.4866020E+01   2.2093274E+07  -7.6492743E+02   0.0000000E+00   0.0000000E+00   0.0000000E+00
     8.8800000E+02   9.4778961E+01   7.8961387E-02   9.4792435E+01   6.9036705E+06  -1.4031849E+03   0.0000000E+00   0.0000000E+00   0.0000000E+00
     8.8900000E+02   9.4763840E+01   6.3845098E-02   9.4775108E+01   4.8447405E+06  -1.1732660E+03   0.0000000E+00   0.0000000E+00   0.0000000E+00
     8.9000000E+02   9.4758293E+01   5.8299996E-02   9.4769066E+01   4.1639488E+06  -1.1217295E+03   0.0000000E+00   0.0000000E+00   0.0000000E+00
     8.9100000E+02   9.4755806E+01   5.5810299E-02   9.4766388E+01   3.8718355E+06  -1.1020509E+03   0.0000000E+00   0.0000000E+00   0.0000000E+00
     8.9200000E+02   9.4753059E+01   5.3064607E-02   9.4763367E+01   3.5595875E+06  -1.0726971E+03   0.0000000E+00   0.0000000E+00   0.0000000E+00
     8.9300000E+02   9.4750328E+01   5.0327476E-02   9.4760162E+01   3.2588890E+06  -1.0246797E+03   0.0000000E+00   0.0000000E+00   0.0000000E+00
     8.9400000E+02   9.4797493E+01   9.7494826E-02   9.4805672E+01   9.8105510E+06  -8.5175244E+02   0.0000000E+00   0.0000000E+00   0.0000000E+00
     8.9500000E+02   9.4772835E+01   7.2840899E-02   9.4783829E+01   6.0350640E+06  -1.1442327E+03   0.0000000E+00   0.0000000E+00   0.0000000E+00
     8.9600000E+02   9.4864006E+01   1.6400626E-01   9.4870987E+01   2.3343116E+07  -7.2720557E+02   0.0000000E+00   0.0000000E+00   0.0000000E+00
     8.9700000E+02   9.4838287E+01   1.3829093E-01   9.4849594E+01   1.7567652E+07  -1.1773604E+03   0.0000000E+00   0.0000000E+00   0.0000000E+00
     8.9800000E+02   9.4790794E+01   9.0795919E-02   9.4803123E+01   8.7129870E+06  -1.2840260E+03   0.0000000E+00   0.0000000E+00   0.0000000E+00
     8.9900000E+02   9.5138161E+01   4.3816194E-01   9.5136116E+01   1.2007386E+08   2.1268298E+02   0.0000000E+00   0.0000000E+00   0.0000000E+00
     9.0000000E+02   9.5219475E+01   5.1947498E-01   9.5227028E+01   1.5946510E+08  -7.8653864E+02   0.0000000E+00   0.0000000E+00   0.0000000E+00
     9.0100000E+02   9.5243538E+01   5.4354042E-01   9.5253693E+01   1.7196659E+08  -1.0571833E+03   0.0000000E+00   0.0000000E+00   0.0000000E+00
     9.0200000E+02   9.5156609E+01   4.5661315E-01   9.5170959E+01   1.2861897E+08  -1.4940840E+03   0.0000000E+00   0.0000000E+00   0.0000000E+00
     9.0300000E+02   9.5168015E+01   4.6801767E-01   9.5178947E+01   1.3401747E+08  -1.1385220E+03   0.0000000E+00   0.0000000E+00   0.0000000E+00
     9.0400000E+02   9.5203239E+01   5.0324422E-01   9.5213165E+01   1.5124781E+08  -1.0337390E+03   0.0000000E+00   0.0000000E+00   0.0000000E+00
     9.0500000E+02   9.5763741E+01   1.0637465E+00   9.5756126E+01   5.2656813E+08   7.9289386E+02   0.0000000E+00   0.0000000E+00   0.0000000E+00
     9.0600000E+02   9.5358673E+01   6.5867388E-01   9.5381538E+01   2.3686907E+08  -2.3810066E+03   0.0000000E+00   0.0000000E+00   0.0000000E+00
     9.0700000E+02   9.5362053E+01   6.6205847E-01   9.5374001E+01   2.3890115E+08  -1.2440862E+03   0.0000000E+00   0.0000000E+00   0.0000000E+00
     9.0800000E+02   9.5281769E+01   5.8176976E-01   9.5297028E+01   1.9259410E+08  -1.5894252E+03   0.0000000E+00   0.0000000E+00   0.0000000E+00
     9.0900000E+02   9.5193710E+01   4.9371246E-01   9.5209686E+01   1.4650344E+08  -1.6632965E+03   0.0000000E+00   0.0000000E+00   0.0000000E+00
     9.1000000E+02   9.5100189E+01   4.0018922E-01   9.5116348E+01   1.0323654E+08  -1.6829155E+03   0.0000000E+00   0.0000000E+00   0.0000000E+00
     9.1100000E+02   9.5074486E+01   3.7448749E-01   9.5087883E+01   9.2424400E+07  -1.3951835E+03   0.0000000E+00   0.0000000E+00   0.0000000E+00
     9.1200000E+02   9.5058357E+01   3.5835651E-01   9.5071014E+01   8.5884808E+07  -1.3186733E+03   0.0000000E+00   0.0000000E+00   0.0000000E+00
     9.1300000E+02   9.5048302E+01   3.4830821E-01   9.5060516E+01   8.1908792E+07  -1.2718302E+03   0.0000000E+00   0.0000000E+00   0.0000000E+00
     9.1400000E+02   9.5036659E+01   3.3665895E-01   9.5048775E+01   7.7394168E+07  -1.2615281E+03   0.0000000E+00   0.0000000E+00   0.0000000E+00
     9.1500000E+02   9.5020851E+01   3.2085684E-01   9.5032982E+01   7.1434824E+07  -1.2631639E+03   0.0000000E+00   0.0000000E+00   0.0000000E+00
     9.1600000E+02   9.5002266E+01   3.0226645E-01   9.5014366E+01   6.4670748E+07  -1.2599143E+03   0.0000000E+00   0.0000000E+00   0.0000000E+00
     9.1700000E+02   9.4993828E+01   2.9383063E-01   9.5005409E+01   6.1690692E+07  -1.2059017E+03   0.0000000E+00   0.0000000E+00   0.0000000E+00
     9.1800000E+02   9.4993301E+01   2.9330066E-01   9.5004448E+01   6.1505340E+07  -1.1607528E+03   0.0000000E+00   0.0000000E+00   0.0000000E+00
     9.1900000E+02   9.4907776E+01   2.0777681E-01   9.4921982E+01   3.4624720E+07  -1.4797766E+03   0.0000000E+00   0.0000000E+00   0.0000000E+00
     9.2000000E+02   9.4886597E+01   1.8659872E-01   9.4898354E+01   2.8944898E+07  -1.2239773E+03   0.0000000E+00   0.0000000E+00   0.0000000E+00
     9.2100000E+02   9.4881317E+01   1.8132006E-01   9.4891945E+01   2.7593108E+07  -1.1068132E+03   0.0000000E+00   0.0000000E+00   0.0000000E+00
     9.2200000E+02   9.4879822E+01   1.7982107E-01   9.4889587E+01   2.7213906E+07  -1.0174348E+03   0.0000000E+00   0.0000000E+00   0.0000000E+00
     9.2300000E+02   9.4878235E+01   1.7824121E-01   9.4887184E+01   2.6816610E+07  -9.3170868E+02   0.0000000E+00   0.0000000E+00   0.0000000E+00
     9.2400000E+02   9.4872993E+01   1.7299813E-01   9.4881218E+01   2.5514818E+07  -8.5619312E+02   0.0000000E+00   0.0000000E+00   0.0000000E+00
     9.2500000E+02   9.4881676E+01   1.8167531E-01   9.4889084E+01   2.7683284E+07  -7.7205969E+02   0.0000000E+00   0.0000000E+00   0.0000000E+00
     9.2600000E+02   9.4875755E+01   1.7575775E-01   9.4883156E+01   2.6196830E+07  -7.7068701E+02   0.0000000E+00   0.0000000E+00   0.0000000E+00
     9.2700000E+02   9.4872795E+01   1.7280143E-01   9.4879509E+01   2.5466578E+07  -6.9864349E+02   0.0000000E+00   0.0000000E+00   0.0000000E+00
     9.2800000E+02   9.4870209E+01   1.7021057E-01   9.4876312E+01   2.4833354E+07  -6.3542273E+02   0.0000000E+00   0.0000000E+00   0.0000000E+00
     9.2900000E+02   9.4869049E+01   1.6905300E-01   9.4874550E+01   2.4552506E+07  -5.7285297E+02   0.0000000E+00   0.0000000E+00   0.0000000E+00
     9.3000000E+02   9.4847198E+01   1.4720230E-01   9.4853012E+01   1.9494680E+07  -6.0529431E+02   0.0000000E+00   0.0000000E+00   0.0000000E+00
     9.3100000E+02   9.4842888E+01   1.4288870E-01   9.4847649E+01   1.8551942E+07  -4.9581094E+02   0.0000000E+00   0.0000000E+00   0.0000000E+00
     9.3200000E+02   9.4842552E+01   1.4255667E-01   9.4847069E+01   1.8480044E+07  -4.7014493E+02   0.0000000E+00   0.0000000E+00   0.0000000E+00
     9.3300000E+02   9.4843147E+01   1.4315067E-01   9.4847420E+01   1.8608584E+07  -4.4446204E+02   0.0000000E+00   0.0000000E+00   0.0000000E+00
     9.3400000E+02   9.4841270E+01   1.4127497E-01   9.4845367E+01   1.8203944E+07  -4.2676971E+02   0.0000000E+00   0.0000000E+00   0.0000000E+00
     9.3500000E+02   9.4843071E+01   1.4307630E-01   9.4846848E+01   1.8592526E+07  -3.9334317E+02   0.0000000E+00   0.0000000E+00   0.0000000E+00
     9.3600000E+02   9.4844604E+01   1.4460945E-01   9.4848564E+01   1.8925734E+07  -4.1196829E+02   0.0000000E+00   0.0000000E+00   0.0000000E+00
     9.3700000E+02   9.4843575E+01   1.4357577E-01   9.4847565E+01   1.8700796E+07  -4.1545969E+02   0.0000000E+00   0.0000000E+00   0.0000000E+00
     9.3800000E+02   9.4838074E+01   1.3807413E-01   9.4842072E+01   1.7521746E+07  -4.1667307E+02   0.0000000E+00   0.0000000E+00   0.0000000E+00
     9.3900000E+02   9.4840782E+01   1.4078780E-01   9.4844284E+01   1.8099570E+07  -3.6420309E+02   0.0000000E+00   0.0000000E+00   0.0000000E+00
     9.4000000E+02   9.4838440E+01   1.3844416E-01   9.4841896E+01   1.7600100E+07  -3.5986566E+02   0.0000000E+00   0.0000000E+00   0.0000000E+00
     9.4100000E+02   9.4835556E+01   1.3555695E-01   9.4838829E+01   1.6992640E+07  -3.4088724E+02   0.0000000E+00   0.0000000E+00   0.0000000E+00
     9.4200000E+02   9.4838318E+01   1.3832067E-01   9.4841187E+01   1.7573980E+07  -2.9912631E+02   0.0000000E+00   0.0000000E+00   0.0000000E+00
     9.4300000E+02   9.4838684E+01   1.3868934E-01   9.4841461E+01   1.7652054E+07  -2.8887805E+02   0.0000000E+00   0.0000000E+00   0.0000000E+00
     9.4400000E+02   9.4837784E+01   1.3778561E-01   9.4840439E+01   1.7460812E+07  -2.7639948E+02   0.0000000E+00   0.0000000E+00   0.0000000E+00
     9.4500000E+02   9.4833992E+01   1.3399707E-01   9.4836578E+01   1.6668007E+07  -2.6886102E+02   0.0000000E+00   0.0000000E+00   0.0000000E+00
     9.4600000E+02   9.4821663E+01   1.2166537E-01   9.4824409E+01   1.4190628E+07  -2.8627420E+02   0.0000000E+00   0.0000000E+00   0.0000000E+00
     9.4700000E+02   9.4818619E+01   1.1862486E-01   9.4820908E+01   1.3604491E+07  -2.3762143E+02   0.0000000E+00   0.0000000E+00   0.0000000E+00
     9.4800000E+02   9.4807945E+01   1.0794974E-01   9.4810379E+01   1.1625931E+07  -2.5313203E+02   0.0000000E+00   0.0000000E+00   0.0000000E+00
     9.4900000E+02   9.4811111E+01   1.1111152E-01   9.4812927E+01   1.2198969E+07  -1.8914786E+02   0.0000000E+00   0.0000000E+00   0.0000000E+00
     9.5000000E+02   9.4813210E+01   1.1321139E-01   9.4814941E+01   1.2585605E+07  -1.8053276E+02   0.0000000E+00   0.0000000E+00   0.0000000E+00
     9.5100000E+02   9.4813736E+01   1.1373911E-01   9.4815430E+01   1.2683526E+07  -1.7667059E+02   0.0000000E+00   0.0000000E+00   0.0000000E+00
     9.5200000E+02   9.4798553E+01   9.8553658E-02   9.4800743E+01   9.9887770E+06  -2.2814896E+02   0.0000000E+00   0.0000000E+00   0.0000000E+00
     9.5300000E+02   9.4797829E+01   9.7833157E-02   9.4799423E+01   9.8673630E+06  -1.6582039E+02   0.0000000E+00   0.0000000E+00   0.0000000E+00
     9.5400000E+02   9.4789124E+01   8.9126609E-02   9.4790916E+01   8.4476620E+06  -1.8645090E+02   0.0000000E+00   0.0000000E+00   0.0000000E+00
     9.5500000E+02   9.4783485E+01   8.3490677E-02   9.4785095E+01   7.5762310E+06  -1.6727490E+02   0.0000000E+00   0.0000000E+00   0.0000000E+00
     9.5600000E+02   9.4811592E+01   1.1159424E-01   9.4813751E+01   1.2287403E+07  -2.2513841E+02   0.0000000E+00   0.0000000E+00   0.0000000E+00
     9.5700000E+02   9.4815178E+01   1.1517748E-01   9.4819260E+01   1.2952000E+07  -4.2572122E+02   0.0000000E+00   0.0000000E+00   0.0000000E+00
     9.5800000E+02   9.4796074E+01   9.6075051E-02   9.4802696E+01   9.5736030E+06  -6.8970801E+02   0.0000000E+00   0.0000000E+00   0.0000000E+00
     9.5900000E+02   9.4813446E+01   1.1344653E-01   9.4820786E+01   1.2629216E+07  -7.6435626E+02   0.0000000E+00   0.0000000E+00   0.0000000E+00
     9.6000000E+02   9.4782387E+01   8.2389668E-02   9.4792313E+01   7.4104430E+06  -1.0333979E+03   0.0000000E+00   0.0000000E+00   0.0000000E+00
     9.6100000E+02   9.4769783E+01   6.9786236E-02   9.4779030E+01   5.6192100E+06  -9.6286774E+02   0.0000000E+00   0.0000000E+00   0.0000000E+00
     9.6200000E+02   9.4760895E+01   6.0896233E-02   9.4769524E+01   4.4775665E+06  -8.9894885E+02   0.0000000E+00   0.0000000E+00   0.0000000E+00
     9.6300000E+02   9.4765839E+01   6.5844454E-02   9.4773392E+01   5.1002305E+06  -7.8611621E+02   0.0000000E+00   0.0000000E+00   0.0000000E+00
     9.6400000E+02   9.4765762E+01   6.5764539E-02   9.4772942E+01   5.0899320E+06  -7.4727795E+02   0.0000000E+00   0.0000000E+00   0.0000000E+00
     9.6500000E+02   9.4756195E+01   5.6194372E-02   9.4763252E+01   3.9163280E+06  -7.3494128E+02   0.0000000E+00   0.0000000E+00   0.0000000E+00
     9.6600000E+02   9.4749603E+01   4.9602646E-02   9.4756142E+01   3.1810268E+06  -6.8115277E+02   0.0000000E+00   0.0000000E+00   0.0000000E+00
     9.6700000E+02   9.4754379E+01   5.4382738E-02   9.4760353E+01   3.7081640E+06  -6.2230414E+02   0.0000000E+00   0.0000000E+00   0.0000000E+00
     9.6800000E+02   9.4748047E+01   4.8050340E-02   9.4754173E+01   3.0168608E+06  -6.3754266E+02   0.0000000E+00   0.0000000E+00   0.0000000E+00
     9.6900000E+02   9.4753799E+01   5.3802121E-02   9.4759186E+01   3.6424212E+06  -5.6077893E+02   0.0000000E+00   0.0000000E+00   0.0000000E+00
     9.7000000E+02   9.4755211E+01   5.5216528E-02   9.4760414E+01   3.8033965E+06  -5.4134460E+02   0.0000000E+00   0.0000000E+00   0.0000000E+00
     9.7100000E+02   9.4754181E+01   5.4184493E-02   9.4759132E+01   3.6856760E+06  -5.1548425E+02   0.0000000E+00   0.0000000E+00   0.0000000E+00
     9.7200000E+02   9.4752991E+01   5.2993376E-02   9.4757607E+01   3.5516292E+06  -4.8041010E+02   0.0000000E+00   0.0000000E+00   0.0000000E+00
     9.7300000E+02   9.4757965E+01   5.7970375E-02   9.4762047E+01   4.1247855E+06  -4.2505331E+02   0.0000000E+00   0.0000000E+00   0.0000000E+00
     9.7400000E+02   9.4764015E+01   6.4014748E-02   9.4767899E+01   4.8662090E+06  -4.0469223E+02   0.0000000E+00   0.0000000E+00   0.0000000E+00
     9.7500000E+02   9.4749313E+01   4.9315173E-02   9.4753746E+01   3.1503608E+06  -4.6157791E+02   0.0000000E+00   0.0000000E+00   0.0000000E+00
     9.7600000E+02   9.4780205E+01   8.0206320E-02   9.4785522E+01   7.0860495E+06  -5.5390985E+02   0.0000000E+00   0.0000000E+00   0.0000000E+00
     9.7700000E+02   9.4867134E+01   1.6713673E-01   9.4872330E+01   2.4090408E+07  -5.4130261E+02   0.0000000E+00   0.0000000E+00   0.0000000E+00
     9.7800000E+02   9.4800011E+01   1.0001037E-01   9.4811981E+01   1.0236082E+07  -1.2467021E+03   0.0000000E+00   0.0000000E+00   0.0000000E+00
     9.7900000E+02   9.4766693E+01   6.6695705E-02   9.4778152E+01   5.2106255E+06  -1.1932056E+03   0.0000000E+00   0.0000000E+00   0.0000000E+00
     9.8000000E+02   9.4754425E+01   5.4429423E-02   9.4765137E+01   3.7134938E+06  -1.1153696E+03   0.0000000E+00   0.0000000E+00   0.0000000E+00
     9.8100000E+02   9.4750404E+01   5.0407752E-02   9.4760628E+01   3.2675458E+06  -1.0644359E+03   0.0000000E+00   0.0000000E+00   0.0000000E+00
     9.8200000E+02   9.4747879E+01   4.7884464E-02   9.4757706E+01   2.9995458E+06  -1.0230289E+03   0.0000000E+00   0.0000000E+00   0.0000000E+00
     9.8300000E+02   9.4745255E+01   4.5258861E-02   9.4754631E+01   2.7304188E+06  -9.7642505E+02   0.0000000E+00   0.0000000E+00   0.0000000E+00
     9.8400000E+02   9.4741837E+01   4.1841343E-02   9.4750732E+01   2.3955320E+06  -9.2574896E+02   0.0000000E+00   0.0000000E+00   0.0000000E+00
     9.8500000E+02   9.4742096E+01   4.2102363E-02   9.4750305E+01   2.4205250E+06  -8.5430273E+02   0.0000000E+00   0.0000000E+00   0.0000000E+00
     9.8600000E+02   9.4747261E+01   4.7265805E-02   9.4754700E+01   2.9352072E+06  -7.7452905E+02   0.0000000E+00   0.0000000E+00   0.0000000E+00
     9.8700000E+02   9.4742638E+01   4.2644449E-02   9.4749847E+01   2.4726852E+06  -7.5043665E+02   0.0000000E+00   0.0000000E+00   0.0000000E+00
     9.8800000E+02   9.4741196E+01   4.1195117E-02   9.4747719E+01   2.3341688E+06  -6.7998840E+02   0.0000000E+00   0.0000000E+00   0.0000000E+00
     9.8900000E+02   9.4745026E+01   4.5027643E-02   9.4750801E+01   2.7073070E+06  -6.0187701E+02   0.0000000E+00   0.0000000E+00   0.0000000E+00
     9.9000000E+02   9.4748650E+01   4.8651915E-02   9.4753906E+01   3.0800502E+06  -5.4730731E+02   0.0000000E+00   0.0000000E+00   0.0000000E+00
     9.9100000E+02   9.4750053E+01   5.0059445E-02   9.4754906E+01   3.2300268E+06  -5.0464841E+02   0.0000000E+00   0.0000000E+00   0.0000000E+00
     9.9200000E+02   9.4749138E+01   4.9141221E-02   9.4753616E+01   3.1318698E+06  -4.6646951E+02   0.0000000E+00   0.0000000E+00   0.0000000E+00
     9.9300000E+02   9.4739990E+01   3.9995249E-02   9.4744362E+01   2.2219962E+06  -4.5499493E+02   0.0000000E+00   0.0000000E+00   0.0000000E+00
     9.9400000E+02   9.4738228E+01   3.8229041E-02   9.4741951E+01   2.0607901E+06  -3.8793774E+02   0.0000000E+00   0.0000000E+00   0.0000000E+00
     9.9500000E+02   9.4737312E+01   3.7316259E-02   9.4740654E+01   1.9795008E+06  -3.4786975E+02   0.0000000E+00   0.0000000E+00   0.0000000E+00
     9.9600000E+02   9.4736206E+01   3.6206242E-02   9.4739243E+01   1.8823020E+06  -3.1637997E+02   0.0000000E+00   0.0000000E+00   0.0000000E+00
     9.9700000E+02   9.4736710E+01   3.6712289E-02   9.4739410E+01   1.9263782E+06  -2.8151154E+02   0.0000000E+00   0.0000000E+00   0.0000000E+00
     9.9800000E+02   9.4744209E+01   4.4208996E-02   9.4746407E+01   2.6256420E+06  -2.2881311E+02   0.0000000E+00   0.0000000E+00   0.0000000E+00
     9.9900000E+02   9.4747307E+01   4.7309604E-02   9.4749443E+01   2.9397125E+06  -2.2208946E+02   0.0000000E+00   0.0000000E+00   0.0000000E+00
     1.0000000E+03   9.4747269E+01   4.7272798E-02   9.4749329E+01   2.9359268E+06  -2.1450620E+02   0.0000000E+00   0.0000000E+00   0.0000000E+00
     1.0010000E+03   9.4921898E+01   2.2190310E-01   9.4920753E+01   3.8636396E+07   1.1936457E+02   0.0000000E+00   0.0000000E+00   0.0000000E+00
     1.0020000E+03   9.4772049E+01   7.2051182E-02   9.4784760E+01   5.9264540E+06  -1.3238671E+03   0.0000000E+00   0.0000000E+00   0.0000000E+00
     1.0030000E+03   9.4758102E+01   5.8107287E-02   9.4767029E+01   4.1410365E+06  -9.2897583E+02   0.0000000E+00   0.0000000E+00   0.0000000E+00
     1.0040000E+03   9.4753922E+01   5.3927246E-02   9.4762215E+01   3.6565545E+06  -8.6353009E+02   0.0000000E+00   0.0000000E+00   0.0000000E+00
     1.0050000E+03   9.4743050E+01   4.3051340E-02   9.4751045E+01   2.5120288E+06  -8.3296313E+02   0.0000000E+00   0.0000000E+00   0.0000000E+00
     1.0060000E+03   9.4738991E+01   3.8991533E-02   9.4746117E+01   2.1297892E+06  -7.4241534E+02   0.0000000E+00   0.0000000E+00   0.0000000E+00
     1.0070000E+03   9.4737968E+01   3.7971377E-02   9.4744392E+01   2.0378056E+06  -6.6929840E+02   0.0000000E+00   0.0000000E+00   0.0000000E+00
     1.0080000E+03   9.4736923E+01   3.6924228E-02   9.4742844E+01   1.9450122E+06  -6.1659308E+02   0.0000000E+00   0.0000000E+00   0.0000000E+00
     1.0090000E+03   9.4736710E+01   3.6711052E-02   9.4742157E+01   1.9263279E+06  -5.6759778E+02   0.0000000E+00   0.0000000E+00   0.0000000E+00
     1.0100000E+03   9.4745308E+01   4.5312107E-02   9.4750031E+01   2.7357810E+06  -4.9177338E+02   0.0000000E+00   0.0000000E+00   0.0000000E+00
     1.0110000E+03   9.4743431E+01   4.3431085E-02   9.4748146E+01   2.5491378E+06  -4.9160345E+02   0.0000000E+00   0.0000000E+00   0.0000000E+00
     1.0120000E+03   9.4746346E+01   4.6347886E-02   9.4750534E+01   2.8407838E+06  -4.3650739E+02   0.0000000E+00   0.0000000E+00   0.0000000E+00
     1.0130000E+03   9.4746559E+01   4.6564925E-02   9.4750496E+01   2.8629615E+06  -4.0943384E+02   0.0000000E+00   0.0000000E+00   0.0000000E+00
     1.0140000E+03   9.4738411E+01   3.8411226E-02   9.4742317E+01   2.0772300E+06  -4.0674283E+02   0.0000000E+00   0.0000000E+00   0.0000000E+00
     1.0150000E+03   9.4740417E+01   4.0419199E-02   9.4743637E+01   2.2613565E+06  -3.3516901E+02   0.0000000E+00   0.0000000E+00   0.0000000E+00
     1.0160000E+03   9.4740128E+01   4.0131412E-02   9.4743118E+01   2.2345538E+06  -3.1118793E+02   0.0000000E+00   0.0000000E+00   0.0000000E+00
     1.0170000E+03   9.4738800E+01   3.8800608E-02   9.4741547E+01   2.1124380E+06  -2.8640085E+02   0.0000000E+00   0.0000000E+00   0.0000000E+00
     1.0180000E+03   9.4735275E+01   3.5278540E-02   9.4737854E+01   1.8026120E+06  -2.6850302E+02   0.0000000E+00   0.0000000E+00   0.0000000E+00
     1.0190000E+03   9.4741798E+01   4.1805062E-02   9.4743782E+01   2.3920368E+06  -2.0613519E+02   0.0000000E+00   0.0000000E+00   0.0000000E+00
     1.0200000E+03   9.4745605E+01   4.5611039E-02   9.4747475E+01   2.7659030E+06  -1.9401807E+02   0.0000000E+00   0.0000000E+00   0.0000000E+00
     1.0210000E+03   9.4742363E+01   4.2363334E-02   9.4744301E+01   2.4455312E+06  -2.0239354E+02   0.0000000E+00   0.0000000E+00   0.0000000E+00
     1.0220000E+03   9.4736679E+01   3.6679309E-02   9.4738564E+01   1.9234639E+06  -1.9613884E+02   0.0000000E+00   0.0000000E+00   0.0000000E+00
     1.0230000E+03   9.4734367E+01   3.4368306E-02   9.4735992E+01   1.7258158E+06  -1.6913770E+02   0.0000000E+00   0.0000000E+00   0.0000000E+00
     1.0240000E+03   9.4732101E+01   3.2104470E-02   9.4733604E+01   1.5404629E+06  -1.5616527E+02   0.0000000E+00   0.0000000E+00   0.0000000E+00
     1.0250000E+03   9.4732452E+01   3.2452393E-02   9.4733749E+01   1.5683932E+06  -1.3522842E+02   0.0000000E+00   0.0000000E+00   0.0000000E+00
     1.0260000E+03   9.4743820E+01   4.3824896E-02   9.4744614E+01   2.5877492E+06  -8.2661659E+01   0.0000000E+00   0.0000000E+00   0.0000000E+00
     1.0270000E+03   9.4746223E+01   4.6226364E-02   9.4747253E+01   2.8284235E+06  -1.0691881E+02   0.0000000E+00   0.0000000E+00   0.0000000E+00
     1.0280000E+03   9.4744522E+01   4.4523388E-02   9.4745636E+01   2.6568560E+06  -1.1601334E+02   0.0000000E+00   0.0000000E+00   0.0000000E+00
     1.0290000E+03   9.4738396E+01   3.8396575E-02   9.4739609E+01   2.0759482E+06  -1.2654178E+02   0.0000000E+00   0.0000000E+00   0.0000000E+00
     1.0300000E+03   9.4742996E+01   4.2996109E-02   9.4743752E+01   2.5066930E+06  -7.9303497E+01   0.0000000E+00   0.0000000E+00   0.0000000E+00
     1.0310000E+03   9.4739075E+01   3.9079778E-02   9.4740082E+01   2.1378250E+06  -1.0475124E+02   0.0000000E+00   0.0000000E+00   0.0000000E+00
     1.0320000E+03   9.4739067E+01   3.9071724E-02   9.4739891E+01   2.1370925E+06  -8.5520905E+01   0.0000000E+00   0.0000000E+00   0.0000000E+00
     1.0330000E+03   9.4740501E+01   4.0508114E-02   9.4741219E+01   2.2696428E+06  -7.4661827E+01   0.0000000E+00   0.0000000E+00   0.0000000E+00
     1.0340000E+03   9.4735428E+01   3.5427976E-02   9.4736343E+01   1.8154066E+06  -9.5255981E+01   0.0000000E+00   0.0000000E+00   0.0000000E+00
     1.0350000E+03   9.4735832E+01   3.5836320E-02   9.4736519E+01   1.8503774E+06  -7.1062759E+01   0.0000000E+00   0.0000000E+00   0.0000000E+00
     1.0360000E+03   9.4735748E+01   3.5750050E-02   9.4736404E+01   1.8429688E+06  -6.8628105E+01   0.0000000E+00   0.0000000E+00   0.0000000E+00
     1.0370000E+03   9.4734680E+01   3.4686696E-02   9.4735352E+01   1.7525051E+06  -6.9166420E+01   0.0000000E+00   0.0000000E+00   0.0000000E+00
     1.0380000E+03   9.4736397E+01   3.6397349E-02   9.4736931E+01   1.8989068E+06  -5.5616959E+01   0.0000000E+00   0.0000000E+00   0.0000000E+00
     1.0390000E+03   9.4742233E+01   4.2237218E-02   9.4742584E+01   2.4334418E+06  -3.6622566E+01   0.0000000E+00   0.0000000E+00   0.0000000E+00
     1.0400000E+03   9.4745605E+01   4.5608878E-02   9.4746017E+01   2.7656895E+06  -4.3017609E+01   0.0000000E+00   0.0000000E+00   0.0000000E+00
     1.0410000E+03   9.4746117E+01   4.6116486E-02   9.4746613E+01   2.8171730E+06  -5.2051704E+01   0.0000000E+00   0.0000000E+00   0.0000000E+00
     1.0420000E+03   9.4745880E+01   4.5885891E-02   9.4746391E+01   2.7937702E+06  -5.3273418E+01   0.0000000E+00   0.0000000E+00   0.0000000E+00
     1.0430000E+03   9.4740196E+01   4.0198859E-02   9.4740891E+01   2.2408202E+06  -7.2331314E+01   0.0000000E+00   0.0000000E+00   0.0000000E+00
     1.0440000E+03   9.4736160E+01   3.6164664E-02   9.4736778E+01   1.8787028E+06  -6.4275482E+01   0.0000000E+00   0.0000000E+00   0.0000000E+00
     1.0450000E+03   9.4734772E+01   3.4774031E-02   9.4735260E+01   1.7598511E+06  -5.1257301E+01   0.0000000E+00   0.0000000E+00   0.0000000E+00
     1.0460000E+03   9.4736313E+01   3.6314543E-02   9.4736671E+01   1.8917099E+06  -3.7197823E+01   0.0000000E+00   0.0000000E+00   0.0000000E+00
     1.0470000E+03   9.4736786E+01   3.6789007E-02   9.4737160E+01   1.9331444E+06  -3.8811882E+01   0.0000000E+00   0.0000000E+00   0.0000000E+00
     1.0480000E+03   9.4736038E+01   3.6041670E-02   9.4736443E+01   1.8680681E+06  -4.1844151E+01   0.0000000E+00   0.0000000E+00   0.0000000E+00
     1.0490000E+03   9.4737236E+01   3.7238710E-02   9.4737549E+01   1.9726179E+06  -3.2990238E+01   0.0000000E+00   0.0000000E+00   0.0000000E+00
     1.0500000E+03   9.4738716E+01   3.8717825E-02   9.4739006E+01   2.1049672E+06  -3.0321985E+01   0.0000000E+00   0.0000000E+00   0.0000000E+00
     1.0510000E+03   9.4738609E+01   3.8608655E-02   9.4738945E+01   2.0950846E+06  -3.5200817E+01   0.0000000E+00   0.0000000E+00   0.0000000E+00
     1.0520000E+03   9.4738388E+01   3.8390368E-02   9.4738724E+01   2.0753625E+06  -3.4756901E+01   0.0000000E+00   0.0000000E+00   0.0000000E+00
     1.0530000E+03   9.4737984E+01   3.7985705E-02   9.4738312E+01   2.0390299E+06  -3.4504200E+01   0.0000000E+00   0.0000000E+00   0.0000000E+00
     1.0540000E+03   9.4735931E+01   3.5938218E-02   9.4736320E+01   1.8591540E+06  -3.9931068E+01   0.0000000E+00   0.0000000E+00   0.0000000E+00
     1.0550000E+03   9.4734299E+01   3.4303136E-02   9.4734665E+01   1.7203786E+06  -3.7730808E+01   0.0000000E+00   0.0000000E+00   0.0000000E+00
     1.0560000E+03   9.4734924E+01   3.4924489E-02   9.4735191E+01   1.7725758E+06  -2.7924496E+01   0.0000000E+00   0.0000000E+00   0.0000000E+00
     1.0570000E+03   9.4734467E+01   3.4468424E-02   9.4734764E+01   1.7341546E+06  -3.0776367E+01   0.0000000E+00   0.0000000E+00   0.0000000E+00
     1.0580000E+03   9.4733070E+01   3.3077195E-02   9.4733398E+01   1.6190742E+06  -3.3546799E+01   0.0000000E+00   0.0000000E+00   0.0000000E+00
     1.0590000E+03   9.4732727E+01   3.2731965E-02   9.4733009E+01   1.5910536E+06  -2.8927307E+01   0.0000000E+00   0.0000000E+00   0.0000000E+00
     1.0600000E+03   9.4735374E+01   3.5379730E-02   9.4735535E+01   1.8112898E+06  -1.6494284E+01   0.0000000E+00   0.0000000E+00   0.0000000E+00
     1.0610000E+03   9.4738327E+01   3.8329586E-02   9.4738464E+01   2.0699182E+06  -1.4299608E+01   0.0000000E+00   0.0000000E+00   0.0000000E+00
     1.0620000E+03   9.4742027E+01   4.2027108E-02   9.4742126E+01   2.4133015E+06  -1.0724762E+01   0.0000000E+00   0.0000000E+00   0.0000000E+00
     1.0630000E+03   9.4742615E+01   4.2620081E-02   9.4742828E+01   2.4702790E+06  -2.2085699E+01   0.0000000E+00   0.0000000E+00   0.0000000E+00
     1.0640000E+03   9.4741135E+01   4.1133929E-02   9.4741417E+01   2.3284035E+06  -2.9961390E+01   0.0000000E+00   0.0000000E+00   0.0000000E+00
     1.0650000E+03   9.4740616E+01   4.0616456E-02   9.4740868E+01   2.2797880E+06  -2.6106157E+01   0.0000000E+00   0.0000000E+00   0.0000000E+00
     1.0660000E+03   9.4740387E+01   4.0387310E-02   9.4740616E+01   2.2583868E+06  -2.4355909E+01   0.0000000E+00   0.0000000E+00   0.0000000E+00
     1.0670000E+03   9.4739098E+01   3.9100632E-02   9.4739365E+01   2.1397168E+06  -2.7950069E+01   0.0000000E+00   0.0000000E+00   0.0000000E+00
     1.0680000E+03   9.4743034E+01   4.3040689E-02   9.4743111E+01   2.5110460E+06  -7.5144691E+00   0.0000000E+00   0.0000000E+00   0.0000000E+00
     1.0690000E+03   9.4745506E+01   4.5510758E-02   9.4745621E+01   2.7557935E+06  -1.2063327E+01   0.0000000E+00   0.0000000E+00   0.0000000E+00
     1.0700000E+03   9.4743431E+01   4.3432955E-02   9.4743713E+01   2.5493062E+06  -2.9350847E+01   0.0000000E+00   0.0000000E+00   0.0000000E+00
     1.0710000E+03   9.4739883E+01   3.9887596E-02   9.4740227E+01   2.2119908E+06  -3.5327503E+01   0.0000000E+00   0.0000000E+00   0.0000000E+00
     1.0720000E+03   9.4737511E+01   3.7516166E-02   9.4737808E+01   1.9972041E+06  -3.0671247E+01   0.0000000E+00   0.0000000E+00   0.0000000E+00
     1.0730000E+03   9.4734482E+01   3.4487441E-02   9.4734802E+01   1.7357784E+06  -3.2742184E+01   0.0000000E+00   0.0000000E+00   0.0000000E+00
     1.0740000E+03   9.4732323E+01   3.2322001E-02   9.4732597E+01   1.5579502E+06  -2.9114233E+01   0.0000000E+00   0.0000000E+00   0.0000000E+00
     1.0750000E+03   9.4735229E+01   3.5232976E-02   9.4735313E+01   1.7987394E+06  -8.8047285E+00   0.0000000E+00   0.0000000E+00   0.0000000E+00
     1.0760000E+03   9.4738838E+01   3.8844172E-02   9.4738876E+01   2.1164032E+06  -3.5064819E+00   0.0000000E+00   0.0000000E+00   0.0000000E+00
     1.0770000E+03   9.4737686E+01   3.7688449E-02   9.4737885E+01   2.0125111E+06  -2.0818148E+01   0.0000000E+00   0.0000000E+00   0.0000000E+00
     1.0780000E+03   9.4732368E+01   3.2373507E-02   9.4732727E+01   1.5620482E+06  -3.7212616E+01   0.0000000E+00   0.0000000E+00   0.0000000E+00
     1.0790000E+03   9.4731972E+01   3.1973921E-02   9.4732147E+01   1.5300909E+06  -1.8172264E+01   0.0000000E+00   0.0000000E+00   0.0000000E+00
     1.0800000E+03   9.4735214E+01   3.5218000E-02   9.4735245E+01   1.7974769E+06  -3.1080480E+00   0.0000000E+00   0.0000000E+00   0.0000000E+00
     1.0810000E+03   9.4740784E+01   4.0784713E-02   9.4740715E+01   2.2955215E+06   6.6215658E+00   0.0000000E+00   0.0000000E+00   0.0000000E+00
     1.0820000E+03   9.4742104E+01   4.2104550E-02   9.4742188E+01   2.4206900E+06  -9.0788603E+00   0.0000000E+00   0.0000000E+00   0.0000000E+00
     1.0830000E+03   9.4741043E+01   4.1047096E-02   9.4741226E+01   2.3201958E+06  -1.8644749E+01   0.0000000E+00   0.0000000E+00   0.0000000E+00
     1.0840000E+03   9.4737976E+01   3.7978392E-02   9.4738228E+01   2.0383460E+06  -2.6485500E+01   0.0000000E+00   0.0000000E+00   0.0000000E+00
     1.0850000E+03   9.4732994E+01   3.3000216E-02   9.4733322E+01   1.6128482E+06  -3.4018433E+01   0.0000000E+00   0.0000000E+00   0.0000000E+00
     1.0860000E+03   9.4731140E+01   3.1143893E-02   9.4731354E+01   1.4644865E+06  -2.2030653E+01   0.0000000E+00   0.0000000E+00   0.0000000E+00
     1.0870000E+03   9.4733696E+01   3.3699233E-02   9.4733742E+01   1.6701769E+06  -4.4218192E+00   0.0000000E+00   0.0000000E+00   0.0000000E+00
     1.0880000E+03   9.4738686E+01   3.8689215E-02   9.4738632E+01   2.1024268E+06   5.8028755E+00   0.0000000E+00   0.0000000E+00   0.0000000E+00
     1.0890000E+03   9.4738205E+01   3.8210329E-02   9.4738350E+01   2.0591798E+06  -1.4760739E+01   0.0000000E+00   0.0000000E+00   0.0000000E+00
     1.0900000E+03   9.4741486E+01   4.1484993E-02   9.4741493E+01   2.3616032E+06  -8.7515920E-01   0.0000000E+00   0.0000000E+00   0.0000000E+00
     1.0910000E+03   9.4739662E+01   3.9667949E-02   9.4739853E+01   2.1917308E+06  -1.9973951E+01   0.0000000E+00   0.0000000E+00   0.0000000E+00
     1.0920000E+03   9.4736397E+01   3.6399875E-02   9.4736649E+01   1.8991180E+06  -2.6252060E+01   0.0000000E+00   0.0000000E+00   0.0000000E+00
     1.0930000E+03   9.4737259E+01   3.7261195E-02   9.4737358E+01   1.9746129E+06  -1.0621585E+01   0.0000000E+00   0.0000000E+00   0.0000000E+00
     1.0940000E+03   9.4738213E+01   3.8216908E-02   9.4738312E+01   2.0596984E+06  -1.0520573E+01   0.0000000E+00   0.0000000E+00   0.0000000E+00
     1.0950000E+03   9.4742981E+01   4.2985834E-02   9.4742935E+01   2.5057192E+06   5.1068659E+00   0.0000000E+00   0.0000000E+00   0.0000000E+00
     1.0960000E+03   9.4745506E+01   4.5508206E-02   9.4745529E+01   2.7555435E+06  -2.8510103E+00   0.0000000E+00   0.0000000E+00   0.0000000E+00
     1.0970000E+03   9.4744080E+01   4.4083331E-02   9.4744255E+01   2.6132538E+06  -1.8262205E+01   0.0000000E+00   0.0000000E+00   0.0000000E+00
     1.0980000E+03   9.4749466E+01   4.9472250E-02   9.4750046E+01   3.1670788E+06  -5.9878365E+01   0.0000000E+00   0.0000000E+00   0.0000000E+00
     1.0990000E+03   9.4797318E+01   9.7322449E-02   9.4800056E+01   9.7816660E+06  -2.8472711E+02   0.0000000E+00   0.0000000E+00   0.0000000E+00
     1.1000000E+03   9.4820084E+01   1.2008403E-01   9.4826538E+01   1.3884596E+07  -6.7244037E+02   0.0000000E+00   0.0000000E+00   0.0000000E+00
     1.1010000E+03   9.4799995E+01   9.9996254E-02   9.4809723E+01   1.0233652E+07  -1.0127890E+03   0.0000000E+00   0.0000000E+00   0.0000000E+00
     1.1020000E+03   9.4786987E+01   8.6990096E-02   9.4797333E+01   8.1128630E+06  -1.0770596E+03   0.0000000E+00   0.0000000E+00   0.0000000E+00
     1.1030000E+03   9.4757645E+01   5.7650395E-02   9.4768951E+01   4.0869042E+06  -1.1772264E+03   0.0000000E+00   0.0000000E+00   0.0000000E+00
     1.1040000E+03   9.4751617E+01   5.1617555E-02   9.4762215E+01   3.3993000E+06  -1.1034479E+03   0.0000000E+00   0.0000000E+00   0.0000000E+00
     1.1050000E+03   9.4751007E+01   5.1012285E-02   9.4761475E+01   3.3331115E+06  -1.0894082E+03   0.0000000E+00   0.0000000E+00   0.0000000E+00
     1.1060000E+03   9.4744606E+01   4.4605404E-02   9.4755318E+01   2.6650358E+06  -1.1157081E+03   0.0000000E+00   0.0000000E+00   0.0000000E+00
     1.1070000E+03   9.4742874E+01   4.2877682E-02   9.4753426E+01   2.4952150E+06  -1.0987283E+03   0.0000000E+00   0.0000000E+00   0.0000000E+00
     1.1080000E+03   9.4743736E+01   4.3738473E-02   9.4754166E+01   2.5792748E+06  -1.0857261E+03   0.0000000E+00   0.0000000E+00   0.0000000E+00
     1.1090000E+03   9.4746284E+01   4.6285328E-02   9.4756500E+01   2.8344190E+06  -1.0640096E+03   0.0000000E+00   0.0000000E+00   0.0000000E+00
     1.1100000E+03   9.4745827E+01   4.5828737E-02   9.4755875E+01   2.7879695E+06  -1.0461124E+03   0.0000000E+00   0.0000000E+00   0.0000000E+00
     1.1110000E+03   9.4743462E+01   4.3464337E-02   9.4753189E+01   2.5523762E+06  -1.0128552E+03   0.0000000E+00   0.0000000E+00   0.0000000E+00
     1.1120000E+03   9.4741234E+01   4.1236326E-02   9.4750435E+01   2.3380610E+06  -9.5793164E+02   0.0000000E+00   0.0000000E+00   0.0000000E+00
     1.1130000E+03   9.4737076E+01   3.7082542E-02   9.4745720E+01   1.9588755E+06  -9.0007727E+02   0.0000000E+00   0.0000000E+00   0.0000000E+00
     1.1140000E+03   9.4739532E+01   3.9538395E-02   9.4747253E+01   2.1798295E+06  -8.0397174E+02   0.0000000E+00   0.0000000E+00   0.0000000E+00
     1.1150000E+03   9.4743019E+01   4.3024018E-02   9.4750008E+01   2.5094332E+06  -7.2729535E+02   0.0000000E+00   0.0000000E+00   0.0000000E+00
     1.1160000E+03   9.4740639E+01   4.0638875E-02   9.4747169E+01   2.2818910E+06  -6.8029919E+02   0.0000000E+00   0.0000000E+00   0.0000000E+00
     1.1170000E+03   9.4744087E+01   4.4090938E-02   9.4749786E+01   2.6140082E+06  -5.9313055E+02   0.0000000E+00   0.0000000E+00   0.0000000E+00
     1.1180000E+03   9.4744560E+01   4.4565789E-02   9.4749779E+01   2.6610948E+06  -5.4345868E+02   0.0000000E+00   0.0000000E+00   0.0000000E+00
     1.1190000E+03   9.4740105E+01   4.0105980E-02   9.4744980E+01   2.2322330E+06  -5.0798758E+02   0.0000000E+00   0.0000000E+00   0.0000000E+00
     1.1200000E+03   9.4739090E+01   3.9095141E-02   9.4743378E+01   2.1392538E+06  -4.4585605E+02   0.0000000E+00   0.0000000E+00   0.0000000E+00
     1.1210000E+03   9.4738602E+01   3.8600996E-02   9.4742432E+01   2.0943788E+06  -3.9905859E+02   0.0000000E+00   0.0000000E+00   0.0000000E+00
     1.1220000E+03   9.4739532E+01   3.9533373E-02   9.4742928E+01   2.1793692E+06  -3.5398849E+02   0.0000000E+00   0.0000000E+00   0.0000000E+00
     1.1230000E+03   9.4744865E+01   4.4868056E-02   9.4747765E+01   2.6912222E+06  -3.0177002E+02   0.0000000E+00   0.0000000E+00   0.0000000E+00
     1.1240000E+03   9.4745941E+01   4.5942210E-02   9.4748688E+01   2.7994600E+06  -2.8658096E+02   0.0000000E+00   0.0000000E+00   0.0000000E+00
     1.1250000E+03   9.4745300E+01   4.5305505E-02   9.4747864E+01   2.7350978E+06  -2.6633356E+02   0.0000000E+00   0.0000000E+00   0.0000000E+00
     1.1260000E+03   9.4741920E+01   4.1920122E-02   9.4744347E+01   2.4030262E+06  -2.5290407E+02   0.0000000E+00   0.0000000E+00   0.0000000E+00
     1.1270000E+03   9.4740715E+01   4.0715292E-02   9.4742859E+01   2.2890248E+06  -2.2334993E+02   0.0000000E+00   0.0000000E+00   0.0000000E+00
     1.1280000E+03   9.4740448E+01   4.0454131E-02   9.4742378E+01   2.2646072E+06  -2.0030862E+02   0.0000000E+00   0.0000000E+00   0.0000000E+00
     1.1290000E+03   9.4749245E+01   4.9251389E-02   9.4751396E+01   3.1435430E+06  -2.2394376E+02   0.0000000E+00   0.0000000E+00   0.0000000E+00
     1.1300000E+03   9.4753571E+01   5.3570416E-02   9.4756004E+01   3.6162958E+06  -2.5361194E+02   0.0000000E+00   0.0000000E+00   0.0000000E+00
     1.1310000E+03   9.4788879E+01   8.8884145E-02   9.4793175E+01   8.4094010E+06  -4.4707407E+02   0.0000000E+00   0.0000000E+00   0.0000000E+00
     1.1320000E+03   9.4752167E+01   5.2166935E-02   9.4760963E+01   3.4597858E+06  -9.1593152E+02   0.0000000E+00   0.0000000E+00   0.0000000E+00
     1.1330000E+03   9.4744179E+01   4.4184793E-02   9.4752655E+01   2.6232835E+06  -8.8202838E+02   0.0000000E+00   0.0000000E+00   0.0000000E+00
     1.1340000E+03   9.4744019E+01   4.4020809E-02   9.4752007E+01   2.6070770E+06  -8.3224823E+02   0.0000000E+00   0.0000000E+00   0.0000000E+00
     1.1350000E+03   9.4743065E+01   4.3070450E-02   9.4750580E+01   2.5139585E+06  -7.8240521E+02   0.0000000E+00   0.0000000E+00   0.0000000E+00
     1.1360000E+03   9.4746964E+01   4.6966273E-02   9.4753731E+01   2.9042550E+06  -7.0504761E+02   0.0000000E+00   0.0000000E+00   0.0000000E+00
     1.1370000E+03   9.4749237E+01   4.9241871E-02   9.4755875E+01   3.1425502E+06  -6.9083606E+02   0.0000000E+00   0.0000000E+00   0.0000000E+00
     1.1380000E+03   9.4747581E+01   4.7588117E-02   9.4754074E+01   2.9686230E+06  -6.7552039E+02   0.0000000E+00   0.0000000E+00   0.0000000E+00
     1.1390000E+03   9.4746498E+01   4.6500064E-02   9.4752647E+01   2.8563645E+06  -6.4016394E+02   0.0000000E+00   0.0000000E+00   0.0000000E+00
     1.1400000E+03   9.4740334E+01   4.0335935E-02   9.4746330E+01   2.2536052E+06  -6.2480109E+02   0.0000000E+00   0.0000000E+00   0.0000000E+00
     1.1410000E+03   9.4741135E+01   4.1137133E-02   9.4746536E+01   2.3287048E+06  -5.6278516E+02   0.0000000E+00   0.0000000E+00   0.0000000E+00
     1.1420000E+03   9.4740288E+01   4.0287070E-02   9.4745392E+01   2.2490570E+06  -5.3180786E+02   0.0000000E+00   0.0000000E+00   0.0000000E+00
     1.1430000E+03   9.4738892E+01   3.8891569E-02   9.4743790E+01   2.1207205E+06  -5.1058249E+02   0.0000000E+00   0.0000000E+00   0.0000000E+00
     1.1440000E+03   9.4747726E+01   4.7731984E-02   9.4753746E+01   2.9835970E+06  -6.2688458E+02   0.0000000E+00   0.0000000E+00   0.0000000E+00
     1.1450000E+03   9.4768959E+01   6.8964154E-02   9.4776283E+01   5.5093035E+06  -7.6283643E+02   0.0000000E+00   0.0000000E+00   0.0000000E+00
     1.1460000E+03   9.4790741E+01   9.0743117E-02   9.4799202E+01   8.7045670E+06  -8.8074945E+02   0.0000000E+00   0.0000000E+00   0.0000000E+00
     1.1470000E+03   9.4737709E+01   3.7711505E-02   9.4749550E+01   2.0145678E+06  -1.2332218E+03   0.0000000E+00   0.0000000E+00   0.0000000E+00
     1.1480000E+03   9.4732780E+01   3.2787208E-02   9.4743095E+01   1.5954961E+06  -1.0738436E+03   0.0000000E+00   0.0000000E+00   0.0000000E+00
     1.1490000E+03   9.4737373E+01   3.7372813E-02   9.4747299E+01   1.9844975E+06  -1.0337195E+03   0.0000000E+00   0.0000000E+00   0.0000000E+00
     1.1500000E+03   9.4739075E+01   3.9075315E-02   9.4748657E+01   2.1374465E+06  -9.9822095E+02   0.0000000E+00   0.0000000E+00   0.0000000E+00
     1.1510000E+03   9.4736839E+01   3.6841307E-02   9.4745979E+01   1.9376825E+06  -9.5156366E+02   0.0000000E+00   0.0000000E+00   0.0000000E+00
     1.1520000E+03   9.4736168E+01   3.6171567E-02   9.4744629E+01   1.8793308E+06  -8.8060883E+02   0.0000000E+00   0.0000000E+00   0.0000000E+00
     1.1530000E+03   9.4735802E+01   3.5801277E-02   9.4743629E+01   1.8473759E+06  -8.1579480E+02   0.0000000E+00   0.0000000E+00   0.0000000E+00
     1.1540000E+03   9.4730232E+01   3.0235337E-02   9.4737686E+01   1.3939552E+06  -7.7576392E+02   0.0000000E+00   0.0000000E+00   0.0000000E+00
     1.1550000E+03   9.4729431E+01   2.9430637E-02   9.4736160E+01   1.3326738E+06  -7.0128613E+02   0.0000000E+00   0.0000000E+00   0.0000000E+00
     1.1560000E+03   9.4730957E+01   3.0960964E-02   9.4737083E+01   1.4501566E+06  -6.3771381E+02   0.0000000E+00   0.0000000E+00   0.0000000E+00
     1.1570000E+03   9.4732574E+01   3.2579333E-02   9.4738205E+01   1.5786785E+06  -5.8584894E+02   0.0000000E+00   0.0000000E+00   0.0000000E+00
     1.1580000E+03   9.4733841E+01   3.3840410E-02   9.4739014E+01   1.6818412E+06  -5.3868158E+02   0.0000000E+00   0.0000000E+00   0.0000000E+00
     1.1590000E+03   9.4733826E+01   3.3831164E-02   9.4738609E+01   1.6810716E+06  -4.9784311E+02   0.0000000E+00   0.0000000E+00   0.0000000E+00
     1.1600000E+03   9.4733719E+01   3.3725083E-02   9.4738098E+01   1.6722944E+06  -4.5546774E+02   0.0000000E+00   0.0000000E+00   0.0000000E+00
     1.1610000E+03   9.4728279E+01   2.8281346E-02   9.4732468E+01   1.2470709E+06  -4.3615848E+02   0.0000000E+00   0.0000000E+00   0.0000000E+00
     1.1620000E+03   9.4726379E+01   2.6385708E-02   9.4730095E+01   1.1108931E+06  -3.8633530E+02   0.0000000E+00   0.0000000E+00   0.0000000E+00
     1.1630000E+03   9.4726433E+01   2.6433064E-02   9.4729736E+01   1.1142181E+06  -3.4455130E+02   0.0000000E+00   0.0000000E+00   0.0000000E+00
     1.1640000E+03   9.4730751E+01   3.0753864E-02   9.4733604E+01   1.4340026E+06  -2.9700327E+02   0.0000000E+00   0.0000000E+00   0.0000000E+00
     1.1650000E+03   9.4734390E+01   3.4391537E-02   9.4736992E+01   1.7277144E+06  -2.7118607E+02   0.0000000E+00   0.0000000E+00   0.0000000E+00
     1.1660000E+03   9.4734329E+01   3.4333255E-02   9.4736832E+01   1.7228380E+06  -2.6042395E+02   0.0000000E+00   0.0000000E+00   0.0000000E+00
     1.1670000E+03   9.4734352E+01   3.4358457E-02   9.4736641E+01   1.7249479E+06  -2.3803357E+02   0.0000000E+00   0.0000000E+00   0.0000000E+00
     1.1680000E+03   9.4729828E+01   2.9831892E-02   9.4732086E+01   1.3630759E+06  -2.3528532E+02   0.0000000E+00   0.0000000E+00   0.0000000E+00
     1.1690000E+03   9.4728752E+01   2.8755449E-02   9.4730721E+01   1.2820925E+06  -2.0454375E+02   0.0000000E+00   0.0000000E+00   0.0000000E+00
     1.1700000E+03   9.4729317E+01   2.9320484E-02   9.4731331E+01   1.3243571E+06  -2.0974585E+02   0.0000000E+00   0.0000000E+00   0.0000000E+00
     1.1710000E+03   9.4733429E+01   3.3435047E-02   9.4735291E+01   1.6483790E+06  -1.9359622E+02   0.0000000E+00   0.0000000E+00   0.0000000E+00
     1.1720000E+03   9.4735191E+01   3.5195246E-02   9.4737061E+01   1.7955364E+06  -1.9426700E+02   0.0000000E+00   0.0000000E+00   0.0000000E+00
     1.1730000E+03   9.4735115E+01   3.5118401E-02   9.4736954E+01   1.7890071E+06  -1.9127597E+02   0.0000000E+00   0.0000000E+00   0.0000000E+00
     1.1740000E+03   9.4735153E+01   3.5156056E-02   9.4736885E+01   1.7922061E+06  -1.7998997E+02   0.0000000E+00   0.0000000E+00   0.0000000E+00
     1.1750000E+03   9.4733208E+01   3.3208184E-02   9.4734901E+01   1.6297810E+06  -1.7656902E+02   0.0000000E+00   0.0000000E+00   0.0000000E+00
     1.1760000E+03   9.4730217E+01   3.0223235E-02   9.4731857E+01   1.3930128E+06  -1.7048369E+02   0.0000000E+00   0.0000000E+00   0.0000000E+00
     1.1770000E+03   9.4729424E+01   2.9425703E-02   9.4730888E+01   1.3322890E+06  -1.5257959E+02   0.0000000E+00   0.0000000E+00   0.0000000E+00
     1.1780000E+03   9.4727242E+01   2.7244547E-02   9.4728668E+01   1.1717976E+06  -1.4891440E+02   0.0000000E+00   0.0000000E+00   0.0000000E+00
     1.1790000E+03   9.4726517E+01   2.6522705E-02   9.4727821E+01   1.1205119E+06  -1.3547755E+02   0.0000000E+00   0.0000000E+00   0.0000000E+00
     1.1800000E+03   9.4725395E+01   2.5397828E-02   9.4726639E+01   1.0424316E+06  -1.2959256E+02   0.0000000E+00   0.0000000E+00   0.0000000E+00
     1.1810000E+03   9.4725067E+01   2.5073858E-02   9.4726219E+01   1.0203644E+06  -1.1981143E+02   0.0000000E+00   0.0000000E+00   0.0000000E+00
     1.1820000E+03   9.4724899E+01   2.4904361E-02   9.4725983E+01   1.0088947E+06  -1.1292968E+02   0.0000000E+00   0.0000000E+00   0.0000000E+00
     1.1830000E+03   9.4725624E+01   2.5625976E-02   9.4726616E+01   1.0580866E+06  -1.0363055E+02   0.0000000E+00   0.0000000E+00   0.0000000E+00
     1.1840000E+03   9.4726509E+01   2.6513154E-02   9.4727448E+01   1.1198414E+06  -9.7471390E+01   0.0000000E+00   0.0000000E+00   0.0000000E+00
     1.1850000E+03   9.4725166E+01   2.5165800E-02   9.4726135E+01   1.0266091E+06  -1.0091103E+02   0.0000000E+00   0.0000000E+00   0.0000000E+00
     1.1860000E+03   9.4725639E+01   2.5644302E-02   9.4726501E+01   1.0593488E+06  -8.9411926E+01   0.0000000E+00   0.0000000E+00   0.0000000E+00
     1.1870000E+03   9.4728210E+01   2.8215494E-02   9.4728951E+01   1.2422266E+06  -7.6508507E+01   0.0000000E+00   0.0000000E+00   0.0000000E+00
     1.1880000E+03   9.4731277E+01   3.1279240E-02   9.4731949E+01   1.4750801E+06  -7.0058563E+01   0.0000000E+00   0.0000000E+00   0.0000000E+00
     1.1890000E+03   9.4731277E+01   3.1281158E-02   9.4732025E+01   1.4752294E+06  -7.7708893E+01   0.0000000E+00   0.0000000E+00   0.0000000E+00
     1.1900000E+03   9.4727760E+01   2.7765604E-02   9.4728607E+01   1.2093904E+06  -8.7939972E+01   0.0000000E+00   0.0000000E+00   0.0000000E+00
     1.1910000E+03   9.4725769E+01   2.5772164E-02   9.4726524E+01   1.0681669E+06  -7.8955658E+01   0.0000000E+00   0.0000000E+00   0.0000000E+00
     1.1920000E+03   9.4725487E+01   2.5486380E-02   9.4726143E+01   1.0485036E+06  -6.8826782E+01   0.0000000E+00   0.0000000E+00   0.0000000E+00
     1.1930000E+03   9.4729828E+01   2.9828740E-02   9.4730278E+01   1.3628466E+06  -4.7495766E+01   0.0000000E+00   0.0000000E+00   0.0000000E+00
     1.1940000E+03   9.4734169E+01   3.4173854E-02   9.4734589E+01   1.7095395E+06  -4.3865025E+01   0.0000000E+00   0.0000000E+00   0.0000000E+00
     1.1950000E+03   9.4735207E+01   3.5213172E-02   9.4735725E+01   1.7970676E+06  -5.3738865E+01   0.0000000E+00   0.0000000E+00   0.0000000E+00
     1.1960000E+03   9.4734093E+01   3.4097400E-02   9.4734673E+01   1.7031692E+06  -5.9909431E+01   0.0000000E+00   0.0000000E+00   0.0000000E+00
     1.1970000E+03   9.4736107E+01   3.6106795E-02   9.4736542E+01   1.8737179E+06  -4.5661545E+01   0.0000000E+00   0.0000000E+00   0.0000000E+00
     1.1980000E+03   9.4730873E+01   3.0876122E-02   9.4731552E+01   1.4435325E+06  -7.0845695E+01   0.0000000E+00   0.0000000E+00   0.0000000E+00
     1.1990000E+03   9.4728287E+01   2.8287349E-02   9.4728851E+01   1.2475049E+06  -5.9437153E+01   0.0000000E+00   0.0000000E+00   0.0000000E+00
     1.2000000E+03   9.4730888E+01   3.0894073E-02   9.4731247E+01   1.4449331E+06  -3.7026917E+01   0.0000000E+00   0.0000000E+00   0.0000000E+00
     1.2010000E+03   9.4729118E+01   2.9120468E-02   9.4729607E+01   1.3093406E+06  -5.1166611E+01   0.0000000E+00   0.0000000E+00   0.0000000E+00
     1.2020000E+03   9.4724510E+01   2.4516316E-02   9.4725098E+01   9.8283362E+05  -6.0869873E+01   0.0000000E+00   0.0000000E+00   0.0000000E+00
     1.2030000E+03   9.4724281E+01   2.4287341E-02   9.4724693E+01   9.6758344E+05  -4.2636131E+01   0.0000000E+00   0.0000000E+00   0.0000000E+00
     1.2040000E+03   9.4724167E+01   2.4167554E-02   9.4724548E+01   9.5964288E+05  -4.0011318E+01   0.0000000E+00   0.0000000E+00   0.0000000E+00
     1.2050000E+03   9.4730774E+01   3.0779252E-02   9.4730896E+01   1.4359942E+06  -1.2489160E+01   0.0000000E+00   0.0000000E+00   0.0000000E+00
     1.2060000E+03   9.4732903E+01   3.2903500E-02   9.4733398E+01   1.6049412E+06  -5.2015362E+01   0.0000000E+00   0.0000000E+00   0.0000000E+00
     1.2070000E+03   9.5044617E+01   3.4461966E-01   9.5037476E+01   8.0468192E+07   7.4363202E+02   0.0000000E+00   0.0000000E+00   0.0000000E+00
     1.2080000E+03   9.4857307E+01   1.5730757E-01   9.4870499E+01   2.1775780E+07  -1.3739139E+03   0.0000000E+00   0.0000000E+00   0.0000000E+00
     1.2090000E+03   9.4816589E+01   1.1659324E-01   9.4826775E+01   1.3218433E+07  -1.0605043E+03   0.0000000E+00   0.0000000E+00   0.0000000E+00
     1.2100000E+03   9.4861801E+01   1.6180073E-01   9.4869652E+01   2.2822244E+07  -8.1820898E+02   0.0000000E+00   0.0000000E+00   0.0000000E+00
     1.2110000E+03   9.4759811E+01   5.9811167E-02   9.4773529E+01   4.3453895E+06  -1.4288925E+03   0.0000000E+00   0.0000000E+00   0.0000000E+00
     1.2120000E+03   9.4749985E+01   4.9990922E-02   9.4760483E+01   3.2226220E+06  -1.0926523E+03   0.0000000E+00   0.0000000E+00   0.0000000E+00
     1.2130000E+03   9.4745132E+01   4.5132369E-02   9.4754990E+01   2.7177158E+06  -1.0266780E+03   0.0000000E+00   0.0000000E+00   0.0000000E+00
     1.2140000E+03   9.4751190E+01   5.1190794E-02   9.4760162E+01   3.3525668E+06  -9.3467822E+02   0.0000000E+00   0.0000000E+00   0.0000000E+00
     1.2150000E+03   9.4743675E+01   4.3679681E-02   9.4752632E+01   2.5734948E+06  -9.3252332E+02   0.0000000E+00   0.0000000E+00   0.0000000E+00
     1.2160000E+03   9.4738686E+01   3.8690947E-02   9.4747047E+01   2.1025192E+06  -8.7048688E+02   0.0000000E+00   0.0000000E+00   0.0000000E+00
     1.2170000E+03   9.4737518E+01   3.7524056E-02   9.4745209E+01   1.9979100E+06  -8.0082721E+02   0.0000000E+00   0.0000000E+00   0.0000000E+00
     1.2180000E+03   9.4736435E+01   3.6441583E-02   9.4743591E+01   1.9027705E+06  -7.4507410E+02   0.0000000E+00   0.0000000E+00   0.0000000E+00
     1.2190000E+03   9.4736092E+01   3.6092289E-02   9.4742691E+01   1.8724710E+06  -6.8724939E+02   0.0000000E+00   0.0000000E+00   0.0000000E+00
     1.2200000E+03   9.4736145E+01   3.6151454E-02   9.4742210E+01   1.8775895E+06  -6.3112201E+02   0.0000000E+00   0.0000000E+00   0.0000000E+00
     1.2210000E+03   9.4746841E+01   4.6844520E-02   9.4751999E+01   2.8917168E+06  -5.3697089E+02   0.0000000E+00   0.0000000E+00   0.0000000E+00
     1.2220000E+03   9.4747421E+01   4.7427006E-02   9.4752457E+01   2.9518925E+06  -5.2381616E+02   0.0000000E+00   0.0000000E+00   0.0000000E+00
     1.2230000E+03   9.4746712E+01   4.6716660E-02   9.4751343E+01   2.8785735E+06  -4.8238846E+02   0.0000000E+00   0.0000000E+00   0.0000000E+00
     1.2240000E+03   9.4747940E+01   4.7944661E-02   9.4752586E+01   3.0057870E+06  -4.8378128E+02   0.0000000E+00   0.0000000E+00   0.0000000E+00
     1.2250000E+03   9.4770142E+01   7.0147812E-02   9.4773941E+01   5.6677975E+06  -3.9526483E+02   0.0000000E+00   0.0000000E+00   0.0000000E+00
     1.2260000E+03   9.4747246E+01   4.7249638E-02   9.4752472E+01   2.9335168E+06  -5.4384015E+02   0.0000000E+00   0.0000000E+00   0.0000000E+00
     1.2270000E+03   9.4742981E+01   4.2987648E-02   9.4747299E+01   2.5059008E+06  -4.4900787E+02   0.0000000E+00   0.0000000E+00   0.0000000E+00
     1.2280000E+03   9.4741707E+01   4.1707359E-02   9.4745583E+01   2.3827515E+06  -4.0378809E+02   0.0000000E+00   0.0000000E+00   0.0000000E+00
     1.2290000E+03   9.4734833E+01   3.4835663E-02   9.4738716E+01   1.7650800E+06  -4.0412485E+02   0.0000000E+00   0.0000000E+00   0.0000000E+00
     1.2300000E+03   9.4737640E+01   3.7646744E-02   9.4741478E+01   2.0088006E+06  -3.9916052E+02   0.0000000E+00   0.0000000E+00   0.0000000E+00
     1.2310000E+03   9.4791138E+01   9.1138966E-02   9.4795616E+01   8.7679510E+06  -4.6690775E+02   0.0000000E+00   0.0000000E+00   0.0000000E+00
     1.2320000E+03   9.4764427E+01   6.4429641E-02   9.4773766E+01   4.9189060E+06  -9.7217108E+02   0.0000000E+00   0.0000000E+00   0.0000000E+00
     1.2330000E+03   9.4757835E+01   5.7838079E-02   9.4767609E+01   4.1091178E+06  -1.0173775E+03   0.0000000E+00   0.0000000E+00   0.0000000E+00
     1.2340000E+03   9.4750519E+01   5.0519735E-02   9.4760780E+01   3.2796518E+06  -1.0690032E+03   0.0000000E+00   0.0000000E+00   0.0000000E+00
     1.2350000E+03   9.4750954E+01   5.0955158E-02   9.4760963E+01   3.3268738E+06  -1.0423345E+03   0.0000000E+00   0.0000000E+00   0.0000000E+00
     1.2360000E+03   9.4751396E+01   5.1395681E-02   9.4761024E+01   3.3749552E+06  -1.0032452E+03   0.0000000E+00   0.0000000E+00   0.0000000E+00
     1.2370000E+03   9.4751099E+01   5.1100358E-02   9.4760231E+01   3.3427140E+06  -9.5085394E+02   0.0000000E+00   0.0000000E+00   0.0000000E+00
     1.2380000E+03   9.4750900E+01   5.0906282E-02   9.4759460E+01   3.3215610E+06  -8.9103082E+02   0.0000000E+00   0.0000000E+00   0.0000000E+00
     1.2390000E+03   9.4750687E+01   5.0687168E-02   9.4758675E+01   3.2977658E+06  -8.3233142E+02   0.0000000E+00   0.0000000E+00   0.0000000E+00
     1.2400000E+03   9.4750252E+01   5.0257847E-02   9.4757713E+01   3.2513630E+06  -7.7627002E+02   0.0000000E+00   0.0000000E+00   0.0000000E+00
     1.2410000E+03   9.4754044E+01   5.4046974E-02   9.4760811E+01   3.6700715E+06  -7.0482404E+02   0.0000000E+00   0.0000000E+00   0.0000000E+00
     1.2420000E+03   9.4751183E+01   5.1189218E-02   9.4757683E+01   3.3524035E+06  -6.7625885E+02   0.0000000E+00   0.0000000E+00   0.0000000E+00
     1.2430000E+03   9.4747780E+01   4.7781002E-02   9.4753799E+01   2.9887108E+06  -6.2701813E+02   0.0000000E+00   0.0000000E+00   0.0000000E+00
     1.2440000E+03   9.4747856E+01   4.7861636E-02   9.4753265E+01   2.9971160E+06  -5.6311151E+02   0.0000000E+00   0.0000000E+00   0.0000000E+00
     1.2450000E+03   9.4747879E+01   4.7883682E-02   9.4752823E+01   2.9994172E+06  -5.1456549E+02   0.0000000E+00   0.0000000E+00   0.0000000E+00
     1.2460000E+03   9.4762344E+01   6.2347580E-02   9.4766838E+01   4.6568350E+06  -4.6763446E+02   0.0000000E+00   0.0000000E+00   0.0000000E+00
     1.2470000E+03   9.4829643E+01   1.2964661E-01   9.4832909E+01   1.5775857E+07  -3.3971939E+02   0.0000000E+00   0.0000000E+00   0.0000000E+00
     1.2480000E+03   9.4810310E+01   1.1031465E-01   9.4818634E+01   1.2053492E+07  -8.6685974E+02   0.0000000E+00   0.0000000E+00   0.0000000E+00
     1.2490000E+03   9.4757690E+01   5.7691947E-02   9.4768700E+01   4.0918155E+06  -1.1464843E+03   0.0000000E+00   0.0000000E+00   0.0000000E+00
     1.2500000E+03   9.4755997E+01   5.5999219E-02   9.4765800E+01   3.8936805E+06  -1.0212596E+03   0.0000000E+00   0.0000000E+00   0.0000000E+00
     1.2510000E+03   9.4761391E+01   6.1391063E-02   9.4770805E+01   4.5383935E+06  -9.8093494E+02   0.0000000E+00   0.0000000E+00   0.0000000E+00
     1.2520000E+03   9.4761490E+01   6.1492641E-02   9.4771049E+01   4.5508740E+06  -9.9523004E+02   0.0000000E+00   0.0000000E+00   0.0000000E+00
     1.2530000E+03   9.4757530E+01   5.7535965E-02   9.4766800E+01   4.0733985E+06  -9.6520929E+02   0.0000000E+00   0.0000000E+00   0.0000000E+00
     1.2540000E+03   9.4754173E+01   5.4178461E-02   9.4762863E+01   3.6849795E+06  -9.0440204E+02   0.0000000E+00   0.0000000E+00   0.0000000E+00
     1.2550000E+03   9.4750137E+01   5.0142232E-02   9.4758270E+01   3.2388835E+06  -8.4633429E+02   0.0000000E+00   0.0000000E+00   0.0000000E+00
     1.2560000E+03   9.4746071E+01   4.6076380E-02   9.4753639E+01   2.8131132E+06  -7.8783734E+02   0.0000000E+00   0.0000000E+00   0.0000000E+00
     1.2570000E+03   9.4749275E+01   4.9276959E-02   9.4756035E+01   3.1463170E+06  -7.0372784E+02   0.0000000E+00   0.0000000E+00   0.0000000E+00
     1.2580000E+03   9.4750320E+01   5.0322745E-02   9.4756638E+01   3.2583470E+06  -6.5750250E+02   0.0000000E+00   0.0000000E+00   0.0000000E+00
     1.2590000E+03   9.4750092E+01   5.0093304E-02   9.4755966E+01   3.2336440E+06  -6.1151727E+02   0.0000000E+00   0.0000000E+00   0.0000000E+00
     1.2600000E+03   9.4794098E+01   9.4104260E-02   9.4799980E+01   9.2485550E+06  -6.1205511E+02   0.0000000E+00   0.0000000E+00   0.0000000E+00
     1.2610000E+03   9.4796715E+01   9.6715465E-02   9.4805466E+01   9.6801960E+06  -9.1112140E+02   0.0000000E+00   0.0000000E+00   0.0000000E+00
     1.2620000E+03   9.4761093E+01   6.1094239E-02   9.4772110E+01   4.5018400E+06  -1.1472520E+03   0.0000000E+00   0.0000000E+00   0.0000000E+00
     1.2630000E+03   9.5034470E+01   3.3447033E-01   9.5034622E+01   7.6557272E+07  -1.6227530E+01   0.0000000E+00   0.0000000E+00   0.0000000E+00
     1.2640000E+03   9.4800484E+01   1.0049032E-01   9.4819305E+01   1.0318077E+07  -1.9594388E+03   0.0000000E+00   0.0000000E+00   0.0000000E+00
     1.2650000E+03   9.4756714E+01   5.6718033E-02   9.4769196E+01   3.9773405E+06  -1.2998529E+03   0.0000000E+00   0.0000000E+00   0.0000000E+00
     1.2660000E+03   9.4749931E+01   4.9934547E-02   9.4760765E+01   3.2165838E+06  -1.1280066E+03   0.0000000E+00   0.0000000E+00   0.0000000E+00
     1.2670000E+03   9.4753639E+01   5.3641755E-02   9.4763809E+01   3.6243598E+06  -1.0592963E+03   0.0000000E+00   0.0000000E+00   0.0000000E+00
     1.2680000E+03   9.4748116E+01   4.8119511E-02   9.4758186E+01   3.0240738E+06  -1.0488242E+03   0.0000000E+00   0.0000000E+00   0.0000000E+00
     1.2690000E+03   9.4748161E+01   4.8160564E-02   9.4757706E+01   3.0284090E+06  -9.9401703E+02   0.0000000E+00   0.0000000E+00   0.0000000E+00
     1.2700000E+03   9.4747566E+01   4.7567643E-02   9.4756737E+01   2.9664440E+06  -9.5501941E+02   0.0000000E+00   0.0000000E+00   0.0000000E+00
     1.2710000E+03   9.4924644E+01   2.2464719E-01   9.4927750E+01   3.9436052E+07  -3.2298557E+02   0.0000000E+00   0.0000000E+00   0.0000000E+00
     1.2720000E+03   9.4850098E+01   1.5009843E-01   9.4862740E+01   2.0138070E+07  -1.3164272E+03   0.0000000E+00   0.0000000E+00   0.0000000E+00
     1.2730000E+03   9.4775169E+01   7.5175464E-02   9.4788399E+01   6.3608740E+06  -1.3770698E+03   0.0000000E+00   0.0000000E+00   0.0000000E+00
     1.2740000E+03   9.4895813E+01   1.9581524E-01   9.4901932E+01   3.1366616E+07  -6.3724652E+02   0.0000000E+00   0.0000000E+00   0.0000000E+00
     1.2750000E+03   9.4809570E+01   1.0957289E-01   9.4823196E+01   1.1918738E+07  -1.4193022E+03   0.0000000E+00   0.0000000E+00   0.0000000E+00
     1.2760000E+03   9.4772331E+01   7.2335094E-02   9.4784439E+01   5.9653680E+06  -1.2609662E+03   0.0000000E+00   0.0000000E+00   0.0000000E+00
     1.2770000E+03   9.4762077E+01   6.2077105E-02   9.4773094E+01   4.6231925E+06  -1.1478685E+03   0.0000000E+00   0.0000000E+00   0.0000000E+00
     1.2780000E+03   9.4926491E+01   2.2649717E-01   9.4931015E+01   3.9978708E+07  -4.7084604E+02   0.0000000E+00   0.0000000E+00   0.0000000E+00
     1.2790000E+03   9.4807053E+01   1.0705213E-01   9.4821922E+01   1.1465257E+07  -1.5484355E+03   0.0000000E+00   0.0000000E+00   0.0000000E+00
     1.2800000E+03   9.4777771E+01   7.7777199E-02   9.4789680E+01   6.7319830E+06  -1.2401523E+03   0.0000000E+00   0.0000000E+00   0.0000000E+00
     1.2810000E+03   9.4771843E+01   7.1849503E-02   9.4782761E+01   5.8989065E+06  -1.1361482E+03   0.0000000E+00   0.0000000E+00   0.0000000E+00
     1.2820000E+03   9.4770439E+01   7.0442237E-02   9.4781113E+01   5.7074985E+06  -1.1117053E+03   0.0000000E+00   0.0000000E+00   0.0000000E+00
     1.2830000E+03   9.4765427E+01   6.5432757E-02   9.4776192E+01   5.0472240E+06  -1.1206263E+03   0.0000000E+00   0.0000000E+00   0.0000000E+00
     1.2840000E+03   9.4762405E+01   6.2406112E-02   9.4773048E+01   4.6641415E+06  -1.1084950E+03   0.0000000E+00   0.0000000E+00   0.0000000E+00
     1.2850000E+03   9.4756638E+01   5.6640379E-02   9.4767128E+01   3.9683042E+06  -1.0927112E+03   0.0000000E+00   0.0000000E+00   0.0000000E+00
     1.2860000E+03   9.4759644E+01   5.9644129E-02   9.4769478E+01   4.3251455E+06  -1.0239292E+03   0.0000000E+00   0.0000000E+00   0.0000000E+00
     1.2870000E+03   9.4758339E+01   5.8339179E-02   9.4767952E+01   4.1686132E+06  -1.0011947E+03   0.0000000E+00   0.0000000E+00   0.0000000E+00
     1.2880000E+03   9.4858513E+01   1.5851952E-01   9.4864700E+01   2.2056142E+07  -6.4383771E+02   0.0000000E+00   0.0000000E+00   0.0000000E+00
     1.2890000E+03   9.4859795E+01   1.5979685E-01   9.4869865E+01   2.2353114E+07  -1.0490844E+03   0.0000000E+00   0.0000000E+00   0.0000000E+00
     1.2900000E+03   9.5122765E+01   4.2276704E-01   9.5123611E+01   1.1312533E+08  -8.8299629E+01   0.0000000E+00   0.0000000E+00   0.0000000E+00
     1.2910000E+03   9.5003937E+01   3.0394131E-01   9.5018776E+01   6.5269028E+07  -1.5450470E+03   0.0000000E+00   0.0000000E+00   0.0000000E+00
     1.2920000E+03   9.4828331E+01   1.2833232E-01   9.4845840E+01   1.5510136E+07  -1.8230298E+03   0.0000000E+00   0.0000000E+00   0.0000000E+00
     1.2930000E+03   9.4795044E+01   9.5045321E-02   9.4807320E+01   9.4031880E+06  -1.2780596E+03   0.0000000E+00   0.0000000E+00   0.0000000E+00
     1.2940000E+03   9.4780128E+01   8.0128670E-02   9.4791458E+01   7.0746465E+06  -1.1796836E+03   0.0000000E+00   0.0000000E+00   0.0000000E+00
     1.2950000E+03   9.4772156E+01   7.2162136E-02   9.4783127E+01   5.9416390E+06  -1.1420781E+03   0.0000000E+00   0.0000000E+00   0.0000000E+00
     1.2960000E+03   9.4760376E+01   6.0379438E-02   9.4771408E+01   4.4144035E+06  -1.1487249E+03   0.0000000E+00   0.0000000E+00   0.0000000E+00
     1.2970000E+03   9.4753799E+01   5.3803626E-02   9.4764359E+01   3.6426190E+06  -1.0995490E+03   0.0000000E+00   0.0000000E+00   0.0000000E+00
     1.2980000E+03   9.4750908E+01   5.0910547E-02   9.4760902E+01   3.3220558E+06  -1.0409143E+03   0.0000000E+00   0.0000000E+00   0.0000000E+00
     1.2990000E+03   9.4758232E+01   5.8232501E-02   9.4767448E+01   4.1558940E+06  -9.5997284E+02   0.0000000E+00   0.0000000E+00   0.0000000E+00
     1.3000000E+03   9.4756973E+01   5.6975901E-02   9.4765991E+01   4.0076182E+06  -9.3929614E+02   0.0000000E+00   0.0000000E+00   0.0000000E+00
     1.3010000E+03   9.4748459E+01   4.8459169E-02   9.4757126E+01   3.0596912E+06  -9.0305969E+02   0.0000000E+00   0.0000000E+00   0.0000000E+00
     1.3020000E+03   9.4742722E+01   4.2727660E-02   9.4750580E+01   2.4806835E+06  -8.1790570E+02   0.0000000E+00   0.0000000E+00   0.0000000E+00
     1.3030000E+03   9.4777573E+01   7.7575594E-02   9.4784897E+01   6.7028925E+06  -7.6286877E+02   0.0000000E+00   0.0000000E+00   0.0000000E+00
     1.3040000E+03   9.4779800E+01   7.9803810E-02   9.4788887E+01   7.0268855E+06  -9.4632434E+02   0.0000000E+00   0.0000000E+00   0.0000000E+00
     1.3050000E+03   9.4751671E+01   5.1673707E-02   9.4761772E+01   3.4054330E+06  -1.0521904E+03   0.0000000E+00   0.0000000E+00   0.0000000E+00
     1.3060000E+03   9.4746567E+01   4.6568725E-02   9.4755325E+01   2.8633822E+06  -9.1222174E+02   0.0000000E+00   0.0000000E+00   0.0000000E+00
     1.3070000E+03   9.4743416E+01   4.3421745E-02   9.4751396E+01   2.5483478E+06  -8.3092712E+02   0.0000000E+00   0.0000000E+00   0.0000000E+00
     1.3080000E+03   9.4745171E+01   4.5175545E-02   9.4752274E+01   2.7221222E+06  -7.3917236E+02   0.0000000E+00   0.0000000E+00   0.0000000E+00
     1.3090000E+03   9.4748932E+01   4.8933472E-02   9.4755302E+01   3.1098025E+06  -6.6311810E+02   0.0000000E+00   0.0000000E+00   0.0000000E+00
     1.3100000E+03   9.4742805E+01   4.2807806E-02   9.4748955E+01   2.4884610E+06  -6.4058826E+02   0.0000000E+00   0.0000000E+00   0.0000000E+00
     1.3110000E+03   9.4749191E+01   4.9193688E-02   9.4754547E+01   3.1374218E+06  -5.5793201E+02   0.0000000E+00   0.0000000E+00   0.0000000E+00
     1.3120000E+03   9.4746971E+01   4.6971623E-02   9.4752266E+01   2.9048128E+06  -5.5142615E+02   0.0000000E+00   0.0000000E+00   0.0000000E+00
     1.3130000E+03   9.4747391E+01   4.7396563E-02   9.4752243E+01   2.9487440E+06  -5.0475748E+02   0.0000000E+00   0.0000000E+00   0.0000000E+00
     1.3140000E+03   9.4745583E+01   4.5585424E-02   9.4750160E+01   2.7632920E+06  -4.7673279E+02   0.0000000E+00   0.0000000E+00   0.0000000E+00
     1.3150000E+03   9.4744331E+01   4.4336680E-02   9.4748558E+01   2.6383522E+06  -4.4018469E+02   0.0000000E+00   0.0000000E+00   0.0000000E+00
     1.3160000E+03   9.4743599E+01   4.3600239E-02   9.4747490E+01   2.5657025E+06  -4.0540854E+02   0.0000000E+00   0.0000000E+00   0.0000000E+00
     1.3170000E+03   9.4736488E+01   3.6487948E-02   9.4740311E+01   1.9067759E+06  -3.9834772E+02   0.0000000E+00   0.0000000E+00   0.0000000E+00
     1.3180000E+03   9.4735176E+01   3.5178073E-02   9.4738510E+01   1.7941584E+06  -3.4702792E+02   0.0000000E+00   0.0000000E+00   0.0000000E+00
     1.3190000E+03   9.4735092E+01   3.5098199E-02   9.4738106E+01   1.7872769E+06  -3.1383789E+02   0.0000000E+00   0.0000000E+00   0.0000000E+00
     1.3200000E+03   9.4736565E+01   3.6569774E-02   9.4739281E+01   1.9139411E+06  -2.8248920E+02   0.0000000E+00   0.0000000E+00   0.0000000E+00
     1.3210000E+03   9.4739464E+01   3.9469793E-02   9.4741905E+01   2.1734922E+06  -2.5406223E+02   0.0000000E+00   0.0000000E+00   0.0000000E+00
     1.3220000E+03   9.4736313E+01   3.6313269E-02   9.4738777E+01   1.8915884E+06  -2.5687244E+02   0.0000000E+00   0.0000000E+00   0.0000000E+00
     1.3230000E+03   9.4734535E+01   3.4537818E-02   9.4736778E+01   1.7399904E+06  -2.3385765E+02   0.0000000E+00   0.0000000E+00   0.0000000E+00
     1.3240000E+03   9.4731178E+01   3.1183718E-02   9.4733322E+01   1.4675450E+06  -2.2286070E+02   0.0000000E+00   0.0000000E+00   0.0000000E+00
     1.3250000E+03   9.4730164E+01   3.0169951E-02   9.4732079E+01   1.3888996E+06  -1.9870261E+02   0.0000000E+00   0.0000000E+00   0.0000000E+00
     1.3260000E+03   9.4730492E+01   3.0495008E-02   9.4732216E+01   1.4139458E+06  -1.7923752E+02   0.0000000E+00   0.0000000E+00   0.0000000E+00
     1.3270000E+03   9.4731926E+01   3.1926915E-02   9.4733482E+01   1.5263038E+06  -1.6205148E+02   0.0000000E+00   0.0000000E+00   0.0000000E+00
     1.3280000E+03   9.4738419E+01   3.8418636E-02   9.4739670E+01   2.0779045E+06  -1.3080151E+02   0.0000000E+00   0.0000000E+00   0.0000000E+00
     1.3290000E+03   9.4736221E+01   3.6222380E-02   9.4737686E+01   1.8837169E+06  -1.5310722E+02   0.0000000E+00   0.0000000E+00   0.0000000E+00
     1.3300000E+03   9.4743324E+01   4.3328580E-02   9.4744370E+01   2.5390725E+06  -1.0887035E+02   0.0000000E+00   0.0000000E+00   0.0000000E+00
     1.3310000E+03   9.4733322E+01   3.3328850E-02   9.4734909E+01   1.6396371E+06  -1.6482520E+02   0.0000000E+00   0.0000000E+00   0.0000000E+00
     1.3320000E+03   9.4729179E+01   2.9183393E-02   9.4730492E+01   1.3140964E+06  -1.3672231E+02   0.0000000E+00   0.0000000E+00   0.0000000E+00
     1.3330000E+03   9.4728500E+01   2.8504895E-02   9.4729607E+01   1.2635125E+06  -1.1529181E+02   0.0000000E+00   0.0000000E+00   0.0000000E+00
     1.3340000E+03   9.4729065E+01   2.9070066E-02   9.4730057E+01   1.3055618E+06  -1.0278495E+02   0.0000000E+00   0.0000000E+00   0.0000000E+00
     1.3350000E+03   9.4729897E+01   2.9902609E-02   9.4730804E+01   1.3684788E+06  -9.4529694E+01   0.0000000E+00   0.0000000E+00   0.0000000E+00
     1.3360000E+03   9.4730072E+01   3.0072277E-02   9.4730942E+01   1.3814492E+06  -9.0518929E+01   0.0000000E+00   0.0000000E+00   0.0000000E+00
     1.3370000E+03   9.4733635E+01   3.3640131E-02   9.4734322E+01   1.6652532E+06  -7.1657440E+01   0.0000000E+00   0.0000000E+00   0.0000000E+00
     1.3380000E+03   9.4731857E+01   3.1861119E-02   9.4732689E+01   1.5211106E+06  -8.6594429E+01   0.0000000E+00   0.0000000E+00   0.0000000E+00
     1.3390000E+03   9.4732086E+01   3.2088682E-02   9.4732803E+01   1.5392795E+06  -7.4936066E+01   0.0000000E+00   0.0000000E+00   0.0000000E+00
     1.3400000E+03   9.4738007E+01   3.8011219E-02   9.4738472E+01   2.0413452E+06  -4.8559727E+01   0.0000000E+00   0.0000000E+00   0.0000000E+00
     1.3410000E+03   9.4741211E+01   4.1214794E-02   9.4741737E+01   2.3360650E+06  -5.4461525E+01   0.0000000E+00   0.0000000E+00   0.0000000E+00
     1.3420000E+03   9.4740692E+01   4.0695108E-02   9.4741325E+01   2.2871472E+06  -6.5726410E+01   0.0000000E+00   0.0000000E+00   0.0000000E+00
     1.3430000E+03   9.4743126E+01   4.3132126E-02   9.4745026E+01   2.5199298E+06  -1.9730832E+02   0.0000000E+00   0.0000000E+00   0.0000000E+00
     1.3440000E+03   9.4733055E+01   3.3055328E-02   9.4735786E+01   1.6172862E+06  -2.8472656E+02   0.0000000E+00   0.0000000E+00   0.0000000E+00
     1.3450000E+03   9.4730652E+01   3.0656625E-02   9.4733147E+01   1.4264604E+06  -2.5965393E+02   0.0000000E+00   0.0000000E+00   0.0000000E+00
     1.3460000E+03   9.4730644E+01   3.0647399E-02   9.4732933E+01   1.4257801E+06  -2.3832611E+02   0.0000000E+00   0.0000000E+00   0.0000000E+00
     1.3470000E+03   9.4736847E+01   3.6847807E-02   9.4738747E+01   1.9382165E+06  -1.9830219E+02   0.0000000E+00   0.0000000E+00   0.0000000E+00
     1.3480000E+03   9.4742249E+01   4.2253301E-02   9.4744026E+01   2.4349868E+06  -1.8487630E+02   0.0000000E+00   0.0000000E+00   0.0000000E+00
     1.3490000E+03   9.4740639E+01   4.0644154E-02   9.4742546E+01   2.2824210E+06  -1.9846010E+02   0.0000000E+00   0.0000000E+00   0.0000000E+00
     1.3500000E+03   9.4729378E+01   2.9379860E-02   9.4731544E+01   1.3288462E+06  -2.2569371E+02   0.0000000E+00   0.0000000E+00   0.0000000E+00
     1.3510000E+03   9.4726860E+01   2.6865758E-02   9.4728638E+01   1.1447872E+06  -1.8449922E+02   0.0000000E+00   0.0000000E+00   0.0000000E+00
     1.3520000E+03   9.4726532E+01   2.6537081E-02   9.4728142E+01   1.1215241E+06  -1.6755682E+02   0.0000000E+00   0.0000000E+00   0.0000000E+00
     1.3530000E+03   9.4726692E+01   2.6693398E-02   9.4728218E+01   1.1325316E+06  -1.5901149E+02   0.0000000E+00   0.0000000E+00   0.0000000E+00
     1.3540000E+03   9.4727821E+01   2.7825339E-02   9.4729256E+01   1.2137761E+06  -1.4942413E+02   0.0000000E+00   0.0000000E+00   0.0000000E+00
     1.3550000E+03   9.4726112E+01   2.6111949E-02   9.4727592E+01   1.0917476E+06  -1.5461052E+02   0.0000000E+00   0.0000000E+00   0.0000000E+00
     1.3560000E+03   9.4725517E+01   2.5516603E-02   9.4726906E+01   1.0505268E+06  -1.4504614E+02   0.0000000E+00   0.0000000E+00   0.0000000E+00
     1.3570000E+03   9.4728043E+01   2.8043982E-02   9.4729263E+01   1.2296372E+06  -1.2719167E+02   0.0000000E+00   0.0000000E+00   0.0000000E+00
     1.3580000E+03   9.4730179E+01   3.0181777E-02   9.4731354E+01   1.3897981E+06  -1.2243452E+02   0.0000000E+00   0.0000000E+00   0.0000000E+00
     1.3590000E+03   9.4729454E+01   2.9457763E-02   9.4730682E+01   1.3347054E+06  -1.2768810E+02   0.0000000E+00   0.0000000E+00   0.0000000E+00
     1.3600000E+03   9.4731628E+01   3.1632498E-02   9.4732697E+01   1.5029684E+06  -1.1099413E+02   0.0000000E+00   0.0000000E+00   0.0000000E+00
     1.3610000E+03   9.4728477E+01   2.8481733E-02   9.4729683E+01   1.2618078E+06  -1.2518501E+02   0.0000000E+00   0.0000000E+00   0.0000000E+00
     1.3620000E+03   9.4731384E+01   3.1385135E-02   9.4732315E+01   1.4834005E+06  -9.6793793E+01   0.0000000E+00   0.0000000E+00   0.0000000E+00
     1.3630000E+03   9.4738945E+01   3.8948290E-02   9.4739639E+01   2.1258565E+06  -7.2455536E+01   0.0000000E+00   0.0000000E+00   0.0000000E+00
     1.3640000E+03   9.4735855E+01   3.5859350E-02   9.4736893E+01   1.8523488E+06  -1.0752563E+02   0.0000000E+00   0.0000000E+00   0.0000000E+00
     1.3650000E+03   9.4729637E+01   2.9638501E-02   9.4730751E+01   1.3484145E+06  -1.1611187E+02   0.0000000E+00   0.0000000E+00   0.0000000E+00
     1.3660000E+03   9.4731842E+01   3.1841826E-02   9.4732597E+01   1.5195326E+06  -7.9322960E+01   0.0000000E+00   0.0000000E+00   0.0000000E+00
     1.3670000E+03   9.4729881E+01   2.9880552E-02   9.4730736E+01   1.3667684E+06  -8.9737122E+01   0.0000000E+00   0.0000000E+00   0.0000000E+00
     1.3680000E+03   9.4730301E+01   3.0307762E-02   9.4731041E+01   1.3994908E+06  -7.6849030E+01   0.0000000E+00   0.0000000E+00   0.0000000E+00
     1.3690000E+03   9.4739304E+01   3.9307199E-02   9.4739685E+01   2.1586115E+06  -3.9678226E+01   0.0000000E+00   0.0000000E+00   0.0000000E+00
     1.3700000E+03   9.4741035E+01   4.1040920E-02   9.4741646E+01   2.3196175E+06  -6.3038815E+01   0.0000000E+00   0.0000000E+00   0.0000000E+00
     1.3710000E+03   9.4735703E+01   3.5706066E-02   9.4736549E+01   1.8391749E+06  -8.7956581E+01   0.0000000E+00   0.0000000E+00   0.0000000E+00
     1.3720000E+03   9.4734070E+01   3.4074754E-02   9.4734756E+01   1.7013109E+06  -7.1423836E+01   0.0000000E+00   0.0000000E+00   0.0000000E+00
     1.3730000E+03   9.4740494E+01   4.0499926E-02   9.4740852E+01   2.2689152E+06  -3.6641796E+01   0.0000000E+00   0.0000000E+00   0.0000000E+00
     1.3740000E+03   9.4732430E+01   3.2432247E-02   9.4733276E+01   1.5667999E+06  -8.8342575E+01   0.0000000E+00   0.0000000E+00   0.0000000E+00
     1.3750000E+03   9.4736313E+01   3.6313977E-02   9.4736710E+01   1.8916535E+06  -4.1498257E+01   0.0000000E+00   0.0000000E+00   0.0000000E+00
     1.3760000E+03   9.4740143E+01   4.0148910E-02   9.4740509E+01   2.2361818E+06  -3.7465504E+01   0.0000000E+00   0.0000000E+00   0.0000000E+00
     1.3770000E+03   9.4739235E+01   3.9237883E-02   9.4739746E+01   2.1523082E+06  -5.3369530E+01   0.0000000E+00   0.0000000E+00   0.0000000E+00
     1.3780000E+03   9.4730225E+01   3.0225947E-02   9.4731018E+01   1.3932518E+06  -8.3087715E+01   0.0000000E+00   0.0000000E+00   0.0000000E+00
     1.3790000E+03   9.4732803E+01   3.2808062E-02   9.4733162E+01   1.5972176E+06  -3.7515667E+01   0.0000000E+00   0.0000000E+00   0.0000000E+00
     1.3800000E+03   9.4733521E+01   3.3524405E-02   9.4733917E+01   1.6557638E+06  -4.1190964E+01   0.0000000E+00   0.0000000E+00   0.0000000E+00
     1.3810000E+03   9.4729347E+01   2.9350057E-02   9.4729912E+01   1.3265631E+06  -5.8435375E+01   0.0000000E+00   0.0000000E+00   0.0000000E+00
     1.3820000E+03   9.4724747E+01   2.4752595E-02   9.4725319E+01   9.9869719E+05  -5.9146702E+01   0.0000000E+00   0.0000000E+00   0.0000000E+00
     1.3830000E+03   9.4735138E+01   3.5139296E-02   9.4735138E+01   1.7907729E+06   1.4034858E-01   0.0000000E+00   0.0000000E+00   0.0000000E+00
     1.3840000E+03   9.4738693E+01   3.8696814E-02   9.4738914E+01   2.1030230E+06  -2.2587845E+01   0.0000000E+00   0.0000000E+00   0.0000000E+00
     1.3850000E+03   9.4736343E+01   3.6345206E-02   9.4736771E+01   1.8944111E+06  -4.4930500E+01   0.0000000E+00   0.0000000E+00   0.0000000E+00
     1.3860000E+03   9.4734390E+01   3.4393948E-02   9.4734802E+01   1.7279170E+06  -4.2957191E+01   0.0000000E+00   0.0000000E+00   0.0000000E+00
     1.3870000E+03   9.4729790E+01   2.9791448E-02   9.4730286E+01   1.3600332E+06  -5.1953999E+01   0.0000000E+00   0.0000000E+00   0.0000000E+00
     1.3880000E+03   9.4727455E+01   2.7457755E-02   9.4727859E+01   1.1871142E+06  -4.2426346E+01   0.0000000E+00   0.0000000E+00   0.0000000E+00
     1.3890000E+03   9.4727509E+01   2.7509555E-02   9.4727814E+01   1.1908376E+06  -3.1815025E+01   0.0000000E+00   0.0000000E+00   0.0000000E+00
     1.3900000E+03   9.4734833E+01   3.4833658E-02   9.4734856E+01   1.7649335E+06  -2.4360271E+00   0.0000000E+00   0.0000000E+00   0.0000000E+00
     1.3910000E+03   9.4734901E+01   3.4907743E-02   9.4735176E+01   1.7711918E+06  -2.8377722E+01   0.0000000E+00   0.0000000E+00   0.0000000E+00
     1.3920000E+03   9.4728157E+01   2.8159466E-02   9.4728683E+01   1.2381431E+06  -5.4766392E+01   0.0000000E+00   0.0000000E+00   0.0000000E+00
     1.3930000E+03   9.4725357E+01   2.5362179E-02   9.4725739E+01   1.0399816E+06  -3.9663116E+01   0.0000000E+00   0.0000000E+00   0.0000000E+00
     1.3940000E+03   9.4729324E+01   2.9328816E-02   9.4729446E+01   1.3250182E+06  -1.2274834E+01   0.0000000E+00   0.0000000E+00   0.0000000E+00
     1.3950000E+03   9.4727562E+01   2.7565688E-02   9.4727875E+01   1.1949392E+06  -3.2610466E+01   0.0000000E+00   0.0000000E+00   0.0000000E+00
     1.3960000E+03   9.4726128E+01   2.6129605E-02   9.4726425E+01   1.0929615E+06  -3.1391567E+01   0.0000000E+00   0.0000000E+00   0.0000000E+00
     1.3970000E+03   9.4726677E+01   2.6683800E-02   9.4726898E+01   1.1319085E+06  -2.3017496E+01   0.0000000E+00   0.0000000E+00   0.0000000E+00
     1.3980000E+03   9.4724442E+01   2.4442265E-02   9.4724754E+01   9.7787762E+05  -3.2827396E+01   0.0000000E+00   0.0000000E+00   0.0000000E+00
     1.3990000E+03   9.4724335E+01   2.4339594E-02   9.4724571E+01   9.7103056E+05  -2.4339815E+01   0.0000000E+00   0.0000000E+00   0.0000000E+00
     1.4000000E+03   9.4724731E+01   2.4735918E-02   9.4724937E+01   9.9752900E+05  -2.1529121E+01   0.0000000E+00   0.0000000E+00   0.0000000E+00
     1.4010000E+03   9.4724869E+01   2.4870353E-02   9.4725075E+01   1.0065839E+06  -2.1892097E+01   0.0000000E+00   0.0000000E+00   0.0000000E+00
     1.4020000E+03   9.4723885E+01   2.3888472E-02   9.4724136E+01   9.4126906E+05  -2.5742556E+01   0.0000000E+00   0.0000000E+00   0.0000000E+00
     1.4030000E+03   9.4723450E+01   2.3455141E-02   9.4723679E+01   9.1294319E+05  -2.3227119E+01   0.0000000E+00   0.0000000E+00   0.0000000E+00
     1.4040000E+03   9.4724968E+01   2.4969192E-02   9.4725113E+01   1.0132693E+06  -1.5193770E+01   0.0000000E+00   0.0000000E+00   0.0000000E+00
     1.4050000E+03   9.4729599E+01   2.9602004E-02   9.4729622E+01   1.3456160E+06  -2.4010394E+00   0.0000000E+00   0.0000000E+00   0.0000000E+00
     1.4060000E+03   9.4729263E+01   2.9265668E-02   9.4729462E+01   1.3202585E+06  -2.0699244E+01   0.0000000E+00   0.0000000E+00   0.0000000E+00
     1.4070000E+03   9.4728386E+01   2.8389884E-02   9.4728607E+01   1.2550718E+06  -2.3029005E+01   0.0000000E+00   0.0000000E+00   0.0000000E+00
     1.4080000E+03   9.4727257E+01   2.7263626E-02   9.4727486E+01   1.1731382E+06  -2.3696442E+01   0.0000000E+00   0.0000000E+00   0.0000000E+00
     1.4090000E+03   9.4723755E+01   2.3761725E-02   9.4724068E+01   9.3298419E+05  -3.2529640E+01   0.0000000E+00   0.0000000E+00   0.0000000E+00
     1.4100000E+03   9.4722778E+01   2.2779021E-02   9.4722992E+01   8.6956719E+05  -2.2800280E+01   0.0000000E+00   0.0000000E+00   0.0000000E+00
     1.4110000E+03   9.4721245E+01   2.1249510E-02   9.4721481E+01   7.7436012E+05  -2.4156132E+01   0.0000000E+00   0.0000000E+00   0.0000000E+00
     1.4120000E+03   9.4720398E+01   2.0404229E-02   9.4720604E+01   7.2374456E+05  -2.1073481E+01   0.0000000E+00   0.0000000E+00   0.0000000E+00
     1.4130000E+03   9.4721291E+01   2.1296220E-02   9.4721428E+01   7.7723700E+05  -1.3668575E+01   0.0000000E+00   0.0000000E+00   0.0000000E+00
     1.4140000E+03   9.4721260E+01   2.1263989E-02   9.4721420E+01   7.7524006E+05  -1.6343210E+01   0.0000000E+00   0.0000000E+00   0.0000000E+00
     1.4150000E+03   9.4721703E+01   2.1705026E-02   9.4721840E+01   8.0226744E+05  -1.4164792E+01   0.0000000E+00   0.0000000E+00   0.0000000E+00
     1.4160000E+03   9.4721893E+01   2.1894213E-02   9.4722031E+01   8.1395462E+05  -1.4631590E+01   0.0000000E+00   0.0000000E+00   0.0000000E+00
     1.4170000E+03   9.4723053E+01   2.3059528E-02   9.4723160E+01   8.8747075E+05  -1.0560329E+01   0.0000000E+00   0.0000000E+00   0.0000000E+00
     1.4180000E+03   9.4722847E+01   2.2846270E-02   9.4722992E+01   8.7382769E+05  -1.5408855E+01   0.0000000E+00   0.0000000E+00   0.0000000E+00
     1.4190000E+03   9.4722130E+01   2.2131136E-02   9.4722298E+01   8.2872612E+05  -1.7262497E+01   0.0000000E+00   0.0000000E+00   0.0000000E+00
     1.4200000E+03   9.4722733E+01   2.2736082E-02   9.4722847E+01   8.6681500E+05  -1.1975535E+01   0.0000000E+00   0.0000000E+00   0.0000000E+00
     1.4210000E+03   9.4722687E+01   2.2692617E-02   9.4722824E+01   8.6402125E+05  -1.4038146E+01   0.0000000E+00   0.0000000E+00   0.0000000E+00
     1.4220000E+03   9.4723755E+01   2.3756061E-02   9.4723846E+01   9.3255531E+05  -9.6064014E+00   0.0000000E+00   0.0000000E+00   0.0000000E+00
     1.4230000E+03   9.4726242E+01   2.6248379E-02   9.4726280E+01   1.1012566E+06  -3.7450378E+00   0.0000000E+00   0.0000000E+00   0.0000000E+00
     1.4240000E+03   9.4731979E+01   3.1980306E-02   9.4731888E+01   1.5305836E+06   9.1737499E+00   0.0000000E+00   0.0000000E+00   0.0000000E+00
     1.4250000E+03   9.4736542E+01   3.6544498E-02   9.4736488E+01   1.9117209E+06   5.3210578E+00   0.0000000E+00   0.0000000E+00   0.0000000E+00
     1.4260000E+03   9.4736465E+01   3.6470264E-02   9.4736588E+01   1.9052545E+06  -1.2535121E+01   0.0000000E+00   0.0000000E+00   0.0000000E+00
     1.4270000E+03   9.4730598E+01   3.0601034E-02   9.4730934E+01   1.4221475E+06  -3.5338135E+01   0.0000000E+00   0.0000000E+00   0.0000000E+00
     1.4280000E+03   9.4726570E+01   2.6575947E-02   9.4726852E+01   1.1242921E+06  -2.8929661E+01   0.0000000E+00   0.0000000E+00   0.0000000E+00
     1.4290000E+03   9.4729492E+01   2.9498018E-02   9.4729515E+01   1.3377415E+06  -1.7197636E+00   0.0000000E+00   0.0000000E+00   0.0000000E+00
     1.4300000E+03   9.4726143E+01   2.6149580E-02   9.4726387E+01   1.0943522E+06  -2.4711874E+01   0.0000000E+00   0.0000000E+00   0.0000000E+00
     1.4310000E+03   9.4729362E+01   2.9368231E-02   9.4729362E+01   1.3279526E+06  -8.7674804E-02   0.0000000E+00   0.0000000E+00   0.0000000E+00
     1.4320000E+03   9.4735573E+01   3.5577741E-02   9.4735458E+01   1.8281858E+06   1.2487527E+01   0.0000000E+00   0.0000000E+00   0.0000000E+00
     1.4330000E+03   9.4735283E+01   3.5288997E-02   9.4735397E+01   1.8035155E+06  -1.1962483E+01   0.0000000E+00   0.0000000E+00   0.0000000E+00
     1.4340000E+03   9.4734802E+01   3.4806348E-02   9.4734955E+01   1.7624500E+06  -1.5419030E+01   0.0000000E+00   0.0000000E+00   0.0000000E+00
     1.4350000E+03   9.4725929E+01   2.5932161E-02   9.4726372E+01   1.0792735E+06  -4.5833660E+01   0.0000000E+00   0.0000000E+00   0.0000000E+00
     1.4360000E+03   9.4724167E+01   2.4168562E-02   9.4724350E+01   9.5970350E+05  -1.9408152E+01   0.0000000E+00   0.0000000E+00   0.0000000E+00
     1.4370000E+03   9.4726013E+01   2.6018525E-02   9.4726059E+01   1.0852766E+06  -4.3813663E+00   0.0000000E+00   0.0000000E+00   0.0000000E+00
     1.4380000E+03   9.4724899E+01   2.4905389E-02   9.4725044E+01   1.0089635E+06  -1.5109263E+01   0.0000000E+00   0.0000000E+00   0.0000000E+00
     1.4390000E+03   9.4725777E+01   2.5782421E-02   9.4725853E+01   1.0688692E+06  -7.6677651E+00   0.0000000E+00   0.0000000E+00   0.0000000E+00
     1.4400000E+03   9.4722450E+01   2.2449920E-02   9.4722672E+01   8.4868469E+05  -2.3555323E+01   0.0000000E+00   0.0000000E+00   0.0000000E+00
     1.4410000E+03   9.4721931E+01   2.1937050E-02   9.4722061E+01   8.1660969E+05  -1.3151861E+01   0.0000000E+00   0.0000000E+00   0.0000000E+00
     1.4420000E+03   9.4722198E+01   2.2204265E-02   9.4722298E+01   8.3325869E+05  -9.6778250E+00   0.0000000E+00   0.0000000E+00   0.0000000E+00
     1.4430000E+03   9.4722359E+01   2.2361316E-02   9.4722450E+01   8.4314294E+05  -9.8857832E+00   0.0000000E+00   0.0000000E+00   0.0000000E+00
     1.4440000E+03   9.4722176E+01   2.2180749E-02   9.4722282E+01   8.3178625E+05  -1.1080379E+01   0.0000000E+00   0.0000000E+00   0.0000000E+00
     1.4450000E+03   9.4721840E+01   2.1845130E-02   9.4721954E+01   8.1091956E+05  -1.1634774E+01   0.0000000E+00   0.0000000E+00   0.0000000E+00
     1.4460000E+03   9.4721481E+01   2.1481778E-02   9.4721588E+01   7.8856225E+05  -1.1651477E+01   0.0000000E+00   0.0000000E+00   0.0000000E+00
     1.4470000E+03   9.4721107E+01   2.1113908E-02   9.4721222E+01   7.6618275E+05  -1.1580115E+01   0.0000000E+00   0.0000000E+00   0.0000000E+00
     1.4480000E+03   9.4720833E+01   2.0833356E-02   9.4720940E+01   7.4929619E+05  -1.1152022E+01   0.0000000E+00   0.0000000E+00   0.0000000E+00
     1.4490000E+03   9.4721809E+01   2.1815071E-02   9.4721870E+01   8.0906431E+05  -6.1879687E+00   0.0000000E+00   0.0000000E+00   0.0000000E+00
     1.4500000E+03   9.4722565E+01   2.2566427E-02   9.4722626E+01   8.5603862E+05  -6.7979941E+00   0.0000000E+00   0.0000000E+00   0.0000000E+00
     1.4510000E+03   9.4723724E+01   2.3725918E-02   9.4723770E+01   9.3059469E+05  -5.1761751E+00   0.0000000E+00   0.0000000E+00   0.0000000E+00
     1.4520000E+03   9.4723778E+01   2.3782963E-02   9.4723869E+01   9.3432669E+05  -9.2891512E+00   0.0000000E+00   0.0000000E+00   0.0000000E+00
     1.4530000E+03   9.4726700E+01   2.6704784E-02   9.4726685E+01   1.1333609E+06   1.6771598E+00   0.0000000E+00   0.0000000E+00   0.0000000E+00
     1.4540000E+03   9.4731743E+01   3.1747397E-02   9.4731644E+01   1.5120541E+06   1.0337233E+01   0.0000000E+00   0.0000000E+00   0.0000000E+00
     1.4550000E+03   9.4732483E+01   3.2486100E-02   9.4732536E+01   1.5711542E+06  -5.8703895E+00   0.0000000E+00   0.0000000E+00   0.0000000E+00
     1.4560000E+03   9.4726624E+01   2.6625810E-02   9.4726929E+01   1.1277862E+06  -3.1843449E+01   0.0000000E+00   0.0000000E+00   0.0000000E+00
     1.4570000E+03   9.4729477E+01   2.9480113E-02   9.4729469E+01   1.3364040E+06   8.5646844E-01   0.0000000E+00   0.0000000E+00   0.0000000E+00
     1.4580000E+03   9.4730927E+01   3.0931281E-02   9.4730957E+01   1.4478259E+06  -3.2635105E+00   0.0000000E+00   0.0000000E+00   0.0000000E+00
     1.4590000E+03   9.4736244E+01   3.6244821E-02   9.4736130E+01   1.8856730E+06   1.1522143E+01   0.0000000E+00   0.0000000E+00   0.0000000E+00
     1.4600000E+03   9.4730385E+01   3.0391369E-02   9.4730682E+01   1.4059506E+06  -3.0883224E+01   0.0000000E+00   0.0000000E+00   0.0000000E+00
     1.4610000E+03   9.4723724E+01   2.3730978E-02   9.4724068E+01   9.3091606E+05  -3.5521626E+01   0.0000000E+00   0.0000000E+00   0.0000000E+00
     1.4620000E+03   9.4722633E+01   2.2633221E-02   9.4722763E+01   8.6025969E+05  -1.4210344E+01   0.0000000E+00   0.0000000E+00   0.0000000E+00
     1.4630000E+03   9.4722733E+01   2.2737693E-02   9.4722816E+01   8.6692175E+05  -8.7452955E+00   0.0000000E+00   0.0000000E+00   0.0000000E+00
     1.4640000E+03   9.4722099E+01   2.2105830E-02   9.4722214E+01   8.2711038E+05  -1.1322831E+01   0.0000000E+00   0.0000000E+00   0.0000000E+00
     1.4650000E+03   9.4721413E+01   2.1412104E-02   9.4721519E+01   7.8430950E+05  -1.1585949E+01   0.0000000E+00   0.0000000E+00   0.0000000E+00
     1.4660000E+03   9.4721291E+01   2.1290969E-02   9.4721375E+01   7.7692831E+05  -9.3254108E+00   0.0000000E+00   0.0000000E+00   0.0000000E+00
     1.4670000E+03   9.4721336E+01   2.1338042E-02   9.4721420E+01   7.7979338E+05  -8.5141954E+00   0.0000000E+00   0.0000000E+00   0.0000000E+00
     1.4680000E+03   9.4721352E+01   2.1355256E-02   9.4721436E+01   7.8084200E+05  -8.5732212E+00   0.0000000E+00   0.0000000E+00   0.0000000E+00
     1.4690000E+03   9.4721191E+01   2.1197658E-02   9.4721283E+01   7.7126162E+05  -9.1839218E+00   0.0000000E+00   0.0000000E+00   0.0000000E+00
     1.4700000E+03   9.4721573E+01   2.1578066E-02   9.4721642E+01   7.9446756E+05  -7.0994334E+00   0.0000000E+00   0.0000000E+00   0.0000000E+00
     1.4710000E+03   9.4722496E+01   2.2500902E-02   9.4722542E+01   8.5190012E+05  -4.8870573E+00   0.0000000E+00   0.0000000E+00   0.0000000E+00
     1.4720000E+03   9.4723625E+01   2.3630435E-02   9.4723679E+01   9.2436131E+05  -5.1501422E+00   0.0000000E+00   0.0000000E+00   0.0000000E+00
     1.4730000E+03   9.4725769E+01   2.5774270E-02   9.4725800E+01   1.0683164E+06  -3.2601664E+00   0.0000000E+00   0.0000000E+00   0.0000000E+00
     1.4740000E+03   9.4726654E+01   2.6654765E-02   9.4726738E+01   1.1298319E+06  -9.1294832E+00   0.0000000E+00   0.0000000E+00   0.0000000E+00
     1.4750000E+03   9.4724800E+01   2.4801478E-02   9.4724998E+01   1.0019622E+06  -2.0459637E+01   0.0000000E+00   0.0000000E+00   0.0000000E+00
     1.4760000E+03   9.4724106E+01   2.4109563E-02   9.4724266E+01   9.5580862E+05  -1.6644745E+01   0.0000000E+00   0.0000000E+00   0.0000000E+00
     1.4770000E+03   9.4723709E+01   2.3713041E-02   9.4723854E+01   9.2975269E+05  -1.5399221E+01   0.0000000E+00   0.0000000E+00   0.0000000E+00
     1.4780000E+03   9.4723389E+01   2.3392435E-02   9.4723534E+01   9.0889638E+05  -1.4970605E+01   0.0000000E+00   0.0000000E+00   0.0000000E+00
     1.4790000E+03   9.4722221E+01   2.2226688E-02   9.4722397E+01   8.3466656E+05  -1.8063051E+01   0.0000000E+00   0.0000000E+00   0.0000000E+00
     1.4800000E+03   9.4722473E+01   2.2475142E-02   9.4722595E+01   8.5027488E+05  -1.2543324E+01   0.0000000E+00   0.0000000E+00   0.0000000E+00
     1.4810000E+03   9.4722420E+01   2.2419302E-02   9.4722542E+01   8.4675694E+05  -1.3324105E+01   0.0000000E+00   0.0000000E+00   0.0000000E+00
     1.4820000E+03   9.4723755E+01   2.3760596E-02   9.4724510E+01   9.3285956E+05  -7.8491554E+01   0.0000000E+00   0.0000000E+00   0.0000000E+00
     1.4830000E+03   9.4796196E+01   9.6200369E-02   9.4798058E+01   9.5944250E+06  -1.9353500E+02   0.0000000E+00   0.0000000E+00   0.0000000E+00
     1.4840000E+03   9.4763947E+01   6.3948408E-02   9.4772354E+01   4.8578110E+06  -8.7559656E+02   0.0000000E+00   0.0000000E+00   0.0000000E+00
     1.4850000E+03   9.4735283E+01   3.5282493E-02   9.4745224E+01   1.8029750E+06  -1.0357073E+03   0.0000000E+00   0.0000000E+00   0.0000000E+00
     1.4860000E+03   9.4731750E+01   3.1752389E-02   9.4741066E+01   1.5124636E+06  -9.6993915E+02   0.0000000E+00   0.0000000E+00   0.0000000E+00
     1.4870000E+03   9.4729492E+01   2.9498838E-02   9.4738350E+01   1.3378246E+06  -9.2168774E+02   0.0000000E+00   0.0000000E+00   0.0000000E+00
     1.4880000E+03   9.4733681E+01   3.3682778E-02   9.4741730E+01   1.6687999E+06  -8.3827234E+02   0.0000000E+00   0.0000000E+00   0.0000000E+00
     1.4890000E+03   9.4736908E+01   3.6912434E-02   9.4744453E+01   1.9439218E+06  -7.8571393E+02   0.0000000E+00   0.0000000E+00   0.0000000E+00
     1.4900000E+03   9.4736168E+01   3.6167640E-02   9.4743401E+01   1.8789905E+06  -7.5350885E+02   0.0000000E+00   0.0000000E+00   0.0000000E+00
     1.4910000E+03   9.4731216E+01   3.1220214E-02   9.4738213E+01   1.4704511E+06  -7.2838617E+02   0.0000000E+00   0.0000000E+00   0.0000000E+00
     1.4920000E+03   9.4746315E+01   4.6320960E-02   9.4753891E+01   2.8380462E+06  -7.8843024E+02   0.0000000E+00   0.0000000E+00   0.0000000E+00
     1.4930000E+03   9.4778069E+01   7.8071870E-02   9.4786057E+01   6.7745760E+06  -8.3168463E+02   0.0000000E+00   0.0000000E+00   0.0000000E+00
     1.4940000E+03   9.4741394E+01   4.1398209E-02   9.4752235E+01   2.3533878E+06  -1.1284407E+03   0.0000000E+00   0.0000000E+00   0.0000000E+00
     1.4950000E+03   9.4739861E+01   3.9863192E-02   9.4749252E+01   2.2097570E+06  -9.7828064E+02   0.0000000E+00   0.0000000E+00   0.0000000E+00
     1.4960000E+03   9.4738693E+01   3.8698483E-02   9.4747498E+01   2.1032015E+06  -9.1694122E+02   0.0000000E+00   0.0000000E+00   0.0000000E+00
     1.4970000E+03   9.4738441E+01   3.8444556E-02   9.4746567E+01   2.0802515E+06  -8.4623346E+02   0.0000000E+00   0.0000000E+00   0.0000000E+00
     1.4980000E+03   9.4734474E+01   3.4479387E-02   9.4742088E+01   1.7350965E+06  -7.9224084E+02   0.0000000E+00   0.0000000E+00   0.0000000E+00
     1.4990000E+03   9.4736771E+01   3.6775894E-02   9.4743530E+01   1.9319526E+06  -7.0365906E+02   0.0000000E+00   0.0000000E+00   0.0000000E+00
     1.5000000E+03   9.4745506E+01   4.5507669E-02   9.4753265E+01   2.7554955E+06  -8.0824701E+02   0.0000000E+00   0.0000000E+00   0.0000000E+00
     1.5010000E+03   9.4754471E+01   5.4474827E-02   9.4762840E+01   3.7186372E+06  -8.7150568E+02   0.0000000E+00   0.0000000E+00   0.0000000E+00
     1.5020000E+03   9.4740288E+01   4.0292557E-02   9.4749466E+01   2.2495678E+06  -9.5570563E+02   0.0000000E+00   0.0000000E+00   0.0000000E+00
     1.5030000E+03   9.4740120E+01   4.0119972E-02   9.4748398E+01   2.2335312E+06  -8.6205438E+02   0.0000000E+00   0.0000000E+00   0.0000000E+00
     1.5040000E+03   9.4739586E+01   3.9591275E-02   9.4747292E+01   2.1846920E+06  -8.0233746E+02   0.0000000E+00   0.0000000E+00   0.0000000E+00
     1.5050000E+03   9.4731689E+01   3.1689353E-02   9.4739059E+01   1.5074629E+06  -7.6771381E+02   0.0000000E+00   0.0000000E+00   0.0000000E+00
     1.5060000E+03   9.4729439E+01   2.9438037E-02   9.4736023E+01   1.3332320E+06  -6.8612164E+02   0.0000000E+00   0.0000000E+00   0.0000000E+00
     1.5070000E+03   9.4727280E+01   2.7282320E-02   9.4733383E+01   1.1744848E+06  -6.3560834E+02   0.0000000E+00   0.0000000E+00   0.0000000E+00
     1.5080000E+03   9.4735275E+01   3.5279389E-02   9.4740974E+01   1.8027112E+06  -5.9317963E+02   0.0000000E+00   0.0000000E+00   0.0000000E+00
     1.5090000E+03   9.4853813E+01   1.5381712E-01   9.4857086E+01   2.0976476E+07  -3.4058878E+02   0.0000000E+00   0.0000000E+00   0.0000000E+00
     1.5100000E+03   9.4794075E+01   9.4076529E-02   9.4805122E+01   9.2440010E+06  -1.1503655E+03   0.0000000E+00   0.0000000E+00   0.0000000E+00
     1.5110000E+03   9.4742210E+01   4.2212334E-02   9.4753929E+01   2.4310282E+06  -1.2205060E+03   0.0000000E+00   0.0000000E+00   0.0000000E+00
     1.5120000E+03   9.4762192E+01   6.2193297E-02   9.4771645E+01   4.6376425E+06  -9.8427521E+02   0.0000000E+00   0.0000000E+00   0.0000000E+00
     1.5130000E+03   9.4803612E+01   1.0361202E-01   9.4812363E+01   1.0857779E+07  -9.1159833E+02   0.0000000E+00   0.0000000E+00   0.0000000E+00
     1.5140000E+03   9.4751678E+01   5.1683694E-02   9.4763947E+01   3.4065335E+06  -1.2775436E+03   0.0000000E+00   0.0000000E+00   0.0000000E+00
     1.5150000E+03   9.4745796E+01   4.5797881E-02   9.4756485E+01   2.7848355E+06  -1.1133561E+03   0.0000000E+00   0.0000000E+00   0.0000000E+00
     1.5160000E+03   9.4743912E+01   4.3911256E-02   9.4754166E+01   2.5962775E+06  -1.0679167E+03   0.0000000E+00   0.0000000E+00   0.0000000E+00
     1.5170000E+03   9.4743187E+01   4.3193232E-02   9.4752998E+01   2.5259060E+06  -1.0213695E+03   0.0000000E+00   0.0000000E+00   0.0000000E+00
     1.5180000E+03   9.4742188E+01   4.2187914E-02   9.4751480E+01   2.4286842E+06  -9.6802789E+02   0.0000000E+00   0.0000000E+00   0.0000000E+00
     1.5190000E+03   9.4739555E+01   3.9557513E-02   9.4748314E+01   2.1815875E+06  -9.1230872E+02   0.0000000E+00   0.0000000E+00   0.0000000E+00
     1.5200000E+03   9.4884346E+01   1.8434772E-01   9.4888222E+01   2.8365292E+07  -4.0354895E+02   0.0000000E+00   0.0000000E+00   0.0000000E+00
     1.5210000E+03   9.4933464E+01   2.3346350E-01   9.4941376E+01   4.2049140E+07  -8.2397809E+02   0.0000000E+00   0.0000000E+00   0.0000000E+00
     1.5220000E+03   9.5214859E+01   5.1486343E-01   9.5214783E+01   1.5711254E+08   8.0014734E+00   0.0000000E+00   0.0000000E+00   0.0000000E+00
     1.5230000E+03   9.4903297E+01   2.0329733E-01   9.4925179E+01   3.3389546E+07  -2.2790996E+03   0.0000000E+00   0.0000000E+00   0.0000000E+00
     1.5240000E+03   9.5308617E+01   6.0862172E-01   9.5304901E+01   2.0763648E+08   3.8711926E+02   0.0000000E+00   0.0000000E+00   0.0000000E+00
     1.5250000E+03   9.4833237E+01   1.3324054E-01   9.4861336E+01   1.6511432E+07  -2.9257668E+03   0.0000000E+00   0.0000000E+00   0.0000000E+00
     1.5260000E+03   9.4796005E+01   9.6005701E-02   9.4808929E+01   9.5621090E+06  -1.3456582E+03   0.0000000E+00   0.0000000E+00   0.0000000E+00
     1.5270000E+03   9.4950859E+01   2.5085941E-01   9.4956017E+01   4.7399632E+07  -5.3758746E+02   0.0000000E+00   0.0000000E+00   0.0000000E+00
     1.5280000E+03   9.4805321E+01   1.0532037E-01   9.4821335E+01   1.1157795E+07  -1.6675742E+03   0.0000000E+00   0.0000000E+00   0.0000000E+00
     1.5290000E+03   9.4782524E+01   8.2528509E-02   9.4794350E+01   7.4312925E+06  -1.2309106E+03   0.0000000E+00   0.0000000E+00   0.0000000E+00
     1.5300000E+03   9.4774597E+01   7.4599780E-02   9.4785675E+01   6.2799085E+06  -1.1531742E+03   0.0000000E+00   0.0000000E+00   0.0000000E+00
     1.5310000E+03   9.4768242E+01   6.8244942E-02   9.4779205E+01   5.4138715E+06  -1.1413000E+03   0.0000000E+00   0.0000000E+00   0.0000000E+00
     1.5320000E+03   9.4759933E+01   5.9934072E-02   9.4770943E+01   4.3602845E+06  -1.1463064E+03   0.0000000E+00   0.0000000E+00   0.0000000E+00
     1.5330000E+03   9.4753937E+01   5.3936541E-02   9.4764847E+01   3.6576092E+06  -1.1361215E+03   0.0000000E+00   0.0000000E+00   0.0000000E+00
     1.5340000E+03   9.4758636E+01   5.8639307E-02   9.4769119E+01   4.2044165E+06  -1.0918237E+03   0.0000000E+00   0.0000000E+00   0.0000000E+00
     1.5350000E+03   9.4758507E+01   5.8510374E-02   9.4769119E+01   4.1890200E+06  -1.1051440E+03   0.0000000E+00   0.0000000E+00   0.0000000E+00
     1.5360000E+03   9.4761765E+01   6.1768357E-02   9.4772217E+01   4.5849450E+06  -1.0882295E+03   0.0000000E+00   0.0000000E+00   0.0000000E+00
     1.5370000E+03   9.4786629E+01   8.6628489E-02   9.4796272E+01   8.0567345E+06  -1.0044611E+03   0.0000000E+00   0.0000000E+00   0.0000000E+00
     1.5380000E+03   9.4780525E+01   8.0529317E-02   9.4791306E+01   7.1336795E+06  -1.1222949E+03   0.0000000E+00   0.0000000E+00   0.0000000E+00
     1.5390000E+03   9.4810165E+01   1.1016523E-01   9.4819672E+01   1.2026283E+07  -9.9005133E+02   0.0000000E+00   0.0000000E+00   0.0000000E+00
     1.5400000E+03   9.4766167E+01   6.6169880E-02   9.4778351E+01   5.1423095E+06  -1.2687808E+03   0.0000000E+00   0.0000000E+00   0.0000000E+00
     1.5410000E+03   9.4754982E+01   5.4981504E-02   9.4766006E+01   3.7764638E+06  -1.1480793E+03   0.0000000E+00   0.0000000E+00   0.0000000E+00
     1.5420000E+03   9.4751625E+01   5.1625606E-02   9.4762260E+01   3.4001648E+06  -1.1078160E+03   0.0000000E+00   0.0000000E+00   0.0000000E+00
     1.5430000E+03   9.4897568E+01   1.9757119E-01   9.4902718E+01   3.1836894E+07  -5.3622424E+02   0.0000000E+00   0.0000000E+00   0.0000000E+00
     1.5440000E+03   9.5053711E+01   3.5371688E-01   9.5058418E+01   8.4039568E+07  -4.8949457E+02   0.0000000E+00   0.0000000E+00   0.0000000E+00
     1.5450000E+03   9.5443665E+01   7.4366987E-01   9.5440063E+01   2.8997309E+08   3.7492963E+02   0.0000000E+00   0.0000000E+00   0.0000000E+00
     1.5460000E+03   9.4949913E+01   2.4991809E-01   9.4978882E+01   4.7103564E+07  -3.0159521E+03   0.0000000E+00   0.0000000E+00   0.0000000E+00
     1.5470000E+03   9.5027298E+01   3.2730088E-01   9.5036247E+01   7.3842000E+07  -9.3208954E+02   0.0000000E+00   0.0000000E+00   0.0000000E+00
     1.5480000E+03   9.4942245E+01   2.4224934E-01   9.4956383E+01   4.4719336E+07  -1.4719590E+03   0.0000000E+00   0.0000000E+00   0.0000000E+00
     1.5490000E+03   9.4891335E+01   1.9133618E-01   9.4904297E+01   3.0180020E+07  -1.3498678E+03   0.0000000E+00   0.0000000E+00   0.0000000E+00
     1.5500000E+03   9.4888359E+01   1.8836133E-01   9.4899429E+01   2.9402030E+07  -1.1527937E+03   0.0000000E+00   0.0000000E+00   0.0000000E+00
     1.5510000E+03   9.4884216E+01   1.8421610E-01   9.4895210E+01   2.8331552E+07  -1.1452355E+03   0.0000000E+00   0.0000000E+00   0.0000000E+00
     1.5520000E+03   9.4876282E+01   1.7628193E-01   9.4887383E+01   2.6327162E+07  -1.1565881E+03   0.0000000E+00   0.0000000E+00   0.0000000E+00
     1.5530000E+03   9.4871414E+01   1.7141873E-01   9.4882393E+01   2.5127816E+07  -1.1429827E+03   0.0000000E+00   0.0000000E+00   0.0000000E+00
     1.5540000E+03   9.4868095E+01   1.6810122E-01   9.4878998E+01   2.4322556E+07  -1.1348674E+03   0.0000000E+00   0.0000000E+00   0.0000000E+00
     1.5550000E+03   9.4863922E+01   1.6392517E-01   9.4874840E+01   2.3323858E+07  -1.1365876E+03   0.0000000E+00   0.0000000E+00   0.0000000E+00
     1.5560000E+03   9.4859970E+01   1.5997544E-01   9.4870872E+01   2.2394760E+07  -1.1346453E+03   0.0000000E+00   0.0000000E+00   0.0000000E+00
     1.5570000E+03   9.4862236E+01   1.6223946E-01   9.4872887E+01   2.2925484E+07  -1.1088732E+03   0.0000000E+00   0.0000000E+00   0.0000000E+00
     1.5580000E+03   9.4900192E+01   2.0019379E-01   9.4909569E+01   3.2544338E+07  -9.7680530E+02   0.0000000E+00   0.0000000E+00   0.0000000E+00
     1.5590000E+03   9.4879440E+01   1.7944013E-01   9.4890968E+01   2.7117956E+07  -1.2005791E+03   0.0000000E+00   0.0000000E+00   0.0000000E+00
     1.5600000E+03   9.4864891E+01   1.6489491E-01   9.4876274E+01   2.3554276E+07  -1.1848323E+03   0.0000000E+00   0.0000000E+00   0.0000000E+00
     1.5610000E+03   9.4858521E+01   1.5852223E-01   9.4869583E+01   2.2056746E+07  -1.1519126E+03   0.0000000E+00   0.0000000E+00   0.0000000E+00
     1.5620000E+03   9.4860199E+01   1.6020034E-01   9.4870941E+01   2.2447264E+07  -1.1188970E+03   0.0000000E+00   0.0000000E+00   0.0000000E+00
     1.5630000E+03   9.4855095E+01   1.5509705E-01   9.4866074E+01   2.1268180E+07  -1.1429177E+03   0.0000000E+00   0.0000000E+00   0.0000000E+00
     1.5640000E+03   9.4855080E+01   1.5508072E-01   9.4865868E+01   2.1264442E+07  -1.1238304E+03   0.0000000E+00   0.0000000E+00   0.0000000E+00
     1.5650000E+03   9.4856483E+01   1.5648592E-01   9.4867210E+01   2.1586544E+07  -1.1167535E+03   0.0000000E+00   0.0000000E+00   0.0000000E+00
     1.5660000E+03   9.4856262E+01   1.5626410E-01   9.4867035E+01   2.1535566E+07  -1.1219980E+03   0.0000000E+00   0.0000000E+00   0.0000000E+00
     1.5670000E+03   9.4842567E+01   1.4256804E-01   9.4853828E+01   1.8482522E+07  -1.1728193E+03   0.0000000E+00   0.0000000E+00   0.0000000E+00
     1.5680000E+03   9.4835022E+01   1.3502231E-01   9.4846046E+01   1.6881088E+07  -1.1479266E+03   0.0000000E+00   0.0000000E+00   0.0000000E+00
     1.5690000E+03   9.4812866E+01   1.1286581E-01   9.4824379E+01   1.2521659E+07  -1.1989827E+03   0.0000000E+00   0.0000000E+00   0.0000000E+00
     1.5700000E+03   9.4810036E+01   1.1004160E-01   9.4820801E+01   1.2003803E+07  -1.1206355E+03   0.0000000E+00   0.0000000E+00   0.0000000E+00
     1.5710000E+03   9.4785637E+01   8.5638605E-02   9.4797096E+01   7.9038760E+06  -1.1934294E+03   0.0000000E+00   0.0000000E+00   0.0000000E+00
     1.5720000E+03   9.4780029E+01   8.0033638E-02   9.4790504E+01   7.0606565E+06  -1.0903733E+03   0.0000000E+00   0.0000000E+00   0.0000000E+00
     1.5730000E+03   9.4781189E+01   8.1188567E-02   9.4790825E+01   7.2312935E+06  -1.0040995E+03   0.0000000E+00   0.0000000E+00   0.0000000E+00
     1.5740000E+03   9.4780998E+01   8.1000060E-02   9.4790001E+01   7.2033215E+06  -9.3775372E+02   0.0000000E+00   0.0000000E+00   0.0000000E+00
     1.5750000E+03   9.4779198E+01   7.9197414E-02   9.4787544E+01   6.9381305E+06  -8.6940790E+02   0.0000000E+00   0.0000000E+00   0.0000000E+00
     1.5760000E+03   9.4781876E+01   8.1877403E-02   9.4789909E+01   7.3338310E+06  -8.3642822E+02   0.0000000E+00   0.0000000E+00   0.0000000E+00
     1.5770000E+03   9.4838699E+01   1.3870212E-01   9.4845627E+01   1.7654800E+07  -7.2105969E+02   0.0000000E+00   0.0000000E+00   0.0000000E+00
     1.5780000E+03   9.4800865E+01   1.0087093E-01   9.4811943E+01   1.0383276E+07  -1.1535071E+03   0.0000000E+00   0.0000000E+00   0.0000000E+00
     1.5790000E+03   9.4787514E+01   8.7514967E-02   9.4798195E+01   8.1946045E+06  -1.1123328E+03   0.0000000E+00   0.0000000E+00   0.0000000E+00
     1.5800000E+03   9.4784729E+01   8.4732920E-02   9.4794983E+01   7.7650560E+06  -1.0674159E+03   0.0000000E+00   0.0000000E+00   0.0000000E+00
     1.5810000E+03   9.4770462E+01   7.0466913E-02   9.4780754E+01   5.7108540E+06  -1.0712410E+03   0.0000000E+00   0.0000000E+00   0.0000000E+00
     1.5820000E+03   9.4769691E+01   6.9693282E-02   9.4778931E+01   5.6067295E+06  -9.6213049E+02   0.0000000E+00   0.0000000E+00   0.0000000E+00
     1.5830000E+03   9.4761848E+01   6.1855003E-02   9.4770752E+01   4.5956670E+06  -9.2697174E+02   0.0000000E+00   0.0000000E+00   0.0000000E+00
     1.5840000E+03   9.4761551E+01   6.1554119E-02   9.4769615E+01   4.5584620E+06  -8.3948169E+02   0.0000000E+00   0.0000000E+00   0.0000000E+00
     1.5850000E+03   9.4764023E+01   6.4024433E-02   9.4771416E+01   4.8674305E+06  -7.7014050E+02   0.0000000E+00   0.0000000E+00   0.0000000E+00
     1.5860000E+03   9.4756485E+01   5.6485344E-02   9.4763725E+01   3.9501758E+06  -7.5408075E+02   0.0000000E+00   0.0000000E+00   0.0000000E+00
     1.5870000E+03   9.4757637E+01   5.7637211E-02   9.4764061E+01   4.0853420E+06  -6.6903430E+02   0.0000000E+00   0.0000000E+00   0.0000000E+00
     1.5880000E+03   9.4753304E+01   5.3303689E-02   9.4759422E+01   3.5863605E+06  -6.3782751E+02   0.0000000E+00   0.0000000E+00   0.0000000E+00
     1.5890000E+03   9.4748100E+01   4.8106309E-02   9.4753792E+01   3.0226985E+06  -5.9261108E+02   0.0000000E+00   0.0000000E+00   0.0000000E+00
     1.5900000E+03   9.4749176E+01   4.9177475E-02   9.4754181E+01   3.1356992E+06  -5.2132959E+02   0.0000000E+00   0.0000000E+00   0.0000000E+00
     1.5910000E+03   9.4754555E+01   5.4557458E-02   9.4759865E+01   3.7280478E+06  -5.5280084E+02   0.0000000E+00   0.0000000E+00   0.0000000E+00
     1.5920000E+03   9.4755264E+01   5.5264913E-02   9.4760674E+01   3.8089648E+06  -5.6389783E+02   0.0000000E+00   0.0000000E+00   0.0000000E+00
     1.5930000E+03   9.4755196E+01   5.5197865E-02   9.4760399E+01   3.8012500E+06  -5.4163385E+02   0.0000000E+00   0.0000000E+00   0.0000000E+00
     1.5940000E+03   9.4754105E+01   5.4107457E-02   9.4759026E+01   3.6769392E+06  -5.1227228E+02   0.0000000E+00   0.0000000E+00   0.0000000E+00
     1.5950000E+03   9.4744667E+01   4.4670891E-02   9.4749550E+01   2.6715652E+06  -5.0857089E+02   0.0000000E+00   0.0000000E+00   0.0000000E+00
     1.5960000E+03   9.4744156E+01   4.4158317E-02   9.4748375E+01   2.6206688E+06  -4.3976138E+02   0.0000000E+00   0.0000000E+00   0.0000000E+00
     1.5970000E+03   9.4747833E+01   4.7835216E-02   9.4751572E+01   2.9943598E+06  -3.8940839E+02   0.0000000E+00   0.0000000E+00   0.0000000E+00
     1.5980000E+03   9.4746956E+01   4.6958916E-02   9.4750572E+01   2.9035102E+06  -3.7632248E+02   0.0000000E+00   0.0000000E+00   0.0000000E+00
     1.5990000E+03   9.4749069E+01   4.9071200E-02   9.4752312E+01   3.1244072E+06  -3.3802673E+02   0.0000000E+00   0.0000000E+00   0.0000000E+00
     1.6000000E+03   9.4742935E+01   4.2937580E-02   9.4746239E+01   2.5010532E+06  -3.4444040E+02   0.0000000E+00   0.0000000E+00   0.0000000E+00
     1.6010000E+03   9.4747055E+01   4.7055602E-02   9.4749771E+01   2.9134325E+06  -2.8308749E+02   0.0000000E+00   0.0000000E+00   0.0000000E+00
     1.6020000E+03   9.4752892E+01   5.2897073E-02   9.4755325E+01   3.5408562E+06  -2.5348743E+02   0.0000000E+00   0.0000000E+00   0.0000000E+00
     1.6030000E+03   9.4843506E+01   1.4350818E-01   9.4845711E+01   1.8686106E+07  -2.2971715E+02   0.0000000E+00   0.0000000E+00   0.0000000E+00
     1.6040000E+03   9.4760017E+01   6.0019612E-02   9.4770439E+01   4.3706520E+06  -1.0851281E+03   0.0000000E+00   0.0000000E+00   0.0000000E+00
     1.6050000E+03   9.4748611E+01   4.8616320E-02   9.4757286E+01   3.0762825E+06  -9.0295013E+02   0.0000000E+00   0.0000000E+00   0.0000000E+00
     1.6060000E+03   9.4756111E+01   5.6113262E-02   9.4764130E+01   3.9068955E+06  -8.3526453E+02   0.0000000E+00   0.0000000E+00   0.0000000E+00
     1.6070000E+03   9.4755516E+01   5.5519279E-02   9.4763443E+01   3.8382282E+06  -8.2516504E+02   0.0000000E+00   0.0000000E+00   0.0000000E+00
     1.6080000E+03   9.4754112E+01   5.4116193E-02   9.4761551E+01   3.6779435E+06  -7.7440448E+02   0.0000000E+00   0.0000000E+00   0.0000000E+00
     1.6090000E+03   9.4744888E+01   4.4893440E-02   9.4752090E+01   2.6937962E+06  -7.4975317E+02   0.0000000E+00   0.0000000E+00   0.0000000E+00
     1.6100000E+03   9.4745903E+01   4.5904759E-02   9.4752251E+01   2.7956802E+06  -6.6128418E+02   0.0000000E+00   0.0000000E+00   0.0000000E+00
     1.6110000E+03   9.4751190E+01   5.1190279E-02   9.4756935E+01   3.3525010E+06  -5.9849805E+02   0.0000000E+00   0.0000000E+00   0.0000000E+00
     1.6120000E+03   9.4746857E+01   4.6858218E-02   9.4752556E+01   2.8931315E+06  -5.9390063E+02   0.0000000E+00   0.0000000E+00   0.0000000E+00
     1.6130000E+03   9.4751602E+01   5.1606875E-02   9.4756615E+01   3.3981250E+06  -5.2141730E+02   0.0000000E+00   0.0000000E+00   0.0000000E+00
     1.6140000E+03   9.4750755E+01   5.0755173E-02   9.4755592E+01   3.3051430E+06  -5.0440103E+02   0.0000000E+00   0.0000000E+00   0.0000000E+00
     1.6150000E+03   9.4749977E+01   4.9982354E-02   9.4754478E+01   3.2216980E+06  -4.6854932E+02   0.0000000E+00   0.0000000E+00   0.0000000E+00
     1.6160000E+03   9.4739990E+01   3.9992534E-02   9.4744492E+01   2.2217212E+06  -4.6902893E+02   0.0000000E+00   0.0000000E+00   0.0000000E+00
     1.6170000E+03   9.4752586E+01   5.2590586E-02   9.4756844E+01   3.5067492E+06  -4.4326266E+02   0.0000000E+00   0.0000000E+00   0.0000000E+00
     1.6180000E+03   9.4756142E+01   5.6142304E-02   9.4760719E+01   3.9102792E+06  -4.7687100E+02   0.0000000E+00   0.0000000E+00   0.0000000E+00
     1.6190000E+03   9.4765121E+01   6.5124050E-02   9.4771065E+01   5.0075675E+06  -6.1897180E+02   0.0000000E+00   0.0000000E+00   0.0000000E+00
     1.6200000E+03   9.4757454E+01   5.7456356E-02   9.4764267E+01   4.0640105E+06  -7.0925879E+02   0.0000000E+00   0.0000000E+00   0.0000000E+00
     1.6210000E+03   9.4752388E+01   5.2388802E-02   9.4758904E+01   3.4843505E+06  -6.7859723E+02   0.0000000E+00   0.0000000E+00   0.0000000E+00
     1.6220000E+03   9.4751015E+01   5.1014706E-02   9.4756996E+01   3.3333765E+06  -6.2333331E+02   0.0000000E+00   0.0000000E+00   0.0000000E+00
     1.6230000E+03   9.4740990E+01   4.0993996E-02   9.4746857E+01   2.3152398E+06  -6.1093683E+02   0.0000000E+00   0.0000000E+00   0.0000000E+00
     1.6240000E+03   9.4736946E+01   3.6947928E-02   9.4742180E+01   1.9470161E+06  -5.4535046E+02   0.0000000E+00   0.0000000E+00   0.0000000E+00
     1.6250000E+03   9.4740967E+01   4.0970743E-02   9.4745514E+01   2.3130378E+06  -4.7372604E+02   0.0000000E+00   0.0000000E+00   0.0000000E+00
     1.6260000E+03   9.4742104E+01   4.2102959E-02   9.4746407E+01   2.4205318E+06  -4.4851630E+02   0.0000000E+00   0.0000000E+00   0.0000000E+00
     1.6270000E+03   9.4747314E+01   4.7320962E-02   9.4751175E+01   2.9408960E+06  -4.0174710E+02   0.0000000E+00   0.0000000E+00   0.0000000E+00
     1.6280000E+03   9.4747864E+01   4.7867067E-02   9.4751617E+01   2.9976938E+06  -3.9064478E+02   0.0000000E+00   0.0000000E+00   0.0000000E+00
     1.6290000E+03   9.4747398E+01   4.7400706E-02   9.4750938E+01   2.9491610E+06  -3.6874210E+02   0.0000000E+00   0.0000000E+00   0.0000000E+00
     1.6300000E+03   9.4737244E+01   3.7244264E-02   9.4740906E+01   1.9731212E+06  -3.8149197E+02   0.0000000E+00   0.0000000E+00   0.0000000E+00
     1.6310000E+03   9.4739471E+01   3.9477728E-02   9.4743187E+01   2.1742560E+06  -3.8660049E+02   0.0000000E+00   0.0000000E+00   0.0000000E+00
     1.6320000E+03   9.4748016E+01   4.8022054E-02   9.4751663E+01   3.0138718E+06  -3.7970773E+02   0.0000000E+00   0.0000000E+00   0.0000000E+00
     1.6330000E+03   9.4744965E+01   4.4967964E-02   9.4748978E+01   2.7012378E+06  -4.1799744E+02   0.0000000E+00   0.0000000E+00   0.0000000E+00
     1.6340000E+03   9.4746056E+01   4.6056423E-02   9.4749771E+01   2.8110888E+06  -3.8716592E+02   0.0000000E+00   0.0000000E+00   0.0000000E+00
     1.6350000E+03   9.4748009E+01   4.8010007E-02   9.4751480E+01   3.0126080E+06  -3.6196991E+02   0.0000000E+00   0.0000000E+00   0.0000000E+00
     1.6360000E+03   9.4750046E+01   5.0050754E-02   9.4753296E+01   3.2290690E+06  -3.3835562E+02   0.0000000E+00   0.0000000E+00   0.0000000E+00
     1.6370000E+03   9.4753502E+01   5.3501774E-02   9.4756470E+01   3.6086415E+06  -3.0912927E+02   0.0000000E+00   0.0000000E+00   0.0000000E+00
     1.6380000E+03   9.4763695E+01   6.3699953E-02   9.4766197E+01   4.8264150E+06  -2.6040451E+02   0.0000000E+00   0.0000000E+00   0.0000000E+00
     1.6390000E+03   9.4767479E+01   6.7480013E-02   9.4770012E+01   5.3131165E+06  -2.6368375E+02   0.0000000E+00   0.0000000E+00   0.0000000E+00
     1.6400000E+03   9.4767197E+01   6.7197531E-02   9.4769707E+01   5.2760990E+06  -2.6170731E+02   0.0000000E+00   0.0000000E+00   0.0000000E+00
     1.6410000E+03   9.4760216E+01   6.0215224E-02   9.4762817E+01   4.3944330E+06  -2.7127603E+02   0.0000000E+00   0.0000000E+00   0.0000000E+00
     1.6420000E+03   9.4755951E+01   5.5953670E-02   9.4758705E+01   3.8884478E+06  -2.8689410E+02   0.0000000E+00   0.0000000E+00   0.0000000E+00
     1.6430000E+03   9.4766762E+01   6.6762172E-02   9.4769791E+01   5.2193345E+06  -3.1570062E+02   0.0000000E+00   0.0000000E+00   0.0000000E+00
     1.6440000E+03   9.4755470E+01   5.5474907E-02   9.4759529E+01   3.8331815E+06  -4.2278494E+02   0.0000000E+00   0.0000000E+00   0.0000000E+00
     1.6450000E+03   9.4743828E+01   4.3828525E-02   9.4747894E+01   2.5881320E+06  -4.2398569E+02   0.0000000E+00   0.0000000E+00   0.0000000E+00
     1.6460000E+03   9.4754929E+01   5.4933853E-02   9.4759766E+01   3.7710355E+06  -5.0345364E+02   0.0000000E+00   0.0000000E+00   0.0000000E+00
     1.6470000E+03   9.4782143E+01   8.2145445E-02   9.4786835E+01   7.3738895E+06  -4.8888626E+02   0.0000000E+00   0.0000000E+00   0.0000000E+00
     1.6480000E+03   9.4752022E+01   5.2023828E-02   9.4758751E+01   3.4439670E+06  -7.0051099E+02   0.0000000E+00   0.0000000E+00   0.0000000E+00
     1.6490000E+03   9.4745422E+01   4.5422360E-02   9.4751068E+01   2.7468625E+06  -5.8850616E+02   0.0000000E+00   0.0000000E+00   0.0000000E+00
     1.6500000E+03   9.4781021E+01   8.1026874E-02   9.4786942E+01   7.2072700E+06  -6.1608008E+02   0.0000000E+00   0.0000000E+00   0.0000000E+00
     1.6510000E+03   9.4763199E+01   6.3201062E-02   9.4771416E+01   4.7635770E+06  -8.5582043E+02   0.0000000E+00   0.0000000E+00   0.0000000E+00
     1.6520000E+03   9.4739403E+01   3.9405439E-02   9.4747726E+01   2.1676312E+06  -8.6705695E+02   0.0000000E+00   0.0000000E+00   0.0000000E+00
     1.6530000E+03   9.4735504E+01   3.5504628E-02   9.4742706E+01   1.8219385E+06  -7.4996680E+02   0.0000000E+00   0.0000000E+00   0.0000000E+00
     1.6540000E+03   9.4735489E+01   3.5488252E-02   9.4742058E+01   1.8205180E+06  -6.8443524E+02   0.0000000E+00   0.0000000E+00   0.0000000E+00
     1.6550000E+03   9.4733330E+01   3.3335283E-02   9.4739525E+01   1.6401688E+06  -6.4505334E+02   0.0000000E+00   0.0000000E+00   0.0000000E+00
     1.6560000E+03   9.4732353E+01   3.2355994E-02   9.4738091E+01   1.5606872E+06  -5.9714508E+02   0.0000000E+00   0.0000000E+00   0.0000000E+00
     1.6570000E+03   9.4732491E+01   3.2493420E-02   9.4737923E+01   1.5717635E+06  -5.6575726E+02   0.0000000E+00   0.0000000E+00   0.0000000E+00
     1.6580000E+03   9.4731903E+01   3.1908859E-02   9.4737068E+01   1.5249109E+06  -5.3748895E+02   0.0000000E+00   0.0000000E+00   0.0000000E+00
     1.6590000E+03   9.4731262E+01   3.1266239E-02   9.4736122E+01   1.4740739E+06  -5.0562344E+02   0.0000000E+00   0.0000000E+00   0.0000000E+00
     1.6600000E+03   9.4730164E+01   3.0164577E-02   9.4734726E+01   1.3885288E+06  -4.7489395E+02   0.0000000E+00   0.0000000E+00   0.0000000E+00
     1.6610000E+03   9.4729706E+01   2.9709388E-02   9.4733932E+01   1.3537676E+06  -4.4019781E+02   0.0000000E+00   0.0000000E+00   0.0000000E+00
     1.6620000E+03   9.4729034E+01   2.9036855E-02   9.4732964E+01   1.3031124E+06  -4.0950583E+02   0.0000000E+00   0.0000000E+00   0.0000000E+00
     1.6630000E+03   9.4729233E+01   2.9238520E-02   9.4732841E+01   1.3181995E+06  -3.7585272E+02   0.0000000E+00   0.0000000E+00   0.0000000E+00
     1.6640000E+03   9.4728371E+01   2.8375732E-02   9.4731743E+01   1.2540451E+06  -3.5106589E+02   0.0000000E+00   0.0000000E+00   0.0000000E+00
     1.6650000E+03   9.4727570E+01   2.7569346E-02   9.4730675E+01   1.1951832E+06  -3.2393582E+02   0.0000000E+00   0.0000000E+00   0.0000000E+00
     1.6660000E+03   9.4726799E+01   2.6800472E-02   9.4729668E+01   1.1401098E+06  -2.9856537E+02   0.0000000E+00   0.0000000E+00   0.0000000E+00
     1.6670000E+03   9.4726372E+01   2.6371881E-02   9.4728996E+01   1.1099118E+06  -2.7393222E+02   0.0000000E+00   0.0000000E+00   0.0000000E+00
     1.6680000E+03   9.4725388E+01   2.5390562E-02   9.4727829E+01   1.0419088E+06  -2.5448563E+02   0.0000000E+00   0.0000000E+00   0.0000000E+00
     1.6690000E+03   9.4725723E+01   2.5729232E-02   9.4727936E+01   1.0651920E+06  -2.2979759E+02   0.0000000E+00   0.0000000E+00   0.0000000E+00
     1.6700000E+03   9.4731613E+01   3.1614348E-02   9.4733437E+01   1.5014761E+06  -1.9019913E+02   0.0000000E+00   0.0000000E+00   0.0000000E+00
     1.6710000E+03   9.4740761E+01   4.0764794E-02   9.4742302E+01   2.2937155E+06  -1.6043333E+02   0.0000000E+00   0.0000000E+00   0.0000000E+00
     1.6720000E+03   9.4730232E+01   3.0233206E-02   9.4732353E+01   1.3937530E+06  -2.2081801E+02   0.0000000E+00   0.0000000E+00   0.0000000E+00
     1.6730000E+03   9.4724106E+01   2.4111176E-02   9.4725960E+01   9.5590125E+05  -1.9286169E+02   0.0000000E+00   0.0000000E+00   0.0000000E+00
     1.6740000E+03   9.4723869E+01   2.3869608E-02   9.4725380E+01   9.3998938E+05  -1.5727515E+02   0.0000000E+00   0.0000000E+00   0.0000000E+00
     1.6750000E+03   9.4728973E+01   2.8973849E-02   9.4730171E+01   1.2983731E+06  -1.2464429E+02   0.0000000E+00   0.0000000E+00   0.0000000E+00
     1.6760000E+03   9.4737823E+01   3.7829690E-02   9.4738777E+01   2.0250496E+06  -9.9227631E+01   0.0000000E+00   0.0000000E+00   0.0000000E+00
     1.6770000E+03   9.4736427E+01   3.6430754E-02   9.4737671E+01   1.9018672E+06  -1.2916882E+02   0.0000000E+00   0.0000000E+00   0.0000000E+00
     1.6780000E+03   9.4738197E+01   3.8200583E-02   9.4739258E+01   2.0582689E+06  -1.1005038E+02   0.0000000E+00   0.0000000E+00   0.0000000E+00
     1.6790000E+03   9.4741341E+01   4.1340228E-02   9.4742264E+01   2.3478860E+06  -9.6799202E+01   0.0000000E+00   0.0000000E+00   0.0000000E+00
     1.6800000E+03   9.4732574E+01   3.2578617E-02   9.4733879E+01   1.5786522E+06  -1.3558606E+02   0.0000000E+00   0.0000000E+00   0.0000000E+00
     1.6810000E+03   9.4732216E+01   3.2215614E-02   9.4733162E+01   1.5494300E+06  -9.8559433E+01   0.0000000E+00   0.0000000E+00   0.0000000E+00
     1.6820000E+03   9.4736206E+01   3.6207426E-02   9.4736923E+01   1.8824631E+06  -7.4853142E+01   0.0000000E+00   0.0000000E+00   0.0000000E+00
     1.6830000E+03   9.4741066E+01   4.1067552E-02   9.4741692E+01   2.3221428E+06  -6.5551949E+01   0.0000000E+00   0.0000000E+00   0.0000000E+00
     1.6840000E+03   9.4741234E+01   4.1237496E-02   9.4741989E+01   2.3382455E+06  -7.8681221E+01   0.0000000E+00   0.0000000E+00   0.0000000E+00
     1.6850000E+03   9.4740334E+01   4.0336203E-02   9.4741089E+01   2.2535865E+06  -7.9003586E+01   0.0000000E+00   0.0000000E+00   0.0000000E+00
     1.6860000E+03   9.4727745E+01   2.7746856E-02   9.4728897E+01   1.2080308E+06  -1.2018632E+02   0.0000000E+00   0.0000000E+00   0.0000000E+00
     1.6870000E+03   9.4723808E+01   2.3814775E-02   9.4724625E+01   9.3645131E+05  -8.4767838E+01   0.0000000E+00   0.0000000E+00   0.0000000E+00
     1.6880000E+03   9.4723816E+01   2.3819089E-02   9.4724442E+01   9.3668000E+05  -6.4856674E+01   0.0000000E+00   0.0000000E+00   0.0000000E+00
     1.6890000E+03   9.4737045E+01   3.7045099E-02   9.4737137E+01   1.9556030E+06  -1.0259239E+01   0.0000000E+00   0.0000000E+00   0.0000000E+00
     1.6900000E+03   9.4735062E+01   3.5067812E-02   9.4735680E+01   1.7847518E+06  -6.4302513E+01   0.0000000E+00   0.0000000E+00   0.0000000E+00
     1.6910000E+03   9.4736511E+01   3.6517199E-02   9.4737000E+01   1.9093735E+06  -5.0765701E+01   0.0000000E+00   0.0000000E+00   0.0000000E+00
     1.6920000E+03   9.4723122E+01   2.3121936E-02   9.4724129E+01   8.9141775E+05  -1.0529040E+02   0.0000000E+00   0.0000000E+00   0.0000000E+00
     1.6930000E+03   9.4721909E+01   2.1913312E-02   9.4722473E+01   8.1513712E+05  -5.8250210E+01   0.0000000E+00   0.0000000E+00   0.0000000E+00
     1.6940000E+03   9.4721748E+01   2.1748450E-02   9.4722229E+01   8.0493288E+05  -5.0532871E+01   0.0000000E+00   0.0000000E+00   0.0000000E+00
     1.6950000E+03   9.4721771E+01   2.1771468E-02   9.4722229E+01   8.0637969E+05  -4.7653316E+01   0.0000000E+00   0.0000000E+00   0.0000000E+00
     1.6960000E+03   9.4723152E+01   2.3155665E-02   9.4723541E+01   8.9360425E+05  -4.0523987E+01   0.0000000E+00   0.0000000E+00   0.0000000E+00
     1.6970000E+03   9.4736130E+01   3.6132835E-02   9.4736069E+01   1.8759766E+06   6.1203523E+00   0.0000000E+00   0.0000000E+00   0.0000000E+00
     1.6980000E+03   9.4739891E+01   3.9893597E-02   9.4740143E+01   2.2125845E+06  -2.6156015E+01   0.0000000E+00   0.0000000E+00   0.0000000E+00
     1.6990000E+03   9.4738716E+01   3.8717899E-02   9.4739143E+01   2.1049328E+06  -4.4899967E+01   0.0000000E+00   0.0000000E+00   0.0000000E+00
     1.7000000E+03   9.4738777E+01   3.8781393E-02   9.4739182E+01   2.1107102E+06  -4.2213966E+01   0.0000000E+00   0.0000000E+00   0.0000000E+00
     1.7010000E+03   9.4726082E+01   2.6086226E-02   9.4726959E+01   1.0899558E+06  -9.0980705E+01   0.0000000E+00   0.0000000E+00   0.0000000E+00
     1.7020000E+03   9.4731415E+01   3.1421319E-02   9.4731636E+01   1.4862484E+06  -2.2307415E+01   0.0000000E+00   0.0000000E+00   0.0000000E+00
     1.7030000E+03   9.4740028E+01   4.0027931E-02   9.4740082E+01   2.2249872E+06  -6.0381613E+00   0.0000000E+00   0.0000000E+00   0.0000000E+00
     1.7040000E+03   9.4732315E+01   3.2316182E-02   9.4732956E+01   1.5575391E+06  -6.7299309E+01   0.0000000E+00   0.0000000E+00   0.0000000E+00
     1.7050000E+03   9.4737167E+01   3.7167680E-02   9.4737358E+01   1.9663686E+06  -1.9995665E+01   0.0000000E+00   0.0000000E+00   0.0000000E+00
     1.7060000E+03   9.4738518E+01   3.8520280E-02   9.4738815E+01   2.0871314E+06  -3.0707293E+01   0.0000000E+00   0.0000000E+00   0.0000000E+00
     1.7070000E+03   9.4725258E+01   2.5263704E-02   9.4726089E+01   1.0332548E+06  -8.6371628E+01   0.0000000E+00   0.0000000E+00   0.0000000E+00
     1.7080000E+03   9.4720535E+01   2.0541301E-02   9.4721062E+01   7.3190781E+05  -5.4591702E+01   0.0000000E+00   0.0000000E+00   0.0000000E+00
     1.7090000E+03   9.4720215E+01   2.0220282E-02   9.4720558E+01   7.1292038E+05  -3.5361927E+01   0.0000000E+00   0.0000000E+00   0.0000000E+00
     1.7100000E+03   9.4735069E+01   3.5070941E-02   9.4734825E+01   1.7850271E+06   2.5135664E+01   0.0000000E+00   0.0000000E+00   0.0000000E+00
     1.7110000E+03   9.4737297E+01   3.7301775E-02   9.4737488E+01   1.9782460E+06  -1.9942234E+01   0.0000000E+00   0.0000000E+00   0.0000000E+00
     1.7120000E+03   9.4737099E+01   3.7103780E-02   9.4737389E+01   1.9607731E+06  -3.0026060E+01   0.0000000E+00   0.0000000E+00   0.0000000E+00
     1.7130000E+03   9.4736847E+01   3.6846451E-02   9.4737137E+01   1.9381051E+06  -3.0409763E+01   0.0000000E+00   0.0000000E+00   0.0000000E+00
     1.7140000E+03   9.4723831E+01   2.3831282E-02   9.4724594E+01   9.3747988E+05  -7.9557510E+01   0.0000000E+00   0.0000000E+00   0.0000000E+00
     1.7150000E+03   9.4720863E+01   2.0864116E-02   9.4721268E+01   7.5112862E+05  -4.2625298E+01   0.0000000E+00   0.0000000E+00   0.0000000E+00
     1.7160000E+03   9.4720764E+01   2.0768126E-02   9.4721054E+01   7.4537869E+05  -2.9874989E+01   0.0000000E+00   0.0000000E+00   0.0000000E+00
     1.7170000E+03   9.4723572E+01   2.3575747E-02   9.4723740E+01   9.2074600E+05  -1.7277140E+01   0.0000000E+00   0.0000000E+00   0.0000000E+00
     1.7180000E+03   9.4727715E+01   2.7714148E-02   9.4727814E+01   1.2056401E+06  -1.0447479E+01   0.0000000E+00   0.0000000E+00   0.0000000E+00
     1.7190000E+03   9.4734100E+01   3.4101233E-02   9.4734100E+01   1.7034755E+06  -3.1489241E-01   0.0000000E+00   0.0000000E+00   0.0000000E+00
     1.7200000E+03   9.4736282E+01   3.6285736E-02   9.4736427E+01   1.8891991E+06  -1.5102744E+01   0.0000000E+00   0.0000000E+00   0.0000000E+00
     1.7210000E+03   9.4723358E+01   2.3363516E-02   9.4724060E+01   9.0704819E+05  -7.2986160E+01   0.0000000E+00   0.0000000E+00   0.0000000E+00
     1.7220000E+03   9.4725792E+01   2.5797004E-02   9.4725937E+01   1.0698768E+06  -1.5171316E+01   0.0000000E+00   0.0000000E+00   0.0000000E+00
     1.7230000E+03   9.4731178E+01   3.1183921E-02   9.4731194E+01   1.4676270E+06  -9.8617572E-01   0.0000000E+00   0.0000000E+00   0.0000000E+00
     1.7240000E+03   9.4733803E+01   3.3805497E-02   9.4733902E+01   1.6789248E+06  -1.0576952E+01   0.0000000E+00   0.0000000E+00   0.0000000E+00
     1.7250000E+03   9.4735489E+01   3.5493407E-02   9.4735626E+01   1.8209445E+06  -1.3954486E+01   0.0000000E+00   0.0000000E+00   0.0000000E+00
     1.7260000E+03   9.4734291E+01   3.4293935E-02   9.4734528E+01   1.7195351E+06  -2.4777029E+01   0.0000000E+00   0.0000000E+00   0.0000000E+00
     1.7270000E+03   9.4732346E+01   3.2348420E-02   9.4732620E+01   1.5600984E+06  -2.8561003E+01   0.0000000E+00   0.0000000E+00   0.0000000E+00
     1.7280000E+03   9.4737801E+01   3.7802789E-02   9.4737816E+01   2.0226742E+06  -1.3688009E+00   0.0000000E+00   0.0000000E+00   0.0000000E+00
     1.7290000E+03   9.4740395E+01   4.0396664E-02   9.4740509E+01   2.2592842E+06  -1.1855882E+01   0.0000000E+00   0.0000000E+00   0.0000000E+00
     1.7300000E+03   9.4744438E+01   4.4439781E-02   9.4744499E+01   2.6485312E+06  -6.7845821E+00   0.0000000E+00   0.0000000E+00   0.0000000E+00
     1.7310000E+03   9.4740753E+01   4.0753145E-02   9.4741096E+01   2.2926098E+06  -3.6264824E+01   0.0000000E+00   0.0000000E+00   0.0000000E+00
     1.7320000E+03   9.4738914E+01   3.8917169E-02   9.4739204E+01   2.1229908E+06  -2.9909306E+01   0.0000000E+00   0.0000000E+00   0.0000000E+00
     1.7330000E+03   9.4742554E+01   4.2553548E-02   9.4742630E+01   2.4638012E+06  -8.1865501E+00   0.0000000E+00   0.0000000E+00   0.0000000E+00
     1.7340000E+03   9.4741333E+01   4.1334335E-02   9.4741577E+01   2.3472795E+06  -2.5756140E+01   0.0000000E+00   0.0000000E+00   0.0000000E+00
     1.7350000E+03   9.4739166E+01   3.9168499E-02   9.4739449E+01   2.1460040E+06  -2.9665972E+01   0.0000000E+00   0.0000000E+00   0.0000000E+00
     1.7360000E+03   9.4727448E+01   2.7454296E-02   9.4728088E+01   1.1868222E+06  -6.6181633E+01   0.0000000E+00   0.0000000E+00   0.0000000E+00
     1.7370000E+03   9.4728714E+01   2.8720185E-02   9.4728882E+01   1.2794166E+06  -1.7051506E+01   0.0000000E+00   0.0000000E+00   0.0000000E+00
     1.7380000E+03   9.4736893E+01   3.6894359E-02   9.4736778E+01   1.9423261E+06   1.1694493E+01   0.0000000E+00   0.0000000E+00   0.0000000E+00
     1.7390000E+03   9.4729149E+01   2.9150913E-02   9.4729614E+01   1.3116231E+06  -4.8220413E+01   0.0000000E+00   0.0000000E+00   0.0000000E+00
     1.7400000E+03   9.4740448E+01   4.0449232E-02   9.4740219E+01   2.2641645E+06   2.3275940E+01   0.0000000E+00   0.0000000E+00   0.0000000E+00
     1.7410000E+03   9.4744301E+01   4.4303674E-02   9.4744324E+01   2.6350985E+06  -2.4128466E+00   0.0000000E+00   0.0000000E+00   0.0000000E+00
     1.7420000E+03   9.4734154E+01   3.4157947E-02   9.4734703E+01   1.7081600E+06  -5.7016525E+01   0.0000000E+00   0.0000000E+00   0.0000000E+00
     1.7430000E+03   9.4732635E+01   3.2640599E-02   9.4732880E+01   1.5836671E+06  -2.5488163E+01   0.0000000E+00   0.0000000E+00   0.0000000E+00
     1.7440000E+03   9.4730003E+01   3.0007526E-02   9.4730278E+01   1.3764320E+06  -2.8273081E+01   0.0000000E+00   0.0000000E+00   0.0000000E+00
     1.7450000E+03   9.4728737E+01   2.8737947E-02   9.4728951E+01   1.2808339E+06  -2.2822742E+01   0.0000000E+00   0.0000000E+00   0.0000000E+00
     1.7460000E+03   9.4728806E+01   2.8809013E-02   9.4728973E+01   1.2860746E+06  -1.7170534E+01   0.0000000E+00   0.0000000E+00   0.0000000E+00
     1.7470000E+03   9.4737663E+01   3.7666112E-02   9.4737495E+01   2.0105486E+06   1.7204334E+01   0.0000000E+00   0.0000000E+00   0.0000000E+00
     1.7480000E+03   9.4739578E+01   3.9584935E-02   9.4739662E+01   2.1841278E+06  -8.0496740E+00   0.0000000E+00   0.0000000E+00   0.0000000E+00
     1.7490000E+03   9.4730522E+01   3.0523976E-02   9.4731010E+01   1.4162236E+06  -5.1016785E+01   0.0000000E+00   0.0000000E+00   0.0000000E+00
     1.7500000E+03   9.4728210E+01   2.8216569E-02   9.4728470E+01   1.2423354E+06  -2.6353970E+01   0.0000000E+00   0.0000000E+00   0.0000000E+00
     1.7510000E+03   9.4729149E+01   2.9148286E-02   9.4729263E+01   1.3114131E+06  -1.2633451E+01   0.0000000E+00   0.0000000E+00   0.0000000E+00
     1.7520000E+03   9.4732468E+01   3.2473888E-02   9.4732498E+01   1.5701505E+06  -2.6769791E+00   0.0000000E+00   0.0000000E+00   0.0000000E+00
     1.7530000E+03   9.4736649E+01   3.6652707E-02   9.4736641E+01   1.9212001E+06   1.2257732E+00   0.0000000E+00   0.0000000E+00   0.0000000E+00
     1.7540000E+03   9.4740776E+01   4.0781256E-02   9.4740768E+01   2.2952452E+06   1.3936427E+00   0.0000000E+00   0.0000000E+00   0.0000000E+00
     1.7550000E+03   9.4742508E+01   4.2514604E-02   9.4742584E+01   2.4600802E+06  -7.5344591E+00   0.0000000E+00   0.0000000E+00   0.0000000E+00
     1.7560000E+03   9.4733040E+01   3.3039093E-02   9.4733528E+01   1.6160064E+06  -5.0937080E+01   0.0000000E+00   0.0000000E+00   0.0000000E+00
     1.7570000E+03   9.4730301E+01   3.0303920E-02   9.4730553E+01   1.3992040E+06  -2.6263178E+01   0.0000000E+00   0.0000000E+00   0.0000000E+00
     1.7580000E+03   9.4735794E+01   3.5797175E-02   9.4735733E+01   1.8470440E+06   6.5313001E+00   0.0000000E+00   0.0000000E+00   0.0000000E+00
     1.7590000E+03   9.4738739E+01   3.8740534E-02   9.4738754E+01   2.1070318E+06  -1.8332037E+00   0.0000000E+00   0.0000000E+00   0.0000000E+00
     1.7600000E+03   9.4737686E+01   3.7692454E-02   9.4737854E+01   2.0128401E+06  -1.7342907E+01   0.0000000E+00   0.0000000E+00   0.0000000E+00
     1.7610000E+03   9.4742973E+01   4.2976066E-02   9.4742912E+01   2.5047948E+06   6.7093840E+00   0.0000000E+00   0.0000000E+00   0.0000000E+00
     1.7620000E+03   9.4744339E+01   4.4339180E-02   9.4744408E+01   2.6385595E+06  -7.3577180E+00   0.0000000E+00   0.0000000E+00   0.0000000E+00
     1.7630000E+03   9.4734192E+01   3.4198076E-02   9.4734695E+01   1.7115460E+06  -5.1987228E+01   0.0000000E+00   0.0000000E+00   0.0000000E+00
     1.7640000E+03   9.4730705E+01   3.0706255E-02   9.4730972E+01   1.4303475E+06  -2.7883530E+01   0.0000000E+00   0.0000000E+00   0.0000000E+00
     1.7650000E+03   9.4730568E+01   3.0568983E-02   9.4730698E+01   1.4196676E+06  -1.3833480E+01   0.0000000E+00   0.0000000E+00   0.0000000E+00
     1.7660000E+03   9.4732155E+01   3.2156583E-02   9.4732216E+01   1.5446745E+06  -6.5209155E+00   0.0000000E+00   0.0000000E+00   0.0000000E+00
     1.7670000E+03   9.4734146E+01   3.4149732E-02   9.4734192E+01   1.7075165E+06  -4.4717097E+00   0.0000000E+00   0.0000000E+00   0.0000000E+00
     1.7680000E+03   9.4737190E+01   3.7194151E-02   9.4737190E+01   1.9687315E+06  -2.4138424E-01   0.0000000E+00   0.0000000E+00   0.0000000E+00
     1.7690000E+03   9.4735573E+01   3.5578445E-02   9.4735748E+01   1.8282705E+06  -1.7861990E+01   0.0000000E+00   0.0000000E+00   0.0000000E+00
     1.7700000E+03   9.4733253E+01   3.3253234E-02   9.4733452E+01   1.6334635E+06  -2.1173834E+01   0.0000000E+00   0.0000000E+00   0.0000000E+00
     1.7710000E+03   9.4731155E+01   3.1155657E-02   9.4731346E+01   1.4653695E+06  -2.0243996E+01   0.0000000E+00   0.0000000E+00   0.0000000E+00
     1.7720000E+03   9.4729309E+01   2.9309575E-02   9.4729492E+01   1.3235689E+06  -1.9179310E+01   0.0000000E+00   0.0000000E+00   0.0000000E+00
     1.7730000E+03   9.4726440E+01   2.6443442E-02   9.4726662E+01   1.1149651E+06  -2.2883657E+01   0.0000000E+00   0.0000000E+00   0.0000000E+00
     1.7740000E+03   9.4726646E+01   2.6649358E-02   9.4726753E+01   1.1294389E+06  -1.1074001E+01   0.0000000E+00   0.0000000E+00   0.0000000E+00
     1.7750000E+03   9.4726646E+01   2.6646633E-02   9.4726753E+01   1.1292812E+06  -1.1283091E+01   0.0000000E+00   0.0000000E+00   0.0000000E+00
     1.7760000E+03   9.4726387E+01   2.6387477E-02   9.4726501E+01   1.1110016E+06  -1.2179603E+01   0.0000000E+00   0.0000000E+00   0.0000000E+00
     1.7770000E+03   9.4723747E+01   2.3746977E-02   9.4723946E+01   9.3199488E+05  -2.1242249E+01   0.0000000E+00   0.0000000E+00   0.0000000E+00
     1.7780000E+03   9.4722466E+01   2.2470737E-02   9.4722626E+01   8.4997856E+05  -1.6203485E+01   0.0000000E+00   0.0000000E+00   0.0000000E+00
     1.7790000E+03   9.4722343E+01   2.2350298E-02   9.4722458E+01   8.4244100E+05  -1.1428198E+01   0.0000000E+00   0.0000000E+00   0.0000000E+00
     1.7800000E+03   9.4722511E+01   2.2516364E-02   9.4722610E+01   8.5286050E+05  -1.0049822E+01   0.0000000E+00   0.0000000E+00   0.0000000E+00
     1.7810000E+03   9.4722687E+01   2.2692665E-02   9.4722786E+01   8.6405862E+05  -9.8415613E+00   0.0000000E+00   0.0000000E+00   0.0000000E+00
     1.7820000E+03   9.4722336E+01   2.2339810E-02   9.4722450E+01   8.4174769E+05  -1.1772767E+01   0.0000000E+00   0.0000000E+00   0.0000000E+00
     1.7830000E+03   9.4724159E+01   2.4159497E-02   9.4724190E+01   9.5913450E+05  -3.3583837E+00   0.0000000E+00   0.0000000E+00   0.0000000E+00
     1.7840000E+03   9.4723953E+01   2.3955584E-02   9.4724052E+01   9.4567950E+05  -1.0787464E+01   0.0000000E+00   0.0000000E+00   0.0000000E+00
     1.7850000E+03   9.4729042E+01   2.9043674E-02   9.4728951E+01   1.3036161E+06   9.4754143E+00   0.0000000E+00   0.0000000E+00   0.0000000E+00
     1.7860000E+03   9.4727661E+01   2.7663697E-02   9.4727798E+01   1.2019909E+06  -1.4623613E+01   0.0000000E+00   0.0000000E+00   0.0000000E+00
     1.7870000E+03   9.4724464E+01   2.4466440E-02   9.4724678E+01   9.7949469E+05  -2.2391876E+01   0.0000000E+00   0.0000000E+00   0.0000000E+00
     1.7880000E+03   9.4722900E+01   2.2905391E-02   9.4723251E+01   8.7654194E+05  -3.6505512E+01   0.0000000E+00   0.0000000E+00   0.0000000E+00
     1.7890000E+03   9.4735260E+01   3.5259448E-02   9.4734901E+01   1.8010328E+06   3.6894138E+01   0.0000000E+00   0.0000000E+00   0.0000000E+00
     1.7900000E+03   9.4738800E+01   3.8803235E-02   9.4738747E+01   2.1126790E+06   5.7174954E+00   0.0000000E+00   0.0000000E+00   0.0000000E+00
     1.7910000E+03   9.4731461E+01   3.1467140E-02   9.4731819E+01   1.4898691E+06  -3.7272160E+01   0.0000000E+00   0.0000000E+00   0.0000000E+00
     1.7920000E+03   9.4722931E+01   2.2932932E-02   9.4723351E+01   8.7935738E+05  -4.3461113E+01   0.0000000E+00   0.0000000E+00   0.0000000E+00
     1.7930000E+03   9.4722694E+01   2.2693967E-02   9.4722801E+01   8.6414050E+05  -1.1595965E+01   0.0000000E+00   0.0000000E+00   0.0000000E+00
     1.7940000E+03   9.4728493E+01   2.8492283E-02   9.4728363E+01   1.2625948E+06   1.2931925E+01   0.0000000E+00   0.0000000E+00   0.0000000E+00
     1.7950000E+03   9.4738899E+01   3.8899001E-02   9.4738594E+01   2.1213712E+06   3.1719097E+01   0.0000000E+00   0.0000000E+00   0.0000000E+00
     1.7960000E+03   9.4735069E+01   3.5074238E-02   9.4735283E+01   1.7852550E+06  -2.2435839E+01   0.0000000E+00   0.0000000E+00   0.0000000E+00
     1.7970000E+03   9.4732140E+01   3.2143816E-02   9.4732338E+01   1.5436828E+06  -2.0897223E+01   0.0000000E+00   0.0000000E+00   0.0000000E+00
     1.7980000E+03   9.4732033E+01   3.2036204E-02   9.4732132E+01   1.5350831E+06  -9.9314137E+00   0.0000000E+00   0.0000000E+00   0.0000000E+00
     1.7990000E+03   9.4728615E+01   2.8614791E-02   9.4728821E+01   1.2716581E+06  -2.2165064E+01   0.0000000E+00   0.0000000E+00   0.0000000E+00
     1.8000000E+03   9.4727264E+01   2.7265618E-02   9.4727409E+01   1.1732379E+06  -1.5638653E+01   0.0000000E+00   0.0000000E+00   0.0000000E+00
     1.8010000E+03   9.4735474E+01   3.5473909E-02   9.4735252E+01   1.8192956E+06   2.2563934E+01   0.0000000E+00   0.0000000E+00   0.0000000E+00
     1.8020000E+03   9.4730843E+01   3.0843349E-02   9.4731087E+01   1.4409729E+06  -2.5479208E+01   0.0000000E+00   0.0000000E+00   0.0000000E+00
     1.8030000E+03   9.4734802E+01   3.4806628E-02   9.4734749E+01   1.7626090E+06   5.9577398E+00   0.0000000E+00   0.0000000E+00   0.0000000E+00
     1.8040000E+03   9.4735237E+01   3.5237342E-02   9.4735298E+01   1.7991101E+06  -6.4677954E+00   0.0000000E+00   0.0000000E+00   0.0000000E+00
     1.8050000E+03   9.4724342E+01   2.4342692E-02   9.4724823E+01   9.7128288E+05  -5.0524422E+01   0.0000000E+00   0.0000000E+00   0.0000000E+00
     1.8060000E+03   9.4718826E+01   1.8832227E-02   9.4719131E+01   6.3321725E+05  -3.1378912E+01   0.0000000E+00   0.0000000E+00   0.0000000E+00
     1.8070000E+03   9.4718353E+01   1.8355971E-02   9.4718460E+01   6.0675462E+05  -1.1149189E+01   0.0000000E+00   0.0000000E+00   0.0000000E+00
     1.8080000E+03   9.4722519E+01   2.2525501E-02   9.4722450E+01   8.5344750E+05   7.5053558E+00   0.0000000E+00   0.0000000E+00   0.0000000E+00
     1.8090000E+03   9.4730476E+01   3.0476389E-02   9.4730255E+01   1.4125548E+06   2.2852947E+01   0.0000000E+00   0.0000000E+00   0.0000000E+00
     1.8100000E+03   9.4735901E+01   3.5903893E-02   9.4735771E+01   1.8562024E+06   1.3713567E+01   0.0000000E+00   0.0000000E+00   0.0000000E+00
     1.8110000E+03   9.4736557E+01   3.6558241E-02   9.4736603E+01   1.9129218E+06  -4.9484196E+00   0.0000000E+00   0.0000000E+00   0.0000000E+00
     1.8120000E+03   9.4724625E+01   2.4629090E-02   9.4725143E+01   9.9037106E+05  -5.4103821E+01   0.0000000E+00   0.0000000E+00   0.0000000E+00
     1.8130000E+03   9.4720238E+01   2.0243762E-02   9.4720497E+01   7.1428781E+05  -2.6772324E+01   0.0000000E+00   0.0000000E+00   0.0000000E+00
     1.8140000E+03   9.4719612E+01   1.9618442E-02   9.4719727E+01   6.7788438E+05  -1.1246712E+01   0.0000000E+00   0.0000000E+00   0.0000000E+00
     1.8150000E+03   9.4721901E+01   2.1906817E-02   9.4721901E+01   8.1473744E+05   6.0765439E-01   0.0000000E+00   0.0000000E+00   0.0000000E+00
     1.8160000E+03   9.4733727E+01   3.3730567E-02   9.4733368E+01   1.6727336E+06   3.7835911E+01   0.0000000E+00   0.0000000E+00   0.0000000E+00
     1.8170000E+03   9.4828568E+01   1.2856792E-01   9.4829010E+01   1.5557707E+07  -4.6163792E+01   0.0000000E+00   0.0000000E+00   0.0000000E+00
     1.8180000E+03   9.4756676E+01   5.6677535E-02   9.4765373E+01   3.9726132E+06  -9.0567004E+02   0.0000000E+00   0.0000000E+00   0.0000000E+00
     1.8190000E+03   9.4735466E+01   3.5472643E-02   9.4743202E+01   1.8191985E+06  -8.0480054E+02   0.0000000E+00   0.0000000E+00   0.0000000E+00
     1.8200000E+03   9.4725975E+01   2.5978046E-02   9.4732994E+01   1.0824319E+06  -7.3102216E+02   0.0000000E+00   0.0000000E+00   0.0000000E+00
     1.8210000E+03   9.4724632E+01   2.4635585E-02   9.4730789E+01   9.9082212E+05  -6.4069611E+02   0.0000000E+00   0.0000000E+00   0.0000000E+00
     1.8220000E+03   9.4722336E+01   2.2339655E-02   9.4727959E+01   8.4175381E+05  -5.8547137E+02   0.0000000E+00   0.0000000E+00   0.0000000E+00
     1.8230000E+03   9.4720749E+01   2.0748599E-02   9.4725899E+01   7.4422725E+05  -5.3655023E+02   0.0000000E+00   0.0000000E+00   0.0000000E+00
     1.8240000E+03   9.4732819E+01   3.2824382E-02   9.4737137E+01   1.5985226E+06  -4.4916861E+02   0.0000000E+00   0.0000000E+00   0.0000000E+00
     1.8250000E+03   9.4737015E+01   3.7021350E-02   9.4741348E+01   1.9534918E+06  -4.5067627E+02   0.0000000E+00   0.0000000E+00   0.0000000E+00
     1.8260000E+03   9.4726830E+01   2.6834412E-02   9.4731476E+01   1.1425569E+06  -4.8360080E+02   0.0000000E+00   0.0000000E+00   0.0000000E+00
     1.8270000E+03   9.4725983E+01   2.5984116E-02   9.4730072E+01   1.0828566E+06  -4.2606815E+02   0.0000000E+00   0.0000000E+00   0.0000000E+00
     1.8280000E+03   9.4729256E+01   2.9258147E-02   9.4732948E+01   1.3196806E+06  -3.8430798E+02   0.0000000E+00   0.0000000E+00   0.0000000E+00
     1.8290000E+03   9.4730865E+01   3.0871289E-02   9.4734367E+01   1.4431645E+06  -3.6423895E+02   0.0000000E+00   0.0000000E+00   0.0000000E+00
     1.8300000E+03   9.4730278E+01   3.0281546E-02   9.4733604E+01   1.3975084E+06  -3.4643985E+02   0.0000000E+00   0.0000000E+00   0.0000000E+00
     1.8310000E+03   9.4725899E+01   2.5903666E-02   9.4729118E+01   1.0772745E+06  -3.3471033E+02   0.0000000E+00   0.0000000E+00   0.0000000E+00
     1.8320000E+03   9.4721184E+01   2.1188874E-02   9.4724167E+01   7.7070519E+05  -3.1055878E+02   0.0000000E+00   0.0000000E+00   0.0000000E+00
     1.8330000E+03   9.4721092E+01   2.1095913E-02   9.4723663E+01   7.6508300E+05  -2.6787216E+02   0.0000000E+00   0.0000000E+00   0.0000000E+00
     1.8340000E+03   9.4720528E+01   2.0528261E-02   9.4722885E+01   7.3108112E+05  -2.4578242E+02   0.0000000E+00   0.0000000E+00   0.0000000E+00
     1.8350000E+03   9.4731148E+01   3.1148760E-02   9.4732887E+01   1.4648330E+06  -1.8112656E+02   0.0000000E+00   0.0000000E+00   0.0000000E+00
     1.8360000E+03   9.4724663E+01   2.4664333E-02   9.4726830E+01   9.9273231E+05  -2.2597414E+02   0.0000000E+00   0.0000000E+00   0.0000000E+00
     1.8370000E+03   9.4729912E+01   2.9916380E-02   9.4731499E+01   1.3695208E+06  -1.6529410E+02   0.0000000E+00   0.0000000E+00   0.0000000E+00
     1.8380000E+03   9.4739334E+01   3.9338678E-02   9.4740601E+01   2.1614985E+06  -1.3168304E+02   0.0000000E+00   0.0000000E+00   0.0000000E+00
     1.8390000E+03   9.4737999E+01   3.8000684E-02   9.4739517E+01   2.0403626E+06  -1.5819568E+02   0.0000000E+00   0.0000000E+00   0.0000000E+00
     1.8400000E+03   9.4726387E+01   2.6389385E-02   9.4728180E+01   1.1111366E+06  -1.8656129E+02   0.0000000E+00   0.0000000E+00   0.0000000E+00
     1.8410000E+03   9.4723221E+01   2.3222424E-02   9.4724602E+01   8.9790650E+05  -1.4398575E+02   0.0000000E+00   0.0000000E+00   0.0000000E+00
     1.8420000E+03   9.4725212E+01   2.5211619E-02   9.4726288E+01   1.0297256E+06  -1.1270562E+02   0.0000000E+00   0.0000000E+00   0.0000000E+00
     1.8430000E+03   9.4731316E+01   3.1318363E-02   9.4732147E+01   1.4781556E+06  -8.6830032E+01   0.0000000E+00   0.0000000E+00   0.0000000E+00
     1.8440000E+03   9.4735298E+01   3.5301201E-02   9.4736130E+01   1.8045600E+06  -8.6243759E+01   0.0000000E+00   0.0000000E+00   0.0000000E+00
     1.8450000E+03   9.4737404E+01   3.7405375E-02   9.4738235E+01   1.9873712E+06  -8.6389961E+01   0.0000000E+00   0.0000000E+00   0.0000000E+00
     1.8460000E+03   9.4737350E+01   3.7351817E-02   9.4738197E+01   1.9826308E+06  -8.8431335E+01   0.0000000E+00   0.0000000E+00   0.0000000E+00
     1.8470000E+03   9.4725800E+01   2.5800645E-02   9.4727020E+01   1.0701328E+06  -1.2710365E+02   0.0000000E+00   0.0000000E+00   0.0000000E+00
     1.8480000E+03   9.4721672E+01   2.1674059E-02   9.4722580E+01   8.0036256E+05  -9.4779755E+01   0.0000000E+00   0.0000000E+00   0.0000000E+00
     1.8490000E+03   9.4722633E+01   2.2635629E-02   9.4723297E+01   8.6041550E+05  -6.9245216E+01   0.0000000E+00   0.0000000E+00   0.0000000E+00
     1.8500000E+03   9.4723351E+01   2.3352096E-02   9.4723976E+01   9.0628350E+05  -6.5049995E+01   0.0000000E+00   0.0000000E+00   0.0000000E+00
     1.8510000E+03   9.4727943E+01   2.7944025E-02   9.4728386E+01   1.2223726E+06  -4.6070602E+01   0.0000000E+00   0.0000000E+00   0.0000000E+00
     1.8520000E+03   9.4736908E+01   3.6914270E-02   9.4737152E+01   1.9440835E+06  -2.5032763E+01   0.0000000E+00   0.0000000E+00   0.0000000E+00
     1.8530000E+03   9.4739487E+01   3.9490469E-02   9.4739929E+01   2.1754130E+06  -4.5686359E+01   0.0000000E+00   0.0000000E+00   0.0000000E+00
     1.8540000E+03   9.4731148E+01   3.1149406E-02   9.4731972E+01   1.4648912E+06  -8.5656197E+01   0.0000000E+00   0.0000000E+00   0.0000000E+00
     1.8550000E+03   9.4724648E+01   2.4648556E-02   9.4725388E+01   9.9168431E+05  -7.7337326E+01   0.0000000E+00   0.0000000E+00   0.0000000E+00
     1.8560000E+03   9.4725327E+01   2.5329923E-02   9.4725777E+01   1.0377947E+06  -4.6904434E+01   0.0000000E+00   0.0000000E+00   0.0000000E+00
     1.8570000E+03   9.4728951E+01   2.8956335E-02   9.4729263E+01   1.2970646E+06  -3.2110699E+01   0.0000000E+00   0.0000000E+00   0.0000000E+00
     1.8580000E+03   9.4737450E+01   3.7455171E-02   9.4737556E+01   1.9917859E+06  -1.0731168E+01   0.0000000E+00   0.0000000E+00   0.0000000E+00
     1.8590000E+03   9.4739677E+01   3.9678376E-02   9.4739983E+01   2.1927010E+06  -3.2173271E+01   0.0000000E+00   0.0000000E+00   0.0000000E+00
     1.8600000E+03   9.4739265E+01   3.9266467E-02   9.4739662E+01   2.1548935E+06  -4.1379879E+01   0.0000000E+00   0.0000000E+00   0.0000000E+00
     1.8610000E+03   9.4731438E+01   3.1443372E-02   9.4732101E+01   1.4880034E+06  -6.8600677E+01   0.0000000E+00   0.0000000E+00   0.0000000E+00
     1.8620000E+03   9.4726959E+01   2.6963109E-02   9.4727493E+01   1.1516974E+06  -5.5210499E+01   0.0000000E+00   0.0000000E+00   0.0000000E+00
     1.8630000E+03   9.4725464E+01   2.5469745E-02   9.4725868E+01   1.0473604E+06  -4.1713951E+01   0.0000000E+00   0.0000000E+00   0.0000000E+00
     1.8640000E+03   9.4725922E+01   2.5927233E-02   9.4726234E+01   1.0789025E+06  -3.2383709E+01   0.0000000E+00   0.0000000E+00   0.0000000E+00
     1.8650000E+03   9.4725136E+01   2.5142010E-02   9.4725479E+01   1.0249952E+06  -3.5533813E+01   0.0000000E+00   0.0000000E+00   0.0000000E+00
     1.8660000E+03   9.4739250E+01   3.9251175E-02   9.4739029E+01   2.1534972E+06   2.2910227E+01   0.0000000E+00   0.0000000E+00   0.0000000E+00
     1.8670000E+03   9.4736778E+01   3.6780756E-02   9.4737137E+01   1.9323709E+06  -3.7713593E+01   0.0000000E+00   0.0000000E+00   0.0000000E+00
     1.8680000E+03   9.4735649E+01   3.5655960E-02   9.4735977E+01   1.8348882E+06  -3.3781864E+01   0.0000000E+00   0.0000000E+00   0.0000000E+00
     1.8690000E+03   9.4731445E+01   3.1451941E-02   9.4731873E+01   1.4886801E+06  -4.4503487E+01   0.0000000E+00   0.0000000E+00   0.0000000E+00
     1.8700000E+03   9.4730934E+01   3.0934075E-02   9.4731216E+01   1.4480526E+06  -2.9816259E+01   0.0000000E+00   0.0000000E+00   0.0000000E+00
     1.8710000E+03   9.4730347E+01   3.0348694E-02   9.4730621E+01   1.4026710E+06  -2.8632481E+01   0.0000000E+00   0.0000000E+00   0.0000000E+00
     1.8720000E+03   9.4738907E+01   3.8909074E-02   9.4738838E+01   2.1223060E+06   7.4435506E+00   0.0000000E+00   0.0000000E+00   0.0000000E+00
     1.8730000E+03   9.4740883E+01   4.0888678E-02   9.4741035E+01   2.3053038E+06  -1.5787321E+01   0.0000000E+00   0.0000000E+00   0.0000000E+00
     1.8740000E+03   9.4739479E+01   3.9485149E-02   9.4739761E+01   2.1749328E+06  -2.9016396E+01   0.0000000E+00   0.0000000E+00   0.0000000E+00
     1.8750000E+03   9.4734749E+01   3.4751810E-02   9.4735146E+01   1.7579979E+06  -4.1626167E+01   0.0000000E+00   0.0000000E+00   0.0000000E+00
     1.8760000E+03   9.4767311E+01   6.7310773E-02   9.4767776E+01   5.2909180E+06  -4.9155602E+01   0.0000000E+00   0.0000000E+00   0.0000000E+00
     1.8770000E+03   9.4930130E+01   2.3013107E-01   9.4929245E+01   4.1053468E+07   9.2257225E+01   0.0000000E+00   0.0000000E+00   0.0000000E+00
     1.8780000E+03   9.4799385E+01   9.9387154E-02   9.4811668E+01   1.0129975E+07  -1.2795247E+03   0.0000000E+00   0.0000000E+00   0.0000000E+00
     1.8790000E+03   9.4748108E+01   4.8113190E-02   9.4758827E+01   3.0234158E+06  -1.1158932E+03   0.0000000E+00   0.0000000E+00   0.0000000E+00
     1.8800000E+03   9.4745903E+01   4.5909222E-02   9.4754669E+01   2.7961310E+06  -9.1215369E+02   0.0000000E+00   0.0000000E+00   0.0000000E+00
     1.8810000E+03   9.4744598E+01   4.4604484E-02   9.4752777E+01   2.6649452E+06  -8.5121851E+02   0.0000000E+00   0.0000000E+00   0.0000000E+00
     1.8820000E+03   9.4737404E+01   3.7406366E-02   9.4745224E+01   1.9874681E+06  -8.1450671E+02   0.0000000E+00   0.0000000E+00   0.0000000E+00
     1.8830000E+03   9.4733734E+01   3.3734344E-02   9.4740921E+01   1.6730595E+06  -7.4831793E+02   0.0000000E+00   0.0000000E+00   0.0000000E+00
     1.8840000E+03   9.4741470E+01   4.1470587E-02   9.4747795E+01   2.3602498E+06  -6.5856415E+02   0.0000000E+00   0.0000000E+00   0.0000000E+00
     1.8850000E+03   9.4743362E+01   4.3367546E-02   9.4749512E+01   2.5429185E+06  -6.3973682E+02   0.0000000E+00   0.0000000E+00   0.0000000E+00
     1.8860000E+03   9.4742416E+01   4.2416420E-02   9.4748306E+01   2.4506472E+06  -6.1396619E+02   0.0000000E+00   0.0000000E+00   0.0000000E+00
     1.8870000E+03   9.4741844E+01   4.1847881E-02   9.4747368E+01   2.3961468E+06  -5.7517847E+02   0.0000000E+00   0.0000000E+00   0.0000000E+00
     1.8880000E+03   9.4741302E+01   4.1307818E-02   9.4746460E+01   2.3448302E+06  -5.3644080E+02   0.0000000E+00   0.0000000E+00   0.0000000E+00
     1.8890000E+03   9.4729813E+01   2.9812021E-02   9.4734985E+01   1.3615804E+06  -5.3937927E+02   0.0000000E+00   0.0000000E+00   0.0000000E+00
     1.8900000E+03   9.4729355E+01   2.9360972E-02   9.4733765E+01   1.3274199E+06  -4.5895837E+02   0.0000000E+00   0.0000000E+00   0.0000000E+00
     1.8910000E+03   9.4726646E+01   2.6651038E-02   9.4730759E+01   1.1295736E+06  -4.2766409E+02   0.0000000E+00   0.0000000E+00   0.0000000E+00
     1.8920000E+03   9.4728691E+01   2.8693834E-02   9.4732269E+01   1.2775325E+06  -3.7286148E+02   0.0000000E+00   0.0000000E+00   0.0000000E+00
     1.8930000E+03   9.4849709E+01   1.4971001E-01   9.4851364E+01   2.0051312E+07  -1.7293719E+02   0.0000000E+00   0.0000000E+00   0.0000000E+00
     1.8940000E+03   9.4785194E+01   8.5197784E-02   9.4795570E+01   7.8361855E+06  -1.0800670E+03   0.0000000E+00   0.0000000E+00   0.0000000E+00
     1.8950000E+03   9.4740700E+01   4.0699925E-02   9.4751549E+01   2.2876012E+06  -1.1295997E+03   0.0000000E+00   0.0000000E+00   0.0000000E+00
     1.8960000E+03   9.4733604E+01   3.3609707E-02   9.4743103E+01   1.6627700E+06  -9.8850140E+02   0.0000000E+00   0.0000000E+00   0.0000000E+00
     1.8970000E+03   9.4730553E+01   3.0553298E-02   9.4739395E+01   1.4184730E+06  -9.2090875E+02   0.0000000E+00   0.0000000E+00   0.0000000E+00
     1.8980000E+03   9.4728928E+01   2.8930124E-02   9.4737091E+01   1.2951140E+06  -8.5003174E+02   0.0000000E+00   0.0000000E+00   0.0000000E+00
     1.8990000E+03   9.4727959E+01   2.7962279E-02   9.4735474E+01   1.2237095E+06  -7.8209882E+02   0.0000000E+00   0.0000000E+00   0.0000000E+00
     1.9000000E+03   9.4729340E+01   2.9343151E-02   9.4736191E+01   1.3260772E+06  -7.1332227E+02   0.0000000E+00   0.0000000E+00   0.0000000E+00
     1.9010000E+03   9.4730560E+01   3.0565215E-02   9.4736900E+01   1.4193941E+06  -6.5978687E+02   0.0000000E+00   0.0000000E+00   0.0000000E+00
     1.9020000E+03   9.4748352E+01   4.8351385E-02   9.4753593E+01   3.0484045E+06  -5.4647534E+02   0.0000000E+00   0.0000000E+00   0.0000000E+00
     1.9030000E+03   9.4757378E+01   5.7383902E-02   9.4762489E+01   4.0554695E+06  -5.3161169E+02   0.0000000E+00   0.0000000E+00   0.0000000E+00
     1.9040000E+03   9.4752502E+01   5.2505463E-02   9.4757713E+01   3.4972915E+06  -5.4237305E+02   0.0000000E+00   0.0000000E+00   0.0000000E+00
     1.9050000E+03   9.4740135E+01   4.0137559E-02   9.4745232E+01   2.2351632E+06  -5.3078552E+02   0.0000000E+00   0.0000000E+00   0.0000000E+00
     1.9060000E+03   9.4733200E+01   3.3200726E-02   9.4737717E+01   1.6291845E+06  -4.7025488E+02   0.0000000E+00   0.0000000E+00   0.0000000E+00
     1.9070000E+03   9.4729889E+01   2.9889878E-02   9.4733894E+01   1.3675125E+06  -4.1692444E+02   0.0000000E+00   0.0000000E+00   0.0000000E+00
     1.9080000E+03   9.4731636E+01   3.1638455E-02   9.4735100E+01   1.5034298E+06  -3.6086563E+02   0.0000000E+00   0.0000000E+00   0.0000000E+00
     1.9090000E+03   9.4735428E+01   3.5431828E-02   9.4738495E+01   1.8156882E+06  -3.1894962E+02   0.0000000E+00   0.0000000E+00   0.0000000E+00
     1.9100000E+03   9.4737473E+01   3.7472434E-02   9.4740303E+01   1.9933004E+06  -2.9502600E+02   0.0000000E+00   0.0000000E+00   0.0000000E+00
     1.9110000E+03   9.4737015E+01   3.7019823E-02   9.4739677E+01   1.9533365E+06  -2.7723389E+02   0.0000000E+00   0.0000000E+00   0.0000000E+00
     1.9120000E+03   9.4732262E+01   3.2262035E-02   9.4734848E+01   1.5531198E+06  -2.6928073E+02   0.0000000E+00   0.0000000E+00   0.0000000E+00
     1.9130000E+03   9.4729652E+01   2.9655453E-02   9.4731949E+01   1.3496712E+06  -2.3909306E+02   0.0000000E+00   0.0000000E+00   0.0000000E+00
     1.9140000E+03   9.4728119E+01   2.8122133E-02   9.4730179E+01   1.2353756E+06  -2.1452794E+02   0.0000000E+00   0.0000000E+00   0.0000000E+00
     1.9150000E+03   9.4726929E+01   2.6934901E-02   9.4728806E+01   1.1496819E+06  -1.9494270E+02   0.0000000E+00   0.0000000E+00   0.0000000E+00
     1.9160000E+03   9.4726318E+01   2.6321961E-02   9.4728012E+01   1.1064100E+06  -1.7656863E+02   0.0000000E+00   0.0000000E+00   0.0000000E+00
     1.9170000E+03   9.4724892E+01   2.4897339E-02   9.4726479E+01   1.0084173E+06  -1.6515961E+02   0.0000000E+00   0.0000000E+00   0.0000000E+00
     1.9180000E+03   9.4724457E+01   2.4458995E-02   9.4725883E+01   9.7900156E+05  -1.4860300E+02   0.0000000E+00   0.0000000E+00   0.0000000E+00
     1.9190000E+03   9.4723412E+01   2.3416391E-02   9.4724747E+01   9.1044188E+05  -1.3921751E+02   0.0000000E+00   0.0000000E+00   0.0000000E+00
     1.9200000E+03   9.4723557E+01   2.3557311E-02   9.4724747E+01   9.1959125E+05  -1.2441725E+02   0.0000000E+00   0.0000000E+00   0.0000000E+00
     1.9210000E+03   9.4723427E+01   2.3431357E-02   9.4724541E+01   9.1141069E+05  -1.1595490E+02   0.0000000E+00   0.0000000E+00   0.0000000E+00
     1.9220000E+03   9.4722801E+01   2.2807306E-02   9.4723854E+01   8.7131356E+05  -1.0958334E+02   0.0000000E+00   0.0000000E+00   0.0000000E+00
     1.9230000E+03   9.4723099E+01   2.3104327E-02   9.4724045E+01   8.9030775E+05  -9.8537979E+01   0.0000000E+00   0.0000000E+00   0.0000000E+00
     1.9240000E+03   9.4722885E+01   2.2885598E-02   9.4723785E+01   8.7631038E+05  -9.3633194E+01   0.0000000E+00   0.0000000E+00   0.0000000E+00
     1.9250000E+03   9.4722527E+01   2.2530885E-02   9.4723427E+01   8.5379038E+05  -9.3452316E+01   0.0000000E+00   0.0000000E+00   0.0000000E+00
     1.9260000E+03   9.4722794E+01   2.2799272E-02   9.4723648E+01   8.7080694E+05  -8.8393883E+01   0.0000000E+00   0.0000000E+00   0.0000000E+00
     1.9270000E+03   9.4723564E+01   2.3569455E-02   9.4724365E+01   9.2038575E+05  -8.2865616E+01   0.0000000E+00   0.0000000E+00   0.0000000E+00
     1.9280000E+03   9.4721718E+01   2.1721829E-02   9.4722572E+01   8.0330506E+05  -8.9133072E+01   0.0000000E+00   0.0000000E+00   0.0000000E+00
     1.9290000E+03   9.4722702E+01   2.2705952E-02   9.4723511E+01   8.6487469E+05  -8.3765793E+01   0.0000000E+00   0.0000000E+00   0.0000000E+00
     1.9300000E+03   9.4722832E+01   2.2835659E-02   9.4723671E+01   8.7312462E+05  -8.7544312E+01   0.0000000E+00   0.0000000E+00   0.0000000E+00
     1.9310000E+03   9.4722832E+01   2.2832954E-02   9.4723663E+01   8.7295231E+05  -8.6861084E+01   0.0000000E+00   0.0000000E+00   0.0000000E+00
     1.9320000E+03   9.4724068E+01   2.4074150E-02   9.4724838E+01   9.5346706E+05  -7.9725388E+01   0.0000000E+00   0.0000000E+00   0.0000000E+00
     1.9330000E+03   9.4723091E+01   2.3090405E-02   9.4723907E+01   8.8941881E+05  -8.5114052E+01   0.0000000E+00   0.0000000E+00   0.0000000E+00
     1.9340000E+03   9.4721695E+01   2.1696655E-02   9.4722496E+01   8.0175444E+05  -8.3831879E+01   0.0000000E+00   0.0000000E+00   0.0000000E+00
     1.9350000E+03   9.4721649E+01   2.1648785E-02   9.4722374E+01   7.9880869E+05  -7.5472847E+01   0.0000000E+00   0.0000000E+00   0.0000000E+00
     1.9360000E+03   9.4721649E+01   2.1651549E-02   9.4722343E+01   7.9897900E+05  -7.2043182E+01   0.0000000E+00   0.0000000E+00   0.0000000E+00
     1.9370000E+03   9.4721184E+01   2.1185169E-02   9.4721863E+01   7.7050156E+05  -7.0902229E+01   0.0000000E+00   0.0000000E+00   0.0000000E+00
     1.9380000E+03   9.4721054E+01   2.1058057E-02   9.4721695E+01   7.6281194E+05  -6.6977737E+01   0.0000000E+00   0.0000000E+00   0.0000000E+00
     1.9390000E+03   9.4721130E+01   2.1133769E-02   9.4721741E+01   7.6738856E+05  -6.3569073E+01   0.0000000E+00   0.0000000E+00   0.0000000E+00
     1.9400000E+03   9.4721252E+01   2.1256084E-02   9.4721840E+01   7.7480538E+05  -6.0991356E+01   0.0000000E+00   0.0000000E+00   0.0000000E+00
     1.9410000E+03   9.4721596E+01   2.1599583E-02   9.4722153E+01   7.9578606E+05  -5.7821239E+01   0.0000000E+00   0.0000000E+00   0.0000000E+00
     1.9420000E+03   9.4720840E+01   2.0841282E-02   9.4721413E+01   7.4976769E+05  -5.9899776E+01   0.0000000E+00   0.0000000E+00   0.0000000E+00
     1.9430000E+03   9.4720108E+01   2.0111566E-02   9.4720665E+01   7.0653100E+05  -5.7834538E+01   0.0000000E+00   0.0000000E+00   0.0000000E+00
     1.9440000E+03   9.4720505E+01   2.0509010E-02   9.4721001E+01   7.2994812E+05  -5.1514572E+01   0.0000000E+00   0.0000000E+00   0.0000000E+00
     1.9450000E+03   9.4720650E+01   2.0655194E-02   9.4721138E+01   7.3864562E+05  -5.0366879E+01   0.0000000E+00   0.0000000E+00   0.0000000E+00
     1.9460000E+03   9.4721115E+01   2.1119045E-02   9.4721573E+01   7.6649394E+05  -4.7338219E+01   0.0000000E+00   0.0000000E+00   0.0000000E+00
     1.9470000E+03   9.4722229E+01   2.2233412E-02   9.4722794E+01   8.3508569E+05  -5.8507908E+01   0.0000000E+00   0.0000000E+00   0.0000000E+00
     1.9480000E+03   9.4727234E+01   2.7239509E-02   9.4727707E+01   1.1714414E+06  -4.9078072E+01   0.0000000E+00   0.0000000E+00   0.0000000E+00
     1.9490000E+03   9.4724747E+01   2.4748556E-02   9.4725510E+01   9.9839881E+05  -7.9202789E+01   0.0000000E+00   0.0000000E+00   0.0000000E+00
     1.9500000E+03   9.4721146E+01   2.1150365E-02   9.4721954E+01   7.6839219E+05  -8.4247543E+01   0.0000000E+00   0.0000000E+00   0.0000000E+00
     1.9510000E+03   9.4798248E+01   9.8250978E-02   9.4798141E+01   9.9376860E+06   1.1346846E+01   0.0000000E+00   0.0000000E+00   0.0000000E+00
     1.9520000E+03   9.4746429E+01   4.6430342E-02   9.4751526E+01   2.8492255E+06  -5.3072052E+02   0.0000000E+00   0.0000000E+00   0.0000000E+00
     1.9530000E+03   9.4729538E+01   2.9544709E-02   9.4733513E+01   1.3412946E+06  -4.1362009E+02   0.0000000E+00   0.0000000E+00   0.0000000E+00
     1.9540000E+03   9.4780571E+01   8.0574840E-02   9.4784660E+01   7.1404325E+06  -4.2574121E+02   0.0000000E+00   0.0000000E+00   0.0000000E+00
     1.9550000E+03   9.4817619E+01   1.1762013E-01   9.4824226E+01   1.3413031E+07  -6.8829559E+02   0.0000000E+00   0.0000000E+00   0.0000000E+00
     1.9560000E+03   9.4778908E+01   7.8907080E-02   9.4789589E+01   6.8957945E+06  -1.1127050E+03   0.0000000E+00   0.0000000E+00   0.0000000E+00
     1.9570000E+03   9.4868599E+01   1.6860315E-01   9.4875259E+01   2.4443728E+07  -6.9368280E+02   0.0000000E+00   0.0000000E+00   0.0000000E+00
     1.9580000E+03   9.4906235E+01   2.0623927E-01   9.4914978E+01   3.4198716E+07  -9.1065125E+02   0.0000000E+00   0.0000000E+00   0.0000000E+00
     1.9590000E+03   9.4774429E+01   7.4429654E-02   9.4789673E+01   6.2560555E+06  -1.5876901E+03   0.0000000E+00   0.0000000E+00   0.0000000E+00
     1.9600000E+03   9.4744453E+01   4.4455167E-02   9.4756172E+01   2.6500850E+06  -1.2205496E+03   0.0000000E+00   0.0000000E+00   0.0000000E+00
     1.9610000E+03   9.4736618E+01   3.6617916E-02   9.4747231E+01   1.9181444E+06  -1.1052128E+03   0.0000000E+00   0.0000000E+00   0.0000000E+00
     1.9620000E+03   9.4734550E+01   3.4553863E-02   9.4744667E+01   1.7413464E+06  -1.0532965E+03   0.0000000E+00   0.0000000E+00   0.0000000E+00
     1.9630000E+03   9.4731331E+01   3.1333551E-02   9.4741135E+01   1.4793609E+06  -1.0212295E+03   0.0000000E+00   0.0000000E+00   0.0000000E+00
     1.9640000E+03   9.4731133E+01   3.1137556E-02   9.4740799E+01   1.4639844E+06  -1.0065437E+03   0.0000000E+00   0.0000000E+00   0.0000000E+00
     1.9650000E+03   9.4731003E+01   3.1004939E-02   9.4740295E+01   1.4535919E+06  -9.6775195E+02   0.0000000E+00   0.0000000E+00   0.0000000E+00
     1.9660000E+03   9.4728195E+01   2.8200287E-02   9.4737053E+01   1.2411264E+06  -9.2222760E+02   0.0000000E+00   0.0000000E+00   0.0000000E+00
     1.9670000E+03   9.4727333E+01   2.7337072E-02   9.4735771E+01   1.1784490E+06  -8.7865881E+02   0.0000000E+00   0.0000000E+00   0.0000000E+00
     1.9680000E+03   9.4727982E+01   2.7985340E-02   9.4735832E+01   1.2253929E+06  -8.1753198E+02   0.0000000E+00   0.0000000E+00   0.0000000E+00
     1.9690000E+03   9.4725914E+01   2.5920829E-02   9.4733269E+01   1.0784641E+06  -7.6573114E+02   0.0000000E+00   0.0000000E+00   0.0000000E+00
     1.9700000E+03   9.4725166E+01   2.5168806E-02   9.4731865E+01   1.0268206E+06  -6.9785449E+02   0.0000000E+00   0.0000000E+00   0.0000000E+00
     1.9710000E+03   9.4724747E+01   2.4748325E-02   9.4730843E+01   9.9838300E+05  -6.3502722E+02   0.0000000E+00   0.0000000E+00   0.0000000E+00
     1.9720000E+03   9.4724503E+01   2.4506250E-02   9.4730042E+01   9.8214969E+05  -5.7662012E+02   0.0000000E+00   0.0000000E+00   0.0000000E+00
     1.9730000E+03   9.4724167E+01   2.4169715E-02   9.4729195E+01   9.5979244E+05  -5.2371851E+02   0.0000000E+00   0.0000000E+00   0.0000000E+00
     1.9740000E+03   9.4723640E+01   2.3641856E-02   9.4728294E+01   9.2510312E+05  -4.8480655E+02   0.0000000E+00   0.0000000E+00   0.0000000E+00
     1.9750000E+03   9.4835983E+01   1.3598752E-01   9.4838593E+01   1.7082706E+07  -2.7121698E+02   0.0000000E+00   0.0000000E+00   0.0000000E+00
     1.9760000E+03   9.4910118E+01   2.1011901E-01   9.4915817E+01   3.5277660E+07  -5.9371802E+02   0.0000000E+00   0.0000000E+00   0.0000000E+00
     1.9770000E+03   9.4917038E+01   2.1704084E-01   9.4926338E+01   3.7235752E+07  -9.6816370E+02   0.0000000E+00   0.0000000E+00   0.0000000E+00
     1.9780000E+03   9.4798592E+01   9.8593503E-02   9.4813179E+01   9.9955050E+06  -1.5186920E+03   0.0000000E+00   0.0000000E+00   0.0000000E+00
     1.9790000E+03   9.4756615E+01   5.6614909E-02   9.4768753E+01   3.9653032E+06  -1.2644611E+03   0.0000000E+00   0.0000000E+00   0.0000000E+00
     1.9800000E+03   9.4752357E+01   5.2356880E-02   9.4763092E+01   3.4808090E+06  -1.1179326E+03   0.0000000E+00   0.0000000E+00   0.0000000E+00
     1.9810000E+03   9.4748383E+01   4.8385799E-02   9.4759071E+01   3.0520052E+06  -1.1130356E+03   0.0000000E+00   0.0000000E+00   0.0000000E+00
     1.9820000E+03   9.4782593E+01   8.2595862E-02   9.4791893E+01   7.4413850E+06  -9.6817651E+02   0.0000000E+00   0.0000000E+00   0.0000000E+00
     1.9830000E+03   9.4770714E+01   7.0715681E-02   9.4781685E+01   5.7444785E+06  -1.1424316E+03   0.0000000E+00   0.0000000E+00   0.0000000E+00
     1.9840000E+03   9.4741226E+01   4.1231535E-02   9.4752899E+01   2.3376498E+06  -1.2156245E+03   0.0000000E+00   0.0000000E+00   0.0000000E+00
     1.9850000E+03   9.4735535E+01   3.5534397E-02   9.4746307E+01   1.8244431E+06  -1.1220953E+03   0.0000000E+00   0.0000000E+00   0.0000000E+00
     1.9860000E+03   9.4734192E+01   3.4197867E-02   9.4744728E+01   1.7115442E+06  -1.0970994E+03   0.0000000E+00   0.0000000E+00   0.0000000E+00
     1.9870000E+03   9.4732834E+01   3.2836650E-02   9.4743317E+01   1.5995240E+06  -1.0912247E+03   0.0000000E+00   0.0000000E+00   0.0000000E+00
     1.9880000E+03   9.4730911E+01   3.0912958E-02   9.4741104E+01   1.4464331E+06  -1.0613992E+03   0.0000000E+00   0.0000000E+00   0.0000000E+00
     1.9890000E+03   9.4729034E+01   2.9039035E-02   9.4738876E+01   1.3032529E+06  -1.0250320E+03   0.0000000E+00   0.0000000E+00   0.0000000E+00
     1.9900000E+03   9.4727898E+01   2.7902417E-02   9.4737236E+01   1.2193309E+06  -9.7203760E+02   0.0000000E+00   0.0000000E+00   0.0000000E+00
     1.9910000E+03   9.4727531E+01   2.7534679E-02   9.4736221E+01   1.1926458E+06  -9.0463477E+02   0.0000000E+00   0.0000000E+00   0.0000000E+00
     1.9920000E+03   9.4726791E+01   2.6795469E-02   9.4734795E+01   1.1398089E+06  -8.3339185E+02   0.0000000E+00   0.0000000E+00   0.0000000E+00
     1.9930000E+03   9.4726089E+01   2.6093477E-02   9.4733376E+01   1.0904455E+06  -7.5833868E+02   0.0000000E+00   0.0000000E+00   0.0000000E+00
     1.9940000E+03   9.4725716E+01   2.5721869E-02   9.4732292E+01   1.0646900E+06  -6.8416833E+02   0.0000000E+00   0.0000000E+00   0.0000000E+00
     1.9950000E+03   9.4724876E+01   2.4880439E-02   9.4730804E+01   1.0073134E+06  -6.1753625E+02   0.0000000E+00   0.0000000E+00   0.0000000E+00
     1.9960000E+03   9.4724464E+01   2.4466785E-02   9.4729774E+01   9.7953031E+05  -5.5325433E+02   0.0000000E+00   0.0000000E+00   0.0000000E+00
     1.9970000E+03   9.4724510E+01   2.4509931E-02   9.4729256E+01   9.8238731E+05  -4.9476920E+02   0.0000000E+00   0.0000000E+00   0.0000000E+00
     1.9980000E+03   9.4723587E+01   2.3589062E-02   9.4727882E+01   9.2168575E+05  -4.4776331E+02   0.0000000E+00   0.0000000E+00   0.0000000E+00
     1.9990000E+03   9.4723305E+01   2.3308013E-02   9.4727150E+01   9.0343812E+05  -4.0022412E+02   0.0000000E+00   0.0000000E+00   0.0000000E+00
     2.0000000E+03   9.4722595E+01   2.2595597E-02   9.4726067E+01   8.5788331E+05  -3.6178629E+02   0.0000000E+00   0.0000000E+00   0.0000000E+00
     2.0010000E+03   9.4722420E+01   2.2426382E-02   9.4725540E+01   8.4718244E+05  -3.2424274E+02   0.0000000E+00   0.0000000E+00   0.0000000E+00
     2.0020000E+03   9.4738754E+01   3.8755957E-02   9.4741180E+01   2.1084070E+06  -2.5246274E+02   0.0000000E+00   0.0000000E+00   0.0000000E+00
     2.0030000E+03   9.4831985E+01   1.3198550E-01   9.4834297E+01   1.6253091E+07  -2.4105806E+02   0.0000000E+00   0.0000000E+00   0.0000000E+00
     2.0040000E+03   9.4748917E+01   4.8916332E-02   9.4759628E+01   3.1079825E+06  -1.1156592E+03   0.0000000E+00   0.0000000E+00   0.0000000E+00
     2.0050000E+03   9.4732033E+01   3.2032833E-02   9.4741280E+01   1.5348078E+06  -9.6291333E+02   0.0000000E+00   0.0000000E+00   0.0000000E+00
     2.0060000E+03   9.4827217E+01   1.2721720E-01   9.4833076E+01   1.5286213E+07  -6.1035510E+02   0.0000000E+00   0.0000000E+00   0.0000000E+00
     2.0070000E+03   9.4751938E+01   5.1937308E-02   9.4764519E+01   3.4344730E+06  -1.3105050E+03   0.0000000E+00   0.0000000E+00   0.0000000E+00
     2.0080000E+03   9.4898376E+01   1.9837880E-01   9.4903328E+01   3.2054102E+07  -5.1559833E+02   0.0000000E+00   0.0000000E+00   0.0000000E+00
     2.0090000E+03   9.4884743E+01   1.8474893E-01   9.4895569E+01   2.8468204E+07  -1.1267487E+03   0.0000000E+00   0.0000000E+00   0.0000000E+00
     2.0100000E+03   9.4781044E+01   8.1050508E-02   9.4795532E+01   7.2107945E+06  -1.5082458E+03   0.0000000E+00   0.0000000E+00   0.0000000E+00
     2.0110000E+03   9.4754761E+01   5.4760691E-02   9.4766533E+01   3.7511862E+06  -1.2258805E+03   0.0000000E+00   0.0000000E+00   0.0000000E+00
     2.0120000E+03   9.4776451E+01   7.6457694E-02   9.4786346E+01   6.5427615E+06  -1.0301643E+03   0.0000000E+00   0.0000000E+00   0.0000000E+00
     2.0130000E+03   9.4748047E+01   4.8048794E-02   9.4759735E+01   3.0166418E+06  -1.2168065E+03   0.0000000E+00   0.0000000E+00   0.0000000E+00
     2.0140000E+03   9.4740768E+01   4.0774334E-02   9.4751740E+01   2.2944770E+06  -1.1419882E+03   0.0000000E+00   0.0000000E+00   0.0000000E+00
     2.0150000E+03   9.4737587E+01   3.7593469E-02   9.4748367E+01   2.0040868E+06  -1.1219811E+03   0.0000000E+00   0.0000000E+00   0.0000000E+00
     2.0160000E+03   9.4735970E+01   3.5974536E-02   9.4746651E+01   1.8622739E+06  -1.1121780E+03   0.0000000E+00   0.0000000E+00   0.0000000E+00
     2.0170000E+03   9.4733498E+01   3.3498913E-02   9.4744164E+01   1.6535631E+06  -1.1110840E+03   0.0000000E+00   0.0000000E+00   0.0000000E+00
     2.0180000E+03   9.4731956E+01   3.1958006E-02   9.4742538E+01   1.5287675E+06  -1.1021661E+03   0.0000000E+00   0.0000000E+00   0.0000000E+00
     2.0190000E+03   9.4731239E+01   3.1241400E-02   9.4741661E+01   1.4721361E+06  -1.0849832E+03   0.0000000E+00   0.0000000E+00   0.0000000E+00
     2.0200000E+03   9.4729073E+01   2.9075138E-02   9.4739174E+01   1.3059495E+06  -1.0517709E+03   0.0000000E+00   0.0000000E+00   0.0000000E+00
     2.0210000E+03   9.4728386E+01   2.8385453E-02   9.4738037E+01   1.2547171E+06  -1.0051668E+03   0.0000000E+00   0.0000000E+00   0.0000000E+00
     2.0220000E+03   9.4727898E+01   2.7897276E-02   9.4737007E+01   1.2189934E+06  -9.4883569E+02   0.0000000E+00   0.0000000E+00   0.0000000E+00
     2.0230000E+03   9.4727486E+01   2.7491799E-02   9.4735924E+01   1.1895922E+06  -8.7839020E+02   0.0000000E+00   0.0000000E+00   0.0000000E+00
     2.0240000E+03   9.4726540E+01   2.6544003E-02   9.4734245E+01   1.1220468E+06  -8.0225513E+02   0.0000000E+00   0.0000000E+00   0.0000000E+00
     2.0250000E+03   9.4726234E+01   2.6234468E-02   9.4733147E+01   1.1003080E+06  -7.2026978E+02   0.0000000E+00   0.0000000E+00   0.0000000E+00
     2.0260000E+03   9.4726891E+01   2.6896024E-02   9.4733040E+01   1.1469409E+06  -6.4037109E+02   0.0000000E+00   0.0000000E+00   0.0000000E+00
     2.0270000E+03   9.4725426E+01   2.5428189E-02   9.4730980E+01   1.0444775E+06  -5.7833551E+02   0.0000000E+00   0.0000000E+00   0.0000000E+00
     2.0280000E+03   9.4723465E+01   2.3464600E-02   9.4728432E+01   9.1362200E+05  -5.1763977E+02   0.0000000E+00   0.0000000E+00   0.0000000E+00
     2.0290000E+03   9.4723160E+01   2.3162948E-02   9.4727577E+01   8.9408675E+05  -4.5985220E+02   0.0000000E+00   0.0000000E+00   0.0000000E+00
     2.0300000E+03   9.4722672E+01   2.2671105E-02   9.4726639E+01   8.6265369E+05  -4.1372287E+02   0.0000000E+00   0.0000000E+00   0.0000000E+00
     2.0310000E+03   9.4722923E+01   2.2929054E-02   9.4726471E+01   8.7907119E+05  -3.6929510E+02   0.0000000E+00   0.0000000E+00   0.0000000E+00
     2.0320000E+03   9.4723312E+01   2.3318738E-02   9.4726799E+01   9.0414800E+05  -3.6259198E+02   0.0000000E+00   0.0000000E+00   0.0000000E+00
     2.0330000E+03   9.4835281E+01   1.3528471E-01   9.4837242E+01   1.6935814E+07  -2.0417459E+02   0.0000000E+00   0.0000000E+00   0.0000000E+00
     2.0340000E+03   9.4756012E+01   5.6016445E-02   9.4766899E+01   3.8956965E+06  -1.1335737E+03   0.0000000E+00   0.0000000E+00   0.0000000E+00
     2.0350000E+03   9.4732704E+01   3.2710399E-02   9.4742676E+01   1.5892282E+06  -1.0383229E+03   0.0000000E+00   0.0000000E+00   0.0000000E+00
     2.0360000E+03   9.4728355E+01   2.8358739E-02   9.4737579E+01   1.2527202E+06  -9.6059576E+02   0.0000000E+00   0.0000000E+00   0.0000000E+00
     2.0370000E+03   9.4725883E+01   2.5888696E-02   9.4734573E+01   1.0763500E+06  -9.0469153E+02   0.0000000E+00   0.0000000E+00   0.0000000E+00
     2.0380000E+03   9.4725121E+01   2.5123693E-02   9.4733147E+01   1.0237992E+06  -8.3600598E+02   0.0000000E+00   0.0000000E+00   0.0000000E+00
     2.0390000E+03   9.4724197E+01   2.4202909E-02   9.4731644E+01   9.6202425E+05  -7.7489868E+02   0.0000000E+00   0.0000000E+00   0.0000000E+00
     2.0400000E+03   9.4722931E+01   2.2937523E-02   9.4729851E+01   8.7963175E+05  -7.2050763E+02   0.0000000E+00   0.0000000E+00   0.0000000E+00
     2.0410000E+03   9.4722176E+01   2.2179140E-02   9.4728592E+01   8.3167956E+05  -6.6836060E+02   0.0000000E+00   0.0000000E+00   0.0000000E+00
     2.0420000E+03   9.4721916E+01   2.1915486E-02   9.4727867E+01   8.1527450E+05  -6.2007147E+02   0.0000000E+00   0.0000000E+00   0.0000000E+00
     2.0430000E+03   9.4721542E+01   2.1549171E-02   9.4727081E+01   7.9269169E+05  -5.7650415E+02   0.0000000E+00   0.0000000E+00   0.0000000E+00
     2.0440000E+03   9.4721481E+01   2.1482661E-02   9.4726601E+01   7.8864656E+05  -5.3305341E+02   0.0000000E+00   0.0000000E+00   0.0000000E+00
     2.0450000E+03   9.4721039E+01   2.1042012E-02   9.4725777E+01   7.6185875E+05  -4.9345749E+02   0.0000000E+00   0.0000000E+00   0.0000000E+00
     2.0460000E+03   9.4720680E+01   2.0681396E-02   9.4725052E+01   7.4024756E+05  -4.5521503E+02   0.0000000E+00   0.0000000E+00   0.0000000E+00
     2.0470000E+03   9.4723351E+01   2.3355575E-02   9.4727257E+01   9.0651825E+05  -4.0674710E+02   0.0000000E+00   0.0000000E+00   0.0000000E+00
     2.0480000E+03   9.4722443E+01   2.2446193E-02   9.4726143E+01   8.4845988E+05  -3.8527634E+02   0.0000000E+00   0.0000000E+00   0.0000000E+00
     2.0490000E+03   9.4722244E+01   2.2244908E-02   9.4725609E+01   8.3582800E+05  -3.5042368E+02   0.0000000E+00   0.0000000E+00   0.0000000E+00
     2.0500000E+03   9.4721947E+01   2.1946665E-02   9.4725021E+01   8.1722012E+05  -3.2051413E+02   0.0000000E+00   0.0000000E+00   0.0000000E+00
     2.0510000E+03   9.4719444E+01   1.9443870E-02   9.4722336E+01   6.6788956E+05  -3.0139389E+02   0.0000000E+00   0.0000000E+00   0.0000000E+00
     2.0520000E+03   9.4719254E+01   1.9254383E-02   9.4721825E+01   6.5707819E+05  -2.6764038E+02   0.0000000E+00   0.0000000E+00   0.0000000E+00
     2.0530000E+03   9.4718552E+01   1.8552905E-02   9.4720917E+01   6.1766319E+05  -2.4658363E+02   0.0000000E+00   0.0000000E+00   0.0000000E+00
     2.0540000E+03   9.4717445E+01   1.7446898E-02   9.4719627E+01   5.5748112E+05  -2.2767299E+02   0.0000000E+00   0.0000000E+00   0.0000000E+00
     2.0550000E+03   9.4717987E+01   1.7992236E-02   9.4719940E+01   5.8685281E+05  -2.0301285E+02   0.0000000E+00   0.0000000E+00   0.0000000E+00
     2.0560000E+03   9.4718040E+01   1.8041730E-02   9.4719849E+01   5.8953756E+05  -1.8821109E+02   0.0000000E+00   0.0000000E+00   0.0000000E+00
     2.0570000E+03   9.4717850E+01   1.7855737E-02   9.4719528E+01   5.7942625E+05  -1.7438692E+02   0.0000000E+00   0.0000000E+00   0.0000000E+00
     2.0580000E+03   9.4718697E+01   1.8701304E-02   9.4720200E+01   6.2593100E+05  -1.5666246E+02   0.0000000E+00   0.0000000E+00   0.0000000E+00
     2.0590000E+03   9.4719048E+01   1.9046966E-02   9.4720444E+01   6.4530631E+05  -1.4537018E+02   0.0000000E+00   0.0000000E+00   0.0000000E+00
     2.0600000E+03   9.4718224E+01   1.8225152E-02   9.4719543E+01   5.9955438E+05  -1.3790710E+02   0.0000000E+00   0.0000000E+00   0.0000000E+00
     2.0610000E+03   9.4718269E+01   1.8270914E-02   9.4719460E+01   6.0210531E+05  -1.2405611E+02   0.0000000E+00   0.0000000E+00   0.0000000E+00
     2.0620000E+03   9.4716896E+01   1.6897075E-02   9.4718048E+01   5.2855806E+05  -1.1993827E+02   0.0000000E+00   0.0000000E+00   0.0000000E+00
     2.0630000E+03   9.4718269E+01   1.8270588E-02   9.4719238E+01   6.0211275E+05  -1.0120742E+02   0.0000000E+00   0.0000000E+00   0.0000000E+00
     2.0640000E+03   9.4716087E+01   1.6091440E-02   9.4717117E+01   4.8722562E+05  -1.0709785E+02   0.0000000E+00   0.0000000E+00   0.0000000E+00
     2.0650000E+03   9.4715965E+01   1.5970543E-02   9.4716858E+01   4.8108262E+05  -9.2972900E+01   0.0000000E+00   0.0000000E+00   0.0000000E+00
     2.0660000E+03   9.4714912E+01   1.4913020E-02   9.4715782E+01   4.2923112E+05  -9.0437172E+01   0.0000000E+00   0.0000000E+00   0.0000000E+00
     2.0670000E+03   9.4715828E+01   1.5833139E-02   9.4716576E+01   4.7425822E+05  -7.7560501E+01   0.0000000E+00   0.0000000E+00   0.0000000E+00
     2.0680000E+03   9.4716248E+01   1.6247904E-02   9.4716957E+01   4.9514053E+05  -7.4345840E+01   0.0000000E+00   0.0000000E+00   0.0000000E+00
     2.0690000E+03   9.4715096E+01   1.5101695E-02   9.4715828E+01   4.3830556E+05  -7.5984436E+01   0.0000000E+00   0.0000000E+00   0.0000000E+00
     2.0700000E+03   9.4715782E+01   1.5786152E-02   9.4716408E+01   4.7193100E+05  -6.5101990E+01   0.0000000E+00   0.0000000E+00   0.0000000E+00
     2.0710000E+03   9.4716011E+01   1.6017621E-02   9.4716621E+01   4.8350294E+05  -6.2876976E+01   0.0000000E+00   0.0000000E+00   0.0000000E+00
     2.0720000E+03   9.4715851E+01   1.5857220E-02   9.4716438E+01   4.7545803E+05  -6.1022869E+01   0.0000000E+00   0.0000000E+00   0.0000000E+00
     2.0730000E+03   9.4718597E+01   1.8599767E-02   9.4719048E+01   6.2021325E+05  -4.6730713E+01   0.0000000E+00   0.0000000E+00   0.0000000E+00
     2.0740000E+03   9.4716087E+01   1.6090686E-02   9.4716698E+01   4.8713381E+05  -6.3645832E+01   0.0000000E+00   0.0000000E+00   0.0000000E+00
     2.0750000E+03   9.4714409E+01   1.4414373E-02   9.4714973E+01   4.0556347E+05  -5.8600491E+01   0.0000000E+00   0.0000000E+00   0.0000000E+00
     2.0760000E+03   9.4713829E+01   1.3832115E-02   9.4714325E+01   3.7858025E+05  -5.1985519E+01   0.0000000E+00   0.0000000E+00   0.0000000E+00
     2.0770000E+03   9.4713783E+01   1.3782705E-02   9.4714241E+01   3.7638378E+05  -4.7831379E+01   0.0000000E+00   0.0000000E+00   0.0000000E+00
     2.0780000E+03   9.4713661E+01   1.3666787E-02   9.4714104E+01   3.7107134E+05  -4.6064518E+01   0.0000000E+00   0.0000000E+00   0.0000000E+00
     2.0790000E+03   9.4713829E+01   1.3828844E-02   9.4714241E+01   3.7844066E+05  -4.3218613E+01   0.0000000E+00   0.0000000E+00   0.0000000E+00
     2.0800000E+03   9.4713844E+01   1.3848745E-02   9.4714249E+01   3.7938875E+05  -4.2055450E+01   0.0000000E+00   0.0000000E+00   0.0000000E+00
     2.0810000E+03   9.4713623E+01   1.3627647E-02   9.4714020E+01   3.6933219E+05  -4.1381580E+01   0.0000000E+00   0.0000000E+00   0.0000000E+00
     2.0820000E+03   9.4713608E+01   1.3610553E-02   9.4713982E+01   3.6854956E+05  -3.9056637E+01   0.0000000E+00   0.0000000E+00   0.0000000E+00
     2.0830000E+03   9.4713165E+01   1.3164907E-02   9.4713539E+01   3.4865144E+05  -3.9204685E+01   0.0000000E+00   0.0000000E+00   0.0000000E+00
     2.0840000E+03   9.4713295E+01   1.3297309E-02   9.4713638E+01   3.5455525E+05  -3.5679100E+01   0.0000000E+00   0.0000000E+00   0.0000000E+00
     2.0850000E+03   9.4713715E+01   1.3715499E-02   9.4714035E+01   3.7333053E+05  -3.3198154E+01   0.0000000E+00   0.0000000E+00   0.0000000E+00
     2.0860000E+03   9.4716095E+01   1.6100882E-02   9.4716331E+01   4.8766419E+05  -2.4328659E+01   0.0000000E+00   0.0000000E+00   0.0000000E+00
     2.0870000E+03   9.4714325E+01   1.4331074E-02   9.4714699E+01   4.0167469E+05  -3.8906284E+01   0.0000000E+00   0.0000000E+00   0.0000000E+00
     2.0880000E+03   9.4714340E+01   1.4345476E-02   9.4714645E+01   4.0230484E+05  -3.1487080E+01   0.0000000E+00   0.0000000E+00   0.0000000E+00
     2.0890000E+03   9.4714729E+01   1.4734173E-02   9.4715004E+01   4.2064503E+05  -2.8802568E+01   0.0000000E+00   0.0000000E+00   0.0000000E+00
     2.0900000E+03   9.4715118E+01   1.5121433E-02   9.4715385E+01   4.3927159E+05  -2.7814775E+01   0.0000000E+00   0.0000000E+00   0.0000000E+00
     2.0910000E+03   9.4714607E+01   1.4607213E-02   9.4714897E+01   4.1459356E+05  -3.0191204E+01   0.0000000E+00   0.0000000E+00   0.0000000E+00
     2.0920000E+03   9.4715340E+01   1.5342497E-02   9.4715576E+01   4.4999422E+05  -2.4313490E+01   0.0000000E+00   0.0000000E+00   0.0000000E+00
     2.0930000E+03   9.4714897E+01   1.4898473E-02   9.4715157E+01   4.2853500E+05  -2.7498667E+01   0.0000000E+00   0.0000000E+00   0.0000000E+00
     2.0940000E+03   9.4715202E+01   1.5204130E-02   9.4715431E+01   4.4325181E+05  -2.3598539E+01   0.0000000E+00   0.0000000E+00   0.0000000E+00
     2.0950000E+03   9.4715454E+01   1.5456024E-02   9.4715668E+01   4.5555847E+05  -2.2699766E+01   0.0000000E+00   0.0000000E+00   0.0000000E+00
     2.0960000E+03   9.4715958E+01   1.5958071E-02   9.4716156E+01   4.8045731E+05  -2.0839918E+01   0.0000000E+00   0.0000000E+00   0.0000000E+00
     2.0970000E+03   9.4716042E+01   1.6043196E-02   9.4716248E+01   4.8476775E+05  -2.1657476E+01   0.0000000E+00   0.0000000E+00   0.0000000E+00
     2.0980000E+03   9.4716606E+01   1.6612040E-02   9.4716797E+01   5.1374422E+05  -1.9244904E+01   0.0000000E+00   0.0000000E+00   0.0000000E+00
     2.0990000E+03   9.4715309E+01   1.5308524E-02   9.4715553E+01   4.4838034E+05  -2.5962866E+01   0.0000000E+00   0.0000000E+00   0.0000000E+00
     2.1000000E+03   9.4714767E+01   1.4767845E-02   9.4714981E+01   4.2230053E+05  -2.2841717E+01   0.0000000E+00   0.0000000E+00   0.0000000E+00
     2.1010000E+03   9.4714302E+01   1.4303094E-02   9.4714508E+01   4.0038528E+05  -2.2012133E+01   0.0000000E+00   0.0000000E+00   0.0000000E+00
     2.1020000E+03   9.4714096E+01   1.4096431E-02   9.4714287E+01   3.9076284E+05  -2.0523829E+01   0.0000000E+00   0.0000000E+00   0.0000000E+00
     2.1030000E+03   9.4714928E+01   1.4933424E-02   9.4715088E+01   4.3019391E+05  -1.6047832E+01   0.0000000E+00   0.0000000E+00   0.0000000E+00
     2.1040000E+03   9.4713943E+01   1.3946020E-02   9.4714157E+01   3.8387141E+05  -2.2510191E+01   0.0000000E+00   0.0000000E+00   0.0000000E+00
     2.1050000E+03   9.4713417E+01   1.3418017E-02   9.4713615E+01   3.5987538E+05  -2.0515045E+01   0.0000000E+00   0.0000000E+00   0.0000000E+00
     2.1060000E+03   9.4714355E+01   1.4358522E-02   9.4714493E+01   4.0290200E+05  -1.4356630E+01   0.0000000E+00   0.0000000E+00   0.0000000E+00
     2.1070000E+03   9.4714294E+01   1.4297592E-02   9.4714462E+01   4.0006578E+05  -1.7652178E+01   0.0000000E+00   0.0000000E+00   0.0000000E+00
     2.1080000E+03   9.4714577E+01   1.4577211E-02   9.4714729E+01   4.1319494E+05  -1.6104750E+01   0.0000000E+00   0.0000000E+00   0.0000000E+00
     2.1090000E+03   9.4714127E+01   1.4127919E-02   9.4714302E+01   3.9222694E+05  -1.8516811E+01   0.0000000E+00   0.0000000E+00   0.0000000E+00
     2.1100000E+03   9.4712799E+01   1.2801404E-02   9.4713005E+01   3.3275825E+05  -2.1625278E+01   0.0000000E+00   0.0000000E+00   0.0000000E+00
     2.1110000E+03   9.4712814E+01   1.2819722E-02   9.4712975E+01   3.3358309E+05  -1.6280111E+01   0.0000000E+00   0.0000000E+00   0.0000000E+00
     2.1120000E+03   9.4712379E+01   1.2384367E-02   9.4712547E+01   3.1490484E+05  -1.7480927E+01   0.0000000E+00   0.0000000E+00   0.0000000E+00
     2.1130000E+03   9.4712738E+01   1.2740330E-02   9.4712875E+01   3.3017191E+05  -1.4269784E+01   0.0000000E+00   0.0000000E+00   0.0000000E+00
     2.1140000E+03   9.4712555E+01   1.2560957E-02   9.4712708E+01   3.2238412E+05  -1.5846487E+01   0.0000000E+00   0.0000000E+00   0.0000000E+00
     2.1150000E+03   9.4712021E+01   1.2026979E-02   9.4712189E+01   2.9989659E+05  -1.7263306E+01   0.0000000E+00   0.0000000E+00   0.0000000E+00
     2.1160000E+03   9.4711388E+01   1.1388357E-02   9.4711548E+01   2.7383447E+05  -1.7215836E+01   0.0000000E+00   0.0000000E+00   0.0000000E+00
     2.1170000E+03   9.4712349E+01   1.2350242E-02   9.4712448E+01   3.1345616E+05  -1.0759443E+01   0.0000000E+00   0.0000000E+00   0.0000000E+00
     2.1180000E+03   9.4712265E+01   1.2270219E-02   9.4712402E+01   3.1007247E+05  -1.4321541E+01   0.0000000E+00   0.0000000E+00   0.0000000E+00
     2.1190000E+03   9.4712090E+01   1.2092614E-02   9.4712227E+01   3.0266366E+05  -1.4604323E+01   0.0000000E+00   0.0000000E+00   0.0000000E+00
     2.1200000E+03   9.4712158E+01   1.2159229E-02   9.4712288E+01   3.0541116E+05  -1.3422350E+01   0.0000000E+00   0.0000000E+00   0.0000000E+00
     2.1210000E+03   9.4713074E+01   1.3077600E-02   9.4713173E+01   3.4485206E+05  -9.9093313E+00   0.0000000E+00   0.0000000E+00   0.0000000E+00
     2.1220000E+03   9.4711983E+01   1.1986453E-02   9.4712151E+01   2.9824272E+05  -1.7357956E+01   0.0000000E+00   0.0000000E+00   0.0000000E+00
     2.1230000E+03   9.4711212E+01   1.1213484E-02   9.4711365E+01   2.6684809E+05  -1.6194880E+01   0.0000000E+00   0.0000000E+00   0.0000000E+00
     2.1240000E+03   9.4711494E+01   1.1497275E-02   9.4711609E+01   2.7823191E+05  -1.1891715E+01   0.0000000E+00   0.0000000E+00   0.0000000E+00
     2.1250000E+03   9.4710991E+01   1.0997243E-02   9.4711136E+01   2.5835702E+05  -1.4520672E+01   0.0000000E+00   0.0000000E+00   0.0000000E+00
     2.1260000E+03   9.4709953E+01   9.9571710E-03   9.4710114E+01   2.1889195E+05  -1.6500914E+01   0.0000000E+00   0.0000000E+00   0.0000000E+00
     2.1270000E+03   9.4709175E+01   9.1793695E-03   9.4709328E+01   1.9114020E+05  -1.5392834E+01   0.0000000E+00   0.0000000E+00   0.0000000E+00
     2.1280000E+03   9.4709686E+01   9.6885758E-03   9.4709785E+01   2.0913869E+05  -1.0246993E+01   0.0000000E+00   0.0000000E+00   0.0000000E+00
     2.1290000E+03   9.4709518E+01   9.5244152E-03   9.4709641E+01   2.0330688E+05  -1.2548496E+01   0.0000000E+00   0.0000000E+00   0.0000000E+00
     2.1300000E+03   9.4709816E+01   9.8183611E-03   9.4709915E+01   2.1387077E+05  -1.0714464E+01   0.0000000E+00   0.0000000E+00   0.0000000E+00
     2.1310000E+03   9.4709969E+01   9.9685304E-03   9.4710068E+01   2.1934891E+05  -1.1022729E+01   0.0000000E+00   0.0000000E+00   0.0000000E+00
     2.1320000E+03   9.4709206E+01   9.2083458E-03   9.4709343E+01   1.9215172E+05  -1.4425247E+01   0.0000000E+00   0.0000000E+00   0.0000000E+00
     2.1330000E+03   9.4711739E+01   1.1739446E-02   9.4711754E+01   2.8803466E+05  -1.6639917E+00   0.0000000E+00   0.0000000E+00   0.0000000E+00
     2.1340000E+03   9.4710907E+01   1.0906700E-02   9.4711037E+01   2.5482223E+05  -1.4062478E+01   0.0000000E+00   0.0000000E+00   0.0000000E+00
     2.1350000E+03   9.4712074E+01   1.2074711E-02   9.4712135E+01   3.0190694E+05  -6.6902552E+00   0.0000000E+00   0.0000000E+00   0.0000000E+00
     2.1360000E+03   9.4711082E+01   1.1085778E-02   9.4711220E+01   2.6183317E+05  -1.4624017E+01   0.0000000E+00   0.0000000E+00   0.0000000E+00
     2.1370000E+03   9.4710815E+01   1.0816824E-02   9.4710930E+01   2.5130086E+05  -1.1981423E+01   0.0000000E+00   0.0000000E+00   0.0000000E+00
     2.1380000E+03   9.4710075E+01   1.0078460E-02   9.4710205E+01   2.2339414E+05  -1.3649174E+01   0.0000000E+00   0.0000000E+00   0.0000000E+00
     2.1390000E+03   9.4710976E+01   1.0977142E-02   9.4711044E+01   2.5757091E+05  -7.2510672E+00   0.0000000E+00   0.0000000E+00   0.0000000E+00
     2.1400000E+03   9.4711441E+01   1.1445184E-02   9.4711525E+01   2.7613325E+05  -8.5660534E+00   0.0000000E+00   0.0000000E+00   0.0000000E+00
     2.1410000E+03   9.4711281E+01   1.1285080E-02   9.4711388E+01   2.6969344E+05  -1.0871723E+01   0.0000000E+00   0.0000000E+00   0.0000000E+00
     2.1420000E+03   9.4710968E+01   1.0970308E-02   9.4711075E+01   2.5727402E+05  -1.1471447E+01   0.0000000E+00   0.0000000E+00   0.0000000E+00
     2.1430000E+03   9.4710350E+01   1.0353125E-02   9.4710472E+01   2.3360470E+05  -1.2558130E+01   0.0000000E+00   0.0000000E+00   0.0000000E+00
     2.1440000E+03   9.4710602E+01   1.0605307E-02   9.4710693E+01   2.4316508E+05  -9.1719322E+00   0.0000000E+00   0.0000000E+00   0.0000000E+00
     2.1450000E+03   9.4710793E+01   1.0797399E-02   9.4710884E+01   2.5058020E+05  -9.1974936E+00   0.0000000E+00   0.0000000E+00   0.0000000E+00
     2.1460000E+03   9.4710220E+01   1.0219747E-02   9.4710335E+01   2.2860650E+05  -1.2072613E+01   0.0000000E+00   0.0000000E+00   0.0000000E+00
     2.1470000E+03   9.4709549E+01   9.5548918E-03   9.4709671E+01   2.0439198E+05  -1.2434447E+01   0.0000000E+00   0.0000000E+00   0.0000000E+00
     2.1480000E+03   9.4709549E+01   9.5501589E-03   9.4709641E+01   2.0419489E+05  -9.7770166E+00   0.0000000E+00   0.0000000E+00   0.0000000E+00
     2.1490000E+03   9.4710037E+01   1.0037710E-02   9.4710106E+01   2.2186512E+05  -7.7148423E+00   0.0000000E+00   0.0000000E+00   0.0000000E+00
     2.1500000E+03   9.4711395E+01   1.1399123E-02   9.4711433E+01   2.7425572E+05  -4.1977291E+00   0.0000000E+00   0.0000000E+00   0.0000000E+00
     2.1510000E+03   9.4711044E+01   1.1050107E-02   9.4711151E+01   2.6043103E+05  -1.0592113E+01   0.0000000E+00   0.0000000E+00   0.0000000E+00
     2.1520000E+03   9.4710434E+01   1.0437533E-02   9.4710548E+01   2.3678898E+05  -1.1745481E+01   0.0000000E+00   0.0000000E+00   0.0000000E+00
     2.1530000E+03   9.4710251E+01   1.0255338E-02   9.4710350E+01   2.2993938E+05  -1.0074528E+01   0.0000000E+00   0.0000000E+00   0.0000000E+00
     2.1540000E+03   9.4709724E+01   9.7293882E-03   9.4709831E+01   2.1062180E+05  -1.1242177E+01   0.0000000E+00   0.0000000E+00   0.0000000E+00
     2.1550000E+03   9.4710510E+01   1.0510267E-02   9.4710564E+01   2.3957436E+05  -6.2258840E+00   0.0000000E+00   0.0000000E+00   0.0000000E+00
     2.1560000E+03   9.4710442E+01   1.0443909E-02   9.4710533E+01   2.3705922E+05  -9.2441339E+00   0.0000000E+00   0.0000000E+00   0.0000000E+00
     2.1570000E+03   9.4710220E+01   1.0223470E-02   9.4710312E+01   2.2874492E+05  -9.8300133E+00   0.0000000E+00   0.0000000E+00   0.0000000E+00
     2.1580000E+03   9.4709846E+01   9.8473281E-03   9.4709946E+01   2.1489159E+05  -1.0408957E+01   0.0000000E+00   0.0000000E+00   0.0000000E+00
     2.1590000E+03   9.4710274E+01   1.0274807E-02   9.4710342E+01   2.3069555E+05  -7.2842412E+00   0.0000000E+00   0.0000000E+00   0.0000000E+00
     2.1600000E+03   9.4710594E+01   1.0595394E-02   9.4710663E+01   2.4281656E+05  -7.5322623E+00   0.0000000E+00   0.0000000E+00   0.0000000E+00
     2.1610000E+03   9.4709831E+01   9.8337457E-03   9.4709946E+01   2.1439903E+05  -1.1623286E+01   0.0000000E+00   0.0000000E+00   0.0000000E+00
     2.1620000E+03   9.4709938E+01   9.9435505E-03   9.4710022E+01   2.1840483E+05  -8.3763409E+00   0.0000000E+00   0.0000000E+00   0.0000000E+00
     2.1630000E+03   9.4710068E+01   1.0068557E-02   9.4710144E+01   2.2300431E+05  -8.1156025E+00   0.0000000E+00   0.0000000E+00   0.0000000E+00
     2.1640000E+03   9.4709923E+01   9.9259373E-03   9.4710007E+01   2.1776500E+05  -9.0876894E+00   0.0000000E+00   0.0000000E+00   0.0000000E+00
     2.1650000E+03   9.4711098E+01   1.1100056E-02   9.4711136E+01   2.6236847E+05  -4.0016565E+00   0.0000000E+00   0.0000000E+00   0.0000000E+00
     2.1660000E+03   9.4711639E+01   1.1644169E-02   9.4711700E+01   2.8415616E+05  -6.1819758E+00   0.0000000E+00   0.0000000E+00   0.0000000E+00
     2.1670000E+03   9.4711426E+01   1.1430413E-02   9.4711517E+01   2.7551550E+05  -9.1728191E+00   0.0000000E+00   0.0000000E+00   0.0000000E+00
     2.1680000E+03   9.4711601E+01   1.1604365E-02   9.4711678E+01   2.8253934E+05  -7.7929769E+00   0.0000000E+00   0.0000000E+00   0.0000000E+00
     2.1690000E+03   9.4711716E+01   1.1718159E-02   9.4711792E+01   2.8717500E+05  -7.9556007E+00   0.0000000E+00   0.0000000E+00   0.0000000E+00
     2.1700000E+03   9.4711441E+01   1.1446887E-02   9.4711533E+01   2.7617412E+05  -9.3803816E+00   0.0000000E+00   0.0000000E+00   0.0000000E+00
     2.1710000E+03   9.4711624E+01   1.1625572E-02   9.4711693E+01   2.8339884E+05  -7.6772428E+00   0.0000000E+00   0.0000000E+00   0.0000000E+00
     2.1720000E+03   9.4710915E+01   1.0918929E-02   9.4711021E+01   2.5526973E+05  -1.0977078E+01   0.0000000E+00   0.0000000E+00   0.0000000E+00
     2.1730000E+03   9.4711082E+01   1.1084392E-02   9.4711159E+01   2.6177933E+05  -7.7171984E+00   0.0000000E+00   0.0000000E+00   0.0000000E+00
     2.1740000E+03   9.4710701E+01   1.0702098E-02   9.4710793E+01   2.4690581E+05  -9.6752491E+00   0.0000000E+00   0.0000000E+00   0.0000000E+00
     2.1750000E+03   9.4709564E+01   9.5653273E-03   9.4709686E+01   2.0473789E+05  -1.2559520E+01   0.0000000E+00   0.0000000E+00   0.0000000E+00
     2.1760000E+03   9.4710442E+01   1.0442167E-02   9.4710487E+01   2.3699691E+05  -4.9132061E+00   0.0000000E+00   0.0000000E+00   0.0000000E+00
     2.1770000E+03   9.4709351E+01   9.3512423E-03   9.4709465E+01   1.9715923E+05  -1.2159864E+01   0.0000000E+00   0.0000000E+00   0.0000000E+00
     2.1780000E+03   9.4710236E+01   1.0238208E-02   9.4710281E+01   2.2929758E+05  -4.7501769E+00   0.0000000E+00   0.0000000E+00   0.0000000E+00
     2.1790000E+03   9.4710686E+01   1.0689649E-02   9.4710747E+01   2.4640234E+05  -6.1068163E+00   0.0000000E+00   0.0000000E+00   0.0000000E+00
     2.1800000E+03   9.4712029E+01   1.2031656E-02   9.4712051E+01   3.0008941E+05  -2.6834004E+00   0.0000000E+00   0.0000000E+00   0.0000000E+00
     2.1810000E+03   9.4712265E+01   1.2270482E-02   9.4712334E+01   3.1008481E+05  -6.7974386E+00   0.0000000E+00   0.0000000E+00   0.0000000E+00
     2.1820000E+03   9.4711815E+01   1.1817768E-02   9.4711906E+01   2.9124978E+05  -9.5605440E+00   0.0000000E+00   0.0000000E+00   0.0000000E+00
     2.1830000E+03   9.4711311E+01   1.1315047E-02   9.4711411E+01   2.7092525E+05  -9.8637905E+00   0.0000000E+00   0.0000000E+00   0.0000000E+00
     2.1840000E+03   9.4710693E+01   1.0696051E-02   9.4710793E+01   2.4668006E+05  -1.0297597E+01   0.0000000E+00   0.0000000E+00   0.0000000E+00
     2.1850000E+03   9.4712227E+01   1.2231071E-02   9.4712914E+01   3.0842684E+05  -7.1513206E+01   0.0000000E+00   0.0000000E+00   0.0000000E+00
     2.1860000E+03   9.4755394E+01   5.5395283E-02   9.4755951E+01   3.8239415E+06  -5.8493172E+01   0.0000000E+00   0.0000000E+00   0.0000000E+00
     2.1870000E+03   9.4727768E+01   2.7772490E-02   9.4731308E+01   1.2098996E+06  -3.6864984E+02   0.0000000E+00   0.0000000E+00   0.0000000E+00
     2.1880000E+03   9.4717712E+01   1.7713079E-02   9.4720695E+01   5.7176106E+05  -3.1089658E+02   0.0000000E+00   0.0000000E+00   0.0000000E+00
     2.1890000E+03   9.4714638E+01   1.4640734E-02   9.4717178E+01   4.1619859E+05  -2.6457785E+02   0.0000000E+00   0.0000000E+00   0.0000000E+00
     2.1900000E+03   9.4714317E+01   1.4320900E-02   9.4716530E+01   4.0115941E+05  -2.3060841E+02   0.0000000E+00   0.0000000E+00   0.0000000E+00
     2.1910000E+03   9.4706230E+01   6.2327026E-03   9.4708527E+01   1.0027295E+05  -2.3915620E+02   0.0000000E+00   0.0000000E+00   0.0000000E+00
