date,ymd,m01,m02,m03,m04,m05,m06,m07,m08,m09,m10,v3,v4,v6
2006-11-03,20061103,255.56,259.43,210,243.99,NA,NA,NA,NA,NA,NA,NA,NA,NA
2006-11-04,20061104,255.57,259.46,251.81,243.81,NA,NA,NA,NA,NA,NA,NA,NA,NA
2006-11-05,20061105,255.6,259.54,251.58,243.58,NA,NA,NA,NA,NA,NA,NA,NA,NA
2006-11-06,20061106,255.63,259.63,251.36,243.36,NA,NA,NA,NA,NA,NA,NA,NA,NA
2006-11-07,20061107,255.63,259.68,251.12,243.12,NA,NA,NA,NA,NA,NA,NA,NA,NA
2006-11-08,20061108,255.63,259.72,250.84,242.84,NA,NA,NA,NA,NA,NA,NA,NA,NA
2006-11-09,20061109,255.78,256.13,250.73,242.73,NA,NA,NA,NA,NA,NA,NA,NA,NA
2006-11-10,20061110,255.86,253.96,250.58,242.58,NA,NA,NA,NA,NA,NA,NA,NA,NA
2006-11-11,20061111,255.86,253.96,250.34,242.34,NA,NA,NA,NA,NA,NA,NA,NA,NA
2006-11-12,20061112,255.9,253.97,250.13,242.13,NA,NA,NA,NA,NA,NA,NA,NA,NA
2006-11-13,20061113,255.91,253.96,249.92,241.92,NA,NA,NA,NA,NA,NA,NA,NA,NA
2006-11-14,20061114,255.99,254.01,249.88,241.88,NA,NA,NA,NA,NA,NA,NA,NA,NA
2006-11-15,20061115,256.07,254.05,249.71,241.71,NA,NA,NA,NA,NA,NA,NA,NA,NA
2006-11-16,20061116,256.19,254.14,249.46,241.46,NA,NA,NA,NA,NA,NA,NA,NA,NA
2006-11-17,20061117,256.28,254.26,249.22,241.22,NA,NA,NA,NA,NA,NA,NA,NA,NA
2006-11-18,20061118,256.32,254.36,249.02,241.02,NA,NA,NA,NA,NA,NA,NA,NA,NA
2006-11-19,20061119,256.35,254.43,248.83,240.83,NA,NA,NA,NA,NA,NA,NA,NA,NA
2006-11-20,20061120,256.39,254.45,248.62,240.62,NA,NA,NA,NA,NA,NA,NA,NA,NA
2006-11-21,20061121,256.43,254.44,248.44,240.44,NA,NA,NA,NA,NA,NA,NA,NA,NA
2006-11-22,20061122,256.47,254.41,248.3,240.3,NA,NA,NA,NA,NA,NA,NA,NA,NA
2006-11-23,20061123,256.56,254.42,248.17,240.17,NA,NA,NA,NA,NA,NA,NA,NA,NA
2006-11-24,20061124,256.63,254.43,248,240,NA,NA,NA,NA,NA,NA,NA,NA,NA
2006-11-25,20061125,256.68,254.43,247.81,239.81,NA,NA,NA,NA,NA,NA,NA,NA,NA
2006-11-26,20061126,256.75,254.45,247.64,239.64,NA,NA,NA,NA,NA,NA,NA,NA,NA
2006-11-27,20061127,256.82,254.47,247.5,239.5,NA,NA,NA,NA,NA,NA,NA,NA,NA
2006-11-28,20061128,256.87,254.46,247.42,239.42,NA,NA,NA,NA,NA,NA,NA,NA,NA
2006-11-29,20061129,256.98,254.55,247.38,239.38,NA,NA,NA,NA,NA,NA,NA,NA,NA
2006-11-30,20061130,257.49,254.65,247.2,239.2,NA,NA,NA,NA,NA,NA,NA,NA,NA
2006-12-01,20061201,257.42,254.82,246.96,238.96,NA,NA,NA,NA,NA,NA,NA,NA,NA
2006-12-02,20061202,257.27,254.93,246.79,238.79,NA,NA,NA,NA,NA,NA,NA,NA,NA
2006-12-03,20061203,257.24,254.93,246.66,238.66,NA,NA,NA,NA,NA,NA,NA,NA,NA
2006-12-04,20061204,257.23,254.88,246.52,238.53,NA,NA,NA,NA,NA,NA,NA,NA,NA
2006-12-05,20061205,257.23,254.82,246.4,238.4,NA,NA,NA,NA,NA,NA,NA,NA,NA
2006-12-06,20061206,257.28,254.8,246.36,238.36,NA,NA,NA,NA,NA,NA,NA,NA,NA
2006-12-07,20061207,257.29,254.77,246.28,238.28,NA,NA,NA,NA,NA,NA,NA,NA,NA
2006-12-08,20061208,257.32,254.76,246.17,238.17,NA,NA,NA,NA,NA,NA,NA,NA,NA
2006-12-09,20061209,257.37,254.79,246.14,238.14,NA,NA,NA,NA,NA,NA,NA,NA,NA
2006-12-10,20061210,257.47,254.86,246.19,238.19,NA,NA,NA,NA,NA,NA,NA,NA,NA
2006-12-11,20061211,257.6,255.08,246.14,238.14,NA,NA,NA,NA,NA,NA,NA,NA,NA
2006-12-12,20061212,257.71,255.34,246.35,238.35,NA,NA,NA,NA,NA,NA,NA,NA,NA
2006-12-13,20061213,257.99,255.72,246.39,238.39,NA,NA,NA,NA,NA,NA,NA,NA,NA
2006-12-14,20061214,259.35,256.18,246.3,238.3,NA,NA,NA,NA,NA,NA,NA,NA,NA
2006-12-15,20061215,260.41,257.05,246.17,238.17,NA,NA,NA,NA,NA,NA,NA,NA,NA
2006-12-16,20061216,260.86,257.96,246.05,238.05,NA,NA,NA,NA,NA,NA,NA,NA,NA
2006-12-17,20061217,261.13,258.59,246.05,238.05,NA,NA,NA,NA,NA,NA,NA,NA,NA
2006-12-18,20061218,261.28,258.96,246.05,238.05,NA,NA,NA,NA,NA,NA,NA,NA,NA
2006-12-19,20061219,261.37,259.23,246.12,238.12,NA,NA,NA,NA,NA,NA,NA,NA,NA
2006-12-20,20061220,261.44,259.44,246.27,238.27,NA,NA,NA,NA,NA,NA,NA,NA,NA
2006-12-21,20061221,261.46,259.59,246.36,238.36,NA,NA,NA,NA,NA,NA,NA,NA,NA
2006-12-22,20061222,261.46,259.72,246.38,238.38,NA,NA,NA,NA,NA,NA,NA,NA,NA
2006-12-23,20061223,261.51,259.86,246.46,238.46,NA,NA,NA,NA,NA,NA,NA,NA,NA
2006-12-24,20061224,261.72,259.99,246.6,238.6,NA,NA,NA,NA,NA,NA,NA,NA,NA
2006-12-25,20061225,261.96,260.16,246.65,238.65,NA,NA,NA,NA,NA,NA,NA,NA,NA
2006-12-26,20061226,262.11,260.35,246.64,238.64,NA,NA,NA,NA,NA,NA,NA,NA,NA
2006-12-27,20061227,263.73,261.51,248.62,240.62,NA,NA,NA,NA,NA,NA,NA,NA,NA
2006-12-28,20061228,265.21,263.85,252.1,244.09,NA,NA,NA,NA,NA,NA,NA,NA,NA
2006-12-29,20061229,265.29,264.62,252.76,244.76,NA,NA,NA,NA,NA,NA,NA,NA,NA
2006-12-30,20061230,265.3,264.79,252.9,244.9,NA,NA,NA,NA,NA,NA,NA,NA,NA
2006-12-31,20061231,265.31,264.78,252.36,244.36,NA,NA,NA,NA,NA,NA,NA,NA,NA
2007-01-01,20070101,265.19,264.5,251.4,243.4,NA,NA,NA,NA,NA,NA,NA,NA,NA
2007-01-02,20070102,264.75,264.19,250.72,242.72,NA,NA,NA,NA,NA,NA,NA,NA,NA
2007-01-03,20070103,264.24,263.87,250.32,242.33,NA,NA,NA,NA,NA,NA,NA,NA,NA
2007-01-04,20070104,263.95,263.53,250.11,242.11,NA,NA,NA,NA,NA,NA,NA,NA,NA
2007-01-05,20070105,265.02,263.92,250.97,242.98,NA,NA,NA,NA,NA,NA,NA,NA,NA
2007-01-06,20070106,265.46,264.63,252.57,244.57,NA,NA,NA,NA,NA,NA,NA,NA,NA
2007-01-07,20070107,265.58,264.91,252.9,244.9,NA,NA,NA,NA,NA,NA,NA,NA,NA
2007-01-08,20070108,265.47,264.86,252.28,244.29,NA,NA,NA,NA,NA,NA,NA,NA,NA
2007-01-09,20070109,265.09,264.55,251.67,243.67,NA,NA,NA,NA,NA,NA,NA,NA,NA
2007-01-10,20070110,264.67,264.21,251.3,243.3,NA,NA,NA,NA,NA,NA,NA,NA,NA
2007-01-11,20070111,264.35,263.91,251.12,243.12,NA,NA,NA,NA,NA,NA,NA,NA,NA
2007-01-12,20070112,264.13,263.66,251.05,243.05,NA,NA,NA,NA,NA,NA,NA,NA,NA
2007-01-13,20070113,263.87,263.4,251.04,243.04,NA,NA,NA,NA,NA,NA,NA,NA,NA
2007-01-14,20070114,263.63,263.16,251.15,243.15,NA,NA,NA,NA,NA,NA,NA,NA,NA
2007-01-15,20070115,263.42,262.93,251.27,243.27,NA,NA,NA,NA,NA,NA,NA,NA,NA
2007-01-16,20070116,263.19,262.68,251.33,243.33,NA,NA,NA,NA,NA,NA,NA,NA,NA
2007-01-17,20070117,263,262.45,251.4,243.4,NA,NA,NA,NA,NA,NA,NA,NA,NA
2007-01-18,20070118,262.88,262.27,251.49,243.49,NA,NA,NA,NA,NA,NA,NA,NA,NA
2007-01-19,20070119,262.75,262.11,251.55,243.55,NA,NA,NA,NA,NA,NA,NA,NA,NA
2007-01-20,20070120,262.64,261.97,251.64,243.64,NA,NA,NA,NA,NA,NA,NA,NA,NA
2007-01-21,20070121,262.6,261.84,251.77,243.77,NA,NA,NA,NA,NA,NA,NA,NA,NA
2007-01-22,20070122,262.48,261.76,251.94,243.94,NA,NA,NA,NA,NA,NA,NA,NA,NA
2007-01-23,20070123,262.33,261.67,252.09,244.09,NA,NA,NA,NA,NA,NA,NA,NA,NA
2007-01-24,20070124,262.2,261.54,252.2,244.2,NA,NA,NA,NA,NA,NA,NA,NA,NA
2007-01-25,20070125,262.11,261.46,252.3,244.3,NA,NA,NA,NA,NA,NA,NA,NA,NA
2007-01-26,20070126,261.96,261.34,252.31,244.31,NA,NA,NA,NA,NA,NA,NA,NA,NA
2007-01-27,20070127,261.84,261.22,252.32,244.32,NA,NA,NA,NA,NA,NA,NA,NA,NA
2007-01-28,20070128,261.76,261.14,252.41,244.41,NA,NA,NA,NA,NA,NA,NA,NA,NA
2007-01-29,20070129,261.69,261.06,252.51,244.51,NA,NA,NA,NA,NA,NA,NA,NA,NA
2007-01-30,20070130,261.61,260.96,252.52,244.52,NA,NA,NA,NA,NA,NA,NA,NA,NA
2007-01-31,20070131,261.57,260.92,252.58,244.58,NA,NA,NA,NA,NA,NA,NA,NA,NA
2007-02-01,20070201,261.53,260.86,252.62,244.62,NA,NA,NA,NA,NA,NA,NA,NA,NA
2007-02-02,20070202,261.44,260.77,252.62,244.62,NA,NA,NA,NA,NA,NA,NA,NA,NA
2007-02-03,20070203,261.41,260.73,252.72,244.72,NA,NA,NA,NA,NA,NA,NA,NA,NA
2007-02-04,20070204,261.37,260.69,252.87,244.87,NA,NA,NA,NA,NA,NA,NA,NA,NA
2007-02-05,20070205,261.3,260.62,252.97,244.97,NA,NA,NA,NA,NA,NA,NA,NA,NA
2007-02-06,20070206,261.26,260.58,253.04,245.04,NA,NA,NA,NA,NA,NA,NA,NA,NA
2007-02-07,20070207,261.18,260.5,253.04,245.04,NA,NA,NA,NA,NA,NA,NA,NA,NA
2007-02-08,20070208,261.12,260.44,253.03,245.03,NA,NA,NA,NA,NA,NA,NA,NA,NA
2007-02-09,20070209,261.08,260.37,253.02,245.02,NA,NA,NA,NA,NA,NA,NA,NA,NA
2007-02-10,20070210,261.22,260.4,253.17,245.18,NA,NA,NA,NA,NA,NA,NA,NA,NA
2007-02-11,20070211,264.64,263.01,255.12,247.11,NA,NA,NA,NA,NA,NA,NA,NA,NA
2007-02-12,20070212,265.88,265.2,255.72,247.72,NA,NA,NA,NA,NA,NA,NA,NA,NA
2007-02-13,20070213,266.35,265.97,255.94,247.94,NA,NA,NA,NA,NA,NA,NA,NA,NA
2007-02-14,20070214,266.46,266.25,255.95,247.95,NA,NA,NA,NA,NA,NA,NA,NA,NA
2007-02-15,20070215,266.53,266.34,255.97,247.97,NA,NA,NA,NA,NA,NA,NA,NA,NA
2007-02-16,20070216,266.56,266.4,255.98,247.98,NA,NA,NA,NA,NA,NA,NA,NA,NA
2007-02-17,20070217,266.56,266.41,255.97,247.97,NA,NA,NA,NA,NA,NA,NA,NA,NA
2007-02-18,20070218,266.65,266.44,255.9,247.9,NA,NA,NA,NA,NA,NA,NA,NA,NA
2007-02-19,20070219,266.56,266.23,255.49,247.49,NA,NA,NA,NA,NA,NA,NA,NA,NA
2007-02-20,20070220,266.3,265.64,255.17,247.17,NA,NA,NA,NA,NA,NA,NA,NA,NA
2007-02-21,20070221,265.71,265.07,254.93,246.93,NA,NA,NA,NA,NA,NA,NA,NA,NA
2007-02-22,20070222,266.05,265.07,255.12,247.12,NA,NA,NA,NA,NA,NA,NA,NA,NA
2007-02-23,20070223,266.61,265.85,255.86,247.86,NA,NA,NA,NA,NA,NA,NA,NA,NA
2007-02-24,20070224,266.66,266.11,256.04,248.04,NA,NA,NA,NA,NA,NA,NA,NA,NA
2007-02-25,20070225,267.25,266.78,256.57,248.57,NA,NA,NA,NA,NA,NA,NA,NA,NA
2007-02-26,20070226,268.14,267.85,257.26,249.26,NA,NA,NA,NA,NA,NA,NA,NA,NA
2007-02-27,20070227,268.62,268.33,257.52,249.52,NA,NA,NA,NA,NA,NA,NA,NA,NA
2007-02-28,20070228,268.34,268,257.07,249.07,NA,NA,NA,NA,NA,NA,NA,NA,NA
2007-03-01,20070301,268.21,267.85,256.87,248.87,NA,NA,NA,NA,NA,NA,NA,NA,NA
2007-03-02,20070302,268.09,267.7,256.71,248.71,NA,NA,NA,NA,NA,NA,NA,NA,NA
2007-03-03,20070303,268.02,267.59,256.66,248.66,NA,NA,NA,NA,NA,NA,NA,NA,NA
2007-03-04,20070304,268.03,267.58,256.68,248.68,NA,NA,NA,NA,NA,NA,NA,NA,NA
2007-03-05,20070305,268.04,267.58,256.65,248.65,NA,NA,NA,NA,NA,NA,NA,NA,NA
2007-03-06,20070306,267.98,267.53,256.61,248.61,NA,NA,NA,NA,NA,NA,NA,NA,NA
2007-03-07,20070307,267.98,267.44,256.56,248.56,NA,NA,NA,NA,NA,NA,NA,NA,NA
2007-03-08,20070308,267.87,267.15,256.38,248.38,NA,NA,NA,NA,NA,NA,NA,NA,NA
2007-03-09,20070309,267.53,266.82,256.05,248.05,NA,NA,NA,NA,NA,NA,NA,NA,NA
2007-03-10,20070310,267.34,266.52,255.56,247.56,NA,NA,NA,NA,NA,NA,NA,NA,NA
2007-03-11,20070311,267.04,266.06,255.26,247.26,NA,NA,NA,NA,NA,NA,NA,NA,NA
2007-03-12,20070312,266.6,265.57,255.05,247.05,NA,NA,NA,NA,NA,NA,NA,NA,NA
2007-03-13,20070313,266.2,265.2,254.87,246.87,NA,NA,NA,NA,NA,NA,NA,NA,NA
2007-03-14,20070314,265.87,264.92,254.75,246.75,NA,NA,NA,NA,NA,NA,NA,NA,NA
2007-03-15,20070315,265.57,264.66,254.63,246.63,NA,NA,NA,NA,NA,NA,NA,NA,NA
2007-03-16,20070316,265.29,264.43,254.4,246.41,NA,NA,NA,NA,NA,NA,NA,NA,NA
2007-03-17,20070317,265.09,264.23,254.36,246.36,NA,NA,NA,NA,NA,NA,NA,NA,NA
2007-03-18,20070318,264.9,264.06,254.42,246.42,NA,NA,NA,NA,NA,NA,NA,NA,NA
2007-03-19,20070319,264.71,263.88,254.44,246.44,NA,NA,NA,NA,NA,NA,NA,NA,NA
2007-03-20,20070320,264.56,263.72,254.42,246.42,NA,NA,NA,NA,NA,NA,NA,NA,NA
2007-03-21,20070321,264.4,263.57,254.39,246.39,NA,NA,NA,NA,NA,NA,NA,NA,NA
2007-03-22,20070322,264.21,263.41,254.36,246.36,NA,NA,NA,NA,NA,NA,NA,NA,NA
2007-03-23,20070323,264.02,263.24,254.34,246.34,NA,NA,NA,NA,NA,NA,NA,NA,NA
2007-03-24,20070324,263.83,263.05,254.34,246.34,NA,NA,NA,NA,NA,NA,NA,NA,NA
2007-03-25,20070325,263.68,262.9,254.41,246.41,NA,NA,NA,NA,NA,NA,NA,NA,NA
2007-03-26,20070326,263.63,262.74,254.43,246.43,NA,NA,NA,NA,NA,NA,NA,NA,NA
2007-03-27,20070327,264.12,262.78,254.42,246.42,NA,NA,NA,NA,NA,NA,NA,NA,NA
2007-03-28,20070328,264.02,262.91,254.39,246.39,NA,NA,NA,NA,NA,NA,NA,NA,NA
2007-03-29,20070329,263.82,262.89,254.35,246.35,NA,NA,NA,NA,NA,NA,NA,NA,NA
2007-03-30,20070330,263.63,262.8,254.32,246.32,NA,NA,NA,NA,NA,NA,NA,NA,NA
2007-03-31,20070331,263.45,262.65,254.33,246.33,NA,NA,NA,NA,NA,NA,NA,NA,NA
2007-04-01,20070401,263.3,262.5,254.39,246.39,NA,NA,NA,NA,NA,NA,NA,NA,NA
2007-04-02,20070402,263.16,262.36,254.4,246.4,NA,NA,NA,NA,NA,NA,NA,NA,NA
2007-04-03,20070403,263,262.21,254.36,246.36,NA,NA,NA,NA,NA,NA,NA,NA,NA
2007-04-04,20070404,262.84,262.08,254.32,246.32,NA,NA,NA,NA,NA,NA,NA,NA,NA
2007-04-05,20070405,262.7,261.96,254.29,246.29,NA,NA,NA,NA,NA,NA,NA,NA,NA
2007-04-06,20070406,262.55,261.84,254.28,246.28,NA,NA,NA,NA,NA,NA,NA,NA,NA
2007-04-07,20070407,262.43,261.72,254.31,246.31,NA,NA,NA,NA,NA,NA,NA,NA,NA
2007-04-08,20070408,262.33,261.6,254.37,246.37,NA,NA,NA,NA,NA,NA,NA,NA,NA
2007-04-09,20070409,262.22,261.49,254.36,246.36,NA,NA,NA,NA,NA,NA,NA,NA,NA
2007-04-10,20070410,262.13,261.39,254.32,246.32,NA,NA,NA,NA,NA,NA,NA,NA,NA
2007-04-11,20070411,262.04,261.3,254.28,246.28,NA,NA,NA,NA,NA,NA,NA,NA,NA
2007-04-12,20070412,261.97,261.22,254.25,246.25,NA,NA,NA,NA,NA,NA,NA,NA,NA
2007-04-13,20070413,261.9,261.13,254.19,246.19,NA,NA,NA,NA,NA,NA,NA,NA,NA
2007-04-14,20070414,261.84,261.06,254.12,246.11,NA,NA,NA,NA,NA,NA,NA,NA,NA
2007-04-15,20070415,261.81,261,253.87,245.87,NA,NA,NA,NA,NA,NA,NA,NA,NA
2007-04-16,20070416,261.82,260.97,253.61,245.61,NA,NA,NA,NA,NA,NA,NA,NA,NA
2007-04-17,20070417,261.83,260.93,253.5,245.5,NA,NA,NA,NA,NA,NA,NA,NA,NA
2007-04-18,20070418,261.82,260.92,253.45,245.45,NA,NA,NA,NA,NA,NA,NA,NA,NA
2007-04-19,20070419,261.8,260.93,253.45,245.45,NA,NA,NA,NA,NA,NA,NA,NA,NA
2007-04-20,20070420,261.73,260.88,253.45,245.45,NA,NA,NA,NA,NA,NA,NA,NA,NA
2007-04-21,20070421,261.71,260.84,253.54,245.54,NA,NA,NA,NA,NA,NA,NA,NA,NA
2007-04-22,20070422,261.68,260.81,253.64,245.64,NA,NA,NA,NA,NA,NA,NA,NA,NA
2007-04-23,20070423,261.7,260.79,253.73,245.73,NA,NA,NA,NA,NA,NA,NA,NA,NA
2007-04-24,20070424,261.68,260.8,253.77,245.77,NA,NA,NA,NA,NA,NA,NA,NA,NA
2007-04-25,20070425,261.65,260.78,253.81,245.81,NA,NA,NA,NA,NA,NA,NA,NA,NA
2007-04-26,20070426,261.58,260.72,253.78,245.78,NA,NA,NA,NA,NA,NA,NA,NA,NA
2007-04-27,20070427,261.52,260.68,253.76,245.77,NA,NA,NA,NA,NA,NA,NA,NA,NA
2007-04-28,20070428,261.46,260.62,253.78,245.79,NA,NA,NA,NA,NA,NA,NA,NA,NA
2007-04-29,20070429,261.39,260.56,253.86,245.86,NA,NA,NA,NA,NA,NA,NA,NA,NA
2007-04-30,20070430,261.32,260.5,253.9,245.9,NA,NA,NA,NA,NA,NA,NA,NA,NA
2007-05-01,20070501,261.23,260.41,253.88,245.88,NA,NA,NA,NA,NA,NA,NA,NA,NA
2007-05-02,20070502,261.16,260.34,253.9,245.9,NA,NA,NA,NA,NA,NA,NA,NA,NA
2007-05-03,20070503,261.1,260.27,253.91,245.91,NA,NA,NA,NA,NA,NA,NA,NA,NA
2007-05-04,20070504,261,260.17,253.88,245.88,NA,NA,NA,NA,NA,NA,NA,NA,NA
2007-05-05,20070505,260.91,260.07,253.9,245.9,NA,NA,NA,NA,NA,NA,NA,NA,NA
2007-05-06,20070506,260.83,259.98,253.95,245.95,NA,NA,NA,NA,NA,NA,NA,NA,NA
2007-05-07,20070507,260.75,259.88,253.99,245.99,NA,NA,NA,NA,NA,NA,NA,NA,NA
2007-05-08,20070508,260.67,259.78,253.95,245.95,NA,NA,NA,NA,NA,NA,NA,NA,NA
2007-05-09,20070509,260.59,259.69,253.76,245.76,NA,NA,NA,NA,NA,NA,NA,NA,NA
2007-05-10,20070510,260.53,259.61,253.66,245.66,NA,NA,NA,NA,NA,NA,NA,NA,NA
2007-05-11,20070511,260.41,259.49,253.56,245.56,NA,NA,NA,NA,NA,NA,NA,NA,NA
2007-05-12,20070512,260.34,259.4,253.57,245.57,NA,NA,NA,NA,NA,NA,NA,NA,NA
2007-05-13,20070513,260.24,259.3,253.64,245.65,NA,NA,NA,NA,NA,NA,NA,NA,NA
2007-05-14,20070514,260.14,259.19,253.69,245.69,NA,NA,NA,NA,NA,NA,NA,NA,NA
2007-05-15,20070515,260.06,259.11,253.69,245.69,NA,NA,NA,NA,NA,NA,NA,NA,NA
2007-05-16,20070516,259.95,259,253.64,245.64,NA,NA,NA,NA,NA,NA,NA,NA,NA
2007-05-17,20070517,259.85,258.89,253.59,245.59,NA,NA,NA,NA,NA,NA,NA,NA,NA
2007-05-18,20070518,259.76,258.78,253.54,245.54,NA,NA,NA,NA,NA,NA,NA,NA,NA
2007-05-19,20070519,259.66,258.67,253.52,245.53,NA,NA,NA,NA,NA,NA,NA,NA,NA
2007-05-20,20070520,259.55,258.55,253.58,245.58,NA,NA,NA,NA,NA,NA,NA,NA,NA
2007-05-21,20070521,259.47,258.44,253.63,245.63,NA,NA,NA,NA,NA,NA,NA,NA,NA
2007-05-22,20070522,259.38,258.31,253.54,245.53,NA,NA,NA,NA,NA,NA,NA,NA,NA
2007-05-23,20070523,259.3,258.2,253.28,245.27,NA,NA,NA,NA,NA,NA,NA,NA,NA
2007-05-24,20070524,259.21,258.07,252.95,244.95,NA,NA,NA,NA,NA,NA,NA,NA,NA
2007-05-25,20070525,259.17,257.97,252.61,244.61,NA,NA,NA,NA,NA,NA,NA,NA,NA
2007-05-26,20070526,259.07,257.84,252.25,244.25,NA,NA,NA,NA,NA,NA,NA,NA,NA
2007-05-27,20070527,259,257.72,251.91,243.91,NA,NA,NA,NA,NA,NA,NA,NA,NA
2007-05-28,20070528,258.9,257.6,251.58,243.58,NA,NA,NA,NA,NA,NA,NA,NA,NA
2007-05-29,20070529,258.81,257.47,251.23,243.23,NA,NA,NA,NA,NA,NA,NA,NA,NA
2007-05-30,20070530,258.74,257.37,250.88,242.88,NA,NA,NA,NA,NA,NA,NA,NA,NA
2007-05-31,20070531,258.67,257.26,250.59,242.59,NA,NA,NA,NA,NA,NA,NA,NA,NA
2007-06-01,20070601,258.58,257.12,250.46,242.46,NA,NA,NA,NA,NA,NA,NA,NA,NA
2007-06-02,20070602,258.51,256.98,250.48,242.48,NA,NA,NA,NA,NA,NA,NA,NA,NA
2007-06-03,20070603,258.44,256.83,250.6,242.6,NA,NA,NA,NA,NA,NA,NA,NA,NA
2007-06-04,20070604,258.37,256.67,250.72,242.72,NA,NA,NA,NA,NA,NA,NA,NA,NA
2007-06-05,20070605,258.34,256.53,250.8,242.8,NA,NA,NA,NA,NA,NA,NA,NA,NA
2007-06-06,20070606,258.28,256.41,250.86,242.86,NA,NA,NA,NA,NA,NA,NA,NA,NA
2007-06-07,20070607,258.19,256.27,250.93,242.93,NA,NA,NA,NA,NA,NA,NA,NA,NA
2007-06-08,20070608,258.12,256.14,250.99,242.99,NA,NA,NA,NA,NA,NA,NA,NA,NA
2007-06-09,20070609,258.06,256,251.07,243.07,NA,NA,NA,NA,NA,NA,NA,NA,NA
2007-06-10,20070610,258.02,255.88,251.24,243.24,NA,NA,NA,NA,NA,NA,NA,NA,NA
2007-06-11,20070611,257.95,255.73,251.38,243.38,NA,NA,NA,NA,NA,NA,NA,NA,NA
2007-06-12,20070612,257.89,255.59,251.45,243.45,NA,NA,NA,NA,NA,NA,NA,NA,NA
2007-06-13,20070613,257.84,255.47,251.5,243.5,NA,NA,NA,NA,NA,NA,NA,NA,NA
2007-06-14,20070614,258.17,255.39,251.54,243.54,NA,NA,NA,NA,NA,NA,NA,NA,NA
2007-06-15,20070615,257.85,255.39,251.56,243.56,NA,NA,NA,NA,NA,NA,NA,NA,NA
2007-06-16,20070616,257.72,255.28,251.64,243.64,NA,NA,NA,NA,NA,NA,NA,NA,NA
2007-06-17,20070617,257.62,255.11,251.78,243.78,NA,NA,NA,NA,NA,NA,NA,NA,NA
2007-06-18,20070618,257.53,254.92,251.88,243.88,NA,NA,NA,NA,NA,NA,NA,NA,NA
2007-06-19,20070619,257.48,254.73,251.94,243.94,NA,NA,NA,NA,NA,NA,NA,NA,NA
2007-06-20,20070620,257.41,254.53,251.96,243.96,NA,NA,NA,NA,NA,NA,NA,NA,NA
2007-06-21,20070621,257.33,254.34,251.98,243.98,NA,NA,NA,NA,NA,NA,NA,NA,NA
2007-06-22,20070622,257.26,254.16,252,244,NA,NA,NA,NA,NA,NA,NA,NA,NA
2007-06-23,20070623,257.17,254,252.04,244.04,NA,NA,NA,NA,NA,NA,NA,NA,NA
2007-06-24,20070624,257.09,253.87,252.15,244.15,NA,NA,NA,NA,NA,NA,NA,NA,NA
2007-06-25,20070625,257,253.76,252.23,244.23,NA,NA,NA,NA,NA,NA,NA,NA,NA
2007-06-26,20070626,256.91,253.65,252.24,244.24,NA,NA,NA,NA,NA,NA,NA,NA,NA
2007-06-27,20070627,256.83,253.59,252.25,244.25,NA,NA,NA,NA,NA,NA,NA,NA,NA
2007-06-28,20070628,256.76,253.53,252.25,244.25,NA,NA,NA,NA,NA,NA,NA,NA,NA
2007-06-29,20070629,256.7,253.48,252.26,244.26,NA,NA,NA,NA,NA,NA,NA,NA,NA
2007-06-30,20070630,256.64,253.43,252.3,244.3,NA,NA,NA,NA,NA,NA,NA,NA,NA
2007-07-01,20070701,256.58,253.4,252.4,244.4,NA,NA,NA,NA,NA,NA,NA,NA,NA
2007-07-02,20070702,256.52,253.35,252.47,244.47,NA,NA,NA,NA,NA,NA,NA,NA,NA
2007-07-03,20070703,256.45,253.32,252.46,244.46,NA,NA,NA,NA,NA,NA,NA,NA,NA
2007-07-04,20070704,256.4,253.3,252.49,244.49,NA,NA,NA,NA,NA,NA,NA,NA,NA
2007-07-05,20070705,256.32,253.25,252.5,244.5,NA,NA,NA,NA,NA,NA,NA,NA,NA
2007-07-06,20070706,256.25,253.22,252.44,244.44,NA,NA,NA,NA,NA,NA,NA,NA,NA
2007-07-07,20070707,256.24,253.2,252.23,244.23,NA,NA,NA,NA,NA,NA,NA,NA,NA
2007-07-08,20070708,256.27,253.15,251.92,243.92,NA,NA,NA,NA,NA,NA,NA,NA,NA
2007-07-09,20070709,256.14,253.13,251.63,243.63,NA,NA,NA,NA,NA,NA,NA,NA,NA
2007-07-10,20070710,256.05,253.11,251.38,243.38,NA,NA,NA,NA,NA,NA,NA,NA,NA
2007-07-11,20070711,255.98,253.09,251.08,243.08,NA,NA,NA,NA,NA,NA,NA,NA,NA
2007-07-12,20070712,255.92,253.04,250.74,242.74,NA,NA,NA,NA,NA,NA,NA,NA,NA
2007-07-13,20070713,255.87,253.01,250.48,242.48,NA,NA,NA,NA,NA,NA,NA,NA,NA
2007-07-14,20070714,255.81,252.98,250.22,242.22,NA,NA,NA,NA,NA,NA,NA,NA,NA
2007-07-15,20070715,255.77,252.95,249.96,241.96,NA,NA,NA,NA,NA,NA,NA,NA,NA
2007-07-16,20070716,255.73,252.92,249.73,241.73,NA,NA,NA,NA,NA,NA,NA,NA,NA
2007-07-17,20070717,255.68,252.89,249.5,241.5,NA,NA,NA,NA,NA,NA,NA,NA,NA
2007-07-18,20070718,255.65,252.88,249.3,241.29,NA,NA,NA,NA,NA,NA,NA,NA,NA
2007-07-19,20070719,255.61,252.87,249.03,241.03,NA,NA,NA,NA,NA,NA,NA,NA,NA
2007-07-20,20070720,255.57,252.86,248.73,240.73,NA,NA,NA,NA,NA,NA,NA,NA,NA
2007-07-21,20070721,255.54,252.85,248.44,240.44,NA,NA,NA,NA,NA,NA,NA,NA,NA
2007-07-22,20070722,255.49,252.82,248.19,240.19,NA,NA,NA,NA,NA,NA,NA,NA,NA
2007-07-23,20070723,255.44,252.79,247.99,239.99,NA,NA,NA,NA,NA,NA,NA,NA,NA
2007-07-24,20070724,255.42,252.79,247.86,239.86,NA,NA,NA,NA,NA,NA,NA,NA,NA
2007-07-25,20070725,255.54,252.78,247.68,239.68,NA,NA,NA,NA,NA,NA,NA,NA,NA
2007-07-26,20070726,255.47,252.75,247.48,239.48,NA,NA,NA,NA,NA,NA,NA,NA,NA
2007-07-27,20070727,255.36,252.73,247.29,239.29,NA,NA,NA,NA,NA,NA,NA,NA,NA
2007-07-28,20070728,255.29,252.7,247.11,239.11,NA,NA,NA,NA,NA,NA,NA,NA,NA
2007-07-29,20070729,255.24,252.67,246.92,238.92,NA,NA,NA,NA,NA,NA,NA,NA,NA
2007-07-30,20070730,255.19,252.64,246.74,238.74,NA,NA,NA,NA,NA,NA,NA,NA,NA
2007-07-31,20070731,255.16,252.58,246.61,238.61,NA,NA,NA,NA,NA,NA,NA,NA,NA
2007-08-01,20070801,255.12,252.52,246.47,238.47,NA,NA,NA,NA,NA,NA,NA,NA,NA
2007-08-02,20070802,255.1,252.49,246.31,238.31,NA,NA,NA,NA,NA,NA,NA,NA,NA
2007-08-03,20070803,255.07,252.43,246.14,238.14,NA,NA,NA,NA,NA,NA,NA,NA,NA
2007-08-04,20070804,255.03,252.34,246,238,NA,NA,NA,NA,NA,NA,NA,NA,NA
2007-08-05,20070805,255.01,252.28,245.87,237.87,NA,NA,NA,NA,NA,NA,NA,NA,NA
2007-08-06,20070806,254.99,252.21,245.76,237.76,NA,NA,NA,NA,NA,NA,NA,NA,NA
2007-08-07,20070807,254.95,252.14,245.65,237.65,NA,NA,NA,NA,NA,NA,NA,NA,NA
2007-08-08,20070808,254.92,252.08,245.54,237.54,NA,NA,NA,NA,NA,NA,NA,NA,NA
2007-08-09,20070809,254.91,252.03,245.46,237.46,NA,NA,NA,NA,NA,NA,NA,NA,NA
2007-08-10,20070810,254.88,251.97,245.38,237.38,NA,NA,NA,NA,NA,NA,NA,NA,NA
2007-08-11,20070811,255.03,251.9,245.28,237.28,NA,NA,NA,NA,NA,NA,NA,NA,NA
2007-08-12,20070812,255.69,251.86,245.22,237.22,NA,NA,NA,NA,NA,NA,NA,NA,NA
2007-08-13,20070813,255.2,251.83,245.17,237.17,NA,NA,NA,NA,NA,NA,NA,NA,NA
2007-08-14,20070814,254.92,251.79,245.1,237.1,NA,NA,NA,NA,NA,NA,NA,NA,NA
2007-08-15,20070815,254.82,251.76,245.04,237.04,NA,NA,NA,NA,NA,NA,NA,NA,NA
2007-08-16,20070816,254.78,251.73,245.01,237.01,NA,NA,NA,NA,NA,NA,NA,NA,NA
2007-08-17,20070817,254.74,251.7,244.97,236.97,NA,NA,NA,NA,NA,NA,NA,NA,NA
2007-08-18,20070818,254.7,251.66,244.92,236.92,NA,NA,NA,NA,NA,NA,NA,NA,NA
2007-08-19,20070819,254.67,251.62,244.88,236.88,NA,NA,NA,NA,NA,NA,NA,NA,NA
2007-08-20,20070820,254.65,251.59,244.86,236.86,NA,NA,NA,NA,NA,NA,NA,NA,NA
2007-08-21,20070821,254.63,251.57,244.85,236.85,NA,NA,NA,NA,NA,NA,NA,NA,NA
2007-08-22,20070822,254.59,251.54,244.81,236.81,NA,NA,NA,NA,NA,NA,NA,NA,NA
2007-08-23,20070823,254.57,251.53,244.79,236.79,NA,NA,NA,NA,NA,NA,NA,NA,NA
2007-08-24,20070824,254.55,251.5,244.78,236.78,NA,NA,NA,NA,NA,NA,NA,NA,NA
2007-08-25,20070825,254.52,251.45,244.76,236.76,NA,NA,NA,NA,NA,NA,NA,NA,NA
2007-08-26,20070826,254.5,251.41,244.74,236.74,NA,NA,NA,NA,NA,NA,NA,NA,NA
2007-08-27,20070827,254.48,251.34,244.73,236.73,NA,NA,NA,NA,NA,NA,NA,NA,NA
2007-08-28,20070828,254.45,251.21,244.72,236.72,NA,NA,NA,NA,NA,NA,NA,NA,NA
2007-08-29,20070829,254.42,251.11,244.7,236.7,NA,NA,NA,NA,NA,NA,NA,NA,NA
2007-08-30,20070830,254.41,251.06,244.7,236.7,NA,NA,NA,NA,NA,NA,NA,NA,NA
2007-08-31,20070831,254.38,251.01,244.7,236.7,NA,NA,NA,NA,NA,NA,NA,NA,NA
2007-09-01,20070901,254.36,250.96,244.69,236.69,NA,NA,NA,NA,NA,NA,NA,NA,NA
2007-09-02,20070902,254.34,250.92,244.68,236.68,NA,NA,NA,NA,NA,NA,NA,NA,NA
2007-09-03,20070903,254.31,250.89,244.68,236.68,NA,NA,NA,NA,NA,NA,NA,NA,NA
2007-09-04,20070904,254.31,250.88,244.7,236.7,NA,NA,NA,NA,NA,NA,NA,NA,NA
2007-09-05,20070905,254.26,250.78,244.66,236.66,NA,NA,NA,NA,NA,NA,NA,NA,NA
2007-09-06,20070906,254.23,250.67,244.66,236.66,NA,NA,NA,NA,NA,NA,NA,NA,NA
2007-09-07,20070907,254.23,250.63,244.67,236.67,NA,NA,NA,NA,NA,NA,NA,NA,NA
2007-09-08,20070908,254.18,250.54,244.64,236.64,NA,NA,NA,NA,NA,NA,NA,NA,NA
2007-09-09,20070909,254.15,250.48,244.64,236.64,NA,NA,NA,NA,NA,NA,NA,NA,NA
2007-09-10,20070910,254.12,250.4,244.62,236.62,NA,NA,NA,NA,NA,NA,NA,NA,NA
2007-09-11,20070911,254.11,250.34,244.62,236.62,NA,NA,NA,NA,NA,NA,NA,NA,NA
2007-09-12,20070912,254.08,250.27,244.61,236.61,NA,NA,NA,NA,NA,NA,NA,NA,NA
2007-09-13,20070913,254.07,250.18,244.61,236.61,NA,NA,NA,NA,NA,NA,NA,NA,NA
2007-09-14,20070914,254.06,250.06,244.6,236.6,NA,NA,NA,NA,NA,NA,NA,NA,NA
2007-09-15,20070915,254.04,249.93,244.6,236.6,NA,NA,NA,NA,NA,NA,NA,NA,NA
2007-09-16,20070916,254.02,249.82,244.59,236.59,NA,NA,NA,NA,NA,NA,NA,NA,NA
2007-09-17,20070917,253.99,249.7,244.58,236.58,NA,NA,NA,NA,NA,NA,NA,NA,NA
2007-09-18,20070918,253.99,249.6,244.59,236.59,NA,NA,NA,NA,NA,NA,NA,NA,NA
2007-09-19,20070919,253.96,249.49,244.58,236.58,NA,NA,NA,NA,NA,NA,NA,NA,NA
2007-09-20,20070920,253.95,249.4,244.58,236.58,NA,NA,NA,NA,NA,NA,NA,NA,NA
2007-09-21,20070921,253.93,249.3,244.57,236.57,NA,NA,NA,NA,NA,NA,NA,NA,NA
2007-09-22,20070922,253.91,249.24,244.56,236.56,NA,NA,NA,NA,NA,NA,NA,NA,NA
2007-09-23,20070923,253.9,249.18,244.56,236.57,NA,NA,NA,NA,NA,NA,NA,NA,NA
2007-09-24,20070924,253.87,249.1,244.54,236.54,NA,NA,NA,NA,NA,NA,NA,NA,NA
2007-09-25,20070925,253.85,249.02,244.54,236.54,NA,NA,NA,NA,NA,NA,NA,NA,NA
2007-09-26,20070926,253.83,248.96,244.53,236.53,NA,NA,NA,NA,NA,NA,NA,NA,NA
2007-09-27,20070927,253.8,248.9,244.51,236.51,NA,NA,NA,NA,NA,NA,NA,NA,NA
2007-09-28,20070928,253.8,248.88,244.52,236.52,NA,NA,NA,NA,NA,NA,NA,NA,NA
2007-09-29,20070929,253.81,248.83,244.54,236.54,NA,NA,NA,NA,NA,NA,NA,NA,NA
2007-09-30,20070930,253.77,248.75,244.51,236.51,NA,NA,NA,NA,NA,NA,NA,NA,NA
2007-10-01,20071001,253.76,248.72,244.51,236.51,NA,NA,NA,NA,NA,NA,NA,NA,NA
2007-10-02,20071002,253.74,248.67,244.49,236.49,NA,NA,NA,NA,NA,NA,NA,NA,NA
2007-10-03,20071003,253.71,248.66,244.47,236.47,NA,NA,NA,NA,NA,NA,NA,NA,NA
2007-10-04,20071004,253.72,248.73,244.49,236.49,NA,NA,NA,NA,NA,NA,NA,NA,NA
2007-10-05,20071005,253.71,248.83,244.5,236.5,NA,NA,NA,NA,NA,NA,NA,NA,NA
2007-10-06,20071006,253.7,248.92,244.5,236.5,NA,NA,NA,NA,NA,NA,NA,NA,NA
2007-10-07,20071007,253.69,248.93,244.48,236.48,NA,NA,NA,NA,NA,NA,NA,NA,NA
2007-10-08,20071008,253.69,248.88,244.33,236.33,NA,NA,NA,NA,NA,NA,NA,NA,NA
2007-10-09,20071009,253.68,248.84,244.47,236.47,NA,NA,NA,NA,NA,NA,NA,NA,NA
2007-10-10,20071010,253.69,248.89,244.5,236.5,NA,NA,NA,NA,NA,NA,NA,NA,NA
2007-10-11,20071011,253.69,248.93,244.51,236.51,NA,NA,NA,NA,NA,NA,NA,NA,NA
2007-10-12,20071012,253.69,248.93,244.51,236.51,NA,NA,NA,NA,NA,NA,NA,NA,NA
2007-10-13,20071013,253.69,248.93,244.51,236.51,NA,NA,NA,NA,NA,NA,NA,NA,NA
2007-10-14,20071014,253.69,248.93,244.51,236.51,NA,NA,NA,NA,NA,NA,NA,NA,NA
2007-10-15,20071015,253.69,248.93,244.51,236.51,NA,NA,NA,NA,NA,NA,NA,NA,NA
2007-10-16,20071016,253.69,248.93,244.51,236.51,NA,NA,NA,NA,NA,NA,NA,NA,NA
2007-10-17,20071017,253.69,248.93,244.51,236.51,NA,NA,NA,NA,NA,NA,NA,NA,NA
2007-10-18,20071018,253.69,248.93,244.51,236.51,NA,NA,NA,NA,NA,NA,NA,NA,NA
2007-10-19,20071019,253.69,248.93,244.51,236.51,NA,NA,NA,NA,NA,NA,NA,NA,NA
2007-10-20,20071020,253.69,248.93,244.51,236.51,NA,NA,NA,NA,NA,NA,NA,NA,NA
2007-10-21,20071021,253.69,248.93,244.51,236.51,NA,NA,NA,NA,NA,NA,NA,NA,NA
2007-10-22,20071022,253.69,248.93,244.51,236.51,NA,NA,NA,NA,NA,NA,NA,NA,NA
2007-10-23,20071023,253.69,248.93,244.51,236.51,NA,NA,NA,NA,NA,NA,NA,NA,NA
2007-10-24,20071024,253.69,248.93,244.51,236.51,NA,NA,NA,NA,NA,NA,NA,NA,NA
2007-10-25,20071025,253.69,248.93,244.51,236.51,NA,NA,NA,NA,NA,NA,NA,NA,NA
2007-10-26,20071026,253.69,248.93,244.51,236.51,NA,NA,NA,NA,NA,NA,NA,NA,NA
2007-10-27,20071027,253.69,248.93,244.51,236.51,NA,NA,NA,NA,NA,NA,NA,NA,NA
2007-10-28,20071028,253.69,248.93,244.51,236.51,NA,NA,NA,NA,NA,NA,NA,NA,NA
2007-10-29,20071029,253.69,248.93,244.51,236.51,NA,NA,NA,NA,NA,NA,NA,NA,NA
2007-10-30,20071030,253.69,248.93,244.51,236.51,NA,NA,NA,NA,NA,NA,NA,NA,NA
2007-10-31,20071031,253.69,248.93,244.51,236.51,NA,NA,NA,NA,NA,NA,NA,NA,NA
2007-11-01,20071101,253.69,248.93,244.51,236.51,NA,NA,NA,NA,NA,NA,NA,NA,NA
2007-11-02,20071102,253.69,248.93,244.51,236.51,NA,NA,NA,NA,NA,NA,NA,NA,NA
2007-11-03,20071103,253.69,248.93,244.51,236.51,NA,NA,NA,NA,NA,NA,NA,NA,NA
2007-11-04,20071104,253.69,248.93,244.51,236.51,NA,NA,NA,NA,NA,NA,NA,NA,NA
2007-11-05,20071105,253.69,248.93,244.51,236.51,NA,NA,NA,NA,NA,NA,NA,NA,NA
2007-11-06,20071106,253.69,248.93,244.51,236.51,NA,NA,NA,NA,NA,NA,NA,NA,NA
2007-11-07,20071107,253.69,248.93,244.51,236.51,NA,NA,NA,NA,NA,NA,NA,NA,NA
2007-11-08,20071108,253.69,248.93,244.51,236.51,NA,NA,NA,NA,NA,NA,NA,NA,NA
2007-11-09,20071109,253.69,248.93,244.51,236.51,NA,NA,NA,NA,NA,NA,NA,NA,NA
2007-11-10,20071110,253.69,248.93,244.51,236.51,NA,NA,NA,NA,NA,NA,NA,NA,NA
2007-11-11,20071111,253.69,248.93,244.51,236.51,NA,NA,NA,NA,NA,NA,NA,NA,NA
2007-11-12,20071112,253.69,248.93,244.51,236.51,NA,NA,NA,NA,NA,NA,NA,NA,NA
2007-11-13,20071113,253.69,248.93,244.51,236.51,NA,NA,NA,NA,NA,NA,NA,NA,NA
2007-11-14,20071114,253.69,248.93,244.51,236.51,NA,NA,NA,NA,NA,NA,NA,NA,NA
2007-11-15,20071115,253.69,248.93,244.51,236.51,NA,NA,NA,NA,NA,NA,NA,NA,NA
2007-11-16,20071116,253.69,248.93,244.51,236.51,NA,NA,NA,NA,NA,NA,NA,NA,NA
2007-11-17,20071117,253.69,248.93,244.51,236.51,NA,NA,NA,NA,NA,NA,NA,NA,NA
2007-11-18,20071118,253.69,248.93,244.51,236.51,NA,NA,NA,NA,NA,NA,NA,NA,NA
2007-11-19,20071119,253.69,248.93,244.51,236.51,NA,NA,NA,NA,NA,NA,NA,NA,NA
2007-11-20,20071120,253.69,248.93,244.51,236.51,NA,NA,NA,NA,NA,NA,NA,NA,NA
2007-11-21,20071121,253.69,248.93,244.51,236.51,NA,NA,NA,NA,NA,NA,NA,NA,NA
2007-11-22,20071122,253.69,248.93,244.51,236.51,NA,NA,NA,NA,NA,NA,NA,NA,NA
2007-11-23,20071123,253.69,248.93,244.51,236.51,NA,NA,NA,NA,NA,NA,NA,NA,NA
2007-11-24,20071124,253.69,248.93,244.51,236.51,NA,NA,NA,NA,NA,NA,NA,NA,NA
2007-11-25,20071125,253.69,248.93,244.51,236.51,NA,NA,NA,NA,NA,NA,NA,NA,NA
2007-11-26,20071126,253.69,248.93,244.51,236.51,NA,NA,NA,NA,NA,NA,NA,NA,NA
2007-11-27,20071127,253.69,248.93,244.51,236.51,NA,NA,NA,NA,NA,NA,NA,NA,NA
2007-11-28,20071128,253.69,248.93,244.51,236.51,NA,NA,NA,NA,NA,NA,NA,NA,NA
2007-11-29,20071129,253.69,248.93,244.51,236.51,NA,NA,NA,NA,NA,NA,NA,NA,NA
2007-11-30,20071130,253.69,248.93,244.51,236.51,NA,NA,NA,NA,NA,NA,NA,NA,NA
2007-12-01,20071201,253.69,248.93,244.51,236.51,NA,NA,NA,NA,NA,NA,NA,NA,NA
2007-12-02,20071202,253.69,248.93,244.51,236.51,NA,NA,NA,NA,NA,NA,NA,NA,NA
2007-12-03,20071203,253.69,248.93,244.51,236.51,NA,NA,NA,NA,NA,NA,NA,NA,NA
2007-12-04,20071204,253.69,248.93,244.51,236.51,NA,NA,NA,NA,NA,NA,NA,NA,NA
2007-12-05,20071205,253.69,248.93,244.51,236.51,NA,NA,NA,NA,NA,NA,NA,NA,NA
2007-12-06,20071206,253.73,248.97,243.21,235.21,NA,NA,NA,NA,NA,NA,NA,NA,NA
2007-12-07,20071207,254.1,249.44,244.51,236.51,NA,NA,NA,NA,NA,NA,NA,NA,NA
2007-12-08,20071208,254.55,250.02,244.51,236.51,NA,NA,NA,NA,NA,NA,NA,NA,NA
2007-12-09,20071209,255,250.6,244.51,236.51,NA,NA,NA,NA,NA,NA,NA,NA,NA
2007-12-10,20071210,255.45,251.18,244.51,236.51,NA,NA,NA,NA,NA,NA,NA,NA,NA
2007-12-11,20071211,255.8,251.6,242.08,236.52,223.98,NA,NA,NA,NA,NA,NA,NA,NA
2007-12-12,20071212,255.8,251.29,241.19,236.5,223.99,NA,NA,NA,NA,NA,NA,NA,NA
2007-12-13,20071213,255.78,251,241.17,236.48,224,NA,NA,NA,NA,NA,NA,NA,NA
2007-12-14,20071214,255.75,250.75,241.14,236.45,224,NA,NA,NA,NA,NA,NA,NA,NA
2007-12-15,20071215,255.73,250.55,241.11,236.43,224,NA,NA,NA,NA,NA,NA,NA,NA
2007-12-16,20071216,255.72,250.39,241.1,236.42,224.06,NA,NA,NA,NA,NA,NA,NA,NA
2007-12-17,20071217,255.72,250.21,241.08,236.4,224.18,NA,NA,NA,NA,NA,NA,NA,NA
2007-12-18,20071218,255.73,250.06,241.07,236.42,225.22,NA,NA,NA,NA,NA,NA,NA,NA
2007-12-19,20071219,255.74,249.85,241.09,236.48,228.46,NA,NA,NA,NA,NA,NA,NA,NA
2007-12-20,20071220,255.12,249.83,241.1,236.52,227.62,NA,NA,NA,NA,NA,NA,NA,NA
2007-12-21,20071221,255.79,250.13,241.11,236.57,227.92,NA,NA,NA,NA,NA,NA,NA,NA
2007-12-22,20071222,255.79,250.53,241.09,236.56,228.83,NA,NA,NA,NA,NA,NA,NA,NA
2007-12-23,20071223,255.8,250.76,241.07,236.53,229.74,NA,NA,NA,NA,NA,NA,NA,NA
2007-12-24,20071224,255.8,250.99,241.04,236.51,230.42,NA,NA,NA,NA,NA,NA,NA,NA
2007-12-25,20071225,255.82,251.26,241.02,236.48,230.88,NA,NA,NA,NA,NA,NA,NA,NA
2007-12-26,20071226,255.84,251.49,241,236.46,231.18,NA,NA,NA,NA,NA,NA,NA,NA
2007-12-27,20071227,255.88,251.67,240.99,236.45,231.36,NA,NA,NA,NA,NA,NA,NA,NA
2007-12-28,20071228,255.93,251.8,240.97,236.43,231.47,NA,NA,NA,NA,NA,NA,NA,NA
2007-12-29,20071229,255.98,251.92,240.94,236.41,231.54,NA,NA,NA,NA,NA,NA,NA,NA
2007-12-30,20071230,256.05,252.04,240.93,236.4,231.59,NA,NA,NA,NA,NA,NA,NA,NA
2007-12-31,20071231,256.13,252.1,240.93,236.4,231.62,NA,NA,NA,NA,NA,NA,NA,NA
2008-01-01,20080101,256.2,NA,NA,236.4,231.62,NA,NA,NA,NA,NA,NA,NA,NA
2008-01-02,20080102,256.26,NA,NA,236.39,231.59,NA,NA,NA,NA,NA,NA,NA,NA
2008-01-03,20080103,256.31,NA,NA,236.4,231.5,NA,NA,NA,NA,NA,NA,NA,NA
2008-01-04,20080104,258.28,NA,244.38,238.29,232.48,NA,NA,NA,NA,NA,NA,NA,NA
2008-01-05,20080105,263.17,NA,NA,243.3,234.52,NA,NA,NA,NA,NA,NA,NA,NA
2008-01-06,20080106,264.12,NA,NA,244.38,234.45,NA,NA,NA,NA,NA,NA,NA,NA
2008-01-07,20080107,263.69,NA,NA,244.16,233.49,NA,NA,NA,NA,NA,NA,NA,NA
2008-01-08,20080108,262.41,NA,NA,243.01,232.46,NA,NA,NA,NA,NA,NA,NA,NA
2008-01-09,20080109,261.5,NA,NA,241.87,231.74,NA,NA,NA,NA,NA,NA,NA,NA
2008-01-10,20080110,260.9,NA,NA,241.01,231.24,NA,NA,NA,NA,NA,NA,NA,NA
2008-01-11,20080111,260.47,NA,NA,240.38,230.92,NA,NA,NA,NA,NA,NA,NA,NA
2008-01-12,20080112,260.19,NA,NA,239.91,230.75,NA,NA,NA,NA,NA,NA,NA,NA
2008-01-13,20080113,260.02,252.09,NA,239.51,230.65,NA,NA,NA,NA,NA,NA,NA,NA
2008-01-14,20080114,259.93,NA,NA,239.18,230.47,NA,NA,NA,NA,NA,NA,NA,NA
2008-01-15,20080115,259.89,NA,NA,238.89,230.36,NA,NA,NA,NA,NA,NA,NA,NA
2008-01-16,20080116,259.88,NA,NA,238.65,230.3,NA,NA,NA,NA,NA,NA,NA,NA
2008-01-17,20080117,259.88,NA,NA,238.46,230.33,NA,NA,NA,NA,NA,NA,NA,NA
2008-01-18,20080118,259.88,NA,NA,238.29,230.4,NA,NA,NA,NA,NA,NA,NA,NA
2008-01-19,20080119,259.88,NA,NA,238.13,230.41,NA,NA,NA,NA,NA,NA,NA,NA
2008-01-20,20080120,259.88,NA,NA,238.01,230.38,NA,NA,NA,NA,NA,NA,NA,NA
2008-01-21,20080121,259.88,NA,NA,237.91,230.33,NA,NA,NA,NA,NA,NA,NA,NA
2008-01-22,20080122,259.91,NA,NA,237.92,230.44,NA,NA,NA,NA,NA,NA,NA,NA
2008-01-23,20080123,260.08,NA,NA,237.99,230.57,NA,NA,NA,NA,NA,NA,NA,NA
2008-01-24,20080124,260.3,NA,NA,238.01,230.68,NA,NA,NA,NA,NA,NA,NA,NA
2008-01-25,20080125,260.8,NA,NA,238.15,230.83,NA,NA,NA,NA,NA,NA,NA,NA
2008-01-26,20080126,263.72,NA,NA,241.9,232.02,NA,NA,NA,NA,NA,NA,NA,NA
2008-01-27,20080127,264.85,NA,NA,243.13,232.5,NA,NA,NA,NA,NA,NA,NA,NA
2008-01-28,20080128,265.92,NA,NA,245.08,234.31,NA,NA,NA,NA,NA,NA,NA,NA
2008-01-29,20080129,266.01,NA,NA,245.4,234.71,NA,NA,NA,NA,NA,NA,NA,NA
2008-01-30,20080130,266.08,NA,NA,245.52,234.77,NA,NA,NA,NA,NA,NA,NA,NA
2008-01-31,20080131,266.2,NA,NA,245.55,234.63,NA,NA,NA,NA,NA,NA,NA,NA
2008-02-01,20080201,266.6,NA,NA,245.86,235.12,NA,NA,NA,NA,NA,NA,NA,NA
2008-02-02,20080202,266.59,NA,NA,245.84,235.14,NA,NA,NA,NA,NA,NA,NA,NA
2008-02-03,20080203,267.05,NA,NA,246.25,236.14,NA,NA,NA,NA,NA,NA,NA,NA
2008-02-04,20080204,266.91,NA,NA,246.06,236.16,NA,NA,NA,NA,NA,NA,NA,NA
2008-02-05,20080205,266.96,NA,NA,246.11,236.17,NA,NA,NA,NA,NA,NA,NA,NA
2008-02-06,20080206,267.33,NA,NA,246.61,236.9,NA,NA,NA,NA,NA,NA,NA,NA
2008-02-07,20080207,267.44,NA,NA,246.72,237.19,NA,NA,NA,NA,NA,NA,NA,NA
2008-02-08,20080208,267.5,NA,NA,246.72,237.32,NA,NA,NA,NA,NA,NA,NA,NA
2008-02-09,20080209,267.52,NA,NA,246.72,237.4,NA,NA,NA,NA,NA,NA,NA,NA
2008-02-10,20080210,267.49,NA,NA,246.74,237.49,NA,NA,NA,NA,NA,NA,NA,NA
2008-02-11,20080211,267.47,NA,NA,246.74,237.51,NA,NA,NA,NA,NA,NA,NA,NA
2008-02-12,20080212,267.45,NA,NA,246.7,237.43,NA,NA,NA,NA,NA,NA,NA,NA
2008-02-13,20080213,267.39,NA,NA,246.64,237.29,NA,NA,NA,NA,NA,NA,NA,NA
2008-02-14,20080214,267.24,NA,NA,246.51,237.08,NA,NA,NA,NA,NA,NA,NA,NA
2008-02-15,20080215,267.09,NA,NA,246.37,236.93,NA,NA,NA,NA,NA,NA,NA,NA
2008-02-16,20080216,266.97,NA,NA,246.26,236.89,NA,NA,NA,NA,NA,NA,NA,NA
2008-02-17,20080217,266.87,NA,NA,246.16,236.99,NA,NA,NA,NA,NA,NA,NA,NA
2008-02-18,20080218,266.76,NA,NA,246.07,237.16,NA,NA,NA,NA,NA,NA,NA,NA
2008-02-19,20080219,266.72,NA,NA,246,237.28,NA,NA,NA,NA,NA,NA,NA,NA
2008-02-20,20080220,266.99,NA,NA,246.27,237.63,NA,NA,NA,NA,NA,NA,NA,NA
2008-02-21,20080221,266.99,NA,NA,246.45,237.8,NA,NA,NA,NA,NA,NA,NA,NA
2008-02-22,20080222,267.08,NA,NA,246.61,238.01,NA,NA,NA,NA,NA,NA,NA,NA
2008-02-23,20080223,267.21,NA,NA,246.84,238.18,NA,NA,NA,NA,NA,NA,NA,NA
2008-02-24,20080224,268.97,NA,NA,248.6,240.8,NA,NA,NA,NA,NA,NA,NA,NA
2008-02-25,20080225,269.15,NA,NA,248.8,240.71,NA,NA,NA,NA,NA,NA,NA,NA
2008-02-26,20080226,268.89,NA,NA,248.24,240.03,NA,NA,NA,NA,NA,NA,NA,NA
2008-02-27,20080227,268.76,NA,NA,247.92,239.66,NA,NA,NA,NA,NA,NA,NA,NA
2008-02-28,20080228,268.64,NA,NA,247.74,239.37,NA,NA,NA,NA,NA,NA,NA,NA
2008-02-29,20080229,268.53,NA,NA,247.64,239.1,NA,NA,223.74,222.07,NA,NA,NA,NA
2008-03-01,20080301,268.43,NA,NA,247.65,238.97,NA,NA,223.61,221.98,NA,NA,NA,NA
2008-03-02,20080302,268.3,NA,NA,247.64,238.83,NA,NA,223.52,221.9,NA,NA,NA,NA
2008-03-03,20080303,268.2,NA,NA,247.62,238.68,NA,NA,223.43,221.82,NA,NA,NA,NA
2008-03-04,20080304,268.13,NA,NA,247.63,238.58,NA,NA,223.37,221.76,NA,NA,NA,NA
2008-03-05,20080305,268.05,NA,NA,247.63,238.5,NA,NA,223.31,221.71,NA,NA,NA,NA
2008-03-06,20080306,267.94,NA,NA,247.61,238.4,NA,NA,223.23,221.78,NA,NA,NA,NA
2008-03-07,20080307,267.87,NA,NA,247.6,238.32,NA,NA,223.14,221.77,NA,NA,NA,NA
2008-03-08,20080308,267.85,NA,NA,247.63,238.29,NA,NA,223.09,221.73,NA,NA,NA,NA
2008-03-09,20080309,267.79,NA,NA,247.67,238.28,NA,NA,223.05,221.7,NA,NA,NA,NA
2008-03-10,20080310,267.72,NA,NA,247.66,238.23,NA,NA,223.01,221.66,NA,NA,NA,NA
2008-03-11,20080311,267.64,NA,NA,247.63,238.16,NA,NA,222.97,221.63,NA,NA,NA,NA
2008-03-12,20080312,267.56,NA,NA,247.57,238.09,NA,NA,222.89,221.59,NA,NA,NA,NA
2008-03-13,20080313,267.54,NA,NA,247.56,238.04,NA,NA,222.86,221.55,NA,NA,NA,NA
2008-03-14,20080314,267.53,NA,NA,247.56,238,NA,NA,222.87,221.58,NA,NA,NA,NA
2008-03-15,20080315,267.57,NA,NA,247.48,237.89,NA,NA,222.88,221.59,NA,NA,NA,NA
2008-03-16,20080316,267.5,NA,NA,247.31,237.68,NA,NA,222.9,221.59,NA,NA,NA,NA
2008-03-17,20080317,267.34,NA,NA,246.99,237.21,NA,NA,222.9,221.57,NA,NA,NA,NA
2008-03-18,20080318,267.18,NA,NA,246.48,236.77,NA,NA,222.89,221.56,NA,NA,NA,NA
2008-03-19,20080319,267.04,NA,NA,245.84,236.62,NA,NA,222.81,221.5,NA,NA,NA,NA
2008-03-20,20080320,266.92,NA,NA,245.34,236.57,NA,NA,222.75,221.45,NA,NA,NA,NA
2008-03-21,20080321,266.75,NA,NA,244.93,236.56,NA,NA,222.77,221.49,NA,NA,NA,NA
2008-03-22,20080322,266.48,NA,NA,244.66,236.54,NA,NA,222.8,221.54,NA,NA,NA,NA
2008-03-23,20080323,266.08,NA,NA,244.53,236.54,NA,NA,222.8,221.55,NA,NA,NA,NA
2008-03-24,20080324,265.71,NA,NA,244.43,236.49,NA,NA,222.79,221.54,NA,NA,NA,NA
2008-03-25,20080325,265.38,NA,NA,244.32,236.43,NA,NA,222.79,221.55,NA,NA,NA,NA
2008-03-26,20080326,265.09,NA,NA,244.23,236.36,NA,NA,222.78,221.55,NA,NA,NA,NA
2008-03-27,20080327,264.85,NA,NA,244.16,236.3,NA,NA,222.79,221.55,NA,NA,NA,NA
2008-03-28,20080328,264.69,NA,NA,244.09,236.24,NA,NA,222.78,221.55,NA,NA,NA,NA
2008-03-29,20080329,264.58,NA,NA,244.07,236.19,NA,NA,222.77,221.54,NA,NA,NA,NA
2008-03-30,20080330,264.48,NA,NA,244.09,236.17,NA,NA,222.76,221.54,NA,NA,NA,NA
2008-03-31,20080331,264.31,NA,NA,244.11,236.14,NA,NA,222.76,221.54,NA,NA,NA,NA
2008-04-01,20080401,264.16,NA,NA,244.07,236.08,NA,NA,222.74,221.49,NA,NA,NA,NA
2008-04-02,20080402,264,NA,NA,244.05,236.04,NA,NA,222.72,221.46,NA,NA,NA,NA
2008-04-03,20080403,263.84,NA,NA,244.13,236.07,NA,NA,222.72,221.48,NA,NA,NA,NA
2008-04-04,20080404,263.66,NA,NA,244.25,236.1,NA,NA,222.71,221.53,NA,NA,NA,NA
2008-04-05,20080405,263.48,NA,NA,244.42,236.17,NA,NA,222.7,221.5,NA,NA,NA,NA
2008-04-06,20080406,263.31,NA,NA,244.65,236.26,NA,NA,222.7,221.51,NA,NA,NA,NA
2008-04-07,20080407,263.18,NA,NA,244.84,236.33,NA,NA,222.63,221.45,NA,NA,NA,NA
2008-04-08,20080408,263.08,NA,NA,244.97,236.36,NA,NA,222.57,221.34,NA,NA,NA,NA
2008-04-09,20080409,262.93,NA,NA,245.08,236.46,NA,NA,222.62,221.29,NA,NA,NA,NA
2008-04-10,20080410,263.19,NA,NA,245.25,236.67,NA,NA,222.63,221.3,NA,NA,NA,NA
2008-04-11,20080411,263.87,NA,NA,245.4,236.91,NA,NA,222.58,221.25,NA,NA,NA,NA
2008-04-12,20080412,263.56,NA,NA,245.42,237.12,NA,NA,222.53,221.23,NA,NA,NA,NA
2008-04-13,20080413,263.17,NA,NA,245.1,237.17,NA,NA,222.54,221.28,NA,NA,NA,NA
2008-04-14,20080414,262.85,NA,NA,244.84,237.23,NA,NA,222.56,221.31,NA,NA,NA,NA
2008-04-15,20080415,262.56,NA,NA,244.87,237.19,NA,NA,222.64,221.37,NA,NA,NA,NA
2008-04-16,20080416,262.34,NA,NA,244.98,236.92,NA,NA,222.7,221.4,NA,NA,NA,NA
2008-04-17,20080417,262.17,NA,NA,245.09,236.76,NA,NA,222.73,221.46,NA,NA,NA,NA
2008-04-18,20080418,263.09,NA,NA,245.23,236.67,NA,NA,222.76,221.51,NA,NA,NA,NA
2008-04-19,20080419,264.98,NA,NA,245.4,236.64,NA,NA,222.75,221.48,NA,NA,NA,NA
2008-04-20,20080420,265.71,NA,NA,245.62,236.64,NA,NA,222.74,221.46,NA,NA,NA,NA
2008-04-21,20080421,266.12,NA,NA,245.85,236.67,NA,NA,222.72,221.47,NA,NA,NA,NA
2008-04-22,20080422,266.5,NA,NA,246.81,237.01,NA,NA,222.66,221.42,NA,NA,NA,NA
2008-04-23,20080423,266.91,NA,NA,247.9,237.89,NA,NA,222.75,221.52,NA,NA,NA,NA
2008-04-24,20080424,267.13,NA,NA,248.23,238.42,NA,NA,222.81,221.54,NA,NA,NA,NA
2008-04-25,20080425,267.39,NA,NA,248.48,238.94,NA,NA,222.89,221.58,NA,NA,NA,NA
2008-04-26,20080426,267.63,NA,NA,248.71,239.25,NA,NA,223,221.69,NA,NA,NA,NA
2008-04-27,20080427,267.85,NA,NA,248.89,239.5,NA,NA,223.09,221.79,NA,NA,NA,NA
2008-04-28,20080428,267.92,NA,NA,248.91,239.54,NA,NA,223.1,221.78,NA,NA,NA,NA
2008-04-29,20080429,267.95,NA,NA,248.88,239.41,NA,NA,223.06,221.74,NA,NA,NA,NA
2008-04-30,20080430,267.96,NA,NA,248.85,239.3,NA,NA,223.07,221.78,NA,NA,NA,NA
2008-05-01,20080501,267.98,NA,NA,248.85,239.24,NA,NA,223.06,221.79,NA,NA,NA,NA
2008-05-02,20080502,268,NA,NA,248.88,239.24,NA,NA,223.04,221.74,NA,NA,NA,NA
2008-05-03,20080503,268.02,NA,NA,248.91,239.27,NA,NA,223.02,221.71,NA,NA,NA,NA
2008-05-04,20080504,268.05,NA,NA,248.92,239.29,NA,NA,223.05,221.76,NA,NA,NA,NA
2008-05-05,20080505,268.08,NA,NA,248.9,239.24,NA,NA,223.05,221.78,NA,NA,NA,NA
2008-05-06,20080506,268.14,NA,NA,248.88,239.17,NA,NA,223.01,221.73,NA,NA,NA,NA
2008-05-07,20080507,268.14,NA,NA,248.88,239.1,NA,NA,222.98,221.69,NA,NA,NA,NA
2008-05-08,20080508,268.12,NA,NA,248.87,238.97,NA,NA,223.02,221.76,NA,NA,NA,NA
2008-05-09,20080509,268.1,NA,NA,248.86,238.78,NA,NA,223.06,221.8,NA,NA,NA,NA
2008-05-10,20080510,268.1,NA,NA,248.9,238.7,NA,NA,223.05,221.78,NA,NA,NA,NA
2008-05-11,20080511,268.13,NA,NA,248.94,238.67,NA,NA,223.03,221.75,NA,NA,NA,NA
2008-05-12,20080512,268.1,NA,NA,248.9,238.55,NA,NA,223.04,221.78,NA,NA,NA,NA
2008-05-13,20080513,268.09,NA,NA,248.88,238.44,NA,NA,223.04,221.8,NA,NA,NA,NA
2008-05-14,20080514,268.1,NA,NA,248.88,238.35,NA,NA,222.99,221.73,NA,NA,NA,NA
2008-05-15,20080515,268.05,NA,NA,248.85,238.16,NA,NA,222.89,221.62,NA,NA,NA,NA
2008-05-16,20080516,267.99,NA,NA,248.82,237.99,NA,NA,222.82,221.56,NA,NA,NA,NA
2008-05-17,20080517,267.96,NA,NA,248.85,237.92,NA,NA,222.81,221.58,NA,NA,NA,NA
2008-05-18,20080518,267.9,NA,NA,248.87,237.91,NA,NA,222.82,221.6,NA,NA,NA,NA
2008-05-19,20080519,267.82,NA,NA,248.83,237.84,NA,NA,222.79,221.56,NA,NA,NA,NA
2008-05-20,20080520,267.75,NA,NA,248.81,237.76,NA,NA,222.76,221.53,NA,NA,NA,NA
2008-05-21,20080521,267.68,NA,NA,248.78,237.71,NA,NA,222.76,221.52,NA,NA,NA,NA
2008-05-22,20080522,267.63,NA,NA,248.74,237.63,NA,NA,222.76,221.54,NA,NA,NA,NA
2008-05-23,20080523,267.58,NA,NA,248.7,237.56,NA,NA,222.75,221.53,NA,NA,NA,NA
2008-05-24,20080524,267.52,NA,NA,248.72,237.54,NA,NA,222.76,221.56,NA,NA,NA,NA
2008-05-25,20080525,267.5,NA,NA,248.75,237.58,NA,NA,222.75,221.54,NA,NA,NA,NA
2008-05-26,20080526,267.48,NA,NA,248.75,237.6,NA,NA,222.75,221.53,NA,NA,NA,NA
2008-05-27,20080527,267.46,NA,NA,248.7,237.53,NA,NA,222.74,221.52,NA,NA,NA,NA
2008-05-28,20080528,267.44,NA,NA,248.68,237.46,NA,NA,222.79,221.6,NA,NA,NA,NA
2008-05-29,20080529,267.44,NA,NA,248.7,237.44,NA,NA,222.77,221.56,NA,NA,NA,NA
2008-05-30,20080530,267.46,NA,NA,248.68,237.41,NA,NA,222.77,221.55,NA,NA,NA,NA
2008-05-31,20080531,267.48,NA,NA,248.68,237.42,NA,NA,222.84,221.63,NA,NA,NA,NA
2008-06-01,20080601,267.47,NA,NA,248.69,237.46,NA,NA,222.84,221.63,NA,NA,NA,NA
2008-06-02,20080602,267.44,NA,NA,248.64,237.39,NA,NA,222.79,221.58,NA,NA,NA,NA
2008-06-03,20080603,267.43,NA,NA,248.61,237.29,NA,NA,222.76,221.55,NA,NA,NA,NA
2008-06-04,20080604,267.36,NA,NA,248.54,237.22,NA,NA,222.76,221.57,NA,NA,NA,NA
2008-06-05,20080605,267.07,NA,NA,248.02,237.02,NA,NA,222.71,221.52,NA,NA,NA,NA
2008-06-06,20080606,266.89,NA,NA,247.46,236.91,NA,NA,222.64,221.44,NA,NA,NA,NA
2008-06-07,20080607,266.79,NA,NA,247.26,236.88,NA,NA,222.55,221.36,NA,NA,NA,NA
2008-06-08,20080608,266.68,NA,NA,247.17,236.91,NA,NA,222.5,221.31,NA,NA,NA,NA
2008-06-09,20080609,266.52,NA,NA,247.04,236.94,NA,NA,222.46,221.27,NA,NA,NA,NA
2008-06-10,20080610,266.34,NA,NA,246.96,237.05,NA,NA,222.45,221.28,NA,NA,NA,NA
2008-06-11,20080611,266.2,NA,NA,246.9,237.19,NA,NA,222.44,221.26,NA,NA,NA,NA
2008-06-12,20080612,266.1,NA,NA,246.83,237.23,NA,NA,222.49,221.29,NA,NA,NA,NA
2008-06-13,20080613,266,NA,NA,246.78,237.05,NA,NA,222.57,221.39,NA,NA,NA,NA
2008-06-14,20080614,265.89,NA,NA,246.78,236.95,NA,NA,222.61,221.43,NA,NA,NA,NA
2008-06-15,20080615,265.85,NA,NA,246.81,236.93,NA,NA,222.62,221.41,NA,NA,NA,NA
2008-06-16,20080616,265.85,NA,NA,246.79,236.89,NA,NA,222.64,221.45,NA,NA,NA,NA
2008-06-17,20080617,265.81,NA,NA,246.74,236.81,NA,NA,222.63,221.44,NA,NA,NA,NA
2008-06-18,20080618,265.63,NA,NA,246.71,236.73,NA,NA,222.6,221.4,NA,NA,NA,NA
2008-06-19,20080619,265.42,NA,NA,246.68,236.67,NA,NA,222.59,221.39,NA,NA,NA,NA
2008-06-20,20080620,264.81,NA,NA,246.68,236.65,NA,NA,222.57,221.38,NA,NA,NA,NA
2008-06-21,20080621,264.27,NA,NA,246.72,236.7,NA,NA,222.59,221.42,NA,NA,NA,NA
2008-06-22,20080622,263.82,NA,NA,246.76,236.78,NA,NA,222.61,221.43,NA,NA,NA,NA
2008-06-23,20080623,263.49,NA,NA,246.61,236.61,NA,NA,222.59,221.41,NA,NA,NA,NA
2008-06-24,20080624,263.25,NA,NA,246.54,236.41,NA,NA,222.59,221.44,NA,NA,NA,NA
2008-06-25,20080625,263.06,NA,NA,246.5,236.32,NA,NA,222.58,221.42,NA,NA,NA,NA
2008-06-26,20080626,262.91,NA,NA,246.48,236.28,NA,NA,222.55,221.38,NA,NA,NA,NA
2008-06-27,20080627,262.8,NA,NA,246.5,236.29,NA,NA,222.53,221.36,NA,NA,NA,NA
2008-06-28,20080628,262.69,NA,NA,246.58,236.42,NA,NA,222.54,221.37,NA,NA,NA,NA
2008-06-29,20080629,262.6,NA,NA,246.65,236.58,NA,NA,222.52,221.39,NA,NA,NA,NA
2008-06-30,20080630,262.53,NA,NA,246.65,236.62,NA,NA,222.43,221.28,NA,NA,NA,NA
2008-07-01,20080701,262.48,NA,NA,246.62,236.58,NA,NA,222.39,221.23,NA,NA,NA,NA
2008-07-02,20080702,262.44,NA,NA,246.58,236.54,NA,NA,222.43,221.27,NA,NA,NA,NA
2008-07-03,20080703,262.4,NA,NA,246.55,236.48,NA,NA,222.48,221.34,NA,NA,NA,NA
2008-07-04,20080704,262.36,NA,NA,246.34,236.17,NA,NA,222.39,221.26,NA,NA,NA,NA
2008-07-05,20080705,262.33,NA,NA,245.99,235.79,NA,NA,222.33,221.17,NA,NA,NA,NA
2008-07-06,20080706,262.32,NA,NA,245.6,235.63,NA,NA,222.29,221.06,NA,NA,NA,NA
2008-07-07,20080707,262.3,NA,NA,245.33,235.51,NA,NA,222.34,221.09,NA,NA,NA,NA
2008-07-08,20080708,262.27,NA,NA,245.36,235.4,NA,NA,222.4,221.15,NA,NA,NA,NA
2008-07-09,20080709,262.17,NA,NA,245.48,235.41,NA,NA,222.38,221.13,NA,NA,NA,NA
2008-07-10,20080710,262.03,NA,NA,245.68,235.44,NA,NA,222.42,221.24,NA,NA,NA,NA
2008-07-11,20080711,261.86,NA,NA,245.86,235.49,NA,NA,222.44,221.29,NA,NA,NA,NA
2008-07-12,20080712,261.67,NA,NA,246.05,235.58,NA,NA,222.4,221.23,NA,NA,NA,NA
2008-07-13,20080713,261.47,NA,NA,246.25,235.8,NA,NA,222.3,221.1,NA,NA,NA,NA
2008-07-14,20080714,261.26,NA,NA,246.37,236.03,NA,NA,222.36,221.18,NA,NA,NA,NA
2008-07-15,20080715,261.04,NA,NA,246.42,236.13,NA,NA,222.42,221.28,NA,NA,NA,NA
2008-07-16,20080716,261.16,NA,NA,246.46,236.19,NA,NA,222.43,221.32,NA,NA,NA,NA
2008-07-17,20080717,261.4,NA,NA,246.48,236.23,NA,NA,222.43,221.35,NA,NA,NA,NA
2008-07-18,20080718,260.96,NA,NA,246.5,236.27,NA,NA,222.44,221.39,NA,NA,NA,NA
2008-07-19,20080719,260.21,NA,NA,246.56,236.4,NA,NA,222.46,221.44,NA,NA,NA,NA
2008-07-20,20080720,259.71,NA,NA,246.62,236.57,NA,NA,222.47,221.45,NA,NA,NA,NA
2008-07-21,20080721,259.31,NA,NA,246.61,236.61,NA,NA,222.48,221.48,NA,NA,NA,NA
2008-07-22,20080722,259.05,NA,NA,246.57,236.52,NA,NA,222.46,221.45,NA,NA,NA,NA
2008-07-23,20080723,258.71,NA,NA,246.54,236.45,NA,NA,222.45,221.41,NA,NA,NA,NA
2008-07-24,20080724,258.37,NA,NA,246.53,236.43,NA,NA,222.45,221.41,NA,NA,NA,NA
2008-07-25,20080725,258.08,NA,NA,246.53,236.44,NA,NA,222.44,221.45,NA,NA,NA,NA
2008-07-26,20080726,257.83,NA,NA,246.57,236.54,NA,NA,222.43,221.42,NA,NA,NA,NA
2008-07-27,20080727,257.59,NA,NA,246.61,236.66,NA,NA,222.42,221.39,NA,NA,NA,NA
2008-07-28,20080728,257.36,NA,NA,246.57,236.63,NA,NA,222.43,221.43,NA,NA,NA,NA
2008-07-29,20080729,257.14,NA,NA,246.51,236.48,NA,NA,222.43,221.42,NA,NA,NA,NA
2008-07-30,20080730,256.91,NA,NA,246.48,236.37,NA,NA,222.4,221.36,NA,NA,NA,NA
2008-07-31,20080731,256.71,NA,NA,246.45,236.32,NA,NA,222.38,221.33,NA,NA,NA,NA
2008-08-01,20080801,256.53,NA,NA,246.43,236.27,NA,NA,222.31,221.3,NA,NA,NA,NA
2008-08-02,20080802,256.38,NA,NA,246.46,236.33,NA,NA,222.35,221.31,NA,NA,NA,NA
2008-08-03,20080803,256.22,NA,NA,246.49,236.44,NA,NA,222.39,221.31,NA,NA,NA,NA
2008-08-04,20080804,256.06,NA,NA,246.34,236.19,NA,NA,222.33,221.31,NA,NA,NA,NA
2008-08-05,20080805,255.92,NA,NA,246.27,236.03,NA,NA,222.26,221.23,NA,NA,NA,NA
2008-08-06,20080806,255.8,NA,NA,246.29,236.05,NA,NA,222.22,221.14,NA,NA,NA,NA
2008-08-07,20080807,255.68,NA,NA,246.28,236.12,NA,NA,222.21,221.13,NA,NA,NA,NA
2008-08-08,20080808,255.56,NA,NA,246.26,236.16,NA,NA,222.2,221.12,NA,NA,NA,NA
2008-08-09,20080809,255.44,NA,NA,246.29,236.27,NA,NA,222.23,221.22,NA,NA,NA,NA
2008-08-10,20080810,255.32,NA,NA,246.35,236.47,NA,NA,222.23,221.2,NA,NA,NA,NA
2008-08-11,20080811,255.2,NA,NA,246.34,236.58,NA,NA,222.21,221.14,NA,NA,NA,NA
2008-08-12,20080812,255.11,NA,NA,246.33,236.51,NA,NA,222.31,221.3,NA,NA,NA,NA
2008-08-13,20080813,255.03,NA,NA,246.31,236.33,NA,NA,222.34,221.32,NA,NA,NA,NA
2008-08-14,20080814,254.97,NA,NA,246.29,236.2,NA,NA,222.3,221.23,NA,NA,NA,NA
2008-08-15,20080815,254.9,NA,NA,246.26,236.1,NA,NA,222.28,221.21,NA,NA,NA,NA
2008-08-16,20080816,254.86,NA,NA,246.29,236.12,NA,NA,222.29,221.27,NA,NA,NA,NA
2008-08-17,20080817,254.82,NA,NA,246.21,236.03,NA,NA,222.18,221.25,NA,NA,NA,NA
2008-08-18,20080818,254.77,NA,NA,246,235.71,NA,NA,222.12,221.15,NA,NA,NA,NA
2008-08-19,20080819,254.73,NA,NA,245.96,235.59,NA,NA,222.2,221.19,NA,NA,NA,NA
2008-08-20,20080820,254.68,NA,NA,245.95,235.58,NA,NA,222.22,221.19,NA,NA,NA,NA
2008-08-21,20080821,254.65,NA,NA,245.97,235.59,NA,NA,222.24,221.25,NA,NA,NA,NA
2008-08-22,20080822,254.61,NA,NA,245.98,235.61,NA,NA,222.23,221.23,NA,NA,NA,NA
2008-08-23,20080823,254.58,NA,NA,246.05,235.68,NA,NA,222.2,221.15,NA,NA,NA,NA
2008-08-24,20080824,254.56,NA,NA,246.17,235.82,NA,NA,222.21,221.23,NA,NA,NA,NA
2008-08-25,20080825,254.53,NA,NA,246.18,235.87,NA,NA,222.22,221.22,NA,NA,NA,NA
2008-08-26,20080826,254.51,NA,NA,246.15,235.83,NA,NA,222.19,221.13,NA,NA,NA,NA
2008-08-27,20080827,254.49,NA,NA,246.08,235.76,NA,NA,222.17,221.11,NA,NA,NA,NA
2008-08-28,20080828,254.46,NA,NA,246,235.68,NA,NA,222.17,221.16,NA,NA,NA,NA
2008-08-29,20080829,254.44,NA,NA,245.93,235.58,NA,NA,222.17,221.17,NA,NA,NA,NA
2008-08-30,20080830,254.42,NA,NA,245.91,235.53,NA,NA,222.17,221.12,NA,NA,NA,NA
2008-08-31,20080831,254.39,NA,NA,245.94,235.57,NA,NA,222.15,221.09,NA,NA,NA,NA
2008-09-01,20080901,254.37,NA,NA,245.96,235.61,NA,NA,222.18,221.18,NA,NA,NA,NA
2008-09-02,20080902,254.35,NA,NA,245.93,235.59,NA,NA,222.18,221.18,NA,NA,NA,NA
2008-09-03,20080903,254.33,NA,NA,245.87,235.52,NA,NA,222.14,221.09,NA,NA,NA,NA
2008-09-04,20080904,254.31,NA,NA,245.8,235.43,NA,NA,222.16,221.14,NA,NA,NA,NA
2008-09-05,20080905,254.28,NA,NA,245.74,235.33,NA,NA,222.15,221.14,NA,NA,NA,NA
2008-09-06,20080906,254.26,NA,NA,245.73,235.3,NA,NA,222.12,221.07,NA,NA,NA,NA
2008-09-07,20080907,254.24,NA,NA,245.77,235.34,NA,NA,222.14,221.16,NA,NA,NA,NA
2008-09-08,20080908,254.22,NA,NA,245.75,235.34,NA,NA,222.17,221.17,NA,NA,NA,NA
2008-09-09,20080909,254.19,NA,NA,245.69,235.29,NA,NA,222.14,221.11,NA,NA,NA,NA
2008-09-10,20080910,254.17,NA,NA,245.63,235.23,NA,NA,222.15,221.1,NA,NA,NA,NA
2008-09-11,20080911,254.15,NA,NA,245.56,235.18,NA,NA,222.19,221.21,NA,NA,NA,NA
2008-09-12,20080912,254.13,NA,NA,245.38,235.08,NA,NA,222.2,221.23,NA,NA,NA,NA
2008-09-13,20080913,254.11,NA,NA,245.06,234.92,NA,NA,222.15,221.12,NA,NA,NA,NA
2008-09-14,20080914,254.09,NA,NA,244.71,234.74,NA,NA,222.16,221.2,NA,NA,NA,NA
2008-09-15,20080915,254.07,NA,NA,244.31,234.55,NA,NA,222.21,221.29,NA,NA,NA,NA
2008-09-16,20080916,254.05,NA,NA,243.91,234.33,NA,NA,222.19,221.22,NA,NA,NA,NA
2008-09-17,20080917,254.03,NA,NA,243.55,234.14,NA,NA,222.14,221.12,NA,NA,NA,NA
2008-09-18,20080918,254.01,NA,NA,243.21,233.95,NA,NA,222.17,221.19,NA,NA,NA,NA
2008-09-19,20080919,253.99,NA,NA,242.87,233.76,NA,NA,222.18,221.26,NA,NA,NA,NA
2008-09-20,20080920,253.97,NA,NA,242.54,233.57,NA,NA,222.16,221.2,NA,NA,NA,NA
2008-09-21,20080921,253.95,NA,NA,242.23,233.39,NA,NA,222.13,221.11,NA,NA,NA,NA
2008-09-22,20080922,253.93,NA,NA,241.96,233.22,NA,NA,222.12,221.16,NA,NA,NA,NA
2008-09-23,20080923,253.91,NA,NA,241.72,233.05,NA,NA,222.14,221.22,NA,NA,NA,NA
2008-09-24,20080924,253.89,NA,NA,241.44,232.89,NA,NA,222.22,221.23,NA,NA,NA,NA
2008-09-25,20080925,253.87,NA,NA,241.12,232.73,NA,NA,222.28,221.24,NA,NA,NA,NA
2008-09-26,20080926,253.85,NA,NA,240.8,232.55,NA,NA,222.23,221.26,NA,NA,NA,NA
2008-09-27,20080927,253.83,NA,NA,240.54,232.34,NA,NA,222.2,221.27,NA,NA,NA,NA
2008-09-28,20080928,253.81,NA,NA,240.3,232.18,NA,NA,222.17,221.17,NA,NA,NA,NA
2008-09-29,20080929,253.78,NA,NA,240.05,232.02,NA,NA,222.17,221.2,NA,NA,NA,NA
2008-09-30,20080930,253.76,NA,NA,239.82,231.88,NA,NA,222.18,221.26,NA,NA,NA,NA
2008-10-01,20081001,253.74,NA,NA,239.59,231.74,NA,NA,222.14,221.18,NA,NA,NA,NA
2008-10-02,20081002,253.72,NA,NA,239.35,231.58,NA,NA,222.12,221.11,NA,NA,NA,NA
2008-10-03,20081003,253.7,NA,NA,239.09,231.42,NA,NA,222.14,221.18,NA,NA,NA,NA
2008-10-04,20081004,253.68,NA,NA,238.87,231.24,NA,NA,222.19,221.29,NA,NA,NA,NA
2008-10-05,20081005,253.67,NA,NA,238.69,231.09,NA,NA,222.33,221.42,NA,NA,NA,NA
2008-10-06,20081006,253.65,NA,NA,238.52,231,NA,NA,222.37,221.45,NA,NA,NA,NA
2008-10-07,20081007,253.63,NA,NA,238.36,230.9,NA,NA,222.39,221.46,NA,NA,NA,NA
2008-10-08,20081008,253.62,NA,NA,238.2,230.76,NA,NA,222.4,221.46,NA,NA,NA,NA
2008-10-09,20081009,253.65,NA,NA,238.04,230.61,NA,NA,222.3,221.34,NA,NA,NA,NA
2008-10-10,20081010,253.68,NA,NA,237.93,230.42,NA,NA,222.2,221.17,NA,NA,NA,NA
2008-10-11,20081011,253.68,NA,NA,237.85,230.26,NA,NA,222.17,221.19,NA,NA,NA,NA
2008-10-12,20081012,253.67,NA,NA,237.76,230.11,NA,NA,222.18,221.27,NA,NA,NA,NA
2008-10-13,20081013,253.67,NA,NA,237.66,229.99,NA,NA,222.16,221.2,NA,NA,NA,NA
2008-10-14,20081014,253.66,NA,NA,237.59,229.94,NA,NA,222.13,221.11,NA,NA,NA,NA
2008-10-15,20081015,253.65,NA,NA,237.55,229.93,NA,NA,222.14,221.16,NA,NA,NA,NA
2008-10-16,20081016,253.65,NA,NA,237.53,229.97,NA,NA,222.29,221.32,NA,NA,NA,NA
2008-10-17,20081017,253.64,NA,NA,237.53,230.08,NA,NA,222.38,221.41,NA,NA,NA,NA
2008-10-18,20081018,253.64,NA,NA,237.5,230.14,NA,NA,222.41,221.45,NA,NA,NA,NA
2008-10-19,20081019,253.64,NA,NA,237.45,230.1,NA,NA,222.4,221.37,NA,NA,NA,NA
2008-10-20,20081020,253.64,NA,NA,237.4,230.01,NA,NA,222.29,221.29,NA,NA,NA,NA
2008-10-21,20081021,253.64,NA,NA,237.35,229.89,NA,NA,222.24,221.29,NA,NA,NA,NA
2008-10-22,20081022,253.64,NA,NA,237.33,229.82,NA,NA,222.22,221.19,NA,NA,NA,NA
2008-10-23,20081023,254.9,NA,NA,237.34,229.8,NA,NA,222.19,221.09,NA,NA,NA,NA
2008-10-24,20081024,256.97,NA,NA,237.31,229.74,NA,NA,222.2,221.17,NA,NA,NA,NA
2008-10-25,20081025,256.37,NA,NA,237.28,229.69,NA,NA,222.22,221.24,NA,NA,NA,NA
2008-10-26,20081026,255.29,NA,NA,237.24,229.61,NA,NA,222.22,221.25,NA,NA,NA,NA
2008-10-27,20081027,255.93,NA,NA,237.19,229.51,NA,NA,222.2,221.15,NA,NA,NA,NA
2008-10-28,20081028,257.13,NA,NA,237.12,229.37,NA,NA,222.19,221.17,NA,NA,NA,NA
2008-10-29,20081029,256.49,NA,NA,237.06,229.23,NA,NA,222.21,221.25,NA,NA,NA,NA
2008-10-30,20081030,255.33,NA,NA,237.01,229.1,NA,NA,222.23,221.28,NA,NA,NA,NA
2008-10-31,20081031,255.46,NA,NA,236.95,228.98,NA,NA,222.23,221.28,NA,NA,NA,NA
2008-11-01,20081101,256.09,NA,NA,236.92,228.86,NA,NA,222.26,221.3,NA,NA,NA,NA
2008-11-02,20081102,255.2,NA,NA,236.9,228.79,NA,NA,222.27,221.31,NA,NA,NA,NA
2008-11-03,20081103,254.77,NA,NA,236.87,228.7,NA,NA,222.28,221.31,NA,NA,NA,NA
2008-11-04,20081104,254.49,NA,NA,236.84,228.57,NA,NA,222.27,221.3,NA,NA,NA,NA
2008-11-05,20081105,254.28,NA,NA,236.8,228.46,NA,NA,222.31,221.33,NA,NA,NA,NA
2008-11-06,20081106,254.15,NA,NA,236.78,228.44,NA,NA,222.32,221.34,NA,NA,NA,NA
2008-11-07,20081107,254.06,NA,NA,236.76,228.35,NA,NA,222.27,221.29,NA,NA,NA,NA
2008-11-08,20081108,254.01,NA,NA,236.74,228.22,NA,NA,222.27,221.29,NA,NA,NA,NA
2008-11-09,20081109,253.97,NA,NA,236.72,228.11,NA,NA,222.25,221.28,NA,NA,NA,NA
2008-11-10,20081110,253.95,NA,NA,236.7,228.02,NA,NA,222.3,221.33,NA,NA,NA,NA
2008-11-11,20081111,253.93,NA,NA,236.69,227.93,NA,NA,222.35,221.37,NA,NA,NA,NA
2008-11-12,20081112,253.92,NA,NA,236.67,227.89,NA,NA,222.4,221.42,NA,NA,NA,NA
2008-11-13,20081113,253.94,NA,NA,236.66,227.81,NA,NA,222.29,221.32,NA,NA,NA,NA
2008-11-14,20081114,254.19,NA,NA,236.65,227.69,NA,NA,222.24,221.26,NA,NA,NA,NA
2008-11-15,20081115,254.44,NA,NA,236.65,227.6,NA,NA,222.24,221.26,NA,NA,NA,NA
2008-11-16,20081116,254.19,NA,NA,236.64,227.54,NA,NA,222.24,221.28,NA,NA,NA,NA
2008-11-17,20081117,254.03,NA,NA,236.63,227.5,NA,NA,222.24,221.28,NA,NA,NA,NA
2008-11-18,20081118,253.97,NA,NA,236.62,227.45,NA,NA,222.24,221.28,NA,NA,NA,NA
2008-11-19,20081119,254.17,NA,NA,236.61,227.39,NA,NA,222.24,221.29,NA,NA,NA,NA
2008-11-20,20081120,254.74,NA,NA,236.6,227.32,NA,NA,222.24,221.29,NA,NA,NA,NA
2008-11-21,20081121,255.3,NA,NA,236.6,227.27,NA,NA,222.24,221.29,NA,NA,NA,NA
2008-11-22,20081122,255.2,NA,NA,236.61,227.25,NA,NA,222.24,221.29,NA,NA,NA,NA
2008-11-23,20081123,254.62,NA,NA,236.63,227.22,NA,NA,222.24,221.29,NA,NA,NA,NA
2008-11-24,20081124,254.29,NA,NA,236.68,227.2,NA,NA,222.24,221.29,NA,NA,NA,NA
2008-11-25,20081125,254.11,NA,NA,236.76,227.17,NA,NA,222.24,221.3,NA,NA,NA,NA
2008-11-26,20081126,254.02,NA,NA,236.84,227.11,NA,NA,222.24,221.3,NA,NA,NA,NA
2008-11-27,20081127,253.99,NA,NA,236.91,227.06,NA,NA,222.24,221.29,NA,NA,NA,NA
2008-11-28,20081128,253.99,NA,NA,236.93,227.04,NA,NA,222.25,221.3,NA,NA,NA,NA
2008-11-29,20081129,253.99,NA,NA,236.94,227.03,NA,NA,222.25,221.3,NA,NA,NA,NA
2008-11-30,20081130,254.01,NA,NA,236.91,227.01,NA,NA,222.25,221.3,NA,NA,NA,NA
2008-12-01,20081201,254.02,NA,NA,236.85,227.01,NA,NA,222.24,221.31,NA,NA,NA,NA
2008-12-02,20081202,254.05,NA,NA,236.8,227.02,NA,NA,222.24,221.3,NA,NA,NA,NA
2008-12-03,20081203,254.09,NA,NA,236.75,227.01,NA,NA,222.25,221.3,NA,NA,NA,NA
2008-12-04,20081204,254.12,NA,NA,236.7,226.99,NA,NA,222.24,221.3,NA,NA,NA,NA
2008-12-05,20081205,254.17,NA,NA,236.67,226.91,NA,NA,222.34,221.38,NA,NA,NA,NA
2008-12-06,20081206,254.22,NA,NA,236.63,226.79,NA,NA,222.44,221.45,NA,NA,NA,NA
2008-12-07,20081207,254.28,NA,NA,236.6,226.82,NA,NA,222.47,221.47,NA,NA,NA,NA
2008-12-08,20081208,254.33,NA,NA,236.58,226.86,NA,NA,222.4,221.41,NA,NA,NA,NA
2008-12-09,20081209,254.41,NA,NA,236.56,226.75,NA,NA,222.3,221.32,NA,NA,NA,NA
2008-12-10,20081210,254.5,NA,NA,236.54,226.55,NA,NA,222.28,221.3,NA,NA,NA,NA
2008-12-11,20081211,254.6,NA,NA,236.51,226.4,NA,NA,222.28,221.29,NA,NA,NA,NA
2008-12-12,20081212,254.69,NA,NA,236.49,226.26,NA,NA,222.26,221.27,NA,NA,NA,NA
2008-12-13,20081213,254.79,NA,NA,236.48,226.18,NA,NA,222.27,221.28,NA,NA,NA,NA
2008-12-14,20081214,254.89,NA,NA,236.47,226.12,NA,NA,222.27,221.29,NA,NA,NA,NA
2008-12-15,20081215,255.02,NA,NA,236.49,226.1,NA,NA,222.28,221.3,NA,NA,NA,NA
2008-12-16,20081216,255.18,NA,NA,236.55,226.12,NA,NA,222.28,221.29,NA,NA,NA,NA
2008-12-17,20081217,255.33,NA,NA,236.57,226.11,NA,NA,222.29,221.29,NA,NA,NA,NA
2008-12-18,20081218,255.45,NA,NA,236.53,226.06,NA,NA,222.27,221.28,NA,NA,NA,NA
2008-12-19,20081219,255.54,NA,NA,236.49,226,NA,NA,222.28,221.28,NA,NA,NA,NA
2008-12-20,20081220,255.63,NA,NA,236.48,225.95,NA,NA,222.29,221.29,NA,NA,NA,NA
2008-12-21,20081221,255.7,NA,NA,236.47,225.89,NA,NA,222.29,221.29,NA,NA,NA,NA
2008-12-22,20081222,255.78,NA,NA,236.5,225.9,NA,NA,222.29,221.28,NA,NA,NA,NA
2008-12-23,20081223,255.86,NA,NA,236.54,225.96,NA,NA,222.38,221.35,NA,NA,NA,NA
2008-12-24,20081224,255.95,NA,NA,236.56,226.1,NA,NA,222.48,221.43,NA,NA,NA,NA
2008-12-25,20081225,256.23,NA,NA,237.16,226.39,NA,NA,222.39,221.31,NA,NA,NA,NA
2008-12-26,20081226,256.3,NA,NA,237.31,226.44,NA,NA,222.32,221.22,NA,NA,NA,NA
2008-12-27,20081227,256.28,NA,NA,237.24,226.29,NA,NA,222.37,221.28,NA,NA,NA,NA
2008-12-28,20081228,256.3,NA,NA,237.13,226.13,NA,NA,222.36,221.3,NA,NA,NA,NA
2008-12-29,20081229,256.33,NA,NA,237.02,226.05,NA,NA,222.36,221.29,NA,NA,NA,NA
2008-12-30,20081230,256.37,NA,NA,236.93,226.14,NA,NA,222.35,221.28,NA,NA,NA,NA
2008-12-31,20081231,256.42,NA,NA,236.85,226.3,NA,NA,222.35,221.28,NA,NA,NA,NA
2009-01-01,20090101,256.49,NA,NA,236.78,226.4,NA,NA,222.35,221.28,NA,NA,NA,NA
2009-01-02,20090102,256.57,NA,NA,236.73,226.41,NA,NA,222.34,221.28,NA,NA,NA,NA
2009-01-03,20090103,256.68,NA,NA,236.69,226.4,NA,NA,222.34,221.28,NA,NA,NA,NA
2009-01-04,20090104,256.78,NA,NA,236.65,226.37,NA,NA,222.33,221.28,NA,NA,NA,NA
2009-01-05,20090105,256.88,NA,NA,236.61,226.37,NA,NA,222.33,221.28,NA,NA,NA,NA
2009-01-06,20090106,256.98,NA,NA,236.57,226.46,NA,NA,222.33,221.27,NA,NA,NA,NA
2009-01-07,20090107,257.08,NA,NA,236.54,226.49,NA,NA,222.33,221.27,NA,NA,NA,NA
2009-01-08,20090108,257.16,NA,NA,236.51,226.46,NA,NA,222.23,221.22,NA,NA,NA,NA
2009-01-09,20090109,257.22,NA,NA,236.49,226.36,NA,NA,222.05,221.1,NA,NA,NA,NA
2009-01-10,20090110,257.26,NA,NA,236.46,226.21,NA,NA,221.97,221.05,NA,NA,NA,NA
2009-01-11,20090111,257.31,NA,NA,236.45,226.08,NA,NA,221.88,221.01,NA,NA,NA,NA
2009-01-12,20090112,257.34,NA,NA,236.43,226,NA,NA,221.8,220.95,NA,NA,NA,NA
2009-01-13,20090113,257.38,NA,NA,236.42,225.97,NA,NA,221.78,220.94,NA,NA,NA,NA
2009-01-14,20090114,257.41,NA,NA,236.41,225.94,NA,NA,221.94,221.05,NA,NA,NA,NA
2009-01-15,20090115,257.44,NA,NA,236.4,225.94,NA,NA,222.03,221.12,NA,NA,NA,NA
2009-01-16,20090116,257.45,NA,NA,236.4,225.95,NA,NA,222.07,221.14,NA,NA,NA,NA
2009-01-17,20090117,257.47,NA,NA,236.38,225.95,NA,NA,222.1,221.14,NA,NA,NA,NA
2009-01-18,20090118,257.49,NA,NA,236.38,225.96,NA,NA,222.13,221.16,NA,NA,NA,NA
2009-01-19,20090119,257.51,NA,NA,236.37,226.01,NA,NA,222.15,221.16,NA,NA,NA,NA
2009-01-20,20090120,257.54,NA,NA,236.36,226.09,NA,NA,222.2,221.17,NA,NA,NA,NA
2009-01-21,20090121,257.55,NA,NA,236.35,226.15,NA,NA,222.35,221.19,NA,NA,NA,NA
2009-01-22,20090122,257.59,NA,NA,236.52,226.34,NA,NA,222.37,221.2,NA,NA,NA,NA
2009-01-23,20090123,257.63,NA,NA,236.64,226.53,NA,NA,222.39,221.2,NA,NA,NA,NA
2009-01-24,20090124,257.67,NA,NA,236.72,226.68,NA,NA,222.39,221.2,NA,NA,NA,NA
2009-01-25,20090125,257.71,NA,NA,236.78,226.76,NA,NA,222.38,221.21,NA,NA,NA,NA
2009-01-26,20090126,257.74,NA,NA,236.8,226.81,NA,NA,222.37,221.22,NA,NA,NA,NA
2009-01-27,20090127,257.79,NA,NA,236.8,226.92,NA,NA,222.33,221.21,NA,NA,NA,NA
2009-01-28,20090128,257.86,NA,NA,236.77,226.92,NA,NA,222.17,221.12,NA,NA,NA,NA
2009-01-29,20090129,257.95,NA,NA,236.74,226.8,NA,NA,222.02,221.01,NA,NA,NA,NA
2009-01-30,20090130,258.07,NA,NA,236.72,226.81,NA,NA,221.88,220.92,NA,NA,NA,NA
2009-01-31,20090131,258.2,NA,NA,236.7,226.81,NA,NA,221.76,220.84,NA,NA,NA,NA
2009-02-01,20090201,258.34,NA,NA,236.67,226.79,NA,NA,221.65,220.77,NA,NA,NA,NA
2009-02-02,20090202,258.48,NA,NA,236.65,226.78,NA,NA,221.55,220.71,NA,NA,NA,NA
2009-02-03,20090203,258.61,NA,NA,236.63,226.83,NA,NA,221.46,220.64,NA,NA,NA,NA
2009-02-04,20090204,258.72,NA,NA,236.61,226.84,NA,NA,221.36,220.57,NA,NA,NA,NA
2009-02-05,20090205,258.82,NA,NA,236.6,226.86,NA,NA,221.28,220.51,NA,NA,NA,NA
2009-02-06,20090206,258.91,NA,NA,236.6,226.94,NA,NA,221.21,220.46,NA,NA,NA,NA
2009-02-07,20090207,258.99,NA,NA,236.65,227.02,NA,NA,221.16,220.42,NA,NA,NA,NA
2009-02-08,20090208,259.06,NA,NA,236.7,227.06,NA,NA,221.14,220.38,NA,NA,NA,NA
2009-02-09,20090209,259.12,NA,NA,236.93,227.16,NA,NA,221.26,220.36,NA,NA,NA,NA
2009-02-10,20090210,259.18,NA,NA,237.11,227.31,NA,NA,221.35,220.34,NA,NA,NA,NA
2009-02-11,20090211,259.24,NA,NA,237.18,227.37,NA,NA,221.35,220.32,NA,NA,NA,NA
2009-02-12,20090212,259.33,NA,NA,237.21,227.39,NA,NA,221.32,220.32,NA,NA,NA,NA
2009-02-13,20090213,259.56,NA,NA,237.67,227.61,NA,NA,221.81,220.6,NA,NA,NA,NA
2009-02-14,20090214,259.85,NA,NA,238.23,227.95,NA,NA,222.11,220.89,NA,NA,NA,NA
2009-02-15,20090215,260.71,NA,NA,238.62,228.34,NA,NA,222.24,220.98,NA,NA,NA,NA
2009-02-16,20090216,265.11,NA,NA,241.22,229.46,NA,NA,222.48,221.2,NA,NA,NA,NA
2009-02-17,20090217,267.66,NA,NA,246.52,234.13,NA,NA,222.87,221.56,NA,NA,NA,NA
2009-02-18,20090218,267.88,NA,NA,246.72,235.26,NA,NA,223.05,221.73,NA,NA,NA,NA
2009-02-19,20090219,267.9,NA,NA,246.57,234.87,NA,NA,222.91,221.56,NA,NA,NA,NA
2009-02-20,20090220,267.73,NA,NA,246.25,234.07,NA,NA,222.74,221.39,NA,NA,NA,NA
2009-02-21,20090221,267.21,NA,NA,244.93,233.41,NA,NA,222.62,221.31,NA,NA,NA,NA
2009-02-22,20090222,266.21,NA,NA,243.57,233.13,NA,NA,222.58,221.27,NA,NA,NA,NA
2009-02-23,20090223,266.02,NA,NA,242.48,233.06,NA,NA,222.63,221.27,NA,NA,NA,NA
2009-02-24,20090224,265.7,NA,NA,241.64,233.13,NA,NA,222.63,221.27,NA,NA,NA,NA
2009-02-25,20090225,265.25,NA,NA,241.04,233.22,NA,NA,222.66,221.28,NA,NA,NA,NA
2009-02-26,20090226,264.82,NA,NA,240.6,233.32,NA,NA,222.57,221.24,NA,NA,NA,NA
2009-02-27,20090227,264.64,NA,NA,240.3,233.45,NA,NA,222.6,221.25,NA,NA,NA,NA
2009-02-28,20090228,266.46,NA,NA,242.83,233.93,NA,NA,222.52,221.2,NA,NA,NA,NA
2009-03-01,20090301,267.16,NA,NA,246.12,235.24,NA,NA,222.53,221.25,NA,NA,NA,NA
2009-03-02,20090302,267.98,NA,NA,247.19,236.8,NA,NA,222.91,221.52,NA,NA,NA,NA
2009-03-03,20090303,269.78,NA,NA,249.16,241.18,NA,NA,224.57,223.16,NA,NA,NA,NA
2009-03-04,20090304,269.92,NA,NA,249.69,241.87,NA,NA,225.66,224.53,NA,NA,NA,NA
2009-03-05,20090305,269.29,NA,NA,248.63,240.54,NA,NA,225.08,223.58,NA,NA,NA,NA
2009-03-06,20090306,269.06,NA,NA,248.29,240.11,NA,NA,224.57,223.06,NA,NA,NA,NA
2009-03-07,20090307,268.94,NA,NA,248.13,239.81,NA,NA,224.19,222.72,NA,NA,NA,NA
2009-03-08,20090308,268.87,NA,NA,248.02,239.62,NA,NA,223.92,222.47,NA,NA,NA,NA
2009-03-09,20090309,268.82,NA,NA,247.95,239.44,NA,NA,223.73,222.29,NA,NA,NA,NA
2009-03-10,20090310,268.8,NA,NA,247.93,239.29,NA,NA,223.59,222.17,NA,NA,NA,NA
2009-03-11,20090311,268.79,NA,NA,247.92,239.14,NA,NA,223.48,222.06,NA,NA,NA,NA
2009-03-12,20090312,268.8,NA,NA,247.92,238.97,NA,NA,223.36,221.96,NA,NA,NA,NA
2009-03-13,20090313,268.81,NA,NA,247.94,238.82,NA,NA,223.24,221.87,NA,NA,NA,NA
2009-03-14,20090314,268.78,NA,NA,247.96,238.66,NA,NA,223.16,221.8,NA,NA,NA,NA
2009-03-15,20090315,268.79,NA,NA,247.96,238.52,NA,NA,223.08,221.73,NA,NA,NA,NA
2009-03-16,20090316,268.8,NA,NA,247.98,238.41,NA,NA,223.04,221.67,NA,NA,NA,NA
2009-03-17,20090317,268.78,NA,NA,247.96,238.29,NA,NA,222.94,221.61,NA,NA,NA,NA
2009-03-18,20090318,268.72,NA,NA,247.93,238.19,NA,NA,222.85,221.57,NA,NA,NA,NA
2009-03-19,20090319,268.64,NA,NA,247.81,238.02,NA,NA,222.76,221.52,NA,NA,NA,NA
2009-03-20,20090320,268.52,NA,NA,247.53,237.65,NA,NA,222.66,221.45,NA,NA,NA,NA
2009-03-21,20090321,268.46,NA,NA,247.06,237.46,NA,NA,222.48,221.32,NA,NA,NA,NA
2009-03-22,20090322,268.83,NA,NA,247.69,237.86,NA,NA,222.61,221.44,NA,NA,NA,NA
2009-03-23,20090323,268.83,NA,NA,248,238.26,NA,NA,222.75,221.59,NA,NA,NA,NA
2009-03-24,20090324,268.72,NA,NA,248,238.35,NA,NA,222.68,221.5,NA,NA,NA,NA
2009-03-25,20090325,268.64,NA,NA,248,238.45,NA,NA,222.61,221.41,NA,NA,NA,NA
2009-03-26,20090326,268.56,NA,NA,247.98,238.57,NA,NA,222.6,221.33,NA,NA,NA,NA
2009-03-27,20090327,268.45,NA,NA,247.78,238.62,NA,NA,222.52,221.27,NA,NA,NA,NA
2009-03-28,20090328,268.27,NA,NA,247.19,238.56,NA,NA,222.39,221.19,NA,NA,NA,NA
2009-03-29,20090329,268.09,NA,NA,246.63,238.44,NA,NA,222.28,221.11,NA,NA,NA,NA
2009-03-30,20090330,267.82,NA,NA,246.26,238.38,NA,NA,222.18,221.03,NA,NA,NA,NA
2009-03-31,20090331,267.33,NA,NA,246.18,238.26,NA,NA,222.25,221.04,NA,NA,NA,NA
2009-04-01,20090401,266.88,NA,NA,246.22,238,NA,NA,222.41,221.21,NA,NA,NA,NA
2009-04-02,20090402,266.54,NA,NA,246.32,237.87,NA,NA,222.54,221.34,NA,NA,NA,NA
2009-04-03,20090403,266.23,NA,NA,246.43,237.86,NA,NA,222.58,221.31,NA,NA,NA,NA
2009-04-04,20090404,265.9,NA,NA,246.54,237.94,NA,NA,222.57,221.33,NA,NA,NA,NA
2009-04-05,20090405,265.6,NA,NA,246.64,238.04,NA,NA,222.65,221.39,NA,NA,NA,NA
2009-04-06,20090406,265.29,NA,NA,246.74,238.15,NA,NA,222.64,221.35,NA,NA,NA,NA
2009-04-07,20090407,265.04,NA,NA,246.83,238.2,NA,NA,222.61,221.36,NA,NA,NA,NA
2009-04-08,20090408,264.92,NA,NA,246.92,238.15,NA,NA,222.61,221.41,NA,NA,NA,NA
2009-04-09,20090409,264.86,NA,NA,246.99,238.29,NA,NA,222.6,221.42,NA,NA,NA,NA
2009-04-10,20090410,264.98,NA,NA,247.01,238.35,NA,NA,222.62,221.41,NA,NA,NA,NA
2009-04-11,20090411,264.92,NA,NA,247.01,238.37,NA,NA,222.61,221.4,NA,NA,NA,NA
2009-04-12,20090412,264.73,NA,NA,247.03,238.4,NA,NA,222.6,221.4,NA,NA,NA,NA
2009-04-13,20090413,264.53,NA,NA,247.05,238.4,NA,NA,222.6,221.41,NA,NA,NA,NA
2009-04-14,20090414,264.34,NA,NA,247.05,238.37,NA,NA,222.58,221.4,NA,NA,NA,NA
2009-04-15,20090415,264.14,NA,NA,247.04,238.34,NA,NA,222.56,221.4,NA,NA,NA,NA
2009-04-16,20090416,263.97,NA,NA,247.03,238.35,NA,NA,222.54,221.36,NA,NA,NA,NA
2009-04-17,20090417,263.81,NA,NA,247.02,238.35,NA,NA,222.52,221.36,NA,NA,NA,NA
2009-04-18,20090418,263.62,NA,NA,247.02,238.35,NA,NA,222.53,221.39,NA,NA,NA,NA
2009-04-19,20090419,263.42,NA,NA,247.01,238.35,NA,NA,222.5,221.34,NA,NA,NA,NA
2009-04-20,20090420,263.19,NA,NA,246.94,238.26,NA,NA,222.42,221.25,NA,NA,NA,NA
2009-04-21,20090421,262.97,NA,NA,246.86,238.14,NA,NA,222.28,221.17,NA,NA,NA,NA
2009-04-22,20090422,262.74,NA,NA,246.78,238.04,NA,NA,222.3,221.22,NA,NA,NA,NA
2009-04-23,20090423,262.52,NA,NA,246.74,238,NA,NA,222.28,221.15,NA,NA,NA,NA
2009-04-24,20090424,262.31,NA,NA,246.77,238.1,NA,NA,222.25,221.05,NA,NA,NA,NA
2009-04-25,20090425,262.12,NA,NA,246.82,238.25,NA,NA,222.28,221.12,NA,NA,NA,NA
2009-04-26,20090426,261.96,NA,NA,246.87,238.37,NA,NA,222.3,221.13,NA,NA,NA,NA
2009-04-27,20090427,261.82,NA,NA,246.82,238.21,NA,NA,222.38,221.21,NA,NA,NA,NA
2009-04-28,20090428,261.69,NA,NA,246.75,237.89,NA,NA,222.47,221.37,NA,NA,NA,NA
2009-04-29,20090429,261.59,NA,NA,246.69,237.64,NA,NA,222.48,221.33,NA,NA,NA,NA
2009-04-30,20090430,261.5,NA,NA,246.65,237.43,NA,NA,222.43,221.24,NA,NA,NA,NA
2009-05-01,20090501,261.43,NA,NA,246.7,237.36,NA,NA,222.37,221.24,NA,NA,NA,NA
2009-05-02,20090502,261.37,NA,NA,246.77,237.52,NA,NA,222.38,221.27,NA,NA,NA,NA
2009-05-03,20090503,261.39,NA,NA,246.82,237.68,NA,NA,222.39,221.29,NA,NA,NA,NA
2009-05-04,20090504,261.46,NA,NA,246.8,237.76,NA,NA,222.38,221.28,NA,NA,NA,NA
2009-05-05,20090505,261.54,NA,NA,246.75,237.77,NA,NA,222.36,221.26,NA,NA,NA,NA
2009-05-06,20090506,261.62,NA,NA,246.7,237.74,NA,NA,222.33,221.24,NA,NA,NA,NA
2009-05-07,20090507,261.67,NA,NA,246.7,237.65,NA,NA,222.42,221.32,NA,NA,NA,NA
2009-05-08,20090508,261.69,NA,NA,246.76,237.62,NA,NA,222.5,221.41,NA,NA,NA,NA
2009-05-09,20090509,261.66,NA,NA,246.81,237.67,NA,NA,222.43,221.35,NA,NA,NA,NA
2009-05-10,20090510,261.6,NA,NA,246.84,237.7,NA,NA,222.36,221.24,NA,NA,NA,NA
2009-05-11,20090511,261.53,NA,NA,246.78,237.65,NA,NA,222.32,221.18,NA,NA,NA,NA
2009-05-12,20090512,261.44,NA,NA,246.71,237.52,NA,NA,222.3,221.2,NA,NA,NA,NA
2009-05-13,20090513,261.34,NA,NA,246.66,237.35,NA,NA,222.37,221.28,NA,NA,NA,NA
2009-05-14,20090514,261.25,NA,NA,246.62,237.12,NA,NA,222.44,221.31,NA,NA,NA,NA
2009-05-15,20090515,261.14,NA,NA,246.66,237.13,NA,NA,222.63,221.3,NA,NA,NA,NA
2009-05-16,20090516,261.04,NA,NA,246.72,237.25,NA,NA,222.71,221.3,NA,NA,NA,NA
2009-05-17,20090517,260.95,NA,NA,246.77,237.28,NA,NA,222.61,221.19,NA,NA,NA,NA
2009-05-18,20090518,260.85,NA,NA,246.73,237.09,NA,NA,222.56,221.17,NA,NA,NA,NA
2009-05-19,20090519,260.75,NA,NA,246.73,237.02,NA,NA,222.52,221.13,NA,NA,NA,NA
2009-05-20,20090520,260.65,NA,NA,246.71,237.04,NA,NA,222.5,221.09,NA,NA,NA,NA
2009-05-21,20090521,260.54,NA,NA,246.64,236.88,NA,NA,222.56,221.17,NA,NA,NA,NA
2009-05-22,20090522,260.42,NA,NA,246.67,236.89,NA,NA,222.65,221.27,NA,NA,NA,NA
2009-05-23,20090523,260.3,NA,NA,246.71,236.94,NA,NA,222.58,221.19,NA,NA,NA,NA
2009-05-24,20090524,260.17,NA,NA,246.74,236.95,NA,NA,222.54,221.18,NA,NA,NA,NA
2009-05-25,20090525,260.04,NA,NA,246.75,237,NA,NA,222.52,221.14,NA,NA,NA,NA
2009-05-26,20090526,259.9,NA,NA,246.75,237.08,NA,NA,222.51,221.15,NA,NA,NA,NA
2009-05-27,20090527,259.76,NA,NA,246.69,237.07,NA,NA,222.49,221.11,NA,NA,NA,NA
2009-05-28,20090528,259.63,NA,NA,246.64,236.96,NA,NA,222.51,221.07,NA,NA,NA,NA
2009-05-29,20090529,259.5,NA,NA,246.58,236.8,NA,NA,222.58,221.13,NA,NA,NA,NA
2009-05-30,20090530,259.37,NA,NA,246.6,236.8,NA,NA,222.62,221.22,NA,NA,NA,NA
2009-05-31,20090531,259.26,NA,NA,246.64,236.86,NA,NA,222.65,221.28,NA,NA,NA,NA
2009-06-01,20090601,259.14,NA,NA,246.59,236.78,NA,NA,222.6,221.23,NA,NA,NA,NA
2009-06-02,20090602,259.03,NA,NA,246.53,236.53,NA,NA,222.5,221.15,NA,NA,NA,NA
2009-06-03,20090603,258.92,NA,NA,246.47,236.32,NA,NA,222.43,221.08,NA,NA,NA,NA
2009-06-04,20090604,258.81,NA,NA,246.45,236.26,NA,NA,222.37,220.99,NA,NA,NA,NA
2009-06-05,20090605,258.71,NA,NA,246.49,236.39,NA,NA,222.39,221.05,NA,NA,NA,NA
2009-06-06,20090606,258.6,NA,NA,246.54,236.6,NA,NA,222.4,221.05,NA,NA,NA,NA
2009-06-07,20090607,258.51,NA,NA,246.59,236.76,NA,NA,222.37,220.96,NA,NA,NA,NA
2009-06-08,20090608,258.42,NA,NA,246.54,236.73,NA,NA,222.43,221.08,NA,NA,NA,NA
2009-06-09,20090609,258.34,NA,NA,246.46,236.51,NA,NA,222.54,221.19,NA,NA,NA,NA
2009-06-10,20090610,258.26,NA,NA,246.39,236.32,NA,NA,222.55,221.14,NA,NA,NA,NA
2009-06-11,20090611,258.19,NA,NA,246.33,236.14,NA,NA,222.47,221.14,NA,NA,NA,NA
2009-06-12,20090612,258.12,NA,NA,246.29,236.01,NA,NA,222.5,221.2,NA,NA,NA,NA
2009-06-13,20090613,258.05,NA,NA,246.31,236.12,NA,NA,222.56,221.26,NA,NA,NA,NA
2009-06-14,20090614,257.98,NA,NA,246.37,236.38,NA,NA,222.55,221.19,NA,NA,NA,NA
2009-06-15,20090615,257.92,NA,NA,246.35,236.5,NA,NA,222.55,221.18,NA,NA,NA,NA
2009-06-16,20090616,257.86,NA,NA,246.29,236.47,NA,NA,222.58,221.27,NA,NA,NA,NA
2009-06-17,20090617,257.79,NA,NA,246.23,236.41,NA,NA,222.58,221.27,NA,NA,NA,NA
2009-06-18,20090618,257.73,NA,NA,246.14,236.32,NA,NA,222.63,221.28,NA,NA,NA,NA
2009-06-19,20090619,257.67,NA,NA,245.9,236.04,NA,NA,222.66,221.35,NA,NA,NA,NA
2009-06-20,20090620,257.61,NA,NA,245.55,235.7,NA,NA,222.63,221.31,NA,NA,NA,NA
2009-06-21,20090621,257.54,NA,NA,245.18,235.46,NA,NA,222.6,221.27,NA,NA,NA,NA
2009-06-22,20090622,257.48,NA,NA,244.77,235.25,NA,NA,222.61,221.3,NA,NA,NA,NA
2009-06-23,20090623,257.42,NA,NA,244.44,235.1,NA,NA,222.59,221.28,NA,NA,NA,NA
2009-06-24,20090624,257.35,NA,NA,244.32,235.06,NA,NA,222.58,221.25,NA,NA,NA,NA
2009-06-25,20090625,257.28,NA,NA,244.2,235.02,NA,NA,222.58,221.28,NA,NA,NA,NA
2009-06-26,20090626,257.21,NA,NA,243.98,234.91,NA,NA,222.58,221.28,NA,NA,NA,NA
2009-06-27,20090627,257.14,NA,NA,243.65,234.74,NA,NA,222.55,221.23,NA,NA,NA,NA
2009-06-28,20090628,257.06,NA,NA,243.34,234.58,NA,NA,222.54,221.21,NA,NA,NA,NA
2009-06-29,20090629,256.98,NA,NA,243.01,234.4,NA,NA,222.56,221.27,NA,NA,NA,NA
2009-06-30,20090630,256.89,NA,NA,242.66,234.19,NA,NA,222.56,221.26,NA,NA,NA,NA
2009-07-01,20090701,256.8,NA,NA,242.36,233.98,NA,NA,222.48,221.17,NA,NA,NA,NA
2009-07-02,20090702,256.72,NA,NA,242.1,233.72,NA,NA,222.37,221.05,NA,NA,NA,NA
2009-07-03,20090703,256.64,NA,NA,241.86,233.48,NA,NA,222.34,221.06,NA,NA,NA,NA
2009-07-04,20090704,256.57,NA,NA,241.61,233.26,NA,NA,222.31,221.01,NA,NA,NA,NA
2009-07-05,20090705,256.51,NA,NA,241.36,233.06,NA,NA,222.26,220.92,NA,NA,NA,NA
2009-07-06,20090706,256.46,NA,NA,241.14,232.89,NA,NA,222.27,220.91,NA,NA,NA,NA
2009-07-07,20090707,256.42,NA,NA,241.07,232.82,NA,NA,222.25,220.84,NA,NA,NA,NA
2009-07-08,20090708,256.38,NA,NA,240.99,232.76,NA,NA,222.21,220.79,NA,NA,NA,NA
2009-07-09,20090709,256.34,NA,NA,240.84,232.65,NA,NA,222.2,220.76,NA,NA,NA,NA
2009-07-10,20090710,256.3,NA,NA,240.8,232.62,NA,NA,222.2,220.81,NA,NA,NA,NA
2009-07-11,20090711,256.26,NA,NA,240.69,232.54,NA,NA,222.2,220.87,NA,NA,NA,NA
2009-07-12,20090712,256.22,NA,NA,240.51,232.42,NA,NA,222.17,220.73,NA,NA,NA,NA
2009-07-13,20090713,256.17,NA,NA,240.31,232.3,NA,NA,222.19,220.71,NA,NA,NA,NA
2009-07-14,20090714,256.12,NA,NA,240.06,232.13,NA,NA,222.16,220.7,NA,NA,NA,NA
2009-07-15,20090715,256.07,NA,NA,239.77,231.94,NA,NA,222.13,220.72,NA,NA,NA,NA
2009-07-16,20090716,256.02,NA,NA,239.44,231.71,NA,NA,222.12,220.7,NA,NA,NA,NA
2009-07-17,20090717,255.97,NA,NA,239.14,231.46,NA,NA,222.12,220.74,NA,NA,NA,NA
2009-07-18,20090718,255.92,NA,NA,238.88,231.24,NA,NA,222.11,220.7,NA,NA,NA,NA
2009-07-19,20090719,255.87,NA,NA,238.68,231.07,NA,NA,222.1,220.63,NA,NA,NA,NA
2009-07-20,20090720,255.82,NA,NA,238.5,230.92,NA,NA,222.06,220.6,NA,NA,NA,NA
2009-07-21,20090721,255.78,NA,NA,238.36,230.8,NA,NA,222.03,220.63,NA,NA,NA,NA
2009-07-22,20090722,255.73,NA,NA,238.2,230.64,NA,NA,221.99,220.58,NA,NA,NA,NA
2009-07-23,20090723,255.68,NA,NA,238.02,230.44,NA,NA,221.94,220.5,NA,NA,NA,NA
2009-07-24,20090724,255.63,NA,NA,237.85,230.24,NA,NA,221.93,220.44,NA,NA,NA,NA
2009-07-25,20090725,255.58,NA,NA,237.73,230.05,NA,NA,221.94,220.46,NA,NA,NA,NA
2009-07-26,20090726,255.53,NA,NA,237.63,229.9,NA,NA,221.83,220.41,NA,NA,NA,NA
2009-07-27,20090727,255.47,NA,NA,237.55,229.77,NA,NA,221.71,220.3,NA,NA,NA,NA
2009-07-28,20090728,255.41,NA,NA,237.46,229.61,NA,NA,221.65,220.3,NA,NA,NA,NA
2009-07-29,20090729,255.35,NA,NA,237.38,229.44,NA,NA,221.64,220.28,NA,NA,NA,NA
2009-07-30,20090730,255.28,NA,NA,237.3,229.27,NA,NA,221.59,220.18,NA,NA,NA,NA
2009-07-31,20090731,255.22,NA,NA,237.23,229.1,NA,NA,221.52,220.12,NA,NA,NA,NA
2009-08-01,20090801,255.16,NA,NA,237.18,228.96,NA,NA,221.47,220.17,NA,NA,NA,NA
2009-08-02,20090802,255.1,NA,NA,237.14,228.87,NA,NA,221.45,220.14,NA,NA,NA,NA
2009-08-03,20090803,255.04,NA,NA,237.11,228.78,NA,NA,221.43,220.13,NA,NA,NA,NA
2009-08-04,20090804,254.99,NA,NA,237.1,228.79,NA,NA,221.42,220.16,NA,NA,NA,NA
2009-08-05,20090805,254.94,NA,NA,235.71,226.7,NA,NA,221.35,220.04,NA,NA,NA,NA
2009-08-06,20090806,254.9,NA,NA,237.14,228.72,NA,NA,221.31,220.06,NA,NA,NA,NA
2009-08-07,20090807,254.86,NA,NA,237.14,228.66,NA,NA,221.29,220.05,NA,NA,NA,NA
2009-08-08,20090808,254.82,NA,NA,237.13,228.59,NA,NA,221.24,219.98,NA,NA,NA,NA
2009-08-09,20090809,254.78,NA,NA,237.11,228.52,NA,NA,221.21,219.95,NA,NA,NA,NA
2009-08-10,20090810,254.73,NA,NA,237.07,228.47,NA,NA,221.17,219.91,NA,NA,NA,NA
2009-08-11,20090811,254.68,NA,NA,237.04,228.4,NA,NA,221.17,219.94,NA,NA,NA,NA
2009-08-12,20090812,254.64,NA,NA,237.03,228.3,NA,NA,221.16,219.86,NA,NA,NA,NA
2009-08-13,20090813,254.59,NA,NA,237.07,228.2,NA,NA,221.16,219.83,NA,NA,NA,NA
2009-08-14,20090814,254.55,NA,NA,237.13,228.11,NA,NA,221.18,219.91,NA,NA,NA,NA
2009-08-15,20090815,254.51,NA,NA,237.14,228.03,NA,NA,221.21,219.96,NA,NA,NA,NA
2009-08-16,20090816,254.48,NA,NA,237.09,227.98,NA,NA,221.18,219.85,NA,NA,NA,NA
2009-08-17,20090817,254.44,NA,NA,237.03,227.94,NA,NA,221.2,219.94,NA,NA,NA,NA
2009-08-18,20090818,254.41,NA,NA,236.99,227.87,NA,NA,221.21,219.95,NA,NA,NA,NA
2009-08-19,20090819,254.38,NA,NA,236.96,227.81,NA,NA,221.17,219.86,NA,NA,NA,NA
2009-08-20,20090820,254.35,NA,NA,236.93,227.77,NA,NA,221.18,219.96,NA,NA,NA,NA
2009-08-21,20090821,254.34,NA,NA,236.93,227.68,NA,NA,221.19,219.95,NA,NA,NA,NA
2009-08-22,20090822,254.33,NA,NA,236.95,227.6,NA,NA,221.16,219.95,NA,NA,NA,NA
2009-08-23,20090823,254.33,NA,NA,236.95,227.56,NA,NA,221.15,219.95,NA,NA,NA,NA
2009-08-24,20090824,254.34,NA,NA,236.94,227.51,NA,NA,221.14,220,NA,NA,NA,NA
2009-08-25,20090825,254.35,NA,NA,236.91,227.42,NA,NA,221.15,219.95,NA,NA,NA,NA
2009-08-26,20090826,254.37,NA,NA,236.89,227.33,NA,NA,221.12,219.85,NA,NA,NA,NA
2009-08-27,20090827,254.39,NA,NA,236.86,227.24,NA,NA,221.12,219.9,NA,NA,NA,NA
2009-08-28,20090828,254.41,NA,NA,236.84,227.16,NA,NA,221.12,219.93,NA,NA,NA,NA
2009-08-29,20090829,254.43,NA,NA,236.84,227.14,NA,NA,221.06,219.82,NA,NA,NA,NA
2009-08-30,20090830,254.44,NA,NA,236.84,227.14,NA,NA,221.07,219.93,NA,NA,NA,NA
2009-08-31,20090831,254.46,NA,NA,236.84,227.13,NA,NA,221.08,219.9,NA,NA,NA,NA
2009-09-01,20090901,254.48,NA,NA,236.84,227.13,NA,NA,221.04,219.81,NA,NA,NA,NA
2009-09-02,20090902,254.5,NA,NA,236.83,227.16,NA,NA,221,219.76,NA,NA,NA,NA
2009-09-03,20090903,254.52,NA,NA,236.82,227.12,NA,NA,221,219.87,NA,NA,NA,NA
2009-09-04,20090904,254.53,NA,NA,236.8,227.05,NA,NA,220.99,219.87,NA,NA,NA,NA
2009-09-05,20090905,254.54,NA,NA,236.79,226.99,NA,NA,220.98,219.87,NA,NA,NA,NA
2009-09-06,20090906,254.55,NA,NA,236.78,226.94,NA,NA,220.97,219.86,NA,NA,NA,NA
2009-09-07,20090907,254.56,NA,NA,236.76,226.84,NA,NA,220.94,219.88,NA,NA,NA,NA
2009-09-08,20090908,254.56,NA,NA,236.75,226.67,NA,NA,220.91,219.85,NA,NA,NA,NA
2009-09-09,20090909,254.56,NA,NA,236.74,226.27,NA,NA,220.89,219.72,NA,NA,NA,NA
2009-09-10,20090910,254.56,NA,NA,236.73,225.97,NA,NA,220.97,219.76,NA,NA,NA,NA
2009-09-11,20090911,254.55,NA,NA,236.72,226.02,NA,NA,220.93,219.75,NA,NA,NA,NA
2009-09-12,20090912,254.54,NA,NA,236.71,226.25,NA,NA,220.86,219.72,NA,NA,NA,NA
2009-09-13,20090913,254.52,NA,NA,236.7,226.38,NA,NA,220.82,219.73,NA,NA,NA,NA
2009-09-14,20090914,254.5,NA,NA,236.68,226.51,NA,NA,220.79,219.78,NA,NA,NA,NA
2009-09-15,20090915,254.48,NA,NA,236.67,226.63,NA,NA,220.81,219.9,NA,NA,NA,NA
2009-09-16,20090916,254.45,NA,NA,236.66,226.79,NA,NA,220.84,219.96,NA,NA,NA,NA
2009-09-17,20090917,254.42,NA,NA,236.66,226.96,NA,NA,220.85,219.88,NA,NA,NA,NA
2009-09-18,20090918,254.39,NA,NA,236.65,227.13,NA,NA,220.84,219.84,NA,NA,NA,NA
2009-09-19,20090919,254.35,NA,NA,236.64,227.27,NA,NA,220.84,219.84,NA,NA,NA,NA
2009-09-20,20090920,254.32,NA,NA,236.63,227.37,NA,NA,220.82,219.85,NA,NA,NA,NA
2009-09-21,20090921,254.3,NA,NA,236.63,227.46,NA,NA,220.78,219.79,NA,NA,NA,NA
2009-09-22,20090922,254.27,NA,NA,236.62,227.57,NA,NA,220.75,219.81,NA,NA,NA,NA
2009-09-23,20090923,254.25,NA,NA,236.61,227.66,NA,NA,220.73,219.8,NA,NA,NA,NA
2009-09-24,20090924,254.22,NA,NA,236.6,227.67,NA,NA,220.7,219.8,NA,NA,NA,NA
2009-09-25,20090925,254.19,NA,NA,236.59,227.66,NA,NA,220.68,219.73,NA,NA,NA,NA
2009-09-26,20090926,254.17,NA,NA,236.59,227.67,NA,NA,220.64,219.72,NA,NA,NA,NA
2009-09-27,20090927,254.16,NA,NA,236.59,227.72,NA,NA,220.61,219.69,NA,NA,NA,NA
2009-09-28,20090928,254.16,NA,NA,236.58,227.74,NA,NA,220.59,219.71,NA,NA,NA,NA
2009-09-29,20090929,254.16,NA,NA,236.57,227.69,NA,NA,220.62,219.83,NA,NA,NA,NA
2009-09-30,20090930,254.16,NA,NA,236.57,227.64,NA,NA,220.61,219.8,NA,NA,NA,NA
2009-10-01,20091001,254.16,NA,NA,236.57,227.58,NA,NA,220.55,219.63,NA,NA,NA,NA
2009-10-02,20091002,254.16,NA,NA,236.58,227.56,NA,NA,220.54,219.69,NA,NA,NA,NA
2009-10-03,20091003,254.16,NA,NA,236.59,227.56,NA,NA,220.58,219.81,NA,NA,NA,NA
2009-10-04,20091004,254.16,NA,NA,236.63,227.54,NA,NA,220.56,219.72,NA,NA,NA,NA
2009-10-05,20091005,254.16,NA,NA,236.69,227.53,NA,NA,220.54,219.72,NA,NA,NA,NA
2009-10-06,20091006,254.17,NA,NA,236.75,227.51,NA,NA,220.58,219.83,NA,NA,NA,NA
2009-10-07,20091007,254.16,NA,NA,236.79,227.49,NA,NA,220.59,219.74,NA,NA,NA,NA
2009-10-08,20091008,254.17,NA,NA,236.81,227.46,NA,NA,220.61,219.6,NA,NA,NA,NA
2009-10-09,20091009,254.18,NA,NA,236.8,227.43,NA,NA,220.65,219.67,NA,NA,NA,NA
2009-10-10,20091010,254.18,NA,NA,236.78,227.42,NA,NA,220.71,219.81,NA,NA,NA,NA
2009-10-11,20091011,254.19,NA,NA,236.79,227.44,NA,NA,220.74,219.88,NA,NA,NA,NA
2009-10-12,20091012,254.19,NA,NA,236.89,227.46,NA,NA,220.76,219.93,NA,NA,NA,NA
2009-10-13,20091013,254.46,NA,NA,237.47,227.62,NA,NA,221.29,220.22,NA,NA,NA,NA
2009-10-14,20091014,254.69,NA,NA,237.93,227.78,NA,NA,221.86,220.59,NA,NA,NA,NA
2009-10-15,20091015,254.57,NA,NA,237.84,227.81,NA,NA,221.9,220.59,NA,NA,NA,NA
2009-10-16,20091016,254.49,NA,NA,237.69,227.8,NA,NA,221.84,220.54,NA,NA,NA,NA
2009-10-17,20091017,254.42,NA,NA,237.55,227.78,NA,NA,221.75,220.51,NA,NA,NA,NA
2009-10-18,20091018,254.37,NA,NA,237.42,227.77,NA,NA,222,220.55,NA,NA,NA,NA
2009-10-19,20091019,254.33,NA,NA,237.32,227.75,NA,NA,222.3,220.79,NA,NA,NA,NA
2009-10-20,20091020,254.31,NA,NA,237.27,227.71,NA,NA,222.2,220.79,NA,NA,NA,NA
2009-10-21,20091021,254.3,NA,NA,237.18,227.65,NA,NA,222.07,220.73,NA,NA,NA,NA
2009-10-22,20091022,254.29,NA,NA,237.11,227.59,NA,NA,221.94,220.68,NA,NA,NA,NA
2009-10-23,20091023,254.29,NA,NA,237.04,227.53,NA,NA,221.81,220.62,NA,NA,NA,NA
2009-10-24,20091024,254.29,NA,NA,236.98,227.51,NA,NA,221.7,220.58,NA,NA,NA,NA
2009-10-25,20091025,254.3,NA,NA,236.93,227.53,NA,NA,221.61,220.53,NA,NA,NA,NA
2009-10-26,20091026,254.31,NA,NA,236.88,227.56,NA,NA,221.54,220.49,NA,NA,NA,NA
2009-10-27,20091027,254.32,NA,NA,236.85,227.56,NA,NA,221.49,220.46,NA,NA,NA,NA
2009-10-28,20091028,254.34,NA,NA,236.82,227.51,NA,NA,221.45,220.44,NA,NA,NA,NA
2009-10-29,20091029,254.35,NA,NA,236.78,227.46,NA,NA,221.41,220.42,NA,NA,NA,NA
2009-10-30,20091030,254.37,NA,NA,236.75,227.44,NA,NA,221.37,220.39,NA,NA,NA,NA
2009-10-31,20091031,254.4,NA,NA,236.74,227.46,NA,NA,221.37,220.39,NA,NA,NA,NA
2009-11-01,20091101,254.42,NA,NA,236.72,227.49,NA,NA,221.42,220.37,NA,NA,NA,NA
2009-11-02,20091102,254.44,NA,NA,236.71,227.49,NA,NA,221.41,220.31,NA,NA,NA,NA
2009-11-03,20091103,254.47,NA,NA,236.72,227.45,NA,NA,221.36,220.23,NA,NA,NA,NA
2009-11-04,20091104,254.49,NA,NA,236.74,227.4,NA,NA,221.33,220.25,NA,NA,NA,NA
2009-11-05,20091105,254.51,NA,NA,236.82,227.35,NA,NA,221.33,220.31,NA,NA,NA,NA
2009-11-06,20091106,254.53,NA,NA,237,227.3,NA,NA,221.31,220.31,NA,NA,NA,NA
2009-11-07,20091107,254.56,NA,NA,237.19,227.27,NA,NA,221.3,220.32,NA,NA,NA,NA
2009-11-08,20091108,254.58,NA,NA,237.28,227.26,NA,NA,221.28,220.32,NA,NA,NA,NA
2009-11-09,20091109,254.6,NA,NA,237.26,227.26,NA,NA,221.27,220.33,NA,NA,NA,NA
2009-11-10,20091110,254.62,NA,NA,237.2,227.24,NA,NA,221.27,220.33,NA,NA,NA,NA
2009-11-11,20091111,254.65,NA,NA,237.15,227.22,NA,NA,221.28,220.33,NA,NA,NA,NA
2009-11-12,20091112,254.66,NA,NA,237.07,227.12,NA,NA,221.27,220.33,NA,NA,NA,NA
2009-11-13,20091113,254.68,NA,NA,236.98,226.77,NA,NA,221.29,220.34,NA,NA,NA,NA
2009-11-14,20091114,254.7,NA,NA,236.89,226.57,NA,NA,221.7,220.37,NA,NA,NA,NA
2009-11-15,20091115,254.73,NA,NA,236.82,226.51,NA,NA,222.19,220.64,NA,NA,NA,NA
2009-11-16,20091116,254.75,NA,NA,236.76,226.48,NA,NA,222.4,220.95,NA,NA,NA,NA
2009-11-17,20091117,254.76,NA,NA,236.71,226.41,NA,NA,222.48,221.1,NA,NA,NA,NA
2009-11-18,20091118,254.79,NA,NA,236.66,226.37,NA,NA,222.51,221.14,NA,NA,NA,NA
2009-11-19,20091119,254.83,NA,NA,236.64,226.39,NA,NA,222.54,221.16,NA,NA,NA,NA
2009-11-20,20091120,254.85,NA,NA,236.6,226.44,NA,NA,222.54,221.17,NA,NA,NA,NA
2009-11-21,20091121,254.88,NA,NA,236.58,226.56,NA,NA,222.56,221.19,NA,NA,NA,NA
2009-11-22,20091122,254.92,NA,NA,236.56,226.75,NA,NA,222.57,221.2,NA,NA,NA,NA
2009-11-23,20091123,254.95,NA,NA,236.54,226.94,NA,NA,222.57,221.19,NA,NA,NA,NA
2009-11-24,20091124,255,NA,NA,236.54,227.14,NA,NA,222.59,221.21,NA,NA,NA,NA
2009-11-25,20091125,255.05,NA,NA,236.54,227.39,NA,NA,222.6,221.24,NA,NA,NA,NA
2009-11-26,20091126,255.12,NA,NA,236.54,227.63,NA,NA,222.62,221.26,NA,NA,NA,NA
2009-11-27,20091127,255.19,NA,NA,236.56,227.9,NA,NA,222.64,221.29,NA,NA,NA,NA
2009-11-28,20091128,255.26,NA,NA,236.58,228.14,NA,NA,222.64,221.29,NA,NA,NA,NA
2009-11-29,20091129,255.33,NA,NA,236.59,228.35,NA,NA,222.64,221.3,NA,NA,NA,NA
2009-11-30,20091130,255.39,NA,NA,236.6,228.51,NA,NA,222.65,221.31,NA,NA,NA,NA
2009-12-01,20091201,255.45,NA,NA,236.61,228.6,NA,NA,222.66,221.31,NA,NA,NA,NA
2009-12-02,20091202,255.5,NA,NA,236.62,228.65,NA,NA,222.66,221.32,NA,NA,NA,NA
2009-12-03,20091203,255.54,NA,NA,236.63,228.68,NA,NA,222.63,221.29,NA,NA,NA,NA
2009-12-04,20091204,255.58,NA,NA,236.63,228.6,NA,NA,222.58,221.22,NA,NA,NA,NA
2009-12-05,20091205,255.61,NA,NA,236.64,228.52,NA,NA,222.58,221.19,NA,NA,NA,NA
2009-12-06,20091206,255.64,NA,NA,236.63,228.48,NA,NA,222.59,221.19,NA,NA,NA,NA
2009-12-07,20091207,255.66,NA,NA,236.65,228.47,NA,NA,222.61,221.23,NA,NA,NA,NA
2009-12-08,20091208,255.68,NA,NA,236.66,228.51,NA,NA,222.62,221.26,NA,NA,NA,NA
2009-12-09,20091209,255.69,NA,NA,236.62,228.53,NA,NA,222.61,221.25,NA,NA,NA,NA
2009-12-10,20091210,255.7,NA,NA,236.58,228.54,NA,NA,222.62,221.26,NA,NA,NA,NA
2009-12-11,20091211,255.71,NA,NA,236.56,228.58,NA,NA,222.63,221.27,NA,NA,NA,NA
2009-12-12,20091212,255.73,NA,NA,236.62,228.63,NA,NA,222.65,221.27,NA,NA,NA,NA
2009-12-13,20091213,255.77,NA,NA,236.79,228.71,NA,NA,222.67,221.28,NA,NA,NA,NA
2009-12-14,20091214,255.79,NA,NA,236.86,228.77,NA,NA,222.69,221.28,NA,NA,NA,NA
2009-12-15,20091215,255.79,NA,NA,236.85,228.76,NA,NA,222.7,221.28,NA,NA,NA,NA
2009-12-16,20091216,255.79,NA,NA,236.86,228.72,NA,NA,222.7,221.28,NA,NA,NA,NA
2009-12-17,20091217,255.8,NA,NA,236.91,228.68,NA,NA,222.7,221.28,NA,NA,NA,NA
2009-12-18,20091218,255.81,NA,NA,236.96,228.64,NA,NA,222.7,221.28,NA,NA,NA,NA
2009-12-19,20091219,255.83,NA,NA,236.98,228.61,NA,NA,222.71,221.29,NA,NA,NA,NA
2009-12-20,20091220,255.86,NA,NA,236.94,228.6,NA,NA,222.71,221.29,NA,NA,NA,NA
2009-12-21,20091221,255.9,NA,NA,236.9,228.58,NA,NA,222.69,221.28,NA,NA,NA,NA
2009-12-22,20091222,255.97,NA,NA,236.86,228.54,NA,NA,222.69,221.27,NA,NA,NA,NA
2009-12-23,20091223,256.05,NA,NA,236.83,228.5,NA,NA,222.69,221.28,NA,NA,NA,NA
2009-12-24,20091224,256.15,NA,NA,236.81,228.47,NA,NA,222.71,221.29,NA,NA,NA,NA
2009-12-25,20091225,256.25,NA,NA,236.81,228.46,NA,NA,222.71,221.3,NA,NA,NA,NA
2009-12-26,20091226,256.36,NA,NA,236.8,228.43,NA,NA,222.7,221.29,NA,NA,NA,NA
2009-12-27,20091227,256.47,NA,NA,236.84,228.43,NA,NA,222.71,221.3,NA,NA,NA,NA
2009-12-28,20091228,256.59,NA,NA,236.88,228.42,NA,NA,222.7,221.28,NA,NA,NA,NA
2009-12-29,20091229,256.71,NA,NA,236.9,228.37,NA,NA,222.7,221.28,NA,NA,NA,NA
2009-12-30,20091230,256.84,NA,NA,236.94,228.32,NA,NA,222.68,221.26,NA,NA,NA,NA
2009-12-31,20091231,256.99,NA,NA,237,228.29,NA,NA,222.67,221.24,NA,NA,NA,NA
2010-01-01,20100101,257.15,NA,NA,237.09,228.27,NA,NA,222.69,221.26,NA,NA,NA,NA
2010-01-02,20100102,257.32,NA,NA,237.19,228.28,NA,NA,222.7,221.27,NA,NA,NA,NA
2010-01-03,20100103,257.51,NA,NA,237.25,228.29,NA,NA,222.71,221.28,NA,NA,NA,NA
2010-01-04,20100104,257.72,NA,NA,237.3,228.29,NA,NA,222.71,221.28,NA,NA,NA,NA
2010-01-05,20100105,257.94,NA,NA,237.3,228.29,NA,NA,222.72,221.29,NA,NA,NA,NA
2010-01-06,20100106,258.16,NA,NA,237.26,228.28,NA,NA,222.72,221.29,NA,NA,NA,NA
2010-01-07,20100107,259.1,NA,NA,237.19,228.26,NA,NA,222.71,221.29,NA,NA,NA,NA
2010-01-08,20100108,261.43,NA,NA,237.13,228.25,NA,NA,222.71,221.29,NA,NA,NA,NA
2010-01-09,20100109,263.38,NA,NA,237.06,228.26,NA,NA,222.71,221.29,NA,NA,NA,NA
2010-01-10,20100110,265.31,NA,NA,236.99,228.28,NA,NA,222.71,221.29,NA,NA,NA,NA
2010-01-11,20100111,265.87,NA,NA,236.91,228.31,NA,NA,222.71,221.3,NA,NA,NA,NA
2010-01-12,20100112,265.47,NA,NA,236.86,228.33,NA,NA,222.71,221.3,NA,NA,NA,NA
2010-01-13,20100113,263.89,NA,NA,236.92,228.39,NA,NA,222.72,221.29,NA,NA,NA,NA
2010-01-14,20100114,263,NA,NA,236.94,228.45,NA,NA,222.74,221.3,NA,NA,NA,NA
2010-01-15,20100115,262.32,NA,NA,236.91,228.5,NA,NA,222.76,221.3,NA,NA,NA,NA
2010-01-16,20100116,261.88,NA,NA,236.87,228.57,NA,NA,222.75,221.3,NA,NA,NA,NA
2010-01-17,20100117,261.7,NA,NA,236.84,228.7,NA,NA,222.77,221.32,NA,NA,NA,NA
2010-01-18,20100118,261.85,NA,NA,237.04,228.88,NA,NA,222.81,221.33,NA,NA,NA,NA
2010-01-19,20100119,265.62,NA,NA,241.46,231.43,NA,NA,223.32,221.69,NA,NA,NA,NA
2010-01-20,20100120,268.52,NA,NA,246.57,236.18,NA,NA,224.07,222.44,NA,NA,NA,NA
2010-01-21,20100121,268.7,NA,NA,246.91,236.44,NA,NA,224.1,222.47,NA,NA,NA,NA
2010-01-22,20100122,269.13,NA,NA,247.2,236.95,NA,NA,224.28,222.61,NA,NA,NA,NA
2010-01-23,20100123,269.44,NA,NA,247.56,237.74,NA,NA,224.46,222.79,NA,NA,NA,NA
2010-01-24,20100124,269.52,NA,NA,247.48,237.71,NA,NA,224.27,222.6,NA,NA,NA,NA
2010-01-25,20100125,269.59,NA,NA,247.41,237.72,NA,NA,224.08,222.4,NA,NA,NA,NA
2010-01-26,20100126,269.67,NA,NA,247.41,237.8,NA,NA,223.98,222.28,NA,NA,NA,NA
2010-01-27,20100127,269.78,NA,NA,247.57,238.25,NA,NA,224.01,222.33,NA,NA,NA,NA
2010-01-28,20100128,269.73,NA,NA,247.45,237.89,NA,NA,223.84,222.16,NA,NA,NA,NA
2010-01-29,20100129,269.73,NA,NA,247.38,237.36,NA,NA,223.73,222.09,NA,NA,NA,NA
2010-01-30,20100130,269.79,NA,NA,247.43,237.24,NA,NA,223.69,222.06,NA,NA,NA,NA
2010-01-31,20100131,269.78,NA,NA,247.42,237.08,NA,NA,223.62,221.98,NA,NA,NA,NA
2010-02-01,20100201,269.81,NA,NA,247.35,236.73,NA,NA,223.51,221.88,NA,NA,NA,NA
2010-02-02,20100202,269.81,NA,NA,247.29,236.38,NA,NA,223.41,221.78,NA,NA,NA,NA
2010-02-03,20100203,269.82,NA,NA,247.21,236.01,NA,NA,223.35,221.72,NA,NA,NA,NA
2010-02-04,20100204,269.81,NA,NA,247.16,235.47,NA,NA,223.3,221.68,NA,NA,NA,NA
2010-02-05,20100205,269.46,NA,NA,247.17,235.7,NA,NA,223.41,221.79,NA,NA,NA,NA
2010-02-06,20100206,269.19,NA,NA,247.24,236.17,NA,NA,223.49,221.86,NA,NA,NA,NA
2010-02-07,20100207,269.28,NA,NA,247.48,236.88,NA,NA,223.54,221.9,NA,NA,NA,NA
2010-02-08,20100208,269.23,NA,NA,247.51,237.37,NA,NA,223.53,221.88,NA,NA,NA,NA
2010-02-09,20100209,269.25,NA,NA,247.54,237.74,NA,NA,223.51,221.87,NA,NA,NA,NA
2010-02-10,20100210,269.21,NA,NA,247.57,238.13,NA,NA,223.52,221.87,NA,NA,NA,NA
2010-02-11,20100211,269.09,NA,NA,247.46,238.2,NA,NA,223.43,221.78,NA,NA,NA,NA
2010-02-12,20100212,268.97,NA,NA,247.36,237.97,NA,NA,223.34,221.68,NA,NA,NA,NA
2010-02-13,20100213,268.85,NA,NA,247.25,237.77,NA,NA,223.27,221.61,NA,NA,NA,NA
2010-02-14,20100214,268.69,NA,NA,247.15,237.62,NA,NA,223.23,221.57,NA,NA,NA,NA
2010-02-15,20100215,268.49,NA,NA,246.94,237.25,NA,NA,223.2,221.54,NA,NA,NA,NA
2010-02-16,20100216,268.22,NA,NA,246.17,236.98,NA,NA,223.16,221.52,NA,NA,NA,NA
2010-02-17,20100217,267.96,NA,NA,245.27,236.83,NA,NA,223.15,221.52,NA,NA,NA,NA
2010-02-18,20100218,267.52,NA,NA,244.47,236.73,NA,NA,223.15,221.51,NA,NA,NA,NA
2010-02-19,20100219,266.96,NA,NA,243.78,236.6,NA,NA,223.17,221.52,NA,NA,NA,NA
2010-02-20,20100220,266.39,NA,NA,243.19,236.44,NA,NA,223.12,221.51,NA,NA,NA,NA
2010-02-21,20100221,266.03,NA,NA,242.78,236.33,NA,NA,223.1,221.51,NA,NA,NA,NA
2010-02-22,20100222,266,NA,NA,242.44,236.14,NA,NA,223.11,221.5,NA,NA,NA,NA
2010-02-23,20100223,266.4,NA,NA,242.13,236,NA,NA,223.18,221.54,NA,NA,NA,NA
2010-02-24,20100224,268.37,NA,NA,246.26,238.85,NA,NA,223.91,222.2,NA,NA,NA,NA
2010-02-25,20100225,268.35,NA,NA,247.45,239.18,NA,NA,224.02,222.37,NA,NA,NA,NA
2010-02-26,20100226,268.68,NA,NA,247.78,239.61,NA,NA,224.18,222.41,NA,NA,NA,NA
2010-02-27,20100227,269.06,NA,NA,248.49,240.74,NA,NA,224.71,223.01,NA,NA,NA,NA
2010-02-28,20100228,268.91,NA,NA,248.34,240.69,NA,NA,224.56,222.86,NA,NA,NA,NA
2010-03-01,20100301,268.82,NA,NA,248.21,240.62,NA,NA,224.25,222.57,NA,NA,NA,NA
2010-03-02,20100302,268.89,NA,NA,248.27,240.73,NA,NA,224.12,222.45,NA,NA,NA,NA
2010-03-03,20100303,269.49,NA,NA,248.95,241.75,NA,NA,224.82,223.07,NA,NA,NA,NA
2010-03-04,20100304,269.41,NA,NA,249.07,241.82,NA,NA,224.99,223.29,NA,NA,NA,NA
2010-03-05,20100305,269.2,NA,NA,248.88,241.56,NA,NA,224.69,222.99,NA,NA,NA,NA
2010-03-06,20100306,269.07,NA,NA,248.8,241.37,NA,NA,224.44,222.75,NA,NA,NA,NA
2010-03-07,20100307,268.93,NA,NA,248.65,241.09,NA,NA,224.2,222.54,NA,NA,NA,NA
2010-03-08,20100308,268.85,NA,NA,248.56,240.83,NA,NA,224.04,222.39,NA,NA,NA,NA
2010-03-09,20100309,268.75,NA,NA,248.49,240.6,NA,NA,223.94,222.3,NA,NA,NA,NA
2010-03-10,20100310,268.79,NA,NA,248.49,240.5,NA,NA,223.91,222.29,NA,NA,NA,NA
2010-03-11,20100311,268.65,NA,NA,248.44,240.29,NA,NA,223.86,222.24,NA,NA,NA,NA
2010-03-12,20100312,268.78,NA,NA,248.58,240.41,NA,NA,223.94,222.31,NA,NA,NA,NA
2010-03-13,20100313,268.96,NA,NA,248.92,240.98,NA,NA,224.25,222.63,NA,NA,NA,NA
2010-03-14,20100314,268.72,NA,NA,248.84,240.82,NA,NA,224.12,222.5,NA,NA,NA,NA
2010-03-15,20100315,268.61,NA,NA,248.81,240.69,NA,NA,223.98,222.37,NA,NA,NA,NA
2010-03-16,20100316,268.6,NA,NA,248.81,240.55,NA,NA,223.87,222.27,NA,NA,NA,NA
2010-03-17,20100317,268.55,NA,NA,248.8,240.39,NA,NA,223.78,222.18,NA,NA,NA,NA
2010-03-18,20100318,268.47,NA,NA,248.76,240.14,NA,NA,223.69,222.12,NA,NA,NA,NA
2010-03-19,20100319,268.3,NA,NA,248.72,239.83,NA,NA,223.63,222.07,NA,NA,NA,NA
2010-03-20,20100320,268.17,NA,NA,248.58,239.51,NA,NA,223.57,222.01,NA,NA,NA,NA
2010-03-21,20100321,268.05,NA,NA,248.29,239.09,NA,NA,223.51,221.96,NA,NA,NA,NA
2010-03-22,20100322,267.98,NA,NA,248.06,238.75,NA,NA,223.47,221.91,NA,NA,NA,NA
2010-03-23,20100323,267.86,NA,NA,247.87,238.45,NA,NA,223.42,221.86,NA,NA,NA,NA
2010-03-24,20100324,267.73,NA,NA,247.62,238.09,NA,NA,223.35,221.83,NA,NA,NA,NA
2010-03-25,20100325,267.6,NA,NA,247.42,237.75,NA,NA,223.29,221.79,NA,NA,NA,NA
2010-03-26,20100326,267.47,NA,NA,247.21,237.33,NA,NA,223.25,221.78,NA,NA,NA,NA
2010-03-27,20100327,267.31,NA,NA,247.01,237.24,NA,NA,223.22,221.76,NA,NA,NA,NA
2010-03-28,20100328,267.24,NA,NA,246.9,237.34,NA,NA,223.21,221.75,NA,NA,NA,NA
2010-03-29,20100329,267.14,NA,NA,246.85,237.42,NA,NA,223.2,221.74,NA,NA,NA,NA
2010-03-30,20100330,267.14,NA,NA,246.4,237.16,NA,NA,223.2,221.74,NA,NA,NA,NA
2010-03-31,20100331,267.28,NA,NA,246.68,237.25,NA,NA,223.22,221.75,NA,NA,NA,NA
2010-04-01,20100401,267.25,NA,NA,246.92,237.35,NA,NA,223.21,221.73,NA,NA,NA,NA
2010-04-02,20100402,267.05,NA,NA,246.64,237.15,NA,NA,223.21,221.71,NA,NA,NA,NA
2010-04-03,20100403,267.13,NA,NA,246.67,237.25,NA,NA,223.24,221.7,NA,NA,NA,NA
2010-04-04,20100404,267.31,NA,NA,247.08,237.56,NA,NA,223.35,221.75,NA,NA,NA,NA
2010-04-05,20100405,268.46,NA,NA,248.49,239.17,NA,NA,223.93,222.31,NA,NA,NA,NA
2010-04-06,20100406,268.27,NA,NA,248.44,239.25,NA,NA,223.97,222.36,NA,NA,NA,NA
2010-04-07,20100407,268.08,NA,NA,248.38,239.06,NA,NA,223.83,222.21,NA,NA,NA,NA
2010-04-08,20100408,267.93,NA,NA,248.37,238.87,NA,NA,223.7,222.1,NA,NA,NA,NA
2010-04-09,20100409,267.81,NA,NA,248.37,238.69,NA,NA,223.6,222.01,NA,NA,NA,NA
2010-04-10,20100410,267.71,NA,NA,248.43,238.57,NA,NA,223.53,221.96,NA,NA,NA,NA
2010-04-11,20100411,267.79,NA,NA,248.56,238.57,NA,NA,223.55,221.97,NA,NA,NA,NA
2010-04-12,20100412,268.7,NA,NA,249.17,239.68,NA,NA,224.14,222.46,NA,NA,NA,NA
2010-04-13,20100413,268.58,NA,NA,249.21,240.08,NA,NA,224.35,222.72,NA,NA,NA,NA
2010-04-14,20100414,268.33,NA,NA,249.04,239.92,NA,NA,224.14,222.51,NA,NA,NA,NA
2010-04-15,20100415,268.16,NA,NA,248.96,239.74,NA,NA,223.99,222.36,NA,NA,NA,NA
2010-04-16,20100416,268.05,NA,NA,248.93,239.53,NA,NA,223.86,222.23,NA,NA,NA,NA
2010-04-17,20100417,267.95,NA,NA,248.99,239.37,NA,NA,223.78,222.15,NA,NA,NA,NA
2010-04-18,20100418,267.87,NA,NA,249.03,239.28,NA,NA,223.7,222.09,NA,NA,NA,NA
2010-04-19,20100419,267.83,NA,NA,248.97,239.08,NA,NA,223.63,222.03,NA,NA,NA,NA
2010-04-20,20100420,267.93,NA,NA,249,239.04,NA,NA,223.67,222.08,NA,NA,NA,NA
2010-04-21,20100421,267.96,NA,NA,249.01,239.02,NA,NA,223.69,222.09,NA,NA,NA,NA
2010-04-22,20100422,268.07,NA,NA,249.03,239.04,NA,NA,223.69,222.09,NA,NA,NA,NA
2010-04-23,20100423,267.9,NA,NA,248.94,238.83,NA,NA,223.64,222.04,NA,NA,NA,NA
2010-04-24,20100424,267.8,NA,NA,248.96,238.79,NA,NA,223.6,222.01,NA,NA,NA,NA
2010-04-25,20100425,267.75,NA,NA,248.97,238.77,NA,NA,223.56,221.98,NA,NA,NA,NA
2010-04-26,20100426,267.67,NA,NA,248.88,238.63,NA,NA,223.5,221.94,NA,NA,NA,NA
2010-04-27,20100427,267.66,NA,NA,248.81,238.46,NA,NA,223.44,221.9,NA,NA,NA,NA
2010-04-28,20100428,267.63,NA,NA,248.86,238.52,NA,NA,223.38,221.86,NA,NA,NA,NA
2010-04-29,20100429,267.57,NA,NA,248.9,238.61,NA,NA,223.35,221.85,NA,NA,NA,NA
2010-04-30,20100430,267.47,NA,NA,248.8,238.46,NA,NA,223.31,221.81,NA,NA,NA,NA
2010-05-01,20100501,267.41,NA,NA,248.78,238.39,NA,NA,223.29,221.78,NA,NA,NA,NA
2010-05-02,20100502,267.33,NA,NA,248.74,238.34,NA,NA,223.25,221.74,NA,NA,NA,NA
2010-05-03,20100503,267.25,NA,NA,248.52,238.16,NA,NA,223.21,221.7,NA,NA,NA,NA
2010-05-04,20100504,267.13,NA,NA,248.13,237.93,NA,NA,223.17,221.66,NA,NA,NA,NA
2010-05-05,20100505,267,NA,NA,247.68,237.71,NA,NA,223.12,221.62,NA,NA,NA,NA
2010-05-06,20100506,266.89,NA,NA,247.33,237.55,NA,NA,223.08,221.59,NA,NA,NA,NA
2010-05-07,20100507,266.77,NA,NA,247.09,237.45,NA,NA,223.04,221.54,NA,NA,NA,NA
2010-05-08,20100508,266.61,NA,NA,247.04,237.45,NA,NA,223.03,221.53,NA,NA,NA,NA
2010-05-09,20100509,266.53,NA,NA,247.08,237.56,NA,NA,223.04,221.58,NA,NA,NA,NA
2010-05-10,20100510,266.53,NA,NA,246.98,237.5,NA,NA,223.04,221.58,NA,NA,NA,NA
2010-05-11,20100511,266.6,NA,NA,246.88,237.32,NA,NA,223.02,221.56,NA,NA,NA,NA
2010-05-12,20100512,266.6,NA,NA,247.06,237.26,NA,NA,223.07,221.61,NA,NA,NA,NA
2010-05-13,20100513,266.47,NA,NA,246.92,237.25,NA,NA,223.11,221.6,NA,NA,NA,NA
2010-05-14,20100514,266.1,NA,NA,246.97,237.37,NA,NA,223.09,221.58,NA,NA,NA,NA
2010-05-15,20100515,265.55,NA,NA,247.15,237.64,NA,NA,223.11,221.6,NA,NA,NA,NA
2010-05-16,20100516,265.13,NA,NA,247.3,237.89,NA,NA,223.12,221.59,NA,NA,NA,NA
2010-05-17,20100517,264.82,NA,NA,247.25,237.94,NA,NA,223.12,221.62,NA,NA,NA,NA
2010-05-18,20100518,264.62,NA,NA,247.16,237.84,NA,NA,223.1,221.64,NA,NA,NA,NA
2010-05-19,20100519,264.46,NA,NA,247.1,237.73,NA,NA,223.09,221.63,NA,NA,NA,NA
2010-05-20,20100520,264.32,NA,NA,247.09,237.68,NA,NA,223.07,221.59,NA,NA,NA,NA
2010-05-21,20100521,264.18,NA,NA,247.2,237.75,NA,NA,223.07,221.58,NA,NA,NA,NA
2010-05-22,20100522,263.94,NA,NA,247.26,237.77,NA,NA,223.11,221.64,NA,NA,NA,NA
2010-05-23,20100523,263.71,NA,NA,247.31,237.8,NA,NA,223.12,221.67,NA,NA,NA,NA
2010-05-24,20100524,263.54,NA,NA,247.22,237.75,NA,NA,223.18,221.7,NA,NA,NA,NA
2010-05-25,20100525,263.39,NA,NA,247.11,237.72,NA,NA,223.24,221.77,NA,NA,NA,NA
2010-05-26,20100526,263.48,NA,NA,247.03,237.66,NA,NA,223.3,221.82,NA,NA,NA,NA
2010-05-27,20100527,263.54,NA,NA,246.97,237.59,NA,NA,223.33,221.84,NA,NA,NA,NA
2010-05-28,20100528,263.83,NA,NA,246.96,237.59,NA,NA,223.32,221.84,NA,NA,NA,NA
2010-05-29,20100529,263.81,NA,NA,247,237.63,NA,NA,223.32,221.84,NA,NA,NA,NA
2010-05-30,20100530,263.59,NA,NA,247.04,237.68,NA,NA,223.3,221.79,NA,NA,NA,NA
2010-05-31,20100531,263.3,NA,NA,247.04,237.68,NA,NA,223.29,221.77,NA,NA,NA,NA
2010-06-01,20100601,263.05,NA,NA,246.94,237.48,NA,NA,223.14,221.67,NA,NA,NA,NA
2010-06-02,20100602,262.82,NA,NA,246.81,237.15,NA,NA,222.96,221.51,NA,NA,NA,NA
2010-06-03,20100603,262.63,NA,NA,246.66,236.86,NA,NA,222.86,221.4,NA,NA,NA,NA
2010-06-04,20100604,262.46,NA,NA,246.55,236.63,NA,NA,222.87,221.39,NA,NA,NA,NA
2010-06-05,20100605,262.31,NA,NA,246.62,236.62,NA,NA,222.93,221.47,NA,NA,NA,NA
2010-06-06,20100606,262.16,NA,NA,246.75,236.81,NA,NA,222.95,221.49,NA,NA,NA,NA
2010-06-07,20100607,262.04,NA,NA,246.75,236.92,NA,NA,222.96,221.52,NA,NA,NA,NA
2010-06-08,20100608,261.83,NA,NA,246.63,236.75,NA,NA,222.93,221.49,NA,NA,NA,NA
2010-06-09,20100609,261.65,NA,NA,246.56,236.58,NA,NA,222.91,221.45,NA,NA,NA,NA
2010-06-10,20100610,261.56,NA,NA,246.53,236.51,NA,NA,222.95,221.44,NA,NA,NA,NA
2010-06-11,20100611,261.48,NA,NA,246.49,236.42,NA,NA,222.95,221.43,NA,NA,NA,NA
2010-06-12,20100612,261.41,NA,NA,246.52,236.44,NA,NA,222.95,221.47,NA,NA,NA,NA
2010-06-13,20100613,261.34,NA,NA,246.64,236.67,NA,NA,222.93,221.44,NA,NA,NA,NA
2010-06-14,20100614,261.27,NA,NA,246.65,236.82,NA,NA,222.87,221.39,NA,NA,NA,NA
2010-06-15,20100615,261.2,NA,NA,246.51,236.58,NA,NA,222.91,221.45,NA,NA,NA,NA
2010-06-16,20100616,261.11,NA,NA,246.43,236.41,NA,NA,222.96,221.5,NA,NA,NA,NA
2010-06-17,20100617,261.04,NA,NA,246.42,236.35,NA,NA,222.96,221.47,NA,NA,NA,NA
2010-06-18,20100618,260.97,NA,NA,246.38,236.34,NA,NA,222.95,221.47,NA,NA,NA,NA
2010-06-19,20100619,260.89,NA,NA,246.42,236.36,NA,NA,222.96,221.51,NA,NA,NA,NA
2010-06-20,20100620,260.8,NA,NA,246.54,236.57,NA,NA,222.95,221.5,NA,NA,NA,NA
2010-06-21,20100621,260.71,NA,NA,246.51,236.63,NA,NA,222.93,221.47,NA,NA,NA,NA
2010-06-22,20100622,260.62,NA,NA,246.38,236.4,NA,NA,222.93,221.48,NA,NA,NA,NA
2010-06-23,20100623,260.53,NA,NA,246.32,236.3,NA,NA,222.94,221.53,NA,NA,NA,NA
2010-06-24,20100624,260.43,NA,NA,246.26,236.28,NA,NA,222.98,221.56,NA,NA,NA,NA
2010-06-25,20100625,260.16,NA,NA,246.26,236.33,NA,NA,223.01,221.57,NA,NA,NA,NA
2010-06-26,20100626,259.9,NA,NA,246.38,236.49,NA,NA,223.02,221.59,NA,NA,NA,NA
2010-06-27,20100627,259.89,NA,NA,246.52,236.76,NA,NA,223.02,221.59,NA,NA,NA,NA
2010-06-28,20100628,259.94,NA,NA,246.53,236.87,NA,NA,222.99,221.6,NA,NA,NA,NA
2010-06-29,20100629,259.8,NA,NA,246.51,236.78,NA,NA,222.88,221.49,NA,NA,NA,NA
2010-06-30,20100630,259.73,NA,NA,246.41,236.55,NA,NA,222.84,221.44,NA,NA,NA,NA
2010-07-01,20100701,259.62,NA,NA,246.36,236.39,NA,NA,222.86,221.47,NA,NA,NA,NA
2010-07-02,20100702,259.46,NA,NA,246.36,236.34,NA,NA,222.86,221.47,NA,NA,NA,NA
2010-07-03,20100703,259.35,NA,NA,246.46,236.46,NA,NA,222.83,221.45,NA,NA,NA,NA
2010-07-04,20100704,259.24,NA,NA,246.56,236.65,NA,NA,222.85,221.5,NA,NA,NA,NA
2010-07-05,20100705,259.14,NA,NA,246.48,236.62,NA,NA,222.85,221.49,NA,NA,NA,NA
2010-07-06,20100706,259.03,NA,NA,246.26,236.25,NA,NA,222.81,221.45,NA,NA,NA,NA
2010-07-07,20100707,258.93,NA,NA,246.01,235.93,NA,NA,222.75,221.38,NA,NA,NA,NA
2010-07-08,20100708,258.82,NA,NA,245.73,235.72,NA,NA,222.73,221.38,NA,NA,NA,NA
2010-07-09,20100709,258.73,NA,NA,245.37,235.49,NA,NA,222.72,221.35,NA,NA,NA,NA
2010-07-10,20100710,258.63,NA,NA,245.15,235.39,NA,NA,222.68,221.26,NA,NA,NA,NA
2010-07-11,20100711,258.51,NA,NA,245.03,235.35,NA,NA,222.64,221.19,NA,NA,NA,NA
2010-07-12,20100712,258.41,NA,NA,244.8,235.29,NA,NA,222.65,221.27,NA,NA,NA,NA
2010-07-13,20100713,258.31,NA,NA,244.41,235.12,NA,NA,222.64,221.27,NA,NA,NA,NA
2010-07-14,20100714,258.16,NA,NA,244.01,234.88,NA,NA,222.61,221.15,NA,NA,NA,NA
2010-07-15,20100715,258.01,NA,NA,243.75,234.71,NA,NA,222.58,221.11,NA,NA,NA,NA
2010-07-16,20100716,257.95,NA,NA,243.61,234.63,NA,NA,222.53,221.12,NA,NA,NA,NA
2010-07-17,20100717,257.89,NA,NA,243.56,234.59,NA,NA,222.56,221.19,NA,NA,NA,NA
2010-07-18,20100718,257.82,NA,NA,243.54,234.58,NA,NA,222.55,221.11,NA,NA,NA,NA
2010-07-19,20100719,257.75,NA,NA,243.44,234.53,NA,NA,222.56,221.15,NA,NA,NA,NA
2010-07-20,20100720,257.64,NA,NA,243.25,234.42,NA,NA,222.59,221.19,NA,NA,NA,NA
2010-07-21,20100721,257.53,NA,NA,243.04,234.31,NA,NA,222.54,221.1,NA,NA,NA,NA
2010-07-22,20100722,257.46,NA,NA,242.83,234.18,NA,NA,222.47,221.01,NA,NA,NA,NA
2010-07-23,20100723,257.41,NA,NA,242.57,234.01,NA,NA,222.45,221.06,NA,NA,NA,NA
2010-07-24,20100724,257.32,NA,NA,242.43,233.92,NA,NA,222.46,221.16,NA,NA,NA,NA
2010-07-25,20100725,257.25,NA,NA,242.39,233.9,NA,NA,222.49,221.22,NA,NA,NA,NA
2010-07-26,20100726,257.19,NA,NA,242.29,233.85,NA,NA,222.48,221.22,NA,NA,NA,NA
2010-07-27,20100727,257.03,NA,NA,242.07,233.73,NA,NA,222.47,221.2,NA,NA,NA,NA
2010-07-28,20100728,256.73,NA,NA,241.82,233.58,NA,NA,222.45,221.18,NA,NA,NA,NA
2010-07-29,20100729,256.66,NA,NA,241.6,233.45,NA,NA,222.44,221.17,NA,NA,NA,NA
2010-07-30,20100730,256.48,NA,NA,241.37,233.31,NA,NA,222.53,221.27,NA,NA,NA,NA
2010-07-31,20100731,255.91,NA,NA,241.21,233.22,NA,NA,222.6,221.34,NA,NA,NA,NA
2010-08-01,20100801,255.89,NA,NA,241.22,233.22,NA,NA,222.62,221.33,NA,NA,NA,NA
2010-08-02,20100802,255.91,NA,NA,241.15,233.19,NA,NA,222.56,221.27,NA,NA,NA,NA
2010-08-03,20100803,255.92,NA,NA,241.01,233.09,NA,NA,222.5,221.24,NA,NA,NA,NA
2010-08-04,20100804,255.88,NA,NA,240.95,233.03,NA,NA,222.48,221.22,NA,NA,NA,NA
2010-08-05,20100805,255.82,NA,NA,240.93,233.01,NA,NA,222.45,221.18,NA,NA,NA,NA
2010-08-06,20100806,255.75,NA,NA,240.88,232.99,NA,NA,222.46,221.23,NA,NA,NA,NA
2010-08-07,20100807,255.68,NA,NA,240.81,232.95,NA,NA,222.46,221.22,NA,NA,NA,NA
2010-08-08,20100808,255.61,NA,NA,240.76,232.93,NA,NA,222.44,221.18,NA,NA,NA,NA
2010-08-09,20100809,255.53,NA,NA,240.82,232.98,NA,NA,222.43,221.17,NA,NA,NA,NA
2010-08-10,20100810,255.44,NA,NA,240.88,233.05,NA,NA,222.43,221.2,NA,NA,NA,NA
2010-08-11,20100811,255.34,NA,NA,240.94,233.09,NA,NA,222.52,221.28,NA,NA,NA,NA
2010-08-12,20100812,255.23,NA,NA,241,233.13,NA,NA,222.57,221.3,NA,NA,NA,NA
2010-08-13,20100813,255.14,NA,NA,241.02,233.15,NA,NA,222.57,221.31,NA,NA,NA,NA
2010-08-14,20100814,255.06,NA,NA,241.01,233.12,NA,NA,222.56,221.3,NA,NA,NA,NA
2010-08-15,20100815,254.99,NA,NA,241.09,233.16,NA,NA,222.55,221.26,NA,NA,NA,NA
2010-08-16,20100816,254.91,NA,NA,241.29,233.28,NA,NA,222.52,221.26,NA,NA,NA,NA
2010-08-17,20100817,254.85,NA,NA,241.37,233.31,NA,NA,222.5,221.25,NA,NA,NA,NA
2010-08-18,20100818,254.79,NA,NA,241.35,233.3,NA,NA,222.49,221.16,NA,NA,NA,NA
2010-08-19,20100819,254.74,NA,NA,241.31,233.28,NA,NA,222.49,221.14,NA,NA,NA,NA
2010-08-20,20100820,254.69,NA,NA,241.3,233.27,NA,NA,222.53,221.17,NA,NA,NA,NA
2010-08-21,20100821,254.63,NA,NA,241.22,233.22,NA,NA,222.54,221.17,NA,NA,NA,NA
2010-08-22,20100822,254.59,NA,NA,241.15,233.18,NA,NA,222.56,221.19,NA,NA,NA,NA
2010-08-23,20100823,254.54,NA,NA,241.23,233.23,NA,NA,222.59,221.19,NA,NA,NA,NA
2010-08-24,20100824,254.48,NA,NA,241.24,233.25,NA,NA,222.52,221.13,NA,NA,NA,NA
2010-08-25,20100825,254.45,NA,NA,241.24,233.26,NA,NA,222.44,221.01,NA,NA,NA,NA
2010-08-26,20100826,254.41,NA,NA,241.24,233.29,NA,NA,222.4,220.97,NA,NA,NA,NA
2010-08-27,20100827,254.36,NA,NA,241.21,233.32,NA,NA,222.42,220.98,NA,NA,NA,NA
2010-08-28,20100828,254.38,NA,NA,241.14,233.28,NA,NA,222.45,221.01,NA,NA,NA,NA
2010-08-29,20100829,254.41,NA,NA,241.16,233.27,NA,NA,222.46,221.06,NA,NA,NA,NA
2010-08-30,20100830,254.43,NA,NA,241.36,233.37,NA,NA,222.48,221.13,NA,NA,NA,NA
2010-08-31,20100831,254.44,NA,NA,241.37,233.38,NA,NA,222.48,221.17,NA,NA,NA,NA
2010-09-01,20100901,254.43,NA,NA,241.39,233.38,NA,NA,222.54,221.25,NA,NA,NA,NA
2010-09-02,20100902,254.4,NA,NA,241.46,233.44,NA,NA,222.59,221.31,NA,NA,NA,NA
2010-09-03,20100903,254.38,NA,NA,241.43,233.43,NA,NA,222.62,221.34,NA,NA,NA,NA
2010-09-04,20100904,254.35,NA,NA,241.47,233.47,NA,NA,222.63,221.34,NA,NA,NA,NA
2010-09-05,20100905,254.33,NA,NA,241.62,233.55,NA,NA,222.65,221.38,NA,NA,NA,NA
2010-09-06,20100906,254.29,NA,NA,241.85,233.69,NA,NA,222.63,221.35,NA,NA,NA,NA
2010-09-07,20100907,254.27,NA,NA,242.06,233.82,NA,NA,222.67,221.35,NA,NA,NA,NA
2010-09-08,20100908,254.24,NA,NA,242.13,233.87,NA,NA,222.8,221.43,NA,NA,NA,NA
2010-09-09,20100909,254.21,NA,NA,242.01,233.79,NA,NA,222.75,221.4,NA,NA,NA,NA
2010-09-10,20100910,254.19,NA,NA,241.95,233.72,NA,NA,222.65,221.3,NA,NA,NA,NA
2010-09-11,20100911,254.19,NA,NA,241.74,233.54,NA,NA,222.6,221.29,NA,NA,NA,NA
2010-09-12,20100912,254.17,NA,NA,241.45,233.32,NA,NA,222.57,221.26,NA,NA,NA,NA
2010-09-13,20100913,254.14,NA,NA,241.16,233.13,NA,NA,222.54,221.26,NA,NA,NA,NA
2010-09-14,20100914,254.1,NA,NA,240.88,232.93,NA,NA,222.5,221.26,NA,NA,NA,NA
2010-09-15,20100915,254.09,NA,NA,240.63,232.76,NA,NA,222.47,221.21,NA,NA,NA,NA
2010-09-16,20100916,254.06,NA,NA,240.42,232.61,NA,NA,222.44,221.16,NA,NA,NA,NA
2010-09-17,20100917,254,NA,NA,240.25,232.51,NA,NA,222.44,221.16,NA,NA,NA,NA
2010-09-18,20100918,253.94,NA,NA,240.09,232.42,NA,NA,222.45,221.21,NA,NA,NA,NA
2010-09-19,20100919,253.9,NA,NA,240.11,232.43,NA,NA,222.47,221.25,NA,NA,NA,NA
2010-09-20,20100920,253.88,NA,NA,240.19,232.5,NA,NA,222.43,221.17,NA,NA,NA,NA
2010-09-21,20100921,253.85,NA,NA,240.09,232.45,NA,NA,222.43,221.19,NA,NA,NA,NA
2010-09-22,20100922,253.83,NA,NA,239.98,232.38,NA,NA,222.45,221.24,NA,NA,NA,NA
2010-09-23,20100923,253.83,NA,NA,239.87,232.32,NA,NA,222.48,221.22,NA,NA,NA,NA
2010-09-24,20100924,253.91,NA,NA,239.62,232.17,NA,NA,222.48,221.24,NA,NA,NA,NA
2010-09-25,20100925,253.92,NA,NA,239.34,232,NA,NA,222.5,221.28,NA,NA,NA,NA
2010-09-26,20100926,253.86,NA,NA,239.13,231.89,NA,NA,222.48,221.23,NA,NA,NA,NA
2010-09-27,20100927,253.8,NA,NA,239,231.83,NA,NA,222.48,221.2,NA,NA,NA,NA
2010-09-28,20100928,253.77,249.39,NA,238.75,231.7,NA,NA,222.52,221.26,NA,NA,NA,NA
2010-09-29,20100929,253.74,NA,NA,238.48,231.51,NA,NA,222.51,221.25,NA,NA,NA,NA
2010-09-30,20100930,253.72,249.38,NA,238.25,231.28,NA,NA,222.41,221.27,NA,NA,NA,NA
2010-10-01,20101001,253.7,249.38,NA,238.04,231.08,NA,NA,222.29,221.27,NA,NA,NA,292.35
2010-10-02,20101002,253.67,249.37,NA,237.84,230.87,NA,NA,222.27,221.27,NA,NA,NA,292.33
2010-10-03,20101003,253.65,249.36,NA,237.72,230.76,NA,NA,222.28,221.3,NA,NA,NA,292.18
2010-10-04,20101004,253.64,249.36,NA,237.67,230.73,NA,NA,222.28,221.27,NA,NA,NA,292.24
2010-10-05,20101005,253.62,249.34,NA,237.6,230.65,NA,NA,222.27,221.26,NA,NA,NA,292.39
2010-10-06,20101006,253.6,249.33,NA,237.54,230.62,NA,NA,222.32,221.33,NA,NA,NA,292.17
2010-10-07,20101007,253.59,249.31,NA,237.5,230.58,NA,NA,222.35,221.37,NA,NA,NA,292.03
2010-10-08,20101008,253.58,249.3,NA,237.45,230.52,NA,NA,222.32,221.31,NA,NA,NA,291.96
2010-10-09,20101009,253.57,249.28,NA,237.39,230.38,NA,NA,222.29,221.29,NA,NA,NA,291.92
2010-10-10,20101010,253.55,249.27,NA,237.32,230.24,NA,NA,222.29,221.31,NA,NA,NA,292.18
2010-10-11,20101011,253.53,249.26,NA,237.24,230.08,NA,NA,222.27,221.3,NA,NA,NA,292.34
2010-10-12,20101012,254.34,249.25,NA,237.16,229.88,NA,NA,222.24,221.23,NA,NA,NA,292.29
2010-10-13,20101013,257.08,249.4,NA,237.08,229.64,NA,NA,222.21,221.19,NA,NA,NA,292.28
2010-10-14,20101014,257.81,250.61,NA,237.01,229.41,NA,NA,222.18,221.16,NA,NA,NA,292.12
2010-10-15,20101015,256.14,251.98,NA,236.94,229.15,NA,NA,222.15,221.16,NA,NA,NA,291.98
2010-10-16,20101016,254.96,251.69,NA,236.9,228.93,NA,NA,222.16,221.22,NA,NA,NA,291.98
2010-10-17,20101017,254.52,250.75,NA,236.87,228.79,NA,NA,222.17,221.2,NA,NA,NA,291.97
2010-10-18,20101018,256.43,249.86,NA,236.84,228.67,NA,NA,222.15,221.2,NA,NA,NA,292.03
2010-10-19,20101019,255.8,249.8,NA,236.81,228.52,NA,NA,222.15,221.22,NA,NA,NA,292.07
2010-10-20,20101020,255.91,249.64,NA,236.79,228.38,NA,NA,222.15,221.22,NA,NA,NA,291.99
2010-10-21,20101021,255.07,249.55,NA,236.79,228.3,NA,NA,222.15,221.21,NA,NA,NA,292
2010-10-22,20101022,255.67,249.44,NA,236.78,228.22,NA,NA,222.17,221.24,NA,NA,NA,292.03
2010-10-23,20101023,255.05,249.4,NA,236.77,228.22,NA,NA,222.16,221.24,NA,NA,NA,291.97
2010-10-24,20101024,254.35,249.32,NA,236.76,228.29,NA,NA,222.17,221.25,NA,NA,NA,291.97
2010-10-25,20101025,255.78,249.27,NA,236.77,228.36,NA,NA,222.16,221.23,NA,NA,NA,292
2010-10-26,20101026,255.23,249.34,NA,236.77,228.31,NA,NA,222.15,221.22,NA,NA,NA,291.99
2010-10-27,20101027,254.42,249.31,NA,236.76,228.21,NA,NA,222.14,221.21,NA,NA,NA,292.09
2010-10-28,20101028,254.01,249.21,NA,236.74,228.13,NA,NA,222.14,221.21,NA,NA,NA,292.09
2010-10-29,20101029,255.83,249.13,NA,236.72,228.13,NA,NA,222.16,221.23,NA,NA,NA,292.32
2010-10-30,20101030,255.51,249.22,NA,236.71,228.14,NA,NA,222.19,221.25,NA,NA,NA,292.19
2010-10-31,20101031,254.51,249.26,NA,236.7,228.14,NA,NA,222.18,221.24,NA,NA,NA,292.07
2010-11-01,20101101,255.75,249.22,NA,236.68,228.15,NA,NA,222.17,221.23,NA,NA,NA,292.03
2010-11-02,20101102,255.27,249.28,NA,236.68,228.11,NA,NA,222.17,221.23,NA,NA,NA,292.25
2010-11-03,20101103,254.42,249.29,NA,236.67,227.98,NA,NA,222.16,221.22,NA,NA,NA,292.34
2010-11-04,20101104,254.37,249.24,NA,236.68,227.89,NA,NA,222.16,221.22,NA,NA,NA,292.81
2010-11-05,20101105,254.5,249.26,NA,236.69,227.83,NA,NA,222.21,221.23,NA,NA,NA,293
2010-11-06,20101106,254.24,249.33,NA,236.69,227.76,NA,NA,222.31,221.24,NA,NA,NA,292.89
2010-11-07,20101107,253.92,249.35,NA,236.69,227.71,NA,NA,222.32,221.26,NA,NA,NA,292.68
2010-11-08,20101108,255.51,249.32,NA,236.7,227.67,NA,NA,222.3,221.25,NA,NA,NA,292.49
2010-11-09,20101109,255.38,249.37,NA,236.69,227.66,NA,NA,222.27,221.22,NA,NA,NA,292.38
2010-11-10,20101110,254.52,249.37,NA,236.67,227.69,NA,NA,222.24,221.2,NA,NA,NA,292.29
2010-11-11,20101111,254.09,249.3,NA,236.65,227.72,NA,NA,222.23,221.2,NA,NA,NA,292.13
2010-11-12,20101112,255.48,249.23,NA,236.63,227.71,NA,NA,222.23,221.2,NA,NA,NA,292.21
2010-11-13,20101113,255.52,249.26,NA,236.62,227.65,NA,NA,222.22,221.19,NA,NA,NA,292.43
2010-11-14,20101114,258.21,249.85,NA,236.6,227.54,NA,NA,222.21,221.19,NA,NA,NA,292.5
2010-11-15,20101115,258.3,253.1,NA,236.59,227.44,NA,NA,222.19,221.18,NA,NA,NA,292.67
2010-11-16,20101116,256.07,252.93,NA,236.58,227.3,NA,NA,222.19,221.18,NA,NA,NA,292.99
2010-11-17,20101117,254.93,251.83,NA,236.57,227.22,NA,NA,222.18,221.18,NA,NA,NA,292.92
2010-11-18,20101118,254.48,250.54,NA,236.57,227.07,NA,NA,222.19,221.2,NA,NA,NA,292.83
2010-11-19,20101119,254.22,249.71,NA,236.56,226.85,NA,NA,222.2,221.21,NA,NA,NA,292.85
2010-11-20,20101120,254.1,249.5,NA,236.6,226.75,NA,NA,222.22,221.23,NA,NA,NA,292.92
2010-11-21,20101121,254.56,249.45,NA,236.81,226.83,NA,NA,222.27,221.23,NA,NA,NA,292.54
2010-11-22,20101122,254.56,249.49,NA,236.85,226.84,NA,NA,222.34,221.26,NA,NA,NA,292.49
2010-11-23,20101123,254.37,249.64,NA,236.84,226.75,NA,NA,222.41,221.29,NA,NA,NA,292.48
2010-11-24,20101124,254.3,249.9,NA,236.86,226.72,NA,NA,222.44,221.31,NA,NA,NA,292.18
2010-11-25,20101125,254.3,250.18,238.16,236.82,226.7,NA,NA,222.45,221.31,NA,NA,NA,291.93
2010-11-26,20101126,254.56,250.8,NA,236.79,226.75,NA,NA,222.46,221.33,NA,NA,NA,292.85
2010-11-27,20101127,255.51,251.36,NA,236.76,226.83,NA,NA,222.45,221.31,NA,NA,NA,294
2010-11-28,20101128,255.23,252.11,NA,236.79,226.95,NA,NA,222.46,221.32,NA,NA,NA,293.85
2010-11-29,20101129,254.82,252.14,NA,236.77,226.99,NA,NA,222.46,221.32,NA,NA,NA,293.98
2010-11-30,20101130,254.58,251.58,NA,236.75,226.89,NA,NA,222.45,221.31,NA,NA,NA,294.3
2010-12-01,20101201,254.44,250.96,NA,236.74,226.73,NA,NA,222.44,221.31,NA,NA,NA,294.45
2010-12-02,20101202,254.38,250.49,NA,236.72,226.56,NA,NA,222.44,221.3,NA,NA,NA,294.72
2010-12-03,20101203,254.37,250.17,238.26,236.7,226.41,NA,NA,222.42,221.07,NA,NA,NA,299.54
2010-12-04,20101204,254.46,250.12,238.26,236.68,226.32,NA,NA,222.4,221.02,NA,310.34,304.88,300.97
2010-12-05,20101205,254.68,250.25,238.26,236.67,226.33,NA,NA,222.41,220.98,NA,310.4,304.91,300.94
2010-12-06,20101206,255.04,250.6,238.22,236.72,226.35,NA,NA,222.41,221.31,NA,310.55,304.96,301.06
2010-12-07,20101207,255.56,251.23,238.24,236.73,226.3,NA,NA,222.41,221.22,NA,310.47,304.96,301.02
2010-12-08,20101208,256.2,252.19,238.24,236.79,226.12,NA,NA,222.43,221.19,NA,310.63,305.01,301.11
2010-12-09,20101209,256.8,253.33,238.24,237.01,225.95,NA,NA,222.48,221.2,NA,310.79,305.04,301.18
2010-12-10,20101210,257.23,254.11,238.26,237.07,225.8,NA,NA,222.48,221.24,NA,310.57,305,301.12
2010-12-11,20101211,257.52,254.56,238.28,237.06,225.67,NA,NA,222.46,221.28,NA,310.51,304.99,301.11
2010-12-12,20101212,257.75,254.85,238.32,237.02,225.59,NA,NA,222.44,221.19,NA,310.48,305,301.13
2010-12-13,20101213,257.93,255.05,238.37,236.98,225.54,NA,NA,222.43,221.02,NA,310.46,305,301.14
2010-12-14,20101214,258.1,255.25,238.4,236.93,225.46,NA,NA,222.42,220.94,NA,310.47,305.01,301.16
2010-12-15,20101215,258.27,255.5,238.43,236.9,225.42,NA,NA,222.42,220.96,NA,310.52,305.04,301.2
2010-12-16,20101216,258.38,255.68,238.43,236.85,225.37,NA,NA,222.41,220.88,NA,310.46,305,301.16
2010-12-17,20101217,258.56,255.96,238.45,236.82,225.37,NA,NA,222.43,220.74,NA,310.67,305.04,301.19
2010-12-18,20101218,258.84,256.36,238.47,236.91,225.48,NA,NA,222.51,220.74,NA,311.14,305.23,301.34
2010-12-19,20101219,263.52,259.44,239.04,242.24,230.5,NA,NA,223.06,221.15,NA,313.14,305.97,301.61
2010-12-20,20101220,265.71,262.14,242.8,245.64,234,NA,NA,223.08,221.23,NA,311.98,305.5,301.21
2010-12-21,20101221,265.34,262.29,245.09,245.39,233.07,NA,NA,222.96,220.98,NA,311.46,305.38,301.15
2010-12-22,20101222,264.35,261.4,245.95,243.97,231.82,NA,NA,222.84,221.15,NA,310.88,305.29,300.87
2010-12-23,20101223,263.38,260.55,246.1,242.63,230.9,NA,NA,222.77,221.38,NA,310.61,305.21,300.93
2010-12-24,20101224,262.53,259.54,246.13,241.61,230.39,NA,NA,222.75,221.17,NA,310.45,305.18,301.02
2010-12-25,20101225,261.85,258.57,245.96,240.83,230.19,NA,NA,222.72,221.07,NA,310.65,305.2,300.81
2010-12-26,20101226,261.68,257.44,245.52,240.2,230.17,NA,NA,222.65,221.45,NA,310.77,305.17,300.85
2010-12-27,20101227,262.54,256.9,245.26,239.77,230.39,NA,NA,222.62,221.4,NA,310.5,305.1,300.96
2010-12-28,20101228,263.08,257.55,245.1,239.52,230.67,NA,NA,222.72,221,NA,311.45,305.43,301.1
2010-12-29,20101229,266.88,262.14,247.53,245.71,236.16,NA,NA,223.9,222.14,NA,313.44,306.4,301.76
2010-12-30,20101230,266.05,262.42,249.58,245.77,235.52,NA,NA,223.61,221.85,NA,312.23,305.75,301.26
2010-12-31,20101231,265.8,262.3,249.77,245.53,234.86,NA,NA,223.38,221.63,NA,311.68,305.55,301.03
2011-01-01,20110101,265.59,262.04,249.68,245.31,234.47,NA,NA,223.24,221.43,NA,311.3,305.45,300.97
2011-01-02,20110102,265.53,261.75,249.51,244.62,233.99,NA,NA,223.14,221.3,NA,311.31,305.38,300.86
2011-01-03,20110103,265.5,261.45,249.32,243.87,233.72,NA,NA,223.12,221.45,NA,311.26,305.36,300.82
2011-01-04,20110104,265.06,260.74,248.98,242.98,233.58,NA,NA,223.07,221.55,NA,311.14,305.31,300.83
2011-01-05,20110105,264.58,260.08,248.46,242.08,233.49,NA,NA,223.04,221.51,NA,311.08,305.28,300.87
2011-01-06,20110106,264.21,259.58,247.92,241.36,233.43,NA,NA,223.02,221.38,NA,311,305.23,300.9
2011-01-07,20110107,263.79,259.14,247.37,240.83,233.43,NA,NA,223.01,221.27,NA,310.49,305.2,300.85
2011-01-08,20110108,263.28,258.6,246.81,240.43,233.41,NA,NA,222.98,221.22,NA,310.27,305.16,300.78
2011-01-09,20110109,262.88,258.07,246.24,240.13,233.46,NA,NA,222.94,221.32,NA,310.2,305.11,300.64
2011-01-10,20110110,262.58,257.65,245.79,239.96,233.55,NA,NA,222.93,221.34,NA,310.18,305.09,300.68
2011-01-11,20110111,262.92,257.47,245.36,239.91,233.55,NA,NA,222.85,221.38,NA,310.3,305.17,300.55
2011-01-12,20110112,265.18,259.7,245.55,244.35,234.44,NA,NA,222.91,221.62,NA,310.39,305.26,301
2011-01-13,20110113,265.84,261.37,246.34,246.28,235.16,NA,NA,223.01,221.71,NA,310.33,305.25,301.17
2011-01-14,20110114,266.18,262.09,247.06,246.62,235.51,NA,NA,223.03,221.7,NA,310.8,305.25,301.14
2011-01-15,20110115,266.44,262.49,247.75,246.86,235.81,NA,NA,223.1,221.62,NA,310.93,305.3,301.26
2011-01-16,20110116,266.64,262.74,248.31,247.03,236.2,NA,NA,223.14,221.62,NA,310.95,305.32,301.22
2011-01-17,20110117,266.8,262.93,248.79,247.14,236.48,NA,NA,223.15,221.53,NA,310.94,305.32,301.31
2011-01-18,20110118,266.94,263.08,249.2,247.2,236.58,NA,NA,223.14,221.45,NA,310.93,305.32,301.27
2011-01-19,20110119,267.02,263.21,249.5,247.24,236.67,NA,NA,223.12,221.45,NA,310.93,305.31,301.21
2011-01-20,20110120,267.09,263.28,249.73,247.27,236.74,NA,NA,223.12,221.53,NA,310.92,305.31,301.15
2011-01-21,20110121,267.15,263.33,249.94,247.29,236.83,NA,NA,223.12,221.45,NA,310.92,305.31,301.28
2011-01-22,20110122,267.21,263.36,250.09,247.29,236.88,NA,NA,223.1,221.38,NA,310.91,305.3,301.23
2011-01-23,20110123,267.3,263.47,250.19,247.32,237.08,NA,NA,223.09,221.52,NA,310.9,305.3,301.05
2011-01-24,20110124,267.33,263.53,250.3,247.35,237.24,NA,NA,223.09,221.49,NA,310.92,305.3,301.22
2011-01-25,20110125,267.37,263.5,250.37,247.34,237.3,NA,NA,223.08,221.46,NA,310.92,305.3,301.18
2011-01-26,20110126,267.45,263.52,250.42,247.32,237.35,NA,NA,223.06,221.55,NA,310.91,305.29,301.05
2011-01-27,20110127,267.63,263.53,250.48,247.3,237.38,NA,NA,223.05,221.55,NA,310.91,305.3,301.15
2011-01-28,20110128,267.9,263.56,250.53,247.25,237.26,NA,NA,223.03,221.43,NA,310.91,305.3,301.23
2011-01-29,20110129,268,263.64,250.58,247.25,237.21,NA,NA,223.02,221.36,NA,310.91,305.3,301.19
2011-01-30,20110130,267.9,263.68,250.62,247.3,237.33,NA,NA,223.03,221.48,NA,310.99,305.31,301.03
2011-01-31,20110131,268.14,263.72,250.67,247.3,237.37,NA,NA,223.02,221.56,NA,311.03,305.31,301.03
2011-02-01,20110201,268.61,263.79,250.73,247.28,237.35,NA,NA,223.01,221.51,NA,310.99,305.28,301.14
2011-02-02,20110202,268.82,263.8,250.73,247.25,237.28,NA,NA,223,221.72,NA,310.96,305.27,300.88
2011-02-03,20110203,268.87,263.8,250.75,247.24,237.35,NA,NA,222.98,221.75,NA,310.94,305.27,301.04
2011-02-04,20110204,268.46,263.5,250.78,247.08,237.32,NA,NA,222.94,221.59,NA,310.82,305.19,301.2
2011-02-05,20110205,267.67,262.37,250.49,245.89,236.8,NA,NA,222.85,221.39,NA,310.85,305.2,301.05
2011-02-06,20110206,268.01,262.52,250.2,246.39,237.09,NA,NA,222.93,221.5,NA,310.89,305.25,300.88
2011-02-07,20110207,267.55,262.66,250.12,246.77,237.28,NA,NA,222.96,221.38,NA,310.9,305.26,301.16
2011-02-08,20110208,266.91,262.62,250.09,246.94,237.4,NA,NA,222.96,221.42,NA,310.88,305.26,301.04
2011-02-09,20110209,266.88,262.6,249.97,247.05,237.53,NA,NA,222.89,221.8,NA,310.92,305.28,301.02
2011-02-10,20110210,266.85,262.59,249.94,247.11,237.64,NA,NA,222.85,221.84,NA,310.9,305.27,301.08
2011-02-11,20110211,266.8,262.54,249.91,247.08,237.68,NA,NA,222.8,221.88,NA,310.87,305.24,301.06
2011-02-12,20110212,266.82,262.57,249.92,247.13,237.76,NA,NA,222.78,221.86,NA,310.86,305.23,301.06
2011-02-13,20110213,266.82,262.6,249.97,247.19,237.87,NA,NA,222.77,221.65,NA,310.85,305.23,301.05
2011-02-14,20110214,266.75,262.57,249.97,247.18,237.91,NA,NA,222.73,221.72,NA,310.79,305.18,300.99
2011-02-15,20110215,266.52,262.31,250.03,247,237.82,NA,NA,222.67,221.39,NA,310.82,305.2,300.99
2011-02-16,20110216,266.69,262.42,250.04,247.17,237.91,NA,NA,222.76,221.51,NA,311.39,305.32,300.99
2011-02-17,20110217,266.8,262.57,250.11,247.26,238.01,NA,NA,222.91,221.53,NA,312.68,305.6,301.04
2011-02-18,20110218,267.08,262.99,250.27,247.49,238.41,NA,NA,223.21,221.59,NA,313.77,306.05,301.21
2011-02-19,20110219,267.42,263.61,250.78,248.03,239.54,NA,NA,223.6,222.23,NA,313.6,306.26,301.22
2011-02-20,20110220,266.99,263.2,251.05,247.56,239.16,NA,NA,223.44,222.3,NA,312.85,305.92,301
2011-02-21,20110221,266.8,262.98,251.03,247.43,238.97,NA,NA,223.31,222.02,NA,312.47,305.75,300.92
2011-02-22,20110222,266.67,262.86,250.87,247.37,238.83,NA,NA,223.2,222.02,NA,312.16,305.61,300.86
2011-02-23,20110223,266.46,262.7,250.7,247.31,238.76,NA,NA,223.11,221.94,NA,311.88,305.51,300.8
2011-02-24,20110224,266.33,262.54,250.57,247.4,238.81,NA,NA,223.08,221.82,NA,311.94,305.53,300.83
2011-02-25,20110225,268.22,264.7,252.88,249.45,241.84,NA,NA,224.46,222.92,NA,314.95,307.47,302.28
2011-02-26,20110226,267.45,263.92,253.95,248.91,241.12,NA,NA,224.2,222.85,NA,313.22,306.54,301.24
2011-02-27,20110227,266.77,263.16,253.04,248.5,240.68,NA,NA,223.7,222.56,NA,312.58,306.06,300.77
2011-02-28,20110228,266.43,262.68,252.25,248.5,240.58,NA,NA,223.46,222.36,NA,312.22,305.88,300.62
2011-03-01,20110301,266.15,262.27,251.63,248.46,240.52,NA,NA,223.32,222,NA,311.89,305.73,300.52
2011-03-02,20110302,265.98,261.95,251.05,248.4,240.46,NA,NA,223.19,222,NA,311.63,305.62,300.48
2011-03-03,20110303,265.84,261.7,250.58,248.33,240.44,NA,NA,223.12,222.09,NA,311.43,305.54,300.45
2011-03-04,20110304,265.29,261.29,250.17,248,240.44,NA,NA,223.06,222.06,NA,311.26,305.45,300.34
2011-03-05,20110305,264.69,260.66,249.76,247.74,240.52,NA,NA,223.03,221.84,NA,311.18,305.4,300.28
2011-03-06,20110306,264.22,260,249.17,247.67,240.58,NA,NA,223.03,221.62,NA,311.13,305.37,300.32
2011-03-07,20110307,263.98,259.48,248.37,247.68,240.6,NA,NA,223.02,221.85,NA,311.09,305.36,300.35
2011-03-08,20110308,263.78,259.15,247.61,247.71,240.66,NA,NA,223.02,222,NA,311.02,305.32,300.26
2011-03-09,20110309,263.45,258.78,246.95,247.72,240.65,NA,NA,223.02,221.95,NA,310.97,305.29,300.06
2011-03-10,20110310,263.05,258.47,246.39,247.67,240.6,NA,NA,223.03,221.93,NA,310.92,305.27,299.77
2011-03-11,20110311,262.57,258.24,245.91,247.56,240.54,NA,NA,223.02,221.88,NA,310.87,305.24,299.46
2011-03-12,20110312,262.25,257.86,245.53,247.49,240.5,NA,NA,223,221.9,NA,310.82,305.22,299.25
2011-03-13,20110313,261.99,257.53,245.21,247.45,240.48,NA,NA,222.99,221.95,NA,310.78,305.2,299.11
2011-03-14,20110314,261.78,257.28,244.95,247.44,240.47,NA,NA,222.98,221.93,NA,310.76,305.2,299.01
2011-03-15,20110315,261.6,257.07,244.76,247.42,240.45,NA,NA,222.99,221.82,NA,310.84,305.27,299.54
2011-03-16,20110316,264.9,258.49,244.81,248.18,240.75,NA,NA,223.11,222.04,NA,311.24,305.6,300.99
2011-03-17,20110317,266.65,261.02,245.87,248.89,241.08,NA,NA,223.21,222.07,NA,311.2,305.65,301.08
2011-03-18,20110318,267.5,262.44,246.99,249.19,241.46,NA,NA,223.51,222.1,NA,313.06,306.25,301.38
2011-03-19,20110319,268.53,264.07,248.48,249.88,242.47,NA,NA,224.36,222.54,NA,314.57,307.12,301.98
2011-03-20,20110320,269.52,265.58,253.24,250.83,243.86,NA,NA,225.53,223.84,NA,315.08,307.92,302.54
2011-03-21,20110321,269.16,265.11,254.8,250.39,243.26,NA,NA,225.33,223.96,NA,314.15,307.45,302.11
2011-03-22,20110322,268.82,264.74,254.78,250.07,242.9,NA,NA,224.99,223.51,NA,313.68,307.05,301.79
2011-03-23,20110323,269.26,265.22,254.83,250.22,243.28,NA,NA,225.18,223.55,NA,314.64,307.57,301.99
2011-03-24,20110324,269.72,266.5,256.05,251.1,244.69,NA,NA,226.38,225.16,NA,316.58,309.16,303.03
2011-03-25,20110325,270.05,266.6,257.53,251.42,245.18,NA,NA,227.35,225.87,NA,316.01,309.35,303.09
2011-03-26,20110326,270.47,266.89,258.63,251.86,245.81,NA,NA,227.82,226.17,NA,316.13,309.57,303.34
2011-03-27,20110327,270.58,266.96,259.15,251.73,245.59,NA,NA,227.68,226.17,NA,315.63,309.16,303.17
2011-03-28,20110328,270.79,266.98,259.34,251.59,245.38,NA,NA,227.39,226.03,NA,315.42,308.88,303.06
2011-03-29,20110329,271.1,266.95,259.34,251.47,245.17,NA,NA,227.16,225.91,NA,315.27,308.68,302.98
2011-03-30,20110330,271.22,266.95,259.39,251.44,245.05,NA,NA,227,225.69,NA,315.18,308.55,302.92
2011-03-31,20110331,271.24,266.92,259.47,251.41,244.93,NA,NA,226.88,225.36,NA,315.1,308.45,302.88
2011-04-01,20110401,271.28,267.02,259.51,251.33,244.79,NA,NA,226.76,225.04,NA,315.02,308.36,302.83
2011-04-02,20110402,271.18,266.99,259.52,251.31,244.69,NA,NA,226.66,225.08,NA,314.93,308.27,302.79
2011-04-03,20110403,270.85,266.89,259.48,251.25,244.54,NA,NA,226.54,225.15,NA,314.81,308.15,302.72
2011-04-04,20110404,270.88,266.77,259.38,251.11,244.31,NA,NA,226.38,224.93,NA,314.66,308,302.62
2011-04-05,20110405,270.85,266.74,259.28,251.04,244.19,NA,NA,226.26,224.74,NA,314.58,307.91,302.58
2011-04-06,20110406,270.65,266.71,259.27,251,244.12,NA,NA,226.17,224.71,NA,314.53,307.85,302.57
2011-04-07,20110407,270.3,266.36,258.66,250.63,243.33,NA,NA,226.01,223.85,NA,314,307.4,302.12
2011-04-08,20110408,269.79,265.98,257.32,250.27,242.75,NA,NA,225.58,223.33,NA,313.64,307.07,301.88
2011-04-09,20110409,269.63,265.83,256.53,250.23,242.61,NA,NA,225.41,223.46,NA,313.5,306.94,301.83
2011-04-10,20110410,269.6,265.79,256.06,250.24,242.53,NA,NA,225.29,223.58,NA,313.4,306.88,301.8
2011-04-11,20110411,269.56,265.75,255.8,250.18,242.42,NA,NA,225.2,223.38,NA,313.32,306.85,301.78
2011-04-12,20110412,269.5,265.7,255.59,250.13,242.32,NA,NA,225.17,223.24,NA,313.23,306.81,301.75
2011-04-13,20110413,269.44,265.64,255.38,250.11,242.25,NA,NA,225.14,223.43,NA,313.15,306.78,301.73
2011-04-14,20110414,269.38,265.6,255.26,250.1,242.2,NA,NA,225.14,223.46,NA,313.1,306.76,301.72
2011-04-15,20110415,269.35,265.58,255.18,250.08,242.16,NA,NA,225.11,223.28,NA,313.03,306.73,301.7
2011-04-16,20110416,269.31,265.56,255.12,250.05,242.1,NA,NA,225.06,223.08,NA,312.97,306.71,301.68
2011-04-17,20110417,269.25,265.51,255.06,250.04,242.02,NA,NA,225.02,222.98,NA,312.91,306.7,301.66
2011-04-18,20110418,269.06,265.38,254.94,249.89,241.74,NA,NA,224.91,222.89,NA,312.76,306.58,301.54
2011-04-19,20110419,268.91,265.23,254.74,249.79,241.55,NA,NA,224.8,222.79,NA,312.67,306.54,301.48
2011-04-20,20110420,268.81,265.15,254.56,249.75,241.45,NA,NA,224.75,222.76,NA,312.61,306.52,301.45
2011-04-21,20110421,268.7,265.08,254.41,249.77,241.41,NA,NA,224.72,222.84,NA,312.58,306.51,301.42
2011-04-22,20110422,268.56,264.99,254.32,249.71,241.32,NA,NA,224.71,222.75,NA,312.54,306.5,301.4
2011-04-23,20110423,268.46,264.93,254.21,249.68,241.26,NA,NA,224.69,222.64,NA,312.5,306.48,301.37
2011-04-24,20110424,268.35,264.87,254.08,249.7,241.24,NA,NA,224.66,222.84,NA,312.46,306.46,301.34
2011-04-25,20110425,268.2,264.78,254,249.65,241.17,NA,NA,224.65,222.91,NA,312.43,306.46,301.32
2011-04-26,20110426,268.09,264.71,253.94,249.59,241.09,NA,NA,224.63,222.88,NA,312.4,306.42,301.31
2011-04-27,20110427,268,264.64,253.86,249.56,241.11,NA,NA,224.61,222.87,NA,312.36,306.4,301.27
2011-04-28,20110428,267.89,264.54,253.79,249.56,241.14,NA,NA,224.59,222.88,NA,312.33,306.39,301.24
2011-04-29,20110429,267.77,264.44,253.72,249.52,241.03,NA,NA,224.57,222.84,NA,312.31,306.39,301.22
2011-04-30,20110430,267.73,264.41,253.65,249.5,240.93,NA,NA,224.57,222.82,NA,312.29,306.38,301.19
2011-05-01,20110501,267.69,264.39,253.58,249.53,240.89,NA,NA,224.55,222.84,NA,312.26,306.36,301.17
2011-05-02,20110502,267.65,264.37,253.53,249.5,240.8,NA,NA,224.58,222.88,NA,312.24,306.35,301.15
2011-05-03,20110503,267.61,264.35,253.52,249.48,240.72,NA,NA,224.56,222.69,NA,312.22,306.35,301.14
2011-05-04,20110504,267.47,264.23,253.45,249.46,240.61,NA,NA,224.47,222.54,NA,312.11,306.27,301.06
2011-05-05,20110505,267.36,264.13,253.31,249.42,240.51,NA,NA,224.41,222.46,NA,312.05,306.23,301
2011-05-06,20110506,267.2,263.97,253.14,249.27,240.26,NA,NA,224.33,222.39,NA,311.92,306.13,300.89
2011-05-07,20110507,267.01,263.78,252.91,249.25,240.07,NA,NA,224.25,222.3,NA,311.87,306.09,300.81
2011-05-08,20110508,266.92,263.7,252.71,249.34,240.05,NA,NA,224.21,222.24,NA,311.86,306.07,300.76
2011-05-09,20110509,266.86,263.64,252.56,249.32,239.98,NA,NA,224.19,222.24,NA,311.85,306.06,300.74
2011-05-10,20110510,266.75,263.51,252.4,249.14,239.78,NA,NA,224.12,222.2,NA,311.74,305.97,300.65
2011-05-11,20110511,266.67,263.39,252.19,248.99,239.55,NA,NA,224.01,222.22,NA,311.67,305.91,300.58
2011-05-12,20110512,266.59,263.32,252.02,248.91,239.39,NA,NA,223.95,222.22,NA,311.59,305.85,300.53
2011-05-13,20110513,266.48,263.19,251.86,248.8,239.19,NA,NA,223.87,222,NA,311.52,305.8,300.46
2011-05-14,20110514,266.41,263.09,251.72,248.84,239.12,NA,NA,223.83,221.83,NA,311.52,305.79,300.44
2011-05-15,20110515,266.34,263.03,251.61,249.12,239.27,NA,NA,223.88,222.05,NA,311.78,305.89,300.44
2011-05-16,20110516,266.19,262.85,251.55,249.17,239.27,NA,NA,223.86,221.87,NA,311.65,305.83,300.38
2011-05-17,20110517,266.06,262.65,251.39,249.14,239.18,NA,NA,223.78,221.75,NA,311.58,305.76,300.3
2011-05-18,20110518,266,262.52,251.21,249.15,239.13,NA,NA,223.73,221.83,NA,311.51,305.69,300.24
2011-05-19,20110519,265.87,262.34,251.01,249.25,239.12,NA,NA,223.69,221.83,NA,311.4,305.6,300.15
2011-05-20,20110520,265.77,262.21,250.84,249.39,239.17,NA,NA,223.67,221.86,NA,311.31,305.53,300.07
2011-05-21,20110521,265.69,262.12,250.71,249.46,239.2,NA,NA,223.65,221.79,NA,311.26,305.5,300.02
2011-05-22,20110522,265.59,261.99,250.6,249.47,239.21,NA,NA,223.62,221.78,NA,311.22,305.45,299.96
2011-05-23,20110523,265.5,261.81,250.49,249.35,239.09,NA,NA,223.57,221.82,NA,311.12,305.38,299.8
2011-05-24,20110524,265.41,261.56,250.35,249.25,238.98,NA,NA,223.5,221.74,NA,311.04,305.33,299.37
2011-05-25,20110525,265.36,261.42,250.21,249.28,238.93,NA,NA,223.46,221.72,NA,311,305.29,299.06
2011-05-26,20110526,265.18,261.09,249.85,249.18,238.86,NA,NA,223.44,221.82,NA,310.94,305.28,298.77
2011-05-27,20110527,264.96,260.86,249.67,249.18,238.82,NA,NA,223.42,221.79,NA,310.92,305.25,298.51
2011-05-28,20110528,264.69,260.7,249.58,249.25,238.82,NA,NA,223.42,221.8,NA,310.91,305.22,298.32
2011-05-29,20110529,264.59,260.56,249.46,249.25,238.8,NA,NA,223.4,221.77,NA,310.9,305.2,298.19
2011-05-30,20110530,264.48,260.47,249.36,249.23,238.78,NA,NA,223.41,221.8,NA,310.89,305.2,298.12
2011-05-31,20110531,264.25,260.25,249.27,249.12,238.7,NA,NA,223.39,221.77,NA,310.88,305.19,298.07
2011-06-01,20110601,264.29,260.04,249.09,248.97,238.54,NA,NA,223.32,221.72,NA,310.83,305.15,297.98
2011-06-02,20110602,264.36,260.05,248.98,248.9,238.48,NA,NA,223.33,221.74,NA,310.84,305.17,297.99
2011-06-03,20110603,264.16,259.95,248.92,248.81,238.43,NA,NA,223.33,221.74,NA,310.86,305.19,298.01
2011-06-04,20110604,264.54,259.72,248.74,248.71,238.59,NA,NA,223.31,221.71,NA,310.96,305.22,298.02
2011-06-05,20110605,264.88,259.87,248.6,248.69,238.73,NA,NA,223.35,221.67,NA,310.87,305.22,298.1
2011-06-06,20110606,264.89,259.84,248.51,248.59,238.81,NA,NA,223.36,221.67,NA,310.84,305.23,298.22
2011-06-07,20110607,264.33,259.01,248.03,248.11,238.78,NA,NA,223.32,221.63,NA,310.8,305.2,298.18
2011-06-08,20110608,263.84,258.38,247.18,247.84,238.73,NA,NA,223.27,221.58,NA,310.76,305.17,298.11
2011-06-09,20110609,263.47,257.91,246.36,247.79,238.78,NA,NA,223.24,221.58,NA,310.75,305.14,298.05
2011-06-10,20110610,263.21,257.54,245.65,247.67,238.76,NA,NA,223.21,221.57,NA,310.74,305.12,298.01
2011-06-11,20110611,262.97,257.24,245.1,247.7,238.81,NA,NA,223.21,221.58,NA,310.73,305.11,297.98
2011-06-12,20110612,262.77,256.99,244.67,247.79,238.9,NA,NA,223.21,221.56,NA,310.71,305.1,297.96
2011-06-13,20110613,262.62,256.79,244.35,247.67,238.86,NA,NA,223.18,221.53,NA,310.69,305.09,297.95
2011-06-14,20110614,262.47,256.61,244.15,247.3,238.6,NA,NA,223.09,221.45,NA,310.67,305.06,297.94
2011-06-15,20110615,262.53,256.47,244.02,247.1,238.33,NA,NA,222.97,221.37,NA,310.64,305.04,297.91
2011-06-16,20110616,262.17,256.32,243.88,247.08,238.23,NA,NA,222.91,221.33,NA,310.63,305.02,297.88
2011-06-17,20110617,262.37,256.12,243.76,247.04,238.16,NA,NA,222.86,221.27,NA,310.62,305.01,297.85
2011-06-18,20110618,262.32,255.9,243.66,247.03,238.13,NA,NA,222.85,221.3,NA,310.61,305,297.82
2011-06-19,20110619,262.12,255.63,243.59,247.11,238.18,NA,NA,222.84,221.28,NA,310.6,304.99,297.79
2011-06-20,20110620,262.03,255.38,243.52,247.01,238.17,NA,NA,222.81,221.22,NA,310.58,304.96,297.74
2011-06-21,20110621,261.84,255.19,243.46,246.78,238.05,NA,NA,222.76,221.19,NA,310.56,304.95,297.7
2011-06-22,20110622,261.75,255.03,243.39,246.6,237.94,NA,NA,222.69,221.1,NA,310.56,304.96,297.64
2011-06-23,20110623,261.65,254.88,243.33,246.43,237.76,NA,NA,222.62,220.97,NA,310.55,304.96,297.56
2011-06-24,20110624,261.19,254.72,243.29,246.34,237.46,NA,NA,222.62,220.96,NA,310.55,304.95,297.47
2011-06-25,20110625,260.93,254.55,243.23,246.27,237.2,NA,NA,222.61,220.98,NA,310.54,304.94,297.38
2011-06-26,20110626,260.91,254.49,243.19,246.29,237.05,NA,NA,222.61,221.03,NA,310.53,304.93,297.29
2011-06-27,20110627,260.91,254.44,243.14,246.23,236.92,NA,NA,222.59,221.01,NA,310.51,304.92,297.2
2011-06-28,20110628,260.87,254.45,243.16,246.19,236.76,NA,NA,222.67,221.12,NA,310.77,305.04,297.19
2011-06-29,20110629,260.86,254.45,243.13,246.13,236.63,NA,NA,222.89,221.24,NA,310.73,305.1,297.26
2011-06-30,20110630,260.74,254.36,243.03,245.93,236.39,NA,NA,222.88,221.22,NA,310.59,304.99,297.23
2011-07-01,20110701,260.7,254.32,243.02,245.84,236.28,NA,NA,222.82,221.22,NA,310.55,304.97,297.2
2011-07-02,20110702,260.65,254.24,243,245.85,236.23,NA,NA,222.77,221.21,NA,310.53,304.95,297.15
2011-07-03,20110703,260.59,254.16,242.97,245.93,236.23,NA,NA,222.7,221.1,NA,310.51,304.93,297.09
2011-07-04,20110704,260.53,254.07,242.93,246.02,236.25,NA,NA,222.65,221.02,NA,310.5,304.91,297.01
2011-07-05,20110705,260.47,253.99,242.9,246.01,236.22,NA,NA,222.62,220.99,NA,310.49,304.9,296.9
2011-07-06,20110706,260.39,253.9,242.87,245.93,236.16,NA,NA,222.61,221,NA,310.47,304.88,296.78
2011-07-07,20110707,260.31,253.82,242.86,245.84,236.09,NA,NA,222.6,220.99,NA,310.48,304.88,296.67
2011-07-08,20110708,260.21,253.75,242.84,245.75,236.03,NA,NA,222.58,220.98,NA,310.47,304.86,296.55
2011-07-09,20110709,260.11,253.64,242.81,245.65,235.97,NA,NA,222.61,221.08,NA,310.48,304.87,296.45
2011-07-10,20110710,260.02,253.54,242.77,245.66,235.95,NA,NA,222.59,221.06,NA,310.48,304.86,296.35
2011-07-11,20110711,259.94,253.58,242.72,245.62,235.92,NA,NA,222.56,221.01,NA,310.49,304.86,296.27
2011-07-12,20110712,259.81,253.58,242.69,245.49,235.83,NA,NA,222.57,221.01,NA,310.49,304.87,296.21
2011-07-13,20110713,259.68,253.35,242.66,245.35,235.74,NA,NA,222.56,221.02,NA,310.96,304.87,296.17
2011-07-14,20110714,259.54,253.07,242.63,245.17,235.66,NA,NA,222.61,221.05,NA,311.22,304.86,296.12
2011-07-15,20110715,259.42,252.84,242.59,244.99,235.67,NA,NA,222.71,221.19,NA,310.62,304.84,296.06
2011-07-16,20110716,259.32,252.67,242.56,244.89,235.7,NA,NA,222.76,221.22,NA,310.54,304.84,296.02
2011-07-17,20110717,259.23,252.52,242.53,244.95,235.77,NA,NA,222.77,221.18,NA,310.53,304.86,296
2011-07-18,20110718,259.11,252.33,242.46,244.93,235.76,NA,NA,222.75,221.21,NA,310.47,304.81,295.92
2011-07-19,20110719,259.03,252.19,242.43,244.85,235.73,NA,NA,222.78,221.28,NA,310.47,304.82,295.88
2011-07-20,20110720,258.93,252.03,242.4,244.77,235.67,NA,NA,222.75,221.25,NA,310.44,304.79,295.8
2011-07-21,20110721,258.85,251.88,242.39,244.65,235.53,NA,NA,222.7,221.24,NA,310.43,304.77,295.71
2011-07-22,20110722,258.77,251.72,242.36,244.54,235.32,NA,NA,222.62,221.18,NA,310.43,304.76,295.62
2011-07-23,20110723,258.69,251.55,242.32,244.48,235.2,NA,NA,222.58,221.11,NA,310.44,304.76,295.54
2011-07-24,20110724,258.61,251.37,242.26,244.54,235.15,NA,NA,222.54,221.04,NA,310.44,304.76,295.46
2011-07-25,20110725,258.52,251.25,242.24,244.55,235.08,NA,NA,222.52,221.09,NA,310.43,304.75,295.39
2011-07-26,20110726,258.44,251.21,242.23,244.46,234.95,NA,NA,222.5,221.05,NA,310.41,304.72,295.32
2011-07-27,20110727,258.37,251.04,242.21,244.35,234.83,NA,NA,222.46,220.98,NA,310.41,304.7,295.25
2011-07-28,20110728,258.28,250.78,242.18,244.13,234.72,NA,NA,222.51,221.11,NA,310.4,304.68,295.18
2011-07-29,20110729,258.21,250.51,242.15,243.79,234.6,NA,NA,222.61,221.16,NA,310.4,304.67,295.1
2011-07-30,20110730,258.14,250.25,242.13,243.41,234.49,NA,NA,222.67,221.22,NA,310.42,304.67,295.05
2011-07-31,20110731,258.06,250.03,242.09,243.01,234.37,NA,NA,222.69,221.22,NA,310.43,304.7,295.02
2011-08-01,20110801,257.99,249.87,242.04,242.59,234.26,NA,NA,222.68,221.16,NA,310.43,304.72,295.03
2011-08-02,20110802,257.91,249.76,241.99,242.14,234.15,NA,NA,222.66,221.14,NA,310.42,304.72,295.05
2011-08-03,20110803,257.85,249.67,241.95,241.89,234.03,NA,NA,222.71,221.24,NA,310.41,304.71,295.07
2011-08-04,20110804,257.83,249.58,241.88,241.74,233.92,NA,NA,222.74,221.3,NA,310.42,304.71,295.08
2011-08-05,20110805,257.93,249.51,241.82,241.59,233.8,NA,NA,222.71,221.26,NA,310.41,304.7,295.05
2011-08-06,20110806,257.72,249.52,241.78,241.5,233.69,NA,NA,222.73,221.32,NA,310.44,304.71,295.05
2011-08-07,20110807,257.62,249.46,241.7,241.26,233.58,NA,NA,222.71,221.29,NA,310.42,304.69,295.03
2011-08-08,20110808,257.56,249.4,241.64,241.04,233.46,NA,NA,222.6,221.15,NA,310.4,304.65,295
2011-08-09,20110809,257.52,249.35,241.6,240.81,233.35,NA,NA,222.51,221.11,NA,310.39,304.63,294.96
2011-08-10,20110810,257.48,249.32,241.55,240.46,233.24,NA,NA,222.48,221.08,NA,310.4,304.62,294.92
2011-08-11,20110811,257.45,249.27,241.48,240.09,233.12,NA,NA,222.42,221,NA,310.4,304.62,294.89
2011-08-12,20110812,257.41,249.22,241.42,239.76,233.01,NA,NA,222.4,221.04,NA,310.39,304.62,294.87
2011-08-13,20110813,257.39,249.2,241.38,239.48,232.89,NA,NA,222.39,221.04,NA,310.39,304.6,294.85
2011-08-14,20110814,257.37,249.17,241.32,239.28,232.78,NA,NA,222.36,220.96,NA,310.37,304.55,294.82
2011-08-15,20110815,257.34,249.15,241.26,239.14,232.67,NA,NA,222.34,221,NA,310.35,304.47,294.76
2011-08-16,20110816,257.31,249.14,241.2,238.99,232.55,NA,NA,222.32,221,NA,310.36,304.42,294.69
2011-08-17,20110817,257.28,249.13,241.14,238.84,232.44,NA,NA,222.3,220.91,NA,310.38,304.46,294.61
2011-08-18,20110818,257.25,249.1,241.1,238.67,232.32,NA,NA,222.28,220.88,NA,310.38,304.5,294.56
2011-08-19,20110819,257.22,249.07,241.07,238.48,232.21,NA,NA,222.28,220.98,NA,310.44,304.61,294.56
2011-08-20,20110820,257.2,249.05,241.03,238.31,232.1,NA,NA,222.29,220.99,NA,310.44,304.72,294.67
2011-08-21,20110821,257.16,249.03,240.97,238.14,231.98,NA,NA,222.26,220.9,NA,310.41,304.69,294.83
2011-08-22,20110822,257.11,249,240.92,238,231.87,NA,NA,222.25,220.92,NA,310.38,304.59,294.88
2011-08-23,20110823,257.07,249.06,240.88,237.89,231.75,NA,NA,222.23,220.93,NA,310.36,304.49,294.79
2011-08-24,20110824,257.03,249.08,240.84,237.8,231.64,NA,NA,222.2,220.85,NA,310.33,304.32,294.67
2011-08-25,20110825,257,249.03,240.8,237.72,231.53,NA,NA,222.2,220.86,NA,310.33,304.03,294.56
2011-08-26,20110826,256.98,248.97,240.76,237.65,231.41,NA,NA,222.2,220.88,NA,310.32,303.66,294.44
2011-08-27,20110827,256.96,248.98,240.72,237.58,231.3,NA,NA,222.21,220.92,NA,310.32,303.17,294.32
2011-08-28,20110828,256.95,249.01,240.69,237.51,231.18,NA,NA,222.25,221.05,NA,310.3,302.72,294.19
2011-08-29,20110829,256.94,249.17,240.66,237.45,231.07,NA,NA,222.22,220.95,NA,310.29,302.33,294.05
2011-08-30,20110830,256.91,249.3,240.63,237.38,230.96,NA,NA,222.19,220.87,NA,310.29,302.03,293.91
2011-08-31,20110831,256.9,249.45,240.61,237.35,230.84,NA,NA,222.18,220.87,NA,310.31,301.8,293.79
2011-09-01,20110901,256.86,249.5,240.57,237.32,230.73,NA,NA,222.18,220.92,NA,310.31,301.6,293.68
2011-09-02,20110902,256.78,249.38,240.52,237.27,230.61,NA,NA,222.15,220.87,NA,310.28,301.41,293.56
2011-09-03,20110903,256.72,249.2,240.48,237.23,230.5,NA,NA,222.16,220.88,NA,310.28,301.25,293.48
2011-09-04,20110904,256.65,249.02,240.45,237.2,230.39,NA,NA,222.19,220.99,NA,310.3,301.1,293.4
2011-09-05,20110905,256.57,248.93,240.4,237.17,230.27,NA,NA,222.19,221.01,NA,310.29,300.96,293.33
2011-09-06,20110906,256.51,249.02,240.37,237.14,230.16,NA,NA,222.15,220.91,NA,310.28,300.85,293.26
2011-09-07,20110907,256.46,249.26,240.33,237.12,230.05,NA,NA,222.15,220.97,NA,310.26,300.76,293.21
2011-09-08,20110908,256.38,249.29,240.3,237.1,229.93,NA,NA,222.16,221.01,NA,310.31,300.67,293.16
2011-09-09,20110909,256.3,249.29,240.31,237.09,229.82,NA,NA,222.16,221.02,NA,310.34,300.67,293.13
2011-09-10,20110910,256.23,249.26,240.29,237.08,229.7,NA,NA,222.16,221.02,NA,310.34,301.44,293.16
2011-09-11,20110911,256.14,249.17,240.24,237.07,229.59,NA,NA,222.16,220.95,NA,310.35,302.32,293.29
2011-09-12,20110912,256.05,249.16,240.18,237.04,229.48,NA,NA,222.15,221,NA,310.33,302.6,293.4
2011-09-13,20110913,255.97,249.27,240.16,237.03,229.36,NA,NA,222.16,221.03,NA,310.32,302.44,293.5
2011-09-14,20110914,255.9,249.31,240.14,237.01,229.25,NA,NA,222.15,221.03,NA,310.3,302.1,293.54
2011-09-15,20110915,255.83,249.27,240.12,237,229.13,NA,NA,222.14,220.99,NA,310.33,301.9,293.55
2011-09-16,20110916,255.76,249.24,240.09,236.99,229.02,NA,NA,222.14,221.01,NA,310.37,302.56,293.55
2011-09-17,20110917,255.71,249.23,240.06,236.99,228.91,NA,NA,222.15,221.04,NA,310.37,303.27,293.6
2011-09-18,20110918,255.66,249.22,240.03,236.98,228.79,NA,NA,222.15,221.05,NA,310.34,303.1,293.67
2011-09-19,20110919,255.61,249.24,240.01,236.97,228.68,NA,NA,222.13,221.02,NA,310.3,302.54,293.69
2011-09-20,20110920,255.57,249.22,239.99,236.96,228.56,NA,NA,222.1,220.92,NA,310.27,302.05,293.64
2011-09-21,20110921,255.54,249.15,239.97,236.95,228.45,NA,NA,222.07,220.88,NA,310.25,301.71,293.55
2011-09-22,20110922,255.52,249.01,239.93,236.95,228.34,NA,NA,222.09,220.96,NA,310.22,301.44,293.45
2011-09-23,20110923,255.5,248.92,239.91,236.94,228.22,NA,NA,222.09,220.93,NA,310.15,301.2,293.35
2011-09-24,20110924,255.5,248.92,239.88,236.93,228.11,NA,NA,222.06,220.87,NA,310.03,300.98,293.26
2011-09-25,20110925,255.5,248.87,239.84,236.92,227.99,NA,NA,222.17,220.95,NA,309.91,300.8,293.19
2011-09-26,20110926,255.51,248.82,239.82,236.91,227.88,NA,NA,222.24,220.97,NA,309.82,300.64,293.12
2011-09-27,20110927,255.52,248.94,239.79,236.9,227.77,NA,NA,222.26,221.03,NA,309.79,300.49,293.04
2011-09-28,20110928,255.52,248.99,239.77,236.9,227.65,NA,NA,222.24,220.96,NA,309.64,300.35,292.96
2011-09-29,20110929,255.5,248.93,239.75,236.9,227.54,NA,NA,222.21,220.87,NA,309.44,300.23,292.89
2011-09-30,20110930,255.48,248.91,239.72,236.88,227.43,NA,NA,222.21,220.94,NA,309.37,300.13,292.83
2011-10-01,20111001,255.45,249.01,239.69,236.87,227.31,NA,NA,222.24,220.99,NA,309.5,300.04,292.77
2011-10-02,20111002,255.44,249.07,239.67,236.86,227.2,NA,NA,222.26,220.96,NA,309.88,299.96,292.72
2011-10-03,20111003,255.41,249.07,239.66,236.85,227.08,NA,NA,222.28,221,NA,310.13,299.91,292.68
2011-10-04,20111004,255.39,249.17,239.67,236.86,226.97,NA,NA,222.32,221.1,NA,310.31,299.9,292.66
2011-10-05,20111005,255.37,249.19,239.64,236.84,226.86,NA,NA,222.31,221.12,NA,310.43,301.89,292.67
2011-10-06,20111006,255.34,249.19,239.61,236.83,226.74,NA,NA,222.32,221.13,NA,310.36,303.49,292.87
2011-10-07,20111007,255.34,249.24,239.58,236.83,226.63,NA,NA,222.32,221.12,NA,310.34,303.31,293.18
2011-10-08,20111008,255.3,249.28,239.57,236.82,226.51,NA,NA,222.31,221.11,NA,310.31,302.69,293.39
2011-10-09,20111009,255.24,249.24,239.56,236.81,226.4,NA,NA,222.31,221.11,NA,310.31,302.19,293.49
2011-10-10,20111010,255.19,249.16,239.54,236.8,226.29,NA,NA,222.31,221.12,NA,310.33,301.95,293.53
2011-10-11,20111011,255.16,249.33,239.51,236.79,226.17,NA,NA,222.29,221.11,NA,310.34,302.34,293.54
2011-10-12,20111012,255.14,249.45,239.51,236.79,226.06,NA,NA,222.28,221.09,NA,310.31,302.43,293.57
2011-10-13,20111013,255.12,249.45,239.52,236.8,225.94,NA,NA,222.25,221.07,NA,310.27,301.85,293.59
2011-10-14,20111014,255.12,249.46,239.52,236.8,225.86,225.33,221.88,222.24,221.08,NA,310.3,301.8,293.58
2011-10-15,20111015,255.12,249.47,239.49,236.79,225.87,225.36,221.9,222.25,221.08,212.88,310.34,302.81,293.59
2011-10-16,20111016,255.12,249.38,239.46,236.78,225.93,225.4,221.93,222.28,221.1,212.84,310.35,303.59,293.66
2011-10-17,20111017,255.13,249.3,239.45,236.77,225.99,225.41,221.93,222.27,221.1,212.86,310.34,303.78,293.75
2011-10-18,20111018,255.16,249.37,239.43,236.77,226,225.4,221.91,222.24,221.08,212.82,310.36,304,293.83
2011-10-19,20111019,255.18,249.41,239.41,236.76,226,225.42,221.92,222.25,221.09,212.76,310.36,304.2,293.92
2011-10-20,20111020,255.2,249.3,239.38,236.75,226,225.41,221.89,222.19,221.08,212.71,310.34,304.23,294.02
2011-10-21,20111021,255.23,249.17,239.36,236.74,226.03,225.43,221.81,222.08,221.02,212.66,310.33,304.09,294.09
2011-10-22,20111022,255.25,249.16,239.35,236.74,226.05,225.46,221.76,222.05,220.96,212.59,310.31,303.59,294.11
2011-10-23,20111023,255.28,249.15,239.34,236.73,226.08,225.47,221.73,222.04,220.91,212.49,310.31,303.2,294.08
2011-10-24,20111024,255.31,249.17,239.31,236.72,226.1,225.44,221.71,222,220.88,212.4,310.32,303.12,294.04
2011-10-25,20111025,255.34,249.29,239.29,236.71,226.11,225.41,221.66,221.93,220.78,212.33,310.34,303.15,294.02
2011-10-26,20111026,255.38,249.26,239.27,236.71,226.13,225.41,221.62,221.9,220.72,212.27,310.36,303.24,294
2011-10-27,20111027,255.41,249.21,239.25,236.7,226.12,225.36,221.61,221.89,220.77,212.15,310.37,303.27,293.99
2011-10-28,20111028,255.45,249.23,239.23,236.69,226.11,225.37,221.61,221.91,220.77,212.07,310.38,303.41,293.98
2011-10-29,20111029,255.49,249.26,239.21,236.68,226.1,225.36,221.63,221.92,220.78,212,310.35,303.68,293.99
2011-10-30,20111030,255.52,249.27,239.19,236.67,226.08,225.35,221.59,221.89,220.67,211.97,310.35,303.59,294.01
2011-10-31,20111031,255.54,249.25,239.18,236.66,226.06,225.34,221.58,221.87,220.68,211.91,310.36,303.81,294.03
2011-11-01,20111101,255.57,249.25,239.15,236.66,226.02,225.33,221.57,221.85,220.72,211.82,310.36,303.97,294.05
2011-11-02,20111102,255.59,249.28,239.15,236.66,226.01,225.33,221.57,221.84,220.72,211.77,310.38,304.03,294.08
2011-11-03,20111103,255.61,249.2,239.16,236.66,226.01,225.23,221.55,221.78,220.71,211.72,310.4,304.21,294.13
2011-11-04,20111104,255.62,249.05,239.13,236.65,226.01,225.2,221.49,221.69,220.69,212.36,310.42,304.46,294.19
2011-11-05,20111105,255.64,249.08,239.13,236.65,225.96,225.11,221.44,221.61,220.68,212.3,310.44,304.59,294.28
2011-11-06,20111106,255.69,249.19,239.12,236.67,225.89,225.04,221.39,221.54,220.68,212.92,310.46,304.76,294.4
2011-11-07,20111107,255.68,249.22,239.06,236.64,225.77,224.94,221.29,221.41,220.62,212.33,310.4,304.73,294.47
2011-11-08,20111108,255.7,249.26,239.04,236.63,225.7,224.83,221.21,221.31,220.57,212,310.38,304.69,294.55
2011-11-09,20111109,255.72,249.3,239.04,236.63,225.66,224.67,221.14,221.22,220.53,211.84,310.38,304.68,294.62
2011-11-10,20111110,255.73,249.31,239.05,236.64,225.6,224.57,221.08,221.13,220.48,211.75,310.37,304.64,294.65
2011-11-11,20111111,255.76,249.36,239.06,236.64,225.51,224.52,220.98,221.05,220.44,211.68,310.37,304.62,294.67
2011-11-12,20111112,255.79,249.39,239.03,236.65,225.45,224.54,220.93,220.98,220.41,211.67,310.37,304.65,294.68
2011-11-13,20111113,255.8,249.37,239,236.64,225.38,224.54,220.86,220.9,220.35,211.62,310.35,304.61,294.67
2011-11-14,20111114,255.84,249.37,238.98,236.63,225.33,224.54,220.8,220.85,220.33,211.59,310.35,304.57,294.67
2011-11-15,20111115,255.88,249.39,238.96,236.63,225.28,224.51,220.76,220.79,220.3,211.55,310.34,304.52,294.66
2011-11-16,20111116,255.93,249.42,238.94,236.63,225.28,224.47,220.72,220.74,220.27,211.51,310.34,304.46,294.63
2011-11-17,20111117,255.97,249.44,238.94,236.62,225.4,224.3,220.68,220.7,220.24,211.49,310.35,304.44,294.61
2011-11-18,20111118,256.03,249.46,238.94,236.62,225.45,224.24,220.64,220.66,220.22,211.46,310.37,304.5,294.6
2011-11-19,20111119,256.07,249.35,238.96,236.62,225.46,224.34,220.62,220.63,220.2,211.56,310.4,304.65,294.61
2011-11-20,20111120,256.1,249.17,238.92,236.61,225.4,224.37,220.55,220.58,220.17,212.83,310.45,304.78,294.65
2011-11-21,20111121,256.15,249.2,238.88,236.61,225.42,224.44,220.54,220.57,220.16,212.72,310.42,304.83,294.74
2011-11-22,20111122,256.2,249.31,238.9,236.62,225.49,224.48,220.55,220.56,220.15,212.15,310.41,304.83,294.84
2011-11-23,20111123,256.25,249.38,238.91,236.62,225.61,224.49,220.51,220.54,220.12,211.83,310.39,304.8,294.91
2011-11-24,20111124,256.29,249.42,238.85,236.6,225.64,224.51,220.46,220.5,220.1,211.66,310.37,304.75,294.93
2011-11-25,20111125,256.33,249.45,238.83,236.6,225.67,224.61,220.46,220.49,220.08,211.6,310.38,304.75,294.94
2011-11-26,20111126,256.38,249.48,238.82,236.6,225.66,224.69,220.45,220.48,220.07,211.54,310.38,304.73,294.95
2011-11-27,20111127,256.42,249.51,238.81,236.6,225.63,224.75,220.44,220.46,220.06,211.49,310.38,304.72,294.95
2011-11-28,20111128,256.46,249.53,238.81,236.61,225.63,224.79,220.43,220.45,220.06,211.46,310.39,304.7,294.96
2011-11-29,20111129,256.49,249.56,238.8,236.62,225.76,224.73,220.42,220.44,220.05,211.42,310.38,304.68,294.95
2011-11-30,20111130,256.53,249.63,238.79,236.62,225.84,224.64,220.4,220.43,220.04,211.38,310.37,304.59,294.93
2011-12-01,20111201,256.58,249.77,238.79,236.61,225.83,224.61,220.4,220.42,220.02,211.36,310.37,304.41,294.88
2011-12-02,20111202,256.61,249.84,238.78,236.61,225.8,224.57,220.38,220.4,220.01,211.34,310.36,304.19,294.8
2011-12-03,20111203,256.64,249.76,238.75,236.6,225.89,224.51,220.36,220.39,220,211.34,310.36,303.96,294.7
2011-12-04,20111204,256.67,249.82,238.75,236.6,225.97,224.34,220.38,220.4,220.01,211.35,310.38,303.8,294.62
2011-12-05,20111205,256.7,249.91,238.72,236.59,225.93,224.03,220.36,220.38,220,211.32,310.37,303.73,294.52
2011-12-06,20111206,256.73,250.02,238.71,236.58,225.9,223.98,220.37,220.38,220,211.31,310.39,303.73,294.45
2011-12-07,20111207,256.75,250.1,238.71,236.57,225.85,224.06,220.36,220.37,219.99,211.28,310.4,303.81,294.4
2011-12-08,20111208,256.75,250.1,238.7,236.56,225.8,224.08,220.33,220.34,219.97,211.25,310.4,303.96,294.36
2011-12-09,20111209,256.76,250.18,238.68,236.55,225.87,224.11,220.32,220.33,219.95,211.26,310.4,304.13,294.34
2011-12-10,20111210,256.75,250.1,238.69,236.55,226,224.13,220.31,220.32,219.94,211.29,310.41,304.29,294.35
2011-12-11,20111211,256.74,249.97,238.69,236.54,226.03,224.08,220.29,220.3,219.92,211.29,310.41,304.41,294.38
2011-12-12,20111212,256.72,249.85,238.67,236.53,225.99,223.91,220.26,220.29,219.91,211.26,310.41,304.48,294.43
2011-12-13,20111213,256.7,249.77,238.63,236.52,226.02,224.12,220.25,220.28,219.9,211.23,310.41,304.52,294.48
2011-12-14,20111214,256.68,249.84,238.61,236.52,226.06,224.25,220.26,220.29,219.89,211.22,310.41,304.55,294.53
2011-12-15,20111215,256.4,249.99,238.63,236.51,226.06,224.43,220.26,220.31,219.9,211.22,310.49,304.59,294.59
2011-12-16,20111216,256.33,250.07,NA,NA,226.13,224.6,220.27,220.32,219.9,211.25,310.49,304.62,294.64
2011-12-17,20111217,256.32,250.13,NA,NA,226.19,224.75,220.27,220.33,219.89,211.26,310.49,304.63,294.68
2011-12-18,20111218,256.3,250.1,NA,NA,226.26,224.89,220.29,220.34,219.89,211.26,310.49,304.66,294.71
2011-12-19,20111219,256.28,249.99,NA,NA,226.33,225,220.32,220.38,219.91,211.26,310.49,304.69,294.75
2011-12-20,20111220,256.26,249.85,NA,NA,226.39,225.1,220.38,220.43,219.93,211.24,310.48,304.72,294.79
2011-12-21,20111221,256.26,250,NA,236.49,226.45,225.18,220.43,220.49,219.95,211.2,310.47,304.72,294.83
2011-12-22,20111222,256.26,250.01,NA,236.49,226.48,225.3,220.49,220.56,219.98,211.18,310.48,304.73,294.86
2011-12-23,20111223,256.26,249.99,NA,236.5,226.48,225.47,220.58,220.65,220.03,211.19,310.5,304.77,294.91
2011-12-24,20111224,256.27,249.97,NA,236.49,226.45,225.61,220.64,220.71,220.06,211.18,310.51,304.8,294.96
2011-12-25,20111225,256.27,249.85,NA,236.49,226.4,225.75,220.69,220.77,220.09,211.16,310.51,304.82,295.01
2011-12-26,20111226,256.27,249.67,NA,236.47,226.36,225.85,220.73,220.82,220.11,211.13,310.5,304.81,295.05
2011-12-27,20111227,256.27,249.6,NA,236.47,226.37,225.92,220.77,220.86,220.14,211.13,310.49,304.81,295.1
2011-12-28,20111228,256.28,249.67,NA,236.46,226.59,225.98,220.81,220.9,220.16,211.13,310.48,304.81,295.13
2011-12-29,20111229,256.31,249.83,NA,236.46,226.77,226.05,220.82,220.92,220.18,211.13,310.49,304.82,295.16
2011-12-30,20111230,256.33,249.98,NA,236.45,226.84,226.16,220.83,220.93,220.2,211.12,310.51,304.84,295.18
2011-12-31,20111231,256.37,250.01,NA,236.45,226.84,226.29,220.86,220.95,220.22,211.14,310.53,304.88,295.22
2012-01-01,20120101,256.39,249.87,NA,236.45,226.82,226.25,220.86,220.95,220.23,211.16,310.54,304.88,295.28
2012-01-02,20120102,256.41,249.74,NA,236.44,226.76,226.12,220.86,220.96,220.24,211.19,310.53,304.89,295.35
2012-01-03,20120103,256.44,249.66,NA,236.43,226.74,225.98,220.86,220.95,220.24,211.2,310.53,304.88,295.43
2012-01-04,20120104,256.47,249.72,NA,236.43,226.89,225.82,220.86,220.94,220.24,211.19,310.52,304.88,295.49
2012-01-05,20120105,256.51,249.91,NA,236.43,226.93,225.77,220.84,220.91,220.24,211.18,310.52,304.88,295.54
2012-01-06,20120106,256.56,250.03,NA,236.42,226.93,225.74,220.78,220.86,220.12,211.19,310.51,304.87,295.56
2012-01-07,20120107,256.6,250.1,NA,236.41,226.93,225.71,220.69,220.78,219.96,211.21,310.51,304.87,295.57
2012-01-08,20120108,256.63,250.06,NA,236.41,227.1,225.75,220.66,220.74,220.03,211.22,310.5,304.87,295.57
2012-01-09,20120109,256.67,249.9,NA,236.41,228.34,225.87,220.67,220.74,220.1,211.23,310.51,304.88,295.57
2012-01-10,20120110,256.7,249.82,NA,236.41,228.34,225.85,220.67,220.73,220.12,211.21,310.51,304.88,295.58
2012-01-11,20120111,256.74,249.78,NA,236.41,227.92,225.79,220.65,220.72,220.03,211.22,310.5,304.87,295.59
2012-01-12,20120112,256.77,249.71,NA,236.4,227.63,225.73,220.59,220.67,219.89,211.18,310.49,304.86,295.59
2012-01-13,20120113,256.8,249.79,NA,236.4,227.46,225.58,220.59,220.66,219.94,211.12,310.49,304.85,295.58
2012-01-14,20120114,256.84,249.88,NA,236.4,227.7,225.48,220.61,220.67,220.04,211.07,310.49,304.85,295.57
2012-01-15,20120115,256.86,249.89,NA,236.39,228.18,225.31,220.6,220.66,220.06,211.04,310.47,304.82,295.54
2012-01-16,20120116,256.88,249.8,NA,236.39,228.31,225.18,220.6,220.66,220.09,211.04,310.46,304.81,295.5
2012-01-17,20120117,256.9,249.71,NA,236.39,228.24,225.22,220.6,220.65,220.09,211.04,310.46,304.8,295.46
2012-01-18,20120118,256.92,249.79,NA,236.4,228.23,225.23,220.6,220.64,220.1,211.06,310.47,304.79,295.42
2012-01-19,20120119,256.95,250.07,NA,236.4,228.12,225.23,220.59,220.63,220.09,211.1,310.45,304.8,295.37
2012-01-20,20120120,256.98,250.41,NA,236.42,227.97,225.1,220.58,220.63,220.09,212.32,310.86,304.91,295.35
2012-01-21,20120121,257.09,251.09,NA,236.6,227.89,225.24,220.61,220.71,220.14,215.49,311.41,305.05,295.46
2012-01-22,20120122,257.15,251.46,NA,236.66,227.88,225.78,220.69,220.8,220.18,214.02,310.71,304.89,295.78
2012-01-23,20120123,257.22,251.16,NA,236.61,227.78,225.87,220.64,220.81,220.16,214.44,311.14,304.89,295.94
2012-01-24,20120124,257.29,250.88,NA,236.63,227.84,226.07,220.69,220.87,220.18,213.76,310.76,304.85,296.08
2012-01-25,20120125,257.35,250.7,NA,236.63,227.85,226.16,220.75,220.93,220.19,213.19,310.6,304.81,296.16
2012-01-26,20120126,257.41,250.7,NA,236.61,227.8,226.17,220.82,221.02,220.21,212.78,310.54,304.79,296.15
2012-01-27,20120127,257.47,250.92,NA,236.59,227.73,226.01,220.87,221.08,220.23,212.46,310.51,304.77,296.12
2012-01-28,20120128,257.53,251.24,NA,236.57,227.64,225.66,220.9,221.1,220.26,212.27,310.49,304.76,296.06
2012-01-29,20120129,257.59,251.48,NA,236.56,227.53,225.27,220.91,221.09,220.27,212.11,310.48,304.75,295.99
2012-01-30,20120130,257.62,251.38,NA,236.53,227.41,225.08,220.87,221.05,220.26,211.94,310.46,304.74,295.92
2012-01-31,20120131,257.64,251.06,NA,236.51,227.3,225.18,220.84,221.01,220.26,211.81,310.45,304.74,295.85
2012-02-01,20120201,257.66,250.97,NA,236.5,227.2,225.14,220.82,220.98,220.26,211.73,310.45,304.74,295.8
2012-02-02,20120202,257.69,251.2,NA,236.49,227.1,225.1,220.79,220.94,220.25,211.67,310.45,304.74,295.78
2012-02-03,20120203,257.7,251.21,NA,236.47,227,224.95,220.75,220.9,220.23,211.6,310.44,304.73,295.75
2012-02-04,20120204,257.69,251.08,NA,236.46,226.91,224.65,220.72,220.85,220.21,211.58,310.43,304.72,295.72
2012-02-05,20120205,257.68,250.92,NA,236.46,226.83,224.39,220.7,220.82,220.2,211.57,310.43,304.73,295.71
2012-02-06,20120206,257.66,250.73,NA,236.45,226.75,224.18,220.67,220.79,220.19,211.54,310.43,304.72,295.68
2012-02-07,20120207,257.63,250.61,NA,236.42,226.66,224.15,220.59,220.73,220.15,211.51,310.45,304.73,295.64
2012-02-08,20120208,257.61,250.59,NA,236.42,226.61,224.55,220.59,220.71,220.15,211.57,310.48,304.77,295.65
2012-02-09,20120209,257.58,250.6,NA,236.41,226.58,224.74,220.57,220.68,220.13,211.51,310.48,304.79,295.69
2012-02-10,20120210,257.56,250.68,NA,236.4,226.55,224.76,220.55,220.65,220.12,211.47,310.48,304.79,295.75
2012-02-11,20120211,257.54,250.72,NA,236.39,226.52,224.56,220.52,220.63,220.1,211.42,310.48,304.79,295.8
2012-02-12,20120212,257.51,250.66,NA,236.39,226.48,224.37,220.51,220.61,220.09,211.38,310.46,304.78,295.84
2012-02-13,20120213,257.5,250.55,NA,236.39,226.45,224.21,220.5,220.61,220.1,211.38,311.21,304.93,295.89
2012-02-14,20120214,257.48,250.57,NA,236.4,226.43,224.25,220.5,220.61,220.1,211.43,310.73,304.86,296.02
2012-02-15,20120215,257.49,250.6,NA,236.4,226.4,224.53,220.48,220.62,220.09,211.44,310.57,304.8,296.15
2012-02-16,20120216,257.52,250.69,NA,236.41,226.37,225.09,220.49,220.63,220.09,211.45,310.52,304.77,296.2
2012-02-17,20120217,257.55,250.81,NA,236.41,226.35,225.36,220.49,220.64,220.08,211.42,310.5,304.76,296.18
2012-02-18,20120218,257.58,250.92,NA,236.41,226.34,225.33,220.49,220.65,220.08,211.41,310.49,304.76,296.14
2012-02-19,20120219,257.6,250.76,NA,236.4,226.32,225.02,220.5,220.65,220.08,211.41,310.48,304.74,296.1
2012-02-20,20120220,257.6,250.4,NA,236.38,226.29,224.74,220.5,220.65,220.08,211.39,310.48,304.74,296.06
2012-02-21,20120221,257.62,250.28,NA,236.38,226.27,224.53,220.51,220.66,220.08,211.4,310.48,304.76,296.05
2012-02-22,20120222,257.64,250.33,NA,236.38,226.23,224.56,220.52,220.65,220.08,211.4,310.48,304.78,296.08
2012-02-23,20120223,257.66,250.45,NA,236.37,226.19,224.93,220.51,220.64,220.07,211.38,310.48,304.78,296.13
2012-02-24,20120224,257.66,250.44,NA,236.35,226.16,225.2,220.48,220.62,220.06,211.38,310.47,304.77,296.16
2012-02-25,20120225,257.66,250.38,NA,236.37,226.15,225.24,220.52,220.63,220.08,211.41,310.49,304.8,296.23
2012-02-26,20120226,257.67,250.35,NA,236.37,226.12,224.89,220.51,220.63,220.07,211.39,310.49,304.81,296.3
2012-02-27,20120227,257.67,250.32,NA,236.35,226.08,224.56,220.47,220.6,220.06,211.34,310.47,304.78,296.34
2012-02-28,20120228,257.67,250.34,NA,236.35,226.03,224.58,220.49,220.6,220.07,211.36,310.48,304.79,296.4
2012-02-29,20120229,257.68,250.46,NA,236.34,225.98,224.92,220.48,220.59,220.06,212.69,310.53,304.83,296.44
2012-03-01,20120301,257.71,250.74,NA,236.34,225.97,224.99,220.49,220.6,220.09,212.79,310.58,304.86,296.54
2012-03-02,20120302,257.73,250.8,NA,236.34,225.93,224.87,220.5,220.62,220.09,212.48,310.54,304.84,296.66
2012-03-03,20120303,257.75,250.73,NA,236.34,225.87,225.06,220.5,220.63,220.09,212.05,310.52,304.83,296.76
2012-03-04,20120304,257.78,250.63,NA,236.34,225.71,225.72,220.5,220.64,220.08,211.83,310.52,304.82,296.84
2012-03-05,20120305,257.83,250.51,NA,236.34,225.56,226.21,220.49,220.63,220.07,211.72,310.5,304.81,296.88
2012-03-06,20120306,257.89,250.52,NA,236.34,225.51,226.3,220.5,220.65,220.08,211.66,310.5,304.8,296.91
2012-03-07,20120307,257.95,250.63,NA,236.33,225.45,226.41,220.54,220.69,220.09,211.6,310.48,304.78,296.92
2012-03-08,20120308,258.01,250.78,NA,236.33,225.4,226.5,220.58,220.72,220.11,211.54,310.48,304.77,296.9
2012-03-09,20120309,258.07,250.92,NA,236.34,225.37,226.58,220.64,220.76,220.13,211.5,310.48,304.78,296.89
2012-03-10,20120310,258.12,251.02,NA,236.34,225.34,226.51,220.66,220.79,220.14,211.44,310.47,304.77,296.86
2012-03-11,20120311,258.17,250.98,NA,236.34,225.32,226.46,220.69,220.83,220.17,211.42,310.47,304.76,296.84
2012-03-12,20120312,258.21,250.88,NA,236.34,225.29,226.41,220.72,220.85,220.18,211.43,310.47,304.76,296.83
2012-03-13,20120313,258.24,250.93,NA,236.34,225.27,226.44,220.72,220.86,220.2,211.81,310.51,304.78,296.81
2012-03-14,20120314,258.28,251.06,NA,236.32,225.24,226.46,220.73,220.86,220.21,212.11,310.57,304.81,296.86
2012-03-15,20120315,258.31,251.22,NA,236.33,225.18,226.51,220.74,220.87,220.23,212.07,310.56,304.81,296.95
2012-03-16,20120316,258.39,251.36,NA,236.45,225.17,226.59,220.76,220.92,220.26,213.3,311.88,305.06,297.09
2012-03-17,20120317,259.23,251.96,NA,236.8,225.24,228.03,220.78,221.1,220.3,214.48,311.87,305.21,298.47
2012-03-18,20120318,259.74,252.82,NA,236.95,225.21,228.21,220.81,221.21,220.31,213.39,311.03,304.96,297.89
2012-03-19,20120319,259.75,253.27,NA,236.96,225.18,227.95,220.85,221.24,220.32,212.83,310.79,304.86,297.85
2012-03-20,20120320,259.76,253.46,NA,236.92,225.15,227.84,220.88,221.24,220.33,212.46,310.85,304.91,297.86
2012-03-21,20120321,260,253.6,NA,236.87,225.15,227.81,220.89,221.21,220.33,212.22,310.95,305.07,298.11
2012-03-22,20120322,261.15,253.66,NA,236.84,225.18,227.86,220.9,221.18,220.35,212.04,310.84,305.04,298.38
2012-03-23,20120323,262.03,254.07,NA,236.82,225.22,227.98,220.92,221.16,220.36,211.94,310.78,305,298.49
2012-03-24,20120324,262.48,254.74,NA,236.8,225.23,228.01,220.92,221.15,220.37,212.09,311.15,305.03,298.57
2012-03-25,20120325,265.19,256.8,NA,237.03,225.32,228.64,220.93,221.2,220.39,214.23,311.79,305.31,299.66
2012-03-26,20120326,266.69,261.79,NA,243.82,225.38,228.92,220.97,221.28,220.41,213.36,311.28,305.33,300.96
2012-03-27,20120327,267.18,263.21,NA,246.35,225.46,228.75,220.99,221.33,220.42,213.43,311.45,305.3,300.63
2012-03-28,20120328,267.63,263.81,NA,246.89,226.37,228.87,221.02,221.38,220.43,214.04,311.46,305.36,300.93
2012-03-29,20120329,267.92,264.12,NA,247.3,228.25,228.69,221.06,221.43,220.44,213.32,311.17,305.31,300.87
2012-03-30,20120330,268.1,264.29,NA,247.38,229.3,228.64,221.09,221.45,220.45,212.84,311.09,305.3,300.79
2012-03-31,20120331,268.41,264.52,NA,247.63,230.27,228.49,221.07,221.51,220.46,213.49,312.54,305.6,301.26
2012-04-01,20120401,268.77,265.2,NA,248.28,236.02,233.71,221.75,222.48,221.15,216.06,312.53,306.02,301.67
2012-04-02,20120402,268.43,264.84,NA,248.07,236.77,234.3,222.39,222.93,221.6,216.46,311.85,305.72,301.36
2012-04-03,20120403,268.12,264.57,NA,247.88,236.52,233.67,222.5,223,221.62,216.4,311.49,305.52,301.13
2012-04-04,20120404,267.86,264.36,NA,247.77,236.1,232.94,222.49,222.96,221.56,216.32,311.3,305.42,300.98
2012-04-05,20120405,267.61,264.13,NA,247.59,235.34,231.96,222.39,222.86,221.45,216.18,311.14,305.31,300.8
2012-04-06,20120406,267.45,263.99,NA,247.43,234.22,231.11,222.26,222.71,221.32,215.72,311.04,305.26,300.44
2012-04-07,20120407,267.37,263.88,NA,247.26,232.96,230.41,222.12,222.56,221.21,215.21,310.97,305.21,300.13
2012-04-08,20120408,267.18,263.59,NA,246.4,232.12,229.86,221.99,222.42,221.11,214.84,310.88,305.15,299.69
2012-04-09,20120409,266.92,263.05,NA,244.89,231.39,229.37,221.88,222.3,221.03,214.54,310.82,305.09,299.37
2012-04-10,20120410,266.68,262.45,NA,243.57,230.67,228.9,221.78,222.19,220.97,214.49,310.82,305.06,299.16
2012-04-11,20120411,266.67,262.26,NA,242.4,230.06,228.68,221.68,222.09,220.91,214.77,311.07,305.08,299.03
2012-04-12,20120412,267.17,262.9,NA,243.46,229.89,228.77,221.64,222.12,220.91,215.36,313.05,305.49,300.07
2012-04-13,20120413,268.21,264.35,NA,247.01,234.41,233.35,222.32,223.23,221.78,217.76,313.66,306.5,301.4
2012-04-14,20120414,267.7,264.01,NA,247.21,235.98,234.21,222.89,223.56,222.15,217.15,312.7,306.04,301.2
2012-04-15,20120415,267.39,263.75,NA,247.12,235.94,233.55,222.91,223.51,222.04,216.91,312.1,305.73,300.99
2012-04-16,20120416,267.1,263.57,NA,247.11,235.77,232.82,222.79,223.38,221.86,216.73,311.62,305.53,300.79
2012-04-17,20120417,266.84,263.36,NA,247.09,235.47,232.17,222.64,223.22,221.71,216.51,311.35,305.4,300.67
2012-04-18,20120418,266.7,263.21,NA,247.05,235.06,231.51,222.51,223.08,221.58,216.32,311.2,305.31,300.52
2012-04-19,20120419,266.61,263.08,NA,247.03,234.71,230.89,222.4,222.94,221.45,216.1,311.1,305.24,300.1
2012-04-20,20120420,266.54,262.98,NA,246.96,234.01,230.26,222.27,222.78,221.33,215.61,310.99,305.18,299.66
2012-04-21,20120421,266.48,262.79,NA,246.48,232.88,229.73,222.13,222.6,221.23,215.17,310.92,305.12,299.35
2012-04-22,20120422,266.32,262.32,NA,245.33,232.19,229.24,221.99,222.43,221.13,214.82,310.86,305.06,299.13
2012-04-23,20120423,266.04,261.7,NA,244.04,231.65,228.75,221.87,222.28,221.04,214.52,310.82,305.01,298.96
2012-04-24,20120424,265.74,261.07,NA,242.78,231.27,228.36,221.76,222.13,220.95,214.25,310.79,304.98,298.84
2012-04-25,20120425,265.52,260.26,248.57,241.66,230.97,228.04,221.64,221.99,220.86,213.97,310.79,304.96,298.76
2012-04-26,20120426,265.71,260.4,248.16,240.95,230.73,227.85,221.5,221.85,220.79,213.76,311.06,305.01,298.72
2012-04-27,20120427,265.78,260.91,247.9,243,230.54,227.78,221.43,221.75,220.73,213.56,310.91,305.03,298.78
2012-04-28,20120428,265.56,260.71,247.9,243.43,230.43,227.6,221.34,221.63,220.66,213.3,310.82,304.98,298.75
2012-04-29,20120429,265.17,260.1,247.74,242.45,230.35,227.44,221.24,221.61,220.59,213.03,310.76,304.94,298.67
2012-04-30,20120430,264.59,259.25,247.2,241.37,230.26,227.37,221.35,221.96,220.61,212.81,310.74,304.92,298.61
2012-05-01,20120501,264.54,258.8,246.57,240.53,230.12,227.3,221.32,221.86,220.53,212.61,310.73,304.9,298.57
2012-05-02,20120502,263.84,258.46,245.94,239.91,229.93,227.2,221.25,221.72,220.54,212.48,310.69,304.87,298.52
2012-05-03,20120503,263.41,258,245.38,239.41,229.74,227.07,221.2,221.6,220.55,212.36,310.7,304.86,298.48
2012-05-04,20120504,263.32,257.68,244.93,239.01,229.58,226.88,221.16,221.5,220.54,212.27,310.68,304.86,298.45
2012-05-05,20120505,262.92,257.44,244.62,238.71,229.44,226.71,221.12,221.41,220.53,212.16,310.66,304.84,298.42
2012-05-06,20120506,262.6,257.13,244.34,238.48,229.3,226.54,221.04,221.3,220.45,212.06,310.62,304.81,298.38
2012-05-07,20120507,262.26,256.83,244.09,238.3,229.17,226.39,220.93,221.17,220.28,211.99,310.6,304.8,298.34
2012-05-08,20120508,261.94,256.55,243.86,238.15,229.04,226.31,220.82,221.06,220.15,211.9,310.57,304.78,298.31
2012-05-09,20120509,261.68,256.26,243.65,238.03,228.88,226.25,220.78,221.11,220.2,211.77,310.55,304.76,298.28
2012-05-10,20120510,261.46,255.98,243.46,237.92,228.73,226.08,221.01,221.63,220.38,211.66,310.53,304.74,298.25
2012-05-11,20120511,261.27,255.71,243.26,237.83,228.6,225.64,220.99,221.53,220.26,211.57,310.51,304.72,298.2
2012-05-12,20120512,261.1,255.46,243.08,237.76,228.5,225.45,220.93,221.38,220.26,211.49,310.5,304.71,298.16
2012-05-13,20120513,260.96,255.24,242.93,237.7,228.39,225.38,220.86,221.23,220.2,211.44,310.49,304.7,298.12
2012-05-14,20120514,260.83,255.06,242.8,237.65,228.29,225.31,220.77,221.08,220.15,211.39,310.49,304.7,298.06
2012-05-15,20120515,260.72,254.94,242.68,237.6,228.19,225.27,220.71,220.97,220.11,211.33,310.49,304.69,297.99
2012-05-16,20120516,260.62,254.88,242.58,237.57,228.06,225.78,220.62,220.85,219.97,211.3,310.49,304.74,297.94
2012-05-17,20120517,260.53,254.76,242.47,237.54,227.91,226.19,220.55,220.76,219.98,211.22,310.47,304.92,297.87
2012-05-18,20120518,260.44,254.62,242.37,237.52,227.77,226.35,220.52,220.71,219.98,211.17,310.46,304.99,297.8
2012-05-19,20120519,260.35,254.5,242.27,237.49,227.67,225.91,220.44,220.62,219.86,211.17,310.44,304.81,297.72
2012-05-20,20120520,260.26,254.4,242.18,237.46,227.59,225.37,220.42,220.58,219.92,211.19,310.42,304.74,297.6
2012-05-21,20120521,260.18,254.25,242.09,237.44,227.48,225.88,220.4,220.54,219.87,211.22,310.42,304.71,297.49
2012-05-22,20120522,260.11,254.22,242.04,237.41,227.31,227.38,220.34,220.48,219.77,211.2,310.43,304.7,297.36
2012-05-23,20120523,260.03,254.19,242.03,237.4,227.2,226.77,220.34,220.46,219.83,211.22,310.43,304.69,297.25
2012-05-24,20120524,259.96,254.14,242.04,237.38,227.09,226.57,220.34,220.45,219.84,211.18,310.43,304.68,297.14
2012-05-25,20120525,259.87,254.04,242.01,237.36,226.99,225.95,220.27,220.39,219.72,211.15,310.43,304.66,297.05
2012-05-26,20120526,259.76,253.8,241.94,237.32,226.9,225.28,220.22,220.34,219.67,211.12,310.43,304.65,296.97
2012-05-27,20120527,259.66,253.63,241.93,237.3,226.82,224.94,220.26,220.35,219.77,211.13,310.43,304.65,296.91
2012-05-28,20120528,259.57,253.51,241.93,237.27,226.73,224.71,220.27,220.35,219.79,211.12,310.42,304.63,296.83
2012-05-29,20120529,259.5,253.5,241.93,237.25,226.62,225.1,220.2,220.29,219.66,211.12,310.41,304.62,296.75
2012-05-30,20120530,259.44,253.54,241.94,237.23,226.51,225.64,220.2,220.28,219.71,211.13,310.41,304.62,296.67
2012-05-31,20120531,259.35,253.41,241.98,237.21,226.42,225.86,220.21,220.3,219.73,211.12,310.41,304.62,296.59
2012-06-01,20120601,259.27,253.25,241.98,237.2,226.33,225.92,220.14,220.29,219.6,211.11,310.39,304.6,296.52
2012-06-02,20120602,259.2,253.12,241.95,237.18,226.27,225.41,220.12,220.28,219.56,211.13,310.4,304.6,296.47
2012-06-03,20120603,259.12,252.98,241.93,237.16,226.21,224.84,220.14,220.3,219.65,211.14,310.39,304.59,296.41
2012-06-04,20120604,259.06,252.85,241.87,237.13,226.1,225.38,220.2,220.34,219.79,211.14,310.44,304.63,296.36
2012-06-05,20120605,258.99,252.83,241.83,237.11,225.98,227.33,220.26,220.36,219.86,211.15,310.42,304.62,296.37
2012-06-06,20120606,258.94,252.8,241.81,237.09,225.9,226.59,220.23,220.33,219.77,211.11,310.41,304.62,296.34
2012-06-07,20120607,258.88,252.83,241.77,237.08,225.83,226.32,220.15,220.25,219.63,211.09,310.43,304.63,296.32
2012-06-08,20120608,258.84,252.82,241.74,237.06,225.77,225.71,220.14,220.23,219.67,211.07,310.44,304.64,296.36
2012-06-09,20120609,258.79,252.74,241.72,237.05,225.7,225.09,220.16,220.23,219.68,211.11,310.43,304.63,296.4
2012-06-10,20120610,258.74,252.55,241.67,237.04,225.61,224.72,220.08,220.17,219.55,211.13,310.42,304.62,296.39
2012-06-11,20120611,258.7,252.39,241.62,237.02,225.51,224.76,220.05,220.12,219.49,211.12,310.41,304.61,296.38
2012-06-12,20120612,258.69,252.39,241.57,237.02,225.42,225.29,220.06,220.12,219.55,211.06,310.4,304.6,296.35
2012-06-13,20120613,258.68,252.47,241.54,237.01,225.35,225.54,220.08,220.18,219.6,211,310.38,304.59,296.3
2012-06-14,20120614,258.66,252.43,241.48,237,225.3,225.17,220.11,220.63,219.49,210.99,310.37,304.57,296.23
2012-06-15,20120615,258.64,252.36,241.43,236.99,225.24,224.73,220.14,220.59,219.44,210.97,310.36,304.56,296.15
2012-06-16,20120616,258.62,252.33,241.37,236.97,225.18,224.46,220.11,220.48,219.39,210.92,310.34,304.53,296.05
2012-06-17,20120617,258.59,252.21,241.31,236.96,225.11,224.28,220.08,220.39,219.41,210.86,310.33,304.51,295.94
2012-06-18,20120618,258.55,252.06,241.26,236.95,225.05,224.37,220.1,220.34,219.52,210.82,310.34,304.51,295.82
2012-06-19,20120619,258.5,252.08,241.21,236.94,225,225.04,220.04,220.25,219.43,210.82,310.36,304.52,295.71
2012-06-20,20120620,258.45,252.09,241.17,236.92,225,225.48,220,220.17,219.38,210.83,310.34,304.5,295.64
2012-06-21,20120621,258.38,252.07,241.12,236.91,225.04,225.54,219.97,220.12,219.34,210.84,310.37,304.52,295.61
2012-06-22,20120622,258.3,252,241.12,236.89,225.08,225.22,219.95,220.07,219.31,210.83,310.36,304.52,295.59
2012-06-23,20120623,258.21,251.88,241.1,236.87,225.06,224.72,219.95,220.05,219.4,210.78,310.34,304.5,295.57
2012-06-24,20120624,258.13,251.71,241.1,236.86,224.99,224.36,219.97,220.05,219.43,210.81,310.33,304.47,295.52
2012-06-25,20120625,258.05,251.51,241.13,236.85,224.89,224.51,219.92,220,219.31,210.85,310.32,304.44,295.44
2012-06-26,20120626,257.98,251.44,241.21,236.84,224.82,225.17,219.9,219.96,219.25,210.81,310.32,304.43,295.35
2012-06-27,20120627,257.92,251.37,241.25,236.83,224.8,225.08,219.85,219.92,219.2,210.74,310.31,304.4,295.24
2012-06-28,20120628,257.86,251.32,241.29,236.82,224.81,224.99,219.83,219.89,219.17,210.69,310.32,304.41,295.17
2012-06-29,20120629,257.8,251.21,241.37,236.81,224.84,225.21,219.86,219.89,219.26,210.66,310.33,304.44,295.14
2012-06-30,20120630,257.74,251.05,241.46,236.8,224.84,224.92,219.92,219.94,219.4,210.64,310.32,304.43,295.12
2012-07-01,20120701,257.67,250.88,241.55,236.8,224.77,224.51,219.87,219.89,219.26,210.71,310.33,304.42,295.1
2012-07-02,20120702,257.61,250.69,241.62,236.79,224.67,224.62,219.82,219.85,219.17,210.7,310.3,304.38,295.06
2012-07-03,20120703,257.55,250.67,241.69,236.79,224.62,225.05,219.85,219.86,219.26,210.65,310.29,304.32,295
2012-07-04,20120704,257.48,250.52,241.73,236.78,224.6,224.84,219.88,219.88,219.35,210.63,310.27,304.25,294.9
2012-07-05,20120705,257.41,250.13,241.74,236.77,224.58,224.64,219.83,219.83,219.21,210.67,310.28,304.23,294.81
2012-07-06,20120706,257.36,250.04,241.77,236.76,224.58,225.11,219.8,219.81,219.14,210.62,310.28,304.2,294.72
2012-07-07,20120707,257.32,250.36,241.78,236.75,224.59,224.87,219.81,219.81,219.21,210.6,310.25,304.12,294.63
2012-07-08,20120708,257.26,250.31,241.78,236.74,224.54,224.43,219.87,219.86,219.4,210.62,310.25,304,294.54
2012-07-09,20120709,257.21,250.16,241.8,236.74,224.48,224.36,219.88,219.86,219.39,210.69,310.26,303.97,294.46
2012-07-10,20120710,257.15,250.14,241.82,236.73,224.45,224.94,219.84,219.83,219.31,210.69,310.24,303.82,294.38
2012-07-11,20120711,257.08,250.03,241.83,236.73,224.49,225.4,219.8,219.8,219.24,210.72,310.22,303.42,294.29
2012-07-12,20120712,257.01,250.11,241.83,236.72,224.58,225.46,219.78,219.78,219.19,210.72,310.21,302.91,294.19
2012-07-13,20120713,256.94,250.41,241.82,236.71,224.69,226.13,219.82,219.81,219.31,210.7,310.23,302.7,294.1
2012-07-14,20120714,256.87,250.93,241.82,236.7,224.94,228.45,219.91,219.87,219.42,210.7,310.23,302.7,294.02
2012-07-15,20120715,256.78,250.79,241.83,236.7,225.31,228.87,219.85,219.82,219.26,210.75,310.23,302.63,293.94
2012-07-16,20120716,256.69,250.51,241.8,236.68,225.62,228.22,219.8,219.78,219.17,210.72,310.22,302.42,293.89
2012-07-17,20120717,256.6,250.33,241.76,236.67,225.71,226.67,219.79,219.77,219.16,210.69,310.25,302.83,293.85
2012-07-18,20120718,256.51,250.38,241.73,236.66,225.57,225.87,219.86,219.81,219.34,210.65,310.28,303.7,293.85
2012-07-19,20120719,256.42,250.35,241.69,236.65,225.32,225.56,219.91,219.86,219.42,210.65,310.28,304.16,293.94
2012-07-20,20120720,256.34,250.4,241.67,236.65,225.14,225.55,219.87,219.82,219.29,210.68,310.27,304.25,294.08
2012-07-21,20120721,256.26,250.51,241.65,236.65,224.98,225.15,219.81,219.77,219.19,210.64,310.25,304.13,294.17
2012-07-22,20120722,256.19,250.63,241.61,236.64,224.76,224.67,219.77,219.74,219.12,210.62,310.23,303.85,294.17
2012-07-23,20120723,256.13,250.8,241.56,236.64,224.54,224.37,219.79,219.75,219.22,210.58,310.22,303.4,294.12
2012-07-24,20120724,256.08,251,241.51,236.63,224.43,224.47,219.88,219.81,219.42,210.54,310.22,303,294.05
2012-07-25,20120725,256.03,251.24,241.46,236.63,224.42,224.69,219.85,219.79,219.36,210.58,310.23,302.93,293.97
2012-07-26,20120726,255.99,251.54,241.42,236.62,224.48,224.8,219.79,219.75,219.21,210.59,310.24,302.98,293.92
2012-07-27,20120727,255.95,251.81,241.37,236.62,224.53,224.71,219.82,219.77,219.27,210.56,310.25,303.31,293.91
2012-07-28,20120728,255.92,251.9,241.33,236.62,224.47,224.51,219.88,219.77,219.39,210.53,310.27,303.76,293.92
2012-07-29,20120729,255.9,251.99,241.31,236.61,224.4,224.39,219.82,219.78,219.22,210.54,310.23,303.54,293.97
2012-07-30,20120730,255.88,252.01,241.28,236.61,224.32,224.17,219.77,219.78,219.12,210.5,310.23,303.1,293.94
2012-07-31,20120731,255.86,252.01,241.24,236.6,224.26,224,219.75,219.78,219.12,210.45,310.24,303.02,293.89
2012-08-01,20120801,255.84,252,241.21,236.6,224.23,223.86,219.78,219.79,219.19,210.44,310.26,303.57,293.87
2012-08-02,20120802,255.81,251.99,241.2,236.6,224.2,223.77,219.74,219.79,219.08,210.43,310.28,304.12,293.91
2012-08-03,20120803,255.79,252.03,241.18,236.59,224.17,224.75,219.7,219.79,219.04,210.4,310.28,304.33,294.04
2012-08-04,20120804,255.82,252.68,241.12,236.58,224.38,229.67,219.69,219.8,219.07,210.36,310.29,304.4,294.18
2012-08-05,20120805,255.91,253.57,241.06,236.58,225.25,230.43,219.68,219.8,219.01,210.36,310.28,304.43,294.3
2012-08-06,20120806,255.94,253.82,241.02,236.57,226.15,230.23,219.73,219.8,219.12,210.36,310.25,304.28,294.36
2012-08-07,20120807,255.9,253.67,240.97,236.57,227.1,230.51,219.89,219.8,219.28,210.36,310.22,303.81,294.33
2012-08-08,20120808,255.81,253.24,240.94,236.57,227.94,229.99,220.07,219.81,219.25,210.39,310.21,303.11,294.23
2012-08-09,20120809,255.78,252.96,240.91,236.57,228.08,228.83,220.23,219.81,219.31,210.36,310.22,302.78,294.1
2012-08-10,20120810,255.77,252.81,240.89,236.57,227.65,227.61,220.37,219.81,219.48,210.32,310.22,302.67,293.97
2012-08-11,20120811,255.77,252.65,240.84,236.56,227,228.22,220.51,219.82,219.64,210.29,310.22,302.78,293.87
2012-08-12,20120812,255.77,252.5,240.79,236.56,226.63,230.45,220.57,219.82,219.62,210.3,310.22,302.73,293.82
2012-08-13,20120813,255.78,252.41,240.75,236.56,226.72,229.97,220.62,219.82,219.65,210.28,310.21,302.45,293.78
2012-08-14,20120814,255.8,252.56,240.7,236.55,226.77,229.22,220.7,219.83,219.7,210.26,310.23,302.4,293.73
2012-08-15,20120815,255.8,252.64,240.65,236.54,226.78,229.93,220.8,219.83,219.87,210.24,310.26,303.23,293.72
2012-08-16,20120816,255.78,252.66,240.61,236.54,226.74,229.23,220.94,219.83,219.99,210.25,310.26,303.81,293.77
2012-08-17,20120817,255.76,252.67,240.58,236.53,226.73,229.88,221.04,219.84,220,210.29,310.27,304.06,293.86
2012-08-18,20120818,255.74,252.66,240.56,236.52,226.68,229.19,221.13,219.84,220.05,210.29,310.25,303.97,293.95
2012-08-19,20120819,255.71,252.44,240.54,236.52,226.68,230.58,221.23,219.84,220.19,210.28,310.24,303.5,294
2012-08-20,20120820,255.67,252.26,240.53,236.51,226.91,230.78,221.35,219.84,220.38,210.28,310.21,302.87,293.96
2012-08-21,20120821,255.66,252.34,240.51,236.5,227.25,230.07,221.47,219.85,220.48,210.36,310.19,302.3,293.88
2012-08-22,20120822,255.64,252.42,240.49,236.5,227.3,228.63,221.59,219.85,220.59,210.46,310.18,301.9,293.78
2012-08-23,20120823,255.63,252.46,240.48,236.5,226.98,228.14,221.69,219.85,220.71,210.56,310.17,301.61,293.67
2012-08-24,20120824,255.62,252.49,240.46,236.49,226.55,227.78,221.75,219.86,220.72,210.63,310.15,301.38,293.58
2012-08-25,20120825,255.61,252.46,240.43,236.48,226.12,226.79,221.75,219.86,220.69,210.69,310.11,301.17,293.49
2012-08-26,20120826,255.6,252.34,240.39,236.48,225.63,225.92,221.76,219.86,220.79,210.72,310.09,300.99,293.42
2012-08-27,20120827,255.59,252.27,240.38,236.48,225.27,226.23,221.76,219.87,220.89,210.75,309.97,300.8,293.33
2012-08-28,20120828,255.59,252.38,240.36,236.47,225.12,226.72,221.72,219.87,220.9,210.8,309.76,300.61,293.25
2012-08-29,20120829,255.58,252.44,240.38,236.47,225.09,226.36,221.68,219.87,220.91,210.85,309.53,300.43,293.16
2012-08-30,20120830,255.58,252.66,240.35,236.46,225.04,226.12,221.62,219.87,220.92,210.89,309.29,300.25,293.07
2012-08-31,20120831,255.55,252.57,240.32,236.46,225.14,228.59,221.59,219.88,220.86,210.93,309.24,300.12,293.01
2012-09-01,20120901,255.51,252.29,240.31,236.46,225.27,226.67,221.53,219.88,220.75,210.97,309.37,300,292.93
2012-09-02,20120902,255.47,251.93,240.28,236.45,225.14,225.5,221.49,219.88,220.8,210.96,309.8,299.88,292.84
2012-09-03,20120903,255.43,251.65,240.24,236.44,224.87,224.83,221.45,219.89,220.83,210.96,310.01,299.77,292.76
2012-09-04,20120904,255.39,251.52,240.22,236.44,224.59,224.94,221.41,219.89,220.8,211.02,310.06,299.71,292.69
2012-09-05,20120905,255.36,251.78,240.18,236.44,224.42,224.6,221.36,219.89,220.81,211.04,310.07,299.68,292.66
2012-09-06,20120906,255.32,251.85,240.13,236.43,224.33,225.31,221.28,219.9,220.71,211.04,310.07,299.66,292.63
2012-09-07,20120907,255.27,251.82,240.09,236.43,224.38,226.16,221.18,219.9,220.55,211.03,310.16,299.64,292.62
2012-09-08,20120908,255.23,251.87,240.06,236.43,224.55,225.59,221.09,219.9,220.55,210.98,310.32,300.89,292.62
2012-09-09,20120909,255.17,251.74,240.04,236.43,224.63,224.82,221.04,219.91,220.57,210.96,310.24,302.85,292.79
2012-09-10,20120910,255.11,251.48,240.01,236.43,224.47,224.28,220.98,219.91,220.55,210.98,310.19,301.94,293.07
2012-09-11,20120911,255.05,251.4,239.96,236.43,224.28,224.9,220.91,219.91,220.45,210.99,310.17,301.48,293.22
2012-09-12,20120912,255,251.48,239.93,236.42,224.28,225.57,220.77,219.91,220.3,210.99,310.18,301.25,293.28
2012-09-13,20120913,254.94,251.58,239.9,236.42,224.4,225.9,220.59,219.92,220.28,210.97,310.19,301.08,293.28
2012-09-14,20120914,254.9,251.74,239.87,236.42,224.6,226.09,220.48,219.92,220.17,210.99,310.21,300.99,293.27
2012-09-15,20120915,254.87,251.91,239.86,236.42,224.81,226.2,220.38,219.92,220.09,211.06,310.2,300.97,293.28
2012-09-16,20120916,254.84,252.05,239.83,236.42,224.91,225.31,220.36,219.93,220.14,211.04,310.21,300.95,293.28
2012-09-17,20120917,254.82,252.12,239.81,236.41,224.8,226.04,220.29,219.93,220,211.03,310.23,300.98,293.3
2012-09-18,20120918,254.83,252.43,239.79,236.41,224.83,227.65,220.18,219.93,219.79,211.03,310.26,301.51,293.33
2012-09-19,20120919,254.84,252.57,239.78,236.41,225.06,228.05,220.16,219.94,219.83,210.97,310.29,302.93,293.39
2012-09-20,20120920,254.83,252.52,239.78,236.42,225.32,228.33,220.22,219.94,219.97,210.93,310.3,303.83,293.51
2012-09-21,20120921,254.84,252.61,239.78,236.42,225.51,227.43,220.18,219.94,219.87,210.96,310.3,304.16,293.66
2012-09-22,20120922,254.85,252.66,239.77,236.42,225.52,226.35,220.14,219.95,219.84,210.99,310.28,304.24,293.81
2012-09-23,20120923,254.83,252.51,239.76,236.41,225.38,225.6,220.19,219.95,219.94,211,310.26,304.16,293.94
2012-09-24,20120924,254.81,252.18,239.76,236.41,225.16,225.54,220.15,219.95,219.84,211.04,310.26,303.76,294.01
2012-09-25,20120925,254.84,252.46,239.75,236.41,225,226.61,220.05,219.95,219.64,211.06,310.26,303.52,294.02
2012-09-26,20120926,254.86,252.56,239.74,236.41,225.05,227.74,220.06,219.96,219.71,210.99,310.27,303.64,294.02
2012-09-27,20120927,254.9,252.71,239.74,236.41,225.24,227.98,220.13,219.96,219.85,210.96,310.26,303.54,294.03
2012-09-28,20120928,254.92,252.71,239.72,236.4,225.42,227.98,220.08,219.96,219.74,210.99,310.27,303.34,294.03
2012-09-29,20120929,254.95,252.73,239.71,236.4,225.57,228.28,220.05,219.97,219.71,211.03,310.27,303.4,294.02
2012-09-30,20120930,254.98,252.69,239.72,236.4,225.8,229.75,220.13,219.98,219.85,211,310.24,303.05,294
2012-10-01,20121001,255.02,252.69,239.72,236.41,226.24,229.74,220.14,219.98,219.84,210.98,310.22,302.35,293.95
2012-10-02,20121002,255.08,252.91,239.72,236.42,226.62,228.85,220.08,219.93,219.74,210.98,310.22,301.92,293.86
2012-10-03,20121003,255.13,252.98,239.69,236.41,226.7,228.62,220.02,219.89,219.7,210.95,310.21,301.62,293.74
2012-10-04,20121004,255.18,253.14,239.68,236.41,226.67,228.77,220.09,219.93,219.8,210.97,310.26,301.43,293.65
2012-10-05,20121005,255.23,253.25,239.7,236.42,226.76,229.94,220.18,220,219.9,210.96,310.29,301.6,293.59
2012-10-06,20121006,255.29,253.3,239.71,236.42,227.05,229.73,220.18,220,219.88,210.98,310.29,301.99,293.59
2012-10-07,20121007,255.37,253.47,239.7,236.43,227.14,227.9,220.18,220,219.91,211,310.27,301.98,293.61
2012-10-08,20121008,255.44,253.63,239.71,236.43,226.68,227.65,220.23,220.04,219.98,210.99,310.27,301.82,293.61
2012-10-09,20121009,255.5,253.83,239.72,236.43,226.22,228.26,220.22,220.03,219.93,211,310.26,301.66,293.6
2012-10-10,20121010,255.53,253.94,239.73,236.43,225.98,228.38,220.15,219.97,219.84,211.04,310.26,301.51,293.58
2012-10-11,20121011,255.57,254.15,239.72,236.43,225.92,228.33,220.17,219.99,219.91,211.05,310.27,301.42,293.56
2012-10-12,20121012,255.61,254.33,239.69,236.42,225.93,228.33,220.24,220.04,219.99,211.04,310.28,301.64,293.56
2012-10-13,20121013,255.65,254.46,239.72,236.42,226,228.46,220.28,220.07,220.03,211.07,310.26,301.79,293.57
2012-10-14,20121014,255.64,254.42,239.74,236.42,226.21,229.59,220.29,220.08,220.05,211.08,310.25,301.57,293.57
2012-10-15,20121015,255.61,254.37,239.75,236.42,226.58,229.61,220.25,220.05,219.98,211.1,310.24,301.43,293.53
2012-10-16,20121016,255.64,254.52,239.77,236.42,226.85,228.66,220.23,220.03,219.97,211.13,310.25,301.31,293.49
2012-10-17,20121017,255.68,254.67,239.78,236.42,226.83,228.49,220.26,220.05,220.02,211.11,310.21,301.2,293.43
2012-10-18,20121018,255.71,254.77,239.78,236.41,226.7,228.24,220.23,220.03,219.96,211.1,310.2,301.08,293.38
2012-10-19,20121019,255.72,254.82,239.81,236.41,226.54,228.05,220.22,220.02,219.95,211.14,310.23,300.98,293.34
2012-10-20,20121020,255.69,254.72,239.82,236.42,226.34,227.3,220.27,220.06,220.02,211.12,310.25,300.88,293.3
2012-10-21,20121021,255.69,254.74,239.84,236.42,225.89,226.14,220.31,220.08,220.06,211.14,310.26,300.83,293.28
2012-10-22,20121022,255.68,254.74,239.8,236.41,225.4,226.11,220.28,220.08,220.07,211.16,310.35,301.02,293.26
2012-10-23,20121023,255.74,254.93,239.8,236.43,225.32,228.02,220.31,220.18,220.09,211.56,310.44,303.13,293.32
2012-10-24,20121024,255.79,255.23,239.77,236.41,225.38,227.68,220.31,220.23,220.09,211.47,310.3,303.35,293.48
2012-10-25,20121025,256.16,256.17,239.77,236.41,225.47,227.62,220.33,220.27,220.11,211.37,310.31,303.34,293.64
2012-10-26,20121026,256.5,256.54,239.76,236.41,225.59,228.39,220.33,220.27,220.09,211.32,310.28,303.06,293.71
2012-10-27,20121027,256.56,256.53,239.76,236.42,225.68,227.24,220.33,220.26,220.09,211.28,310.27,302.59,293.74
2012-10-28,20121028,256.45,256.33,239.73,236.43,225.47,225.9,220.31,220.24,220.08,211.27,310.27,302.34,293.72
2012-10-29,20121029,256.32,256.14,239.71,236.44,225.16,225.49,220.32,220.23,220.09,211.29,310.28,302.41,293.7
2012-10-30,20121030,256.21,256.03,239.71,236.46,225,226.65,220.32,220.23,220.1,211.3,310.3,302.64,293.72
2012-10-31,20121031,256.12,255.86,239.69,236.46,225.07,227.41,220.32,220.22,220.1,211.27,310.31,303.13,293.75
2012-11-01,20121101,256.04,255.74,239.67,236.47,225.27,227.88,220.33,220.21,220.11,212.13,310.35,303.89,293.81
2012-11-02,20121102,256,255.65,239.65,236.48,225.54,228.95,220.33,220.21,220.12,211.82,310.34,304.26,293.91
2012-11-03,20121103,255.97,255.58,239.62,236.48,225.77,228.14,220.33,220.21,220.11,211.58,310.33,304.39,294.02
2012-11-04,20121104,255.92,255.42,239.6,236.48,225.81,227.07,220.34,220.2,220.11,211.48,310.32,304.42,294.12
2012-11-05,20121105,255.87,255.31,239.59,236.48,225.6,226.65,220.33,220.2,220.11,211.42,310.32,304.42,294.19
2012-11-06,20121106,255.9,255.38,239.57,236.49,225.48,227.56,220.33,220.19,220.1,211.38,310.33,304.43,294.24
2012-11-07,20121107,255.92,255.42,239.56,236.49,225.5,227.68,220.33,220.19,220.11,211.35,310.34,304.5,294.29
2012-11-08,20121108,255.94,255.42,239.55,236.49,225.64,228.82,220.34,220.19,220.12,211.35,310.35,304.52,294.35
2012-11-09,20121109,255.98,255.44,239.54,236.5,225.82,228.14,220.37,220.21,220.05,211.38,310.58,304.63,294.42
2012-11-10,20121110,256.02,255.46,239.52,236.48,225.87,227.15,220.38,220.21,220.05,211.39,310.63,304.69,294.47
2012-11-11,20121111,256.04,255.47,239.5,236.47,225.64,225.95,220.38,220.21,220.05,211.37,310.61,304.69,294.53
2012-11-12,20121112,256.06,255.5,239.53,236.46,225.3,225.99,220.37,220.21,220.04,211.35,310.6,304.67,294.58
2012-11-13,20121113,256.06,255.42,239.57,236.45,225.17,226.76,220.35,220.18,220.02,211.33,310.6,304.66,294.6
2012-11-14,20121114,256.06,255.44,239.62,236.45,225.21,227.14,220.29,220.14,219.94,211.3,310.59,304.64,294.62
2012-11-15,20121115,256.1,255.49,239.66,236.44,225.31,227.18,220.21,220.07,219.83,211.27,310.59,304.6,294.63
2012-11-16,20121116,256.13,255.54,239.72,236.44,225.4,227.05,220.16,220.03,219.77,211.25,310.59,304.58,294.64
2012-11-17,20121117,256.18,255.6,239.76,236.43,225.43,226.4,220.13,220,219.73,211.73,310.72,304.71,294.65
2012-11-18,20121118,256.22,255.6,239.8,236.45,225.27,225.37,220.12,219.98,219.72,213.77,310.8,304.85,294.69
2012-11-19,20121119,256.23,255.5,239.85,236.44,225.01,225.43,220.09,219.97,219.69,212.78,310.64,304.8,294.78
2012-11-20,20121120,256.23,255.47,239.9,236.43,224.89,226.21,220.07,219.96,219.65,212.21,310.62,304.73,294.85
2012-11-21,20121121,256.27,255.58,239.94,236.43,225.04,227.98,220.05,219.95,219.64,213.38,310.87,304.84,294.89
2012-11-22,20121122,256.36,255.71,239.99,236.44,225.38,228.46,220.05,219.95,219.63,212.76,310.68,304.83,294.95
2012-11-23,20121123,256.41,255.74,240.04,236.45,225.71,228.41,220.05,219.96,219.62,212.23,310.64,304.76,295
2012-11-24,20121124,256.44,255.74,240.11,236.46,226.07,228.18,220.05,219.96,219.62,211.93,310.64,304.72,295
2012-11-25,20121125,256.47,255.74,240.19,236.47,226.51,227.99,220.06,219.97,219.62,211.76,310.62,304.69,294.98
2012-11-26,20121126,256.49,255.71,240.26,236.48,226.91,227.8,220.07,219.97,219.62,211.64,310.62,304.65,294.94
2012-11-27,20121127,256.53,255.74,240.34,236.48,227.1,227.12,220.07,219.98,219.62,211.56,310.63,304.66,294.9
2012-11-28,20121128,256.58,255.78,240.42,236.49,226.9,226.88,220.08,220,219.63,213.57,310.64,304.64,294.88
2012-11-29,20121129,256.61,255.8,240.52,236.5,226.71,227.92,220.07,220.02,219.63,213.4,310.73,304.73,294.86
2012-11-30,20121130,257.1,256.43,240.64,237.55,226.91,229.28,220.3,220.79,219.79,217.82,314.26,305.49,295.03
2012-12-01,20121201,257.38,256.74,241.04,237.61,226.92,229.18,220.68,221.23,219.95,215.78,312.7,305.44,295.53
2012-12-02,20121202,262.61,260.67,242.87,242.3,231.79,234.17,221.74,222.73,221.49,219.49,315.71,307.05,299.89
2012-12-03,20121203,265.76,263.06,247.27,245.2,235.15,234.92,222.92,223.36,222.18,217.45,313.31,306.16,300.39
2012-12-04,20121204,265.8,263.02,248.38,244.83,234.34,233.86,222.82,223.23,221.86,216.86,312.59,305.74,300.47
2012-12-05,20121205,266.09,263.13,248.69,244.75,233.84,233.4,222.65,223.12,221.69,217.05,313.07,305.72,300.56
2012-12-06,20121206,266.57,263.51,248.9,245.13,233.94,233.51,222.66,223.14,221.71,216.76,312.47,305.67,300.69
2012-12-07,20121207,266.71,263.55,249.1,245.32,233.97,233.15,222.58,223.06,221.59,216.55,311.86,305.54,300.61
2012-12-08,20121208,266.66,263.34,249.2,245.18,233.48,232.54,222.45,222.93,221.45,216.32,311.42,305.43,300.37
2012-12-09,20121209,266.43,262.88,249.18,244.8,232.6,231.96,222.34,222.81,221.33,215.92,311.2,305.34,299.74
2012-12-10,20121210,265.78,262.04,249.04,243.67,231.64,231.4,222.22,222.69,221.24,215.47,311.04,305.27,299.25
2012-12-11,20121211,264.76,261.25,248.65,242.42,230.69,230.34,222.11,222.57,221.15,215.12,310.96,305.23,298.96
2012-12-12,20121212,264.22,260.68,248.14,241.41,229.81,229.66,222,222.45,221.07,214.82,310.93,305.2,298.76
2012-12-13,20121213,263.96,260.3,247.61,240.69,229.06,229.13,221.89,222.38,220.99,214.58,310.9,305.18,298.62
2012-12-14,20121214,263.98,260.01,247.04,240.17,228.41,228.63,221.8,222.3,220.91,214.35,310.88,305.2,298.53
2012-12-15,20121215,263.91,259.85,246.51,239.73,227.84,228.01,221.72,222.19,220.85,214.14,310.86,305.37,298.48
2012-12-16,20121216,263.59,259.7,246.06,239.36,227.33,227.44,221.62,222.1,220.79,213.98,310.82,305.3,298.43
2012-12-17,20121217,263.51,259.5,245.69,239.03,226.93,227.4,221.53,222.06,220.73,213.83,311.1,305.35,298.71
2012-12-18,20121218,265.13,260.9,245.66,241.71,228.48,228.1,221.51,222.16,220.69,213.67,311.2,305.46,300.75
2012-12-19,20121219,265.42,261.67,246.14,244.36,231.37,229.15,221.66,222.3,220.73,213.43,311.03,305.36,300.69
2012-12-20,20121220,265.43,261.72,246.64,244.77,231.73,229.26,221.72,222.29,220.79,213.2,310.94,305.3,300.21
2012-12-21,20121221,265.66,261.99,246.99,244.89,231.32,229.16,221.72,222.29,220.83,213.4,311.33,305.48,300.41
2012-12-22,20121222,267.06,263.9,247.54,246.41,234.38,233.17,222.35,223.13,221.6,217.42,314.96,306.55,301.23
2012-12-23,20121223,268.37,265.73,249.88,247.86,238.11,238.32,223.67,224.68,223.61,219.62,316.6,308.22,302.55
2012-12-24,20121224,268.79,265.75,253.44,247.83,238.17,238.71,225.13,225.44,224.17,218.98,314.3,307.75,301.95
2012-12-25,20121225,268.54,265.49,253.32,246.98,236.71,237.23,224.56,224.93,223.31,218.28,313.75,307.15,301.57
2012-12-26,20121226,268.87,265.82,252.99,247.07,237.03,237.53,224.48,224.99,223.36,218.57,314.07,307.32,301.63
2012-12-27,20121227,268.87,265.84,252.86,246.97,236.84,237.18,224.32,224.8,223.19,218.25,313.35,307.09,301.46
2012-12-28,20121228,268.86,265.85,252.77,246.83,236.61,237,224.19,224.7,223.08,218.15,313.02,307,301.39
2012-12-29,20121229,268.88,265.89,252.69,246.79,236.63,236.98,224.15,224.67,223.05,218.16,312.74,306.96,301.36
2012-12-30,20121230,268.84,265.89,252.64,246.76,236.61,236.86,224.1,224.62,223,218.09,312.33,306.89,301.32
2012-12-31,20121231,268.78,265.9,252.6,246.72,236.56,236.77,224.05,224.57,222.96,218.04,312.05,306.83,301.29
2013-01-01,20130101,268.73,265.89,252.59,246.68,236.55,236.72,224.02,224.54,222.92,218,311.89,306.78,301.26
2013-01-02,20130102,268.69,265.9,252.6,246.68,236.56,236.67,223.99,224.52,222.9,217.98,311.8,306.75,301.25
2013-01-03,20130103,268.66,265.9,252.6,246.68,236.56,236.63,223.96,224.49,222.87,217.95,311.75,306.71,301.24
2013-01-04,20130104,268.64,265.94,252.63,246.69,236.58,236.62,223.94,224.46,222.85,217.93,311.7,306.69,301.22
2013-01-05,20130105,268.62,265.94,252.69,246.71,236.61,236.63,223.94,224.45,222.84,217.93,311.68,306.67,301.24
2013-01-06,20130106,268.61,265.96,252.72,246.75,236.68,236.75,223.95,224.49,222.85,217.96,311.82,306.68,301.23
2013-01-07,20130107,268.6,265.97,252.77,246.78,236.71,236.74,223.95,224.5,222.85,217.94,311.69,306.66,301.23
2013-01-08,20130108,268.58,265.97,252.83,246.81,236.72,236.68,223.94,224.49,222.84,217.92,311.64,306.64,301.21
2013-01-09,20130109,268.55,266,252.89,246.81,236.7,236.64,223.93,224.45,222.82,217.9,311.61,306.63,301.21
2013-01-10,20130110,268.5,265.97,252.9,246.83,236.69,236.6,223.92,224.44,222.81,217.9,311.59,306.61,301.19
2013-01-11,20130111,268.43,265.96,252.94,246.81,236.66,236.57,223.92,224.43,222.81,217.89,311.58,306.6,301.18
2013-01-12,20130112,268.35,265.93,252.97,246.79,236.62,236.53,223.91,224.42,222.8,217.88,311.56,306.58,301.17
2013-01-13,20130113,268.28,265.9,252.99,246.77,236.58,236.49,223.91,224.42,222.8,217.88,311.57,306.59,301.16
2013-01-14,20130114,268.15,265.76,252.96,246.71,236.47,236.34,223.89,224.38,222.77,217.82,311.49,306.57,301.11
2013-01-15,20130115,268.01,265.67,252.92,246.6,236.24,236.1,223.82,224.3,222.71,217.74,311.42,306.51,301.1
2013-01-16,20130116,267.83,265.58,252.89,246.52,236.02,235.84,223.75,224.23,222.64,217.6,311.25,306.38,301.03
2013-01-17,20130117,267.68,265.48,252.78,246.4,235.67,235.51,223.63,224.09,222.53,217.48,311.15,306.29,300.96
2013-01-18,20130118,267.41,265.25,252.64,246.29,235.42,235.07,223.51,223.96,222.41,217.28,310.94,306.11,300.84
2013-01-19,20130119,267.01,264.97,252.38,246.04,234.96,234.36,223.3,223.76,222.21,217.02,310.79,305.95,300.73
2013-01-20,20130120,266.86,264.86,252.15,245.94,234.76,234.05,223.18,223.67,222.12,216.97,310.77,305.91,300.71
2013-01-21,20130121,266.75,264.78,252,245.89,234.66,233.86,223.12,223.62,222.07,216.93,310.77,305.88,300.7
2013-01-22,20130122,266.67,264.71,251.9,245.87,234.61,233.74,223.08,223.58,222.04,216.91,310.76,305.87,300.71
2013-01-23,20130123,266.64,264.67,251.83,245.87,234.59,233.66,223.05,223.55,222.01,216.9,310.76,305.85,300.71
2013-01-24,20130124,266.7,264.72,251.77,245.92,234.62,233.7,223.05,223.55,222.01,216.92,311.1,305.87,300.73
2013-01-25,20130125,266.72,264.72,251.79,245.98,234.56,233.72,223.04,223.58,222,216.9,310.93,305.85,300.74
2013-01-26,20130126,266.69,264.7,251.77,246.01,234.42,233.61,223.01,223.56,221.96,216.85,310.83,305.82,300.74
2013-01-27,20130127,266.59,264.62,251.73,246.03,234.32,233.54,223,223.56,221.95,216.85,310.82,305.81,300.73
2013-01-28,20130128,266.43,264.5,251.65,245.96,234.18,233.32,222.97,223.48,221.91,216.77,310.72,305.74,300.67
2013-01-29,20130129,266.28,264.34,251.5,245.8,233.92,232.95,222.87,223.36,221.82,216.66,310.72,305.69,300.6
2013-01-30,20130130,266.14,264.22,251.34,245.69,233.69,232.67,222.79,223.26,221.74,216.55,310.63,305.6,300.27
2013-01-31,20130131,265.93,263.94,251.14,245.5,233.33,232.19,222.66,223.12,221.59,216.31,310.56,305.52,299.52
2013-02-01,20130201,265.73,263.67,250.91,245.34,233.01,231.76,222.55,223.02,221.49,216.16,310.41,305.4,299.13
2013-02-02,20130202,265.26,262.83,250.56,244.44,232.49,230.81,222.38,222.83,221.33,215.75,310.29,305.27,298.8
2013-02-03,20130203,264.87,261.78,250.04,243.04,231.93,229.86,222.22,222.65,221.22,215.36,310.28,305.22,298.54
2013-02-04,20130204,264.36,261.1,249.33,241.83,231.46,229.11,222.06,222.48,221.13,215.04,310.26,305.18,298.34
2013-02-05,20130205,263.83,260.68,248.59,240.96,231.07,228.54,221.92,222.34,221.03,214.76,310.27,305.15,298.2
2013-02-06,20130206,263.45,260.31,247.88,240.35,230.76,228.13,221.81,222.22,220.94,214.49,310.25,305.13,298.09
2013-02-07,20130207,263.23,260.04,247.29,239.89,230.52,227.83,221.7,222.13,220.87,214.26,310.24,305.12,298.01
2013-02-08,20130208,263.09,259.9,246.74,239.52,230.33,227.57,221.6,222.05,220.81,214.02,310.24,305.11,297.95
2013-02-09,20130209,262.96,259.78,246.24,239.21,230.18,227.4,221.51,221.98,220.75,213.8,310.22,305.09,297.9
2013-02-10,20130210,262.79,259.65,245.83,238.94,230.05,227.27,221.43,221.89,220.69,213.59,310.22,305.08,297.85
2013-02-11,20130211,262.59,259.51,245.47,238.72,229.93,227.09,221.35,221.81,220.64,213.39,310.2,305.06,297.8
2013-02-12,20130212,262.37,259.35,245.17,238.55,229.8,226.8,221.28,221.73,220.59,213.17,310.21,305.05,297.77
2013-02-13,20130213,262.14,259.18,244.97,238.41,229.68,226.5,221.21,221.65,220.54,212.98,310.21,305.05,297.74
2013-02-14,20130214,261.97,259.05,244.8,238.3,229.6,225.97,221.14,221.57,220.48,212.82,310.19,305.05,297.72
2013-02-15,20130215,261.83,258.9,244.63,238.2,229.57,225.53,221.07,221.5,220.43,212.68,310.18,305.04,297.7
2013-02-16,20130216,261.72,258.86,244.52,238.13,229.61,225.22,221.01,221.44,220.38,212.55,310.19,305.05,297.7
2013-02-17,20130217,261.62,258.79,244.43,238.06,229.7,225.01,220.95,221.36,220.33,212.43,310.18,305.04,297.7
2013-02-18,20130218,261.54,258.74,244.33,238.01,229.81,225.01,220.9,221.29,220.29,212.34,310.18,305.04,297.69
2013-02-19,20130219,261.51,258.78,244.28,237.97,229.92,225.08,220.85,221.25,220.26,213.09,310.33,305.08,297.7
2013-02-20,20130220,261.63,258.74,244.16,237.93,229.94,225.46,220.82,221.34,220.23,213.29,310.25,305.07,297.69
2013-02-21,20130221,261.72,258.79,244.07,237.89,229.78,226.38,220.81,221.41,220.2,212.76,310.23,305.06,297.68
2013-02-22,20130222,261.75,258.85,244.03,237.84,229.79,228.43,220.83,221.42,220.18,212.44,310.21,305.05,297.66
2013-02-23,20130223,261.75,258.97,244.03,237.8,229.97,229.24,220.85,221.41,220.2,212.28,310.2,305.05,297.66
2013-02-24,20130224,261.73,259.06,244.02,237.77,230.14,229.7,220.86,221.38,220.21,212.18,310.19,305.03,297.65
2013-02-25,20130225,261.67,259.07,244.03,237.75,230.26,229.84,220.86,221.36,220.22,212.1,310.18,305.03,297.63
2013-02-26,20130226,261.61,259.16,244.04,237.73,230.07,228.83,220.87,221.34,220.22,212.02,310.17,305.02,297.61
2013-02-27,20130227,261.56,259.27,244,237.7,229.66,227.83,220.89,221.49,220.22,211.96,310.16,305,297.59
2013-02-28,20130228,261.49,259.32,243.97,237.67,229.36,227.66,220.94,221.52,220.22,211.92,310.16,305.01,297.57
2013-03-01,20130301,261.41,259.29,244.01,237.64,229.21,227.57,220.95,221.44,220.23,211.88,310.17,305.02,297.56
2013-03-02,20130302,261.32,259.26,244.05,237.63,229.17,227.46,220.91,221.34,220.22,211.85,310.18,305.03,297.57
2013-03-03,20130303,261.26,259.21,244.02,237.62,229.18,227.29,220.86,221.22,220.19,211.82,310.16,305.02,297.58
2013-03-04,20130304,261.23,259.19,243.97,237.61,229.21,227.05,220.81,221.13,220.17,211.8,310.16,305.02,297.58
2013-03-05,20130305,261.18,259.15,243.96,237.6,229.26,226.8,220.77,221.05,220.15,211.76,310.17,305.01,297.58
2013-03-06,20130306,261.15,259.18,243.9,237.59,229.59,228.47,220.72,220.98,220.13,211.86,310.18,305.02,297.57
2013-03-07,20130307,261.13,259.15,243.88,237.57,230.08,229.42,220.71,220.9,220.19,211.82,310.07,305.04,297.59
2013-03-08,20130308,261.13,259.14,243.81,237.56,230.5,230.05,220.69,220.89,220.19,211.78,310.12,305.06,297.59
2013-03-09,20130309,261.14,259.06,243.71,237.54,230.87,230.61,220.71,220.91,220.2,211.77,310.04,305.07,297.6
2013-03-10,20130310,261.16,259.02,243.68,237.51,231.19,231.06,220.74,220.93,220.22,211.74,310.02,305.06,297.62
2013-03-11,20130311,261.18,258.96,243.68,237.5,231.45,231.34,220.78,220.95,220.24,211.72,310.01,305.05,297.62
2013-03-12,20130312,261.2,258.97,243.66,237.48,231.65,231.53,220.82,220.98,220.26,211.68,310,305.04,297.61
2013-03-13,20130313,261.18,258.91,243.62,237.47,231.8,231.66,220.86,221,220.28,211.65,309.98,305.04,297.6
2013-03-14,20130314,261.14,258.83,243.58,237.46,231.93,231.74,220.9,221.03,220.3,211.64,309.97,305.03,297.6
2013-03-15,20130315,261.09,258.76,243.57,237.45,232.04,231.79,220.94,221.06,220.32,211.64,309.97,305.03,297.59
2013-03-16,20130316,261.03,258.71,243.54,237.45,232.12,231.82,220.97,221.08,220.34,211.65,309.96,305.02,297.57
2013-03-17,20130317,260.99,258.69,243.51,237.44,232.19,231.84,221,221.1,220.36,211.66,309.95,305.01,297.55
2013-03-18,20130318,260.95,258.65,243.48,237.43,232.23,231.81,221.03,221.12,220.38,211.65,309.94,305,297.52
2013-03-19,20130319,260.91,258.61,243.43,237.42,232.26,231.78,221.05,221.14,220.39,211.61,309.94,305,297.49
2013-03-20,20130320,260.87,258.61,243.39,237.41,232.3,231.76,221.07,221.16,220.41,211.61,309.94,305,297.46
2013-03-21,20130321,260.84,258.63,243.37,237.4,232.33,231.74,221.09,221.18,220.42,211.62,309.93,304.99,297.44
2013-03-22,20130322,260.8,258.62,243.35,237.4,232.37,231.72,221.12,221.21,220.44,211.62,309.93,304.98,297.41
2013-03-23,20130323,260.77,258.6,243.32,237.39,232.41,231.73,221.15,221.23,220.45,211.63,309.93,304.98,297.37
2013-03-24,20130324,260.73,258.6,243.32,237.38,232.45,231.73,221.18,221.26,220.46,211.63,309.93,304.98,297.33
2013-03-25,20130325,260.7,258.56,243.29,237.38,232.48,231.7,221.23,221.32,220.48,211.65,309.92,304.97,297.29
2013-03-26,20130326,260.65,258.49,243.26,237.37,232.49,231.69,221.29,221.39,220.5,211.68,309.92,304.97,297.26
2013-03-27,20130327,260.62,258.51,243.23,237.37,232.51,231.65,221.36,221.46,220.53,211.74,309.92,304.97,297.23
2013-03-28,20130328,260.6,258.58,243.2,237.36,232.53,231.63,221.41,221.52,220.56,211.8,309.92,304.97,297.21
2013-03-29,20130329,260.58,258.64,243.22,237.35,232.56,231.63,221.45,221.57,220.58,211.81,309.91,304.97,297.2
2013-03-30,20130330,260.56,258.62,243.25,237.35,232.6,231.65,221.47,221.59,220.61,211.78,309.91,304.97,297.18
2013-03-31,20130331,260.47,257.96,243.29,237.35,232.64,231.64,221.49,221.61,220.63,211.76,309.91,304.96,297.16
2013-04-01,20130401,260.4,258.08,243.28,237.34,232.65,231.62,221.52,221.63,220.68,211.8,309.91,304.96,297.14
2013-04-02,20130402,260.64,259.08,243.29,237.33,232.65,231.59,221.52,221.62,220.72,211.77,309.9,304.95,297.11
2013-04-03,20130403,260.58,258.94,243.36,237.33,232.66,231.57,221.5,221.6,220.72,211.76,309.9,304.94,297.08
2013-04-04,20130404,260.49,258.74,243.44,237.33,232.69,231.55,221.56,221.9,220.79,212.51,309.91,304.95,297.04
2013-04-05,20130405,260.4,258.53,243.5,237.32,232.73,231.54,221.72,222.22,220.88,212.34,309.91,304.95,297.02
2013-04-06,20130406,260.32,258.42,243.55,237.32,232.76,231.54,221.84,222.24,220.96,212.03,309.92,304.95,297
2013-04-07,20130407,260.28,258.39,243.62,237.32,232.8,231.53,221.89,222.22,221.02,212,309.93,304.96,297
2013-04-08,20130408,260.25,258.37,243.64,237.33,232.81,231.49,221.91,222.18,221.06,212.92,309.93,304.95,297
2013-04-09,20130409,260.24,258.32,243.62,237.32,232.8,231.45,221.89,222.12,221.07,212.38,309.92,304.94,297
2013-04-10,20130410,260.22,258.24,243.63,237.31,232.81,231.42,221.86,222.06,221.06,212.1,309.93,304.93,296.98
2013-04-11,20130411,260.2,258.19,243.7,237.32,232.82,231.39,221.85,222.16,221.03,212,309.92,304.94,296.97
2013-04-12,20130412,260.19,258.21,243.73,237.32,232.84,231.36,221.96,222.42,221.06,212,309.9,304.92,296.95
2013-04-13,20130413,260.17,258.18,243.75,237.32,232.85,231.35,222.02,222.37,221.11,212.07,309.89,304.91,296.92
2013-04-14,20130414,260.15,258.17,243.78,237.31,232.84,231.31,222.02,222.31,221.14,212.12,309.89,304.9,296.89
2013-04-15,20130415,260.13,258.15,243.79,237.3,232.82,231.25,222.01,222.25,221.14,212.18,309.89,304.9,296.86
2013-04-16,20130416,260.08,258.03,243.78,237.29,232.79,231.19,221.94,222.15,221.08,212.23,309.89,304.88,296.82
2013-04-17,20130417,260.03,257.94,243.78,237.27,232.77,231.15,221.86,222.05,221,212.27,309.88,304.87,296.77
2013-04-18,20130418,259.99,257.89,243.81,237.25,232.74,231,221.84,222.01,221.03,212.23,309.88,304.86,296.73
2013-04-19,20130419,259.94,257.83,243.86,237.24,232.71,230.98,221.86,222.03,221.04,212.17,309.88,304.85,296.68
2013-04-20,20130420,259.92,257.88,243.9,237.24,232.73,231.02,221.87,222.04,221.05,212.11,309.87,304.84,296.63
2013-04-21,20130421,259.91,258.02,243.91,237.24,232.74,231.06,221.8,221.97,220.98,212.07,309.86,304.83,296.58
2013-04-22,20130422,259.89,258.02,243.91,237.23,232.73,231.05,221.72,221.88,220.92,212.02,309.85,304.82,296.53
2013-04-23,20130423,259.81,257.83,243.88,237.23,232.7,231.03,221.68,221.81,220.89,211.98,309.84,304.86,296.47
2013-04-24,20130424,259.75,257.84,243.85,237.22,232.67,231.01,221.64,221.75,220.88,211.94,309.85,304.81,296.41
2013-04-25,20130425,259.73,258.02,243.76,237.2,232.64,230.99,221.6,221.69,220.85,211.92,309.85,304.79,296.34
2013-04-26,20130426,259.71,258.21,243.72,237.19,232.63,230.98,221.6,221.67,220.89,211.89,309.84,304.78,296.29
2013-04-27,20130427,259.69,258.37,243.75,237.17,232.61,230.99,221.61,221.66,220.93,211.81,309.84,304.78,296.24
2013-04-28,20130428,259.66,258.49,243.82,237.17,232.59,231.01,221.56,221.6,220.86,211.82,309.84,304.77,296.19
2013-04-29,20130429,259.62,258.57,243.86,237.17,232.56,231,221.5,221.54,220.8,211.86,309.83,304.75,296.14
2013-04-30,20130430,259.56,258.54,243.86,237.16,232.52,230.98,221.47,221.5,220.78,211.81,309.83,304.74,296.1
2013-05-01,20130501,259.45,258.41,243.8,237.15,232.47,230.94,221.47,221.49,220.81,211.74,309.82,304.72,296.05
2013-05-02,20130502,259.3,258.12,243.79,237.13,232.43,230.9,221.45,221.46,220.78,211.67,309.83,304.72,295.99
2013-05-03,20130503,259.18,258.03,243.84,237.13,232.4,230.89,221.4,221.42,220.73,211.67,309.85,304.73,295.96
2013-05-04,20130504,259.13,258.15,243.87,237.14,232.38,230.89,221.41,221.41,220.76,211.66,309.85,304.75,295.95
2013-05-05,20130505,259.12,258.3,243.8,237.13,232.33,230.84,221.4,221.39,220.76,211.63,309.84,304.74,296
2013-05-06,20130506,259.06,258.26,243.73,237.11,232.26,230.8,221.37,221.35,220.72,211.65,309.87,304.74,296.03
2013-05-07,20130507,258.96,258.09,243.66,237.1,232.2,230.74,221.37,221.34,220.74,211.63,309.85,304.73,296.04
2013-05-08,20130508,258.86,257.83,243.6,237.08,232.14,230.7,221.37,221.33,220.74,211.58,309.84,304.72,296.03
2013-05-09,20130509,258.75,257.63,243.53,237.07,232.09,230.68,221.33,221.3,220.7,211.58,309.85,304.72,296
2013-05-10,20130510,258.7,257.62,243.47,237.06,232.07,230.65,221.34,221.3,220.73,211.58,309.85,304.71,295.96
2013-05-11,20130511,258.75,257.82,243.41,237.05,232.04,230.59,221.32,221.27,220.71,211.56,309.84,304.69,295.92
2013-05-12,20130512,258.72,257.74,243.35,237.05,232.02,230.55,221.27,221.23,220.66,211.58,309.82,304.68,295.88
2013-05-13,20130513,258.66,257.61,243.32,237.05,231.97,230.48,221.28,221.23,220.69,211.56,309.8,304.66,295.83
2013-05-14,20130514,258.6,257.42,243.26,237.05,231.92,230.43,221.28,221.22,220.69,211.5,309.79,304.65,295.77
2013-05-15,20130515,258.52,257.24,243.19,237.04,231.86,230.4,221.24,221.18,220.63,211.48,309.79,304.64,295.7
2013-05-16,20130516,258.47,257.26,243.18,237.04,231.83,230.37,221.25,221.18,220.66,211.47,309.82,304.66,295.65
2013-05-17,20130517,258.45,257.34,243.16,237.03,231.78,230.37,221.27,221.19,220.69,211.46,309.82,304.66,295.64
2013-05-18,20130518,258.42,257.38,243.18,237.03,231.74,230.36,221.22,221.15,220.63,211.51,309.83,304.67,295.64
2013-05-19,20130519,258.39,257.45,243.24,237.02,231.69,230.34,221.19,221.12,220.6,211.51,309.82,304.67,295.66
2013-05-20,20130520,258.36,257.51,243.3,237.03,231.64,230.3,221.2,221.12,220.62,211.46,309.79,304.65,295.67
2013-05-21,20130521,258.3,257.43,243.33,237.02,231.58,230.25,221.22,221.13,220.63,211.42,309.79,304.65,295.66
2013-05-22,20130522,258.25,257.44,243.37,237.02,231.53,230.18,221.19,221.11,220.59,211.42,309.79,304.64,295.64
2013-05-23,20130523,258.23,257.52,243.41,237.01,231.51,230.21,221.18,221.1,220.58,211.42,309.79,304.64,295.63
2013-05-24,20130524,258.21,257.58,243.47,237.01,231.5,230.08,221.2,221.12,220.63,211.4,309.79,304.63,295.62
2013-05-25,20130525,258.22,257.73,243.52,237,231.48,230.02,221.23,221.14,220.64,211.41,309.78,304.62,295.6
2013-05-26,20130526,258.26,257.92,243.59,237,231.46,229.95,221.21,221.13,220.6,211.45,309.79,304.62,295.57
2013-05-27,20130527,258.3,258.08,243.7,237,231.43,229.92,221.24,221.16,220.61,211.48,309.78,304.62,295.54
2013-05-28,20130528,258.32,258.17,243.8,237,231.38,229.89,221.27,221.19,220.66,211.46,309.77,304.6,295.5
2013-05-29,20130529,258.28,258.11,243.88,237.01,231.31,229.83,221.3,221.22,220.65,211.37,309.75,304.56,295.45
2013-05-30,20130530,258.21,258.02,243.93,237,231.25,229.79,221.28,221.21,220.6,211.36,309.71,304.51,295.37
2013-05-31,20130531,258.16,257.91,243.98,237,231.19,229.73,221.27,221.2,220.59,211.41,309.69,304.44,295.25
2013-06-01,20130601,258.09,257.8,244.03,237,231.15,229.67,221.26,221.2,220.58,211.4,309.67,304.36,295.11
2013-06-02,20130602,258.05,257.73,244.06,237.01,231.14,229.65,221.27,221.2,220.58,211.42,309.67,304.32,294.96
2013-06-03,20130603,258,257.63,244.01,237,231.14,229.94,221.32,221.28,220.65,211.4,309.69,304.32,294.84
2013-06-04,20130604,257.93,257.49,243.94,236.99,231.35,230.67,221.72,221.95,220.83,211.36,309.71,304.32,294.76
2013-06-05,20130605,257.87,257.39,243.9,236.99,231.55,230.92,222.17,222.36,221.19,213.09,309.76,304.3,294.7
2013-06-06,20130606,257.82,257.29,243.88,236.98,231.43,230.28,222.22,222.37,221.21,213.35,309.73,304.26,294.66
2013-06-07,20130607,257.77,257.17,243.86,236.98,231.29,229.96,222.18,222.3,221.17,213.34,309.75,304.14,294.6
2013-06-08,20130608,257.66,257.09,243.82,236.98,231.22,229.8,222.1,222.19,221.12,213.28,309.72,303.96,294.53
2013-06-09,20130609,257.57,257.02,243.74,236.97,231.16,229.65,221.98,222.03,221.04,213.18,309.74,304.01,294.46
2013-06-10,20130610,257.49,257.03,243.67,236.96,231.1,229.53,221.9,221.92,220.99,213.06,309.77,304.31,294.44
2013-06-11,20130611,257.45,257.21,243.62,236.95,231.05,229.46,221.83,221.84,220.95,212.89,309.77,304.4,294.47
2013-06-12,20130612,257.45,257.38,243.58,236.94,231.01,229.41,221.81,221.8,220.96,212.72,309.71,304.39,294.52
2013-06-13,20130613,257.39,257.36,243.58,236.93,230.99,229.36,221.8,221.79,220.93,212.55,309.68,304.25,294.53
2013-06-14,20130614,257.3,257.29,243.62,236.93,231,229.32,221.74,221.73,220.87,212.42,309.64,303.99,294.47
2013-06-15,20130615,257.18,257.19,243.58,236.93,231.02,229.28,221.69,221.67,220.85,212.31,309.62,303.65,294.4
2013-06-16,20130616,257.08,257.14,243.54,236.92,231.04,229.26,221.66,221.63,220.85,212.21,309.62,303.6,294.34
2013-06-17,20130617,257.04,257.25,243.52,236.91,231.04,229.24,221.66,221.62,220.87,212.09,309.62,303.47,294.28
2013-06-18,20130618,257.05,257.37,243.51,236.91,231.03,229.24,221.62,221.58,220.82,211.97,309.62,303.52,294.24
2013-06-19,20130619,257.03,257.43,243.5,236.9,231.02,229.23,221.62,221.58,220.8,211.88,309.62,303.38,294.21
2013-06-20,20130620,257,257.48,243.51,236.9,231.03,229.21,221.66,221.62,220.84,211.81,309.6,303.08,294.17
2013-06-21,20130621,256.98,257.52,243.51,236.9,231.06,229.21,221.66,221.62,220.84,211.73,309.58,302.69,294.12
2013-06-22,20130622,256.95,257.53,243.52,236.91,231.11,229.23,221.62,221.59,220.79,211.69,309.55,302.34,294.05
2013-06-23,20130623,256.92,257.55,243.54,236.91,231.17,229.25,221.66,221.63,220.81,211.66,309.58,302.13,293.98
2013-06-24,20130624,256.9,257.6,243.51,236.91,231.2,229.22,221.77,221.73,220.89,211.62,309.63,302.83,293.93
2013-06-25,20130625,256.88,257.58,243.46,236.91,231.22,229.19,221.82,221.8,220.91,211.58,309.58,303.16,293.94
2013-06-26,20130626,256.83,257.52,243.43,236.9,231.23,229.18,221.83,221.82,220.92,211.57,309.57,302.6,293.94
2013-06-27,20130627,256.77,257.48,243.42,236.9,231.26,229.18,221.83,221.82,220.91,211.58,309.56,302.4,293.9
2013-06-28,20130628,256.72,257.39,243.44,236.9,231.29,229.16,221.79,221.79,220.86,211.56,309.55,302.11,293.84
2013-06-29,20130629,256.66,257.26,243.45,236.91,231.32,229.15,221.75,221.74,220.83,211.56,309.53,301.89,293.78
2013-06-30,20130630,256.56,257.09,243.43,236.92,231.34,229.14,221.76,221.74,220.87,211.55,309.52,301.72,293.71
2013-07-01,20130701,256.49,256.98,243.37,236.91,231.34,229.12,221.76,221.74,220.84,211.52,309.51,301.55,293.65
2013-07-02,20130702,256.42,256.92,243.29,236.91,231.34,229.11,221.75,221.75,220.8,211.5,309.49,301.4,293.58
2013-07-03,20130703,256.39,256.96,243.27,236.91,231.36,229.1,221.77,221.78,220.79,211.45,309.47,301.27,293.52
2013-07-04,20130704,256.41,257.1,243.24,236.91,231.4,229.1,221.79,221.83,220.78,211.43,309.45,301.11,293.46
2013-07-05,20130705,256.44,257.18,243.21,236.91,231.4,229.1,221.92,221.98,220.88,211.42,309.45,300.95,293.4
2013-07-06,20130706,256.45,257.23,243.19,236.9,231.36,229.08,222,222.11,220.94,211.38,309.44,300.8,293.34
2013-07-07,20130707,256.43,257.24,243.15,236.89,231.3,229.05,222.04,222.17,220.94,211.42,309.41,300.66,293.27
2013-07-08,20130708,256.38,257.19,243.12,236.88,231.23,229.02,222.08,222.22,220.97,211.45,309.43,300.51,293.21
2013-07-09,20130709,256.32,257.16,243.1,236.87,231.12,229.12,222.1,222.27,221,211.44,309.42,300.38,293.14
2013-07-10,20130710,256.29,257.17,243.12,236.86,230.98,229.44,222.24,222.42,221.14,211.48,309.4,300.26,293.08
2013-07-11,20130711,256.22,257.08,243.13,236.86,230.87,229.53,222.34,222.51,221.26,211.7,309.41,300.17,293.02
2013-07-12,20130712,256.16,257.02,243.13,236.85,230.74,229.48,222.39,222.55,221.34,212.33,309.42,300.08,292.97
2013-07-13,20130713,256.15,257.16,243.12,236.85,230.61,229.38,222.39,222.55,221.34,213.14,309.39,300.01,292.91
2013-07-14,20130714,256.31,257.56,243.16,236.84,230.5,229.35,222.38,222.55,221.33,213.83,309.34,299.94,292.87
2013-07-15,20130715,256.5,257.94,243.23,236.84,230.42,229.28,222.38,222.55,221.33,214.36,309.24,299.89,292.83
2013-07-16,20130716,256.7,258.28,243.28,236.83,230.35,229.26,222.38,222.55,221.34,214.79,309.18,299.83,292.8
2013-07-17,20130717,256.82,258.49,243.37,236.83,230.31,229.23,222.42,222.58,221.38,215.14,309.32,299.78,292.76
2013-07-18,20130718,256.88,258.6,243.5,236.84,230.29,229.19,222.4,222.57,221.38,215.37,309.41,299.72,292.71
2013-07-19,20130719,256.89,258.61,243.67,236.87,230.29,229.19,222.4,222.56,221.36,215.63,309.45,299.72,292.69
2013-07-20,20130720,256.8,258.57,243.8,236.87,230.26,229.14,222.39,222.55,221.35,215.72,309.47,299.74,292.68
2013-07-21,20130721,256.72,258.54,243.86,236.87,230.2,229.1,222.38,222.54,221.35,215.79,309.46,299.82,292.71
2013-07-22,20130722,256.67,258.54,243.89,236.87,230.11,229.07,222.39,222.55,221.37,215.84,309.44,299.92,292.77
2013-07-23,20130723,256.63,258.54,243.93,236.86,230.02,229.05,222.37,222.54,221.34,215.9,309.43,299.98,292.81
2013-07-24,20130724,256.6,258.53,243.99,236.86,229.95,229.05,222.39,222.56,221.38,215.96,309.41,299.98,292.83
2013-07-25,20130725,256.55,258.45,244.03,236.86,229.91,229.03,222.4,222.56,221.38,216.02,309.35,299.94,292.82
2013-07-26,20130726,256.44,258.31,244.07,236.86,229.9,229.02,222.38,222.54,221.35,216.07,309.29,299.87,292.79
2013-07-27,20130727,256.42,258.34,244.12,236.86,229.89,228.55,222.3,222.42,221.28,215.81,309.2,299.8,292.75
2013-07-28,20130728,256.44,258.35,244.12,236.86,229.74,228.32,222.25,222.43,221.26,215.57,309.22,299.72,292.7
2013-07-29,20130729,256.44,258.32,244.05,236.85,229.65,228.35,222.36,222.53,221.37,215.98,309.39,299.67,292.65
2013-07-30,20130730,256.44,258.33,243.99,236.84,229.59,228.42,222.38,222.55,221.38,216.09,309.43,299.66,292.63
2013-07-31,20130731,256.45,258.35,243.96,236.83,229.55,228.48,222.36,222.53,221.35,216.12,309.41,299.69,292.64
2013-08-01,20130801,256.46,258.38,243.94,236.83,229.53,228.54,222.37,222.53,221.35,216.15,309.35,299.7,292.66
2013-08-02,20130802,256.54,258.54,243.94,236.83,229.52,228.6,222.39,222.55,221.39,216.16,309.28,299.66,292.65
2013-08-03,20130803,256.62,258.66,243.93,236.82,229.53,228.67,222.4,222.56,221.39,216.18,309.22,299.62,292.62
2013-08-04,20130804,256.7,258.74,243.92,236.82,229.52,228.71,222.37,222.54,221.36,216.19,309.27,299.58,292.59
2013-08-05,20130805,256.75,258.8,243.91,236.81,229.48,228.3,222.28,222.41,221.28,215.9,309.41,299.54,292.57
2013-08-06,20130806,256.74,258.76,243.88,236.8,229.38,227.57,222.1,222.14,221.19,215.34,309.47,299.57,292.56
2013-08-07,20130807,256.62,258.61,243.86,236.79,229.32,227.04,221.9,221.9,221.06,214.9,309.47,299.68,292.61
2013-08-08,20130808,256.42,258.32,243.86,236.79,229.34,226.73,221.69,221.65,220.92,214.53,309.49,299.78,292.68
2013-08-09,20130809,256.25,258.15,243.82,236.79,229.41,226.61,221.52,221.46,220.84,214.17,309.5,299.86,292.74
2013-08-10,20130810,256.15,258.03,243.75,236.78,229.51,226.39,221.36,221.28,220.74,213.82,309.51,299.95,292.8
2013-08-11,20130811,256.07,257.92,243.69,236.78,229.62,226.16,221.2,221.11,220.62,213.51,309.5,300.05,292.85
2013-08-12,20130812,255.99,257.72,243.62,236.78,229.69,226.1,221.07,220.97,220.55,213.21,309.47,300.12,292.9
2013-08-13,20130813,255.76,257.28,243.54,236.77,229.73,226.3,220.96,220.84,220.46,212.91,309.44,300.13,292.92
2013-08-14,20130814,255.54,256.92,243.46,236.77,229.78,226.36,220.84,220.72,220.35,212.67,309.39,300.08,292.91
2013-08-15,20130815,255.35,256.68,243.38,236.77,229.85,226.49,220.75,220.62,220.31,212.44,309.32,300,292.88
2013-08-16,20130816,255.23,256.55,243.31,236.76,229.95,226.51,220.67,220.53,220.23,212.23,309.21,299.9,292.83
2013-08-17,20130817,255.19,256.52,243.27,236.76,230.06,226.31,220.57,220.43,220.08,212.09,309.08,299.8,292.77
2013-08-18,20130818,255.18,256.5,243.24,236.76,230.14,226.57,220.51,220.35,220.08,211.92,308.94,299.7,292.7
2013-08-19,20130819,255.22,256.55,243.19,236.76,230.19,226.49,220.46,220.3,220.04,211.78,308.72,299.59,292.62
2013-08-20,20130820,255.29,256.64,243.13,236.75,230.21,226.38,220.37,220.21,219.91,211.68,308.53,299.5,292.55
2013-08-21,20130821,255.37,256.79,243.09,236.75,230.24,226.58,220.29,220.13,219.81,211.61,308.4,299.43,292.49
2013-08-22,20130822,255.5,256.99,243.07,236.74,230.3,226.53,220.27,220.1,219.82,211.53,308.64,299.35,292.44
2013-08-23,20130823,255.6,257.11,243.07,236.74,230.37,226.55,220.26,220.08,219.81,211.45,309.2,299.29,292.38
2013-08-24,20130824,255.62,257.14,243.06,236.74,230.43,227.06,220.17,219.99,219.61,211.38,309.38,299.26,292.33
2013-08-25,20130825,255.62,257.16,243.04,236.74,230.47,227.5,220.17,219.98,219.68,211.32,309.44,299.28,292.32
2013-08-26,20130826,255.62,257.14,243.02,236.74,230.49,227.48,220.18,219.98,219.75,211.28,309.48,299.38,292.36
2013-08-27,20130827,255.63,257.18,243,236.73,230.5,227.99,220.1,219.91,219.6,211.25,309.47,299.5,292.44
2013-08-28,20130828,255.63,257.17,242.95,236.73,230.63,229.22,220.11,219.9,219.64,211.19,309.46,299.64,292.54
2013-08-29,20130829,255.6,257.13,242.92,236.73,230.78,229.89,220.22,219.98,219.82,211.14,309.47,299.77,292.64
2013-08-30,20130830,255.58,257.1,242.93,236.73,230.96,230.46,220.23,220,219.83,211.15,309.46,299.86,292.71
2013-08-31,20130831,255.57,257.12,242.97,236.73,231.15,231.52,220.24,220,219.84,211.2,309.42,299.91,292.76
2013-09-01,20130901,255.59,257.21,243.02,236.73,231.38,232.4,220.35,220.08,219.95,211.19,309.36,299.89,292.78
2013-09-02,20130902,255.63,257.33,243.09,236.73,231.59,232.93,220.52,220.23,220.1,211.14,309.26,299.84,292.78
2013-09-03,20130903,255.66,257.36,243.14,236.72,231.65,232.22,220.56,220.28,220.12,211.14,309.08,299.76,292.75
2013-09-04,20130904,255.64,257.32,243.21,236.72,231.5,231.57,220.55,220.28,220.09,211.16,308.89,299.67,292.7
2013-09-05,20130905,255.6,257.26,243.29,236.72,231.33,230.94,220.6,220.32,220.14,211.17,308.72,299.58,292.64
2013-09-06,20130906,255.53,257.16,243.4,236.73,231.08,229.97,220.62,220.36,220.14,211.16,308.51,299.47,292.56
2013-09-07,20130907,255.49,257.14,243.46,236.73,230.92,229.82,220.6,220.34,220.08,211.16,308.31,299.37,292.48
2013-09-08,20130908,255.55,257.27,243.51,236.73,230.74,228.83,220.63,220.38,220.14,211.15,308.14,299.26,292.39
2013-09-09,20130909,255.65,257.42,243.54,236.74,230.54,228.43,220.63,220.38,220.13,211.12,307.99,299.19,292.31
2013-09-10,20130910,255.71,257.48,243.51,236.73,230.51,229.16,220.59,220.36,220.07,211.11,307.82,299.12,292.24
2013-09-11,20130911,255.7,257.45,243.47,236.72,230.49,229.79,220.58,220.35,220.06,211.09,307.71,299.06,292.17
2013-09-12,20130912,255.68,257.44,243.48,236.72,230.46,230.48,220.62,220.38,220.13,211.07,307.64,299,292.11
2013-09-13,20130913,255.65,257.36,243.51,236.73,230.5,231.12,220.69,220.43,220.22,211.04,307.55,298.95,292.05
2013-09-14,20130914,255.57,257.24,243.51,236.73,230.61,231.82,220.73,220.48,220.24,211.07,307.42,298.91,291.99
2013-09-15,20130915,255.53,257.23,243.48,236.73,230.73,232.2,220.78,220.52,220.27,211.15,307.33,298.87,291.93
2013-09-16,20130916,255.54,257.24,243.48,236.73,230.82,232.43,220.91,220.63,220.37,211.17,307.24,298.83,291.87
2013-09-17,20130917,255.54,257.23,243.47,236.74,230.87,232.57,221.1,220.81,220.51,211.11,307.14,298.8,291.82
2013-09-18,20130918,255.51,257.24,243.49,236.74,230.9,232.62,221.18,220.9,220.55,211.08,307.06,298.77,291.76
2013-09-19,20130919,255.53,257.36,243.52,236.74,230.93,232.63,221.22,220.97,220.56,211.1,306.97,298.72,291.7
2013-09-20,20130920,255.58,257.48,243.54,236.74,230.95,232.6,221.34,221.09,220.67,211.11,306.88,298.68,291.65
2013-09-21,20130921,255.6,257.58,243.58,236.75,230.99,232.52,221.47,221.22,220.79,212.19,307.29,298.65,291.6
2013-09-22,20130922,255.64,257.64,243.6,236.75,230.98,232.41,221.54,221.3,220.85,212.74,308.86,298.63,291.56
2013-09-23,20130923,255.64,257.65,243.66,236.75,230.95,232.36,221.59,221.36,220.9,212.06,309.23,298.67,291.54
2013-09-24,20130924,255.63,257.69,243.73,236.75,230.9,232.31,221.63,221.42,220.94,211.72,309.18,298.74,291.59
2013-09-25,20130925,255.66,257.86,243.8,236.76,230.86,232.17,221.67,221.47,220.98,211.54,309.11,298.87,291.69
2013-09-26,20130926,255.76,258.12,243.85,236.77,230.8,232.06,221.69,221.49,220.99,211.45,309.14,298.94,291.8
2013-09-27,20130927,255.79,258.17,243.92,236.77,230.75,231.57,221.64,221.47,220.92,211.42,309.24,299,291.89
2013-09-28,20130928,255.7,258.01,244.01,236.78,230.55,230.67,221.59,221.44,220.88,211.42,309.22,299.04,291.96
2013-09-29,20130929,255.59,257.88,244.1,236.79,230.36,230.1,221.58,221.42,220.89,211.41,309.18,299.08,292.02
2013-09-30,20130930,255.53,257.84,244.17,236.8,230.24,229.78,221.51,221.36,220.83,211.44,309.19,299.12,292.08
2013-10-01,20131001,255.54,257.91,244.23,236.81,230.16,229.69,221.42,221.27,220.76,211.45,309.27,299.14,292.12
2013-10-02,20131002,255.54,257.92,244.25,236.81,230.21,230.12,221.35,221.2,220.73,211.44,309.29,299.16,292.15
2013-10-03,20131003,255.49,257.84,244.27,236.82,230.32,230.43,221.4,221.24,220.76,211.4,309.26,299.18,292.18
2013-10-04,20131004,255.45,257.8,244.26,236.82,230.46,230.72,221.53,221.49,220.73,211.4,309.11,299.18,292.19
2013-10-05,20131005,255.43,257.79,244.28,236.82,230.68,230.95,221.7,221.76,220.75,211.42,309.01,299.17,292.21
2013-10-06,20131006,255.44,257.78,244.32,236.84,230.91,231.1,221.91,222.04,220.9,211.38,308.9,299.14,292.2
2013-10-07,20131007,255.46,257.79,244.34,236.86,231.07,231.19,222.09,222.22,221.07,211.32,308.77,299.1,292.19
2013-10-08,20131008,255.48,257.81,244.36,236.88,231.16,231.27,222.17,222.3,221.13,211.32,308.69,299.07,292.16
2013-10-09,20131009,255.49,257.83,244.35,236.89,231.19,231.32,222.21,222.33,221.18,211.41,308.64,299.04,292.13
2013-10-10,20131010,255.48,257.77,244.28,236.89,231.18,231.35,222.22,222.35,221.21,211.55,308.58,299,292.08
2013-10-11,20131011,255.39,257.59,244.27,236.88,231.17,231.38,222.26,222.42,221.26,211.75,308.6,298.97,292.05
2013-10-12,20131012,255.41,257.71,244.3,236.88,231.18,231.4,222.3,222.57,221.3,211.96,308.78,298.95,292.01
2013-10-13,20131013,255.46,257.78,244.28,236.88,231.22,231.39,222.33,222.57,221.35,212.28,309.25,298.94,291.97
2013-10-14,20131014,255.49,257.78,244.29,236.89,231.25,231.36,222.32,222.6,221.34,212.61,309.45,298.97,291.97
2013-10-15,20131015,255.44,257.65,244.3,236.89,231.25,231.33,222.33,222.58,221.35,212.93,309.5,299.05,292.02
2013-10-16,20131016,255.43,257.68,244.27,236.89,231.26,231.3,222.36,222.58,221.39,213.15,309.52,299.17,292.11
2013-10-17,20131017,255.49,257.68,244.28,236.91,231.29,231.31,222.33,222.53,221.35,213.34,309.54,299.3,292.25
2013-10-18,20131018,255.46,257.65,244.29,236.92,231.3,231.28,222.34,222.52,221.36,213.5,309.52,299.41,292.36
2013-10-19,20131019,255.45,257.69,244.31,236.92,231.32,231.27,222.39,222.55,221.42,213.61,309.53,299.49,292.45
2013-10-20,20131020,255.46,257.7,244.35,236.93,231.34,231.26,222.35,222.52,221.36,213.74,309.53,299.55,292.52
2013-10-21,20131021,255.42,257.6,244.35,236.93,231.31,231.16,222.32,222.49,221.32,213.89,309.53,299.59,292.58
2013-10-22,20131022,255.37,257.54,244.33,236.93,231.24,231.08,222.35,222.51,221.37,213.95,309.54,299.61,292.61
2013-10-23,20131023,255.37,257.58,244.31,236.93,231.23,231.38,222.43,222.59,221.46,214.27,309.55,299.63,292.64
2013-10-24,20131024,255.4,257.61,244.28,236.93,231.38,231.77,222.51,222.66,221.52,215.71,309.56,299.65,292.66
2013-10-25,20131025,255.36,257.51,244.28,236.93,231.56,231.92,222.55,222.69,221.57,216.15,309.56,299.66,292.68
2013-10-26,20131026,255.39,257.58,244.3,236.94,231.72,231.97,222.6,222.73,221.62,216.3,309.56,299.67,292.69
2013-10-27,20131027,255.41,257.58,244.35,236.95,231.8,231.97,222.63,222.76,221.65,216.39,309.56,299.69,292.71
2013-10-28,20131028,255.38,257.49,244.31,236.96,231.8,231.93,222.63,222.76,221.65,216.42,309.53,299.68,292.72
2013-10-29,20131029,255.34,257.4,244.2,236.96,231.75,231.87,222.59,222.72,221.6,216.44,309.57,299.67,292.72
2013-10-30,20131030,255.3,257.3,244.13,236.95,231.71,231.8,222.59,222.72,221.6,216.44,309.58,299.69,292.73
2013-10-31,20131031,255.23,257.17,244.1,236.94,231.67,231.72,222.62,222.74,221.64,216.44,309.58,299.71,292.74
2013-11-01,20131101,255.21,257.17,244.08,236.94,231.65,231.64,222.62,222.74,221.65,216.43,309.6,299.73,292.75
2013-11-02,20131102,255.21,257.12,244.05,236.94,231.65,231.54,222.61,222.74,221.64,216.41,309.61,299.76,292.77
2013-11-03,20131103,255.16,256.93,244,236.94,231.64,231.46,222.61,222.74,221.64,216.39,309.62,299.82,292.8
2013-11-04,20131104,255.06,256.74,243.92,236.94,231.57,231.15,222.53,222.66,221.54,216.3,309.62,299.9,292.85
2013-11-05,20131105,255.05,256.79,243.8,236.92,231.36,230.58,222.37,222.51,221.41,215.78,309.61,299.99,292.89
2013-11-06,20131106,255.09,256.83,243.75,236.91,231.23,230.58,222.44,222.58,221.48,215.86,309.62,300.09,292.94
2013-11-07,20131107,255.16,256.98,243.74,236.9,231.2,230.63,222.46,222.61,221.5,215.91,309.64,300.19,292.99
2013-11-08,20131108,255.24,257.13,243.74,236.9,231.18,230.66,222.47,222.61,221.49,215.95,309.65,300.29,293.05
2013-11-09,20131109,255.34,257.29,243.72,236.9,231.15,230.67,222.44,222.6,221.45,215.99,309.66,300.42,293.1
2013-11-10,20131110,255.42,257.4,243.69,236.89,231.09,230.67,222.46,222.6,221.47,216.03,309.67,300.63,293.16
2013-11-11,20131111,255.48,257.46,243.67,236.87,231.01,230.65,222.48,222.62,221.5,216.05,309.67,301.01,293.23
2013-11-12,20131112,255.52,257.49,243.64,236.86,230.92,230.61,222.49,222.63,221.5,216.05,309.66,301.23,293.3
2013-11-13,20131113,255.52,257.42,243.66,236.85,230.8,230.26,222.42,222.55,221.42,215.92,309.66,301.3,293.37
2013-11-14,20131114,256.2,257.26,243.7,236.85,230.54,229.56,222.24,222.33,221.32,215.42,309.68,301.3,293.42
2013-11-15,20131115,257.02,257.35,243.71,236.86,230.28,229.07,222.09,222.13,221.24,215.02,309.67,301.31,293.45
2013-11-16,20131116,256.19,257.36,243.64,236.84,230.07,228.76,221.93,221.93,221.15,214.69,309.66,301.29,293.47
2013-11-17,20131117,255.68,257.22,243.57,236.83,229.92,228.58,221.79,221.76,221.07,214.41,309.67,301.25,293.48
2013-11-18,20131118,257.24,257.24,243.54,236.82,229.79,228.43,221.65,221.6,221,214.14,309.69,301.23,293.49
2013-11-19,20131119,256.53,257.38,243.55,236.81,229.68,228.33,221.53,221.47,220.93,213.93,309.7,301.24,293.5
2013-11-20,20131120,255.83,257.35,243.55,236.83,229.61,228.27,221.42,221.35,220.88,215.32,309.75,302.58,293.52
2013-11-21,20131121,255.71,257.27,243.52,236.86,229.59,228.21,221.33,221.26,220.83,215.09,309.69,304.07,293.62
2013-11-22,20131122,255.57,257.05,243.51,236.86,229.57,228.14,221.25,221.16,220.78,214.39,309.65,303.78,293.81
2013-11-23,20131123,255.49,257.01,243.47,236.84,229.56,228.09,221.17,221.07,220.72,213.82,309.65,303.32,293.94
2013-11-24,20131124,255.45,256.98,243.42,236.83,229.58,228.1,221.09,220.99,220.68,213.44,309.66,303.28,293.99
2013-11-25,20131125,255.44,256.99,243.4,236.82,229.62,228.08,221.04,220.93,220.64,213.15,309.68,303.7,294.03
2013-11-26,20131126,255.44,256.96,243.43,236.83,229.63,227.98,220.98,220.87,220.59,212.9,309.69,304.07,294.09
2013-11-27,20131127,255.44,256.98,243.46,236.84,229.59,227.84,220.93,220.81,220.55,212.69,309.69,304.29,294.15
2013-11-28,20131128,255.45,256.99,243.42,236.84,229.56,227.92,220.88,220.75,220.52,212.52,309.68,304.39,294.21
2013-11-29,20131129,255.46,256.97,243.38,236.84,229.57,228.02,220.84,220.71,220.49,212.39,309.68,304.49,294.27
2013-11-30,20131130,255.47,256.97,243.37,236.83,229.58,228.11,220.81,220.67,220.47,212.27,309.69,304.58,294.32
2013-12-01,20131201,255.5,257.01,243.38,236.82,229.58,228.17,220.78,220.64,220.44,212.17,309.7,304.64,294.38
2013-12-02,20131202,255.53,257.04,243.44,236.82,229.57,228.15,220.75,220.6,220.42,212.06,309.71,304.69,294.43
2013-12-03,20131203,255.54,256.98,243.47,236.83,229.56,228.14,220.73,220.58,220.4,211.97,309.71,304.7,294.47
2013-12-04,20131204,255.47,256.65,243.44,236.83,229.55,228.11,220.72,220.56,220.4,211.89,309.72,304.71,294.51
2013-12-05,20131205,255.36,256.36,243.42,236.83,229.56,228.08,220.7,220.54,220.38,211.81,309.74,304.79,294.54
2013-12-06,20131206,255.32,256.24,243.42,236.82,229.6,228.08,220.68,220.52,220.37,212.13,309.8,304.91,294.57
2013-12-07,20131207,255.26,255.77,243.38,236.88,229.7,228.17,220.68,220.52,220.38,213.74,310.14,305.04,294.61
2013-12-08,20131208,255.15,255.22,243.34,236.87,229.81,228.23,220.68,220.53,220.38,213,309.87,305,294.7
2013-12-09,20131209,255.1,254.8,243.3,236.85,229.88,228.23,220.67,220.53,220.37,212.52,309.8,304.96,294.8
2013-12-10,20131210,255.09,254.57,243.31,236.84,229.93,228.22,220.66,220.53,220.36,212.22,309.81,304.97,294.88
2013-12-11,20131211,255.13,254.76,243.29,236.83,229.95,228.26,220.65,220.52,220.35,212.03,309.83,304.97,294.91
2013-12-12,20131212,255.21,255.09,243.27,236.83,229.95,228.24,220.65,220.51,220.35,211.89,309.8,304.99,294.93
2013-12-13,20131213,255.3,255.34,243.24,236.82,229.93,228.23,220.63,220.49,220.32,211.79,309.8,305,294.95
2013-12-14,20131214,255.37,255.11,243.23,236.81,229.93,228.24,220.61,220.47,220.29,211.71,309.8,305.01,294.98
2013-12-15,20131215,255.36,254.66,243.25,236.81,229.95,228.29,220.59,220.45,220.26,211.66,309.79,305.02,295.02
2013-12-16,20131216,255.37,254.34,243.25,236.81,229.98,228.32,220.57,220.44,220.24,211.66,309.78,305.01,295.06
2013-12-17,20131217,255.41,254.11,243.24,236.81,230.01,228.32,220.56,220.43,220.23,211.68,309.77,305,295.09
2013-12-18,20131218,255.47,254.01,243.27,236.82,230.04,228.33,220.54,220.41,220.22,211.64,309.76,304.99,295.12
2013-12-19,20131219,255.54,254.03,243.24,236.82,230.09,228.34,220.53,220.41,220.21,211.6,309.74,304.95,295.13
2013-12-20,20131220,255.62,253.96,243.19,236.82,230.22,228.88,220.53,220.43,220.2,211.56,309.74,304.92,295.12
2013-12-21,20131221,255.69,253.78,243.16,236.82,230.54,229.78,220.54,220.46,220.21,211.52,309.74,304.9,295.09
2013-12-22,20131222,255.76,253.68,243.12,236.82,230.85,230.21,220.66,220.7,220.25,211.49,309.73,304.88,295.05
2013-12-23,20131223,255.83,253.8,243.12,236.81,231.07,230.35,221.22,221.55,220.5,211.49,309.78,304.87,295.02
2013-12-24,20131224,255.91,253.89,243.15,236.82,231.07,229.82,221.56,221.76,220.77,211.48,309.77,304.86,294.99
2013-12-25,20131225,255.99,253.93,243.16,236.82,230.99,229.52,221.58,221.73,220.83,211.49,309.77,304.89,294.95
2013-12-26,20131226,256.06,253.91,243.17,236.82,230.91,229.26,221.53,221.63,220.82,211.5,309.77,304.93,294.95
2013-12-27,20131227,256.11,253.63,243.18,236.82,230.83,229.09,221.46,221.54,220.8,211.5,309.77,304.96,294.97
2013-12-28,20131228,256.15,252.81,243.2,236.81,230.73,228.99,221.39,221.44,220.77,211.5,309.74,304.91,295
2013-12-29,20131229,256.18,251.93,243.18,236.8,230.61,228.9,221.32,221.34,220.73,211.49,309.73,304.78,294.99
2013-12-30,20131230,256.21,251.16,243.15,236.78,230.5,228.78,221.25,221.25,220.67,211.51,309.75,304.85,294.95
2013-12-31,20131231,256.23,250.59,243.13,236.77,230.38,228.63,221.18,221.16,220.64,211.56,309.74,304.86,294.93
2014-01-01,20140101,256.25,250.12,243.12,236.76,230.25,228.56,221.14,221.1,220.64,211.52,309.74,304.87,294.93
2014-01-02,20140102,256.27,249.78,243.11,236.75,230.14,228.46,221.08,221.03,220.59,211.53,309.74,304.86,294.93
2014-01-03,20140103,256.29,249.58,243.1,236.74,230.04,228.36,221.02,220.97,220.55,211.53,309.73,304.85,294.93
2014-01-04,20140104,256.29,249.49,243.06,236.73,229.96,228.32,220.97,220.9,220.52,211.5,309.72,304.81,294.91
2014-01-05,20140105,256.3,249.43,243.03,236.73,229.92,228.3,220.93,220.85,220.49,211.48,309.72,304.8,294.9
2014-01-06,20140106,256.3,249.39,243.03,236.72,229.9,228.24,220.89,220.81,220.46,211.46,309.74,304.85,294.89
2014-01-07,20140107,256.29,249.38,243.03,236.7,229.87,228.17,220.84,220.75,220.43,211.44,309.74,304.89,294.89
2014-01-08,20140108,256.29,249.4,243.04,236.7,229.87,228.14,220.8,220.71,220.4,211.44,309.74,304.92,294.92
2014-01-09,20140109,256.29,249.45,243.06,236.7,229.91,228.13,220.77,220.67,220.38,211.43,309.73,304.92,294.95
2014-01-10,20140110,256.29,249.5,243.1,236.7,229.97,228.11,220.74,220.64,220.36,211.43,309.73,304.93,294.99
2014-01-11,20140111,256.28,249.55,243.12,236.7,230.07,228.15,220.71,220.61,220.34,211.42,309.73,304.91,295.02
2014-01-12,20140112,256.27,249.57,243.14,236.7,230.2,228.19,220.69,220.59,220.33,211.42,309.73,304.92,295.04
2014-01-13,20140113,256.27,249.64,243.16,236.71,230.31,228.18,220.69,220.57,220.21,211.41,309.75,304.96,295.08
2014-01-14,20140114,256.27,249.68,243.2,236.72,230.41,228.14,220.68,220.56,220.18,211.39,309.76,304.98,295.11
2014-01-15,20140115,256.34,249.7,243.26,236.73,230.52,228.15,220.65,220.53,220.11,211.39,309.77,304.99,295.14
2014-01-16,20140116,256.31,249.74,243.31,236.75,230.66,228.18,220.59,220.47,219.98,211.39,309.76,304.99,295.17
2014-01-17,20140117,256.3,249.77,243.35,236.76,230.83,228.21,220.59,220.46,220.04,211.33,309.76,304.98,295.2
2014-01-18,20140118,256.29,249.77,243.38,236.78,231.04,228.27,220.59,220.46,220.08,211.28,309.75,304.97,295.22
2014-01-19,20140119,256.29,249.73,243.38,236.8,231.23,228.33,220.59,220.46,220.08,211.27,309.75,304.95,295.23
2014-01-20,20140120,256.29,249.66,243.35,236.82,231.36,228.36,220.59,220.46,220.09,211.27,309.75,304.94,295.23
2014-01-21,20140121,256.3,249.58,243.33,236.83,231.44,228.35,220.6,220.46,220.09,211.28,309.76,304.94,295.23
2014-01-22,20140122,256.31,249.52,243.35,236.85,231.5,228.32,220.57,220.43,219.99,211.3,309.76,304.95,295.24
2014-01-23,20140123,256.32,249.47,243.31,236.87,231.58,228.31,220.52,220.39,219.89,211.29,309.74,304.93,295.24
2014-01-24,20140124,256.33,249.42,243.21,236.88,231.73,228.35,220.54,220.4,220,211.23,309.74,304.91,295.22
2014-01-25,20140125,256.34,249.38,243.18,236.9,231.9,228.39,220.57,220.42,220.05,211.22,309.75,304.93,295.22
2014-01-26,20140126,256.36,249.35,243.16,236.93,232.02,228.43,220.58,220.43,220.06,211.24,309.77,304.98,295.24
2014-01-27,20140127,256.38,249.32,243.1,236.95,232.1,228.46,220.58,220.43,220.08,211.29,309.77,305,295.26
2014-01-28,20140128,256.38,249.28,243.05,236.96,232.16,228.51,220.58,220.43,220.08,211.34,309.78,305.03,295.31
2014-01-29,20140129,256.4,249.25,243.05,236.99,232.19,228.55,220.6,220.45,220.1,211.38,309.78,305.06,295.38
2014-01-30,20140130,256.4,249.25,243.04,237.01,232.2,228.53,220.6,220.45,220.1,211.4,309.78,305.07,295.47
2014-01-31,20140131,256.41,249.27,243,237.03,232.22,228.5,220.61,220.46,220.11,211.44,309.78,305.07,295.57
2014-02-01,20140201,256.42,249.31,243.01,237.06,232.29,228.51,220.63,220.48,220.12,211.46,309.8,305.09,295.67
2014-02-02,20140202,256.43,249.33,243.06,237.09,232.34,228.53,220.63,220.48,220.13,212.16,309.79,305.09,295.76
2014-02-03,20140203,256.44,249.34,243.06,237.12,232.37,228.49,220.64,220.49,220.13,212.74,309.77,305.07,295.83
2014-02-04,20140204,256.46,249.34,243.07,237.14,232.4,228.46,220.64,220.49,220.13,212.22,309.77,305.06,295.89
2014-02-05,20140205,256.49,249.36,243.11,237.16,232.45,228.48,220.64,220.5,220.14,211.96,309.78,305.08,295.93
2014-02-06,20140206,256.53,249.4,243.18,237.2,232.53,228.54,220.65,220.51,220.15,213.24,309.82,305.15,295.98
2014-02-07,20140207,256.58,249.46,243.2,237.26,232.64,228.57,220.67,220.54,220.17,212.94,309.81,305.12,296.07
2014-02-08,20140208,256.63,249.53,243.22,237.31,232.76,228.6,220.68,220.55,220.18,213.21,309.83,305.13,296.15
2014-02-09,20140209,256.68,249.61,243.25,237.36,232.89,228.67,220.68,220.57,220.18,215.07,309.82,305.12,296.22
2014-02-10,20140210,256.73,249.68,243.26,237.4,232.96,228.68,220.69,220.59,220.18,214.32,309.82,305.12,296.28
2014-02-11,20140211,256.79,249.73,243.3,237.43,232.99,228.7,220.71,220.61,220.19,213.54,309.8,305.1,296.33
2014-02-12,20140212,256.85,249.77,243.33,237.45,233.02,228.73,220.72,220.62,220.19,213.01,309.8,305.09,296.35
2014-02-13,20140213,256.91,249.76,243.35,237.48,233.05,228.72,220.72,220.62,220.19,212.64,309.79,305.09,296.34
2014-02-14,20140214,256.97,249.74,243.37,237.51,233.1,228.72,220.73,220.64,220.2,212.38,309.8,305.09,296.34
2014-02-15,20140215,257.04,249.85,243.37,237.54,233.14,228.7,220.74,220.64,220.2,212.19,309.79,305.07,296.33
2014-02-16,20140216,257.1,249.96,243.35,237.56,233.16,228.73,220.74,220.65,220.2,212.04,309.8,305.07,296.32
2014-02-17,20140217,257.16,249.97,243.36,237.58,233.17,228.75,220.75,220.65,220.21,211.93,309.78,305.05,296.31
2014-02-18,20140218,257.21,249.95,243.38,237.58,233.13,228.7,220.76,220.66,220.21,211.83,309.77,305.04,296.28
2014-02-19,20140219,257.25,249.94,243.38,237.57,233.09,228.72,220.76,220.66,220.21,211.77,309.76,305.02,296.22
2014-02-20,20140220,257.29,250,243.41,237.56,233.22,228.95,220.77,220.67,220.22,211.76,309.76,305.01,296.16
2014-02-21,20140221,257.33,250.09,243.46,237.56,233.37,229.11,220.77,220.67,220.22,211.75,309.76,305,296.1
2014-02-22,20140222,257.36,250.18,243.51,237.56,233.36,229.02,220.78,220.68,220.23,211.75,309.76,304.99,296.04
2014-02-23,20140223,257.38,250.24,243.53,237.56,233.29,229,220.79,220.69,220.23,211.76,309.76,304.98,295.99
2014-02-24,20140224,257.4,250.24,243.57,237.56,233.21,228.94,220.81,220.7,220.24,211.76,309.75,304.97,295.94
2014-02-25,20140225,257.4,250.22,243.58,237.54,233.12,228.88,220.82,220.71,220.24,211.75,309.74,304.94,295.89
2014-02-26,20140226,257.41,250.24,243.63,237.55,233.06,228.85,220.84,220.74,220.26,212.31,309.91,305.03,295.85
2014-02-27,20140227,257.42,250.34,243.69,237.62,233.06,228.84,220.87,220.77,220.28,213.28,310.07,305.13,295.9
2014-02-28,20140228,258.91,252.31,243.82,238.04,233.17,229.07,220.92,220.9,220.33,215.36,311.98,305.66,296.51
2014-03-01,20140301,264.64,261.46,244.53,244.8,234.61,230.32,221.04,221.29,220.45,214.65,311.49,305.85,299.85
2014-03-02,20140302,265.84,263.67,245.82,246.99,235.62,231.52,221.77,222.13,220.98,215.7,310.78,305.67,300.01
2014-03-03,20140303,265.07,262.61,246.85,246.07,234.94,230.71,222,222.27,221.06,215.24,310.3,305.45,299.19
2014-03-04,20140304,263.39,260.75,247.3,244.39,234.37,230.15,221.95,222.18,220.99,214.73,310.12,305.35,298.89
2014-03-05,20140305,262.46,259.49,247.22,243.05,234.08,229.77,221.85,222.04,220.92,214.48,310.05,305.3,298.74
2014-03-06,20140306,261.89,258.58,246.91,241.95,233.94,229.49,221.76,221.91,220.87,214.8,309.98,305.26,298.67
2014-03-07,20140307,261.66,257.83,246.55,241.14,233.88,229.3,221.68,221.81,220.81,214.36,309.94,305.23,298.64
2014-03-08,20140308,261.46,257.29,246.16,240.54,233.88,229.1,221.59,221.71,220.77,213.99,309.91,305.2,298.63
2014-03-09,20140309,261.13,256.86,245.79,240.11,233.85,228.96,221.52,221.62,220.72,213.71,309.88,305.17,298.61
2014-03-10,20140310,261.11,256.49,245.44,239.76,233.81,228.9,221.46,221.54,220.68,213.49,309.86,305.14,298.6
2014-03-11,20140311,260.93,256.24,245.17,239.47,233.77,228.82,221.41,221.48,220.65,213.28,309.84,305.12,298.58
2014-03-12,20140312,260.72,255.99,244.92,239.22,233.74,228.74,221.36,221.41,220.62,213.1,309.82,305.09,298.52
2014-03-13,20140313,260.56,255.76,244.7,239,233.68,228.68,221.31,221.35,220.59,212.92,309.8,305.08,298.45
2014-03-14,20140314,260.43,255.55,244.47,238.8,233.63,228.63,221.28,221.3,220.57,212.77,309.79,305.06,298.36
2014-03-15,20140315,260.32,255.37,244.29,238.64,233.58,228.59,221.24,221.25,220.54,212.64,309.78,305.05,298.26
2014-03-16,20140316,260.23,255.23,244.2,238.5,233.54,228.57,221.2,221.2,220.52,212.52,309.77,305.03,298.16
2014-03-17,20140317,260.14,255.12,244.18,238.39,233.48,228.55,221.17,221.17,220.5,212.41,309.76,305.02,298.04
2014-03-18,20140318,260.05,254.99,244.13,238.28,233.38,228.49,221.14,221.13,220.47,212.25,309.75,304.99,297.91
2014-03-19,20140319,259.96,254.86,244.05,238.17,233.22,228.43,221.12,221.11,220.47,212.14,309.74,304.98,297.76
2014-03-20,20140320,259.88,254.74,244.02,238.07,232.99,228.37,221.08,221.07,220.42,212.09,309.74,304.97,297.63
2014-03-21,20140321,259.79,254.64,243.98,237.98,232.69,228.3,221.09,221.06,220.46,212.01,309.73,304.96,297.5
2014-03-22,20140322,259.7,254.57,243.94,237.88,232.28,228.23,221.12,221.07,220.51,211.88,309.73,304.96,297.38
2014-03-23,20140323,259.61,254.53,243.95,237.79,231.96,228.15,221.1,221.06,220.49,211.82,309.73,304.96,297.29
2014-03-24,20140324,259.53,254.49,243.99,237.71,231.67,228.03,221.06,221.02,220.45,211.81,309.73,304.95,297.21
2014-03-25,20140325,259.45,254.47,244.08,237.63,231.41,227.92,221.09,221.04,220.51,211.75,309.74,304.97,297.16
2014-03-26,20140326,259.38,254.46,244.12,237.55,231.17,227.82,221.1,221.04,220.53,212.82,309.79,305.03,297.14
2014-03-27,20140327,259.3,254.43,244.12,237.48,230.99,227.75,221.09,221.03,220.53,212.86,309.82,304.97,297.15
2014-03-28,20140328,259.29,254.41,244.17,237.4,230.83,227.68,221.07,221.01,220.52,212.33,309.78,304.94,297.1
2014-03-29,20140329,259.21,254.42,244.25,237.36,230.71,227.64,221.07,221.02,220.53,212.7,310.04,305.04,297.05
2014-03-30,20140330,259.11,254.4,244.3,237.35,230.64,227.65,221.06,221.01,220.53,212.88,310.76,305.08,297.09
2014-03-31,20140331,259.07,254.37,244.39,237.45,230.59,227.7,221.07,221.05,220.55,213.46,311.24,305.23,297.16
2014-04-01,20140401,259.08,254.42,244.43,237.69,230.58,227.93,221.05,221.09,220.52,214.26,312.18,305.38,297.28
2014-04-02,20140402,259.13,254.55,244.44,237.89,230.58,228.09,221.02,221.15,220.47,214.03,312.02,305.44,297.46
2014-04-03,20140403,259.18,254.55,244.49,237.88,230.52,227.96,221,221.18,220.42,213.3,311.22,305.4,297.72
2014-04-04,20140404,259.48,254.49,244.49,237.81,230.48,227.83,221,221.19,220.41,212.86,310.51,305.31,297.99
2014-04-05,20140405,259.84,254.48,244.42,237.72,230.5,227.77,220.98,221.15,220.35,212.63,310.24,305.24,298.18
2014-04-06,20140406,260.1,254.51,244.38,237.65,230.55,227.76,220.96,221.11,220.33,212.42,310.12,305.19,298.3
2014-04-07,20140407,260.23,254.56,244.32,237.59,230.59,227.7,220.94,221.07,220.3,212.21,310.02,305.15,298.37
2014-04-08,20140408,260.3,254.61,244.26,237.54,230.61,227.66,220.9,221.02,220.26,212.05,309.95,305.11,298.41
2014-04-09,20140409,260.32,254.69,244.21,237.5,230.66,227.63,220.87,220.97,220.24,211.93,309.91,305.08,298.39
2014-04-10,20140410,260.32,254.78,244.19,237.46,230.73,227.61,220.85,220.93,220.21,211.82,309.89,305.06,298.34
2014-04-11,20140411,260.3,254.86,244.18,237.43,230.84,227.6,220.84,220.91,220.22,211.74,309.87,305.04,298.27
2014-04-12,20140412,260.25,254.91,244.16,237.41,231.03,227.63,220.79,220.85,220.12,211.7,309.84,305.02,298.18
2014-04-13,20140413,260.2,254.93,244.15,237.39,231.18,227.69,220.75,220.8,220.08,211.66,309.83,305.01,298.08
2014-04-14,20140414,260.14,254.92,244.16,237.37,231.3,227.69,220.75,220.78,220.12,211.57,309.82,304.99,297.97
2014-04-15,20140415,260.08,254.92,244.21,237.36,231.44,227.7,220.73,220.76,220.12,211.51,309.81,304.98,297.87
2014-04-16,20140416,260.01,254.87,244.25,237.35,231.54,227.72,220.68,220.71,219.99,211.5,309.8,304.96,297.76
2014-04-17,20140417,259.94,254.81,244.23,237.35,231.69,227.75,220.63,220.65,219.9,211.47,309.79,304.94,297.64
2014-04-18,20140418,259.86,254.73,244.2,237.34,231.8,227.77,220.62,220.64,219.96,211.38,309.78,304.93,297.53
2014-04-19,20140419,259.78,254.66,244.15,237.34,231.93,227.84,220.64,220.64,220,211.34,309.78,304.92,297.4
2014-04-20,20140420,259.7,254.6,244.16,237.35,232.02,227.9,220.64,220.63,220.02,211.3,309.77,304.91,297.28
2014-04-21,20140421,259.61,254.54,244.19,237.37,232.04,227.88,220.61,220.61,219.94,211.3,309.76,304.89,297.16
2014-04-22,20140422,259.53,254.5,244.18,237.36,232.06,227.86,220.55,220.55,219.76,211.33,309.76,304.88,297.04
2014-04-23,20140423,259.45,254.47,244.2,237.36,232.16,227.87,220.55,220.54,219.81,211.28,309.76,304.87,296.93
2014-04-24,20140424,259.36,254.47,244.27,237.37,232.28,227.93,220.61,220.58,219.95,211.21,309.77,304.87,296.83
2014-04-25,20140425,259.28,254.45,244.36,237.4,232.38,227.99,220.66,220.63,220.01,211.82,309.92,304.98,296.78
2014-04-26,20140426,259.19,254.37,244.34,237.41,232.44,228.03,220.7,220.66,220.06,212.64,309.9,304.96,296.84
2014-04-27,20140427,259.09,254.23,244.31,237.41,232.48,228.08,220.72,220.68,220.09,212.03,309.83,304.92,296.87
2014-04-28,20140428,259,254.04,244.26,237.4,232.47,228.08,220.74,220.7,220.1,211.72,309.8,304.9,296.82
2014-04-29,20140429,258.92,253.88,244.24,237.39,232.36,228.07,220.75,220.71,220.1,211.57,309.78,304.88,296.76
2014-04-30,20140430,258.85,253.75,244.21,237.37,232.27,228.09,220.75,220.71,220.09,211.52,309.76,304.86,296.7
2014-05-01,20140501,258.78,253.62,244.17,237.36,232.24,228.06,220.76,220.71,220.1,211.46,309.74,304.85,296.63
2014-05-02,20140502,258.72,253.48,244.14,237.36,232.28,228.01,220.8,220.74,220.16,211.37,309.73,304.83,296.55
2014-05-03,20140503,258.66,253.36,244.11,237.36,232.44,228.03,220.82,220.76,220.16,211.34,309.73,304.84,296.49
2014-05-04,20140504,258.6,253.21,244.09,237.38,232.6,228.1,220.81,220.75,220.13,211.38,309.72,304.84,296.43
2014-05-05,20140505,258.55,253.03,244.06,237.39,232.66,228.12,220.81,220.75,220.14,211.35,309.73,304.84,296.38
2014-05-06,20140506,258.49,252.88,244.03,237.4,232.61,228.11,220.82,220.75,220.15,211.31,309.72,304.82,296.32
2014-05-07,20140507,258.42,252.76,243.97,237.4,232.6,228.13,220.83,220.75,220.15,211.33,309.71,304.81,296.24
2014-05-08,20140508,258.35,252.63,243.91,237.4,232.69,228.12,220.85,220.77,220.18,211.31,309.72,304.81,296.16
2014-05-09,20140509,258.48,252.67,244.05,237.58,232.91,228.3,221.09,220.99,220.45,211.01,309.94,304.99,296.27
2014-05-10,20140510,258.47,252.59,244.09,237.65,232.98,228.37,221.15,221.05,220.5,211.05,309.98,305.02,296.23
2014-05-11,20140511,258.3,252.36,243.98,237.56,232.86,228.29,221.02,220.93,220.35,210.99,309.86,304.89,296.03
2014-05-12,20140512,258.17,252.15,243.89,237.5,232.74,228.18,220.96,220.86,220.28,210.91,309.78,304.8,295.85
2014-05-13,20140513,258.1,251.98,243.85,237.49,232.75,228.15,220.94,220.85,220.26,210.86,309.77,304.76,295.71
2014-05-14,20140514,257.99,251.8,243.8,237.45,232.76,228.11,220.89,220.8,220.2,210.84,309.72,304.68,295.53
2014-05-15,20140515,257.94,251.68,243.8,237.47,232.74,228.12,220.93,220.82,220.25,210.84,309.72,304.63,295.4
2014-05-16,20140516,257.9,251.59,243.83,237.5,232.76,228.14,220.97,220.86,220.28,210.84,309.75,304.61,295.28
2014-05-17,20140517,257.82,251.47,243.85,237.5,232.74,228.14,220.98,220.87,220.31,210.84,309.76,304.63,295.16
2014-05-18,20140518,257.71,251.29,243.82,237.45,232.64,228.09,220.96,220.84,220.27,210.78,309.73,304.62,295.04
2014-05-19,20140519,257.6,251.1,243.79,237.41,232.56,228.03,220.91,220.8,220.21,210.77,309.7,304.62,294.97
2014-05-20,20140520,257.51,250.92,243.76,237.37,232.57,228,220.9,220.78,220.2,210.73,309.68,304.62,294.93
2014-05-21,20140521,257.27,250.59,243.59,237.2,232.42,227.84,220.72,220.61,220.01,210.59,309.5,304.42,294.75
2014-05-22,20140522,257.25,250.48,243.63,237.27,232.54,227.91,220.79,220.67,220.08,210.7,309.56,304.45,294.79
2014-05-23,20140523,257.32,250.45,243.77,237.43,232.77,228.07,220.98,220.85,220.29,210.86,309.7,304.54,294.9
2014-05-24,20140524,257.38,250.44,243.92,237.6,232.92,228.26,221.14,221.01,220.44,210.99,309.84,304.6,295
2014-05-25,20140525,257.37,250.27,243.87,237.56,232.8,228.24,221.07,220.94,220.34,210.97,309.78,304.38,294.88
2014-05-26,20140526,257.23,250.03,243.65,237.34,232.47,228.03,220.85,220.73,220.12,210.77,309.56,303.84,294.59
2014-05-27,20140527,257.11,250.01,243.63,237.28,232.28,227.95,220.84,220.71,220.1,210.73,309.53,303.39,294.46
2014-05-28,20140528,256.88,249.92,243.64,237.23,232.13,227.87,220.83,220.71,220.09,210.69,309.52,303.12,294.35
2014-05-29,20140529,256.69,249.69,243.6,237.13,231.93,227.77,220.75,220.63,220,210.64,309.46,302.87,294.18
2014-05-30,20140530,256.65,249.58,243.64,237.14,231.82,227.8,220.81,220.68,220.06,210.69,309.53,302.79,294.15
2014-05-31,20140531,256.7,249.6,243.77,237.22,231.86,227.91,220.97,220.83,220.26,210.84,309.67,303.07,294.21
2014-06-01,20140601,256.58,249.46,243.71,237.12,231.69,227.85,220.91,220.78,220.19,210.78,309.6,302.9,294.11
2014-06-02,20140602,256.45,249.33,243.6,237.02,231.48,227.78,220.83,220.7,220.11,210.75,309.55,302.66,294.01
2014-06-03,20140603,256.38,249.26,243.56,237,231.36,227.76,220.83,220.7,220.11,210.77,309.57,302.69,293.98
2014-06-04,20140604,256.09,248.98,243.29,236.75,231.07,227.51,220.6,220.46,219.88,210.52,309.34,302.35,293.73
2014-06-05,20140605,255.92,248.81,243.13,236.63,230.89,227.38,220.49,220.35,219.77,210.39,309.23,302.01,293.58
2014-06-06,20140606,255.98,248.88,243.19,236.73,230.99,227.48,220.59,220.45,219.86,210.55,309.36,301.92,293.66
2014-06-07,20140607,255.91,248.82,243.12,236.72,231.06,227.45,220.57,220.43,219.84,210.56,309.37,301.82,293.61
2014-06-08,20140608,255.82,248.72,243.02,236.68,231.12,227.39,220.5,220.37,219.78,210.52,309.32,301.77,293.52
2014-06-09,20140609,255.8,248.7,242.99,236.73,231.23,227.44,220.53,220.39,219.82,210.54,309.36,301.68,293.52
2014-06-10,20140610,255.82,248.72,242.97,236.81,231.31,227.55,220.61,220.47,219.9,210.59,309.46,301.96,293.57
2014-06-11,20140611,255.82,248.72,242.93,236.87,231.4,227.59,220.67,220.52,219.95,210.7,309.5,301.86,293.64
2014-06-12,20140612,255.87,248.77,242.95,236.99,231.61,227.7,220.79,220.64,220.07,210.85,309.62,301.8,293.72
2014-06-13,20140613,255.92,248.83,243.02,237.11,231.81,227.8,220.89,220.74,220.17,210.93,309.73,301.77,293.79
2014-06-14,20140614,255.76,248.7,242.92,237.04,231.83,227.73,220.78,220.64,220.07,210.82,309.61,301.53,293.65
2014-06-15,20140615,255.7,248.67,242.92,237.06,231.9,227.76,220.84,220.68,220.15,210.78,309.6,301.38,293.59
2014-06-16,20140616,255.74,248.73,242.99,237.17,232.05,227.85,220.95,220.79,220.24,210.86,309.7,301.32,293.63
2014-06-17,20140617,255.64,248.64,242.93,237.13,232.1,227.8,220.86,220.71,220.14,210.83,309.64,301.13,293.52
2014-06-18,20140618,255.61,248.63,242.94,237.16,232.26,227.84,220.85,220.7,220.13,210.85,309.63,301.01,293.47
2014-06-19,20140619,255.61,248.64,243,237.24,232.44,227.92,220.92,220.76,220.21,210.87,309.65,300.92,293.45
2014-06-20,20140620,255.57,248.63,243.04,237.27,232.53,227.97,220.93,220.77,220.21,210.83,309.64,300.8,293.4
2014-06-21,20140621,255.35,248.44,242.91,237.14,232.42,227.81,220.73,220.58,220,210.65,309.45,300.48,293.16
2014-06-22,20140622,255.39,248.5,243.02,237.25,232.56,227.92,220.81,220.66,220.08,210.74,309.55,300.45,293.18
2014-06-23,20140623,255.33,248.46,243.02,237.25,232.54,227.89,220.8,220.65,220.07,210.69,309.53,300.33,293.1
2014-06-24,20140624,255.24,248.39,242.97,237.21,232.57,227.83,220.75,220.6,219.99,210.6,309.47,300.2,292.99
2014-06-25,20140625,255.18,248.37,242.99,237.21,232.7,227.85,220.75,220.6,219.96,210.62,309.5,300.17,292.96
2014-06-26,20140626,255.28,248.49,243.14,237.37,232.88,228.01,220.87,220.72,220.09,210.76,309.65,300.34,293.08
2014-06-27,20140627,255.21,248.44,243.11,237.37,232.63,227.97,220.88,220.73,220.12,210.72,309.62,300.42,293.08
2014-06-28,20140628,254.99,248.25,242.93,237.21,232.22,227.74,220.72,220.57,219.95,210.52,309.44,300.4,292.96
2014-06-29,20140629,254.87,248.17,242.86,237.12,231.98,227.56,220.59,220.45,219.8,210.48,309.35,300.51,292.95
2014-06-30,20140630,254.84,248.19,242.89,237.11,231.9,227.48,220.59,220.44,219.82,210.48,309.34,300.65,293.02
2014-07-01,20140701,254.91,248.3,243,237.18,231.81,227.52,220.69,220.54,219.94,210.56,309.44,300.77,293.17
2014-07-02,20140702,254.95,248.4,243.08,237.23,231.72,227.51,220.75,220.6,220,210.64,309.52,300.78,293.26
2014-07-03,20140703,255,248.51,243.2,237.29,231.7,227.52,220.81,220.66,220.07,210.72,309.62,300.78,293.33
2014-07-04,20140704,255.01,248.59,243.28,237.33,231.73,227.53,220.83,220.67,220.1,210.79,309.68,300.76,293.35
2014-07-05,20140705,254.89,248.52,243.23,237.22,231.58,227.47,220.74,220.57,220.06,210.69,309.58,300.62,293.23
2014-07-06,20140706,254.78,248.46,243.2,237.11,231.41,227.38,220.63,220.47,219.96,210.61,309.49,300.49,293.13
2014-07-07,20140707,254.69,248.4,243.19,237,231.27,227.3,220.52,220.36,219.84,210.56,309.44,300.37,293.04
2014-07-08,20140708,254.64,248.38,243.18,236.92,231.09,227.26,220.46,220.3,219.79,210.55,309.39,300.26,292.98
2014-07-09,20140709,254.67,248.43,243.24,236.91,230.97,227.26,220.45,220.29,219.78,210.59,309.41,300.24,292.98
2014-07-10,20140710,254.82,248.64,243.45,237.04,231.06,227.4,220.6,220.44,219.95,210.74,309.56,300.35,293.12
2014-07-11,20140711,255,248.87,243.67,237.2,231.22,227.57,220.78,220.61,220.13,210.9,309.75,300.49,293.28
2014-07-12,20140712,254.98,248.9,243.71,237.19,231.17,227.6,220.75,220.57,220.09,210.92,309.74,300.44,293.25
2014-07-13,20140713,254.73,248.65,243.53,236.95,230.88,227.34,220.49,220.31,219.83,210.7,309.49,300.16,292.99
2014-07-14,20140714,254.72,248.61,243.52,236.94,230.83,227.31,220.48,220.3,219.84,210.68,309.45,300.1,292.95
2014-07-15,20140715,254.85,248.72,243.62,237.06,230.91,227.41,220.62,220.44,219.99,210.79,309.57,300.19,293.07
2014-07-16,20140716,254.8,248.68,243.55,237,230.8,227.34,220.55,220.37,219.91,210.77,309.52,300.09,292.99
2014-07-17,20140717,254.72,248.62,243.48,236.9,230.68,227.27,220.45,220.27,219.8,210.68,309.47,299.94,292.87
2014-07-18,20140718,255.05,248.65,243.5,236.86,230.66,227.23,220.44,220.25,219.82,210.7,309.42,299.85,292.8
2014-07-19,20140719,254.87,248.63,243.46,236.77,230.59,227.14,220.35,220.16,219.74,210.62,309.29,299.72,292.67
2014-07-20,20140720,254.74,248.82,243.59,236.86,230.67,227.18,220.41,220.22,219.78,210.79,309.32,299.76,292.74
2014-07-21,20140721,254.85,249.09,243.82,237.03,230.84,227.3,220.58,220.39,219.94,211.01,309.4,299.9,292.89
2014-07-22,20140722,254.9,249.26,243.94,237.09,230.85,227.34,220.67,220.47,220.05,211.07,309.38,299.93,292.94
2014-07-23,20140723,254.84,249.33,243.96,237.03,230.74,227.26,220.61,220.42,219.99,210.99,309.27,299.82,292.85
2014-07-24,20140724,254.57,249.25,243.82,236.78,230.47,227.01,220.32,220.14,219.68,210.78,308.94,299.51,292.55
2014-07-25,20140725,254.52,249.38,243.86,236.75,230.46,227,220.25,220.06,219.6,210.75,308.74,299.4,292.46
2014-07-26,20140726,254.55,249.6,243.97,236.8,230.53,227.11,220.3,220.11,219.69,210.77,308.61,299.38,292.45
2014-07-27,20140727,254.66,249.88,244.17,236.92,230.67,227.26,220.43,220.23,219.82,210.85,308.55,299.43,292.51
2014-07-28,20140728,254.78,250.07,244.35,237.04,230.8,227.39,220.53,220.34,219.9,211.02,308.5,299.5,292.6
2014-07-29,20140729,254.57,249.87,244.19,236.84,230.53,227.2,220.31,220.13,219.69,210.82,308.12,299.24,292.35
2014-07-30,20140730,254.43,249.78,244.1,236.71,230.37,227.06,220.2,220,219.6,210.67,307.81,299.04,292.16
2014-07-31,20140731,254.37,249.8,244.11,236.67,230.32,227.05,220.16,219.96,219.56,210.59,307.67,298.93,292.04
2014-08-01,20140801,254.38,249.81,244.16,236.71,230.39,227.1,220.18,219.98,219.56,210.65,307.6,298.9,292
2014-08-02,20140802,254.47,249.79,244.23,236.81,230.48,227.21,220.37,220.16,219.74,210.76,307.6,298.95,292.03
2014-08-03,20140803,254.46,249.63,244.17,236.8,230.43,227.2,220.42,220.2,219.76,210.76,307.58,298.91,291.98
2014-08-04,20140804,254.44,249.47,244.07,236.79,230.37,227.19,220.37,220.17,219.74,210.82,307.59,298.89,291.92
2014-08-05,20140805,254.47,249.39,244.01,236.82,230.36,227.24,220.42,220.21,219.83,210.85,307.71,298.91,291.92
2014-08-06,20140806,254.35,249.21,243.83,236.7,230.21,227.13,220.31,220.1,219.7,210.72,307.78,298.78,291.76
2014-08-07,20140807,254.25,249.07,243.7,236.63,230.14,227.05,220.2,220,219.56,210.69,307.89,298.67,291.64
2014-08-08,20140808,254.29,249.08,243.72,236.69,230.2,227.1,220.28,220.07,219.68,210.74,308.03,298.72,291.66
2014-08-09,20140809,254.33,249.09,243.71,236.74,230.21,227.16,220.35,220.14,219.73,210.78,308.08,298.77,291.69
2014-08-10,20140810,254.24,249.02,243.64,236.66,230.11,227.09,220.29,220.07,219.69,210.72,308.03,298.71,291.61
2014-08-11,20140811,254.24,249.05,243.66,236.66,230.06,227.1,220.33,220.11,219.74,210.71,307.99,298.73,291.62
2014-08-12,20140812,254.25,249.11,243.68,236.67,229.99,227.12,220.31,220.1,219.67,210.79,307.9,298.76,291.64
2014-08-13,20140813,254.26,249.2,243.72,236.68,229.91,227.14,220.33,220.12,219.71,210.81,307.83,298.78,291.65
2014-08-14,20140814,254.22,249.26,243.74,236.64,229.82,227.14,220.33,220.12,219.74,210.76,307.71,298.75,291.62
2014-08-15,20140815,254.23,249.36,243.79,236.68,229.83,227.15,220.37,220.15,219.77,210.83,307.68,298.78,291.64
2014-08-16,20140816,254.22,249.4,243.81,236.68,229.82,227.13,220.43,220.2,219.87,210.82,307.76,298.77,291.63
2014-08-17,20140817,254.2,249.44,243.85,236.67,229.79,227.14,220.44,220.22,219.86,210.81,307.99,298.76,291.62
2014-08-18,20140818,254.17,249.49,243.9,236.66,229.73,227.12,220.43,220.21,219.85,210.83,308.32,298.75,291.6
2014-08-19,20140819,254.11,249.5,243.88,236.62,229.62,227.08,220.41,220.19,219.84,210.75,308.65,298.72,291.57
2014-08-20,20140820,254.13,249.61,243.94,236.66,229.59,227.11,220.45,220.23,219.88,210.81,308.96,298.79,291.64
2014-08-21,20140821,254.08,249.67,243.95,236.62,229.49,227.07,220.4,220.18,219.82,210.84,309.07,298.8,291.66
2014-08-22,20140822,254.06,249.75,244,236.6,229.45,227.11,220.4,220.11,219.85,210.85,308.97,298.89,291.72
2014-08-23,20140823,254.06,249.8,244.07,236.62,229.47,227.17,220.45,220.15,219.94,210.77,308.92,298.97,291.83
2014-08-24,20140824,254.03,249.74,244.07,236.62,229.44,227.15,220.46,220.15,219.94,210.78,308.88,299.03,291.91
2014-08-25,20140825,254.01,249.61,244.01,236.62,229.39,227.11,220.46,220.15,219.94,210.82,308.88,299.07,291.98
2014-08-26,20140826,253.98,249.5,243.92,236.61,229.31,227.08,220.45,220.14,219.94,210.77,308.89,299.1,292.04
2014-08-27,20140827,253.96,249.44,243.85,236.6,229.24,227.05,220.43,220.13,219.91,210.78,308.84,299.11,292.08
2014-08-28,20140828,253.94,249.4,243.82,236.6,229.18,227.04,220.41,220.11,219.88,210.86,308.75,299.12,292.11
2014-08-29,20140829,253.93,249.37,243.8,236.61,229.15,227.03,220.4,220.1,219.86,210.89,308.63,299.11,292.12
2014-08-30,20140830,253.91,249.34,243.77,236.6,229.14,227.01,220.42,220.11,219.92,210.86,308.47,299.08,292.11
2014-08-31,20140831,253.9,249.32,243.76,236.6,229.12,227.01,220.44,220.12,219.92,210.82,308.3,299.04,292.09
2014-09-01,20140901,253.88,249.3,243.75,236.6,229.07,227.01,220.42,220.11,219.92,210.82,308.11,299,292.06
2014-09-02,20140902,253.88,249.29,243.72,236.6,229.01,227,220.45,220.14,219.95,210.77,307.88,298.97,292.01
2014-09-03,20140903,253.87,249.29,243.73,236.59,228.93,226.98,220.42,220.11,219.88,210.78,307.74,298.94,291.96
2014-09-04,20140904,253.86,249.31,243.71,236.59,228.86,226.96,220.36,220.06,219.79,210.83,307.64,298.9,291.91
2014-09-05,20140905,253.87,249.32,243.69,236.58,228.82,226.94,220.38,220.07,219.84,210.83,307.64,298.87,291.85
2014-09-06,20140906,253.86,249.31,243.68,236.57,228.81,226.92,220.41,220.09,219.87,210.81,307.83,298.85,291.8
2014-09-07,20140907,253.87,249.27,243.68,236.57,228.8,226.89,220.42,220.1,219.91,210.81,308.18,298.83,291.75
2014-09-08,20140908,253.86,249.19,243.62,236.56,228.78,226.89,220.42,220.1,219.9,210.81,308.62,298.82,291.72
2014-09-09,20140909,253.87,249.12,243.57,236.56,228.74,226.89,220.4,220.08,219.87,210.84,308.98,298.84,291.72
2014-09-10,20140910,253.86,249.11,243.56,236.56,228.7,226.87,220.4,220.08,219.89,210.82,309.17,298.89,291.75
2014-09-11,20140911,253.86,249.18,243.57,236.56,228.66,226.87,220.36,220.05,219.82,210.84,309.23,298.95,291.81
2014-09-12,20140912,253.86,249.31,243.62,236.56,228.65,226.89,220.3,220,219.67,210.87,309.27,299,291.89
2014-09-13,20140913,253.86,249.47,243.68,236.55,228.65,226.89,220.31,219.99,219.71,210.82,309.3,299.09,291.99
2014-09-14,20140914,253.85,249.63,243.77,236.55,228.63,226.91,220.34,220.05,219.79,210.77,309.32,299.2,292.1
2014-09-15,20140915,253.85,249.69,243.82,236.55,228.6,226.9,220.32,220.09,219.76,210.77,309.35,299.34,292.23
2014-09-16,20140916,253.85,249.69,243.87,236.54,228.55,226.91,220.36,220.15,219.83,210.71,309.38,299.48,292.35
2014-09-17,20140917,253.84,249.68,243.89,236.54,228.52,226.9,220.36,220.16,219.82,210.63,309.38,299.62,292.47
2014-09-18,20140918,253.84,249.67,243.87,236.54,228.53,226.89,220.35,220.14,219.79,210.61,309.39,299.75,292.58
2014-09-19,20140919,253.83,249.64,243.86,236.54,228.6,226.91,220.37,220.16,219.84,210.65,309.4,299.87,292.68
2014-09-20,20140920,253.83,249.57,243.82,236.54,228.67,226.93,220.34,220.14,219.75,210.7,309.4,299.97,292.76
2014-09-21,20140921,253.83,249.46,243.74,236.53,228.68,226.87,220.32,220.11,219.72,210.71,309.43,300.06,292.82
2014-09-22,20140922,253.83,249.32,243.66,236.53,228.65,226.83,220.36,220.13,219.82,210.66,309.45,300.14,292.89
2014-09-23,20140923,253.84,249.21,243.58,236.53,228.62,226.84,220.33,220.1,219.72,210.68,309.46,300.24,292.95
2014-09-24,20140924,253.85,249.13,243.53,236.52,228.6,226.86,220.25,220.03,219.52,210.7,309.47,300.38,293.02
2014-09-25,20140925,253.86,249.1,243.48,236.52,228.63,226.92,220.23,220,219.5,210.75,309.51,300.67,293.11
2014-09-26,20140926,253.87,249.12,243.49,236.52,228.71,226.9,220.29,220.04,219.69,210.79,309.5,301.44,293.21
2014-09-27,20140927,253.89,249.19,243.52,236.53,228.76,226.91,220.35,220.08,219.78,210.72,309.5,301.82,293.33
2014-09-28,20140928,253.91,249.22,243.53,236.53,228.78,226.93,220.4,220.12,219.84,210.69,309.51,302.13,293.46
2014-09-29,20140929,253.93,249.16,243.5,236.52,228.76,226.94,220.41,220.14,219.86,210.69,309.51,302.39,293.57
2014-09-30,20140930,253.95,249.06,243.49,236.52,228.71,226.94,220.43,220.15,219.87,210.74,309.51,302.57,293.67
2014-10-01,20141001,253.98,249,243.44,236.52,228.69,226.92,220.44,220.16,219.91,210.71,309.47,302.41,293.74
2014-10-02,20141002,254,248.99,243.4,236.52,228.74,226.95,220.44,220.16,219.89,210.72,309.45,302.06,293.78
2014-10-03,20141003,254.02,249.03,243.39,236.52,228.85,226.95,220.42,220.14,219.84,210.78,309.45,301.81,293.78
2014-10-04,20141004,254.05,249.1,243.43,236.52,228.93,226.99,220.45,220.16,219.9,210.79,309.45,301.61,293.76
2014-10-05,20141005,254.08,249.18,243.47,236.52,228.96,227.02,220.51,220.21,219.99,210.75,309.44,301.44,293.72
2014-10-06,20141006,254.11,249.24,243.5,236.52,228.95,227.02,220.52,220.22,219.99,210.74,309.44,301.28,293.68
2014-10-07,20141007,254.14,249.31,243.54,236.52,228.92,227.06,220.51,220.21,219.96,210.74,309.43,301.14,293.62
2014-10-08,20141008,254.18,249.41,243.58,236.52,228.91,227.12,220.5,220.2,219.94,210.69,309.43,301,293.57
2014-10-09,20141009,254.21,249.51,243.62,236.52,228.96,227.14,220.52,220.21,219.98,210.62,309.45,300.87,293.52
2014-10-10,20141010,254.25,249.55,243.66,236.52,229.04,227.11,220.53,220.22,219.97,210.62,309.48,300.76,293.47
2014-10-11,20141011,254.29,249.57,243.7,236.53,229.09,227.08,220.54,220.23,220,210.73,309.49,300.68,293.42
2014-10-12,20141012,254.32,249.56,243.72,236.53,229.06,227.01,220.57,220.26,220.06,210.75,309.45,300.62,293.38
2014-10-13,20141013,254.36,249.53,243.71,236.53,229,227.01,220.54,220.23,219.98,210.79,309.44,300.57,293.35
2014-10-14,20141014,254.4,249.53,243.71,236.53,228.95,227.04,220.53,220.22,219.98,210.84,309.49,300.53,293.33
2014-10-15,20141015,254.44,249.56,243.68,236.52,228.94,227.01,220.55,220.24,220.01,210.84,309.5,300.5,293.31
2014-10-16,20141016,254.47,249.63,243.72,236.52,228.99,226.98,220.55,220.24,220,210.84,309.51,300.5,293.3
2014-10-17,20141017,254.5,249.79,243.79,236.53,229.1,226.98,220.56,220.24,220.02,210.79,309.5,300.51,293.3
2014-10-18,20141018,254.53,250.02,243.9,236.54,229.18,227.01,220.6,220.28,220.09,210.71,309.5,300.53,293.3
2014-10-19,20141019,254.56,250.25,244.04,236.54,229.17,226.87,220.57,220.26,220.02,210.73,309.5,300.54,293.3
2014-10-20,20141020,254.59,250.27,244.1,236.54,229.04,226.25,220.56,220.25,220.01,210.84,309.54,300.57,293.32
2014-10-21,20141021,254.61,250.2,244.12,236.53,228.88,225.59,220.57,220.25,220.03,210.86,309.53,300.61,293.34
2014-10-22,20141022,254.62,250.17,244.13,236.53,228.8,225.08,220.55,220.23,220.02,210.83,309.52,300.67,293.35
2014-10-23,20141023,254.64,250.15,244.14,236.54,228.93,224.69,220.49,220.19,219.89,210.78,309.52,300.71,293.38
2014-10-24,20141024,254.65,250.13,244.15,236.58,229.26,224.39,220.4,220.11,219.71,210.69,309.52,300.74,293.4
2014-10-25,20141025,254.67,250.09,244.09,236.62,229.69,224.16,220.4,220.09,219.83,210.57,309.57,300.78,293.42
2014-10-26,20141026,254.69,250.06,244.08,236.67,229.99,223.99,220.4,220.1,219.88,210.57,309.56,301,293.45
2014-10-27,20141027,254.7,250.04,244.07,236.71,230.25,223.87,220.39,220.08,219.88,210.62,309.55,301.16,293.51
2014-10-28,20141028,254.71,250.05,244.05,236.76,230.79,223.77,220.37,220.06,219.88,210.67,309.55,301.2,293.56
2014-10-29,20141029,254.72,250.1,244.08,236.85,231.49,223.73,220.35,220.04,219.86,210.7,309.54,301.22,293.58
2014-10-30,20141030,254.73,250.15,244.12,236.96,232.08,223.79,220.33,220.02,219.85,210.72,309.55,301.24,293.6
2014-10-31,20141031,254.75,250.15,244.15,237.08,232.53,224.22,220.33,220.01,219.86,210.72,309.6,301.49,293.63
2014-11-01,20141101,254.76,250.11,244.08,237.16,232.66,224.85,220.33,220,219.87,210.72,309.62,303.36,293.68
2014-11-02,20141102,254.77,250.04,244.01,237.19,232.56,225.32,220.32,219.99,219.87,210.81,309.59,303.69,293.82
2014-11-03,20141103,254.79,249.87,243.93,237.18,232.41,225.42,220.31,219.98,219.86,210.85,309.58,303.27,293.95
2014-11-04,20141104,255.61,249.7,243.82,237.17,232.38,225.35,220.3,219.97,219.85,210.86,309.58,302.97,294.01
2014-11-05,20141105,255.85,249.63,243.75,237.18,232.46,225.37,220.28,219.95,219.83,210.86,309.58,302.79,294.03
2014-11-06,20141106,255.29,249.6,243.67,237.21,232.57,225.54,220.27,219.94,219.83,210.87,309.58,302.66,294.04
2014-11-07,20141107,255.08,249.56,243.63,237.24,232.48,225.69,220.26,219.93,219.82,210.89,309.59,302.61,294.04
2014-11-08,20141108,255.01,249.59,243.6,237.16,231.8,225.74,220.26,219.92,219.82,210.89,309.59,302.64,294.04
2014-11-09,20141109,254.99,249.58,243.59,237.02,231.14,225.56,220.25,219.91,219.82,210.89,309.59,302.6,294.04
2014-11-10,20141110,254.98,249.53,243.55,236.88,230.5,225.66,220.25,219.91,219.81,210.9,309.59,302.53,294.04
2014-11-11,20141111,254.98,249.45,243.48,236.79,230.16,225.71,220.24,219.9,219.82,210.9,309.6,302.47,294.03
2014-11-12,20141112,255,249.36,243.43,236.74,230.19,225.44,220.21,219.87,219.7,210.88,309.61,302.5,294.02
2014-11-13,20141113,255.02,249.26,243.38,236.75,230.48,225.26,220.16,219.83,219.54,211.09,309.65,303.35,294.04
2014-11-14,20141114,255.05,249.19,243.34,236.81,230.89,225.1,220.15,219.81,219.62,211,309.65,303.72,294.1
2014-11-15,20141115,255.07,249.14,243.3,236.88,231.26,225.05,220.18,219.84,219.72,210.9,309.64,303.51,294.16
2014-11-16,20141116,255.1,249.09,243.27,236.91,231.37,224.86,220.2,219.85,219.76,210.86,309.64,303.26,294.19
2014-11-17,20141117,255.13,249.05,243.28,236.92,231.44,224.89,220.2,219.85,219.77,210.84,309.65,302.97,294.18
2014-11-18,20141118,255.15,249.08,243.29,236.95,231.66,225.16,220.2,219.85,219.78,210.84,309.65,302.85,294.16
2014-11-19,20141119,255.18,249.17,243.32,237.01,231.97,225.33,220.21,219.86,219.79,210.84,309.65,302.85,294.14
2014-11-20,20141120,255.22,249.31,243.38,237.11,232.33,225.51,220.22,219.87,219.81,211.82,309.69,303.25,294.13
2014-11-21,20141121,255.23,249.45,243.45,237.21,232.56,225.75,220.22,219.87,219.82,213.07,309.71,304.27,294.18
2014-11-22,20141122,255.25,249.6,243.53,237.3,232.73,225.83,220.24,219.89,219.84,212.27,309.73,304.5,294.27
2014-11-23,20141123,255.28,249.78,243.6,237.36,232.86,226,220.25,219.9,219.85,211.88,309.72,304.67,294.36
2014-11-24,20141124,255.3,249.95,243.7,237.38,232.92,226.6,220.25,219.9,219.85,211.54,309.7,304.52,294.43
2014-11-25,20141125,255.32,250.14,243.81,237.42,233.01,227.07,220.25,219.91,219.85,211.31,309.71,304.29,294.47
2014-11-26,20141126,255.34,250.4,243.96,237.47,233.06,227.11,220.25,219.91,219.85,211.16,309.71,304.18,294.48
2014-11-27,20141127,255.36,250.68,244.12,237.41,232.64,227.21,220.26,219.92,219.85,211.06,309.71,304.12,294.49
2014-11-28,20141128,255.38,250.72,244.24,237.27,232.12,227.52,220.27,219.93,219.86,210.98,309.71,304.11,294.49
2014-11-29,20141129,255.4,250.49,244.25,237.13,231.89,227.7,220.27,219.93,219.86,210.93,309.74,304.6,294.49
2014-11-30,20141130,255.43,250.13,244.11,237.05,231.78,227.78,220.29,219.95,219.88,212.27,310.03,304.96,294.54
2014-12-01,20141201,255.46,249.8,243.93,237.01,231.69,227.92,220.3,219.97,219.9,212.68,309.83,305.03,294.64
2014-12-02,20141202,255.56,249.65,243.84,237.43,231.64,228.38,220.35,220.07,219.96,215.93,311.93,305.57,294.79
2014-12-03,20141203,256.07,249.84,243.88,238.2,231.82,229.03,220.44,220.39,220.07,216.69,312.92,306.01,295.08
2014-12-04,20141204,256.12,250.37,243.98,238.32,231.97,229.32,220.52,220.64,220.12,214.98,311.93,305.71,295.48
2014-12-05,20141205,256.04,250.84,243.94,238.17,232.02,229.46,220.6,220.78,220.14,214.17,311.02,305.53,295.77
2014-12-06,20141206,256.02,250.69,243.79,237.97,231.97,229.34,220.67,220.84,220.18,213.64,310.28,305.47,295.89
2014-12-07,20141207,256.07,250.26,243.66,237.8,231.99,229.38,220.73,220.9,220.21,213.25,310.06,305.43,295.93
2014-12-08,20141208,256.16,249.92,243.54,237.67,231.95,229.46,220.77,220.94,220.22,212.89,309.93,305.38,295.9
2014-12-09,20141209,256.26,249.69,243.42,237.54,231.82,229.28,220.79,220.96,220.22,212.57,309.86,305.34,295.84
2014-12-10,20141210,256.34,249.5,243.33,237.4,231.74,229.25,220.74,220.9,220.17,212.26,309.75,305.24,295.71
2014-12-11,20141211,261.04,254.7,243.92,241.77,234.68,233.62,221.36,222.32,221.03,218.78,316.35,307.93,299.47
2014-12-12,20141212,267.92,265.16,249.82,248.28,239.45,238.41,223.58,224.1,223.08,219.01,314.61,308.02,301.56
2014-12-13,20141213,267.78,265.19,251.47,247.5,237.82,236.57,223.72,223.97,222.72,217.49,313.41,306.93,301.16
2014-12-14,20141214,267.73,265.1,251.46,247,237.1,235.51,223.32,223.61,222.26,216.95,312.98,306.5,300.64
2014-12-15,20141215,268.19,265.59,251.37,247.15,237.78,236.43,223.46,223.9,222.52,218.2,313.92,307.12,301.03
2014-12-16,20141216,268.62,266.12,251.83,247.64,238.95,237.23,223.91,224.29,222.94,218.21,313.72,307.26,301.27
2014-12-17,20141217,268.86,266.31,252.38,247.76,239.45,237.44,224.18,224.51,223.13,218.06,313.72,307.17,301.31
2014-12-18,20141218,268.86,266.2,252.62,247.55,239.35,237.09,224.05,224.36,222.92,217.66,313.3,306.85,301.21
2014-12-19,20141219,268.83,266.06,252.62,247.32,239.18,236.51,223.79,224.13,222.65,217.28,312.95,306.59,301.09
2014-12-20,20141220,269.26,266.49,252.71,247.71,240.18,237.26,224.01,224.42,222.92,217.86,313.03,306.89,301.28
2014-12-21,20141221,269.18,266.24,252.86,247.6,240.02,236.74,223.94,224.26,222.77,217.37,312.51,306.52,301.13
2014-12-22,20141222,269.15,266.06,252.81,247.39,239.8,236.12,223.65,224.01,222.48,217,311.98,306.3,300.98
2014-12-23,20141223,269.1,265.93,252.69,247.23,239.71,235.59,223.38,223.76,222.23,216.71,311.57,306.13,300.57
2014-12-24,20141224,269.03,265.81,252.56,247.11,239.68,235.16,223.15,223.57,222.02,216.44,311.31,306.01,299.93
2014-12-25,20141225,268.95,265.69,252.4,246.99,239.57,234.78,222.98,223.42,221.87,216.22,311.13,305.9,299.55
2014-12-26,20141226,268.83,265.53,252.21,246.8,239.29,234.25,222.82,223.27,221.71,216.02,310.93,305.79,299.28
2014-12-27,20141227,268.71,265.35,252.02,246.58,238.9,233.51,222.68,223.14,221.58,215.8,310.8,305.7,299.09
2014-12-28,20141228,268.63,265.19,251.87,246.1,238.46,232.61,222.55,223.01,221.48,215.44,310.71,305.62,298.95
2014-12-29,20141229,268.46,264.74,251.64,244.94,238.13,231.98,222.42,222.87,221.39,215.11,310.63,305.57,298.85
2014-12-30,20141230,267.73,263.64,251.14,243.77,237.91,231.46,222.29,222.74,221.31,214.84,310.56,305.51,298.77
2014-12-31,20141231,266.39,262.57,250.59,242.91,237.9,231.04,222.18,222.62,221.24,214.6,310.51,305.48,298.69
2015-01-01,20150101,265.35,261.61,249.96,242.33,237.9,230.66,222.08,222.49,221.17,214.37,310.45,305.43,298.62
2015-01-02,20150102,264.55,260.74,249.29,241.89,237.76,230.34,221.98,222.39,221.1,214.17,310.42,305.4,298.55
2015-01-03,20150103,264.03,259.95,248.57,241.51,237.6,230.14,221.89,222.28,221.04,213.96,310.38,305.38,298.49
2015-01-04,20150104,263.68,259.3,247.84,241.21,237.45,230,221.81,222.18,220.99,213.76,310.35,305.36,298.44
2015-01-05,20150105,263.4,258.76,247.16,240.95,237.24,230.12,221.72,222.08,220.94,213.55,310.33,305.34,298.4
2015-01-06,20150106,263.15,258.26,246.5,240.8,237.11,230.6,221.65,222,220.89,213.35,310.31,305.33,298.38
2015-01-07,20150107,262.9,257.83,245.94,240.76,237.05,230.98,221.58,221.93,220.86,213.16,310.29,305.31,298.36
2015-01-08,20150108,262.66,257.47,245.53,240.8,237.07,231.21,221.53,221.87,220.83,212.98,310.28,305.3,298.35
2015-01-09,20150109,262.42,257.18,245.23,240.91,237.13,231.37,221.49,221.82,220.8,212.81,310.26,305.29,298.33
2015-01-10,20150110,262.2,257,245.04,241.02,237.14,231.46,221.47,221.78,220.79,212.65,310.24,305.28,298.32
2015-01-11,20150111,262.01,256.89,244.9,241.02,236.99,231.5,221.46,221.75,220.78,212.5,310.22,305.26,298.3
2015-01-12,20150112,261.81,256.69,244.81,240.87,236.77,231.48,221.46,221.74,220.77,212.38,310.21,305.26,298.28
2015-01-13,20150113,261.64,256.51,244.78,240.69,236.6,231.45,221.47,221.74,220.77,212.26,310.2,305.25,298.26
2015-01-14,20150114,261.5,256.36,244.76,240.66,236.6,231.39,221.48,221.74,220.77,212.16,310.2,305.24,298.24
2015-01-15,20150115,261.38,256.26,244.77,240.76,236.7,231.34,221.48,221.72,220.77,212.07,310.23,305.25,298.22
2015-01-16,20150116,261.39,256.21,244.83,240.92,236.8,231.29,221.48,221.71,220.77,211.99,310.24,305.26,298.23
2015-01-17,20150117,261.45,256.22,244.9,241.07,236.86,231.26,221.48,221.7,220.76,211.93,310.19,305.23,298.24
2015-01-18,20150118,261.35,256.19,244.94,241.02,236.73,231.23,221.48,221.7,220.76,211.87,310.18,305.22,298.22
2015-01-19,20150119,261.24,256.11,244.96,240.88,236.48,231.18,221.49,221.72,220.77,211.81,310.18,305.23,298.22
2015-01-20,20150120,261.13,255.99,244.95,240.77,236.25,231.09,221.51,221.74,220.78,211.76,310.18,305.22,298.21
2015-01-21,20150121,261.02,255.85,244.87,240.61,236.01,230.99,221.51,221.76,220.78,211.71,310.17,305.21,298.19
2015-01-22,20150122,260.93,255.72,244.76,240.53,235.88,230.89,221.52,221.77,220.78,211.66,310.16,305.2,298.16
2015-01-23,20150123,260.84,255.59,244.71,240.47,235.77,230.81,221.54,221.79,220.78,211.62,310.16,305.2,298.15
2015-01-24,20150124,260.77,255.47,244.68,240.36,235.66,230.73,221.55,221.8,220.78,211.58,310.15,305.19,298.13
2015-01-25,20150125,260.7,255.35,244.64,240.21,235.58,230.68,221.56,221.81,220.79,211.55,310.15,305.19,298.12
2015-01-26,20150126,260.62,255.18,244.56,240,235.39,230.58,221.57,221.82,220.79,211.52,310.15,305.18,298.1
2015-01-27,20150127,260.54,255,244.41,239.62,234.9,230.52,221.58,221.82,220.79,211.5,310.14,305.17,298.08
2015-01-28,20150128,260.48,254.83,244.32,239.2,234.35,230.43,221.59,221.81,220.8,211.48,310.14,305.18,298.07
2015-01-29,20150129,260.42,254.7,244.26,238.88,234.02,230.32,221.6,221.8,220.8,211.47,310.14,305.17,298.04
2015-01-30,20150130,260.37,254.59,244.22,238.67,233.79,230.24,221.61,221.79,220.8,211.46,310.14,305.17,298.02
2015-01-31,20150131,260.31,254.48,244.14,238.5,233.57,230.16,221.61,221.78,220.8,211.45,310.13,305.16,297.99
2015-02-01,20150201,260.25,254.34,244.04,238.35,233.36,230.08,221.63,221.79,220.81,211.44,310.12,305.15,297.96
2015-02-02,20150202,260.2,254.21,243.98,238.22,233.15,230,221.65,221.8,220.81,211.43,310.12,305.15,297.92
2015-02-03,20150203,260.14,254.1,243.92,238.1,232.88,229.9,221.66,221.81,220.81,211.42,310.12,305.15,297.88
2015-02-04,20150204,260.1,254.01,243.88,237.99,232.65,229.79,221.66,221.8,220.82,211.42,310.12,305.15,297.85
2015-02-05,20150205,260.04,253.94,243.87,237.91,232.44,229.69,221.65,221.78,220.82,211.41,310.12,305.14,297.82
2015-02-06,20150206,259.99,253.87,243.84,237.87,232.24,229.63,221.65,221.79,220.83,213.25,310.72,305.29,297.8
2015-02-07,20150207,259.98,253.89,243.81,237.88,232.12,229.84,221.7,222.06,220.85,215.09,311.72,305.51,297.88
2015-02-08,20150208,260.59,254.39,243.9,238.14,232.16,230.17,221.93,222.58,221,216.24,312.58,305.89,298.59
2015-02-09,20150209,265.86,261.13,245.09,244.98,235.91,234.63,222.71,223.36,221.76,216.85,313.03,306.34,300.94
2015-02-10,20150210,266.62,263.15,246.82,246.65,236.1,234.3,222.99,223.46,221.89,216.36,312.12,305.98,300.45
2015-02-11,20150211,266.78,263.47,247.81,246.59,235.52,233.33,222.84,223.3,221.71,216.05,311.47,305.79,299.66
2015-02-12,20150212,266.99,263.68,248.51,246.42,234.63,232.3,222.68,223.15,221.56,215.88,311.12,305.66,299.26
2015-02-13,20150213,267.07,263.48,249.01,245.39,233.67,231.5,222.57,223.05,221.45,215.77,310.91,305.56,299
2015-02-14,20150214,266.47,262.33,249.15,243.9,233.1,230.86,222.5,222.99,221.39,215.68,310.78,305.49,298.82
2015-02-15,20150215,265.24,261.27,248.99,242.67,232.74,230.3,222.45,222.94,221.35,215.55,310.69,305.43,298.69
2015-02-16,20150216,264.41,260.45,248.69,241.65,232.45,229.88,222.41,222.9,221.31,215.31,310.61,305.38,298.59
2015-02-17,20150217,263.94,259.83,248.27,240.9,232.22,229.53,222.38,222.86,221.28,215.04,310.56,305.35,298.51
2015-02-18,20150218,263.64,259.39,247.89,240.36,232.01,229.25,222.36,222.83,221.26,214.8,310.52,305.33,298.45
2015-02-19,20150219,263.46,259.14,247.67,240.08,231.9,229.12,222.35,222.82,221.25,214.69,310.49,305.31,298.42
2015-02-20,20150220,NA,NA,NA,NA,NA,NA,NA,NA,NA,NA,NA,NA,NA
