LAYER	HRU_ROW	HRU_COL
2	471	285
2	471	286
2	471	287
2	471	330
2	471	331
2	470	284
2	470	287
2	470	326
2	470	327
2	470	328
2	470	329
2	470	332
2	469	284
2	469	325
2	469	332
2	468	283
2	468	324
2	468	333
2	467	282
2	467	324
2	467	333
2	466	280
2	466	281
2	466	312
2	466	323
2	466	334
2	465	278
2	465	279
2	465	311
2	465	322
2	465	323
2	465	324
2	465	325
2	465	334
2	464	278
2	464	310
2	464	312
2	464	313
2	464	319
2	464	320
2	464	321
2	464	326
2	464	334
2	463	278
2	463	309
2	463	314
2	463	315
2	463	316
2	463	317
2	463	318
2	463	327
2	463	334
2	462	277
2	462	307
2	462	308
2	462	314
2	462	328
2	462	335
2	461	277
2	461	306
2	461	314
2	461	335
2	460	276
2	460	306
2	460	314
2	460	315
2	460	336
2	459	276
2	459	306
2	459	316
2	458	276
2	458	306
2	458	317
2	457	276
2	457	283
2	457	305
2	457	306
2	456	276
2	456	282
2	456	304
2	455	276
2	455	281
2	455	303
2	454	275
2	454	279
2	454	280
2	454	303
2	453	274
2	453	278
2	453	288
2	453	302
2	452	275
2	452	277
2	452	288
2	452	302
2	451	276
2	451	287
2	451	302
2	450	276
2	450	287
2	450	301
2	449	276
2	449	286
2	449	300
2	448	275
2	448	285
2	448	300
2	447	265
2	447	275
2	447	284
2	447	300
2	446	265
2	446	275
2	446	279
2	446	280
2	446	281
2	446	282
2	446	283
2	446	300
2	445	265
2	445	273
2	445	274
2	445	275
2	445	277
2	445	278
2	445	299
2	444	261
2	444	265
2	444	272
2	444	276
2	444	299
2	443	262
2	443	264
2	443	272
2	443	298
2	442	262
2	442	264
2	442	271
2	442	297
2	441	262
2	441	264
2	441	270
2	441	296
2	440	263
2	440	264
2	440	268
2	440	269
2	440	295
2	440	296
2	439	264
2	439	266
2	439	267
2	439	293
2	439	294
2	438	264
2	438	265
2	438	292
2	437	263
2	437	268
2	437	269
2	437	270
2	437	271
2	437	272
2	437	292
2	436	254
2	436	262
2	436	263
2	436	264
2	436	265
2	436	266
2	436	267
2	436	268
2	436	269
2	436	270
2	436	271
2	436	272
2	436	273
2	436	289
2	436	290
2	436	291
2	436	292
2	435	255
2	435	261
2	435	262
2	435	263
2	435	264
2	435	265
2	435	266
2	435	267
2	435	268
2	435	269
2	435	270
2	435	271
2	435	272
2	435	273
2	435	284
2	435	285
2	435	286
2	435	287
2	435	288
2	435	293
2	434	256
2	434	257
2	434	260
2	434	261
2	434	262
2	434	263
2	434	264
2	434	265
2	434	266
2	434	267
2	434	268
2	434	269
2	434	270
2	434	271
2	434	272
2	434	281
2	434	282
2	434	283
2	434	294
2	434	295
2	433	224
2	433	225
2	433	239
2	433	256
2	433	257
2	433	258
2	433	259
2	433	260
2	433	261
2	433	262
2	433	263
2	433	264
2	433	265
2	433	266
2	433	267
2	433	268
2	433	269
2	433	275
2	433	276
2	433	277
2	433	278
2	433	279
2	433	280
2	433	296
2	432	223
2	432	224
2	432	225
2	432	238
2	432	255
2	432	256
2	432	257
2	432	258
2	432	259
2	432	260
2	432	261
2	432	262
2	432	263
2	432	264
2	432	265
2	432	266
2	432	267
2	432	268
2	432	274
2	432	280
2	432	297
2	431	219
2	431	220
2	431	221
2	431	222
2	431	223
2	431	224
2	431	238
2	431	254
2	431	255
2	431	256
2	431	257
2	431	258
2	431	259
2	431	260
2	431	261
2	431	262
2	431	263
2	431	264
2	431	265
2	431	266
2	431	267
2	431	268
2	431	271
2	431	272
2	431	273
2	431	281
2	431	298
2	430	218
2	430	219
2	430	220
2	430	221
2	430	222
2	430	223
2	430	224
2	430	236
2	430	237
2	430	253
2	430	254
2	430	255
2	430	256
2	430	257
2	430	258
2	430	259
2	430	260
2	430	261
2	430	262
2	430	263
2	430	264
2	430	265
2	430	266
2	430	267
2	430	268
2	430	269
2	430	270
2	430	281
2	430	298
2	429	217
2	429	218
2	429	219
2	429	220
2	429	221
2	429	222
2	429	223
2	429	224
2	429	225
2	429	237
2	429	253
2	429	254
2	429	255
2	429	256
2	429	257
2	429	258
2	429	259
2	429	260
2	429	261
2	429	262
2	429	263
2	429	264
2	429	265
2	429	266
2	429	267
2	429	268
2	429	269
2	429	270
2	429	281
2	429	299
2	428	217
2	428	218
2	428	219
2	428	220
2	428	221
2	428	222
2	428	224
2	428	225
2	428	237
2	428	253
2	428	254
2	428	255
2	428	256
2	428	257
2	428	258
2	428	259
2	428	260
2	428	261
2	428	262
2	428	263
2	428	264
2	428	265
2	428	266
2	428	267
2	428	268
2	428	269
2	428	270
2	428	282
2	427	217
2	427	218
2	427	219
2	427	220
2	427	238
2	427	252
2	427	253
2	427	254
2	427	255
2	427	256
2	427	257
2	427	258
2	427	259
2	427	260
2	427	261
2	427	262
2	427	263
2	427	264
2	427	265
2	427	266
2	427	267
2	427	268
2	427	269
2	427	283
2	427	284
2	427	285
2	427	286
2	427	287
2	426	217
2	426	218
2	426	219
2	426	238
2	426	251
2	426	252
2	426	253
2	426	254
2	426	255
2	426	256
2	426	257
2	426	258
2	426	259
2	426	260
2	426	261
2	426	262
2	426	263
2	426	264
2	426	265
2	426	266
2	426	267
2	426	268
2	426	288
2	425	217
2	425	218
2	425	239
2	425	250
2	425	251
2	425	252
2	425	253
2	425	254
2	425	255
2	425	256
2	425	257
2	425	258
2	425	259
2	425	260
2	425	261
2	425	262
2	425	263
2	425	264
2	425	265
2	425	266
2	425	267
2	425	289
2	424	217
2	424	235
2	424	239
2	424	248
2	424	249
2	424	250
2	424	251
2	424	252
2	424	253
2	424	254
2	424	255
2	424	256
2	424	257
2	424	258
2	424	259
2	424	260
2	424	261
2	424	262
2	424	263
2	424	264
2	424	265
2	424	266
2	424	267
2	424	289
2	423	217
2	423	236
2	423	237
2	423	238
2	423	239
2	423	247
2	423	248
2	423	249
2	423	250
2	423	251
2	423	252
2	423	253
2	423	254
2	423	255
2	423	256
2	423	257
2	423	258
2	423	259
2	423	260
2	423	261
2	423	262
2	423	263
2	423	264
2	423	265
2	423	266
2	423	267
2	423	289
2	422	218
2	422	219
2	422	240
2	422	247
2	422	248
2	422	249
2	422	250
2	422	251
2	422	252
2	422	253
2	422	254
2	422	255
2	422	256
2	422	257
2	422	258
2	422	259
2	422	260
2	422	261
2	422	262
2	422	263
2	422	264
2	422	265
2	421	220
2	421	241
2	421	246
2	421	247
2	421	248
2	421	249
2	421	250
2	421	251
2	421	252
2	421	253
2	421	254
2	421	255
2	421	256
2	421	257
2	421	258
2	421	259
2	421	260
2	421	261
2	421	262
2	421	263
2	421	264
2	421	265
2	420	221
2	420	222
2	420	223
2	420	242
2	420	245
2	420	246
2	420	247
2	420	248
2	420	249
2	420	250
2	420	251
2	420	252
2	420	253
2	420	254
2	420	255
2	420	256
2	420	257
2	420	258
2	420	259
2	420	260
2	420	261
2	420	262
2	420	263
2	420	264
2	420	265
2	419	224
2	419	225
2	419	226
2	419	242
2	419	243
2	419	244
2	419	245
2	419	246
2	419	247
2	419	248
2	419	249
2	419	250
2	419	251
2	419	252
2	419	253
2	419	254
2	419	255
2	419	256
2	419	257
2	419	258
2	419	259
2	419	260
2	419	261
2	419	262
2	419	263
2	419	264
2	419	265
2	419	266
2	418	227
2	418	228
2	418	229
2	418	230
2	418	241
2	418	242
2	418	243
2	418	244
2	418	245
2	418	246
2	418	247
2	418	248
2	418	249
2	418	250
2	418	251
2	418	252
2	418	253
2	418	254
2	418	255
2	418	256
2	418	257
2	418	258
2	418	259
2	418	260
2	418	261
2	418	262
2	418	263
2	418	264
2	417	231
2	417	241
2	417	242
2	417	243
2	417	244
2	417	245
2	417	246
2	417	247
2	417	248
2	417	249
2	417	250
2	417	251
2	417	252
2	417	253
2	417	254
2	417	255
2	417	256
2	417	257
2	417	258
2	417	259
2	417	260
2	417	261
2	417	262
2	417	263
2	417	272
2	417	273
2	417	274
2	416	232
2	416	233
2	416	242
2	416	243
2	416	244
2	416	245
2	416	246
2	416	247
2	416	248
2	416	249
2	416	250
2	416	251
2	416	252
2	416	253
2	416	254
2	416	255
2	416	256
2	416	257
2	416	258
2	416	259
2	416	260
2	416	261
2	416	262
2	416	263
2	416	264
2	416	268
2	416	269
2	416	270
2	416	271
2	416	275
2	415	234
2	415	235
2	415	241
2	415	242
2	415	243
2	415	244
2	415	245
2	415	246
2	415	247
2	415	248
2	415	249
2	415	250
2	415	251
2	415	252
2	415	253
2	415	254
2	415	255
2	415	256
2	415	257
2	415	258
2	415	259
2	415	260
2	415	261
2	415	262
2	415	263
2	415	264
2	415	265
2	415	266
2	415	267
2	415	276
2	415	281
2	414	236
2	414	237
2	414	238
2	414	239
2	414	240
2	414	241
2	414	242
2	414	243
2	414	244
2	414	245
2	414	246
2	414	247
2	414	248
2	414	249
2	414	250
2	414	251
2	414	252
2	414	253
2	414	254
2	414	255
2	414	256
2	414	257
2	414	258
2	414	259
2	414	260
2	414	261
2	414	262
2	414	264
2	414	277
2	414	278
2	414	280
2	413	238
2	413	239
2	413	240
2	413	241
2	413	242
2	413	243
2	413	244
2	413	245
2	413	246
2	413	247
2	413	248
2	413	249
2	413	250
2	413	251
2	413	252
2	413	253
2	413	254
2	413	255
2	413	256
2	413	257
2	413	258
2	413	279
2	412	219
2	412	237
2	412	238
2	412	239
2	412	240
2	412	241
2	412	242
2	412	243
2	412	244
2	412	245
2	412	246
2	412	247
2	412	248
2	412	249
2	412	250
2	412	251
2	412	252
2	412	253
2	412	254
2	412	255
2	412	256
2	412	257
2	411	220
2	411	235
2	411	236
2	411	237
2	411	238
2	411	239
2	411	240
2	411	241
2	411	242
2	411	243
2	411	244
2	411	245
2	411	246
2	411	247
2	411	248
2	411	249
2	411	250
2	411	251
2	411	252
2	411	253
2	411	254
2	411	255
2	411	256
2	411	257
2	411	258
2	410	221
2	410	235
2	410	236
2	410	237
2	410	238
2	410	239
2	410	240
2	410	241
2	410	242
2	410	243
2	410	244
2	410	245
2	410	246
2	410	247
2	410	248
2	410	249
2	410	250
2	410	251
2	410	252
2	410	253
2	410	254
2	410	255
2	410	256
2	410	257
2	410	258
2	409	222
2	409	223
2	409	224
2	409	236
2	409	237
2	409	238
2	409	239
2	409	240
2	409	241
2	409	242
2	409	243
2	409	244
2	409	245
2	409	246
2	409	247
2	409	248
2	409	249
2	409	250
2	409	251
2	409	252
2	409	253
2	409	254
2	409	255
2	409	256
2	409	257
2	409	258
2	409	259
2	408	225
2	408	226
2	408	234
2	408	235
2	408	236
2	408	237
2	408	244
2	408	245
2	408	246
2	408	247
2	408	248
2	408	249
2	408	250
2	408	251
2	408	252
2	408	253
2	408	254
2	408	255
2	408	256
2	408	257
2	408	258
2	408	259
2	408	268
2	408	269
2	407	227
2	407	233
2	407	234
2	407	235
2	407	236
2	407	247
2	407	248
2	407	249
2	407	250
2	407	251
2	407	252
2	407	253
2	407	254
2	407	255
2	407	256
2	407	257
2	407	258
2	407	259
2	407	267
2	407	270
2	406	214
2	406	228
2	406	229
2	406	233
2	406	234
2	406	253
2	406	258
2	406	265
2	406	266
2	406	270
2	406	271
2	405	215
2	405	216
2	405	217
2	405	230
2	405	231
2	405	232
2	405	257
2	405	258
2	405	264
2	405	272
2	405	273
2	405	289
2	404	218
2	404	219
2	404	220
2	404	256
2	404	257
2	404	264
2	404	274
2	404	275
2	404	290
2	403	221
2	403	222
2	403	223
2	403	255
2	403	256
2	403	260
2	403	263
2	403	291
2	402	224
2	402	225
2	402	255
2	402	256
2	402	257
2	402	258
2	402	259
2	402	261
2	402	262
2	402	292
2	401	226
2	401	293
2	400	226
2	400	253
2	400	294
2	400	303
2	399	227
2	399	228
2	399	295
2	399	303
2	398	296
2	398	304
2	397	210
2	397	211
2	397	212
2	397	213
2	397	214
2	397	215
2	397	222
2	397	297
2	397	298
2	397	305
2	396	216
2	396	217
2	396	218
2	396	219
2	396	220
2	396	221
2	396	223
2	396	224
2	396	225
2	396	299
2	396	300
2	396	301
2	396	305
2	395	226
2	395	289
2	395	302
2	395	303
2	395	305
2	395	306
2	394	289
2	394	304
2	394	305
2	394	306
2	394	307
2	393	226
2	393	290
2	393	304
2	393	305
2	393	306
2	392	290
2	392	303
2	392	304
2	392	305
2	392	306
2	391	291
2	391	302
2	391	303
2	391	304
2	391	305
2	391	306
2	391	307
2	391	345
2	391	346
2	390	253
2	390	254
2	390	292
2	390	301
2	390	302
2	390	303
2	390	304
2	390	305
2	390	306
2	390	308
2	390	309
2	390	344
2	389	252
2	389	272
2	389	282
2	389	293
2	389	294
2	389	295
2	389	296
2	389	297
2	389	298
2	389	299
2	389	300
2	389	301
2	389	302
2	389	305
2	389	310
2	389	343
2	388	252
2	388	273
2	388	274
2	388	281
2	388	283
2	388	294
2	388	295
2	388	296
2	388	297
2	388	298
2	388	299
2	388	300
2	388	301
2	388	305
2	388	311
2	388	312
2	388	313
2	388	340
2	388	341
2	388	342
2	387	251
2	387	275
2	387	276
2	387	281
2	387	284
2	387	293
2	387	294
2	387	295
2	387	306
2	387	314
2	387	339
2	386	277
2	386	278
2	386	279
2	386	280
2	386	281
2	386	284
2	386	292
2	386	307
2	386	315
2	386	316
2	386	317
2	386	318
2	386	319
2	386	339
2	385	280
2	385	281
2	385	284
2	385	291
2	385	308
2	385	320
2	385	321
2	385	338
2	384	218
2	384	219
2	384	220
2	384	252
2	384	253
2	384	280
2	384	281
2	384	284
2	384	287
2	384	288
2	384	289
2	384	290
2	384	309
2	384	336
2	384	337
2	383	199
2	383	200
2	383	201
2	383	202
2	383	221
2	383	222
2	383	281
2	383	285
2	383	286
2	383	287
2	383	309
2	383	335
2	382	198
2	382	203
2	382	204
2	382	205
2	382	281
2	382	288
2	382	310
2	382	334
2	381	197
2	381	206
2	381	207
2	381	281
2	381	289
2	381	311
2	381	334
2	380	197
2	380	208
2	380	209
2	380	210
2	380	211
2	380	212
2	380	213
2	380	290
2	380	312
2	380	333
2	379	197
2	379	214
2	379	215
2	379	216
2	379	217
2	379	218
2	379	219
2	379	220
2	379	290
2	379	313
2	379	332
2	378	197
2	378	220
2	378	291
2	378	314
2	378	331
2	377	194
2	377	195
2	377	196
2	377	218
2	377	219
2	377	220
2	377	291
2	377	315
2	377	316
2	377	317
2	377	328
2	377	329
2	377	330
2	376	192
2	376	193
2	376	217
2	376	292
2	376	318
2	376	327
2	375	189
2	375	190
2	375	191
2	375	216
2	375	292
2	375	319
2	375	327
2	374	191
2	374	216
2	374	292
2	374	320
2	374	325
2	374	326
2	373	191
2	373	215
2	373	292
2	373	321
2	373	322
2	373	323
2	373	324
2	372	190
2	372	213
2	372	214
2	372	292
2	371	189
2	371	268
2	371	291
2	370	189
2	370	291
2	369	189
2	369	291
2	369	309
2	369	310
2	368	188
2	368	292
2	368	308
2	367	187
2	367	270
2	367	292
2	367	307
2	366	187
2	366	203
2	366	204
2	366	205
2	366	206
2	366	207
2	366	208
2	366	209
2	366	210
2	366	211
2	366	221
2	366	222
2	366	244
2	366	271
2	366	293
2	366	307
2	365	187
2	365	212
2	365	220
2	365	271
2	365	294
2	365	295
2	365	306
2	364	186
2	364	212
2	364	218
2	364	219
2	364	272
2	364	296
2	364	297
2	364	306
2	363	186
2	363	213
2	363	216
2	363	217
2	363	254
2	363	273
2	363	296
2	363	298
2	363	299
2	363	301
2	363	302
2	363	303
2	363	304
2	363	305
2	362	185
2	362	214
2	362	215
2	362	253
2	362	259
2	362	273
2	362	296
2	362	300
2	362	304
2	361	253
2	361	259
2	361	274
2	361	305
2	360	252
2	360	259
2	360	275
2	360	306
2	359	252
2	359	259
2	359	276
2	359	277
2	358	253
2	358	259
2	358	278
2	358	279
2	357	253
2	357	259
2	357	280
2	356	259
2	356	281
2	355	182
2	355	183
2	355	184
2	355	203
2	355	259
2	355	281
2	354	181
2	354	185
2	354	190
2	354	191
2	354	203
2	354	259
2	354	281
2	353	181
2	353	186
2	353	187
2	353	188
2	353	189
2	353	192
2	353	204
2	353	259
2	353	282
2	352	180
2	352	189
2	352	193
2	352	205
2	352	259
2	352	282
2	351	179
2	351	180
2	351	188
2	351	194
2	351	195
2	351	205
2	351	259
2	350	188
2	350	196
2	350	197
2	350	198
2	350	199
2	350	200
2	350	201
2	350	202
2	350	203
2	350	204
2	350	205
2	350	260
2	349	187
2	349	206
2	349	207
2	349	260
2	348	186
2	348	208
2	348	209
2	348	261
2	347	185
2	347	210
2	347	211
2	347	212
2	347	213
2	347	262
2	346	184
2	346	262
2	345	183
2	345	184
2	345	233
2	344	182
2	344	232
2	343	181
2	343	231
2	342	176
2	342	177
2	342	178
2	342	179
2	342	180
2	341	175
2	339	278
2	338	191
2	338	218
2	338	219
2	338	278
2	337	192
2	337	193
2	337	194
2	337	216
2	337	217
2	337	229
2	337	230
2	337	231
2	337	279
2	336	193
2	336	195
2	336	196
2	336	197
2	336	198
2	336	199
2	336	200
2	336	215
2	336	229
2	336	230
2	336	231
2	336	232
2	336	279
2	336	288
2	336	297
2	335	179
2	335	180
2	335	201
2	335	229
2	335	230
2	335	231
2	335	232
2	335	233
2	335	280
2	335	287
2	335	297
2	334	178
2	334	181
2	334	201
2	334	230
2	334	231
2	334	232
2	334	233
2	334	280
2	334	287
2	334	296
2	333	182
2	333	183
2	333	184
2	333	202
2	333	218
2	333	219
2	333	231
2	333	232
2	333	233
2	333	234
2	333	281
2	333	286
2	333	296
2	332	185
2	332	186
2	332	187
2	332	189
2	332	190
2	332	191
2	332	192
2	332	193
2	332	202
2	332	217
2	332	231
2	332	232
2	332	233
2	332	234
2	332	260
2	332	281
2	332	286
2	332	296
2	331	188
2	331	194
2	331	195
2	331	203
2	331	217
2	331	232
2	331	233
2	331	234
2	331	235
2	331	260
2	331	281
2	331	285
2	331	297
2	330	196
2	330	203
2	330	216
2	330	217
2	330	232
2	330	233
2	330	234
2	330	235
2	330	236
2	330	243
2	330	261
2	330	282
2	330	286
2	330	297
2	330	298
2	330	299
2	330	300
2	329	197
2	329	202
2	329	203
2	329	204
2	329	205
2	329	206
2	329	207
2	329	208
2	329	209
2	329	210
2	329	211
2	329	215
2	329	216
2	329	217
2	329	233
2	329	234
2	329	235
2	329	236
2	329	237
2	329	240
2	329	241
2	329	242
2	329	260
2	329	282
2	329	286
2	329	292
2	329	293
2	329	294
2	329	295
2	329	296
2	329	298
2	329	299
2	329	300
2	328	198
2	328	199
2	328	200
2	328	201
2	328	212
2	328	213
2	328	214
2	328	215
2	328	216
2	328	217
2	328	234
2	328	235
2	328	236
2	328	237
2	328	239
2	328	259
2	328	283
2	328	286
2	328	291
2	328	292
2	328	293
2	328	294
2	328	295
2	328	296
2	328	297
2	328	298
2	327	216
2	327	217
2	327	235
2	327	236
2	327	237
2	327	239
2	327	242
2	327	260
2	327	283
2	327	286
2	327	291
2	327	292
2	327	293
2	327	294
2	327	295
2	327	296
2	327	297
2	326	215
2	326	216
2	326	217
2	326	235
2	326	236
2	326	237
2	326	238
2	326	239
2	326	240
2	326	241
2	326	260
2	326	283
2	326	286
2	326	291
2	326	292
2	326	293
2	325	215
2	325	216
2	325	235
2	325	236
2	325	237
2	325	238
2	325	239
2	325	260
2	325	282
2	325	286
2	325	289
2	325	290
2	325	291
2	325	292
2	325	293
2	325	299
2	325	300
2	325	301
2	325	302
2	324	167
2	324	168
2	324	169
2	324	215
2	324	216
2	324	236
2	324	237
2	324	238
2	324	239
2	324	260
2	324	281
2	324	282
2	324	283
2	324	284
2	324	286
2	324	288
2	324	289
2	324	290
2	324	291
2	324	292
2	324	293
2	324	294
2	324	295
2	324	296
2	324	298
2	324	303
2	323	170
2	323	215
2	323	216
2	323	236
2	323	237
2	323	238
2	323	239
2	323	260
2	323	280
2	323	281
2	323	282
2	323	283
2	323	284
2	323	285
2	323	286
2	323	287
2	323	288
2	323	289
2	323	290
2	323	291
2	323	292
2	323	293
2	323	297
2	323	304
2	322	170
2	322	215
2	322	236
2	322	237
2	322	238
2	322	239
2	322	260
2	322	279
2	322	280
2	322	281
2	322	282
2	322	283
2	322	284
2	322	285
2	322	286
2	322	287
2	322	288
2	322	289
2	322	290
2	322	304
2	321	170
2	321	215
2	321	234
2	321	235
2	321	236
2	321	237
2	321	238
2	321	261
2	321	272
2	321	273
2	321	274
2	321	275
2	321	277
2	321	278
2	321	279
2	321	280
2	321	281
2	321	282
2	321	283
2	321	284
2	321	285
2	321	286
2	321	287
2	321	288
2	321	289
2	321	304
2	320	171
2	320	198
2	320	215
2	320	233
2	320	234
2	320	235
2	320	236
2	320	237
2	320	238
2	320	262
2	320	270
2	320	271
2	320	272
2	320	273
2	320	274
2	320	275
2	320	276
2	320	277
2	320	278
2	320	279
2	320	280
2	320	281
2	320	282
2	320	285
2	320	303
2	319	171
2	319	175
2	319	199
2	319	200
2	319	201
2	319	215
2	319	232
2	319	233
2	319	234
2	319	235
2	319	236
2	319	237
2	319	261
2	319	268
2	319	269
2	319	270
2	319	271
2	319	272
2	319	273
2	319	274
2	319	275
2	319	276
2	319	277
2	319	278
2	319	279
2	319	280
2	319	283
2	319	285
2	319	303
2	318	171
2	318	176
2	318	202
2	318	203
2	318	204
2	318	214
2	318	225
2	318	226
2	318	227
2	318	228
2	318	229
2	318	230
2	318	231
2	318	232
2	318	233
2	318	234
2	318	235
2	318	261
2	318	267
2	318	268
2	318	269
2	318	270
2	318	271
2	318	272
2	318	273
2	318	274
2	318	275
2	318	276
2	318	277
2	318	278
2	318	281
2	318	283
2	318	286
2	318	302
2	317	172
2	317	173
2	317	177
2	317	205
2	317	214
2	317	225
2	317	226
2	317	227
2	317	228
2	317	229
2	317	230
2	317	231
2	317	232
2	317	233
2	317	234
2	317	235
2	317	261
2	317	264
2	317	265
2	317	266
2	317	267
2	317	268
2	317	269
2	317	270
2	317	271
2	317	281
2	317	284
2	317	286
2	317	302
2	317	303
2	316	174
2	316	175
2	316	178
2	316	183
2	316	184
2	316	185
2	316	186
2	316	206
2	316	207
2	316	208
2	316	209
2	316	214
2	316	222
2	316	223
2	316	224
2	316	225
2	316	226
2	316	227
2	316	228
2	316	229
2	316	230
2	316	231
2	316	232
2	316	233
2	316	234
2	316	235
2	316	236
2	316	237
2	316	260
2	316	262
2	316	263
2	316	264
2	316	265
2	316	266
2	316	267
2	316	268
2	316	269
2	316	281
2	316	284
2	316	287
2	316	302
2	316	303
2	315	176
2	315	177
2	315	178
2	315	179
2	315	180
2	315	181
2	315	182
2	315	187
2	315	210
2	315	211
2	315	212
2	315	213
2	315	220
2	315	221
2	315	222
2	315	223
2	315	224
2	315	225
2	315	226
2	315	227
2	315	228
2	315	229
2	315	230
2	315	231
2	315	232
2	315	233
2	315	234
2	315	235
2	315	236
2	315	237
2	315	238
2	315	239
2	315	240
2	315	241
2	315	242
2	315	243
2	315	257
2	315	258
2	315	259
2	315	260
2	315	261
2	315	262
2	315	263
2	315	264
2	315	265
2	315	266
2	315	267
2	315	268
2	315	281
2	315	284
2	315	302
2	315	303
2	314	188
2	314	219
2	314	220
2	314	221
2	314	222
2	314	223
2	314	224
2	314	225
2	314	226
2	314	227
2	314	234
2	314	235
2	314	236
2	314	237
2	314	238
2	314	239
2	314	240
2	314	241
2	314	242
2	314	243
2	314	244
2	314	256
2	314	257
2	314	258
2	314	259
2	314	260
2	314	261
2	314	262
2	314	263
2	314	264
2	314	265
2	314	281
2	314	284
2	314	301
2	314	303
2	313	189
2	313	190
2	313	219
2	313	220
2	313	221
2	313	222
2	313	223
2	313	236
2	313	237
2	313	238
2	313	239
2	313	240
2	313	241
2	313	242
2	313	243
2	313	244
2	313	245
2	313	246
2	313	247
2	313	248
2	313	249
2	313	250
2	313	251
2	313	252
2	313	256
2	313	257
2	313	258
2	313	259
2	313	260
2	313	261
2	313	262
2	313	263
2	313	281
2	313	285
2	313	301
2	313	302
2	313	303
2	312	191
2	312	192
2	312	218
2	312	219
2	312	220
2	312	221
2	312	222
2	312	223
2	312	224
2	312	225
2	312	241
2	312	242
2	312	243
2	312	244
2	312	245
2	312	246
2	312	247
2	312	248
2	312	249
2	312	250
2	312	251
2	312	252
2	312	253
2	312	254
2	312	255
2	312	256
2	312	257
2	312	258
2	312	263
2	312	281
2	312	285
2	312	302
2	312	304
2	311	193
2	311	218
2	311	219
2	311	220
2	311	221
2	311	222
2	311	223
2	311	224
2	311	225
2	311	241
2	311	243
2	311	244
2	311	245
2	311	246
2	311	247
2	311	248
2	311	249
2	311	250
2	311	251
2	311	252
2	311	253
2	311	254
2	311	255
2	311	256
2	311	257
2	311	258
2	311	263
2	311	281
2	311	285
2	311	302
2	311	305
2	311	306
2	311	307
2	311	308
2	310	194
2	310	218
2	310	219
2	310	220
2	310	221
2	310	222
2	310	223
2	310	224
2	310	225
2	310	240
2	310	244
2	310	245
2	310	246
2	310	247
2	310	248
2	310	249
2	310	251
2	310	252
2	310	253
2	310	254
2	310	255
2	310	256
2	310	257
2	310	258
2	310	263
2	310	280
2	310	285
2	310	302
2	310	309
2	309	195
2	309	218
2	309	219
2	309	220
2	309	221
2	309	222
2	309	223
2	309	224
2	309	239
2	309	251
2	309	252
2	309	257
2	309	258
2	309	263
2	309	280
2	309	286
2	309	303
2	308	196
2	308	218
2	308	219
2	308	220
2	308	221
2	308	222
2	308	223
2	308	224
2	308	239
2	308	251
2	308	257
2	308	258
2	308	263
2	308	280
2	308	286
2	308	303
2	308	314
2	307	197
2	307	219
2	307	220
2	307	221
2	307	222
2	307	223
2	307	224
2	307	225
2	307	226
2	307	239
2	307	251
2	307	257
2	307	258
2	307	263
2	307	279
2	307	286
2	307	303
2	307	315
2	306	179
2	306	180
2	306	196
2	306	197
2	306	214
2	306	219
2	306	220
2	306	221
2	306	222
2	306	223
2	306	224
2	306	225
2	306	239
2	306	250
2	306	258
2	306	263
2	306	279
2	306	286
2	306	302
2	306	304
2	306	316
2	305	181
2	305	194
2	305	195
2	305	198
2	305	199
2	305	212
2	305	213
2	305	214
2	305	215
2	305	216
2	305	218
2	305	219
2	305	220
2	305	221
2	305	222
2	305	223
2	305	224
2	305	225
2	305	240
2	305	251
2	305	259
2	305	263
2	305	279
2	305	286
2	305	304
2	305	316
2	304	182
2	304	183
2	304	192
2	304	193
2	304	200
2	304	201
2	304	211
2	304	212
2	304	213
2	304	217
2	304	219
2	304	220
2	304	221
2	304	222
2	304	223
2	304	224
2	304	225
2	304	241
2	304	251
2	304	260
2	304	264
2	304	279
2	304	287
2	304	304
2	304	317
2	303	184
2	303	185
2	303	186
2	303	187
2	303	188
2	303	189
2	303	190
2	303	191
2	303	202
2	303	203
2	303	209
2	303	210
2	303	211
2	303	212
2	303	213
2	303	216
2	303	217
2	303	218
2	303	220
2	303	221
2	303	222
2	303	223
2	303	224
2	303	225
2	303	250
2	303	260
2	303	265
2	303	266
2	303	279
2	303	287
2	303	303
2	303	305
2	302	204
2	302	205
2	302	206
2	302	207
2	302	208
2	302	209
2	302	210
2	302	211
2	302	212
2	302	213
2	302	216
2	302	217
2	302	218
2	302	220
2	302	221
2	302	222
2	302	223
2	302	224
2	302	225
2	302	251
2	302	260
2	302	267
2	302	278
2	302	288
2	301	211
2	301	212
2	301	213
2	301	216
2	301	217
2	301	218
2	301	220
2	301	221
2	301	222
2	301	223
2	301	224
2	301	225
2	301	251
2	301	260
2	301	278
2	301	289
2	300	212
2	300	216
2	300	217
2	300	218
2	300	220
2	300	221
2	300	222
2	300	223
2	300	224
2	300	225
2	300	251
2	300	260
2	300	279
2	299	169
2	299	216
2	299	217
2	299	218
2	299	219
2	299	220
2	299	221
2	299	222
2	299	223
2	299	224
2	299	225
2	299	226
2	299	261
2	299	280
2	298	170
2	298	218
2	298	219
2	298	220
2	298	221
2	298	222
2	298	223
2	298	224
2	298	225
2	298	226
2	298	227
2	298	260
2	298	262
2	297	171
2	297	216
2	297	217
2	297	218
2	297	219
2	297	220
2	297	221
2	297	222
2	297	223
2	297	224
2	297	225
2	297	227
2	297	260
2	297	262
2	296	171
2	296	208
2	296	209
2	296	210
2	296	211
2	296	216
2	296	217
2	296	218
2	296	219
2	296	220
2	296	221
2	296	222
2	296	223
2	296	224
2	296	227
2	296	262
2	295	172
2	295	178
2	295	179
2	295	180
2	295	181
2	295	205
2	295	206
2	295	207
2	295	208
2	295	209
2	295	210
2	295	211
2	295	212
2	295	213
2	295	214
2	295	215
2	295	216
2	295	217
2	295	218
2	295	219
2	295	220
2	295	221
2	295	222
2	295	223
2	295	224
2	295	227
2	295	263
2	294	162
2	294	173
2	294	182
2	294	203
2	294	204
2	294	205
2	294	206
2	294	207
2	294	208
2	294	209
2	294	210
2	294	211
2	294	212
2	294	213
2	294	214
2	294	215
2	294	216
2	294	217
2	294	218
2	294	219
2	294	220
2	294	222
2	294	223
2	294	224
2	294	227
2	294	262
2	293	162
2	293	173
2	293	183
2	293	184
2	293	201
2	293	202
2	293	203
2	293	204
2	293	205
2	293	206
2	293	207
2	293	208
2	293	209
2	293	210
2	293	211
2	293	212
2	293	213
2	293	214
2	293	215
2	293	216
2	293	217
2	293	218
2	293	219
2	293	220
2	293	223
2	293	224
2	293	227
2	293	263
2	292	163
2	292	173
2	292	185
2	292	186
2	292	187
2	292	188
2	292	189
2	292	190
2	292	200
2	292	201
2	292	202
2	292	203
2	292	204
2	292	205
2	292	206
2	292	214
2	292	215
2	292	216
2	292	217
2	292	218
2	292	219
2	292	220
2	292	223
2	292	227
2	292	263
2	291	164
2	291	165
2	291	173
2	291	191
2	291	199
2	291	200
2	291	201
2	291	202
2	291	203
2	291	204
2	291	223
2	291	227
2	291	263
2	290	166
2	290	174
2	290	191
2	290	199
2	290	200
2	290	201
2	290	202
2	290	224
2	290	228
2	290	264
2	289	166
2	289	174
2	289	191
2	289	198
2	289	199
2	289	200
2	289	201
2	289	224
2	289	229
2	289	264
2	288	166
2	288	174
2	288	192
2	288	197
2	288	198
2	288	199
2	288	200
2	288	201
2	288	225
2	288	229
2	288	264
2	288	293
2	287	166
2	287	175
2	287	176
2	287	193
2	287	197
2	287	198
2	287	199
2	287	200
2	287	225
2	287	230
2	287	231
2	287	232
2	287	233
2	287	264
2	287	292
2	286	166
2	286	177
2	286	185
2	286	186
2	286	187
2	286	188
2	286	189
2	286	190
2	286	191
2	286	192
2	286	193
2	286	196
2	286	197
2	286	198
2	286	199
2	286	200
2	286	226
2	286	230
2	286	231
2	286	234
2	286	265
2	286	290
2	286	291
2	285	167
2	285	178
2	285	179
2	285	180
2	285	181
2	285	182
2	285	183
2	285	184
2	285	193
2	285	195
2	285	196
2	285	197
2	285	198
2	285	199
2	285	227
2	285	232
2	285	235
2	285	236
2	285	237
2	285	238
2	285	239
2	285	266
2	285	288
2	285	289
2	284	168
2	284	194
2	284	195
2	284	196
2	284	197
2	284	198
2	284	226
2	284	232
2	284	236
2	284	240
2	284	241
2	284	266
2	284	280
2	284	287
2	283	166
2	283	167
2	283	194
2	283	195
2	283	196
2	283	197
2	283	227
2	283	233
2	283	235
2	283	242
2	283	243
2	283	244
2	283	266
2	283	280
2	283	281
2	283	282
2	283	285
2	283	286
2	282	165
2	282	194
2	282	195
2	282	196
2	282	197
2	282	228
2	282	233
2	282	235
2	282	267
2	282	279
2	282	283
2	282	284
2	281	166
2	281	194
2	281	195
2	281	196
2	281	197
2	281	229
2	281	234
2	281	236
2	281	268
2	281	269
2	281	270
2	281	278
2	280	167
2	280	168
2	280	169
2	280	174
2	280	175
2	280	193
2	280	194
2	280	195
2	280	196
2	280	229
2	280	235
2	280	237
2	280	267
2	280	271
2	280	272
2	280	273
2	280	276
2	280	277
2	280	279
2	279	170
2	279	171
2	279	172
2	279	173
2	279	176
2	279	193
2	279	194
2	279	195
2	279	196
2	279	229
2	279	236
2	279	238
2	279	267
2	279	274
2	279	275
2	279	277
2	279	280
2	278	176
2	278	193
2	278	194
2	278	195
2	278	196
2	278	237
2	278	239
2	278	268
2	278	278
2	277	176
2	277	193
2	277	194
2	277	195
2	277	196
2	277	238
2	277	268
2	277	278
2	276	176
2	276	192
2	276	193
2	276	194
2	276	195
2	276	196
2	276	238
2	276	268
2	276	278
2	275	175
2	275	192
2	275	193
2	275	194
2	275	195
2	275	196
2	275	239
2	275	240
2	275	268
2	275	278
2	274	175
2	274	191
2	274	192
2	274	193
2	274	194
2	274	195
2	274	196
2	274	197
2	274	241
2	274	242
2	274	268
2	274	278
2	273	175
2	273	190
2	273	191
2	273	192
2	273	193
2	273	194
2	273	195
2	273	196
2	273	198
2	273	206
2	273	243
2	273	244
2	273	245
2	273	246
2	273	247
2	273	269
2	273	278
2	272	174
2	272	176
2	272	177
2	272	189
2	272	190
2	272	191
2	272	192
2	272	193
2	272	194
2	272	195
2	272	196
2	272	199
2	272	200
2	272	201
2	272	202
2	272	203
2	272	204
2	272	205
2	272	248
2	272	251
2	272	270
2	271	178
2	271	179
2	271	180
2	271	189
2	271	190
2	271	191
2	271	192
2	271	193
2	271	194
2	271	195
2	271	196
2	271	249
2	271	250
2	271	252
2	271	258
2	271	259
2	271	270
2	270	181
2	270	187
2	270	188
2	270	189
2	270	190
2	270	191
2	270	192
2	270	193
2	270	194
2	270	195
2	270	253
2	270	254
2	270	255
2	270	256
2	270	257
2	270	260
2	270	261
2	269	182
2	269	187
2	269	188
2	269	189
2	269	190
2	269	191
2	269	192
2	269	193
2	269	194
2	269	262
2	268	161
2	268	183
2	268	184
2	268	186
2	268	187
2	268	188
2	268	189
2	268	190
2	268	191
2	268	262
2	267	162
2	267	185
2	267	186
2	267	187
2	267	188
2	267	189
2	267	190
2	267	191
2	267	262
2	266	163
2	266	184
2	266	185
2	266	186
2	266	187
2	266	188
2	266	189
2	266	190
2	266	191
2	266	219
2	266	220
2	266	226
2	266	263
2	265	164
2	265	165
2	265	183
2	265	184
2	265	185
2	265	186
2	265	187
2	265	188
2	265	189
2	265	190
2	265	191
2	265	217
2	265	218
2	265	221
2	265	222
2	265	223
2	265	224
2	265	225
2	265	227
2	265	228
2	265	263
2	264	156
2	264	166
2	264	167
2	264	168
2	264	169
2	264	170
2	264	182
2	264	183
2	264	184
2	264	185
2	264	186
2	264	187
2	264	188
2	264	189
2	264	190
2	264	191
2	264	216
2	264	225
2	264	229
2	264	230
2	264	231
2	264	232
2	264	233
2	264	234
2	264	246
2	264	264
2	263	155
2	263	171
2	263	172
2	263	173
2	263	182
2	263	183
2	263	184
2	263	185
2	263	186
2	263	187
2	263	188
2	263	189
2	263	190
2	263	191
2	263	213
2	263	214
2	263	215
2	263	225
2	263	235
2	263	245
2	263	264
2	262	155
2	262	174
2	262	175
2	262	176
2	262	177
2	262	181
2	262	182
2	262	183
2	262	184
2	262	185
2	262	186
2	262	187
2	262	188
2	262	189
2	262	190
2	262	191
2	262	211
2	262	212
2	262	225
2	262	235
2	262	236
2	262	237
2	262	238
2	262	239
2	262	240
2	262	241
2	262	242
2	262	243
2	262	244
2	262	265
2	261	156
2	261	178
2	261	179
2	261	180
2	261	181
2	261	182
2	261	183
2	261	184
2	261	185
2	261	186
2	261	187
2	261	188
2	261	189
2	261	190
2	261	191
2	261	210
2	261	226
2	261	245
2	260	156
2	260	179
2	260	180
2	260	181
2	260	182
2	260	183
2	260	184
2	260	185
2	260	186
2	260	187
2	260	188
2	260	189
2	260	190
2	260	191
2	260	208
2	260	209
2	260	227
2	260	246
2	260	247
2	259	157
2	259	180
2	259	181
2	259	182
2	259	183
2	259	184
2	259	185
2	259	186
2	259	187
2	259	188
2	259	189
2	259	190
2	259	191
2	259	207
2	259	248
2	258	158
2	258	179
2	258	180
2	258	181
2	258	182
2	258	183
2	258	184
2	258	185
2	258	186
2	258	187
2	258	188
2	258	189
2	258	190
2	258	191
2	258	192
2	258	193
2	258	206
2	258	249
2	258	250
2	258	251
2	257	158
2	257	179
2	257	180
2	257	181
2	257	182
2	257	183
2	257	184
2	257	185
2	257	186
2	257	187
2	257	188
2	257	189
2	257	190
2	257	191
2	257	192
2	257	193
2	257	194
2	257	195
2	257	202
2	257	203
2	257	204
2	257	205
2	256	158
2	256	179
2	256	180
2	256	181
2	256	182
2	256	183
2	256	184
2	256	185
2	256	186
2	256	187
2	256	188
2	256	189
2	256	190
2	256	194
2	256	195
2	256	196
2	256	197
2	256	198
2	256	199
2	256	200
2	256	201
2	256	204
2	255	157
2	255	178
2	255	179
2	255	180
2	255	181
2	255	182
2	255	183
2	255	184
2	255	185
2	255	186
2	255	187
2	255	188
2	255	189
2	255	195
2	255	196
2	255	205
2	254	157
2	254	178
2	254	179
2	254	180
2	254	181
2	254	182
2	254	183
2	254	184
2	254	185
2	254	186
2	254	187
2	254	188
2	254	196
2	254	206
2	254	207
2	253	154
2	253	155
2	253	156
2	253	178
2	253	179
2	253	180
2	253	181
2	253	182
2	253	183
2	253	184
2	253	185
2	253	186
2	253	187
2	253	196
2	253	208
2	252	152
2	252	153
2	252	154
2	252	155
2	252	178
2	252	179
2	252	180
2	252	181
2	252	182
2	252	183
2	252	184
2	252	185
2	252	186
2	252	187
2	252	196
2	252	208
2	252	209
2	251	151
2	251	152
2	251	153
2	251	154
2	251	178
2	251	179
2	251	180
2	251	181
2	251	182
2	251	183
2	251	184
2	251	185
2	251	186
2	251	196
2	251	210
2	251	211
2	251	213
2	251	214
2	251	215
2	251	216
2	251	217
2	251	218
2	251	219
2	251	238
2	250	147
2	250	150
2	250	151
2	250	152
2	250	153
2	250	154
2	250	170
2	250	171
2	250	175
2	250	176
2	250	177
2	250	178
2	250	179
2	250	180
2	250	181
2	250	182
2	250	183
2	250	184
2	250	185
2	250	186
2	250	197
2	250	212
2	250	220
2	250	221
2	250	237
2	249	148
2	249	150
2	249	151
2	249	152
2	249	153
2	249	172
2	249	175
2	249	176
2	249	177
2	249	178
2	249	179
2	249	180
2	249	181
2	249	182
2	249	183
2	249	184
2	249	185
2	249	197
2	249	222
2	249	236
2	249	237
2	249	238
2	248	149
2	248	150
2	248	151
2	248	152
2	248	173
2	248	174
2	248	175
2	248	176
2	248	177
2	248	178
2	248	179
2	248	180
2	248	181
2	248	182
2	248	183
2	248	184
2	248	185
2	248	197
2	248	235
2	248	236
2	248	239
2	248	240
2	247	149
2	247	150
2	247	151
2	247	152
2	247	175
2	247	176
2	247	177
2	247	178
2	247	179
2	247	180
2	247	181
2	247	182
2	247	183
2	247	184
2	247	234
2	247	235
2	247	236
2	247	241
2	246	148
2	246	149
2	246	150
2	246	151
2	246	174
2	246	175
2	246	176
2	246	177
2	246	178
2	246	179
2	246	180
2	246	181
2	246	182
2	246	183
2	246	233
2	246	234
2	246	235
2	246	242
2	245	148
2	245	149
2	245	150
2	245	151
2	245	174
2	245	175
2	245	176
2	245	177
2	245	178
2	245	179
2	245	180
2	245	181
2	245	182
2	245	183
2	245	231
2	245	232
2	245	233
2	245	234
2	245	243
2	244	147
2	244	148
2	244	149
2	244	150
2	244	174
2	244	175
2	244	176
2	244	177
2	244	178
2	244	179
2	244	180
2	244	181
2	244	182
2	244	183
2	244	230
2	244	231
2	244	232
2	244	233
2	244	244
2	243	147
2	243	148
2	243	149
2	243	173
2	243	174
2	243	175
2	243	176
2	243	177
2	243	178
2	243	179
2	243	180
2	243	181
2	243	182
2	243	183
2	243	184
2	243	229
2	243	230
2	243	231
2	243	232
2	242	147
2	242	148
2	242	149
2	242	173
2	242	174
2	242	175
2	242	176
2	242	177
2	242	178
2	242	179
2	242	180
2	242	181
2	242	182
2	242	183
2	242	184
2	242	229
2	242	230
2	242	231
2	241	146
2	241	147
2	241	148
2	241	173
2	241	174
2	241	175
2	241	176
2	241	177
2	241	178
2	241	179
2	241	180
2	241	181
2	241	182
2	241	183
2	241	184
2	241	227
2	241	228
2	241	229
2	241	230
2	240	146
2	240	147
2	240	148
2	240	167
2	240	173
2	240	174
2	240	175
2	240	176
2	240	177
2	240	178
2	240	179
2	240	180
2	240	181
2	240	182
2	240	183
2	240	184
2	240	227
2	240	228
2	240	229
2	240	230
2	239	140
2	239	146
2	239	147
2	239	148
2	239	168
2	239	169
2	239	170
2	239	172
2	239	173
2	239	174
2	239	175
2	239	176
2	239	177
2	239	178
2	239	179
2	239	180
2	239	181
2	239	182
2	239	183
2	239	184
2	239	227
2	239	228
2	239	229
2	238	141
2	238	146
2	238	147
2	238	148
2	238	171
2	238	172
2	238	173
2	238	174
2	238	175
2	238	176
2	238	177
2	238	178
2	238	179
2	238	180
2	238	181
2	238	182
2	238	183
2	238	184
2	238	226
2	238	227
2	238	228
2	237	141
2	237	146
2	237	147
2	237	171
2	237	172
2	237	173
2	237	174
2	237	175
2	237	176
2	237	177
2	237	178
2	237	179
2	237	180
2	237	181
2	237	182
2	237	183
2	237	225
2	237	226
2	237	227
2	236	134
2	236	141
2	236	145
2	236	146
2	236	147
2	236	171
2	236	172
2	236	173
2	236	174
2	236	175
2	236	176
2	236	177
2	236	178
2	236	179
2	236	180
2	236	181
2	236	182
2	236	183
2	236	222
2	236	223
2	236	224
2	236	225
2	236	226
2	236	227
2	235	132
2	235	133
2	235	135
2	235	136
2	235	137
2	235	138
2	235	141
2	235	144
2	235	145
2	235	146
2	235	147
2	235	148
2	235	171
2	235	172
2	235	173
2	235	174
2	235	175
2	235	176
2	235	177
2	235	178
2	235	179
2	235	180
2	235	181
2	235	182
2	235	183
2	235	184
2	235	198
2	235	222
2	235	223
2	235	224
2	235	225
2	235	226
2	234	139
2	234	141
2	234	142
2	234	144
2	234	145
2	234	146
2	234	147
2	234	148
2	234	149
2	234	170
2	234	171
2	234	172
2	234	173
2	234	174
2	234	175
2	234	176
2	234	177
2	234	178
2	234	179
2	234	180
2	234	181
2	234	182
2	234	183
2	234	184
2	234	185
2	234	186
2	234	196
2	234	197
2	234	222
2	234	223
2	234	224
2	234	225
2	234	226
2	233	140
2	233	142
2	233	143
2	233	144
2	233	145
2	233	146
2	233	147
2	233	148
2	233	149
2	233	170
2	233	171
2	233	172
2	233	173
2	233	174
2	233	175
2	233	176
2	233	177
2	233	178
2	233	179
2	233	180
2	233	181
2	233	182
2	233	183
2	233	195
2	233	222
2	233	223
2	233	224
2	233	225
2	232	135
2	232	136
2	232	140
2	232	142
2	232	143
2	232	144
2	232	145
2	232	146
2	232	147
2	232	148
2	232	169
2	232	170
2	232	171
2	232	172
2	232	173
2	232	174
2	232	175
2	232	176
2	232	177
2	232	178
2	232	179
2	232	180
2	232	181
2	232	182
2	232	183
2	232	194
2	232	221
2	232	222
2	232	223
2	232	224
2	231	132
2	231	133
2	231	134
2	231	137
2	231	141
2	231	142
2	231	143
2	231	144
2	231	145
2	231	146
2	231	147
2	231	148
2	231	168
2	231	169
2	231	170
2	231	171
2	231	172
2	231	173
2	231	174
2	231	175
2	231	176
2	231	177
2	231	178
2	231	179
2	231	180
2	231	181
2	231	182
2	231	193
2	231	218
2	231	219
2	231	220
2	231	221
2	231	222
2	231	223
2	231	224
2	231	252
2	230	138
2	230	142
2	230	143
2	230	144
2	230	145
2	230	146
2	230	147
2	230	148
2	230	168
2	230	169
2	230	170
2	230	171
2	230	172
2	230	173
2	230	174
2	230	175
2	230	176
2	230	177
2	230	178
2	230	179
2	230	180
2	230	181
2	230	182
2	230	191
2	230	192
2	230	214
2	230	218
2	230	219
2	230	220
2	230	221
2	230	222
2	230	223
2	230	252
2	230	256
2	229	139
2	229	142
2	229	143
2	229	144
2	229	145
2	229	146
2	229	147
2	229	148
2	229	168
2	229	169
2	229	170
2	229	171
2	229	172
2	229	173
2	229	174
2	229	175
2	229	176
2	229	177
2	229	178
2	229	179
2	229	180
2	229	181
2	229	182
2	229	187
2	229	188
2	229	189
2	229	190
2	229	215
2	229	216
2	229	217
2	229	218
2	229	219
2	229	220
2	229	221
2	229	222
2	229	223
2	229	252
2	229	256
2	228	139
2	228	142
2	228	143
2	228	144
2	228	145
2	228	146
2	228	147
2	228	148
2	228	149
2	228	150
2	228	151
2	228	168
2	228	169
2	228	170
2	228	171
2	228	172
2	228	173
2	228	174
2	228	175
2	228	176
2	228	177
2	228	178
2	228	179
2	228	180
2	228	181
2	228	183
2	228	184
2	228	185
2	228	186
2	228	216
2	228	217
2	228	218
2	228	219
2	228	220
2	228	221
2	228	251
2	228	255
2	227	117
2	227	139
2	227	142
2	227	143
2	227	144
2	227	145
2	227	146
2	227	147
2	227	152
2	227	153
2	227	154
2	227	155
2	227	168
2	227	169
2	227	170
2	227	171
2	227	172
2	227	173
2	227	174
2	227	175
2	227	176
2	227	177
2	227	178
2	227	179
2	227	180
2	227	218
2	227	219
2	227	220
2	227	251
2	227	255
2	226	117
2	226	138
2	226	142
2	226	143
2	226	144
2	226	145
2	226	146
2	226	147
2	226	154
2	226	155
2	226	156
2	226	157
2	226	158
2	226	159
2	226	168
2	226	169
2	226	170
2	226	171
2	226	172
2	226	173
2	226	174
2	226	175
2	226	176
2	226	177
2	226	178
2	226	179
2	226	180
2	226	217
2	226	218
2	226	219
2	226	220
2	226	252
2	226	254
2	225	118
2	225	137
2	225	141
2	225	142
2	225	143
2	225	144
2	225	145
2	225	146
2	225	156
2	225	157
2	225	158
2	225	159
2	225	160
2	225	161
2	225	167
2	225	168
2	225	169
2	225	170
2	225	171
2	225	172
2	225	173
2	225	174
2	225	175
2	225	176
2	225	177
2	225	178
2	225	179
2	225	217
2	225	218
2	225	219
2	225	220
2	225	251
2	225	254
2	224	119
2	224	120
2	224	125
2	224	126
2	224	136
2	224	141
2	224	142
2	224	143
2	224	144
2	224	145
2	224	146
2	224	160
2	224	161
2	224	162
2	224	163
2	224	167
2	224	168
2	224	169
2	224	170
2	224	171
2	224	172
2	224	173
2	224	174
2	224	175
2	224	176
2	224	177
2	224	178
2	224	179
2	224	217
2	224	218
2	224	219
2	224	251
2	224	253
2	223	120
2	223	121
2	223	125
2	223	126
2	223	136
2	223	140
2	223	141
2	223	142
2	223	143
2	223	144
2	223	145
2	223	146
2	223	162
2	223	163
2	223	164
2	223	165
2	223	166
2	223	167
2	223	168
2	223	169
2	223	170
2	223	171
2	223	172
2	223	173
2	223	174
2	223	175
2	223	176
2	223	177
2	223	178
2	223	217
2	223	218
2	223	219
2	223	250
2	223	253
2	222	120
2	222	121
2	222	122
2	222	125
2	222	126
2	222	127
2	222	136
2	222	139
2	222	140
2	222	141
2	222	142
2	222	143
2	222	144
2	222	145
2	222	146
2	222	164
2	222	165
2	222	166
2	222	167
2	222	168
2	222	169
2	222	170
2	222	171
2	222	172
2	222	173
2	222	174
2	222	175
2	222	176
2	222	177
2	222	178
2	222	216
2	222	217
2	222	218
2	222	250
2	222	253
2	221	120
2	221	121
2	221	122
2	221	123
2	221	126
2	221	127
2	221	128
2	221	129
2	221	136
2	221	138
2	221	139
2	221	140
2	221	141
2	221	142
2	221	143
2	221	144
2	221	145
2	221	164
2	221	165
2	221	166
2	221	167
2	221	168
2	221	169
2	221	170
2	221	171
2	221	172
2	221	173
2	221	174
2	221	175
2	221	176
2	221	177
2	221	178
2	221	179
2	221	216
2	221	251
2	221	252
2	220	118
2	220	119
2	220	120
2	220	121
2	220	122
2	220	123
2	220	124
2	220	126
2	220	127
2	220	128
2	220	129
2	220	130
2	220	137
2	220	138
2	220	139
2	220	140
2	220	141
2	220	142
2	220	143
2	220	144
2	220	164
2	220	165
2	220	166
2	220	167
2	220	168
2	220	169
2	220	170
2	220	171
2	220	172
2	220	173
2	220	174
2	220	175
2	220	176
2	220	177
2	220	178
2	220	179
2	220	180
2	220	207
2	220	215
2	220	245
2	220	251
2	219	118
2	219	119
2	219	120
2	219	121
2	219	122
2	219	123
2	219	124
2	219	125
2	219	126
2	219	127
2	219	128
2	219	129
2	219	130
2	219	131
2	219	137
2	219	138
2	219	139
2	219	140
2	219	141
2	219	142
2	219	143
2	219	144
2	219	164
2	219	165
2	219	166
2	219	167
2	219	168
2	219	169
2	219	170
2	219	171
2	219	172
2	219	173
2	219	174
2	219	175
2	219	176
2	219	177
2	219	178
2	219	179
2	219	206
2	219	215
2	219	245
2	219	251
2	218	118
2	218	119
2	218	120
2	218	121
2	218	122
2	218	123
2	218	124
2	218	125
2	218	126
2	218	127
2	218	128
2	218	129
2	218	130
2	218	131
2	218	136
2	218	137
2	218	138
2	218	139
2	218	140
2	218	141
2	218	142
2	218	143
2	218	144
2	218	163
2	218	164
2	218	165
2	218	166
2	218	167
2	218	168
2	218	169
2	218	170
2	218	171
2	218	172
2	218	173
2	218	174
2	218	175
2	218	176
2	218	177
2	218	178
2	218	179
2	218	205
2	218	214
2	218	245
2	218	250
2	217	119
2	217	120
2	217	121
2	217	122
2	217	123
2	217	124
2	217	125
2	217	126
2	217	127
2	217	128
2	217	129
2	217	130
2	217	131
2	217	132
2	217	135
2	217	136
2	217	137
2	217	138
2	217	139
2	217	140
2	217	141
2	217	142
2	217	143
2	217	144
2	217	145
2	217	162
2	217	163
2	217	164
2	217	165
2	217	166
2	217	167
2	217	168
2	217	169
2	217	170
2	217	171
2	217	172
2	217	173
2	217	174
2	217	175
2	217	176
2	217	177
2	217	178
2	217	205
2	217	213
2	217	245
2	217	249
2	216	119
2	216	120
2	216	121
2	216	122
2	216	123
2	216	124
2	216	125
2	216	126
2	216	127
2	216	128
2	216	129
2	216	130
2	216	131
2	216	132
2	216	133
2	216	134
2	216	135
2	216	136
2	216	137
2	216	138
2	216	139
2	216	140
2	216	141
2	216	142
2	216	143
2	216	144
2	216	145
2	216	162
2	216	163
2	216	164
2	216	165
2	216	166
2	216	167
2	216	168
2	216	169
2	216	170
2	216	171
2	216	172
2	216	173
2	216	174
2	216	175
2	216	176
2	216	177
2	216	178
2	216	204
2	216	213
2	216	217
2	216	244
2	216	249
2	215	119
2	215	120
2	215	121
2	215	122
2	215	123
2	215	124
2	215	125
2	215	126
2	215	127
2	215	128
2	215	129
2	215	130
2	215	131
2	215	132
2	215	133
2	215	134
2	215	135
2	215	136
2	215	137
2	215	138
2	215	139
2	215	140
2	215	161
2	215	162
2	215	163
2	215	164
2	215	165
2	215	166
2	215	167
2	215	168
2	215	169
2	215	170
2	215	171
2	215	172
2	215	173
2	215	174
2	215	175
2	215	176
2	215	177
2	215	178
2	215	203
2	215	213
2	215	216
2	215	244
2	215	248
2	214	107
2	214	120
2	214	121
2	214	122
2	214	123
2	214	124
2	214	125
2	214	126
2	214	127
2	214	128
2	214	129
2	214	130
2	214	131
2	214	132
2	214	133
2	214	134
2	214	135
2	214	136
2	214	137
2	214	138
2	214	139
2	214	155
2	214	164
2	214	165
2	214	166
2	214	167
2	214	168
2	214	169
2	214	170
2	214	171
2	214	172
2	214	173
2	214	174
2	214	175
2	214	176
2	214	177
2	214	178
2	214	203
2	214	213
2	214	215
2	214	243
2	214	247
2	213	107
2	213	121
2	213	122
2	213	123
2	213	124
2	213	125
2	213	126
2	213	127
2	213	128
2	213	129
2	213	130
2	213	131
2	213	132
2	213	133
2	213	134
2	213	135
2	213	136
2	213	137
2	213	138
2	213	156
2	213	163
2	213	164
2	213	165
2	213	166
2	213	167
2	213	168
2	213	169
2	213	170
2	213	171
2	213	172
2	213	173
2	213	174
2	213	175
2	213	176
2	213	177
2	213	203
2	213	214
2	213	226
2	213	227
2	213	228
2	213	229
2	213	230
2	213	231
2	213	242
2	213	243
2	213	244
2	213	245
2	213	246
2	212	107
2	212	122
2	212	123
2	212	124
2	212	125
2	212	126
2	212	127
2	212	128
2	212	129
2	212	130
2	212	131
2	212	132
2	212	133
2	212	134
2	212	147
2	212	148
2	212	156
2	212	157
2	212	158
2	212	163
2	212	164
2	212	165
2	212	166
2	212	167
2	212	168
2	212	169
2	212	170
2	212	171
2	212	172
2	212	173
2	212	174
2	212	175
2	212	176
2	212	177
2	212	202
2	212	214
2	212	223
2	212	224
2	212	225
2	212	232
2	212	233
2	212	234
2	212	235
2	212	241
2	212	267
2	211	107
2	211	120
2	211	121
2	211	122
2	211	123
2	211	124
2	211	125
2	211	126
2	211	127
2	211	128
2	211	129
2	211	130
2	211	131
2	211	132
2	211	133
2	211	147
2	211	148
2	211	156
2	211	157
2	211	162
2	211	163
2	211	164
2	211	165
2	211	166
2	211	167
2	211	168
2	211	169
2	211	170
2	211	171
2	211	172
2	211	173
2	211	174
2	211	175
2	211	176
2	211	202
2	211	214
2	211	221
2	211	222
2	211	236
2	211	240
2	211	266
2	210	108
2	210	109
2	210	120
2	210	121
2	210	122
2	210	123
2	210	124
2	210	125
2	210	126
2	210	127
2	210	128
2	210	129
2	210	130
2	210	131
2	210	132
2	210	133
2	210	146
2	210	147
2	210	148
2	210	162
2	210	163
2	210	164
2	210	165
2	210	166
2	210	167
2	210	168
2	210	169
2	210	172
2	210	173
2	210	174
2	210	175
2	210	176
2	210	203
2	210	215
2	210	220
2	210	237
2	210	238
2	210	239
2	210	261
2	210	266
2	209	109
2	209	121
2	209	122
2	209	123
2	209	124
2	209	125
2	209	126
2	209	127
2	209	128
2	209	129
2	209	130
2	209	131
2	209	132
2	209	133
2	209	145
2	209	146
2	209	147
2	209	156
2	209	161
2	209	162
2	209	163
2	209	164
2	209	165
2	209	166
2	209	167
2	209	168
2	209	172
2	209	173
2	209	174
2	209	175
2	209	203
2	209	216
2	209	217
2	209	218
2	209	219
2	209	262
2	209	263
2	209	264
2	209	265
2	208	110
2	208	111
2	208	122
2	208	123
2	208	124
2	208	125
2	208	126
2	208	127
2	208	128
2	208	129
2	208	130
2	208	131
2	208	132
2	208	133
2	208	144
2	208	145
2	208	146
2	208	147
2	208	148
2	208	155
2	208	156
2	208	157
2	208	158
2	208	159
2	208	160
2	208	161
2	208	162
2	208	163
2	208	164
2	208	165
2	208	166
2	208	167
2	208	172
2	208	173
2	208	174
2	208	175
2	208	192
2	208	203
2	208	215
2	208	265
2	207	112
2	207	122
2	207	123
2	207	124
2	207	125
2	207	126
2	207	127
2	207	128
2	207	129
2	207	130
2	207	131
2	207	132
2	207	133
2	207	134
2	207	144
2	207	145
2	207	146
2	207	147
2	207	148
2	207	155
2	207	156
2	207	157
2	207	158
2	207	159
2	207	160
2	207	161
2	207	162
2	207	163
2	207	164
2	207	165
2	207	166
2	207	172
2	207	173
2	207	174
2	207	175
2	207	176
2	207	192
2	207	203
2	207	214
2	207	250
2	207	264
2	207	265
2	206	113
2	206	122
2	206	123
2	206	124
2	206	125
2	206	126
2	206	127
2	206	128
2	206	129
2	206	130
2	206	131
2	206	132
2	206	135
2	206	136
2	206	137
2	206	138
2	206	139
2	206	140
2	206	144
2	206	145
2	206	146
2	206	147
2	206	148
2	206	155
2	206	156
2	206	157
2	206	158
2	206	159
2	206	160
2	206	161
2	206	162
2	206	163
2	206	164
2	206	165
2	206	172
2	206	173
2	206	174
2	206	175
2	206	176
2	206	181
2	206	182
2	206	192
2	206	203
2	206	213
2	206	249
2	206	250
2	206	251
2	206	264
2	206	265
2	205	114
2	205	122
2	205	123
2	205	124
2	205	125
2	205	126
2	205	127
2	205	128
2	205	129
2	205	136
2	205	137
2	205	138
2	205	139
2	205	140
2	205	141
2	205	142
2	205	143
2	205	144
2	205	145
2	205	146
2	205	147
2	205	151
2	205	152
2	205	153
2	205	154
2	205	155
2	205	156
2	205	157
2	205	158
2	205	159
2	205	160
2	205	161
2	205	162
2	205	163
2	205	164
2	205	172
2	205	173
2	205	174
2	205	175
2	205	176
2	205	177
2	205	178
2	205	179
2	205	180
2	205	183
2	205	191
2	205	203
2	205	213
2	205	248
2	205	249
2	205	250
2	205	251
2	205	263
2	205	264
2	205	265
2	204	115
2	204	117
2	204	118
2	204	121
2	204	122
2	204	123
2	204	124
2	204	125
2	204	126
2	204	127
2	204	128
2	204	136
2	204	137
2	204	138
2	204	139
2	204	140
2	204	141
2	204	142
2	204	143
2	204	144
2	204	145
2	204	146
2	204	147
2	204	150
2	204	151
2	204	152
2	204	153
2	204	154
2	204	155
2	204	156
2	204	157
2	204	158
2	204	159
2	204	160
2	204	161
2	204	162
2	204	163
2	204	164
2	204	172
2	204	173
2	204	174
2	204	175
2	204	184
2	204	185
2	204	186
2	204	187
2	204	188
2	204	189
2	204	190
2	204	204
2	204	244
2	204	245
2	204	246
2	204	247
2	204	248
2	204	249
2	204	250
2	204	263
2	204	264
2	204	265
2	203	116
2	203	117
2	203	118
2	203	119
2	203	120
2	203	121
2	203	122
2	203	123
2	203	124
2	203	125
2	203	126
2	203	127
2	203	136
2	203	137
2	203	138
2	203	139
2	203	140
2	203	141
2	203	142
2	203	143
2	203	144
2	203	145
2	203	146
2	203	147
2	203	148
2	203	150
2	203	151
2	203	152
2	203	153
2	203	154
2	203	155
2	203	156
2	203	157
2	203	158
2	203	159
2	203	160
2	203	161
2	203	162
2	203	163
2	203	172
2	203	173
2	203	174
2	203	175
2	203	204
2	203	244
2	203	245
2	203	246
2	203	247
2	203	248
2	203	262
2	203	263
2	203	264
2	203	265
2	202	117
2	202	118
2	202	119
2	202	120
2	202	121
2	202	122
2	202	123
2	202	124
2	202	125
2	202	126
2	202	137
2	202	138
2	202	139
2	202	140
2	202	141
2	202	142
2	202	143
2	202	144
2	202	145
2	202	146
2	202	147
2	202	148
2	202	149
2	202	150
2	202	151
2	202	152
2	202	153
2	202	154
2	202	155
2	202	156
2	202	157
2	202	158
2	202	159
2	202	160
2	202	161
2	202	162
2	202	163
2	202	172
2	202	173
2	202	174
2	202	175
2	202	204
2	202	245
2	202	246
2	202	247
2	202	261
2	202	262
2	202	263
2	202	264
2	202	265
2	202	266
2	202	267
2	201	119
2	201	120
2	201	121
2	201	122
2	201	139
2	201	140
2	201	141
2	201	142
2	201	143
2	201	144
2	201	145
2	201	146
2	201	147
2	201	148
2	201	149
2	201	150
2	201	151
2	201	152
2	201	153
2	201	154
2	201	155
2	201	156
2	201	157
2	201	158
2	201	159
2	201	160
2	201	161
2	201	162
2	201	163
2	201	172
2	201	173
2	201	174
2	201	175
2	201	204
2	201	210
2	201	243
2	201	244
2	201	245
2	201	246
2	201	260
2	201	261
2	201	262
2	201	263
2	201	264
2	200	121
2	200	122
2	200	123
2	200	135
2	200	136
2	200	137
2	200	138
2	200	139
2	200	140
2	200	141
2	200	142
2	200	143
2	200	144
2	200	145
2	200	146
2	200	147
2	200	148
2	200	149
2	200	150
2	200	151
2	200	152
2	200	153
2	200	154
2	200	155
2	200	156
2	200	157
2	200	158
2	200	159
2	200	160
2	200	161
2	200	162
2	200	172
2	200	173
2	200	174
2	200	175
2	200	204
2	200	243
2	200	244
2	200	245
2	200	246
2	200	259
2	200	260
2	200	261
2	200	262
2	200	263
2	200	264
2	199	118
2	199	119
2	199	120
2	199	121
2	199	122
2	199	123
2	199	124
2	199	125
2	199	135
2	199	136
2	199	137
2	199	138
2	199	139
2	199	140
2	199	141
2	199	142
2	199	143
2	199	144
2	199	145
2	199	146
2	199	147
2	199	148
2	199	149
2	199	150
2	199	151
2	199	152
2	199	153
2	199	154
2	199	155
2	199	156
2	199	157
2	199	158
2	199	159
2	199	160
2	199	161
2	199	162
2	199	172
2	199	173
2	199	174
2	199	175
2	199	243
2	199	244
2	199	245
2	199	246
2	199	258
2	199	259
2	199	260
2	199	261
2	199	262
2	199	263
2	199	281
2	198	116
2	198	117
2	198	122
2	198	123
2	198	124
2	198	125
2	198	126
2	198	135
2	198	136
2	198	137
2	198	138
2	198	139
2	198	140
2	198	141
2	198	142
2	198	143
2	198	144
2	198	145
2	198	146
2	198	147
2	198	148
2	198	149
2	198	151
2	198	152
2	198	153
2	198	154
2	198	155
2	198	156
2	198	157
2	198	158
2	198	159
2	198	160
2	198	161
2	198	167
2	198	168
2	198	169
2	198	172
2	198	173
2	198	174
2	198	243
2	198	244
2	198	245
2	198	246
2	198	257
2	198	258
2	198	259
2	198	260
2	198	261
2	198	262
2	198	263
2	198	279
2	198	280
2	197	105
2	197	106
2	197	114
2	197	115
2	197	123
2	197	124
2	197	125
2	197	126
2	197	132
2	197	133
2	197	134
2	197	135
2	197	136
2	197	137
2	197	138
2	197	139
2	197	140
2	197	141
2	197	142
2	197	143
2	197	144
2	197	145
2	197	146
2	197	147
2	197	148
2	197	153
2	197	154
2	197	155
2	197	156
2	197	157
2	197	158
2	197	159
2	197	160
2	197	161
2	197	162
2	197	165
2	197	166
2	197	167
2	197	168
2	197	169
2	197	170
2	197	171
2	197	172
2	197	173
2	197	174
2	197	243
2	197	244
2	197	245
2	197	246
2	197	256
2	197	257
2	197	258
2	197	259
2	197	260
2	197	261
2	197	262
2	197	278
2	196	103
2	196	104
2	196	107
2	196	108
2	196	111
2	196	112
2	196	113
2	196	124
2	196	125
2	196	126
2	196	127
2	196	132
2	196	133
2	196	134
2	196	135
2	196	136
2	196	137
2	196	138
2	196	139
2	196	140
2	196	141
2	196	142
2	196	143
2	196	144
2	196	145
2	196	146
2	196	147
2	196	148
2	196	153
2	196	154
2	196	155
2	196	156
2	196	157
2	196	158
2	196	159
2	196	160
2	196	161
2	196	162
2	196	163
2	196	164
2	196	165
2	196	166
2	196	167
2	196	168
2	196	169
2	196	170
2	196	171
2	196	172
2	196	173
2	196	174
2	196	230
2	196	231
2	196	232
2	196	233
2	196	234
2	196	243
2	196	244
2	196	245
2	196	246
2	196	255
2	196	256
2	196	257
2	196	258
2	196	259
2	196	260
2	196	261
2	196	262
2	196	277
2	195	93
2	195	95
2	195	96
2	195	97
2	195	98
2	195	99
2	195	100
2	195	101
2	195	102
2	195	109
2	195	110
2	195	125
2	195	126
2	195	127
2	195	128
2	195	129
2	195	130
2	195	132
2	195	133
2	195	134
2	195	135
2	195	136
2	195	137
2	195	138
2	195	139
2	195	140
2	195	141
2	195	142
2	195	143
2	195	144
2	195	145
2	195	146
2	195	147
2	195	152
2	195	153
2	195	154
2	195	155
2	195	156
2	195	157
2	195	158
2	195	159
2	195	161
2	195	162
2	195	163
2	195	164
2	195	165
2	195	166
2	195	167
2	195	171
2	195	172
2	195	173
2	195	174
2	195	228
2	195	229
2	195	244
2	195	245
2	195	246
2	195	255
2	195	256
2	195	257
2	195	258
2	195	259
2	195	260
2	195	261
2	195	277
2	194	92
2	194	94
2	194	125
2	194	126
2	194	127
2	194	128
2	194	129
2	194	130
2	194	131
2	194	132
2	194	133
2	194	134
2	194	135
2	194	136
2	194	137
2	194	138
2	194	139
2	194	140
2	194	141
2	194	142
2	194	143
2	194	144
2	194	145
2	194	146
2	194	147
2	194	152
2	194	153
2	194	154
2	194	155
2	194	156
2	194	157
2	194	158
2	194	159
2	194	161
2	194	162
2	194	163
2	194	164
2	194	165
2	194	166
2	194	167
2	194	171
2	194	172
2	194	173
2	194	174
2	194	227
2	194	244
2	194	245
2	194	246
2	194	254
2	194	255
2	194	256
2	194	257
2	194	258
2	194	259
2	194	260
2	194	261
2	194	267
2	194	277
2	193	90
2	193	91
2	193	110
2	193	111
2	193	112
2	193	124
2	193	125
2	193	126
2	193	127
2	193	128
2	193	129
2	193	130
2	193	131
2	193	132
2	193	133
2	193	134
2	193	135
2	193	136
2	193	137
2	193	138
2	193	139
2	193	140
2	193	141
2	193	142
2	193	143
2	193	144
2	193	145
2	193	146
2	193	147
2	193	152
2	193	153
2	193	154
2	193	155
2	193	156
2	193	157
2	193	158
2	193	159
2	193	162
2	193	163
2	193	164
2	193	165
2	193	166
2	193	171
2	193	172
2	193	173
2	193	174
2	193	190
2	193	191
2	193	214
2	193	244
2	193	245
2	193	246
2	193	247
2	193	248
2	193	254
2	193	255
2	193	256
2	193	257
2	193	258
2	193	259
2	193	260
2	193	261
2	193	267
2	193	277
2	192	89
2	192	109
2	192	113
2	192	124
2	192	125
2	192	126
2	192	127
2	192	128
2	192	129
2	192	130
2	192	131
2	192	132
2	192	133
2	192	134
2	192	135
2	192	136
2	192	137
2	192	138
2	192	139
2	192	140
2	192	141
2	192	142
2	192	143
2	192	144
2	192	145
2	192	146
2	192	147
2	192	148
2	192	149
2	192	150
2	192	151
2	192	152
2	192	153
2	192	154
2	192	155
2	192	156
2	192	157
2	192	158
2	192	159
2	192	163
2	192	164
2	192	165
2	192	166
2	192	167
2	192	171
2	192	172
2	192	173
2	192	189
2	192	190
2	192	191
2	192	192
2	192	213
2	192	244
2	192	245
2	192	246
2	192	247
2	192	248
2	192	253
2	192	254
2	192	255
2	192	256
2	192	257
2	192	258
2	192	259
2	192	260
2	192	261
2	192	266
2	192	267
2	192	277
2	191	87
2	191	88
2	191	108
2	191	114
2	191	124
2	191	125
2	191	126
2	191	127
2	191	128
2	191	129
2	191	130
2	191	131
2	191	132
2	191	133
2	191	134
2	191	135
2	191	136
2	191	137
2	191	138
2	191	139
2	191	140
2	191	141
2	191	142
2	191	143
2	191	144
2	191	145
2	191	146
2	191	147
2	191	148
2	191	149
2	191	150
2	191	151
2	191	152
2	191	153
2	191	154
2	191	155
2	191	156
2	191	157
2	191	158
2	191	159
2	191	163
2	191	164
2	191	165
2	191	166
2	191	170
2	191	171
2	191	172
2	191	184
2	191	185
2	191	186
2	191	187
2	191	188
2	191	189
2	191	190
2	191	191
2	191	192
2	191	243
2	191	244
2	191	245
2	191	246
2	191	247
2	191	248
2	191	249
2	191	250
2	191	251
2	191	252
2	191	253
2	191	254
2	191	255
2	191	256
2	191	257
2	191	258
2	191	259
2	191	260
2	191	266
2	191	267
2	191	278
2	190	86
2	190	87
2	190	88
2	190	107
2	190	115
2	190	125
2	190	126
2	190	127
2	190	128
2	190	129
2	190	130
2	190	131
2	190	132
2	190	133
2	190	134
2	190	135
2	190	136
2	190	137
2	190	138
2	190	139
2	190	140
2	190	141
2	190	142
2	190	143
2	190	144
2	190	145
2	190	146
2	190	147
2	190	148
2	190	149
2	190	150
2	190	151
2	190	152
2	190	153
2	190	154
2	190	155
2	190	156
2	190	157
2	190	158
2	190	159
2	190	164
2	190	165
2	190	166
2	190	170
2	190	171
2	190	172
2	190	183
2	190	184
2	190	185
2	190	186
2	190	187
2	190	188
2	190	189
2	190	190
2	190	191
2	190	192
2	190	243
2	190	244
2	190	245
2	190	246
2	190	247
2	190	248
2	190	249
2	190	250
2	190	251
2	190	252
2	190	253
2	190	254
2	190	255
2	190	256
2	190	257
2	190	258
2	190	259
2	190	265
2	190	266
2	190	278
2	189	84
2	189	85
2	189	86
2	189	87
2	189	106
2	189	116
2	189	117
2	189	125
2	189	126
2	189	127
2	189	128
2	189	129
2	189	130
2	189	131
2	189	132
2	189	133
2	189	134
2	189	135
2	189	136
2	189	137
2	189	138
2	189	139
2	189	140
2	189	141
2	189	142
2	189	143
2	189	144
2	189	145
2	189	146
2	189	147
2	189	148
2	189	149
2	189	150
2	189	151
2	189	152
2	189	153
2	189	154
2	189	155
2	189	156
2	189	157
2	189	158
2	189	159
2	189	164
2	189	165
2	189	166
2	189	168
2	189	169
2	189	170
2	189	171
2	189	172
2	189	183
2	189	184
2	189	185
2	189	186
2	189	187
2	189	188
2	189	189
2	189	190
2	189	191
2	189	192
2	189	193
2	189	243
2	189	244
2	189	245
2	189	246
2	189	247
2	189	248
2	189	249
2	189	250
2	189	251
2	189	252
2	189	253
2	189	254
2	189	255
2	189	256
2	189	257
2	189	258
2	189	259
2	189	263
2	189	264
2	189	265
2	189	266
2	189	277
2	188	84
2	188	85
2	188	86
2	188	87
2	188	106
2	188	118
2	188	127
2	188	128
2	188	129
2	188	130
2	188	131
2	188	132
2	188	133
2	188	134
2	188	135
2	188	136
2	188	137
2	188	138
2	188	139
2	188	140
2	188	141
2	188	142
2	188	143
2	188	144
2	188	145
2	188	146
2	188	147
2	188	148
2	188	149
2	188	150
2	188	151
2	188	152
2	188	153
2	188	154
2	188	155
2	188	156
2	188	157
2	188	158
2	188	159
2	188	163
2	188	164
2	188	165
2	188	166
2	188	167
2	188	168
2	188	169
2	188	170
2	188	171
2	188	172
2	188	173
2	188	182
2	188	183
2	188	184
2	188	185
2	188	186
2	188	187
2	188	188
2	188	189
2	188	190
2	188	191
2	188	192
2	188	193
2	188	238
2	188	239
2	188	240
2	188	241
2	188	242
2	188	243
2	188	244
2	188	245
2	188	246
2	188	247
2	188	248
2	188	249
2	188	250
2	188	251
2	188	252
2	188	253
2	188	254
2	188	255
2	188	256
2	188	257
2	188	258
2	188	263
2	188	264
2	188	265
2	188	276
2	188	283
2	188	284
2	187	82
2	187	83
2	187	84
2	187	85
2	187	105
2	187	119
2	187	127
2	187	128
2	187	129
2	187	130
2	187	131
2	187	132
2	187	133
2	187	134
2	187	135
2	187	136
2	187	137
2	187	138
2	187	139
2	187	140
2	187	141
2	187	142
2	187	143
2	187	144
2	187	145
2	187	146
2	187	147
2	187	148
2	187	149
2	187	150
2	187	151
2	187	152
2	187	153
2	187	154
2	187	155
2	187	156
2	187	157
2	187	158
2	187	159
2	187	160
2	187	161
2	187	162
2	187	163
2	187	164
2	187	165
2	187	166
2	187	167
2	187	168
2	187	169
2	187	170
2	187	171
2	187	172
2	187	173
2	187	174
2	187	181
2	187	182
2	187	183
2	187	184
2	187	185
2	187	186
2	187	187
2	187	188
2	187	189
2	187	190
2	187	191
2	187	192
2	187	193
2	187	237
2	187	238
2	187	239
2	187	240
2	187	241
2	187	242
2	187	243
2	187	244
2	187	245
2	187	246
2	187	247
2	187	248
2	187	249
2	187	250
2	187	251
2	187	252
2	187	253
2	187	254
2	187	255
2	187	256
2	187	257
2	187	263
2	187	264
2	187	275
2	187	276
2	187	282
2	186	80
2	186	81
2	186	82
2	186	83
2	186	84
2	186	103
2	186	104
2	186	120
2	186	121
2	186	127
2	186	128
2	186	129
2	186	130
2	186	131
2	186	132
2	186	133
2	186	134
2	186	135
2	186	136
2	186	137
2	186	138
2	186	139
2	186	140
2	186	141
2	186	142
2	186	143
2	186	144
2	186	145
2	186	146
2	186	147
2	186	148
2	186	149
2	186	150
2	186	151
2	186	152
2	186	153
2	186	154
2	186	155
2	186	156
2	186	157
2	186	158
2	186	159
2	186	160
2	186	161
2	186	162
2	186	163
2	186	164
2	186	165
2	186	166
2	186	167
2	186	168
2	186	169
2	186	170
2	186	171
2	186	172
2	186	173
2	186	174
2	186	180
2	186	181
2	186	182
2	186	183
2	186	184
2	186	185
2	186	186
2	186	187
2	186	188
2	186	189
2	186	190
2	186	191
2	186	192
2	186	236
2	186	237
2	186	238
2	186	239
2	186	240
2	186	241
2	186	242
2	186	243
2	186	244
2	186	245
2	186	246
2	186	247
2	186	248
2	186	249
2	186	250
2	186	251
2	186	252
2	186	253
2	186	254
2	186	255
2	186	256
2	186	263
2	186	274
2	186	275
2	186	276
2	186	281
2	185	80
2	185	81
2	185	82
2	185	83
2	185	94
2	185	95
2	185	100
2	185	101
2	185	102
2	185	122
2	185	123
2	185	124
2	185	127
2	185	128
2	185	129
2	185	130
2	185	131
2	185	132
2	185	133
2	185	134
2	185	135
2	185	136
2	185	137
2	185	138
2	185	139
2	185	140
2	185	141
2	185	142
2	185	143
2	185	144
2	185	145
2	185	146
2	185	147
2	185	148
2	185	149
2	185	150
2	185	151
2	185	152
2	185	153
2	185	154
2	185	155
2	185	156
2	185	157
2	185	158
2	185	159
2	185	160
2	185	161
2	185	162
2	185	163
2	185	164
2	185	165
2	185	166
2	185	167
2	185	168
2	185	169
2	185	170
2	185	171
2	185	172
2	185	173
2	185	174
2	185	179
2	185	180
2	185	181
2	185	182
2	185	183
2	185	184
2	185	185
2	185	186
2	185	187
2	185	188
2	185	189
2	185	190
2	185	205
2	185	235
2	185	236
2	185	237
2	185	238
2	185	239
2	185	240
2	185	241
2	185	242
2	185	243
2	185	244
2	185	245
2	185	246
2	185	247
2	185	248
2	185	249
2	185	250
2	185	251
2	185	252
2	185	253
2	185	254
2	185	255
2	185	256
2	185	261
2	185	262
2	185	274
2	185	275
2	185	276
2	185	280
2	184	78
2	184	80
2	184	81
2	184	82
2	184	83
2	184	93
2	184	96
2	184	97
2	184	98
2	184	99
2	184	125
2	184	126
2	184	127
2	184	128
2	184	129
2	184	130
2	184	131
2	184	132
2	184	133
2	184	134
2	184	135
2	184	136
2	184	137
2	184	138
2	184	139
2	184	140
2	184	141
2	184	142
2	184	143
2	184	144
2	184	145
2	184	146
2	184	147
2	184	148
2	184	149
2	184	150
2	184	151
2	184	152
2	184	153
2	184	154
2	184	155
2	184	156
2	184	157
2	184	158
2	184	163
2	184	164
2	184	165
2	184	166
2	184	167
2	184	168
2	184	169
2	184	170
2	184	171
2	184	172
2	184	173
2	184	174
2	184	175
2	184	178
2	184	179
2	184	180
2	184	181
2	184	182
2	184	183
2	184	184
2	184	185
2	184	186
2	184	187
2	184	188
2	184	189
2	184	190
2	184	205
2	184	206
2	184	234
2	184	235
2	184	236
2	184	237
2	184	238
2	184	239
2	184	240
2	184	241
2	184	242
2	184	243
2	184	244
2	184	245
2	184	246
2	184	247
2	184	248
2	184	249
2	184	250
2	184	251
2	184	252
2	184	253
2	184	261
2	184	262
2	184	273
2	184	274
2	184	275
2	184	279
2	183	78
2	183	79
2	183	80
2	183	81
2	183	82
2	183	126
2	183	127
2	183	128
2	183	129
2	183	130
2	183	131
2	183	132
2	183	133
2	183	134
2	183	135
2	183	136
2	183	137
2	183	138
2	183	139
2	183	140
2	183	141
2	183	142
2	183	143
2	183	144
2	183	145
2	183	146
2	183	147
2	183	148
2	183	149
2	183	150
2	183	151
2	183	152
2	183	153
2	183	154
2	183	155
2	183	156
2	183	157
2	183	158
2	183	159
2	183	162
2	183	163
2	183	166
2	183	167
2	183	168
2	183	169
2	183	170
2	183	171
2	183	172
2	183	173
2	183	174
2	183	175
2	183	176
2	183	177
2	183	178
2	183	179
2	183	180
2	183	181
2	183	182
2	183	183
2	183	184
2	183	185
2	183	186
2	183	187
2	183	188
2	183	189
2	183	205
2	183	206
2	183	233
2	183	234
2	183	235
2	183	236
2	183	237
2	183	238
2	183	239
2	183	240
2	183	241
2	183	242
2	183	243
2	183	244
2	183	245
2	183	246
2	183	247
2	183	248
2	183	249
2	183	250
2	183	251
2	183	252
2	183	253
2	183	261
2	183	262
2	183	263
2	183	264
2	183	265
2	183	273
2	183	274
2	183	278
2	182	78
2	182	79
2	182	80
2	182	81
2	182	126
2	182	127
2	182	128
2	182	129
2	182	130
2	182	131
2	182	132
2	182	133
2	182	134
2	182	135
2	182	136
2	182	137
2	182	138
2	182	139
2	182	140
2	182	141
2	182	142
2	182	143
2	182	144
2	182	145
2	182	146
2	182	147
2	182	148
2	182	149
2	182	150
2	182	151
2	182	152
2	182	153
2	182	154
2	182	155
2	182	156
2	182	159
2	182	160
2	182	161
2	182	162
2	182	168
2	182	169
2	182	170
2	182	171
2	182	172
2	182	173
2	182	174
2	182	175
2	182	176
2	182	177
2	182	178
2	182	179
2	182	180
2	182	181
2	182	182
2	182	183
2	182	184
2	182	185
2	182	186
2	182	187
2	182	188
2	182	189
2	182	190
2	182	191
2	182	193
2	182	194
2	182	233
2	182	234
2	182	235
2	182	236
2	182	237
2	182	238
2	182	239
2	182	240
2	182	241
2	182	242
2	182	243
2	182	244
2	182	245
2	182	246
2	182	247
2	182	248
2	182	249
2	182	250
2	182	251
2	182	252
2	182	253
2	182	257
2	182	258
2	182	259
2	182	260
2	182	261
2	182	262
2	182	263
2	182	264
2	182	265
2	182	266
2	182	267
2	182	269
2	182	270
2	182	271
2	182	272
2	182	278
2	181	75
2	181	76
2	181	77
2	181	78
2	181	79
2	181	80
2	181	81
2	181	106
2	181	124
2	181	125
2	181	126
2	181	127
2	181	128
2	181	129
2	181	130
2	181	131
2	181	132
2	181	133
2	181	134
2	181	135
2	181	136
2	181	137
2	181	138
2	181	139
2	181	140
2	181	141
2	181	142
2	181	143
2	181	144
2	181	145
2	181	146
2	181	147
2	181	148
2	181	149
2	181	150
2	181	151
2	181	152
2	181	153
2	181	154
2	181	155
2	181	156
2	181	159
2	181	160
2	181	161
2	181	162
2	181	163
2	181	167
2	181	168
2	181	169
2	181	170
2	181	171
2	181	172
2	181	173
2	181	174
2	181	175
2	181	176
2	181	177
2	181	178
2	181	179
2	181	180
2	181	181
2	181	182
2	181	183
2	181	184
2	181	185
2	181	186
2	181	187
2	181	188
2	181	189
2	181	190
2	181	191
2	181	192
2	181	195
2	181	232
2	181	233
2	181	234
2	181	235
2	181	236
2	181	237
2	181	238
2	181	239
2	181	240
2	181	241
2	181	242
2	181	243
2	181	244
2	181	245
2	181	246
2	181	247
2	181	248
2	181	249
2	181	250
2	181	251
2	181	252
2	181	253
2	181	254
2	181	255
2	181	256
2	181	257
2	181	258
2	181	259
2	181	260
2	181	261
2	181	262
2	181	263
2	181	264
2	181	265
2	181	266
2	181	267
2	181	268
2	181	269
2	181	270
2	181	271
2	181	277
2	180	75
2	180	76
2	180	77
2	180	78
2	180	79
2	180	80
2	180	81
2	180	107
2	180	108
2	180	109
2	180	127
2	180	128
2	180	129
2	180	130
2	180	131
2	180	132
2	180	133
2	180	134
2	180	135
2	180	136
2	180	137
2	180	138
2	180	139
2	180	140
2	180	141
2	180	142
2	180	143
2	180	144
2	180	145
2	180	146
2	180	147
2	180	148
2	180	149
2	180	150
2	180	151
2	180	152
2	180	153
2	180	154
2	180	155
2	180	163
2	180	164
2	180	165
2	180	166
2	180	167
2	180	168
2	180	169
2	180	170
2	180	171
2	180	172
2	180	173
2	180	174
2	180	175
2	180	176
2	180	177
2	180	178
2	180	179
2	180	180
2	180	181
2	180	182
2	180	183
2	180	184
2	180	185
2	180	186
2	180	187
2	180	188
2	180	189
2	180	190
2	180	191
2	180	195
2	180	231
2	180	232
2	180	233
2	180	234
2	180	235
2	180	236
2	180	237
2	180	238
2	180	239
2	180	240
2	180	241
2	180	242
2	180	243
2	180	244
2	180	245
2	180	246
2	180	247
2	180	248
2	180	249
2	180	250
2	180	251
2	180	252
2	180	253
2	180	254
2	180	255
2	180	256
2	180	257
2	180	258
2	180	259
2	180	260
2	180	261
2	180	262
2	180	263
2	180	264
2	180	265
2	180	266
2	180	267
2	180	268
2	180	269
2	180	270
2	180	271
2	180	277
2	179	75
2	179	76
2	179	77
2	179	78
2	179	79
2	179	80
2	179	81
2	179	110
2	179	127
2	179	128
2	179	129
2	179	130
2	179	131
2	179	132
2	179	133
2	179	134
2	179	135
2	179	136
2	179	137
2	179	138
2	179	139
2	179	140
2	179	141
2	179	142
2	179	143
2	179	144
2	179	145
2	179	146
2	179	147
2	179	148
2	179	149
2	179	150
2	179	151
2	179	152
2	179	153
2	179	154
2	179	165
2	179	166
2	179	167
2	179	168
2	179	169
2	179	170
2	179	171
2	179	172
2	179	173
2	179	174
2	179	175
2	179	176
2	179	177
2	179	178
2	179	179
2	179	180
2	179	181
2	179	182
2	179	183
2	179	184
2	179	185
2	179	186
2	179	187
2	179	188
2	179	189
2	179	190
2	179	195
2	179	233
2	179	234
2	179	235
2	179	236
2	179	237
2	179	238
2	179	239
2	179	240
2	179	241
2	179	242
2	179	243
2	179	244
2	179	245
2	179	246
2	179	247
2	179	248
2	179	249
2	179	250
2	179	251
2	179	252
2	179	253
2	179	254
2	179	255
2	179	256
2	179	257
2	179	258
2	179	259
2	179	260
2	179	261
2	179	262
2	179	263
2	179	264
2	179	265
2	179	266
2	179	267
2	179	268
2	179	269
2	179	270
2	179	271
2	179	276
2	178	74
2	178	75
2	178	76
2	178	77
2	178	78
2	178	79
2	178	80
2	178	81
2	178	111
2	178	125
2	178	126
2	178	127
2	178	128
2	178	129
2	178	130
2	178	131
2	178	132
2	178	133
2	178	134
2	178	135
2	178	136
2	178	137
2	178	138
2	178	139
2	178	140
2	178	141
2	178	142
2	178	143
2	178	144
2	178	145
2	178	146
2	178	147
2	178	148
2	178	149
2	178	150
2	178	151
2	178	152
2	178	153
2	178	154
2	178	155
2	178	166
2	178	167
2	178	168
2	178	169
2	178	170
2	178	171
2	178	172
2	178	173
2	178	174
2	178	175
2	178	176
2	178	177
2	178	178
2	178	179
2	178	180
2	178	181
2	178	182
2	178	183
2	178	184
2	178	185
2	178	186
2	178	187
2	178	188
2	178	189
2	178	196
2	178	231
2	178	232
2	178	233
2	178	234
2	178	235
2	178	236
2	178	237
2	178	238
2	178	239
2	178	240
2	178	241
2	178	242
2	178	243
2	178	244
2	178	245
2	178	246
2	178	247
2	178	248
2	178	249
2	178	250
2	178	251
2	178	252
2	178	253
2	178	254
2	178	255
2	178	256
2	178	257
2	178	258
2	178	259
2	178	260
2	178	261
2	178	262
2	178	263
2	178	264
2	178	265
2	178	266
2	178	267
2	178	268
2	178	269
2	178	270
2	178	271
2	178	272
2	178	273
2	178	275
2	177	73
2	177	74
2	177	75
2	177	76
2	177	77
2	177	78
2	177	79
2	177	80
2	177	81
2	177	112
2	177	122
2	177	123
2	177	124
2	177	125
2	177	126
2	177	127
2	177	128
2	177	129
2	177	130
2	177	131
2	177	132
2	177	133
2	177	134
2	177	135
2	177	136
2	177	137
2	177	138
2	177	139
2	177	140
2	177	141
2	177	142
2	177	143
2	177	144
2	177	145
2	177	146
2	177	147
2	177	148
2	177	149
2	177	150
2	177	151
2	177	152
2	177	153
2	177	154
2	177	155
2	177	167
2	177	168
2	177	169
2	177	170
2	177	171
2	177	172
2	177	181
2	177	183
2	177	184
2	177	185
2	177	186
2	177	187
2	177	188
2	177	189
2	177	197
2	177	231
2	177	232
2	177	233
2	177	234
2	177	235
2	177	236
2	177	237
2	177	238
2	177	239
2	177	240
2	177	241
2	177	242
2	177	243
2	177	244
2	177	245
2	177	246
2	177	247
2	177	248
2	177	249
2	177	250
2	177	251
2	177	252
2	177	253
2	177	254
2	177	255
2	177	256
2	177	257
2	177	258
2	177	259
2	177	260
2	177	261
2	177	262
2	177	263
2	177	264
2	177	265
2	177	266
2	177	267
2	177	268
2	177	269
2	177	270
2	177	271
2	177	272
2	177	273
2	177	274
2	176	72
2	176	73
2	176	74
2	176	75
2	176	76
2	176	77
2	176	78
2	176	79
2	176	80
2	176	81
2	176	82
2	176	83
2	176	84
2	176	85
2	176	113
2	176	121
2	176	122
2	176	123
2	176	124
2	176	125
2	176	126
2	176	127
2	176	128
2	176	129
2	176	130
2	176	131
2	176	132
2	176	133
2	176	134
2	176	135
2	176	136
2	176	137
2	176	138
2	176	139
2	176	140
2	176	141
2	176	142
2	176	143
2	176	144
2	176	145
2	176	146
2	176	147
2	176	148
2	176	149
2	176	150
2	176	151
2	176	152
2	176	153
2	176	154
2	176	155
2	176	156
2	176	167
2	176	168
2	176	169
2	176	170
2	176	181
2	176	186
2	176	187
2	176	188
2	176	197
2	176	231
2	176	232
2	176	233
2	176	234
2	176	235
2	176	236
2	176	237
2	176	238
2	176	239
2	176	240
2	176	241
2	176	242
2	176	243
2	176	244
2	176	245
2	176	246
2	176	247
2	176	248
2	176	249
2	176	250
2	176	251
2	176	252
2	176	253
2	176	254
2	176	255
2	176	256
2	176	257
2	176	258
2	176	259
2	176	260
2	176	261
2	176	262
2	176	263
2	176	264
2	176	265
2	176	266
2	176	267
2	176	268
2	176	269
2	176	270
2	176	271
2	176	272
2	176	273
2	176	274
2	175	71
2	175	72
2	175	73
2	175	74
2	175	75
2	175	76
2	175	77
2	175	78
2	175	79
2	175	80
2	175	81
2	175	82
2	175	83
2	175	84
2	175	85
2	175	113
2	175	121
2	175	122
2	175	123
2	175	124
2	175	125
2	175	126
2	175	127
2	175	128
2	175	129
2	175	130
2	175	131
2	175	132
2	175	133
2	175	134
2	175	135
2	175	136
2	175	137
2	175	138
2	175	139
2	175	140
2	175	141
2	175	142
2	175	143
2	175	144
2	175	145
2	175	146
2	175	147
2	175	148
2	175	149
2	175	150
2	175	151
2	175	152
2	175	153
2	175	154
2	175	155
2	175	156
2	175	157
2	175	166
2	175	167
2	175	168
2	175	169
2	175	170
2	175	181
2	175	197
2	175	231
2	175	232
2	175	233
2	175	234
2	175	235
2	175	236
2	175	237
2	175	238
2	175	239
2	175	240
2	175	241
2	175	242
2	175	243
2	175	244
2	175	245
2	175	246
2	175	247
2	175	248
2	175	249
2	175	250
2	175	251
2	175	252
2	175	253
2	175	254
2	175	255
2	175	256
2	175	257
2	175	258
2	175	259
2	175	260
2	175	261
2	175	262
2	175	263
2	175	264
2	175	265
2	175	266
2	175	267
2	175	268
2	175	269
2	175	270
2	175	271
2	175	272
2	175	273
2	175	274
2	175	275
2	174	70
2	174	71
2	174	72
2	174	73
2	174	74
2	174	75
2	174	76
2	174	77
2	174	78
2	174	79
2	174	80
2	174	81
2	174	82
2	174	83
2	174	84
2	174	114
2	174	119
2	174	120
2	174	121
2	174	122
2	174	123
2	174	124
2	174	125
2	174	126
2	174	127
2	174	128
2	174	129
2	174	130
2	174	131
2	174	132
2	174	133
2	174	134
2	174	135
2	174	136
2	174	137
2	174	138
2	174	139
2	174	140
2	174	141
2	174	142
2	174	143
2	174	144
2	174	145
2	174	146
2	174	147
2	174	148
2	174	149
2	174	150
2	174	151
2	174	152
2	174	153
2	174	154
2	174	155
2	174	156
2	174	157
2	174	166
2	174	167
2	174	168
2	174	169
2	174	170
2	174	171
2	174	197
2	174	231
2	174	232
2	174	233
2	174	234
2	174	235
2	174	236
2	174	237
2	174	238
2	174	239
2	174	240
2	174	241
2	174	242
2	174	243
2	174	244
2	174	245
2	174	246
2	174	247
2	174	248
2	174	249
2	174	250
2	174	251
2	174	252
2	174	253
2	174	254
2	174	255
2	174	256
2	174	257
2	174	258
2	174	259
2	174	260
2	174	261
2	174	262
2	174	263
2	174	264
2	174	265
2	174	266
2	174	267
2	174	268
2	174	269
2	174	270
2	174	271
2	174	272
2	174	273
2	174	274
2	174	275
2	174	276
2	173	68
2	173	69
2	173	70
2	173	71
2	173	72
2	173	73
2	173	74
2	173	75
2	173	76
2	173	77
2	173	78
2	173	79
2	173	80
2	173	82
2	173	83
2	173	84
2	173	85
2	173	115
2	173	118
2	173	122
2	173	123
2	173	124
2	173	125
2	173	126
2	173	127
2	173	128
2	173	129
2	173	130
2	173	131
2	173	132
2	173	133
2	173	134
2	173	135
2	173	136
2	173	137
2	173	138
2	173	139
2	173	140
2	173	141
2	173	142
2	173	143
2	173	144
2	173	145
2	173	146
2	173	147
2	173	148
2	173	149
2	173	150
2	173	151
2	173	152
2	173	153
2	173	154
2	173	155
2	173	156
2	173	157
2	173	158
2	173	165
2	173	166
2	173	167
2	173	168
2	173	169
2	173	170
2	173	171
2	173	172
2	173	197
2	173	232
2	173	233
2	173	234
2	173	235
2	173	236
2	173	237
2	173	238
2	173	239
2	173	240
2	173	241
2	173	242
2	173	243
2	173	244
2	173	245
2	173	246
2	173	247
2	173	248
2	173	249
2	173	250
2	173	251
2	173	252
2	173	253
2	173	254
2	173	255
2	173	256
2	173	257
2	173	258
2	173	259
2	173	260
2	173	261
2	173	262
2	173	263
2	173	264
2	173	265
2	173	266
2	173	267
2	173	268
2	173	269
2	173	270
2	173	271
2	173	272
2	173	273
2	173	274
2	173	275
2	173	276
2	173	277
2	173	278
2	173	279
2	173	280
2	172	68
2	172	69
2	172	70
2	172	71
2	172	72
2	172	76
2	172	77
2	172	78
2	172	79
2	172	82
2	172	83
2	172	84
2	172	85
2	172	88
2	172	89
2	172	116
2	172	117
2	172	129
2	172	130
2	172	131
2	172	132
2	172	133
2	172	134
2	172	135
2	172	136
2	172	137
2	172	138
2	172	139
2	172	140
2	172	141
2	172	142
2	172	143
2	172	144
2	172	145
2	172	146
2	172	147
2	172	148
2	172	149
2	172	150
2	172	151
2	172	152
2	172	153
2	172	154
2	172	155
2	172	156
2	172	157
2	172	158
2	172	159
2	172	165
2	172	166
2	172	167
2	172	168
2	172	169
2	172	171
2	172	172
2	172	197
2	172	232
2	172	233
2	172	234
2	172	235
2	172	236
2	172	237
2	172	238
2	172	239
2	172	240
2	172	241
2	172	242
2	172	243
2	172	244
2	172	245
2	172	246
2	172	248
2	172	249
2	172	250
2	172	251
2	172	252
2	172	258
2	172	259
2	172	260
2	172	263
2	172	264
2	172	265
2	172	266
2	172	267
2	172	268
2	172	269
2	172	270
2	172	271
2	172	272
2	172	273
2	172	274
2	172	275
2	172	276
2	172	277
2	172	278
2	172	279
2	172	280
2	171	68
2	171	69
2	171	70
2	171	71
2	171	72
2	171	76
2	171	77
2	171	78
2	171	86
2	171	87
2	171	90
2	171	91
2	171	92
2	171	93
2	171	115
2	171	134
2	171	135
2	171	136
2	171	137
2	171	138
2	171	139
2	171	140
2	171	141
2	171	142
2	171	143
2	171	144
2	171	145
2	171	146
2	171	148
2	171	149
2	171	150
2	171	151
2	171	152
2	171	153
2	171	154
2	171	155
2	171	156
2	171	157
2	171	158
2	171	159
2	171	164
2	171	165
2	171	166
2	171	167
2	171	168
2	171	169
2	171	172
2	171	173
2	171	198
2	171	233
2	171	234
2	171	235
2	171	236
2	171	237
2	171	238
2	171	239
2	171	240
2	171	241
2	171	242
2	171	243
2	171	244
2	171	245
2	171	249
2	171	250
2	171	251
2	171	252
2	171	257
2	171	258
2	171	259
2	171	265
2	171	266
2	171	267
2	171	268
2	171	269
2	171	270
2	171	271
2	171	272
2	171	273
2	171	274
2	171	275
2	171	276
2	171	277
2	171	278
2	171	279
2	171	280
2	170	68
2	170	69
2	170	70
2	170	71
2	170	72
2	170	75
2	170	76
2	170	77
2	170	94
2	170	95
2	170	113
2	170	114
2	170	133
2	170	134
2	170	135
2	170	136
2	170	137
2	170	138
2	170	139
2	170	140
2	170	141
2	170	142
2	170	143
2	170	144
2	170	145
2	170	149
2	170	150
2	170	151
2	170	152
2	170	153
2	170	154
2	170	155
2	170	156
2	170	157
2	170	158
2	170	159
2	170	160
2	170	161
2	170	163
2	170	164
2	170	165
2	170	166
2	170	167
2	170	168
2	170	172
2	170	173
2	170	174
2	170	198
2	170	234
2	170	235
2	170	236
2	170	237
2	170	238
2	170	239
2	170	240
2	170	241
2	170	242
2	170	243
2	170	244
2	170	248
2	170	249
2	170	250
2	170	251
2	170	252
2	170	255
2	170	256
2	170	257
2	170	258
2	170	259
2	170	260
2	170	261
2	170	268
2	170	269
2	170	270
2	170	271
2	170	272
2	170	273
2	170	274
2	170	275
2	170	276
2	170	277
2	170	278
2	170	279
2	169	74
2	169	75
2	169	76
2	169	77
2	169	96
2	169	111
2	169	112
2	169	116
2	169	117
2	169	118
2	169	133
2	169	134
2	169	135
2	169	136
2	169	137
2	169	138
2	169	139
2	169	140
2	169	141
2	169	142
2	169	143
2	169	144
2	169	145
2	169	146
2	169	150
2	169	151
2	169	152
2	169	153
2	169	154
2	169	155
2	169	156
2	169	157
2	169	158
2	169	159
2	169	160
2	169	161
2	169	162
2	169	163
2	169	164
2	169	165
2	169	166
2	169	167
2	169	168
2	169	173
2	169	174
2	169	236
2	169	237
2	169	238
2	169	239
2	169	240
2	169	241
2	169	247
2	169	248
2	169	249
2	169	250
2	169	251
2	169	255
2	169	256
2	169	257
2	169	259
2	169	260
2	169	261
2	169	270
2	169	271
2	169	272
2	169	273
2	169	274
2	169	275
2	169	276
2	169	277
2	169	278
2	169	279
2	168	97
2	168	100
2	168	101
2	168	102
2	168	103
2	168	104
2	168	105
2	168	106
2	168	107
2	168	108
2	168	109
2	168	110
2	168	116
2	168	117
2	168	118
2	168	133
2	168	134
2	168	135
2	168	136
2	168	137
2	168	138
2	168	139
2	168	140
2	168	141
2	168	142
2	168	143
2	168	144
2	168	145
2	168	150
2	168	151
2	168	152
2	168	153
2	168	154
2	168	155
2	168	156
2	168	157
2	168	158
2	168	159
2	168	160
2	168	161
2	168	162
2	168	163
2	168	164
2	168	165
2	168	166
2	168	167
2	168	168
2	168	169
2	168	246
2	168	247
2	168	250
2	168	251
2	168	256
2	168	260
2	168	261
2	168	270
2	168	271
2	168	272
2	168	273
2	168	274
2	168	275
2	168	276
2	168	277
2	168	278
2	168	279
2	167	98
2	167	99
2	167	116
2	167	117
2	167	118
2	167	131
2	167	132
2	167	133
2	167	134
2	167	135
2	167	136
2	167	137
2	167	138
2	167	139
2	167	140
2	167	141
2	167	142
2	167	143
2	167	144
2	167	146
2	167	150
2	167	151
2	167	152
2	167	153
2	167	154
2	167	155
2	167	156
2	167	157
2	167	158
2	167	159
2	167	160
2	167	161
2	167	162
2	167	163
2	167	164
2	167	165
2	167	166
2	167	167
2	167	168
2	167	169
2	167	170
2	167	251
2	167	252
2	167	256
2	167	261
2	167	262
2	167	270
2	167	271
2	167	272
2	167	273
2	167	274
2	167	275
2	167	276
2	167	277
2	167	278
2	166	129
2	166	130
2	166	131
2	166	132
2	166	133
2	166	134
2	166	135
2	166	136
2	166	137
2	166	138
2	166	139
2	166	140
2	166	141
2	166	142
2	166	143
2	166	144
2	166	145
2	166	147
2	166	148
2	166	151
2	166	152
2	166	153
2	166	154
2	166	155
2	166	156
2	166	157
2	166	158
2	166	159
2	166	160
2	166	161
2	166	162
2	166	163
2	166	164
2	166	165
2	166	166
2	166	167
2	166	212
2	166	213
2	166	222
2	166	223
2	166	224
2	166	251
2	166	256
2	166	271
2	166	272
2	166	273
2	166	274
2	166	275
2	166	276
2	166	277
2	166	278
2	165	128
2	165	129
2	165	130
2	165	131
2	165	132
2	165	133
2	165	134
2	165	135
2	165	136
2	165	137
2	165	138
2	165	139
2	165	140
2	165	141
2	165	142
2	165	143
2	165	146
2	165	147
2	165	148
2	165	151
2	165	152
2	165	153
2	165	154
2	165	155
2	165	156
2	165	157
2	165	158
2	165	159
2	165	160
2	165	161
2	165	162
2	165	163
2	165	164
2	165	165
2	165	166
2	165	167
2	165	211
2	165	212
2	165	213
2	165	214
2	165	220
2	165	221
2	165	222
2	165	223
2	165	224
2	165	225
2	165	273
2	165	274
2	165	275
2	165	276
2	165	277
2	165	278
2	164	34
2	164	117
2	164	128
2	164	129
2	164	130
2	164	131
2	164	132
2	164	133
2	164	134
2	164	135
2	164	136
2	164	137
2	164	138
2	164	139
2	164	140
2	164	141
2	164	142
2	164	143
2	164	144
2	164	146
2	164	147
2	164	151
2	164	152
2	164	153
2	164	154
2	164	155
2	164	156
2	164	157
2	164	158
2	164	159
2	164	160
2	164	161
2	164	162
2	164	163
2	164	164
2	164	165
2	164	166
2	164	167
2	164	211
2	164	212
2	164	213
2	164	214
2	164	219
2	164	220
2	164	221
2	164	222
2	164	223
2	164	224
2	164	225
2	164	226
2	164	277
2	164	278
2	163	32
2	163	33
2	163	34
2	163	35
2	163	36
2	163	37
2	163	38
2	163	39
2	163	40
2	163	118
2	163	127
2	163	128
2	163	129
2	163	130
2	163	131
2	163	132
2	163	133
2	163	134
2	163	135
2	163	136
2	163	137
2	163	138
2	163	139
2	163	140
2	163	141
2	163	142
2	163	143
2	163	151
2	163	152
2	163	153
2	163	154
2	163	155
2	163	156
2	163	157
2	163	158
2	163	159
2	163	160
2	163	161
2	163	162
2	163	163
2	163	164
2	163	165
2	163	166
2	163	201
2	163	202
2	163	203
2	163	204
2	163	205
2	163	206
2	163	207
2	163	208
2	163	209
2	163	210
2	163	211
2	163	212
2	163	213
2	163	214
2	163	215
2	163	217
2	163	218
2	163	219
2	163	220
2	163	221
2	163	222
2	163	223
2	163	224
2	163	225
2	163	226
2	163	227
2	163	253
2	163	254
2	163	255
2	163	278
2	163	279
2	162	32
2	162	33
2	162	34
2	162	35
2	162	36
2	162	41
2	162	42
2	162	43
2	162	44
2	162	45
2	162	119
2	162	126
2	162	127
2	162	128
2	162	129
2	162	130
2	162	131
2	162	132
2	162	133
2	162	134
2	162	135
2	162	136
2	162	137
2	162	138
2	162	139
2	162	140
2	162	141
2	162	142
2	162	143
2	162	144
2	162	145
2	162	152
2	162	153
2	162	154
2	162	155
2	162	156
2	162	157
2	162	158
2	162	159
2	162	160
2	162	161
2	162	162
2	162	163
2	162	164
2	162	165
2	162	166
2	162	200
2	162	201
2	162	202
2	162	203
2	162	204
2	162	205
2	162	206
2	162	207
2	162	208
2	162	209
2	162	210
2	162	211
2	162	212
2	162	213
2	162	214
2	162	215
2	162	216
2	162	217
2	162	218
2	162	219
2	162	220
2	162	221
2	162	222
2	162	223
2	162	224
2	162	225
2	162	226
2	162	227
2	162	228
2	162	229
2	161	33
2	161	34
2	161	35
2	161	120
2	161	121
2	161	125
2	161	126
2	161	127
2	161	128
2	161	129
2	161	130
2	161	131
2	161	132
2	161	133
2	161	134
2	161	135
2	161	136
2	161	137
2	161	138
2	161	139
2	161	140
2	161	141
2	161	142
2	161	143
2	161	144
2	161	145
2	161	152
2	161	153
2	161	154
2	161	155
2	161	156
2	161	157
2	161	158
2	161	159
2	161	160
2	161	161
2	161	162
2	161	163
2	161	164
2	161	165
2	161	166
2	161	199
2	161	200
2	161	201
2	161	202
2	161	203
2	161	204
2	161	205
2	161	206
2	161	207
2	161	208
2	161	209
2	161	210
2	161	211
2	161	212
2	161	213
2	161	214
2	161	215
2	161	216
2	161	217
2	161	218
2	161	219
2	161	220
2	161	221
2	161	222
2	161	223
2	161	224
2	161	225
2	161	226
2	161	227
2	161	228
2	161	229
2	160	32
2	160	33
2	160	34
2	160	35
2	160	36
2	160	122
2	160	123
2	160	124
2	160	125
2	160	126
2	160	127
2	160	128
2	160	129
2	160	130
2	160	131
2	160	132
2	160	133
2	160	134
2	160	135
2	160	136
2	160	137
2	160	138
2	160	139
2	160	140
2	160	141
2	160	142
2	160	143
2	160	144
2	160	145
2	160	146
2	160	149
2	160	152
2	160	153
2	160	154
2	160	155
2	160	156
2	160	157
2	160	158
2	160	159
2	160	160
2	160	161
2	160	162
2	160	163
2	160	164
2	160	165
2	160	199
2	160	200
2	160	201
2	160	202
2	160	203
2	160	204
2	160	205
2	160	206
2	160	207
2	160	208
2	160	209
2	160	210
2	160	211
2	160	212
2	160	213
2	160	214
2	160	215
2	160	216
2	160	217
2	160	218
2	160	219
2	160	220
2	160	221
2	160	222
2	160	223
2	160	224
2	160	225
2	160	226
2	160	227
2	160	228
2	160	229
2	159	33
2	159	34
2	159	35
2	159	36
2	159	37
2	159	38
2	159	123
2	159	124
2	159	125
2	159	126
2	159	127
2	159	128
2	159	129
2	159	130
2	159	131
2	159	132
2	159	133
2	159	134
2	159	135
2	159	136
2	159	137
2	159	138
2	159	139
2	159	140
2	159	141
2	159	142
2	159	143
2	159	144
2	159	145
2	159	152
2	159	153
2	159	154
2	159	155
2	159	156
2	159	157
2	159	158
2	159	159
2	159	160
2	159	161
2	159	162
2	159	163
2	159	164
2	159	165
2	159	197
2	159	198
2	159	199
2	159	200
2	159	201
2	159	202
2	159	203
2	159	204
2	159	205
2	159	206
2	159	207
2	159	208
2	159	209
2	159	210
2	159	211
2	159	212
2	159	213
2	159	214
2	159	215
2	159	216
2	159	217
2	159	218
2	159	219
2	159	220
2	159	221
2	159	222
2	159	223
2	159	224
2	159	225
2	159	226
2	159	227
2	159	228
2	159	229
2	159	230
2	158	34
2	158	35
2	158	36
2	158	37
2	158	38
2	158	39
2	158	40
2	158	41
2	158	42
2	158	74
2	158	122
2	158	123
2	158	124
2	158	125
2	158	126
2	158	127
2	158	128
2	158	129
2	158	130
2	158	131
2	158	132
2	158	133
2	158	134
2	158	135
2	158	136
2	158	137
2	158	138
2	158	139
2	158	140
2	158	141
2	158	142
2	158	143
2	158	144
2	158	145
2	158	147
2	158	151
2	158	152
2	158	153
2	158	154
2	158	155
2	158	156
2	158	162
2	158	163
2	158	164
2	158	193
2	158	194
2	158	195
2	158	196
2	158	197
2	158	198
2	158	199
2	158	200
2	158	201
2	158	202
2	158	203
2	158	204
2	158	205
2	158	206
2	158	207
2	158	208
2	158	209
2	158	210
2	158	211
2	158	212
2	158	213
2	158	214
2	158	215
2	158	216
2	158	217
2	158	218
2	158	219
2	158	220
2	158	221
2	158	222
2	158	223
2	158	224
2	158	225
2	158	226
2	158	227
2	158	228
2	158	229
2	158	230
2	158	246
2	158	247
2	158	248
2	158	251
2	158	252
2	158	253
2	158	254
2	158	255
2	158	256
2	157	35
2	157	36
2	157	37
2	157	38
2	157	39
2	157	40
2	157	41
2	157	42
2	157	43
2	157	44
2	157	45
2	157	46
2	157	47
2	157	73
2	157	121
2	157	122
2	157	123
2	157	124
2	157	125
2	157	126
2	157	127
2	157	128
2	157	129
2	157	130
2	157	131
2	157	132
2	157	133
2	157	134
2	157	135
2	157	136
2	157	137
2	157	138
2	157	139
2	157	140
2	157	141
2	157	142
2	157	143
2	157	144
2	157	145
2	157	146
2	157	147
2	157	150
2	157	151
2	157	152
2	157	153
2	157	154
2	157	155
2	157	162
2	157	163
2	157	191
2	157	192
2	157	197
2	157	198
2	157	199
2	157	200
2	157	201
2	157	202
2	157	203
2	157	204
2	157	205
2	157	206
2	157	207
2	157	208
2	157	209
2	157	210
2	157	211
2	157	212
2	157	213
2	157	214
2	157	215
2	157	216
2	157	217
2	157	218
2	157	219
2	157	220
2	157	221
2	157	222
2	157	223
2	157	224
2	157	225
2	157	226
2	157	227
2	157	228
2	157	229
2	157	230
2	157	232
2	157	246
2	157	247
2	157	248
2	157	249
2	157	250
2	157	251
2	157	252
2	157	253
2	157	254
2	157	255
2	157	256
2	157	257
2	157	258
2	157	259
2	156	36
2	156	37
2	156	38
2	156	39
2	156	40
2	156	41
2	156	42
2	156	43
2	156	44
2	156	45
2	156	46
2	156	47
2	156	48
2	156	67
2	156	68
2	156	73
2	156	120
2	156	121
2	156	122
2	156	123
2	156	124
2	156	125
2	156	126
2	156	127
2	156	128
2	156	129
2	156	130
2	156	131
2	156	132
2	156	133
2	156	134
2	156	135
2	156	136
2	156	137
2	156	138
2	156	139
2	156	140
2	156	141
2	156	142
2	156	143
2	156	144
2	156	145
2	156	146
2	156	147
2	156	148
2	156	149
2	156	150
2	156	151
2	156	152
2	156	153
2	156	154
2	156	174
2	156	178
2	156	180
2	156	188
2	156	189
2	156	190
2	156	199
2	156	200
2	156	201
2	156	202
2	156	203
2	156	204
2	156	205
2	156	206
2	156	207
2	156	208
2	156	209
2	156	210
2	156	211
2	156	212
2	156	213
2	156	214
2	156	215
2	156	216
2	156	217
2	156	218
2	156	219
2	156	220
2	156	221
2	156	222
2	156	223
2	156	224
2	156	225
2	156	226
2	156	227
2	156	228
2	156	229
2	156	230
2	156	231
2	156	232
2	156	233
2	156	241
2	156	246
2	156	247
2	156	248
2	156	249
2	156	250
2	156	251
2	156	252
2	156	253
2	156	254
2	156	255
2	156	256
2	156	257
2	156	258
2	156	259
2	156	260
2	155	37
2	155	38
2	155	39
2	155	40
2	155	41
2	155	42
2	155	43
2	155	44
2	155	45
2	155	46
2	155	47
2	155	48
2	155	66
2	155	67
2	155	68
2	155	69
2	155	70
2	155	71
2	155	72
2	155	119
2	155	120
2	155	121
2	155	122
2	155	123
2	155	124
2	155	125
2	155	126
2	155	127
2	155	128
2	155	129
2	155	130
2	155	131
2	155	132
2	155	133
2	155	134
2	155	135
2	155	136
2	155	137
2	155	138
2	155	139
2	155	140
2	155	141
2	155	142
2	155	143
2	155	144
2	155	145
2	155	146
2	155	147
2	155	148
2	155	149
2	155	150
2	155	151
2	155	152
2	155	153
2	155	160
2	155	161
2	155	162
2	155	163
2	155	164
2	155	174
2	155	175
2	155	176
2	155	177
2	155	178
2	155	179
2	155	180
2	155	181
2	155	182
2	155	183
2	155	184
2	155	185
2	155	186
2	155	187
2	155	199
2	155	200
2	155	201
2	155	202
2	155	203
2	155	204
2	155	205
2	155	206
2	155	207
2	155	208
2	155	209
2	155	210
2	155	211
2	155	212
2	155	213
2	155	214
2	155	215
2	155	216
2	155	217
2	155	218
2	155	219
2	155	220
2	155	221
2	155	222
2	155	223
2	155	224
2	155	225
2	155	226
2	155	227
2	155	228
2	155	229
2	155	230
2	155	231
2	155	232
2	155	233
2	155	241
2	155	243
2	155	246
2	155	247
2	155	248
2	155	249
2	155	250
2	155	251
2	155	252
2	155	253
2	155	254
2	155	255
2	155	256
2	155	257
2	155	258
2	155	259
2	155	260
2	155	261
2	155	262
2	155	263
2	155	264
2	155	265
2	155	266
2	155	267
2	155	268
2	155	269
2	155	270
2	155	271
2	154	37
2	154	38
2	154	39
2	154	40
2	154	41
2	154	42
2	154	43
2	154	44
2	154	45
2	154	46
2	154	47
2	154	48
2	154	66
2	154	67
2	154	68
2	154	69
2	154	70
2	154	71
2	154	72
2	154	73
2	154	78
2	154	118
2	154	119
2	154	120
2	154	121
2	154	122
2	154	123
2	154	124
2	154	125
2	154	126
2	154	127
2	154	128
2	154	129
2	154	130
2	154	131
2	154	132
2	154	133
2	154	134
2	154	135
2	154	136
2	154	137
2	154	138
2	154	139
2	154	140
2	154	141
2	154	142
2	154	143
2	154	144
2	154	145
2	154	146
2	154	147
2	154	148
2	154	149
2	154	150
2	154	151
2	154	159
2	154	160
2	154	161
2	154	162
2	154	163
2	154	164
2	154	165
2	154	172
2	154	173
2	154	174
2	154	175
2	154	176
2	154	177
2	154	178
2	154	179
2	154	180
2	154	181
2	154	182
2	154	183
2	154	199
2	154	200
2	154	201
2	154	202
2	154	203
2	154	204
2	154	205
2	154	206
2	154	207
2	154	208
2	154	209
2	154	210
2	154	211
2	154	212
2	154	213
2	154	214
2	154	215
2	154	216
2	154	217
2	154	218
2	154	219
2	154	220
2	154	221
2	154	222
2	154	223
2	154	224
2	154	225
2	154	226
2	154	227
2	154	228
2	154	229
2	154	230
2	154	231
2	154	232
2	154	233
2	154	240
2	154	243
2	154	244
2	154	246
2	154	247
2	154	248
2	154	249
2	154	250
2	154	251
2	154	252
2	154	253
2	154	254
2	154	255
2	154	256
2	154	257
2	154	258
2	154	259
2	154	260
2	154	261
2	154	262
2	154	263
2	154	267
2	154	268
2	154	269
2	154	272
2	153	37
2	153	38
2	153	39
2	153	40
2	153	41
2	153	42
2	153	43
2	153	44
2	153	45
2	153	46
2	153	47
2	153	48
2	153	65
2	153	66
2	153	67
2	153	68
2	153	69
2	153	70
2	153	71
2	153	72
2	153	73
2	153	74
2	153	75
2	153	76
2	153	77
2	153	117
2	153	118
2	153	119
2	153	120
2	153	121
2	153	122
2	153	123
2	153	124
2	153	125
2	153	126
2	153	127
2	153	128
2	153	129
2	153	130
2	153	131
2	153	132
2	153	133
2	153	134
2	153	135
2	153	136
2	153	137
2	153	138
2	153	139
2	153	140
2	153	141
2	153	142
2	153	143
2	153	144
2	153	145
2	153	146
2	153	147
2	153	148
2	153	149
2	153	150
2	153	157
2	153	158
2	153	159
2	153	160
2	153	161
2	153	162
2	153	163
2	153	164
2	153	165
2	153	166
2	153	170
2	153	171
2	153	172
2	153	173
2	153	174
2	153	175
2	153	176
2	153	177
2	153	178
2	153	179
2	153	180
2	153	197
2	153	198
2	153	199
2	153	200
2	153	201
2	153	202
2	153	203
2	153	204
2	153	205
2	153	206
2	153	207
2	153	208
2	153	209
2	153	210
2	153	211
2	153	212
2	153	213
2	153	214
2	153	215
2	153	216
2	153	217
2	153	218
2	153	219
2	153	220
2	153	221
2	153	222
2	153	223
2	153	224
2	153	225
2	153	226
2	153	227
2	153	228
2	153	229
2	153	230
2	153	231
2	153	232
2	153	233
2	153	240
2	153	242
2	153	243
2	153	244
2	153	246
2	153	247
2	153	248
2	153	249
2	153	250
2	153	251
2	153	252
2	153	253
2	153	254
2	153	255
2	153	256
2	153	257
2	153	258
2	153	259
2	153	260
2	153	261
2	153	262
2	153	263
2	153	264
2	153	268
2	153	273
2	153	276
2	153	277
2	152	37
2	152	38
2	152	39
2	152	40
2	152	41
2	152	42
2	152	43
2	152	44
2	152	45
2	152	46
2	152	47
2	152	65
2	152	66
2	152	67
2	152	68
2	152	71
2	152	72
2	152	73
2	152	74
2	152	75
2	152	98
2	152	99
2	152	100
2	152	101
2	152	102
2	152	103
2	152	104
2	152	105
2	152	116
2	152	117
2	152	118
2	152	119
2	152	120
2	152	121
2	152	122
2	152	123
2	152	124
2	152	125
2	152	126
2	152	127
2	152	128
2	152	129
2	152	130
2	152	131
2	152	132
2	152	133
2	152	134
2	152	135
2	152	136
2	152	137
2	152	138
2	152	139
2	152	140
2	152	141
2	152	142
2	152	143
2	152	144
2	152	145
2	152	146
2	152	147
2	152	148
2	152	149
2	152	157
2	152	158
2	152	161
2	152	162
2	152	163
2	152	164
2	152	165
2	152	166
2	152	167
2	152	169
2	152	170
2	152	171
2	152	172
2	152	173
2	152	174
2	152	175
2	152	176
2	152	177
2	152	178
2	152	179
2	152	180
2	152	193
2	152	194
2	152	195
2	152	196
2	152	197
2	152	198
2	152	199
2	152	200
2	152	201
2	152	202
2	152	203
2	152	204
2	152	205
2	152	206
2	152	207
2	152	208
2	152	209
2	152	210
2	152	211
2	152	212
2	152	213
2	152	214
2	152	215
2	152	216
2	152	217
2	152	218
2	152	219
2	152	220
2	152	221
2	152	222
2	152	223
2	152	224
2	152	225
2	152	226
2	152	227
2	152	228
2	152	229
2	152	230
2	152	231
2	152	232
2	152	233
2	152	234
2	152	240
2	152	241
2	152	242
2	152	243
2	152	244
2	152	245
2	152	246
2	152	247
2	152	248
2	152	249
2	152	250
2	152	251
2	152	252
2	152	253
2	152	254
2	152	255
2	152	256
2	152	257
2	152	258
2	152	259
2	152	260
2	152	261
2	152	262
2	152	265
2	152	269
2	152	274
2	152	275
2	152	278
2	152	279
2	152	280
2	152	281
2	152	282
2	151	38
2	151	39
2	151	40
2	151	41
2	151	42
2	151	43
2	151	44
2	151	45
2	151	46
2	151	47
2	151	65
2	151	66
2	151	67
2	151	72
2	151	73
2	151	74
2	151	75
2	151	96
2	151	97
2	151	98
2	151	99
2	151	100
2	151	101
2	151	102
2	151	103
2	151	104
2	151	105
2	151	106
2	151	107
2	151	114
2	151	115
2	151	116
2	151	117
2	151	118
2	151	119
2	151	120
2	151	121
2	151	122
2	151	123
2	151	124
2	151	125
2	151	126
2	151	127
2	151	128
2	151	129
2	151	130
2	151	131
2	151	132
2	151	133
2	151	134
2	151	135
2	151	136
2	151	137
2	151	138
2	151	139
2	151	140
2	151	141
2	151	142
2	151	143
2	151	144
2	151	145
2	151	146
2	151	147
2	151	157
2	151	158
2	151	164
2	151	165
2	151	166
2	151	167
2	151	168
2	151	169
2	151	170
2	151	171
2	151	172
2	151	173
2	151	174
2	151	175
2	151	176
2	151	177
2	151	178
2	151	179
2	151	180
2	151	190
2	151	191
2	151	192
2	151	193
2	151	194
2	151	195
2	151	196
2	151	197
2	151	198
2	151	199
2	151	200
2	151	201
2	151	202
2	151	203
2	151	204
2	151	205
2	151	206
2	151	207
2	151	208
2	151	209
2	151	210
2	151	211
2	151	212
2	151	213
2	151	214
2	151	215
2	151	216
2	151	217
2	151	218
2	151	219
2	151	220
2	151	221
2	151	222
2	151	223
2	151	224
2	151	225
2	151	226
2	151	227
2	151	228
2	151	229
2	151	230
2	151	231
2	151	232
2	151	233
2	151	234
2	151	240
2	151	241
2	151	242
2	151	243
2	151	244
2	151	245
2	151	246
2	151	247
2	151	248
2	151	249
2	151	250
2	151	251
2	151	252
2	151	253
2	151	254
2	151	255
2	151	256
2	151	257
2	151	258
2	151	259
2	151	260
2	151	261
2	151	262
2	151	263
2	151	266
2	151	270
2	151	283
2	150	37
2	150	38
2	150	39
2	150	40
2	150	41
2	150	42
2	150	43
2	150	44
2	150	45
2	150	46
2	150	47
2	150	65
2	150	66
2	150	67
2	150	73
2	150	74
2	150	75
2	150	95
2	150	96
2	150	97
2	150	98
2	150	99
2	150	100
2	150	101
2	150	103
2	150	104
2	150	105
2	150	106
2	150	107
2	150	108
2	150	109
2	150	114
2	150	115
2	150	116
2	150	117
2	150	118
2	150	119
2	150	120
2	150	121
2	150	122
2	150	123
2	150	124
2	150	125
2	150	126
2	150	127
2	150	128
2	150	129
2	150	130
2	150	131
2	150	132
2	150	133
2	150	134
2	150	135
2	150	136
2	150	137
2	150	138
2	150	139
2	150	140
2	150	141
2	150	142
2	150	143
2	150	144
2	150	145
2	150	146
2	150	147
2	150	148
2	150	156
2	150	157
2	150	158
2	150	165
2	150	166
2	150	167
2	150	168
2	150	169
2	150	170
2	150	171
2	150	172
2	150	173
2	150	174
2	150	175
2	150	176
2	150	177
2	150	178
2	150	179
2	150	189
2	150	190
2	150	191
2	150	192
2	150	193
2	150	194
2	150	195
2	150	196
2	150	197
2	150	198
2	150	199
2	150	200
2	150	201
2	150	202
2	150	203
2	150	204
2	150	205
2	150	206
2	150	207
2	150	208
2	150	209
2	150	210
2	150	211
2	150	212
2	150	213
2	150	214
2	150	215
2	150	216
2	150	217
2	150	218
2	150	219
2	150	220
2	150	221
2	150	222
2	150	223
2	150	224
2	150	225
2	150	226
2	150	227
2	150	228
2	150	229
2	150	230
2	150	231
2	150	232
2	150	233
2	150	234
2	150	235
2	150	236
2	150	240
2	150	241
2	150	242
2	150	243
2	150	244
2	150	245
2	150	246
2	150	247
2	150	248
2	150	249
2	150	250
2	150	251
2	150	252
2	150	253
2	150	254
2	150	255
2	150	256
2	150	257
2	150	258
2	150	259
2	150	260
2	150	261
2	150	262
2	150	263
2	150	264
2	150	271
2	150	284
2	149	36
2	149	38
2	149	39
2	149	40
2	149	41
2	149	42
2	149	43
2	149	65
2	149	66
2	149	73
2	149	74
2	149	75
2	149	76
2	149	94
2	149	95
2	149	96
2	149	97
2	149	98
2	149	99
2	149	100
2	149	105
2	149	106
2	149	107
2	149	108
2	149	109
2	149	110
2	149	111
2	149	112
2	149	113
2	149	114
2	149	115
2	149	116
2	149	117
2	149	118
2	149	119
2	149	120
2	149	121
2	149	122
2	149	123
2	149	124
2	149	125
2	149	126
2	149	127
2	149	128
2	149	129
2	149	130
2	149	131
2	149	132
2	149	134
2	149	135
2	149	136
2	149	137
2	149	138
2	149	139
2	149	140
2	149	141
2	149	142
2	149	143
2	149	144
2	149	145
2	149	146
2	149	147
2	149	148
2	149	149
2	149	150
2	149	151
2	149	152
2	149	153
2	149	154
2	149	155
2	149	156
2	149	157
2	149	166
2	149	167
2	149	168
2	149	169
2	149	170
2	149	171
2	149	172
2	149	173
2	149	174
2	149	175
2	149	176
2	149	177
2	149	178
2	149	187
2	149	188
2	149	189
2	149	190
2	149	191
2	149	192
2	149	193
2	149	194
2	149	195
2	149	196
2	149	197
2	149	198
2	149	199
2	149	200
2	149	201
2	149	202
2	149	203
2	149	204
2	149	205
2	149	206
2	149	207
2	149	208
2	149	209
2	149	210
2	149	211
2	149	212
2	149	213
2	149	214
2	149	215
2	149	216
2	149	217
2	149	218
2	149	219
2	149	220
2	149	221
2	149	222
2	149	223
2	149	224
2	149	225
2	149	226
2	149	227
2	149	228
2	149	229
2	149	230
2	149	231
2	149	232
2	149	233
2	149	234
2	149	235
2	149	236
2	149	240
2	149	241
2	149	242
2	149	243
2	149	244
2	149	245
2	149	246
2	149	247
2	149	248
2	149	249
2	149	250
2	149	251
2	149	252
2	149	253
2	149	254
2	149	255
2	149	256
2	149	257
2	149	258
2	149	259
2	149	260
2	149	261
2	149	262
2	149	263
2	149	264
2	149	271
2	149	285
2	148	36
2	148	38
2	148	41
2	148	42
2	148	43
2	148	44
2	148	65
2	148	66
2	148	74
2	148	75
2	148	76
2	148	93
2	148	94
2	148	95
2	148	96
2	148	97
2	148	98
2	148	99
2	148	107
2	148	108
2	148	109
2	148	110
2	148	111
2	148	112
2	148	113
2	148	114
2	148	115
2	148	116
2	148	117
2	148	118
2	148	119
2	148	120
2	148	121
2	148	122
2	148	124
2	148	125
2	148	126
2	148	127
2	148	128
2	148	129
2	148	130
2	148	131
2	148	134
2	148	135
2	148	136
2	148	138
2	148	139
2	148	140
2	148	141
2	148	142
2	148	143
2	148	144
2	148	145
2	148	146
2	148	147
2	148	148
2	148	149
2	148	150
2	148	151
2	148	152
2	148	153
2	148	154
2	148	155
2	148	156
2	148	167
2	148	168
2	148	169
2	148	170
2	148	171
2	148	172
2	148	173
2	148	174
2	148	175
2	148	176
2	148	177
2	148	178
2	148	179
2	148	180
2	148	181
2	148	185
2	148	186
2	148	187
2	148	188
2	148	189
2	148	190
2	148	191
2	148	192
2	148	193
2	148	194
2	148	195
2	148	196
2	148	197
2	148	198
2	148	199
2	148	200
2	148	201
2	148	202
2	148	203
2	148	204
2	148	205
2	148	206
2	148	207
2	148	208
2	148	209
2	148	210
2	148	211
2	148	212
2	148	213
2	148	214
2	148	215
2	148	216
2	148	217
2	148	218
2	148	219
2	148	220
2	148	221
2	148	222
2	148	223
2	148	224
2	148	225
2	148	226
2	148	227
2	148	228
2	148	229
2	148	230
2	148	231
2	148	232
2	148	233
2	148	234
2	148	235
2	148	236
2	148	237
2	148	240
2	148	241
2	148	242
2	148	243
2	148	244
2	148	245
2	148	246
2	148	247
2	148	248
2	148	249
2	148	250
2	148	251
2	148	252
2	148	253
2	148	254
2	148	255
2	148	256
2	148	257
2	148	258
2	148	259
2	148	260
2	148	262
2	148	263
2	148	264
2	148	265
2	148	272
2	148	273
2	148	274
2	148	285
2	147	35
2	147	38
2	147	42
2	147	43
2	147	44
2	147	64
2	147	65
2	147	66
2	147	74
2	147	75
2	147	76
2	147	77
2	147	78
2	147	92
2	147	93
2	147	94
2	147	95
2	147	96
2	147	97
2	147	98
2	147	111
2	147	112
2	147	113
2	147	114
2	147	115
2	147	116
2	147	117
2	147	118
2	147	119
2	147	120
2	147	126
2	147	127
2	147	128
2	147	133
2	147	134
2	147	135
2	147	136
2	147	138
2	147	139
2	147	140
2	147	141
2	147	142
2	147	143
2	147	144
2	147	145
2	147	146
2	147	147
2	147	148
2	147	168
2	147	171
2	147	172
2	147	173
2	147	174
2	147	175
2	147	176
2	147	177
2	147	178
2	147	179
2	147	180
2	147	181
2	147	182
2	147	183
2	147	184
2	147	185
2	147	186
2	147	187
2	147	188
2	147	189
2	147	190
2	147	191
2	147	192
2	147	193
2	147	194
2	147	195
2	147	196
2	147	197
2	147	198
2	147	199
2	147	200
2	147	201
2	147	202
2	147	203
2	147	204
2	147	205
2	147	206
2	147	207
2	147	208
2	147	209
2	147	210
2	147	211
2	147	212
2	147	213
2	147	214
2	147	215
2	147	216
2	147	217
2	147	218
2	147	219
2	147	220
2	147	221
2	147	222
2	147	223
2	147	224
2	147	225
2	147	226
2	147	227
2	147	228
2	147	229
2	147	230
2	147	231
2	147	232
2	147	233
2	147	234
2	147	235
2	147	236
2	147	237
2	147	238
2	147	240
2	147	241
2	147	242
2	147	243
2	147	244
2	147	245
2	147	246
2	147	247
2	147	248
2	147	249
2	147	250
2	147	251
2	147	252
2	147	253
2	147	254
2	147	255
2	147	256
2	147	257
2	147	258
2	147	259
2	147	260
2	147	262
2	147	263
2	147	264
2	147	265
2	147	274
2	147	275
2	147	286
2	146	34
2	146	38
2	146	43
2	146	44
2	146	45
2	146	64
2	146	65
2	146	66
2	146	67
2	146	75
2	146	76
2	146	77
2	146	78
2	146	79
2	146	80
2	146	91
2	146	92
2	146	93
2	146	94
2	146	95
2	146	96
2	146	97
2	146	98
2	146	113
2	146	114
2	146	115
2	146	116
2	146	117
2	146	133
2	146	134
2	146	135
2	146	138
2	146	139
2	146	140
2	146	141
2	146	142
2	146	143
2	146	144
2	146	145
2	146	146
2	146	147
2	146	148
2	146	149
2	146	176
2	146	177
2	146	178
2	146	179
2	146	180
2	146	181
2	146	182
2	146	183
2	146	184
2	146	185
2	146	186
2	146	187
2	146	188
2	146	189
2	146	190
2	146	191
2	146	192
2	146	193
2	146	194
2	146	195
2	146	196
2	146	197
2	146	198
2	146	199
2	146	200
2	146	201
2	146	202
2	146	203
2	146	204
2	146	205
2	146	206
2	146	207
2	146	208
2	146	209
2	146	210
2	146	211
2	146	212
2	146	213
2	146	214
2	146	215
2	146	216
2	146	217
2	146	218
2	146	219
2	146	220
2	146	221
2	146	222
2	146	223
2	146	224
2	146	225
2	146	226
2	146	227
2	146	228
2	146	229
2	146	230
2	146	231
2	146	232
2	146	233
2	146	234
2	146	235
2	146	236
2	146	237
2	146	238
2	146	240
2	146	241
2	146	242
2	146	243
2	146	244
2	146	245
2	146	246
2	146	247
2	146	248
2	146	249
2	146	250
2	146	251
2	146	252
2	146	253
2	146	254
2	146	255
2	146	256
2	146	257
2	146	258
2	146	263
2	146	264
2	146	265
2	146	274
2	146	275
2	146	276
2	146	279
2	146	286
2	145	34
2	145	38
2	145	44
2	145	45
2	145	46
2	145	47
2	145	64
2	145	65
2	145	66
2	145	67
2	145	76
2	145	77
2	145	78
2	145	79
2	145	80
2	145	81
2	145	82
2	145	83
2	145	90
2	145	91
2	145	92
2	145	93
2	145	94
2	145	95
2	145	96
2	145	97
2	145	98
2	145	99
2	145	113
2	145	132
2	145	133
2	145	134
2	145	135
2	145	140
2	145	141
2	145	142
2	145	143
2	145	144
2	145	145
2	145	146
2	145	147
2	145	148
2	145	149
2	145	150
2	145	180
2	145	181
2	145	182
2	145	183
2	145	184
2	145	185
2	145	186
2	145	187
2	145	188
2	145	189
2	145	190
2	145	191
2	145	192
2	145	193
2	145	194
2	145	195
2	145	196
2	145	197
2	145	198
2	145	199
2	145	200
2	145	201
2	145	202
2	145	203
2	145	204
2	145	205
2	145	206
2	145	207
2	145	208
2	145	209
2	145	210
2	145	211
2	145	212
2	145	213
2	145	214
2	145	215
2	145	216
2	145	217
2	145	218
2	145	219
2	145	220
2	145	221
2	145	222
2	145	223
2	145	224
2	145	225
2	145	226
2	145	227
2	145	228
2	145	229
2	145	230
2	145	231
2	145	232
2	145	233
2	145	234
2	145	235
2	145	236
2	145	237
2	145	238
2	145	239
2	145	241
2	145	242
2	145	243
2	145	244
2	145	245
2	145	246
2	145	247
2	145	248
2	145	249
2	145	250
2	145	251
2	145	252
2	145	253
2	145	254
2	145	255
2	145	256
2	145	257
2	145	258
2	145	264
2	145	271
2	145	272
2	145	275
2	145	276
2	145	277
2	145	278
2	145	279
2	145	280
2	145	286
2	144	33
2	144	38
2	144	44
2	144	45
2	144	46
2	144	47
2	144	48
2	144	49
2	144	53
2	144	54
2	144	55
2	144	56
2	144	57
2	144	58
2	144	64
2	144	65
2	144	66
2	144	67
2	144	78
2	144	79
2	144	80
2	144	81
2	144	82
2	144	83
2	144	84
2	144	85
2	144	86
2	144	87
2	144	88
2	144	89
2	144	90
2	144	91
2	144	92
2	144	93
2	144	94
2	144	95
2	144	96
2	144	97
2	144	100
2	144	112
2	144	132
2	144	133
2	144	134
2	144	135
2	144	141
2	144	142
2	144	143
2	144	144
2	144	145
2	144	146
2	144	147
2	144	148
2	144	149
2	144	150
2	144	151
2	144	156
2	144	157
2	144	183
2	144	184
2	144	185
2	144	188
2	144	189
2	144	190
2	144	191
2	144	192
2	144	193
2	144	194
2	144	195
2	144	196
2	144	197
2	144	198
2	144	199
2	144	200
2	144	201
2	144	202
2	144	203
2	144	204
2	144	205
2	144	206
2	144	207
2	144	208
2	144	209
2	144	210
2	144	211
2	144	212
2	144	213
2	144	214
2	144	215
2	144	216
2	144	217
2	144	218
2	144	219
2	144	220
2	144	221
2	144	222
2	144	223
2	144	224
2	144	225
2	144	226
2	144	227
2	144	228
2	144	229
2	144	230
2	144	231
2	144	232
2	144	233
2	144	234
2	144	235
2	144	236
2	144	237
2	144	238
2	144	239
2	144	241
2	144	242
2	144	243
2	144	244
2	144	245
2	144	246
2	144	247
2	144	248
2	144	249
2	144	250
2	144	251
2	144	252
2	144	253
2	144	254
2	144	255
2	144	256
2	144	257
2	144	258
2	144	271
2	144	272
2	144	273
2	144	279
2	144	280
2	144	281
2	144	287
2	143	31
2	143	32
2	143	38
2	143	45
2	143	46
2	143	47
2	143	48
2	143	49
2	143	50
2	143	51
2	143	52
2	143	53
2	143	54
2	143	55
2	143	56
2	143	57
2	143	58
2	143	59
2	143	60
2	143	64
2	143	65
2	143	66
2	143	67
2	143	79
2	143	80
2	143	81
2	143	82
2	143	83
2	143	84
2	143	85
2	143	86
2	143	87
2	143	88
2	143	89
2	143	90
2	143	91
2	143	92
2	143	93
2	143	94
2	143	95
2	143	96
2	143	97
2	143	100
2	143	111
2	143	132
2	143	133
2	143	134
2	143	135
2	143	141
2	143	142
2	143	143
2	143	144
2	143	145
2	143	146
2	143	147
2	143	148
2	143	149
2	143	150
2	143	151
2	143	152
2	143	153
2	143	154
2	143	155
2	143	156
2	143	157
2	143	158
2	143	159
2	143	190
2	143	191
2	143	192
2	143	193
2	143	194
2	143	195
2	143	196
2	143	197
2	143	198
2	143	199
2	143	200
2	143	201
2	143	202
2	143	203
2	143	204
2	143	205
2	143	206
2	143	207
2	143	208
2	143	209
2	143	210
2	143	211
2	143	212
2	143	213
2	143	214
2	143	215
2	143	216
2	143	217
2	143	218
2	143	219
2	143	220
2	143	221
2	143	222
2	143	223
2	143	224
2	143	225
2	143	226
2	143	227
2	143	228
2	143	229
2	143	230
2	143	231
2	143	232
2	143	233
2	143	234
2	143	235
2	143	236
2	143	237
2	143	238
2	143	239
2	143	241
2	143	242
2	143	243
2	143	244
2	143	246
2	143	247
2	143	248
2	143	249
2	143	250
2	143	251
2	143	252
2	143	253
2	143	254
2	143	255
2	143	256
2	143	272
2	143	273
2	143	280
2	143	281
2	142	30
2	142	37
2	142	47
2	142	48
2	142	49
2	142	50
2	142	51
2	142	52
2	142	53
2	142	54
2	142	55
2	142	56
2	142	57
2	142	58
2	142	59
2	142	60
2	142	61
2	142	62
2	142	63
2	142	64
2	142	65
2	142	66
2	142	67
2	142	80
2	142	81
2	142	82
2	142	83
2	142	84
2	142	85
2	142	86
2	142	87
2	142	88
2	142	89
2	142	90
2	142	91
2	142	92
2	142	93
2	142	94
2	142	95
2	142	96
2	142	99
2	142	132
2	142	133
2	142	134
2	142	135
2	142	142
2	142	143
2	142	144
2	142	145
2	142	146
2	142	147
2	142	148
2	142	149
2	142	150
2	142	151
2	142	152
2	142	153
2	142	154
2	142	155
2	142	156
2	142	157
2	142	158
2	142	159
2	142	191
2	142	192
2	142	193
2	142	194
2	142	195
2	142	196
2	142	197
2	142	198
2	142	199
2	142	200
2	142	201
2	142	202
2	142	203
2	142	204
2	142	205
2	142	206
2	142	207
2	142	208
2	142	209
2	142	210
2	142	211
2	142	212
2	142	213
2	142	214
2	142	215
2	142	216
2	142	217
2	142	218
2	142	219
2	142	220
2	142	221
2	142	222
2	142	223
2	142	224
2	142	225
2	142	226
2	142	227
2	142	228
2	142	229
2	142	230
2	142	231
2	142	232
2	142	233
2	142	234
2	142	235
2	142	236
2	142	237
2	142	238
2	142	239
2	142	241
2	142	242
2	142	247
2	142	248
2	142	249
2	142	250
2	142	251
2	142	252
2	142	253
2	142	254
2	142	255
2	141	29
2	141	37
2	141	51
2	141	52
2	141	53
2	141	54
2	141	58
2	141	59
2	141	60
2	141	61
2	141	62
2	141	63
2	141	64
2	141	65
2	141	66
2	141	81
2	141	82
2	141	83
2	141	84
2	141	85
2	141	86
2	141	87
2	141	88
2	141	89
2	141	90
2	141	91
2	141	92
2	141	93
2	141	94
2	141	95
2	141	96
2	141	100
2	141	132
2	141	133
2	141	134
2	141	135
2	141	142
2	141	143
2	141	144
2	141	145
2	141	146
2	141	147
2	141	148
2	141	149
2	141	150
2	141	151
2	141	152
2	141	153
2	141	154
2	141	155
2	141	156
2	141	157
2	141	158
2	141	159
2	141	160
2	141	165
2	141	166
2	141	167
2	141	168
2	141	177
2	141	178
2	141	179
2	141	180
2	141	192
2	141	193
2	141	194
2	141	195
2	141	196
2	141	197
2	141	198
2	141	199
2	141	200
2	141	201
2	141	202
2	141	203
2	141	204
2	141	205
2	141	206
2	141	207
2	141	208
2	141	209
2	141	210
2	141	211
2	141	212
2	141	213
2	141	214
2	141	215
2	141	216
2	141	217
2	141	218
2	141	219
2	141	220
2	141	221
2	141	222
2	141	223
2	141	224
2	141	225
2	141	226
2	141	227
2	141	228
2	141	229
2	141	230
2	141	231
2	141	232
2	141	233
2	141	234
2	141	235
2	141	236
2	141	237
2	141	238
2	141	239
2	141	240
2	141	241
2	141	242
2	141	249
2	141	250
2	141	251
2	141	255
2	141	256
2	141	257
2	141	258
2	140	28
2	140	36
2	140	51
2	140	52
2	140	53
2	140	59
2	140	60
2	140	61
2	140	62
2	140	63
2	140	64
2	140	65
2	140	66
2	140	81
2	140	82
2	140	83
2	140	84
2	140	85
2	140	86
2	140	87
2	140	88
2	140	89
2	140	90
2	140	91
2	140	92
2	140	93
2	140	94
2	140	100
2	140	132
2	140	133
2	140	134
2	140	135
2	140	143
2	140	144
2	140	145
2	140	146
2	140	147
2	140	148
2	140	149
2	140	150
2	140	151
2	140	152
2	140	153
2	140	154
2	140	155
2	140	156
2	140	157
2	140	158
2	140	159
2	140	160
2	140	161
2	140	162
2	140	163
2	140	164
2	140	165
2	140	166
2	140	167
2	140	168
2	140	169
2	140	170
2	140	176
2	140	177
2	140	178
2	140	179
2	140	180
2	140	181
2	140	182
2	140	193
2	140	194
2	140	195
2	140	196
2	140	197
2	140	198
2	140	199
2	140	200
2	140	201
2	140	202
2	140	203
2	140	204
2	140	205
2	140	206
2	140	207
2	140	208
2	140	209
2	140	210
2	140	211
2	140	212
2	140	213
2	140	214
2	140	215
2	140	216
2	140	217
2	140	218
2	140	219
2	140	220
2	140	221
2	140	222
2	140	223
2	140	224
2	140	225
2	140	226
2	140	227
2	140	228
2	140	229
2	140	230
2	140	231
2	140	232
2	140	233
2	140	234
2	140	235
2	140	236
2	140	237
2	140	238
2	140	239
2	140	240
2	140	241
2	140	242
2	140	251
2	140	257
2	140	258
2	139	27
2	139	36
2	139	51
2	139	52
2	139	60
2	139	61
2	139	62
2	139	63
2	139	64
2	139	83
2	139	84
2	139	85
2	139	86
2	139	87
2	139	88
2	139	89
2	139	90
2	139	91
2	139	92
2	139	93
2	139	94
2	139	100
2	139	132
2	139	133
2	139	134
2	139	135
2	139	146
2	139	147
2	139	148
2	139	149
2	139	150
2	139	151
2	139	152
2	139	153
2	139	154
2	139	155
2	139	156
2	139	157
2	139	158
2	139	159
2	139	160
2	139	161
2	139	162
2	139	163
2	139	164
2	139	165
2	139	168
2	139	169
2	139	170
2	139	171
2	139	172
2	139	174
2	139	175
2	139	176
2	139	177
2	139	178
2	139	179
2	139	180
2	139	181
2	139	182
2	139	183
2	139	195
2	139	196
2	139	197
2	139	198
2	139	199
2	139	200
2	139	201
2	139	202
2	139	203
2	139	204
2	139	205
2	139	206
2	139	207
2	139	208
2	139	209
2	139	210
2	139	211
2	139	212
2	139	213
2	139	214
2	139	215
2	139	216
2	139	217
2	139	218
2	139	219
2	139	220
2	139	221
2	139	222
2	139	223
2	139	224
2	139	225
2	139	226
2	139	227
2	139	228
2	139	229
2	139	230
2	139	231
2	139	232
2	139	233
2	139	234
2	139	235
2	139	236
2	139	237
2	139	238
2	139	239
2	139	240
2	139	242
2	139	251
2	139	258
2	138	26
2	138	35
2	138	50
2	138	51
2	138	52
2	138	64
2	138	84
2	138	85
2	138	86
2	138	87
2	138	88
2	138	89
2	138	90
2	138	91
2	138	92
2	138	93
2	138	100
2	138	132
2	138	133
2	138	134
2	138	135
2	138	148
2	138	149
2	138	150
2	138	151
2	138	152
2	138	153
2	138	154
2	138	155
2	138	156
2	138	157
2	138	158
2	138	159
2	138	160
2	138	161
2	138	169
2	138	170
2	138	171
2	138	172
2	138	173
2	138	174
2	138	175
2	138	176
2	138	177
2	138	178
2	138	179
2	138	180
2	138	181
2	138	182
2	138	183
2	138	184
2	138	195
2	138	196
2	138	197
2	138	198
2	138	199
2	138	200
2	138	201
2	138	202
2	138	203
2	138	204
2	138	205
2	138	206
2	138	207
2	138	208
2	138	209
2	138	210
2	138	211
2	138	212
2	138	213
2	138	214
2	138	215
2	138	216
2	138	217
2	138	218
2	138	219
2	138	220
2	138	221
2	138	222
2	138	223
2	138	224
2	138	225
2	138	226
2	138	227
2	138	228
2	138	229
2	138	230
2	138	231
2	138	232
2	138	233
2	138	234
2	138	235
2	138	236
2	138	237
2	138	238
2	138	239
2	138	240
2	138	241
2	138	243
2	138	258
2	137	34
2	137	50
2	137	51
2	137	85
2	137	86
2	137	94
2	137	100
2	137	131
2	137	132
2	137	133
2	137	134
2	137	135
2	137	136
2	137	149
2	137	150
2	137	151
2	137	152
2	137	153
2	137	154
2	137	155
2	137	156
2	137	157
2	137	158
2	137	159
2	137	160
2	137	161
2	137	170
2	137	171
2	137	172
2	137	173
2	137	174
2	137	175
2	137	176
2	137	177
2	137	178
2	137	179
2	137	180
2	137	181
2	137	182
2	137	183
2	137	184
2	137	196
2	137	197
2	137	198
2	137	199
2	137	200
2	137	201
2	137	202
2	137	203
2	137	204
2	137	205
2	137	206
2	137	207
2	137	208
2	137	209
2	137	210
2	137	211
2	137	212
2	137	213
2	137	214
2	137	215
2	137	216
2	137	217
2	137	218
2	137	219
2	137	220
2	137	221
2	137	222
2	137	223
2	137	224
2	137	225
2	137	226
2	137	227
2	137	228
2	137	229
2	137	230
2	137	231
2	137	232
2	137	233
2	137	234
2	137	235
2	137	236
2	137	237
2	137	238
2	137	239
2	137	240
2	137	241
2	137	244
2	137	258
2	137	259
2	137	260
2	137	261
2	136	34
2	136	50
2	136	51
2	136	84
2	136	94
2	136	101
2	136	131
2	136	132
2	136	133
2	136	134
2	136	135
2	136	136
2	136	150
2	136	151
2	136	152
2	136	153
2	136	154
2	136	155
2	136	156
2	136	157
2	136	158
2	136	159
2	136	160
2	136	161
2	136	162
2	136	171
2	136	172
2	136	173
2	136	174
2	136	175
2	136	176
2	136	177
2	136	178
2	136	179
2	136	180
2	136	181
2	136	182
2	136	183
2	136	184
2	136	185
2	136	196
2	136	197
2	136	198
2	136	199
2	136	200
2	136	201
2	136	202
2	136	203
2	136	204
2	136	205
2	136	206
2	136	207
2	136	208
2	136	209
2	136	210
2	136	211
2	136	212
2	136	213
2	136	214
2	136	215
2	136	216
2	136	217
2	136	218
2	136	219
2	136	220
2	136	221
2	136	222
2	136	223
2	136	224
2	136	225
2	136	226
2	136	227
2	136	228
2	136	229
2	136	230
2	136	231
2	136	232
2	136	233
2	136	234
2	136	235
2	136	236
2	136	237
2	136	238
2	136	239
2	136	240
2	136	244
2	136	258
2	135	34
2	135	49
2	135	50
2	135	83
2	135	94
2	135	101
2	135	131
2	135	132
2	135	133
2	135	150
2	135	151
2	135	152
2	135	153
2	135	154
2	135	155
2	135	156
2	135	157
2	135	158
2	135	159
2	135	160
2	135	161
2	135	162
2	135	173
2	135	174
2	135	175
2	135	176
2	135	177
2	135	178
2	135	179
2	135	180
2	135	181
2	135	182
2	135	183
2	135	184
2	135	185
2	135	186
2	135	196
2	135	197
2	135	198
2	135	199
2	135	200
2	135	201
2	135	202
2	135	203
2	135	204
2	135	205
2	135	206
2	135	207
2	135	208
2	135	209
2	135	210
2	135	211
2	135	212
2	135	213
2	135	214
2	135	215
2	135	216
2	135	217
2	135	218
2	135	219
2	135	220
2	135	221
2	135	222
2	135	223
2	135	224
2	135	225
2	135	226
2	135	227
2	135	228
2	135	229
2	135	230
2	135	231
2	135	232
2	135	233
2	135	234
2	135	235
2	135	236
2	135	237
2	135	238
2	135	239
2	135	240
2	135	245
2	135	258
2	135	259
2	134	32
2	134	33
2	134	49
2	134	50
2	134	82
2	134	94
2	134	101
2	134	131
2	134	132
2	134	133
2	134	149
2	134	150
2	134	151
2	134	152
2	134	153
2	134	154
2	134	155
2	134	156
2	134	157
2	134	158
2	134	159
2	134	160
2	134	161
2	134	162
2	134	175
2	134	176
2	134	177
2	134	178
2	134	179
2	134	180
2	134	181
2	134	182
2	134	183
2	134	184
2	134	185
2	134	186
2	134	197
2	134	198
2	134	199
2	134	200
2	134	201
2	134	202
2	134	203
2	134	204
2	134	205
2	134	206
2	134	207
2	134	208
2	134	209
2	134	210
2	134	211
2	134	212
2	134	213
2	134	214
2	134	215
2	134	216
2	134	217
2	134	218
2	134	219
2	134	220
2	134	221
2	134	222
2	134	223
2	134	224
2	134	225
2	134	226
2	134	227
2	134	228
2	134	229
2	134	230
2	134	231
2	134	232
2	134	233
2	134	234
2	134	235
2	134	236
2	134	237
2	134	238
2	134	239
2	134	240
2	134	245
2	134	259
2	134	260
2	133	31
2	133	49
2	133	50
2	133	82
2	133	94
2	133	127
2	133	128
2	133	131
2	133	132
2	133	133
2	133	148
2	133	149
2	133	150
2	133	151
2	133	152
2	133	153
2	133	154
2	133	155
2	133	156
2	133	157
2	133	158
2	133	159
2	133	160
2	133	161
2	133	162
2	133	175
2	133	176
2	133	177
2	133	178
2	133	179
2	133	180
2	133	181
2	133	182
2	133	183
2	133	184
2	133	185
2	133	186
2	133	197
2	133	198
2	133	199
2	133	200
2	133	201
2	133	202
2	133	203
2	133	204
2	133	205
2	133	206
2	133	207
2	133	208
2	133	209
2	133	210
2	133	211
2	133	212
2	133	213
2	133	214
2	133	215
2	133	216
2	133	217
2	133	218
2	133	219
2	133	220
2	133	221
2	133	222
2	133	223
2	133	224
2	133	225
2	133	226
2	133	227
2	133	228
2	133	229
2	133	230
2	133	231
2	133	232
2	133	233
2	133	234
2	133	235
2	133	236
2	133	237
2	133	238
2	133	239
2	133	246
2	133	259
2	133	260
2	132	49
2	132	50
2	132	81
2	132	94
2	132	129
2	132	130
2	132	131
2	132	132
2	132	133
2	132	148
2	132	149
2	132	150
2	132	151
2	132	152
2	132	153
2	132	154
2	132	155
2	132	156
2	132	157
2	132	158
2	132	159
2	132	160
2	132	161
2	132	162
2	132	175
2	132	176
2	132	177
2	132	178
2	132	179
2	132	180
2	132	181
2	132	182
2	132	183
2	132	184
2	132	185
2	132	186
2	132	197
2	132	198
2	132	199
2	132	200
2	132	201
2	132	202
2	132	203
2	132	204
2	132	205
2	132	206
2	132	207
2	132	208
2	132	209
2	132	210
2	132	211
2	132	212
2	132	213
2	132	214
2	132	215
2	132	216
2	132	217
2	132	218
2	132	219
2	132	220
2	132	221
2	132	222
2	132	223
2	132	224
2	132	225
2	132	226
2	132	227
2	132	228
2	132	229
2	132	230
2	132	231
2	132	232
2	132	233
2	132	234
2	132	235
2	132	236
2	132	237
2	132	238
2	132	239
2	132	246
2	132	247
2	132	260
2	131	49
2	131	50
2	131	51
2	131	80
2	131	94
2	131	130
2	131	131
2	131	132
2	131	147
2	131	148
2	131	149
2	131	150
2	131	151
2	131	152
2	131	153
2	131	154
2	131	155
2	131	156
2	131	157
2	131	158
2	131	159
2	131	160
2	131	161
2	131	162
2	131	176
2	131	179
2	131	180
2	131	181
2	131	182
2	131	183
2	131	184
2	131	185
2	131	186
2	131	187
2	131	198
2	131	199
2	131	200
2	131	201
2	131	202
2	131	203
2	131	204
2	131	205
2	131	206
2	131	207
2	131	208
2	131	209
2	131	210
2	131	211
2	131	212
2	131	213
2	131	214
2	131	215
2	131	216
2	131	217
2	131	218
2	131	219
2	131	220
2	131	221
2	131	222
2	131	223
2	131	224
2	131	225
2	131	226
2	131	227
2	131	228
2	131	229
2	131	230
2	131	231
2	131	232
2	131	233
2	131	234
2	131	235
2	131	236
2	131	237
2	131	238
2	131	239
2	131	240
2	131	241
2	131	242
2	131	243
2	131	246
2	131	248
2	131	260
2	131	269
2	131	270
2	131	271
2	131	272
2	131	273
2	131	274
2	131	275
2	130	49
2	130	50
2	130	51
2	130	80
2	130	94
2	130	130
2	130	131
2	130	146
2	130	147
2	130	148
2	130	149
2	130	150
2	130	151
2	130	152
2	130	153
2	130	154
2	130	155
2	130	156
2	130	157
2	130	158
2	130	159
2	130	160
2	130	161
2	130	177
2	130	180
2	130	181
2	130	182
2	130	183
2	130	184
2	130	185
2	130	186
2	130	188
2	130	198
2	130	199
2	130	200
2	130	201
2	130	202
2	130	203
2	130	204
2	130	205
2	130	206
2	130	207
2	130	208
2	130	209
2	130	213
2	130	214
2	130	215
2	130	216
2	130	217
2	130	218
2	130	219
2	130	220
2	130	221
2	130	222
2	130	223
2	130	224
2	130	225
2	130	226
2	130	227
2	130	228
2	130	229
2	130	230
2	130	231
2	130	232
2	130	233
2	130	234
2	130	235
2	130	236
2	130	237
2	130	238
2	130	239
2	130	240
2	130	241
2	130	242
2	130	243
2	130	244
2	130	245
2	130	248
2	130	259
2	130	261
2	130	266
2	130	267
2	130	268
2	129	48
2	129	49
2	129	52
2	129	79
2	129	94
2	129	129
2	129	130
2	129	131
2	129	146
2	129	147
2	129	148
2	129	149
2	129	150
2	129	151
2	129	152
2	129	153
2	129	154
2	129	155
2	129	156
2	129	157
2	129	158
2	129	159
2	129	160
2	129	161
2	129	177
2	129	181
2	129	182
2	129	183
2	129	184
2	129	185
2	129	186
2	129	189
2	129	199
2	129	200
2	129	201
2	129	202
2	129	203
2	129	204
2	129	205
2	129	206
2	129	207
2	129	208
2	129	214
2	129	215
2	129	216
2	129	217
2	129	218
2	129	219
2	129	220
2	129	221
2	129	222
2	129	223
2	129	224
2	129	225
2	129	226
2	129	227
2	129	228
2	129	229
2	129	230
2	129	231
2	129	232
2	129	233
2	129	234
2	129	235
2	129	236
2	129	237
2	129	238
2	129	239
2	129	240
2	129	241
2	129	242
2	129	243
2	129	244
2	129	248
2	129	259
2	129	261
2	129	264
2	129	265
2	128	47
2	128	52
2	128	79
2	128	94
2	128	128
2	128	129
2	128	130
2	128	148
2	128	149
2	128	150
2	128	151
2	128	152
2	128	153
2	128	154
2	128	155
2	128	156
2	128	157
2	128	158
2	128	159
2	128	160
2	128	177
2	128	182
2	128	183
2	128	184
2	128	185
2	128	186
2	128	187
2	128	190
2	128	200
2	128	201
2	128	202
2	128	203
2	128	204
2	128	205
2	128	214
2	128	215
2	128	216
2	128	217
2	128	218
2	128	219
2	128	220
2	128	221
2	128	222
2	128	223
2	128	224
2	128	225
2	128	226
2	128	227
2	128	228
2	128	229
2	128	230
2	128	231
2	128	232
2	128	233
2	128	234
2	128	235
2	128	236
2	128	237
2	128	238
2	128	239
2	128	240
2	128	241
2	128	242
2	128	243
2	128	244
2	128	249
2	128	258
2	128	262
2	128	263
2	127	46
2	127	53
2	127	54
2	127	79
2	127	94
2	127	128
2	127	129
2	127	130
2	127	149
2	127	150
2	127	151
2	127	152
2	127	153
2	127	154
2	127	155
2	127	156
2	127	157
2	127	158
2	127	159
2	127	160
2	127	178
2	127	184
2	127	185
2	127	186
2	127	187
2	127	190
2	127	199
2	127	203
2	127	204
2	127	205
2	127	214
2	127	215
2	127	216
2	127	217
2	127	218
2	127	219
2	127	220
2	127	223
2	127	224
2	127	225
2	127	226
2	127	227
2	127	228
2	127	229
2	127	230
2	127	231
2	127	232
2	127	233
2	127	234
2	127	235
2	127	236
2	127	237
2	127	238
2	127	239
2	127	240
2	127	241
2	127	242
2	127	243
2	127	244
2	127	249
2	127	258
2	127	263
2	127	282
2	126	45
2	126	53
2	126	54
2	126	77
2	126	78
2	126	79
2	126	94
2	126	127
2	126	128
2	126	129
2	126	149
2	126	150
2	126	151
2	126	152
2	126	153
2	126	154
2	126	155
2	126	156
2	126	157
2	126	158
2	126	159
2	126	160
2	126	161
2	126	178
2	126	186
2	126	187
2	126	190
2	126	199
2	126	204
2	126	205
2	126	213
2	126	214
2	126	215
2	126	216
2	126	217
2	126	218
2	126	219
2	126	224
2	126	225
2	126	226
2	126	227
2	126	228
2	126	229
2	126	230
2	126	231
2	126	232
2	126	233
2	126	234
2	126	235
2	126	236
2	126	237
2	126	238
2	126	239
2	126	240
2	126	241
2	126	242
2	126	243
2	126	244
2	126	245
2	126	249
2	126	258
2	126	263
2	126	282
2	125	44
2	125	53
2	125	54
2	125	76
2	125	79
2	125	93
2	125	127
2	125	128
2	125	129
2	125	150
2	125	151
2	125	152
2	125	153
2	125	154
2	125	155
2	125	156
2	125	157
2	125	158
2	125	159
2	125	160
2	125	161
2	125	179
2	125	186
2	125	191
2	125	199
2	125	205
2	125	206
2	125	212
2	125	213
2	125	214
2	125	215
2	125	216
2	125	217
2	125	218
2	125	219
2	125	224
2	125	225
2	125	226
2	125	227
2	125	228
2	125	229
2	125	230
2	125	231
2	125	232
2	125	233
2	125	234
2	125	235
2	125	236
2	125	237
2	125	238
2	125	239
2	125	240
2	125	241
2	125	242
2	125	243
2	125	244
2	125	245
2	125	250
2	125	258
2	125	264
2	125	282
2	124	44
2	124	53
2	124	54
2	124	76
2	124	80
2	124	93
2	124	117
2	124	118
2	124	119
2	124	120
2	124	121
2	124	122
2	124	123
2	124	126
2	124	127
2	124	128
2	124	150
2	124	151
2	124	152
2	124	153
2	124	154
2	124	155
2	124	156
2	124	157
2	124	158
2	124	159
2	124	179
2	124	186
2	124	187
2	124	188
2	124	192
2	124	200
2	124	207
2	124	209
2	124	210
2	124	211
2	124	212
2	124	213
2	124	214
2	124	215
2	124	216
2	124	217
2	124	218
2	124	219
2	124	220
2	124	224
2	124	225
2	124	226
2	124	227
2	124	228
2	124	229
2	124	230
2	124	231
2	124	232
2	124	233
2	124	234
2	124	235
2	124	236
2	124	237
2	124	238
2	124	239
2	124	240
2	124	241
2	124	242
2	124	243
2	124	244
2	124	245
2	124	250
2	124	259
2	124	265
2	124	266
2	124	281
2	123	43
2	123	53
2	123	54
2	123	75
2	123	80
2	123	94
2	123	124
2	123	125
2	123	126
2	123	127
2	123	128
2	123	151
2	123	152
2	123	153
2	123	154
2	123	155
2	123	156
2	123	157
2	123	158
2	123	159
2	123	180
2	123	187
2	123	188
2	123	189
2	123	192
2	123	201
2	123	210
2	123	211
2	123	212
2	123	213
2	123	214
2	123	215
2	123	216
2	123	217
2	123	218
2	123	219
2	123	220
2	123	225
2	123	226
2	123	227
2	123	228
2	123	229
2	123	230
2	123	231
2	123	232
2	123	233
2	123	234
2	123	235
2	123	236
2	123	237
2	123	238
2	123	239
2	123	240
2	123	241
2	123	242
2	123	243
2	123	244
2	123	245
2	123	251
2	123	259
2	123	267
2	123	281
2	122	42
2	122	54
2	122	81
2	122	125
2	122	126
2	122	127
2	122	151
2	122	152
2	122	153
2	122	154
2	122	155
2	122	156
2	122	157
2	122	158
2	122	159
2	122	187
2	122	188
2	122	189
2	122	190
2	122	192
2	122	202
2	122	210
2	122	211
2	122	212
2	122	213
2	122	214
2	122	215
2	122	216
2	122	217
2	122	218
2	122	219
2	122	220
2	122	221
2	122	222
2	122	226
2	122	227
2	122	228
2	122	229
2	122	230
2	122	231
2	122	232
2	122	233
2	122	234
2	122	235
2	122	236
2	122	237
2	122	238
2	122	239
2	122	240
2	122	241
2	122	242
2	122	243
2	122	244
2	122	245
2	122	251
2	122	252
2	122	259
2	122	268
2	122	280
2	121	41
2	121	54
2	121	55
2	121	56
2	121	57
2	121	58
2	121	81
2	121	125
2	121	126
2	121	127
2	121	150
2	121	151
2	121	152
2	121	153
2	121	154
2	121	155
2	121	156
2	121	157
2	121	158
2	121	159
2	121	188
2	121	189
2	121	190
2	121	193
2	121	202
2	121	210
2	121	211
2	121	212
2	121	213
2	121	214
2	121	215
2	121	216
2	121	217
2	121	218
2	121	219
2	121	220
2	121	221
2	121	222
2	121	232
2	121	233
2	121	234
2	121	235
2	121	236
2	121	237
2	121	238
2	121	239
2	121	240
2	121	241
2	121	242
2	121	243
2	121	244
2	121	245
2	121	251
2	121	252
2	121	269
2	121	280
2	120	40
2	120	55
2	120	56
2	120	57
2	120	58
2	120	59
2	120	81
2	120	124
2	120	125
2	120	126
2	120	150
2	120	151
2	120	152
2	120	153
2	120	154
2	120	155
2	120	156
2	120	157
2	120	158
2	120	159
2	120	188
2	120	189
2	120	194
2	120	195
2	120	196
2	120	202
2	120	211
2	120	212
2	120	213
2	120	214
2	120	215
2	120	216
2	120	217
2	120	218
2	120	219
2	120	220
2	120	221
2	120	222
2	120	223
2	120	233
2	120	234
2	120	235
2	120	236
2	120	237
2	120	238
2	120	239
2	120	240
2	120	241
2	120	242
2	120	243
2	120	244
2	120	245
2	120	251
2	120	253
2	120	269
2	120	279
2	119	32
2	119	33
2	119	34
2	119	35
2	119	38
2	119	39
2	119	58
2	119	59
2	119	60
2	119	81
2	119	123
2	119	124
2	119	125
2	119	150
2	119	151
2	119	152
2	119	153
2	119	154
2	119	155
2	119	156
2	119	157
2	119	158
2	119	159
2	119	172
2	119	173
2	119	188
2	119	189
2	119	197
2	119	203
2	119	211
2	119	212
2	119	213
2	119	214
2	119	215
2	119	216
2	119	217
2	119	218
2	119	219
2	119	220
2	119	221
2	119	222
2	119	223
2	119	229
2	119	230
2	119	231
2	119	232
2	119	236
2	119	237
2	119	238
2	119	239
2	119	240
2	119	241
2	119	242
2	119	243
2	119	244
2	119	251
2	119	253
2	119	270
2	119	278
2	118	29
2	118	30
2	118	31
2	118	36
2	118	37
2	118	59
2	118	60
2	118	61
2	118	82
2	118	123
2	118	124
2	118	149
2	118	150
2	118	151
2	118	152
2	118	153
2	118	154
2	118	155
2	118	156
2	118	157
2	118	158
2	118	159
2	118	160
2	118	172
2	118	173
2	118	174
2	118	189
2	118	190
2	118	198
2	118	204
2	118	205
2	118	212
2	118	213
2	118	218
2	118	219
2	118	220
2	118	228
2	118	238
2	118	239
2	118	240
2	118	241
2	118	242
2	118	243
2	118	251
2	118	254
2	118	271
2	118	274
2	118	275
2	118	276
2	118	277
2	117	28
2	117	59
2	117	60
2	117	61
2	117	82
2	117	123
2	117	124
2	117	147
2	117	148
2	117	149
2	117	150
2	117	151
2	117	152
2	117	153
2	117	154
2	117	155
2	117	156
2	117	157
2	117	159
2	117	160
2	117	161
2	117	169
2	117	170
2	117	171
2	117	172
2	117	173
2	117	174
2	117	175
2	117	176
2	117	188
2	117	189
2	117	190
2	117	191
2	117	201
2	117	202
2	117	203
2	117	204
2	117	205
2	117	206
2	117	207
2	117	218
2	117	227
2	117	238
2	117	239
2	117	240
2	117	241
2	117	242
2	117	243
2	117	255
2	117	272
2	117	273
2	116	27
2	116	60
2	116	61
2	116	81
2	116	122
2	116	123
2	116	124
2	116	147
2	116	148
2	116	149
2	116	150
2	116	151
2	116	152
2	116	153
2	116	154
2	116	155
2	116	156
2	116	157
2	116	162
2	116	163
2	116	167
2	116	168
2	116	169
2	116	170
2	116	171
2	116	172
2	116	173
2	116	174
2	116	175
2	116	176
2	116	177
2	116	179
2	116	180
2	116	188
2	116	189
2	116	190
2	116	191
2	116	201
2	116	202
2	116	203
2	116	204
2	116	205
2	116	206
2	116	207
2	116	208
2	116	217
2	116	226
2	116	238
2	116	239
2	116	240
2	116	241
2	116	242
2	116	256
2	116	272
2	115	60
2	115	61
2	115	62
2	115	81
2	115	121
2	115	122
2	115	123
2	115	147
2	115	148
2	115	149
2	115	150
2	115	151
2	115	152
2	115	153
2	115	154
2	115	155
2	115	156
2	115	164
2	115	165
2	115	166
2	115	172
2	115	173
2	115	175
2	115	176
2	115	177
2	115	179
2	115	189
2	115	190
2	115	202
2	115	203
2	115	204
2	115	205
2	115	206
2	115	207
2	115	209
2	115	217
2	115	272
2	114	60
2	114	61
2	114	62
2	114	63
2	114	64
2	114	81
2	114	121
2	114	122
2	114	146
2	114	147
2	114	148
2	114	149
2	114	150
2	114	151
2	114	152
2	114	153
2	114	154
2	114	155
2	114	156
2	114	164
2	114	188
2	114	189
2	114	190
2	114	201
2	114	202
2	114	203
2	114	204
2	114	205
2	114	206
2	114	207
2	114	208
2	114	210
2	114	217
2	114	273
2	113	59
2	113	60
2	113	61
2	113	63
2	113	64
2	113	65
2	113	66
2	113	81
2	113	118
2	113	119
2	113	120
2	113	121
2	113	122
2	113	146
2	113	147
2	113	148
2	113	149
2	113	150
2	113	151
2	113	152
2	113	153
2	113	154
2	113	155
2	113	156
2	113	157
2	113	164
2	113	188
2	113	191
2	113	201
2	113	202
2	113	203
2	113	204
2	113	205
2	113	206
2	113	207
2	113	210
2	113	217
2	112	56
2	112	57
2	112	58
2	112	59
2	112	60
2	112	61
2	112	64
2	112	65
2	112	66
2	112	67
2	112	118
2	112	145
2	112	146
2	112	147
2	112	148
2	112	149
2	112	150
2	112	151
2	112	152
2	112	153
2	112	154
2	112	155
2	112	156
2	112	157
2	112	164
2	112	189
2	112	192
2	112	201
2	112	202
2	112	203
2	112	204
2	112	205
2	112	211
2	112	217
2	111	55
2	111	56
2	111	57
2	111	58
2	111	59
2	111	65
2	111	66
2	111	67
2	111	109
2	111	117
2	111	145
2	111	146
2	111	147
2	111	148
2	111	149
2	111	150
2	111	151
2	111	152
2	111	153
2	111	154
2	111	155
2	111	156
2	111	165
2	111	188
2	111	193
2	111	194
2	111	202
2	111	203
2	111	204
2	111	205
2	111	211
2	111	217
2	110	55
2	110	56
2	110	66
2	110	67
2	110	68
2	110	69
2	110	110
2	110	111
2	110	112
2	110	113
2	110	116
2	110	145
2	110	146
2	110	147
2	110	148
2	110	149
2	110	150
2	110	151
2	110	152
2	110	153
2	110	154
2	110	155
2	110	188
2	110	195
2	110	196
2	110	197
2	110	198
2	110	212
2	110	218
2	109	55
2	109	56
2	109	67
2	109	68
2	109	69
2	109	70
2	109	71
2	109	114
2	109	115
2	109	142
2	109	143
2	109	144
2	109	145
2	109	146
2	109	147
2	109	148
2	109	149
2	109	150
2	109	151
2	109	152
2	109	153
2	109	154
2	109	188
2	109	196
2	109	197
2	109	198
2	109	199
2	109	212
2	108	55
2	108	68
2	108	69
2	108	72
2	108	73
2	108	74
2	108	114
2	108	144
2	108	145
2	108	146
2	108	147
2	108	148
2	108	149
2	108	150
2	108	151
2	108	152
2	108	153
2	108	154
2	108	187
2	108	197
2	108	198
2	108	199
2	107	55
2	107	56
2	107	57
2	107	68
2	107	69
2	107	114
2	107	144
2	107	145
2	107	146
2	107	147
2	107	148
2	107	149
2	107	150
2	107	151
2	107	152
2	107	153
2	107	187
2	107	198
2	107	199
2	106	56
2	106	57
2	106	58
2	106	68
2	106	108
2	106	114
2	106	115
2	106	144
2	106	145
2	106	146
2	106	147
2	106	148
2	106	149
2	106	150
2	106	151
2	106	152
2	106	153
2	106	187
2	106	200
2	105	45
2	105	46
2	105	47
2	105	48
2	105	49
2	105	50
2	105	52
2	105	53
2	105	54
2	105	55
2	105	56
2	105	57
2	105	58
2	105	68
2	105	109
2	105	110
2	105	111
2	105	112
2	105	113
2	105	114
2	105	115
2	105	144
2	105	145
2	105	146
2	105	147
2	105	148
2	105	149
2	105	150
2	105	151
2	105	187
2	105	201
2	104	43
2	104	44
2	104	51
2	104	56
2	104	57
2	104	58
2	104	69
2	104	113
2	104	114
2	104	115
2	104	144
2	104	145
2	104	146
2	104	147
2	104	148
2	104	149
2	104	150
2	104	188
2	104	202
2	104	203
2	103	41
2	103	42
2	103	56
2	103	57
2	103	69
2	103	98
2	103	99
2	103	112
2	103	113
2	103	114
2	103	115
2	103	144
2	103	145
2	103	146
2	103	147
2	103	148
2	103	149
2	103	150
2	103	188
2	103	204
2	102	40
2	102	56
2	102	57
2	102	70
2	102	100
2	102	101
2	102	111
2	102	112
2	102	113
2	102	144
2	102	145
2	102	146
2	102	147
2	102	148
2	102	149
2	102	189
2	101	34
2	101	35
2	101	36
2	101	37
2	101	38
2	101	39
2	101	56
2	101	57
2	101	58
2	101	71
2	101	102
2	101	103
2	101	104
2	101	105
2	101	111
2	101	112
2	101	144
2	101	145
2	101	146
2	101	147
2	101	148
2	101	149
2	101	189
2	100	57
2	100	58
2	100	71
2	100	106
2	100	107
2	100	108
2	100	109
2	100	111
2	100	112
2	100	144
2	100	145
2	100	146
2	100	147
2	100	148
2	100	189
2	99	57
2	99	58
2	99	59
2	99	71
2	99	110
2	99	111
2	99	112
2	99	144
2	99	145
2	99	146
2	99	147
2	99	148
2	99	189
2	98	57
2	98	58
2	98	59
2	98	72
2	98	109
2	98	110
2	98	111
2	98	112
2	98	143
2	98	144
2	98	145
2	98	146
2	98	147
2	98	148
2	98	190
2	97	57
2	97	58
2	97	72
2	97	108
2	97	109
2	97	110
2	97	111
2	97	143
2	97	144
2	97	145
2	97	146
2	97	147
2	97	148
2	96	56
2	96	57
2	96	58
2	96	59
2	96	73
2	96	107
2	96	108
2	96	109
2	96	142
2	96	143
2	96	144
2	96	145
2	96	146
2	96	147
2	96	148
2	96	149
2	96	150
2	95	56
2	95	57
2	95	58
2	95	59
2	95	95
2	95	106
2	95	141
2	95	142
2	95	143
2	95	144
2	95	145
2	95	146
2	95	147
2	95	148
2	95	149
2	95	150
2	94	56
2	94	57
2	94	58
2	94	59
2	94	96
2	94	105
2	94	140
2	94	141
2	94	142
2	94	143
2	94	144
2	94	145
2	94	146
2	94	147
2	94	148
2	94	149
2	94	150
2	93	57
2	93	58
2	93	59
2	93	60
2	93	97
2	93	104
2	93	139
2	93	140
2	93	141
2	93	142
2	93	143
2	93	144
2	93	145
2	93	146
2	93	147
2	93	148
2	93	149
2	93	150
2	92	57
2	92	58
2	92	59
2	92	60
2	92	61
2	92	62
2	92	98
2	92	104
2	92	141
2	92	142
2	92	143
2	92	150
2	92	151
2	91	56
2	91	57
2	91	58
2	91	63
2	91	99
2	91	103
2	91	150
2	91	151
2	90	55
2	90	56
2	90	57
2	90	58
2	90	64
2	90	100
2	90	103
2	89	55
2	89	56
2	89	57
2	89	58
2	89	64
2	89	101
2	89	103
2	88	54
2	88	55
2	88	56
2	88	57
2	88	65
2	88	101
2	88	102
2	87	53
2	87	54
2	87	55
2	87	56
2	87	65
2	87	101
2	86	53
2	86	54
2	86	55
2	86	56
2	86	64
2	86	94
2	86	100
2	85	52
2	85	53
2	85	54
2	85	55
2	85	95
2	85	99
2	84	30
2	84	51
2	84	52
2	84	53
2	84	54
2	84	94
2	84	95
2	84	96
2	84	99
2	83	28
2	83	29
2	83	50
2	83	51
2	83	52
2	83	53
2	83	54
2	83	96
2	83	97
2	83	99
2	82	26
2	82	27
2	82	49
2	82	50
2	82	51
2	82	52
2	82	53
2	82	97
2	82	98
2	81	23
2	81	25
2	81	48
2	81	49
2	81	50
2	81	51
2	81	52
2	81	53
2	81	97
2	80	21
2	80	22
2	80	23
2	80	24
2	80	47
2	80	48
2	80	49
2	80	50
2	80	51
2	80	54
2	80	96
2	79	24
2	79	47
2	79	48
2	79	49
2	79	50
2	79	54
2	79	95
2	78	25
2	78	44
2	78	45
2	78	46
2	78	47
2	78	48
2	78	55
2	78	94
2	77	25
2	77	43
2	77	44
2	77	45
2	77	46
2	77	47
2	77	48
2	77	55
2	77	93
2	76	18
2	76	26
2	76	43
2	76	44
2	76	45
2	76	46
2	76	47
2	76	48
2	76	55
2	76	84
2	76	92
2	75	15
2	75	16
2	75	17
2	75	19
2	75	20
2	75	25
2	75	26
2	75	27
2	75	42
2	75	43
2	75	44
2	75	45
2	75	47
2	75	48
2	75	49
2	75	56
2	75	85
2	75	86
2	75	87
2	75	92
2	74	13
2	74	14
2	74	21
2	74	24
2	74	28
2	74	37
2	74	38
2	74	39
2	74	40
2	74	41
2	74	42
2	74	43
2	74	44
2	74	45
2	74	48
2	74	49
2	74	56
2	74	88
2	74	91
2	73	22
2	73	23
2	73	28
2	73	35
2	73	36
2	73	37
2	73	38
2	73	39
2	73	40
2	73	41
2	73	42
2	73	43
2	73	44
2	73	48
2	73	49
2	73	56
2	73	89
2	73	91
2	72	29
2	72	30
2	72	34
2	72	35
2	72	36
2	72	37
2	72	38
2	72	39
2	72	40
2	72	41
2	72	42
2	72	49
2	72	57
2	72	90
2	72	91
2	71	29
2	71	30
2	71	31
2	71	32
2	71	33
2	71	34
2	71	35
2	71	36
2	71	40
2	71	41
2	71	49
2	71	57
2	71	89
2	71	90
2	70	30
2	70	31
2	70	32
2	70	33
2	70	34
2	70	35
2	70	41
2	70	42
2	70	49
2	70	89
2	69	31
2	69	32
2	69	33
2	69	34
2	69	41
2	69	42
2	69	50
2	69	88
2	68	31
2	68	32
2	68	33
2	68	41
2	68	42
2	68	50
2	68	87
2	67	30
2	67	31
2	67	32
2	67	33
2	67	42
2	67	49
2	67	87
2	66	30
2	66	31
2	66	32
2	66	42
2	66	49
2	66	85
2	66	86
2	66	87
2	65	29
2	65	30
2	65	31
2	65	32
2	65	42
2	65	49
2	65	84
2	65	85
2	65	86
2	64	29
2	64	30
2	64	31
2	64	32
2	64	42
2	64	49
2	64	84
2	64	85
2	63	14
2	63	27
2	63	28
2	63	29
2	63	30
2	63	31
2	63	32
2	63	42
2	63	49
2	63	83
2	63	84
2	63	85
2	62	15
2	62	25
2	62	26
2	62	27
2	62	28
2	62	29
2	62	30
2	62	31
2	62	32
2	62	42
2	62	49
2	62	80
2	62	81
2	62	82
2	62	83
2	62	84
2	61	16
2	61	17
2	61	18
2	61	19
2	61	20
2	61	25
2	61	26
2	61	27
2	61	28
2	61	29
2	61	31
2	61	32
2	61	50
2	61	79
2	61	80
2	61	81
2	61	82
2	61	83
2	61	84
2	60	18
2	60	19
2	60	20
2	60	21
2	60	22
2	60	23
2	60	24
2	60	25
2	60	26
2	60	27
2	60	28
2	60	29
2	60	31
2	60	32
2	60	50
2	60	78
2	60	79
2	60	80
2	60	81
2	60	82
2	60	83
2	59	20
2	59	21
2	59	22
2	59	23
2	59	24
2	59	25
2	59	26
2	59	29
2	59	32
2	59	51
2	59	78
2	59	79
2	58	18
2	58	19
2	58	20
2	58	21
2	58	22
2	58	23
2	58	24
2	58	25
2	58	26
2	58	32
2	58	51
2	58	78
2	58	79
2	58	80
2	57	18
2	57	19
2	57	20
2	57	21
2	57	22
2	57	25
2	57	26
2	57	33
2	57	52
2	57	78
2	57	79
2	57	80
2	57	81
2	56	33
2	56	34
2	56	35
2	56	36
2	56	37
2	56	52
2	56	78
2	56	79
2	56	80
2	56	81
2	56	82
2	55	34
2	55	77
2	55	78
2	55	79
2	55	82
2	54	34
2	54	75
2	54	76
2	54	77
2	54	78
2	54	82
2	53	33
2	53	74
2	53	75
2	53	76
2	53	77
2	53	83
2	52	33
2	52	72
2	52	73
2	52	74
2	52	75
2	51	33
2	51	34
2	51	72
2	51	73
2	51	74
2	50	33
2	50	35
2	50	71
2	50	72
2	50	73
2	50	74
2	49	32
2	49	36
2	49	71
2	49	72
2	49	73
2	48	32
2	48	37
2	48	71
2	48	72
2	47	31
2	47	38
2	47	39
2	47	68
2	47	69
2	47	70
2	47	71
2	47	72
2	46	31
2	46	40
2	46	67
2	46	68
2	46	69
2	46	70
2	46	71
2	46	72
2	45	30
2	45	66
2	45	67
2	45	68
2	45	69
2	45	70
2	45	71
2	45	72
2	44	30
2	44	66
2	44	67
2	44	68
2	44	69
2	44	70
2	44	71
2	44	72
2	43	30
2	43	65
2	43	66
2	43	67
2	43	68
2	42	30
2	42	62
2	42	63
2	42	64
2	42	65
2	42	66
2	42	67
2	42	68
2	41	30
2	41	62
2	41	63
2	41	64
2	41	65
2	41	66
2	41	67
2	41	68
2	41	69
2	40	30
2	40	59
2	40	60
2	40	61
2	40	62
2	40	63
2	40	64
2	40	65
2	40	68
2	40	69
2	40	70
2	40	71
2	39	31
2	39	59
2	39	60
2	39	61
2	39	62
2	39	63
2	39	64
2	39	69
2	39	70
2	39	71
2	39	72
2	38	59
2	38	60
2	38	61
2	38	62
2	38	63
2	38	72
2	37	57
2	37	58
2	37	59
2	37	60
2	37	61
2	37	62
2	37	63
2	37	73
2	37	74
2	36	56
2	36	57
2	36	58
2	36	59
2	36	60
2	36	61
2	36	62
2	36	75
2	36	76
2	36	77
2	36	78
2	35	55
2	35	56
2	35	57
2	35	58
2	35	59
2	35	60
2	35	61
2	35	62
2	35	78
2	34	54
2	34	55
2	34	56
2	34	57
2	34	58
2	34	59
2	34	60
2	34	61
2	34	62
2	34	63
2	34	64
2	33	53
2	33	54
2	33	55
2	33	56
2	33	57
2	33	61
2	33	62
2	33	63
2	33	64
2	32	52
2	32	53
2	32	54
2	32	55
2	32	56
2	32	62
2	32	63
2	32	64
2	32	65
2	32	66
2	31	50
2	31	51
2	31	52
2	31	53
2	31	54
2	31	55
2	31	64
2	31	65
2	31	66
2	30	50
2	30	51
2	30	52
2	30	53
2	29	49
2	29	50
2	29	51
2	29	52
2	28	48
2	28	49
2	28	50
2	28	51
2	28	52
2	27	46
2	27	47
2	27	48
2	27	49
2	27	50
2	27	51
2	26	45
2	26	46
2	26	47
2	26	48
2	26	49
2	25	43
2	25	44
2	25	45
2	25	46
2	25	47
2	25	48
2	24	42
2	24	43
2	24	44
2	24	45
2	24	46
2	23	39
2	23	40
2	23	41
2	23	42
2	23	43
2	23	44
2	22	39
2	22	40
2	22	41
2	22	42
2	22	43
2	22	44
2	22	45
2	22	46
2	21	39
2	21	40
2	21	41
2	21	42
2	21	43
2	21	44
2	21	45
2	21	46
2	21	47
2	20	37
2	20	38
2	20	39
2	20	40
2	20	42
2	20	43
2	19	37
2	19	38
2	19	39
2	18	32
2	18	33
2	18	34
2	18	35
2	18	36
2	18	37
2	18	38
2	18	39
2	17	32
2	17	33
2	17	34
2	17	35
2	17	36
2	17	37
2	17	38
2	17	39
2	17	40
2	16	36
2	16	37
2	16	38
2	16	39
2	16	40
2	15	36
2	15	37
2	15	39
2	15	40
2	14	36
2	14	37
2	14	40
2	13	35
2	13	36
2	13	37
2	12	35
2	12	36
2	12	37
2	11	35
2	11	36
2	11	37
2	11	38
2	11	39
2	10	35
2	10	36
2	10	37
2	10	38
2	10	39
2	10	40
2	10	41
2	9	34
2	9	35
2	9	36
2	9	37
2	9	39
2	9	40
2	9	41
2	9	42
2	8	34
2	8	35
2	8	36
2	8	37
